idx,smiles,score,Group,Label,W
485,"CCc1ccc(CC)c([C@H](NC)C(F)(F)C(F)F)c1
",0.44066715,A,0,1.0
38214,"CC1(C)CCCN1C(=O)Cn1c(=O)oc2ccccc21
",0.4406149,A,0,1.0
5929,"O=S(=O)(NCC[NH+]1CCC(c2cccs2)CC1)c1ccccc1Br
",0.4406067,A,0,1.0
24484,"Cc1nn(Cc2ccc(F)cc2)c(Cl)c1CN1CCN(C(=O)[C@H](C)O)CC1
",0.44051078,A,0,1.0
15195,"C[C@H]1CCCN(c2cccc(N)[nH+]2)C1
",0.44063166,A,0,1.0
37548,"COc1ccccc1C(=O)N1CC[C@H](C)C[C@@H]1c1ccco1
",0.4405837,A,0,1.0
16594,"O=C(c1cccs1)N1CCc2ccc(NS(=O)(=O)c3ccccc3Br)cc21
",0.44050577,A,0,1.0
30549,"CC(C)(C)c1cc(NC(=O)c2cccs2)no1
",0.4406349,A,0,1.0
12611,"CCc1cnc(CNC(=O)Nc2cccc([C@@H](C)OC)c2)s1
",0.440536,A,0,1.0
23150,"Cc1ccc(NC(=O)CSc2ccc(N3CCC(C(=O)N4CCCCC4)CC3)nn2)cc1F
",0.4404633,A,0,1.0
4541,"C[C@H](CNC(=O)[C@H](O)c1ccccc1)Oc1ccc(F)cc1
",0.44064805,A,0,1.0
16340,"CNC(=O)c1cc(NC(=O)[C@H](C)[NH+]2CCCCCC2)ccc1Cl
",0.44059443,A,0,1.0
35481,"CC(=O)c1sc(N2C(=O)C([O-])=C(C(=O)c3ccncc3)[C@@H]2c2cccc([N+](=O)[O-])c2)nc1C
",0.44051874,A,0,1.0
17853,"CCC[C@@H]1C[C@H]1NC(=O)C(=O)Nc1nnc(C(C)(C)c2ccccc2)s1
",0.4405817,A,0,1.0
21824,"CC(=O)Oc1cn(OC(C)=O)c2ccccc12
",0.44068396,A,0,1.0
10355,"Cc1nn(-c2ccccc2)cc1CN1CCN([C@@H](C)C(=O)N2CCCC2)CC1
",0.44057038,A,0,1.0
28879,"CCC(C)(C)c1ccc(C[NH2+][C@@H](C)CC(N)=O)cc1
",0.4406627,A,0,1.0
26677,"O=C(NC1(c2ccc(F)cc2F)CCCC1)C1=CCCCO1
",0.44059393,A,0,1.0
29879,"O=C(NCCCOC[C@@H]1CCOC1)N1CC=C(c2ccccc2Cl)CC1
",0.44048885,A,0,1.0
37267,"COc1ccccc1[C@@H]1CCCN1C(=O)Nc1cccc2cnccc12
",0.44051933,A,0,1.0
16258,"Cc1cccc(-c2cccc(CNC(=O)NC[C@H](C)C[C@H](C)O)c2)c1
",0.4405827,A,0,1.0
721,"COc1ccc(/C=C2/SC(=O)N(CC(=O)Nc3ccc(F)cc3)C2=O)cc1OC
",0.44053775,A,0,1.0
10281,"O=C1[C@H]2CCCCN2C(=O)CCN1C[C@@H]1CCS(=O)(=O)C1
",0.4406474,A,0,1.0
12736,"Cc1nnsc1C(=O)NC[C@]1(O)CCc2ccccc2C1
",0.44060436,A,0,1.0
30791,"C[C@H](NC(=O)c1ccc(Cl)cc1)C(=O)Nc1nc2c(s1)COCC2
",0.44053483,A,0,1.0
6158,"CC(=O)N[C@H]1CCCN(S(=O)(=O)c2cnn(-c3ccccc3)c2)C1
",0.4405848,A,0,1.0
2124,"CC[C@H](C#N)CNc1nc(Cl)nc(NC(C)C)n1
",0.4406642,A,0,1.0
21978,"Cc1cc(C)n(-c2ccc(C(=O)N[C@@H](Cc3ccccc3)C3CC3)cn2)n1
",0.4405157,A,0,1.0
6267,"O=C(NCCCc1n[nH]c(=O)[nH]1)c1cc(C2CC2)nc2ccc(F)cc12
",0.44047147,A,0,1.0
25970,"CC(C)n1nccc1-c1nnc(NC(=O)c2cccc(S(C)(=O)=O)c2)o1
",0.44053078,A,0,1.0
11381,"COC(=O)c1ccc(/C=c2/sc3n(c2=O)C(N)=C(C#N)[C@@H](c2ccc(C(=O)OC)cc2)C=3C#N)cc1
",0.44056386,A,0,1.0
1904,"Cc1n[nH]c2cc(NC(=O)CCc3ccncc3)ccc12
",0.44058588,A,0,1.0
32472,"COc1ccccc1CNC(=O)[C@@H](C)Sc1cccc(F)c1
",0.4405877,A,0,1.0
8732,"Cc1cc(C(=O)N2CCC[C@H]2C(=O)Nc2ccc(NCc3ccccc3)c(Cl)c2)ccc1[N+](=O)[O-]
",0.44040594,A,0,1.0
3371,"O=C(Nc1cccc2c1CCCC2)c1cc(S(=O)(=O)N2CCSCC2)c[nH]1
",0.44053558,A,0,1.0
6745,"Cc1ccc(CN2C(=O)c3[nH]nc(-c4ccccc4)c3[C@H]2c2cccc(F)c2)cc1
",0.44053572,A,0,1.0
37926,"O=C(Cn1cc([N+](=O)[O-])ccc1=O)Nc1ncc(Cl)cc1Cl
",0.44056177,A,0,1.0
27981,"CCCN(C)C(=O)c1cc2c(cc1Br)n(C)c(=O)n2C
",0.44065273,A,0,1.0
34503,"CCOc1ccc(NC(=O)N[C@@H]2CCC[C@H](S(C)(=O)=O)C2)cc1F
",0.44056737,A,0,1.0
1745,"CCC[C@@H](C)N(C)c1cc2c(cc1Cl)C(=O)C(=O)N2
",0.44061938,A,0,1.0
17690,"COC(=O)C1=C(N)Oc2c(c(=O)oc3ccccc23)[C@@H]1c1cccc(Cl)c1
",0.44050884,A,0,1.0
639,"CCCNC(=S)NNC(=O)c1ccc(C)c(OC)c1
",0.44059843,A,0,1.0
2940,"COC(=O)c1ccc(C[NH2+]CC[C@H]2CCCO2)[nH]1
",0.44060332,A,0,1.0
37744,"CC(C)C1CCC(C#N)(C2(O)CC[NH+](C(C)C)CC2)CC1
",0.44069514,A,0,1.0
5286,"COc1ccc(N2CCN(c3ccc(=O)n(CC(=O)NC4CCCCCC4)n3)CC2)cc1
",0.44051763,A,0,1.0
23338,"CCCC[C@@H](CC1CCC1)[NH2+]C
",0.4407453,A,0,1.0
33909,"N#C[C@H](COC(=O)[C@@H]1Cc2ccccc2C(=O)O1)Cc1ccccc1
",0.44054604,A,0,1.0
313,"CC(C)(C)c1ccc(C(=O)C[C@H](C(=O)[O-])[NH+]2CCCC2)cc1
",0.44066143,A,0,1.0
17498,"CCC(=O)Nc1ccccc1-c1nc2ccccc2n([C@@H](C)C(=O)Nc2cccc(C#N)c2)c1=O
",0.44046137,A,0,1.0
6420,"CCC[C@@H]1[C@@H](C)CCCN1C(=O)NCCCCn1cnnc1
",0.44060397,A,0,1.0
17586,"O=C1NC(=O)[C@H](Cc2ccc(-n3cccn3)cc2)S1
",0.44062304,A,0,1.0
25589,"CCOCCCC(=O)N1CC[C@@H](C(N)=O)c2ccccc21
",0.44057631,A,0,1.0
12062,"CNC(=O)NC(=O)[C@H](C)Oc1ccc(S(C)(=O)=O)cc1
",0.44068092,A,0,1.0
11233,"O=C(NCc1ccccc1CN1CCOCC1)N[C@@H]1CCCC[C@@H]1CO
",0.44052097,A,0,1.0
25079,"CCc1ccc(N2C[C@@H](C(=O)Nc3ccc4ccccc4c3)CC2=O)cc1
",0.44049436,A,0,1.0
3109,"COc1cccc(Oc2ncc(-c3cccc(C(=O)NCc4ccc(F)cc4)c3)cn2)c1
",0.44049218,A,0,1.0
18503,"Cc1ccc(NC(=O)CS[C@H]2NN[C@@H]([C@@H]3C=C(c4ccccc4)N=N3)N2N)cc1Cl
",0.44054762,A,0,1.0
15026,"O=C(NC1CC1)c1ccc(-c2cccc([C@@H]3C=CN=[NH+]3)c2)o1
",0.440579,A,0,1.0
13002,"O=S1(=O)C[C@H](NC(=S)Oc2ccc3ccccc3c2)[C@@H](Cl)C1
",0.4406074,A,0,1.0
23900,"C[C@@H]1C[C@@H]1c1ccc(/C=C/C(=O)N(C)CC(=O)Nc2cccc(F)c2)o1
",0.44050205,A,0,1.0
25083,"CC(C)[C@H](NC(=O)c1nnc2ccnn2c1[O-])C(=O)NC1CCCC1
",0.44059426,A,0,1.0
16575,"COc1cccc([C@H](CNC(=O)C2CCN(C(=O)c3ccc(Br)cc3)CC2)[NH+](C)C)c1
",0.44051588,A,0,1.0
27778,"C[C@H](NS(=O)(=O)CC1CCC1)c1ccc(F)cc1Cl
",0.44059226,A,0,1.0
1917,"CC[C@H](C)N1C(=O)CC[C@H]1c1c(C)n(C)c2ccccc12
",0.44055912,A,0,1.0
21488,"CCc1nn(C)c(C[C@]2(O)CC(C)(C)OC2(C)C)c1Br
",0.4406717,A,0,1.0
33468,"Cc1ccc(N2C(=O)N(Cc3cccc(C#N)c3)S(=O)(=O)c3cccnc32)cc1
",0.44054586,A,0,1.0
20185,"Cc1ccc(C)c(C(=O)OCC(=O)NCc2ccc3c(c2)OCO3)c1
",0.44058377,A,0,1.0
2406,"COCc1ccccc1NC(=O)CSCc1cn2cc(C)ccc2n1
",0.44054762,A,0,1.0
25132,"C[C@H]1CN(C2(C(=O)N(C)C)Cc3ccccc3C2)C[C@@H](C)O1
",0.44063523,A,0,1.0
13546,"CCc1noc(C)c1NC(=O)C(=O)NCC1(C)Cc2ccccc2C1
",0.4406075,A,0,1.0
39197,"CCc1n[n-]c([S@@](=O)[C@H](C)C(=O)N[C@@H]2CCCC[C@@H]2C)n1
",0.44062448,A,0,1.0
19159,"CCOC(=O)N1CCN(C(=O)c2ccc(/C=C3\SC(=O)N(Cc4ccccc4)C3=O)cc2)CC1
",0.4405545,A,0,1.0
32784,"O=C(NN=Cc1ccc(OC(=O)c2ccc3c(c2)OCO3)cc1)c1ccc2c(c1)OCO2
",0.4406162,A,0,1.0
37948,"C[C@@H](NC(=O)N1CCC(NC(=O)c2ccccc2)CC1)c1ccc(F)cc1F
",0.44059065,A,0,1.0
26141,"CC(=O)N1CCCc2ccc(NC(=O)COc3ccccc3)cc21
",0.44051236,A,0,1.0
14869,"O=C(NC[C@H]1Cc2ccccc2O1)c1ccc([O-])nn1
",0.4405945,A,0,1.0
1059,"CCN1C=Cc2ccccc2/C1=C\C1=C/C(=C/c2sc3ccc(C)cc3[n+]2CC)CC(C)(C)C1
",0.44056162,A,0,1.0
11124,"Cc1ccc(C)c(OCCn2nc(C(C)(C)C)ccc2=O)c1
",0.44062382,A,0,1.0
34771,"COc1cc(C)c(/C=N/NC(=O)CC#N)cc1C(C)C
",0.4406288,A,0,1.0
19814,"N#Cc1ccc(COC(=O)[C@@H]2CCCN2C2=NS(=O)(=O)c3ccccc32)c(F)c1
",0.44050634,A,0,1.0
39261,"CCc1nnc(C2(c3cccc(Br)c3)CCOCC2)o1
",0.44060597,A,0,1.0
20534,"C[S@](=O)CCCNC(=O)Nc1cccc([N+](=O)[O-])c1
",0.4405969,A,0,1.0
2625,"CC(C)NC(=O)Nc1nc2c(s1)CN(CC(=O)Nc1ccc(Cl)cc1)CC2
",0.44047207,A,0,1.0
30877,"Cc1noc(CCN[C@@H](C)c2ccc(N3CCCCC3)c(F)c2)n1
",0.4405518,A,0,1.0
28822,"COc1cccc(CN(C)C(=O)c2cccc(C[S@](C)=O)c2)c1
",0.44060847,A,0,1.0
25647,"Cc1cccc(NC(=O)[C@@H]2CCCN(S(=O)(=O)Cc3ccccc3Cl)C2)c1
",0.44051638,A,0,1.0
22645,"COc1ccc(-c2cc(C(=O)Nc3nnc(C4CC4)s3)sc2C)cc1
",0.44051623,A,0,1.0
26158,"Cc1cc(NC(=O)c2csc(-c3cnccn3)n2)ccc1N(C)C
",0.44053105,A,0,1.0
21958,"CC(C)[C@@](C)(C#N)NS(=O)(=O)c1ccc(F)cc1Cl
",0.44060758,A,0,1.0
25781,"O=C(N[C@H](c1ccccc1)c1cccs1)[C@H]1CCCN(c2cnccn2)C1
",0.4405278,A,0,1.0
9179,"C[C@@H]1C[S@@](=O)CCN1CC(=O)Nc1cc(C(C)(C)C)nn1-c1ccccc1
",0.4405247,A,0,1.0
6161,"O=C(CCC1CCCCC1)NNS(=O)(=O)c1ccc(F)c(F)c1
",0.44060206,A,0,1.0
8346,"CC(C)[C@H](NC(=O)[C@H](Cc1ccccc1)n1c(=O)[nH]c2ccccc2c1=O)C(=O)[O-]
",0.44057602,A,0,1.0
5892,"CCN(C(=O)c1ccc2ccccc2n1)[C@@H](C)c1cc2ccccc2o1
",0.44056872,A,0,1.0
578,"COc1cccc(CNn2c(-c3cccc(C)c3)nc3ccccc3c2=O)c1O
",0.4405132,A,0,1.0
35794,"COc1ccc(Br)cc1/C=C/C(=O)N1C[C@H](C)C[C@@H](C)C1
",0.4405832,A,0,1.0
6943,"C[C@H]1[C@H](C(=O)[O-])[C@H](C)CC(=O)N1C1C(C)(C)C1(C)C
",0.4406966,A,0,1.0
16438,"Cc1cc(C)c(NC(=O)C[NH+](C)CC(=O)Nc2nncs2)c(C)c1
",0.4406685,A,0,1.0
37072,"CC(C)c1nc(C[NH+](C)Cc2nnc3ccccn23)cs1
",0.44064972,A,0,1.0
7656,"CC(C)c1ccc([C@H]2[C@@H]3[NH+]=c4ccccc4=C3C[C@H]3C(=O)N(Cc4ccco4)CC(=O)N32)cc1
",0.4405045,A,0,1.0
20909,"NNC(=O)c1ccn(COc2ccc(F)cc2[N+](=O)[O-])n1
",0.4406026,A,0,1.0
3529,"O=C(Cn1c(=O)cnc2ccccc21)Nc1ccc(SC(F)F)cc1
",0.44054544,A,0,1.0
15149,"CCOC(=O)CN(C(=O)[C@H]1C[C@@H]1C)c1ccc(F)cc1
",0.44061887,A,0,1.0
34585,"CCOc1ccccc1NC(=S)Nc1ccc(Cl)c(C(F)(F)F)c1
",0.44058657,A,0,1.0
27974,"Cc1ccc(S(=O)(=O)N2CCCCC2)cc1NC(=O)[C@@H]1CC(=O)N(c2ccc3c(c2)OCCO3)C1
",0.44050422,A,0,1.0
16496,"COc1cnc(NCc2cc3n(n2)CCCN(C(=O)N(C)C)C3)nc1
",0.44052753,A,0,1.0
10921,"O=C(C1CCN(c2ccc3nnc(-c4ccccc4Cl)n3n2)CC1)N1CCCC1
",0.4405322,A,0,1.0
1492,"CC(C)[NH+](C)C[C@H]1CN(C(=O)c2ccccc2)C[C@@H]1c1cccc(F)c1
",0.44056723,A,0,1.0
9172,"CCOC(=O)/C=C/c1ccc(NCC(=O)N2C[C@H](C)O[C@H](C)C2)cc1
",0.4405663,A,0,1.0
33522,"C[C@H]1CCc2c(C(=O)N3CCN(S(=O)(=O)c4cccs4)CC3)csc2C1
",0.44052285,A,0,1.0
26044,"CCCOC(=O)c1cccc(CC(=O)OC)c1N
",0.4406486,A,0,1.0
6119,"Cc1cc(C)nc(Sc2nc(C)nc3c2oc2ccccc23)n1
",0.4406511,A,0,1.0
978,"Cc1nc(C2(NC(=O)c3ccc4ccc(Cl)cc4n3)CCCC2)no1
",0.4405431,A,0,1.0
4181,"Clc1cc(Cl)cc(C[NH2+]Cc2cccc(Cn3cncn3)c2)c1
",0.44060892,A,0,1.0
5160,"Cc1ccc(C(=O)Nc2cccc(CNC(=O)CCc3c(C)nc4ncnn4c3C)c2)cc1
",0.44048932,A,0,1.0
10559,"CCCOC(=O)c1ccc(OC)c([N+](=O)[O-])c1
",0.44064078,A,0,1.0
39880,"N#Cc1ccncc1NC[C@H](O)c1ccncc1
",0.44067824,A,0,1.0
17096,"C=CCn1c(SCC(=O)Nc2cc(Cl)cc(Cl)c2)nnc1-c1ccco1
",0.4405612,A,0,1.0
5661,"O=C(Nc1c(F)cccc1N1CCCC1)C(=O)c1cnn(-c2ccccc2)c1
",0.44054136,A,0,1.0
32713,"CCOc1cc([C@@H]2c3c(oc4c(C)cc(C)cc4c3=O)C(=O)N2CCCOC)ccc1O
",0.44052964,A,0,1.0
35345,"Cc1ncccc1NC(=O)C(=O)N[C@H]1C[C@H]1c1ccccc1F
",0.44058064,A,0,1.0
2778,"C[C@H](Sc1ccccc1)c1nc(-c2cnccn2)no1
",0.4406079,A,0,1.0
8274,"CC(C)CNC(=O)C(=O)Nc1ccc(Cl)cc1C(=O)N1[C@H](C)CCC[C@H]1C
",0.4405353,A,0,1.0
10397,"O=C(NC1CC1)[C@H]1CCC[C@@H](NC(=O)[C@@H]2C[C@@H]2c2ccccc2)C1
",0.44065255,A,0,1.0
17536,"O=C(N[C@H]1CCCCNC1=O)c1ccc(N2CCC([NH2+]Cc3cnn(-c4ccccc4)n3)CC2)cc1
",0.44048682,A,0,1.0
17115,"CC(=O)Nc1cc(NC(=O)N[C@@H](c2ccccc2C)C(C)(C)C)ccc1F
",0.4405852,A,0,1.0
622,"C[C@H](O)[C@H](C)n1cc(C=O)nn1
",0.4407136,A,0,1.0
17170,"CCO[C@@H]1CC[C@](C#N)(NC2CC2)C1
",0.44070065,A,0,1.0
3338,"Cc1c(/C=C2/SC(=S)N(CCC(=O)[O-])C2=O)c(N2C[C@@H](C)C[C@H](C)C2)n(C)c(=O)c1C#N
",0.44055334,A,0,1.0
26486,"Cc1cc(C)nc(N/C(=N/C(=S)Nc2ccc(F)cc2)N2CCC(C(N)=O)CC2)n1
",0.44053766,A,0,1.0
15604,"O=[N+]([O-])c1ccc(NNS(=O)(=O)c2ccc(Br)cc2)nc1
",0.44063893,A,0,1.0
21073,"C[C@@H]1CN(C[C@H](O)Cn2ncc3ccccc3c2=O)C[C@@H](C)O1
",0.44056335,A,0,1.0
7321,"Cc1cc(C)c(NC(=O)CSc2n[nH]c(N)n2)c(Cl)c1
",0.4406161,A,0,1.0
7673,"Cc1nc2ccccc2c2oc(C(=O)NCCC[NH+]3CCN(c4ccccc4F)CC3)cc12
",0.44044042,A,0,1.0
38859,"CCCn1cc[nH+]c1C[C@](C)(N)c1ccccc1Br
",0.44063306,A,0,1.0
25696,"CC(=O)Nc1c(C)cc(NS(=O)(=O)c2c(C)c(C)cc(C)c2C)cc1C
",0.4406846,A,0,1.0
24203,"CCOCCCC(=O)[C@H](C#N)c1nc(C)cc(C)n1
",0.44063917,A,0,1.0
38094,"CC(C)C(=O)N[C@@H]1CCC[C@@H]1c1ccccc1C(F)(F)F
",0.44060177,A,0,1.0
32329,"CSCC(=O)NCC(=O)N1CCN(c2ccc(Cl)cc2)CC1
",0.44060603,A,0,1.0
29411,"COc1ccc(C(=O)N/N=C\c2ccc(F)cc2)cc1
",0.44064054,A,0,1.0
37939,"C[C@@H](NC(=O)CNC(=O)Cc1ccccc1)c1ccco1
",0.44062155,A,0,1.0
6472,"COc1cc(F)c(NC(=O)C=C2CN(C(=O)OC(C)(C)C)C2)cc1F
",0.4405632,A,0,1.0
36850,"O=C(NCc1ccccc1)c1cnn2c1OCCC2
",0.44057828,A,0,1.0
21775,"CNC(=O)C(=O)NC[C@H](c1ccc(N(C)C)cc1)N1CCc2ccccc2C1
",0.44059527,A,0,1.0
21414,"C[C@@H]1C[C@H]1C[NH+](C)C[C@@H]1CSc2ccccc21
",0.44068998,A,0,1.0
20279,"CC1(C)CSC[C@H](Nc2cccc(F)c2C#N)C1
",0.4406347,A,0,1.0
23366,"C[C@@H](C(=O)Oc1cccc(Br)c1)S(C)(=O)=O
",0.4406261,A,0,1.0
18778,"O=C(NC1CC[NH+](C2CC2)CC1)c1ccc(COc2ccc(F)cc2)o1
",0.44056556,A,0,1.0
4671,"COC(=O)C1=CO[C@@H](C)[C@@H]2CN3CCc4c([nH]c5ccccc45)[C@H]3C[C@H]12
",0.44050542,A,0,1.0
28049,"C=CCN(CC(=O)[O-])C(=O)NC1CCCC1
",0.4407103,A,0,1.0
11727,"CC(C)(O)/C=C/C1=C[C@@H](O)[C@@](C)(O)C[C@@H]1O
",0.44070712,A,0,1.0
21190,"CCOC(=O)c1cs/c(=N\C(=O)[C@@H]2CC(=O)N(c3ccc(F)c(Cl)c3)C2)[nH]1
",0.44045064,A,0,1.0
38882,"Cc1cccc(-c2nn3c(-c4ccco4)nnc3s2)c1
",0.4406055,A,0,1.0
36130,"C[C@@H]([NH2+]Cc1ccc2ccccc2c1)c1ccc(NC(=O)C2CC2)cc1
",0.44053474,A,0,1.0
15220,"COc1ccc(CNC(=O)c2ccccc2F)c(OC)c1
",0.44058514,A,0,1.0
341,"Cc1ccc(-c2noc(CSc3nc(C4CC4)n(-c4ccccc4)n3)n2)cc1
",0.44050393,A,0,1.0
31222,"C[C@H](CCc1ccccc1)NC(=O)N1CCC(CC(N)=O)CC1
",0.44056046,A,0,1.0
38448,"O=C(NCCO)c1ccc(C(=O)C(=O)c2ccccc2)cc1
",0.44067898,A,0,1.0
14342,"C[C@H](OCc1ccccc1)C(=O)O[C@H](C#N)C1CC1
",0.44061545,A,0,1.0
9824,"C[C@@H](O)[C@@H]1CCCN(c2nc3ccccc3nc2N2CCOCC2)C1
",0.44058287,A,0,1.0
18102,"O=c1c([C@@H]2[NH+]=C(c3ccc4c(c3)OCO4)NO2)c[nH]c2ccccc12
",0.44058898,A,0,1.0
36986,"O=C(Cn1ccc(=O)c([N+](=O)[O-])c1)N(Cc1ccco1)CC(F)(F)F
",0.44055834,A,0,1.0
15384,"CCOC(=O)[C@H](CC)N1CCC(C(=O)N2CCCCCC2)CC1
",0.44066137,A,0,1.0
26509,"Cc1nc2n(n1)[C@H](c1ccc3c(c1)OCCCO3)C1=C(C[C@@H](c3ccco3)CC1=O)N2
",0.4405126,A,0,1.0
987,"Cc1cc(CSc2nnc(NC3CC3)s2)no1
",0.44062406,A,0,1.0
39129,"COc1ccc(CNC(=O)c2cnc(C)nc2C)cc1OC
",0.44055668,A,0,1.0
11715,"CSc1ccc2nc(NC(=O)[C@H]3CCCN(S(=O)(=O)c4ccc(Cl)cc4)C3)sc2c1
",0.44047683,A,0,1.0
19205,"CS(=O)(=O)CC[NH+]1CCC(Nc2ccc(S(=O)(=O)C(F)F)cc2)CC1
",0.44065648,A,0,1.0
698,"Cc1cccc(S(=O)(=O)[N-]c2nc3ccccc3nc2NC[C@H]2CCCO2)c1
",0.44048673,A,0,1.0
28796,"CCC[NH2+]CC(=O)N(C)[C@@H](C)Cc1cccs1
",0.4406366,A,0,1.0
34200,"C[C@H](Sc1nnc2ccccn12)C(=O)N(C)Cc1ccccc1
",0.44061098,A,0,1.0
13533,"C[C@@H](c1ccccc1F)N(C)C(=O)c1cn(Cc2cccnc2)nn1
",0.4405755,A,0,1.0
1876,"C[C@H]1CCC[C@H](C)N(C(=O)c2ccc(S(N)(=O)=O)c(F)c2)C1
",0.44057006,A,0,1.0
37988,"O=C1N(c2ccccc2)Cc2nc(=O)n(Cc3ccccc3)n21
",0.44062203,A,0,1.0
510,"Cc1cc(=O)[nH]c(N/N=C/c2c(Cl)nc3ccccn3c2=O)n1
",0.4405887,A,0,1.0
8278,"CCOC(=O)c1ccoc1COC(=O)c1cc(=O)[nH]c2ccccc12
",0.44058946,A,0,1.0
8359,"Fc1ccc(CNC2=NC=NC3=NC=N[C@H]32)cc1
",0.44062054,A,0,1.0
6820,"C[C@H](OC(=O)c1cc2ccccc2o1)C(=O)NC1CC1
",0.44059232,A,0,1.0
8091,"CC(C)(C)CC(=O)N1CCC[C@H]1C(=O)N1CCC[C@H](c2[nH]cc[nH+]2)C1
",0.4405881,A,0,1.0
14819,"Cc1cc(Br)cc(C)c1N(C)C
",0.44075713,A,0,1.0
35835,"Cc1cc2[nH]c(=O)[nH]c2cc1S(=O)(=O)NCCC(=O)[O-]
",0.4406075,A,0,1.0
37737,"O=C(c1ccc(N2CCOCC2)cc1)N1CCN(S(=O)(=O)N2CCOCC2)CC1
",0.44064,A,0,1.0
22123,"C[C@@H](CCc1ccco1)NC(=O)CN1CC[C@]2(CCC1=O)NC(=O)c1ccccc1N2
",0.44048724,A,0,1.0
24809,"CC[NH+](CC)[C@H]1CCN(C(=O)NCCCc2c[nH]c3ccccc23)C1
",0.4405315,A,0,1.0
27350,"COC(=O)c1ccc(Oc2ncnc(NNC(=O)c3ccc(C)cc3)c2N)cc1
",0.44060546,A,0,1.0
25310,"CCc1nnc(SCC(=O)N(c2ccccc2)c2ccccc2)n1N
",0.4406663,A,0,1.0
14085,"CSCC[C@@H](C)N(C)c1ccc([N+](=O)[O-])c2cnccc12
",0.44063193,A,0,1.0
34226,"CC(=O)N1c2ccc(S(=O)(=O)N[C@@H](Cc3ccccc3)C(=O)N3CCC(C)CC3)cc2C[C@@H]1C
",0.44048673,A,0,1.0
13545,"C[C@@H](NC(=O)c1cccc(NC(=S)NC(=O)c2ccccc2F)c1)c1ccccc1
",0.44058514,A,0,1.0
13195,"COc1ccc(NC(=O)c2cc(-c3ccc(OC)cc3OC)[nH]n2)c(OC)c1
",0.4405389,A,0,1.0
1116,"CCn1cc(CNC(=O)c2c(N)cnn2CC)cn1
",0.44059634,A,0,1.0
29585,"O=C1N=N[C@@H](SC(=O)c2ccc(Cl)cc2)C(=O)N1
",0.4406233,A,0,1.0
27402,"Cc1ccc(NC(=O)c2ccc(=O)n(Cc3ccc(F)cc3)c2)cc1Cl
",0.44050357,A,0,1.0
32390,"C=CCn1c([S-])nnc1CSC1=NN[C@@H](c2ccccc2)N1C
",0.44060713,A,0,1.0
23101,"O=C(NC[C@H]1C[C@@H](O)C[NH+]1Cc1ccccc1)Nc1c(F)cccc1F
",0.44056538,A,0,1.0
3430,"CC[C@@H](NC(=O)Nc1ccc(C(=O)NC)cc1)c1ccc(C)cc1
",0.4406243,A,0,1.0
26691,"O=c1[nH]c(-c2cccnc2)nc2sc3c(c12)CCCCC3
",0.44062042,A,0,1.0
38115,"Cc1ccc(NC(=O)N(Cc2ccccc2)C[C@@H](O)c2ccco2)cc1C
",0.4405796,A,0,1.0
12213,"CC1=Cn2c(nc3ccccc32)[C@H](C)O1
",0.4406458,A,0,1.0
17568,"COc1ccc(-c2nc(C)c(C(=O)N3CCN(Cc4ccc(Cl)cc4)CC3)s2)cc1OC
",0.4404271,A,0,1.0
1176,"C[C@H](C(=O)Nc1cccc2ccccc12)[NH+](C)CC(=O)N1CCN(Cc2ccccc2)CC1
",0.44050854,A,0,1.0
35118,"Cc1ccc(CS(=O)(=O)Cc2cn3ccccc3n2)cc1
",0.44062638,A,0,1.0
21619,"Cc1c(-c2cccs2)n[nH]c1NC(=O)CCCc1nc2cc(F)ccc2[nH]1
",0.44051868,A,0,1.0
12560,"Cc1ccc(NC(=O)NCc2cccc(C[NH+](C)C)c2)cc1C(=O)NC(C)C
",0.44050607,A,0,1.0
37996,"Cc1cc(=O)oc2c3c(ccc12)O/C(=C/c1ccccc1)C3=O
",0.44064507,A,0,1.0
16088,"CCCC[C@@H](COC)NC(=O)N1CCC(C(=O)N2CCC(C)CC2)CC1
",0.44061393,A,0,1.0
31083,"CN(C)C(=O)[C@H]1CN(Cc2ccco2)CCN1
",0.44055992,A,0,1.0
23667,"CC[C@H](C[NH2+]C)Cc1nc(C)cs1
",0.44070995,A,0,1.0
32048,"C[C@H](CC(=O)N[C@H](C)c1ccc(F)c(F)c1)c1ccccc1
",0.44061124,A,0,1.0
24298,"CCOc1ccc(NC(=O)C(=O)N2CC[C@H](C)[C@@H](O)C2)cc1
",0.4406084,A,0,1.0
33197,"CCCNC(=O)CN1CCC([NH2+][C@H](C)c2ccc(F)cn2)CC1
",0.44055533,A,0,1.0
25207,"O=C(COc1ccccc1C(=O)N1CCC(Cc2ccccc2)CC1)Nc1ccccc1F
",0.44053254,A,0,1.0
37642,"COCCN(C)C(=O)C1CCN(C2CC[NH+](Cc3ccccc3C)CC2)CC1
",0.4405347,A,0,1.0
17013,"CC(C)(C)S(=O)(=O)c1ccc2n[nH]c(=O)n2n1
",0.4406852,A,0,1.0
30113,"C[C@H]([NH2+]CCc1ccco1)[C@@H](C)C(=O)[O-]
",0.4406484,A,0,1.0
19588,"COc1c(N)cc(-c2nc3cc(Cl)ccc3o2)cc1N
",0.44062188,A,0,1.0
24921,"CSc1nc(C(=O)N2CCC[C@@H](C(=O)c3ccccc3SC)C2)cs1
",0.44060573,A,0,1.0
25676,"CCCS(=O)(=O)N1CCC[C@H]1C(=O)Nc1ccc(-n2ccnc2)cc1
",0.44056565,A,0,1.0
33042,"Cc1cccc(CN2CCN(C(=O)c3cc(C#N)cn3C)CC2)c1
",0.44053808,A,0,1.0
4718,"CNC(=O)[C@@H]1CCCN(c2ncc(C(F)(F)F)cc2Cl)C1
",0.44056228,A,0,1.0
17163,"O=C(c1ccc(CN2CCSCC2)cc1)c1cccc(F)c1
",0.44058964,A,0,1.0
19857,"CC[C@@H](CC1CCCC1)C(=O)Nc1ccc(OC)c(NC(C)=O)c1
",0.44057214,A,0,1.0
35661,"C[NH+]1CCN(S(=O)(=O)c2ccc3c(c2)[C@H]2C=CC[C@H]2[C@@H](c2ccc(O)cc2)N3)CC1
",0.44059014,A,0,1.0
30128,"CC(C)N(CCO)C(=O)CN1CCN(c2ccc(Cl)cc2)C1=O
",0.4405679,A,0,1.0
30963,"COc1cccc(CN(C)S(=O)(=O)NCC(=O)N2CCCC2)c1
",0.44054678,A,0,1.0
21457,"O=C(CCC(=O)c1ccccc1)NC[C@H]1CCS(=O)(=O)C1
",0.44063646,A,0,1.0
27429,"CNC(=O)[C@H]1CCCCN1c1nc(Br)cs1
",0.44061092,A,0,1.0
6696,"COc1c(C)cnc(CNC(=O)[C@H](CC(C)C)N2CCCCC2=O)c1C
",0.44053298,A,0,1.0
28105,"Cc1nc(SCC(=O)N[C@@H](C)c2cccc3ccccc23)c(C#N)c(C)c1C
",0.44056186,A,0,1.0
4713,"O=C(NC[C@H](O)COCC1CC1)c1cccc(Br)c1
",0.44057015,A,0,1.0
31050,"C[C@H](NC(=O)Nc1ccc(Cc2nc3ccccc3s2)cc1)[C@@H](C)CO
",0.4405502,A,0,1.0
11791,"COc1ccc(Cl)cc1S(=O)(=O)NC1(c2nc(C)no2)CCCCC1
",0.4405502,A,0,1.0
36072,"O=C(C[NH+]1CCN(c2ccccc2F)CC1)Nc1ccc(Cl)c(C(F)(F)F)c1
",0.44053245,A,0,1.0
26781,"Cc1nc2sc3c(c2c2nc(CCC(=O)[O-])nn12)[C@@H](C)CCC3
",0.4405925,A,0,1.0
10093,"CO[C@H](CNC(=O)[C@H]1CCCN1S(C)(=O)=O)c1cccc(Cl)c1
",0.44054827,A,0,1.0
26924,"CC(=O)[C@H](C)CSc1nnnn1-c1cccc(C)c1C
",0.44062796,A,0,1.0
3710,"C[NH+](CCc1cccs1)Cc1cccc(C#CC[NH3+])c1
",0.44065452,A,0,1.0
12428,"O=C(Nc1cccc(N2CCOCC2)c1)[C@@H]1COc2ccc(F)cc2C1
",0.44054753,A,0,1.0
36513,"Cc1cscc1C[NH2+][C@@H](C)C(N)=O
",0.44067347,A,0,1.0
37351,"CC[C@H](C)N(CC)c1cc([C@H](C)O)cc[nH+]1
",0.44067723,A,0,1.0
39411,"O=[N+]([O-])c1cc(S(=O)(=O)c2ccccc2)ccc1N1CCCCC1
",0.4405873,A,0,1.0
30858,"Cc1cccc(C(=O)N2CCC[C@@H](C(=O)Nc3cccc(C(F)(F)F)c3)C2)c1
",0.4405371,A,0,1.0
11325,"O=C(Cn1ncc2c1-c1ccccc1OC2)N1CCOCC1
",0.44056812,A,0,1.0
9742,"Cc1c(C(=O)N2CCOC(C)(C)C2)cnn1C
",0.44061252,A,0,1.0
20710,"CNc1ncnc(NCCc2ccccc2)c1N
",0.44065803,A,0,1.0
2724,"O=S(=O)([N-]c1ccc(I)cn1)c1cnc(Cl)c(Br)c1
",0.44062102,A,0,1.0
21330,"CCN(C(=O)CN1C(=O)c2ccccc2C1=O)c1ccccc1
",0.44063866,A,0,1.0
36354,"O=S(=O)(NCCSC1CCCC1)c1ccccc1Br
",0.4406212,A,0,1.0
30153,"O=C(NNC(=O)c1ccc(-c2ccc(Cl)cc2)s1)c1csc(N2CCOCC2)n1
",0.4405111,A,0,1.0
26960,"Cc1nsc(N2CC[NH+]([C@@H]3CCC[C@H](C4CC4)C3)CC2)n1
",0.44066212,A,0,1.0
4897,"O=C(NCC1CCN(S(=O)(=O)c2cccnc2)CC1)C(=O)NC1CC1
",0.44059297,A,0,1.0
26263,"CC(C)[NH2+][C@@](C)(CN1C[C@H]2CCC[NH+]2C[C@H]1C)C(N)=O
",0.44065285,A,0,1.0
6835,"COc1ccc(Cl)cc1C[C@@H](O)[C@@H]1C[NH+]2CCN1CC2
",0.44060388,A,0,1.0
16067,"CN1C(=O)C(=Cc2ccc(OCc3ccc([N+](=O)[O-])cc3)c(Br)c2)C(=O)N(C)C1=O
",0.4405961,A,0,1.0
36017,"O=C(NCc1cccnc1N1CCC[C@H](O)C1)c1ccc(Cl)c(F)c1
",0.44046867,A,0,1.0
12951,"COc1ccc(S(=O)(=O)N2CCN(CCC(C)(C)O)CC2)cc1
",0.4405802,A,0,1.0
19046,"COc1cccc(-c2cc(CC(=O)Nc3ccc(F)cc3F)no2)c1
",0.4405241,A,0,1.0
22582,"O=C(NC[C@H](O)c1ccsc1)c1cc(C2CC2)nc2ccc(F)cc12
",0.44050634,A,0,1.0
36903,"COc1ccc([C@H](NC[C@H]2C[NH+]3CCN2CC3)C2CC2)cc1
",0.44065148,A,0,1.0
30361,"NNc1ncccc1C(=O)NC[C@@H]1CN2CCC[C@@H]2CO1
",0.44053605,A,0,1.0
20599,"COc1ccc(CNC(=O)c2ccc3c(=O)n(-c4ccc(OC)cc4)cnc3c2)cc1
",0.44048592,A,0,1.0
9659,"C[C@H](Nn1cccc1)c1ccccc1C(F)(F)F
",0.44066572,A,0,1.0
430,"COc1ccc(-c2nc(C(=O)N[C@H](C)c3ccc(F)c(F)c3)cs2)cc1
",0.44054177,A,0,1.0
18269,"C#CCNCC(=O)N[C@@H]1C[C@H]2CC[C@@H]1C2
",0.4406949,A,0,1.0
207,"O=C(NCCCc1nc(-c2ccc(Br)o2)no1)C1CC1
",0.4405997,A,0,1.0
27449,"CNC(=O)COc1ccccc1-c1noc(-c2ccc(S(=O)(=O)N(C)C)o2)n1
",0.44054878,A,0,1.0
14301,"O=C1CSC(=S)N1/N=C\c1cc(Br)c(Br)s1
",0.4406743,A,0,1.0
13859,"Cc1cccc(C)c1NC(=O)CN1c2ccccc2C[C@H]1C
",0.44059557,A,0,1.0
2744,"C[C@]1([C@@H](Br)c2ccc(F)c3ccccc23)CCCO1
",0.44063315,A,0,1.0
992,"COC[C@H]1CN(C(=O)N[C@@H](c2ccccc2)c2ccco2)CCO1
",0.4405371,A,0,1.0
31804,"CC[C@@H]1CC[C@@H]([NH+]2CCN(S(=O)(=O)c3c[nH]c4ncccc34)CC2)C1
",0.44054568,A,0,1.0
31745,"CCOC(=O)C1(C)CCN(C(=O)[C@H](C)OC2CCCCCC2)CC1
",0.44062313,A,0,1.0
6503,"COC(=O)c1[nH]c2ccc(C)cc2c1NC(=O)[C@H](C)[NH+]1CCN(c2ccccc2OC)CC1
",0.44047394,A,0,1.0
12351,"CC(=O)Nc1cc(NCc2c(C)nn(C)c2Cl)ccc1C
",0.44054937,A,0,1.0
14939,"Cc1occc1C(=O)NCC(=O)N[C@H](C)c1nc2ccccc2[nH]1
",0.44053817,A,0,1.0
30527,"COC(=O)c1ccc(NC(=O)c2cccc(-c3ccoc3)c2)cc1F
",0.44055435,A,0,1.0
18266,"Cc1cc(C2=N[C@@H]3C(=N2)C=NN3C(C)C)n(C)n1
",0.44065425,A,0,1.0
28972,"CCNC(=O)C1CN(C(=O)C(=O)Nc2ccn([C@H](C)c3ccccc3)n2)C1
",0.44053447,A,0,1.0
4870,"Cc1ccccc1COC1CCN(C(=O)Cn2c(C)c(C)sc2=O)CC1
",0.44057703,A,0,1.0
9267,"C[C@H](CCS)CC[NH+]1CCC(C)(C)CC1
",0.4407369,A,0,1.0
34479,"COc1cc([C@H]2c3c(-c4cc(Cl)c(C)cc4O)n[nH]c3C(=O)N2Cc2cccnc2)ccc1O
",0.44047645,A,0,1.0
3651,"CSCC[C@H](NC(=O)CC1=c2ccccc2=[NH+]C1)C(=O)[O-]
",0.4406136,A,0,1.0
5906,"COC(=O)C1(NC(=O)c2ccc(SC)nc2)CCCC1
",0.44062087,A,0,1.0
4850,"CC(C)c1ocnc1CSc1nnc(C2CC2)n1C1CC1
",0.44056824,A,0,1.0
3942,"CNC(=O)NC(=O)CSc1nnnn1-c1ccc(C)c(C)c1
",0.4406278,A,0,1.0
8284,"Cc1noc(C)c1C[C@H](C)NC(=O)N[C@@H](CCO)C1CCCCC1
",0.44060808,A,0,1.0
33610,"c1ccc(CN2CC[C@@H](c3nc(-c4ccncc4)no3)C2)cc1
",0.44054517,A,0,1.0
23660,"COc1cc(OC)cc(-c2noc(C[NH3+])n2)c1
",0.4406509,A,0,1.0
30532,"C=CC[NH+](C[C@H](O)c1cccc(Cl)c1)[C@@H]1CCS(=O)(=O)C1
",0.4406093,A,0,1.0
17621,"Cc1nc(S(=O)(=O)CC(=O)NCc2ccccc2F)n(CC(C)C)c1C
",0.4405522,A,0,1.0
19872,"Fc1ccc(-c2ccc(/C=N/c3nc[nH]n3)o2)cc1Cl
",0.44061986,A,0,1.0
1107,"C[C@H](CCc1ccccc1)NC(=O)C1CN(C(=O)c2ccc([N+](=O)[O-])o2)C1
",0.4405162,A,0,1.0
24124,"C[C@H](NC(=O)CCSc1ccccc1)c1ccc2c(c1)NC(=O)CO2
",0.440555,A,0,1.0
31312,"COC[C@H](N)C(C)(C)[NH+]1CCCCC1
",0.44071862,A,0,1.0
33914,"COC(=O)C[C@@H](C)NC(=O)C(F)(F)c1ccccc1
",0.44066072,A,0,1.0
16805,"Cc1ccc(S(=O)(=O)NC2CC2)cc1C(=O)OCc1cccc2cccnc12
",0.4405178,A,0,1.0
30173,"C[C@H](Oc1ccc(/C=C\C(=O)c2ccccc2)cc1)C(=O)[O-]
",0.44063684,A,0,1.0
17767,"NC(=O)C[NH+](CC(=O)NC1CCCCC1)C1CCCC1
",0.44068417,A,0,1.0
35995,"COCCOc1ccc([C@@H](C)NC(=O)N2C[C@H]3CCCC[C@@H]3C2)cc1OC
",0.4405297,A,0,1.0
24960,"Cc1cccc(NC(=O)[C@@H](C)SCCO)c1
",0.44063434,A,0,1.0
8697,"CCc1nn(C)c(N(C)CCCc2ccccc2)c1[N+](=O)[O-]
",0.4406212,A,0,1.0
2925,"CS[C@H]1CC[C@@H]([NH2+]Cc2ccc(Cl)nc2)C1
",0.4406452,A,0,1.0
11982,"COc1ccc(-c2nc(C[NH+](C)[C@H](C)c3nc(C)cs3)c(C)o2)c(OC)c1C
",0.44056186,A,0,1.0
31599,"CCc1nn(C)cc1C(=O)NCC(=O)OC1CCCCC1
",0.44059017,A,0,1.0
34523,"Cn1ccnc1[C@H](O)C1CC[NH+](Cc2cc(=O)n3ccsc3n2)CC1
",0.44053692,A,0,1.0
14947,"CC[C@H]1C[NH2+][C@H](C(C)(C)C)CN1CC1C(C)(C)C1(C)C
",0.44072473,A,0,1.0
32106,"CCc1ccc(NC(=O)[C@H]2CC(=O)NC3=NC(SCc4ccc(F)cc4)=NC(=O)[C@H]32)cc1
",0.44052652,A,0,1.0
10439,"[NH3+]C[C@H]1CC[C@@H](C(=O)OCc2cccs2)O1
",0.44062063,A,0,1.0
30844,"COc1ccc(OC)c(-c2csc(Nc3nc4cc(OC)c(OC)cc4s3)n2)c1
",0.44057223,A,0,1.0
30486,"COc1ccc(S(=O)(=O)Nc2ccccc2SC)cc1C(=O)N1CCOCC1
",0.44053692,A,0,1.0
25644,"Cc1nc2cc(NC(=O)C(=O)N[C@H](CCC(C)C)C(C)(C)C)ccc2o1
",0.44057602,A,0,1.0
22282,"Cc1cccc(S(=O)(=O)[C@H]2c3nc4ccccc4nc3N(/N=C/C3=c4ccccc4=[NH+]C3)[C@@H]2N)c1
",0.44048256,A,0,1.0
8787,"Cn1c(=O)c2c(C(=O)NCCN3CCN(c4cccc(Cl)c4)CC3)cc(=O)n(C)c2n(C)c1=O
",0.44048598,A,0,1.0
27889,"CC[C@@H]1NCC(=O)N(C[C@@H]2CSc3ccccc32)C1=O
",0.44063368,A,0,1.0
31443,"CO[C@@H](C(=O)NC[C@H]1CN(C)CCO1)c1ccccc1
",0.44056386,A,0,1.0
4647,"Cc1ccccc1[C@@H]1C(C#N)=C(N)OC2=C1S(=O)(=O)N(C)c1ccccc12
",0.44057676,A,0,1.0
25717,"COc1ccc(-c2cc3c(n(C)c2=O)CC[NH+]([C@@H]2CCSC2)C3)c2ccc(C)nc12
",0.44050616,A,0,1.0
29642,"CC[NH2+][C@@H]1CC(C)(C)Cc2nc(-c3ncc[nH]3)sc21
",0.4406463,A,0,1.0
12552,"CCN1C(=O)/C(=C\c2ccc(OCc3ccccc3)cc2)SC1=S
",0.44061503,A,0,1.0
34941,"CCOC(=O)c1cccc(OC(=O)[C@@H](C)CC)c1
",0.44061834,A,0,1.0
13058,"Cc1ccc(CNC(=O)CCc2nc(-c3ccsc3)no2)cc1
",0.44054112,A,0,1.0
16232,"Cc1ccc(O[C@H](C)CNC(=O)c2ccccc2F)cc1
",0.44061023,A,0,1.0
21522,"CC[NH+](CC(=O)N[C@@H]1CCCCNC1=O)Cc1ccccc1
",0.44057333,A,0,1.0
16476,"[NH3+][C@H]1C=C[C@H](C(=O)Nc2ccc3c(c2)CCC3)C1
",0.44064674,A,0,1.0
38495,"CN(CCCNC(=O)N[C@H]1CC[C@@H]([NH+](C)C)C1)c1ccccc1
",0.4405818,A,0,1.0
26882,"Cc1ccc(CCC(=O)N[C@H](C(N)=O)c2ccccc2)cc1
",0.44061452,A,0,1.0
18903,"Cc1noc(C)c1NCc1ccc(C(N)=O)cc1
",0.44062415,A,0,1.0
24813,"O=C1[C@@H]2[C@H]3CC[C@H](O3)[C@@H]2C(=O)N1c1cnn(Cc2cccc(F)c2)c1
",0.44054455,A,0,1.0
26159,"C[C@@H]1CC[C@H](C#N)[C@H](n2cnc3ccccc32)C1
",0.4406249,A,0,1.0
33402,"CCCCC[C@H](C)NC(=O)N1CCC[C@@H](C)C1
",0.44065633,A,0,1.0
26786,"Cc1cc(C(=O)N(CCC#N)Cc2ccccn2)c(C)cc1Br
",0.44061533,A,0,1.0
8884,"CN(CCc1cccs1)C(=O)N[C@H]1CCN(c2cnn(C)c2)C1=O
",0.44053233,A,0,1.0
10552,"O=C1CCC[C@H]1[C@@H]1CCCC[NH+]1CCC(F)(F)F
",0.44068906,A,0,1.0
23525,"C[C@H](Sc1ccc([N+](=O)[O-])cc1)C(=O)N1CC[C@@](O)(C(F)(F)F)C1
",0.44059214,A,0,1.0
1025,"Cc1ccc(S(=O)(=O)N(C)c2ccc(C(=O)N3C[C@@H](C)O[C@H](C)C3)cc2)cc1
",0.44060037,A,0,1.0
3729,"Fc1ccc(Nc2ncnc3onc(-c4ccc(Cl)cc4)c23)c(F)c1
",0.44058797,A,0,1.0
30395,"C#C[C@@](C)(CC)NC(=O)c1cc2c(n(-c3ccc(Cl)cc3)c1=O)CCCC2=O
",0.44052318,A,0,1.0
20048,"C[C@@H](C(=O)Nc1cc(C(F)(F)F)ccc1N1CCCCC1)S(=O)(=O)c1ccc(F)cc1
",0.44054133,A,0,1.0
24312,"COC(=O)[C@H](CC[NH+]1C[C@@H](C)[C@H](C)C1)NC(C)C
",0.44068888,A,0,1.0
39542,"O=C(NCC(=O)N1CCc2ccccc2C1)c1ccc(Cl)cc1Cl
",0.44054556,A,0,1.0
9459,"COC[C@@H](C)CC(=O)N1[C@H](C(=O)[O-])CS[C@@H]1C1CC1
",0.4406315,A,0,1.0
38446,"NC(=O)NCCCCC(=O)Nc1ccc2nc(C3CC3)oc2c1
",0.44053918,A,0,1.0
16284,"CCc1cnc(N2CCC([NH+]3CCC[C@@H](C(=O)N4CCCC4)C3)CC2)nc1
",0.4406356,A,0,1.0
2225,"COC(=O)c1ccc(/C=C/C(=O)OCC(=O)NC(N)=O)cc1
",0.44062513,A,0,1.0
25795,"C[C@@H]([NH3+])c1ccnc(Sc2cccc(Cl)c2)c1
",0.44063184,A,0,1.0
35192,"C[C@@H]1CCN(C(=O)C2=NN(c3ccccc3)[C@H](C(N)=O)C2)c2ccccc2S1
",0.44059584,A,0,1.0
1308,"c1ccc(-c2n[nH]c(SCCOC[C@H]3CCCO3)n2)nc1
",0.44054815,A,0,1.0
19643,"COc1cccc(CN2CC3(CCN(C(=O)Cn4cc(C)cn4)CC3)CC2=O)c1
",0.44045565,A,0,1.0
9955,"CCCNC(=O)c1cc(C)nc2c1c(=O)[nH]n2C
",0.44062087,A,0,1.0
29172,"Cc1cccc2nc(CNC(=O)C(=O)Nc3cnc(C(C)(C)C)nc3)cn12
",0.4405684,A,0,1.0
24840,"CCc1nc(-c2ccc(C(=O)Nc3cc(Cl)ccc3C)cc2)no1
",0.44055054,A,0,1.0
27472,"CSC[C@H](CCO)NC(=O)Nc1ccn(C)n1
",0.44061694,A,0,1.0
11265,"CCNc1cccc(CN(C)C[C@@H]2CCC[NH+]2C)[nH+]1
",0.44064704,A,0,1.0
5026,"Cc1nc(CCNC(=O)N[C@H](CC(F)(F)F)c2ccc(F)cc2)sc1C
",0.44058028,A,0,1.0
30050,"O[C@H](C[C@@H]1CCC[NH2+]1)c1cccc2ccccc12
",0.44065234,A,0,1.0
8649,"C[C@H](CNc1nccc2occc12)Cn1cc[nH+]c1
",0.44065198,A,0,1.0
34892,"COc1ccc(NC(=O)c2ccc(NC(=O)COc3ccccc3F)cc2)cc1
",0.4405672,A,0,1.0
434,"CCN(CC)C(=O)c1ccccc1NC(=O)C(Cl)(Cl)Cl
",0.44069207,A,0,1.0
21982,"COc1nc(C)c(C(=O)NC[C@H]2CC[NH+](CC(C)C)C2)s1
",0.44060478,A,0,1.0
27695,"O=C(C[C@H]1CSc2nc3c(c(=O)n21)CCC3)NCc1ccccc1
",0.44055003,A,0,1.0
15643,"CN(C)C(=O)N1CCN(C(=O)c2ccc(N3CCC(O)CC3)cc2)CC1
",0.4405956,A,0,1.0
13036,"CCN1C(=O)C[C@@H](C(=O)Nc2ccccc2OC)S/C1=N\c1ccc(Br)cc1
",0.44051,A,0,1.0
22767,"CC[C@@H](NC(=O)[C@H](c1ccccc1)N(C)CC)C(=O)N1CCOCC1
",0.4405925,A,0,1.0
12147,"CN(C)C(=O)NCC(=O)N1CCc2[nH]nc(-c3ccc(F)c(F)c3)c2C1
",0.44050503,A,0,1.0
25813,"Cc1ncc(-c2ccc(F)cc2)c([C@H]2CCCN(Cc3c(F)cccc3F)C2)n1
",0.44049704,A,0,1.0
19326,"CCc1[nH]nc(-n2cccc2)c1C(=O)[O-]
",0.4406806,A,0,1.0
6463,"COCCNC(=O)c1cc2c(C)nc3ccccc3c2o1
",0.44052985,A,0,1.0
18448,"CC[C@H]1CN(C(C)=O)CC[C@@H]1[NH2+][C@@H](C)c1ccc(C(F)(F)F)cc1
",0.44059432,A,0,1.0
32459,"CCC(CC)[C@H](O)[C@@H]1CCCO1
",0.44071907,A,0,1.0
19672,"COc1ccc(CNC(=O)[C@@H](OC(C)=O)c2ccccc2)cc1
",0.44059888,A,0,1.0
30099,"C[NH+](C)Cc1ccc(CNC(=O)NC[C@@](C)(O)c2ccsc2)cc1
",0.44059527,A,0,1.0
32043,"CN(C[C@@H]1N=NC2=C1CCCCC2)C(=O)C[C@@H]1NC(=O)c2ccccc21
",0.4405761,A,0,1.0
18510,"Cc1nc(-c2ccccn2)nc(N2C[C@H]3[C@@H](C2)C3(C)C)c1C
",0.44060227,A,0,1.0
1801,"CC(C)Oc1cccc(C(=O)[C@H]2CCCN(C(=O)Cc3cnc4ncnn4c3)C2)c1
",0.4405087,A,0,1.0
25845,"O=C(CNc1cccc([N+](=O)[O-])c1)N1N=C(c2ccco2)C[C@H]1c1ccco1
",0.44055322,A,0,1.0
13356,"O=c1ccc([N+](=O)[O-])cn1CCn1cnc2ccsc2c1=O
",0.4406062,A,0,1.0
32002,"CC(C)(C)c1ccc(C(=O)NCC(=O)N2CCC[C@@H]([NH+]3CCCC3)C2)cc1
",0.4405822,A,0,1.0
39992,"C[C@H]1CCCN(C(=O)C2CC[NH+](Cn3nc(-c4cccnc4)n(C4CC4)c3=S)CC2)C1
",0.4405219,A,0,1.0
31333,"CC[C@H]1c2ccsc2CCN1C(=O)NCCC[NH+]1CCC[C@H](C(N)=O)C1
",0.44054437,A,0,1.0
25877,"O=C(CCn1c(=O)oc2ccccc21)N1CCC[C@H](c2ncncc2-c2ccncc2)C1
",0.44048515,A,0,1.0
31182,"Cc1ccc(Cn2nccc2NC(=O)c2cnc([C@@H]3CCCO3)s2)o1
",0.44050184,A,0,1.0
21548,"N#Cc1ccc([C@@H](SCCCc2ccccc2)C(N)=O)cc1
",0.4406106,A,0,1.0
24745,"CC1(C)C(C[NH2+]Cc2ccc(OC(F)(F)F)cc2)C1(C)C
",0.44064933,A,0,1.0
16183,"COC(=O)C(C)(C)[C@@H]1CCC[NH+](Cc2csc([C@@H]3CCCO3)n2)C1
",0.44054183,A,0,1.0
1640,"COc1ccc(S(=O)(=O)/N=c2\[nH]cc(C)s2)cc1Br
",0.44062984,A,0,1.0
14064,"CCCOc1ccc(N2C[C@@H](C(=O)Nc3nccs3)CC2=O)cc1
",0.44051746,A,0,1.0
5575,"Cc1cc(F)cc(C(=O)N2C[C@H](O)C[C@H]2c2cc(F)ccc2F)c1
",0.44058973,A,0,1.0
1322,"CC(C)c1ccc2c(c1)[C@]1(NC(=O)[C@H]3COCCN31)C(=O)N2
",0.4405673,A,0,1.0
17434,"Cc1nc2c(c(=O)[nH]1)CN(C(=O)[C@H](c1cccnc1)N1CCOCC1)C2
",0.44057208,A,0,1.0
22288,"O=C(C[NH+]1CCC[C@@H]1C(=O)N1CCOCC1)Nc1ccccc1Cl
",0.44055575,A,0,1.0
21789,"CC(C)(C)C(=O)COC(=O)c1ccccc1F
",0.440675,A,0,1.0
15090,"Cc1ccc(C)n1N[C@@H](C)C[C@H]1CCCC[NH2+]1
",0.44066152,A,0,1.0
5833,"Cc1ccc(-c2cnc(CCC(=O)NCC(C)(C)c3ccncc3)o2)cc1
",0.4405937,A,0,1.0
25191,"COc1cc(C[NH+]2CCC[C@H]2CN2C[C@H](C)O[C@H](C)C2)cc(OC)c1OC
",0.44062448,A,0,1.0
35000,"COc1ccc(OC[C@H](C)NS(C)(=O)=O)cc1
",0.4406647,A,0,1.0
5889,"Cc1cccn2cc(CNS(=O)(=O)c3ccc(-c4ccccc4)cc3)nc12
",0.44056037,A,0,1.0
22209,"O=C(NC1CCOCC1)C1(c2cccc(C(F)(F)F)c2)CCOCC1
",0.4406067,A,0,1.0
30041,"Cc1nc(N2CCN(Cc3cc(C(N)=O)cs3)CC2)sc1C
",0.44057062,A,0,1.0
31394,"C[C@H]1CC[C@@H](C)[NH+]([C@@H]2CCc3cc(N)ccc32)C1
",0.44065925,A,0,1.0
16700,"CCn1nc(C)c(S(=O)(=O)N[C@H](C)c2ccccc2)c1C
",0.4406139,A,0,1.0
39249,"CCc1nc(C)c([C@H](C)[NH2+]CC2(C3CC3)CC2)s1
",0.4406596,A,0,1.0
6218,"Cc1sc(=O)n(CCC(=O)NC2CC(C)(C)[NH2+]C(C)(C)C2)c1C
",0.44066212,A,0,1.0
22692,"Cc1cc(C(=O)N2CCO[C@H](C)C2)c(C)n1Cc1ccco1
",0.44055524,A,0,1.0
5867,"Cc1ccc(N2C[C@@H](C(=O)N3CCN(c4ccc(-c5noc(C6CCC6)n5)cc4)CC3)CC2=O)cc1
",0.44047344,A,0,1.0
32659,"CC[C@@H](C)CN(CC)c1ccc(C[NH3+])c(C)c1
",0.4406663,A,0,1.0
36496,"NC(=O)c1cccc2c1CCCN2C(=O)C1=NN(Cc2ccccc2)C(=O)CC1
",0.44051763,A,0,1.0
1714,"CCc1ccsc1CNS(=O)(=O)N1C[C@@H](C)OC[C@@H]1C
",0.44058213,A,0,1.0
18897,"C=C(C)COc1ccc(C(=O)Nc2ccc(C)cc2C)cc1
",0.4406125,A,0,1.0
30125,"CCS(=O)(=O)N1CCN(Cc2nc(C)c(C)s2)CC1
",0.44064507,A,0,1.0
8591,"Cc1cc(C)c2nc(C3CC3)cc(C(=O)NCCCc3nc(C)no3)c2c1
",0.44054377,A,0,1.0
38571,"O=C(C[NH+]1CCC[C@@H](O)C1)Nc1cccc(NC(=O)c2ccccc2)c1
",0.4405826,A,0,1.0
32617,"C=CC[NH2+][C@]1(C(=O)[O-])CCCCC1(C)C
",0.44070292,A,0,1.0
28395,"Cc1c(/C=C/c2cccc[n+]2C)c2ccccc2n1Cc1ccccc1F
",0.44060922,A,0,1.0
34577,"Cc1nc2sccn2c1CNC1CC[NH+](Cc2ccccn2)CC1
",0.4405464,A,0,1.0
28598,"COc1cccc(F)c1[C@H]1[C@@H](c2ccccc2)NC[NH+]1CCC1=CN=NC1
",0.44056648,A,0,1.0
22114,"CC[C@H](CSC)N(C)C(=O)c1cc(F)ccc1C
",0.4406556,A,0,1.0
22400,"CCOc1ccc(N(C)Cc2n[nH]c(=O)[nH]2)cc1
",0.44066596,A,0,1.0
14452,"O=C(NC1CC[NH+](Cc2ccccc2)CC1)c1csc(NC[C@@H]2CCCO2)n1
",0.44051757,A,0,1.0
38533,"CN(Cc1ccccc1F)C(=O)C(=O)Nc1ccc2c(c1)CCC2
",0.4405797,A,0,1.0
37856,"C=CCN(C(=O)CC1=c2cc(C)cc(C)c2=[NH+][C@@H]1C)[C@H]1CCS(=O)(=O)C1
",0.44063583,A,0,1.0
20923,"Cc1cc(C(=O)Nc2[nH]ncc2C(N)=S)ccc1F
",0.44056326,A,0,1.0
37758,"CNC(=O)c1cccc(NCC(=O)Nc2cc(Cl)ccc2-n2cncn2)c1C
",0.4405255,A,0,1.0
14482,"COc1ccc2c(Cl)c(C(=O)OCC(=O)Nc3ccc4c(c3)OCO4)sc2c1Cl
",0.44049916,A,0,1.0
19824,"Cc1ccc(O)c(C(=O)NC[C@H]2CCC[C@@H](O)C2)c1
",0.4405726,A,0,1.0
32178,"COc1cc(NC(=O)COc2ccc(Cl)cc2)cc(OC)c1OC
",0.44061166,A,0,1.0
36051,"CC(C)N1CC[C@@H](SCC(=O)C(C)(C)C)C1=O
",0.44066998,A,0,1.0
31954,"CCN(CC)C(=O)/C=C/c1csc(N(C(C)=O)c2ccccc2F)n1
",0.4405788,A,0,1.0
35694,"COc1cccc([C@H]2CCCN2C(=O)[C@@H]2C[C@@H]2[N+](=O)[O-])c1
",0.44052207,A,0,1.0
5625,"O=C(Cc1csc(-c2ccccc2)n1)Nc1ccc(Cn2cncn2)cc1
",0.44053864,A,0,1.0
20341,"CC(=O)O[C@H]1[C@H]2C(C)(C)CCC[C@]2(C)C(CC[C@@H](C)CC(=O)[O-])=C(C)[C@H]1O
",0.44058213,A,0,1.0
39998,"CCCOc1ccc(C(F)(F)F)cc1NC(=O)c1cccc(N2CCOC2=O)c1
",0.44048655,A,0,1.0
4375,"Cc1cc(C(=O)NNC(=O)c2cccc(I)c2)c(C)o1
",0.44065648,A,0,1.0
29901,"Cc1cc(C(=O)Nc2ccc(Cl)cc2)nc2c1c(=O)n(C)c(=O)n2C
",0.44054857,A,0,1.0
28270,"C[C@@H]1C[NH2+]C[C@H](c2cc(F)cc(F)c2)O1
",0.44072148,A,0,1.0
5715,"Cc1nn(-c2ccccc2)c(C)c1S(=O)(=O)N1CCC(C(=O)N2CCCC2)CC1
",0.44057408,A,0,1.0
2760,"COc1cccc(OCCNc2ncnc3[nH]cnc23)c1
",0.44057718,A,0,1.0
6198,"Cc1ccc(N(C(=O)c2csnn2)[C@@H](C(=O)NC2CCCCC2)c2ccncc2)c(C)c1
",0.44052544,A,0,1.0
2373,"Cc1ccc(C2=N/C(=C\c3ccccc3F)C(=O)O2)cc1[N+](=O)[O-]
",0.4405698,A,0,1.0
24693,"C=C(C)C[NH+](CC)[C@H]1CCc2c(c(C(=O)NCc3ccncc3)nn2C)C1
",0.44048607,A,0,1.0
10591,"Cc1ccc(O)c(C(=O)NCc2ccccc2F)c1
",0.4405849,A,0,1.0
31685,"CC(C)[C@H]1CN2CCC[C@@H]2C[NH+]1C(C)(C)CC(C)(C)C
",0.44068554,A,0,1.0
37483,"COc1cc(OC)cc([C@@H]2CCN(C(=O)NCc3ccsc3)C2)c1
",0.44054577,A,0,1.0
31165,"CC(C)N1C(=O)c2ccccc2N2C(=O)CC[C@@]21C(=O)OCC(=O)C(C)(C)C
",0.44055396,A,0,1.0
13934,"Cc1cccc(CN2C(=O)CC[C@H]2CC[NH2+]Cc2ccccc2F)c1
",0.4405316,A,0,1.0
13790,"O=C(CCCc1nc(-c2ccccc2)no1)N[C@H]1CCS(=O)(=O)C1
",0.44059953,A,0,1.0
37756,"C[C@H](CCc1ccccc1)NC(=O)Nc1cccc(C(=O)NC(C)(C)C)c1
",0.44055325,A,0,1.0
33028,"Cc1csc(C[NH+]2CC[C@H](Cc3cnn(C)c3)C2)n1
",0.44061133,A,0,1.0
1527,"OCc1ccc(OCCSc2ccccc2)cn1
",0.4406458,A,0,1.0
7293,"NOc1ccc(C(N)=O)nn1
",0.44073936,A,0,1.0
6251,"COCCCNC(=O)CCn1c(=S)[nH]c2cc3c(cc2c1=O)OCO3
",0.44053873,A,0,1.0
26432,"COC(=O)c1sc2cc(NC(=S)N[C@@H](C)[C@H]3CCCO3)ccc2c1Cl
",0.4405031,A,0,1.0
2890,"C[NH+](C[C@@H](O)COc1ccccc1C(F)(F)F)C1CCSCC1
",0.44062227,A,0,1.0
14710,"COc1cc(-c2nc3cc(NC(=O)c4cccc(C)c4)ccc3o2)cc(OC)c1OC
",0.44052753,A,0,1.0
7789,"Cc1cccc(N2CCN(C(=O)[C@@H]3CC(=O)N(c4ccc(F)c(Cl)c4)C3)CC2)c1C
",0.44046888,A,0,1.0
30943,"CS[C@H]1CC[C@H](NC(=O)Cc2coc3cc(C)c(C)cc23)C1
",0.44055927,A,0,1.0
35043,"Cc1cccc(NC(=O)C[C@@H]2CCCCO2)c1C(=O)[O-]
",0.4405913,A,0,1.0
9046,"COc1cc(NC(=O)c2cc(C)nc3c2nc2n3CCCCC2)cc(OC)c1
",0.44054276,A,0,1.0
30944,"CCN(Cc1ccccc1)C(=O)c1cc(S(=O)(=O)NC(C)C)c(Cl)cc1Cl
",0.44057795,A,0,1.0
35500,"CCC1(CC)[C@@H](OC)[C@@H](C)[C@H]1NC(=O)N(C)CCn1cnnc1
",0.44064498,A,0,1.0
19574,"COc1ccc([C@@H]2CC(=O)c3cc(C(=O)NCc4ccc(C)cc4)c(=O)[nH]c3C2)cc1
",0.44049773,A,0,1.0
35117,"CC(C)c1cc(NC(=O)C(=O)N2CCC[C@H](C(C)(C)C)CC2)no1
",0.44057524,A,0,1.0
14244,"Cc1ccc(NC(=O)C(=O)N2CC[C@@H](C)[C@H](O)C2)cc1OC(F)F
",0.44057685,A,0,1.0
36811,"CCCc1cc(=O)n(CC(=O)NC(C)(C)C)c(-n2nc(C)cc2C)n1
",0.44057658,A,0,1.0
7382,"CCOc1cccc([C@@H](C)C[C@H](C)[NH3+])c1
",0.44067574,A,0,1.0
11330,"COc1ccccc1CC(=O)N1CCc2nc([C@@H]3CCCN3C(C)=O)ncc2C1
",0.4404921,A,0,1.0
15995,"Fc1cccc(C[NH+]2CCCC[C@H]2c2cn[nH]c2)c1Cl
",0.44058648,A,0,1.0
6647,"CN(C)c1ccc(CN(C[C@@H]2CCCO2)C(=O)c2n[nH]c3ccc([N+](=O)[O-])cc23)cc1
",0.44050828,A,0,1.0
16827,"C/C=C(/C)C(=O)NC[C@@H]1CCO[C@H]1c1ccccc1
",0.4405988,A,0,1.0
36769,"CCC(CC)N1C(=O)[C@@H](C(C)(C)C)NC(=O)[C@H]1[C@H](C)CC
",0.4406629,A,0,1.0
14102,"Cc1ccc(NC(=O)CSCC(=O)Nc2ccc(F)cc2)c(C)c1
",0.4406324,A,0,1.0
14994,"CCOC1=C(Br)C(=O)CC1
",0.44072816,A,0,1.0
21453,"COc1c(Cl)ccnc1C(F)(F)F
",0.44070148,A,0,1.0
37406,"N#C[C@]1(NC(=O)c2ccc3ccc(Cl)cc3n2)CCSC1
",0.44055623,A,0,1.0
24873,"O=C(c1cc(Cl)ccc1F)C1CC[NH2+]CC1
",0.44064897,A,0,1.0
13576,"COC(=O)c1c(C)nn2c1ncc1c(=O)n(-c3n[nH]c(SCc4cccc(C)c4)n3)ccc12
",0.44041637,A,0,1.0
36183,"CC[C@@H](C(=O)NCCn1nc(-n2nc(C)cc2C)ccc1=O)c1ccccc1
",0.44054484,A,0,1.0
5030,"O=C(NCCc1ccco1)c1cc2ccccc2cc1O
",0.44061184,A,0,1.0
27151,"CCCCCC[C@H](C)NC(=O)N1CCC[C@H](c2[nH]cc[nH+]2)C1
",0.44057724,A,0,1.0
38438,"CC(C)CNC(=O)[C@H](C)Sc1nc(-c2cccs2)nc2ccccc12
",0.44057173,A,0,1.0
37580,"CCOc1ccc([C@H](C)NC(=O)N2CCN(c3cccc[nH+]3)CC2)cc1
",0.4405713,A,0,1.0
20583,"CCc1ccc(C(=O)N[C@@H](C)Cc2cc(C)nn2-c2ccccc2)o1
",0.44053555,A,0,1.0
23807,"CCOC(=O)Nc1ccc(NC(=O)NC2CC[NH+](C)CC2)cc1
",0.44061035,A,0,1.0
34690,"O=C(CSc1nc2ccccc2o1)Nc1onc2c1CSC2
",0.44058713,A,0,1.0
39421,"CCc1cccc(C)c1NC(=O)c1cc(OC)c(Br)c(OC)c1
",0.44059786,A,0,1.0
9805,"N#C/C(=C/c1ccc(OC(F)F)cc1)C(=O)N1CCN(Cc2ccccc2)CC1
",0.4405529,A,0,1.0
18947,"Cn1cc(C(=O)Nc2ccccc2)c2nc([O-])n(-c3ccc(F)cc3)c(=O)c21
",0.44053072,A,0,1.0
16607,"Cc1sc(C(=O)N[C@@H]2CCCCC2(C)C)cc1N
",0.44061258,A,0,1.0
30736,"Cc1ccc(C(=O)N2CCC[C@H](C(=O)NN3CCOCC3)C2)cc1
",0.44057834,A,0,1.0
11735,"CC(C)C[NH+]1CCC(NC(=O)NC[C@H]2CCC[C@@H](O)C2)CC1
",0.44064388,A,0,1.0
412,"C[C@@H](NC(=O)NCCc1ccn(-c2ccccc2)n1)c1ccncc1
",0.440585,A,0,1.0
4110,"CC[C@H]1C[NH+]2CC[C@@H]1C[C@@H]2CNS(=O)(=O)c1cccc2cccnc12
",0.44058594,A,0,1.0
5633,"CCC(=O)N1CC[C@@H]([NH2+]Cc2c(Cl)cccc2N2CC[NH+](C)CC2)C1
",0.44053784,A,0,1.0
38979,"Cc1ccccc1CCNC(=O)C[NH+](C)[C@H](C)C(N)=O
",0.44058126,A,0,1.0
32243,"CCc1cc2c(=O)c(-c3ccc4c(c3)OCO4)c(C)oc2cc1O[C@@H]1O[C@@H](CO)[C@H](O)[C@@H](O)[C@H]1O
",0.4405402,A,0,1.0
39156,"CCOc1ccc(SCC(=O)N(C)CCC#N)cc1
",0.44067276,A,0,1.0
21265,"C=CCC[C@H](C)[NH+]1CCC(NS(=O)(=O)c2ccc(F)cc2)CC1
",0.4406031,A,0,1.0
39265,"COc1ccc(CNC(=O)C(=O)Nc2cccc(C)c2Cl)cc1O
",0.44051126,A,0,1.0
25694,"C[C@H](C#N)CN1C(=O)Cc2ccccc2C1=O
",0.44063565,A,0,1.0
32697,"Cn1cc(C#N)cc1C(=O)NCCc1ccc(C(F)(F)F)cc1
",0.4405782,A,0,1.0
10324,"CC(=O)c1ccc(S(=O)(=O)Nc2cc3c4c(c2)CC(=O)N4CCC3)cc1
",0.44056296,A,0,1.0
33101,"CC(=O)Nc1ccc(C[NH+]2CCC(N3CCCCC3=O)CC2)cc1
",0.4405673,A,0,1.0
36412,"CC[C@H](Nc1ccc(F)cc1C#N)c1ccncc1
",0.44063532,A,0,1.0
90,"Cc1ccc(OCC(=O)Oc2ccc(C(=O)Nc3ccccc3)cc2)cc1
",0.44062304,A,0,1.0
37702,"CC(C)[C@@H](NC(=O)c1ccccc1)C(=O)NCc1ccc(NC(N)=O)cc1
",0.44056806,A,0,1.0
3123,"Cc1cc(C)cc(C(=O)NCc2n[nH]c3ccccc23)c1
",0.4405888,A,0,1.0
21203,"CCOC(=O)c1sc(Sc2ccc(C(F)(F)F)cc2[N+](=O)[O-])nc1C
",0.44057575,A,0,1.0
3171,"Cc1c(CNc2cc3c(cc2Cl)OCO3)cnn1C
",0.44057694,A,0,1.0
11038,"Cc1[nH]nc(C(=O)Nc2ncccc2Br)c1[N+](=O)[O-]
",0.44061667,A,0,1.0
5081,"N#C[C@@H](CCl)C[C@H]1COc2ccccc21
",0.44064322,A,0,1.0
35463,"CO[C@H]1CCCC[C@@H]1NC(=O)N(C)C[C@H](C)c1ccccc1
",0.4406116,A,0,1.0
3500,"CO[C@H](C)C(=O)N(CC1CC1)c1ccc(Cl)c([N+](=O)[O-])c1
",0.44058564,A,0,1.0
30760,"C[C@@H](Cc1ccc(Cl)cc1)N(C)C(=O)c1ccc2ncccc2c1
",0.44057506,A,0,1.0
14821,"CCNS(=O)(=O)[C@H]1CCN(C(=O)/C=C/c2cccc(OC)c2)C1
",0.44049913,A,0,1.0
26689,"Cc1noc(C)c1C[NH+]1CCCC[C@@H]1[C@@H]1CCCN1C(=O)OC(C)(C)C
",0.4405825,A,0,1.0
10974,"Cc1ccc([C@H](NC(=O)Cc2ccccc2F)C2CC2)cc1
",0.44060355,A,0,1.0
11854,"CN(Cc1cccs1)C(=O)CCCC[C@H]1CCSS1
",0.4406109,A,0,1.0
24881,"O=C(NC(=S)Nc1ccccc1C(=O)NCc1ccccc1)c1ccco1
",0.44061008,A,0,1.0
2554,"CO[C@H](c1ccc(Cl)cc1)[C@H](C)NC(=O)C(=O)Nc1cccc(F)c1
",0.44060096,A,0,1.0
17476,"CC[C@H](C)NC(=O)[C@H](C)SCc1ccc(Cl)cc1
",0.44063917,A,0,1.0
18772,"CC[NH+]1CCCC[C@H]1CNCc1cnc(-c2ccccn2)s1
",0.44056478,A,0,1.0
9956,"C[NH2+][C@H]1c2cc(F)c(F)cc2[S@](=O)[C@@H](C)[C@H]1C
",0.44071588,A,0,1.0
22572,"C[C@H]1CN(C(=O)C(=O)NCC2CCC2)c2ccccc21
",0.44059443,A,0,1.0
36981,"CCc1nn(C)cc1CNCc1ccc(N2CCO[C@H](C)C2)[nH+]c1
",0.44055685,A,0,1.0
19218,"C[NH+](C)[C@H]1CCC[C@@H](NC(=O)NC2(C)Cc3ccccc3C2)C1
",0.44061786,A,0,1.0
5706,"O[C@@H](CN1CC[NH+](CC2CC2)CC1)c1ccc(Br)cc1
",0.4406351,A,0,1.0
31812,"CC(C)CC(=O)N1CCC(NC(=O)[C@@H]2CC(=O)N(c3ccccc3)C2)CC1
",0.44056648,A,0,1.0
31414,"CCC(=O)Nc1ccc(OC(=O)COc2ccc(Br)cc2Br)cc1
",0.44061977,A,0,1.0
38311,"C[C@@H](C(=O)Nc1ccc(C(N)=O)cc1)[NH+]1CCC[C@H](C(F)(F)F)C1
",0.4405812,A,0,1.0
9438,"O=C([C@H]1CCCN1S(=O)(=O)c1cccs1)N(Cc1cccnc1)c1nc2ccccc2s1
",0.44052568,A,0,1.0
8727,"CC(C)Oc1ccc(S(=O)(=O)/N=C(\[O-])CCc2ccc(F)cc2)cc1
",0.4406371,A,0,1.0
26538,"C[NH2+]C[C@H](C)C(=O)NCc1ccnn1C
",0.44062388,A,0,1.0
10927,"C[C@H](NC(=O)Nc1ccccc1)C(=O)Nc1ccc(F)cc1
",0.44065824,A,0,1.0
8412,"CC(C)(C)c1cc(NC(=O)c2ccc(S(=O)(=O)NC3CC3)cc2)[nH]n1
",0.4405508,A,0,1.0
38300,"Cc1c(C(=O)N2CCOC[C@H]2C)nnn1-c1cccc2c1CCN(Cc1ccccc1)C2
",0.4404339,A,0,1.0
30487,"O=[N+]([O-])c1ccc(F)cc1CNn1cccc1
",0.440652,A,0,1.0
16027,"COc1ccc(OC)c(Cc2nnc(CCC(=O)N3CCn4cccc4[C@@H]3C)o2)c1
",0.44049606,A,0,1.0
26310,"COc1ccc(C(=O)C2=C([O-])C(=O)N(CC[NH+](C)C)[C@@H]2c2ccc(F)cc2)cc1
",0.4405823,A,0,1.0
37520,"COC(=O)[C@H]1CCCCC[C@H]1NC(=O)Cn1c(=O)oc2ccccc21
",0.44053614,A,0,1.0
31052,"CCCC(C#N)(CCC)NS(=O)(=O)c1ccc(F)cc1C
",0.44063905,A,0,1.0
9989,"COC(=O)C(C)(C)[C@H]1CCCN(C(=O)NC2C[C@@H](C)O[C@H](C)C2)C1
",0.44062203,A,0,1.0
10155,"CCC[NH+](C)C[C@@H]1CCN(Cc2cc(Br)c(OC)s2)C1
",0.4405889,A,0,1.0
16744,"Cc1cccc(OCCNC(=O)N2CCN(c3cnccn3)CC2)c1
",0.44053808,A,0,1.0
31019,"CC(=O)c1c(C)[nH]c(C(=O)N[C@@H](C)C(=O)N2CCOCC2)c1C
",0.44062975,A,0,1.0
19931,"c1csc(CC[C@H]2CCCC[NH2+]2)n1
",0.44069567,A,0,1.0
29726,"O=C(COC(=O)c1ccccc1Cc1ccccc1)Nc1ccc(F)cc1
",0.44059122,A,0,1.0
3720,"Cc1cccc(/C=C2\SC(=S)N([C@H](CCC(=O)[O-])C(=O)[O-])C2=O)c1
",0.4406023,A,0,1.0
38615,"O=C(CN1C(=O)S/C(=C/c2ccccc2F)C1=O)N1CCOCC1
",0.44058946,A,0,1.0
17446,"Clc1ccccc1OCCC[NH+]1CCCC1
",0.44069174,A,0,1.0
16304,"O=C(Cn1nnc(-c2cccc(C(F)(F)F)c2)n1)Nc1ccc(N2CCCCC2)cc1
",0.44049883,A,0,1.0
17912,"CCN(C(=O)/C=C/c1cn(-c2ccccc2)nc1-c1ccccc1)[C@@H]1CCS(=O)(=O)C1
",0.4405509,A,0,1.0
11295,"Cc1ocnc1CNC(=O)N1C[C@H](C)O[C@@H](c2ccc(F)cc2)C1
",0.44056046,A,0,1.0
23950,"O=C1[C@H]2[C@@H](C(=O)N1c1cccc(Cl)c1)[C@H](C(=O)n1nnc3ccccc31)N1c3ccccc3C=C[C@H]21
",0.4405215,A,0,1.0
629,"CC1(C)[C@H]2CC[C@]1(C)[C@H](NC(=O)CCN1C(=O)COc3ccccc31)C2
",0.44055098,A,0,1.0
8458,"CCn1cnc(S(=O)(=O)N[C@]2(C(=O)[O-])CCSC2)c1
",0.44058925,A,0,1.0
27060,"COc1ccc2c(c1)C=C(C(=O)NCCc1cn3ccccc3n1)CO2
",0.4404942,A,0,1.0
28343,"CCC(=O)Oc1ccc(C(=O)Nc2cc([N+](=O)[O-])ccc2O)cc1
",0.44058898,A,0,1.0
28188,"O=C(CNS(=O)(=O)c1ccccc1F)NC1CCCCC1
",0.44059968,A,0,1.0
4780,"COc1cccc([C@H](CO)NC(=O)c2ccccc2O)c1
",0.44059214,A,0,1.0
1568,"CCO[C@@H](C)c1nc(CN2CC[NH+](C3CCSCC3)CC2)cs1
",0.4405955,A,0,1.0
18140,"C[C@H](CNC(=O)NCCc1cc(F)ccc1F)N1CCOCC1
",0.44059017,A,0,1.0
39008,"C[C@@H]([C@@H](C)S(C)(=O)=O)[NH+](C)[C@H]1C[C@@H](c2ccccc2)C[C@@H](C)C1
",0.44065535,A,0,1.0
37284,"CCc1nn(C)cc1CNC1C[C@@H]2CC[C@H](C1)[NH+]2Cc1ccccc1
",0.44059694,A,0,1.0
8085,"Cc1noc(C(C)C)c1C(=O)Nc1nnc(C2CCCCC2)s1
",0.4405715,A,0,1.0
18361,"CCCN(CC(=O)N1CCc2sccc2[C@@H]1c1ccccc1)C(=O)C1CCCC1
",0.4405678,A,0,1.0
10060,"C[C@@H](CN(C)C(=O)c1ccc2c(c1)C(=O)N(C)C2=O)c1ccccc1
",0.44057468,A,0,1.0
39418,"CCn1nc(C)c(NC(=O)N[C@@H](c2nnc3n2CCC3)C(C)C)c1C
",0.4405913,A,0,1.0
35514,"CC(C)([NH2+]CCCc1ccccc1)C(=O)NC1CCC(O)CC1
",0.44062424,A,0,1.0
1741,"Cc1ccnc2c1nc([C@H](C)Cl)n2C[C@H]1CCOC1
",0.44059172,A,0,1.0
37204,"Cc1ccc(/C=C2/SC(=O)N(Cc3ccc(Cl)c(Cl)c3)C2=O)s1
",0.44059795,A,0,1.0
38290,"Cc1c(C(=O)Nc2cccc(C#N)c2)sc2nc3n(c(=O)c12)CCCCC3
",0.4404914,A,0,1.0
20837,"CN(C)C(=O)CN(C)C(=O)CCc1nc(-c2ccc(Cl)cc2)no1
",0.4405777,A,0,1.0
25979,"Cc1cc(C)c2nc(NC(=O)c3cccc(S(=O)(=O)NCc4ccc5c(c4)OCO5)c3)sc2c1
",0.44048053,A,0,1.0
32964,"CC(=O)NC1(c2noc(CCC(=O)NC(C)(C)C)n2)CCCCCC1
",0.44062623,A,0,1.0
27985,"CN(Cc1ccc(Cl)cc1)c1[nH]c2ccc(N)cc2[nH+]1
",0.4406144,A,0,1.0
30308,"O=C(NC[C@@H]1CCC[C@@H](O)C1)NCC1(c2ccccc2F)CC1
",0.44058648,A,0,1.0
9636,"NC(=S)c1ccccc1OC[C@@H]1Cc2ccccc2S1
",0.4406048,A,0,1.0
30307,"CC[C@H](C)NC(=O)N[C@H](C)[C@@H]1CCCO1
",0.4406689,A,0,1.0
15633,"O=c1n(CN2CCC[NH+](Cc3ccccc3)CC2)nc2ccccn12
",0.44060796,A,0,1.0
17654,"O=C(CC1CCC1)NC[C@H]1CCCN(c2ncccn2)C1
",0.44059208,A,0,1.0
5375,"COc1ccc(S(=O)(=O)N2CCC[C@H](C(=O)Nc3nc4ccccc4s3)C2)cc1
",0.44050172,A,0,1.0
13062,"CC[C@@](C)([C@@H](N)c1ccccc1)[NH+]1CCCCC1
",0.4406686,A,0,1.0
18575,"Oc1ccccc1-c1nc2cnccn2c1NC1CCCC1
",0.4405718,A,0,1.0
33880,"COCc1c(Br)cccc1N[C@@H](C)c1ccoc1
",0.44067207,A,0,1.0
29749,"CCc1noc([C@H](C)[NH+](C)Cc2csc(Br)c2)n1
",0.4406162,A,0,1.0
1688,"N#CCN1CCC(OC[C@H]2CCCCO2)CC1
",0.4406575,A,0,1.0
23518,"N#CCN(CC(=O)Nc1sc2c(c1C(N)=O)CCCC2)c1ccccc1
",0.44054258,A,0,1.0
4362,"COc1ccc(OC)c(NC(=S)NC(=O)c2ccccc2)c1
",0.44061905,A,0,1.0
9900,"Cn1cccc1/C=C1/C(=O)N(c2ccccc2)N=C1N
",0.4406438,A,0,1.0
16897,"COC(=O)[C@]1(c2ccccc2)[NH2+][C@@H](c2cccs2)[C@H]2C(=O)N(c3ccccc3F)C(=O)[C@@H]21
",0.440549,A,0,1.0
16803,"CCOc1ccccc1/C=N/NC(=O)c1ccc(NC(=O)c2cccc(C)c2)cc1
",0.44054744,A,0,1.0
16871,"CC(C)(C)CC(=O)N1CCC[C@H]1C(=O)Oc1ccc2nccnc2c1
",0.44056687,A,0,1.0
30438,"O=C(Nc1ccc(Cl)cc1)N1CCCC[C@@H]1C1OCCO1
",0.44059208,A,0,1.0
10228,"O=C(C1CCCCC1)N1CCN(Cn2cc(Br)cn2)CC1
",0.44062614,A,0,1.0
26389,"CSc1ccc([C@H]2C3=C(C[C@@H](c4ccccc4O)CC3=O)Nc3onc(C)c32)cc1
",0.44051808,A,0,1.0
34142,"CCN(C)c1cccc(NC(=O)N2CC[C@H](Oc3cccnc3)C2)c1
",0.44053456,A,0,1.0
13966,"CC[NH+](CC)C[C@@H]1CCN(C(=O)Cc2coc(-c3ccc(Cl)cc3)n2)C1
",0.44050467,A,0,1.0
7705,"COCCOc1cccc(/C=C2/N=C(c3cc(C)oc3C)OC2=O)c1
",0.44056112,A,0,1.0
34637,"COCCN(C)C(=O)[C@H]1COc2ccc(F)cc2C1
",0.4405877,A,0,1.0
32763,"C[NH+](CC(=O)N[C@@H]1CC[C@@H]([NH3+])C1)Cc1ccccn1
",0.44063324,A,0,1.0
33601,"CC(C)CNc1nc2ccccn2c(=O)c1/C=C1\SC(=S)N(C[C@H]2CCCO2)C1=O
",0.44051597,A,0,1.0
26401,"CCN(Cc1ccc(OC)c(F)c1)C(=O)c1ccc(NC(=O)c2ccco2)cc1
",0.4405216,A,0,1.0
15133,"Cc1ccc2c(c1)=C[C@H](CNc1ccc(N3CCCCC3)cc1C(=O)N1CCCCC1)C(=O)[NH+]=2
",0.44051826,A,0,1.0
23441,"CC1(C)[C@@H](NC(=O)CCOC[C@@H]2CCCO2)[C@@H]2CCO[C@@H]21
",0.44065073,A,0,1.0
37292,"O=C1CCC[C@H]1CCn1c(=O)oc2cccnc21
",0.44062045,A,0,1.0
5722,"O=C(CCc1ccccn1)C1CC1
",0.44068772,A,0,1.0
5796,"Cn1c(-c2ccc(Cl)cc2)nnc1S(=O)(=O)CC(=O)NC1CC1
",0.44054908,A,0,1.0
17711,"C[C@@H]1Sc2ccc(C(=O)Nc3ccc(NS(=O)(=O)c4ccc(F)cc4)cc3)cc2NC1=O
",0.4404933,A,0,1.0
5098,"COC[C@@H](C)OC(=O)c1nnn(-c2ccc(C)cc2)c1C
",0.44060934,A,0,1.0
16292,"O=C(Nc1cnn(Cc2ccccc2)c1)[C@H]1CC(c2cccc(F)c2)=NO1
",0.44050142,A,0,1.0
35194,"C[C@H]1CC(C(=O)NCCCCCc2ccccc2)C[C@H](C)O1
",0.44062045,A,0,1.0
2323,"Cc1onc(-c2ccccc2Cl)c1C(=O)N1CCN(C2CC2)C[C@@H]1Cc1ccccc1
",0.4404968,A,0,1.0
32292,"CC[C@@H](C)Oc1ccc(NC(=O)CS(=O)(=O)NC)cc1
",0.4406175,A,0,1.0
5708,"COc1cccc(C(=O)Nc2cc(C(N)=O)ccc2C)c1F
",0.44056714,A,0,1.0
38227,"CCOc1ccc(NCC(=O)Nc2ccc(F)cc2)cc1
",0.44063702,A,0,1.0
5601,"Cc1ccc(-n2c(C)cc(/C=N/NC(=O)COc3ccccc3)c2C)cc1C
",0.44054112,A,0,1.0
1943,"CC1(C)CN(C(=O)Nc2ccc3c(c2)COC3)CC[S@]1=O
",0.4405904,A,0,1.0
11115,"O=C(Nc1ccc(Cl)cc1)c1nnc([C@H]2CCCN(C(=O)NCc3ccc(F)cc3)C2)s1
",0.44045934,A,0,1.0
17894,"C[C@@H]([NH2+]C[C@H]1CN(C)CCO1)C(C)(C)O
",0.44065073,A,0,1.0
34086,"CN[C@]1(C#N)CCC[C@H]([NH+](C)CCc2ccccn2)C1
",0.44059777,A,0,1.0
39029,"Cc1ccccc1OCCCN1C(=O)C2(OCCO2)c2c(Cl)ccc(Cl)c21
",0.4405452,A,0,1.0
3499,"Cc1cc(NC(=O)COc2ccccc2)n(-c2nc([O-])c3cnn(-c4ccccc4F)c3n2)n1
",0.44046238,A,0,1.0
33248,"CCC1CCC([NH2+][C@H](C(=O)N2CCCC2)C(C)C)CC1
",0.4406948,A,0,1.0
1567,"C[C@@H]1CCCC[NH+]1CC(=O)N(Cc1cccs1)c1ccc2c(c1)OCCO2
",0.4405729,A,0,1.0
27479,"OCC[NH+](CCCc1nc2ccccc2o1)[C@@H]1CCCc2ccccc21
",0.44055617,A,0,1.0
25263,"CC(C)N(C(=O)c1ccc(Br)s1)C(C)C
",0.44067025,A,0,1.0
22985,"Cc1cc(CN(C)C(=O)NCC2(c3ccc(Cl)cc3)CCCC2)no1
",0.44057482,A,0,1.0
33998,"C[C@@H](CNS(=O)(=O)Cc1ccc(F)c(Cl)c1)[S@@](C)=O
",0.44061077,A,0,1.0
11112,"Cc1ccc(OCC(=O)NS(=O)(=O)c2ccc(C)cc2C)cc1
",0.44063854,A,0,1.0
36963,"CC(C)Cn1cnnc1[C@H]1CCC[NH+]1Cc1cccs1
",0.44061047,A,0,1.0
16790,"N#Cc1c(F)cccc1NCCNC(=O)c1cc[n+]([O-])cc1
",0.440597,A,0,1.0
31967,"CC(C)(C)CC(=O)NCC(=O)N1CC=C(c2ccccc2Cl)CC1
",0.4405318,A,0,1.0
3723,"CN[C@]1(C#N)CC[C@H]([NH+]2CCC[C@H](C(F)(F)F)C2)C1
",0.4406612,A,0,1.0
6876,"CN(C(=O)/C=C/c1ccccc1)C1(C#N)CCC1
",0.44064632,A,0,1.0
4241,"CCCC1=NN(c2ccc(F)cc2)C(=O)/C1=C(\C)NC1CCCC1
",0.44056594,A,0,1.0
4565,"C[C@H](Cc1ccccc1F)C(=O)Nc1ccc(C(=O)N2CCOCC2)cc1
",0.44055602,A,0,1.0
22156,"CNc1cc(N2CCC[C@H]2COC)c(Cl)cc1[N+](=O)[O-]
",0.44057092,A,0,1.0
10727,"Cn1c([C@H]2C(c3ccccc3)=NCN2CCc2c[nH]c[nH+]2)cc2ccccc21
",0.44056234,A,0,1.0
37125,"C[C@H]1C(=O)CCN(Cc2cccc(Br)c2)[C@@H]1C
",0.44061926,A,0,1.0
39407,"C[C@@H]1[C@](O)(c2ccccc2)NC(=O)[C@]12C(=O)N=C(N)[C@H]2C#N
",0.44065452,A,0,1.0
18132,"CS(=O)(=O)N1CCC[C@@H](NC(=O)NC2(c3cccc(Cl)c3)CC2)C1
",0.44054663,A,0,1.0
26798,"Cc1ccc(C)c(N2CC[NH+]([C@H](c3ccc(Cl)cc3)c3nnnn3C(C)C)CC2)c1
",0.4405833,A,0,1.0
17731,"Cc1cc(Sc2ccccn2)c2ccccc2n1
",0.4406513,A,0,1.0
9561,"CCc1ccc(NC(=O)c2nnc(CSc3nnnn3C3CC3)s2)cc1
",0.4405409,A,0,1.0
11570,"CCSC[C@H](C)[NH+](C)Cc1nc(-c2ccco2)no1
",0.44060683,A,0,1.0
10277,"CC[NH2+][C@@H](CC1CCOCC1)[C@@](C)(CC)[NH+]1CCCCC1
",0.44068953,A,0,1.0
22372,"CCc1ccccc1NC(=O)[C@H](C)N1C(=O)c2ccc(C)cc2C1=O
",0.44058415,A,0,1.0
19283,"N#Cc1ccc(NC(=O)CC[NH+]2CCN(C(=O)Cc3ccccc3F)CC2)cc1
",0.4405762,A,0,1.0
34719,"Cc1cccnc1[C@@H]([NH2+][C@@H](C)c1ccc(F)cn1)C(C)C
",0.44070002,A,0,1.0
33624,"COc1ccc(OC)c(NC(=O)c2cc(S(=O)(=O)N3CCC[C@H](C)C3)cn2C)c1
",0.44049487,A,0,1.0
24363,"CC[S@](=O)[C@@H]1CCCC[C@@H]1NC(=O)N(C)[C@@H](C)c1ccccc1
",0.44060564,A,0,1.0
29734,"CC[NH2+][C@@H](c1ccsc1)[C@@H]1CCOC2(CCCC2)C1
",0.44061595,A,0,1.0
38152,"Cc1cc(NC(=O)CSc2nnc(-c3ccoc3C)n2C)n(-c2ccccc2)n1
",0.4404994,A,0,1.0
12255,"Cc1cnc(C(=O)NCCCO[C@H](C)c2ccccc2)cn1
",0.4405875,A,0,1.0
9434,"CCC[C@H]1C[C@](O)(C2(C[NH3+])CCC(CC)CC2)CCO1
",0.4406879,A,0,1.0
38951,"COc1cc([C@H]2c3nnnn3CC(=O)N2Cc2ccc(F)cc2)cc(OC)c1OC
",0.4405343,A,0,1.0
25338,"O=C(c1c(F)cc(Br)cc1F)N1CCC[C@@H]1CCCO
",0.44062632,A,0,1.0
39750,"COC(=O)CC1(CS(=O)(=O)N[C@@H]2CC[C@@H](C)C[C@H]2C)CC1
",0.44062755,A,0,1.0
18816,"C[C@H](c1nc(-c2cccc(C(F)(F)F)c2)no1)N1CCN(C(=O)c2ccc([N+](=O)[O-])o2)CC1
",0.44045237,A,0,1.0
27100,"Cc1ccc(CNC(=O)CSc2nnc3n(CC(C)C)c(=O)c4sccc4n23)cc1
",0.44053182,A,0,1.0
38081,"CC(C)c1nc(NC(=O)c2cn(C)nc2C(C)(C)C)n(C)n1
",0.4406386,A,0,1.0
13562,"CC[C@](C)([C@@H](NC)c1cccc(F)c1F)[NH+]1CCCCC1
",0.44063443,A,0,1.0
33050,"Cc1ccc(CN(C(=O)CSc2n[nH]c(=O)n2C)C2CC2)o1
",0.4405819,A,0,1.0
4174,"CCc1cccc(NC(=O)NCCCO)c1
",0.4406236,A,0,1.0
7589,"C=CCN1C(C)=C(c2csc(NC(=O)c3ccc4[nH]nnc4c3)n2)C[C@H]1C
",0.44047016,A,0,1.0
7547,"COc1cccc(-c2nnc(SCC(=O)Nc3cccc(C#N)c3)n2-c2ccccc2)c1
",0.44050223,A,0,1.0
8205,"C[C@H](NC(=O)OC(C)(C)C)C(=O)Nc1cc(F)ccc1F
",0.44063368,A,0,1.0
2229,"CCCC[NH+]1CCC(NCc2cccc([N+](=O)[O-])c2)CC1
",0.44059223,A,0,1.0
28725,"CN(CCCOc1ccccc1)C(=O)NC1CCC2(CC1)OCCO2
",0.4405826,A,0,1.0
32254,"O=C(CCc1c[nH]c2ccccc12)N1CCC(c2nc(-c3ccc(Cl)cc3)no2)CC1
",0.4404501,A,0,1.0
5936,"Brc1cccc(CSc2ncc(-c3ccccc3)nn2)c1
",0.44061324,A,0,1.0
26388,"Cn1cc(C(=O)Nc2ccc(-n3ccnn3)cc2)c(C(C)(C)C)n1
",0.4405986,A,0,1.0
16434,"C[C@@H](CN(C)C(=O)NNC(=O)c1ccc(C#N)cc1)c1ccccc1
",0.44060722,A,0,1.0
14181,"CSCC[C@H](NC(=O)c1ccccc1Cl)C(=O)Nc1ccc(O)c(Cl)c1
",0.4405406,A,0,1.0
22028,"CCc1nn(CC)c(C[C@@H]([NH2+]C)[C@H]2CN(C)CCO2)c1Br
",0.44063878,A,0,1.0
12885,"CC[C@@H](C)Nc1ncccc1C#N
",0.44066268,A,0,1.0
16137,"COc1cc(C(=O)[O-])cc2c1OC1(C=C2)C=Cc2cc(C(=O)[O-])cc(OC)c2O1
",0.44067296,A,0,1.0
28842,"CCn1cccc(-c2nnc(SCC(=O)NC3CCCC3)n2C)c1=O
",0.44053003,A,0,1.0
15258,"CCOC(=O)c1[nH]ncc1C[NH+]1CCC(NC(=O)Nc2ccc(F)cc2)CC1
",0.440522,A,0,1.0
5390,"Cc1ccc(C(=O)NC[C@H](c2ccco2)[NH+]2CCCC2)cc1[N+](=O)[O-]
",0.4405427,A,0,1.0
30907,"Cc1c(OC(=O)c2csc(-c3ncccn3)n2)cccc1[N+](=O)[O-]
",0.44058898,A,0,1.0
13238,"Cc1noc(NC(=O)c2cccc(C#N)c2)n1
",0.44059038,A,0,1.0
19132,"CC(C)Cn1cc(C(=O)NCc2ccc3c(c2)OCO3)c2ccccc21
",0.44054812,A,0,1.0
36401,"CS(=O)(=O)[C@H]1CCC[C@H](NC(=O)C(=O)Nc2c(F)cccc2F)C1
",0.44061688,A,0,1.0
7815,"CC(C)[C@@H](CNC(=O)c1ccccc1O)N1CC[NH+](C)CC1
",0.4406371,A,0,1.0
5732,"CCCn1c(C[NH+]2CCCCCC2)nc2cc(NC(=O)C(C)C)ccc21
",0.44052655,A,0,1.0
9491,"C[C@H](Cc1ccc(O)cc1)N(C)C(=O)CCSc1ccc(C#N)cc1
",0.44061753,A,0,1.0
31563,"CCC(=O)N1CCCN(C(=O)Cc2noc3ccccc23)CC1
",0.44060943,A,0,1.0
9158,"Cc1ccc([C@@H]2CCCN2C(=O)[C@@H]2CCCN(C(=O)Cc3ccccc3)C2)cc1C
",0.4405467,A,0,1.0
12716,"N#Cc1ccc(NC(=O)NCC2(c3ccc(F)cc3)CC2)cc1
",0.44059026,A,0,1.0
16265,"CC(=O)N1CCN(C(=O)c2cc(N3C(=O)CCS3(=O)=O)ccc2Cl)CC1
",0.44058397,A,0,1.0
22273,"CC(C)N(Cc1cccnc1)C(=O)[C@@H]1CCCN(c2ncccn2)C1
",0.44056138,A,0,1.0
35133,"C[NH+](C)[C@@H]1CC[C@@H](NC(=O)N2CCC(Nc3ccccc3)CC2)C1
",0.44062766,A,0,1.0
25014,"O=C([O-])c1[nH]ncc1CN1CCC[C@@H](c2nc3ccccc3o2)C1
",0.44054613,A,0,1.0
8849,"Cc1nn(-c2ccccn2)c(C)c1N1CCN(C(=O)NCc2cccc3ccccc23)CC1
",0.44048798,A,0,1.0
17720,"Cc1ccc(C(=O)N(Cc2ccccc2)CC(F)F)c(C)n1
",0.4406386,A,0,1.0
28340,"CC(=O)N[C@@H](c1nccs1)[C@H]1CCCN(C(=O)c2c(C(C)C)noc2C)C1
",0.44052726,A,0,1.0
35625,"Cc1ccc(S(=O)(=O)N2CCC(C(=O)Nc3ccccc3I)CC2)c(C)c1
",0.44052327,A,0,1.0
26069,"Cc1ccncc1[C@H](F)C(=O)[O-]
",0.440701,A,0,1.0
14632,"Nc1cc2c(=O)[nH]cnc2cc1NCCC(=O)NC1CC1
",0.44058695,A,0,1.0
6370,"CCC(C)(C)C1CCC(NC(=O)c2ccn(C)c(=O)c2)CC1
",0.44058675,A,0,1.0
1384,"Cc1cccc(-n2ccnc(SCc3cccc(C(F)(F)F)c3)c2=O)c1
",0.4405807,A,0,1.0
24128,"CC1=C(C(=O)Nc2ccccc2C)[C@H](c2ccccc2C(F)(F)F)NC(=O)N1
",0.44056764,A,0,1.0
38669,"COC(=O)c1c(C)[nH]c(C(=O)NCC(=O)Nc2ccc(F)c(F)c2F)c1C
",0.4405523,A,0,1.0
16103,"Cc1cnc(N[C@H](C)c2cnn(C)c2)nc1N[C@H](C)c1cnn(C)c1
",0.44063184,A,0,1.0
34387,"Cc1cn2c3c(=O)n(CCC(C)C)c(=O)n(C)c3nc2n1-c1ccccc1
",0.44060403,A,0,1.0
31372,"Cc1ccc(-c2noc(COc3cccc(CO)c3)n2)cc1F
",0.44051453,A,0,1.0
4613,"C[C@H](C(=O)NC[C@@H](O)c1ccc(Cl)cc1)S(C)(=O)=O
",0.4406473,A,0,1.0
702,"COc1ccc(S(=O)(=O)Nc2ccccc2C(=O)N2CCC(c3c[nH]c4ccccc34)CC2)cc1
",0.44047228,A,0,1.0
35018,"Cc1ccc([C@@H](C[NH3+])Sc2cccc(F)c2)s1
",0.44064522,A,0,1.0
5394,"O[C@@H]1CCC[NH+](CCOc2ccccc2F)C1
",0.44062874,A,0,1.0
1182,"O=C1N=C(N2CCN(Cc3ccccc3)CC2)S/C1=C\c1c[nH]c2ccccc12
",0.44054604,A,0,1.0
38906,"C#CCCN(C)CCS(C)(=O)=O
",0.440746,A,0,1.0
32501,"CCc1ccc2oc([C@H](C)N3CC[NH2+]CC3)nc2c1
",0.44064286,A,0,1.0
19940,"CCc1[nH]nc(-c2ccc(Cl)cc2)c1NC(=O)c1ccccc1F
",0.44056997,A,0,1.0
7101,"Cc1c([C@H](C[NH3+])N(C)C(C)C)cnn1C
",0.4406714,A,0,1.0
26488,"Fc1ccc(F)c(OCc2cnc(Cl)s2)c1
",0.4406492,A,0,1.0
33302,"Cc1cc(OCC(=O)Nc2ccccc2C(=O)NCC(C)C)ccc1Cl
",0.44053638,A,0,1.0
13112,"COc1ccc2c(c1)CCN=C2C[C@H]1CN(C(=O)c2ccco2)CC[C@H]1CC(=O)[O-]
",0.44044802,A,0,1.0
25738,"CCCCOc1ccccc1[C@H]1C(C#N)=C(N)Oc2n[nH]c(-c3ccccc3)c21
",0.44053826,A,0,1.0
1695,"CCC[NH2+][C@H]1CCC[C@H]1CCN1CCO[C@H]2CCC[C@@H]21
",0.44065568,A,0,1.0
6126,"CCCc1nc(CN(CC)C(=O)C[C@@H]2C(=O)N=C(C)N=C2C)no1
",0.44062823,A,0,1.0
27694,"CCCN1CCO[C@@H](c2ncc([C@@H](C)Cl)c(C)n2)C1
",0.44057298,A,0,1.0
35522,"Cc1[nH+]ccn1CCCCn1cnc2cccc(Br)c2c1=O
",0.4406143,A,0,1.0
36227,"C[C@@]12CC3CC([NH2+]C[C@H]4CC=CCC4)(C1)C[C@](C)(C3)C2
",0.44068897,A,0,1.0
16379,"c1ccc(-n2cc(CNCCc3nc(-c4ccccn4)cs3)cn2)cc1
",0.4405525,A,0,1.0
5589,"O=C(COC(=O)c1ccc(Cl)nc1)Nc1cccc(S(=O)(=O)N2CCCCC2)c1
",0.44049606,A,0,1.0
26552,"Cc1cc(F)cc(NC[C@@H](O)COC2CCC(C)CC2)c1
",0.44061276,A,0,1.0
4885,"CC[C@@H](NC(=O)CCOc1ccccc1)c1nc(C)cs1
",0.44056904,A,0,1.0
30521,"O=C1[C@H]2CCCN2[C@H](c2ccc(C(F)(F)F)cc2)N1c1ccc(Cl)cc1
",0.44058573,A,0,1.0
25852,"ClCc1cc2cccnc2cc1Cl
",0.44063905,A,0,1.0
12405,"CC(C)(C)c1ccc(Oc2ccc(NC(=O)[C@@H]3[C@@H]4C[C@@H]5OC(=O)[C@@H]3[C@@H]5C4)cc2)cc1
",0.44056493,A,0,1.0
30552,"CCc1nc(CS(=O)(=O)CC(=O)Nc2ccc(C(C)C)cc2)no1
",0.44059142,A,0,1.0
11559,"CC(C)(C)[C@H](NS(C)(=O)=O)C(=O)NCCc1ccc[nH]1
",0.4406201,A,0,1.0
29401,"C[C@@H](CCl)CSc1ccnc(N(C)C)n1
",0.44066823,A,0,1.0
1372,"Cc1cc(C)cc(OCCC#N)c1
",0.44072133,A,0,1.0
22303,"Cc1nnnn1-c1cccc(C(=O)NCc2ccccc2)c1
",0.44055802,A,0,1.0
31760,"COc1ccc([C@@H]2C(N)=NC(=O)N2C)cc1Br
",0.4406331,A,0,1.0
23994,"c1cc2cc(-c3ccoc3)ccc2[nH]1
",0.44071364,A,0,1.0
28839,"Nn1c(SCC(=O)Nc2cc(Cl)cc(Cl)c2)nnc1C(F)(F)F
",0.4406104,A,0,1.0
27496,"Cc1ccc([C@H]2COCCN2Cc2ccc(C)c([N+](=O)[O-])c2)o1
",0.44055918,A,0,1.0
11142,"CSCC[C@](C)(O)CNC(=O)c1ccc(F)cc1F
",0.44061533,A,0,1.0
16363,"CC[C@@H](C)NC(=O)c1ccc(NC(=O)[C@H](C)[NH+]2CCCCCC2)cc1
",0.4406135,A,0,1.0
9552,"Cc1nc(C2CC[NH+](Cc3ccccn3)CC2)nc2c1CCC(=O)N2Cc1ccccc1F
",0.44046494,A,0,1.0
2370,"CCC(=O)N1CCC[C@@H](C(=O)NCC(C)(C)c2cccc(C)c2)C1
",0.44054696,A,0,1.0
25664,"O=C(CCCNC(=O)c1ccccc1)Oc1ccc(F)cc1
",0.44062462,A,0,1.0
13665,"O=C(NCc1nc2ccccc2[nH]1)[C@@H]1CCCC[NH+]1Cc1ccncc1
",0.44052812,A,0,1.0
34998,"CS(=O)(=O)N1CCCN(CCOc2ccccc2)CC1
",0.4406052,A,0,1.0
9176,"CCc1ccc(NC(=O)[C@@H](CC)n2cc(Br)cn2)cc1
",0.44061878,A,0,1.0
12947,"Cn1nc(C(=O)NCc2ccon2)c2ccccc2c1=O
",0.44059536,A,0,1.0
33620,"CC(C)OC(=O)O[C@H]1CCC[NH2+]C1
",0.44073427,A,0,1.0
8916,"CNc1ncccc1C(=O)N(Cc1ccc(SC)cc1)C1CC1
",0.44058934,A,0,1.0
2159,"O=C(NNC(=O)c1cccc([N+](=O)[O-])c1)Nc1ccccc1Cl
",0.44060072,A,0,1.0
13156,"Cc1nc(/C=C/C(=O)Nc2cc(Br)ccc2-n2cccn2)cs1
",0.44053188,A,0,1.0
33649,"Cn1ncnc1CNC(=O)N1CCC[C@@H](C[NH+]2CCCCCC2)C1
",0.44059473,A,0,1.0
10765,"C[C@@H]1CCC[C@H](NC(=O)OCCO)C1
",0.4406725,A,0,1.0
16932,"Cc1cc(C)cc(CS(=O)(=O)[C@@H](C)c2ncc(C(C)(C)C)o2)c1
",0.44061342,A,0,1.0
24783,"Cn1ncnc1CC1CC[NH2+]CC1
",0.4407099,A,0,1.0
29397,"O=C([O-])CCn1cc(/C=C\C(=O)c2ccc(F)cc2)c(-c2cccc(Cl)c2)n1
",0.44048634,A,0,1.0
4807,"CCOc1ccc(-c2c(C)sc3ncnc([NH+]4CCC[C@H]4C(=O)[O-])c23)cc1
",0.44058865,A,0,1.0
25807,"C#C[C@@H](NC)C(CC)(CC)[NH+](C)C
",0.44075185,A,0,1.0
13045,"CN(C[C@@H]1CCCCO1)C(=O)OCCO
",0.44068152,A,0,1.0
30119,"C[C@H]([NH3+])Cc1ccc(O[C@H]2CCOC3(CCC3)C2)cc1
",0.44062832,A,0,1.0
15158,"Cc1cccc(C(=O)NCCn2nc(-c3cccnc3)ccc2=O)c1
",0.4405534,A,0,1.0
1563,"Cn1c(C[NH+](C)C)nnc1[C@@H]1CCCN(C(=O)c2n[nH]c3ccccc23)C1
",0.44052696,A,0,1.0
29553,"COCCn1cc(C(=O)Nc2nc([C@H]3CCCO3)n[nH]2)c2ccccc21
",0.4404933,A,0,1.0
39035,"O=C(Nc1ccc(N2CC[NH+](Cc3ccccc3)CC2)cc1)c1ccccc1N1CCCC1=O
",0.44052836,A,0,1.0
25687,"Cc1ccc(C)c(/C=C2/N=C(c3ccc(Cl)cc3)OC2=O)c1
",0.4405825,A,0,1.0
36794,"Cc1ccc(NC(=O)C[C@@H](C)n2cccn2)c(Br)c1
",0.44055867,A,0,1.0
38995,"C[NH+]1CCCN(S(=O)(=O)c2ccc3c(c2)OCCO3)CC1
",0.44067684,A,0,1.0
4319,"COc1cc2c(cc1CN1CCC[C@@H](c3nnsc3S(C)(=O)=O)C1)OCO2
",0.44056895,A,0,1.0
36808,"CC(=O)c1c(C)nc(C)nc1SCc1csc(C(C)C)n1
",0.44064072,A,0,1.0
2023,"COc1cc(F)c([C@H](C)NC(=O)c2c(C)cc(C)cc2C)cc1OC
",0.44064665,A,0,1.0
24109,"C=CCN1/C(=N/C(=O)Cc2ccc(F)cc2)S[C@H]2CS(=O)(=O)C[C@H]21
",0.44064832,A,0,1.0
32413,"O=C(NCCn1nc(-c2ccco2)ccc1=O)c1ccc(S(=O)(=O)N2CCCC2)cc1
",0.4405091,A,0,1.0
27301,"CCN1C(SCC(=O)Nc2ccc(Cl)c(Cl)c2)=NN[C@@H]1C1=CC2=C(C)C(C)=N[C@@H]2C=C1
",0.4405043,A,0,1.0
16122,"CCCNC(=O)c1ccc(N[C@H]2CCCN(Cc3ccccc3)C2=O)nc1
",0.4404849,A,0,1.0
9037,"O=C([O-])[C@@H]1CCCC[C@@H]1NS(=O)(=O)c1ccc2ccccc2c1
",0.4406022,A,0,1.0
230,"Cc1ccc(C)n1-c1c(C(=O)O[C@H]2CCS(=O)(=O)c3ccccc32)cnn1C
",0.44056645,A,0,1.0
27890,"N#CC1=C(SCC(=O)Nc2ccc([N+](=O)[O-])cc2)NC(=O)C[C@H]1c1ccc(F)cc1
",0.44049057,A,0,1.0
35152,"CCC1CCC([C@H](O)[C@H]2CCO[C@]3(CCOC3)C2)CC1
",0.44064674,A,0,1.0
18155,"O=C(NCCc1nc2ccc(F)cc2[nH]1)c1cc(=O)c2ccccc2o1
",0.44049746,A,0,1.0
23749,"CC(=O)N1c2ccccc2C[C@H]1C(=O)NCc1ccc([S@](C)=O)cc1
",0.4405576,A,0,1.0
15820,"C[C@H](OC(=O)c1ccc(S(=O)(=O)N(C)C)cc1)c1nccs1
",0.44061384,A,0,1.0
38823,"C=Cn1cc(C[NH+]2CC[C@@H](CNC(=O)c3ccc(C#N)cc3)C2)cn1
",0.44051662,A,0,1.0
37378,"COc1ccc(/N=N/c2ccc3c(c2)CCCN3C)cc1
",0.44062403,A,0,1.0
26293,"CCc1noc(CN(C)Cc2ccc(C(=O)OC)c(F)c2)n1
",0.44055954,A,0,1.0
37227,"CN(C)C(C)(C)[C@@H]([NH3+])Cc1cnn(C)c1
",0.4406712,A,0,1.0
29115,"Cc1cc(C(=O)NC2C(C)(C)C([NH3+])C2(C)C)ccc1F
",0.44064268,A,0,1.0
39148,"O=C([O-])CCC(=O)N1CCN(S(=O)(=O)c2cccs2)CC1
",0.44062063,A,0,1.0
18397,"C[C@H](CCO)N(Cc1ccccc1)S(=O)(=O)c1cncc(F)c1
",0.44057927,A,0,1.0
12228,"Cc1nc(-c2ccc(F)cc2)sc1[C@H](C)NC[C@@H]1C[NH+]2CCN1CC2
",0.440571,A,0,1.0
4747,"O=C(Nc1ccc(-n2cncn2)cc1C(F)(F)F)N(Cc1cccnc1)C[C@H]1CCCO1
",0.44049007,A,0,1.0
15413,"CSc1nccc(-c2cc(Cl)c3c(c2)C[C@H](CNC(=O)CCC(=O)N(C)C)O3)n1
",0.44047248,A,0,1.0
3591,"COc1ccccc1CCNC(=O)CSc1nc2cc(Cl)ccc2o1
",0.44050986,A,0,1.0
16248,"CCC(=O)Nc1ccc(C(=O)Nc2ccc([N+](=O)[O-])cc2C)cc1
",0.44060272,A,0,1.0
31283,"Cc1nc(CC(C)C)sc1C(=O)Nc1[nH]nc(C2CC2)c1C
",0.44058657,A,0,1.0
21912,"CC(C)n1c([C@H]2CCCN(C(=O)c3ccco3)C2)nn(C)c1=O
",0.44055316,A,0,1.0
38639,"CCc1nc(CSCc2ccc(F)cc2Cl)no1
",0.44061214,A,0,1.0
996,"COc1ncccc1Cn1ccc(C(=O)C2CC2)c1
",0.44060212,A,0,1.0
5982,"CS(=O)(=O)/N=C(\[O-])c1ccc(=O)n(Cc2ccccc2)n1
",0.4406165,A,0,1.0
16238,"CCN(CC)c1ccc(CNC(=O)N[C@@H](C)c2ncc(C)s2)c[nH+]1
",0.4405544,A,0,1.0
12751,"COc1ccc(OC[C@H](O)CN2C(=O)[C@@H]3CCCN3C2=O)cc1
",0.44056472,A,0,1.0
18996,"CN1CCc2cc([C@@H](N)C[NH3+])ccc21
",0.4406387,A,0,1.0
29067,"COc1ccccc1[C@@H]1Nc2c(O)cccc2[C@H]2C=CC[C@@H]21
",0.44060415,A,0,1.0
39865,"COC(=O)[C@@H](C)Sc1nnc(-c2ccc(OC)cc2)n1C
",0.4405852,A,0,1.0
39946,"CCCc1nnc2c(=O)n(CC(=O)Nc3c(C)cccc3C)c3ccccc3n12
",0.44061753,A,0,1.0
36030,"CCN(C[C@H]1CCOC1)C(=O)N[C@H](C)c1cc(C)oc1C
",0.44061407,A,0,1.0
36699,"COC(=O)C1=C(C)N(c2ccc(Br)cc2)C(=O)/C1=C\c1ccc(C(=O)[O-])cc1
",0.44062272,A,0,1.0
3140,"O=C(C[C@@H]1SC(N2CCOCC2)=NC1=O)Nc1cc(Cl)c(Cl)cc1Cl
",0.44056627,A,0,1.0
3843,"CCC[C@@H](C)C[NH2+][C@@](C)(CC)C(=O)[O-]
",0.440701,A,0,1.0
21215,"CN(C)c1ccc(NC(=O)[C@@H]2CCCC[C@H]2C(F)(F)F)cn1
",0.44061583,A,0,1.0
34832,"Cc1cc(C)cc(C(=O)NCC(=O)N2CCN([C@@H](C)C(=O)Nc3cccc(F)c3)CC2)c1
",0.4405131,A,0,1.0
19401,"CC(=O)N1CCN(C(=O)[C@H](C)Sc2ccc(-c3ccccc3)cc2)CC1
",0.44062448,A,0,1.0
2581,"O=C1C[C@H](c2ccc(F)c(F)c2)c2cnn(C3CCCC3)c2N1
",0.44054714,A,0,1.0
31850,"FC(F)(F)C1(C(F)(F)F)[NH2+][C@@H]2[C@H](OCCCl)C[C@H]1[C@H]2Cl
",0.44071573,A,0,1.0
10524,"Cc1cc(NC(=O)c2cc(-c3ccccc3F)on2)ccn1
",0.44057074,A,0,1.0
3821,"Cc1cccc(CNC(=O)CN2C(=O)N[C@@](C)(c3cnn(C)c3)C2=O)c1
",0.4405051,A,0,1.0
39497,"Cc1n[nH]c(SCC(=O)NCc2csc(C3CC3)n2)n1
",0.44059995,A,0,1.0
13855,"O=C(c1ccc2c(c1)OCO2)N1CC[C@](O)(C(F)(F)F)C1
",0.44061157,A,0,1.0
38123,"CCn1c(=O)[nH]c2cc(C(=O)N3C[C@H](C)S[C@H](C)C3)ccc2c1=O
",0.44057703,A,0,1.0
5531,"Nc1ccc(-c2nc(-c3cnccn3)no2)cn1
",0.44064137,A,0,1.0
242,"CC(C)(C)CC(=O)Nc1ccc(Cl)c(C(=O)OCC2(C)COC2)c1
",0.4405347,A,0,1.0
35447,"COc1ccc2cc(CNC(=O)NC[C@H](C)N3CCOCC3)ccc2c1
",0.44051218,A,0,1.0
3530,"Cn1cnnc1CC[NH2+][C@@H]1CCCC[C@@H]1[C@@H]1CCC[NH2+]1
",0.44064832,A,0,1.0
26443,"COc1ccc(N2CCN(c3ncnc4c3cnn4CCNC(=O)c3cc(C)cc(C)c3)CC2)cc1
",0.4404672,A,0,1.0
16748,"O[C@H](Cc1cccc(Br)c1)c1ncc(Cl)cc1Cl
",0.4406247,A,0,1.0
39321,"CCCCOC(=O)C[NH2+]C1C(C)(C)C1(C)C
",0.44071683,A,0,1.0
2980,"Cc1c(C(=O)N(C)c2ccc(Cl)cn2)sc2ccccc12
",0.4406205,A,0,1.0
30190,"C=CCN1C(=O)N[C@@](C)(c2ccc([N+](=O)[O-])cc2)C1=O
",0.44066685,A,0,1.0
30388,"Cc1ccccc1COC1CCN(C(=O)c2cccc3[nH]ccc23)CC1
",0.44054312,A,0,1.0
1108,"CCN(CCN1C(=O)NC2(CC[NH2+]CC2)C1=O)c1ccccc1
",0.4405986,A,0,1.0
22161,"O=C(Nc1ccc(Cl)cc1OC(F)(F)F)c1c(F)cccc1F
",0.44059628,A,0,1.0
29274,"N#Cc1c(-c2ccc(Cl)cc2Cl)nn(-c2ccc(S(N)(=O)=O)cn2)c1N
",0.44051495,A,0,1.0
21096,"O=C(CC1=c2ccccc2=[NH+][C@@H]1Sc1ccc(Cl)cc1)NC[C@H]1CCCO1
",0.44053522,A,0,1.0
28546,"Cc1cc(C)cc(CS(=O)(=O)Cc2cccnc2C#N)c1
",0.4406198,A,0,1.0
32364,"O=C1C(=Cc2ccc(O)cc2)C(=O)N(c2ccccc2)C(=O)N1c1ccccc1
",0.44069225,A,0,1.0
39352,"C[C@H](C=O)c1cccc(Oc2ccccc2)c1
",0.44068694,A,0,1.0
33837,"COCCC(=O)N1[C@H]2CC[C@@H]1Cn1c(nc3ccccc3c1=O)C2
",0.44053993,A,0,1.0
15306,"Cc1cc(NC(=O)Nc2ccoc2C)no1
",0.44065276,A,0,1.0
37255,"Fc1ccc(/C=N/n2c([S-])nnc2-c2ccccn2)cc1
",0.44063047,A,0,1.0
30477,"O=C(Nc1cccc2ccccc12)O[C@@H]1CCS(=O)(=O)C1
",0.4406461,A,0,1.0
38763,"C[C@H](C[NH2+]C(C)(C)C)[C@@H](C)N(C)Cc1ccsc1
",0.4406709,A,0,1.0
17937,"O=C1COc2ccc(C(=O)C3CC[NH+](Cc4ccc(Cl)s4)CC3)cc2N1
",0.44057143,A,0,1.0
23236,"COc1cc(C=C2C(=O)c3ccccc3C2=O)ccc1OCc1ccccc1Cl
",0.44056678,A,0,1.0
38516,"Cc1ccc(-n2nnnc2N[C@@H]2CCO[C@]3(CCSC3)C2)cc1
",0.44055334,A,0,1.0
7436,"COc1ccc(/C=C/c2nc3ccccc3c(=O)[nH]2)cc1
",0.44061202,A,0,1.0
22992,"CCOc1cc(/C=C2/SC(=S)N=C2[O-])ccc1OCc1cccc(F)c1
",0.4406106,A,0,1.0
38043,"CC1(C)CN(C(=O)NCc2ccc(-n3cnc4ccccc43)cc2)CCO1
",0.44050458,A,0,1.0
959,"O=S(=O)(c1ccc2c(c1)[C@H]1C=CC[C@@H]1[C@@H](c1cccnc1)N2)N1CCOCC1
",0.44056317,A,0,1.0
24750,"O=C(NCCCCOc1ccccc1)C1=CN2CCS(=O)(=O)N=C2C=C1
",0.44055933,A,0,1.0
29987,"O=C(CCc1ccccc1Br)NC[C@H](c1ccccc1Cl)N1CCOCC1
",0.44056565,A,0,1.0
1413,"COc1ncnc2ccc(-c3ccccc3CN3CCOCC3)cc12
",0.44051975,A,0,1.0
5144,"Cc1c(C)c(C)c(S(=O)(=O)Nc2ccc(C(=O)N3CCCC3)cc2)c(C)c1C
",0.44063428,A,0,1.0
4368,"Cc1ccccc1C(=O)N[C@@H](C(=O)N[C@@H]1C[C@@H]1C)C(C)C
",0.44064495,A,0,1.0
2327,"NC(=S)N1NC2(C[C@@]1(O)C(F)(F)F)C1CC3CC(C1)CC2C3
",0.44065213,A,0,1.0
18260,"O=C(CN1C(=O)S/C(=C/c2cccc(F)c2)C1=O)N[C@@H]1CCS(=O)(=O)C1
",0.44057795,A,0,1.0
12347,"Nc1cc(NC(=O)c2ccco2)ccc1Cl
",0.4406011,A,0,1.0
1196,"[NH3+][C@@H](Cc1ccc(F)cc1)C[C@H]1CSc2ccccc21
",0.4406595,A,0,1.0
30994,"Cc1ccccc1-c1nnc(S[C@H](C)C(=O)NC[C@H](C)c2ccccc2)n1C
",0.44056514,A,0,1.0
13334,"COc1ccc(/C=C2\CN(C)C/C(=C\c3ccc(OC)c(OC)c3)C2=O)cc1OC
",0.44065323,A,0,1.0
3452,"O=C(Nc1cccc(CNc2ncccn2)c1)c1ccc(F)cc1
",0.44057074,A,0,1.0
33056,"N#CC1=C(N)SC(N)=C(C#N)C1c1ccc(Cl)c(Cl)c1
",0.44067836,A,0,1.0
30263,"Cc1cc(Cl)ccc1OCC(=O)N1CCOc2ccc(C[NH+]3C[C@H](C)O[C@H](C)C3)cc2C1
",0.44049707,A,0,1.0
12172,"O=[N+]([O-])c1cc2c(c(COc3cccc(-n4ccnc4)c3)c1)OCOC2
",0.44051406,A,0,1.0
11609,"C#CCOc1c(Cl)cc(/C=C(\C#N)c2nc3ccccc3[nH]2)cc1OCC
",0.44057718,A,0,1.0
499,"CC[NH+](C)C[C@H]1CCN(CC(=O)N(C)C2CC2)C1
",0.44066218,A,0,1.0
21501,"NC(=O)[C@@H](CC(=O)N1CCCC1)[NH2+]C1CCCC1
",0.4406898,A,0,1.0
6667,"C[C@@H](Oc1ccccc1Cl)C(=O)Nc1ccccc1C(=O)N(C)Cc1ccccc1
",0.44061843,A,0,1.0
28786,"C[C@H]1CCC[C@@H](NC(=O)c2ccc(Cl)cc2Cl)C1
",0.44062185,A,0,1.0
20145,"CCOC(=O)[C@H]1C=CNC(=O)[C@@H]1O
",0.44069073,A,0,1.0
1432,"Cc1ccccc1C(=O)N[C@@H](c1ccccn1)[C@H]1CCC[NH+](Cc2ccccc2F)C1
",0.44054788,A,0,1.0
32316,"CCN(C(=O)C(=O)NCCC[NH+]1CCc2ccccc2C1)c1ccc(F)c(F)c1
",0.44052544,A,0,1.0
1869,"COc1ccc([C@H]2C[C@@H]2C(=O)Nc2ccc(-n3ccnc3C)nc2)cc1
",0.44051263,A,0,1.0
21210,"Cn1cc(C[NH+]2CC[C@@H]3CCCC[C@@H]32)c(-c2cccnc2)n1
",0.44060004,A,0,1.0
39689,"C=CCCC[C@@H](Cc1ccc(F)cc1)C(=O)[O-]
",0.4406748,A,0,1.0
7336,"O=C(c1cccnc1)[C@H]1CCC[NH+](Cc2ccc3c(c2)CN(C(=O)c2cn4ccccc4n2)CCO3)C1
",0.44046053,A,0,1.0
19018,"CC(C)Sc1ccc([C@@H](C)[NH2+][C@@H](CO)c2cc(F)c(F)c(F)c2)cc1
",0.44066435,A,0,1.0
2040,"Cc1cccc(N2CCN(C(=O)CCc3cnn(C)c3)CC2)c1
",0.440557,A,0,1.0
24168,"Clc1ccc(COc2ccccn2)cc1
",0.44068736,A,0,1.0
23731,"CC(C)(C)NC(=O)C[NH+]1CCC(O)(C(F)(F)F)CC1
",0.4406897,A,0,1.0
724,"COc1ccc(Nc2nc3ccc(C)cc3s2)cc1OC
",0.44061777,A,0,1.0
17368,"Cc1cc(C)c(C)c(S(=O)(=O)N2CCC(C(=O)NCc3ccccc3Cl)CC2)c1C
",0.4405224,A,0,1.0
13657,"Cc1ccccc1-c1nc2nc(C)c(CC(=O)N3CCCCCC3)c(C)n2n1
",0.44058472,A,0,1.0
38445,"CCN[C@@H]1CC[C@H](C)C[C@@H]1[NH+](C)C1CCC(C)(C)CC1
",0.44071314,A,0,1.0
38041,"Cc1cccc(C)c1C[NH2+]CCNC(=O)CC1CCCC1
",0.4405981,A,0,1.0
29855,"CC(C)C[C@@H]1NC(=O)N(c2cccc(C(F)(F)F)c2)C1=O
",0.4406075,A,0,1.0
36914,"C[C@H](NC(=O)[C@@H]1CC(=O)N(c2ccccc2)C1)C(=O)NCCC1=c2ccccc2=[NH+]C1
",0.44051847,A,0,1.0
30986,"C[C@H](OCC1CC1)C(=O)N1CCCN(C(=O)CCc2ccccc2)CC1
",0.4405945,A,0,1.0
7507,"C[NH+](C)[C@H]1CC[C@@H](NC(=O)NCc2c(F)c(F)cc(F)c2F)C1
",0.4406106,A,0,1.0
30718,"Cc1cc(NC(=O)c2cc(C)n(C(C)C)c2C)ccc1N1CC[NH+](C)CC1
",0.4405644,A,0,1.0
38942,"Cc1nc2ccccn2c1C(=O)N(CCc1cccs1)Cc1ccco1
",0.44054803,A,0,1.0
395,"Cc1cnc(C(=O)N2CCC([C@@H](O)c3ccccc3)CC2)cn1
",0.44060808,A,0,1.0
2154,"O=C(COc1ccc([N+](=O)[O-])cc1)OC[C@@H]1CC=CCC1
",0.44063443,A,0,1.0
29473,"O=C(N/N=C/c1cccc(Cl)c1Cl)c1c[nH]c2ccccc12
",0.4406001,A,0,1.0
24877,"COC(=O)CC[C@H](C)[NH+]1CCc2onc(-c3ccc4c(c3)OCO4)c2C1
",0.44054526,A,0,1.0
16282,"C/C(=N\NC(=O)C1CCCCC1)c1ccc(C)s1
",0.4406544,A,0,1.0
25598,"CCc1ccc2nc(NC(=O)NC[C@@H]3CSCCS3)sc2c1
",0.44056293,A,0,1.0
11323,"CC(C)(C)[C@@H](NC(=O)c1ccc(CNS(C)(=O)=O)o1)c1ccccc1
",0.4405858,A,0,1.0
5469,"C[C@H]1C[NH+]=C(N2CCN(Cc3cc(Br)ccc3O)CC2)S1
",0.4405734,A,0,1.0
22950,"CO[C@]1(C)C[C@@H](NC(=O)CN2CCCOC2=O)C1(C)C
",0.44060403,A,0,1.0
10265,"Cc1ccccc1NC(=O)C(=O)N[C@@H]1CCCc2c1cnn2Cc1ccccc1
",0.44049388,A,0,1.0
11837,"CC[C@@H]1CCCC[NH+]1[C@@H]1CC(=O)N(c2ccc(F)c(F)c2)C1=O
",0.44056845,A,0,1.0
7404,"O=C(c1ccn(COc2cccc(C(F)(F)F)c2)n1)N1CCN(C(=O)c2ccco2)CC1
",0.44054693,A,0,1.0
25747,"CC(=O)N[C@H]1CCCN(C(=O)c2[nH]nc(C3CC3)c2Cl)C1
",0.44057065,A,0,1.0
27215,"COc1ccc(CNC(=O)[C@]2(C)Cn3nc(-c4cccs4)cc3C(=O)N2c2cccc(F)c2)cc1
",0.44043052,A,0,1.0
23046,"Cc1cccc(O[C@H](C)C(=O)[O-])c1
",0.44068754,A,0,1.0
16063,"Cc1nn(-c2ccccc2)c(Cl)c1CSCc1ccon1
",0.44061333,A,0,1.0
11490,"CC(C)Nc1nnc(S[C@H](C)C(=O)N[C@](C)(C#N)C(C)C)s1
",0.44060948,A,0,1.0
36367,"C[C@H]1CCC[NH+](C[C@@H](C)NC(=O)C(=O)Nc2ccc3[nH]ccc3c2)C1
",0.44055834,A,0,1.0
4349,"O=C(CC1CCN(C(=O)Nc2cccc([N+](=O)[O-])c2)CC1)N1CCCC1
",0.4405701,A,0,1.0
27637,"CC[C@H](NC(=O)COc1ccccc1)C(=O)OC
",0.44062814,A,0,1.0
37572,"C[C@@H]1C[C@@H]1NC(=O)CCSCc1nc2sc3c(c2c(=O)[nH]1)CCC3
",0.4405526,A,0,1.0
29903,"CCS(=O)(=O)N1Cc2ccccc2C[C@H]1C(=O)Nc1ccc2c(C)cc(=O)oc2c1
",0.4404938,A,0,1.0
28210,"CC1=C(C(=O)OC[C@@H]2CCCO2)[C@H](c2ccccc2[N+](=O)[O-])n2c(nc3ccccc32)N1
",0.44047016,A,0,1.0
12805,"CC(C)OC(=O)CSc1nnc(-c2ccccc2)n1-c1ccccc1
",0.44063368,A,0,1.0
27252,"CCOCC(=O)[C@H]1CCOC2(CCC2)C1
",0.44065398,A,0,1.0
760,"CCc1ccc([C@@H](CO)NC(=O)NCC(C)(C)c2ccncc2)cc1
",0.44063592,A,0,1.0
39603,"CCCNC(=O)[C@@H](C)S(=O)(=O)c1nccs1
",0.440651,A,0,1.0
11097,"C[NH2+][C@H]1c2cc(OC)ccc2C[C@H]1SC[C@H](C)CO
",0.44061443,A,0,1.0
9943,"O=C(CC[C@@H]1NC(=O)c2ccccc2N=C1O)Nc1nc(-c2cccs2)cs1
",0.4405124,A,0,1.0
23017,"C[C@H](C[NH+]1CCCCC1)NC(=O)N[C@@H](c1nccs1)C1CC1
",0.44061962,A,0,1.0
14317,"O=C(Cc1c[nH]c2ccccc12)NNC(=O)CC1(O)CCCC1
",0.44062313,A,0,1.0
675,"CC(=O)N1CCC(NC(=O)C[NH+]2CCC[C@H]2[C@@H](C#N)c2ccccc2)CC1
",0.44060272,A,0,1.0
32777,"Brc1csc(-c2noc(CSc3ncn[nH]3)n2)c1
",0.4406233,A,0,1.0
25208,"CCOC(=O)c1c(C)oc2nc(C[NH+]3C[C@@H](C)C[C@H](C)C3)nc(N)c12
",0.44055825,A,0,1.0
11443,"Cc1cc(N2CCCCS2(=O)=O)ccc1S(=O)(=O)N1CCN(c2ccccc2)CC1
",0.4405862,A,0,1.0
4003,"CCCCn1cnc2c(-c3cccc(Cl)c3)csc2c1=O
",0.4405664,A,0,1.0
21372,"CC(=O)Nc1cc(NC(=O)N2CC[NH+](C3CC3)CC2)c(F)cc1F
",0.44063208,A,0,1.0
28215,"COC[C@@H]1CN(C(=O)Nc2ccc(F)cc2OCC(F)F)CCO1
",0.44050193,A,0,1.0
36093,"COC(=O)c1ccc(NC(=O)C2C[C@H](C)O[C@H](C)C2)cc1Cl
",0.44056857,A,0,1.0
9263,"O[C@@H](Cc1ccc(F)c(F)c1)c1ccc2ccccc2c1
",0.44064537,A,0,1.0
8384,"CN(C[C@H](O)COc1ccccc1C(F)(F)F)C(=O)c1cnccn1
",0.44060344,A,0,1.0
19597,"CCOC(=O)c1nn(CC)cc1Cl
",0.4406487,A,0,1.0
27010,"CSc1ccc(NC(=O)c2ccccc2Br)cc1
",0.44064757,A,0,1.0
14555,"C[C@@H](CCO)CNC(=O)C(=O)Nc1ccc(N2CCCCC2)c(Cl)c1
",0.4405144,A,0,1.0
12047,"CCOc1ccccc1Nc1ccc(N)c(OC)n1
",0.44063768,A,0,1.0
29817,"O=C(C[C@H]1C[C@H]2CC[C@@H]1C2)N1CCN(C(=O)N2CCOCC2)CC1
",0.44066638,A,0,1.0
13498,"CCN(CCOC)C(=O)c1cnc(-c2ccccn2)nc1[O-]
",0.4405986,A,0,1.0
17803,"CC[C@@H]1CN(Cc2nc3c([nH]2)c(=O)n(C)c(=O)n3C)CCN1CC(F)F
",0.4405849,A,0,1.0
14211,"CCOP(=O)(OCC)c1ccc2nc(C)sc2c1
",0.44066113,A,0,1.0
10958,"CCN[C@H](c1c(C)cc(C)cc1C)C(F)(F)C(F)F
",0.44069195,A,0,1.0
9749,"CC1(CNC(=O)N[C@@H]2CCO[C@@H]2c2ccc(Cl)c(F)c2)COC1
",0.44054377,A,0,1.0
14313,"CC(C)[C@H](NC(=O)c1ccc2cc[nH]c2n1)C(=O)Nc1nccs1
",0.44058323,A,0,1.0
9320,"Cc1nc(N)cc([C@@H]2CN(C(=O)c3scnc3C)CCO2)n1
",0.44055104,A,0,1.0
39102,"COc1cc(Cl)c(C)cc1NC(=O)NCc1ncn(C)n1
",0.44050542,A,0,1.0
38344,"O=C(CSc1cccc(Cl)c1)[C@H]1CCO[C@]2(CCSC2)C1
",0.4405558,A,0,1.0
12684,"CC1(C)C[C@](C)(c2ccccc2)c2ccccc2N1C(=O)CSc1nnc(N)s1
",0.4405942,A,0,1.0
16939,"Nc1ccc2c(c1)[C@H](NC(=O)C(F)(F)F)c1ccccc1-2
",0.4406397,A,0,1.0
33134,"Cc1cc(C)cc(NC(=O)c2cn(-c3ccccc3)nc2-c2cccnc2)c1
",0.44058898,A,0,1.0
17573,"COC[C@H](NC(=O)c1cnc2c(cnn2CC(C)C)c1)C(N)=O
",0.44054133,A,0,1.0
25630,"CC[NH+]1CCC[C@@H]1CNC(=O)N(C)CCc1ccccc1
",0.44062874,A,0,1.0
18804,"C[C@@H](O)CC(C)(C)CNC(=O)CC1(O)CCCC1
",0.44066054,A,0,1.0
33907,"Cc1c(C)c2ccc(NC(=O)c3cccnc3)cc2[nH]c1=O
",0.44058302,A,0,1.0
22933,"Cc1c(S(=O)(=O)N2N=C(C(F)F)C[C@@]2(O)C(F)F)cnn1C
",0.44060332,A,0,1.0
13529,"CCc1cc(NC(=O)N[C@H](CO)Cc2c[nH]c3ccccc23)n(C)n1
",0.44054827,A,0,1.0
32649,"Cc1nn(Cc2ccc(Cl)cc2)c(C)c1C[NH2+][C@@H](C)[C@@H](C)CO
",0.44060838,A,0,1.0
9211,"CCN1C(=O)N[C@H](c2cccc(F)c2)C2=C1CN(CCC(=O)NCC(C)C)C2=O
",0.4404948,A,0,1.0
31743,"CC[C@](C)(C[NH3+])[C@@H](O)c1cc(Br)c2c(c1)OCO2
",0.44065046,A,0,1.0
29058,"CN(CCCN1CC[NH+](C)CC1)C(=O)C1(c2ccc(Cl)cc2)CC1
",0.44060934,A,0,1.0
11520,"CC[NH+](C)C[C@H]1CCN(C(=O)C(=O)Nc2ccc3c(c2)CCC3)C1
",0.44055384,A,0,1.0
16105,"CC(C)[C@H]1CC(=O)N(CN(Cc2cccs2)CC(F)(F)F)C1
",0.4405667,A,0,1.0
19845,"CCn1c(CNC(=O)[C@@H](C)c2ccc(OC)cc2)n[nH]c1=S
",0.44057205,A,0,1.0
16197,"CCN(CCC(F)(F)F)Cc1csc(C)n1
",0.44066396,A,0,1.0
38659,"Cc1nc2ncccn2c1CC(=O)NCc1ccc(Cl)c(C(F)(F)F)c1
",0.4404921,A,0,1.0
31375,"CS(=O)(=O)[C@H]1CCC[C@@]1(O)C1(C[NH3+])Cc2ccccc2C1
",0.44064507,A,0,1.0
29973,"[NH3+][C@@H](Cc1cc(F)cc(Br)c1)C1CC1
",0.4406919,A,0,1.0
1735,"CC(C)Oc1ccc(-c2cc(C(=O)NCCN3CCOCC3)c3ccccc3n2)cc1
",0.44040787,A,0,1.0
141,"C#CCN(CC#C)Cc1ccc(O)c(Cl)c1
",0.44065315,A,0,1.0
38241,"CCCOc1ccc(/C=N/N2[C@H]([C@@H]3C=C(C)N=N3)N=N[C@@H]2S)cc1
",0.44060838,A,0,1.0
21881,"[NH3+][C@H](c1ccccc1)c1cscc1Br
",0.44070077,A,0,1.0
22152,"CCC1(CO)CC[NH+](Cc2cc(Cl)ccc2OC[C@H]2CCCO2)CC1
",0.44051105,A,0,1.0
37919,"Cc1cc(C(=O)NCC[NH+]2CCC[C@@H](C)C2)nc2nc([O-])[nH]c(=O)c12
",0.44053313,A,0,1.0
16590,"C[NH2+][C@H]1[C@@H](OC[C@@H]2CCCCO2)CCCC1(C)C
",0.4406924,A,0,1.0
19755,"Cc1cccc(C(C)C)c1NC(=O)[C@H](C)[NH+]1CCC(O)(C(F)(F)F)CC1
",0.44058606,A,0,1.0
38481,"CN(CC1CC[NH+](CCc2ccc(Cl)cc2)CC1)C(=O)c1n[nH]c2c1CCCC2
",0.4405756,A,0,1.0
27894,"CC[C@@H]1CCCC[NH+]1CCNC(=O)NCc1ccc([S@](C)=O)cc1
",0.440611,A,0,1.0
20703,"CC(C)OCCCNC(=O)c1cn(C)cc2c(=O)n(-c3ccccc3)nc1-2
",0.44052586,A,0,1.0
12218,"CC(C)CC[NH+]1CCC(CNC(=O)N[C@H]2CC(=O)N(C3CC3)C2)CC1
",0.4405976,A,0,1.0
31301,"[NH3+][C@H]1CC[C@@H](OC[C@@H]2COc3ccccc32)C1
",0.4406825,A,0,1.0
37119,"Cc1nc(CNC(=O)c2c(C)nn(-c3ccc(F)cc3)c2C)c(C)s1
",0.4405389,A,0,1.0
14921,"COc1cccc(-c2nccnc2[C@@H]2CCCN(C(=O)Cc3ccncc3)C2)c1
",0.44049996,A,0,1.0
23449,"COc1cccc(C(=O)N/N=C\c2ccc(Sc3cccc4cccnc34)o2)c1
",0.44050625,A,0,1.0
29258,"Cc1ccc(F)c(NC(=O)c2cc3nc(-c4ccnn4C)cc(-c4ccnn4C)n3n2)c1
",0.44049963,A,0,1.0
36848,"COc1cc(F)cc(CNC(=O)N2C[C@H]3CC=CC[C@H]3C2)c1
",0.44058573,A,0,1.0
13066,"Cc1c([C@H](C)[NH2+][C@@H]2CC=CCC2)nnn1-c1ccc(F)cc1
",0.44061118,A,0,1.0
8558,"O=[N+]([O-])c1cccc(S(=O)(=O)NCCCBr)c1
",0.44064724,A,0,1.0
5781,"C[C@@H]1CC(C(=O)Nc2ccnn2Cc2cccc(Br)c2)C[C@@H](C)O1
",0.44052,A,0,1.0
24739,"COc1ccc(OCC[NH+](C)CC(=O)N2CCSc3ccccc32)cc1
",0.44059804,A,0,1.0
28204,"C[C@H](CC(=O)N1CC[C@H]2CC[C@@H](C1)[NH+]2C)c1ccc(F)cc1
",0.4406355,A,0,1.0
29930,"Cc1ccccc1-n1nc([N+](=O)[O-])c(NCCc2ccc(Cl)cc2)[n+]1[O-]
",0.4405462,A,0,1.0
1610,"CCOC(=O)c1c(C=O)c2sc(C)cc2n1CC(=O)N1CCOCC1
",0.44056657,A,0,1.0
21304,"CCN(CCc1nccs1)C(=O)Nc1cncc2ccccc12
",0.4405987,A,0,1.0
11204,"CCOc1ccc(NC(=O)[C@H]2CC(=O)Nc3nc(Nc4ccccc4)[nH]c(=O)c32)cc1
",0.44049153,A,0,1.0
21928,"Cc1cc(NC(=O)Cc2ccon2)nc2nc(C(F)(F)F)nn12
",0.4405837,A,0,1.0
4525,"Cc1ncsc1C(=O)Nc1ccnn1Cc1ccc(Cl)cc1Cl
",0.4405436,A,0,1.0
25066,"C[C@@H](CCO)S[C@H](C)C(=O)c1ccc(F)c(F)c1
",0.4406372,A,0,1.0
30544,"C[C@@H]1C[C@@H]([NH3+])CN(c2nc(C(C)(C)C)ns2)C1
",0.44070116,A,0,1.0
16522,"CC(=O)N(C)c1cccc(Nc2snc(Cl)c2C#N)c1
",0.4405987,A,0,1.0
32868,"C[C@H]1CC[C@@H](C#N)[C@H](Sc2nccc([O-])n2)C1
",0.44066736,A,0,1.0
28302,"O=C(C[C@@H]1Oc2ccccc2NC1=O)Nc1cccc([N+](=O)[O-])c1
",0.44055706,A,0,1.0
30836,"CC(C)[NH2+]CCS(=O)(=O)N1C[C@@H](C)[C@@H](C)C1
",0.44070855,B,0,2.0
33631,"[NH3+]CC1(CCSc2ccccc2)CCCC1
",0.44070852,B,0,2.0
25275,"Cc1cc(C)cc(C[NH+](C)C2CCC([NH3+])CC2)c1
",0.44070852,B,0,2.0
20220,"CC(C)(C)[NH2+]CC(=O)N[C@@H]1CCS(=O)(=O)C1
",0.44070843,B,0,2.0
36232,"C[C@@H](C1CC1)[NH+]1CCC(OCCC[NH3+])CC1
",0.44070843,B,0,2.0
337,"Cc1nnsc1-c1nnc2sc(C(F)(F)F)nn12
",0.44070843,B,0,2.0
22528,"CO[C@H]1[C@@H](C)[C@@H](COS(=O)(=O)[O-])O[C@@H](OC)[C@H]1OC
",0.44070843,B,0,2.0
11798,"C[C@H]1C[C@H]2CCCC[C@@H]2[NH+]1CCCCCO
",0.44070834,B,0,2.0
13985,"Cc1ccnc(SCCCCCS)n1
",0.44070834,B,0,2.0
2108,"CC(C)C12CN3CCN(CC(C3)/C1=N\N=C1/C3CN4CCN(C3)CC1(C(C)C)C4)C2
",0.44070834,B,0,2.0
39315,"CC[C@H](C)S[P@@](C)(=S)N(C=O)CC(C)C
",0.44070828,B,0,2.0
37099,"C[C@H](CC(N)=O)[NH2+][C@H](CO)CC(C)(C)C
",0.44070822,B,0,2.0
2559,"COC[C@H](C)[C@H](CC(C)C)C(=O)[O-]
",0.44070822,B,0,2.0
12506,"CC1CCN(C(=O)CC#N)CC1
",0.44070822,B,0,2.0
10061,"COC(=O)[C@H]1C=c2ccc(C)cc2=[NH+]1
",0.44070822,B,0,2.0
24801,"ClC(/C=N\n1cnnc1)=C/c1ccccc1
",0.44070822,B,0,2.0
9360,"CC[C@H](C)[C@@]1([NH3+])CCC[C@H](C)[C@@H]1C
",0.44070813,B,0,2.0
38819,"C[C@@H](Nc1ccccc1)N1C(=O)CCC1=O
",0.44070813,B,0,2.0
6878,"CCCN(C(=O)CCl)[C@@H]1CCS(=O)(=O)C1
",0.44070813,B,0,2.0
21698,"CCCCC(=O)c1cc(C)c(C)cc1C
",0.4407081,B,0,2.0
8238,"O=C(NNc1ncccn1)c1ccccc1O
",0.4407081,B,0,2.0
24263,"C/C=C/COc1ccccc1S(N)(=O)=O
",0.4407081,B,0,2.0
7824,"CC(C)([C@H](O)c1ccc2c(c1)OCCO2)[NH+]1CCCC1
",0.44070804,B,0,2.0
2895,"C[NH2+][C@@H]1CCC[C@@H]1Cc1ccccc1
",0.440708,B,0,2.0
32226,"O=C([O-])c1ccc2ncccc2n1
",0.440708,B,0,2.0
32756,"C[C@@H]1CCC[C@](C#N)([C@H](O)C(=O)[O-])C1
",0.440708,B,0,2.0
27205,"CC[C@@H](C)[NH+]1CCN([C@H]2CC[C@H]([NH2+]C)C2)CC1
",0.44070795,B,0,2.0
3046,"Brc1ccc(C[C@H]2CCC[NH2+]2)cc1
",0.44070795,B,0,2.0
23695,"Cc1n[nH]c(C)c1N[C@@H]1CCC[C@@H]([NH3+])C1
",0.44070792,B,0,2.0
20344,"CCCCNC(=O)[C@]1(C)CC[C@@](C)(C(=O)[O-])C1(C)C
",0.44070786,B,0,2.0
34828,"C[C@@H](C(=O)N(C)C)N(CC(=O)[O-])CC(F)(F)F
",0.44070786,B,0,2.0
17535,"Clc1ncccc1-c1ccccc1
",0.44070786,B,0,2.0
22932,"C[C@H]([NH+](CCC(=O)[O-])C(C)(C)C)C1(C)CC1
",0.44070786,B,0,2.0
18190,"Cc1ccc(OCCCSC(C)C)cc1
",0.44070777,B,0,2.0
8026,"CC1(C)/C(=C/CO)[C@H]2CC[C@@H]1C2
",0.44070777,B,0,2.0
25742,"C[NH2+][C@H]1CCCCC[C@H]1CN(C)CCS(C)(=O)=O
",0.44070777,B,0,2.0
6264,"CN(CC(=O)N(C)CCC[NH3+])C[C@H]1CCC[NH+]1C
",0.44070777,B,0,2.0
20265,"CC(C)[C@@H](C(=O)N1CCN(C(=O)C2CCC2)CC1)[NH+]1CCCCC1
",0.44070777,B,0,2.0
39815,"C[NH2+][C@@](C)(C(=O)OC)c1ccc(F)cc1
",0.44070777,B,0,2.0
34362,"FC(F)(F)c1cc(-c2ccc(Cl)nn2)cc(C(F)(F)F)c1
",0.4407077,B,0,2.0
13128,"CCCCSc1ccccc1C(=O)[O-]
",0.44070768,B,0,2.0
14044,"CCNC(=O)NC(=O)C[NH+]1C[C@@H](C)C[C@@H](C)C1
",0.44070768,B,0,2.0
14371,"C[C@H]([NH2+][C@H](C)c1cc(F)cc(F)c1)c1cc(F)ccc1F
",0.44070762,B,0,2.0
34989,"CC(=O)[C@H]1CCOC2(CCC2)C1
",0.4407076,B,0,2.0
12519,"C[C@H]1CN([C@@H]2CC[NH2+]C[C@H]2C)S(=O)(=O)C1
",0.4407076,B,0,2.0
14336,"C[NH+](C[C@H]1CCC[NH+]1CC(=O)[O-])C1CC1
",0.4407076,B,0,2.0
33119,"C[C@H]1[C@H]2C[C@H]([C@H](S(=O)(=O)[O-])C2=O)C1(C)C
",0.4407076,B,0,2.0
28380,"Cc1cc(C)c(NC(=O)C(=O)NC(C)C)c(C)c1
",0.44070753,B,0,2.0
30453,"CCCCc1[nH]ncc1C(=O)[O-]
",0.4407075,B,0,2.0
38108,"O=C(CCC1CCCCC1)N[C@@H]1CC[NH2+]C1
",0.4407075,B,0,2.0
4955,"CCCCCOC(=O)[C@H]1CC[NH2+][C@@H]1C
",0.44070742,B,0,2.0
16833,"CC(C)CC[C@H]([NH3+])Cc1cc(F)cc(Br)c1
",0.44070742,B,0,2.0
14182,"CC[NH2+]C/C(C)=C/c1ccc(F)cc1
",0.44070736,B,0,2.0
6695,"C[C@@H]([NH2+]C1(CO)CCCCC1)[C@@H](C)C(=O)[O-]
",0.4407073,B,0,2.0
11505,"C[NH+](C)CCC/N=C/C1C(=O)CC(C)(C)CC1=O
",0.4407073,B,0,2.0
21560,"CCCN(CC)c1cc[nH+]c(C(=O)[O-])c1
",0.4407073,B,0,2.0
39644,"CCCCOC(=O)[C@@](C)(N)C(F)(F)F
",0.44070727,B,0,2.0
32097,"CCCN1CC(=O)N(CC[C@@H](C)O)CC1=O
",0.4407072,B,0,2.0
23932,"CCS(=O)(=O)c1ccccc1S(=O)(=O)[C@@H](C)CCCl
",0.4407072,B,0,2.0
11727,"CC(C)(O)/C=C/C1=C[C@@H](O)[C@@](C)(O)C[C@@H]1O
",0.44070712,B,0,2.0
12231,"CC1(C)CCC(O)(CNC(=O)[C@H]2C=C[C@@H]([NH3+])C2)CC1
",0.44070712,B,0,2.0
32201,"C/C(C(=O)[O-])=C(\C)C(=O)N[C@H]1CCCC1(C)C
",0.4407071,B,0,2.0
22171,"C[C@@H]1CCC[C@@]1(C[NH3+])C(=O)[O-]
",0.4407071,B,0,2.0
9383,"Fc1ccc([C@@H](Br)Cc2ccncc2)c(F)c1F
",0.44070694,B,0,2.0
32827,"CC[NH+]1CCN([C@@H]2CC[C@H](O)C2)C[C@@H]1C
",0.44070694,B,0,2.0
38315,"CC1(C)CCSC[C@H]1[NH2+]CCC1CCCCC1
",0.44070694,B,0,2.0
13486,"CCOC(=O)Cc1cc(C)cc(C)c1
",0.44070694,B,0,2.0
9446,"CC(C)OCCC(CO)(CO)[C@@H]1CCS(=O)(=O)C1
",0.44070688,B,0,2.0
1071,"C[C@H]([NH3+])c1cc(F)c(Cl)cc1Cl
",0.44070685,B,0,2.0
11789,"CC[C@@](C)(C(=O)Cc1nccs1)[NH+](C)C
",0.44070685,B,0,2.0
27025,"[NH3+][C@@H]1C=C[C@@H](C(=O)NCCC(F)(F)F)C1
",0.44070676,B,0,2.0
25482,"C[C@@H](Cc1ccco1)C(=O)[O-]
",0.4407067,B,0,2.0
10249,"CCN(C)C(=O)NC1(C[NH3+])CCCCC1
",0.4407067,B,0,2.0
11430,"C[NH2+][C@H]1CC(C)(C)Oc2cc(F)ccc21
",0.44070667,B,0,2.0
15950,"CC(C)[C@@H]1CCC(=O)[C@H](C[C@@H](C)O)C1
",0.44070667,B,0,2.0
33218,"CC(=O)C(C(=O)c1ccc([N+](=O)[O-])cc1[N+](=O)[O-])=C(C)[O-]
",0.4407066,B,0,2.0
4457,"COc1cccc([C@@H](C#N)[C@H](C#N)c2ccccc2)c1OC
",0.44070652,B,0,2.0
29366,"C[NH2+][C@H](C)CSCc1cc(C)cc(C)c1
",0.44070652,B,0,2.0
13474,"c1cc(CSC2[NH+]=c3ccccc3=[NH+]2)nc(CSC2[NH+]=c3ccccc3=[NH+]2)c1
",0.44070646,B,0,2.0
11341,"C[C@H]1CC[C@@](C(=O)[O-])(C2CCCCC2)C1
",0.44070637,B,0,2.0
35778,"FC(F)(F)c1ccc2[nH]ncc2c1
",0.44070637,B,0,2.0
35931,"CCC(CC)Oc1ccc(C)cc1[C@H](C)O
",0.44070637,B,0,2.0
27791,"CC[C@@H]1CCC[C@@H]([C@H](O)C2([NH+](C)C)CCCC2)C1
",0.44070637,B,0,2.0
37697,"CC[C@H](C)N(C)[C@@H](C[NH3+])C1CCCCC1
",0.44070637,B,0,2.0
25610,"CC[C@H]1CN([C@@H]2CCC(C)(C)[C@@H]2[NH3+])CC[NH+]1C
",0.44070637,B,0,2.0
27529,"NC(=O)[S@](=O)C(c1ccccc1)c1ccccc1
",0.44070628,B,0,2.0
6563,"c1ncn(C[C@@H]2CCC[NH+]2CC2CCCC2)n1
",0.44070628,B,0,2.0
15272,"O=[N+]([O-])c1ccc2c(c1)c(Br)nn2[N+](=O)[O-]
",0.44070628,B,0,2.0
27242,"CCC[NH2+][C@@H](C(C)C)[C@H]1CCC[C@H](S(C)(=O)=O)C1
",0.44070628,B,0,2.0
19525,"CC(=O)C[C@H]1CCCCN1S(=O)(=O)C1CCS(=O)(=O)CC1
",0.44070628,B,0,2.0
3647,"Nc1ncnc(N(Cc2ccccc2)Cc2ccccc2)c1N
",0.44070628,B,0,2.0
7092,"[NH3+][C@H](CO)c1c(Cl)ccc(Cl)c1Cl
",0.44070625,B,0,2.0
31323,"CC[C@H](Cl)Cc1ccc2nccnc2n1
",0.44070625,B,0,2.0
79,"CC[S@@](=O)CCN1C(=O)NC(C)(C)C1=O
",0.4407062,B,0,2.0
32399,"CN(C)c1ccc(/C=C2\CCCCC2=O)cc1
",0.44070616,B,0,2.0
93,"COCCCC[NH2+][C@H]1CS[C@H](C)C1
",0.44070616,B,0,2.0
19933,"CC1(C)CO[C@@H]2CC[C@H](C(C)(C)C)C[C@@H]2[NH2+]1
",0.4407061,B,0,2.0
4643,"CC(C)(C)c1n[nH]cc1C[NH+]1CCCCC1
",0.4407061,B,0,2.0
10149,"CCCN1CC[C@H]([NH+](C)C)C[C@@H]1C
",0.4407061,B,0,2.0
7995,"CC[NH+]1CCC[C@@H]1CN(C)[C@@](C)(C[NH3+])COC
",0.4407061,B,0,2.0
981,"CN[C@H]1[C@@H](C[NH+](C)CC2CCCCC2)C(C)(C)OC1(C)C
",0.4407061,B,0,2.0
26969,"Cc1cccc(C(=O)[O-])c1O[C@H](C)[C@H](C)O
",0.44070604,B,0,2.0
39330,"C[C@@H](CO)NC(=O)C1(C)CCCC1
",0.44070604,B,0,2.0
6533,"C[C@@H]1CN(C(=O)N2CC(CC(=O)[O-])C2)C[C@H]1C
",0.440706,B,0,2.0
24713,"C[C@@H]1CCC[C@](C[NH3+])([C@]2(O)CCCC[C@@H]2C(C)(C)C)C1
",0.440706,B,0,2.0
20706,"CC(C)Cc1ccc([C@H](C)[NH2+]Cc2ccc([O-])c[nH+]2)cc1
",0.440706,B,0,2.0
7499,"CCN(C)C(=O)N[C@@H]1CCCC[C@@H]1OC
",0.44070596,B,0,2.0
1370,"C[C@H]1CC[C@H](C)[S+]1c1cc(O)ccc1O
",0.44070596,B,0,2.0
23755,"CC(C)(O)CNC(=O)[C@H]1C=C[C@@H]([NH3+])C1
",0.44070593,B,0,2.0
4794,"O=C(CCNC(=O)C12CC3CC(CC(C3)C1)C2)NC1CC1
",0.44070587,B,0,2.0
20951,"C[C@H]1[NH2+]CC[C@@H]1C(=O)N(C)CCO
",0.44070584,B,0,2.0
34762,"CC1=CC(N)=[NH+]CN1C(C)C
",0.44070584,B,0,2.0
15159,"O=C([O-])[C@@H](F)Sc1ccccc1O
",0.44070584,B,0,2.0
29051,"CC(C)(C(=O)[C@@H]1CCOC1)N1CCOCC1
",0.44070584,B,0,2.0
11054,"CS[C@H]1CCC[C@H]1NC(=O)N1CCC1
",0.44070584,B,0,2.0
32281,"O=C(NCC(C1CC1)C1CC1)NC[C@@H]1CCC[C@H]1O
",0.44070578,B,0,2.0
25094,"CC[C@H](C(C)=O)[C@@H]1CC[C@H](C)[C@H](C)C1
",0.44070575,B,0,2.0
15013,"C[C@@H]1CCC[C@@H](C)[NH+]1C[C@@H](O)COC1CCCC1
",0.44070575,B,0,2.0
15494,"CCC[NH+]1CCC[C@@H]([NH2+]CC2CCC(C(=O)[O-])CC2)CC1
",0.44070575,B,0,2.0
21406,"CCc1ccsc1C[NH2+]Cc1ccc(CC(C)C)cc1
",0.44070563,B,0,2.0
34691,"COCCCNC1=[NH+][C@@H](C)CS1
",0.44070563,B,0,2.0
18215,"C[NH2+][C@H](C=C(C)C)c1ccc(Br)cc1
",0.44070563,B,0,2.0
14045,"[NH3+][C@H]1CC[C@@H]([NH2+][C@@H]2C[C@H]2c2ccccc2)C1
",0.44070563,B,0,2.0
16988,"CCc1c(C)nc2nc(N)nn2c1[O-]
",0.4407056,B,0,2.0
39409,"[NH3+][C@@H]1CCN(c2ccncn2)C1
",0.44070554,B,0,2.0
12185,"CC[C@H](CS)C[NH+](CC)C1CCCCC1
",0.44070554,B,0,2.0
24964,"CC[NH2+][C@H](C)C(C)(C)CN1CC[NH+](C2CC2)CC1
",0.44070554,B,0,2.0
24866,"COC(=S)N(C)c1cc(Cl)cc(Cl)c1
",0.44070554,B,0,2.0
30821,"CC(CO)(CO)Cc1ccc(Cl)s1
",0.4407055,B,0,2.0
14729,"COCC1CC[NH+]([C@@H]2CCC[C@H](O)C2)CC1
",0.44070545,B,0,2.0
7755,"CCC[C@H]1CC[C@H](C[NH3+])[C@H]([NH+](C)C2CCCC2)C1
",0.44070545,B,0,2.0
30660,"CCc1c(N)nnn1CCCS(=O)(=O)CC
",0.44070545,B,0,2.0
35199,"CCc1ccc(C[C@@H]([NH3+])CC(C)C)nc1
",0.44070542,B,0,2.0
11042,"C[C@@H](C(=O)[O-])N1C(=O)CC2(CCCC2)C1=O
",0.44070542,B,0,2.0
27564,"CC(C)(C[NH+](CC1CCCCC1)C1CC1)S(C)(=O)=O
",0.44070536,B,0,2.0
29389,"CNS(=O)(=O)c1cc(C)c(C)cc1I
",0.44070533,B,0,2.0
28959,"Cc1ccccc1[C@@]1(C(C)(C)C)CCC[NH2+]1
",0.44070533,B,0,2.0
13889,"CCOc1cc(C[NH2+]C(C)C)cc(Br)c1OCC
",0.44070527,B,0,2.0
22279,"O=C1CCN(c2c(F)cc(F)cc2F)C(=O)C1
",0.4407052,B,0,2.0
23769,"CCC([NH3+])(CC)C(=O)N1CCC[C@]1(C)C(=O)[O-]
",0.4407052,B,0,2.0
24457,"CC[NH+](CCC#N)CC[C@H]1CCCC1=O
",0.44070518,B,0,2.0
24391,"C[C@H](Cl)C(=O)N(C)C1(C#N)CCCCC1
",0.44070518,B,0,2.0
21031,"CCOC(OCC)C(=O)c1cccc(C)c1C
",0.44070518,B,0,2.0
16685,"C[C@H]1CCC(=O)[C@H]([C@@H]2CCC[NH2+]2)C1
",0.44070518,B,0,2.0
3405,"CC1(C)C[C@H]2[C@@H](O)C3=C(C[C@](C)(O)[C@@H]2C1)C(=O)O[C@H]3O
",0.44070512,B,0,2.0
12573,"COC(=O)C[C@@H](C(=O)OC)c1ccc(O)cc1
",0.44070512,B,0,2.0
1672,"C[C@@H]1[C@@H](C(=O)[O-])CC[NH+]1C1CCC(C(F)(F)F)CC1
",0.4407051,B,0,2.0
37923,"CCCOC[C@H]([NH3+])C1(N(C)C)CCCCC1
",0.4407051,B,0,2.0
3987,"C[NH2+][C@@H]1CCC[C@@H]1[C@@H]1CCOC2(CCSCC2)C1
",0.4407051,B,0,2.0
1167,"CCC[C@@](O)(C=C(C)C)c1ccccc1
",0.4407051,B,0,2.0
5184,"CC(C)(C)[C@H]1CC[C@H](C[NH3+])[C@H]([NH+]2CCCC2)C1
",0.44070503,B,0,2.0
22256,"CCCC[C@@H]([NH2+]C)c1c(F)cccc1F
",0.44070503,B,0,2.0
26239,"NNc1cc(C(F)(F)F)c(Br)cc1Br
",0.44070503,B,0,2.0
12875,"CC(C)[C@@H](NC(=O)[C@@](C)(N)C(F)(F)F)C(=O)[O-]
",0.4407049,B,0,2.0
34313,"CC(C)CCC[NH2+][C@@H]1CCCS[C@H]1C
",0.44070485,B,0,2.0
27908,"C[NH2+][C@H](C)c1ccc(Oc2cc(C)cc(C)c2)cc1
",0.4407048,B,0,2.0
10407,"C[C@@H]1CCCCC[C@@H]1NC(=O)[C@@H]1CCC[NH2+][C@@H]1C
",0.4407048,B,0,2.0
9058,"C[C@H]1CN(C)C[C@H](C)N1C(=O)CCC(F)(F)F
",0.4407048,B,0,2.0
34837,"Cc1nc(C[NH2+]C[C@H](C)CCl)sc1C
",0.4407048,B,0,2.0
32782,"CCOC(=O)/C=C/C[NH+]1CCCC[C@H]1CC
",0.4407048,B,0,2.0
36539,"CCC(CC)(C(=O)c1cscc1Br)[NH+](C)C
",0.4407048,B,0,2.0
32378,"CSc1ccc([C@H](O)[C@@H](C)c2ccccn2)cc1
",0.44070476,B,0,2.0
22250,"SCCCOc1ccc(Cl)cc1Br
",0.4407047,B,0,2.0
31875,"[NH3+]CCc1ccc2nccnc2c1
",0.4407047,B,0,2.0
10488,"CCC[NH2+][C@@H](c1cc(C)c(F)cc1F)C(C)C
",0.44070467,B,0,2.0
38933,"CC(C)(O)C(=O)NN(c1ccccc1)c1ccccc1
",0.4407046,B,0,2.0
36661,"C[C@@H]([NH3+])c1cn(C)nc1C(F)(F)F
",0.44070458,B,0,2.0
32980,"C[C@H]([NH2+][C@H](C)c1cccc(F)c1)c1ccccc1
",0.44070458,B,0,2.0
17493,"O[C@@H]1C[NH+](C2Cc3ccccc3C2)Cc2ccccc21
",0.44070452,B,0,2.0
28437,"COC(=O)CSc1nnc(NN)s1
",0.44070452,B,0,2.0
12330,"CC[C@H](C)[C@H](NC(=O)CCl)C(=O)[O-]
",0.44070444,B,0,2.0
19481,"CC[NH2+]C1CCC([NH+](C)[C@@H]2CCC[C@H](OC)C2)CC1
",0.44070444,B,0,2.0
129,"Cc1cc2c(F)c(F)c(F)c(F)c2[nH]1
",0.44070444,B,0,2.0
38947,"C[C@@H]([NH2+]C1CCCC1)C(=O)OC(C)(C)C
",0.44070444,B,0,2.0
33929,"CN(CC(C)(C)O)c1ncc(Br)cn1
",0.44070435,B,0,2.0
15825,"CC(C)COC(=O)C1C[C@H](C)O[C@@H](C)C1
",0.44070435,B,0,2.0
18960,"COC(=O)Nc1ccc(I)cc1
",0.44070435,B,0,2.0
10704,"CCCNC(=O)N(CC[NH+](C)C)CC(C)C
",0.4407043,B,0,2.0
17775,"COc1cccc(/C=N/[N+](C)(C)C)c1O
",0.44070426,B,0,2.0
37138,"N#CCc1ccc2[nH]ccc2n1
",0.44070426,B,0,2.0
17094,"C[C@@H](CS(C)(=O)=O)[NH+](C)C[C@H]1CCC[C@@H](C)C1
",0.44070426,B,0,2.0
21575,"Fc1ccc(C[C@H](CBr)c2ccccc2F)cc1
",0.44070426,B,0,2.0
27415,"Cc1ccccc1C[n+]1ccccc1Br
",0.44070426,B,0,2.0
11234,"C[C@@H]1C[NH2+][C@H](c2cc(F)cc(F)c2)CS1
",0.44070426,B,0,2.0
8203,"[S-]c1nnc(-c2cc(Cl)cc(Cl)c2)o1
",0.4407042,B,0,2.0
16567,"C[C@H]1CC[C@H]([NH+](CCO)C2CCCCC2)C1
",0.4407042,B,0,2.0
25945,"COc1cc(Br)c(C=C(C#N)C#N)cc1OC
",0.44070417,B,0,2.0
17104,"[NH3+]C1(c2cccc(F)c2)[C@H]2CCC[C@H]21
",0.44070417,B,0,2.0
30283,"O=S1(=O)CC[C@H](S(=O)(=O)NC[C@@H]2CCCO2)C1
",0.44070417,B,0,2.0
17765,"Cc1ccc(N)cc1OCc1ccccc1
",0.44070417,B,0,2.0
39498,"CCNC(=S)Nc1cccc(C)c1C
",0.44070417,B,0,2.0
8900,"COCCSc1ccc([C@@H](C)[NH3+])cc1
",0.44070417,B,0,2.0
11348,"Cc1cc(C)cc(CS[C@H](CO)[C@@H](C)[NH3+])c1
",0.44070408,B,0,2.0
19155,"O=Cc1ccc(N2CCOCCOCCOCCOCC2)cc1
",0.44070408,B,0,2.0
21990,"C=CCS(=O)(=O)N1C[C@H]2C[NH2+]C[C@@H]2[C@@H]1CC
",0.44070408,B,0,2.0
14521,"Cc1noc(C)c1N(C)CCCS(C)(=O)=O
",0.44070408,B,0,2.0
6196,"OCCCCC[NH+]1CCN(c2ccccc2)CC1
",0.44070408,B,0,2.0
4686,"COc1cc(Br)ccc1C#N
",0.44070402,B,0,2.0
11902,"O=[S@](c1ncc(F)cn1)[C@@H]1CC[NH2+]C1
",0.44070402,B,0,2.0
19724,"C[C@H](O)[C@H](C)[NH2+]CC(=O)NC1CC1
",0.44070402,B,0,2.0
20325,"C[NH+](C)[C@@H]1CC[C@@H](NC(=O)CCC(=O)NC2CCCC2)C1
",0.440704,B,0,2.0
2926,"Cc1ccnn1C[C@@H](C)CS
",0.440704,B,0,2.0
31786,"C[NH2+][C@H](c1ccc(Cl)cn1)c1ccccc1Cl
",0.44070393,B,0,2.0
6365,"CC[NH+]1CCC[C@H]1CN(C)S(=O)(=O)[C@@H](C)C[NH2+]C
",0.44070393,B,0,2.0
20619,"OC[C@H]1CCCCC[C@H]1[NH2+][C@@H]1CCN(C2CC2)C1
",0.44070387,B,0,2.0
34467,"C=CCCC(=O)N1CCOC[C@@H]1C1CC1
",0.44070378,B,0,2.0
25811,"CC[NH2+][C@H](C)[C@@H](C)CCc1ccccc1
",0.44070378,B,0,2.0
29226,"CON(C)Cn1nnn(C(C)(C)C)c1=S
",0.44070378,B,0,2.0
1377,"CC[C@@H](CS)CN1CC[NH+]2CCCC[C@@H]2C1
",0.44070378,B,0,2.0
24026,"C=CCN(C(=O)[C@@H](C[NH3+])CC(C)C)C(C)C
",0.4407037,B,0,2.0
17516,"CCN(CC(C)(C)CS)c1ccccc1
",0.4407037,B,0,2.0
10188,"C[C@H](CNCc1cc(F)cc(Br)c1)[NH+](C)C
",0.44070366,B,0,2.0
29946,"Cc1ccc(S(=O)(=O)C[C@H](O)CO)cc1
",0.4407036,B,0,2.0
31064,"CCN(C(=O)[C@H](C)N(C)CC[NH+]1CCCC1)C1CCCCC1
",0.4407035,B,0,2.0
19229,"O=C(C[NH2+]C1CCCC1)N[C@@H]1CCCCC[C@H]1C(=O)[O-]
",0.4407035,B,0,2.0
24595,"CC[C@@H](CS)CSc1ccc(C)c(C)c1
",0.4407035,B,0,2.0
29134,"CCC[C@H](CO)c1ccccc1C
",0.4407035,B,0,2.0
27715,"Cc1cc(F)c([C@H](C)C(=O)[O-])cc1F
",0.44070345,B,0,2.0
37324,"CCNC(=O)[C@@H]1CC[C@@H]2CCCC[C@@H]2[NH2+]1
",0.44070342,B,0,2.0
38233,"CS(=O)(=O)[C@@H](c1ccccc1)c1ccncc1
",0.44070336,B,0,2.0
31413,"CNc1nc2ccccc2s1
",0.44070336,B,0,2.0
11094,"CC[NH2+]CCC(C)(C)c1ccc(C(C)C)cc1
",0.44070333,B,0,2.0
5692,"Cc1ncccc1O[C@@H](C)[C@@H](C)O
",0.44070333,B,0,2.0
38665,"CCC(C)(C)[C@@H]1CC[C@H](C[NH3+])[C@H]([NH+]2CCCCCCC2)C1
",0.44070327,B,0,2.0
32528,"COc1ccc(C(=O)/C(=N\O)c2ccc(OC)cc2)cc1
",0.44070324,B,0,2.0
6906,"Cc1cccc([C@@H](C)[NH2+]CCS(=O)(=O)C(C)(C)C)c1C
",0.44070324,B,0,2.0
25947,"NS(=O)(=O)c1ccccc1C(F)(F)F
",0.44070324,B,0,2.0
38295,"COC(=O)[C@H](C[NH3+])c1ccc(C)cc1
",0.44070318,B,0,2.0
8298,"CC[C@](C)([C@@H](CC1CCOCC1)[NH2+]C)N(C)C
",0.44070318,B,0,2.0
33714,"Cc1ccccc1[C@H]([NH2+]C[C@H](C)Cn1cc[nH+]c1)C(C)C
",0.44070318,B,0,2.0
20395,"CC1(C)C[C@@H]([NH2+]Cc2nc[nH]n2)C(C)(C)O1
",0.44070315,B,0,2.0
37314,"C[C@@H]1[NH2+]CCC[C@H]1C(=O)N[C@@H]1CCCC[C@@H]1O
",0.44070315,B,0,2.0
30514,"CC[NH2+]CC/C=C(/C)c1ccccc1
",0.44070315,B,0,2.0
9702,"CC[C@H](C)c1ccc([C@@H](O)c2cscc2C)cc1
",0.44070303,B,0,2.0
28640,"CCO[C@H]1C[C@H]([O-])C12CC[NH+]([C@@H]1CC[C@H](C)C1)CC2
",0.44070303,B,0,2.0
33418,"CCCC(C[NH3+])(CCC)N1CC[NH+]2CCC[C@@H]2C1
",0.44070303,B,0,2.0
2662,"CCC(=O)c1ccc(F)c(F)c1
",0.44070303,B,0,2.0
35449,"CSc1ccc([C@@H](O)c2cc[nH]c2)cc1
",0.44070294,B,0,2.0
32714,"CCC1CCC([NH+]2CCC(C(=O)N3CCCCCC3)CC2)CC1
",0.44070294,B,0,2.0
32617,"C=CC[NH2+][C@]1(C(=O)[O-])CCCCC1(C)C
",0.44070292,B,0,2.0
25154,"CC[C@@H]1CN(CC2(CC(C)C)CCCC2)[C@H](CC)C[NH2+]1
",0.44070286,B,0,2.0
15197,"CC1(C)CCC(O)(CNC(=O)N2CCCCCC2)CC1
",0.44070286,B,0,2.0
30168,"CC(=O)NCCc1ccccc1
",0.44070283,B,0,2.0
12148,"C[S@@](=O)C(=C1c2ccccc2C(=O)c2ccccc21)[S@](C)=O
",0.44070283,B,0,2.0
12263,"CC(C)=CC(=O)N1C[C@H](C(C)C)[C@@H]([NH+](C)C)C1
",0.44070277,B,0,2.0
22852,"CC(C)[C@H]1C[C@@](O)([C@H](F)C(=O)[O-])CCO1
",0.44070277,B,0,2.0
19792,"CC(C)[C@H](C[NH+](C)C)NC(=O)[C@@H]1CCCCC[C@@H]1[NH3+]
",0.44070277,B,0,2.0
10448,"CC(C)CN(C(=O)NCC1CCC1)C1CC1
",0.44070274,B,0,2.0
37444,"CC[NH2+][C@@H]1CC[C@@H](N2CC[NH+](C)[C@H](C)C2)C1
",0.44070268,B,0,2.0
35222,"[NH3+][C@@H](CO)c1cc(Cl)ccc1Cl
",0.44070262,B,0,2.0
36967,"Nc1n[nH]c2cc(F)ccc12
",0.4407026,B,0,2.0
4341,"O[C@@]12CCCC[C@@H]1C1(CCCCC1)NC(=S)N2
",0.44070253,B,0,2.0
39929,"CCOc1cc(OCC)c([N+](=O)[O-])nc1Br
",0.44070253,B,0,2.0
7264,"CC(=O)O[C@@H]1CCCC/C1=C\C(C)C
",0.4407025,B,0,2.0
20796,"Cc1ccc(C(=O)c2ccc(C)cc2F)c(C)c1
",0.4407025,B,0,2.0
17719,"CCC[C@@](C)(C(=O)[O-])[C@H]1CCOC1
",0.4407025,B,0,2.0
7862,"O=c1ccc(I)cn1CC1CC1
",0.44070235,B,0,2.0
12515,"CC[NH2+][C@@]1(CO)CC[C@H]([NH+](C)C2CCC(C)CC2)C1
",0.44070232,B,0,2.0
15922,"C=C1CC(=O)N[C@H](c2ccccc2)C1
",0.44070226,B,0,2.0
23383,"CC[C@@H]1C[NH+](CCC2CCCCCC2)CCN1C
",0.4407022,B,0,2.0
16169,"CCOc1c(Br)cc(Br)cc1/C=C/C[NH2+]C
",0.44070217,B,0,2.0
22101,"CC[C@H](C#N)[C@H](O)c1cccc(F)c1
",0.4407021,B,0,2.0
18021,"C[C@@H](CN1C(=O)C(C)(C)S1(=O)=O)C(=O)[O-]
",0.4407021,B,0,2.0
39199,"COC(=O)c1ccc(Cl)nn1
",0.4407021,B,0,2.0
12539,"C[NH+](CC1CC[NH2+]CC1)[C@@H]1CCOC2(CCCC2)C1
",0.4407021,B,0,2.0
33220,"CNC(=O)CN(C)C(=O)c1ccc(N)cc1
",0.44070208,B,0,2.0
3976,"COC(=O)C[C@@H](C)NC(=O)CNC(=O)C(C)(C)C
",0.44070208,B,0,2.0
4196,"CCCOC[C@@H](Cc1nccs1)[NH2+]C
",0.44070208,B,0,2.0
8937,"CC[C@](C)([C@@H]([NH3+])C1C[C@@H](C)C[C@@H](C)C1)[NH+]1CCCC1
",0.44070202,B,0,2.0
35885,"CCNC(=O)C[NH2+][C@H]1C[C@H]2CC[C@]1(C)C2(C)C
",0.44070193,B,0,2.0
10620,"CC1([C@H](O)c2ccc(F)c3ccccc23)CCCC1
",0.44070193,B,0,2.0
11339,"[NH3+][C@@H]1CCC[C@H]1CCN1CCOCC1
",0.4407019,B,0,2.0
8553,"CCN1CC(=O)N(CC(N)=O)CC1=O
",0.44070184,B,0,2.0
7109,"CC(C)[C@@H](O)C(C)(C)C[NH2+][C@H](C)CC1CCOCC1
",0.44070184,B,0,2.0
1826,"CCC[C@@H](O)[C@]1(C#N)CC[C@H](CC)C1
",0.44070184,B,0,2.0
25505,"Cn1ccnc1SCCC(C)(C)O
",0.4407018,B,0,2.0
20739,"[NH3+]C1(Cc2cccs2)[C@H]2CCC[C@H]21
",0.4407018,B,0,2.0
21780,"CC[C@@H]1CCC[NH+]1[C@@H]1CCC[C@@](CO)([NH2+]C(C)C)C1
",0.4407018,B,0,2.0
3879,"CN(CC(=O)N[C@@H]1CCS(=O)(=O)C1)C(=O)CC(C)(C)C
",0.4407018,B,0,2.0
21364,"O=C([O-])CNc1nccs1
",0.44070175,B,0,2.0
38028,"CS[C@H](C)C[NH2+][C@H](C)[C@@H](C)c1ccccc1
",0.4407017,B,0,2.0
16779,"CC(C)N[C@](C)(C#N)CCC[NH+]1C[C@H](C)[C@@H](C)C1
",0.44070166,B,0,2.0
17111,"CC(C)Oc1ccc(C[NH3+])cn1
",0.44070166,B,0,2.0
9615,"Nc1ccc(S(=O)(=O)Oc2ccccc2)cc1
",0.44070166,B,0,2.0
10679,"C=CCNC(=O)COc1c(Cl)c(Cl)c(Cl)c(Cl)c1Cl
",0.4407016,B,0,2.0
39995,"CCN[C@]1(C#N)CC[C@H]([NH+]2CCC(C)(CC)CC2)C1
",0.44070157,B,0,2.0
12696,"CC[NH2+][C@@H](c1cc(F)cc(Br)c1)C(C)(C)C
",0.44070157,B,0,2.0
13163,"CCOC(OCC)[C@@H]([NH2+]C)c1ccc2c(c1)OCCCO2
",0.44070157,B,0,2.0
1047,"CC[C@@H](COC)[NH2+]CCN1CCCS1(=O)=O
",0.4407015,B,0,2.0
11151,"CC(C)(C)SCC(=O)NCC(C)(C)N1CCS(=O)CC1
",0.44070148,B,0,2.0
27509,"CC(C)COC[C@H](O)CNn1cccc1
",0.44070148,B,0,2.0
39253,"C[C@@H]1CN(C(=O)C2(C)CCCC2)C[C@@H]1[NH+](C)C
",0.44070148,B,0,2.0
21453,"COc1c(Cl)ccnc1C(F)(F)F
",0.44070148,B,0,2.0
31330,"O=C1CCCCN1CC1(CS)CCCC1
",0.4407014,B,0,2.0
2247,"CC[NH2+][C@@H](C)c1ccc(N(CC)c2ccccc2)cc1
",0.4407014,B,0,2.0
10220,"[NH3+][C@H]1CCCCCC[C@@H]1[S@](=O)c1cccc(F)c1
",0.4407014,B,0,2.0
10740,"C=CCN(Cc1nnc(CC)n1C)S(=O)(=O)C(C)(C)C
",0.4407014,B,0,2.0
18013,"C[C@@H](CCCO)[NH2+][C@@H]1CCC[C@@H]1C
",0.4407014,B,0,2.0
34461,"Cc1cccc(=O)n1C[C@H](CS)C(C)C
",0.4407014,B,0,2.0
5428,"O=C(CSCC(F)(F)F)NC1CCCC1
",0.44070134,B,0,2.0
21376,"CC(=O)C[C@H]1CCCN1C(=O)NC(C)C
",0.44070134,B,0,2.0
35510,"CC[C@@H]1CC[C@@H](N(CC#N)C2CCCC2)C1
",0.4407012,B,0,2.0
5993,"C/C(=N\N)c1cccc(O)c1
",0.4407012,B,0,2.0
7261,"CC(C)Oc1ccccc1C[NH2+]Cc1ccccc1Cl
",0.44070116,B,0,2.0
16946,"C[NH2+][C@H](C(C)C)[C@H](C)c1ccc(F)cc1Cl
",0.44070116,B,0,2.0
30544,"C[C@@H]1C[C@@H]([NH3+])CN(c2nc(C(C)(C)C)ns2)C1
",0.44070116,B,0,2.0
18110,"C/[NH+]=C(/NCC1CC1)N[C@H]1CC[NH+](CC2CC2)C1
",0.44070116,B,0,2.0
21473,"CCc1ccc([C@H]2CC[NH2+]C[C@@H]2CC)cc1
",0.4407011,B,0,2.0
25825,"Fc1ccc([C@@H]2CCC[NH2+]C2)cn1
",0.4407011,B,0,2.0
31571,"CC(C)OC(=O)N[C@H]1C=C[C@@H](C(=O)[O-])C1
",0.440701,B,0,2.0
34298,"C[C@H](C(=O)C1C(C)(C)C1(C)C)c1ccccn1
",0.440701,B,0,2.0
39976,"CCOCCCc1nnc(Br)s1
",0.440701,B,0,2.0
26069,"Cc1ccncc1[C@H](F)C(=O)[O-]
",0.440701,B,0,2.0
3843,"CCC[C@@H](C)C[NH2+][C@@](C)(CC)C(=O)[O-]
",0.440701,B,0,2.0
18056,"C[C@H]1[NH2+]CCC[C@@H]1C(=O)NC1CCOCC1
",0.44070098,B,0,2.0
39222,"CCc1ccc(C[C@H](O)Cc2ccccc2)nc1
",0.44070092,B,0,2.0
20195,"CN1CCC(=NNC(N)=O)CC1
",0.44070092,B,0,2.0
36066,"Cc1cc(C)cc([C@H](O)C(C)(C)[NH+]2CCCCCC2)c1
",0.44070086,B,0,2.0
8513,"CCCCSc1nnc(C)n1CCC
",0.44070086,B,0,2.0
27565,"C=C(C)C[C@H](F)C(=O)c1ccccc1
",0.44070083,B,0,2.0
21881,"[NH3+][C@H](c1ccccc1)c1cscc1Br
",0.44070077,B,0,2.0
33047,"Cc1ccccc1-c1ccn[nH]1
",0.44070077,B,0,2.0
21385,"CCC[NH+](CC)[C@H]1CC2(CC[C@@H]1[NH3+])OCCO2
",0.44070077,B,0,2.0
3558,"CC[C@@](C)([C@@H](O)C1CCCC1)[NH+]1CCCCC1
",0.44070077,B,0,2.0
37103,"CC(=O)[C@@H](C)N1C(=O)c2ccccc2C1=O
",0.44070077,B,0,2.0
14560,"C=CC[n+]1c(SC(=O)O)sc2ccccc21
",0.44070074,B,0,2.0
24183,"C=CC[NH2+]CC(=O)N(C)C1CC[NH+](CCC)CC1
",0.44070074,B,0,2.0
25249,"CC(C)N1C[C@@H](C(=O)N2C[C@H](O)[C@H](O)C2)CC1=O
",0.44070074,B,0,2.0
34990,"C[C@@H]1SCCC[C@]1(C[NH3+])N(C)[C@@H]1CCC[NH+](C)C1
",0.44070074,B,0,2.0
29031,"O=C([O-])[C@@H]1C[C@@H]1c1ccc(Br)cc1
",0.44070074,B,0,2.0
36165,"NC(=S)NNC(=O)c1ccc(Br)cc1
",0.44070074,B,0,2.0
30799,"CC[NH+](CC)[C@H]1CCC[C@]([NH2+]C)(C(=O)[O-])C1
",0.44070074,B,0,2.0
5946,"O=CC1=C(C2(C(F)(F)F)OCCO2)[C@H]2CCC[C@@H]12
",0.44070074,B,0,2.0
33207,"C[C@H](O)CCC(=O)N[C@H]1CC[NH+](C)C1
",0.44070068,B,0,2.0
6332,"O=CN[C@H]1CCCC[C@@H]1c1ccc([C@H]2CCCC[C@@H]2NC=O)cc1
",0.44070065,B,0,2.0
31089,"CCC[C@H](O)c1cc(F)cc(Br)c1
",0.44070065,B,0,2.0
124,"Cc1cc(C=O)c(O)c([N+](=O)[O-])c1
",0.44070065,B,0,2.0
17170,"CCO[C@@H]1CC[C@](C#N)(NC2CC2)C1
",0.44070065,B,0,2.0
21802,"C[C@H](CC1CCCC1)[NH2+]C1CCN(S(=O)(=O)C2CC2)CC1
",0.4407006,B,0,2.0
19266,"C[C@H]([NH2+]CCCO)c1ccccc1N(C)C
",0.4407006,B,0,2.0
22668,"CN(CC1CCC1)C(=O)N(CC(=O)[O-])C(C)(C)C
",0.4407006,B,0,2.0
4662,"C[NH+](C)[C@H]1CC[C@H](NC(=O)N2CC[NH+](C3CC3)CC2)C1
",0.4407006,B,0,2.0
818,"C[C@H]1CCC[C@@H](C[NH3+])N1C(=O)NC1CCCC1
",0.44070056,B,0,2.0
38768,"CC[C@@H]([NH2+][C@@H](C)[C@@H](C)O)C1CCCCC1
",0.44070056,B,0,2.0
39716,"Br[C@H]1CCCC[C@H]1Cc1nccs1
",0.4407005,B,0,2.0
18880,"CC(C)c1ccc([C@@H]2C[NH2+][C@@H](C)[C@@H](C)O2)cc1
",0.44070044,B,0,2.0
33851,"Cc1ccccc1NC(=O)Nc1ccccc1
",0.44070044,B,0,2.0
34816,"CNS(=O)(=O)Oc1ccccc1Br
",0.4407004,B,0,2.0
39706,"[NH3+][C@@H]1C=C[C@@H](C(=O)N2CCC[C@H]2CCCO)C1
",0.4407004,B,0,2.0
22837,"CCCNc1nnc(S(=O)(=O)CC)s1
",0.4407004,B,0,2.0
28771,"CC(=O)NCCNC(=O)Cc1c(C)noc1C
",0.44070035,B,0,2.0
24399,"O=C1[NH+]=c2ccccc2=[NH+][C@H]1Nc1ccccc1
",0.44070035,B,0,2.0
31236,"C[NH2+][C@H](Cc1nccs1)C(C)(C)OC
",0.44070026,B,0,2.0
23464,"C[C@H](SC[C@@H](O)CO)c1ccc(N)cc1
",0.44070026,B,0,2.0
2276,"CC[NH2+][C@@H]1CCCC[C@H]1CN1CC[NH+]2CCC[C@@H]2C1
",0.44070026,B,0,2.0
14089,"O=c1[nH]cnc2oc3ccccc3c12
",0.44070026,B,0,2.0
11801,"O=C1CC(=O)N(Cc2ccsc2)C1
",0.44070023,B,0,2.0
38365,"CSCC(=O)NNC(=O)CC(C)(C)c1ccccc1
",0.44070017,B,0,2.0
37884,"CCCCN(C)C(=O)C1CC[NH+](C2CCC(C)CC2)CC1
",0.44070017,B,0,2.0
5556,"CC1(C)CC([C@@H]2CCC[C@H](S(C)(=O)=O)C2)=C[C@H]([NH3+])C1
",0.44070014,B,0,2.0
17753,"CC(C)CC1(C[NH2+][C@H]2CCC[C@@H]2C#N)CCCC1
",0.44070008,B,0,2.0
39796,"CC(=O)N1CCCN(CC[NH3+])CC1
",0.44070008,B,0,2.0
9020,"CCOc1ccc([C@H](O)[C@H](C)c2ccccn2)cc1
",0.44070008,B,0,2.0
34719,"Cc1cccnc1[C@@H]([NH2+][C@@H](C)c1ccc(F)cn1)C(C)C
",0.44070002,B,0,2.0
15726,"O=Cc1ccc(OCCOc2ccccc2)cn1
",0.4407,B,0,2.0
19978,"O=C1CC2(CCC2)NC(=O)N1C1CCCC1
",0.4407,B,0,2.0
5142,"CC[C@@H](CO)[NH2+][C@H](C)[C@@H]1CCC[NH+](C)C1
",0.4407,B,0,2.0
29806,"CC(C)[C@H](CCl)Nc1cccnn1
",0.4407,B,0,2.0
31018,"CCC[NH2+][C@H]1CCC[C@@H]([NH+](CC)CC2CC2)C1
",0.4406999,B,0,2.0
20533,"Cc1ccsc1[C@@H]([NH3+])[C@@H]1CSCCS1
",0.4406999,B,0,2.0
30816,"O=[N+]([O-])c1cccc(OC/C=C/CS)c1
",0.4406999,B,0,2.0
10068,"CC[NH2+][C@H](COCC)c1ccc(Br)cc1
",0.4406999,B,0,2.0
33781,"CCC[C@H]1C[C@H]1N/C(NC1CC[NH+](C2CCCC2)CC1)=[NH+]\C
",0.4406999,B,0,2.0
9070,"CCONC(=O)CC12C[C@@H]3C[C@@H](CC(Br)(C3)C1)C2
",0.4406999,B,0,2.0
6888,"CCCn1ncnc1CNn1c(C)ccc1C
",0.4406999,B,0,2.0
2697,"C[C@@H](NC[C@@H](O)c1ccccc1)c1ccncc1
",0.44069985,B,0,2.0
19239,"CC[NH2+][C@H](C1CCOCC1)C(C)(C)[NH+](C)C
",0.44069985,B,0,2.0
13799,"COc1cc(CC(C)=O)cc(OC)c1OC
",0.44069982,B,0,2.0
6140,"O=[N+]([O-])c1ccc2c(c1)=[NH+][C@@H](C(F)(F)F)[NH+]=2
",0.44069982,B,0,2.0
26611,"C[C@H]1CN([C@@H](C)C(=O)N2CCCCCC2)CC[C@@H]1[NH3+]
",0.44069973,B,0,2.0
34858,"Cc1cc([N+](=O)[O-])c(Br)cn1
",0.44069973,B,0,2.0
4487,"CC(C)N(CC(=O)[O-])C(=O)NC1C(C)(C)C1(C)C
",0.44069973,B,0,2.0
36185,"CC[C@@H](CC1(O)CCCC1)C(C)=O
",0.44069973,B,0,2.0
10001,"CCCCNC(=O)NCCC[NH+]1C[C@H](C)C[C@@H](C)C1
",0.44069967,B,0,2.0
30333,"Clc1cc(Cl)c2c(c1Cl)NCCO2
",0.44069967,B,0,2.0
6141,"C[C@@H](C(=O)NN)[C@@H](C)N(C)C1CC[NH2+]CC1
",0.44069967,B,0,2.0
20064,"Fc1ccc(C[C@H]2CCCC[NH2+]2)cc1
",0.4406996,B,0,2.0
23471,"CC(C)n1ncc2c1C[C@H]([NH3+])CC2
",0.4406996,B,0,2.0
14809,"C[C@@H]1CCC[C@H](C[NH+]2CCC[C@H]([C@@H](C)O)C2)C1
",0.4406996,B,0,2.0
4507,"CC(C)[C@H](C)NC(=O)N[C@H](C)c1nncn1C
",0.44069958,B,0,2.0
14955,"O=C1N[C@@H](C(=O)N(CC2CC2)CC2CC2)CS1
",0.44069958,B,0,2.0
7034,"CNS(=O)(=O)CCCN1CC[C@H]2CC[C@@H](C1)[NH+]2C
",0.44069958,B,0,2.0
3,"C=CCc1ccccc1OC(C)=O
",0.44069952,B,0,2.0
35788,"C[NH2+]C[C@@H](C)[C@H](C)N1Cc2ccccc2C1
",0.44069952,B,0,2.0
28073,"CCn1cc[nH+]c1[C@@H](C[NH+](C)C)NC
",0.44069952,B,0,2.0
33074,"CC(C)CC[NH2+]Cc1cc(F)ccc1F
",0.4406995,B,0,2.0
2094,"Cc1cnc(C[NH2+][C@H]2C[C@H]3CC[C@@H]2C3)s1
",0.4406995,B,0,2.0
21930,"C[C@@H]1C[NH+](C[C@]2(C(=O)[O-])CCOC2)C[C@@H]1C
",0.44069943,B,0,2.0
22087,"COC(=O)N1CC[C@H](NC(=O)C2C(C)(C)C2(C)C)C1
",0.4406994,B,0,2.0
13404,"CC[C@](C)([NH3+])CN1CC[NH+](CC2CC2)CC1
",0.44069934,B,0,2.0
4373,"C[NH+](CC[NH2+][C@H]1CCC[C@H](S(C)(=O)=O)C1)C1CC1
",0.4406993,B,0,2.0
11618,"CCN(CC)S(=O)(=O)c1cccnc1Cl
",0.4406993,B,0,2.0
38807,"Clc1ccccc1CSc1ncccn1
",0.44069925,B,0,2.0
9127,"CC(=O)C(C)(C)C[NH+](CCO)C1CC1
",0.44069925,B,0,2.0
21253,"CC[NH2+][C@@H](c1cncc(Br)c1)C(CC)CC
",0.44069925,B,0,2.0
20432,"C[C@H]1CCC[C@](O)([C@@H]2CCOC3(CCCCC3)C2)C1
",0.44069916,B,0,2.0
23171,"O=C([O-])c1cncc(Nc2cccnc2)n1
",0.44069916,B,0,2.0
34401,"C=CCNC(=O)C[NH+](CC)C1CC1
",0.44069916,B,0,2.0
16867,"CCC[C@@H](CC)[NH+]1C[C@@H]2CCCN2C[C@@H]1C(C)C
",0.44069916,B,0,2.0
29810,"CC(=O)N[C@@H](C)C(=O)OC1CCCCC1
",0.4406991,B,0,2.0
9308,"C[NH2+]C[C@H](Cc1ccsc1)c1ccc(C)cc1
",0.44069907,B,0,2.0
27961,"CC(C)[C@@H](CO)NC(=O)c1ccc(Br)cc1
",0.440699,B,0,2.0
9447,"CC[NH2+]C[C@@H](C)S(=O)(=O)NC1C(C)(C)C1(C)C
",0.44069898,B,0,2.0
26869,"N[C@@H](c1ccc2c(c1)OCCO2)C(F)(F)F
",0.44069898,B,0,2.0
7064,"CCN(C(=O)NCC(=O)[O-])C1CCCCC1
",0.44069898,B,0,2.0
21872,"C[C@]([NH3+])(Cc1ccc(I)cc1)C(=O)[O-]
",0.44069892,B,0,2.0
2528,"CCOC(=O)[C@H]1C[C@@H]2CCC[C@@H](C2)[NH2+]1
",0.44069892,B,0,2.0
28795,"O=C([C@H]1CCCOC1)[C@@H]1CCOC2(CCOCC2)C1
",0.4406989,B,0,2.0
1465,"C[C@@H]1OCC[C@@H]1C(=O)N1CC(C)(O)C1
",0.4406989,B,0,2.0
9743,"CC[NH2+][C@@H](c1cccc(C)n1)[C@H](C)CC
",0.4406989,B,0,2.0
24673,"CCCCCCC(=O)N1CCCC[C@H]1C(=O)[O-]
",0.4406989,B,0,2.0
16913,"C[C@@H](O)[C@H]1CCOC2(CCC2)C1
",0.44069883,B,0,2.0
19498,"C=CC[C@@H]1CCCCN1C(=O)Cl
",0.44069883,B,0,2.0
18666,"CCN(C)[C@@H](C[NH3+])c1ccc(Br)o1
",0.4406988,B,0,2.0
20427,"N#Cc1cccc(C(F)(F)F)c1Br
",0.4406988,B,0,2.0
32503,"Cc1ccc(-c2cccs2)cc1O
",0.4406988,B,0,2.0
20644,"C[NH2+][C@H]1CC[C@H](N2CCCOCC2)C1
",0.44069868,B,0,2.0
625,"O=C(C[NH+]1CCCC1)Nc1ccccc1Br
",0.44069865,B,0,2.0
18256,"C[C@H]1[C@H](C(=O)[O-])CCN1S(=O)(=O)C(F)(F)F
",0.4406986,B,0,2.0
23254,"CCc1nc(CC)n(CC[C@H]2CCC[C@H]2[NH3+])n1
",0.4406986,B,0,2.0
27446,"C[C@H](OCC(C)(C)C[NH3+])c1ccccc1
",0.4406986,B,0,2.0
38904,"C[C@H](NCCC[NH+](C)C)C(=O)N1CCCCCCC1
",0.4406986,B,0,2.0
39769,"CCC(CC)CC(=O)N[C@H]1C=CS(=O)(=O)C1
",0.4406985,B,0,2.0
25155,"Cc1ccc(C(=O)Nc2cc(C)ccc2C)c(C)c1
",0.4406985,B,0,2.0
33930,"CC(C)NC(=O)C(=O)N1CCN(C(=O)NC2CCCC2)CC1
",0.44069847,B,0,2.0
16937,"CC1CC[NH+](CCNC(=O)[C@H]2C=C[C@H]([NH3+])C2)CC1
",0.44069847,B,0,2.0
5253,"CC[C@@H](C)[C@@H]([NH2+]C)C1([NH+](C)C)CCC(C)CC1
",0.44069847,B,0,2.0
19775,"O=C(Nc1[nH+]ccs1)NP(=O)([O-])[O-]
",0.44069842,B,0,2.0
24210,"C[C@@H](CNC(=O)NCC[S@](C)=O)C[NH+]1CCCCC1
",0.44069842,B,0,2.0
9807,"C=CCN(CC=C)S(=O)(=O)c1cc2c(cc1[N+](=O)[O-])OCCO2
",0.44069842,B,0,2.0
37123,"Cc1ccc(SCCSc2ccccc2N)cc1
",0.44069842,B,0,2.0
23345,"CCCCSc1snc(O)c1C#N
",0.4406984,B,0,2.0
19669,"CC[C@@](C)(C[NH3+])[C@H](O)c1ccccn1
",0.44069827,B,0,2.0
10698,"CC(C)c1ccc(C[C@H](O)CCC(F)(F)F)cc1
",0.44069827,B,0,2.0
13986,"CS[C@H](C)C(=O)N1CCN([C@@H](C)C(=O)N2CCCC2)CC1
",0.44069827,B,0,2.0
38870,"CC[C@H](C)[C@H](NC(=O)[C@@H](C)OC)C(N)=O
",0.44069824,B,0,2.0
37659,"CSC(=S)N(C)NC(=O)c1ncccn1
",0.44069824,B,0,2.0
39593,"CC[C@H](C)[C@@H](NC(=O)[C@@H](C)OC)C(N)=O
",0.44069824,B,0,2.0
9766,"CCC[NH2+][C@@H](C1CCCCC1)[C@H]1CSCCS1
",0.44069824,B,0,2.0
18494,"C=CCN(CC=C)C(=O)Nc1ccccc1Cl
",0.44069818,B,0,2.0
21352,"CC1(C)CCCN(C(=O)NC2CCC(O)CC2)CC1
",0.44069818,B,0,2.0
34922,"O=C(CBr)c1cccc(Br)c1F
",0.44069815,B,0,2.0
38851,"CC(C)C(=O)NC[C@H](C)Nc1ccccc1
",0.44069815,B,0,2.0
7394,"CC(=O)N[C@@]1(C(F)(F)F)NC(=O)N(C)C1=O
",0.44069815,B,0,2.0
6625,"CSc1ccc(C(C)=O)cc1F
",0.44069815,B,0,2.0
34126,"C[C@@](O)(c1cccc(O)c1)[C@@H](F)C(=O)[O-]
",0.4406981,B,0,2.0
38352,"C[C@H](O)C(=O)OCc1ccccc1
",0.4406981,B,0,2.0
5059,"CCN[C@@H]1CCC[C@H]1[NH+](CCC(C)C)C1CCCC1
",0.4406981,B,0,2.0
20612,"C=CSc1nc(-c2ccccc2)c(-c2ccccc2)[nH]1
",0.44069806,B,0,2.0
28217,"CCC(O)(CC)C[NH2+]Cc1ccc(C2CC2)cc1
",0.44069806,B,0,2.0
22277,"C[C@@]1(CO)[C@H]2[C@H](O)[C@]3(C)C[C@H](O)[C@H]2[C@]3(C)CC[C@H]1O
",0.44069797,B,0,2.0
8889,"Cc1c(CCl)cnn1C(C)C
",0.44069797,B,0,2.0
14152,"Cc1ccc(C[C@@H]([NH3+])CC23CC4CC(CC(C4)C2)C3)cc1
",0.44069797,B,0,2.0
9382,"NC(=O)[C@H](Nc1ccccc1)c1ccccc1
",0.44069797,B,0,2.0
28125,"Nc1cncnc1NC(c1ccccc1)c1ccccc1
",0.44069797,B,0,2.0
20041,"CC(C)Oc1ccccc1C[NH2+]C(C)(C)C
",0.44069797,B,0,2.0
16951,"Fc1ccccc1COC1C[NH2+]C1
",0.4406979,B,0,2.0
30259,"N#Cc1ccnc2nc(N)sc12
",0.4406979,B,0,2.0
18174,"CC(C)N1CCN(C(=O)CC2([NH3+])CCC2)CC1
",0.44069785,B,0,2.0
35525,"C[C@@H]([NH2+]C[C@@H](C)[S@](C)=O)c1ccc(F)c(F)c1
",0.44069785,B,0,2.0
21465,"C[C@@H]1C[C@@]1([NH3+])c1cccc(C(F)(F)F)c1
",0.44069785,B,0,2.0
34647,"C/C(=C\C(=O)[O-])c1ccc(CC(C)C)cc1
",0.44069785,B,0,2.0
30454,"CC(=O)C[C@@H]1CCCCCN1S(=O)(=O)CC1CCCCC1
",0.44069782,B,0,2.0
33706,"C[C@@H]1CC([NH2+][C@@H](C)C[C@@H]2CCC[NH2+]2)C[C@@H](C)C1
",0.44069776,B,0,2.0
11098,"[NH3+]CCc1n[nH]c(C2CCCCC2)n1
",0.44069776,B,0,2.0
24252,"C[NH2+][C@@H](c1ccccc1OC)[C@H](C)c1ccncc1
",0.44069776,B,0,2.0
13205,"N#Cc1ccc(C(=O)N2CC[NH2+]CC2)cc1
",0.44069776,B,0,2.0
35049,"C[C@@H]1CC[C@]1(C[NH3+])c1ccc(Br)cc1
",0.44069776,B,0,2.0
6368,"CN(C)c1cc(Cl)cc2nonc12
",0.44069773,B,0,2.0
9216,"CC(C)([C@@H](O)c1ccc(Br)cc1)[N+](=O)[O-]
",0.44069767,B,0,2.0
38456,"FC(F)(F)c1cc(-c2ccc([C@H]3C=CN=N3)o2)cc(C(F)(F)F)c1
",0.44069764,B,0,2.0
6497,"O=C([O-])[C@H]1C=C[C@@H](NC(=O)[C@@H]2CSCN2)C1
",0.44069758,B,0,2.0
4240,"[NH3+]C1CC(OC[C@H]2CSc3ccccc32)C1
",0.44069758,B,0,2.0
22051,"C[C@@H](c1cccc(C(F)(F)F)c1)[C@@H](C)O
",0.44069758,B,0,2.0
38941,"COc1cc(Cl)cc(C[NH3+])c1
",0.44069758,B,0,2.0
28867,"CCC1CCC(C[NH3+])([C@@]2(O)CC[NH+](C)C2)CC1
",0.44069755,B,0,2.0
18408,"Cc1ccsc1[C@@]1(O)CCCC(C)(C)C1
",0.44069755,B,0,2.0
19178,"Cc1cc([C@@H](Br)c2cscc2C)c(C)s1
",0.44069755,B,0,2.0
18005,"CC(C)OC(=O)/C(C#N)=C/c1ccc(C(C)(C)C)cc1
",0.4406975,B,0,2.0
3078,"Nc1c(Br)cnn1-c1ncccn1
",0.4406975,B,0,2.0
37989,"CC(C)CC1(C(=O)N(C)[C@H](C)CC[NH3+])CCCC1
",0.4406975,B,0,2.0
33751,"C[C@@H]1NCC[N+]2=C1CC[C@@H]2c1nn[n-]n1
",0.44069743,B,0,2.0
30344,"CCC(CC)[NH2+]C[C@@H](C)Sc1ccncc1
",0.44069743,B,0,2.0
27951,"O=C(CC12CC3CC(CC(C3)C1)C2)NC[C@H]1CCC[NH2+]1
",0.4406974,B,0,2.0
18531,"CC(C)(C)c1n[nH]c(C(=O)N2CCCCCCC2)n1
",0.44069734,B,0,2.0
4775,"CC[NH+](CC)C[C@@H](C)NC1=[NH+]CCCC1
",0.4406973,B,0,2.0
35257,"CCC[NH+]1CCCN(C(=O)NCC[S@@](C)=O)CC1
",0.4406973,B,0,2.0
10244,"CC[C@@H]1CC[C@@H](C#N)[C@H]([NH+](C)CCOCC2CC2)C1
",0.4406973,B,0,2.0
22280,"C[C@H](c1ccccc1)/[N+]([O-])=C/c1ccccc1
",0.4406973,B,0,2.0
21500,"[NH3+][C@@H]1CCCC[C@H]1CCSc1ccccc1
",0.44069716,B,0,2.0
12178,"CC[C@@H](C[C@H](C)CC)[C@](C)(O)C(=O)[O-]
",0.44069713,B,0,2.0
4052,"CCc1ccccc1OCc1ccccc1N
",0.44069713,B,0,2.0
5577,"Cc1ccc([C@H](O)C(=O)c2ccc(N(C)C)cc2)cc1
",0.44069707,B,0,2.0
31980,"CN(C)C(=S)CCS(=O)(=O)c1ccccc1
",0.440697,B,0,2.0
25942,"C[NH+]1CC[C@H](C[NH+](CC(=O)[O-])C2CC2)C1
",0.44069692,B,0,2.0
19885,"C[C@H]1CN(C(=O)C2(C)CCCC2)C[C@@H](C)O1
",0.44069692,B,0,2.0
20999,"O=C(CSC[C@H](O)CO)c1ccc(O)cc1
",0.44069692,B,0,2.0
27080,"C[C@@H](O)[C@@H](C)S(=O)(=O)c1ccc(F)cc1
",0.44069692,B,0,2.0
23806,"OCCCc1nnc([S-])n1-c1ccccc1
",0.4406969,B,0,2.0
24387,"CCCN(C)c1c(C[NH2+]CC)c(C)nn1C
",0.4406969,B,0,2.0
11315,"CO/N=C\c1cc(Br)cc(OC)c1O
",0.44069684,B,0,2.0
33758,"C[C@@H]1CCCC[C@H]1CNC/C(Cl)=C/Cl
",0.44069684,B,0,2.0
4356,"CCn1ccnc1C[C@@H]([NH3+])c1nc[nH]n1
",0.44069684,B,0,2.0
32545,"CC[C@H](C)C[NH+](C)C[C@H](N)c1ccc(C(C)(C)C)cc1
",0.44069675,B,0,2.0
16467,"FC(F)(F)c1ccc(Cl)c(CCl)c1
",0.44069675,B,0,2.0
32554,"CCC[NH2+][C@@H]1CCCCCC[C@H]1N1CC[NH+]2CCC[C@@H]2C1
",0.44069675,B,0,2.0
11612,"CC[C@](C)([NH2+]CC(=O)NCC(F)(F)F)C(=O)[O-]
",0.44069675,B,0,2.0
1787,"CCCS(=O)(=O)NC1CC[NH+]([C@H]2CC[C@@H](C)C2)CC1
",0.44069675,B,0,2.0
17636,"OC/C=C/c1cccc2ccccc12
",0.44069672,B,0,2.0
13266,"C[NH2+][C@]1(CO)CC[C@@H]([NH+]2CCCCC[C@H]2C)C1
",0.44069672,B,0,2.0
18403,"C[NH+](CCS(C)(=O)=O)[C@@H]1CC(C)(C)CC[C@@H]1O
",0.44069666,B,0,2.0
13773,"O=C1C[C@@H]([C@H]2CCCO2)C(=O)O1
",0.44069666,B,0,2.0
13933,"CS(=O)(=O)NC1CC[NH+](C2CCC3(CC[NH2+]CC3)CC2)CC1
",0.44069666,B,0,2.0
949,"CC1(C)CCCC[C@H]1[NH2+][C@H]1CCOC2(CCSCC2)C1
",0.44069666,B,0,2.0
6943,"C[C@H]1[C@H](C(=O)[O-])[C@H](C)CC(=O)N1C1C(C)(C)C1(C)C
",0.4406966,B,0,2.0
3065,"CC(C)c1cc(N[C@@H](C)CCCO)ncn1
",0.4406966,B,0,2.0
13829,"C=CC(=O)c1c(Cl)cc(Cl)nc1Cl
",0.44069657,B,0,2.0
26433,"CC[NH+](Cc1ccccc1)C[C@@H](C)CS
",0.4406965,B,0,2.0
36805,"Cn1c(=O)c2cc(Br)c3c(=O)n(C)c(=O)c4cc(Br)c(c1=O)c2c43
",0.4406965,B,0,2.0
5075,"C[C@H]1C[C@H]1C(=O)N(CC#N)C1CCCC1
",0.4406965,B,0,2.0
5509,"CC1(C)CCN(C(=O)CN2CCS(=O)(=O)CC2)C1
",0.4406965,B,0,2.0
38554,"Cc1ccccc1[C@@]1([NH3+])CC[C@H]1C
",0.44069648,B,0,2.0
31037,"CCOc1ccc(C[C@H]2CCCC[NH2+]2)cc1
",0.44069648,B,0,2.0
7974,"CN(C)C(=O)CN(C)C(=O)CSc1ccc(F)cc1
",0.44069648,B,0,2.0
22695,"COCCNC(=O)[C@H](C)[NH2+]CC(C)C
",0.44069642,B,0,2.0
2834,"C[C@H]([NH2+]Cc1cc[nH]c1)c1ccncc1
",0.4406964,B,0,2.0
26981,"NC(=O)/C=C\c1ccc(Cl)cc1
",0.4406964,B,0,2.0
30914,"Cn1nnnc1SC[C@@H](O)COCCO
",0.4406964,B,0,2.0
31244,"Clc1ncc(Cl)c(Nc2ccccc2Cl)n1
",0.4406964,B,0,2.0
30839,"CS(=O)(=O)NC1CCN(C(=O)C=C(C2CC2)C2CC2)CC1
",0.4406964,B,0,2.0
21234,"O=C([O-])c1cccc(N2CCCCC2)[nH+]1
",0.4406964,B,0,2.0
21674,"CC[C@@H](C)N(CC)C(=O)c1ccccc1N
",0.44069633,B,0,2.0
23692,"O[C@@H]1CCCC[C@H]1c1ccc(Cl)cc1
",0.44069633,B,0,2.0
18147,"C=CCCC(=O)N(C)C1(C(=O)OC)CCCCC1
",0.4406963,B,0,2.0
20421,"CN1CCN(C(=O)CC2CCCC2)CC1
",0.4406963,B,0,2.0
26825,"CCCC(=C/C([O-])=N/S(=O)(=O)c1ccccc1)CCC
",0.4406963,B,0,2.0
15395,"CCN(CC(F)(F)F)S(=O)(=O)c1ccc(Br)cc1
",0.4406962,B,0,2.0
6890,"C[C@H](NC(N)=O)C(=O)N[C@@H]1CCCC[C@H]1C
",0.4406962,B,0,2.0
16870,"CC(C)[C@H]([NH2+][C@H]1CCCC[C@@H]1C)C(=O)N1CCCC1
",0.4406962,B,0,2.0
33176,"C=CCNC(=S)N/C(=N/O)c1ccncc1
",0.4406962,B,0,2.0
26991,"CCCC#C[C@](C)(O)C[NH2+][C@H](C)C(=O)[O-]
",0.44069615,B,0,2.0
2924,"CC(C)(C)[C@@H](O)Cn1cccn1
",0.44069615,B,0,2.0
10848,"C[C@@H]1CC([C@@H](O)[C@]2([NH+](C)C)CCC[C@@H](C)C2)C[C@H](C)C1
",0.4406961,B,0,2.0
9685,"C=CCNC(=O)[C@H](C)[NH+](C)C1CCC([NH2+]C)CC1
",0.4406961,B,0,2.0
1900,"Cc1ccc([C@@H](O)CN(C)CC(F)F)c(C)c1
",0.4406961,B,0,2.0
4156,"C/C=C(\C)C(=O)N/N=C/c1cccnc1
",0.44069606,B,0,2.0
11755,"CC(C)(C)[C@@H](CBr)CN1C(=O)C(C)(C)S1(=O)=O
",0.44069606,B,0,2.0
2342,"C[NH+](C)C[C@@H]1C[C@H](C(C)(C)C)CCC1=O
",0.44069606,B,0,2.0
2802,"CCCCCCNC(=O)[C@H]1CCO[C@H]1C
",0.440696,B,0,2.0
17716,"CC(C)Cc1ccc([C@@H](C)[NH2+][C@H](C)c2ccc(F)cn2)cc1
",0.440696,B,0,2.0
18471,"Cc1cc(C)cc(OC(=O)c2ccccc2F)c1
",0.440696,B,0,2.0
32914,"Cc1n[nH]c(S[C@H]2CCCC(C)(C)[C@@H]2[NH3+])n1
",0.440696,B,0,2.0
28814,"COc1cc(C)c2c(c1OC)[C@H](Br)CC2(C)C
",0.440696,B,0,2.0
14504,"C[C@@H]1CN(S(=O)(=O)N2CCC(C(=O)[O-])CC2)C[C@@H](C)O1
",0.4406959,B,0,2.0
4462,"CCN(c1ccccc1[C@H](C)[NH3+])C(C)C
",0.4406959,B,0,2.0
33391,"COCCCCOc1ccc(Br)c(C)c1
",0.4406959,B,0,2.0
27532,"CCc1ccc(C[NH+]2CC[C@@H](C(=O)[O-])[C@@H]2C)cc1
",0.4406959,B,0,2.0
10357,"CS(=O)(=O)N1CCC(C(=O)N2CCOCC2)CC1
",0.44069588,B,0,2.0
39545,"C[C@H]1[C@H](C(=O)[O-])CC[NH+]1CC(=O)N1CCCC1
",0.44069582,B,0,2.0
31358,"COc1cccc(S(C)(=O)=O)c1N
",0.44069582,B,0,2.0
234,"C/C(=C/c1ccc(SC#N)cc1)[N+](=O)[O-]
",0.44069582,B,0,2.0
3416,"C[C@H]1CN(C(=O)CC2(O)CCCC2)C[C@H](C)S1
",0.4406958,B,0,2.0
16598,"CC(=O)Nc1cc(F)cc(C(F)(F)F)c1
",0.4406958,B,0,2.0
10676,"[NH3+][C@@H]([C@H]1CCOC2(CCC2)C1)C12CC3CC(CC(C3)C1)C2
",0.4406958,B,0,2.0
3467,"C[NH2+][C@@H](C)c1ccccc1O[C@H](C)C(=O)N(C)C
",0.44069573,B,0,2.0
35787,"C#CCN(CC(=O)[O-])C(=O)C(C)(C)[NH2+]CC
",0.44069573,B,0,2.0
35699,"CC(=O)c1ccccc1NC(=O)[C@@H](C)Nc1ccccc1C
",0.44069573,B,0,2.0
37905,"CCC[C@@H](C(=O)OC)[NH+]1CCN(C)CC1
",0.44069573,B,0,2.0
30118,"[NH3+][C@@H]1CCC[C@H]1CCN1CCCC1=O
",0.44069573,B,0,2.0
1901,"CCC(=O)[C@H](C)c1ccc(Cl)c(Cl)c1
",0.44069567,B,0,2.0
19931,"c1csc(CC[C@H]2CCCC[NH2+]2)n1
",0.44069567,B,0,2.0
16378,"CCCCCO[C@@H]1CC2(CC[C@H]1[NH3+])OCCO2
",0.44069567,B,0,2.0
38097,"CC[NH2+][C@@H](CCC(F)(F)F)[C@@H]1C[NH+]2CCN1CC2
",0.44069567,B,0,2.0
552,"COc1cc(OC)cc([C@]2(O)C[C@@H]2C)c1
",0.44069567,B,0,2.0
28999,"CC1CCC(C[NH+](C)Cc2cncs2)CC1
",0.44069567,B,0,2.0
36277,"CSc1ccc([C@@H](O)Cc2c(F)cccc2F)cc1
",0.44069564,B,0,2.0
20910,"O=C1CCC[C@@H]1CC[NH+]1[C@H]2CC[C@@H]1CC(O)C2
",0.44069558,B,0,2.0
6460,"CC(C)(c1ccccc1)c1ccc(OCC[NH+]2CCCC2)cc1
",0.44069558,B,0,2.0
7601,"C[NH2+]C1C[C@@H]2CC[C@H](C1)N2c1ccn(C)n1
",0.44069555,B,0,2.0
28826,"C[C@@H]([C@H](C)C(=O)[O-])[S@@](=O)c1cccs1
",0.44069555,B,0,2.0
1655,"CC(C)(C)c1cc2ncc(Br)cn2n1
",0.44069555,B,0,2.0
17430,"N#Cc1ccc(Nc2ccc(Cl)nn2)cc1
",0.44069555,B,0,2.0
7976,"C/C(=C/c1ccccc1C)[N+](=O)[O-]
",0.44069546,B,0,2.0
30132,"CC(C)N(CC[NH+]1CCCC1)C[C@@H]1CCCCO1
",0.44069546,B,0,2.0
25075,"Cc1ccc(C/[NH+]=C(/[S-])N(C)C)cc1
",0.44069546,B,0,2.0
21520,"CN(CCS(C)(=O)=O)C(=O)CCC1CCC([NH3+])CC1
",0.44069546,B,0,2.0
8784,"C#CCN(CC#C)C(=O)c1cncc(C(=O)N(CC#C)CC#C)c1
",0.44069546,B,0,2.0
623,"C[C@H]1CCc2c(ccc3c4c(ccc23)C(=O)[C@H](C)CC4)C1=O
",0.44069546,B,0,2.0
39392,"Cc1noc(C)c1S(=O)(=O)NC1C2CC3CC(C2)CC1C3
",0.44069546,B,0,2.0
24478,"C=CC[C@H]([NH2+]CCCF)c1ccccc1F
",0.44069546,B,0,2.0
37013,"COCCC(=O)N[C@H](C)CC(=O)[O-]
",0.44069546,B,0,2.0
916,"CC1(C)CC[NH2+]c2ccc(F)cc2N1
",0.4406954,B,0,2.0
27685,"CCCN(CC(=O)[O-])C(=O)C[C@@H]1CSCC[NH2+]1
",0.44069538,B,0,2.0
8835,"C[NH+]1CCN(CCC2OCCCO2)CC1(C)C
",0.44069538,B,0,2.0
10643,"[NH3+]C[C@H](c1ccccc1)c1ccc(Cl)c(Cl)c1
",0.44069532,B,0,2.0
3814,"C[C@@H]1SCCC[C@H]1[NH2+]CC(=O)N(C)C
",0.44069517,B,0,2.0
37513,"O=C1N=C2N=NC(c3ccccc3)=C2C(=O)N1
",0.44069517,B,0,2.0
37744,"CC(C)C1CCC(C#N)(C2(O)CC[NH+](C(C)C)CC2)CC1
",0.44069514,B,0,2.0
4456,"CCOC(=O)[C@@H](C#N)c1c(F)c(F)c(Br)c(F)c1F
",0.44069514,B,0,2.0
18700,"O=C1NCc2ncc(F)cc21
",0.44069508,B,0,2.0
33826,"COC(=O)N(C)CC(=O)N1C[C@@H](C)C[C@H](C)C1
",0.44069505,B,0,2.0
24372,"CC1(C)CCCC[C@@]1(C[NH3+])N1CC[C@H]([NH+]2CCCCC2)C1
",0.440695,B,0,2.0
22634,"CC[C@H]1CC[C@@H]([NH+](C)Cc2c(C)noc2C)C1
",0.440695,B,0,2.0
7316,"CC(C)CCC[C@@H](C)NC(=O)[C@](C)(N)C(F)(F)F
",0.44069496,B,0,2.0
39786,"C[NH2+][C@@H](Cc1ccc(O)cc1)C1CCC(C)(C)CC1
",0.4406949,B,0,2.0
14280,"O[C@H](c1cncc(F)c1)c1cc(F)cc(Br)c1
",0.4406949,B,0,2.0
18269,"C#CCNCC(=O)N[C@@H]1C[C@H]2CC[C@@H]1C2
",0.4406949,B,0,2.0
20310,"CCC1(C)CC[NH+]([C@@H]2CC[C@@](CO)([NH2+]C(C)C)C2)CC1
",0.4406949,B,0,2.0
32404,"Cc1ccc2c(c1)sc[n+]2Cc1ccc(CBr)cc1
",0.4406949,B,0,2.0
25150,"CCC[C@@H](C[NH3+])[C@H](O)CCc1ccco1
",0.44069484,B,0,2.0
39810,"CC(=O)NCCNC(=O)C[NH+]1CC[C@@H](C(=O)[O-])[C@H]1C
",0.4406948,B,0,2.0
32377,"C[C@H](NC(=O)[C@@H]1CCO[C@@H]1C)C(=O)NC(C)(C)C
",0.4406948,B,0,2.0
33248,"CCC1CCC([NH2+][C@H](C(=O)N2CCCC2)C(C)C)CC1
",0.4406948,B,0,2.0
25678,"O=C(/C=C\C(Cl)(Cl)Cl)c1ccc([N+](=O)[O-])cc1
",0.44069472,B,0,2.0
23239,"Cc1ccc2c(C)c/c(=[NH+]/N)[nH]c2c1
",0.44069472,B,0,2.0
20985,"CC(C)C[C@@H]1CCCN1c1nc(C2CC2)ns1
",0.44069472,B,0,2.0
4606,"CC[NH2+]CCC(C)(C)c1ccc2c(c1)OCCO2
",0.44069457,B,0,2.0
13964,"CCC[NH2+]Cc1ccccc1N(C)[C@@H](C)CC
",0.44069457,B,0,2.0
31794,"CC[C@@H]1C[C@@H](C)CC[C@@H]1[NH2+]CCNS(C)(=O)=O
",0.44069454,B,0,2.0
2125,"CC[NH+]1CCC[C@H]1CN(C)C1(C[NH3+])CCSCC1
",0.44069454,B,0,2.0
18465,"CC[C@@H](C)[NH2+]CC(C)(C)C(=O)OC
",0.44069454,B,0,2.0
32133,"O=C([O-])CCC(=O)c1ccc(Br)s1
",0.44069448,B,0,2.0
8451,"Cc1ccsc1[C@H]1N=C2C=NN(C(C)C)[C@@H]2N1
",0.44069442,B,0,2.0
1612,"C=CCN(CC=C)C(=O)CSC1=C(C#N)C(C)(C)[C@@H](C#N)C(=O)N1
",0.44069442,B,0,2.0
6372,"CCC[C@H](C[NH3+])[C@@]1(O)CCC[NH+](CC)CC1
",0.44069442,B,0,2.0
2943,"CN[C@](C)(CC[NH+]1CCC(C)(C)C1)C(=O)[O-]
",0.44069442,B,0,2.0
23664,"CCCCCCC(=O)N/N=C/c1ccc(O)cc1
",0.44069442,B,0,2.0
28284,"C[C@](N)(C#N)c1ccccc1Cl
",0.44069442,B,0,2.0
19941,"NC1=NC(=O)[C@@H](c2ccccc2)O1
",0.44069442,B,0,2.0
39303,"CO[C@@H](C[NH3+])c1cccc2ccccc12
",0.44069433,B,0,2.0
31288,"O=C([O-])c1ccccc1C[NH2+]C1CCCC1
",0.44069433,B,0,2.0
665,"CCc1ccc(C[C@@](C)(O)c2cc(F)cc(F)c2)s1
",0.44069433,B,0,2.0
38105,"CCCN(C(=O)N1CCC(C)CC1)[C@@H]1CC[NH2+]C1
",0.4406943,B,0,2.0
20196,"CS(=O)(=O)SCc1ccc2ccc3cccc4ccc1c2c34
",0.4406943,B,0,2.0
33796,"CC[C@H](CCO)CNc1nnnn1C
",0.4406943,B,0,2.0
4524,"CC[C@@H](CCO)CN1C(=O)C(C)=C(C)C1=O
",0.44069424,B,0,2.0
22531,"C[C@@H]1C(=O)C[C@@H](c2ccccc2)[NH2+][C@H]1c1ccccc1
",0.44069424,B,0,2.0
7534,"CC[NH2+][C@H]1CCN(CCCCOC)[C@H](C)[C@@H]1C
",0.4406942,B,0,2.0
282,"CC(=O)OCC1(COC(C)=O)CC[C@H]2O[C@H]2C1
",0.44069415,B,0,2.0
26682,"Nc1cnc(-c2cscn2)cn1
",0.44069415,B,0,2.0
29568,"C[C@H]1CCC[NH+](CC(=O)N2CCCCCC2)C1
",0.44069415,B,0,2.0
20569,"CC(C)n1ncnc1C[C@@H](C[NH3+])c1ccccc1Br
",0.44069415,B,0,2.0
38890,"O=[N+]([O-])c1ccsc1Sc1cccs1
",0.44069412,B,0,2.0
4921,"CC(C)(C)OC(=O)N1CCC(N)(C(N)=O)CC1
",0.44069406,B,0,2.0
8876,"CC1CCC(C#N)([C@@]2(O)CCCC[C@@H]2C(C)(C)C)CC1
",0.44069406,B,0,2.0
18602,"CCC(CC)CNC(=O)NC[C@@H]1CCC[C@H]1O
",0.44069406,B,0,2.0
18505,"Cc1cscc1[C@H]([NH3+])c1ccc(Cl)cc1
",0.440694,B,0,2.0
8096,"CCN1CC(=O)N(CC[C@H](C)O)CC1=O
",0.440694,B,0,2.0
27132,"Cc1ccc(N)cc1SCCc1ccncc1
",0.44069397,B,0,2.0
12744,"Cc1cc(N)cc(C)c1NC(=O)CS(C)(=O)=O
",0.44069397,B,0,2.0
2460,"N#Cc1ccc(OC(F)F)cc1OC(F)F
",0.44069397,B,0,2.0
13250,"C=CCC[C@@H](C)[NH+](C)CCc1nccs1
",0.44069389,B,0,2.0
25508,"CCc1ccc(C[C@@H](O)[C@H]2CSCCS2)s1
",0.44069389,B,0,2.0
26556,"CC(C)O[S@@](=O)c1cccc2ccccc12
",0.44069383,B,0,2.0
21620,"C[C@@H]1C[C@H]1c1noc([C@@H]2CC[NH2+][C@@H]2C)n1
",0.4406938,B,0,2.0
19572,"CCOC(=O)[C@H](CC)N1C[C@H](C)S[C@H](C)C1
",0.4406938,B,0,2.0
31489,"CC(=O)c1cc(N)ccc1[N+](=O)[O-]
",0.4406938,B,0,2.0
15867,"CC(C)N1C(=O)C[C@@H]([NH+]2CC[C@H](C(=O)[O-])[C@@H]2C)C1=O
",0.4406938,B,0,2.0
14131,"Nc1c(Oc2ccccc2)nc[nH]c1=O
",0.44069374,B,0,2.0
10012,"N/C(CSc1ccccc1[N+](=O)[O-])=N\O
",0.44069374,B,0,2.0
34591,"CCC[NH+](C)Cc1cc2c(cc1N)OCCO2
",0.4406937,B,0,2.0
13479,"O=c1ccnc([C@@H]2CSCCS2)[nH]1
",0.4406937,B,0,2.0
17577,"Nc1ncn(C[C@@H]2C[C@H]3CC[C@@H]2C3)n1
",0.4406937,B,0,2.0
26799,"Cc1cc(C(=O)CCl)sc1C
",0.4406937,B,0,2.0
38128,"CC[NH2+][C@@H](c1cc(F)c(C)cc1F)C(CC)CC
",0.44069365,B,0,2.0
36960,"Cc1ccc[n+](CC(=O)c2ccccc2)c1C
",0.44069365,B,0,2.0
2731,"NC(=O)CC[NH+]1[C@@H](C(=O)[O-])CC[C@@H]2CCCC[C@H]21
",0.44069365,B,0,2.0
899,"Cc1ncccc1/N=C1/N[C@H](C)CS1
",0.44069365,B,0,2.0
1216,"O=C(OCCc1ccccc1)[C@@H](O)c1ccccc1
",0.4406936,B,0,2.0
11918,"CCC(CC)n1ncc(N)c1C
",0.4406936,B,0,2.0
24031,"CCC[C@@H](C[NH3+])N1CCN(C(=O)N(CC)CC)CC1
",0.4406936,B,0,2.0
29182,"C[C@H](CO)CSc1ccc(C[NH3+])cc1
",0.44069356,B,0,2.0
23793,"CCc1nc(CC)n(Cc2ccon2)n1
",0.44069356,B,0,2.0
14398,"CC(C)S(=O)(=O)N1CCC(Oc2ncccn2)CC1
",0.44069356,B,0,2.0
27620,"CC(C)Cc1cc([N+](=O)[O-])n(C)n1
",0.4406935,B,0,2.0
3540,"CC(C)Cc1ncc(C[NH+]2CCCCC2)s1
",0.4406935,B,0,2.0
37494,"C[C@H]1CCCN(C(=O)N2CCC[C@H](C[NH3+])C2)C1
",0.4406935,B,0,2.0
28335,"O=C([O-])[C@H](c1ccc(Cl)cc1)[NH+]1CCCCC1
",0.44069347,B,0,2.0
36493,"N#CCCCCS(=O)(=O)c1ncc[nH]1
",0.44069347,B,0,2.0
33221,"C[C@H]([NH2+][C@H](C)CC(=O)N(C)C)C1CCC1
",0.44069347,B,0,2.0
33811,"c1cc(N2CCC[NH+](C3CCCCC3)CC2)cc[nH+]1
",0.44069347,B,0,2.0
21138,"O=C1c2ccccc2-c2nc(=O)[nH]nc21
",0.44069347,B,0,2.0
24041,"COC(=O)/C=C/c1ccc[n+]([O-])c1
",0.44069347,B,0,2.0
20814,"COC(=O)[C@H](S[C@@H](C)CCO)C1CC1
",0.4406934,B,0,2.0
3224,"Cc1cc(CN(C)C(=O)C(C)(C)C)cc(C)c1OCC(F)(F)F
",0.4406934,B,0,2.0
39987,"C[C@@H](Oc1ccccc1N)C(=O)c1ccccc1
",0.4406934,B,0,2.0
1462,"CCCCNC(=O)O[C@@H]1CC[C@@H]([NH3+])C1
",0.4406934,B,0,2.0
18417,"c1cnn(C2CC[NH+](C3CCSCC3)CC2)c1
",0.44069338,B,0,2.0
18755,"Cc1ccc(SCC(=O)N2CCCC2)c(C)c1
",0.44069338,B,0,2.0
9630,"Cc1nc(C)c(S(=O)(=O)N(C)CC(C)(C)O)s1
",0.44069338,B,0,2.0
9104,"c1ncc(COCCC2CC[NH2+]CC2)s1
",0.44069332,B,0,2.0
21571,"Cc1cncc(CCC(=O)[O-])c1
",0.44069332,B,0,2.0
38651,"[NH3+]CC/C=C/C[C@@H]1Cc2ccccc21
",0.44069332,B,0,2.0
32245,"O=C(CCC1CCCC1)N[C@H]1CCCCC[C@H]1C(=O)[O-]
",0.4406933,B,0,2.0
9239,"CCN(C)c1cncc(C[NH2+]C(C)C)n1
",0.4406933,B,0,2.0
30804,"CS(=O)(=O)[C@@H]1CCC[C@H](NC(=O)[C@@H]2CCCN2C(=O)C2CC2)C1
",0.44069323,B,0,2.0
32752,"O=C(Oc1cc([N+](=O)[O-])ccc1Cl)Oc1cc([N+](=O)[O-])ccc1Cl
",0.44069323,B,0,2.0
16933,"CN1/C(=C/C=O)Sc2ccccc21
",0.44069323,B,0,2.0
3120,"CSc1nc2ncc(C#N)c([O-])c2s1
",0.44069314,B,0,2.0
18405,"C=CCN(CC(=O)[O-])C(=O)c1ccc(N(C)C)nc1
",0.44069314,B,0,2.0
26459,"CC1CCN(C(=O)N(C)[C@H](C)C#N)CC1
",0.44069314,B,0,2.0
33770,"Br[C@H]1CCCCC[C@@H]1Cc1nccs1
",0.44069308,B,0,2.0
7257,"C[NH2+]C[C@H](C)CSCc1cc(C)cc(C)c1
",0.44069305,B,0,2.0
27118,"CO/C=C(\C)n1nnc2ccccc21
",0.44069305,B,0,2.0
11916,"C[C@@H](CNC(=O)C[C@@H]1C=CCC1)[NH+]1CCCC1
",0.44069305,B,0,2.0
29594,"CC(C)[C@@H](C)[NH+](C)CC(=O)c1cccn1C
",0.44069305,B,0,2.0
18006,"CCCCCC(C)(C)C[NH2+]C1CCOCC1
",0.44069305,B,0,2.0
7230,"CCN(C)C(=O)N(CCO)Cc1ccccc1
",0.440693,B,0,2.0
24902,"C[C@H]1CC[C@@H](C)C[NH+]1CC(=O)NC1CCCC1
",0.440693,B,0,2.0
10294,"CC(C)=NNC(=O)Sc1cc(O)ccc1O
",0.44069296,B,0,2.0
33892,"CCC([NH3+])(CC)C(=O)NC1CCN(S(C)(=O)=O)CC1
",0.44069296,B,0,2.0
23403,"CCO[C@@H]1C[C@H]1C(=O)N[C@@H]1CCC[C@H](S(C)(=O)=O)C1
",0.44069296,B,0,2.0
2668,"C[NH2+][C@@H](C)c1ccc(Sc2cccc(F)c2)c(F)c1
",0.4406929,B,0,2.0
11170,"C[NH2+]C[C@@H](C)C(=O)N1CC[NH+](CC(=O)[O-])CC1
",0.44069287,B,0,2.0
579,"CCOCC(=O)N(C)CCCNC(C)=O
",0.4406928,B,0,2.0
18279,"COC(=O)c1ccc(C(=O)N[C@@H](C(=O)OC)C(C)C)cc1
",0.44069278,B,0,2.0
8575,"Cc1cc(C)cc(CS(=O)(=O)CCCCCBr)c1
",0.44069278,B,0,2.0
35953,"CCCSc1c(C(N)=O)ccc(N)c1C
",0.44069278,B,0,2.0
34283,"CCCN(CC[NH+](C)C)Cc1cc(N)cc[nH+]1
",0.44069278,B,0,2.0
21874,"COCCCC(CO)(CO)c1ccc(C)cc1
",0.44069278,B,0,2.0
39175,"C[C@@H]1OCC[C@@H]1C(=O)NCCC1CC[NH+](C)CC1
",0.44069278,B,0,2.0
13032,"CS(=O)(=O)Nc1cccc(N)c1
",0.44069266,B,0,2.0
27148,"O=C1Cc2cc(C(F)(F)F)ccc2N1
",0.44069266,B,0,2.0
12009,"CC[C@H](Br)C(=O)Nc1ccccc1C
",0.44069266,B,0,2.0
34612,"CCOC(=O)CO/N=C(\N)c1nonc1N
",0.44069263,B,0,2.0
5306,"CC[C@]1(C)C[C@H]([NH2+][C@@H]2CCCCC2(C)C)CCO1
",0.44069257,B,0,2.0
27055,"COC1CCN(C(=O)N[C@H](C)C(C)C)CC1
",0.44069257,B,0,2.0
39162,"Cc1cnoc1-c1ccc(C#N)cc1
",0.44069254,B,0,2.0
11603,"C[NH2+][C@H](c1cncc(Br)c1)c1cc(OC)cc(OC)c1
",0.44069248,B,0,2.0
38328,"C[C@@H](NC(=O)N[C@H]1CC=CCC1)C(C)(C)C
",0.44069248,B,0,2.0
4075,"CC(C)(C[NH2+]C[C@@H]1C[C@H]2CC[C@@H]1C2)C(=O)[O-]
",0.44069248,B,0,2.0
30479,"O=C([O-])CC[C@@]12CCCC[C@]1(O)OC(=O)CC2
",0.44069248,B,0,2.0
19624,"CCC[NH+](CC[C@@H]([NH3+])c1ccccc1)C(C)C
",0.44069245,B,0,2.0
14508,"CC[C@H](NC(C)=O)c1ccc([C@H](C)CC)cc1
",0.4406924,B,0,2.0
38597,"O=C(c1ccccc1)[C@@H]1C[NH+]2CCN1CC2
",0.4406924,B,0,2.0
22192,"Cc1nc(CCl)[nH]c(=O)c1F
",0.4406924,B,0,2.0
15992,"CCC1(CNC(=O)C2C[C@@H](C)O[C@H](C)C2)CCC1
",0.4406924,B,0,2.0
6714,"N#CC1=C(N)C(c2ccccc2)(c2ccccc2)CC1
",0.4406924,B,0,2.0
1843,"CCCCc1nc([C@@H](C)[NH3+])cs1
",0.4406924,B,0,2.0
12337,"CCOC(=O)C1(C(=O)C2CC2)CC2(CCCCC2)C1
",0.4406924,B,0,2.0
13743,"CC(C)C1C[NH+]([C@@H](C)c2ccc(C[NH3+])cc2)C1
",0.4406924,B,0,2.0
16590,"C[NH2+][C@H]1[C@@H](OC[C@@H]2CCCCO2)CCCC1(C)C
",0.4406924,B,0,2.0
5852,"CCC(CC)n1ncc(C[NH2+]C)c1C(C)C
",0.4406924,B,0,2.0
31373,"C[C@H]1SCCC[C@]1(O)[C@@H]1CCOC2(CCC2)C1
",0.44069237,B,0,2.0
35250,"COc1ccc(C[NH2+]C[C@@H](C)O)cc1
",0.44069237,B,0,2.0
18646,"C[C@@H](C#N)[C@]1(O)CCCOC1
",0.44069237,B,0,2.0
10826,"CCCCCC(C)(C)CNC(=O)[C@@H]1CCO[C@@H]1C
",0.4406923,B,0,2.0
38429,"C[C@@H]1CCCN(C(=O)O[C@H]2CC[C@H]([NH3+])C2)C1
",0.4406923,B,0,2.0
32364,"O=C1C(=Cc2ccc(O)cc2)C(=O)N(c2ccccc2)C(=O)N1c1ccccc1
",0.44069225,B,0,2.0
36693,"COc1ccc([C@H](C(=O)[O-])c2ccc([O-])nn2)cc1
",0.44069225,B,0,2.0
10037,"COC[C@@H]([NH2+]C(C)C)c1ccc(F)cn1
",0.44069222,B,0,2.0
22603,"C[C@@H](c1ccccn1)[C@@H]([NH3+])c1ccc(F)cc1F
",0.44069222,B,0,2.0
8700,"CCC1CCC([NH+]2CCCC[C@@H]2C(N)=O)CC1
",0.44069222,B,0,2.0
23112,"COC(=O)c1cccc(CBr)c1Br
",0.44069222,B,0,2.0
23291,"CC[NH+]1CCN([C@H](CC(C)C)c2nnnn2C(C)C)CC1
",0.44069222,B,0,2.0
21423,"[NH3+][C@H]1CCC[C@@H]1CCS(=O)(=O)c1ccccc1
",0.44069222,B,0,2.0
22554,"CCOCCCC(=O)N[C@@H]1CCCC[C@@H]1[NH3+]
",0.44069216,B,0,2.0
20349,"Cc1ccc(CNS(C)(=O)=O)c(OC(C)(C)C)c1
",0.44069213,B,0,2.0
3075,"Cc1nc(NCC(C)(C)CCO)nc(C)c1CC(C)C
",0.44069213,B,0,2.0
7422,"CC(C)c1n[nH]c(COc2ccc(N)cc2)n1
",0.44069213,B,0,2.0
19117,"C[C@@]1(CNC[C@]2(C)COC[C@@H]2[NH3+])CCCO1
",0.44069213,B,0,2.0
28097,"C[C@H]1C[C@H]1N1CC(=O)NC1=O
",0.44069207,B,0,2.0
16134,"COc1cc(OC)cc(-c2ccc(Cl)nn2)c1
",0.44069207,B,0,2.0
434,"CCN(CC)C(=O)c1ccccc1NC(=O)C(Cl)(Cl)Cl
",0.44069207,B,0,2.0
23725,"COC(=O)[C@@H]1CCCN(C(=O)NC2CCC([NH+]3CCCCC3)CC2)C1
",0.44069204,B,0,2.0
19768,"CCN(CC)C(=O)/C=C/c1ccc(N(C)C)cc1
",0.44069204,B,0,2.0
11657,"CSc1ccccc1[C@@H](O)Cc1cccs1
",0.44069204,B,0,2.0
732,"CCC1(CC)CN(c2ccccc2C#N)C1
",0.44069204,B,0,2.0
12492,"N#C[C@H](C(=O)c1ccccc1Cl)C1[NH+]=c2ccccc2=[NH+]1
",0.44069204,B,0,2.0
19679,"O=[S@](Nc1ccccc1)c1cccc(Cl)c1
",0.44069204,B,0,2.0
26289,"CC(=O)c1ccc(OC(=O)c2ccc(S(=O)(=O)C(F)F)cc2)cc1
",0.44069198,B,0,2.0
29928,"O=Cc1cccc(-c2cccs2)c1O
",0.44069198,B,0,2.0
24904,"C[C@H](C/C(N)=N/O)NC(=O)N(C)C
",0.44069195,B,0,2.0
10958,"CCN[C@H](c1c(C)cc(C)cc1C)C(F)(F)C(F)F
",0.44069195,B,0,2.0
29973,"[NH3+][C@@H](Cc1cc(F)cc(Br)c1)C1CC1
",0.4406919,B,0,2.0
12220,"Cc1ccncc1-c1nc(N)ncc1C
",0.4406919,B,0,2.0
34346,"CN(C[C@H]1CCC[NH+]1C)C(=O)N1CCCCC[C@@H]1C(=O)[O-]
",0.44069183,B,0,2.0
5900,"CC[C@H](C)[C@@H](C)[NH2+][C@@H]1CCOC2(CCC2)C1
",0.44069183,B,0,2.0
18852,"CC1CCC(C#N)([C@H](O)[C@@H]2CC=CCC2)CC1
",0.44069174,B,0,2.0
17446,"Clc1ccccc1OCCC[NH+]1CCCC1
",0.44069174,B,0,2.0
7216,"CCN[C@@H](C[NH+]1C[C@@H](C)[C@H](C)C1)c1ccccc1
",0.44069174,B,0,2.0
34432,"CCOc1ncnc(NN(C)C)c1[N+](=O)[O-]
",0.44069174,B,0,2.0
14491,"CC(C)C[NH2+]Cc1cnn(C)c1C(C)C
",0.4406917,B,0,2.0
29992,"CN(C)C(=O)N1CCN(C(=O)CCCO)CC1
",0.4406917,B,0,2.0
20201,"CCC1(CC)Nc2c(c(C)nn2C)NC1=O
",0.4406917,B,0,2.0
22525,"CC(C)(O)CC[NH2+][C@@H](C1CCCC1)C(F)(F)F
",0.44069165,B,0,2.0
21724,"CC[C@@H](CNc1ncccn1)[NH+]1CCCC1
",0.44069165,B,0,2.0
32320,"N#CC1([C@H](O)c2ccccc2F)CCCC1
",0.44069165,B,0,2.0
5317,"CSc1ccccc1[C@@H]([NH3+])c1cccc2ccccc12
",0.44069165,B,0,2.0
35828,"C[NH+](CCC[C@@H]1CCCO1)CC(C)(C)C[NH3+]
",0.44069165,B,0,2.0
6205,"CC[C@H]1C[C@@](O)([C@@H]2CCOC3(CCCCC3)C2)CCO1
",0.44069165,B,0,2.0
39891,"O=c1ccc2cc(O)c3c(c2o1)OCO3
",0.44069162,B,0,2.0
32439,"Cc1ccc(C2=[N+]([O-])[C@H]3CCCC[C@@H]3[N+]([O-])=C2)cc1
",0.44069162,B,0,2.0
37959,"CCC[C@@]1(C)CCC[NH+](CC(=O)NCC#N)C1
",0.44069162,B,0,2.0
1975,"O=C(CCCC[C@H]1CCSS1)N[C@@H]1CCS(=O)(=O)C1
",0.44069156,B,0,2.0
8482,"CC(C)(C)OC(=O)[C@@H]1CSC(=O)N1
",0.44069156,B,0,2.0
17918,"CC[C@@H](C)[C@@](C)(O)CNC(=O)N[C@@H](C)CSC
",0.44069156,B,0,2.0
33013,"COC[C@@H](C)[NH2+][C@H](C)C(=O)N1CCCCC1
",0.44069156,B,0,2.0
15991,"CC1CC[NH+](CC(=O)N2CCCCC2)CC1
",0.44069156,B,0,2.0
23915,"C[NH2+][C@@H](c1cccc(OC)c1)C(OC)OC
",0.44069156,B,0,2.0
4138,"CN1CCN(C(=O)c2cn(C)nc2C(=O)[O-])CC1
",0.44069153,B,0,2.0
8388,"CCC1(CC)CCN(c2c(F)c(F)nc(F)c2F)CC1
",0.44069153,B,0,2.0
9068,"Cc1cc(Cl)c2cn[nH]c2c1
",0.44069153,B,0,2.0
3979,"C[C@@H]1C[C@@H](C)CN(C(=O)C[NH+](C)CC2CC[NH2+]CC2)C1
",0.44069147,B,0,2.0
2687,"C[C@H](NC[C@@H]1CCC[NH2+]1)c1cnccn1
",0.44069147,B,0,2.0
25642,"CCOc1ccc(Oc2ccc(F)cc2N)cc1
",0.44069147,B,0,2.0
33920,"C[C@H]1C[C@@H](C)CN(C(=O)C[NH+](C)CC2CC[NH2+]CC2)C1
",0.44069147,B,0,2.0
30164,"Fc1ccc(Br)c([C@H]2CCC[NH2+]2)c1
",0.44069147,B,0,2.0
13134,"C[C@@H]1CCCC(C)(C)[C@H]1C[C@@H](C)[C@@H](C)O
",0.44069147,B,0,2.0
21280,"CN(c1ccccc1C(=O)[O-])S(=O)(=O)c1ccc(C(=O)[O-])cc1
",0.4406914,B,0,2.0
26879,"Nc1cc(-c2ccc3c(c2)OCO3)cc[nH+]1
",0.4406914,B,0,2.0
23027,"C[C@H]([NH2+][C@@H]1CC(C)(C)OC1(C)C)C(=O)N1CCCCC1
",0.4406914,B,0,2.0
6575,"CCNc1nnc(S(=O)(=O)C[C@@H](C)CC)s1
",0.44069138,B,0,2.0
19928,"C[C@H](c1ccncc1)[NH+](C)C[C@H](O)COC(C)(C)C
",0.44069138,B,0,2.0
25661,"COc1cc(OC)cc(-c2[nH][nH]c(=O)c2CC[NH3+])c1
",0.44069132,B,0,2.0
38030,"CCN(CC(C)(C)O)C(=O)[C@H]1C[C@@H]2C=C[C@H]1C2
",0.44069132,B,0,2.0
14622,"CC(C)[C@H]1C(=O)NC(=O)C[C@@]12C[NH+]1CCC2CC1
",0.4406913,B,0,2.0
25479,"CCC[C@@H](C)[C@@H](Cc1ncccc1C)[NH2+]CC
",0.4406913,B,0,2.0
25215,"CC(C)CSCC(=O)Nc1cccnc1
",0.4406913,B,0,2.0
35365,"C1CO[C@@H](c2nc(C3CC3)n[nH]2)C1
",0.4406913,B,0,2.0
24497,"CC#CCC(=O)CSc1ccccc1Cl
",0.4406913,B,0,2.0
7028,"CNC(=O)[C@@H]1CCCN(C(=O)NC2CCCC2)C1
",0.4406913,B,0,2.0
28853,"C[NH2+][C@H]1CC(C)(C)c2c(C)cc(Cl)c(C)c21
",0.44069123,B,0,2.0
39311,"CC(C)c1ccc(/C=N/NC(N)=O)cc1
",0.44069123,B,0,2.0
14038,"CC(C)CC[C@@H](C)[NH2+]CC(=O)NC1CC1
",0.4406912,B,0,2.0
19535,"Cn1ccc2cc(Cl)ccc21
",0.4406912,B,0,2.0
33300,"CCNS(=O)(=O)C[C@@]1(C)[C@H]2CC[C@]1(C)C(=O)[C@@H]2Br
",0.4406912,B,0,2.0
2676,"CC[C@@H](C)NC(=O)C(=O)NCCOC
",0.4406912,B,0,2.0
10724,"Cn1nccc1[C@@H](O)C[NH+](C)C
",0.4406912,B,0,2.0
26418,"CC(C)(C)OC(=O)NNc1ncc(Br)cn1
",0.4406912,B,0,2.0
22185,"Cc1cscc1CNc1cccnn1
",0.44069114,B,0,2.0
3963,"C[C@@H]1CCC[C@H]1NS(=O)(=O)CC1CCC1
",0.4406911,B,0,2.0
13040,"Cc1ccc(C)c([C@@H](O)C2([NH+]3CCCC3)CCCC2)c1
",0.4406911,B,0,2.0
19651,"O=[N+]([O-])c1c(Br)sc(N2CCOCC2)c1[N+](=O)[O-]
",0.44069105,B,0,2.0
8210,"CC[C@H](CC#N)[NH+]1CCC(OCCC[NH3+])CC1
",0.440691,B,0,2.0
32735,"C[C@H]1CC[C@@H]([NH2+][C@@H](C)C(=O)OC(C)(C)C)C1
",0.440691,B,0,2.0
30084,"CCCC1(CNC(=O)C2C[C@H](C)O[C@H](C)C2)CC1
",0.440691,B,0,2.0
24090,"C[C@@H](CCO)Sc1cccnn1
",0.440691,B,0,2.0
7363,"O=C([O-])C[NH2+]C[C@@H]1CCCO1
",0.44069096,B,0,2.0
23392,"CC1CCN(C(=S)SCC(=O)N(C)C)CC1
",0.44069096,B,0,2.0
28749,"C[C@H]1C[C@@H](C)CN(C(=O)[C@@H](C)N2CCN([C@@H](C)C(=O)N3CCCC3)CC2)C1
",0.44069096,B,0,2.0
10630,"Fc1ccccc1C[C@@H]1CCC[NH2+]1
",0.4406909,B,0,2.0
1740,"CCC1CCC([NH+](C)C[C@H](C[NH3+])CC(C)C)CC1
",0.4406909,B,0,2.0
30584,"CC1CCN(c2nc(Cl)ns2)CC1
",0.4406909,B,0,2.0
18690,"CC[C@@H]1CCCCN1C(=O)C[NH+](C)C1CCS(=O)(=O)CC1
",0.4406909,B,0,2.0
9808,"CCC(C)(C)[NH+](C)CC(=O)N1CCN([C@@H](C#N)C(C)C)CC1
",0.44069088,B,0,2.0
22798,"O=C(CCCCO)N1CCC[NH+]2CCC[C@H]2C1
",0.44069082,B,0,2.0
29666,"CC[C@@H]1C[NH+](CCCCC#N)CCN1C[C@@H](C)O
",0.44069082,B,0,2.0
24648,"O[C@@H](CN1CCOCC1)C[NH+]1CCCCCCC1
",0.44069082,B,0,2.0
16629,"CC(C)(C)OC[C@H](O)C[NH+]1CCC[C@H](O)C1
",0.4406908,B,0,2.0
2055,"N#CC(C#N)=Cc1cc(Br)c2c(c1)OCO2
",0.44069073,B,0,2.0
34104,"COCC(=O)[C@H](C#N)c1ccccc1OC
",0.44069073,B,0,2.0
1932,"COC(=O)CN(CC(=O)OC)c1ccc2nccnc2n1
",0.44069073,B,0,2.0
20145,"CCOC(=O)[C@H]1C=CNC(=O)[C@@H]1O
",0.44069073,B,0,2.0
24083,"CCC[NH+]1CCC(NC(=O)N[C@H]2CCCC[C@@H]2O)CC1
",0.44069073,B,0,2.0
7121,"CC[C@@H]([NH3+])[C@H](c1sccc1C)N(C)C[C@@H]1CCC[NH+]1C
",0.4406907,B,0,2.0
32176,"CC[NH2+][C@@H]([C@@H]1CCOC1)C(C)(C)[NH+](C)C
",0.4406907,B,0,2.0
10744,"[NH3+][C@@H]1CC[C@@H](N2Cc3ccccc3C2)C1
",0.44069064,B,0,2.0
35311,"C[C@@H](O)C[C@H]1CCCCCN1C(=O)CC1CCCC1
",0.4406906,B,0,2.0
32071,"Cc1cc(C)cc(N/C([S-])=[NH+]\CCCO)c1
",0.4406906,B,0,2.0
22644,"CN(CCC(F)(F)F)C(=O)[C@H]1C=C[C@H]([NH3+])C1
",0.4406906,B,0,2.0
23248,"CC(C)OC[C@H]([NH3+])C[C@H]1CCCO1
",0.4406906,B,0,2.0
15439,"CCOCC[NH+](C)CC(=O)N1CCN(C(C)=O)CC1
",0.4406906,B,0,2.0
14844,"O=C1Cc2c(I)cccc2N1
",0.44069055,B,0,2.0
27846,"CC[NH2+]C/C(=C\c1ccc(C2CC2)cc1)CC
",0.44069055,B,0,2.0
8381,"CC[NH2+][C@H]1[C@H](C[NH+](CC2CC2)C(C)C)CCC1(C)C
",0.44069055,B,0,2.0
38005,"CC[C@@H]([NH2+]CCS(=O)(=O)C(C)(C)C)C1CCCCC1
",0.4406905,B,0,2.0
33230,"CCOC(=O)[C@H]1NC=[NH+][C@@H]1N
",0.44069046,B,0,2.0
9478,"C[C@H]([NH2+][C@@H](C)C(C)(C)C)c1nnc2ccccn12
",0.44069046,B,0,2.0
12312,"CC(C)(C)OC(=O)N1CC[C@H]([NH+]2C[C@H](O)[C@H](O)C2)C1
",0.44069046,B,0,2.0
25607,"CC(C)[NH2+][C@]1(C(=O)[O-])CC[C@H]([NH+](C)C2CCCC2)C1
",0.44069046,B,0,2.0
8476,"CC(C)[NH+](C)CC(=O)NC[C@H](C)[NH+](C)C1CC1
",0.4406904,B,0,2.0
15099,"C[NH2+][C@H](Cc1ccc(F)cc1)c1ccc(SC)cc1
",0.4406904,B,0,2.0
36225,"O=Cc1ccc(/C=C2/SC(=S)N(c3ccccc3)C2=O)cc1
",0.4406904,B,0,2.0
24908,"C=CCCCC(=O)Oc1ccccc1F
",0.4406904,B,0,2.0
6795,"CCS(=O)(=O)N1CCC[C@H]1C(N)=O
",0.4406903,B,0,2.0
26994,"Cc1ccc(NCCNc2ccc(C)cc2C)cc1
",0.4406903,B,0,2.0
30249,"CS(=O)(=O)N1CCC[C@@H]1C(=O)O[C@@H]1CC[C@@H]2CCCC[C@@H]2C1
",0.4406903,B,0,2.0
3356,"C[C@H](C(=O)[O-])S(=O)(=O)Cc1ccc(O)cc1
",0.44069028,B,0,2.0
29379,"CCCOc1ccc(OCCC2CC[NH2+]CC2)cc1
",0.44069028,B,0,2.0
250,"CN(CCCc1ccccc1)c1ccc(N)c(N)[nH+]1
",0.44069028,B,0,2.0
24802,"O=C1Cc2nc3ccccc3n21
",0.44069028,B,0,2.0
9115,"CC(C)(C)c1nnnn1Cc1sccc1Br
",0.44069028,B,0,2.0
17260,"O=C1N=C([O-])[C@H]2ON(c3ccccc3)[C@@H](c3ccccc3)[C@@H]12
",0.44069028,B,0,2.0
26850,"O=C(CSCc1ccccc1)NC(c1ccccc1)c1ccccc1
",0.44069028,B,0,2.0
26009,"CC(C)C[NH2+]Cc1nc2c(s1)CCC2(C)C
",0.44069022,B,0,2.0
11732,"CC(C)C1CCC([NH+]2CCN(C(=O)[C@@H](C)NS(C)(=O)=O)CC2)CC1
",0.44069022,B,0,2.0
38049,"CCCC(=CC(=O)N(C1CCC(O)CC1)S(C)(=O)=O)CCC
",0.4406902,B,0,2.0
33366,"CCc1nc(COC(=O)Cc2csc(CC)n2)cs1
",0.4406902,B,0,2.0
8782,"C[C@@H](c1ccccn1)[C@@H](O)c1cccc(I)c1
",0.4406902,B,0,2.0
4706,"O=C([O-])CC1C[C@@H]2CC[C@H](C1)[NH+]2C[C@@H]1CNC(=O)O1
",0.44069013,B,0,2.0
26713,"CCCCO[C@H](C)[C@H]([NH3+])c1ccccc1
",0.44069013,B,0,2.0
27896,"CCCC1CN([C@@H]2[C@@H]([NH3+])[C@H]3CCO[C@@H]32)C1
",0.44069013,B,0,2.0
8111,"COC(=O)C(C)(C)N[C@H]1CCC[C@@H]1[C@@H]1CCCC[NH2+]1
",0.44069007,B,0,2.0
29266,"O=C(C[NH+]1CCCC1)N(C1CCCCC1)[C@@H]1CCS(=O)(=O)C1
",0.44069007,B,0,2.0
28591,"COc1ccc(/C=C/C=O)cc1OC
",0.44069007,B,0,2.0
33379,"CCOC(=O)[C@@H](N)Cc1ccc(N)cc1
",0.44069007,B,0,2.0
7914,"Nc1nonc1-c1ccc2c(c1)OCCCO2
",0.44069007,B,0,2.0
20098,"CCC(CC)[C@@H]([NH2+]C)[C@@H]1CN(CC)CCO1
",0.44069004,B,0,2.0
17641,"CSc1ccccc1[C@@H]([NH3+])c1ccc2c(c1)OCCO2
",0.44069004,B,0,2.0
29150,"CCC[NH2+]C[C@H](CC)Oc1ccccc1
",0.44069004,B,0,2.0
12929,"CCC(=O)Nc1ccc(C(=O)NC)cc1
",0.44069004,B,0,2.0
15794,"Cn1cncc1C[NH+](C)CC(C)(C)O
",0.44069004,B,0,2.0
13309,"C[C@@H](C(=O)[O-])S(=O)(=O)N1CC[C@H]([NH3+])[C@H](C)C1
",0.44069004,B,0,2.0
28236,"CO[C@]1(C)C[C@@H](N(C)C(=O)NCC(=O)N(C)C)C1(C)C
",0.44069004,B,0,2.0
25920,"CCC[NH2+]C[C@@H](CC)Oc1ccccc1
",0.44069004,B,0,2.0
21414,"C[C@@H]1C[C@H]1C[NH+](C)C[C@@H]1CSc2ccccc21
",0.44068998,B,0,2.0
18092,"CCC(CC)N(C)C(=O)N[C@@H]1CC[C@H]([NH+](C)C)C1
",0.44068998,B,0,2.0
33602,"CCC[C@@H]1SCCN1S(=O)(=O)CCC1CC1
",0.44068998,B,0,2.0
1190,"C[NH2+][C@@H](Cc1c(C)cc(C)cc1C)c1c(F)cccc1F
",0.44068995,B,0,2.0
10095,"C[C@@H](N[C@H]1CC[NH2+]C1)c1ccc(Br)cc1
",0.4406899,B,0,2.0
15947,"Cc1nc(C)c(C[NH2+]Cc2nc(C(C)(C)C)cs2)s1
",0.4406899,B,0,2.0
19451,"C[C@@H](c1ccc(S(C)(=O)=O)cc1)N(C)CC[NH+]1CCCCC1
",0.4406899,B,0,2.0
20180,"C[NH2+][C@H]1CCC[C@@H]1c1nc([C@@H]2CSCCO2)no1
",0.4406899,B,0,2.0
25364,"CC(C)[C@@H](C[NH+](C)C)NCc1ccc(C2CC2)cc1
",0.4406899,B,0,2.0
7494,"CC(C)Oc1ccc([C@@]2(C)C[NH+]=C(N)N2)cc1
",0.4406899,B,0,2.0
24992,"Cc1nc(/C=C/C[NH2+]C(C)C)cs1
",0.44068986,B,0,2.0
15549,"CC[NH2+][C@]1(CO)CC[C@H]([NH+](CC)CC(C)C)C1
",0.4406898,B,0,2.0
21501,"NC(=O)[C@@H](CC(=O)N1CCCC1)[NH2+]C1CCCC1
",0.4406898,B,0,2.0
9650,"N#CCC(=O)c1ccc(F)cc1F
",0.4406898,B,0,2.0
21185,"CN(C(=O)c1ccc(F)c(F)c1F)c1cc(F)ccc1F
",0.44068977,B,0,2.0
2450,"CCOP(=O)(OCC)[C@H](O)c1ccc(Cl)cc1
",0.4406897,B,0,2.0
10599,"C[C@@H](NC(=O)OC(C)(C)C)C(=O)OC1CCC1
",0.4406897,B,0,2.0
39932,"CC[C@H](C)[NH2+]CC[C@@H]1CSCCN1
",0.4406897,B,0,2.0
23731,"CC(C)(C)NC(=O)C[NH+]1CCC(O)(C(F)(F)F)CC1
",0.4406897,B,0,2.0
7112,"[NH3+][C@@H](c1ccc(Cl)c(Cl)c1)c1ccc(F)cn1
",0.4406897,B,0,2.0
24243,"CC(C)(C)N1C(=O)[C@H]2CC[C@H]3CCCC[C@@H]3N2C1=O
",0.4406897,B,0,2.0
4598,"O=CC1CC[NH+]([C@@H]2CCOC3(CCC3)C2)CC1
",0.44068965,B,0,2.0
13954,"CNC(=O)c1ccc(NC(=O)C(C)C)cc1
",0.44068965,B,0,2.0
997,"CC[C@H]1CN(Cc2ccc(CC(C)C)cc2)[C@@H](CC)C[NH2+]1
",0.44068962,B,0,2.0
18350,"C[NH2+][C@H](CC1CCCC1)[C@H]1CN(C)CCO1
",0.44068962,B,0,2.0
27560,"C[C@H]1CC[C@@H](C2(C(=O)[O-])CCCCC2)C[C@@H]1C
",0.44068962,B,0,2.0
3238,"CC[C@@H]1CC[C@H](NC(=O)[C@@H]2CC[C@@H]3CCCC[C@@H]3[NH2+]2)[C@@H]1C
",0.44068962,B,0,2.0
8031,"C[NH+](C)C[C@@H](N)Cc1ccccn1
",0.44068962,B,0,2.0
18890,"[NH3+][C@@H]1CCCCC[C@@H]1[C@@H]1CCOC2(CCOCC2)C1
",0.44068956,B,0,2.0
11562,"CCC([NH3+])(CC)c1nc(C2CCCCCC2)no1
",0.44068956,B,0,2.0
12657,"CCC(CC)[NH2+]C[C@@H]1CCC[C@H]1NS(C)(=O)=O
",0.44068956,B,0,2.0
20918,"C[C@H](Cc1ccc(Cl)cc1)[NH2+]CCC[NH+](C)C
",0.44068953,B,0,2.0
19788,"CC[C@H]1CC[C@@H]([NH+]2CCN3CCCC[C@@H]3C2)[C@@H]1C
",0.44068953,B,0,2.0
30723,"CCCO[C@@H]1CCC[NH+]([C@@H]2CCC(C)(C)[C@@H]2O)C1
",0.44068953,B,0,2.0
31329,"c1ccc(-c2ccc3c(ccc4ccccc43)[o+]2)cc1
",0.44068953,B,0,2.0
599,"C[C@H]([NH2+]C1CC[NH+](C)CC1)c1ccccc1
",0.44068953,B,0,2.0
30891,"CCN[C@@]1(C#N)CC[C@@H]([NH+](C)CC2CCCCC2)C1
",0.44068953,B,0,2.0
10277,"CC[NH2+][C@@H](CC1CCOCC1)[C@@](C)(CC)[NH+]1CCCCC1
",0.44068953,B,0,2.0
32212,"CC(C)(C)C(=O)NCCNC(=O)c1cnccn1
",0.44068947,B,0,2.0
19460,"Cc1ccccc1NC(=O)CCBr
",0.44068944,B,0,2.0
31036,"CC(=O)C[C@H]1CCCC[NH+]1CC(=O)N1CCCC1
",0.44068944,B,0,2.0
24256,"Cc1ccc(C[C@]2(O)CC(C)(C)OC2(C)C)cc1C
",0.44068944,B,0,2.0
37473,"CC1(C)CC(=O)C(=CNc2cc(C(F)(F)F)cc(C(F)(F)F)c2)C(=O)C1
",0.44068944,B,0,2.0
24923,"CC1(C)CC[C@](C[NH3+])(CCOCC(F)(F)F)[C@H]1O
",0.44068944,B,0,2.0
20624,"CNC(=O)COc1ccccc1C[NH2+]C
",0.44068938,B,0,2.0
7391,"CCC[NH2+][C@H]1CCC[C@H]1CCN1CC[NH+](C)[C@H](CC)C1
",0.44068936,B,0,2.0
33499,"CC[C@H](C)[C@H]([NH3+])c1ccc(Cl)s1
",0.44068936,B,0,2.0
24646,"CC(C)[C@H]1c2ccccc2C(=O)[C@@H]1C
",0.44068936,B,0,2.0
14149,"C[C@@H]([NH3+])c1n[nH]c(-c2ccc(I)cc2)n1
",0.44068936,B,0,2.0
17134,"OC[C@H]([NH2+]Cc1ccc(-c2ccccc2)cc1)c1ccccc1
",0.44068936,B,0,2.0
22616,"CC(C)[C@H]1CC[C@H](C)C[C@@H]1OC(=O)C[N+](C)(C)CCO
",0.44068936,B,0,2.0
19020,"O=Cc1ccccc1OCCCC[NH+]1CCCCC1
",0.44068936,B,0,2.0
24545,"CSc1nnc([C@@H]([NH3+])Cc2ccccc2)o1
",0.4406893,B,0,2.0
13458,"CCCN(CCC)C(=O)[C@@H](C)n1nc(Br)c(Br)c1Br
",0.44068924,B,0,2.0
31815,"Cc1cc(C[NH+](C)CC2=CCCOC2)no1
",0.44068924,B,0,2.0
1265,"[NH3+]CCOCC(=O)NCCn1cc[nH+]c1
",0.44068924,B,0,2.0
30964,"Cc1ccc(C)c([C@@H](C)[C@](C)(O)C(=O)[O-])c1
",0.44068924,B,0,2.0
1602,"CCOCC/C([O-])=N/S(=O)(=O)N1CCCC1
",0.44068924,B,0,2.0
7658,"C[C@H](c1ccc(F)cc1)[NH+](C)C1CCSCC1
",0.44068924,B,0,2.0
38960,"CC(C)[NH+](CC(C)(C)CCC#N)C1CCC1
",0.44068924,B,0,2.0
24412,"CC[NH2+]Cc1ccc(OCCC(C)(C)O)cc1
",0.44068924,B,0,2.0
10796,"C[NH2+][C@@H]1CCC[C@H]1CCS(=O)(=O)c1ccc(C)cc1
",0.4406892,B,0,2.0
23890,"CCC[NH+]1CCC(O)([C@H]2CCOC3(CCC3)C2)CC1
",0.4406892,B,0,2.0
33083,"CS(=O)(=O)N1CCC[C@@H](CN2CCCC[C@@H]2C#N)C1
",0.4406892,B,0,2.0
35987,"CCn1c(C#N)ccc1Cn1cc[nH+]c1
",0.44068915,B,0,2.0
19675,"CC[C@@H](C)n1nc(C)c(CC[NH2+]C(C)C)c1C
",0.44068915,B,0,2.0
29109,"[NH3+]CCOCC(=O)N[C@H](C(=O)[O-])C1CCCCC1
",0.44068915,B,0,2.0
19878,"Cc1cccc(C(=O)c2ccccc2)n1
",0.44068915,B,0,2.0
31638,"CCS(=O)(=O)N(C)Cc1cn(C)nc1C
",0.44068915,B,0,2.0
23122,"Cc1ccc([C@@](C)(O)[C@H](F)C(=O)[O-])cc1F
",0.44068912,B,0,2.0
37809,"C[C@@H](C1CC1)[NH+](C)CC(C)(C)C(=O)NN
",0.44068912,B,0,2.0
10552,"O=C1CCC[C@H]1[C@@H]1CCCC[NH+]1CCC(F)(F)F
",0.44068906,B,0,2.0
25411,"Cc1cc(C)cc([C@H](O)c2cc(C(F)(F)F)ccc2F)c1
",0.44068906,B,0,2.0
18735,"CCCN(CC(=O)N(C)C)S(=O)(=O)c1sccc1Br
",0.44068906,B,0,2.0
18873,"C[C@H]1CCC[C@H](CC[NH+]2CCC(OC3CCOCC3)CC2)C1
",0.44068903,B,0,2.0
18621,"OCc1ccccc1Sc1ccncc1
",0.44068903,B,0,2.0
18020,"O=C(CSC1CCCCC1)c1cscc1Br
",0.44068897,B,0,2.0
36227,"C[C@@]12CC3CC([NH2+]C[C@H]4CC=CCC4)(C1)C[C@](C)(C3)C2
",0.44068897,B,0,2.0
21753,"C[C@H](NC(=O)CSC(C)(C)C)c1ccccc1Br
",0.44068897,B,0,2.0
32608,"c1ccc([C@H]2CC[NH2+][C@H](C[NH+]3CCCC3)C2)cc1
",0.44068897,B,0,2.0
4774,"O[C@@H](CNC(c1ccccc1)c1ccccc1)c1cccc(F)c1
",0.44068894,B,0,2.0
2275,"C[NH+]1[C@H]2CC[C@@H]1CCN(C(=O)C(C)(C)/C(N)=N/O)C2
",0.44068894,B,0,2.0
8877,"C[NH2+][C@H](C)C(C)(C)C[NH+](C)[C@H]1CCC[C@H](C)C1
",0.44068894,B,0,2.0
26868,"CCOCC(=O)N1CCCC[C@@H]1CC(C)=O
",0.44068894,B,0,2.0
15850,"O=C([O-])C(O)(C(=O)[O-])C(=O)[O-]
",0.4408217,C,1,2.0
5650,"OC[C@@H](Br)[C@H](Br)CO
",0.44080698,C,1,2.0
10234,"O[C@H]1CCC2C1C1CC[C@H](O)C21
",0.44080308,C,1,2.0
30452,"CC(C)N(C(C)C)S(C)(=O)=O
",0.44079873,C,1,2.0
5408,"CCC(CC)[C@@H](C[NH3+])SC(C)C
",0.4407942,C,1,2.0
2509,"C/C(Br)=C\CCCBr
",0.44078985,C,1,2.0
35346,"[NH3+][C@@H]1CCC[C@H]1[C@@H]1CCC[NH2+]1
",0.4407891,C,1,2.0
37195,"Oc1ccc(O)c(Br)c1Br
",0.44078863,C,1,2.0
34436,"C/C(=C/C[N+](C)(C)C)C[N+](C)(C)C
",0.44078687,C,1,2.0
8698,"CC1(C)C(CN=C=S)C1(C)C
",0.44078678,C,1,2.0
35027,"CC[C@H](C)[C@H](C[NH2+]C(C)C)C(C)C
",0.44078642,C,1,2.0
22784,"[NH3+][C@@H]1CCCC[C@H]1[NH+]1CCCCC1
",0.44078603,C,1,2.0
4351,"O=c1c2c(c1=O)OCCCO2
",0.4407853,C,1,2.0
34351,"O[C@H]1CCCC[C@H]1[C@@H]1CCCCC[C@H]1O
",0.44078368,C,1,2.0
13586,"C[NH+](CC1CCC(C[NH3+])CC1)CC1CC1
",0.44078234,C,1,2.0
33663,"C[NH2+][C@]1(C[NH3+])CCCCC1(C)C
",0.44078165,C,1,2.0
25517,"O=[N+]([O-])C12CC3CC(CC(C3)C1)C2
",0.4407816,C,1,2.0
10874,"CC[C@@H](C)N(CC)[C@@H](C)C[NH3+]
",0.44078,C,1,2.0
24737,"CC(C)[NH2+]C1CC(C(C)C)C1
",0.44077966,C,1,2.0
9973,"CC[NH2+]CC[NH2+]C1C(C)(C)C1(C)C
",0.44077817,C,1,2.0
36788,"CC(C)C[C@@H](C)[NH2+][C@H](C)CC(C)C
",0.440778,C,1,2.0
20256,"C[NH2+]C1CCC([NH+](C)[C@@H](C)C2CC2)CC1
",0.440777,C,1,2.0
28876,"CSc1sc(SC)c(Br)c1Br
",0.44077688,C,1,2.0
19715,"C=CCC/C=C/CC[NH2+]C1CC1
",0.44077677,C,1,2.0
32783,"CC[NH+](C[C@H](O)C[NH2+]C)C(C)C
",0.44077614,C,1,2.0
3445,"CC1(C)CC[NH+]([C@](C)(C[NH3+])C2(C)CC2)C1
",0.44077614,C,1,2.0
27674,"CCCC[C@H](CC)[C@@H]([NH3+])C(C)C
",0.44077614,C,1,2.0
29321,"O=[N+]([O-])[C@@H]1CCS(=O)(=O)C1
",0.44077548,C,1,2.0
12131,"CCC[C@@]1(C(CC)CC)CCC[NH2+]1
",0.44077465,C,1,2.0
4091,"O=S1(=O)C[C@@H](Cl)[C@@H](C(Cl)(Cl)Cl)C1
",0.44077432,C,1,2.0
8188,"CCCC(CO)(CO)CC(C)C
",0.44077414,C,1,2.0
31790,"C[C@H](O)[C@@H](C)[NH+](CCO)CCO
",0.44077346,C,1,2.0
4652,"O=C([O-])C1(O)CCC(F)(F)CC1
",0.4407727,C,1,2.0
38008,"C[C@@H]1CCC[C@@H](C)[NH+]1[C@@H]1CCC[C@H]([NH3+])C1
",0.44077262,C,1,2.0
32367,"CCC[NH+](CCC)CC(=O)NC
",0.44077224,C,1,2.0
17534,"O=C([O-])/C=C\C(F)(C(F)(F)F)C(F)(F)F
",0.44077215,C,1,2.0
25142,"CCCC12C[C@@H]3C[C@@H](CC([NH3+])(C3)C1)C2
",0.4407721,C,1,2.0
37312,"C/C=C/COCC(CC)(CC)CS
",0.44077182,C,1,2.0
1326,"CC1(C)[C@H]2CC[C@]1(C)[C@H]([NH3+])C2
",0.44077125,C,1,2.0
35276,"[NH3+][C@@H](COP(=O)([O-])[O-])C(=O)[O-]
",0.44077125,C,1,2.0
29137,"N#CCc1ccc(Cc2ccc(CC#N)cc2)cc1
",0.44077012,C,1,2.0
34399,"CC#CC[N+](C)(C)CCCCCC
",0.44077003,C,1,2.0
19700,"CC1(C)C[NH+](CCCCC#N)C1
",0.44076955,C,1,2.0
36972,"CC[C@@H]1CCCC[C@H]1[NH2+]C1C(C)(C)C1(C)C
",0.44076946,C,1,2.0
13968,"CC(C)[C@H](C)N(C)C(=O)CC[C@@H](C)O
",0.4407694,C,1,2.0
4516,"CCCCOS(C)(=O)=O
",0.44076928,C,1,2.0
10733,"Clc1cscc1-c1cscc1Cl
",0.44076863,C,1,2.0
19475,"C[C@@H](Cl)C1CCCCCC1
",0.44076788,C,1,2.0
14217,"[NH3+]CC[NH+]1CCC(CO)CC1
",0.4407677,C,1,2.0
20839,"C=CCCC[C@@]1(C)CCCCC[NH2+]1
",0.44076705,C,1,2.0
20254,"CC(C)(C)c1ccc(C=C2C[NH2+]C2)cc1
",0.4407667,C,1,2.0
28964,"CCC(=O)[C@H](CC)C(=O)OC
",0.44076654,C,1,2.0
35343,"C[NH+](C)CC(=O)OCC[N+](C)(C)C
",0.44076636,C,1,2.0
35786,"FC(F)(F)[C@@H]1C[NH2+]C[C@H](C(F)(F)F)C1
",0.44076622,C,1,2.0
10086,"CC(C)(C#CC#CC(C)(C)OCCC#N)OCCC#N
",0.44076622,C,1,2.0
31515,"C=C1c2ccccc2C=Cc2ccccc21
",0.44076595,C,1,2.0
8583,"O=C1O[C@@H]2C=C[C@@H]3OC(=O)[C@@H]4C=C[C@H]1C4C32
",0.44076547,C,1,2.0
13880,"Cc1scnc1Br
",0.44076538,C,1,2.0
11189,"CC[C@H](C)S[C@@H](C)CCO
",0.4407653,C,1,2.0
39585,"CC[C@@H](CS)C[NH+](CC)CCO
",0.44076437,C,1,2.0
12602,"CC(C)CC1([NH3+])CCC(F)(F)CC1
",0.44076398,C,1,2.0
7930,"O=C(C1CC1)N(C1CCCC1)C1CCCC1
",0.44076386,C,1,2.0
18745,"C[C@@H]1C[C@@H]([NH+]2C[C@H](O)[C@H](O)C2)CC(C)(C)C1
",0.44076335,C,1,2.0
38223,"C=CC[S@](=O)C/C=C\[S@](=O)CC
",0.44076306,C,1,2.0
9356,"COC(C)(C)C[C@H](C)[C@@H](C)O
",0.4407627,C,1,2.0
4783,"C[C@H]1CCC[C@H](C)C1[NH2+]C1CCC(O)CC1
",0.44076252,C,1,2.0
7098,"CCO[C@H]1[C@@H](OCC)N(S(C)(=O)=O)CCN1S(C)(=O)=O
",0.44076243,C,1,2.0
14339,"C[C@@H]([NH2+]C(C)(C)CO)C1(C)CC1
",0.44076243,C,1,2.0
28548,"CC(C)c1n[nH]c(=S)n1C
",0.44076228,C,1,2.0
19406,"N#C[C@H]1CS(=O)(=O)C[C@@H]1O
",0.44076222,C,1,2.0
8703,"ClCC[NH+]1C[C@H]2[C@@H]3CC[C@@H](C3)[C@H]2C1
",0.44076204,C,1,2.0
20020,"C=CCc1c(Cl)nc(Cl)nc1Cl
",0.44076195,C,1,2.0
35504,"C=C(C(=O)Cl)C(F)(F)F
",0.4407614,C,1,2.0
27088,"C[C@@H]1C[NH2+]CC[C@@H]1[NH+]1CCC(C)(C)C1
",0.4407612,C,1,2.0
11068,"CC(C)([C@@H]([NH3+])C1CC1)[NH+]1CCCC1
",0.44076112,C,1,2.0
30504,"CC(C)CC1(CCOC(C)C)C[NH2+]C1
",0.44076103,C,1,2.0
12397,"CS(=O)(=O)CS(=O)(=O)OCCCl
",0.4407608,C,1,2.0
37012,"CC(C)[C@H](C)[NH+](C)C[C@H]1CC[NH2+][C@H]1C
",0.4407607,C,1,2.0
26655,"COC(=O)C[C@@H](C=O)C(=O)OC
",0.4407606,C,1,2.0
38291,"N#CC1(N2CCN(C3(C#N)CCCCC3)CC2)CCCCC1
",0.44076046,C,1,2.0
28881,"c1ccc([C@@H]2C[NH2+]C[C@H]2c2ccccc2)cc1
",0.44076002,C,1,2.0
27539,"CCCCC[NH+]1CCC(NC)CC1
",0.44075993,C,1,2.0
30464,"OC[C@@H](Br)C(F)(F)Br
",0.4407597,C,1,2.0
24054,"CCC[C@](C)(C[NH3+])C[NH+]1C[C@@H](C)[C@@H](C)C1
",0.44075918,C,1,2.0
13133,"C[NH2+]C1C[C@@H]2CC[C@H](C1)[NH+]2[C@H]1CCCCC1(C)C
",0.44075894,C,1,2.0
19409,"O=C([O-])C(Cl)(c1ccccc1)c1ccccc1
",0.44075868,C,1,2.0
15289,"C[C@H]1CCC[C@@H](C[N+](C)(C)C2CCCC2)C1
",0.44075862,C,1,2.0
22612,"CC[NH+](C)[C@@H]1CCCCCCCCCC[C@@H]1[NH3+]
",0.44075844,C,1,2.0
16410,"CC[NH2+][C@@H](CC)C(C)(C)[NH+]1CCCCC1
",0.44075835,C,1,2.0
5945,"CCC(CC)C1(C[NH2+]C)CCCC1
",0.44075826,C,1,2.0
13004,"OC/C=C/c1c(F)c(F)c(F)c(F)c1F
",0.44075775,C,1,2.0
29144,"CCN(CC)C(=O)[C@H](C)Cl
",0.4407576,C,1,2.0
14819,"Cc1cc(Br)cc(C)c1N(C)C
",0.44075713,C,1,2.0
36578,"ClC/C=C/C[N+]12CN3CN(CN(C3)C1)C2
",0.44075668,C,1,2.0
11543,"O=c1[nH]c2c(c(=O)[nH]1)C[NH2+]C2
",0.44075626,C,1,2.0
35547,"CC(C)[C@H]1CN(C2C(C)(C)C2(C)C)[C@H](C(C)C)C[NH2+]1
",0.44075593,C,1,2.0
18055,"[O-]c1cc(C(F)(F)F)ncn1
",0.4407556,C,1,2.0
136,"CCOC[C@H]([NH3+])CSCC
",0.44075534,C,1,2.0
16605,"CC[C@H](Cl)C1CCC(C)CC1
",0.4407552,C,1,2.0
5444,"O=Cc1ccc(/C=C\c2ccccc2)cc1
",0.4407552,C,1,2.0
29250,"CC[NH2+][C@@H]1CCC[C@@H]1CC[NH+]1CCCCC1
",0.4407551,C,1,2.0
24785,"CC[C@@H]1CCC[C@H](CBr)C1
",0.440755,C,1,2.0
35330,"COC(=O)/C=C/SC(C)(C)C
",0.44075492,C,1,2.0
30770,"CCC(CC)[C@@H](CCC(F)(F)F)[NH2+]C
",0.44075465,C,1,2.0
35171,"CC(C)[NH+]1[C@H](c2ccccc2)[C@H]1c1ccccc1
",0.44075453,C,1,2.0
18935,"CC1(C)CC[C@H]2[NH2+]C3(CCCC3)CO[C@H]21
",0.44075444,C,1,2.0
39539,"C[NH2+][C@@H](COC)C1CCC(C(C)C)CC1
",0.44075435,C,1,2.0
20987,"c1ccc(Oc2ncccn2)cc1
",0.44075435,C,1,2.0
13681,"C=COC(=O)N1CCCCC1
",0.44075435,C,1,2.0
9913,"[NH3+]C[C@@H]1CCCCC[C@H]1[NH+]1CCCC1
",0.44075423,C,1,2.0
29211,"COC(=O)[C@@H](C)[C@H](C)[NH2+][C@@H](C)C(=O)N(C)C
",0.44075418,C,1,2.0
32700,"OC[C@@H]1O[C@@H](O)[C@@H](F)[C@H](O)[C@H]1O
",0.44075418,C,1,2.0
29505,"CCCN(C(=O)C([NH3+])(CC)CC)C(C)C
",0.4407541,C,1,2.0
848,"CCSC(SCC)=C1C(=O)CC(C)(C)CC1=O
",0.44075382,C,1,2.0
35334,"Nc1c2ccccc2c2ccccc2[n+]1N
",0.44075352,C,1,2.0
35543,"CC1(C)CCC[C@@H]1[C@@H]1CC[NH2+]C1
",0.44075352,C,1,2.0
8130,"C=C[C@H](C)O[C@H]1CC[C@H]([NH3+])C1
",0.44075343,C,1,2.0
20919,"CCC[C@@H](C[NH3+])[C@@](C)(O)CC
",0.44075343,C,1,2.0
38867,"CCOC(=O)[C@@H](CC)C(C)=O
",0.44075334,C,1,2.0
16040,"CCCOC[C@H]1CC[C@H](Br)C1
",0.44075325,C,1,2.0
9192,"CC[NH+](CCC#N)C[C@@H](CS)C(C)(C)C
",0.44075325,C,1,2.0
1316,"C[C@@H]([NH3+])[C@H]([NH+](C)CC(C)(C)O)C(C)(C)C
",0.44075298,C,1,2.0
28534,"CS(=O)(=O)[C@@H]1CCC[C@H](S(N)(=O)=O)C1
",0.44075298,C,1,2.0
511,"[NH3+][C@@H]1CCC[C@H]1CCOC1CCCCC1
",0.44075283,C,1,2.0
18842,"CCCSC[C@@H]([NH3+])[C@@H](C)CC
",0.44075277,C,1,2.0
7248,"OC1[C@@H]2OC3(CCCCC3)O[C@@H]2C(O)[C@H]2OC3(CCCCC3)O[C@H]12
",0.44075277,C,1,2.0
8480,"C[NH2+][C@H]1CCC[C@@H]([NH+](C)[C@H](C)C2CC2)C1
",0.44075274,C,1,2.0
24244,"C[C@@H]1CCC[C@@H]([C@H]([NH3+])C[NH+](C)C)C1
",0.44075274,C,1,2.0
34669,"CC[C@H](C)N[C@H](C#N)CN=[N+]=[N-]
",0.44075245,C,1,2.0
37954,"C1CC[C@@H]2S[C@@H]3CCCC[C@H]3N=C2C1
",0.44075242,C,1,2.0
28868,"CN[C@]1(C)[C@@H]2CC[C@@H](C2)C1(C)C
",0.44075215,C,1,2.0
38117,"C[NH2+][C@@H](C1CC1)C(C)(C)[NH+]1CCCC1
",0.44075215,C,1,2.0
37867,"CS(=O)(=O)[C@@H]1CCC[C@H]([NH2+]C2CC2)C1
",0.44075215,C,1,2.0
6482,"NC(=O)CSCC(F)(F)F
",0.44075194,C,1,2.0
25807,"C#C[C@@H](NC)C(CC)(CC)[NH+](C)C
",0.44075185,C,1,2.0
34520,"CC(C)[C@H](C1CCCC1)[C@H](C)O
",0.44075173,C,1,2.0
26292,"CC(=O)/C=C(/C)NCC(=O)[O-]
",0.44075164,C,1,2.0
27210,"CCOC(OCC)[C@H](O)c1cncnc1
",0.44075158,C,1,2.0
6224,"C[C@H]1CCC[C@H](CBr)CC1
",0.4407515,C,1,2.0
29938,"CS(=O)(=O)c1ccc(Cl)nn1
",0.44075143,C,1,2.0
7529,"Clc1cc(Br)cc(Cl)c1CBr
",0.44075143,C,1,2.0
2092,"CN(C/C=C/CS)CCC#N
",0.44075134,C,1,2.0
15460,"CC1(C)C(C[NH2+]C[C@@H]2CCC[C@H]2[NH3+])C1(C)C
",0.4407511,C,1,2.0
38183,"C=CCNC(=O)C[NH2+]C1CC1
",0.44075102,C,1,2.0
31663,"CC(C)C[NH+](CC(C)C)[C@@H](C)[C@@H](C)C(=O)NN
",0.4407507,C,1,2.0
16453,"CCC(CC)C(=O)CC(F)(F)F
",0.44075066,C,1,2.0
38919,"Nc1ccc(/N=N\c2ccccc2)c(N)c1
",0.44075048,C,1,2.0
30746,"CS(=O)(=O)O[C@@H]1C=CS(=O)(=O)C1
",0.44075027,C,1,2.0
30339,"CC[C@]1(C[NH+]2CCC(C)(C)C2)CCC[NH2+]C1
",0.44075018,C,1,2.0
35221,"OC1(C#CI)CCCCC1
",0.44075015,C,1,2.0
27568,"C[C@H]([NH2+][C@@H](C)C12CC3CC(CC(C3)C1)C2)[C@@H](C)C(=O)[O-]
",0.4407501,C,1,2.0
35137,"C[C@H]([NH3+])[C@@H](C)c1ccccc1Br
",0.4407501,C,1,2.0
14686,"COC(OC)[C@@](C)(O)C=C(C)C
",0.4407499,C,1,2.0
28239,"CCO[n+]1ccc(-c2cc[n+](OCC)cc2)cc1
",0.44074965,C,1,2.0
28778,"NC(=O)N[C@@H]1CS(=O)(=O)C[C@@H]1O
",0.44074944,C,1,2.0
14110,"C[C@H]([C@H]1CCC[NH2+]C1)[NH+]1CC2(CCCC2)C1
",0.4407494,C,1,2.0
20742,"Oc1ccc([C@@H]2CN[C@H](c3ccc(O)cc3)CN2)cc1
",0.44074932,C,1,2.0
3274,"CC(C)[NH2+]C[C@H](C)[NH+]1C[C@H](C)[C@@H](C)C1
",0.44074908,C,1,2.0
25184,"C[NH2+]C/C(C)=C/C1CCCCC1
",0.44074908,C,1,2.0
30075,"CCO[C@@H]1NC(=O)[C@H](OCC)NC1=O
",0.44074902,C,1,2.0
12035,"CCCOC[C@@H]([NH3+])C(C)(C)N(C)C
",0.440749,C,1,2.0
35988,"C1C[NH+](C[C@H]2C[C@H]3CC[C@@H]2C3)CCC1C[NH2+]C1CC1
",0.4407489,C,1,2.0
39665,"CCCN(CCC[NH3+])C(=O)N(CC)CC
",0.44074857,C,1,2.0
29278,"C[C@H]1C[C@H]1C(=O)N(C)CCN(C)C(=O)[C@@H]1C[C@H]1C
",0.44074857,C,1,2.0
34862,"CC(C)([NH3+])CC12CC3CC(CC(C3)C1)C2
",0.44074848,C,1,2.0
1895,"CC(C)[NH2+][C@H](C)[C@@H](C)Cc1ncnn1C(C)C
",0.44074842,C,1,2.0
9522,"CCC[NH+]1CCC(NC(=O)CC)CC1
",0.44074842,C,1,2.0
30058,"CC(C)CC[C@@H](C)[C@@](C)(O)C(=O)[O-]
",0.4407484,C,1,2.0
31095,"[NH3+]C[C@@H](O)Cc1ccccc1
",0.44074824,C,1,2.0
28633,"CC(C)C[NH+]1CCC[C@H]1C[NH2+]C(C1CC1)C1CC1
",0.44074824,C,1,2.0
13259,"C#CCOCOCC#C[C@H](C)CCC=C
",0.44074807,C,1,2.0
10262,"CC(C)(C)CNC/C(Cl)=C/Cl
",0.44074783,C,1,2.0
7516,"N#CC1=C[C@@H](Br)[C@@]23CC12[C@@H](Br)C=C3C#N
",0.4407478,C,1,2.0
20428,"Cc1[nH]c(=O)[nH]c(=O)c1S(=O)(=O)[O-]
",0.44074768,C,1,2.0
33713,"CC1(C)CCC[C@@]1(C(=O)[O-])[NH+]1CCNCC1
",0.4407476,C,1,2.0
18480,"C[C@@H]1C[NH2+]C[C@@H](C)N1C(=O)C1C(C)(C)C1(C)C
",0.4407475,C,1,2.0
6382,"CC(C)(C)N(CC(N)=O)C(=O)[O-]
",0.44074747,C,1,2.0
14271,"C=C(C)C[C@H](CCC(C)C)[NH2+]CC
",0.44074732,C,1,2.0
27899,"CC1(C)[C@H]2CC[C@](C)(C2)[C@@H]1[NH2+][C@@H]1CCNC1
",0.44074723,C,1,2.0
28891,"S=C1N=CC2=CC=CCN12
",0.44074723,C,1,2.0
366,"CCC[C@@H]1CCC[NH+](CCCCS)CC1
",0.44074714,C,1,2.0
2566,"N=C(NN=Cc1ccncc1)NN=Cc1ccncc1
",0.44074705,C,1,2.0
29225,"C=CCC(=O)C(C)(C)[NH+]1CCCCCC1
",0.44074684,C,1,2.0
27556,"C[NH+](C)CC1CC[NH+](CC[C@H]2CCC[C@@H]2[NH3+])CC1
",0.4407468,C,1,2.0
5042,"C[C@@H](N(C)[C@@H]1CC[NH2+]C1)C1(C)CC1
",0.44074675,C,1,2.0
29800,"C=CCCCOC(F)(F)C(=O)[O-]
",0.44074675,C,1,2.0
16549,"CC(C)[NH2+]C[C@H]1C[C@@H]2C=C[C@H]1C2
",0.44074675,C,1,2.0
37618,"[NH3+][C@@H]1C=C[C@@H](C[NH2+]CC(C2CC2)C2CC2)C1
",0.4407465,C,1,2.0
6379,"CCC[NH+]1CC[C@@H](NN)[C@H](C)C1
",0.4407465,C,1,2.0
7460,"[NH3+][C@@H](Cc1cncnc1)C(=O)[O-]
",0.4407464,C,1,2.0
18234,"CCC/C=C/[C@@H]1OC[C@@H](C)O1
",0.4407463,C,1,2.0
36432,"CC[C@H](C)[C@H]([NH3+])C[NH+]1C[C@@H](C)[C@@H](C)C1
",0.440746,C,1,2.0
38906,"C#CCCN(C)CCS(C)(=O)=O
",0.440746,C,1,2.0
31177,"CCN[C@@H]1CCC[NH+](C(C)C)C1
",0.44074592,C,1,2.0
24962,"C=CCS(=O)(=O)N1[C@H](C)C[NH2+]C[C@H]1C
",0.4407459,C,1,2.0
27422,"CCC(CC)C[NH+]1C[C@@H]([NH3+])C[C@@H](C)C1
",0.4407458,C,1,2.0
14001,"Cc1cc([N+](=O)[O-])cc([N+](=O)[O-])c1
",0.44074556,C,1,2.0
23338,"CCCC[C@@H](CC1CCC1)[NH2+]C
",0.4407453,C,1,2.0
12900,"Cc1no[n+]([O-])c1CC(C)C
",0.44074523,C,1,2.0
6802,"CC(=O)OCC[C@@H](C)OC(C)=O
",0.4407451,C,1,2.0
30569,"COC(=O)[C@](C)(CBr)OC
",0.440745,C,1,2.0
18208,"CC(=O)Cc1c(C)n[nH]c1C
",0.4407449,C,1,2.0
11804,"OC[C@@H]1CCCC[NH+]1CCS
",0.44074482,C,1,2.0
6086,"CC[C@@H](C)[NH+](C)CCNS(C)(=O)=O
",0.44074473,C,1,2.0
28283,"CC(=O)C(c1ccccc1)c1ccccc1
",0.44074437,C,1,2.0
9391,"C[C@@H](CBr)c1ccccc1
",0.44074425,C,1,2.0
18175,"CC[C@@H](C)[NH2+][C@H](CN=[N+]=[N-])C(=O)[O-]
",0.44074425,C,1,2.0
20865,"O=C1C=CS(=O)(=O)[C@@H]2[C@@H]3C=C[C@@H](C3)[C@@H]12
",0.44074398,C,1,2.0
6556,"CC[NH+](CC)CC[C@@H]1CCC[C@@H]1O
",0.44074398,C,1,2.0
12949,"O=C1OC[C@H](C(F)(F)F)O1
",0.4407439,C,1,2.0
5195,"CCCC1(CCC)C[NH+]([C@H](C)[C@@H]2CCC[NH2+]C2)C1
",0.4407439,C,1,2.0
7272,"CC(C)[C@@H](O)[C@@H](C)c1ccc(N(C)C)cc1
",0.44074383,C,1,2.0
14328,"CN(C)NC(=S)N[C@@H]1C[C@H]2CC[C@@H]1C2
",0.4407438,C,1,2.0
21220,"C[C@@H](O)CCC(=O)N(C)CC(=O)N(C)C
",0.4407437,C,1,2.0
1318,"O=C([C@H]1CCCC[C@@H]1C(=O)N1CCCCC1)N1CCCCC1
",0.4407437,C,1,2.0
14206,"CC1(C)CC[NH+](CCC(=O)[O-])C1
",0.44074365,C,1,2.0
29773,"OCC1([NH+]2CCCC2)CC[NH2+]CC1
",0.44074357,C,1,2.0
27892,"CN(CC[C@@H]1CCCC[NH+]1C)C1CCSCC1
",0.44074354,C,1,2.0
3401,"O=CNc1ccc(Br)cc1
",0.44074333,C,1,2.0
35139,"Cc1ccsc1[C@H](C)[C@H](C)[NH2+]C(C)C
",0.44074324,C,1,2.0
5266,"CN(CC(C)(C)O)C(=O)CCCCO
",0.44074315,C,1,2.0
11591,"CCO/C=C1\SC(=O)NC1=S
",0.44074312,C,1,2.0
17998,"CC(C)C[NH+](C(C)C)[C@@]1(CN)CSCC(C)(C)C1
",0.44074306,C,1,2.0
3070,"BrCC1(C[C@@H]2C[C@H]3CC[C@@H]2C3)CCCC1
",0.440743,C,1,2.0
23378,"C[NH+]1CCC(OCCO)CC1
",0.44074273,C,1,2.0
10445,"CC1=CC(=O)C(C)=C(C)C1=O
",0.44074258,C,1,2.0
18528,"CS(=O)(=O)O[C@H]1C[NH+]2CCC1CC2
",0.44074258,C,1,2.0
39467,"C[C@H]1CC[C@H]([NH2+][C@@H]2CCNC2)[C@@H]1C
",0.4407423,C,1,2.0
4083,"COC[C@H](C)[C@@](C)(O)C(=O)[O-]
",0.44074228,C,1,2.0
34666,"C[C@@H]1CCC[C@@H](C2(O)C[NH2+]C2)[NH2+]1
",0.44074222,C,1,2.0
21311,"C[NH+](CN1C(=O)CSC1=O)CN1C(=O)CSC1=O
",0.44074222,C,1,2.0
13642,"CCC([NH3+])(CC)C(=O)N1CC[NH2+]CC1
",0.440742,C,1,2.0
12525,"C[C@H](C[NH3+])[C@@H](C)[NH+](C)C1CCC(C)(C)CC1
",0.4407418,C,1,2.0
38652,"Nc1ccc[n+]([O-])c1C(=O)[O-]
",0.44074172,C,1,2.0
11261,"[NH3+][C@H]1CC[C@@H]([NH+]2CCC(C[NH+]3CCCC3)CC2)C1
",0.44074166,C,1,2.0
36571,"CC1(C)CCC[C@@H]([NH2+]CC2C(C)(C)C2(C)C)C1
",0.44074166,C,1,2.0
37256,"CNC(=S)NN=C1CCCCCC1
",0.44074163,C,1,2.0
34166,"[O-][N+]12CCCC[C@H]1CCC[C@H]2CO
",0.44074163,C,1,2.0
16793,"O=C(F)c1ccc(Br)cc1
",0.44074157,C,1,2.0
28676,"CC[C@H]1C[NH2+]CCC12CCC2
",0.44074157,C,1,2.0
28374,"CC(C)(C)C[NH+]1CCC(OCCC[NH3+])CC1
",0.44074154,C,1,2.0
26805,"CC(C)CC[NH+]1CCSC(C)(C)C1
",0.44074136,C,1,2.0
17076,"CC(C)CCNC(=O)[C@@H](C)Br
",0.4407413,C,1,2.0
14000,"C[C@@H]1C[NH2+][C@@H]2[C@H](CCCC2(C)C)S1
",0.4407413,C,1,2.0
6921,"CC[C@@H](CC(N)=[NH2+])[NH+](C)CC
",0.44074124,C,1,2.0
29646,"CC[NH+](C)CC[C@H]1CCC[C@@H]1[NH3+]
",0.4407412,C,1,2.0
1850,"O=C([O-])c1ccc(C(=O)[O-])c(Br)c1
",0.4407412,C,1,2.0
16444,"O=C([O-])C1=CN=N[C@@H]1[N+](=O)[O-]
",0.4407412,C,1,2.0
17620,"C[C@H]1[C@@H](C(=O)[O-])CC[NH+]1CC(F)(F)F
",0.44074112,C,1,2.0
15826,"C[C@@H]([NH2+]C1C(C)(C)C1(C)C)C(=O)NC(C)(C)C
",0.44074103,C,1,2.0
21708,"CCC[NH+](CCC)[C@@H]1CCC[C@H]([NH2+]C)C1
",0.44074094,C,1,2.0
39855,"CCN[C@]1(C#N)CCCC1(C)C
",0.44074094,C,1,2.0
37397,"CN1C(=O)C(=Cc2ccc(C=C3C(=O)N(C)C(=O)N(C)C3=O)cc2)C(=O)N(C)C1=O
",0.44074082,C,1,2.0
22801,"CC[C@H](C(=O)[O-])[NH+](C)C1CCC([NH3+])CC1
",0.4407408,C,1,2.0
8175,"CCOC(=O)C1(C(C)=O)CC(C)(C)C1
",0.44074073,C,1,2.0
4835,"O[C@@H]1CCCC[C@@H]1CC(F)(F)F
",0.44074038,C,1,2.0
30242,"CCOc1ccccc1OC/C=C/C[NH+](C)C
",0.44074038,C,1,2.0
5836,"CC[C@](C)(c1ccccc1)[C@@](C)(O)c1ccccc1
",0.44074032,C,1,2.0
273,"C=CCC[C@@H](O)C1([NH+]2CCCCC2)CCCC1
",0.4407403,C,1,2.0
3666,"NS(=O)(=O)[C@@H]1CCCOC1
",0.44074023,C,1,2.0
33382,"CC(=O)NNC(=O)CSC[C@@H]([NH3+])C(=O)[O-]
",0.4407402,C,1,2.0
22302,"CC(C)(C)c1cc(Cl)ncn1
",0.44074014,C,1,2.0
27235,"C[C@H]1CCC[NH+](CCCCl)C1
",0.44074,C,1,2.0
2445,"[NH3+]CCCOc1ccccn1
",0.4407399,C,1,2.0
16666,"CC[C@H](C)N(CC)S(N)(=O)=O
",0.4407399,C,1,2.0
10659,"CC(C)(C)C(=O)NCC(C)(C)[NH+]1CCCCC1
",0.4407399,C,1,2.0
23616,"CN(C)C[C@@H]([NH3+])c1ccoc1
",0.44073987,C,1,2.0
15354,"C=C1C(=O)[C@]2(C)CC[C@H]1C2(C)C
",0.44073963,C,1,2.0
21940,"ClC1(Cl)[C@@H](c2ccccc2)[C@@H]1c1ccccc1
",0.44073954,C,1,2.0
37999,"CCC[NH2+]C1CC(C(=O)[O-])C1
",0.4407394,C,1,2.0
6279,"CN(C)C[C@H]1CCC[NH+]1CC1(CS)CCCC1
",0.44073936,C,1,2.0
7293,"NOc1ccc(C(N)=O)nn1
",0.44073936,C,1,2.0
9173,"CC[C@H](C(=O)[O-])[NH+](C)C1CCC([NH2+]C)CC1
",0.4407393,C,1,2.0
39235,"C1CCC([NH2+]C[C@@H]2CC[C@@H]3CCCC[C@@H]3[NH2+]2)CC1
",0.44073898,C,1,2.0
23977,"CCCOC[C@H]([NH2+]C)[C@H]1CC[C@H](CC)C1
",0.44073898,C,1,2.0
14589,"CCOC(=O)/C=C/C(=O)Cl
",0.44073886,C,1,2.0
36642,"CC(C)=C[C@H]1[C@@H](CO)C1(C)C
",0.4407387,C,1,2.0
9126,"C=C(C)C[NH+]1CC[C@H](C(=O)[O-])[C@H]1C
",0.44073862,C,1,2.0
39549,"C[C@H](Cc1ccc(N)cc1)C(=O)[O-]
",0.44073853,C,1,2.0
4568,"CC[C@@H](C)[C@@H](C)[NH+]1CCC(=O)[C@H](C)[C@@H]1C
",0.44073835,C,1,2.0
25225,"N[C@@H](C[NH+](CCO)CCO)C(=O)[O-]
",0.4407383,C,1,2.0
16182,"C[NH2+]C1CCC(O)(C[C@@H]2C[C@H]3CC[C@@H]2C3)CC1
",0.44073823,C,1,2.0
13044,"C[C@@H]1C[NH+](C[C@]2(C)CC[NH2+]C2)C[C@H]1C
",0.44073823,C,1,2.0
9899,"CC(C)C1C[NH+](C(C)(C)C[NH3+])C1
",0.4407382,C,1,2.0
30901,"C[C@@H]([NH3+])[C@H](C)c1ccsc1
",0.44073796,C,1,2.0
8315,"CC(C)[C@H](CO)NC(=O)CC1CC1
",0.44073793,C,1,2.0
30201,"C[NH+](CC(C)(C)C[NH3+])C1CCC1
",0.44073787,C,1,2.0
15383,"N=[S@](N)c1cnc(N)s1
",0.44073763,C,1,2.0
13517,"C[NH+](CCC(=O)OC(C)(C)C)CC(C)(C)O
",0.4407376,C,1,2.0
30480,"CC(C)(C[C@@H](O)C(F)(F)F)C(=O)[O-]
",0.44073755,C,1,2.0
13769,"CCC1CC[NH+](C[C@@H](CS)C(C)(C)C)CC1
",0.4407374,C,1,2.0
13367,"C[C@H]1C[NH+](C[C@H]2CC=CCC2)C[C@H](C)S1
",0.44073737,C,1,2.0
8139,"N#Cc1ccnc(CBr)c1
",0.4407373,C,1,2.0
18164,"CC1(C)CC[NH+](C[C@@H]2CCCCC[NH2+]2)C1
",0.4407373,C,1,2.0
8934,"CCCCN(C)C(=O)CC[NH3+]
",0.4407373,C,1,2.0
4559,"C[NH2+]C[C@H](C)C(=O)NCC(C)C
",0.44073722,C,1,2.0
22497,"NC1=C(N)C(=O)c2ccccc2C1=O
",0.44073704,C,1,2.0
27275,"CCC(CC)[C@]1([NH3+])C[C@H]2CC[C@@H]1C2
",0.44073704,C,1,2.0
4987,"C[NH+](CC1CCC1)[C@@H]1CC[C@H](O)C1
",0.44073695,C,1,2.0
8648,"C[C@H](C(=O)[O-])[C@H](C)c1ccoc1
",0.4407369,C,1,2.0
9267,"C[C@H](CCS)CC[NH+]1CCC(C)(C)CC1
",0.4407369,C,1,2.0
17921,"CC#CC[C@H]([NH3+])[C@H]1CSCCS1
",0.44073686,C,1,2.0
11269,"N#CCC[NH+](CCCCS)C1CC1
",0.44073686,C,1,2.0
6215,"c1ccc2c(c1)CC1(CC[NH2+]CC1)C2
",0.44073677,C,1,2.0
32223,"C[NH2+][C@H](c1ccc(F)cc1)[C@@H](C)OC
",0.44073656,C,1,2.0
28378,"CC[NH+](CC)[C@](C)(CC)[C@H]([NH3+])C=C(C)C
",0.44073656,C,1,2.0
28316,"CCC(C(=O)OC(C)(C)C)(C(F)(F)F)C(F)(F)F
",0.44073653,C,1,2.0
24513,"CC(C)[NH+](C[C@@H](C)O)C1CCSCC1
",0.44073638,C,1,2.0
23435,"CN(C)S(=O)(=O)N(C)c1ccccc1
",0.44073635,C,1,2.0
39831,"CN(CC[NH+](C)C)C[C@@H]1CCC(C)(C)[C@H]1[NH3+]
",0.4407362,C,1,2.0
10133,"CC/C=C/C/C=C\CCOC(C)=O
",0.44073614,C,1,2.0
27427,"CC(C)C[C@H](O)C(C)(C)[NH+]1CCCCCC1
",0.44073611,C,1,2.0
24929,"c1[nH]c2c([nH+]1)CCCCCC2
",0.44073606,C,1,2.0
7288,"CCCN[C@]1(C#N)CCCCC1(C)C
",0.44073585,C,1,2.0
36028,"CC(C)NC(=O)C(C)(C)Br
",0.4407358,C,1,2.0
8133,"CCC(CC)(CC)[NH2+]Cc1noc(C(C)(C)C)n1
",0.4407357,C,1,2.0
37035,"CCC[C@@H](C)C[C@H](C)[C@@H](C)[NH2+]C1CC1
",0.44073564,C,1,2.0
24469,"O/N=C(Nc1ccccc1)\C(=N/O)Nc1ccccc1
",0.44073552,C,1,2.0
979,"C[C@H]1CCCC[C@@H]1[NH+]1C[C@@H]([NH3+])C[C@@H](C)C1
",0.44073546,C,1,2.0
27435,"CCS(=O)(=O)CCC[C@]1(C)CCCCC[NH2+]1
",0.44073546,C,1,2.0
6188,"C[C@@H](O)[C@@H]1CCC[C@H](S(C)(=O)=O)C1
",0.44073546,C,1,2.0
7292,"CN1C(=O)N[C@@H]2C[NH2+]CC[C@H]21
",0.44073546,C,1,2.0
30693,"CCC[NH2+][C@H]([C@H](C)CC)C(C)(C)[NH+]1CCCCCC1
",0.44073543,C,1,2.0
14842,"CC[C@@H]([NH2+]C)[C@@H]1CSCCO1
",0.44073528,C,1,2.0
20114,"CCCCCC(=O)NNC(=O)C(=O)NC1CC1
",0.4407352,C,1,2.0
38437,"CC(C)[C@@H](O)[C@H]1CSCCO1
",0.4407352,C,1,2.0
4026,"C[C@@H]1CC(c2ccccc2)(c2ccccc2)C[NH+]1C
",0.4407352,C,1,2.0
25981,"C[NH2+]Cc1c(C)nn(C)c1C
",0.44073513,C,1,2.0
25088,"C[C@@H]1CN([C@@H]([C@@H](C)[NH3+])C(F)(F)F)C[C@@H]1C
",0.4407351,C,1,2.0
11486,"C[C@H](C(=O)[O-])n1c(=O)ssc1=O
",0.44073504,C,1,2.0
31458,"C[NH2+][C@@H](C1CCCC1)[C@H]1CSCCS1
",0.440735,C,1,2.0
21217,"O=C([O-])[C@@H](O)c1cscc1Br
",0.44073492,C,1,2.0
31299,"Fc1c(F)c(F)c(CSc2cn[nH]n2)c(F)c1F
",0.44073486,C,1,2.0
37281,"C[C@H]1CO[C@@H](C23CC4CC(CC(C4)C2)C3)C[NH2+]1
",0.44073477,C,1,2.0
9210,"C[NH2+][C@H]1CCC[C@H]1C[NH+](C)C1CCC(C)(C)CC1
",0.44073477,C,1,2.0
35837,"NN[C@H](Br)Cc1ccccc1
",0.4407347,C,1,2.0
33323,"C[C@H](C[C@H]1CCC[NH2+]1)[NH2+][C@@H]1CC1(C)C
",0.44073468,C,1,2.0
36020,"N#C[C@H]1CCC[C@H]1N[C@H]1CCC[C@@H]([NH3+])C1
",0.44073462,C,1,2.0
20057,"CC1(C)C(=O)[C@]2(C)CC[C@H]1C2
",0.44073462,C,1,2.0
4965,"NNC(=S)NNc1ccccc1
",0.44073454,C,1,2.0
35080,"CC[C@H]1CCC[NH+]1[C@@H](C)[C@@H](C)C[NH2+]C(C)(C)C
",0.44073454,C,1,2.0
3408,"O=C1CC2CC(=O)CC2(C2CC=CC2)C1
",0.4407345,C,1,2.0
20938,"C[C@@H]1CC([NH2+]C2CC[NH+](C3CCCCC3)CC2)C[C@@H](C)O1
",0.44073445,C,1,2.0
32531,"CCC1=CC(=O)[C@H](C)[C@H](CC)[C@@H]1C
",0.4407344,C,1,2.0
23406,"C[C@H]1CC[C@@H](O)[C@H](CCO)C1
",0.44073436,C,1,2.0
33620,"CC(C)OC(=O)O[C@H]1CCC[NH2+]C1
",0.44073427,C,1,2.0
26339,"FO[C@H](NNc1ccccc1)C(F)F
",0.44073427,C,1,2.0
21929,"CC1CCC(C(=O)C(C)(C)[NH+](C)C)CC1
",0.44073427,C,1,2.0
12470,"O=C([O-])C[NH+]1CC2(CCCC2)C1
",0.44073418,C,1,2.0
34933,"CCC[C@H](C)C(=O)NC[C@@H](C)[NH+](C)C
",0.44073412,C,1,2.0
11687,"C[NH2+]C[C@H]1CCO[C@@H]1C1CCC(C)CC1
",0.44073412,C,1,2.0
11707,"O=C1C(=O)/C(=C/c2ccccc2)CCC/C1=C/c1ccccc1
",0.44073397,C,1,2.0
37340,"Cc1nc2c(Cl)nc(Cl)nc2s1
",0.44073397,C,1,2.0
23396,"CC(C)[C@H]1CC[C@@H](C)C[C@@H]1OC=O
",0.44073376,C,1,2.0
18563,"CC(C)CCC[C@H](C)[NH2+]C1CCCC1
",0.44073376,C,1,2.0
20511,"C[C@H]1CC(C)(C)C[C@@](O)([C@@H](C)C#N)C1
",0.4407337,C,1,2.0
15054,"C[C@@H]([NH2+]C1CCCCCC1)[C@@H]1CCC[NH+](C)C1
",0.4407336,C,1,2.0
16041,"CCC[C@H](S)c1ccccc1
",0.4407336,C,1,2.0
31260,"CC[C@@](C)(NC(=O)N(C)CCO)C(=O)[O-]
",0.44073352,C,1,2.0
27954,"Nc1ccc(S(=O)(=O)[N-][N+](=O)[O-])cc1
",0.44073346,C,1,2.0
38218,"CCCC1CC[NH+]([C@H](C)[C@H](C)C[NH2+]C2CC2)CC1
",0.44073343,C,1,2.0
38136,"C[C@](N)(C(=O)NCCC(F)(F)F)C(F)(F)F
",0.44073343,C,1,2.0
18620,"CC1(C)OC(C)(C)[C@H](C[NH+]2CCCCCCC2)[C@@H]1N
",0.44073334,C,1,2.0
34507,"CCOC(=O)C[NH+](C)C1CC1
",0.44073325,C,1,2.0
38165,"CN[C@H](CC[C@H]([NH3+])C(=O)[O-])C(F)(F)F
",0.44073325,C,1,2.0
11312,"O=C(CCC1CCCCC1)NNC(=O)CC1CCC1
",0.4407332,C,1,2.0
2575,"CCOC(=O)C1CCCCC1
",0.44073313,C,1,2.0
33726,"CC(C)[C@H]([NH2+]Cc1ccncc1)C(=O)[O-]
",0.44073305,C,1,2.0
9982,"C[C@@H]1SCCC[C@H]1[NH2+]CC1CC1
",0.44073296,C,1,2.0
29887,"C[NH2+]C1CCC([NH+](C)[C@H]2CCC[C@H](C)[C@H]2C)CC1
",0.44073287,C,1,2.0
20519,"CC(C)[C@H]1C[S@](=O)[C@@H](C)CC[NH2+]1
",0.44073287,C,1,2.0
11518,"CCCC(=O)/C(=C/NC(N)=O)C(=O)[O-]
",0.44073278,C,1,2.0
26557,"O[C@H]1C=C[C@@]23C=CC=C[C@@]12CCCC3
",0.4407327,C,1,2.0
36792,"CCC(=O)c1cscc1Br
",0.4407326,C,1,2.0
34594,"CC[NH2+][C@@H]1CCC[C@@H]1CCOC1CCC(C)CC1
",0.4407325,C,1,2.0
2814,"C[NH+](C)C1CCN(C[C@H]2C=C[C@H]([NH3+])C2)CC1
",0.4407325,C,1,2.0
13783,"C=CCS(=O)(=O)NCCCO
",0.44073245,C,1,2.0
12459,"CCSc1nnc([O-])[nH]c1=O
",0.44073242,C,1,2.0
37918,"CN(C)C(=O)CN(CC(F)(F)F)C(=O)CCCO
",0.44073242,C,1,2.0
19707,"CCN[C@H]1C[C@H](C)C[C@H](C)[C@@H]1[NH+]1C[C@@H](C)[C@@H](C)C1
",0.44073236,C,1,2.0
17661,"COC[C@@H](C)[C@@](O)(C(=O)[O-])C(C)C
",0.4407323,C,1,2.0
10943,"C[NH2+]C[C@H](C)[C@H](C)[NH+]1CCC2(CCCCC2)CC1
",0.4407322,C,1,2.0
13314,"C[NH+](C)CC(=O)Cc1ccsc1
",0.4407322,C,1,2.0
16669,"C[C@H](O)[C@@H](C)N1CCN(C2C[NH2+]C2)CC1
",0.4407319,C,1,2.0
16338,"CC[C@H](C)[C@@H]([NH2+]C)C1([NH+](C)C)CCCCCC1
",0.4407318,C,1,2.0
19929,"Fc1cc(F)c(I)cn1
",0.44073176,C,1,2.0
1558,"COc1ccc(C(F)(F)F)cc1
",0.44073176,C,1,2.0
19569,"C[C@@H]1CC(OCC2(CS)CC2)C[C@H](C)C1
",0.44073159,C,1,2.0
8472,"CCS(=O)(=O)c1ccc(F)cc1
",0.44073159,C,1,2.0
786,"[NH3+][C@H]1CCC[C@H](N2CCS(=O)CC2)C1
",0.4407315,C,1,2.0
17186,"CC(C)[C@@H](C)NC(=O)CSCC[NH3+]
",0.44073138,C,1,2.0
1663,"CCCCC(=O)C(C)(C)[NH+]1CCCCCC1
",0.44073138,C,1,2.0
25923,"CC(C)C(=O)[C@H](C)c1cc(F)cc(F)c1
",0.44073135,C,1,2.0
23426,"CCOCCC[C@]1(O)C[C@@H]1C
",0.44073135,C,1,2.0
17174,"C1=N\c2ccccc2/N=C\c2cc3ccccc3cc2/1
",0.4407312,C,1,2.0
31645,"C[NH2+]C1CCC(NC(=O)N[C@@H]2CCOC2)CC1
",0.44073093,C,1,2.0
19609,"CC1(C)CSC[C@](O)([C@H](F)C(=O)[O-])C1
",0.44073087,C,1,2.0
35100,"CC[C@@](C)([NH3+])C(=O)N(C)CCC[NH+](C)C
",0.44073084,C,1,2.0
7741,"COc1cc(C)c(CBr)c(C)c1
",0.44073078,C,1,2.0
23739,"CC(C)[NH2+]C[C@H](C)[C@H](C)[NH+]1CCCC(C)(C)CC1
",0.44073078,C,1,2.0
28189,"CCC1(CC)CC[NH+]([C@@]2(C[NH3+])CC(C)(C)OC2(C)C)C1
",0.4407307,C,1,2.0
8979,"C=C(C)[C@H](Cc1cc(C)cc(C)c1)[NH2+]C
",0.44073066,C,1,2.0
7575,"[NH3+]CCCN1CCCC[C@@H]1CO
",0.4407306,C,1,2.0
369,"CCC(CC)(CC)NC(=O)N[C@@H](C)CSC
",0.44073054,C,1,2.0
34219,"CCCC[NH2+][C@@H]1CSCC(C)(C)C1
",0.44073054,C,1,2.0
23054,"CCCC[C@@H](C)NC(=O)CC[C@H](C)O
",0.4407305,C,1,2.0
32669,"CC1=C[C@@H]2C=c3ccccc3=C2C=C1
",0.4407305,C,1,2.0
20074,"O=S(=O)(c1ccccc1)C(Br)(Br)Br
",0.44073045,C,1,2.0
30161,"CC(C)CN1CNC(=S)NC1
",0.44073042,C,1,2.0
18798,"Cc1cc(C)c(NCC(C)(C)C)c(C)c1
",0.44073036,C,1,2.0
29364,"C[C@@H]([NH3+])C(C)(C)C[NH+]1CCC(C[NH+](C)C)CC1
",0.44073036,C,1,2.0
27570,"Cc1ccc([C@H]2C[C@@H]2[NH3+])s1
",0.44073036,C,1,2.0
5063,"C[N+]1([C@H]2CC[C@H]3CC[C@@H]2C3=O)CCCCC1
",0.44073027,C,1,2.0
25078,"C=C(C)C[C@@H]1C=CC[C@H](CC(=C)C)[NH+]1CCO
",0.44073018,C,1,2.0
8473,"C/[NH+]=C(\[S-])c1ccccc1N
",0.44073018,C,1,2.0
30495,"C/C(=C\CC[P@@](=O)([O-])OP(=O)([O-])[O-])CO
",0.4407301,C,1,2.0
26814,"O=C(NC1CCCCC1)N[C@@H]1CC[S@@](=O)C1
",0.44073004,C,1,2.0
2878,"C/C(=C\CC[NH2+]C1CC1)C1CCC(C)CC1
",0.44073,C,1,2.0
33611,"CC(C)[C@@H](CC(=O)OC(C)(C)C)C(=O)[O-]
",0.44072995,C,1,2.0
13507,"CCc1nn(CC)c(CC)c1C[NH3+]
",0.44072995,C,1,2.0
15545,"CS(=O)(=O)[C@H]1CCC[C@@H](OCC2CC[NH2+]CC2)C1
",0.44072992,C,1,2.0
17897,"O=C([O-])c1ccc(-c2ccc(S(=O)(=O)[O-])cc2)cc1
",0.44072992,C,1,2.0
1671,"CS(=O)(=O)[N-]c1cc([N-]S(C)(=O)=O)cc(C(=O)[O-])c1
",0.44072986,C,1,2.0
16722,"CC[C@@H](CC[NH3+])n1cc[nH+]c1
",0.44072986,C,1,2.0
23855,"Nc1noc(-c2ccoc2)c1Br
",0.44072977,C,1,2.0
1464,"CCC1(CC)CC[NH+]([C@H]2CC[C@@](CO)([NH2+]C)C2)C1
",0.4407297,C,1,2.0
7437,"COc1cc(O)cc(Br)c1OC
",0.44072962,C,1,2.0
15739,"C[C@H]1C[C@@H]([NH2+]CC2CCC2)CC(C)(C)C1
",0.44072962,C,1,2.0
29449,"COCC[NH+](C)[C@H](C)[C@@H](C)C(=O)[O-]
",0.44072962,C,1,2.0
11544,"Cc1c(Br)cc(C(=O)[O-])c(C)c1C
",0.44072962,C,1,2.0
36992,"CC(C)(C(=O)[O-])C1CCCCC1
",0.4407296,C,1,2.0
31014,"CC[NH2+]CCN(C)C[C@H]1CCC[NH+]1CC
",0.4407295,C,1,2.0
15863,"[NH3+]Cc1ccc2c(c1)OCCO2
",0.44072935,C,1,2.0
15665,"C1CC[NH2+][C@](C2CC2)([C@@H]2CCOC3(CCCC3)C2)CC1
",0.44072926,C,1,2.0
35813,"C[NH+](C)CCO[C@@H]1C[C@@H]2CC[C@@]1(C)C2(C)C
",0.4407292,C,1,2.0
35848,"CCNC(=O)C[C@@H](C[NH3+])N(C)CC
",0.44072908,C,1,2.0
28072,"C[C@@H]1[C@@H]([NH3+])CCN(C[C@@H]2CCOC2)[C@@H]1C
",0.44072902,C,1,2.0
23483,"CCS(=O)(=O)CCN(C)C(=O)C(C)C
",0.440729,C,1,2.0
23261,"Cc1cc(Cl)c(Br)cn1
",0.44072893,C,1,2.0
2576,"C[C@@H]1C[NH+]([C@@H](C)/C(N)=N/O)C[C@@H]1C
",0.4407289,C,1,2.0
4189,"CC(C)[C@H](C(=O)[O-])[NH+]1CC2(CCCCCC2)C1
",0.4407289,C,1,2.0
20911,"C[NH2+][C@H](COC(C)C)c1ccc(Br)cc1
",0.4407287,C,1,2.0
1336,"O=C(C[NH+]1CCNCC1)N[C@@H]1CCS(=O)(=O)C1
",0.44072866,C,1,2.0
869,"CCC1(CC)CCN(C(=O)CS)C1
",0.44072852,C,1,2.0
38551,"CC(C)(C)OC(=O)NC1C(C)(C)C([NH3+])C1(C)C
",0.44072852,C,1,2.0
3039,"C/C(=N\O)c1ccc([N+](=O)[O-])cc1
",0.44072852,C,1,2.0
10179,"CC[NH2+][C@H]1C[C@H](C)C[C@H](C)[C@@H]1N(C)C[C@@H]1CCC[NH+]1C
",0.44072852,C,1,2.0
25438,"CCCCS(=O)(=O)N1CCCCCC1
",0.44072852,C,1,2.0
33941,"CC[C@](C)([NH3+])C(=O)N(C)CC1CC([O-])C1
",0.4407285,C,1,2.0
27905,"CCCC[NH2+]C[C@@H]1CCC[NH+]2CCCC[C@H]12
",0.4407285,C,1,2.0
32854,"[NH3+][C@H]1CCCCC[C@H]1C(=O)NCC1CCCCC1
",0.44072843,C,1,2.0
20244,"CCCc1noc(C([NH3+])(CC)CC)n1
",0.44072837,C,1,2.0
17215,"Fc1ccc(Cl)cc1[S-]
",0.44072834,C,1,2.0
20243,"N=Cc1ccc(Sc2ccc(Cl)cc2)cc1
",0.44072825,C,1,2.0
27069,"CCCCn1nnc(N)c1CCC
",0.44072825,C,1,2.0
21106,"CC[C@H](COC)[NH2+]C[C@H](C)[S@](C)=O
",0.4407282,C,1,2.0
14994,"CCOC1=C(Br)C(=O)CC1
",0.44072816,C,1,2.0
26952,"Cc1nc(N)ncc1[C@H](C)[NH3+]
",0.44072816,C,1,2.0
21454,"O=c1[nH]/c(=C(/Br)c2ccccc2)c(=O)[nH]/c1=C(\Br)c1ccccc1
",0.44072816,C,1,2.0
7254,"C[NH2+][C@@]1(C(=O)[O-])CCC[C@H]([NH+]2CCCCCC2)C1
",0.44072807,C,1,2.0
36202,"C[C@H]1C[C@](O)(CCC(F)(F)F)CS1
",0.440728,C,1,2.0
20700,"C#C[C@H](C)Oc1ccc(C)cc1
",0.44072795,C,1,2.0
3852,"CCOC(=O)N[C@H](C)C(=O)[O-]
",0.44072795,C,1,2.0
34048,"N#Cc1ccc([C@@H](O)C(F)(F)F)cc1
",0.44072795,C,1,2.0
34874,"C[C@H]1[C@@H]([NH3+])CCN(CC2CC[NH+](C)CC2)[C@@H]1C
",0.44072795,C,1,2.0
18619,"CC(C)C[C@@H](C)N(C)C(=O)C[NH+]1CCCCCC1
",0.44072783,C,1,2.0
15912,"CCCS[C@@H]1CCCC(C)(C)[C@H]1[NH3+]
",0.44072777,C,1,2.0
39278,"C=CCN/C(S)=N/C1CC(C)(C)[NH2+]C(C)(C)C1
",0.44072777,C,1,2.0
35246,"C=CCC[C@@H]([NH3+])[C@H]1CSCCO1
",0.4407276,C,1,2.0
25439,"C[C@H]([NH3+])C(C)(C)CN1CC[NH+](C)CC1
",0.44072753,C,1,2.0
27203,"CCC([NH3+])(CC)C(=O)N(CCC(=O)[O-])C(C)C
",0.44072744,C,1,2.0
38433,"O=C([O-])CC1CC[NH+](CCC(=O)NC2CC2)CC1
",0.4407274,C,1,2.0
20230,"C[C@H](Cc1ccc([N+](=O)[O-])cc1)C(=O)[O-]
",0.4407274,C,1,2.0
16099,"CC[C@H](O)[C@@H](C)[C@@H]1CCCCC[C@@H]1O
",0.44072735,C,1,2.0
24688,"C=C1CCCC(C)(C)[C@]12CC=C(C)CC2
",0.44072732,C,1,2.0
38587,"O=C([O-])CCCCC(=O)NC(=O)NC1CC1
",0.44072726,C,1,2.0
28009,"CC[C@H]1CCCC[NH+]1C[C@](C)([NH3+])CC
",0.44072726,C,1,2.0
19411,"CC[C@@H](C)N(C)C(=O)CC1CC[NH2+]CC1
",0.44072723,C,1,2.0
32284,"OCCSc1ccc(F)cc1
",0.4407271,C,1,2.0
9485,"C[C@H]1CCC[C@@H](N[NH+]2CCN(C)CC2)C1
",0.4407271,C,1,2.0
34040,"CC(=O)N(C)c1ccccn1
",0.4407271,C,1,2.0
8858,"COc1ccccc1[C@H](C(=O)[O-])[NH+](C)C
",0.44072708,C,1,2.0
22486,"CCC([NH3+])(CC)C(=O)N[C@@H]1C[C@H]1C
",0.44072703,C,1,2.0
30100,"CC[NH2+][C@@H](C1CCC(C)CC1)[C@@H](C)OC
",0.44072694,C,1,2.0
10641,"CC[C@@H]1CCCC[NH+]1CC(CC)(CC)CS
",0.44072685,C,1,2.0
4777,"C[C@H]1C[C@H](NCCS(=O)(=O)C(C)(C)C)C[NH+]1C
",0.44072682,C,1,2.0
8148,"CC[C@@H]([NH2+]C1C(C)(C)C1(C)C)c1ccc(O)cc1
",0.44072667,C,1,2.0
17546,"CCC[C@@H]1CC[C@@H]([NH3+])[C@H](C[NH+](C)CC(C)(C)O)C1
",0.4407266,C,1,2.0
39703,"COC(=O)NC(=O)C[NH+]1C[C@H](C)[C@@H](C(=O)OC)C1
",0.4407266,C,1,2.0
5320,"O=C([O-])[C@@]1(Cl)C[C@@H]2CC[C@H]1C2
",0.44072652,C,1,2.0
15801,"NOc1ccc([N+](=O)[O-])cc1Br
",0.4407265,C,1,2.0
36716,"Cc1cc(O)cc([N+](=O)[O-])c1
",0.4407265,C,1,2.0
6520,"O=C([O-])CC[NH2+][C@H]1CS(=O)(=O)C[C@H]1O
",0.4407264,C,1,2.0
26549,"C[NH+]1C(C)(C)N(O)C(c2ccccc2)(c2ccccc2)C1(C)C
",0.44072634,C,1,2.0
20335,"C=CCNC(=O)C(=O)NCCC[NH+](C)C
",0.44072634,C,1,2.0
10354,"CC1CCN(C(=O)C[NH2+]C2CC2)CC1
",0.44072628,C,1,2.0
11926,"CS(=O)(=O)c1ccc(C2CC([O-])C2)cc1
",0.44072625,C,1,2.0
12183,"COCN(c1ccccc1)c1ccccc1
",0.44072625,C,1,2.0
34162,"C[C@]12CC[C@@]3(C)OCC(CO)(CO1)N23
",0.44072625,C,1,2.0
1772,"C/[NH+]=C(\N[C@H]1C[C@@](C)(OC)C1(C)C)NC(C)(C)C
",0.4407262,C,1,2.0
6446,"CCOC(=O)c1nc(C)no1
",0.44072616,C,1,2.0
24768,"CC(C)OCC[NH+]1CCCC[C@@H]1[C@@H](C)O
",0.44072598,C,1,2.0
8626,"CC(C)(C)[C@H](C#N)c1ccccc1
",0.44072592,C,1,2.0
30726,"C[C@@H](O)CCC(=O)NC[C@H](C)CCO
",0.44072592,C,1,2.0
4906,"CC1C[NH+]([C@H]2COC[C@@H]2C(=O)[O-])C1
",0.44072592,C,1,2.0
476,"CC(C)c1ccccc1[C@H](N)C[NH3+]
",0.44072586,C,1,2.0
35108,"O=C([O-])c1[nH]nc2c1CCC2
",0.44072583,C,1,2.0
32151,"C[NH2+]Cc1ccccc1OC(C)C
",0.44072577,C,1,2.0
27175,"C[NH2+][C@H]1[C@@H](C[NH+]2CCC(C(C)(C)C)CC2)CCC1(C)C
",0.44072568,C,1,2.0
24464,"CC(C)(O)C(=O)Nc1ccccc1
",0.44072568,C,1,2.0
37478,"CC(C)[NH2+]C[C@@H](C)C(=O)OC(C)(C)C
",0.44072565,C,1,2.0
32344,"O=CO[C@H]1CC[C@@H]2CCCC[C@@H]2C1
",0.44072565,C,1,2.0
19610,"c1cc([C@@H]2C[C@H]2C[NH2+]C2CC2)ccc1C1CC1
",0.44072565,C,1,2.0
12903,"CCc1ccc(CC2(C)C[NH2+]C2)s1
",0.4407256,C,1,2.0
19385,"Cc1ccc([C@H](C[NH3+])S(=O)(=O)c2ccc(C)cc2)cc1
",0.44072556,C,1,2.0
39176,"Cc1nc(C(F)(F)F)nc(C2=CN=NC2)c1C
",0.44072548,C,1,2.0
7398,"CCC[NH+]1CCN(CC(C)(C)CS)CC1
",0.44072536,C,1,2.0
30776,"O=C(CCC1CCCCC1)NNC(=O)C1CCC1
",0.44072536,C,1,2.0
31093,"O=C([O-])CCNC(=O)C1CCCC1
",0.44072536,C,1,2.0
9662,"CCOn1c(=O)c(=O)n(OCC)c2ccccc21
",0.44072524,C,1,2.0
25582,"CC[C@H]([NH2+][C@@H]1CCCC1(C)C)C(=O)[O-]
",0.44072524,C,1,2.0
18974,"CC(C)[NH+](C1CCCC1)C1C[C@@H](C)O[C@H](C)C1
",0.44072518,C,1,2.0
25384,"CCOC(=O)[C@@](C)(O)C(CC)CC
",0.44072515,C,1,2.0
17977,"Cc1cccc(C)c1OC1C[NH2+]C1
",0.44072515,C,1,2.0
16577,"CC1(C)CC[C@H](S(=O)(=O)C2CCOCC2)[C@H]1[NH3+]
",0.440725,C,1,2.0
2784,"CC(C)(C)c1cc2c(c(C(C)(C)C)c1)OCCOCCOCCOCCO2
",0.44072482,C,1,2.0
31630,"S=C(NCC1CCCCC1)NC1CCCCCC1
",0.44072482,C,1,2.0
14947,"CC[C@H]1C[NH2+][C@H](C(C)(C)C)CN1CC1C(C)(C)C1(C)C
",0.44072473,C,1,2.0
3971,"CC(C)[NH2+]CC/C=C/[C@H]1CCC[C@H](C)C1
",0.44072473,C,1,2.0
3536,"C=CC[C@](C)(O)C[NH2+]CC(C)C
",0.44072467,C,1,2.0
2175,"CCCC1C[NH+]([C@H](C)[C@H]2CCC[NH2+]C2)C1
",0.44072464,C,1,2.0
939,"C[C@H](CCO)C[NH2+]CCC(C)(C)O
",0.44072458,C,1,2.0
31841,"COC[C@H](C)NC(=O)N[C@H](C)CSC
",0.44072458,C,1,2.0
17004,"C[C@@H](O)CNC(=O)NC[C@H]1CCS(=O)(=O)C1
",0.44072452,C,1,2.0
2291,"Cc1nn(CC[C@H]2CCC[C@H]2[NH3+])c(C)c1C
",0.44072452,C,1,2.0
14424,"C1CC[NH+]2CCCN([C@@H]3CC[NH+]4CCC[C@H]34)C[C@@H]2C1
",0.4407245,C,1,2.0
29517,"c1cnc(CC2CC[NH2+]CC2)nc1
",0.44072443,C,1,2.0
17387,"Cc1ccc(F)c(Br)n1
",0.44072443,C,1,2.0
7605,"C/C(C(=O)[O-])=C1/CCCSC1
",0.4407244,C,1,2.0
21786,"CC1(C)CSC[C@](C#N)(N2CCCCC2)C1
",0.4407244,C,1,2.0
16206,"C=C(C)[C@@H]1CC(N)=C(C(C)=O)C1
",0.44072434,C,1,2.0
2488,"CCN1CC[NH+](C2C[C@H](C)C[C@@H](C)C2)CC1
",0.4407243,C,1,2.0
24385,"C=C(C)[C@@H](O)c1cc(F)c(F)c(F)c1
",0.4407241,C,1,2.0
12208,"C[NH+](C)CCC1=CC[C@@H]2C[C@H]1C2(C)C
",0.440724,C,1,2.0
11298,"O=C([O-])[C@H]1C=C[C@H](NC(=O)C23CC4CC(CC(C4)C2)C3)C1
",0.440724,C,1,2.0
4117,"O=C1CCC(=O)N1C[C@H]1C[C@@H]2CC[C@H]1C2
",0.44072393,C,1,2.0
27836,"C[C@@H]1CC[C@H]([NH+]2[C@@H](C(=O)[O-])C[C@H]3CCCC[C@H]32)C1
",0.4407238,C,1,2.0
11766,"CCCC1(Cc2c(C)cc(C)cc2C)C[NH2+]C1
",0.4407238,C,1,2.0
25911,"[O-][N+]1=C(c2ccccc2)C(c2ccccc2)=[N+]([O-])[C@@H]2CCCC[C@H]21
",0.44072375,C,1,2.0
6999,"Cc1cc(CCO)ccc1Br
",0.4407236,C,1,2.0
7709,"CCN[C@@H]1[C@H]([NH+]2CCC[C@H]3CCC[C@@H]32)CCC1(C)C
",0.4407236,C,1,2.0
28982,"CCCCC[C@@H](C)[NH2+][C@H]1CC[C@H]([NH3+])C1
",0.4407236,C,1,2.0
24697,"CN(/C(N)=[NH+]/N)C1CCC(C)(C)CC1
",0.4407236,C,1,2.0
34417,"C[NH+](C)CCSc1ncccc1N
",0.4407236,C,1,2.0
37258,"CC[C@H](O)c1cc(C(F)(F)F)cc(C(F)(F)F)c1
",0.44072357,C,1,2.0
20326,"CCCC(=O)NC1CCCCC1
",0.44072357,C,1,2.0
18665,"O=c1[nH]cnc2[nH]c(Br)nc12
",0.4407235,C,1,2.0
20366,"CC[NH+]1CCN(CCCl)CC1
",0.4407235,C,1,2.0
29556,"Fc1ccc(C2CC[NH2+]CC2)cc1F
",0.44072348,C,1,2.0
5198,"C[C@H]1SCCC[C@@]1(C(=O)[O-])[NH+]1CCCC1
",0.44072348,C,1,2.0
2237,"CCC(CC)(NC(=O)N(C)CCS(C)(=O)=O)C(=O)[O-]
",0.44072348,C,1,2.0
29077,"C[C@@H]1C[NH+](CCc2ccc(N)cc2)C[C@H]1C
",0.44072342,C,1,2.0
7140,"Cn1nccc1CBr
",0.44072342,C,1,2.0
5197,"[NH3+][C@]1(CO)CC[C@@H]([NH+]2CCC[C@@H]3CCC[C@H]32)C1
",0.44072342,C,1,2.0
21383,"CCN(CC)C(=O)CC1(C(=O)[O-])CCCCCCCCCCC1
",0.44072333,C,1,2.0
31401,"COC(C)(C)c1noc(CC(C)(C)[NH3+])n1
",0.44072333,C,1,2.0
12080,"CO[C@H](C)c1ncc(C=O)cn1
",0.44072327,C,1,2.0
16807,"CC1=C(C)C(=O)N([C@@](C)(C(=O)[O-])C(F)(F)F)C1=O
",0.44072327,C,1,2.0
28746,"CC(C)Cn1cncc1CCl
",0.44072318,C,1,2.0
33702,"[NH3+]C1(CC(=O)N2CCC[NH2+]CC2)CCC1
",0.44072306,C,1,2.0
7148,"CC(C)CC(=O)OC[C@H]1CC[NH2+]C1
",0.440723,C,1,2.0
28474,"C[C@@H](C[NH3+])Cc1nccs1
",0.44072297,C,1,2.0
33374,"O=C([O-])CC[P@@](=O)([O-])C[NH+]1CCCCC1
",0.44072285,C,1,2.0
24346,"O=C([O-])/C=C/c1ccc(I)cc1
",0.44072285,C,1,2.0
16246,"C=C1C=CC(NC(=S)NC)=CC1
",0.44072285,C,1,2.0
31852,"CC[C@](C)([NH3+])C[NH+](C)C1CCC(C)(C)CC1
",0.44072285,C,1,2.0
12945,"C=C(C)[C@@](C)(O)c1ccc(Cl)cc1
",0.44072273,C,1,2.0
22068,"COC[C@@H](N)C(C)(C)[NH+]1CCCC1
",0.44072267,C,1,2.0
30647,"O=C(N[C@@H]1CC[C@@H]2CCCC[C@@H]2C1)C1CC1
",0.44072264,C,1,2.0
3394,"O=C1c2ccccc2[C@@H]2C(=O)c3ccccc3[C@H]12
",0.4407225,C,1,2.0
22518,"CC[C@H]1C[NH2+][C@H](C(C)C)CN1C1C(C)(C)C1(C)C
",0.4407225,C,1,2.0
28109,"CCCC[C@@H](C)[NH2+][C@H]1CC(C)(C)OC1(C)C
",0.4407224,C,1,2.0
13536,"C[C@H](NC(N)=O)C(=O)N[C@@H](CO)C(=O)[O-]
",0.4407224,C,1,2.0
39651,"CC(C)CS(=O)(=O)N(C)CC(C)(C)O
",0.44072235,C,1,2.0
14261,"CCC(CC)C(=O)Nn1cnnc1
",0.44072232,C,1,2.0
36086,"CCCOCCO[C@H]1CCCC(C)(C)[C@H]1[NH3+]
",0.44072232,C,1,2.0
6199,"Brc1ccnc2ccccc12
",0.44072226,C,1,2.0
5960,"Brc1ccc(/C=N\n2cncn2)cc1
",0.44072217,C,1,2.0
21066,"CC(C)(C)C(=O)NNC(=O)C(O)(c1ccccc1)c1ccccc1
",0.44072214,C,1,2.0
37370,"C[C@H]1CCC[C@@]1(O)C1(C#N)CCCCC1
",0.44072214,C,1,2.0
11993,"C/C(=N/O)C(=O)O[C@H]1C[C@@H](C)CC[C@@H]1C(C)C
",0.44072208,C,1,2.0
27523,"N#C[C@H](c1ccccc1)N(Cc1ccccc1)Cc1ccccc1
",0.44072205,C,1,2.0
33048,"CC1(C)C[C@@H](N=C=S)CCO1
",0.44072193,C,1,2.0
35354,"CC[C@H](C[NH3+])[C@@](C)(O)CCOC
",0.44072193,C,1,2.0
1452,"CC1(C)CCC[C@]([NH3+])([C@@H]2CCOC3(CCCCC3)C2)C1
",0.44072193,C,1,2.0
5795,"C[C@H]1[C@H](C(=O)[O-])CC[NH+]1[C@@H]1CCCC1(C)C
",0.44072193,C,1,2.0
8030,"C=CC[NH2+]Cc1ccc(C)o1
",0.44072193,C,1,2.0
7119,"CCN[C@@H](C#N)CC(=O)NC(C)C
",0.44072193,C,1,2.0
38601,"CC[NH2+][C@@H]1[C@H]([NH+](CC)CC)CCCC1(C)C
",0.4407219,C,1,2.0
29843,"C[NH2+]C[C@@H]1CCCO[C@H]1C(C)(C)C
",0.4407219,C,1,2.0
15465,"O=C1CSC([N-]N/C=C2/C=CC=CC2=O)=N1
",0.44072184,C,1,2.0
15120,"CCC[NH2+]CC[C@@H](C)[NH+]1C[C@@H](C)[C@@H](C)C1
",0.44072184,C,1,2.0
23170,"O=C(C[C@H]1CCS(=O)(=O)C1)N(CC1CC[NH2+]CC1)C1CC1
",0.44072175,C,1,2.0
24008,"CC1(C)C[C@@](C#N)(NC2CCCC2)C(C)(C)O1
",0.44072175,C,1,2.0
25180,"COC(=O)CNC(=O)[C@@](C)(N)C(F)(F)F
",0.44072175,C,1,2.0
7376,"CCO[C@H](C)C(=O)OCC(=O)NC(C)C
",0.44072175,C,1,2.0
8992,"CC[C@@H](C)C[NH+](CC)C[C@@H]1C[C@H](C)CC[C@@H]1[NH2+]C
",0.44072172,C,1,2.0
8373,"C#CC[n+]1c(C)sc2ccccc21
",0.44072172,C,1,2.0
35228,"O=C(Cl)[C@H](Cl)c1ccccc1
",0.44072163,C,1,2.0
20103,"C[C@]([NH2+]C[C@H]([O-])C(F)(F)F)(C(=O)[O-])C(F)(F)F
",0.44072157,C,1,2.0
17155,"CS(=O)(=O)CCSc1c(F)c(F)nc(F)c1F
",0.44072157,C,1,2.0
21503,"CC1(C)[C@H]2CC[C@@H](O)[C@@]3(C)CC[C@](C)(O)[C@H]3[C@H]21
",0.44072148,C,1,2.0
28270,"C[C@@H]1C[NH2+]C[C@H](c2cc(F)cc(F)c2)O1
",0.44072148,C,1,2.0
10378,"C[C@H]1CCC[C@](C[NH3+])(C2([O-])CCC2)C1
",0.44072148,C,1,2.0
21816,"COCC[C@H](C)C(=O)N[C@@H](C)COC
",0.44072142,C,1,2.0
39413,"CCC1CCC(C[NH3+])([NH+](C)[C@@H](C)CC)CC1
",0.44072142,C,1,2.0
34287,"C[NH2+][C@@H](C[NH3+])c1ccc(F)c(Br)c1
",0.4407214,C,1,2.0
34608,"CCc1cccc(C(F)(F)F)c1
",0.4407214,C,1,2.0
20944,"CC(C)[C@@H](CO)NC(=O)CC(C)(C)CC(=O)[O-]
",0.4407214,C,1,2.0
1372,"Cc1cc(C)cc(OCCC#N)c1
",0.44072133,C,1,2.0
5952,"CCC[NH+]1CCC(N(C)CCS(N)(=O)=O)CC1
",0.4407213,C,1,2.0
34465,"CCCCC[C@@H]([NH2+]C)c1ccc(F)cc1
",0.4407213,C,1,2.0
17533,"CCCOC[C@@H]([NH3+])[C@H]1COCCO1
",0.4407213,C,1,2.0
29917,"COc1ncc(C#N)c(OC)n1
",0.44072124,C,1,2.0
4660,"CC[C@@H]1CCC[NH+]([C@@H]2CCC(C)(C)[C@@H]2N)CC1
",0.4407212,C,1,2.0
22462,"COS(=O)(=O)Cc1ccccc1
",0.4407212,C,1,2.0
13849,"CCC[C@H](CC)NS(=O)(=O)CCO
",0.44072115,C,1,2.0
21022,"CN[C@](C)(C#N)C[C@@H](C)SC[C@@H](C)CO
",0.44072115,C,1,2.0
11630,"[NH3+][C@H]1CC[C@@H]([NH2+]C[C@@H]2CCCCO2)C1
",0.44072106,C,1,2.0
36253,"C=CC[C@]1(O)CCO[C@](C)(CC)C1
",0.44072106,C,1,2.0
24280,"C[C@H]1C[NH+]2CCC[C@@H]2CN1C[C@@H]1CC[C@@H]2CCCC[C@@H]2[NH2+]1
",0.44072098,C,1,2.0
37408,"CCC[NH2+][C@@H]1CCC[C@H]([NH+]2CCC[C@H](CC)CC2)C1
",0.44072092,C,1,2.0
39193,"CCC([NH3+])(CC)CN1CCN(S(C)(=O)=O)CC1
",0.4407209,C,1,2.0
12642,"CCOCCN(C)C(=O)C(C)(C)CC
",0.44072083,C,1,2.0
28521,"C#C[C@H](CO)[NH2+]Cc1ccccc1
",0.44072083,C,1,2.0
32830,"CC(C)[NH+]1CCC[C@H]1CC(=O)[O-]
",0.44072068,C,1,2.0
24738,"C[C@@H](C[NH+]1CCCCC1)[NH2+][C@@H]1CCCS[C@@H]1C
",0.44072065,C,1,2.0
14496,"CC(C)(C)C[C@H](C[NH3+])c1ccncc1
",0.4407206,C,1,2.0
12165,"Cc1noc(C)c1NC(N)=O
",0.4407206,C,1,2.0
26265,"COC1CCN([C@H]2CCC[C@H]([NH3+])C2)CC1
",0.4407205,C,1,2.0
29408,"Brc1ccc(-n2cnnn2)nc1
",0.44072047,C,1,2.0
11795,"C[C@H]1CCC[C@H](C(C)(C)C(=O)[O-])C1
",0.44072047,C,1,2.0
1504,"Nc1cc2[nH]c(=O)[nH]c2cc1Br
",0.44072038,C,1,2.0
14876,"CNC(=O)CC[NH+]1CCC(OC)CC1
",0.44072038,C,1,2.0
10100,"Cc1ccc(OC(F)(F)F)cc1
",0.44072038,C,1,2.0
29102,"CCOc1ccccc1Oc1ccccc1[C@@H](C)[NH2+]C
",0.44072026,C,1,2.0
37,"CC(C)N[C@H](C#N)CSC[C@H](O)CO
",0.44072026,C,1,2.0
39984,"COc1ccccc1[C@@H](O)[C@H](C)C#N
",0.44072014,C,1,2.0
34961,"CC[C@H](C)CN(CC)c1ccc(C[NH2+]C)nn1
",0.44072014,C,1,2.0
22857,"O=S1(=O)CC[C@@H](CC2[NH+]=c3ccccc3=[NH+]2)C1
",0.44071996,C,1,2.0
23134,"C[C@H]1CC[NH2+][C@H]1c1ccccc1
",0.44071975,C,1,2.0
2483,"CN(C)c1ccc(CC(=O)[O-])cc1
",0.44071972,C,1,2.0
28385,"CC[NH2+][C@H]1CC[C@@H](SC[C@@H](C)CO)C1
",0.44071972,C,1,2.0
13088,"[NH3+]C[C@@H]1CC[C@@H](C[NH2+]C[C@@H]2CCOC2)O1
",0.44071966,C,1,2.0
24222,"CCCN1CCC([NH2+]C2C(C)(C)C2(C)C)CC1
",0.44071966,C,1,2.0
30272,"O=[N+]([O-])c1ccc(SCCCBr)cc1
",0.44071963,C,1,2.0
26295,"NN1CCO[C@H]2CCCC[C@@H]21
",0.44071963,C,1,2.0
36797,"CCCC(O)(CCC)[C@@]1(C)CC[C@@H](C(=O)[O-])C(C)(C)O1
",0.44071963,C,1,2.0
38789,"C[N+](C)(C)C[C@@H](O)COCCC12CC3CC(CC(C3)C1)C2
",0.44071963,C,1,2.0
26662,"CSCC(=C=O)Cc1ccccc1
",0.44071957,C,1,2.0
27491,"CC(=O)/C(=C\c1ccccc1)S(=O)(=O)c1ccccc1
",0.44071954,C,1,2.0
508,"CCC1(CC)CC[NH+]([C@](CC)(C[NH3+])COC)C1
",0.44071954,C,1,2.0
21447,"O=C([O-])c1nc(Cl)ncc1Br
",0.44071946,C,1,2.0
33799,"CC[C@@H](CS)Cn1cc(Br)cn1
",0.4407194,C,1,2.0
34003,"CC1CCC([NH2+]CCCS(C)(=O)=O)CC1
",0.44071934,C,1,2.0
37230,"C[C@@H]1CC[NH+]1[C@H](C(=O)[O-])C1CC1
",0.44071934,C,1,2.0
22749,"CN[C@@H]1[C@@H](C[NH+](C)CCO)C(C)(C)OC1(C)C
",0.44071934,C,1,2.0
10638,"CC[C@@](C)([C@H](CCC(F)(F)F)NC)[NH+](C)C
",0.44071934,C,1,2.0
587,"FC(F)(c1ccccc1)c1ccccn1
",0.44071934,C,1,2.0
24381,"CC[C@H]([NH3+])[C@H](C)N1CC[NH+]2CCCC[C@@H]2C1
",0.4407193,C,1,2.0
7214,"c1ccc([C@H]2COC[C@@H]2c2ccccc2)cc1
",0.44071922,C,1,2.0
30744,"C[C@@H]1C[NH+]([C@@H](C)C(=O)N2CC[NH2+]CC2)C[C@@H]1C
",0.44071922,C,1,2.0
534,"CC[NH2+][C@]1(C(N)=O)CCCCC1(C)C
",0.44071913,C,1,2.0
34464,"CCOc1ccc([C@]2(C)NC(=O)NC2=O)cc1
",0.44071907,C,1,2.0
16028,"C[C@H](CC1CC1)[NH2+]C[C@@](C)(O)C[NH+](C)C
",0.44071907,C,1,2.0
1022,"CN1C(=O)C2=NN=N[C@H]2N(C)C1=O
",0.44071907,C,1,2.0
32459,"CCC(CC)[C@H](O)[C@@H]1CCCO1
",0.44071907,C,1,2.0
33018,"C[NH+](CC[NH2+]C(C)(C)C)C1CCCCC1
",0.44071907,C,1,2.0
20069,"C[C@H](O)CCC(=O)N[C@H](C)C[NH+]1CCCC1
",0.4407189,C,1,2.0
973,"CN(CC[C@H]1CCCC1=O)C1CC[NH2+]CC1
",0.4407189,C,1,2.0
38980,"COC[C@H](O)CC1(C(=O)[O-])CC1
",0.4407189,C,1,2.0
16795,"CCC[NH+]1CCC(O)(C[C@@H]2C[C@H]3CC[C@@H]2C3)CC1
",0.4407188,C,1,2.0
6684,"c1ccc2c[n+](CCOCC[n+]3ccc4ccccc4c3)ccc2c1
",0.44071874,C,1,2.0
15940,"CCCCSc1nnc(SC(C)C)s1
",0.44071862,C,1,2.0
31312,"COC[C@H](N)C(C)(C)[NH+]1CCCCC1
",0.44071862,C,1,2.0
31881,"C[C@@H]1CN(S(=O)(=O)NCCNS(C)(=O)=O)C[C@@H](C)O1
",0.44071862,C,1,2.0
38622,"CCCCC[NH+]1CCN(C[C@@H]2CCCC[NH+]2C)CC1
",0.4407185,C,1,2.0
18540,"C1=C(c2ccccc2)N=N[C@@H]1[C@@H]1NN[C@H]2SC(c3ccccc3)=NN21
",0.4407185,C,1,2.0
35648,"CC[NH2+][C@@H](C)[C@H]1CCCC(C)(C)CC1
",0.4407184,C,1,2.0
3247,"Cc1ccc(Cl)cc1C[NH3+]
",0.4407184,C,1,2.0
37914,"CC(C)N(CC(F)(F)F)C(=O)Cl
",0.4407184,C,1,2.0
3480,"O=C(c1ccccc1)N1CCCS1(=O)=O
",0.4407184,C,1,2.0
37315,"Cc1sc2ncnc(Cl)c2c1C
",0.4407184,C,1,2.0
31622,"CCOC(=O)[C@@H](C)[NH+]1C[C@@H](C)[C@H](C)C1
",0.44071832,C,1,2.0
27253,"C[C@@H](CCC(=O)[O-])CC[NH+]1CCCCC1
",0.44071832,C,1,2.0
285,"CNc1nc2ncnc(N(C)C)c2[nH]1
",0.4407183,C,1,2.0
21421,"CC[NH2+][C@@H](C)C[C@H]1CCCCC[NH2+]1
",0.4407183,C,1,2.0
11095,"C[NH+]1CC[C@@H](NCC(=O)[O-])C1
",0.4407183,C,1,2.0
10430,"CC(C)[NH2+][C@]1(CO)CCC[C@H]([NH+]2CCCC2)C1
",0.44071823,C,1,2.0
27303,"Nc1cc[n+](C[C@@H](O)CO)cc1
",0.44071823,C,1,2.0
25580,"CC(C)[C@@H](C)NS(=O)(=O)c1ccc(C(C)(C)C)cc1
",0.44071823,C,1,2.0
21685,"CC(C)(C)NS(=O)(=O)c1ccc(Br)cc1
",0.4407182,C,1,2.0
7159,"CC(C)CCC[C@H](C)N1CC[C@H]([NH3+])[C@H](C)[C@H]1C
",0.4407182,C,1,2.0
17999,"CCC(CC)(C(=O)[O-])n1nnnc1C(C)C
",0.4407182,C,1,2.0
1779,"Cc1ccc([S@](=O)O)cc1Cl
",0.440718,C,1,2.0
11662,"[NH3+]CCOCC[NH+]1CC[C@@H]2CCCC[C@@H]2C1
",0.44071797,C,1,2.0
4986,"CCC(CC)[C@H](C(=O)[O-])c1ccccc1
",0.44071797,C,1,2.0
22553,"CC(C)[C@@H]1CC[C@H](C)C[C@H]1OCC(=O)Cl
",0.44071782,C,1,2.0
7238,"CC(C)(Br)C1OCc2ccccc2CO1
",0.4407178,C,1,2.0
23796,"[NH3+]CCCCCc1ccco1
",0.4407178,C,1,2.0
3537,"CCC(CC)([C@H](O)c1ccc(C)s1)[NH+](C)C
",0.4407178,C,1,2.0
34702,"C[NH+](C)C(C)(C)[C@@H](O)Cc1ccccc1
",0.44071767,C,1,2.0
27957,"C=C(CC)C[C@H](O)C1([NH+]2CCCC2)CCCC1
",0.44071767,C,1,2.0
8405,"C[C@H]1C[C@@H]([NH2+]CC(C)(C)O)CS1
",0.44071764,C,1,2.0
20010,"C[C@H](CN[C@H]1CC[NH+](C)C1)[NH+]1CCCC1
",0.44071764,C,1,2.0
33637,"CCC(=O)N[C@@H]1CCC[C@H](C)[C@@H]1C
",0.44071758,C,1,2.0
37786,"C[NH+](CCc1ccccc1)CC1(CS)CC1
",0.44071755,C,1,2.0
9701,"CC[C@@H](C)C[NH2+][C@H](C(N)=O)C(C)(C)C
",0.44071755,C,1,2.0
1137,"CC(C)[C@H](CO)NC(=O)C[C@H]1C=CCC1
",0.4407175,C,1,2.0
12585,"CSc1ccc(/C=N/c2ccc(F)cc2)cc1
",0.4407175,C,1,2.0
28092,"CC[C@H](CCO)C[NH2+]C[C@@H](C)C#N
",0.4407175,C,1,2.0
15307,"Cc1ccc(CC(N)=S)cc1
",0.44071746,C,1,2.0
91,"CCOC[C@]1(O)C[C@H](C)CC(C)(C)C1
",0.4407174,C,1,2.0
3667,"C[NH2+][C@@]1(C(=O)[O-])CCC[C@H]([NH+]2CCC[C@H]3CCCC[C@@H]32)C1
",0.4407174,C,1,2.0
32354,"CC(C)(CCBr)c1ccc(F)c(F)c1
",0.4407173,C,1,2.0
2599,"Cc1ccccc1[C@H](NS(C)(=O)=O)C(C)C
",0.4407173,C,1,2.0
24970,"CCC[C@@H](C)[C@H]([NH2+]CC)[C@@H](C)c1ccncc1
",0.4407173,C,1,2.0
32356,"C1C[C@H](O[C@H]2CCO[C@]3(CCOC3)C2)C[NH2+]1
",0.44071725,C,1,2.0
31167,"CC(C)(C)C(=O)C[NH+]1CCCC[C@H]1C(=O)[O-]
",0.44071722,C,1,2.0
14347,"CC(C)[C@@H]1CCC[C@H]([NH+](CC2CC[NH2+]CC2)C2CC2)CC1
",0.44071722,C,1,2.0
3505,"CC1(C)C[C@@](O)(C2(C[NH3+])CCCCCC2)C(C)(C)O1
",0.44071713,C,1,2.0
19454,"CN(C(=O)[C@@H]1CCOC1)C1CCC([NH3+])CC1
",0.44071713,C,1,2.0
5004,"CN1C(=O)NC(=O)[C@@]12CCC[NH2+]C2
",0.44071707,C,1,2.0
16470,"N#C[C@H](Cl)C(=O)c1ccccc1
",0.44071704,C,1,2.0
38912,"CNC(=S)N/N=C/c1cnccn1
",0.44071704,C,1,2.0
24747,"Cc1ccnc(C[C@@H](C)O)c1
",0.44071704,C,1,2.0
8645,"CC(C)[C@@H](NC(=O)N[C@H]1CCS(=O)(=O)C1)C(=O)[O-]
",0.44071704,C,1,2.0
7233,"CC[C@@H](C)[NH2+]C[C@H]1CCC[C@@H]1Cl
",0.44071704,C,1,2.0
39321,"CCCCOC(=O)C[NH2+]C1C(C)(C)C1(C)C
",0.44071683,C,1,2.0
13396,"CC1CCC(NC(=O)N2CCC[C@H](C)C2)CC1
",0.44071674,C,1,2.0
9801,"C=C(C)C(=O)OCC[C@@H](C(C)=O)C(=O)[O-]
",0.44071674,C,1,2.0
16458,"CC[C@](C)([C@@H]([NH2+]C)C1CCCC1)[NH+]1CCCCC1
",0.44071674,C,1,2.0
23599,"CCCCCC[NH2+][C@@H]1CCCS[C@@H]1C
",0.44071674,C,1,2.0
20260,"CC(C)[C@@H]([NH2+]CC(C)(C)C[C@H](C)O)C1CC1
",0.4407167,C,1,2.0
39004,"CC[NH+](CC)[C@H]1CCC(=O)C1
",0.4407167,C,1,2.0
39128,"CCc1nc(CCl)cs1
",0.4407167,C,1,2.0
18695,"O=c1ccc(SC(F)(F)F)c[nH]1
",0.44071662,C,1,2.0
37600,"CCC(CC)[C@@H](O)[C@]1(C[NH3+])CC[C@H](C)C1
",0.44071662,C,1,2.0
20834,"CCCC[NH+](C[C@H]1CC[C@@H]2CCCC[C@@H]2[NH2+]1)C1CC1
",0.44071656,C,1,2.0
19011,"CCCCC[NH+]1CCC[C@@H](C(N)=O)C1
",0.44071648,C,1,2.0
29456,"CC(C)[NH2+][C@@]1(CO)CS[C@@H](C)C1
",0.4407164,C,1,2.0
6412,"FC(F)C(F)(F)[C@@H](Cl)c1ccc(Cl)c(Cl)c1
",0.4407164,C,1,2.0
12377,"C[C@H]([C@H]1CCC[NH2+]C1)N1CCOCC1
",0.4407162,C,1,2.0
32674,"C[C@H](O)[C@H](C)[C@H](C(=O)[O-])c1ccccc1Br
",0.44071612,C,1,2.0
2324,"C#CCNC(=O)C[NH+](C)C[C@@H](C)C(=O)NC
",0.44071612,C,1,2.0
4513,"C/C=C/C=C/C(=O)N[C@@](C)(C(=O)[O-])C(F)(F)F
",0.44071612,C,1,2.0
32861,"NC(=O)c1ccc(N)c(Br)c1
",0.44071606,C,1,2.0
9119,"OCCC[NH+]1CCN(c2ccccc2)CC1
",0.44071603,C,1,2.0
33182,"Cc1c(O)cccc1C(F)(F)F
",0.44071597,C,1,2.0
5988,"CC[NH+](C(C)C)[C@@]1(C[NH3+])CCCCC1(C)C
",0.4407159,C,1,2.0
20769,"CC1=C[C@H](C)Oc2cc(O)c(O)cc21
",0.4407159,C,1,2.0
9956,"C[NH2+][C@H]1c2cc(F)c(F)cc2[S@](=O)[C@@H](C)[C@H]1C
",0.44071588,C,1,2.0
32646,"CN(CC[NH+](C)C)Cc1ccc([S@@](C)=O)cc1
",0.44071588,C,1,2.0
14581,"C[C@H]1CC(N2CC[C@H]([NH+]3CCCC3)C2)C[C@@H](C)O1
",0.44071588,C,1,2.0
26491,"O=C(C[NH+]1CCNCC1)N1CCCCC1
",0.44071582,C,1,2.0
38379,"CC1(C)OC(=O)C=C(C(F)(F)F)O1
",0.44071582,C,1,2.0
36950,"[NH3+]CCN1CCN(S(=O)(=O)C2CC2)CC1
",0.44071582,C,1,2.0
25306,"CN(CC[C@@H]([NH3+])CO)CCS(C)(=O)=O
",0.4407158,C,1,2.0
11985,"C[NH+](C)[C@H]1CCN([C@@]2(CN)CC(C)(C)OC2(C)C)C1
",0.4407158,C,1,2.0
31850,"FC(F)(F)C1(C(F)(F)F)[NH2+][C@@H]2[C@H](OCCCl)C[C@H]1[C@H]2Cl
",0.44071573,C,1,2.0
29919,"NC(=O)c1ccccc1/C=C/c1ccccc1
",0.44071573,C,1,2.0
13345,"C[NH2+]CCN1CCCC[C@H]1CCO
",0.44071564,C,1,2.0
25194,"CC(C)[C@H](C)C(=O)N[C@H]1CCC[NH2+][C@H]1C
",0.44071564,C,1,2.0
3772,"Cn1nc(Br)cc1N
",0.44071564,C,1,2.0
10425,"CCC(CC)(CC(=O)NNC(=O)C1CC1)C(=O)[O-]
",0.4407156,C,1,2.0
11460,"CCC[NH2+][C@H]1CC[C@@H]([NH+]2CCC(C[NH+]3CCCC3)CC2)C1
",0.44071546,C,1,2.0
27246,"CC(C)[C@@H](CO)NC(=O)[C@H]1CC=CC[C@H]1C(=O)[O-]
",0.4407154,C,1,2.0
3316,"O=C(C[NH2+][C@@H]1CCCC[C@H]1C1CCCCC1)NC1CC1
",0.4407154,C,1,2.0
38277,"CC[C@H]([NH3+])C(=O)N(C)c1snc(C)c1C(=O)[O-]
",0.44071537,C,1,2.0
14500,"C[NH+](CC1CCCC1)[C@@](C)(C[NH3+])C1(C)CC1
",0.44071537,C,1,2.0
13028,"O=C1NC(=S)N[C@@H]2N=CN[C@@H]12
",0.44071537,C,1,2.0
15187,"CCC[C@@H](C)[NH+](C)C[C@@H]1CCCC(C)(C)[C@@H]1[NH3+]
",0.4407153,C,1,2.0
15880,"CCOC(=O)C(=O)NNC(=O)C=C(CC)CC
",0.4407153,C,1,2.0
31326,"N#CCCSc1ccccc1N
",0.44071528,C,1,2.0
36939,"CC1(C)C[C@H](O)c2ccccc21
",0.44071528,C,1,2.0
33331,"CS/C(=N\c1ccc(Cl)cc1)N(C)C
",0.44071528,C,1,2.0
1751,"CC(C)CC[NH2+][C@H]1CS(=O)(=O)C[C@H]1O
",0.44071522,C,1,2.0
1361,"C=CCCC[C@@]1(C(=O)[O-])CC[C@H](C)C1
",0.4407152,C,1,2.0
10374,"C[NH+](C)CCOc1ccccc1C(=O)[O-]
",0.4407152,C,1,2.0
3511,"CC[C@H](C)[C@H](O)c1ccc(Br)cc1F
",0.4407152,C,1,2.0
11267,"O=S(=O)(N1CCCCC1)N1CCOC2(CCCC2)C1
",0.44071513,C,1,2.0
26755,"[NH3+]C[C@H](Cc1ccccc1)Cc1ccc(O)cc1
",0.440715,C,1,2.0
15446,"CN(C)C(=O)N1CCC[C@H]1C#N
",0.44071496,C,1,2.0
37286,"N#CC(CN1CCOCC1)CN1CCOCC1
",0.4407149,C,1,2.0
1926,"C[C@@H]1C[C@]1(O)CC[C@@H]1CCCO1
",0.4407149,C,1,2.0
284,"C[C@@H](CO)CSCC[C@@H]1CCCC[NH2+]1
",0.4407149,C,1,2.0
35575,"C[NH2+][C@H](c1ccc(OC)c(OC)c1)C(C)(C)OC
",0.4407148,C,1,2.0
4065,"CCC(=O)c1ccc(Cl)cc1
",0.4407148,C,1,2.0
21362,"[N-]=[N+]=NC[C@@H]1CC(F)(F)C(=O)O1
",0.4407148,C,1,2.0
21621,"CCCN1CC(=O)N(CCC(C)=O)CC1=O
",0.44071478,C,1,2.0
34784,"CCC[NH+](CCC)[C@@H]1CCC(=O)C1
",0.44071478,C,1,2.0
15675,"CC(C)OC(=O)N(CC(=O)[O-])C(C)(C)C
",0.44071463,C,1,2.0
37074,"CC[C@@](C)([NH3+])C(=O)NC1CCCCC1
",0.44071463,C,1,2.0
4948,"CC[C@@](O)(COC)c1cscc1Br
",0.44071454,C,1,2.0
38822,"OCc1cncc(-c2ccoc2)c1
",0.44071454,C,1,2.0
9121,"O=C1/C(=C/c2ccc([N+](=O)[O-])cc2)CCC/C1=C\c1ccc([N+](=O)[O-])cc1
",0.44071448,C,1,2.0
5964,"C[C@H](C#N)[C@H](O)c1ccccn1
",0.44071445,C,1,2.0
10818,"C[C@@H]1SCCC[C@]1(C[NH3+])N(C)CC[NH+]1CCCC1
",0.4407144,C,1,2.0
6247,"C[C@H]1C[C@](O)(C2CCOCC2)CS1
",0.4407144,C,1,2.0
3630,"CC(C)OC[C@H](N)c1ccncn1
",0.44071436,C,1,2.0
15211,"Cc1nc(=O)[nH]cc1Br
",0.44071436,C,1,2.0
36648,"C=CCCC[C@H](O)[C@](C)(CC)[NH+]1CCCCC1
",0.44071436,C,1,2.0
31621,"CC(C)C[NH+](CCC1C[C@@H]2CC[C@H](C1)[NH2+]2)C1CC1
",0.44071436,C,1,2.0
11846,"Cc1ccccc1[C@@H]([NH2+]C(CO)CO)c1ccccc1
",0.4407143,C,1,2.0
10962,"CC(C)[C@H](C)[NH2+][C@H]1CCOC2(CCCC2)C1
",0.44071424,C,1,2.0
14648,"CCCc1ccc([C@@H](O)[C@@](C)(CC)[NH+](C)C)cc1
",0.4407142,C,1,2.0
28998,"CC(C)(C)[C@@]1([C@@H]2CCOC3(CCCCC3)C2)CCC[NH2+]1
",0.44071415,C,1,2.0
20418,"CCC1(CC)CC[NH+](CC(=O)C(C)C)CC1
",0.44071415,C,1,2.0
1009,"CC(=O)c1ccc(Br)cc1O
",0.44071412,C,1,2.0
15988,"C[NH+](CCC1OCCCO1)CCS(C)(=O)=O
",0.44071412,C,1,2.0
27729,"CC[NH2+]C[C@@H](C(C)C)N1CCOCC1
",0.44071406,C,1,2.0
1498,"CNc1nc(N)c2c([nH+]1)CCC2(C)C
",0.44071397,C,1,2.0
17460,"C[C@@]12CC3CC(n4cccc4)(C1)C[C@](C)(C3)C2
",0.44071397,C,1,2.0
4899,"CCOC(=O)c1[nH]c(C)c(C(C)=O)c1CC
",0.44071397,C,1,2.0
31120,"CCCC[C@H](CC)[C@H]1OC[C@@H](C[NH+]2CCCCC2)O1
",0.44071394,C,1,2.0
35241,"Cc1ccccc1C[NH2+]Cc1ccccc1Cl
",0.44071394,C,1,2.0
505,"CC1(C)CSC[C@](CO)([NH2+]C2CCCC2)C1
",0.44071388,C,1,2.0
8403,"C[NH+](CC/[NH+]=C(\N)NC1CCCCCC1)C1CCCC1
",0.44071388,C,1,2.0
6229,"C[NH2+][C@H](CC1CCCC1)[C@@H]1CSCCO1
",0.44071388,C,1,2.0
39254,"CC(C)CNC(=O)[C@](C)(N)C(F)(F)F
",0.4407138,C,1,2.0
5854,"CSc1ccccc1[C@@H]([NH3+])c1ccc(C)o1
",0.4407138,C,1,2.0
27295,"CCOC(=O)[C@H](/C(C)=N/NC(=O)OC)C(C)C
",0.4407138,C,1,2.0
28349,"N#CCC[C@@H]1CCCCCCCCCCC1=O
",0.44071373,C,1,2.0
24889,"[NH3+][C@H](CC(=O)[O-])c1ccccc1Br
",0.44071373,C,1,2.0
38400,"C[C@@H](CNC1CC[NH+](C2CCCCC2)CC1)[S@@](C)=O
",0.4407137,C,1,2.0
23994,"c1cc2cc(-c3ccoc3)ccc2[nH]1
",0.44071364,C,1,2.0
36534,"CSCn1nc2ccccc2n1
",0.4407136,C,1,2.0
8225,"CCCC[C@@H](C(=O)[O-])[C@@H](O)C1CC1
",0.4407136,C,1,2.0
622,"C[C@H](O)[C@H](C)n1cc(C=O)nn1
",0.4407136,C,1,2.0
36271,"Nc1cc([N+](=O)[O-])c(F)cc1F
",0.44071352,C,1,2.0
21911,"COC1CC[NH+](C[C@@H]2CCC[C@H](C)C2)CC1
",0.44071344,C,1,2.0
14434,"CC[C@@H]([NH3+])[C@H](SCC[NH+](C)C)c1ccccc1C
",0.44071344,C,1,2.0
7125,"N#CC[NH+](Cc1cccs1)Cc1cccs1
",0.44071332,C,1,2.0
11990,"CC(C)[NH+](CC1CC[NH2+]CC1)C[C@@H]1CCC[C@H](C)C1
",0.44071332,C,1,2.0
10221,"OC[C@H]1CCCC[NH+]1CC1(CS)CCCCC1
",0.44071332,C,1,2.0
15764,"C[S@@](=O)CCNC(=O)[C@@]1(C)CC1(Cl)Cl
",0.44071323,C,1,2.0
38356,"CC(C)[C@@H]1C[C@H](CO)OC1=O
",0.44071323,C,1,2.0
1039,"CCC[NH2+][C@H]1[C@H]([NH+](C)C)CCCC1(C)C
",0.44071323,C,1,2.0
38445,"CCN[C@@H]1CC[C@H](C)C[C@@H]1[NH+](C)C1CCC(C)(C)CC1
",0.44071314,C,1,2.0
23872,"CCC1(CC)CC[NH+]([C@]2(C[NH3+])CCCS[C@H]2C)CC1
",0.44071314,C,1,2.0
10997,"CNC(=O)[C@@H](C)[NH2+][C@H]1CC(C)(C)OC1(C)C
",0.44071314,C,1,2.0
39915,"CC(C)(C)[C@H]1CC[C@H](O)[C@H](C2CCCC2)C1
",0.44071314,C,1,2.0
17312,"CC(C)=C[C@H]1[C@H](C(=O)NC2CC(C)(C)[NH2+]C(C)(C)C2)C1(C)C
",0.44071296,C,1,2.0
32780,"C[NH2+][C@H](CCC(F)(F)F)c1cc(C)c(C)cc1C
",0.44071296,C,1,2.0
30831,"C[C@@H]1OCC[C@@H]1C#CC(=O)[O-]
",0.4407129,C,1,2.0
16289,"Cn1ccc2c3ccsc3ccc21
",0.4407129,C,1,2.0
17220,"CC(C)[NH2+]Cc1cc(C#N)cs1
",0.44071287,C,1,2.0
29406,"C[C@@H]1CCC[NH+]1C1(CC(=O)[O-])CCCCC1
",0.44071278,C,1,2.0
14016,"CC[C@H]([NH2+][C@@H](C)c1c(C)noc1C)C(=O)[O-]
",0.44071278,C,1,2.0
33314,"CCC(CC)[NH+](CC(C)C)[C@H]1CCCC[C@@H]1C[NH3+]
",0.44071272,C,1,2.0
5031,"C[C@H]([NH3+])COCc1ccc(F)cc1
",0.44071272,C,1,2.0
17192,"CCS(=O)(=O)CCC[C@@H]([NH3+])[C@@H]1CSCCS1
",0.4407127,C,1,2.0
2990,"CC(C)[C@@H]([NH2+][C@H](C)C[C@@H]1CCC[NH2+]1)C(=O)[O-]
",0.4407127,C,1,2.0
21898,"CCCOc1ccc([C@H](C)[C@@H]([NH3+])C(C)C)cc1
",0.4407127,C,1,2.0
34716,"CC(=O)[C@H]1CCC[NH+](CC(C)(C)C(=O)[O-])C1
",0.4407127,C,1,2.0
31046,"CSCC[NH2+]Cc1nc(C)c(C)s1
",0.44071263,C,1,2.0
35608,"CC(C)(C[NH3+])[C@H](O)c1ccco1
",0.4407126,C,1,2.0
13063,"C[C@H](C(=O)[O-])[C@H](C)[NH+]1CCN(CCO)CC1
",0.4407126,C,1,2.0
7071,"CC[C@H]1CCC[C@@](O)([C@@]2(C#N)CCC[C@@H](CC)C2)C1
",0.44071248,C,1,2.0
33317,"CC[C@H]([NH3+])Cc1ccc2nnnn2n1
",0.4407124,C,1,2.0
35775,"CCCC1(C(=O)[O-])CC[NH+]([C@H](C)[C@H](C)O)CC1
",0.4407123,C,1,2.0
26483,"CCSCCS(=O)(=O)c1ccccc1
",0.44071227,C,1,2.0
12514,"Cc1cc2c(cc1[N+](=O)[O-])OCO2
",0.4407122,C,1,2.0
7585,"CC[C@@H]1CCCC[C@@H]1[C@H]([NH2+]C)C(C)(C)[NH+]1CCCC1
",0.44071198,C,1,2.0
23041,"CNC(=O)NCC(=O)N(C)C1C2CC3CC(C2)CC1C3
",0.44071198,C,1,2.0
13055,"CCc1cccc(C(C)(C)C)c1N
",0.44071198,C,1,2.0
14457,"c1cnc(OCC[C@@H]2CCC[NH2+]C2)nc1
",0.44071195,C,1,2.0
15536,"CC(C)[NH2+][C@]1(CO)CCC[C@@H]([NH+]2CCCCCC2)C1
",0.44071195,C,1,2.0
34820,"CC1CCC(C[NH3+])(C2(O)C[C@@H](C)C[C@H](C)C2)CC1
",0.44071195,C,1,2.0
19628,"CCCNC(=O)CSCC(F)(F)F
",0.44071186,C,1,2.0
5987,"NC(=O)[C@H]1CCCCN1C(=O)[C@H]1CCCCC[C@@H]1[NH3+]
",0.4407118,C,1,2.0
8654,"CNC(=O)O/N=C(\C)[C@H](C)SC
",0.44071177,C,1,2.0
20830,"CC(C)CS(=O)(=O)CC[C@H]1CCC[C@H]1[NH3+]
",0.44071177,C,1,2.0
14702,"C[C@H]([NH3+])Cc1ccc(Br)cc1F
",0.44071177,C,1,2.0
39591,"C[NH2+]C[C@@H](C)c1c(C)nc(C(C)(C)OC)nc1C
",0.44071177,C,1,2.0
12705,"CCC(CC)N(CC(C)C)C(=O)N[C@H](C)C(=O)[O-]
",0.4407117,C,1,2.0
14850,"CCN(C(=O)CCCO)[C@@H](C)COC
",0.44071165,C,1,2.0
27754,"[NH3+]C1CCN([C@@H]2CCOC3(CCC3)C2)CC1
",0.44071156,C,1,2.0
31110,"Brc1csc(-c2ccoc2)n1
",0.44071156,C,1,2.0
21774,"CC(C)(C)c1nc([C@H]2CCC[NH2+]C2)no1
",0.44071156,C,1,2.0
16507,"CN[C@@H](C[NH+]1CCCC1)C1CC[NH+](C)CC1
",0.44071153,C,1,2.0
12678,"CCC[C@@H](C)[C@@H](CC)[NH2+]C1CCC(O)CC1
",0.44071147,C,1,2.0
16217,"CC(C)Oc1ccc([C@@]2(C(C)C)CCC[NH2+]2)cc1
",0.44071147,C,1,2.0
27325,"CC1=C(C(=O)[O-])C(C)(C)CCC1
",0.44071144,C,1,2.0
12621,"CCC[C@@H](CC)Nc1c(F)c(F)nc(F)c1F
",0.44071138,C,1,2.0
22870,"CC1(C)CCC[C@@](C)(CCC(=O)[O-])C1=O
",0.44071138,C,1,2.0
28179,"[S-]c1nnc2c(Cl)cc(Cl)cn12
",0.44071138,C,1,2.0
28969,"CN(CC(C)(C)C)C(=O)[C@H]1C=C[C@@H]([NH3+])C1
",0.4407113,C,1,2.0
15609,"C[C@H]([NH2+][C@@H]1CCCC[C@@H]1[C@@H]1CCC[NH2+]1)C1CCCC1
",0.4407113,C,1,2.0
30835,"CC[NH+]1CCC[C@@H]1CN(C)/C(N)=N/O
",0.4407113,C,1,2.0
21716,"CC[NH2+][C@@H]1[C@@H]([NH+]2CCCC2(C)C)CCCC1(C)C
",0.4407113,C,1,2.0
4301,"CCC[NH2+][C@@H](C1CC1)C(C)(C)[NH+](C)C
",0.4407113,C,1,2.0
37291,"CC(C)Oc1ncnc(NC[C@H](C)C(C)C)c1N
",0.4407113,C,1,2.0
7828,"COc1ccc(C)cc1[C@H](O)[C@H](C)OC
",0.4407113,C,1,2.0
7576,"CC(C)OCC(=O)[C@@H]1CCC[C@@H](C)C1
",0.44071123,C,1,2.0
12326,"O[C@@H](Cc1c(F)cccc1F)c1c(F)cc(F)cc1F
",0.4407112,C,1,2.0
3114,"CC1(C)CC(=O)C2=CN[C@@H]3CCCC[C@H]3N=C2C1
",0.4407112,C,1,2.0
38,"COC(=O)[C@H](C)CNC(=O)C1(O)CCCC1
",0.4407111,C,1,2.0
18325,"C[C@H]1CN(S(=O)(=O)N2CCN(S(=O)(=O)N3C[C@H](C)O[C@H](C)C3)[C@@H](C)C2)C[C@@H](C)O1
",0.44071105,C,1,2.0
7606,"O=C([O-])c1ccn(CC(F)(F)F)c1
",0.44071102,C,1,2.0
37511,"CC[C@H]1CCCN1C(=O)[C@@](C)([NH3+])CC
",0.44071093,C,1,2.0
38949,"CN(C)CC[NH+]1CCC[C@@H]1C(=O)NC1CC1
",0.44071093,C,1,2.0
34565,"CCC1(CC)CC[NH+]([C@@H]2CC[C@@](C#N)(NC)C2)C1
",0.44071087,C,1,2.0
1212,"CCO[C@H]1C[C@@H]([NH2+][C@@H]2CCCC2(C)C)C12CCCCC2
",0.44071087,C,1,2.0
18059,"Ic1ncn(C2CCCC2)n1
",0.44071087,C,1,2.0
30475,"C[NH+](C)Cc1ccnc(Cl)n1
",0.44071087,C,1,2.0
20823,"Cc1nc2ccc(N)cc2nc1C
",0.4407108,C,1,2.0
20400,"[NH3+]C1CC(c2ccccc2F)C1
",0.4407108,C,1,2.0
34329,"CCC1(C(=O)NNC(=O)CSC)CCC1
",0.4407108,C,1,2.0
11967,"C[C@H](c1ccccc1F)[NH+](C)C/C=C/CS
",0.44071072,C,1,2.0
35580,"CCCC[NH+](CC)[C@](C)(C[NH3+])C1(C)CC1
",0.4407107,C,1,2.0
33721,"CCC/C=C/C=C/[C@@H]1C[C@@H](O)[C@H](O)[C@H](O)[C@@H]1CO
",0.44071063,C,1,2.0
38269,"O=C1NC(=O)/C(=C/c2cc3c(cc2Br)OCO3)N1
",0.44071063,C,1,2.0
31473,"C=CCOc1ccccc1C(=O)NN
",0.44071063,C,1,2.0
12888,"CC1(C)CCCC[C@@H]1NC(=O)NC1(C(=O)[O-])CCCCC1
",0.44071063,C,1,2.0
38550,"O=S(=O)(C1CC1)N1CCC(NC2CC[NH+](C3CCCCC3)CC2)CC1
",0.44071054,C,1,2.0
24715,"CC[NH2+]CC1=NC(=O)C2(CC2)C([O-])=N1
",0.44071054,C,1,2.0
22216,"C#CC[NH2+][C@@H](C)C(=O)N1CCCCCC1
",0.44071054,C,1,2.0
25441,"CC1(C)CCCC[C@H]1NS(=O)(=O)[C@H]1CCC[NH2+]C1
",0.44071054,C,1,2.0
35687,"COC[C@@]1(C)C[NH+]=C(N)N1C
",0.4407105,C,1,2.0
8486,"CCc1ccc([NH+]2CC[NH2+]C[C@@H]2CC)cc1
",0.44071046,C,1,2.0
2221,"CC(=O)O/N=C1\CCCC\C1=C/C(C)C
",0.44071046,C,1,2.0
29558,"CC(C)CN(C)[C@H](C[NH3+])c1cccnc1
",0.44071043,C,1,2.0
4855,"C[NH2+]Cc1ccc(C[NH+]2C[C@@H](C)[C@H](C)C2)o1
",0.44071043,C,1,2.0
28049,"C=CCN(CC(=O)[O-])C(=O)NC1CCCC1
",0.4407103,C,1,2.0
31836,"CC(=O)CSc1ccc(Cl)cc1
",0.4407103,C,1,2.0
19123,"CC[C@@H]([NH3+])CS[C@H]1CCC[C@H](S(C)(=O)=O)C1
",0.44071028,C,1,2.0
8752,"O/N=C/c1cccnc1Cl
",0.44071028,C,1,2.0
23539,"C#CC(=O)c1cc(C(F)(F)F)ccc1F
",0.4407102,C,1,2.0
27056,"O=C(Nc1ccccc1C(=O)[O-])c1ccc(C(=O)Nc2ccccc2C(=O)[O-])cc1
",0.4407102,C,1,2.0
20359,"O=[N+]([O-])c1ccc2c([N+](=O)[O-])c([O-])ccc2c1
",0.4407102,C,1,2.0
7263,"COC[C@@H](C)CC1(O)[C@H]2CCC[C@H]21
",0.4407101,C,1,2.0
8121,"CC[C@H](C)[C@@H](CO)c1ccccc1C
",0.4407101,C,1,2.0
7152,"CC1(C(=O)N[C@H](C(=O)[O-])C2CC2)CCCC1
",0.44071004,C,1,2.0
29044,"CCC[C@H]1C[NH2+]CCC12CCC(C(C)(C)C)CC2
",0.44071,C,1,2.0
36694,"Cc1cn(C=O)c2ccccc12
",0.44071,C,1,2.0
103,"O=C([O-])c1cccnc1-c1ccccn1
",0.44071,C,1,2.0
1353,"C[C@@H](NC[C@@H](C)[NH+]1CCCCC1)c1cc(F)cc(F)c1
",0.44071,C,1,2.0
23667,"CC[C@H](C[NH2+]C)Cc1nc(C)cs1
",0.44070995,C,1,2.0
11423,"CC(C)CCCOCC[C@@H]1CCC[C@@H]1O
",0.4407099,C,1,2.0
24783,"Cn1ncnc1CC1CC[NH2+]CC1
",0.4407099,C,1,2.0
13354,"C[C@H]([NH2+][C@H](C)CCCO)c1cnccn1
",0.4407098,C,1,2.0
11786,"C[C@@H](CCCO)[NH2+][C@H](C)c1cnccn1
",0.4407098,C,1,2.0
18759,"CNc1nc2c(s1)C(C)(C)OC2(C)C
",0.4407097,C,1,2.0
34694,"CC(=O)N1C(=O)N(C(C)=O)[C@@H]2NC(=O)N(C(C)=O)[C@H](C)[C@@H]2[C@@H]1C
",0.4407097,C,1,2.0
10232,"O=C1CCC[C@H]1CC[S@](=O)C1CCCCC1
",0.44070968,C,1,2.0
28632,"CSCC[C@@H](C)NC(=O)NCC[C@@H](C)O
",0.44070962,C,1,2.0
30614,"Cc1noc(C)c1C[NH2+][C@H](C)[C@H](C)C(=O)[O-]
",0.44070962,C,1,2.0
38064,"C[NH2+]C[C@H](C)C(=O)NC[C@](C)(O)C(=O)[O-]
",0.44070962,C,1,2.0
13284,"C[C@@H](CC1CC1)N1CCC[NH+]2CCCC[C@@H]2C1
",0.44070953,C,1,2.0
31778,"C[C@@H](CO)[NH2+][C@H]1C[C@H]2C[C@@H]1[C@H]1CCC[C@@H]12
",0.44070953,C,1,2.0
7528,"[NH3+]CC[NH2+][C@@H]1CCOC2(CCC2)C1
",0.44070953,C,1,2.0
30133,"NC(=[NH2+])c1cc(Br)ccn1
",0.44070953,C,1,2.0
11215,"CN(CC1CCOCC1)[C@@]1(C[NH3+])CC(C)(C)OC1(C)C
",0.44070944,C,1,2.0
2987,"C[C@H]1C[C@H]1C(=O)NC[C@H]1CCC[C@@H](CNC(=O)[C@@H]2C[C@@H]2C)C1
",0.44070944,C,1,2.0
20648,"C[C@H]1C[C@H](OCCC(N)=[NH2+])CC(C)(C)C1
",0.44070944,C,1,2.0
23724,"CC[C@@H](C)[NH+](CC)[C@@H]1CCCC(C)(C)[C@@H]1[NH3+]
",0.44070938,C,1,2.0
14200,"CCOC(=O)C[NH2+]CCC(C)(C)O
",0.44070935,C,1,2.0
21120,"CC(C)C[C@H](O)c1ccc(C(F)(F)F)cc1
",0.44070935,C,1,2.0
10168,"CC(C)CC(=O)N(C)c1ccc(C(C)(C)C)cc1
",0.44070935,C,1,2.0
23249,"CCC[C@H](O)CCc1nonc1C
",0.4407093,C,1,2.0
23078,"CCC[C@H](CN1C(=O)[C@@H](C)[C@@H](C)C1=O)[NH2+]C
",0.4407093,C,1,2.0
35114,"C[NH+](CCCC(C)(C)C[NH3+])C1CCC(C)(C)CC1
",0.44070926,C,1,2.0
39698,"CC(C)c1nc([C@H](C)[NH2+][C@H](C)c2nccs2)cs1
",0.44070926,C,1,2.0
28144,"C=CC[NH+](CC(=O)[O-])[C@@H]1CCCC[C@@H]1C
",0.44070926,C,1,2.0
10922,"C1CCC(N[C@@H]2CC[NH+](C3CC3)C2)=[NH+]C1
",0.4407092,C,1,2.0
18618,"Cc1nc(-c2ccccc2)ccc1[C@H](C)O
",0.4407092,C,1,2.0
35552,"CC(C)c1noc([C@@H](C)[NH+]2C[C@H]3CC=CC[C@H]3C2)n1
",0.4407092,C,1,2.0
18148,"C[NH2+][C@H](CSC[C@@H](O)CO)C12CC3CC(CC(C3)C1)C2
",0.44070917,C,1,2.0
17471,"COC(OC)c1cncc(I)c1
",0.44070917,C,1,2.0
25868,"CC(C)(C[NH3+])NC(=O)NC1CCCC1
",0.44070917,C,1,2.0
38209,"C[C@H](O)[C@H](NC(=O)COCC[NH3+])C(=O)[O-]
",0.44070905,C,1,2.0
7094,"C[NH2+]C[C@H](CCOC)c1ccc(C)cc1
",0.44070897,C,1,2.0
3636,"CC(C)[C@H]([NH2+][C@H]1CCCS[C@H]1C)C(=O)[O-]
",0.44070897,C,1,2.0
624,"Cc1ccsc1[C@H]1CC[C@H](O)[C@@H]1C
",0.44070897,C,1,2.0
28111,"Cc1ccc(S/C=C/C(F)(F)F)cc1
",0.44070894,C,1,2.0
17614,"CCC(CC)(CS)COc1c(C)nn(C)c1C
",0.44070894,C,1,2.0
32642,"CC(C)[C@H](O)CNS(=O)(=O)CC1CCC1
",0.44070888,C,1,2.0
21463,"CN1CCN(C[C@H](CS)C(C)(C)C)C(=O)C1=O
",0.44070888,C,1,2.0
30121,"CC1(C)CCC[C@@](C[NH3+])(CC2CCCCC2)[C@@H]1O
",0.4407088,C,1,2.0
36518,"CN(CC[NH+]1CCCC1)CC(=O)N(C)CC1CCCCC1
",0.4407088,C,1,2.0
7048,"CC(=O)c1ccccc1O/C(C)=N/O
",0.44070876,C,1,2.0
36579,"C[C@H]1C[NH+]([C@]2(C[NH3+])CCCSC2)C[C@@H]1C
",0.4407087,C,1,2.0
15271,"CCN(CC)S(=O)(=O)Cc1ccccc1C
",0.4407087,C,1,2.0
18115,"CC(C)[C@H](Sc1ccncc1)C(=O)[O-]
",0.4407087,C,1,2.0
8832,"Cc1cc([C@](C)(O)c2cc(F)cc(F)c2)cs1
",0.4407087,C,1,2.0
2484,"Brc1ccc(OC2CC[NH2+]CC2)nc1
",0.4407086,C,1,2.0
3777,"CC(C)(C)OC(=O)[C@@H]1CC[C@@H]2CCCC[C@@H]2[NH2+]1
",0.4407086,C,1,2.0
11235,"CN1CCC([NH+](C)CCC(=O)[O-])CC1
",0.4407086,C,1,2.0
5345,"CCC[C@H](C)COc1c(F)cc(C[NH2+]C)cc1F
",0.44070855,C,1,2.0
