PCD,LEA,SCP,ARO,RIS,IPS,SHA
1.4736842105263157,0.5714285714285714,0.12029999999999999,1.0,0.9,0.14235590382309915,0.5191787415229003
1.6,0.4666666666666667,0.4985000000000001,1.0,0.4,0.4389867540503936,0.2448552070896373
1.4583333333333333,0.4117647058823529,0.5061,2.0,0.6,0.19422330569867655,0.43875698090701776
1.4814814814814814,0.47368421052631576,0.6160000000000001,2.0,0.8,0.746730195978234,0.09394826603434371
2.0,0.5454545454545454,0.434,1.0,0.3,0.4427736143270942,0.24305893751230442
1.5,0.3888888888888889,0.4268,2.0,0.5,0.11613821555735597,0.5534881003388339
1.2592592592592593,0.10526315789473684,0.6648000000000001,3.0,0.4,0.29700937211420947,0.3420080422948052
1.7058823529411764,0.3333333333333333,0.5513,2.0,0.2,0.7131685469658576,0.10698157362626344
1.7272727272727273,0.375,0.6325,2.0,0.9,0.6169331611531746,0.1503094198598149
1.2727272727272727,0.5,0.7843000000000001,2.0,0.7,0.5247568015949501,0.1962341173786961
1.5,0.23529411764705882,0.5856,2.0,0.8,0.620623072478742,0.14854217838448389
1.4782608695652173,0.5294117647058824,0.6264,1.0,0.6,0.7286043856029375,0.10069617282401101
1.303030303030303,0.13636363636363635,1.4643000000000002,3.0,0.8,0.24747354189783818,0.38992905648439996
1.4615384615384615,0.47368421052631576,0.8398,2.0,0.9,0.6304765583594297,0.14350478921269202
1.2941176470588236,0.16666666666666666,0.5753,2.0,0.4,0.33800526829394484,0.31397828558809243
1.25,0.5454545454545454,0.44610000000000005,2.0,0.7,0.7659217764919517,0.08609022269872284
1.6842105263157894,0.5625,0.597,1.0,1.1,0.7417118512919144,0.09610019414270123
1.3636363636363635,0.47058823529411764,0.3833,1.0,0.3,0.34036332673820147,0.31078035189288844
1.6153846153846154,0.55,0.508,1.0,0.7,0.7111741679321778,0.10831391670134853
1.4230769230769231,0.23809523809523808,0.5446,3.0,0.4,0.24161400402159125,0.39318031912357715
1.32,0.38095238095238093,0.6136,2.0,1.1,0.44348840847381943,0.24112372580466093
1.3103448275862069,0.15,0.8494000000000002,2.0,0.8,0.5107139487803006,0.2043895561507515
1.2857142857142858,0.8571428571428571,0.7476,0.0,0.2,0.5708526793702555,0.17206390956915094
1.7619047619047619,0.4,0.7511,2.0,0.5,0.4286222435483122,0.25452037322946974
1.5833333333333333,0.3125,0.8032,2.0,0.5,0.4506337320575043,0.2367611410944409
1.5416666666666667,0.375,0.8430000000000001,2.0,0.5,0.5032816384904325,0.20757689167183901
1.5555555555555556,0.6363636363636364,0.8652,1.0,0.9,0.4141135090279083,0.25897731055850537
1.4814814814814814,0.3181818181818182,0.5981000000000001,3.0,0.8,0.5135949215485208,0.20147961259948538
1.5769230769230769,0.3333333333333333,0.9548000000000001,2.0,0.6,0.5297883374003163,0.19331838969785284
1.4230769230769231,0.25,1.1998,3.0,0.8,0.7667793068066566,0.08517262327430938
1.1111111111111112,0.11538461538461539,1.4650999999999998,2.0,0.7,0.5282780363892323,0.19718024571583337
1.5238095238095237,0.1875,0.7067,3.0,0.5,0.4674836084423037,0.22710845315701325
1.5454545454545454,0.23529411764705882,0.3833,2.0,0.8,0.13542826244097278,0.5132101065548863
1.3142857142857143,0.23076923076923078,1.0458,3.0,0.8,0.4167626014170729,0.2575169256631043
1.3333333333333333,0.42105263157894735,0.8227000000000001,2.0,0.4,0.7292899086744522,0.10053286311931488
1.2,0.12,0.4899,4.0,0.5,0.10635929563547054,0.5589016772310937
1.5909090909090908,0.08333333333333333,1.0544000000000002,1.0,0.4,0.5246613233439945,0.19677956898664586
1.45,0.42857142857142855,0.43860000000000005,1.0,0.7,0.3378524198839694,0.3149911838569681
1.6666666666666667,0.5625,0.845,1.0,0.7,0.6881698279388977,0.11777964070099066
1.6842105263157894,0.42857142857142855,0.49410000000000004,1.0,0.7,0.4628043371082977,0.2296257881657467
1.3333333333333333,0.1,0.8785000000000001,2.0,0.4,0.25524216043513415,0.38163679397765365
1.631578947368421,0.38461538461538464,0.6239,1.0,0.7,0.6167833271493294,0.15103014805735399
2.0555555555555554,0.6153846153846154,0.6793,1.0,0.7,0.7052850365978052,0.11033253220580677
1.380952380952381,0.9444444444444444,0.4845999999999999,0.0,0.8,0.47407114560002794,0.2246644942741329
1.21875,0.5416666666666666,0.7748,1.0,0.6,0.6507041603810007,0.1342084193627276
2.0,1.0,0.1661,0.0,0.8,0.367478670245337,0.2895779644647654
1.44,0.25,0.7639,2.0,0.5,0.6690463849958151,0.12654299497444474
1.4545454545454546,0.5555555555555556,0.6164000000000001,1.0,0.5,0.5716940997796522,0.1715934514877807
1.2,0.14814814814814814,1.1466,3.0,0.8,0.0939146050378199,0.5828373000950623
1.6363636363636365,0.8125,0.6305000000000001,1.0,0.9,0.6970140629103071,0.11443613565489975
1.5263157894736843,0.15384615384615385,0.6399,2.0,0.3,0.7543600567048084,0.09007065209967208
1.7142857142857142,0.5,0.7263,1.0,0.7,0.5950751312118016,0.16013995222111405
1.45,0.3333333333333333,1.0156999999999998,1.0,0.7,0.584210364538567,0.16552232199629904
1.4230769230769231,0.65,0.7383000000000002,1.0,0.7,0.5601187935142031,0.177674556045621
1.2962962962962963,0.21739130434782608,0.49410000000000004,3.0,0.5,0.7939725280134711,0.07416540648332713
1.0625,0.08,0.7334,4.0,0.8,0.5688952120619274,0.17301877170847688
1.5333333333333334,0.25,1.0714,2.0,0.8,0.5971006502392875,0.15906864726050715
1.5454545454545454,0.23529411764705882,0.6857,2.0,0.4,0.6328723750289345,0.14226696231659253
1.4090909090909092,0.26666666666666666,0.554,2.0,0.2,0.35175681612231774,0.30101342494974886
1.6538461538461537,0.3,0.6255000000000001,2.0,0.8,0.7598775095629131,0.08805591480987815
1.56,0.5625,1.2380000000000002,1.0,0.7,0.3088888520216141,0.3340078266316517
1.4516129032258065,0.4166666666666667,0.6308,2.0,1.0,0.7305585601027538,0.10083727575927573
1.894736842105263,0.5384615384615384,0.4617,1.0,0.6,0.3535370824103035,0.30603661490377704
1.6666666666666667,0.5,0.2524,2.0,0.7,0.20929204549632208,0.4239248324090177
1.6,0.8,0.4728,1.0,1.0,0.2515483708113349,0.38068290811722666
1.206896551724138,0.09523809523809523,0.9436999999999999,3.0,0.4,0.23574836540478608,0.3958105645093837
1.32,0.2631578947368421,0.7386000000000001,2.0,0.7,0.588764865836591,0.16309155633972255
1.52,0.2631578947368421,0.5615,2.0,0.9,0.6735398481756538,0.12423034185034247
1.3636363636363635,0.6111111111111112,0.32780000000000004,1.0,0.6,0.12632438605941113,0.5584356469412874
1.44,0.42105263157894735,0.8423,2.0,0.7,0.5954820344918978,0.16015278827796997
1.8095238095238095,0.7857142857142857,0.8604999999999999,1.0,0.8,0.5312245615838683,0.19402206403791356
1.1176470588235294,0.28,0.8722999999999999,2.0,0.6,0.6711793459925978,0.12540851432517566
0.9375,0.08695652173913043,1.0468000000000002,3.0,0.5,0.9145302042783776,0.029371417995743915
1.3214285714285714,0.3333333333333333,0.6144000000000001,2.0,0.5,0.7672908815136672,0.08561576722055807
1.4166666666666667,0.2631578947368421,0.5864,2.0,0.5,0.5354049650582392,0.19119511585757848
1.6,0.21428571428571427,0.8717,2.0,0.3,0.7265781126775791,0.10208207299194497
1.2352941176470589,0.3225806451612903,0.0712,3.0,0.9,0.5574676670633353,0.17940879780644567
1.3636363636363635,0.4444444444444444,0.419,1.0,0.6,0.550121795855544,0.18616598098883358
1.9,0.4,0.7447999999999999,1.0,0.9,0.5515750866613962,0.18166656337591827
1.4827586206896552,0.25,1.0035999999999998,3.0,0.4,0.4885189254457087,0.21980275483601808
1.5,0.4666666666666667,0.48150000000000004,2.0,0.4,0.2067635708390644,0.42535627070947163
1.736842105263158,0.36363636363636365,1.0134,1.0,0.7,0.5416147038954617,0.18680854094531918
1.5185185185185186,0.3888888888888889,0.8636000000000001,2.0,0.7,0.8726551728701892,0.04476255997665255
1.5833333333333333,0.5555555555555556,0.5419,2.0,0.8,0.8025778690647308,0.07147343754247493
1.3043478260869565,0.2777777777777778,0.4661,2.0,0.9,0.38680533913629755,0.2765991673327435
1.4814814814814814,0.35,0.6648000000000001,2.0,0.6,0.6890417322351636,0.11829733064060736
1.44,0.2777777777777778,0.6411,3.0,0.7,0.8232762132525548,0.06290850191620109
1.4166666666666667,0.17647058823529413,0.7101000000000001,3.0,0.7,0.782168490389674,0.0791633769798217
1.736842105263158,0.4166666666666667,0.6996000000000001,1.0,0.7,0.2922179646472503,0.34649138189281875
1.4074074074074074,0.2857142857142857,0.5812,3.0,0.5,0.5087043679879043,0.20401564793571414
1.5555555555555556,0.5,0.6723,2.0,0.5,0.437324623662682,0.24469406545847794
1.391304347826087,0.5333333333333333,0.7527000000000001,1.0,0.6,0.806555563781477,0.06970177229829448
1.2666666666666666,0.2727272727272727,1.1864000000000001,2.0,0.9,0.25664714465794064,0.3765418781879004
1.2307692307692308,0.18181818181818182,0.46340000000000003,4.0,0.6,0.555978536089114,0.18033963278438148
1.2758620689655173,0.13043478260869565,0.7415999999999999,3.0,0.8,0.12346997364016055,0.5280073384567472
1.619047619047619,0.47058823529411764,0.2954,1.0,0.6,0.5549664379619559,0.18149776833358092
1.4210526315789473,0.8666666666666667,0.6043999999999999,0.0,0.8,0.19401923280976696,0.43933441952565655
1.3333333333333333,0.375,0.8842,2.0,1.0,0.5089138727899926,0.20448967286007597
1.5238095238095237,0.4,0.4804,2.0,0.8,0.6472792439133231,0.13621511508317952
1.3235294117647058,0.32142857142857145,0.6773,2.0,0.6,0.2541602194193675,0.3924562999039929
1.7619047619047619,0.09090909090909091,1.2531,2.0,0.6,0.4403786989808974,0.24350798997481818
1.36,0.11764705882352941,0.6177,2.0,0.5,0.6300398875776345,0.14511291495849418
1.65,0.4666666666666667,0.4661,1.0,0.7,0.2533280382804062,0.3801379166907719
1.375,0.1875,0.3329,2.0,0.5,0.5833829808937213,0.16602652406548102
1.1714285714285715,0.44,1.0525000000000002,2.0,0.6,0.5505980946839395,0.1827048269415436
1.56,0.5,0.8841,2.0,0.7,0.7026911303143665,0.11169355238038986
1.1379310344827587,0.42857142857142855,0.6662,2.0,0.2,0.5286738162393425,0.19391002892326595
1.4615384615384615,0.4090909090909091,0.2475,2.0,0.8,0.2219939323153845,0.4271281992662325
1.56,0.47368421052631576,0.6787000000000001,1.0,0.9,0.8249114969742264,0.062246955862621065
1.3846153846153846,0.5,0.5769000000000001,2.0,0.4,0.49642945710355324,0.21147093318499505
1.6111111111111112,0.38461538461538464,0.7862,1.0,0.8,0.37657451199130054,0.28338770645318245
1.0434782608695652,0.17647058823529413,0.647,4.0,0.5,0.19671724004871396,0.4390945816178169
1.4,0.3333333333333333,0.8091000000000002,3.0,0.4,0.37793991245431396,0.2922765589508964
1.0869565217391304,0.17647058823529413,0.4732,3.0,0.6,0.4802026946589087,0.21969809110670122
1.1818181818181819,0.24,1.0127000000000002,3.0,1.0,0.2838184750040637,0.3658378347099299
1.7058823529411764,0.36363636363636365,0.7867000000000001,1.0,0.7,0.5602022144204581,0.1771784549653472
1.5555555555555556,0.15384615384615385,0.8183,2.0,0.5,0.43794228736511004,0.24832172890620216
1.5384615384615385,0.11764705882352941,0.7295,3.0,0.7,0.10658298379474875,0.568102306967824
1.1428571428571428,0.19047619047619047,0.6723,3.0,0.5,0.6231225620119111,0.1469583641555476
1.34375,0.36,0.8530000000000001,2.0,1.2,0.1816480520763866,0.4855763932662231
1.434782608695652,0.23529411764705882,0.7109000000000001,2.0,0.4,0.4859124189889936,0.21928386962443602
1.35,0.14285714285714285,0.647,3.0,0.5,0.4506304418294622,0.2375163465160422
1.4444444444444444,0.55,0.7851,1.0,0.8,0.31255130516809176,0.331384048039665
1.0416666666666667,0.6,0.5820000000000001,1.0,0.5,0.31998666773901674,0.3241104943432197
1.2222222222222223,0.4074074074074074,1.0876000000000001,3.0,0.7,0.8022269036925966,0.07158729055658526
1.2222222222222223,0.3333333333333333,0.7023,2.0,0.6,0.5040125238069385,0.20828012870912277
2.1666666666666665,0.5714285714285714,0.6801,1.0,0.6,0.5012170379680851,0.2125647468928534
1.9285714285714286,0.9090909090909091,0.45049999999999996,0.0,0.5,0.2662523209237298,0.368236920177434
1.46875,0.5,1.0778,0.0,0.9,0.19637709795410122,0.45513697971113243
1.4,0.35,1.0853000000000002,2.0,0.5,0.20147975918040012,0.4549271498778917
1.2857142857142858,0.0,1.1423,2.0,0.5,0.8372723215020732,0.057826625845650834
1.608695652173913,0.5294117647058824,0.6537000000000001,1.0,0.7,0.6976405011495145,0.11373202106392383
1.85,0.25,0.9669,2.0,0.7,0.643352627351533,0.13821028801100024
1.3333333333333333,0.3076923076923077,0.6281,4.0,0.7,0.7756242041034261,0.08139716011739345
1.6842105263157894,0.4,0.4509,2.0,0.8,0.283706631253007,0.36133579271636374
0.9615384615384616,0.35,0.7527000000000001,2.0,1.1,0.18628766525882837,0.4466840764378761
1.6842105263157894,0.5714285714285714,0.7587,1.0,1.0,0.2933973628212567,0.3448018410877048
1.5714285714285714,0.5625,0.29100000000000004,1.0,0.5,0.17710210997640255,0.4599342696730779
1.4545454545454546,0.4666666666666667,0.5265000000000001,1.0,0.6,0.8469943057390948,0.05448717976513781
1.4,0.06666666666666667,0.5069,2.0,0.5,0.46783841699245027,0.22717773808539404
1.380952380952381,0.25,0.7134,2.0,0.7,0.3999372113164035,0.26954047553887367
1.44,0.4117647058823529,0.6787000000000001,1.0,0.4,0.5073553647939345,0.2048731002189312
1.631578947368421,0.2857142857142857,0.5615000000000001,2.0,0.3,0.412436261712244,0.26025864522651077
1.2857142857142858,0.36363636363636365,0.6468,2.0,0.8,0.1635100959012097,0.5095985170673186
1.7058823529411764,0.6,0.0444,1.0,0.6,0.383999673687393,0.28724931653618957
1.8333333333333333,0.5,0.3582,1.0,0.4,0.32131301128804357,0.3304996649204047
1.6875,0.3,0.6044,1.0,0.5,0.669943608735644,0.1258707592750904
1.3846153846153846,0.45,0.5590999999999999,2.0,0.6,0.4685983681373428,0.22690146441794867
1.5769230769230769,0.47619047619047616,0.5456,2.0,0.3,0.21937509548622702,0.4204720366929934
1.875,0.6363636363636364,0.7247,0.0,0.5,0.505052982929627,0.20602657166972724
1.875,0.6666666666666666,0.8092,0.0,0.9,0.530829707735106,0.19325201202434314
1.7407407407407407,0.29411764705882354,0.8806999999999999,1.0,0.5,0.8031003996373441,0.07091947979545773
1.3,0.07142857142857142,0.5621,3.0,0.3,0.4217430855152777,0.2606080975116468
1.3846153846153846,0.2608695652173913,0.4571,3.0,0.7,0.6569281803192453,0.13197076885123923
1.380952380952381,0.1875,0.4756,2.0,0.7,0.4192304179299397,0.26040915262359116
1.25,0.23809523809523808,0.6962999999999999,4.0,0.7,0.3276315091265062,0.3257544068825609
1.6521739130434783,0.5555555555555556,0.7543000000000001,1.0,0.7,0.5860808218933088,0.16689875426864798
1.0,0.11764705882352941,0.8347,2.0,0.7,0.7034364197896126,0.11289486841595023
1.7894736842105263,0.4666666666666667,0.5932,1.0,0.7,0.5122371971913727,0.20324917537130488
1.32,0.5789473684210527,0.6172,2.0,0.5,0.25002148374441774,0.39315911454285213
1.32,0.1111111111111111,0.8279000000000001,2.0,0.2,0.7134888573442515,0.10747745122537508
1.52,0.2857142857142857,0.9689999999999999,1.0,0.6,0.48698836375515,0.21589367065090617
1.2608695652173914,0.8888888888888888,0.4985,0.0,0.7,0.5783883564374763,0.16894307031068206
1.3225806451612903,0.34782608695652173,0.9140999999999999,3.0,0.3,0.314151136059157,0.33161927670359936
1.9411764705882353,0.5,0.6384000000000001,2.0,0.6,0.2199130048822154,0.41175451718283185
1.4090909090909092,0.3125,0.7334,2.0,0.9,0.47935510703610734,0.22569067840694665
1.4666666666666666,0.3,0.7937000000000001,3.0,0.6,0.7818680161947209,0.07904497491107919
1.48,0.6,0.8475,1.0,0.8,0.7142771911114864,0.10734008117059782
1.3928571428571428,0.3,0.9528000000000002,3.0,0.7,0.07324167359058176,0.6600784135838295
1.9411764705882353,0.6153846153846154,0.36920000000000003,1.0,1.0,0.17049794036528376,0.46882188814886216
1.4782608695652173,0.23529411764705882,0.5102,2.0,0.7,0.5302625789833768,0.19462338160930406
1.48,0.2222222222222222,0.6391,3.0,0.7,0.6541540178621361,0.13416530860962686
1.5909090909090908,0.5333333333333333,0.8047,1.0,0.5,0.532188567900409,0.19325360108589196
1.0869565217391304,0.11764705882352941,0.5622,2.0,0.3,0.395191914064628,0.2713131513073059
1.608695652173913,0.07142857142857142,0.9852,0.0,0.3,0.5746773234621966,0.17099981891745233
1.32,0.16666666666666666,0.9484,2.0,0.6,0.6015091570034813,0.15739873026784582
1.3888888888888888,0.16666666666666666,0.6147,1.0,0.2,0.6497681643876628,0.13485057479405738
1.7,0.3333333333333333,0.6853999999999999,2.0,0.5,0.7022259713850626,0.11283889859482668
1.56,0.7368421052631579,0.7055000000000001,1.0,0.3,0.4502707126626456,0.23813166839107403
1.3333333333333333,0.4,0.032400000000000005,1.0,0.5,0.5179516590670775,0.19904201654057044
1.6,0.2727272727272727,1.2743,1.0,0.6,0.40681283979217175,0.26494046056009385
0.8275862068965517,0.631578947368421,0.8262999999999999,1.0,0.4,0.5365885222995643,0.1907566684776116
1.4516129032258065,0.43478260869565216,1.0368000000000002,2.0,0.7,0.5784292215388293,0.17180318087473478
1.68,0.55,0.5257000000000001,2.0,0.9,0.5995672342822796,0.16207917316609233
1.1379310344827587,0.1,1.2846000000000002,3.0,0.9,0.7279471159144641,0.1014238934046877
1.24,0.16666666666666666,0.7704000000000001,3.0,0.8,0.4805330944720985,0.21970226654227645
1.619047619047619,0.4,0.5927,2.0,0.9,0.21023531925498465,0.427299654358128
1.2941176470588236,0.46153846153846156,0.8679000000000001,2.0,0.9,0.30905559570101687,0.33231681220757125
1.0666666666666667,0.08695652173913043,0.7023,3.0,0.6,0.4379904860533365,0.2443104038114624
1.0357142857142858,0.2,0.9470000000000002,3.0,1.1,0.7820901450209957,0.07881272437913833
1.631578947368421,0.4166666666666667,0.9076000000000001,2.0,0.8,0.34921892017493555,0.3103656755570147
1.5,0.1,0.8796,1.0,0.2,0.6738445594460012,0.12498484437079468
1.3461538461538463,0.1,0.49410000000000004,2.0,0.5,0.4735974309823083,0.22471098477694026
1.6956521739130435,0.26666666666666666,0.5834,2.0,0.6,0.6929986775096668,0.11604016083352281
1.4230769230769231,0.3157894736842105,0.6579999999999999,2.0,0.6,0.35717766925128513,0.29789930486448135
1.25,0.2631578947368421,0.7023,2.0,0.8,0.7484681435863979,0.09247351223923041
1.380952380952381,0.3125,0.5435,2.0,0.1,0.61676729002192,0.1497959233359093
1.3333333333333333,0.22727272727272727,0.6571000000000001,3.0,0.9,0.3661258289513972,0.2924343222734201
1.6,0.25,0.2705,2.0,0.2,0.4274058185542993,0.25306515072391217
1.1875,0.3333333333333333,0.549,3.0,0.9,0.659464719119449,0.13065060996930905
1.1515151515151516,0.3333333333333333,0.5709000000000001,3.0,0.9,0.7273097649548677,0.10127547664575408
1.2857142857142858,0.1875,0.5196000000000001,2.0,0.5,0.386266132550813,0.27811338313595096
1.5555555555555556,0.21052631578947367,0.8646,4.0,0.7,0.6632814051965928,0.12856259711664775
1.2857142857142858,0.36363636363636365,0.7467,2.0,1.2,0.6789455618409,0.1226761872455257
1.1304347826086956,0.05263157894736842,0.526,2.0,0.2,0.5415125106090656,0.18717522613508297
1.3461538461538463,0.9,0.6188,0.0,1.0,0.6883062679212963,0.11788146776471856
2.0588235294117645,0.5833333333333334,0.4872000000000001,1.0,0.5,0.6357946270805483,0.14298072173451917
2.076923076923077,0.7,0.295,1.0,0.8,0.2856000989454064,0.3682048358970147
1.2727272727272727,0.2777777777777778,0.29100000000000004,2.0,0.7,0.24034493046215816,0.3922909777764009
1.7272727272727273,0.5,0.7887000000000001,1.0,0.6,0.7760124956976457,0.0812551519860146
1.8695652173913044,0.6470588235294118,0.6184000000000001,1.0,0.9,0.6919106754413376,0.11732594963133648
1.0909090909090908,0.25925925925925924,0.5864,3.0,0.7,0.23350329081509372,0.39836406863126667
1.4285714285714286,0.6956521739130435,0.3722,1.0,1.0,0.7687759871606792,0.08530979036801922
1.5294117647058822,0.4444444444444444,0.9119999999999999,0.0,0.0,0.37916451952310554,0.28188880266738103
2.0,0.5454545454545454,0.6988,1.0,0.8,0.5935831972381367,0.16261711279843033
1.35,0.07142857142857142,0.873,3.0,0.5,0.7394386205055874,0.09600114663090606
1.44,0.3888888888888889,0.5027,2.0,0.7,0.6567467034975807,0.13268511578351527
1.6,0.4117647058823529,0.843,2.0,0.7,0.6132819968405842,0.1524145836067703
1.4166666666666667,0.3684210526315789,0.5227,2.0,0.5,0.43962561651222526,0.24351273207990778
1.8095238095238095,0.5384615384615384,0.45230000000000004,1.0,0.3,0.5471670933612705,0.18732689096690103
1.2272727272727273,0.2777777777777778,0.20310000000000003,2.0,0.4,0.5868695867101116,0.16399812099573
1.5833333333333333,0.5789473684210527,0.6743000000000001,1.0,1.0,0.5961738128691335,0.15971624697734124
1.3666666666666667,0.391304347826087,0.7408,2.0,0.5,0.48355551588143464,0.22086829048842077
1.608695652173913,0.5,0.6409,1.0,0.9,0.6266198770011252,0.14613933323015835
1.608695652173913,0.5333333333333333,0.7895,1.0,0.9,0.6085668729441343,0.15545426711757493
1.4285714285714286,0.4666666666666667,0.8031,1.0,0.6,0.6812344712884312,0.12104897321774426
2.0625,0.6,0.45230000000000004,1.0,0.3,0.1932893969790838,0.4385471312890204
1.6153846153846154,0.65,0.7153,1.0,1.2,0.2879889807278671,0.3498892485358122
1.3571428571428572,0.2608695652173913,0.6578,3.0,0.9,0.6463428600851214,0.1365481087048602
1.9473684210526316,0.5,0.5856,1.0,0.8,0.834558551275702,0.0589049251414803
1.4230769230769231,0.3,0.7425,3.0,0.9,0.7147692501462991,0.1081745322686267
1.48,0.5,0.9432,2.0,0.7,0.096878505127499,0.5852251940633483
1.3571428571428572,0.3157894736842105,0.3678,2.0,0.4,0.8192720660970974,0.06494310965800199
1.6956521739130435,0.5,0.8319999999999999,2.0,0.5,0.39317174475294847,0.2740930573170026
1.8695652173913044,0.5333333333333333,0.7571000000000001,1.0,0.8,0.2735768257591419,0.3611950619223491
1.65,0.42857142857142855,0.6067,2.0,0.9,0.45764530798230496,0.2331755510809958
1.55,0.29411764705882354,0.3208,2.0,0.7,0.8043947178148331,0.07066708024782678
1.3461538461538463,0.35,0.5080000000000001,2.0,0.3,0.6904561939029839,0.11706927904065877
2.230769230769231,0.4444444444444444,0.597,1.0,0.6,0.31138376865998274,0.33662864281646315
1.8125,0.6153846153846154,0.3761,1.0,1.0,0.399018442692515,0.27977201132733914
1.0416666666666667,0.29411764705882354,0.8051999999999999,2.0,0.4,0.43414110455155885,0.25253815801771995
1.3214285714285714,0.3333333333333333,0.49410000000000004,2.0,0.4,0.7837664928943008,0.07839059430146259
1.4090909090909092,0.375,0.5659000000000001,2.0,0.2,0.457995711381078,0.2324302118400695
1.7647058823529411,0.6666666666666666,0.4736000000000001,1.0,0.5,0.45903128426757545,0.23483788358103788
1.4444444444444444,0.23076923076923078,0.7585999999999999,2.0,0.7,0.7222093213763753,0.10313141820225476
1.368421052631579,0.0,0.7402000000000001,2.0,0.3,0.3319575597946633,0.3149056029744542
1.0869565217391304,0.16666666666666666,0.5769000000000001,2.0,0.5,0.5208721689333421,0.20023002550236163
1.5789473684210527,0.5384615384615384,0.4617,1.0,0.6,0.43838744616960407,0.24965615688866274
1.1724137931034482,0.21052631578947367,0.8356,3.0,0.4,0.7301632895517858,0.09987078950816958
1.3333333333333333,0.875,0.33460000000000006,1.0,0.4,0.5784268111142972,0.1691560821024531
1.4,0.5625,1.0847,1.0,0.5,0.7519598378993646,0.09248111825895877
2.0,0.9333333333333333,0.6738,0.0,0.9,0.4654346497442907,0.2286899958637652
1.9,0.6,0.3714,1.0,0.6,0.4831212661656422,0.21805660766551996
1.2,0.15,1.1006,2.0,0.7,0.7011924396721411,0.11427600341074082
1.72,0.3333333333333333,0.6546000000000001,2.0,0.5,0.5098269036598149,0.20686515958800358
1.391304347826087,0.625,0.7008000000000001,1.0,1.0,0.4854472799366238,0.2167704468823862
1.4,0.1111111111111111,0.6436,3.0,0.6,0.4931436641511433,0.21397380942474076
1.68,0.2631578947368421,0.6222,3.0,0.6,0.398035349373221,0.2695636384919249
1.6363636363636365,0.6666666666666666,0.2894,1.0,0.7,0.19603037872203155,0.45221646630490864
1.9047619047619047,0.5714285714285714,0.9250999999999999,1.0,0.5,0.48811477717749596,0.21804879293375598
1.096774193548387,0.125,0.8023,3.0,0.8,0.7051446255046161,0.11094195299089174
1.3333333333333333,0.23076923076923078,0.1696,2.0,0.4,0.34239549635233263,0.30766870835601645
1.3461538461538463,0.15789473684210525,0.5122,3.0,0.7,0.7432433585833507,0.0951390694638183
1.8,0.75,0.4113,0.0,0.4,0.6342353289460303,0.14248718456035775
1.75,0.46153846153846156,0.8116000000000001,2.0,0.6,0.7795022269406677,0.08037124362237932
1.3928571428571428,0.23529411764705882,1.2777,3.0,1.0,0.6631365814024102,0.12859878730212473
1.8125,0.125,0.3267,1.0,0.2,0.3596072376510382,0.29658389550100717
1.4545454545454546,0.3157894736842105,0.3234,2.0,0.6,0.4739893081161565,0.22664394274319755
1.4736842105263157,0.375,0.09230000000000001,2.0,0.3,0.27864808451442247,0.3663436158510137
1.6666666666666667,0.3888888888888889,0.6394,2.0,0.6,0.45715751093147805,0.233040355974521
1.64,0.6111111111111112,0.705,2.0,0.5,0.5840773166993347,0.1671454631482146
1.375,0.8947368421052632,0.5584,0.0,0.8,0.43854249164037484,0.2439530405541571
1.3636363636363635,0.36,0.8809999999999999,3.0,1.0,0.310921510216537,0.33994456600175704
1.619047619047619,0.3333333333333333,0.5895,2.0,0.8,0.44980415131133344,0.23847607743114127
1.5833333333333333,0.23529411764705882,1.0002000000000002,3.0,0.7,0.6491110210430066,0.13499881967600097
1.24,0.05263157894736842,0.6853999999999999,3.0,0.5,0.7657336936505285,0.08556194786053126
1.6111111111111112,0.5,0.5814,1.0,0.6,0.5542638445777767,0.18018438563276343
1.4814814814814814,0.3684210526315789,0.9632999999999999,2.0,0.7,0.7584590505653096,0.08908056924816894
1.4230769230769231,0.5,0.4985,1.0,0.8,0.6657128439141177,0.12772158628744637
1.6666666666666667,1.0,0.0444,0.0,0.9,0.6755767296768699,0.12464220440173222
1.3823529411764706,0.16,1.1157000000000001,4.0,0.9,0.08044076039617282,0.6182728568648567
1.8095238095238095,0.4,0.8320000000000001,0.0,0.8,0.70047328916889,0.1126844227813052
1.6,0.5,0.6829,1.0,0.6,0.5918310771385263,0.16160836724892014
1.619047619047619,0.6666666666666666,0.5674,2.0,0.8,0.46226096837288294,0.23460567835559643
1.5,0.3076923076923077,1.018,2.0,0.7,0.531385688480259,0.19210276665306655
1.625,0.7777777777777778,0.8739,1.0,1.1,0.2435728457477645,0.3880766982554131
1.3043478260869565,0.2777777777777778,0.5505,3.0,0.4,0.8423833448386889,0.05587748786337502
1.4705882352941178,0.2727272727272727,0.8502,2.0,0.7,0.4153218254653049,0.26458938121599973
2.0,0.4666666666666667,0.5881000000000001,1.0,0.7,0.321872617816847,0.3253649044952396
1.5,0.4444444444444444,0.8106,2.0,1.1,0.4750889893827136,0.22277007354559863
1.5,0.0,0.6707,3.0,0.3,0.8008005485364735,0.07151408092504138
1.5555555555555556,0.3684210526315789,1.0569000000000002,2.0,0.8,0.5374729775792396,0.1897757472376459
1.6,0.2631578947368421,0.6743000000000001,2.0,0.7,0.44796103597051806,0.23832152363995313
1.7857142857142858,1.0,0.3969,0.0,0.8,0.14063018650985534,0.5050242452654751
1.631578947368421,0.38461538461538464,0.5539999999999999,1.0,0.7,0.5826751130188279,0.17030262003816396
1.4285714285714286,0.23809523809523808,0.8536,3.0,0.7,0.18927999908023468,0.47246971804151466
1.2727272727272727,0.1111111111111111,0.6643000000000001,2.0,0.7,0.3999906033947259,0.2691834173783082
1.3,0.8666666666666667,0.7663,0.0,0.6,0.316605250868838,0.3269890102962922
1.4444444444444444,0.6666666666666666,0.6003000000000001,1.0,1.0,0.6461921880329878,0.13700080463271688
2.0,0.4166666666666667,0.49329999999999996,1.0,0.8,0.6239552413014958,0.1464327332124939
1.5,0.4375,0.642,2.0,1.0,0.43896327701576493,0.24724093397457805
1.9375,0.5833333333333334,0.295,1.0,0.5,0.5467556622544377,0.18407940564210185
1.3571428571428572,0.42857142857142855,0.6182000000000001,3.0,1.4,0.5403514199127016,0.18947455234547986
1.7142857142857142,0.6666666666666666,0.7322,1.0,0.7,0.634401587724369,0.1419228703674739
1.8,0.47058823529411764,0.7515999999999999,1.0,0.6,0.6453766496741935,0.13768294991520805
1.4,1.0,0.1985,0.0,0.8,0.30326305148572447,0.3368472230945666
1.34375,0.2608695652173913,0.9999000000000001,2.0,0.6,0.5955595630471899,0.16148550910833231
2.0,0.5454545454545454,0.6317,1.0,0.5,0.6981047899024486,0.11538036372604292
0.9310344827586207,0.2,0.7473000000000001,4.0,1.1,0.7254789327213167,0.10275747046948823
1.3571428571428572,0.3157894736842105,0.8493999999999999,2.0,0.8,0.14617948521450363,0.4956103481574295
1.3846153846153846,0.55,0.8423,2.0,0.8,0.6089977108411836,0.1542451212762894
1.3142857142857143,0.15384615384615385,1.1551,3.0,0.6,0.24329863419945824,0.4069708852672634
1.1764705882352942,0.391304347826087,0.9651,1.0,0.8,0.7475147838678946,0.09276351773377525
1.7,0.4666666666666667,0.49410000000000004,1.0,0.4,0.4517043534019178,0.23688765191326674
1.9,0.5333333333333333,0.508,1.0,0.7,0.590579345413823,0.16297689742788993
1.3333333333333333,0.15,0.9642000000000001,2.0,0.4,0.20161491000550302,0.43065638928837785
1.4666666666666666,0.4166666666666667,0.46869999999999995,2.0,0.6,0.4548716635345084,0.23528044747034155
1.9473684210526316,0.5714285714285714,0.5818,2.0,0.6,0.3891622188666635,0.277410712034919
1.3333333333333333,0.15789473684210525,0.29540000000000005,2.0,0.6,0.6434904051676666,0.13857493411946306
1.5555555555555556,0.42857142857142855,0.526,1.0,0.8,0.6686627022935125,0.12672241181771376
1.4782608695652173,0.23529411764705882,0.6802000000000001,3.0,0.7,0.5873444733108705,0.16376799349796198
1.4761904761904763,0.23529411764705882,0.3833,2.0,0.7,0.6224392135290466,0.14814490124362573
1.7272727272727273,0.5294117647058824,0.6264,1.0,0.7,0.5368533144519476,0.19099563809812029
1.5555555555555556,0.4,0.5674,1.0,0.3,0.7039401272013979,0.11102292732004901
1.608695652173913,0.6111111111111112,0.48810000000000003,1.0,1.0,0.7011644062628014,0.11309502214572087
1.3636363636363635,0.2222222222222222,0.7219,2.0,0.7,0.5959478047913098,0.16083106863082292
1.6666666666666667,0.23076923076923078,0.8115000000000001,2.0,0.6,0.547601558204829,0.18913687270860619
1.36,0.3888888888888889,0.6443000000000001,2.0,0.3,0.5049757530810645,0.20959073431210948
1.6111111111111112,0.4666666666666667,0.41609999999999997,2.0,0.2,0.37566279750990295,0.29227656947866015
1.8823529411764706,0.9285714285714286,0.3234,0.0,0.8,0.3834294834657703,0.2799448195392487
1.4782608695652173,0.2777777777777778,0.5699000000000001,2.0,0.7,0.4444692780700114,0.24099282530522537
1.8333333333333333,0.4375,0.7047,2.0,0.7,0.6674191744942775,0.12682371610805976
1.4444444444444444,0.9230769230769231,0.2151,0.0,0.3,0.29607996202061526,0.34268180558274264
1.6666666666666667,0.5,0.8368000000000001,1.0,0.6,0.7240063906512371,0.10340152522858613
1.1785714285714286,0.38095238095238093,0.6692,2.0,0.8,0.6871142814239359,0.11983757176883189
1.12,0.0,0.6384000000000001,4.0,0.3,0.24338992033230375,0.4221805236202303
1.5357142857142858,0.3181818181818182,0.6648000000000001,1.0,0.6,0.29069204326421394,0.35809391519526473
1.2258064516129032,0.38095238095238093,0.6648000000000001,2.0,0.6,0.42463662875617236,0.253378053998872
1.7777777777777777,0.9285714285714286,0.4277,0.0,1.1,0.3148026090850978,0.3279036261215231
1.2916666666666667,0.2222222222222222,0.49410000000000004,2.0,0.3,0.7373404756735541,0.0969667679049179
1.7894736842105263,0.8461538461538461,0.6967,0.0,0.8,0.3052616482059295,0.33578348909119476
1.608695652173913,0.4375,1.1025,2.0,0.7,0.6306807489904657,0.14366720309801206
1.3333333333333333,0.7619047619047619,0.5377000000000001,1.0,0.5,0.7337513171706486,0.09947247120059602
1.5,0.14285714285714285,1.2479000000000002,1.0,0.6,0.7440029315150762,0.09455259617349329
1.588235294117647,0.15384615384615385,0.4053,2.0,0.5,0.5306639286064622,0.19388341453875307
1.3214285714285714,0.2857142857142857,0.79,2.0,0.4,0.3211847036988932,0.32667966019960826
1.7142857142857142,0.5,0.7292000000000001,2.0,0.7,0.7399305363095066,0.09581717631329767
1.4482758620689655,0.5,0.6767,2.0,0.7,0.6181732335950441,0.15228838379088208
1.8888888888888888,0.4166666666666667,0.7433,1.0,0.6,0.3898175090520524,0.2792490727548928
1.3333333333333333,0.3157894736842105,1.018,2.0,0.4,0.6790012109836613,0.12203078427920008
1.4166666666666667,0.16666666666666666,0.6802000000000001,3.0,0.6,0.77190994757507,0.08292885164909516
2.1176470588235294,0.6,0.7918,1.0,0.9,0.4718848346903133,0.22484598392448055
1.9473684210526316,0.6666666666666666,0.3385,1.0,0.9,0.6815997155234572,0.12083312984087363
1.4615384615384615,0.4117647058823529,0.5402,2.0,0.8,0.44221512724531764,0.24240054818403617
1.6111111111111112,0.375,0.36840000000000006,2.0,0.4,0.5030775724331571,0.20717292050269048
1.8421052631578947,0.2857142857142857,0.5713,3.0,0.6,0.7258397718400532,0.10191518551295936
1.0344827586206897,0.09090909090909091,0.7666000000000001,3.0,0.8,0.856103975433887,0.05052253289219796
1.4,0.38461538461538464,0.49410000000000004,1.0,0.6,0.3190119431404024,0.32477856064207006
1.9523809523809523,0.7333333333333333,0.5566,1.0,1.0,0.7102342221413278,0.1086786105094868
1.5416666666666667,0.3888888888888889,0.6177,1.0,0.4,0.0763558402889376,0.6347885048580005
1.1538461538461537,0.5789473684210527,0.6733000000000001,1.0,0.5,0.5803526860121421,0.16730770159947117
1.5357142857142858,0.25,0.71,2.0,0.7,0.2612651383918801,0.37604317990091235
1.48,0.5789473684210527,0.6188000000000001,1.0,1.0,0.4702343063909614,0.22663009669187223
1.5769230769230769,0.35294117647058826,0.8133,2.0,0.5,0.5462027494819193,0.18441634774068408
1.2413793103448276,0.30434782608695654,0.2902,3.0,0.5,0.3066838008002983,0.3342622915566314
1.8666666666666667,0.2,0.7373999999999999,2.0,0.4,0.3775873778315215,0.28492413284155094
1.5714285714285714,0.25,0.6436,3.0,0.6,0.5687159086642669,0.17339847540177206
1.6666666666666667,0.6111111111111112,0.36920000000000003,1.0,0.7,0.6829411946245414,0.1211287649218963
2.0,1.0,0.29460000000000003,0.0,0.7,0.3596431509212142,0.295431404930138
1.3043478260869565,0.2222222222222222,0.6463,2.0,0.8,0.3390304023618071,0.3097056713111249
1.4583333333333333,0.3888888888888889,0.6579999999999999,2.0,1.1,0.7299439235467512,0.10053029980948665
1.5,0.5,0.7413,1.0,0.5,0.6037948525071741,0.15791976391205978
1.3181818181818181,0.5,0.41910000000000003,2.0,0.6,0.41947419988779566,0.2582205747571633
1.5333333333333334,0.4090909090909091,0.8968,2.0,0.8,0.6716394431753431,0.12496794510584461
1.4285714285714286,0.15789473684210525,1.1412,3.0,0.6,0.35415840491662864,0.30188919324563296
1.3636363636363635,0.15384615384615385,0.9612,1.0,0.4,0.63152192356564,0.14289357602360134
1.4074074074074074,0.6363636363636364,0.5385,1.0,0.4,0.4928488061965117,0.2127952512348728
1.4516129032258065,0.6521739130434783,0.5648000000000001,1.0,0.6,0.5240977122984033,0.19579738306804886
1.8076923076923077,0.6842105263157895,0.7987000000000001,1.0,0.7,0.5752006815143771,0.17230072817625058
1.28125,0.2916666666666667,0.8852,3.0,0.5,0.5685515641155724,0.17345595683607662
1.72,0.35294117647058826,0.8218000000000001,3.0,0.6,0.4320077155689556,0.2481447160660638
1.3636363636363635,0.2222222222222222,0.6688,2.0,0.7,0.2847743277631197,0.35285231321340227
1.3333333333333333,0.625,0.2584,1.0,0.9,0.7188208378635307,0.10513169122009618
1.75,0.7777777777777778,0.5286,1.0,0.8,0.6054451059186269,0.15610173565501584
1.631578947368421,0.18181818181818182,0.6776000000000001,1.0,0.5,0.5289354152386916,0.19372114193346804
1.7083333333333333,0.35294117647058826,0.7153,2.0,0.7,0.5354860103485535,0.19048136132898077
1.375,0.2777777777777778,0.40540000000000004,2.0,0.4,0.2771703749323698,0.3644830658827613
1.6818181818181819,0.5,0.7067,1.0,0.3,0.21651778967973512,0.41409328871400963
1.5384615384615385,0.4444444444444444,0.8713,1.0,0.4,0.3194367627982282,0.3254453402891573
1.5833333333333333,0.5294117647058824,0.6308,1.0,0.4,0.2674091940811112,0.3709158604428579
1.4705882352941178,0.38461538461538464,0.43370000000000003,1.0,0.3,0.6004523561540712,0.1578386376529575
1.8823529411764706,0.7142857142857143,0.3357,1.0,0.7,0.2775575410070919,0.3581899077055396
1.2962962962962963,0.3181818181818182,0.6802000000000001,3.0,1.0,0.6742814337040055,0.12417427413068116
1.2962962962962963,0.7142857142857143,0.44600000000000006,1.0,1.2,0.5513912115653287,0.18503575764491378
1.588235294117647,0.45454545454545453,0.6463,1.0,0.9,0.7551852417473136,0.09066320862193737
1.1851851851851851,0.09523809523809523,0.6399,3.0,0.6,0.22793771115645964,0.41692276520390037
1.28,0.6111111111111112,0.4756,1.0,0.3,0.3151637590230185,0.3286563124618234
1.5909090909090908,0.4666666666666667,0.6246,2.0,0.6,0.6586637508831817,0.1322277367678227
1.5555555555555556,0.625,0.3046,1.0,0.4,0.4231841016146424,0.2541491051001296
1.5238095238095237,0.4,0.6399,2.0,0.9,0.265480881322817,0.36821283926601045
1.8333333333333333,0.8,0.295,1.0,0.9,0.5353397634549065,0.1906609791340564
1.565217391304348,0.7647058823529411,0.6602000000000001,0.0,1.0,0.6695999901369535,0.12671367942435832
1.6818181818181819,0.47058823529411764,0.47609999999999997,2.0,0.6,0.5323017342463984,0.19577871908719754
1.0833333333333333,0.42857142857142855,0.8278,3.0,0.6,0.8858305175038015,0.03972739293587566
1.6470588235294117,0.6,0.3088,1.0,1.1,0.46403375776427963,0.22895692291494196
1.1724137931034482,0.2727272727272727,0.9606999999999999,2.0,0.4,0.5502975818982928,0.18523726738861765
1.85,0.6923076923076923,0.5864,1.0,0.8,0.237301986015276,0.39375560291573986
1.4090909090909092,0.21052631578947367,0.3833,2.0,0.8,0.7819654733448408,0.0788746138640599
1.4210526315789473,0.75,0.5351,1.0,0.7,0.6754036976576365,0.12482071624578432
1.4444444444444444,0.42857142857142855,0.8091000000000002,3.0,0.9,0.4419587666981597,0.24198938805757828
1.3461538461538463,0.3,0.8287,2.0,0.6,0.5489840415780408,0.1830377086736553
1.9333333333333333,0.75,0.5673999999999999,0.0,0.6,0.1871847008388153,0.4558671164756574
1.1111111111111112,0.125,0.08809999999999998,4.0,0.6,0.3339926801031019,0.3142667244285949
1.6666666666666667,0.4444444444444444,0.4718,2.0,0.6,0.7176373505555466,0.10547376346007024
1.4814814814814814,0.3333333333333333,0.5042,2.0,0.7,0.1854324677080346,0.45079413636969057
1.7777777777777777,0.5,0.20310000000000003,1.0,0.9,0.37124133873215226,0.2870838173128803
1.6111111111111112,0.3333333333333333,0.6596,1.0,0.7,0.4256854283740702,0.25216994765472295
1.4642857142857142,0.5238095238095238,0.6769,2.0,0.7,0.6445805991915651,0.13739085546123492
1.375,0.2631578947368421,0.49410000000000004,2.0,0.4,0.64700518638878,0.1364201739584868
1.7307692307692308,0.5,0.6842,0.0,0.8,0.23978358525486368,0.3944892954702519
1.8421052631578947,0.08333333333333333,0.838,2.0,0.4,0.49025790467080765,0.21546999361811484
1.3571428571428572,0.15789473684210525,1.0094,3.0,0.8,0.5636497145286805,0.17596167765841922
1.3448275862068966,0.15789473684210525,0.8309000000000001,3.0,0.6,0.48143283861097963,0.21909134623391568
1.8421052631578947,0.5333333333333333,0.6956,1.0,0.6,0.6051667870653007,0.15522134883680097
1.2083333333333333,0.23529411764705882,0.6602000000000001,2.0,1.0,0.6714625566164281,0.12504268599838184
1.8235294117647058,0.8461538461538461,0.3738,0.0,0.6,0.5907746839320979,0.16628371318471116
1.44,0.2777777777777778,0.5351,2.0,0.9,0.3555286588174843,0.2996161887643766
1.7142857142857142,0.5333333333333333,0.7267999999999999,1.0,0.5,0.4342702138445799,0.24735285682105979
1.2222222222222223,0.1,0.727,4.0,0.6,0.3358403235444389,0.3130991744237882
1.5555555555555556,0.8181818181818182,0.8666000000000001,0.0,1.3,0.43955718534190374,0.24339434048504888
1.4482758620689655,0.3,0.6787000000000001,2.0,0.7,0.42994329646568047,0.24944824084585568
1.3,0.14285714285714285,0.7134,2.0,0.4,0.6868942225973673,0.11828036496733765
1.28,0.17647058823529413,0.8261,2.0,0.5,0.6551621074566994,0.13246855153398993
1.6,0.45454545454545453,0.2584,1.0,0.2,0.4377094602189464,0.24448681293003025
1.1724137931034482,0.5238095238095238,0.7551000000000001,2.0,0.6,0.3993962797177756,0.2683878122002252
1.4761904761904763,0.21428571428571427,0.8495,3.0,0.7,0.6427374910499113,0.13776711537416247
1.3125,0.375,0.8808,3.0,0.8,0.14683731751888046,0.5071368864737336
1.4166666666666667,0.058823529411764705,0.818,2.0,0.4,0.5542790916795461,0.1801743146259247
1.7407407407407407,0.47619047619047616,0.6425,2.0,1.0,0.45475506268077753,0.24023301682676887
1.5789473684210527,0.13333333333333333,0.49329999999999996,2.0,0.5,0.594758337038303,0.16193806114662512
1.5,1.0,0.07680000000000001,0.0,0.7,0.358966472595551,0.2960868831985869
1.5833333333333333,0.3888888888888889,0.508,2.0,0.7,0.6639097016287903,0.12846129575386034
1.3928571428571428,0.5238095238095238,0.8399000000000001,1.0,0.6,0.1975368704150066,0.44264982477778236
1.48,0.38095238095238093,0.36920000000000003,2.0,0.8,0.322544901475986,0.32525006860135175
1.5416666666666667,0.4375,1.0216,2.0,0.6,0.38894076177814796,0.2766790974879028
1.2222222222222223,0.36363636363636365,0.7023,2.0,0.7,0.7206883063159378,0.10387644287132854
1.894736842105263,0.5714285714285714,0.35150000000000003,2.0,0.6,0.6295183223253761,0.14388598878923728
1.3333333333333333,0.21428571428571427,0.4235,2.0,0.7,0.7272361266446543,0.10146626914807727
1.7272727272727273,0.0,1.0412000000000001,1.0,0.3,0.6417439393252579,0.13857251066148837
1.68,0.4375,0.8913000000000001,1.0,0.8,0.21522276328844142,0.4190437750315711
1.8,0.4117647058823529,0.5959,2.0,0.6,0.6748144230114828,0.12344010386692128
1.6956521739130435,0.625,0.3390000000000001,1.0,0.8,0.6199177230027427,0.14909304211641172
1.064516129032258,0.16666666666666666,0.8282,4.0,1.0,0.753624178120416,0.09020364189093964
1.2666666666666666,0.391304347826087,0.43860000000000005,2.0,0.5,0.7961160995337275,0.0737747273609858
1.6363636363636365,0.5,0.4224,2.0,0.7,0.37666451488203617,0.28429975576862465
1.75,0.4666666666666667,0.7846,1.0,0.5,0.6206710623547845,0.14792338241172412
1.2142857142857142,0.38095238095238093,0.7827,3.0,0.7,0.43019797728692066,0.2501912495126147
1.3333333333333333,0.3157894736842105,0.6648000000000001,2.0,1.0,0.516647784982134,0.20240516124876892
1.608695652173913,0.8125,0.7228,1.0,1.2,0.5306342537859683,0.19680364408743137
1.3225806451612903,0.24,0.845,2.0,0.7,0.6114861066996009,0.1522310702864907
1.5833333333333333,0.7222222222222222,0.7544,1.0,0.4,0.7600970514368198,0.0885436585329544
1.75,0.5,0.7887000000000001,1.0,0.6,0.6976180910871128,0.11363524663283765
1.48,0.5555555555555556,0.7959,1.0,0.7,0.12602771372461785,0.5436701699414561
1.7333333333333334,0.5384615384615384,0.3687,1.0,0.9,0.29243927638425327,0.3482851318316026
1.4482758620689655,0.45454545454545453,0.7563,2.0,0.6,0.7301941075980387,0.10056790944627364
1.75,0.4,0.33120000000000005,2.0,0.3,0.16517227881446916,0.4797333023814544
1.4838709677419355,0.36363636363636365,1.046,3.0,0.9,0.32294851465759145,0.32188222986974907
1.8421052631578947,0.4375,0.3833,1.0,0.6,0.3750471879255527,0.2862220719508732
1.380952380952381,0.8823529411764706,0.49410000000000004,0.0,0.9,0.07138384605295986,0.6230808146076271
1.1666666666666667,0.2222222222222222,0.5820000000000001,2.0,0.8,0.3005201624190599,0.345079758649347
2.0,0.5714285714285714,0.263,0.0,0.3,0.2818844846575327,0.3855742761122774
1.6923076923076923,0.2857142857142857,0.2212,1.0,0.2,0.3003275574839829,0.3421715530254344
1.619047619047619,0.26666666666666666,0.6578,2.0,0.2,0.5811275355474721,0.1669064340325492
1.6875,0.4166666666666667,0.3368,1.0,0.2,0.47800259219084545,0.22094219617449692
1.4242424242424243,0.18181818181818182,1.1836,3.0,0.8,0.5794390656619322,0.16778109050260706
1.3928571428571428,0.3333333333333333,0.7959,2.0,0.9,0.3837512241836232,0.2808200490685307
1.3333333333333333,0.11764705882352941,0.6247,3.0,0.5,0.7163069018283211,0.10567015200917898
1.9545454545454546,0.7647058823529411,0.6227,1.0,0.9,0.6369467750066357,0.14083697264835776
1.4,0.3157894736842105,0.5488000000000001,3.0,0.9,0.2817498928999485,0.3560379071942142
1.4615384615384615,0.4,0.5895,2.0,0.7,0.6978380928361032,0.11446240703275264
1.48,0.3,0.6006,3.0,0.9,0.44325468901832393,0.24307845165045516
1.4782608695652173,0.5,0.8390000000000001,1.0,0.6,0.8830284810088797,0.04068447726774257
1.5909090909090908,0.21428571428571427,0.8116000000000001,3.0,0.4,0.41192570129022077,0.26143826899237027
1.391304347826087,0.2777777777777778,0.4756,2.0,0.9,0.5164673795272434,0.20221313382503414
1.2758620689655173,0.2727272727272727,0.5657,2.0,0.6,0.3494963868056975,0.3041000808662473
1.25,0.05,0.8976,3.0,0.4,0.5022147754116599,0.20922826013267865
1.8888888888888888,0.6428571428571429,0.5512,1.0,0.6,0.48483929699089195,0.21836558672684178
1.375,0.5555555555555556,0.6188000000000001,1.0,0.4,0.6805753746906799,0.12238977582332462
1.6363636363636365,0.9411764705882353,0.6579999999999999,0.0,0.8,0.7814808436396786,0.07942287972852254
1.36,0.21052631578947367,0.7184,3.0,0.7,0.6745337171424854,0.12420946933253862
1.6,0.5263157894736842,0.635,2.0,0.6,0.4651000688998362,0.22842306429171064
1.64,0.631578947368421,0.446,1.0,0.7,0.4560210888871216,0.23398413194431567
1.75,0.4666666666666667,0.7663,1.0,1.0,0.7572526978930987,0.08894365879377977
1.2,0.4,1.4414000000000002,2.0,1.1,0.7069749096285364,0.11000003614860199
1.631578947368421,0.42857142857142855,0.5333,1.0,0.9,0.20017043917056385,0.43136592782583627
1.826086956521739,0.5294117647058824,0.5061,1.0,0.8,0.6399366951801256,0.1400107129488903
1.4583333333333333,0.17647058823529413,0.8765999999999999,2.0,0.7,0.7499494967923198,0.09198348612176921
1.7647058823529411,0.3076923076923077,0.6117,1.0,0.3,0.33070074500179086,0.31580865850473056
1.5217391304347827,0.25,0.5782,2.0,0.5,0.8109353225485938,0.067622857071847
1.3076923076923077,0.2631578947368421,0.8355,2.0,0.5,0.20362488365176518,0.43274704138205
1.5416666666666667,0.5789473684210527,0.5385,1.0,0.5,0.6481174965004523,0.1359414036237546
1.631578947368421,0.2,0.48710000000000003,2.0,0.5,0.2152860511095689,0.4159960571083167
1.0,0.09090909090909091,0.6463,3.0,0.7,0.6465323397570045,0.13636437640692528
1.2222222222222223,0.25,1.1332,2.0,0.9,0.6424262998264095,0.13966105049653466
1.4285714285714286,0.17647058823529413,0.5778,3.0,0.5,0.6572661133994335,0.13122758228176912
1.6,0.2857142857142857,0.8233,2.0,0.7,0.5084982645497395,0.20609477958241915
1.6842105263157894,0.3076923076923077,0.4831,2.0,0.5,0.5734556025688824,0.17082976011125997
1.8421052631578947,0.1,1.1381000000000001,2.0,0.4,0.3485750821782383,0.3028405320640699
1.9333333333333333,0.4166666666666667,0.33019999999999994,1.0,0.3,0.32794698054368837,0.3181133583674282
1.6818181818181819,0.6111111111111112,0.4157,1.0,0.8,0.46539617946109374,0.22834582638122472
1.9047619047619047,0.5,0.7267999999999999,1.0,0.8,0.2439607139940243,0.38758038723381694
1.375,0.2,0.332,3.0,0.6,0.8250662103781513,0.06263235091670832
1.826086956521739,0.4375,0.7571000000000001,1.0,0.8,0.641225806948204,0.1396354048567103
1.5,0.8,0.6001000000000001,1.0,0.5,0.1804200819549716,0.4530243440127043
1.5454545454545454,0.3157894736842105,0.29100000000000004,2.0,0.6,0.49468766319857815,0.2142051934283737
1.7894736842105263,0.6428571428571429,0.20310000000000003,1.0,0.8,0.7596233825503721,0.08855536422634366
1.037037037037037,0.05,0.8337,3.0,0.5,0.21513136406788957,0.41619867562011736
1.32,0.2222222222222222,0.6742999999999999,2.0,0.7,0.7163546290803618,0.10594882227807158
1.6666666666666667,0.5,0.29100000000000004,1.0,0.9,0.6667311046754866,0.12796212237383733
1.6818181818181819,0.5294117647058824,0.4225,2.0,0.7,0.7853210417140949,0.07864453180021197
1.5294117647058822,0.5,0.3368,1.0,0.4,0.23291799934481297,0.41844116611565096
1.65,0.5,0.49410000000000004,1.0,0.3,0.6445677726715414,0.13696016353380663
1.7083333333333333,0.5555555555555556,0.5646000000000001,2.0,0.9,0.6920463942342292,0.11713376571786031
1.4782608695652173,0.631578947368421,0.4557,1.0,0.6,0.4653240335513303,0.22875830219426796
1.6,0.625,0.2791,1.0,0.6,0.8079923084474364,0.06925945056164688
1.4444444444444444,0.5714285714285714,0.6972,1.0,0.7,0.7398171682756204,0.09583632078595757
1.2916666666666667,0.17647058823529413,0.6463,2.0,0.7,0.43195267842959995,0.24859738024268555
1.6666666666666667,0.5,0.7663,1.0,0.5,0.6242707094829174,0.14676479713907278
1.3125,0.22727272727272727,0.8347000000000001,4.0,0.6,0.22961315622054795,0.40111847632800934
1.32,0.2777777777777778,0.7879,2.0,0.9,0.5360114869404978,0.1907421826990256
2.2,0.6,0.6353,1.0,0.8,0.4854243874886881,0.22354029507492745
1.1363636363636365,0.125,0.7023,2.0,0.5,0.6084859299396325,0.15413511427526974
1.48,0.4117647058823529,1.0395,2.0,0.5,0.7414609504502838,0.09589557270252352
1.3125,0.4,0.6349000000000001,3.0,0.6,0.507815686224153,0.20446519990030232
1.588235294117647,0.09090909090909091,0.601,2.0,0.4,0.3782432834153183,0.2841625737313123
1.3666666666666667,0.4090909090909091,0.8261999999999999,3.0,1.0,0.7235917858437965,0.10279813364321291
1.3448275862068966,0.2727272727272727,0.7411,2.0,1.0,0.25469761040036265,0.37796373973319675
1.52,0.5,0.8494000000000002,1.0,0.5,0.5033014889339543,0.20726618910822406
1.5238095238095237,0.5333333333333333,0.6996000000000001,1.0,1.0,0.27897166480960256,0.358976257348376
1.4166666666666667,0.8888888888888888,0.6787000000000001,0.0,0.8,0.3674979735749526,0.29022468455828043
1.9,0.7333333333333333,0.1691,1.0,1.0,0.5571132217927262,0.18243249676211926
1.48,0.3888888888888889,0.7059000000000001,2.0,0.6,0.6159641915697133,0.15034024540537497
1.4782608695652173,0.5625,0.915,1.0,0.8,0.6365024434372097,0.1412540978313236
2.0,0.7,0.295,1.0,0.3,0.5455456270673391,0.18473120719218983
1.0,0.09090909090909091,0.554,3.0,0.6,0.5096045467208163,0.203501298374841
1.625,0.25,1.0057,1.0,0.7,0.3424344198786509,0.3099221878652695
1.4583333333333333,0.3125,0.6692,1.0,0.3,0.38400020705706506,0.2784248534296282
1.5,0.5384615384615384,0.13670000000000002,1.0,0.5,0.46190651269319416,0.23220792788527264
1.1935483870967742,0.3333333333333333,0.7594,3.0,0.5,0.5255845476576687,0.1950166988574529
1.3548387096774193,0.25,0.7227000000000001,3.0,0.7,0.4699279235232829,0.22690804032884415
1.6666666666666667,0.4117647058823529,0.676,2.0,0.5,0.3804319678643311,0.280930651066242
0.9722222222222222,0.14814814814814814,0.884,4.0,0.2,0.3957859616588745,0.27193674144789487
1.5769230769230769,0.6190476190476191,0.5864,1.0,0.7,0.37552039028097234,0.2897741594377076
2.0,0.6,1.0412000000000001,1.0,0.6,0.270586869403646,0.3643018540085313
1.6153846153846154,0.2,0.6537999999999999,2.0,0.6,0.35492019082169546,0.29836813133487455
1.4583333333333333,0.125,1.1877000000000002,2.0,0.7,0.6856338169673322,0.11872409864322263
1.4761904761904763,0.5,0.7526999999999999,1.0,0.5,0.2958569950181445,0.3427887053072169
1.5714285714285714,0.1875,0.7879,2.0,0.8,0.5568497596109102,0.1827581106471351
1.6956521739130435,0.8235294117647058,0.298,1.0,0.8,0.5014957221391205,0.20814574833757313
1.608695652173913,0.5625,0.536,1.0,0.7,0.7096673594754641,0.11020146523562015
1.391304347826087,0.6842105263157895,0.3858,1.0,1.0,0.24143487904226468,0.3911553813504002
1.48,0.5714285714285714,0.3429,2.0,0.8,0.6301280955461598,0.14492048769036178
1.5217391304347827,0.625,0.8091000000000002,2.0,0.7,0.670208689168924,0.12561694631745274
1.3448275862068966,0.5,0.40620000000000006,2.0,0.7,0.2894970221734702,0.3512996284256527
1.24,0.25,0.5769000000000001,2.0,0.7,0.32520549310205144,0.3202758594907786
1.52,0.6470588235294118,0.8966,2.0,1.0,0.5767063299926654,0.17053111743104094
1.608695652173913,0.631578947368421,0.6594,1.0,1.0,0.6440534636494085,0.13863528820300436
1.9473684210526316,0.5714285714285714,0.3994,2.0,0.5,0.1591813663733439,0.5156566908875936
1.3478260869565217,0.125,0.3738,2.0,0.4,0.38957054955993353,0.2762415707028562
1.5185185185185186,0.3,0.8556,2.0,0.3,0.6290163269188098,0.14448512738548613
1.2916666666666667,0.375,0.7954000000000001,2.0,0.9,0.8245033801257704,0.06273457054770089
1.2352941176470589,0.16666666666666666,1.0662,4.0,0.8,0.5516390499715877,0.18157680013298305
1.36,0.7777777777777778,0.9712000000000001,1.0,0.6,0.23474892946047743,0.40566556279440946
1.55,0.13333333333333333,0.5919,3.0,0.5,0.4144405300547247,0.2587916443399537
1.565217391304348,0.6111111111111112,0.6136,1.0,0.6,0.7237125508999269,0.10458541224452937
1.5,0.1875,0.3525,2.0,0.4,0.5440902224514843,0.18544225228234165
1.9333333333333333,0.9090909090909091,0.5036,0.0,0.7,0.44443119733316294,0.24055330417901966
1.28,0.3684210526315789,0.4359000000000001,1.0,0.4,0.3568082135995356,0.29734717961873774
1.4761904761904763,0.6875,0.5812,1.0,0.5,0.7371373260498696,0.09728624845268366
1.4137931034482758,0.3,0.8860000000000001,3.0,0.6,0.45164629613091967,0.23718488907274435
1.6111111111111112,0.625,0.3046,1.0,0.7,0.43379141263600474,0.25209370463756603
1.4545454545454546,0.29411764705882354,0.6244000000000001,2.0,0.4,0.20138522655122867,0.46876735736324743
1.7222222222222223,0.2857142857142857,0.344,2.0,0.7,0.5479514677885762,0.18399445562155772
1.8888888888888888,0.5,0.4336,2.0,0.8,0.409089707466877,0.2622739029580957
1.4705882352941178,0.9230769230769231,0.4549000000000001,0.0,0.4,0.6913286189719765,0.1179687009609977
1.4615384615384615,0.3157894736842105,0.9922,2.0,0.6,0.4062746164287887,0.2655376895686227
1.2272727272727273,0.125,0.5959,2.0,0.6,0.5706142221524431,0.17255246279784767
1.4,0.06666666666666667,0.6362000000000001,2.0,0.3,0.6479490882002417,0.13619125732011111
1.1875,0.20833333333333334,0.8029,3.0,0.5,0.1312537771005248,0.5183947174028187
1.1333333333333333,0.125,0.7978999999999999,3.0,0.9,0.8036120153941332,0.07088339835573985
1.44,0.47368421052631576,0.7239,2.0,0.3,0.5206107544091666,0.19771232895963042
1.4285714285714286,0.5333333333333333,0.5080000000000001,1.0,0.2,0.5597367780119704,0.17751901451682076
1.4285714285714286,0.7333333333333333,0.41370000000000007,1.0,0.3,0.7405651935647384,0.09601150852763561
1.3666666666666667,0.25,0.7536,3.0,0.6,0.2858685538374433,0.35147155320726214
1.68,0.3684210526315789,0.5770000000000001,2.0,0.7,0.726909774520138,0.1023211777021227
1.5769230769230769,0.5,0.5078,2.0,0.9,0.5882023039589042,0.16406120084310477
1.4,0.2631578947368421,0.7025999999999999,2.0,0.9,0.7745749424538834,0.08239623675185673
1.894736842105263,0.5,0.38769999999999993,1.0,0.6,0.6711439013532972,0.12657571627972236
2.0,0.5714285714285714,0.7406999999999999,1.0,0.7,0.7332006776154658,0.09909444049973436
1.6666666666666667,0.42857142857142855,0.7424000000000001,0.0,0.8,0.4004306690580137,0.26794724048781404
1.3103448275862069,0.18181818181818182,0.7178,3.0,0.9,0.49422845818370287,0.21193582290742288
1.2647058823529411,0.4642857142857143,0.6662,1.0,0.6,0.43089356982384597,0.2491421737726012
1.5714285714285714,0.9375,0.5679000000000001,0.0,0.8,0.6744621398250001,0.12457694076540489
1.7222222222222223,0.46153846153846156,0.595,1.0,0.3,0.5100048850881884,0.20331965791594064
1.8461538461538463,0.45454545454545453,0.29960000000000003,1.0,0.4,0.6761841569068313,0.12300645291382406
1.608695652173913,0.35714285714285715,0.9394999999999999,2.0,0.6,0.7812203479280959,0.07943720973631857
1.1875,0.09090909090909091,1.0437,3.0,0.6,0.7237811311226592,0.10251488873839336
1.5238095238095237,0.4,0.6624000000000001,2.0,0.9,0.6801931426697294,0.12147988546673545
1.4444444444444444,0.15,0.6851,3.0,0.5,0.6574157125624377,0.1316930607110741
1.4090909090909092,0.631578947368421,0.3833,1.0,0.9,0.6538710452967107,0.1336354466725745
1.2903225806451613,0.36,0.4958000000000001,3.0,0.6,0.23726311162333338,0.3941644426633805
1.6,0.46153846153846156,0.845,1.0,1.0,0.7451273801980756,0.09455874487315744
1.4545454545454546,0.125,0.8141999999999999,2.0,0.6,0.5918349511537851,0.1622053135951403
1.2857142857142858,0.1875,0.5036,2.0,0.7,0.7717087737630778,0.08294276363275903
1.25,0.21739130434782608,0.5562,3.0,1.0,0.8052516875364666,0.06982896732695591
1.5714285714285714,0.5333333333333333,0.5864,1.0,0.3,0.705184734431537,0.11063907260737177
1.3125,0.2727272727272727,0.8722,3.0,0.5,0.6468716141286707,0.13593764708552494
2.1333333333333333,1.0,0.49310000000000004,0.0,0.9,0.5892099326189848,0.1648453814096031
1.95,0.625,0.5315,1.0,0.7,0.5244958030633315,0.19933407367154432
1.2962962962962963,0.35,0.48,2.0,0.6,0.5502624126004009,0.18257410081973946
1.2352941176470589,0.08695652173913043,1.2281,5.0,0.7,0.13561485598194173,0.5419184732654087
1.5,0.9411764705882353,0.36920000000000003,0.0,0.8,0.3493418773328966,0.3030543600227879
1.4814814814814814,0.47619047619047616,0.4321000000000001,2.0,0.6,0.2583222819408878,0.37739398037384186
1.3461538461538463,0.4090909090909091,0.507,3.0,0.8,0.3069449366325782,0.33563709954530796
1.5333333333333334,0.5454545454545454,0.20310000000000003,1.0,0.7,0.5688176601983934,0.17492958963056454
1.56,0.47368421052631576,0.5837,2.0,0.7,0.31063303283127086,0.3366682016039563
1.7894736842105263,0.45454545454545453,0.6324000000000001,1.0,0.8,0.5890220716990053,0.1630205823582327
1.2173913043478262,0.23529411764705882,0.7247,2.0,0.8,0.5254247102506916,0.19621324810141014
1.9,0.6,0.3515,2.0,0.7,0.535677595232036,0.19572215080154387
1.4545454545454546,0.13333333333333333,0.9186,2.0,0.5,0.7657396092858672,0.0853181021297436
1.5,0.47368421052631576,0.49410000000000004,1.0,0.4,0.7703508966708029,0.08407861549491082
1.6842105263157894,0.9230769230769231,0.40259999999999996,0.0,0.3,0.5450677139764912,0.18791548922764864
1.6666666666666667,0.3333333333333333,0.441,1.0,0.4,0.6347528112013919,0.143061731572425
1.5833333333333333,0.47368421052631576,0.447,1.0,0.7,0.5590716566223247,0.17798669345588763
1.3703703703703705,0.3333333333333333,0.5864,2.0,0.6,0.7447854495721143,0.09456706447189385
1.95,0.5384615384615384,0.6764,1.0,0.7,0.25513227183648957,0.377715006002812
1.3928571428571428,0.21739130434782608,0.5046,4.0,0.6,0.21078596728032645,0.435367214895953
1.7647058823529411,0.5,0.20310000000000003,1.0,0.4,0.5592992219605988,0.17851706449957283
1.6818181818181819,0.3333333333333333,1.2856999999999998,1.0,0.3,0.37366165177415384,0.2919345235977882
1.625,0.5625,0.7851,1.0,0.5,0.5822426654959765,0.16674476928649132
1.2,0.43478260869565216,0.5128,3.0,0.9,0.3693519809830383,0.28829461761517866
1.1666666666666667,0.06666666666666667,0.25780000000000003,3.0,0.3,0.21987922383765465,0.41144067552808217
1.5384615384615385,0.375,0.9848000000000002,3.0,0.8,0.6029258582224105,0.1570792873156481
1.7894736842105263,0.5384615384615384,0.565,2.0,1.0,0.5583394519098562,0.1803103903830299
1.5238095238095237,1.0,0.3028,0.0,1.0,0.23034768988794663,0.4010872106148573
1.32,0.25,0.6648000000000001,2.0,0.7,0.5839124707238122,0.16778101626222436
1.3103448275862069,0.3181818181818182,0.7764,2.0,0.6,0.7997636156717549,0.07200539141351134
1.3333333333333333,0.4117647058823529,0.4239,2.0,0.9,0.38759982824038663,0.276036306648024
1.4137931034482758,0.45,0.8986999999999997,2.0,1.0,0.6719745826422113,0.12481767321998845
1.6521739130434783,0.6111111111111112,0.49410000000000004,1.0,0.8,0.48034279001165786,0.22283938797528308
1.894736842105263,0.75,0.2584,1.0,0.5,0.17337969159738992,0.4615235598294265
1.3448275862068966,0.2,0.9077000000000003,4.0,0.9,0.2654278950069998,0.3724108030503748
1.5,0.35294117647058826,0.6411,2.0,0.9,0.7146470096296003,0.10683506589629804
1.55,1.0,0.5710000000000001,0.0,0.9,0.40223734538101574,0.27633485610296954
1.2666666666666666,0.3,0.916,3.0,0.9,0.10677284719643865,0.5876255712147082
1.7,0.5,0.40540000000000004,1.0,0.5,0.2486097446842183,0.3837611814829896
1.5714285714285714,0.9333333333333333,0.7247,0.0,0.9,0.633553929411445,0.143345301388486
1.3333333333333333,0.35,1.1875000000000002,3.0,0.6,0.5492726198810935,0.18271714818344925
1.4,0.3333333333333333,0.8012,3.0,1.0,0.43722434975216545,0.2447449288345128
1.4545454545454546,0.6,0.7763000000000001,2.0,0.7,0.5265364314009123,0.19494611202913847
1.619047619047619,0.6470588235294118,0.16469999999999999,1.0,0.8,0.1431189080149849,0.5006960432245382
1.8636363636363635,0.5,0.7815000000000001,1.0,0.7,0.35681122420141187,0.29697882750187926
1.8125,0.4166666666666667,0.6136,1.0,0.7,0.740271115047165,0.09589663573947893
1.8888888888888888,0.2631578947368421,0.868,3.0,0.7,0.7499788361902436,0.09181737923223922
1.21875,0.08333333333333333,0.9283000000000001,4.0,0.8,0.3660323435635062,0.29064984278304906
1.4761904761904763,0.42857142857142855,0.6742999999999999,1.0,0.4,0.298029516279811,0.34789492517587883
1.7619047619047619,0.625,0.5961,1.0,0.8,0.7060703537011844,0.11007475660188293
1.52,0.631578947368421,0.6003000000000001,1.0,0.7,0.7295061360294253,0.10044907604701912
1.3225806451612903,0.2916666666666667,0.7502000000000001,4.0,0.5,0.6972988689061694,0.11400667399568895
1.0952380952380953,0.0625,0.38670000000000004,3.0,0.4,0.8018387027638704,0.07160954080076916
1.3333333333333333,0.29411764705882354,0.7763000000000001,3.0,0.4,0.6855062136158444,0.1188016439743861
1.32,0.21052631578947367,0.8523000000000001,2.0,0.6,0.5975741318120122,0.15883897250575707
1.4230769230769231,0.2222222222222222,0.7843000000000001,2.0,0.9,0.40184698733492225,0.26708357404565064
1.8095238095238095,0.8,0.4690000000000001,1.0,1.0,0.3833803183391369,0.2788310624262442
2.1538461538461537,0.4,0.48710000000000003,1.0,0.5,0.2157478588154347,0.41790122469252877
0.896551724137931,0.14285714285714285,1.1718000000000002,2.0,0.6,0.6322141965646872,0.14620185225397514
1.64,0.5294117647058824,0.8012,1.0,0.8,0.31227869053354096,0.32979829210196443
1.6071428571428572,0.42105263157894735,1.0055,2.0,0.7,0.7392009243537428,0.09611361679642792
1.68,0.3888888888888889,0.8981999999999999,2.0,0.7,0.5174134697575327,0.19945122618110137
1.375,0.06666666666666667,1.0811000000000002,3.0,0.5,0.5971074318539498,0.16038947331531014
1.7647058823529411,0.09090909090909091,0.9181,2.0,0.3,0.5968458306473751,0.15940626894080645
1.4230769230769231,0.2857142857142857,0.5249000000000001,3.0,0.7,0.5765527095427596,0.1706235926798091
1.375,0.4666666666666667,0.9234,1.0,0.4,0.7344000930998876,0.09841228903272214
1.7272727272727273,0.5882352941176471,0.5700999999999999,1.0,0.9,0.3068505170844545,0.3366855352256807
1.5384615384615385,0.6190476190476191,0.5136,2.0,0.9,0.42363019179117745,0.2540154977214473
1.44,0.3,0.6433,2.0,1.0,0.4936893057435852,0.21368154322658778
1.3043478260869565,0.47058823529411764,0.6665000000000001,2.0,0.4,0.7177896893837024,0.10527380270003435
1.1333333333333333,0.46153846153846156,0.40620000000000006,2.0,0.6,0.44610053793484805,0.24729584106733143
1.3478260869565217,0.2222222222222222,0.6492,2.0,0.4,0.8078857945209835,0.06887811668669294
1.2307692307692308,0.4375,0.9506999999999999,1.0,0.3,0.3716499695439217,0.2868016563769662
1.56,0.47368421052631576,0.6222000000000001,2.0,0.7,0.32335298114178124,0.32898652159003017
1.3333333333333333,0.631578947368421,0.48810000000000003,1.0,0.6,0.7500647834323884,0.09219043975098634
1.6666666666666667,0.35294117647058826,0.9808,3.0,0.4,0.6904298354023888,0.11808045754785285
1.121212121212121,0.2692307692307692,0.6629,4.0,0.6,0.615922859527277,0.15126610852914646
1.3636363636363635,0.29411764705882354,0.332,2.0,0.7,0.3018064292311516,0.33925381682664385
1.6666666666666667,0.5789473684210527,0.8833,2.0,0.9,0.3343129611678663,0.3175662908500654
1.3333333333333333,0.35,0.6648000000000001,2.0,0.6,0.6670470634404694,0.12738669023245874
2.0833333333333335,0.25,0.5302,1.0,0.3,0.24345913232587799,0.38959587243943017
1.8095238095238095,0.35714285714285715,1.0861,1.0,0.6,0.7313903470624025,0.09931910062678435
1.6363636363636365,0.6666666666666666,0.49410000000000004,0.0,0.8,0.6173185098109288,0.1498141125639904
1.2692307692307692,0.15789473684210525,0.3267,2.0,0.4,0.1387187439194997,0.5200493469294488
1.25,0.2,0.7023,2.0,0.5,0.10725076939890162,0.5542746880548407
1.3333333333333333,0.23529411764705882,1.0029,2.0,0.8,0.7561498732013804,0.08919257435502578
1.08,0.4117647058823529,0.8547999999999999,3.0,1.1,0.39597973150813653,0.2707430514572728
1.2962962962962963,0.35,0.6168,2.0,0.8,0.6124976220374357,0.1518510194827785
1.434782608695652,0.17647058823529413,0.6838000000000001,3.0,0.7,0.7571367304241398,0.08991629621940149
1.736842105263158,0.4166666666666667,0.8347,1.0,0.8,0.7122625413777001,0.10780975362962038
1.1714285714285715,0.2222222222222222,0.915,4.0,0.7,0.6515460703070574,0.13558868026263565
1.7058823529411764,0.23076923076923078,0.2764,2.0,0.6,0.20622803577358623,0.43418965231808043
1.8235294117647058,0.5384615384615384,0.3390000000000001,1.0,0.5,0.48830700662188203,0.2194157628113274
1.206896551724138,0.21739130434782608,0.517,3.0,0.3,0.6954874009042381,0.11470954361173169
1.75,0.75,0.3738,0.0,0.7,0.548514926817313,0.18326724725388274
1.736842105263158,0.5333333333333333,0.45880000000000004,2.0,0.5,0.6553078160786356,0.13308125246982663
1.4583333333333333,0.1111111111111111,0.5778,3.0,0.5,0.26305635061484006,0.3928829184814369
1.9333333333333333,0.7272727272727273,0.48700000000000004,1.0,1.0,0.1362153888578132,0.5091992041876795
1.5625,0.1,0.2212,2.0,0.3,0.7039900916005402,0.11097490062438284
1.3846153846153846,0.3,0.6742999999999999,2.0,1.0,0.47304292992960467,0.2249007718667091
1.5,0.43478260869565216,0.9517,2.0,0.7,0.4424148181334141,0.24277486598361606
1.4137931034482758,0.21739130434782608,0.9694999999999999,3.0,0.8,0.14174429206694203,0.5135773696328338
1.45,1.0,0.2908,0.0,0.7,0.2538951465676012,0.3785434241697389
1.4166666666666667,0.625,1.0102000000000002,1.0,1.1,0.4963256998997045,0.2133705329117807
1.9473684210526316,0.7142857142857143,0.3825,1.0,0.7,0.6390721551470914,0.1411472241872101
1.5,0.3125,0.5174,2.0,0.6,0.420264828570862,0.25590946662887065
1.35,0.8947368421052632,0.1661,0.0,0.5,0.5324983005634913,0.1952384230390896
1.1538461538461537,0.15,0.5563,4.0,0.7,0.7796117235986615,0.07985718342221887
1.3103448275862069,0.3157894736842105,1.0567,2.0,0.6,0.7771702542057561,0.08156184837441822
1.7142857142857142,0.6470588235294118,0.41489999999999994,1.0,0.9,0.6494681676465053,0.1350377927251355
1.6666666666666667,0.375,0.5122,2.0,0.9,0.5907379568918961,0.16255521349478472
1.1538461538461537,0.3157894736842105,0.23550000000000004,2.0,0.2,0.23177373282211355,0.4134286550848554
1.5384615384615385,0.1,0.12890000000000001,2.0,0.1,0.39754441381906813,0.2720005544356465
0.0,0.0,0.0,0.0,0.0,0.0,0.0
1.5,0.4375,1.0216,2.0,1.0,0.6853637601622272,0.11913956288667286
1.75,0.6153846153846154,0.9106000000000001,1.0,0.7,0.36788440635096886,0.29123500030779825
1.8666666666666667,0.6,0.2902,1.0,0.8,0.4297300490905801,0.25017814073354555
1.5384615384615385,0.36363636363636365,0.33019999999999994,1.0,0.5,0.4637535438884873,0.22918342677751397
1.3636363636363635,0.125,0.727,3.0,0.5,0.5362391259381689,0.19029939686445313
1.8235294117647058,0.2727272727272727,0.6792,1.0,0.4,0.4543456344004586,0.23687630389685277
1.2142857142857142,0.0,0.2893,3.0,0.1,0.6580816832982839,0.13092051997088897
1.4782608695652173,0.18181818181818182,0.8583,2.0,0.5,0.260449052884711,0.3738213964146128
1.565217391304348,0.4117647058823529,0.6875,2.0,0.6,0.3152056962916851,0.32777801757998665
1.7894736842105263,0.46153846153846156,0.49329999999999996,1.0,0.9,0.5589903745986494,0.18178805663923386
1.36,0.6,0.6264,1.0,0.9,0.796282738573063,0.07421890496862357
1.2727272727272727,0.38461538461538464,0.6342,3.0,0.6,0.5004176904404833,0.2084840525670952
1.625,0.6,0.49410000000000004,1.0,0.9,0.7009745385215083,0.11425000074579002
1.1818181818181819,0.17647058823529413,0.554,2.0,0.6,0.6597346717889416,0.1307800198895993
1.5,0.35,0.7511,3.0,0.5,0.12861912983736662,0.5830842415491492
1.35,0.5714285714285714,0.4985000000000001,1.0,0.6,0.7017091762768909,0.11296648684981264
1.65,0.3333333333333333,0.4692,2.0,0.7,0.4675924475042842,0.22689600592731862
1.5238095238095237,0.14285714285714285,0.8780000000000001,2.0,0.4,0.4573596515854834,0.23311386282892346
2.0,0.8888888888888888,0.5214,0.0,0.4,0.658687961084192,0.1308048945720081
1.608695652173913,0.3333333333333333,0.45230000000000004,2.0,0.8,0.35290581236050655,0.3000509539201219
1.173913043478261,0.0,1.1337000000000002,2.0,0.3,0.6700411433781266,0.1259664757881976
1.6521739130434783,0.0625,0.5981000000000001,3.0,0.5,0.5462289643555368,0.18501680509594592
1.625,0.8235294117647058,0.6749,1.0,0.5,0.5872767077736034,0.16422563165070697
2.0714285714285716,0.9,0.5856,0.0,0.5,0.5340139075600185,0.1954124027084101
1.3478260869565217,0.5,0.6017,2.0,0.7,0.492062255959705,0.2152308243149552
2.076923076923077,0.7777777777777778,0.4732,1.0,0.3,0.42831365477345024,0.2514425982968893
1.3214285714285714,0.09523809523809523,0.7502,3.0,0.7,0.31843364215963776,0.32655429608636716
1.5925925925925926,0.35,0.7958,3.0,0.7,0.20477606827390094,0.431226990800478
1.9230769230769231,0.8181818181818182,0.16469999999999999,0.0,1.0,0.004533573996098117,0.8897469901975543
2.0,0.9,0.59,0.0,0.6,0.49102887705447074,0.2160591278139796
1.75,0.6470588235294118,0.4610000000000001,1.0,0.6,0.6811656866076331,0.12208048108286462
1.4,0.15789473684210525,0.7465999999999999,2.0,0.6,0.6500624012533596,0.13456216246988853
1.5925925925925926,0.47368421052631576,0.8414000000000001,3.0,0.7,0.5022616786129912,0.2075221729184246
1.7692307692307692,0.3888888888888889,0.9406,3.0,0.7,0.6890475289646816,0.11722801002940962
1.0294117647058822,0.2857142857142857,0.5709000000000001,3.0,0.6,0.7108871342541929,0.1084092680671246
1.2727272727272727,0.1111111111111111,0.38659999999999994,2.0,0.4,0.7573846615631343,0.0896958664773162
1.8421052631578947,0.2857142857142857,0.4692,2.0,0.6,0.41566484007749405,0.258262001372968
1.3333333333333333,0.5714285714285714,0.6028,1.0,0.3,0.519970268887376,0.20193327879035922
1.5555555555555556,0.5294117647058824,0.9085000000000001,2.0,0.7,0.5526357175433169,0.18119750124308712
1.5238095238095237,0.4666666666666667,0.5574,2.0,1.0,0.4800663114882603,0.22175139876850727
1.2,0.35,0.4756,2.0,1.1,0.45153580090221473,0.24157956796019792
1.6666666666666667,0.375,0.6681,1.0,0.4,0.48035513849162814,0.21990517622933087
1.2580645161290323,0.2857142857142857,1.1228999999999998,2.0,0.7,0.7231946063471529,0.10325248001741458
1.5161290322580645,0.3181818181818182,0.6909000000000001,1.0,0.8,0.545426876172063,0.18615563200392843
1.4814814814814814,0.38095238095238093,0.7433000000000001,2.0,0.8,0.7583198012538285,0.08883084356726792
1.2608695652173914,0.35294117647058826,0.8629999999999999,2.0,0.4,0.3086742605724362,0.33506488908267695
1.3214285714285714,0.3,0.8319,3.0,0.6,0.5029142334068097,0.20754091983856213
1.5,0.15,1.2512999999999999,2.0,0.6,0.7851877298850863,0.07778351309947223
1.45,1.0,0.38689999999999997,0.0,0.5,0.5775418809229749,0.16948950058456802
1.4230769230769231,0.10526315789473684,0.8408,3.0,0.4,0.8185081701562688,0.06466214094613369
1.44,0.2631578947368421,0.6648000000000001,2.0,0.6,0.6258391736893008,0.14573963042309893
1.4545454545454546,0.2857142857142857,0.7657,2.0,0.8,0.612396467814327,0.1534901015459665
1.84,0.3157894736842105,0.7515000000000001,2.0,0.6,0.725993458808459,0.10198669359894141
1.1904761904761905,0.29411764705882354,0.37190000000000006,2.0,0.5,0.7923377025755298,0.07506822118211014
1.5909090909090908,0.4,0.6846000000000001,2.0,0.9,0.7657418730892334,0.08577164370562927
1.9333333333333333,0.7272727272727273,0.48700000000000004,1.0,1.0,0.4633992782804418,0.2363102408568518
1.55,0.5625,0.5674,1.0,0.8,0.565166957547252,0.17604296748496112
1.380952380952381,0.5,0.9782,1.0,0.5,0.35380121493223576,0.29925808409103954
1.5217391304347827,0.3125,0.705,2.0,0.9,0.26076630053082284,0.37280361481441987
1.68,0.5263157894736842,0.326,2.0,0.7,0.5556140353019596,0.1796318504776019
1.46875,0.3333333333333333,0.8517,3.0,0.6,0.44066249995596407,0.2438554185493476
1.5862068965517242,0.4,0.8442000000000001,2.0,1.0,0.6111550598823535,0.15244143363518953
1.52,0.2222222222222222,0.6436,3.0,0.8,0.4343723220596918,0.2496253117142607
1.2916666666666667,0.17647058823529413,1.0134,2.0,0.7,0.7994145313519166,0.07202668101514215
1.7727272727272727,0.5625,0.7067,2.0,0.9,0.6572654032653354,0.13120630761708377
1.6956521739130435,0.5625,0.6936,1.0,0.6,0.3011429523955049,0.34317223846912037
1.6111111111111112,0.3333333333333333,0.3892,2.0,0.6,0.6277676255215673,0.14471831866796508
1.7894736842105263,0.3333333333333333,0.44120000000000004,2.0,0.6,0.36665376378672426,0.29014230844538996
1.4761904761904763,0.15384615384615385,1.0223,1.0,0.5,0.37728859652814506,0.2837534106426646
1.6666666666666667,0.47058823529411764,0.7140000000000001,2.0,1.1,0.7119600142584656,0.10797303884159422
1.608695652173913,0.5,0.7931,1.0,0.8,0.798461162096772,0.07252330011724241
2.142857142857143,0.45454545454545453,0.569,1.0,0.5,0.5867720298139127,0.16454248926587922
1.4090909090909092,0.2631578947368421,0.41489999999999994,2.0,0.4,0.2634273157755037,0.37013136377342304
1.4285714285714286,0.35714285714285715,0.6624000000000001,2.0,0.9,0.8114416976693235,0.06766150286679673
1.1724137931034482,0.2727272727272727,0.8012,3.0,0.8,0.3477114740570671,0.3036487536143702
1.9047619047619047,0.6875,0.5471,1.0,0.9,0.3400225753172024,0.30979763676186206
1.2142857142857142,0.09523809523809523,0.8674,2.0,0.6,0.36870466452967915,0.29546472802038953
1.48,0.4,0.71,1.0,0.3,0.74126836845866,0.09558932080920325
1.8571428571428572,0.9090909090909091,0.5673999999999999,0.0,1.1,0.36493862566504903,0.2936160173274336
1.5454545454545454,0.6,0.45230000000000004,1.0,0.5,0.5827797484471835,0.1671274822235006
1.21875,0.375,0.8175,2.0,0.9,0.532380414155963,0.19148158105923108
1.0384615384615385,0.3333333333333333,0.40620000000000006,2.0,0.6,0.7297450699428357,0.10039024542655019
1.391304347826087,0.4117647058823529,0.4692,2.0,0.2,0.3226237178320654,0.32474115448931357
1.4,1.0,0.2584,0.0,0.3,0.25439124119383316,0.3783607197278083
1.4090909090909092,0.0625,0.6802000000000001,3.0,0.4,0.7212748569960296,0.10353146589070844
1.5769230769230769,0.3333333333333333,0.9633000000000002,2.0,0.8,0.4427945356917031,0.24155007568144873
1.95,0.5,0.8356,2.0,0.7,0.3997038271944994,0.2681412667705711
1.4761904761904763,0.46153846153846156,0.59,1.0,0.2,0.584370296537331,0.16877630749632633
1.5416666666666667,0.47058823529411764,0.6972,1.0,0.5,0.5742271755536362,0.1732501282671078
1.2222222222222223,0.0,1.0361,3.0,0.3,0.7585873383810727,0.08825346180766863
1.5833333333333333,0.5555555555555556,0.6463000000000001,1.0,0.6,0.5202519820105217,0.19780968453312026
1.4230769230769231,0.45,0.6283,2.0,0.8,0.7470538357960859,0.09319983634674868
1.7,0.8666666666666667,0.6393,1.0,0.6,0.2436470961902597,0.4054701685304098
1.1388888888888888,0.3333333333333333,0.8841,4.0,1.0,0.873706450951927,0.04407074013867275
1.5555555555555556,0.15384615384615385,0.33120000000000005,2.0,0.4,0.7012166596819291,0.11199879264549387
1.5625,0.9230769230769231,0.4291,0.0,1.1,0.6442893632476014,0.13980754877443835
1.380952380952381,0.125,0.332,3.0,0.4,0.7397453108512381,0.09654152743738297
1.75,0.23076923076923078,0.9255000000000001,1.0,0.5,0.5675925574901372,0.17500810002218836
1.3846153846153846,0.3181818181818182,0.4533,3.0,0.5,0.5610291145985258,0.1786584192595034
1.5217391304347827,0.5294117647058824,0.6925999999999999,1.0,0.6,0.4340431552994029,0.24692950648494313
1.2173913043478262,0.07142857142857142,0.3833,2.0,0.3,0.4125103088919383,0.2642813591548286
1.3076923076923077,0.0,1.4067999999999998,3.0,0.5,0.6045566899450093,0.15580589295264896
1.5185185185185186,0.3333333333333333,0.523,1.0,0.6,0.22712013454907037,0.43761530134313187
1.3333333333333333,0.25,0.7081999999999999,2.0,0.6,0.4195713791960152,0.2616982106702657
0.7586206896551724,0.0,0.7792,3.0,0.4,0.32285807988934273,0.33020902115970835
1.2941176470588236,0.13333333333333333,0.263,2.0,0.5,0.5831123628328971,0.168322590274539
1.5416666666666667,0.5,0.6221,1.0,0.4,0.5307334701784212,0.19375137153349162
1.625,0.2,0.8029999999999999,2.0,0.4,0.7652651424336498,0.08554799272455092
1.2380952380952381,0.0,0.5596,3.0,0.3,0.3319234199919492,0.32379192860891504
1.380952380952381,0.26666666666666666,0.7247,2.0,0.2,0.6958482957709753,0.11441169993366115
1.6666666666666667,0.7333333333333333,0.1985,1.0,0.9,0.32071025223273963,0.32390271355404415
1.5384615384615385,0.3684210526315789,0.5984,2.0,0.4,0.7566493014740083,0.08917005788113755
1.0344827586206897,0.08333333333333333,0.5260000000000001,3.0,0.6,0.6552689935650041,0.1324836038373207
1.608695652173913,0.5625,0.6486,2.0,0.4,0.6508774111144395,0.135097475107543
1.2857142857142858,0.058823529411764705,0.5069,2.0,0.4,0.7624306830897212,0.08669126230185024
1.3846153846153846,0.15789473684210525,0.5388,2.0,0.7,0.6569850666655269,0.13325567449642695
1.4074074074074074,0.3333333333333333,0.5939,3.0,0.5,0.7369647292633592,0.09817876075705011
1.3571428571428572,0.38095238095238093,0.7153,2.0,0.3,0.6148363841984232,0.1530048345188218
1.3846153846153846,0.3333333333333333,0.8807,1.0,0.7,0.8330606111756953,0.05981831079935601
1.3703703703703705,0.38095238095238093,0.41570000000000007,2.0,0.7,0.43267993727271176,0.24854305724274392
1.28,0.3,0.47480000000000006,3.0,0.5,0.17034910474364665,0.4726783656174952
1.0,0.4090909090909091,0.6648000000000001,2.0,0.9,0.7045748012486733,0.11088172962105322
1.5714285714285714,0.5294117647058824,0.5820000000000001,1.0,0.9,0.5025892520296188,0.21208824124161504
1.4090909090909092,0.9285714285714286,0.6152,0.0,0.1,0.304569439841317,0.33616025312047704
1.6538461538461537,0.3125,1.0062,1.0,0.4,0.521644746759916,0.19711235938270985
1.625,0.0,0.6825999999999999,2.0,0.3,0.7266547463983672,0.1013930287485115
1.5,0.29411764705882354,0.2764,2.0,0.5,0.7283535466667462,0.10066452642513367
1.2857142857142858,0.3181818181818182,0.5981000000000001,3.0,1.1,0.5508394997345601,0.18202644250179853
0.8666666666666667,0.2916666666666667,0.5723,2.0,1.1,0.7122448183156749,0.1082077939112397
1.1666666666666667,0.05555555555555555,0.6690999999999999,3.0,0.5,0.6723864484698461,0.1244932630861592
1.2,0.07692307692307693,0.9962000000000001,1.0,0.3,0.2772889652160917,0.3639625111480285
1.40625,0.48,0.5244,2.0,0.8,0.2469285284248082,0.386250027564304
1.4615384615384615,0.16666666666666666,0.8865000000000001,3.0,0.5,0.5330777213950525,0.1925207294372708
1.5925925925925926,0.14285714285714285,0.7092999999999999,3.0,0.7,0.6262011808514857,0.14587612552609935
1.7222222222222223,0.9285714285714286,0.27990000000000004,0.0,0.9,0.5708899123808866,0.17416567451999512
1.5555555555555556,0.8461538461538461,0.8001,0.0,0.5,0.3522581842284371,0.3011299626309056
1.1666666666666667,0.16666666666666666,0.5864,3.0,0.9,0.44009773862277823,0.24577025554688506
1.6666666666666667,0.5,0.29100000000000004,1.0,0.3,0.5407811132702721,0.18765537748317695
2.3076923076923075,0.5,0.7563,0.0,0.4,0.4507911127076937,0.23664857438491624
1.4193548387096775,0.3076923076923077,0.4643,3.0,0.7,0.23756644953112288,0.40232094564924287
1.3448275862068966,0.36363636363636365,0.5385,2.0,0.7,0.6640234763026089,0.1284052400749548
1.4230769230769231,0.25,0.6903999999999999,3.0,0.7,0.8588879405016664,0.04948732255919758
1.5909090909090908,0.5555555555555556,0.35150000000000003,2.0,0.4,0.17830865469736776,0.4672552900413339
1.7647058823529411,0.35714285714285715,0.40129999999999993,1.0,0.7,0.6710470821320411,0.12578946825628443
1.3513513513513513,0.3103448275862069,0.8176000000000001,3.0,0.5,0.6965331100349448,0.11548912105081775
1.24,0.3684210526315789,0.36840000000000006,2.0,1.1,0.42819151284867174,0.25074699138192186
1.434782608695652,0.4444444444444444,0.41369999999999996,2.0,0.6,0.7623202593621865,0.0868910144081198
1.2666666666666666,0.08333333333333333,0.2212,2.0,0.3,0.8054077159016374,0.07049130769322572
1.631578947368421,0.9166666666666666,0.5377,0.0,0.3,0.6705021648012577,0.127312519586588
1.1904761904761905,0.1875,0.43379999999999996,3.0,0.7,0.6634642937514776,0.12847230450062247
1.3,0.43478260869565216,0.6648000000000001,2.0,0.9,0.4188445556322524,0.25846615380347815
1.2142857142857142,0.45454545454545453,0.6338,2.0,0.6,0.6480281709474315,0.1355222291026621
1.45,1.0,0.16469999999999999,0.0,0.9,0.30198746735382187,0.33783002617145336
1.619047619047619,0.6111111111111112,0.4571,1.0,0.9,0.511878055988084,0.2058957336277361
1.619047619047619,0.42857142857142855,0.49410000000000004,1.0,0.5,0.6237587383755531,0.14647749957543957
1.4838709677419355,0.3333333333333333,0.9248000000000001,1.0,0.8,0.5926809525717968,0.16134316385255917
1.3461538461538463,0.6190476190476191,0.4985,1.0,0.8,0.5746143620617042,0.17286934490326747
1.5217391304347827,0.5333333333333333,0.4557,1.0,0.6,0.6414023519258519,0.13883044451111118
1.3703703703703705,0.5,0.4171,2.0,1.0,0.7745059343350004,0.08219543947427148
1.4615384615384615,0.2,0.5127,3.0,0.7,0.3154032420600047,0.33199528619440577
1.4782608695652173,0.3888888888888889,0.6632000000000001,2.0,0.5,0.5190100936303866,0.198506857457607
1.5238095238095237,0.4,0.7867000000000001,1.0,0.6,0.7451276243932311,0.09377674698033123
1.3636363636363635,0.0,0.5725,3.0,0.3,0.7246802884226325,0.1021438249107399
1.6153846153846154,0.47368421052631576,0.7523000000000001,2.0,0.7,0.5707177155221614,0.17211581369318946
1.6666666666666667,0.5714285714285714,0.4146,1.0,0.5,0.6993914725786503,0.11311799965151333
1.7272727272727273,0.4666666666666667,0.5402,2.0,0.5,0.8232999470587125,0.06290912783306843
1.36,0.3888888888888889,0.8841000000000001,2.0,0.7,0.3689411575783839,0.2927933424104726
1.7142857142857142,0.5333333333333333,0.40680000000000005,1.0,0.4,0.6585181616334553,0.1321286490641428
1.8,0.8571428571428571,0.6787000000000001,0.0,0.8,0.4843789439750298,0.220767116976919
1.3103448275862069,0.2608695652173913,0.7602000000000001,3.0,0.5,0.5845889596581755,0.16613651633742316
1.5217391304347827,0.5294117647058824,0.4182,1.0,0.4,0.6240239794313013,0.14694357859836732
1.125,0.2857142857142857,0.8081000000000002,3.0,0.5,0.7471685830344476,0.09319441714652664
1.6666666666666667,0.6428571428571429,0.7809,1.0,0.4,0.3005216804153995,0.3421055995789532
1.3428571428571427,0.19230769230769232,0.7646,4.0,0.8,0.21079128814743614,0.47934097815596116
1.8461538461538463,0.3,0.4936,1.0,0.5,0.361654788515476,0.29383895412301303
1.380952380952381,0.2,0.4385,3.0,0.6,0.5615430159329201,0.17650227497468285
1.5,0.7142857142857143,0.9069999999999999,1.0,1.3,0.6863617953028527,0.1191990767687775
1.72,0.47368421052631576,0.7843000000000001,2.0,0.6,0.7323803752464316,0.09919451784688156
1.3461538461538463,0.5555555555555556,0.9579000000000001,1.0,0.4,0.7796573221845604,0.07999127431034612
1.6111111111111112,0.38461538461538464,0.6463,1.0,0.8,0.7015649163756846,0.11270507191053823
1.75,0.5882352941176471,0.7056,1.0,0.7,0.5376569599973082,0.18868176746623905
1.4333333333333333,0.2727272727272727,0.9278000000000002,2.0,0.6,0.3796924689024178,0.2819610808018378
1.5,0.30434782608695654,1.0852,3.0,0.6,0.32333454983164595,0.3217945734381017
1.24,0.21052631578947367,0.5700999999999999,3.0,0.8,0.27271921384587366,0.36218693163079546
1.8666666666666667,0.9166666666666666,0.3553,0.0,0.5,0.5347972359741967,0.19061057771325168
1.44,0.4,0.7425,2.0,1.1,0.4484743886769085,0.2380173463260974
2.0,0.5555555555555556,0.7613,1.0,0.7,0.30730014392252275,0.3338157420242168
2.0,0.6,0.4607,1.0,1.0,0.5446610524165154,0.18521552195218643
1.4642857142857142,0.15789473684210525,1.0368000000000002,3.0,0.5,0.7333438463035765,0.09863479476277456
1.7727272727272727,0.75,0.5846,1.0,0.7,0.4872604677506711,0.21582278783456874
1.434782608695652,0.4117647058823529,0.9422000000000001,2.0,0.5,0.5268678406654077,0.1943729929782088
1.5925925925925926,0.5714285714285714,0.7764,1.0,0.6,0.5328254199685439,0.19198021490881637
1.7222222222222223,0.1111111111111111,0.8049,3.0,0.4,0.8543483864761734,0.05131793139833206
1.6,0.6111111111111112,0.9567999999999999,2.0,0.9,0.5870298363164802,0.165716033535619
0.9666666666666667,0.42857142857142855,0.78,2.0,0.5,0.5550019911234577,0.1799728902142987
1.5714285714285714,0.25,0.3267,2.0,0.5,0.6440518726429708,0.1371900001158246
1.375,0.5,0.6588,1.0,0.4,0.5201847597908004,0.19784314468757658
1.8333333333333333,0.5333333333333333,0.6003000000000001,1.0,0.7,0.4879526404754606,0.21537469267847134
1.5454545454545454,0.5,0.6463,1.0,0.6,0.7061002707674862,0.11008748116569277
1.0476190476190477,0.1111111111111111,0.2023,3.0,0.4,0.73352222235508,0.09886899766746003
1.56,0.3125,0.7555000000000001,2.0,0.8,0.42616389741846994,0.25819632822071187
2.0,0.5,0.4412,1.0,0.5,0.4331835277817197,0.24948216048921396
1.3333333333333333,0.07142857142857142,0.29100000000000004,2.0,0.4,0.6080801828679308,0.153830995175205
1.56,0.5555555555555556,0.8167,1.0,0.8,0.675927805086011,0.12448354269973988
1.5263157894736843,0.21428571428571427,0.6940000000000001,2.0,0.8,0.4677025799907567,0.22689720711977954
1.0,0.8888888888888888,0.5309,0.0,0.2,0.6932671838123944,0.11742907293343392
1.5454545454545454,0.3333333333333333,0.9127000000000001,2.0,0.8,0.6382421322522934,0.1425710494236988
1.5,0.6875,0.7578,1.0,0.8,0.5101525021071709,0.20532722553139085
1.5,0.4166666666666667,0.4842,2.0,0.8,0.4199298104028087,0.2598771091795146
1.4210526315789473,0.5714285714285714,0.12029999999999999,1.0,0.9,0.2072206710023076,0.4244223208041317
1.7826086956521738,0.5625,0.5959,1.0,0.5,0.27494190424143994,0.3659850902716262
1.5,0.25,0.9976999999999999,3.0,0.7,0.4453512766090217,0.24310155017217022
1.7272727272727273,0.42857142857142855,0.9423,2.0,0.5,0.36684526521557115,0.2900190410973461
1.7142857142857142,0.3076923076923077,0.8107000000000001,2.0,0.7,0.5658712568518284,0.17515956614604267
1.7619047619047619,0.5625,0.263,1.0,0.4,0.7186099081220456,0.10596562340790007
1.3103448275862069,0.3181818181818182,0.7211,3.0,0.8,0.29704680116947,0.3423733180719774
1.2857142857142858,0.13333333333333333,0.5512,2.0,0.2,0.23483525761133636,0.41348440394658226
1.1071428571428572,0.08695652173913043,0.5981000000000001,4.0,0.6,0.307498855433976,0.3468834620534232
1.6956521739130435,0.4666666666666667,1.1213,2.0,1.0,0.5710183731536822,0.1736396485425874
1.7619047619047619,0.5882352941176471,0.3678,1.0,0.8,0.5251810574137485,0.1968874538890358
1.7777777777777777,0.9285714285714286,0.6956,0.0,1.1,0.4808710821994629,0.2214997789329761
1.4090909090909092,0.11764705882352941,0.7109000000000001,2.0,0.4,0.7180685294215503,0.10487488826074809
1.6363636363636365,0.6,0.8778999999999999,1.0,0.7,0.2576638469123016,0.3770153398253734
1.72,0.3333333333333333,0.9497000000000001,3.0,0.9,0.7803734947134655,0.08001347591641339
1.5217391304347827,0.5,0.5466,2.0,1.2,0.4452904463156544,0.24183062505127279
1.6551724137931034,0.47619047619047616,0.8175,1.0,1.0,0.08063231189553383,0.6383530274731004
1.9444444444444444,0.5384615384615384,0.6633000000000001,1.0,0.8,0.3304451633047613,0.3178501437819471
1.5,0.631578947368421,0.27990000000000004,1.0,0.8,0.7615195163689832,0.08796372442411894
1.625,0.5789473684210527,0.5385,1.0,0.6,0.7901891888350576,0.07574351368535175
1.7727272727272727,0.6666666666666666,0.23550000000000004,1.0,0.8,0.28174145989951427,0.3562503526849968
1.7727272727272727,0.4,0.6596000000000001,1.0,0.9,0.18613332360773083,0.4579253922410825
1.6875,0.7,0.16130000000000003,1.0,0.7,0.2915065321648095,0.34677397285668493
1.5384615384615385,0.23529411764705882,0.5928,2.0,0.5,0.4699984501097067,0.2272049080619048
1.6666666666666667,0.625,0.8201,1.0,0.6,0.30546679663336224,0.3368933142997017
1.9285714285714286,0.45454545454545453,0.2764,1.0,0.4,0.45083211553695574,0.23724648553784133
1.3548387096774193,0.36,0.6369,3.0,0.9,0.4443111952593196,0.24048766437141245
1.5625,0.23076923076923078,0.2347,1.0,0.5,0.41216757508696533,0.2619278080669228
1.5416666666666667,0.4375,0.7426999999999999,1.0,0.9,0.6426724396627588,0.13783952824180692
1.4285714285714286,0.09090909090909091,0.2764,2.0,0.3,0.2464735247964237,0.3852326351568263
1.68,0.7,0.43130000000000007,1.0,0.9,0.2599656562764226,0.3809876983630674
1.88,0.5294117647058824,1.1095,1.0,0.6,0.25498466992640245,0.394131979632897
1.5555555555555556,1.0,0.3507,0.0,0.7,0.5437178163835055,0.18559319869259197
1.5384615384615385,0.631578947368421,0.5377,1.0,0.9,0.5849716127769558,0.1659336475024713
1.4827586206896552,0.5652173913043478,0.5343,2.0,0.7,0.7405604694708671,0.09584585909408257
1.5833333333333333,0.6111111111111112,0.6264,1.0,0.9,0.663511791980626,0.1309752495087307
1.4444444444444444,0.35,0.7424000000000001,1.0,1.0,0.3774619837762273,0.29046994133867776
1.56,0.8947368421052632,0.6587999999999999,0.0,0.9,0.7663036343349662,0.08570529770331888
1.6470588235294117,0.5714285714285714,0.4610000000000001,1.0,0.4,0.6104747715971727,0.1534127859081437
1.4,0.2777777777777778,0.5981000000000001,3.0,0.8,0.4600030206770039,0.2314067603189922
1.3448275862068966,0.30434782608695654,0.6821,3.0,0.6,0.6034798385140545,0.1583414851377083
1.3103448275862069,0.045454545454545456,0.7672,4.0,0.7,0.15350985875525208,0.49118914011034753
1.125,0.13636363636363635,0.9492,4.0,0.7,0.46105369425566295,0.23189813465178707
1.5909090909090908,0.47058823529411764,0.4157,1.0,0.4,0.5786934882080901,0.1691443647781192
1.5909090909090908,0.4117647058823529,0.4732,2.0,0.6,0.7723587492061188,0.0826864246562438
1.6470588235294117,0.3333333333333333,0.8931,1.0,0.6,0.5178769617692289,0.2000714302568405
1.625,0.4444444444444444,0.5615000000000001,2.0,0.6,0.20313234926079543,0.5052669027925891
1.3846153846153846,0.35,0.4321,2.0,0.9,0.7368945165608118,0.09749034021589295
1.6363636363636365,0.6111111111111112,0.24750000000000003,1.0,0.5,0.6200018087726529,0.15024048560697936
1.4230769230769231,0.17647058823529413,0.9993,3.0,0.7,0.5497732802489044,0.1836781097261048
1.6,0.47058823529411764,0.7784,2.0,0.7,0.2553855417708377,0.3883965877936995
1.5217391304347827,0.23529411764705882,0.5812,3.0,0.6,0.6720552633811406,0.12472349935438365
1.3225806451612903,0.18181818181818182,1.2091999999999998,2.0,0.6,0.38823447037677045,0.27748305197663187
1.6521739130434783,0.25,0.9820000000000002,2.0,0.3,0.6627781776583849,0.1288252751582196
1.565217391304348,0.13333333333333333,0.5981000000000001,3.0,0.5,0.2846039720482278,0.35243839560102724
1.6666666666666667,0.46153846153846156,0.373,1.0,0.9,0.4306792020595598,0.24987089447577351
1.6470588235294117,0.8333333333333334,0.5666,1.0,0.3,0.4299058032469498,0.2523600374722473
1.75,0.15384615384615385,0.6902000000000001,2.0,0.5,0.41009614290333046,0.261604151037729
1.8235294117647058,0.5833333333333334,0.7263,1.0,0.3,0.32151832256395957,0.3302167723101912
1.5,0.125,1.1057,2.0,0.4,0.7156901517804524,0.1063592765658651
1.6875,1.0,0.5399,0.0,0.9,0.44831676117985875,0.23837070452419934
1.4375,0.5714285714285714,0.2764,1.0,0.6,0.38272153605183357,0.2804707757572747
1.5,0.625,0.3208,1.0,0.7,0.6454463699809102,0.13682033110253705
1.875,0.9,0.7985,0.0,0.3,0.6507969204648638,0.13528166517085832
1.75,1.0,0.4131,0.0,0.8,0.7354015143561098,0.0990838183041613
1.2777777777777777,0.2857142857142857,0.6884999999999999,2.0,0.2,0.43774081726812897,0.245080776584064
1.3157894736842106,1.0,1.0335,0.0,1.0,0.3513073980462185,0.30096191915208165
1.5625,1.0,0.24670000000000003,0.0,0.7,0.48665251319165065,0.21616210205947234
1.7142857142857142,0.6,0.25780000000000003,1.0,0.8,0.7525987233404204,0.09083996617803487
0.7666666666666667,0.9166666666666666,0.3768,0.0,0.7,0.3747247096435025,0.2852202739703447
1.8,0.9,0.20310000000000003,0.0,1.1,0.21243159135643486,0.4183785848761941
1.9333333333333333,0.9090909090909091,0.7993000000000001,0.0,0.8,0.48103339658896377,0.21940207659730562
1.6923076923076923,0.9,0.4936,0.0,1.0,0.15468734039642357,0.49131744851365117
2.0,0.7777777777777778,0.441,0.0,0.2,0.44897183300586513,0.23775719346406357
1.8571428571428572,0.2727272727272727,0.40270000000000006,0.0,0.3,0.5312593489242742,0.19210081322270184
1.375,0.0,0.4307,2.0,0.3,0.4646569241698623,0.2287472554166097
2.0,1.0,0.2764,0.0,0.7,0.12671955992706105,0.5288301084569862
1.5,0.3333333333333333,0.49410000000000004,1.0,0.4,0.5280018247688367,0.1939392988772511
1.8666666666666667,0.8888888888888888,0.5445,0.0,0.5,0.21456523932970684,0.4228020902783677
1.3333333333333333,0.5,0.1707,1.0,0.8,0.4899950723866069,0.21543422415051994
1.3529411764705883,0.0,0.8714,2.0,0.4,0.5074209511757735,0.20501533825990303
1.8,0.2,0.6939,1.0,0.6,0.2625834263190635,0.37954788039304743
1.45,0.625,0.43129999999999996,1.0,0.6,0.6529474031438776,0.13451635236298026
1.7142857142857142,0.5384615384615384,0.1661,1.0,0.4,0.3441992081497725,0.30788655476630244
1.3846153846153846,0.0,0.6591,2.0,0.1,0.5628995746735559,0.17704511425129912
2.2142857142857144,0.8,0.8414999999999999,0.0,0.4,0.13013684700725145,0.5183474372539144
1.7647058823529411,1.0,0.2429,0.0,0.7,0.6742202059258875,0.1255910335393663
1.7692307692307692,0.45454545454545453,0.1661,1.0,0.2,0.7390766135822282,0.09733046482758521
1.8666666666666667,0.7272727272727273,0.6835,1.0,0.5,0.26559162679270554,0.3759904822145331
1.368421052631579,0.8666666666666667,0.6923,0.0,1.0,0.35989543853550376,0.2966104867725013
1.5294117647058822,0.7777777777777778,0.6368,0.0,0.8,0.23968681527225894,0.39236178725342713
1.0769230769230769,0.0,0.12890000000000001,2.0,0.1,0.3371424760255928,0.3113598192120469
1.8125,0.9230769230769231,0.4457,0.0,0.7,0.13432596536735184,0.5163918365520256
1.5333333333333334,0.5384615384615384,0.09230000000000001,1.0,0.9,0.7436207089137231,0.09595030440185587
2.0833333333333335,0.8181818181818182,0.2023,0.0,0.4,0.15103287920856762,0.4902487294609793
1.5555555555555556,1.0,0.5399,0.0,0.9,0.2853821669781676,0.3513162183625062
1.8333333333333333,0.9230769230769231,0.5563,0.0,1.1,0.7037097350507119,0.11183858479323101
1.125,0.8947368421052632,0.4506,0.0,0.6,0.6140701867461424,0.15285002829361546
1.6666666666666667,0.36363636363636365,0.4291,1.0,0.6,0.24306391837497193,0.3884396744585593
0.8571428571428571,0.16666666666666666,0.25780000000000003,2.0,0.1,0.3641583938883356,0.29678983324414204
1.7142857142857142,0.36363636363636365,0.40129999999999993,1.0,0.6,0.16913189274314488,0.46797550488105855
1.6470588235294117,0.8333333333333334,0.6264,0.0,0.6,0.3735333033997976,0.2859134139840764
1.0,0.25,0.1661,2.0,0.6,0.38309731362788374,0.2847397261902545
1.8333333333333333,0.9,0.263,0.0,0.2,0.3287451071585286,0.3175104517101737
1.6666666666666667,1.0,0.5399,0.0,0.3,0.2566411300685171,0.386879670625443
1.9333333333333333,0.9090909090909091,0.49010000000000004,0.0,0.6,0.1727042656522162,0.4680263121186927
1.6666666666666667,0.9,0.7427000000000001,0.0,0.4,0.2728111911586466,0.3654029605050583
1.2777777777777777,0.42857142857142855,0.5820000000000001,1.0,0.7,0.6294085303563814,0.1438606547821837
2.1666666666666665,0.5,0.6881,1.0,0.5,0.3278154008555762,0.3226015104009884
1.5625,0.9230769230769231,0.4571,0.0,0.4,0.5574019548057977,0.18080439583488467
1.9285714285714286,0.9090909090909091,0.4291,0.0,0.7,0.5123985904255799,0.2033223561162996
1.625,0.5384615384615384,0.2764,1.0,0.8,0.6202975707293533,0.14808971566599213
1.7857142857142858,0.3333333333333333,0.1661,1.0,0.6,0.7290117637340159,0.10084302140969165
1.8125,0.9166666666666666,0.7696999999999999,0.0,0.8,0.23438652601923274,0.39812225203864077
1.6666666666666667,0.7857142857142857,0.5094000000000001,0.0,0.9,0.6950200439513513,0.11557596609289894
1.8666666666666667,0.45454545454545453,0.5751000000000001,1.0,0.7,0.3166559925342536,0.33611419349481053
1.7142857142857142,0.875,0.5232,0.0,0.7,0.38849477840896507,0.27864009342922663
1.5625,0.8181818181818182,0.6085,0.0,0.8,0.5867805902573527,0.16528206822784142
1.368421052631579,0.5,0.6828,1.0,0.8,0.23492289501328908,0.3965468081795447
1.875,0.6666666666666666,0.8092,0.0,0.9,0.5325620869745042,0.19232836507530568
1.7894736842105263,0.8,0.7696999999999999,0.0,0.7,0.5962262225458108,0.16180667564361637
1.5294117647058822,0.6923076923076923,0.6922999999999999,0.0,0.7,0.3289664361959797,0.31742384502767484
2.3636363636363638,0.875,0.6777,0.0,0.4,0.09824938325111207,0.5821367939514699
1.2222222222222223,0.15384615384615385,0.12890000000000001,2.0,0.3,0.45246002161030807,0.23689508365440287
1.8666666666666667,1.0,0.2791,0.0,0.5,0.4109796981373179,0.26301502681518363
1.5294117647058822,1.0,0.1661,0.0,0.6,0.5702947156879917,0.17408356444645523
1.5,0.4166666666666667,0.263,1.0,0.6,0.49478769762328684,0.2116259466276821
1.7222222222222223,1.0,0.8382999999999998,0.0,1.1,0.23503325929384558,0.40128145716358843
1.75,0.25,0.2764,1.0,0.3,0.3809741464426961,0.28212654271891907
1.9333333333333333,0.6363636363636364,0.344,1.0,0.9,0.331446869503389,0.3154580014469797
1.9333333333333333,0.6666666666666666,0.5674,0.0,0.4,0.6773693549060846,0.12335972395268456
2.272727272727273,0.375,0.5327,1.0,0.4,0.31066794829230926,0.33456243348574477
1.8,0.9090909090909091,0.5998,0.0,0.6,0.24294135762134897,0.38956288038748105
1.8666666666666667,0.5,0.2584,1.0,0.4,0.2551977920776091,0.3890376317135834
1.9285714285714286,0.9166666666666666,0.373,0.0,0.7,0.3137986457867861,0.3374925210380822
1.1904761904761905,0.16666666666666666,1.4348,1.0,0.7,0.3829948707267876,0.2844000448701523
1.0,0.2222222222222222,0.6603999999999999,2.0,0.7,0.36054993384310574,0.29439766107096926
1.6,0.5384615384615384,0.1661,1.0,0.9,0.12798477682684928,0.5236629197858206
0.8214285714285714,0.19047619047619047,0.6877,1.0,0.6,0.7998170446328703,0.07220746438114621
1.4666666666666666,0.9230769230769231,0.40129999999999993,0.0,0.3,0.3123929951836541,0.33492089047949825
1.4615384615384615,0.125,0.2868,2.0,0.0,0.5419697039390117,0.18651684593665732
1.625,0.5714285714285714,0.29460000000000003,1.0,1.0,0.28520721173229574,0.3575049927381044
1.6111111111111112,1.0,0.24670000000000003,0.0,0.8,0.30620745326615323,0.3416481552548341
1.7333333333333334,1.0,0.3088,0.0,0.9,0.2245887651585445,0.40649300600433186
1.8235294117647058,1.0,0.3532,0.0,0.7,0.47654332403774524,0.22211025091941408
1.1111111111111112,0.07142857142857142,0.6016,2.0,0.3,0.13468986696325327,0.5558880037120465
1.5294117647058822,0.8461538461538461,0.35150000000000003,1.0,0.4,0.5854438402657941,0.16472544268568126
1.4375,0.0,1.041,2.0,0.2,0.274488867141842,0.4096509229983672
1.6666666666666667,1.0,0.5075,0.0,1.0,0.41028232630743283,0.261560249618857
1.380952380952381,0.9230769230769231,0.8859,0.0,0.5,0.4836175306153904,0.21789847585382602
0.9130434782608695,0.1111111111111111,0.8106,3.0,0.7,0.18460634109005128,0.4557600024003091
1.6923076923076923,0.25,0.47870000000000007,1.0,0.4,0.2233146434840478,0.4150878384550433
1.6,0.36363636363636365,0.38670000000000004,2.0,0.4,0.5550007991727396,0.18048134326707513
1.6666666666666667,0.7777777777777778,0.6648000000000001,0.0,0.7,0.5408039334237318,0.18737500497485224
1.3529411764705883,0.4,0.20310000000000003,1.0,0.4,0.6474227496117505,0.13764457565614827
1.9230769230769231,1.0,0.2584,0.0,0.8,0.6767248403853867,0.12389261506874522
1.5,1.0,0.2584,0.0,0.2,0.46110991262442125,0.23241726541085359
1.6875,0.7692307692307693,0.3312,1.0,0.2,0.3797147814049114,0.28392218677416237
1.8461538461538463,1.0,0.07680000000000001,0.0,0.7,0.42089744637446697,0.25561220765781517
1.9411764705882353,1.0,0.44549999999999995,0.0,1.2,0.23405600756408507,0.39855257961753776
1.3333333333333333,1.0,0.257,0.0,1.1,0.23685360187716517,0.40051140389887446
1.75,0.4166666666666667,0.6959000000000001,1.0,0.8,0.21064442904584085,0.4399172672012746
2.076923076923077,0.9,0.49329999999999996,0.0,0.6,0.3823787394755183,0.2810505823289835
1.3529411764705883,0.8333333333333334,0.6368,0.0,0.4,0.5346351953765908,0.1903810598115173
1.45,1.0,0.47870000000000007,0.0,0.5,0.16056557190129192,0.481419670610588
1.380952380952381,0.3888888888888889,0.5381,2.0,0.9,0.7621214765211034,0.08760049582859586
1.8666666666666667,0.9090909090909091,0.41570000000000007,0.0,0.6,0.38814864885274825,0.2780080155114934
1.5333333333333334,0.5,0.4046,1.0,0.5,0.3053635677310106,0.3372513455101684
2.2857142857142856,0.7,0.7696999999999999,0.0,0.7,0.4063866506601477,0.2729342246698087
1.1904761904761905,0.8823529411764706,0.5820000000000001,0.0,0.5,0.7230396126263752,0.10436019086397783
2.230769230769231,0.8888888888888888,0.5715,0.0,0.6,0.19884610171740888,0.4340267004667807
2.272727272727273,0.625,0.4323,0.0,0.4,0.3206895979371973,0.32354155079162794
1.8461538461538463,0.125,0.6036,1.0,0.4,0.3747731172307281,0.2848640260989599
1.4375,0.9166666666666666,0.38769999999999993,0.0,0.5,0.4917200622790808,0.2152907964466508
1.7142857142857142,0.9,0.3234,0.0,0.3,0.43031350755285075,0.24963996952321457
1.4210526315789473,0.9333333333333333,0.6136,0.0,0.7,0.6567254123301077,0.1331594132275433
1.7142857142857142,0.9230769230769231,0.1707,0.0,0.7,0.2900141273871714,0.3584223871155114
1.5,1.0,0.3390000000000001,0.0,0.8,0.5789132515311907,0.1698924685189993
1.4761904761904763,0.9411764705882353,0.6118000000000001,0.0,0.7,0.5094874643192467,0.20632646362751259
1.3,0.4444444444444444,0.1661,2.0,1.0,0.5761606567633248,0.1734205335393754
2.3333333333333335,0.875,0.35229999999999995,0.0,0.6,0.6360633984143763,0.14084800438279607
1.7142857142857142,0.3333333333333333,0.1661,1.0,0.6,0.5568082440045768,0.17943968549696132
1.4375,0.5714285714285714,0.4425,1.0,0.4,0.5141936281589302,0.2010409048893492
1.7857142857142858,0.375,0.9215000000000001,1.0,0.4,0.41781965003631616,0.25905515513378896
2.0,0.5,0.5666,1.0,0.2,0.523641045591175,0.19655420993901687
1.7333333333333334,1.0,0.0444,0.0,0.9,0.32203183772010596,0.3229613295003074
1.7222222222222223,1.0,0.24290000000000003,0.0,1.0,0.5347588832789755,0.19130178379424864
1.5,0.2222222222222222,0.1247,1.0,0.3,0.3217540393289554,0.3284363723515122
1.7692307692307692,0.5555555555555556,0.4046,1.0,0.7,0.5009902280293967,0.2085094811135668
1.625,1.0,0.3390000000000001,0.0,0.5,0.6775786413151415,0.12338521741937641
1.5,1.0,0.3208,0.0,0.8,0.20261001854251098,0.45132399618730296
1.625,0.7777777777777778,0.9087000000000001,1.0,0.9,0.5187324628468072,0.19906951246551768
1.7333333333333334,0.6153846153846154,0.4053,1.0,0.9,0.42097200652750855,0.2567571878475041
1.625,0.7272727272727273,0.7750999999999999,0.0,0.3,0.24338901357254247,0.39382110638038986
1.368421052631579,1.0,0.3858,0.0,0.9,0.38128995162424484,0.2811846682390295
1.5,0.3333333333333333,0.4617,1.0,0.5,0.18371998587108093,0.4939549042013569
1.5,0.6,0.1661,1.0,0.2,0.09377611255901445,0.5835452445605518
1.5,0.5714285714285714,0.3507,1.0,1.1,0.27334263481325205,0.36687209189017117
1.2352941176470589,0.2727272727272727,0.3738,1.0,0.1,0.46493592887688734,0.22887614281747817
1.7058823529411764,0.8333333333333334,0.8808000000000001,0.0,0.8,0.1507281192871624,0.4911987344500549
1.9333333333333333,0.8333333333333334,0.45299999999999996,0.0,0.7,0.4226798714390602,0.25462683293867966
1.7333333333333334,0.8181818181818182,0.441,0.0,0.4,0.33641128639390017,0.31275676070447694
1.4705882352941178,0.5,0.3553,1.0,1.0,0.22899843066412165,0.4056782184345449
1.7692307692307692,0.9090909090909091,0.3368,0.0,0.2,0.3314699776571848,0.31782058888307385
1.45,0.8,0.8699000000000001,0.0,0.6,0.28326937167280564,0.35303507999862443
1.5294117647058822,0.3333333333333333,0.7283000000000002,1.0,0.7,0.14205371057268157,0.5497978432436772
1.4210526315789473,0.9230769230769231,0.44569999999999993,0.0,0.3,0.5247158876233013,0.19934560532872866
1.625,1.0,0.40110000000000007,0.0,1.0,0.3752299816375651,0.2846389204924621
1.4444444444444444,1.0,0.2584,0.0,0.3,0.22042196262733033,0.4120464383350301
1.6666666666666667,0.42857142857142855,0.2023,1.0,0.8,0.17411119306672507,0.4780936930498558
1.5294117647058822,1.0,0.3208,0.0,0.3,0.1657532723343454,0.4979822511469557
1.6666666666666667,0.5,0.1661,1.0,0.7,0.0904285877574704,0.5865512770934511
1.4285714285714286,0.14285714285714285,0.38049999999999995,1.0,0.2,0.38157227585861825,0.2841913112641897
1.588235294117647,0.7777777777777778,0.9525,0.0,0.8,0.30825419773308127,0.33625090227499554
1.9285714285714286,1.0,0.1661,0.0,0.8,0.6550632192094775,0.13219186579714573
1.1578947368421053,0.29411764705882354,0.2584,2.0,0.8,0.5548541639764967,0.18058765465769208
1.3888888888888888,0.9333333333333333,0.4571,0.0,0.4,0.47093567518665896,0.22927366684421688
1.5294117647058822,0.9090909090909091,0.23550000000000001,0.0,0.5,0.48967522867576924,0.2146894497398326
1.8571428571428572,0.7,0.295,1.0,0.8,0.6827860109972147,0.11996607214553967
1.875,0.7692307692307693,0.3074,0.0,0.7,0.5989737002050951,0.15920453790934638
1.6875,0.5833333333333334,0.2151,1.0,0.9,0.18894622546617035,0.4540198705391736
1.3888888888888888,0.26666666666666666,0.33120000000000005,2.0,0.7,0.6819820192570993,0.12151883359470857
1.7692307692307692,0.3333333333333333,0.09230000000000001,1.0,0.5,0.5049999205440476,0.20704351626687548
1.3846153846153846,0.2,0.5342,2.0,0.3,0.5986894197265545,0.15830205557688024
1.5294117647058822,0.5714285714285714,0.1661,1.0,0.9,0.26874421214256217,0.36702172695066165
1.2,0.1875,0.5257000000000001,2.0,0.7,0.18058591883402134,0.497485207029885
1.9230769230769231,0.5714285714285714,0.4546,1.0,0.4,0.15525994760016754,0.5052389794536783
1.1111111111111112,0.25,0.1661,2.0,0.6,0.38607983889847924,0.2780389784274033
1.15,0.3333333333333333,0.24670000000000003,2.0,0.2,0.6102976618021869,0.15416263950540446
2.1538461538461537,0.4,0.9013,1.0,0.6,0.37426126198559423,0.28618500017618453
1.9230769230769231,0.75,0.6923,0.0,0.7,0.279439717962799,0.3593179245427139
1.4210526315789473,1.0,0.3028,0.0,0.8,0.4235898847737791,0.25432779423893426
1.2142857142857142,0.1111111111111111,0.15789999999999998,2.0,0.1,0.32743338819423734,0.33853407533582797
1.7333333333333334,0.9166666666666666,0.4291,0.0,0.4,0.6217407449900204,0.15036686015007905
1.7857142857142858,0.5555555555555556,0.4925,1.0,0.7,0.6601670663569453,0.1299927381207379
1.7333333333333334,0.9166666666666666,0.3553,0.0,0.7,0.5269711999238196,0.19465352048186274
1.75,0.125,0.3833,1.0,0.2,0.8668016488773779,0.04656587410296711
1.75,0.9166666666666666,0.3678,0.0,1.2,0.14714558821445875,0.5219742491409404
1.6666666666666667,0.36363636363636365,0.4182,1.0,0.8,0.5385655391556996,0.18821653947624192
1.75,0.1111111111111111,0.5246999999999999,2.0,0.1,0.5543709044142742,0.18035263432911014
1.7647058823529411,1.0,0.3858,0.0,0.9,0.6035416934969063,0.1567105768219984
1.1666666666666667,0.2,0.0,2.0,0.4,0.21119780267006377,0.42835156873862107
1.3333333333333333,0.15384615384615385,0.0388,2.0,0.3,0.2064586547739641,0.4251259486901357
1.6666666666666667,0.45454545454545453,0.1661,1.0,0.2,0.521301425926207,0.19812737857794602
1.2142857142857142,0.0,0.3892,2.0,0.1,0.4469119127874946,0.24380221651308154
1.4375,1.0,0.24670000000000003,0.0,0.6,0.32123914277525006,0.3235630441318434
1.411764705882353,0.16666666666666666,0.6603999999999999,1.0,0.5,0.22858646781282496,0.41417205876796476
1.6428571428571428,0.5,0.2764,1.0,0.2,0.25170456373266964,0.39240688370616184
1.588235294117647,1.0,0.8954000000000001,0.0,0.4,0.6769585431078291,0.1246333532239165
1.375,0.14285714285714285,0.3525,2.0,0.5,0.38399785105108514,0.27845588569250634
1.7142857142857142,0.36363636363636365,0.24059999999999998,1.0,0.5,0.5225229140312099,0.19680383439344992
1.7857142857142858,0.45454545454545453,0.3687,1.0,0.8,0.5613982988595151,0.17892006323656384
1.6875,0.5384615384615384,0.47870000000000007,1.0,1.0,0.297702133099606,0.34351366967289687
0.8695652173913043,0.5882352941176471,0.5723,1.0,0.2,0.5137424672373603,0.20152263252474226
2.0,0.8181818181818182,0.5399,0.0,0.5,0.3465527072028721,0.30794493585776955
1.5625,0.7,0.6341,1.0,0.9,0.4703923255507769,0.22588011497934904
1.3333333333333333,0.6,0.2791,1.0,0.7,0.7228497762479987,0.10472684673932683
1.8181818181818181,0.125,0.33019999999999994,1.0,0.2,0.5094677198246746,0.2057591452321586
1.8571428571428572,0.5,0.5946,1.0,0.2,0.2736806415252337,0.36118668535651416
2.3076923076923075,0.8888888888888888,0.6594,0.0,0.8,0.6394331289479768,0.14022375319927263
1.2380952380952381,0.875,0.6264,0.0,0.8,0.8143060517422571,0.06636871579532296
2.272727272727273,0.625,0.1782,1.0,0.6,0.1740292873215153,0.46390634812147985
1.411764705882353,0.15384615384615385,0.295,2.0,0.4,0.35497014213553935,0.30343567571581764
1.9444444444444444,1.0,0.5843,0.0,1.1,0.4761420783754793,0.22496137034657204
1.3333333333333333,1.0,0.40080000000000005,0.0,0.5,0.2694758869073162,0.3760132810285734
1.9333333333333333,0.75,0.29540000000000005,0.0,0.4,0.3632058903152638,0.292615856431139
1.5333333333333334,0.5714285714285714,0.1661,1.0,0.9,0.15902473308169515,0.48615071228475487
1.6,0.875,0.43670000000000003,0.0,0.5,0.44513035961131164,0.24028206326301968
1.875,1.0,0.07680000000000001,0.0,0.6,0.5149936902844543,0.2024572535683451
1.8125,0.7692307692307693,0.47950000000000004,0.0,1.2,0.23733111329594647,0.3970670086367328
1.5333333333333334,0.5384615384615384,0.032400000000000005,1.0,0.9,0.234964463213063,0.40037018407871894
1.8125,0.5,0.16469999999999999,1.0,0.8,0.24116665770650164,0.3925247291409413
1.6666666666666667,0.4,0.7460000000000001,1.0,0.7,0.21540453746894211,0.4155102408995321
1.4545454545454546,0.9444444444444444,0.27990000000000004,0.0,1.0,0.6954551424306364,0.11618617972445829
1.3,0.8666666666666667,0.8584,0.0,0.5,0.5456625450849045,0.1860415124208811
1.6666666666666667,0.5384615384615384,0.0,1.0,0.9,0.598079048763539,0.15879383188745408
1.7692307692307692,0.5,0.2023,1.0,0.7,0.29787034578687677,0.3483164921865137
1.6428571428571428,0.3,0.40129999999999993,1.0,0.4,0.2737734854023498,0.36121328329421026
1.7333333333333334,0.9166666666666666,0.4571,0.0,0.3,0.6302242385572823,0.1437264518941661
1.1764705882352942,0.15384615384615385,0.4703,2.0,0.4,0.15071790062878118,0.4972655968232675
1.7272727272727273,0.125,0.2492,2.0,0.2,0.4870549702481252,0.21841995846507128
1.4705882352941178,0.625,0.1661,1.0,1.1,0.6533318002745085,0.13372867434539557
1.8461538461538463,0.5,0.4235,1.0,0.7,0.343503842929561,0.3066156876136159
1.3333333333333333,1.0,0.3208,0.0,0.8,0.3634392788430453,0.29268402797316473
1.0476190476190477,0.125,0.6812,2.0,0.8,0.4372204356737184,0.246225585351671
1.5,0.625,0.5075,1.0,0.8,0.5639295042882375,0.17919506501909307
1.3571428571428572,0.14285714285714285,0.6016,1.0,0.2,0.15192918277406525,0.5465802113980627
1.8571428571428572,0.36363636363636365,0.5394,1.0,0.6,0.48523555738901136,0.21777466014969196
1.7647058823529411,1.0,0.2908,0.0,1.1,0.44328533298109496,0.24374784391830695
1.5238095238095237,0.5,0.3568,2.0,1.1,0.3945017177020453,0.2772674933294559
2.0,0.8181818181818182,0.6740999999999999,1.0,0.7,0.5448959040666462,0.1857601375169152
1.6470588235294117,0.9230769230769231,0.6594,0.0,0.4,0.4988902693377857,0.2135789829961746
1.7142857142857142,0.38461538461538464,0.1661,1.0,0.7,0.2832345185838817,0.3532621502813189
1.4444444444444444,0.375,0.2023,2.0,0.8,0.4881595271277561,0.22155532310739126
1.5263157894736843,1.0,0.36729999999999996,0.0,0.5,0.6496478490493043,0.13574745969522226
1.6111111111111112,1.0,0.3532,0.0,0.9,0.3681702018194159,0.2955033737693684
1.6666666666666667,0.2222222222222222,0.1707,1.0,0.3,0.540708817930486,0.18843183637593156
1.5333333333333334,0.16666666666666666,0.36019999999999996,2.0,0.5,0.5517177819277899,0.18344153803871405
1.173913043478261,0.95,0.2475,0.0,0.4,0.7708492745342765,0.08394392511521417
1.9333333333333333,0.75,0.5673999999999999,0.0,0.6,0.07209325940821878,0.6198978842916166
1.5,1.0,0.1985,0.0,1.0,0.30827419161433417,0.3427594530068685
1.35,0.9375,0.5257000000000001,0.0,0.5,0.6112017457076737,0.15334880387511957
1.75,0.3,0.29100000000000004,1.0,0.4,0.4828418461344808,0.2201216766442482
0.8636363636363636,0.11764705882352941,0.5121,2.0,0.4,0.1427730964437297,0.5531464890812734
1.7058823529411764,0.7857142857142857,0.24750000000000003,0.0,0.9,0.3341529834197489,0.3135933738015132
2.066666666666667,0.9,0.6959000000000001,0.0,0.6,0.28581460963814265,0.35117189058618115
1.736842105263158,0.9333333333333333,0.6118,0.0,1.0,0.3472417222581989,0.30424543643627056
1.75,0.9230769230769231,0.3234,0.0,0.7,0.3299915045937352,0.3185507183079909
1.8125,1.0,0.24290000000000003,0.0,0.6,0.6804123260775383,0.12116661446074989
1.9166666666666667,0.25,0.47870000000000007,1.0,0.4,0.3675941603253195,0.29102274073036644
1.8181818181818181,0.0,0.5469999999999999,2.0,0.1,0.4840429631645428,0.22064811012396643
1.2941176470588236,0.9230769230769231,0.4429,0.0,0.1,0.1280400913155478,0.5217654880006861
1.625,0.4444444444444444,0.7448999999999999,1.0,0.7,0.2904630069215459,0.3624919326711741
1.9285714285714286,0.75,0.263,0.0,0.5,0.2604418423878192,0.37832220039005976
1.0555555555555556,0.1875,0.1707,2.0,0.5,0.4697439681370902,0.2283183604823293
2.076923076923077,0.9,0.4936,0.0,0.6,0.15362918868988115,0.5007264526437771
1.9166666666666667,0.4444444444444444,0.20310000000000003,0.0,0.2,0.5542481060999563,0.18021069001827883
1.5789473684210527,1.0,0.4128,0.0,0.9,0.41590740266950815,0.257985539084069
1.7142857142857142,0.25,0.29100000000000004,1.0,0.1,0.42967707018673523,0.24955484597704516
1.4444444444444444,1.0,0.07680000000000001,0.0,0.6,0.6275317183779446,0.1452688773803278
1.75,0.3333333333333333,0.2584,1.0,0.7,0.2476228905401158,0.43143273545579464
2.0,0.36363636363636365,0.4402,1.0,0.5,0.3775572513178127,0.28546963244277695
1.8,0.75,0.9458000000000001,0.0,0.6,0.38584519343432655,0.28385222193187043
1.8181818181818181,0.16666666666666666,0.5207999999999999,1.0,0.2,0.7136078557504805,0.10685560330034703
1.5263157894736843,1.0,0.3028,0.0,0.4,0.4079694847748911,0.2661448026203931
1.6875,0.2727272727272727,0.7543000000000001,1.0,0.6,0.5991067353346992,0.1585471144030657
1.5,0.75,0.845,0.0,0.7,0.21033629717484167,0.42045825298017986
2.0714285714285716,0.7,0.38730000000000003,1.0,0.9,0.4848280320620887,0.21709931602620985
1.5263157894736843,1.0,0.3208,0.0,0.9,0.1910954490069159,0.4409854941801017
1.8235294117647058,0.9285714285714286,0.4571,0.0,0.8,0.6254352846277528,0.14921983727050245
1.368421052631579,0.4117647058823529,0.2023,2.0,0.4,0.26552114681364436,0.37019832352355975
1.5714285714285714,1.0,0.4011,0.0,0.4,0.6501126892901352,0.13612380764072282
1.6428571428571428,0.625,0.8371000000000001,0.0,0.4,0.2972097500251351,0.3437778910795617
1.631578947368421,1.0,0.46070000000000005,0.0,1.3,0.6870519285816811,0.1194960943432461
2.0714285714285716,0.9166666666666666,0.4402,0.0,0.7,0.4072499413750083,0.2681720116052938
2.0,0.6666666666666666,0.38049999999999995,1.0,0.8,0.5757488783164557,0.17014888295405825
1.9230769230769231,0.6363636363636364,0.2764,1.0,0.3,0.5531637412470075,0.18197180722576867
1.7894736842105263,1.0,0.4128,0.0,0.9,0.3770312166014438,0.2835017922081094
1.6,0.8461538461538461,0.8355000000000001,0.0,0.5,0.21673706450637426,0.4141457626924855
2.3,0.2,0.6505,1.0,0.3,0.6144605765498079,0.15087658363103879
1.5,0.5714285714285714,0.1661,1.0,1.0,0.556634320871027,0.17939602392491102
1.7777777777777777,0.9333333333333333,0.40259999999999996,0.0,1.1,0.6179201937554563,0.15049065565140368
2.0,0.4444444444444444,0.49760000000000004,1.0,0.6,0.6297037805701233,0.1445251421929546
1.0588235294117647,0.0,0.6939,2.0,0.4,0.6184549139059541,0.1505360080541009
1.3157894736842106,0.18181818181818182,0.3833,1.0,0.5,0.4220655621877545,0.25480766226229934
1.631578947368421,0.9375,0.40259999999999996,0.0,0.7,0.5610387937171103,0.17747830278633145
1.6875,0.5384615384615384,0.1661,1.0,0.4,0.21583234862213307,0.420310882594333
1.4285714285714286,0.625,0.5353,1.0,1.0,0.44011196623082466,0.24548744926163418
1.875,1.0,0.6322,0.0,0.9,0.4926914026699698,0.21331903896693688
1.45,0.9285714285714286,0.49410000000000004,0.0,0.7,0.3194193100191035,0.32530093553538847
1.7333333333333334,0.6363636363636364,0.4642,1.0,1.0,0.605416440757634,0.15804504202637074
1.5294117647058822,0.9285714285714286,0.24750000000000003,0.0,0.6,0.5085871919568382,0.20743944993570715
1.6923076923076923,0.2857142857142857,0.2212,1.0,0.2,0.3003278115367032,0.3421713356037375
1.4666666666666666,0.9166666666666666,0.20310000000000003,0.0,0.4,0.31346532650415404,0.3290880969464888
1.2,0.3333333333333333,0.1985,2.0,0.9,0.5302997420834141,0.1926622816878659
1.4444444444444444,0.5714285714285714,0.4471,1.0,0.3,0.2975303449129027,0.3419135047842426
1.55,0.6923076923076923,0.6809000000000001,1.0,0.8,0.2812492478248698,0.3550848254195957
2.076923076923077,1.0,0.36840000000000006,0.0,0.8,0.5506215645241137,0.18202876531465195
1.8666666666666667,0.5833333333333334,0.20310000000000003,0.0,0.8,0.25066696705948455,0.386371420079015
1.6666666666666667,0.8888888888888888,0.29100000000000004,0.0,0.4,0.6293104483384994,0.14530023850671045
1.9333333333333333,0.8181818181818182,0.49410000000000004,0.0,0.6,0.23056935035677514,0.42505164946928675
1.4375,0.9285714285714286,0.2703,0.0,0.5,0.31551819861794306,0.32807863427826184
2.0,0.125,0.5861,1.0,0.4,0.48828316238873676,0.21589654778010253
1.25,0.29411764705882354,0.2584,2.0,0.8,0.29169967181254197,0.346446600899722
1.5625,0.5384615384615384,0.1661,1.0,0.8,0.3318897745995206,0.31925011760355015
1.6470588235294117,0.8333333333333334,0.5666,1.0,0.3,0.4299549491234119,0.2523208121591452
1.6111111111111112,0.9285714285714286,0.42469999999999997,0.0,0.6,0.7340488705086976,0.09932978499914397
1.625,0.6,0.1661,1.0,0.5,0.44115125388674054,0.24297071652531507
1.8461538461538463,0.5,0.295,1.0,0.1,0.6056631404533184,0.1559713667188775
1.9333333333333333,0.6,0.7846,0.0,0.5,0.4418683664855741,0.24195965072405612
1.5294117647058822,0.6,0.29960000000000003,1.0,0.8,0.28668024876523124,0.36011707322100117
1.75,0.7142857142857143,0.3501000000000001,1.0,0.6,0.8449948919777435,0.05483947837772228
2.0833333333333335,0.25,0.5302,1.0,0.3,0.24346275071031145,0.3895927377508915
1.8571428571428572,0.9090909090909091,0.5673999999999999,0.0,1.1,0.48099440622017026,0.22405562596832446
1.6875,0.9166666666666666,0.5494,0.0,0.3,0.6149074243574217,0.15065337590500041
1.3333333333333333,0.3125,0.33120000000000005,2.0,0.7,0.624476011054562,0.14773694307225882
2.0,0.7142857142857143,0.7071999999999999,0.0,0.2,0.657492193359044,0.13121431676135825
1.3,0.6666666666666666,0.24670000000000003,1.0,0.8,0.5073869657373988,0.20821621163425466
1.4285714285714286,0.8,0.3071,1.0,0.9,0.47869440719878326,0.22055414124498152
1.8571428571428572,0.25,0.1707,1.0,0.5,0.5005655167060729,0.21000903406531224
1.4285714285714286,0.09090909090909091,0.2764,2.0,0.3,0.1671711378438129,0.47384583109411094
1.5,0.1,0.2868,2.0,0.2,0.4272735581235899,0.2509491507590926
1.7058823529411764,1.0,0.5054000000000001,0.0,0.7,0.2980908576664398,0.3432137405657769
1.588235294117647,1.0,0.24670000000000003,0.0,0.7,0.3857587122468269,0.2798711950902952
1.375,0.25,0.5445,1.0,0.4,0.3757506015952216,0.2849836952940409
1.9375,0.09090909090909091,0.4118,2.0,0.3,0.23529556310788938,0.39994509208362966
2.0,0.7857142857142857,0.41359999999999997,0.0,0.9,0.3555246286986524,0.29962480136819664
1.5555555555555556,0.8333333333333334,0.8108000000000001,0.0,0.6,0.591914653410169,0.16244779757750583
1.8333333333333333,1.0,0.3532,0.0,0.7,0.2470764239301396,0.3937654633711195
1.6923076923076923,0.3,0.40129999999999993,1.0,0.2,0.6219803838501059,0.14850412861840892
1.5714285714285714,0.0,0.6715000000000001,1.0,0.1,0.7381699686910538,0.09653476213003878
1.9375,0.9166666666666666,0.6118000000000001,0.0,0.8,0.2568309537348824,0.37789077497820883
1.3888888888888888,0.75,0.3553,0.0,0.2,0.16118423162480963,0.48916979971147134
2.357142857142857,0.9,0.5377,0.0,0.7,0.3458412867730587,0.3053749934020772
0.9166666666666666,0.6,0.5820000000000001,1.0,0.4,0.4904974251977867,0.21450084376575873
1.9230769230769231,0.4,0.2023,1.0,0.5,0.2885993818742085,0.34877444718854117
1.9230769230769231,0.125,0.8044,1.0,0.4,0.297127819283142,0.3732005903836946
1.9285714285714286,0.9090909090909091,0.45049999999999996,0.0,0.5,0.198070079679262,0.43398941880487973
1.380952380952381,1.0,0.5399,0.0,0.7,0.7470688205153995,0.09420818243971593
1.75,0.5384615384615384,0.40080000000000005,1.0,1.0,0.2111889782767783,0.42725164820498446
1.5555555555555556,0.8461538461538461,0.6368,0.0,0.5,0.28308141948290727,0.3531977105802819
1.5,0.9333333333333333,0.4122,0.0,0.5,0.7629741967295546,0.08704494789180173
1.6470588235294117,0.9230769230769231,0.5998,0.0,0.4,0.30924294554384163,0.33258917761480966
1.7333333333333334,1.0,0.36840000000000006,0.0,0.9,0.3567970059312256,0.2971699166523115
1.8461538461538463,0.7,0.12890000000000001,1.0,0.2,0.24010079916232543,0.3925179936417564
1.588235294117647,0.6,0.2584,1.0,0.6,0.5322935912983985,0.19444107108710748
1.1176470588235294,0.07142857142857142,0.4113,2.0,0.3,0.7020053630938108,0.11169136350219086
1.6923076923076923,0.14285714285714285,0.554,1.0,0.4,0.23214141811675518,0.4110244931589227
1.8823529411764706,0.7692307692307693,0.6818000000000001,0.0,0.6,0.39560602815883666,0.2709051842736726
1.6428571428571428,0.7142857142857143,0.7195,1.0,0.7,0.7017712858131099,0.11229349789266287
1.4705882352941178,0.5454545454545454,0.8423,1.0,0.8,0.46045908405754826,0.23142896173849842
1.2777777777777777,0.07142857142857142,0.5704,1.0,0.2,0.3816951537851505,0.2817169688953543
2.0714285714285716,0.7,0.38730000000000003,1.0,0.9,0.15533468242387546,0.4835286079491646
1.8,0.45454545454545453,0.6648000000000001,1.0,0.9,0.246470652433995,0.38687542023045396
1.4736842105263157,1.0,0.24290000000000003,0.0,0.5,0.38154809768698145,0.2804646591179616
1.5,0.0,0.546,2.0,0.0,0.41476040935969005,0.265649543517959
1.7692307692307692,0.3333333333333333,0.3738,1.0,0.2,0.41026381748925667,0.2622068633870398
1.368421052631579,0.42857142857142855,0.5820000000000001,1.0,0.8,0.7341508579018643,0.09835828949558334
1.380952380952381,0.9444444444444444,0.24750000000000003,0.0,0.8,0.3372928138303565,0.31106284826039415
1.631578947368421,0.8666666666666667,0.6178,0.0,0.6,0.49002504946824466,0.2153057939085802
1.6111111111111112,0.9375,0.40399999999999997,0.0,0.7,0.25907940864952106,0.37383973606021575
1.6923076923076923,0.8888888888888888,0.5119,0.0,0.4,0.12424232895253369,0.5393223672633036
1.4736842105263157,0.3125,0.4235,2.0,0.8,0.7126539496536753,0.10780267348515056
1.3333333333333333,0.4117647058823529,0.4239,2.0,0.9,0.4019710553046245,0.26668107248627526
1.1666666666666667,0.14285714285714285,0.4842,2.0,0.6,0.8190104709000202,0.06479605745054437
1.375,0.8333333333333334,0.49410000000000004,0.0,0.1,0.4168203895458886,0.2587087741288695
2.1333333333333333,1.0,0.4128,0.0,0.9,0.5437755076588964,0.18590360055349342
2.0,0.5555555555555556,0.37810000000000005,1.0,0.6,0.36659238268942035,0.29123938387107845
1.5294117647058822,1.0,0.21050000000000002,0.0,0.9,0.37947990971750206,0.2848617240054295
2.0,0.6,0.2764,1.0,0.4,0.28023374571455656,0.35785847029258355
1.8,0.2,0.5237,1.0,0.6,0.785384393778813,0.07751512252407705
1.6666666666666667,0.5,0.2584,1.0,0.8,0.3994296368993635,0.2695038520611377
1.4545454545454546,0.9444444444444444,0.42469999999999997,0.0,0.7,0.7952288133311417,0.0744024592993401
1.6666666666666667,0.9285714285714286,0.3833,0.0,0.5,0.6238942452650102,0.14717274638012434
1.5294117647058822,0.5,0.4767,2.0,0.8,0.3454991370864327,0.312133905646687
1.4444444444444444,0.26666666666666666,0.4515,2.0,0.7,0.7033891468007416,0.11172355851789371
1.8125,1.0,0.3028,0.0,1.0,0.18098326273732943,0.46971008404078834
1.3125,0.4166666666666667,0.44760000000000005,1.0,0.9,0.304367716776072,0.3399586692336657
1.5,0.25,0.7108,0.0,0.1,0.5944494725343016,0.16062139051426677
1.4736842105263157,0.9333333333333333,0.5119,0.0,0.5,0.3533615240156101,0.3046045905512917
2.0,0.16666666666666666,0.5603,1.0,0.2,0.2940538231112991,0.35566350625577703
1.5555555555555556,0.8461538461538461,0.7247,0.0,1.0,0.32387325063361366,0.3212235837585224
1.9230769230769231,0.9090909090909091,0.373,0.0,0.7,0.3612375427164848,0.29574094233171627
1.4736842105263157,0.9333333333333333,0.4557,0.0,1.0,0.5199069841869756,0.19817815624586085
1.5384615384615385,0.25,0.21259999999999998,1.0,0.0,0.26646409448730957,0.41681409145956966
1.9375,0.9090909090909091,0.7497,0.0,0.8,0.5381866676228697,0.1917260248706083
1.6428571428571428,0.5,0.1661,1.0,0.2,0.6297706704539001,0.14520964396389674
2.1538461538461537,0.7,0.4546,1.0,0.4,0.34045988228613083,0.30944413717972064
1.7058823529411764,1.0,0.24670000000000003,0.0,0.6,0.6393704471188872,0.14038056114994987
1.588235294117647,0.7272727272727273,0.7184,1.0,0.9,0.41403171778840303,0.26241352078595276
1.5294117647058822,0.8333333333333334,0.49410000000000004,0.0,0.5,0.3913451454140552,0.27359714056181017
1.6666666666666667,1.0,0.5385,0.0,0.7,0.3737609538827824,0.2862323865172682
2.0,0.18181818181818182,0.263,1.0,0.4,0.19274269588615453,0.4762903302215157
1.625,0.5714285714285714,0.1985,1.0,0.7,0.637242189853036,0.14056397581332142
2.142857142857143,0.7,0.3554,1.0,0.9,0.22894619562012344,0.4018481721565069
1.6666666666666667,0.5,0.1661,1.0,0.7,0.6747198315064659,0.12350759690778328
1.9333333333333333,0.75,0.295,1.0,0.4,0.6292652071914415,0.1458230746732675
1.8125,0.9166666666666666,0.5379999999999999,0.0,0.5,0.4461412313483333,0.2447907121962354
1.4736842105263157,0.8571428571428571,0.5864,0.0,0.7,0.47461122036449244,0.22804516313006992
1.75,1.0,0.3532,0.0,0.8,0.6973960356933859,0.11514252955427827
1.6111111111111112,1.0,0.5519000000000001,0.0,0.8,0.4020257689790846,0.2666977058600255
1.6666666666666667,0.4444444444444444,0.5027,1.0,0.6,0.16470682573051973,0.48002463591796346
1.2666666666666666,0.09090909090909091,0.25780000000000003,2.0,0.3,0.31862324053382224,0.3249100221119284
2.0,0.9090909090909091,0.4174,0.0,1.0,0.17366868072045655,0.4611609012230703
1.625,0.6153846153846154,0.295,1.0,0.9,0.36123982583513764,0.2949017512546956
1.2105263157894737,1.0,0.29460000000000003,0.0,0.3,0.3897650755448201,0.27649025482924855
1.4375,0.0,0.9083,2.0,0.3,0.48219219571398664,0.2209755346721095
2.3846153846153846,0.7,0.3354,0.0,0.7,0.49677808836074816,0.21210074975940657
1.6666666666666667,1.0,0.07680000000000001,0.0,0.9,0.19554787847773117,0.43607877091966035
1.6666666666666667,0.8181818181818182,0.554,0.0,0.5,0.559309387550244,0.17977944599759763
1.5294117647058822,0.3333333333333333,0.1661,2.0,0.7,0.180812636787928,0.4991062949968898
1.8125,0.4166666666666667,0.49329999999999996,1.0,0.7,0.7002196871048909,0.11377160967263213
1.6470588235294117,1.0,0.6278,0.0,1.2,0.49040677645393593,0.22045272515502684
1.4375,0.4,0.44480000000000003,1.0,0.2,0.4896070415250157,0.2177799334278364
1.6875,0.8181818181818182,0.7247,0.0,0.5,0.5309146114764464,0.19313358088081367
1.8571428571428572,0.3,0.6777,1.0,0.5,0.7412641854860036,0.09564173198915178
1.8571428571428572,0.9090909090909091,0.4291,0.0,0.3,0.46886605345400345,0.22893354005464298
1.105263157894737,0.9333333333333333,0.44760000000000005,0.0,0.2,0.4373197350481929,0.24685616844478628
1.9285714285714286,0.9,0.4977,0.0,0.4,0.2135854660142797,0.4242608862843003
1.7333333333333334,0.6153846153846154,0.295,1.0,0.9,0.23723557393112624,0.3939138448353956
1.5294117647058822,0.8461538461538461,0.6043999999999999,0.0,0.7,0.5179624241378753,0.20078314575537176
2.0,1.0,0.29460000000000003,0.0,0.3,0.3282185991911534,0.3176614528525494
2.1666666666666665,0.6666666666666666,0.20310000000000003,0.0,0.2,0.13696707921448864,0.523404096456628
2.076923076923077,0.5555555555555556,0.44020000000000004,1.0,0.7,0.47935266992348996,0.2217730769565183
1.4615384615384615,0.125,0.2379,1.0,0.0,0.24288334262112737,0.4177352827202625
1.5384615384615385,0.09090909090909091,0.2023,2.0,0.3,0.5733412594560463,0.17062759316850104
1.5714285714285714,1.0,0.2908,0.0,0.3,0.6205697210014933,0.14880634945492766
1.6875,0.4166666666666667,0.3354,1.0,0.3,0.5203049525073867,0.19800995514101188
1.6875,0.8571428571428571,0.7750999999999999,0.0,0.3,0.22409825327239064,0.41007709908824996
1.6470588235294117,0.8461538461538461,0.5835,1.0,0.8,0.4297389706775587,0.24933996116446625
1.6666666666666667,0.5384615384615384,0.3687,1.0,0.9,0.35070948694959947,0.30554599335560273
1.5263157894736843,0.9333333333333333,0.3678,0.0,0.9,0.509495891555928,0.20684902508438224
1.9375,0.7272727272727273,0.6324000000000001,0.0,0.7,0.5132708922585342,0.2019502488371398
1.0526315789473684,0.23529411764705882,0.29100000000000004,2.0,0.6,0.5381168158098184,0.1886554553239964
1.2272727272727273,0.8,0.8175,0.0,0.4,0.6988690395455048,0.11351088390515146
1.8888888888888888,0.7857142857142857,0.6118,0.0,0.6,0.5006005042884347,0.20843714632912583
1.7647058823529411,1.0,0.21050000000000002,0.0,1.1,0.08661145121024098,0.6212721233878669
1.9230769230769231,0.0,1.1846,1.0,0.2,0.38153264526299546,0.28107826939040353
1.631578947368421,0.9230769230769231,0.6264,0.0,0.9,0.8199595986821564,0.06475863490903074
1.434782608695652,0.2857142857142857,0.9898,1.0,0.7,0.29951093099843173,0.3451357719617028
1.1666666666666667,0.2,0.2602,2.0,0.7,0.7528104132627563,0.091474522586469
2.0,0.5,0.5691,1.0,0.6,0.2785702158875156,0.3594713228308613
2.0714285714285716,0.5454545454545454,0.6076,1.0,0.8,0.2146118202690937,0.4191870140971802
1.4444444444444444,0.5714285714285714,0.2023,1.0,0.8,0.7834095820110549,0.07905514397271086
1.0476190476190477,0.8666666666666667,0.43860000000000005,0.0,0.7,0.616288890421086,0.15197631832041741
1.8,0.8,0.8141999999999999,0.0,1.0,0.2873829096653132,0.35199135227671047
1.8,0.25,0.5812,1.0,0.3,0.4873318393473383,0.21835771805689022
1.8,0.8,0.8141999999999999,0.0,1.0,0.2973286987025091,0.34537901511211616
1.588235294117647,1.0,0.1661,0.0,0.6,0.20835661843118083,0.4495623989480048
1.6470588235294117,0.15384615384615385,0.3234,1.0,0.5,0.33006580211421727,0.3261212336800353
1.4736842105263157,0.9333333333333333,0.5257000000000001,0.0,0.4,0.6256204456682145,0.14603958539696738
1.75,0.125,0.1707,1.0,0.2,0.6188436755820856,0.1489533688405852
1.5625,0.46153846153846156,0.4113,1.0,0.8,0.40886017515614004,0.2624858358078008
1.6875,0.5714285714285714,0.7851,0.0,0.3,0.1281073764194677,0.5261279834206436
1.75,0.2222222222222222,0.1707,1.0,0.4,0.5498499843627919,0.1827657809888631
1.9333333333333333,0.3,0.8059000000000001,1.0,0.6,0.44642122432590237,0.23990874181205527
1.9230769230769231,0.3,0.4653,1.0,0.5,0.49187150457739026,0.21577817538915578
1.4736842105263157,1.0,0.16469999999999999,0.0,1.0,0.271915083928114,0.3654325375315692
1.15,0.0,0.2868,3.0,0.4,0.2657910920646049,0.3903135292005065
1.6111111111111112,0.625,0.36840000000000006,1.0,1.0,0.5240420110611123,0.1992777781978213
1.3157894736842106,1.0,0.8092,0.0,0.8,0.15875687299294144,0.4810184947232589
2.090909090909091,0.625,0.1782,1.0,0.5,0.46856219155276874,0.22970019905438
1.380952380952381,0.7,0.2764,1.0,0.6,0.6827646665854014,0.12225276128663487
1.2352941176470589,0.07142857142857142,0.5512,2.0,0.4,0.20519877010214108,0.42818766951336756
1.0952380952380953,0.058823529411764705,0.6383,3.0,0.5,0.1776003957040037,0.46568676044648327
1.5625,0.5714285714285714,0.2584,1.0,0.6,0.2337570567507579,0.4114467860284198
1.8461538461538463,0.4,0.2584,1.0,0.3,0.3200591124724689,0.33331299361171074
1.8333333333333333,0.0,0.7559,2.0,0.1,0.31462544622138555,0.3530746614085704
1.588235294117647,0.9230769230769231,0.5119,0.0,0.6,0.6472363909058083,0.13807900979777676
1.6470588235294117,0.5,0.3368,1.0,0.8,0.4146106015351885,0.2589900123908405
1.8,0.45454545454545453,0.2764,1.0,0.3,0.3920802943966174,0.2732074077951815
1.6875,0.35714285714285715,0.40129999999999993,1.0,0.7,0.7269378754852868,0.10153358820185793
1.2380952380952381,0.9375,0.5445,0.0,0.6,0.18109558792683209,0.452418247459562
1.6470588235294117,1.0,0.3322,0.0,0.7,0.5856255217839029,0.16711818780646834
1.7142857142857142,0.8,0.6921,1.0,0.4,0.40140724581931564,0.2670684245509873
1.368421052631579,0.3125,0.38730000000000003,2.0,0.8,0.3477274915634716,0.30518199800875606
1.5,0.3333333333333333,0.6071,1.0,0.1,0.5838065811860427,0.16641233363280644
1.9285714285714286,0.5,0.2764,1.0,0.4,0.5757641564380077,0.17085499510331745
1.5384615384615385,0.25,0.42160000000000003,2.0,0.3,0.2573387779794642,0.4158553362234518
1.7333333333333334,0.4,0.6337,1.0,0.6,0.5730693593569905,0.17233602786641392
1.0,0.2,0.3786,2.0,0.2,0.4187753294018351,0.25783842347067637
1.8125,0.6,0.8125999999999999,0.0,0.3,0.4071134424851437,0.26339939254349154
1.6875,0.5384615384615384,0.3687,1.0,0.4,0.6343336236039416,0.14160194385943387
1.5333333333333334,0.45454545454545453,0.2023,1.0,0.5,0.4330289390261467,0.2484621342208911
1.9090909090909092,0.25,0.3687,1.0,0.4,0.22704108744170326,0.47478413579842466
1.7647058823529411,1.0,0.5231,0.0,0.7,0.3662282613088418,0.2912047778513264
1.6666666666666667,0.6923076923076923,0.2023,1.0,0.5,0.3031847847506825,0.34161061098413903
1.4,0.3333333333333333,0.0,2.0,0.5,0.1567736363415321,0.4834258564010216
1.5,0.4117647058823529,0.5009,1.0,0.5,0.6360482776435269,0.14131514752342297
1.5384615384615385,0.0,0.6962,2.0,0.2,0.7122555407785605,0.10746059929942559
1.6111111111111112,0.9333333333333333,0.47950000000000004,0.0,1.1,0.31902764117197935,0.32470705748084844
1.8666666666666667,0.7777777777777778,0.6781,1.0,0.2,0.38347638897844716,0.2787965031566378
1.625,0.6153846153846154,0.295,1.0,1.0,0.4358962191698985,0.24630190427380844
1.4,0.9411764705882353,0.4571,0.0,0.4,0.5474315789983251,0.1856176492387207
1.3157894736842106,0.7857142857142857,0.6188,1.0,0.1,0.4109994507314299,0.26113616242584353
1.8666666666666667,0.9166666666666666,0.3044,0.0,0.8,0.49515846996983254,0.21258013049948718
1.7222222222222223,0.9166666666666666,0.5385,0.0,0.7,0.5611563119673395,0.17844190078751762
1.5263157894736843,0.9375,0.3746,0.0,0.9,0.4658664071705804,0.22786631783507916
1.2352941176470589,0.13333333333333333,0.2607,2.0,0.4,0.469254896931491,0.22953988689853536
1.5,0.5714285714285714,0.2764,1.0,0.5,0.4287679808167356,0.25503128280979076
1.7857142857142858,0.9090909090909091,0.6036,0.0,1.1,0.19754502588400283,0.43408541176119725
1.2352941176470589,0.2,0.3525,2.0,0.6,0.49323208418993514,0.21313553054894774
1.25,0.23529411764705882,0.4054,2.0,0.8,0.34347634998251,0.3066623523266457
1.5,0.36363636363636365,0.3738,1.0,0.6,0.46355607155858886,0.23153393338551642
1.9333333333333333,0.9090909090909091,0.49010000000000004,0.0,0.6,0.3015562092418619,0.3401029657981774
1.4375,0.9230769230769231,0.29540000000000005,0.0,0.4,0.38881624689252453,0.2756545839833124
1.625,0.36363636363636365,0.7776000000000001,1.0,0.9,0.514732766746087,0.20274876727023497
1.5333333333333334,0.4,0.5437,1.0,0.6,0.48881670423709356,0.2221196001239368
1.4375,0.2727272727272727,0.5094000000000001,2.0,0.5,0.1908097492415389,0.46272640817907806
1.625,0.75,0.37670000000000003,1.0,1.1,0.15500049035448332,0.5322742415038314
1.7857142857142858,0.2222222222222222,0.5105,1.0,0.6,0.2310641181808222,0.47491974167595813
1.9285714285714286,0.8181818181818182,0.12029999999999999,0.0,0.5,0.55293981007136,0.18185906063137788
2.0,0.4444444444444444,0.8703,2.0,0.6,0.49211071591542555,0.21357998993472865
1.45,0.6666666666666666,0.3046,1.0,1.0,0.7007926003822038,0.11458675188270703
1.4615384615384615,0.25,0.0,1.0,0.1,0.38045244987466087,0.2816811354332477
1.3333333333333333,1.0,0.24290000000000003,0.0,0.5,0.25679998016520617,0.3777801228923564
1.6470588235294117,0.7777777777777778,0.8584,0.0,0.8,0.394744919051513,0.27339932186031884
1.5263157894736843,1.0,0.5061,0.0,0.7,0.7311318691798732,0.10124239209306717
1.3571428571428572,0.07692307692307693,0.2023,2.0,0.3,0.40487890622688577,0.2692255575066322
1.7647058823529411,1.0,0.4128,0.0,0.6,0.46594351338348616,0.23062841499290793
1.8235294117647058,1.0,0.5881000000000001,0.0,0.9,0.5200421954931405,0.1992457389709435
1.5833333333333333,0.75,0.5260000000000001,0.0,0.1,0.3768979178739825,0.284606155914562
1.3181818181818181,1.0,0.6722,0.0,0.4,0.7963449059582706,0.07372678399303421
1.3,1.0,0.2584,0.0,0.4,0.48427784553149644,0.2199646556184045
1.4210526315789473,0.8666666666666667,0.6043999999999999,0.0,0.8,0.17874292143317688,0.45615355234129457
1.75,0.6666666666666666,0.5804,1.0,1.0,0.3894186738668146,0.27671157797771667
1.7692307692307692,0.0,0.29960000000000003,1.0,0.2,0.2720855412862575,0.3759314194131618
1.7333333333333334,0.5384615384615384,0.0444,1.0,0.9,0.3997806505612073,0.27226832816215885
0.7916666666666666,0.125,0.7476,2.0,0.2,0.3264416224172268,0.33908749797132076
1.8,0.8333333333333334,0.441,0.0,0.4,0.16944128505549808,0.470071088903743
1.3888888888888888,0.9166666666666666,0.5769000000000001,0.0,0.4,0.6670752875106541,0.12821958049855645
1.8461538461538463,0.5,0.2764,1.0,0.4,0.23960232527262376,0.39523000189840474
1.6875,0.5714285714285714,0.2584,1.0,0.5,0.6081085665250107,0.1550262100414702
1.3157894736842106,0.38461538461538464,0.40620000000000006,1.0,0.8,0.4381609418421001,0.24420612002346456
1.8571428571428572,0.9,0.5494,0.0,1.1,0.7287533327740379,0.10113347889224292
1.8,0.25,0.45289999999999997,2.0,0.5,0.5321820920115969,0.1933887880273077
1.6666666666666667,0.0,0.43090000000000006,1.0,0.2,0.6124037746859737,0.15223278454234426
1.9333333333333333,0.8571428571428571,0.9329000000000001,1.0,1.0,0.3451077484377466,0.3075038460590447
1.1875,0.0,0.37810000000000005,2.0,0.2,0.1771033630915211,0.46009424282783395
1.3333333333333333,0.8,0.6648000000000001,0.0,0.6,0.5549012929482308,0.18310419894336327
1.5333333333333334,0.45454545454545453,0.5751,1.0,0.2,0.4729652164331664,0.22462232622590952
1.75,0.46153846153846156,0.4633,1.0,0.8,0.14056400258397428,0.504665926307309
1.4285714285714286,0.5,0.2023,1.0,0.2,0.6146526969069128,0.1523867693870493
1.6666666666666667,0.7142857142857143,0.4661,0.0,0.7,0.3974762837603024,0.27372756435443774
1.4666666666666666,0.9166666666666666,0.23550000000000001,0.0,0.3,0.6312739786297423,0.14370124840693682
1.4,0.4,0.6956,1.0,0.9,0.36208412256896727,0.30180566732439673
1.4444444444444444,0.4,0.3738,1.0,0.5,0.3642474873333076,0.2938174689391122
1.75,0.8181818181818182,0.8422,0.0,0.5,0.3018084523472169,0.34014285495502244
1.4210526315789473,0.9375,0.36920000000000003,0.0,0.7,0.23043600713515355,0.4007738453371823
2.0,0.1,0.6954,1.0,0.4,0.4441163428515817,0.24078059590970016
2.066666666666667,0.7272727272727273,0.7696999999999999,0.0,0.9,0.2889678029460162,0.3489075595276536
2.0,0.6666666666666666,0.38049999999999995,1.0,0.3,0.4793635455831218,0.22179454890173153
1.35,1.0,0.24670000000000003,0.0,0.9,0.16965728114566017,0.4657411029200807
2.111111111111111,0.7857142857142857,0.5015,0.0,0.9,0.3721063729293155,0.2864688711417554
1.588235294117647,0.5384615384615384,0.2347,1.0,0.9,0.56111449281751,0.1796261259900759
1.9333333333333333,0.18181818181818182,0.5435,1.0,0.5,0.7437407898840179,0.09467522312208994
1.588235294117647,0.9090909090909091,0.5445,0.0,0.5,0.18898528502430195,0.44426542022445153
1.7333333333333334,0.9230769230769231,0.2151,0.0,0.4,0.4860290965241467,0.21797148876244526
1.8,0.9166666666666666,0.3833,0.0,0.8,0.608740510518313,0.15685050264147407
1.2272727272727273,0.42105263157894735,0.295,2.0,1.0,0.6904136619624699,0.11726850937263901
1.2222222222222223,0.13333333333333333,0.263,2.0,0.4,0.5315005039526374,0.19602851430687526
1.875,0.8181818181818182,0.6921,1.0,0.6,0.29079219159609504,0.34698278536615473
1.588235294117647,0.5714285714285714,0.18460000000000001,1.0,0.7,0.2001390356449888,0.4666590239667809
1.3,0.9166666666666666,0.8998,0.0,0.5,0.5363424238623948,0.19084464461920975
1.6,0.5384615384615384,0.3088,1.0,0.9,0.11509521494060651,0.5451047530979515
1.4666666666666666,0.5,0.18460000000000001,1.0,0.8,0.7989423921257428,0.07221033672002487
1.7222222222222223,0.5333333333333333,0.4457,1.0,0.6,0.5624566360937567,0.17673863675992985
1.3333333333333333,0.9090909090909091,0.6692,0.0,0.3,0.543164124694014,0.18653676619988627
1.7058823529411764,0.8333333333333334,0.6487999999999999,0.0,0.4,0.510403958986637,0.2092298541281942
1.6923076923076923,0.25,0.6939,1.0,0.5,0.40324933605032204,0.26602551778310995
1.8,0.1,0.6692999999999999,1.0,0.4,0.6261387916089406,0.14711295903239285
1.6470588235294117,0.9230769230769231,0.40540000000000004,0.0,0.5,0.5231211309364735,0.19634094378929273
1.5333333333333334,0.2222222222222222,0.29100000000000004,1.0,0.2,0.28622753574532944,0.36692323859936904
1.1428571428571428,1.0,0.3687,0.0,0.3,0.4463126398165028,0.24335284490007902
1.5555555555555556,0.5,0.46149999999999997,1.0,1.0,0.19283955147682827,0.43920921933001156
1.8125,0.6363636363636364,0.7705000000000001,0.0,0.9,0.2306340272428005,0.4013282988611192
1.1818181818181819,0.2222222222222222,0.5820000000000001,2.0,0.8,0.29225306638489296,0.3529803110168057
1.8666666666666667,0.9090909090909091,0.33980000000000005,0.0,0.7,0.2795011999131529,0.3664473816048169
1.7142857142857142,0.9090909090909091,0.47950000000000004,0.0,0.4,0.5811575526131095,0.16738391466207922
1.7142857142857142,0.36363636363636365,0.1707,1.0,0.5,0.3705463450559424,0.29316308313205663
2.0,0.7,0.295,1.0,0.3,0.6844280915167481,0.11939300680156016
1.6470588235294117,1.0,0.5533000000000001,0.0,0.7,0.264095964317256,0.372767237587761
1.7777777777777777,1.0,0.2429,0.0,0.6,0.23488477809108038,0.4050995584986984
1.6,0.5,0.38689999999999997,1.0,0.7,0.19869860189601576,0.44258624451192596
1.8125,0.7692307692307693,0.1733,1.0,0.6,0.6276804218516611,0.14617224238763923
1.368421052631579,0.2,0.2023,2.0,0.6,0.39263064802147196,0.2740682584626582
1.5294117647058822,0.9285714285714286,0.4174,0.0,0.4,0.4619317058698185,0.23684294068077838
1.1304347826086956,0.42857142857142855,0.13670000000000002,2.0,0.8,0.558676074331182,0.17824693928986993
1.6875,0.75,0.37670000000000003,1.0,0.4,0.2279594271263245,0.4030118406180266
1.8571428571428572,0.4444444444444444,0.572,1.0,0.6,0.2811746112718009,0.35608922733477305
1.5714285714285714,0.4,0.3018,1.0,0.0,0.710865715333881,0.10802741107849326
1.25,0.0,0.616,2.0,0.2,0.760536698501064,0.08741483162392889
1.7692307692307692,0.2,0.4314,1.0,0.4,0.26355078777696594,0.3713930138587903
1.5555555555555556,1.0,0.1691,0.0,0.8,0.47806628509027443,0.22146678047266055
1.6428571428571428,0.36363636363636365,0.1721,1.0,0.5,0.6069208340756511,0.15509659485867175
1.5789473684210527,0.9230769230769231,0.8209000000000001,0.0,0.9,0.6931169718052245,0.1159200248023053
0.9583333333333334,0.21052631578947367,0.5351,1.0,0.6,0.5081461335210373,0.204469910501424
0.9545454545454546,0.4,0.3414,2.0,0.2,0.5833451131822583,0.1657142942138593
1.2857142857142858,0.8,0.722,1.0,0.5,0.3379216474574119,0.31923854283717273
1.8125,0.38461538461538464,0.1661,1.0,0.7,0.34634970973382534,0.3070045004073191
1.9230769230769231,0.75,0.7846,0.0,0.8,0.6544202712792173,0.13495325088169238
1.8571428571428572,0.45454545454545453,0.2864,1.0,0.2,0.31866933782195095,0.3258479657961746
1.8823529411764706,0.8181818181818182,0.7705000000000001,0.0,0.7,0.42056591792349796,0.2562503094739462
1.6470588235294117,1.0,0.2614,0.0,0.6,0.4610698361048936,0.23446639987186893
1.1764705882352942,0.14285714285714285,0.2764,2.0,0.4,0.404115831907652,0.2697903180512173
2.0,0.9,0.36920000000000003,0.0,0.6,0.5221510569147736,0.1982765460130637
1.1764705882352942,0.0,0.8325,1.0,0.1,0.510635217184108,0.20361109849754705
1.380952380952381,0.9444444444444444,0.4845999999999999,0.0,0.8,0.5951692166221849,0.16147205173153664
1.4736842105263157,0.2727272727272727,0.5009,1.0,0.4,0.29150119202924274,0.35395942706799455
2.0,0.14285714285714285,0.4199,1.0,0.0,0.39167519246599636,0.2819405114505164
1.588235294117647,0.8333333333333334,0.4985,0.0,0.6,0.47229797623393355,0.22680648141272614
1.380952380952381,1.0,0.3532,0.0,0.6,0.4906235420124269,0.21987837039127925
1.7058823529411764,0.7857142857142857,0.3047,1.0,0.8,0.4597501532365718,0.23244860876503162
1.5555555555555556,0.9166666666666666,0.5512,0.0,1.1,0.565282255923418,0.17918433252498014
1.6842105263157894,0.6470588235294118,0.36840000000000006,1.0,0.8,0.29001877639321605,0.3496903801835779
1.2352941176470589,0.08333333333333333,0.33120000000000005,2.0,0.3,0.38384522306826474,0.27978747086188266
1.8,0.75,0.4113,0.0,0.4,0.4225214510778635,0.2537596993370638
1.7,1.0,0.4128,0.0,1.0,0.5737969246501726,0.17209222369949972
1.263157894736842,0.1875,0.0388,3.0,0.4,0.5277906433557421,0.19903861065637138
1.9333333333333333,0.6666666666666666,0.6101000000000001,1.0,1.0,0.5425829051277492,0.18651197142463308
1.631578947368421,0.75,1.0277,0.0,0.8,0.5627657659126402,0.17897942243592022
1.6666666666666667,0.8461538461538461,0.6742999999999999,0.0,0.5,0.6429056177506356,0.14049629948709577
1.5,0.9411764705882353,0.36920000000000003,0.0,0.8,0.4000057007430378,0.26878906779507283
1.411764705882353,0.1,0.6021,1.0,0.3,0.7185359249014603,0.10541694979185355
1.7142857142857142,0.18181818181818182,0.5202,1.0,0.3,0.33909523132202857,0.32597556075308654
1.7058823529411764,0.8461538461538461,0.2902,1.0,0.6,0.2534861435469312,0.3949748884792227
1.5,0.6,0.3507,1.0,0.8,0.41626730478947543,0.2594221644148894
1.588235294117647,0.6,0.1985,1.0,1.1,0.19980655252188703,0.4314779633919291
1.7647058823529411,1.0,0.6278,0.0,0.9,0.5944074027416042,0.16067876416762128
1.7777777777777777,1.0,0.3532,0.0,0.8,0.4320293379892488,0.24798767976376632
1.9230769230769231,0.9,0.4291,0.0,1.0,0.5788880773795568,0.16921223775324545
1.6153846153846154,0.25,0.572,1.0,0.4,0.7919418608480586,0.07502069673208621
1.8235294117647058,0.5,0.39990000000000003,1.0,0.5,0.4226697963386026,0.2547823570181925
1.6666666666666667,0.4117647058823529,0.9699000000000001,0.0,0.9,0.2143637197480874,0.42407784886657457
1.8125,1.0,0.5231,0.0,0.9,0.3331953776529542,0.31444111170513045
1.9375,0.9166666666666666,0.566,0.0,0.9,0.44862195255338616,0.2435558039615224
1.6666666666666667,0.42857142857142855,0.6169,1.0,0.9,0.8621744527670349,0.048497165123860736
1.8333333333333333,0.2222222222222222,0.49810000000000004,1.0,0.3,0.21064221773737862,0.44699527987686016
1.6153846153846154,0.1111111111111111,0.6467999999999999,1.0,0.1,0.40392637621408406,0.266381068828285
1.5333333333333334,0.23076923076923078,0.3687,2.0,0.5,0.11247713442267604,0.54596281031016
1.6875,0.46153846153846156,0.5673999999999999,1.0,0.4,0.49826329368113215,0.2102130055221719
1.368421052631579,0.3333333333333333,0.2023,2.0,0.7,0.6243327288779632,0.14658632709899772
1.6666666666666667,0.9285714285714286,0.4016,0.0,0.5,0.3330906526614652,0.31465339591134284
1.0,0.1111111111111111,0.3414,4.0,0.4,0.5671849472097165,0.17374038577097983
2.0,0.875,0.7586000000000002,1.0,0.9,0.5484236214199875,0.18503324653887332
1.5,0.6666666666666666,0.5761,0.0,0.9,0.2790697927919105,0.3581732522898969
1.2,0.2777777777777778,0.3368,2.0,0.3,0.3077432104406544,0.33414224997966296
1.6470588235294117,1.0,0.2908,0.0,1.1,0.659094859565707,0.1310579434925908
1.4705882352941178,0.8333333333333334,0.6513,0.0,0.6,0.15623465324656993,0.5327636372238186
1.3333333333333333,0.0,0.6469,2.0,0.2,0.7061681121662438,0.10989003207005307
1.5294117647058822,0.9285714285714286,0.2475,0.0,0.3,0.5548460351027403,0.18198980784017604
1.631578947368421,0.42857142857142855,0.5835,2.0,0.8,0.2734695884282988,0.37628980777132615
1.4285714285714286,0.0,0.4314,2.0,0.3,0.2805331190993442,0.3553230467126061
1.4705882352941178,0.8181818181818182,0.9865,0.0,0.2,0.602015806163305,0.15960376242139512
1.3,0.9444444444444444,0.4402,0.0,0.3,0.30647063221590315,0.3372981656963505
1.7647058823529411,0.9230769230769231,0.6136,0.0,0.9,0.7033649695561608,0.11176767027036556
1.5333333333333334,0.16666666666666666,0.2764,2.0,0.4,0.4806823683744753,0.22276543797608764
1.6666666666666667,0.8,0.6085,0.0,0.7,0.5498618812469542,0.182417258750531
1.4705882352941178,0.21428571428571427,0.38909999999999995,2.0,0.6,0.3895911223236177,0.275441050994654
1.6470588235294117,0.36363636363636365,0.8926,1.0,0.7,0.5071849481488776,0.20487817746166817
1.25,0.2222222222222222,0.4225,1.0,0.4,0.3990625574828067,0.27281879549632976
2.2,0.5833333333333334,0.1733,1.0,0.9,0.6173049939535057,0.15093602788098504
1.875,0.6666666666666666,0.2023,1.0,0.6,0.3807809773691056,0.28193886536825685
1.3125,0.23076923076923078,0.263,2.0,0.5,0.2655459227870709,0.3682555433099794
1.6666666666666667,0.8181818181818182,0.5553,1.0,0.4,0.5600646418054137,0.17732435093563018
1.75,0.9166666666666666,0.2954,0.0,0.8,0.21982667085071636,0.41639130790446593
1.8461538461538463,0.125,0.8623000000000001,1.0,0.4,0.2357240325056143,0.4130282423785383
1.736842105263158,0.7692307692307693,0.8195000000000001,0.0,0.6,0.5570740804489542,0.18133332974155505
1.5333333333333334,0.0,0.7671000000000001,1.0,0.3,0.5468874784200161,0.18449076798719688
1.9333333333333333,0.125,1.0175,1.0,0.5,0.10253844510170708,0.5626543272374874
1.6470588235294117,0.5384615384615384,0.4892,1.0,0.7,0.46968837186344575,0.22730312187827043
1.9230769230769231,0.5,0.4146,0.0,0.1,0.2990730139337023,0.3427115951199577
1.8571428571428572,0.8,0.5672999999999999,1.0,0.3,0.5464725172372747,0.18890480986387348
2.0,0.375,0.1707,1.0,0.4,0.5933951713877582,0.1614486070213226
1.3888888888888888,0.6,0.1661,1.0,1.0,0.2758535161075928,0.35930235384273956
1.2941176470588236,0.2,0.2095,2.0,0.5,0.6034326608497319,0.15837944441338342
1.5,0.8461538461538461,0.8765999999999999,0.0,0.4,0.21033769068609828,0.4205639768229802
2.0714285714285716,0.4,0.3728,1.0,0.3,0.5037984237999353,0.21051918438708334
1.263157894736842,0.1875,0.4653,2.0,0.6,0.37688740585262837,0.28438375188569937
2.0,0.6666666666666666,0.4384,1.0,0.7,0.19080002913924887,0.45225785632596444
1.4736842105263157,0.9285714285714286,0.5443000000000001,0.0,1.0,0.4473173149921407,0.23889540410363277
1.8571428571428572,0.45454545454545453,0.47870000000000007,1.0,0.8,0.7169880860264675,0.10582958958141289
1.6,0.5,0.5674,2.0,0.6,0.3599933417425596,0.2952030116003171
1.5789473684210527,0.6666666666666666,0.7239,1.0,0.6,0.5628121989347317,0.1765276668685324
2.076923076923077,0.625,0.6096,1.0,0.6,0.49614457021880687,0.21094860065594417
1.75,0.7692307692307693,0.1733,1.0,0.6,0.6942413127469637,0.116137278516293
1.5294117647058822,0.9230769230769231,0.5119,0.0,0.3,0.3345127181411064,0.31374919828980996
1.4705882352941178,0.46153846153846156,0.44569999999999993,1.0,0.3,0.36022163700433824,0.2946105212612331
1.7857142857142858,0.5,0.8660999999999999,1.0,0.5,0.5307063270119875,0.19236024559672737
1.8666666666666667,0.9166666666666666,0.36920000000000003,0.0,0.9,0.5567087777200672,0.1796816957259334
1.263157894736842,0.6875,0.2182,1.0,0.2,0.5721244405553784,0.17165963561275446
1.2,0.0,0.7089,1.0,0.0,0.398816823352036,0.27727683598899217
2.0,0.1111111111111111,0.5324,1.0,0.3,0.658552547372984,0.13068120694647636
2.142857142857143,0.9,0.4653,0.0,0.9,0.4297327345064324,0.2494610549000577
1.3043478260869565,0.5882352941176471,0.29540000000000005,1.0,0.7,0.5797827902847084,0.16933286938625097
1.3333333333333333,0.13333333333333333,0.5232,2.0,0.6,0.4057602013705424,0.27198687046545256
2.0714285714285716,0.9,0.6597,0.0,0.6,0.4784600258333417,0.22219868920997835
1.411764705882353,0.7692307692307693,0.22260000000000002,1.0,0.2,0.5455677210395258,0.18816609148656385
1.588235294117647,0.5,0.20310000000000003,1.0,0.5,0.14219809845174244,0.5067322584580874
1.6470588235294117,0.7,0.705,1.0,1.0,0.29119071575795846,0.3501018354909658
1.8666666666666667,0.7272727272727273,0.38730000000000003,1.0,0.5,0.6129758866765316,0.1547798961697677
1.9166666666666667,0.3333333333333333,0.5302,1.0,0.4,0.47466571971319865,0.22427645359310633
1.7857142857142858,0.38461538461538464,0.2764,1.0,0.5,0.7416262004415184,0.09588705433859664
1.2,0.875,0.6923,0.0,0.5,0.5162148068553497,0.2008814759741138
1.8,0.6363636363636364,0.45630000000000004,1.0,0.9,0.3470093143447335,0.3101660875824307
1.2608695652173914,0.875,0.8355000000000001,0.0,0.5,0.6006154716168065,0.15868897800989948
0.9166666666666666,0.0,1.2181,2.0,0.4,0.4554973713171451,0.23408145805386435
1.6923076923076923,0.1,0.20310000000000003,1.0,0.2,0.5043647529451615,0.2086236866358363
1.8571428571428572,0.125,0.7263,2.0,0.2,0.6096395060030354,0.15370916200760956
1.736842105263158,0.3076923076923077,0.7657,1.0,0.8,0.4818472958231794,0.22001282620049828
1.8666666666666667,0.8181818181818182,0.47340000000000004,0.0,0.4,0.5397348215105298,0.18840460789735536
1.7142857142857142,0.7272727272727273,0.12890000000000001,1.0,0.2,0.31449741979552415,0.3309230410442618
1.5625,0.5714285714285714,0.1661,1.0,1.0,0.19035166367016287,0.44820421698720514
1.7142857142857142,0.2,0.3994,2.0,0.4,0.5819804844650088,0.16714829604414513
2.0,0.7857142857142857,0.3354,0.0,0.6,0.3258987801657469,0.3202409493491676
1.8125,0.6153846153846154,0.2644,1.0,1.0,0.39122719506071346,0.27676162935233234
1.5625,1.0,0.2584,0.0,1.0,0.5664773869525878,0.17700089416572398
1.588235294117647,0.46153846153846156,0.4378,1.0,0.8,0.27224178326051646,0.36545661640586813
1.588235294117647,0.9285714285714286,0.3354,0.0,0.5,0.5534719868443337,0.18087571264599014
1.6875,0.2,0.8192,1.0,0.6,0.5245922862075507,0.19613563768716902
1.6842105263157894,0.9166666666666666,0.9412,0.0,0.9,0.6522958920795707,0.13612503191952516
1.631578947368421,0.9230769230769231,0.7247,0.0,0.7,0.5039460037005363,0.20698053844839043
1.368421052631579,0.2,0.1661,2.0,0.6,0.32225919848002776,0.32459626824890236
1.8235294117647058,0.8181818181818182,0.8149,0.0,0.7,0.1836763865749009,0.449430304103712
1.6666666666666667,0.8,0.5864,0.0,1.0,0.4477619545412917,0.2385920876455224
1.1904761904761905,0.4,0.8170000000000001,1.0,0.9,0.6351065494134569,0.14288832188568248
1.2222222222222223,0.5714285714285714,0.3414,1.0,0.9,0.42954420687005984,0.24943909766591366
1.8,0.36363636363636365,0.6911,1.0,0.7,0.09545885608327484,0.6005753172237484
1.7647058823529411,0.6153846153846154,0.47840000000000005,1.0,1.1,0.3690736622882931,0.28859976292762624
1.411764705882353,0.5714285714285714,0.49689999999999995,1.0,1.1,0.16010554484588088,0.4868600259389246
1.7222222222222223,0.9285714285714286,0.42769999999999997,0.0,0.6,0.5814571457676816,0.17066471079146722
1.8333333333333333,0.14285714285714285,0.7219,1.0,0.4,0.4190604479669336,0.255982967733284
1.5714285714285714,0.2222222222222222,0.29100000000000004,1.0,0.0,0.6059196772440062,0.15493973287608526
1.9285714285714286,0.36363636363636365,0.29100000000000004,1.0,0.5,0.42780368054480356,0.25255185801886343
1.8125,0.42857142857142855,1.3884999999999998,1.0,0.7,0.7500011891267527,0.09167589588960877
1.5,1.0,0.2584,0.0,0.7,0.5472166791567483,0.1862685244541217
1.6875,0.9166666666666666,0.4157,0.0,0.7,0.5911560187562499,0.16316548850200022
1.5,0.09090909090909091,0.4982,2.0,0.2,0.6344567915602203,0.14161700606458213
1.25,0.26666666666666666,0.4796000000000001,2.0,0.8,0.4250710055533129,0.2529871614669773
1.8125,0.7692307692307693,0.4113,0.0,0.3,0.6446602534551773,0.1402961972916577
1.75,0.9230769230769231,0.5673999999999999,0.0,0.7,0.4991721637052373,0.21238072190300686
1.588235294117647,0.8333333333333334,0.8665999999999999,0.0,0.4,0.18135935259298414,0.4523505081594084
1.5294117647058822,0.6,0.3208,1.0,1.1,0.17775557917717666,0.47075477903917906
1.4705882352941178,0.5333333333333333,0.29100000000000004,1.0,0.9,0.5011437155592124,0.20878115718769408
1.5,0.46153846153846156,0.2475,1.0,0.2,0.503859189960686,0.20743194642152815
2.090909090909091,0.3333333333333333,0.4146,0.0,0.2,0.3952600707170188,0.2735834752588611
1.6111111111111112,0.9333333333333333,0.3833,0.0,0.7,0.4985421671043285,0.2120146788241508
1.1,0.16666666666666666,0.49810000000000004,2.0,0.3,0.12704806995849152,0.5745941994963708
2.1666666666666665,0.6666666666666666,0.4053,1.0,0.7,0.47212346808891537,0.22430230436946502
1.368421052631579,0.875,0.43370000000000003,0.0,0.5,0.2078483197661637,0.435577666102811
1.7058823529411764,0.6,0.3208,1.0,0.8,0.5440647484780466,0.18564787375345532
1.5555555555555556,1.0,0.3507,0.0,0.7,0.5580461042633652,0.1793808996044498
1.6875,0.7692307692307693,0.3443,1.0,1.1,0.2784953447275104,0.3638970383638287
1.5294117647058822,1.0,0.29460000000000003,0.0,0.3,0.44867158051026995,0.2391898150036107
1.8571428571428572,0.45454545454545453,0.4607,1.0,0.8,0.7414991095780421,0.0952529195949011
2.1818181818181817,0.875,0.5325,0.0,0.3,0.27768326098360346,0.36328607484027775
1.7222222222222223,0.9333333333333333,0.3833,0.0,1.1,0.4769060229869275,0.2236327142368012
1.6875,0.9166666666666666,0.5718000000000001,0.0,0.3,0.6399677733029627,0.13907724620524792
0.7586206896551724,0.0,0.7792,3.0,0.4,0.31225010520529034,0.34261811477795806
1.368421052631579,0.15384615384615385,0.982,2.0,0.5,0.3153063890625791,0.32988398479976705
1.8666666666666667,0.5454545454545454,0.38730000000000003,1.0,0.8,0.27265387176267064,0.37143290985830457
1.4444444444444444,0.21428571428571427,0.4053,2.0,0.5,0.21808404322979724,0.41263067789388774
1.588235294117647,0.9285714285714286,0.4753,0.0,0.4,0.32472984148595874,0.32043431908623726
1.8461538461538463,0.2222222222222222,0.263,1.0,0.3,0.3286340762768536,0.31734752899054575
1.4285714285714286,0.9333333333333333,0.5128,1.0,1.1,0.27391689884413956,0.36175217755169164
1.5294117647058822,0.5384615384615384,0.6178,1.0,0.5,0.6129870749553832,0.1547835448279653
1.875,0.9166666666666666,0.6597,0.0,0.8,0.5841487363451249,0.16588371551927958
1.5555555555555556,0.5384615384615384,0.554,1.0,0.6,0.28313870056752805,0.35687216411250494
1.45,0.75,0.5804,1.0,1.4,0.6569652902930735,0.13259535546823378
1.7058823529411764,0.3333333333333333,0.7681999999999999,2.0,0.7,0.8060120021122007,0.06961725926413265
1.8125,1.0,0.5812999999999999,0.0,0.7,0.5588643107596977,0.18170063987281962
2.0,0.7142857142857143,0.49410000000000004,0.0,0.2,0.32799909903828234,0.32025297425286836
1.1176470588235294,0.16666666666666666,0.4424,2.0,0.5,0.46415363241086577,0.23132719447618255
1.4,0.38461538461538464,0.49410000000000004,1.0,0.6,0.29186140987331244,0.34729289881619385
1.24,0.8947368421052632,0.6308,0.0,0.4,0.8029888346970026,0.07107641593213614
1.3888888888888888,0.4,0.23550000000000004,1.0,0.9,0.6987814343526673,0.11480373114109564
1.625,0.23076923076923078,0.2023,2.0,0.6,0.2842611310390158,0.3532004024654379
1.5625,0.5,0.2703,1.0,0.5,0.4019815265571492,0.2666744627419132
1.4285714285714286,0.125,0.688,1.0,0.3,0.3129014069585981,0.33026624700979135
1.1875,0.0,0.29100000000000004,2.0,0.3,0.5349765611627917,0.19033397660000537
1.0833333333333333,0.125,0.7751,2.0,0.6,0.8204673403224144,0.06471487771298876
1.5,0.0,0.373,2.0,0.3,0.5027255162246521,0.2072421042355419
2.230769230769231,0.7142857142857143,0.9095,0.0,0.7,0.31930563116946564,0.32596756444618247
1.4210526315789473,0.5714285714285714,0.12029999999999999,1.0,0.9,0.11665841333744612,0.5387869327745642
1.9285714285714286,0.45454545454545453,0.2764,1.0,0.4,0.3329461184728211,0.31780388954599814
1.4,0.18181818181818182,0.6469,2.0,0.4,0.3085176765931803,0.3368757830666557
1.5238095238095237,0.8666666666666667,0.6812,0.0,0.5,0.3540273007629423,0.30464667492284214
1.8125,1.0,0.2584,0.0,0.7,0.32301952959661123,0.3240194562617147
1.7058823529411764,0.8,0.4402,0.0,0.4,0.4356227967192459,0.24848830957197288
1.5,0.5384615384615384,0.13670000000000002,1.0,0.5,0.6844812249673449,0.119463906760786
1.6666666666666667,0.625,0.16469999999999999,1.0,0.8,0.2811519537820631,0.3548966541928838
1.875,0.5,0.9342000000000001,1.0,0.8,0.4380209849945543,0.24455893899911224
1.7333333333333334,0.75,0.3443,1.0,1.0,0.4594736799970079,0.23156405495991694
1.411764705882353,0.8181818181818182,0.6409,0.0,0.6,0.6990646353287271,0.11340294627301414
1.625,0.6363636363636364,0.5895,1.0,0.6,0.215395382105377,0.4160091677332705
1.7058823529411764,1.0,0.36840000000000006,0.0,0.8,0.368229335231891,0.2891135350462533
1.8125,0.6666666666666666,0.4225,1.0,0.6,0.30930597262630016,0.3320935038642958
1.625,0.46153846153846156,0.4402,1.0,0.3,0.28307355189671024,0.3556859639082624
1.05,0.1111111111111111,0.2764,3.0,0.5,0.27923089182695005,0.3640784279339616
1.875,1.0,0.4131,0.0,1.1,0.6729155669152093,0.12533910941162482
1.35,1.0,0.38689999999999997,0.0,0.4,0.48466487500325345,0.21953136939501244
1.4,0.1,0.6499000000000001,1.0,0.1,0.38176552684221327,0.29000123430705
1.263157894736842,0.4666666666666667,0.5214,1.0,0.2,0.5654853116840513,0.17456572839396098
1.9411764705882353,0.8461538461538461,0.5733,0.0,0.7,0.32384823224905773,0.3265105859336656
1.5263157894736843,0.9166666666666666,0.6324000000000001,0.0,0.6,0.784185377607361,0.07849478727362993
2.0,0.75,0.554,0.0,0.1,0.554178334343501,0.1805100117746474
1.8235294117647058,0.9166666666666666,0.6136,0.0,1.3,0.5556550805918172,0.17976867141044714
1.6875,0.9166666666666666,0.46149999999999997,0.0,0.8,0.6257038823129892,0.1473635409415176
1.5625,0.9230769230769231,0.2475,0.0,0.3,0.7063119556564962,0.11104753186421218
1.4375,0.5,0.44299999999999995,1.0,1.0,0.31840150795791716,0.32851233187352435
1.4444444444444444,0.5454545454545454,0.815,1.0,0.4,0.32128513273842674,0.3261883031068484
1.15,0.6428571428571429,0.16130000000000003,1.0,0.5,0.4714185196653432,0.22467579253555964
1.8181818181818181,0.125,0.2868,2.0,0.1,0.24919186170759916,0.47734222812092386
1.55,0.9375,0.41359999999999997,0.0,0.7,0.37641974844429416,0.2835521832854915
2.2,0.6363636363636364,0.5442,1.0,0.5,0.23612369409093925,0.398917830431672
1.3333333333333333,0.14285714285714285,0.44480000000000003,2.0,0.6,0.634803205157578,0.1422371741612468
1.55,0.9375,0.41359999999999997,0.0,0.7,0.5064184123788594,0.20715708666562851
1.8461538461538463,0.4,0.1661,1.0,0.1,0.26441223732077135,0.38376399833245906
1.8,1.0,0.2023,0.0,0.9,0.23052278959647493,0.40466194774861897
1.0434782608695652,0.06666666666666667,1.1764000000000001,2.0,0.6,0.4425950894239353,0.24191981617786693
1.3125,0.08333333333333333,0.5862,2.0,0.2,0.6193065143498802,0.14871232575020626
1.5,0.9375,0.46149999999999997,0.0,0.8,0.5432773107655811,0.18763121387354026
1.6875,0.7777777777777778,0.7195,1.0,0.9,0.6200333199425185,0.15080638627028975
1.6842105263157894,0.6666666666666666,0.46790000000000004,1.0,0.9,0.39451228502758623,0.2717168945931132
1.4210526315789473,0.3076923076923077,0.8723000000000001,1.0,0.8,0.3117642764838629,0.33365001301893144
1.8235294117647058,0.7857142857142857,0.4054,0.0,0.8,0.42050927242819813,0.2556324620367682
1.6666666666666667,0.8571428571428571,0.5061,0.0,0.3,0.1471921933733975,0.507134358999606
1.7058823529411764,0.6666666666666666,0.295,1.0,1.1,0.1946981890174279,0.4371925190638587
2.0,0.45454545454545453,0.4199,1.0,0.7,0.6733008480756326,0.12448554075587719
1.6153846153846154,0.7777777777777778,0.508,1.0,0.2,0.5911197541861971,0.16219307496663266
1.7333333333333334,0.25,0.1707,1.0,0.4,0.2015045751113117,0.42971944226441916
1.3888888888888888,0.8461538461538461,0.6144000000000001,0.0,0.3,0.3504508526712787,0.304158205084287
1.75,0.5714285714285714,0.1661,1.0,0.6,0.22965296180555805,0.4217537124336583
1.8666666666666667,0.2727272727272727,0.6747999999999998,1.0,0.5,0.7520774751796562,0.09101976854920779
1.8666666666666667,0.9166666666666666,0.4571,0.0,1.0,0.5380609388213146,0.18878182119683506
1.5454545454545454,0.1111111111111111,0.0493,2.0,0.1,0.5682342217887787,0.17416745326554017
1.7777777777777777,0.9166666666666666,0.6324000000000001,0.0,0.7,0.45470242422184776,0.23682002017905932
1.7142857142857142,0.7777777777777778,0.6743000000000001,0.0,0.8,0.7816212143733126,0.07945030134317986
2.25,0.625,0.42489999999999994,1.0,0.7,0.4343916585577057,0.24684183961932554
1.625,0.4444444444444444,0.7614,1.0,0.2,0.646733933404808,0.13658914119671686
1.7857142857142858,0.2,0.37810000000000005,2.0,0.4,0.34039783129914947,0.30999800843655584
1.5333333333333334,1.0,0.4617,0.0,0.5,0.5361055981055634,0.19237014246911013
1.4,0.6666666666666666,0.24670000000000003,1.0,0.6,0.1679005813419618,0.4845252786437353
1.2777777777777777,0.5,0.9875,1.0,0.3,0.33619527948317673,0.31600280255950597
1.9411764705882353,0.9230769230769231,0.6509999999999999,0.0,0.9,0.6063565475495512,0.1550794209509536
1.75,0.9230769230769231,0.4291,0.0,0.5,0.6106270000007249,0.15524823040232225
1.6111111111111112,0.9333333333333333,0.3833,0.0,0.8,0.4627388837192028,0.23128294476148817
2.1666666666666665,0.5,0.46010000000000006,1.0,0.6,0.6343508945091948,0.14224232285493685
2.1818181818181817,0.8571428571428571,0.6597,0.0,0.4,0.7262175955736396,0.10207391510608348
1.75,0.8181818181818182,0.23550000000000004,0.0,0.5,0.18619249110921993,0.44883728486073954
0.8888888888888888,0.9047619047619048,0.4710000000000001,0.0,0.8,0.6698982897191471,0.1280102754568909
1.8461538461538463,0.45454545454545453,0.1661,1.0,0.2,0.47709042573177096,0.2214943963682078
1.6111111111111112,1.0,0.3208,0.0,1.2,0.37240388148712106,0.2863200439387953
1.7692307692307692,0.75,0.2902,1.0,0.2,0.6175566715668651,0.1495264121146216
1.4761904761904763,0.9333333333333333,0.5889000000000001,0.0,0.6,0.5544485774343115,0.180384770337211
1.5454545454545454,0.8823529411764706,0.5178,0.0,1.2,0.6004670746125703,0.16025643829378647
1.6470588235294117,0.9230769230769231,0.4498,0.0,0.5,0.5050584170891892,0.20681092081126448
1.9444444444444444,0.9285714285714286,0.517,0.0,1.0,0.40468530601882025,0.2656048057970659
1.3333333333333333,1.0,0.3714,0.0,0.5,0.6307146099040651,0.14580708294159062
1.9375,1.0,0.5413,0.0,0.6,0.5330024572706095,0.19315501307730107
1.5625,0.09090909090909091,0.6604000000000001,1.0,0.1,0.36549686096637646,0.29203370833234377
1.75,0.3333333333333333,0.5932000000000001,1.0,0.7,0.16467900760375134,0.4721663078620699
1.2380952380952381,0.3076923076923077,0.9451,2.0,0.7,0.3966944228768188,0.27256844326462687
2.3076923076923075,0.5,0.7563,0.0,0.4,0.1988741503583443,0.44364636380095274
1.55,0.9333333333333333,0.6579999999999999,0.0,0.6,0.7582061296948083,0.08905195549803108
2.0,0.75,0.3532,1.0,1.1,0.1368983496814242,0.5107576674185347
2.0,1.0,0.3028,0.0,1.0,0.12754202403255027,0.5382735984937451
1.4,0.5384615384615384,0.3088,1.0,0.2,0.5973632336163834,0.15942302357223478
1.5263157894736843,0.9375,0.4054,0.0,0.6,0.34305832465465974,0.3068631390535442
1.75,0.4166666666666667,0.46230000000000004,1.0,0.7,0.24847606732973035,0.3841348666473972
1.9375,0.7,0.47950000000000004,0.0,0.5,0.42827719348097254,0.2502083839332105
2.076923076923077,1.0,0.4610000000000001,0.0,0.8,0.7237368973380899,0.10357141258699547
1.4210526315789473,0.8461538461538461,0.5429,0.0,0.9,0.6983323233281455,0.11448712810706892
1.8181818181818181,0.125,0.29100000000000004,1.0,0.0,0.42342172679941786,0.25927733277494447
1.7058823529411764,0.5,0.1661,1.0,0.8,0.41630724332881136,0.2576030398014473
1.5789473684210527,1.0,0.21050000000000002,0.0,1.2,0.23716241325064705,0.39681586074249964
1.5263157894736843,1.0,0.5075,0.0,0.7,0.638048895339359,0.14167917706690056
2.6363636363636362,0.6666666666666666,0.7831999999999999,0.0,0.4,0.44862309434709385,0.23800711907936356
1.4444444444444444,0.5714285714285714,0.4732,1.0,0.5,0.5965286432332729,0.16129121277802647
1.5789473684210527,0.9230769230769231,0.7444,0.0,0.3,0.5443003091672581,0.18542016364554778
1.631578947368421,0.9333333333333333,0.6117999999999999,0.0,0.8,0.5841557776416633,0.16776371880748586
1.7647058823529411,0.9230769230769231,0.37979999999999997,0.0,1.2,0.4798656725873798,0.22361369324027713
1.368421052631579,0.25,0.1661,2.0,0.7,0.2554615104144892,0.3884854316971963
1.0909090909090908,0.0,0.3738,2.0,0.3,0.4501760487114164,0.23781374984257508
1.8,0.25,0.263,1.0,0.5,0.5475545347081032,0.18364277785966998
2.076923076923077,0.8571428571428571,0.8047,0.0,0.4,0.1897905695000757,0.4427836088028672
1.0,0.29411764705882354,0.24059999999999998,2.0,0.8,0.7500636734159832,0.09178345587104667
1.1818181818181819,0.9375,0.6368,0.0,0.4,0.4481026069961627,0.23892205053178828
1.75,0.3,0.945,1.0,0.6,0.5449929369898491,0.18857828514783062
1.368421052631579,0.625,0.3507,1.0,0.8,0.7688555933712659,0.08424856763931494
1.368421052631579,0.26666666666666666,0.6942,2.0,0.8,0.43674712092989343,0.2450462350590385
1.5833333333333333,0.1111111111111111,0.3489,2.0,0.0,0.4196132903576206,0.26167962319657767
1.6875,0.5,0.436,2.0,0.2,0.35183684089976275,0.3005096586336953
1.1363636363636365,0.17647058823529413,0.6496,2.0,0.2,0.1923428029624681,0.5008393354319406
0.96,0.13636363636363635,0.29100000000000004,3.0,0.7,0.5005159523396855,0.20843290595708455
1.8125,0.7692307692307693,0.295,1.0,0.8,0.37921289419622084,0.28162331567994137
1.375,0.9411764705882353,0.7092,0.0,0.9,0.7445483268871498,0.09467185788187935
1.4545454545454546,0.8125,0.7468,0.0,1.1,0.32721872802190305,0.3198227018993384
1.3157894736842106,0.46153846153846156,0.5207999999999999,2.0,0.8,0.5242074413366828,0.19677702861447308
1.4705882352941178,0.21428571428571427,0.33120000000000005,2.0,0.5,0.24447800376938658,0.3894705169731772
1.6842105263157894,0.8461538461538461,0.829,0.0,0.4,0.30032556408061534,0.3391876208279286
1.6666666666666667,0.5384615384615384,0.3687,1.0,0.9,0.6893609087073205,0.11929771139895819
1.8,1.0,0.4011,0.0,0.5,0.5716952531650564,0.1714898554618859
1.5263157894736843,0.9333333333333333,0.5494,0.0,0.7,0.4435921352982301,0.2411702675830945
1.1818181818181819,0.9375,0.5889,0.0,0.4,0.17538415993338927,0.5028743673180823
1.4285714285714286,0.18181818181818182,0.3553,1.0,0.6,0.5094502325258751,0.20509685748642545
1.8,0.36363636363636365,0.7834,1.0,0.7,0.5953293510871357,0.1599247080685712
1.2941176470588236,0.2727272727272727,0.8340000000000001,2.0,0.2,0.5688382778745433,0.17297991127303783
1.75,1.0,0.2908,0.0,1.0,0.2838754725316257,0.3526027849717633
1.35,0.25,0.4610000000000001,2.0,0.5,0.513262955856271,0.2052203115724145
1.6,0.5384615384615384,0.2584,1.0,0.9,0.42496523761553484,0.25222616073815574
1.5333333333333334,0.2727272727272727,0.5820000000000001,1.0,0.5,0.757063589852388,0.08881436536789399
2.0,0.7,0.4249,1.0,0.9,0.45326326651899335,0.23591048976710055
1.9375,0.8888888888888888,1.0514999999999999,0.0,0.6,0.3040908543273762,0.3370768195990335
1.55,0.8571428571428571,0.6188,0.0,1.1,0.6437958979875941,0.14048945172353425
1.6,0.5384615384615384,0.2584,1.0,0.9,0.23788316027846548,0.41756251229100905
1.7058823529411764,0.6,0.0444,1.0,0.6,0.4872016334983357,0.21583170466091023
1.7777777777777777,0.9285714285714286,0.3678,0.0,1.0,0.4737796326517581,0.22540854578876213
1.625,1.0,0.3738,0.0,0.7,0.38457885000083897,0.27827434296698544
1.2857142857142858,0.3333333333333333,0.1661,2.0,0.8,0.128516543550369,0.5208202755654553
1.9333333333333333,0.5,0.2864,1.0,0.4,0.7698872653788875,0.08423712957746843
1.4210526315789473,0.5714285714285714,0.4239,2.0,0.6,0.5647786711647075,0.17773453427651545
1.4545454545454546,0.6470588235294118,0.4182,1.0,0.9,0.8017991073481522,0.0718118711356925
1.6666666666666667,0.8333333333333334,0.6476000000000001,1.0,0.4,0.545917983065451,0.18462535290884086
1.631578947368421,0.6470588235294118,0.16469999999999999,1.0,1.1,0.49454286928690805,0.21201991515694651
1.8235294117647058,0.46153846153846156,0.6125,1.0,0.6,0.6303300541489172,0.14470657245488938
2.1538461538461537,0.5,0.295,1.0,0.7,0.7546887285842206,0.08982470307674127
1.9411764705882353,1.0,0.4128,0.0,1.2,0.4747631619772145,0.22483689053907074
1.5555555555555556,0.8461538461538461,0.8001,0.0,0.5,0.3795659993829711,0.2813795351621786
1.6923076923076923,0.1111111111111111,0.4086,1.0,0.2,0.318071386912355,0.32549935969946237
1.0476190476190477,0.07142857142857142,0.20310000000000003,2.0,0.3,0.28943521809098016,0.34823717295581424
1.588235294117647,0.45454545454545453,0.5576000000000001,1.0,0.9,0.4729127158333037,0.22420658267548307
1.6470588235294117,0.8333333333333334,0.6463,0.0,0.4,0.5847000658358683,0.16698409628471927
2.230769230769231,1.0,0.2864,0.0,0.7,0.7297201980448395,0.10012963495222046
1.631578947368421,0.9166666666666666,0.5377,0.0,0.3,0.6589415541109891,0.1322761050683458
1.3529411764705883,0.08333333333333333,0.4053,2.0,0.3,0.5410864709630505,0.18990792056238096
1.2105263157894737,0.8666666666666667,0.40620000000000006,0.0,0.0,0.42099213775376004,0.2547269171449528
1.4705882352941178,0.9285714285714286,0.3074,0.0,0.2,0.4075359669791302,0.2635671268165343
1.4375,0.3333333333333333,0.5820000000000001,1.0,0.6,0.7257281667133055,0.10194859662325903
1.4761904761904763,0.6842105263157895,0.1985,1.0,1.0,0.5029304084271171,0.20712826662642805
1.8125,1.0,0.2908,0.0,0.6,0.1308073291493628,0.5246765168686534
1.2941176470588236,0.9333333333333333,0.40129999999999993,0.0,0.4,0.3117918948477159,0.33983949843345007
1.4285714285714286,0.9444444444444444,0.4571,0.0,0.5,0.6443456237455603,0.13807128728129256
2.0,0.5,0.4335,1.0,0.7,0.22878551255740667,0.41105973913306526
1.105263157894737,1.0,0.4610000000000001,0.0,0.2,0.41145131458811857,0.26090919537136725
1.5,0.8571428571428571,0.6656,1.0,0.7,0.6398603726157439,0.14077787751488322
1.7647058823529411,1.0,0.6278,0.0,1.0,0.32012269432024953,0.32540590161024024
1.6470588235294117,0.5714285714285714,0.21050000000000002,1.0,1.0,0.8493053683189036,0.053260646054636394
1.4444444444444444,1.0,0.07680000000000001,0.0,0.4,0.39171060501913846,0.2812623208868643
1.7222222222222223,1.0,0.3390000000000001,0.0,0.8,0.565616999395894,0.17513492601907588
0.65,0.0,0.113,4.0,0.1,0.7109546733269866,0.10801587050533842
1.6875,0.5714285714285714,0.21050000000000002,1.0,0.5,0.2701942566238409,0.364234069607983
1.631578947368421,0.9375,0.40259999999999996,0.0,0.7,0.6730941268126984,0.12596816044388656
1.5238095238095237,1.0,0.3028,0.0,1.0,0.11247520581374579,0.5454867133745047
1.4444444444444444,0.5,0.8398,1.0,0.4,0.7745812234613965,0.08203308780738343
1.8461538461538463,0.3,0.29100000000000004,1.0,0.4,0.44074416780810355,0.24429709154649765
1.5,0.8571428571428571,0.4182,0.0,0.5,0.3913073853171001,0.27404981956642493
1.4210526315789473,0.6470588235294118,0.29460000000000003,1.0,0.9,0.3956433892851727,0.2716468045936201
1.1153846153846154,0.4117647058823529,0.4617,1.0,0.4,0.46178383821050645,0.23118086775913171
1.7222222222222223,1.0,0.5710000000000001,0.0,0.9,0.40338086547546714,0.2695363110993601
1.8666666666666667,0.36363636363636365,0.5494,1.0,0.7,0.2957353123667856,0.3482121812583787
1.6,1.0,0.24290000000000003,0.0,1.0,0.4522987924529885,0.23595804836683482
2.0833333333333335,0.5555555555555556,0.2764,1.0,0.6,0.5423805452063007,0.19216743771619713
1.5714285714285714,0.46153846153846156,0.1707,1.0,0.4,0.23468299381981578,0.42699564382016514
1.7333333333333334,0.2,0.6921,2.0,0.4,0.8196201766834065,0.0642697850207791
0.9565217391304348,0.14285714285714285,0.36840000000000006,3.0,0.7,0.6640193707697604,0.12834254439949533
1.7,0.9375,0.4653,0.0,1.2,0.33404700149476524,0.31584792918974214
1.4210526315789473,0.5625,0.3074,1.0,0.7,0.5591279772102746,0.17789189464945268
1.6875,0.2727272727272727,0.6656,2.0,0.6,0.7350121187824836,0.0982324437247454
1.4736842105263157,0.6666666666666666,0.38130000000000003,1.0,0.9,0.17739956249249786,0.4593918343057534
1.8125,0.5833333333333334,0.397,1.0,0.6,0.3917537239126418,0.27365790328702533
2.0,0.5555555555555556,0.8504,1.0,0.8,0.6639057289182733,0.1295073274071352
1.75,0.46153846153846156,0.6036,1.0,0.8,0.22232956761469444,0.4103137262094497
1.6875,0.8888888888888888,0.8202999999999999,0.0,0.7,0.3676636741586092,0.2937634288852969
1.6470588235294117,0.5714285714285714,0.0444,1.0,0.5,0.23941879875060004,0.3933674305189768
1.8125,0.9285714285714286,0.2823,0.0,1.0,0.2308739162053154,0.40150380098265204
1.588235294117647,0.5714285714285714,0.4607,1.0,1.1,0.8052153012464388,0.0702575797912693
1.5789473684210527,0.6,0.5075,1.0,0.7,0.6781900212140225,0.1228260327289514
1.5789473684210527,1.0,0.3390000000000001,0.0,0.5,0.4313940368933029,0.24957396622457134
1.4736842105263157,0.9230769230769231,0.6441,0.0,0.4,0.2918191098647082,0.34653621656241834
1.8,0.2727272727272727,0.4779,2.0,0.4,0.536631397457376,0.18934162699712626
1.5294117647058822,0.7857142857142857,0.3443,1.0,1.2,0.5280685695049018,0.19500824944693268
1.7222222222222223,0.8333333333333334,1.061,0.0,0.8,0.4637115116967801,0.2322484329676263
1.2,0.07692307692307693,0.29960000000000003,2.0,0.3,0.42373684479507656,0.2546607496733422
1.8,0.6666666666666666,0.552,1.0,0.8,0.245063291123064,0.3917470858092616
1.875,0.36363636363636365,0.6036,1.0,0.6,0.5024949035294377,0.2102791158045545
2.2,0.9090909090909091,0.5956,0.0,1.0,0.47184746293255464,0.22864901337372684
1.4444444444444444,0.9230769230769231,0.2151,0.0,0.3,0.16106535696382634,0.4893833740198392
1.1904761904761905,0.25,0.2023,2.0,0.5,0.44315726089655455,0.24392334608977317
1.631578947368421,0.5454545454545454,0.5769000000000001,1.0,0.9,0.11562211960575396,0.5434151438510452
1.2272727272727273,1.0,0.229,0.0,0.6,0.7983492414887318,0.07321693605745969
1.3333333333333333,0.08333333333333333,0.33120000000000005,2.0,0.4,0.34375095877774187,0.3091901894183872
1.6875,0.5833333333333334,0.1707,1.0,0.4,0.47237529276932827,0.22412832428381935
1.35,0.8947368421052632,0.1661,0.0,0.5,0.4817413792872867,0.22151356679280154
1.7222222222222223,0.5,0.29100000000000004,1.0,0.5,0.5619092500371686,0.17759156324074113
1.5,0.625,0.21050000000000002,1.0,0.3,0.5908035309141327,0.1626195684578513
1.0,0.14285714285714285,0.3226,3.0,0.7,0.18467417970400252,0.450043101131897
1.736842105263158,0.8461538461538461,0.8336,0.0,0.6,0.46861270559718604,0.23070900022316498
1.8235294117647058,1.0,0.21050000000000002,0.0,1.1,0.27713540089845207,0.3589485971861915
1.6875,0.8333333333333334,0.4661,0.0,0.7,0.3213394506812757,0.32306705229118104
1.0909090909090908,0.25,1.4062000000000001,0.0,0.4,0.03304411907261493,0.7582393504081358
1.5,1.0,0.4046,0.0,0.5,0.3143243504512755,0.33777194739084654
1.0,1.0,0.4046,0.0,0.2,0.34185824103730617,0.3088751864460914
1.2727272727272727,1.0,0.3738,0.0,0.8,0.053202934072620583,0.6707503434721331
1.5833333333333333,1.0,0.2764,0.0,1.1,0.19670288799855087,0.43578742139999466
2.125,0.6666666666666666,0.0,0.0,0.4,0.8134926742154532,0.06662339542662805
1.5454545454545454,1.0,0.4425,0.0,0.2,0.38663255827026977,0.2774289633842586
1.2,0.0,0.4046,1.0,0.2,0.26422978694103644,0.4311286538896829
1.2307692307692308,0.8181818181818182,0.0,0.0,1.1,0.45545545744959753,0.2355000290531994
1.6363636363636365,0.8888888888888888,0.12359999999999999,0.0,0.6,0.5055002773082024,0.20877902058027584
1.3846153846153846,1.0,0.1661,0.0,1.2,0.2855806778323784,0.3554014537800239
1.2307692307692308,1.0,0.3208,0.0,0.2,0.35409658997472643,0.298975961360829
1.0909090909090908,0.42857142857142855,0.5260000000000001,0.0,0.0,0.32967240125216263,0.32906726245831935
0.8,1.0,0.4046,0.0,0.3,0.36251060119237377,0.2977147375844079
1.3333333333333333,1.0,0.3208,0.0,0.7,0.4726589967651156,0.22427909379343267
1.75,1.0,0.4425,0.0,0.6,0.03157899574584928,0.7361529197431287
1.2307692307692308,1.0,0.4314,0.0,0.1,0.19041614477218474,0.45253427201484325
1.6363636363636365,1.0,0.3088,0.0,1.0,0.16628386006674714,0.4706539601487479
1.6363636363636365,1.0,0.1661,0.0,0.7,0.6110106599955281,0.15457296594658892
1.3846153846153846,1.0,0.3322,0.0,1.0,0.512019093640329,0.20914618145829356
1.0769230769230769,1.0,0.1661,0.0,1.2,0.3479778667217966,0.3041670927615578
1.5333333333333334,1.0,0.21050000000000002,0.0,0.7,0.5235154884171949,0.1975636209085457
1.1818181818181819,0.3333333333333333,0.0,1.0,0.4,0.23547972293504435,0.42697397645552393
1.75,0.6363636363636364,0.1661,0.0,0.7,0.8478205274858489,0.05379540742684192
2.0,1.0,0.4128,0.0,1.1,0.4593817791554548,0.23404583836965917
1.6,1.0,0.3208,0.0,0.8,0.3097061797741574,0.33515377226336623
1.5833333333333333,1.0,0.2764,0.0,1.1,0.40337605826961526,0.26582548305273807
1.8,1.0,0.7728,0.0,0.1,0.24517724160823237,0.39553409572332004
1.6923076923076923,1.0,0.1661,0.0,0.8,0.08171221624055698,0.6026124924709056
1.4166666666666667,1.0,0.3414,0.0,0.0,0.21269014283859297,0.4186036739265706
1.5833333333333333,1.0,0.4046,0.0,1.1,0.12521600533902275,0.5269077000893634
1.5833333333333333,1.0,0.6513000000000001,0.0,1.1,0.12230206853813194,0.5632484267097043
1.5,0.8571428571428571,0.6036,0.0,0.2,0.3895195844578988,0.2801846582382907
1.3333333333333333,1.0,0.3208,0.0,0.4,0.16856889281916587,0.4704878383413072
1.6666666666666667,0.8888888888888888,0.3354,0.0,0.9,0.22454386939387225,0.4159332297353895
1.0666666666666667,0.5,0.40129999999999993,0.0,0.2,0.1360119523798076,0.5108135575620949
1.5714285714285714,1.0,0.2764,0.0,0.4,0.23631273752072626,0.3976665970583387
1.6923076923076923,0.8181818181818182,0.09230000000000001,0.0,1.1,0.27081119176704477,0.36759047085156665
1.7272727272727273,1.0,0.2764,0.0,0.4,0.046886599436872956,0.6923605104100427
2.0,0.6666666666666666,1.4019,0.0,0.5,0.5007907885219465,0.20916882782926757
0.7368421052631579,0.17647058823529413,0.4758,2.0,0.4,0.7633403845213002,0.08774755933212222
1.3076923076923077,0.8333333333333334,0.0,0.0,0.9,0.29018589065700107,0.35536122413751414
1.75,0.9,0.2823,0.0,0.6,0.3816801305946653,0.27998074247158944
1.375,1.0,0.1661,0.0,0.8,0.31096561244586624,0.33108994491183313
1.6428571428571428,0.9090909090909091,0.40540000000000004,0.0,1.1,0.4415773703518269,0.24681115833270315
1.7777777777777777,1.0,0.43370000000000003,0.0,0.6,0.6489236915990099,0.13758382553198062
0.9166666666666666,0.0,0.0,2.0,0.1,0.20740157705686235,0.4310220719915446
1.6,1.0,0.0,0.0,0.2,0.3915171002970639,0.2737227240934507
2.0,1.0,0.5231,0.0,0.5,0.6166784842930031,0.15008746560784386
1.9230769230769231,0.8333333333333334,0.1661,0.0,0.5,0.4237195232323989,0.2576322627604356
1.4666666666666666,0.42857142857142855,0.1661,1.0,0.1,0.6575638992173614,0.1321077971557139
1.7272727272727273,0.75,0.43370000000000003,0.0,0.7,0.22129875452299205,0.4120009941113103
1.6153846153846154,0.8888888888888888,0.3074,0.0,1.0,0.6379756386210492,0.14258681862016495
1.0714285714285714,1.0,0.1661,0.0,0.0,0.4164117520028682,0.25850517826527053
0.9,0.625,0.6603999999999999,0.0,1.0,0.6541139469447288,0.13268343717348563
0.75,0.0,0.0,3.0,0.0,0.2789831660609299,0.35855867235524624
0.9375,0.5,0.526,0.0,0.0,0.20580795388965975,0.46573060310827435
2.2857142857142856,0.25,0.12890000000000001,1.0,0.1,0.483648666384579,0.2205452420404112
1.8,1.0,0.2023,0.0,0.9,0.3511404362034094,0.3015299211801839
2.0,1.0,0.24670000000000003,0.0,1.1,0.25092592224237004,0.38167343430093204
1.6153846153846154,1.0,0.2764,0.0,0.5,0.3391957418509438,0.31198042598107867
0.9375,0.9285714285714286,0.20310000000000003,0.0,0.3,0.14866145377669077,0.5263984280721883
1.4375,1.0,0.44900000000000007,0.0,0.6,0.32671125441144777,0.31931932140657737
1.75,0.5,0.3414,0.0,0.7,0.6565063308431077,0.13302738872177808
1.8181818181818181,1.0,0.29460000000000003,0.0,1.0,0.3107266558540101,0.3411974174659546
1.25,1.0,0.36840000000000006,0.0,0.5,0.33010619158129495,0.32572730062348854
1.1,1.0,0.9322,0.0,1.0,0.12096957102098184,0.5319027342860504
2.0833333333333335,1.0,0.36840000000000006,0.0,0.9,0.2327269584853927,0.4042398129753821
2.0,0.6666666666666666,0.27630000000000005,0.0,0.4,0.4341582207050897,0.24670716286237948
1.9,0.8,0.7816,0.0,0.1,0.28435796285307474,0.3521283328076063
1.4615384615384615,1.0,0.0444,0.0,0.2,0.5242080594538985,0.19652971942016173
1.5,0.14285714285714285,0.25780000000000003,1.0,0.2,0.24761268049471163,0.41109843436846666
1.6666666666666667,0.25,0.1707,0.0,0.1,0.37000598897430836,0.2878892432434978
1.7857142857142858,1.0,0.21050000000000002,0.0,0.4,0.4429307215741699,0.24503570899499882
1.7692307692307692,1.0,0.3208,0.0,0.6,0.23077635557314138,0.4011527416256116
1.6428571428571428,1.0,0.2584,0.0,1.0,0.33546719992334106,0.3146437477635985
1.5,1.0,0.7751,0.0,0.6,0.7096938857056598,0.11026110774922201
1.9285714285714286,1.0,0.21050000000000002,0.0,0.9,0.4899478539647662,0.2197551465239242
1.75,0.5714285714285714,0.6967,0.0,0.6,0.2708570238512665,0.3717158212060497
0.6363636363636364,0.8888888888888888,0.5406,0.0,0.2,0.5287640042027781,0.1953724700650362
0.9411764705882353,0.25,0.1661,2.0,0.2,0.17632738885509042,0.46739377229779855
1.7692307692307692,1.0,0.16469999999999999,0.0,0.7,0.6807144142029177,0.12141011449499604
2.125,1.0,0.2023,0.0,0.3,0.4118378813458598,0.2609613892448592
1.7333333333333334,1.0,0.3208,0.0,1.0,0.3551353416054911,0.300234748602791
1.3333333333333333,1.0,0.21050000000000002,0.0,0.5,0.4361462406327752,0.24828367841838656
1.0,0.07142857142857142,0.40129999999999993,2.0,0.3,0.14414679735029173,0.4984380328208155
1.25,1.0,0.0,0.0,0.6,0.5675689524745594,0.17412342887713145
1.2941176470588236,1.0,0.3208,0.0,0.5,0.27152800156101675,0.3630032385929889
1.6,1.0,0.21050000000000002,0.0,0.9,0.2804444652770665,0.3554713547640643
1.6153846153846154,1.0,0.1661,0.0,0.8,0.08579049480647932,0.5928827222181141
1.0666666666666667,0.1111111111111111,0.2023,1.0,0.3,0.41459439126338987,0.26434081409001187
1.9,0.8571428571428571,0.20310000000000003,0.0,0.6,0.14918377484667397,0.4946326393891498
1.3333333333333333,0.4,0.032400000000000005,1.0,0.5,0.5179518205349813,0.19904193246088758
1.2,0.8,0.09720000000000001,0.0,0.3,0.4705284023775656,0.22725460379709236
1.5454545454545454,0.3333333333333333,0.7481,0.0,0.0,0.3139380063532515,0.3492110297590129
1.263157894736842,1.0,0.1985,0.0,1.1,0.12768336623347581,0.5683809224608728
1.4545454545454546,0.2,0.48840000000000006,1.0,0.0,0.3892167565092777,0.2749984563165085
2.0,1.0,0.3687,0.0,0.9,0.6856840923219082,0.11871458985730368
1.8181818181818181,1.0,0.0,0.0,0.4,0.3710938494169039,0.28713404466577475
0.8125,0.0,0.1707,2.0,0.3,0.4681097202750325,0.22696666775790594
1.5,1.0,0.21050000000000002,0.0,0.6,0.5316809577825488,0.19196246188140673
1.8,1.0,0.0,0.0,0.3,0.3485415684418235,0.3031305461369816
1.7272727272727273,0.625,0.263,0.0,0.3,0.5781367211033869,0.16868580510487297
1.5,1.0,0.1661,0.0,0.9,0.19422569624425784,0.4390210578868043
1.0555555555555556,0.29411764705882354,0.0444,2.0,0.5,0.3809367807311377,0.28088177570911554
1.4666666666666666,1.0,0.2584,0.0,0.2,0.42137643788968043,0.2576193926754152
1.6,1.0,0.2584,0.0,0.9,0.46259248621715243,0.22982338512553266
1.0,0.0,0.3501000000000001,2.0,0.2,0.5575467679126901,0.18081407811344208
1.7272727272727273,0.625,0.2954,0.0,0.1,0.559285576978682,0.17768926228440166
1.3571428571428572,1.0,0.3208,0.0,0.3,0.23290546586438624,0.4077398122659749
1.4375,0.8181818181818182,0.6322,0.0,1.1,0.6623353359110176,0.13004714342858276
1.5,1.0,0.9015000000000001,0.0,0.5,0.2068896756414461,0.47069405731248776
1.6,0.9166666666666666,0.47950000000000004,0.0,1.2,0.255138507790305,0.3781970009796819
1.2941176470588236,0.6923076923076923,0.3414,0.0,0.8,0.16176739205890753,0.47861119176662287
0.9375,0.0,0.5592,3.0,0.2,0.2868090595707084,0.38738801798932115
1.6666666666666667,1.0,0.1661,0.0,0.3,0.3096649587082948,0.3330052570036396
2.3636363636363638,0.7777777777777778,0.3687,0.0,0.5,0.35758139733368394,0.299666583795364
2.0,1.0,0.47870000000000007,0.0,1.0,0.14682282913165004,0.5084974156508332
1.7272727272727273,0.75,0.43370000000000003,0.0,0.7,0.25847185477122603,0.3761897219085361
1.9090909090909092,1.0,0.09230000000000001,0.0,0.5,0.61299575768572,0.15192798854254194
1.8,0.9166666666666666,0.2823,0.0,0.8,0.22883072997838796,0.4129349373123888
1.6666666666666667,1.0,0.5231,0.0,1.0,0.1516524896177442,0.4921744380409356
1.4285714285714286,1.0,0.9429999999999998,0.0,0.4,0.43758223867227636,0.24540376157464583
1.2666666666666666,1.0,0.3687,0.0,0.5,0.6632050138863523,0.12977920584761624
1.8181818181818181,1.0,0.2764,0.0,1.0,0.5680399829073021,0.17617573146903406
0.6666666666666666,1.0,0.7738,0.0,0.2,0.5717841385959087,0.17407793266943597
1.6666666666666667,1.0,0.21050000000000002,0.0,0.7,0.3619979860150877,0.29631072823375243
2.0,1.0,0.3208,0.0,0.7,0.4883829078194012,0.22001103120815027
2.1666666666666665,0.8571428571428571,0.8458,0.0,0.7,0.4587450695557284,0.23200239071333922
1.2142857142857142,0.9166666666666666,0.12359999999999999,0.0,0.0,0.45541762237643263,0.23453212674333215
1.5,1.0,0.12029999999999999,0.0,0.5,0.04323994878669212,0.6965547786962143
1.7142857142857142,1.0,0.21050000000000002,0.0,0.7,0.202347209824597,0.4402592024028878
1.4285714285714286,1.0,0.5075,0.0,0.4,0.4133384921041786,0.25947154980040144
1.8,0.75,0.43090000000000006,0.0,0.3,0.5246255575969379,0.19607941876677215
1.9230769230769231,0.8181818181818182,0.16469999999999999,0.0,1.0,0.07137191868603479,0.6222389322217886
1.5833333333333333,1.0,0.2023,0.0,0.7,0.18352315640345612,0.4517953422965227
1.9090909090909092,0.42857142857142855,0.6923,0.0,0.6,0.45511959435115895,0.23744101522492586
1.6,0.6,0.6446999999999999,1.0,0.9,0.2790498870450035,0.3568727335462849
1.7,1.0,0.0,0.0,0.2,0.6228344755655094,0.1469343249709721
1.6363636363636365,0.2,0.5992000000000001,1.0,0.2,0.6173390678965455,0.1500980815257859
1.4545454545454546,0.14285714285714285,0.0,1.0,0.1,0.42242539779851573,0.25416420721706456
2.0,0.625,0.2703,0.0,0.7,0.641404707753053,0.138938046191504
1.5,1.0,0.4425,0.0,0.9,0.611903886382814,0.15506988076717784
2.4545454545454546,0.625,0.4571,0.0,0.5,0.6448893321252275,0.13906223277242402
1.4705882352941178,0.9230769230769231,0.5956,0.0,1.4,0.08167647721763759,0.6026019782596393
1.5833333333333333,0.875,0.1707,0.0,0.6,0.4525326771703874,0.23816418150366123
1.0,0.0,0.7676,2.0,0.4,0.18924422477317804,0.4459275045965317
1.9166666666666667,0.6,0.7751,0.0,0.3,0.5358806699882225,0.1935883429059878
1.625,1.0,0.21050000000000002,0.0,0.6,0.4419211676522252,0.24377294451317305
1.5,0.75,0.2023,0.0,0.1,0.6910152372187437,0.11758951374189751
1.35,0.9411764705882353,0.5673999999999999,0.0,0.8,0.3234358959932063,0.32531606664455803
1.6666666666666667,0.4,0.2764,1.0,0.5,0.13414962889914264,0.535381994711012
1.75,0.7777777777777778,0.38689999999999997,0.0,1.0,0.24898651233506394,0.3944703167804521
0.9444444444444444,0.2857142857142857,0.2622,2.0,0.7,0.8391529606608061,0.057197453556739795
2.0,0.8,1.0949,0.0,0.2,0.46308870237089483,0.23413934489406987
1.625,1.0,0.21050000000000002,0.0,0.3,0.6291945894594643,0.14436196339009205
0.95,0.25,0.6452,2.0,0.4,0.8269405922320734,0.06185846187227356
1.7142857142857142,1.0,0.21050000000000002,0.0,0.9,0.45304283047817856,0.2417389142805302
1.9166666666666667,0.8181818181818182,0.1661,0.0,0.5,0.612364630486409,0.15402241697025706
1.3571428571428572,0.75,0.7666,0.0,0.6,0.5906941420496821,0.16224594495351022
1.7692307692307692,1.0,0.40110000000000007,0.0,1.2,0.5238374424263179,0.19656227000615217
1.2105263157894737,1.0,0.21050000000000002,0.0,0.5,0.7138547909121011,0.10732103871322944
1.3333333333333333,0.9090909090909091,0.5119,0.0,1.1,0.12742037372773077,0.5248763888892433
1.1666666666666667,0.8571428571428571,0.40620000000000006,0.0,0.9,0.3986765331791334,0.2691806445439285
1.4,1.0,0.2764,0.0,0.5,0.3428658885098165,0.3204526545576401
1.5294117647058822,0.8461538461538461,0.4732,1.0,1.2,0.39104793377954716,0.27377278568315094
1.8571428571428572,0.9090909090909091,0.3354,0.0,0.6,0.6796561900325262,0.12254490965930734
1.7692307692307692,0.9,0.6036,0.0,1.0,0.3877418665901574,0.2847369277725029
1.8181818181818181,0.3333333333333333,0.47870000000000007,1.0,0.5,0.4520232398404858,0.2403779227380128
1.5,1.0,0.21050000000000002,0.0,0.9,0.39472298812334405,0.27152815726222385
1.8666666666666667,0.5384615384615384,0.18460000000000001,0.0,0.8,0.7890738468014326,0.07613764478933749
1.9090909090909092,0.75,0.12029999999999999,0.0,0.3,0.6408697278033665,0.13934685477606745
1.3333333333333333,0.45454545454545453,0.4758,0.0,0.0,0.28899674613990495,0.35285801178691784
1.4615384615384615,0.2,1.1540000000000001,0.0,0.2,0.3169548607263591,0.32898834607556704
1.5625,0.9166666666666666,0.566,0.0,0.4,0.18502474487026316,0.45727382980684395
1.3529411764705883,0.9285714285714286,0.36920000000000003,0.0,0.7,0.33311489130597854,0.31461796431284594
1.75,0.7142857142857143,0.8645999999999999,0.0,0.2,0.15895484736343107,0.4911409056552873
1.7692307692307692,0.8333333333333334,0.1661,0.0,1.1,0.2966655764758177,0.34214903950663356
1.5625,1.0,0.2864,0.0,0.5,0.29795658137373887,0.34154606212702393
1.9,0.14285714285714285,0.156,0.0,0.0,0.37318986235425017,0.2964293393782744
1.6666666666666667,1.0,0.0444,0.0,0.8,0.4846983137810939,0.21719370247575187
1.1,0.0,0.9841,2.0,0.4,0.546045934108007,0.18503131670417883
1.7333333333333334,0.7692307692307693,0.2151,0.0,0.6,0.4180331059783382,0.2576975848511081
1.5555555555555556,1.0,0.3652,0.0,0.8,0.7670306352898784,0.08566717615437108
1.9230769230769231,1.0,0.1985,0.0,0.6,0.37757942895750674,0.29008696077907686
2.0,0.5714285714285714,0.4936,0.0,0.6,0.5608858231592322,0.17917700037587878
2.0,0.8181818181818182,0.1661,0.0,0.5,0.6018217768831995,0.15819258747296147
1.625,0.8571428571428571,0.4425,0.0,0.7,0.5542917219430489,0.18116824810427926
2.25,1.0,0.42489999999999994,0.0,0.6,0.5364743528788081,0.19107198856540908
2.0,0.2857142857142857,0.9355000000000001,1.0,0.4,0.5015971463923609,0.20803335381893998
2.090909090909091,0.7777777777777778,0.18460000000000001,0.0,0.5,0.692746453250443,0.11583313001168491
1.8571428571428572,1.0,0.3208,0.0,0.9,0.4712725122097842,0.22538447794570504
1.75,0.75,0.3738,0.0,0.7,0.5716268586998097,0.17219637385680187
2.1666666666666665,1.0,0.16469999999999999,0.0,0.6,0.40413900152195853,0.26795138119329764
2.0,0.7777777777777778,0.5399,0.0,0.5,0.2898798027306413,0.351105372705632
1.8571428571428572,1.0,0.3208,0.0,0.8,0.36625262278226084,0.29289674393516024
1.2307692307692308,0.14285714285714285,0.8628,1.0,0.3,0.3125893661177479,0.3544888851928583
2.0,1.0,0.1661,0.0,0.8,0.2707328003981938,0.36488931943806874
2.0,0.7142857142857143,0.5297,1.0,0.5,0.2538228229548668,0.3832054747311258
1.5833333333333333,0.75,0.526,0.0,0.7,0.5291757837673375,0.1931010665831062
1.9,0.8333333333333334,0.3553,0.0,0.6,0.12931499717967707,0.5268363307397798
1.9090909090909092,0.5,0.4575,1.0,0.5,0.21573019573375019,0.42462552501925993
2.090909090909091,1.0,0.24670000000000003,0.0,0.5,0.23065414476482082,0.4068172034890953
1.9230769230769231,1.0,0.5061,0.0,1.0,0.6263347088206702,0.14860299991005924
1.0625,0.13333333333333333,0.1707,2.0,0.4,0.19086535191996343,0.4412586983627826
1.8,0.3333333333333333,0.0,1.0,0.3,0.324112263345333,0.3208204950148004
2.1538461538461537,0.8571428571428571,1.055,0.0,0.8,0.2828410550894027,0.3606979929047878
1.5,0.5,0.5121,0.0,0.0,0.13617405322521653,0.5383930936979451
1.7692307692307692,1.0,0.24670000000000003,0.0,0.8,0.4377578053248805,0.24708685979283163
1.8,0.75,0.3553,0.0,0.0,0.41081758545325475,0.2620432909600408
1.6666666666666667,1.0,0.21050000000000002,0.0,0.9,0.4496795604226445,0.23775501434957141
1.3125,0.5714285714285714,0.2347,1.0,1.0,0.6035237461986085,0.15911529219079418
1.6428571428571428,0.9,0.27299999999999996,0.0,0.4,0.2518675563528754,0.38148035444069245
1.5333333333333334,0.8,0.6085,0.0,1.0,0.5983962491389756,0.16306955222540626
0.6818181818181818,0.8888888888888888,0.40620000000000006,0.0,0.2,0.523749848367952,0.2005904501999391
2.0,0.8888888888888888,0.4457,0.0,0.5,0.44028540238721864,0.24810506549359398
1.6153846153846154,1.0,0.4128,0.0,0.3,0.3287725300623291,0.32063019192604897
1.5294117647058822,1.0,0.07680000000000001,0.0,0.6,0.6230830717442041,0.14687959548193244
1.7,0.0,0.29100000000000004,1.0,0.1,0.7553100866451016,0.08958960107184194
1.5714285714285714,0.6666666666666666,0.1661,1.0,0.9,0.1015493625205172,0.5632049293698446
1.6428571428571428,0.9,0.6076999999999999,0.0,1.1,0.6271040155387313,0.14589387384175018
2.272727272727273,0.3333333333333333,0.3833,0.0,0.3,0.3744336426078573,0.29481900675825384
1.5555555555555556,1.0,0.3046,0.0,1.2,0.24884164578524753,0.391083092528014
1.3333333333333333,1.0,0.0,0.0,0.3,0.34388995666292715,0.30620467798654727
2.090909090909091,1.0,0.3390000000000001,0.0,0.5,0.6006921852991148,0.15943903950154872
1.2727272727272727,0.3333333333333333,0.3414,0.0,0.3,0.2599749893669665,0.4260542074368312
1.6923076923076923,1.0,0.4781,0.0,0.3,0.40595653900631334,0.2745720209911372
1.6153846153846154,1.0,0.2864,0.0,0.4,0.29511825771960976,0.348632202410623
2.272727272727273,0.8571428571428571,0.6959000000000001,0.0,0.8,0.31995515650104933,0.33078830326383674
1.8333333333333333,1.0,0.5345,0.0,0.3,0.3994255587403826,0.268708393117992
1.2222222222222223,0.5555555555555556,0.792,0.0,0.5,0.4927510432409427,0.214192046885846
1.7857142857142858,0.9,0.6456000000000001,0.0,0.6,0.2986967126048686,0.34699591885645825
1.75,1.0,0.3208,0.0,1.0,0.54851957484446,0.1866445425166764
1.9090909090909092,0.0,0.9309000000000001,1.0,0.2,0.21551526970416754,0.45437691742084585
1.2222222222222223,1.0,0.36519999999999997,0.0,0.4,0.6922711575811271,0.11732766507621542
1.3529411764705883,1.0,0.1661,0.0,0.9,0.45406967875342424,0.23858070662556263
1.5384615384615385,0.7777777777777778,0.3642,0.0,0.2,0.45274689355821657,0.23549190879143644
1.5384615384615385,1.0,0.4329,0.0,0.2,0.14730281485920343,0.49657587897700023
1.5,0.0,0.1707,1.0,0.1,0.766514741731355,0.08506436574131407
1.9090909090909092,1.0,0.1661,0.0,0.2,0.13624692117166998,0.5731481886128901
1.6875,1.0,0.4131,0.0,0.6,0.7091379954675291,0.11025179735779238
1.8461538461538463,1.0,0.0444,0.0,0.7,0.5336294766526692,0.19404599081381926
1.9090909090909092,0.875,0.29100000000000004,0.0,0.7,0.5826005216507258,0.16613884353461536
1.7692307692307692,1.0,0.1661,0.0,0.3,0.30139720564521666,0.3396736027663863
2.1818181818181817,0.875,0.5605,0.0,0.8,0.29490520157694083,0.3536424547898457
2.0,1.0,0.3208,0.0,0.7,0.5060934951897393,0.20796290546749568
1.3076923076923077,0.0,0.8025999999999999,1.0,0.2,0.35566200650683616,0.30660364449253386
2.0,0.25,1.0799,0.0,0.2,0.1563882869178005,0.5139283485525278
2.0,0.875,0.44569999999999993,0.0,0.3,0.39544011369472376,0.2772845827372637
1.5294117647058822,0.9285714285714286,0.4571,0.0,0.8,0.5831984136526637,0.1675686673470264
1.6,1.0,0.21050000000000002,0.0,0.9,0.21575782544452754,0.4228101239983751
1.8333333333333333,0.9,0.3582,0.0,0.5,0.11696736511511761,0.5487738059010491
0.6333333333333333,0.2,1.1538,1.0,0.6,0.7466495263951939,0.0930404104111795
2.0,0.9090909090909091,0.7221,0.0,0.7,0.4320301362894208,0.25214202979997286
1.5714285714285714,0.8181818181818182,0.43370000000000003,0.0,0.7,0.13321892567778715,0.5323642914255046
1.5833333333333333,1.0,0.2023,0.0,0.2,0.2839419185419674,0.3546071143165207
1.411764705882353,0.42857142857142855,0.229,1.0,1.0,0.5390009035595965,0.18829212730315714
1.0526315789473684,0.3333333333333333,0.2023,2.0,0.8,0.11457816990980531,0.5732379654851294
1.588235294117647,0.8666666666666667,0.24670000000000003,0.0,0.6,0.17624382217460174,0.47873129269336195
1.9,1.0,0.6939,0.0,0.2,0.2554827775925763,0.3799314245517286
1.8,0.5714285714285714,1.2597,0.0,0.7,0.5071961752833309,0.2086917416006584
1.5454545454545454,0.5,0.25780000000000003,1.0,0.0,0.40293215580695346,0.26607213056353163
2.090909090909091,1.0,0.0444,0.0,0.4,0.6021122369579237,0.15940222593405098
1.8181818181818181,0.375,0.49760000000000004,1.0,0.5,0.6260601861267359,0.14541493649647363
1.9090909090909092,1.0,0.634,0.0,0.8,0.061222622384824836,0.6448260585174024
1.411764705882353,0.9285714285714286,0.3354,0.0,0.5,0.24094200441379274,0.3903303879812266
2.1818181818181817,0.5,0.44020000000000004,1.0,0.6,0.25793523966634,0.3765769843495829
1.8333333333333333,0.7272727272727273,0.1707,0.0,0.3,0.03801536952652193,0.7101494896093898
0.8235294117647058,0.2,0.0,2.0,0.2,0.32879870413638496,0.3182656628038154
2.1818181818181817,0.875,0.5673999999999999,0.0,0.5,0.6753242396048682,0.12456821702798306
1.6470588235294117,1.0,0.07680000000000001,0.0,0.8,0.23621856304340727,0.3948624300612666
1.7272727272727273,0.0,1.0412000000000001,1.0,0.3,0.6417437302703194,0.1385726069509055
1.9375,0.9166666666666666,0.6117999999999999,0.0,0.8,0.3834076816594441,0.27926660261883024
1.1111111111111112,1.0,0.3322,0.0,0.3,0.6871924360053235,0.11892852287292222
1.8,1.0,0.2584,0.0,1.0,0.19856067899749558,0.44737092402546197
1.9,0.3333333333333333,0.43370000000000003,0.0,0.4,0.7351351617907619,0.09787160030151039
2.0,0.8,0.2023,0.0,0.7,0.20201432877858547,0.4358886105452637
2.230769230769231,0.7,0.4457,0.0,0.5,0.42041987380983614,0.2556151024304523
1.9230769230769231,0.3,0.6615000000000001,1.0,0.5,0.43402670321222475,0.24891066771322723
1.8666666666666667,0.9230769230769231,0.2151,0.0,0.8,0.3957682935253487,0.27158083082268064
1.8461538461538463,0.8571428571428571,1.1105,0.0,1.0,0.23692369820739786,0.3973910739371955
1.5294117647058822,1.0,0.36840000000000006,0.0,0.5,0.4965769390912841,0.21444304133523134
1.7857142857142858,1.0,0.21050000000000002,0.0,0.5,0.5925995477229227,0.1621873812947245
2.0833333333333335,1.0,0.3208,0.0,0.8,0.3799866760137553,0.2836431160300733
2.0,0.5,0.2764,1.0,0.5,0.4250381001901967,0.25757537266697855
2.1538461538461537,0.9,0.49329999999999996,0.0,0.8,0.5108340614472785,0.2028910242606437
2.0,1.0,0.3208,0.0,0.8,0.4339338671452254,0.24820735121187887
2.2222222222222223,0.0,0.8878,1.0,0.3,0.4926576948363202,0.21387650248192674
1.5625,0.9166666666666666,0.5097,0.0,0.9,0.6452550964039164,0.13752852107805308
1.8461538461538463,0.8571428571428571,0.6036,0.0,0.6,0.36516508224035577,0.2974610146278486
1.75,1.0,0.0444,0.0,0.6,0.4211800241160826,0.25540206479238436
1.6666666666666667,0.8461538461538461,0.0444,0.0,0.4,0.47435832237805914,0.22565539784078437
2.0,0.14285714285714285,0.3668,1.0,0.1,0.48053869021475115,0.21973803794526922
1.7333333333333334,1.0,0.21050000000000002,0.0,0.4,0.5898765298260117,0.1647706595585567
1.9090909090909092,0.875,0.47950000000000004,0.0,0.8,0.5816258653849266,0.16718932032795433
1.9166666666666667,0.8888888888888888,0.4571,0.0,0.9,0.5700138297934263,0.17424297810486342
1.0,0.0,0.8618000000000001,1.0,0.2,0.3032881664717111,0.36604854661949987
1.8461538461538463,1.0,0.2764,0.0,0.6,0.26556795435940805,0.37176198930478827
1.7692307692307692,1.0,0.24670000000000003,0.0,0.5,0.5367922931064811,0.19247565897254285
1.9166666666666667,0.4444444444444444,0.5327,1.0,0.5,0.25418187861670544,0.378811976849383
1.6666666666666667,1.0,0.0444,0.0,0.9,0.652710959023799,0.13389340021778842
2.1666666666666665,0.7777777777777778,0.2764,0.0,0.3,0.2300469302398855,0.4014874619180287
1.7692307692307692,0.9,0.2823,0.0,0.8,0.4370957801961268,0.244855435450056
1.2142857142857142,0.5384615384615384,0.1661,1.0,0.0,0.495816670319355,0.21481588021894577
1.6428571428571428,0.45454545454545453,0.2584,1.0,0.7,0.33328965409955524,0.31429142022167533
1.7333333333333334,0.8461538461538461,0.3208,0.0,1.3,0.17340290752963702,0.4617300148361617
1.1111111111111112,0.9,0.263,0.0,0.3,0.16910563809427775,0.47213729781360236
1.8571428571428572,1.0,0.24670000000000003,0.0,0.8,0.2745358629263873,0.36054997764317775
1.2142857142857142,0.3333333333333333,0.40620000000000006,1.0,0.6,0.27485814981813295,0.3701966883986359
1.8125,1.0,0.3532,0.0,1.1,0.6087807140193529,0.15517240091780649
1.5384615384615385,0.5454545454545454,0.263,0.0,0.8,0.5673422484834885,0.1736653029780227
1.5,1.0,0.24670000000000003,0.0,0.9,0.4679529758078548,0.2341051651714583
1.5454545454545454,0.6666666666666666,0.2993,1.0,0.0,0.2446457274450025,0.4058607431006722
1.6428571428571428,0.9166666666666666,0.3582,0.0,0.6,0.2643222030115201,0.3794220842820097
1.9,0.8571428571428571,0.29100000000000004,0.0,0.6,0.5109489145174522,0.20535238283587084
1.2777777777777777,0.8571428571428571,0.5553,1.0,0.9,0.637209128382781,0.14203040853845442
1.7142857142857142,1.0,0.1661,0.0,1.1,0.26436268403459595,0.3735815076530206
0.85,0.0,0.8924000000000001,2.0,0.4,0.6211325834919968,0.14857668994954454
1.4666666666666666,1.0,0.3208,0.0,0.4,0.31161736455780686,0.3371234740842606
1.5625,1.0,0.5075,0.0,0.7,0.5366533265104042,0.19285462862863992
1.8461538461538463,1.0,0.5437,0.0,0.5,0.3420395401719131,0.3076385589374511
2.272727272727273,0.8571428571428571,0.48950000000000005,0.0,0.1,0.36589164543222674,0.29555356320057763
1.4210526315789473,1.0,0.21050000000000002,0.0,1.2,0.15142606320482985,0.49837661945349876
2.3636363636363638,1.0,0.2584,0.0,0.5,0.1499526424796411,0.4935195976192196
1.411764705882353,0.7272727272727273,0.8730000000000001,0.0,0.6,0.7966955364931138,0.07341221078441976
2.090909090909091,1.0,0.29460000000000003,0.0,0.5,0.4009934132491584,0.267320329926393
1.2105263157894737,0.3333333333333333,0.0444,2.0,0.4,0.13053924417005194,0.5703778388638637
1.8181818181818181,0.625,0.3443,1.0,0.6,0.21905548608128583,0.4191005944662211
1.6,1.0,0.3088,0.0,0.6,0.29498854245094397,0.3469725427180992
1.6666666666666667,0.4,0.7750999999999999,0.0,0.3,0.22797173059157244,0.4029991430477381
1.6428571428571428,1.0,0.1661,0.0,0.4,0.3266353977635848,0.3212831571488032
2.090909090909091,0.16666666666666666,0.6036,1.0,0.3,0.17052948908677013,0.49440665794259886
1.1666666666666667,0.1111111111111111,0.4157,2.0,0.3,0.2536631698297283,0.37865898355835187
1.2941176470588236,1.0,0.2584,0.0,0.2,0.5039785384540216,0.21031582120278278
1.5,1.0,0.21050000000000002,0.0,0.8,0.5023744202450217,0.2090999197457281
1.9090909090909092,0.25,0.38049999999999995,1.0,0.4,0.4153811834547382,0.258259380448478
2.0714285714285716,1.0,0.3322,0.0,0.7,0.6170684212840037,0.15263735706220424
1.4666666666666666,0.9166666666666666,0.6346,0.0,0.3,0.39121512997728713,0.27381917027968466
1.7272727272727273,0.9,0.1707,0.0,0.3,0.07501118238036909,0.6143850162138199
1.5833333333333333,0.0,0.6211,1.0,0.3,0.5541100072664366,0.1830589341111682
1.7647058823529411,1.0,0.21050000000000002,0.0,0.8,0.445160062218848,0.2418934794947882
1.2,0.6923076923076923,0.3414,0.0,0.1,0.15471733540201688,0.49188449597664324
1.0952380952380953,1.0,0.3028,0.0,0.5,0.695755865423826,0.11585269181912158
1.6153846153846154,0.75,0.1707,0.0,0.6,0.1552867731582139,0.48916922598204715
1.9090909090909092,1.0,0.4046,0.0,0.5,0.346455041293923,0.3066736086911721
2.0,0.8888888888888888,0.5214,0.0,0.4,0.651894685631354,0.13386567801020074
1.4285714285714286,0.25,0.3329,1.0,0.5,0.47948685032239896,0.22034308822397056
1.4666666666666666,0.9230769230769231,0.2151,0.0,0.8,0.4671557422924796,0.23509955370766164
1.6666666666666667,0.8888888888888888,0.44569999999999993,0.0,0.2,0.6214847181902352,0.14959345677937141
1.7857142857142858,0.9090909090909091,0.3354,0.0,1.1,0.6508966097961995,0.13641650198016972
1.5333333333333334,1.0,0.2584,0.0,0.5,0.5531748348299139,0.18156868256750366
0.782608695652174,0.14285714285714285,0.3414,2.0,0.2,0.6357825518211078,0.14214436847506254
1.3333333333333333,0.16666666666666666,0.38670000000000004,2.0,0.1,0.320262189576361,0.34618502101393683
1.8461538461538463,0.9090909090909091,0.263,0.0,0.5,0.16037275560210407,0.4874823853826261
1.5714285714285714,1.0,0.1661,0.0,0.9,0.5870968203275299,0.16535651891352776
1.8571428571428572,0.9166666666666666,0.4402,0.0,0.6,0.12205497968500201,0.531418357815886
1.411764705882353,1.0,0.21050000000000002,0.0,0.5,0.5187530256375412,0.19882265448995592
1.8181818181818181,0.4,0.0,1.0,0.5,0.16748472288732646,0.47009267047422554
1.8666666666666667,0.7777777777777778,0.9270000000000002,0.0,0.9,0.3812207321217262,0.2802836930607342
1.5,0.0,1.1740000000000002,1.0,0.4,0.364287408074673,0.29218757289468905
1.5555555555555556,1.0,0.21050000000000002,0.0,1.0,0.6166036470204597,0.15052071419702476
1.5,0.8571428571428571,0.5512,0.0,0.5,0.45407686607332426,0.24231187612450075
1.3157894736842106,1.0,0.3969,0.0,0.7,0.37434177505983013,0.28980742145269783
2.1818181818181817,0.875,0.3074,0.0,0.6,0.5265947006529204,0.19801275964301393
1.9285714285714286,0.8571428571428571,0.7979999999999999,0.0,0.7,0.44986510214408765,0.2371994507812766
1.0526315789473684,0.8666666666666667,0.5820000000000001,0.0,0.5,0.7701647116696406,0.08453809959853313
1.8181818181818181,0.8888888888888888,0.263,0.0,0.3,0.5249113736040525,0.19559839692065253
1.8666666666666667,0.45454545454545453,0.6962999999999999,1.0,0.7,0.3540407733141765,0.30149559957695515
1.8333333333333333,1.0,0.1661,0.0,0.4,0.3869956163250462,0.27777555815520355
1.2777777777777777,1.0,0.21050000000000002,0.0,0.7,0.47114223189803395,0.22629470999634155
2.0,1.0,0.3368,0.0,0.4,0.26176248424971893,0.3727228427175666
1.8571428571428572,0.375,1.1232,0.0,0.6,0.4743083203069919,0.22310600143755135
1.3571428571428572,0.5384615384615384,0.2023,0.0,0.1,0.04545483137994424,0.688080675973977
2.1,0.2857142857142857,0.1707,1.0,0.3,0.2534343762954578,0.42085477540131366
1.3888888888888888,1.0,0.2584,0.0,0.8,0.6030606136302972,0.15884554680160676
1.75,0.8461538461538461,0.3532,0.0,0.6,0.7136683878847567,0.10856538137985737
2.090909090909091,0.6666666666666666,0.664,0.0,0.7,0.3678284017907474,0.2893944666630553
2.0,0.4,0.7687999999999999,0.0,0.2,0.5182268760316008,0.20061486688886276
1.3888888888888888,0.8,0.6085,0.0,0.9,0.21648877181158618,0.4242278604458679
1.3333333333333333,1.0,0.16469999999999999,0.0,0.8,0.2487669714777939,0.3860261202385158
1.9230769230769231,0.8888888888888888,0.6959000000000001,0.0,1.0,0.22464742709835347,0.41334141888748543
1.3888888888888888,1.0,0.21050000000000002,0.0,0.7,0.699995368255894,0.1150723147096063
2.0,0.4444444444444444,0.2151,1.0,0.6,0.38467781282071284,0.28208351722501124
1.6,1.0,0.43320000000000003,0.0,0.6,0.5108368225025695,0.20496675157599548
1.5294117647058822,1.0,0.21050000000000002,0.0,1.0,0.10386450714444383,0.5604141837810968
1.6666666666666667,0.0,0.12890000000000001,1.0,0.0,0.6236836931800708,0.1470676678738187
1.3333333333333333,0.25,0.09230000000000001,1.0,0.2,0.5995968612064324,0.15826827500954335
1.5333333333333334,1.0,0.09230000000000001,0.0,0.7,0.6066196544141003,0.1556153761703571
1.5833333333333333,0.25,0.3414,1.0,0.3,0.4093674691851268,0.2678481390992386
1.5,1.0,0.47950000000000004,0.0,0.2,0.58863286380985,0.16461430221362716
1.9230769230769231,0.8888888888888888,0.5674,0.0,1.0,0.5602193324482023,0.17877199713963735
1.4375,0.9285714285714286,0.2151,0.0,0.8,0.5387111244990135,0.19174712118249926
1.3333333333333333,0.4166666666666667,0.1707,1.0,0.6,0.24935421943770336,0.38871749347311174
2.1818181818181817,1.0,0.29460000000000003,0.0,0.8,0.5724302268488212,0.17259140377858245
0.65,0.0,0.24719999999999998,3.0,0.0,0.37067265708673663,0.29761788587514976
1.4705882352941178,0.9166666666666666,0.6697,0.0,0.4,0.7385905397851672,0.0974618823355377
1.9285714285714286,0.8888888888888888,0.6036,0.0,0.5,0.2942463203643324,0.34458682531419277
1.8,0.9090909090909091,0.5239,0.0,1.2,0.5754333681319483,0.17220587423484407
1.5833333333333333,0.4,0.09230000000000001,1.0,0.5,0.46824953295616767,0.22653956026436173
1.4444444444444444,1.0,0.21050000000000002,0.0,1.1,0.6615147501577504,0.13123081354557062
1.4,1.0,0.4131,0.0,1.1,0.33331039057680145,0.3250221475600224
1.7333333333333334,0.42857142857142855,0.1661,1.0,0.8,0.39106108710450266,0.2739536356827495
1.9166666666666667,1.0,0.5111,0.0,0.6,0.27497954406416836,0.36615874363462464
1.5625,0.9166666666666666,0.4113,0.0,1.2,0.5059113373775976,0.20789248847910138
1.9230769230769231,1.0,0.1661,0.0,0.7,0.3707042477686299,0.29812239481575536
1.7857142857142858,0.9090909090909091,0.49329999999999996,0.0,1.1,0.457525643173455,0.23273612966960913
1.2142857142857142,0.14285714285714285,0.0,0.0,0.1,0.4895513276758746,0.21449600649971964
1.1538461538461537,0.14285714285714285,0.3414,1.0,0.1,0.16233745881982947,0.4878248356778526
2.0,0.8571428571428571,0.27299999999999996,0.0,0.4,0.5219653602118917,0.19949242931108263
1.3333333333333333,0.5714285714285714,0.12029999999999999,1.0,0.5,0.44836120392995127,0.238113634726538
1.8235294117647058,1.0,0.36519999999999997,0.0,1.1,0.6703374449530112,0.12797197180910616
2.2,0.5,0.2764,1.0,0.3,0.548456012098598,0.18321309355495033
1.25,0.9285714285714286,0.1707,0.0,0.2,0.3771118893754576,0.293427629154109
1.8235294117647058,0.6,0.24670000000000003,0.0,0.9,0.09878166249459248,0.5941665834316366
1.9090909090909092,0.125,0.39990000000000003,1.0,0.3,0.33423347708727474,0.31520342987650884
1.7333333333333334,0.6666666666666666,1.3278,0.0,0.8,0.3627569362695697,0.2931162972736103
1.25,0.9090909090909091,0.5820000000000001,0.0,0.2,0.663444836020634,0.12960361190608938
1.5625,0.8666666666666667,0.1661,0.0,0.7,0.7770118254654281,0.08172176429715089
1.5333333333333334,0.8181818181818182,0.6643000000000001,0.0,0.6,0.44001230541541475,0.24988766976645155
1.5384615384615385,0.7,0.4546,1.0,0.8,0.1899181456524,0.4859886868169501
1.5,1.0,0.5998,0.0,0.5,0.4406438721206623,0.24275311434898889
0.9473684210526315,0.0,0.9732999999999999,2.0,0.3,0.8156725568115863,0.06599891955719753
1.105263157894737,0.2222222222222222,1.3660999999999999,1.0,0.7,0.20437839164584337,0.5299382350235956
2.272727272727273,0.625,0.4671,1.0,0.6,0.3487727367746393,0.3026633163632352
1.75,0.0,0.6518999999999999,2.0,0.2,0.3547997375028452,0.3130500520133838
1.7222222222222223,1.0,0.4128,0.0,0.9,0.44302643586086987,0.2468090507633563
1.5833333333333333,0.25,0.38689999999999997,1.0,0.5,0.299682293849584,0.35772213491269755
1.6,1.0,0.1661,0.0,0.6,0.4585159717620549,0.23280725504688685
1.9230769230769231,0.8888888888888888,0.5379999999999999,0.0,1.0,0.2711636590589658,0.3641105949827272
1.4615384615384615,0.3,0.40129999999999993,1.0,0.4,0.32760115644065846,0.33237312872227637
1.5833333333333333,0.9,0.40129999999999993,0.0,0.4,0.21767117178497483,0.4229681241745772
1.8666666666666667,1.0,0.24290000000000003,0.0,1.0,0.5253290510685691,0.1951233541298384
1.5833333333333333,0.3333333333333333,0.4610000000000001,1.0,0.2,0.4863011800951029,0.216358004976072
1.0,1.0,0.2584,0.0,0.2,0.2605804654545513,0.3795170323933857
1.625,1.0,0.13670000000000002,0.0,0.9,0.5097136074805398,0.20826550497424592
2.0,0.8888888888888888,0.5998,0.0,1.0,0.4965587162995076,0.21088372912258646
1.7333333333333334,1.0,0.4011,0.0,0.5,0.5322853274822031,0.19173965086543296
1.6428571428571428,0.8888888888888888,0.5445,0.0,0.9,0.480312207326342,0.22134794335593624
2.0,0.16666666666666666,0.12890000000000001,1.0,0.1,0.38633919830638147,0.28626914228355044
2.076923076923077,0.8888888888888888,0.6305,0.0,0.6,0.3477526115507112,0.30765317866091324
1.411764705882353,0.9285714285714286,0.44569999999999993,0.0,0.5,0.45690568106270985,0.23637828887995718
1.6666666666666667,0.5,0.2584,1.0,0.8,0.4789448684645374,0.2204029322926776
1.7647058823529411,0.9,0.7971,0.0,0.3,0.76464450999721,0.08673287976927489
1.8461538461538463,0.9,0.20310000000000003,0.0,0.6,0.5516902887598886,0.18302083928229304
1.4705882352941178,0.9230769230769231,0.6597,0.0,0.6,0.45557848761488495,0.23614956983073024
1.7692307692307692,0.125,0.7573000000000001,1.0,0.4,0.6816074614612432,0.12049144925019831
1.6,1.0,0.24290000000000003,0.0,1.0,0.3732550679213663,0.2886111262374988
1.3571428571428572,1.0,0.3738,0.0,0.5,0.5152076424543671,0.2053808384638979
2.0,0.9090909090909091,0.7101000000000001,0.0,0.8,0.4155272324523649,0.26547182334483105
1.5625,1.0,0.21050000000000002,0.0,0.6,0.6048170534536531,0.15547474436733863
1.2777777777777777,0.9333333333333333,0.5674,0.0,0.4,0.5106827658403819,0.20294362921691542
1.5714285714285714,0.8,0.6656,1.0,0.9,0.35730883438746847,0.29696445366000335
1.6666666666666667,0.0,0.0,1.0,0.0,0.4219167313871798,0.2606141668143037
1.125,0.0,0.23850000000000002,2.0,0.3,0.514076483246966,0.20122047667438003
1.6153846153846154,0.7777777777777778,0.5673,1.0,0.8,0.2533309156653316,0.39902952254639673
1.9230769230769231,1.0,0.4291,0.0,1.1,0.26620402417088035,0.37523646428856516
2.0,0.5714285714285714,0.263,0.0,0.3,0.2818855539495108,0.38557329169537535
2.1818181818181817,0.42857142857142855,0.7944,1.0,0.5,0.34888012875616914,0.3028107045568072
0.75,0.0,0.5820000000000001,2.0,0.2,0.43018675287867486,0.25041267556491353
1.5555555555555556,0.9285714285714286,0.6117999999999999,0.0,0.4,0.3318387483308719,0.31710016954551085
2.0,1.0,0.2023,0.0,0.4,0.598931867600677,0.1603122524209377
1.75,0.2727272727272727,0.09230000000000001,1.0,0.4,0.5371871586250851,0.18909810652324396
2.090909090909091,0.6666666666666666,0.7846,0.0,0.5,0.5572733913452581,0.17907257519456027
1.5,0.2222222222222222,0.4402,1.0,0.2,0.5566699891645268,0.1844880546086379
1.588235294117647,1.0,0.3532,0.0,0.6,0.5379160330672352,0.18925886206938178
1.4444444444444444,0.9333333333333333,0.24750000000000003,0.0,0.9,0.5823954904793149,0.16720562627037241
1.9230769230769231,1.0,0.2764,0.0,0.7,0.3557025221741853,0.3011024656574925
2.0,0.7692307692307693,0.41,0.0,0.7,0.396761771389393,0.27344566630937656
2.4166666666666665,0.7777777777777778,0.3687,0.0,0.5,0.5615754175142433,0.17915194138936893
1.8571428571428572,1.0,0.3532,0.0,0.8,0.5286683511501356,0.19741821239803284
1.588235294117647,0.8333333333333334,0.8808000000000001,0.0,1.2,0.10421967624313964,0.5893770200228886
1.5,0.8461538461538461,0.7366999999999999,0.0,0.6,0.7767748071814082,0.0811946088995491
1.7333333333333334,0.3,0.8327,1.0,0.5,0.5681730246961101,0.17404049213373918
1.7142857142857142,1.0,0.4046,0.0,0.7,0.30039922718340745,0.341949630663339
1.5333333333333334,0.7333333333333333,0.0,0.0,0.3,0.21235524355597327,0.42338744548614166
1.4375,0.7,0.9832999999999998,0.0,0.6,0.8434403649168553,0.05526350389572318
1.8571428571428572,1.0,0.3208,0.0,0.8,0.3026662515631105,0.33846582327343394
1.9333333333333333,0.9166666666666666,0.36920000000000003,0.0,0.7,0.5225021290366932,0.19839943681185673
1.6363636363636365,0.25,0.2023,1.0,0.4,0.6999455018225293,0.11296944192158503
1.6,1.0,0.1971,0.0,0.4,0.5905547414777289,0.16368819059743
1.8181818181818181,0.25,0.332,1.0,0.3,0.4155939298491531,0.25939110839624013
1.7333333333333334,0.36363636363636365,0.5379999999999999,1.0,0.7,0.12299819236834567,0.5285227221504922
2.076923076923077,0.9,0.5674,0.0,0.8,0.3260497352036067,0.3204478288718433
1.7333333333333334,1.0,0.2584,0.0,0.9,0.30764904965717804,0.34118928801876847
1.625,1.0,0.0444,0.0,1.0,0.14244242470592505,0.5026701760834645
1.7647058823529411,1.0,0.5061,0.0,0.6,0.6894286498221934,0.11851476557054366
1.5555555555555556,0.625,0.36840000000000006,1.0,1.0,0.21897574733106331,0.4151718601293478
1.7777777777777777,1.0,0.5231,0.0,1.2,0.45385321218041935,0.23541362739368216
1.6111111111111112,0.7272727272727273,0.8614,0.0,0.6,0.6693258127505809,0.12655644407360683
1.8181818181818181,0.875,0.40129999999999993,0.0,0.1,0.13115084514659087,0.5165411963493576
1.8333333333333333,0.0,0.7839,1.0,0.3,0.3570421258944469,0.3104201186440812
1.8181818181818181,0.14285714285714285,0.6337,1.0,0.3,0.3064219843916318,0.3611574217937124
1.9285714285714286,0.8571428571428571,1.1111,0.0,0.5,0.5469879808532315,0.18606837376348295
1.0,0.4,0.2791,2.0,0.8,0.07231135228915636,0.6312444373177385
1.7333333333333334,0.6,0.6264,0.0,0.8,0.4012175712674962,0.2679880444649493
1.7142857142857142,0.9090909090909091,0.36920000000000003,0.0,0.4,0.655330919245453,0.13364992632638797
1.5333333333333334,0.45454545454545453,0.5720000000000001,1.0,0.3,0.7292087416331285,0.10126634541065711
1.0625,0.14285714285714285,0.1247,2.0,0.5,0.26247758362629214,0.3739129351843537
1.5,1.0,0.4193,0.0,0.4,0.10012307242346226,0.5761254793643475
1.6111111111111112,0.9285714285714286,0.4726000000000001,0.0,0.7,0.3536697611087539,0.3039415050939507
2.0,0.5,0.6522,1.0,0.4,0.5577744171924502,0.1784048389386287
1.8666666666666667,1.0,0.3390000000000001,0.0,0.9,0.24535909830831584,0.38722386826121213
1.4615384615384615,0.4166666666666667,0.2379,1.0,0.1,0.24643619685639417,0.3861388292972893
1.7857142857142858,0.9,0.6956,0.0,1.1,0.71805755245824,0.10597733412109646
1.8461538461538463,0.8888888888888888,0.5379999999999999,0.0,0.3,0.3032179658068906,0.3375998715454098
1.7692307692307692,0.45454545454545453,0.5366,1.0,0.7,0.09392702508782357,0.583821956010611
1.8181818181818181,0.42857142857142855,0.6881,1.0,0.1,0.38868083691041794,0.2824670409535455
1.7692307692307692,0.45454545454545453,0.2584,1.0,0.7,0.19550080792520869,0.5104577610233921
1.45,1.0,0.21050000000000002,0.0,0.6,0.6351476853773071,0.1431722333448692
1.6923076923076923,0.3,0.49329999999999996,1.0,0.5,0.5647216534141005,0.1751664109708359
1.6428571428571428,0.9090909090909091,0.4291,0.0,0.7,0.6089445129990582,0.15540645937918177
1.3076923076923077,0.9090909090909091,0.263,0.0,0.1,0.34326171346689716,0.3069808970051551
1.2941176470588236,0.625,0.1661,1.0,0.5,0.808081049018047,0.06883778525984388
1.8461538461538463,0.6363636363636364,0.1661,1.0,0.5,0.4750934371942017,0.2246964804821623
1.2,0.25,0.6178,2.0,0.7,0.586106070835982,0.1686086760155025
1.411764705882353,0.4,0.505,1.0,0.3,0.3067294695057851,0.34318733887644576
1.6666666666666667,1.0,0.07680000000000001,0.0,0.9,0.3439093617753144,0.30651155357569665
1.1666666666666667,0.8571428571428571,0.5820000000000001,0.0,0.4,0.8031565047323014,0.07113999422912892
1.6923076923076923,0.7777777777777778,0.6922999999999999,0.0,0.4,0.7098363348945623,0.10884664666450103
1.1111111111111112,0.3333333333333333,0.5908,1.0,0.6,0.32051861057002157,0.33706507051556306
2.142857142857143,0.9090909090909091,0.5673999999999999,0.0,0.7,0.34235032224767087,0.3073853454299794
1.2941176470588236,1.0,0.13670000000000002,0.0,0.7,0.20374290091220656,0.4364157139351017
1.7692307692307692,0.9,0.4653,0.0,1.0,0.25430681906311653,0.37882212915987484
1.6923076923076923,0.45454545454545453,0.2584,1.0,0.4,0.35621756885490585,0.30129525292143783
1.4705882352941178,1.0,0.7101000000000001,0.0,0.5,0.46685723478316166,0.23183928357830594
0.7407407407407407,0.7272727272727273,0.4615000000000001,1.0,0.0,0.34394248213275297,0.3099918997142136
1.1111111111111112,0.9333333333333333,0.24059999999999998,0.0,0.3,0.6762202208519906,0.12531681205550102
1.4,1.0,0.1985,0.0,0.8,0.24437486479349632,0.3952352846496711
1.8666666666666667,0.8571428571428571,0.1661,0.0,0.8,0.708072176260397,0.11007261566421223
2.25,0.8,0.36840000000000006,0.0,1.0,0.641056093758413,0.14136215792865162
1.9333333333333333,1.0,0.21050000000000002,0.0,0.6,0.494432285739711,0.21193864359692638
1.8461538461538463,1.0,0.5707000000000001,0.0,1.2,0.6017663773787093,0.15874570544255476
1.7142857142857142,0.8888888888888888,0.5036,0.0,1.0,0.5089494949517334,0.20629699753488023
2.0,0.8888888888888888,0.955,0.0,0.6,0.7285058465309162,0.10138121298863606
1.6875,0.7692307692307693,0.4546,1.0,0.7,0.4709098253700567,0.22527390367180847
0.9473684210526315,1.0,0.12120000000000002,0.0,0.1,0.5253167437018591,0.19570173749593278
1.6923076923076923,0.6,0.4239,1.0,0.2,0.5525567398038636,0.18304096838793138
1.8888888888888888,0.16666666666666666,0.12890000000000001,1.0,0.1,0.3819585974364527,0.2895761992179658
1.9090909090909092,0.625,0.40129999999999993,0.0,0.2,0.31621471838497733,0.3271082317398045
1.3125,0.9230769230769231,0.2703,0.0,0.3,0.2712756802765368,0.3713298360170808
2.0,0.5,0.43090000000000006,0.0,0.5,0.4107036582718723,0.26368334636285506
1.375,1.0,0.07680000000000001,0.0,0.5,0.5735916155936682,0.170638132895449
1.7142857142857142,0.2,0.2023,1.0,0.4,0.3273496580410704,0.3187851234947274
1.9285714285714286,0.8461538461538461,0.0444,0.0,0.7,0.4674853942572824,0.23090307806095894
1.1904761904761905,0.7647058823529411,0.6922999999999999,0.0,0.3,0.5399598808795257,0.19043148202306817
1.3333333333333333,0.8333333333333334,0.3738,0.0,0.2,0.37104589561796664,0.2893468765456179
1.3888888888888888,0.9333333333333333,0.4457,0.0,0.3,0.2696839621127899,0.3681590158944713
1.4705882352941178,0.625,0.1661,1.0,0.8,0.24223361804065544,0.3924769642815435
0.7916666666666666,0.3,0.5214,2.0,0.2,0.24007923254460942,0.4018467173180444
1.9090909090909092,0.3333333333333333,0.2023,1.0,0.4,0.6103654932937577,0.15280371003231075
1.4210526315789473,1.0,0.16469999999999999,0.0,0.6,0.3071196187398359,0.33380212542016846
1.9285714285714286,1.0,0.4425,0.0,0.9,0.5774263337180373,0.16901916484255572
1.7857142857142858,0.9,0.6925,0.0,0.5,0.49396108320954984,0.21308267088196842
2.0,0.4444444444444444,0.4335,1.0,0.7,0.44822369318203575,0.23990625590806106
1.2777777777777777,0.45454545454545453,0.2023,1.0,0.4,0.16588642133724996,0.520509143828756
1.8333333333333333,0.9,0.29100000000000004,0.0,0.4,0.682647657200017,0.12053481300289967
1.8181818181818181,0.0,0.7014,1.0,0.0,0.6225434464413889,0.14760654260608136
1.8181818181818181,1.0,0.07680000000000001,0.0,0.4,0.5680515394592432,0.1751795951508134
1.4285714285714286,0.45454545454545453,0.1661,1.0,0.1,0.5710406893929761,0.17342922220273677
1.7333333333333334,0.9090909090909091,0.44569999999999993,0.0,0.3,0.08180863913854126,0.6013409767984863
1.4736842105263157,0.8181818181818182,1.0661,0.0,1.1,0.3739778889173269,0.29327878406714275
1.625,0.5714285714285714,0.3046,1.0,0.6,0.7269829232352468,0.10191713757823824
2.375,0.4,0.1782,1.0,0.2,0.4569745877928337,0.23310600118538655
1.588235294117647,1.0,0.5231,0.0,0.4,0.3268851452818974,0.3225027146441366
1.0,0.8947368421052632,0.6043999999999999,0.0,0.7,0.47748107617841784,0.2214555449037733
1.6,0.8,0.7579,1.0,1.0,0.3963168372879686,0.2705078759229815
1.9166666666666667,0.375,0.5207999999999999,1.0,0.5,0.5188004476605831,0.20160065793882656
1.2222222222222223,0.5,0.7750999999999999,0.0,0.5,0.18179751917229262,0.455993779809963
2.090909090909091,0.625,0.1782,1.0,0.5,0.22167621119558006,0.429338321038573
1.6,0.9090909090909091,0.6456000000000001,0.0,0.3,0.5698873312227065,0.1744766298220255
2.1538461538461537,0.9,0.4291,0.0,0.6,0.6441588102385104,0.13968417092219046
2.4,0.5714285714285714,0.4053,1.0,0.5,0.38455438019783206,0.2822043678738807
1.5333333333333334,0.8888888888888888,0.8469999999999999,0.0,0.5,0.22363806489749208,0.409852611603343
1.5833333333333333,0.0,0.40129999999999993,1.0,0.2,0.8796805305942097,0.04185863513672842
2.0833333333333335,0.2222222222222222,0.24059999999999998,0.0,0.2,0.619858721236515,0.14829135106113864
1.75,1.0,0.3208,0.0,1.0,0.6061002994114708,0.15826447395592627
1.7692307692307692,0.2727272727272727,0.2023,1.0,0.5,0.4985698806820187,0.21409142531685216
1.9230769230769231,1.0,0.3969,0.0,0.8,0.4115878169210471,0.2638398793540584
1.125,0.9285714285714286,0.29100000000000004,0.0,0.2,0.5866356135143959,0.16526543522091353
0.7777777777777778,0.125,0.3414,2.0,0.0,0.33356068943505307,0.3150850178214887
1.5555555555555556,1.0,0.1985,0.0,1.0,0.24104068909785886,0.392660783683987
1.75,1.0,0.2584,0.0,1.1,0.3513598421724564,0.3021814175468524
1.8666666666666667,0.5714285714285714,1.4458000000000002,0.0,0.7,0.41475818371727924,0.2588261581947957
1.7142857142857142,1.0,0.5761,0.0,1.1,0.41077668412708634,0.26703302900131815
1.8461538461538463,0.625,0.5981000000000001,1.0,0.6,0.4641234758301645,0.23214799942607411
1.625,1.0,0.461,0.0,1.0,0.701521037944417,0.11338121714384296
1.2727272727272727,0.0,0.12890000000000001,2.0,0.0,0.37951755216259336,0.292220026499264
1.5,0.0,0.4307,2.0,0.2,0.6312642461172727,0.1431453916662865
0.9583333333333334,0.2631578947368421,0.7843000000000001,2.0,0.4,0.323922402119206,0.3209117726058606
1.4666666666666666,0.9230769230769231,0.4402,0.0,0.3,0.22417360361857214,0.4196781883012509
1.7647058823529411,0.8461538461538461,0.5889,0.0,0.8,0.22677805987659444,0.4204314822614422
0.8333333333333334,0.13636363636363635,0.2703,3.0,0.6,0.12788771812997943,0.542209947222169
2.0,0.875,0.2159,0.0,0.3,0.516309888237184,0.20155375505962314
2.0833333333333335,1.0,0.5710000000000001,0.0,1.1,0.3704163085237709,0.2896808189259883
1.2,1.0,0.3687,0.0,0.4,0.5697583552239557,0.17536670369155866
1.6875,0.9230769230769231,0.44569999999999993,0.0,0.5,0.2849924821505905,0.3526270840491861
2.272727272727273,0.3333333333333333,0.2975,1.0,0.5,0.6177696930530496,0.14963608412969262
1.9230769230769231,0.7777777777777778,0.6492,0.0,0.8,0.5706006540780582,0.17338161038648983
1.625,1.0,0.21050000000000002,0.0,1.0,0.09065627173655283,0.5833208301905731
1.8461538461538463,1.0,0.2584,0.0,0.3,0.20422414761192653,0.45181283965862634
1.6875,0.1,0.7263,0.0,0.2,0.668674365262225,0.12632963423401866
1.7333333333333334,1.0,0.21050000000000002,0.0,1.0,0.7787642438410545,0.08132695631718148
1.2857142857142858,0.9333333333333333,0.7106,0.0,0.5,0.46281377446780764,0.22966461045033706
1.4705882352941178,0.9285714285714286,0.45049999999999996,0.0,0.6,0.273935093999518,0.36549206814294555
1.7333333333333334,0.7142857142857143,0.8142,0.0,0.6,0.420129582453542,0.2617037166335531
1.6,0.8,0.6463,0.0,1.0,0.5747939451818185,0.17033562707536185
1.7222222222222223,1.0,0.21050000000000002,0.0,1.2,0.3180027767055043,0.32536418001390593
1.8461538461538463,0.18181818181818182,0.0388,2.0,0.2,0.22623925441457907,0.43007198417472753
1.5454545454545454,0.125,0.1707,1.0,0.2,0.20462610186952215,0.4263581378061662
1.5294117647058822,0.8571428571428571,0.7979999999999999,0.0,0.5,0.38642736393030425,0.279582294712313
1.2941176470588236,0.375,0.4703,1.0,0.5,0.4927440719306979,0.21306466363465287
1.2941176470588236,1.0,0.4046,0.0,0.6,0.0916748527375462,0.6130459066880498
1.6,0.45454545454545453,0.2584,1.0,0.2,0.4210048700254618,0.2549896078005542
1.7142857142857142,1.0,0.507,0.0,0.4,0.21636011836355787,0.4143417520398885
1.6428571428571428,0.9,0.4756,0.0,1.1,0.5666520738701288,0.17549674572750903
1.8125,1.0,0.3208,0.0,1.0,0.35413120629540357,0.2988643314394615
2.1538461538461537,0.3333333333333333,0.4425,1.0,0.5,0.3869887097876059,0.2826327609207287
1.5833333333333333,0.3333333333333333,0.0,1.0,0.2,0.3780428356357773,0.2824090575915837
1.6470588235294117,0.8333333333333334,0.8946000000000001,0.0,1.2,0.30646796447191965,0.3342950275934757
1.5384615384615385,0.36363636363636365,0.33019999999999994,1.0,0.5,0.49147223790452976,0.21396943271859112
1.7647058823529411,1.0,0.6784,0.0,0.9,0.22782402933997228,0.41152226861823554
1.6,0.5384615384615384,0.1661,1.0,0.8,0.6158678207303996,0.15215526363107904
2.076923076923077,1.0,0.5533000000000001,0.0,0.7,0.693404267302875,0.11672342578021543
1.6666666666666667,0.2857142857142857,0.6803,1.0,0.4,0.36287112625234763,0.3045849904806064
1.588235294117647,1.0,0.3046,0.0,0.6,0.5935684490672218,0.16260403841342783
1.5833333333333333,0.25,0.43370000000000003,1.0,0.4,0.3645591882538121,0.2957141082635031
1.8461538461538463,1.0,0.664,0.0,1.0,0.2760004630438449,0.3592117387150484
1.9333333333333333,0.9090909090909091,0.5605,0.0,1.2,0.5905891029700756,0.16284623836810988
1.6428571428571428,1.0,0.5348,0.0,0.4,0.6270939111233305,0.14527251116710138
2.1538461538461537,0.8181818181818182,0.29460000000000003,0.0,0.6,0.4840954941373054,0.2210345491687707
1.380952380952381,1.0,0.2429,0.0,0.3,0.4360662057151988,0.25073277916338765
1.368421052631579,1.0,0.21050000000000002,0.0,0.7,0.6653508991559608,0.12812732955676806
1.411764705882353,1.0,0.6826000000000001,0.0,0.9,0.3303419474584342,0.3283573062883763
1.5714285714285714,0.9090909090909091,0.2954,0.0,1.1,0.462515788901847,0.23093168312071424
1.9230769230769231,0.2727272727272727,0.36840000000000006,1.0,0.5,0.45942397012977004,0.23165918353445075
2.25,0.8888888888888888,0.4457,0.0,0.5,0.2786770225651915,0.3623521309331349
1.7058823529411764,1.0,0.21050000000000002,0.0,0.6,0.4088878483728356,0.26550379337653135
1.7142857142857142,0.5833333333333334,0.4053,1.0,0.4,0.18114652213474391,0.4557236665335784
2.0,0.3333333333333333,0.8115000000000001,1.0,0.3,0.32994689587050113,0.33196893949240025
1.4666666666666666,1.0,0.4011,0.0,0.4,0.6164030944396836,0.15131024759306616
1.5,0.0,0.5649000000000001,2.0,0.1,0.823590626882006,0.06273935047001927
1.6923076923076923,0.9090909090909091,0.40129999999999993,0.0,0.5,0.2518945428716307,0.38045757007138414
1.5833333333333333,0.0,0.6714999999999999,1.0,0.1,0.6120656769547869,0.1525861293922321
2.0,0.9,0.42769999999999997,0.0,0.6,0.7388860104674011,0.09782520116588904
1.3333333333333333,0.25,0.09230000000000001,1.0,0.2,0.5886607437023275,0.16364744689835417
1.25,0.29411764705882354,0.3507,2.0,0.9,0.1113568047521815,0.5490595536295168
1.8571428571428572,0.8888888888888888,0.7628,0.0,1.1,0.43175467343063806,0.2496062410477404
1.7857142857142858,0.36363636363636365,0.5325,1.0,0.6,0.15817843054893077,0.48631630686392224
1.6470588235294117,0.6923076923076923,0.45630000000000004,1.0,1.1,0.5572882895534724,0.17891861271110196
1.5294117647058822,0.5,0.6208,0.0,0.2,0.6526687581977286,0.13354319512596116
1.75,0.45454545454545453,0.1661,1.0,0.2,0.43085363642220725,0.25661075910565756
1.6153846153846154,0.3,0.43370000000000003,1.0,0.5,0.6187737562684451,0.1489910765829805
2.0714285714285716,1.0,0.36840000000000006,0.0,0.9,0.4929476181827142,0.21617100253341157
1.5333333333333334,1.0,0.6271000000000001,0.0,0.6,0.7425190003458154,0.09512121460724804
1.411764705882353,1.0,0.1985,0.0,0.9,0.5121944641096107,0.20514923437115593
1.5714285714285714,0.3333333333333333,0.4314,1.0,0.5,0.7230014872916696,0.10381005717915527
1.6363636363636365,1.0,0.38489999999999996,0.0,0.1,0.2589940458963567,0.39523632069947745
1.6,0.9375,0.6959000000000001,0.0,1.2,0.22770967998293334,0.4033065808022594
1.380952380952381,1.0,0.29460000000000003,0.0,1.1,0.7337425036167032,0.10008425665992582
1.6923076923076923,0.2727272727272727,0.1707,1.0,0.5,0.23067779308389263,0.400147867507431
1.1,0.0625,0.5121,2.0,0.5,0.2697461543383871,0.36492200819532084
1.6470588235294117,1.0,0.4131,0.0,1.2,0.2922579033721144,0.34711352632321024
1.9090909090909092,0.0,0.6591,1.0,0.1,0.4105324396634544,0.26867595598209915
2.25,0.625,0.1782,1.0,0.6,0.4563302318625228,0.23339049135361062
1.6,1.0,0.5075,0.0,0.7,0.7508365726399328,0.09209786153909916
2.0,0.8888888888888888,0.4457,0.0,0.4,0.2013737227132692,0.43973003944831274
1.6470588235294117,1.0,0.45930000000000004,0.0,1.2,0.28185385315154776,0.35468049874172725
1.625,1.0,0.16469999999999999,0.0,1.1,0.32114311037957627,0.326797284203005
1.0,0.08333333333333333,0.12890000000000001,2.0,0.2,0.2679009883180914,0.3743739183782067
1.875,1.0,0.3532,0.0,0.6,0.46698510111973746,0.2310720657497408
0.8823529411764706,0.25,0.09230000000000001,2.0,0.2,0.18619920424590775,0.4581462303894971
1.6470588235294117,0.9230769230769231,0.41359999999999997,0.0,0.5,0.6187372986435482,0.14964431863457672
1.7857142857142858,0.9090909090909091,0.597,0.0,0.6,0.08437185091523346,0.5952114610375919
1.5294117647058822,0.3333333333333333,0.6743000000000001,1.0,0.5,0.5296972032394353,0.19510508226091997
2.066666666666667,1.0,0.4128,0.0,1.2,0.545319583774639,0.18660528782896516
1.5384615384615385,0.5,0.777,0.0,0.2,0.24262604876624788,0.43790771537818163
2.0,1.0,0.29460000000000003,0.0,0.7,0.25407304411652976,0.38288206789652585
1.6,1.0,0.21050000000000002,0.0,0.5,0.5960550400462431,0.1626510925587708
1.875,0.9166666666666666,0.5377,0.0,0.9,0.20715801946446183,0.4257719194355308
1.6875,0.9230769230769231,0.36920000000000003,0.0,0.5,0.5122737596029266,0.2020975186763322
2.25,0.875,0.6959000000000001,0.0,0.7,0.18478243007353945,0.44908787452324667
1.5555555555555556,1.0,0.24670000000000003,0.0,0.6,0.6217126700322237,0.14967230486473182
0.68,0.18181818181818182,0.1699,4.0,0.6,0.7899782941096722,0.07672385005377895
1.5714285714285714,0.7777777777777778,0.25780000000000003,1.0,0.9,0.5206974138997706,0.19841718927806495
1.7857142857142858,1.0,0.3969,0.0,0.8,0.17201771647303404,0.4636247920797824
1.368421052631579,1.0,1.0481000000000003,0.0,0.9,0.33397434290381495,0.3152618935505687
1.368421052631579,1.0,0.12120000000000002,0.0,0.8,0.6861868898039605,0.11928378840866778
1.04,0.16666666666666666,0.6437999999999999,2.0,0.3,0.5198390542938005,0.1980962010731251
1.7857142857142858,1.0,0.1661,0.0,0.7,0.3174880292734367,0.3278010959836984
2.0,0.25,0.2764,1.0,0.3,0.36944284946507255,0.29247706839509735
1.8333333333333333,0.8333333333333334,0.20310000000000003,0.0,0.4,0.15484676175754758,0.5072105229256205
1.4,0.3,0.5445,1.0,0.1,0.4546656042108745,0.2352083645812487
1.5833333333333333,0.25,0.25780000000000003,2.0,0.2,0.2915242921457381,0.37920946640886816
1.9285714285714286,0.9090909090909091,0.3074,0.0,0.7,0.3805420710439901,0.2824154544208726
1.6666666666666667,0.9166666666666666,0.44569999999999993,0.0,0.7,0.30452291583469837,0.33675578846355736
1.7142857142857142,0.375,0.6973,2.0,0.5,0.3962663606191631,0.27240544183200155
2.0,1.0,0.3322,0.0,0.6,0.6277660541910469,0.14657510047795774
2.4545454545454546,0.8571428571428571,0.566,0.0,0.4,0.16914911422041462,0.4664077703092968
1.8235294117647058,1.0,0.4128,0.0,0.7,0.4062943363660553,0.2669802940156876
1.9166666666666667,0.375,0.7036,1.0,0.6,0.646537609963584,0.13691736621947256
1.263157894736842,0.6,0.4617,1.0,0.7,0.4813717313191815,0.22113854924687765
1.4,0.4,0.4617,1.0,0.2,0.5134892833600921,0.20303275834247156
1.588235294117647,1.0,0.3088,0.0,1.1,0.6458383296764828,0.13790850617452194
1.6875,0.8,0.8373,1.0,0.9,0.12307293691802994,0.5424833924543421
1.9090909090909092,0.14285714285714285,0.373,1.0,0.3,0.46364527956430607,0.23038959344188675
1.4375,1.0,0.4131,0.0,0.6,0.655800474280602,0.13355302760737597
1.5333333333333334,0.46153846153846156,0.40129999999999993,1.0,0.7,0.21680580192226404,0.4150240309317896
1.8666666666666667,0.9166666666666666,0.263,0.0,0.7,0.32951487523554734,0.31717187591649265
1.4666666666666666,0.5,0.18460000000000001,1.0,0.3,0.4698632196722668,0.2287046095714238
1.6363636363636365,0.5555555555555556,0.4078,1.0,0.6,0.3208665583592256,0.32428724286275545
1.75,0.6923076923076923,0.24670000000000003,1.0,1.1,0.25296568968419625,0.3852211492328006
1.6666666666666667,0.5384615384615384,0.24670000000000003,1.0,0.9,0.523977722063098,0.19787604155507743
1.7058823529411764,0.8666666666666667,0.24670000000000003,0.0,0.7,0.23804446849335065,0.393595879062406
2.1666666666666665,1.0,0.36840000000000006,0.0,0.7,0.4523184767806142,0.23968252585467892
1.8,1.0,0.2091,0.0,0.6,0.6408360914409766,0.1393222285105408
1.8461538461538463,0.9090909090909091,0.29100000000000004,0.0,0.5,0.30981685698719263,0.33956135535217813
1.6875,0.5714285714285714,0.0444,1.0,0.8,0.3713351547014458,0.2927062551074245
1.8571428571428572,0.9090909090909091,0.597,0.0,0.7,0.30220825145120966,0.3377136421539017
2.2,0.75,0.49329999999999996,0.0,0.8,0.521483562845035,0.19772522563964273
1.2352941176470589,0.07142857142857142,0.12359999999999999,2.0,0.4,0.8470643043906352,0.05436775303516615
1.9230769230769231,0.9,0.6063000000000001,0.0,1.0,0.4412948497758155,0.2432670010174971
1.8181818181818181,0.2222222222222222,0.2602,1.0,0.3,0.59504640299223,0.1613986575125645
1.7857142857142858,1.0,0.29460000000000003,0.0,0.8,0.23702793423419022,0.3998750134400898
1.4285714285714286,0.9411764705882353,0.6117999999999999,0.0,0.4,0.2944425822849358,0.34388834128975726
1.5,0.45454545454545453,0.0,1.0,0.5,0.1640232315759012,0.4758081100797825
1.5,0.5,0.4617,1.0,0.8,0.1764742520956325,0.4602719144806369
1.5294117647058822,0.6666666666666666,0.295,1.0,1.1,0.1882897585664488,0.4449326748288054
1.4375,1.0,0.44299999999999995,0.0,0.2,0.5212050003096552,0.19842238932737688
1.6875,0.8333333333333334,0.6164000000000001,0.0,0.3,0.31839390758632463,0.32547589518462433
1.2380952380952381,1.0,0.21050000000000002,0.0,0.7,0.41207429402285106,0.2603827549207577
1.3157894736842106,1.0,0.5710000000000001,0.0,0.8,0.2730357455651393,0.37712615670915883
1.5625,0.9166666666666666,0.5718000000000001,0.0,0.4,0.569522964137105,0.17429341174543747
1.9230769230769231,0.75,0.6602000000000001,0.0,0.1,0.262846480375893,0.37113218719725677
1.6666666666666667,0.1111111111111111,0.4086,1.0,0.2,0.4229126150041415,0.25357303556495114
2.0,0.14285714285714285,0.622,1.0,0.3,0.6614660834176942,0.12962192201057335
2.1818181818181817,0.4444444444444444,0.33120000000000005,1.0,0.5,0.4376380159289762,0.24491950773870833
1.6666666666666667,0.8,1.1540000000000001,0.0,0.6,0.6726037927904752,0.12535649475066876
2.0833333333333335,1.0,0.1661,0.0,0.6,0.3866612213391315,0.2791658761712264
1.5625,0.9230769230769231,0.4291,0.0,1.1,0.6923849628617342,0.11691047174150883
1.3529411764705883,0.9285714285714286,0.3234,0.0,0.3,0.5868063583094011,0.16535015168308317
1.6666666666666667,0.5,0.835,0.0,0.8,0.5313892580480303,0.19371613311991703
1.5555555555555556,1.0,0.21050000000000002,0.0,0.8,0.3620260494984592,0.29516830833285923
1.7142857142857142,1.0,0.1661,0.0,0.8,0.7342113895922383,0.09901219581962914
1.75,1.0,0.36840000000000006,0.0,1.3,0.4587242226112413,0.23272383747229836
2.0,0.8888888888888888,0.2151,0.0,0.5,0.31796611463865343,0.3269815117025846
2.2222222222222223,0.5,0.12890000000000001,1.0,0.3,0.5250043527019601,0.19535306985053696
1.5833333333333333,0.16666666666666666,0.29100000000000004,0.0,0.1,0.5099309903785866,0.20727580548722485
1.9333333333333333,1.0,0.47870000000000007,0.0,1.0,0.19359476519007604,0.446755844584334
1.368421052631579,1.0,0.21050000000000002,0.0,0.7,0.4254056030206495,0.2519557762041821
2.0,0.9090909090909091,0.4753,0.0,0.6,0.5675490174302984,0.17350624624998784
2.3333333333333335,1.0,0.36840000000000006,0.0,0.7,0.31364325177030056,0.340387823376266
1.25,0.3333333333333333,0.0,1.0,0.3,0.5113175045212532,0.20812127039087608
1.7857142857142858,1.0,0.2908,0.0,0.3,0.41662848085181453,0.26512316711483946
1.6875,0.4166666666666667,0.6036,1.0,0.7,0.1969273118656374,0.43458566861563097
1.9375,0.6363636363636364,0.6264,0.0,0.9,0.31147756080487937,0.33142086222387385
1.4705882352941178,0.4,0.6923,0.0,0.6,0.4656994145991861,0.22914174822148298
1.7272727272727273,0.0,0.6911,1.0,0.2,0.44876434050229697,0.24173783928366763
1.5,0.5384615384615384,0.2791,1.0,0.5,0.7002801012641063,0.11361440423835258
1.5833333333333333,0.25,0.2023,1.0,0.2,0.3095154339846833,0.33495371122179424
1.625,1.0,0.3208,0.0,1.0,0.1301223526265049,0.5262430099578409
1.5714285714285714,0.2727272727272727,0.49689999999999995,1.0,0.4,0.35129729314289115,0.3069929741409674
1.5294117647058822,0.5,0.3368,1.0,0.4,0.1755704874357946,0.4667768938537307
1.5294117647058822,0.5384615384615384,0.2475,1.0,1.0,0.7967546728109839,0.07355775270153798
1.3333333333333333,1.0,0.1691,0.0,0.4,0.5667313778009597,0.17776134714577718
1.4666666666666666,0.9090909090909091,0.3678,0.0,0.2,0.6780422043441553,0.1232663521063257
1.5384615384615385,0.5714285714285714,0.3553,0.0,0.2,0.24132876921633742,0.39086050764729646
1.4666666666666666,1.0,0.6826000000000001,0.0,0.5,0.4971164035104776,0.21663139475357754
1.8571428571428572,1.0,0.8525,0.0,1.1,0.6118558864354247,0.15392721479100727
1.631578947368421,1.0,0.42930000000000007,0.0,1.0,0.3287228382564161,0.3187869994136893
1.4,1.0,0.2584,0.0,0.3,0.1810205198429085,0.46333790302501054
1.1176470588235294,0.0,0.43090000000000006,2.0,0.3,0.5182884371264272,0.19999481882633396
2.0,1.0,0.4008,0.0,0.7,0.3423516801500869,0.30810455966272576
1.8666666666666667,0.9166666666666666,0.4571,0.0,0.7,0.5479901968749376,0.1838013437532177
2.375,0.25,0.4384,1.0,0.2,0.6149319517090868,0.15109895951286909
1.5,0.75,0.9833000000000002,0.0,0.8,0.5397869776201912,0.19010928650380426
1.2857142857142858,1.0,0.2549,0.0,0.7,0.7451344644843494,0.09387817338321901
1.8333333333333333,0.6923076923076923,0.8946000000000001,0.0,0.8,0.275024090786196,0.3606244682970829
1.2,0.9411764705882353,0.4571,0.0,0.5,0.5494326767625065,0.18271739991158448
1.8823529411764706,0.5,1.0097,1.0,0.8,0.09705043711869808,0.5762323857254615
1.75,1.0,0.3208,0.0,0.9,0.3126975997692986,0.33079054890097315
2.0,0.4,0.6552,0.0,0.0,0.37025321885925055,0.2949138267264897
1.8823529411764706,1.0,0.3208,0.0,1.1,0.5451832348983859,0.1864895370601689
1.3529411764705883,0.5454545454545454,0.845,0.0,0.7,0.6519890209783812,0.13532417934902854
1.75,0.2222222222222222,0.49810000000000004,1.0,0.4,0.4826929152827192,0.21831249671620154
1.8333333333333333,0.45454545454545453,0.2023,1.0,0.3,0.16226084515447559,0.5122171975544278
1.5,0.3,0.156,1.0,0.4,0.5644157438961263,0.1768130065041205
2.0,1.0,0.7098,0.0,0.7,0.5633005119659086,0.17826995389881453
2.2142857142857144,0.75,0.40129999999999993,0.0,0.6,0.35184440921391025,0.3017781540834249
1.7333333333333334,0.36363636363636365,0.5379999999999999,1.0,0.7,0.351042971138216,0.30157038197400066
1.9285714285714286,0.45454545454545453,0.2023,1.0,0.6,0.5109317730058257,0.20598518941814103
0.9473684210526315,1.0,0.4985000000000001,0.0,0.2,0.39704923006070597,0.2731509001687343
1.1666666666666667,0.25,0.47870000000000007,2.0,0.7,0.4746968112740376,0.22404484759434531
2.0,0.75,0.47340000000000004,0.0,0.2,0.22291940934550158,0.4080717058942027
1.1176470588235294,0.9166666666666666,0.48730000000000007,0.0,0.4,0.6475965533760282,0.1369777302591786
2.0833333333333335,1.0,0.29460000000000003,0.0,0.5,0.5390138971945028,0.19031346290994697
2.0714285714285716,1.0,0.36840000000000006,0.0,0.8,0.4065270534376311,0.2638038754197712
1.3333333333333333,0.5714285714285714,0.44299999999999995,1.0,1.2,0.3607014129596909,0.29811825386336127
1.7272727272727273,0.2222222222222222,0.1707,1.0,0.3,0.7123524457560728,0.1073624374782038
2.1666666666666665,0.8,0.7506000000000002,0.0,0.2,0.46174482366801084,0.230396214009246
1.375,0.7272727272727273,0.5769000000000001,0.0,0.7,0.6199420550931911,0.14938978529298427
1.7692307692307692,0.9090909090909091,0.2151,0.0,0.7,0.3139377686730816,0.3394212680542406
1.6,0.8,0.6967,0.0,0.5,0.21449645126226966,0.42484860117901035
1.9285714285714286,0.9090909090909091,0.5674,0.0,0.6,0.4524128140146625,0.2399725515065787
2.0,0.5555555555555556,0.29460000000000003,1.0,0.7,0.17031412479584693,0.4781340264489812
1.6153846153846154,0.1,0.46260000000000007,2.0,0.3,0.48508727432370735,0.21844684130281375
0.8518518518518519,0.15,1.0334999999999999,2.0,0.4,0.8331726276022161,0.05954916762394428
2.0,0.3333333333333333,0.5690999999999999,1.0,0.4,0.45271433932785465,0.23850650452543903
1.7222222222222223,1.0,0.3532,0.0,0.8,0.5299043067139131,0.19745652910718225
1.7692307692307692,1.0,0.29460000000000003,0.0,0.3,0.46652448209371683,0.22933452412852637
2.0,0.5555555555555556,0.6103000000000001,1.0,0.7,0.6221938255349231,0.14722979483075815
2.2222222222222223,0.2,0.4146,0.0,0.1,0.5401431411674161,0.18882138319499822
1.8823529411764706,0.8666666666666667,0.24670000000000003,0.0,1.0,0.34774557927208394,0.30373779049123684
1.5,1.0,0.21050000000000002,0.0,0.8,0.4661785322208098,0.22781685388352071
1.25,0.29411764705882354,0.5707000000000001,2.0,0.9,0.11585128922117821,0.5784349297221696
1.5625,1.0,0.2584,0.0,0.6,0.603800777814505,0.15826782781998333
1.5555555555555556,0.625,0.24670000000000003,1.0,1.2,0.5901001834072465,0.16411771602027142
1.25,1.0,0.2584,0.0,0.1,0.38694573811437843,0.2813091553630097
1.5625,0.9285714285714286,0.2151,0.0,0.9,0.5614624552858387,0.17856035851792268
1.9090909090909092,0.125,0.373,1.0,0.3,0.6484572168946189,0.13550831403078997
1.625,1.0,0.5704,0.0,0.8,0.6917047289921595,0.11718525384531685
1.7142857142857142,1.0,0.2908,0.0,0.8,0.2836669018501307,0.3535499438396641
1.9285714285714286,0.6,0.6507999999999999,1.0,0.5,0.35759406659549037,0.29736069641897134
1.1764705882352942,0.75,0.0493,1.0,0.3,0.24704253147419278,0.3868406587105
1.5625,0.5,0.5916,1.0,0.8,0.39267049450316827,0.27434406642132664
1.5263157894736843,1.0,0.229,0.0,0.9,0.6967847261727441,0.11466380418173462
1.1764705882352942,0.2,0.1661,2.0,0.5,0.4369718864862374,0.24952001857851
1.6875,1.0,0.36840000000000006,0.0,0.6,0.1732888520387033,0.4663519813219398
1.5,0.9375,0.5646,0.0,0.6,0.6496065474636803,0.1353711253176011
1.8666666666666667,1.0,0.2584,0.0,0.5,0.4852374060303946,0.21730543382898276
1.8571428571428572,0.875,0.5512,0.0,0.7,0.40540471789941346,0.2682785637411712
1.5,0.23076923076923078,0.4078,2.0,0.6,0.4082507599645613,0.26297715166363794
1.6470588235294117,0.7272727272727273,0.7698999999999999,0.0,1.0,0.3037990876506492,0.3372332842099372
1.2352941176470589,0.8666666666666667,0.4086,0.0,0.2,0.22482706239198227,0.4062137298435078
1.9230769230769231,0.2222222222222222,0.6777,1.0,0.4,0.28378069528535754,0.3596616423363719
1.5789473684210527,1.0,0.3354,0.0,0.7,0.6840450028639574,0.12013375136511101
1.2142857142857142,0.0,0.2893,3.0,0.1,0.6619205827816356,0.12919756662448054
1.5833333333333333,0.25,0.3071,2.0,0.3,0.6732993608908477,0.12439898191584094
2.1538461538461537,0.9,0.6036,0.0,0.8,0.2857083402067343,0.3510390758763264
2.1666666666666665,0.5714285714285714,0.6801,1.0,0.6,0.4181211601295965,0.26356373020197466
1.5833333333333333,0.0,0.6916,1.0,0.2,0.3677006481564158,0.29568817183721297
1.5,1.0,0.13670000000000002,0.0,0.5,0.653478371715125,0.13575886400386983
1.6666666666666667,0.6,0.3208,1.0,1.2,0.17810455975030579,0.4609053566280585
1.3125,0.25,0.2823,2.0,0.5,0.3861018248642125,0.27711301731348453
1.4210526315789473,1.0,0.21050000000000002,0.0,0.8,0.189765783534784,0.44351676490777026
1.5294117647058822,1.0,0.24670000000000003,0.0,0.6,0.3394658909881741,0.31476946980858156
1.9285714285714286,0.875,0.4617,0.0,0.6,0.5416838293147231,0.18887280721530966
2.3636363636363638,0.875,0.4653,0.0,0.5,0.3877140384575275,0.2763233897135474
1.8,1.0,0.21050000000000002,0.0,0.9,0.16929067545318296,0.4959353306363705
1.45,1.0,0.16469999999999999,0.0,0.9,0.321616029877823,0.3226467309974017
1.5263157894736843,1.0,0.3208,0.0,0.8,0.3599537724366278,0.2964299726111334
1.875,0.9166666666666666,0.5494,0.0,0.9,0.35152554607689296,0.31164907430319194
1.25,1.0,0.2023,0.0,0.2,0.2272861747990624,0.40419982380086295
1.3636363636363635,0.8421052631578947,0.4571,0.0,1.1,0.42076479735955985,0.2587093391961584
1.3888888888888888,0.5714285714285714,0.1661,1.0,0.8,0.24582036447966515,0.39165981044649656
2.090909090909091,0.625,0.4936,0.0,0.1,0.4552580271055401,0.23448401814237238
1.3076923076923077,0.09090909090909091,0.0493,3.0,0.1,0.49700582952548344,0.2128593276271292
2.1666666666666665,0.4444444444444444,0.40399999999999997,1.0,0.5,0.6236789802669522,0.14715048367644715
1.6875,0.9230769230769231,0.4457,0.0,0.4,0.13485787476888247,0.5325122564828503
1.875,0.6363636363636364,0.8277,1.0,0.9,0.1826816095665691,0.4641324730985912
1.5555555555555556,1.0,0.3208,0.0,1.2,0.09906916344497563,0.5676307540204557
1.8461538461538463,0.4,0.3687,1.0,0.6,0.5370767528412554,0.19280768854094193
1.875,1.0,0.6178,0.0,0.8,0.6025741820508749,0.15745987722386626
2.0,0.9166666666666666,0.7334999999999999,0.0,0.9,0.3120935377780014,0.33045750903272647
1.4705882352941178,0.6,0.3687,1.0,1.1,0.6058007699420432,0.158311725101052
1.8125,0.8333333333333334,0.6164000000000001,0.0,0.7,0.48764712356015816,0.21616338739612254
1.7692307692307692,0.6666666666666666,0.295,1.0,0.8,0.7402257570074805,0.09574805219086008
2.25,0.5555555555555556,0.6101000000000001,1.0,0.7,0.4267078677319087,0.2549478640378543
1.875,0.9090909090909091,0.6803999999999999,0.0,0.8,0.48286646257358806,0.21978340938693092
1.368421052631579,0.9411764705882353,0.4402,0.0,0.6,0.2991279222492373,0.3476337711880001
1.9285714285714286,0.5,0.8360000000000001,1.0,0.5,0.4645000441333136,0.22924756485441225
1.8235294117647058,0.9230769230769231,0.648,0.0,0.9,0.41190085554187555,0.26165128957146633
1.5,0.4,0.3414,1.0,0.6,0.4651239721350465,0.23048930781612362
1.6923076923076923,0.25,0.6160000000000001,1.0,0.2,0.4290879735967464,0.2514681097597352
1.5263157894736843,1.0,0.21050000000000002,0.0,0.9,0.1299329911990881,0.5209950844417267
1.35,0.8666666666666667,0.6144000000000001,0.0,0.5,0.6180118972741194,0.15128565402636227
1.6153846153846154,0.5,0.2602,1.0,0.3,0.30654314023069745,0.3346299101785731
1.8,0.6363636363636364,0.5162,1.0,0.4,0.532435057020125,0.19219209213882846
1.631578947368421,1.0,0.4128,0.0,0.7,0.3735085107105678,0.28782633754687775
1.3888888888888888,1.0,0.47870000000000007,0.0,0.7,0.2742523990707567,0.36067933180671446
1.7692307692307692,0.8571428571428571,0.29100000000000004,0.0,0.6,0.6843120520205982,0.12021310628226628
1.263157894736842,0.8571428571428571,0.9104000000000001,0.0,0.3,0.257558325020039,0.37564720104315186
2.0,0.7142857142857143,0.5069,0.0,0.7,0.6461107108777606,0.13811676539333392
1.8,1.0,0.6178,0.0,0.8,0.6690655548802186,0.1279525340344952
2.0833333333333335,0.3333333333333333,0.2764,1.0,0.4,0.6726645791706369,0.12485278998609076
1.5,0.7142857142857143,0.5162,1.0,1.2,0.5298664241241537,0.193764975230778
1.4444444444444444,0.8461538461538461,0.7247,0.0,1.2,0.19640199576938216,0.4351791714597007
1.9285714285714286,0.9,0.4977000000000001,0.0,1.1,0.4366088944703266,0.2451538690788894
1.375,1.0,0.4011,0.0,0.2,0.4648767432268019,0.22998495931519405
1.7272727272727273,0.0,0.26030000000000003,2.0,0.1,0.6290114490614198,0.1445606244559164
1.7333333333333334,0.8181818181818182,0.5553,1.0,0.1,0.5775610126341609,0.17145275546524202
1.625,1.0,0.2091,0.0,0.6,0.38998097074216403,0.2744706398930854
1.6875,1.0,0.36840000000000006,0.0,1.0,0.4767919358882907,0.22470203519159632
1.4444444444444444,0.625,0.2584,1.0,0.8,0.5046994674017427,0.20788377470672245
1.75,0.7,0.40129999999999993,0.0,0.4,0.11534168870482184,0.5649568351526228
1.3529411764705883,0.5454545454545454,0.2492,1.0,0.7,0.2531034350079959,0.38155351293728934
1.6,0.8333333333333334,0.572,0.0,0.6,0.4129171885183992,0.26345435404918904
1.5,0.0,0.3071,1.0,0.0,0.2634264174209142,0.4331010276973417
1.9333333333333333,0.75,0.47950000000000004,0.0,0.4,0.44675291715986454,0.23995656405956875
1.263157894736842,1.0,0.3322,0.0,0.5,0.31060398626050745,0.33414920979569973
2.2857142857142856,0.8888888888888888,0.6629,0.0,0.6,0.27451965022111807,0.36827040389418486
1.5,1.0,0.21050000000000002,0.0,0.8,0.19678978083700313,0.43481216993269634
1.9285714285714286,1.0,0.21050000000000002,0.0,1.1,0.14180877664782116,0.5542072199519159
1.6111111111111112,0.6923076923076923,0.7306,1.0,1.2,0.654364852432096,0.13451277538295278
1.6,0.5,0.38689999999999997,1.0,0.9,0.22182412519261774,0.4121070576828454
1.8571428571428572,0.9166666666666666,0.263,0.0,0.7,0.5673385614095532,0.17364992271269397
1.1,0.14285714285714285,0.2023,2.0,0.4,0.5056542187445434,0.2057221322890819
1.6111111111111112,0.7333333333333333,0.4146,0.0,0.2,0.43334634465651706,0.2472176597058777
1.875,0.8181818181818182,0.7563,0.0,0.7,0.3076550489068492,0.334853735549876
0.7241379310344828,1.0,0.997,0.0,0.9,0.6213536393022889,0.1498075311941387
1.7692307692307692,0.2857142857142857,0.45059999999999995,1.0,0.2,0.5975204765922707,0.1595149372561332
2.0,0.9090909090909091,0.47950000000000004,0.0,0.7,0.2747086379855593,0.3604105694580104
1.8125,0.9166666666666666,0.3678,0.0,0.7,0.32045603162098546,0.3249991224758777
1.7222222222222223,0.9333333333333333,0.40259999999999996,0.0,0.7,0.4632398498966826,0.23338896075077312
1.3,1.0,0.2584,0.0,0.7,0.28125205852589186,0.3547113787735153
1.8181818181818181,0.7142857142857143,0.3071,1.0,0.1,0.5743301070904901,0.17039581259834624
2.0,0.42857142857142855,0.3022,1.0,0.4,0.33613782867760095,0.31391168627444893
1.3076923076923077,0.2,0.518,2.0,0.3,0.5134291403254675,0.20329357300279405
1.6666666666666667,0.4,0.2764,1.0,0.2,0.46037399449816196,0.23111049299011485
1.6666666666666667,0.8,0.5820000000000001,0.0,0.6,0.5713360783940511,0.17457063683782317
1.875,0.38461538461538464,0.0444,1.0,0.8,0.5206082051791798,0.20043633072041922
1.7333333333333334,1.0,0.3208,0.0,1.2,0.23502118167784108,0.3966974735938689
1.5,0.7142857142857143,0.8092,0.0,1.0,0.6069934318257484,0.15489272505669852
1.4444444444444444,0.09090909090909091,0.7666000000000001,1.0,0.1,0.2581073300628264,0.37882365835350573
2.0714285714285716,0.1,0.6435,1.0,0.5,0.2583130698209889,0.42561306056723097
1.2380952380952381,0.875,0.8126000000000001,0.0,0.5,0.39434436706668397,0.27249797642513407
0.96,1.0,0.5385,0.0,0.5,0.7411285462909312,0.09625662910458217
1.8571428571428572,0.6666666666666666,0.8146,0.0,0.4,0.40566912221557044,0.26432040273536334
1.8666666666666667,0.75,0.36920000000000003,0.0,0.4,0.31423251482801,0.33235193766380344
1.5,1.0,0.6278,0.0,0.5,0.40645706366122897,0.2645283148610355
2.3636363636363638,0.8571428571428571,0.5246,0.0,0.5,0.07529318835182824,0.617693498784028
1.75,0.5714285714285714,0.21050000000000002,1.0,0.5,0.48944306161862616,0.2159218941066221
1.7333333333333334,0.6666666666666666,0.38659999999999994,0.0,0.5,0.29105111299910763,0.3551506376442958
1.8666666666666667,0.5833333333333334,0.43770000000000003,1.0,0.9,0.43241315426164173,0.2494721334058873
1.75,0.6923076923076923,0.3419,1.0,0.7,0.5924337831455219,0.16178273378597954
1.875,0.6363636363636364,0.7247,0.0,0.5,0.33417446272760076,0.31426940861965946
1.75,0.2222222222222222,0.1707,1.0,0.4,0.4356325751201318,0.24725815464260248
1.875,1.0,0.6178,0.0,0.8,0.5078766284294877,0.20472610351504297
2.1,0.0,0.45480000000000004,1.0,0.2,0.31360943978190664,0.35438699715556726
1.5333333333333334,0.1,0.1707,1.0,0.1,0.48263072153810743,0.21872055130507037
0.6333333333333333,0.0,1.3846,3.0,0.6,0.7299765036887007,0.09993842935365782
1.0588235294117647,0.0,1.0934,2.0,0.2,0.478478090903825,0.2216476483759021
2.0,1.0,0.29460000000000003,0.0,0.7,0.4036459837392879,0.2658519634577235
1.7142857142857142,0.5384615384615384,0.2023,1.0,0.8,0.1517489592557312,0.48860948816552374
1.6875,0.8333333333333334,0.6923,0.0,0.5,0.284610651629981,0.3519403983430393
1.4444444444444444,1.0,0.1661,0.0,0.3,0.4629911448284871,0.23036333310809745
1.6666666666666667,0.1,0.22,2.0,0.1,0.28784865308743646,0.38546479305902304
1.2,0.0,0.6591,2.0,0.2,0.2551608128893749,0.38014700989133243
1.45,0.625,0.16469999999999999,1.0,0.7,0.6244641234908023,0.14918262358881038
2.076923076923077,0.7,0.295,1.0,0.8,0.2703437519041111,0.3794476602553362
1.7333333333333334,1.0,0.29460000000000003,0.0,1.0,0.6022347709923106,0.15778574532499293
2.076923076923077,0.7777777777777778,0.4732,1.0,0.3,0.5412635764387939,0.18730546080798105
1.8666666666666667,0.6363636363636364,0.6262000000000001,1.0,0.9,0.4190087648482286,0.261034029662398
1.8666666666666667,0.6363636363636364,0.6262000000000001,1.0,0.9,0.5955917460101946,0.162310325793189
1.4285714285714286,0.7,0.3415000000000001,1.0,0.6,0.25533431038550425,0.37809816130744195
1.0,0.6428571428571429,1.071,0.0,0.5,0.05034625232122344,0.684458518791374
1.3125,0.9230769230769231,0.3414,0.0,0.4,0.6261901352353556,0.14688819479850934
1.8,0.9,0.6136,0.0,1.1,0.4923263325193229,0.21297604711615734
1.8125,0.6363636363636364,0.8277,1.0,0.9,0.3906187196757204,0.2750996230555919
2.066666666666667,0.7777777777777778,1.0607,0.0,1.0,0.16309495582351088,0.47406279149931324
1.5294117647058822,1.0,0.07680000000000001,0.0,0.4,0.519132378207091,0.2024295618099074
1.7333333333333334,1.0,0.36840000000000006,0.0,0.5,0.4989653174271862,0.21396181701303965
1.9230769230769231,1.0,0.5348,0.0,0.4,0.43598330143807157,0.24726691041110582
2.1,0.0,0.645,1.0,0.1,0.5637189772575111,0.17662252332732706
1.45,1.0,0.49340000000000006,0.0,1.0,0.2814674253203766,0.35994053508975254
1.0909090909090908,0.8888888888888888,0.5820000000000001,0.0,0.8,0.6161093763869567,0.15016119137744444
1.9333333333333333,0.9166666666666666,0.6084,0.0,0.7,0.4654292091976677,0.22894656651053336
1.875,1.0,0.3208,0.0,1.0,0.23798729934593674,0.3973042147940768
1.9230769230769231,0.8888888888888888,0.6314,0.0,1.0,0.5230199480160438,0.197595702525553
1.5,0.5,0.2023,1.0,0.6,0.6780883345155282,0.12408768360467136
1.4444444444444444,0.5625,0.20310000000000003,1.0,0.6,0.4744241264026479,0.2230261920468602
1.7692307692307692,0.7777777777777778,0.5915,1.0,0.8,0.464785203307442,0.2286002555541017
1.625,0.8333333333333334,0.5399,0.0,0.9,0.35361208948212247,0.3001591721698574
1.6111111111111112,1.0,0.3208,0.0,1.2,0.49846734463868797,0.2105380544553528
1.3333333333333333,0.5384615384615384,0.4239,2.0,0.9,0.4629677843423435,0.23014476367866196
2.066666666666667,0.75,0.4457,0.0,0.6,0.2295182417130641,0.4067137681260182
1.6,0.9166666666666666,0.3044,0.0,0.2,0.6987814574476783,0.11433551938637465
1.375,0.21428571428571427,0.33120000000000005,2.0,0.5,0.63800472229576,0.1400206817082665
1.5263157894736843,0.7333333333333333,0.4336,1.0,0.6,0.5726944094583905,0.17319204099068147
1.5,1.0,0.5707000000000001,0.0,1.0,0.3283653110131481,0.3178762989404041
1.6666666666666667,0.375,0.3135,1.0,0.5,0.5690052021582236,0.17566183352131579
1.9285714285714286,0.9,0.6877,0.0,0.6,0.4950633712568423,0.21407596243475852
2.066666666666667,0.75,1.2633,0.0,1.0,0.34142388703063453,0.30794519092072425
1.6666666666666667,0.5384615384615384,0.2584,1.0,0.9,0.19148954277749758,0.4628780942946693
1.9333333333333333,0.9090909090909091,0.5673999999999999,0.0,0.7,0.3726779298234821,0.28650475774183154
1.9230769230769231,0.6363636363636364,0.2023,1.0,0.4,0.3335203733655117,0.31561186286188836
1.4285714285714286,0.2,0.0,1.0,0.3,0.619746920733306,0.15034183020646577
1.5294117647058822,0.7692307692307693,0.2705,1.0,1.2,0.31081485003887116,0.3314340877874027
1.9333333333333333,1.0,0.664,0.0,0.9,0.6244871343679353,0.1468308329192351
1.588235294117647,0.8333333333333334,0.40620000000000006,0.0,0.5,0.26528283285281634,0.3692477428563699
1.4444444444444444,1.0,0.47870000000000007,0.0,0.7,0.3364717134302351,0.3117850727834564
1.3333333333333333,0.9411764705882353,0.27990000000000004,0.0,0.9,0.4371781095168578,0.2449022754304273
1.6428571428571428,0.2,0.5889,1.0,0.5,0.15419009062833366,0.4859349363110352
1.8,1.0,0.3208,0.0,0.5,0.36894004388267587,0.2934894507442903
1.375,0.5,0.3738,1.0,0.8,0.13934085348762912,0.5072320792254169
1.7142857142857142,0.4,0.5302,1.0,0.6,0.3283389087556572,0.3178378350916402
1.2941176470588236,0.23076923076923078,0.2023,2.0,0.5,0.24786330375671603,0.399313978778078
1.7142857142857142,0.5,0.38730000000000003,1.0,0.2,0.7635562781816867,0.0863533729609579
1.411764705882353,0.9285714285714286,0.4291,0.0,0.1,0.5116798029096998,0.20320618368005502
1.9285714285714286,0.9,0.4781,0.0,0.6,0.5608630792288343,0.17731126318775778
1.6111111111111112,0.5714285714285714,0.2584,1.0,1.0,0.6494444707388627,0.13503483755823578
