dedup_index,inchi_key,nn_tanimoto,leakage_flag_95,leakage_flag_85
5838,NHSPFLGVHFXRJZ-UHFFFAOYSA-N,1.0,True,True
5835,NHSPFLGVHFXRJZ-UHFFFAOYSA-N,1.0,True,True
5858,XPSUQTPVKZGAOE-JGHIERLTSA-N,1.0,True,True
5750,MJACTWDJXKRKAV-UHFFFAOYSA-N,0.26,False,False
5897,PMSPBUOYDPYDPF-FQEVSTJZSA-N,1.0,True,True
5891,PMSPBUOYDPYDPF-FQEVSTJZSA-N,1.0,True,True
15380,ULPTVFKKKIPUCY-OWJIYDKWSA-N,1.0,True,True
15379,PWQDDQFHBHYPCI-AJZOCDQUSA-N,1.0,True,True
15378,ODTYWYBWWFMRFY-XNUZUHMRSA-N,1.0,True,True
15377,YKYORMGPEHVAHL-XADRRFQNSA-N,1.0,True,True
15376,AZTPPEMGXDIBGB-AJZOCDQUSA-N,1.0,True,True
15375,BUFRLZNQVKOGFO-XEGCMXMBSA-N,1.0,True,True
15374,FJBKCCGNRQPYJQ-XADRRFQNSA-N,1.0,True,True
15373,YXAOLOYZNFHVDI-AIBWNMTMSA-N,1.0,True,True
15372,ALBJZCSESWBPAM-XGLRFROISA-N,1.0,True,True
15371,ZJXHDAWOQACSES-XADRRFQNSA-N,1.0,True,True
15370,DCRLUYCFRLFTNB-XADRRFQNSA-N,1.0,True,True
15369,HBSJTGYJIHYLKW-XEGCMXMBSA-N,1.0,True,True
15368,KGUFEFZCOLGLKV-XEGCMXMBSA-N,1.0,True,True
15367,HMYQCFCJOJPLSS-HSTJUUNISA-N,0.7837837837837838,False,False
15366,MDJZFCQJESLPJU-HSTJUUNISA-N,1.0,True,True
5839,NHSPFLGVHFXRJZ-UHFFFAOYSA-N,1.0,True,True
15348,SHAGTKXZGLDVHL-KDMNOALKSA-N,0.7560975609756098,False,False
15347,ZDRRJVGXBPCKLZ-QHELBMECSA-N,1.0,True,True
15346,ZVRZXLTUXWBXAH-LROBGIAVSA-N,1.0,True,True
15345,NHECZJAUJKLYIZ-ZQRQZVKFSA-N,1.0,True,True
15344,HKBONGWZZAGWEV-YMXDCFFPSA-N,1.0,True,True
15343,XLCIGNVJJPOCDS-ZQRQZVKFSA-N,1.0,True,True
15342,TZZSSYQSYUGLOY-CILPGNKCSA-N,1.0,True,True
15341,OTESXAVCNWCHKN-ZQRQZVKFSA-N,1.0,True,True
15340,QCUNRUOYSYBQPS-UHFFFAOYSA-N,0.7014925373134329,False,False
15339,OBTVXTBQKIEXLT-UHFFFAOYSA-N,0.7903225806451613,False,False
15338,WBOANYVSZFDVRI-UHFFFAOYSA-N,0.78125,False,False
15337,UCVSMXSTIHSRHC-UHFFFAOYSA-N,1.0,True,True
15336,FEXYMZVXJDLQQJ-UHFFFAOYSA-N,0.8333333333333334,False,False
15335,IMPLUVYOIBLKHH-UHFFFAOYSA-N,0.7936507936507936,False,False
15334,VHHAEABCGQWJAO-UHFFFAOYSA-N,0.8307692307692308,False,False
15333,MJGWHXPVJGPQFC-UHFFFAOYSA-N,0.8333333333333334,False,False
15332,ILTRXRXJZYHWMM-UHFFFAOYSA-N,0.7619047619047619,False,False
15331,YMMPCYGNXQZYHJ-UHFFFAOYSA-N,0.8095238095238095,False,False
15330,AKAAGCDSGTVKLX-UHFFFAOYSA-N,0.8,False,False
15329,IYTAVQPAGOIFRG-UHFFFAOYSA-N,0.8095238095238095,False,False
15328,HTTDJVJUKILLCE-UHFFFAOYSA-N,0.8461538461538461,False,False
15327,UXCORSQZBBAHFX-UHFFFAOYSA-N,1.0,True,True
15326,ZBSIKXIGGHKDAG-UHFFFAOYSA-N,1.0,True,True
15325,AZDKCURRXVZLLM-UHFFFAOYSA-N,0.8166666666666667,False,False
15324,RIHQSLHRAJCDKQ-UHFFFAOYSA-N,0.9310344827586207,False,True
15323,GTJYCYJFUYPYTK-UHFFFAOYSA-N,0.8166666666666667,False,False
15322,KHRCSPMLAGKQAF-UHFFFAOYSA-N,0.7692307692307693,False,False
15320,MIRZTJRVVQDHDI-UHFFFAOYSA-N,0.8,False,False
15319,BJKALJMWSXHAAV-UHFFFAOYSA-N,0.8307692307692308,False,False
15318,WUNPEMYGATXLDZ-UHFFFAOYSA-N,0.8307692307692308,False,False
15317,QLJPJHZRGQYUQR-UHFFFAOYSA-N,1.0,True,True
15316,USYDRCPUABAMGM-UHFFFAOYSA-N,0.7936507936507936,False,False
15315,JNTICCAKLDRJOY-UHFFFAOYSA-N,0.8135593220338984,False,False
15314,DHRWKPLQDUZFCW-UHFFFAOYSA-N,0.765625,False,False
15313,ARLJPWJHBOKGSA-UHFFFAOYSA-N,0.8,False,False
15312,LRMFEZOAMAMQQY-UHFFFAOYSA-N,0.8135593220338984,False,False
15311,JQWPCNWIRFTTTG-UHFFFAOYSA-N,0.835820895522388,False,False
15310,OIJBFSQXAWMJOL-UHFFFAOYSA-N,0.835820895522388,False,False
15309,HMFFLNBBFIDBPA-UHFFFAOYSA-N,0.75,False,False
15308,WAIDZZYEHCKGGQ-UHFFFAOYSA-N,0.7868852459016393,False,False
15307,NQPBRYLQFXDGDK-UHFFFAOYSA-N,0.8166666666666667,False,False
15306,YRBOSWSFBWHYIK-UHFFFAOYSA-N,0.7230769230769231,False,False
15305,SKKYYFZGNQOQFI-UHFFFAOYSA-N,1.0,True,True
15304,VBGWUVUXDSEOEU-UHFFFAOYSA-N,0.8214285714285714,False,False
15303,IQFJYBXTERMEMV-UHFFFAOYSA-N,1.0,True,True
15302,FPKNASGCNXBVFS-UHFFFAOYSA-N,0.8909090909090909,False,True
15301,XSHAPCAXPWIMDN-UHFFFAOYSA-N,1.0,True,True
15300,XXJDKOPXHSTEEV-UHFFFAOYSA-N,1.0,True,True
15299,HKQXTORGXDGFIQ-UHFFFAOYSA-N,1.0,True,True
15298,IVMUUHKIZMAKOC-UHFFFAOYSA-N,1.0,True,True
15297,LXQCSUAOHRTKPP-HSTJUUNISA-N,1.0,True,True
15295,AJUZTJBGJWQZFW-UHFFFAOYSA-N,1.0,True,True
15294,CTYXWAIDGBLXFF-UHFFFAOYSA-N,0.7704918032786885,False,False
15293,BJDFGBAKSIPSGF-UHFFFAOYSA-N,1.0,True,True
15292,VQPIOHOYLWDBNO-UHFFFAOYSA-N,0.704225352112676,False,False
15291,PVOUEWNQSMSMGF-UHFFFAOYSA-N,0.7846153846153846,False,False
15290,SGNPEGYTXUDJFM-UHFFFAOYSA-N,0.8448275862068966,False,False
15288,WPPPYHIBKUHPLB-UHFFFAOYSA-N,1.0,True,True
15285,UCPCJPWMCSITTJ-UHFFFAOYSA-N,1.0,True,True
15284,MNOPHTXOYIDKKA-UHFFFAOYSA-N,1.0,True,True
15283,PLMBAGJVTDAZPX-UHFFFAOYSA-N,1.0,True,True
15282,CIVWAWPQWLUMPF-UHFFFAOYSA-N,1.0,True,True
15281,XHFMAWKVKSEQSG-UHFFFAOYSA-N,1.0,True,True
15280,PWHZCKUFWZTRSL-FNQVYPPCSA-N,1.0,True,True
15279,AZZRVKDGMPPSEI-NCEPMUHYSA-N,1.0,True,True
15278,MLZMEZMHOHRTTN-JCHZNZEOSA-N,1.0,True,True
15277,NDWDMMGMIRPZHX-VMZLPSRASA-N,1.0,True,True
15276,NDWDMMGMIRPZHX-UTYLNVFUSA-N,1.0,True,True
15275,BJMMFLDTBVGHPK-VVEAPULLSA-N,1.0,True,True
15274,KUALBFMUGPQKGY-DKXWPYLSSA-N,1.0,True,True
15273,PWHZCKUFWZTRSL-XSSWLBODSA-N,1.0,True,True
15272,HVLRUQCLJJLDTO-DEWJTGPOSA-N,1.0,True,True
15271,UMAQXSSVGZFAFW-QEMLJHNWSA-N,1.0,True,True
15269,RVSMOGBVQMMDGI-YWJOTKCDSA-N,1.0,True,True
15268,KUALBFMUGPQKGY-JBUCIZAMSA-N,1.0,True,True
15267,GXJXMUIRRLPWAR-JCHZNZEOSA-N,1.0,True,True
15266,PYGNREUCCKZLHN-PLYLYKGUSA-N,1.0,True,True
15265,NWKMGZVLSBGFKA-WIABVSTJSA-N,1.0,True,True
15264,NWKMGZVLSBGFKA-JAZHDRERSA-N,1.0,True,True
15263,WRIOIKMRYKSUOQ-FXDYGKIASA-N,1.0,True,True
15261,BVKFLBNXIQVXHW-FNPAGISBSA-N,1.0,True,True
15260,YUKCCZRRUXFBCO-CEBUJLNPSA-N,1.0,True,True
15259,LPQYVZOQLBYPFI-AWZJVSRPSA-N,1.0,True,True
15258,XPEIMWGKYSNCEC-CZWSTGFNSA-N,1.0,True,True
15257,XPEIMWGKYSNCEC-PMWNSHPQSA-N,1.0,True,True
15256,LPQYVZOQLBYPFI-IRKIVABCSA-N,1.0,True,True
15255,YJIHRTUYFCBVOA-QLMXRQDHSA-N,1.0,True,True
15254,QYHAUGJASGGCDL-LMUZMDBKSA-N,1.0,True,True
15253,GAOJIXFCQSVZHE-OERQIQHUSA-N,1.0,True,True
15252,JXHZUXHZKIWABU-WUBHUQEYSA-N,1.0,True,True
15251,UOIOKMUOVOPYTB-YARKEONHSA-N,1.0,True,True
15250,ZXTKIMIUTIWBFW-OZEVUELHSA-N,1.0,True,True
15249,ZXTKIMIUTIWBFW-CZKNKUHGSA-N,1.0,True,True
15248,BTXYPQIJGHLIRY-DEHGSCIJSA-N,1.0,True,True
15247,BTXYPQIJGHLIRY-GLVHUDOTSA-N,1.0,True,True
15246,GPCLPBAWDMWHAZ-BDWXYOHUSA-N,1.0,True,True
15245,GPCLPBAWDMWHAZ-XFLGVMGLSA-N,1.0,True,True
15244,FFRGXXXMZWRPOT-QUWDGAPNSA-N,1.0,True,True
15243,ZRBMXOLHCMZIHR-FVJSTVBYSA-N,1.0,True,True
15242,ZRBYNCYPTDIPPN-CHQVSRGASA-N,1.0,True,True
15241,ZRBMXOLHCMZIHR-NKCJRBOESA-N,1.0,True,True
15239,ZRBMXOLHCMZIHR-KWTIXWLSSA-N,1.0,True,True
15238,GCRMNKSIEKIHGI-ZZHFZYNASA-N,1.0,True,True
15237,OPNPBQOHAOOACS-QUWDGAPNSA-N,1.0,True,True
15236,QJXLECJUQVWBEI-BXXZMZEQSA-N,1.0,True,True
15235,ZNWFZVVCBDOWBN-XTKMTONTSA-N,0.8941176470588236,False,True
15234,CITDQLWMSNZXTA-ALLRNTDFSA-N,1.0,True,True
15233,RXSABFRFZRMPFM-ZZHFZYNASA-N,1.0,True,True
15232,MEZLZYQNWIUBOC-DNSVSACFSA-N,1.0,True,True
15231,OWQKNARRMAQFGN-TUWWEXQZSA-N,1.0,True,True
15230,PRCLPUTUQLATPP-COZDELPKSA-N,1.0,True,True
15229,TUYQTXVRTLUUSW-BXXZMZEQSA-N,1.0,True,True
15228,IYSOWBNZUKPBHM-FTYWDDMFSA-N,1.0,True,True
15227,RFCARACAVWNLOX-AMWOSJAMSA-N,1.0,True,True
15226,OWQKNARRMAQFGN-ZRUXRWDSSA-N,1.0,True,True
15225,UEJRVMUAQAXOOL-BVOOQYFDSA-N,1.0,True,True
15224,XETXWKBRRKFDPQ-XADRRFQNSA-N,1.0,True,True
15223,XWKLJACECAXOOB-BXXZMZEQSA-N,1.0,True,True
15222,JVONGNRSUBPGIK-XEGCMXMBSA-N,1.0,True,True
15221,NBCZZIKGNYWTBD-LFQPHHBNSA-N,1.0,True,True
15220,QNCAOQVSXGNWOH-OWJIYDKWSA-N,1.0,True,True
15219,LEHRGVXJYSBQIH-XADRRFQNSA-N,1.0,True,True
15218,JLBGDXVJUBTCBB-OWJIYDKWSA-N,0.8513513513513513,False,True
15217,UJEXBWHAGANPEY-LFQPHHBNSA-N,1.0,True,True
15216,PCSNQBKXCZLQJH-DCCUJTHKSA-N,1.0,True,True
15215,RYZGTLNUBLGFPS-ALLRNTDFSA-N,1.0,True,True
15214,PLLOZCSCDAWSTM-BWDMCYIDSA-N,1.0,True,True
15213,WBQFKGBXFKTBNF-XADRRFQNSA-N,1.0,True,True
15212,KOGFHQDUVBKWCM-ZZHFZYNASA-N,1.0,True,True
15211,DJSFPVGHSZTXFE-ZZHFZYNASA-N,1.0,True,True
15210,NKEVYZZKMYOPHG-QODXOHEASA-N,1.0,True,True
15209,DOUPUGBYBRYULT-QFCCLOIZSA-N,1.0,True,True
15208,AWZPCKDWNGQBJG-AJZOCDQUSA-N,1.0,True,True
15207,ZMXYLLAKUJYRER-ZZHFZYNASA-N,1.0,True,True
15206,IYSOWBNZUKPBHM-MOPDZAMPSA-N,1.0,True,True
15205,HGWFUXCAIUERJH-NINWBTTQSA-N,0.8513513513513513,False,True
15204,VKYJJCVSVSFXCL-YDNXMHBPSA-N,1.0,True,True
15203,VLOQYWCTACIXTQ-AJZOCDQUSA-N,1.0,True,True
15202,URYQZJAFYJWRLK-XEGCMXMBSA-N,1.0,True,True
15201,OYDOUFSJKMGMOC-HSTJUUNISA-N,1.0,True,True
15200,PCZNEEZYKAKIGV-HSTJUUNISA-N,1.0,True,True
15199,BIRHJZFZJUPXSK-OWJIYDKWSA-N,1.0,True,True
15198,MWCCAWVAKWJOOU-XEGCMXMBSA-N,1.0,True,True
15197,WSGSBPOGDUNZQB-AIBWNMTMSA-N,1.0,True,True
15196,GAPMRULXLHTMTN-HSTJUUNISA-N,1.0,True,True
15195,JUXIVJITZJESIZ-AJZOCDQUSA-N,1.0,True,True
15194,FYXKTAXGCCAQIQ-AJZOCDQUSA-N,1.0,True,True
15193,FSFLCEDQPVIVLM-BBQAJUCSSA-N,1.0,True,True
15192,NGXPWGQECBTPBZ-XEGCMXMBSA-N,1.0,True,True
15191,VGAZKSCPKZSLAL-AJZOCDQUSA-N,1.0,True,True
15190,MOXXIYADXWHJBU-ZZHFZYNASA-N,1.0,True,True
15189,DVZYICXFQADUFZ-HXBUSHRASA-N,1.0,True,True
15188,JOWKDDGLNQCMSG-DCCUJTHKSA-N,0.918918918918919,False,True
15187,HPJNASDAMNBXAY-VFEGMVRJSA-N,1.0,True,True
15186,HPJNASDAMNBXAY-NCEPMUHYSA-N,1.0,True,True
15185,LURPFXJYZJHXOA-YDNXMHBPSA-N,1.0,True,True
15184,LCPBIPSWEPBMBD-HSTJUUNISA-N,1.0,True,True
15182,YWDIWDBEKVQTNV-ZQRQZVKFSA-N,1.0,True,True
15181,PRIWNMBANHOZJL-AJZOCDQUSA-N,1.0,True,True
15180,XJPIZMUFFNUVIC-YMXDCFFPSA-N,1.0,True,True
15179,XUYHJXLLQPZKLR-XEGCMXMBSA-N,1.0,True,True
15178,JJERDKDZWYWIPL-YDNXMHBPSA-N,1.0,True,True
15177,QAFWYGDEIJIYIH-ZQRQZVKFSA-N,0.7721518987341772,False,False
15175,YDQYYJDUJOEXSL-YMXDCFFPSA-N,1.0,True,True
15174,JXSKNNCWVRDDTE-AIBWNMTMSA-N,1.0,True,True
15173,MEZLZYQNWIUBOC-WAKFKJCDSA-N,1.0,True,True
15172,UXLDIYQLOUHYTL-PKMDPOOCSA-N,1.0,True,True
15171,BYPYGMNGALDGJR-AIBWNMTMSA-N,1.0,True,True
15170,CWSXAPVDBKNCBE-AJZOCDQUSA-N,1.0,True,True
15169,JYYLRFFEHDNCCR-WBUXBCECSA-N,0.782051282051282,False,False
15168,FHZIGKMHOAWTLH-GMMLNUAGSA-N,1.0,True,True
15167,QPTGCGJDMZNHEU-BXXZMZEQSA-N,1.0,True,True
15166,NULLFHRPBVYDBB-BXXZMZEQSA-N,1.0,True,True
15165,YMUIQRBBYZRQSK-ALLRNTDFSA-N,1.0,True,True
15164,IYWDMZQMORGRHD-XEGCMXMBSA-N,1.0,True,True
15163,IBBKNFBNPOIWKJ-CBURGOJUSA-N,1.0,True,True
15160,YNLNPAWSGMAECW-XADRRFQNSA-N,1.0,True,True
15159,NCAQLEALRBGTAE-SFHVURJKSA-N,0.6829268292682927,False,False
15158,PMRHJYAGCCFQDG-QHELBMECSA-N,1.0,True,True
15157,LMCDKKQFFFHXGO-QHELBMECSA-N,1.0,True,True
15156,BYEFLCLXJCSGSP-HSTJUUNISA-N,1.0,True,True
15155,IBBKNFBNPOIWKJ-XLXODUMSSA-N,1.0,True,True
15154,UNMSUQQNZGIORS-XEGCMXMBSA-N,1.0,True,True
15153,HKPIDWAGDRQTBK-XEGCMXMBSA-N,1.0,True,True
15152,CEVKILTXTGNYIR-DCCUJTHKSA-N,1.0,True,True
15151,GTMRTNVHOYIYCU-XADRRFQNSA-N,1.0,True,True
15150,IHQVFDRFGKEMGH-RPKKJAIRSA-N,1.0,True,True
15149,XPPQYOYKAJRUDH-ZZHFZYNASA-N,1.0,True,True
15148,COGATSKIXDCOAK-DCCUJTHKSA-N,1.0,True,True
15147,ITSNWFKNHQXVEJ-QHELBMECSA-N,1.0,True,True
15146,SDEGQIIFTLAMLN-GXZRRXAUSA-N,1.0,True,True
15145,SDEGQIIFTLAMLN-OJBIZCRPSA-N,1.0,True,True
15144,SNQHXRSXAIDBPR-XADRRFQNSA-N,1.0,True,True
15143,GFTUDZKGXAXRLM-BWDMCYIDSA-N,1.0,True,True
15142,ZHYONRNVLDVUDI-ZZHFZYNASA-N,1.0,True,True
15141,OSRSSWSAQAIDNW-XEGCMXMBSA-N,1.0,True,True
15140,UUWAVBCLYFHITP-QHELBMECSA-N,1.0,True,True
15139,MVZFCHIWOLYADS-CHQVSRGASA-N,1.0,True,True
15138,IFCDOQXMWLOANO-QASNXKAYSA-N,1.0,True,True
15137,YKXFZVNJGWTXRN-JINQPTGOSA-N,1.0,True,True
15136,JIFVYJAOWGQNAD-XEGCMXMBSA-N,1.0,True,True
15135,XTEMOVPFUZBFLG-QHELBMECSA-N,1.0,True,True
15133,HZDDYHGKQMFNQH-XADRRFQNSA-N,1.0,True,True
15132,HACXWZZHPGMCEC-BWDMCYIDSA-N,1.0,True,True
15131,LNUOIDQAHQOSIP-QHELBMECSA-N,1.0,True,True
15130,ZVBLYTIRLKMICU-XADRRFQNSA-N,1.0,True,True
15129,UTPQSOIFCIJOFJ-ZZHFZYNASA-N,1.0,True,True
15128,LZPITZNSBKRWQD-AJZOCDQUSA-N,1.0,True,True
15127,DDWZPQDPSAABDD-LFQPHHBNSA-N,1.0,True,True
15126,ILEQFOKSPVYQOJ-BWDMCYIDSA-N,1.0,True,True
15125,PRORMVUJRRMQAI-XEGCMXMBSA-N,1.0,True,True
15124,NWDPBHHBSVEHDD-CHQVSRGASA-N,1.0,True,True
15123,CAFOMJZNKAHGKH-AJZOCDQUSA-N,1.0,True,True
15122,CNINVVNJVQCHIS-XADRRFQNSA-N,1.0,True,True
15121,QMMORICJOFKJTI-FCRSDJTPSA-N,1.0,True,True
15120,MQCVGJMCPYBEDA-XEGCMXMBSA-N,1.0,True,True
15119,QLVUFRGOHKSYEN-UKAYHFCDSA-N,0.6511627906976745,False,False
15118,JPGJTCLANVRCCH-AJZOCDQUSA-N,1.0,True,True
15116,MLIIPMZRVYZYBW-HSTJUUNISA-N,1.0,True,True
15114,WDXUVAAMMWDIGA-BBQAJUCSSA-N,1.0,True,True
15113,AGPWOTLERUQDBK-XEGCMXMBSA-N,1.0,True,True
15112,AGZXIDYGYCUJQW-AJZOCDQUSA-N,1.0,True,True
15111,UIZFZPRVPJBCBW-XADRRFQNSA-N,1.0,True,True
15110,KYHRXJFLOWLIPG-BBQAJUCSSA-N,1.0,True,True
15109,AOIQDIBORTYOBS-AJZOCDQUSA-N,1.0,True,True
15108,WBPJLDQGTBJBCK-YDNXMHBPSA-N,1.0,True,True
15107,WJAQYKVSSANXIE-AJZOCDQUSA-N,1.0,True,True
15106,INLQRYOEYUTHPO-XEGCMXMBSA-N,1.0,True,True
15105,YIQKOCAQNBTNAR-OWJIYDKWSA-N,1.0,True,True
15104,WMCWVYFWYCEFFL-OWJIYDKWSA-N,1.0,True,True
15103,NYPUNNLWHQXHEJ-QHELBMECSA-N,1.0,True,True
15102,UVSWEYXGOHQKEV-LFQPHHBNSA-N,1.0,True,True
15101,XAQNGLYUCICMHB-QHELBMECSA-N,1.0,True,True
15100,QFSZEDAOMUTMJQ-XADRRFQNSA-N,1.0,True,True
15099,UDBLHRPUTNAXQU-AJZOCDQUSA-N,1.0,True,True
15098,IGESDXCQRGVGEQ-XADRRFQNSA-N,1.0,True,True
15097,VYIMCQZFZPOVTK-CHQVSRGASA-N,1.0,True,True
15096,RMYOUQYJDIWRKM-YDNXMHBPSA-N,1.0,True,True
15095,KUICMJZQTXDVIT-LROBGIAVSA-N,1.0,True,True
15094,BZFKAQGXVLBKMZ-AIBWNMTMSA-N,1.0,True,True
15093,YEGHRBWWYXZCCH-TYTHNEPJSA-N,0.8513513513513513,False,True
15092,OBTRWRVRLDXABY-AIBWNMTMSA-N,1.0,True,True
15091,URSRWIKFGVKSJG-BWDMCYIDSA-N,1.0,True,True
15090,KHJUCWJVVNSAFY-AIBWNMTMSA-N,1.0,True,True
15076,UVRVUDCIGCBNKB-HSTJUUNISA-N,1.0,True,True
15075,ZKIONFNKYDKKHF-AJZOCDQUSA-N,1.0,True,True
15074,MPJZOALGJLSDQR-XNUZUHMRSA-N,1.0,True,True
15073,LXQCSUAOHRTKPP-HSTJUUNISA-N,1.0,True,True
15071,WYBTZVGUNHBDBB-XNUZUHMRSA-N,1.0,True,True
15070,RQUFDPMVFOMKBJ-XEGCMXMBSA-N,1.0,True,True
15069,ZHWUZTKRDPWBPH-BBQAJUCSSA-N,1.0,True,True
15067,QCJZIVFGJZERCC-QHELBMECSA-N,1.0,True,True
15396,FZNPRXLDBREVPH-YZSJKOAGSA-N,1.0,True,True
15388,AXVBZVFYNVBCRP-ZQRQZVKFSA-N,1.0,True,True
15385,NBBJNEUPVXGFAK-OWJIYDKWSA-N,1.0,True,True
15383,XJYVUBGMRNPBLW-OSOYFSHSSA-N,0.611764705882353,False,False
15412,ZFOUNOUCPKPOPW-QODXOHEASA-N,1.0,True,True
15405,ISBNRXRHHJJBGJ-PVCWFJFTSA-N,1.0,True,True
15404,UJNFFSKNBGBBJD-IQKKUYFPSA-N,1.0,True,True
15401,PSTZNTNUAZKUPX-OWJIYDKWSA-N,1.0,True,True
15398,YGLYLPHOOQNASZ-XADRRFQNSA-N,1.0,True,True
14996,BWJYNMPERPBZMG-UHFFFAOYSA-N,0.8823529411764706,False,True
14995,JSCDJCNKPRBEFU-UHFFFAOYSA-N,0.8985507246376812,False,True
14994,KOBPBRUFWSBBLS-UHFFFAOYSA-N,0.9130434782608695,False,True
14993,MTYGWGFGKWXIER-UHFFFAOYSA-N,0.7941176470588235,False,False
14992,HLYSNBUKOKOTDA-UHFFFAOYSA-N,0.7671232876712328,False,False
14991,UTZWMSQYQHNBFT-UHFFFAOYSA-N,0.8823529411764706,False,True
14990,DZZBUZJITUADNF-UHFFFAOYSA-N,0.7368421052631579,False,False
14989,ALETYUKWTMGJAA-UHFFFAOYSA-N,0.7763157894736842,False,False
15413,CLQQBAUKKIRVFA-QODXOHEASA-N,1.0,True,True
15419,OFDPRRFMATWPBF-QODXOHEASA-N,1.0,True,True
15418,LGIAEFVCZHAXMI-AJZOCDQUSA-N,1.0,True,True
15415,BLIPLJZKJQURAT-BVOOQYFDSA-N,1.0,True,True
15414,GXTFELIJMXJADG-BVOOQYFDSA-N,1.0,True,True
14981,IBUYQCXTLQYYFZ-FKSKYRLFSA-N,1.0,True,True
14980,INZCTKANBQHODA-UHFFFAOYSA-N,0.8857142857142857,False,True
14979,QMTUNBIGFFQYNP-UHFFFAOYSA-N,0.7714285714285715,False,False
14978,FOOSTKSMTZPLDD-MJTSIZKDSA-N,0.759493670886076,False,False
14977,RTCJRECTOYVXQO-OOJLDXBWSA-N,1.0,True,True
14976,ANLAOTKKIJPLEL-UHFFFAOYSA-N,0.8142857142857143,False,False
14975,HOGUSFJYJQZMDR-UHFFFAOYSA-N,0.8142857142857143,False,False
14974,DTNWOSPTFRQAGT-OOJLDXBWSA-N,0.8571428571428571,False,True
14973,JQGJBGDEIYCLKI-UHFFFAOYSA-N,0.8918918918918919,False,True
15003,MVFJGXMKTKFGAW-ISGGMURCSA-N,0.8,False,False
15002,YVFMIBYZWKDLPE-UHFFFAOYSA-N,0.8076923076923077,False,False
15001,WHKQUJQAHWCIAC-DIAVIDTQSA-N,1.0,True,True
14999,LJXGTHUWGMIZED-GKOGFXNCSA-N,0.8,False,False
14998,LVCXPPYRWZAAKW-UHFFFAOYSA-N,0.9130434782608695,False,True
14997,UHHBAHLCKMEWQL-UHFFFAOYSA-N,0.9365079365079365,False,True
14965,GOBBATXZZSDGNI-DIMJTDRSSA-N,0.8378378378378378,False,False
14964,GAMFPFSDVLSWDW-YDNXMHBPSA-N,0.8028169014084507,False,False
14963,QAFIQLBQTCUKKA-OOJLDXBWSA-N,1.0,True,True
14962,CKSSHEZFGCPMAU-YMXDCFFPSA-N,0.8591549295774648,False,True
14961,LGIALZJERKQZFS-DIMJTDRSSA-N,0.8260869565217391,False,False
14959,MCQGUMXOBSGYSI-UCFFOFKASA-N,0.8260869565217391,False,False
14958,HAWTWUPZNBLXFA-UCFFOFKASA-N,0.821917808219178,False,False
14957,BJZVQSGHESUSIS-KTQQKIMGSA-N,0.8441558441558441,False,False
14956,DXIGRXKERGDGSR-BJQOMGFOSA-N,0.868421052631579,False,True
14988,IBUYQCXTLQYYFZ-XNUZUHMRSA-N,1.0,True,True
14987,RTCJRECTOYVXQO-IWPPFLRJSA-N,1.0,True,True
14986,WHKQUJQAHWCIAC-DIMJTDRSSA-N,1.0,True,True
14985,JNMCLOVOMADNMU-UHFFFAOYSA-N,0.8857142857142857,False,True
14984,BEGSCTXGWHPJGL-UHFFFAOYSA-N,0.8888888888888888,False,True
14982,CCJRSZKVEHDWPO-UHFFFAOYSA-N,0.8888888888888888,False,True
14948,VPQSVGHUZUIOAM-UHFFFAOYSA-N,0.8133333333333334,False,False
14947,PUBFREDXKXXZLN-UHFFFAOYSA-N,0.821917808219178,False,False
14946,KKODBABHMHNMTM-UHFFFAOYSA-N,0.8115942028985508,False,False
14945,IFZIKUABDQXQLE-LDCVWXEPSA-N,1.0,True,True
14944,IFZIKUABDQXQLE-MYJWUSKBSA-N,1.0,True,True
14943,LSHRUPSDHDJWGE-ISGGMURCSA-N,0.75,False,False
14942,XVXAAICWIODLGA-UHFFFAOYSA-N,0.7910447761194029,False,False
14941,IHHYODMBYFWVHV-UHFFFAOYSA-N,0.8787878787878788,False,True
14940,VRMHBBPJUXDXQJ-UHFFFAOYSA-N,0.8888888888888888,False,True
14972,OCQDSZCHNABGAA-YMXDCFFPSA-N,0.8169014084507042,False,False
14971,UBTJIHNUXUVUOP-UHFFFAOYSA-N,0.8142857142857143,False,False
14970,IFZIKUABDQXQLE-UHFFFAOYSA-N,1.0,True,True
14969,ILUSVFDPTDTXBE-UHFFFAOYSA-N,0.7402597402597403,False,False
14968,HNCZEVSAQRLFBA-QMRFKDRMSA-N,0.7922077922077922,False,False
14967,GZNVUABSOUHFCW-DIMJTDRSSA-N,0.8,False,False
14966,IGIGAFZMTAFGTN-UHFFFAOYSA-N,0.9130434782608695,False,True
14932,JGMWYLADJORNGB-CSKFVBRQSA-N,0.6721311475409836,False,False
14931,QTNKKNUXNNTFFN-UHFFFAOYSA-N,0.7352941176470589,False,False
14930,ZBLQYFZMBXNEGE-UHFFFAOYSA-N,0.873015873015873,False,True
14929,OWMAURBKHQLKKT-UHFFFAOYSA-N,0.9365079365079365,False,True
14928,FZQAYNBKFDRZTL-UHFFFAOYSA-N,0.8208955223880597,False,False
14927,XSGQHXBLPPLXMU-UHFFFAOYSA-N,0.7846153846153846,False,False
14926,RQBCNEHMYQEPGG-UHFFFAOYSA-N,0.8088235294117647,False,False
14925,GNIHXIJINYWPMX-UHFFFAOYSA-N,0.8208955223880597,False,False
14924,MOLFKMZUEQFCCH-UHFFFAOYSA-N,0.9682539682539683,True,True
14955,PZBKEOUKJXIIOY-UHFFFAOYSA-N,0.821917808219178,False,False
14954,ASSUJGWABWXHAU-UHFFFAOYSA-N,0.7761194029850746,False,False
14953,YATYUTFBZYOBHM-UHFFFAOYSA-N,0.7916666666666666,False,False
14952,QAFIQLBQTCUKKA-IWPPFLRJSA-N,1.0,True,True
14951,ZYOYOOHTVMGNOU-UHFFFAOYSA-N,0.6756756756756757,False,False
14950,WNMBOPWGNKWLKV-UHFFFAOYSA-N,0.8918918918918919,False,True
14949,IMKQOAWDZLPTGS-OOJLDXBWSA-N,0.8589743589743589,False,True
14916,MKKVGJKFPBJCJA-UHFFFAOYSA-N,0.828125,False,False
14915,SHLXKUVVJZCEMZ-UHFFFAOYSA-N,0.8823529411764706,False,True
14914,HTNLPIZFPZJYON-UHFFFAOYSA-N,0.8181818181818182,False,False
14913,JAWLQGQVKDMNJC-UHFFFAOYSA-N,0.7941176470588235,False,False
14912,UMDFUJJHHYNDMR-UHFFFAOYSA-N,0.8181818181818182,False,False
14911,KZCUNMMFSZYBCQ-UHFFFAOYSA-N,0.8,False,False
14909,ZDPBALATJNLWPM-UHFFFAOYSA-N,0.873015873015873,False,True
14908,ZGFSNCXSXNUZQM-UHFFFAOYSA-N,0.8115942028985508,False,False
14907,FXVKFCFAIGGURA-UHFFFAOYSA-N,0.8181818181818182,False,False
14939,QSTQCIOIJPPGSD-GKOGFXNCSA-N,0.7428571428571429,False,False
14937,VUWAEWOYNCWIBC-UHFFFAOYSA-N,0.76,False,False
14936,NSWRKXFNIDKCEH-UHFFFAOYSA-N,0.796875,False,False
14935,ROSWEYBZLPCMNE-UHFFFAOYSA-N,0.7727272727272727,False,False
14934,LULNAEJKEDOSFD-YTJLLHSVSA-N,1.0,True,True
14933,LULNAEJKEDOSFD-BSOCMFCZSA-N,1.0,True,True
14899,NWYMUULCCHQUOA-UHFFFAOYSA-N,0.796875,False,False
14898,YHEWQGWRTFWCDL-BSOCMFCZSA-N,1.0,True,True
14897,YHEWQGWRTFWCDL-YTJLLHSVSA-N,1.0,True,True
14896,IMYYWSPREBIVKA-UHFFFAOYSA-N,0.8888888888888888,False,True
14893,WYNBOKFOPSWDSX-UHFFFAOYSA-N,0.8,False,False
14892,KYAAQSIZWIQFOE-UHFFFAOYSA-N,0.9365079365079365,False,True
14923,SJAATLJGYKUXBT-UHFFFAOYSA-N,0.7903225806451613,False,False
14922,BKNDFRPCQYSHIF-UHFFFAOYSA-N,0.873015873015873,False,True
14921,XFTKTXZPWJMLPJ-UHFFFAOYSA-N,0.9130434782608695,False,True
14920,NFLMNACPWLANKI-UHFFFAOYSA-N,0.9682539682539683,True,True
14919,PEGGVMNAVVRFDU-UHFFFAOYSA-N,0.8088235294117647,False,False
14918,LNVIGJKFZQULLV-UHFFFAOYSA-N,0.873015873015873,False,True
14917,PIVGRULZWHSFQP-UHFFFAOYSA-N,0.873015873015873,False,True
14766,NUCJQZDGSRBDKA-ZSJDYOACSA-N,0.75,False,False
14764,NUCJQZDGSRBDKA-UHFFFAOYSA-N,0.75,False,False
14763,GLCWFMIMJYKZTN-UHFFFAOYSA-N,0.7166666666666667,False,False
14889,XZMLCHRVUOCVKQ-UHFFFAOYSA-N,0.8208955223880597,False,False
14888,ZZKUJRVHLYOBRN-UHFFFAOYSA-N,0.873015873015873,False,True
14887,TXZVAHSKKPEQIX-UHFFFAOYSA-N,0.7575757575757576,False,False
14906,ZKAALIRQZFQVRX-UHFFFAOYSA-N,0.7761194029850746,False,False
14905,MPVVGLCADSLCAO-UHFFFAOYSA-N,0.8088235294117647,False,False
14904,SRXJOSAQTYVNQQ-UHFFFAOYSA-N,0.7794117647058824,False,False
14903,FTMXVCXUKPRCEL-UHFFFAOYSA-N,0.7833333333333333,False,False
14902,TVSHYAWMOAFEFG-UHFFFAOYSA-N,0.7704918032786885,False,False
14901,JRAASPPWZYMDMQ-UHFFFAOYSA-N,0.7903225806451613,False,False
14900,BWBQDOFTFDVSQE-UHFFFAOYSA-N,0.7846153846153846,False,False
14757,SUPJJCPQGLOUTP-UHFFFAOYSA-N,1.0,True,True
14755,TZXLGGPBMNZNOP-UHFFFAOYSA-N,0.711864406779661,False,False
14753,BYBOTGMOEIVGDE-UHFFFAOYSA-N,0.8518518518518519,False,True
14752,FHSOBOGMHWJLSE-UHFFFAOYSA-N,0.8518518518518519,False,True
14751,XZNDXVSPRSSJCL-UHFFFAOYSA-N,0.5967741935483871,False,False
14749,KLLBALYOHWOWHS-UHFFFAOYSA-N,0.6607142857142857,False,False
14747,VZFOEULATCOWBT-UHFFFAOYSA-N,0.6557377049180327,False,False
14770,ZXBWZAIDTPHYHJ-UHFFFAOYSA-N,0.8214285714285714,False,False
14768,YSEMYMJSWGPWMP-UHFFFAOYSA-N,0.7586206896551724,False,False
14741,VKQYYZGUHCIUCG-UHFFFAOYSA-N,0.8113207547169812,False,False
14739,RAUJCDQPOAARBZ-UHFFFAOYSA-N,0.7586206896551724,False,False
14738,UMVXEKUHGVXWLG-HNNXBMFYSA-N,0.6065573770491803,False,False
14736,XMCBPNYOWQIHQW-UHFFFAOYSA-N,0.6888888888888889,False,False
14735,QCUISRXOXPZTPA-UHFFFAOYSA-N,0.6037735849056604,False,False
14733,VBJLFYJGBFHGPT-UHFFFAOYSA-N,0.7254901960784313,False,False
14732,IFAOONSGZKTMAI-UHFFFAOYSA-N,0.6727272727272727,False,False
14730,NETHMXGYLCIMPD-UHFFFAOYSA-N,0.7272727272727273,False,False
14761,JTTYOKAYODLLRZ-UHFFFAOYSA-N,1.0,True,True
14760,JTTYOKAYODLLRZ-UHFFFAOYSA-N,1.0,True,True
14759,POEFLBIOMXNNIX-UHFFFAOYSA-N,0.8076923076923077,False,False
14758,SUPJJCPQGLOUTP-UHFFFAOYSA-N,1.0,True,True
14725,DDZIBXXYDFPOFU-UHFFFAOYSA-N,0.6551724137931034,False,False
14723,DKNZIBPDLLYMBP-UHFFFAOYSA-N,1.0,True,True
14722,DKNZIBPDLLYMBP-UHFFFAOYSA-N,1.0,True,True
14720,MXVWXVQCTYZQMH-UHFFFAOYSA-N,0.6981132075471698,False,False
14718,AKIKLCSPRJVDNP-UHFFFAOYSA-N,0.6984126984126984,False,False
14716,SAVGQSJALQETNS-UHFFFAOYSA-N,0.6727272727272727,False,False
14714,LLKWDLBUCTZYGQ-UHFFFAOYSA-N,0.6885245901639344,False,False
14745,PBVXOBPGXFDQQO-UHFFFAOYSA-N,0.5692307692307692,False,False
14743,JBQOAJDNHRPSRC-UHFFFAOYSA-N,0.7592592592592593,False,False
14742,BNYCCWNRECGRIF-UHFFFAOYSA-N,0.6984126984126984,False,False
14712,KJQPIIVYZRIXCS-UHFFFAOYSA-N,0.6470588235294118,False,False
14710,BHABGTJGTWDLRN-UHFFFAOYSA-N,0.8113207547169812,False,False
14708,APNWSDJJHNJLNA-UHFFFAOYSA-N,0.6551724137931034,False,False
14707,KBSUAXFXTIHGKS-ZDUSSCGKSA-N,0.6721311475409836,False,False
14705,HGZHQNRKUVSNKY-UHFFFAOYSA-N,0.7592592592592593,False,False
14703,HYYXJQPSDZGDPL-UHFFFAOYSA-N,0.5517241379310345,False,False
14702,SNOJQIYQUIOFNC-UHFFFAOYSA-N,0.6507936507936508,False,False
14728,ULDKECQACVCBCU-UHFFFAOYSA-N,0.6607142857142857,False,False
14727,JKZRDMAJIDUQHS-UHFFFAOYSA-N,0.8076923076923077,False,False
14268,OGQJXIQHEQKCAE-UHFFFAOYSA-N,0.8360655737704918,False,False
14267,LQCDZGVKVPFVKP-ZIAGYGMSSA-N,0.7301587301587301,False,False
14266,PWYVUWXVKLPFKM-CHWSQXEVSA-N,0.8387096774193549,False,False
14265,IIBOCRLIYUIKJN-CYBMUJFWSA-N,0.746268656716418,False,False
14264,RHMMAXBSYFIZAB-CWTRNNRKSA-N,0.8412698412698413,False,False
14263,PQZSXVVHHCJDKJ-UHFFFAOYSA-N,0.8,False,False
14288,FNYFNCITZVVIKH-UHFFFAOYSA-N,0.8,False,False
14287,RGHRTUBGGRCNQN-UHFFFAOYSA-N,0.8987341772151899,False,True
14286,VUUXCYIPKCHKFI-UHFFFAOYSA-N,0.7605633802816901,False,False
14285,WVFIVWGVUBWTTC-UHFFFAOYSA-N,0.922077922077922,False,True
14284,QYDOOMQJRMTGAY-UHFFFAOYSA-N,0.92,False,True
14283,UWWGSOMFLNRZAX-UHFFFAOYSA-N,0.922077922077922,False,True
14282,DUEXHXXQQVLLBY-UHFFFAOYSA-N,0.6625,False,False
14281,BAICBCOYZSDQPR-UHFFFAOYSA-N,0.8987341772151899,False,True
14280,PJBNYZZSTZBBMG-UHFFFAOYSA-N,0.7222222222222222,False,False
14279,COWLWSSCESDXQQ-MRXNPFEDSA-N,0.8305084745762712,False,False
14252,SBQWYDNVCVPNKC-INIZCTEOSA-N,0.8448275862068966,False,False
14251,IOTASPVFJYUQNA-RTBURBONSA-N,0.647887323943662,False,False
14250,PSKBHDZDTLPPJI-ZWKOTPCHSA-N,0.7868852459016393,False,False
14249,YKELVQXDWKOGGZ-MRXNPFEDSA-N,0.8135593220338984,False,False
14248,XXSOMRIYRAMSQK-UHFFFAOYSA-N,0.8524590163934426,False,True
14247,LVPIQSLSQXXUOO-UHFFFAOYSA-N,0.7538461538461538,False,False
14278,JQNSOQVQLKIUCI-UHFFFAOYSA-N,0.8852459016393442,False,True
14276,SYJXOCHWYPPVQN-UHFFFAOYSA-N,0.9354838709677419,False,True
14275,JCMYJQAYILRTLX-UHFFFAOYSA-N,0.8852459016393442,False,True
14273,PBTWJQXQOCTJNF-UHFFFAOYSA-N,0.9354838709677419,False,True
14272,UEOSSDOCPUUMLM-KUHUBIRLSA-N,0.8032786885245902,False,False
14271,WMRNLSQDDUXLME-RDTXWAMCSA-N,0.8032786885245902,False,False
14270,CXDXFLJDUQPHRS-ZIAGYGMSSA-N,0.8360655737704918,False,False
14269,SNVOTACHOMYVID-UHFFFAOYSA-N,0.8064516129032258,False,False
14236,YTGJLBDMPFCQAK-UHFFFAOYSA-N,0.8909090909090909,False,True
14235,JQFHXMZJJOUPJZ-IBGZPJMESA-N,0.7966101694915254,False,False
14233,UFIRRPNMFHDRTB-UHFFFAOYSA-N,0.8548387096774194,False,True
14232,XSLPWDBFBIDGNH-UHFFFAOYSA-N,0.8387096774193549,False,False
14231,ILNSRLDHVNUSEA-UHFFFAOYSA-N,0.8360655737704918,False,False
14262,HJXNJWINNKVICM-SPLOXXLWSA-N,0.7272727272727273,False,False
14261,QZNBODAZZGLUFS-BFUOFWGJSA-N,0.8095238095238095,False,False
14260,DAHOGIQKHQLBRI-ZUOKHONESA-N,0.8412698412698413,False,False
14259,DWMUDGBOLZUSGQ-UHFFFAOYSA-N,0.8615384615384616,False,True
14258,CPIUBVYLPAMWHA-ZIAGYGMSSA-N,0.8387096774193549,False,False
14257,OEIHBPJLAVZCTK-CQSZACIVSA-N,0.7833333333333333,False,False
14256,JDKPGTUDIBDWCQ-UHFFFAOYSA-N,0.7580645161290323,False,False
14255,QICNXGTUYPHJPJ-CYBMUJFWSA-N,0.8135593220338984,False,False
14254,CLURSNFMYJSXDP-UHFFFAOYSA-N,0.8615384615384616,False,True
14253,UUNIBGITEOWODV-IBGZPJMESA-N,0.7666666666666667,False,False
14223,KNPLCJZGNRGZAN-UHFFFAOYSA-N,0.38095238095238093,False,False
14215,PJLUKTVSGYDGFZ-UHFFFAOYSA-N,0.9629629629629629,True,True
14246,KSROWGPIGMFFRA-UHFFFAOYSA-N,0.8360655737704918,False,False
14245,JPUJBTPIVRNSGK-UHFFFAOYSA-N,0.8524590163934426,False,True
14244,REGHVXLCLLSTSF-ZIAGYGMSSA-N,0.7966101694915254,False,False
14243,ZPANTXSAGQGHQP-UHFFFAOYSA-N,0.765625,False,False
14242,ZAJAHJLKTANDER-UHFFFAOYSA-N,0.8524590163934426,False,True
14241,IUFFSRVZBPUFRW-UHFFFAOYSA-N,0.78125,False,False
14240,UZZDMNGVQIXPFV-UHFFFAOYSA-N,0.8548387096774194,False,True
14239,PGMLIRDEUKHUGV-CYBMUJFWSA-N,0.6984126984126984,False,False
14238,AEBZXMGHCYSFRN-UHFFFAOYSA-N,0.8064516129032258,False,False
14237,QCVBXDBFCVNFKO-CYBMUJFWSA-N,0.8214285714285714,False,False
14207,MQVKPDGHXUHTJD-UHFFFAOYSA-N,0.9724770642201835,True,True
14206,KCZZWEOYZDCTCL-UHFFFAOYSA-N,1.0,True,True
14203,RGRLZYQCVJDBHO-UHFFFAOYSA-N,1.0,True,True
14200,AMQZNXOJHPZWFY-UHFFFAOYSA-N,1.0,True,True
14230,MQCHKIPYSMUHMT-UHFFFAOYSA-N,0.819672131147541,False,False
14229,UVSGPIJWZFORDX-UHFFFAOYSA-N,0.7580645161290323,False,False
14228,UQGGRHIRZLOGFI-MRXNPFEDSA-N,0.8909090909090909,False,True
14227,CPESVGROVSFURM-UHFFFAOYSA-N,0.7931034482758621,False,False
14226,AEVZTCOXJWXOSU-UHFFFAOYSA-N,0.8064516129032258,False,False
14225,YEHXEIKXSOJTBS-UHFFFAOYSA-N,0.8524590163934426,False,True
14224,XDKRBVDOXKJDBK-UHFFFAOYSA-N,0.7931034482758621,False,False
14191,GWEMOKFAEUBOMV-UHFFFAOYSA-N,0.7375,False,False
14190,HSGUJVDZUCFZLH-UHFFFAOYSA-N,0.7307692307692307,False,False
14189,FLCIVYXRZMTQCD-UHFFFAOYSA-N,0.7435897435897436,False,False
14188,ZRADLKKXUJCNQW-UHFFFAOYSA-N,0.7733333333333333,False,False
14187,XFSZCEHMMCZNBO-UHFFFAOYSA-N,0.7878787878787878,False,False
14186,USUFPMBMKULSAT-UHFFFAOYSA-N,0.7878787878787878,False,False
14185,YTAPWPGACOANAZ-UHFFFAOYSA-N,0.9516129032258065,True,True
14184,ZPUUBUOYOKHRQG-UHFFFAOYSA-N,0.8904109589041096,False,True
14183,DRXQAOFKRHSLOF-UHFFFAOYSA-N,0.8904109589041096,False,True
14212,WHBJBJGSCKENQI-UHFFFAOYSA-N,0.9310344827586207,False,True
14175,YFTRUUNIRUZWAW-UHFFFAOYSA-N,0.8,False,False
14174,OWCTVMMXIJUJLL-UHFFFAOYSA-N,0.8285714285714286,False,False
14173,MSUGZLBRWSQBKV-UHFFFAOYSA-N,0.7681159420289855,False,False
14172,SISPHNJQGOTJPK-UHFFFAOYSA-N,0.8823529411764706,False,True
14171,YIZTVZAQKGHJKN-UHFFFAOYSA-N,0.7866666666666666,False,False
14170,QBMVCCABBBMEPF-UHFFFAOYSA-N,0.7866666666666666,False,False
14169,DQWQGOPLGSNSNI-UHFFFAOYSA-N,0.7464788732394366,False,False
14168,RJLVDDXAPAFIKC-UHFFFAOYSA-N,0.8260869565217391,False,False
14167,IJHBUOHXSKYTNW-UHFFFAOYSA-N,0.8333333333333334,False,False
14197,SEXHWGRJRIARCK-UHFFFAOYSA-N,1.0,True,True
14194,RTJFABKIKWCUEQ-UHFFFAOYSA-N,0.75,False,False
14193,FPZKJDYJTNSZLP-UHFFFAOYSA-N,0.9041095890410958,False,True
14192,UFHGFPXCLRNCMI-UHFFFAOYSA-N,0.9041095890410958,False,True
14159,DTOPMHZISSEIEZ-UHFFFAOYSA-N,0.8607594936708861,False,True
14158,TWPAMFQBXCTHKW-UHFFFAOYSA-N,0.8313253012048193,False,False
14157,XUUSDNDQZLLSBJ-UHFFFAOYSA-N,0.8607594936708861,False,True
14156,LGOFOSPCYKFYKG-UHFFFAOYSA-N,0.8333333333333334,False,False
14155,TYMJWWKYJVNJBT-UHFFFAOYSA-N,0.8571428571428571,False,True
14154,QROUZQZXSVQXNA-UHFFFAOYSA-N,0.8481012658227848,False,False
14153,XBMSPVJGWOUPMJ-UHFFFAOYSA-N,0.8481012658227848,False,False
14152,OBEHKXHJYYTPBY-UHFFFAOYSA-N,0.8421052631578947,False,False
14151,XJPDYOUAWVZJJU-UHFFFAOYSA-N,0.8421052631578947,False,False
14182,DXPRIZKPCQUHRT-UHFFFAOYSA-N,0.9027777777777778,False,True
14181,LACGDNRBEPATEB-UHFFFAOYSA-N,0.9027777777777778,False,True
14180,OMEDHXCRGJFEBG-UHFFFAOYSA-N,0.6764705882352942,False,False
14179,PEQBMEIOIPZPHP-UHFFFAOYSA-N,0.8615384615384616,False,True
14178,ZVLBTBZZJNWUIT-UHFFFAOYSA-N,0.8529411764705882,False,True
14177,OWVNQZGTQYKELL-UHFFFAOYSA-N,0.8676470588235294,False,True
14176,PYGVLZKDQGFNEZ-UHFFFAOYSA-N,0.7761194029850746,False,False
14143,DFUDPEQMBFGHSM-UHFFFAOYSA-N,0.8313253012048193,False,False
14142,OTPDYVSRJDGXAT-UHFFFAOYSA-N,0.8607594936708861,False,True
14141,DUTHWEYDTLGBPW-UHFFFAOYSA-N,0.8676470588235294,False,True
14140,SJPQWLAWDGZOCO-UHFFFAOYSA-N,0.8,False,False
14139,WJMMHYINACTSQM-UHFFFAOYSA-N,0.8076923076923077,False,False
14138,UVPSNTPBVOYIRO-UHFFFAOYSA-N,0.8,False,False
14137,MFJACNVNCXMVRX-UHFFFAOYSA-N,0.8571428571428571,False,True
14136,LSOZCDUVYCUWSK-UHFFFAOYSA-N,0.8142857142857143,False,False
14135,HGZDTWRFMDSVQV-UHFFFAOYSA-N,0.8611111111111112,False,True
14166,PSHXRJWIBOYTHN-UHFFFAOYSA-N,0.8309859154929577,False,False
14165,NKMILOCXAKVUMJ-UHFFFAOYSA-N,0.7662337662337663,False,False
14164,ACXCWVXRHLDYQM-UHFFFAOYSA-N,0.8529411764705882,False,True
14163,IZOGRMVSHUUUHG-UHFFFAOYSA-N,0.8529411764705882,False,True
14162,ZDNIPOCNZDDYCF-UHFFFAOYSA-N,0.7638888888888888,False,False
14161,IQCMFGMUAYLHTN-UHFFFAOYSA-N,0.7571428571428571,False,False
14160,ZKKIDIGOIMHDHZ-UHFFFAOYSA-N,0.7951807228915663,False,False
14127,QXPBSSUMPGKLNY-UHFFFAOYSA-N,0.8309859154929577,False,False
14126,XPPPHARIEREOSI-UHFFFAOYSA-N,0.7866666666666666,False,False
14125,HKAIKTXXVBJLRI-UHFFFAOYSA-N,0.8309859154929577,False,False
14124,YPGHEDGXZKXFQW-UHFFFAOYSA-N,0.8169014084507042,False,False
14123,XGESVYSORFOWOL-UHFFFAOYSA-N,0.7972972972972973,False,False
14122,BCUUMHLDOBCATC-UHFFFAOYSA-N,0.8309859154929577,False,False
14121,POPSYHOVTREVNS-UHFFFAOYSA-N,0.8088235294117647,False,False
14120,CUFOGJRCUDEMBJ-UHFFFAOYSA-N,0.7534246575342466,False,False
14119,OMCROPIBFFVHLA-UHFFFAOYSA-N,0.7571428571428571,False,False
14150,GYTPCCOTCWTDSH-UHFFFAOYSA-N,0.726027397260274,False,False
14149,NECCBNDLMPJPRF-UHFFFAOYSA-N,0.8484848484848485,False,False
14148,OUNDKJAAMOQUGK-UHFFFAOYSA-N,1.0,True,True
14147,CMMPTJIDUQPDSW-UHFFFAOYSA-N,0.7951807228915663,False,False
14146,MWTBZLUBOKYJBU-UHFFFAOYSA-N,0.863013698630137,False,True
14145,XIKXLRRXHABLCC-UHFFFAOYSA-N,0.863013698630137,False,True
14144,FTYWVIWJQYOKCL-UHFFFAOYSA-N,0.8823529411764706,False,True
14111,BXTRNFFNCYNCDD-UHFFFAOYSA-N,0.7916666666666666,False,False
14110,LZEPIYZCPDUORO-UHFFFAOYSA-N,0.7777777777777778,False,False
14109,GSVNOJKTJBUENK-UHFFFAOYSA-N,0.821917808219178,False,False
14108,RJTZTSBNOSVWJJ-UHFFFAOYSA-N,0.7777777777777778,False,False
14107,DVXMHWSAUSKWTJ-UHFFFAOYSA-N,0.8571428571428571,False,True
14106,AIOXLUNXPBVTTD-UHFFFAOYSA-N,0.8405797101449275,False,False
14105,YZONMYSRAVTXKR-UHFFFAOYSA-N,0.821917808219178,False,False
14104,NQTSHAHUWYVJIH-UHFFFAOYSA-N,0.8026315789473685,False,False
14103,KVOMCRBZQMKSJC-UHFFFAOYSA-N,0.8309859154929577,False,False
14134,FIXRQJYZLIDFBT-UHFFFAOYSA-N,0.8611111111111112,False,True
14133,XVUGXUOMMBEIMF-UHFFFAOYSA-N,0.9152542372881356,False,True
14132,ALXDRVHERXGYTE-UHFFFAOYSA-N,0.9152542372881356,False,True
14131,PWLBEBPIWWBZRS-UHFFFAOYSA-N,0.8405797101449275,False,False
14130,ZWSGQPYOVZGSQD-UHFFFAOYSA-N,0.8484848484848485,False,False
14129,TVDAHXNETNMHBZ-UHFFFAOYSA-N,0.8571428571428571,False,True
14128,KBUTXDUVYJNKQV-UHFFFAOYSA-N,0.9516129032258065,True,True
14095,VKIFUOZWTLQKAT-UHFFFAOYSA-N,0.8484848484848485,False,False
14094,WRCATCDYSZWLNL-JXMROGBWSA-N,0.7384615384615385,False,False
14093,WSFQEOSIWDARAD-ZDLGFXPLSA-N,0.6625,False,False
14092,ZQWLSKWJFVLFBP-UHFFFAOYSA-N,0.8309859154929577,False,False
14091,DDLMPPXIKLDFLY-UHFFFAOYSA-N,0.859375,False,True
14090,LVGCGFDWXADHKE-UHFFFAOYSA-N,0.8142857142857143,False,False
14089,ZWKDUIGADVLLIE-UHFFFAOYSA-N,0.835820895522388,False,False
14088,NGWOCCHMOXNYRI-UHFFFAOYSA-N,0.8571428571428571,False,True
14087,IKBWLTUDFGRWSH-UHFFFAOYSA-N,0.7916666666666666,False,False
14118,VMHGEGDYBRIYNL-UHFFFAOYSA-N,0.7432432432432432,False,False
14117,BMHGSAXBOHJVMC-UHFFFAOYSA-N,0.8169014084507042,False,False
14116,WRJXIJRDBJBYNB-UHFFFAOYSA-N,0.7777777777777778,False,False
14115,YTBPTDWZIYXKEB-UHFFFAOYSA-N,0.7567567567567568,False,False
14114,LBSYZYYSOZIGIU-UHFFFAOYSA-N,0.8055555555555556,False,False
14113,YQOFFZCKRHTMSY-UHFFFAOYSA-N,0.8484848484848485,False,False
14112,ANBLFLGSTYRNKD-UHFFFAOYSA-N,0.8,False,False
14083,YNRYMYDLFCCLRW-UHFFFAOYSA-N,0.8571428571428571,False,True
14074,OSQKWTZHYXRTBG-UHFFFAOYSA-N,0.2714285714285714,False,False
14102,UFYZITZSOQYUTI-UHFFFAOYSA-N,0.8309859154929577,False,False
14101,HTCGJLYRGAYWMU-UHFFFAOYSA-N,0.8615384615384616,False,True
14100,BQRGLQJYOSJFDN-UHFFFAOYSA-N,0.8028169014084507,False,False
14099,GINXYAJTKLUBHI-UHFFFAOYSA-N,0.8484848484848485,False,False
14098,GLGLXSWNCXYAGL-UHFFFAOYSA-N,0.859375,False,True
14097,TYYYKZIFBXCFJX-UHFFFAOYSA-N,0.8461538461538461,False,False
14096,DJWLSYRGJKASGS-UHFFFAOYSA-N,0.796875,False,False
14010,SZRXAFHQOLFGQQ-UHFFFAOYSA-N,0.8571428571428571,False,True
14006,MTAUKODJYJENJB-UHFFFAOYSA-N,0.9285714285714286,False,True
14034,JXHPVHQKMVFSHD-UHFFFAOYSA-N,0.8571428571428571,False,True
14030,RJORLTFSQLRZAA-UHFFFAOYSA-N,0.8333333333333334,False,False
14026,HJVDTYLAMPKVIF-UHFFFAOYSA-N,0.9285714285714286,False,True
14022,XJFSNXWXFRRIOG-UHFFFAOYSA-N,0.9285714285714286,False,True
14050,QVWPDYJAJNPVQO-UHFFFAOYSA-N,0.9193548387096774,False,True
14046,WJSYJMRYEWQYGS-UHFFFAOYSA-N,0.6875,False,False
14042,VHECXKBDEWBRCA-UHFFFAOYSA-N,0.7413793103448276,False,False
14038,FHFFSCVUKKJYOQ-UHFFFAOYSA-N,0.803030303030303,False,False
14062,JYJPDPJOALJSGX-UHFFFAOYSA-N,0.7846153846153846,False,False
14058,VZERSQQWIGRYDP-UHFFFAOYSA-N,0.734375,False,False
14054,GHTRRSDCIXIICV-UHFFFAOYSA-N,0.890625,False,True
14086,ILAMBTJNTCQZLC-UHFFFAOYSA-N,0.8309859154929577,False,False
14085,YOKBKTFTFPXTAV-UHFFFAOYSA-N,0.8571428571428571,False,True
14084,ZMYXHVUZMVKFRY-UHFFFAOYSA-N,0.8333333333333334,False,False
13946,HIXAWOIDJKCMTK-UHFFFAOYSA-N,0.8307692307692308,False,False
13942,OWTBUGUHJQPKPZ-UHFFFAOYSA-N,0.9298245614035088,False,True
13970,PFDWPCYEEXWZOQ-UHFFFAOYSA-N,0.9298245614035088,False,True
13966,YHZFEZYNSNKOIM-UHFFFAOYSA-N,0.7868852459016393,False,False
13962,XQDYNXGNNIKMDB-UHFFFAOYSA-N,0.8307692307692308,False,False
13958,UXHXWQGJMFZUHY-UHFFFAOYSA-N,0.9285714285714286,False,True
13986,GODPYSYNZVASCJ-UHFFFAOYSA-N,0.7096774193548387,False,False
13982,RBDVEYFCSPEWMI-UHFFFAOYSA-N,0.7272727272727273,False,False
13978,WMAFHQRJCYWIHX-UHFFFAOYSA-N,0.9298245614035088,False,True
13974,SSEYUYJYEZFXDX-UHFFFAOYSA-N,0.7419354838709677,False,False
14002,OVMCSUXJKIFQIM-UHFFFAOYSA-N,0.9285714285714286,False,True
13998,DGUQAYRHMMDDLX-UHFFFAOYSA-N,0.9285714285714286,False,True
13994,DMAAHPRSIYSTGT-UHFFFAOYSA-N,0.7096774193548387,False,False
13990,LWTFZPXRTRSKBV-UHFFFAOYSA-N,0.8275862068965517,False,False
14018,MYKQNNAPMPNWCD-UHFFFAOYSA-N,0.9298245614035088,False,True
14014,VKVQNVFNGLJZGN-UHFFFAOYSA-N,0.7419354838709677,False,False
13882,YYBXRZVDRLNINK-UHFFFAOYSA-N,0.8275862068965517,False,False
13878,YASDNFRHGGAXQV-UHFFFAOYSA-N,0.8571428571428571,False,True
13906,YMPGICWQKYALKJ-UHFFFAOYSA-N,0.9193548387096774,False,True
13902,IXULWXABFIEBOH-UHFFFAOYSA-N,0.9298245614035088,False,True
13898,IEMFBJQPEDGJIR-UHFFFAOYSA-N,0.85,False,False
13894,OVJZDFPFLBFNEX-UHFFFAOYSA-N,0.7272727272727273,False,False
13922,IQBLOORWRPCXDB-UHFFFAOYSA-N,0.696969696969697,False,False
13918,NYQMQRLBVYIDFL-UHFFFAOYSA-N,0.71875,False,False
13914,GWDXWAWSVQZYGJ-UHFFFAOYSA-N,0.8095238095238095,False,False
13910,ZUKCLPOKWXXQNF-UHFFFAOYSA-N,0.7272727272727273,False,False
13938,ZEWQESWPWRZRFH-UHFFFAOYSA-N,0.5942028985507246,False,False
13934,XSSULRUVJZTWJR-UHFFFAOYSA-N,0.71875,False,False
13930,XCWDEOLYRKJBBI-UHFFFAOYSA-N,0.7777777777777778,False,False
13926,DVFCAYQMJVWGJI-UHFFFAOYSA-N,0.7777777777777778,False,False
13950,LPSIFSATUYDTSI-UHFFFAOYSA-N,0.7142857142857143,False,False
13750,AGZXIDYGYCUJQW-AJZOCDQUSA-N,1.0,True,True
13746,UIZFZPRVPJBCBW-XADRRFQNSA-N,1.0,True,True
13774,WDXUVAAMMWDIGA-BBQAJUCSSA-N,1.0,True,True
13770,BLIPLJZKJQURAT-BVOOQYFDSA-N,1.0,True,True
13766,GXTFELIJMXJADG-BVOOQYFDSA-N,1.0,True,True
13762,CLQQBAUKKIRVFA-QODXOHEASA-N,1.0,True,True
13790,MLIIPMZRVYZYBW-HSTJUUNISA-N,1.0,True,True
13786,OFDPRRFMATWPBF-QODXOHEASA-N,1.0,True,True
13782,LGIAEFVCZHAXMI-AJZOCDQUSA-N,1.0,True,True
13778,QMMORICJOFKJTI-FCRSDJTPSA-N,1.0,True,True
13874,ODIDROHDAXMSJO-UHFFFAOYSA-N,0.8,False,False
13870,JFDPFJGFUWQULQ-UHFFFAOYSA-N,0.7258064516129032,False,False
13866,XQIDNAQAYHPPLF-UHFFFAOYSA-N,0.9298245614035088,False,True
13862,RNRVJORSUQGASS-UHFFFAOYSA-N,0.8448275862068966,False,False
13890,QAYSRMDZCDXEGD-UHFFFAOYSA-N,0.8448275862068966,False,False
13886,IUJVDCXQOZJWEH-UHFFFAOYSA-N,0.703125,False,False
13686,XAQNGLYUCICMHB-QHELBMECSA-N,1.0,True,True
13682,QFSZEDAOMUTMJQ-XADRRFQNSA-N,1.0,True,True
13710,INLQRYOEYUTHPO-XEGCMXMBSA-N,1.0,True,True
13706,YIQKOCAQNBTNAR-OWJIYDKWSA-N,1.0,True,True
13702,YGLYLPHOOQNASZ-XADRRFQNSA-N,1.0,True,True
13698,WMCWVYFWYCEFFL-OWJIYDKWSA-N,1.0,True,True
13726,UJNFFSKNBGBBJD-IQKKUYFPSA-N,1.0,True,True
13718,WJAQYKVSSANXIE-AJZOCDQUSA-N,1.0,True,True
13714,PSTZNTNUAZKUPX-OWJIYDKWSA-N,1.0,True,True
13742,KYHRXJFLOWLIPG-BBQAJUCSSA-N,1.0,True,True
13738,AOIQDIBORTYOBS-AJZOCDQUSA-N,1.0,True,True
13734,WBPJLDQGTBJBCK-YDNXMHBPSA-N,1.0,True,True
13730,ISBNRXRHHJJBGJ-PVCWFJFTSA-N,1.0,True,True
13758,ZFOUNOUCPKPOPW-QODXOHEASA-N,1.0,True,True
13754,AGPWOTLERUQDBK-XEGCMXMBSA-N,1.0,True,True
13653,XCHLHUVAENNQGI-UHFFFAOYSA-N,0.9821428571428571,True,True
13647,AZXXGVPWWKWGAE-UHFFFAOYSA-N,1.0,True,True
13678,UDBLHRPUTNAXQU-AJZOCDQUSA-N,1.0,True,True
13674,IGESDXCQRGVGEQ-XADRRFQNSA-N,1.0,True,True
13670,VYIMCQZFZPOVTK-CHQVSRGASA-N,1.0,True,True
13666,RMYOUQYJDIWRKM-YDNXMHBPSA-N,1.0,True,True
13694,FZNPRXLDBREVPH-YZSJKOAGSA-N,1.0,True,True
13690,UVSWEYXGOHQKEV-LFQPHHBNSA-N,1.0,True,True
13626,ITYXEJVELHAHBC-UHFFFAOYSA-N,1.0,True,True
13625,RKAFYSIKAVFVPS-UHFFFAOYSA-N,1.0,True,True
13624,BXMFMNBYVCNHCH-UHFFFAOYSA-N,1.0,True,True
13622,XIADXGQRWPZMCR-UHFFFAOYSA-N,0.7831325301204819,False,False
13620,CBMLHLJZCXGYNS-UHFFFAOYSA-N,0.7926829268292683,False,False
13618,BDDPVSVZNKWSAU-UHFFFAOYSA-N,0.8095238095238095,False,False
13616,BDAAOAKJUHEOLV-UHFFFAOYSA-N,0.7777777777777778,False,False
13588,ALYOEFYPPVFLTC-UHFFFAOYSA-N,0.8117647058823529,False,False
13586,HCZVIVSELLCKTF-UHFFFAOYSA-N,0.8313253012048193,False,False
13584,VWSYICCFWWNPKV-UHFFFAOYSA-N,0.8082191780821918,False,False
13582,XDEYPSUXDWTLCC-UHFFFAOYSA-N,0.8082191780821918,False,False
13614,AOVYKBDZCUHKJW-UHFFFAOYSA-N,0.84,False,False
13612,RSXZOTYJEQKDSN-UHFFFAOYSA-N,0.8769230769230769,False,True
13610,VEGFNCTVKGWUOF-UHFFFAOYSA-N,0.7808219178082192,False,False
13608,JEWOMLGGPDAMQC-UHFFFAOYSA-N,0.8313253012048193,False,False
13606,IUVOWMONZKZJDF-UHFFFAOYSA-N,0.8108108108108109,False,False
13602,ZQTBSRHIYKYUEJ-UHFFFAOYSA-N,0.8656716417910447,False,True
13600,KBAPUYPOXWSSGE-UHFFFAOYSA-N,0.8787878787878788,False,True
13598,YHBLTUVWDUSFCO-UHFFFAOYSA-N,0.8611111111111112,False,True
13629,HLZCITRKGRESDX-UHFFFAOYSA-N,1.0,True,True
13628,WVKNOEMSHFZOMC-UHFFFAOYSA-N,1.0,True,True
13627,FURMQZYSFFTQLK-UHFFFAOYSA-N,1.0,True,True
13556,YDQJAXLKJIPHKM-UHFFFAOYSA-N,0.8488372093023255,False,False
13554,ZGCBBSXRJGIVRG-UHFFFAOYSA-N,0.8082191780821918,False,False
13552,MHDXDMUOEQEJHN-UHFFFAOYSA-N,0.8571428571428571,False,True
13550,OCYXOAKYGOBURQ-UHFFFAOYSA-N,0.8571428571428571,False,True
13580,PVYFBMLVQAINBP-UHFFFAOYSA-N,0.8194444444444444,False,False
13578,NKJGLIRGXVLKQG-UHFFFAOYSA-N,0.8309859154929577,False,False
13576,FHSWTCHLPBCKFQ-UHFFFAOYSA-N,0.8769230769230769,False,True
13574,DHHGNFWWJPLQHG-UHFFFAOYSA-N,0.8082191780821918,False,False
13572,QEQUHFKADHEUIX-UHFFFAOYSA-N,0.8266666666666667,False,False
13570,WZCNVFIAJGGQOW-UHFFFAOYSA-N,0.85,False,False
13568,FJROFGZZRCVYKS-UHFFFAOYSA-N,0.7857142857142857,False,False
13566,JCTDJGFVYKRDIY-UHFFFAOYSA-N,0.8095238095238095,False,False
13596,UYNDNVGAYXGTSZ-UHFFFAOYSA-N,0.8656716417910447,False,True
13594,RNFJTQMKZFKAAL-UHFFFAOYSA-N,0.7916666666666666,False,False
13592,IJVPWGRLNKQZOG-UHFFFAOYSA-N,0.8488372093023255,False,False
13590,AUTILRBPGGDQQN-UHFFFAOYSA-N,0.8787878787878788,False,True
13524,OXDBSYLARSFGBN-UHFFFAOYSA-N,0.8024691358024691,False,False
13522,HRNSFKLJBXPWPI-UHFFFAOYSA-N,0.8088235294117647,False,False
13520,XHPWAYDZYDVVLE-UHFFFAOYSA-N,0.9818181818181818,True,True
13518,IVQMABWVCITFDB-UHFFFAOYSA-N,0.8970588235294118,False,True
13548,OEAWDRNUMOJHHP-UHFFFAOYSA-N,0.8271604938271605,False,False
13546,QIGCLHJSWAKNMS-UHFFFAOYSA-N,0.8493150684931506,False,False
13544,SRLWKYYCZPYURO-UHFFFAOYSA-N,0.8493150684931506,False,False
13542,JBMKVZJZTYKRKD-UHFFFAOYSA-N,0.8611111111111112,False,True
13540,SAPNPTNBSOVXGF-UHFFFAOYSA-N,0.7903225806451613,False,False
13538,YJNHQRAPEAMFBU-UHFFFAOYSA-N,0.7605633802816901,False,False
13536,ACMPNRNWWUVJNO-UHFFFAOYSA-N,0.8048780487804879,False,False
13534,LINGQNRFUHVCBB-UHFFFAOYSA-N,0.8170731707317073,False,False
13564,QGKLLCJGDNAIMP-UHFFFAOYSA-N,0.813953488372093,False,False
13562,VNVURQXGQZFGFL-UHFFFAOYSA-N,0.7878787878787878,False,False
13560,XVNMJEQFSLKLQC-UHFFFAOYSA-N,0.8271604938271605,False,False
13558,XZZUEZIGRRUFDU-UHFFFAOYSA-N,0.84,False,False
13490,YNSXEKYFUGVPFM-UHFFFAOYSA-N,1.0,True,True
13488,VTNTURHOFZDIDN-UHFFFAOYSA-N,1.0,True,True
13486,BCHHGQVHOJLKLK-BMSJAHLVSA-N,0.8823529411764706,False,True
13485,BCHHGQVHOJLKLK-UHFFFAOYSA-N,0.8823529411764706,False,True
13516,VVQXNAYRLUKTMI-UHFFFAOYSA-N,0.9811320754716981,True,True
13514,BVXYBMVYGYVAKA-UHFFFAOYSA-N,0.8970588235294118,False,True
13512,UYKHGMUGYOVGSG-UHFFFAOYSA-N,0.9811320754716981,True,True
13510,IONPFLCXDDTFFA-UHFFFAOYSA-N,0.7733333333333333,False,False
13508,WMHBNNKDVUPENM-UHFFFAOYSA-N,0.8611111111111112,False,True
13506,YIJOTKCQLGTIKQ-UHFFFAOYSA-N,0.8194444444444444,False,False
13504,XSPDEHLAIMBIGP-UHFFFAOYSA-N,0.75,False,False
13502,QIAGATHGSGJIRU-UHFFFAOYSA-N,0.8235294117647058,False,False
13532,DESVMCGNJHTGID-UHFFFAOYSA-N,0.8611111111111112,False,True
13530,VARCOCBBICJSER-UHFFFAOYSA-N,0.8089887640449438,False,False
13528,DRULUVGBSRBSPS-UHFFFAOYSA-N,0.7777777777777778,False,False
13526,DFVZBDNFKZBITL-UHFFFAOYSA-N,0.7763157894736842,False,False
13479,PAVPTASKJWMHJT-UHFFFAOYSA-N,0.6428571428571429,False,False
13478,IOVBMTSCKHESMX-UHFFFAOYSA-N,0.6111111111111112,False,False
13477,NPEIOUIHXOIRFA-UHFFFAOYSA-N,0.7142857142857143,False,False
13476,DVDNUOOJTURQNX-UHFFFAOYSA-N,0.6438356164383562,False,False
13475,XGHYGHSBHHABDV-UHFFFAOYSA-N,0.6727272727272727,False,False
13474,PPULXDHCRSVLEZ-UHFFFAOYSA-N,0.6666666666666666,False,False
13473,AFJVDWZZDNMQTO-UHFFFAOYSA-N,0.6666666666666666,False,False
13472,CQGCKUJHFXHCRC-UHFFFAOYSA-N,0.7966101694915254,False,False
13471,LMFNWQNMDPQHCZ-UHFFFAOYSA-N,0.7333333333333333,False,False
13470,PIDGTEBXAIJXSU-UHFFFAOYSA-N,0.7966101694915254,False,False
13469,DYKWLHJGSFFUIT-UHFFFAOYSA-N,0.8214285714285714,False,False
13500,FNQRZKFPUHHKFG-UHFFFAOYSA-N,0.8412698412698413,False,False
13498,IYSSRACKOPRWAW-UHFFFAOYSA-N,0.75,False,False
13496,ZMSNYJXRNVSKON-UHFFFAOYSA-N,0.8333333333333334,False,False
13494,ANJMBVHQRLAKBG-UHFFFAOYSA-N,0.9818181818181818,True,True
13492,USNNXFWVLFGSII-UHFFFAOYSA-N,0.8309859154929577,False,False
13463,GTMHJLYSWLEYCN-UHFFFAOYSA-N,0.8153846153846154,False,False
13462,TWYUJGLNUMLFPO-UHFFFAOYSA-N,0.8153846153846154,False,False
13461,DTOASRUNDUKPHU-UHFFFAOYSA-N,0.8095238095238095,False,False
13460,LCYGKRBJYHJZGY-UHFFFAOYSA-N,0.8095238095238095,False,False
13459,QCGOTTDDUWVCKZ-UHFFFAOYSA-N,0.8142857142857143,False,False
13458,KNVTWZMXPNKIQF-UHFFFAOYSA-N,0.6438356164383562,False,False
13457,LLODYWYYVDFMSF-UHFFFAOYSA-N,0.7241379310344828,False,False
13456,ALPVTDNOMXVYSI-UHFFFAOYSA-N,0.6727272727272727,False,False
13455,FSCYKSOKTYAFTR-UHFFFAOYSA-N,0.8775510204081632,False,True
13454,WJOJPMCLNVKHAA-UHFFFAOYSA-N,0.8076923076923077,False,False
13453,UWIFVFGYGGXPAA-UHFFFAOYSA-N,0.7903225806451613,False,False
13483,SDSMTKYJGSVIFK-UHFFFAOYSA-N,0.803921568627451,False,False
13482,FSCYKSOKTYAFTR-BMSJAHLVSA-N,0.8775510204081632,False,True
13481,AZPMGIQPQHZDCJ-UHFFFAOYSA-N,0.7368421052631579,False,False
13480,WZVUUZLPLURWPS-UHFFFAOYSA-N,0.7777777777777778,False,False
13447,RDIFLLSRXVFKJI-UHFFFAOYSA-N,0.7115384615384616,False,False
13446,XBKLRZRKRFCLHR-UHFFFAOYSA-N,0.8214285714285714,False,False
13445,ZCACLEUMMQELHD-UHFFFAOYSA-N,0.7169811320754716,False,False
13444,QYUGLDOTERHQHK-UHFFFAOYSA-N,0.6964285714285714,False,False
13443,ZKIACVWMLCIVAK-UHFFFAOYSA-N,0.7213114754098361,False,False
13442,LVEROYIEAWUSRW-UHFFFAOYSA-N,0.8269230769230769,False,False
13441,CLSPTEFWWLVXDC-UHFFFAOYSA-N,0.7307692307692307,False,False
13440,IAXHPZCNQKKUNJ-UHFFFAOYSA-N,0.851063829787234,False,True
13439,CFTMKMPURBUEDU-UHFFFAOYSA-N,0.6428571428571429,False,False
13437,UQYOKZZKZMBEPA-IBGZPJMESA-N,1.0,True,True
13468,ROLKNAJFZNNKDB-UHFFFAOYSA-N,0.7903225806451613,False,False
13467,YBDSGXYABBLTNG-UHFFFAOYSA-N,0.8076923076923077,False,False
13466,RJTGRGYIYKQFAO-UHFFFAOYSA-N,0.7142857142857143,False,False
13465,IFLSLMCNHNAULD-UHFFFAOYSA-N,0.4,False,False
13464,ABDDXLULYNMFCJ-UHFFFAOYSA-N,0.6491228070175439,False,False
13431,OUUCQPIGVSBSOX-SFHVURJKSA-N,0.8441558441558441,False,False
13430,PPMOGFJYXUCLCP-IBGZPJMESA-N,0.825,False,False
13429,GBGOAOVNUBDBQW-SFHVURJKSA-N,0.8441558441558441,False,False
13428,ZODBNEZNGKKOHK-IBGZPJMESA-N,0.7710843373493976,False,False
13427,PTLOHUDPVZELBI-KPQWGBOZSA-N,0.7261904761904762,False,False
13426,JXCMBGCGOSWOOX-NLMOZGTASA-N,0.8095238095238095,False,False
13425,WTAZBHXEDOBUQT-JSOIOWGOSA-N,0.8271604938271605,False,False
13424,OMFYKDMCZZHMJR-MFMCRYCZSA-N,1.0,True,True
13423,FDSLYEBYXJEXTI-PGFLUOATSA-N,0.875,False,True
13422,CCEPFKIDYUXOCA-PGFLUOATSA-N,0.8641975308641975,False,True
13421,IROASVQAXMOPMU-CNNODRBYSA-N,1.0,True,True
13452,OTOTVDWMCDMUAW-UHFFFAOYSA-N,0.7142857142857143,False,False
13451,GGNPNTQSUQGHRO-UHFFFAOYSA-N,0.7121212121212122,False,False
13450,YHHFJAIJCYGPJC-UHFFFAOYSA-N,0.7121212121212122,False,False
13449,GCOJNGQBNQMKPC-UHFFFAOYSA-N,0.7169811320754716,False,False
13448,FAVMHXDVCLBPKC-UHFFFAOYSA-N,0.8153846153846154,False,False
13415,FNNMAYVBWAZMDN-IBGZPJMESA-N,0.8888888888888888,False,True
13414,JEABOEKVKWHKNX-KKXNLOMOSA-N,0.8333333333333334,False,False
13413,NAWGHCCWNZCZPM-PELRDEGISA-N,0.8441558441558441,False,False
13412,JTUUYPGDXWFMAU-KPQWGBOZSA-N,0.8441558441558441,False,False
13411,SHACZLZWOBQFJE-YGWXTMFKSA-N,0.8481012658227848,False,False
13410,NWSAZWXCLNBBGU-JSOIOWGOSA-N,0.8860759493670886,False,True
13409,NAMVGRKXHMOWAR-ZJOBEGKPSA-N,1.0,True,True
13408,PCTKISRFBRXYQA-JSOIOWGOSA-N,0.8375,False,False
13407,FZCPETVOZBKYIB-ZJOBEGKPSA-N,0.8860759493670886,False,True
13406,XEYFQFFVMFQLAI-ZJOBEGKPSA-N,0.7926829268292683,False,False
13405,TYXVLZGHBOUQGA-ONTIZHBOSA-N,1.0,True,True
13436,CDVFBNGIJMVGCN-IBGZPJMESA-N,1.0,True,True
13435,ODZAIZYUKAATFR-FQEVSTJZSA-N,1.0,True,True
13399,AMXYQHMVWZFMQL-IBGZPJMESA-N,0.8072289156626506,False,False
13398,ZAMNAHAGDYKQBU-SFHVURJKSA-N,0.8414634146341463,False,False
13397,ZJTXYJZDQMZWFN-FQEVSTJZSA-N,0.8481012658227848,False,False
13396,GBDRKGDHYQAXJV-QFIPXVFZSA-N,0.8414634146341463,False,False
13395,HDVHXNMUPNZQMV-IBGZPJMESA-N,0.8641975308641975,False,True
13394,WJXQRVDHLWTUBX-NRFANRHFSA-N,0.8481012658227848,False,False
13393,WQOIMHYOELCYBP-SFHVURJKSA-N,0.7951807228915663,False,False
13392,QDYAHROAOSXPKV-FQEVSTJZSA-N,0.8641975308641975,False,True
13391,RGGJXIHDHUQJKE-FQEVSTJZSA-N,0.8414634146341463,False,False
13390,VWGJVRKGWSAZQL-SFHVURJKSA-N,0.8354430379746836,False,False
13389,HMIDVBBWSUMCEP-SFHVURJKSA-N,0.7926829268292683,False,False
13420,IROASVQAXMOPMU-IPJJNNNSSA-N,1.0,True,True
13419,VRFLSIVGKGARPF-VYRBHSGPSA-N,0.7432432432432432,False,False
13418,HZZJNZCBYZVKAW-IBGZPJMESA-N,0.8888888888888888,False,True
13417,UCALXXJODYRQLA-SFHVURJKSA-N,0.8375,False,False
13416,YPXNJODUDORZPH-IBGZPJMESA-N,0.8289473684210527,False,False
13383,RJZWNIAIUAFFMG-SFHVURJKSA-N,0.8701298701298701,False,True
13382,UTQXFGKCWNQXDY-FQEVSTJZSA-N,0.8235294117647058,False,False
13381,JKRAQTIBEWROGJ-FQEVSTJZSA-N,0.891566265060241,False,True
13380,OWTUPVJZILUQIZ-NRFANRHFSA-N,0.8045977011494253,False,False
13379,XMBNYABEPSUUAP-VXSCBNMQSA-N,1.0,True,True
13378,XMBNYABEPSUUAP-CEWLAPEOSA-N,1.0,True,True
13377,XDQQLEGRILHEGJ-FQEVSTJZSA-N,0.8961038961038961,False,True
13376,VZVCUGBOHQDDOR-FQEVSTJZSA-N,0.8607594936708861,False,True
13375,FIIFLKZXYXNUQS-SFHVURJKSA-N,0.8734177215189873,False,True
13374,CTIPTMLWCUORHT-SFHVURJKSA-N,0.9078947368421053,False,True
13373,VDVNKCJBJCVYGH-GHNTVSCVSA-N,0.8227848101265823,False,False
13404,TYXVLZGHBOUQGA-YMISUZCDSA-N,1.0,True,True
13403,PGAPQIHCAMQRBJ-YMISUZCDSA-N,0.825,False,False
13402,RUNFHGRDCPNBIO-ONTIZHBOSA-N,1.0,True,True
13401,RUNFHGRDCPNBIO-JAXLGGSGSA-N,1.0,True,True
13400,RUNFHGRDCPNBIO-YMISUZCDSA-N,1.0,True,True
13367,PTBWGPFLHTZUIQ-IBGZPJMESA-N,0.8846153846153846,False,True
13366,BRAYYLZAKKLULA-FQEVSTJZSA-N,0.8589743589743589,False,True
13365,UBCVHFXIVVWMEF-IBGZPJMESA-N,0.8765432098765432,False,True
13364,CVYGHOPDIMKKGH-NRFANRHFSA-N,0.8589743589743589,False,True
13363,HZIRPCDDNFKJHT-FQEVSTJZSA-N,0.891566265060241,False,True
13362,PPLQFNTXTJOPHR-SFHVURJKSA-N,0.8961038961038961,False,True
13361,RJUZEYYFNKRYGK-FQEVSTJZSA-N,0.8333333333333334,False,False
13360,UQYOKZZKZMBEPA-IBGZPJMESA-N,1.0,True,True
13359,CDVFBNGIJMVGCN-IBGZPJMESA-N,1.0,True,True
13358,ODZAIZYUKAATFR-FQEVSTJZSA-N,1.0,True,True
13357,GIDVNRUDOGGSHU-HNNXBMFYSA-N,0.5789473684210527,False,False
13388,YBRHKZAZVKKYSJ-KRWDZBQOSA-N,0.7804878048780488,False,False
13387,CLJFBFLHEOCQMK-IBGZPJMESA-N,0.8481012658227848,False,False
13386,CZHCEWSZRXMGNI-NRFANRHFSA-N,0.8048780487804879,False,False
13385,ZTHOJWWYNSJNDZ-IBGZPJMESA-N,0.8518518518518519,False,True
13384,HOVKBWLJNGLXHG-NRFANRHFSA-N,0.8846153846153846,False,True
13351,FXNBHTPDDZBHHW-IBGZPJMESA-N,0.8192771084337349,False,False
13350,NCRBFQMGIBIDFT-FQEVSTJZSA-N,0.7875,False,False
13349,DKDBEOKFSRBDBZ-FQEVSTJZSA-N,0.8481012658227848,False,False
13348,WJHFCPXQXZHKBL-IBGZPJMESA-N,0.8533333333333334,False,True
13347,OOQUFSAERNXYLW-FQEVSTJZSA-N,0.8533333333333334,False,True
13346,PCTZKURZIQMXNX-QFIPXVFZSA-N,0.8148148148148148,False,False
13345,XYXWPYMLIWHOCI-FQEVSTJZSA-N,0.8481012658227848,False,False
13344,UPZCDWGRODQVOF-FQEVSTJZSA-N,0.7974683544303798,False,False
13343,DKSLFHZFEZAARQ-FQEVSTJZSA-N,0.8072289156626506,False,False
13342,FSZDHQHIDHOFCK-NRFANRHFSA-N,0.825,False,False
13341,HMNIDFFXTPYEEP-IBGZPJMESA-N,0.7974683544303798,False,False
13372,DYAGQPIXMKNPEH-FPOVZHCZSA-N,0.9342105263157895,False,True
13371,PSMLFLZURPMCGM-IBGZPJMESA-N,0.8554216867469879,False,True
13370,GFWGASKZYSRCHG-NRFANRHFSA-N,0.875,False,True
13369,PBBOLVVUPFTEFL-FQEVSTJZSA-N,0.8433734939759037,False,False
13368,QOUZMFOVAXOCAV-IBGZPJMESA-N,0.8765432098765432,False,True
13335,SDPCSLQDLGOFRD-FQEVSTJZSA-N,0.8717948717948718,False,True
13334,BJROHKOQPIOHBZ-IBGZPJMESA-N,0.8666666666666667,False,True
13333,SYSLASPAQIRFCR-FQEVSTJZSA-N,0.8666666666666667,False,True
13332,ALKYOUKEPXBUOV-NRFANRHFSA-N,0.8666666666666667,False,True
13331,DTFHUWHWPHAOCJ-NRFANRHFSA-N,0.8481012658227848,False,False
13330,WYDXLDHUNAPGKO-NRFANRHFSA-N,0.8313253012048193,False,False
13329,QFQPHSGYOGKQKU-AWEZNQCLSA-N,0.525,False,False
13328,QGFYCUKWPJRMJV-NRFANRHFSA-N,0.8170731707317073,False,False
13327,BSPSUAFEOMZUSO-FQEVSTJZSA-N,0.8292682926829268,False,False
13326,PRXJAQLSYSNZEC-FQEVSTJZSA-N,0.8354430379746836,False,False
13325,SOPZFUSXBMBYDS-NRFANRHFSA-N,0.8481012658227848,False,False
13356,MQNQRLXDOXFECY-INIZCTEOSA-N,0.8333333333333334,False,False
13355,JGPCHVPWWVOWQF-LYKKTTPLSA-N,0.8529411764705882,False,True
13354,WAHCIXMVYMVDAM-HNNXBMFYSA-N,0.8529411764705882,False,True
13352,SMYOEIKBFMXMFI-NRFANRHFSA-N,0.8292682926829268,False,False
13319,OYRLFYBLMDGINC-FQEVSTJZSA-N,0.8987341772151899,False,True
13318,VAUYHTLRLSXAHH-NRFANRHFSA-N,0.8375,False,False
13317,CTRDTVVETPRQEL-NRFANRHFSA-N,0.8666666666666667,False,True
13316,AAXCPQZAWBLOBL-NRFANRHFSA-N,0.85,False,False
13340,BNTKPVGZOJSAQR-FQEVSTJZSA-N,0.8354430379746836,False,False
13339,LTIMTFLMTVFRSA-FQEVSTJZSA-N,0.8354430379746836,False,False
13338,RWZVSUQFGMNXJJ-NRFANRHFSA-N,0.8271604938271605,False,False
13337,XDUXVSRQCHNNTN-QFIPXVFZSA-N,0.8589743589743589,False,True
13336,NQOSYRCUNZDFDQ-FQEVSTJZSA-N,0.8375,False,False
13324,IIYAITCHVMSKAS-FQEVSTJZSA-N,0.8589743589743589,False,True
13323,KBANUWKINLVDHJ-QFIPXVFZSA-N,0.8481012658227848,False,False
13322,CGFISTCPLYYQAM-FQEVSTJZSA-N,0.8589743589743589,False,True
13321,AFOHKXBITBSRIV-FQEVSTJZSA-N,0.8717948717948718,False,True
13320,CWKOTGDTUVGVSW-FQEVSTJZSA-N,0.8987341772151899,False,True
13199,DVPCREVYUOIGRB-CYBMUJFWSA-N,1.0,True,True
13198,ABQBANWBCOXMMV-UHFFFAOYSA-N,1.0,True,True
13197,QOCLXBLVYQFTAL-UHFFFAOYSA-N,1.0,True,True
13191,BUDUZLKWENDXMU-UHFFFAOYSA-N,1.0,True,True
13190,COTRWHQQDDMARP-UHFFFAOYSA-N,1.0,True,True
13189,JCADDLJSGWSVBS-DEOSSOPVSA-N,1.0,True,True
13188,JCADDLJSGWSVBS-XMMPIXPASA-N,1.0,True,True
13187,XULDTDAOPWLNQI-UHFFFAOYSA-N,1.0,True,True
13186,PBPMBSOEPGVHEX-UHFFFAOYSA-N,1.0,True,True
13185,YKFFVVMKUMLHSO-UHFFFAOYSA-N,1.0,True,True
13184,WEJVBBGPGWBPGZ-OAHLLOKOSA-N,1.0,True,True
13183,UEFQOEDGLGRRRZ-UHFFFAOYSA-N,1.0,True,True
13182,QMMVADIIEFPWFX-MRXNPFEDSA-N,1.0,True,True
13181,KRQKZUKMAIVRIP-CQSZACIVSA-N,1.0,True,True
13175,ZCEBTAZOCYARDV-OAHLLOKOSA-N,1.0,True,True
13174,PHIYCRRSXFMUMY-UHFFFAOYSA-N,1.0,True,True
13173,YGMRNXBYOAVUOY-UHFFFAOYSA-N,1.0,True,True
13172,KYZFOETUBRZGJS-IYBDPMFKSA-N,1.0,True,True
13171,YGGLULNERODMAQ-GASCZTMLSA-N,1.0,True,True
13170,VRBGAGGVIFJAOB-UHFFFAOYSA-N,1.0,True,True
13169,JFIMSDKRXHWOLZ-UHFFFAOYSA-N,1.0,True,True
13168,JUNZOWHIMXAHDZ-UHFFFAOYSA-N,1.0,True,True
13167,KXIQMPUUJIRGGP-UHFFFAOYSA-N,1.0,True,True
13166,KYZFOETUBRZGJS-UHFFFAOYSA-N,1.0,True,True
13196,RVZNJXRZUOZSBC-OAHLLOKOSA-N,1.0,True,True
13195,LPYDKNCTXHRZAF-UHFFFAOYSA-N,1.0,True,True
13193,XOKLRMRXQDYRJG-UHFFFAOYSA-N,1.0,True,True
13192,RNCQIIPIZYNXSH-UHFFFAOYSA-N,1.0,True,True
13159,BQFKGDILMIWSNL-HOTGVXAUSA-N,1.0,True,True
13158,AORBELVEJRGRIE-UHFFFAOYSA-N,1.0,True,True
13157,JCADDLJSGWSVBS-UHFFFAOYSA-N,1.0,True,True
13156,OBOSPCHQHUTFIT-UHFFFAOYSA-N,1.0,True,True
13155,LBSDCJIXWUPPKU-UHFFFAOYSA-N,1.0,True,True
13154,XRVBQVCPVJUHMH-UHFFFAOYSA-N,1.0,True,True
13153,GSHFUWANQZPZSF-UHFFFAOYSA-N,1.0,True,True
13152,MBZZXQRLRBRPFV-UHFFFAOYSA-N,1.0,True,True
13151,NHJGDIODVHIKDC-GFCCVEGCSA-N,1.0,True,True
13150,TUMHVGMLLDWLAT-UHFFFAOYSA-N,1.0,True,True
13149,VRBGAGGVIFJAOB-KRWDZBQOSA-N,1.0,True,True
13180,CCPXGAXGMWTJDR-MRXNPFEDSA-N,1.0,True,True
13179,JOHXMYODPWWCBQ-QGZVFWFLSA-N,1.0,True,True
13178,QMMVADIIEFPWFX-INIZCTEOSA-N,1.0,True,True
13177,CHPJDCAHDPEZLQ-UHFFFAOYSA-N,1.0,True,True
13176,RMVVSIVRYHYXIV-UHFFFAOYSA-N,1.0,True,True
13143,LAGBRICDTWXCGM-IAGOWNOFSA-N,1.0,True,True
13142,KKGQXWROTLQMIU-OAHLLOKOSA-N,1.0,True,True
13141,YICSDPGIQJATNX-UHFFFAOYSA-N,1.0,True,True
13140,IDYIMQPGZZIHHH-UHFFFAOYSA-N,1.0,True,True
13139,GFEGLQPLIHYVLG-MRXNPFEDSA-N,1.0,True,True
13138,NKDCQNZBNVJKAH-OAHLLOKOSA-N,1.0,True,True
13137,FFGMITQWPQMNBP-UHFFFAOYSA-N,1.0,True,True
13136,GUIUYUXAZDXIDQ-UHFFFAOYSA-N,1.0,True,True
13135,PCHFYWCWPLCDAN-OAHLLOKOSA-N,1.0,True,True
13134,XGBJFDMOBXWHCX-UHFFFAOYSA-N,1.0,True,True
13133,WGIUMKQSWJLHLB-UHFFFAOYSA-N,1.0,True,True
13164,XVPIDTYZTLOLBJ-UHFFFAOYSA-N,1.0,True,True
13163,PTMGVHWZVZCWQJ-UHFFFAOYSA-N,1.0,True,True
13162,HRPNEQVKSPBBIC-UHFFFAOYSA-N,1.0,True,True
13161,HEZUPGCYPGEVNZ-UHFFFAOYSA-N,1.0,True,True
13160,XKIOMZBVQJJMTR-HNNXBMFYSA-N,1.0,True,True
13127,RVZNJXRZUOZSBC-OAHLLOKOSA-N,1.0,True,True
13126,LPYDKNCTXHRZAF-UHFFFAOYSA-N,1.0,True,True
13124,XOKLRMRXQDYRJG-UHFFFAOYSA-N,1.0,True,True
13123,RNCQIIPIZYNXSH-UHFFFAOYSA-N,1.0,True,True
13122,BUDUZLKWENDXMU-UHFFFAOYSA-N,1.0,True,True
13121,COTRWHQQDDMARP-UHFFFAOYSA-N,1.0,True,True
13120,GSQLMMXUOWQBSE-CQSZACIVSA-N,1.0,True,True
13119,JCADDLJSGWSVBS-DEOSSOPVSA-N,1.0,True,True
13118,JCADDLJSGWSVBS-XMMPIXPASA-N,1.0,True,True
13117,XULDTDAOPWLNQI-UHFFFAOYSA-N,1.0,True,True
13148,DIOYAFMCGJHAHZ-UHFFFAOYSA-N,1.0,True,True
13147,WGJWPIYBVJJGQT-UHFFFAOYSA-N,1.0,True,True
13146,VRBGAGGVIFJAOB-QGZVFWFLSA-N,1.0,True,True
13145,IOWGKSFHFGYFBS-HZPDHXFCSA-N,1.0,True,True
13144,ZUSFYTKLGLWTKX-OAHLLOKOSA-N,1.0,True,True
13111,KRQKZUKMAIVRIP-CQSZACIVSA-N,1.0,True,True
13110,CCPXGAXGMWTJDR-MRXNPFEDSA-N,1.0,True,True
13109,JOHXMYODPWWCBQ-QGZVFWFLSA-N,1.0,True,True
13108,NLNGQLCWIGFKID-QGZVFWFLSA-N,1.0,True,True
13107,QMMVADIIEFPWFX-INIZCTEOSA-N,1.0,True,True
13106,CHPJDCAHDPEZLQ-UHFFFAOYSA-N,1.0,True,True
13105,NAECIGAFLGYBGY-UHFFFAOYSA-N,1.0,True,True
13104,RMVVSIVRYHYXIV-UHFFFAOYSA-N,1.0,True,True
13103,ZCEBTAZOCYARDV-OAHLLOKOSA-N,1.0,True,True
13102,PHIYCRRSXFMUMY-UHFFFAOYSA-N,1.0,True,True
13101,NHHNONYVZKWVIM-UHFFFAOYSA-N,1.0,True,True
13132,DVPCREVYUOIGRB-CYBMUJFWSA-N,1.0,True,True
13131,ABQBANWBCOXMMV-UHFFFAOYSA-N,1.0,True,True
13130,QOCLXBLVYQFTAL-UHFFFAOYSA-N,1.0,True,True
13129,ANAJMSVPTRCONZ-GASCZTMLSA-N,1.0,True,True
13128,TYTCCFUVPNWZRL-OAHLLOKOSA-N,1.0,True,True
13095,JUNZOWHIMXAHDZ-UHFFFAOYSA-N,1.0,True,True
13094,KXIQMPUUJIRGGP-UHFFFAOYSA-N,1.0,True,True
13093,KYZFOETUBRZGJS-UHFFFAOYSA-N,1.0,True,True
13092,YGMRNXBYOAVUOY-UHFFFAOYSA-N,1.0,True,True
13091,XVPIDTYZTLOLBJ-UHFFFAOYSA-N,1.0,True,True
13090,PTMGVHWZVZCWQJ-UHFFFAOYSA-N,1.0,True,True
13089,LAGBRICDTWXCGM-IRXDYDNUSA-N,1.0,True,True
13088,HEZUPGCYPGEVNZ-UHFFFAOYSA-N,1.0,True,True
13087,XKIOMZBVQJJMTR-HNNXBMFYSA-N,1.0,True,True
13086,BQFKGDILMIWSNL-HOTGVXAUSA-N,1.0,True,True
13085,JCADDLJSGWSVBS-UHFFFAOYSA-N,1.0,True,True
13116,PBPMBSOEPGVHEX-UHFFFAOYSA-N,1.0,True,True
13115,YKFFVVMKUMLHSO-UHFFFAOYSA-N,1.0,True,True
13114,WEJVBBGPGWBPGZ-OAHLLOKOSA-N,1.0,True,True
13113,UEFQOEDGLGRRRZ-UHFFFAOYSA-N,1.0,True,True
13112,QMMVADIIEFPWFX-MRXNPFEDSA-N,1.0,True,True
13079,MBZZXQRLRBRPFV-UHFFFAOYSA-N,1.0,True,True
13078,NHJGDIODVHIKDC-GFCCVEGCSA-N,1.0,True,True
13077,TUMHVGMLLDWLAT-UHFFFAOYSA-N,1.0,True,True
13076,VRBGAGGVIFJAOB-KRWDZBQOSA-N,1.0,True,True
13075,DIOYAFMCGJHAHZ-UHFFFAOYSA-N,1.0,True,True
13074,WGJWPIYBVJJGQT-UHFFFAOYSA-N,1.0,True,True
13073,VRBGAGGVIFJAOB-QGZVFWFLSA-N,1.0,True,True
13072,IOWGKSFHFGYFBS-HZPDHXFCSA-N,1.0,True,True
13071,LAGBRICDTWXCGM-IAGOWNOFSA-N,1.0,True,True
13070,KKGQXWROTLQMIU-OAHLLOKOSA-N,1.0,True,True
13069,YICSDPGIQJATNX-UHFFFAOYSA-N,1.0,True,True
13099,KYZFOETUBRZGJS-IYBDPMFKSA-N,1.0,True,True
13098,YGGLULNERODMAQ-GASCZTMLSA-N,1.0,True,True
13097,VRBGAGGVIFJAOB-UHFFFAOYSA-N,1.0,True,True
13096,JFIMSDKRXHWOLZ-UHFFFAOYSA-N,1.0,True,True
13063,PCHFYWCWPLCDAN-OAHLLOKOSA-N,1.0,True,True
13062,XGBJFDMOBXWHCX-UHFFFAOYSA-N,1.0,True,True
13061,WGIUMKQSWJLHLB-UHFFFAOYSA-N,1.0,True,True
13057,ANAJMSVPTRCONZ-GASCZTMLSA-N,1.0,True,True
13056,TYTCCFUVPNWZRL-OAHLLOKOSA-N,1.0,True,True
13084,OBOSPCHQHUTFIT-UHFFFAOYSA-N,1.0,True,True
13083,LBSDCJIXWUPPKU-UHFFFAOYSA-N,1.0,True,True
13082,IYELHFKGVIQGBU-UHFFFAOYSA-N,1.0,True,True
13081,XRVBQVCPVJUHMH-UHFFFAOYSA-N,1.0,True,True
13080,GSHFUWANQZPZSF-UHFFFAOYSA-N,1.0,True,True
13068,IDYIMQPGZZIHHH-UHFFFAOYSA-N,1.0,True,True
13067,GFEGLQPLIHYVLG-MRXNPFEDSA-N,1.0,True,True
13066,NKDCQNZBNVJKAH-OAHLLOKOSA-N,1.0,True,True
13065,FFGMITQWPQMNBP-UHFFFAOYSA-N,1.0,True,True
13064,GUIUYUXAZDXIDQ-UHFFFAOYSA-N,1.0,True,True
13029,NHHNONYVZKWVIM-UHFFFAOYSA-N,1.0,True,True
13048,GSQLMMXUOWQBSE-CQSZACIVSA-N,1.0,True,True
13008,IYELHFKGVIQGBU-UHFFFAOYSA-N,1.0,True,True
13036,NLNGQLCWIGFKID-QGZVFWFLSA-N,1.0,True,True
13033,NAECIGAFLGYBGY-UHFFFAOYSA-N,1.0,True,True
13017,LAGBRICDTWXCGM-IRXDYDNUSA-N,1.0,True,True
12941,HRPNEQVKSPBBIC-UHFFFAOYSA-N,1.0,True,True
12910,QJGZCRXXNLNYLE-SFHVURJKSA-N,1.0,True,True
12909,JDFFZBRDVJZSQE-NRFANRHFSA-N,1.0,True,True
12937,AORBELVEJRGRIE-UHFFFAOYSA-N,1.0,True,True
12903,LBBUHJGVVLRZMY-MRXNPFEDSA-N,1.0,True,True
12902,QTAMODQHTOJCAA-MRXNPFEDSA-N,1.0,True,True
12901,XNUVPAHTSIRUPC-GOSISDBHSA-N,1.0,True,True
12900,VMFZYWMCPQDRDV-LMDPOFIKSA-N,1.0,True,True
12899,JDSFQRQTAFJYBG-OAHLLOKOSA-N,1.0,True,True
12898,BDZHPPOCVIJGRY-UHFFFAOYSA-N,1.0,True,True
12897,JDFFZBRDVJZSQE-OAQYLSRUSA-N,1.0,True,True
12896,TYFLEULHUWTEJY-KRWDZBQOSA-N,1.0,True,True
12895,OYNNTMWINWJQJW-FSNWXROXSA-N,1.0,True,True
12894,QJGZCRXXNLNYLE-GOSISDBHSA-N,1.0,True,True
12893,KOTSVJHQVBMDJI-UHFFFAOYSA-N,1.0,True,True
12922,ZUSFYTKLGLWTKX-OAHLLOKOSA-N,1.0,True,True
12887,QJGZCRXXNLNYLE-SFHVURJKSA-N,1.0,True,True
12886,JDFFZBRDVJZSQE-NRFANRHFSA-N,1.0,True,True
12885,MMOIFLHDIKIXMH-JZLODUJNSA-N,1.0,True,True
12884,HYSJSZRXDOQGMN-UHFFFAOYSA-N,1.0,True,True
12883,HYSJSZRXDOQGMN-INIZCTEOSA-N,1.0,True,True
12882,HYSJSZRXDOQGMN-MRXNPFEDSA-N,1.0,True,True
12881,NBPACLLJPQNPIJ-INIZCTEOSA-N,1.0,True,True
12880,LBBUHJGVVLRZMY-MRXNPFEDSA-N,1.0,True,True
12879,QTAMODQHTOJCAA-MRXNPFEDSA-N,1.0,True,True
12878,XNUVPAHTSIRUPC-GOSISDBHSA-N,1.0,True,True
12877,VMFZYWMCPQDRDV-LMDPOFIKSA-N,1.0,True,True
12908,MMOIFLHDIKIXMH-JZLODUJNSA-N,1.0,True,True
12907,HYSJSZRXDOQGMN-UHFFFAOYSA-N,1.0,True,True
12906,HYSJSZRXDOQGMN-INIZCTEOSA-N,1.0,True,True
12905,HYSJSZRXDOQGMN-MRXNPFEDSA-N,1.0,True,True
12904,NBPACLLJPQNPIJ-INIZCTEOSA-N,1.0,True,True
12871,QJGZCRXXNLNYLE-GOSISDBHSA-N,1.0,True,True
12870,KOTSVJHQVBMDJI-UHFFFAOYSA-N,1.0,True,True
12869,PBFVNHXTFBKJOB-UHFFFAOYSA-N,1.0,True,True
12868,ZPDJKSQPAGZJGJ-UHFFFAOYSA-N,1.0,True,True
12867,RZSBDGJVZTVEGL-UHFFFAOYSA-N,1.0,True,True
12892,PBFVNHXTFBKJOB-UHFFFAOYSA-N,1.0,True,True
12891,ZPDJKSQPAGZJGJ-UHFFFAOYSA-N,1.0,True,True
12890,RZSBDGJVZTVEGL-UHFFFAOYSA-N,1.0,True,True
12876,JDSFQRQTAFJYBG-OAHLLOKOSA-N,1.0,True,True
12875,BDZHPPOCVIJGRY-UHFFFAOYSA-N,1.0,True,True
12874,JDFFZBRDVJZSQE-OAQYLSRUSA-N,1.0,True,True
12873,TYFLEULHUWTEJY-KRWDZBQOSA-N,1.0,True,True
12872,OYNNTMWINWJQJW-FSNWXROXSA-N,1.0,True,True
12818,DUFYMGVAKFTYRD-YIALFULDSA-N,1.0,True,True
12817,ZHLIZRWHYDVQII-GIZXNFQBSA-N,1.0,True,True
12816,WNVJQALXMHHMHM-LBPRGKRZSA-N,1.0,True,True
12815,NVHZLDGLTYWXOF-XFYVYHTKSA-N,1.0,True,True
12814,SDZVVIVJYHFHMQ-HVWQJLJVSA-N,1.0,True,True
12813,UOQKGQHZHCLMPK-VQFGERMISA-N,1.0,True,True
12807,UOMMMMMJEWOOFZ-VMPITWQZSA-N,1.0,True,True
12806,UOQKGQHZHCLMPK-JXMROGBWSA-N,1.0,True,True
12805,BGTGCAQTYMGPDR-QPJJXVBHSA-N,1.0,True,True
12804,LMLPXTWKKVOZDY-XVNBXDOJSA-N,1.0,True,True
12803,MTVSWRCIOHNNQP-JXMROGBWSA-N,1.0,True,True
12802,ZXEATLALTKRQCK-YOCVDRLZSA-N,1.0,True,True
12801,XYNWBOOFVYSIMM-FYJFLYSWSA-N,1.0,True,True
12800,XNFINHNLMSYRIS-VMPITWQZSA-N,1.0,True,True
12799,NVHZLDGLTYWXOF-BJMVGYQFSA-N,1.0,True,True
12798,PIKCVFDNBHBNQA-XBXARRHUSA-N,1.0,True,True
12797,BQHNYHWZMPXGHL-UHFFFAOYSA-N,1.0,True,True
12791,ZBYHJTWQLPDJLX-WJXNCILBSA-N,1.0,True,True
12790,IBQDRIVHIVOWLT-FBGVAPFISA-N,1.0,True,True
12789,GGALTCPWYIYYJT-JYTYRXJUSA-N,1.0,True,True
12788,OJGQRWGTQDROOQ-DHZHZOJOSA-N,1.0,True,True
12787,PSBIIEOTFKVCIS-NAASZUNDSA-N,1.0,True,True
12786,WAYBBJAGGZDIKQ-KYSPIZMNSA-N,1.0,True,True
12785,FKGBPVPIFVPBAS-NAASZUNDSA-N,1.0,True,True
12784,HSRPGVJRGUMMFF-JGIVAVPZSA-N,1.0,True,True
12783,KHWJUOVJRQHRGJ-XADIBXCSSA-N,1.0,True,True
12782,WRPLUODGAMLBLY-CZXUKVBWSA-N,1.0,True,True
12781,MXXXELLOJKTWAV-NZCSQWEKSA-N,1.0,True,True
12812,UOMMMMMJEWOOFZ-JZLODUJNSA-N,1.0,True,True
12811,MTVSWRCIOHNNQP-JEJOPICUSA-N,1.0,True,True
12810,TZHHPOAMINHVKZ-DNXKIMQPSA-N,1.0,True,True
12809,CJNSVXKGWUSKMW-VMPITWQZSA-N,1.0,True,True
12808,ZXEATLALTKRQCK-RMKNXTFCSA-N,1.0,True,True
12775,LTIWSAJRYIQCSR-UHFFFAOYSA-N,1.0,True,True
12774,BWOYEUKQQDUOCU-HXUWFJFHSA-N,1.0,True,True
12773,UIRJDCGHEOUSJG-UHFFFAOYSA-N,1.0,True,True
12772,YOZLGIXAUSYQCT-UHFFFAOYSA-N,1.0,True,True
12771,VKCCTUKLCGODAY-UHFFFAOYSA-N,1.0,True,True
12770,WGICZCRFPQQDKV-UHFFFAOYSA-N,1.0,True,True
12769,GGXLIMCPELEAFM-UHFFFAOYSA-N,1.0,True,True
12768,GGXLIMCPELEAFM-AWEZNQCLSA-N,1.0,True,True
12767,DBWDPKVJXCYXQJ-LLVKDONJSA-N,1.0,True,True
12766,WDFFSQVXFQZZSC-UHFFFAOYSA-N,1.0,True,True
12765,JDBIVLNHWXITAU-UHFFFAOYSA-N,1.0,True,True
12796,PBBPWLBRKUVUMA-AWEZNQCLSA-N,1.0,True,True
12795,OPXXXVBEINHNGZ-LYKKTTPLSA-N,1.0,True,True
12794,SNZGPBKJFPAADJ-FYJFLYSWSA-N,1.0,True,True
12793,GFVHAOKJJRLPQG-AGHHQNLUSA-N,1.0,True,True
12792,ADDRNYOLYOTPPG-JGIVAVPZSA-N,1.0,True,True
12759,XRHYYNZSXCGMII-UHFFFAOYSA-N,1.0,True,True
12758,CGSCEEZNVJUZRX-UHFFFAOYSA-N,1.0,True,True
12757,JAQOBCWVJGPTDK-UHFFFAOYSA-N,1.0,True,True
12756,SQQRIFSRXYDKHG-UHFFFAOYSA-N,1.0,True,True
12755,CGSCEEZNVJUZRX-LBPRGKRZSA-N,1.0,True,True
12754,CGSCEEZNVJUZRX-GFCCVEGCSA-N,1.0,True,True
12753,CJNSVXKGWUSKMW-PXTSUWAFSA-N,1.0,True,True
12752,CDTCQXDYTCQAMR-UHFFFAOYSA-N,1.0,True,True
12751,UJKNLLOKVATYRY-UHFFFAOYSA-N,1.0,True,True
12750,AYJBPJPPVPJYLZ-UHFFFAOYSA-N,1.0,True,True
12749,DUFYMGVAKFTYRD-YIALFULDSA-N,1.0,True,True
12780,IBQDRIVHIVOWLT-XOYHDLBRSA-N,1.0,True,True
12779,PXGICCKGFHYANV-QBWDAUBPSA-N,1.0,True,True
12778,VRDMPAKMBXHFFP-UHFFFAOYSA-N,1.0,True,True
12777,GPUMWLPFYNLMPZ-UHFFFAOYSA-N,1.0,True,True
12776,YPEZKJCMCVIAQO-UHFFFAOYSA-N,1.0,True,True
12743,UOQKGQHZHCLMPK-VQFGERMISA-N,1.0,True,True
12742,UOMMMMMJEWOOFZ-JZLODUJNSA-N,1.0,True,True
12741,MTVSWRCIOHNNQP-JEJOPICUSA-N,1.0,True,True
12740,TZHHPOAMINHVKZ-DNXKIMQPSA-N,1.0,True,True
12739,CJNSVXKGWUSKMW-VMPITWQZSA-N,1.0,True,True
12738,ZXEATLALTKRQCK-RMKNXTFCSA-N,1.0,True,True
12737,UOMMMMMJEWOOFZ-VMPITWQZSA-N,1.0,True,True
12736,UOQKGQHZHCLMPK-JXMROGBWSA-N,1.0,True,True
12735,BGTGCAQTYMGPDR-QPJJXVBHSA-N,1.0,True,True
12734,LMLPXTWKKVOZDY-XVNBXDOJSA-N,1.0,True,True
12733,MTVSWRCIOHNNQP-JXMROGBWSA-N,1.0,True,True
12764,SFZLTHQXJDVWNS-UHFFFAOYSA-N,1.0,True,True
12763,KBSAPXILKARMEB-ZHACJKMWSA-N,1.0,True,True
12762,GIYFUTUIGJUQPG-UHFFFAOYSA-N,1.0,True,True
12761,PLAZPKVLWFMBNS-UHFFFAOYSA-N,1.0,True,True
12760,UJVIOINKYKNATR-UHFFFAOYSA-N,1.0,True,True
12727,PIKCVFDNBHBNQA-XBXARRHUSA-N,1.0,True,True
12726,BQHNYHWZMPXGHL-UHFFFAOYSA-N,1.0,True,True
12725,PBBPWLBRKUVUMA-AWEZNQCLSA-N,1.0,True,True
12724,OPXXXVBEINHNGZ-LYKKTTPLSA-N,1.0,True,True
12723,SNZGPBKJFPAADJ-FYJFLYSWSA-N,1.0,True,True
12722,GFVHAOKJJRLPQG-AGHHQNLUSA-N,1.0,True,True
12721,ADDRNYOLYOTPPG-JGIVAVPZSA-N,1.0,True,True
12720,ZBYHJTWQLPDJLX-WJXNCILBSA-N,1.0,True,True
12719,IBQDRIVHIVOWLT-FBGVAPFISA-N,1.0,True,True
12718,GGALTCPWYIYYJT-JYTYRXJUSA-N,1.0,True,True
12717,OJGQRWGTQDROOQ-DHZHZOJOSA-N,1.0,True,True
12748,KUBSXLVTGOWAJT-NPQIQWPPSA-N,1.0,True,True
12747,ZHLIZRWHYDVQII-GIZXNFQBSA-N,1.0,True,True
12746,WNVJQALXMHHMHM-LBPRGKRZSA-N,1.0,True,True
12745,NVHZLDGLTYWXOF-XFYVYHTKSA-N,1.0,True,True
12744,SDZVVIVJYHFHMQ-HVWQJLJVSA-N,1.0,True,True
12711,WRPLUODGAMLBLY-CZXUKVBWSA-N,1.0,True,True
12710,MXXXELLOJKTWAV-NZCSQWEKSA-N,1.0,True,True
12709,IBQDRIVHIVOWLT-XOYHDLBRSA-N,1.0,True,True
12708,PXGICCKGFHYANV-QBWDAUBPSA-N,1.0,True,True
12707,VRDMPAKMBXHFFP-UHFFFAOYSA-N,1.0,True,True
12706,GPUMWLPFYNLMPZ-UHFFFAOYSA-N,1.0,True,True
12705,GQCSKDVWCDDBJY-UHFFFAOYSA-N,1.0,True,True
12704,JGBOZRYUXMBTIX-UHFFFAOYSA-N,1.0,True,True
12703,YPEZKJCMCVIAQO-UHFFFAOYSA-N,1.0,True,True
12702,LTIWSAJRYIQCSR-UHFFFAOYSA-N,1.0,True,True
12701,BWOYEUKQQDUOCU-UHFFFAOYSA-N,1.0,True,True
12732,ZXEATLALTKRQCK-YOCVDRLZSA-N,1.0,True,True
12731,XYNWBOOFVYSIMM-FYJFLYSWSA-N,1.0,True,True
12730,OIIJRPQJJOLCEC-GBXSZLQWSA-N,1.0,True,True
12729,XNFINHNLMSYRIS-VMPITWQZSA-N,1.0,True,True
12728,NVHZLDGLTYWXOF-BJMVGYQFSA-N,1.0,True,True
12695,DTSHGMVXTZCQKA-UHFFFAOYSA-N,1.0,True,True
12694,YOZLGIXAUSYQCT-UHFFFAOYSA-N,1.0,True,True
12693,VKCCTUKLCGODAY-UHFFFAOYSA-N,1.0,True,True
12692,WGICZCRFPQQDKV-UHFFFAOYSA-N,1.0,True,True
12691,GGXLIMCPELEAFM-CQSZACIVSA-N,1.0,True,True
12690,GGXLIMCPELEAFM-UHFFFAOYSA-N,1.0,True,True
12689,GGXLIMCPELEAFM-AWEZNQCLSA-N,1.0,True,True
12688,DBWDPKVJXCYXQJ-NSHDSACASA-N,1.0,True,True
12687,DBWDPKVJXCYXQJ-LLVKDONJSA-N,1.0,True,True
12686,WDFFSQVXFQZZSC-UHFFFAOYSA-N,1.0,True,True
12685,JDBIVLNHWXITAU-UHFFFAOYSA-N,1.0,True,True
12716,PSBIIEOTFKVCIS-NAASZUNDSA-N,1.0,True,True
12715,WAYBBJAGGZDIKQ-KYSPIZMNSA-N,1.0,True,True
12714,FKGBPVPIFVPBAS-NAASZUNDSA-N,1.0,True,True
12713,HSRPGVJRGUMMFF-JGIVAVPZSA-N,1.0,True,True
12712,KHWJUOVJRQHRGJ-XADIBXCSSA-N,1.0,True,True
12679,GIYFUTUIGJUQPG-UHFFFAOYSA-N,1.0,True,True
12678,SVNUYLKGEGPNLQ-UHFFFAOYSA-N,1.0,True,True
12677,PLAZPKVLWFMBNS-UHFFFAOYSA-N,1.0,True,True
12676,YQDOJLJQVQLVAK-UHFFFAOYSA-N,1.0,True,True
12675,JUKJLPWZWVSVCT-UHFFFAOYSA-N,1.0,True,True
12674,UJVIOINKYKNATR-UHFFFAOYSA-N,1.0,True,True
12673,XRHYYNZSXCGMII-UHFFFAOYSA-N,1.0,True,True
12672,CGSCEEZNVJUZRX-UHFFFAOYSA-N,1.0,True,True
12671,JAQOBCWVJGPTDK-UHFFFAOYSA-N,1.0,True,True
12670,SQQRIFSRXYDKHG-UHFFFAOYSA-N,1.0,True,True
12669,CGSCEEZNVJUZRX-LBPRGKRZSA-N,1.0,True,True
12700,CLVXOOXMNOCPQE-UHFFFAOYSA-N,1.0,True,True
12699,BWOYEUKQQDUOCU-FQEVSTJZSA-N,1.0,True,True
12698,BWOYEUKQQDUOCU-HXUWFJFHSA-N,1.0,True,True
12697,UIRJDCGHEOUSJG-UHFFFAOYSA-N,1.0,True,True
12696,ASCDIBFLGGEVMX-UHFFFAOYSA-N,1.0,True,True
12663,UJKNLLOKVATYRY-UHFFFAOYSA-N,1.0,True,True
12662,UDJXNTMBGVGOHB-UHFFFAOYSA-N,1.0,True,True
12661,VKSZOBXURNXAMZ-UHFFFAOYSA-N,1.0,True,True
12660,AYJBPJPPVPJYLZ-UHFFFAOYSA-N,1.0,True,True
12658,KUBSXLVTGOWAJT-NPQIQWPPSA-N,1.0,True,True
12653,ZWZWBLBSZWXATK-AHLMZQRZSA-N,1.0,True,True
12684,SFZLTHQXJDVWNS-UHFFFAOYSA-N,1.0,True,True
12683,DRGQIBKLSFUOIG-UHFFFAOYSA-N,1.0,True,True
12682,HSGOOGSQOXNAFW-UHFFFAOYSA-N,1.0,True,True
12681,OJYQUJMBZXNCIR-UHFFFAOYSA-N,1.0,True,True
12680,KBSAPXILKARMEB-ZHACJKMWSA-N,1.0,True,True
12639,OIIJRPQJJOLCEC-GBXSZLQWSA-N,1.0,True,True
12668,CGSCEEZNVJUZRX-GFCCVEGCSA-N,1.0,True,True
12667,CJNSVXKGWUSKMW-PXTSUWAFSA-N,1.0,True,True
12666,CDTCQXDYTCQAMR-UHFFFAOYSA-N,1.0,True,True
12664,YQTYKALETGRCGD-VMPITWQZSA-N,1.0,True,True
12614,GQCSKDVWCDDBJY-UHFFFAOYSA-N,1.0,True,True
12613,JGBOZRYUXMBTIX-UHFFFAOYSA-N,1.0,True,True
12610,BWOYEUKQQDUOCU-UHFFFAOYSA-N,1.0,True,True
12609,CLVXOOXMNOCPQE-UHFFFAOYSA-N,1.0,True,True
12608,BWOYEUKQQDUOCU-FQEVSTJZSA-N,1.0,True,True
12605,ASCDIBFLGGEVMX-UHFFFAOYSA-N,1.0,True,True
12597,DBWDPKVJXCYXQJ-NSHDSACASA-N,1.0,True,True
12592,DRGQIBKLSFUOIG-UHFFFAOYSA-N,1.0,True,True
12591,HSGOOGSQOXNAFW-UHFFFAOYSA-N,1.0,True,True
12590,OJYQUJMBZXNCIR-UHFFFAOYSA-N,1.0,True,True
12573,YQTYKALETGRCGD-VMPITWQZSA-N,1.0,True,True
12604,DTSHGMVXTZCQKA-UHFFFAOYSA-N,1.0,True,True
12600,GGXLIMCPELEAFM-CQSZACIVSA-N,1.0,True,True
12562,ZWZWBLBSZWXATK-AHLMZQRZSA-N,1.0,True,True
12587,SVNUYLKGEGPNLQ-UHFFFAOYSA-N,1.0,True,True
12585,YQDOJLJQVQLVAK-UHFFFAOYSA-N,1.0,True,True
12584,JUKJLPWZWVSVCT-UHFFFAOYSA-N,1.0,True,True
12571,UDJXNTMBGVGOHB-UHFFFAOYSA-N,1.0,True,True
12570,VKSZOBXURNXAMZ-UHFFFAOYSA-N,1.0,True,True
12384,YIIBORCYLCLGET-UHFFFAOYSA-N,0.7468354430379747,False,False
12383,GGOFWSAKUNVWOQ-UHFFFAOYSA-N,0.8484848484848485,False,False
12381,KDRVYQKSRUAOSR-UHFFFAOYSA-N,1.0,True,True
12379,KLNPXVXPNXPFGI-UHFFFAOYSA-N,0.9850746268656716,True,True
12377,YEFJGIDNWOINCW-UHFFFAOYSA-N,1.0,True,True
12375,YVKPUNSBRBTNGW-UHFFFAOYSA-N,1.0,True,True
12391,SMINYWQGVQLRLO-UHFFFAOYSA-N,0.7763157894736842,False,False
12368,LIGUWZIOMSAQDG-UHFFFAOYSA-N,1.0,True,True
12367,WALAQAQXWPAROZ-UHFFFAOYSA-N,0.9850746268656716,True,True
12365,YVJHNFNJNSZQNV-UHFFFAOYSA-N,0.984375,True,True
12363,ZLTIXAIJPFSJLM-UHFFFAOYSA-N,0.7605633802816901,False,False
12361,QCQYCSFTQBTAGA-UHFFFAOYSA-N,0.7123287671232876,False,False
12359,SFEDZLDUEXKKHE-UHFFFAOYSA-N,1.0,True,True
12389,ZBXSOEVRFZGEAG-UHFFFAOYSA-N,1.0,True,True
12387,UXQJSJRDLWINJT-UHFFFAOYSA-N,0.7384615384615385,False,False
12352,RKROHFOPAOBOOC-UHFFFAOYSA-N,0.6666666666666666,False,False
12351,RLECUWNWWVDRIA-UHFFFAOYSA-N,0.7866666666666666,False,False
12349,ZHLSTGYFPJVVFP-UHFFFAOYSA-N,0.9117647058823529,False,True
12347,IRCMUBVGAXOBGL-UHFFFAOYSA-N,0.8484848484848485,False,False
12345,PHTSIUCIFIKUJC-UHFFFAOYSA-N,0.7714285714285715,False,False
12343,HYBGNONHBFSJRT-UHFFFAOYSA-N,0.7866666666666666,False,False
12373,JTHRRTBRIRXJJP-UHFFFAOYSA-N,0.9841269841269841,True,True
12371,YINQWPBUTXLGOD-UHFFFAOYSA-N,1.0,True,True
12336,RLHQMJYAEWWYJG-UHFFFAOYSA-N,1.0,True,True
12335,GUVOZZRPLCFGGY-XLIQUIFISA-N,1.0,True,True
12333,OLRQLSJBZOGNEB-UHFFFAOYSA-N,0.8266666666666667,False,False
12331,SEAPDMFXYWGQCZ-UHFFFAOYSA-N,0.8266666666666667,False,False
12329,HWQYJDCZGNQBCU-UHFFFAOYSA-N,0.8529411764705882,False,True
12327,YUGVWOMQIGXCPH-UHFFFAOYSA-N,0.7575757575757576,False,False
12357,LXDFWZBTVDKQGK-UHFFFAOYSA-N,1.0,True,True
12355,AFGXZDCBACJZIF-UHFFFAOYSA-N,1.0,True,True
12324,PWLHTQLSYWAPMZ-UHFFFAOYSA-N,1.0,True,True
12323,IPEJHFSMGXDMIA-UHFFFAOYSA-N,0.7733333333333333,False,False
12321,YJWDUFGYXFIAFE-UHFFFAOYSA-N,1.0,True,True
12319,QIVBYMZVLRKNGX-UHFFFAOYSA-N,1.0,True,True
12317,BQVFLLJKKFVPGU-UHFFFAOYSA-N,0.9682539682539683,True,True
12315,VRGSIZJFEYOJKC-UHFFFAOYSA-N,1.0,True,True
12341,ZHMUZKOMMKHRFN-UHFFFAOYSA-N,0.7297297297297297,False,False
12339,JBHPGVNSJBXKMJ-UHFFFAOYSA-N,1.0,True,True
12210,YOOFDONTIQSZJU-UHFFFAOYSA-N,0.8857142857142857,False,True
12209,FLNQLLLFJGKYEL-UHFFFAOYSA-N,0.90625,False,True
12208,CRNYJYJEWIBFIC-UHFFFAOYSA-N,0.8767123287671232,False,True
12207,HYABKIDAVBZOHQ-UHFFFAOYSA-N,0.8767123287671232,False,True
12206,FTTJPNSZOFOZEK-UHFFFAOYSA-N,0.8857142857142857,False,True
12205,UAVISAVLNJFSIG-UHFFFAOYSA-N,0.9344262295081968,False,True
12204,RJUGFQATUXQXSB-OOJLDXBWSA-N,1.0,True,True
12203,KLLAQCKOLPBHIR-UHFFFAOYSA-N,1.0,True,True
12202,MBJYVPHDPODQIH-UHFFFAOYSA-N,1.0,True,True
12201,CJPOCWXKYPARLC-UHFFFAOYSA-N,1.0,True,True
12200,LUJIEROYLWZKTP-UHFFFAOYSA-N,1.0,True,True
12199,AOKLKMXIDQFSLL-UHFFFAOYSA-N,1.0,True,True
12198,ULLUFJRJPFHEGA-UHFFFAOYSA-N,1.0,True,True
12215,NQTQXQUKCAYGMI-UHFFFAOYSA-N,0.8513513513513513,False,True
12214,IMHNTSWSTIIKLJ-UHFFFAOYSA-N,0.8513513513513513,False,True
12194,RBAWCNPLPHOYPY-UHFFFAOYSA-N,1.0,True,True
12193,KKBOJJOUKKYIHI-UHFFFAOYSA-N,1.0,True,True
12192,BALFIVJGKGMJQQ-UHFFFAOYSA-N,1.0,True,True
12191,DZUOGDDRDJPZTN-UHFFFAOYSA-N,1.0,True,True
12190,MXKTXUKDEWLXCM-UHFFFAOYSA-N,1.0,True,True
12189,ODVAXSKXWNUJIE-UHFFFAOYSA-N,1.0,True,True
12188,QOSSQIUGKFDXTP-UHFFFAOYSA-N,1.0,True,True
12187,FZRMBYSLRWFNHW-UHFFFAOYSA-N,1.0,True,True
12186,JGTHKVYFAJYBJB-UHFFFAOYSA-N,1.0,True,True
12185,FZQVGSFAXPGDPY-UHFFFAOYSA-N,1.0,True,True
12184,ABKNXDGYOJUQCK-UHFFFAOYSA-N,1.0,True,True
12183,DTOCQZQOBZWWMU-UHFFFAOYSA-N,1.0,True,True
12182,NCWUBBRYMFYRPW-UHFFFAOYSA-N,1.0,True,True
12213,AMCKRIRQIBKIDA-UHFFFAOYSA-N,0.8823529411764706,False,True
12212,YHAOJUVJIQSFRU-UHFFFAOYSA-N,1.0,True,True
12211,YHAOJUVJIQSFRU-UHFFFAOYSA-N,1.0,True,True
12178,FCKPSUYEZVTUOK-UHFFFAOYSA-N,1.0,True,True
12177,GFWZAFWMYUXYOL-UHFFFAOYSA-N,1.0,True,True
12176,KOSCFOJHPFMJAP-UHFFFAOYSA-N,1.0,True,True
12175,JWDBNHPXWAZOAO-UHFFFAOYSA-N,1.0,True,True
12174,DPCUXDNHEMYTOX-UHFFFAOYSA-N,1.0,True,True
12173,URMJJKDXLWZYSQ-UHFFFAOYSA-N,1.0,True,True
12172,JSYRCVGVSCOBPH-UHFFFAOYSA-N,1.0,True,True
12171,TWGOBIOTFWTHTH-UHFFFAOYSA-N,1.0,True,True
12170,IZDDIZJAKIUMCW-UHFFFAOYSA-N,1.0,True,True
12169,DMTNLYHIMRKHRE-UHFFFAOYSA-N,1.0,True,True
12168,PAVFNWGTDXIUHV-UHFFFAOYSA-N,1.0,True,True
12167,XHHBJSVOGFLJIL-UHFFFAOYSA-N,1.0,True,True
12166,IXPSPRDJBOEBSY-UHFFFAOYSA-N,1.0,True,True
12197,KDNWEQBYQFPISU-UHFFFAOYSA-N,1.0,True,True
12196,XOJODOCRJGRDAC-UHFFFAOYSA-N,1.0,True,True
12195,FXRUTIHTTXLFRK-UHFFFAOYSA-N,1.0,True,True
12162,GMAJHEXHSNBPFS-UHFFFAOYSA-N,1.0,True,True
12161,DOVJSNBYHCTPTO-UHFFFAOYSA-N,1.0,True,True
12160,SGMSDUVPPHGFLT-UHFFFAOYSA-N,1.0,True,True
12159,KHLXADJUOYLDOD-UHFFFAOYSA-N,1.0,True,True
12158,CDDBBSQIMVYSAK-UHFFFAOYSA-N,1.0,True,True
12157,LIPRDHKIYMNBNO-UHFFFAOYSA-N,1.0,True,True
12156,VUYLIOVEZKIZOV-UHFFFAOYSA-N,1.0,True,True
12155,XDXRIDUYGUTMBG-UHFFFAOYSA-N,1.0,True,True
12154,DGZKDJFUEQSRLL-UHFFFAOYSA-N,1.0,True,True
12153,MKALCODESUTFED-UHFFFAOYSA-N,1.0,True,True
12152,FWPMTNINXWCSHR-UHFFFAOYSA-N,1.0,True,True
12151,UHZFEFIMOTUMFD-UHFFFAOYSA-N,1.0,True,True
12150,BZNHBORWVRFLBK-UHFFFAOYSA-N,1.0,True,True
12181,QLHTUKDNSLGIBA-UHFFFAOYSA-N,1.0,True,True
12180,GOEALBLRCXGNRT-UHFFFAOYSA-N,1.0,True,True
12179,FSIUQISNPQDFOI-UHFFFAOYSA-N,1.0,True,True
12146,NLZDCOXIRKSMLI-UHFFFAOYSA-N,1.0,True,True
12145,QZELYYTUBCOLMU-UHFFFAOYSA-N,1.0,True,True
12143,HIUIQLZWQFSNJU-UHFFFAOYSA-N,1.0,True,True
12142,YWEPIHYNBGHYGJ-UHFFFAOYSA-N,0.8823529411764706,False,True
12139,ZGFHPHUKNIQMOJ-UHFFFAOYSA-N,0.8450704225352113,False,False
12138,RJUGFQATUXQXSB-OOJLDXBWSA-N,1.0,True,True
12137,KLLAQCKOLPBHIR-UHFFFAOYSA-N,1.0,True,True
12136,MBJYVPHDPODQIH-UHFFFAOYSA-N,1.0,True,True
12135,CJPOCWXKYPARLC-UHFFFAOYSA-N,1.0,True,True
12134,LUJIEROYLWZKTP-UHFFFAOYSA-N,1.0,True,True
12165,HYPGXPYXGMWSLA-QMRFKDRMSA-N,1.0,True,True
12164,YCGUEWFZTLXJMP-UHFFFAOYSA-N,1.0,True,True
12163,JREHQUPGEKRHOL-UHFFFAOYSA-N,1.0,True,True
12130,XOJODOCRJGRDAC-UHFFFAOYSA-N,1.0,True,True
12129,FXRUTIHTTXLFRK-UHFFFAOYSA-N,1.0,True,True
12128,RBAWCNPLPHOYPY-UHFFFAOYSA-N,1.0,True,True
12127,KKBOJJOUKKYIHI-UHFFFAOYSA-N,1.0,True,True
12126,BALFIVJGKGMJQQ-UHFFFAOYSA-N,1.0,True,True
12125,DZUOGDDRDJPZTN-UHFFFAOYSA-N,1.0,True,True
12124,MXKTXUKDEWLXCM-UHFFFAOYSA-N,1.0,True,True
12123,ODVAXSKXWNUJIE-UHFFFAOYSA-N,1.0,True,True
12122,QOSSQIUGKFDXTP-UHFFFAOYSA-N,1.0,True,True
12121,FZRMBYSLRWFNHW-UHFFFAOYSA-N,1.0,True,True
12120,JGTHKVYFAJYBJB-UHFFFAOYSA-N,1.0,True,True
12119,FZQVGSFAXPGDPY-UHFFFAOYSA-N,1.0,True,True
12118,ABKNXDGYOJUQCK-UHFFFAOYSA-N,1.0,True,True
12149,SJZDDYYCNBHQQZ-UHFFFAOYSA-N,1.0,True,True
12148,CAYYBHUMYFSJGX-UHFFFAOYSA-N,1.0,True,True
12147,ZGXWQMSLKHWYCF-UHFFFAOYSA-N,1.0,True,True
12114,GOEALBLRCXGNRT-UHFFFAOYSA-N,1.0,True,True
12113,FSIUQISNPQDFOI-UHFFFAOYSA-N,1.0,True,True
12112,FCKPSUYEZVTUOK-UHFFFAOYSA-N,1.0,True,True
12111,GFWZAFWMYUXYOL-UHFFFAOYSA-N,1.0,True,True
12110,KOSCFOJHPFMJAP-UHFFFAOYSA-N,1.0,True,True
12109,JWDBNHPXWAZOAO-UHFFFAOYSA-N,1.0,True,True
12108,DPCUXDNHEMYTOX-UHFFFAOYSA-N,1.0,True,True
12107,URMJJKDXLWZYSQ-UHFFFAOYSA-N,1.0,True,True
12106,JSYRCVGVSCOBPH-UHFFFAOYSA-N,1.0,True,True
12105,TWGOBIOTFWTHTH-UHFFFAOYSA-N,1.0,True,True
12104,IZDDIZJAKIUMCW-UHFFFAOYSA-N,1.0,True,True
12103,DMTNLYHIMRKHRE-UHFFFAOYSA-N,1.0,True,True
12102,PAVFNWGTDXIUHV-UHFFFAOYSA-N,1.0,True,True
12133,AOKLKMXIDQFSLL-UHFFFAOYSA-N,1.0,True,True
12132,ULLUFJRJPFHEGA-UHFFFAOYSA-N,1.0,True,True
12131,KDNWEQBYQFPISU-UHFFFAOYSA-N,1.0,True,True
12098,YCGUEWFZTLXJMP-UHFFFAOYSA-N,1.0,True,True
12097,JREHQUPGEKRHOL-UHFFFAOYSA-N,1.0,True,True
12096,GMAJHEXHSNBPFS-UHFFFAOYSA-N,1.0,True,True
12095,DOVJSNBYHCTPTO-UHFFFAOYSA-N,1.0,True,True
12094,SGMSDUVPPHGFLT-UHFFFAOYSA-N,1.0,True,True
12093,KHLXADJUOYLDOD-UHFFFAOYSA-N,1.0,True,True
12092,CDDBBSQIMVYSAK-UHFFFAOYSA-N,1.0,True,True
12091,LIPRDHKIYMNBNO-UHFFFAOYSA-N,1.0,True,True
12090,VUYLIOVEZKIZOV-UHFFFAOYSA-N,1.0,True,True
12089,XDXRIDUYGUTMBG-UHFFFAOYSA-N,1.0,True,True
12088,DGZKDJFUEQSRLL-UHFFFAOYSA-N,1.0,True,True
12087,MKALCODESUTFED-UHFFFAOYSA-N,1.0,True,True
12086,FWPMTNINXWCSHR-UHFFFAOYSA-N,1.0,True,True
12117,DTOCQZQOBZWWMU-UHFFFAOYSA-N,1.0,True,True
12116,NCWUBBRYMFYRPW-UHFFFAOYSA-N,1.0,True,True
12115,QLHTUKDNSLGIBA-UHFFFAOYSA-N,1.0,True,True
12082,CAYYBHUMYFSJGX-UHFFFAOYSA-N,1.0,True,True
12081,ZGXWQMSLKHWYCF-UHFFFAOYSA-N,1.0,True,True
12080,NLZDCOXIRKSMLI-UHFFFAOYSA-N,1.0,True,True
12079,QZELYYTUBCOLMU-UHFFFAOYSA-N,1.0,True,True
12077,HIUIQLZWQFSNJU-UHFFFAOYSA-N,1.0,True,True
12076,UBWKIYPBKMEABM-UHFFFAOYSA-N,0.7755102040816326,False,False
12075,VSFIHWNVJLSTRR-UHFFFAOYSA-N,0.6545454545454545,False,False
12074,DGQSQKOJAYKXHX-UHFFFAOYSA-N,0.6851851851851852,False,False
12073,CDCDOIRCPAZAAW-UHFFFAOYSA-N,0.9361702127659575,False,True
12072,HEAVAKPHWIKFSO-UHFFFAOYSA-N,0.9361702127659575,False,True
12071,CBJWQXOXXQIMNH-UHFFFAOYSA-N,0.8235294117647058,False,False
12070,LLLUBIGWGUHBTA-UHFFFAOYSA-N,0.8571428571428571,False,True
12101,XHHBJSVOGFLJIL-UHFFFAOYSA-N,1.0,True,True
12100,IXPSPRDJBOEBSY-UHFFFAOYSA-N,1.0,True,True
12099,HYPGXPYXGMWSLA-QMRFKDRMSA-N,1.0,True,True
12066,CIAPRFXWGXNXLJ-UHFFFAOYSA-N,0.8571428571428571,False,True
12065,PJCLTMXFZOVRJV-UHFFFAOYSA-N,0.8125,False,False
12064,SCLHXHKRKMMOOA-UHFFFAOYSA-N,0.8333333333333334,False,False
12063,XWUXRVNRHCOPJU-UHFFFAOYSA-N,0.8235294117647058,False,False
12062,HSIOANUJWNWGEI-UHFFFAOYSA-N,0.8,False,False
12061,PSZWDCGSWGOEJF-UHFFFAOYSA-N,0.5892857142857143,False,False
12060,WYPZEFBKXXFDIB-UHFFFAOYSA-N,0.6666666666666666,False,False
12059,XKGMIPSOALDYQE-UHFFFAOYSA-N,0.6730769230769231,False,False
12058,ORACURIPYSHPDG-UHFFFAOYSA-N,0.7346938775510204,False,False
12057,PDKXUTKYRGJLDH-UHFFFAOYSA-N,0.6545454545454545,False,False
12056,GYMYPDDLEXAFKJ-UHFFFAOYSA-N,0.6851851851851852,False,False
12055,UVHZRHYIRMDCML-UHFFFAOYSA-N,0.7547169811320755,False,False
12085,UHZFEFIMOTUMFD-UHFFFAOYSA-N,1.0,True,True
12084,BZNHBORWVRFLBK-UHFFFAOYSA-N,1.0,True,True
12083,SJZDDYYCNBHQQZ-UHFFFAOYSA-N,1.0,True,True
12050,ZPSZZQFSDRVMEF-UHFFFAOYSA-N,0.8604651162790697,False,True
12049,FNVXPVBTMVLSHX-UHFFFAOYSA-N,0.8222222222222222,False,False
12048,RNTOATNFFIKWGA-UHFFFAOYSA-N,0.6521739130434783,False,False
12047,XSNPOUGATCWINQ-UHFFFAOYSA-N,1.0,True,True
12046,DFFYPWURVRRZOP-UHFFFAOYSA-N,1.0,True,True
12045,UXQYDOSSQVLXKX-UHFFFAOYSA-N,0.7708333333333334,False,False
12042,WVBNSXGYWSEFMK-UHFFFAOYSA-N,0.975609756097561,True,True
12041,HIRSOYQETYMRIB-UHFFFAOYSA-N,0.9777777777777777,True,True
12040,FFCBTKLOJNBLJW-UHFFFAOYSA-N,0.9777777777777777,True,True
12039,WLTMGUMXHWEZIB-UHFFFAOYSA-N,0.6181818181818182,False,False
12038,XHFHHUMDPNSJON-UHFFFAOYSA-N,0.7755102040816326,False,False
12069,JUFMZKPJXUEPPK-UHFFFAOYSA-N,0.7346938775510204,False,False
12068,GFHGZAUOAPZQMF-UHFFFAOYSA-N,0.8333333333333334,False,False
12067,PEHGNPKMMZOUAH-UHFFFAOYSA-N,0.8571428571428571,False,True
12037,NIUWDDPLMGATNP-UHFFFAOYSA-N,0.76,False,False
12036,DQEQGKIVLIZOEV-UHFFFAOYSA-N,0.7755102040816326,False,False
12035,ANDFPANPKKRAQC-UHFFFAOYSA-N,0.775,False,False
12034,DFSWMAWSSDGCKV-UHFFFAOYSA-N,0.6888888888888889,False,False
12033,GVRLAAUZQPAWNE-UHFFFAOYSA-N,0.717948717948718,False,False
12032,XPVVSLDZGOXJFN-UHFFFAOYSA-N,0.8604651162790697,False,True
12031,COVZVOTVBMXTTP-UHFFFAOYSA-N,0.7708333333333334,False,False
12030,MFZBXVCIYBFIFV-UHFFFAOYSA-N,1.0,True,True
12028,OPFSODSDUWLVAR-UHFFFAOYSA-N,0.7142857142857143,False,False
12027,VHLZYRYYZIRGRK-UHFFFAOYSA-N,0.7346938775510204,False,False
12025,SIVGUZGBNBFKEN-UHFFFAOYSA-N,0.775,False,False
12053,JTFDCDKWQVNHSW-UHFFFAOYSA-N,1.0,True,True
12051,XITRXHDWIBPYRU-UHFFFAOYSA-N,0.7755102040816326,False,False
12016,NKUFKKXGJCKDKE-UHFFFAOYSA-N,1.0,True,True
12015,DOYRGTWIFVAGBR-UHFFFAOYSA-N,1.0,True,True
12014,AUAYKFLEVDFUHP-UHFFFAOYSA-N,1.0,True,True
12013,PCNAVGILLOCEAF-UHFFFAOYSA-N,1.0,True,True
12010,AUGWZRJIBNHXOD-UHFFFAOYSA-N,1.0,True,True
12009,AVOGMFMDSDEMAG-UHFFFAOYSA-N,1.0,True,True
12008,IOYAYLXHKYTMJQ-UHFFFAOYSA-N,1.0,True,True
12007,KGZDKTBVYXYXFU-UHFFFAOYSA-N,1.0,True,True
12006,XYKUJEBLVUTBTL-UHFFFAOYSA-N,1.0,True,True
12005,PCLILMQOFNCYST-UHFFFAOYSA-N,1.0,True,True
12004,XUFAVCSRLJBOJO-UHFFFAOYSA-N,1.0,True,True
12024,XKVYNTXPOGMGDJ-UHFFFAOYSA-N,0.6415094339622641,False,False
12023,CPWSZAHPJJVWRZ-UHFFFAOYSA-N,0.5769230769230769,False,False
12022,ZWKIEPJKRASLGI-UHFFFAOYSA-N,0.75,False,False
12000,KSOJYSUPEMVKQU-UHFFFAOYSA-N,1.0,True,True
11999,FWCGRYPUAQLQCA-UHFFFAOYSA-N,1.0,True,True
11998,MHWQHWMLGBRGID-UHFFFAOYSA-N,1.0,True,True
11997,UWMQWFJQYBQGJT-UHFFFAOYSA-N,1.0,True,True
11996,PBFUALFKTGWVNR-UHFFFAOYSA-N,1.0,True,True
11995,USRWDBZWIDSKRK-UHFFFAOYSA-N,1.0,True,True
11994,XTGVSYNJWFYXFH-UHFFFAOYSA-N,1.0,True,True
11993,OBQSOQLWVBEONZ-UHFFFAOYSA-N,1.0,True,True
11992,OMPHIOQVVKFUAQ-UHFFFAOYSA-N,1.0,True,True
11991,LPNCKBHYYDMBOJ-UHFFFAOYSA-N,1.0,True,True
11990,LYXWXGZDLOJTMW-UHFFFAOYSA-N,1.0,True,True
11989,CLLRFKBCSOOEST-UHFFFAOYSA-N,1.0,True,True
11988,AUAYKFLEVDFUHP-UHFFFAOYSA-N,1.0,True,True
12021,SNNRKBAIUMFTEL-UHFFFAOYSA-N,0.75,False,False
11984,MIWUXOFTMGMMED-UHFFFAOYSA-N,1.0,True,True
11983,ZNIJDIOPIATNJL-NRFANRHFSA-N,1.0,True,True
11982,SFEDBQFIDJJWFG-QFIPXVFZSA-N,1.0,True,True
11981,ZFLPBUPFRSYESP-IBGZPJMESA-N,1.0,True,True
11980,CYBOVCFMZNIPKO-SFHVURJKSA-N,1.0,True,True
11979,UUJRZUAMISZKBJ-UHFFFAOYSA-N,1.0,True,True
11978,KATPYQHKFSIAMI-UHFFFAOYSA-N,1.0,True,True
11977,OLIZBBDUUJLPCI-UHFFFAOYSA-N,1.0,True,True
11976,BZTJHNARMPGJEM-UHFFFAOYSA-N,1.0,True,True
11975,CNEROEDKHGTXGA-UHFFFAOYSA-N,1.0,True,True
11974,LXTLNWQSXBVXAW-UHFFFAOYSA-N,1.0,True,True
11973,JFSVJSCJUTWKJY-UHFFFAOYSA-N,1.0,True,True
11972,STVCRMDGAZOKIV-UHFFFAOYSA-N,1.0,True,True
12003,TWRRGMJCDXYSSK-UHFFFAOYSA-N,1.0,True,True
12002,MDJQWOLVAVAJDV-UHFFFAOYSA-N,1.0,True,True
12001,PORZJSOVQWKGHB-UHFFFAOYSA-N,1.0,True,True
11968,JLCUJFXZPWLYEU-UHFFFAOYSA-N,1.0,True,True
11967,LBEVKLFOSAJREW-NRFANRHFSA-N,1.0,True,True
11966,IRSIORIDIQTRQV-FQEVSTJZSA-N,1.0,True,True
11965,IPZZWROTSOVGCI-UHFFFAOYSA-N,1.0,True,True
11964,QAKDSLHRNDDJCF-UHFFFAOYSA-N,1.0,True,True
11963,OZQVXHQZJGHTDA-UHFFFAOYSA-N,1.0,True,True
11962,UPWRFQWDZMXDCP-UHFFFAOYSA-N,1.0,True,True
11961,ZXMYTGRBOKIQDJ-UHFFFAOYSA-N,1.0,True,True
11959,VXXPMOPQTRWLEA-UHFFFAOYSA-N,1.0,True,True
11958,MOHUUUQNYBASEN-UHFFFAOYSA-N,1.0,True,True
11957,VMQXBSHFUJRFGT-UHFFFAOYSA-N,1.0,True,True
11956,LIEGUVBGICGHDS-UHFFFAOYSA-N,1.0,True,True
11987,CSTMRNKBNQJBLK-ZDUSSCGKSA-N,1.0,True,True
11986,OXIQPEJKARJXIO-LBPRGKRZSA-N,1.0,True,True
11985,NDVUJIQNQALGPN-UHFFFAOYSA-N,1.0,True,True
11952,DMLICFSGOVFOCW-UHFFFAOYSA-N,1.0,True,True
11951,WIVZCQSBHGAJER-UHFFFAOYSA-N,1.0,True,True
11950,USDIJDCQONGYBI-QHCPKHFHSA-N,1.0,True,True
11949,WNQJCQRVYRSXSG-UHFFFAOYSA-N,1.0,True,True
11948,UYRZIVJCOJDCCJ-UHFFFAOYSA-N,1.0,True,True
11947,NJPZWICUHIOEBO-UHFFFAOYSA-N,1.0,True,True
11946,BHQGHYLEVNXORT-UHFFFAOYSA-N,1.0,True,True
11945,WLOFPIDCCZGIHG-UHFFFAOYSA-N,1.0,True,True
11944,DKIODSVDAXUZOK-UHFFFAOYSA-N,1.0,True,True
11943,MKWJITOYBZEYCU-UHFFFAOYSA-N,1.0,True,True
11942,VUFBSSCNWDKIJU-UHFFFAOYSA-N,1.0,True,True
11941,ACPJORMELFTAJR-UHFFFAOYSA-N,1.0,True,True
11940,PEQZZOJQWLYCTB-UHFFFAOYSA-N,1.0,True,True
11971,WORDBCLZOSLMON-UHFFFAOYSA-N,1.0,True,True
11970,UJLYDZNYMXELQG-UHFFFAOYSA-N,1.0,True,True
11969,ZPKBJEAFGJFZKP-UHFFFAOYSA-N,1.0,True,True
11936,JYOIADVAWPZSIY-UHFFFAOYSA-N,1.0,True,True
11935,IIEFNRGIRHAXDU-OAHLLOKOSA-N,1.0,True,True
11934,FRKIIVYZIGZBGV-CQSZACIVSA-N,1.0,True,True
11933,XYNNERLGROLKRM-UHFFFAOYSA-N,1.0,True,True
11932,UBNYTQKETBDFJB-UHFFFAOYSA-N,1.0,True,True
11931,VEBCTNKGDNUDKL-UHFFFAOYSA-N,1.0,True,True
11930,YEKRBQZDLXKNJC-UHFFFAOYSA-N,1.0,True,True
11929,FGFWHVGCHZJARN-LBPRGKRZSA-N,1.0,True,True
11928,OLQMSKYXLZNMKT-NSHDSACASA-N,1.0,True,True
11927,ZTRAJOJVRKSJQR-NSHDSACASA-N,1.0,True,True
11926,DQUFBXINDVMYBZ-JTQLQIEISA-N,1.0,True,True
11925,JEVSISFPCJTRRN-IBGZPJMESA-N,1.0,True,True
11924,OIJQXLXHUTTYEG-SFHVURJKSA-N,1.0,True,True
11955,SYRFYXRVLYACQX-QHCPKHFHSA-N,1.0,True,True
11954,KFECKRKCHOJSEK-UHFFFAOYSA-N,1.0,True,True
11953,CRFFZBZXJYZIGQ-UHFFFAOYSA-N,1.0,True,True
11920,FMEIOCZBPHXORC-UHFFFAOYSA-N,1.0,True,True
11918,NVIYYHYZOJGYHD-UHFFFAOYSA-N,1.0,True,True
11917,XFJBVHKVCRSFBB-UHFFFAOYSA-N,1.0,True,True
11916,JFSWUVSSWJFSDI-UHFFFAOYSA-N,1.0,True,True
11915,IOSSLLPLMMCWHZ-UHFFFAOYSA-N,1.0,True,True
11914,KLHLOOANRYQYFP-UHFFFAOYSA-N,1.0,True,True
11913,LLJLPRCRHKDEOB-UHFFFAOYSA-N,1.0,True,True
11912,MCEPRODGXNIDNU-UHFFFAOYSA-N,1.0,True,True
11911,HSCBLHSTXYUIJX-UHFFFAOYSA-N,1.0,True,True
11910,SOGVDAXBTRAEIS-UHFFFAOYSA-N,1.0,True,True
11909,RSYRKLRBSSXLGP-UHFFFAOYSA-N,1.0,True,True
11908,VRQONDUDJHEPMV-UHFFFAOYSA-N,1.0,True,True
11907,UUKOZCOAAIKHIS-UHFFFAOYSA-N,1.0,True,True
11939,WOYSBCDEVJKFSQ-UHFFFAOYSA-N,1.0,True,True
11938,XKGYBDDTYNONSL-UHFFFAOYSA-N,1.0,True,True
11937,IDWXMNWIRQFTRU-UHFFFAOYSA-N,1.0,True,True
11903,MVXDONAGIJYPHG-UHFFFAOYSA-N,1.0,True,True
11902,JOJNLPNOZOYTSV-UHFFFAOYSA-N,1.0,True,True
11901,DLCBYWGBOZRYDC-UHFFFAOYSA-N,1.0,True,True
11900,LIYCLEQPVZGAMS-UHFFFAOYSA-N,1.0,True,True
11899,VKOJSDBMZLZUSG-UHFFFAOYSA-N,1.0,True,True
11898,YQFLQNDKPKPBAE-UHFFFAOYSA-N,1.0,True,True
11897,DKVBLKNZHUPJAO-AWEZNQCLSA-N,1.0,True,True
11896,NUHBXJVOWLJJQV-AWEZNQCLSA-N,1.0,True,True
11895,JUBOOJKJAMZXSU-UHFFFAOYSA-N,1.0,True,True
11894,XDXGOUBKXSBSRG-UHFFFAOYSA-N,1.0,True,True
11893,BZDOEEBUUFKMAC-UHFFFAOYSA-N,1.0,True,True
11892,LZPKYOAXDBLLQP-UHFFFAOYSA-N,1.0,True,True
11891,KEEYPNPAWSQDNW-UHFFFAOYSA-N,1.0,True,True
11923,PCNAVGILLOCEAF-UHFFFAOYSA-N,1.0,True,True
11922,HEMKDCMMBGLJCX-UHFFFAOYSA-N,1.0,True,True
11921,GKMYDALVFFCHGG-UHFFFAOYSA-N,1.0,True,True
11887,LOFYXAVPTIRPJJ-UHFFFAOYSA-N,1.0,True,True
11886,FBDDDOPVSLSCCF-UHFFFAOYSA-N,1.0,True,True
11885,XYNKMAMNBCKISN-UHFFFAOYSA-N,1.0,True,True
11884,XRNRETJJNOPVBF-UHFFFAOYSA-N,1.0,True,True
11883,RUDUZOHLDBFKJY-UHFFFAOYSA-N,1.0,True,True
11882,QSQPPNJSXKPVBS-UHFFFAOYSA-N,1.0,True,True
11881,PYFDYHOCRSJHSF-UHFFFAOYSA-N,1.0,True,True
11880,UBOBSIJUJVUWLL-UHFFFAOYSA-N,1.0,True,True
11879,IIDYPXLZJHCCPC-UHFFFAOYSA-N,1.0,True,True
11878,GFYFORNYFUOJMV-ZBYYUNFXSA-N,1.0,True,True
11877,FOBAVESRUXUURG-ZBYYUNFXSA-N,1.0,True,True
11876,ZOCPDHJBQVLNSW-FICVDOATSA-N,1.0,True,True
11875,VCMMDJGBYMVQAR-FICVDOATSA-N,1.0,True,True
11906,ZFQGWEJOBBIOAW-UHFFFAOYSA-N,1.0,True,True
11905,JGSWCBFKZGYIBC-UHFFFAOYSA-N,1.0,True,True
11904,ZGPNSZKDRIJFRH-UHFFFAOYSA-N,1.0,True,True
11871,RBURUQYZLDZAQR-KRWDZBQOSA-N,1.0,True,True
11870,WPWCQWYXKPHCPZ-AVRDEDQJSA-N,1.0,True,True
11869,RNNLNRUXYCEOMY-AVRDEDQJSA-N,1.0,True,True
11868,LDOKKZHNJJCPAN-UHFFFAOYSA-N,1.0,True,True
11867,DOYRGTWIFVAGBR-UHFFFAOYSA-N,1.0,True,True
11866,ZNYRKPMLKMQVOY-UHFFFAOYSA-N,1.0,True,True
11865,VHBZSQVKJMVDNV-UHFFFAOYSA-N,1.0,True,True
11864,UXDLRXGLCHJANO-UHFFFAOYSA-N,1.0,True,True
11863,NHZIMNXINKWXOJ-UHFFFAOYSA-N,1.0,True,True
11862,VLCYLFJRBFQGKO-UHFFFAOYSA-N,1.0,True,True
11861,ZGJAMOIFPVKWRB-UHFFFAOYSA-N,1.0,True,True
11860,ZGFXAYWSTARZRV-UHFFFAOYSA-N,1.0,True,True
11859,AMQMKWOFWHTDHM-UHFFFAOYSA-N,1.0,True,True
11890,VQIUUYHORCJNCM-UHFFFAOYSA-N,1.0,True,True
11889,NKUFKKXGJCKDKE-UHFFFAOYSA-N,1.0,True,True
11888,SBLROTVUSYGIDH-UHFFFAOYSA-N,1.0,True,True
11855,PXWGBZMCHYNUAP-UHFFFAOYSA-N,1.0,True,True
11854,NVHCJHYIZFSQMN-NHAGDIPZSA-N,1.0,True,True
11853,PYDWABQDYCSDKZ-IMRBUKKESA-N,1.0,True,True
11852,SVVVPOMNPGELIP-MXVIHJGJSA-N,1.0,True,True
11851,UGNUYVMIXCNYCU-MXVIHJGJSA-N,1.0,True,True
11850,VEXYQQQHRSQQJY-QAQDUYKDSA-N,1.0,True,True
11849,BEBBBXPVSFKNNH-QAQDUYKDSA-N,1.0,True,True
11848,HCWXARJLTOFQPG-HDJSIYSDSA-N,1.0,True,True
11847,JLCRKKUPNOUIOY-JOCQHMNTSA-N,1.0,True,True
11846,JXBHXRHDYHISIA-TZIWHRDSSA-N,1.0,True,True
11845,CUEBJZNVEQYJLW-RTBURBONSA-N,1.0,True,True
11844,WDCORPPIBWSNKW-UZKDLZAESA-N,1.0,True,True
11843,WGZKYSXPNIACLF-XLXQAPSUSA-N,1.0,True,True
11874,UELUJVXPAHAKGH-CYBMUJFWSA-N,1.0,True,True
11873,RXBXKWGOMIGTQC-CYBMUJFWSA-N,1.0,True,True
11872,LSYHRAQXXZKXRP-KRWDZBQOSA-N,1.0,True,True
11839,ZPIARNQWYCFHMS-HAQNSBGRSA-N,1.0,True,True
11838,HHBGTWYAXPLBMZ-UHFFFAOYSA-N,1.0,True,True
11837,AUGWZRJIBNHXOD-UHFFFAOYSA-N,1.0,True,True
11836,AVOGMFMDSDEMAG-UHFFFAOYSA-N,1.0,True,True
11835,IOYAYLXHKYTMJQ-UHFFFAOYSA-N,1.0,True,True
11834,KGZDKTBVYXYXFU-UHFFFAOYSA-N,1.0,True,True
11833,XYKUJEBLVUTBTL-UHFFFAOYSA-N,1.0,True,True
11832,PCLILMQOFNCYST-UHFFFAOYSA-N,1.0,True,True
11831,XUFAVCSRLJBOJO-UHFFFAOYSA-N,1.0,True,True
11830,TWRRGMJCDXYSSK-UHFFFAOYSA-N,1.0,True,True
11829,MDJQWOLVAVAJDV-UHFFFAOYSA-N,1.0,True,True
11828,PORZJSOVQWKGHB-UHFFFAOYSA-N,1.0,True,True
11827,KSOJYSUPEMVKQU-UHFFFAOYSA-N,1.0,True,True
11858,YJUAKYKKWTUTLO-UHFFFAOYSA-N,1.0,True,True
11857,RXFLBBMCGWUEFU-UHFFFAOYSA-N,1.0,True,True
11856,HSUVAYWFXOXIEF-UHFFFAOYSA-N,1.0,True,True
11823,PBFUALFKTGWVNR-UHFFFAOYSA-N,1.0,True,True
11822,USRWDBZWIDSKRK-UHFFFAOYSA-N,1.0,True,True
11821,XTGVSYNJWFYXFH-UHFFFAOYSA-N,1.0,True,True
11820,OBQSOQLWVBEONZ-UHFFFAOYSA-N,1.0,True,True
11819,OMPHIOQVVKFUAQ-UHFFFAOYSA-N,1.0,True,True
11818,LPNCKBHYYDMBOJ-UHFFFAOYSA-N,1.0,True,True
11817,LYXWXGZDLOJTMW-UHFFFAOYSA-N,1.0,True,True
11816,CLLRFKBCSOOEST-UHFFFAOYSA-N,1.0,True,True
11814,CSTMRNKBNQJBLK-ZDUSSCGKSA-N,1.0,True,True
11813,OXIQPEJKARJXIO-LBPRGKRZSA-N,1.0,True,True
11812,NDVUJIQNQALGPN-UHFFFAOYSA-N,1.0,True,True
11811,MIWUXOFTMGMMED-UHFFFAOYSA-N,1.0,True,True
11842,HSTCCMFTSWOQDE-TZMCWYRMSA-N,1.0,True,True
11841,GDTQJVJKOUKQIL-CHWSQXEVSA-N,1.0,True,True
11840,HHBGTWYAXPLBMZ-JOCQHMNTSA-N,1.0,True,True
11807,CYBOVCFMZNIPKO-SFHVURJKSA-N,1.0,True,True
11806,UUJRZUAMISZKBJ-UHFFFAOYSA-N,1.0,True,True
11805,KATPYQHKFSIAMI-UHFFFAOYSA-N,1.0,True,True
11804,OLIZBBDUUJLPCI-UHFFFAOYSA-N,1.0,True,True
11803,BZTJHNARMPGJEM-UHFFFAOYSA-N,1.0,True,True
11802,CNEROEDKHGTXGA-UHFFFAOYSA-N,1.0,True,True
11801,LXTLNWQSXBVXAW-UHFFFAOYSA-N,1.0,True,True
11800,JFSVJSCJUTWKJY-UHFFFAOYSA-N,1.0,True,True
11799,STVCRMDGAZOKIV-UHFFFAOYSA-N,1.0,True,True
11798,WORDBCLZOSLMON-UHFFFAOYSA-N,1.0,True,True
11797,UJLYDZNYMXELQG-UHFFFAOYSA-N,1.0,True,True
11796,ZPKBJEAFGJFZKP-UHFFFAOYSA-N,1.0,True,True
11795,JLCUJFXZPWLYEU-UHFFFAOYSA-N,1.0,True,True
11826,FWCGRYPUAQLQCA-UHFFFAOYSA-N,1.0,True,True
11825,MHWQHWMLGBRGID-UHFFFAOYSA-N,1.0,True,True
11824,UWMQWFJQYBQGJT-UHFFFAOYSA-N,1.0,True,True
11791,QAKDSLHRNDDJCF-UHFFFAOYSA-N,1.0,True,True
11790,OZQVXHQZJGHTDA-UHFFFAOYSA-N,1.0,True,True
11789,UPWRFQWDZMXDCP-UHFFFAOYSA-N,1.0,True,True
11788,ZXMYTGRBOKIQDJ-UHFFFAOYSA-N,1.0,True,True
11786,VXXPMOPQTRWLEA-UHFFFAOYSA-N,1.0,True,True
11785,MOHUUUQNYBASEN-UHFFFAOYSA-N,1.0,True,True
11784,VMQXBSHFUJRFGT-UHFFFAOYSA-N,1.0,True,True
11783,LIEGUVBGICGHDS-UHFFFAOYSA-N,1.0,True,True
11782,SYRFYXRVLYACQX-QHCPKHFHSA-N,1.0,True,True
11781,KFECKRKCHOJSEK-UHFFFAOYSA-N,1.0,True,True
11780,CRFFZBZXJYZIGQ-UHFFFAOYSA-N,1.0,True,True
11779,DMLICFSGOVFOCW-UHFFFAOYSA-N,1.0,True,True
11810,ZNIJDIOPIATNJL-NRFANRHFSA-N,1.0,True,True
11809,SFEDBQFIDJJWFG-QFIPXVFZSA-N,1.0,True,True
11808,ZFLPBUPFRSYESP-IBGZPJMESA-N,1.0,True,True
11775,UYRZIVJCOJDCCJ-UHFFFAOYSA-N,1.0,True,True
11774,NJPZWICUHIOEBO-UHFFFAOYSA-N,1.0,True,True
11773,BHQGHYLEVNXORT-UHFFFAOYSA-N,1.0,True,True
11772,WLOFPIDCCZGIHG-UHFFFAOYSA-N,1.0,True,True
11771,DKIODSVDAXUZOK-UHFFFAOYSA-N,1.0,True,True
11770,MKWJITOYBZEYCU-UHFFFAOYSA-N,1.0,True,True
11769,VUFBSSCNWDKIJU-UHFFFAOYSA-N,1.0,True,True
11768,ACPJORMELFTAJR-UHFFFAOYSA-N,1.0,True,True
11767,PEQZZOJQWLYCTB-UHFFFAOYSA-N,1.0,True,True
11766,WOYSBCDEVJKFSQ-UHFFFAOYSA-N,1.0,True,True
11765,XKGYBDDTYNONSL-UHFFFAOYSA-N,1.0,True,True
11764,IDWXMNWIRQFTRU-UHFFFAOYSA-N,1.0,True,True
11763,JYOIADVAWPZSIY-UHFFFAOYSA-N,1.0,True,True
11794,LBEVKLFOSAJREW-NRFANRHFSA-N,1.0,True,True
11793,IRSIORIDIQTRQV-FQEVSTJZSA-N,1.0,True,True
11792,IPZZWROTSOVGCI-UHFFFAOYSA-N,1.0,True,True
11759,UBNYTQKETBDFJB-UHFFFAOYSA-N,1.0,True,True
11758,VEBCTNKGDNUDKL-UHFFFAOYSA-N,1.0,True,True
11757,YEKRBQZDLXKNJC-UHFFFAOYSA-N,1.0,True,True
11756,FGFWHVGCHZJARN-LBPRGKRZSA-N,1.0,True,True
11755,OLQMSKYXLZNMKT-NSHDSACASA-N,1.0,True,True
11754,ZTRAJOJVRKSJQR-NSHDSACASA-N,1.0,True,True
11753,DQUFBXINDVMYBZ-JTQLQIEISA-N,1.0,True,True
11752,JEVSISFPCJTRRN-IBGZPJMESA-N,1.0,True,True
11751,OIJQXLXHUTTYEG-SFHVURJKSA-N,1.0,True,True
11749,HEMKDCMMBGLJCX-UHFFFAOYSA-N,1.0,True,True
11748,GKMYDALVFFCHGG-UHFFFAOYSA-N,1.0,True,True
11747,FMEIOCZBPHXORC-UHFFFAOYSA-N,1.0,True,True
11778,WIVZCQSBHGAJER-UHFFFAOYSA-N,1.0,True,True
11777,USDIJDCQONGYBI-QHCPKHFHSA-N,1.0,True,True
11776,WNQJCQRVYRSXSG-UHFFFAOYSA-N,1.0,True,True
11742,IOSSLLPLMMCWHZ-UHFFFAOYSA-N,1.0,True,True
11741,KLHLOOANRYQYFP-UHFFFAOYSA-N,1.0,True,True
11740,LLJLPRCRHKDEOB-UHFFFAOYSA-N,1.0,True,True
11739,MCEPRODGXNIDNU-UHFFFAOYSA-N,1.0,True,True
11738,HSCBLHSTXYUIJX-UHFFFAOYSA-N,1.0,True,True
11737,SOGVDAXBTRAEIS-UHFFFAOYSA-N,1.0,True,True
11736,RSYRKLRBSSXLGP-UHFFFAOYSA-N,1.0,True,True
11735,VRQONDUDJHEPMV-UHFFFAOYSA-N,1.0,True,True
11734,UUKOZCOAAIKHIS-UHFFFAOYSA-N,1.0,True,True
11733,ZFQGWEJOBBIOAW-UHFFFAOYSA-N,1.0,True,True
11732,JGSWCBFKZGYIBC-UHFFFAOYSA-N,1.0,True,True
11731,ZGPNSZKDRIJFRH-UHFFFAOYSA-N,1.0,True,True
11730,MVXDONAGIJYPHG-UHFFFAOYSA-N,1.0,True,True
11762,IIEFNRGIRHAXDU-OAHLLOKOSA-N,1.0,True,True
11761,FRKIIVYZIGZBGV-CQSZACIVSA-N,1.0,True,True
11760,XYNNERLGROLKRM-UHFFFAOYSA-N,1.0,True,True
11726,VKOJSDBMZLZUSG-UHFFFAOYSA-N,1.0,True,True
11725,YQFLQNDKPKPBAE-UHFFFAOYSA-N,1.0,True,True
11724,DKVBLKNZHUPJAO-AWEZNQCLSA-N,1.0,True,True
11723,NUHBXJVOWLJJQV-AWEZNQCLSA-N,1.0,True,True
11722,JUBOOJKJAMZXSU-UHFFFAOYSA-N,1.0,True,True
11721,XDXGOUBKXSBSRG-UHFFFAOYSA-N,1.0,True,True
11720,BZDOEEBUUFKMAC-UHFFFAOYSA-N,1.0,True,True
11719,LZPKYOAXDBLLQP-UHFFFAOYSA-N,1.0,True,True
11718,KEEYPNPAWSQDNW-UHFFFAOYSA-N,1.0,True,True
11717,VQIUUYHORCJNCM-UHFFFAOYSA-N,1.0,True,True
11715,SBLROTVUSYGIDH-UHFFFAOYSA-N,1.0,True,True
11714,LOFYXAVPTIRPJJ-UHFFFAOYSA-N,1.0,True,True
11745,NVIYYHYZOJGYHD-UHFFFAOYSA-N,1.0,True,True
11744,XFJBVHKVCRSFBB-UHFFFAOYSA-N,1.0,True,True
11743,JFSWUVSSWJFSDI-UHFFFAOYSA-N,1.0,True,True
11710,RUDUZOHLDBFKJY-UHFFFAOYSA-N,1.0,True,True
11709,QSQPPNJSXKPVBS-UHFFFAOYSA-N,1.0,True,True
11708,PYFDYHOCRSJHSF-UHFFFAOYSA-N,1.0,True,True
11707,UBOBSIJUJVUWLL-UHFFFAOYSA-N,1.0,True,True
11706,IIDYPXLZJHCCPC-UHFFFAOYSA-N,1.0,True,True
11705,GFYFORNYFUOJMV-ZBYYUNFXSA-N,1.0,True,True
11704,FOBAVESRUXUURG-ZBYYUNFXSA-N,1.0,True,True
11703,ZOCPDHJBQVLNSW-FICVDOATSA-N,1.0,True,True
11702,VCMMDJGBYMVQAR-FICVDOATSA-N,1.0,True,True
11701,UELUJVXPAHAKGH-CYBMUJFWSA-N,1.0,True,True
11700,RXBXKWGOMIGTQC-CYBMUJFWSA-N,1.0,True,True
11699,LSYHRAQXXZKXRP-KRWDZBQOSA-N,1.0,True,True
11698,RBURUQYZLDZAQR-KRWDZBQOSA-N,1.0,True,True
11729,JOJNLPNOZOYTSV-UHFFFAOYSA-N,1.0,True,True
11728,DLCBYWGBOZRYDC-UHFFFAOYSA-N,1.0,True,True
11727,LIYCLEQPVZGAMS-UHFFFAOYSA-N,1.0,True,True
11693,ZNYRKPMLKMQVOY-UHFFFAOYSA-N,1.0,True,True
11692,VHBZSQVKJMVDNV-UHFFFAOYSA-N,1.0,True,True
11691,UXDLRXGLCHJANO-UHFFFAOYSA-N,1.0,True,True
11690,NHZIMNXINKWXOJ-UHFFFAOYSA-N,1.0,True,True
11689,VLCYLFJRBFQGKO-UHFFFAOYSA-N,1.0,True,True
11688,ZGJAMOIFPVKWRB-UHFFFAOYSA-N,1.0,True,True
11687,ZGFXAYWSTARZRV-UHFFFAOYSA-N,1.0,True,True
11686,AMQMKWOFWHTDHM-UHFFFAOYSA-N,1.0,True,True
11685,YJUAKYKKWTUTLO-UHFFFAOYSA-N,1.0,True,True
11684,RXFLBBMCGWUEFU-UHFFFAOYSA-N,1.0,True,True
11683,HSUVAYWFXOXIEF-UHFFFAOYSA-N,1.0,True,True
11682,PXWGBZMCHYNUAP-UHFFFAOYSA-N,1.0,True,True
11713,FBDDDOPVSLSCCF-UHFFFAOYSA-N,1.0,True,True
11712,XYNKMAMNBCKISN-UHFFFAOYSA-N,1.0,True,True
11711,XRNRETJJNOPVBF-UHFFFAOYSA-N,1.0,True,True
11678,UGNUYVMIXCNYCU-MXVIHJGJSA-N,1.0,True,True
11677,VEXYQQQHRSQQJY-QAQDUYKDSA-N,1.0,True,True
11676,BEBBBXPVSFKNNH-QAQDUYKDSA-N,1.0,True,True
11675,HCWXARJLTOFQPG-HDJSIYSDSA-N,1.0,True,True
11674,JLCRKKUPNOUIOY-JOCQHMNTSA-N,1.0,True,True
11673,JXBHXRHDYHISIA-TZIWHRDSSA-N,1.0,True,True
11672,CUEBJZNVEQYJLW-RTBURBONSA-N,1.0,True,True
11671,WDCORPPIBWSNKW-UZKDLZAESA-N,1.0,True,True
11670,WGZKYSXPNIACLF-XLXQAPSUSA-N,1.0,True,True
11669,HSTCCMFTSWOQDE-TZMCWYRMSA-N,1.0,True,True
11668,GDTQJVJKOUKQIL-CHWSQXEVSA-N,1.0,True,True
11667,HHBGTWYAXPLBMZ-JOCQHMNTSA-N,1.0,True,True
11666,ZPIARNQWYCFHMS-HAQNSBGRSA-N,1.0,True,True
11697,WPWCQWYXKPHCPZ-AVRDEDQJSA-N,1.0,True,True
11696,RNNLNRUXYCEOMY-AVRDEDQJSA-N,1.0,True,True
11695,LDOKKZHNJJCPAN-UHFFFAOYSA-N,1.0,True,True
11662,BXRLOFHERIYBLW-UHFFFAOYSA-N,1.0,True,True
11661,WCMKMUJHUNCPPZ-UHFFFAOYSA-N,1.0,True,True
11660,ODWSXIAXIYOQJT-UHFFFAOYSA-N,1.0,True,True
11659,MUXCUQBOXCOPNE-UHFFFAOYSA-N,1.0,True,True
11658,LSQCCMBEADGTDI-UHFFFAOYSA-N,1.0,True,True
11657,PJVXGBPECHZEBC-UHFFFAOYSA-N,1.0,True,True
11655,NAHQILKYDFFRKF-UHFFFAOYSA-N,1.0,True,True
11653,KXYCCBLTLGKEIE-UHFFFAOYSA-N,0.7735849056603774,False,False
11652,IIGLFTHKYPVLBR-UHFFFAOYSA-N,1.0,True,True
11651,DEZSJOYZCGFSQL-CQSZACIVSA-N,0.7704918032786885,False,False
11650,GXRSLTAVSMRRGH-GFCCVEGCSA-N,1.0,True,True
11681,NVHCJHYIZFSQMN-NHAGDIPZSA-N,1.0,True,True
11680,PYDWABQDYCSDKZ-IMRBUKKESA-N,1.0,True,True
11679,SVVVPOMNPGELIP-MXVIHJGJSA-N,1.0,True,True
11646,DDHHQAQCISMBHY-UHFFFAOYSA-N,1.0,True,True
11645,IDPURYXKJIKGHH-UHFFFAOYSA-N,1.0,True,True
11644,MUXCUQBOXCOPNE-UHFFFAOYSA-N,1.0,True,True
11643,LSQCCMBEADGTDI-UHFFFAOYSA-N,1.0,True,True
11642,TYMMHHCNQKQBPB-CVEARBPZSA-N,1.0,True,True
11641,KFDHLQDLNBCXST-UHFFFAOYSA-N,1.0,True,True
11640,VJRBFDVQQUAUFO-UHFFFAOYSA-N,1.0,True,True
11639,QIKQWBHBXPZQTB-UHFFFAOYSA-N,1.0,True,True
11638,BDLNBWLJFVWFLG-UHFFFAOYSA-N,1.0,True,True
11637,MVKULXZEVIAPHE-UHFFFAOYSA-N,1.0,True,True
11636,QFWBYSHUGLTHEH-UHFFFAOYSA-N,1.0,True,True
11635,NPCBAUJJKGNOMU-UHFFFAOYSA-N,1.0,True,True
11634,TZUDHVWGAYESNQ-UHFFFAOYSA-N,1.0,True,True
11665,HHBGTWYAXPLBMZ-UHFFFAOYSA-N,1.0,True,True
11664,DDHHQAQCISMBHY-UHFFFAOYSA-N,1.0,True,True
11663,VUUGBTLBHRSEDO-UHFFFAOYSA-N,0.7735849056603774,False,False
11630,OLKHYTZFPPZICA-UHFFFAOYSA-N,1.0,True,True
11629,SEXNOXHXLOHVRX-QGZVFWFLSA-N,1.0,True,True
11628,LAYQHZWCRHSEEQ-UHFFFAOYSA-N,1.0,True,True
11627,ALMSKFYAEXSESL-UHFFFAOYSA-N,1.0,True,True
11626,PJVXGBPECHZEBC-UHFFFAOYSA-N,1.0,True,True
11625,FRIBTGBZYTYMJF-UHFFFAOYSA-N,1.0,True,True
11624,BHJYTXLDQZWQEM-UHFFFAOYSA-N,1.0,True,True
11622,CMNNDUMMPQYBMJ-UHFFFAOYSA-N,0.7857142857142857,False,False
11621,AUEFWBZPKRHLEW-UHFFFAOYSA-N,1.0,True,True
11620,CEFZSXVXEXYESZ-UHFFFAOYSA-N,1.0,True,True
11619,PTKBYOUUWIGTSN-UHFFFAOYSA-N,1.0,True,True
11618,GCBUMWQNAFJSNU-UHFFFAOYSA-N,1.0,True,True
11649,VRMXWWUSXNVAGZ-SNVBAGLBSA-N,1.0,True,True
11648,RTVFISACHYFTSO-UHFFFAOYSA-N,1.0,True,True
11647,QHXIOUKMESUXSG-UHFFFAOYSA-N,1.0,True,True
11614,FWPZIRMERSVXSE-UHFFFAOYSA-N,1.0,True,True
11613,HUFXRBMXAZYVSY-UHFFFAOYSA-N,1.0,True,True
11612,XUYRIVCNOOPMQQ-UHFFFAOYSA-N,1.0,True,True
11611,VIDFKYYMXROQNF-UHFFFAOYSA-N,1.0,True,True
11610,LSIFGTLINSXZEC-UHFFFAOYSA-N,1.0,True,True
11609,ZIFWDXCNRSSZMI-UHFFFAOYSA-N,1.0,True,True
11608,RHQYSROXLOKRRI-UHFFFAOYSA-N,1.0,True,True
11607,MXXTWYHJUHFTFW-UHFFFAOYSA-N,1.0,True,True
11606,GRSBDIUKPSWIGO-UHFFFAOYSA-N,1.0,True,True
11605,WZTQGWQPYMYBCR-UHFFFAOYSA-N,1.0,True,True
11604,LQFLUIFDAZBOOQ-UHFFFAOYSA-N,1.0,True,True
11603,QVOSPSZQMXPGHE-UHFFFAOYSA-N,1.0,True,True
11602,JKXRWTQORGCHFQ-UHFFFAOYSA-N,1.0,True,True
11633,ALVGHHAFNPBUJR-QGZVFWFLSA-N,1.0,True,True
11632,WIGPVGUQCSOSHK-UHFFFAOYSA-N,1.0,True,True
11631,XUXMOWVXZXQMBS-INIZCTEOSA-N,1.0,True,True
11598,UGCLDPAXDRGEAI-LBPRGKRZSA-N,1.0,True,True
11597,PSHIAKCNJUJLEO-UHFFFAOYSA-N,1.0,True,True
11596,DIEMMEMIVGDNOP-UHFFFAOYSA-N,1.0,True,True
11595,ZBZJHNLDJYDNML-UHFFFAOYSA-N,1.0,True,True
11594,BXRLOFHERIYBLW-UHFFFAOYSA-N,1.0,True,True
11593,DALXLYSAVLDKPW-UHFFFAOYSA-N,1.0,True,True
11592,QDEXOAQRGJYFOA-UHFFFAOYSA-N,1.0,True,True
11591,DLULPOUTBSUAMJ-UHFFFAOYSA-N,1.0,True,True
11590,BMYLBZRZKMCIFU-UHFFFAOYSA-N,1.0,True,True
11589,PTKHAOIAQDXWAH-UHFFFAOYSA-N,1.0,True,True
11588,IUPPKGJJDBBWPW-UHFFFAOYSA-N,1.0,True,True
11587,ONVBKPGLUJJLDO-UHFFFAOYSA-N,1.0,True,True
11586,VCSCPMALRNRUEK-UHFFFAOYSA-N,1.0,True,True
11617,JDEBGQFBASCVDT-UHFFFAOYSA-N,1.0,True,True
11616,AEXJXQLPSORYLG-UHFFFAOYSA-N,1.0,True,True
11615,ADNSVUGLZWTWEI-UHFFFAOYSA-N,1.0,True,True
11582,KXRJKJKREBZWDX-UHFFFAOYSA-N,1.0,True,True
11581,PEEFGAOKLFJTOF-UHFFFAOYSA-N,1.0,True,True
11580,CHHILOJFGQHLQY-UHFFFAOYSA-N,1.0,True,True
11579,BYANYOGWINMFTG-UHFFFAOYSA-N,1.0,True,True
11578,FOKBAUHCYQNTLB-UHFFFAOYSA-N,1.0,True,True
11577,MZGBKULABHBNOQ-UHFFFAOYSA-N,1.0,True,True
11576,VNLBQJHADMBQHE-UHFFFAOYSA-N,1.0,True,True
11575,MOWZRSFVXZYWDL-UHFFFAOYSA-N,1.0,True,True
11574,GVWLQSPICMHGRT-UHFFFAOYSA-N,1.0,True,True
11573,VYVQBYWRXOMQKA-UHFFFAOYSA-N,1.0,True,True
11572,BSOKUHHVMCMOGB-UHFFFAOYSA-N,1.0,True,True
11571,ZVOVQIGBSVNARP-DYCDLGHISA-N,1.0,True,True
11570,NRISALAWCVYAEQ-UHFFFAOYSA-N,1.0,True,True
11601,VPROFKHDSPBUHH-UHFFFAOYSA-N,1.0,True,True
11600,JWZNDWXFLVGROL-UHFFFAOYSA-N,1.0,True,True
11599,BRDYQFVTBBYOJA-UHFFFAOYSA-N,1.0,True,True
11566,ASNCATKZHQISOV-UHFFFAOYSA-N,1.0,True,True
11565,SWOUJMHGLDHVEC-UHFFFAOYSA-N,1.0,True,True
11564,QWSLPPSGOVYEQD-UHFFFAOYSA-N,1.0,True,True
11563,LTUMJZHOGFOLMM-UHFFFAOYSA-N,1.0,True,True
11562,HOCFXDQHGYRSSC-UHFFFAOYSA-N,1.0,True,True
11561,WCMKMUJHUNCPPZ-UHFFFAOYSA-N,1.0,True,True
11560,ODWSXIAXIYOQJT-UHFFFAOYSA-N,1.0,True,True
11559,CMLYNODIHRICNH-UHFFFAOYSA-N,0.6730769230769231,False,False
11558,QVCCMXZWTBPIAS-UHFFFAOYSA-N,0.6857142857142857,False,False
11557,IIGLFTHKYPVLBR-UHFFFAOYSA-N,1.0,True,True
11556,GXRSLTAVSMRRGH-GFCCVEGCSA-N,1.0,True,True
11555,VRMXWWUSXNVAGZ-SNVBAGLBSA-N,1.0,True,True
11554,RTVFISACHYFTSO-UHFFFAOYSA-N,1.0,True,True
11585,IWGKHMSBNGZAHD-UHFFFAOYSA-N,1.0,True,True
11584,KJYNNKNSOMOIPB-UHFFFAOYSA-N,1.0,True,True
11583,PEFWKDXVRVHOEC-UHFFFAOYSA-N,1.0,True,True
11550,UBYFZXUOHNFUGT-UHFFFAOYSA-N,0.7962962962962963,False,False
11549,IDPURYXKJIKGHH-UHFFFAOYSA-N,1.0,True,True
11546,TYMMHHCNQKQBPB-CVEARBPZSA-N,1.0,True,True
11545,PCEWVXHGCZWQQD-UHFFFAOYSA-N,0.7457627118644068,False,False
11544,KFDHLQDLNBCXST-UHFFFAOYSA-N,1.0,True,True
11543,VJRBFDVQQUAUFO-UHFFFAOYSA-N,1.0,True,True
11542,QIKQWBHBXPZQTB-UHFFFAOYSA-N,1.0,True,True
11541,BDLNBWLJFVWFLG-UHFFFAOYSA-N,1.0,True,True
11540,MVKULXZEVIAPHE-UHFFFAOYSA-N,1.0,True,True
11539,QFWBYSHUGLTHEH-UHFFFAOYSA-N,1.0,True,True
11538,NPCBAUJJKGNOMU-UHFFFAOYSA-N,1.0,True,True
11569,YYDVXESHVKZTAL-UHFFFAOYSA-N,1.0,True,True
11568,JWYGPMTWEQOLCZ-UHFFFAOYSA-N,1.0,True,True
11567,NAHQILKYDFFRKF-UHFFFAOYSA-N,1.0,True,True
11534,XUXMOWVXZXQMBS-INIZCTEOSA-N,1.0,True,True
11533,OLKHYTZFPPZICA-UHFFFAOYSA-N,1.0,True,True
11532,SEXNOXHXLOHVRX-QGZVFWFLSA-N,1.0,True,True
11531,LAYQHZWCRHSEEQ-UHFFFAOYSA-N,1.0,True,True
11530,ALMSKFYAEXSESL-UHFFFAOYSA-N,1.0,True,True
11528,FRIBTGBZYTYMJF-UHFFFAOYSA-N,1.0,True,True
11527,BHJYTXLDQZWQEM-UHFFFAOYSA-N,1.0,True,True
11525,AUEFWBZPKRHLEW-UHFFFAOYSA-N,1.0,True,True
11524,CEFZSXVXEXYESZ-UHFFFAOYSA-N,1.0,True,True
11523,PTKBYOUUWIGTSN-UHFFFAOYSA-N,1.0,True,True
11522,GCBUMWQNAFJSNU-UHFFFAOYSA-N,1.0,True,True
11553,QHXIOUKMESUXSG-UHFFFAOYSA-N,1.0,True,True
11518,FWPZIRMERSVXSE-UHFFFAOYSA-N,1.0,True,True
11517,HUFXRBMXAZYVSY-UHFFFAOYSA-N,1.0,True,True
11516,XUYRIVCNOOPMQQ-UHFFFAOYSA-N,1.0,True,True
11515,VIDFKYYMXROQNF-UHFFFAOYSA-N,1.0,True,True
11514,LSIFGTLINSXZEC-UHFFFAOYSA-N,1.0,True,True
11513,ZIFWDXCNRSSZMI-UHFFFAOYSA-N,1.0,True,True
11512,RHQYSROXLOKRRI-UHFFFAOYSA-N,1.0,True,True
11511,MXXTWYHJUHFTFW-UHFFFAOYSA-N,1.0,True,True
11510,GRSBDIUKPSWIGO-UHFFFAOYSA-N,1.0,True,True
11509,WZTQGWQPYMYBCR-UHFFFAOYSA-N,1.0,True,True
11508,LQFLUIFDAZBOOQ-UHFFFAOYSA-N,1.0,True,True
11507,QVOSPSZQMXPGHE-UHFFFAOYSA-N,1.0,True,True
11506,JKXRWTQORGCHFQ-UHFFFAOYSA-N,1.0,True,True
11537,TZUDHVWGAYESNQ-UHFFFAOYSA-N,1.0,True,True
11536,ALVGHHAFNPBUJR-QGZVFWFLSA-N,1.0,True,True
11535,WIGPVGUQCSOSHK-UHFFFAOYSA-N,1.0,True,True
11502,JWZNDWXFLVGROL-UHFFFAOYSA-N,1.0,True,True
11501,BRDYQFVTBBYOJA-UHFFFAOYSA-N,1.0,True,True
11500,UGCLDPAXDRGEAI-LBPRGKRZSA-N,1.0,True,True
11499,PSHIAKCNJUJLEO-UHFFFAOYSA-N,1.0,True,True
11498,DIEMMEMIVGDNOP-UHFFFAOYSA-N,1.0,True,True
11497,ZBZJHNLDJYDNML-UHFFFAOYSA-N,1.0,True,True
11495,DALXLYSAVLDKPW-UHFFFAOYSA-N,1.0,True,True
11494,QDEXOAQRGJYFOA-UHFFFAOYSA-N,1.0,True,True
11493,DLULPOUTBSUAMJ-UHFFFAOYSA-N,1.0,True,True
11492,DTKITDXORWKBOT-UHFFFAOYSA-N,0.82,False,False
11491,BMYLBZRZKMCIFU-UHFFFAOYSA-N,1.0,True,True
11490,GKIMEMAUCNJBAQ-HXUWFJFHSA-N,0.6323529411764706,False,False
11521,JDEBGQFBASCVDT-UHFFFAOYSA-N,1.0,True,True
11520,AEXJXQLPSORYLG-UHFFFAOYSA-N,1.0,True,True
11519,ADNSVUGLZWTWEI-UHFFFAOYSA-N,1.0,True,True
11486,VCSCPMALRNRUEK-UHFFFAOYSA-N,1.0,True,True
11485,IWGKHMSBNGZAHD-UHFFFAOYSA-N,1.0,True,True
11484,KJYNNKNSOMOIPB-UHFFFAOYSA-N,1.0,True,True
11483,PEFWKDXVRVHOEC-UHFFFAOYSA-N,1.0,True,True
11482,KXRJKJKREBZWDX-UHFFFAOYSA-N,1.0,True,True
11481,PEEFGAOKLFJTOF-UHFFFAOYSA-N,1.0,True,True
11480,CHHILOJFGQHLQY-UHFFFAOYSA-N,1.0,True,True
11479,BYANYOGWINMFTG-UHFFFAOYSA-N,1.0,True,True
11478,FOKBAUHCYQNTLB-UHFFFAOYSA-N,1.0,True,True
11477,MZGBKULABHBNOQ-UHFFFAOYSA-N,1.0,True,True
11476,VNLBQJHADMBQHE-UHFFFAOYSA-N,1.0,True,True
11475,MOWZRSFVXZYWDL-UHFFFAOYSA-N,1.0,True,True
11474,GVWLQSPICMHGRT-UHFFFAOYSA-N,1.0,True,True
11505,VPROFKHDSPBUHH-UHFFFAOYSA-N,1.0,True,True
11504,ACGKYRUDKYUPQS-UHFFFAOYSA-N,0.6307692307692307,False,False
11503,ASRLHCWXTCSBGJ-UHFFFAOYSA-N,0.7068965517241379,False,False
11470,VBDQTUIKDIBLFQ-UHFFFAOYSA-N,0.6923076923076923,False,False
11469,NRISALAWCVYAEQ-UHFFFAOYSA-N,1.0,True,True
11468,YYDVXESHVKZTAL-UHFFFAOYSA-N,1.0,True,True
11467,JWYGPMTWEQOLCZ-UHFFFAOYSA-N,1.0,True,True
11465,ASNCATKZHQISOV-UHFFFAOYSA-N,1.0,True,True
11464,SWOUJMHGLDHVEC-UHFFFAOYSA-N,1.0,True,True
11463,QWSLPPSGOVYEQD-UHFFFAOYSA-N,1.0,True,True
11462,LTUMJZHOGFOLMM-UHFFFAOYSA-N,1.0,True,True
11461,HOCFXDQHGYRSSC-UHFFFAOYSA-N,1.0,True,True
11458,YHNLOILSCOYPHK-UHFFFAOYSA-N,1.0,True,True
11489,PTKHAOIAQDXWAH-UHFFFAOYSA-N,1.0,True,True
11488,IUPPKGJJDBBWPW-UHFFFAOYSA-N,1.0,True,True
11487,ONVBKPGLUJJLDO-UHFFFAOYSA-N,1.0,True,True
11454,UMMMXMOFBXMJIX-UHFFFAOYSA-N,1.0,True,True
11453,HWNRCFGHABHNQB-UHFFFAOYSA-N,1.0,True,True
11452,FGDKVIRNLUOTKK-UHFFFAOYSA-N,1.0,True,True
11451,OPAZFJMHBSGFER-UHFFFAOYSA-N,1.0,True,True
11450,YTCDSOAEFQVDMO-QMRFKDRMSA-N,1.0,True,True
11449,YJNXKYUWIIREOM-UHFFFAOYSA-N,1.0,True,True
11448,WBRAFWASPYPFCT-UHFFFAOYSA-N,1.0,True,True
11447,PUTVLTBWLVCZCM-UHFFFAOYSA-N,1.0,True,True
11446,AFHRASFEDUGRMM-UHFFFAOYSA-N,1.0,True,True
11445,WEXJSDQHOYECHS-UHFFFAOYSA-N,1.0,True,True
11444,DKQBGBCVEKDXPE-UHFFFAOYSA-N,1.0,True,True
11443,WBBCDZCNFIGKET-UHFFFAOYSA-N,1.0,True,True
11442,HSBLBLNONBYGLD-UHFFFAOYSA-N,1.0,True,True
11473,VYVQBYWRXOMQKA-UHFFFAOYSA-N,1.0,True,True
11472,BSOKUHHVMCMOGB-UHFFFAOYSA-N,1.0,True,True
11471,ZVOVQIGBSVNARP-DYCDLGHISA-N,1.0,True,True
11438,SMPDXBVDYATJEM-UHFFFAOYSA-N,1.0,True,True
11437,DPVAJJGJPXEXJO-UHFFFAOYSA-N,1.0,True,True
11436,WOUSLNLUABIAMU-UHFFFAOYSA-N,1.0,True,True
11435,ONRKTBKMKWJKFO-UHFFFAOYSA-N,1.0,True,True
11434,WIMMKADZSHJIOF-UHFFFAOYSA-N,1.0,True,True
11433,ZUHQAIYRQVVNME-UHFFFAOYSA-N,1.0,True,True
11432,HYFNSBAWQQXXJB-UHFFFAOYSA-N,1.0,True,True
11431,XTTMENHUMKSBOA-UHFFFAOYSA-N,1.0,True,True
11430,YYFIURWNQGHONO-UHFFFAOYSA-N,1.0,True,True
11429,NFUGHWZDFKCXAL-UHFFFAOYSA-N,1.0,True,True
11428,MRXUUDKPNDDYSJ-UHFFFAOYSA-N,1.0,True,True
11427,BRCDLRPEVYVVNV-UHFFFAOYSA-N,1.0,True,True
11426,CVMWUCDXDQDDMI-UHFFFAOYSA-N,1.0,True,True
11457,MRWSNOAOFIJTJT-UHFFFAOYSA-N,1.0,True,True
11456,YHCCKELKKSYRAW-UHFFFAOYSA-N,1.0,True,True
11455,XDJTXCVEXCXQDS-QRIPLOBPSA-N,1.0,True,True
11422,QEUBQTWVJOCNIL-UHFFFAOYSA-N,1.0,True,True
11421,PBUWPSIIIWBTDF-UHFFFAOYSA-N,1.0,True,True
11420,OYALNAVDZIHWSA-UHFFFAOYSA-N,1.0,True,True
11419,MXVHINFRUAMSAM-UHFFFAOYSA-N,1.0,True,True
11418,FXBJNTLLFZLOKU-UHFFFAOYSA-N,1.0,True,True
11417,ONYCMZGZSUNSDU-UHFFFAOYSA-N,1.0,True,True
11416,CLPHZEGOSPFSBQ-UHFFFAOYSA-N,1.0,True,True
11415,OQCBRYHTOOTYDQ-UHFFFAOYSA-N,1.0,True,True
11414,XSUCVNQSYSLVFZ-UHFFFAOYSA-N,1.0,True,True
11413,GJDIUJPLNDHTJK-UHFFFAOYSA-N,1.0,True,True
11412,APJVGPCJHPZKQE-UHFFFAOYSA-N,1.0,True,True
11411,UYCGBHYTUHKVLF-UHFFFAOYSA-N,1.0,True,True
11410,VEBCNYUQLJQYQV-IWPPFLRJSA-N,1.0,True,True
11441,RBASNJDQBDDJMA-UHFFFAOYSA-N,1.0,True,True
11440,MQFRYBKONCKERQ-UHFFFAOYSA-N,1.0,True,True
11439,KOMJDAFWIUYDMN-UHFFFAOYSA-N,1.0,True,True
11406,IEGCOQWULQUEIB-UHFFFAOYSA-N,1.0,True,True
11405,QEVWJOPWMDHIJN-UHFFFAOYSA-N,1.0,True,True
11404,BHRAAQCAOFDIKM-UHFFFAOYSA-N,1.0,True,True
11403,VAXJGOIUSKKJSC-IBOPQAGSSA-N,1.0,True,True
11402,VAXJGOIUSKKJSC-BYICEURKSA-N,1.0,True,True
11401,NPRIDIIWTMTUQN-UHFFFAOYSA-N,1.0,True,True
11400,UHEMHSPOHSNDPP-UHFFFAOYSA-N,1.0,True,True
11399,GSIDOQBRYSLDFL-UHFFFAOYSA-N,1.0,True,True
11398,ZWCJNWGNTVVZAY-UHFFFAOYSA-N,1.0,True,True
11397,VOQJCNCHNYXAHK-UHFFFAOYSA-N,1.0,True,True
11396,YXMXLFUBONVXHG-UHFFFAOYSA-N,1.0,True,True
11395,YDJWCHHEOQLGRF-UHFFFAOYSA-N,1.0,True,True
11394,VCEJNBKFGYUOAV-UHFFFAOYSA-N,1.0,True,True
11425,XOTXBJUGNVLPPU-UHFFFAOYSA-N,1.0,True,True
11424,SZYGIYOASFCPLZ-UHFFFAOYSA-N,1.0,True,True
11423,OLCUYJGFKWNRCN-UHFFFAOYSA-N,1.0,True,True
11390,LAZFZIWZZIGQJS-UHFFFAOYSA-N,1.0,True,True
11389,KQTFZCHBOYFXCP-UHFFFAOYSA-N,1.0,True,True
11388,MPKRHLVEZJMKSQ-UHFFFAOYSA-N,1.0,True,True
11387,HBURBIQELBMUMW-UHFFFAOYSA-N,1.0,True,True
11386,VOAZHTBEAJMEJD-UHFFFAOYSA-N,1.0,True,True
11385,GJYNLCXNADCCQY-UHFFFAOYSA-N,1.0,True,True
11384,YQCQOEUNADYSQB-UHFFFAOYSA-N,1.0,True,True
11383,RCXVTRGVNASBGN-UHFFFAOYSA-N,1.0,True,True
11382,OPYSMUIPYOFEJM-UHFFFAOYSA-N,1.0,True,True
11381,PECIDALIWOOWCQ-UHFFFAOYSA-N,1.0,True,True
11380,HGDHFXBEYHQAFE-UHFFFAOYSA-N,1.0,True,True
11379,FMRWBGOWLJYYRE-UHFFFAOYSA-N,1.0,True,True
11378,UAFCZYPSWNNIIW-UHFFFAOYSA-N,1.0,True,True
11409,JUWVCPHIEOBBBX-UHFFFAOYSA-N,1.0,True,True
11408,YCQWWIHXUQFOSS-UHFFFAOYSA-N,1.0,True,True
11407,GHNPZRYQUFQKPU-UHFFFAOYSA-N,1.0,True,True
11374,HUPQGYWOOXXMSL-OOJLDXBWSA-N,1.0,True,True
11373,XURBYESKPQDHPG-UHFFFAOYSA-N,1.0,True,True
11372,LRFHTBSDULRIQL-UHFFFAOYSA-N,1.0,True,True
11371,ZGPHECKQKMQLRC-UHFFFAOYSA-N,1.0,True,True
11370,RTDUSRKZBFAIAB-UHFFFAOYSA-N,1.0,True,True
11369,ANQBDHPWODXVCO-UHFFFAOYSA-N,1.0,True,True
11368,QEHDFAYJDGORHZ-UHFFFAOYSA-N,1.0,True,True
11367,SOAAIGPFDSGXCU-UHFFFAOYSA-N,1.0,True,True
11366,QAWORMUPJNWXIY-UHFFFAOYSA-N,1.0,True,True
11365,LKXICVPACXUTFF-UHFFFAOYSA-N,1.0,True,True
11364,JSVWDAOFOUHTDV-UHFFFAOYSA-N,1.0,True,True
11363,HNTGMIGBGVFOBT-UHFFFAOYSA-N,1.0,True,True
11362,JUKZULRZEVDHPX-UHFFFAOYSA-N,1.0,True,True
11392,RTBVDNMPGRUITF-UHFFFAOYSA-N,1.0,True,True
11391,HSTLONLOZYLZQL-UHFFFAOYSA-N,1.0,True,True
11358,IWSFCGVHLTWHDV-UHFFFAOYSA-N,1.0,True,True
11357,WJLUXQBBOAHUQF-UHFFFAOYSA-N,1.0,True,True
11356,MEJSOHYKNDXEOJ-UHFFFAOYSA-N,1.0,True,True
11355,BIXSNSVUGZVECA-UHFFFAOYSA-N,1.0,True,True
11354,VAXLLZCHYORTHY-UHFFFAOYSA-N,1.0,True,True
11353,SEZHEVBYAJQSTH-UHFFFAOYSA-N,1.0,True,True
11352,SNRGCYUJBOYNDE-UHFFFAOYSA-N,1.0,True,True
11351,SOBXXRRNUIFQCE-UHFFFAOYSA-N,1.0,True,True
11350,VHUATQCRNXUCGB-UHFFFAOYSA-N,1.0,True,True
11349,ATKZJCRLCYLLEQ-UHFFFAOYSA-N,1.0,True,True
11348,ZBPRDHDLFQBBGY-UHFFFAOYSA-N,1.0,True,True
11347,SWIXTOYNUPXGCN-UHFFFAOYSA-N,1.0,True,True
11346,HIKATBJJSDHHEY-UHFFFAOYSA-N,1.0,True,True
11377,IJPCJSYBSBFIPT-PTEGZUARSA-N,1.0,True,True
11376,IJPCJSYBSBFIPT-PMSBKCLSSA-N,1.0,True,True
11375,HUPQGYWOOXXMSL-IWPPFLRJSA-N,1.0,True,True
11342,FMKBZIGZLRKXIH-UHFFFAOYSA-N,1.0,True,True
11341,IKRCUZQWCMWZHT-UHFFFAOYSA-N,1.0,True,True
11340,HXUHSJGKEFGEDN-UHFFFAOYSA-N,1.0,True,True
11339,VNHCOEOQWCOOGK-UHFFFAOYSA-N,1.0,True,True
11338,RMLTYJCNHPAVSD-UHFFFAOYSA-N,1.0,True,True
11337,QAAZQHMGRFXBEY-UHFFFAOYSA-N,1.0,True,True
11336,LBTDTNCTQRWTGT-UHFFFAOYSA-N,1.0,True,True
11335,ZFHWKRNPVTVJIC-UHFFFAOYSA-N,1.0,True,True
11334,VRKBGUGEDMDDDZ-UHFFFAOYSA-N,1.0,True,True
11333,PCVCHDVNVHXWOF-UHFFFAOYSA-N,1.0,True,True
11332,LRWKQKKVZYGPCC-UHFFFAOYSA-N,1.0,True,True
11331,RGOJLYPXCFQUNA-UHFFFAOYSA-N,1.0,True,True
11330,YVAPRRCQFABLJH-UHFFFAOYSA-N,1.0,True,True
11361,FDQZXDNLMPQOTM-UHFFFAOYSA-N,1.0,True,True
11360,WDDSHVJFFXAIIP-UHFFFAOYSA-N,1.0,True,True
11359,SNAJUVNYGPGSDA-UHFFFAOYSA-N,1.0,True,True
11326,JTPGMRMPGCVFSD-UHFFFAOYSA-N,1.0,True,True
11325,HLXAGDVZMOOXGK-UHFFFAOYSA-N,1.0,True,True
11324,MRDTUBDYVVAAEV-UHFFFAOYSA-N,1.0,True,True
11323,PJOVPJQQORHCMV-UHFFFAOYSA-N,1.0,True,True
11322,BXZNRUQYZFDMBY-UHFFFAOYSA-N,1.0,True,True
11321,PEXUTCVGBYTRRJ-UHFFFAOYSA-N,1.0,True,True
11320,JQJYRCRTVDZIPA-UHFFFAOYSA-N,1.0,True,True
11319,SNDQJASTUHNNMJ-UHFFFAOYSA-N,1.0,True,True
11318,RGRUWZSNMDVYLE-UHFFFAOYSA-N,1.0,True,True
11317,LVRNFIOOPBODTO-UHFFFAOYSA-N,1.0,True,True
11316,NCLNULAFMQQMEG-UHFFFAOYSA-N,1.0,True,True
11315,KPXVMWNUBZRLTR-UHFFFAOYSA-N,1.0,True,True
11314,LOLASGLORQZWFW-UHFFFAOYSA-N,1.0,True,True
11345,XXOCJTVDYAKZJR-UHFFFAOYSA-N,1.0,True,True
11344,YXTUKTSVMIVXNR-UHFFFAOYSA-N,1.0,True,True
11343,YQHNOGULUFIPID-UHFFFAOYSA-N,1.0,True,True
11310,HIBMILFREVRQGG-UHFFFAOYSA-N,1.0,True,True
11309,GOVLUHXMVBQFDQ-UHFFFAOYSA-N,1.0,True,True
11308,IMVAONJFYXHCBK-UHFFFAOYSA-N,1.0,True,True
11307,QHYOMLCQTUPZNS-UHFFFAOYSA-N,1.0,True,True
11306,ILSBWXBHGXMTMT-UHFFFAOYSA-N,1.0,True,True
11305,IKBYNXPLYAJLSF-UHFFFAOYSA-N,1.0,True,True
11304,SFWVDVJEPHAUFO-UHFFFAOYSA-N,1.0,True,True
11303,SKYBEVBGKIKFCV-UHFFFAOYSA-N,1.0,True,True
11302,WWUVPCBJDRWOBL-UHFFFAOYSA-N,1.0,True,True
11301,XIQVMPCBSFBTLV-UHFFFAOYSA-N,1.0,True,True
11300,VLVWXJJQALEFDS-UHFFFAOYSA-N,1.0,True,True
11299,KDNJYNOZBAJCOQ-UHFFFAOYSA-N,1.0,True,True
11298,HIKUOKQNKSMIEJ-UHFFFAOYSA-N,1.0,True,True
11329,FQRZLFUANQCMHP-UHFFFAOYSA-N,1.0,True,True
11328,UQPFEKLCKVWYRC-UHFFFAOYSA-N,1.0,True,True
11327,GHXBLKGBEDRUSQ-UHFFFAOYSA-N,1.0,True,True
11294,VQFSJYSDTJTIRK-UHFFFAOYSA-N,1.0,True,True
11293,DYTPHMPFCIVQCI-UHFFFAOYSA-N,1.0,True,True
11292,HUPQGYWOOXXMSL-UHFFFAOYSA-N,1.0,True,True
11291,YGXJUGFKVBAQDE-UHFFFAOYSA-N,1.0,True,True
11290,ASANYZRQUPXXDD-UHFFFAOYSA-N,1.0,True,True
11289,KQWUTUNUILCTIG-UHFFFAOYSA-N,1.0,True,True
11288,LMUIMFAPXZQLKA-UHFFFAOYSA-N,1.0,True,True
11287,NOBVKMHCARAWNC-UHFFFAOYSA-N,1.0,True,True
11286,BHNNCHOPAIILNF-UHFFFAOYSA-N,1.0,True,True
11285,LRXVOUISYUIKHG-UHFFFAOYSA-N,1.0,True,True
11284,PJKBZWSRWCEPNU-UHFFFAOYSA-N,1.0,True,True
11283,XPLVVLFEUHPDDV-UHFFFAOYSA-N,1.0,True,True
11282,AKLVFOCHUVYWLH-UHFFFAOYSA-N,1.0,True,True
11313,QMHIASOBYJSBMF-UHFFFAOYSA-N,1.0,True,True
11312,VTUQFOFRUDYVHM-UHFFFAOYSA-N,1.0,True,True
11311,OIGULYZQAYBTCC-UHFFFAOYSA-N,1.0,True,True
11278,BOJQBAUIJGRXPP-UHFFFAOYSA-N,1.0,True,True
11277,RDMNBDAQOZPAKK-UHFFFAOYSA-N,1.0,True,True
11276,NDVPWFDTWUXOBZ-UHFFFAOYSA-N,1.0,True,True
11275,JCNVMDPBSMEBEO-UHFFFAOYSA-N,1.0,True,True
11274,WQLQZODWVDPIJD-UHFFFAOYSA-N,1.0,True,True
11273,XXBWJKNOISUTKQ-UHFFFAOYSA-N,1.0,True,True
11272,YFMLAVMJUGUOAE-UHFFFAOYSA-N,1.0,True,True
11271,GIVIBBNBBLMYJW-UHFFFAOYSA-N,1.0,True,True
11270,YTIVOZPHTBNISC-UHFFFAOYSA-N,1.0,True,True
11269,PPXDSKHRCBJNOJ-UHFFFAOYSA-N,1.0,True,True
11268,WKZSFLCFLNYVAW-UHFFFAOYSA-N,1.0,True,True
11267,SIICGZDWNGHZNG-UHFFFAOYSA-N,1.0,True,True
11266,QAFKMYUKFYXNGW-UHFFFAOYSA-N,1.0,True,True
11297,XIKBRYBOONRZPD-UHFFFAOYSA-N,1.0,True,True
11296,WAWYCPMNUBYGEY-UHFFFAOYSA-N,1.0,True,True
11295,ISLGPIYOGJDDQV-UHFFFAOYSA-N,1.0,True,True
11262,FPDLWDMGWHKMBX-UHFFFAOYSA-N,1.0,True,True
11261,QTJACCWMEXHLNV-UHFFFAOYSA-N,1.0,True,True
11260,WBIHWYDPSLFZDT-UHFFFAOYSA-N,1.0,True,True
11259,ZYRFPHPGAPXXQU-UHFFFAOYSA-N,1.0,True,True
11258,GRLIWPLFKQBCAR-UHFFFAOYSA-N,1.0,True,True
11257,QRAJBWTXBUCHAH-UHFFFAOYSA-N,1.0,True,True
11256,RNRLYNYCNRAAEZ-UHFFFAOYSA-N,1.0,True,True
11255,PNPIXDDTLXQYPN-UHFFFAOYSA-N,1.0,True,True
11254,JUEASLGPFBKJQP-UHFFFAOYSA-N,1.0,True,True
11253,CCEAPCUJRPZOFY-UHFFFAOYSA-N,1.0,True,True
11252,YDLUGQXGXGXYAE-UHFFFAOYSA-N,1.0,True,True
11251,DTADDFFQGPJBRS-UHFFFAOYSA-N,1.0,True,True
11250,KVEYUGDKMKTKOP-UHFFFAOYSA-N,1.0,True,True
11281,GTKGKEAAWGMQPI-UHFFFAOYSA-N,1.0,True,True
11280,RTDSRLSIUXVDNJ-UHFFFAOYSA-N,1.0,True,True
11279,NRPFDNKUUWGHAQ-UHFFFAOYSA-N,1.0,True,True
11246,BOXDVUSNSRZBNS-UHFFFAOYSA-N,1.0,True,True
11245,SITZOEZUHVUXBP-UHFFFAOYSA-N,1.0,True,True
11244,KBCNVPDOKROLDD-UHFFFAOYSA-N,1.0,True,True
11243,PXLNQPGHQCGGCA-UHFFFAOYSA-N,1.0,True,True
11242,WUGLZKIPNKPIIO-UHFFFAOYSA-N,1.0,True,True
11241,BFVVNBMZLAPGEM-UHFFFAOYSA-N,1.0,True,True
11240,HASVKAJYYYYMPC-UHFFFAOYSA-N,1.0,True,True
11239,KQGNIROTKZSKFT-UHFFFAOYSA-N,1.0,True,True
11238,FDCSEIJLVLJADX-UHFFFAOYSA-N,1.0,True,True
11237,QTNKWSKZAGXZNJ-UHFFFAOYSA-N,1.0,True,True
11236,KGRZETRDFFZUQD-UHFFFAOYSA-N,1.0,True,True
11235,KTZYCBPQZSYYAC-UHFFFAOYSA-N,1.0,True,True
11234,WOGGYMULYVGVKM-UHFFFAOYSA-N,1.0,True,True
11265,SSWMHESTSIXUDB-UHFFFAOYSA-N,1.0,True,True
11264,CRVPGKKMFGKMOA-UHFFFAOYSA-N,1.0,True,True
11263,UDBPPDPMIHALLQ-UHFFFAOYSA-N,1.0,True,True
11230,MYCHSFKAYDXIRO-UHFFFAOYSA-N,1.0,True,True
11229,VJESELAOEXXWBT-UHFFFAOYSA-N,1.0,True,True
11227,FVZCXSKBERNHAQ-UHFFFAOYSA-N,1.0,True,True
11226,BJBJFKSNWGOIFV-UHFFFAOYSA-N,1.0,True,True
11225,FZDRNAZFYLNLLT-UHFFFAOYSA-N,1.0,True,True
11224,VSLOZXKMAMFOGN-UHFFFAOYSA-N,1.0,True,True
11223,XHWOAPVDIIAKNN-UHFFFAOYSA-N,1.0,True,True
11222,WQCCGTVJVMXJCM-UHFFFAOYSA-N,1.0,True,True
11221,QZDMVYDSSPIXRP-UHFFFAOYSA-N,1.0,True,True
11220,XJQQQUHCJRXQAZ-UHFFFAOYSA-N,1.0,True,True
11219,PASQGEITTLXZGW-UHFFFAOYSA-N,1.0,True,True
11218,YHNLOILSCOYPHK-UHFFFAOYSA-N,1.0,True,True
11249,YFEIGPQLWYSWBK-UHFFFAOYSA-N,1.0,True,True
11248,KPZRWAHGVMFCII-UHFFFAOYSA-N,1.0,True,True
11247,IILKHPJMHYBBNE-UHFFFAOYSA-N,1.0,True,True
11214,UMMMXMOFBXMJIX-UHFFFAOYSA-N,1.0,True,True
11213,HWNRCFGHABHNQB-UHFFFAOYSA-N,1.0,True,True
11212,FGDKVIRNLUOTKK-UHFFFAOYSA-N,1.0,True,True
11211,OPAZFJMHBSGFER-UHFFFAOYSA-N,1.0,True,True
11210,YTCDSOAEFQVDMO-QMRFKDRMSA-N,1.0,True,True
11209,YJNXKYUWIIREOM-UHFFFAOYSA-N,1.0,True,True
11208,WBRAFWASPYPFCT-UHFFFAOYSA-N,1.0,True,True
11207,PUTVLTBWLVCZCM-UHFFFAOYSA-N,1.0,True,True
11206,AFHRASFEDUGRMM-UHFFFAOYSA-N,1.0,True,True
11205,WEXJSDQHOYECHS-UHFFFAOYSA-N,1.0,True,True
11204,DKQBGBCVEKDXPE-UHFFFAOYSA-N,1.0,True,True
11203,WBBCDZCNFIGKET-UHFFFAOYSA-N,1.0,True,True
11202,HSBLBLNONBYGLD-UHFFFAOYSA-N,1.0,True,True
11233,RBXAXSSWSGACRD-UHFFFAOYSA-N,1.0,True,True
11232,FUKVWJLEULYHMF-UHFFFAOYSA-N,1.0,True,True
11231,PQJAHYFXZLSDGS-UHFFFAOYSA-N,1.0,True,True
11198,SMPDXBVDYATJEM-UHFFFAOYSA-N,1.0,True,True
11197,DPVAJJGJPXEXJO-UHFFFAOYSA-N,1.0,True,True
11196,WOUSLNLUABIAMU-UHFFFAOYSA-N,1.0,True,True
11195,ONRKTBKMKWJKFO-UHFFFAOYSA-N,1.0,True,True
11194,WIMMKADZSHJIOF-UHFFFAOYSA-N,1.0,True,True
11193,ZUHQAIYRQVVNME-UHFFFAOYSA-N,1.0,True,True
11192,HYFNSBAWQQXXJB-UHFFFAOYSA-N,1.0,True,True
11191,XTTMENHUMKSBOA-UHFFFAOYSA-N,1.0,True,True
11190,YYFIURWNQGHONO-UHFFFAOYSA-N,1.0,True,True
11189,NFUGHWZDFKCXAL-UHFFFAOYSA-N,1.0,True,True
11188,MRXUUDKPNDDYSJ-UHFFFAOYSA-N,1.0,True,True
11187,BRCDLRPEVYVVNV-UHFFFAOYSA-N,1.0,True,True
11186,CVMWUCDXDQDDMI-UHFFFAOYSA-N,1.0,True,True
11217,MRWSNOAOFIJTJT-UHFFFAOYSA-N,1.0,True,True
11216,YHCCKELKKSYRAW-UHFFFAOYSA-N,1.0,True,True
11215,XDJTXCVEXCXQDS-QRIPLOBPSA-N,1.0,True,True
11182,QEUBQTWVJOCNIL-UHFFFAOYSA-N,1.0,True,True
11181,PBUWPSIIIWBTDF-UHFFFAOYSA-N,1.0,True,True
11180,OYALNAVDZIHWSA-UHFFFAOYSA-N,1.0,True,True
11179,MXVHINFRUAMSAM-UHFFFAOYSA-N,1.0,True,True
11178,FXBJNTLLFZLOKU-UHFFFAOYSA-N,1.0,True,True
11177,ONYCMZGZSUNSDU-UHFFFAOYSA-N,1.0,True,True
11176,CLPHZEGOSPFSBQ-UHFFFAOYSA-N,1.0,True,True
11175,OQCBRYHTOOTYDQ-UHFFFAOYSA-N,1.0,True,True
11174,XSUCVNQSYSLVFZ-UHFFFAOYSA-N,1.0,True,True
11173,GJDIUJPLNDHTJK-UHFFFAOYSA-N,1.0,True,True
11172,APJVGPCJHPZKQE-UHFFFAOYSA-N,1.0,True,True
11171,UYCGBHYTUHKVLF-UHFFFAOYSA-N,1.0,True,True
11170,VEBCNYUQLJQYQV-IWPPFLRJSA-N,1.0,True,True
11201,RBASNJDQBDDJMA-UHFFFAOYSA-N,1.0,True,True
11200,MQFRYBKONCKERQ-UHFFFAOYSA-N,1.0,True,True
11199,KOMJDAFWIUYDMN-UHFFFAOYSA-N,1.0,True,True
11166,IEGCOQWULQUEIB-UHFFFAOYSA-N,1.0,True,True
11165,QEVWJOPWMDHIJN-UHFFFAOYSA-N,1.0,True,True
11164,BHRAAQCAOFDIKM-UHFFFAOYSA-N,1.0,True,True
11163,VAXJGOIUSKKJSC-IBOPQAGSSA-N,1.0,True,True
11162,VAXJGOIUSKKJSC-BYICEURKSA-N,1.0,True,True
11161,NPRIDIIWTMTUQN-UHFFFAOYSA-N,1.0,True,True
11160,UHEMHSPOHSNDPP-UHFFFAOYSA-N,1.0,True,True
11159,GSIDOQBRYSLDFL-UHFFFAOYSA-N,1.0,True,True
11158,ZWCJNWGNTVVZAY-UHFFFAOYSA-N,1.0,True,True
11157,VOQJCNCHNYXAHK-UHFFFAOYSA-N,1.0,True,True
11156,YXMXLFUBONVXHG-UHFFFAOYSA-N,1.0,True,True
11155,YDJWCHHEOQLGRF-UHFFFAOYSA-N,1.0,True,True
11154,VCEJNBKFGYUOAV-UHFFFAOYSA-N,1.0,True,True
11185,XOTXBJUGNVLPPU-UHFFFAOYSA-N,1.0,True,True
11184,SZYGIYOASFCPLZ-UHFFFAOYSA-N,1.0,True,True
11183,OLCUYJGFKWNRCN-UHFFFAOYSA-N,1.0,True,True
11150,LAZFZIWZZIGQJS-UHFFFAOYSA-N,1.0,True,True
11149,KQTFZCHBOYFXCP-UHFFFAOYSA-N,1.0,True,True
11148,MPKRHLVEZJMKSQ-UHFFFAOYSA-N,1.0,True,True
11147,HBURBIQELBMUMW-UHFFFAOYSA-N,1.0,True,True
11146,VOAZHTBEAJMEJD-UHFFFAOYSA-N,1.0,True,True
11145,GJYNLCXNADCCQY-UHFFFAOYSA-N,1.0,True,True
11144,YQCQOEUNADYSQB-UHFFFAOYSA-N,1.0,True,True
11143,RCXVTRGVNASBGN-UHFFFAOYSA-N,1.0,True,True
11142,OPYSMUIPYOFEJM-UHFFFAOYSA-N,1.0,True,True
11141,PECIDALIWOOWCQ-UHFFFAOYSA-N,1.0,True,True
11140,HGDHFXBEYHQAFE-UHFFFAOYSA-N,1.0,True,True
11139,FMRWBGOWLJYYRE-UHFFFAOYSA-N,1.0,True,True
11138,UAFCZYPSWNNIIW-UHFFFAOYSA-N,1.0,True,True
11169,JUWVCPHIEOBBBX-UHFFFAOYSA-N,1.0,True,True
11168,YCQWWIHXUQFOSS-UHFFFAOYSA-N,1.0,True,True
11167,GHNPZRYQUFQKPU-UHFFFAOYSA-N,1.0,True,True
11134,HUPQGYWOOXXMSL-OOJLDXBWSA-N,1.0,True,True
11133,XURBYESKPQDHPG-UHFFFAOYSA-N,1.0,True,True
11132,LRFHTBSDULRIQL-UHFFFAOYSA-N,1.0,True,True
11131,ZGPHECKQKMQLRC-UHFFFAOYSA-N,1.0,True,True
11130,RTDUSRKZBFAIAB-UHFFFAOYSA-N,1.0,True,True
11129,ANQBDHPWODXVCO-UHFFFAOYSA-N,1.0,True,True
11128,QEHDFAYJDGORHZ-UHFFFAOYSA-N,1.0,True,True
11127,SOAAIGPFDSGXCU-UHFFFAOYSA-N,1.0,True,True
11126,QAWORMUPJNWXIY-UHFFFAOYSA-N,1.0,True,True
11125,LKXICVPACXUTFF-UHFFFAOYSA-N,1.0,True,True
11124,JSVWDAOFOUHTDV-UHFFFAOYSA-N,1.0,True,True
11123,HNTGMIGBGVFOBT-UHFFFAOYSA-N,1.0,True,True
11122,JUKZULRZEVDHPX-UHFFFAOYSA-N,1.0,True,True
11152,RTBVDNMPGRUITF-UHFFFAOYSA-N,1.0,True,True
11151,HSTLONLOZYLZQL-UHFFFAOYSA-N,1.0,True,True
11118,IWSFCGVHLTWHDV-UHFFFAOYSA-N,1.0,True,True
11117,WJLUXQBBOAHUQF-UHFFFAOYSA-N,1.0,True,True
11116,MEJSOHYKNDXEOJ-UHFFFAOYSA-N,1.0,True,True
11115,BIXSNSVUGZVECA-UHFFFAOYSA-N,1.0,True,True
11114,VAXLLZCHYORTHY-UHFFFAOYSA-N,1.0,True,True
11113,SEZHEVBYAJQSTH-UHFFFAOYSA-N,1.0,True,True
11112,SNRGCYUJBOYNDE-UHFFFAOYSA-N,1.0,True,True
11111,SOBXXRRNUIFQCE-UHFFFAOYSA-N,1.0,True,True
11110,VHUATQCRNXUCGB-UHFFFAOYSA-N,1.0,True,True
11109,ATKZJCRLCYLLEQ-UHFFFAOYSA-N,1.0,True,True
11108,ZBPRDHDLFQBBGY-UHFFFAOYSA-N,1.0,True,True
11107,SWIXTOYNUPXGCN-UHFFFAOYSA-N,1.0,True,True
11106,HIKATBJJSDHHEY-UHFFFAOYSA-N,1.0,True,True
11137,IJPCJSYBSBFIPT-PTEGZUARSA-N,1.0,True,True
11136,IJPCJSYBSBFIPT-PMSBKCLSSA-N,1.0,True,True
11135,HUPQGYWOOXXMSL-IWPPFLRJSA-N,1.0,True,True
11102,FMKBZIGZLRKXIH-UHFFFAOYSA-N,1.0,True,True
11101,IKRCUZQWCMWZHT-UHFFFAOYSA-N,1.0,True,True
11100,HXUHSJGKEFGEDN-UHFFFAOYSA-N,1.0,True,True
11099,VNHCOEOQWCOOGK-UHFFFAOYSA-N,1.0,True,True
11098,RMLTYJCNHPAVSD-UHFFFAOYSA-N,1.0,True,True
11097,QAAZQHMGRFXBEY-UHFFFAOYSA-N,1.0,True,True
11096,LBTDTNCTQRWTGT-UHFFFAOYSA-N,1.0,True,True
11095,ZFHWKRNPVTVJIC-UHFFFAOYSA-N,1.0,True,True
11094,VRKBGUGEDMDDDZ-UHFFFAOYSA-N,1.0,True,True
11093,PCVCHDVNVHXWOF-UHFFFAOYSA-N,1.0,True,True
11092,LRWKQKKVZYGPCC-UHFFFAOYSA-N,1.0,True,True
11091,RGOJLYPXCFQUNA-UHFFFAOYSA-N,1.0,True,True
11090,YVAPRRCQFABLJH-UHFFFAOYSA-N,1.0,True,True
11121,FDQZXDNLMPQOTM-UHFFFAOYSA-N,1.0,True,True
11120,WDDSHVJFFXAIIP-UHFFFAOYSA-N,1.0,True,True
11119,SNAJUVNYGPGSDA-UHFFFAOYSA-N,1.0,True,True
11086,JTPGMRMPGCVFSD-UHFFFAOYSA-N,1.0,True,True
11085,HLXAGDVZMOOXGK-UHFFFAOYSA-N,1.0,True,True
11084,MRDTUBDYVVAAEV-UHFFFAOYSA-N,1.0,True,True
11083,PJOVPJQQORHCMV-UHFFFAOYSA-N,1.0,True,True
11082,BXZNRUQYZFDMBY-UHFFFAOYSA-N,1.0,True,True
11081,PEXUTCVGBYTRRJ-UHFFFAOYSA-N,1.0,True,True
11080,JQJYRCRTVDZIPA-UHFFFAOYSA-N,1.0,True,True
11079,SNDQJASTUHNNMJ-UHFFFAOYSA-N,1.0,True,True
11078,RGRUWZSNMDVYLE-UHFFFAOYSA-N,1.0,True,True
11077,LVRNFIOOPBODTO-UHFFFAOYSA-N,1.0,True,True
11076,NCLNULAFMQQMEG-UHFFFAOYSA-N,1.0,True,True
11075,KPXVMWNUBZRLTR-UHFFFAOYSA-N,1.0,True,True
11074,LOLASGLORQZWFW-UHFFFAOYSA-N,1.0,True,True
11105,XXOCJTVDYAKZJR-UHFFFAOYSA-N,1.0,True,True
11104,YXTUKTSVMIVXNR-UHFFFAOYSA-N,1.0,True,True
11103,YQHNOGULUFIPID-UHFFFAOYSA-N,1.0,True,True
11070,HIBMILFREVRQGG-UHFFFAOYSA-N,1.0,True,True
11069,GOVLUHXMVBQFDQ-UHFFFAOYSA-N,1.0,True,True
11068,IMVAONJFYXHCBK-UHFFFAOYSA-N,1.0,True,True
11067,QHYOMLCQTUPZNS-UHFFFAOYSA-N,1.0,True,True
11066,ILSBWXBHGXMTMT-UHFFFAOYSA-N,1.0,True,True
11065,IKBYNXPLYAJLSF-UHFFFAOYSA-N,1.0,True,True
11064,SFWVDVJEPHAUFO-UHFFFAOYSA-N,1.0,True,True
11063,SKYBEVBGKIKFCV-UHFFFAOYSA-N,1.0,True,True
11062,WWUVPCBJDRWOBL-UHFFFAOYSA-N,1.0,True,True
11061,XIQVMPCBSFBTLV-UHFFFAOYSA-N,1.0,True,True
11060,VLVWXJJQALEFDS-UHFFFAOYSA-N,1.0,True,True
11059,KDNJYNOZBAJCOQ-UHFFFAOYSA-N,1.0,True,True
11058,HIKUOKQNKSMIEJ-UHFFFAOYSA-N,1.0,True,True
11089,FQRZLFUANQCMHP-UHFFFAOYSA-N,1.0,True,True
11088,UQPFEKLCKVWYRC-UHFFFAOYSA-N,1.0,True,True
11087,GHXBLKGBEDRUSQ-UHFFFAOYSA-N,1.0,True,True
11054,VQFSJYSDTJTIRK-UHFFFAOYSA-N,1.0,True,True
11053,DYTPHMPFCIVQCI-UHFFFAOYSA-N,1.0,True,True
11052,HUPQGYWOOXXMSL-UHFFFAOYSA-N,1.0,True,True
11051,YGXJUGFKVBAQDE-UHFFFAOYSA-N,1.0,True,True
11050,ASANYZRQUPXXDD-UHFFFAOYSA-N,1.0,True,True
11049,KQWUTUNUILCTIG-UHFFFAOYSA-N,1.0,True,True
11048,LMUIMFAPXZQLKA-UHFFFAOYSA-N,1.0,True,True
11047,NOBVKMHCARAWNC-UHFFFAOYSA-N,1.0,True,True
11046,BHNNCHOPAIILNF-UHFFFAOYSA-N,1.0,True,True
11045,LRXVOUISYUIKHG-UHFFFAOYSA-N,1.0,True,True
11044,PJKBZWSRWCEPNU-UHFFFAOYSA-N,1.0,True,True
11043,XPLVVLFEUHPDDV-UHFFFAOYSA-N,1.0,True,True
11042,AKLVFOCHUVYWLH-UHFFFAOYSA-N,1.0,True,True
11073,QMHIASOBYJSBMF-UHFFFAOYSA-N,1.0,True,True
11072,VTUQFOFRUDYVHM-UHFFFAOYSA-N,1.0,True,True
11071,OIGULYZQAYBTCC-UHFFFAOYSA-N,1.0,True,True
11038,BOJQBAUIJGRXPP-UHFFFAOYSA-N,1.0,True,True
11037,RDMNBDAQOZPAKK-UHFFFAOYSA-N,1.0,True,True
11036,NDVPWFDTWUXOBZ-UHFFFAOYSA-N,1.0,True,True
11035,JCNVMDPBSMEBEO-UHFFFAOYSA-N,1.0,True,True
11034,WQLQZODWVDPIJD-UHFFFAOYSA-N,1.0,True,True
11033,XXBWJKNOISUTKQ-UHFFFAOYSA-N,1.0,True,True
11032,YFMLAVMJUGUOAE-UHFFFAOYSA-N,1.0,True,True
11031,GIVIBBNBBLMYJW-UHFFFAOYSA-N,1.0,True,True
11030,YTIVOZPHTBNISC-UHFFFAOYSA-N,1.0,True,True
11029,PPXDSKHRCBJNOJ-UHFFFAOYSA-N,1.0,True,True
11028,WKZSFLCFLNYVAW-UHFFFAOYSA-N,1.0,True,True
11027,SIICGZDWNGHZNG-UHFFFAOYSA-N,1.0,True,True
11026,QAFKMYUKFYXNGW-UHFFFAOYSA-N,1.0,True,True
11057,XIKBRYBOONRZPD-UHFFFAOYSA-N,1.0,True,True
11056,WAWYCPMNUBYGEY-UHFFFAOYSA-N,1.0,True,True
11055,ISLGPIYOGJDDQV-UHFFFAOYSA-N,1.0,True,True
11022,FPDLWDMGWHKMBX-UHFFFAOYSA-N,1.0,True,True
11021,QTJACCWMEXHLNV-UHFFFAOYSA-N,1.0,True,True
11020,WBIHWYDPSLFZDT-UHFFFAOYSA-N,1.0,True,True
11019,ZYRFPHPGAPXXQU-UHFFFAOYSA-N,1.0,True,True
11018,GRLIWPLFKQBCAR-UHFFFAOYSA-N,1.0,True,True
11017,QRAJBWTXBUCHAH-UHFFFAOYSA-N,1.0,True,True
11016,RNRLYNYCNRAAEZ-UHFFFAOYSA-N,1.0,True,True
11015,PNPIXDDTLXQYPN-UHFFFAOYSA-N,1.0,True,True
11014,JUEASLGPFBKJQP-UHFFFAOYSA-N,1.0,True,True
11013,CCEAPCUJRPZOFY-UHFFFAOYSA-N,1.0,True,True
11012,YDLUGQXGXGXYAE-UHFFFAOYSA-N,1.0,True,True
11011,DTADDFFQGPJBRS-UHFFFAOYSA-N,1.0,True,True
11010,KVEYUGDKMKTKOP-UHFFFAOYSA-N,1.0,True,True
11041,GTKGKEAAWGMQPI-UHFFFAOYSA-N,1.0,True,True
11040,RTDSRLSIUXVDNJ-UHFFFAOYSA-N,1.0,True,True
11039,NRPFDNKUUWGHAQ-UHFFFAOYSA-N,1.0,True,True
11006,BOXDVUSNSRZBNS-UHFFFAOYSA-N,1.0,True,True
11005,SITZOEZUHVUXBP-UHFFFAOYSA-N,1.0,True,True
11004,KBCNVPDOKROLDD-UHFFFAOYSA-N,1.0,True,True
11003,PXLNQPGHQCGGCA-UHFFFAOYSA-N,1.0,True,True
11002,WUGLZKIPNKPIIO-UHFFFAOYSA-N,1.0,True,True
11001,BFVVNBMZLAPGEM-UHFFFAOYSA-N,1.0,True,True
11000,HASVKAJYYYYMPC-UHFFFAOYSA-N,1.0,True,True
10999,KQGNIROTKZSKFT-UHFFFAOYSA-N,1.0,True,True
10998,FDCSEIJLVLJADX-UHFFFAOYSA-N,1.0,True,True
10997,QTNKWSKZAGXZNJ-UHFFFAOYSA-N,1.0,True,True
10996,KGRZETRDFFZUQD-UHFFFAOYSA-N,1.0,True,True
10995,KTZYCBPQZSYYAC-UHFFFAOYSA-N,1.0,True,True
10994,WOGGYMULYVGVKM-UHFFFAOYSA-N,1.0,True,True
11025,SSWMHESTSIXUDB-UHFFFAOYSA-N,1.0,True,True
11024,CRVPGKKMFGKMOA-UHFFFAOYSA-N,1.0,True,True
11023,UDBPPDPMIHALLQ-UHFFFAOYSA-N,1.0,True,True
10990,MYCHSFKAYDXIRO-UHFFFAOYSA-N,1.0,True,True
10989,VJESELAOEXXWBT-UHFFFAOYSA-N,1.0,True,True
10987,FVZCXSKBERNHAQ-UHFFFAOYSA-N,1.0,True,True
10986,BJBJFKSNWGOIFV-UHFFFAOYSA-N,1.0,True,True
10985,FZDRNAZFYLNLLT-UHFFFAOYSA-N,1.0,True,True
10984,VSLOZXKMAMFOGN-UHFFFAOYSA-N,1.0,True,True
10983,XHWOAPVDIIAKNN-UHFFFAOYSA-N,1.0,True,True
10982,WQCCGTVJVMXJCM-UHFFFAOYSA-N,1.0,True,True
10981,QZDMVYDSSPIXRP-UHFFFAOYSA-N,1.0,True,True
10980,XJQQQUHCJRXQAZ-UHFFFAOYSA-N,1.0,True,True
10979,PASQGEITTLXZGW-UHFFFAOYSA-N,1.0,True,True
10970,UYVKQZPZWNZCPC-UHFFFAOYSA-N,0.6,False,False
11009,YFEIGPQLWYSWBK-UHFFFAOYSA-N,1.0,True,True
11008,KPZRWAHGVMFCII-UHFFFAOYSA-N,1.0,True,True
11007,IILKHPJMHYBBNE-UHFFFAOYSA-N,1.0,True,True
10966,CMIWEEMXYLRIFD-UHFFFAOYSA-N,0.6724137931034483,False,False
10965,HPBNGULMOSFQCE-UHFFFAOYSA-N,0.6724137931034483,False,False
10964,AXJOHBVUEFXNFA-UHFFFAOYSA-N,0.7692307692307693,False,False
10963,OVABJYDJLBBACY-UHFFFAOYSA-N,0.7407407407407407,False,False
10962,CMMQGGSIANZLHX-UHFFFAOYSA-N,0.7692307692307693,False,False
10961,QKALEHIJSMVCQQ-UHFFFAOYSA-N,0.7735849056603774,False,False
10960,QYCUDHFFPITISP-UHFFFAOYSA-N,0.7735849056603774,False,False
10959,SFTHBKMZSDHTFY-UHFFFAOYSA-N,0.8,False,False
10958,OMLSMQDACYGKAU-UHFFFAOYSA-N,0.7547169811320755,False,False
10957,SRYYGFKAPWOMFJ-UHFFFAOYSA-N,0.8,False,False
10956,FWTYUQWHRQXXEY-UHFFFAOYSA-N,0.7407407407407407,False,False
10955,OZMQLVUGHYJKEX-UHFFFAOYSA-N,0.7692307692307693,False,False
10954,ZJPMDJRHBPAPSG-UHFFFAOYSA-N,0.8,False,False
10993,RBXAXSSWSGACRD-UHFFFAOYSA-N,1.0,True,True
10992,FUKVWJLEULYHMF-UHFFFAOYSA-N,1.0,True,True
10991,PQJAHYFXZLSDGS-UHFFFAOYSA-N,1.0,True,True
10950,JQYHVJHEMFQDDO-UHFFFAOYSA-N,0.7192982456140351,False,False
10949,KVEKZGXLDNEGNI-UHFFFAOYSA-N,0.7592592592592593,False,False
10948,OVBXQVBDKFIJTE-UHFFFAOYSA-N,0.7037037037037037,False,False
10947,KZQPQWRASNOJLS-UHFFFAOYSA-N,0.7017543859649122,False,False
10946,TVNDSPAJSCOIID-UHFFFAOYSA-N,0.7592592592592593,False,False
10945,LNHOAZCMKDWRQF-UHFFFAOYSA-N,0.6666666666666666,False,False
10944,RBCUHWZMXUDIDR-UHFFFAOYSA-N,0.7272727272727273,False,False
10943,MUXILGBXEJSLNP-UHFFFAOYSA-N,0.6842105263157895,False,False
10942,NQBWPDUBOHTDOF-UHFFFAOYSA-N,0.7272727272727273,False,False
10941,YJUWVBRZBOYKHB-UHFFFAOYSA-N,0.7017543859649122,False,False
10940,BACRWZPDWGORKP-UHFFFAOYSA-N,0.7692307692307693,False,False
10939,OSCVWXQZFRHESM-UHFFFAOYSA-N,0.6607142857142857,False,False
10938,UFWMLHKPOWSCLJ-UHFFFAOYSA-N,0.7692307692307693,False,False
10969,ZTRCDAIGNDMOOW-UHFFFAOYSA-N,0.7627118644067796,False,False
10968,RRWMTHJYYMMVKE-UHFFFAOYSA-N,0.703125,False,False
10967,RYYNRXUGAWORNQ-UHFFFAOYSA-N,0.7627118644067796,False,False
10934,VDOPYDFUCXEYNN-UHFFFAOYSA-N,0.8431372549019608,False,False
10933,QMUNZLYVMIXIBD-UHFFFAOYSA-N,0.8392857142857143,False,False
10932,IEQOQVFRBSUYBQ-UHFFFAOYSA-N,0.8392857142857143,False,False
10931,LACBCPPBQPWPDK-UHFFFAOYSA-N,0.8363636363636363,False,False
10930,LFNWAXVZYXZQLB-UHFFFAOYSA-N,0.8301886792452831,False,False
10929,OKCWBVOTCVELKH-UHFFFAOYSA-N,0.7377049180327869,False,False
10928,YWNNLSALPDEVJF-UHFFFAOYSA-N,0.75,False,False
10927,JVOYHELJPSYSQK-UHFFFAOYSA-N,0.8421052631578947,False,False
10926,XNFISFBTOONOIU-UHFFFAOYSA-N,0.7543859649122807,False,False
10925,XGKMPDJZPJDHML-UHFFFAOYSA-N,0.8113207547169812,False,False
10924,GPEKMQHTGQVISG-UHFFFAOYSA-N,0.7368421052631579,False,False
10923,RCVAGKRYFFQPFM-UHFFFAOYSA-N,0.8035714285714286,False,False
10922,XZIAIVUIFHEZOL-UHFFFAOYSA-N,0.8301886792452831,False,False
10953,IIXVBZJLJVMIAN-UHFFFAOYSA-N,0.7735849056603774,False,False
10952,VYRBQEHRHSXIEP-UHFFFAOYSA-N,0.7321428571428571,False,False
10951,MICMZQWNVMNQKD-UHFFFAOYSA-N,0.7735849056603774,False,False
10918,CHUUTWMJBFXLHB-UHFFFAOYSA-N,0.7692307692307693,False,False
10917,JBIGATXGMVSESG-UHFFFAOYSA-N,0.7037037037037037,False,False
10916,VNWBSONEADWMAN-UHFFFAOYSA-N,0.6071428571428571,False,False
10915,AZFPAXHCVOBLOY-UHFFFAOYSA-N,0.6607142857142857,False,False
10914,MHOJRHUYOSQEKF-UHFFFAOYSA-N,0.7115384615384616,False,False
10913,CLRZEUWMSVLKPB-UHFFFAOYSA-N,0.640625,False,False
10912,MWXFMQCAGHBLNZ-UHFFFAOYSA-N,0.640625,False,False
10911,HJLRMLLFIDLAFX-UHFFFAOYSA-N,0.6666666666666666,False,False
10910,NWJBVTUAAPPRPH-UHFFFAOYSA-N,0.6666666666666666,False,False
10909,UYAKRLZRSMTFFQ-UHFFFAOYSA-N,0.7017543859649122,False,False
10908,KQUUDMNNPVYJFJ-UHFFFAOYSA-N,0.7017543859649122,False,False
10907,IPLDFVHFBUKFCN-UHFFFAOYSA-N,0.803921568627451,False,False
10906,BFDBWONPPANLOH-UHFFFAOYSA-N,0.7735849056603774,False,False
10937,JIYLVQOSIPBSDV-UHFFFAOYSA-N,0.8431372549019608,False,False
10936,JWNGMXZWPMIVMJ-UHFFFAOYSA-N,0.9166666666666666,False,True
10935,MULDTXFXUVQUDM-UHFFFAOYSA-N,0.9166666666666666,False,True
9626,QJVKGYZEXZRQEQ-UHFFFAOYSA-N,1.0,True,True
9625,HLDGYGDHHNONSV-UHFFFAOYSA-N,1.0,True,True
9624,GZZMTTBGSQFTJC-UHFFFAOYSA-N,1.0,True,True
9623,WDIDRKDEBROISE-UHFFFAOYSA-N,1.0,True,True
9622,OAHPRKCZRYCYBA-UHFFFAOYSA-N,1.0,True,True
9621,SXHSTTXLGDYOFV-UHFFFAOYSA-N,1.0,True,True
9620,YBWZIQWDYZWFKP-UHFFFAOYSA-N,1.0,True,True
9619,UCGMOWZWELUWKJ-UHFFFAOYSA-N,1.0,True,True
9618,GVVDGCTXLLCXIM-UHFFFAOYSA-N,1.0,True,True
9617,XZOGRIZEORZFMJ-UHFFFAOYSA-N,1.0,True,True
9616,NYRNRENKHMGXRU-UHFFFAOYSA-N,1.0,True,True
9615,IKDVSFZRINDHDU-UHFFFAOYSA-N,1.0,True,True
10905,URSZHAZAXHAWPI-UHFFFAOYSA-N,0.803921568627451,False,False
10921,LLEKPQQZIKOOOP-UHFFFAOYSA-N,0.8421052631578947,False,False
10920,ALJIFICPUWNOCS-UHFFFAOYSA-N,0.8301886792452831,False,False
10919,XMGJVVHBXGHKAM-UHFFFAOYSA-N,0.7017543859649122,False,False
9611,WBBLPMISNHPUKO-UHFFFAOYSA-N,0.8,False,False
9610,HTRSFSHWSIWKRX-UHFFFAOYSA-N,1.0,True,True
9609,XMCCWLJYDHMXMX-UHFFFAOYSA-N,1.0,True,True
9608,OAOLLTGANDFQHC-UHFFFAOYSA-N,1.0,True,True
9607,AHQSGFUMTDGPMR-UHFFFAOYSA-N,1.0,True,True
9606,KWMJNBKHHPQMPU-UHFFFAOYSA-N,1.0,True,True
9605,NVNUYXGFYYHAFZ-UHFFFAOYSA-N,1.0,True,True
9604,HYYJFYAZYUNSAB-UHFFFAOYSA-N,1.0,True,True
9602,GMJXFHINPQECML-UHFFFAOYSA-N,1.0,True,True
9601,MFYBNHQDINLQAL-UHFFFAOYSA-N,1.0,True,True
9600,MVALLMVEIKIDTI-UHFFFAOYSA-N,1.0,True,True
9599,PQDZPVHUGZGAPV-UHFFFAOYSA-N,1.0,True,True
9629,CBGRGVYIMBGCPT-UHFFFAOYSA-N,1.0,True,True
9628,CXTCUKJCQLYMGZ-UHFFFAOYSA-N,1.0,True,True
9595,FAUZMICWQAZOFO-UHFFFAOYSA-N,0.8245614035087719,False,False
9592,BCLQZEWOGRMLQJ-UHFFFAOYSA-N,1.0,True,True
9589,CBGRGVYIMBGCPT-UHFFFAOYSA-N,1.0,True,True
9588,CXTCUKJCQLYMGZ-UHFFFAOYSA-N,1.0,True,True
9587,OAOLLTGANDFQHC-UHFFFAOYSA-N,1.0,True,True
9586,QJVKGYZEXZRQEQ-UHFFFAOYSA-N,1.0,True,True
9585,HLDGYGDHHNONSV-UHFFFAOYSA-N,1.0,True,True
9584,DHARFMRKNKBDRP-UHFFFAOYSA-N,0.8421052631578947,False,False
9583,GZZMTTBGSQFTJC-UHFFFAOYSA-N,1.0,True,True
9614,KMDKDWGKCQQHNY-UHFFFAOYSA-N,1.0,True,True
9613,MTRUJTJUIWIBIC-UHFFFAOYSA-N,1.0,True,True
9612,DCKHNQSBEMEDCR-UHFFFAOYSA-N,1.0,True,True
9579,YEYPTCFBJVZFTA-UHFFFAOYSA-N,0.8305084745762712,False,False
9578,SXHSTTXLGDYOFV-UHFFFAOYSA-N,1.0,True,True
9577,ZOFVRGGQPARJTG-UHFFFAOYSA-N,0.6825396825396826,False,False
9576,CLLPQFCDRGRGQW-UHFFFAOYSA-N,0.8,False,False
9575,GHDCBMNYGJDIKS-UHFFFAOYSA-N,0.7457627118644068,False,False
9574,YBWZIQWDYZWFKP-UHFFFAOYSA-N,1.0,True,True
9573,UCGMOWZWELUWKJ-UHFFFAOYSA-N,1.0,True,True
9572,GVVDGCTXLLCXIM-UHFFFAOYSA-N,1.0,True,True
9571,AEJMCAMLXAJYRJ-UHFFFAOYSA-N,0.7719298245614035,False,False
9570,BZFMRFCASHPQMI-UHFFFAOYSA-N,0.8166666666666667,False,False
9569,XZOGRIZEORZFMJ-UHFFFAOYSA-N,1.0,True,True
9568,NYRNRENKHMGXRU-UHFFFAOYSA-N,1.0,True,True
9567,IKDVSFZRINDHDU-UHFFFAOYSA-N,1.0,True,True
9598,NKLNCDFENBVZIJ-UHFFFAOYSA-N,1.0,True,True
9597,LASIBQIITIILOH-UHFFFAOYSA-N,1.0,True,True
9596,LZUFJJLEOOPIJW-UHFFFAOYSA-N,1.0,True,True
9563,DCKHNQSBEMEDCR-UHFFFAOYSA-N,1.0,True,True
9562,HMWHEUGXPOLBMU-UHFFFAOYSA-N,0.875,False,True
9561,HTRSFSHWSIWKRX-UHFFFAOYSA-N,1.0,True,True
9560,YLDXJVNVCIPASA-UHFFFAOYSA-N,0.8620689655172413,False,True
9559,HVPWPWAEMGABDB-UHFFFAOYSA-N,0.8688524590163934,False,True
9558,DYRPWQSPJZCGSA-UHFFFAOYSA-N,0.8688524590163934,False,True
9557,XMCCWLJYDHMXMX-UHFFFAOYSA-N,1.0,True,True
9556,KGMJSVNJSMGFRW-UHFFFAOYSA-N,0.8709677419354839,False,True
9555,ZDZNQRHSDRUVIF-UHFFFAOYSA-N,0.8688524590163934,False,True
9554,JLEDUFCMTNYGQC-UHFFFAOYSA-N,0.864406779661017,False,True
9553,HTWCYDTVUQLGHU-UHFFFAOYSA-N,0.8709677419354839,False,True
9552,MJLFUIJJBUXTGY-UHFFFAOYSA-N,0.8333333333333334,False,False
9551,MSGIMIUTQKVWSI-UHFFFAOYSA-N,0.8135593220338984,False,False
9582,GCJDLRLXPNPISR-UHFFFAOYSA-N,0.7321428571428571,False,False
9581,WDIDRKDEBROISE-UHFFFAOYSA-N,1.0,True,True
9580,OAHPRKCZRYCYBA-UHFFFAOYSA-N,1.0,True,True
9547,UIEADFAWLXZURB-UHFFFAOYSA-N,0.8571428571428571,False,True
9546,UYHMJUSVLKFXKW-UHFFFAOYSA-N,0.864406779661017,False,True
9545,NPPIBCNNQVWRMH-UHFFFAOYSA-N,0.8571428571428571,False,True
9544,VTSCPUFAZATBCK-UHFFFAOYSA-N,0.8909090909090909,False,True
9543,FZKIHGDXJLOTOV-UHFFFAOYSA-N,0.7818181818181819,False,False
9542,KQFPZDRYRNQDHB-UHFFFAOYSA-N,0.7704918032786885,False,False
9540,DXMDVACUFAVRPZ-UHFFFAOYSA-N,0.7857142857142857,False,False
9539,AHQSGFUMTDGPMR-UHFFFAOYSA-N,1.0,True,True
9538,KWMJNBKHHPQMPU-UHFFFAOYSA-N,1.0,True,True
9537,WDLMJUGHVMMQDU-UHFFFAOYSA-N,0.7288135593220338,False,False
9536,NVNUYXGFYYHAFZ-UHFFFAOYSA-N,1.0,True,True
9535,PXDRZVPKSNGTRV-UHFFFAOYSA-N,0.875,False,True
9566,KMDKDWGKCQQHNY-UHFFFAOYSA-N,1.0,True,True
9565,KOERHEOOMURYME-UHFFFAOYSA-N,0.8214285714285714,False,False
9564,MTRUJTJUIWIBIC-UHFFFAOYSA-N,1.0,True,True
9531,RNDJFKWCKLPEQP-UHFFFAOYSA-N,0.8688524590163934,False,True
9530,CEEKJUMAQGNRGB-UHFFFAOYSA-N,0.8709677419354839,False,True
9529,XBAGKJJANZXYQQ-UHFFFAOYSA-N,0.8688524590163934,False,True
9528,FBMHIPFONPETDT-UHFFFAOYSA-N,0.864406779661017,False,True
9527,XQUSKAFQIMCQJG-UHFFFAOYSA-N,0.8709677419354839,False,True
9526,PFHXIFHEIXNWLS-UHFFFAOYSA-N,0.8688524590163934,False,True
9525,DCMNBSLQTILERH-UHFFFAOYSA-N,0.8769230769230769,False,True
9524,VIZAEELDXMJFJQ-UHFFFAOYSA-N,0.864406779661017,False,True
9523,MDGIWACZZFGXRE-UHFFFAOYSA-N,0.8571428571428571,False,True
9522,WAJXDOLHAZUWOO-UHFFFAOYSA-N,0.864406779661017,False,True
9521,OMGCHIZJXWKMRN-UHFFFAOYSA-N,0.8571428571428571,False,True
9520,WZQTUDLLZIRYAS-UHFFFAOYSA-N,0.8518518518518519,False,True
9519,HYYJFYAZYUNSAB-UHFFFAOYSA-N,1.0,True,True
9550,PQCFXCMPABNJNN-UHFFFAOYSA-N,0.8688524590163934,False,True
9549,KEVWRHXXFORMKH-UHFFFAOYSA-N,0.8769230769230769,False,True
9548,BPLZOXUCGLRCTB-UHFFFAOYSA-N,0.864406779661017,False,True
9515,MFYBNHQDINLQAL-UHFFFAOYSA-N,1.0,True,True
9514,MVALLMVEIKIDTI-UHFFFAOYSA-N,1.0,True,True
9513,PQDZPVHUGZGAPV-UHFFFAOYSA-N,1.0,True,True
9512,QQHMCBQXENVKNU-UHFFFAOYSA-N,0.8181818181818182,False,False
9511,SESZHCUZWNFFCM-UHFFFAOYSA-N,0.8035714285714286,False,False
9510,NKLNCDFENBVZIJ-UHFFFAOYSA-N,1.0,True,True
9508,LASIBQIITIILOH-UHFFFAOYSA-N,1.0,True,True
9507,LZUFJJLEOOPIJW-UHFFFAOYSA-N,1.0,True,True
9506,WVKNOEMSHFZOMC-UHFFFAOYSA-N,1.0,True,True
9505,KOAALXAXFBKMKR-UHFFFAOYSA-N,0.8490566037735849,False,False
9504,FURMQZYSFFTQLK-UHFFFAOYSA-N,1.0,True,True
9503,BCLQZEWOGRMLQJ-UHFFFAOYSA-N,1.0,True,True
9534,AAYIKPAXKVCMPR-UHFFFAOYSA-N,0.8709677419354839,False,True
9533,SIGZWGWAYQSFRK-UHFFFAOYSA-N,0.8620689655172413,False,True
9532,WHNDWMXPGGGKSF-UHFFFAOYSA-N,0.8688524590163934,False,True
9471,CPINCHUTPZBPHY-AWEZNQCLSA-N,1.0,True,True
9470,DFUVHUWIUFZNMU-UHFFFAOYSA-N,0.9833333333333333,True,True
9469,ULOJKBYZCDSWKW-UHFFFAOYSA-N,0.9833333333333333,True,True
9468,YWIBUMWKINPADD-UHFFFAOYSA-N,0.7352941176470589,False,False
9467,HUPBYJOIRBUVBG-UHFFFAOYSA-N,0.7076923076923077,False,False
9466,WRAACZDREUKNMS-UHFFFAOYSA-N,0.6935483870967742,False,False
9465,VYEDPUYQLSQVLT-CQSZACIVSA-N,1.0,True,True
9464,VYEDPUYQLSQVLT-AWEZNQCLSA-N,1.0,True,True
9463,VEQKKBKZJSIMEB-UHFFFAOYSA-N,0.6923076923076923,False,False
9462,IFEMHCNYOQWORI-UHFFFAOYSA-N,0.7076923076923077,False,False
9502,AMZDDJMCCVAXKN-UHFFFAOYSA-N,0.8245614035087719,False,False
9501,ITYXEJVELHAHBC-UHFFFAOYSA-N,1.0,True,True
9500,RKAFYSIKAVFVPS-UHFFFAOYSA-N,1.0,True,True
9518,HLZCITRKGRESDX-UHFFFAOYSA-N,1.0,True,True
9517,AEKTZPUSTZFQLE-UHFFFAOYSA-N,0.8181818181818182,False,False
9516,GMJXFHINPQECML-UHFFFAOYSA-N,1.0,True,True
9458,FEVRAYFEKULAER-UHFFFAOYSA-N,0.7297297297297297,False,False
9457,OVSUKLQDRKBUCJ-UHFFFAOYSA-N,0.7808219178082192,False,False
9456,ZRYAWAXYBSISII-UHFFFAOYSA-N,0.7727272727272727,False,False
9455,ZHXPARCOWJXXBG-UHFFFAOYSA-N,0.7205882352941176,False,False
9454,ZTDUIPGMHVZDSC-UHFFFAOYSA-N,0.7205882352941176,False,False
9453,CHNMAIIHTHMONI-UHFFFAOYSA-N,0.782608695652174,False,False
9452,LXMSFQOYBMRXLP-UHFFFAOYSA-N,0.7796610169491526,False,False
9451,WSGFMSAUJRUYIP-UHFFFAOYSA-N,0.6901408450704225,False,False
9450,QFLQQGXZPWYIIM-UHFFFAOYSA-N,0.7846153846153846,False,False
9449,HAPZQIFRRLUJNZ-UHFFFAOYSA-N,0.8,False,False
9448,IWTBRNMDVXZNJD-UHFFFAOYSA-N,0.684931506849315,False,False
9447,CRTNETOPEFHLTG-UHFFFAOYSA-N,0.7777777777777778,False,False
9446,CRYLYJCGHZGFEU-UHFFFAOYSA-N,0.7777777777777778,False,False
9474,CPINCHUTPZBPHY-CQSZACIVSA-N,1.0,True,True
9473,UNCAYGDHJNSLTF-UHFFFAOYSA-N,0.8923076923076924,False,True
9472,BPERRLNVZQMOGF-UHFFFAOYSA-N,0.8923076923076924,False,True
9442,DLFVBJYELGEWOB-UHFFFAOYSA-N,0.9833333333333333,True,True
9441,OXZFJIUKPSWKSD-UHFFFAOYSA-N,0.6865671641791045,False,False
9440,PSESQJHZSFRJEZ-UHFFFAOYSA-N,0.8307692307692308,False,False
9439,JHIMKZNAAWBSSG-UHFFFAOYSA-N,0.6619718309859155,False,False
9438,JAFVQMNLHHGHSW-UHFFFAOYSA-N,0.90625,False,True
9437,XBLALWPVEHJKEZ-UHFFFAOYSA-N,0.7878787878787878,False,False
9436,WEMXRQPUXNIFIX-UHFFFAOYSA-N,0.78125,False,False
9435,FHMLDXUPNYLOSQ-UHFFFAOYSA-N,0.8153846153846154,False,False
9434,XSGRSCHCEFLNNE-UHFFFAOYSA-N,0.8153846153846154,False,False
9433,JFTXCKBBTBBWKE-UHFFFAOYSA-N,0.859375,False,True
9432,YWOLYQSYUZQEFL-UHFFFAOYSA-N,0.7205882352941176,False,False
9431,OJSHOAVFOCHGAJ-UHFFFAOYSA-N,0.7246376811594203,False,False
9430,ZHLKRXBKTXFBLW-UHFFFAOYSA-N,0.7049180327868853,False,False
9461,OJFOKTNOQLJSBA-UHFFFAOYSA-N,0.8181818181818182,False,False
9460,SMJXASYJVMYHAN-UHFFFAOYSA-N,0.75,False,False
9459,ILGPODQWWBHFTM-UHFFFAOYSA-N,0.7297297297297297,False,False
9425,KXXUMUWGRTWPIB-UHFFFAOYSA-N,0.9833333333333333,True,True
9416,XBSFUQNNQLGALI-UHFFFAOYSA-N,0.5555555555555556,False,False
9415,ASOBWOPEMVIGDW-UHFFFAOYSA-N,0.72,False,False
9414,TZHKTSMDCDNYQE-UHFFFAOYSA-N,0.8048780487804879,False,False
9413,RUTCMLZPVQASOI-UHFFFAOYSA-N,0.7674418604651163,False,False
9412,ZBYWVYAUIHFINM-UHFFFAOYSA-N,0.7446808510638298,False,False
9411,LGWPBGNFZLVMAK-UHFFFAOYSA-N,0.6888888888888889,False,False
9410,LSXVTWRXSDWFFV-UHFFFAOYSA-N,0.75,False,False
9409,GWSFIKFAWNAWRF-UHFFFAOYSA-N,0.6274509803921569,False,False
9408,FUISZFTUZYDJFB-UHFFFAOYSA-N,0.5882352941176471,False,False
9407,COMBXNATVOBFEO-UHFFFAOYSA-N,0.7777777777777778,False,False
9406,LDZNZBWLOAOIGU-UHFFFAOYSA-N,0.6274509803921569,False,False
9429,KPGCIMIPNXLMIU-UHFFFAOYSA-N,0.8548387096774194,False,True
9445,OLTQOLIYAXHYEN-UHFFFAOYSA-N,0.6901408450704225,False,False
9444,HOVFKELODORXLM-UHFFFAOYSA-N,0.7796610169491526,False,False
9443,ZAODZLOWPGUASS-UHFFFAOYSA-N,0.7142857142857143,False,False
9402,ZMPWBSWEOFOJNH-UHFFFAOYSA-N,0.75,False,False
9401,BERDVGQPCFXGON-UHFFFAOYSA-N,0.7291666666666666,False,False
9400,DUYPOMZRNDWMCK-UHFFFAOYSA-N,0.5844155844155844,False,False
9399,LHWIGVMUWJNQML-UHFFFAOYSA-N,0.5844155844155844,False,False
9398,CQTDJXJOOAZIHV-UHFFFAOYSA-N,0.5789473684210527,False,False
9397,SDCMWAFQTLPJAX-UHFFFAOYSA-N,0.6470588235294118,False,False
9396,PHWCXTJOPRCJAL-UHFFFAOYSA-N,0.7608695652173914,False,False
9395,OVHOKMZPNNFIGJ-UHFFFAOYSA-N,0.7674418604651163,False,False
9394,MKRLZMQZGSUOHD-UHFFFAOYSA-N,0.8,False,False
9393,TWFWUSFQENTRHQ-UHFFFAOYSA-N,0.7777777777777778,False,False
9392,OVOLDNTUDQFHHT-UHFFFAOYSA-N,0.7674418604651163,False,False
9391,DZQKDAYNFGQYLI-UHFFFAOYSA-N,0.8048780487804879,False,False
9390,QNZZHSAWOWFJMK-UHFFFAOYSA-N,0.32727272727272727,False,False
9428,QJSQXKXOEBWNFI-UHFFFAOYSA-N,0.8548387096774194,False,True
9427,FGQGFYSBDYPPJU-UHFFFAOYSA-N,0.6060606060606061,False,False
9426,NMZXYQSKTNEBTC-UHFFFAOYSA-N,0.6716417910447762,False,False
9379,TXZBJPGITMKBQV-UHFFFAOYSA-N,0.7321428571428571,False,False
9378,HWVMDBOCXMBNOQ-UHFFFAOYSA-N,0.7592592592592593,False,False
9377,IFUAXDHEQZPWPX-UHFFFAOYSA-N,0.5925925925925926,False,False
9376,DURQQTOYVMJXHI-UHFFFAOYSA-N,0.7450980392156863,False,False
9375,SBYZYYITCBUDQA-UHFFFAOYSA-N,0.7450980392156863,False,False
9374,ADIYYOAJKPOBSE-UHFFFAOYSA-N,0.7358490566037735,False,False
9373,JIACVAOMZWBCOU-UHFFFAOYSA-N,0.7358490566037735,False,False
9372,ZTXKBJGIRRXLHJ-UHFFFAOYSA-N,0.8297872340425532,False,False
9371,QWLAXLWVYILCRN-UHFFFAOYSA-N,0.8478260869565217,False,False
9370,MRITZCGZNRRCKO-UHFFFAOYSA-N,0.7096774193548387,False,False
9369,RGDOXBCBBKFCDR-UHFFFAOYSA-N,0.7636363636363637,False,False
9368,CIWNRBBNEHBZQG-UHFFFAOYSA-N,0.7959183673469388,False,False
9367,FRVOHPUCLDGNHY-UHFFFAOYSA-N,0.7636363636363637,False,False
9405,RQJFZTWQGGPOES-LBPRGKRZSA-N,0.6274509803921569,False,False
9404,FZSZRHKRVCERKV-UHFFFAOYSA-N,0.7111111111111111,False,False
9403,UITYEUIAXXOGML-UHFFFAOYSA-N,0.75,False,False
9361,KKXRQYFACDUUGO-UHFFFAOYSA-N,0.7659574468085106,False,False
9360,QTJRVQASNNDEBG-UHFFFAOYSA-N,0.8,False,False
9359,GHZJUVWYFTYNLR-UHFFFAOYSA-N,0.7551020408163265,False,False
9358,DCHHYNNAVWAFGH-UHFFFAOYSA-N,0.7254901960784313,False,False
9357,YRZXBNJMKSWTEJ-UHFFFAOYSA-N,0.8666666666666667,False,True
9356,WNNFWZQCTPLMGM-UHFFFAOYSA-N,0.8478260869565217,False,False
9348,IFDFTZIPGKCUAY-UHFFFAOYSA-N,0.8658536585365854,False,True
9346,ZCZBHLIRVJEXIX-UHFFFAOYSA-N,0.8953488372093024,False,True
9344,BUFOEPSMGJRYJG-UHFFFAOYSA-N,0.8860759493670886,False,True
9366,ZFDLGGMLXBYDQA-UHFFFAOYSA-N,0.6727272727272727,False,False
9365,MINZJVARDUCXBM-UHFFFAOYSA-N,0.5849056603773585,False,False
9389,NHEJMKHWOLANFK-UHFFFAOYSA-N,0.6382978723404256,False,False
9381,CZPINGZLLBASDM-UHFFFAOYSA-N,0.5606060606060606,False,False
9380,YQMGEHWRLGBHMO-UHFFFAOYSA-N,0.4666666666666667,False,False
9340,HGTJIYSCZZJYQV-UHFFFAOYSA-N,0.8928571428571429,False,True
9338,UGIJYEQNBLQMFN-UHFFFAOYSA-N,0.8953488372093024,False,True
9336,LCMQWWOCPJPENI-UHFFFAOYSA-N,0.8641975308641975,False,True
9334,LWVVQGRKJJJZDX-UHFFFAOYSA-N,0.8470588235294118,False,False
9332,SZRMJAIEVZDXOY-UHFFFAOYSA-N,0.8470588235294118,False,False
9330,YWLXEXJOGIHWTR-UHFFFAOYSA-N,0.8333333333333334,False,False
9328,UFPUJIFPMCCGBA-UHFFFAOYSA-N,0.8705882352941177,False,True
9364,FBSDTTKHJCUOMW-UHFFFAOYSA-N,0.8666666666666667,False,True
9363,UJHFIKNXSSTANT-UHFFFAOYSA-N,0.7959183673469388,False,False
9362,IIWIRZFJNUKGRO-UHFFFAOYSA-N,0.782608695652174,False,False
9325,WHDFYYGIAVOVOV-UHFFFAOYSA-N,0.8588235294117647,False,True
9324,JBHDEPSFLYXURP-UHFFFAOYSA-N,0.9285714285714286,False,True
9322,NABSMPHXXQOULO-UHFFFAOYSA-N,0.8658536585365854,False,True
9320,NGJLIEJRWANREA-UHFFFAOYSA-N,0.8928571428571429,False,True
9318,RBIPORREGDEYMY-UHFFFAOYSA-N,0.8860759493670886,False,True
9316,JRCNIVNAGARRSZ-UHFFFAOYSA-N,0.7738095238095238,False,False
9342,UEPXFIPSHKYWBQ-UHFFFAOYSA-N,0.9285714285714286,False,True
9218,MPPOAAAYGFLFFQ-UHFFFAOYSA-N,1.0,True,True
9217,CKHPTKANQVULFQ-UHFFFAOYSA-N,1.0,True,True
9216,NPTWQGVBJUQQCY-UHFFFAOYSA-N,1.0,True,True
9215,IBVRGPLLJCQHBK-UHFFFAOYSA-N,1.0,True,True
9214,VRLBLCJSZGHUFA-UHFFFAOYSA-N,1.0,True,True
9238,PZVAREDWCCNZHB-UHFFFAOYSA-N,1.0,True,True
9237,JXDFGOOUDAQYJJ-UHFFFAOYSA-N,1.0,True,True
9236,CRQWSYCHBGJGHH-UHFFFAOYSA-N,1.0,True,True
9235,MXNJRAWOQSLRPW-UHFFFAOYSA-N,1.0,True,True
9234,HKEFKTBVVXWGCQ-UHFFFAOYSA-N,1.0,True,True
9233,TXYQVSOQOBBXPK-UHFFFAOYSA-N,1.0,True,True
9232,LCBHKOZSVREAKF-UHFFFAOYSA-N,1.0,True,True
9231,IRTZRSJCEFAXHG-UHFFFAOYSA-N,1.0,True,True
9202,MKESEOAHOFNCMY-UHFFFAOYSA-N,1.0,True,True
9201,KANTWVOZEPMRJU-UHFFFAOYSA-N,1.0,True,True
9200,PLVQJNIUFBUTLO-UHFFFAOYSA-N,1.0,True,True
9199,SWCQXZWAPDXGSB-UHFFFAOYSA-N,1.0,True,True
9198,PODNCIKWXLZANB-UHFFFAOYSA-N,1.0,True,True
9228,SKRGANARMDTLIH-UHFFFAOYSA-N,1.0,True,True
9227,PEQCJRBCWLHRSC-UHFFFAOYSA-N,1.0,True,True
9226,JOZOWRQYZCYYDW-UHFFFAOYSA-N,1.0,True,True
9225,NUCRBLNDDLLMEG-UHFFFAOYSA-N,1.0,True,True
9224,WTJRACREQZOTNC-UHFFFAOYSA-N,1.0,True,True
9223,XCZRQLIJQJWPBE-UHFFFAOYSA-N,1.0,True,True
9222,HNHASWOQZGYXQJ-UHFFFAOYSA-N,1.0,True,True
9221,AVDLYTVVKUMHRY-UHFFFAOYSA-N,1.0,True,True
9220,UKXSFOHOZTXBOQ-UHFFFAOYSA-N,1.0,True,True
9219,DJMJEIUXEZFKMN-UHFFFAOYSA-N,1.0,True,True
9186,CMQLMHMLVWUOKB-UHFFFAOYSA-N,1.0,True,True
9185,OHXPBNOCQXTJOV-UHFFFAOYSA-N,1.0,True,True
9184,ARSPAPMNNOFYNO-UHFFFAOYSA-N,1.0,True,True
9183,UYJKELNGSKIVTQ-UHFFFAOYSA-N,1.0,True,True
9182,DLAJQJFFGFNJKN-UHFFFAOYSA-N,1.0,True,True
9213,QKXZTGHQASBEHT-UHFFFAOYSA-N,1.0,True,True
9212,KQRLDIGZYYNYIL-UHFFFAOYSA-N,1.0,True,True
9211,SYYAWPPEVRDMHK-UHFFFAOYSA-N,1.0,True,True
9210,QONIUHUCMMZZLR-UHFFFAOYSA-N,1.0,True,True
9209,YDMNDKZGQVQPPU-UHFFFAOYSA-N,1.0,True,True
9208,CKOKSGBTKCBKJV-UHFFFAOYSA-N,1.0,True,True
9207,IGNXWCIABAARFT-UHFFFAOYSA-N,1.0,True,True
9206,VTHFIDNFAIEPDZ-UHFFFAOYSA-N,1.0,True,True
9205,ILEPTWSSRWLPSU-UHFFFAOYSA-N,1.0,True,True
9204,WQZPMXCNYMRHEJ-UHFFFAOYSA-N,1.0,True,True
9203,CIRHAQNIYQBVDB-UHFFFAOYSA-N,1.0,True,True
9170,PXQBFKZCCNWAAX-UHFFFAOYSA-N,1.0,True,True
9169,ZVSBPSJFPGTGBC-UHFFFAOYSA-N,1.0,True,True
9168,RCCDIUZAPKBQLV-UHFFFAOYSA-N,1.0,True,True
9167,QMRBCNQCRMTXBE-UHFFFAOYSA-N,1.0,True,True
9166,CGQOACVDRKDGKA-UHFFFAOYSA-N,0.7450980392156863,False,False
9197,UNRNJAJGTUCJNQ-UHFFFAOYSA-N,1.0,True,True
9196,RDZFQMMMQAIKGG-UHFFFAOYSA-N,1.0,True,True
9195,IQMSUROUAMMXKC-UHFFFAOYSA-N,1.0,True,True
9193,NYDYYNQCHVMACQ-UHFFFAOYSA-N,1.0,True,True
9191,ADLRNEWSYDZNHV-UHFFFAOYSA-N,1.0,True,True
9190,AGOBQDOPDBWLFK-UHFFFAOYSA-N,1.0,True,True
9189,BMXKNMCSUQJNEQ-UHFFFAOYSA-N,1.0,True,True
9188,LIBMSHTXWKWZLV-UHFFFAOYSA-N,1.0,True,True
9187,GGKXTEHMYYBSBX-UHFFFAOYSA-N,1.0,True,True
9154,DKOGUIPSHTZMNE-UHFFFAOYSA-N,0.6949152542372882,False,False
9153,AOBRGNVKIGVAAC-UHFFFAOYSA-N,0.6935483870967742,False,False
9152,HNVKYQJVNHQQOK-UHFFFAOYSA-N,0.5964912280701754,False,False
9151,CJGGFDIFZWMELB-UHFFFAOYSA-N,0.6666666666666666,False,False
9150,OVXLWXBZGNEVJT-UHFFFAOYSA-N,0.6551724137931034,False,False
9181,BYTXRPUPZUEVPQ-UHFFFAOYSA-N,1.0,True,True
9180,ONQQVIFFXCTUDI-UHFFFAOYSA-N,1.0,True,True
9179,PKHIODAAMQMSAM-UHFFFAOYSA-N,1.0,True,True
9178,ZYQMBWPQVJCQCT-UHFFFAOYSA-N,1.0,True,True
9177,OYIJBKVBNWJNSR-UHFFFAOYSA-N,1.0,True,True
9176,AALZVJNJHYMETG-UHFFFAOYSA-N,1.0,True,True
9175,UTTIFARMZYGWEZ-UHFFFAOYSA-N,1.0,True,True
9174,ILVKFXJXFRHLFY-UHFFFAOYSA-N,1.0,True,True
9173,QNCRKRVVMULPFX-UHFFFAOYSA-N,1.0,True,True
9172,OLJREKOWIRXEAX-UHFFFAOYSA-N,1.0,True,True
9171,OPWJYBMOPAUKHL-UHFFFAOYSA-N,1.0,True,True
9138,GPXVCNHUQOAPHB-UHFFFAOYSA-N,0.6935483870967742,False,False
9137,QYWUEUSIFOLZAC-UHFFFAOYSA-N,0.7457627118644068,False,False
9136,BLCYIIXGYOKZQQ-UHFFFAOYSA-N,0.7450980392156863,False,False
9135,ALNNBOGPPFLKJK-UHFFFAOYSA-N,0.7377049180327869,False,False
9134,HDABDGLVQKJMPM-UHFFFAOYSA-N,0.7413793103448276,False,False
9165,JILXELBWNGPOJT-BQYQJAHWSA-N,0.6545454545454545,False,False
9164,HFZASFNWEOBBNY-UHFFFAOYSA-N,0.8421052631578947,False,False
9163,VKFSMKZFUPIFKK-UHFFFAOYSA-N,0.7457627118644068,False,False
9162,QCZHSOGQHZCUSZ-UHFFFAOYSA-N,0.7592592592592593,False,False
9161,DTBCZPRZASRIPY-UHFFFAOYSA-N,0.717391304347826,False,False
9160,QTKQHCVNWONNPE-UHFFFAOYSA-N,0.7321428571428571,False,False
9159,WTOXKKRFMKUMDX-UHFFFAOYSA-N,0.7636363636363637,False,False
9158,WOTGVUKYBVNUOW-UHFFFAOYSA-N,0.6415094339622641,False,False
9157,BFQDHEXECCGTPD-UHFFFAOYSA-N,0.6545454545454545,False,False
9156,QHFLXBPYGIXKOM-UHFFFAOYSA-N,0.6470588235294118,False,False
9155,SOAIFXXJGNCQDZ-UHFFFAOYSA-N,0.6190476190476191,False,False
9122,SFEFSBFJNOOGHS-UHFFFAOYSA-N,0.6111111111111112,False,False
9121,MUIJBJSTFOWQKN-UHFFFAOYSA-N,0.7636363636363637,False,False
9120,LPSZYOCACWZFTM-UHFFFAOYSA-N,0.7636363636363637,False,False
9119,JDROKHWAAVQMBW-UHFFFAOYSA-N,0.7068965517241379,False,False
9118,DLDZZSDTMJAWBS-UHFFFAOYSA-N,0.6666666666666666,False,False
9149,AFLHQKFCAUAZBN-UHFFFAOYSA-N,0.6666666666666666,False,False
9148,LNJMZTRTZHJTHB-UHFFFAOYSA-N,0.6851851851851852,False,False
9147,IOFFPPJYBLBCGR-UHFFFAOYSA-N,0.7407407407407407,False,False
9146,CSOGCNNXYMAZIQ-UHFFFAOYSA-N,0.7407407407407407,False,False
9145,LGZNPORGMNLKSJ-UHFFFAOYSA-N,0.6271186440677966,False,False
9144,IXZCKJHEZUKLMV-UHFFFAOYSA-N,0.5967741935483871,False,False
9143,PRZPMXDLYLEICU-UHFFFAOYSA-N,0.6615384615384615,False,False
9142,DDOVTQYLXXNOBC-UHFFFAOYSA-N,0.6896551724137931,False,False
9141,KIVVVTOMCSDUAI-UHFFFAOYSA-N,0.7096774193548387,False,False
9140,COSFLIRXUPJAGN-UHFFFAOYSA-N,0.6111111111111112,False,False
9139,WNYWVMZZBMPMSC-UHFFFAOYSA-N,0.7096774193548387,False,False
9106,QNJMBZLFBPCGKM-UHFFFAOYSA-N,0.7407407407407407,False,False
9105,AAEWQNYMWDBBOX-UHFFFAOYSA-N,0.6607142857142857,False,False
9104,YPNBXXWNFMPWGW-UHFFFAOYSA-N,0.6666666666666666,False,False
9103,BVRMMNZJCWDEQI-UHFFFAOYSA-N,0.7547169811320755,False,False
9102,NEMPQLJDPORBAQ-UHFFFAOYSA-N,0.6851851851851852,False,False
9133,ORNCLECDKXQOSN-UHFFFAOYSA-N,0.7307692307692307,False,False
9132,JKKYZTANQOBDLB-UHFFFAOYSA-N,0.7288135593220338,False,False
9131,MVKRWDGKNAWLPU-UHFFFAOYSA-N,0.7413793103448276,False,False
9130,UPPJYTQIAHVDAO-UHFFFAOYSA-N,0.7321428571428571,False,False
9129,ONTRPZWSMRLXRP-UHFFFAOYSA-N,0.6896551724137931,False,False
9128,RSLJSCNLABVIJV-UHFFFAOYSA-N,0.71875,False,False
9127,KMWKQIAJRBSDSU-UHFFFAOYSA-N,0.65625,False,False
9126,SFOSNPFZBNRJSE-UHFFFAOYSA-N,0.71875,False,False
9125,RCHFOGIQNQGGAE-UHFFFAOYSA-N,0.6875,False,False
9124,OEGXKFQHSOCNAW-UHFFFAOYSA-N,0.65625,False,False
9123,GFXZZSVWHBLJPZ-UHFFFAOYSA-N,0.6909090909090909,False,False
9090,JOEZMQAHQHRTDZ-UHFFFAOYSA-N,1.0,True,True
9089,VWDHDHNMECLICK-UHFFFAOYSA-N,1.0,True,True
9088,GOZYMSUKKKEICN-UHFFFAOYSA-N,1.0,True,True
9087,OLEYDMXPANCHPA-UHFFFAOYSA-N,1.0,True,True
9086,QVRPMHDRWHSFIY-UHFFFAOYSA-N,1.0,True,True
9117,JIZVZCSUNCIVAJ-UHFFFAOYSA-N,0.6607142857142857,False,False
9116,IZRXZEVCNXABQR-UHFFFAOYSA-N,0.6545454545454545,False,False
9115,ZUOZJSZJNDAQHA-UHFFFAOYSA-N,0.6607142857142857,False,False
9114,JREKBHMHHTVDLW-UHFFFAOYSA-N,0.7450980392156863,False,False
9113,SVUMPYFPZFIOSP-UHFFFAOYSA-N,0.7450980392156863,False,False
9112,AVKUTTYOGRAGFM-UHFFFAOYSA-N,0.717391304347826,False,False
9111,NDFXPHHGUXOTCC-UHFFFAOYSA-N,0.75,False,False
9110,FSCBXVAAGUIJEM-UHFFFAOYSA-N,0.8,False,False
9109,HBSMECHIOFPSNR-UHFFFAOYSA-N,0.71875,False,False
9108,YGGNYPWYRNKMFK-UHFFFAOYSA-N,0.7735849056603774,False,False
9107,BMDQNHFLWVJHOM-UHFFFAOYSA-N,0.75,False,False
9085,XHNSBGHKGAKQLE-UHFFFAOYSA-N,1.0,True,True
9084,LNFYIBXMHKAGGH-CMDGGOBGSA-N,0.6666666666666666,False,False
9081,IRVKFRZWUBEJNQ-UHFFFAOYSA-N,1.0,True,True
9101,NIWDGQSHYBETHQ-UHFFFAOYSA-N,0.6491228070175439,False,False
9100,MOHQHBCANZKNHS-UHFFFAOYSA-N,0.7586206896551724,False,False
9099,KTBSWYQCMHYINT-UHFFFAOYSA-N,0.8,False,False
9098,YEFGWLDWJLGIKY-UHFFFAOYSA-N,0.7450980392156863,False,False
9097,IKGLIGNPCBTPFB-UHFFFAOYSA-N,0.7586206896551724,False,False
9096,WNUOWZYHROPGGS-UHFFFAOYSA-N,0.6101694915254238,False,False
9095,VSVXNGFPVUYNEL-UHFFFAOYSA-N,0.6785714285714286,False,False
9094,CVPBPFPABBVLOS-UHFFFAOYSA-N,0.7547169811320755,False,False
9092,GABXTADXGHTPSI-UHFFFAOYSA-N,1.0,True,True
9091,AQNZJUPTCLYFTA-UHFFFAOYSA-N,1.0,True,True
8139,DXZBHVQOULDEPN-UHFFFAOYSA-N,1.0,True,True
8136,SZBHZVKXNVDTIE-UHFFFAOYSA-N,1.0,True,True
8133,UPNYFUMWUGAOCK-UHFFFAOYSA-N,1.0,True,True
8157,CGFZPCQPXPTSQN-UHFFFAOYSA-N,1.0,True,True
8154,ADRMBWHHZXMLQT-UHFFFAOYSA-N,1.0,True,True
8151,YMUPNWDEGZHCIO-UHFFFAOYSA-N,1.0,True,True
8123,LXDWXYIHKJHDDN-UHFFFAOYSA-N,1.0,True,True
8121,GJGRKQRZLIIXJA-UHFFFAOYSA-N,1.0,True,True
8118,CKBMVYCGNMTNHY-UHFFFAOYSA-N,1.0,True,True
8145,GHZDQMGSRCACQD-UHFFFAOYSA-N,1.0,True,True
8142,NZBMJZMZMGJBDG-UHFFFAOYSA-N,1.0,True,True
8107,QCAPPVRPWYVOSX-UHFFFAOYSA-N,1.0,True,True
8106,COTSBSZVZHKVHA-UHFFFAOYSA-N,1.0,True,True
8103,ZCJDRBLJNPFHHK-UHFFFAOYSA-N,1.0,True,True
8130,DEDHMWRLLDHXOU-UHFFFAOYSA-N,1.0,True,True
8127,GIZMPHOXHUEIKD-UHFFFAOYSA-N,1.0,True,True
8091,JCMPHTUVJNLQSM-UHFFFAOYSA-N,1.0,True,True
8088,QWGADEFGUCQFCA-UHFFFAOYSA-N,1.0,True,True
8085,IKULLUGCPUIORT-UHFFFAOYSA-N,1.0,True,True
8115,WIWPZBHSZFDKHF-UHFFFAOYSA-N,1.0,True,True
8112,NBNUYPVZBAGDOV-UHFFFAOYSA-N,1.0,True,True
8075,CMSWXQJFWKDOLL-UHFFFAOYSA-N,1.0,True,True
8073,AUQACSYQTCLUKE-UHFFFAOYSA-N,1.0,True,True
8070,NCELYCWCFAOVEI-UHFFFAOYSA-N,1.0,True,True
8100,ICOPTTSATSRBGB-UHFFFAOYSA-N,1.0,True,True
8097,SQVAJVASVWGKNP-UHFFFAOYSA-N,1.0,True,True
8094,WENKGSGGXGQHSH-UHFFFAOYSA-N,1.0,True,True
8059,LRNRWXXZHCSYNQ-UHFFFAOYSA-N,1.0,True,True
8058,RKSIXQFJQDNKFU-UHFFFAOYSA-N,1.0,True,True
8055,VOMUVGYUZOWOBO-UHFFFAOYSA-N,1.0,True,True
8082,RHSIRCWMRPABPN-UHFFFAOYSA-N,1.0,True,True
8079,OHYCNMWZOPEZMQ-UHFFFAOYSA-N,1.0,True,True
8043,VSKGPJVKIDUZJQ-UHFFFAOYSA-N,1.0,True,True
8040,UZGVEFNBUJANDS-UHFFFAOYSA-N,1.0,True,True
8037,MFJRFWHLOUIGAO-UHFFFAOYSA-N,1.0,True,True
8067,SCZFMUWTABGOGF-UHFFFAOYSA-N,1.0,True,True
8064,RCEZXIJXXNBNAR-UHFFFAOYSA-N,1.0,True,True
8027,NYVGCNSACSJVJQ-UHFFFAOYSA-N,1.0,True,True
8025,LWMOTIQKAURFAC-UHFFFAOYSA-N,1.0,True,True
8022,QZTSIINAARXFSY-UHFFFAOYSA-N,1.0,True,True
8052,JQNHDDQMLWLWGH-UHFFFAOYSA-N,1.0,True,True
8049,VNSWQAODHHDXCN-UHFFFAOYSA-N,1.0,True,True
8046,ALTNHPWHVOJTJA-UHFFFAOYSA-N,1.0,True,True
8005,ZHINEOZMGPJDNM-UHFFFAOYSA-N,1.0,True,True
3931,IKIIZLYTISPENI-FBYGNRARSA-N,0.5185185185185185,False,False
3930,NQQVFXUMIDALNH-UHFFFAOYSA-N,0.20833333333333334,False,False
3927,PRPINYUDVPFIRX-UHFFFAOYSA-N,1.0,True,True
3925,OVSKIKFHRZPJSS-UHFFFAOYSA-N,1.0,True,True
8034,ZZWHJAPFYQWNIH-UHFFFAOYSA-N,1.0,True,True
8031,AABCQCXLKZIUFW-UHFFFAOYSA-N,1.0,True,True
17016,RHAJWIFEGQSJIF-BUGUTSFNSA-N,1.0,True,True
8019,MKHAIMPPDGEJEY-UHFFFAOYSA-N,1.0,True,True
8016,NOCXQSYFQQQRKE-UHFFFAOYSA-N,1.0,True,True
8013,NSNOZCIBZJXIAD-UHFFFAOYSA-N,1.0,True,True
8010,IUJSAVPLRWRWOF-UHFFFAOYSA-N,1.0,True,True
7989,UVSMNLNDYGZFPF-UHFFFAOYSA-N,1.0,True,True
17031,VUFTXYYTSOLNNA-IJKRIRNJSA-N,1.0,True,True
17030,SMOIWKHORYKUCH-IEPGVJHFSA-N,1.0,True,True
17029,GRQYENRMANUXKY-NGIHKZLOSA-N,1.0,True,True
17028,DBZAHUMAMUEHRN-MEZRTDQXSA-N,1.0,True,True
17027,RHAJWIFEGQSJIF-BUGUTSFNSA-N,1.0,True,True
17026,FTHGRMQGRDTMHV-IOCDUISJSA-N,1.0,True,True
17025,PAIYMJYGYJIYMW-LCOLXPTFSA-N,1.0,True,True
17024,DCMZYWJLONGHSB-IGSJUBLBSA-N,1.0,True,True
17023,BMKFGKYNBBKGAA-PNRKMPRMSA-N,1.0,True,True
17022,CPYZNHYHZMGKRH-XECGENMUSA-N,1.0,True,True
17021,JLLREWOYPZVLJB-LFQPWLGXSA-N,1.0,True,True
17020,VUFTXYYTSOLNNA-IJKRIRNJSA-N,1.0,True,True
17019,SMOIWKHORYKUCH-IEPGVJHFSA-N,1.0,True,True
17018,GRQYENRMANUXKY-NGIHKZLOSA-N,1.0,True,True
17017,DBZAHUMAMUEHRN-MEZRTDQXSA-N,1.0,True,True
3959,KRFAUNDDLPKBNF-UHFFFAOYSA-N,1.0,True,True
8004,VOTVGZSDHZUGID-UHFFFAOYSA-N,1.0,True,True
8001,JJUMFQGCQAUIFH-UHFFFAOYSA-N,1.0,True,True
7998,TUBWIYFPDZJZPI-UHFFFAOYSA-N,1.0,True,True
7995,XKAYAFBLGLCWSY-UHFFFAOYSA-N,1.0,True,True
7992,VJWHSCYAWWAUKE-UHFFFAOYSA-N,1.0,True,True
3975,HFBGFWJURBVNFD-UHFFFAOYSA-N,1.0,True,True
3969,QMARDTCIJVODCK-UHFFFAOYSA-N,1.0,True,True
4003,KQSXPGPHCYWVSH-OEVXPOQFSA-N,0.8,False,False
4002,UTYMOQGXNRNVMU-UHFFFAOYSA-N,0.3176470588235294,False,False
3994,BMQXGPBUQGPLOV-UHFFFAOYSA-N,1.0,True,True
3983,BGEHEUAOZPAMKC-UHFFFAOYSA-N,1.0,True,True
7974,NZBMJZMZMGJBDG-UHFFFAOYSA-N,1.0,True,True
4021,BARRRGHJVPGEOB-KUZQRZIPSA-N,1.0,True,True
4018,KNKHUJFFUZTHJK-HEOIAKHFSA-N,0.967032967032967,True,True
7986,DSYNWQCBTMVSDL-UHFFFAOYSA-N,1.0,True,True
7983,GOTYRUGSSMKFNF-UHFFFAOYSA-N,1.0,True,True
7980,RSNPAKAFCAAMBH-UHFFFAOYSA-N,1.0,True,True
7977,GHZDQMGSRCACQD-UHFFFAOYSA-N,1.0,True,True
4039,BANRYGZZIMCKNA-FLORGYBWSA-N,1.0,True,True
4151,WKDUIOWFBZEINK-FEYVACJOSA-N,1.0,True,True
4146,XMJOGAYFUMUULD-FLORGYBWSA-N,1.0,True,True
4167,LSFWVOZBFFYVRK-NVWJOYQRSA-N,0.8461538461538461,False,False
4166,CBIIRFKVIVUUEB-NVWJOYQRSA-N,0.8876404494382022,False,True
4162,WWLNINGKWIULEZ-NVWJOYQRSA-N,0.8876404494382022,False,True
4158,ROSHJXSVZKWSQY-VMRNVCFTSA-N,0.84,False,False
4156,NGZJTKCQKBOQNF-ACZIYVRQSA-N,1.0,True,True
7959,AUQACSYQTCLUKE-UHFFFAOYSA-N,1.0,True,True
4180,UXNDCGMJOFGRNN-YFIBMDDPSA-N,0.6666666666666666,False,False
4178,KJQFKEFRZLWMSE-BAZFYEDSSA-N,0.8295454545454546,False,False
4176,JCPLCVQUOCKTOB-VMRNVCFTSA-N,0.803921568627451,False,False
4174,XMZBOEQXLIWRLY-BURHJUHKSA-N,1.0,True,True
4172,XMZBOEQXLIWRLY-ANYOXOOPSA-N,1.0,True,True
7943,JJUMFQGCQAUIFH-UHFFFAOYSA-N,1.0,True,True
7941,UGODSIXXEROWHW-UHFFFAOYSA-N,1.0,True,True
7971,DXZBHVQOULDEPN-UHFFFAOYSA-N,1.0,True,True
7968,QCAPPVRPWYVOSX-UHFFFAOYSA-N,1.0,True,True
7965,YGYJAKXNCRWZGS-UHFFFAOYSA-N,1.0,True,True
7962,OHYCNMWZOPEZMQ-UHFFFAOYSA-N,1.0,True,True
7926,GOTYRUGSSMKFNF-UHFFFAOYSA-N,1.0,True,True
4235,LWGUASZLXHYWIV-UHFFFAOYSA-N,1.0,True,True
7956,WENKGSGGXGQHSH-UHFFFAOYSA-N,1.0,True,True
7953,SCZFMUWTABGOGF-UHFFFAOYSA-N,1.0,True,True
7950,LRNRWXXZHCSYNQ-UHFFFAOYSA-N,1.0,True,True
7947,ZZWHJAPFYQWNIH-UHFFFAOYSA-N,1.0,True,True
7938,BMOHMMOTIMUSJR-UHFFFAOYSA-N,1.0,True,True
7935,HGPRKOYQOBYISD-UHFFFAOYSA-N,1.0,True,True
7932,YIARPOLJSNXULV-UHFFFAOYSA-N,1.0,True,True
7929,UVSMNLNDYGZFPF-UHFFFAOYSA-N,1.0,True,True
7918,IXZOHGPZAQLIBH-UHFFFAOYSA-N,1.0,True,True
7917,RSNPAKAFCAAMBH-UHFFFAOYSA-N,1.0,True,True
7914,CGFZPCQPXPTSQN-UHFFFAOYSA-N,1.0,True,True
7911,GHZDQMGSRCACQD-UHFFFAOYSA-N,1.0,True,True
17002,MPKXTAHPUNUYDP-IOCDUISJSA-N,0.8404255319148937,False,False
17001,GMIIQIQDIYOFKS-PNRKMPRMSA-N,0.8404255319148937,False,False
17000,CJPDUNDZEHRGBF-GPMJGTCWSA-N,0.8469387755102041,False,False
17012,DCMZYWJLONGHSB-IGSJUBLBSA-N,1.0,True,True
17011,BMKFGKYNBBKGAA-PNRKMPRMSA-N,1.0,True,True
17010,CPYZNHYHZMGKRH-XECGENMUSA-N,1.0,True,True
17009,BHWMVKAIKNTYEG-VYHARAMSSA-N,1.0,True,True
17008,NTLQFEXDQSZZII-TZCKRVFJSA-N,1.0,True,True
17007,KVGOTGAGCZMZFI-VMGDFZJMSA-N,1.0,True,True
17006,IRPSBQLVYRXYQB-ZDXQIZHDSA-N,1.0,True,True
17005,JLLREWOYPZVLJB-LFQPWLGXSA-N,1.0,True,True
17004,KWARSJXZGFMSOR-WSVWBHGYSA-N,1.0,True,True
17003,WXZLBDQSRBGJAK-UHFFFAOYSA-N,0.8,False,False
7923,DOEVCIHTTTYVCC-UHFFFAOYSA-N,1.0,True,True
7905,NBNUYPVZBAGDOV-UHFFFAOYSA-N,1.0,True,True
7902,JCMPHTUVJNLQSM-UHFFFAOYSA-N,1.0,True,True
7899,IKULLUGCPUIORT-UHFFFAOYSA-N,1.0,True,True
7896,NTDFUVVXUPDDFU-UHFFFAOYSA-N,1.0,True,True
7893,AUQACSYQTCLUKE-UHFFFAOYSA-N,1.0,True,True
17015,FTHGRMQGRDTMHV-IOCDUISJSA-N,1.0,True,True
17014,PAIYMJYGYJIYMW-LCOLXPTFSA-N,1.0,True,True
17013,SQKXRQQCGUIJBZ-HHHWTGPNSA-N,1.0,True,True
7889,NCELYCWCFAOVEI-UHFFFAOYSA-N,1.0,True,True
7887,WENKGSGGXGQHSH-UHFFFAOYSA-N,1.0,True,True
7884,SCZFMUWTABGOGF-UHFFFAOYSA-N,1.0,True,True
7881,LRNRWXXZHCSYNQ-UHFFFAOYSA-N,1.0,True,True
7878,MVGRJMHABUPNQX-UHFFFAOYSA-N,1.0,True,True
7908,DXZBHVQOULDEPN-UHFFFAOYSA-N,1.0,True,True
7862,AABCQCXLKZIUFW-UHFFFAOYSA-N,1.0,True,True
4331,SETFNECMODOHTO-UHFFFAOYSA-N,1.0,True,True
4328,SETFNECMODOHTO-UHFFFAOYSA-N,1.0,True,True
7875,RKSIXQFJQDNKFU-UHFFFAOYSA-N,1.0,True,True
7872,JQNHDDQMLWLWGH-UHFFFAOYSA-N,1.0,True,True
7869,VSKGPJVKIDUZJQ-UHFFFAOYSA-N,1.0,True,True
7866,ZZWHJAPFYQWNIH-UHFFFAOYSA-N,1.0,True,True
4349,SETFNECMODOHTO-UHFFFAOYSA-N,1.0,True,True
7849,BMOHMMOTIMUSJR-UHFFFAOYSA-N,1.0,True,True
7848,HGPRKOYQOBYISD-UHFFFAOYSA-N,1.0,True,True
7845,YIARPOLJSNXULV-UHFFFAOYSA-N,1.0,True,True
16988,WWFHJSDQPIXZQP-NOYSQBQMSA-N,0.8787878787878788,False,True
16987,GYUSGVYBVIBERA-GPMJGTCWSA-N,0.8279569892473119,False,False
16986,HOXPNKYXHOVCPY-YUPGJOQFSA-N,0.8494623655913979,False,False
16985,YWKFRBHKNAAQBM-IEPGKUISSA-N,0.8469387755102041,False,False
16984,UJMYRIIVWXOVBN-UHFFFAOYSA-N,0.8235294117647058,False,False
7860,CTHAGTQBMXKSKJ-UHFFFAOYSA-N,1.0,True,True
7857,JJUMFQGCQAUIFH-UHFFFAOYSA-N,1.0,True,True
7854,UGODSIXXEROWHW-UHFFFAOYSA-N,1.0,True,True
7833,CGFZPCQPXPTSQN-UHFFFAOYSA-N,1.0,True,True
7830,ADRMBWHHZXMLQT-UHFFFAOYSA-N,1.0,True,True
16999,LWISLKSTTWFXNN-WPOJVQPHSA-N,0.9021739130434783,False,True
16997,CKYNNFFNDHMFAY-RXUWLGEBSA-N,0.8260869565217391,False,False
16995,ZDQZYBNOPQRFSC-PRYUESCLSA-N,0.559322033898305,False,False
16994,JVSPDYUNEGYICY-DKBGUDJMSA-N,0.8252427184466019,False,False
16993,VGGNOTFZVBGDLH-IEPGVJHFSA-N,0.8829787234042553,False,True
16992,ZRMGOPLHMPBAMM-DPEORULDSA-N,0.8787878787878788,False,True
16990,ITBWXEPFKCLZMJ-UHIQYMCMSA-N,0.8316831683168316,False,False
16989,YSYITRDZGZNDRR-HRNKPXIFSA-N,0.8602150537634409,False,True
7817,NZBMJZMZMGJBDG-UHFFFAOYSA-N,1.0,True,True
7815,YVHRDISCRNLROY-UHFFFAOYSA-N,1.0,True,True
7842,UVSMNLNDYGZFPF-UHFFFAOYSA-N,1.0,True,True
7839,GOTYRUGSSMKFNF-UHFFFAOYSA-N,1.0,True,True
7836,RSNPAKAFCAAMBH-UHFFFAOYSA-N,1.0,True,True
7801,ZUVKOVZMBROUHT-UHFFFAOYSA-N,1.0,True,True
7800,DKKHMYMAHSBXJU-UHFFFAOYSA-N,1.0,True,True
7797,UPNYFUMWUGAOCK-UHFFFAOYSA-N,1.0,True,True
7827,YMUPNWDEGZHCIO-UHFFFAOYSA-N,1.0,True,True
7821,GHZDQMGSRCACQD-UHFFFAOYSA-N,1.0,True,True
7785,ULXWNFKEBKZHMV-UHFFFAOYSA-N,1.0,True,True
7782,PFYRMTFUCYWDAF-UHFFFAOYSA-N,1.0,True,True
7812,DXZBHVQOULDEPN-UHFFFAOYSA-N,1.0,True,True
7809,QAIOXCORFZQAJQ-UHFFFAOYSA-N,1.0,True,True
7806,VPIKBSUIANJWCV-UHFFFAOYSA-N,1.0,True,True
7769,CKBMVYCGNMTNHY-UHFFFAOYSA-N,1.0,True,True
7767,NTVDJSMOJBNTKS-UHFFFAOYSA-N,1.0,True,True
7794,OKINYKAUIRIVRW-UHFFFAOYSA-N,1.0,True,True
7791,RYQUFDDISRUCKD-UHFFFAOYSA-N,1.0,True,True
7788,DEDHMWRLLDHXOU-UHFFFAOYSA-N,1.0,True,True
7750,NBNUYPVZBAGDOV-UHFFFAOYSA-N,1.0,True,True
7749,RZYHEBGZSDPFCF-UHFFFAOYSA-N,1.0,True,True
4483,SETFNECMODOHTO-UHFFFAOYSA-N,1.0,True,True
7779,LXDWXYIHKJHDDN-UHFFFAOYSA-N,1.0,True,True
7776,PFVUHNBDEWWHRS-UHFFFAOYSA-N,1.0,True,True
7773,GJGRKQRZLIIXJA-UHFFFAOYSA-N,1.0,True,True
7761,LVKWQBYXECGZFG-UHFFFAOYSA-N,1.0,True,True
7758,WIWPZBHSZFDKHF-UHFFFAOYSA-N,1.0,True,True
7755,JIHXFPQPLWIYTQ-UHFFFAOYSA-N,1.0,True,True
7737,YGYJAKXNCRWZGS-UHFFFAOYSA-N,1.0,True,True
7734,IWEWUQRRIBLUHW-UHFFFAOYSA-N,1.0,True,True
4512,HOCBJBNQIQQQGT-LJQANCHMSA-N,1.0,True,True
4510,YLGUWQFLCMWHDK-UHFFFAOYSA-N,1.0,True,True
4509,YLGUWQFLCMWHDK-UHFFFAOYSA-N,1.0,True,True
4507,LBVKEEFIPBQIMD-JTQLQIEISA-N,1.0,True,True
4506,LBVKEEFIPBQIMD-JTQLQIEISA-N,1.0,True,True
16972,NQQMDLCNVBJUGD-AKEPTGQBSA-N,0.8148148148148148,False,False
16971,ZGRIEMGUHDRPJP-HXDBKXIQSA-N,0.7168141592920354,False,False
16970,HCXYLBRYZMUGRJ-HXDBKXIQSA-N,0.8476190476190476,False,False
16969,HMXHCFQDUDSDCO-TUMBJYRUSA-N,0.8476190476190476,False,False
16968,WTWNLVCHAFESCJ-SRCXMTRWSA-N,0.8252427184466019,False,False
7746,QCAPPVRPWYVOSX-UHFFFAOYSA-N,1.0,True,True
7743,YSUVBJBOLCKLJB-UHFFFAOYSA-N,1.0,True,True
7740,VJRXNHYYQZICIZ-UHFFFAOYSA-N,1.0,True,True
16956,GNLNYGZLSLEPAZ-KNTVRJRKSA-N,0.8351648351648352,False,False
16955,DRRMZXOMEYTREL-JXZUBROBSA-N,0.8085106382978723,False,False
16954,IQZKBMXWZHVSOZ-NWQMUFNDSA-N,0.7777777777777778,False,False
16953,PBFPDJYBLBZSDR-VBKRIGOYSA-N,0.9099099099099099,False,True
16952,ZDPRBHFAOMTJAU-ROSXZXEISA-N,0.9099099099099099,False,True
16983,VJDJLUXDHGKJKT-TXIALNMSSA-N,0.8555555555555555,False,True
16982,KBVLQHBQQVNOFY-PNRKMPRMSA-N,0.8369565217391305,False,False
16980,FESSCRLGRVNKDC-YXJFGTSCSA-N,0.8383838383838383,False,False
16979,VLSXPRQLXZHVHP-DKBGUDJMSA-N,0.8421052631578947,False,False
16978,WAVHUOMFGPNHQQ-NGIHKZLOSA-N,0.7142857142857143,False,False
16977,NAOFPEHBTUIFRQ-CPWGSRFHSA-N,0.8913043478260869,False,True
16976,ZVOJYYVUXCMSCH-CPWGSRFHSA-N,0.9021739130434783,False,True
16974,RPSBAWXSERBEMP-PNRKMPRMSA-N,0.8165137614678899,False,False
16973,LXWIIBOTLNCWQV-IIIFQBMYSA-N,0.8252427184466019,False,False
16939,IIXSHSRPAOSNEU-IOCDUISJSA-N,0.8695652173913043,False,True
16938,VGMJLLQQSFARMF-PFOYYZJDSA-N,1.0,True,True
16937,SZYSYIKHKFWTAU-PNRKMPRMSA-N,0.8777777777777778,False,True
16936,OVCPBHUAYOCKFK-YJCAWSRRSA-N,0.9775280898876404,True,True
16935,AXMGDXAZETYEFO-HSCBDOGDSA-N,0.96875,True,True
16967,XUSCHAJZCSBQOR-FEMYGITRSA-N,0.826530612244898,False,False
16966,CZAQRDUYOSOTPB-BWGDKXSCSA-N,0.8404255319148937,False,False
16965,LMVOLALSDBRXIU-JYWIGSFNSA-N,0.8514851485148515,False,True
16964,YLBZPRSHZITAPY-FYLLWHEGSA-N,0.826530612244898,False,False
16963,LVWBENWQIPNBFY-XORRCSPGSA-N,0.8404255319148937,False,False
16962,XZVFQFBRKORRNL-KJUSFPLJSA-N,0.8514851485148515,False,True
16961,GSAJMFUHNAPHQT-PNRKMPRMSA-N,0.638095238095238,False,False
16960,CWBCTKGTOMTMOF-JGEUUXLYSA-N,0.845360824742268,False,False
16959,BXIKLBHDYVEDLA-WZZFPTNTSA-N,0.845360824742268,False,False
16958,UCGODYSWZGGFOB-JYWIGSFNSA-N,0.845360824742268,False,False
16957,DNNQEMMKZOEFDB-ZBYWYFIHSA-N,0.845360824742268,False,False
7718,ISYNLQVYPZPJJQ-UHFFFAOYSA-N,1.0,True,True
4590,CUAXFEHPLQVEFN-WWRKSBQMSA-N,1.0,True,True
16951,ZDVVLBJJTUHDRJ-ZNRHBGPISA-N,0.5985915492957746,False,False
16950,DSKZDFZFVAVRNC-HAFNUVOYSA-N,0.7777777777777778,False,False
16948,YIGFSLQBIDLLFW-PNRKMPRMSA-N,1.0,True,True
16947,WEJVYGLKVDKRGP-OUZZWEIQSA-N,1.0,True,True
16946,WEJVYGLKVDKRGP-IOCDUISJSA-N,1.0,True,True
16945,MZFGCGNVFJVGGI-OHIJIFGTSA-N,1.0,True,True
16944,MZFGCGNVFJVGGI-FMJIDQNXSA-N,1.0,True,True
16943,ORHBGOCSEMXKAU-RNYRYNLVSA-N,1.0,True,True
16941,CIZIVTNTSBMJKU-PNRKMPRMSA-N,1.0,True,True
16940,CIZIVTNTSBMJKU-XCCMJPSHSA-N,1.0,True,True
4596,PBEIAQYKTXKQGF-UHFFFAOYSA-N,1.0,True,True
7731,CQDUJOQUXAGMFA-UHFFFAOYSA-N,1.0,True,True
7728,ZCJDRBLJNPFHHK-UHFFFAOYSA-N,1.0,True,True
7725,QXRKWGMYMKVDNI-UHFFFAOYSA-N,1.0,True,True
7722,LUPMJVLTLSAMCP-UHFFFAOYSA-N,1.0,True,True
16933,WYRRXJIWPSQSDB-QAQXCCEGSA-N,1.0,True,True
16932,WYRRXJIWPSQSDB-OTMPJIHFSA-N,1.0,True,True
16931,RSIMCRXCPNWUEG-OMDHIXJQSA-N,0.8602150537634409,False,True
16930,HJKKOLUJQSYJKW-BTTLACSNSA-N,0.9052631578947369,False,True
16929,KAXDZRYBTFDIRW-WVJHBXLRSA-N,0.9166666666666666,False,True
16928,NBGDOWAFGZXNDA-TUMBJYRUSA-N,1.0,True,True
16927,WWSJIXZYXCVAQH-KNTVRJRKSA-N,0.8387096774193549,False,False
16926,UYZCMSYMOZKTKP-OHIJIFGTSA-N,0.9058823529411765,False,True
16925,JSJKPCRKWKAKKR-UAEGAZISSA-N,0.9120879120879121,False,True
16924,JRWVXEPYSRSUPT-MTGFMLHLSA-N,0.7339449541284404,False,False
16923,NBGDOWAFGZXNDA-YCQMHXFUSA-N,1.0,True,True
16922,QVDZUHZFNZPMFW-VOHYGNEJSA-N,1.0,True,True
16921,QVDZUHZFNZPMFW-BTLUKQCFSA-N,1.0,True,True
16920,PAIYMJYGYJIYMW-UAEGAZISSA-N,1.0,True,True
16919,PAIYMJYGYJIYMW-JHYJTSCGSA-N,1.0,True,True
4612,VFWVTIHYVUKNGR-UHFFFAOYSA-N,1.0,True,True
4610,VFWVTIHYVUKNGR-UHFFFAOYSA-N,1.0,True,True
4628,BPWZJVKIVHVVHP-UHFFFAOYSA-N,1.0,True,True
4622,OOYJNUNOVRCHJZ-UHFFFAOYSA-N,1.0,True,True
16912,RNXZTFXPRNZPTQ-NPXCBPHVSA-N,0.67,False,False
16911,RLNSJXOVOFCZPN-PDGAYMGOSA-N,0.9418604651162791,False,True
16910,SQKXRQQCGUIJBZ-HHHWTGPNSA-N,1.0,True,True
16909,OBHHOTQNNTWEOG-IEPGVJHFSA-N,0.9775280898876404,True,True
16908,DPOJWWQZONLZDO-HHHWTGPNSA-N,0.9772727272727273,True,True
16907,QRJUJEGAYVFMJT-TUVYTCFLSA-N,0.7142857142857143,False,False
16906,OVRZBQDJTIOCOT-YMTPMNICSA-N,0.9157894736842105,False,True
16905,LXLJKNBIEKKPKZ-PNRKMPRMSA-N,0.9759036144578314,True,True
16904,XXSGMHWAYUOULK-PFWYGATOSA-N,0.9759036144578314,True,True
16903,QPMTUBIXRAIZHX-HXDBKXIQSA-N,0.9139784946236559,False,True
16896,OGUFEBUJAMCKER-HXDBKXIQSA-N,0.9545454545454546,True,True
16895,IZRNJCPUUHUATK-PFWYGATOSA-N,0.9545454545454546,True,True
16894,ZGOVCSMXNIUIJG-XAEXXNQRSA-N,0.8842105263157894,False,True
16893,SWLBDKVPJCTNTF-HXDBKXIQSA-N,0.9772727272727273,True,True
16892,GFVXACXHEJHADJ-PFWYGATOSA-N,0.9139784946236559,False,True
16891,LHOLDDWYQNPIDK-XEPQYYLTSA-N,1.0,True,True
16890,SNWVDVWXKWXSHI-HLPUFKLRSA-N,0.9662921348314607,True,True
16888,ORLCZCCZRAKTSI-XEPQYYLTSA-N,1.0,True,True
16887,LHOLDDWYQNPIDK-IURMXOCCSA-N,1.0,True,True
16918,WLLUPJVDIZMNIS-PUGZFHLJSA-N,0.9651162790697675,True,True
16916,BSYSGIBCLKAGBQ-KSMDRRGFSA-N,0.9042553191489362,False,True
16915,AWENWTQOMSBXSQ-MBSRLZFZSA-N,0.9484536082474226,False,True
16914,VCLGWLTWSKYYDP-CKRRMXRSSA-N,0.8913043478260869,False,True
16913,DSUONAWFQVFNKG-PUGZFHLJSA-N,0.9651162790697675,True,True
7707,SQVAJVASVWGKNP-UHFFFAOYSA-N,1.0,True,True
7704,ODHKGCRHGLPSKM-UHFFFAOYSA-N,1.0,True,True
7701,MCDCWLSLJAANSJ-UHFFFAOYSA-N,1.0,True,True
4697,KTDDHJCPFRGLJQ-UHFFFAOYSA-N,1.0,True,True
4695,GRICLJZNEMDVMA-UHFFFAOYSA-N,1.0,True,True
16902,PXVXEOMBCCNOAX-HBAHMMHKSA-N,0.9166666666666666,False,True
16901,SKBNLJCBNFIXSZ-ZVHHZMJNSA-N,1.0,True,True
16900,FLSOVRBMPLPKIA-HLOLTSBNSA-N,0.8723404255319149,False,True
16899,BKLBHORPNOIJOP-PFWYGATOSA-N,0.9010989010989011,False,True
16898,LDMAXHBNSUGJBK-HBAHMMHKSA-N,0.9157894736842105,False,True
16897,QZEQHUCDNZMWSX-HXDBKXIQSA-N,0.9550561797752809,True,True
16876,BMKFGKYNBBKGAA-XCCMJPSHSA-N,1.0,True,True
16874,SKBNLJCBNFIXSZ-WXWVKJHRSA-N,1.0,True,True
16873,RFOBJQIUKALEGI-WXWVKJHRSA-N,0.8877551020408163,False,True
16872,AHYFCLNYZSAFDN-HSCBDOGDSA-N,0.96875,True,True
16871,VUJULRCVIASVJS-MBSRLZFZSA-N,0.9775280898876404,True,True
7716,ICOPTTSATSRBGB-UHFFFAOYSA-N,1.0,True,True
7713,JGFDYORUXVIKLK-UHFFFAOYSA-N,1.0,True,True
7710,NQUMWDZRQOOYMY-UHFFFAOYSA-N,1.0,True,True
7685,WENKGSGGXGQHSH-UHFFFAOYSA-N,1.0,True,True
4735,UEJJHQNACJXSKW-UHFFFAOYSA-N,1.0,True,True
16886,ORLCZCCZRAKTSI-IURMXOCCSA-N,1.0,True,True
16885,GFCFWQWAKPJSRZ-RWLLHZKTSA-N,0.7142857142857143,False,False
16884,VJPAJLIHPDHBJM-YJZJJWFKSA-N,0.8586956521739131,False,True
16883,UCMYNXVIPZWADM-MVPBXTCASA-N,0.8333333333333334,False,False
16881,DCMZYWJLONGHSB-ZIDKYHOOSA-N,1.0,True,True
16880,CPYZNHYHZMGKRH-HXKOKDBMSA-N,1.0,True,True
16878,CPYZNHYHZMGKRH-VDNANZKBSA-N,1.0,True,True
7698,KNCXADFGJHHQGG-UHFFFAOYSA-N,1.0,True,True
7695,SCNDLANJPTVECR-UHFFFAOYSA-N,1.0,True,True
7692,MJVBYINQLBBCIL-UHFFFAOYSA-N,1.0,True,True
7689,IPNBCNHJLYMBJC-UHFFFAOYSA-N,1.0,True,True
7673,RHSIRCWMRPABPN-UHFFFAOYSA-N,1.0,True,True
7671,OHYCNMWZOPEZMQ-UHFFFAOYSA-N,1.0,True,True
7657,YSJCNZQEYLMVPJ-UHFFFAOYSA-N,1.0,True,True
7656,QXMIBFXPGQHNCP-UHFFFAOYSA-N,1.0,True,True
7653,AUQACSYQTCLUKE-UHFFFAOYSA-N,1.0,True,True
7683,JCMPHTUVJNLQSM-UHFFFAOYSA-N,1.0,True,True
7680,QWGADEFGUCQFCA-UHFFFAOYSA-N,1.0,True,True
7677,IKULLUGCPUIORT-UHFFFAOYSA-N,1.0,True,True
7641,SCZFMUWTABGOGF-UHFFFAOYSA-N,1.0,True,True
7638,JRVDBTUKCVHWII-UHFFFAOYSA-N,1.0,True,True
7668,CMSWXQJFWKDOLL-UHFFFAOYSA-N,1.0,True,True
7665,UFTYBWODCHRETG-UHFFFAOYSA-N,1.0,True,True
7662,NTDFUVVXUPDDFU-UHFFFAOYSA-N,1.0,True,True
7625,RKSIXQFJQDNKFU-UHFFFAOYSA-N,1.0,True,True
7623,VOMUVGYUZOWOBO-UHFFFAOYSA-N,1.0,True,True
7650,NCELYCWCFAOVEI-UHFFFAOYSA-N,1.0,True,True
7647,DQCXJNJOELHPGW-UHFFFAOYSA-N,1.0,True,True
7609,VSKGPJVKIDUZJQ-UHFFFAOYSA-N,1.0,True,True
7608,UZGVEFNBUJANDS-UHFFFAOYSA-N,1.0,True,True
7605,MFJRFWHLOUIGAO-UHFFFAOYSA-N,1.0,True,True
7635,RCEZXIJXXNBNAR-UHFFFAOYSA-N,1.0,True,True
7632,LRNRWXXZHCSYNQ-UHFFFAOYSA-N,1.0,True,True
7629,MVGRJMHABUPNQX-UHFFFAOYSA-N,1.0,True,True
7593,LWMOTIQKAURFAC-UHFFFAOYSA-N,1.0,True,True
7590,QZTSIINAARXFSY-UHFFFAOYSA-N,1.0,True,True
7620,JQNHDDQMLWLWGH-UHFFFAOYSA-N,1.0,True,True
7617,VNSWQAODHHDXCN-UHFFFAOYSA-N,1.0,True,True
7614,ALTNHPWHVOJTJA-UHFFFAOYSA-N,1.0,True,True
7577,APXBGFJKKWENNW-UHFFFAOYSA-N,1.0,True,True
7575,DOJVRTAEPFHHBI-UHFFFAOYSA-N,1.0,True,True
7602,ZZWHJAPFYQWNIH-UHFFFAOYSA-N,1.0,True,True
7599,AABCQCXLKZIUFW-UHFFFAOYSA-N,1.0,True,True
7596,NYVGCNSACSJVJQ-UHFFFAOYSA-N,1.0,True,True
7561,NSNOZCIBZJXIAD-UHFFFAOYSA-N,1.0,True,True
7560,IUJSAVPLRWRWOF-UHFFFAOYSA-N,1.0,True,True
7557,ZHINEOZMGPJDNM-UHFFFAOYSA-N,1.0,True,True
7587,MKHAIMPPDGEJEY-UHFFFAOYSA-N,1.0,True,True
7584,NOCXQSYFQQQRKE-UHFFFAOYSA-N,1.0,True,True
7581,LIWZEQZSVBCAHD-UHFFFAOYSA-N,1.0,True,True
7545,UGODSIXXEROWHW-UHFFFAOYSA-N,1.0,True,True
7542,BMOHMMOTIMUSJR-UHFFFAOYSA-N,1.0,True,True
7572,QCEKSZFFRJZYGD-UHFFFAOYSA-N,1.0,True,True
7569,QRANXUQARZXRAD-UHFFFAOYSA-N,1.0,True,True
7566,QYVMNXRPDXLZOV-UHFFFAOYSA-N,1.0,True,True
7529,VJWHSCYAWWAUKE-UHFFFAOYSA-N,1.0,True,True
7527,MFWNULQJIPYQAD-UHFFFAOYSA-N,1.0,True,True
7554,VOTVGZSDHZUGID-UHFFFAOYSA-N,1.0,True,True
7551,JJUMFQGCQAUIFH-UHFFFAOYSA-N,1.0,True,True
7548,TUBWIYFPDZJZPI-UHFFFAOYSA-N,1.0,True,True
7513,GOTYRUGSSMKFNF-UHFFFAOYSA-N,1.0,True,True
7512,KNCYXPMJDCCGSJ-UHFFFAOYSA-N,1.0,True,True
7509,SOXCTXUWNIPELK-UHFFFAOYSA-N,1.0,True,True
7539,HGPRKOYQOBYISD-UHFFFAOYSA-N,1.0,True,True
7536,XKAYAFBLGLCWSY-UHFFFAOYSA-N,1.0,True,True
7533,YIARPOLJSNXULV-UHFFFAOYSA-N,1.0,True,True
7497,RSNPAKAFCAAMBH-UHFFFAOYSA-N,1.0,True,True
7494,XBBQCTVYIZUIBE-UHFFFAOYSA-N,1.0,True,True
7524,XOLLDBOOXRTMRB-UHFFFAOYSA-N,1.0,True,True
7521,AOTCHMLPDVLPIB-UHFFFAOYSA-N,1.0,True,True
7518,UVSMNLNDYGZFPF-UHFFFAOYSA-N,1.0,True,True
7481,HRBRTHDNKRCGBY-UHFFFAOYSA-N,1.0,True,True
7479,JMSKDRLRVVKCEK-UHFFFAOYSA-N,1.0,True,True
7506,QFNFXYPFSYJCDF-UHFFFAOYSA-N,1.0,True,True
7503,DOEVCIHTTTYVCC-UHFFFAOYSA-N,1.0,True,True
7500,IXZOHGPZAQLIBH-UHFFFAOYSA-N,1.0,True,True
7465,JLVKSGLHMLSBDK-UHFFFAOYSA-N,1.0,True,True
7461,QKZPTIZIXHPLFB-UHFFFAOYSA-N,1.0,True,True
7491,PPJAGGKKTDHITN-UHFFFAOYSA-N,1.0,True,True
7485,MFVYUPMTXJMKPP-UHFFFAOYSA-N,1.0,True,True
7449,URILUMHZIRZPCJ-UHFFFAOYSA-N,1.0,True,True
7446,HVNMWUKSOSXVLL-UHFFFAOYSA-N,1.0,True,True
7476,PVVCZIPOSAWILA-UHFFFAOYSA-N,1.0,True,True
7473,UVEYRTMUFFSQFR-UHFFFAOYSA-N,1.0,True,True
7470,LRKIWYBDAVJTPJ-UHFFFAOYSA-N,1.0,True,True
7458,WAJDSGCFQXUVTQ-UHFFFAOYSA-N,1.0,True,True
7455,RWYJEMRYZWZJNO-UHFFFAOYSA-N,1.0,True,True
7452,OPXLTFHJELEWOI-UHFFFAOYSA-N,1.0,True,True
7441,NWSMFIWDTYFPPM-UHFFFAOYSA-N,1.0,True,True
7440,SHWVSEDWGQGMCV-UHFFFAOYSA-N,1.0,True,True
7437,WEYYFCRNAKEIDH-UHFFFAOYSA-N,1.0,True,True
7434,MYRIFYRCESTDMG-UHFFFAOYSA-N,1.0,True,True
7431,AEEYCKZXJKQQIV-UHFFFAOYSA-N,1.0,True,True
7425,OWUREALYUQQKSS-UHFFFAOYSA-N,1.0,True,True
7422,WZWFGMIIXYDYQI-UHFFFAOYSA-N,1.0,True,True
7419,RLJZIAOTDFDGPG-UHFFFAOYSA-N,1.0,True,True
7416,NKOFFYVYWRZNHY-UHFFFAOYSA-N,1.0,True,True
7413,UOGLKJYFHKXHMO-UHFFFAOYSA-N,1.0,True,True
7409,RKGPCSSCONZKOY-UHFFFAOYSA-N,1.0,True,True
7407,ZXFHNGNJSOEMCG-UHFFFAOYSA-N,1.0,True,True
7404,NMDWJMYQHRWUIB-UHFFFAOYSA-N,1.0,True,True
7401,ZFPLBMYBCSCBAC-UHFFFAOYSA-N,1.0,True,True
7398,FXEKWTPHXIUNIA-UHFFFAOYSA-N,1.0,True,True
7428,PVSNSSNWFBCZAG-UHFFFAOYSA-N,1.0,True,True
7393,KZCZMAGKDUXKER-UHFFFAOYSA-N,1.0,True,True
7392,YZUKMCKCMHGVKW-UHFFFAOYSA-N,1.0,True,True
7389,HCYSYKSVYCXCRF-UHFFFAOYSA-N,1.0,True,True
7386,ONZAPCJAXYJSJG-UHFFFAOYSA-N,1.0,True,True
7383,ZATISVKRDZONQE-UHFFFAOYSA-N,1.0,True,True
7377,QZCGMGMBHRRQER-UHFFFAOYSA-N,1.0,True,True
7374,UUIGKJBPOQJSRL-UHFFFAOYSA-N,1.0,True,True
7371,WJCAOTRKGFLQHG-UHFFFAOYSA-N,1.0,True,True
7368,OMDSCKPLWLIKRI-UHFFFAOYSA-N,1.0,True,True
7365,QTHWCINHXOAWTE-UHFFFAOYSA-N,1.0,True,True
7361,WQBYRVHGTFSBTA-UHFFFAOYSA-N,1.0,True,True
7359,GXZJLWJGGUWBNB-UHFFFAOYSA-N,1.0,True,True
7356,SLATWRXWDPRQRD-UHFFFAOYSA-N,1.0,True,True
7353,UDYIBBMHRAMVCW-UHFFFAOYSA-N,1.0,True,True
7350,WKIBKVUCDPWYDM-UHFFFAOYSA-N,1.0,True,True
7380,QNOMLZGQRQQGKZ-NTMALXAHSA-N,1.0,True,True
7347,JMQYJDHWEYMDTP-UHFFFAOYSA-N,1.0,True,True
7344,FMQSIIABSLPCGC-UHFFFAOYSA-N,1.0,True,True
7341,FQCDNISILWTFEH-UHFFFAOYSA-N,1.0,True,True
7338,AAYGXRCKUAROMT-UHFFFAOYSA-N,1.0,True,True
6920,KHAFPBAKIVPZNQ-RRBGEOAMSA-N,1.0,True,True
7223,KSINHSXBUUMTJG-YPKPFQOOSA-N,0.8035714285714286,False,False
7284,DJYCRLSZSMMKOT-SJLBKQRESA-N,0.8035714285714286,False,False
7277,IMQLKJBTEOYOSI-UHFFFAOYSA-N,1.0,True,True
7275,IMQLKJBTEOYOSI-UHFFFAOYSA-N,1.0,True,True
7270,JQOPNNMSUVDTTP-UHFFFAOYSA-N,0.3176470588235294,False,False
7267,SPGBQUPOTUUSRR-UHFFFAOYSA-N,0.8928571428571429,False,True
6901,ZYSMPORNWLASGT-UHFFFAOYSA-N,1.0,True,True
6900,FFUVDKANSJZSAK-KFMIKNBQSA-N,1.0,True,True
6910,HMWCHXOPNZHXOM-SANMLTNESA-N,1.0,True,True
6909,HMWCHXOPNZHXOM-AREMUKBSSA-N,1.0,True,True
6908,ZYSMPORNWLASGT-HHHXNRCGSA-N,1.0,True,True
6907,VSHKWAOOVDJOTI-RUZDIDTESA-N,1.0,True,True
6906,VSHKWAOOVDJOTI-VWLOTQADSA-N,1.0,True,True
6905,WINLPDAPQCGKKY-PMERELPUSA-N,1.0,True,True
6904,YXULXTQDOWNYIO-LJAQVGFWSA-N,1.0,True,True
6903,OSORITLLSWZNHE-LJAQVGFWSA-N,1.0,True,True
6930,VSEPVBMLJTUUOX-OUKQBFOZSA-N,1.0,True,True
6793,PSQATYDOUXPBMP-UHFFFAOYSA-N,0.7297297297297297,False,False
6814,MXJNMZBXMSTPNN-UHFFFAOYSA-N,0.7083333333333334,False,False
6849,JICHBFQDRLGJTM-UHFFFAOYSA-N,0.7215189873417721,False,False
6902,WTOJGTVNNVHHER-PMERELPUSA-N,1.0,True,True
6784,ZWRRJEICIPUPHZ-UHFFFAOYSA-N,0.22727272727272727,False,False
6735,VLLVMFQUBJOZGZ-UHFFFAOYSA-N,0.8493150684931506,False,False
6734,WCFYBRFBSQVDAJ-UHFFFAOYSA-N,1.0,True,True
6754,OTSBHVNFWKVPMY-UHFFFAOYSA-N,1.0,True,True
6752,BULCSZAPIUXBHD-UHFFFAOYSA-N,1.0,True,True
6779,UWWXQSPZCIHELE-UHFFFAOYSA-N,1.0,True,True
6773,LCFRFBRMSLEXJL-UHFFFAOYSA-N,1.0,True,True
6718,DOKAPKZMYDLVOE-UHFFFAOYSA-N,1.0,True,True
6716,FYMBNQWNWKQCTI-UHFFFAOYSA-N,1.0,True,True
6746,VXKPZKMODQZJQW-UHFFFAOYSA-N,1.0,True,True
6687,ZOOFMENFTSCQCU-UHFFFAOYSA-N,1.0,True,True
6686,MEVXFXVDOZPDAP-UHFFFAOYSA-N,1.0,True,True
6710,HNNHEQRZNFLUHK-UHFFFAOYSA-N,1.0,True,True
6704,WPXBBDDWRXMCMP-UHFFFAOYSA-N,1.0,True,True
6728,YBLMOVNFRXJLNG-UHFFFAOYSA-N,1.0,True,True
6669,RKNNPLKDFGDCAJ-UHFFFAOYSA-N,1.0,True,True
6668,ZGDCDYWFGPFMSO-UHFFFAOYSA-N,1.0,True,True
5251,CLCTZVRHDOAUGJ-UHFFFAOYSA-N,1.0,True,True
6698,NHLSBEFLITXPDM-UHFFFAOYSA-N,1.0,True,True
16863,IRPSBQLVYRXYQB-ZDXQIZHDSA-N,1.0,True,True
16862,PAIYMJYGYJIYMW-WSVWBHGYSA-N,1.0,True,True
16860,FYPIWNVKSAEVHK-FNPIFWCDSA-N,0.945054945054945,False,True
16859,KWARSJXZGFMSOR-WSVWBHGYSA-N,1.0,True,True
16858,DLEHTKLGDBARHL-DPPLCSQNSA-N,0.8723404255319149,False,True
16857,RXHQOKBLBGZFLM-GZDYDWQRSA-N,0.591304347826087,False,False
16856,JHOSUIHKGDZIIT-LMHJGLQKSA-N,0.8229166666666666,False,False
16855,GYAAHHHLTJUVEX-NFVORSKWSA-N,0.875,False,True
6680,YHAKJTLQZMUPCS-UHFFFAOYSA-N,1.0,True,True
6635,POWFMDMHDJBMQR-FQEVSTJZSA-N,1.0,True,True
6662,OJIOEOIKVMRCPR-UHFFFAOYSA-N,1.0,True,True
6656,MTDUZFHXWZPOIU-UHFFFAOYSA-N,1.0,True,True
16870,HUZAZBFLVUNKHV-ARSBTSQDSA-N,0.9375,False,True
16869,WFKQEMDMHWUFQI-CEIZGFMRSA-N,0.9375,False,True
16868,WUBUZBSEYNOKFJ-BDJZEIKTSA-N,0.7920792079207921,False,False
16867,OJOXHJNLRXBQOG-AJYNWHPTSA-N,0.8723404255319149,False,True
16866,BHWMVKAIKNTYEG-VYHARAMSSA-N,1.0,True,True
16865,NTLQFEXDQSZZII-TZCKRVFJSA-N,1.0,True,True
16864,KVGOTGAGCZMZFI-VMGDFZJMSA-N,1.0,True,True
6650,PTAMRJLIOCHJMQ-BRUAZXTMSA-N,0.8362068965517241,False,False
6649,JGQPZPLJOBHHBK-UFXYQILXSA-N,0.5233644859813084,False,False
6648,PMSPBUOYDPYDPF-HXUWFJFHSA-N,1.0,True,True
6647,SXFIJSIXNSENKS-UHFFFAOYSA-N,1.0,True,True
6646,DYNJRIHPJHCFKN-UHFFFAOYSA-N,1.0,True,True
6645,BZDZSNZQRWOSGZ-GOSISDBHSA-N,1.0,True,True
6644,CQTUQCNGOOHWFV-UHFFFAOYSA-N,1.0,True,True
6643,PMOKOEHMLYSRLX-UHFFFAOYSA-N,1.0,True,True
6642,WJQUXZKGMGEUTI-DEIPZHPTSA-N,1.0,True,True
6640,JBEJPXQZHLEYQJ-SANMLTNESA-N,0.7176470588235294,False,False
6639,AOSVNBUSHVHAJS-QHCPKHFHSA-N,0.8125,False,False
6638,VTWNUPGRZQTXTK-DEOSSOPVSA-N,0.775,False,False
5318,DOEVCIHTTTYVCC-UHFFFAOYSA-N,1.0,True,True
5343,WGGGBWUFPMJXRU-UHFFFAOYSA-N,1.0,True,True
5394,WKCIRCLHGDUVHR-UHFFFAOYSA-N,1.0,True,True
5393,RAYKWSXEKZURTM-UHFFFAOYSA-N,1.0,True,True
5392,CZOGMUWEFPDSOJ-UHFFFAOYSA-N,1.0,True,True
5391,PVVBFOHONHPONZ-UHFFFAOYSA-N,1.0,True,True
5390,KDYPLUPJLQBYJO-UHFFFAOYSA-N,1.0,True,True
5388,BUUCGRMFXGLDNV-UHFFFAOYSA-N,1.0,True,True
5386,MWRSHCXIXJNGGF-UHFFFAOYSA-N,1.0,True,True
5385,UTJFEWWYRZDGSU-UHFFFAOYSA-N,1.0,True,True
5383,YRLOTOVVZIPPHC-UHFFFAOYSA-N,1.0,True,True
5381,DCICUQFMCRPKHZ-UHFFFAOYSA-N,1.0,True,True
5415,VPDSIMZNWBLFCE-UHFFFAOYSA-N,1.0,True,True
5413,JHRQNTBVKVZKLW-UHFFFAOYSA-N,1.0,True,True
5410,OORFXKBFJCTBGE-UHFFFAOYSA-N,0.7346938775510204,False,False
5409,KMBWPCASOARYEQ-UHFFFAOYSA-N,1.0,True,True
5404,XEEAPVAEKFNQET-UHFFFAOYSA-N,1.0,True,True
5403,WYAXIGSOAFBWSN-UHFFFAOYSA-N,1.0,True,True
5401,XAZQMNNYMHQXBB-UHFFFAOYSA-N,1.0,True,True
5399,HJETWHSQLWOTJJ-UHFFFAOYSA-N,1.0,True,True
5398,FJWKFWBMOUKCGZ-UHFFFAOYSA-N,1.0,True,True
5397,ZMPWFMLHEAZXIS-UHFFFAOYSA-N,1.0,True,True
5395,VNFWQPZVVJNIJJ-UHFFFAOYSA-N,1.0,True,True
6623,QBKZPTQQWUXYEY-NRFANRHFSA-N,0.7176470588235294,False,False
6622,QBQCOKTYWVJGSU-QHCPKHFHSA-N,0.7162162162162162,False,False
6621,MDFUTVOXKVZRTF-FQEVSTJZSA-N,0.7333333333333333,False,False
6620,SVVLXZSOWBLJBW-YUGNUMPCSA-N,1.0,True,True
16854,RPJPUIZRFRRXOE-PNRKMPRMSA-N,0.8842105263157894,False,True
16853,JPPZBMYAQDVXGL-GPMJGTCWSA-N,0.8842105263157894,False,True
16852,ODZXFGMATHGZBS-VKHSKFDVSA-N,0.8762886597938144,False,True
5423,JKGCXLJSFUMVNN-UHFFFAOYSA-N,1.0,True,True
5421,SJZKTIPXGWBWIM-UHFFFAOYSA-N,1.0,True,True
5419,HJJDWCVYHGIMKA-UHFFFAOYSA-N,1.0,True,True
5417,TXPOOSHENTVQNM-UHFFFAOYSA-N,1.0,True,True
5416,AMZIOXVSKUHRHM-UHFFFAOYSA-N,0.8095238095238095,False,False
6608,WZIVXKXJEWHYHH-RCLWPAGBSA-N,1.0,True,True
6603,DHFJHVJOMHNTSK-NNJIEVJOSA-N,1.0,True,True
6602,DHFJHVJOMHNTSK-NNJIEVJOSA-N,1.0,True,True
6634,VCODGJPJEJMVDC-VWLOTQADSA-N,0.8311688311688312,False,False
6633,QQXBATYJWJKIBS-VWLOTQADSA-N,0.6626506024096386,False,False
6632,SBMAYRMTDNASET-NDEPHWFRSA-N,0.7176470588235294,False,False
6631,DSQABBJTUTZLIS-DEOSSOPVSA-N,0.8461538461538461,False,False
6630,YPTYCDONZJUIRY-DEOSSOPVSA-N,0.8461538461538461,False,False
6629,JZJBHRJANFSSSC-NRFANRHFSA-N,0.7901234567901234,False,False
6628,YJDZOMPJSXXLBY-DEOSSOPVSA-N,0.775,False,False
6627,QKMBNYIDPAVNBM-IBGZPJMESA-N,0.7466666666666667,False,False
6626,AAZZKYQHDWAFRG-FQEVSTJZSA-N,0.7466666666666667,False,False
6625,KERUNHBYHRLQQU-HNNXBMFYSA-N,0.6666666666666666,False,False
6624,HUIZURVCNVCLSA-FQEVSTJZSA-N,0.6547619047619048,False,False
6590,FVZCFUKXGUUDBQ-QSFPRURJSA-N,1.0,True,True
6589,FVZCFUKXGUUDBQ-QSFPRURJSA-N,1.0,True,True
6586,WDRJGMSUTPVXDH-KBOGUJPVSA-N,0.8623853211009175,False,True
6615,LPVXGYZMYNYSRZ-GGWKSQAJSA-N,1.0,True,True
6613,JJXPHCCUUNEEAQ-IHOVNLRLSA-N,1.0,True,True
6562,PRYXVIJFTJCBPJ-HBKAHHPBSA-N,0.8363636363636363,False,False
6558,KLKZEZBWHOQDRM-FDNLEIHHSA-N,0.8363636363636363,False,False
6556,PBFNLOLLNOCFFN-VOSGNALJSA-N,0.8761061946902655,False,True
6554,IPHIYOXVUOYUTO-KWWSLGSDSA-N,0.8571428571428571,False,True
6552,VPXGVLREMMWXOO-LXKXFIAUSA-N,0.8761061946902655,False,True
6540,SIVKMVMSQFNJAG-KBOGUJPVSA-N,0.8490566037735849,False,False
6538,FPHKCZOCTJCWAD-VAPNJYICSA-N,0.9326923076923077,False,True
6535,JQMIRXOVVPAXPB-KOMQPUFPSA-N,0.647887323943662,False,False
6533,YTQVSNUZNYHPOL-UHFFFAOYSA-N,0.7014925373134329,False,False
6580,GGLDJOKYIXMCFR-CCHHBTKDSA-N,0.8623853211009175,False,True
6578,SMSRIGRAQRHPFR-CCHHBTKDSA-N,0.8181818181818182,False,False
6576,XWENIHGVDBIAKU-YVDKMHGASA-N,0.8181818181818182,False,False
6574,FNDSNTFRYRMTCM-YVDKMHGASA-N,0.7927927927927928,False,False
6572,JSUPGKUFXBNOPG-SCXZZJSSSA-N,0.8181818181818182,False,False
6570,DSZVFSMDHQLFKQ-ZBTZYFEDSA-N,0.8518518518518519,False,True
6568,CDSPEECLQHSSQW-YDKYQZJISA-N,0.8611111111111112,False,True
6566,IWOVTMLUFGDAGD-OBYWWQMUSA-N,0.8785046728971962,False,True
6564,DLTLPZXACUDKBE-WKZQYAEKSA-N,0.8785046728971962,False,True
6523,GGUTYKLJESECBW-MRVPVSSYSA-N,0.40625,False,False
6520,QHMBSVQNZZTUGM-ZWKOTPCHSA-N,1.0,True,True
6550,CKFOAVDINFHZIR-IQDGXFAKSA-N,1.0,True,True
6548,CKFOAVDINFHZIR-MOQYISRKSA-N,1.0,True,True
6546,INCVUGCZQZUSSU-XFISEFNXSA-N,0.9326923076923077,False,True
6544,UBZCBNADOGDNJL-KBOGUJPVSA-N,0.7413793103448276,False,False
6542,TXXHHAICAYYMLP-SCXZZJSSSA-N,0.8490566037735849,False,False
6500,YQSZJOABXRROQR-UHFFFAOYSA-N,1.0,True,True
5518,DCJYQURCBHSFEP-OSRRZMJMSA-N,1.0,True,True
5516,DCJYQURCBHSFEP-UHFFFAOYSA-N,1.0,True,True
5515,IPDADGHSASJAQL-UHFFFAOYSA-N,0.9181286549707602,False,True
5513,TUKOGRRZXNUJJD-UHFFFAOYSA-N,1.0,True,True
5511,HDEPZSBUOBZGBO-UHFFFAOYSA-N,1.0,True,True
5509,CBLXNTADPMIPHX-UHFFFAOYSA-N,0.9181286549707602,False,True
6532,ACPCYMPQUNZYSJ-UHFFFAOYSA-N,0.967032967032967,True,True
6530,DEWUTVYPBYGGKA-UHFFFAOYSA-N,0.7777777777777778,False,False
6528,OXMXTNDWZBEXAL-UHFFFAOYSA-N,0.967032967032967,True,True
6525,NWFPCWIBSBZRGV-UHFFFAOYSA-N,0.7014925373134329,False,False
6513,YNAJQJXUZFUALA-UHFFFAOYSA-N,0.532608695652174,False,False
6512,ARBAVLNDKREMOX-UHFFFAOYSA-N,0.6981132075471698,False,False
6508,ITEGYANFEQIFQM-UHFFFAOYSA-N,1.0,True,True
6507,JGOOHVLCQOYYOY-UHFFFAOYSA-N,1.0,True,True
6506,JWHFBUOSCSBXLO-UHFFFAOYSA-N,1.0,True,True
6505,NWQOBAWCOYCRNS-UHFFFAOYSA-N,1.0,True,True
6487,QANUJVJMFPONSK-UHFFFAOYSA-N,0.7164179104477612,False,False
6485,FHZOQGWCGXCRIS-UHFFFAOYSA-N,0.896551724137931,False,True
6484,APYIWSJMGMLVKS-UHFFFAOYSA-N,0.9,False,True
6440,WHQCHUCQKNIQEC-UHFFFAOYSA-N,0.22807017543859648,False,False
6469,YVLJUDPTZHBUGE-UHFFFAOYSA-N,1.0,True,True
6463,VKQVCQHCQMFBNJ-UHFFFAOYSA-N,1.0,True,True
6459,VKQVCQHCQMFBNJ-UHFFFAOYSA-N,1.0,True,True
6425,FSELUFUYNUNZKD-UHFFFAOYSA-N,1.0,True,True
6443,VKQVCQHCQMFBNJ-UHFFFAOYSA-N,1.0,True,True
6441,XMPJICVFSDYOEG-UHFFFAOYSA-N,1.0,True,True
5610,KXTYBXCEQOANSX-WYKQKOHHSA-N,1.0,True,True
6433,HQFMKJJDJJKWER-UHFFFAOYSA-N,0.7564102564102564,False,False
5638,RPFYDENHBPRCTN-OAQYLSRUSA-N,1.0,True,True
5637,RPFYDENHBPRCTN-NRFANRHFSA-N,1.0,True,True
5949,FZRRESXAODIMQN-IBGZPJMESA-N,1.0,True,True
5979,OMISHRJQMYQPMG-UHFFFAOYSA-N,1.0,True,True
5969,LKIKZGJOIUJYGD-ZWHDFXHCSA-N,1.0,True,True
5933,AEEGEVCKDJFBRN-IBGZPJMESA-N,1.0,True,True
5959,XORZMCOMRGZMHU-IBGZPJMESA-N,0.8309859154929577,False,False
5955,GNAFUNRWKRPKPL-IBGZPJMESA-N,0.8028169014084507,False,False
5698,GSGDUDAFETZSPM-DHZVRSILSA-N,1.0,True,True
5694,GSGDUDAFETZSPM-IATAILRESA-N,1.0,True,True
5910,DNVXATUJJDPFDM-KRWDZBQOSA-N,0.7761194029850746,False,False
5927,SJISOGWQGIVAGX-DUIUGDAFSA-N,0.7761194029850746,False,False
5889,PMSPBUOYDPYDPF-FQEVSTJZSA-N,1.0,True,True
5738,AZQGGAFHYOGHOF-UHFFFAOYSA-N,1.0,True,True
5737,AZQGGAFHYOGHOF-UHFFFAOYSA-N,1.0,True,True
5736,AZQGGAFHYOGHOF-UHFFFAOYSA-N,1.0,True,True
15364,RQUFDPMVFOMKBJ-CILPGNKCSA-N,1.0,True,True
15363,MPJZOALGJLSDQR-FKSKYRLFSA-N,1.0,True,True
15361,WYBTZVGUNHBDBB-FKSKYRLFSA-N,1.0,True,True
15360,QFGKZOOEUQRNLT-HSTJUUNISA-N,1.0,True,True
15357,QFGKZOOEUQRNLT-HWYAHNCWSA-N,1.0,True,True
15354,AQDNYGGFJRBECX-BBQAJUCSSA-N,0.6538461538461539,False,False
15353,LCNRVDGJIVFSMR-YDNXMHBPSA-N,1.0,True,True
15352,VLAKFRZJYDMFGU-YDNXMHBPSA-N,1.0,True,True
5844,HSCJRCZFDFQWRP-JZMIEXBBSA-N,0.25,False,False
5826,LJBQRRQTZUJWRC-UHFFFAOYSA-N,1.0,True,True
15365,XZGCYMDZWIWQJA-RJTBODQVSA-N,0.675,False,False
31,LQHDIGAYVSAVRJ-UHFFFAOYSA-N,0.6818181818181818,False,False
30,IPCCFHHXDRGUOQ-UHFFFAOYSA-N,0.782608695652174,False,False
29,JLIDBLDQVAYHNE-YKALOCIXSA-N,1.0,True,True
28,NTCBTNCWNRCBGX-UHFFFAOYSA-N,1.0,True,True
27,IXVMHGVQKLDRKH-WZCUEBACSA-N,1.0,True,True
26,IXVMHGVQKLDRKH-WZCUEBACSA-N,1.0,True,True
25,ROBYKNONIPZMTK-UHFFFAOYSA-N,0.23529411764705882,False,False
24,CXUCKELNYMZTRT-UHFFFAOYSA-N,0.3055555555555556,False,False
23,LUBJCRLGQSPQNN-UHFFFAOYSA-N,0.3125,False,False
22,QXPNPIGIRCMFLJ-YMFRKPJXSA-N,0.8584070796460177,False,True
21,JLIDBLDQVAYHNE-YKALOCIXSA-N,1.0,True,True
4,KQNZDYYTLMIZCT-KQPMLPITSA-N,1.0,True,True
3,KQNZDYYTLMIZCT-KQPMLPITSA-N,1.0,True,True
1,QAQSYPCCZCGRFE-YUACDUOGSA-N,0.9345794392523364,False,True
0,DVSZTYJRXBBIFA-ULECTIQTSA-N,1.0,True,True
49,LWGUASZLXHYWIV-UHFFFAOYSA-N,1.0,True,True
48,LWGUASZLXHYWIV-UHFFFAOYSA-N,1.0,True,True
47,GXUHHYCGCXNPBU-BOHDVWGSSA-N,0.4351851851851852,False,False
46,AFYCEAFSNDLKSX-UHFFFAOYSA-N,0.5,False,False
44,POTVAILTNPOQJH-UHFFFAOYSA-N,0.32,False,False
43,LRTXIQCBQIKIOH-UHFFFAOYSA-N,0.2804878048780488,False,False
42,JLIDBLDQVAYHNE-YKALOCIXSA-N,1.0,True,True
39,JLIDBLDQVAYHNE-YKALOCIXSA-N,1.0,True,True
37,JEDPSOYOYVELLZ-UHFFFAOYSA-N,0.6363636363636364,False,False
36,QRXBPPWUGITQLE-UHFFFAOYSA-N,0.36633663366336633,False,False
35,DOEVCIHTTTYVCC-UHFFFAOYSA-N,1.0,True,True
32,GOTYRUGSSMKFNF-UHFFFAOYSA-N,1.0,True,True
1375,XUNRYQANAPAPPJ-UHFFFAOYSA-N,0.7313432835820896,False,False
1374,GHVMAVSVOJFHPW-UHFFFAOYSA-N,0.7931034482758621,False,False
1373,QEQKPXDVDJKOAU-UHFFFAOYSA-N,0.7258064516129032,False,False
1372,QHLMHPCXFVQCFD-UHFFFAOYSA-N,0.7868852459016393,False,False
5830,YYDMLWLLMFAABT-UHFFFAOYSA-N,1.0,True,True
1371,OIEJTSKCJDSYHW-UHFFFAOYSA-N,0.75,False,False
1370,BXMYVQKIHJWZLO-UHFFFAOYSA-N,0.8,False,False
1369,XRARUZQJOMFJHJ-UHFFFAOYSA-N,0.7419354838709677,False,False
1368,NFQGIDFTCZASES-UHFFFAOYSA-N,0.6451612903225806,False,False
1367,QLSGQLXPJDVDDV-UHFFFAOYSA-N,0.7636363636363637,False,False
1366,JCMYAVYFICVYKB-UHFFFAOYSA-N,0.7741935483870968,False,False
1365,PDTSHFWYKSBWNX-UHFFFAOYSA-N,0.7741935483870968,False,False
1364,VPAAXGMZGHCDSE-UHFFFAOYSA-N,0.7678571428571429,False,False
1363,CSSGLHMMUZYATE-UHFFFAOYSA-N,0.75,False,False
1362,RIFDPWJLHNZGEX-ULDPCNCHSA-N,0.7962962962962963,False,False
1361,ASSPJYHPKZGJSP-UHFFFAOYSA-N,0.765625,False,False
1360,IKAUIJJJVOAAIL-UHFFFAOYSA-N,0.6538461538461539,False,False
1359,SWFKRWACLQPQMG-UHFFFAOYSA-N,0.9361702127659575,False,True
1358,NQFSDKOZVDHBLX-UHFFFAOYSA-N,0.6896551724137931,False,False
1357,JKIQWEILNDIDRC-UHFFFAOYSA-N,0.9245283018867925,False,True
1356,KIBFZZQEMKBORZ-UHFFFAOYSA-N,0.7666666666666667,False,False
1355,WCLFYKMXMUFSLJ-UHFFFAOYSA-N,0.7213114754098361,False,False
1354,NFBNRKFCWQZHOQ-UHFFFAOYSA-N,0.6612903225806451,False,False
1353,ZLDQHKNBHIEDRR-UHFFFAOYSA-N,0.7758620689655172,False,False
1352,CIOBNQYQBAGNEI-UHFFFAOYSA-N,0.765625,False,False
1351,MYSUUNOFFDHHBJ-UHFFFAOYSA-N,0.7619047619047619,False,False
1350,XNWNHHQTLIKROH-UHFFFAOYSA-N,0.7619047619047619,False,False
1349,QVUWIFOSMUYUMX-UHFFFAOYSA-N,0.7846153846153846,False,False
1348,ULSPYKODIXJQCL-UHFFFAOYSA-N,0.7666666666666667,False,False
5846,QEEBRPGZBVVINN-BMPKRDENSA-N,1.0,True,True
1347,BVZUZSXMCWKRGQ-UHFFFAOYSA-N,0.7936507936507936,False,False
1346,LFTRTQNQBNDWJJ-UHFFFAOYSA-N,0.7846153846153846,False,False
1345,RMZWSUIWLIVGOP-UHFFFAOYSA-N,0.7846153846153846,False,False
1344,CMXQVYJZBBOBOD-UHFFFAOYSA-N,0.78125,False,False
1343,ACEJGRGQGHAPAC-UHFFFAOYSA-N,0.7719298245614035,False,False
1342,MGMMEFWCGXOHMT-UHFFFAOYSA-N,0.7333333333333333,False,False
1341,WFPSSFMQLUXXHS-YJJYDOSJSA-N,1.0,True,True
1340,YGHFFNGCQHKRSI-UHFFFAOYSA-N,0.6896551724137931,False,False
1339,PZHJGBPYNGZQOD-UHFFFAOYSA-N,0.6949152542372882,False,False
1338,IDROVEVNPPBXBA-UHFFFAOYSA-N,0.7413793103448276,False,False
1337,YVNIZTMBKHXYPP-UHFFFAOYSA-N,0.8070175438596491,False,False
1336,IPRCEEAKXPHAMK-UHFFFAOYSA-N,0.7761194029850746,False,False
1335,UTWOTWAJWDULKK-UHFFFAOYSA-N,0.7619047619047619,False,False
1334,YYPUBIYWUFDOHV-UHFFFAOYSA-N,0.7936507936507936,False,False
5882,OAKHDXJUOUHIBP-UHFFFAOYSA-N,1.0,True,True
5880,OAKHDXJUOUHIBP-UHFFFAOYSA-N,1.0,True,True
1333,GKYIDTBRVORXAR-UHFFFAOYSA-N,0.7833333333333333,False,False
1332,RZZVXQBQIPXBRC-UHFFFAOYSA-N,0.78125,False,False
1331,JAQZAWQPPJXLNG-UHFFFAOYSA-N,0.7727272727272727,False,False
1330,KDQQEBGTBXSBCC-UHFFFAOYSA-N,0.7868852459016393,False,False
1329,VNEQRTSCPLFEQB-UHFFFAOYSA-N,0.7846153846153846,False,False
1328,TYCOLMZUOSLCGP-UHFFFAOYSA-N,0.7666666666666667,False,False
1327,FBLZPJFUPFDDIP-UHFFFAOYSA-N,0.7419354838709677,False,False
1326,VZFWEVCKZOCQSN-UHFFFAOYSA-N,0.9272727272727272,False,True
1325,TZMGSAUTIIHKAV-UHFFFAOYSA-N,0.7692307692307693,False,False
1324,XHEIJUPMBXZCQR-UHFFFAOYSA-N,0.8928571428571429,False,True
1323,HQQJDOJOYJJVAI-UHFFFAOYSA-N,0.7413793103448276,False,False
1322,RYRPSORTISZRGD-UHFFFAOYSA-N,0.8135593220338984,False,False
1321,KMGQYNASYOCWPG-UHFFFAOYSA-N,0.7936507936507936,False,False
1320,VJKQKJCVWJEICZ-UHFFFAOYSA-N,0.8181818181818182,False,False
1319,ASJPLVNCCADBGU-UHFFFAOYSA-N,0.7619047619047619,False,False
1318,DJXYWGRCGLGWSP-UHFFFAOYSA-N,0.8421052631578947,False,False
1317,PPFWVKUVHFHYID-UHFFFAOYSA-N,0.78125,False,False
1316,YSEMCAJITDRMKT-UHFFFAOYSA-N,0.9272727272727272,False,True
1315,RVARTNUAZFDBHB-UHFFFAOYSA-N,0.7931034482758621,False,False
1314,PWMPYPCXDALPGO-UHFFFAOYSA-N,0.9230769230769231,False,True
1313,KCWVEYAEQPLMCU-UHFFFAOYSA-N,0.8888888888888888,False,True
1312,QOVFWAHRSJLOKI-UHFFFAOYSA-N,0.7313432835820896,False,False
1311,ZKAJPYCACNHTJF-UHFFFAOYSA-N,0.7419354838709677,False,False
1310,BHOOONFXENQWKD-UHFFFAOYSA-N,0.6885245901639344,False,False
1308,AHPRPQAMVWGPNE-UHFFFAOYSA-N,0.7903225806451613,False,False
1307,OIVARWLTKIGUCN-UHFFFAOYSA-N,0.8947368421052632,False,True
1306,GOXSNHWTNNEIBV-UHFFFAOYSA-N,0.6949152542372882,False,False
1305,JJEAHENPBUHZSA-UHFFFAOYSA-N,0.8545454545454545,False,True
1304,DKTQRNQSKVZJJT-UHFFFAOYSA-N,0.7777777777777778,False,False
1303,VQGPYCCHZMUHKK-UHFFFAOYSA-N,0.8888888888888888,False,True
1302,QYDJLWVSOHZVIX-UHFFFAOYSA-N,0.8,False,False
1301,YPWXUFJPIFENTI-UHFFFAOYSA-N,0.7931034482758621,False,False
1300,AOFQSQRJTIOFQD-UHFFFAOYSA-N,0.7678571428571429,False,False
1299,ODVLQGLFMVKUHU-UHFFFAOYSA-N,0.7671232876712328,False,False
1298,XUTISXRVBYUXSO-UHFFFAOYSA-N,0.7464788732394366,False,False
1297,ZEZBBFXGFBVCBP-UHFFFAOYSA-N,0.7714285714285715,False,False
1296,UVEVKKOTHUZEPJ-UHFFFAOYSA-N,0.9298245614035088,False,True
1295,LIXQQWAPECKLEF-UHFFFAOYSA-N,0.7714285714285715,False,False
1294,FBRULUQAYCYJPQ-UHFFFAOYSA-N,0.7702702702702703,False,False
1293,RJWJIMZEKJZZCB-UHFFFAOYSA-N,0.7571428571428571,False,False
1292,ZPBJWRJJYMBHLT-UHFFFAOYSA-N,0.7727272727272727,False,False
1291,PZPXOQDDJMSBCN-UHFFFAOYSA-N,0.8983050847457628,False,True
1290,JRZLJPGXDNXGJA-UHFFFAOYSA-N,0.8928571428571429,False,True
1289,JPWOGVGTSDYJTD-UHFFFAOYSA-N,0.8888888888888888,False,True
1288,DMSPQACKIYVQFA-UHFFFAOYSA-N,0.8333333333333334,False,False
1287,AMVAXJZKFQBZRA-UHFFFAOYSA-N,0.7761194029850746,False,False
1286,IRUFUWSFJILHJJ-UHFFFAOYSA-N,0.9298245614035088,False,True
1285,SDOJWMQMIPJABO-UHFFFAOYSA-N,0.7605633802816901,False,False
1284,LYJRENDFBNRWKA-UHFFFAOYSA-N,0.7761194029850746,False,False
1283,YMHRMXYIUJCCTR-UHFFFAOYSA-N,0.711864406779661,False,False
1282,NMWVTHKTWXXGPD-UHFFFAOYSA-N,0.7017543859649122,False,False
1281,RNJLTIXTRYEJMU-UHFFFAOYSA-N,0.7906976744186046,False,False
1280,RYSYNVFASDJXJF-UHFFFAOYSA-N,0.8305084745762712,False,False
1279,JUXJWXZYUINMQU-UHFFFAOYSA-N,0.6949152542372882,False,False
1278,GECCCHVHZUAACC-UHFFFAOYSA-N,0.8181818181818182,False,False
1277,IIOMUWAERSJFOX-UHFFFAOYSA-N,0.6056338028169014,False,False
1276,SBBSXMFNNUBFQE-UHFFFAOYSA-N,0.8181818181818182,False,False
1275,RDNSKFMXTIRFHJ-UHFFFAOYSA-N,0.7166666666666667,False,False
1274,OUIUNKDEQQAQHN-UHFFFAOYSA-N,0.7818181818181819,False,False
1273,DYQFKJDFQYDCFM-UHFFFAOYSA-N,0.8392857142857143,False,False
1272,LJSVAUHZTDSEAO-UHFFFAOYSA-N,0.7761194029850746,False,False
1271,QNKMYJOKOHRMOD-UHFFFAOYSA-N,0.7761194029850746,False,False
1270,APMKOBUFUJGVBF-JOCHJYFZSA-N,1.0,True,True
1269,APMKOBUFUJGVBF-QFIPXVFZSA-N,1.0,True,True
1268,VAJCVOZUCYODIQ-UHFFFAOYSA-N,0.8448275862068966,False,False
1267,XBACHFYRUXXKFE-UHFFFAOYSA-N,0.9344262295081968,False,True
1266,YVZVZSVEBKPKKC-UHFFFAOYSA-N,0.9344262295081968,False,True
1265,NPYISQOVLRUZOF-UHFFFAOYSA-N,0.7605633802816901,False,False
1264,RGGVHXDJIWKEJY-UHFFFAOYSA-N,0.9047619047619048,False,True
1263,AQGXSEHQTVYQHL-UHFFFAOYSA-N,0.75,False,False
1262,PTFDVCCXPIQWDH-UHFFFAOYSA-N,0.8,False,False
1261,FOUMFSFYUTZSLT-UHFFFAOYSA-N,0.9333333333333333,False,True
1260,ZUXFPJSNWTWDQV-UHFFFAOYSA-N,0.7580645161290323,False,False
1259,RYUMKAMICACHJM-UHFFFAOYSA-N,0.9322033898305084,False,True
1258,VMLZNQISJXDOJI-UHFFFAOYSA-N,0.9322033898305084,False,True
1257,ZNNNHKYGLNZKKZ-UHFFFAOYSA-N,0.8947368421052632,False,True
1256,IHGXGYLYGHDUBO-UHFFFAOYSA-N,0.8,False,False
1255,CPTNHYCXSVPSFO-UHFFFAOYSA-N,0.8,False,False
1254,WFEXEMLBYDOFGT-UHFFFAOYSA-N,0.8166666666666667,False,False
1253,JPYPVROKHWBIMH-UHFFFAOYSA-N,0.9333333333333333,False,True
1252,SCUOMKFPRJEJJU-UHFFFAOYSA-N,0.746268656716418,False,False
1251,MZSCAHIIHREJDZ-UHFFFAOYSA-N,0.7931034482758621,False,False
1250,DHSZXBMXXLTRGG-UHFFFAOYSA-N,0.7666666666666667,False,False
1249,AZTLTBFLJLGDSE-UHFFFAOYSA-N,0.7666666666666667,False,False
1248,QTFKBDHWFZHXAZ-UHFFFAOYSA-N,0.7692307692307693,False,False
1247,BBPSUBPGMVNXIE-UHFFFAOYSA-N,0.8421052631578947,False,False
1246,PRUIVRNFWUEQRH-UHFFFAOYSA-N,0.8709677419354839,False,True
1245,QPAVCKNKWMLVCP-UHFFFAOYSA-N,0.8,False,False
1244,PEDNJXXMXDKOHD-UHFFFAOYSA-N,0.9285714285714286,False,True
1243,ZIVAHASACOZWGP-UHFFFAOYSA-N,0.9285714285714286,False,True
1242,BKMRSPCVBIJXTQ-UHFFFAOYSA-N,0.8709677419354839,False,True
1241,BDVHDLSBUGUASN-UHFFFAOYSA-N,0.9615384615384616,True,True
5980,OMISHRJQMYQPMG-UHFFFAOYSA-N,1.0,True,True
1240,SNMHJCRMMNCQJA-UHFFFAOYSA-N,0.84,False,False
1239,TYMCAJHCUSQGJQ-UHFFFAOYSA-N,0.711864406779661,False,False
1238,BIWFYMSIPJIKPJ-UHFFFAOYSA-N,0.7818181818181819,False,False
1237,YDBYOSRHXOSNGN-UHFFFAOYSA-N,0.7941176470588235,False,False
1236,PLLABCXOOHXUOR-UHFFFAOYSA-N,0.7681159420289855,False,False
1235,IYCPOKMFJWLZCW-UHFFFAOYSA-N,0.6119402985074627,False,False
1234,KKJPKHQVHGLAAR-UHFFFAOYSA-N,0.7962962962962963,False,False
1233,ZZNYWABADMMLGK-UHFFFAOYSA-N,0.7818181818181819,False,False
1232,BPHVOTJCBKUPCP-UHFFFAOYSA-N,0.7538461538461538,False,False
1231,CLVQWZHULODGMC-UHFFFAOYSA-N,0.8888888888888888,False,True
1230,NGRFUKYIBMVGTD-UHFFFAOYSA-N,0.7575757575757576,False,False
1229,IOKHHXSWAADWDS-VBSNWNEZSA-N,0.8545454545454545,False,True
1228,WYMAPBYGJHLTQW-UHFFFAOYSA-N,0.7941176470588235,False,False
1227,WFPSSFMQLUXXHS-FVRDMJKUSA-N,1.0,True,True
1226,BTUGEKVYMXMOOA-UHFFFAOYSA-N,0.8135593220338984,False,False
1225,CUFWLIOVPSGHDU-UHFFFAOYSA-N,0.8070175438596491,False,False
1224,MEKGLTUCXFVINX-UHFFFAOYSA-N,0.7413793103448276,False,False
1223,UADDVAMTMKGHEA-UHFFFAOYSA-N,0.7538461538461538,False,False
1222,IOQRDMSJALOPMP-UHFFFAOYSA-N,0.7333333333333333,False,False
1221,RAOCGOJPOVJSGN-UHFFFAOYSA-N,0.8545454545454545,False,True
1220,FXFBZMPGZPFBOZ-UHFFFAOYSA-N,0.7796610169491526,False,False
1219,WXQAPNNJSIQJFS-UHFFFAOYSA-N,0.8166666666666667,False,False
1218,GIRQHPMEJRGMRS-UHFFFAOYSA-N,0.6811594202898551,False,False
1217,NTRYTYKBJDFDED-UHFFFAOYSA-N,0.7575757575757576,False,False
1216,HWNHNPYYNSPTLV-UHFFFAOYSA-N,0.7636363636363637,False,False
1215,NUSCNROAJFZMQV-UHFFFAOYSA-N,0.6811594202898551,False,False
1214,JLLCCLQWPJFBCY-UHFFFAOYSA-N,0.8545454545454545,False,True
1213,CCKDNGBLHBHBCN-UHFFFAOYSA-N,0.746031746031746,False,False
1212,WNJZLLPBUOHMPE-UHFFFAOYSA-N,0.8333333333333334,False,False
1211,IKUYVSWZYORYND-UHFFFAOYSA-N,0.7575757575757576,False,False
1210,HPNNUXOPDUMXEA-UHFFFAOYSA-N,0.75,False,False
1209,UBOCRPMSLSYSQN-UHFFFAOYSA-N,0.7586206896551724,False,False
1208,LSMYKJDPGZGLGF-UHFFFAOYSA-N,0.7538461538461538,False,False
1207,SYHBKLMTSFSDKN-UHFFFAOYSA-N,0.7619047619047619,False,False
1206,UJLJRWKQTXJBAO-UHFFFAOYSA-N,0.8888888888888888,False,True
1205,BDUAUOVXVMQSOF-YJJYDOSJSA-N,0.8867924528301887,False,True
1204,FOSYVKMYFUJIHE-UHFFFAOYSA-N,0.7666666666666667,False,False
1203,PVQANFMGQRGSCM-UHFFFAOYSA-N,0.8709677419354839,False,True
1202,WRDOWLRJYTZFNB-UHFFFAOYSA-N,0.8709677419354839,False,True
1201,PHPIBPMCQUTDFR-UHFFFAOYSA-N,0.78125,False,False
1200,JLXLNFJGCXFWIH-UHFFFAOYSA-N,0.78125,False,False
1199,RASPBYGJVZITAH-UHFFFAOYSA-N,0.8909090909090909,False,True
1198,SQYQQSDTHPJHJG-UHFFFAOYSA-N,0.9259259259259259,False,True
1197,BACCHMDINUNDGR-UHFFFAOYSA-N,0.8909090909090909,False,True
1196,AZXNCUYVZWJPFT-UHFFFAOYSA-N,0.8928571428571429,False,True
1195,GGWXGGKCUDMEIL-UHFFFAOYSA-N,0.9259259259259259,False,True
1194,KEXOBZKEQYKZNL-UHFFFAOYSA-N,0.8135593220338984,False,False
1193,FOIUPRWWJARLKX-UHFFFAOYSA-N,0.8448275862068966,False,False
1192,BGCVTMQDOUNREI-UHFFFAOYSA-N,0.8909090909090909,False,True
1191,ZAYPKWREMGMJCY-UHFFFAOYSA-N,0.8909090909090909,False,True
1190,CVMOUMFEGURLFS-UHFFFAOYSA-N,0.7540983606557377,False,False
1189,PBTFHFBDNIOWNB-UHFFFAOYSA-N,0.8909090909090909,False,True
1188,XRFCSIJLQVUNCN-UHFFFAOYSA-N,0.7796610169491526,False,False
1187,JKUWQKSPAAOIGS-UHFFFAOYSA-N,0.765625,False,False
1186,MHDIMCYNTLJTHE-UHFFFAOYSA-N,0.7580645161290323,False,False
1185,ZEZUPJPSSUYZKE-UHFFFAOYSA-N,0.8448275862068966,False,False
1184,LJBWWNVWSXVYDO-UHFFFAOYSA-N,0.8448275862068966,False,False
1183,UAOMSYRXWAKGHL-UHFFFAOYSA-N,0.8387096774193549,False,False
1182,LZBAMUGOZGFWHX-UHFFFAOYSA-N,0.8387096774193549,False,False
1181,LHXGMCASZFZTKS-UHFFFAOYSA-N,0.8596491228070176,False,True
1180,URJSSPKOVJWKLU-UHFFFAOYSA-N,0.847457627118644,False,False
1179,QSQLDEQLDSSPDW-UHFFFAOYSA-N,0.7666666666666667,False,False
1178,GDWLREQQRRRZBT-UHFFFAOYSA-N,0.7575757575757576,False,False
1177,IFJZJRKHABWRQH-UHFFFAOYSA-N,0.7538461538461538,False,False
1176,XNPUFPXYQVMIAG-UHFFFAOYSA-N,0.7575757575757576,False,False
1175,NZWRJPOKMJLKOI-UHFFFAOYSA-N,0.7575757575757576,False,False
1174,RMYPEJZUHYPDSL-UHFFFAOYSA-N,0.6818181818181818,False,False
1173,XGFMJNKBHXXCPL-UHFFFAOYSA-N,0.7868852459016393,False,False
1172,GJLFTDAFWYQVSJ-UHFFFAOYSA-N,0.8909090909090909,False,True
1171,DXUWOIOLAGBMNE-UHFFFAOYSA-N,0.7096774193548387,False,False
1170,UYAXZASDLSTEBX-UHFFFAOYSA-N,0.75,False,False
1169,PKECUTPAEUHXNY-UHFFFAOYSA-N,0.7258064516129032,False,False
1168,UWWUYTBVVIRMRE-UHFFFAOYSA-N,0.7540983606557377,False,False
1167,QTLWSJMCWIMOMX-KTQQKIMGSA-N,0.7833333333333333,False,False
1166,FAGQSWAYWBATRK-UHFFFAOYSA-N,0.8064516129032258,False,False
1165,CHNDXDYOQUJRSN-UHFFFAOYSA-N,0.8064516129032258,False,False
1164,QBXJOJGUUKPOCD-UHFFFAOYSA-N,0.7692307692307693,False,False
1163,ADYGYBSNMFRYOC-UHFFFAOYSA-N,0.7580645161290323,False,False
1162,FSQGXBJLYILIEO-UHFFFAOYSA-N,0.7384615384615385,False,False
1161,UQHJTITVLBRRTH-UHFFFAOYSA-N,0.7846153846153846,False,False
1160,YJUWKPUUAZEXEV-UHFFFAOYSA-N,0.7538461538461538,False,False
1159,REBVJWYAGCHCNZ-UHFFFAOYSA-N,0.7846153846153846,False,False
1158,NFLPAHRXDXKXLO-UHFFFAOYSA-N,0.7681159420289855,False,False
1157,NLNRUYGLOULPEN-UHFFFAOYSA-N,0.7681159420289855,False,False
1156,JIRZUIVBYYOAMQ-UHFFFAOYSA-N,0.6891891891891891,False,False
1155,LULLTDFFRXVIKG-UHFFFAOYSA-N,0.7538461538461538,False,False
1154,MAIRHIJMLBQFJN-UHFFFAOYSA-N,0.6714285714285714,False,False
1153,XPBDVPLLJIMHBR-UHFFFAOYSA-N,0.8153846153846154,False,False
1152,ZVODBGZAWVBMLG-UHFFFAOYSA-N,0.8064516129032258,False,False
1151,FKMDJROAPUNSEI-UHFFFAOYSA-N,0.7413793103448276,False,False
1150,SACJQCNFSGLZDM-UHFFFAOYSA-N,0.8888888888888888,False,True
1149,PEKUBHZQWFONOL-UHFFFAOYSA-N,0.7931034482758621,False,False
1148,BCHXHHIKRYDGSV-UHFFFAOYSA-N,0.7894736842105263,False,False
1147,GNBADQRYEKSRSG-UHFFFAOYSA-N,0.7619047619047619,False,False
1146,DJCJOCGEBIUHBZ-UHFFFAOYSA-N,0.8035714285714286,False,False
1145,BWTWABZONVEREL-UHFFFAOYSA-N,0.7818181818181819,False,False
1144,SKOHDCIXJSATRD-UHFFFAOYSA-N,0.7068965517241379,False,False
1143,UKTRPQHSCMFIPP-UHFFFAOYSA-N,0.7735849056603774,False,False
1142,ZQTNQXJBWPSYRL-UHFFFAOYSA-N,0.6610169491525424,False,False
1141,PSMCAMNBKMXTRZ-UHFFFAOYSA-N,0.7719298245614035,False,False
1140,PSNJZKKTZQDSEP-UHFFFAOYSA-N,0.7931034482758621,False,False
1139,DZRYPPYDNWVQNM-UHFFFAOYSA-N,0.7894736842105263,False,False
1138,YJDBVFQETRGYDA-UHFFFAOYSA-N,0.7413793103448276,False,False
1137,JTILPUBELKCEAH-UHFFFAOYSA-N,0.7735849056603774,False,False
1136,USYUWHWCCRATQK-UHFFFAOYSA-N,0.7222222222222222,False,False
1135,WMXJZBQZXSNKHB-UHFFFAOYSA-N,0.9615384615384616,True,True
1134,VLPLJPNZPRBYSW-UHFFFAOYSA-N,0.6949152542372882,False,False
1133,XCBXDBHGVSBFHF-UHFFFAOYSA-N,0.734375,False,False
1132,ZFGDGBHOUKSUPB-UHFFFAOYSA-N,0.734375,False,False
1131,SLJZMQXGLDFIGY-UHFFFAOYSA-N,0.7230769230769231,False,False
1130,QMWDNWXBJJGXJU-UHFFFAOYSA-N,0.7,False,False
1129,SENCBHSTSUKKFO-UHFFFAOYSA-N,0.7796610169491526,False,False
1128,UCBZHYRHZVVQDT-UHFFFAOYSA-N,0.7636363636363637,False,False
1127,LRGQDNLGEXGTPG-UHFFFAOYSA-N,0.7230769230769231,False,False
1126,SCMUTAOYQCBWDF-UHFFFAOYSA-N,0.98,True,True
1125,JIMFFVKIWRLODO-UHFFFAOYSA-N,0.7636363636363637,False,False
1124,AFXAOYUDWHDBLT-UHFFFAOYSA-N,0.7627118644067796,False,False
1123,VSXWGGVTVDRKEZ-UHFFFAOYSA-N,0.7192982456140351,False,False
1122,SUFJEWUVJKHZGF-UHFFFAOYSA-N,0.7666666666666667,False,False
1121,FMMGWTKTPQIRRE-UHFFFAOYSA-N,0.7796610169491526,False,False
1120,GPLOWLQBSZSLKK-MTATWXBHSA-N,1.0,True,True
1119,GPLOWLQBSZSLKK-WHUIICBVSA-N,1.0,True,True
1118,RXSATOKSUZJZCW-UHFFFAOYSA-N,0.6785714285714286,False,False
1117,OKGRFBZCUHULPX-UHFFFAOYSA-N,0.7818181818181819,False,False
1116,ATFVRCNMKWLFKW-UHFFFAOYSA-N,0.8125,False,False
1115,DSFPRAMXCWVKGH-UHFFFAOYSA-N,0.8888888888888888,False,True
1114,RIFDPWJLHNZGEX-UHFFFAOYSA-N,0.7962962962962963,False,False
1111,UBSBBCOCLFYZJB-UHFFFAOYSA-N,0.8181818181818182,False,False
1110,OFVAAWNOUHMTCJ-UHFFFAOYSA-N,0.7313432835820896,False,False
1109,UVAZUDPBFYZDSS-UHFFFAOYSA-N,0.9607843137254902,True,True
1108,IFIUFUGJLXUTKH-UHFFFAOYSA-N,0.7735849056603774,False,False
1107,USOFEHXSTTUZHY-UHFFFAOYSA-N,0.8888888888888888,False,True
1106,TVDDUTLWPOEXCQ-UHFFFAOYSA-N,0.7627118644067796,False,False
1105,VAHVYBSMSOIIQE-UHFFFAOYSA-N,0.8392857142857143,False,False
1103,GDQKRHUGWYMSBN-UHFFFAOYSA-N,0.8867924528301887,False,True
1102,VWOVLCOKRSAMNP-UHFFFAOYSA-N,0.8,False,False
1101,QKEPEXBIURLQCE-UHFFFAOYSA-N,0.7222222222222222,False,False
1100,IZFWAPBCOFGBJD-UHFFFAOYSA-N,0.6885245901639344,False,False
1099,ITRYLYGDXCERGH-UHFFFAOYSA-N,0.734375,False,False
1098,IOADCFHKRZHOKR-UHFFFAOYSA-N,0.9361702127659575,False,True
1097,FUEHVEPJCMHMME-UHFFFAOYSA-N,0.847457627118644,False,False
1096,HJQIPKCMZCWZAC-UHFFFAOYSA-N,0.7272727272727273,False,False
1095,IWXKXHGOLCZVIX-UHFFFAOYSA-N,0.671875,False,False
1094,JUUGEFPXPLABMR-UHFFFAOYSA-N,0.8,False,False
1093,BJNOITAWVQPRRW-UHFFFAOYSA-N,0.7540983606557377,False,False
1092,GDENUQNUJYCGQE-UHFFFAOYSA-N,0.7457627118644068,False,False
1091,WERCYDMICCURTB-UHFFFAOYSA-N,0.7121212121212122,False,False
1089,ZCGLWYLPIBTTPG-UHFFFAOYSA-N,0.7241379310344828,False,False
1088,GXBGXFCWYGIAFV-UHFFFAOYSA-N,0.7903225806451613,False,False
1087,FSFIPMQTKYRTMC-UHFFFAOYSA-N,0.8947368421052632,False,True
1086,YKRKNNZNOOBTOS-UHFFFAOYSA-N,0.98,True,True
1085,FOZIDCXOKBUPMP-UHFFFAOYSA-N,0.7619047619047619,False,False
1084,RKGFNBWPADNRSF-UHFFFAOYSA-N,0.8484848484848485,False,False
1083,YXHUYLWKRHXBIR-UHFFFAOYSA-N,0.8947368421052632,False,True
1082,WHUCEZSQEDMYNA-UHFFFAOYSA-N,0.796875,False,False
1081,APSGONYGWYCOOJ-UHFFFAOYSA-N,0.847457627118644,False,False
1080,DFMDQAIQVALIAL-UHFFFAOYSA-N,0.7903225806451613,False,False
1079,QNHRDRYIHFEFSH-UHFFFAOYSA-N,0.6949152542372882,False,False
1078,CZXSAGGLEKJZEV-UHFFFAOYSA-N,0.7096774193548387,False,False
1077,VZEIOSUGJFYSFS-UHFFFAOYSA-N,0.8484848484848485,False,False
1076,NQLZFFKRZHNOFS-UHFFFAOYSA-N,0.7903225806451613,False,False
1075,OFSAAICNEQOETF-UHFFFAOYSA-N,0.8,False,False
1074,SLMMLEJATXYFJV-UHFFFAOYSA-N,0.8,False,False
1073,ALBKTIFRXMKDBD-UHFFFAOYSA-N,0.9607843137254902,True,True
1072,BCEGAHPOXBFGRV-UHFFFAOYSA-N,0.75,False,False
1071,LWBFGWFDBIAVFX-UHFFFAOYSA-N,0.7142857142857143,False,False
1070,KSKLQQKFLWNKHJ-UHFFFAOYSA-N,0.7258064516129032,False,False
1069,GGUOPKOTIDFXDA-UHFFFAOYSA-N,0.7586206896551724,False,False
1068,AJUUTKGDSFKJJJ-UHFFFAOYSA-N,0.88,False,True
1067,INQTXKFIXHHAGR-UHFFFAOYSA-N,0.94,False,True
1066,OYLCCNSEFCSJJT-UHFFFAOYSA-N,0.94,False,True
1065,MVLHBJZIFYULFX-UHFFFAOYSA-N,0.7384615384615385,False,False
1064,CXPHXWJBACSAEU-UHFFFAOYSA-N,0.7931034482758621,False,False
1063,STRHPVMCDMZENN-UHFFFAOYSA-N,0.711864406779661,False,False
1062,UQUHFJATNJYLNV-UHFFFAOYSA-N,0.7692307692307693,False,False
1060,ONWDYOYBZUUQRU-UHFFFAOYSA-N,0.6764705882352942,False,False
1058,FOQOMZCURNDRPN-UHFFFAOYSA-N,0.873015873015873,False,True
1057,LGQNCIIQMZZURD-UHFFFAOYSA-N,0.873015873015873,False,True
1056,NDVXVRWGOUTOPH-UHFFFAOYSA-N,0.676923076923077,False,False
1055,SGPIOMAVPSDMHU-UHFFFAOYSA-N,0.8064516129032258,False,False
1054,BCKSMBYESABFJR-UHFFFAOYSA-N,0.8035714285714286,False,False
1053,BMPAZKRNSUYFSF-UHFFFAOYSA-N,0.5151515151515151,False,False
1052,VVXWKCMYNDVTCD-UHFFFAOYSA-N,0.8421052631578947,False,False
1051,LAKHRBDATPWAQU-UHFFFAOYSA-N,0.8387096774193549,False,False
1050,FKPMIZLULXXQDA-UHFFFAOYSA-N,0.8387096774193549,False,False
1049,HOXFCEXGMGZYIK-UHFFFAOYSA-N,0.8387096774193549,False,False
1048,CCIRAPHFCNHGNB-UHFFFAOYSA-N,0.8421052631578947,False,False
1047,NCGWXXDRTSQDDN-UHFFFAOYSA-N,0.7391304347826086,False,False
1046,FIQMOINOCBFDOK-UHFFFAOYSA-N,0.7213114754098361,False,False
1045,WCEROPSBJKNLRD-UHFFFAOYSA-N,0.7166666666666667,False,False
1044,XNKIMEMMJTYOOT-UHFFFAOYSA-N,0.7413793103448276,False,False
1043,ZPFMPRHVMDTWDI-UHFFFAOYSA-N,0.8333333333333334,False,False
1042,KBPQSOYWKJTLDY-UHFFFAOYSA-N,0.7096774193548387,False,False
1041,WBLZVJNKICASHQ-UHFFFAOYSA-N,0.8571428571428571,False,True
1040,BMVMIAOMYHPOMF-UHFFFAOYSA-N,0.7678571428571429,False,False
1039,GNNBPHVQPGPMHR-UHFFFAOYSA-N,0.78,False,False
1038,YRJMZLYFPDSZOJ-UHFFFAOYSA-N,0.7547169811320755,False,False
1037,CQTNUWKOHRKXCP-UHFFFAOYSA-N,0.7543859649122807,False,False
1036,XGXIRXZVJKCOJR-UHFFFAOYSA-N,0.8,False,False
1035,GAZPJTHFIOZYBM-UHFFFAOYSA-N,0.7906976744186046,False,False
1034,ZGTBQEARJXWHIC-UHFFFAOYSA-N,0.78,False,False
1033,HCFVPTWREDESOS-UHFFFAOYSA-N,0.7647058823529411,False,False
1032,HKOYMPSMXWYBSK-UHFFFAOYSA-N,0.6935483870967742,False,False
1031,CZHPQYCMFREYOX-UHFFFAOYSA-N,0.8113207547169812,False,False
1030,WHOGFURRZAYKSS-UHFFFAOYSA-N,0.7796610169491526,False,False
1029,ASDYYLVKVXCZTI-UHFFFAOYSA-N,0.8103448275862069,False,False
1028,PSDAJYYZBVFRTN-UHFFFAOYSA-N,0.8103448275862069,False,False
1027,KWRFIKASBNTDIX-UHFFFAOYSA-N,0.7241379310344828,False,False
1026,GWORHCSVNAMCLQ-UHFFFAOYSA-N,0.7833333333333333,False,False
1025,FQVVWVSUISYWJC-UHFFFAOYSA-N,0.7166666666666667,False,False
1024,RDBLIAVQGIGGKI-UHFFFAOYSA-N,0.7142857142857143,False,False
1023,HHWQGYODXGRQKB-UHFFFAOYSA-N,0.7096774193548387,False,False
1022,UPNUQZFGOUTPQI-UHFFFAOYSA-N,0.8113207547169812,False,False
1021,KMUYVONVFZSGFL-UHFFFAOYSA-N,0.7407407407407407,False,False
1020,CPCGRRZHSRPINY-UHFFFAOYSA-N,0.78,False,False
1019,MMLCBFATNNJWID-UHFFFAOYSA-N,0.7796610169491526,False,False
1018,DRSOETLXPAPYBQ-UHFFFAOYSA-N,0.75,False,False
1017,QCMHGXOCZVSZAF-UHFFFAOYSA-N,0.7966101694915254,False,False
1016,JBUJYXRBGSZZNG-UHFFFAOYSA-N,0.6984126984126984,False,False
1015,IMYQBXRYMKIKRP-UHFFFAOYSA-N,0.7213114754098361,False,False
1014,AGMXEMZXUQCHRG-UHFFFAOYSA-N,0.7796610169491526,False,False
1013,VWSJIXUPBYJHEY-UHFFFAOYSA-N,0.7586206896551724,False,False
1012,CANVOMSMGUCQHV-UHFFFAOYSA-N,0.7586206896551724,False,False
1011,FCWYAWCZUAYTSL-UHFFFAOYSA-N,0.8333333333333334,False,False
1010,OPFYNKFCQCABMR-UHFFFAOYSA-N,0.8571428571428571,False,True
1009,DQYWITYPCZJNPX-UHFFFAOYSA-N,0.7758620689655172,False,False
1008,UBTPYQVRIZIKQG-UHFFFAOYSA-N,0.7966101694915254,False,False
1007,JAQFNOQUZADRHI-UHFFFAOYSA-N,0.7735849056603774,False,False
1006,YVOCKDYWYDWNQQ-UHFFFAOYSA-N,0.44871794871794873,False,False
1005,STKYPGHNPVABGK-UHFFFAOYSA-N,0.888,False,True
1004,RGBJDHBYYMZUII-LOHPNTAYSA-N,0.8421052631578947,False,False
1003,GJFNGAYBJAVTAS-CCAUZOLCSA-N,0.9064748201438849,False,True
1002,KDHLCKSULTVNFP-NGPKDYJDSA-N,0.927536231884058,False,True
1001,OSVOCGGHZFWBCB-LJIHXBNRSA-N,1.0,True,True
1000,OSVOCGGHZFWBCB-LHIMDXEYSA-N,1.0,True,True
999,DJJYCLDNCNAWTO-RMUXOYBYSA-N,0.9147286821705426,False,True
998,XHRQKNXOFWDWOB-HYJKHORLSA-N,0.927536231884058,False,True
997,UWLYNZFHJXLERC-RLZWKNRVSA-N,0.8601398601398601,False,True
996,OLAPSQUMFCUATL-KNKBZJOJSA-N,0.9777777777777777,True,True
995,OAPLJOAHGXMMOV-IKYKMJKJSA-N,0.9202898550724637,False,True
6490,PSAJCYLXNSDJCJ-AOJDOKOMSA-N,1.0,True,True
6489,CWLSIOCFRIMBMV-UHFFFAOYSA-N,1.0,True,True
6488,YXTJSWXZBWLQLV-UHFFFAOYSA-N,1.0,True,True
6486,XLWJWCMQMBVNSG-ACXKHFGCSA-N,0.4957983193277311,False,False
994,XHDUTBNQOJQSNK-SVJQMSSLSA-N,0.9147286821705426,False,True
993,SKJJGUXMSZLNOF-ATFRZDJOSA-N,0.8861788617886179,False,True
992,SUMGPUGBPCUCET-BWUTVGLOSA-N,0.9327731092436975,False,True
991,MKZZKLFHSJIENN-QYNPVVAZSA-N,0.9327731092436975,False,True
990,NJFGNVAWXQPVKM-KCXGLBCRSA-N,0.8809523809523809,False,True
989,MESVYZNEPBYOFP-VRIHJVQPSA-N,0.8518518518518519,False,True
988,SRUAJGUTDFIOHZ-ZDFWQDRISA-N,0.9032258064516129,False,True
987,MOBBLNFZVRZGSR-CCAUZOLCSA-N,0.9197080291970803,False,True
986,UEFAYYZKFSRTAJ-LSVWGVJESA-N,0.835820895522388,False,False
985,AVMIFVOTMIYJBA-HVQBZPDMSA-N,0.872,False,True
984,MNHDFXCGORULDZ-SOABYQISSA-N,0.9274193548387096,False,True
983,RYOJCOXYTZJSII-DDHDREKCSA-N,0.9274193548387096,False,True
982,DSQKDBCBMDEPJJ-SOABYQISSA-N,0.9032258064516129,False,True
981,BBBZIHBERJWMTH-UOTBBSPOSA-N,0.8852459016393442,False,True
980,DQXGIUOEAHQHIX-RICGBUSQSA-N,0.8852459016393442,False,True
979,SNOZJCIKDGKIQZ-DCJFACALSA-N,0.8888888888888888,False,True
977,FGXZPWZAWDXEHG-UHFFFAOYSA-N,0.888,False,True
6509,OZVBMTJYIDMWIL-YCHBFXMOSA-N,0.23846153846153847,False,False
976,DLFWXKVTMZVBGE-UHFFFAOYSA-N,0.865546218487395,False,True
975,ZUPIYCAEWMKSRH-GLCSUWLTSA-N,0.9166666666666666,False,True
974,VCKGKYVXFIMSGI-OKMVTKQCSA-N,0.9159663865546218,False,True
973,WCCLXFILLNNBTA-KDTPXPMDSA-N,0.848,False,False
972,NOEIPXPCICVQCX-KWCDBCSCSA-N,0.9495798319327731,False,True
971,NMTZBDPAMIFJNR-KWCDBCSCSA-N,0.9152542372881356,False,True
970,KHJBHGQOVZGZRO-PMCZHINGSA-N,0.9495798319327731,False,True
969,YOHZPJKEXUTBBY-PMCZHINGSA-N,1.0,True,True
968,YOHZPJKEXUTBBY-WKWSYTHHSA-N,1.0,True,True
967,ZXZFSRAPXXAOHF-KWCDBCSCSA-N,0.9327731092436975,False,True
966,GKPPJJALVQPAIN-ROGPLRGZSA-N,0.9159663865546218,False,True
965,GUOSMOJQZPYQKZ-PLZWFADSSA-N,0.875,False,True
964,ORNOYMBGWAYMMM-PMCZHINGSA-N,0.9152542372881356,False,True
963,HJMQDJPMQIHLPB-UHFFFAOYSA-N,0.3582089552238806,False,False
962,XIXXNJFWPAVKFR-UHFFFAOYSA-N,0.5681818181818182,False,False
961,VOXZDWNPVJITMN-ZBRFXRBCSA-N,0.25806451612903225,False,False
960,ZJKNESGOIKRXQY-UHFFFAOYSA-N,0.2153846153846154,False,False
959,JLYAXFNOILIKPP-KXQOOQHDSA-N,0.6158940397350994,False,False
958,HPLNQCPCUACXLM-PGUFJCEWSA-N,0.5206611570247934,False,False
957,LLJJDLHGZUOMQP-UHFFFAOYSA-N,1.0,True,True
956,DSXXEELGXBCYNQ-UHFFFAOYSA-N,1.0,True,True
955,NNYBQONXHNTVIJ-UHFFFAOYSA-N,0.2777777777777778,False,False
954,QSMOQTIGILELKY-UHFFFAOYSA-N,0.29411764705882354,False,False
953,UVHKBBSYQUSLMZ-UHFFFAOYSA-N,1.0,True,True
952,UVHKBBSYQUSLMZ-UHFFFAOYSA-N,1.0,True,True
951,KUYXUOZPCBPBFN-UHFFFAOYSA-N,0.7391304347826086,False,False
950,VEGFQOMNZVNANA-UHFFFAOYSA-N,0.8936170212765957,False,True
949,GGJYRMTULDMAGC-UHFFFAOYSA-N,0.8936170212765957,False,True
948,NBZSKEJRYGBSLV-UHFFFAOYSA-N,0.865979381443299,False,True
947,NHPSDEHZZIGCHB-UHFFFAOYSA-N,0.8602150537634409,False,True
946,KTHRDWMJSRGSFF-UHFFFAOYSA-N,0.865979381443299,False,True
945,YZHXWHSTPGNHKE-UHFFFAOYSA-N,0.8829787234042553,False,True
944,NFBBXPBQJJYUTN-UHFFFAOYSA-N,0.746268656716418,False,False
943,NCRCWXPCGTXGAY-UHFFFAOYSA-N,0.8,False,False
942,YYDMLWLLMFAABT-UHFFFAOYSA-N,1.0,True,True
941,OTJLYGQMTYUOAE-UHFFFAOYSA-N,0.85,False,False
940,FMHJEOZJQFSYDU-UHFFFAOYSA-N,0.85,False,False
939,ILYZVGPCCSWGGH-UHFFFAOYSA-N,0.7787610619469026,False,False
938,WVWSFPWDBRFGBU-UHFFFAOYSA-N,0.8586956521739131,False,True
937,FRCGJCUCVQFLOP-UHFFFAOYSA-N,0.9340659340659341,False,True
936,BJEUVMQXHFSYFY-UHFFFAOYSA-N,0.9886363636363636,True,True
935,QHXYELRNLKDKMR-UHFFFAOYSA-N,0.9886363636363636,True,True
934,YAELSVQJAHLTQI-UHFFFAOYSA-N,0.7634408602150538,False,False
933,CRVKXTGBFGDTJG-UHFFFAOYSA-N,0.7959183673469388,False,False
932,LMHUVOMTCFCQEU-UHFFFAOYSA-N,0.8367346938775511,False,False
931,MKOPZDVCXQQFFD-UHFFFAOYSA-N,0.8163265306122449,False,False
930,SKDPTQPUQCRHAB-UHFFFAOYSA-N,0.7916666666666666,False,False
929,YRWXPRFNRFGNLV-UHFFFAOYSA-N,0.7954545454545454,False,False
5430,XMRNTRLDQDZRGB-UHFFFAOYSA-N,0.6190476190476191,False,False
5428,TZIRXVHXQNXKOU-UHFFFAOYSA-N,0.6956521739130435,False,False
5427,DGDWAMQMUQVWBK-UHFFFAOYSA-N,0.5869565217391305,False,False
5425,GOMXOBFYQBMFTF-UHFFFAOYSA-N,0.5869565217391305,False,False
928,HAEDYTJFEGFCJI-UHFFFAOYSA-N,0.68,False,False
927,LGPHEQDLCQKPLG-UHFFFAOYSA-N,0.7959183673469388,False,False
926,IXBQECZQPGPJDZ-UHFFFAOYSA-N,0.7592592592592593,False,False
925,VARDHIIDJDHANQ-UHFFFAOYSA-N,0.82,False,False
924,VWOCUYVZBSQWQP-UHFFFAOYSA-N,0.8636363636363636,False,True
923,CWLSIOCFRIMBMV-UHFFFAOYSA-N,1.0,True,True
922,CHCODIRNBLMWLY-UHFFFAOYSA-N,0.8163265306122449,False,False
921,ZBVBLTXOEDZJCR-UHFFFAOYSA-N,0.8297872340425532,False,False
920,XEBZSWCSPAVNAF-UHFFFAOYSA-N,0.8297872340425532,False,False
919,OAKWAOVPTFYTNQ-UHFFFAOYSA-N,0.7391304347826086,False,False
918,YXTJSWXZBWLQLV-UHFFFAOYSA-N,1.0,True,True
917,SXNZXARSXMEBFB-UHFFFAOYSA-N,0.5686274509803921,False,False
916,ZYCCPIAZPNTKPE-KGLIPLIRSA-N,1.0,True,True
915,ZYCCPIAZPNTKPE-UONOGXRCSA-N,1.0,True,True
914,DROIMMJNXXKGAG-UHFFFAOYSA-N,0.7906976744186046,False,False
913,QIJPDOQNQLULGT-UHFFFAOYSA-N,0.7906976744186046,False,False
912,SOMLHWRGTCKDJT-UHFFFAOYSA-N,0.7619047619047619,False,False
911,VXRJVSYNQKLMJH-UHFFFAOYSA-N,0.7619047619047619,False,False
910,JCMUCKFWVDNEPK-UHFFFAOYSA-N,0.75,False,False
909,HXBOUTZTHCISGY-UHFFFAOYSA-N,0.68,False,False
908,PIKGWMSJQWKKKD-UHFFFAOYSA-N,0.8035714285714286,False,False
907,REOREPFWHFDSMP-UHFFFAOYSA-N,0.8035714285714286,False,False
906,SHEIWSUONXOXDK-UHFFFAOYSA-N,0.7678571428571429,False,False
905,SIDYTXAORPVRAD-UHFFFAOYSA-N,0.7391304347826086,False,False
904,KTWKCYWRRJAUTO-UHFFFAOYSA-N,0.6730769230769231,False,False
903,UBQQMKHIUBMNDJ-UHFFFAOYSA-N,0.6122448979591837,False,False
902,ZVHKUDRJCYZLHP-UHFFFAOYSA-N,0.8333333333333334,False,False
901,ZYJWQSRXOZIBJX-UHFFFAOYSA-N,0.7608695652173914,False,False
900,HNSXNBNOJQPPJT-UHFFFAOYSA-N,0.49056603773584906,False,False
899,BTNNPSLJPBRMLZ-GHRIWEEISA-N,0.20930232558139536,False,False
898,CBYGXDRNOKZANI-UHFFFAOYSA-N,0.7733333333333333,False,False
897,AZQGGAFHYOGHOF-UHFFFAOYSA-N,1.0,True,True
896,RKJREIMDGKHZEZ-UHFFFAOYSA-N,1.0,True,True
895,VBVAZSILFWUVLI-UHFFFAOYSA-N,1.0,True,True
894,FAVKGIJRQFOBMS-UHFFFAOYSA-N,1.0,True,True
893,AYWUVRWBXDQPQO-UHFFFAOYSA-N,1.0,True,True
892,CCJCMSXSQPKEPT-UHFFFAOYSA-N,1.0,True,True
891,VHZHDDNVTKAFFC-UHFFFAOYSA-N,0.75,False,False
890,PGKOQHQTSGYIEZ-UHFFFAOYSA-N,0.8611111111111112,False,True
889,DOVCJYPISITJGR-UHFFFAOYSA-N,0.8787878787878788,False,True
888,MGYFGGKUTAJMRX-UHFFFAOYSA-N,0.9032258064516129,False,True
887,HJPYOJYWYVMTJO-UHFFFAOYSA-N,0.8405797101449275,False,False
886,QOJDIXROHYFUFQ-UHFFFAOYSA-N,0.8405797101449275,False,False
885,HPMZWBGZHIEYEF-UHFFFAOYSA-N,0.8656716417910447,False,True
884,STLWBSWSIGUORX-UHFFFAOYSA-N,0.835820895522388,False,False
883,UBPLHIIGCHEJHL-UHFFFAOYSA-N,0.873015873015873,False,True
882,UJSARNFSDVKYDO-UHFFFAOYSA-N,0.835820895522388,False,False
881,CFESYBHYLXXEHM-UHFFFAOYSA-N,0.8333333333333334,False,False
880,GBYXYTXQRSFNMT-UHFFFAOYSA-N,0.8611111111111112,False,True
879,DQBZLCLGWULMMR-UHFFFAOYSA-N,0.8194444444444444,False,False
878,VDYYPIFMTAMSGI-UHFFFAOYSA-N,0.8333333333333334,False,False
877,JTHFJRKOXZSRRF-UHFFFAOYSA-N,0.9032258064516129,False,True
876,BHSGCTTUTIBRHV-UHFFFAOYSA-N,0.7313432835820896,False,False
875,USWDBQRILPTSCJ-UHFFFAOYSA-N,1.0,True,True
874,OVGJPTOOJQLTTA-UHFFFAOYSA-N,1.0,True,True
873,LAGBNOHZJRUZOB-UHFFFAOYSA-N,1.0,True,True
872,UMMHJSIZURHIKY-UHFFFAOYSA-N,0.873015873015873,False,True
871,WJBQWPQUXRYNLP-UHFFFAOYSA-N,1.0,True,True
870,DDMNWOWYFUVMFN-UHFFFAOYSA-N,0.8823529411764706,False,True
869,TZOPVMYYPPJPRJ-UHFFFAOYSA-N,1.0,True,True
868,DXZBHVQOULDEPN-UHFFFAOYSA-N,1.0,True,True
867,DXZBHVQOULDEPN-UHFFFAOYSA-N,1.0,True,True
866,IKVRLUSCVWHORQ-UHFFFAOYSA-N,1.0,True,True
865,CQFIHGSLMIVZFY-UHFFFAOYSA-N,1.0,True,True
6792,JNTJTCXFIXNXDV-VIFPVBQESA-N,1.0,True,True
864,PHAONSFSWSPKAF-UHFFFAOYSA-N,1.0,True,True
863,QFCSXBNCNIILAT-UHFFFAOYSA-N,1.0,True,True
862,IKVRLUSCVWHORQ-UHFFFAOYSA-N,1.0,True,True
861,CQFIHGSLMIVZFY-UHFFFAOYSA-N,1.0,True,True
860,SRTZHKMVLVXXAG-UHFFFAOYSA-N,0.7878787878787878,False,False
859,PHAONSFSWSPKAF-UHFFFAOYSA-N,1.0,True,True
858,QFCSXBNCNIILAT-UHFFFAOYSA-N,1.0,True,True
857,NSMSSZOAFXIXEE-UHFFFAOYSA-N,1.0,True,True
856,HXESLNLYUMGFKO-UHFFFAOYSA-N,1.0,True,True
855,SOPYGKXZEUYAFD-UHFFFAOYSA-N,1.0,True,True
854,MMTARDFPIHAQOV-UHFFFAOYSA-N,1.0,True,True
853,RMRIXTBTKDKNDV-UHFFFAOYSA-N,1.0,True,True
852,DUWZVOBXQKWPGU-UHFFFAOYSA-N,1.0,True,True
6868,BUNLELBHVDUDPW-UHFFFAOYSA-N,0.78125,False,False
851,NSMSSZOAFXIXEE-UHFFFAOYSA-N,1.0,True,True
850,HXESLNLYUMGFKO-UHFFFAOYSA-N,1.0,True,True
849,SOPYGKXZEUYAFD-UHFFFAOYSA-N,1.0,True,True
6884,FLLLYDIINYIHAU-UHFFFAOYSA-N,0.78125,False,False
6935,VHVPLZODGFWLGA-DEOSSOPVSA-N,0.7567567567567568,False,False
6934,ZUMMAPBWZZBGSO-XTQKGPSBSA-N,0.6818181818181818,False,False
6932,VPPPQMQGVYTMGL-QFIPXVFZSA-N,0.6811594202898551,False,False
6951,UCFGDBYHRUNTLO-QHCPKHFHSA-N,0.8028169014084507,False,False
6950,MCCTXUJVIPUODM-YTTGMZPUSA-N,0.8674698795180723,False,True
6948,UHOXEKFRMYRGNT-UHFFFAOYSA-N,0.25,False,False
6946,OIQLIJSVFWDDGP-UHFFFAOYSA-N,0.25,False,False
6944,ODKFPJVZGSUJHO-NDEPHWFRSA-N,0.7837837837837838,False,False
6942,JYLTXRPPQWQXQB-XEIJMDPGSA-N,0.75,False,False
6940,XVMZDZFTCKLZTF-NRFANRHFSA-N,0.8,False,False
6938,UIEOLZNSHMCWCW-QFIPXVFZSA-N,0.7746478873239436,False,False
6967,UIAJEUZGRXRJMK-HKBQPEDESA-N,0.8636363636363636,False,True
6966,UFTAMOSOWOTDSP-SANMLTNESA-N,0.7536231884057971,False,False
6964,NHQHKGQJBNBMSV-FQEVSTJZSA-N,0.8,False,False
6962,UWYDZFXRHPFLCB-QHCPKHFHSA-N,0.7183098591549296,False,False
6958,ZVYVPGLRVWUPMP-GYCJOSAFSA-N,0.5555555555555556,False,False
6956,VHXNKPBCCMUMSW-FQEVSTJZSA-N,0.7761194029850746,False,False
6954,AXXPNDLHTNUMIK-QHCPKHFHSA-N,0.7887323943661971,False,False
6985,VRVKPUWIVFSDIZ-HKBQPEDESA-N,0.8658536585365854,False,True
6984,YEZHRJYQPVQEFA-HKBQPEDESA-N,0.8690476190476191,False,True
6982,ZGAYZIOQUTYJQG-HKBQPEDESA-N,0.9125,False,True
6978,MGLLVNZEVAFZQT-HKBQPEDESA-N,0.9125,False,True
6976,ZMMJPYAOZNMLTL-HKBQPEDESA-N,0.9,False,True
6974,CVXSNKNLYSWCNR-HKBQPEDESA-N,0.8735632183908046,False,True
6972,NYOATDWGQGHNPG-HKBQPEDESA-N,0.8735632183908046,False,True
7001,UDLZXUDJYUSGGW-UMSFTDKQSA-N,0.8674698795180723,False,True
7000,DYRDWHBJJCWRAN-LJAQVGFWSA-N,0.8214285714285714,False,False
6998,DBAYAOHANUSQLU-HKBQPEDESA-N,0.8470588235294118,False,False
6996,CFHZMXOEKUQSJZ-PMERELPUSA-N,0.8780487804878049,False,True
6994,YEPBRHRDKZWMKQ-XIFFEERXSA-N,0.8604651162790697,False,True
6992,UKFIRTLOBZCIBW-LJAQVGFWSA-N,0.8192771084337349,False,False
6990,OGPZDOYMPZHNPW-HKBQPEDESA-N,0.8888888888888888,False,True
6988,XCQQAYRFNJSFFW-HKBQPEDESA-N,0.8780487804878049,False,True
7017,ZYHXXVJTTAQTKA-YTTGMZPUSA-N,0.8947368421052632,False,True
7016,DFXHQHBYJKSAPS-YTTGMZPUSA-N,0.8831168831168831,False,True
7014,RFBDXJSCUWCJOM-XIFFEERXSA-N,0.8888888888888888,False,True
7012,YICHABOUCGUGGJ-YTTGMZPUSA-N,0.8461538461538461,False,False
7010,WOEUIIUXHWZTMR-HKBQPEDESA-N,0.8658536585365854,False,True
7008,FYSWWRXZZKELHO-HKBQPEDESA-N,0.8987341772151899,False,True
7006,PIIMSDKPZKLGHQ-DHUJRADRSA-N,0.8888888888888888,False,True
7004,HHEJGBSVIQIAKP-YTTGMZPUSA-N,0.9,False,True
7035,UELHKKFCYBTUKO-HKBQPEDESA-N,0.8933333333333333,False,True
7034,KZJGQGVNERTTNR-HKBQPEDESA-N,0.8292682926829268,False,False
7032,XWCHABRWCSQGBD-HKBQPEDESA-N,0.813953488372093,False,False
7030,DEJIXSRXJBVXQQ-HKBQPEDESA-N,0.8192771084337349,False,False
7028,WOBYGNZGZLLOGY-YTTGMZPUSA-N,0.8607594936708861,False,True
7026,ZVQHSQAKFXZJSA-SANMLTNESA-N,0.8985507246376812,False,True
7024,YBQGIRCIGSYKRB-MHZLTWQESA-N,0.9117647058823529,False,True
7020,CEIVZCFVLISMSK-HKBQPEDESA-N,0.8831168831168831,False,True
7051,BDBXRDUTKFOALS-LJAQVGFWSA-N,0.8607594936708861,False,True
7050,LYVQYXAFXHEBSF-PMERELPUSA-N,0.8607594936708861,False,True
7048,CKFIBRJUVWHZKW-PMERELPUSA-N,0.8933333333333333,False,True
7046,PZQHBGAMENSOAM-HKBQPEDESA-N,0.8395061728395061,False,False
7044,ZUPJGPOEVUZMOC-HKBQPEDESA-N,0.875,False,True
7042,SOOQYMKJFHRBDV-HKBQPEDESA-N,0.8947368421052632,False,True
7040,KSFOZKUECJWJIU-HKBQPEDESA-N,0.875,False,True
7038,UVMRVWIXCZDSGX-YTTGMZPUSA-N,0.8732394366197183,False,True
7067,UQVUNDCWUQNYIG-BWVKIXNXSA-N,0.9024390243902439,False,True
7066,IHBAUKPYYYSOSC-ZRGPACMMSA-N,0.8111111111111111,False,False
7064,HAEXSYWMOBIVNU-QMZUMWHWSA-N,0.788235294117647,False,False
7062,FARGHELHZHGTQT-DGKVZWMXSA-N,0.8636363636363636,False,True
7060,DAMFJTWQNDOIMT-VYONXYNPSA-N,0.8780487804878049,False,True
7058,BYOSNZYEXYGXAN-IRUBLIRMSA-N,0.9024390243902439,False,True
7056,NJXISLCWWOPJFN-PMERELPUSA-N,0.8,False,False
7054,YQHVKOQDEMWNJA-LJAQVGFWSA-N,0.8414634146341463,False,False
7083,BLXJKMZXBYZCDL-DEOSSOPVSA-N,0.8450704225352113,False,False
7082,UGOPYMKHKFWOKX-SANMLTNESA-N,0.8142857142857143,False,False
7080,ADMMEQFVIHNSHM-VWLOTQADSA-N,0.8028169014084507,False,False
7078,SHVGODKUBFQSKG-VWLOTQADSA-N,0.8823529411764706,False,True
7076,YMRDPGAZHJVLOZ-DEOSSOPVSA-N,0.8823529411764706,False,True
7074,XBOJHLJEUNFGLC-DGKVZWMXSA-N,0.8636363636363636,False,True
7072,OAIXFYOKSQYHMN-XAYYSMDTSA-N,0.8780487804878049,False,True
7070,CGEDZVFYOGQQTC-SWKSFIRPSA-N,0.8160919540229885,False,False
7099,MGXZCHNFTLNDPD-LJAQVGFWSA-N,0.8533333333333334,False,True
7098,LPQHRVKOSBBLKD-LJAQVGFWSA-N,0.8888888888888888,False,True
7096,HEGHHXDZZGYPJW-NDEPHWFRSA-N,0.8873239436619719,False,True
7094,NRQUWMVDIHCJSD-LJAQVGFWSA-N,0.8450704225352113,False,False
7092,PLKNHXJETPULNI-MHZLTWQESA-N,0.7567567567567568,False,False
7090,YQAIHZRRBUOBJR-DEOSSOPVSA-N,0.8450704225352113,False,False
7088,VXBZLSMEKKKJRR-VWLOTQADSA-N,0.8028169014084507,False,False
7086,FYVVPVJSPAVSGI-SANMLTNESA-N,0.8611111111111112,False,True
7115,SAPZUHFBZSJGHN-YTTGMZPUSA-N,0.8625,False,True
7114,KWZZLDXIKMLRPZ-SANMLTNESA-N,0.9117647058823529,False,True
7112,HHGDSMGXVQDEOV-VWLOTQADSA-N,0.8840579710144928,False,True
7110,QMWCCFVRYDNURU-SANMLTNESA-N,0.9846153846153847,True,True
7108,GHCMRDVBDUBOQR-VWLOTQADSA-N,0.9846153846153847,True,True
7106,HNMGASVGYNTLHB-QFIPXVFZSA-N,0.7123287671232876,False,False
7104,YZSKPEXVRVQNAM-NDEPHWFRSA-N,0.8888888888888888,False,True
7102,KGAFJSSKAQIRJF-LJAQVGFWSA-N,0.8378378378378378,False,False
7131,SBWUHLFDKUHPHC-MHZLTWQESA-N,0.8375,False,False
7130,HZPRVRXXIQMMES-DEOSSOPVSA-N,0.8589743589743589,False,True
7128,BWNUYYCFPFHFIB-HKBQPEDESA-N,0.8974358974358975,False,True
7126,FCISSUGPWJTJCS-XIFFEERXSA-N,0.8292682926829268,False,False
7124,LTRJKXWZHJYBFP-DHUJRADRSA-N,0.85,False,False
7122,YFYHLRYYTMRLDC-HKBQPEDESA-N,0.8414634146341463,False,False
7120,RMQJKEGUXMOQMP-XIFFEERXSA-N,0.8734177215189873,False,True
7118,ZOQAJMSRCSMNNE-HKBQPEDESA-N,0.8974358974358975,False,True
7147,YARSAFROSUGQET-XNNVMCABSA-N,0.9024390243902439,False,True
7146,HDVVKMJUVHATOR-HYLFTZOBSA-N,0.8850574712643678,False,True
7144,VNSAVXMKLDEIHE-ZZDPGGOMSA-N,0.9024390243902439,False,True
7142,OWERFUNKSSVELK-NUHHEKKLSA-N,0.8734177215189873,False,True
7140,PRSFTKNEVKYRLB-MHZLTWQESA-N,0.8554216867469879,False,True
7138,WCXDKGLMZIZTCP-PMERELPUSA-N,0.9113924050632911,False,True
7136,GGGCNKLVFLVBCR-LJAQVGFWSA-N,0.9113924050632911,False,True
7134,MHTJDIBUNAZVJP-LJAQVGFWSA-N,0.9113924050632911,False,True
7163,VOFWRCWXCJYUQX-NDEPHWFRSA-N,0.9066666666666666,False,True
7162,PFAQTIBGKXUZPM-YTTGMZPUSA-N,0.881578947368421,False,True
7160,NRRPMIMMHAQHLX-WYYRYWFOSA-N,0.9010989010989011,False,True
7158,HNXJBNKDILXGFS-WYYRYWFOSA-N,0.9010989010989011,False,True
7154,WCGXDIBLSXDOCV-YQAGWJQESA-N,0.8734177215189873,False,True
7152,AQLAMMQYIQWNSR-AKWYTYQQSA-N,0.8928571428571429,False,True
7150,DAEKPEGAYXZRKR-FZNWDQQTSA-N,0.8850574712643678,False,True
7179,WVLNCLBDFGZKLR-NDEPHWFRSA-N,0.9066666666666666,False,True
7178,DRQHBGRZGZLZCV-NDEPHWFRSA-N,0.85,False,False
7176,URLHJEPGXQTXBY-QHCPKHFHSA-N,0.8873239436619719,False,True
7174,DPBWJNQFDUYCGJ-DEOSSOPVSA-N,0.8873239436619719,False,True
7172,LLVRGXMOEURAHX-SANMLTNESA-N,0.8554216867469879,False,True
7170,OWTNSNXGSMIGBG-LJAQVGFWSA-N,0.8831168831168831,False,True
7168,LZROALDTSMXBKG-DEOSSOPVSA-N,0.8513513513513513,False,True
7166,QDDRZUHITSEQIA-NDEPHWFRSA-N,0.8947368421052632,False,True
7195,ZUJREZMPKVMBDO-YCUNKVRLSA-N,0.8795180722891566,False,True
7194,MZJNYTPLDRHTLY-KHTLXAHUSA-N,0.8333333333333334,False,False
7192,RUGOMTUJHNPNGC-KEPYVBBOSA-N,0.8333333333333334,False,False
7190,HQVJVSHJSRZZFF-UWPPNVRMSA-N,0.8494623655913979,False,False
7188,WKTBAKXQZZWFOG-MSULZCIMSA-N,0.8494623655913979,False,False
7186,ZVEVBTDXTMBOPH-KHTLXAHUSA-N,0.8666666666666667,False,True
7184,HOZJONKVDFDYDC-GSJMWFLZSA-N,0.8765432098765432,False,True
7182,YRSXYCJNXJVCNP-LHITYQBISA-N,0.8795180722891566,False,True
7204,QGZKDVFQNNGYKY-UHFFFAOYSA-N,0.021739130434782608,False,False
7200,BUGZWLILHKXBHI-VXPBITRUSA-N,0.8795180722891566,False,True
7198,BAIKTXQKNLBNNY-PEFOLFAWSA-N,0.8620689655172413,False,True
848,MMTARDFPIHAQOV-UHFFFAOYSA-N,1.0,True,True
847,RMRIXTBTKDKNDV-UHFFFAOYSA-N,1.0,True,True
846,DUWZVOBXQKWPGU-UHFFFAOYSA-N,1.0,True,True
845,HZZZRYZJHUWNNV-UHFFFAOYSA-N,1.0,True,True
844,RFXURGHBZITSPV-UHFFFAOYSA-N,1.0,True,True
843,TVVMMAARFSBFDB-UHFFFAOYSA-N,1.0,True,True
842,VKQJFXPRBWRZOT-UHFFFAOYSA-N,1.0,True,True
841,SIXNGKNLPNQFCD-UHFFFAOYSA-N,1.0,True,True
840,RJIYFISVXLOCRG-UHFFFAOYSA-N,1.0,True,True
839,LUISQUONUBEFKH-UHFFFAOYSA-N,1.0,True,True
838,NODNBVRPBMZPSV-UHFFFAOYSA-N,1.0,True,True
837,MFUGREJDISQKLY-UHFFFAOYSA-N,1.0,True,True
836,PWKVSHYUQVVESP-UHFFFAOYSA-N,1.0,True,True
835,WGGGBWUFPMJXRU-UHFFFAOYSA-N,1.0,True,True
834,WWXPWUMFQYKOPY-UHFFFAOYSA-N,1.0,True,True
833,XIOIUMROBDJBEN-UHFFFAOYSA-N,1.0,True,True
7288,NUHSROFQTUXZQQ-UHFFFAOYSA-N,0.48484848484848486,False,False
7287,CBIDRCWHNCKSTO-UHFFFAOYSA-N,1.0,True,True
7286,MDSIZRKJVDMQOQ-GORDUTHDSA-N,1.0,True,True
4999,UEJJHQNACJXSKW-UHFFFAOYSA-N,1.0,True,True
832,XDAGBGVNXQDSFS-UHFFFAOYSA-N,1.0,True,True
831,MCEPFWTVYSPNQF-UHFFFAOYSA-N,1.0,True,True
4715,DCWXZNRSBIFTEJ-ASISRFDOSA-N,0.7054263565891473,False,False
4714,OFDSIJGMTOKDNK-MBZQQXJPSA-N,0.7105263157894737,False,False
4713,BMGQWWVMWDBQGC-IIFHNQTCSA-N,0.22,False,False
4711,SRJYZPCBWDVSGO-NHCUHLMSSA-N,0.23076923076923078,False,False
4709,KOZRJPSKPBCVNJ-UHFFFAOYSA-N,0.8035714285714286,False,False
4707,ADFAWCVZPZXZEQ-UHFFFAOYSA-N,0.8035714285714286,False,False
4705,UQHKJRCFSLMWIA-UHFFFAOYSA-N,0.6981132075471698,False,False
830,HZZZRYZJHUWNNV-UHFFFAOYSA-N,1.0,True,True
4702,LLJJDLHGZUOMQP-UHFFFAOYSA-N,1.0,True,True
829,RFXURGHBZITSPV-UHFFFAOYSA-N,1.0,True,True
4699,DSXXEELGXBCYNQ-UHFFFAOYSA-N,1.0,True,True
4642,QMRBCNQCRMTXBE-UHFFFAOYSA-N,1.0,True,True
4594,YFCMSHPEVDOMQA-VGOFRKELSA-N,1.0,True,True
828,TVVMMAARFSBFDB-UHFFFAOYSA-N,1.0,True,True
827,VKQJFXPRBWRZOT-UHFFFAOYSA-N,1.0,True,True
826,SIXNGKNLPNQFCD-UHFFFAOYSA-N,1.0,True,True
825,RJIYFISVXLOCRG-UHFFFAOYSA-N,1.0,True,True
824,LUISQUONUBEFKH-UHFFFAOYSA-N,1.0,True,True
823,NODNBVRPBMZPSV-UHFFFAOYSA-N,1.0,True,True
822,MFUGREJDISQKLY-UHFFFAOYSA-N,1.0,True,True
821,PWKVSHYUQVVESP-UHFFFAOYSA-N,1.0,True,True
820,WGGGBWUFPMJXRU-UHFFFAOYSA-N,1.0,True,True
819,WWXPWUMFQYKOPY-UHFFFAOYSA-N,1.0,True,True
818,XIOIUMROBDJBEN-UHFFFAOYSA-N,1.0,True,True
817,XDAGBGVNXQDSFS-UHFFFAOYSA-N,1.0,True,True
4504,WWONFUQGBVOKOF-UHFFFAOYSA-N,1.0,True,True
816,MCEPFWTVYSPNQF-UHFFFAOYSA-N,1.0,True,True
815,QAKKCPDYLWZXON-UHFFFAOYSA-N,1.0,True,True
814,QAKKCPDYLWZXON-UHFFFAOYSA-N,1.0,True,True
813,HZTDAEDJGYAXMR-UHFFFAOYSA-N,1.0,True,True
812,HZTDAEDJGYAXMR-UHFFFAOYSA-N,1.0,True,True
811,JFQFZSQXJWINQP-UHFFFAOYSA-N,1.0,True,True
810,SOMTYCCNAWJGOR-UHFFFAOYSA-N,1.0,True,True
809,JFQFZSQXJWINQP-UHFFFAOYSA-N,1.0,True,True
808,SOMTYCCNAWJGOR-UHFFFAOYSA-N,1.0,True,True
807,PAOHHZHJMHWMPQ-UHFFFAOYSA-N,0.7125,False,False
806,NQMVEBIGNRGLMP-UHFFFAOYSA-N,1.0,True,True
805,KTDDHJCPFRGLJQ-UHFFFAOYSA-N,1.0,True,True
804,GRICLJZNEMDVMA-UHFFFAOYSA-N,1.0,True,True
803,GRICLJZNEMDVMA-UHFFFAOYSA-N,1.0,True,True
802,GRICLJZNEMDVMA-UHFFFAOYSA-N,1.0,True,True
801,KTDDHJCPFRGLJQ-UHFFFAOYSA-N,1.0,True,True
14066,VITOUEAQSWAQLD-ZIFJAMSESA-N,0.1839080459770115,False,False
14065,BWVWYXNISIVERQ-UHFFFAOYSA-N,0.6818181818181818,False,False
800,GRICLJZNEMDVMA-UHFFFAOYSA-N,1.0,True,True
799,QYERRCYEYNDQFV-UHFFFAOYSA-N,1.0,True,True
798,DADIMSMRMNXYMS-HZBOCPGUSA-N,0.765625,False,False
797,IHBGNCYMSRWSLK-HZBOCPGUSA-N,1.0,True,True
796,IHBGNCYMSRWSLK-NHSXVPOTSA-N,1.0,True,True
795,SAKPRYFSUZZCOQ-ZVAWYAOSSA-N,0.7384615384615385,False,False
794,VGRDATXDONRIRI-LDCVWXEPSA-N,1.0,True,True
793,VGRDATXDONRIRI-MYJWUSKBSA-N,1.0,True,True
792,ITEGYANFEQIFQM-UHFFFAOYSA-N,1.0,True,True
791,JGOOHVLCQOYYOY-UHFFFAOYSA-N,1.0,True,True
790,JWHFBUOSCSBXLO-UHFFFAOYSA-N,1.0,True,True
789,NWQOBAWCOYCRNS-UHFFFAOYSA-N,1.0,True,True
788,YVLJUDPTZHBUGE-UHFFFAOYSA-N,1.0,True,True
787,UAMMSXWAEMFNRY-UHFFFAOYSA-N,0.7840909090909091,False,False
786,RWPBRNQQKWHTOD-CHSHITCJSA-N,0.7865168539325843,False,False
785,DSOWKLVGSISKSC-KPGMTVGESA-N,0.788235294117647,False,False
784,VOVBTTGMFWENFX-ATZGPIRCSA-N,0.8023255813953488,False,False
783,VRHAKFQIHFDVMX-UHFFFAOYSA-N,0.7840909090909091,False,False
782,CSBJYYCCSYHJQD-SAEPALGJSA-N,0.7865168539325843,False,False
781,QBYSPODHISPFAH-IBBHUPRXSA-N,0.788235294117647,False,False
780,LVHRVDQMZPLTQX-KPGMTVGESA-N,0.8023255813953488,False,False
779,WPPPYHIBKUHPLB-UHFFFAOYSA-N,1.0,True,True
778,UCVSMXSTIHSRHC-UHFFFAOYSA-N,1.0,True,True
777,WZMBCEZSOXUGFF-UHFFFAOYSA-N,0.6716417910447762,False,False
776,JYSJONUYZGMXLG-UHFFFAOYSA-N,0.6865671641791045,False,False
775,BSDDYEGUSIPCLX-UHFFFAOYSA-N,0.6666666666666666,False,False
774,MNOPHTXOYIDKKA-UHFFFAOYSA-N,1.0,True,True
773,LRPSTRPEQAKYBN-UHFFFAOYSA-N,1.0,True,True
772,UCPCJPWMCSITTJ-UHFFFAOYSA-N,1.0,True,True
771,IKDBDJNITQUCOU-UHFFFAOYSA-N,1.0,True,True
770,YDKGAFLLEDYAIB-UHFFFAOYSA-N,1.0,True,True
769,XHFMAWKVKSEQSG-UHFFFAOYSA-N,1.0,True,True
768,HKQXTORGXDGFIQ-UHFFFAOYSA-N,1.0,True,True
767,IVMUUHKIZMAKOC-UHFFFAOYSA-N,1.0,True,True
766,PGSLSLNXMKCQFN-UHFFFAOYSA-N,0.8571428571428571,False,True
765,MYMJVTWBKDUFPG-UHFFFAOYSA-N,0.8275862068965517,False,False
764,XOQKZQJWZWHWDF-UHFFFAOYSA-N,0.7454545454545455,False,False
763,CIVWAWPQWLUMPF-UHFFFAOYSA-N,1.0,True,True
762,XXJDKOPXHSTEEV-UHFFFAOYSA-N,1.0,True,True
761,XXJDKOPXHSTEEV-UHFFFAOYSA-N,1.0,True,True
760,ZKKBMXPIWFMOKF-UHFFFAOYSA-N,1.0,True,True
759,ZKKBMXPIWFMOKF-UHFFFAOYSA-N,1.0,True,True
758,QYERRCYEYNDQFV-UHFFFAOYSA-N,1.0,True,True
757,QYERRCYEYNDQFV-UHFFFAOYSA-N,1.0,True,True
756,VKQVCQHCQMFBNJ-UHFFFAOYSA-N,1.0,True,True
4228,LWGUASZLXHYWIV-UHFFFAOYSA-N,1.0,True,True
755,VKQVCQHCQMFBNJ-UHFFFAOYSA-N,1.0,True,True
754,VKQVCQHCQMFBNJ-UHFFFAOYSA-N,1.0,True,True
753,KMGAXUJZURDCDU-UHFFFAOYSA-N,1.0,True,True
752,UVSMNLNDYGZFPF-UHFFFAOYSA-N,1.0,True,True
4001,SPAYLOCXFWJEBL-UHFFFAOYSA-N,1.0,True,True
3923,WIYMIFALRIZCFV-UHFFFAOYSA-N,0.8333333333333334,False,False
3922,JSEHWXSZCKKXFO-UHFFFAOYSA-N,0.8333333333333334,False,False
3921,CKCSOMMBIPJYSG-UHFFFAOYSA-N,0.59375,False,False
3920,BLMXKFYGBWWVJK-UHFFFAOYSA-N,1.0,True,True
3919,ZLSXUIDRXBLOLG-UHFFFAOYSA-N,1.0,True,True
3918,RZUUDCOJNPMCIR-UHFFFAOYSA-N,1.0,True,True
3917,UKKIIMSPHWNLNC-UHFFFAOYSA-N,1.0,True,True
3916,IIAHEYPYLVKWSS-UHFFFAOYSA-N,1.0,True,True
3915,CFLQOYFUGDVTBH-UHFFFAOYSA-N,1.0,True,True
3914,NSKZOWZDLMSORX-UHFFFAOYSA-N,1.0,True,True
3913,BLMXKFYGBWWVJK-UHFFFAOYSA-N,1.0,True,True
3912,ZLSXUIDRXBLOLG-UHFFFAOYSA-N,1.0,True,True
3911,RZUUDCOJNPMCIR-UHFFFAOYSA-N,1.0,True,True
3910,UKKIIMSPHWNLNC-UHFFFAOYSA-N,1.0,True,True
3909,IIAHEYPYLVKWSS-UHFFFAOYSA-N,1.0,True,True
3908,CFLQOYFUGDVTBH-UHFFFAOYSA-N,1.0,True,True
3907,NSKZOWZDLMSORX-UHFFFAOYSA-N,1.0,True,True
3906,GIEVQQNUOQCQQT-UHFFFAOYSA-N,1.0,True,True
3905,GIEVQQNUOQCQQT-UHFFFAOYSA-N,1.0,True,True
3904,LYISLTYEXFTYAC-UHFFFAOYSA-N,1.0,True,True
3903,LYISLTYEXFTYAC-UHFFFAOYSA-N,1.0,True,True
3902,UIJJBTOFEJMPCM-UHFFFAOYSA-N,1.0,True,True
3901,UIJJBTOFEJMPCM-UHFFFAOYSA-N,1.0,True,True
3900,UIJJBTOFEJMPCM-UHFFFAOYSA-N,1.0,True,True
3899,UIJJBTOFEJMPCM-UHFFFAOYSA-N,1.0,True,True
3898,UIJJBTOFEJMPCM-UHFFFAOYSA-N,1.0,True,True
3897,UCTGQBPFCSBHTA-TUDONDPESA-N,0.8613861386138614,False,True
3896,GCTKAZBZZAIKCL-VGPLUOEVSA-N,1.0,True,True
3895,IRHJWGMAWWUWEA-XRRNFBIGSA-N,1.0,True,True
3894,TXQUGROTXYOXMO-BRKUKBBPSA-N,1.0,True,True
3893,DCJYQURCBHSFEP-UHFFFAOYSA-N,1.0,True,True
3892,DCJYQURCBHSFEP-KIYCQYGCSA-N,1.0,True,True
3891,RVOGVKYKIOCSFU-MIXNXMPVSA-N,1.0,True,True
3890,ZKOLOVUMLBKGOH-YCIOTGQKSA-N,1.0,True,True
3889,QZIMMMJAQZPBKN-YCIOTGQKSA-N,1.0,True,True
3888,XYRZHMWNYMVKNP-BSXJZHEVSA-N,1.0,True,True
3887,SZOPXVNCUOXUMD-BSXJZHEVSA-N,1.0,True,True
3886,OGUXFJJARYZJDB-JKSFWZLDSA-N,1.0,True,True
3885,OGUXFJJARYZJDB-JKSFWZLDSA-N,1.0,True,True
3884,OGUXFJJARYZJDB-JKSFWZLDSA-N,1.0,True,True
3883,OGUXFJJARYZJDB-JKSFWZLDSA-N,1.0,True,True
3882,ITKMEHIIJSOLLY-LUTIACGYSA-N,1.0,True,True
3881,ITKMEHIIJSOLLY-LUTIACGYSA-N,1.0,True,True
3880,ITKMEHIIJSOLLY-LUTIACGYSA-N,1.0,True,True
3879,ITKMEHIIJSOLLY-LUTIACGYSA-N,1.0,True,True
3878,HNNUQHAIWLOKQD-PIFIWZBESA-N,1.0,True,True
3877,HNNUQHAIWLOKQD-PIFIWZBESA-N,1.0,True,True
3876,HNNUQHAIWLOKQD-PIFIWZBESA-N,1.0,True,True
3875,HNNUQHAIWLOKQD-PIFIWZBESA-N,1.0,True,True
3874,PEXVJXROJKUUCZ-VCUSLETLSA-N,1.0,True,True
3873,PEXVJXROJKUUCZ-VCUSLETLSA-N,1.0,True,True
3872,PEXVJXROJKUUCZ-VCUSLETLSA-N,1.0,True,True
3871,PEXVJXROJKUUCZ-VCUSLETLSA-N,1.0,True,True
3870,GVMYAADQINSFHD-UCSBTNPJSA-N,1.0,True,True
3869,GVMYAADQINSFHD-UCSBTNPJSA-N,1.0,True,True
3868,GVMYAADQINSFHD-UCSBTNPJSA-N,1.0,True,True
3867,GVMYAADQINSFHD-UCSBTNPJSA-N,1.0,True,True
3866,JODTWQPBVOMTQI-PIFIWZBESA-N,1.0,True,True
3865,JODTWQPBVOMTQI-PIFIWZBESA-N,1.0,True,True
3864,JODTWQPBVOMTQI-PIFIWZBESA-N,1.0,True,True
3863,JODTWQPBVOMTQI-PIFIWZBESA-N,1.0,True,True
3862,QJPRNMFEJIIKQS-WIIYFNMSSA-N,1.0,True,True
3861,QJPRNMFEJIIKQS-WIIYFNMSSA-N,1.0,True,True
3860,QJPRNMFEJIIKQS-WIIYFNMSSA-N,1.0,True,True
3859,QJPRNMFEJIIKQS-WIIYFNMSSA-N,1.0,True,True
3858,XFENYLASRFYIQA-JKSFWZLDSA-N,1.0,True,True
3857,XFENYLASRFYIQA-JKSFWZLDSA-N,1.0,True,True
3856,XFENYLASRFYIQA-JKSFWZLDSA-N,1.0,True,True
3855,XFENYLASRFYIQA-JKSFWZLDSA-N,1.0,True,True
3854,DKLBYSSOZRYYMK-ZSHKSDETSA-N,1.0,True,True
3853,DKLBYSSOZRYYMK-ZSHKSDETSA-N,1.0,True,True
3852,DKLBYSSOZRYYMK-ZSHKSDETSA-N,1.0,True,True
3851,DKLBYSSOZRYYMK-ZSHKSDETSA-N,1.0,True,True
3850,YPMJJKZFJCCELH-UHFFFAOYSA-N,1.0,True,True
3849,YPMJJKZFJCCELH-UHFFFAOYSA-N,1.0,True,True
3848,YPMJJKZFJCCELH-UHFFFAOYSA-N,1.0,True,True
3847,YPMJJKZFJCCELH-UHFFFAOYSA-N,1.0,True,True
3846,RSHLZHVPQJCWHK-UHFFFAOYSA-N,0.8717948717948718,False,True
3845,FQNMIGJRVACRLE-UHFFFAOYSA-N,0.8181818181818182,False,False
3844,FXYOHGSAFORSRF-UHFFFAOYSA-N,0.8333333333333334,False,False
3843,WWSUFMCAPWGZSS-UHFFFAOYSA-N,0.8395061728395061,False,False
3842,SDAJXUGBTPSKIA-UHFFFAOYSA-N,0.8395061728395061,False,False
3841,NTWLYLGZYZHHTE-UHFFFAOYSA-N,0.8333333333333334,False,False
3840,PKDRXYPWJLCOGD-UHFFFAOYSA-N,0.8666666666666667,False,True
3839,OYANTSPKLCJIMO-UHFFFAOYSA-N,0.8666666666666667,False,True
3838,BCMOPTSSSQMZDU-UHFFFAOYSA-N,0.8717948717948718,False,True
3837,QFJVYQHQPIQNAH-UHFFFAOYSA-N,0.881578947368421,False,True
3836,YFKFZPCPTVQGLX-UHFFFAOYSA-N,0.881578947368421,False,True
3835,VBKRTIAVDNIPSQ-UHFFFAOYSA-N,0.9027777777777778,False,True
3834,VDRBYTCCIRUVHX-UHFFFAOYSA-N,0.9027777777777778,False,True
3833,XBBPLZLXMADKGS-UHFFFAOYSA-N,0.9027777777777778,False,True
3832,ATXNQTRYJSBQDG-UHFFFAOYSA-N,0.9027777777777778,False,True
3831,WDUXNRRGWRVGDQ-UHFFFAOYSA-N,0.6486486486486487,False,False
3830,XTASMSXITLRQEH-UHFFFAOYSA-N,0.9027777777777778,False,True
3829,YNZYIANFUVBHKS-UHFFFAOYSA-N,0.6025641025641025,False,False
3828,VZYRJQMVYHIUAB-UHFFFAOYSA-N,1.0,True,True
3827,VZYRJQMVYHIUAB-UHFFFAOYSA-N,1.0,True,True
3826,VZYRJQMVYHIUAB-UHFFFAOYSA-N,1.0,True,True
3825,VZYRJQMVYHIUAB-UHFFFAOYSA-N,1.0,True,True
3824,UVTFVLADLNPEBO-UHFFFAOYSA-N,0.8356164383561644,False,False
3823,GCIPXKUQOMXSSF-UHFFFAOYSA-N,0.8266666666666667,False,False
3822,SIUIFCAGGADHCH-UHFFFAOYSA-N,0.8591549295774648,False,True
3821,HFZZLBJVZZCZCI-UHFFFAOYSA-N,0.8493150684931506,False,False
3820,QPIABGBXDVLFIO-UHFFFAOYSA-N,0.8026315789473685,False,False
3819,LHSVRMCMURJDQT-UHFFFAOYSA-N,0.8354430379746836,False,False
3818,AJSHYNZLOKLWIT-UHFFFAOYSA-N,0.8333333333333334,False,False
3817,ASOVEHHQRHJMOC-UHFFFAOYSA-N,0.8289473684210527,False,False
3816,GBMLGLBBNNBKFK-UHFFFAOYSA-N,0.863013698630137,False,True
3815,PSTSHHYVYNOEQN-UHFFFAOYSA-N,0.8611111111111112,False,True
3814,GUUBIKKETZNEJJ-UHFFFAOYSA-N,0.8378378378378378,False,False
3813,UGPBFKNALBKCHI-UHFFFAOYSA-N,0.8354430379746836,False,False
3812,BYWKZOLIKCQOGA-UHFFFAOYSA-N,0.8333333333333334,False,False
3811,CHZBBRZATIPKFV-UHFFFAOYSA-N,0.8289473684210527,False,False
3810,CBUHTHKHPLQYMQ-UHFFFAOYSA-N,0.8472222222222222,False,False
3809,BPCRBTRGZUSQMV-UHFFFAOYSA-N,0.8611111111111112,False,True
751,UVSMNLNDYGZFPF-UHFFFAOYSA-N,1.0,True,True
750,UVSMNLNDYGZFPF-UHFFFAOYSA-N,1.0,True,True
749,SKUSCUALKIOIST-UHFFFAOYSA-N,1.0,True,True
748,SKUSCUALKIOIST-UHFFFAOYSA-N,1.0,True,True
747,LAGNQECGHYBSCQ-UHFFFAOYSA-N,0.813953488372093,False,False
746,WLUIQUZGNPAKRL-UHFFFAOYSA-N,0.813953488372093,False,False
745,GOTYRUGSSMKFNF-UHFFFAOYSA-N,1.0,True,True
744,GOTYRUGSSMKFNF-UHFFFAOYSA-N,1.0,True,True
743,JJUMFQGCQAUIFH-UHFFFAOYSA-N,1.0,True,True
742,HGPRKOYQOBYISD-UHFFFAOYSA-N,1.0,True,True
741,HGPRKOYQOBYISD-UHFFFAOYSA-N,1.0,True,True
740,WENKGSGGXGQHSH-UHFFFAOYSA-N,1.0,True,True
739,IICWMVJMJVXCLY-UHFFFAOYSA-N,0.7142857142857143,False,False
738,UVSMNLNDYGZFPF-UHFFFAOYSA-N,1.0,True,True
737,UVSMNLNDYGZFPF-UHFFFAOYSA-N,1.0,True,True
736,LJBQRRQTZUJWRC-UHFFFAOYSA-N,1.0,True,True
735,XMPJICVFSDYOEG-UHFFFAOYSA-N,1.0,True,True
734,UEJJHQNACJXSKW-UHFFFAOYSA-N,1.0,True,True
733,UEJJHQNACJXSKW-UHFFFAOYSA-N,1.0,True,True
732,AZXXGVPWWKWGAE-UHFFFAOYSA-N,1.0,True,True
731,RJPCGIYZMGKMHD-UHFFFAOYSA-N,0.4020618556701031,False,False
730,GQVJKOJEBDEZBC-UHFFFAOYSA-N,0.34375,False,False
729,BCJQIJUSTFPJTF-HNNXBMFYSA-N,0.6024096385542169,False,False
728,MTDUZFHXWZPOIU-UHFFFAOYSA-N,1.0,True,True
727,FSELUFUYNUNZKD-UHFFFAOYSA-N,1.0,True,True
726,PMSPBUOYDPYDPF-FQEVSTJZSA-N,1.0,True,True
725,PSAJCYLXNSDJCJ-QTZZTWSFSA-N,1.0,True,True
724,VSEPVBMLJTUUOX-OUKQBFOZSA-N,1.0,True,True
723,VSEPVBMLJTUUOX-OUKQBFOZSA-N,1.0,True,True
722,SNBSKLJHNAQMKY-WYMLVPIESA-N,0.6626506024096386,False,False
721,GSIHMNGUECFFIL-MDWZMJQESA-N,0.726027397260274,False,False
720,ROVDMIUDPJJBBI-MDWZMJQESA-N,0.726027397260274,False,False
719,DNNMBAWCLGMMRJ-UHFFFAOYSA-N,1.0,True,True
718,DNNMBAWCLGMMRJ-UHFFFAOYSA-N,1.0,True,True
717,IELCYEUTXLYDOV-UHFFFAOYSA-N,1.0,True,True
716,SETFNECMODOHTO-UHFFFAOYSA-N,1.0,True,True
715,CTSNHMQGVWXIEG-UHFFFAOYSA-N,1.0,True,True
714,PBEIAQYKTXKQGF-UHFFFAOYSA-N,1.0,True,True
713,NGZJTKCQKBOQNF-ACZIYVRQSA-N,1.0,True,True
712,WKDUIOWFBZEINK-FEYVACJOSA-N,1.0,True,True
711,XMJOGAYFUMUULD-FLORGYBWSA-N,1.0,True,True
710,BARRRGHJVPGEOB-KUZQRZIPSA-N,1.0,True,True
709,BANRYGZZIMCKNA-FLORGYBWSA-N,1.0,True,True
708,PZVAREDWCCNZHB-UHFFFAOYSA-N,1.0,True,True
707,JXDFGOOUDAQYJJ-UHFFFAOYSA-N,1.0,True,True
706,CRQWSYCHBGJGHH-UHFFFAOYSA-N,1.0,True,True
705,MXNJRAWOQSLRPW-UHFFFAOYSA-N,1.0,True,True
704,HKEFKTBVVXWGCQ-UHFFFAOYSA-N,1.0,True,True
703,TXYQVSOQOBBXPK-UHFFFAOYSA-N,1.0,True,True
702,IRTZRSJCEFAXHG-UHFFFAOYSA-N,1.0,True,True
700,AALZVJNJHYMETG-UHFFFAOYSA-N,1.0,True,True
699,SKRGANARMDTLIH-UHFFFAOYSA-N,1.0,True,True
698,PEQCJRBCWLHRSC-UHFFFAOYSA-N,1.0,True,True
697,NUCRBLNDDLLMEG-UHFFFAOYSA-N,1.0,True,True
696,WTJRACREQZOTNC-UHFFFAOYSA-N,1.0,True,True
695,XCZRQLIJQJWPBE-UHFFFAOYSA-N,1.0,True,True
694,HNHASWOQZGYXQJ-UHFFFAOYSA-N,1.0,True,True
693,AVDLYTVVKUMHRY-UHFFFAOYSA-N,1.0,True,True
692,UKXSFOHOZTXBOQ-UHFFFAOYSA-N,1.0,True,True
691,DJMJEIUXEZFKMN-UHFFFAOYSA-N,1.0,True,True
690,MPPOAAAYGFLFFQ-UHFFFAOYSA-N,1.0,True,True
689,CKHPTKANQVULFQ-UHFFFAOYSA-N,1.0,True,True
688,NPTWQGVBJUQQCY-UHFFFAOYSA-N,1.0,True,True
687,IBVRGPLLJCQHBK-UHFFFAOYSA-N,1.0,True,True
686,VRLBLCJSZGHUFA-UHFFFAOYSA-N,1.0,True,True
685,QKXZTGHQASBEHT-UHFFFAOYSA-N,1.0,True,True
684,KQRLDIGZYYNYIL-UHFFFAOYSA-N,1.0,True,True
683,SYYAWPPEVRDMHK-UHFFFAOYSA-N,1.0,True,True
682,QONIUHUCMMZZLR-UHFFFAOYSA-N,1.0,True,True
681,YDMNDKZGQVQPPU-UHFFFAOYSA-N,1.0,True,True
680,CKOKSGBTKCBKJV-UHFFFAOYSA-N,1.0,True,True
679,IGNXWCIABAARFT-UHFFFAOYSA-N,1.0,True,True
678,VTHFIDNFAIEPDZ-UHFFFAOYSA-N,1.0,True,True
677,ILEPTWSSRWLPSU-UHFFFAOYSA-N,1.0,True,True
676,WQZPMXCNYMRHEJ-UHFFFAOYSA-N,1.0,True,True
675,CIRHAQNIYQBVDB-UHFFFAOYSA-N,1.0,True,True
674,MKESEOAHOFNCMY-UHFFFAOYSA-N,1.0,True,True
673,KANTWVOZEPMRJU-UHFFFAOYSA-N,1.0,True,True
672,PLVQJNIUFBUTLO-UHFFFAOYSA-N,1.0,True,True
671,SWCQXZWAPDXGSB-UHFFFAOYSA-N,1.0,True,True
670,PODNCIKWXLZANB-UHFFFAOYSA-N,1.0,True,True
669,UNRNJAJGTUCJNQ-UHFFFAOYSA-N,1.0,True,True
668,RDZFQMMMQAIKGG-UHFFFAOYSA-N,1.0,True,True
667,IQMSUROUAMMXKC-UHFFFAOYSA-N,1.0,True,True
666,LCBHKOZSVREAKF-UHFFFAOYSA-N,1.0,True,True
665,NYDYYNQCHVMACQ-UHFFFAOYSA-N,1.0,True,True
664,JOZOWRQYZCYYDW-UHFFFAOYSA-N,1.0,True,True
663,ADLRNEWSYDZNHV-UHFFFAOYSA-N,1.0,True,True
662,AGOBQDOPDBWLFK-UHFFFAOYSA-N,1.0,True,True
661,BMXKNMCSUQJNEQ-UHFFFAOYSA-N,1.0,True,True
660,LIBMSHTXWKWZLV-UHFFFAOYSA-N,1.0,True,True
659,GGKXTEHMYYBSBX-UHFFFAOYSA-N,1.0,True,True
658,CMQLMHMLVWUOKB-UHFFFAOYSA-N,1.0,True,True
657,OHXPBNOCQXTJOV-UHFFFAOYSA-N,1.0,True,True
656,ARSPAPMNNOFYNO-UHFFFAOYSA-N,1.0,True,True
655,UYJKELNGSKIVTQ-UHFFFAOYSA-N,1.0,True,True
654,DLAJQJFFGFNJKN-UHFFFAOYSA-N,1.0,True,True
653,BYTXRPUPZUEVPQ-UHFFFAOYSA-N,1.0,True,True
652,ONQQVIFFXCTUDI-UHFFFAOYSA-N,1.0,True,True
651,PKHIODAAMQMSAM-UHFFFAOYSA-N,1.0,True,True
650,ZYQMBWPQVJCQCT-UHFFFAOYSA-N,1.0,True,True
649,OYIJBKVBNWJNSR-UHFFFAOYSA-N,1.0,True,True
647,UTTIFARMZYGWEZ-UHFFFAOYSA-N,1.0,True,True
646,ILVKFXJXFRHLFY-UHFFFAOYSA-N,1.0,True,True
645,QNCRKRVVMULPFX-UHFFFAOYSA-N,1.0,True,True
644,OLJREKOWIRXEAX-UHFFFAOYSA-N,1.0,True,True
643,OPWJYBMOPAUKHL-UHFFFAOYSA-N,1.0,True,True
642,PXQBFKZCCNWAAX-UHFFFAOYSA-N,1.0,True,True
641,ZVSBPSJFPGTGBC-UHFFFAOYSA-N,1.0,True,True
640,MUKCJOOKCZSQNW-UHFFFAOYSA-N,1.0,True,True
639,MUKCJOOKCZSQNW-UHFFFAOYSA-N,1.0,True,True
638,NZYDBVQXOGPDDU-UHFFFAOYSA-N,1.0,True,True
637,NZYDBVQXOGPDDU-UHFFFAOYSA-N,1.0,True,True
636,CTSNHMQGVWXIEG-UHFFFAOYSA-N,1.0,True,True
635,IXZOHGPZAQLIBH-UHFFFAOYSA-N,1.0,True,True
634,GOTYRUGSSMKFNF-UHFFFAOYSA-N,1.0,True,True
632,YTINZZFBHWSAGL-UHFFFAOYSA-N,1.0,True,True
631,HLDGYGDHHNONSV-UHFFFAOYSA-N,1.0,True,True
630,HLDGYGDHHNONSV-UHFFFAOYSA-N,1.0,True,True
629,CXTCUKJCQLYMGZ-UHFFFAOYSA-N,1.0,True,True
628,CXTCUKJCQLYMGZ-UHFFFAOYSA-N,1.0,True,True
627,PQDZPVHUGZGAPV-UHFFFAOYSA-N,1.0,True,True
626,PQDZPVHUGZGAPV-UHFFFAOYSA-N,1.0,True,True
625,CBGRGVYIMBGCPT-UHFFFAOYSA-N,1.0,True,True
624,CBGRGVYIMBGCPT-UHFFFAOYSA-N,1.0,True,True
623,QJVKGYZEXZRQEQ-UHFFFAOYSA-N,1.0,True,True
622,QJVKGYZEXZRQEQ-UHFFFAOYSA-N,1.0,True,True
621,ITYXEJVELHAHBC-UHFFFAOYSA-N,1.0,True,True
620,ITYXEJVELHAHBC-UHFFFAOYSA-N,1.0,True,True
619,WVKNOEMSHFZOMC-UHFFFAOYSA-N,1.0,True,True
618,WVKNOEMSHFZOMC-UHFFFAOYSA-N,1.0,True,True
617,HLZCITRKGRESDX-UHFFFAOYSA-N,1.0,True,True
616,HLZCITRKGRESDX-UHFFFAOYSA-N,1.0,True,True
615,FURMQZYSFFTQLK-UHFFFAOYSA-N,1.0,True,True
614,FURMQZYSFFTQLK-UHFFFAOYSA-N,1.0,True,True
613,RKAFYSIKAVFVPS-UHFFFAOYSA-N,1.0,True,True
612,RKAFYSIKAVFVPS-UHFFFAOYSA-N,1.0,True,True
611,KCIIVRZRNLZKQA-UHFFFAOYSA-N,0.7088607594936709,False,False
610,OOIINFBRWZQRRM-UHFFFAOYSA-N,0.5846153846153846,False,False
609,PGEUBQZQGXWTFO-UHFFFAOYSA-N,0.6,False,False
608,YIIUEHDPOPLUBR-UHFFFAOYSA-N,1.0,True,True
607,YIIUEHDPOPLUBR-UHFFFAOYSA-N,1.0,True,True
606,SKUSCUALKIOIST-UHFFFAOYSA-N,1.0,True,True
605,SKUSCUALKIOIST-UHFFFAOYSA-N,1.0,True,True
604,SKUSCUALKIOIST-UHFFFAOYSA-N,1.0,True,True
603,SKUSCUALKIOIST-UHFFFAOYSA-N,1.0,True,True
602,HNTGMIGBGVFOBT-UHFFFAOYSA-N,1.0,True,True
601,RSNPAKAFCAAMBH-UHFFFAOYSA-N,1.0,True,True
600,RSNPAKAFCAAMBH-UHFFFAOYSA-N,1.0,True,True
599,RSNPAKAFCAAMBH-UHFFFAOYSA-N,1.0,True,True
598,OLCWFLWEHWLBTO-HSZRJFAPSA-N,0.25,False,False
597,OBWOSMGNXYUDFB-UHFFFAOYSA-N,0.3246753246753247,False,False
596,YQSZJOABXRROQR-UHFFFAOYSA-N,1.0,True,True
595,YQSZJOABXRROQR-UHFFFAOYSA-N,1.0,True,True
594,YQSZJOABXRROQR-UHFFFAOYSA-N,1.0,True,True
593,CCCSRHUSXCBFJZ-UHFFFAOYSA-N,0.6122448979591837,False,False
14601,GYZGILMVKYBAHT-UHFFFAOYSA-N,0.7450980392156863,False,False
14600,IAJNULNMWPZFDR-UHFFFAOYSA-N,0.8297872340425532,False,False
14597,QRYZWQKPNSUCIF-UHFFFAOYSA-N,0.8571428571428571,False,True
14594,MRWRJDXGBYZHEE-UHFFFAOYSA-N,0.8297872340425532,False,False
14591,RXYXBYLQECASPH-UHFFFAOYSA-N,0.8571428571428571,False,True
14617,PBPBDQVMJOHTHG-UHFFFAOYSA-N,0.7407407407407407,False,False
14615,CBKOAZYZLCOQER-UHFFFAOYSA-N,0.6666666666666666,False,False
14612,GYSXFSKJGFNFSL-UHFFFAOYSA-N,0.7241379310344828,False,False
14609,BWKROUZQCPJHCS-UHFFFAOYSA-N,0.7241379310344828,False,False
14606,JRHAMGHPXRSTQA-UHFFFAOYSA-N,0.7068965517241379,False,False
14633,IUXYXXBAHQMFKK-UHFFFAOYSA-N,0.8,False,False
14630,MWGZKBUCRJPIJF-UHFFFAOYSA-N,0.8166666666666667,False,False
14627,OAYGGDVUNUDPEI-UHFFFAOYSA-N,0.8032786885245902,False,False
14624,XCNHBGNPGFMWGO-UHFFFAOYSA-N,0.8032786885245902,False,False
14621,ZVFRHHYHSDAJGY-UHFFFAOYSA-N,0.8,False,False
14649,QMVALDXXRYVCCL-UHFFFAOYSA-N,0.7258064516129032,False,False
14648,HEENLHPLVCHLJR-UHFFFAOYSA-N,0.8032786885245902,False,False
14645,QTCPUQCPILDKJV-UHFFFAOYSA-N,0.8032786885245902,False,False
14642,QLZSVRMOCPFVIB-UHFFFAOYSA-N,0.8,False,False
14639,ILGQLADLOFGMQZ-UHFFFAOYSA-N,0.8166666666666667,False,False
14636,SPIVDQIYOIXBKQ-UHFFFAOYSA-N,0.8135593220338984,False,False
14665,YGGVZBKYEPMQCM-UHFFFAOYSA-N,1.0,True,True
14664,YGGVZBKYEPMQCM-UHFFFAOYSA-N,1.0,True,True
14663,BXZDHSOBXBRUAG-UHFFFAOYSA-N,1.0,True,True
14662,BXZDHSOBXBRUAG-UHFFFAOYSA-N,1.0,True,True
14661,FCTFSIMBIRLTTC-UHFFFAOYSA-N,1.0,True,True
14660,FCTFSIMBIRLTTC-UHFFFAOYSA-N,1.0,True,True
14659,JCZTZNZIJFHDHA-UHFFFAOYSA-N,1.0,True,True
14658,JCZTZNZIJFHDHA-UHFFFAOYSA-N,1.0,True,True
14657,CPDVBXHKEFSAHT-UHFFFAOYSA-N,1.0,True,True
14656,CPDVBXHKEFSAHT-UHFFFAOYSA-N,1.0,True,True
14655,OHBOKPSZDUFMBR-UHFFFAOYSA-N,1.0,True,True
14654,OHBOKPSZDUFMBR-UHFFFAOYSA-N,1.0,True,True
14653,PKZMIPLBRQATPF-UHFFFAOYSA-N,1.0,True,True
14652,PKZMIPLBRQATPF-UHFFFAOYSA-N,1.0,True,True
14681,ZJPFYWQADQGCIK-UHFFFAOYSA-N,1.0,True,True
14680,ZJPFYWQADQGCIK-UHFFFAOYSA-N,1.0,True,True
14679,XQKGSPWQZRJCBA-UHFFFAOYSA-N,1.0,True,True
14678,XQKGSPWQZRJCBA-UHFFFAOYSA-N,1.0,True,True
14677,WOFMFHAUFPTRRK-UHFFFAOYSA-N,1.0,True,True
14676,WOFMFHAUFPTRRK-UHFFFAOYSA-N,1.0,True,True
14675,MCATXJIAGYELTM-UHFFFAOYSA-N,1.0,True,True
14674,MCATXJIAGYELTM-UHFFFAOYSA-N,1.0,True,True
14673,RGKLENAWSPCEPI-UHFFFAOYSA-N,1.0,True,True
14672,RGKLENAWSPCEPI-UHFFFAOYSA-N,1.0,True,True
14671,NLRNIIQVZMXTBP-UHFFFAOYSA-N,1.0,True,True
14670,NLRNIIQVZMXTBP-UHFFFAOYSA-N,1.0,True,True
14669,LVOJDSYXMFZRBC-UHFFFAOYSA-N,1.0,True,True
14668,LVOJDSYXMFZRBC-UHFFFAOYSA-N,1.0,True,True
14667,ADHVARQARMUHBT-UHFFFAOYSA-N,1.0,True,True
14666,ADHVARQARMUHBT-UHFFFAOYSA-N,1.0,True,True
14697,WAHISMBRGBYVSB-UHFFFAOYSA-N,1.0,True,True
14696,WAHISMBRGBYVSB-UHFFFAOYSA-N,1.0,True,True
14695,NDUFDGSJXVRHBN-UHFFFAOYSA-N,1.0,True,True
14694,NDUFDGSJXVRHBN-UHFFFAOYSA-N,1.0,True,True
14693,HGQFXHHSSAKDHF-UHFFFAOYSA-N,1.0,True,True
14692,HGQFXHHSSAKDHF-UHFFFAOYSA-N,1.0,True,True
14691,OSFNTLHMSSOQOF-UHFFFAOYSA-N,1.0,True,True
14690,OSFNTLHMSSOQOF-UHFFFAOYSA-N,1.0,True,True
14689,KRDSJOWDGPQGID-UHFFFAOYSA-N,1.0,True,True
14688,KRDSJOWDGPQGID-UHFFFAOYSA-N,1.0,True,True
14687,SQBPGSLSOVJUBE-UHFFFAOYSA-N,1.0,True,True
14686,SQBPGSLSOVJUBE-UHFFFAOYSA-N,1.0,True,True
14685,VCLGKNJUHUXIPT-UHFFFAOYSA-N,1.0,True,True
14684,VCLGKNJUHUXIPT-UHFFFAOYSA-N,1.0,True,True
14683,CAXFORZYIKDAIA-UHFFFAOYSA-N,1.0,True,True
14682,CAXFORZYIKDAIA-UHFFFAOYSA-N,1.0,True,True
591,UVSMNLNDYGZFPF-UHFFFAOYSA-N,1.0,True,True
590,PFLWENDTYLYORX-UHFFFAOYSA-N,0.8611111111111112,False,True
589,YEKKFBQFUXNWHX-UHFFFAOYSA-N,0.7671232876712328,False,False
588,JVTYTNXXRWZBHG-UHFFFAOYSA-N,0.8285714285714286,False,False
587,FTQLFRFHLXWLNN-UHFFFAOYSA-N,0.7564102564102564,False,False
586,KHAFPBAKIVPZNQ-RRBGEOAMSA-N,1.0,True,True
585,DHFJHVJOMHNTSK-NNJIEVJOSA-N,1.0,True,True
584,FVZCFUKXGUUDBQ-QSFPRURJSA-N,1.0,True,True
583,CPAYDPFABUJXFA-UHFFFAOYSA-N,1.0,True,True
582,CPAYDPFABUJXFA-UHFFFAOYSA-N,1.0,True,True
581,OEMLBZTYGCTVPB-UHFFFAOYSA-N,0.8181818181818182,False,False
580,JYLXHFCDXPBMQW-UHFFFAOYSA-N,0.7142857142857143,False,False
579,QEIKSLRZVBATRD-UHFFFAOYSA-N,0.5454545454545454,False,False
578,MNTYJGXEDYFMAD-UHFFFAOYSA-N,0.7391304347826086,False,False
577,DMYPWARXECPMMP-UHFFFAOYSA-N,0.8181818181818182,False,False
14701,JKUVYRDJTCROPY-UHFFFAOYSA-N,1.0,True,True
14700,JKUVYRDJTCROPY-UHFFFAOYSA-N,1.0,True,True
14699,QDMURZNYSNRFMG-UHFFFAOYSA-N,1.0,True,True
14698,QDMURZNYSNRFMG-UHFFFAOYSA-N,1.0,True,True
576,XKYGNHBKJXAEMF-UHFFFAOYSA-N,0.7142857142857143,False,False
575,BZOAAUHQAYBOOA-UHFFFAOYSA-N,0.4931506849315068,False,False
574,VIFQKDOGRMRTOY-UHFFFAOYSA-N,0.6190476190476191,False,False
573,TVXKHHOEYMFRAZ-UHFFFAOYSA-N,0.296875,False,False
572,YVBRTLKAYWLLIA-UHFFFAOYSA-N,0.4642857142857143,False,False
571,GUZMOIHXFACUBI-UHFFFAOYSA-N,0.6739130434782609,False,False
570,MIGOYWZJFKVFMD-UHFFFAOYSA-N,0.5272727272727272,False,False
569,BBACNQUHFWECHW-UHFFFAOYSA-N,0.8043478260869565,False,False
568,NALJFCRINVAXEF-UHFFFAOYSA-N,0.6875,False,False
567,HFOCAQPWSXBFFN-UHFFFAOYSA-N,0.4,False,False
566,CGTQCZGDVDTRDI-UHFFFAOYSA-N,0.6666666666666666,False,False
565,TVEJNWMWDIXPAX-UHFFFAOYSA-N,0.47058823529411764,False,False
564,SKLUWKYNZNXSLX-UHFFFAOYSA-N,0.3870967741935484,False,False
563,NQXUSSVLFOBRSE-UHFFFAOYSA-N,0.28,False,False
562,DCICUQFMCRPKHZ-UHFFFAOYSA-N,1.0,True,True
561,GZGHFFPTXVUCPP-UHFFFAOYSA-N,0.5116279069767442,False,False
560,ADTCFJRHDRXFNB-UHFFFAOYSA-N,0.5116279069767442,False,False
559,QSWSDWVNEPDHIG-UHFFFAOYSA-N,0.7647058823529411,False,False
558,VHRMOTNEBIKURN-UHFFFAOYSA-N,0.7647058823529411,False,False
557,PSVPUHBSBYJSMQ-UHFFFAOYSA-N,0.4444444444444444,False,False
556,FAOQNQNRCKNVJD-FYWRMAATSA-N,0.6966292134831461,False,False
555,PMSPBUOYDPYDPF-FQEVSTJZSA-N,1.0,True,True
554,CQTUQCNGOOHWFV-WGSAOQKQSA-N,1.0,True,True
553,SXFIJSIXNSENKS-UHFFFAOYSA-N,1.0,True,True
551,BZDZSNZQRWOSGZ-GOSISDBHSA-N,1.0,True,True
550,DYNJRIHPJHCFKN-UHFFFAOYSA-N,1.0,True,True
549,DYNJRIHPJHCFKN-UHFFFAOYSA-N,1.0,True,True
548,PMOKOEHMLYSRLX-UHFFFAOYSA-N,1.0,True,True
547,POWFMDMHDJBMQR-FQEVSTJZSA-N,1.0,True,True
546,HJNFYLSFWYRSHS-FQBHBQAUSA-N,0.632258064516129,False,False
545,APZUFJNVKASJBO-WVRAKWADSA-N,0.6619718309859155,False,False
544,RJJPBOSEZPRDAH-FCPSAEBYSA-N,0.8503937007874016,False,True
543,COZUNDFELJZXLP-OHYGUGPUSA-N,0.907563025210084,False,True
541,BNACQLCVXIZWIH-FKPUTJLOSA-N,0.907563025210084,False,True
539,RLMMLPSXPCHJGX-UHFFFAOYSA-N,0.24369747899159663,False,False
538,LKCWXPICKQRPHZ-PKNBQFBNSA-N,0.8888888888888888,False,True
537,PTFVFQSMVPIRBC-ACCUITESSA-N,0.8901098901098901,False,True
536,BODASLVEZBWITD-ACCUITESSA-N,0.9195402298850575,False,True
535,HMMVSBOUNVPJOS-ACCUITESSA-N,0.9090909090909091,False,True
534,LXQJBLORCVZWNT-ACCUITESSA-N,0.9090909090909091,False,True
533,ZUBWTELWMBXBTN-WYMLVPIESA-N,0.8901098901098901,False,True
532,SLAOOSRSOCGXBT-JLHYYAGUSA-N,0.8777777777777778,False,True
531,RIQCUPAYLATODD-ACCUITESSA-N,0.8888888888888888,False,True
530,NTNJNACSEUPCSZ-ACCUITESSA-N,0.9213483146067416,False,True
529,SEUROMNEMSRRSS-ACCUITESSA-N,0.9139784946236559,False,True
528,ACBSUXYUBACTFG-FYWRMAATSA-N,0.9139784946236559,False,True
527,VKPBPJMGOHOGNF-FYWRMAATSA-N,0.9111111111111111,False,True
526,DBIQHRMAWALVBI-WYMLVPIESA-N,0.9213483146067416,False,True
525,LVRXFVRHJYKVBG-WYMLVPIESA-N,0.9195402298850575,False,True
524,WKQDTDYJXOYJRO-ACCUITESSA-N,0.8695652173913043,False,True
523,NLLOJQHFLLXLOV-ACCUITESSA-N,0.9195402298850575,False,True
522,XCSUYJGQAVWCEX-WYMLVPIESA-N,0.9080459770114943,False,True
521,MHMGPHZLYZBVSC-UHFFFAOYSA-N,0.7727272727272727,False,False
520,HPGCMTZBARIUGP-UHFFFAOYSA-N,0.8160919540229885,False,False
519,VSHKWAOOVDJOTI-RUZDIDTESA-N,1.0,True,True
518,VSHKWAOOVDJOTI-VWLOTQADSA-N,1.0,True,True
517,HMWCHXOPNZHXOM-AREMUKBSSA-N,1.0,True,True
516,HMWCHXOPNZHXOM-SANMLTNESA-N,1.0,True,True
515,ZYSMPORNWLASGT-HHHXNRCGSA-N,1.0,True,True
514,WINLPDAPQCGKKY-PMERELPUSA-N,1.0,True,True
513,YXULXTQDOWNYIO-LJAQVGFWSA-N,1.0,True,True
512,OSORITLLSWZNHE-LJAQVGFWSA-N,1.0,True,True
511,WTOJGTVNNVHHER-PMERELPUSA-N,1.0,True,True
510,ZYSMPORNWLASGT-MHZLTWQESA-N,1.0,True,True
509,FFUVDKANSJZSAK-MBCWZBCWSA-N,1.0,True,True
507,IRVKFRZWUBEJNQ-UHFFFAOYSA-N,1.0,True,True
506,JOEZMQAHQHRTDZ-UHFFFAOYSA-N,1.0,True,True
505,GOZYMSUKKKEICN-UHFFFAOYSA-N,1.0,True,True
504,QVRPMHDRWHSFIY-UHFFFAOYSA-N,1.0,True,True
503,XHNSBGHKGAKQLE-UHFFFAOYSA-N,1.0,True,True
502,RCCDIUZAPKBQLV-UHFFFAOYSA-N,1.0,True,True
501,GABXTADXGHTPSI-UHFFFAOYSA-N,1.0,True,True
500,AQNZJUPTCLYFTA-UHFFFAOYSA-N,1.0,True,True
499,VWDHDHNMECLICK-UHFFFAOYSA-N,1.0,True,True
498,OLEYDMXPANCHPA-UHFFFAOYSA-N,1.0,True,True
497,LXVVNCSUUWVSBL-ZHACJKMWSA-N,0.8059701492537313,False,False
496,VSSVYPVREOGSLZ-ZHACJKMWSA-N,0.8059701492537313,False,False
495,WJQUXZKGMGEUTI-DEIPZHPTSA-N,1.0,True,True
494,JEAMPRFLKUGMIJ-ZHACJKMWSA-N,0.6043956043956044,False,False
493,KBSAPXILKARMEB-ZHACJKMWSA-N,1.0,True,True
492,YGANIZBPLNWCOJ-FYWRMAATSA-N,0.34579439252336447,False,False
491,RSAGTMNLBHUUBK-VAWYXSNFSA-N,0.6666666666666666,False,False
489,NUNSNQLTNNCTMR-NTEUORMPSA-N,1.0,True,True
488,QXCOFYWOWZJFEA-YJMRODJJSA-N,0.2376237623762376,False,False
487,QEEBRPGZBVVINN-BMPKRDENSA-N,1.0,True,True
486,HNFJHIQNIIVQAA-KSSZATRTSA-N,0.5777777777777777,False,False
485,CUAXFEHPLQVEFN-WWRKSBQMSA-N,1.0,True,True
484,FXNFHKRTJBSTCS-UHFFFAOYSA-N,0.5185185185185185,False,False
483,NDVQUNZCNAMROD-VRKFHHGPSA-N,0.7808219178082192,False,False
482,KNZQRBRUYSXXRG-HMBUKTRKSA-N,0.5168539325842697,False,False
481,GFVIEZBZIUKYOG-LWEYNCJUSA-N,0.8059701492537313,False,False
480,WGZJLQXDRGNUFL-XEVCZEQESA-N,0.8059701492537313,False,False
479,JAHUHEDUDMTTTF-ZWMFWDAFSA-N,0.7536231884057971,False,False
478,LSGJQVHXTNKDKV-KPSOWUDTSA-N,0.7397260273972602,False,False
477,SURFMMPUSCEGRF-WZFBRQLOSA-N,0.7012987012987013,False,False
476,ARLYJNUYZQIXFW-UHFFFAOYSA-N,1.0,True,True
475,CGTDDTWKYPWOJF-UHFFFAOYSA-N,1.0,True,True
474,LOPUQHKKOHYYAV-UHFFFAOYSA-N,1.0,True,True
473,CZSPKEVHLRWAFC-UHFFFAOYSA-N,1.0,True,True
472,VERHJARWSDZHKE-UHFFFAOYSA-N,0.734375,False,False
471,NXRDDLOHPQOUNV-QGZVFWFLSA-N,0.7288135593220338,False,False
470,JAKIELZOLBKGNL-UHFFFAOYSA-N,0.7,False,False
469,ZWHGATMZRSMRGE-UHFFFAOYSA-N,0.8888888888888888,False,True
468,YMUBYDHEMBYLIH-JOCHJYFZSA-N,0.734375,False,False
467,VDQXGJURVXBUBN-UHFFFAOYSA-N,0.8392857142857143,False,False
466,ZEZWYJNBZXLUJF-UHFFFAOYSA-N,0.8214285714285714,False,False
465,QKPSODJGCWVGCS-UHFFFAOYSA-N,0.8333333333333334,False,False
464,XAQHJPPZKUQQCJ-UHFFFAOYSA-N,0.8214285714285714,False,False
463,PDSOKODSJSMTMX-UHFFFAOYSA-N,0.8148148148148148,False,False
462,JWABBOGPZFIJHS-UHFFFAOYSA-N,0.8333333333333334,False,False
461,YBHXMLDVPTWSAS-UHFFFAOYSA-N,0.8888888888888888,False,True
460,XIYNVYMSOIQZSL-UHFFFAOYSA-N,0.3229166666666667,False,False
459,QBXVXKRWOVBUDB-ZZTVPSNHSA-N,0.5894736842105263,False,False
458,UWNXGZKSIKQKAH-UHFFFAOYSA-N,0.5894736842105263,False,False
457,YFCMSHPEVDOMQA-VGOFRKELSA-N,1.0,True,True
456,DFFYPWURVRRZOP-UHFFFAOYSA-N,1.0,True,True
455,SUDIYQGSNTVTNO-UHFFFAOYSA-N,0.8181818181818182,False,False
454,MFZBXVCIYBFIFV-UHFFFAOYSA-N,1.0,True,True
453,SCOIQHVFHXASTM-YZUMLKNISA-N,0.4642857142857143,False,False
452,OEEGFXJTKUHKOM-DHRJVYPASA-N,0.48175182481751827,False,False
451,SNPHQQHJZKZPDA-UHFFFAOYSA-N,0.7321428571428571,False,False
450,ADQZIARRQDOKQN-UHFFFAOYSA-N,0.7321428571428571,False,False
449,AGNZXHZYPHWUKT-UHFFFAOYSA-N,0.4057971014492754,False,False
448,WEMCAYXSPKJSJB-UHFFFAOYSA-N,0.4057971014492754,False,False
447,XSSKLUTUAQQPCY-LICLKQGHSA-N,0.2702702702702703,False,False
446,ADFPPEBSVFGTHA-UHFFFAOYSA-O,0.2702702702702703,False,False
445,UZSGIZCWHXWZRA-LFIBNONCSA-N,0.3684210526315789,False,False
444,KHLSXVLGCMGZRA-UHFFFAOYSA-N,0.42857142857142855,False,False
443,ZTYPEBFIDVXIEU-UHFFFAOYSA-N,0.5,False,False
442,MWIRGLMFWXSACP-UHFFFAOYSA-N,0.625,False,False
441,OYNIISWIMDFFAF-UHFFFAOYSA-N,0.6363636363636364,False,False
440,RPNZPMSVKCLQEU-UHFFFAOYSA-N,0.8043478260869565,False,False
439,NWEZNACHCURSOQ-UHFFFAOYSA-N,0.8,False,False
438,CECFNGVFKRUDBQ-UHFFFAOYSA-N,0.75,False,False
437,PUPBEGMQWLQKFS-UHFFFAOYSA-N,0.625,False,False
436,RSFHGWJANOTWJM-UHFFFAOYSA-N,0.7083333333333334,False,False
435,VNDZABLOJMIXEU-UHFFFAOYSA-N,0.75,False,False
434,LJPOSSUWFUXEGQ-UHFFFAOYSA-N,0.7727272727272727,False,False
433,YCYLQYFPWRULLV-UHFFFAOYSA-N,0.6818181818181818,False,False
432,MQNMVHSNAKKOOG-UHFFFAOYSA-N,0.6891891891891891,False,False
431,WHHAPUXBKBYIIK-UHFFFAOYSA-N,0.7313432835820896,False,False
430,WSBWHGADLWNJIK-UHFFFAOYSA-N,0.782608695652174,False,False
429,AAAQFGUYHFJNHI-SFHVURJKSA-N,0.47619047619047616,False,False
428,RYYVLZVUVIJVGH-UHFFFAOYSA-N,0.22058823529411764,False,False
427,VWFJDQUYCIWHTN-YFVJMOTDSA-N,0.696969696969697,False,False
426,YUWURHBDLJOUAP-INDSEIRXSA-N,0.23333333333333334,False,False
425,DVSZTYJRXBBIFA-ULECTIQTSA-N,1.0,True,True
424,DVSZTYJRXBBIFA-ULECTIQTSA-N,1.0,True,True
422,JEQCTALUECDHLT-HCIPESNZSA-N,0.7054263565891473,False,False
421,YWTVLNMUORWBGP-UHFFFAOYSA-N,0.6507936507936508,False,False
420,LSONEZGOOGHRIG-UHFFFAOYSA-N,0.8,False,False
419,UKEYDPROJHHPRK-UHFFFAOYSA-N,0.8,False,False
418,VGSVRRFRPWJHRE-UHFFFAOYSA-N,0.746031746031746,False,False
417,KUAWQHSPKBYTCH-UHFFFAOYSA-N,0.7704918032786885,False,False
416,DUMCIYLPFATSGK-UHFFFAOYSA-N,0.896551724137931,False,True
415,UAVVJMPAGQXAGZ-UHFFFAOYSA-N,0.711864406779661,False,False
414,GRPYNYUHOLTXQO-UHFFFAOYSA-N,0.7,False,False
413,AGMADNWRVFXHQU-UHFFFAOYSA-N,0.7704918032786885,False,False
412,RGGDKBADIJPRBC-UHFFFAOYSA-N,0.896551724137931,False,True
411,DTGCKULGDLJUHI-UHFFFAOYSA-N,0.8275862068965517,False,False
410,PAFGSEZHUCSUMW-UHFFFAOYSA-N,0.7230769230769231,False,False
409,MEFAYSLODGHXPL-UHFFFAOYSA-N,0.7833333333333333,False,False
408,ZIJWCRNUEBJMSQ-AWEZNQCLSA-N,0.4098360655737705,False,False
407,ZYFGMFOHUCNRGR-UHFFFAOYSA-N,1.0,True,True
406,UNSCRKQXUTTXBC-UHFFFAOYSA-N,1.0,True,True
405,WFKXZHQJHSCEQC-UHFFFAOYSA-N,1.0,True,True
404,JZSRISQUBLIXAM-UHFFFAOYSA-N,1.0,True,True
403,VRXYWGQVKYXSCQ-UHFFFAOYSA-N,1.0,True,True
402,JYHPLEJDDPQVNU-UHFFFAOYSA-N,1.0,True,True
401,SXINSNVYIXOMFX-UHFFFAOYSA-N,1.0,True,True
400,HOLIICBIBIHWHS-UHFFFAOYSA-N,1.0,True,True
399,XFZBHHYPZWZUSU-UHFFFAOYSA-N,1.0,True,True
398,UYVYBZSEYBKMIU-UHFFFAOYSA-N,1.0,True,True
397,JLAMOBANUTWRLR-FQEVSTJZSA-N,1.0,True,True
396,JLAMOBANUTWRLR-HXUWFJFHSA-N,1.0,True,True
395,OXCABLQVFMXTOD-QHCPKHFHSA-N,1.0,True,True
394,OXCABLQVFMXTOD-HSZRJFAPSA-N,1.0,True,True
393,CXYFZAPORHOQCU-UHFFFAOYSA-N,1.0,True,True
392,UFARZWBTNODJRL-UHFFFAOYSA-N,1.0,True,True
391,FAVPVADWRUHFDE-UHFFFAOYSA-N,1.0,True,True
390,AFPJWDRVAGJPJI-UHFFFAOYSA-N,1.0,True,True
389,JLPNQWWXLFAVHZ-UHFFFAOYSA-N,1.0,True,True
388,PPLONVCJLGRCJJ-UHFFFAOYSA-N,1.0,True,True
387,SNCLCZWJJFNWJI-JOCHJYFZSA-N,1.0,True,True
386,FZBLAFCEEMGZMB-QGZVFWFLSA-N,1.0,True,True
385,IGIVOWBCFSCOJJ-UHFFFAOYSA-N,1.0,True,True
384,VZRRAWKYEMSATG-UHFFFAOYSA-N,1.0,True,True
383,WGDMMNXIRYDYOA-UHFFFAOYSA-N,1.0,True,True
382,KASJDYQKSPYIEI-HSZRJFAPSA-N,1.0,True,True
381,KASJDYQKSPYIEI-QHCPKHFHSA-N,1.0,True,True
380,YNTXGINUJOCJJS-UHFFFAOYSA-N,1.0,True,True
379,JNMNSFNOLNBMBJ-UHFFFAOYSA-N,1.0,True,True
378,TWIKOPIKQLTUOG-UHFFFAOYSA-N,1.0,True,True
377,HZIBIKBMLSEFJR-UHFFFAOYSA-N,1.0,True,True
376,CPKNCWUBEQNWEQ-UHFFFAOYSA-N,1.0,True,True
375,SCUZYWPPLXNYBI-UHFFFAOYSA-N,1.0,True,True
374,RCAOYLISWNJIML-UHFFFAOYSA-N,1.0,True,True
373,YHKNKONDCGSSPK-UHFFFAOYSA-N,1.0,True,True
372,GIMNLCHJQKWQDR-UHFFFAOYSA-N,1.0,True,True
371,CIXBSAKOZIXXAI-UHFFFAOYSA-N,1.0,True,True
370,KQGLTRVTYDQNAD-UHFFFAOYSA-N,1.0,True,True
369,WFFBGLSULTVLGL-UHFFFAOYSA-N,1.0,True,True
368,MJLMLWFQRHKEKT-UHFFFAOYSA-N,1.0,True,True
367,UFULGDUHCGNFPB-UHFFFAOYSA-N,1.0,True,True
366,SDDXYEMVOSOYGL-UHFFFAOYSA-N,1.0,True,True
364,WOYRWHHQJXKCBS-UHFFFAOYSA-N,1.0,True,True
363,YNZFAFQBGQMWPS-UHFFFAOYSA-N,1.0,True,True
362,PPPBYIIAOJGOEP-UHFFFAOYSA-N,1.0,True,True
361,YLLHRYKPKYGHCZ-UHFFFAOYSA-N,1.0,True,True
360,KPUIZRAVKBONNU-UHFFFAOYSA-N,1.0,True,True
359,GOWVQJAQJUSFIO-UHFFFAOYSA-N,1.0,True,True
358,OXFSXSBYMMVRSU-UHFFFAOYSA-N,1.0,True,True
357,KMVKKSNNOMPPMH-UHFFFAOYSA-N,1.0,True,True
356,OMOJYAPUQQTQNQ-UHFFFAOYSA-N,1.0,True,True
355,VLMLVWBXMQFYJR-UHFFFAOYSA-N,1.0,True,True
354,KUVGDJPOENMSDT-UHFFFAOYSA-N,1.0,True,True
353,MALVWFYICVHLAZ-UHFFFAOYSA-N,1.0,True,True
352,PNPXIQDEPDSHKG-UHFFFAOYSA-N,1.0,True,True
351,OKUZLQSVACVDFQ-UHFFFAOYSA-N,0.59375,False,False
350,XSNQFQPVHIAZMA-UHFFFAOYSA-N,0.37333333333333335,False,False
349,FGODKUDXJWXULG-UHFFFAOYSA-N,0.5737704918032787,False,False
348,QMRBCNQCRMTXBE-UHFFFAOYSA-N,1.0,True,True
347,BPWZJVKIVHVVHP-UHFFFAOYSA-N,1.0,True,True
346,VFWVTIHYVUKNGR-UHFFFAOYSA-N,1.0,True,True
345,PWSSISUOJZBZFT-UHFFFAOYSA-N,0.37333333333333335,False,False
343,RSQPNXBTPUXMQN-UHFFFAOYSA-N,0.26666666666666666,False,False
342,BIIVYFLTOXDAOV-UHFFFAOYSA-N,0.2647058823529412,False,False
341,CWYPIRLIVVXCBY-QGZVFWFLSA-N,0.7846153846153846,False,False
340,BTIHMVBBUGXLCJ-OAHLLOKOSA-N,0.8909090909090909,False,True
339,JTQIVHHWKGMCSQ-GOSISDBHSA-N,0.6375,False,False
338,ZZMGLCCXIBNSGN-OAHLLOKOSA-N,0.7012987012987013,False,False
337,RSUMIRUUOWUKDK-UHFFFAOYSA-N,0.6075949367088608,False,False
336,PGDRKKXMPSPTSV-UHFFFAOYSA-N,0.6617647058823529,False,False
335,OQEZGFYMQUIYPA-UHFFFAOYSA-N,0.8125,False,False
334,OUSFTKFNBAZUKL-UHFFFAOYSA-N,0.45544554455445546,False,False
333,PIMQWRZWLQKKBJ-SFHVURJKSA-N,0.6024096385542169,False,False
332,XKFTZKGMDDZMJI-UHFFFAOYSA-N,0.2777777777777778,False,False
331,LGADHMWFAPLYCP-IYARVYRRSA-N,0.29523809523809524,False,False
330,RUBYHLPRZRMTJO-MOVYNIQHSA-N,1.0,True,True
329,DPRNXTSMYVCYLJ-XUTJKUGGSA-N,0.2696629213483146,False,False
328,BXDZOYLPNAIDOC-UHFFFAOYSA-N,1.0,True,True
327,PPZYKPKJVAUJRL-UHFFFAOYSA-N,0.8125,False,False
326,ZEZQIRFLNOPIBQ-NRFANRHFSA-N,0.5,False,False
325,IYNJPMYEAQNCBL-MRXNPFEDSA-N,0.75,False,False
324,WREYDFZOQPABSD-MRXNPFEDSA-N,0.8571428571428571,False,True
323,ZELMGONKTIAQJA-LJQANCHMSA-N,0.8571428571428571,False,True
322,CWXUALXYQXQCPS-LJQANCHMSA-N,0.8,False,False
321,OLTUKTKUEARKCY-OAHLLOKOSA-N,0.8,False,False
320,UJCQSEQJKLGXOU-UAPALYRASA-N,0.38202247191011235,False,False
319,JXJRJIWLBNBTAV-UHFFFAOYSA-N,0.7123287671232876,False,False
318,AFLLXNOWMGJTAA-MRXNPFEDSA-N,0.7741935483870968,False,False
317,DCNMIIRVWOSZDG-UHFFFAOYSA-N,0.6153846153846154,False,False
316,OJCJKFBTXCLERR-UHFFFAOYSA-N,0.5294117647058824,False,False
315,DKIVKUGXNDYWCX-UHFFFAOYSA-N,0.6626506024096386,False,False
314,PLRLOVBJWXQYFG-UHFFFAOYSA-N,0.7464788732394366,False,False
313,JFGZKHLBVCENSW-UHFFFAOYSA-N,0.8028169014084507,False,False
312,GZMVERBWGFNOMK-UHFFFAOYSA-N,0.8028169014084507,False,False
311,NPMNSMOOUPMFMV-GOSISDBHSA-N,0.8253968253968254,False,False
310,ZPVLGUHALYPMCR-UHFFFAOYSA-N,0.6805555555555556,False,False
309,JFZUJYLSHKSQKW-SUIWODPBSA-N,0.40860215053763443,False,False
308,FAZBCDJEMSESAO-UHFFFAOYSA-N,0.6071428571428571,False,False
307,YENZFYNZBFLBNQ-UHFFFAOYSA-N,0.6805555555555556,False,False
306,LVVKHGPMCAECNF-UHFFFAOYSA-N,0.5543478260869565,False,False
305,ALNDBZYGADDSKQ-MRXNPFEDSA-N,0.6575342465753424,False,False
304,AXLQKORZTHWACD-HXUWFJFHSA-N,0.8387096774193549,False,False
303,UQRBOMYWGJFNEB-HXUWFJFHSA-N,0.847457627118644,False,False
302,XQOCHZAMFJBROM-MRXNPFEDSA-N,0.6197183098591549,False,False
301,SFVOIIZSWRCWQJ-QGZVFWFLSA-N,0.7868852459016393,False,False
300,AGPBTTVFQYIENC-GOSISDBHSA-N,0.9090909090909091,False,True
299,VMOKEQKQFWUTBY-CYBMUJFWSA-N,0.9090909090909091,False,True
298,WEZOMRMXDXPHKR-LJQANCHMSA-N,0.8214285714285714,False,False
297,KIOAZIPNMVVFAL-CQSZACIVSA-N,0.7384615384615385,False,False
296,FFGLLCTUGIAYAM-CQSZACIVSA-N,0.7868852459016393,False,False
295,MUUYNLRINFEBRS-MRXNPFEDSA-N,0.9821428571428571,True,True
294,KGVLTKVGMBVELD-QGZVFWFLSA-N,0.9821428571428571,True,True
293,IZTUOVOTDRDXOG-MRXNPFEDSA-N,0.8928571428571429,False,True
292,IAQVCGQJJMTIMM-GOSISDBHSA-N,0.8571428571428571,False,True
291,CQVNQDCOBDXVMZ-QGZVFWFLSA-N,0.84375,False,False
290,HOCBJBNQIQQQGT-IBGZPJMESA-N,1.0,True,True
289,WBXZHFWEHUJFRE-MRXNPFEDSA-N,0.847457627118644,False,False
288,IGJPGKABXPANSO-LJQANCHMSA-N,0.765625,False,False
287,DZJLJYVQLLFULK-QGZVFWFLSA-N,0.7714285714285715,False,False
286,MJOAYIJIMDIEPY-SECBINFHSA-N,0.7169811320754716,False,False
285,QUGBKWYKYATQSZ-LLVKDONJSA-N,0.7066666666666667,False,False
284,MQFPSSOXZJCSMW-UHFFFAOYSA-N,0.7123287671232876,False,False
283,CMKJPMLFJKPBRU-LJQANCHMSA-N,0.7027027027027027,False,False
282,LQFDMFLOSFCOEO-UHFFFAOYSA-N,0.704225352112676,False,False
281,DPCUNIIUTMKIKJ-UHFFFAOYSA-N,0.7681159420289855,False,False
280,NIAQZRDKVVUEMV-LLVKDONJSA-N,0.7066666666666667,False,False
279,BRJSFOFBYVFKCP-OAQYLSRUSA-N,0.8909090909090909,False,True
278,VMZLWLKLMRYJFQ-JOCHJYFZSA-N,0.7727272727272727,False,False
277,PQLWBMQDMLTSGZ-GOSISDBHSA-N,0.85,False,False
276,YNVUEOVQRIPSTC-CQSZACIVSA-N,0.7580645161290323,False,False
275,ISKQJAZIOLAANN-OAHLLOKOSA-N,0.8275862068965517,False,False
274,HXKIFNLNVMCGAG-QGZVFWFLSA-N,0.9464285714285714,False,True
273,ZEVUXZKCCBIGIP-HXUWFJFHSA-N,1.0,True,True
272,ROGNKYQZCSTSTF-GOSISDBHSA-N,0.9821428571428571,True,True
271,WKFFSBIHJSFZMR-LJQANCHMSA-N,0.8688524590163934,False,True
270,BIUMRCHVHRBUEU-GOSISDBHSA-N,0.7931034482758621,False,False
269,PBCJJKFPGZLSLZ-MRXNPFEDSA-N,0.8214285714285714,False,False
268,UMEITULNPSDKME-RUZDIDTESA-N,0.8688524590163934,False,True
267,CQUDVXAJMVGEQK-IQHZPMLTSA-N,0.7142857142857143,False,False
266,HSQCITPGWHALIF-LJQANCHMSA-N,0.7931034482758621,False,False
265,KLBKESYFUKKKSS-LJQANCHMSA-N,1.0,True,True
264,SWAVOZGRWXNWON-MRXNPFEDSA-N,0.8070175438596491,False,False
263,FYKCFYLMPNUFDD-UHFFFAOYSA-N,0.8524590163934426,False,True
262,AZHQFGHZSPYKRK-UHFFFAOYSA-N,0.85,False,False
261,XJIKVAPKYYLZHB-UHFFFAOYSA-N,0.8524590163934426,False,True
260,GDAOXESZCCHQMR-UHFFFAOYSA-N,0.847457627118644,False,False
259,NWVQLOGJVFRATP-UHFFFAOYSA-N,0.7272727272727273,False,False
258,YXEQPZNNSMUOEW-UHFFFAOYSA-N,0.8387096774193549,False,False
257,CWBWQQLFHVBCFD-UHFFFAOYSA-N,0.8524590163934426,False,True
256,BCUGHKZCCBCPSF-UHFFFAOYSA-N,0.9821428571428571,True,True
255,BSMYIEBMKAPIJY-UHFFFAOYSA-N,0.9821428571428571,True,True
254,RSYXQFCNAHJFNA-UHFFFAOYSA-N,0.9642857142857143,True,True
253,ZQLNPUVERWATSL-UHFFFAOYSA-N,0.8518518518518519,False,True
252,FIJPVTLSUVVZPW-UHFFFAOYSA-N,0.8245614035087719,False,False
251,WDKBGNFKAOQJAM-UHFFFAOYSA-N,0.85,False,False
250,ZMABEZJRHJFFQS-UHFFFAOYSA-N,0.85,False,False
249,OQVWICYACULMHT-UHFFFAOYSA-N,0.8103448275862069,False,False
248,BDZZOEARWYDXMO-UHFFFAOYSA-N,0.8392857142857143,False,False
247,ZFUZBVHGBLQGKL-UHFFFAOYSA-N,0.8461538461538461,False,False
246,CHMMRHKUETWPKV-UHFFFAOYSA-N,0.8518518518518519,False,True
245,HSJWVLHTKFAHIV-UHFFFAOYSA-N,0.8461538461538461,False,False
244,UNSWMHORLVWMFZ-UHFFFAOYSA-N,0.8392857142857143,False,False
243,WWBHPHFJJFVXBN-UHFFFAOYSA-N,0.45454545454545453,False,False
242,JKGCXLJSFUMVNN-UHFFFAOYSA-N,1.0,True,True
241,SJZKTIPXGWBWIM-UHFFFAOYSA-N,1.0,True,True
240,HJJDWCVYHGIMKA-UHFFFAOYSA-N,1.0,True,True
239,TXPOOSHENTVQNM-UHFFFAOYSA-N,1.0,True,True
238,VPDSIMZNWBLFCE-UHFFFAOYSA-N,1.0,True,True
237,JHRQNTBVKVZKLW-UHFFFAOYSA-N,1.0,True,True
236,KMBWPCASOARYEQ-UHFFFAOYSA-N,1.0,True,True
235,JLZNBKMFWOJNBX-UHFFFAOYSA-N,0.7619047619047619,False,False
234,VPVOFFUNHDIJQI-UHFFFAOYSA-N,0.7346938775510204,False,False
233,QSSROHHADMESKH-UHFFFAOYSA-N,0.7333333333333333,False,False
232,XEEAPVAEKFNQET-UHFFFAOYSA-N,1.0,True,True
231,WYAXIGSOAFBWSN-UHFFFAOYSA-N,1.0,True,True
230,XAZQMNNYMHQXBB-UHFFFAOYSA-N,1.0,True,True
229,HJETWHSQLWOTJJ-UHFFFAOYSA-N,1.0,True,True
228,FJWKFWBMOUKCGZ-UHFFFAOYSA-N,1.0,True,True
227,ZMPWFMLHEAZXIS-UHFFFAOYSA-N,1.0,True,True
226,VNFWQPZVVJNIJJ-UHFFFAOYSA-N,1.0,True,True
225,WKCIRCLHGDUVHR-UHFFFAOYSA-N,1.0,True,True
224,RAYKWSXEKZURTM-UHFFFAOYSA-N,1.0,True,True
223,CZOGMUWEFPDSOJ-UHFFFAOYSA-N,1.0,True,True
222,YBOJSGYARSOEQD-UHFFFAOYSA-N,0.4594594594594595,False,False
221,PVVBFOHONHPONZ-UHFFFAOYSA-N,1.0,True,True
220,KDYPLUPJLQBYJO-UHFFFAOYSA-N,1.0,True,True
219,BUUCGRMFXGLDNV-UHFFFAOYSA-N,1.0,True,True
218,MWRSHCXIXJNGGF-UHFFFAOYSA-N,1.0,True,True
217,UTJFEWWYRZDGSU-UHFFFAOYSA-N,1.0,True,True
216,YRLOTOVVZIPPHC-UHFFFAOYSA-N,1.0,True,True
215,DCICUQFMCRPKHZ-UHFFFAOYSA-N,1.0,True,True
214,AEEGEVCKDJFBRN-IBGZPJMESA-N,1.0,True,True
213,FZRRESXAODIMQN-IBGZPJMESA-N,1.0,True,True
212,SPAYLOCXFWJEBL-UHFFFAOYSA-N,1.0,True,True
211,BMQXGPBUQGPLOV-UHFFFAOYSA-N,1.0,True,True
210,BGEHEUAOZPAMKC-UHFFFAOYSA-N,1.0,True,True
209,KRFAUNDDLPKBNF-UHFFFAOYSA-N,1.0,True,True
208,OOYJNUNOVRCHJZ-UHFFFAOYSA-N,1.0,True,True
207,LVUFLNHHZWADJO-NNIDFTOQSA-N,1.0,True,True
206,LVUFLNHHZWADJO-NNIDFTOQSA-N,1.0,True,True
205,DKNUDHHKSHPXGJ-DHFITYABSA-N,1.0,True,True
204,DKNUDHHKSHPXGJ-DHFITYABSA-N,1.0,True,True
203,WJUQJZZLBVIOQC-OASOJTKISA-N,0.9734513274336283,True,True
202,OEGBSJWCQYCXML-IBQHEQASSA-N,0.7520661157024794,False,False
201,PFPVKLSQWFEKDW-YLWWIGELSA-N,0.7322834645669292,False,False
200,WSSZQCWRBUPUGM-LVRWDVMESA-N,0.7322834645669292,False,False
199,XMZDYMHHDHKGQO-AZHKHXLRSA-N,0.6567164179104478,False,False
198,WQFWFCBMRWOOBZ-PPEHXPKWSA-N,1.0,True,True
197,MZEVYGORZMEOET-NNIDFTOQSA-N,0.9911504424778761,True,True
196,LUZCROOXMQFVDE-UVSOMRPZSA-N,1.0,True,True
195,WSDMMVMDVSTQEC-CCUNVCMKSA-N,0.954954954954955,True,True
194,XBWUBSVTZICBRI-UTOAANHISA-N,0.7540983606557377,False,False
193,RHIAUIFEQGVLBT-FDGMIBGXSA-N,0.8728813559322034,False,True
192,RAXXNCVVUKIBAY-VHZDQCAWSA-N,0.8362068965517241,False,False
191,VCQJBKRTOYTCJW-OUHLHTLISA-N,0.8362068965517241,False,False
190,LXPACGXSMVKXEZ-FDGMIBGXSA-N,0.7419354838709677,False,False
189,LMYBMYWCNHVFOM-VUDWTXKSSA-N,0.7844827586206896,False,False
188,YBVZXXVSONBXQQ-PPEHXPKWSA-N,0.954954954954955,True,True
187,BUHFLAKHHZOGPF-PLRYUSOXSA-N,0.753968253968254,False,False
186,UPPBLVPQYIXESR-CBCXJTQFSA-N,0.7815126050420168,False,False
8858,SIBCJMZHJZDUNK-UHFFFAOYSA-N,0.8928571428571429,False,True
8857,JMQYRSXXACCDQA-UHFFFAOYSA-N,0.847457627118644,False,False
8856,TXGMCQWLMKNSHA-UHFFFAOYSA-N,0.5538461538461539,False,False
8855,XIQSCRVUMBIFIQ-UHFFFAOYSA-N,0.9846153846153847,True,True
8854,GCZLYSOJHPLOEI-UHFFFAOYSA-N,0.8387096774193549,False,False
8853,MLJCJEUUFXKFFU-UHFFFAOYSA-N,0.8169014084507042,False,False
8852,GCHIPUYHOGTROO-UHFFFAOYSA-N,0.6229508196721312,False,False
185,LTCONIXVJFIZKB-DJVDGQEASA-N,0.7948717948717948,False,False
184,ZVUYBTOFLGWBCA-DJVDGQEASA-N,0.9285714285714286,False,True
183,NCTRMGWBUJFIPQ-OOISTXSOSA-N,0.7948717948717948,False,False
182,SLUYGGAVUSVJOT-VZCWQGFJSA-N,1.0,True,True
181,LOLOFLJMEFTYHS-QFIPXVFZSA-N,0.8518518518518519,False,True
180,HUHIHKHTLHUPGQ-QFIPXVFZSA-N,0.8518518518518519,False,True
179,SJGHLAIIEHJIND-UHFFFAOYSA-N,0.5333333333333333,False,False
178,KUEAQRFQMDBNHE-UHFFFAOYSA-N,1.0,True,True
177,KUEAQRFQMDBNHE-UHFFFAOYSA-N,1.0,True,True
8874,GXNOKFFKWXHUBA-UHFFFAOYSA-N,0.7,False,False
8873,HHJQAJCUSHGMFN-UHFFFAOYSA-N,0.6557377049180327,False,False
8872,RLASJRQACMBIAW-UHFFFAOYSA-N,0.7971014492753623,False,False
8871,NZXSJTNWADUPSE-UHFFFAOYSA-N,0.8805970149253731,False,True
8870,KGEULLUHLLQHHT-UHFFFAOYSA-N,0.7868852459016393,False,False
8869,GLHVABCJOWTPJL-UHFFFAOYSA-N,0.7741935483870968,False,False
8868,OGNMZQNMUXZEMN-UHFFFAOYSA-N,1.0,True,True
8867,QYJVWOGZLDRJEY-UHFFFAOYSA-N,0.8333333333333334,False,False
8865,IRUKJFMSVRMFHV-UHFFFAOYSA-N,0.7666666666666667,False,False
8864,KFVDHGLBYZETBF-UHFFFAOYSA-N,0.8235294117647058,False,False
8863,GKMFZMAQRSFQCZ-UHFFFAOYSA-N,0.8333333333333334,False,False
8862,CUHFPQQEHBEHJD-UHFFFAOYSA-N,0.7142857142857143,False,False
8861,IBMVUDMMAJJVNZ-UHFFFAOYSA-N,0.3493975903614458,False,False
8860,ZDKCBUGIJAABEQ-UHFFFAOYSA-N,0.7538461538461538,False,False
8859,HQVOMPSGRUDHJI-UHFFFAOYSA-N,0.8928571428571429,False,True
8890,FSTCRBBBQCZHGV-UHFFFAOYSA-N,0.8055555555555556,False,False
8889,TXLJVUQOWDREPV-UHFFFAOYSA-N,0.8169014084507042,False,False
8888,FRMLSHLBOPEXSM-UHFFFAOYSA-N,0.9846153846153847,True,True
8887,XKJJXBOJKQKHIA-UHFFFAOYSA-N,0.8676470588235294,False,True
8886,RGSDVXAUGJLODH-UHFFFAOYSA-N,0.8115942028985508,False,False
8885,YTPBWYCUASLIEE-UHFFFAOYSA-N,0.75,False,False
8884,OQLHSAARTSHMPX-UHFFFAOYSA-N,0.75,False,False
8883,OGNMZQNMUXZEMN-TXEJJXNPSA-N,1.0,True,True
8882,GFOBKWBIIZMDQP-UHFFFAOYSA-N,0.8387096774193549,False,False
8881,XGBXKKRQXMHOQA-UHFFFAOYSA-N,0.8805970149253731,False,True
8880,XBLXYLMAVJKSSU-UHFFFAOYSA-N,0.8125,False,False
8879,TZTYBEQTQKZLKE-UHFFFAOYSA-N,0.7272727272727273,False,False
8878,QBMJDEAECXAIGR-UHFFFAOYSA-N,0.8387096774193549,False,False
8877,XHFOKFPCWPMPEA-UHFFFAOYSA-N,0.7272727272727273,False,False
8876,UMQKIWKWJBUHSH-UHFFFAOYSA-N,0.7090909090909091,False,False
8875,YITLXZIUBXGDAO-UHFFFAOYSA-N,0.8194444444444444,False,False
8906,OTAOVZKUPFHOFO-UHFFFAOYSA-N,0.8636363636363636,False,True
8905,SCDLLENGFPBRML-UHFFFAOYSA-N,0.7402597402597403,False,False
8904,XNPGIXBDIYSFOI-UHFFFAOYSA-N,0.8636363636363636,False,True
8903,RVEPZMPYILULGS-UHFFFAOYSA-N,0.7692307692307693,False,False
8902,QHWRVOWHZYVLAD-UHFFFAOYSA-N,0.7692307692307693,False,False
8901,NIMSSDSOXVHCNS-UHFFFAOYSA-N,0.7903225806451613,False,False
8900,RLENUPAASQNUAH-UHFFFAOYSA-N,0.8181818181818182,False,False
8899,OLWQMWKXQQMRPU-MXVIHJGJSA-N,0.8285714285714286,False,False
8898,OSJOXNLIVYXGGX-UHFFFAOYSA-N,0.7857142857142857,False,False
8897,AFADETLDVFIOOO-UHFFFAOYSA-N,0.8055555555555556,False,False
8896,UGBJVJQQFGXJRL-UHFFFAOYSA-N,0.8695652173913043,False,True
8895,PNOABYIUHMAPEK-UHFFFAOYSA-N,0.8055555555555556,False,False
8894,ORDFOKVRBQJLOH-UHFFFAOYSA-N,0.8571428571428571,False,True
8893,CVFBNPBDMIQURL-UHFFFAOYSA-N,0.8493150684931506,False,False
8892,VTZVNNFQUIIFFM-HDJSIYSDSA-N,0.8,False,False
8891,NAWAUBCYBIAORB-UHFFFAOYSA-N,0.8676470588235294,False,True
8923,RCAOGGJGLMNIMD-UHFFFAOYSA-N,0.7681159420289855,False,False
8922,NDJKYNUWSYCZLS-UHFFFAOYSA-N,0.711864406779661,False,False
8921,VWMMEQUPLXJGJP-UHFFFAOYSA-N,0.6986301369863014,False,False
8920,DOAGWTBSQKZBLP-UHFFFAOYSA-N,0.8309859154929577,False,False
8918,AZXXGVPWWKWGAE-HDICACEKSA-N,1.0,True,True
8917,BCWFOLBEBYTOPX-UHFFFAOYSA-N,0.7681159420289855,False,False
8916,HKEPHRBSEAZBOH-UHFFFAOYSA-N,0.8805970149253731,False,True
8915,FYHFLEHWGDXRKX-UHFFFAOYSA-N,0.8055555555555556,False,False
8913,NHKNUBBNDJFQSI-UHFFFAOYSA-N,0.8571428571428571,False,True
8912,VILGHTQRSSAXPK-UHFFFAOYSA-N,0.7611940298507462,False,False
8911,SSSNLPDMFMHJSO-UHFFFAOYSA-N,0.7397260273972602,False,False
8910,PMVJZTLTBYYHQG-UHFFFAOYSA-N,0.8571428571428571,False,True
8909,ARYFIPZOZKFAKH-UHFFFAOYSA-N,0.7894736842105263,False,False
8908,BSPIAPRFTSEKKR-UHFFFAOYSA-N,0.7567567567567568,False,False
8907,LFSDJCNAXJTFCK-UHFFFAOYSA-N,0.7605633802816901,False,False
8940,JNVWMOJDADUCFJ-UHFFFAOYSA-N,0.6376811594202898,False,False
8939,BSYSZYUOLZCNLL-UHFFFAOYSA-N,0.9482758620689655,False,True
8938,QHRKOXZUTFZMCS-HDJSIYSDSA-N,0.8135593220338984,False,False
8937,VIAHVWJKXZCDDY-UHFFFAOYSA-N,0.7096774193548387,False,False
8936,HZSXOSHDKONUJE-UHFFFAOYSA-N,0.7741935483870968,False,False
8935,RFFKOXWBONMEMB-UHFFFAOYSA-N,0.7313432835820896,False,False
8934,YEDOLBIARVAKGC-UHFFFAOYSA-N,0.7777777777777778,False,False
8933,DOAOLSDBSKQILU-UHFFFAOYSA-N,0.875,False,True
8931,XRHXIWGCCKUMIF-HEWUYBSCSA-N,0.6145833333333334,False,False
8930,MLXBYOOGHIJFTA-UHFFFAOYSA-N,0.7794117647058824,False,False
8929,JLFDEUIABPPATC-UHFFFAOYSA-N,0.8805970149253731,False,True
8928,AOLGQCIVBNRGHA-UHFFFAOYSA-N,0.855072463768116,False,True
8927,LBPNWAPLOOYMFO-UHFFFAOYSA-N,0.7638888888888888,False,False
8926,WZOVERTVVWPTJV-UHFFFAOYSA-N,0.7605633802816901,False,False
8925,LXXCHWBAPKJISJ-UHFFFAOYSA-N,0.7808219178082192,False,False
8924,DSMVTUBXLSZYCY-TXEJJXNPSA-N,0.8135593220338984,False,False
8956,KYKXKMSNCJFJMT-UHFFFAOYSA-N,1.0,True,True
8955,ZNBOCJOVYBFRRJ-UHFFFAOYSA-N,0.7936507936507936,False,False
8954,SVBUHVZHFGKCBN-UHFFFAOYSA-N,0.847457627118644,False,False
8953,WBRNJHUEPRCRFA-UHFFFAOYSA-N,0.8611111111111112,False,True
8952,PHINVJJJMOGKQE-UHFFFAOYSA-N,0.8611111111111112,False,True
8951,OLCAJIFIBHERFA-UHFFFAOYSA-N,0.6666666666666666,False,False
8950,BJXPWGDOCQEUDC-UHFFFAOYSA-N,0.855072463768116,False,True
8949,OYNWPRILNPTYSR-UHFFFAOYSA-N,0.7777777777777778,False,False
8948,POZRTFFEJHSQAH-UHFFFAOYSA-N,0.7125,False,False
8947,IFALNULOIAULNQ-UHFFFAOYSA-N,0.6385542168674698,False,False
8946,QCPYURCLICXXLH-UHFFFAOYSA-N,0.7868852459016393,False,False
8945,LCRXZJGBNCPHCY-UHFFFAOYSA-N,0.7051282051282052,False,False
8944,LZLHZOQTBZHUJD-UHFFFAOYSA-N,0.8805970149253731,False,True
8943,LFIDXTSAWFKJEV-UHFFFAOYSA-N,0.7051282051282052,False,False
8942,NEQHFNZEYRFPNJ-UHFFFAOYSA-N,0.7741935483870968,False,False
8941,UJJXUDBGNDBRQX-UHFFFAOYSA-N,0.9821428571428571,True,True
176,CGKKMJUNHRRYMQ-UHFFFAOYSA-N,1.0,True,True
175,CGKKMJUNHRRYMQ-UHFFFAOYSA-N,1.0,True,True
174,URPATGFIHKJSDH-UHFFFAOYSA-N,1.0,True,True
173,URPATGFIHKJSDH-UHFFFAOYSA-N,1.0,True,True
172,BDZWATYRORWZMU-UHFFFAOYSA-N,1.0,True,True
171,BDZWATYRORWZMU-UHFFFAOYSA-N,1.0,True,True
170,UFQUXXZXMOACKI-UHFFFAOYSA-N,1.0,True,True
169,UFQUXXZXMOACKI-UHFFFAOYSA-N,1.0,True,True
168,DSESRVIUYQBZFJ-UHFFFAOYSA-N,1.0,True,True
167,DSESRVIUYQBZFJ-UHFFFAOYSA-N,1.0,True,True
166,IFOJCWBSMSYHLB-UHFFFAOYSA-N,1.0,True,True
8961,UKUUKYPDTYRHNW-QAQDUYKDSA-N,0.625,False,False
8960,VTZPTPTWAJHNAM-UHFFFAOYSA-N,0.5365853658536586,False,False
8959,QJVVISJYUJCHTJ-UHFFFAOYSA-N,0.7866666666666666,False,False
8958,WOFPZPGGZPDQDL-UHFFFAOYSA-N,1.0,True,True
8957,LTMJGDUPMNBITP-UHFFFAOYSA-N,0.8333333333333334,False,False
165,IFOJCWBSMSYHLB-UHFFFAOYSA-N,1.0,True,True
164,MJWHDLAUVRDSCO-UHFFFAOYSA-N,1.0,True,True
163,MJWHDLAUVRDSCO-UHFFFAOYSA-N,1.0,True,True
162,XFVBKCZNPSKTMC-UHFFFAOYSA-N,1.0,True,True
161,XFVBKCZNPSKTMC-UHFFFAOYSA-N,1.0,True,True
160,IEPVLXVJCUHDAW-UHFFFAOYSA-N,1.0,True,True
159,IEPVLXVJCUHDAW-UHFFFAOYSA-N,1.0,True,True
158,MBJIENHTLFHQHB-UHFFFAOYSA-N,1.0,True,True
157,MBJIENHTLFHQHB-UHFFFAOYSA-N,1.0,True,True
156,SPILVXJZWWFSPM-UHFFFAOYSA-N,1.0,True,True
155,SPILVXJZWWFSPM-UHFFFAOYSA-N,1.0,True,True
154,KYOASZVOEAONGQ-UHFFFAOYSA-N,1.0,True,True
153,KYOASZVOEAONGQ-UHFFFAOYSA-N,1.0,True,True
152,IFLAYQIAAFCPNM-UHFFFAOYSA-N,1.0,True,True
151,AJUZTJBGJWQZFW-UHFFFAOYSA-N,1.0,True,True
150,IFLAYQIAAFCPNM-UHFFFAOYSA-N,1.0,True,True
149,QAKJEKTXKXAPBP-MGCURZBSSA-N,1.0,True,True
148,QAKJEKTXKXAPBP-MGCURZBSSA-N,1.0,True,True
147,OKCAIIWEMWQKMS-PYNWJHIZSA-N,0.7213114754098361,False,False
146,PRGCLFLBCUVASG-UBFHEZILSA-N,0.7213114754098361,False,False
145,NBLZKEHVVJSAAY-JXTHEOIXSA-N,1.0,True,True
142,NBLZKEHVVJSAAY-JXTHEOIXSA-N,1.0,True,True
140,NBLZKEHVVJSAAY-JXTHEOIXSA-N,1.0,True,True
132,NBLZKEHVVJSAAY-JXTHEOIXSA-N,1.0,True,True
130,OMISHRJQMYQPMG-UHFFFAOYSA-N,1.0,True,True
129,IXZOHGPZAQLIBH-UHFFFAOYSA-N,1.0,True,True
128,YTINZZFBHWSAGL-UHFFFAOYSA-N,1.0,True,True
127,AHTLZLMZYZBDHQ-UHFFFAOYSA-N,1.0,True,True
126,AHTLZLMZYZBDHQ-UHFFFAOYSA-N,1.0,True,True
125,AHTLZLMZYZBDHQ-UHFFFAOYSA-N,1.0,True,True
9028,YCACTZAQLNSSIX-UHFFFAOYSA-N,0.9112903225806451,False,True
9027,AGMGQNJRFSRFIT-UHFFFAOYSA-N,0.9112903225806451,False,True
124,DZVLAKKQKOIIMO-UHFFFAOYSA-N,0.5342465753424658,False,False
123,CPSPVIZMUGBZBR-UHFFFAOYSA-N,0.696969696969697,False,False
122,UKBAKSHRJHOHKZ-UHFFFAOYSA-N,0.696969696969697,False,False
121,ODOXOFKRBGHUGR-UHFFFAOYSA-N,0.7049180327868853,False,False
120,SSTMQKOHFHMVOP-UHFFFAOYSA-N,0.7049180327868853,False,False
9037,KJICADBESNBVSF-UHFFFAOYSA-N,0.990990990990991,True,True
9036,ZQLCTJRQNHQGTE-LHEWISCISA-N,1.0,True,True
9035,VOFNMIFMFRBLCY-UUWRZZSWSA-N,1.0,True,True
9034,SWBVTASGOAFCDX-NDEPHWFRSA-N,0.9896907216494846,True,True
9033,FZYVSXZKSAXGIA-UMSFTDKQSA-N,1.0,True,True
9032,DUQFYGCCXKJWRL-HKBQPEDESA-N,1.0,True,True
9031,DEMPDAQTCXSRCU-SANMLTNESA-N,0.9270833333333334,False,True
9030,DVYFQRWHMXLACB-UHFFFAOYSA-N,0.5314685314685315,False,False
9029,JXDUQPGSAIEISB-UHFFFAOYSA-N,0.8333333333333334,False,False
118,NQMVEBIGNRGLMP-UHFFFAOYSA-N,1.0,True,True
117,LJBQRRQTZUJWRC-UHFFFAOYSA-N,1.0,True,True
116,UEJJHQNACJXSKW-UHFFFAOYSA-N,1.0,True,True
115,FRNXSTXSXYWTDK-UHFFFAOYSA-N,0.8333333333333334,False,False
114,VEMJQLCDXCMEJD-YTTKSRRZSA-N,0.40476190476190477,False,False
113,KXTYBXCEQOANSX-WYKQKOHHSA-N,1.0,True,True
9053,KVKRWSCEFPXYJO-UHFFFAOYSA-N,0.7787610619469026,False,False
9041,FKXXDWGHLILNJN-UHFFFAOYSA-N,1.0,True,True
9040,QYWXUBLICMTETB-UHFFFAOYSA-N,0.9099099099099099,False,True
9039,ZGRJERQABQDFCZ-UHFFFAOYSA-N,1.0,True,True
9038,MJXMBEATMHPLOT-UHFFFAOYSA-N,0.9122807017543859,False,True
9069,FWPIXSUTOKXNFT-UHFFFAOYSA-N,0.7787610619469026,False,False
9067,PQQFOIRSYSOXQS-UHFFFAOYSA-N,0.782608695652174,False,False
3808,GKWYDHPNILZIED-UHFFFAOYSA-N,0.863013698630137,False,True
3807,KHRACHSGFXEFFH-UHFFFAOYSA-N,0.8857142857142857,False,True
3806,VMTQISRZNBVQQV-UHFFFAOYSA-N,0.8857142857142857,False,True
3805,YEVXVKXAUJXAQP-UHFFFAOYSA-N,0.8378378378378378,False,False
3804,YAGPYGRBUFSQGS-UHFFFAOYSA-N,0.8356164383561644,False,False
3803,MJPLTGIITXCPSU-UHFFFAOYSA-N,0.7532467532467533,False,False
3802,LMOHLKQFJBXMCY-UHFFFAOYSA-N,0.7794117647058824,False,False
3801,NDSIFXOYXZIPKW-UHFFFAOYSA-N,0.7910447761194029,False,False
3800,MALSMRNJJIWSSN-UHFFFAOYSA-N,0.7428571428571429,False,False
3799,RXCFJHLJVABHJD-UHFFFAOYSA-N,0.9076923076923077,False,True
3798,OVFRYADNHMKBSG-UHFFFAOYSA-N,0.7361111111111112,False,False
3797,ZOXDGFNYKAGYKB-UHFFFAOYSA-N,0.7910447761194029,False,False
3796,HSYMKSQDIUYEIP-UHFFFAOYSA-N,0.6486486486486487,False,False
3795,VFCGWGHLKYNHQE-UHFFFAOYSA-N,0.9076923076923077,False,True
3794,IEXKJKQCNYRFKZ-NHFJDJAPSA-N,1.0,True,True
3793,KISOGWRVVMLOAJ-ZTKZIYFRSA-N,1.0,True,True
3792,NOXLMWXVGVKIEN-UHFFFAOYSA-N,0.7714285714285715,False,False
3791,GIOHIZARHKCBNJ-UHFFFAOYSA-N,0.859375,False,True
3790,ALZPXFLWWCJWBQ-UHFFFAOYSA-N,0.859375,False,True
3789,KUOXDHYQUOUAFS-UHFFFAOYSA-N,0.8857142857142857,False,True
3788,RUNVWJQLUOXPTK-UHFFFAOYSA-N,1.0,True,True
3787,UDHCZJYNBCVWFR-UHFFFAOYSA-N,0.7857142857142857,False,False
3786,VTCJNNKXXHGPMU-UHFFFAOYSA-N,1.0,True,True
3785,QRBUWHHVKWDOJJ-UHFFFAOYSA-N,1.0,True,True
3784,ZWMMBLXEKZBASQ-UHFFFAOYSA-N,1.0,True,True
3783,URCZUKFRZQNQSQ-UHFFFAOYSA-N,0.46774193548387094,False,False
3782,JOTYYZZVRLAFOZ-UHFFFAOYSA-N,0.46774193548387094,False,False
3781,YZUJCTBWTOYXLI-GMUMFXLYSA-N,0.8641975308641975,False,True
3780,MDJIYUGFMRKXEZ-BQEUZBSESA-N,0.813953488372093,False,False
3779,HAJKDZIMSIXBCX-ZUOMXFFYSA-N,0.8641975308641975,False,True
3778,MCHONAYJGRIMOE-KAROYMKCSA-N,0.45081967213114754,False,False
3777,SITNTOVOBBQZJQ-UHFFFAOYSA-N,0.7272727272727273,False,False
3774,NOQRUWPFICADHE-UHFFFAOYSA-N,0.7941176470588235,False,False
3773,YZHAQINEPFJCRZ-UHFFFAOYSA-N,0.782608695652174,False,False
3772,OJSPFOUZDGKFOA-UHFFFAOYSA-N,0.7352941176470589,False,False
3771,CHGKZAOCSPXMAR-UHFFFAOYSA-N,0.7464788732394366,False,False
3770,HZXUBAMXBADXJI-UHFFFAOYSA-N,0.7941176470588235,False,False
3769,OUNDKJAAMOQUGK-UHFFFAOYSA-N,1.0,True,True
3768,LAQHQKJOQQJGCZ-UHFFFAOYSA-N,1.0,True,True
3767,LAQHQKJOQQJGCZ-UHFFFAOYSA-N,1.0,True,True
3766,HQIGKYXFCKTMMT-UHFFFAOYSA-N,0.4418604651162791,False,False
3765,NTMPKXHFZBYRAS-UHFFFAOYSA-N,0.7857142857142857,False,False
3764,LFVLSZPWZWLJLJ-UHFFFAOYSA-N,0.864406779661017,False,True
3763,TZJJNGMCPZJCII-UHFFFAOYSA-N,0.864406779661017,False,True
3762,NTCZRUCTPQKSCH-UHFFFAOYSA-N,0.7857142857142857,False,False
3761,YKQXMXCTAZWWMP-UHFFFAOYSA-N,0.7368421052631579,False,False
3760,LDDFEYPHVJLXIL-UHFFFAOYSA-N,0.7678571428571429,False,False
3759,XZYXCQXTKOYHGK-UHFFFAOYSA-N,0.25806451612903225,False,False
3758,DVSZTYJRXBBIFA-ULECTIQTSA-N,1.0,True,True
3757,FBVLNDYWKXSEJE-UHFFFAOYSA-N,1.0,True,True
3756,ZYMWJRANZLPARA-UHFFFAOYSA-N,1.0,True,True
3755,AGNJJBASPCXFPI-UHFFFAOYSA-N,1.0,True,True
3754,MCNVRDRTTNAXGD-UHFFFAOYSA-N,1.0,True,True
3753,ZEGBRJSQYXZREI-UHFFFAOYSA-N,1.0,True,True
3752,FTYJOMFRHLNFGD-UHFFFAOYSA-N,1.0,True,True
3751,UQQRGWMKCDTJPQ-UHFFFAOYSA-N,1.0,True,True
3750,NRSXGRIVVGXVRK-UHFFFAOYSA-N,1.0,True,True
3749,XTOJEKXWALNRFH-UHFFFAOYSA-N,1.0,True,True
3748,GIPDBGRBDCKLCK-UHFFFAOYSA-N,1.0,True,True
3747,DNDGIEAVKFHOMQ-UHFFFAOYSA-N,1.0,True,True
3746,RIRKNMJJINDXAY-UHFFFAOYSA-N,1.0,True,True
3745,IZSDNUFXBLBMLW-UHFFFAOYSA-N,1.0,True,True
3744,JDLIGRQSRGPCHF-UHFFFAOYSA-N,1.0,True,True
3743,WWOHNLWDCHDZDG-UHFFFAOYSA-N,1.0,True,True
3742,WCTPVKHFNNKOTD-UHFFFAOYSA-N,1.0,True,True
3741,LAXPQGCLPHSTCP-UHFFFAOYSA-N,1.0,True,True
3740,MXZUZNYXSXERNT-UHFFFAOYSA-N,1.0,True,True
3739,CCSLZJTUKMSIHD-UHFFFAOYSA-N,1.0,True,True
3738,YOTWCLAQZCFKKS-UHFFFAOYSA-N,1.0,True,True
3737,HUZLPHWJLUUHAZ-UHFFFAOYSA-N,1.0,True,True
3736,FUEARKGXPYVLDT-UHFFFAOYSA-N,1.0,True,True
3735,BFUJTJQIZGRPQG-UHFFFAOYSA-N,1.0,True,True
3734,JOKANKSPKROVOJ-UHFFFAOYSA-N,1.0,True,True
3733,BXYIZAXLXHKKNJ-UHFFFAOYSA-N,1.0,True,True
3732,FJMVTNGVNVQTKX-UHFFFAOYSA-N,1.0,True,True
3731,FWYWLVJGQNRTAP-UHFFFAOYSA-N,1.0,True,True
3730,SNZGVVSAMPFNLQ-UHFFFAOYSA-N,1.0,True,True
3729,FBVLNDYWKXSEJE-UHFFFAOYSA-N,1.0,True,True
3728,ZYMWJRANZLPARA-UHFFFAOYSA-N,1.0,True,True
3727,AGNJJBASPCXFPI-UHFFFAOYSA-N,1.0,True,True
3726,MCNVRDRTTNAXGD-UHFFFAOYSA-N,1.0,True,True
3725,ZEGBRJSQYXZREI-UHFFFAOYSA-N,1.0,True,True
3724,FTYJOMFRHLNFGD-UHFFFAOYSA-N,1.0,True,True
3723,UQQRGWMKCDTJPQ-UHFFFAOYSA-N,1.0,True,True
3722,NRSXGRIVVGXVRK-UHFFFAOYSA-N,1.0,True,True
3721,XTOJEKXWALNRFH-UHFFFAOYSA-N,1.0,True,True
3720,GIPDBGRBDCKLCK-UHFFFAOYSA-N,1.0,True,True
3719,DNDGIEAVKFHOMQ-UHFFFAOYSA-N,1.0,True,True
3718,RIRKNMJJINDXAY-UHFFFAOYSA-N,1.0,True,True
3717,IZSDNUFXBLBMLW-UHFFFAOYSA-N,1.0,True,True
3716,JDLIGRQSRGPCHF-UHFFFAOYSA-N,1.0,True,True
3715,WWOHNLWDCHDZDG-UHFFFAOYSA-N,1.0,True,True
3714,WCTPVKHFNNKOTD-UHFFFAOYSA-N,1.0,True,True
3713,LAXPQGCLPHSTCP-UHFFFAOYSA-N,1.0,True,True
3712,MXZUZNYXSXERNT-UHFFFAOYSA-N,1.0,True,True
3711,CCSLZJTUKMSIHD-UHFFFAOYSA-N,1.0,True,True
3710,YOTWCLAQZCFKKS-UHFFFAOYSA-N,1.0,True,True
3709,HUZLPHWJLUUHAZ-UHFFFAOYSA-N,1.0,True,True
3708,FUEARKGXPYVLDT-UHFFFAOYSA-N,1.0,True,True
3707,BFUJTJQIZGRPQG-UHFFFAOYSA-N,1.0,True,True
3706,JOKANKSPKROVOJ-UHFFFAOYSA-N,1.0,True,True
3705,BXYIZAXLXHKKNJ-UHFFFAOYSA-N,1.0,True,True
3704,FJMVTNGVNVQTKX-UHFFFAOYSA-N,1.0,True,True
3703,FWYWLVJGQNRTAP-UHFFFAOYSA-N,1.0,True,True
3702,SNZGVVSAMPFNLQ-UHFFFAOYSA-N,1.0,True,True
3701,VUMSEXRONNJJOD-YTTGMZPUSA-N,1.0,True,True
3700,VUMSEXRONNJJOD-JGCGQSQUSA-N,1.0,True,True
3699,WFFXSERDNVLVGO-UHFFFAOYSA-N,1.0,True,True
3698,DIFUZJAOBZHDGQ-UHFFFAOYSA-N,1.0,True,True
3697,HXBYJUZKHMCNMV-UHFFFAOYSA-N,1.0,True,True
3696,JMGLSIAOGZDKNZ-UHFFFAOYSA-N,1.0,True,True
3695,VQDRNQBRRSNVOR-UHFFFAOYSA-N,1.0,True,True
3693,LBCBAPLWMOHXCR-UHFFFAOYSA-N,1.0,True,True
3692,KHDVIKIXHHIKBK-UHFFFAOYSA-N,1.0,True,True
3691,JTKYSCGXJUZDKJ-UHFFFAOYSA-N,1.0,True,True
3690,BOAOHVCBZSRYGA-UHFFFAOYSA-N,1.0,True,True
3689,YTINZZFBHWSAGL-UHFFFAOYSA-N,1.0,True,True
3688,HRQVUVKQFPYSEU-UHFFFAOYSA-N,1.0,True,True
3687,KETBEUWIOVDOEG-UHFFFAOYSA-N,1.0,True,True
3686,KDMWYMMFHRTJOT-UHFFFAOYSA-N,1.0,True,True
3685,TVPVYTOUVYFZAQ-UHFFFAOYSA-N,1.0,True,True
3684,ZVHZSJXUQWJNOO-UHFFFAOYSA-N,1.0,True,True
3683,JSLQVZMJYVNDOU-UHFFFAOYSA-N,1.0,True,True
3682,AJSMXYYYHFPDJA-UHFFFAOYSA-N,1.0,True,True
3681,UCKHUZVOPCGPHV-UHFFFAOYSA-N,1.0,True,True
3680,STZSVXBXORXTKZ-UHFFFAOYSA-N,1.0,True,True
3679,FADZMVGGWGHOPY-UHFFFAOYSA-N,1.0,True,True
3677,LVHBPJYWOSHALG-UHFFFAOYSA-N,1.0,True,True
3676,SEEBQQVQQLBJNQ-UHFFFAOYSA-N,1.0,True,True
3675,VPQDIVZJFLZFOP-UHFFFAOYSA-N,1.0,True,True
3674,JPKXBLGZLCXVCV-UHFFFAOYSA-N,1.0,True,True
3673,KSCHKWPNPVOIEC-UHFFFAOYSA-N,1.0,True,True
3672,JXIAZCAMKCEWTF-UHFFFAOYSA-N,1.0,True,True
3671,JBPNVVIHWFBAQI-UHFFFAOYSA-N,1.0,True,True
3670,NAGCAYVXXNJTIS-UHFFFAOYSA-N,1.0,True,True
3669,SJEKUWBPPUMDIN-UHFFFAOYSA-N,1.0,True,True
3668,JMNURPDSEDCSPG-UHFFFAOYSA-N,1.0,True,True
3667,GPZBQVIQHPNOAY-UHFFFAOYSA-N,1.0,True,True
3666,MOGHNNIVWVOLSV-UHFFFAOYSA-N,1.0,True,True
3665,VUMSEXRONNJJOD-YTTGMZPUSA-N,1.0,True,True
3664,VUMSEXRONNJJOD-JGCGQSQUSA-N,1.0,True,True
3663,WFFXSERDNVLVGO-UHFFFAOYSA-N,1.0,True,True
3662,DIFUZJAOBZHDGQ-UHFFFAOYSA-N,1.0,True,True
3661,HXBYJUZKHMCNMV-UHFFFAOYSA-N,1.0,True,True
3660,JMGLSIAOGZDKNZ-UHFFFAOYSA-N,1.0,True,True
3659,VQDRNQBRRSNVOR-UHFFFAOYSA-N,1.0,True,True
3657,LBCBAPLWMOHXCR-UHFFFAOYSA-N,1.0,True,True
3656,KHDVIKIXHHIKBK-UHFFFAOYSA-N,1.0,True,True
3655,JTKYSCGXJUZDKJ-UHFFFAOYSA-N,1.0,True,True
3654,BOAOHVCBZSRYGA-UHFFFAOYSA-N,1.0,True,True
3652,HRQVUVKQFPYSEU-UHFFFAOYSA-N,1.0,True,True
3651,KETBEUWIOVDOEG-UHFFFAOYSA-N,1.0,True,True
3650,KDMWYMMFHRTJOT-UHFFFAOYSA-N,1.0,True,True
3649,TVPVYTOUVYFZAQ-UHFFFAOYSA-N,1.0,True,True
3648,ZVHZSJXUQWJNOO-UHFFFAOYSA-N,1.0,True,True
3647,JSLQVZMJYVNDOU-UHFFFAOYSA-N,1.0,True,True
3646,AJSMXYYYHFPDJA-UHFFFAOYSA-N,1.0,True,True
3645,UCKHUZVOPCGPHV-UHFFFAOYSA-N,1.0,True,True
3644,STZSVXBXORXTKZ-UHFFFAOYSA-N,1.0,True,True
3643,FADZMVGGWGHOPY-UHFFFAOYSA-N,1.0,True,True
3641,LVHBPJYWOSHALG-UHFFFAOYSA-N,1.0,True,True
3640,SEEBQQVQQLBJNQ-UHFFFAOYSA-N,1.0,True,True
3639,VPQDIVZJFLZFOP-UHFFFAOYSA-N,1.0,True,True
3638,JPKXBLGZLCXVCV-UHFFFAOYSA-N,1.0,True,True
3637,KSCHKWPNPVOIEC-UHFFFAOYSA-N,1.0,True,True
3636,JXIAZCAMKCEWTF-UHFFFAOYSA-N,1.0,True,True
3635,JBPNVVIHWFBAQI-UHFFFAOYSA-N,1.0,True,True
3634,NAGCAYVXXNJTIS-UHFFFAOYSA-N,1.0,True,True
3633,SJEKUWBPPUMDIN-UHFFFAOYSA-N,1.0,True,True
3632,JMNURPDSEDCSPG-UHFFFAOYSA-N,1.0,True,True
3631,GPZBQVIQHPNOAY-UHFFFAOYSA-N,1.0,True,True
3630,MOGHNNIVWVOLSV-UHFFFAOYSA-N,1.0,True,True
3629,OUEGCYAVXIPRPX-UHFFFAOYSA-N,1.0,True,True
3628,VVIWQOXLAXMQEN-UHFFFAOYSA-N,1.0,True,True
3627,YAHLYYMAJMLQQH-UHFFFAOYSA-N,1.0,True,True
3626,BWYRJHMYILLTOI-UHFFFAOYSA-N,1.0,True,True
3625,IONAEGMCSLASDU-UHFFFAOYSA-N,1.0,True,True
3624,VIJYNGMYYHQSKH-UHFFFAOYSA-N,1.0,True,True
3623,VWKWRZUXWYSGOU-UHFFFAOYSA-N,1.0,True,True
3622,DALJORPGDUPLPV-UHFFFAOYSA-N,1.0,True,True
3621,KGCOGSOWVBFTKN-UHFFFAOYSA-N,1.0,True,True
3620,OUEGCYAVXIPRPX-UHFFFAOYSA-N,1.0,True,True
3619,VVIWQOXLAXMQEN-UHFFFAOYSA-N,1.0,True,True
3618,YAHLYYMAJMLQQH-UHFFFAOYSA-N,1.0,True,True
3617,BWYRJHMYILLTOI-UHFFFAOYSA-N,1.0,True,True
3616,IONAEGMCSLASDU-UHFFFAOYSA-N,1.0,True,True
3615,VIJYNGMYYHQSKH-UHFFFAOYSA-N,1.0,True,True
3614,VWKWRZUXWYSGOU-UHFFFAOYSA-N,1.0,True,True
3613,DALJORPGDUPLPV-UHFFFAOYSA-N,1.0,True,True
3612,KGCOGSOWVBFTKN-UHFFFAOYSA-N,1.0,True,True
3611,WZIVXKXJEWHYHH-RCLWPAGBSA-N,1.0,True,True
3610,JJXPHCCUUNEEAQ-IHOVNLRLSA-N,1.0,True,True
3609,LPVXGYZMYNYSRZ-GGWKSQAJSA-N,1.0,True,True
3608,SVVLXZSOWBLJBW-YUGNUMPCSA-N,1.0,True,True
3607,QKPKDXGPDMVCIR-UHFFFAOYSA-N,1.0,True,True
3606,DCTDXSOVOPNNQC-FOCLMDBBSA-N,1.0,True,True
3605,QKPKDXGPDMVCIR-UHFFFAOYSA-N,1.0,True,True
3604,QKPKDXGPDMVCIR-UHFFFAOYSA-N,1.0,True,True
3603,YNOJNFLEQWRPEG-UHFFFAOYSA-N,1.0,True,True
3602,YNOJNFLEQWRPEG-UHFFFAOYSA-N,1.0,True,True
3601,YNOJNFLEQWRPEG-UHFFFAOYSA-N,1.0,True,True
112,UVSMNLNDYGZFPF-UHFFFAOYSA-N,1.0,True,True
111,LGSKBHSQXPTOLX-VGAJERRHSA-N,0.8275862068965517,False,False
109,JBRXTTSSZMLHDF-CZMZLNQESA-N,0.8837209302325582,False,True
108,ZKINNMSFCCOPQI-MKYFCGQTSA-N,1.0,True,True
107,IAVMZDPIQIVLOG-UHFFFAOYSA-N,0.6724137931034483,False,False
106,QMARDTCIJVODCK-UHFFFAOYSA-N,1.0,True,True
105,HFBGFWJURBVNFD-UHFFFAOYSA-N,1.0,True,True
104,KMUJGCDCPZZCCV-UHFFFAOYSA-N,0.43478260869565216,False,False
103,UVSMNLNDYGZFPF-UHFFFAOYSA-N,1.0,True,True
102,UVSMNLNDYGZFPF-UHFFFAOYSA-N,1.0,True,True
101,HCYVTSJOORQWMP-AHQPFIERSA-N,0.8837209302325582,False,True
100,KXTYBXCEQOANSX-WYKQKOHHSA-N,1.0,True,True
99,BZESKQAEKFQSPD-FCODNRGNSA-N,0.2631578947368421,False,False
97,LOAPHXVWCJVEPY-FNWYVXGSSA-N,0.7066666666666667,False,False
96,KXTYBXCEQOANSX-WYKQKOHHSA-N,1.0,True,True
3600,YNOJNFLEQWRPEG-UHFFFAOYSA-N,1.0,True,True
3599,BTYAHFGEMWWMRT-UHFFFAOYSA-N,1.0,True,True
3598,BTYAHFGEMWWMRT-UHFFFAOYSA-N,1.0,True,True
3597,BTYAHFGEMWWMRT-UHFFFAOYSA-N,1.0,True,True
3596,BTYAHFGEMWWMRT-UHFFFAOYSA-N,1.0,True,True
3595,XSQZMTIDRIDBJN-UHFFFAOYSA-N,1.0,True,True
3594,XSQZMTIDRIDBJN-UHFFFAOYSA-N,1.0,True,True
3593,XSQZMTIDRIDBJN-UHFFFAOYSA-N,1.0,True,True
3592,XSQZMTIDRIDBJN-UHFFFAOYSA-N,1.0,True,True
3591,ZFAKJMUJUNDGEI-UHFFFAOYSA-N,1.0,True,True
3590,ZFAKJMUJUNDGEI-UHFFFAOYSA-N,1.0,True,True
3589,ZFAKJMUJUNDGEI-UHFFFAOYSA-N,1.0,True,True
3588,ZFAKJMUJUNDGEI-UHFFFAOYSA-N,1.0,True,True
3587,HGLQKZHORDECOX-UHFFFAOYSA-N,1.0,True,True
3586,HGLQKZHORDECOX-UHFFFAOYSA-N,1.0,True,True
3585,HGLQKZHORDECOX-UHFFFAOYSA-N,1.0,True,True
3584,HGLQKZHORDECOX-UHFFFAOYSA-N,1.0,True,True
3583,AOZLNZRSVIVLQX-UHFFFAOYSA-N,1.0,True,True
3582,AOZLNZRSVIVLQX-UHFFFAOYSA-N,1.0,True,True
3581,AOZLNZRSVIVLQX-UHFFFAOYSA-N,1.0,True,True
3580,AOZLNZRSVIVLQX-UHFFFAOYSA-N,1.0,True,True
3579,RFENVQIDXQQDHS-UHFFFAOYSA-N,1.0,True,True
3578,RFENVQIDXQQDHS-UHFFFAOYSA-N,1.0,True,True
3577,RFENVQIDXQQDHS-UHFFFAOYSA-N,1.0,True,True
3576,RFENVQIDXQQDHS-UHFFFAOYSA-N,1.0,True,True
3575,PDLMVPIBYOAMMI-UHFFFAOYSA-N,1.0,True,True
3574,PDLMVPIBYOAMMI-UHFFFAOYSA-N,1.0,True,True
3573,PDLMVPIBYOAMMI-UHFFFAOYSA-N,1.0,True,True
3572,PDLMVPIBYOAMMI-UHFFFAOYSA-N,1.0,True,True
3571,VUGINFJQDOWAIE-UHFFFAOYSA-N,1.0,True,True
3570,VUGINFJQDOWAIE-UHFFFAOYSA-N,1.0,True,True
3569,VUGINFJQDOWAIE-UHFFFAOYSA-N,1.0,True,True
3568,VUGINFJQDOWAIE-UHFFFAOYSA-N,1.0,True,True
3567,YTBICKXJMTXDLY-UHFFFAOYSA-N,1.0,True,True
3566,YTBICKXJMTXDLY-UHFFFAOYSA-N,1.0,True,True
3565,YTBICKXJMTXDLY-UHFFFAOYSA-N,1.0,True,True
3564,YTBICKXJMTXDLY-UHFFFAOYSA-N,1.0,True,True
3563,CUVDVAHHZNRMJJ-UHFFFAOYSA-N,1.0,True,True
3562,CUVDVAHHZNRMJJ-UHFFFAOYSA-N,1.0,True,True
3561,CUVDVAHHZNRMJJ-UHFFFAOYSA-N,1.0,True,True
3560,CUVDVAHHZNRMJJ-UHFFFAOYSA-N,1.0,True,True
3559,SSGXQMNAQRSFRQ-UHFFFAOYSA-N,1.0,True,True
3558,SSGXQMNAQRSFRQ-UHFFFAOYSA-N,1.0,True,True
3557,SSGXQMNAQRSFRQ-UHFFFAOYSA-N,1.0,True,True
3556,SSGXQMNAQRSFRQ-UHFFFAOYSA-N,1.0,True,True
3555,SSPLTBJVNWLIKS-UHFFFAOYSA-N,1.0,True,True
3554,SSPLTBJVNWLIKS-UHFFFAOYSA-N,1.0,True,True
3553,SSPLTBJVNWLIKS-UHFFFAOYSA-N,1.0,True,True
95,ISRFJSGSMHRMSJ-REZTVBANSA-N,0.4107142857142857,False,False
94,KXTYBXCEQOANSX-WYKQKOHHSA-N,1.0,True,True
93,SMQRKTIIIYTOTN-XWJJHAMOSA-N,0.7608695652173914,False,False
92,ZKINNMSFCCOPQI-MKYFCGQTSA-N,1.0,True,True
91,FQPATHNUIPAADA-HLKPNAMSSA-N,0.8888888888888888,False,True
90,VVWLHUXTBJWIOB-YGTMNZBKSA-N,0.7037037037037037,False,False
89,AKKFAKCBIIOLLX-LQQINCHMSA-N,0.5487804878048781,False,False
88,YZZBBYUVOSVRJT-KFPAJSSTSA-N,0.7457627118644068,False,False
85,JWXDGEQLSBXQMO-FXMNBVRKSA-N,0.7457627118644068,False,False
84,RDLDGZYPMBFDRW-RCXLAMTFSA-N,0.6020408163265306,False,False
83,KXTYBXCEQOANSX-WYKQKOHHSA-N,1.0,True,True
82,YYTFHRRGIDEJIS-YQXZWPMHSA-N,0.22972972972972974,False,False
81,IBZYPBGPOGJMBF-NIVOKCFBSA-N,0.22972972972972974,False,False
3552,SSPLTBJVNWLIKS-UHFFFAOYSA-N,1.0,True,True
3551,LWWKIWAZJUFBAX-UHFFFAOYSA-N,1.0,True,True
3550,LWWKIWAZJUFBAX-UHFFFAOYSA-N,1.0,True,True
3549,LWWKIWAZJUFBAX-UHFFFAOYSA-N,1.0,True,True
3548,LWWKIWAZJUFBAX-UHFFFAOYSA-N,1.0,True,True
3547,LWFHNBPCMHJPOM-UHFFFAOYSA-N,1.0,True,True
3546,LWFHNBPCMHJPOM-UHFFFAOYSA-N,1.0,True,True
3545,LWFHNBPCMHJPOM-UHFFFAOYSA-N,1.0,True,True
3544,LWFHNBPCMHJPOM-UHFFFAOYSA-N,1.0,True,True
3543,XKHJZGRFJRADNW-ONNFQVAWSA-N,1.0,True,True
3542,XKHJZGRFJRADNW-ONNFQVAWSA-N,1.0,True,True
3541,XKHJZGRFJRADNW-ONNFQVAWSA-N,1.0,True,True
3540,XKHJZGRFJRADNW-ONNFQVAWSA-N,1.0,True,True
3539,AZIYURSEHCWAPB-UHFFFAOYSA-N,1.0,True,True
3538,AZIYURSEHCWAPB-UHFFFAOYSA-N,1.0,True,True
3537,AZIYURSEHCWAPB-UHFFFAOYSA-N,1.0,True,True
3536,AZIYURSEHCWAPB-UHFFFAOYSA-N,1.0,True,True
3535,GXJUZUWLUQFMSB-UHFFFAOYSA-N,1.0,True,True
3534,GXJUZUWLUQFMSB-UHFFFAOYSA-N,1.0,True,True
3533,GXJUZUWLUQFMSB-UHFFFAOYSA-N,1.0,True,True
3532,GXJUZUWLUQFMSB-UHFFFAOYSA-N,1.0,True,True
3531,QJBNEXUSTCCRIM-UHFFFAOYSA-N,1.0,True,True
3530,QJBNEXUSTCCRIM-UHFFFAOYSA-N,1.0,True,True
3529,QJBNEXUSTCCRIM-UHFFFAOYSA-N,1.0,True,True
3528,QJBNEXUSTCCRIM-UHFFFAOYSA-N,1.0,True,True
3527,BUKXXJVKMXZXHH-UHFFFAOYSA-N,1.0,True,True
3526,BUKXXJVKMXZXHH-UHFFFAOYSA-N,1.0,True,True
3525,BUKXXJVKMXZXHH-UHFFFAOYSA-N,1.0,True,True
3524,BUKXXJVKMXZXHH-UHFFFAOYSA-N,1.0,True,True
3523,WOCJTQKFCZJBHU-UHFFFAOYSA-N,1.0,True,True
3522,WOCJTQKFCZJBHU-UHFFFAOYSA-N,1.0,True,True
3521,WOCJTQKFCZJBHU-UHFFFAOYSA-N,1.0,True,True
3520,WOCJTQKFCZJBHU-UHFFFAOYSA-N,1.0,True,True
3519,GRDLGPVCCSHERU-UHFFFAOYSA-N,1.0,True,True
3518,GRDLGPVCCSHERU-UHFFFAOYSA-N,1.0,True,True
3517,GRDLGPVCCSHERU-UHFFFAOYSA-N,1.0,True,True
3516,GRDLGPVCCSHERU-UHFFFAOYSA-N,1.0,True,True
3515,NIKSBFIHOGSQSH-UHFFFAOYSA-N,1.0,True,True
3514,NIKSBFIHOGSQSH-UHFFFAOYSA-N,1.0,True,True
3513,NIKSBFIHOGSQSH-UHFFFAOYSA-N,1.0,True,True
3512,NIKSBFIHOGSQSH-UHFFFAOYSA-N,1.0,True,True
3511,UIFPBNRHYJGQSS-UHFFFAOYSA-N,1.0,True,True
3510,UIFPBNRHYJGQSS-UHFFFAOYSA-N,1.0,True,True
3509,UIFPBNRHYJGQSS-UHFFFAOYSA-N,1.0,True,True
3508,UIFPBNRHYJGQSS-UHFFFAOYSA-N,1.0,True,True
3507,NYWWYHLFJSMTAB-UHFFFAOYSA-N,1.0,True,True
3506,NYWWYHLFJSMTAB-UHFFFAOYSA-N,1.0,True,True
3505,NYWWYHLFJSMTAB-UHFFFAOYSA-N,1.0,True,True
79,SIDFLZMSYWLVLY-UHFFFAOYSA-N,0.21428571428571427,False,False
78,RWACRUCUSDYIKQ-ANYOKISRSA-N,0.8275862068965517,False,False
77,VGGGPCQERPFHOB-UHFFFAOYSA-N,0.288135593220339,False,False
76,YCADIXLLWMXYKW-CMDGGOBGSA-N,0.22988505747126436,False,False
75,KXTYBXCEQOANSX-WYKQKOHHSA-N,1.0,True,True
74,CNGPQGIMXIOGEW-PHTTWUKLSA-N,0.7608695652173914,False,False
73,SEOVTRFCIGRIMH-UHFFFAOYSA-N,0.5,False,False
72,PRPINYUDVPFIRX-UHFFFAOYSA-N,1.0,True,True
71,OVSKIKFHRZPJSS-UHFFFAOYSA-N,1.0,True,True
70,DUJALVQMMQMXSS-JPYNYWHCSA-N,0.225,False,False
69,KXTYBXCEQOANSX-WYKQKOHHSA-N,1.0,True,True
68,GWOGKYGQZKGRED-LJAQVGFWSA-N,0.25773195876288657,False,False
67,HHSZFSOLNUHGMP-BHVANESWSA-N,0.4807692307692308,False,False
66,QHMBSVQNZZTUGM-ZWKOTPCHSA-N,1.0,True,True
65,CRYYCXAJUDVWAO-UHFFFAOYSA-N,1.0,True,True
64,YOSSKNZHADPXJX-SNVBAGLBSA-N,1.0,True,True
3504,NYWWYHLFJSMTAB-UHFFFAOYSA-N,1.0,True,True
3503,QFCPONCMDMLLOZ-UHFFFAOYSA-N,1.0,True,True
3502,QFCPONCMDMLLOZ-UHFFFAOYSA-N,1.0,True,True
3501,QFCPONCMDMLLOZ-UHFFFAOYSA-N,1.0,True,True
3500,QFCPONCMDMLLOZ-UHFFFAOYSA-N,1.0,True,True
3499,MLWAXSSCWMTYTR-UHFFFAOYSA-N,1.0,True,True
3498,MLWAXSSCWMTYTR-UHFFFAOYSA-N,1.0,True,True
3497,MLWAXSSCWMTYTR-UHFFFAOYSA-N,1.0,True,True
3496,MLWAXSSCWMTYTR-UHFFFAOYSA-N,1.0,True,True
3495,BHLNTYNHSHZTQT-UHFFFAOYSA-N,1.0,True,True
3494,BHLNTYNHSHZTQT-UHFFFAOYSA-N,1.0,True,True
3493,BHLNTYNHSHZTQT-UHFFFAOYSA-N,1.0,True,True
3492,BHLNTYNHSHZTQT-UHFFFAOYSA-N,1.0,True,True
3491,UNTZICXADQTICO-UHFFFAOYSA-N,1.0,True,True
3490,UNTZICXADQTICO-UHFFFAOYSA-N,1.0,True,True
3489,UNTZICXADQTICO-UHFFFAOYSA-N,1.0,True,True
3488,UNTZICXADQTICO-UHFFFAOYSA-N,1.0,True,True
3487,DTGOZYNEQILPSF-UHFFFAOYSA-N,1.0,True,True
3486,DTGOZYNEQILPSF-UHFFFAOYSA-N,1.0,True,True
3485,DTGOZYNEQILPSF-UHFFFAOYSA-N,1.0,True,True
3484,DTGOZYNEQILPSF-UHFFFAOYSA-N,1.0,True,True
3483,VWGBLNAJOOBMEC-UXBLZVDNSA-N,1.0,True,True
3482,VWGBLNAJOOBMEC-UXBLZVDNSA-N,1.0,True,True
3481,VWGBLNAJOOBMEC-UXBLZVDNSA-N,1.0,True,True
3480,VWGBLNAJOOBMEC-UXBLZVDNSA-N,1.0,True,True
3479,RYIPWXZJIZGEKX-UHFFFAOYSA-N,1.0,True,True
3478,RYIPWXZJIZGEKX-UHFFFAOYSA-N,1.0,True,True
3477,RYIPWXZJIZGEKX-UHFFFAOYSA-N,1.0,True,True
3476,RYIPWXZJIZGEKX-UHFFFAOYSA-N,1.0,True,True
3475,NSNOZCIBZJXIAD-UHFFFAOYSA-N,1.0,True,True
3474,NSNOZCIBZJXIAD-UHFFFAOYSA-N,1.0,True,True
3473,NSNOZCIBZJXIAD-UHFFFAOYSA-N,1.0,True,True
3472,NSNOZCIBZJXIAD-UHFFFAOYSA-N,1.0,True,True
3471,CIVWAWPQWLUMPF-UHFFFAOYSA-N,1.0,True,True
3469,CIVWAWPQWLUMPF-UHFFFAOYSA-N,1.0,True,True
3468,CIVWAWPQWLUMPF-UHFFFAOYSA-N,1.0,True,True
3467,DPCNQUQEWFWFHL-UHFFFAOYSA-N,1.0,True,True
3466,DPCNQUQEWFWFHL-UHFFFAOYSA-N,1.0,True,True
3465,DPCNQUQEWFWFHL-UHFFFAOYSA-N,1.0,True,True
3464,DPCNQUQEWFWFHL-UHFFFAOYSA-N,1.0,True,True
3463,BWEJJXAXDRVATO-UHFFFAOYSA-N,1.0,True,True
3462,BWEJJXAXDRVATO-UHFFFAOYSA-N,1.0,True,True
3461,BWEJJXAXDRVATO-UHFFFAOYSA-N,1.0,True,True
3460,BWEJJXAXDRVATO-UHFFFAOYSA-N,1.0,True,True
3459,XTFMZGLRKNVGSN-UHFFFAOYSA-N,1.0,True,True
3458,XTFMZGLRKNVGSN-UHFFFAOYSA-N,1.0,True,True
3457,XTFMZGLRKNVGSN-UHFFFAOYSA-N,1.0,True,True
3456,XTFMZGLRKNVGSN-UHFFFAOYSA-N,1.0,True,True
3455,ZNHJWWINKUGUKI-UHFFFAOYSA-N,1.0,True,True
3454,ZNHJWWINKUGUKI-UHFFFAOYSA-N,1.0,True,True
3453,ZNHJWWINKUGUKI-UHFFFAOYSA-N,1.0,True,True
3452,ZNHJWWINKUGUKI-UHFFFAOYSA-N,1.0,True,True
3451,FBESMAXFWMZKLU-UHFFFAOYSA-N,1.0,True,True
3450,FBESMAXFWMZKLU-UHFFFAOYSA-N,1.0,True,True
3449,FBESMAXFWMZKLU-UHFFFAOYSA-N,1.0,True,True
3448,FBESMAXFWMZKLU-UHFFFAOYSA-N,1.0,True,True
3447,KGOVKOKKVYFUAP-UHFFFAOYSA-N,1.0,True,True
3446,KGOVKOKKVYFUAP-UHFFFAOYSA-N,1.0,True,True
3445,KGOVKOKKVYFUAP-UHFFFAOYSA-N,1.0,True,True
3444,KGOVKOKKVYFUAP-UHFFFAOYSA-N,1.0,True,True
3443,PIJSUKFVTTZUBA-UHFFFAOYSA-N,1.0,True,True
3442,PIJSUKFVTTZUBA-UHFFFAOYSA-N,1.0,True,True
3441,PIJSUKFVTTZUBA-UHFFFAOYSA-N,1.0,True,True
3440,PIJSUKFVTTZUBA-UHFFFAOYSA-N,1.0,True,True
3439,LGICWZWRXNEGBB-UHFFFAOYSA-N,1.0,True,True
3438,LGICWZWRXNEGBB-UHFFFAOYSA-N,1.0,True,True
3437,LGICWZWRXNEGBB-UHFFFAOYSA-N,1.0,True,True
3436,LGICWZWRXNEGBB-UHFFFAOYSA-N,1.0,True,True
3435,LOMMSRKZDWHERH-UHFFFAOYSA-N,1.0,True,True
3434,LOMMSRKZDWHERH-UHFFFAOYSA-N,1.0,True,True
3433,LOMMSRKZDWHERH-UHFFFAOYSA-N,1.0,True,True
3432,LOMMSRKZDWHERH-UHFFFAOYSA-N,1.0,True,True
3431,RMDIWTMEVMFWCD-UHFFFAOYSA-N,1.0,True,True
3430,RMDIWTMEVMFWCD-UHFFFAOYSA-N,1.0,True,True
3429,RMDIWTMEVMFWCD-UHFFFAOYSA-N,1.0,True,True
3428,RMDIWTMEVMFWCD-UHFFFAOYSA-N,1.0,True,True
3427,JGWFFKIYBDZDFI-FIBGUPNXSA-N,1.0,True,True
3426,JGWFFKIYBDZDFI-FIBGUPNXSA-N,1.0,True,True
3425,JGWFFKIYBDZDFI-FIBGUPNXSA-N,1.0,True,True
3424,JGWFFKIYBDZDFI-FIBGUPNXSA-N,1.0,True,True
3423,JGWFFKIYBDZDFI-UHFFFAOYSA-N,1.0,True,True
3422,JGWFFKIYBDZDFI-UHFFFAOYSA-N,1.0,True,True
3421,JGWFFKIYBDZDFI-UHFFFAOYSA-N,1.0,True,True
3420,JGWFFKIYBDZDFI-UHFFFAOYSA-N,1.0,True,True
3419,JEZIYLSEQXNWRA-UHFFFAOYSA-N,1.0,True,True
3418,JEZIYLSEQXNWRA-UHFFFAOYSA-N,1.0,True,True
3417,JEZIYLSEQXNWRA-UHFFFAOYSA-N,1.0,True,True
3416,JEZIYLSEQXNWRA-UHFFFAOYSA-N,1.0,True,True
3415,OEFXJAQNDSQUOK-UHFFFAOYSA-N,1.0,True,True
3414,OEFXJAQNDSQUOK-UHFFFAOYSA-N,1.0,True,True
3413,OEFXJAQNDSQUOK-UHFFFAOYSA-N,1.0,True,True
3412,OEFXJAQNDSQUOK-UHFFFAOYSA-N,1.0,True,True
3411,NDNKSPHAWWCIPN-UHFFFAOYSA-N,1.0,True,True
3410,NDNKSPHAWWCIPN-UHFFFAOYSA-N,1.0,True,True
3409,NDNKSPHAWWCIPN-UHFFFAOYSA-N,1.0,True,True
3408,NDNKSPHAWWCIPN-UHFFFAOYSA-N,1.0,True,True
3407,MNFHBIPAWRKQNZ-UHFFFAOYSA-N,1.0,True,True
3406,MNFHBIPAWRKQNZ-UHFFFAOYSA-N,1.0,True,True
3405,MNFHBIPAWRKQNZ-UHFFFAOYSA-N,1.0,True,True
3404,MNFHBIPAWRKQNZ-UHFFFAOYSA-N,1.0,True,True
3403,WSTVJBZLYMTKOS-UHFFFAOYSA-N,1.0,True,True
3402,WSTVJBZLYMTKOS-UHFFFAOYSA-N,1.0,True,True
3401,WSTVJBZLYMTKOS-UHFFFAOYSA-N,1.0,True,True
3400,WSTVJBZLYMTKOS-UHFFFAOYSA-N,1.0,True,True
3399,YKFCLPVZTGRYIM-UHFFFAOYSA-N,1.0,True,True
3398,YKFCLPVZTGRYIM-UHFFFAOYSA-N,1.0,True,True
3397,YKFCLPVZTGRYIM-UHFFFAOYSA-N,1.0,True,True
3396,YKFCLPVZTGRYIM-UHFFFAOYSA-N,1.0,True,True
3395,YKIYHEYSHLGTGN-UHFFFAOYSA-N,1.0,True,True
3394,YKIYHEYSHLGTGN-UHFFFAOYSA-N,1.0,True,True
3393,YKIYHEYSHLGTGN-UHFFFAOYSA-N,1.0,True,True
3392,YKIYHEYSHLGTGN-UHFFFAOYSA-N,1.0,True,True
3391,HQPVSNNDCCRACJ-UHFFFAOYSA-N,1.0,True,True
3390,HQPVSNNDCCRACJ-UHFFFAOYSA-N,1.0,True,True
3389,HQPVSNNDCCRACJ-UHFFFAOYSA-N,1.0,True,True
3388,HQPVSNNDCCRACJ-UHFFFAOYSA-N,1.0,True,True
3387,VWHMKDZCZPXLDT-UHFFFAOYSA-N,1.0,True,True
3386,VWHMKDZCZPXLDT-UHFFFAOYSA-N,1.0,True,True
3385,VWHMKDZCZPXLDT-UHFFFAOYSA-N,1.0,True,True
3384,VWHMKDZCZPXLDT-UHFFFAOYSA-N,1.0,True,True
3383,CKMGIUWLLVZNLI-UHFFFAOYSA-N,1.0,True,True
3382,CKMGIUWLLVZNLI-UHFFFAOYSA-N,1.0,True,True
3381,CKMGIUWLLVZNLI-UHFFFAOYSA-N,1.0,True,True
3380,CKMGIUWLLVZNLI-UHFFFAOYSA-N,1.0,True,True
3379,DEHJLQBKFLXFQR-UHFFFAOYSA-N,1.0,True,True
3378,DEHJLQBKFLXFQR-UHFFFAOYSA-N,1.0,True,True
3377,DEHJLQBKFLXFQR-UHFFFAOYSA-N,1.0,True,True
63,LIRYPHYGHXZJBZ-UHFFFAOYSA-N,1.0,True,True
9652,OTURMENWHZXLHQ-UHFFFAOYSA-N,0.875,False,True
62,LIRYPHYGHXZJBZ-UHFFFAOYSA-N,1.0,True,True
61,BGFQUYBVDVRJSP-UHFFFAOYSA-N,0.27450980392156865,False,False
60,YOSSKNZHADPXJX-SNVBAGLBSA-N,1.0,True,True
59,CUCMIJQKFCWAPD-UHFFFAOYSA-N,0.75,False,False
58,GXTJETQFYHZHNB-GASCZTMLSA-N,1.0,True,True
57,PWBHUSLMHZLGRN-UHFFFAOYSA-N,1.0,True,True
56,YYJILEGPDDMZAV-UHFFFAOYSA-N,0.7755102040816326,False,False
55,SETFNECMODOHTO-UHFFFAOYSA-N,1.0,True,True
54,SLUYGGAVUSVJOT-VZCWQGFJSA-N,1.0,True,True
53,HOCBJBNQIQQQGT-LJQANCHMSA-N,1.0,True,True
51,SETFNECMODOHTO-UHFFFAOYSA-N,1.0,True,True
50,WWONFUQGBVOKOF-UHFFFAOYSA-N,1.0,True,True
19,ZEWQUBUPAILYHI-UHFFFAOYSA-N,0.4098360655737705,False,False
18,SLUYGGAVUSVJOT-VZCWQGFJSA-N,1.0,True,True
17,JLIDBLDQVAYHNE-YKALOCIXSA-N,1.0,True,True
16,CPPPKXWLPMKIJS-UHFFFAOYSA-N,1.0,True,True
15,JLIDBLDQVAYHNE-YKALOCIXSA-N,1.0,True,True
14,CPPPKXWLPMKIJS-UHFFFAOYSA-N,1.0,True,True
13,TXEIIPDJKFWEEC-UHFFFAOYSA-N,0.3,False,False
11,UYNVMODNBIQBMV-KKSFZXQISA-N,0.46296296296296297,False,False
10,JLIDBLDQVAYHNE-YKALOCIXSA-N,1.0,True,True
9,JLIDBLDQVAYHNE-YKALOCIXSA-N,1.0,True,True
8,JLIDBLDQVAYHNE-YKALOCIXSA-N,1.0,True,True
6,ZESUARCHWPARIF-HOTGVXAUSA-N,0.22727272727272727,False,False
20,MRVYFOANPDTYBY-YORTWTKJSA-N,0.7894736842105263,False,False
9668,MUTSZQYWIFDOLQ-UHFFFAOYSA-N,0.8591549295774648,False,True
9667,NWXUMWQLHHJVHU-UHFFFAOYSA-N,0.7837837837837838,False,False
9666,FNCCQNGLQPVZIO-UHFFFAOYSA-N,0.8846153846153846,False,True
9665,XVSMLBXRRAILJK-UHFFFAOYSA-N,0.8591549295774648,False,True
9664,IASBJYDDOCQAFI-UHFFFAOYSA-N,0.855072463768116,False,True
9663,OGJWHZYYRKJQOI-UHFFFAOYSA-N,0.875,False,True
9662,GYNJVZAEQWJNAR-UHFFFAOYSA-N,0.855072463768116,False,True
9661,KNEOLKMJLPZIPR-UHFFFAOYSA-N,0.9838709677419355,True,True
9660,VXCQGROMQCXPLV-UHFFFAOYSA-N,0.8674698795180723,False,True
9659,BSJZDNNWUFUVDA-UHFFFAOYSA-N,0.788235294117647,False,False
9658,JKLGSIQCKHYTTD-UHFFFAOYSA-N,0.8762886597938144,False,True
9657,SYTKFZUASBFTON-UHFFFAOYSA-N,0.8604651162790697,False,True
9656,MGPJPPHDVRFBMQ-UHFFFAOYSA-N,0.9875,True,True
9655,VSDUDXRVTVAKOG-UHFFFAOYSA-N,0.7641509433962265,False,False
9654,VYRFACUPHWFLHV-UHFFFAOYSA-N,0.7402597402597403,False,False
9653,IYUXBKRFBLWLOQ-UHFFFAOYSA-N,0.898876404494382,False,True
9684,VKXUHBYTBGNGEF-UHFFFAOYSA-N,0.8865979381443299,False,True
9683,NFUJXSXFODAHPP-UHFFFAOYSA-N,0.7037037037037037,False,False
9682,LVFJFEPVMFIPCH-UHFFFAOYSA-N,0.8865979381443299,False,True
9681,LAZKPZPCLZNIDQ-UHFFFAOYSA-N,0.8865979381443299,False,True
9680,WMDWOBRWOWKUPU-UHFFFAOYSA-N,0.8947368421052632,False,True
9679,SYWMNFSOXGYTPS-UHFFFAOYSA-N,0.8979591836734694,False,True
9678,QLYXPNPBYDYMNN-UHFFFAOYSA-N,0.8947368421052632,False,True
9677,OAHVRKAAAIHCMR-UHFFFAOYSA-N,0.8979591836734694,False,True
9676,HBXRQWRKTNQHBP-UHFFFAOYSA-N,0.8913043478260869,False,True
9675,KIYKIHALQQTWGS-UHFFFAOYSA-N,0.8817204301075269,False,True
9674,NKRSCZZKRPPAPC-UHFFFAOYSA-N,0.8913043478260869,False,True
9673,NRAIQKPEILEIAT-UHFFFAOYSA-N,0.8144329896907216,False,False
9672,BLYFAPCZWDYTND-UHFFFAOYSA-N,0.8282828282828283,False,False
9671,LQQOYNJELFVSOF-UHFFFAOYSA-N,0.8144329896907216,False,False
9670,WACCCKWEKMINCT-UHFFFAOYSA-N,0.9402985074626866,False,True
9669,YJFPQOMRZUSAKZ-UHFFFAOYSA-N,0.8144329896907216,False,False
9700,QXAHFSVAZFPWNI-UHFFFAOYSA-N,0.9594594594594594,True,True
9699,PKSWRBIFXJLMKL-UHFFFAOYSA-N,0.898876404494382,False,True
9698,QNBZCUCHLMFATJ-UHFFFAOYSA-N,0.6103896103896104,False,False
9697,WPQADJBPJPOUQI-UHFFFAOYSA-N,0.8589743589743589,False,True
9696,UVIGZENAFLYBTO-UHFFFAOYSA-N,0.8,False,False
9695,IUVVWSQHIGYFEQ-UHFFFAOYSA-N,0.875,False,True
9694,VQKVWEYQQROAAP-UHFFFAOYSA-N,0.8765432098765432,False,True
9693,BIJQUVZYCSMCLL-UHFFFAOYSA-N,0.8681318681318682,False,True
9692,ISHSSORVEDOQAL-UHFFFAOYSA-N,0.8765432098765432,False,True
9691,VRWWQZYTQULWPB-UHFFFAOYSA-N,0.8607594936708861,False,True
9690,WVBVCANBVPOYRM-UHFFFAOYSA-N,0.9333333333333333,False,True
9689,LBZHMCOZDQNWAY-UHFFFAOYSA-N,0.9594594594594594,True,True
9688,YXRKPCPOXCKLOD-UHFFFAOYSA-N,0.8974358974358975,False,True
9687,BVLGNRFTGSHKTH-UHFFFAOYSA-N,0.8974358974358975,False,True
9686,OPCUUAWLMYKVIU-UHFFFAOYSA-N,0.8865979381443299,False,True
9685,GFUWJPPRTYMVKF-UHFFFAOYSA-N,0.8865979381443299,False,True
9717,UQBFPEYENXLHEO-UHFFFAOYSA-N,0.8072289156626506,False,False
9716,LKQNSVPZJHWRCI-UHFFFAOYSA-N,0.8181818181818182,False,False
9715,BJLDIIYORCOCOA-UHFFFAOYSA-N,0.868421052631579,False,True
9714,QUKYVSGXTXMKSH-UHFFFAOYSA-N,0.85,False,False
9713,DNRZXVSPFATEQG-UHFFFAOYSA-N,0.868421052631579,False,True
9712,KUZFCLDBHGNMJJ-UHFFFAOYSA-N,0.85,False,False
9711,MCMRAGWCWKHNFR-UHFFFAOYSA-N,0.9069767441860465,False,True
9710,HSCUDVFPDKIEHD-UHFFFAOYSA-N,0.8736842105263158,False,True
9709,YHQGTKVQFXPHLD-UHFFFAOYSA-N,0.8736842105263158,False,True
9708,KPPNSVSVRIEGDN-MZEYTRHTSA-N,0.9090909090909091,False,True
9706,MJWQJWLVTOTGQD-PGIICWOASA-N,0.8461538461538461,False,False
9705,HWPOCYLIBOXXME-UHFFFAOYSA-N,0.8791208791208791,False,True
9704,FDNPFSODBNUSJL-UHFFFAOYSA-N,0.8791208791208791,False,True
9703,QYZNQBVVSLSCEK-CXWZDPMFSA-N,0.9534883720930233,True,True
9702,ASHYOAKOQUAYKN-NUQFZMSNSA-N,0.8,False,False
9701,WFDSXRIIWSEUBK-UHFFFAOYSA-N,0.9333333333333333,False,True
9733,XLZJBJRDPHFJHU-UHFFFAOYSA-N,1.0,True,True
9732,HHSXRZMPOFOJNS-UHFFFAOYSA-N,1.0,True,True
9731,ZLLDGLZWVGYRHP-UHFFFAOYSA-N,0.8,False,False
9730,XNERPVGKDWIBEX-UHFFFAOYSA-N,0.865979381443299,False,True
9729,UJAKUSLMIRERHU-UHFFFAOYSA-N,0.7653061224489796,False,False
9728,NHCUSDQJCHMTHB-UHFFFAOYSA-N,0.8936170212765957,False,True
9727,AYRBEYRCYAFXCF-UHFFFAOYSA-N,0.8888888888888888,False,True
9726,JUTPFKGATGQDQC-UHFFFAOYSA-N,0.9101123595505618,False,True
9725,QIQVSHJHBYDSIV-UHFFFAOYSA-N,0.8247422680412371,False,False
9724,ODOANSRPCINDHF-UHFFFAOYSA-N,0.865979381443299,False,True
9723,RAUDUVXYLHQDGX-UHFFFAOYSA-N,0.9120879120879121,False,True
9722,XHCPOZSFOZMPSR-UHFFFAOYSA-N,0.8936170212765957,False,True
9721,PLTMWBNOEIUFSM-UHFFFAOYSA-N,0.8172043010752689,False,False
9720,PQOFFXKEQFBRIO-UHFFFAOYSA-N,0.875,False,True
9719,IJRMIVVROWKHRE-UHFFFAOYSA-N,0.9120879120879121,False,True
9718,YOUOEDRBZFMCKQ-UHFFFAOYSA-N,0.9069767441860465,False,True
9749,SRZRDGJRFRJEED-UHFFFAOYSA-N,0.8987341772151899,False,True
9748,POBGCODRVVIIBR-UHFFFAOYSA-N,1.0,True,True
9747,MGXQXZKCYNUBJU-UHFFFAOYSA-N,0.9090909090909091,False,True
9746,KTLAHDOMTANCHP-UHFFFAOYSA-N,0.875,False,True
9745,GPFSWZWYOOQXJI-UHFFFAOYSA-N,0.7040816326530612,False,False
9744,XDKLYJFFQMMAHA-UHFFFAOYSA-N,0.92,False,True
9743,FCXSJYULKXWSRP-UHFFFAOYSA-N,1.0,True,True
9742,VDKLZKOEFDWKQD-UHFFFAOYSA-N,1.0,True,True
9741,IPRZMEFKTFEBRJ-UHFFFAOYSA-N,1.0,True,True
9740,PQSXZKQOGLZGCE-UHFFFAOYSA-N,1.0,True,True
9739,PYMPWWUYAFUKEV-UHFFFAOYSA-N,1.0,True,True
9738,HDKVMDQLWLZDPG-UHFFFAOYSA-N,1.0,True,True
9737,ISBNLDGWIGCPMH-UHFFFAOYSA-N,0.8933333333333333,False,True
9736,RJQDPYZOKMQXGR-UHFFFAOYSA-N,1.0,True,True
9735,HJDGIKLFDXSJLL-UHFFFAOYSA-N,1.0,True,True
9734,NUKLRAZNAVRBQF-UHFFFAOYSA-N,1.0,True,True
9765,HITQUSXPPVPXCP-UHFFFAOYSA-N,1.0,True,True
9764,WUFNBGUAJSHXMM-UHFFFAOYSA-N,0.7682926829268293,False,False
9763,BSBMYYUBIFNYLK-UHFFFAOYSA-N,0.9879518072289156,True,True
9762,WEQZDXMXSFBEMB-UHFFFAOYSA-N,0.8125,False,False
9761,YHHVWVUWVHQASR-UHFFFAOYSA-N,0.8235294117647058,False,False
9759,ZACQNZGUYMZCBV-UHFFFAOYSA-N,0.8085106382978723,False,False
9758,OUYLVCXBVZXTHJ-UHFFFAOYSA-N,0.8695652173913043,False,True
9757,CJBWOKPEAUOGQV-UHFFFAOYSA-N,0.8695652173913043,False,True
9756,QENRGRCFFJNPQX-UHFFFAOYSA-N,0.8241758241758241,False,False
9755,YVIVGWJETQQNBZ-UHFFFAOYSA-N,0.7804878048780488,False,False
9754,BNUMYLNTOLWZIM-UHFFFAOYSA-N,0.8181818181818182,False,False
9753,APWTUDFDRMEPEV-UHFFFAOYSA-N,1.0,True,True
9752,JUBWHCDQCBTLDV-UHFFFAOYSA-N,1.0,True,True
9751,VNOVOFAHGWCDOC-UHFFFAOYSA-N,1.0,True,True
9750,HKALUMSBYBRGQX-UHFFFAOYSA-N,1.0,True,True
9781,OYNWFGQWFILULQ-UHFFFAOYSA-N,0.8941176470588236,False,True
9780,SDYGEMWWEORLHU-UMXANAAKSA-N,0.8837209302325582,False,True
9779,KTXZYFKFBWVWLB-UHFFFAOYSA-N,0.9629629629629629,True,True
9778,GZWROXKHJAZNIY-UHFFFAOYSA-N,0.8089887640449438,False,False
9777,WLZRKULTLFXKES-UHFFFAOYSA-N,0.9012345679012346,False,True
9776,GYNQIPCJGKHRNY-UHFFFAOYSA-N,0.875,False,True
9775,NAVKMRYYBVGISJ-UHFFFAOYSA-N,0.8,False,False
9774,SBIHTFBENFMEBW-UHFFFAOYSA-N,0.9879518072289156,True,True
9773,SCEBSEQPLIJWBD-UHFFFAOYSA-N,0.8837209302325582,False,True
9772,HCHBSZYQOIBYRR-UHFFFAOYSA-N,0.6122448979591837,False,False
9771,IAYJSJSQYDDBIY-UHFFFAOYSA-N,0.7848101265822784,False,False
9770,BIEZHTNWEWKFFB-UHFFFAOYSA-N,0.77,False,False
9769,XLCZCBCKSZZQCW-UHFFFAOYSA-N,0.975,True,True
9768,UFEXXJCQAUUHPC-UHFFFAOYSA-N,0.9012345679012346,False,True
9767,UUZHAIPDNBPMPR-UHFFFAOYSA-N,0.851063829787234,False,True
9766,RPNOSTIQRKPAFF-UHFFFAOYSA-N,0.8095238095238095,False,False
9797,YBFQHOYHFGUOQA-UHFFFAOYSA-N,0.9876543209876543,True,True
9796,RGFVVWPJTRPCPX-UHFFFAOYSA-N,0.9629629629629629,True,True
9795,MKAXSBZOMNAWJG-UHFFFAOYSA-N,0.9629629629629629,True,True
9794,PFDFVNJEBNMTFQ-UHFFFAOYSA-N,0.9629629629629629,True,True
9793,ZOCCBHHFBLCJDW-UHFFFAOYSA-N,0.8690476190476191,False,True
9792,LNTQDDHISLVCFL-UHFFFAOYSA-N,0.8076923076923077,False,False
9791,RCVHTDRTHAZUBJ-UHFFFAOYSA-N,0.7604166666666666,False,False
9790,QHUPUFUCGNZEOT-UHFFFAOYSA-N,0.8222222222222222,False,False
9789,CDNBNBPGDQNYTA-UHFFFAOYSA-N,0.9285714285714286,False,True
9788,XBXOXYCBUMWAJO-UHFFFAOYSA-N,0.8051948051948052,False,False
9787,CNSDUMBPKMSFNG-UHFFFAOYSA-N,0.8051948051948052,False,False
9786,OJYNJXSLJWGPCN-UHFFFAOYSA-N,0.9259259259259259,False,True
9785,SUAUDVCGROWOCB-UHFFFAOYSA-N,0.9516129032258065,True,True
9784,MWTZPMAIQLRZHI-UHFFFAOYSA-N,0.9838709677419355,True,True
9783,SPBLZHHSLGFDGD-UHFFFAOYSA-N,0.7894736842105263,False,False
9782,WNSWMIIZAGBTPI-UHFFFAOYSA-N,0.9642857142857143,True,True
9812,IDZXGFNXFBWXJY-UHFFFAOYSA-N,0.8372093023255814,False,False
9811,SSMOVWQLLPWWNY-UHFFFAOYSA-N,0.9534883720930233,True,True
9810,WDOSAZMVFYKEPG-UHFFFAOYSA-N,0.9540229885057471,True,True
9809,VEYCMGASDLACGT-UHFFFAOYSA-N,0.9540229885057471,True,True
9808,ZDEOJIHVRZZQSM-UHFFFAOYSA-N,0.8481012658227848,False,False
9807,PCDODNMRVXTVIO-YZNASOPISA-N,1.0,True,True
9806,PCDODNMRVXTVIO-UHFFFAOYSA-N,1.0,True,True
9804,INOXNFAZSHURTI-UHFFFAOYSA-N,0.8690476190476191,False,True
9803,NGIXXFIFDXFPDR-UHFFFAOYSA-N,0.8313253012048193,False,False
9801,ZWUNDAAKRBKQRA-UHFFFAOYSA-N,0.9146341463414634,False,True
9800,TWQSGTSHSYUIDO-UHFFFAOYSA-N,0.825,False,False
9799,QVUFJOVJKPUIAQ-UHFFFAOYSA-N,0.8260869565217391,False,False
9798,FAUAXKSRHCUJAE-UHFFFAOYSA-N,0.9876543209876543,True,True
9829,DGBDQSMWQXVZTL-UHFFFAOYSA-N,0.8823529411764706,False,True
9828,NPXBYSOTESGQQO-UHFFFAOYSA-N,0.872093023255814,False,True
9827,AQUDFOVFRUBEJH-UHFFFAOYSA-N,0.872093023255814,False,True
9824,SOQLIGKXRZWNFC-UHFFFAOYSA-N,0.872093023255814,False,True
9821,IZTSEBJQIZFCJG-UHFFFAOYSA-N,0.9324324324324325,False,True
9820,BYQZOHVDQUBBSU-UHFFFAOYSA-N,0.9324324324324325,False,True
9819,HZLQUDUHBZFHFN-UHFFFAOYSA-N,1.0,True,True
9818,HZLQUDUHBZFHFN-KDDNTLDISA-N,1.0,True,True
9817,KFWCCBWGRZQOIF-UHFFFAOYSA-N,0.8636363636363636,False,True
9816,ZYMAGWTZXHZHJX-UHFFFAOYSA-N,1.0,True,True
9815,ZYMAGWTZXHZHJX-BBRVCBBTSA-N,1.0,True,True
9845,LGCXUJSZDSXVDS-UHFFFAOYSA-N,0.8804347826086957,False,True
9843,SANATTDKYVBKAA-UHFFFAOYSA-N,0.8780487804878049,False,True
9842,SVNKPHCXTDHQAQ-UHFFFAOYSA-N,0.8823529411764706,False,True
9841,MTBLYZCTLVXDLP-UHFFFAOYSA-N,0.9310344827586207,False,True
9840,TWLJEHLSCQYPNH-UHFFFAOYSA-N,1.0,True,True
9839,LWGBBZZMHSJVJD-UHFFFAOYSA-N,0.9310344827586207,False,True
9838,XQSWGUPWGBZZLQ-UHFFFAOYSA-N,0.8780487804878049,False,True
9837,GJKKUBNERIADAG-UHFFFAOYSA-N,0.8481012658227848,False,False
9836,UUQIWLPQMZWJKJ-UHFFFAOYSA-N,0.9529411764705882,True,True
9834,CEFVTHLMFHRFSS-UHFFFAOYSA-N,0.9186046511627907,False,True
9833,VREUVAMDLRNDSQ-UHFFFAOYSA-N,0.8651685393258427,False,True
9831,FMTBNVOEGTVYMX-UHFFFAOYSA-N,0.8941176470588236,False,True
9861,ULWIEZNLNVWZCA-UHFFFAOYSA-N,0.9540229885057471,True,True
9860,LCLPRZNBIQVNCD-UHFFFAOYSA-N,0.8695652173913043,False,True
9859,JKYFJVDLYFCBKJ-UHFFFAOYSA-N,0.8588235294117647,False,True
9858,CUGVEWMJADGCSP-UHFFFAOYSA-N,1.0,True,True
9857,YKFWHVKECSAYTN-CYVJKSBLSA-N,0.851063829787234,False,True
9856,KWOLPIXHOSVBCG-BVFBWVIESA-N,0.8705882352941177,False,True
9855,CNNYKHKBQBBSJX-ICRPUXOXSA-N,0.8588235294117647,False,True
9854,ANTXTJPWIMMWOQ-FXMCQINMSA-N,0.9012345679012346,False,True
9853,CYMWXUFBOMFNHR-UHFFFAOYSA-N,0.8554216867469879,False,True
9852,YSVKKOUGRXQQAN-UHFFFAOYSA-N,0.8586956521739131,False,True
9850,SCKJKGPSDXJARN-UHFFFAOYSA-N,0.8791208791208791,False,True
9849,YTSQXFBZJONYIB-UHFFFAOYSA-N,0.8470588235294118,False,False
9848,HBROREDEHLNQBB-UHFFFAOYSA-N,0.81,False,False
9847,CTAHTFSABCVWOL-UHFFFAOYSA-N,0.851063829787234,False,True
9846,SKXMORSOJMDOLX-UHFFFAOYSA-N,0.8804347826086957,False,True
9877,YDBFEJBIRALESY-NSWDLBSPSA-N,0.8620689655172413,False,True
9876,JRYLLHNUWNGQAZ-NISNWDMPSA-N,0.8620689655172413,False,True
9875,KKQCAJRPXDCLAG-SAUHNJPHSA-N,0.9230769230769231,False,True
9874,FPFQZBSNPCCRFQ-OGZZJEAYSA-N,0.9,False,True
9873,FLKGYQXJXGSRLF-UHFFFAOYSA-N,0.9113924050632911,False,True
9872,TZSLBJRLDOFCGR-KMGBJVEQSA-N,0.8552631578947368,False,True
9871,QUEVIBCCOSYWSK-BVFBWVIESA-N,0.9146341463414634,False,True
9870,VGLRFGFILLWXNE-UHFFFAOYSA-N,0.9186046511627907,False,True
9869,HFMQOMHSIQBMDG-UHFFFAOYSA-N,0.8472222222222222,False,False
9868,GYXPEDHHDUONLD-MLBCRWDJSA-N,0.8791208791208791,False,True
9867,CKVQFEVBLRTHSX-UHFFFAOYSA-N,0.8842105263157894,False,True
9866,FKBNGLSUJSWKTI-UHFFFAOYSA-N,0.8315789473684211,False,False
9865,WNGPPATVCSXQDJ-UHFFFAOYSA-N,0.8842105263157894,False,True
9864,VCEGUIPWALYWGE-BHVVZZKQSA-N,1.0,True,True
9863,BKHKFPIBMXDLKQ-UHFFFAOYSA-N,0.8987341772151899,False,True
9862,LYZZRWGAGPTLEL-UHFFFAOYSA-N,0.8987341772151899,False,True
9893,LBCVCSCRQACLPT-WLSSBDSASA-N,0.868421052631579,False,True
9892,YRDAEXXGDFMHRC-LVUWARKWSA-N,0.8441558441558441,False,False
9891,OELMYHMFFOLBTN-UHFFFAOYSA-N,0.8461538461538461,False,False
9890,QZFRYKIHVOYPLO-FPEFRKQASA-N,0.868421052631579,False,True
9889,BSMICAYKEIBNRS-BBJQKGHDSA-N,0.9012345679012346,False,True
9888,HAWBWKIVNRRROE-JXVVUMDTSA-N,0.85,False,False
9887,AMKNNKHHVHRGQS-AYRPRJNTSA-N,0.898876404494382,False,True
9886,WRIDWGFVNMKTPB-UHFFFAOYSA-N,0.8133333333333334,False,False
9885,CFPDEQNALCXVMU-UHFFFAOYSA-N,0.85,False,False
9884,JJZNRPLAENPXQS-FXMCQINMSA-N,0.9125,False,True
9883,SASDXOWCOCMTTG-WUOMLIBCSA-N,0.8505747126436781,False,True
9882,WAJAGBXNTAFLGT-UHFFFAOYSA-N,1.0,True,True
9881,RNKQDLRXAVBSHR-UHFFFAOYSA-N,0.8505747126436781,False,True
9880,JBQMJTAXTXQJKM-UHFFFAOYSA-N,0.8313253012048193,False,False
9879,WNORGKCSGYPXSM-HJOAWVTASA-N,0.8648648648648649,False,True
9878,JEIGZVLYCGRGRV-UHFFFAOYSA-N,0.8271604938271605,False,False
9909,JILVYQAOHJCBBR-XZTDTORKSA-N,0.8571428571428571,False,True
9908,SRHYAZZOUJNLES-UHFFFAOYSA-N,0.8831168831168831,False,True
9907,MLDMVYVKEVUPOH-UHFFFAOYSA-N,0.8,False,False
9906,RVWAJOJLNLYZBR-QPTXWCAFSA-N,0.9375,False,True
9905,QBVAMTOTQLLNJK-KJJYBEIGSA-N,0.8611111111111112,False,True
9904,HDJFIZLHUZPWNG-QCBIGHABSA-N,0.8695652173913043,False,True
9903,OGALHFONNZODFH-UHFFFAOYSA-N,0.8695652173913043,False,True
9902,UYHNQUVNGHCKDY-KJJYBEIGSA-N,0.8840579710144928,False,True
9901,KDHQOWSWYASLQS-UHFFFAOYSA-N,0.8552631578947368,False,True
9900,KOYIZSVTQCXZEK-YHMAVIRVSA-N,0.8461538461538461,False,False
9899,DDWPJUHHNKZOIZ-UHFFFAOYSA-N,0.8641975308641975,False,True
9898,CRRJPYKKPKIFLM-JXVVUMDTSA-N,0.8571428571428571,False,True
9897,MFVHYXZJNVABKV-PGIICWOASA-N,0.891566265060241,False,True
9896,PIIHGZAQSXABEI-WLSSBDSASA-N,0.8461538461538461,False,False
9895,XOHQYWCELHCQQC-JWHLOJAPSA-N,0.9012345679012346,False,True
9894,HVVWXQKJWQDYHS-KQBWPFMESA-N,0.972972972972973,True,True
9925,BZIUXGAARMOORJ-UHFFFAOYSA-N,0.8395061728395061,False,False
9924,VUHYBYOXDAQQJS-WAJZRPDGSA-N,0.8433734939759037,False,False
9923,DJKIXKIJDXLCKG-UHFFFAOYSA-N,0.8554216867469879,False,True
9922,JAOUEXALUHFTAH-YVZAFYPESA-N,0.8205128205128205,False,False
9921,VNZQGBAHJFKEEE-ZHANSZQMSA-N,0.9113924050632911,False,True
9920,QGVLLAIJDMFGSW-UHFFFAOYSA-N,0.868421052631579,False,True
9919,NSWACSXCTCYGFF-UHFFFAOYSA-N,0.8974358974358975,False,True
9918,FAYNZFRXIZKPNF-BVFBWVIESA-N,0.8375,False,False
9917,KKBWNJTXHNIQAU-UHFFFAOYSA-N,0.9113924050632911,False,True
9916,DUMUKGZQERYQAT-UHFFFAOYSA-N,0.8974358974358975,False,True
9915,UUXJPDWFOCXLHK-BBRVCBBTSA-N,0.8292682926829268,False,False
9914,POFTUXHRWRROBM-XZTDTORKSA-N,0.8375,False,False
9913,JCCNJXJLOKJDST-PGIICWOASA-N,0.8354430379746836,False,False
9912,OIXAGSKUDXBZRS-FUHWPHGUSA-N,0.8354430379746836,False,False
9911,OLMBUOVWWSMLEO-PGIICWOASA-N,0.8888888888888888,False,True
9910,IOIQUGWVUYRWMR-UHFFFAOYSA-N,0.8666666666666667,False,True
9941,SCPZNNOFCIJQIS-HPYUCUKISA-N,0.8604651162790697,False,True
9940,AKTFXWPXGVOUFP-RDFSAGPWSA-N,0.8554216867469879,False,True
9939,BLOHQVUBDAVUTO-UHFFFAOYSA-N,0.8554216867469879,False,True
9938,JGWYQGVVCWNTKE-XUFQXJAUSA-N,0.868421052631579,False,True
9937,PMYCKDMMWIIFPA-BBJQKGHDSA-N,0.8690476190476191,False,True
9936,NQAMUYSVRHHNFS-UHFFFAOYSA-N,0.8571428571428571,False,True
9935,NKTWNWZQSZTRHT-UHFFFAOYSA-N,0.8674698795180723,False,True
9934,ABNRZHQTMQNHQL-HPYUCUKISA-N,0.8674698795180723,False,True
9933,HEGJPVXHPHEAMQ-UHFFFAOYSA-N,0.8571428571428571,False,True
9932,NBJQWABSPDEJEO-RDFSAGPWSA-N,0.8571428571428571,False,True
9931,NCFAAZVMFBNUKX-UHFFFAOYSA-N,0.8571428571428571,False,True
9930,XNBXPSAPJQBCHL-UHFFFAOYSA-N,0.8048780487804879,False,False
9929,PATCRMMTRYCEOC-FJHWNGQUSA-N,0.9036144578313253,False,True
9928,SWHKRTSQBXCVMZ-UHFFFAOYSA-N,0.8048780487804879,False,False
9927,WRSFWAKUJZLNBL-LVUWARKWSA-N,0.8552631578947368,False,True
9926,OOWPQHSSLYFMDE-FUHWPHGUSA-N,0.8356164383561644,False,False
9957,ZTAYIWRKFGMZLG-UHFFFAOYSA-N,0.7972972972972973,False,False
9956,KMPSNRMGFAFKHD-UHFFFAOYSA-N,0.7971014492753623,False,False
9955,IOLJVTXKVSDYRS-UHFFFAOYSA-N,0.9402985074626866,False,True
9954,ZRAGAWKJMAJUKD-UHFFFAOYSA-N,0.8588235294117647,False,True
9953,ZXESGHINHNMHPN-UHFFFAOYSA-N,0.8588235294117647,False,True
9952,GZSSDMDUIZTGES-UHFFFAOYSA-N,0.8734177215189873,False,True
9951,GIOMHTOJGRMOKN-UHFFFAOYSA-N,0.9534883720930233,True,True
9950,UXGDQOBEYAIXNH-UHFFFAOYSA-N,0.7948717948717948,False,False
9949,RXBLOOPSVFKXKE-UHFFFAOYSA-N,0.8831168831168831,False,True
9948,SUXBTKVHXACDPI-WCVSPVLWSA-N,0.85,False,False
9947,YKSNCDZDQKBXQU-DVXRJDAVSA-N,0.8192771084337349,False,False
9946,FHVJWDZVOKLMGI-YHMAVIRVSA-N,0.8375,False,False
9945,KUMQQWQFADENCS-PEGMDALASA-N,0.972972972972973,True,True
9944,YZCJQJPOICNKAY-UHFFFAOYSA-N,0.8170731707317073,False,False
9943,UYUQBHFNMLKHCT-XUFQXJAUSA-N,0.868421052631579,False,True
9942,SEOBFXVITPJXQT-FUHWPHGUSA-N,0.8481012658227848,False,False
9973,CVNYXIFLDYTNOY-UHFFFAOYSA-N,0.7746478873239436,False,False
9972,DKBDVQRNBJGFIM-UHFFFAOYSA-N,0.9152542372881356,False,True
9971,RAUUJGTVSHFRQZ-UHFFFAOYSA-N,0.7746478873239436,False,False
9970,FKMUPQYKXOFLNH-UHFFFAOYSA-N,0.855072463768116,False,True
9969,AQOKARHCJHWCBI-UHFFFAOYSA-N,0.9166666666666666,False,True
9968,YLGKWIXHRAMYCK-UHFFFAOYSA-N,0.9152542372881356,False,True
9967,QLVCNLKENMTYKY-UHFFFAOYSA-N,0.8953488372093024,False,True
9966,UYZBJCFMTWANBE-KJJYBEIGSA-N,0.8589743589743589,False,True
9964,NPVPUOKWTROBPX-UHFFFAOYSA-N,0.975,True,True
9963,GRYCAUDFYNBOTE-UHFFFAOYSA-N,0.9605263157894737,True,True
9962,MXGKRULJDMHSMK-UHFFFAOYSA-N,0.975,True,True
9961,UQDPVUJZSOQHNA-UHFFFAOYSA-N,0.8505747126436781,False,True
9960,TZTXHIOWENTLTN-UHFFFAOYSA-N,0.9875,True,True
9959,GEKLETKVLWAJHK-UHFFFAOYSA-N,0.7439024390243902,False,False
9958,BZZKCGHSIWDMDA-UHFFFAOYSA-N,0.7972972972972973,False,False
9989,SGCZOCFIOCPQAP-UHFFFAOYSA-N,0.6666666666666666,False,False
9988,OEUCWNCJKKWDFJ-UHFFFAOYSA-N,0.8795180722891566,False,True
9987,OIFSDRFSMIYTNS-UHFFFAOYSA-N,0.9166666666666666,False,True
9986,BYMQTUAIPLHSJE-UHFFFAOYSA-N,0.7528089887640449,False,False
9985,GQUMOYBJVVNSGS-UHFFFAOYSA-N,0.855072463768116,False,True
9984,JRSKUMGEQXKLDP-UHFFFAOYSA-N,0.8875,False,True
9983,RSXOICCZFXVARW-UHFFFAOYSA-N,0.7528089887640449,False,False
9982,NBKUYDLCGVTKMF-UHFFFAOYSA-N,0.9142857142857143,False,True
9981,GLYZEHOUTQTAQH-UHFFFAOYSA-N,0.9166666666666666,False,True
9980,KUAWEYNUIQEIAX-UHFFFAOYSA-N,0.9605263157894737,True,True
9979,MFGPNCNXBGQTBO-UHFFFAOYSA-N,0.8953488372093024,False,True
9978,FYXRSCFCWVFULH-FPEFRKQASA-N,0.8607594936708861,False,True
9977,NKERKXGIOLRIEA-UHFFFAOYSA-N,0.6741573033707865,False,False
9976,JGXITGWKYJBDND-UHFFFAOYSA-N,1.0,True,True
9975,CEWBESHAHADOCU-UHFFFAOYSA-N,0.9142857142857143,False,True
9974,WIDKCTXJOOMFJU-UHFFFAOYSA-N,0.7534246575342466,False,False
10005,DZJRVLIAAOTOMX-UHFFFAOYSA-N,0.9285714285714286,False,True
10004,NOBSCHRUYINIRM-UHFFFAOYSA-N,0.8441558441558441,False,False
10003,RLSGLVPCOCSSPG-UHFFFAOYSA-N,0.8208955223880597,False,False
10002,VJIZVJDSEQJLDE-UHFFFAOYSA-N,0.8461538461538461,False,False
10001,MGMCKGMNOCBHTJ-UHFFFAOYSA-N,0.7631578947368421,False,False
10000,TYCJBBFPKHTWRX-UHFFFAOYSA-N,0.8441558441558441,False,False
9999,BWVSKRGWVDYNNL-UHFFFAOYSA-N,0.8795180722891566,False,True
9998,IPOFGNTWQXGYCU-UHFFFAOYSA-N,0.8961038961038961,False,True
9997,MZQGMVNYNJCDBA-UHFFFAOYSA-N,0.9855072463768116,True,True
9996,FWFWUMHHPUCRJY-UHFFFAOYSA-N,0.9166666666666666,False,True
9995,DFOAIRBKKYCTRK-UHFFFAOYSA-N,0.6666666666666666,False,False
9994,NFZADJZYFBJPTN-UHFFFAOYSA-N,0.868421052631579,False,True
9993,YJRLYDUYPJUHHB-UHFFFAOYSA-N,1.0,True,True
9992,ZYVGNFQVRLFANF-UHFFFAOYSA-N,0.9565217391304348,True,True
9991,FGOHJLIYVJIZMH-UHFFFAOYSA-N,0.7763157894736842,False,False
9990,KHMWAYWFUHLACK-UHFFFAOYSA-N,0.868421052631579,False,True
10021,WHTCLUQDIRILHV-UHFFFAOYSA-N,0.8837209302325582,False,True
10020,OFWBEAADLVNAND-UHFFFAOYSA-N,0.8837209302325582,False,True
10019,OSLAAWAHMZWEDS-UHFFFAOYSA-N,0.9146341463414634,False,True
10018,DIGXAAXKTAZFIT-UHFFFAOYSA-N,0.8735632183908046,False,True
10017,CISNLARRQCIZCI-UHFFFAOYSA-N,0.7721518987341772,False,False
10016,WMJNSXBCMDOWIN-UHFFFAOYSA-N,0.975,True,True
10015,YHOHOIOBNOVINX-UHFFFAOYSA-N,0.9090909090909091,False,True
10014,HYNNHPKTEMHWMP-UHFFFAOYSA-N,0.8734177215189873,False,True
10013,CEPQKZHYVMBPGU-UHFFFAOYSA-N,0.8625,False,True
10012,ZIMXTJGNLJZKHA-UHFFFAOYSA-N,1.0,True,True
10011,KKEHKNVDKDYFIN-UHFFFAOYSA-N,1.0,True,True
10010,WHOPWBSIOSCLLT-UHFFFAOYSA-N,0.8333333333333334,False,False
10009,OIHGJZCDWJGZRP-UHFFFAOYSA-N,0.7352941176470589,False,False
10008,LHIVBOXDHAWIPS-UHFFFAOYSA-N,0.8961038961038961,False,True
10007,SIFCMJODANYIPX-UHFFFAOYSA-N,0.7464788732394366,False,False
10006,GKVDCUVNEBYIAR-UHFFFAOYSA-N,0.7532467532467533,False,False
10037,ZSBQDPBOKVMSOK-PRXVOJAISA-N,0.8313253012048193,False,False
10036,CUGVEWMJADGCSP-YVVAXYLRSA-N,1.0,True,True
10035,LMRDCOSHMPUCHE-UHFFFAOYSA-N,0.8636363636363636,False,True
10034,SOSHSSDMRSNCQW-UHFFFAOYSA-N,0.73,False,False
10033,XXJGHGTYDOAZAT-UHFFFAOYSA-N,0.9540229885057471,True,True
10032,YWMHZFNNDXYPRH-UHFFFAOYSA-N,1.0,True,True
10031,DQUOLONEGSOKIK-UHFFFAOYSA-N,0.8658536585365854,False,True
10030,SBVFQKQQLBNSMR-UHFFFAOYSA-N,0.9259259259259259,False,True
10029,XZWHHPYYXJZROJ-UHFFFAOYSA-N,0.8636363636363636,False,True
10028,JPOJVPKQHUJWMI-UHFFFAOYSA-N,0.8433734939759037,False,False
10027,VDWVMBOIYOHQMB-UHFFFAOYSA-N,1.0,True,True
10026,TYLNOHOMBQEOLT-UHFFFAOYSA-N,0.9259259259259259,False,True
10025,SDXOBTGVWFOJSK-UHFFFAOYSA-N,0.9146341463414634,False,True
10024,VBYMMXBQNYRIEW-UHFFFAOYSA-N,0.8354430379746836,False,False
10023,BFFLZBPXPSWYJR-UHFFFAOYSA-N,0.8611111111111112,False,True
10022,GERCUFAGMYLRSA-UHFFFAOYSA-N,1.0,True,True
10053,ZWXNMFOGPQGWDG-POGIQINHSA-N,0.8554216867469879,False,True
10052,TWLJEHLSCQYPNH-KRUBAJIPSA-N,1.0,True,True
10051,AFEHBSNUZSXPPX-UHFFFAOYSA-N,0.8526315789473684,False,True
10050,WAJAGBXNTAFLGT-ITWWZVDYSA-N,1.0,True,True
10049,VTIFNDPWNRMUBF-UHFFFAOYSA-N,0.9540229885057471,True,True
10048,YWMHZFNNDXYPRH-LFZKOFEJSA-N,1.0,True,True
10047,URGOTZSDKWLRJI-XEGUOTLXSA-N,0.8061224489795918,False,False
10046,HSQJMOSFQGFCCD-UHFFFAOYSA-N,0.9010989010989011,False,True
10045,HMNGSCWETBIFIZ-COULWGOZSA-N,0.9010989010989011,False,True
10044,CITTWYZPDXHSOI-KEDFPGSXSA-N,0.875,False,True
10043,ZLXOIJYXXVXGDA-UHFFFAOYSA-N,0.8586956521739131,False,True
10042,RYVOGGOHIRAKRU-WXSMQKHRSA-N,0.8804347826086957,False,True
10041,HQURFLOSJGTCRZ-UHFFFAOYSA-N,0.8804347826086957,False,True
10040,FFSZNMKBVCIVCY-WXSMQKHRSA-N,0.8804347826086957,False,True
10038,UWBYXODLFGMQRQ-YDDVGFCVSA-N,1.0,True,True
10069,BKQOFENJYPGPTM-UHFFFAOYSA-N,0.9540229885057471,True,True
10068,TVYOSCBTXPQILH-YDDVGFCVSA-N,0.898876404494382,False,True
10067,KCYLHDGTVJOPAB-CFUPMNRXSA-N,1.0,True,True
10066,MHBGJNAWQQETII-UHFFFAOYSA-N,1.0,True,True
10065,YQDMUYPWRSQQEX-AYZHEMHUSA-N,0.8901098901098901,False,True
10064,NVCWSQNCTLBASR-UHFFFAOYSA-N,0.8888888888888888,False,True
10063,NUCXHBREGZSNNA-CYVJKSBLSA-N,0.8695652173913043,False,True
10062,UWBYXODLFGMQRQ-OXNBDGMLSA-N,1.0,True,True
10061,SITAQPNAQTWQPS-XEMOTPFLSA-N,0.8588235294117647,False,True
10060,QKLZHQSLBQLXBO-UHFFFAOYSA-N,0.8620689655172413,False,True
10059,OPYHCDDJTVABGC-VWBHJOLTSA-N,0.9550561797752809,True,True
10058,MHBGJNAWQQETII-KDDNTLDISA-N,1.0,True,True
10057,KCYLHDGTVJOPAB-KDDNTLDISA-N,1.0,True,True
10055,XMOQXFVNMCQECH-UHFFFAOYSA-N,0.8333333333333334,False,False
10054,RGUDMVQITMNJQT-UHFFFAOYSA-N,0.8333333333333334,False,False
10085,KNJSDIVNUSMCEE-FFGLONOLSA-N,0.8873239436619719,False,True
10084,BMKNTDYKHVIRBT-FJHWNGQUSA-N,0.9230769230769231,False,True
10083,LMSUHBWJGUWTOD-JRNRERIHSA-N,0.8461538461538461,False,False
10082,LZIASWSAMLOTLD-GWNKNXIMSA-N,0.9375,False,True
10081,SRUYKCDYDRCNMN-SUBVVYJRSA-N,0.8311688311688312,False,False
10080,FNTPBEUNQBHLJM-KJJYBEIGSA-N,0.8461538461538461,False,False
10079,IILXZGYRDBIOTJ-XZTDTORKSA-N,0.8309859154929577,False,False
10078,GJTYFDUSCCMVDZ-UHFFFAOYSA-N,0.891566265060241,False,True
10077,FZGIMHYZUXKNKW-BBJQKGHDSA-N,0.8987341772151899,False,True
10076,TXLSZHAEWYSSHY-SUBVVYJRSA-N,0.8311688311688312,False,False
10075,GYGNIFRZQORPDQ-HJOAWVTASA-N,0.875,False,True
10074,SXZRVOKPZDTNPT-UHFFFAOYSA-N,0.8271604938271605,False,False
10073,VKEQHIVBPDLFJF-UHFFFAOYSA-N,0.8620689655172413,False,True
10072,OLXWFQYKNXDNKK-UHFFFAOYSA-N,0.8289473684210527,False,False
10071,YYHNITOGUDLTJJ-VWBHJOLTSA-N,0.8901098901098901,False,True
10070,MMDRBEUBFRMJMR-HXIHIWQDSA-N,0.8289473684210527,False,False
10101,GRMHDGOALAQNQV-UHFFFAOYSA-N,0.9534883720930233,True,True
10100,FNDSYTKJGLHDTM-UHFFFAOYSA-N,0.9534883720930233,True,True
10099,SXFCOZXJTKMQEX-UHFFFAOYSA-N,0.8518518518518519,False,True
10098,MOUNORBGCYRDME-UHFFFAOYSA-N,0.7439024390243902,False,False
10097,KELFDKBOFHOXNW-JAZIGOCYSA-N,0.8970588235294118,False,True
10096,KEOGMFRGEMLPDS-UHFFFAOYSA-N,0.875,False,True
10095,CLQTVUCFXMRAQN-UHFFFAOYSA-N,0.8356164383561644,False,False
10094,CEIWUXOKGQOHMQ-NNIRVXBTSA-N,0.8611111111111112,False,True
10093,DJDYIMFEHVQXEE-NNIRVXBTSA-N,0.8714285714285714,False,True
10092,CRALZZLUPRAKMZ-HJOAWVTASA-N,0.8873239436619719,False,True
10091,UJAWWILFJBUTGD-UHFFFAOYSA-N,0.9036144578313253,False,True
10090,MMRNGXFMHOJHGH-UHFFFAOYSA-N,0.8395061728395061,False,False
10089,INDDGEMUDMZJNU-UHFFFAOYSA-N,0.875,False,True
10088,SDCIYZYJTKGTOL-POGIQINHSA-N,0.9125,False,True
10087,UBUSYXJKSWFSEK-UHFFFAOYSA-N,0.9859154929577465,True,True
10086,JLFUDGQPJGWUPQ-UHFFFAOYSA-N,0.8533333333333334,False,True
10117,PVSLXXOYJXROQS-UHFFFAOYSA-N,0.8333333333333334,False,False
10116,JGRZAKOSOQEWIQ-UHFFFAOYSA-N,0.8421052631578947,False,False
10115,MVEHXGXXMUTQOB-UHFFFAOYSA-N,0.7560975609756098,False,False
10114,WXRLLEJMGAADQF-UHFFFAOYSA-N,0.9857142857142858,True,True
10113,IZHNQXWQEXOISH-UHFFFAOYSA-N,0.8172043010752689,False,False
10112,BIFSCTKXGAUFOD-ROTXOPPQSA-N,0.8082191780821918,False,False
10111,WJWUBRZRWNLSRK-ROTXOPPQSA-N,1.0,True,True
10110,WJWUBRZRWNLSRK-UNBKKOSXSA-N,1.0,True,True
10109,APRHYDQXGNWNLV-ZOAVOYSBSA-N,0.8533333333333334,False,True
10108,LLNCIBLWYJOTOF-BVFBWVIESA-N,0.8227848101265823,False,False
10107,YJVYDGPBOFULMH-UNBKKOSXSA-N,0.8082191780821918,False,False
10106,FTGRSZJSZMDIFZ-UHFFFAOYSA-N,0.7439024390243902,False,False
10105,KABLAMPUTLBMFP-JAZIGOCYSA-N,0.9846153846153847,True,True
10104,WHVQSHMWRMOOOF-PGIICWOASA-N,0.9342105263157895,False,True
10103,ZNJCGICALBEONF-UHFFFAOYSA-N,0.918918918918919,False,True
10102,DUTZWLVZQJDYTN-YHMAVIRVSA-N,0.8051948051948052,False,False
10133,XFCZSCARYFQNFB-UHFFFAOYSA-N,0.855072463768116,False,True
10132,KZPBABDSHTVELL-UHFFFAOYSA-N,0.8260869565217391,False,False
10131,UKLGNAXBZIJZOY-FFGLONOLSA-N,0.8414634146341463,False,False
10130,DZHCPPBSUPVQFN-UHFFFAOYSA-N,0.9876543209876543,True,True
10129,WNUAUUGTYFSBME-UHFFFAOYSA-N,0.8023255813953488,False,False
10128,OQSMNKJYUSMFKZ-UHFFFAOYSA-N,0.8695652173913043,False,True
10127,CGOSTRCSHPPBAF-UHFFFAOYSA-N,0.8695652173913043,False,True
10126,BGDQCQADSQRPQT-UHFFFAOYSA-N,0.8805970149253731,False,True
10125,INLWHPBVPOZVKK-UHFFFAOYSA-N,0.8591549295774648,False,True
10124,PIANGYXNIJZFBS-UHFFFAOYSA-N,0.8333333333333334,False,False
10123,XQVAJNQUKLICGA-UHFFFAOYSA-N,0.8333333333333334,False,False
10122,KSSXFLAEXIJXBU-UHFFFAOYSA-N,0.926829268292683,False,True
10121,IUYBUBWOGFKDLY-UHFFFAOYSA-N,0.9876543209876543,True,True
10120,PFFMCIPIBSHBRJ-UHFFFAOYSA-N,0.6162790697674418,False,False
10119,CZEUMEMFHLZXRP-UHFFFAOYSA-N,0.7866666666666666,False,False
10118,WNHHTCOSCARPIW-UHFFFAOYSA-N,0.8205128205128205,False,False
10149,NZYPWNCDAMQILK-UHFFFAOYSA-N,0.9113924050632911,False,True
10148,PHGXLIZOTHKPEP-UHFFFAOYSA-N,0.9113924050632911,False,True
10147,MZRSWFBICGMXJS-UHFFFAOYSA-N,0.8333333333333334,False,False
10146,ZUSXEENHVDDODK-UHFFFAOYSA-N,0.8085106382978723,False,False
10145,OTPRVTYYRPAZPF-UHFFFAOYSA-N,0.7808219178082192,False,False
10144,CDEMIZFTGIEGMD-UHFFFAOYSA-N,0.76,False,False
10143,CSZDWHPGZUXSCM-UHFFFAOYSA-N,0.7808219178082192,False,False
10142,PBQRJKBHPNEBLN-UHFFFAOYSA-N,0.8428571428571429,False,False
10141,WWXRYSCJANSXCN-UHFFFAOYSA-N,0.8428571428571429,False,False
10140,HDXDJKKRSWOFIQ-UHFFFAOYSA-N,0.9473684210526315,False,True
10139,XFHKVDVSIQJZFD-UHFFFAOYSA-N,0.8333333333333334,False,False
10138,UDKQMBXUMCBRRE-UHFFFAOYSA-N,0.7536231884057971,False,False
10137,BMIZSMRABNYNTQ-UHFFFAOYSA-N,0.8,False,False
10136,RUYCJHGCOBQAFB-UHFFFAOYSA-N,0.8356164383561644,False,False
10135,KWPNCPRHJRLYGP-UHFFFAOYSA-N,0.7972972972972973,False,False
10134,SLYHDNPIMOJOBM-UHFFFAOYSA-N,0.855072463768116,False,True
10165,MRYSVCBXHJQLDE-UHFFFAOYSA-N,0.8854166666666666,False,True
10164,MQZKEAINZUUZIO-UHFFFAOYSA-N,0.8611111111111112,False,True
10163,UVZVHELYZPAYOZ-UHFFFAOYSA-N,0.9888888888888889,True,True
10162,IUWRGZGUWJBTBR-UHFFFAOYSA-N,0.989247311827957,True,True
10161,RRPPPTUMYHEKDP-UHFFFAOYSA-N,0.8611111111111112,False,True
10160,YCQVGDVHOASTSK-UHFFFAOYSA-N,0.8831168831168831,False,True
10159,XYIAVDKLVGXSNU-UHFFFAOYSA-N,0.8205128205128205,False,False
10158,BZBZABDFJBZYDX-UHFFFAOYSA-N,0.8311688311688312,False,False
10157,FJJMKEBYRNAONI-UHFFFAOYSA-N,0.9642857142857143,True,True
10156,PFKBXDNKYLACLL-UHFFFAOYSA-N,1.0,True,True
10155,IQAZQVORUVJLSG-UHFFFAOYSA-N,0.875,False,True
10154,OGWDZSITYOSGBN-UHFFFAOYSA-N,0.9473684210526315,False,True
10153,PGBXSQPAUJPSJG-UHFFFAOYSA-N,0.8382352941176471,False,False
10152,XIFMYQJAJFHPFM-UHFFFAOYSA-N,0.8202247191011236,False,False
10151,WKBXBYHAUWIBHM-UHFFFAOYSA-N,0.7341772151898734,False,False
10150,CZOAYCDJMCFYDG-UHFFFAOYSA-N,0.8172043010752689,False,False
10181,STUDPZBEGPATGM-UHFFFAOYSA-N,0.989247311827957,True,True
10180,BCFYNHQVKQMTDQ-UHFFFAOYSA-N,0.9888888888888889,True,True
10179,YJEMNSHDPJRFAD-UHFFFAOYSA-N,0.9135802469135802,False,True
10178,XVQHJGJRTAJORG-UHFFFAOYSA-N,0.925,False,True
10177,ZUYOTHVGMJWSBT-UHFFFAOYSA-N,0.7590361445783133,False,False
10176,DXTJUASZWYWKSS-UHFFFAOYSA-N,0.8717948717948718,False,True
10174,AGRHZFCHKGBHFF-UHFFFAOYSA-N,0.782051282051282,False,False
10173,WJFDXWQUQSLYLN-UHFFFAOYSA-N,0.7922077922077922,False,False
10172,IISRHPFNGVYWBH-UHFFFAOYSA-N,0.8311688311688312,False,False
10171,SGXRPVWGVOVIMZ-UHFFFAOYSA-N,0.8441558441558441,False,False
10170,PAXOONJVLFVKKK-UHFFFAOYSA-N,0.8762886597938144,False,True
10169,IHTDGDRWEQTTFB-UHFFFAOYSA-N,0.8823529411764706,False,True
10168,WBJMEFXCGCKFAQ-UHFFFAOYSA-N,0.7764705882352941,False,False
10167,MLYNURVGUGLUAI-UHFFFAOYSA-N,0.872093023255814,False,True
10166,CNGTVHITWOLUKH-UHFFFAOYSA-N,0.8823529411764706,False,True
10197,WGHRJKGGVYAREC-UHFFFAOYSA-N,0.896551724137931,False,True
10196,QQLHKBTWVQHHJB-UHFFFAOYSA-N,0.8354430379746836,False,False
10195,IAQVANVHDXNOII-UHFFFAOYSA-N,0.810126582278481,False,False
10194,BIUPHROOTSXXHG-UHFFFAOYSA-N,0.8205128205128205,False,False
10193,VXDKONDJDQGJPF-UHFFFAOYSA-N,0.8961038961038961,False,True
10192,IRMBTKVISAHFTL-UHFFFAOYSA-N,0.8536585365853658,False,True
10191,NGTXHGPDPMWEIM-UHFFFAOYSA-N,0.7710843373493976,False,False
10190,GPMIXQCCYNUKRO-UHFFFAOYSA-N,0.8311688311688312,False,False
10189,BDOIJQPNDMMRJW-UHFFFAOYSA-N,0.9859154929577465,True,True
10188,TZCDYEUAXQGLBW-UHFFFAOYSA-N,0.8205128205128205,False,False
10187,GFSWDGGOPMMCLY-UHFFFAOYSA-N,0.8205128205128205,False,False
10186,AAVJPLQDNWPVPO-UHFFFAOYSA-N,0.8333333333333334,False,False
10185,TWKUUOKWWLOEHF-UHFFFAOYSA-N,0.9135802469135802,False,True
10184,PXSYDBITXOBEQM-UHFFFAOYSA-N,0.8831168831168831,False,True
10183,XIQBZCLHUOCKJR-UHFFFAOYSA-N,0.8441558441558441,False,False
10182,AYGOTHFCVNCNQM-UHFFFAOYSA-N,0.9857142857142858,True,True
10213,OFWYWGPLFSMVOG-LXNYFVOCSA-N,0.8602150537634409,False,True
10212,IAWRVJGGLYMEHA-OXUITYEPSA-N,1.0,True,True
10211,NESIMCOBZMHIOI-RQFXOULTSA-N,1.0,True,True
10210,VCEGUIPWALYWGE-SNLBBPNGSA-N,1.0,True,True
10209,BJMOMXFHXASYCE-UHFFFAOYSA-N,0.8620689655172413,False,True
10208,JIBKBJSYHFVUEA-UHFFFAOYSA-N,0.8620689655172413,False,True
10207,BKOVSNQJCYGHHM-UHFFFAOYSA-N,0.875,False,True
10206,FEAHRAGTHDMEDG-UHFFFAOYSA-N,0.875,False,True
10205,YRHZUMCKISTTOI-RJIBILQUSA-N,0.85,False,False
10204,XYMRWZVOZPGMGF-UHFFFAOYSA-N,1.0,True,True
10203,QDUXXKISPVZMEN-UHFFFAOYSA-N,0.8333333333333334,False,False
10202,QGFSMMWOOBEMHC-UHFFFAOYSA-N,0.7710843373493976,False,False
10201,HTEXHAYAXYEKCW-UHFFFAOYSA-N,0.8717948717948718,False,True
10200,PASBDVVWZRIFIS-UHFFFAOYSA-N,0.898876404494382,False,True
10199,QVAKZTQKXNRBCI-UHFFFAOYSA-N,0.925,False,True
10198,NMOVFWQGNFJFPT-UHFFFAOYSA-N,0.92,False,True
10229,IVSHRISLYBODDC-OAFSWBPASA-N,0.8481012658227848,False,False
10228,MAPZHAAFMXQUJC-WAJZRPDGSA-N,0.8208955223880597,False,False
10227,XQSBWRDBSDZBNW-GDODDVHHSA-N,0.7205882352941176,False,False
10226,WRCCZKNWIVEJRI-FPEFRKQASA-N,0.9210526315789473,False,True
10225,MKCNVSFMAQNGGQ-GDODDVHHSA-N,0.8208955223880597,False,False
10224,WQZQGYSNLOQJMG-CYVJKSBLSA-N,1.0,True,True
10223,GEHBEWWDHIKVHM-UHFFFAOYSA-N,0.8202247191011236,False,False
10222,XYMRWZVOZPGMGF-YGDGEEQYSA-N,1.0,True,True
10221,SNRFHKZAJSGSMY-JRNRERIHSA-N,0.85,False,False
10219,WBDGENVRVREYIW-JXVVUMDTSA-N,0.8648648648648649,False,True
10218,IAWRVJGGLYMEHA-VXGRFERWSA-N,1.0,True,True
10217,MMIGHYJKCJNKPE-UHFFFAOYSA-N,0.8695652173913043,False,True
10216,IAEBVQNYKZSSCI-IVFRWPHNSA-N,0.85,False,False
10215,MFEYKNGFVDACED-WCVSPVLWSA-N,0.8441558441558441,False,False
10214,FRZJLDQJIDBXHQ-WAJZRPDGSA-N,0.8378378378378378,False,False
10245,ROLWXPDRKFZXHL-GSHQYKLKSA-N,0.8674698795180723,False,True
10244,WQXAOZODRNKHQE-HPYUCUKISA-N,0.8674698795180723,False,True
10243,XDOQYLPCVYEDIY-PGIICWOASA-N,0.8461538461538461,False,False
10242,FDYZIUJSVAROOQ-UHFFFAOYSA-N,0.918918918918919,False,True
10241,SXMDIZNPCYWNNS-OAFSWBPASA-N,0.8690476190476191,False,True
10240,DLQFUBQRSGVMIN-UHFFFAOYSA-N,0.8607594936708861,False,True
10239,SOGXEODCIVJPEB-XEMOTPFLSA-N,0.85,False,False
10238,NQYGNRZUKMRWRA-XZTDTORKSA-N,0.84,False,False
10237,PLJGFQWSCNCUDM-OIZGMAQPSA-N,0.8554216867469879,False,True
10236,MFGIKVXYJCGWHA-WAJZRPDGSA-N,0.8611111111111112,False,True
10235,ODKQCZQMXBWNJP-JAZIGOCYSA-N,0.8840579710144928,False,True
10234,OOWFTVFQSHZQHJ-XZTDTORKSA-N,0.84,False,False
10233,HLZZJMNWVBUSIX-XZTDTORKSA-N,0.84,False,False
10232,ZFCQNBNPRUOIBD-YHMAVIRVSA-N,0.8611111111111112,False,True
10231,NESIMCOBZMHIOI-ZPVIGXOZSA-N,1.0,True,True
10230,WQZQGYSNLOQJMG-UHFFFAOYSA-N,1.0,True,True
10261,UKAOBHSJTQEWKS-UHFFFAOYSA-N,0.8117647058823529,False,False
10260,XYYBWAKBNHCYJN-FNRYMRHBSA-N,0.8470588235294118,False,False
10259,XYFATFIXEKRBRD-HPYUCUKISA-N,0.8470588235294118,False,False
10258,VAIRVKDYZNOMQA-UHFFFAOYSA-N,0.8571428571428571,False,True
10257,VWHOIJLYQREVLL-YHMAVIRVSA-N,0.8481012658227848,False,False
10256,WGTQMEAKVRIKFL-UHFFFAOYSA-N,0.8947368421052632,False,True
10255,BAAOWTRGUFPUKY-PGIICWOASA-N,0.8536585365853658,False,True
10254,HFNLDEWSQXXJGY-GSHQYKLKSA-N,0.8604651162790697,False,True
10253,GRVKEOPGZFHRMH-PMZHWQCKSA-N,0.972972972972973,True,True
10252,PLGMLHTWHDJDRG-UHFFFAOYSA-N,0.8470588235294118,False,False
10251,TZUYPHOILWGNHN-JWHLOJAPSA-N,0.8658536585365854,False,True
10250,JJVCAYAGWXZYGX-DPXFAWMCSA-N,0.8658536585365854,False,True
10249,FKLIRPXTHSSRIV-ORWYCSMSSA-N,0.8690476190476191,False,True
10248,SINDKUUFMROBIK-FUHWPHGUSA-N,0.8690476190476191,False,True
10247,JBVLYNFLXOIAOC-KGUPHNQGSA-N,0.8387096774193549,False,False
10246,SEHVICSQNBYPMK-FUHWPHGUSA-N,0.8481012658227848,False,False
10276,DCMIQUKESOHDFK-USNKPLLHSA-N,0.8554216867469879,False,True
10275,JCUFYIDFNLATPE-UHFFFAOYSA-N,0.9210526315789473,False,True
10274,VXGONEZCRMSLEJ-UWMOKNSSSA-N,0.8414634146341463,False,False
10273,BMVWPQQIXKAAAW-PVALQGILSA-N,0.8414634146341463,False,False
10272,LMZVAACIEBDMRA-LOXQESOXSA-N,0.8148148148148148,False,False
10271,STPAEWPDGRUVDG-QWTPJFNQSA-N,0.8421052631578947,False,False
10270,DNRPUZZKVGKDKY-RCWZZLFZSA-N,0.8421052631578947,False,False
10269,POHVGPLDEMEUQS-IGRIRFMHSA-N,0.953125,True,True
10268,LNKCZFXZVCKGLH-KJJYBEIGSA-N,0.9846153846153847,True,True
10267,TUDGAQJKBDMHED-HPYUCUKISA-N,0.9156626506024096,False,True
10266,NUADIXSSRQQNKB-STFCIPGBSA-N,0.7241379310344828,False,False
10265,FFSVTCVSCGBXKV-HPYUCUKISA-N,0.9156626506024096,False,True
10264,FPQSZZKLNZZZSK-GXVNWILRSA-N,0.7303370786516854,False,False
10263,VGPUEKYBXLIFEG-BVFBWVIESA-N,0.8571428571428571,False,True
10262,HDWIDDDTEWPRSL-CKSPGGMNSA-N,0.8554216867469879,False,True
3376,DEHJLQBKFLXFQR-UHFFFAOYSA-N,1.0,True,True
3375,SDMHUBJZIMDODP-UHFFFAOYSA-N,1.0,True,True
3374,SDMHUBJZIMDODP-UHFFFAOYSA-N,1.0,True,True
3373,SDMHUBJZIMDODP-UHFFFAOYSA-N,1.0,True,True
3372,SDMHUBJZIMDODP-UHFFFAOYSA-N,1.0,True,True
3371,AKZNSJMAAPBMQT-UHFFFAOYSA-N,1.0,True,True
3370,AKZNSJMAAPBMQT-UHFFFAOYSA-N,1.0,True,True
3369,AKZNSJMAAPBMQT-UHFFFAOYSA-N,1.0,True,True
3368,AKZNSJMAAPBMQT-UHFFFAOYSA-N,1.0,True,True
3367,AJWUTMRBZOMJOJ-UHFFFAOYSA-N,1.0,True,True
3366,AJWUTMRBZOMJOJ-UHFFFAOYSA-N,1.0,True,True
3365,AJWUTMRBZOMJOJ-UHFFFAOYSA-N,1.0,True,True
3364,AJWUTMRBZOMJOJ-UHFFFAOYSA-N,1.0,True,True
3363,PKZBQAQTVKTZGQ-UHFFFAOYSA-N,1.0,True,True
3362,PKZBQAQTVKTZGQ-UHFFFAOYSA-N,1.0,True,True
3361,PKZBQAQTVKTZGQ-UHFFFAOYSA-N,1.0,True,True
3360,PKZBQAQTVKTZGQ-UHFFFAOYSA-N,1.0,True,True
3359,NHERHMLSLSIPJM-UHFFFAOYSA-N,1.0,True,True
3358,NHERHMLSLSIPJM-UHFFFAOYSA-N,1.0,True,True
3357,NHERHMLSLSIPJM-UHFFFAOYSA-N,1.0,True,True
3356,NHERHMLSLSIPJM-UHFFFAOYSA-N,1.0,True,True
3355,AWZZVOJSADYHQF-UHFFFAOYSA-N,1.0,True,True
3354,AWZZVOJSADYHQF-UHFFFAOYSA-N,1.0,True,True
3353,AWZZVOJSADYHQF-UHFFFAOYSA-N,1.0,True,True
3352,AWZZVOJSADYHQF-UHFFFAOYSA-N,1.0,True,True
3351,KTESLKFQASIVBB-UHFFFAOYSA-N,1.0,True,True
3350,KTESLKFQASIVBB-UHFFFAOYSA-N,1.0,True,True
3349,KTESLKFQASIVBB-UHFFFAOYSA-N,1.0,True,True
3348,KTESLKFQASIVBB-UHFFFAOYSA-N,1.0,True,True
3347,VCYLWQIKFZDQNX-UHFFFAOYSA-N,1.0,True,True
3346,VCYLWQIKFZDQNX-UHFFFAOYSA-N,1.0,True,True
3345,VCYLWQIKFZDQNX-UHFFFAOYSA-N,1.0,True,True
3344,VCYLWQIKFZDQNX-UHFFFAOYSA-N,1.0,True,True
3343,PEVYOSVZSUUDNA-UHFFFAOYSA-N,1.0,True,True
3342,PEVYOSVZSUUDNA-UHFFFAOYSA-N,1.0,True,True
3341,PEVYOSVZSUUDNA-UHFFFAOYSA-N,1.0,True,True
3340,PEVYOSVZSUUDNA-UHFFFAOYSA-N,1.0,True,True
3339,OWDWMVCSXWZXOW-UHFFFAOYSA-N,1.0,True,True
3338,OWDWMVCSXWZXOW-UHFFFAOYSA-N,1.0,True,True
3337,OWDWMVCSXWZXOW-UHFFFAOYSA-N,1.0,True,True
3336,OWDWMVCSXWZXOW-UHFFFAOYSA-N,1.0,True,True
3335,VMIRQGWKDHITLC-UHFFFAOYSA-N,1.0,True,True
3334,VMIRQGWKDHITLC-UHFFFAOYSA-N,1.0,True,True
3333,VMIRQGWKDHITLC-UHFFFAOYSA-N,1.0,True,True
3332,VMIRQGWKDHITLC-UHFFFAOYSA-N,1.0,True,True
3331,BRMZZAJVPKDLAQ-UHFFFAOYSA-N,1.0,True,True
3330,BRMZZAJVPKDLAQ-UHFFFAOYSA-N,1.0,True,True
3329,BRMZZAJVPKDLAQ-UHFFFAOYSA-N,1.0,True,True
3328,BRMZZAJVPKDLAQ-UHFFFAOYSA-N,1.0,True,True
3327,JMPKWAOZHLDRKX-UHFFFAOYSA-N,1.0,True,True
3326,JMPKWAOZHLDRKX-UHFFFAOYSA-N,1.0,True,True
3325,JMPKWAOZHLDRKX-UHFFFAOYSA-N,1.0,True,True
3324,JMPKWAOZHLDRKX-UHFFFAOYSA-N,1.0,True,True
3323,IWBAXZPQJLIEHP-UHFFFAOYSA-N,1.0,True,True
3322,IWBAXZPQJLIEHP-UHFFFAOYSA-N,1.0,True,True
3321,IWBAXZPQJLIEHP-UHFFFAOYSA-N,1.0,True,True
3320,IWBAXZPQJLIEHP-UHFFFAOYSA-N,1.0,True,True
3319,BQQPXXCYYWRWRG-UHFFFAOYSA-N,1.0,True,True
3318,BQQPXXCYYWRWRG-UHFFFAOYSA-N,1.0,True,True
3317,BQQPXXCYYWRWRG-UHFFFAOYSA-N,1.0,True,True
3316,BQQPXXCYYWRWRG-UHFFFAOYSA-N,1.0,True,True
3315,BQTWUQDXEUWZAJ-UHFFFAOYSA-N,1.0,True,True
3314,BQTWUQDXEUWZAJ-UHFFFAOYSA-N,1.0,True,True
3313,BQTWUQDXEUWZAJ-UHFFFAOYSA-N,1.0,True,True
3312,BQTWUQDXEUWZAJ-UHFFFAOYSA-N,1.0,True,True
3311,HQXKVSGFXIECPG-UHFFFAOYSA-N,1.0,True,True
3310,HQXKVSGFXIECPG-UHFFFAOYSA-N,1.0,True,True
3309,HQXKVSGFXIECPG-UHFFFAOYSA-N,1.0,True,True
3308,HQXKVSGFXIECPG-UHFFFAOYSA-N,1.0,True,True
3307,SQVKSOFCTXVICM-UHFFFAOYSA-N,1.0,True,True
3306,SQVKSOFCTXVICM-UHFFFAOYSA-N,1.0,True,True
3305,SQVKSOFCTXVICM-UHFFFAOYSA-N,1.0,True,True
3304,SQVKSOFCTXVICM-UHFFFAOYSA-N,1.0,True,True
3303,JGBMVFWFWUPLDL-UHFFFAOYSA-N,1.0,True,True
3302,JGBMVFWFWUPLDL-UHFFFAOYSA-N,1.0,True,True
3301,JGBMVFWFWUPLDL-UHFFFAOYSA-N,1.0,True,True
3300,JGBMVFWFWUPLDL-UHFFFAOYSA-N,1.0,True,True
3299,VUWPDOPKDHGWFT-UHFFFAOYSA-N,1.0,True,True
3298,VUWPDOPKDHGWFT-UHFFFAOYSA-N,1.0,True,True
3297,VUWPDOPKDHGWFT-UHFFFAOYSA-N,1.0,True,True
3296,VUWPDOPKDHGWFT-UHFFFAOYSA-N,1.0,True,True
3295,YOYMOZQYFJOCDR-UHFFFAOYSA-N,1.0,True,True
3294,YOYMOZQYFJOCDR-UHFFFAOYSA-N,1.0,True,True
3293,YOYMOZQYFJOCDR-UHFFFAOYSA-N,1.0,True,True
3292,YOYMOZQYFJOCDR-UHFFFAOYSA-N,1.0,True,True
3291,DNNLAYKDVNFKRI-UHFFFAOYSA-N,1.0,True,True
3290,DNNLAYKDVNFKRI-UHFFFAOYSA-N,1.0,True,True
3289,DNNLAYKDVNFKRI-UHFFFAOYSA-N,1.0,True,True
3288,DNNLAYKDVNFKRI-UHFFFAOYSA-N,1.0,True,True
3287,ACMKWPUNBKGINW-UHFFFAOYSA-N,1.0,True,True
3286,ACMKWPUNBKGINW-UHFFFAOYSA-N,1.0,True,True
3285,ACMKWPUNBKGINW-UHFFFAOYSA-N,1.0,True,True
3284,ACMKWPUNBKGINW-UHFFFAOYSA-N,1.0,True,True
3282,WPLDTXDHWYZCGG-OXMSVVIRSA-N,1.0,True,True
3281,WPLDTXDHWYZCGG-OXMSVVIRSA-N,1.0,True,True
3280,WPLDTXDHWYZCGG-OXMSVVIRSA-N,1.0,True,True
3279,PGBVMCWOXJYDFR-XBILFCGKSA-N,0.9051724137931034,False,True
3278,FVICRBSEYSHKFY-UXCXVIOXSA-N,1.0,True,True
3277,FVICRBSEYSHKFY-UXCXVIOXSA-N,1.0,True,True
3276,KASNWYOLQDUIAI-LLPBELLWSA-N,0.9642857142857143,True,True
3274,MJGBDGZWBRLYCG-OXMSVVIRSA-N,0.9732142857142857,True,True
3272,WGFFHXYMLHNIJP-CKRFXYPPSA-N,0.8666666666666667,False,True
3270,TYOOULJLDIJSEZ-BADBOSMXSA-N,0.8487394957983193,False,False
3268,XEOCLEYSUCVKEJ-BDRHIBRESA-N,0.8951612903225806,False,True
3266,FSZXQDSNJIMHSO-VDLJDXGOSA-N,0.8968253968253969,False,True
3264,URFGDZKFRPETMU-BZQJXCNNSA-N,0.9024390243902439,False,True
3262,IZKAMRKNBYKYLT-LVKLJBEMSA-N,0.9186991869918699,False,True
3260,CEYSHPVBVXYMRV-BVEKABLVSA-N,0.8515625,False,True
3258,QRGLHUZPZPKSSU-LLRIURRESA-N,0.9327731092436975,False,True
3256,GYMGWFPTMRYRNR-DAQCQDGGSA-N,0.9327731092436975,False,True
3254,KFRJEJYOEICAIG-LVKLJBEMSA-N,0.8888888888888888,False,True
3252,JFAKPRGGOIEBST-LLPBELLWSA-N,0.9327731092436975,False,True
3250,RSIYWTYCYHXION-IRSTXAOISA-N,0.8870967741935484,False,True
3248,XWPONBNTDPSDAM-YDKGBQGCSA-N,0.9159663865546218,False,True
3246,ABDURPFHNKDZNL-FUSZGZPHSA-N,0.8888888888888888,False,True
3244,IFBRWMMLIATNJC-LLPBELLWSA-N,0.9173553719008265,False,True
3242,POVBXWJEZXBOGO-YDKGBQGCSA-N,0.9327731092436975,False,True
3240,AXWWGFZBQNEKRD-MHPDJWEMSA-N,0.9090909090909091,False,True
3238,VIVYRJPWXDVUNC-BADBOSMXSA-N,0.9210526315789473,False,True
3236,BHXOGDCWTABKKZ-JCQBLWAMSA-N,0.8813559322033898,False,True
3234,NTXXCKHTQZFNQE-MHPDJWEMSA-N,0.9137931034482759,False,True
3232,ZJHVYQUJRNBERR-FRXWHTLJSA-N,0.9117647058823529,False,True
3230,GLSGWAUXYSGTOT-XPZMQLNZSA-N,0.9117647058823529,False,True
3228,HSSZYURGRIWJPO-SFBUTOAUSA-N,0.9097744360902256,False,True
3226,BFPBFALSRWOTER-PQHZGATDSA-N,0.9097744360902256,False,True
3224,WYAIVFXBHVOHPS-XBILFCGKSA-N,0.9557522123893806,True,True
3222,YEGSSZMECRFCOW-DGHLBXRUSA-N,0.896,False,True
3220,SUDGSTAYIVVRAD-QRFXCACUSA-N,0.9242424242424242,False,True
3218,SEAADROVNZAAJV-IRSTXAOISA-N,0.9285714285714286,False,True
3216,NHIFHAKWEOFGLY-QRFXCACUSA-N,0.9285714285714286,False,True
3214,AMULMQKKFRZCHR-DHTLEAIRSA-N,0.905511811023622,False,True
3212,NIBNJRWWQGGUMA-DHTLEAIRSA-N,0.9262295081967213,False,True
3210,XEGXBXHQVWEDBE-IRSTXAOISA-N,0.9262295081967213,False,True
3208,RPMHJBYROZPJFP-MFGLXPTNSA-N,0.9296875,False,True
3206,XKNKLNAOVYEKCS-DHTLEAIRSA-N,0.9296875,False,True
3204,RIRKTACZRMJJFZ-KIHIHGGWSA-N,0.8939393939393939,False,True
3202,QWPUUNPCUHZAST-MFGLXPTNSA-N,0.9285714285714286,False,True
3200,NAHIPRZEAXDFRM-SKGISGACSA-N,0.9262295081967213,False,True
3198,DBXINFXTRJWBGR-BADBOSMXSA-N,0.9112903225806451,False,True
3196,VGNVTGPLAOYOCC-OXMSVVIRSA-N,0.9186991869918699,False,True
3194,ISVJBOKIPWLHIE-OYSXSSNVSA-N,0.9186991869918699,False,True
3192,PLNJCXROCRYWNW-BADBOSMXSA-N,0.9380530973451328,False,True
3190,GBWZAWWMXZTNJW-ALADPROZSA-N,1.0,True,True
3188,GBWZAWWMXZTNJW-CCLVTWKBSA-N,1.0,True,True
3186,SCJZDTKLNINQGH-MFGLXPTNSA-N,0.9274193548387096,False,True
3184,FEVWUFIDDUXWQY-KIHIHGGWSA-N,0.9274193548387096,False,True
3182,NPOIYZZYFJTZJM-MUXIUDCUSA-N,0.905982905982906,False,True
3180,PJRNQXABWOVNKF-IYVHQYELSA-N,0.9224137931034483,False,True
3178,CHOJAFGHZUIXHX-UEOBNOQXSA-N,0.9230769230769231,False,True
3176,FYNZMSBWQLEGKN-BADBOSMXSA-N,0.9732142857142857,True,True
3174,FLXDSENGNWOIGH-AYTMWHSDSA-N,0.8803418803418803,False,True
3172,CUMSDZJCLKPNCI-ZPBPUEIISA-N,0.905982905982906,False,True
3170,XCBMTHTWWJJKAR-BXFXJZSFSA-N,0.8617886178861789,False,True
3168,FDAOYDOGPJOJKY-YDKGBQGCSA-N,0.9380530973451328,False,True
3166,WUZHITSDSKTCSI-HFNCKCEVSA-N,0.9210526315789473,False,True
3164,HOAMHLHTZAHBTO-CPULUEMYSA-N,0.9112903225806451,False,True
3162,FDSKHMKDAKYJJU-YUIZXIRUSA-N,0.8512396694214877,False,True
3160,YKEHCUBZYGHFQX-GVOUSPDXSA-N,0.8991596638655462,False,True
3158,ANCJVGRCZSWNFC-AYRXZYGNSA-N,0.9067796610169492,False,True
3156,OWAGFEVHBDPAFP-UVYOJGCYSA-N,0.9047619047619048,False,True
3154,VUWLVJLEIZVNNS-OYSXSSNVSA-N,0.9067796610169492,False,True
3152,FOSFWWNAXSOHQT-CSKJWQTESA-N,0.9145299145299145,False,True
3150,JJXJMRRYEPFGJL-SZTMRTMGSA-N,0.9193548387096774,False,True
3148,DIQLJSHYZBZVSA-JQUMZBLBSA-N,1.0,True,True
3146,DIQLJSHYZBZVSA-KIHIHGGWSA-N,1.0,True,True
3144,OGEQQXDIVIIZBD-KIHIHGGWSA-N,0.9285714285714286,False,True
3142,YXFFWNUKRRPYNE-ZETYODEFSA-N,0.8813559322033898,False,True
3140,BFXRRGDEXXGUBA-IVVXLWEMSA-N,0.8813559322033898,False,True
3138,AUGGGJNCPDHAPT-ZMJZVHLXSA-N,0.865546218487395,False,True
3136,WGNWJWPIBJGGHG-OMWAFECQSA-N,0.9304347826086956,False,True
3134,HJSKPMIBDRRFSU-XRDRJJIUSA-N,0.9262295081967213,False,True
3132,IRVPZTMYLRBTLK-UVYOJGCYSA-N,0.9112903225806451,False,True
3130,QELDAWVDJMNBNH-VQZSWEHBSA-N,1.0,True,True
3128,CVPABSKAIWTWOG-ZJJJLVNKSA-N,0.9152542372881356,False,True
3126,RKOJVGWUONBDFN-RTPBCXCQSA-N,0.9105691056910569,False,True
3124,DZZYIEBXVZLARP-PFSZDURISA-N,1.0,True,True
3122,DZZYIEBXVZLARP-CBUPXGRYSA-N,1.0,True,True
3120,CNMLPDSSTBAXQU-DUUFCRSWSA-N,0.9140625,False,True
3116,UQAPQBUZUMRNBR-JJZIIBKDSA-N,0.9338842975206612,False,True
3114,KEXCXSUIGHQZHD-PDOFXXQDSA-N,0.9193548387096774,False,True
3112,VGLATRLNFLFZKI-NCOIPCNLSA-N,0.8803418803418803,False,True
3110,QWGWDUGUGMBCGT-CPULUEMYSA-N,0.9230769230769231,False,True
3108,WFLJICBYJSPEPS-PCEXLKTHSA-N,0.9217391304347826,False,True
3106,ARWBBVKGENTOKL-DFZYWBPUSA-N,0.923728813559322,False,True
3104,ZTBHJECJXCTXBN-VDGXGFEUSA-N,0.9304347826086956,False,True
3102,CIWYNNMITFMZIQ-PDOFXXQDSA-N,0.923728813559322,False,True
3100,NVBNHCQGYXYIFU-VDGXGFEUSA-N,0.9186991869918699,False,True
3098,UVTYAHAPZHMQSA-OMWAFECQSA-N,0.9186991869918699,False,True
3096,WVNHMFMKHDKLJJ-RVFIVXBJSA-N,0.9193548387096774,False,True
3094,WNHJUQPYZOUWEM-MLGFCJHNSA-N,0.9304347826086956,False,True
3092,LPYZSRFGFLEDGV-PKHILRTASA-N,0.923728813559322,False,True
3090,LDTAJOHKAKZPBI-CRCZNOETSA-N,0.9217391304347826,False,True
3088,BLVPQYKTAIWGFU-CSKJWQTESA-N,0.9304347826086956,False,True
3086,FGIUFJGOCBPGOO-ZJJJLVNKSA-N,0.923728813559322,False,True
3084,FZQLOFLFWVPDBP-PCEXLKTHSA-N,0.9193548387096774,False,True
3082,OTBWDVRVGXUERZ-CKRFXYPPSA-N,0.9193548387096774,False,True
3080,QELDAWVDJMNBNH-CKRFXYPPSA-N,1.0,True,True
3078,VGNKYWPKUIJVDE-CPULUEMYSA-N,0.9217391304347826,False,True
3076,OFJLDZUKUWQGFV-PBXSNTCFSA-N,0.8984375,False,True
3074,SMJJLDWYYBEJSS-JPZOVAKFSA-N,0.9145299145299145,False,True
3072,MLNJLMUJLZLGEY-MFGLXPTNSA-N,0.9262295081967213,False,True
3070,YKLHYZXDWJLZAU-KIHIHGGWSA-N,0.9262295081967213,False,True
3068,JGRYRADQUQLBIE-OYSXSSNVSA-N,0.9557522123893806,True,True
3066,HFGXJTDEVUMIHK-XRDRJJIUSA-N,0.9242424242424242,False,True
3064,OAQPYAYDQRNNQZ-QRFXCACUSA-N,0.9262295081967213,False,True
3060,UKYJUISRYZESGA-UMHUZYMQSA-N,0.9140625,False,True
3058,PQNUYKMRYLMYBC-JVXCYOPBSA-N,0.8976377952755905,False,True
3056,CKSGTPIFLYPJKR-PCEXLKTHSA-N,0.9067796610169492,False,True
3054,MVZUEWYJKUKKHP-VJJZVYIZSA-N,0.923728813559322,False,True
3050,TUMKSOUKGAKGBY-RVFIVXBJSA-N,0.923728813559322,False,True
3048,FZTBQPMGGYBYEI-NPVDZOSCSA-N,0.8987341772151899,False,True
3047,PLSGQYTUWSRRFR-IWCGERACSA-N,0.8539325842696629,False,True
3046,AUNPWRLZPAEEEU-QPZYKLBYSA-N,0.8372093023255814,False,False
3045,GMPKRQOTFXGQFL-UYERRQTFSA-N,0.8987341772151899,False,True
3044,QRWAIMPRHYVHIB-JRUNKOPDSA-N,0.8641975308641975,False,True
3043,PTKOHHFWCWLNOS-PZWVSLBGSA-N,0.8433734939759037,False,False
3042,RUNOHWWNSGMPQM-YAHVSJRLSA-N,0.8765432098765432,False,True
3041,UTAWGMRPCPUJPD-XPCHIFNCSA-N,0.9102564102564102,False,True
3040,TZPCSMKBBYBTJA-UJXHZLHQSA-N,0.8409090909090909,False,False
3039,VXBZFMHSYUWYJN-PFGIKKGISA-N,0.8539325842696629,False,True
3038,XNKXYTFFQVKLGP-ILBANXDWSA-N,0.8444444444444444,False,False
3037,KZYPVTQKMJPILN-UZLVEHBRSA-N,0.8987341772151899,False,True
3036,WJHNDZZEUSNTEL-YOPHZTSLSA-N,0.8313253012048193,False,False
3035,ZNQFARISRKXBQV-QUABXPJWSA-N,0.881578947368421,False,True
3034,FMSXUGQRNBJHDO-DFJPWKNZSA-N,0.8625,False,True
3033,DCSKXOYGWCQBPL-POPKUAJUSA-N,0.9102564102564102,False,True
3032,YIOLSEWDGQVGMJ-LUMHFLLCSA-N,0.9,False,True
3031,LZVLUVFCVSNKDX-LUMHFLLCSA-N,0.9,False,True
3030,DCTDXSOVOPNNQC-FOCLMDBBSA-N,1.0,True,True
3029,DCTDXSOVOPNNQC-FOCLMDBBSA-N,1.0,True,True
3028,CNYHEWJDNKBWLA-OUKQBFOZSA-N,0.34951456310679613,False,False
3027,DCTDXSOVOPNNQC-FOCLMDBBSA-N,1.0,True,True
3026,GUGLEOOQEUDMHM-FOCLMDBBSA-N,0.5204081632653061,False,False
3025,LNKYZOQBRSXULR-JBVUFVISSA-N,0.375,False,False
3024,ZQFKQUHAUGTZMZ-UHFFFAOYSA-N,0.7236842105263158,False,False
3023,UZLNDCSWMFJDMK-UHFFFAOYSA-N,0.6438356164383562,False,False
3022,RFRDMPKLPBPXEU-UHFFFAOYSA-N,0.8169014084507042,False,False
3021,BLWXTJQMEBQCIZ-UHFFFAOYSA-N,0.8169014084507042,False,False
3020,AYUXVBYIMHDOMA-ZETCQYMHSA-N,0.6551724137931034,False,False
3019,GYOWSDLEDJOFED-ZETCQYMHSA-N,0.6666666666666666,False,False
3018,CLCGLCRRLGFWFV-QMMMGPOBSA-N,0.6724137931034483,False,False
3017,XFINUDQNQVAXQO-JTQLQIEISA-N,0.7547169811320755,False,False
3016,KDFDNYYGLNRWPN-VIFPVBQESA-N,0.7636363636363637,False,False
3015,RDPTWFYHEIZOBA-JTQLQIEISA-N,0.7636363636363637,False,False
3014,IPEVOPPPDXENKM-JTQLQIEISA-N,0.7962962962962963,False,False
3013,XZVRWQQQWLPFRB-QMMMGPOBSA-N,0.7962962962962963,False,False
3012,KJJACMBDLFUVJV-VIFPVBQESA-N,0.8125,False,False
3011,QQWHXUAAHPGCKJ-JTQLQIEISA-N,0.78,False,False
3010,QLSMQXDPLXXTTO-VIFPVBQESA-N,0.8125,False,False
3009,GVDRUTSKBXIUEW-VIFPVBQESA-N,0.7450980392156863,False,False
3008,GLILTUPAPNTIBB-VIFPVBQESA-N,0.8,False,False
3007,JNTJTCXFIXNXDV-VIFPVBQESA-N,1.0,True,True
3006,YLUKCTBUOSXKSW-UHFFFAOYSA-N,0.7674418604651163,False,False
3005,PUCGWGCNMBGUKW-UHFFFAOYSA-N,0.7,False,False
3004,SMFWRPQNFNKFCN-UHFFFAOYSA-N,0.7333333333333333,False,False
3003,UGUKSHRHUHJCCM-UHFFFAOYSA-N,0.7674418604651163,False,False
3002,MOMGZCKRXOIAQX-JTQLQIEISA-N,0.8076923076923077,False,False
3001,UUSSKISSJWVYTA-UHFFFAOYSA-N,0.7692307692307693,False,False
3000,IAOAVCNNXDYQHL-UHFFFAOYSA-N,0.7551020408163265,False,False
2999,MVZPGGZBDKSDEM-UHFFFAOYSA-N,0.7692307692307693,False,False
2998,DNLCENYRYRBODW-UHFFFAOYSA-N,0.7551020408163265,False,False
2997,VPFVSVYEZRQCSG-VIFPVBQESA-N,0.8076923076923077,False,False
2996,CTSRYFMXFGZHJM-VIFPVBQESA-N,0.7692307692307693,False,False
2995,ASKXYSHEHZJZOT-GFCCVEGCSA-N,0.7857142857142857,False,False
2994,HNCOTJJPODBUAO-UHFFFAOYSA-N,0.6363636363636364,False,False
2993,XXIMBLSLKWHIKC-SECBINFHSA-N,0.8541666666666666,False,True
2992,DKRPBCHLUPUEGR-SECBINFHSA-N,0.8541666666666666,False,True
2991,VFMKZXBOOXFNQI-UHFFFAOYSA-N,0.6938775510204082,False,False
2990,LHRUACHNNLJVOE-UHFFFAOYSA-N,0.6666666666666666,False,False
2989,AUJRLIIKYCIXHN-LLVKDONJSA-N,0.7857142857142857,False,False
2988,GJGGSLDXABLZLP-SNVBAGLBSA-N,0.7551020408163265,False,False
2987,YKMPUYQTESMTQD-UHFFFAOYSA-N,0.47572815533980584,False,False
2983,JGWFFKIYBDZDFI-UHFFFAOYSA-N,1.0,True,True
2982,JGWFFKIYBDZDFI-UHFFFAOYSA-N,1.0,True,True
2979,BQQPXXCYYWRWRG-UHFFFAOYSA-N,1.0,True,True
2978,BQQPXXCYYWRWRG-UHFFFAOYSA-N,1.0,True,True
2975,JCIDIJWPCCCOJE-UHFFFAOYSA-N,0.6666666666666666,False,False
2974,MPQLCQKBYRSPNA-UHFFFAOYSA-N,0.7142857142857143,False,False
2973,CRAUTELYXAAAPW-UHFFFAOYSA-N,0.7441860465116279,False,False
2972,DTQMEHJQUNZXGS-UFFVCSGVSA-N,0.8,False,False
2971,YUQYSTHNAIRCEC-UHFFFAOYSA-N,0.7884615384615384,False,False
2970,NDPMDRORXNSZEB-SRZZPIQSSA-N,0.7884615384615384,False,False
2969,RCGLETSUAMHCQM-KEBDBYFISA-N,0.7407407407407407,False,False
2968,RHKNTMJTXDOPTF-UHFFFAOYSA-N,0.7058823529411765,False,False
2967,WSSCMXCIKGHKRX-RGVLZGJSSA-N,0.8,False,False
2966,NCAYZGBVJGIYEE-UHFFFAOYSA-N,0.6666666666666666,False,False
2965,QOPSPZGXYJHKBR-KEBDBYFISA-N,0.8,False,False
2964,PRCSZMAIAMTTRE-KEBDBYFISA-N,0.7857142857142857,False,False
2963,MYIOSDRPXJUOFU-UFFVCSGVSA-N,0.7924528301886793,False,False
2962,OYSXIXPYZVSOGM-UHFFFAOYSA-N,0.7924528301886793,False,False
2961,RXVVBVINBJYPTG-KEBDBYFISA-N,0.7647058823529411,False,False
2960,DAWWABCXOJLNLB-VXLYETTFSA-N,0.7857142857142857,False,False
2959,ZCZCHFMYRLYYNP-KEBDBYFISA-N,0.7692307692307693,False,False
2958,GROUSFLVWMBAKY-VXLYETTFSA-N,0.7647058823529411,False,False
2957,XHNAXOHCTRXHNU-AFUMVMLFSA-N,0.6666666666666666,False,False
2956,DKPJEVIJCVYFLJ-UHFFFAOYSA-N,0.6530612244897959,False,False
2955,RSHJUKZSHUQUOT-UHFFFAOYSA-N,0.6981132075471698,False,False
2954,DHAPTENVIJFXCT-UHFFFAOYSA-N,0.328125,False,False
2953,WTCOIUFDADRLJI-UHFFFAOYSA-N,0.26582278481012656,False,False
2952,WHQCOEXPQSJMTJ-UHFFFAOYSA-N,0.2978723404255319,False,False
2951,RYRZXSNWZHIYQX-UHFFFAOYSA-N,0.36619718309859156,False,False
2950,HLRSNGAARVOKPA-UHFFFAOYSA-N,0.2978723404255319,False,False
2949,ONEMRAJHZICRFL-UHFFFAOYSA-N,0.36619718309859156,False,False
2948,ZHDKXDILJXHEQY-UHFFFAOYSA-N,0.273972602739726,False,False
2947,RGDQIHWPJBLADF-UHFFFAOYSA-N,0.40963855421686746,False,False
2946,VWRGFHZBGYJAJY-UHFFFAOYSA-N,0.3492063492063492,False,False
2945,MFRZNUXMDIKGBN-UHFFFAOYSA-N,0.3253012048192771,False,False
2944,BSFAJHWUNIDRJW-UHFFFAOYSA-N,0.7848101265822784,False,False
2943,BWOFQPMIDXIVLV-UHFFFAOYSA-N,0.8292682926829268,False,False
2942,UBDPXGXKOOHSIE-UHFFFAOYSA-N,0.9047619047619048,False,True
2941,SBGJSWPUBBJYLC-UHFFFAOYSA-N,0.8928571428571429,False,True
2940,LUZPLOCJLQXLQA-UHFFFAOYSA-N,0.9047619047619048,False,True
2939,SRPYVYWQLCJJBP-UHFFFAOYSA-N,0.9047619047619048,False,True
2938,YNSXEKYFUGVPFM-UHFFFAOYSA-N,1.0,True,True
2937,VNPAEWZAZAPDIJ-UHFFFAOYSA-N,0.8717948717948718,False,True
2936,LRDXAOKTQOEMDC-UHFFFAOYSA-N,0.75,False,False
2935,YUVUDFGVAMCSLE-UHFFFAOYSA-N,0.7571428571428571,False,False
2934,YWVOORFJARFYGT-XBXARRHUSA-N,0.6944444444444444,False,False
2933,BXMFMNBYVCNHCH-UHFFFAOYSA-N,1.0,True,True
2932,WQTRIUDZDKAKTG-UHFFFAOYSA-N,0.7681159420289855,False,False
2931,VTNTURHOFZDIDN-UHFFFAOYSA-N,1.0,True,True
2930,ZHSKDNZFKUGRBS-UHFFFAOYSA-N,0.7123287671232876,False,False
2929,JWIKBNHAGKTCSR-UHFFFAOYSA-N,0.6712328767123288,False,False
2928,HVGVXTMIJBEFSO-UHFFFAOYSA-N,0.8787878787878788,False,True
2927,UWWXQSPZCIHELE-UHFFFAOYSA-N,1.0,True,True
2926,LCFRFBRMSLEXJL-UHFFFAOYSA-N,1.0,True,True
2925,OTSBHVNFWKVPMY-UHFFFAOYSA-N,1.0,True,True
2924,BULCSZAPIUXBHD-UHFFFAOYSA-N,1.0,True,True
2923,VXKPZKMODQZJQW-UHFFFAOYSA-N,1.0,True,True
2922,BYVSCKPDCFRSML-UHFFFAOYSA-N,0.8493150684931506,False,False
2921,WCFYBRFBSQVDAJ-UHFFFAOYSA-N,1.0,True,True
2920,YBLMOVNFRXJLNG-UHFFFAOYSA-N,1.0,True,True
2919,DOKAPKZMYDLVOE-UHFFFAOYSA-N,1.0,True,True
2918,FYMBNQWNWKQCTI-UHFFFAOYSA-N,1.0,True,True
2917,HNNHEQRZNFLUHK-UHFFFAOYSA-N,1.0,True,True
2916,WPXBBDDWRXMCMP-UHFFFAOYSA-N,1.0,True,True
2915,NHLSBEFLITXPDM-UHFFFAOYSA-N,1.0,True,True
2914,ZOOFMENFTSCQCU-UHFFFAOYSA-N,1.0,True,True
2913,MEVXFXVDOZPDAP-UHFFFAOYSA-N,1.0,True,True
2912,YHAKJTLQZMUPCS-UHFFFAOYSA-N,1.0,True,True
2911,RKNNPLKDFGDCAJ-UHFFFAOYSA-N,1.0,True,True
2910,ZGDCDYWFGPFMSO-UHFFFAOYSA-N,1.0,True,True
2909,OJIOEOIKVMRCPR-UHFFFAOYSA-N,1.0,True,True
2908,JLJRLKQYLPGKGI-UHFFFAOYSA-N,1.0,True,True
2907,VKCPAUKDEASHHH-UHFFFAOYSA-N,1.0,True,True
2906,OGBRCEYKNZIXFY-UHFFFAOYSA-N,1.0,True,True
2905,VYYOGEHPAMZPSQ-UHFFFAOYSA-N,1.0,True,True
2904,KPSDEBOPURTRLW-UHFFFAOYSA-N,1.0,True,True
2903,FBJDOMAUJAZZCZ-UHFFFAOYSA-N,1.0,True,True
2902,MHTMGPIMJLAXBP-UHFFFAOYSA-N,1.0,True,True
2901,BCCVMEZMRYSIML-UHFFFAOYSA-N,1.0,True,True
2900,RTEWATSQXQLGJD-UHFFFAOYSA-N,1.0,True,True
2899,YPUPNZZMUSVHSB-UHFFFAOYSA-N,1.0,True,True
2898,IPRLKWXVJOVXSN-UHFFFAOYSA-N,1.0,True,True
2897,JZGPZDIEYPFSDR-UHFFFAOYSA-N,1.0,True,True
2896,NCJXMDLHAIBQIV-UHFFFAOYSA-N,1.0,True,True
2895,GNMIAQOJACBKRC-UHFFFAOYSA-N,1.0,True,True
2894,WTZAOHLMAJAECI-UHFFFAOYSA-N,1.0,True,True
2893,YDOPFLYDYZIKJH-UHFFFAOYSA-N,1.0,True,True
2892,CERKFXQSEPXGMS-UHFFFAOYSA-N,1.0,True,True
2891,NYALBDSQLKWEAW-UHFFFAOYSA-N,1.0,True,True
2890,KYZPVSMGBRSVOQ-UHFFFAOYSA-N,1.0,True,True
2889,SCBXDYBWLTUMQQ-UHFFFAOYSA-N,1.0,True,True
2888,KWPFQQCLIJGRNM-UHFFFAOYSA-N,1.0,True,True
2887,XANXFUXIXRLBSI-UHFFFAOYSA-N,1.0,True,True
2886,ZJJWUWSMGRXJIN-UHFFFAOYSA-N,1.0,True,True
2885,XLXIHGVMOSYPHT-UHFFFAOYSA-N,1.0,True,True
2884,HNNWDZMOTDNJQF-UHFFFAOYSA-N,1.0,True,True
2883,BBKOLFVAMCDXBL-UHFFFAOYSA-N,1.0,True,True
2882,AOPFDRODIHTGFS-UHFFFAOYSA-N,1.0,True,True
2881,QAGCXBDXMLEBAL-UHFFFAOYSA-N,1.0,True,True
2880,PDZPTDPSCMOCGP-UHFFFAOYSA-N,1.0,True,True
2879,DPPVFRFCFQIPRQ-UHFFFAOYSA-N,1.0,True,True
2878,CKBVDXPFDFIXMY-UHFFFAOYSA-N,1.0,True,True
2877,NEXAKQGLFUMSNP-UHFFFAOYSA-N,1.0,True,True
2876,NZWJTMJACDAPAL-UHFFFAOYSA-N,1.0,True,True
2875,NJCJNBJGRFJESB-UHFFFAOYSA-N,1.0,True,True
2874,ZLBLVMWFLKBHSC-UHFFFAOYSA-N,1.0,True,True
2873,FTHNPKJZIJMFGT-UHFFFAOYSA-N,1.0,True,True
2872,DHBSEKKUOIXZLH-UHFFFAOYSA-N,1.0,True,True
2871,QXDWNDTZFISQJX-UHFFFAOYSA-N,1.0,True,True
2870,WCADFXCJTLAGNP-UHFFFAOYSA-N,1.0,True,True
2869,MPRXAOMYVJCMOL-UHFFFAOYSA-N,1.0,True,True
2868,OUNPOGHDACXNBH-UHFFFAOYSA-N,1.0,True,True
2867,DKMHFOFPXSXLSB-UHFFFAOYSA-N,1.0,True,True
2866,HSPMLEKSWRTATK-UHFFFAOYSA-N,1.0,True,True
2865,TYZFHNCWUHVJGN-UHFFFAOYSA-N,1.0,True,True
2864,QJKIJQCACXIWME-UHFFFAOYSA-N,1.0,True,True
2863,GTPZJAAQQLDSIE-UHFFFAOYSA-N,1.0,True,True
2862,JLJRLKQYLPGKGI-UHFFFAOYSA-N,1.0,True,True
2861,VKCPAUKDEASHHH-UHFFFAOYSA-N,1.0,True,True
2860,OGBRCEYKNZIXFY-UHFFFAOYSA-N,1.0,True,True
2859,VYYOGEHPAMZPSQ-UHFFFAOYSA-N,1.0,True,True
2858,KPSDEBOPURTRLW-UHFFFAOYSA-N,1.0,True,True
2857,FBJDOMAUJAZZCZ-UHFFFAOYSA-N,1.0,True,True
2856,MHTMGPIMJLAXBP-UHFFFAOYSA-N,1.0,True,True
2855,BCCVMEZMRYSIML-UHFFFAOYSA-N,1.0,True,True
2854,RTEWATSQXQLGJD-UHFFFAOYSA-N,1.0,True,True
2853,YPUPNZZMUSVHSB-UHFFFAOYSA-N,1.0,True,True
2852,IPRLKWXVJOVXSN-UHFFFAOYSA-N,1.0,True,True
2851,JZGPZDIEYPFSDR-UHFFFAOYSA-N,1.0,True,True
2850,NCJXMDLHAIBQIV-UHFFFAOYSA-N,1.0,True,True
2849,GNMIAQOJACBKRC-UHFFFAOYSA-N,1.0,True,True
2848,WTZAOHLMAJAECI-UHFFFAOYSA-N,1.0,True,True
2847,YDOPFLYDYZIKJH-UHFFFAOYSA-N,1.0,True,True
2846,CERKFXQSEPXGMS-UHFFFAOYSA-N,1.0,True,True
2845,NYALBDSQLKWEAW-UHFFFAOYSA-N,1.0,True,True
2844,KYZPVSMGBRSVOQ-UHFFFAOYSA-N,1.0,True,True
2843,SCBXDYBWLTUMQQ-UHFFFAOYSA-N,1.0,True,True
2842,KWPFQQCLIJGRNM-UHFFFAOYSA-N,1.0,True,True
2841,XANXFUXIXRLBSI-UHFFFAOYSA-N,1.0,True,True
2840,ZJJWUWSMGRXJIN-UHFFFAOYSA-N,1.0,True,True
2839,XLXIHGVMOSYPHT-UHFFFAOYSA-N,1.0,True,True
2838,HNNWDZMOTDNJQF-UHFFFAOYSA-N,1.0,True,True
2837,BBKOLFVAMCDXBL-UHFFFAOYSA-N,1.0,True,True
2836,AOPFDRODIHTGFS-UHFFFAOYSA-N,1.0,True,True
2835,QAGCXBDXMLEBAL-UHFFFAOYSA-N,1.0,True,True
2834,PDZPTDPSCMOCGP-UHFFFAOYSA-N,1.0,True,True
2833,DPPVFRFCFQIPRQ-UHFFFAOYSA-N,1.0,True,True
2832,CKBVDXPFDFIXMY-UHFFFAOYSA-N,1.0,True,True
2831,NEXAKQGLFUMSNP-UHFFFAOYSA-N,1.0,True,True
2830,NZWJTMJACDAPAL-UHFFFAOYSA-N,1.0,True,True
2829,NJCJNBJGRFJESB-UHFFFAOYSA-N,1.0,True,True
2828,ZLBLVMWFLKBHSC-UHFFFAOYSA-N,1.0,True,True
2827,FTHNPKJZIJMFGT-UHFFFAOYSA-N,1.0,True,True
2826,DHBSEKKUOIXZLH-UHFFFAOYSA-N,1.0,True,True
2825,QXDWNDTZFISQJX-UHFFFAOYSA-N,1.0,True,True
2824,WCADFXCJTLAGNP-UHFFFAOYSA-N,1.0,True,True
2823,MPRXAOMYVJCMOL-UHFFFAOYSA-N,1.0,True,True
2822,OUNPOGHDACXNBH-UHFFFAOYSA-N,1.0,True,True
2821,DKMHFOFPXSXLSB-UHFFFAOYSA-N,1.0,True,True
2820,HSPMLEKSWRTATK-UHFFFAOYSA-N,1.0,True,True
2819,TYZFHNCWUHVJGN-UHFFFAOYSA-N,1.0,True,True
2818,QJKIJQCACXIWME-UHFFFAOYSA-N,1.0,True,True
2817,GTPZJAAQQLDSIE-UHFFFAOYSA-N,1.0,True,True
2816,MDSIZRKJVDMQOQ-GORDUTHDSA-N,1.0,True,True
2815,CBIDRCWHNCKSTO-UHFFFAOYSA-N,1.0,True,True
2814,WMCWYUPUFXNYNW-UHFFFAOYSA-N,0.30357142857142855,False,False
2813,JLKCZFRXTFWQPA-GOSISDBHSA-N,0.3,False,False
2812,ZENWCYSTDQZQOQ-UHFFFAOYSA-N,0.46808510638297873,False,False
2811,UVDWJQUNGDMHNT-UHFFFAOYSA-N,0.46808510638297873,False,False
2810,AIHZEWIVNMPYRK-GIWBLDEGSA-N,0.25,False,False
2809,DQPPHPVEPNXVNL-UHFFFAOYSA-N,0.2982456140350877,False,False
2808,IJFMWAXGMKJDEQ-UHFFFAOYSA-N,0.31746031746031744,False,False
2807,MHADGJFZSITQNV-XGJKCVSGSA-N,0.16,False,False
2806,RWPYFQSGDMRGSM-KNIPUYIYSA-N,0.2358490566037736,False,False
2805,XMMNNBUUNZMVPJ-MYLUPBJYSA-N,0.18478260869565216,False,False
2804,YHXZVLUFXOMWMG-ONEGZZNKSA-N,0.3170731707317073,False,False
2803,HSKCHGZLCZFHBM-SECBINFHSA-N,0.25,False,False
2802,SGIPVKMUJBFOGR-CQSZACIVSA-N,0.30612244897959184,False,False
2801,UZLMRMVUVTXJJP-UHFFFAOYSA-N,1.0,True,True
2800,UZLMRMVUVTXJJP-UHFFFAOYSA-N,1.0,True,True
2799,UZLMRMVUVTXJJP-UHFFFAOYSA-N,1.0,True,True
2798,UZLMRMVUVTXJJP-UHFFFAOYSA-N,1.0,True,True
2797,OHSPSWUQMQUVMW-UHFFFAOYSA-N,1.0,True,True
2796,OHSPSWUQMQUVMW-UHFFFAOYSA-N,1.0,True,True
2795,OHSPSWUQMQUVMW-UHFFFAOYSA-N,1.0,True,True
2794,OHSPSWUQMQUVMW-UHFFFAOYSA-N,1.0,True,True
2793,WFRMFYGYKOBRFI-UHFFFAOYSA-N,1.0,True,True
2792,WFRMFYGYKOBRFI-UHFFFAOYSA-N,1.0,True,True
2791,WFRMFYGYKOBRFI-UHFFFAOYSA-N,1.0,True,True
2790,WFRMFYGYKOBRFI-UHFFFAOYSA-N,1.0,True,True
2789,ORUMSPZGEBONKV-DUSLRRAJSA-N,0.7142857142857143,False,False
2788,YZCQMBNGZLXRPN-ZZWBGTBQSA-N,0.782051282051282,False,False
2787,QCJZIVFGJZERCC-CGHJUBPDSA-N,1.0,True,True
2786,ZDRRJVGXBPCKLZ-CGHJUBPDSA-N,1.0,True,True
2785,MQCVGJMCPYBEDA-CILPGNKCSA-N,1.0,True,True
2784,YBGCITXEWLYNJI-ITUIMRKVSA-N,0.7922077922077922,False,False
2783,HQSGOXJDKNCISF-LDCVWXEPSA-N,0.6538461538461539,False,False
2782,PWHZCKUFWZTRSL-FNQVYPPCSA-N,1.0,True,True
2781,AZZRVKDGMPPSEI-NCEPMUHYSA-N,1.0,True,True
2780,MLZMEZMHOHRTTN-JCHZNZEOSA-N,1.0,True,True
2779,NDWDMMGMIRPZHX-VMZLPSRASA-N,1.0,True,True
2778,NDWDMMGMIRPZHX-UTYLNVFUSA-N,1.0,True,True
2777,BJMMFLDTBVGHPK-VVEAPULLSA-N,1.0,True,True
2776,KUALBFMUGPQKGY-DKXWPYLSSA-N,1.0,True,True
2775,PWHZCKUFWZTRSL-XSSWLBODSA-N,1.0,True,True
2774,RVSMOGBVQMMDGI-GEVOTYNVSA-N,1.0,True,True
2773,RVSMOGBVQMMDGI-YWJOTKCDSA-N,1.0,True,True
2772,KUALBFMUGPQKGY-JBUCIZAMSA-N,1.0,True,True
2771,GXJXMUIRRLPWAR-JCHZNZEOSA-N,1.0,True,True
2770,PYGNREUCCKZLHN-PLYLYKGUSA-N,1.0,True,True
2769,NWKMGZVLSBGFKA-WIABVSTJSA-N,1.0,True,True
2768,NWKMGZVLSBGFKA-JAZHDRERSA-N,1.0,True,True
2767,WRIOIKMRYKSUOQ-FXDYGKIASA-N,1.0,True,True
2766,BVKFLBNXIQVXHW-FNPAGISBSA-N,1.0,True,True
2765,YUKCCZRRUXFBCO-CEBUJLNPSA-N,1.0,True,True
2764,LPQYVZOQLBYPFI-AWZJVSRPSA-N,1.0,True,True
2763,XPEIMWGKYSNCEC-CZWSTGFNSA-N,1.0,True,True
2762,XPEIMWGKYSNCEC-PMWNSHPQSA-N,1.0,True,True
2761,LPQYVZOQLBYPFI-IRKIVABCSA-N,1.0,True,True
2760,YJIHRTUYFCBVOA-QLMXRQDHSA-N,1.0,True,True
2759,QYHAUGJASGGCDL-LMUZMDBKSA-N,1.0,True,True
2758,GAOJIXFCQSVZHE-OERQIQHUSA-N,1.0,True,True
2757,JXHZUXHZKIWABU-WUBHUQEYSA-N,1.0,True,True
2756,UOIOKMUOVOPYTB-YARKEONHSA-N,1.0,True,True
2755,ZXTKIMIUTIWBFW-OZEVUELHSA-N,1.0,True,True
2754,ZXTKIMIUTIWBFW-CZKNKUHGSA-N,1.0,True,True
2753,BTXYPQIJGHLIRY-DEHGSCIJSA-N,1.0,True,True
2752,BTXYPQIJGHLIRY-GLVHUDOTSA-N,1.0,True,True
2751,GPCLPBAWDMWHAZ-BDWXYOHUSA-N,1.0,True,True
2750,GPCLPBAWDMWHAZ-XFLGVMGLSA-N,1.0,True,True
2749,RLSVQNKUFLBNQA-ZZHFZYNASA-N,0.8160919540229885,False,False
2748,FFRGXXXMZWRPOT-QUWDGAPNSA-N,1.0,True,True
2747,ZRBMXOLHCMZIHR-FVJSTVBYSA-N,1.0,True,True
2746,ZRBMXOLHCMZIHR-NKCJRBOESA-N,1.0,True,True
2745,ZRBYNCYPTDIPPN-CHQVSRGASA-N,1.0,True,True
2744,ZRBMXOLHCMZIHR-KWTIXWLSSA-N,1.0,True,True
2743,GESZPIVKBBFLLU-LMUZMDBKSA-N,0.8765432098765432,False,True
2742,GCRMNKSIEKIHGI-ZZHFZYNASA-N,1.0,True,True
2741,OPNPBQOHAOOACS-QUWDGAPNSA-N,1.0,True,True
2740,QJXLECJUQVWBEI-BXXZMZEQSA-N,1.0,True,True
2739,ZRBMXOLHCMZIHR-SPWWPEAASA-N,1.0,True,True
2738,CITDQLWMSNZXTA-ALLRNTDFSA-N,1.0,True,True
2737,FKCUCBRFVPDQJT-ZZHFZYNASA-N,0.972972972972973,True,True
2736,LYUXFRUHOIVALG-XADRRFQNSA-N,0.972972972972973,True,True
2735,PQKBURORFJHUAH-PKMDPOOCSA-N,0.8735632183908046,False,True
2734,AQNZCJGCTGUCBG-ALLRNTDFSA-N,0.8604651162790697,False,True
2733,KCOJGPGDRKSEIA-LMUZMDBKSA-N,0.926829268292683,False,True
2732,IPOYYWGPWYGVRP-ZZDYIDRTSA-N,0.8735632183908046,False,True
2731,AZLIYBWRIUXNBY-XADRRFQNSA-N,0.8522727272727273,False,True
2730,JPTNRZBZSUZXCS-ZZDYIDRTSA-N,0.926829268292683,False,True
2729,KRYFJQROZXGDIT-XFUDGVOMSA-N,1.0,True,True
2728,KRYFJQROZXGDIT-YFWNFPKUSA-N,1.0,True,True
2727,IZZXUPWCJPGPSV-XADRRFQNSA-N,0.8705882352941177,False,True
2726,JMMPKQKGEYJJJC-QUWDGAPNSA-N,0.8658536585365854,False,True
2725,MOXXIYADXWHJBU-ZZHFZYNASA-N,1.0,True,True
2724,FUAYAGBTRJJGDY-CJCLDZNCSA-N,1.0,True,True
2723,FUAYAGBTRJJGDY-WOAJTTNTSA-N,1.0,True,True
2722,IDONZMCVVIZLIF-CEBUJLNPSA-N,0.8658536585365854,False,True
2721,WQFWCFKPPMQVAS-CHQVSRGASA-N,0.8202247191011236,False,False
2720,FUAYAGBTRJJGDY-JWHSKYAKSA-N,1.0,True,True
2719,FUAYAGBTRJJGDY-KHPVKOIVSA-N,1.0,True,True
2718,IOYMPPFBYWVKTO-UATZKKSISA-N,1.0,True,True
2717,IOYMPPFBYWVKTO-BFVUVJTMSA-N,1.0,True,True
2716,CNFKYURPKQBELX-BWDMCYIDSA-N,0.8620689655172413,False,True
2715,CNZTXLCPXJZKGW-UHFKCPIBSA-N,0.8588235294117647,False,True
2714,TYLBGJUISCIBFU-XADRRFQNSA-N,0.8705882352941177,False,True
2713,LKPQDTMGKJQQNG-FXEWOZTMSA-N,0.927710843373494,False,True
2711,UVLCFSVXJQWHJS-RNGWYWFMSA-N,0.927710843373494,False,True
2710,NIFADYZRBWFRAH-QPTYLFILSA-N,1.0,True,True
2709,NIFADYZRBWFRAH-GUXMVRKTSA-N,1.0,True,True
2708,DUULKBOWZKOUBM-ZZDYIDRTSA-N,0.8674698795180723,False,True
2707,CZGJLSQUSYXENG-CTLOQAHHSA-N,0.8045977011494253,False,False
2706,FYPCHQQZKPEFLH-BWDMCYIDSA-N,0.8620689655172413,False,True
2704,NIFADYZRBWFRAH-QHRJKKSMSA-N,1.0,True,True
2703,NIFADYZRBWFRAH-NZQIERQHSA-N,1.0,True,True
2702,XYPUXFAQOHRCRU-UHFFFAOYSA-N,0.7647058823529411,False,False
2700,GXRNECDFNQIFER-ABUISPTMSA-N,1.0,True,True
2699,YRKYJTHXNYUPIS-UFYOLCNESA-N,1.0,True,True
2698,YRKYJTHXNYUPIS-FKKWHSLKSA-N,1.0,True,True
2697,BSHHEJIYXPJXGN-KHGMNHPXSA-N,1.0,True,True
2696,GYIXSQPPFAGREZ-OTRGCCRKSA-N,1.0,True,True
2695,GYIXSQPPFAGREZ-CXJBPYJWSA-N,1.0,True,True
2694,PZYUCDMZUHBWCL-UHFKCPIBSA-N,0.8,False,False
2693,GXRNECDFNQIFER-XJYGNXHMSA-N,1.0,True,True
2691,BSHHEJIYXPJXGN-FXEWOZTMSA-N,1.0,True,True
2690,BSHHEJIYXPJXGN-GEPHYMHJSA-N,1.0,True,True
2689,CNINVVNJVQCHIS-XADRRFQNSA-N,1.0,True,True
2687,QEAPKAMMMYHLGB-DMBMYEMMSA-N,1.0,True,True
2686,HVLRUQCLJJLDTO-HADLQSQHSA-N,1.0,True,True
2685,JSNMBTFJYSOQSS-XEGCMXMBSA-N,0.825,False,False
2684,BSHHEJIYXPJXGN-TUUGQQNOSA-N,1.0,True,True
2681,QNYBGUNOLZSCMG-JBDSFLLVSA-N,1.0,True,True
2680,QNYBGUNOLZSCMG-XMYSOZRRSA-N,1.0,True,True
2679,DGKRXQZJSJZULF-RNGWYWFMSA-N,1.0,True,True
2678,QUSLCXILWBYJJG-XMMISQBUSA-N,0.7804878048780488,False,False
2677,HVLRUQCLJJLDTO-DEWJTGPOSA-N,1.0,True,True
2676,UMAQXSSVGZFAFW-ZZQMYFLFSA-N,1.0,True,True
2675,ZSJIBRSJPWMWCS-UHFKCPIBSA-N,0.8588235294117647,False,True
2673,SRTPVUXTUDBSHN-GVKMRLRKSA-N,0.8780487804878049,False,True
2672,QEAPKAMMMYHLGB-WJKIODJZSA-N,1.0,True,True
2671,OPWTVYGWLHPDQY-XDUKQZEWSA-N,1.0,True,True
2670,OPWTVYGWLHPDQY-OFWFDNEESA-N,1.0,True,True
2669,UAABJYAQOUELOC-PLYLYKGUSA-N,0.9259259259259259,False,True
2668,DGKRXQZJSJZULF-NMECVTBRSA-N,1.0,True,True
2667,HUFNPIHGOPMTKG-ZYXIRPAESA-N,1.0,True,True
2666,HUFNPIHGOPMTKG-BPSAXOFESA-N,1.0,True,True
2665,SAEBCQUOZNLRRH-BXXZMZEQSA-N,0.9259259259259259,False,True
2664,PDSUNDYFWYRDGE-DVVOHRMSSA-N,0.9259259259259259,False,True
2663,MWDVUANQJZTLOA-BPSAXOFESA-N,1.0,True,True
2662,MWDVUANQJZTLOA-ZYXIRPAESA-N,1.0,True,True
2661,TZAAIJZQFBTIJG-ZZDADZMISA-N,1.0,True,True
2660,IIMZCULFNVNCQF-RIPNAOJKSA-N,0.8409090909090909,False,False
2659,QCUMNAFERMXMLZ-QUWDGAPNSA-N,0.9285714285714286,False,True
2658,PRCLPUTUQLATPP-LNHVSWCISA-N,1.0,True,True
2656,FMMKYECUBYMIER-QDFIMERLSA-N,0.8372093023255814,False,False
2655,YPRSKNJXVXGCLL-ZZHFZYNASA-N,0.9294117647058824,False,True
2654,TZAAIJZQFBTIJG-JVGLNZDTSA-N,1.0,True,True
2653,MNVRYYQGYWBUMJ-BXXZMZEQSA-N,0.927710843373494,False,True
2652,MEZLZYQNWIUBOC-DNSVSACFSA-N,1.0,True,True
2651,PRCLPUTUQLATPP-CQYZJTAXSA-N,1.0,True,True
2650,YUGUDJBBHDZCFB-ZZDYIDRTSA-N,0.9146341463414634,False,True
2649,FKLGOFKPEBHEAV-GOSUSVMYSA-N,0.9390243902439024,False,True
2648,JLXGEYMMPOAEQB-YMNMSCCVSA-N,1.0,True,True
2647,JLXGEYMMPOAEQB-HNUNZDCVSA-N,1.0,True,True
2646,MEZLZYQNWIUBOC-WAKFKJCDSA-N,1.0,True,True
2645,RVZDRLHJJXZJRV-FOZNRTCYSA-N,0.8571428571428571,False,True
2644,VDQBYMPVZHSRDR-VFJJKEERSA-N,0.8641975308641975,False,True
2643,NUDGTWBMNBUJCW-ALLRNTDFSA-N,0.9302325581395349,False,True
2642,VUMTZNNUMHVMTD-QUWDGAPNSA-N,0.9318181818181818,False,True
2641,QBQWNQTWENASIT-AAJVBWRUSA-N,1.0,True,True
2640,OMPHYENXZIFWBX-FVVHVWBPSA-N,0.95,False,True
2639,SIKUGPQUFRGOGM-ALLRNTDFSA-N,0.8837209302325582,False,True
2638,XHEKGLFQNOQBDF-QUWDGAPNSA-N,0.8809523809523809,False,True
2637,GMXBKEXRDODFFV-ZZHFZYNASA-N,0.8837209302325582,False,True
2636,ONDLKUQCYBLXLZ-BXXZMZEQSA-N,0.8809523809523809,False,True
2635,CAYPTCQWKAUKCI-BXXZMZEQSA-N,0.7951807228915663,False,False
2634,KSRVTSHYYSQVAO-BXXZMZEQSA-N,0.8674698795180723,False,True
2633,GUVZZWRXIRKWHV-BXXZMZEQSA-N,0.8846153846153846,False,True
2632,UEJRVMUAQAXOOL-BVOOQYFDSA-N,1.0,True,True
2631,SNQHXRSXAIDBPR-XADRRFQNSA-N,1.0,True,True
2630,KPQSQQBPVDYCKG-CEBUJLNPSA-N,0.9302325581395349,False,True
2629,POSZSAJAGZAIFK-FOZNRTCYSA-N,0.9390243902439024,False,True
2628,XSCRIDOMGGGHLD-MXKRKJNMSA-N,0.95,False,True
2627,QBQWNQTWENASIT-OIEXWRJMSA-N,1.0,True,True
2626,BJNHVWZBZWSHED-BXXZMZEQSA-N,0.8390804597701149,False,False
2625,OHZPREPCPXFJCN-ALLRNTDFSA-N,0.8352941176470589,False,False
2624,YAJRUPDQDWDVJF-BXXZMZEQSA-N,0.8048780487804879,False,False
2623,QPTGCGJDMZNHEU-BXXZMZEQSA-N,1.0,True,True
2622,QVAFLMHKIFLHNQ-YTUWVCBBSA-N,1.0,True,True
2621,QVAFLMHKIFLHNQ-QEGCZXFXSA-N,1.0,True,True
2620,KOGFHQDUVBKWCM-ZZHFZYNASA-N,1.0,True,True
2619,GKYVTDYBTIERFO-ALLRNTDFSA-N,0.8625,False,True
2618,WFNZPMPEGIXFRD-OYWAGKKJSA-N,0.797752808988764,False,False
2617,CKBDZOPMOXMQJD-CEBUJLNPSA-N,0.926829268292683,False,True
2616,IHXYFBYVRJAWAD-BXXZMZEQSA-N,0.8888888888888888,False,True
2615,QXYUHQHJHDWAAX-YOTGDBBNSA-N,1.0,True,True
2614,QXYUHQHJHDWAAX-JZMJDDPMSA-N,1.0,True,True
2613,QXYUHQHJHDWAAX-OZUWVVGYSA-N,1.0,True,True
2612,QXYUHQHJHDWAAX-FREBSRCESA-N,1.0,True,True
2611,ZKFROQQONOTFDZ-COIUTYMZSA-N,1.0,True,True
2610,ZKFROQQONOTFDZ-HALRZYKASA-N,1.0,True,True
2609,ZKFROQQONOTFDZ-YNTIIKLPSA-N,1.0,True,True
2608,ZKFROQQONOTFDZ-XYZPQGDJSA-N,1.0,True,True
2607,GHAUHKTZPFSILG-ZZHFZYNASA-N,0.7857142857142857,False,False
2606,GPRLUMLEOPIGRQ-FOZNRTCYSA-N,0.9375,False,True
2605,QQHYISMGQOIRGV-ALCFIZFDSA-N,0.9487179487179487,False,True
2604,UTPPQLBHEYTLMA-HWAJCCGWSA-N,0.9487179487179487,False,True
2603,UGZMWSDHSXCAGF-FJQNPZFOSA-N,1.0,True,True
2602,UGZMWSDHSXCAGF-UEUCTVFHSA-N,1.0,True,True
2601,MKUFWHATBJWDFF-UZGDAARJSA-N,1.0,True,True
2600,MKUFWHATBJWDFF-XPSPKCQMSA-N,1.0,True,True
2599,CQCRUBXYHGDSQE-VFJJKEERSA-N,0.9375,False,True
2598,GEJHPONWMOHNJA-PVCWFJFTSA-N,0.7764705882352941,False,False
2597,ORRLNYJJNMRELN-BXXZMZEQSA-N,0.8117647058823529,False,False
2596,XWWAQKCPXWBIDU-MBCWZBCWSA-N,0.8024691358024691,False,False
2593,OESPSUIMKZNOJN-QSAPEBAKSA-N,0.8734177215189873,False,True
2592,LEWCNCGTRHLILK-MYEWVLDWSA-N,1.0,True,True
2591,LEWCNCGTRHLILK-FGNOZAHOSA-N,1.0,True,True
2589,UIWJGWGQBQYBNI-QHSFNAQHSA-N,0.7831325301204819,False,False
2588,STQYMOZQBYBHGV-QSAPEBAKSA-N,0.7126436781609196,False,False
2587,YUAOZYULHRQJRY-LDGYVZPVSA-N,1.0,True,True
2586,YVHSJNQBCOFRPE-FREBSRCESA-N,1.0,True,True
2585,YUAOZYULHRQJRY-FTYWDDMFSA-N,1.0,True,True
2584,YVHSJNQBCOFRPE-LZCTVZEGSA-N,1.0,True,True
2583,LEOQPPFEWYUBDP-PVCWFJFTSA-N,0.8734177215189873,False,True
2582,JNLOSZNVDOQOOF-QSAPEBAKSA-N,0.7866666666666666,False,False
2581,ZLAGKMCETNCSMD-FTIOUJKQSA-N,1.0,True,True
2579,ZLAGKMCETNCSMD-ORZDRJFCSA-N,1.0,True,True
2578,UQAJPKZOVQUJFQ-ZQRQZVKFSA-N,0.8493150684931506,False,False
2577,NGQUZFXZDJTFBU-HKLVQRPTSA-N,1.0,True,True
2576,OITPTYOUPVQGLA-BXXZMZEQSA-N,0.8414634146341463,False,False
2575,ZKJUBMXMKVTUKP-FRJJDPGTSA-N,0.8181818181818182,False,False
2574,MDJHSQNFIRWVIW-ZZHFZYNASA-N,0.8333333333333334,False,False
2573,LUMMZRBGDYQENJ-ZZHFZYNASA-N,0.7866666666666666,False,False
2572,HIORVFSGDSTQHK-ALLRNTDFSA-N,0.8275862068965517,False,False
2571,XNWQHNXGRIBFPC-BXXZMZEQSA-N,0.9736842105263158,True,True
2570,WIKKPPJCKFQQFI-QHSFNAQHSA-N,0.8,False,False
2569,ONGMIUBUJRLMSM-QUWDGAPNSA-N,0.8222222222222222,False,False
2568,WLJWUZPBRQUJKU-ZLWINAAQSA-N,1.0,True,True
2567,WLJWUZPBRQUJKU-AQYBFWAWSA-N,1.0,True,True
2566,YRRFNQPSDHQKSX-ZZHFZYNASA-N,0.8888888888888888,False,True
2565,XQGWHIOVJZGSLS-AZUKFUIMSA-N,1.0,True,True
2564,XQGWHIOVJZGSLS-GUGDZWNMSA-N,1.0,True,True
2563,XQGWHIOVJZGSLS-NHMFUFTFSA-N,1.0,True,True
2562,XQGWHIOVJZGSLS-CKZSBMRCSA-N,1.0,True,True
2561,FHZIGKMHOAWTLH-GMMLNUAGSA-N,1.0,True,True
2559,CSACCIQVCWKVGD-ZZHFZYNASA-N,0.881578947368421,False,True
2558,RNWZCYNUXALQCK-QUWDGAPNSA-N,0.8313253012048193,False,False
2557,LBVFJPLJEPXJMC-ZZHFZYNASA-N,0.8961038961038961,False,True
2556,NGQUZFXZDJTFBU-AQYBFWAWSA-N,1.0,True,True
2555,OJSLEDPEYUFVRJ-ALLRNTDFSA-N,0.8235294117647058,False,False
2554,VKOJYHMKAYIBQY-ZQRQZVKFSA-N,0.8421052631578947,False,False
2553,MOFGKMGICBUPKS-XEGCMXMBSA-N,0.8266666666666667,False,False
2552,KPHXBJTZWVEZRT-XEGCMXMBSA-N,0.8846153846153846,False,True
2551,QGYOMIMUFLGIRH-BXXZMZEQSA-N,0.8275862068965517,False,False
2550,IIABVPQULHYKAE-ALLRNTDFSA-N,0.8571428571428571,False,True
2549,XZHBKDKQCBBUOO-BVOOQYFDSA-N,0.961038961038961,True,True
2548,GUJHQQPSKSUCDQ-QSAPEBAKSA-N,0.825,False,False
2547,OSRHAWKBUZGFNV-FTIOUJKQSA-N,1.0,True,True
2546,OSRHAWKBUZGFNV-ORZDRJFCSA-N,1.0,True,True
2545,HXLDLKIVRDNWJZ-QSAPEBAKSA-N,0.8133333333333334,False,False
2544,IGCUTSNEJMSYJX-DCCUJTHKSA-N,0.7931034482758621,False,False
2543,GSBMWQXRWVXCCX-AJZOCDQUSA-N,0.8461538461538461,False,False
2542,JWLWTUZOSGFHNO-ALLRNTDFSA-N,0.8470588235294118,False,False
2541,JYFVRCZJSFFFDR-ZZHFZYNASA-N,0.8961038961038961,False,True
2540,PVKJPNKLHUXIIW-DEHGSCIJSA-N,1.0,True,True
2539,PVKJPNKLHUXIIW-GLVHUDOTSA-N,1.0,True,True
2538,MUFRGNRTUNPUNR-AJZOCDQUSA-N,0.8666666666666667,False,True
2537,QNIGFAIOHATOBP-AJZOCDQUSA-N,0.8666666666666667,False,True
2536,FRYCQCDOVVVBJD-SSDKUHEVSA-N,1.0,True,True
2535,OECVRRZRSPUILQ-QSAPEBAKSA-N,0.8133333333333334,False,False
2534,RGMXCSSDQUTXOM-BXXZMZEQSA-N,0.8045977011494253,False,False
2533,FRYCQCDOVVVBJD-QEGCZXFXSA-N,1.0,True,True
2532,UEZJOCCOBOGNOO-VFEGMVRJSA-N,1.0,True,True
2531,FGLJEZWOQBTRET-ALLRNTDFSA-N,0.8518518518518519,False,True
2530,RFCARACAVWNLOX-CRWLQCRJSA-N,1.0,True,True
2529,FDAKPMAQXBTRQP-XADRRFQNSA-N,0.8734177215189873,False,True
2528,UVGBKDAQYQDSBM-QUWDGAPNSA-N,0.9358974358974359,False,True
2527,SNLDADNIPARHLL-ALLRNTDFSA-N,0.9358974358974359,False,True
2525,XPEIMWGKYSNCEC-SHCORVSCSA-N,1.0,True,True
2524,UEZJOCCOBOGNOO-NCEPMUHYSA-N,1.0,True,True
2523,RXSABFRFZRMPFM-ZZHFZYNASA-N,1.0,True,True
2521,OWQKNARRMAQFGN-TUWWEXQZSA-N,1.0,True,True
2520,PRCLPUTUQLATPP-COZDELPKSA-N,1.0,True,True
2519,TUYQTXVRTLUUSW-BXXZMZEQSA-N,1.0,True,True
2518,IYSOWBNZUKPBHM-MOPDZAMPSA-N,1.0,True,True
2517,RFCARACAVWNLOX-AMWOSJAMSA-N,1.0,True,True
2516,OWQKNARRMAQFGN-ZRUXRWDSSA-N,1.0,True,True
2514,XETXWKBRRKFDPQ-XADRRFQNSA-N,1.0,True,True
2513,XWKLJACECAXOOB-BXXZMZEQSA-N,1.0,True,True
2512,JVONGNRSUBPGIK-XEGCMXMBSA-N,1.0,True,True
2511,NBCZZIKGNYWTBD-LFQPHHBNSA-N,1.0,True,True
2510,QNCAOQVSXGNWOH-OWJIYDKWSA-N,1.0,True,True
2509,LEHRGVXJYSBQIH-XADRRFQNSA-N,1.0,True,True
2508,AUIJTXKTBKPKMD-LFQPHHBNSA-N,0.8311688311688312,False,False
2507,UJEXBWHAGANPEY-LFQPHHBNSA-N,1.0,True,True
2506,PCSNQBKXCZLQJH-DCCUJTHKSA-N,1.0,True,True
2505,RYZGTLNUBLGFPS-ALLRNTDFSA-N,1.0,True,True
2504,PLLOZCSCDAWSTM-BWDMCYIDSA-N,1.0,True,True
2503,WBQFKGBXFKTBNF-XADRRFQNSA-N,1.0,True,True
2501,DJSFPVGHSZTXFE-ZZHFZYNASA-N,1.0,True,True
2500,NKEVYZZKMYOPHG-QODXOHEASA-N,1.0,True,True
2499,DOUPUGBYBRYULT-QFCCLOIZSA-N,1.0,True,True
2498,AWZPCKDWNGQBJG-AJZOCDQUSA-N,1.0,True,True
2497,ZMXYLLAKUJYRER-ZZHFZYNASA-N,1.0,True,True
2496,IYSOWBNZUKPBHM-LDGYVZPVSA-N,1.0,True,True
2495,NMIMXPJNPJDPPV-BBQAJUCSSA-N,0.8714285714285714,False,True
2494,VKYJJCVSVSFXCL-YDNXMHBPSA-N,1.0,True,True
2493,VLOQYWCTACIXTQ-AJZOCDQUSA-N,1.0,True,True
2492,URYQZJAFYJWRLK-XEGCMXMBSA-N,1.0,True,True
2491,OYDOUFSJKMGMOC-HSTJUUNISA-N,1.0,True,True
2490,PCZNEEZYKAKIGV-HSTJUUNISA-N,1.0,True,True
2489,BIRHJZFZJUPXSK-OWJIYDKWSA-N,1.0,True,True
2488,MWCCAWVAKWJOOU-XEGCMXMBSA-N,1.0,True,True
2487,WSGSBPOGDUNZQB-AIBWNMTMSA-N,1.0,True,True
2486,GAPMRULXLHTMTN-HSTJUUNISA-N,1.0,True,True
2485,JUXIVJITZJESIZ-AJZOCDQUSA-N,1.0,True,True
2484,FYXKTAXGCCAQIQ-AJZOCDQUSA-N,1.0,True,True
2483,FSFLCEDQPVIVLM-BBQAJUCSSA-N,1.0,True,True
2482,NGXPWGQECBTPBZ-XEGCMXMBSA-N,1.0,True,True
2481,VGAZKSCPKZSLAL-AJZOCDQUSA-N,1.0,True,True
2479,DVZYICXFQADUFZ-HXBUSHRASA-N,1.0,True,True
2478,FIJANIZQUVIQBK-ZZDYIDRTSA-N,0.935064935064935,False,True
2477,HPJNASDAMNBXAY-VFEGMVRJSA-N,1.0,True,True
2476,HPJNASDAMNBXAY-NCEPMUHYSA-N,1.0,True,True
2475,LURPFXJYZJHXOA-YDNXMHBPSA-N,1.0,True,True
2474,LCPBIPSWEPBMBD-HSTJUUNISA-N,1.0,True,True
2473,YWDIWDBEKVQTNV-ZQRQZVKFSA-N,1.0,True,True
2472,PRIWNMBANHOZJL-AJZOCDQUSA-N,1.0,True,True
2471,XJPIZMUFFNUVIC-YMXDCFFPSA-N,1.0,True,True
2470,SZNTXSJWOVSYKG-ZQRQZVKFSA-N,0.9178082191780822,False,True
2469,XUYHJXLLQPZKLR-XEGCMXMBSA-N,1.0,True,True
2468,YLQDLMAJLAHGHX-XEGCMXMBSA-N,0.8918918918918919,False,True
2467,GLBJRSLDZXSYHB-XEGCMXMBSA-N,0.8918918918918919,False,True
2466,JJERDKDZWYWIPL-YDNXMHBPSA-N,1.0,True,True
2465,CNLLETRMELYMGY-GHNTVSCVSA-N,0.7058823529411765,False,False
2464,YDQYYJDUJOEXSL-YMXDCFFPSA-N,1.0,True,True
2463,JXSKNNCWVRDDTE-AIBWNMTMSA-N,1.0,True,True
2461,UXLDIYQLOUHYTL-PKMDPOOCSA-N,1.0,True,True
2460,BYPYGMNGALDGJR-AIBWNMTMSA-N,1.0,True,True
2459,CWSXAPVDBKNCBE-AJZOCDQUSA-N,1.0,True,True
2458,NKFAMPFLMFOSIP-AJZOCDQUSA-N,0.7972972972972973,False,False
2455,NULLFHRPBVYDBB-BXXZMZEQSA-N,1.0,True,True
2454,YMUIQRBBYZRQSK-ALLRNTDFSA-N,1.0,True,True
2453,IYWDMZQMORGRHD-XEGCMXMBSA-N,1.0,True,True
2452,IBBKNFBNPOIWKJ-CBURGOJUSA-N,1.0,True,True
2451,YNLNPAWSGMAECW-XADRRFQNSA-N,1.0,True,True
2450,IHQVFDRFGKEMGH-BCBCIFQVSA-N,1.0,True,True
2449,PMRHJYAGCCFQDG-QHELBMECSA-N,1.0,True,True
2448,LMCDKKQFFFHXGO-QHELBMECSA-N,1.0,True,True
2447,BYEFLCLXJCSGSP-HSTJUUNISA-N,1.0,True,True
2446,IBBKNFBNPOIWKJ-XLXODUMSSA-N,1.0,True,True
2445,UCHGXKUJTMJQER-JINQPTGOSA-N,0.8148148148148148,False,False
2444,UNMSUQQNZGIORS-XEGCMXMBSA-N,1.0,True,True
2443,HKPIDWAGDRQTBK-XEGCMXMBSA-N,1.0,True,True
2442,CEVKILTXTGNYIR-DCCUJTHKSA-N,1.0,True,True
2441,GTMRTNVHOYIYCU-XADRRFQNSA-N,1.0,True,True
2440,IHQVFDRFGKEMGH-RPKKJAIRSA-N,1.0,True,True
2439,XPPQYOYKAJRUDH-ZZHFZYNASA-N,1.0,True,True
2438,COGATSKIXDCOAK-DCCUJTHKSA-N,1.0,True,True
2437,ITSNWFKNHQXVEJ-QHELBMECSA-N,1.0,True,True
2436,SDEGQIIFTLAMLN-GXZRRXAUSA-N,1.0,True,True
2435,SDEGQIIFTLAMLN-OJBIZCRPSA-N,1.0,True,True
2433,GFTUDZKGXAXRLM-BWDMCYIDSA-N,1.0,True,True
2432,ZHYONRNVLDVUDI-ZZHFZYNASA-N,1.0,True,True
2431,OSRSSWSAQAIDNW-XEGCMXMBSA-N,1.0,True,True
2430,UUWAVBCLYFHITP-QHELBMECSA-N,1.0,True,True
2429,MVZFCHIWOLYADS-CHQVSRGASA-N,1.0,True,True
2428,IFCDOQXMWLOANO-QASNXKAYSA-N,1.0,True,True
2427,YKXFZVNJGWTXRN-JINQPTGOSA-N,1.0,True,True
2426,JIFVYJAOWGQNAD-XEGCMXMBSA-N,1.0,True,True
2425,CBLGAPRHRXDKRY-XADRRFQNSA-N,0.8313253012048193,False,False
2424,XTEMOVPFUZBFLG-QHELBMECSA-N,1.0,True,True
2423,HZDDYHGKQMFNQH-XADRRFQNSA-N,1.0,True,True
2422,HACXWZZHPGMCEC-BWDMCYIDSA-N,1.0,True,True
2421,LNUOIDQAHQOSIP-QHELBMECSA-N,1.0,True,True
2420,ZVBLYTIRLKMICU-XADRRFQNSA-N,1.0,True,True
2419,UTPQSOIFCIJOFJ-ZZHFZYNASA-N,1.0,True,True
2418,LZPITZNSBKRWQD-AJZOCDQUSA-N,1.0,True,True
2417,KVKCUIPNPSTQSM-BWDMCYIDSA-N,0.8148148148148148,False,False
2416,DDWZPQDPSAABDD-LFQPHHBNSA-N,1.0,True,True
2415,ILEQFOKSPVYQOJ-BWDMCYIDSA-N,1.0,True,True
2414,PRORMVUJRRMQAI-XEGCMXMBSA-N,1.0,True,True
2413,NWDPBHHBSVEHDD-CHQVSRGASA-N,1.0,True,True
2412,CAFOMJZNKAHGKH-AJZOCDQUSA-N,1.0,True,True
2410,MVVAHWYBQXEYLI-JINQPTGOSA-N,0.8481012658227848,False,False
2409,RSYHDNMFDQGWNH-ONWYWGCKSA-N,0.8205128205128205,False,False
2408,MQCVGJMCPYBEDA-XEGCMXMBSA-N,1.0,True,True
2407,LTWBZVWKNHLUOM-AJZOCDQUSA-N,0.84,False,False
2406,JPGJTCLANVRCCH-AJZOCDQUSA-N,1.0,True,True
2404,MLIIPMZRVYZYBW-HSTJUUNISA-N,1.0,True,True
2403,OFDPRRFMATWPBF-QODXOHEASA-N,1.0,True,True
2402,LGIAEFVCZHAXMI-AJZOCDQUSA-N,1.0,True,True
2401,WDXUVAAMMWDIGA-BBQAJUCSSA-N,1.0,True,True
2400,BLIPLJZKJQURAT-BVOOQYFDSA-N,1.0,True,True
2399,GXTFELIJMXJADG-BVOOQYFDSA-N,1.0,True,True
2398,CLQQBAUKKIRVFA-QODXOHEASA-N,1.0,True,True
2397,ZFOUNOUCPKPOPW-QODXOHEASA-N,1.0,True,True
2396,AGPWOTLERUQDBK-XEGCMXMBSA-N,1.0,True,True
2395,AGZXIDYGYCUJQW-AJZOCDQUSA-N,1.0,True,True
2394,UIZFZPRVPJBCBW-XADRRFQNSA-N,1.0,True,True
2393,KYHRXJFLOWLIPG-BBQAJUCSSA-N,1.0,True,True
2392,AOIQDIBORTYOBS-AJZOCDQUSA-N,1.0,True,True
2391,WBPJLDQGTBJBCK-YDNXMHBPSA-N,1.0,True,True
2390,VCLQHWIDOWPYTL-BVOOQYFDSA-N,0.9315068493150684,False,True
2389,ISBNRXRHHJJBGJ-PVCWFJFTSA-N,1.0,True,True
2388,QZUCRQYFGJKTHY-QODXOHEASA-N,0.88,False,True
2387,WJAQYKVSSANXIE-AJZOCDQUSA-N,1.0,True,True
2386,PSTZNTNUAZKUPX-OWJIYDKWSA-N,1.0,True,True
2385,INLQRYOEYUTHPO-XEGCMXMBSA-N,1.0,True,True
2384,YIQKOCAQNBTNAR-OWJIYDKWSA-N,1.0,True,True
2383,YGLYLPHOOQNASZ-XADRRFQNSA-N,1.0,True,True
2382,WMCWVYFWYCEFFL-OWJIYDKWSA-N,1.0,True,True
2381,NYPUNNLWHQXHEJ-QHELBMECSA-N,1.0,True,True
2380,UVSWEYXGOHQKEV-LFQPHHBNSA-N,1.0,True,True
2379,XAQNGLYUCICMHB-QHELBMECSA-N,1.0,True,True
2378,QFSZEDAOMUTMJQ-XADRRFQNSA-N,1.0,True,True
2377,UDBLHRPUTNAXQU-AJZOCDQUSA-N,1.0,True,True
2376,IGESDXCQRGVGEQ-XADRRFQNSA-N,1.0,True,True
2375,VYIMCQZFZPOVTK-CHQVSRGASA-N,1.0,True,True
2374,RMYOUQYJDIWRKM-YDNXMHBPSA-N,1.0,True,True
2373,AXVBZVFYNVBCRP-ZQRQZVKFSA-N,1.0,True,True
2372,KUICMJZQTXDVIT-LROBGIAVSA-N,1.0,True,True
2371,BZFKAQGXVLBKMZ-AIBWNMTMSA-N,1.0,True,True
2370,NBBJNEUPVXGFAK-OWJIYDKWSA-N,1.0,True,True
2369,OBTRWRVRLDXABY-AIBWNMTMSA-N,1.0,True,True
2368,DWMSDWZXKODLTN-AIBWNMTMSA-N,0.7733333333333333,False,False
2367,URSRWIKFGVKSJG-BWDMCYIDSA-N,1.0,True,True
2366,KHJUCWJVVNSAFY-AIBWNMTMSA-N,1.0,True,True
2365,ULPTVFKKKIPUCY-OWJIYDKWSA-N,1.0,True,True
2364,PWQDDQFHBHYPCI-AJZOCDQUSA-N,1.0,True,True
2363,ODTYWYBWWFMRFY-XNUZUHMRSA-N,1.0,True,True
2362,YKYORMGPEHVAHL-XADRRFQNSA-N,1.0,True,True
2361,AZTPPEMGXDIBGB-AJZOCDQUSA-N,1.0,True,True
2360,BUFRLZNQVKOGFO-XEGCMXMBSA-N,1.0,True,True
2359,FJBKCCGNRQPYJQ-XADRRFQNSA-N,1.0,True,True
2358,YXAOLOYZNFHVDI-AIBWNMTMSA-N,1.0,True,True
2357,ALBJZCSESWBPAM-XGLRFROISA-N,1.0,True,True
2356,ZJXHDAWOQACSES-XADRRFQNSA-N,1.0,True,True
2355,DCRLUYCFRLFTNB-XADRRFQNSA-N,1.0,True,True
2354,HBSJTGYJIHYLKW-XEGCMXMBSA-N,1.0,True,True
2353,KGUFEFZCOLGLKV-XEGCMXMBSA-N,1.0,True,True
2352,UVRVUDCIGCBNKB-HSTJUUNISA-N,1.0,True,True
2351,MDJZFCQJESLPJU-HSTJUUNISA-N,1.0,True,True
2350,ZKIONFNKYDKKHF-AJZOCDQUSA-N,1.0,True,True
2349,RQUFDPMVFOMKBJ-CILPGNKCSA-N,1.0,True,True
2348,MPJZOALGJLSDQR-FKSKYRLFSA-N,1.0,True,True
2347,MPJZOALGJLSDQR-XNUZUHMRSA-N,1.0,True,True
2346,WYBTZVGUNHBDBB-FKSKYRLFSA-N,1.0,True,True
2345,QFGKZOOEUQRNLT-HSTJUUNISA-N,1.0,True,True
2344,LXQCSUAOHRTKPP-HSTJUUNISA-N,1.0,True,True
2343,WYBTZVGUNHBDBB-XNUZUHMRSA-N,1.0,True,True
2342,LXQCSUAOHRTKPP-HWYAHNCWSA-N,1.0,True,True
2341,QFGKZOOEUQRNLT-HWYAHNCWSA-N,1.0,True,True
2340,RQUFDPMVFOMKBJ-XEGCMXMBSA-N,1.0,True,True
2339,LCNRVDGJIVFSMR-YDNXMHBPSA-N,1.0,True,True
2338,VLAKFRZJYDMFGU-YDNXMHBPSA-N,1.0,True,True
2337,ZHWUZTKRDPWBPH-BBQAJUCSSA-N,1.0,True,True
2335,QCJZIVFGJZERCC-QHELBMECSA-N,1.0,True,True
2334,OISGBIVSICQVAK-ZQRQZVKFSA-N,0.7564102564102564,False,False
2333,ZDRRJVGXBPCKLZ-QHELBMECSA-N,1.0,True,True
2332,ZVRZXLTUXWBXAH-LROBGIAVSA-N,1.0,True,True
2331,NHECZJAUJKLYIZ-ZQRQZVKFSA-N,1.0,True,True
2330,HKBONGWZZAGWEV-YMXDCFFPSA-N,1.0,True,True
2329,XLCIGNVJJPOCDS-ZQRQZVKFSA-N,1.0,True,True
2328,TZZSSYQSYUGLOY-CILPGNKCSA-N,1.0,True,True
2327,OTESXAVCNWCHKN-ZQRQZVKFSA-N,1.0,True,True
2326,JGXOVDIYSBVNQC-UHFFFAOYSA-N,0.8148148148148148,False,False
2325,HNZVZQJURGIPHH-UHFFFAOYSA-N,0.8245614035087719,False,False
2324,UTHCKYZLOFEDJD-UHFFFAOYSA-N,0.7454545454545455,False,False
2323,UHYUTSCDJHISEJ-UHFFFAOYSA-N,0.8679245283018868,False,True
2322,WTFSSUHANHSYEG-UHFFFAOYSA-N,0.7164179104477612,False,False
2321,YRGMTKBSXPSDRR-UHFFFAOYSA-N,0.8679245283018868,False,True
2320,IDKJFCBOYKEGQE-UHFFFAOYSA-N,0.7777777777777778,False,False
2319,FZCJOIBEXJJLPZ-UHFFFAOYSA-N,0.7586206896551724,False,False
2318,QWJMIPOXYNPFCV-UHFFFAOYSA-N,0.8214285714285714,False,False
2317,XVWKWROBYMAPJY-UHFFFAOYSA-N,0.8103448275862069,False,False
2316,QGTMQTJFWYXOGN-UHFFFAOYSA-N,0.8214285714285714,False,False
2315,XSVUNFLWSUASGN-UHFFFAOYSA-N,0.6923076923076923,False,False
2314,TTXKZFLFRASSRA-UHFFFAOYSA-N,0.7868852459016393,False,False
2313,BFXCITLRIAUJBZ-JYXGGTNWSA-N,0.821917808219178,False,False
2312,QBSNBWPPAUHZCL-LHQUYYRUSA-N,0.8405797101449275,False,False
2311,IATDMMGSZYXDGP-YOAWFHMFSA-N,0.7571428571428571,False,False
2310,YUINRNLIHYNIEX-JYXGGTNWSA-N,0.8405797101449275,False,False
2309,DYUMYEGVQNMNAQ-SRJWQNMQSA-N,0.8028169014084507,False,False
2308,OVHMMMSSADKXJT-RCWBWRNKSA-N,0.8028169014084507,False,False
2307,SYHMXJVGXHSWAF-UHFFFAOYSA-N,0.9027777777777778,False,True
2306,XGUZWITYIMHDPA-UHFFFAOYSA-N,0.7638888888888888,False,False
2305,BMWBNKJHFNLPSB-UHFFFAOYSA-N,0.7848101265822784,False,False
2304,VKLBVXDUCASZIK-UHFFFAOYSA-N,0.8918918918918919,False,True
2303,BKAFWQSOWGEFKI-UHFFFAOYSA-N,0.863013698630137,False,True
2302,CRZYIUMCDOFREE-UHFFFAOYSA-N,0.9,False,True
2301,WNWXQUKKPVGQJU-UHFFFAOYSA-N,0.9,False,True
2300,XUVMIINTDNPRIC-UHFFFAOYSA-N,0.8552631578947368,False,True
2299,OOPSDLDFBQLDMO-UHFFFAOYSA-N,0.8441558441558441,False,False
2298,FDKGWDQHCURSHA-UHFFFAOYSA-N,0.8873239436619719,False,True
2297,VBNPLTNBUWMUOU-UHFFFAOYSA-N,0.7761194029850746,False,False
2296,MBMRTDUDHURITE-UHFFFAOYSA-N,0.75,False,False
2295,UFRQJHZTZRNBRH-UHFFFAOYSA-N,0.84,False,False
2294,MMQZUXPNXFAFSV-UHFFFAOYSA-N,0.7878787878787878,False,False
2293,JEOBKNAQHVJYTR-UHFFFAOYSA-N,0.8589743589743589,False,True
2292,QPDSHXIVKDEEKK-UHFFFAOYSA-N,0.7761194029850746,False,False
2291,SQGAYCSXTPXUQH-UHFFFAOYSA-N,0.7792207792207793,False,False
2290,IHVCCOSWEZNSDZ-UHFFFAOYSA-N,0.8589743589743589,False,True
2289,SYHMXJVGXHSWAF-FIBGUPNXSA-N,0.9027777777777778,False,True
2288,NQUSBOCXRMEFKJ-BMSJAHLVSA-N,0.8783783783783784,False,True
2287,JNDHOMHKRMFXMQ-UHFFFAOYSA-N,0.9041095890410958,False,True
2286,OTGUDSKOQBNTGJ-UHFFFAOYSA-N,0.8666666666666667,False,True
2285,MZVNFFAQEPCTMV-UHFFFAOYSA-N,0.8701298701298701,False,True
2284,XGVIMKZLCBALFP-UHFFFAOYSA-N,0.8918918918918919,False,True
2283,UMXKPKBSJVEVLS-UHFFFAOYSA-N,0.8666666666666667,False,True
2282,LNTKFVKYWSQLCJ-UHFFFAOYSA-N,0.88,False,True
2281,ROQGBKUXXZGEBT-UHFFFAOYSA-N,0.9041095890410958,False,True
2280,XXKHSCWNAXRNPU-UHFFFAOYSA-N,0.775,False,False
2279,NBUUIHBIMMGTJN-UHFFFAOYSA-N,0.8133333333333334,False,False
2278,NRNZNMFYRNENLQ-UHFFFAOYSA-N,0.8507462686567164,False,True
2277,BDNJHIFRTUAZON-UHFFFAOYSA-N,0.8181818181818182,False,False
2276,OTNWAOCRTFCUTC-UHFFFAOYSA-N,0.6575342465753424,False,False
2275,PPVZYJCELXHCLO-UHFFFAOYSA-N,0.6351351351351351,False,False
2274,QFGIXTRHENYPTB-UHFFFAOYSA-N,0.8412698412698413,False,False
2273,NDDWJZOKBXRVGO-UHFFFAOYSA-N,0.8260869565217391,False,False
2272,WACRFNOUMJXNEI-UHFFFAOYSA-N,0.8181818181818182,False,False
2271,ZNZMJPLCLHLESD-UHFFFAOYSA-N,0.7428571428571429,False,False
2270,OGTUEZHTKOVEIF-UHFFFAOYSA-N,0.746268656716418,False,False
2269,ODIMHQFECBXAEI-UHFFFAOYSA-N,0.84375,False,False
2268,RJWSCTUUELEPCJ-UHFFFAOYSA-N,0.8333333333333334,False,False
2267,AZVOJMCJYVKUIC-UHFFFAOYSA-N,0.8333333333333334,False,False
2266,NZKDPSHCQJAORW-UHFFFAOYSA-N,0.7878787878787878,False,False
2265,MPJRTXDZVYSLHR-UHFFFAOYSA-N,0.8181818181818182,False,False
2264,FXOWIWDXIXMBEC-UHFFFAOYSA-N,0.8378378378378378,False,False
2263,GWSLPUFAIKEISI-UHFFFAOYSA-N,0.84375,False,False
2262,VYAAZDLTJIMZGE-HNHGDDPOSA-N,0.5217391304347826,False,False
2261,CHWHEPSLPVWMNC-UHFFFAOYSA-N,0.8378378378378378,False,False
2260,WRRAGYRMLASCAJ-UHFFFAOYSA-N,0.7848101265822784,False,False
2259,HZDAGXADELZGKB-UHFFFAOYSA-N,0.6447368421052632,False,False
2258,MDFGFLRCLUGPGR-UHFFFAOYSA-N,0.9242424242424242,False,True
2257,XFVYKFNNYLYWJP-UHFFFAOYSA-N,0.8939393939393939,False,True
2256,NYQVQOTXBLJIRF-UHFFFAOYSA-N,0.8939393939393939,False,True
2255,PIABWANALAOJJI-UHFFFAOYSA-N,0.7837837837837838,False,False
2254,ZBVBLBDSJKEWBB-UHFFFAOYSA-N,0.696969696969697,False,False
2253,WPBMKIJCNPMPTG-UHFFFAOYSA-N,0.8,False,False
2252,PUBDKEHHOGGHBE-UHFFFAOYSA-N,0.8235294117647058,False,False
2251,IPUADZNNKROPSE-UHFFFAOYSA-N,0.8857142857142857,False,True
2250,SJVZIADRHTWHLV-UHFFFAOYSA-N,0.7746478873239436,False,False
2249,YKWNWHANDVPECZ-UHFFFAOYSA-N,0.8028169014084507,False,False
2248,WUDWIPPPOJHDPX-UHFFFAOYSA-N,0.8615384615384616,False,True
2247,DAYRZZZSDRUHAH-UHFFFAOYSA-N,0.7361111111111112,False,False
2246,VACDNBOPNLZJOP-UHFFFAOYSA-N,0.8615384615384616,False,True
2245,JDZGTLOGHLPJAI-UHFFFAOYSA-N,0.7297297297297297,False,False
2244,HWQGSWFDWSRITJ-UHFFFAOYSA-N,0.782608695652174,False,False
2243,CKWMUJRHWRDSQS-UHFFFAOYSA-N,0.8493150684931506,False,False
2242,HXXIKYUREVYGNU-UHFFFAOYSA-N,0.8857142857142857,False,True
2241,LWWWDXYEULGIKR-UHFFFAOYSA-N,0.8513513513513513,False,True
2240,XZBBYOJDGGXVCZ-UHFFFAOYSA-N,0.8513513513513513,False,True
2239,CFHHQFQAKQYFGD-UHFFFAOYSA-N,0.7272727272727273,False,False
2238,LDASKYZEBXOOQS-UHFFFAOYSA-N,0.7727272727272727,False,False
2237,UQOVYTXLTOPUMV-UHFFFAOYSA-N,0.75,False,False
2236,STCXOQJTVNZCBA-UHFFFAOYSA-N,0.7205882352941176,False,False
2235,QRYAIBPBUSOVBB-UHFFFAOYSA-N,0.7101449275362319,False,False
2234,SYMAEAGMSYLLHM-LDCVWXEPSA-N,0.890625,False,True
2233,XKJWOQZNZIWAGO-UHFFFAOYSA-N,0.8333333333333334,False,False
2232,CYFYUWXVYOJQRL-UHFFFAOYSA-N,0.7611940298507462,False,False
2231,PMCWUXWUTZLFEV-UHFFFAOYSA-N,0.8235294117647058,False,False
2230,YXUIBXYYOJLQKS-UHFFFAOYSA-N,0.8235294117647058,False,False
2229,LYZLNNCXHQOZGM-IURRXHLWSA-N,1.0,True,True
2228,LYZLNNCXHQOZGM-LBAUFKAWSA-N,1.0,True,True
2227,XAKMDNMXRZCBQE-UHFFFAOYSA-N,0.7391304347826086,False,False
2226,PIAJGJHJMFNGKL-UHFFFAOYSA-N,0.7361111111111112,False,False
2224,RQBGEGLIAASJHO-UHFFFAOYSA-N,0.8253968253968254,False,False
2223,ZUUPSIYBFOQMJK-KDMJMNFUSA-N,0.8360655737704918,False,False
2222,XWRDZIMEQFJNJV-UHFFFAOYSA-N,0.8360655737704918,False,False
2221,OOSDZQFTBGDBCY-DUWYVTJWSA-N,1.0,True,True
2220,OOSDZQFTBGDBCY-CVJHCREESA-N,1.0,True,True
2219,KLKVNEYQIRCKDP-JWTNVVGKSA-N,1.0,True,True
2218,KLKVNEYQIRCKDP-JHJOSGQCSA-N,1.0,True,True
2217,NJDVYXYHSOWWOV-XYPWUTKMSA-N,0.8095238095238095,False,False
2216,WYHNYZIYZYTKIU-UHFFFAOYSA-N,0.8888888888888888,False,True
2215,RAHFJAHRYQIPNP-UHFFFAOYSA-N,0.8333333333333334,False,False
2214,YZRCZERWNAIEDU-UHFFFAOYSA-N,0.8208955223880597,False,False
2213,UXMYEKMZHNQIAS-UHFFFAOYSA-N,0.7384615384615385,False,False
2212,QAEZVGOMIKNMFU-UHFFFAOYSA-N,0.78125,False,False
2211,MQWDNEASBAVLSC-UHFFFAOYSA-N,0.9090909090909091,False,True
2210,TZXXDNJIVDNNRS-XYPWUTKMSA-N,0.8095238095238095,False,False
2209,RYSULAHSOIFVMF-JGNLYWJMSA-N,0.6956521739130435,False,False
2208,FAOOWULVBXMKLX-UHFFFAOYSA-N,0.8387096774193549,False,False
2207,DNUKBFNVZQGRMX-UHFFFAOYSA-N,0.9830508474576272,True,True
2206,VAPLOOADBCLOHD-UHFFFAOYSA-N,0.7878787878787878,False,False
2205,CKOUUPSWYJQKAZ-UHFFFAOYSA-N,0.8387096774193549,False,False
2204,LYEARMSGIZKFHU-UHFFFAOYSA-N,0.8059701492537313,False,False
2203,VWESKIJYDSDNKD-UHFFFAOYSA-N,0.9830508474576272,True,True
2202,IVAFNRWUHOUKIB-UHFFFAOYSA-N,0.8181818181818182,False,False
2201,IYRDADJJZBTJAL-UHFFFAOYSA-N,0.9661016949152542,True,True
2200,BXPBRYWWKPNXQF-UHFFFAOYSA-N,0.7638888888888888,False,False
2199,LZAZGHWXEWHDBC-UHFFFAOYSA-N,0.8153846153846154,False,False
2198,NMWQUTXXROMXEC-MLCCFXAWSA-N,1.0,True,True
2197,CQQCVHLMIRKZFQ-TZHYSIJRSA-N,1.0,True,True
2196,SPHKPNWTCBIBBP-UHFFFAOYSA-N,0.875,False,True
2195,MWJAILSVFHIRPW-UHFFFAOYSA-N,0.8769230769230769,False,True
2194,LSUNCNZHVJVHON-UHFFFAOYSA-N,0.8769230769230769,False,True
2193,PXNFCWURZFJYJV-UHFFFAOYSA-N,0.8529411764705882,False,True
2192,JKHFFBCQEFLBCJ-UHFFFAOYSA-N,0.8382352941176471,False,False
2191,FBQPCMXGIUYAHI-UHFFFAOYSA-N,0.9206349206349206,False,True
2190,NMWQUTXXROMXEC-GICMACPYSA-N,1.0,True,True
2189,WCQHWFNPOKXCPE-UHFFFAOYSA-N,0.8840579710144928,False,True
2188,CQQCVHLMIRKZFQ-BHWOMJMDSA-N,1.0,True,True
2187,HZQALJZQGBWOFW-UHFFFAOYSA-N,0.9090909090909091,False,True
2186,BZFPUFLEHCVIMC-UHFFFAOYSA-N,0.8636363636363636,False,True
2185,LQXLMDSSFKFBRW-UHFFFAOYSA-N,0.8732394366197183,False,True
2184,OQFSJDPOVSMWQU-UHFFFAOYSA-N,0.8636363636363636,False,True
2183,LFIFQXKWBNIYLV-UHFFFAOYSA-N,0.8169014084507042,False,False
2182,VMOBPDSFPKGGMV-UHFFFAOYSA-N,0.8611111111111112,False,True
2181,DXOCNJNNJCUOND-UHFFFAOYSA-N,0.8142857142857143,False,False
2180,CVOSRXFICVQGAI-UHFFFAOYSA-N,0.8533333333333334,False,True
2179,SMVYGMLXROJBPU-UHFFFAOYSA-N,0.7361111111111112,False,False
2178,ZGQHHJROSOPECR-UHFFFAOYSA-N,0.8028169014084507,False,False
2177,QTTHIYACYMRYLP-UHFFFAOYSA-N,0.8142857142857143,False,False
2176,KUTYUVCSHRYCRH-QYCFJQJSSA-N,0.7272727272727273,False,False
2175,XEUZOKIVSMPTKW-UHFFFAOYSA-N,0.7733333333333333,False,False
2174,IXZNKWIZJRGUSP-UHFFFAOYSA-N,0.890625,False,True
2173,MJMUMNHXDJSYIF-UHFFFAOYSA-N,0.8666666666666667,False,True
2172,HFPOGYLWCIXRLC-UHFFFAOYSA-N,0.8529411764705882,False,True
2171,FTNCUZUMZYKKCL-UHFFFAOYSA-N,0.8529411764705882,False,True
2170,HJNZPMNOLMETLW-UHFFFAOYSA-N,0.8666666666666667,False,True
2169,AYFBGQKGCRJLMQ-UHFFFAOYSA-N,0.810126582278481,False,False
2168,DMRBGSNDVNGXCC-UHFFFAOYSA-N,0.6911764705882353,False,False
2167,XKILRTDRFWSTKJ-UHFFFAOYSA-N,0.8666666666666667,False,True
2166,ZGJARGRYHOTMOA-UHFFFAOYSA-N,0.8769230769230769,False,True
2165,YELMPULRKQUDFP-UHFFFAOYSA-N,0.8769230769230769,False,True
2164,QISDGMNYQBNAGM-UHFFFAOYSA-N,0.7692307692307693,False,False
2163,YDCBKGUPEYXFMS-UHFFFAOYSA-N,0.821917808219178,False,False
2162,TYXNVDMTMHVCDQ-UHFFFAOYSA-N,0.821917808219178,False,False
2161,CGALOHFDAHXXRX-UHFFFAOYSA-N,0.8309859154929577,False,False
2160,SXJHJJNCHAEMCD-UHFFFAOYSA-N,0.8309859154929577,False,False
2159,ZMWZGMASVGJLDL-UHFFFAOYSA-N,0.8142857142857143,False,False
2158,NZAZXVGKSKNLIZ-UHFFFAOYSA-N,0.65,False,False
2157,ICWVGEGPUIBBHS-UHFFFAOYSA-N,0.7868852459016393,False,False
2156,RWQYHFCUXFZYIJ-UHFFFAOYSA-N,0.7605633802816901,False,False
2155,UVQXIOFIUVMJKQ-UHFFFAOYSA-N,0.8285714285714286,False,False
2154,XXXPTRHBZHHMAP-UHFFFAOYSA-N,0.7534246575342466,False,False
2153,DWZDUATVJRZBTN-UHFFFAOYSA-N,0.7714285714285715,False,False
2152,MFPCMTVDKXVKKS-UHFFFAOYSA-N,0.6753246753246753,False,False
2151,RRIRYXRAQAGZTP-UHFFFAOYSA-N,0.746031746031746,False,False
2150,CUSLJOKMLBIRCT-UHFFFAOYSA-N,0.8142857142857143,False,False
2149,QCSPGRSLBHFFJP-UHFFFAOYSA-N,0.5357142857142857,False,False
2148,AVRYRUNBWPCJII-UHFFFAOYSA-N,0.7636363636363637,False,False
2147,PNDWORIKHQEITR-UHFFFAOYSA-N,0.6507936507936508,False,False
2146,PFPAFTIFPMZMEO-UHFFFAOYSA-N,0.8356164383561644,False,False
2145,WIFNQKSTYVKUMH-UHFFFAOYSA-N,0.875,False,True
2144,GQYHWBAEAATTKI-UHFFFAOYSA-N,0.746031746031746,False,False
2143,HAFZEVVSJYQENH-UHFFFAOYSA-N,0.75,False,False
2142,YHTYIMIBXIQXJI-UHFFFAOYSA-N,0.75,False,False
2141,NYTVHHQFZAIDMC-UHFFFAOYSA-N,0.7466666666666667,False,False
2140,BMRGBDMWAQLLSZ-UHFFFAOYSA-N,0.7142857142857143,False,False
2139,LSWQNMURJBDDQX-UHFFFAOYSA-N,0.5733333333333334,False,False
2138,NUEXHKARQTWJNQ-UHFFFAOYSA-N,0.7301587301587301,False,False
2137,QITZQXVSCCLFSO-UHFFFAOYSA-N,0.6666666666666666,False,False
2136,UKVOIQWRKJWOEL-UHFFFAOYSA-N,0.6290322580645161,False,False
2135,VJKKMPCPOYDNBX-UHFFFAOYSA-N,0.6785714285714286,False,False
2134,JZUXCPOMWDDSJY-UHFFFAOYSA-N,0.8,False,False
2133,SBRQURZHBJSXHM-UHFFFAOYSA-N,0.7605633802816901,False,False
2132,LFTFZKKQEIQTAO-UHFFFAOYSA-N,0.671875,False,False
2131,JZWFPHLTHMGNAQ-UHFFFAOYSA-N,0.8428571428571429,False,False
2130,LOJCBXXTCGXMFT-UHFFFAOYSA-N,0.8428571428571429,False,False
2129,DPZXTDQZSIBODA-UHFFFAOYSA-N,0.8615384615384616,False,True
2128,FIYSMOCAXURQAN-UHFFFAOYSA-N,0.8620689655172413,False,True
2127,JZNLNWZIYOEVCH-UHFFFAOYSA-N,0.7619047619047619,False,False
2126,PHMSXBWNCCHIHR-UHFFFAOYSA-N,0.8484848484848485,False,False
2125,BQRIMAFRYVDTCQ-UHFFFAOYSA-N,0.8405797101449275,False,False
2124,SDBDXMQFGNEVKU-UHFFFAOYSA-N,0.859375,False,True
2123,LIHPZFILNCWPLY-UHFFFAOYSA-N,0.8307692307692308,False,False
2122,YBCDAEOIPZIMES-UHFFFAOYSA-N,0.859375,False,True
2121,LNSRVVPMFWJSQM-UHFFFAOYSA-N,0.76,False,False
2120,LJBXUMIVUPJZTA-UHFFFAOYSA-N,0.7611940298507462,False,False
2119,RVMIHRKSNCKRDQ-UHFFFAOYSA-N,0.859375,False,True
2118,HQQCUXXOFNSCSB-UHFFFAOYSA-N,0.859375,False,True
2117,ALUFUACDCGFGRM-UHFFFAOYSA-N,0.7878787878787878,False,False
2116,WWPQXAHBIKRBCI-UHFFFAOYSA-N,0.7733333333333333,False,False
2115,KABZDXXEFBLLBT-UHFFFAOYSA-N,0.8356164383561644,False,False
2114,JYCDSPYEJLGZRA-UHFFFAOYSA-N,0.7301587301587301,False,False
2113,PHDFLZJYKNHNPN-UHFFFAOYSA-N,0.6949152542372882,False,False
2112,QEVYAPVQTBIQIT-UHFFFAOYSA-N,0.7037037037037037,False,False
2111,FQMGUPDHBFQQBU-UHFFFAOYSA-N,0.7068965517241379,False,False
2110,HLLNUWFAWWAHES-UHFFFAOYSA-N,0.7636363636363637,False,False
2109,CUAQHLPFLXHRNH-UHFFFAOYSA-N,0.7464788732394366,False,False
2108,SMNAFEIZFLRGKN-UHFFFAOYSA-N,0.7714285714285715,False,False
2107,QUQGCPKOYHJEBK-UHFFFAOYSA-N,0.7466666666666667,False,False
2106,RPOCAWZGMBHZBK-UHFFFAOYSA-N,0.8656716417910447,False,True
2105,KSJSBBFJDWOGQJ-UHFFFAOYSA-N,0.819672131147541,False,False
2104,DQOZETWXMBUQOM-UHFFFAOYSA-N,0.6935483870967742,False,False
2103,MVUUSQPJZPNYSX-UHFFFAOYSA-N,0.7027027027027027,False,False
2102,NYPYCPZCZQLERC-UHFFFAOYSA-N,0.7567567567567568,False,False
2101,PWXOGRAOCTXFCE-UHFFFAOYSA-N,0.8026315789473685,False,False
2100,QRCMKJRPXGZSEI-UHFFFAOYSA-N,0.7887323943661971,False,False
2099,LDDDRRJSXHVMNS-UHFFFAOYSA-N,0.7777777777777778,False,False
2098,VFNOOJJHZMYJJT-UHFFFAOYSA-N,0.8243243243243243,False,False
2097,SWUZJSAQCNTVKF-UHFFFAOYSA-N,0.8243243243243243,False,False
2096,JZQHJMDVKROGMV-UHFFFAOYSA-N,0.8428571428571429,False,False
2095,AXOFZGMJGHOWDW-UHFFFAOYSA-N,0.8450704225352113,False,False
2094,FZLDISCSXNVOGE-UHFFFAOYSA-N,0.8382352941176471,False,False
2093,OJNDCCCIQFHJTQ-UHFFFAOYSA-N,0.8615384615384616,False,True
2092,IBCMFPPYYMXFCE-UHFFFAOYSA-N,0.8450704225352113,False,False
2091,LMIHPSHVOUTTLO-UHFFFAOYSA-N,0.875,False,True
2090,HXDAIPDZNHWSKB-UHFFFAOYSA-N,0.7368421052631579,False,False
2089,WKWLPDMSUOOZNP-UHFFFAOYSA-N,0.7027027027027027,False,False
2088,SVUUXZBSYYXJBA-UHFFFAOYSA-N,0.819672131147541,False,False
2087,YZPBTEFGYBYSMC-UHFFFAOYSA-N,0.7051282051282052,False,False
2086,GWOASVBLLWALPU-UHFFFAOYSA-N,0.7538461538461538,False,False
2085,BSGWHXKLWOGWLU-UHFFFAOYSA-N,0.5735294117647058,False,False
2084,CCCSGABQFYJTIT-UHFFFAOYSA-N,0.8208955223880597,False,False
2083,IYKPUQJQGVQKPF-UHFFFAOYSA-N,0.6056338028169014,False,False
2082,PGFCRFJJRAGIOO-UHFFFAOYSA-N,0.8208955223880597,False,False
2081,RSMZGHNOIXEXRQ-UHFFFAOYSA-N,0.875,False,True
12229,AFGXZDCBACJZIF-UHFFFAOYSA-N,1.0,True,True
12227,GUVOZZRPLCFGGY-XLIQUIFISA-N,1.0,True,True
12225,PWLHTQLSYWAPMZ-UHFFFAOYSA-N,1.0,True,True
12223,VRGSIZJFEYOJKC-UHFFFAOYSA-N,1.0,True,True
12221,JHELPYNZERLBPB-UHFFFAOYSA-N,1.0,True,True
12219,LIGUWZIOMSAQDG-UHFFFAOYSA-N,1.0,True,True
12243,KDFMIWYIISNBFB-UHFFFAOYSA-N,0.8648648648648649,False,True
12239,RNEBTZWCNKZSAB-UHFFFAOYSA-N,0.8648648648648649,False,True
12237,YJWDUFGYXFIAFE-UHFFFAOYSA-N,1.0,True,True
12235,XDLRZUKYZDHICS-UHFFFAOYSA-N,0.5813953488372093,False,False
12261,KTLRADKCYSWZGA-UHFFFAOYSA-N,0.8529411764705882,False,True
12259,RLHQMJYAEWWYJG-UHFFFAOYSA-N,1.0,True,True
12253,QIVBYMZVLRKNGX-UHFFFAOYSA-N,1.0,True,True
12247,ALERSRUPOAZUBZ-UHFFFAOYSA-N,0.9838709677419355,True,True
12277,YINQWPBUTXLGOD-UHFFFAOYSA-N,1.0,True,True
12275,YVKPUNSBRBTNGW-UHFFFAOYSA-N,1.0,True,True
12273,ODAMKONLQJQFQB-UHFFFAOYSA-N,1.0,True,True
12271,FYUTVYPQZOZOIP-UHFFFAOYSA-N,0.984375,True,True
12269,BEQMXLUNTNNMCB-UHFFFAOYSA-N,0.7777777777777778,False,False
12267,SFEDZLDUEXKKHE-UHFFFAOYSA-N,1.0,True,True
12265,YEFJGIDNWOINCW-UHFFFAOYSA-N,1.0,True,True
12263,JBHPGVNSJBXKMJ-UHFFFAOYSA-N,1.0,True,True
12289,FFKBKXIZCQAXHH-UHFFFAOYSA-N,0.6309523809523809,False,False
12287,KDRVYQKSRUAOSR-UHFFFAOYSA-N,1.0,True,True
12285,RMMGHXJXXZAUDL-UHFFFAOYSA-N,0.7297297297297297,False,False
12299,ZBXSOEVRFZGEAG-UHFFFAOYSA-N,1.0,True,True
2080,NBADSNDCMDGKQO-UHFFFAOYSA-N,0.7466666666666667,False,False
2079,KAPDGUITACCJHU-UHFFFAOYSA-N,0.7397260273972602,False,False
2078,NZAIYAQTNHNPOG-UHFFFAOYSA-N,0.7105263157894737,False,False
2077,NBSYSYPRHSMMPZ-UHFFFAOYSA-N,0.7397260273972602,False,False
2076,RYQJUTLVCKCOSB-UHFFFAOYSA-N,0.7222222222222222,False,False
2075,XFFYFSZXEQFLFP-UHFFFAOYSA-N,0.7123287671232876,False,False
2074,ASJGAAOMWUANIT-UHFFFAOYSA-N,0.7638888888888888,False,False
2073,IYXNGORTFKFPSM-UHFFFAOYSA-N,0.704225352112676,False,False
2072,NBWCAWNGUNHRJW-UHFFFAOYSA-N,0.7746478873239436,False,False
2071,LRSDLNNASCAECY-UHFFFAOYSA-N,0.618421052631579,False,False
2070,UVUSIYAWTPDHNX-UHFFFAOYSA-N,0.7567567567567568,False,False
2069,DVPJDQCLRIGSHA-UHFFFAOYSA-N,0.7746478873239436,False,False
2068,WNAZNOSSYDICMW-UHFFFAOYSA-N,0.7027027027027027,False,False
2067,AOEBGUIXGSCFCC-UHFFFAOYSA-N,0.7307692307692307,False,False
2066,BRNQYAJOMDTUQI-UHFFFAOYSA-N,0.7272727272727273,False,False
2065,UKMXZVZSOFYKHA-UHFFFAOYSA-N,0.8115942028985508,False,False
2064,OFRSSNIZGCPAEB-UHFFFAOYSA-N,0.7887323943661971,False,False
2063,QCYKVJPYRCNIQV-UHFFFAOYSA-N,0.7121212121212122,False,False
2062,NXXPOBAPJLWTAI-UHFFFAOYSA-N,0.7647058823529411,False,False
2061,ZHKFZGDVDJXUDD-UHFFFAOYSA-N,0.7464788732394366,False,False
2060,ZESRIFZBFBZZJG-UHFFFAOYSA-N,0.8787878787878788,False,True
2059,QRZFJYIJLMSQLJ-UHFFFAOYSA-N,0.7464788732394366,False,False
2058,KZUIYCYQYICBNM-UHFFFAOYSA-N,0.828125,False,False
2057,QZDIZUDFAAFUIJ-UHFFFAOYSA-N,0.8088235294117647,False,False
2056,MNTPALNBOWERNA-UHFFFAOYSA-N,0.6865671641791045,False,False
2055,HVPBEUAVHJGXSF-UHFFFAOYSA-N,0.7727272727272727,False,False
2054,JDFWLCAUDQGXSJ-UHFFFAOYSA-N,0.7887323943661971,False,False
2053,DDBHMADBBMSUCS-UHFFFAOYSA-N,0.6666666666666666,False,False
2052,QJUCFHHKMYYNDK-UHFFFAOYSA-N,0.7076923076923077,False,False
2051,PPYZDRCQLIDHJY-UHFFFAOYSA-N,0.5972222222222222,False,False
2050,BTWSFSSFJKSEIC-UHFFFAOYSA-N,0.7205882352941176,False,False
2049,AEPZMSQAHRKHRZ-UHFFFAOYSA-N,0.7714285714285715,False,False
2048,NBYHZTJGAJTDBV-UHFFFAOYSA-N,0.6885245901639344,False,False
2047,NYKUQLDVDODATO-UHFFFAOYSA-N,0.7352941176470589,False,False
2046,ZSUMLNZQDHAVHP-UHFFFAOYSA-N,0.8548387096774194,False,True
2045,BCLOAPUTKTVYMS-UHFFFAOYSA-N,0.84375,False,False
2044,UVWZPYWTBWCVSU-UHFFFAOYSA-N,0.8285714285714286,False,False
2043,YHKWLVCLSDMMLT-UHFFFAOYSA-N,0.7464788732394366,False,False
2042,OMFZOWXWKDEETN-UHFFFAOYSA-N,0.8857142857142857,False,True
2041,MBBUOZDCEWDPDL-UHFFFAOYSA-N,0.8857142857142857,False,True
2040,QLDWPGFTLSWJMJ-UHFFFAOYSA-N,0.7681159420289855,False,False
2039,OGQZPKKDHGNKHU-UHFFFAOYSA-N,0.7741935483870968,False,False
2038,XAQHKRXCEROIFS-UHFFFAOYSA-N,0.7808219178082192,False,False
2037,SGYWPDIAVSWYCT-UHFFFAOYSA-N,0.7777777777777778,False,False
2036,PXBTZIZGTREKJL-UHFFFAOYSA-N,0.8611111111111112,False,True
2035,WJVGREUVYLPDOV-UHFFFAOYSA-N,0.7868852459016393,False,False
2034,ZQPOJOIVJRWOCC-UHFFFAOYSA-N,0.7868852459016393,False,False
2033,FEUJZOYEWARHIB-UHFFFAOYSA-N,0.8032786885245902,False,False
2032,VZJADGWQDWFRRV-UHFFFAOYSA-N,0.8103448275862069,False,False
2031,JJHUVMZOARFJMM-UHFFFAOYSA-N,0.8135593220338984,False,False
2030,ZXUAPYKWUMKZGH-UHFFFAOYSA-N,0.8245614035087719,False,False
2029,QECSKMPPVLCWOV-UHFFFAOYSA-N,0.8333333333333334,False,False
2028,FWXMDXMNBWHQCH-UHFFFAOYSA-N,0.65,False,False
2027,BCUDBWBOTXXYGX-UHFFFAOYSA-N,0.6607142857142857,False,False
2026,KBIOZESJHVHJHS-UHFFFAOYSA-N,0.873015873015873,False,True
2025,MYGSCKNXBQAHRX-UHFFFAOYSA-N,0.873015873015873,False,True
2024,VPIRGBYKLDFBSZ-UHFFFAOYSA-N,0.8115942028985508,False,False
2023,LTXVLVKGMYHGLS-UHFFFAOYSA-N,0.704225352112676,False,False
2022,VNKZBKYKONWGPM-UHFFFAOYSA-N,0.6527777777777778,False,False
2021,UAOYDFVOSNOIHG-UHFFFAOYSA-N,0.704225352112676,False,False
2020,ABBRKVMKVYLZOJ-UHFFFAOYSA-N,0.875,False,True
2019,IMMIDCZTCRYZER-UHFFFAOYSA-N,0.6515151515151515,False,False
2018,XRLWBKHNIWWKSS-UHFFFAOYSA-N,0.75,False,False
2017,ZYCJOHPEHVKJTK-UHFFFAOYSA-N,0.8620689655172413,False,True
2016,JXWJDEABNGLVIR-UHFFFAOYSA-N,0.8620689655172413,False,True
2015,HSFLLWCTLMMODO-UHFFFAOYSA-N,0.8032786885245902,False,False
2014,HNGRMFKWGGQPIJ-UHFFFAOYSA-N,0.7936507936507936,False,False
2013,JFYQISKGPAAXHG-UHFFFAOYSA-N,0.8032786885245902,False,False
2012,YSSAUILVVNVGIX-UHFFFAOYSA-N,0.7833333333333333,False,False
2011,VOGRAUXOPLGSJE-UHFFFAOYSA-N,0.7419354838709677,False,False
2010,NCYAAXFFXQZBOZ-UHFFFAOYSA-N,0.7419354838709677,False,False
2009,MJGVPEYKSVMFPK-UHFFFAOYSA-N,0.7936507936507936,False,False
2008,RSUHJYGACDRORP-UHFFFAOYSA-N,0.7936507936507936,False,False
2007,PYRQFPXVUXDSAV-UHFFFAOYSA-N,0.7205882352941176,False,False
2006,NNPZHWLXAZDXME-UHFFFAOYSA-N,0.7721518987341772,False,False
2005,AIHDLHABYFANCO-UHFFFAOYSA-N,0.7195121951219512,False,False
2004,XKZWTFRQFGIIQL-UHFFFAOYSA-N,0.675,False,False
2003,VKNKMXWHTFVLGZ-UHFFFAOYSA-N,0.8666666666666667,False,True
2002,DRKCHKTXESYVDB-UHFFFAOYSA-N,0.875,False,True
2001,IILVLLHJFQRWMF-UHFFFAOYSA-N,0.8461538461538461,False,False
2000,PZGFCPJRHMNDNY-UHFFFAOYSA-N,0.8529411764705882,False,True
1999,HEQSUDGIQKCZEB-UHFFFAOYSA-N,0.7,False,False
1998,IRMOCCAPRWFMMB-UHFFFAOYSA-N,0.8666666666666667,False,True
1997,UQLVKGUQFKCFAQ-UHFFFAOYSA-N,0.7014925373134329,False,False
1996,DOMUIZLRBNCWJS-UHFFFAOYSA-N,0.6615384615384615,False,False
1995,ZTQCGXNTWZRXCY-UHFFFAOYSA-N,0.7931034482758621,False,False
1994,GUHRBVQRMFFIOL-UHFFFAOYSA-N,0.7931034482758621,False,False
1993,OFEWXKLUOVRILW-UHFFFAOYSA-N,0.7547169811320755,False,False
1992,NEHKIDXERTXKGA-UHFFFAOYSA-N,0.7192982456140351,False,False
1991,MAXSRUMYDLGNRM-UHFFFAOYSA-N,0.7833333333333333,False,False
1990,FVAFJZRHHCFPKB-UHFFFAOYSA-N,0.7272727272727273,False,False
1989,UHBZCTZPDNKZEE-UHFFFAOYSA-N,0.7540983606557377,False,False
1988,ULKFCFCBTVUJOH-UHFFFAOYSA-N,0.7894736842105263,False,False
1987,VQNQEJJVIVIUKF-UHFFFAOYSA-N,0.5844155844155844,False,False
1986,KIMIRHJRBNHZTG-UHFFFAOYSA-N,0.7575757575757576,False,False
1985,RCZYPUUGWMXAAB-UHFFFAOYSA-N,0.7547169811320755,False,False
1984,JGYUESUFBXKHCZ-UHFFFAOYSA-N,0.7540983606557377,False,False
1983,BBAYXQFLKCUSJV-UHFFFAOYSA-N,0.7083333333333334,False,False
1982,ZCDHGHOPBFQXLM-UHFFFAOYSA-N,0.7083333333333334,False,False
1981,LPIRVQFIPFYRNI-UHFFFAOYSA-N,0.6774193548387096,False,False
1980,UJPMUDOUQKHPLA-UHFFFAOYSA-N,0.6716417910447762,False,False
1979,HKNZHUIWPPBJMW-UHFFFAOYSA-N,0.6716417910447762,False,False
1978,UXFALWWXFYLLCT-UHFFFAOYSA-N,0.6721311475409836,False,False
1977,ZFJOSCJKNWJLJX-UHFFFAOYSA-N,0.7361111111111112,False,False
1976,OIOYWQASOJPDGM-UHFFFAOYSA-N,0.8484848484848485,False,False
1975,PMDZMRAYEPPWSR-UHFFFAOYSA-N,0.8484848484848485,False,False
1974,BYWOTYLMKZEDQT-UHFFFAOYSA-N,0.796875,False,False
1973,IWDOSJRNZCGXAF-UHFFFAOYSA-N,0.796875,False,False
1972,DPNCPLHMCZAHQX-UHFFFAOYSA-N,0.8382352941176471,False,False
1971,WMQNZOAOIRRGDJ-UHFFFAOYSA-N,0.7868852459016393,False,False
1970,LBQGELKRNNOXTH-UHFFFAOYSA-N,0.84375,False,False
1969,VLJUNERRPXGOKG-UHFFFAOYSA-N,0.84375,False,False
1968,AIYOPECQHBOLKS-UHFFFAOYSA-N,0.796875,False,False
1967,ZNHGMGZESKFCBD-UHFFFAOYSA-N,0.796875,False,False
1966,UWFVAKVKNMTJFQ-UHFFFAOYSA-N,0.7868852459016393,False,False
1965,AELSVKJZMBBQTR-UHFFFAOYSA-N,0.8333333333333334,False,False
1964,BENHKBCYURBWTF-UHFFFAOYSA-N,0.8461538461538461,False,False
1963,RIBNXJOLPATNHD-UHFFFAOYSA-N,0.8461538461538461,False,False
1962,CKHOOVLHWPGHMR-UHFFFAOYSA-N,0.7532467532467533,False,False
1961,IAIMGQBFAJBRAH-UHFFFAOYSA-N,0.7903225806451613,False,False
1960,RBINBABOPRQCRQ-UHFFFAOYSA-N,0.835820895522388,False,False
1959,IXBICCIMFXMICN-UHFFFAOYSA-N,0.84375,False,False
1958,KWCGCVCYGXAHEZ-UHFFFAOYSA-N,0.8378378378378378,False,False
1957,PGBYQBVSCNWGJS-UHFFFAOYSA-N,0.8714285714285714,False,True
1956,LLTHRYNKQFYCKF-UHFFFAOYSA-N,0.8714285714285714,False,True
1955,CIWNGFGNLIMSMD-UHFFFAOYSA-N,0.8493150684931506,False,False
1954,TUSLSUNMXDCNHC-UHFFFAOYSA-N,0.8441558441558441,False,False
1953,BGQUUNXMMSKWRJ-UHFFFAOYSA-N,0.8714285714285714,False,True
1952,PESQFDKIULCPGP-UHFFFAOYSA-N,0.8714285714285714,False,True
1951,GMOOJZHKKDFPFZ-UHFFFAOYSA-N,0.8289473684210527,False,False
1950,KFVUAFQJTXDBBX-UHFFFAOYSA-N,0.821917808219178,False,False
1949,KOZYREPJTCLCAJ-UHFFFAOYSA-N,0.8289473684210527,False,False
1948,OFPOGNUWZRFVET-UHFFFAOYSA-N,0.8289473684210527,False,False
1947,DTVFOEYDXOVSIH-UHFFFAOYSA-N,0.8142857142857143,False,False
1946,WYNUHACFNZWSRY-UHFFFAOYSA-N,0.7837837837837838,False,False
1945,BRTVTOSYZWJGKH-UHFFFAOYSA-N,0.8289473684210527,False,False
1944,STXJRJVXQKBZTM-UHFFFAOYSA-N,0.84,False,False
1943,JGSGLBFTTXQWHX-UHFFFAOYSA-N,0.7166666666666667,False,False
1942,IOOQYQOHMJRWJQ-UHFFFAOYSA-N,0.821917808219178,False,False
1941,OAFDDQSKLWZKLU-UHFFFAOYSA-N,0.8,False,False
1940,FNTYZEOVSPYQSE-UHFFFAOYSA-N,0.8,False,False
1939,CLRFILUTSKOXLF-UHFFFAOYSA-N,0.7407407407407407,False,False
1938,SETOOKHWLNKGGY-UHFFFAOYSA-N,0.8428571428571429,False,False
1937,FCXAQBXDDICVGK-UHFFFAOYSA-N,0.7948717948717948,False,False
1936,BOGSZQCOBZVZBW-UHFFFAOYSA-N,0.8421052631578947,False,False
1935,POMNGUYBKUFRPN-UHFFFAOYSA-N,0.8428571428571429,False,False
1934,YGKDVJAUMVHGNM-UHFFFAOYSA-N,0.8428571428571429,False,False
1933,VMTSQVIUIMOKAT-UHFFFAOYSA-N,0.8421052631578947,False,False
1932,RQOMBMAJANSEDT-UHFFFAOYSA-N,0.8405797101449275,False,False
1931,WHWNNSRWBXFICZ-UHFFFAOYSA-N,0.7721518987341772,False,False
1930,UEESDZFCGMDBJT-UHFFFAOYSA-N,0.7901234567901234,False,False
1929,MRCIROWXNOQPBX-UHFFFAOYSA-N,0.8266666666666667,False,False
1928,SINWTTDVAWUUHQ-UHFFFAOYSA-N,0.7162162162162162,False,False
1927,TYRVQBZEJDWRLN-UHFFFAOYSA-N,0.8285714285714286,False,False
1926,SUNLUPVBSIKRGQ-UHFFFAOYSA-N,0.7721518987341772,False,False
1925,ZXMGDKPBHZHBNG-UHFFFAOYSA-N,0.8133333333333334,False,False
1924,ZSMGRZYJMAZWDP-UHFFFAOYSA-N,0.8333333333333334,False,False
1923,JHHJKWYPNKZHIR-UHFFFAOYSA-N,0.8133333333333334,False,False
1922,JRNFPDPHSQCKQU-UHFFFAOYSA-N,0.8133333333333334,False,False
1921,DJRIKZLPBZTCRF-UHFFFAOYSA-N,0.76,False,False
1920,XWMXUSCVBNTXLF-UHFFFAOYSA-N,0.8076923076923077,False,False
1919,QEECWOCZUPGJPU-UHFFFAOYSA-N,0.8533333333333334,False,True
1918,XDVVSWMQEPAPFA-UHFFFAOYSA-N,0.8243243243243243,False,False
1917,OTCQTRKIZSOVIA-UHFFFAOYSA-N,0.8533333333333334,False,True
1916,LIXFLZJIPOYPLA-UHFFFAOYSA-N,0.8533333333333334,False,True
1915,MVJSCDAZVMZOMY-UHFFFAOYSA-N,0.7922077922077922,False,False
1914,MQXFYQDRZCUVAB-UHFFFAOYSA-N,0.8513513513513513,False,True
1913,GXELUSUCYGXOLP-UHFFFAOYSA-N,0.7922077922077922,False,False
1912,VZEWJXCZTJIEJG-UHFFFAOYSA-N,0.8513513513513513,False,True
1911,QCTVBPLJRZAGKX-UHFFFAOYSA-N,0.8714285714285714,False,True
1910,CIAZNRYAYOYJNG-UHFFFAOYSA-N,0.8714285714285714,False,True
1909,JNNBLPLCTVROKW-UHFFFAOYSA-N,0.84,False,False
1908,YAHGBQQMKWKDKA-UHFFFAOYSA-N,0.8441558441558441,False,False
1907,IEGNBMWYCHRRMQ-UHFFFAOYSA-N,0.84,False,False
1906,CYCYIDMFCAPDIQ-UHFFFAOYSA-N,0.8405797101449275,False,False
1905,VMJLIYYHYNTABX-UHFFFAOYSA-N,0.8695652173913043,False,True
1904,IVNNIJFYRFDOPE-UHFFFAOYSA-N,0.927536231884058,False,True
1903,WYXSIIILTDSYIY-UHFFFAOYSA-N,0.927536231884058,False,True
1902,GQYCMGRDWOYXQU-UHFFFAOYSA-N,0.8076923076923077,False,False
1901,ZMMAPBNQJKDPPV-UHFFFAOYSA-N,0.84,False,False
1900,SWUQOKALGARWRR-UHFFFAOYSA-N,0.7887323943661971,False,False
1899,VDWWPSKGLBZHDR-UHFFFAOYSA-N,0.7916666666666666,False,False
1898,FTLBUQYATZAURI-UHFFFAOYSA-N,0.7916666666666666,False,False
1897,OIUUNGXVGYYAEB-UHFFFAOYSA-N,0.76,False,False
1896,JZKQRFZFGIDBLI-UHFFFAOYSA-N,0.8133333333333334,False,False
1895,VJOZPPQNJKCLER-UHFFFAOYSA-N,0.8133333333333334,False,False
1894,ZXCRHOXUROPGBL-UHFFFAOYSA-N,0.821917808219178,False,False
1893,WFISPGJHDJOYCT-UHFFFAOYSA-N,0.8169014084507042,False,False
1892,BYRYZSLKKHLTMB-UHFFFAOYSA-N,0.835820895522388,False,False
1891,JVDVURUVTFYMKT-UHFFFAOYSA-N,0.8873239436619719,False,True
1890,GUKQPZFOLVUBGY-UHFFFAOYSA-N,0.7922077922077922,False,False
1889,BWHQDWSXVBJPEP-UHFFFAOYSA-N,0.8421052631578947,False,False
1888,UDTYSOGQRQMNQJ-UHFFFAOYSA-N,0.8157894736842105,False,False
1887,WQCNARDTECEFBB-UHFFFAOYSA-N,0.8873239436619719,False,True
1886,MQKMYPLSDCFRTC-UHFFFAOYSA-N,0.8356164383561644,False,False
1885,JDYOMUFPFHQTRC-UHFFFAOYSA-N,0.8493150684931506,False,False
1884,BDQRFQFIOWOHGR-UHFFFAOYSA-N,0.8493150684931506,False,False
1883,VEVFJRMHKDPTRX-UHFFFAOYSA-N,0.8356164383561644,False,False
1882,KBOBSAPLZUTQGB-UHFFFAOYSA-N,0.8450704225352113,False,False
1881,SRIKAERNKCVCBQ-UHFFFAOYSA-N,0.84,False,False
1880,ZSRMSZNOPKOTHL-UHFFFAOYSA-N,0.8714285714285714,False,True
1879,QCFSXFVAVSCMKI-UHFFFAOYSA-N,0.84,False,False
1878,GZJOSCXWAKLGGA-UHFFFAOYSA-N,0.8840579710144928,False,True
1877,WESUZRXRYPXRGW-UHFFFAOYSA-N,0.8840579710144928,False,True
1876,WVGDNGQNKIHFFM-UHFFFAOYSA-N,0.8181818181818182,False,False
1875,ODPVGNPDOICPMY-UHFFFAOYSA-N,0.8378378378378378,False,False
1874,SDPUUDNFLWZJIL-UHFFFAOYSA-N,0.8450704225352113,False,False
1873,RFRAQVKHVGHNCU-UHFFFAOYSA-N,0.8461538461538461,False,False
1872,RUPXLNGNZVOAOS-UHFFFAOYSA-N,0.9705882352941176,True,True
1871,OJKMQZQODXCPKI-UHFFFAOYSA-N,0.8461538461538461,False,False
1870,JYKQENAUYXAGJL-UHFFFAOYSA-N,0.8333333333333334,False,False
1869,SDNXMNMHCANDGM-UHFFFAOYSA-N,0.9,False,True
1868,PGWLRSYRMQTSCC-UHFFFAOYSA-N,0.8529411764705882,False,True
1867,OKACGGLLKMKTQF-UHFFFAOYSA-N,0.8591549295774648,False,True
1866,PGMYDQRFCHDGNM-UHFFFAOYSA-N,0.9,False,True
1865,PCJIMEWXNDKNJL-UHFFFAOYSA-N,0.8378378378378378,False,False
1864,YVAZHEFWFRTFSQ-UHFFFAOYSA-N,0.8591549295774648,False,True
1863,SCVHWFDHXGONBE-UHFFFAOYSA-N,0.8676470588235294,False,True
1862,GTWUIPKMINITKT-UHFFFAOYSA-N,0.8309859154929577,False,False
1861,ALGHCIYGOFYDHU-UHFFFAOYSA-N,0.8333333333333334,False,False
1860,JUHLUOXHWORHJI-UHFFFAOYSA-N,0.8235294117647058,False,False
1859,PBZFUWPULILVRP-UHFFFAOYSA-N,0.7777777777777778,False,False
1858,BBJLOFMATBSSJF-UHFFFAOYSA-N,0.7887323943661971,False,False
1857,XTQKABOIEFGLIK-UHFFFAOYSA-N,0.8333333333333334,False,False
1856,XUBJFBOVQRIXBM-UHFFFAOYSA-N,0.821917808219178,False,False
1855,ZQIXFSJWSJJXEN-UHFFFAOYSA-N,0.8472222222222222,False,False
1854,FGMJSBLUFZTHTA-UHFFFAOYSA-N,0.8289473684210527,False,False
1853,CMWYKWYWZVYCJF-UHFFFAOYSA-N,0.7777777777777778,False,False
1852,OWVWZLHJWRLOAU-UHFFFAOYSA-N,0.8732394366197183,False,True
1851,RDFXBECVRQLAES-UHFFFAOYSA-N,0.8732394366197183,False,True
1850,IJXVUOOCDAHBQL-UHFFFAOYSA-N,0.8493150684931506,False,False
1849,HCVNPDLGDGIYMR-UHFFFAOYSA-N,0.8378378378378378,False,False
1848,MYFKBMVBCCKKMP-UHFFFAOYSA-N,0.84,False,False
1847,PINWTXLLWHAQOB-UHFFFAOYSA-N,0.8513513513513513,False,True
1846,IRHGBWSGUWTDKP-UHFFFAOYSA-N,0.8235294117647058,False,False
1845,CEMVDOGBDRMETB-UHFFFAOYSA-N,0.8493150684931506,False,False
1844,ZGSBCIHNKKPQEW-UHFFFAOYSA-N,0.8142857142857143,False,False
1843,DIOZSSCIBCEVFU-UHFFFAOYSA-N,0.8235294117647058,False,False
1842,YYMBTFQMRQXNKJ-UHFFFAOYSA-N,0.7466666666666667,False,False
1841,PCSNXGFHHPWMOG-UHFFFAOYSA-N,0.8676470588235294,False,True
1840,YDSHTDXJPXRTMG-UHFFFAOYSA-N,0.8,False,False
1839,JXCTZDWOKVGWMZ-UHFFFAOYSA-N,0.8472222222222222,False,False
1838,XXVUAPNLFNZJJO-UHFFFAOYSA-N,0.8378378378378378,False,False
1837,FTFYLLZNSNZFMH-UHFFFAOYSA-N,0.821917808219178,False,False
1836,JQMHKFWFAREPCV-UHFFFAOYSA-N,0.8266666666666667,False,False
1835,JPOZQTDGSNFYAU-UHFFFAOYSA-N,0.8356164383561644,False,False
1834,CQWCMOJROHISIK-UHFFFAOYSA-N,0.8714285714285714,False,True
1833,YAFSKZIAZHPJJP-UHFFFAOYSA-N,0.8611111111111112,False,True
1832,PAVDHBGOZOIAME-UHFFFAOYSA-N,0.8309859154929577,False,False
1831,JWYXBKYYTDTZTA-UHFFFAOYSA-N,0.8611111111111112,False,True
1830,PFOCPXFTZWKHDO-UHFFFAOYSA-N,0.8266666666666667,False,False
1829,RYNWCGMPJOSQPN-UHFFFAOYSA-N,0.8194444444444444,False,False
1828,LEIDIPSLDKPUHI-UHFFFAOYSA-N,0.8378378378378378,False,False
1827,NIWOQVAHCRMZOJ-UHFFFAOYSA-N,0.8428571428571429,False,False
1826,SOIRXYYUUPMVFW-UHFFFAOYSA-N,0.8955223880597015,False,True
1825,BYPGQXOJUDNUHA-UHFFFAOYSA-N,0.7714285714285715,False,False
1824,YIRYMFGJJFNFFW-UHFFFAOYSA-N,0.7236842105263158,False,False
1823,YHYWUKJXMFJMBG-UHFFFAOYSA-N,0.9705882352941176,True,True
1822,KNESVRWTDBSZQE-FIBGUPNXSA-N,0.8970588235294118,False,True
1821,KNESVRWTDBSZQE-ZWGOZCLVSA-N,0.855072463768116,False,True
1820,FGGNXTIFUDKFSF-UHFFFAOYSA-N,0.8142857142857143,False,False
1819,AMEJKYXCYCAGTG-UHFFFAOYSA-N,0.84,False,False
1818,OZKXMLHELNILPZ-UHFFFAOYSA-N,0.8513513513513513,False,True
1817,RSSZXMUFIGWAJA-UHFFFAOYSA-N,0.8289473684210527,False,False
1816,RSHJXXFQMYGERV-UHFFFAOYSA-N,0.7903225806451613,False,False
1815,AXXIPUWIACTCCM-UHFFFAOYSA-N,0.84,False,False
1814,LANOPRSHMKPAJW-UHFFFAOYSA-N,0.821917808219178,False,False
1813,BVIHPLBSAPXSGI-UHFFFAOYSA-N,0.8356164383561644,False,False
1812,IFTAKJZZSVPVRJ-UHFFFAOYSA-N,0.821917808219178,False,False
1811,SSKHOEBNEBYBGW-UHFFFAOYSA-N,0.8493150684931506,False,False
1810,KKWYOPUYQQUWFF-UHFFFAOYSA-N,0.7714285714285715,False,False
1809,ICPLTFRYYRSCDB-UHFFFAOYSA-N,0.9393939393939394,False,True
1808,BVPWXHIGKZTZGJ-UHFFFAOYSA-N,0.8529411764705882,False,True
1807,OPPJGACXLAZPRZ-UHFFFAOYSA-N,0.9393939393939394,False,True
1806,SKGRJHYXHCYAGC-UHFFFAOYSA-N,0.8333333333333334,False,False
1805,CXWTUCPFRYQOCL-UHFFFAOYSA-N,0.8571428571428571,False,True
1804,OEVOXRNNJQDNID-UHFFFAOYSA-N,0.8571428571428571,False,True
1803,FULDKBBMBPNZBS-UHFFFAOYSA-N,0.8382352941176471,False,False
1802,YLMFEXCBUXRFNC-UHFFFAOYSA-N,0.8026315789473685,False,False
1801,WKCCLCYNRWNNCQ-UHFFFAOYSA-N,0.8688524590163934,False,True
1800,SRCXJSKHQZCWOV-UHFFFAOYSA-N,0.84375,False,False
1799,FNUSKWFKLAWAHZ-UHFFFAOYSA-N,0.8615384615384616,False,True
1798,DXASCEYQHMXQID-UHFFFAOYSA-N,0.8133333333333334,False,False
1797,WAENRAWSMJRYCU-UHFFFAOYSA-N,0.8333333333333334,False,False
1796,ROOVRKHRQWQVIX-UHFFFAOYSA-N,0.7746478873239436,False,False
1795,YHGQUSHLUPBSHC-UHFFFAOYSA-N,0.8620689655172413,False,True
1794,UKDXQSJFFMSUNW-UHFFFAOYSA-N,0.8714285714285714,False,True
1793,XUJZPIDSOOAZHX-UHFFFAOYSA-N,0.8620689655172413,False,True
1792,PCQZSBYOGIDMEF-UHFFFAOYSA-N,0.8714285714285714,False,True
1791,GUEVKOUZFSRRAF-UHFFFAOYSA-N,0.875,False,True
1790,XOVYZNHHWZKCGW-UHFFFAOYSA-N,0.8620689655172413,False,True
1789,NDKJSPOEDLICLZ-UHFFFAOYSA-N,0.8620689655172413,False,True
1788,MIHICMXCZAETGB-UHFFFAOYSA-N,0.7571428571428571,False,False
1787,RLMWEOZHZUJETP-UHFFFAOYSA-N,0.8405797101449275,False,False
1786,HMPPBTHVZGVFNK-UHFFFAOYSA-N,0.8307692307692308,False,False
1785,NYTNKSKYGNLQQG-UHFFFAOYSA-N,0.8620689655172413,False,True
1784,GGVDWFSOLLAYMP-UHFFFAOYSA-N,0.8688524590163934,False,True
1783,AIFNZHBVOQHZHL-UHFFFAOYSA-N,0.7796610169491526,False,False
1782,MMXHJGFIMSKHOC-UHFFFAOYSA-N,0.8461538461538461,False,False
1781,XZNGSDMTVVBVPT-UHFFFAOYSA-N,0.8333333333333334,False,False
1780,CBYBYVLPBSFNKC-UHFFFAOYSA-N,0.8591549295774648,False,True
1779,SGYXKSKENAGPDT-UHFFFAOYSA-N,0.8656716417910447,False,True
1778,AAFZONZJPMEDOT-UHFFFAOYSA-N,0.8636363636363636,False,True
1777,CCZSAKHZLDWZFO-UHFFFAOYSA-N,0.8285714285714286,False,False
1776,NDBATKIKZAUJID-UHFFFAOYSA-N,0.8591549295774648,False,True
1775,MMCFOUGYIPIHIX-UHFFFAOYSA-N,0.875,False,True
1774,VHMHNPWARCQJLB-UHFFFAOYSA-N,0.875,False,True
1773,PMNNVLIEYWTKNP-UHFFFAOYSA-N,0.8493150684931506,False,False
1772,LFJWNWQDHWFPHN-UHFFFAOYSA-N,0.8421052631578947,False,False
1771,KHKRGTWPTQSCNV-UHFFFAOYSA-N,0.8529411764705882,False,True
1770,KSUWMUUEEFIEGA-UHFFFAOYSA-N,0.8205128205128205,False,False
1769,PXPQWYOFTHCLEB-UHFFFAOYSA-N,0.875,False,True
1768,QWOAYGZZWNOQGU-UHFFFAOYSA-N,0.7833333333333333,False,False
1767,WVRXQRBUECMSAO-UHFFFAOYSA-N,0.7936507936507936,False,False
1766,KQSYJUJTKVIQGK-UHFFFAOYSA-N,0.7887323943661971,False,False
1765,HLPXEUIKBICIGE-UHFFFAOYSA-N,0.8421052631578947,False,False
1764,GDAWEXUBUMFNCJ-UHFFFAOYSA-N,0.7916666666666666,False,False
1763,SEMXLHGQEBYASU-UHFFFAOYSA-N,0.7540983606557377,False,False
1762,ATGCKHVSCWPJRJ-UHFFFAOYSA-N,0.8153846153846154,False,False
1761,NDLLFCFGXDQOIH-UHFFFAOYSA-N,0.8082191780821918,False,False
1760,YQFPDDSLHLOQTC-UHFFFAOYSA-N,0.8695652173913043,False,True
1759,YHBYPAOFGARPIB-UHFFFAOYSA-N,0.8591549295774648,False,True
1758,WWNXCXJAWDXAEJ-UHFFFAOYSA-N,0.8285714285714286,False,False
1757,IIPFVWNKEPJTHQ-UHFFFAOYSA-N,0.875,False,True
1756,YEXJWXXPFQRGCK-UHFFFAOYSA-N,0.84,False,False
1755,CGWFBNZHYGCYCY-UHFFFAOYSA-N,0.7971014492753623,False,False
1754,CTRZBWHWMRDWBP-UHFFFAOYSA-N,0.8472222222222222,False,False
1753,TUAYZOHPAPYBFQ-UHFFFAOYSA-N,0.8493150684931506,False,False
1752,HKOUQTLHRYYIMZ-UHFFFAOYSA-N,0.8732394366197183,False,True
1751,UPSQTCOVMNPCHN-UHFFFAOYSA-N,0.7777777777777778,False,False
1750,KQFPZHZMOKVELC-UHFFFAOYSA-N,0.8428571428571429,False,False
1749,RXIQKHIJYCTQIT-UHFFFAOYSA-N,0.873015873015873,False,True
1748,OWCKFXPQCBSTCQ-UHFFFAOYSA-N,0.821917808219178,False,False
1747,HAFDQRRVTMSGNY-UHFFFAOYSA-N,0.8135593220338984,False,False
1746,DPAUDQXTEOEJIK-UHFFFAOYSA-N,0.8115942028985508,False,False
1745,YTALBNQCFPSYPY-UHFFFAOYSA-N,0.8695652173913043,False,True
1744,ZYOMGAYDMGGQRG-UHFFFAOYSA-N,0.8596491228070176,False,True
1743,WIWWKNQVUXURKW-UHFFFAOYSA-N,0.8529411764705882,False,True
1742,RQEPDRIKZHYPOS-UHFFFAOYSA-N,0.8840579710144928,False,True
1741,CBPJMQJHFPPHEC-UHFFFAOYSA-N,0.7023809523809523,False,False
1740,ANYUNLCJJBINDI-UHFFFAOYSA-N,0.8571428571428571,False,True
1739,MPVVZWHINHIBDG-UHFFFAOYSA-N,0.8636363636363636,False,True
1738,AAHABSXIBPUZMV-UHFFFAOYSA-N,0.7714285714285715,False,False
1737,JRROAJPTSHHTEV-UHFFFAOYSA-N,0.8840579710144928,False,True
1736,SJSQRGVTMZKNGL-UHFFFAOYSA-N,0.8285714285714286,False,False
1735,HOVLRQAKSJLJEB-UHFFFAOYSA-N,0.8333333333333334,False,False
1734,BHGSNISUNHYUHE-UHFFFAOYSA-N,0.8235294117647058,False,False
1733,XXBAAMKFHZGVIU-UHFFFAOYSA-N,0.873015873015873,False,True
1732,JDTIPDAGINDDME-FIBGUPNXSA-N,0.8955223880597015,False,True
1731,SLHNLZQCQLEEAT-UHFFFAOYSA-N,0.828125,False,False
1730,SXDKREDOPIGPER-UHFFFAOYSA-N,0.8026315789473685,False,False
1729,YCVZCWRCKISKGS-UHFFFAOYSA-N,0.8461538461538461,False,False
1728,DGCGSIMKCZQJCR-UHFFFAOYSA-N,0.8732394366197183,False,True
1727,HSQRPKIHGJLURV-UHFFFAOYSA-N,0.84375,False,False
1726,CLGPRFDTRXHZNA-UHFFFAOYSA-N,0.8529411764705882,False,True
1725,NVRQVYXDQYGMNW-UHFFFAOYSA-N,0.9333333333333333,False,True
1724,OZWZZKTVHVUMLB-UHFFFAOYSA-N,0.821917808219178,False,False
1723,BUWSNFHAGFLMGJ-UHFFFAOYSA-N,0.8840579710144928,False,True
1722,WOHVWPBMUNDQMU-UHFFFAOYSA-N,0.7916666666666666,False,False
1721,CGRRQOKSXPZPFN-UHFFFAOYSA-N,0.8,False,False
1720,WNMKRDXIFSZOCF-UHFFFAOYSA-N,0.8596491228070176,False,True
1719,BZSIXEDULKSKJG-UHFFFAOYSA-N,0.8596491228070176,False,True
1718,QJSXBAKHQARLMB-UHFFFAOYSA-N,0.8082191780821918,False,False
1717,ZLVIGPLVHMMUDM-UHFFFAOYSA-N,0.8596491228070176,False,True
1716,FKDISXIYVOPQEC-UHFFFAOYSA-N,0.8245614035087719,False,False
1715,ZWIOKBVSSFZJFB-UHFFFAOYSA-N,0.8596491228070176,False,True
1714,PDJPDMIEZJXKAB-UHFFFAOYSA-N,0.8676470588235294,False,True
1713,UKGQHSAGXNTPSB-UHFFFAOYSA-N,0.8596491228070176,False,True
1712,WPXXPVMIAXIWKW-UHFFFAOYSA-N,0.859375,False,True
1711,ILWIZZZFEOYYBT-UHFFFAOYSA-N,0.859375,False,True
1710,MHKRELCDTRDMKG-UHFFFAOYSA-N,0.8529411764705882,False,True
1709,QEEJDBAPKKCOPF-UHFFFAOYSA-N,0.8333333333333334,False,False
1708,VJTODVLHPSUFDT-UHFFFAOYSA-N,0.796875,False,False
1707,TUHFWZKAMHGUTQ-UHFFFAOYSA-N,0.9333333333333333,False,True
1706,NYUKFJWLAZGPDH-UHFFFAOYSA-N,0.859375,False,True
1705,CVWOYCSUVJBNHO-UHFFFAOYSA-N,0.8333333333333334,False,False
1704,DNTGPWATRYZEOO-UHFFFAOYSA-N,0.782608695652174,False,False
1703,BSLSVVURFYYXBD-UHFFFAOYSA-N,0.8333333333333334,False,False
1702,RLRKWILANMLEHT-UHFFFAOYSA-N,0.8450704225352113,False,False
1701,GBEQUJAPYRANCP-UHFFFAOYSA-N,0.7285714285714285,False,False
1700,DORKKLMKOIDTGI-UHFFFAOYSA-N,0.7540983606557377,False,False
1699,MUFIVXCDIOUJPA-UHFFFAOYSA-N,0.8955223880597015,False,True
1698,ZHZXBXKVUBOQNM-UHFFFAOYSA-N,0.7397260273972602,False,False
1697,KEUHEPRHLWWJER-UHFFFAOYSA-N,0.7123287671232876,False,False
1696,ZTRJPBPJXGOVLA-UHFFFAOYSA-N,0.8169014084507042,False,False
1695,MGLPOCRGZLQJPI-UHFFFAOYSA-N,0.8194444444444444,False,False
1694,UNYKXODXOWGFJD-UHFFFAOYSA-N,0.8088235294117647,False,False
1693,MCNIPBXZXZLVTO-UHFFFAOYSA-N,0.8133333333333334,False,False
1692,JDTIPDAGINDDME-UHFFFAOYSA-N,0.8955223880597015,False,True
1691,KNESVRWTDBSZQE-UHFFFAOYSA-N,0.8970588235294118,False,True
1690,VNIHHXVYOYHITI-UHFFFAOYSA-N,0.8714285714285714,False,True
1689,LSNZDDKSEKMSKH-UHFFFAOYSA-N,0.8428571428571429,False,False
1688,YIICXUWRHCEFRZ-UHFFFAOYSA-N,0.7746478873239436,False,False
1686,QEOLYNAKKKPBNQ-UHFFFAOYSA-N,0.7758620689655172,False,False
1685,KASCVJSNYYBFBY-UHFFFAOYSA-N,0.8285714285714286,False,False
1684,JEFOQHPJZHANBQ-UHFFFAOYSA-N,0.5636363636363636,False,False
1683,WEWKMDHXZCICDT-UHFFFAOYSA-N,0.68,False,False
1682,LHAZILKSFSEJJE-UHFFFAOYSA-N,0.8297872340425532,False,False
1681,AYNUYDLMORPUTN-UHFFFAOYSA-N,0.509090909090909,False,False
1680,ULKGBSGPKMGWHE-UHFFFAOYSA-N,0.6212121212121212,False,False
1679,CSBOKWIAGDJTFH-UHFFFAOYSA-N,0.5454545454545454,False,False
1678,DKSNDPKNBNOKLX-UHFFFAOYSA-N,0.7169811320754716,False,False
1677,WTOZHFNSRDXILQ-UHFFFAOYSA-N,0.631578947368421,False,False
1676,WXKGYTCJKWGYRR-UHFFFAOYSA-N,0.7307692307692307,False,False
1675,MFJUMWAWMVSLCP-UHFFFAOYSA-N,0.7307692307692307,False,False
1674,UNHDVIMRCMDFTK-UHFFFAOYSA-N,0.5,False,False
1673,SOHQDJOVCGJERA-UHFFFAOYSA-N,0.660377358490566,False,False
1672,INXNDFVUVMPXJS-UHFFFAOYSA-N,0.6739130434782609,False,False
1671,JGPHOLHVFLTLIY-UHFFFAOYSA-N,0.6212121212121212,False,False
1670,WRDMHPSIVRXFTD-UHFFFAOYSA-N,0.7307692307692307,False,False
1669,LPDJXGQAESGEMM-UHFFFAOYSA-N,0.8297872340425532,False,False
1668,LDOVBFDQQLFGII-UHFFFAOYSA-N,0.6545454545454545,False,False
1667,NMGCQIWNHJTHIC-UHFFFAOYSA-N,0.803921568627451,False,False
1666,TVPRYTPTJMPJTI-UHFFFAOYSA-N,0.82,False,False
1665,DTHOIKPMQGFEJO-UHFFFAOYSA-N,0.6326530612244898,False,False
1664,PAZMDDGDGYKAFS-UHFFFAOYSA-N,0.5344827586206896,False,False
1663,VMLSNXDWJRDKAH-UHFFFAOYSA-N,0.7307692307692307,False,False
1662,PLNKATWDWYBWRW-UHFFFAOYSA-N,0.6326530612244898,False,False
1661,YZWRMMCBXMBRGN-UHFFFAOYSA-N,0.7045454545454546,False,False
1660,NGFMYGZFJQVCLT-UHFFFAOYSA-N,0.8,False,False
1659,KXMBLZRHUJGZKM-UHFFFAOYSA-N,0.8043478260869565,False,False
1658,JPGYOUHYTCSULN-UHFFFAOYSA-N,0.7551020408163265,False,False
1657,YFNCYUZWBUPKNU-UHFFFAOYSA-N,0.8043478260869565,False,False
1656,OSKWZKRMBTXOML-UHFFFAOYSA-N,0.7407407407407407,False,False
1655,XQHLMHOPJPQNRW-UHFFFAOYSA-N,0.6739130434782609,False,False
1654,CTSPYEHRZFTEDZ-UHFFFAOYSA-N,0.7547169811320755,False,False
1653,IVWWCRSWZCMMBS-UHFFFAOYSA-N,0.7321428571428571,False,False
1652,WTTDCEGSEHJJSD-UHFFFAOYSA-N,0.7169811320754716,False,False
1651,BRWDKPXOABYDCG-UHFFFAOYSA-N,0.7735849056603774,False,False
1650,KYQUHROUICQGGH-UHFFFAOYSA-N,0.7924528301886793,False,False
1649,WVLMEBBHQJPPOI-UHFFFAOYSA-N,0.7818181818181819,False,False
1648,IHQVZMKFDUXINU-UHFFFAOYSA-N,0.6727272727272727,False,False
1647,WGMHAUWWRVPNTG-UHFFFAOYSA-N,0.74,False,False
1646,AKACOGQYTSXJTA-UHFFFAOYSA-N,0.8043478260869565,False,False
1645,LNUJCMQXCDSHNR-UHFFFAOYSA-N,0.7894736842105263,False,False
1644,FRZNMUXWBWCAKC-UHFFFAOYSA-N,0.7894736842105263,False,False
1643,WHYVLGDAUFGAHL-UHFFFAOYSA-N,0.8,False,False
1642,CWBFAFKGAPWKPA-UHFFFAOYSA-N,0.7924528301886793,False,False
1641,ZEBFHRMUEJKWDU-UHFFFAOYSA-N,0.7547169811320755,False,False
1640,CTGIVSZOJOOVCS-UHFFFAOYSA-N,0.8163265306122449,False,False
1524,LZNAHHDPHLIJAU-OMLJDBBVSA-N,0.8805970149253731,False,True
1523,XFARGHLWRCOOAT-MZOUMTKKSA-N,0.9612403100775194,True,True
1522,LGLYXCUMUFHUCD-KBRSBEEHSA-N,0.8962962962962963,False,True
1521,OACAMJKBGKBXTL-KXQUNCIQSA-N,0.8818897637795275,False,True
1520,ASBBLOGGNQRNNB-MZOUMTKKSA-N,0.9242424242424242,False,True
1519,LRTOIDDKQZVNHO-SBFOEJEDSA-N,0.9612403100775194,True,True
1518,JMHZRGBNYKNHFS-ACYLSONOSA-N,0.9007633587786259,False,True
1517,ZAQVLLWUPILOCG-OMLJDBBVSA-N,0.8805970149253731,False,True
1516,VJPFKBUCDHFUGZ-OMLJDBBVSA-N,0.9242424242424242,False,True
1515,ALLIEHMUTGFCGI-DWXSIMAWSA-N,0.905511811023622,False,True
1514,ISAFTUGWJLBEHV-QNLIGVKUSA-N,0.943089430894309,False,True
1513,ZRUWFAHCVWQVGZ-KRGWWGQJSA-N,0.9262295081967213,False,True
1512,HJSVGOPVLMLYPU-NUSZFUTISA-N,1.0,True,True
1511,HJSVGOPVLMLYPU-NCAVMUNHSA-N,1.0,True,True
1510,HJSVGOPVLMLYPU-FJBAGNEASA-N,1.0,True,True
1509,CACHQARDVROANY-KXQUNCIQSA-N,0.875,False,True
1508,VDEKGBSFMZGVJZ-ACYLSONOSA-N,0.8780487804878049,False,True
1507,KGCMEXRHBUYQTE-MZOUMTKKSA-N,0.926829268292683,False,True
1506,MBBBCLNOLKQDDE-DWXSIMAWSA-N,0.9206349206349206,False,True
1505,WSMAWVXWTPLCEE-VISCNWACSA-N,0.7241379310344828,False,False
1504,LSCVNVCFOBYWKT-BYUAXTRUSA-N,0.8188405797101449,False,False
1503,FDDINCRAPSNWNK-ACYLSONOSA-N,0.9242424242424242,False,True
1502,ZNCJFWNRGVOOAQ-JFYMPWDASA-N,0.9508196721311475,True,True
1501,PINGPHNVMWGFFT-JFYMPWDASA-N,0.9508196721311475,True,True
1500,XXJSQXYXIPRJDZ-JFYMPWDASA-N,0.8709677419354839,False,True
1499,QNFUDYJCWRVSIL-JFYMPWDASA-N,0.9186991869918699,False,True
1498,QHXFIPVNBMSCHQ-LHVLETTASA-N,1.0,True,True
1497,QHXFIPVNBMSCHQ-UOHBTBFESA-N,1.0,True,True
1496,LJKPZCWTAOUQOB-NEZDCNLBSA-N,0.9344262295081968,False,True
1495,IBIIRXHGZMHXNT-QNLIGVKUSA-N,0.9186991869918699,False,True
1494,RULLYLBRBWEBBB-JGRSDJQVSA-N,0.8604651162790697,False,True
1493,AVJQUUKTIDBPIN-PXZSJYOPSA-N,0.8346456692913385,False,False
1492,HPPUMPLVTQEXTP-ACYLSONOSA-N,0.9344262295081968,False,True
1491,OOCPHCWOARBWJD-KIYXFILHSA-N,1.0,True,True
1490,SOYLICOKMCLHFD-ACYLSONOSA-N,0.9193548387096774,False,True
1489,HYJICTGZIKXWSV-JFYMPWDASA-N,0.8571428571428571,False,True
1488,NRIICIBMJLHEJV-IDGSASDKSA-N,0.8688524590163934,False,True
1487,OLKHGRACYKRGKJ-FKWNDYBHSA-N,0.7575757575757576,False,False
1486,OOCPHCWOARBWJD-PDPHLGQBSA-N,1.0,True,True
1485,RWSOKGUAUZUACZ-NXALTKJVSA-N,0.9105691056910569,False,True
1484,YLDHKLAJGLQFNK-BDAFPOIOSA-N,0.9180327868852459,False,True
1483,OOCPHCWOARBWJD-YZNIZTHHSA-N,1.0,True,True
1482,HMJHLTHQXKFWNQ-YDIBHVGESA-N,0.6830985915492958,False,False
1481,CVYANVYBNQXZFG-ZESLMTDZSA-N,0.8333333333333334,False,False
1480,FXJKIADNEILKAB-STUAJHRCSA-N,0.8536585365853658,False,True
1479,AZANQTOZOBDMHY-QDKMBCRPSA-N,0.7966101694915254,False,False
1478,XSBAHLJSFDWPEL-DWXSIMAWSA-N,0.9411764705882353,False,True
1477,GENCSDYLYPBSJF-JFYMPWDASA-N,0.90625,False,True
1476,YKBFYJTVOUGODW-OMWBUILJSA-N,0.8389830508474576,False,False
1475,PWFYXBKNFVNKFU-UHFFFAOYSA-N,0.8974358974358975,False,True
1474,MFBLRSYBEJETCL-NYNFBICASA-N,0.9098360655737705,False,True
1473,IQKRRCKAABMYGM-JFYMPWDASA-N,0.84251968503937,False,False
1472,NBZIXENHWVPKDX-UGAWLIBHSA-N,0.8934426229508197,False,True
1471,WTIRXFOBUDXRAN-KXQUNCIQSA-N,0.9180327868852459,False,True
1470,LEHAUQARCYHHIA-UREXYACRSA-N,1.0,True,True
1469,LEHAUQARCYHHIA-TXSZOPHDSA-N,1.0,True,True
1468,PBQGBNBCDLRVGH-WVGOCAKMSA-N,0.9396551724137931,False,True
1467,NBDPBTXSGPEFFC-LMVVPPIPSA-N,0.8780487804878049,False,True
1466,SYNYJHYLTOMSHG-WYDPSPLJSA-N,0.8780487804878049,False,True
1465,PBQGBNBCDLRVGH-HQCDPFFCSA-N,0.9478260869565217,False,True
1464,SRKNNOVTWFOUMR-JFYMPWDASA-N,0.9024390243902439,False,True
1463,SQBQDOSTDSHXNQ-FKWNDYBHSA-N,0.8688524590163934,False,True
1462,RIXDIEGDRCDZOJ-AQBKSCBZSA-N,0.8780487804878049,False,True
1460,MYMNEKXZKUIZLV-KUDCLWHVSA-N,0.8709677419354839,False,True
1459,AFMCEQLWFGCBBA-NUMQXUFDSA-N,0.8934426229508197,False,True
1458,NZUFAHUJHPISAX-VMTBYHCZSA-N,0.8571428571428571,False,True
1457,KXQULPSVBKEZMD-QORILSJQSA-N,1.0,True,True
1456,KXQULPSVBKEZMD-NYNFBICASA-N,1.0,True,True
1455,ORKFOVKSZKTBML-LCFJCTFUSA-N,0.84,False,False
1454,AWIIKJRGCOUNOP-DWXSIMAWSA-N,0.9338842975206612,False,True
1453,QHULPVQUJORNLS-KBCOSITESA-N,0.859375,False,True
1452,UGIMVAPNCAWZSY-VMTBYHCZSA-N,0.856,False,True
1451,WEYKWDAZVXZMQS-JFYMPWDASA-N,0.9024390243902439,False,True
1450,VAXKZSJXMSZAAH-DWXSIMAWSA-N,0.8951612903225806,False,True
1449,KGLJUJKYCFZSRW-DOWRJTCPSA-N,0.856,False,True
1448,KVMRKKCVLQDWBD-SAELDAKTSA-N,0.8888888888888888,False,True
1447,WQLCLNDHGXKCBN-QDKMBCRPSA-N,0.864406779661017,False,True
1446,MWEKLCBVWNYPFM-GMKKNEITSA-N,0.8245614035087719,False,False
1445,GUGBYQHFUXODGL-HHAJFDNESA-N,0.8974358974358975,False,True
1443,IHTRPKBRZPVLFH-NNMGTSMDSA-N,0.8888888888888888,False,True
1442,HWJLQDPDBJWZRN-AQBKSCBZSA-N,0.8,False,False
1441,JYBOHCUSYAGECT-JFYMPWDASA-N,0.9016393442622951,False,True
1440,PBQGBNBCDLRVGH-UHFFFAOYSA-N,1.0,True,True
1439,HOWGHUPTWPEBSC-XBILFCGKSA-N,0.925,False,True
1438,MIYCRSLGXDLAFB-VMTBYHCZSA-N,0.9047619047619048,False,True
1437,IZGZIOLOIFVLTG-DWXSIMAWSA-N,0.9274193548387096,False,True
1436,RIFNPBRRJQGADV-BUCFEWIOSA-N,0.8515625,False,True
1435,XROQZKABDRWELK-DWXSIMAWSA-N,0.888,False,True
1434,GYBYAGAVVOKYHL-JFYMPWDASA-N,0.9274193548387096,False,True
1433,AMEKKKVBVDDSAU-VMTBYHCZSA-N,0.9411764705882353,False,True
1432,KXGXARILSOPPKJ-DLKDLKMRSA-N,0.7692307692307693,False,False
1431,CDWHDIBOUAVNER-JFYMPWDASA-N,0.9186991869918699,False,True
1430,ZLBBBVVJCXVHJC-JFYMPWDASA-N,0.9734513274336283,True,True
1429,WAZUICDYBGZNBE-VMTBYHCZSA-N,0.9734513274336283,True,True
1428,KBBWKBYGYPGXFF-DWXSIMAWSA-N,0.9327731092436975,False,True
1427,PBQGBNBCDLRVGH-QDKMBCRPSA-N,1.0,True,True
1426,MHHDRXHCJJEQPR-NEOWNIDESA-N,0.8217054263565892,False,False
1425,VKPNQOUVDFLUSP-MHPDJWEMSA-N,0.9262295081967213,False,True
1424,BPAZPPAAKUTOFV-JDRJRDJVSA-N,0.8615384615384616,False,True
1423,JHEGVYPIDNRTCA-LCAMNCCTSA-N,0.9051094890510949,False,True
1422,IIOZISJCWJBFEQ-LCAMNCCTSA-N,0.9064748201438849,False,True
1421,IWANPOMSEKSVDC-PXZSJYOPSA-N,0.9064748201438849,False,True
1420,YAFTYQGNKUSJCK-NXALTKJVSA-N,0.9375,False,True
1419,JWWFYWOXZBZELS-BZQJXCNNSA-N,0.9375,False,True
1418,ZWMVYHJUSJPODU-JFYMPWDASA-N,0.943089430894309,False,True
1417,MBKBZRAOAZKZHN-JFYMPWDASA-N,0.9173553719008265,False,True
1416,NKXQUHWAGHGYOW-LTNYSCEXSA-N,0.7751937984496124,False,False
1415,MSZMTPYTYJGDAZ-RPNVFURHSA-N,0.8536585365853658,False,True
1414,HEEGCEBAVBRIQZ-OMLJDBBVSA-N,0.9242424242424242,False,True
1413,DUHWYQMKQVUHRY-OWDVKKCHSA-N,0.8686131386861314,False,True
1412,FUPPVAZYEHJLCP-WSCNSVKSSA-N,0.9612403100775194,True,True
1411,FHHVKFCGQRTUPY-ZJOVHXHXSA-N,0.8290598290598291,False,False
1410,KLJBLAUWCAIRAK-UHFFFAOYSA-N,0.7534246575342466,False,False
1409,OIFWTYQNEYRBMN-UHFFFAOYSA-N,0.7301587301587301,False,False
1408,CZAZVYWGRWMLSL-UHFFFAOYSA-N,0.7432432432432432,False,False
1407,OKPTWPGBVMTMMT-UHFFFAOYSA-N,0.7702702702702703,False,False
1406,FIHXKKZPBLAHAZ-UHFFFAOYSA-N,0.7727272727272727,False,False
1405,PENRKOXVQBLDSQ-UHFFFAOYSA-N,0.7605633802816901,False,False
1404,NGNTYWXZVAWRLQ-UHFFFAOYSA-N,0.7702702702702703,False,False
1403,XVONDBWLGJVYIB-UHFFFAOYSA-N,0.8169014084507042,False,False
1402,WSVGCFXBEVWPEP-UHFFFAOYSA-N,0.7671232876712328,False,False
1401,CLWNBXRHUVEYMV-UHFFFAOYSA-N,0.8169014084507042,False,False
1400,WZQFPNBOZAIYPN-UHFFFAOYSA-N,0.7272727272727273,False,False
1399,AADJDKCWPXKSHW-UHFFFAOYSA-N,0.7887323943661971,False,False
1398,YKDUOXROJLOTMZ-UHFFFAOYSA-N,0.7746478873239436,False,False
1397,YCVVFVYJPRPJDK-UHFFFAOYSA-N,0.7272727272727273,False,False
1396,HFLKLGBYOZCTII-UHFFFAOYSA-N,0.7887323943661971,False,False
1395,RFQSSPWFQKCGIV-UHFFFAOYSA-N,0.7666666666666667,False,False
1394,QBNXXVKRXJRGBZ-UHFFFAOYSA-N,0.7666666666666667,False,False
1393,RCVOBVMLHROKHZ-UHFFFAOYSA-N,0.7142857142857143,False,False
1392,HWKDFDRSRDGUQS-UHFFFAOYSA-N,0.82,False,False
1391,JCMYZYIQHDCAHG-UHFFFAOYSA-N,0.7692307692307693,False,False
1390,OWRONTBMDSIBLW-UHFFFAOYSA-N,0.88,False,True
1389,ONHVZTYMWYJDPR-UHFFFAOYSA-N,0.8,False,False
1388,HFUIVOJIIAFKCD-UHFFFAOYSA-N,0.7301587301587301,False,False
1387,NGZKLHXOCZWCFL-UHFFFAOYSA-N,0.7368421052631579,False,False
1386,VDKWFPKBLHXPAT-UHFFFAOYSA-N,0.88,False,True
1385,SYHNVOCQIMCYAG-UHFFFAOYSA-N,0.7142857142857143,False,False
1384,HEBHXYNCRZVYCN-UHFFFAOYSA-N,0.6666666666666666,False,False
1383,CTSITUHUJIMDMJ-UHFFFAOYSA-N,0.86,False,True
1382,AEBWQFOECOVPNN-UHFFFAOYSA-N,0.86,False,True
1381,UNOSNOPYIHKKKA-UHFFFAOYSA-N,0.6949152542372882,False,False
1380,UWKHAVQHCUIXRV-UHFFFAOYSA-N,0.7534246575342466,False,False
1379,ANUXPEASTUGYAH-UHFFFAOYSA-N,0.8153846153846154,False,False
1378,PABQLJOUJZIAFV-UHFFFAOYSA-N,0.8545454545454545,False,True
1377,GVAVCYMQVIFKLN-UHFFFAOYSA-N,0.7931034482758621,False,False
1376,WLAPZQSGDKGWFX-UHFFFAOYSA-N,0.7419354838709677,False,False
16503,RYIPYLGUGJOTRY-UHFFFAOYSA-N,1.0,True,True
16502,AAQOJERSEMYBDW-UHFFFAOYSA-N,1.0,True,True
5813,HOCBJBNQIQQQGT-LJQANCHMSA-N,1.0,True,True
16515,LIKBJGZTNUUECA-UHFFFAOYSA-N,1.0,True,True
16514,IBDGFOGESMOMJV-UHFFFAOYSA-N,1.0,True,True
16511,WTQORLDZGIXBMW-UHFFFAOYSA-N,1.0,True,True
16508,DLMDUPLFVZOJQE-UHFFFAOYSA-N,1.0,True,True
16531,RWYFMKFZYJIYAF-UHFFFAOYSA-N,1.0,True,True
5864,XPSUQTPVKZGAOE-JGHIERLTSA-N,1.0,True,True
16529,VHPJCOMXKSXESF-UHFFFAOYSA-N,1.0,True,True
16526,QQRFQGVFJIRLSH-UHFFFAOYSA-N,1.0,True,True
16523,ORASTLIYUUCKFZ-UHFFFAOYSA-N,1.0,True,True
16520,QANIYSNFBUICHP-UHFFFAOYSA-N,1.0,True,True
16547,YOOHNWADIXIZEI-UHFFFAOYSA-N,1.0,True,True
16544,MXHICNCWFJGISI-UHFFFAOYSA-N,1.0,True,True
16541,BBVVWKAVBAVGQH-UHFFFAOYSA-N,1.0,True,True
16538,NAVDPMJMPXDIMY-UHFFFAOYSA-N,1.0,True,True
16535,GIVYVEPIAMHMSU-UHFFFAOYSA-N,1.0,True,True
16563,LPWICHILUNYALD-UHFFFAOYSA-N,1.0,True,True
16562,KYCNGTJNZDSRFZ-UHFFFAOYSA-N,1.0,True,True
16559,LLRMDYPHTNYQNW-UHFFFAOYSA-N,1.0,True,True
16556,UUJIVXKBQXDDLQ-UHFFFAOYSA-N,1.0,True,True
16553,ICPTXGAFRAUIBT-UHFFFAOYSA-N,1.0,True,True
16550,DZIFMDWUNWJPSR-UHFFFAOYSA-N,1.0,True,True
16579,CQOIIJNBXJEIFV-UHFFFAOYSA-N,1.0,True,True
16577,RMCBWIJQSQNEDB-UHFFFAOYSA-N,1.0,True,True
16574,KYTMZPGDSALANY-UHFFFAOYSA-N,1.0,True,True
16571,LNJXNUZJFGKSKP-UHFFFAOYSA-N,1.0,True,True
16568,ONBZEABKNHWFIP-UHFFFAOYSA-N,1.0,True,True
16595,ZYYLLQMCERKTNG-UHFFFAOYSA-N,1.0,True,True
5977,OMISHRJQMYQPMG-UHFFFAOYSA-N,1.0,True,True
5975,OMISHRJQMYQPMG-UHFFFAOYSA-N,1.0,True,True
16592,GCYUJDZFWUJQTQ-UHFFFAOYSA-N,1.0,True,True
16589,CFZNHWJQDBJWQD-UHFFFAOYSA-N,1.0,True,True
16586,GYSNRSNZBMHWEF-UHFFFAOYSA-N,1.0,True,True
16583,OQFKHRPUOUCCDA-UHFFFAOYSA-N,1.0,True,True
16485,USFVMQPVIBRZFV-UHFFFAOYSA-N,1.0,True,True
16484,HMSWAIGCOXPWMC-UHFFFAOYSA-N,1.0,True,True
16499,PJPVZMHYHGAPQQ-UHFFFAOYSA-N,1.0,True,True
16493,OASWGJGMINSHFT-UHFFFAOYSA-N,1.0,True,True
16490,ILQNAFVYIZQSSM-UHFFFAOYSA-N,1.0,True,True
16611,RIMCNOMLPYBOIY-UHFFFAOYSA-N,1.0,True,True
16610,WOPBZNLNQBGHLM-UHFFFAOYSA-N,1.0,True,True
16479,ALIJHIPGAJEQJM-UHFFFAOYSA-N,1.0,True,True
16478,IAZWWESCOIZFDZ-UHFFFAOYSA-N,1.0,True,True
16475,IVJJYFNCMAXCEJ-UHFFFAOYSA-N,1.0,True,True
16472,CAOZZHJADDZTBK-UHFFFAOYSA-N,1.0,True,True
16469,MYVJYSGBSUAVHC-UHFFFAOYSA-N,1.0,True,True
16458,VVDFMUXQGUXNKJ-UHFFFAOYSA-N,1.0,True,True
16457,OYWWOORQKJMICN-UHFFFAOYSA-N,1.0,True,True
16454,JEYVFPVLYUOIHS-UHFFFAOYSA-N,1.0,True,True
16466,UVFXCEBBKVUMQH-UHFFFAOYSA-N,1.0,True,True
16463,PRJMTXCNALAZIM-UHFFFAOYSA-N,1.0,True,True
16607,IAAIDPBXAGDIQT-UHFFFAOYSA-N,1.0,True,True
16604,WVLCPJFOCASGFW-UHFFFAOYSA-N,1.0,True,True
16601,MQIQTALCLXIBLB-UHFFFAOYSA-N,1.0,True,True
16598,RHBNVUXIXUOEOL-UHFFFAOYSA-N,1.0,True,True
16627,TUYLKKALXKKBTJ-UHFFFAOYSA-N,1.0,True,True
16625,XNTIKBZZBBZHCZ-UHFFFAOYSA-N,1.0,True,True
6437,LOPUQHKKOHYYAV-UHFFFAOYSA-N,1.0,True,True
6436,CZSPKEVHLRWAFC-UHFFFAOYSA-N,1.0,True,True
16622,AETDIMPLVIGFCL-UHFFFAOYSA-N,1.0,True,True
16619,GJDYUWBLOJXIGX-UHFFFAOYSA-N,1.0,True,True
16616,BLBWDXOACBTCSG-UHFFFAOYSA-N,1.0,True,True
16643,KNBDXWOAOYDQFL-UHFFFAOYSA-N,1.0,True,True
16640,UAWOQNFADBCJGW-UHFFFAOYSA-N,1.0,True,True
6439,ARLYJNUYZQIXFW-UHFFFAOYSA-N,1.0,True,True
6438,CGTDDTWKYPWOJF-UHFFFAOYSA-N,1.0,True,True
6467,LYISLTYEXFTYAC-UHFFFAOYSA-N,1.0,True,True
6465,GIEVQQNUOQCQQT-UHFFFAOYSA-N,1.0,True,True
16637,SZDMQHNKLFWVRS-UHFFFAOYSA-N,1.0,True,True
16634,AGMMHZMZNFGHNR-UHFFFAOYSA-N,1.0,True,True
16631,MXOZSAZCTFCACR-UHFFFAOYSA-N,1.0,True,True
16659,UPKUERJYQNBWCN-UHFFFAOYSA-N,1.0,True,True
16658,OLYMXDWGNBOTCQ-UHFFFAOYSA-N,1.0,True,True
16655,GIQKIYYEQBBAQL-UHFFFAOYSA-N,1.0,True,True
16652,AFVGVFMJNYSDFB-UHFFFAOYSA-N,1.0,True,True
16649,UJAPSKFOMTYAGZ-UHFFFAOYSA-N,1.0,True,True
16646,JZEBCCGXNVQTSO-UHFFFAOYSA-N,1.0,True,True
6511,SPILVXJZWWFSPM-UHFFFAOYSA-N,1.0,True,True
6510,SPILVXJZWWFSPM-UHFFFAOYSA-N,1.0,True,True
5512,TUKOGRRZXNUJJD-UHFFFAOYSA-N,1.0,True,True
5510,HDEPZSBUOBZGBO-UHFFFAOYSA-N,1.0,True,True
16675,FAERJOVNRSQNGF-UHFFFAOYSA-N,1.0,True,True
16673,QRSLEDSJDLCRQE-UHFFFAOYSA-N,1.0,True,True
16670,AZQXMPVSLRZHMT-UHFFFAOYSA-N,1.0,True,True
16667,DERVLFBSQJGMKN-UHFFFAOYSA-N,1.0,True,True
16664,OUMGBEMRDHUHFN-UHFFFAOYSA-N,1.0,True,True
16691,FFUQLRPAWKXFCJ-UHFFFAOYSA-N,1.0,True,True
16688,RTIYCBJIAILVSB-UHFFFAOYSA-N,1.0,True,True
16685,UNSYOOWLMKSIRA-UHFFFAOYSA-N,1.0,True,True
16682,VNRTZJDKIMPYTH-UHFFFAOYSA-N,1.0,True,True
16679,RLWJGDYYWFOOQQ-UHFFFAOYSA-N,1.0,True,True
16707,HNAVJOSFXNSTGP-UHFFFAOYSA-N,1.0,True,True
16706,UDPGDVFWHXMHBE-UHFFFAOYSA-N,1.0,True,True
16703,XLWFBXSIMZTOHH-UHFFFAOYSA-N,1.0,True,True
16700,ZHONATKYSXYEDO-UHFFFAOYSA-N,1.0,True,True
16697,SZRTWZIGQGNATH-UHFFFAOYSA-N,1.0,True,True
16694,OHNFHTWNCFGLRU-UHFFFAOYSA-N,1.0,True,True
16726,BHRPMNDFLYAMCM-UHFFFAOYSA-N,1.0,True,True
16724,MUARKGOOCKEPAS-UHFFFAOYSA-N,1.0,True,True
16721,KUTZLOHHOSYQBS-UHFFFAOYSA-N,1.0,True,True
16718,YDRICSHPYZYETK-UHFFFAOYSA-N,1.0,True,True
16715,NWQIVTDASUAHGN-UHFFFAOYSA-N,1.0,True,True
16742,UHUJNFVASYUGEA-UHFFFAOYSA-N,1.0,True,True
16739,HOTQYYZZIXRJIQ-UHFFFAOYSA-N,1.0,True,True
16736,NYLMFYJJKDITHG-UHFFFAOYSA-N,1.0,True,True
16733,CGWXHJLIXXZRCG-UHFFFAOYSA-N,1.0,True,True
16730,DVRGKNOATLKFAB-UHFFFAOYSA-N,1.0,True,True
16748,MDKAZIVHADGDCC-UHFFFAOYSA-N,1.0,True,True
16745,VYSIGVLMQJGNBK-UHFFFAOYSA-N,1.0,True,True
6641,MWZOTZVWKRABKD-UHFFFAOYSA-N,0.2857142857142857,False,False
16450,JEOUTCAFJRAJJM-UHFFFAOYSA-N,1.0,True,True
16448,YZLPLNLYGUPYMI-UHFFFAOYSA-N,1.0,True,True
16445,KAAMVWFUUVJHOC-UHFFFAOYSA-N,1.0,True,True
16442,JVYWKSIQXUDPEM-UHFFFAOYSA-N,1.0,True,True
16439,PVBWAUGWFWPSGE-UHFFFAOYSA-N,1.0,True,True
16435,PKOUSJJDMSCPIS-UHFFFAOYSA-N,1.0,True,True
16431,HUIICGQLXOSQKD-UHFFFAOYSA-N,1.0,True,True
16426,SRKNEPZLPPFFCR-UHFFFAOYSA-N,1.0,True,True
16423,ZCKCYHJOKZXEMI-UHFFFAOYSA-N,1.0,True,True
16420,WCUQXQCQAMUWJQ-UHFFFAOYSA-N,1.0,True,True
7250,SCIFUGGHOXNSJC-UHFFFAOYSA-N,0.3382352941176471,False,False
7249,WZUVPPKBWHMQCE-UHFFFAOYSA-N,0.2,False,False
7247,OZPCWWUKRLUQSS-UHFFFAOYSA-N,0.2571428571428571,False,False
7243,SDQJTWBNWQABLE-UHFFFAOYSA-N,0.40625,False,False
7255,VMYTWPHQWYKERG-UHFFFAOYSA-N,0.27848101265822783,False,False
7253,JDGHLHTZHKLSFD-UHFFFAOYSA-N,0.41935483870967744,False,False
16415,HOQKVMQYKKPNOC-UHFFFAOYSA-N,1.0,True,True
16414,WLOXTBYAUGOGOX-UHFFFAOYSA-N,1.0,True,True
16411,WACYKPYUASHFAY-UHFFFAOYSA-N,1.0,True,True
16408,PUAZNAXGLOXFCA-UHFFFAOYSA-N,1.0,True,True
16405,BHIQBSFKFIRMOK-UHFFFAOYSA-N,1.0,True,True
16399,PMDXLHQINLJWPB-UHFFFAOYSA-N,1.0,True,True
16396,XTCPNXITTZPBKT-UHFFFAOYSA-N,1.0,True,True
16393,VFISSJCDGBNTPA-UHFFFAOYSA-N,1.0,True,True
16390,INESDLQRDTZSQW-UHFFFAOYSA-N,1.0,True,True
16387,XDDXYNYPXMWHAS-UHFFFAOYSA-N,1.0,True,True
16402,OFOSCUKHUWPBGW-UHFFFAOYSA-N,1.0,True,True
4729,AADVCYNFEREWOS-KNJBLNDTSA-N,0.1746031746031746,False,False
4530,CUAXFEHPLQVEFN-WWRKSBQMSA-N,1.0,True,True
16376,LRFJUCOPISEWSK-UHFFFAOYSA-N,1.0,True,True
16374,CWFLOAYRKLZCQB-UHFFFAOYSA-N,1.0,True,True
16371,IRWCNMBAFNHFHN-UHFFFAOYSA-N,1.0,True,True
16360,ROFKFFQOLASHJH-UHFFFAOYSA-N,1.0,True,True
16359,OSDMFFDPYSSZGP-UHFFFAOYSA-N,1.0,True,True
16356,ARZXKERXHQHVIT-UHFFFAOYSA-N,1.0,True,True
16384,BOJJFEVAPJBHIN-UHFFFAOYSA-N,1.0,True,True
16380,GMJYPXJYGONOQS-UHFFFAOYSA-N,1.0,True,True
16344,XWALEBGBXQLGRF-UHFFFAOYSA-N,1.0,True,True
16341,KVFWLJXIFWPOKU-UHFFFAOYSA-N,1.0,True,True
16338,AYZSRJKBBCEQRQ-UHFFFAOYSA-N,1.0,True,True
16368,RFJOWPHRUPOTTN-UHFFFAOYSA-N,1.0,True,True
16365,YWGNXKIAXBRFGF-UHFFFAOYSA-N,1.0,True,True
16328,HOCDUNMCSUARFD-UHFFFAOYSA-N,1.0,True,True
16326,YPRPEYHJUNGESQ-UHFFFAOYSA-N,1.0,True,True
16323,VLVGCPFHTZQVSK-UHFFFAOYSA-N,1.0,True,True
16353,RBQYYOCFKAKNAG-UHFFFAOYSA-N,1.0,True,True
16350,JTBUCPUBZJPTQS-UHFFFAOYSA-N,1.0,True,True
16347,VFYJJOQAEICMCR-UHFFFAOYSA-N,1.0,True,True
16312,VEGGCUAPVFJPBT-UHFFFAOYSA-N,1.0,True,True
16311,BELANKPRWGDGAW-UHFFFAOYSA-N,1.0,True,True
16308,KAGVIJMUYACLBN-UHFFFAOYSA-N,1.0,True,True
16335,UJLNPKHDJXRZEI-UHFFFAOYSA-N,1.0,True,True
16332,AIKPNDIMSRCNBJ-UHFFFAOYSA-N,1.0,True,True
16296,NMQBNYTWVLUHBB-UHFFFAOYSA-N,1.0,True,True
16293,VBJMENQKJBEBHY-UHFFFAOYSA-N,1.0,True,True
16290,IIKVZAKJJLQWJW-UHFFFAOYSA-N,1.0,True,True
16320,LGVMDEHAPXRMSY-UHFFFAOYSA-N,1.0,True,True
16317,XQQDDTCOEIGZNO-UHFFFAOYSA-N,1.0,True,True
16280,VAGFOIQXPQVTPV-UHFFFAOYSA-N,1.0,True,True
16278,HGIWLOLNMKYPRY-UHFFFAOYSA-N,1.0,True,True
16275,AIDYGNCSNZRKKJ-UHFFFAOYSA-N,1.0,True,True
16305,YQCWOHYMTYVFAC-UHFFFAOYSA-N,1.0,True,True
16302,ULJLYQCCVMWLSR-UHFFFAOYSA-N,1.0,True,True
16299,CONGRHDBQDEKFJ-UHFFFAOYSA-N,1.0,True,True
16264,DZSUABROBXIMTR-UHFFFAOYSA-N,1.0,True,True
16262,RXHPRFXTTPZOEY-UHFFFAOYSA-N,1.0,True,True
16259,SBAHXFZOFKYFLF-UHFFFAOYSA-N,1.0,True,True
16287,GADSDHIJIMPQPF-UHFFFAOYSA-N,1.0,True,True
16284,OFLXLTRWVWGHCE-UHFFFAOYSA-N,1.0,True,True
16247,XPIBDQBNRZVERU-UHFFFAOYSA-N,1.0,True,True
16244,ZVXIEHZIFPDQQE-UHFFFAOYSA-N,1.0,True,True
16241,YCGXUJCREYXLLJ-UHFFFAOYSA-N,1.0,True,True
16272,SRKDHYRWBMAJQH-UHFFFAOYSA-N,1.0,True,True
16269,YUTSFMIIWQUFET-UHFFFAOYSA-N,1.0,True,True
16231,BRMHATSSYRSLPZ-UHFFFAOYSA-N,1.0,True,True
16229,INSNGVRXZKHDGR-UHFFFAOYSA-N,1.0,True,True
16226,OSIWCVKDTSHXKN-UHFFFAOYSA-N,1.0,True,True
16256,LQJAJODRDUVAHE-UHFFFAOYSA-N,1.0,True,True
16253,KQZNEZYLVJGYOG-UHFFFAOYSA-N,1.0,True,True
16250,SQMNHEWYIWSXPR-UHFFFAOYSA-N,1.0,True,True
16215,VLRZGUICBIQSEJ-UHFFFAOYSA-N,1.0,True,True
16214,TUHMKIAGLGSMFH-UHFFFAOYSA-N,1.0,True,True
16210,OTKDLDYSTMNANO-UHFFFAOYSA-N,1.0,True,True
16238,PBEJTVFPGFUTTK-UHFFFAOYSA-N,1.0,True,True
16235,WGKCFBYEPOFNQP-UHFFFAOYSA-N,1.0,True,True
16198,IYBHLDGFWZCCSD-UHFFFAOYSA-N,1.0,True,True
16195,KXBSTBIVBZCLAG-UHFFFAOYSA-N,1.0,True,True
16192,XGHIIDQCXGHAPT-UHFFFAOYSA-N,1.0,True,True
16223,OXCNYWONVHMLED-UHFFFAOYSA-N,1.0,True,True
16220,NTUPQORPEFPHDR-UHFFFAOYSA-N,1.0,True,True
16182,BXGADLBJFHVEBO-UHFFFAOYSA-N,1.0,True,True
16180,DWIIOVJOBACVKG-UHFFFAOYSA-N,1.0,True,True
16177,PHHDJHOCOFTYHU-UHFFFAOYSA-N,1.0,True,True
16207,IMZOPOYGZLBDQW-UHFFFAOYSA-N,1.0,True,True
16204,RVNUSWFUVZXGEQ-UHFFFAOYSA-N,1.0,True,True
16201,KSLOKXSKBNOGOU-UHFFFAOYSA-N,1.0,True,True
16166,AWZICWFZULOUGN-UHFFFAOYSA-N,1.0,True,True
16165,IPDFQQLHBVVJBP-UHFFFAOYSA-N,1.0,True,True
16162,YLKPFJWLEMIXBU-UHFFFAOYSA-N,1.0,True,True
16189,MJYRMXACGWDDBX-UHFFFAOYSA-N,1.0,True,True
16186,DCDHUBCPDJIMQG-UHFFFAOYSA-N,1.0,True,True
16150,HNDZCUXEDWWDSE-UHFFFAOYSA-N,1.0,True,True
16147,JNKGBPDYLBCPNB-UHFFFAOYSA-N,1.0,True,True
16144,YXIONOKCFUBXOO-UHFFFAOYSA-N,1.0,True,True
16174,RUUUFHDFRNLCKX-UHFFFAOYSA-N,1.0,True,True
16171,NYJYCRRUCDKVRM-UHFFFAOYSA-N,1.0,True,True
16132,XKWNMYYCYCUEPC-UHFFFAOYSA-N,1.0,True,True
16130,KVSARFKSPNRFOC-UHFFFAOYSA-N,1.0,True,True
16127,AKILEUXNRBRINP-UHFFFAOYSA-N,1.0,True,True
16159,LBDNAEMQZHSLLZ-UHFFFAOYSA-N,1.0,True,True
16156,HVZWNPMNBZKTCX-UHFFFAOYSA-N,1.0,True,True
16153,SNKGUMMAVHGNBH-UHFFFAOYSA-N,1.0,True,True
16116,IQPOGMAKMCKZSK-UHFFFAOYSA-N,1.0,True,True
16115,ZVLPVVJFNLTAJS-UHFFFAOYSA-N,1.0,True,True
16112,XNRNWIKERQHICU-UHFFFAOYSA-N,1.0,True,True
16140,XAOJZXXTXMWEAA-UHFFFAOYSA-N,1.0,True,True
16137,LOGKPUAQJUFUSI-UHFFFAOYSA-N,1.0,True,True
16100,CEDRWRTUYYLFAH-UHFFFAOYSA-N,1.0,True,True
16097,XCZAECRQULOUNE-UHFFFAOYSA-N,1.0,True,True
16094,CNAZAPAVCQERRY-UHFFFAOYSA-N,1.0,True,True
16124,CHMYCCLUBIHTAP-UHFFFAOYSA-N,1.0,True,True
16084,MDKAZIVHADGDCC-UHFFFAOYSA-N,1.0,True,True
16082,VYSIGVLMQJGNBK-UHFFFAOYSA-N,1.0,True,True
16079,UHUJNFVASYUGEA-UHFFFAOYSA-N,1.0,True,True
16109,QOGWNJJVOSZAFL-UHFFFAOYSA-N,1.0,True,True
16106,XNHVPZBMAGJYKT-UHFFFAOYSA-N,1.0,True,True
16103,YCKQFGBEMIPWHZ-UHFFFAOYSA-N,1.0,True,True
16068,CGWXHJLIXXZRCG-UHFFFAOYSA-N,1.0,True,True
16067,DVRGKNOATLKFAB-UHFFFAOYSA-N,1.0,True,True
16064,BHRPMNDFLYAMCM-UHFFFAOYSA-N,1.0,True,True
16091,JSWBXZYYWIVMGS-UHFFFAOYSA-N,1.0,True,True
16088,AYZBOFHTISLWLL-UHFFFAOYSA-N,1.0,True,True
16052,NWQIVTDASUAHGN-UHFFFAOYSA-N,1.0,True,True
16046,HNAVJOSFXNSTGP-UHFFFAOYSA-N,1.0,True,True
16043,UDPGDVFWHXMHBE-UHFFFAOYSA-N,1.0,True,True
16076,HOTQYYZZIXRJIQ-UHFFFAOYSA-N,1.0,True,True
16073,NYLMFYJJKDITHG-UHFFFAOYSA-N,1.0,True,True
16033,SZRTWZIGQGNATH-UHFFFAOYSA-N,1.0,True,True
16031,OHNFHTWNCFGLRU-UHFFFAOYSA-N,1.0,True,True
16028,FFUQLRPAWKXFCJ-UHFFFAOYSA-N,1.0,True,True
16061,MUARKGOOCKEPAS-UHFFFAOYSA-N,1.0,True,True
16058,KUTZLOHHOSYQBS-UHFFFAOYSA-N,1.0,True,True
16055,YDRICSHPYZYETK-UHFFFAOYSA-N,1.0,True,True
16017,VNRTZJDKIMPYTH-UHFFFAOYSA-N,1.0,True,True
16016,RLWJGDYYWFOOQQ-UHFFFAOYSA-N,1.0,True,True
16013,FAERJOVNRSQNGF-UHFFFAOYSA-N,1.0,True,True
16040,XLWFBXSIMZTOHH-UHFFFAOYSA-N,1.0,True,True
16037,ZHONATKYSXYEDO-UHFFFAOYSA-N,1.0,True,True
16001,OUMGBEMRDHUHFN-UHFFFAOYSA-N,1.0,True,True
15998,UPKUERJYQNBWCN-UHFFFAOYSA-N,1.0,True,True
15995,OLYMXDWGNBOTCQ-UHFFFAOYSA-N,1.0,True,True
16025,RTIYCBJIAILVSB-UHFFFAOYSA-N,1.0,True,True
16022,UNSYOOWLMKSIRA-UHFFFAOYSA-N,1.0,True,True
15985,UJAPSKFOMTYAGZ-UHFFFAOYSA-N,1.0,True,True
15983,JZEBCCGXNVQTSO-UHFFFAOYSA-N,1.0,True,True
15980,KNBDXWOAOYDQFL-UHFFFAOYSA-N,1.0,True,True
16010,QRSLEDSJDLCRQE-UHFFFAOYSA-N,1.0,True,True
16007,AZQXMPVSLRZHMT-UHFFFAOYSA-N,1.0,True,True
16004,DERVLFBSQJGMKN-UHFFFAOYSA-N,1.0,True,True
15969,AGMMHZMZNFGHNR-UHFFFAOYSA-N,1.0,True,True
15968,MXOZSAZCTFCACR-UHFFFAOYSA-N,1.0,True,True
15965,TUYLKKALXKKBTJ-UHFFFAOYSA-N,1.0,True,True
15992,GIQKIYYEQBBAQL-UHFFFAOYSA-N,1.0,True,True
15989,AFVGVFMJNYSDFB-UHFFFAOYSA-N,1.0,True,True
15953,BLBWDXOACBTCSG-UHFFFAOYSA-N,1.0,True,True
15950,RIMCNOMLPYBOIY-UHFFFAOYSA-N,1.0,True,True
15947,WOPBZNLNQBGHLM-UHFFFAOYSA-N,1.0,True,True
15977,UAWOQNFADBCJGW-UHFFFAOYSA-N,1.0,True,True
15974,SZDMQHNKLFWVRS-UHFFFAOYSA-N,1.0,True,True
15937,MQIQTALCLXIBLB-UHFFFAOYSA-N,1.0,True,True
15935,RHBNVUXIXUOEOL-UHFFFAOYSA-N,1.0,True,True
15932,ZYYLLQMCERKTNG-UHFFFAOYSA-N,1.0,True,True
15962,XNTIKBZZBBZHCZ-UHFFFAOYSA-N,1.0,True,True
15959,AETDIMPLVIGFCL-UHFFFAOYSA-N,1.0,True,True
15956,GJDYUWBLOJXIGX-UHFFFAOYSA-N,1.0,True,True
15921,GYSNRSNZBMHWEF-UHFFFAOYSA-N,1.0,True,True
15920,OQFKHRPUOUCCDA-UHFFFAOYSA-N,1.0,True,True
15917,CQOIIJNBXJEIFV-UHFFFAOYSA-N,1.0,True,True
15944,IAAIDPBXAGDIQT-UHFFFAOYSA-N,1.0,True,True
15941,WVLCPJFOCASGFW-UHFFFAOYSA-N,1.0,True,True
15905,ONBZEABKNHWFIP-UHFFFAOYSA-N,1.0,True,True
15902,LPWICHILUNYALD-UHFFFAOYSA-N,1.0,True,True
15899,KYCNGTJNZDSRFZ-UHFFFAOYSA-N,1.0,True,True
15929,GCYUJDZFWUJQTQ-UHFFFAOYSA-N,1.0,True,True
15926,CFZNHWJQDBJWQD-UHFFFAOYSA-N,1.0,True,True
15889,ICPTXGAFRAUIBT-UHFFFAOYSA-N,1.0,True,True
15887,DZIFMDWUNWJPSR-UHFFFAOYSA-N,1.0,True,True
15884,YOOHNWADIXIZEI-UHFFFAOYSA-N,1.0,True,True
15914,RMCBWIJQSQNEDB-UHFFFAOYSA-N,1.0,True,True
15911,KYTMZPGDSALANY-UHFFFAOYSA-N,1.0,True,True
15908,LNJXNUZJFGKSKP-UHFFFAOYSA-N,1.0,True,True
15873,NAVDPMJMPXDIMY-UHFFFAOYSA-N,1.0,True,True
15872,GIVYVEPIAMHMSU-UHFFFAOYSA-N,1.0,True,True
15869,RWYFMKFZYJIYAF-UHFFFAOYSA-N,1.0,True,True
15896,LLRMDYPHTNYQNW-UHFFFAOYSA-N,1.0,True,True
15893,UUJIVXKBQXDDLQ-UHFFFAOYSA-N,1.0,True,True
15857,QANIYSNFBUICHP-UHFFFAOYSA-N,1.0,True,True
15854,LIKBJGZTNUUECA-UHFFFAOYSA-N,1.0,True,True
15851,IBDGFOGESMOMJV-UHFFFAOYSA-N,1.0,True,True
15881,MXHICNCWFJGISI-UHFFFAOYSA-N,1.0,True,True
15878,BBVVWKAVBAVGQH-UHFFFAOYSA-N,1.0,True,True
15841,RYIPYLGUGJOTRY-UHFFFAOYSA-N,1.0,True,True
15839,AAQOJERSEMYBDW-UHFFFAOYSA-N,1.0,True,True
15836,PJPVZMHYHGAPQQ-UHFFFAOYSA-N,1.0,True,True
15866,VHPJCOMXKSXESF-UHFFFAOYSA-N,1.0,True,True
15863,QQRFQGVFJIRLSH-UHFFFAOYSA-N,1.0,True,True
15860,ORASTLIYUUCKFZ-UHFFFAOYSA-N,1.0,True,True
15825,ILQNAFVYIZQSSM-UHFFFAOYSA-N,1.0,True,True
15824,USFVMQPVIBRZFV-UHFFFAOYSA-N,1.0,True,True
15821,HMSWAIGCOXPWMC-UHFFFAOYSA-N,1.0,True,True
15848,WTQORLDZGIXBMW-UHFFFAOYSA-N,1.0,True,True
15845,DLMDUPLFVZOJQE-UHFFFAOYSA-N,1.0,True,True
15809,CAOZZHJADDZTBK-UHFFFAOYSA-N,1.0,True,True
15806,MYVJYSGBSUAVHC-UHFFFAOYSA-N,1.0,True,True
15803,UVFXCEBBKVUMQH-UHFFFAOYSA-N,1.0,True,True
15830,OASWGJGMINSHFT-UHFFFAOYSA-N,1.0,True,True
15793,OYWWOORQKJMICN-UHFFFAOYSA-N,1.0,True,True
15791,JEYVFPVLYUOIHS-UHFFFAOYSA-N,1.0,True,True
15788,JEOUTCAFJRAJJM-UHFFFAOYSA-N,1.0,True,True
15818,ALIJHIPGAJEQJM-UHFFFAOYSA-N,1.0,True,True
15815,IAZWWESCOIZFDZ-UHFFFAOYSA-N,1.0,True,True
15812,IVJJYFNCMAXCEJ-UHFFFAOYSA-N,1.0,True,True
15777,JVYWKSIQXUDPEM-UHFFFAOYSA-N,1.0,True,True
15776,PVBWAUGWFWPSGE-UHFFFAOYSA-N,1.0,True,True
15772,PKOUSJJDMSCPIS-UHFFFAOYSA-N,1.0,True,True
15800,PRJMTXCNALAZIM-UHFFFAOYSA-N,1.0,True,True
15797,VVDFMUXQGUXNKJ-UHFFFAOYSA-N,1.0,True,True
15760,ZCKCYHJOKZXEMI-UHFFFAOYSA-N,1.0,True,True
15757,WCUQXQCQAMUWJQ-UHFFFAOYSA-N,1.0,True,True
15754,HOQKVMQYKKPNOC-UHFFFAOYSA-N,1.0,True,True
15785,YZLPLNLYGUPYMI-UHFFFAOYSA-N,1.0,True,True
15782,KAAMVWFUUVJHOC-UHFFFAOYSA-N,1.0,True,True
15744,PUAZNAXGLOXFCA-UHFFFAOYSA-N,1.0,True,True
15742,BHIQBSFKFIRMOK-UHFFFAOYSA-N,1.0,True,True
15739,OFOSCUKHUWPBGW-UHFFFAOYSA-N,1.0,True,True
15769,HUIICGQLXOSQKD-UHFFFAOYSA-N,1.0,True,True
15763,SRKNEPZLPPFFCR-UHFFFAOYSA-N,1.0,True,True
15728,VFISSJCDGBNTPA-UHFFFAOYSA-N,1.0,True,True
15727,INESDLQRDTZSQW-UHFFFAOYSA-N,1.0,True,True
15724,XDDXYNYPXMWHAS-UHFFFAOYSA-N,1.0,True,True
15751,WLOXTBYAUGOGOX-UHFFFAOYSA-N,1.0,True,True
15748,WACYKPYUASHFAY-UHFFFAOYSA-N,1.0,True,True
15711,CWFLOAYRKLZCQB-UHFFFAOYSA-N,1.0,True,True
15708,IRWCNMBAFNHFHN-UHFFFAOYSA-N,1.0,True,True
15705,RFJOWPHRUPOTTN-UHFFFAOYSA-N,1.0,True,True
15736,PMDXLHQINLJWPB-UHFFFAOYSA-N,1.0,True,True
15733,XTCPNXITTZPBKT-UHFFFAOYSA-N,1.0,True,True
15695,OSDMFFDPYSSZGP-UHFFFAOYSA-N,1.0,True,True
15693,ARZXKERXHQHVIT-UHFFFAOYSA-N,1.0,True,True
15690,RBQYYOCFKAKNAG-UHFFFAOYSA-N,1.0,True,True
15721,BOJJFEVAPJBHIN-UHFFFAOYSA-N,1.0,True,True
15717,GMJYPXJYGONOQS-UHFFFAOYSA-N,1.0,True,True
15714,LRFJUCOPISEWSK-UHFFFAOYSA-N,1.0,True,True
15702,YWGNXKIAXBRFGF-UHFFFAOYSA-N,1.0,True,True
15699,ROFKFFQOLASHJH-UHFFFAOYSA-N,1.0,True,True
15683,VFYJJOQAEICMCR-UHFFFAOYSA-N,1.0,True,True
15681,XWALEBGBXQLGRF-UHFFFAOYSA-N,1.0,True,True
15678,KVFWLJXIFWPOKU-UHFFFAOYSA-N,1.0,True,True
15675,AYZSRJKBBCEQRQ-UHFFFAOYSA-N,1.0,True,True
15667,AIKPNDIMSRCNBJ-UHFFFAOYSA-N,1.0,True,True
15666,HOCDUNMCSUARFD-UHFFFAOYSA-N,1.0,True,True
15663,YPRPEYHJUNGESQ-UHFFFAOYSA-N,1.0,True,True
15660,VLVGCPFHTZQVSK-UHFFFAOYSA-N,1.0,True,True
15657,LGVMDEHAPXRMSY-UHFFFAOYSA-N,1.0,True,True
15687,JTBUCPUBZJPTQS-UHFFFAOYSA-N,1.0,True,True
15651,VEGGCUAPVFJPBT-UHFFFAOYSA-N,1.0,True,True
15648,BELANKPRWGDGAW-UHFFFAOYSA-N,1.0,True,True
15645,KAGVIJMUYACLBN-UHFFFAOYSA-N,1.0,True,True
15642,YQCWOHYMTYVFAC-UHFFFAOYSA-N,1.0,True,True
15672,UJLNPKHDJXRZEI-UHFFFAOYSA-N,1.0,True,True
15633,NMQBNYTWVLUHBB-UHFFFAOYSA-N,1.0,True,True
15630,VBJMENQKJBEBHY-UHFFFAOYSA-N,1.0,True,True
15627,IIKVZAKJJLQWJW-UHFFFAOYSA-N,1.0,True,True
15654,XQQDDTCOEIGZNO-UHFFFAOYSA-N,1.0,True,True
15639,ULJLYQCCVMWLSR-UHFFFAOYSA-N,1.0,True,True
15636,CONGRHDBQDEKFJ-UHFFFAOYSA-N,1.0,True,True
15610,AIDYGNCSNZRKKJ-UHFFFAOYSA-N,1.0,True,True
15609,SRKDHYRWBMAJQH-UHFFFAOYSA-N,1.0,True,True
15624,GADSDHIJIMPQPF-UHFFFAOYSA-N,1.0,True,True
15621,OFLXLTRWVWGHCE-UHFFFAOYSA-N,1.0,True,True
15618,VAGFOIQXPQVTPV-UHFFFAOYSA-N,1.0,True,True
15615,HGIWLOLNMKYPRY-UHFFFAOYSA-N,1.0,True,True
15592,LQJAJODRDUVAHE-UHFFFAOYSA-N,1.0,True,True
15606,YUTSFMIIWQUFET-UHFFFAOYSA-N,1.0,True,True
15603,DZSUABROBXIMTR-UHFFFAOYSA-N,1.0,True,True
15599,RXHPRFXTTPZOEY-UHFFFAOYSA-N,1.0,True,True
15596,SBAHXFZOFKYFLF-UHFFFAOYSA-N,1.0,True,True
15578,YCGXUJCREYXLLJ-UHFFFAOYSA-N,1.0,True,True
15590,KQZNEZYLVJGYOG-UHFFFAOYSA-N,1.0,True,True
15587,SQMNHEWYIWSXPR-UHFFFAOYSA-N,1.0,True,True
15584,XPIBDQBNRZVERU-UHFFFAOYSA-N,1.0,True,True
15581,ZVXIEHZIFPDQQE-UHFFFAOYSA-N,1.0,True,True
15560,OXCNYWONVHMLED-UHFFFAOYSA-N,1.0,True,True
15575,PBEJTVFPGFUTTK-UHFFFAOYSA-N,1.0,True,True
15572,WGKCFBYEPOFNQP-UHFFFAOYSA-N,1.0,True,True
15569,BRMHATSSYRSLPZ-UHFFFAOYSA-N,1.0,True,True
15566,INSNGVRXZKHDGR-UHFFFAOYSA-N,1.0,True,True
15563,OSIWCVKDTSHXKN-UHFFFAOYSA-N,1.0,True,True
15557,NTUPQORPEFPHDR-UHFFFAOYSA-N,1.0,True,True
15554,VLRZGUICBIQSEJ-UHFFFAOYSA-N,1.0,True,True
15551,TUHMKIAGLGSMFH-UHFFFAOYSA-N,1.0,True,True
15547,OTKDLDYSTMNANO-UHFFFAOYSA-N,1.0,True,True
15544,IMZOPOYGZLBDQW-UHFFFAOYSA-N,1.0,True,True
14844,GKUUHRZUZQBGKF-UHFFFAOYSA-N,0.782608695652174,False,False
14843,FWTKQOHFHVDHTP-UHFFFAOYSA-N,0.851063829787234,False,True
14842,RPBNLTXFSVFVOZ-UHFFFAOYSA-N,0.7717391304347826,False,False
14874,UWJIEPDHQMKHLI-UHFFFAOYSA-N,0.7572815533980582,False,False
14873,WLDXGYCPLMBPFN-UHFFFAOYSA-N,0.8315789473684211,False,False
14872,FDHQWEFXQUEIOF-UHFFFAOYSA-N,0.6633663366336634,False,False
14871,PTIFAJRIJJKNRS-UHFFFAOYSA-N,0.8144329896907216,False,False
14870,VKHJARYKLVJZJQ-UHFFFAOYSA-N,0.9302325581395349,False,True
14869,UFIMYIZAWJNASL-UHFFFAOYSA-N,0.8152173913043478,False,False
14868,FHLCCOVHULMRGF-UHFFFAOYSA-N,0.8604651162790697,False,True
14867,VQUOKJDMVQKFLH-UHFFFAOYSA-N,0.9090909090909091,False,True
14865,WEKSARQSFNTHDK-UHFFFAOYSA-N,0.8041237113402062,False,False
14864,TVXYVSHBQJHCFT-UHFFFAOYSA-N,0.3384615384615385,False,False
14863,MDBQXUSNNDQQIN-UHFFFAOYSA-N,0.8021978021978022,False,False
14862,MQCNLUDZZQWSOQ-UHFFFAOYSA-N,0.8314606741573034,False,False
14861,XJIFCOSEFJLBTM-UHFFFAOYSA-N,0.8315789473684211,False,False
14860,BJZZEXKDIBXDST-UHFFFAOYSA-N,0.8387096774193549,False,False
14858,NYRGXZAZAZRZFM-UHFFFAOYSA-N,0.7912087912087912,False,False
14886,VFSBFAWUNOZDBF-UHFFFAOYSA-N,0.7340425531914894,False,False
14885,AWPWXCGKAIKLEY-UHFFFAOYSA-N,0.8372093023255814,False,False
14884,HPAJZOMOTPWYDM-UHFFFAOYSA-N,0.7752808988764045,False,False
14883,VDWYJLXTCZENAQ-UHFFFAOYSA-N,0.8023255813953488,False,False
14882,VMIWWSAHTNFTIU-UHFFFAOYSA-N,0.8969072164948454,False,True
14881,ZSUWCIJZQZGPSN-UHFFFAOYSA-N,0.8969072164948454,False,True
14880,LIYAKIMSPVBFHL-UHFFFAOYSA-N,0.83,False,False
14879,MDNWDYRMIDZIBI-UHFFFAOYSA-N,0.8958333333333334,False,True
14878,UUAXLSMJHQSJDS-UHFFFAOYSA-N,0.7169811320754716,False,False
14877,IKLDOHFCKZDKSS-UHFFFAOYSA-N,0.38095238095238093,False,False
14876,FLYKXRTWTGYLTE-UHFFFAOYSA-N,0.8958333333333334,False,True
14875,YWGGQGZGVKURJU-UHFFFAOYSA-N,0.7920792079207921,False,False
15429,CNAZAPAVCQERRY-UHFFFAOYSA-N,1.0,True,True
15444,QOGWNJJVOSZAFL-UHFFFAOYSA-N,1.0,True,True
15443,XNHVPZBMAGJYKT-UHFFFAOYSA-N,1.0,True,True
15440,YCKQFGBEMIPWHZ-UHFFFAOYSA-N,1.0,True,True
15437,CEDRWRTUYYLFAH-UHFFFAOYSA-N,1.0,True,True
15434,XCZAECRQULOUNE-UHFFFAOYSA-N,1.0,True,True
15428,JSWBXZYYWIVMGS-UHFFFAOYSA-N,1.0,True,True
15425,AYZBOFHTISLWLL-UHFFFAOYSA-N,1.0,True,True
15422,OJSIMAXAUPKJAY-UHFFFAOYSA-N,0.8695652173913043,False,True
15530,KXBSTBIVBZCLAG-UHFFFAOYSA-N,1.0,True,True
15529,XGHIIDQCXGHAPT-UHFFFAOYSA-N,1.0,True,True
15539,RVNUSWFUVZXGEQ-UHFFFAOYSA-N,1.0,True,True
15538,KSLOKXSKBNOGOU-UHFFFAOYSA-N,1.0,True,True
15535,IYBHLDGFWZCCSD-UHFFFAOYSA-N,1.0,True,True
15460,CHMYCCLUBIHTAP-UHFFFAOYSA-N,1.0,True,True
15524,MJYRMXACGWDDBX-UHFFFAOYSA-N,1.0,True,True
15523,DCDHUBCPDJIMQG-UHFFFAOYSA-N,1.0,True,True
15520,BXGADLBJFHVEBO-UHFFFAOYSA-N,1.0,True,True
15517,DWIIOVJOBACVKG-UHFFFAOYSA-N,1.0,True,True
15514,PHHDJHOCOFTYHU-UHFFFAOYSA-N,1.0,True,True
15511,RUUUFHDFRNLCKX-UHFFFAOYSA-N,1.0,True,True
15508,NYJYCRRUCDKVRM-UHFFFAOYSA-N,1.0,True,True
15505,AWZICWFZULOUGN-UHFFFAOYSA-N,1.0,True,True
15502,IPDFQQLHBVVJBP-UHFFFAOYSA-N,1.0,True,True
15499,YLKPFJWLEMIXBU-UHFFFAOYSA-N,1.0,True,True
15496,LBDNAEMQZHSLLZ-UHFFFAOYSA-N,1.0,True,True
15492,HVZWNPMNBZKTCX-UHFFFAOYSA-N,1.0,True,True
15490,SNKGUMMAVHGNBH-UHFFFAOYSA-N,1.0,True,True
15487,HNDZCUXEDWWDSE-UHFFFAOYSA-N,1.0,True,True
15484,JNKGBPDYLBCPNB-UHFFFAOYSA-N,1.0,True,True
15481,YXIONOKCFUBXOO-UHFFFAOYSA-N,1.0,True,True
15475,XAOJZXXTXMWEAA-UHFFFAOYSA-N,1.0,True,True
15474,LOGKPUAQJUFUSI-UHFFFAOYSA-N,1.0,True,True
15470,XKWNMYYCYCUEPC-UHFFFAOYSA-N,1.0,True,True
15467,KVSARFKSPNRFOC-UHFFFAOYSA-N,1.0,True,True
15464,AKILEUXNRBRINP-UHFFFAOYSA-N,1.0,True,True
15455,IQPOGMAKMCKZSK-UHFFFAOYSA-N,1.0,True,True
15452,ZVLPVVJFNLTAJS-UHFFFAOYSA-N,1.0,True,True
15449,XNRNWIKERQHICU-UHFFFAOYSA-N,1.0,True,True
14292,YIGFSLQBIDLLFW-XCCMJPSHSA-N,1.0,True,True
14289,VDWDVHIUXWRDQB-SHCORVSCSA-N,0.8695652173913043,False,True
14310,UGUMNJQQOKPBPW-IJKRIRNJSA-N,0.8723404255319149,False,True
14307,ORHBGOCSEMXKAU-JQYKHWSXSA-N,1.0,True,True
14304,LCTNJCBUAWJNIM-WYXCVJKBSA-N,0.6635514018691588,False,False
14301,VGMJLLQQSFARMF-FVOZHSIJSA-N,1.0,True,True
14326,TTXMLHTVRQZAKC-FLMMDQNISA-N,0.978494623655914,True,True
14325,KUZBPAQQZSCFEY-CPWGSRFHSA-N,0.978494623655914,True,True
14322,XFXJEXGIVZTTPV-IGDOOEMVSA-N,0.8877551020408163,False,True
14319,NGSFYEKSASTMRR-OWDOAZIXSA-N,0.8712871287128713,False,True
14316,FLZDEXZIYXASQH-FYLLWHEGSA-N,0.8723404255319149,False,True
14334,MCMIIDRZHYMDDA-XFCJHHLGSA-N,0.8229166666666666,False,False
14777,XZYMOZRILGXNRQ-UHFFFAOYSA-N,0.8023255813953488,False,False
14776,HXTTWHIEILZCCM-UHFFFAOYSA-N,0.6555555555555556,False,False
14775,XLHJNTPUYCBCBE-UHFFFAOYSA-N,0.7045454545454546,False,False
14774,DNIPBFVIBSBQBV-UHFFFAOYSA-N,0.7922077922077922,False,False
14773,IVOZJPFDDODZBK-UHFFFAOYSA-N,0.7792207792207793,False,False
14772,YHTVUWGUMCNXLZ-UHFFFAOYSA-N,0.8051948051948052,False,False
14771,CPTAGFOUNSUWNT-UHFFFAOYSA-N,0.8051948051948052,False,False
14793,JHPIQTZANBUQKO-UHFFFAOYSA-N,0.8461538461538461,False,False
14792,RJHYWRIGSBGUSH-UHFFFAOYSA-N,0.8444444444444444,False,False
14791,NBDBGWAGMLITIR-UHFFFAOYSA-N,0.8823529411764706,False,True
14790,GRDHNVZITSCVNQ-UHFFFAOYSA-N,0.6633663366336634,False,False
14789,QSZTZQUSCXWOKC-UHFFFAOYSA-N,0.8461538461538461,False,False
14788,DWRZMFHVNZXFBM-UHFFFAOYSA-N,0.8658536585365854,False,True
14787,RQSWNZKRODOYBD-UHFFFAOYSA-N,0.8823529411764706,False,True
14786,HSZJDXJWIHBRPF-UHFFFAOYSA-N,0.8372093023255814,False,False
14785,WWMUZWOSDQNPBB-UHFFFAOYSA-N,0.8658536585365854,False,True
14783,NERGAARFHQWQLG-UHFFFAOYSA-N,0.7647058823529411,False,False
14782,HKRYIOQHJUPFKW-UHFFFAOYSA-N,0.782051282051282,False,False
14781,TXODDQIBGUJBMK-UHFFFAOYSA-N,0.7922077922077922,False,False
14779,UJHDIFAYRHNOJG-UHFFFAOYSA-N,0.9176470588235294,False,True
14778,GHBJYSFCUOHJGM-UHFFFAOYSA-N,0.7582417582417582,False,False
14809,MLJNVDODAOPOPS-UHFFFAOYSA-N,0.8275862068965517,False,False
14808,DXWXUDRRVWEAGW-UHFFFAOYSA-N,0.8444444444444444,False,False
14807,PCORNVADPPLYAG-UHFFFAOYSA-N,0.711340206185567,False,False
14806,CXTKOTPSLIOTKT-UHFFFAOYSA-N,0.7553191489361702,False,False
14805,COYCZFAUULYNFJ-UHFFFAOYSA-N,0.9069767441860465,False,True
14804,BMVKSKYEIHNLFJ-UHFFFAOYSA-N,0.9069767441860465,False,True
14803,ROSGPEIQBNDARU-UHFFFAOYSA-N,0.8823529411764706,False,True
14802,XENQZKOPLGQJIB-UHFFFAOYSA-N,0.9176470588235294,False,True
14801,NAERPJCTEXJGJM-UHFFFAOYSA-N,0.8705882352941177,False,True
14800,JLXQYUZCBZHUEH-UHFFFAOYSA-N,0.788235294117647,False,False
14799,SDWWPQFUIWWPRX-UHFFFAOYSA-N,0.7333333333333333,False,False
14798,UWSUWFPESBXYKM-UHFFFAOYSA-N,0.6868686868686869,False,False
14797,NYENPYAWIMAJFL-UHFFFAOYSA-N,0.4774774774774775,False,False
14796,HCSYJQHKGPMZKS-UHFFFAOYSA-N,0.7865168539325843,False,False
14795,UDHYJUOCEKJMLZ-UHFFFAOYSA-N,0.7849462365591398,False,False
14794,YKTROHSTTXEASB-UHFFFAOYSA-N,0.8085106382978723,False,False
14825,VYNHXNRCIQUAQD-UHFFFAOYSA-N,0.8021978021978022,False,False
14824,GUGFVCHIVXKAQD-UHFFFAOYSA-N,0.8160919540229885,False,False
14823,QJBGTLSKMSCQAB-UHFFFAOYSA-N,0.7555555555555555,False,False
14822,UMIWMFILLKEPMD-UHFFFAOYSA-N,0.9058823529411765,False,True
14821,UAPRFFXFNKFTHV-UHFFFAOYSA-N,0.9058823529411765,False,True
14820,PEBFZZGDQSWFIM-UHFFFAOYSA-N,0.8235294117647058,False,False
14819,ZSRGLAYRUUGCFB-UHFFFAOYSA-N,0.7764705882352941,False,False
14818,OYTMUFJKDJDZKN-UHFFFAOYSA-N,0.9036144578313253,False,True
14817,UOIKHDZZZNKFEV-UHFFFAOYSA-N,0.9036144578313253,False,True
14816,FABBLQSPYSDCCL-UHFFFAOYSA-N,0.7951807228915663,False,False
14815,PHLKUXIZZPURJP-UHFFFAOYSA-N,0.7978723404255319,False,False
14814,MUONWHQUIVTAFW-UHFFFAOYSA-N,0.7528089887640449,False,False
14813,PCUOLDSYQAWQKK-UHFFFAOYSA-N,0.8571428571428571,False,True
14812,QNZNFZDOIKJDBS-UHFFFAOYSA-N,0.8536585365853658,False,True
14811,WPFOGFPCCNNUPF-UHFFFAOYSA-N,0.8823529411764706,False,True
14810,OSSMJRGGWIEZDD-UHFFFAOYSA-N,0.8620689655172413,False,True
14841,PYFMSVHEVMOXKF-UHFFFAOYSA-N,0.7628865979381443,False,False
14840,XBGFZMYIGLYALB-UHFFFAOYSA-N,0.7553191489361702,False,False
14839,UTVCJOPJGABHPL-UHFFFAOYSA-N,0.7282608695652174,False,False
14838,XTRYLOKHZRFHGJ-UHFFFAOYSA-N,0.7263157894736842,False,False
14837,RXRMUDUVJXGDSU-UHFFFAOYSA-N,0.9101123595505618,False,True
14836,UZPVUQQFBHKJAL-UHFFFAOYSA-N,0.6185567010309279,False,False
14835,ADZLBGMKJYGMRD-UHFFFAOYSA-N,0.8863636363636364,False,True
14834,TZQNHWZTASPEGD-UHFFFAOYSA-N,0.6923076923076923,False,False
14833,GMLHDRQBBSFBMW-UHFFFAOYSA-N,0.7263157894736842,False,False
14832,WZTNTRBAXJXQGS-UHFFFAOYSA-N,0.8271604938271605,False,False
14831,AADRPVSAIUTZPB-UHFFFAOYSA-N,0.5272727272727272,False,False
14830,HHNMJKFUZFVKMR-UHFFFAOYSA-N,0.7865168539325843,False,False
14829,SKDTYILETOMERP-UHFFFAOYSA-N,0.7954545454545454,False,False
14827,JSZOYQOPLOZAEY-UHFFFAOYSA-N,0.8131868131868132,False,False
14826,CWHMHANKRKJMIN-UHFFFAOYSA-N,0.8111111111111111,False,False
14857,YSCXVJLZJREDOW-UHFFFAOYSA-N,0.8522727272727273,False,True
14856,GDGXTAUTVDGMDL-UHFFFAOYSA-N,0.8555555555555555,False,True
14855,IHLKWEILLYYUJX-UHFFFAOYSA-N,0.851063829787234,False,True
14854,CVRXOBRWJRMFLR-UHFFFAOYSA-N,0.8279569892473119,False,False
14853,GIXQGXUZLKZKFT-UHFFFAOYSA-N,0.9302325581395349,False,True
14852,LLWATGHROVPQJR-UHFFFAOYSA-N,0.8505747126436781,False,True
14850,AAKJFJXBPVQJTB-UHFFFAOYSA-N,0.9101123595505618,False,True
14849,GTINEENEVGGWKC-UHFFFAOYSA-N,0.8555555555555555,False,True
14848,FVIVURYHKJVWFT-UHFFFAOYSA-N,0.9090909090909091,False,True
14847,SXPFVDFMNAKNII-UHFFFAOYSA-N,0.8314606741573034,False,False
14846,NMDBBMKDMYOFPQ-UHFFFAOYSA-N,0.8387096774193549,False,False
14845,NCMRSULKRSMYAX-UHFFFAOYSA-N,0.8315789473684211,False,False
17351,CNAATVRDPFEPOR-JAZIGOCYSA-N,0.8292682926829268,False,False
17350,WOXAJTIJOLDNKF-KJJYBEIGSA-N,0.8292682926829268,False,False
17349,VNVBCJAHGGXVQI-UHFFFAOYSA-N,0.9012345679012346,False,True
17348,TYTILRNSBOZOSM-UHFFFAOYSA-N,0.8333333333333334,False,False
17347,FMOVICKAXGROAJ-LVUWARKWSA-N,0.8333333333333334,False,False
17346,OKTJGQUXVHCPQM-XUFQXJAUSA-N,0.9012345679012346,False,True
17345,OQBRVHCTHHPRHI-DPXFAWMCSA-N,0.8554216867469879,False,True
17344,HOTDWHBZNQUXAF-LLXYIRBISA-N,1.0,True,True
17343,KKGMIRGJJOABBI-PGIICWOASA-N,1.0,True,True
17342,HOTDWHBZNQUXAF-JAZIGOCYSA-N,1.0,True,True
17337,ZHVNRUYXPXNULT-PGIICWOASA-N,0.8452380952380952,False,False
17336,IKGTYLRMRDEBRV-JAZIGOCYSA-N,0.8536585365853658,False,True
15059,POOOSBNJEIOFGK-UHFFFAOYSA-N,0.7916666666666666,False,False
15058,GIXXAGPSWATYKI-UHFFFAOYSA-N,0.7916666666666666,False,False
15057,KLRUKOJBHONCBT-UHFFFAOYSA-N,0.7916666666666666,False,False
15056,CAEDLFXOYUJMAT-UHFFFAOYSA-N,0.7916666666666666,False,False
15055,HXRWNYDWTXDYQY-UHFFFAOYSA-N,0.8135593220338984,False,False
15054,IQFJYBXTERMEMV-UHFFFAOYSA-N,1.0,True,True
15053,APQDUKPZGMVQOF-UHFFFAOYSA-N,0.8135593220338984,False,False
15052,IKDBDJNITQUCOU-UHFFFAOYSA-N,1.0,True,True
15051,PLMBAGJVTDAZPX-UHFFFAOYSA-N,1.0,True,True
15050,NXNIUEMYACLSQJ-UHFFFAOYSA-N,0.7580645161290323,False,False
15049,GLDDWXPUJGLFEY-UHFFFAOYSA-N,0.7619047619047619,False,False
15048,XHFMAWKVKSEQSG-UHFFFAOYSA-N,1.0,True,True
15047,XXJDKOPXHSTEEV-UHFFFAOYSA-N,1.0,True,True
15046,UCPCJPWMCSITTJ-UHFFFAOYSA-N,1.0,True,True
15045,QCMMTYJBZLVKRO-UHFFFAOYSA-N,0.8360655737704918,False,False
15044,JRCORTOTVGUVQP-UHFFFAOYSA-N,0.7868852459016393,False,False
15043,KDOVMDCNTQGQGN-UHFFFAOYSA-N,0.7419354838709677,False,False
15042,NVLTUQVPBNXKIA-UHFFFAOYSA-N,0.717391304347826,False,False
15041,OUAQMYYRDOARIV-UHFFFAOYSA-N,0.7424242424242424,False,False
15040,YGWLTCFZLWBSQC-UHFFFAOYSA-N,0.7837837837837838,False,False
15039,XHUICVWPIJGNHC-UHFFFAOYSA-N,0.8448275862068966,False,False
15038,IYOSJAIIRZTLMK-UHFFFAOYSA-N,0.64,False,False
15037,UGKHOZFTXLKWEU-UHFFFAOYSA-N,0.84375,False,False
15036,UFEKFARKZCXNOB-UHFFFAOYSA-N,0.7538461538461538,False,False
15035,PHBAHRGJJUSPIL-UHFFFAOYSA-N,0.7580645161290323,False,False
15034,IKRDSRZPBBADIX-UHFFFAOYSA-N,0.8412698412698413,False,False
15033,QLJPJHZRGQYUQR-UHFFFAOYSA-N,1.0,True,True
15032,LRPSTRPEQAKYBN-UHFFFAOYSA-N,1.0,True,True
15031,VCCUZFCQDVOIKK-UHFFFAOYSA-N,0.8412698412698413,False,False
15030,UCZVIJAFECZXSR-UHFFFAOYSA-N,0.8275862068965517,False,False
15029,YDKGAFLLEDYAIB-UHFFFAOYSA-N,1.0,True,True
15028,UXCORSQZBBAHFX-UHFFFAOYSA-N,1.0,True,True
15027,APRGYEOPFIRXLT-UHFFFAOYSA-N,0.7121212121212122,False,False
15026,SKKYYFZGNQOQFI-UHFFFAOYSA-N,1.0,True,True
15025,UNMPSPUBIIDINU-UHFFFAOYSA-N,0.7272727272727273,False,False
15024,KBCNPZLCOQKVML-UHFFFAOYSA-N,0.7540983606557377,False,False
15023,UWMBHYUEFAMFBH-UHFFFAOYSA-N,0.7230769230769231,False,False
15022,XXYBRNUFHKXIOH-UHFFFAOYSA-N,0.8275862068965517,False,False
15021,ITYLILBJRGBGHD-UHFFFAOYSA-N,0.7777777777777778,False,False
15020,KFOHNQVQPAHVIJ-UHFFFAOYSA-N,0.7419354838709677,False,False
15019,OLSFJPGPQYAISW-UHFFFAOYSA-N,0.8275862068965517,False,False
15018,FACAQWPATSZQOX-UHFFFAOYSA-N,0.7538461538461538,False,False
15017,XSHAPCAXPWIMDN-UHFFFAOYSA-N,1.0,True,True
15016,YNCDYPYGLDNQFZ-UHFFFAOYSA-N,0.78125,False,False
15015,DMWZZHAXHMZDGQ-UHFFFAOYSA-N,0.9310344827586207,False,True
15014,SPHMPSAETSBXPD-UHFFFAOYSA-N,0.7301587301587301,False,False
15013,ZBSIKXIGGHKDAG-UHFFFAOYSA-N,1.0,True,True
15012,KOECMUADEUNOCA-UHFFFAOYSA-N,0.8032786885245902,False,False
15011,KBJWXHVJWHLAAU-UHFFFAOYSA-N,0.7166666666666667,False,False
15010,KNKOIXDHUOUWIM-UHFFFAOYSA-N,0.8125,False,False
15009,VBPFLEFZVHZFHR-UHFFFAOYSA-N,0.78125,False,False
15008,QSGLWOCYAKQQOF-UHFFFAOYSA-N,0.78125,False,False
15006,BJDFGBAKSIPSGF-UHFFFAOYSA-N,1.0,True,True
15005,MKORPJLHMNAEEH-UHFFFAOYSA-N,0.7903225806451613,False,False
15004,CIVWAWPQWLUMPF-UHFFFAOYSA-N,1.0,True,True
12478,RUNVWJQLUOXPTK-UHFFFAOYSA-N,1.0,True,True
12477,PWBHUSLMHZLGRN-UHFFFAOYSA-N,1.0,True,True
12476,KISOGWRVVMLOAJ-ZTKZIYFRSA-N,1.0,True,True
12475,YBVYIEYCCXRRIL-UHFFFAOYSA-N,1.0,True,True
12474,RTJNENLSCCNFNZ-UHFFFAOYSA-N,1.0,True,True
12473,CNTPDKFMNCYUIZ-UHFFFAOYSA-N,1.0,True,True
12471,ZWMMBLXEKZBASQ-UHFFFAOYSA-N,1.0,True,True
12455,VBENHAJYXRVNOR-PCLIKHOPSA-N,1.0,True,True
12454,ZTXUDCJFEHQCTJ-NHFJDJAPSA-N,1.0,True,True
12453,IEXKJKQCNYRFKZ-NHFJDJAPSA-N,1.0,True,True
12450,JQOKZKKVCBMRAO-ZCTHSVRISA-N,1.0,True,True
12449,DBLCLXATPSXFRM-TURZUDJPSA-N,1.0,True,True
12448,XMFOZLULKYATLV-TURZUDJPSA-N,1.0,True,True
12447,HLTZTENHXBGDFW-TURZUDJPSA-N,1.0,True,True
12446,MZBYBWOGRMANOR-VFCFBJKWSA-N,1.0,True,True
12445,HOGAYZZVBRZZLU-ZXVVBBHZSA-N,1.0,True,True
12443,YQNPQDIYXJTZSS-UHFFFAOYSA-N,1.0,True,True
12442,CBLNQJNTHYKABS-UHFFFAOYSA-N,1.0,True,True
12441,NBPQNBPWJWJNAW-UHFFFAOYSA-N,1.0,True,True
12440,JFPDHRFBHTXINQ-UHFFFAOYSA-N,1.0,True,True
12438,SZFBZOFXYWXNRX-UHFFFAOYSA-N,1.0,True,True
12437,GZGWBCYPAQZKQL-UHFFFAOYSA-N,1.0,True,True
12436,AFHPSVCUZBDQAZ-UHFFFAOYSA-N,1.0,True,True
12435,ZMYWIWBZKNOHOS-UHFFFAOYSA-N,1.0,True,True
12434,AGOWPXRUTXUCBT-UHFFFAOYSA-N,1.0,True,True
12433,WSEOBKWHDMXFBH-UHFFFAOYSA-N,1.0,True,True
12432,QXBUFBTYDRIIBM-UHFFFAOYSA-N,1.0,True,True
12430,TXIQTHRPWLWAQD-UHFFFAOYSA-N,1.0,True,True
12429,OAYKTBSOXGVXDU-UHFFFAOYSA-N,1.0,True,True
12428,VTCJNNKXXHGPMU-UHFFFAOYSA-N,1.0,True,True
12427,QRBUWHHVKWDOJJ-UHFFFAOYSA-N,1.0,True,True
12425,RVVFCDIBLHZKHD-UHFFFAOYSA-N,1.0,True,True
12423,PWBHUSLMHZLGRN-UHFFFAOYSA-N,1.0,True,True
12422,VBENHAJYXRVNOR-PCLIKHOPSA-N,1.0,True,True
12421,ZTXUDCJFEHQCTJ-NHFJDJAPSA-N,1.0,True,True
12420,IEXKJKQCNYRFKZ-NHFJDJAPSA-N,1.0,True,True
12419,KISOGWRVVMLOAJ-ZTKZIYFRSA-N,1.0,True,True
12418,YBVYIEYCCXRRIL-UHFFFAOYSA-N,1.0,True,True
12417,JQOKZKKVCBMRAO-ZCTHSVRISA-N,1.0,True,True
12416,DBLCLXATPSXFRM-TURZUDJPSA-N,1.0,True,True
12415,XMFOZLULKYATLV-TURZUDJPSA-N,1.0,True,True
12414,HLTZTENHXBGDFW-TURZUDJPSA-N,1.0,True,True
12413,MZBYBWOGRMANOR-VFCFBJKWSA-N,1.0,True,True
12412,HOGAYZZVBRZZLU-ZXVVBBHZSA-N,1.0,True,True
12411,RTJNENLSCCNFNZ-UHFFFAOYSA-N,1.0,True,True
12410,YQNPQDIYXJTZSS-UHFFFAOYSA-N,1.0,True,True
12409,CBLNQJNTHYKABS-UHFFFAOYSA-N,1.0,True,True
12408,NBPQNBPWJWJNAW-UHFFFAOYSA-N,1.0,True,True
12407,JFPDHRFBHTXINQ-UHFFFAOYSA-N,1.0,True,True
12406,CNTPDKFMNCYUIZ-UHFFFAOYSA-N,1.0,True,True
12405,SZFBZOFXYWXNRX-UHFFFAOYSA-N,1.0,True,True
12404,GZGWBCYPAQZKQL-UHFFFAOYSA-N,1.0,True,True
12403,AFHPSVCUZBDQAZ-UHFFFAOYSA-N,1.0,True,True
12402,ZMYWIWBZKNOHOS-UHFFFAOYSA-N,1.0,True,True
12401,AGOWPXRUTXUCBT-UHFFFAOYSA-N,1.0,True,True
12400,WSEOBKWHDMXFBH-UHFFFAOYSA-N,1.0,True,True
12399,QXBUFBTYDRIIBM-UHFFFAOYSA-N,1.0,True,True
12398,RUNVWJQLUOXPTK-UHFFFAOYSA-N,1.0,True,True
12397,TXIQTHRPWLWAQD-UHFFFAOYSA-N,1.0,True,True
12396,OAYKTBSOXGVXDU-UHFFFAOYSA-N,1.0,True,True
12395,VTCJNNKXXHGPMU-UHFFFAOYSA-N,1.0,True,True
12394,QRBUWHHVKWDOJJ-UHFFFAOYSA-N,1.0,True,True
12393,ZWMMBLXEKZBASQ-UHFFFAOYSA-N,1.0,True,True
12392,RVVFCDIBLHZKHD-UHFFFAOYSA-N,1.0,True,True
9499,FURMQZYSFFTQLK-UHFFFAOYSA-N,1.0,True,True
9498,RKAFYSIKAVFVPS-UHFFFAOYSA-N,1.0,True,True
9497,ITYXEJVELHAHBC-UHFFFAOYSA-N,1.0,True,True
9488,FURMQZYSFFTQLK-UHFFFAOYSA-N,1.0,True,True
9487,RKAFYSIKAVFVPS-UHFFFAOYSA-N,1.0,True,True
9484,HLZCITRKGRESDX-UHFFFAOYSA-N,1.0,True,True
9483,WVKNOEMSHFZOMC-UHFFFAOYSA-N,1.0,True,True
9017,KBSLVVIJKFYHQD-UHFFFAOYSA-N,1.0,True,True
9015,QXQBBGATGSXVMK-UHFFFAOYSA-N,1.0,True,True
9014,GNLVNINROYMMNF-UHFFFAOYSA-N,1.0,True,True
9012,SYAVONCYXBHFRU-UHFFFAOYSA-N,1.0,True,True
9011,BMZZTJWYFDXLDW-UHFFFAOYSA-N,0.6692307692307692,False,False
9010,WHUBEMCWSVBTKJ-UHFFFAOYSA-N,1.0,True,True
9009,HGCFIBJFSGYMLU-UHFFFAOYSA-N,0.8846153846153846,False,True
9008,CVIUCQIEMJXIDK-UHFFFAOYSA-N,1.0,True,True
9006,HITUJPOQHFTSEN-UHFFFAOYSA-N,0.7666666666666667,False,False
9005,ZKADJGBIZSQMTI-UHFFFAOYSA-N,1.0,True,True
9004,LLMGXYXXJJJUML-UHFFFAOYSA-N,1.0,True,True
8992,WYTOMCMIBCWGKC-UHFFFAOYSA-N,0.990990990990991,True,True
8977,DNNMBAWCLGMMRJ-UHFFFAOYSA-N,1.0,True,True
8975,LIRYPHYGHXZJBZ-UHFFFAOYSA-N,1.0,True,True
8697,CGFZPCQPXPTSQN-UHFFFAOYSA-N,1.0,True,True
8694,ADRMBWHHZXMLQT-UHFFFAOYSA-N,1.0,True,True
8691,YMUPNWDEGZHCIO-UHFFFAOYSA-N,1.0,True,True
8679,YVHRDISCRNLROY-UHFFFAOYSA-N,1.0,True,True
8673,QAIOXCORFZQAJQ-UHFFFAOYSA-N,1.0,True,True
8670,VPIKBSUIANJWCV-UHFFFAOYSA-N,1.0,True,True
8667,ZUVKOVZMBROUHT-UHFFFAOYSA-N,1.0,True,True
8664,DKKHMYMAHSBXJU-UHFFFAOYSA-N,1.0,True,True
8661,SZBHZVKXNVDTIE-UHFFFAOYSA-N,1.0,True,True
8658,UPNYFUMWUGAOCK-UHFFFAOYSA-N,1.0,True,True
8655,OKINYKAUIRIVRW-UHFFFAOYSA-N,1.0,True,True
8652,RYQUFDDISRUCKD-UHFFFAOYSA-N,1.0,True,True
8649,DEDHMWRLLDHXOU-UHFFFAOYSA-N,1.0,True,True
8646,KLFICSDLUNKKNN-UHFFFAOYSA-N,0.7058823529411765,False,False
8643,GIZMPHOXHUEIKD-UHFFFAOYSA-N,1.0,True,True
8640,ULXWNFKEBKZHMV-UHFFFAOYSA-N,1.0,True,True
8637,PFYRMTFUCYWDAF-UHFFFAOYSA-N,1.0,True,True
8634,LXDWXYIHKJHDDN-UHFFFAOYSA-N,1.0,True,True
8631,PFVUHNBDEWWHRS-UHFFFAOYSA-N,1.0,True,True
8628,GJGRKQRZLIIXJA-UHFFFAOYSA-N,1.0,True,True
8625,CKBMVYCGNMTNHY-UHFFFAOYSA-N,1.0,True,True
8622,NTVDJSMOJBNTKS-UHFFFAOYSA-N,1.0,True,True
8616,LVKWQBYXECGZFG-UHFFFAOYSA-N,1.0,True,True
8613,WIWPZBHSZFDKHF-UHFFFAOYSA-N,1.0,True,True
8610,JIHXFPQPLWIYTQ-UHFFFAOYSA-N,1.0,True,True
8607,FBRXOQMGUAGIJT-UHFFFAOYSA-N,0.75,False,False
8604,NBNUYPVZBAGDOV-UHFFFAOYSA-N,1.0,True,True
8601,RZYHEBGZSDPFCF-UHFFFAOYSA-N,1.0,True,True
8595,COTSBSZVZHKVHA-UHFFFAOYSA-N,1.0,True,True
8592,YSUVBJBOLCKLJB-UHFFFAOYSA-N,1.0,True,True
8589,VJRXNHYYQZICIZ-UHFFFAOYSA-N,1.0,True,True
8583,IWEWUQRRIBLUHW-UHFFFAOYSA-N,1.0,True,True
8580,CQDUJOQUXAGMFA-UHFFFAOYSA-N,1.0,True,True
8577,ZCJDRBLJNPFHHK-UHFFFAOYSA-N,1.0,True,True
8574,QXRKWGMYMKVDNI-UHFFFAOYSA-N,1.0,True,True
8571,LUPMJVLTLSAMCP-UHFFFAOYSA-N,1.0,True,True
8568,ISYNLQVYPZPJJQ-UHFFFAOYSA-N,1.0,True,True
8565,ICOPTTSATSRBGB-UHFFFAOYSA-N,1.0,True,True
8562,JGFDYORUXVIKLK-UHFFFAOYSA-N,1.0,True,True
8559,NQUMWDZRQOOYMY-UHFFFAOYSA-N,1.0,True,True
8556,SQVAJVASVWGKNP-UHFFFAOYSA-N,1.0,True,True
8553,ODHKGCRHGLPSKM-UHFFFAOYSA-N,1.0,True,True
8550,MCDCWLSLJAANSJ-UHFFFAOYSA-N,1.0,True,True
8547,KNCXADFGJHHQGG-UHFFFAOYSA-N,1.0,True,True
8544,SCNDLANJPTVECR-UHFFFAOYSA-N,1.0,True,True
8541,MJVBYINQLBBCIL-UHFFFAOYSA-N,1.0,True,True
8538,IPNBCNHJLYMBJC-UHFFFAOYSA-N,1.0,True,True
8532,JCMPHTUVJNLQSM-UHFFFAOYSA-N,1.0,True,True
8529,QWGADEFGUCQFCA-UHFFFAOYSA-N,1.0,True,True
8526,IKULLUGCPUIORT-UHFFFAOYSA-N,1.0,True,True
8523,RHSIRCWMRPABPN-UHFFFAOYSA-N,1.0,True,True
8517,CMSWXQJFWKDOLL-UHFFFAOYSA-N,1.0,True,True
8514,UFTYBWODCHRETG-UHFFFAOYSA-N,1.0,True,True
8511,NTDFUVVXUPDDFU-UHFFFAOYSA-N,1.0,True,True
8508,YSJCNZQEYLMVPJ-UHFFFAOYSA-N,1.0,True,True
8505,QXMIBFXPGQHNCP-UHFFFAOYSA-N,1.0,True,True
8499,NCELYCWCFAOVEI-UHFFFAOYSA-N,1.0,True,True
8496,DQCXJNJOELHPGW-UHFFFAOYSA-N,1.0,True,True
8487,JRVDBTUKCVHWII-UHFFFAOYSA-N,1.0,True,True
8484,QBQCKTAFFKCOFI-UHFFFAOYSA-N,0.6326530612244898,False,False
8481,RCEZXIJXXNBNAR-UHFFFAOYSA-N,1.0,True,True
8475,MVGRJMHABUPNQX-UHFFFAOYSA-N,1.0,True,True
8472,RKSIXQFJQDNKFU-UHFFFAOYSA-N,1.0,True,True
8469,VOMUVGYUZOWOBO-UHFFFAOYSA-N,1.0,True,True
8466,JQNHDDQMLWLWGH-UHFFFAOYSA-N,1.0,True,True
8463,VNSWQAODHHDXCN-UHFFFAOYSA-N,1.0,True,True
8460,ALTNHPWHVOJTJA-UHFFFAOYSA-N,1.0,True,True
8457,VSKGPJVKIDUZJQ-UHFFFAOYSA-N,1.0,True,True
8454,UZGVEFNBUJANDS-UHFFFAOYSA-N,1.0,True,True
8451,MFJRFWHLOUIGAO-UHFFFAOYSA-N,1.0,True,True
8445,AABCQCXLKZIUFW-UHFFFAOYSA-N,1.0,True,True
8442,NYVGCNSACSJVJQ-UHFFFAOYSA-N,1.0,True,True
8439,LWMOTIQKAURFAC-UHFFFAOYSA-N,1.0,True,True
8436,QZTSIINAARXFSY-UHFFFAOYSA-N,1.0,True,True
8433,MKHAIMPPDGEJEY-UHFFFAOYSA-N,1.0,True,True
8430,NOCXQSYFQQQRKE-UHFFFAOYSA-N,1.0,True,True
8427,LIWZEQZSVBCAHD-UHFFFAOYSA-N,1.0,True,True
8424,GNTQBWHZPDGBJG-UHFFFAOYSA-N,0.8604651162790697,False,True
8421,CTHAGTQBMXKSKJ-UHFFFAOYSA-N,1.0,True,True
8418,XLJFKTHVAHNSIA-UHFFFAOYSA-N,0.6595744680851063,False,False
8415,XGMQIGRFKYAXMG-UHFFFAOYSA-N,0.6170212765957447,False,False
8412,APXBGFJKKWENNW-UHFFFAOYSA-N,1.0,True,True
8409,DOJVRTAEPFHHBI-UHFFFAOYSA-N,1.0,True,True
8406,QCEKSZFFRJZYGD-UHFFFAOYSA-N,1.0,True,True
8403,QRANXUQARZXRAD-UHFFFAOYSA-N,1.0,True,True
8400,QYVMNXRPDXLZOV-UHFFFAOYSA-N,1.0,True,True
8397,NSNOZCIBZJXIAD-UHFFFAOYSA-N,1.0,True,True
8394,IUJSAVPLRWRWOF-UHFFFAOYSA-N,1.0,True,True
8391,ZHINEOZMGPJDNM-UHFFFAOYSA-N,1.0,True,True
8388,VOTVGZSDHZUGID-UHFFFAOYSA-N,1.0,True,True
8382,TUBWIYFPDZJZPI-UHFFFAOYSA-N,1.0,True,True
8370,XKAYAFBLGLCWSY-UHFFFAOYSA-N,1.0,True,True
8364,VJWHSCYAWWAUKE-UHFFFAOYSA-N,1.0,True,True
8361,MFWNULQJIPYQAD-UHFFFAOYSA-N,1.0,True,True
8358,XOLLDBOOXRTMRB-UHFFFAOYSA-N,1.0,True,True
8355,WYVRRHRAVWFLFT-UHFFFAOYSA-N,0.6,False,False
8352,AOTCHMLPDVLPIB-UHFFFAOYSA-N,1.0,True,True
8343,DSYNWQCBTMVSDL-UHFFFAOYSA-N,1.0,True,True
8337,KNCYXPMJDCCGSJ-UHFFFAOYSA-N,1.0,True,True
8334,SOXCTXUWNIPELK-UHFFFAOYSA-N,1.0,True,True
8331,UJCVXZRGUBFALU-UHFFFAOYSA-N,0.4107142857142857,False,False
8328,QFNFXYPFSYJCDF-UHFFFAOYSA-N,1.0,True,True
8316,XBBQCTVYIZUIBE-UHFFFAOYSA-N,1.0,True,True
8313,PPJAGGKKTDHITN-UHFFFAOYSA-N,1.0,True,True
8307,MFVYUPMTXJMKPP-UHFFFAOYSA-N,1.0,True,True
8304,HRBRTHDNKRCGBY-UHFFFAOYSA-N,1.0,True,True
8301,JMSKDRLRVVKCEK-UHFFFAOYSA-N,1.0,True,True
8298,PVVCZIPOSAWILA-UHFFFAOYSA-N,1.0,True,True
8295,UVEYRTMUFFSQFR-UHFFFAOYSA-N,1.0,True,True
8292,LRKIWYBDAVJTPJ-UHFFFAOYSA-N,1.0,True,True
8289,JLVKSGLHMLSBDK-UHFFFAOYSA-N,1.0,True,True
8283,QKZPTIZIXHPLFB-UHFFFAOYSA-N,1.0,True,True
8280,WAJDSGCFQXUVTQ-UHFFFAOYSA-N,1.0,True,True
8277,RWYJEMRYZWZJNO-UHFFFAOYSA-N,1.0,True,True
8274,OPXLTFHJELEWOI-UHFFFAOYSA-N,1.0,True,True
8271,URILUMHZIRZPCJ-UHFFFAOYSA-N,1.0,True,True
8268,HVNMWUKSOSXVLL-UHFFFAOYSA-N,1.0,True,True
8265,NWSMFIWDTYFPPM-UHFFFAOYSA-N,1.0,True,True
8262,SHWVSEDWGQGMCV-UHFFFAOYSA-N,1.0,True,True
8259,WEYYFCRNAKEIDH-UHFFFAOYSA-N,1.0,True,True
8256,MYRIFYRCESTDMG-UHFFFAOYSA-N,1.0,True,True
8253,AEEYCKZXJKQQIV-UHFFFAOYSA-N,1.0,True,True
8250,PVSNSSNWFBCZAG-UHFFFAOYSA-N,1.0,True,True
8247,OWUREALYUQQKSS-UHFFFAOYSA-N,1.0,True,True
8244,WZWFGMIIXYDYQI-UHFFFAOYSA-N,1.0,True,True
8241,RLJZIAOTDFDGPG-UHFFFAOYSA-N,1.0,True,True
8238,NKOFFYVYWRZNHY-UHFFFAOYSA-N,1.0,True,True
8235,UOGLKJYFHKXHMO-UHFFFAOYSA-N,1.0,True,True
8232,RKGPCSSCONZKOY-UHFFFAOYSA-N,1.0,True,True
8229,ZXFHNGNJSOEMCG-UHFFFAOYSA-N,1.0,True,True
8226,NMDWJMYQHRWUIB-UHFFFAOYSA-N,1.0,True,True
8223,ZFPLBMYBCSCBAC-UHFFFAOYSA-N,1.0,True,True
8220,FXEKWTPHXIUNIA-UHFFFAOYSA-N,1.0,True,True
8217,KZCZMAGKDUXKER-UHFFFAOYSA-N,1.0,True,True
8214,YZUKMCKCMHGVKW-UHFFFAOYSA-N,1.0,True,True
8211,HCYSYKSVYCXCRF-UHFFFAOYSA-N,1.0,True,True
8208,ONZAPCJAXYJSJG-UHFFFAOYSA-N,1.0,True,True
8205,ZATISVKRDZONQE-UHFFFAOYSA-N,1.0,True,True
8202,QNOMLZGQRQQGKZ-NTMALXAHSA-N,1.0,True,True
8199,QZCGMGMBHRRQER-UHFFFAOYSA-N,1.0,True,True
8196,UUIGKJBPOQJSRL-UHFFFAOYSA-N,1.0,True,True
8193,WJCAOTRKGFLQHG-UHFFFAOYSA-N,1.0,True,True
8190,OMDSCKPLWLIKRI-UHFFFAOYSA-N,1.0,True,True
8187,QTHWCINHXOAWTE-UHFFFAOYSA-N,1.0,True,True
8184,WQBYRVHGTFSBTA-UHFFFAOYSA-N,1.0,True,True
8181,GXZJLWJGGUWBNB-UHFFFAOYSA-N,1.0,True,True
8178,SLATWRXWDPRQRD-UHFFFAOYSA-N,1.0,True,True
8175,UDYIBBMHRAMVCW-UHFFFAOYSA-N,1.0,True,True
8172,WKIBKVUCDPWYDM-UHFFFAOYSA-N,1.0,True,True
8169,JMQYJDHWEYMDTP-UHFFFAOYSA-N,1.0,True,True
8166,FMQSIIABSLPCGC-UHFFFAOYSA-N,1.0,True,True
8163,FQCDNISILWTFEH-UHFFFAOYSA-N,1.0,True,True
8160,AAYGXRCKUAROMT-UHFFFAOYSA-N,1.0,True,True
7335,BPWZJVKIVHVVHP-UHFFFAOYSA-N,1.0,True,True
7333,OOYJNUNOVRCHJZ-UHFFFAOYSA-N,1.0,True,True
7332,BXDZOYLPNAIDOC-UHFFFAOYSA-N,1.0,True,True
7331,PQOGZKGXGLHDGS-VIGCBFJOSA-N,0.8362068965517241,False,False
7325,QWAPGCLEMSMVCO-UHFFFAOYSA-N,1.0,True,True
7323,QWAPGCLEMSMVCO-UHFFFAOYSA-N,1.0,True,True
7321,RTZBKPNLWFDXQO-UHFFFAOYSA-N,0.34375,False,False
7319,ZLWGJAFBBMOOFV-UHFFFAOYSA-N,0.34375,False,False
7317,YYFXOYJRLBXGJH-UHFFFAOYSA-N,0.4520547945205479,False,False
7315,QWAPGCLEMSMVCO-UHFFFAOYSA-N,1.0,True,True
7312,PBEIAQYKTXKQGF-UHFFFAOYSA-N,1.0,True,True
7311,DSPLUZXRPQPQIS-UHFFFAOYSA-N,0.6447368421052632,False,False
7308,ATAPHXJEYOXWMD-UHFFFAOYSA-N,0.6447368421052632,False,False
7232,JZRYQZJSTWVBBD-UHFFFAOYSA-N,0.1891891891891892,False,False
7211,DHHPHNPIUVKLHQ-WCNVQLFYSA-N,0.9482758620689655,False,True
7210,CNNUCYOLQUTISX-DBFBYELTSA-N,0.9482758620689655,False,True
7209,ACBJRQJZBBTZFL-QJGAVIKSSA-N,0.8846153846153846,False,True
7208,WVWQNRQDLVDQDJ-UHFFFAOYSA-N,0.7222222222222222,False,False
6926,KMGAXUJZURDCDU-UHFFFAOYSA-N,1.0,True,True
6794,BMAXKCPSJKUKQW-UHFFFAOYSA-N,0.7297297297297297,False,False
6394,BHKDKKZMPODMIQ-UHFFFAOYSA-N,0.232,False,False
6393,RUBYHLPRZRMTJO-MOVYNIQHSA-N,1.0,True,True
6392,GLDQAMYCGOIJDV-UHFFFAOYSA-N,0.25806451612903225,False,False
6391,SLUDRBHRUDRZJZ-UHFFFAOYSA-N,0.14893617021276595,False,False
6390,OUPVMVHXMWBFDP-GOEBONIOSA-N,0.2692307692307692,False,False
6389,DUYJMQONPNNFPI-UHFFFAOYSA-N,0.2604166666666667,False,False
6388,PEMUGDMSUDYLHU-ZEQRLZLVSA-N,0.224,False,False
6387,NXQKSXLFSAEQCZ-SFHVURJKSA-N,0.3047619047619048,False,False
6327,XYGBNRINQSQNJG-KXMOUECTSA-N,0.4444444444444444,False,False
6326,JBTHUOYYUUPUOZ-VYQZZMIASA-N,0.4126984126984127,False,False
6325,GNRGNRCQXHMQQV-CJEZNJPTSA-N,0.3435114503816794,False,False
6324,OBNRBCUHEAAFPS-UHFFFAOYSA-N,0.4,False,False
6323,PXVFFBGSTYQHRO-FLSOVXKXSA-N,0.6158940397350994,False,False
6321,TZZDVPMABRWKIZ-MFTLXVFQSA-N,0.5131578947368421,False,False
6310,MIXIIJCBELCMCZ-UHFFFAOYSA-N,0.22340425531914893,False,False
6308,WVUNYSQLFKLYNI-AATRIKPKSA-N,0.27586206896551724,False,False
6302,INAPMGSXUVUWAF-UHFFFAOYSA-N,0.7894736842105263,False,False
6301,NUNSNQLTNNCTMR-NTEUORMPSA-N,1.0,True,True
6300,NUNSNQLTNNCTMR-NTEUORMPSA-N,1.0,True,True
5971,LKIKZGJOIUJYGD-ZWHDFXHCSA-N,1.0,True,True
5825,GXTJETQFYHZHNB-GASCZTMLSA-N,1.0,True,True
5818,HOCBJBNQIQQQGT-LJQANCHMSA-N,1.0,True,True
5733,RKJREIMDGKHZEZ-UHFFFAOYSA-N,1.0,True,True
5731,VBVAZSILFWUVLI-UHFFFAOYSA-N,1.0,True,True
5729,FAVKGIJRQFOBMS-UHFFFAOYSA-N,1.0,True,True
5727,AYWUVRWBXDQPQO-UHFFFAOYSA-N,1.0,True,True
5725,CCJCMSXSQPKEPT-UHFFFAOYSA-N,1.0,True,True
5723,USWDBQRILPTSCJ-UHFFFAOYSA-N,1.0,True,True
5721,LAGBNOHZJRUZOB-UHFFFAOYSA-N,1.0,True,True
5719,WJBQWPQUXRYNLP-UHFFFAOYSA-N,1.0,True,True
5717,OVGJPTOOJQLTTA-UHFFFAOYSA-N,1.0,True,True
5713,MSXMWXLIMDYAFF-UHFFFAOYSA-N,0.8823529411764706,False,True
5711,TZOPVMYYPPJPRJ-UHFFFAOYSA-N,1.0,True,True
5710,BBIACINZYUBHFF-PEBXRYMYSA-N,1.0,True,True
5708,BBIACINZYUBHFF-FPTDNZKUSA-N,1.0,True,True
5706,JUMCUPDSIABGSG-BTYIYWSLSA-N,1.0,True,True
5704,JUMCUPDSIABGSG-VFNWGFHPSA-N,1.0,True,True
5702,GSGDUDAFETZSPM-ODIUBACGSA-N,1.0,True,True
5700,GSGDUDAFETZSPM-XNVILDLWSA-N,1.0,True,True
5690,HPQGUGFUKNXBFU-SKDDIYDISA-N,1.0,True,True
5688,HPQGUGFUKNXBFU-MBSHLRGSSA-N,1.0,True,True
5686,YJEGTRPXGMXUTO-OSDILXSKSA-N,1.0,True,True
5684,YJEGTRPXGMXUTO-IKGLDXFJSA-N,1.0,True,True
5682,WAMJDHFDXROKDA-QKKBWIMNSA-N,1.0,True,True
5680,WAMJDHFDXROKDA-SZNDQCEHSA-N,1.0,True,True
5678,VMGLHACLWFOJMH-XLIONFOSSA-N,1.0,True,True
5676,VMGLHACLWFOJMH-PXNSSMCTSA-N,1.0,True,True
5674,QKIKTQLOBNLUOX-ZBFHGGJFSA-N,0.7702702702702703,False,False
5672,AXXSGZFGJNDDCH-UHFFFAOYSA-N,0.8533333333333334,False,True
5670,TUBBGJWQRZERCH-UHFFFAOYSA-N,0.8533333333333334,False,True
5668,VFNPUAOAEFMXQI-GASCZTMLSA-N,0.7702702702702703,False,False
5626,SKUSCUALKIOIST-UHFFFAOYSA-N,1.0,True,True
5601,ZYFGMFOHUCNRGR-UHFFFAOYSA-N,1.0,True,True
5600,UNSCRKQXUTTXBC-UHFFFAOYSA-N,1.0,True,True
5599,WFKXZHQJHSCEQC-UHFFFAOYSA-N,1.0,True,True
5598,JZSRISQUBLIXAM-UHFFFAOYSA-N,1.0,True,True
5597,VRXYWGQVKYXSCQ-UHFFFAOYSA-N,1.0,True,True
5596,JYHPLEJDDPQVNU-UHFFFAOYSA-N,1.0,True,True
5595,SXINSNVYIXOMFX-UHFFFAOYSA-N,1.0,True,True
5594,HOLIICBIBIHWHS-UHFFFAOYSA-N,1.0,True,True
5593,XFZBHHYPZWZUSU-UHFFFAOYSA-N,1.0,True,True
5592,UYVYBZSEYBKMIU-UHFFFAOYSA-N,1.0,True,True
5591,JLAMOBANUTWRLR-FQEVSTJZSA-N,1.0,True,True
5590,JLAMOBANUTWRLR-HXUWFJFHSA-N,1.0,True,True
5589,OXCABLQVFMXTOD-QHCPKHFHSA-N,1.0,True,True
5588,OXCABLQVFMXTOD-HSZRJFAPSA-N,1.0,True,True
5587,CXYFZAPORHOQCU-UHFFFAOYSA-N,1.0,True,True
5586,UFARZWBTNODJRL-UHFFFAOYSA-N,1.0,True,True
5585,FAVPVADWRUHFDE-UHFFFAOYSA-N,1.0,True,True
5584,AFPJWDRVAGJPJI-UHFFFAOYSA-N,1.0,True,True
5583,JLPNQWWXLFAVHZ-UHFFFAOYSA-N,1.0,True,True
5582,PPLONVCJLGRCJJ-UHFFFAOYSA-N,1.0,True,True
5581,SNCLCZWJJFNWJI-JOCHJYFZSA-N,1.0,True,True
5580,FZBLAFCEEMGZMB-QGZVFWFLSA-N,1.0,True,True
5579,IGIVOWBCFSCOJJ-UHFFFAOYSA-N,1.0,True,True
5578,VZRRAWKYEMSATG-UHFFFAOYSA-N,1.0,True,True
5577,WGDMMNXIRYDYOA-UHFFFAOYSA-N,1.0,True,True
5576,KASJDYQKSPYIEI-HSZRJFAPSA-N,1.0,True,True
5575,KASJDYQKSPYIEI-QHCPKHFHSA-N,1.0,True,True
5574,YNTXGINUJOCJJS-UHFFFAOYSA-N,1.0,True,True
5573,JNMNSFNOLNBMBJ-UHFFFAOYSA-N,1.0,True,True
5572,TWIKOPIKQLTUOG-UHFFFAOYSA-N,1.0,True,True
5571,HZIBIKBMLSEFJR-UHFFFAOYSA-N,1.0,True,True
5570,CPKNCWUBEQNWEQ-UHFFFAOYSA-N,1.0,True,True
5569,SCUZYWPPLXNYBI-UHFFFAOYSA-N,1.0,True,True
5568,RCAOYLISWNJIML-UHFFFAOYSA-N,1.0,True,True
5567,YHKNKONDCGSSPK-UHFFFAOYSA-N,1.0,True,True
5566,GIMNLCHJQKWQDR-UHFFFAOYSA-N,1.0,True,True
5565,CIXBSAKOZIXXAI-UHFFFAOYSA-N,1.0,True,True
5564,KQGLTRVTYDQNAD-UHFFFAOYSA-N,1.0,True,True
5563,WFFBGLSULTVLGL-UHFFFAOYSA-N,1.0,True,True
5562,MJLMLWFQRHKEKT-UHFFFAOYSA-N,1.0,True,True
5561,UFULGDUHCGNFPB-UHFFFAOYSA-N,1.0,True,True
5560,SDDXYEMVOSOYGL-UHFFFAOYSA-N,1.0,True,True
5558,WOYRWHHQJXKCBS-UHFFFAOYSA-N,1.0,True,True
5557,YNZFAFQBGQMWPS-UHFFFAOYSA-N,1.0,True,True
5556,PPPBYIIAOJGOEP-UHFFFAOYSA-N,1.0,True,True
5555,CRYYCXAJUDVWAO-UHFFFAOYSA-N,1.0,True,True
5554,YLLHRYKPKYGHCZ-UHFFFAOYSA-N,1.0,True,True
5553,KPUIZRAVKBONNU-UHFFFAOYSA-N,1.0,True,True
5552,GOWVQJAQJUSFIO-UHFFFAOYSA-N,1.0,True,True
5551,OXFSXSBYMMVRSU-UHFFFAOYSA-N,1.0,True,True
5550,KMVKKSNNOMPPMH-UHFFFAOYSA-N,1.0,True,True
5549,OMOJYAPUQQTQNQ-UHFFFAOYSA-N,1.0,True,True
5548,VLMLVWBXMQFYJR-UHFFFAOYSA-N,1.0,True,True
5547,KUVGDJPOENMSDT-UHFFFAOYSA-N,1.0,True,True
5546,MALVWFYICVHLAZ-UHFFFAOYSA-N,1.0,True,True
5545,PNPXIQDEPDSHKG-UHFFFAOYSA-N,1.0,True,True
5544,NTCBTNCWNRCBGX-UHFFFAOYSA-N,1.0,True,True
5507,REXHLQRYWYRQGQ-UHFFFAOYSA-N,0.2391304347826087,False,False
5502,SJHCBXXHBNOCDM-UHFFFAOYSA-N,0.29069767441860467,False,False
5498,LNOOMIWKLWUWAM-UHFFFAOYSA-N,0.46296296296296297,False,False
5494,APDQNVSFXUJEFD-UHFFFAOYSA-N,0.2564102564102564,False,False
5491,HVPOLBVJXKUOOF-UHFFFAOYSA-N,0.3230769230769231,False,False
5486,YUNQUWJCEIRQIU-UHFFFAOYSA-N,0.32857142857142857,False,False
5481,GVCMZLYEOZKHPN-UHFFFAOYSA-N,0.4576271186440678,False,False
5476,KPCVWZBGRWNEHZ-UHFFFAOYSA-N,0.4533333333333333,False,False
5471,HDHXTGRIJKJWHE-UHFFFAOYSA-N,0.484375,False,False
5467,LJLCGAFRUNXHCL-UHFFFAOYSA-N,0.417910447761194,False,False
5462,KLUQXBSDAWQRHL-UHFFFAOYSA-N,0.4576271186440678,False,False
5457,MCNLXNKNZVFOEA-UHFFFAOYSA-N,0.3230769230769231,False,False
5453,IELCYEUTXLYDOV-UHFFFAOYSA-N,1.0,True,True
5452,OTTZPVAMXNXDQH-UHFFFAOYSA-N,0.6666666666666666,False,False
16758,JYSUKDUVTLODOY-UHFFFAOYSA-N,1.0,True,True
16757,JYSUKDUVTLODOY-UHFFFAOYSA-N,1.0,True,True
16756,JYSUKDUVTLODOY-UHFFFAOYSA-N,1.0,True,True
16774,NORZTPPZZGDQHU-UHFFFAOYSA-N,0.3125,False,False
16790,GEHOGWPDPGDNDJ-UHFFFAOYSA-N,0.27956989247311825,False,False
16806,LUHCYAOYQIFNRN-UHFFFAOYSA-N,1.0,True,True
16803,LUHCYAOYQIFNRN-UHFFFAOYSA-N,1.0,True,True
16800,CIGWUWFVLUJKTI-UHFFFAOYSA-N,1.0,True,True
16797,CIGWUWFVLUJKTI-UHFFFAOYSA-N,1.0,True,True
16822,VBEVHOYRZDBCTC-VLAHXSDXSA-N,0.8023255813953488,False,False
16821,IIUGJSXECMLKSH-XJSMFISVSA-N,0.8235294117647058,False,False
16820,UNNVDWFCBQYMBX-SUBVVYJRSA-N,0.7714285714285715,False,False
16819,YGYLAPFICHSODG-UHFFFAOYSA-N,0.9259259259259259,False,True
16818,AILVAHOGCNIZEO-UHFFFAOYSA-N,0.875,False,True
16817,PRXFUYGGUVFQKV-BBRVCBBTSA-N,0.8395061728395061,False,False
16816,MNUNWZMEKIFDAV-ZHANSZQMSA-N,1.0,True,True
16815,CWDQAKDZUULYKL-FUHWPHGUSA-N,0.8192771084337349,False,False
16813,WNSXELHHTTXLJK-DPXFAWMCSA-N,0.8641975308641975,False,True
16809,LUHCYAOYQIFNRN-UHFFFAOYSA-N,1.0,True,True
16838,YDHVWUWANLUQLC-UHFFFAOYSA-N,0.6956521739130435,False,False
16837,SKIOZXDHIVGJCT-UHFFFAOYSA-N,0.7790697674418605,False,False
16836,SGUJMBRMFJYQGA-UHFFFAOYSA-N,0.7790697674418605,False,False
16835,RJWKVIOXCZOCFI-UHFFFAOYSA-N,0.7246376811594203,False,False
16834,LLESCACRDRMGAX-UHFFFAOYSA-N,0.7246376811594203,False,False
16833,RXROKAQUWPNMRE-UHFFFAOYSA-N,0.7625,False,False
5443,UYSVRRPGKDFDMZ-UHFFFAOYSA-N,0.484375,False,False
5438,ZBXRPJMCCHLWNV-UHFFFAOYSA-N,0.603448275862069,False,False
5437,CNJVGJADWVKAHG-UHFFFAOYSA-N,0.7169811320754716,False,False
5436,XLYHSKSHDVSGLM-UHFFFAOYSA-N,0.8043478260869565,False,False
5435,YTTANXRUVQYIPP-UHFFFAOYSA-N,0.8,False,False
5434,LJZVOHGQDVFNSD-UHFFFAOYSA-N,0.7872340425531915,False,False
5433,OYUBHWQRSUTOBJ-UHFFFAOYSA-N,0.8043478260869565,False,False
5432,MRVKLFPMZOTKFE-UHFFFAOYSA-N,0.8043478260869565,False,False
5431,PIVUVURJDHLMGN-UHFFFAOYSA-N,0.8043478260869565,False,False
5257,CLCTZVRHDOAUGJ-UHFFFAOYSA-N,1.0,True,True
4234,LWGUASZLXHYWIV-UHFFFAOYSA-N,1.0,True,True
17047,URZQPOVVHQKORA-UHFFFAOYSA-N,0.9523809523809523,True,True
17046,IIKBWUOMNGGOQG-QXXKLSFDSA-N,0.8375,False,False
17045,VVAPVMXSVKBVDO-MXDMVOGYSA-N,0.8266666666666667,False,False
17044,RZACJDLBUMYSHI-URBDIBFRSA-N,0.8552631578947368,False,True
17043,DRYAGPVARWRORA-UHFFFAOYSA-N,0.9,False,True
17042,JFHXJQLJEFJQEE-UHFFFAOYSA-N,0.8571428571428571,False,True
17041,SEAYXVBJDWFMAG-KJJYBEIGSA-N,0.8571428571428571,False,True
17040,QZORHGKSVFBDFX-CNWIXYDXSA-N,0.8082191780821918,False,False
17039,NWQPWRXBCNJVGH-BVFBWVIESA-N,0.8625,False,True
17038,GBVYZIBPDCFROH-PBNHMCJGSA-N,0.8333333333333334,False,False
17037,OGSPCDSWYIVYOS-UHFFFAOYSA-N,0.8024691358024691,False,False
17036,KENRDRGNEPALKX-UHFFFAOYSA-N,0.9529411764705882,True,True
17035,DHOPBGUNCGKFFT-MNBBVKKWSA-N,0.8481012658227848,False,False
17034,AMKFGJBBEDPINA-UHFFFAOYSA-N,0.9577464788732394,True,True
17033,OEVYZGZBLGRABG-FPEFRKQASA-N,0.8641975308641975,False,True
17032,ZHJGKNNZBDVWDD-UHFFFAOYSA-N,0.7654320987654321,False,False
17063,GXWMSGXNLCUXMD-KJJYBEIGSA-N,0.8857142857142857,False,True
17062,ZDFMHTDTVWCARI-KJJYBEIGSA-N,0.863013698630137,False,True
17061,LKXKYZAGMXWPCI-WCVSPVLWSA-N,0.8243243243243243,False,False
17060,HUMUEJDHUQYWIU-PSFBBZKXSA-N,0.8235294117647058,False,False
17059,NKLOGQOTYAMWNT-JAZIGOCYSA-N,0.875,False,True
17058,MTQOUBNGUAKWRJ-JAZIGOCYSA-N,0.8513513513513513,False,True
17057,GJOUBDHIESZDTE-HPYUCUKISA-N,0.9342105263157895,False,True
17056,LYZCTGBHABYIAY-ORWYCSMSSA-N,0.8470588235294118,False,False
17055,GHUMPYXIFBDEID-GDODDVHHSA-N,0.8133333333333334,False,False
17054,BHHJQHHOEFYTLE-UHFFFAOYSA-N,0.9,False,True
17053,NYTQPIGPBUMCFG-UHFFFAOYSA-N,0.8571428571428571,False,True
17052,VEGZBWDFJGKJAO-UHFFFAOYSA-N,0.8117647058823529,False,False
17051,CMCOADVUFFNCLB-UHFFFAOYSA-N,0.9204545454545454,False,True
17050,XQVNTMWXVVWIPL-FUHWPHGUSA-N,0.8470588235294118,False,False
17049,QIYQKJHUMULWGT-UHFFFAOYSA-N,0.8795180722891566,False,True
17048,BCTCYKKHTHCXDM-YHMAVIRVSA-N,0.8795180722891566,False,True
17079,BUWIHNJHHRCXNC-WAJZRPDGSA-N,0.7848101265822784,False,False
17078,AECNNXXADKHVGV-XPOJCBTQSA-N,0.6702127659574468,False,False
17077,TYWBQROOMSDAND-VLAHXSDXSA-N,0.7472527472527473,False,False
17076,KMXSAJWNQKXAAH-OJTIRKJMSA-N,0.8271604938271605,False,False
17075,BATGBKFFPJFHDG-YUYPVKSUSA-N,0.8160919540229885,False,False
17074,GHCBBTORPDIROT-GWLCFTNTSA-N,0.8289473684210527,False,False
17073,MBYFONHHAOQFHC-WSCPBSERSA-N,0.8311688311688312,False,False
17072,OUDWTBPPFVYWMB-UHFFFAOYSA-N,0.8571428571428571,False,True
17071,CSVHHWCTEJODCE-WWSGHVFRSA-N,0.84,False,False
17070,CYKHLRBJKVIPIA-PNNQPWLTSA-N,0.8023255813953488,False,False
17069,HATXZNFSQXKMKI-XZTDTORKSA-N,0.8214285714285714,False,False
17067,TZGIUHOLKFBAEE-UHFFFAOYSA-N,0.8690476190476191,False,True
17066,YDFNLOSEMZZPJX-ROTXOPPQSA-N,0.8289473684210527,False,False
17065,RYEGPXQAIZBLHQ-WAJZRPDGSA-N,0.8378378378378378,False,False
17064,ZVSSPSKXQRBSHX-HQFBBTJKSA-N,0.8378378378378378,False,False
17095,WHWCOHDWESRZJJ-UHFFFAOYSA-N,0.8170731707317073,False,False
17094,RFVGHTRRHLYYBX-DPXFAWMCSA-N,0.813953488372093,False,False
17093,UNZSZJNMNFITBH-UHFFFAOYSA-N,0.863013698630137,False,True
17092,FUGPOXNOWNCPDA-UHFFFAOYSA-N,0.8494623655913979,False,False
17091,UBSNBWRFOICBCR-OSUGOCKESA-N,0.9242424242424242,False,True
17090,XGRJCDQVKHUDTR-UHFFFAOYSA-N,0.8571428571428571,False,True
17089,LVEGSHOHJPQRMG-YVZAFYPESA-N,0.8571428571428571,False,True
17087,KDHHSLGEMJNJNV-SFCSUPOESA-N,0.8470588235294118,False,False
17086,BBLYHKJKCJBASJ-UHFFFAOYSA-N,0.8452380952380952,False,False
17085,IDKYQGLGQDQMOV-HMVYKDSGSA-N,0.7857142857142857,False,False
17084,WHQKFGYHAOMDHM-HMVYKDSGSA-N,0.7794117647058824,False,False
17083,HDEQLDBBIBUYGZ-HQFBBTJKSA-N,0.7848101265822784,False,False
17082,HVAJRZYCZMEAFW-GXVSMUBLSA-N,0.7974683544303798,False,False
17081,HVJFDYLPVHODDF-GUFKCHFDSA-N,0.8115942028985508,False,False
17111,DTPLKXKOIPWLTD-DPXFAWMCSA-N,0.8227848101265823,False,False
17110,JNCNBOSFXAYYST-VYZJRUEOSA-N,0.8271604938271605,False,False
17109,FAKGQTHXMPTSKI-UHFFFAOYSA-N,0.8170731707317073,False,False
17108,FPRJFOTXYKNWBH-ZIHAUILOSA-N,0.8333333333333334,False,False
17107,VFAYUHDUEWMVRQ-KJJYBEIGSA-N,0.8192771084337349,False,False
17106,PQIFYHORAGHLKU-QNUVAFNASA-N,0.8354430379746836,False,False
17105,MROZQPOLBPVPPJ-AYJVVXMVSA-N,0.7590361445783133,False,False
17104,OENRQWKUIPDGDF-SRPLEVHSSA-N,0.7901234567901234,False,False
17103,UDYTYCQQHSSCML-UHFFFAOYSA-N,0.810126582278481,False,False
17102,ITVRAKMLAMOGKW-UHFFFAOYSA-N,0.9529411764705882,True,True
17101,XPYGHHPPFGAQPL-UHFFFAOYSA-N,0.7804878048780488,False,False
17100,HODNOKIEZMBUSY-UHFFFAOYSA-N,0.8494623655913979,False,False
17099,MBVUBJZXMQMFOO-XUNZGLMPSA-N,0.875,False,True
17098,OAFRSXPDVVPFQH-KJJYBEIGSA-N,0.863013698630137,False,True
17096,WGKQBDDGHRICCF-WJYOGRNCSA-N,0.8695652173913043,False,True
17127,HZGHNAGEFQXCRO-ICRPUXOXSA-N,0.8271604938271605,False,False
17126,ZYUXCKASLQXHIX-HPYUCUKISA-N,0.8470588235294118,False,False
17125,HLGVUWALFCSWDM-LLXYIRBISA-N,0.8271604938271605,False,False
17124,WDCQOHPERXYWPY-QFIHQCBYSA-N,0.7945205479452054,False,False
17123,SCOVDPBOEMBGDA-UXGMDFCRSA-N,0.7931034482758621,False,False
17122,PYMLZOYCROMGBC-PGIICWOASA-N,0.9,False,True
17120,PXNYVLMLDJHJEH-JWHLOJAPSA-N,0.8641975308641975,False,True
17118,AOFHOBIMGCGJHD-ROTXOPPQSA-N,0.7794117647058824,False,False
17117,CXWIANPNSUVMQV-UNBKKOSXSA-N,0.7857142857142857,False,False
17116,NXIHIHIKVVENEP-HMVYKDSGSA-N,0.7662337662337663,False,False
17115,DKWKLBBGPKLGSK-URBDIBFRSA-N,0.7857142857142857,False,False
17114,VXEPTEDEJANLAN-UHFFFAOYSA-N,0.8,False,False
17113,WFUVRPLUIPLSPE-UHFFFAOYSA-N,0.8607594936708861,False,True
17112,WHKFFSFLLUNLCE-PGIICWOASA-N,0.8433734939759037,False,False
17143,VTTRYPSGPJFJFZ-UHFFFAOYSA-N,0.7325581395348837,False,False
17142,XCHPUAVECZIYMZ-OAFSWBPASA-N,0.7857142857142857,False,False
17141,AXVURGKAVJEWHV-XUFQXJAUSA-N,0.8214285714285714,False,False
17140,HNLRGFSOYSXCQT-HXIHIWQDSA-N,0.8271604938271605,False,False
17137,DQNUQNNGAYTZSG-OAFSWBPASA-N,0.972972972972973,True,True
17136,HNFXFVTVHYUURA-BVFBWVIESA-N,0.8433734939759037,False,False
17135,NUCKPJWSZLDSIP-UHFFFAOYSA-N,0.8620689655172413,False,True
17134,XWAZXHOPVQLSNY-PGIICWOASA-N,0.9210526315789473,False,True
17133,KYSQTQQMXWLKDP-JAZIGOCYSA-N,0.7702702702702703,False,False
17132,MKWQYBWHYRLVRW-UHFFFAOYSA-N,0.8505747126436781,False,True
17131,UXUVLVSJTXNIAK-ICRPUXOXSA-N,0.9078947368421053,False,True
17130,ZVLCNCBAJUKWKX-OAFSWBPASA-N,0.7702702702702703,False,False
17129,XUWZLCKFRVKFAO-FJHWNGQUSA-N,0.9078947368421053,False,True
17128,YBKQCSTXYOFZCA-JAZIGOCYSA-N,0.8857142857142857,False,True
17159,DDEFZJJRWJVTCK-RDFSAGPWSA-N,0.8571428571428571,False,True
17158,CJFCGKNGSTVOOR-UHFFFAOYSA-N,0.8522727272727273,False,True
17157,ZJENDVKZYYYXCY-UHFFFAOYSA-N,0.8522727272727273,False,True
17156,XJERYYIHGQHYMC-KQAFIPIZSA-N,0.7303370786516854,False,False
17154,QDFWQOGOVLTJNY-KQBWPFMESA-N,0.8048780487804879,False,False
17153,IAJHVGBPEFWBGE-LDFGNQHQSA-N,0.8522727272727273,False,True
17152,WNQRCFNQZIGUHM-LSQYRCPVSA-N,0.9156626506024096,False,True
17151,JGGXEYFOLCMMEA-GDODDVHHSA-N,0.84,False,False
17150,DIXLDNVTQWZTCH-BBRVCBBTSA-N,0.7857142857142857,False,False
17149,WABOSAVYLYALFB-WNIMCNAQSA-N,1.0,True,True
17148,WABOSAVYLYALFB-FZJUWQMDSA-N,1.0,True,True
17147,NSMDLLPYWUSILG-XELJNEEHSA-N,0.8378378378378378,False,False
17146,GETCDHBYZYXOBN-UHFFFAOYSA-N,0.8048780487804879,False,False
17145,LGGLRQIWRGMDFD-GCUFBZDYSA-N,0.8378378378378378,False,False
17144,RJLSWKIFURIPMR-UHFFFAOYSA-N,0.9523809523809523,True,True
17175,SCOSXRPLAWBUHP-BSCSJFHUSA-N,1.0,True,True
17174,SCOSXRPLAWBUHP-ZWXCNZEWSA-N,1.0,True,True
17173,DJEIROJWXGZMTL-WAJZRPDGSA-N,0.7974683544303798,False,False
17172,VXRUDOSIACEFBQ-UHFFFAOYSA-N,0.7466666666666667,False,False
17171,KDXHQGPVHCSEKL-KRBDUKSYSA-N,1.0,True,True
17170,UDSGOIRCYXITLU-DPXFAWMCSA-N,0.788235294117647,False,False
17169,IKOCEQFVGPXBGT-RFEYKSAYSA-N,0.8170731707317073,False,False
17168,KDXHQGPVHCSEKL-POPQMCLASA-N,1.0,True,True
17167,UFCIUGYGRNBYSF-GOZSVXJPSA-N,1.0,True,True
17166,VRJMVPUQKISHIC-JAPVDRATSA-N,0.8271604938271605,False,False
17165,UFCIUGYGRNBYSF-UHFFFAOYSA-N,1.0,True,True
17164,XHQWZVDYRJYNSM-UHFFFAOYSA-N,0.875,False,True
17163,ZCOBUWPZMGDCDD-UHFFFAOYSA-N,0.7078651685393258,False,False
17162,VFILIPUGIPDNAN-DVXRJDAVSA-N,0.8243243243243243,False,False
17161,WMUPNVRWEJOIOC-ZDUIBPKWSA-N,1.0,True,True
17160,WMUPNVRWEJOIOC-YAXBANKRSA-N,1.0,True,True
17180,SWYJQPIWKGILCD-UHFFFAOYSA-N,0.8426966292134831,False,False
17179,XUCQOWNELSMDRF-BTHVIVDSSA-N,0.8505747126436781,False,True
17178,RNVLAQOOCYMHPW-GVYVMYAPSA-N,0.9259259259259259,False,True
17176,MNUNWZMEKIFDAV-UHFFFAOYSA-N,1.0,True,True
17335,OHDBKTPZMVQPJJ-LVUWARKWSA-N,0.8536585365853658,False,True
17331,KKGMIRGJJOABBI-ZHANSZQMSA-N,1.0,True,True
3928,IWEDIXLBFLAXBO-UHFFFAOYSA-N,0.275,False,False
