compound_inchi_key,canonical_isomeric_smiles,canonical_smiles,stereo_status,source_dataset,source_record_id,ligand_source_id,e3_uniprot,e3_gene_symbol,target_uniprot,target_gene_symbol,moa_type,endpoint_tier,endpoint_category,assay_type,mutation_flag,mutation_detail,diagnostic_only,is_family_level,has_pdb_structure,pdb_id,dc50,dmax,mapping_assumption_flag,in_both_datasets
UVSMNLNDYGZFPF-UHFFFAOYSA-N,Nc1cccc2c1C(=O)N(C1CCC(=O)NC1=O)C2=O,Nc1cccc2c1C(=O)N(C1CCC(=O)NC1=O)C2=O,undefined,mgdb,MG-343,MG-343,,,Q13422,IKZF1,unknown,3,cellular_phenotype,nan,False,,True,False,False,,,,split_from_multi_target_string,True
OVCPBHUAYOCKFK-GTYDATPSSA-N,CC(C)NC(=O)O[C@@H]1CC[C@H](c2cc(NC(=O)c3ccc(N4CCN(CC5CCN(c6ccc7c(c6)C(=O)N(C6CCC(=O)NC6=O)C7=O)CC5)CC4)cc3)n[nH]2)C1,CC(C)NC(=O)OC1CCC(c2cc(NC(=O)c3ccc(N4CCN(CC5CCN(c6ccc7c(c6)C(=O)N(C6CCC(=O)NC6=O)C7=O)CC5)CC4)cc3)n[nH]2)C1,defined,mgdb,MG-6375,MG-6375,,,Q66K64,DCAF15,unknown,3,cellular_phenotype,DCAF15 displacement assay,False,,True,False,False,,,,nan,False
SZYSYIKHKFWTAU-IPVIFZNSSA-N,CC(C)NC(=O)O[C@@H]1CC[C@H](c2cc(NC(=O)Cc3ccc(C4CCN(c5ccc6c(c5)C(=O)N(C5CCC(=O)NC5=O)C6=O)CC4)cc3)n[nH]2)C1,CC(C)NC(=O)OC1CCC(c2cc(NC(=O)Cc3ccc(C4CCN(c5ccc6c(c5)C(=O)N(C5CCC(=O)NC5=O)C6=O)CC4)cc3)n[nH]2)C1,defined,mgdb,MG-6376,MG-6376,,,Q66K64,DCAF15,unknown,3,cellular_phenotype,DCAF15 displacement assay,False,,True,False,False,,,,nan,False
RPLHVTBVRVOWAG-OMUWIBBISA-N,CC(C)NC(=O)O[C@H]1CC[C@@H](c2cc(NC(=O)Cc3ccc(CN4CCC(c5ccc6c(c5)C(=O)N(C5CCC(=O)NC5=O)C6=O)CC4)cc3)n[nH]2)C1,CC(C)NC(=O)OC1CCC(c2cc(NC(=O)Cc3ccc(CN4CCC(c5ccc6c(c5)C(=O)N(C5CCC(=O)NC5=O)C6=O)CC4)cc3)n[nH]2)C1,defined,mgdb,MG-6377,MG-6377,,,Q66K64,DCAF15,unknown,3,cellular_phenotype,DCAF15 displacement assay,False,,True,False,False,,,,nan,False
IIXSHSRPAOSNEU-FHHUFSQRSA-N,CC(C)NC(=O)O[C@@H]1CC[C@H](c2cc(NC(=O)C3CCN(CC4CCN(c5ccc6c(c5)C(=O)N(C5CCC(=O)NC5=O)C6=O)CC4)CC3)n[nH]2)C1,CC(C)NC(=O)OC1CCC(c2cc(NC(=O)C3CCN(CC4CCN(c5ccc6c(c5)C(=O)N(C5CCC(=O)NC5=O)C6=O)CC4)CC3)n[nH]2)C1,defined,mgdb,MG-6378,MG-6378,,,Q66K64,DCAF15,unknown,3,cellular_phenotype,DCAF15 displacement assay,False,,True,False,False,,,,nan,False
KAXDZRYBTFDIRW-PTJHPHGDSA-N,CC(C)NC(=O)O[C@H]1CC[C@@H](c2cc(NC(=O)Cc3ccc(CN4CCN(c5ccc6c(c5)C(=O)N(C5CCC(=O)NC5=O)C6=O)CC4)cc3F)n[nH]2)C1,CC(C)NC(=O)OC1CCC(c2cc(NC(=O)Cc3ccc(CN4CCN(c5ccc6c(c5)C(=O)N(C5CCC(=O)NC5=O)C6=O)CC4)cc3F)n[nH]2)C1,defined,mgdb,MG-6368,MG-6368,,,Q66K64,DCAF15,unknown,3,cellular_phenotype,DCAF15 displacement assay,False,,True,False,False,,,,nan,False
HJKKOLUJQSYJKW-FIBWSSNZSA-N,CC(C)NC(=O)O[C@H]1CC[C@@H](c2cc(NC(=O)c3ccc(N4CCN(CC5CCN(c6ccc7c(c6)C(=O)N(C6CCC(=O)NC6=O)C7=O)CC5)CC(F)(F)C4)cc3)n[nH]2)C1,CC(C)NC(=O)OC1CCC(c2cc(NC(=O)c3ccc(N4CCN(CC5CCN(c6ccc7c(c6)C(=O)N(C6CCC(=O)NC6=O)C7=O)CC5)CC(F)(F)C4)cc3)n[nH]2)C1,defined,mgdb,MG-6369,MG-6369,,,Q66K64,DCAF15,unknown,3,cellular_phenotype,DCAF15 displacement assay,False,,True,False,False,,,,nan,False
CIZIVTNTSBMJKU-IPVIFZNSSA-N,CC(C)NC(=O)O[C@@H]1CC[C@H](c2cc(NC(=O)CC3CCN(CC4CCN(c5ccc6c(c5)C(=O)N(C5CCC(=O)NC5=O)C6=O)CC4)CC3)n[nH]2)C1,CC(C)NC(=O)OC1CCC(c2cc(NC(=O)CC3CCN(CC4CCN(c5ccc6c(c5)C(=O)N(C5CCC(=O)NC5=O)C6=O)CC4)CC3)n[nH]2)C1,defined,mgdb,MG-6380,MG-6380,,,Q66K64,DCAF15,unknown,3,cellular_phenotype,DCAF15 RBM39 ternary complex formation assay,False,,True,False,False,,,,nan,False
IIXSHSRPAOSNEU-IAQDXTAKSA-N,CC(C)NC(=O)O[C@@H]1CC[C@@H](c2cc(NC(=O)C3CCN(CC4CCN(c5ccc6c(c5)C(=O)N(C5CCC(=O)NC5=O)C6=O)CC4)CC3)n[nH]2)C1,CC(C)NC(=O)OC1CCC(c2cc(NC(=O)C3CCN(CC4CCN(c5ccc6c(c5)C(=O)N(C5CCC(=O)NC5=O)C6=O)CC4)CC3)n[nH]2)C1,defined,mgdb,MG-6381,MG-6381,,,Q66K64,DCAF15,unknown,3,cellular_phenotype,DCAF15 displacement assay,False,,True,False,False,,,,nan,False
ORHBGOCSEMXKAU-KZKSFLRFSA-N,CC(C)NC(=O)O[C@H]1CC[C@@H](c2cc(NC(=O)CC3CCC(CN4CCN(c5ccc6c(c5)C(=O)N(C5CCC(=O)NC5=O)C6=O)CC4)CC3)n[nH]2)C1,CC(C)NC(=O)OC1CCC(c2cc(NC(=O)CC3CCC(CN4CCN(c5ccc6c(c5)C(=O)N(C5CCC(=O)NC5=O)C6=O)CC4)CC3)n[nH]2)C1,defined,mgdb,MG-6382,MG-6382,,,Q66K64,DCAF15,unknown,3,cellular_phenotype,DCAF15 displacement assay,False,,True,False,False,,,,nan,False
MZFGCGNVFJVGGI-VFEGMVRJSA-N,CC(C)NC(=O)O[C@H]1CC[C@@H](c2cc(NC(=O)C3CCN(C4CCN(c5ccc6c(c5)C(=O)N(C5CCC(=O)NC5=O)C6=O)CC4)CC3)n[nH]2)C1,CC(C)NC(=O)OC1CCC(c2cc(NC(=O)C3CCN(C4CCN(c5ccc6c(c5)C(=O)N(C5CCC(=O)NC5=O)C6=O)CC4)CC3)n[nH]2)C1,defined,mgdb,MG-6383,MG-6383,,,Q66K64,DCAF15,unknown,3,cellular_phenotype,DCAF15 displacement assay,False,,True,False,False,,,,nan,False
FTHGRMQGRDTMHV-FHHUFSQRSA-N,CC(C)NC(=O)O[C@@H]1CC[C@H](c2cc(NC(=O)c3ccc(C4CCN(c5ccc6c(c5)C(=O)N(C5CCC(=O)NC5=O)C6=O)CC4)cc3)n[nH]2)C1,CC(C)NC(=O)OC1CCC(c2cc(NC(=O)c3ccc(C4CCN(c5ccc6c(c5)C(=O)N(C5CCC(=O)NC5=O)C6=O)CC4)cc3)n[nH]2)C1,defined,mgdb,MG-6373,MG-6373,,,Q66K64,DCAF15,unknown,3,cellular_phenotype,DCAF15 RBM39 ternary complex formation assay,False,,True,False,False,,,,nan,False
AXMGDXAZETYEFO-LUGHSEFTSA-N,CC(C)NC(=O)O[C@H]1CC[C@@H](c2cc(NC(=O)c3ccc(N4CCC5(CCN(CC6CCN(c7ccc8c(c7)C(=O)N(C7CCC(=O)NC7=O)C8=O)CC6)C5)CC4)cc3)n[nH]2)C1,CC(C)NC(=O)OC1CCC(c2cc(NC(=O)c3ccc(N4CCC5(CCN(CC6CCN(c7ccc8c(c7)C(=O)N(C7CCC(=O)NC7=O)C8=O)CC6)C5)CC4)cc3)n[nH]2)C1,defined,mgdb,MG-6374,MG-6374,,,Q66K64,DCAF15,unknown,3,cellular_phenotype,DCAF15 displacement assay,False,,True,False,False,,,,nan,False
WEJVYGLKVDKRGP-FHHUFSQRSA-N,CC(C)NC(=O)O[C@@H]1CC[C@H](c2cc(NC(=O)c3ccc(CN4CCN(c5ccc6c(c5)C(=O)N(C5CCC(=O)NC5=O)C6=O)CC4)cc3)n[nH]2)C1,CC(C)NC(=O)OC1CCC(c2cc(NC(=O)c3ccc(CN4CCN(c5ccc6c(c5)C(=O)N(C5CCC(=O)NC5=O)C6=O)CC4)cc3)n[nH]2)C1,defined,mgdb,MG-6385,MG-6385,,,Q66K64,DCAF15,unknown,3,cellular_phenotype,CellTiter-Glo Assay,False,,True,False,False,,,,nan,False
WEJVYGLKVDKRGP-MJAHCGDXSA-N,CC(C)NC(=O)O[C@H]1CC[C@@H](c2cc(NC(=O)c3ccc(CN4CCN(c5ccc6c(c5)C(=O)N(C5CCC(=O)NC5=O)C6=O)CC4)cc3)n[nH]2)C1,CC(C)NC(=O)OC1CCC(c2cc(NC(=O)c3ccc(CN4CCN(c5ccc6c(c5)C(=O)N(C5CCC(=O)NC5=O)C6=O)CC4)cc3)n[nH]2)C1,defined,mgdb,MG-6386,MG-6386,,,Q66K64,DCAF15,unknown,3,cellular_phenotype,DCAF15 displacement assay,False,,True,False,False,,,,nan,False
YIGFSLQBIDLLFW-IPVIFZNSSA-N,CC(C)NC(=O)O[C@@H]1CC[C@H](c2cc(NC(=O)Cc3ccc(CN4CCN(c5ccc6c(c5)C(=O)N(C5CCC(=O)NC5=O)C6=O)CC4)cc3)n[nH]2)C1,CC(C)NC(=O)OC1CCC(c2cc(NC(=O)Cc3ccc(CN4CCN(c5ccc6c(c5)C(=O)N(C5CCC(=O)NC5=O)C6=O)CC4)cc3)n[nH]2)C1,defined,mgdb,MG-6387,MG-6387,,,Q66K64,DCAF15,unknown,3,cellular_phenotype,DCAF15 displacement assay,False,,True,False,False,,,,nan,False
DSKZDFZFVAVRNC-HAFNUVOYSA-N,[2H][C@@]1(OC(=O)N2CC[C@@]2([2H])C)CC[C@@](C)(c2cc(NC(=O)c3cccc(-c4cn(CCN5CCC6(CCN(c7ccc8c(c7)C(=O)N(C7CCC(=O)NC7=O)C8=O)CC6)C5)nn4)c3)n[nH]2)C1,[H]C1(OC(=O)N2CCC2([H])C)CCC(C)(c2cc(NC(=O)c3cccc(-c4cn(CCN5CCC6(CCN(c7ccc8c(c7)C(=O)N(C7CCC(=O)NC7=O)C8=O)CC6)C5)nn4)c3)n[nH]2)C1,defined,mgdb,MG-6389,MG-6389,,,Q66K64,DCAF15,unknown,3,cellular_phenotype,DCAF15 displacement assay,False,,True,False,False,,,,nan,False
ZDVVLBJJTUHDRJ-ZNRHBGPISA-N,[C-]#[N+][C@@]1(NC)CC[C@@](C#N)(OC(=O)N2CC[C@@](C)(c3cc(NC(=O)c4ccc(-c5cn(CCN6CCC7(CCN(c8ccc9c(c8)C(=O)N(C8CCC(=O)NC8=O)C9=O)CC7)C6)nn5)cc4)n[nH]3)C2)C1,[C-]#[N+]C1(NC)CCC(C#N)(OC(=O)N2CCC(C)(c3cc(NC(=O)c4ccc(-c5cn(CCN6CCC7(CCN(c8ccc9c(c8)C(=O)N(C8CCC(=O)NC8=O)C9=O)CC7)C6)nn5)cc4)n[nH]3)C2)C1,defined,mgdb,MG-6390,MG-6390,,,Q66K64,DCAF15,unknown,3,cellular_phenotype,DCAF15 displacement assay,False,,True,False,False,,,,nan,False
CIZIVTNTSBMJKU-BTSVVPJUSA-N,CC(C)NC(=O)O[C@H]1CC[C@H](c2cc(NC(=O)CC3CCN(CC4CCN(c5ccc6c(c5)C(=O)N(C5CCC(=O)NC5=O)C6=O)CC4)CC3)n[nH]2)C1,CC(C)NC(=O)OC1CCC(c2cc(NC(=O)CC3CCN(CC4CCN(c5ccc6c(c5)C(=O)N(C5CCC(=O)NC5=O)C6=O)CC4)CC3)n[nH]2)C1,defined,mgdb,MG-6379,MG-6379,,,Q66K64,DCAF15,unknown,3,cellular_phenotype,DCAF15 displacement assay,False,,True,False,False,,,,nan,False
RSIMCRXCPNWUEG-RYKPYGHVSA-N,C[C@@H]1CCN1C(=O)O[C@@H]1CC[C@@H](c2cc(NC(=O)C3(c4ccc(CN5CCN(c6ccc7c(c6)C(=O)N(C6CCC(=O)NC6=O)C7=O)CC5)cc4)CC3)[nH]n2)C1,CC1CCN1C(=O)OC1CCC(c2cc(NC(=O)C3(c4ccc(CN5CCN(c6ccc7c(c6)C(=O)N(C6CCC(=O)NC6=O)C7=O)CC5)cc4)CC3)[nH]n2)C1,defined,mgdb,MG-6370,MG-6370,,,Q66K64,DCAF15,unknown,3,cellular_phenotype,DCAF15 displacement assay,False,,True,False,False,,,,nan,False
WYRRXJIWPSQSDB-OQQDXPLMSA-N,C[C@H](C(=O)Nc1cc([C@@H]2CC[C@H](OC(=O)N3CC[C@H]3C)C2)n[nH]1)c1ccc(CN2CCN(c3ccc4c(c3)C(=O)N(C3CCC(=O)NC3=O)C4=O)CC2)cc1,CC(C(=O)Nc1cc(C2CCC(OC(=O)N3CCC3C)C2)n[nH]1)c1ccc(CN2CCN(c3ccc4c(c3)C(=O)N(C3CCC(=O)NC3=O)C4=O)CC2)cc1,defined,mgdb,MG-6371,MG-6371,,,Q66K64,DCAF15,unknown,3,cellular_phenotype,DCAF15 displacement assay,False,,True,False,False,,,,nan,False
WYRRXJIWPSQSDB-HKOIWEFASA-N,C[C@H](C(=O)Nc1cc([C@@H]2CC[C@@H](OC(=O)N3CC[C@@H]3C)C2)n[nH]1)c1ccc(CN2CCN(c3ccc4c(c3)C(=O)N(C3CCC(=O)NC3=O)C4=O)CC2)cc1,CC(C(=O)Nc1cc(C2CCC(OC(=O)N3CCC3C)C2)n[nH]1)c1ccc(CN2CCN(c3ccc4c(c3)C(=O)N(C3CCC(=O)NC3=O)C4=O)CC2)cc1,defined,mgdb,MG-6372,MG-6372,,,Q66K64,DCAF15,unknown,3,cellular_phenotype,DCAF15 displacement assay,False,,True,False,False,,,,nan,False
NBGDOWAFGZXNDA-RLQQPIJRSA-N,CC(C)NC(=O)O[C@H]1CC[C@@H](c2cc(NC(=O)C3(c4ccc(CN5CCN(c6ccc7c(c6)C(=O)N(C6CCC(=O)NC6=O)C7=O)CC5)cc4)CC3)n[nH]2)C1,CC(C)NC(=O)OC1CCC(c2cc(NC(=O)C3(c4ccc(CN5CCN(c6ccc7c(c6)C(=O)N(C6CCC(=O)NC6=O)C7=O)CC5)cc4)CC3)n[nH]2)C1,defined,mgdb,MG-6362,MG-6362,,,Q66K64,DCAF15,unknown,3,cellular_phenotype,CellTiter-Glo Assay,False,,True,False,False,,,,nan,False
BGIKGACKTRDBCJ-HDQLWFKJSA-N,CC(C)NC(=O)O[C@H]1CC[C@@H](c2cc(NC(=O)c3ccc(N4CCC(CN5CCC(c6ccc7c(c6)C(=O)N(C6CCC(=O)NC6=O)C7=O)CC5)CC4)cc3)n[nH]2)C1,CC(C)NC(=O)OC1CCC(c2cc(NC(=O)c3ccc(N4CCC(CN5CCC(c6ccc7c(c6)C(=O)N(C6CCC(=O)NC6=O)C7=O)CC5)CC4)cc3)n[nH]2)C1,defined,mgdb,MG-6363,MG-6363,,,Q66K64,DCAF15,unknown,3,cellular_phenotype,DCAF15 displacement assay,False,,True,False,False,,,,nan,False
JSJKPCRKWKAKKR-KJTLUGHBSA-N,C[C@H]1CCN1C(=O)O[C@H]1CC[C@@H](c2cc(NC(=O)Cc3cccc(CN4CCN(c5ccc6c(c5)C(=O)N(C5CCC(=O)NC5=O)C6=O)CC4)c3)[nH]n2)C1,CC1CCN1C(=O)OC1CCC(c2cc(NC(=O)Cc3cccc(CN4CCN(c5ccc6c(c5)C(=O)N(C5CCC(=O)NC5=O)C6=O)CC4)c3)[nH]n2)C1,defined,mgdb,MG-6364,MG-6364,,,Q66K64,DCAF15,unknown,3,cellular_phenotype,DCAF15 displacement assay,False,,True,False,False,,,,nan,False
MZFGCGNVFJVGGI-ZLIWMMEESA-N,CC(C)NC(=O)O[C@@H]1CC[C@H](c2cc(NC(=O)C3CCN(C4CCN(c5ccc6c(c5)C(=O)N(C5CCC(=O)NC5=O)C6=O)CC4)CC3)n[nH]2)C1,CC(C)NC(=O)OC1CCC(c2cc(NC(=O)C3CCN(C4CCN(c5ccc6c(c5)C(=O)N(C5CCC(=O)NC5=O)C6=O)CC4)CC3)n[nH]2)C1,defined,mgdb,MG-6384,MG-6384,,,Q66K64,DCAF15,unknown,3,cellular_phenotype,DCAF15 displacement assay,False,,True,False,False,,,,nan,False
UYZCMSYMOZKTKP-ZLIWMMEESA-N,CC(C)NC(=O)O[C@@H]1CC[C@H](c2cc(NC(=O)c3ccc(N4CCN(c5ccc6c(c5)C(=O)N(C5CCC(=O)NC5=O)C6=O)CC4)cc3)n[nH]2)C1,CC(C)NC(=O)OC1CCC(c2cc(NC(=O)c3ccc(N4CCN(c5ccc6c(c5)C(=O)N(C5CCC(=O)NC5=O)C6=O)CC4)cc3)n[nH]2)C1,defined,mgdb,MG-6365,MG-6365,,,Q66K64,DCAF15,unknown,3,cellular_phenotype,DCAF15 displacement assay,False,,True,False,False,,,,nan,False
WWSJIXZYXCVAQH-BWOOIXMFSA-N,CC(C)NC(=O)O[C@@H]1CC[C@H](c2cc(NC(=O)Cc3ccc(CN4CCN(c5cc6c(cc5F)C(=O)N(C5CCC(=O)NC5=O)C6=O)CC4)cc3)n[nH]2)C1,CC(C)NC(=O)OC1CCC(c2cc(NC(=O)Cc3ccc(CN4CCN(c5cc6c(cc5F)C(=O)N(C5CCC(=O)NC5=O)C6=O)CC4)cc3)n[nH]2)C1,defined,mgdb,MG-6366,MG-6366,,,Q66K64,DCAF15,unknown,3,cellular_phenotype,DCAF15 displacement assay,False,,True,False,False,,,,nan,False
NBGDOWAFGZXNDA-OHCGPUKPSA-N,CC(C)NC(=O)O[C@@H]1CC[C@@H](c2cc(NC(=O)C3(c4ccc(CN5CCN(c6ccc7c(c6)C(=O)N(C6CCC(=O)NC6=O)C7=O)CC5)cc4)CC3)n[nH]2)C1,CC(C)NC(=O)OC1CCC(c2cc(NC(=O)C3(c4ccc(CN5CCN(c6ccc7c(c6)C(=O)N(C6CCC(=O)NC6=O)C7=O)CC5)cc4)CC3)n[nH]2)C1,defined,mgdb,MG-6367,MG-6367,,,Q66K64,DCAF15,unknown,3,cellular_phenotype,DCAF15 displacement assay,False,,True,False,False,,,,nan,False
WLLUPJVDIZMNIS-FBJACRBTSA-N,C[C@H]1CCN1C(=O)O[C@@H]1CC[C@H](c2cc(NC(=O)CN3CCC(CN4CCN(c5ccc6c(c5)C(=O)N(C5CCC(=O)NC5=O)C6=O)CC4)CC3)[nH]n2)C1,CC1CCN1C(=O)OC1CCC(c2cc(NC(=O)CN3CCC(CN4CCN(c5ccc6c(c5)C(=O)N(C5CCC(=O)NC5=O)C6=O)CC4)CC3)[nH]n2)C1,defined,mgdb,MG-6357,MG-6357,,,Q66K64,DCAF15,unknown,3,cellular_phenotype,DCAF15 RBM39 ternary complex formation assay,False,,True,False,False,,,,nan,False
PAIYMJYGYJIYMW-GNTJTKHNSA-N,C[C@@H]1CCN1C(=O)O[C@H]1CC[C@@H](c2cc(NC(=O)Cc3ccc(CN4CCN(c5ccc6c(c5)C(=O)N(C5CCC(=O)NC5=O)C6=O)CC4)cc3)n[nH]2)C1,CC1CCN1C(=O)OC1CCC(c2cc(NC(=O)Cc3ccc(CN4CCN(c5ccc6c(c5)C(=O)N(C5CCC(=O)NC5=O)C6=O)CC4)cc3)n[nH]2)C1,defined,mgdb,MG-6358,MG-6358,,,Q66K64,DCAF15,unknown,3,cellular_phenotype,DCAF15 displacement assay,False,,True,False,False,,,,nan,False
PAIYMJYGYJIYMW-KJTLUGHBSA-N,C[C@H]1CCN1C(=O)O[C@H]1CC[C@@H](c2cc(NC(=O)Cc3ccc(CN4CCN(c5ccc6c(c5)C(=O)N(C5CCC(=O)NC5=O)C6=O)CC4)cc3)n[nH]2)C1,CC1CCN1C(=O)OC1CCC(c2cc(NC(=O)Cc3ccc(CN4CCN(c5ccc6c(c5)C(=O)N(C5CCC(=O)NC5=O)C6=O)CC4)cc3)n[nH]2)C1,defined,mgdb,MG-6359,MG-6359,,,Q66K64,DCAF15,unknown,3,cellular_phenotype,DCAF15 displacement assay,False,,True,False,False,,,,nan,False
QVDZUHZFNZPMFW-VBOLWYJRSA-N,CC(C)NC(=O)O[C@@H]1CC[C@@H](c2cc(NC(=O)c3ccc(OC4CCN(c5ccc6c(c5)C(=O)N(C5CCC(=O)NC5=O)C6=O)CC4)cc3)n[nH]2)C1,CC(C)NC(=O)OC1CCC(c2cc(NC(=O)c3ccc(OC4CCN(c5ccc6c(c5)C(=O)N(C5CCC(=O)NC5=O)C6=O)CC4)cc3)n[nH]2)C1,defined,mgdb,MG-6360,MG-6360,,,Q66K64,DCAF15,unknown,3,cellular_phenotype,DCAF15 displacement assay,False,,True,False,False,,,,nan,False
QVDZUHZFNZPMFW-HTZUPSILSA-N,CC(C)NC(=O)O[C@H]1CC[C@@H](c2cc(NC(=O)c3ccc(OC4CCN(c5ccc6c(c5)C(=O)N(C5CCC(=O)NC5=O)C6=O)CC4)cc3)n[nH]2)C1,CC(C)NC(=O)OC1CCC(c2cc(NC(=O)c3ccc(OC4CCN(c5ccc6c(c5)C(=O)N(C5CCC(=O)NC5=O)C6=O)CC4)cc3)n[nH]2)C1,defined,mgdb,MG-6361,MG-6361,,,Q66K64,DCAF15,unknown,3,cellular_phenotype,DCAF15 displacement assay,False,,True,False,False,,,,nan,False
DSUONAWFQVFNKG-FBJACRBTSA-N,C[C@H]1CCN1C(=O)O[C@@H]1CC[C@H](c2cc(NC(=O)CN3CCN(CC4CCN(c5ccc6c(c5)C(=O)N(C5CCC(=O)NC5=O)C6=O)CC4)CC3)n[nH]2)C1,CC1CCN1C(=O)OC1CCC(c2cc(NC(=O)CN3CCN(CC4CCN(c5ccc6c(c5)C(=O)N(C5CCC(=O)NC5=O)C6=O)CC4)CC3)n[nH]2)C1,defined,mgdb,MG-6352,MG-6352,,,Q66K64,DCAF15,unknown,3,cellular_phenotype,DCAF15 displacement assay,False,,True,False,False,,,,nan,False
VCLGWLTWSKYYDP-JRSXUWQBSA-N,CC(C)NC(=O)O[C@@H]1CC[C@@H](c2cc(NC(=O)Cc3ccc(CN4CCN(c5ccc6c(c5)C(=O)N(C5CCC(=O)NC5=O)C6=O)CC4)nc3)n[nH]2)C1,CC(C)NC(=O)OC1CCC(c2cc(NC(=O)Cc3ccc(CN4CCN(c5ccc6c(c5)C(=O)N(C5CCC(=O)NC5=O)C6=O)CC4)nc3)n[nH]2)C1,defined,mgdb,MG-6353,MG-6353,,,Q66K64,DCAF15,unknown,3,cellular_phenotype,DCAF15 displacement assay,False,,True,False,False,,,,nan,False
AWENWTQOMSBXSQ-JFPQUTRXSA-N,CC(C)NC(=O)O[C@H]1CC[C@@H](c2cc(NC(=O)c3ccc(N4CCC5(CN(CC6CCN(c7ccc8c(c7)C(=O)N(C7CCC(=O)NC7=O)C8=O)CC6)C5)C4)cc3)n[nH]2)C1,CC(C)NC(=O)OC1CCC(c2cc(NC(=O)c3ccc(N4CCC5(CN(CC6CCN(c7ccc8c(c7)C(=O)N(C7CCC(=O)NC7=O)C8=O)CC6)C5)C4)cc3)n[nH]2)C1,defined,mgdb,MG-6354,MG-6354,,,Q66K64,DCAF15,unknown,3,cellular_phenotype,DCAF15 displacement assay,False,,True,False,False,,,,nan,False
BSYSGIBCLKAGBQ-FLIATKKQSA-N,CC(C)NC(=O)O[C@H]1CC[C@@H](c2cc(NC(=O)c3ccc(N4C[C@H]5CN(CC6CCN(c7ccc8c(c7)C(=O)N(C7CCC(=O)NC7=O)C8=O)CC6)C[C@H]5C4)cc3)n[nH]2)C1,CC(C)NC(=O)OC1CCC(c2cc(NC(=O)c3ccc(N4CC5CN(CC6CCN(c7ccc8c(c7)C(=O)N(C7CCC(=O)NC7=O)C8=O)CC6)CC5C4)cc3)n[nH]2)C1,defined,mgdb,MG-6355,MG-6355,,,Q66K64,DCAF15,unknown,3,cellular_phenotype,DCAF15 displacement assay,False,,True,False,False,,,,nan,False
PAIYMJYGYJIYMW-RILMKYMHSA-N,C[C@@H]1CCN1C(=O)O[C@@H]1CC[C@H](c2cc(NC(=O)Cc3ccc(CN4CCN(c5ccc6c(c5)C(=O)N(C5CCC(=O)NC5=O)C6=O)CC4)cc3)n[nH]2)C1,CC1CCN1C(=O)OC1CCC(c2cc(NC(=O)Cc3ccc(CN4CCN(c5ccc6c(c5)C(=O)N(C5CCC(=O)NC5=O)C6=O)CC4)cc3)n[nH]2)C1,defined,mgdb,MG-6356,MG-6356,,,Q66K64,DCAF15,unknown,3,cellular_phenotype,DCAF15 displacement assay,False,,True,False,False,,,,nan,False
JHEAJULLHKUFAY-QOBOROCLSA-N,C[C@H]1CCN1C(=O)O[C@@H]1CC[C@H](c2cc(NC(=O)Cc3ccc(OC4CCN(C5=CC6C(=O)N(C7CCC(=O)NC7=O)C(=O)C6C=C5)CC4)cc3)n[nH]2)C1,CC1CCN1C(=O)OC1CCC(c2cc(NC(=O)Cc3ccc(OC4CCN(C5=CC6C(=O)N(C7CCC(=O)NC7=O)C(=O)C6C=C5)CC4)cc3)n[nH]2)C1,defined,mgdb,MG-6346,MG-6346,,,Q66K64,DCAF15,unknown,3,cellular_phenotype,CellTiter-Glo Assay,False,,True,False,False,,,,nan,False
DPOJWWQZONLZDO-NKHKUJPPSA-N,O=C1CCC(N2C(=O)c3ccc(N4CCN(Cc5ccc(CC(=O)Nc6cc([C@@H]7CC[C@@H](OC(=O)N8CCCC89CCC9)C7)[nH]n6)cc5)CC4)cc3C2=O)C(=O)N1,O=C1CCC(N2C(=O)c3ccc(N4CCN(Cc5ccc(CC(=O)Nc6cc(C7CCC(OC(=O)N8CCCC89CCC9)C7)[nH]n6)cc5)CC4)cc3C2=O)C(=O)N1,defined,mgdb,MG-6347,MG-6347,,,Q66K64,DCAF15,unknown,3,cellular_phenotype,DCAF15 displacement assay,False,,True,False,False,,,,nan,False
OBHHOTQNNTWEOG-BFFVTFPMSA-N,O=C1CCC(N2C(=O)c3ccc(N4CCN(Cc5ccc(CC(=O)Nc6cc([C@H]7CC[C@@H](OC(=O)N8CCCCC89CCC9)C7)[nH]n6)cc5)CC4)cc3C2=O)C(=O)N1,O=C1CCC(N2C(=O)c3ccc(N4CCN(Cc5ccc(CC(=O)Nc6cc(C7CCC(OC(=O)N8CCCCC89CCC9)C7)[nH]n6)cc5)CC4)cc3C2=O)C(=O)N1,defined,mgdb,MG-6348,MG-6348,,,Q66K64,DCAF15,unknown,3,cellular_phenotype,DCAF15 displacement assay,False,,True,False,False,,,,nan,False
SQKXRQQCGUIJBZ-NKHKUJPPSA-N,O=C1CCC(N2C(=O)c3ccc(N4CCN(Cc5ccc(CC(=O)Nc6cc([C@@H]7CC[C@@H](OC(=O)N8CCCCC89CC9)C7)[nH]n6)cc5)CC4)cc3C2=O)C(=O)N1,O=C1CCC(N2C(=O)c3ccc(N4CCN(Cc5ccc(CC(=O)Nc6cc(C7CCC(OC(=O)N8CCCCC89CC9)C7)[nH]n6)cc5)CC4)cc3C2=O)C(=O)N1,defined,mgdb,MG-6349,MG-6349,,,Q66K64,DCAF15,unknown,3,cellular_phenotype,DCAF15 displacement assay,False,,True,False,False,,,,nan,False
RLNSJXOVOFCZPN-NQCKCMOBSA-N,C[C@@H]1CCN1C(=O)O[C@@H]1CC[C@H](c2cc(NC(=O)Cc3ccc(N4CCN(c5ccc6c(c5)C(=O)N(C5CCC(=O)NC5=O)C6=O)CC4)cc3)n[nH]2)C1,CC1CCN1C(=O)OC1CCC(c2cc(NC(=O)Cc3ccc(N4CCN(c5ccc6c(c5)C(=O)N(C5CCC(=O)NC5=O)C6=O)CC4)cc3)n[nH]2)C1,defined,mgdb,MG-6350,MG-6350,,,Q66K64,DCAF15,unknown,3,cellular_phenotype,DCAF15 displacement assay,False,,True,False,False,,,,nan,False
RNXZTFXPRNZPTQ-YILUXTAHSA-N,C[C@H]1CCN1C(=O)O[C@@H]1CC[C@H](c2cc(NC(=O)c3ccc(OC4CCN(C5C=C6C(=O)N(C7CCC(=O)NC7=O)C(=O)C6=CC5)CC4)cc3)n[nH]2)C1,CC1CCN1C(=O)OC1CCC(c2cc(NC(=O)c3ccc(OC4CCN(C5C=C6C(=O)N(C7CCC(=O)NC7=O)C(=O)C6=CC5)CC4)cc3)n[nH]2)C1,defined,mgdb,MG-6351,MG-6351,,,Q66K64,DCAF15,unknown,3,cellular_phenotype,DCAF15 displacement assay,False,,True,False,False,,,,nan,False
PXVXEOMBCCNOAX-IAGZEPQKSA-N,CC(C)NC(=O)O[C@@H]1CC[C@@H](c2cc(NC(=O)Cc3ccc(CN4CCN(c5ccc6c(c5)C(=O)N(C5CCC(=O)NC5=O)C6=O)CC4)c(F)c3)n[nH]2)C1,CC(C)NC(=O)OC1CCC(c2cc(NC(=O)Cc3ccc(CN4CCN(c5ccc6c(c5)C(=O)N(C5CCC(=O)NC5=O)C6=O)CC4)c(F)c3)n[nH]2)C1,defined,mgdb,MG-6341,MG-6341,,,Q66K64,DCAF15,unknown,3,cellular_phenotype,DCAF15 RBM39 ternary complex formation assay,False,,True,False,False,,,,nan,False
QPMTUBIXRAIZHX-IIGLAQEISA-N,O=C1CCC(N2C(=O)c3ccc(N4CCN(Cc5ccc(CC(=O)Nc6cc([C@@H]7CC[C@@H](OC(=O)N8CCOCC89CC9)C7)[nH]n6)cc5)CC4)cc3C2=O)C(=O)N1,O=C1CCC(N2C(=O)c3ccc(N4CCN(Cc5ccc(CC(=O)Nc6cc(C7CCC(OC(=O)N8CCOCC89CC9)C7)[nH]n6)cc5)CC4)cc3C2=O)C(=O)N1,defined,mgdb,MG-6342,MG-6342,,,Q66K64,DCAF15,unknown,3,cellular_phenotype,DCAF15 displacement assay,False,,True,False,False,,,,nan,False
XXSGMHWAYUOULK-NOUBFSLESA-N,O=C1CCC(N2C(=O)c3ccc(N4CCN(Cc5ccc(CC(=O)Nc6cc([C@H]7CC[C@@H](OC(=O)N8CCCC8)C7)n[nH]6)cc5)CC4)cc3C2=O)C(=O)N1,O=C1CCC(N2C(=O)c3ccc(N4CCN(Cc5ccc(CC(=O)Nc6cc(C7CCC(OC(=O)N8CCCC8)C7)n[nH]6)cc5)CC4)cc3C2=O)C(=O)N1,defined,mgdb,MG-6343,MG-6343,,,Q66K64,DCAF15,unknown,3,cellular_phenotype,DCAF15 displacement assay,False,,True,False,False,,,,nan,False
LXLJKNBIEKKPKZ-IPVIFZNSSA-N,O=C1CCC(N2C(=O)c3ccc(N4CCN(Cc5ccc(CC(=O)Nc6cc([C@H]7CC[C@@H](OC(=O)N8CCC8)C7)n[nH]6)cc5)CC4)cc3C2=O)C(=O)N1,O=C1CCC(N2C(=O)c3ccc(N4CCN(Cc5ccc(CC(=O)Nc6cc(C7CCC(OC(=O)N8CCC8)C7)n[nH]6)cc5)CC4)cc3C2=O)C(=O)N1,defined,mgdb,MG-6344,MG-6344,,,Q66K64,DCAF15,unknown,3,cellular_phenotype,DCAF15 displacement assay,False,,True,False,False,,,,nan,False
OVRZBQDJTIOCOT-MEBWXTIISA-N,CC(C)NC(=O)O[C@@H]1CC[C@@H](c2cc(NC(=O)Cc3ccc(CN4CCN(c5ccc6c(c5)C(=O)N(C5CCC(=O)NC5=O)C6=O)CC4)cc3Cl)n[nH]2)C1,CC(C)NC(=O)OC1CCC(c2cc(NC(=O)Cc3ccc(CN4CCN(c5ccc6c(c5)C(=O)N(C5CCC(=O)NC5=O)C6=O)CC4)cc3Cl)n[nH]2)C1,defined,mgdb,MG-6345,MG-6345,,,Q66K64,DCAF15,unknown,3,cellular_phenotype,DCAF15 displacement assay,False,,True,False,False,,,,nan,False
QZEQHUCDNZMWSX-SBCDTZFISA-N,O=C1CCC(N2C(=O)c3ccc(N4CCN(Cc5ccc(CC(=O)Nc6cc([C@H]7CC[C@@H](OC(=O)N8CCC89CCC9)C7)[nH]n6)cc5)CC4)cc3C2=O)C(=O)N1,O=C1CCC(N2C(=O)c3ccc(N4CCN(Cc5ccc(CC(=O)Nc6cc(C7CCC(OC(=O)N8CCC89CCC9)C7)[nH]n6)cc5)CC4)cc3C2=O)C(=O)N1,defined,mgdb,MG-6336,MG-6336,,,Q66K64,DCAF15,unknown,3,cellular_phenotype,DCAF15 displacement assay,False,,True,False,False,,,,nan,False
LDMAXHBNSUGJBK-IAGZEPQKSA-N,CC(C)NC(=O)O[C@@H]1CC[C@@H](c2cc(NC(=O)Cc3ccc(CN4CCN(c5ccc6c(c5)C(=O)N(C5CCC(=O)NC5=O)C6=O)CC4)c(Cl)c3)n[nH]2)C1,CC(C)NC(=O)OC1CCC(c2cc(NC(=O)Cc3ccc(CN4CCN(c5ccc6c(c5)C(=O)N(C5CCC(=O)NC5=O)C6=O)CC4)c(Cl)c3)n[nH]2)C1,defined,mgdb,MG-6337,MG-6337,,,Q66K64,DCAF15,unknown,3,cellular_phenotype,DCAF15 displacement assay,False,,True,False,False,,,,nan,False
BKLBHORPNOIJOP-SVCPQJFISA-N,O=C1CCC(N2C(=O)c3ccc(N4CCN(Cc5ccc(CC(=O)Nc6cc([C@@H]7CC[C@@H](OC(=O)N8CC9(COC9)C8)C7)[nH]n6)cc5)CC4)cc3C2=O)C(=O)N1,O=C1CCC(N2C(=O)c3ccc(N4CCN(Cc5ccc(CC(=O)Nc6cc(C7CCC(OC(=O)N8CC9(COC9)C8)C7)[nH]n6)cc5)CC4)cc3C2=O)C(=O)N1,defined,mgdb,MG-6338,MG-6338,,,Q66K64,DCAF15,unknown,3,cellular_phenotype,DCAF15 displacement assay,False,,True,False,False,,,,nan,False
FLSOVRBMPLPKIA-QSQXPTTMSA-N,C[C@@H]1CCN1C(=O)O[C@H]1CC[C@@H](c2cc(NC(=O)Cc3ccc(CN4CCN(c5cc6c(cc5F)C(=O)N(C5CCC(=O)NC5=O)C6=O)CC4)cc3)n[nH]2)C1,CC1CCN1C(=O)OC1CCC(c2cc(NC(=O)Cc3ccc(CN4CCN(c5cc6c(cc5F)C(=O)N(C5CCC(=O)NC5=O)C6=O)CC4)cc3)n[nH]2)C1,defined,mgdb,MG-6339,MG-6339,,,Q66K64,DCAF15,unknown,3,cellular_phenotype,DCAF15 displacement assay,False,,True,False,False,,,,nan,False
SKBNLJCBNFIXSZ-IMEZMCTCSA-N,C[C@H]1CCN1C(=O)O[C@H]1CC[C@@H](c2cc(NC(=O)Cc3ccc(CN4CCN(c5ccc6c(c5)C(=O)N(C5CCC(=O)NC5=O)C6=O)CC4)cc3F)n[nH]2)C1,CC1CCN1C(=O)OC1CCC(c2cc(NC(=O)Cc3ccc(CN4CCN(c5ccc6c(c5)C(=O)N(C5CCC(=O)NC5=O)C6=O)CC4)cc3F)n[nH]2)C1,defined,mgdb,MG-6340,MG-6340,,,Q66K64,DCAF15,unknown,3,cellular_phenotype,DCAF15 displacement assay,False,,True,False,False,,,,nan,False
LHOLDDWYQNPIDK-ANAGSNMRSA-N,C[C@H]1CCCN1C(=O)O[C@@H]1CC[C@H](c2cc(NC(=O)Cc3ccc(CN4CCN(c5ccc6c(c5)C(=O)N(C5CCC(=O)NC5=O)C6=O)CC4)cc3)n[nH]2)C1,CC1CCCN1C(=O)OC1CCC(c2cc(NC(=O)Cc3ccc(CN4CCN(c5ccc6c(c5)C(=O)N(C5CCC(=O)NC5=O)C6=O)CC4)cc3)n[nH]2)C1,defined,mgdb,MG-6330,MG-6330,,,Q66K64,DCAF15,unknown,3,cellular_phenotype,CellTiter-Glo Assay,False,,True,False,False,,,,nan,False
GFVXACXHEJHADJ-SVCPQJFISA-N,O=C1CCC(N2C(=O)c3ccc(N4CCN(Cc5ccc(CC(=O)Nc6cc([C@@H]7CC[C@@H](OC(=O)N8CCC89COC9)C7)[nH]n6)cc5)CC4)cc3C2=O)C(=O)N1,O=C1CCC(N2C(=O)c3ccc(N4CCN(Cc5ccc(CC(=O)Nc6cc(C7CCC(OC(=O)N8CCC89COC9)C7)[nH]n6)cc5)CC4)cc3C2=O)C(=O)N1,defined,mgdb,MG-6331,MG-6331,,,Q66K64,DCAF15,unknown,3,cellular_phenotype,DCAF15 displacement assay,False,,True,False,False,,,,nan,False
SWLBDKVPJCTNTF-IIGLAQEISA-N,O=C1CCC(N2C(=O)c3ccc(N4CCN(Cc5ccc(CC(=O)Nc6cc([C@@H]7CC[C@@H](OC(=O)N8CCCC89CC9)C7)[nH]n6)cc5)CC4)cc3C2=O)C(=O)N1,O=C1CCC(N2C(=O)c3ccc(N4CCN(Cc5ccc(CC(=O)Nc6cc(C7CCC(OC(=O)N8CCCC89CC9)C7)[nH]n6)cc5)CC4)cc3C2=O)C(=O)N1,defined,mgdb,MG-6332,MG-6332,,,Q66K64,DCAF15,unknown,3,cellular_phenotype,DCAF15 displacement assay,False,,True,False,False,,,,nan,False
ZGOVCSMXNIUIJG-KIDZUEACSA-N,C[C@@H]1CCN1C(=O)O[C@H]1CC[C@@H](c2cc(NC(=O)CC3CCCN(CC4CCN(c5ccc6c(c5)C(=O)N(C5CCC(=O)NC5=O)C6=O)CC4)C3)[nH]n2)C1,CC1CCN1C(=O)OC1CCC(c2cc(NC(=O)CC3CCCN(CC4CCN(c5ccc6c(c5)C(=O)N(C5CCC(=O)NC5=O)C6=O)CC4)C3)[nH]n2)C1,defined,mgdb,MG-6333,MG-6333,,,Q66K64,DCAF15,unknown,3,cellular_phenotype,DCAF15 displacement assay,False,,True,False,False,,,,nan,False
IZRNJCPUUHUATK-NOUBFSLESA-N,O=C1CCC(N2C(=O)c3ccc(N4CCN(Cc5ccc(CC(=O)Nc6cc([C@H]7CC[C@@H](OC(=O)N8CC9(CC9)C8)C7)[nH]n6)cc5)CC4)cc3C2=O)C(=O)N1,O=C1CCC(N2C(=O)c3ccc(N4CCN(Cc5ccc(CC(=O)Nc6cc(C7CCC(OC(=O)N8CC9(CC9)C8)C7)[nH]n6)cc5)CC4)cc3C2=O)C(=O)N1,defined,mgdb,MG-6334,MG-6334,,,Q66K64,DCAF15,unknown,3,cellular_phenotype,DCAF15 displacement assay,False,,True,False,False,,,,nan,False
OGUFEBUJAMCKER-IIGLAQEISA-N,O=C1CCC(N2C(=O)c3ccc(N4CCN(Cc5ccc(CC(=O)Nc6cc([C@@H]7CC[C@@H](OC(=O)N8CC9(CCC9)C8)C7)[nH]n6)cc5)CC4)cc3C2=O)C(=O)N1,O=C1CCC(N2C(=O)c3ccc(N4CCN(Cc5ccc(CC(=O)Nc6cc(C7CCC(OC(=O)N8CC9(CCC9)C8)C7)[nH]n6)cc5)CC4)cc3C2=O)C(=O)N1,defined,mgdb,MG-6335,MG-6335,,,Q66K64,DCAF15,unknown,3,cellular_phenotype,DCAF15 displacement assay,False,,True,False,False,,,,nan,False
ORLCZCCZRAKTSI-BALSXDAGSA-N,C[C@@H]1COCCN1C(=O)O[C@@H]1CC[C@H](c2cc(NC(=O)Cc3ccc(CN4CCN(c5ccc6c(c5)C(=O)N(C5CCC(=O)NC5=O)C6=O)CC4)cc3)n[nH]2)C1,CC1COCCN1C(=O)OC1CCC(c2cc(NC(=O)Cc3ccc(CN4CCN(c5ccc6c(c5)C(=O)N(C5CCC(=O)NC5=O)C6=O)CC4)cc3)n[nH]2)C1,defined,mgdb,MG-6325,MG-6325,,,Q66K64,DCAF15,unknown,3,cellular_phenotype,DCAF15 RBM39 ternary complex formation assay,False,,True,False,False,,,,nan,False
LHOLDDWYQNPIDK-BALSXDAGSA-N,C[C@@H]1CCCN1C(=O)O[C@@H]1CC[C@H](c2cc(NC(=O)Cc3ccc(CN4CCN(c5ccc6c(c5)C(=O)N(C5CCC(=O)NC5=O)C6=O)CC4)cc3)n[nH]2)C1,CC1CCCN1C(=O)OC1CCC(c2cc(NC(=O)Cc3ccc(CN4CCN(c5ccc6c(c5)C(=O)N(C5CCC(=O)NC5=O)C6=O)CC4)cc3)n[nH]2)C1,defined,mgdb,MG-6326,MG-6326,,,Q66K64,DCAF15,unknown,3,cellular_phenotype,DCAF15 displacement assay,False,,True,False,False,,,,nan,False
ORLCZCCZRAKTSI-ANAGSNMRSA-N,C[C@H]1COCCN1C(=O)O[C@@H]1CC[C@H](c2cc(NC(=O)Cc3ccc(CN4CCN(c5ccc6c(c5)C(=O)N(C5CCC(=O)NC5=O)C6=O)CC4)cc3)n[nH]2)C1,CC1COCCN1C(=O)OC1CCC(c2cc(NC(=O)Cc3ccc(CN4CCN(c5ccc6c(c5)C(=O)N(C5CCC(=O)NC5=O)C6=O)CC4)cc3)n[nH]2)C1,defined,mgdb,MG-6327,MG-6327,,,Q66K64,DCAF15,unknown,3,cellular_phenotype,DCAF15 displacement assay,False,,True,False,False,,,,nan,False
SNWVDVWXKWXSHI-XBPHSWBYSA-N,C[C@@H]1CCCCN1C(=O)O[C@@H]1CC[C@H](c2cc(NC(=O)Cc3ccc(CN4CCN(c5ccc6c(c5)C(=O)N(C5CCC(=O)NC5=O)C6=O)CC4)cc3)n[nH]2)C1,CC1CCCCN1C(=O)OC1CCC(c2cc(NC(=O)Cc3ccc(CN4CCN(c5ccc6c(c5)C(=O)N(C5CCC(=O)NC5=O)C6=O)CC4)cc3)n[nH]2)C1,defined,mgdb,MG-6328,MG-6328,,,Q66K64,DCAF15,unknown,3,cellular_phenotype,DCAF15 displacement assay,False,,True,False,False,,,,nan,False
DCMZYWJLONGHSB-QQZSOOAFSA-N,C[C@H]1CCN1C(=O)O[C@@H]1CC[C@H](c2cc(NC(=O)c3ccc(C4CCN(c5ccc6c(c5)C(=O)N(C5CCC(=O)NC5=O)C6=O)CC4)cc3)n[nH]2)C1,CC1CCN1C(=O)OC1CCC(c2cc(NC(=O)c3ccc(C4CCN(c5ccc6c(c5)C(=O)N(C5CCC(=O)NC5=O)C6=O)CC4)cc3)n[nH]2)C1,defined,mgdb,MG-6320,MG-6320,,,Q66K64,DCAF15,unknown,3,cellular_phenotype,DCAF15 displacement assay,False,,True,False,False,,,,nan,False
DCMZYWJLONGHSB-YYAQCFAISA-N,C[C@@H]1CCN1C(=O)O[C@@H]1CC[C@H](c2cc(NC(=O)c3ccc(C4CCN(c5ccc6c(c5)C(=O)N(C5CCC(=O)NC5=O)C6=O)CC4)cc3)n[nH]2)C1,CC1CCN1C(=O)OC1CCC(c2cc(NC(=O)c3ccc(C4CCN(c5ccc6c(c5)C(=O)N(C5CCC(=O)NC5=O)C6=O)CC4)cc3)n[nH]2)C1,defined,mgdb,MG-6321,MG-6321,,,Q66K64,DCAF15,unknown,3,cellular_phenotype,DCAF15 displacement assay,False,,True,False,False,,,,nan,False
UCMYNXVIPZWADM-FDNDVJRSSA-N,C[C@H]1CCN1C(=O)O[C@@H]1CC[C@H](c2cc(NC(=O)Cc3cc(CN4CCN(c5ccc6c(c5)C(=O)N(C5CCC(=O)NC5=O)C6=O)CC4)on3)[nH]n2)C1,CC1CCN1C(=O)OC1CCC(c2cc(NC(=O)Cc3cc(CN4CCN(c5ccc6c(c5)C(=O)N(C5CCC(=O)NC5=O)C6=O)CC4)on3)[nH]n2)C1,defined,mgdb,MG-6322,MG-6322,,,Q66K64,DCAF15,unknown,3,cellular_phenotype,DCAF15 displacement assay,False,,True,False,False,,,,nan,False
VJPAJLIHPDHBJM-WXVDYJTNSA-N,C[C@@H]1CCN1C(=O)O[C@@H]1CC[C@H](c2cc(NC(=O)[C@H]3CC[C@H](CN4CCN(c5ccc6c(c5)C(=O)N(C5CCC(=O)NC5=O)C6=O)CC4)CC3)n[nH]2)C1,CC1CCN1C(=O)OC1CCC(c2cc(NC(=O)C3CCC(CN4CCN(c5ccc6c(c5)C(=O)N(C5CCC(=O)NC5=O)C6=O)CC4)CC3)n[nH]2)C1,defined,mgdb,MG-6323,MG-6323,,,Q66K64,DCAF15,unknown,3,cellular_phenotype,DCAF15 displacement assay,False,,True,False,False,,,,nan,False
OURHLPCRZMFUJP-SFQJLVKKSA-N,C[C@@H]1CN(C(=O)O[C@@H]2CC[C@H](c3cc(NC(=O)Cc4ccc(CN5CCN(C6=CC7C(=O)N(C8CCC(=O)NC8=O)C(=O)C7C=C6)CC5)cc4)n[nH]3)C2)C[C@H](C)O1,CC1CN(C(=O)OC2CCC(c3cc(NC(=O)Cc4ccc(CN5CCN(C6=CC7C(=O)N(C8CCC(=O)NC8=O)C(=O)C7C=C6)CC5)cc4)n[nH]3)C2)CC(C)O1,defined,mgdb,MG-6324,MG-6324,,,Q66K64,DCAF15,unknown,3,cellular_phenotype,DCAF15 displacement assay,False,,True,False,False,,,,nan,False
CPYZNHYHZMGKRH-YNZWGJHSSA-N,C[C@@H]1CCN1C(=O)O[C@H]1CC[C@@H](c2cc(NC(=O)c3ccc(N4CCN(c5ccc6c(c5)C(=O)N(C5CCC(=O)NC5=O)C6=O)CC4)cc3)n[nH]2)C1,CC1CCN1C(=O)OC1CCC(c2cc(NC(=O)c3ccc(N4CCN(c5ccc6c(c5)C(=O)N(C5CCC(=O)NC5=O)C6=O)CC4)cc3)n[nH]2)C1,defined,mgdb,MG-6314,MG-6314,,,Q66K64,DCAF15,unknown,3,cellular_phenotype,CellTiter-Glo Assay,False,,True,False,False,,,,nan,False
BMKFGKYNBBKGAA-JRMBDLRJSA-N,O=C1CCC(N2C(=O)c3ccc(N4CCN(Cc5ccc(CC(=O)Nc6cc([C@@H]7CC[C@H](OC(=O)N8CCC(F)(F)C8)C7)n[nH]6)cc5)CC4)cc3C2=O)C(=O)N1,O=C1CCC(N2C(=O)c3ccc(N4CCN(Cc5ccc(CC(=O)Nc6cc(C7CCC(OC(=O)N8CCC(F)(F)C8)C7)n[nH]6)cc5)CC4)cc3C2=O)C(=O)N1,defined,mgdb,MG-6315,MG-6315,,,Q66K64,DCAF15,unknown,3,cellular_phenotype,DCAF15 displacement assay,False,,True,False,False,,,,nan,False
CPYZNHYHZMGKRH-GWFYEBIFSA-N,C[C@@H]1CCN1C(=O)O[C@@H]1CC[C@H](c2cc(NC(=O)c3ccc(N4CCN(c5ccc6c(c5)C(=O)N(C5CCC(=O)NC5=O)C6=O)CC4)cc3)n[nH]2)C1,CC1CCN1C(=O)OC1CCC(c2cc(NC(=O)c3ccc(N4CCN(c5ccc6c(c5)C(=O)N(C5CCC(=O)NC5=O)C6=O)CC4)cc3)n[nH]2)C1,defined,mgdb,MG-6317,MG-6317,,,Q66K64,DCAF15,unknown,3,cellular_phenotype,DCAF15 displacement assay,False,,True,False,False,,,,nan,False
BMKFGKYNBBKGAA-OVUTVDGPSA-N,O=C1CCC(N2C(=O)c3ccc(N4CCN(Cc5ccc(CC(=O)Nc6cc([C@@H]7CC[C@@H](OC(=O)N8CCC(F)(F)C8)C7)n[nH]6)cc5)CC4)cc3C2=O)C(=O)N1,O=C1CCC(N2C(=O)c3ccc(N4CCN(Cc5ccc(CC(=O)Nc6cc(C7CCC(OC(=O)N8CCC(F)(F)C8)C7)n[nH]6)cc5)CC4)cc3C2=O)C(=O)N1,defined,mgdb,MG-6318,MG-6318,,,Q66K64,DCAF15,unknown,3,cellular_phenotype,DCAF15 displacement assay,False,,True,False,False,,,,nan,False
CPYZNHYHZMGKRH-CLUQDEOBSA-N,C[C@H]1CCN1C(=O)O[C@H]1CC[C@@H](c2cc(NC(=O)c3ccc(N4CCN(c5ccc6c(c5)C(=O)N(C5CCC(=O)NC5=O)C6=O)CC4)cc3)n[nH]2)C1,CC1CCN1C(=O)OC1CCC(c2cc(NC(=O)c3ccc(N4CCN(c5ccc6c(c5)C(=O)N(C5CCC(=O)NC5=O)C6=O)CC4)cc3)n[nH]2)C1,defined,mgdb,MG-6319,MG-6319,,,Q66K64,DCAF15,unknown,3,cellular_phenotype,DCAF15 displacement assay,False,,True,False,False,,,,nan,False
HUZAZBFLVUNKHV-BFXLZVMPSA-N,C[C@@H]1CCN1C(=O)O[C@@H]1CC[C@H](c2cc(NC(=O)c3ccc(C4CCN(CC5CCN(c6ccc7c(c6)C(=O)N(C6CCC(=O)NC6=O)C7=O)CC5)CC4)cc3)n[nH]2)C1,CC1CCN1C(=O)OC1CCC(c2cc(NC(=O)c3ccc(C4CCN(CC5CCN(c6ccc7c(c6)C(=O)N(C6CCC(=O)NC6=O)C7=O)CC5)CC4)cc3)n[nH]2)C1,defined,mgdb,MG-6309,MG-6309,,,Q66K64,DCAF15,unknown,3,cellular_phenotype,DCAF15 RBM39 ternary complex formation assay,False,,True,False,False,,,,nan,False
VUJULRCVIASVJS-JFPQUTRXSA-N,CC(C)NC(=O)O[C@H]1CC[C@@H](c2cc(NC(=O)c3ccc(N4CCC(CN5CCCN(c6ccc7c(c6)C(=O)N(C6CCC(=O)NC6=O)C7=O)CC5)CC4)cc3)n[nH]2)C1,CC(C)NC(=O)OC1CCC(c2cc(NC(=O)c3ccc(N4CCC(CN5CCCN(c6ccc7c(c6)C(=O)N(C6CCC(=O)NC6=O)C7=O)CC5)CC4)cc3)n[nH]2)C1,defined,mgdb,MG-6310,MG-6310,,,Q66K64,DCAF15,unknown,3,cellular_phenotype,DCAF15 displacement assay,False,,True,False,False,,,,nan,False
CPTAGFOUNSUWNT-UHFFFAOYSA-N,O=C1CCC(N2C(=O)c3cccc(NCc4cccc(C(=O)NC5CCCC(F)C5)c4)c3C2=O)C(=O)N1,O=C1CCC(N2C(=O)c3cccc(NCc4cccc(C(=O)NC5CCCC(F)C5)c4)c3C2=O)C(=O)N1,undefined,mgdb,MG-4766,MG-4766,,,P15170,GSPT1,unknown,3,cellular_phenotype,nan,False,,True,False,False,,,,nan,False
YHTVUWGUMCNXLZ-UHFFFAOYSA-N,COC1CCCC(NC(=O)c2cccc(CNc3cccc4c3C(=O)N(C3CCC(=O)NC3=O)C4=O)c2)C1,COC1CCCC(NC(=O)c2cccc(CNc3cccc4c3C(=O)N(C3CCC(=O)NC3=O)C4=O)c2)C1,undefined,mgdb,MG-4767,MG-4767,,,P15170,GSPT1,unknown,3,cellular_phenotype,nan,False,,True,False,False,,,,nan,False
IVOZJPFDDODZBK-UHFFFAOYSA-N,O=C1CCC(N2C(=O)c3cccc(NCc4cccc(C(=O)NC5CCCC(F)(F)C5)c4)c3C2=O)C(=O)N1,O=C1CCC(N2C(=O)c3cccc(NCc4cccc(C(=O)NC5CCCC(F)(F)C5)c4)c3C2=O)C(=O)N1,undefined,mgdb,MG-4768,MG-4768,,,P15170,GSPT1,unknown,3,cellular_phenotype,nan,False,,True,False,False,,,,nan,False
DNIPBFVIBSBQBV-UHFFFAOYSA-N,O=C1CCC(N2C(=O)c3cccc(NCc4cccc(C(=O)NC5CCC(c6ccccc6)CC5)c4)c3C2=O)C(=O)N1,O=C1CCC(N2C(=O)c3cccc(NCc4cccc(C(=O)NC5CCC(c6ccccc6)CC5)c4)c3C2=O)C(=O)N1,undefined,mgdb,MG-4769,MG-4769,,,P15170,GSPT1,unknown,3,cellular_phenotype,nan,False,,True,False,False,,,,nan,False
XLHJNTPUYCBCBE-UHFFFAOYSA-N,O=C1CCC(N2C(=O)c3cccc(NCCCCC(=O)NC4CCC(c5nc6ccccc6[nH]5)CC4)c3C2=O)C(=O)N1,O=C1CCC(N2C(=O)c3cccc(NCCCCC(=O)NC4CCC(c5nc6ccccc6[nH]5)CC4)c3C2=O)C(=O)N1,undefined,mgdb,MG-4770,MG-4770,,,P15170,GSPT1,unknown,3,cellular_phenotype,nan,False,,True,False,False,,,,nan,False
HXTTWHIEILZCCM-UHFFFAOYSA-N,O=C1CCC(N2C(=O)c3cccc(NCCCCC(=O)NC4CCC(C5=NC6C=CN=CC6N5)CC4)c3C2=O)C(=O)N1,O=C1CCC(N2C(=O)c3cccc(NCCCCC(=O)NC4CCC(C5=NC6C=CN=CC6N5)CC4)c3C2=O)C(=O)N1,undefined,mgdb,MG-4771,MG-4771,,,P15170,GSPT1,unknown,3,cellular_phenotype,nan,False,,True,False,False,,,,nan,False
XZYMOZRILGXNRQ-UHFFFAOYSA-N,Cn1c(C2CCC(CNC3CC(CNc4cccc5c4C(=O)N(C4CCC(=O)NC4=O)C5=O)C3)CC2)nc2ccncc21,Cn1c(C2CCC(CNC3CC(CNc4cccc5c4C(=O)N(C4CCC(=O)NC4=O)C5=O)C3)CC2)nc2ccncc21,undefined,mgdb,MG-4772,MG-4772,,,P15170,GSPT1,unknown,3,cellular_phenotype,nan,False,,True,False,False,,,,nan,False
GHBJYSFCUOHJGM-UHFFFAOYSA-N,Cn1c(C2CCC(NC(=O)CCCCNc3cccc4c3C(=O)N(C3CCC(=O)NC3=O)C4=O)CC2)nc2ccncc21,Cn1c(C2CCC(NC(=O)CCCCNc3cccc4c3C(=O)N(C3CCC(=O)NC3=O)C4=O)CC2)nc2ccncc21,undefined,mgdb,MG-4773,MG-4773,,,P15170,GSPT1,unknown,3,cellular_phenotype,nan,False,,True,False,False,,,,nan,False
UJHDIFAYRHNOJG-UHFFFAOYSA-N,Cn1c(C2CC(NC(=O)c3cccc(CNc4cccc5c4C(=O)N(C4CCC(=O)NC4=O)C5=O)c3)C2)nc2ccncc21,Cn1c(C2CC(NC(=O)c3cccc(CNc4cccc5c4C(=O)N(C4CCC(=O)NC4=O)C5=O)c3)C2)nc2ccncc21,undefined,mgdb,MG-4774,MG-4774,,,P15170,GSPT1,unknown,3,cellular_phenotype,nan,False,,True,False,False,,,,nan,False
VDWYJLXTCZENAQ-UHFFFAOYSA-N,Cn1c(C2CCC(NC(=O)C3CC(CNc4cccc5c4C(=O)N(C4CCC(=O)NC4=O)C5=O)C3)CC2)nc2ccncc21,Cn1c(C2CCC(NC(=O)C3CC(CNc4cccc5c4C(=O)N(C4CCC(=O)NC4=O)C5=O)C3)CC2)nc2ccncc21,undefined,mgdb,MG-4775,MG-4775,,,P15170,GSPT1,unknown,3,cellular_phenotype,nan,False,,True,False,False,,,,nan,False
TXODDQIBGUJBMK-UHFFFAOYSA-N,O=C1CCC(N2C(=O)c3cccc(NCc4cccc(C(=O)NC5CCC(c6cc7ccccc7[nH]6)CC5)c4)c3C2=O)C(=O)N1,O=C1CCC(N2C(=O)c3cccc(NCc4cccc(C(=O)NC5CCC(c6cc7ccccc7[nH]6)CC5)c4)c3C2=O)C(=O)N1,undefined,mgdb,MG-4776,MG-4776,,,P15170,GSPT1,unknown,3,cellular_phenotype,nan,False,,True,False,False,,,,nan,False
HKRYIOQHJUPFKW-UHFFFAOYSA-N,O=C1CCC(N2C(=O)c3cccc(NCc4cccc(C(=O)NC5CCC(c6cc7ccccc7o6)CC5)c4)c3C2=O)C(=O)N1,O=C1CCC(N2C(=O)c3cccc(NCc4cccc(C(=O)NC5CCC(c6cc7ccccc7o6)CC5)c4)c3C2=O)C(=O)N1,undefined,mgdb,MG-4777,MG-4777,,,P15170,GSPT1,unknown,3,cellular_phenotype,nan,False,,True,False,False,,,,nan,False
NERGAARFHQWQLG-UHFFFAOYSA-N,O=C1CCC(N2C(=O)c3cccc(NCc4cccc(C(=O)NC5CCC(c6coc7ccccc67)CC5)c4)c3C2=O)C(=O)N1,O=C1CCC(N2C(=O)c3cccc(NCc4cccc(C(=O)NC5CCC(c6coc7ccccc67)CC5)c4)c3C2=O)C(=O)N1,undefined,mgdb,MG-4778,MG-4778,,,P15170,GSPT1,unknown,3,cellular_phenotype,nan,False,,True,False,False,,,,nan,False
WWMUZWOSDQNPBB-UHFFFAOYSA-N,O=C1CCC(N2C(=O)c3cccc(NCc4cccc(C(=O)NC5CCC(c6n[nH]c7ccccc67)CC5)c4)c3C2=O)C(=O)N1,O=C1CCC(N2C(=O)c3cccc(NCc4cccc(C(=O)NC5CCC(c6n[nH]c7ccccc67)CC5)c4)c3C2=O)C(=O)N1,undefined,mgdb,MG-4779,MG-4779,,,P15170,GSPT1,unknown,3,cellular_phenotype,nan,False,,True,False,False,,,,nan,False
HSZJDXJWIHBRPF-UHFFFAOYSA-N,O=C1CCC(N2C(=O)c3cccc(NCc4cccc(C(=O)NC5CCC(c6nc7cccnc7[nH]6)CC5)c4)c3C2=O)C(=O)N1,O=C1CCC(N2C(=O)c3cccc(NCc4cccc(C(=O)NC5CCC(c6nc7cccnc7[nH]6)CC5)c4)c3C2=O)C(=O)N1,undefined,mgdb,MG-4781,MG-4781,,,P15170,GSPT1,unknown,3,cellular_phenotype,nan,False,,True,False,False,,,,nan,False
RQSWNZKRODOYBD-UHFFFAOYSA-N,O=C1CCC(N2C(=O)c3cccc(NCc4ccnc(C(=O)NC5CCC(c6nc7ccccc7[nH]6)CC5)c4)c3C2=O)C(=O)N1,O=C1CCC(N2C(=O)c3cccc(NCc4ccnc(C(=O)NC5CCC(c6nc7ccccc7[nH]6)CC5)c4)c3C2=O)C(=O)N1,undefined,mgdb,MG-4782,MG-4782,,,P15170,GSPT1,unknown,3,cellular_phenotype,nan,False,,True,False,False,,,,nan,False
DWRZMFHVNZXFBM-UHFFFAOYSA-N,O=C1CCC(N2C(=O)c3cccc(NCc4cccc(C(=O)NC5CCC(c6n[nH]c7ccncc67)CC5)c4)c3C2=O)C(=O)N1,O=C1CCC(N2C(=O)c3cccc(NCc4cccc(C(=O)NC5CCC(c6n[nH]c7ccncc67)CC5)c4)c3C2=O)C(=O)N1,undefined,mgdb,MG-4783,MG-4783,,,P15170,GSPT1,unknown,3,cellular_phenotype,nan,False,,True,False,False,,,,nan,False
QSZTZQUSCXWOKC-UHFFFAOYSA-N,Cn1c(C2CCC(NC(=O)c3cccc(CNc4cccc5c4CN(C4CCC(=O)NC4=O)C5=O)c3)CC2)nc2ccncc21,Cn1c(C2CCC(NC(=O)c3cccc(CNc4cccc5c4CN(C4CCC(=O)NC4=O)C5=O)c3)CC2)nc2ccncc21,undefined,mgdb,MG-4784,MG-4784,,,P15170,GSPT1,unknown,3,cellular_phenotype,nan,False,,True,False,False,,,,nan,False
GVNRDTXMNSERDO-UHFFFAOYSA-N,O=C1CCC(N2C(=O)C3=C(C2=O)C(NCc2ccnc(C(=O)NC4CCC(c5nc6ccccc6o5)CC4)c2)=CCC3)C(=O)N1,O=C1CCC(N2C(=O)C3=C(C2=O)C(NCc2ccnc(C(=O)NC4CCC(c5nc6ccccc6o5)CC4)c2)=CCC3)C(=O)N1,undefined,mgdb,MG-4785,MG-4785,,,P15170,GSPT1,unknown,3,cellular_phenotype,nan,False,,True,False,False,,,,nan,False
NBDBGWAGMLITIR-UHFFFAOYSA-N,O=C1CCC(N2C(=O)c3cccc(NCc4ccnc(C(=O)NC5CCC(c6nc7ccncc7[nH]6)CC5)c4)c3C2=O)C(=O)N1,O=C1CCC(N2C(=O)c3cccc(NCc4ccnc(C(=O)NC5CCC(c6nc7ccncc7[nH]6)CC5)c4)c3C2=O)C(=O)N1,undefined,mgdb,MG-4786,MG-4786,,,P15170,GSPT1,unknown,3,cellular_phenotype,nan,False,,True,False,False,,,,nan,False
RJHYWRIGSBGUSH-UHFFFAOYSA-N,Cn1c(C2CCC(NC(=O)c3cc(CNc4cccc5c4C(=O)N(C4CCC(=O)NC4=O)C5=O)ncn3)CC2)nc2ccncc21,Cn1c(C2CCC(NC(=O)c3cc(CNc4cccc5c4C(=O)N(C4CCC(=O)NC4=O)C5=O)ncn3)CC2)nc2ccncc21,undefined,mgdb,MG-4787,MG-4787,,,P15170,GSPT1,unknown,3,cellular_phenotype,nan,False,,True,False,False,,,,nan,False
JHPIQTZANBUQKO-UHFFFAOYSA-N,Cn1c(C2CCC(NC(=O)c3cc(CNc4cccc5c4CN(C4CCC(=O)NC4=O)C5=O)ccn3)CC2)nc2ccncc21,Cn1c(C2CCC(NC(=O)c3cc(CNc4cccc5c4CN(C4CCC(=O)NC4=O)C5=O)ccn3)CC2)nc2ccncc21,undefined,mgdb,MG-4788,MG-4788,,,P15170,GSPT1,unknown,3,cellular_phenotype,nan,False,,True,False,False,,,,nan,False
YKTROHSTTXEASB-UHFFFAOYSA-N,Cn1c(C2CCC(NC(=O)c3cc(COc4cccc5c4CN(C4CCC(=O)NC4=O)C5=O)ccn3)CC2)nc2ccncc21,Cn1c(C2CCC(NC(=O)c3cc(COc4cccc5c4CN(C4CCC(=O)NC4=O)C5=O)ccn3)CC2)nc2ccncc21,undefined,mgdb,MG-4789,MG-4789,,,P15170,GSPT1,unknown,3,cellular_phenotype,nan,False,,True,False,False,,,,nan,False
UDHYJUOCEKJMLZ-UHFFFAOYSA-N,Cn1c(N2CCC(NC(=O)c3cccc(CNc4cccc5c4C(=O)N(C4CCC(=O)NC4=O)C5=O)c3)CC2=O)nc2ccncc21,Cn1c(N2CCC(NC(=O)c3cccc(CNc4cccc5c4C(=O)N(C4CCC(=O)NC4=O)C5=O)c3)CC2=O)nc2ccncc21,undefined,mgdb,MG-4790,MG-4790,,,P15170,GSPT1,unknown,3,cellular_phenotype,nan,False,,True,False,False,,,,nan,False
HCSYJQHKGPMZKS-UHFFFAOYSA-N,O=C1CCC(N2C(=O)c3cccc(NCc4ccnc(NCC5CCC(c6nc7cccnc7s6)CC5)c4)c3C2=O)C(=O)N1,O=C1CCC(N2C(=O)c3cccc(NCc4ccnc(NCC5CCC(c6nc7cccnc7s6)CC5)c4)c3C2=O)C(=O)N1,undefined,mgdb,MG-4791,MG-4791,,,P15170,GSPT1,unknown,3,cellular_phenotype,nan,False,,True,False,False,,,,nan,False
NYENPYAWIMAJFL-UHFFFAOYSA-N,CCC(C(=O)NC=O)N1C(=O)c2cccc(NCCCCC(=O)NC3CCC(C4=NC5c6cc[nH]c6N=CC5N4)CC3)c2C1=O,CCC(C(=O)NC=O)N1C(=O)c2cccc(NCCCCC(=O)NC3CCC(C4=NC5c6cc[nH]c6N=CC5N4)CC3)c2C1=O,undefined,mgdb,MG-4792,MG-4792,,,P15170,GSPT1,unknown,3,cellular_phenotype,nan,False,,True,False,False,,,,nan,False
UWSUWFPESBXYKM-UHFFFAOYSA-N,O=C1CCC(N2Cc3c(OCc4ccnc(C(=O)NC5CCC(c6nc7cccnc7s6)CC5)c4)cccc3C2=O)C(=O)N1,O=C1CCC(N2Cc3c(OCc4ccnc(C(=O)NC5CCC(c6nc7cccnc7s6)CC5)c4)cccc3C2=O)C(=O)N1,undefined,mgdb,MG-4793,MG-4793,,,P15170,GSPT1,unknown,3,cellular_phenotype,nan,False,,True,False,False,,,,nan,False
SDWWPQFUIWWPRX-UHFFFAOYSA-N,O=C1CCC(N2C(=O)c3cccc(NCc4cc(OCC5CCC(c6nc7cccnc7s6)CC5)ccn4)c3C2=O)C(=O)N1,O=C1CCC(N2C(=O)c3cccc(NCc4cc(OCC5CCC(c6nc7cccnc7s6)CC5)ccn4)c3C2=O)C(=O)N1,undefined,mgdb,MG-4794,MG-4794,,,P15170,GSPT1,unknown,3,cellular_phenotype,nan,False,,True,False,False,,,,nan,False
JLXQYUZCBZHUEH-UHFFFAOYSA-N,Cn1c(C2CCC(NC(=O)c3cccc(CNc4cccc5c4C(=O)N(C4CCC(=O)NC4=O)C5=O)c3)CC2)cc2ccccc21,Cn1c(C2CCC(NC(=O)c3cccc(CNc4cccc5c4C(=O)N(C4CCC(=O)NC4=O)C5=O)c3)CC2)cc2ccccc21,undefined,mgdb,MG-4795,MG-4795,,,P15170,GSPT1,unknown,3,cellular_phenotype,nan,False,,True,False,False,,,,nan,False
NAERPJCTEXJGJM-UHFFFAOYSA-N,Cn1c(C2CCC(NC(=O)c3cccc(CNc4cccc5c4C(=O)N(C4CCC(=O)NC4=O)C5=O)c3)CC2)nc2ccccc21,Cn1c(C2CCC(NC(=O)c3cccc(CNc4cccc5c4C(=O)N(C4CCC(=O)NC4=O)C5=O)c3)CC2)nc2ccccc21,undefined,mgdb,MG-4796,MG-4796,,,P15170,GSPT1,unknown,3,cellular_phenotype,nan,False,,True,False,False,,,,nan,False
XENQZKOPLGQJIB-UHFFFAOYSA-N,Cn1c(C2CCC(NC(=O)c3cccc(CNc4cccc5c4C(=O)N(C4CCC(=O)NC4=O)C5=O)c3)CC2)nc2ccncc21,Cn1c(C2CCC(NC(=O)c3cccc(CNc4cccc5c4C(=O)N(C4CCC(=O)NC4=O)C5=O)c3)CC2)nc2ccncc21,undefined,mgdb,MG-4797,MG-4797,,,P15170,GSPT1,unknown,3,cellular_phenotype,nan,False,,True,False,False,,,,nan,False
ROSGPEIQBNDARU-UHFFFAOYSA-N,Cn1c(C2CCC(NC(=O)c3cc(CNc4cccc5c4C(=O)N(C4CCC(=O)NC4=O)C5=O)ccn3)CC2)nc2ccccc21,Cn1c(C2CCC(NC(=O)c3cc(CNc4cccc5c4C(=O)N(C4CCC(=O)NC4=O)C5=O)ccn3)CC2)nc2ccccc21,undefined,mgdb,MG-4798,MG-4798,,,P15170,GSPT1,unknown,3,cellular_phenotype,nan,False,,True,False,False,,,,nan,False
BMVKSKYEIHNLFJ-UHFFFAOYSA-N,Cn1c(C2CCC(C(=O)Nc3cccc(CNc4cccc5c4C(=O)N(C4CCC(=O)NC4=O)C5=O)c3)CC2)nc2cnccc21,Cn1c(C2CCC(C(=O)Nc3cccc(CNc4cccc5c4C(=O)N(C4CCC(=O)NC4=O)C5=O)c3)CC2)nc2cnccc21,undefined,mgdb,MG-4799,MG-4799,,,P15170,GSPT1,unknown,3,cellular_phenotype,nan,False,,True,False,False,,,,nan,False
COYCZFAUULYNFJ-UHFFFAOYSA-N,Cn1c(C2CCC(C(=O)Nc3cccc(CNc4cccc5c4C(=O)N(C4CCC(=O)NC4=O)C5=O)c3)CC2)nc2ccncc21,Cn1c(C2CCC(C(=O)Nc3cccc(CNc4cccc5c4C(=O)N(C4CCC(=O)NC4=O)C5=O)c3)CC2)nc2ccncc21,undefined,mgdb,MG-4800,MG-4800,,,P15170,GSPT1,unknown,3,cellular_phenotype,nan,False,,True,False,False,,,,nan,False
CXTKOTPSLIOTKT-UHFFFAOYSA-N,O=C1CCC(N2C(=O)c3cccc(NCc4ccc5cn(C6CCC(c7nc8c(s7)=NCCC=8)CC6)nc5c4)c3C2=O)C(=O)N1,O=C1CCC(N2C(=O)c3cccc(NCc4ccc5cn(C6CCC(c7nc8c(s7)=NCCC=8)CC6)nc5c4)c3C2=O)C(=O)N1,undefined,mgdb,MG-4801,MG-4801,,,P15170,GSPT1,unknown,3,cellular_phenotype,nan,False,,True,False,False,,,,nan,False
PCORNVADPPLYAG-UHFFFAOYSA-N,CN1C(C2CCC(NC(=O)c3cc(CNc4cccc5c4C(=O)N(C4CCC(=O)NC4=O)C5=O)ccn3)CC2)=NC2C=CN=CC21,CN1C(C2CCC(NC(=O)c3cc(CNc4cccc5c4C(=O)N(C4CCC(=O)NC4=O)C5=O)ccn3)CC2)=NC2C=CN=CC21,undefined,mgdb,MG-4802,MG-4802,,,P15170,GSPT1,unknown,3,cellular_phenotype,nan,False,,True,False,False,,,,nan,False
DXWXUDRRVWEAGW-UHFFFAOYSA-N,Cn1c(C2CCC(NC(=O)c3cccc(CNc4cccc5c4C(=O)N(C4CCC(=O)NC4=O)C5=O)n3)CC2)nc2ccncc21,Cn1c(C2CCC(NC(=O)c3cccc(CNc4cccc5c4C(=O)N(C4CCC(=O)NC4=O)C5=O)n3)CC2)nc2ccncc21,undefined,mgdb,MG-4803,MG-4803,,,P15170,GSPT1,unknown,3,cellular_phenotype,nan,False,,True,False,False,,,,nan,False
MLJNVDODAOPOPS-UHFFFAOYSA-N,Cn1c(N2CCC(NC(=O)c3cc(CNc4cccc5c4C(=O)N(C4CCC(=O)NC4=O)C5=O)ccn3)CC2)nc2ccccc21,Cn1c(N2CCC(NC(=O)c3cc(CNc4cccc5c4C(=O)N(C4CCC(=O)NC4=O)C5=O)ccn3)CC2)nc2ccccc21,undefined,mgdb,MG-4804,MG-4804,,,P15170,GSPT1,unknown,3,cellular_phenotype,nan,False,,True,False,False,,,,nan,False
OSSMJRGGWIEZDD-UHFFFAOYSA-N,Cn1c(C2CCC(NC(=O)c3cc(CNc4cccc5c4C(=O)N(C4CCC(=O)NC4=O)C5=O)ccn3)CC2)nc2ncccc21,Cn1c(C2CCC(NC(=O)c3cc(CNc4cccc5c4C(=O)N(C4CCC(=O)NC4=O)C5=O)ccn3)CC2)nc2ncccc21,undefined,mgdb,MG-4805,MG-4805,,,P15170,GSPT1,unknown,3,cellular_phenotype,nan,False,,True,False,False,,,,nan,False
WPFOGFPCCNNUPF-UHFFFAOYSA-N,Cn1c(C2CCC(NC(=O)c3cc(CNc4cccc5c4C(=O)N(C4CCC(=O)NC4=O)C5=O)ccn3)CC2)nc2cccnc21,Cn1c(C2CCC(NC(=O)c3cc(CNc4cccc5c4C(=O)N(C4CCC(=O)NC4=O)C5=O)ccn3)CC2)nc2cccnc21,undefined,mgdb,MG-4806,MG-4806,,,P15170,GSPT1,unknown,3,cellular_phenotype,nan,False,,True,False,False,,,,nan,False
QNZNFZDOIKJDBS-UHFFFAOYSA-N,O=C1CCC(N2C(=O)c3cccc(NCc4cccc(C(=O)NC5CCC(c6cc7ccccc7s6)CC5)c4)c3C2=O)C(=O)N1,O=C1CCC(N2C(=O)c3cccc(NCc4cccc(C(=O)NC5CCC(c6cc7ccccc7s6)CC5)c4)c3C2=O)C(=O)N1,undefined,mgdb,MG-4807,MG-4807,,,P15170,GSPT1,unknown,3,cellular_phenotype,nan,False,,True,False,False,,,,nan,False
PCUOLDSYQAWQKK-UHFFFAOYSA-N,O=C1CCC(N2C(=O)c3cccc(NCc4cccc(C(=O)NC5CCC(c6csc7ccccc67)CC5)c4)c3C2=O)C(=O)N1,O=C1CCC(N2C(=O)c3cccc(NCc4cccc(C(=O)NC5CCC(c6csc7ccccc67)CC5)c4)c3C2=O)C(=O)N1,undefined,mgdb,MG-4808,MG-4808,,,P15170,GSPT1,unknown,3,cellular_phenotype,nan,False,,True,False,False,,,,nan,False
MUONWHQUIVTAFW-UHFFFAOYSA-N,O=C1CCC(N2C(=O)c3cccc(NCc4ccc5c(c4)CN(C4CCC(c6nc7cccnc7s6)CC4)C5)c3C2=O)C(=O)N1,O=C1CCC(N2C(=O)c3cccc(NCc4ccc5c(c4)CN(C4CCC(c6nc7cccnc7s6)CC4)C5)c3C2=O)C(=O)N1,undefined,mgdb,MG-4809,MG-4809,,,P15170,GSPT1,unknown,3,cellular_phenotype,nan,False,,True,False,False,,,,nan,False
PHLKUXIZZPURJP-UHFFFAOYSA-N,Cn1c(C2CCC(NC(=O)c3cc(COc4cccc5c4C(=O)N(C4CCC(=O)NC4=O)C5=O)ccn3)CC2)nc2ccncc21,Cn1c(C2CCC(NC(=O)c3cc(COc4cccc5c4C(=O)N(C4CCC(=O)NC4=O)C5=O)ccn3)CC2)nc2ccncc21,undefined,mgdb,MG-4810,MG-4810,,,P15170,GSPT1,unknown,3,cellular_phenotype,nan,False,,True,False,False,,,,nan,False
FABBLQSPYSDCCL-UHFFFAOYSA-N,O=C1CCC(N2C(=O)c3cccc(NCc4cccc(C(=O)NC5CCC(c6nc7ccccc7s6)CC5)c4)c3C2=O)C(=O)N1,O=C1CCC(N2C(=O)c3cccc(NCc4cccc(C(=O)NC5CCC(c6nc7ccccc7s6)CC5)c4)c3C2=O)C(=O)N1,undefined,mgdb,MG-4811,MG-4811,,,P15170,GSPT1,unknown,3,cellular_phenotype,nan,False,,True,False,False,,,,nan,False
UOIKHDZZZNKFEV-UHFFFAOYSA-N,O=C1CCC(N2C(=O)c3cccc(NCc4cccc(C(=O)NC5CCC(c6cc7ccncc7s6)CC5)c4)c3C2=O)C(=O)N1,O=C1CCC(N2C(=O)c3cccc(NCc4cccc(C(=O)NC5CCC(c6cc7ccncc7s6)CC5)c4)c3C2=O)C(=O)N1,undefined,mgdb,MG-4812,MG-4812,,,P15170,GSPT1,unknown,3,cellular_phenotype,nan,False,,True,False,False,,,,nan,False
OYTMUFJKDJDZKN-UHFFFAOYSA-N,O=C1CCC(N2C(=O)c3cccc(NCc4cccc(C(=O)NC5CCC(c6cc7cnccc7s6)CC5)c4)c3C2=O)C(=O)N1,O=C1CCC(N2C(=O)c3cccc(NCc4cccc(C(=O)NC5CCC(c6cc7cnccc7s6)CC5)c4)c3C2=O)C(=O)N1,undefined,mgdb,MG-4813,MG-4813,,,P15170,GSPT1,unknown,3,cellular_phenotype,nan,False,,True,False,False,,,,nan,False
ZSRGLAYRUUGCFB-UHFFFAOYSA-N,O=C1CCC(N2C(=O)c3cccc(NCc4cccc(C(=O)NC5CCC(c6nsc7ccccc67)CC5)c4)c3C2=O)C(=O)N1,O=C1CCC(N2C(=O)c3cccc(NCc4cccc(C(=O)NC5CCC(c6nsc7ccccc67)CC5)c4)c3C2=O)C(=O)N1,undefined,mgdb,MG-4814,MG-4814,,,P15170,GSPT1,unknown,3,cellular_phenotype,nan,False,,True,False,False,,,,nan,False
PEBFZZGDQSWFIM-UHFFFAOYSA-N,O=C1CCC(N2C(=O)c3cccc(NCc4cccc(C(=O)NC5CCC(c6csc7ncccc67)CC5)c4)c3C2=O)C(=O)N1,O=C1CCC(N2C(=O)c3cccc(NCc4cccc(C(=O)NC5CCC(c6csc7ncccc67)CC5)c4)c3C2=O)C(=O)N1,undefined,mgdb,MG-4815,MG-4815,,,P15170,GSPT1,unknown,3,cellular_phenotype,nan,False,,True,False,False,,,,nan,False
UAPRFFXFNKFTHV-UHFFFAOYSA-N,O=C1CCC(N2C(=O)c3cccc(NCc4cccc(C(=O)NC5CCC(c6csc7cnccc67)CC5)c4)c3C2=O)C(=O)N1,O=C1CCC(N2C(=O)c3cccc(NCc4cccc(C(=O)NC5CCC(c6csc7cnccc67)CC5)c4)c3C2=O)C(=O)N1,undefined,mgdb,MG-4816,MG-4816,,,P15170,GSPT1,unknown,3,cellular_phenotype,nan,False,,True,False,False,,,,nan,False
UMIWMFILLKEPMD-UHFFFAOYSA-N,O=C1CCC(N2C(=O)c3cccc(NCc4cccc(C(=O)NC5CCC(c6csc7ccncc67)CC5)c4)c3C2=O)C(=O)N1,O=C1CCC(N2C(=O)c3cccc(NCc4cccc(C(=O)NC5CCC(c6csc7ccncc67)CC5)c4)c3C2=O)C(=O)N1,undefined,mgdb,MG-4817,MG-4817,,,P15170,GSPT1,unknown,3,cellular_phenotype,nan,False,,True,False,False,,,,nan,False
QJBGTLSKMSCQAB-UHFFFAOYSA-N,O=C1CCC(N2C(=O)c3cccc(NCc4cccc(C(=O)NC5CCC(c6nc7c(s6)=NCCC=7)CC5)c4)c3C2=O)C(=O)N1,O=C1CCC(N2C(=O)c3cccc(NCc4cccc(C(=O)NC5CCC(c6nc7c(s6)=NCCC=7)CC5)c4)c3C2=O)C(=O)N1,undefined,mgdb,MG-4818,MG-4818,,,P15170,GSPT1,unknown,3,cellular_phenotype,nan,False,,True,False,False,,,,nan,False
GUGFVCHIVXKAQD-UHFFFAOYSA-N,O=C1CCC(N2C(=O)c3cccc(NCc4cccc(C(=O)NC5CCC(c6cc7cncnc7s6)CC5)c4)c3C2=O)C(=O)N1,O=C1CCC(N2C(=O)c3cccc(NCc4cccc(C(=O)NC5CCC(c6cc7cncnc7s6)CC5)c4)c3C2=O)C(=O)N1,undefined,mgdb,MG-4819,MG-4819,,,P15170,GSPT1,unknown,3,cellular_phenotype,nan,False,,True,False,False,,,,nan,False
VYNHXNRCIQUAQD-UHFFFAOYSA-N,O=C1CCC(N2C(=O)c3cccc(NCc4cccc(NC(=O)C5CCC(c6nc7cccnc7s6)CC5)c4)c3C2=O)C(=O)N1,O=C1CCC(N2C(=O)c3cccc(NCc4cccc(NC(=O)C5CCC(c6nc7cccnc7s6)CC5)c4)c3C2=O)C(=O)N1,undefined,mgdb,MG-4820,MG-4820,,,P15170,GSPT1,unknown,3,cellular_phenotype,nan,False,,True,False,False,,,,nan,False
CWHMHANKRKJMIN-UHFFFAOYSA-N,O=C1CCC(N2C(=O)c3cccc(NCc4cccc(C(=O)NC5CCC(c6csc7cncnc67)CC5)c4)c3C2=O)C(=O)N1,O=C1CCC(N2C(=O)c3cccc(NCc4cccc(C(=O)NC5CCC(c6csc7cncnc67)CC5)c4)c3C2=O)C(=O)N1,undefined,mgdb,MG-4821,MG-4821,,,P15170,GSPT1,unknown,3,cellular_phenotype,nan,False,,True,False,False,,,,nan,False
JSZOYQOPLOZAEY-UHFFFAOYSA-N,O=C1CCC(N2C(=O)c3cccc(NCc4ccnc(C(=O)NC5CCC(c6nc7cccnc7s6)CC5)c4)c3C2=O)C(=O)N1,O=C1CCC(N2C(=O)c3cccc(NCc4ccnc(C(=O)NC5CCC(c6nc7cccnc7s6)CC5)c4)c3C2=O)C(=O)N1,undefined,mgdb,MG-4822,MG-4822,,,P15170,GSPT1,unknown,3,cellular_phenotype,nan,False,,True,False,False,,,,nan,False
SKDTYILETOMERP-UHFFFAOYSA-N,O=C1CCC(N2C(=O)c3cccc(NCc4cccc(NC(=O)C5CCC(c6nc7cccnc7s6)CC5)n4)c3C2=O)C(=O)N1,O=C1CCC(N2C(=O)c3cccc(NCc4cccc(NC(=O)C5CCC(c6nc7cccnc7s6)CC5)n4)c3C2=O)C(=O)N1,undefined,mgdb,MG-4823,MG-4823,,,P15170,GSPT1,unknown,3,cellular_phenotype,nan,False,,True,False,False,,,,nan,False
HHNMJKFUZFVKMR-UHFFFAOYSA-N,CN(CC1CCC(c2nc3cccnc3s2)CC1)c1cc(CNc2cccc3c2C(=O)N(C2CCC(=O)NC2=O)C3=O)ccn1,CN(CC1CCC(c2nc3cccnc3s2)CC1)c1cc(CNc2cccc3c2C(=O)N(C2CCC(=O)NC2=O)C3=O)ccn1,undefined,mgdb,MG-4825,MG-4825,,,P15170,GSPT1,unknown,3,cellular_phenotype,nan,False,,True,False,False,,,,nan,False
SGLHLZYQORSBNK-UHFFFAOYSA-N,Cn1c(C2CCC(NC(=O)c3ccc(CNC4CC=CC5=C4C(=O)N(C4CCC(=O)NC4=O)C5=O)s3)CC2)nc2ccncc21,Cn1c(C2CCC(NC(=O)c3ccc(CNC4CC=CC5=C4C(=O)N(C4CCC(=O)NC4=O)C5=O)s3)CC2)nc2ccncc21,undefined,mgdb,MG-4826,MG-4826,,,P15170,GSPT1,unknown,3,cellular_phenotype,nan,False,,True,False,False,,,,nan,False
WZTNTRBAXJXQGS-UHFFFAOYSA-N,O=C1CCC(N2C(=O)c3cccc(NCc4cccc(C(=O)NC5CCC(c6cc7sccc7s6)CC5)c4)c3C2=O)C(=O)N1,O=C1CCC(N2C(=O)c3cccc(NCc4cccc(C(=O)NC5CCC(c6cc7sccc7s6)CC5)c4)c3C2=O)C(=O)N1,undefined,mgdb,MG-4827,MG-4827,,,P15170,GSPT1,unknown,3,cellular_phenotype,nan,False,,True,False,False,,,,nan,False
GMLHDRQBBSFBMW-UHFFFAOYSA-N,Cn1c(C2CCC(n3ccc(CCNc4cccc5c4C(=O)N(C4CCC(=O)NC4=O)C5=O)cc3=O)CC2)nc2ccncc21,Cn1c(C2CCC(n3ccc(CCNc4cccc5c4C(=O)N(C4CCC(=O)NC4=O)C5=O)cc3=O)CC2)nc2ccncc21,undefined,mgdb,MG-4828,MG-4828,,,P15170,GSPT1,unknown,3,cellular_phenotype,nan,False,,True,False,False,,,,nan,False
TZQNHWZTASPEGD-UHFFFAOYSA-N,Cn1c(C2CCC(N3Cc4ccc(CNc5cccc6c5C(=O)N(C5CCC(=O)NC5=O)C6=O)cc4C3=O)CC2)nc2ccccc21,Cn1c(C2CCC(N3Cc4ccc(CNc5cccc6c5C(=O)N(C5CCC(=O)NC5=O)C6=O)cc4C3=O)CC2)nc2ccccc21,undefined,mgdb,MG-4829,MG-4829,,,P15170,GSPT1,unknown,3,cellular_phenotype,nan,False,,True,False,False,,,,nan,False
ADZLBGMKJYGMRD-UHFFFAOYSA-N,Cn1c(C2CC3(CC(NC(=O)c4cccc(CNc5cccc6c5C(=O)N(C5CCC(=O)NC5=O)C6=O)c4)C3)C2)nc2ccncc21,Cn1c(C2CC3(CC(NC(=O)c4cccc(CNc5cccc6c5C(=O)N(C5CCC(=O)NC5=O)C6=O)c4)C3)C2)nc2ccncc21,undefined,mgdb,MG-4830,MG-4830,,,P15170,GSPT1,unknown,3,cellular_phenotype,nan,False,,True,False,False,,,,nan,False
UZPVUQQFBHKJAL-UHFFFAOYSA-N,CN(c1ccc2c(c1)C(=O)N(C1CCC(c3nc4ccncc4n3C)CC1)C2)c1cccc2c1C(=O)N(C1CCC(=O)NC1=O)C2=O,CN(c1ccc2c(c1)C(=O)N(C1CCC(c3nc4ccncc4n3C)CC1)C2)c1cccc2c1C(=O)N(C1CCC(=O)NC1=O)C2=O,undefined,mgdb,MG-4831,MG-4831,,,P15170,GSPT1,unknown,3,cellular_phenotype,nan,False,,True,False,False,,,,nan,False
RXRMUDUVJXGDSU-UHFFFAOYSA-N,CCn1c(C2CCC(NC(=O)c3cccc(CNc4cccc5c4C(=O)N(C4CCC(=O)NC4=O)C5=O)c3)CC2)nc2ccncc21,CCn1c(C2CCC(NC(=O)c3cccc(CNc4cccc5c4C(=O)N(C4CCC(=O)NC4=O)C5=O)c3)CC2)nc2ccncc21,undefined,mgdb,MG-4832,MG-4832,,,P15170,GSPT1,unknown,3,cellular_phenotype,nan,False,,True,False,False,,,,nan,False
XTRYLOKHZRFHGJ-UHFFFAOYSA-N,Cn1c(C2CCC(n3cccc(OCCNc4cccc5c4C(=O)N(C4CCC(=O)NC4=O)C5=O)c3=O)CC2)nc2ccncc21,Cn1c(C2CCC(n3cccc(OCCNc4cccc5c4C(=O)N(C4CCC(=O)NC4=O)C5=O)c3=O)CC2)nc2ccncc21,undefined,mgdb,MG-4833,MG-4833,,,P15170,GSPT1,unknown,3,cellular_phenotype,nan,False,,True,False,False,,,,nan,False
UTVCJOPJGABHPL-UHFFFAOYSA-N,Cn1c(C2CCC(c3nc4cccnc4s3)CC2)nc2cc(CNc3cccc4c3C(=O)N(C3CCC(=O)NC3=O)C4=O)ccc21,Cn1c(C2CCC(c3nc4cccnc4s3)CC2)nc2cc(CNc3cccc4c3C(=O)N(C3CCC(=O)NC3=O)C4=O)ccc21,undefined,mgdb,MG-4834,MG-4834,,,P15170,GSPT1,unknown,3,cellular_phenotype,nan,False,,True,False,False,,,,nan,False
XBGFZMYIGLYALB-UHFFFAOYSA-N,O=C1CCC(N2C(=O)c3cccc(NCc4ccc5c(c4)C(=O)N(C4CCC(c6nc7c(s6)=NCCC=7)CC4)C5)c3C2=O)C(=O)N1,O=C1CCC(N2C(=O)c3cccc(NCc4ccc5c(c4)C(=O)N(C4CCC(c6nc7c(s6)=NCCC=7)CC4)C5)c3C2=O)C(=O)N1,undefined,mgdb,MG-4835,MG-4835,,,P15170,GSPT1,unknown,3,cellular_phenotype,nan,False,,True,False,False,,,,nan,False
PYFMSVHEVMOXKF-UHFFFAOYSA-N,COc1ccc2c(c1)nc(C1CCC(COc3cc(CNc4cccc5c4C(=O)N(C4CCC(=O)NC4=O)C5=O)ccn3)CC1)n2C,COc1ccc2c(c1)nc(C1CCC(COc3cc(CNc4cccc5c4C(=O)N(C4CCC(=O)NC4=O)C5=O)ccn3)CC1)n2C,undefined,mgdb,MG-4836,MG-4836,,,P15170,GSPT1,unknown,3,cellular_phenotype,nan,False,,True,False,False,,,,nan,False
RPBNLTXFSVFVOZ-UHFFFAOYSA-N,CN(C(=O)C1CCC(c2nc3cccnc3s2)CC1)c1cccc(CNc2cccc3c2C(=O)N(C2CCC(=O)NC2=O)C3=O)c1,CN(C(=O)C1CCC(c2nc3cccnc3s2)CC1)c1cccc(CNc2cccc3c2C(=O)N(C2CCC(=O)NC2=O)C3=O)c1,undefined,mgdb,MG-4837,MG-4837,,,P15170,GSPT1,unknown,3,cellular_phenotype,nan,False,,True,False,False,,,,nan,False
FWTKQOHFHVDHTP-UHFFFAOYSA-N,Cn1c(C2CCC(NC(=O)c3cc(CNc4cccc5c4C(=O)N(C4CCC(=O)NC4=O)C5=O)ccc3F)CC2)nc2ccncc21,Cn1c(C2CCC(NC(=O)c3cc(CNc4cccc5c4C(=O)N(C4CCC(=O)NC4=O)C5=O)ccc3F)CC2)nc2ccncc21,undefined,mgdb,MG-4838,MG-4838,,,P15170,GSPT1,unknown,3,cellular_phenotype,nan,False,,True,False,False,,,,nan,False
GKUUHRZUZQBGKF-UHFFFAOYSA-N,Cn1c(C2CCC(C(=O)Nc3cccc(CNc4cccc5c4C(=O)N(C4CCC(=O)NC4=O)C5=O)c3F)CC2)nc2ccncc21,Cn1c(C2CCC(C(=O)Nc3cccc(CNc4cccc5c4C(=O)N(C4CCC(=O)NC4=O)C5=O)c3F)CC2)nc2ccncc21,undefined,mgdb,MG-4839,MG-4839,,,P15170,GSPT1,unknown,3,cellular_phenotype,nan,False,,True,False,False,,,,nan,False
NCMRSULKRSMYAX-UHFFFAOYSA-N,CN(C(=O)c1cc(CNc2cccc3c2C(=O)N(C2CCC(=O)NC2=O)C3=O)ccn1)C1CCC(c2nc3cccnc3s2)CC1,CN(C(=O)c1cc(CNc2cccc3c2C(=O)N(C2CCC(=O)NC2=O)C3=O)ccn1)C1CCC(c2nc3cccnc3s2)CC1,undefined,mgdb,MG-4840,MG-4840,,,P15170,GSPT1,unknown,3,cellular_phenotype,nan,False,,True,False,False,,,,nan,False
NMDBBMKDMYOFPQ-UHFFFAOYSA-N,O=C1CCC(N2C(=O)c3cccc(NCc4ccc(F)c(C(=O)NC5CCC(c6nc7cccnc7s6)CC5)c4)c3C2=O)C(=O)N1,O=C1CCC(N2C(=O)c3cccc(NCc4ccc(F)c(C(=O)NC5CCC(c6nc7cccnc7s6)CC5)c4)c3C2=O)C(=O)N1,undefined,mgdb,MG-4841,MG-4841,,,P15170,GSPT1,unknown,3,cellular_phenotype,nan,False,,True,False,False,,,,nan,False
SXPFVDFMNAKNII-UHFFFAOYSA-N,O=C1CCC(N2C(=O)c3cccc(NCc4cccc(NC(=O)C5CCC(c6nc7cccnc7s6)CC5)c4F)c3C2=O)C(=O)N1,O=C1CCC(N2C(=O)c3cccc(NCc4cccc(NC(=O)C5CCC(c6nc7cccnc7s6)CC5)c4F)c3C2=O)C(=O)N1,undefined,mgdb,MG-4842,MG-4842,,,P15170,GSPT1,unknown,3,cellular_phenotype,nan,False,,True,False,False,,,,nan,False
FVIVURYHKJVWFT-UHFFFAOYSA-N,O=C1CCC(N2C(=O)c3cccc(NCc4cccc(C(=O)NC5CCC(c6nc7ccncc7n6C6CC6)CC5)c4)c3C2=O)C(=O)N1,O=C1CCC(N2C(=O)c3cccc(NCc4cccc(C(=O)NC5CCC(c6nc7ccncc7n6C6CC6)CC5)c4)c3C2=O)C(=O)N1,undefined,mgdb,MG-4843,MG-4843,,,P15170,GSPT1,unknown,3,cellular_phenotype,nan,False,,True,False,False,,,,nan,False
GTINEENEVGGWKC-UHFFFAOYSA-N,CC(C)n1c(C2CCC(NC(=O)c3cccc(CNc4cccc5c4C(=O)N(C4CCC(=O)NC4=O)C5=O)c3)CC2)nc2ccncc21,CC(C)n1c(C2CCC(NC(=O)c3cccc(CNc4cccc5c4C(=O)N(C4CCC(=O)NC4=O)C5=O)c3)CC2)nc2ccncc21,undefined,mgdb,MG-4844,MG-4844,,,P15170,GSPT1,unknown,3,cellular_phenotype,nan,False,,True,False,False,,,,nan,False
AAKJFJXBPVQJTB-UHFFFAOYSA-N,CCCn1c(C2CCC(NC(=O)c3cccc(CNc4cccc5c4C(=O)N(C4CCC(=O)NC4=O)C5=O)c3)CC2)nc2ccncc21,CCCn1c(C2CCC(NC(=O)c3cccc(CNc4cccc5c4C(=O)N(C4CCC(=O)NC4=O)C5=O)c3)CC2)nc2ccncc21,undefined,mgdb,MG-4845,MG-4845,,,P15170,GSPT1,unknown,3,cellular_phenotype,nan,False,,True,False,False,,,,nan,False
LLWATGHROVPQJR-UHFFFAOYSA-N,COc1ccc2c(c1)nc(C1CCC(NC(=O)c3cccc(CNc4cccc5c4C(=O)N(C4CCC(=O)NC4=O)C5=O)c3)CC1)n2C,COc1ccc2c(c1)nc(C1CCC(NC(=O)c3cccc(CNc4cccc5c4C(=O)N(C4CCC(=O)NC4=O)C5=O)c3)CC1)n2C,undefined,mgdb,MG-4846,MG-4846,,,P15170,GSPT1,unknown,3,cellular_phenotype,nan,False,,True,False,False,,,,nan,False
GIXQGXUZLKZKFT-UHFFFAOYSA-N,O=C1CCC(N2C(=O)c3cccc(NCc4cccc5c4CCN5C(=O)C4CCC(c5nc6cccnc6s5)CC4)c3C2=O)C(=O)N1,O=C1CCC(N2C(=O)c3cccc(NCc4cccc5c4CCN5C(=O)C4CCC(c5nc6cccnc6s5)CC4)c3C2=O)C(=O)N1,undefined,mgdb,MG-4848,MG-4848,,,P15170,GSPT1,unknown,3,cellular_phenotype,nan,False,,True,False,False,,,,nan,False
CVRXOBRWJRMFLR-UHFFFAOYSA-N,COc1cc2nc(C3CCC(NC(=O)c4cccc(CNc5cccc6c5C(=O)N(C5CCC(=O)NC5=O)C6=O)c4)CC3)n(C)c2cn1,COc1cc2nc(C3CCC(NC(=O)c4cccc(CNc5cccc6c5C(=O)N(C5CCC(=O)NC5=O)C6=O)c4)CC3)n(C)c2cn1,undefined,mgdb,MG-4849,MG-4849,,,P15170,GSPT1,unknown,3,cellular_phenotype,nan,False,,True,False,False,,,,nan,False
IHLKWEILLYYUJX-UHFFFAOYSA-N,COc1ccc(CNc2cccc3c2C(=O)N(C2CCC(=O)NC2=O)C3=O)cc1C(=O)NC1CCC(c2nc3ccncc3n2C)CC1,COc1ccc(CNc2cccc3c2C(=O)N(C2CCC(=O)NC2=O)C3=O)cc1C(=O)NC1CCC(c2nc3ccncc3n2C)CC1,undefined,mgdb,MG-4850,MG-4850,,,P15170,GSPT1,unknown,3,cellular_phenotype,nan,False,,True,False,False,,,,nan,False
GDGXTAUTVDGMDL-UHFFFAOYSA-N,COc1ccc2c(c1)nc(C1CCC(NC(=O)c3cc(CNc4cccc5c4C(=O)N(C4CCC(=O)NC4=O)C5=O)ccn3)CC1)n2C,COc1ccc2c(c1)nc(C1CCC(NC(=O)c3cc(CNc4cccc5c4C(=O)N(C4CCC(=O)NC4=O)C5=O)ccn3)CC1)n2C,undefined,mgdb,MG-4851,MG-4851,,,P15170,GSPT1,unknown,3,cellular_phenotype,nan,False,,True,False,False,,,,nan,False
YSCXVJLZJREDOW-UHFFFAOYSA-N,O=C1CCC(N2C(=O)c3cccc(NCc4ccnc(C(=O)NC5CCC(c6nc7ccccc7n6CCO)CC5)c4)c3C2=O)C(=O)N1,O=C1CCC(N2C(=O)c3cccc(NCc4ccnc(C(=O)NC5CCC(c6nc7ccccc7n6CCO)CC5)c4)c3C2=O)C(=O)N1,undefined,mgdb,MG-4852,MG-4852,,,P15170,GSPT1,unknown,3,cellular_phenotype,nan,False,,True,False,False,,,,nan,False
NYRGXZAZAZRZFM-UHFFFAOYSA-N,O=C1CCC(N2C(=O)c3cccc(NC4(c5ccnc(C(=O)NC6CCC(c7nc8cccnc8s7)CC6)c5)CC4)c3C2=O)C(=O)N1,O=C1CCC(N2C(=O)c3cccc(NC4(c5ccnc(C(=O)NC6CCC(c7nc8cccnc8s7)CC6)c5)CC4)c3C2=O)C(=O)N1,undefined,mgdb,MG-4853,MG-4853,,,P15170,GSPT1,unknown,3,cellular_phenotype,nan,False,,True,False,False,,,,nan,False
BJZZEXKDIBXDST-UHFFFAOYSA-N,COc1ccc(CNc2cccc3c2C(=O)N(C2CCC(=O)NC2=O)C3=O)cc1C(=O)NC1CCC(c2nc3cccnc3s2)CC1,COc1ccc(CNc2cccc3c2C(=O)N(C2CCC(=O)NC2=O)C3=O)cc1C(=O)NC1CCC(c2nc3cccnc3s2)CC1,undefined,mgdb,MG-4855,MG-4855,,,P15170,GSPT1,unknown,3,cellular_phenotype,nan,False,,True,False,False,,,,nan,False
XJIFCOSEFJLBTM-UHFFFAOYSA-N,COc1ccc(CNc2cccc3c2C(=O)N(C2CCC(=O)NC2=O)C3=O)cc1C(=O)NC1CCC(c2nc3ncccc3s2)CC1,COc1ccc(CNc2cccc3c2C(=O)N(C2CCC(=O)NC2=O)C3=O)cc1C(=O)NC1CCC(c2nc3ncccc3s2)CC1,undefined,mgdb,MG-4856,MG-4856,,,P15170,GSPT1,unknown,3,cellular_phenotype,nan,False,,True,False,False,,,,nan,False
MQCNLUDZZQWSOQ-UHFFFAOYSA-N,COc1c(CNc2cccc3c2C(=O)N(C2CCC(=O)NC2=O)C3=O)cccc1NC(=O)C1CCC(c2nc3cccnc3s2)CC1,COc1c(CNc2cccc3c2C(=O)N(C2CCC(=O)NC2=O)C3=O)cccc1NC(=O)C1CCC(c2nc3cccnc3s2)CC1,undefined,mgdb,MG-4857,MG-4857,,,P15170,GSPT1,unknown,3,cellular_phenotype,nan,False,,True,False,False,,,,nan,False
MDBQXUSNNDQQIN-UHFFFAOYSA-N,COc1ccc2nc(C3CCC(C(=O)Nc4cccc(CNc5cccc6c5C(=O)N(C5CCC(=O)NC5=O)C6=O)c4)CC3)sc2n1,COc1ccc2nc(C3CCC(C(=O)Nc4cccc(CNc5cccc6c5C(=O)N(C5CCC(=O)NC5=O)C6=O)c4)CC3)sc2n1,undefined,mgdb,MG-4858,MG-4858,,,P15170,GSPT1,unknown,3,cellular_phenotype,nan,False,,True,False,False,,,,nan,False
ZKWVIUNVBHNOBR-FZZGJVLGSA-N,C/C=C(/NCC1=CCCC(NC(=O)C2CCC(c3nc4cc(OC)cnc4s3)CC2)=C1)C1=C(C)C(=O)N(C2CCC(=O)NC2=O)C1=O,CC=C(NCC1=CCCC(NC(=O)C2CCC(c3nc4cc(OC)cnc4s3)CC2)=C1)C1=C(C)C(=O)N(C2CCC(=O)NC2=O)C1=O,defined,mgdb,MG-4859,MG-4859,,,P15170,GSPT1,unknown,3,cellular_phenotype,nan,False,,True,False,False,,,,nan,False
WEKSARQSFNTHDK-UHFFFAOYSA-N,COc1ccc(CNc2cccc3c2C(=O)N(C2CCC(=O)NC2=O)C3=O)cc1C(=O)NC1CCC(c2nc3ccncc3s2)CC1,COc1ccc(CNc2cccc3c2C(=O)N(C2CCC(=O)NC2=O)C3=O)cc1C(=O)NC1CCC(c2nc3ccncc3s2)CC1,undefined,mgdb,MG-4860,MG-4860,,,P15170,GSPT1,unknown,3,cellular_phenotype,nan,False,,True,False,False,,,,nan,False
FHLCCOVHULMRGF-UHFFFAOYSA-N,CN(C)c1ccc2c(c1)nc(C1CCC(NC(=O)c3cccc(CNc4cccc5c4C(=O)N(C4CCC(=O)NC4=O)C5=O)c3)CC1)n2C,CN(C)c1ccc2c(c1)nc(C1CCC(NC(=O)c3cccc(CNc4cccc5c4C(=O)N(C4CCC(=O)NC4=O)C5=O)c3)CC1)n2C,undefined,mgdb,MG-4861,MG-4861,,,P15170,GSPT1,unknown,3,cellular_phenotype,nan,False,,True,False,False,,,,nan,False
VQUOKJDMVQKFLH-UHFFFAOYSA-N,O=C1CCC(N2C(=O)c3cccc(NCc4cccc(C(=O)NC5CCC(c6nc7ccncc7n6C6COC6)CC5)c4)c3C2=O)C(=O)N1,O=C1CCC(N2C(=O)c3cccc(NCc4cccc(C(=O)NC5CCC(c6nc7ccncc7n6C6COC6)CC5)c4)c3C2=O)C(=O)N1,undefined,mgdb,MG-4862,MG-4862,,,P15170,GSPT1,unknown,3,cellular_phenotype,nan,False,,True,False,False,,,,nan,False
UFIMYIZAWJNASL-UHFFFAOYSA-N,CN(C)c1cc2c(cn1)nc(C1CCC(C(=O)Nc3cccc(CNc4cccc5c4C(=O)N(C4CCC(=O)NC4=O)C5=O)c3)CC1)n2C,CN(C)c1cc2c(cn1)nc(C1CCC(C(=O)Nc3cccc(CNc4cccc5c4C(=O)N(C4CCC(=O)NC4=O)C5=O)c3)CC1)n2C,undefined,mgdb,MG-4864,MG-4864,,,P15170,GSPT1,unknown,3,cellular_phenotype,nan,False,,True,False,False,,,,nan,False
VKHJARYKLVJZJQ-UHFFFAOYSA-N,O=C1CCC(N2C(=O)c3cccc(NCc4cccc5c4CCCN5C(=O)C4CCC(c5nc6cccnc6s5)CC4)c3C2=O)C(=O)N1,O=C1CCC(N2C(=O)c3cccc(NCc4cccc5c4CCCN5C(=O)C4CCC(c5nc6cccnc6s5)CC4)c3C2=O)C(=O)N1,undefined,mgdb,MG-4865,MG-4865,,,P15170,GSPT1,unknown,3,cellular_phenotype,nan,False,,True,False,False,,,,nan,False
PTIFAJRIJJKNRS-UHFFFAOYSA-N,COc1ccc2c(c1)nc(C1CCC(N(C)C(=O)c3cc(CNc4cccc5c4C(=O)N(C4CCC(=O)NC4=O)C5=O)ccn3)CC1)n2C,COc1ccc2c(c1)nc(C1CCC(N(C)C(=O)c3cc(CNc4cccc5c4C(=O)N(C4CCC(=O)NC4=O)C5=O)ccn3)CC1)n2C,undefined,mgdb,MG-4866,MG-4866,,,P15170,GSPT1,unknown,3,cellular_phenotype,nan,False,,True,False,False,,,,nan,False
VSXBCWDXTMCGRH-UHFFFAOYSA-N,CN(C)c1cc2c(cn1)nc(C1CCC(NC(=O)c3cc(CNC4=CCCC5=C4C(=O)N(C4CCC(=O)NC4=O)C5=O)ccn3)CC1)n2C,CN(C)c1cc2c(cn1)nc(C1CCC(NC(=O)c3cc(CNC4=CCCC5=C4C(=O)N(C4CCC(=O)NC4=O)C5=O)ccn3)CC1)n2C,undefined,mgdb,MG-4867,MG-4867,,,P15170,GSPT1,unknown,3,cellular_phenotype,nan,False,,True,False,False,,,,nan,False
WLDXGYCPLMBPFN-UHFFFAOYSA-N,CNCCN(C(=O)c1cc(CNc2cccc3c2C(=O)N(C2CCC(=O)NC2=O)C3=O)ccn1)C1CCC(c2nc3cccnc3s2)CC1,CNCCN(C(=O)c1cc(CNc2cccc3c2C(=O)N(C2CCC(=O)NC2=O)C3=O)ccn1)C1CCC(c2nc3cccnc3s2)CC1,undefined,mgdb,MG-4868,MG-4868,,,P15170,GSPT1,unknown,3,cellular_phenotype,nan,False,,True,False,False,,,,nan,False
UWJIEPDHQMKHLI-UHFFFAOYSA-N,O=C1CCC(N2C(=O)c3cccc(NCCCCC(=O)Nc4ccc(-c5nc6cnc7[nH]cc(C8CCOCC8)c7c6[nH]5)cc4)c3C2=O)C(=O)N1,O=C1CCC(N2C(=O)c3cccc(NCCCCC(=O)Nc4ccc(-c5nc6cnc7[nH]cc(C8CCOCC8)c7c6[nH]5)cc4)c3C2=O)C(=O)N1,undefined,mgdb,MG-4869,MG-4869,,,P15170,GSPT1,unknown,3,cellular_phenotype,nan,False,,True,False,False,,,,nan,False
YWGGQGZGVKURJU-UHFFFAOYSA-N,O=C1CCC(N2C(=O)c3cccc(NCCCCC(=O)NC4CCC(c5nc6c(cnc7[nH]cc(C8CCOCC8)c76)[nH]5)CC4)c3C2=O)C(=O)N1,O=C1CCC(N2C(=O)c3cccc(NCCCCC(=O)NC4CCC(c5nc6c(cnc7[nH]cc(C8CCOCC8)c76)[nH]5)CC4)c3C2=O)C(=O)N1,undefined,mgdb,MG-4870,MG-4870,,,P15170,GSPT1,unknown,3,cellular_phenotype,nan,False,,True,False,False,,,,nan,False
FLYKXRTWTGYLTE-UHFFFAOYSA-N,Cn1c(C2CCC(NC(=O)CCCCNc3cccc4c3C(=O)N(C3CCC(=O)NC3=O)C4=O)CC2)nc2c3c(C4CCCCC4)c[nH]c3ncc21,Cn1c(C2CCC(NC(=O)CCCCNc3cccc4c3C(=O)N(C3CCC(=O)NC3=O)C4=O)CC2)nc2c3c(C4CCCCC4)c[nH]c3ncc21,undefined,mgdb,MG-4871,MG-4871,,,P15170,GSPT1,unknown,3,cellular_phenotype,nan,False,,True,False,False,,,,nan,False
AHYFCLNYZSAFDN-LUGHSEFTSA-N,CC(C)NC(=O)O[C@H]1CC[C@@H](c2cc(NC(=O)c3ccc(N4CCC(CN5CCC6(CC5)CCN(c5ccc7c(c5)C(=O)N(C5CCC(=O)NC5=O)C7=O)C6)CC4)cc3)n[nH]2)C1,CC(C)NC(=O)OC1CCC(c2cc(NC(=O)c3ccc(N4CCC(CN5CCC6(CC5)CCN(c5ccc7c(c5)C(=O)N(C5CCC(=O)NC5=O)C7=O)C6)CC4)cc3)n[nH]2)C1,defined,mgdb,MG-6311,MG-6311,,,Q66K64,DCAF15,unknown,3,cellular_phenotype,DCAF15 displacement assay,False,,True,False,False,,,,nan,False
RFOBJQIUKALEGI-ZEEDQANPSA-N,C[C@@H]1CCN1C(=O)O[C@@H]1CC[C@H](c2cc(NC(=O)Cc3ccc(CN4CCN(c5ccc6c(c5)C(=O)N(C5CCC(=O)NC5=O)C6=O)CC4)cc3Cl)n[nH]2)C1,CC1CCN1C(=O)OC1CCC(c2cc(NC(=O)Cc3ccc(CN4CCN(c5ccc6c(c5)C(=O)N(C5CCC(=O)NC5=O)C6=O)CC4)cc3Cl)n[nH]2)C1,defined,mgdb,MG-6312,MG-6312,,,Q66K64,DCAF15,unknown,3,cellular_phenotype,DCAF15 displacement assay,False,,True,False,False,,,,nan,False
SKBNLJCBNFIXSZ-OZZDSINCSA-N,C[C@@H]1CCN1C(=O)O[C@@H]1CC[C@@H](c2cc(NC(=O)Cc3ccc(CN4CCN(c5ccc6c(c5)C(=O)N(C5CCC(=O)NC5=O)C6=O)CC4)cc3F)n[nH]2)C1,CC1CCN1C(=O)OC1CCC(c2cc(NC(=O)Cc3ccc(CN4CCN(c5ccc6c(c5)C(=O)N(C5CCC(=O)NC5=O)C6=O)CC4)cc3F)n[nH]2)C1,defined,mgdb,MG-6313,MG-6313,,,Q66K64,DCAF15,unknown,3,cellular_phenotype,DCAF15 displacement assay,False,,True,False,False,,,,nan,False
WUBUZBSEYNOKFJ-XDFJSJKPSA-N,CC(C)NC(=O)O[C@@H]1CC[C@H](c2cc(NC(=O)c3ccc(N4CCC(CN5CCC(c6ccc(N7CCC(=O)NC7=O)c(F)c6)CC5)CC4)cc3)n[nH]2)C1,CC(C)NC(=O)OC1CCC(c2cc(NC(=O)c3ccc(N4CCC(CN5CCC(c6ccc(N7CCC(=O)NC7=O)c(F)c6)CC5)CC4)cc3)n[nH]2)C1,defined,mgdb,MG-6304,MG-6304,,,Q66K64,DCAF15,unknown,3,cellular_phenotype,DCAF15 displacement assay,False,,True,False,False,,,,nan,False
MCMIIDRZHYMDDA-YPUKIZMCSA-N,CC(C)NC(=O)O[C@@H]1CC[C@H](c2cc(NC(=O)c3ccc(N4CCC(CN5CCC(c6ccc(C7CCC(=O)NC7=O)c(F)c6)CC5)CC4)cc3)n[nH]2)C1,CC(C)NC(=O)OC1CCC(c2cc(NC(=O)c3ccc(N4CCC(CN5CCC(c6ccc(C7CCC(=O)NC7=O)c(F)c6)CC5)CC4)cc3)n[nH]2)C1,defined,mgdb,MG-6305,MG-6305,,,Q66K64,DCAF15,unknown,3,cellular_phenotype,DCAF15 displacement assay,False,,True,False,False,,,,nan,False
IKLDOHFCKZDKSS-UHFFFAOYSA-N,CCC(=O)NC(=O)CN1C(=O)c2cccc(NCc3cc(C(=O)NC(C)CCC(C)c4nc5cccnc5s4)ncc3N3CCNCC3)c2C1=O,CCC(=O)NC(=O)CN1C(=O)c2cccc(NCc3cc(C(=O)NC(C)CCC(C)c4nc5cccnc5s4)ncc3N3CCNCC3)c2C1=O,undefined,mgdb,MG-4872,MG-4872,,,P15170,GSPT1,unknown,3,cellular_phenotype,nan,False,,True,False,False,,,,nan,False
UUAXLSMJHQSJDS-UHFFFAOYSA-N,Cn1cc(C2CCOCC2)c2c3nc(C4CCC(NC(=O)CCCCNc5cccc6c5C(=O)N(C5CCC(=O)NC5=O)C6=O)CC4)[nH]c3cnc21,Cn1cc(C2CCOCC2)c2c3nc(C4CCC(NC(=O)CCCCNc5cccc6c5C(=O)N(C5CCC(=O)NC5=O)C6=O)CC4)[nH]c3cnc21,undefined,mgdb,MG-4873,MG-4873,,,P15170,GSPT1,unknown,3,cellular_phenotype,nan,False,,True,False,False,,,,nan,False
MDNWDYRMIDZIBI-UHFFFAOYSA-N,Cn1c(C2CCC(NC(=O)CCCCNc3cccc4c3C(=O)N(C3CCC(=O)NC3=O)C4=O)CC2)nc2c3c(C4CCOCC4)c[nH]c3ncc21,Cn1c(C2CCC(NC(=O)CCCCNc3cccc4c3C(=O)N(C3CCC(=O)NC3=O)C4=O)CC2)nc2c3c(C4CCOCC4)c[nH]c3ncc21,undefined,mgdb,MG-4874,MG-4874,,,P15170,GSPT1,unknown,3,cellular_phenotype,nan,False,,True,False,False,,,,nan,False
LIYAKIMSPVBFHL-UHFFFAOYSA-N,O=C1CCC(N2C(=O)c3cccc(Nc4cccc(C(=O)NC5CCC(c6nc7c(cnc8[nH]cc(C9CCOCC9)c87)[nH]6)CC5)c4)c3C2=O)C(=O)N1,O=C1CCC(N2C(=O)c3cccc(Nc4cccc(C(=O)NC5CCC(c6nc7c(cnc8[nH]cc(C9CCOCC9)c87)[nH]6)CC5)c4)c3C2=O)C(=O)N1,undefined,mgdb,MG-4875,MG-4875,,,P15170,GSPT1,unknown,3,cellular_phenotype,nan,False,,True,False,False,,,,nan,False
ZSUWCIJZQZGPSN-UHFFFAOYSA-N,O=C1CCC(N2C(=O)c3cccc(NCc4cccc(C(=O)NC5CCC(c6nc7c(cnc8[nH]cc(C9CCOCC9)c87)[nH]6)CC5)c4)c3C2=O)C(=O)N1,O=C1CCC(N2C(=O)c3cccc(NCc4cccc(C(=O)NC5CCC(c6nc7c(cnc8[nH]cc(C9CCOCC9)c87)[nH]6)CC5)c4)c3C2=O)C(=O)N1,undefined,mgdb,MG-4876,MG-4876,,,P15170,GSPT1,unknown,3,cellular_phenotype,nan,False,,True,False,False,,,,nan,False
VMIWWSAHTNFTIU-UHFFFAOYSA-N,O=C1CCC(N2C(=O)c3cccc(NCc4ccc(C(=O)NC5CCC(c6nc7c(cnc8[nH]cc(C9CCOCC9)c87)[nH]6)CC5)cc4)c3C2=O)C(=O)N1,O=C1CCC(N2C(=O)c3cccc(NCc4ccc(C(=O)NC5CCC(c6nc7c(cnc8[nH]cc(C9CCOCC9)c87)[nH]6)CC5)cc4)c3C2=O)C(=O)N1,undefined,mgdb,MG-4877,MG-4877,,,P15170,GSPT1,unknown,3,cellular_phenotype,nan,False,,True,False,False,,,,nan,False
HPAJZOMOTPWYDM-UHFFFAOYSA-N,O=C1CCC(N2C(=O)c3cccc(NCc4cccc(C(=O)NC5CCC(c6nc7cccnc7o6)CC5)c4)c3C2=O)C(=O)N1,O=C1CCC(N2C(=O)c3cccc(NCc4cccc(C(=O)NC5CCC(c6nc7cccnc7o6)CC5)c4)c3C2=O)C(=O)N1,undefined,mgdb,MG-4879,MG-4879,,,P15170,GSPT1,unknown,3,cellular_phenotype,nan,False,,True,False,False,,,,nan,False
AWPWXCGKAIKLEY-UHFFFAOYSA-N,O=C1CCC(N2C(=O)c3cccc(NCc4cccc(C(=O)NC5CCC(c6nc7cncnc7[nH]6)CC5)c4)c3C2=O)C(=O)N1,O=C1CCC(N2C(=O)c3cccc(NCc4cccc(C(=O)NC5CCC(c6nc7cncnc7[nH]6)CC5)c4)c3C2=O)C(=O)N1,undefined,mgdb,MG-4880,MG-4880,,,P15170,GSPT1,unknown,3,cellular_phenotype,nan,False,,True,False,False,,,,nan,False
VFSBFAWUNOZDBF-UHFFFAOYSA-N,Cn1c(C2CCC(COc3cccc(CNc4cccc5c4C(=O)N(C4CCC(=O)NC4=O)C5=O)c3)CC2)nc2ccncc21,Cn1c(C2CCC(COc3cccc(CNc4cccc5c4C(=O)N(C4CCC(=O)NC4=O)C5=O)c3)CC2)nc2ccncc21,undefined,mgdb,MG-4881,MG-4881,,,P15170,GSPT1,unknown,3,cellular_phenotype,nan,False,,True,False,False,,,,nan,False
OJOXHJNLRXBQOG-BPCZZZGCSA-N,C[C@@H]1CCN1C(=O)O[C@@H]1CC[C@H](c2cc(NC(=O)c3ccc(CN4CCN(c5cc6c(cc5F)C(=O)N(C5CCC(=O)NC5=O)C6=O)CC4)cc3)n[nH]2)C1,CC1CCN1C(=O)OC1CCC(c2cc(NC(=O)c3ccc(CN4CCN(c5cc6c(cc5F)C(=O)N(C5CCC(=O)NC5=O)C6=O)CC4)cc3)n[nH]2)C1,defined,mgdb,MG-6306,MG-6306,,,Q66K64,DCAF15,unknown,3,cellular_phenotype,DCAF15 displacement assay,False,,True,False,False,,,,nan,False
WFKQEMDMHWUFQI-GMVNDESBSA-N,C[C@@H]1CCN1C(=O)O[C@@H]1CC[C@H](c2cc(NC(=O)c3ccc(C4CCN(C[C@H]5CCN(c6ccc7c(c6)C(=O)N(C6CCC(=O)NC6=O)C7=O)C5)CC4)cc3)n[nH]2)C1,CC1CCN1C(=O)OC1CCC(c2cc(NC(=O)c3ccc(C4CCN(CC5CCN(c6ccc7c(c6)C(=O)N(C6CCC(=O)NC6=O)C7=O)C5)CC4)cc3)n[nH]2)C1,defined,mgdb,MG-6308,MG-6308,,,Q66K64,DCAF15,unknown,3,cellular_phenotype,DCAF15 displacement assay,False,,True,False,False,,,,nan,False
FLZDEXZIYXASQH-QHZIWRTKSA-N,CC(C)NC(=O)O[C@@H]1CC[C@H](c2cc(NC(=O)Cc3ccc(CN4CCN(c5ccc6c(c5)CN(C5CCC(=O)NC5=O)C6=O)CC4)cc3)n[nH]2)C1,CC(C)NC(=O)OC1CCC(c2cc(NC(=O)Cc3ccc(CN4CCN(c5ccc6c(c5)CN(C5CCC(=O)NC5=O)C6=O)CC4)cc3)n[nH]2)C1,defined,mgdb,MG-6298,MG-6298,,,Q66K64,DCAF15,unknown,3,cellular_phenotype,CellTiter-Glo Assay,False,,True,False,False,,,,nan,False
NGSFYEKSASTMRR-SWDBJUOJSA-N,CC(C)NC(=O)O[C@@H]1CC[C@H](c2cc(NC(=O)c3ccc(N4CC(CN5CCC(c6ccc7c(c6)CN(C6CCC(=O)NC6=O)C7=O)CC5)C4)cc3)n[nH]2)C1,CC(C)NC(=O)OC1CCC(c2cc(NC(=O)c3ccc(N4CC(CN5CCC(c6ccc7c(c6)CN(C6CCC(=O)NC6=O)C7=O)CC5)C4)cc3)n[nH]2)C1,defined,mgdb,MG-6300,MG-6300,,,Q66K64,DCAF15,unknown,3,cellular_phenotype,DCAF15 displacement assay,False,,True,False,False,,,,nan,False
XFXJEXGIVZTTPV-ROGKXOOXSA-N,CC(C)NC(=O)O[C@@H]1CC[C@H](c2cc(NC(=O)c3ccc(N4CCC(CN5CC(c6ccc7c(c6)CN(C6CCC(=O)NC6=O)C7=O)C5)CC4)cc3)n[nH]2)C1,CC(C)NC(=O)OC1CCC(c2cc(NC(=O)c3ccc(N4CCC(CN5CC(c6ccc7c(c6)CN(C6CCC(=O)NC6=O)C7=O)C5)CC4)cc3)n[nH]2)C1,defined,mgdb,MG-6301,MG-6301,,,Q66K64,DCAF15,unknown,3,cellular_phenotype,DCAF15 displacement assay,False,,True,False,False,,,,nan,False
KUZBPAQQZSCFEY-OHCRHECWSA-N,CC(C)NC(=O)O[C@@H]1CC[C@H](c2cc(NC(=O)c3ccc(N4CCN(CC5CCN(c6ccc7c(c6)CN(C6CCC(=O)NC6=O)C7=O)CC5)CC4)cc3)n[nH]2)C1,CC(C)NC(=O)OC1CCC(c2cc(NC(=O)c3ccc(N4CCN(CC5CCN(c6ccc7c(c6)CN(C6CCC(=O)NC6=O)C7=O)CC5)CC4)cc3)n[nH]2)C1,defined,mgdb,MG-6302,MG-6302,,,Q66K64,DCAF15,unknown,3,cellular_phenotype,DCAF15 displacement assay,False,,True,False,False,,,,nan,False
TTXMLHTVRQZAKC-QPVSIXTQSA-N,CC(C)NC(=O)O[C@@H]1CC[C@H](c2cc(NC(=O)c3ccc(N4CCC(CN5CCCN(c6ccc7c(c6)CN(C6CCC(=O)NC6=O)C7=O)CC5)CC4)cc3)n[nH]2)C1,CC(C)NC(=O)OC1CCC(c2cc(NC(=O)c3ccc(N4CCC(CN5CCCN(c6ccc7c(c6)CN(C6CCC(=O)NC6=O)C7=O)CC5)CC4)cc3)n[nH]2)C1,defined,mgdb,MG-6303,MG-6303,,,Q66K64,DCAF15,unknown,3,cellular_phenotype,DCAF15 displacement assay,False,,True,False,False,,,,nan,False
CIZIVTNTSBMJKU-JRMBDLRJSA-N,CC(C)NC(=O)O[C@H]1CC[C@@H](c2cc(NC(=O)CC3CCN(CC4CCN(c5ccc6c(c5)C(=O)N(C5CCC(=O)NC5=O)C6=O)CC4)CC3)n[nH]2)C1,CC(C)NC(=O)OC1CCC(c2cc(NC(=O)CC3CCN(CC4CCN(c5ccc6c(c5)C(=O)N(C5CCC(=O)NC5=O)C6=O)CC4)CC3)n[nH]2)C1,defined,mgdb,MG-6293,MG-6293,,,Q66K64,DCAF15,unknown,3,cellular_phenotype,DCAF15 RBM39 ternary complex formation assay,False,,True,False,False,,,,nan,False
RPLHVTBVRVOWAG-MOCYAETESA-N,CC(C)NC(=O)O[C@@H]1CC[C@H](c2cc(NC(=O)Cc3ccc(CN4CCC(c5ccc6c(c5)C(=O)N(C5CCC(=O)NC5=O)C6=O)CC4)cc3)n[nH]2)C1,CC(C)NC(=O)OC1CCC(c2cc(NC(=O)Cc3ccc(CN4CCC(c5ccc6c(c5)C(=O)N(C5CCC(=O)NC5=O)C6=O)CC4)cc3)n[nH]2)C1,defined,mgdb,MG-6294,MG-6294,,,Q66K64,DCAF15,unknown,3,cellular_phenotype,DCAF15 displacement assay,False,,True,False,False,,,,nan,False
LCTNJCBUAWJNIM-SUCSDMPVSA-N,CC(C)NC(=O)O[C@@H]1CC[C@H](c2cc(NC(=O)CC3CCN(CC4CCN(C5C=C6CN(C7CCC(=O)NC7=O)C(=O)C6=CC5)CC4)CC3)n[nH]2)C1,CC(C)NC(=O)OC1CCC(c2cc(NC(=O)CC3CCN(CC4CCN(C5C=C6CN(C7CCC(=O)NC7=O)C(=O)C6=CC5)CC4)CC3)n[nH]2)C1,defined,mgdb,MG-6295,MG-6295,,,Q66K64,DCAF15,unknown,3,cellular_phenotype,DCAF15 displacement assay,False,,True,False,False,,,,nan,False
ORHBGOCSEMXKAU-UBOCQRNQSA-N,CC(C)NC(=O)O[C@@H]1CC[C@H](c2cc(NC(=O)CC3CCC(CN4CCN(c5ccc6c(c5)C(=O)N(C5CCC(=O)NC5=O)C6=O)CC4)CC3)n[nH]2)C1,CC(C)NC(=O)OC1CCC(c2cc(NC(=O)CC3CCC(CN4CCN(c5ccc6c(c5)C(=O)N(C5CCC(=O)NC5=O)C6=O)CC4)CC3)n[nH]2)C1,defined,mgdb,MG-6296,MG-6296,,,Q66K64,DCAF15,unknown,3,cellular_phenotype,DCAF15 displacement assay,False,,True,False,False,,,,nan,False
UGUMNJQQOKPBPW-GCOHBOPDSA-N,CC(C)NC(=O)O[C@@H]1CC[C@H](c2cc(NC(=O)Cc3ccc(CN4CCC(c5ccc6c(c5)CN(C5CCC(=O)NC5=O)C6=O)CC4)cc3)n[nH]2)C1,CC(C)NC(=O)OC1CCC(c2cc(NC(=O)Cc3ccc(CN4CCC(c5ccc6c(c5)CN(C5CCC(=O)NC5=O)C6=O)CC4)cc3)n[nH]2)C1,defined,mgdb,MG-6297,MG-6297,,,Q66K64,DCAF15,unknown,3,cellular_phenotype,DCAF15 displacement assay,False,,True,False,False,,,,nan,False
VDWDVHIUXWRDQB-CZWSTGFNSA-N,CC(C)NC(=O)O[C@H]1CC[C@@H](c2cc(NC(=O)CC3CCN(C4CCN(c5ccc6c(c5)C(=O)N(C5CCC(=O)NC5=O)C6=O)CC4)CC3)n[nH]2)C1,CC(C)NC(=O)OC1CCC(c2cc(NC(=O)CC3CCN(C4CCN(c5ccc6c(c5)C(=O)N(C5CCC(=O)NC5=O)C6=O)CC4)CC3)n[nH]2)C1,defined,mgdb,MG-6290,MG-6290,,,Q66K64,DCAF15,unknown,3,cellular_phenotype,CellTiter-Glo Assay,False,,True,False,False,,,,nan,False
YIGFSLQBIDLLFW-JRMBDLRJSA-N,CC(C)NC(=O)O[C@H]1CC[C@@H](c2cc(NC(=O)Cc3ccc(CN4CCN(c5ccc6c(c5)C(=O)N(C5CCC(=O)NC5=O)C6=O)CC4)cc3)n[nH]2)C1,CC(C)NC(=O)OC1CCC(c2cc(NC(=O)Cc3ccc(CN4CCN(c5ccc6c(c5)C(=O)N(C5CCC(=O)NC5=O)C6=O)CC4)cc3)n[nH]2)C1,defined,mgdb,MG-6291,MG-6291,,,Q66K64,DCAF15,unknown,3,cellular_phenotype,DCAF15 displacement assay,False,,True,False,False,,,,nan,False
KNPLCJZGNRGZAN-UHFFFAOYSA-N,COc1ccccc1NC(=O)Nc1ccc([N+](=O)[O-])cc1O,COc1ccccc1NC(=O)Nc1ccc([N+](=O)[O-])cc1O,none,mgdb,MG-4469,MG-4469,,,Q9UJQ4,SALL4,unknown,3,cellular_phenotype,Western blotting,False,,True,False,False,,,,nan,False
KQSXPGPHCYWVSH-GLRCULSHSA-N,O=C1CCC(N2Cc3c(NC(=O)[C@@H]4NC5(CCCCC5)[C@@]5(C(=O)Nc6cc(Cl)ccc65)[C@H]4c4cccc(Cl)c4F)cccc3C2=O)C(=O)N1,O=C1CCC(N2Cc3c(NC(=O)C4NC5(CCCCC5)C5(C(=O)Nc6cc(Cl)ccc65)C4c4cccc(Cl)c4F)cccc3C2=O)C(=O)N1,defined,mgdb,MG-19,MG-19,,,P04637,TP53,unknown,3,cellular_phenotype,WST-8 assay,False,,True,False,False,,,,nan,False
KQSXPGPHCYWVSH-GLRCULSHSA-N,O=C1CCC(N2Cc3c(NC(=O)[C@@H]4NC5(CCCCC5)[C@@]5(C(=O)Nc6cc(Cl)ccc65)[C@H]4c4cccc(Cl)c4F)cccc3C2=O)C(=O)N1,O=C1CCC(N2Cc3c(NC(=O)C4NC5(CCCCC5)C5(C(=O)Nc6cc(Cl)ccc65)C4c4cccc(Cl)c4F)cccc3C2=O)C(=O)N1,defined,mgdb,MG-19,MG-19,,,P15170,GSPT1,unknown,3,cellular_phenotype,Western Blotting Assay,False,,True,False,False,,,,nan,False
KNKHUJFFUZTHJK-RQZSDGGCSA-N,O=C1CCC(N2Cc3c(CCCNC(=O)[C@@H]4NC5(CCCCC5)[C@@]5(C(=O)Nc6cc(Cl)ccc65)[C@H]4c4cccc(Cl)c4F)cccc3C2=O)C(=O)N1,O=C1CCC(N2Cc3c(CCCNC(=O)C4NC5(CCCCC5)C5(C(=O)Nc6cc(Cl)ccc65)C4c4cccc(Cl)c4F)cccc3C2=O)C(=O)N1,defined,mgdb,MG-20,MG-20,,,P15170,GSPT1,unknown,3,cellular_phenotype,Western Blotting Assay,False,,True,False,False,,,,nan,False
SETFNECMODOHTO-UHFFFAOYSA-N,NS(=O)(=O)c1ccc(S(=O)(=O)Nc2cccc3c(Cl)c[nH]c23)cc1,NS(=O)(=O)c1ccc(S(=O)(=O)Nc2cccc3c(Cl)c[nH]c23)cc1,none,mgdb,MG-36,MG-36,,,,N-cadherin,unknown,3,cellular_phenotype,Label-free quantitative proteomics identified indisulamdownregulated protein that regulates cell migration,False,,True,False,False,,,,,True
SETFNECMODOHTO-UHFFFAOYSA-N,NS(=O)(=O)c1ccc(S(=O)(=O)Nc2cccc3c(Cl)c[nH]c23)cc1,NS(=O)(=O)c1ccc(S(=O)(=O)Nc2cccc3c(Cl)c[nH]c23)cc1,none,mgdb,MG-36,MG-36,,,Q14498,RBM39,unknown,3,cellular_phenotype,scratch assay.,False,,True,False,False,,,,nan,True
SETFNECMODOHTO-UHFFFAOYSA-N,NS(=O)(=O)c1ccc(S(=O)(=O)Nc2cccc3c(Cl)c[nH]c23)cc1,NS(=O)(=O)c1ccc(S(=O)(=O)Nc2cccc3c(Cl)c[nH]c23)cc1,none,mgdb,MG-36,MG-36,,,P37275,ZEB1,unknown,3,cellular_phenotype,immunoblotting analysis,False,,True,False,False,,,,nan,True
SETFNECMODOHTO-UHFFFAOYSA-N,NS(=O)(=O)c1ccc(S(=O)(=O)Nc2cccc3c(Cl)c[nH]c23)cc1,NS(=O)(=O)c1ccc(S(=O)(=O)Nc2cccc3c(Cl)c[nH]c23)cc1,none,mgdb,MG-36,MG-36,,,P10275,AR,unknown,3,cellular_phenotype,MTT assay,False,,True,False,False,,,,nan,True
SSHVAUUEPNULMP-JHWDTTIQSA-N,O=C(/C=C/C=C/C=C/C1CCCCC1)NC1=C[C@@](O)(/C=C/C=C/C=C/C(=O)NC2=C(O)CCC2=O)[C@@H]2O[C@@H]2C1=O,O=C(C=CC=CC=CC1CCCCC1)NC1=CC(O)(C=CC=CC=CC(=O)NC2=C(O)CCC2=O)C2OC2C1=O,defined,mgdb,MG-42,MG-42,,,,nan,unknown,3,cellular_phenotype,Hoechst staining,False,,True,False,False,,,,,True
YFCMSHPEVDOMQA-VGOFRKELSA-N,COc1ccc(Cl)c([C@@H](C)n2cnc3ccc(-c4ccccc4[C@H]4CCCCN4)cc32)c1Cl,COc1ccc(Cl)c(C(C)n2cnc3ccc(-c4ccccc4C4CCCCN4)cc32)c1Cl,defined,mgdb,MG-43,MG-43,,,,GLP1R - glucagon like peptide 1 receptor (human),unknown,3,cellular_phenotype,nan,False,,True,False,False,,,,,True
DSXXEELGXBCYNQ-UHFFFAOYSA-N,Cn1cc(C2=C(c3cn(CCCSC(=N)N)c4ccccc34)C(=O)NC2=O)c2ccccc21,Cn1cc(C2=C(c3cn(CCCSC(=N)N)c4ccccc34)C(=O)NC2=O)c2ccccc21,undefined,mgdb,MG-53,MG-53,,,,SMAD4R361H/SMAD3 PPI,unknown,3,cellular_phenotype,Western Blotting Assay,False,,True,False,False,,,,,True
LLJJDLHGZUOMQP-UHFFFAOYSA-N,COc1ccc2c(c1)c(C1=C(c3c[nH]c4ccccc34)C(=O)NC1=O)cn2CCCN(C)C,COc1ccc2c(c1)c(C1=C(c3c[nH]c4ccccc34)C(=O)NC1=O)cn2CCCN(C)C,none,mgdb,MG-54,MG-54,,,,SMAD4R361H/SMAD3 PPI,unknown,3,cellular_phenotype,Western Blotting Assay,False,,True,False,False,,,,,True
AADVCYNFEREWOS-OBRABYBLSA-N,C=C/C=C\[C@H](C)[C@H](OC(N)=O)[C@@H](C)[C@H](O)[C@@H](C)C/C(C)=C\[C@H](C)[C@@H](O)[C@@H](C)/C=C\[C@@H](O)C[C@@H]1OC(=O)[C@H](C)[C@@H](O)[C@H]1C,C=CC=CC(C)C(OC(N)=O)C(C)C(O)C(C)CC(C)=CC(C)C(O)C(C)C=CC(O)CC1OC(=O)C(C)C(O)C1C,defined,mgdb,MG-67,MG-67,,,,nan,unknown,3,cellular_phenotype,nan,False,,True,False,False,,,,,False
GOTYRUGSSMKFNF-UHFFFAOYSA-N,Nc1cccc2c1CN(C1CCC(=O)NC1=O)C2=O,Nc1cccc2c1CN(C1CCC(=O)NC1=O)C2=O,undefined,mgdb,MG-71,MG-71,,,Q13422,IKZF1,unknown,3,cellular_phenotype,nan,False,,True,False,False,,,,split_from_multi_target_string,True
CLCTZVRHDOAUGJ-UHFFFAOYSA-N,N#Cc1ccc(OC2CCC(NC(=O)c3ccc(N4CCC(CN5CCN(c6cc7c(cc6F)C(=O)N(C6CCC(=O)NC6=O)C7=O)CC5)CC4)nn3)CC2)cc1Cl,N#Cc1ccc(OC2CCC(NC(=O)c3ccc(N4CCC(CN5CCN(c6cc7c(cc6F)C(=O)N(C6CCC(=O)NC6=O)C7=O)CC5)CC4)nn3)CC2)cc1Cl,undefined,mgdb,MG-72,MG-72,,,,nan,unknown,3,cellular_phenotype,WST-8 assay,False,,True,False,False,,,,,False
DOEVCIHTTTYVCC-UHFFFAOYSA-N,Cc1ccc(NC(=O)NCc2ccc3c(c2)CN(C2CCC(=O)NC2=O)C3=O)cc1Cl,Cc1ccc(NC(=O)NCc2ccc3c(c2)CN(C2CCC(=O)NC2=O)C3=O)cc1Cl,undefined,mgdb,MG-74,MG-74,,,,nan,unknown,3,cellular_phenotype,MTS assay,False,,True,False,False,,,,,False
WGGGBWUFPMJXRU-UHFFFAOYSA-N,CCOC(=O)c1[nH]c2cc(Cl)ccc2c1C(C(=O)NC(C)(C)C)N(Cc1cc(F)c(F)c(F)c1)C(=O)CCCCC#Cc1cccc2c1CN(C1CCC(=O)NC1=O)C2=O,CCOC(=O)c1[nH]c2cc(Cl)ccc2c1C(C(=O)NC(C)(C)C)N(Cc1cc(F)c(F)c(F)c1)C(=O)CCCCC#Cc1cccc2c1CN(C1CCC(=O)NC1=O)C2=O,undefined,mgdb,MG-75,MG-75,,,,nan,unknown,3,cellular_phenotype,Alamar Blue assay,False,,True,False,False,,,,,True
CBLXNTADPMIPHX-VRBSPNJGSA-N,Cc1cc(Nc2ncc(Cl)c(Nc3ccccc3S(=O)(=O)C(C)C)n2)c(OC(C)C)cc1C1CCN(CC(=O)NCCNc2cccc3c2C(=O)N(C2CCC(=O)N(C(=O)OCCSSCCn4cc(CNC(=O)CC[C@H](NC(=O)c5ccc(NCc6cnc7nc(N)[nH]c(=O)c7n6)cc5)C(=O)O)nn4)C2=O)C3=O)CC1,Cc1cc(Nc2ncc(Cl)c(Nc3ccccc3S(=O)(=O)C(C)C)n2)c(OC(C)C)cc1C1CCN(CC(=O)NCCNc2cccc3c2C(=O)N(C2CCC(=O)N(C(=O)OCCSSCCn4cc(CNC(=O)CCC(NC(=O)c5ccc(NCc6cnc7nc(N)[nH]c(=O)c7n6)cc5)C(=O)O)nn4)C2=O)C3=O)CC1,defined,mgdb,MG-135,MG-135,,,,nan,unknown,3,cellular_phenotype,nan,False,,True,False,False,,,,,False
HDEPZSBUOBZGBO-QBHOUYDASA-N,Nc1nc2ncc(CNc3ccc(C(=O)N[C@@H](CCC(=O)NCc4cn(CCSSCCOC(=O)N5C(=O)CCC(N6C(=O)c7cccc(N)c7C6=O)C5=O)nn4)C(=O)O)cc3)nc2c(=O)[nH]1,Nc1nc2ncc(CNc3ccc(C(=O)NC(CCC(=O)NCc4cn(CCSSCCOC(=O)N5C(=O)CCC(N6C(=O)c7cccc(N)c7C6=O)C5=O)nn4)C(=O)O)cc3)nc2c(=O)[nH]1,defined,mgdb,MG-136,MG-136,,,,nan,unknown,3,cellular_phenotype,nan,False,,True,False,False,,,,,False
TUKOGRRZXNUJJD-XLTVJXRZSA-N,Nc1nc2ncc(CNc3ccc(C(=O)N[C@@H](CCC(=O)NCc4cn(CCCCCCOC(=O)N5C(=O)CCC(N6C(=O)c7cccc(N)c7C6=O)C5=O)nn4)C(=O)O)cc3)nc2c(=O)[nH]1,Nc1nc2ncc(CNc3ccc(C(=O)NC(CCC(=O)NCc4cn(CCCCCCOC(=O)N5C(=O)CCC(N6C(=O)c7cccc(N)c7C6=O)C5=O)nn4)C(=O)O)cc3)nc2c(=O)[nH]1,defined,mgdb,MG-137,MG-137,,,,nan,unknown,3,cellular_phenotype,nan,False,,True,False,False,,,,,False
IPDADGHSASJAQL-LBLOELAQSA-N,Cc1cc(Nc2ncc(Cl)c(Nc3ccccc3S(=O)(=O)C(C)C)n2)c(OC(C)C)cc1C1CCN(CC(=O)NCCNc2cccc3c2C(=O)N(C2CCC(=O)N(C(=O)OCCCCCCn4cc(CNC(=O)CC[C@H](NC(=O)c5ccc(NCc6cnc7nc(N)[nH]c(=O)c7n6)cc5)C(=O)O)nn4)C2=O)C3=O)CC1,Cc1cc(Nc2ncc(Cl)c(Nc3ccccc3S(=O)(=O)C(C)C)n2)c(OC(C)C)cc1C1CCN(CC(=O)NCCNc2cccc3c2C(=O)N(C2CCC(=O)N(C(=O)OCCCCCCn4cc(CNC(=O)CCC(NC(=O)c5ccc(NCc6cnc7nc(N)[nH]c(=O)c7n6)cc5)C(=O)O)nn4)C2=O)C3=O)CC1,defined,mgdb,MG-138,MG-138,,,,nan,unknown,3,cellular_phenotype,nan,False,,True,False,False,,,,,False
DCJYQURCBHSFEP-UHFFFAOYSA-N,Nc1ncnc2c1c(-c1ccc(Oc3ccccc3)cc1)nn2C1CCCN(C(=O)CCCCCCCCNc2ccc3c(c2)C(=O)N(C2CCC(=O)NC2=O)C3=O)C1,Nc1ncnc2c1c(-c1ccc(Oc3ccccc3)cc1)nn2C1CCCN(C(=O)CCCCCCCCNc2ccc3c(c2)C(=O)N(C2CCC(=O)NC2=O)C3=O)C1,undefined,mgdb,MG-139,MG-139,,,P15170,GSPT1,unknown,3,cellular_phenotype,Western Blotting Assay,False,,True,False,False,,,,nan,True
DCJYQURCBHSFEP-OSRRZMJMSA-N,Nc1ncnc2c1c(-c1ccc(Oc3ccccc3)cc1)nn2[C@@H]1CCCN(C(=O)CCCCCCCCNc2ccc3c(c2)C(=O)N(C2CCC(=O)NC2=O)C3=O)C1,Nc1ncnc2c1c(-c1ccc(Oc3ccccc3)cc1)nn2C1CCCN(C(=O)CCCCCCCCNc2ccc3c(c2)C(=O)N(C2CCC(=O)NC2=O)C3=O)C1,defined,mgdb,MG-139,MG-139,,,P15170,GSPT1,unknown,3,cellular_phenotype,Western Blotting Assay,False,,True,False,False,,,,nan,False
GHSIIQYXUXRVJA-UHFFFAOYSA-N,O=C(COC(=O)CCN1C(=O)C2CC=CCC2C1=O)NCCc1ccc(F)cc1,O=C(COC(=O)CCN1C(=O)C2CC=CCC2C1=O)NCCc1ccc(F)cc1,undefined,mgdb,MG-792,MG-792,,,,AsCas12a-crDNMT1-3,unknown,3,cellular_phenotype,nan,False,,True,False,False,,,,,False
VMYTWPHQWYKERG-UHFFFAOYSA-N,COc1ccc(CCNC(=O)C(=O)NCC2OCCN2S(=O)(=O)c2ccc(OC)cc2)cc1,COc1ccc(CCNC(=O)C(=O)NCC2OCCN2S(=O)(=O)c2ccc(OC)cc2)cc1,undefined,mgdb,MG-793,MG-793,,,,nan,unknown,3,cellular_phenotype,MTT assay,False,,True,False,False,,,,,False
MDSIZRKJVDMQOQ-GORDUTHDSA-N,C/C(=C\COP(=O)(O)OP(=O)(O)O)CO,CC(=CCOP(=O)(O)OP(=O)(O)O)CO,defined,mgdb,MG-810,MG-810,,,,BTN2A1,unknown,3,cellular_phenotype,nan,False,,True,False,False,,,,,True
RPFYDENHBPRCTN-NRFANRHFSA-N,CC[C@@]1(O)C(=O)OCc2c1cc1n(c2=O)Cc2cc3cc4c(cc3nc2-1)OCO4,CCC1(O)C(=O)OCc2c1cc1n(c2=O)Cc2cc3cc4c(cc3nc2-1)OCO4,defined,mgdb,MG-201,MG-201,,,,DDX5,unknown,3,cellular_phenotype,Western Blotting Assay,False,,True,False,False,,,,,False
RPFYDENHBPRCTN-OAQYLSRUSA-N,CC[C@]1(O)C(=O)OCc2c1cc1n(c2=O)Cc2cc3cc4c(cc3nc2-1)OCO4,CCC1(O)C(=O)OCc2c1cc1n(c2=O)Cc2cc3cc4c(cc3nc2-1)OCO4,defined,mgdb,MG-201,MG-201,,,,DDX5,unknown,3,cellular_phenotype,Western Blotting Assay,False,,True,False,False,,,,,False
SDQJTWBNWQABLE-UHFFFAOYSA-N,O=c1[nH]c(=O)c2ccccc2[nH]1,O=c1[nH]c(=O)c2ccccc2[nH]1,none,mgdb,MG-788,MG-788,,,,nan,unknown,3,cellular_phenotype,MTT assay,False,,True,False,False,,,,,False
OZPCWWUKRLUQSS-UHFFFAOYSA-N,O=c1[nH]c(=O)c2[nH]c(Cl)nc2[nH]1,O=c1[nH]c(=O)c2[nH]c(Cl)nc2[nH]1,none,mgdb,MG-789,MG-789,,,,nan,unknown,3,cellular_phenotype,MTT assay,False,,True,False,False,,,,,False
WZUVPPKBWHMQCE-UHFFFAOYSA-N,Oc1cc2c(cc1O)C1c3ccc(O)c(O)c3OCC1(O)C2,Oc1cc2c(cc1O)C1c3ccc(O)c(O)c3OCC1(O)C2,undefined,mgdb,MG-790,MG-790,,,,nan,unknown,3,cellular_phenotype,MTT assay,False,,True,False,False,,,,,False
SCIFUGGHOXNSJC-UHFFFAOYSA-N,NC(=O)c1ccc(NC(=O)NCc2cccc(C(=O)Nc3ccc4c(c3)CNCC4)c2)cc1,NC(=O)c1ccc(NC(=O)NCc2cccc(C(=O)Nc3ccc4c(c3)CNCC4)c2)cc1,none,mgdb,MG-791,MG-791,,,,nan,unknown,3,cellular_phenotype,MTT assay,False,,True,False,False,,,,,False
KHAFPBAKIVPZNQ-RRBGEOAMSA-N,C=C1C[C@]2(C)[C@H]3CC=C4[C@@H]5CC(C)(C)CC[C@]5(C(=O)NCCNC(=O)Nc5ccc(OC)cc5)CC[C@@]4(C)[C@]3(C)CC[C@H]2C(C)(C)C1=O,C=C1CC2(C)C(CCC3(C)C2CC=C2C4CC(C)(C)CCC4(C(=O)NCCNC(=O)Nc4ccc(OC)cc4)CCC23C)C(C)(C)C1=O,defined,mgdb,MG-628,MG-628,,,O43175,PHGDH,unknown,3,cellular_phenotype,nan,False,,True,False,False,,,,nan,True
VSEPVBMLJTUUOX-OUKQBFOZSA-N,COc1ccc(C(=O)/C=C/C(=O)N2CCN(c3cc4c(cc3[N+](=O)[O-])-c3c(cnn3-c3ccc(C(=O)O)cc3)C(C)(C)O4)CC2)cc1,COc1ccc(C(=O)C=CC(=O)N2CCN(c3cc4c(cc3[N+](=O)[O-])-c3c(cnn3-c3ccc(C(=O)O)cc3)C(C)(C)O4)CC2)cc1,defined,mgdb,MG-630,MG-630,,,Q9H9Z2,LIN28A,unknown,3,cellular_phenotype,nan,False,,True,False,False,,,,inferred_from_TPD_literature,True
AZQGGAFHYOGHOF-UHFFFAOYSA-N,CC(NC(=O)Nc1ccc(C(C)(C)C)c(Cl)c1)c1ccc2nnn(C3CCC(=O)NC3=O)c(=O)c2c1,CC(NC(=O)Nc1ccc(C(C)(C)C)c(Cl)c1)c1ccc2nnn(C3CCC(=O)NC3=O)c(=O)c2c1,undefined,mgdb,MG-234,MG-234,,,,nan,unknown,3,cellular_phenotype,Cell viability assay,False,,True,False,False,,,,,True
FLLLYDIINYIHAU-UHFFFAOYSA-N,CN1CCN(Cc2ccc(CNc3cccc4c3CN(C)N(C3CCC(=O)NC3=O)C4=O)cc2)CC1,CN1CCN(Cc2ccc(CNc3cccc4c3CN(C)N(C3CCC(=O)NC3=O)C4=O)cc2)CC1,undefined,mgdb,MG-608,MG-608,,,Q13422,IKZF1,unknown,3,cellular_phenotype,nan,False,,True,False,False,,,,split_from_multi_target_string,False
MJACTWDJXKRKAV-UHFFFAOYSA-N,NCCSc1nc(NCc2ccc(-n3cccn3)cc2)c2[nH]nc(C3CCC3)c2n1,NCCSc1nc(NCc2ccc(-n3cccn3)cc2)c2[nH]nc(C3CCC3)c2n1,none,mgdb,MG-235,MG-235,,,,nan,unknown,3,cellular_phenotype,Immunoblotting,False,,True,False,False,,,,,False
BUNLELBHVDUDPW-UHFFFAOYSA-N,Cc1ccc(CNc2cccc3c2CN(C)N(C2CCC(=O)NC2=O)C3=O)cc1,Cc1ccc(CNc2cccc3c2CN(C)N(C2CCC(=O)NC2=O)C3=O)cc1,undefined,mgdb,MG-607,MG-607,,,Q13422,IKZF1,unknown,3,cellular_phenotype,nan,False,,True,False,False,,,,split_from_multi_target_string,False
JICHBFQDRLGJTM-UHFFFAOYSA-N,CN1Cc2c(NCc3ccc(CN4CCN(c5ccc(C#N)c(F)c5)CC4)cc3)cccc2C(=O)N1C1CCC(=O)NC1=O,CN1Cc2c(NCc3ccc(CN4CCN(c5ccc(C#N)c(F)c5)CC4)cc3)cccc2C(=O)N1C1CCC(=O)NC1=O,undefined,mgdb,MG-606,MG-606,,,Q13422,IKZF1,unknown,3,cellular_phenotype,nan,False,,True,False,False,,,,split_from_multi_target_string,False
MXJNMZBXMSTPNN-UHFFFAOYSA-N,CN1Cc2c(N)cccc2C(=O)N1C1CCC(=O)NC1=O,CN1Cc2c(N)cccc2C(=O)N1C1CCC(=O)NC1=O,undefined,mgdb,MG-605,MG-605,,,Q13422,IKZF1,unknown,3,cellular_phenotype,nan,False,,True,False,False,,,,split_from_multi_target_string,False
LCFRFBRMSLEXJL-UHFFFAOYSA-N,CCn1cnc2c(NCc3nc4cc(F)c(F)cc4[nH]3)nc(N3CCn4ncnc4C3)nc21,CCn1cnc2c(NCc3nc4cc(F)c(F)cc4[nH]3)nc(N3CCn4ncnc4C3)nc21,none,mgdb,MG-597,MG-597,,,O75909,CCNK,unknown,3,cellular_phenotype,nan,False,,True,False,False,,,,nan,True
UWWXQSPZCIHELE-UHFFFAOYSA-N,CCn1cnc2c(NCc3nc4ccc(F)c(F)c4[nH]3)nc(N3CCn4ncnc4C3)nc21,CCn1cnc2c(NCc3nc4ccc(F)c(F)c4[nH]3)nc(N3CCn4ncnc4C3)nc21,none,mgdb,MG-598,MG-598,,,O75909,CCNK,unknown,3,cellular_phenotype,nan,False,,True,False,False,,,,nan,True
BULCSZAPIUXBHD-ZDUSSCGKSA-N,CCn1cnc2c(NCc3nc4cc(Cl)c(Cl)cc4[nH]3)nc(N3CCN(C(=O)[C@H](C)NC(C)=O)CC3)nc21,CCn1cnc2c(NCc3nc4cc(Cl)c(Cl)cc4[nH]3)nc(N3CCN(C(=O)C(C)NC(C)=O)CC3)nc21,defined,mgdb,MG-595,MG-595,,,O75909,CCNK,unknown,3,cellular_phenotype,nan,False,,True,False,False,,,,nan,True
OTSBHVNFWKVPMY-UHFFFAOYSA-N,CCN(CC)CC(=O)N1CCN(c2nc(NCc3nc4cc(Cl)c(Cl)cc4[nH]3)c3ncn(CC)c3n2)CC1,CCN(CC)CC(=O)N1CCN(c2nc(NCc3nc4cc(Cl)c(Cl)cc4[nH]3)c3ncn(CC)c3n2)CC1,none,mgdb,MG-596,MG-596,,,O75909,CCNK,unknown,3,cellular_phenotype,nan,False,,True,False,False,,,,nan,True
WCFYBRFBSQVDAJ-UHFFFAOYSA-N,CCn1cnc2c(NCc3nc4cc(Cl)c(Cl)cc4[nH]3)nc(N3CCN(c4ccccn4)CC3)nc21,CCn1cnc2c(NCc3nc4cc(Cl)c(Cl)cc4[nH]3)nc(N3CCN(c4ccccn4)CC3)nc21,none,mgdb,MG-592,MG-592,,,O75909,CCNK,unknown,3,cellular_phenotype,nan,False,,True,False,False,,,,nan,True
VLLVMFQUBJOZGZ-UHFFFAOYSA-N,CCn1cnc2c(NCc3nc4cc(Cl)c(Cl)cc4[nH]3)nc(N3CCN(Cc4cccnc4)CC3)nc21,CCn1cnc2c(NCc3nc4cc(Cl)c(Cl)cc4[nH]3)nc(N3CCN(Cc4cccnc4)CC3)nc21,none,mgdb,MG-593,MG-593,,,O75909,CCNK,unknown,3,cellular_phenotype,nan,False,,True,False,False,,,,nan,False
VXKPZKMODQZJQW-UHFFFAOYSA-N,CCn1cnc2c(NCc3nc4cc(Cl)c(Cl)cc4[nH]3)nc(N3CCN(C(=O)CNC(C)=O)CC3)nc21,CCn1cnc2c(NCc3nc4cc(Cl)c(Cl)cc4[nH]3)nc(N3CCN(C(=O)CNC(C)=O)CC3)nc21,none,mgdb,MG-594,MG-594,,,O75909,CCNK,unknown,3,cellular_phenotype,nan,False,,True,False,False,,,,nan,True
HOCBJBNQIQQQGT-LJQANCHMSA-N,CC[C@H](CO)Nc1nc(NCc2ccc(-c3ccccn3)cc2)c2ncn(C(C)C)c2n1,CCC(CO)Nc1nc(NCc2ccc(-c3ccccn3)cc2)c2ncn(C(C)C)c2n1,defined,mgdb,MG-242,MG-242,,,,DDB1,unknown,3,cellular_phenotype,nan,False,,True,False,False,,,,,True
DOKAPKZMYDLVOE-UHFFFAOYSA-N,CCn1cnc2c(NCc3nc4cc(Cl)c(Cl)cc4[nH]3)nc(N3CCN(C(=O)c4ccccn4)CC3)nc21,CCn1cnc2c(NCc3nc4cc(Cl)c(Cl)cc4[nH]3)nc(N3CCN(C(=O)c4ccccn4)CC3)nc21,none,mgdb,MG-590,MG-590,,,O75909,CCNK,unknown,3,cellular_phenotype,nan,False,,True,False,False,,,,nan,True
YBLMOVNFRXJLNG-UHFFFAOYSA-N,CCn1cnc2c(NCc3nc4cc(Cl)c(Cl)cc4[nH]3)nc(N3CCN(C(=O)c4ccccc4)CC3)nc21,CCn1cnc2c(NCc3nc4cc(Cl)c(Cl)cc4[nH]3)nc(N3CCN(C(=O)c4ccccc4)CC3)nc21,none,mgdb,MG-591,MG-591,,,O75909,CCNK,unknown,3,cellular_phenotype,nan,False,,True,False,False,,,,nan,True
OMISHRJQMYQPMG-UHFFFAOYSA-N,O=C1CCC(N2Cc3cc(C4CCN(Cc5ccccc5)CC4)ccc3C2=O)C(=O)N1,O=C1CCC(N2Cc3cc(C4CCN(Cc5ccccc5)CC4)ccc3C2=O)C(=O)N1,undefined,mgdb,MG-291,MG-291,,,Q9UKS7,IKZF2,unknown,3,cellular_phenotype,Cellular CRBN NanoBRET engagement assay for binding potency and CellTiter-Glo assay for antiproliferative effects.,False,,True,False,False,,,,split_from_multi_target_string,False
QEEBRPGZBVVINN-BMPKRDENSA-N,C[C@]12CC[C@H](O)C[C@H]1CC[C@@H]1[C@@H]2CC[C@]2(C)[C@@H](c3ccc(=O)oc3)CC[C@]12O,CC12CCC(O)CC1CCC1C2CCC2(C)C(c3ccc(=O)oc3)CCC12O,defined,mgdb,MG-293,MG-293,,,Q14209,E2F2,unknown,3,cellular_phenotype,CellTiter-glo assay,False,,True,False,False,,,,nan,True
LNWIXZLOAFMBSJ-JGHIERLTSA-N,CC(=O)OC[C@]12CC=C3[C@H](C[C@H]4O[C@]45CC=CC(=O)[C@]35C)[C@]1(O)CC[C@@]2(O)[C@@](C)(O)[C@@H]1CC(C)=C(C)C(=O)O1,CC(=O)OCC12CC=C3C(CC4OC45CC=CC(=O)C35C)C1(O)CCC2(O)C(C)(O)C1CC(C)=C(C)C(=O)O1,defined,mgdb,MG-294,MG-294,,,O60885,BRD4,unknown,3,cellular_phenotype,MTT Assay,False,,True,False,False,,,,nan,False
WPXBBDDWRXMCMP-UHFFFAOYSA-N,CCn1cnc2c(NCc3nc4cc(Cl)c(Cl)cc4[nH]3)nc(N3CCn4ncnc4C3)nc21,CCn1cnc2c(NCc3nc4cc(Cl)c(Cl)cc4[nH]3)nc(N3CCn4ncnc4C3)nc21,none,mgdb,MG-587,MG-587,,,O75909,CCNK,unknown,3,cellular_phenotype,nan,False,,True,False,False,,,,nan,True
AYZBOFHTISLWLL-UHFFFAOYSA-N,[B]c1cnc(NC(=O)c2ccc(NCCOCCOCCOCCOCCOCCNC(=O)CN3CCN(c4ccc(Nc5ncc6c(C)c(C(C)=O)c(=O)n(C7CCCC7)c6n5)nc4)CC3)cc2C)s1,[B]c1cnc(NC(=O)c2ccc(NCCOCCOCCOCCOCCOCCNC(=O)CN3CCN(c4ccc(Nc5ncc6c(C)c(C(C)=O)c(=O)n(C7CCCC7)c6n5)nc4)CC3)cc2C)s1,none,mgdb,MG-6632,MG-6632,,,P11802,CDK4,unknown,3,cellular_phenotype,nan,False,,True,False,False,,,,split_from_multi_target_string,False
JSWBXZYYWIVMGS-UHFFFAOYSA-N,CC(=O)c1c(C)c2cnc(Nc3ccc(N4CCN(CC(=O)NCCOCCOCCOCCOCCOCCNc5ccc(C(=O)Nc6ncc(Cl)s6)c(C)c5)CC4)cn3)nc2n(C2CCCC2)c1=O,CC(=O)c1c(C)c2cnc(Nc3ccc(N4CCN(CC(=O)NCCOCCOCCOCCOCCOCCNc5ccc(C(=O)Nc6ncc(Cl)s6)c(C)c5)CC4)cn3)nc2n(C2CCCC2)c1=O,none,mgdb,MG-6633,MG-6633,,,P11802,CDK4,unknown,3,cellular_phenotype,nan,False,,True,False,False,,,,split_from_multi_target_string,False
CNAZAPAVCQERRY-UHFFFAOYSA-N,CC(=O)c1c(C)c2cnc(Nc3ccc(N4CCN(CC(=O)NCCOCCOCCOCCOCCOCCNc5ccc(C(=O)Nc6ncc(C(C)C)s6)c(C)c5)CC4)cn3)nc2n(C2CCCC2)c1=O,CC(=O)c1c(C)c2cnc(Nc3ccc(N4CCN(CC(=O)NCCOCCOCCOCCOCCOCCNc5ccc(C(=O)Nc6ncc(C(C)C)s6)c(C)c5)CC4)cn3)nc2n(C2CCCC2)c1=O,none,mgdb,MG-6634,MG-6634,,,P11802,CDK4,unknown,3,cellular_phenotype,nan,False,,True,False,False,,,,split_from_multi_target_string,False
CEDRWRTUYYLFAH-UHFFFAOYSA-N,CC(=O)c1c(C)c2cnc(Nc3ccc(N4CCN(CC(=O)NCCOCCOCCOCCOCCOCCNC(=O)c5ccc(C(=O)Nc6ncc(C)s6)c(C)c5)CC4)cn3)nc2n(C2CCCC2)c1=O,CC(=O)c1c(C)c2cnc(Nc3ccc(N4CCN(CC(=O)NCCOCCOCCOCCOCCOCCNC(=O)c5ccc(C(=O)Nc6ncc(C)s6)c(C)c5)CC4)cn3)nc2n(C2CCCC2)c1=O,none,mgdb,MG-6636,MG-6636,,,P11802,CDK4,unknown,3,cellular_phenotype,nan,False,,True,False,False,,,,split_from_multi_target_string,False
YCKQFGBEMIPWHZ-UHFFFAOYSA-N,CC(=O)c1c(C)c2cnc(Nc3ccc(N4CCN(CC(=O)NCCCCCNC(=O)c5ccc(C(=O)Nc6ncc(C)s6)c(C)c5)CC4)cn3)nc2n(C2CCCC2)c1=O,CC(=O)c1c(C)c2cnc(Nc3ccc(N4CCN(CC(=O)NCCCCCNC(=O)c5ccc(C(=O)Nc6ncc(C)s6)c(C)c5)CC4)cn3)nc2n(C2CCCC2)c1=O,none,mgdb,MG-6637,MG-6637,,,P11802,CDK4,unknown,3,cellular_phenotype,nan,False,,True,False,False,,,,split_from_multi_target_string,False
XNHVPZBMAGJYKT-UHFFFAOYSA-N,CC(=O)c1c(C)c2cnc(Nc3ccc(N4CCN(CC(=O)NCCOCCOCCNC(=O)c5ccc(C(=O)Nc6ncc(C)s6)c(C)c5)CC4)cn3)nc2n(C2CCCC2)c1=O,CC(=O)c1c(C)c2cnc(Nc3ccc(N4CCN(CC(=O)NCCOCCOCCNC(=O)c5ccc(C(=O)Nc6ncc(C)s6)c(C)c5)CC4)cn3)nc2n(C2CCCC2)c1=O,none,mgdb,MG-6638,MG-6638,,,P11802,CDK4,unknown,3,cellular_phenotype,nan,False,,True,False,False,,,,split_from_multi_target_string,False
QOGWNJJVOSZAFL-UHFFFAOYSA-N,CC(=O)c1c(C)c2cnc(Nc3ccc(N4CCN(CC(=O)NCCOCCOCCOCCNC(=O)c5ccc(C(=O)Nc6ncc(C)s6)c(C)c5)CC4)cn3)nc2n(C2CCCC2)c1=O,CC(=O)c1c(C)c2cnc(Nc3ccc(N4CCN(CC(=O)NCCOCCOCCOCCNC(=O)c5ccc(C(=O)Nc6ncc(C)s6)c(C)c5)CC4)cn3)nc2n(C2CCCC2)c1=O,none,mgdb,MG-6639,MG-6639,,,P11802,CDK4,unknown,3,cellular_phenotype,nan,False,,True,False,False,,,,split_from_multi_target_string,False
OJSIMAXAUPKJAY-UHFFFAOYSA-N,CC(=O)c1c(C)c2cnc(Nc3ccc(N4CCN(CC(=O)NCCOCCOCCOCCOCCOCCNc5ccc(C(=O)Nc6ncc(-c7ccccc7)s6)c(C)c5)CC4)cn3)nc2n(C2CCCC2)c1=O,CC(=O)c1c(C)c2cnc(Nc3ccc(N4CCN(CC(=O)NCCOCCOCCOCCOCCOCCNc5ccc(C(=O)Nc6ncc(-c7ccccc7)s6)c(C)c5)CC4)cn3)nc2n(C2CCCC2)c1=O,none,mgdb,MG-6631,MG-6631,,,P11802,CDK4,unknown,3,cellular_phenotype,nan,False,,True,False,False,,,,split_from_multi_target_string,False
ZVLPVVJFNLTAJS-UHFFFAOYSA-N,CC(=O)c1c(C)c2cnc(Nc3ccc(N4CCN(CC(=O)NCCOCCOCCOCCOCCNC(=O)CNc5ccc(C(=O)Nc6ncc(C)s6)c(C)c5)CC4)cn3)nc2n(C2CCCC2)c1=O,CC(=O)c1c(C)c2cnc(Nc3ccc(N4CCN(CC(=O)NCCOCCOCCOCCOCCNC(=O)CNc5ccc(C(=O)Nc6ncc(C)s6)c(C)c5)CC4)cn3)nc2n(C2CCCC2)c1=O,none,mgdb,MG-6641,MG-6641,,,P11802,CDK4,unknown,3,cellular_phenotype,nan,False,,True,False,False,,,,split_from_multi_target_string,False
IQPOGMAKMCKZSK-UHFFFAOYSA-N,CC(=O)c1c(C)c2cnc(Nc3ccc(N4CCN(CC(=O)NCCOCCOCCOCCOCCOCCNC(=O)CNc5ccc(C(=O)Nc6ncc(C)s6)c(C)c5)CC4)cn3)nc2n(C2CCCC2)c1=O,CC(=O)c1c(C)c2cnc(Nc3ccc(N4CCN(CC(=O)NCCOCCOCCOCCOCCOCCNC(=O)CNc5ccc(C(=O)Nc6ncc(C)s6)c(C)c5)CC4)cn3)nc2n(C2CCCC2)c1=O,none,mgdb,MG-6642,MG-6642,,,P11802,CDK4,unknown,3,cellular_phenotype,nan,False,,True,False,False,,,,split_from_multi_target_string,False
CHMYCCLUBIHTAP-UHFFFAOYSA-N,CC(=O)c1c(C)c2cnc(Nc3ccc(N4CCN(CC(=O)NCCCCCCCNC(=O)CNc5ccc(C(=O)Nc6ncc(C)s6)c(C)c5)CC4)cn3)nc2n(C2CCCC2)c1=O,CC(=O)c1c(C)c2cnc(Nc3ccc(N4CCN(CC(=O)NCCCCCCCNC(=O)CNc5ccc(C(=O)Nc6ncc(C)s6)c(C)c5)CC4)cn3)nc2n(C2CCCC2)c1=O,none,mgdb,MG-6643,MG-6643,,,P11802,CDK4,unknown,3,cellular_phenotype,nan,False,,True,False,False,,,,split_from_multi_target_string,False
AKILEUXNRBRINP-UHFFFAOYSA-N,CC(=O)c1c(C)c2cnc(Nc3ccc(N4CCN(CC(=O)NCCOCCOCCNCC(=O)Nc5ccc(C(=O)Nc6ncc(C)s6)c(C)c5)CC4)cn3)nc2n(C2CCCC2)c1=O,CC(=O)c1c(C)c2cnc(Nc3ccc(N4CCN(CC(=O)NCCOCCOCCNCC(=O)Nc5ccc(C(=O)Nc6ncc(C)s6)c(C)c5)CC4)cn3)nc2n(C2CCCC2)c1=O,none,mgdb,MG-6645,MG-6645,,,P11802,CDK4,unknown,3,cellular_phenotype,nan,False,,True,False,False,,,,split_from_multi_target_string,False
XCZAECRQULOUNE-UHFFFAOYSA-N,CC(=O)c1c(C)c2cnc(Nc3ccc(N4CCN(CC(=O)NCCOCCOCCOCCOCCOCCNc5ccc(C(=O)Nc6nc(-c7ccccc7)cs6)c(C)c5)CC4)cn3)nc2n(C2CCCC2)c1=O,CC(=O)c1c(C)c2cnc(Nc3ccc(N4CCN(CC(=O)NCCOCCOCCOCCOCCOCCNc5ccc(C(=O)Nc6nc(-c7ccccc7)cs6)c(C)c5)CC4)cn3)nc2n(C2CCCC2)c1=O,none,mgdb,MG-6635,MG-6635,,,P11802,CDK4,unknown,3,cellular_phenotype,nan,False,,True,False,False,,,,split_from_multi_target_string,False
XKWNMYYCYCUEPC-UHFFFAOYSA-N,CC(=O)c1c(C)c2cnc(Nc3ncc(N4CCN(CC(=O)NCCOCCOCCOCCOCCOCCNC(=O)COc5ccc(C(=O)Nc6ncc(C)s6)c(C)c5)CC4)cn3)nc2n(C2CCCC2)c1=O,CC(=O)c1c(C)c2cnc(Nc3ncc(N4CCN(CC(=O)NCCOCCOCCOCCOCCOCCNC(=O)COc5ccc(C(=O)Nc6ncc(C)s6)c(C)c5)CC4)cn3)nc2n(C2CCCC2)c1=O,none,mgdb,MG-6647,MG-6647,,,P11802,CDK4,unknown,3,cellular_phenotype,nan,False,,True,False,False,,,,split_from_multi_target_string,False
LOGKPUAQJUFUSI-UHFFFAOYSA-N,CC(=O)c1c(C)c2cnc(Nc3ccc(N4CCN(CC(=O)NCCOCCOCCOCCOCCOCCNc5ccc(C(=O)Nc6ccc(C)cc6)c(C)c5)CC4)cn3)nc2n(C2CCCC2)c1=O,CC(=O)c1c(C)c2cnc(Nc3ccc(N4CCN(CC(=O)NCCOCCOCCOCCOCCOCCNc5ccc(C(=O)Nc6ccc(C)cc6)c(C)c5)CC4)cn3)nc2n(C2CCCC2)c1=O,none,mgdb,MG-6653,MG-6653,,,P11802,CDK4,unknown,3,cellular_phenotype,nan,False,,True,False,False,,,,split_from_multi_target_string,False
XAOJZXXTXMWEAA-UHFFFAOYSA-N,CC(=O)c1c(C)c2cnc(Nc3ccc(N4CCN(CC(=O)NCCOCCOCCOCCOCCOCCNc5ccc(C(=O)Nc6ccc(C)cn6)c(C)c5)CC4)cn3)nc2n(C2CCCC2)c1=O,CC(=O)c1c(C)c2cnc(Nc3ccc(N4CCN(CC(=O)NCCOCCOCCOCCOCCOCCNc5ccc(C(=O)Nc6ccc(C)cn6)c(C)c5)CC4)cn3)nc2n(C2CCCC2)c1=O,none,mgdb,MG-6654,MG-6654,,,P11802,CDK4,unknown,3,cellular_phenotype,nan,False,,True,False,False,,,,split_from_multi_target_string,False
YXIONOKCFUBXOO-UHFFFAOYSA-N,CC(=O)c1c(C)c2cnc(Nc3ccc(N4CCN(CC(=O)NCCOCCOCCOCCOCCOCCNc5ccc(C(=O)Nc6ncc(F)s6)c(C)c5)CC4)cn3)nc2n(C2CCCC2)c1=O,CC(=O)c1c(C)c2cnc(Nc3ccc(N4CCN(CC(=O)NCCOCCOCCOCCOCCOCCNc5ccc(C(=O)Nc6ncc(F)s6)c(C)c5)CC4)cn3)nc2n(C2CCCC2)c1=O,none,mgdb,MG-6656,MG-6656,,,P11802,CDK4,unknown,3,cellular_phenotype,nan,False,,True,False,False,,,,split_from_multi_target_string,False
XNRNWIKERQHICU-UHFFFAOYSA-N,CC(=O)c1c(C)c2cnc(Nc3ccc(N4CCN(CC(=O)NCCOCCOCCOCCOCCNC(=O)c5ccc(C(=O)Nc6ncc(C)s6)c(C)c5)CC4)cn3)nc2n(C2CCCC2)c1=O,CC(=O)c1c(C)c2cnc(Nc3ccc(N4CCN(CC(=O)NCCOCCOCCOCCOCCNC(=O)c5ccc(C(=O)Nc6ncc(C)s6)c(C)c5)CC4)cn3)nc2n(C2CCCC2)c1=O,none,mgdb,MG-6640,MG-6640,,,P11802,CDK4,unknown,3,cellular_phenotype,nan,False,,True,False,False,,,,split_from_multi_target_string,False
HNDZCUXEDWWDSE-UHFFFAOYSA-N,COc1cnc(NC(=O)c2ccc(NCCCOCCOCCOCCOCCCNC(=O)CN3CCN(c4ccc(Nc5ncc6c(C)c(C(C)=O)c(=O)n(C7CCCC7)c6n5)nc4)CC3)cc2C)s1,COc1cnc(NC(=O)c2ccc(NCCCOCCOCCOCCOCCCNC(=O)CN3CCN(c4ccc(Nc5ncc6c(C)c(C(C)=O)c(=O)n(C7CCCC7)c6n5)nc4)CC3)cc2C)s1,none,mgdb,MG-6658,MG-6658,,,P11802,CDK4,unknown,3,cellular_phenotype,nan,False,,True,False,False,,,,split_from_multi_target_string,False
SNKGUMMAVHGNBH-UHFFFAOYSA-N,CC(=O)c1c(C)c2cnc(Nc3ccc(N4CCN(CC(=O)NCCOCCOCCOCCOCCOCCNc5ccc(C(=O)Nc6nc(C)c(C)s6)c(C)c5)CC4)cn3)nc2n(C2CCCC2)c1=O,CC(=O)c1c(C)c2cnc(Nc3ccc(N4CCN(CC(=O)NCCOCCOCCOCCOCCOCCNc5ccc(C(=O)Nc6nc(C)c(C)s6)c(C)c5)CC4)cn3)nc2n(C2CCCC2)c1=O,none,mgdb,MG-6659,MG-6659,,,P11802,CDK4,unknown,3,cellular_phenotype,nan,False,,True,False,False,,,,split_from_multi_target_string,False
HVZWNPMNBZKTCX-UHFFFAOYSA-N,COC(=O)c1cnc(NC(=O)c2ccc(NCCCOCCOCCOCCOCCOCCNC(=O)CN3CCN(c4ccc(Nc5ncc6c(C)c(C(C)=O)c(=O)n(C7CCCC7)c6n5)nc4)CC3)cc2C)s1,COC(=O)c1cnc(NC(=O)c2ccc(NCCCOCCOCCOCCOCCOCCNC(=O)CN3CCN(c4ccc(Nc5ncc6c(C)c(C(C)=O)c(=O)n(C7CCCC7)c6n5)nc4)CC3)cc2C)s1,none,mgdb,MG-6660,MG-6660,,,P11802,CDK4,unknown,3,cellular_phenotype,nan,False,,True,False,False,,,,split_from_multi_target_string,False
LBDNAEMQZHSLLZ-UHFFFAOYSA-N,COC(=O)c1nc(NC(=O)c2ccc(NCCOCCOCCOCCOCCOCCNC(=O)CN3CCN(c4ccc(Nc5ncc6c(C)c(C(C)=O)c(=O)n(C7CCCC7)c6n5)nc4)CC3)cc2C)sc1C,COC(=O)c1nc(NC(=O)c2ccc(NCCOCCOCCOCCOCCOCCNC(=O)CN3CCN(c4ccc(Nc5ncc6c(C)c(C(C)=O)c(=O)n(C7CCCC7)c6n5)nc4)CC3)cc2C)sc1C,none,mgdb,MG-6661,MG-6661,,,P11802,CDK4,unknown,3,cellular_phenotype,nan,False,,True,False,False,,,,split_from_multi_target_string,False
KVSARFKSPNRFOC-UHFFFAOYSA-N,CC(=O)c1c(C)c2cnc(Nc3ccc(N4CCN(CC(=O)NCCOCCOCCOCCNC(=O)CNc5ccc(C(=O)Nc6ncc(C)s6)c(C)c5)CC4)cn3)nc2n(C2CCCC2)c1=O,CC(=O)c1c(C)c2cnc(Nc3ccc(N4CCN(CC(=O)NCCOCCOCCOCCNC(=O)CNc5ccc(C(=O)Nc6ncc(C)s6)c(C)c5)CC4)cn3)nc2n(C2CCCC2)c1=O,none,mgdb,MG-6646,MG-6646,,,P11802,CDK4,unknown,3,cellular_phenotype,nan,False,,True,False,False,,,,split_from_multi_target_string,False
IPDFQQLHBVVJBP-UHFFFAOYSA-N,CC(=O)c1c(C)c2cnc(Nc3ccc(N4CCN(CC(=O)NCCCCCCCCCNC(=O)CNc5ccc(C(=O)Nc6ncc(C)s6)c(C)c5)CC4)cn3)nc2n(C2CCCC2)c1=O,CC(=O)c1c(C)c2cnc(Nc3ccc(N4CCN(CC(=O)NCCCCCCCCCNC(=O)CNc5ccc(C(=O)Nc6ncc(C)s6)c(C)c5)CC4)cn3)nc2n(C2CCCC2)c1=O,none,mgdb,MG-6663,MG-6663,,,P11802,CDK4,unknown,3,cellular_phenotype,nan,False,,True,False,False,,,,split_from_multi_target_string,False
AWZICWFZULOUGN-UHFFFAOYSA-N,CC(=O)c1c(C)c2cnc(Nc3ccc(N4CCN(CC(=O)NCCCCCNC(=O)COc5ccc(C(=O)Nc6ncc(C)s6)c(C)c5)CC4)cn3)nc2n(C2CCCC2)c1=O,CC(=O)c1c(C)c2cnc(Nc3ccc(N4CCN(CC(=O)NCCCCCNC(=O)COc5ccc(C(=O)Nc6ncc(C)s6)c(C)c5)CC4)cn3)nc2n(C2CCCC2)c1=O,none,mgdb,MG-6664,MG-6664,,,P11802,CDK4,unknown,3,cellular_phenotype,nan,False,,True,False,False,,,,split_from_multi_target_string,False
NYJYCRRUCDKVRM-UHFFFAOYSA-N,CC(=O)c1c(C)c2cnc(Nc3ccc(N4CCN(CC(=O)NCCCCCCCNC(=O)COc5ccc(C(=O)Nc6ncc(C)s6)c(C)c5)CC4)cn3)nc2n(C2CCCC2)c1=O,CC(=O)c1c(C)c2cnc(Nc3ccc(N4CCN(CC(=O)NCCCCCCCNC(=O)COc5ccc(C(=O)Nc6ncc(C)s6)c(C)c5)CC4)cn3)nc2n(C2CCCC2)c1=O,none,mgdb,MG-6665,MG-6665,,,P11802,CDK4,unknown,3,cellular_phenotype,nan,False,,True,False,False,,,,split_from_multi_target_string,False
RUUUFHDFRNLCKX-UHFFFAOYSA-N,CC(=O)c1c(C)c2cnc(Nc3ccc(N4CCN(CC(=O)NCCCCCCCCCNC(=O)COc5ccc(C(=O)Nc6ncc(C)s6)c(C)c5)CC4)cn3)nc2n(C2CCCC2)c1=O,CC(=O)c1c(C)c2cnc(Nc3ccc(N4CCN(CC(=O)NCCCCCCCCCNC(=O)COc5ccc(C(=O)Nc6ncc(C)s6)c(C)c5)CC4)cn3)nc2n(C2CCCC2)c1=O,none,mgdb,MG-6666,MG-6666,,,P11802,CDK4,unknown,3,cellular_phenotype,nan,False,,True,False,False,,,,split_from_multi_target_string,False
PHHDJHOCOFTYHU-UHFFFAOYSA-N,CC(=O)c1c(C)c2cnc(Nc3ccc(N4CCN(CC(=O)NCCOCCOCCNC(=O)COc5ccc(C(=O)Nc6ncc(C)s6)c(C)c5)CC4)cn3)nc2n(C2CCCC2)c1=O,CC(=O)c1c(C)c2cnc(Nc3ccc(N4CCN(CC(=O)NCCOCCOCCNC(=O)COc5ccc(C(=O)Nc6ncc(C)s6)c(C)c5)CC4)cn3)nc2n(C2CCCC2)c1=O,none,mgdb,MG-6667,MG-6667,,,P11802,CDK4,unknown,3,cellular_phenotype,nan,False,,True,False,False,,,,split_from_multi_target_string,False
JNKGBPDYLBCPNB-UHFFFAOYSA-N,CC(=O)c1c(C)c2cnc(Nc3ccc(N4CCN(CC(=O)NCCOCCOCCOCCOCCOCCNc5ccc(C(=O)Nc6ncc(C7CC7)s6)c(C)c5)CC4)cn3)nc2n(C2CCCC2)c1=O,CC(=O)c1c(C)c2cnc(Nc3ccc(N4CCN(CC(=O)NCCOCCOCCOCCOCCOCCNc5ccc(C(=O)Nc6ncc(C7CC7)s6)c(C)c5)CC4)cn3)nc2n(C2CCCC2)c1=O,none,mgdb,MG-6657,MG-6657,,,P11802,CDK4,unknown,3,cellular_phenotype,nan,False,,True,False,False,,,,split_from_multi_target_string,False
BXGADLBJFHVEBO-UHFFFAOYSA-N,CC(=O)c1c(C)c2cnc(Nc3ccc(N4CCN(CC(=O)NCCOCCOCCOCCOCCNC(=O)COc5ccc(C(=O)Nc6ncc(C)s6)c(C)c5)CC4)cn3)nc2n(C2CCCC2)c1=O,CC(=O)c1c(C)c2cnc(Nc3ccc(N4CCN(CC(=O)NCCOCCOCCOCCOCCNC(=O)COc5ccc(C(=O)Nc6ncc(C)s6)c(C)c5)CC4)cn3)nc2n(C2CCCC2)c1=O,none,mgdb,MG-6669,MG-6669,,,P11802,CDK4,unknown,3,cellular_phenotype,nan,False,,True,False,False,,,,split_from_multi_target_string,False
DCDHUBCPDJIMQG-UHFFFAOYSA-N,CC(=O)c1c(C)c2cnc(N(C)c3ccc(N4CCN(CC(=O)NCCOCCOCCOCCOCCOCCNc5ccc(C(=O)Nc6ncc(C)s6)c(C)c5)CC4)cn3)nc2n(C2CCCC2)c1=O,CC(=O)c1c(C)c2cnc(N(C)c3ccc(N4CCN(CC(=O)NCCOCCOCCOCCOCCOCCNc5ccc(C(=O)Nc6ncc(C)s6)c(C)c5)CC4)cn3)nc2n(C2CCCC2)c1=O,none,mgdb,MG-6670,MG-6670,,,P11802,CDK4,unknown,3,cellular_phenotype,nan,False,,True,False,False,,,,split_from_multi_target_string,False
MJYRMXACGWDDBX-UHFFFAOYSA-N,CC(=O)c1c(C)c2cnc(Nc3ccc(N4CCN(CC(=O)NCCOCCOCCOCCOCCOCCNc5ccc(C(=O)Nc6nc(C(C)C)c(C)s6)c(C)c5)CC4)cn3)nc2n(C2CCCC2)c1=O,CC(=O)c1c(C)c2cnc(Nc3ccc(N4CCN(CC(=O)NCCOCCOCCOCCOCCOCCNc5ccc(C(=O)Nc6nc(C(C)C)c(C)s6)c(C)c5)CC4)cn3)nc2n(C2CCCC2)c1=O,none,mgdb,MG-6671,MG-6671,,,P11802,CDK4,unknown,3,cellular_phenotype,nan,False,,True,False,False,,,,split_from_multi_target_string,False
XGHIIDQCXGHAPT-UHFFFAOYSA-N,CC(=O)c1c(C)c2cnc(Nc3ccc(N4CCN(CC(=O)NCCOCCOCCOCCOCCOCCNc5ccc(C(=O)Nc6nc(Br)c(C)s6)c(C)c5)CC4)cn3)nc2n(C2CCCC2)c1=O,CC(=O)c1c(C)c2cnc(Nc3ccc(N4CCN(CC(=O)NCCOCCOCCOCCOCCOCCNc5ccc(C(=O)Nc6nc(Br)c(C)s6)c(C)c5)CC4)cn3)nc2n(C2CCCC2)c1=O,none,mgdb,MG-6672,MG-6672,,,P11802,CDK4,unknown,3,cellular_phenotype,nan,False,,True,False,False,,,,split_from_multi_target_string,False
YLKPFJWLEMIXBU-UHFFFAOYSA-N,CC(=O)c1c(C)c2cnc(Nc3ccc(N4CCN(CC(=O)NCCOCCOCCOCCOCCOCCNc5ccc(C(=O)Nc6nc(-c7ccccc7)c(C)s6)c(C)c5)CC4)cn3)nc2n(C2CCCC2)c1=O,CC(=O)c1c(C)c2cnc(Nc3ccc(N4CCN(CC(=O)NCCOCCOCCOCCOCCOCCNc5ccc(C(=O)Nc6nc(-c7ccccc7)c(C)s6)c(C)c5)CC4)cn3)nc2n(C2CCCC2)c1=O,none,mgdb,MG-6662,MG-6662,,,P11802,CDK4,unknown,3,cellular_phenotype,nan,False,,True,False,False,,,,split_from_multi_target_string,False
IYBHLDGFWZCCSD-UHFFFAOYSA-N,CC(=O)c1c(C)c2cnc(Nc3ccc(N4CCN(CC(=O)NCCOCCOCCOCCOCCOCCNc5ccc(C(=O)Nc6nc(C7CC7)c(C)s6)c(C)c5)CC4)cn3)nc2n(C2CCCC2)c1=O,CC(=O)c1c(C)c2cnc(Nc3ccc(N4CCN(CC(=O)NCCOCCOCCOCCOCCOCCNc5ccc(C(=O)Nc6nc(C7CC7)c(C)s6)c(C)c5)CC4)cn3)nc2n(C2CCCC2)c1=O,none,mgdb,MG-6674,MG-6674,,,P11802,CDK4,unknown,3,cellular_phenotype,nan,False,,True,False,False,,,,split_from_multi_target_string,False
KSLOKXSKBNOGOU-UHFFFAOYSA-N,CCc1nc(NC(=O)c2ccc(NCCOCCOCCOCCOCCOCCNC(=O)CN3CCN(c4ccc(Nc5ncc6c(C)c(C(C)=O)c(=O)n(C7CCC(C)C7)c6n5)nc4)CC3)cc2C)sc1C,CCc1nc(NC(=O)c2ccc(NCCOCCOCCOCCOCCOCCNC(=O)CN3CCN(c4ccc(Nc5ncc6c(C)c(C(C)=O)c(=O)n(C7CCC(C)C7)c6n5)nc4)CC3)cc2C)sc1C,undefined,mgdb,MG-6675,MG-6675,,,P11802,CDK4,unknown,3,cellular_phenotype,nan,False,,True,False,False,,,,split_from_multi_target_string,False
RVNUSWFUVZXGEQ-UHFFFAOYSA-N,CC(=O)c1c(C)c2cnc(Nc3ccc(N4CCN(CC(=O)NCCCCCCCNC(=O)c5ccc(C(=O)Nc6ncc(C)s6)c(C)c5)CC4)cn3)nc2n(C2CCCC2)c1=O,CC(=O)c1c(C)c2cnc(Nc3ccc(N4CCN(CC(=O)NCCCCCCCNC(=O)c5ccc(C(=O)Nc6ncc(C)s6)c(C)c5)CC4)cn3)nc2n(C2CCCC2)c1=O,none,mgdb,MG-6676,MG-6676,,,P11802,CDK4,unknown,3,cellular_phenotype,nan,False,,True,False,False,,,,split_from_multi_target_string,False
IMZOPOYGZLBDQW-UHFFFAOYSA-N,CC(=O)c1c(C)c2cnc(N(C)c3ccc(N4CCN(CC(=O)NCCOCCOCCOCCOCCOCCNc5ccc(C(=O)Nc6nc(C)c(C)s6)c(C)c5)CC4)cn3)nc2n(C2CCCC2)c1=O,CC(=O)c1c(C)c2cnc(N(C)c3ccc(N4CCN(CC(=O)NCCOCCOCCOCCOCCOCCNc5ccc(C(=O)Nc6nc(C)c(C)s6)c(C)c5)CC4)cn3)nc2n(C2CCCC2)c1=O,none,mgdb,MG-6677,MG-6677,,,P11802,CDK4,unknown,3,cellular_phenotype,nan,False,,True,False,False,,,,split_from_multi_target_string,False
DWIIOVJOBACVKG-UHFFFAOYSA-N,CC(=O)c1c(C)c2cnc(Nc3ccc(N4CCN(CC(=O)NCCOCCOCCOCCNC(=O)COc5ccc(C(=O)Nc6ncc(C)s6)c(C)c5)CC4)cn3)nc2n(C2CCCC2)c1=O,CC(=O)c1c(C)c2cnc(Nc3ccc(N4CCN(CC(=O)NCCOCCOCCOCCNC(=O)COc5ccc(C(=O)Nc6ncc(C)s6)c(C)c5)CC4)cn3)nc2n(C2CCCC2)c1=O,none,mgdb,MG-6668,MG-6668,,,P11802,CDK4,unknown,3,cellular_phenotype,nan,False,,True,False,False,,,,split_from_multi_target_string,False
TUHMKIAGLGSMFH-UHFFFAOYSA-N,CC(=O)c1c(C)c2cnc(Nc3ccc(N4CCN(CC(=O)NCCOCCOCCC(=O)Nc5ccccc5C(=O)Nc5cc(C)n(C)n5)CC4)cn3)nc2n(C2CCCC2)c1=O,CC(=O)c1c(C)c2cnc(Nc3ccc(N4CCN(CC(=O)NCCOCCOCCC(=O)Nc5ccccc5C(=O)Nc5cc(C)n(C)n5)CC4)cn3)nc2n(C2CCCC2)c1=O,none,mgdb,MG-6680,MG-6680,,,P11802,CDK4,unknown,3,cellular_phenotype,nan,False,,True,False,False,,,,split_from_multi_target_string,False
VLRZGUICBIQSEJ-UHFFFAOYSA-N,CC(=O)c1c(C)c2cnc(Nc3ccc(N4CCN(CC(=O)NCCOCCOCCC(=O)Nc5ccccc5C(=O)Nc5ccccn5)CC4)cn3)nc2n(C2CCCC2)c1=O,CC(=O)c1c(C)c2cnc(Nc3ccc(N4CCN(CC(=O)NCCOCCOCCC(=O)Nc5ccccc5C(=O)Nc5ccccn5)CC4)cn3)nc2n(C2CCCC2)c1=O,none,mgdb,MG-6681,MG-6681,,,P11802,CDK4,unknown,3,cellular_phenotype,nan,False,,True,False,False,,,,split_from_multi_target_string,False
NTUPQORPEFPHDR-UHFFFAOYSA-N,CC(=O)c1c(C)c2cnc(Nc3ccc(N4CCN(CC(=O)NCCOCCOCCC(=O)Nc5ccccc5C(=O)Nc5cnc(C)cn5)CC4)cn3)nc2n(C2CCCC2)c1=O,CC(=O)c1c(C)c2cnc(Nc3ccc(N4CCN(CC(=O)NCCOCCOCCC(=O)Nc5ccccc5C(=O)Nc5cnc(C)cn5)CC4)cn3)nc2n(C2CCCC2)c1=O,none,mgdb,MG-6682,MG-6682,,,P11802,CDK4,unknown,3,cellular_phenotype,nan,False,,True,False,False,,,,split_from_multi_target_string,False
OXCNYWONVHMLED-UHFFFAOYSA-N,CC(=O)c1c(C)c2cnc(Nc3ccc(N4CCN(CC(=O)NCCOCCOCCC(=O)Nc5ccccc5C(=O)Nc5ncc(C)cn5)CC4)cn3)nc2n(C2CCCC2)c1=O,CC(=O)c1c(C)c2cnc(Nc3ccc(N4CCN(CC(=O)NCCOCCOCCC(=O)Nc5ccccc5C(=O)Nc5ncc(C)cn5)CC4)cn3)nc2n(C2CCCC2)c1=O,none,mgdb,MG-6683,MG-6683,,,P11802,CDK4,unknown,3,cellular_phenotype,nan,False,,True,False,False,,,,split_from_multi_target_string,False
OSIWCVKDTSHXKN-UHFFFAOYSA-N,CC(=O)c1c(C)c2cnc(Nc3ccc(N4CCN(CC(=O)NCCOCCOCCC(=O)Nc5ccccc5C(=O)Nc5ccc(C)nn5)CC4)cn3)nc2n(C2CCCC2)c1=O,CC(=O)c1c(C)c2cnc(Nc3ccc(N4CCN(CC(=O)NCCOCCOCCC(=O)Nc5ccccc5C(=O)Nc5ccc(C)nn5)CC4)cn3)nc2n(C2CCCC2)c1=O,none,mgdb,MG-6684,MG-6684,,,P11802,CDK4,unknown,3,cellular_phenotype,nan,False,,True,False,False,,,,split_from_multi_target_string,False
KXBSTBIVBZCLAG-UHFFFAOYSA-N,CC(=O)c1nc(NC(=O)c2ccc(NCCOCCOCCOCCOCCOCCNC(=O)CN3CCN(c4ccc(Nc5ncc6c(C)c(C(C)=O)c(=O)n(C7CCCC7)c6n5)nc4)CC3)cc2C)sc1C,CC(=O)c1nc(NC(=O)c2ccc(NCCOCCOCCOCCOCCOCCNC(=O)CN3CCN(c4ccc(Nc5ncc6c(C)c(C(C)=O)c(=O)n(C7CCCC7)c6n5)nc4)CC3)cc2C)sc1C,none,mgdb,MG-6673,MG-6673,,,P11802,CDK4,unknown,3,cellular_phenotype,nan,False,,True,False,False,,,,split_from_multi_target_string,False
BRMHATSSYRSLPZ-UHFFFAOYSA-N,CC(=O)c1c(C)c2cnc(Nc3ccc(N4CCN(CC(=O)NCCOCCOCCC(=O)Nc5ccccc5C(=O)Nc5nc(C)ns5)CC4)cn3)nc2n(C2CCCC2)c1=O,CC(=O)c1c(C)c2cnc(Nc3ccc(N4CCN(CC(=O)NCCOCCOCCC(=O)Nc5ccccc5C(=O)Nc5nc(C)ns5)CC4)cn3)nc2n(C2CCCC2)c1=O,none,mgdb,MG-6686,MG-6686,,,P11802,CDK4,unknown,3,cellular_phenotype,nan,False,,True,False,False,,,,split_from_multi_target_string,False
WGKCFBYEPOFNQP-UHFFFAOYSA-N,CC(=O)c1c(C)c2cnc(Nc3ccc(N4CCN(CC(=O)NCCOCCOCCC(=O)Nc5ccccc5C(=O)Nc5nc(C6CC6)ns5)CC4)cn3)nc2n(C2CCCC2)c1=O,CC(=O)c1c(C)c2cnc(Nc3ccc(N4CCN(CC(=O)NCCOCCOCCC(=O)Nc5ccccc5C(=O)Nc5nc(C6CC6)ns5)CC4)cn3)nc2n(C2CCCC2)c1=O,none,mgdb,MG-6687,MG-6687,,,P11802,CDK4,unknown,3,cellular_phenotype,nan,False,,True,False,False,,,,split_from_multi_target_string,False
PBEJTVFPGFUTTK-UHFFFAOYSA-N,CC(=O)c1c(C)c2cnc(Nc3ccc(N4CCN(CC(=O)NCCOCCOCCC(=O)Nc5ccccc5C(=O)Nc5ccc(C)nc5)CC4)cn3)nc2n(C2CCCC2)c1=O,CC(=O)c1c(C)c2cnc(Nc3ccc(N4CCN(CC(=O)NCCOCCOCCC(=O)Nc5ccccc5C(=O)Nc5ccc(C)nc5)CC4)cn3)nc2n(C2CCCC2)c1=O,none,mgdb,MG-6688,MG-6688,,,P11802,CDK4,unknown,3,cellular_phenotype,nan,False,,True,False,False,,,,split_from_multi_target_string,False
YCGXUJCREYXLLJ-UHFFFAOYSA-N,CC(=O)c1c(C)c2cnc(Nc3ccc(N4CCN(CC(=O)NCCOCCOCCC(=O)Nc5ncccc5C(=O)Nc5ccc(C)cn5)CC4)cn3)nc2n(C2CCCC2)c1=O,CC(=O)c1c(C)c2cnc(Nc3ccc(N4CCN(CC(=O)NCCOCCOCCC(=O)Nc5ncccc5C(=O)Nc5ccc(C)cn5)CC4)cn3)nc2n(C2CCCC2)c1=O,none,mgdb,MG-6689,MG-6689,,,P11802,CDK4,unknown,3,cellular_phenotype,nan,False,,True,False,False,,,,split_from_multi_target_string,False
OTKDLDYSTMNANO-UHFFFAOYSA-N,CC(=O)c1c(C)c2cnc(Nc3ccc(N4CCN(CC(=O)NCCOCCOCCOCCOCCOCCNc5ccc(C(=O)Nc6cc(C)n(C)n6)c(C)c5)CC4)cn3)nc2n(C2CCCC2)c1=O,CC(=O)c1c(C)c2cnc(Nc3ccc(N4CCN(CC(=O)NCCOCCOCCOCCOCCOCCNc5ccc(C(=O)Nc6cc(C)n(C)n6)c(C)c5)CC4)cn3)nc2n(C2CCCC2)c1=O,none,mgdb,MG-6678,MG-6678,,,P11802,CDK4,unknown,3,cellular_phenotype,nan,False,,True,False,False,,,,split_from_multi_target_string,False
XPIBDQBNRZVERU-UHFFFAOYSA-N,CC(=O)c1c(C)c2cnc(Nc3ccc(N4CCN(CC(=O)NCCOCCOCCC(=O)Nc5ccccc5C(=O)Nc5cn(C)cn5)CC4)cn3)nc2n(C2CCCC2)c1=O,CC(=O)c1c(C)c2cnc(Nc3ccc(N4CCN(CC(=O)NCCOCCOCCC(=O)Nc5ccccc5C(=O)Nc5cn(C)cn5)CC4)cn3)nc2n(C2CCCC2)c1=O,none,mgdb,MG-6691,MG-6691,,,P11802,CDK4,unknown,3,cellular_phenotype,nan,False,,True,False,False,,,,split_from_multi_target_string,False
SQMNHEWYIWSXPR-UHFFFAOYSA-N,CC(=O)c1c(C)c2cnc(Nc3ccc(N4CCN(CC(=O)NCCOCCOCCC(=O)Nc5c(F)cccc5C(=O)Nc5ncc(C)[nH]5)CC4)cn3)nc2n(C2CCCC2)c1=O,CC(=O)c1c(C)c2cnc(Nc3ccc(N4CCN(CC(=O)NCCOCCOCCC(=O)Nc5c(F)cccc5C(=O)Nc5ncc(C)[nH]5)CC4)cn3)nc2n(C2CCCC2)c1=O,none,mgdb,MG-6692,MG-6692,,,P11802,CDK4,unknown,3,cellular_phenotype,nan,False,,True,False,False,,,,split_from_multi_target_string,False
KQZNEZYLVJGYOG-UHFFFAOYSA-N,CC(=O)c1c(C)c2cnc(Nc3ccc(N4CCN(CC(=O)NCCOCCOCCC(=O)Nc5ccccc5C(=O)Nc5ccc(C)s5)CC4)cn3)nc2n(C2CCC(C)C2)c1=O,CC(=O)c1c(C)c2cnc(Nc3ccc(N4CCN(CC(=O)NCCOCCOCCC(=O)Nc5ccccc5C(=O)Nc5ccc(C)s5)CC4)cn3)nc2n(C2CCC(C)C2)c1=O,undefined,mgdb,MG-6693,MG-6693,,,P11802,CDK4,unknown,3,cellular_phenotype,nan,False,,True,False,False,,,,split_from_multi_target_string,False
LQJAJODRDUVAHE-UHFFFAOYSA-N,CC(=O)c1c(C)c2cnc(Nc3ccc(N4CCN(CC(=O)NCCOCCOCCC(=O)Nc5ccccc5C(=O)Nc5ncc(C)o5)CC4)cn3)nc2n(C2CCCC2)c1=O,CC(=O)c1c(C)c2cnc(Nc3ccc(N4CCN(CC(=O)NCCOCCOCCC(=O)Nc5ccccc5C(=O)Nc5ncc(C)o5)CC4)cn3)nc2n(C2CCCC2)c1=O,none,mgdb,MG-6694,MG-6694,,,P11802,CDK4,unknown,3,cellular_phenotype,nan,False,,True,False,False,,,,split_from_multi_target_string,False
INSNGVRXZKHDGR-UHFFFAOYSA-N,CC(=O)c1c(C)c2cnc(Nc3ccc(N4CCN(CC(=O)NCCOCCOCCC(=O)Nc5ccccc5C(=O)Nc5nc(C6CC6)c(C)s5)CC4)cn3)nc2n(C2CCCC2)c1=O,CC(=O)c1c(C)c2cnc(Nc3ccc(N4CCN(CC(=O)NCCOCCOCCC(=O)Nc5ccccc5C(=O)Nc5nc(C6CC6)c(C)s5)CC4)cn3)nc2n(C2CCCC2)c1=O,none,mgdb,MG-6685,MG-6685,,,P11802,CDK4,unknown,3,cellular_phenotype,nan,False,,True,False,False,,,,split_from_multi_target_string,False
RXHPRFXTTPZOEY-UHFFFAOYSA-N,CC(=O)c1c(C)c2cnc(Nc3ccc(N4CCN(CC(=O)NCCOCCOCCC(=O)Nc5ccccc5C(=O)Nc5ccn(C)n5)CC4)cn3)nc2n(C2CCCC2)c1=O,CC(=O)c1c(C)c2cnc(Nc3ccc(N4CCN(CC(=O)NCCOCCOCCC(=O)Nc5ccccc5C(=O)Nc5ccn(C)n5)CC4)cn3)nc2n(C2CCCC2)c1=O,none,mgdb,MG-6696,MG-6696,,,P11802,CDK4,unknown,3,cellular_phenotype,nan,False,,True,False,False,,,,split_from_multi_target_string,False
DZSUABROBXIMTR-UHFFFAOYSA-N,CC(=O)c1c(C)c2cnc(Nc3ccc(N4CCN(CC(=O)NCCOCCOCCC(=O)Nc5ccccc5C(=O)Nc5nc(C(C)C)c(C)s5)CC4)cn3)nc2n(C2CCCC2)c1=O,CC(=O)c1c(C)c2cnc(Nc3ccc(N4CCN(CC(=O)NCCOCCOCCC(=O)Nc5ccccc5C(=O)Nc5nc(C(C)C)c(C)s5)CC4)cn3)nc2n(C2CCCC2)c1=O,none,mgdb,MG-6698,MG-6698,,,P11802,CDK4,unknown,3,cellular_phenotype,nan,False,,True,False,False,,,,split_from_multi_target_string,False
YUTSFMIIWQUFET-UHFFFAOYSA-N,CC(=O)c1c(C)c2cnc(Nc3ccc(N4CCN(CC(=O)NCCOCCOCCC(=O)Nc5ccccc5C(=O)Nc5nc(Br)c(C)s5)CC4)cn3)nc2n(C2CCCC2)c1=O,CC(=O)c1c(C)c2cnc(Nc3ccc(N4CCN(CC(=O)NCCOCCOCCC(=O)Nc5ccccc5C(=O)Nc5nc(Br)c(C)s5)CC4)cn3)nc2n(C2CCCC2)c1=O,none,mgdb,MG-6699,MG-6699,,,P11802,CDK4,unknown,3,cellular_phenotype,nan,False,,True,False,False,,,,split_from_multi_target_string,False
SRKDHYRWBMAJQH-UHFFFAOYSA-N,CC(=O)c1c(C)c2cnc(Nc3ccc(N4CCN(CC(=O)NCCOCCOCCC(=O)Nc5ccccc5C(=O)Nc5nc(C6CCNCC6)c(C)s5)CC4)cn3)nc2n(C2CCCC2)c1=O,CC(=O)c1c(C)c2cnc(Nc3ccc(N4CCN(CC(=O)NCCOCCOCCC(=O)Nc5ccccc5C(=O)Nc5nc(C6CCNCC6)c(C)s5)CC4)cn3)nc2n(C2CCCC2)c1=O,none,mgdb,MG-6700,MG-6700,,,P11802,CDK4,unknown,3,cellular_phenotype,nan,False,,True,False,False,,,,split_from_multi_target_string,False
AIDYGNCSNZRKKJ-UHFFFAOYSA-N,CC(=O)c1c(C)c2cnc(Nc3ccc(N4CCN(CC(=O)NCCOCCOCCC(=O)Nc5ccccc5C(=O)Nc5cc[nH]n5)CC4)cn3)nc2n(C2CCCC2)c1=O,CC(=O)c1c(C)c2cnc(Nc3ccc(N4CCN(CC(=O)NCCOCCOCCC(=O)Nc5ccccc5C(=O)Nc5cc[nH]n5)CC4)cn3)nc2n(C2CCCC2)c1=O,none,mgdb,MG-6701,MG-6701,,,P11802,CDK4,unknown,3,cellular_phenotype,nan,False,,True,False,False,,,,split_from_multi_target_string,False
ZVXIEHZIFPDQQE-UHFFFAOYSA-N,CC(=O)c1c(C)c2cnc(Nc3ccc(N4CCN(CC(=O)NCCOCCOCCC(=O)Nc5ccccc5C(=O)Nc5nc(C6CCOCC6)c(C)s5)CC4)cn3)nc2n(C2CCCC2)c1=O,CC(=O)c1c(C)c2cnc(Nc3ccc(N4CCN(CC(=O)NCCOCCOCCC(=O)Nc5ccccc5C(=O)Nc5nc(C6CCOCC6)c(C)s5)CC4)cn3)nc2n(C2CCCC2)c1=O,none,mgdb,MG-6690,MG-6690,,,P11802,CDK4,unknown,3,cellular_phenotype,nan,False,,True,False,False,,,,split_from_multi_target_string,False
VAGFOIQXPQVTPV-UHFFFAOYSA-N,CCc1nc(NC(=O)c2ccccc2NC(=O)CCOCCOCCNC(=O)CN2CCN(c3ccc(Nc4ncc5c(C)c(C(C)=O)c(=O)n(C6CCCC6)c5n4)nc3)CC2)sc1C,CCc1nc(NC(=O)c2ccccc2NC(=O)CCOCCOCCNC(=O)CN2CCN(c3ccc(Nc4ncc5c(C)c(C(C)=O)c(=O)n(C6CCCC6)c5n4)nc3)CC2)sc1C,none,mgdb,MG-6703,MG-6703,,,P11802,CDK4,unknown,3,cellular_phenotype,nan,False,,True,False,False,,,,split_from_multi_target_string,False
OFLXLTRWVWGHCE-UHFFFAOYSA-N,CC(=O)c1c(C)c2cnc(Nc3ccc(N4CCN(CC(=O)NCCOCCOCCC(=O)Nc5ccccc5C(=O)Nc5cc(C)n(C(C)C)n5)CC4)cn3)nc2n(C2CCCC2)c1=O,CC(=O)c1c(C)c2cnc(Nc3ccc(N4CCN(CC(=O)NCCOCCOCCC(=O)Nc5ccccc5C(=O)Nc5cc(C)n(C(C)C)n5)CC4)cn3)nc2n(C2CCCC2)c1=O,none,mgdb,MG-6704,MG-6704,,,P11802,CDK4,unknown,3,cellular_phenotype,nan,False,,True,False,False,,,,split_from_multi_target_string,False
GADSDHIJIMPQPF-UHFFFAOYSA-N,CC(=O)c1c(C)c2cnc(Nc3ccc(N4CCN(CC(=O)NCCOCCOCCC(=O)Nc5ccccc5C(=O)Nc5nc(C(F)(F)F)c(C)s5)CC4)cn3)nc2n(C2CCCC2)c1=O,CC(=O)c1c(C)c2cnc(Nc3ccc(N4CCN(CC(=O)NCCOCCOCCC(=O)Nc5ccccc5C(=O)Nc5nc(C(F)(F)F)c(C)s5)CC4)cn3)nc2n(C2CCCC2)c1=O,none,mgdb,MG-6705,MG-6705,,,P11802,CDK4,unknown,3,cellular_phenotype,nan,False,,True,False,False,,,,split_from_multi_target_string,False
IIKVZAKJJLQWJW-UHFFFAOYSA-N,CC(=O)c1c(C)c2cnc(Nc3ccc(N4CCN(CCCCCCCCCCNc5cccc(C(=O)Nc6nc(C)c(C)s6)c5C)CC4)cn3)nc2n(C2CCCC2)c1=O,CC(=O)c1c(C)c2cnc(Nc3ccc(N4CCN(CCCCCCCCCCNc5cccc(C(=O)Nc6nc(C)c(C)s6)c5C)CC4)cn3)nc2n(C2CCCC2)c1=O,none,mgdb,MG-6706,MG-6706,,,P11802,CDK4,unknown,3,cellular_phenotype,nan,False,,True,False,False,,,,split_from_multi_target_string,False
SBAHXFZOFKYFLF-UHFFFAOYSA-N,CC(=O)c1c(C)c2cnc(Nc3ccc(N4CCN(CC(=O)NCCOCCOCCNc5cccc(C(=O)Nc6cc(C)n(C)n6)c5C)CC4)cn3)nc2n(C2CCCC2)c1=O,CC(=O)c1c(C)c2cnc(Nc3ccc(N4CCN(CC(=O)NCCOCCOCCNc5cccc(C(=O)Nc6cc(C)n(C)n6)c5C)CC4)cn3)nc2n(C2CCCC2)c1=O,none,mgdb,MG-6695,MG-6695,,,P11802,CDK4,unknown,3,cellular_phenotype,nan,False,,True,False,False,,,,split_from_multi_target_string,False
NMQBNYTWVLUHBB-UHFFFAOYSA-N,CC(=O)c1c(C)c2cnc(Nc3ccc(N4CCN(CC(=O)NCCOCCOCCC(=O)Nc5ccccc5C(=O)Nc5nc(C6CCN(C)CC6)c(C)s5)CC4)cn3)nc2n(C2CCCC2)c1=O,CC(=O)c1c(C)c2cnc(Nc3ccc(N4CCN(CC(=O)NCCOCCOCCC(=O)Nc5ccccc5C(=O)Nc5nc(C6CCN(C)CC6)c(C)s5)CC4)cn3)nc2n(C2CCCC2)c1=O,none,mgdb,MG-6708,MG-6708,,,P11802,CDK4,unknown,3,cellular_phenotype,nan,False,,True,False,False,,,,split_from_multi_target_string,False
CONGRHDBQDEKFJ-UHFFFAOYSA-N,CC(=O)c1c(C)c2cnc(Nc3ccc(N4CCN(CC(=O)NCCOCCOCCC(=O)Nc5ccccc5C(=O)Nc5ccc(F)cn5)CC4)cn3)nc2n(C2CCCC2)c1=O,CC(=O)c1c(C)c2cnc(Nc3ccc(N4CCN(CC(=O)NCCOCCOCCC(=O)Nc5ccccc5C(=O)Nc5ccc(F)cn5)CC4)cn3)nc2n(C2CCCC2)c1=O,none,mgdb,MG-6709,MG-6709,,,P11802,CDK4,unknown,3,cellular_phenotype,nan,False,,True,False,False,,,,split_from_multi_target_string,False
ULJLYQCCVMWLSR-UHFFFAOYSA-N,CC(=O)c1c(C)c2cnc(Nc3ccc(N4CCN(CC(=O)NCCOCCOCCC(=O)Nc5ccccc5C(=O)Nc5ccc(Cl)cn5)CC4)cn3)nc2n(C2CCCC2)c1=O,CC(=O)c1c(C)c2cnc(Nc3ccc(N4CCN(CC(=O)NCCOCCOCCC(=O)Nc5ccccc5C(=O)Nc5ccc(Cl)cn5)CC4)cn3)nc2n(C2CCCC2)c1=O,none,mgdb,MG-6710,MG-6710,,,P11802,CDK4,unknown,3,cellular_phenotype,nan,False,,True,False,False,,,,split_from_multi_target_string,False
YQCWOHYMTYVFAC-UHFFFAOYSA-N,CC(=O)c1c(C)c2cnc(Nc3ccc(N4CCN(CC(=O)NCCOCCOCCC(=O)Nc5ccccc5C(=O)Nc5ccc(O)cn5)CC4)cn3)nc2n(C2CCCC2)c1=O,CC(=O)c1c(C)c2cnc(Nc3ccc(N4CCN(CC(=O)NCCOCCOCCC(=O)Nc5ccccc5C(=O)Nc5ccc(O)cn5)CC4)cn3)nc2n(C2CCCC2)c1=O,none,mgdb,MG-6711,MG-6711,,,P11802,CDK4,unknown,3,cellular_phenotype,nan,False,,True,False,False,,,,split_from_multi_target_string,False
HGIWLOLNMKYPRY-UHFFFAOYSA-N,CC(=O)c1c(C)c2cnc(Nc3ccc(N4CCN(CC(=O)NCCOCCOCCC(=O)Nc5ccccc5C(=O)Nc5cc(C)[nH]n5)CC4)cn3)nc2n(C2CCCC2)c1=O,CC(=O)c1c(C)c2cnc(Nc3ccc(N4CCN(CC(=O)NCCOCCOCCC(=O)Nc5ccccc5C(=O)Nc5cc(C)[nH]n5)CC4)cn3)nc2n(C2CCCC2)c1=O,none,mgdb,MG-6702,MG-6702,,,P11802,CDK4,unknown,3,cellular_phenotype,nan,False,,True,False,False,,,,split_from_multi_target_string,False
BELANKPRWGDGAW-UHFFFAOYSA-N,COc1ccc(NC(=O)c2ccccc2NC(=O)CCOCCOCCNC(=O)CN2CCN(c3ccc(Nc4ncc5c(C)c(C(C)=O)c(=O)n(C6CCCC6)c5n4)nc3)CC2)nn1,COc1ccc(NC(=O)c2ccccc2NC(=O)CCOCCOCCNC(=O)CN2CCN(c3ccc(Nc4ncc5c(C)c(C(C)=O)c(=O)n(C6CCCC6)c5n4)nc3)CC2)nn1,none,mgdb,MG-6713,MG-6713,,,P11802,CDK4,unknown,3,cellular_phenotype,nan,False,,True,False,False,,,,split_from_multi_target_string,False
VEGGCUAPVFJPBT-UHFFFAOYSA-N,CC(=O)c1c(C)c2cnc(Nc3ccc(N4CCN(CCNCCOCCOCCNc5cccc(C(=O)Nc6nc(C)c(C)o6)c5C)CC4)cn3)nc2n(C2CCCC2)c1=O,CC(=O)c1c(C)c2cnc(Nc3ccc(N4CCN(CCNCCOCCOCCNc5cccc(C(=O)Nc6nc(C)c(C)o6)c5C)CC4)cn3)nc2n(C2CCCC2)c1=O,none,mgdb,MG-6714,MG-6714,,,P11802,CDK4,unknown,3,cellular_phenotype,nan,False,,True,False,False,,,,split_from_multi_target_string,False
XQQDDTCOEIGZNO-UHFFFAOYSA-N,CC(=O)c1c(C)c2cnc(Nc3ccc(N4CCN(CC(=O)NCCCNc5ccc(C)c(C(=O)Nc6nc(C)c(C)s6)c5)CC4)cc3)nc2n(C2CCCC2)c1=O,CC(=O)c1c(C)c2cnc(Nc3ccc(N4CCN(CC(=O)NCCCNc5ccc(C)c(C(=O)Nc6nc(C)c(C)s6)c5)CC4)cc3)nc2n(C2CCCC2)c1=O,none,mgdb,MG-6715,MG-6715,,,P11802,CDK4,unknown,3,cellular_phenotype,nan,False,,True,False,False,,,,split_from_multi_target_string,False
LGVMDEHAPXRMSY-UHFFFAOYSA-N,CC(=O)c1c(C)c2cnc(Nc3ccc(N4CCN(CC(=O)NCCCCNc5ccc(C)c(C(=O)Nc6nc(C)c(C)s6)c5)CC4)cn3)nc2n(C2CCCC2)c1=O,CC(=O)c1c(C)c2cnc(Nc3ccc(N4CCN(CC(=O)NCCCCNc5ccc(C)c(C(=O)Nc6nc(C)c(C)s6)c5)CC4)cn3)nc2n(C2CCCC2)c1=O,none,mgdb,MG-6716,MG-6716,,,P11802,CDK4,unknown,3,cellular_phenotype,nan,False,,True,False,False,,,,split_from_multi_target_string,False
VLVGCPFHTZQVSK-UHFFFAOYSA-N,CC(=O)c1c(C)c2cnc(Nc3ccc(N4CCN(CC(=O)NCCOCCOCCNc5ccc(C)c(C(=O)Nc6nc(C)c(C)s6)c5)CC4)cn3)nc2n(C2CCCC2)c1=O,CC(=O)c1c(C)c2cnc(Nc3ccc(N4CCN(CC(=O)NCCOCCOCCNc5ccc(C)c(C(=O)Nc6nc(C)c(C)s6)c5)CC4)cn3)nc2n(C2CCCC2)c1=O,none,mgdb,MG-6717,MG-6717,,,P11802,CDK4,unknown,3,cellular_phenotype,nan,False,,True,False,False,,,,split_from_multi_target_string,False
VBJMENQKJBEBHY-UHFFFAOYSA-N,CC(=O)c1c(C)c2cnc(Nc3ccc(N4CCN(CC(=O)NCCOCCOCCC(=O)Nc5ccccc5C(=O)Nc5cc(C6CC6)n(C)n5)CC4)cn3)nc2n(C2CCCC2)c1=O,CC(=O)c1c(C)c2cnc(Nc3ccc(N4CCN(CC(=O)NCCOCCOCCC(=O)Nc5ccccc5C(=O)Nc5cc(C6CC6)n(C)n5)CC4)cn3)nc2n(C2CCCC2)c1=O,none,mgdb,MG-6707,MG-6707,,,P11802,CDK4,unknown,3,cellular_phenotype,nan,False,,True,False,False,,,,split_from_multi_target_string,False
HOCDUNMCSUARFD-UHFFFAOYSA-N,CC(=O)c1c(C)c2cnc(Nc3ccc(N4CCN(C(=O)CCNc5ccc(C)c(C(=O)Nc6nc(C)c(C)s6)c5)CC4)cn3)nc2n(C2CCCC2)c1=O,CC(=O)c1c(C)c2cnc(Nc3ccc(N4CCN(C(=O)CCNc5ccc(C)c(C(=O)Nc6nc(C)c(C)s6)c5)CC4)cn3)nc2n(C2CCCC2)c1=O,none,mgdb,MG-6719,MG-6719,,,P11802,CDK4,unknown,3,cellular_phenotype,nan,False,,True,False,False,,,,split_from_multi_target_string,False
AIKPNDIMSRCNBJ-UHFFFAOYSA-N,CC(=O)c1c(C)c2cnc(Nc3ccc(N4CCN(CC(=O)NCCNc5cccc(C(=O)Nc6nc(C)c(C)s6)c5C)CC4)cn3)nc2n(C2CCCC2)c1=O,CC(=O)c1c(C)c2cnc(Nc3ccc(N4CCN(CC(=O)NCCNc5cccc(C(=O)Nc6nc(C)c(C)s6)c5C)CC4)cn3)nc2n(C2CCCC2)c1=O,none,mgdb,MG-6720,MG-6720,,,P11802,CDK4,unknown,3,cellular_phenotype,nan,False,,True,False,False,,,,split_from_multi_target_string,False
UJLNPKHDJXRZEI-UHFFFAOYSA-N,CC(=O)c1c(C)c2cnc(Nc3ccc(N4CCN(CC(=O)NCCNc5ccc(C)c(C(=O)Nc6nc(C)c(C)s6)c5)CC4)cn3)nc2n(C2CCCC2)c1=O,CC(=O)c1c(C)c2cnc(Nc3ccc(N4CCN(CC(=O)NCCNc5ccc(C)c(C(=O)Nc6nc(C)c(C)s6)c5)CC4)cn3)nc2n(C2CCCC2)c1=O,none,mgdb,MG-6721,MG-6721,,,P11802,CDK4,unknown,3,cellular_phenotype,nan,False,,True,False,False,,,,split_from_multi_target_string,False
AYZSRJKBBCEQRQ-UHFFFAOYSA-N,CC(=O)c1c(C)c2cnc(Nc3ccc(N4CCN(CC(=O)NCCCCCCNc5ccc(C)c(C(=O)Nc6nc(C)c(C)s6)c5)CC4)cn3)nc2n(C2CCCC2)c1=O,CC(=O)c1c(C)c2cnc(Nc3ccc(N4CCN(CC(=O)NCCCCCCNc5ccc(C)c(C(=O)Nc6nc(C)c(C)s6)c5)CC4)cn3)nc2n(C2CCCC2)c1=O,none,mgdb,MG-6722,MG-6722,,,P11802,CDK4,unknown,3,cellular_phenotype,nan,False,,True,False,False,,,,split_from_multi_target_string,False
KAGVIJMUYACLBN-UHFFFAOYSA-N,CC(=O)c1c(C)c2cnc(Nc3ccc(N4CCN(CC(=O)NCCOCCOCCC(=O)Nc5ccccc5C(=O)Nc5ccc(C(F)(F)F)cn5)CC4)cn3)nc2n(C2CCCC2)c1=O,CC(=O)c1c(C)c2cnc(Nc3ccc(N4CCN(CC(=O)NCCOCCOCCC(=O)Nc5ccccc5C(=O)Nc5ccc(C(F)(F)F)cn5)CC4)cn3)nc2n(C2CCCC2)c1=O,none,mgdb,MG-6712,MG-6712,,,P11802,CDK4,unknown,3,cellular_phenotype,nan,False,,True,False,False,,,,split_from_multi_target_string,False
XWALEBGBXQLGRF-UHFFFAOYSA-N,CC(=O)c1c(C)c2cnc(Nc3ccc(N4CCN(CC(=O)NCCOCCNc5ccc(C)c(C(=O)Nc6nc(C)c(C)s6)c5)CC4)cc3)nc2n(C2CCCC2)c1=O,CC(=O)c1c(C)c2cnc(Nc3ccc(N4CCN(CC(=O)NCCOCCNc5ccc(C)c(C(=O)Nc6nc(C)c(C)s6)c5)CC4)cc3)nc2n(C2CCCC2)c1=O,none,mgdb,MG-6724,MG-6724,,,P11802,CDK4,unknown,3,cellular_phenotype,nan,False,,True,False,False,,,,split_from_multi_target_string,False
VFYJJOQAEICMCR-UHFFFAOYSA-N,CC(=O)c1c(C)c2cnc(Nc3ccc(N4CCN(CC(=O)NCCOCCOCCOCCOCCOCCNc5ccc(C)c(C(=O)Nc6nc(C)c(C)s6)c5)CC4)cc3)nc2n(C2CCCC2)c1=O,CC(=O)c1c(C)c2cnc(Nc3ccc(N4CCN(CC(=O)NCCOCCOCCOCCOCCOCCNc5ccc(C)c(C(=O)Nc6nc(C)c(C)s6)c5)CC4)cc3)nc2n(C2CCCC2)c1=O,none,mgdb,MG-6725,MG-6725,,,P11802,CDK4,unknown,3,cellular_phenotype,nan,False,,True,False,False,,,,split_from_multi_target_string,False
JTBUCPUBZJPTQS-UHFFFAOYSA-N,CC(=O)c1c(C)c2cnc(Nc3ccc(N4CCN(CC(=O)NCCCNc5cccc(C(=O)Nc6nc(C)c(C)s6)c5C)CC4)cn3)nc2n(C2CCCC2)c1=O,CC(=O)c1c(C)c2cnc(Nc3ccc(N4CCN(CC(=O)NCCCNc5cccc(C(=O)Nc6nc(C)c(C)s6)c5C)CC4)cn3)nc2n(C2CCCC2)c1=O,none,mgdb,MG-6726,MG-6726,,,P11802,CDK4,unknown,3,cellular_phenotype,nan,False,,True,False,False,,,,split_from_multi_target_string,False
RBQYYOCFKAKNAG-UHFFFAOYSA-N,CC(=O)c1c(C)c2cnc(Nc3ccc(N4CCN(CC(=O)NCCCCNc5cccc(C(=O)Nc6nc(C)c(C)s6)c5C)CC4)cn3)nc2n(C2CCCC2)c1=O,CC(=O)c1c(C)c2cnc(Nc3ccc(N4CCN(CC(=O)NCCCCNc5cccc(C(=O)Nc6nc(C)c(C)s6)c5C)CC4)cn3)nc2n(C2CCCC2)c1=O,none,mgdb,MG-6727,MG-6727,,,P11802,CDK4,unknown,3,cellular_phenotype,nan,False,,True,False,False,,,,split_from_multi_target_string,False
YPRPEYHJUNGESQ-UHFFFAOYSA-N,CC(=O)c1c(C)c2cnc(Nc3ccc(N4CCN(CC(=O)NCCCCCCCCNc5cccc(C(=O)Nc6nc(C)c(C)s6)c5C)CC4)cn3)nc2n(C2CCCC2)c1=O,CC(=O)c1c(C)c2cnc(Nc3ccc(N4CCN(CC(=O)NCCCCCCCCNc5cccc(C(=O)Nc6nc(C)c(C)s6)c5C)CC4)cn3)nc2n(C2CCCC2)c1=O,none,mgdb,MG-6718,MG-6718,,,P11802,CDK4,unknown,3,cellular_phenotype,nan,False,,True,False,False,,,,split_from_multi_target_string,False
OSDMFFDPYSSZGP-UHFFFAOYSA-N,CC(=O)c1c(C)c2cnc(Nc3ccc(N4CCN(CC(=O)NCCCCCCNc5cccc(C(=O)Nc6nc(C)c(C)s6)c5C)CC4)cc3)nc2n(C2CCCC2)c1=O,CC(=O)c1c(C)c2cnc(Nc3ccc(N4CCN(CC(=O)NCCCCCCNc5cccc(C(=O)Nc6nc(C)c(C)s6)c5C)CC4)cc3)nc2n(C2CCCC2)c1=O,none,mgdb,MG-6729,MG-6729,,,P11802,CDK4,unknown,3,cellular_phenotype,nan,False,,True,False,False,,,,split_from_multi_target_string,False
ROFKFFQOLASHJH-UHFFFAOYSA-N,CC(=O)c1c(C)c2cnc(Nc3ccc(N4CCN(CC(=O)NCCCCCCCCNc5cccc(C(=O)Nc6nc(C)c(C)s6)c5C)CC4)cc3)nc2n(C2CCCC2)c1=O,CC(=O)c1c(C)c2cnc(Nc3ccc(N4CCN(CC(=O)NCCCCCCCCNc5cccc(C(=O)Nc6nc(C)c(C)s6)c5C)CC4)cc3)nc2n(C2CCCC2)c1=O,none,mgdb,MG-6730,MG-6730,,,P11802,CDK4,unknown,3,cellular_phenotype,nan,False,,True,False,False,,,,split_from_multi_target_string,False
YWGNXKIAXBRFGF-UHFFFAOYSA-N,CC(=O)c1c(C)c2cnc(Nc3ccc(N4CCN(CC(=O)NCCOCCNc5cccc(C(=O)Nc6nc(C)c(C)s6)c5C)CC4)cc3)nc2n(C2CCCC2)c1=O,CC(=O)c1c(C)c2cnc(Nc3ccc(N4CCN(CC(=O)NCCOCCNc5cccc(C(=O)Nc6nc(C)c(C)s6)c5C)CC4)cc3)nc2n(C2CCCC2)c1=O,none,mgdb,MG-6731,MG-6731,,,P11802,CDK4,unknown,3,cellular_phenotype,nan,False,,True,False,False,,,,split_from_multi_target_string,False
RFJOWPHRUPOTTN-UHFFFAOYSA-N,CC(=O)c1c(C)c2cnc(Nc3ccc(N4CCN(CC(=O)NCCOCCOCCNc5cccc(C(=O)Nc6nc(C)c(C)s6)c5C)CC4)cn3)nc2n(C2CCCC2)c1=O,CC(=O)c1c(C)c2cnc(Nc3ccc(N4CCN(CC(=O)NCCOCCOCCNc5cccc(C(=O)Nc6nc(C)c(C)s6)c5C)CC4)cn3)nc2n(C2CCCC2)c1=O,none,mgdb,MG-6732,MG-6732,,,P11802,CDK4,unknown,3,cellular_phenotype,nan,False,,True,False,False,,,,split_from_multi_target_string,False
IRWCNMBAFNHFHN-UHFFFAOYSA-N,CC(=O)c1c(C)c2cnc(Nc3ccc(N4CCN(CC(=O)NCCOCCOCCOCCNc5cccc(C(=O)Nc6nc(C)c(C)s6)c5C)CC4)cc3)nc2n(C2CCCC2)c1=O,CC(=O)c1c(C)c2cnc(Nc3ccc(N4CCN(CC(=O)NCCOCCOCCOCCNc5cccc(C(=O)Nc6nc(C)c(C)s6)c5C)CC4)cc3)nc2n(C2CCCC2)c1=O,none,mgdb,MG-6733,MG-6733,,,P11802,CDK4,unknown,3,cellular_phenotype,nan,False,,True,False,False,,,,split_from_multi_target_string,False
KVFWLJXIFWPOKU-UHFFFAOYSA-N,CC(=O)c1c(C)c2cnc(Nc3ccc(N4CCN(CC(=O)NCCCCCCCCNc5ccc(C)c(C(=O)Nc6nc(C)c(C)s6)c5)CC4)cn3)nc2n(C2CCCC2)c1=O,CC(=O)c1c(C)c2cnc(Nc3ccc(N4CCN(CC(=O)NCCCCCCCCNc5ccc(C)c(C(=O)Nc6nc(C)c(C)s6)c5)CC4)cn3)nc2n(C2CCCC2)c1=O,none,mgdb,MG-6723,MG-6723,,,P11802,CDK4,unknown,3,cellular_phenotype,nan,False,,True,False,False,,,,split_from_multi_target_string,False
LRFJUCOPISEWSK-UHFFFAOYSA-N,CC(=O)c1c(C)c2cnc(Nc3ccc(N4CCN(CC(=O)NCCOCCOCCOCCOCCOCCNc5cccc(C(=O)Nc6nc(C)c(C)s6)c5C)CC4)nc3)nc2n(C2CCCC2)c1=O,CC(=O)c1c(C)c2cnc(Nc3ccc(N4CCN(CC(=O)NCCOCCOCCOCCOCCOCCNc5cccc(C(=O)Nc6nc(C)c(C)s6)c5C)CC4)nc3)nc2n(C2CCCC2)c1=O,none,mgdb,MG-6735,MG-6735,,,P11802,CDK4,unknown,3,cellular_phenotype,nan,False,,True,False,False,,,,split_from_multi_target_string,False
GMJYPXJYGONOQS-UHFFFAOYSA-N,CC(=O)c1c(C)c2cnc(Nc3ccc(N4CCN(C(=O)CCCCNc5ccc(C)c(C(=O)Nc6nc(C)c(C)s6)c5)CC4)cn3)nc2n(C2CCCC2)c1=O,CC(=O)c1c(C)c2cnc(Nc3ccc(N4CCN(C(=O)CCCCNc5ccc(C)c(C(=O)Nc6nc(C)c(C)s6)c5)CC4)cn3)nc2n(C2CCCC2)c1=O,none,mgdb,MG-6736,MG-6736,,,P11802,CDK4,unknown,3,cellular_phenotype,nan,False,,True,False,False,,,,split_from_multi_target_string,False
BOJJFEVAPJBHIN-UHFFFAOYSA-N,CC(=O)c1c(C)c2cnc(Nc3ccc(N4CCN(C(=O)CCOCCNc5ccc(C)c(C(=O)Nc6nc(C)c(C)s6)c5)CC4)cn3)nc2n(C2CCCC2)c1=O,CC(=O)c1c(C)c2cnc(Nc3ccc(N4CCN(C(=O)CCOCCNc5ccc(C)c(C(=O)Nc6nc(C)c(C)s6)c5)CC4)cn3)nc2n(C2CCCC2)c1=O,none,mgdb,MG-6738,MG-6738,,,P11802,CDK4,unknown,3,cellular_phenotype,nan,False,,True,False,False,,,,split_from_multi_target_string,False
XDDXYNYPXMWHAS-UHFFFAOYSA-N,CC(=O)c1c(C)c2cnc(Nc3ccc(N4CCN(C(=O)CCOCCOCCOCCNc5ccc(C)c(C(=O)Nc6nc(C)c(C)s6)c5)CC4)cc3)nc2n(C2CCCC2)c1=O,CC(=O)c1c(C)c2cnc(Nc3ccc(N4CCN(C(=O)CCOCCOCCOCCNc5ccc(C)c(C(=O)Nc6nc(C)c(C)s6)c5)CC4)cc3)nc2n(C2CCCC2)c1=O,none,mgdb,MG-6739,MG-6739,,,P11802,CDK4,unknown,3,cellular_phenotype,nan,False,,True,False,False,,,,split_from_multi_target_string,False
ARZXKERXHQHVIT-UHFFFAOYSA-N,CC(=O)c1c(C)c2cnc(Nc3ccc(N4CCN(CC(=O)NCCCCCNc5cccc(C(=O)Nc6nc(C)c(C)s6)c5C)CC4)cc3)nc2n(C2CCCC2)c1=O,CC(=O)c1c(C)c2cnc(Nc3ccc(N4CCN(CC(=O)NCCCCCNc5cccc(C(=O)Nc6nc(C)c(C)s6)c5C)CC4)cc3)nc2n(C2CCCC2)c1=O,none,mgdb,MG-6728,MG-6728,,,P11802,CDK4,unknown,3,cellular_phenotype,nan,False,,True,False,False,,,,split_from_multi_target_string,False
VFISSJCDGBNTPA-UHFFFAOYSA-N,CC(=O)c1c(C)c2cnc(Nc3ccc(N4CCN(CC(=O)NCCCCCCCCC(=O)Nc5ccccc5C(=O)Nc5nc(C)c(C)s5)CC4)cc3)nc2n(C2CCCC2)c1=O,CC(=O)c1c(C)c2cnc(Nc3ccc(N4CCN(CC(=O)NCCCCCCCCC(=O)Nc5ccccc5C(=O)Nc5nc(C)c(C)s5)CC4)cc3)nc2n(C2CCCC2)c1=O,none,mgdb,MG-6741,MG-6741,,,P11802,CDK4,unknown,3,cellular_phenotype,nan,False,,True,False,False,,,,split_from_multi_target_string,False
XTCPNXITTZPBKT-UHFFFAOYSA-N,CC(=O)c1c(C)c2cnc(Nc3ccc(N4CCN(CC(=O)NCCOCCOCCOCCC(=O)Nc5ccccc5C(=O)Nc5nc(C)c(C)s5)CC4)cc3)nc2n(C2CCCC2)c1=O,CC(=O)c1c(C)c2cnc(Nc3ccc(N4CCN(CC(=O)NCCOCCOCCOCCC(=O)Nc5ccccc5C(=O)Nc5nc(C)c(C)s5)CC4)cc3)nc2n(C2CCCC2)c1=O,none,mgdb,MG-6742,MG-6742,,,P11802,CDK4,unknown,3,cellular_phenotype,nan,False,,True,False,False,,,,split_from_multi_target_string,False
PMDXLHQINLJWPB-UHFFFAOYSA-N,CC(=O)c1c(C)c2cnc(Nc3ccc(N4CCN(CC(=O)NCCOCCOCCC(=O)Nc5ccccc5C(=O)Nc5nc(C)c(C)s5)CC4)cc3)nc2n(C2CCCC2)c1=O,CC(=O)c1c(C)c2cnc(Nc3ccc(N4CCN(CC(=O)NCCOCCOCCC(=O)Nc5ccccc5C(=O)Nc5nc(C)c(C)s5)CC4)cc3)nc2n(C2CCCC2)c1=O,none,mgdb,MG-6743,MG-6743,,,P11802,CDK4,unknown,3,cellular_phenotype,nan,False,,True,False,False,,,,split_from_multi_target_string,False
OFOSCUKHUWPBGW-UHFFFAOYSA-N,CC(=O)c1c(C)c2cnc(Nc3ccc(N4CCN(CC(=O)NCCCCCNc5ccc(C)c(C(=O)Nc6nc(C)c(C)s6)c5)CC4)cc3)nc2n(C2CCCC2)c1=O,CC(=O)c1c(C)c2cnc(Nc3ccc(N4CCN(CC(=O)NCCCCCNc5ccc(C)c(C(=O)Nc6nc(C)c(C)s6)c5)CC4)cc3)nc2n(C2CCCC2)c1=O,none,mgdb,MG-6744,MG-6744,,,P11802,CDK4,unknown,3,cellular_phenotype,nan,False,,True,False,False,,,,split_from_multi_target_string,False
CWFLOAYRKLZCQB-UHFFFAOYSA-N,CC(=O)c1c(C)c2cnc(Nc3ncc(N4CCN(CC(=O)NCCOCCOCCOCCOCCNc5cccc(C(=O)Nc6nc(C)c(C)s6)c5C)CC4)cn3)nc2n(C2CCCC2)c1=O,CC(=O)c1c(C)c2cnc(Nc3ncc(N4CCN(CC(=O)NCCOCCOCCOCCOCCNc5cccc(C(=O)Nc6nc(C)c(C)s6)c5C)CC4)cn3)nc2n(C2CCCC2)c1=O,none,mgdb,MG-6734,MG-6734,,,P11802,CDK4,unknown,3,cellular_phenotype,nan,False,,True,False,False,,,,split_from_multi_target_string,False
PUAZNAXGLOXFCA-UHFFFAOYSA-N,CC(=O)c1c(C)c2cnc(Nc3ccc(N4CCN(CC(=O)NCCOCCOCCOCCOCCNc5ccc(C)c(C(=O)Nc6nc(C)c(C)s6)c5)CC4)nc3)nc2n(C2CCCC2)c1=O,CC(=O)c1c(C)c2cnc(Nc3ccc(N4CCN(CC(=O)NCCOCCOCCOCCOCCNc5ccc(C)c(C(=O)Nc6nc(C)c(C)s6)c5)CC4)nc3)nc2n(C2CCCC2)c1=O,none,mgdb,MG-6746,MG-6746,,,P11802,CDK4,unknown,3,cellular_phenotype,nan,False,,True,False,False,,,,split_from_multi_target_string,False
WACYKPYUASHFAY-UHFFFAOYSA-N,Cc1ccc(NCCOCCOCCOCCOCCC(=O)N2CCN(c3cnc(Nc4ncc(C)c(C(=O)Nc5nc(C)c(C)s5)n4)nc3)CC2)cc1C(=O)Nc1nc(C)c(C)s1,Cc1ccc(NCCOCCOCCOCCOCCC(=O)N2CCN(c3cnc(Nc4ncc(C)c(C(=O)Nc5nc(C)c(C)s5)n4)nc3)CC2)cc1C(=O)Nc1nc(C)c(C)s1,none,mgdb,MG-6747,MG-6747,,,P11802,CDK4,unknown,3,cellular_phenotype,nan,False,,True,False,False,,,,split_from_multi_target_string,False
WLOXTBYAUGOGOX-UHFFFAOYSA-N,CC(=O)c1c(C)c2cnc(Nc3ccc(N4CCN(C(=O)CCOCCNc5cccc(C(=O)Nc6nc(C)c(C)s6)c5C)CC4)cn3)nc2n(C2CCCC2)c1=O,CC(=O)c1c(C)c2cnc(Nc3ccc(N4CCN(C(=O)CCOCCNc5cccc(C(=O)Nc6nc(C)c(C)s6)c5C)CC4)cn3)nc2n(C2CCCC2)c1=O,none,mgdb,MG-6748,MG-6748,,,P11802,CDK4,unknown,3,cellular_phenotype,nan,False,,True,False,False,,,,split_from_multi_target_string,False
HOQKVMQYKKPNOC-UHFFFAOYSA-N,CC(=O)c1c(C)c2cnc(Nc3ccc(N4CCN(C(=O)CCOCCOCCNc5cccc(C(=O)Nc6nc(C)c(C)s6)c5C)CC4)cc3)nc2n(C2CCCC2)c1=O,CC(=O)c1c(C)c2cnc(Nc3ccc(N4CCN(C(=O)CCOCCOCCNc5cccc(C(=O)Nc6nc(C)c(C)s6)c5C)CC4)cc3)nc2n(C2CCCC2)c1=O,none,mgdb,MG-6749,MG-6749,,,P11802,CDK4,unknown,3,cellular_phenotype,nan,False,,True,False,False,,,,split_from_multi_target_string,False
WCUQXQCQAMUWJQ-UHFFFAOYSA-N,CC(=O)c1c(C)c2cnc(Nc3ccc(N4CCN(C(=O)CCOCCOCCOCCNc5cccc(C(=O)Nc6nc(C)c(C)s6)c5C)CC4)cn3)nc2n(C2CCCC2)c1=O,CC(=O)c1c(C)c2cnc(Nc3ccc(N4CCN(C(=O)CCOCCOCCOCCNc5cccc(C(=O)Nc6nc(C)c(C)s6)c5C)CC4)cn3)nc2n(C2CCCC2)c1=O,none,mgdb,MG-6750,MG-6750,,,P11802,CDK4,unknown,3,cellular_phenotype,nan,False,,True,False,False,,,,split_from_multi_target_string,False
INESDLQRDTZSQW-UHFFFAOYSA-N,CC(=O)c1c(C)c2cnc(Nc3ccc(N4CCN(C(=O)CCNc5cccc(C(=O)Nc6nc(C)c(C)s6)c5C)CC4)cn3)nc2n(C2CCCC2)c1=O,CC(=O)c1c(C)c2cnc(Nc3ccc(N4CCN(C(=O)CCNc5cccc(C(=O)Nc6nc(C)c(C)s6)c5C)CC4)cn3)nc2n(C2CCCC2)c1=O,none,mgdb,MG-6740,MG-6740,,,P11802,CDK4,unknown,3,cellular_phenotype,nan,False,,True,False,False,,,,split_from_multi_target_string,False
SRKNEPZLPPFFCR-UHFFFAOYSA-N,CC(=O)c1c(C)c2cnc(Nc3ccc(N4CCN(C(=O)CNc5cccc(C(=O)Nc6nc(C)c(C)s6)c5C)CC4)cn3)nc2n(C2CCCC2)c1=O,CC(=O)c1c(C)c2cnc(Nc3ccc(N4CCN(C(=O)CNc5cccc(C(=O)Nc6nc(C)c(C)s6)c5C)CC4)cn3)nc2n(C2CCCC2)c1=O,none,mgdb,MG-6752,MG-6752,,,P11802,CDK4,unknown,3,cellular_phenotype,nan,False,,True,False,False,,,,split_from_multi_target_string,False
ICPTXGAFRAUIBT-UHFFFAOYSA-N,CC(=O)c1c(C)c2cnc(Nc3ccc(N4CCN(C(=O)CCCCCCCNc5cccc(C(=O)Nc6nc(C)c(C)s6)c5C)CC4)cn3)nc2n(C2CCCC2)c1=O,CC(=O)c1c(C)c2cnc(Nc3ccc(N4CCN(C(=O)CCCCCCCNc5cccc(C(=O)Nc6nc(C)c(C)s6)c5C)CC4)cn3)nc2n(C2CCCC2)c1=O,none,mgdb,MG-6753,MG-6753,,,P11802,CDK4,unknown,3,cellular_phenotype,nan,False,,True,False,False,,,,split_from_multi_target_string,False
HUIICGQLXOSQKD-UHFFFAOYSA-N,CC(=O)c1c(C)c2cnc(Nc3ccc(N4CCN(C(=O)CCOCCOCCOCCOCCOCCNc5cccc(C(=O)Nc6nc(C)c(C)s6)c5C)CC4)cc3)nc2n(C2CCCC2)c1=O,CC(=O)c1c(C)c2cnc(Nc3ccc(N4CCN(C(=O)CCOCCOCCOCCOCCOCCNc5cccc(C(=O)Nc6nc(C)c(C)s6)c5C)CC4)cc3)nc2n(C2CCCC2)c1=O,none,mgdb,MG-6754,MG-6754,,,P11802,CDK4,unknown,3,cellular_phenotype,nan,False,,True,False,False,,,,split_from_multi_target_string,False
PKOUSJJDMSCPIS-UHFFFAOYSA-N,CC(=O)c1c(C)c2cnc(Nc3ccc(N4CCN(CC(=O)NCCOCCOCCOCCNc5ccc(C)c(C(=O)Nc6nc(C)c(C)s6)c5)CC4)cc3)nc2n(C2CCCC2)c1=O,CC(=O)c1c(C)c2cnc(Nc3ccc(N4CCN(CC(=O)NCCOCCOCCOCCNc5ccc(C)c(C(=O)Nc6nc(C)c(C)s6)c5)CC4)cc3)nc2n(C2CCCC2)c1=O,none,mgdb,MG-6755,MG-6755,,,P11802,CDK4,unknown,3,cellular_phenotype,nan,False,,True,False,False,,,,split_from_multi_target_string,False
BHIQBSFKFIRMOK-UHFFFAOYSA-N,CC(=O)c1c(C)c2cnc(Nc3ccc(N4CCN(CC(=O)NCCCCCCCNc5ccc(C)c(C(=O)Nc6nc(C)c(C)s6)c5)CC4)cn3)nc2n(C2CCCC2)c1=O,CC(=O)c1c(C)c2cnc(Nc3ccc(N4CCN(CC(=O)NCCCCCCCNc5ccc(C)c(C(=O)Nc6nc(C)c(C)s6)c5)CC4)cn3)nc2n(C2CCCC2)c1=O,none,mgdb,MG-6745,MG-6745,,,P11802,CDK4,unknown,3,cellular_phenotype,nan,False,,True,False,False,,,,split_from_multi_target_string,False
JVYWKSIQXUDPEM-UHFFFAOYSA-N,CC(=O)c1c(C)c2cnc(Nc3ccc(N4CCN(C(=O)CCOCCOCCNc5ccc(C)c(C(=O)Nc6nc(C)c(C)s6)c5)CC4)cn3)nc2n(C2CCCC2)c1=O,CC(=O)c1c(C)c2cnc(Nc3ccc(N4CCN(C(=O)CCOCCOCCNc5ccc(C)c(C(=O)Nc6nc(C)c(C)s6)c5)CC4)cn3)nc2n(C2CCCC2)c1=O,none,mgdb,MG-6758,MG-6758,,,P11802,CDK4,unknown,3,cellular_phenotype,nan,False,,True,False,False,,,,split_from_multi_target_string,False
KAAMVWFUUVJHOC-UHFFFAOYSA-N,CC(=O)c1c(C)c2cnc(Nc3ccc(N4CCN(C(=O)CCOCCOCCOCCOCCOCCOCCNc5ccc(C)c(C(=O)Nc6nc(C)c(C)s6)c5)CC4)cc3)nc2n(C2CCCC2)c1=O,CC(=O)c1c(C)c2cnc(Nc3ccc(N4CCN(C(=O)CCOCCOCCOCCOCCOCCOCCNc5ccc(C)c(C(=O)Nc6nc(C)c(C)s6)c5)CC4)cc3)nc2n(C2CCCC2)c1=O,none,mgdb,MG-6759,MG-6759,,,P11802,CDK4,unknown,3,cellular_phenotype,nan,False,,True,False,False,,,,split_from_multi_target_string,False
YZLPLNLYGUPYMI-UHFFFAOYSA-N,CC(=O)c1c(C)c2cnc(Nc3ncc(N4CCN(CC(=O)NCCOCCOCCOCCOCCOCCOCCNc5ccc(C)c(C(=O)Nc6nc(C)c(C)s6)c5)CC4)cn3)nc2n(C2CCCC2)c1=O,CC(=O)c1c(C)c2cnc(Nc3ncc(N4CCN(CC(=O)NCCOCCOCCOCCOCCOCCOCCNc5ccc(C)c(C(=O)Nc6nc(C)c(C)s6)c5)CC4)cn3)nc2n(C2CCCC2)c1=O,none,mgdb,MG-6760,MG-6760,,,P11802,CDK4,unknown,3,cellular_phenotype,nan,False,,True,False,False,,,,split_from_multi_target_string,False
JEOUTCAFJRAJJM-UHFFFAOYSA-N,CC(=O)c1c(C)c2cnc(Nc3ccc(N4CCN(C(=O)CCOCCOCCOCCOCCOCCOCCNc5cccc(C(=O)Nc6nc(C)c(C)s6)c5C)CC4)cc3)nc2n(C2CCCC2)c1=O,CC(=O)c1c(C)c2cnc(Nc3ccc(N4CCN(C(=O)CCOCCOCCOCCOCCOCCOCCNc5cccc(C(=O)Nc6nc(C)c(C)s6)c5C)CC4)cc3)nc2n(C2CCCC2)c1=O,none,mgdb,MG-6761,MG-6761,,,P11802,CDK4,unknown,3,cellular_phenotype,nan,False,,True,False,False,,,,split_from_multi_target_string,False
ZCKCYHJOKZXEMI-UHFFFAOYSA-N,CC(=O)c1c(C)c2cnc(Nc3ccc(N4CCN(C(=O)CCOCCOCCOCCOCCNc5cccc(C(=O)Nc6nc(C)c(C)s6)c5C)CC4)cc3)nc2n(C2CCCC2)c1=O,CC(=O)c1c(C)c2cnc(Nc3ccc(N4CCN(C(=O)CCOCCOCCOCCOCCNc5cccc(C(=O)Nc6nc(C)c(C)s6)c5C)CC4)cc3)nc2n(C2CCCC2)c1=O,none,mgdb,MG-6751,MG-6751,,,P11802,CDK4,unknown,3,cellular_phenotype,nan,False,,True,False,False,,,,split_from_multi_target_string,False
OYWWOORQKJMICN-UHFFFAOYSA-N,CC(=O)c1c(C)c2cnc(Nc3ccc(N4CCN(C(=O)CNc5ccc(C)c(C(=O)Nc6nc(C)c(C)s6)c5)CC4)cn3)nc2n(C2CCCC2)c1=O,CC(=O)c1c(C)c2cnc(Nc3ccc(N4CCN(C(=O)CNc5ccc(C)c(C(=O)Nc6nc(C)c(C)s6)c5)CC4)cn3)nc2n(C2CCCC2)c1=O,none,mgdb,MG-6763,MG-6763,,,P11802,CDK4,unknown,3,cellular_phenotype,nan,False,,True,False,False,,,,split_from_multi_target_string,False
VVDFMUXQGUXNKJ-UHFFFAOYSA-N,CC(=O)c1c(C)c2cnc(Nc3ccc(N4CCN(CC(=O)NCCCCCCCC(=O)Nc5ccccc5C(=O)Nc5nc(C)c(C)s5)CC4)cn3)nc2n(C2CCCC2)c1=O,CC(=O)c1c(C)c2cnc(Nc3ccc(N4CCN(CC(=O)NCCCCCCCC(=O)Nc5ccccc5C(=O)Nc5nc(C)c(C)s5)CC4)cn3)nc2n(C2CCCC2)c1=O,none,mgdb,MG-6764,MG-6764,,,P11802,CDK4,unknown,3,cellular_phenotype,nan,False,,True,False,False,,,,split_from_multi_target_string,False
PRJMTXCNALAZIM-UHFFFAOYSA-N,CC(=O)c1c(C)c2cnc(Nc3ccc(N4CCN(C(=O)CCCCCNc5cccc(C(=O)Nc6nc(C)c(C)s6)c5C)CC4)cn3)nc2n(C2CCCC2)c1=O,CC(=O)c1c(C)c2cnc(Nc3ccc(N4CCN(C(=O)CCCCCNc5cccc(C(=O)Nc6nc(C)c(C)s6)c5C)CC4)cn3)nc2n(C2CCCC2)c1=O,none,mgdb,MG-6765,MG-6765,,,P11802,CDK4,unknown,3,cellular_phenotype,nan,False,,True,False,False,,,,split_from_multi_target_string,False
UVFXCEBBKVUMQH-UHFFFAOYSA-N,CC(=O)c1c(C)c2cnc(Nc3ccc(N4CCN(C(=O)CCCCCCNc5cccc(C(=O)Nc6nc(C)c(C)s6)c5C)CC4)cn3)nc2n(C2CCCC2)c1=O,CC(=O)c1c(C)c2cnc(Nc3ccc(N4CCN(C(=O)CCCCCCNc5cccc(C(=O)Nc6nc(C)c(C)s6)c5C)CC4)cn3)nc2n(C2CCCC2)c1=O,none,mgdb,MG-6766,MG-6766,,,P11802,CDK4,unknown,3,cellular_phenotype,nan,False,,True,False,False,,,,split_from_multi_target_string,False
MYVJYSGBSUAVHC-UHFFFAOYSA-N,CC(=O)c1c(C)c2cnc(Nc3ccc(N4CCN(CC(=O)NCCOCCOCCC(=O)Nc5cccc(C)c5C(=O)Nc5nc(C)c(C)s5)CC4)cc3)nc2n(C2CCCC2)c1=O,CC(=O)c1c(C)c2cnc(Nc3ccc(N4CCN(CC(=O)NCCOCCOCCC(=O)Nc5cccc(C)c5C(=O)Nc5nc(C)c(C)s5)CC4)cc3)nc2n(C2CCCC2)c1=O,none,mgdb,MG-6767,MG-6767,,,P11802,CDK4,unknown,3,cellular_phenotype,nan,False,,True,False,False,,,,split_from_multi_target_string,False
PVBWAUGWFWPSGE-UHFFFAOYSA-N,CC(=O)c1c(C)c2cnc(Nc3ccc(N4CCN(C(=O)CCCCCNc5ccc(C)c(C(=O)Nc6nc(C)c(C)s6)c5)CC4)cn3)nc2n(C2CCCC2)c1=O,CC(=O)c1c(C)c2cnc(Nc3ccc(N4CCN(C(=O)CCCCCNc5ccc(C)c(C(=O)Nc6nc(C)c(C)s6)c5)CC4)cn3)nc2n(C2CCCC2)c1=O,none,mgdb,MG-6757,MG-6757,,,P11802,CDK4,unknown,3,cellular_phenotype,nan,False,,True,False,False,,,,split_from_multi_target_string,False
IVJJYFNCMAXCEJ-UHFFFAOYSA-N,CC(=O)c1c(C)c2cnc(Nc3ccc(N4CCN(CC(=O)NCCOCCOCCC(=O)Nc5ccc(C)cc5C(=O)Nc5nc(C)c(C)s5)CC4)cc3)nc2n(C2CCCC2)c1=O,CC(=O)c1c(C)c2cnc(Nc3ccc(N4CCN(CC(=O)NCCOCCOCCC(=O)Nc5ccc(C)cc5C(=O)Nc5nc(C)c(C)s5)CC4)cc3)nc2n(C2CCCC2)c1=O,none,mgdb,MG-6769,MG-6769,,,P11802,CDK4,unknown,3,cellular_phenotype,nan,False,,True,False,False,,,,split_from_multi_target_string,False
IAZWWESCOIZFDZ-UHFFFAOYSA-N,CC(=O)c1c(C)c2cnc(Nc3ccc(N4CCN(CC(=O)NCCOCCOCCC(=O)Nc5ccc(Cl)cc5C(=O)Nc5nc(C)c(C)s5)CC4)cn3)nc2n(C2CCCC2)c1=O,CC(=O)c1c(C)c2cnc(Nc3ccc(N4CCN(CC(=O)NCCOCCOCCC(=O)Nc5ccc(Cl)cc5C(=O)Nc5nc(C)c(C)s5)CC4)cn3)nc2n(C2CCCC2)c1=O,none,mgdb,MG-6770,MG-6770,,,P11802,CDK4,unknown,3,cellular_phenotype,nan,False,,True,False,False,,,,split_from_multi_target_string,False
ALIJHIPGAJEQJM-UHFFFAOYSA-N,CC(=O)c1c(C)c2cnc(Nc3ccc(N4CCN(CC(=O)NCCOCCOCCC(=O)Nc5cc(F)ccc5C(=O)Nc5nc(C)c(C)s5)CC4)cn3)nc2n(C2CCCC2)c1=O,CC(=O)c1c(C)c2cnc(Nc3ccc(N4CCN(CC(=O)NCCOCCOCCC(=O)Nc5cc(F)ccc5C(=O)Nc5nc(C)c(C)s5)CC4)cn3)nc2n(C2CCCC2)c1=O,none,mgdb,MG-6771,MG-6771,,,P11802,CDK4,unknown,3,cellular_phenotype,nan,False,,True,False,False,,,,split_from_multi_target_string,False
HMSWAIGCOXPWMC-UHFFFAOYSA-N,CC(=O)c1c(C)c2cnc(Nc3ccc(N4CCN(CC(=O)NCCOCCOCCC(=O)Nc5cc(Br)ccc5C(=O)Nc5nc(C)c(C)s5)CC4)cn3)nc2n(C2CCCC2)c1=O,CC(=O)c1c(C)c2cnc(Nc3ccc(N4CCN(CC(=O)NCCOCCOCCC(=O)Nc5cc(Br)ccc5C(=O)Nc5nc(C)c(C)s5)CC4)cn3)nc2n(C2CCCC2)c1=O,none,mgdb,MG-6772,MG-6772,,,P11802,CDK4,unknown,3,cellular_phenotype,nan,False,,True,False,False,,,,split_from_multi_target_string,False
JEYVFPVLYUOIHS-UHFFFAOYSA-N,CC(=O)c1c(C)c2cnc(Nc3ccc(N4CCN(C(=O)CCOCCOCCOCCOCCOCCNc5ccc(C)c(C(=O)Nc6nc(C)c(C)o6)c5)CC4)cc3)nc2n(C2CCCC2)c1=O,CC(=O)c1c(C)c2cnc(Nc3ccc(N4CCN(C(=O)CCOCCOCCOCCOCCOCCNc5ccc(C)c(C(=O)Nc6nc(C)c(C)o6)c5)CC4)cc3)nc2n(C2CCCC2)c1=O,none,mgdb,MG-6762,MG-6762,,,P11802,CDK4,unknown,3,cellular_phenotype,nan,False,,True,False,False,,,,split_from_multi_target_string,False
ILQNAFVYIZQSSM-UHFFFAOYSA-N,CC(=O)c1c(C)c2cnc(Nc3ccc(N4CCN(CC(=O)NCCC(=O)Nc5ccccc5C(=O)Nc5nc(C)c(C)s5)CC4)cn3)nc2n(C2CCCC2)c1=O,CC(=O)c1c(C)c2cnc(Nc3ccc(N4CCN(CC(=O)NCCC(=O)Nc5ccccc5C(=O)Nc5nc(C)c(C)s5)CC4)cn3)nc2n(C2CCCC2)c1=O,none,mgdb,MG-6774,MG-6774,,,P11802,CDK4,unknown,3,cellular_phenotype,nan,False,,True,False,False,,,,split_from_multi_target_string,False
OASWGJGMINSHFT-UHFFFAOYSA-N,CC(=O)c1c(C)c2cnc(Nc3ccc(N4CCN(CC(=O)NCCOCCC(=O)Nc5ccccc5C(=O)Nc5nc(C)c(C)s5)CC4)cn3)nc2n(C2CCCC2)c1=O,CC(=O)c1c(C)c2cnc(Nc3ccc(N4CCN(CC(=O)NCCOCCC(=O)Nc5ccccc5C(=O)Nc5nc(C)c(C)s5)CC4)cn3)nc2n(C2CCCC2)c1=O,none,mgdb,MG-6775,MG-6775,,,P11802,CDK4,unknown,3,cellular_phenotype,nan,False,,True,False,False,,,,split_from_multi_target_string,False
AAQOJERSEMYBDW-UHFFFAOYSA-N,CCCCNc1ccc(NC(=O)CCOCCOCCNC(=O)CN2CCN(c3ccc(Nc4ncc5c(C)c(C(C)=O)c(=O)n(C6CCCC6)c5n4)nc3)CC2)c(C(=O)Nc2nc(C)c(C)s2)c1,CCCCNc1ccc(NC(=O)CCOCCOCCNC(=O)CN2CCN(c3ccc(Nc4ncc5c(C)c(C(C)=O)c(=O)n(C6CCCC6)c5n4)nc3)CC2)c(C(=O)Nc2nc(C)c(C)s2)c1,none,mgdb,MG-6776,MG-6776,,,P11802,CDK4,unknown,3,cellular_phenotype,nan,False,,True,False,False,,,,split_from_multi_target_string,False
PJPVZMHYHGAPQQ-UHFFFAOYSA-N,CC(=O)c1c(C)c2cnc(Nc3ccc(N4CCN(CC(=O)NCCOCCOCCC(=O)Nc5cc(C)ccc5C(=O)Nc5nc(C)c(C)s5)CC4)cn3)nc2n(C2CCCC2)c1=O,CC(=O)c1c(C)c2cnc(Nc3ccc(N4CCN(CC(=O)NCCOCCOCCC(=O)Nc5cc(C)ccc5C(=O)Nc5nc(C)c(C)s5)CC4)cn3)nc2n(C2CCCC2)c1=O,none,mgdb,MG-6777,MG-6777,,,P11802,CDK4,unknown,3,cellular_phenotype,nan,False,,True,False,False,,,,split_from_multi_target_string,False
CAOZZHJADDZTBK-UHFFFAOYSA-N,CC(=O)c1c(C)c2cnc(Nc3ccc(N4CCN(CC(=O)NCCOCCOCCC(=O)Nc5cc(Cl)ccc5C(=O)Nc5nc(C)c(C)s5)CC4)cn3)nc2n(C2CCCC2)c1=O,CC(=O)c1c(C)c2cnc(Nc3ccc(N4CCN(CC(=O)NCCOCCOCCC(=O)Nc5cc(Cl)ccc5C(=O)Nc5nc(C)c(C)s5)CC4)cn3)nc2n(C2CCCC2)c1=O,none,mgdb,MG-6768,MG-6768,,,P11802,CDK4,unknown,3,cellular_phenotype,nan,False,,True,False,False,,,,split_from_multi_target_string,False
RYIPYLGUGJOTRY-UHFFFAOYSA-N,CC(=O)c1c(C)c2cnc(Nc3ccc(N4CCN(CC(=O)NCCOCCOCCC(=O)Nc5ccc(N(C)C)cc5C(=O)Nc5nc(C)c(C)s5)CC4)cn3)nc2n(C2CCCC2)c1=O,CC(=O)c1c(C)c2cnc(Nc3ccc(N4CCN(CC(=O)NCCOCCOCCC(=O)Nc5ccc(N(C)C)cc5C(=O)Nc5nc(C)c(C)s5)CC4)cn3)nc2n(C2CCCC2)c1=O,none,mgdb,MG-6779,MG-6779,,,P11802,CDK4,unknown,3,cellular_phenotype,nan,False,,True,False,False,,,,split_from_multi_target_string,False
DLMDUPLFVZOJQE-UHFFFAOYSA-N,CC(=O)c1c(C)c2cnc(Nc3ccc(N4CCN(CC(=O)NCCOCCOCCC(=O)Nc5ccc(F)cc5C(=O)Nc5nc(C)c(C)s5)CC4)cn3)nc2n(C2CCCC2)c1=O,CC(=O)c1c(C)c2cnc(Nc3ccc(N4CCN(CC(=O)NCCOCCOCCC(=O)Nc5ccc(F)cc5C(=O)Nc5nc(C)c(C)s5)CC4)cn3)nc2n(C2CCCC2)c1=O,none,mgdb,MG-6780,MG-6780,,,P11802,CDK4,unknown,3,cellular_phenotype,nan,False,,True,False,False,,,,split_from_multi_target_string,False
WTQORLDZGIXBMW-UHFFFAOYSA-N,CC(=O)c1c(C)c2cnc(Nc3ccc(N4CCN(C(=O)CCC(=O)Nc5ccccc5C(=O)Nc5nc(C)c(C)s5)CC4)cn3)nc2n(C2CCCC2)c1=O,CC(=O)c1c(C)c2cnc(Nc3ccc(N4CCN(C(=O)CCC(=O)Nc5ccccc5C(=O)Nc5nc(C)c(C)s5)CC4)cn3)nc2n(C2CCCC2)c1=O,none,mgdb,MG-6781,MG-6781,,,P11802,CDK4,unknown,3,cellular_phenotype,nan,False,,True,False,False,,,,split_from_multi_target_string,False
IBDGFOGESMOMJV-UHFFFAOYSA-N,CC(=O)c1c(C)c2cnc(Nc3ccc(N4CCN(CC(=O)NCCOCCOCCC(=O)Nc5ccccc5CNc5nc(C)c(C)s5)CC4)cn3)nc2n(C2CCCC2)c1=O,CC(=O)c1c(C)c2cnc(Nc3ccc(N4CCN(CC(=O)NCCOCCOCCC(=O)Nc5ccccc5CNc5nc(C)c(C)s5)CC4)cn3)nc2n(C2CCCC2)c1=O,none,mgdb,MG-6782,MG-6782,,,P11802,CDK4,unknown,3,cellular_phenotype,nan,False,,True,False,False,,,,split_from_multi_target_string,False
LIKBJGZTNUUECA-UHFFFAOYSA-N,CC(=O)c1c(C)c2cnc(Nc3ccc(N4CCN(CC(=O)NCCOCCOCCC(=O)Nc5cc(N(C)C)ccc5C(=O)Nc5nc(C)c(C)s5)CC4)cn3)nc2n(C2CCCC2)c1=O,CC(=O)c1c(C)c2cnc(Nc3ccc(N4CCN(CC(=O)NCCOCCOCCC(=O)Nc5cc(N(C)C)ccc5C(=O)Nc5nc(C)c(C)s5)CC4)cn3)nc2n(C2CCCC2)c1=O,none,mgdb,MG-6783,MG-6783,,,P11802,CDK4,unknown,3,cellular_phenotype,nan,False,,True,False,False,,,,split_from_multi_target_string,False
USFVMQPVIBRZFV-UHFFFAOYSA-N,CC(=O)c1c(C)c2cnc(Nc3ccc(N4CCN(CC(=O)NCCOCCOCCC(=O)Nc5ccc(C#N)cc5C(=O)Nc5nc(C)c(C)s5)CC4)cn3)nc2n(C2CCCC2)c1=O,CC(=O)c1c(C)c2cnc(Nc3ccc(N4CCN(CC(=O)NCCOCCOCCC(=O)Nc5ccc(C#N)cc5C(=O)Nc5nc(C)c(C)s5)CC4)cn3)nc2n(C2CCCC2)c1=O,none,mgdb,MG-6773,MG-6773,,,P11802,CDK4,unknown,3,cellular_phenotype,nan,False,,True,False,False,,,,split_from_multi_target_string,False
ORASTLIYUUCKFZ-UHFFFAOYSA-N,CC(=O)c1c(C)c2cnc(Nc3ccc(N4CCN(C(=O)CCCCCC(=O)Nc5ccccc5C(=O)Nc5nc(C)c(C)s5)CC4)cn3)nc2n(C2CCCC2)c1=O,CC(=O)c1c(C)c2cnc(Nc3ccc(N4CCN(C(=O)CCCCCC(=O)Nc5ccccc5C(=O)Nc5nc(C)c(C)s5)CC4)cn3)nc2n(C2CCCC2)c1=O,none,mgdb,MG-6785,MG-6785,,,P11802,CDK4,unknown,3,cellular_phenotype,nan,False,,True,False,False,,,,split_from_multi_target_string,False
QQRFQGVFJIRLSH-UHFFFAOYSA-N,CC(=O)c1c(C)c2cnc(Nc3ccc(N4CCN(C(=O)CC(=O)Nc5ccccc5C(=O)Nc5nc(C)c(C)s5)CC4)cn3)nc2n(C2CCCC2)c1=O,CC(=O)c1c(C)c2cnc(Nc3ccc(N4CCN(C(=O)CC(=O)Nc5ccccc5C(=O)Nc5nc(C)c(C)s5)CC4)cn3)nc2n(C2CCCC2)c1=O,none,mgdb,MG-6786,MG-6786,,,P11802,CDK4,unknown,3,cellular_phenotype,nan,False,,True,False,False,,,,split_from_multi_target_string,False
VHPJCOMXKSXESF-UHFFFAOYSA-N,CC(=O)c1c(C)c2cnc(Nc3ccc(N4CCN(C(=O)CCCC(=O)Nc5ccccc5C(=O)Nc5nc(C)c(C)s5)CC4)cn3)nc2n(C2CCCC2)c1=O,CC(=O)c1c(C)c2cnc(Nc3ccc(N4CCN(C(=O)CCCC(=O)Nc5ccccc5C(=O)Nc5nc(C)c(C)s5)CC4)cn3)nc2n(C2CCCC2)c1=O,none,mgdb,MG-6787,MG-6787,,,P11802,CDK4,unknown,3,cellular_phenotype,nan,False,,True,False,False,,,,split_from_multi_target_string,False
RWYFMKFZYJIYAF-UHFFFAOYSA-N,CC(=O)c1c(C)c2cnc(Nc3ccc(N4CCN(C(=O)CCCCCCCC(=O)Nc5ccccc5C(=O)Nc5nc(C)c(C)s5)CC4)cn3)nc2n(C2CCCC2)c1=O,CC(=O)c1c(C)c2cnc(Nc3ccc(N4CCN(C(=O)CCCCCCCC(=O)Nc5ccccc5C(=O)Nc5nc(C)c(C)s5)CC4)cn3)nc2n(C2CCCC2)c1=O,none,mgdb,MG-6788,MG-6788,,,P11802,CDK4,unknown,3,cellular_phenotype,nan,False,,True,False,False,,,,split_from_multi_target_string,False
NAVDPMJMPXDIMY-UHFFFAOYSA-N,CC(=O)c1c(C)c2cnc(Nc3ccc(N4CCN(C(=O)CCCCCCCCC(=O)Nc5ccccc5C(=O)Nc5nc(C)c(C)s5)CC4)cn3)nc2n(C2CCCC2)c1=O,CC(=O)c1c(C)c2cnc(Nc3ccc(N4CCN(C(=O)CCCCCCCCC(=O)Nc5ccccc5C(=O)Nc5nc(C)c(C)s5)CC4)cn3)nc2n(C2CCCC2)c1=O,none,mgdb,MG-6790,MG-6790,,,P11802,CDK4,unknown,3,cellular_phenotype,nan,False,,True,False,False,,,,split_from_multi_target_string,False
BBVVWKAVBAVGQH-UHFFFAOYSA-N,CC(=O)c1c(C)c2cnc(Nc3ccc(N4CCN(C(=O)CCOCCOCCOCCOCCOCCC(=O)Nc5ccccc5C(=O)Nc5nc(C)c(C)s5)CC4)cn3)nc2n(C2CCCC2)c1=O,CC(=O)c1c(C)c2cnc(Nc3ccc(N4CCN(C(=O)CCOCCOCCOCCOCCOCCC(=O)Nc5ccccc5C(=O)Nc5nc(C)c(C)s5)CC4)cn3)nc2n(C2CCCC2)c1=O,none,mgdb,MG-6791,MG-6791,,,P11802,CDK4,unknown,3,cellular_phenotype,nan,False,,True,False,False,,,,split_from_multi_target_string,False
MXHICNCWFJGISI-UHFFFAOYSA-N,CNc1ccc(C(=O)Nc2nc(C)c(C)s2)c(NC(=O)CCOCCOCCNC(=O)CN2CCN(c3ccc(Nc4ncc5c(C)c(C(C)=O)c(=O)n(C6CCCC6)c5n4)nc3)CC2)c1,CNc1ccc(C(=O)Nc2nc(C)c(C)s2)c(NC(=O)CCOCCOCCNC(=O)CN2CCN(c3ccc(Nc4ncc5c(C)c(C(C)=O)c(=O)n(C6CCCC6)c5n4)nc3)CC2)c1,none,mgdb,MG-6792,MG-6792,,,P11802,CDK4,unknown,3,cellular_phenotype,nan,False,,True,False,False,,,,split_from_multi_target_string,False
YOOHNWADIXIZEI-UHFFFAOYSA-N,CC(=O)c1c(C)c2cnc(Nc3ccc(N4CCN(C(=O)CCCNc5ccc(C)c(C(=O)Nc6nc(C)c(C)s6)c5)CC4)cn3)nc2n(C2CCCC2)c1=O,CC(=O)c1c(C)c2cnc(Nc3ccc(N4CCN(C(=O)CCCNc5ccc(C)c(C(=O)Nc6nc(C)c(C)s6)c5)CC4)cn3)nc2n(C2CCCC2)c1=O,none,mgdb,MG-6793,MG-6793,,,P11802,CDK4,unknown,3,cellular_phenotype,nan,False,,True,False,False,,,,split_from_multi_target_string,False
QANIYSNFBUICHP-UHFFFAOYSA-N,CC(=O)c1c(C)c2cnc(Nc3ccc(N4CCN(C(=O)CCCCC(=O)Nc5ccccc5C(=O)Nc5nc(C)c(C)s5)CC4)cc3)nc2n(C2CCCC2)c1=O,CC(=O)c1c(C)c2cnc(Nc3ccc(N4CCN(C(=O)CCCCC(=O)Nc5ccccc5C(=O)Nc5nc(C)c(C)s5)CC4)cc3)nc2n(C2CCCC2)c1=O,none,mgdb,MG-6784,MG-6784,,,P11802,CDK4,unknown,3,cellular_phenotype,nan,False,,True,False,False,,,,split_from_multi_target_string,False
UUJIVXKBQXDDLQ-UHFFFAOYSA-N,CCCCNc1ccc(C(=O)Nc2nc(C)c(C)s2)c(NC(=O)CCOCCOCCNC(=O)CN2CCN(c3ccc(Nc4ncc5c(C)c(C(C)=O)c(=O)n(C6CCCC6)c5n4)nc3)CC2)c1,CCCCNc1ccc(C(=O)Nc2nc(C)c(C)s2)c(NC(=O)CCOCCOCCNC(=O)CN2CCN(c3ccc(Nc4ncc5c(C)c(C(C)=O)c(=O)n(C6CCCC6)c5n4)nc3)CC2)c1,none,mgdb,MG-6796,MG-6796,,,P11802,CDK4,unknown,3,cellular_phenotype,nan,False,,True,False,False,,,,split_from_multi_target_string,False
LLRMDYPHTNYQNW-UHFFFAOYSA-N,CC(=O)c1c(C)c2cnc(Nc3ccc(N4CCN(CC(=O)NCCCCCCC(=O)Nc5ccccc5C(=O)Nc5nc(C)c(C)s5)CC4)cn3)nc2n(C2CCCC2)c1=O,CC(=O)c1c(C)c2cnc(Nc3ccc(N4CCN(CC(=O)NCCCCCCC(=O)Nc5ccccc5C(=O)Nc5nc(C)c(C)s5)CC4)cn3)nc2n(C2CCCC2)c1=O,none,mgdb,MG-6797,MG-6797,,,P11802,CDK4,unknown,3,cellular_phenotype,nan,False,,True,False,False,,,,split_from_multi_target_string,False
KYCNGTJNZDSRFZ-UHFFFAOYSA-N,CC(=O)c1c(C)c2cnc(Nc3ccc(N4CCN(CC(=O)NCCOCCOCCOCCOCCC(=O)Nc5ccccc5C(=O)Nc5nc(C)c(C)s5)CC4)cn3)nc2n(C2CCCC2)c1=O,CC(=O)c1c(C)c2cnc(Nc3ccc(N4CCN(CC(=O)NCCOCCOCCOCCOCCC(=O)Nc5ccccc5C(=O)Nc5nc(C)c(C)s5)CC4)cn3)nc2n(C2CCCC2)c1=O,none,mgdb,MG-6798,MG-6798,,,P11802,CDK4,unknown,3,cellular_phenotype,nan,False,,True,False,False,,,,split_from_multi_target_string,False
LPWICHILUNYALD-UHFFFAOYSA-N,CC(=O)c1c(C)c2cnc(Nc3ccc(N4CCN(CC(=O)NCCCC(=O)Nc5ccccc5C(=O)Nc5nc(C)c(C)s5)CC4)cn3)nc2n(C2CCCC2)c1=O,CC(=O)c1c(C)c2cnc(Nc3ccc(N4CCN(CC(=O)NCCCC(=O)Nc5ccccc5C(=O)Nc5nc(C)c(C)s5)CC4)cn3)nc2n(C2CCCC2)c1=O,none,mgdb,MG-6799,MG-6799,,,P11802,CDK4,unknown,3,cellular_phenotype,nan,False,,True,False,False,,,,split_from_multi_target_string,False
GIVYVEPIAMHMSU-UHFFFAOYSA-N,CC(=O)c1c(C)c2cnc(Nc3ccc(N4CCN(C(=O)CCCCCCC(=O)Nc5ccccc5C(=O)Nc5nc(C)c(C)s5)CC4)cc3)nc2n(C2CCCC2)c1=O,CC(=O)c1c(C)c2cnc(Nc3ccc(N4CCN(C(=O)CCCCCCC(=O)Nc5ccccc5C(=O)Nc5nc(C)c(C)s5)CC4)cc3)nc2n(C2CCCC2)c1=O,none,mgdb,MG-6789,MG-6789,,,P11802,CDK4,unknown,3,cellular_phenotype,nan,False,,True,False,False,,,,split_from_multi_target_string,False
LNJXNUZJFGKSKP-UHFFFAOYSA-N,CC(=O)c1c(C)c2cnc(Nc3ncc(N4CCN(CC(=O)NCCOCCOCCOCCOCCOCCOCCC(=O)Nc5ccccc5C(=O)Nc5nc(C)c(C)s5)CC4)cn3)nc2n(C2CCCC2)c1=O,CC(=O)c1c(C)c2cnc(Nc3ncc(N4CCN(CC(=O)NCCOCCOCCOCCOCCOCCOCCC(=O)Nc5ccccc5C(=O)Nc5nc(C)c(C)s5)CC4)cn3)nc2n(C2CCCC2)c1=O,none,mgdb,MG-6801,MG-6801,,,P11802,CDK4,unknown,3,cellular_phenotype,nan,False,,True,False,False,,,,split_from_multi_target_string,False
KYTMZPGDSALANY-UHFFFAOYSA-N,CC(=O)c1c(C)c2cnc(Nc3ccc(N4CCN(CC(=O)NCCCCC(=O)Nc5ccccc5C(=O)Nc5nc(C)c(C)s5)CC4)cn3)nc2n(C2CCCC2)c1=O,CC(=O)c1c(C)c2cnc(Nc3ccc(N4CCN(CC(=O)NCCCCC(=O)Nc5ccccc5C(=O)Nc5nc(C)c(C)s5)CC4)cn3)nc2n(C2CCCC2)c1=O,none,mgdb,MG-6802,MG-6802,,,P11802,CDK4,unknown,3,cellular_phenotype,nan,False,,True,False,False,,,,split_from_multi_target_string,False
RMCBWIJQSQNEDB-UHFFFAOYSA-N,CC(=O)c1c(C)c2cnc(Nc3ccc(N4CCN(CC(=O)NCCOCCOCCOCCOCCOCCC(=O)Nc5ccccc5C(=O)Nc5nc(C)c(C)s5)CC4)cc3)nc2n(C2CCCC2)c1=O,CC(=O)c1c(C)c2cnc(Nc3ccc(N4CCN(CC(=O)NCCOCCOCCOCCOCCOCCC(=O)Nc5ccccc5C(=O)Nc5nc(C)c(C)s5)CC4)cc3)nc2n(C2CCCC2)c1=O,none,mgdb,MG-6803,MG-6803,,,P11802,CDK4,unknown,3,cellular_phenotype,nan,False,,True,False,False,,,,split_from_multi_target_string,False
CQOIIJNBXJEIFV-UHFFFAOYSA-N,CC(=O)c1c(C)c2cnc(Nc3ccc(N4CCN(C(=O)CCOCCOCCOCCOCCC(=O)Nc5ccccc5C(=O)Nc5nc(C)c(C)s5)CC4)cn3)nc2n(C2CCCC2)c1=O,CC(=O)c1c(C)c2cnc(Nc3ccc(N4CCN(C(=O)CCOCCOCCOCCOCCC(=O)Nc5ccccc5C(=O)Nc5nc(C)c(C)s5)CC4)cn3)nc2n(C2CCCC2)c1=O,none,mgdb,MG-6804,MG-6804,,,P11802,CDK4,unknown,3,cellular_phenotype,nan,False,,True,False,False,,,,split_from_multi_target_string,False
DZIFMDWUNWJPSR-UHFFFAOYSA-N,CC(=O)c1c(C)c2cnc(Nc3ccc(N4CCN(CC(=O)NCCOCCOCCOCCOCCOCCNc5ccc(CNc6nc(C)c(C)s6)c(C)c5)CC4)cc3)nc2n(C2CCCC2)c1=O,CC(=O)c1c(C)c2cnc(Nc3ccc(N4CCN(CC(=O)NCCOCCOCCOCCOCCOCCNc5ccc(CNc6nc(C)c(C)s6)c(C)c5)CC4)cc3)nc2n(C2CCCC2)c1=O,none,mgdb,MG-6794,MG-6794,,,P11802,CDK4,unknown,3,cellular_phenotype,nan,False,,True,False,False,,,,split_from_multi_target_string,False
GYSNRSNZBMHWEF-UHFFFAOYSA-N,CC(=O)c1c(C)c2cnc(Nc3ccc(N4CCN(CCOCCOCCOCCC(=O)Nc5ccccc5C(=O)Nc5nc(C)c(C)s5)CC4)cn3)nc2n(C2CCCC2)c1=O,CC(=O)c1c(C)c2cnc(Nc3ccc(N4CCN(CCOCCOCCOCCC(=O)Nc5ccccc5C(=O)Nc5nc(C)c(C)s5)CC4)cn3)nc2n(C2CCCC2)c1=O,none,mgdb,MG-6806,MG-6806,,,P11802,CDK4,unknown,3,cellular_phenotype,nan,False,,True,False,False,,,,split_from_multi_target_string,False
CFZNHWJQDBJWQD-UHFFFAOYSA-N,CC(=O)c1c(C)c2cnc(Nc3ccc(N4CCN(CC(=O)NCCOCCOCCC(=O)NC5CCCCC5C(=O)Nc5nc(C)c(C)s5)CC4)cn3)nc2n(C2CCCC2)c1=O,CC(=O)c1c(C)c2cnc(Nc3ccc(N4CCN(CC(=O)NCCOCCOCCC(=O)NC5CCCCC5C(=O)Nc5nc(C)c(C)s5)CC4)cn3)nc2n(C2CCCC2)c1=O,undefined,mgdb,MG-6807,MG-6807,,,P11802,CDK4,unknown,3,cellular_phenotype,nan,False,,True,False,False,,,,split_from_multi_target_string,False
GCYUJDZFWUJQTQ-UHFFFAOYSA-N,CC(=O)c1c(C)c2cnc(Nc3ccc(N4CCN(CC(=O)NCC(=O)Nc5ccccc5C(=O)Nc5nc(C)c(C)s5)CC4)cn3)nc2n(C2CCCC2)c1=O,CC(=O)c1c(C)c2cnc(Nc3ccc(N4CCN(CC(=O)NCC(=O)Nc5ccccc5C(=O)Nc5nc(C)c(C)s5)CC4)cn3)nc2n(C2CCCC2)c1=O,none,mgdb,MG-6808,MG-6808,,,P11802,CDK4,unknown,3,cellular_phenotype,nan,False,,True,False,False,,,,split_from_multi_target_string,False
ZYYLLQMCERKTNG-UHFFFAOYSA-N,CC(=O)c1c(C)c2cnc(Nc3ccc(N4CCN(C(=O)CCOCCC(=O)Nc5ccccc5C(=O)Nc5nc(C)c(C)s5)CC4)cn3)nc2n(C2CCCC2)c1=O,CC(=O)c1c(C)c2cnc(Nc3ccc(N4CCN(C(=O)CCOCCC(=O)Nc5ccccc5C(=O)Nc5nc(C)c(C)s5)CC4)cn3)nc2n(C2CCCC2)c1=O,none,mgdb,MG-6809,MG-6809,,,P11802,CDK4,unknown,3,cellular_phenotype,nan,False,,True,False,False,,,,split_from_multi_target_string,False
ONBZEABKNHWFIP-UHFFFAOYSA-N,CC(=O)c1c(C)c2cnc(Nc3ccc(N4CCN(CC(=O)NCCCCCC(=O)Nc5ccccc5C(=O)Nc5nc(C)c(C)s5)CC4)cn3)nc2n(C2CCCC2)c1=O,CC(=O)c1c(C)c2cnc(Nc3ccc(N4CCN(CC(=O)NCCCCCC(=O)Nc5ccccc5C(=O)Nc5nc(C)c(C)s5)CC4)cn3)nc2n(C2CCCC2)c1=O,none,mgdb,MG-6800,MG-6800,,,P11802,CDK4,unknown,3,cellular_phenotype,nan,False,,True,False,False,,,,split_from_multi_target_string,False
MQIQTALCLXIBLB-UHFFFAOYSA-N,CC(=O)c1c(C)c2cnc(Nc3ccc(N4CCN(CCCCCCCC(=O)Nc5ncccc5C(=O)Nc5ccc(C)cn5)CC4)cn3)nc2n(C2CCCC2)c1=O,CC(=O)c1c(C)c2cnc(Nc3ccc(N4CCN(CCCCCCCC(=O)Nc5ncccc5C(=O)Nc5ccc(C)cn5)CC4)cn3)nc2n(C2CCCC2)c1=O,none,mgdb,MG-6811,MG-6811,,,P11802,CDK4,unknown,3,cellular_phenotype,nan,False,,True,False,False,,,,split_from_multi_target_string,False
WVLCPJFOCASGFW-UHFFFAOYSA-N,CC(=O)c1c(C)c2cnc(Nc3ccc(N4CCN(CC(=O)NCCOCCOCCC(=O)Nc5ccccc5C(=O)Nc5ccc(C6CC6)cn5)CC4)cn3)nc2n(C2CCCC2)c1=O,CC(=O)c1c(C)c2cnc(Nc3ccc(N4CCN(CC(=O)NCCOCCOCCC(=O)Nc5ccccc5C(=O)Nc5ccc(C6CC6)cn5)CC4)cn3)nc2n(C2CCCC2)c1=O,none,mgdb,MG-6812,MG-6812,,,P11802,CDK4,unknown,3,cellular_phenotype,nan,False,,True,False,False,,,,split_from_multi_target_string,False
IAAIDPBXAGDIQT-UHFFFAOYSA-N,CC(=O)c1c(C)c2cnc(Nc3ccc(N4CCN(CC(=O)NCCOCCOCCC(=O)Nc5ccccc5C(=O)Nc5ccc(N(C)C)nn5)CC4)cn3)nc2n(C2CCCC2)c1=O,CC(=O)c1c(C)c2cnc(Nc3ccc(N4CCN(CC(=O)NCCOCCOCCC(=O)Nc5ccccc5C(=O)Nc5ccc(N(C)C)nn5)CC4)cn3)nc2n(C2CCCC2)c1=O,none,mgdb,MG-6813,MG-6813,,,P11802,CDK4,unknown,3,cellular_phenotype,nan,False,,True,False,False,,,,split_from_multi_target_string,False
WOPBZNLNQBGHLM-UHFFFAOYSA-N,CC(=O)c1c(C)c2cnc(Nc3ccc(N4CCN(CC(=O)NCCOCCOCCC(=O)Nc5ccccc5C(=O)Nc5cnc(C)nc5)CC4)cn3)nc2n(C2CCCC2)c1=O,CC(=O)c1c(C)c2cnc(Nc3ccc(N4CCN(CC(=O)NCCOCCOCCC(=O)Nc5ccccc5C(=O)Nc5cnc(C)nc5)CC4)cn3)nc2n(C2CCCC2)c1=O,none,mgdb,MG-6814,MG-6814,,,P11802,CDK4,unknown,3,cellular_phenotype,nan,False,,True,False,False,,,,split_from_multi_target_string,False
RIMCNOMLPYBOIY-UHFFFAOYSA-N,CC(=O)c1c(C)c2cnc(Nc3ccc(N4CCN(CCNCCOCCOCCC(=O)Nc5ccccc5C(=O)Nc5nc(C)c(C)s5)CC4)cn3)nc2n(C2CCCC2)c1=O,CC(=O)c1c(C)c2cnc(Nc3ccc(N4CCN(CCNCCOCCOCCC(=O)Nc5ccccc5C(=O)Nc5nc(C)c(C)s5)CC4)cn3)nc2n(C2CCCC2)c1=O,none,mgdb,MG-6815,MG-6815,,,P11802,CDK4,unknown,3,cellular_phenotype,nan,False,,True,False,False,,,,split_from_multi_target_string,False
OQFKHRPUOUCCDA-UHFFFAOYSA-N,CC(=O)c1c(C)c2cnc(Nc3ccc(N4CCN(CCCCCCCCCCCC(=O)Nc5ccccc5C(=O)Nc5nc(C)c(C)s5)CC4)cn3)nc2n(C2CCCC2)c1=O,CC(=O)c1c(C)c2cnc(Nc3ccc(N4CCN(CCCCCCCCCCCC(=O)Nc5ccccc5C(=O)Nc5nc(C)c(C)s5)CC4)cn3)nc2n(C2CCCC2)c1=O,none,mgdb,MG-6805,MG-6805,,,P11802,CDK4,unknown,3,cellular_phenotype,nan,False,,True,False,False,,,,split_from_multi_target_string,False
GJDYUWBLOJXIGX-UHFFFAOYSA-N,CC(=O)c1c(C)c2cnc(Nc3ccc(N4CCN(CC(=O)NCCOCCOCCCNc5ccccc5C(=O)Nc5nc(C)c(C)s5)CC4)cn3)nc2n(C2CCCC2)c1=O,CC(=O)c1c(C)c2cnc(Nc3ccc(N4CCN(CC(=O)NCCOCCOCCCNc5ccccc5C(=O)Nc5nc(C)c(C)s5)CC4)cn3)nc2n(C2CCCC2)c1=O,none,mgdb,MG-6880,MG-6880,,,P11802,CDK4,unknown,3,cellular_phenotype,nan,False,,True,False,False,,,,split_from_multi_target_string,False
AETDIMPLVIGFCL-UHFFFAOYSA-N,CC(=O)c1c(C)c2cnc(Nc3ccc(N4CCN(CC(=O)NCCCCCCCCCNc5ccccc5C(=O)Nc5nc(C)c(C)s5)CC4)cc3)nc2n(C2CCCC2)c1=O,CC(=O)c1c(C)c2cnc(Nc3ccc(N4CCN(CC(=O)NCCCCCCCCCNc5ccccc5C(=O)Nc5nc(C)c(C)s5)CC4)cc3)nc2n(C2CCCC2)c1=O,none,mgdb,MG-6881,MG-6881,,,P11802,CDK4,unknown,3,cellular_phenotype,nan,False,,True,False,False,,,,split_from_multi_target_string,False
XNTIKBZZBBZHCZ-UHFFFAOYSA-N,CC(=O)c1c(C)c2cnc(Nc3ccc(N4CCN(CC(=O)NCCCCC(=O)Nc5ccccc5C(=O)Nc5ccc(C)cn5)CC4)cn3)nc2n(C2CCCC2)c1=O,CC(=O)c1c(C)c2cnc(Nc3ccc(N4CCN(CC(=O)NCCCCC(=O)Nc5ccccc5C(=O)Nc5ccc(C)cn5)CC4)cn3)nc2n(C2CCCC2)c1=O,none,mgdb,MG-6882,MG-6882,,,P11802,CDK4,unknown,3,cellular_phenotype,nan,False,,True,False,False,,,,split_from_multi_target_string,False
TUYLKKALXKKBTJ-UHFFFAOYSA-N,CC(=O)c1c(C)c2cnc(Nc3ccc(N4CCN(CC(=O)NCCOCCOCCC(=O)Nc5ncccc5C(=O)Nc5ccc(C)c(C6CC6)n5)CC4)cn3)nc2n(C2CCCC2)c1=O,CC(=O)c1c(C)c2cnc(Nc3ccc(N4CCN(CC(=O)NCCOCCOCCC(=O)Nc5ncccc5C(=O)Nc5ccc(C)c(C6CC6)n5)CC4)cn3)nc2n(C2CCCC2)c1=O,none,mgdb,MG-6883,MG-6883,,,P11802,CDK4,unknown,3,cellular_phenotype,nan,False,,True,False,False,,,,split_from_multi_target_string,False
RHBNVUXIXUOEOL-UHFFFAOYSA-N,CC(=O)c1c(C)c2cnc(Nc3ccc(N4CCN(C(=O)CCOCCOCCOCCOCCOCCOCCC(=O)Nc5ccccc5C(=O)Nc5nc(C)c(C)s5)CC4)cn3)nc2n(C2CCCC2)c1=O,CC(=O)c1c(C)c2cnc(Nc3ccc(N4CCN(C(=O)CCOCCOCCOCCOCCOCCOCCC(=O)Nc5ccccc5C(=O)Nc5nc(C)c(C)s5)CC4)cn3)nc2n(C2CCCC2)c1=O,none,mgdb,MG-6810,MG-6810,,,P11802,CDK4,unknown,3,cellular_phenotype,nan,False,,True,False,False,,,,split_from_multi_target_string,False
AGMMHZMZNFGHNR-UHFFFAOYSA-N,CC(=O)c1c(C)c2cnc(Nc3ccc(N4CCN(CC(=O)NCCCCCCCNc5cccc(C(=O)Nc6ccc(C)nc6)c5C)CC4)cn3)nc2n(C2CCCC2)c1=O,CC(=O)c1c(C)c2cnc(Nc3ccc(N4CCN(CC(=O)NCCCCCCCNc5cccc(C(=O)Nc6ccc(C)nc6)c5C)CC4)cn3)nc2n(C2CCCC2)c1=O,none,mgdb,MG-6941,MG-6941,,,P11802,CDK4,unknown,3,cellular_phenotype,nan,False,,True,False,False,,,,split_from_multi_target_string,False
SZDMQHNKLFWVRS-UHFFFAOYSA-N,CC(=O)c1c(C)c2cnc(Nc3ccc(N4CCN(CC(=O)NCCCCCCCNc5cccc(C(=O)Nc6cc(C)n(C)n6)c5C)CC4)cn3)nc2n(C2CCCC2)c1=O,CC(=O)c1c(C)c2cnc(Nc3ccc(N4CCN(CC(=O)NCCCCCCCNc5cccc(C(=O)Nc6cc(C)n(C)n6)c5C)CC4)cn3)nc2n(C2CCCC2)c1=O,none,mgdb,MG-6942,MG-6942,,,P11802,CDK4,unknown,3,cellular_phenotype,nan,False,,True,False,False,,,,split_from_multi_target_string,False
UAWOQNFADBCJGW-UHFFFAOYSA-N,CC(=O)c1c(C)c2cnc(Nc3ccc(N4CCN(CC(=O)NCCOCCOCCC(=O)Nc5cccc(Cl)c5C(=O)Nc5ccc(C)cn5)CC4)cn3)nc2n(C2CCCC2)c1=O,CC(=O)c1c(C)c2cnc(Nc3ccc(N4CCN(CC(=O)NCCOCCOCCC(=O)Nc5cccc(Cl)c5C(=O)Nc5ccc(C)cn5)CC4)cn3)nc2n(C2CCCC2)c1=O,none,mgdb,MG-6950,MG-6950,,,P11802,CDK4,unknown,3,cellular_phenotype,nan,False,,True,False,False,,,,split_from_multi_target_string,False
KNBDXWOAOYDQFL-UHFFFAOYSA-N,CC(=O)c1c(C)c2cnc(Nc3ccc(N4CCN(CC(=O)NCCCCCCCNc5nc(C)ccc5C(=O)Nc5nc(C)c(C)s5)CC4)cn3)nc2n(C2CCCC2)c1=O,CC(=O)c1c(C)c2cnc(Nc3ccc(N4CCN(CC(=O)NCCCCCCCNc5nc(C)ccc5C(=O)Nc5nc(C)c(C)s5)CC4)cn3)nc2n(C2CCCC2)c1=O,none,mgdb,MG-6951,MG-6951,,,P11802,CDK4,unknown,3,cellular_phenotype,nan,False,,True,False,False,,,,split_from_multi_target_string,False
BLBWDXOACBTCSG-UHFFFAOYSA-N,CC(=O)c1c(C)c2cnc(Nc3ccc(N4CCN(CCNCCCCCCCNc5cccc(C(=O)Nc6nc(C)c(C)s6)c5C)CC4)cn3)nc2n(C2CCCC2)c1=O,CC(=O)c1c(C)c2cnc(Nc3ccc(N4CCN(CCNCCCCCCCNc5cccc(C(=O)Nc6nc(C)c(C)s6)c5C)CC4)cn3)nc2n(C2CCCC2)c1=O,none,mgdb,MG-6816,MG-6816,,,P11802,CDK4,unknown,3,cellular_phenotype,nan,False,,True,False,False,,,,split_from_multi_target_string,False
UJAPSKFOMTYAGZ-UHFFFAOYSA-N,CNC(=O)c1ccc(C)nc1NCCCCCCCNC(=O)CN1CCN(c2ccc(Nc3ncc4c(C)c(C(C)=O)c(=O)n(C5CCCC5)c4n3)cc2)CC1,CNC(=O)c1ccc(C)nc1NCCCCCCCNC(=O)CN1CCN(c2ccc(Nc3ncc4c(C)c(C(C)=O)c(=O)n(C5CCCC5)c4n3)cc2)CC1,none,mgdb,MG-6953,MG-6953,,,P11802,CDK4,unknown,3,cellular_phenotype,nan,False,,True,False,False,,,,split_from_multi_target_string,False
AFVGVFMJNYSDFB-UHFFFAOYSA-N,COc1ccc(NC(=O)c2cccc(NCCOCCOCCNC(=O)CN3CCN(c4ccc(Nc5ncc6c(C)c(C(C)=O)c(=O)n(C7CCCC7)c6n5)nc4)CC3)c2C)nn1,COc1ccc(NC(=O)c2cccc(NCCOCCOCCNC(=O)CN3CCN(c4ccc(Nc5ncc6c(C)c(C(C)=O)c(=O)n(C7CCCC7)c6n5)nc4)CC3)c2C)nn1,none,mgdb,MG-6954,MG-6954,,,P11802,CDK4,unknown,3,cellular_phenotype,nan,False,,True,False,False,,,,split_from_multi_target_string,False
GIQKIYYEQBBAQL-UHFFFAOYSA-N,COc1ccc(NC(=O)c2ccccc2NC(=O)CCOCCOCCNC(=O)CN2CCN(c3ccc(Nc4ncc5c(C)c(C(C)=O)c(=O)n(C6CCCC6)c5n4)nc3)CC2)nc1,COc1ccc(NC(=O)c2ccccc2NC(=O)CCOCCOCCNC(=O)CN2CCN(c3ccc(Nc4ncc5c(C)c(C(C)=O)c(=O)n(C6CCCC6)c5n4)nc3)CC2)nc1,none,mgdb,MG-6955,MG-6955,,,P11802,CDK4,unknown,3,cellular_phenotype,nan,False,,True,False,False,,,,split_from_multi_target_string,False
OLYMXDWGNBOTCQ-UHFFFAOYSA-N,CC(=O)c1c(C)c2cnc(Nc3ccc(N4CCN(CC(=O)NCCCCCCCCCNc5ccccc5C(=O)Nc5nc(C)c(C)s5)CC4)cn3)nc2n(C2CCCC2)c1=O,CC(=O)c1c(C)c2cnc(Nc3ccc(N4CCN(CC(=O)NCCCCCCCCCNc5ccccc5C(=O)Nc5nc(C)c(C)s5)CC4)cn3)nc2n(C2CCCC2)c1=O,none,mgdb,MG-6956,MG-6956,,,P11802,CDK4,unknown,3,cellular_phenotype,nan,False,,True,False,False,,,,split_from_multi_target_string,False
UPKUERJYQNBWCN-UHFFFAOYSA-N,COc1ccc(NC(=O)c2ccccc2NC(=O)CCN2CCN(CCNC(=O)CN3CCN(c4ccc(Nc5ncc6c(C)c(C(C)=O)c(=O)n(C7CCCC7)c6n5)nc4)CC3)CC2)nn1,COc1ccc(NC(=O)c2ccccc2NC(=O)CCN2CCN(CCNC(=O)CN3CCN(c4ccc(Nc5ncc6c(C)c(C(C)=O)c(=O)n(C7CCCC7)c6n5)nc4)CC3)CC2)nn1,none,mgdb,MG-6957,MG-6957,,,P11802,CDK4,unknown,3,cellular_phenotype,nan,False,,True,False,False,,,,split_from_multi_target_string,False
MXOZSAZCTFCACR-UHFFFAOYSA-N,CC(=O)c1c(C)c2cnc(Nc3ccc(N4CCN(CCCCCOCCOCCNc5cccc(C(=O)Nc6nc(C)c(C)s6)c5C)CC4)cn3)nc2n(C2CCCC2)c1=O,CC(=O)c1c(C)c2cnc(Nc3ccc(N4CCN(CCCCCOCCOCCNc5cccc(C(=O)Nc6nc(C)c(C)s6)c5C)CC4)cn3)nc2n(C2CCCC2)c1=O,none,mgdb,MG-6884,MG-6884,,,P11802,CDK4,unknown,3,cellular_phenotype,nan,False,,True,False,False,,,,split_from_multi_target_string,False
DERVLFBSQJGMKN-UHFFFAOYSA-N,COc1ccc(NC(=O)c2ccccc2NC(=O)COCCN2CCC(NC(=O)CN3CCN(c4ccc(Nc5ncc6c(C)c(C(C)=O)c(=O)n(C7CCCC7)c6n5)nc4)CC3)CC2)nn1,COc1ccc(NC(=O)c2ccccc2NC(=O)COCCN2CCC(NC(=O)CN3CCN(c4ccc(Nc5ncc6c(C)c(C(C)=O)c(=O)n(C7CCCC7)c6n5)nc4)CC3)CC2)nn1,none,mgdb,MG-6959,MG-6959,,,P11802,CDK4,unknown,3,cellular_phenotype,nan,False,,True,False,False,,,,split_from_multi_target_string,False
AZQXMPVSLRZHMT-UHFFFAOYSA-N,COc1ccc(NC(=O)c2ccccc2NC(=O)CCOCCN2CCC(NC(=O)CN3CCN(c4ccc(Nc5ncc6c(C)c(C(C)=O)c(=O)n(C7CCCC7)c6n5)nc4)CC3)CC2)nn1,COc1ccc(NC(=O)c2ccccc2NC(=O)CCOCCN2CCC(NC(=O)CN3CCN(c4ccc(Nc5ncc6c(C)c(C(C)=O)c(=O)n(C7CCCC7)c6n5)nc4)CC3)CC2)nn1,none,mgdb,MG-6960,MG-6960,,,P11802,CDK4,unknown,3,cellular_phenotype,nan,False,,True,False,False,,,,split_from_multi_target_string,False
QRSLEDSJDLCRQE-UHFFFAOYSA-N,COc1ccc(NC(=O)c2ccccc2NC(=O)COCCOC2CCC(NC(=O)CN3CCN(c4ccc(Nc5ncc6c(C)c(C(C)=O)c(=O)n(C7CCCC7)c6n5)nc4)CC3)CC2)nn1,COc1ccc(NC(=O)c2ccccc2NC(=O)COCCOC2CCC(NC(=O)CN3CCN(c4ccc(Nc5ncc6c(C)c(C(C)=O)c(=O)n(C7CCCC7)c6n5)nc4)CC3)CC2)nn1,undefined,mgdb,MG-6961,MG-6961,,,P11802,CDK4,unknown,3,cellular_phenotype,nan,False,,True,False,False,,,,split_from_multi_target_string,False
FAERJOVNRSQNGF-UHFFFAOYSA-N,CC(=O)c1c(C)c2cnc(Nc3ccc(N4CCN(CC(=O)NCCOCCOCCC(=O)Nc5ccccc5C(=O)Nc5ccc(OC6CC6)nn5)CC4)cn3)nc2n(C2CCCC2)c1=O,CC(=O)c1c(C)c2cnc(Nc3ccc(N4CCN(CC(=O)NCCOCCOCCC(=O)Nc5ccccc5C(=O)Nc5ccc(OC6CC6)nn5)CC4)cn3)nc2n(C2CCCC2)c1=O,none,mgdb,MG-6962,MG-6962,,,P11802,CDK4,unknown,3,cellular_phenotype,nan,False,,True,False,False,,,,split_from_multi_target_string,False
JZEBCCGXNVQTSO-UHFFFAOYSA-N,CNc1ccc(C(=O)Nc2ccccn2)c(NC(=O)CCOCCOCCNC(=O)CN2CCN(c3ccc(Nc4ncc5c(C)c(C(C)=O)c(=O)n(C6CCCC6)c5n4)nc3)CC2)c1,CNc1ccc(C(=O)Nc2ccccn2)c(NC(=O)CCOCCOCCNC(=O)CN2CCN(c3ccc(Nc4ncc5c(C)c(C(C)=O)c(=O)n(C6CCCC6)c5n4)nc3)CC2)c1,none,mgdb,MG-6952,MG-6952,,,P11802,CDK4,unknown,3,cellular_phenotype,nan,False,,True,False,False,,,,split_from_multi_target_string,False
VNRTZJDKIMPYTH-UHFFFAOYSA-N,CC(=O)c1c(C)c2cnc(Nc3ccc(N4CCN(C(=O)CCOCCOCCOCCC(=O)Nc5ccccc5C(=O)Nc5nc(C)c(C)s5)CC4)cn3)nc2n(C2CCCC2)c1=O,CC(=O)c1c(C)c2cnc(Nc3ccc(N4CCN(C(=O)CCOCCOCCOCCC(=O)Nc5ccccc5C(=O)Nc5nc(C)c(C)s5)CC4)cn3)nc2n(C2CCCC2)c1=O,none,mgdb,MG-6969,MG-6969,,,P11802,CDK4,unknown,3,cellular_phenotype,nan,False,,True,False,False,,,,split_from_multi_target_string,False
UNSYOOWLMKSIRA-UHFFFAOYSA-N,CC(=O)c1c(C)c2cnc(Nc3ccc(N4CCN(CC(=O)NCCOCCOCCC(=O)Nc5cc6c(cc5C(=O)Nc5ccc(C)cn5)CCCN6)CC4)cn3)nc2n(C2CCCC2)c1=O,CC(=O)c1c(C)c2cnc(Nc3ccc(N4CCN(CC(=O)NCCOCCOCCC(=O)Nc5cc6c(cc5C(=O)Nc5ccc(C)cn5)CCCN6)CC4)cn3)nc2n(C2CCCC2)c1=O,none,mgdb,MG-6970,MG-6970,,,P11802,CDK4,unknown,3,cellular_phenotype,nan,False,,True,False,False,,,,split_from_multi_target_string,False
RTIYCBJIAILVSB-UHFFFAOYSA-N,CC(=O)c1c(C)c2cnc(Nc3ccc(N4CCN(CC(=O)NCCOCCOCCC(=O)Nc5c(C(=O)Nc6ccc(C)cn6)ccc6[nH]ncc56)CC4)cn3)nc2n(C2CCCC2)c1=O,CC(=O)c1c(C)c2cnc(Nc3ccc(N4CCN(CC(=O)NCCOCCOCCC(=O)Nc5c(C(=O)Nc6ccc(C)cn6)ccc6[nH]ncc56)CC4)cn3)nc2n(C2CCCC2)c1=O,none,mgdb,MG-6971,MG-6971,,,P11802,CDK4,unknown,3,cellular_phenotype,nan,False,,True,False,False,,,,split_from_multi_target_string,False
FFUQLRPAWKXFCJ-UHFFFAOYSA-N,CC(=O)c1c(C)c2cnc(Nc3ccc(N4CCN(CC(=O)NCCOCCOCCC(=O)Nc5cc6c(cc5C(=O)Nc5ccc(C)cn5)CCN6)CC4)cn3)nc2n(C2CCCC2)c1=O,CC(=O)c1c(C)c2cnc(Nc3ccc(N4CCN(CC(=O)NCCOCCOCCC(=O)Nc5cc6c(cc5C(=O)Nc5ccc(C)cn5)CCN6)CC4)cn3)nc2n(C2CCCC2)c1=O,none,mgdb,MG-6972,MG-6972,,,P11802,CDK4,unknown,3,cellular_phenotype,nan,False,,True,False,False,,,,split_from_multi_target_string,False
OUMGBEMRDHUHFN-UHFFFAOYSA-N,COc1ccc(NC(=O)c2ccccc2NC(=O)CCCCN2CCC(NC(=O)CN3CCN(c4ccc(Nc5ncc6c(C)c(C(C)=O)c(=O)n(C7CCCC7)c6n5)nc4)CC3)CC2)nn1,COc1ccc(NC(=O)c2ccccc2NC(=O)CCCCN2CCC(NC(=O)CN3CCN(c4ccc(Nc5ncc6c(C)c(C(C)=O)c(=O)n(C7CCCC7)c6n5)nc4)CC3)CC2)nn1,none,mgdb,MG-6958,MG-6958,,,P11802,CDK4,unknown,3,cellular_phenotype,nan,False,,True,False,False,,,,split_from_multi_target_string,False
SZRTWZIGQGNATH-UHFFFAOYSA-N,CC(=O)c1c(C)c2cnc(Nc3ccc(N4CCN(CC(=O)NCCOCCOCCC(=O)Nc5c(C(=O)Nc6ccc(C)cn6)ccc6ncccc56)CC4)cn3)nc2n(C2CCCC2)c1=O,CC(=O)c1c(C)c2cnc(Nc3ccc(N4CCN(CC(=O)NCCOCCOCCC(=O)Nc5c(C(=O)Nc6ccc(C)cn6)ccc6ncccc56)CC4)cn3)nc2n(C2CCCC2)c1=O,none,mgdb,MG-6974,MG-6974,,,P11802,CDK4,unknown,3,cellular_phenotype,nan,False,,True,False,False,,,,split_from_multi_target_string,False
ZHONATKYSXYEDO-UHFFFAOYSA-N,CC(=O)c1c(C)c2cnc(Nc3ccc(N4CCN(CC(=O)NCCCCCNc5ccccc5C(=O)Nc5nc(C)c(C)s5)CC4)cn3)nc2n(C2CCCC2)c1=O,CC(=O)c1c(C)c2cnc(Nc3ccc(N4CCN(CC(=O)NCCCCCNc5ccccc5C(=O)Nc5nc(C)c(C)s5)CC4)cn3)nc2n(C2CCCC2)c1=O,none,mgdb,MG-6975,MG-6975,,,P11802,CDK4,unknown,3,cellular_phenotype,nan,False,,True,False,False,,,,split_from_multi_target_string,False
XLWFBXSIMZTOHH-UHFFFAOYSA-N,CC(=O)c1c(C)c2cnc(Nc3ccc(N4CCN(CC(=O)NCCCCCCCNc5ccccc5C(=O)Nc5nc(C)c(C)s5)CC4)cn3)nc2n(C2CCCC2)c1=O,CC(=O)c1c(C)c2cnc(Nc3ccc(N4CCN(CC(=O)NCCCCCCCNc5ccccc5C(=O)Nc5nc(C)c(C)s5)CC4)cn3)nc2n(C2CCCC2)c1=O,none,mgdb,MG-6976,MG-6976,,,P11802,CDK4,unknown,3,cellular_phenotype,nan,False,,True,False,False,,,,split_from_multi_target_string,False
UDPGDVFWHXMHBE-UHFFFAOYSA-N,COc1ccc(NC(=O)c2ccc(N(C)C)cc2NC(=O)CCOCCOCCNC(=O)CN2CCN(c3ccc(Nc4ncc5c(C)c(C(C)=O)c(=O)n(C6CCCC6)c5n4)nc3)CC2)nn1,COc1ccc(NC(=O)c2ccc(N(C)C)cc2NC(=O)CCOCCOCCNC(=O)CN2CCN(c3ccc(Nc4ncc5c(C)c(C(C)=O)c(=O)n(C6CCCC6)c5n4)nc3)CC2)nn1,none,mgdb,MG-6977,MG-6977,,,P11802,CDK4,unknown,3,cellular_phenotype,nan,False,,True,False,False,,,,split_from_multi_target_string,False
HNAVJOSFXNSTGP-UHFFFAOYSA-N,COc1ccc(NC(=O)c2ncccc2NC(=O)COCCOC2CCC(NC(=O)CN3CCN(c4ccc(Nc5ncc6c(C)c(C(C)=O)c(=O)n(C7CCCC7)c6n5)nc4)CC3)CC2)nn1,COc1ccc(NC(=O)c2ncccc2NC(=O)COCCOC2CCC(NC(=O)CN3CCN(c4ccc(Nc5ncc6c(C)c(C(C)=O)c(=O)n(C7CCCC7)c6n5)nc4)CC3)CC2)nn1,undefined,mgdb,MG-6978,MG-6978,,,P11802,CDK4,unknown,3,cellular_phenotype,nan,False,,True,False,False,,,,split_from_multi_target_string,False
RLWJGDYYWFOOQQ-UHFFFAOYSA-N,CC(=O)c1c(C)c2cnc(Nc3ccc(N4CCN(CC(=O)NCCOCCOCCC(=O)Nc5cccc(C(=O)Nc6ccc(OC(C)C)nn6)c5)CC4)cn3)nc2n(C2CCCC2)c1=O,CC(=O)c1c(C)c2cnc(Nc3ccc(N4CCN(CC(=O)NCCOCCOCCC(=O)Nc5cccc(C(=O)Nc6ccc(OC(C)C)nn6)c5)CC4)cn3)nc2n(C2CCCC2)c1=O,none,mgdb,MG-6963,MG-6963,,,P11802,CDK4,unknown,3,cellular_phenotype,nan,False,,True,False,False,,,,split_from_multi_target_string,False
YDRICSHPYZYETK-UHFFFAOYSA-N,CC(=O)c1c(C)c2cnc(Nc3ccc(N4CCN(CC(=O)NCCOCCOCCC(=O)Nc5ccccc5C(=O)Nc5ccc(C#N)nn5)CC4)cn3)nc2n(C2CCCC2)c1=O,CC(=O)c1c(C)c2cnc(Nc3ccc(N4CCN(CC(=O)NCCOCCOCCC(=O)Nc5ccccc5C(=O)Nc5ccc(C#N)nn5)CC4)cn3)nc2n(C2CCCC2)c1=O,none,mgdb,MG-6981,MG-6981,,,P11802,CDK4,unknown,3,cellular_phenotype,nan,False,,True,False,False,,,,split_from_multi_target_string,False
KUTZLOHHOSYQBS-UHFFFAOYSA-N,CC(=O)c1c(C)c2cnc(Nc3ccc(N4CCN(CC(=O)NCCCCCCCNc5cc(NS(C)(=O)=O)ccc5C(=O)Nc5nc(C)c(C)s5)CC4)cn3)nc2n(C2CCCC2)c1=O,CC(=O)c1c(C)c2cnc(Nc3ccc(N4CCN(CC(=O)NCCCCCCCNc5cc(NS(C)(=O)=O)ccc5C(=O)Nc5nc(C)c(C)s5)CC4)cn3)nc2n(C2CCCC2)c1=O,none,mgdb,MG-6982,MG-6982,,,P11802,CDK4,unknown,3,cellular_phenotype,nan,False,,True,False,False,,,,split_from_multi_target_string,False
MUARKGOOCKEPAS-UHFFFAOYSA-N,CNc1ccc(C(=O)Nc2ccc(C)c(C3CC3)n2)c(NCCCCCNC(=O)CN2CCN(c3ccc(Nc4ncc5c(C)c(C(C)=O)c(=O)n(C6CCCC6)c5n4)nc3)CC2)c1,CNc1ccc(C(=O)Nc2ccc(C)c(C3CC3)n2)c(NCCCCCNC(=O)CN2CCN(c3ccc(Nc4ncc5c(C)c(C(C)=O)c(=O)n(C6CCCC6)c5n4)nc3)CC2)c1,none,mgdb,MG-6983,MG-6983,,,P11802,CDK4,unknown,3,cellular_phenotype,nan,False,,True,False,False,,,,split_from_multi_target_string,False
BHRPMNDFLYAMCM-UHFFFAOYSA-N,CC(=O)c1c(C)c2cnc(Nc3ccc(N4CCN(CC(=O)NCCCCCNc5cc(F)ccc5C(=O)Nc5ccc(N(C)C)nn5)CC4)cn3)nc2n(C2CCCC2)c1=O,CC(=O)c1c(C)c2cnc(Nc3ccc(N4CCN(CC(=O)NCCCCCNc5cc(F)ccc5C(=O)Nc5ccc(N(C)C)nn5)CC4)cn3)nc2n(C2CCCC2)c1=O,none,mgdb,MG-6984,MG-6984,,,P11802,CDK4,unknown,3,cellular_phenotype,nan,False,,True,False,False,,,,split_from_multi_target_string,False
OHNFHTWNCFGLRU-UHFFFAOYSA-N,CC(=O)c1c(C)c2cnc(Nc3ccc(N4CCN(CC(=O)NCCOCCOCCC(=O)Nc5c(C(=O)Nc6ccc(C)cn6)ccc6[nH]ccc56)CC4)cc3)nc2n(C2CCCC2)c1=O,CC(=O)c1c(C)c2cnc(Nc3ccc(N4CCN(CC(=O)NCCOCCOCCC(=O)Nc5c(C(=O)Nc6ccc(C)cn6)ccc6[nH]ccc56)CC4)cc3)nc2n(C2CCCC2)c1=O,none,mgdb,MG-6973,MG-6973,,,P11802,CDK4,unknown,3,cellular_phenotype,nan,False,,True,False,False,,,,split_from_multi_target_string,False
CGWXHJLIXXZRCG-UHFFFAOYSA-N,CC(=O)c1c(C)c2cnc(Nc3ccc(N4CCN(CC(=O)NCCCCCNc5cc(Cl)ccc5C(=O)Nc5ccc(N(C)C)nn5)CC4)cn3)nc2n(C2CCCC2)c1=O,CC(=O)c1c(C)c2cnc(Nc3ccc(N4CCN(CC(=O)NCCCCCNc5cc(Cl)ccc5C(=O)Nc5ccc(N(C)C)nn5)CC4)cn3)nc2n(C2CCCC2)c1=O,none,mgdb,MG-6986,MG-6986,,,P11802,CDK4,unknown,3,cellular_phenotype,nan,False,,True,False,False,,,,split_from_multi_target_string,False
NYLMFYJJKDITHG-UHFFFAOYSA-N,CC(=O)c1c(C)c2cnc(Nc3ccc(N4CCN(CC(=O)NCCCCNc5cc(C)ccc5C(=O)Nc5ccc(N(C)C)nn5)CC4)cn3)nc2n(C2CCCC2)c1=O,CC(=O)c1c(C)c2cnc(Nc3ccc(N4CCN(CC(=O)NCCCCNc5cc(C)ccc5C(=O)Nc5ccc(N(C)C)nn5)CC4)cn3)nc2n(C2CCCC2)c1=O,none,mgdb,MG-6987,MG-6987,,,P11802,CDK4,unknown,3,cellular_phenotype,nan,False,,True,False,False,,,,split_from_multi_target_string,False
HOTQYYZZIXRJIQ-UHFFFAOYSA-N,CC(=O)c1c(C)c2cnc(Nc3ccc(N4CCN(CC(=O)NCCCCCNc5cc(C#N)ccc5C(=O)Nc5ccc(N(C)C)nn5)CC4)cn3)nc2n(C2CCCC2)c1=O,CC(=O)c1c(C)c2cnc(Nc3ccc(N4CCN(CC(=O)NCCCCCNc5cc(C#N)ccc5C(=O)Nc5ccc(N(C)C)nn5)CC4)cn3)nc2n(C2CCCC2)c1=O,none,mgdb,MG-6988,MG-6988,,,P11802,CDK4,unknown,3,cellular_phenotype,nan,False,,True,False,False,,,,split_from_multi_target_string,False
UHUJNFVASYUGEA-UHFFFAOYSA-N,CNc1ccc(C(=O)Nc2ccc(N(C)C)nn2)c(NCCCCCNC(=O)CN2CCN(c3ccc(Nc4ncc5c(C)c(C(C)=O)c(=O)n(C6CCCC6)c5n4)nc3)CC2)c1,CNc1ccc(C(=O)Nc2ccc(N(C)C)nn2)c(NCCCCCNC(=O)CN2CCN(c3ccc(Nc4ncc5c(C)c(C(C)=O)c(=O)n(C6CCCC6)c5n4)nc3)CC2)c1,none,mgdb,MG-6989,MG-6989,,,P11802,CDK4,unknown,3,cellular_phenotype,nan,False,,True,False,False,,,,split_from_multi_target_string,False
NWQIVTDASUAHGN-UHFFFAOYSA-N,CC(=O)c1c(C)c2cnc(Nc3ccc(N4CCN(CC(=O)NCCCCCCCNc5cc(C)ccc5C(=O)Nc5nc(C)c(C)s5)CC4)cn3)nc2n(C2CCCC2)c1=O,CC(=O)c1c(C)c2cnc(Nc3ccc(N4CCN(CC(=O)NCCCCCCCNc5cc(C)ccc5C(=O)Nc5nc(C)c(C)s5)CC4)cn3)nc2n(C2CCCC2)c1=O,none,mgdb,MG-6980,MG-6980,,,P11802,CDK4,unknown,3,cellular_phenotype,nan,False,,True,False,False,,,,split_from_multi_target_string,False
MDKAZIVHADGDCC-UHFFFAOYSA-N,CC(=O)c1c(C)c2cnc(Nc3ccc(N4CCN(CC(=O)NC(CCCCNc5cc(Cl)ccc5C(=O)Nc5ccc(C)c(C6CC6)n5)S(C)(=O)=O)CC4)cn3)nc2n(C2CCCC2)c1=O,CC(=O)c1c(C)c2cnc(Nc3ccc(N4CCN(CC(=O)NC(CCCCNc5cc(Cl)ccc5C(=O)Nc5ccc(C)c(C6CC6)n5)S(C)(=O)=O)CC4)cn3)nc2n(C2CCCC2)c1=O,undefined,mgdb,MG-6991,MG-6991,,,P11802,CDK4,unknown,3,cellular_phenotype,nan,False,,True,False,False,,,,split_from_multi_target_string,False
AYZBOFHTISLWLL-UHFFFAOYSA-N,[B]c1cnc(NC(=O)c2ccc(NCCOCCOCCOCCOCCOCCNC(=O)CN3CCN(c4ccc(Nc5ncc6c(C)c(C(C)=O)c(=O)n(C7CCCC7)c6n5)nc4)CC3)cc2C)s1,[B]c1cnc(NC(=O)c2ccc(NCCOCCOCCOCCOCCOCCNC(=O)CN3CCN(c4ccc(Nc5ncc6c(C)c(C(C)=O)c(=O)n(C7CCCC7)c6n5)nc4)CC3)cc2C)s1,none,mgdb,MG-6632,MG-6632,,,,Cyclin D1,unknown,3,cellular_phenotype,nan,False,,True,False,False,,,,,False
JSWBXZYYWIVMGS-UHFFFAOYSA-N,CC(=O)c1c(C)c2cnc(Nc3ccc(N4CCN(CC(=O)NCCOCCOCCOCCOCCOCCNc5ccc(C(=O)Nc6ncc(Cl)s6)c(C)c5)CC4)cn3)nc2n(C2CCCC2)c1=O,CC(=O)c1c(C)c2cnc(Nc3ccc(N4CCN(CC(=O)NCCOCCOCCOCCOCCOCCNc5ccc(C(=O)Nc6ncc(Cl)s6)c(C)c5)CC4)cn3)nc2n(C2CCCC2)c1=O,none,mgdb,MG-6633,MG-6633,,,,Cyclin D1,unknown,3,cellular_phenotype,nan,False,,True,False,False,,,,,False
CNAZAPAVCQERRY-UHFFFAOYSA-N,CC(=O)c1c(C)c2cnc(Nc3ccc(N4CCN(CC(=O)NCCOCCOCCOCCOCCOCCNc5ccc(C(=O)Nc6ncc(C(C)C)s6)c(C)c5)CC4)cn3)nc2n(C2CCCC2)c1=O,CC(=O)c1c(C)c2cnc(Nc3ccc(N4CCN(CC(=O)NCCOCCOCCOCCOCCOCCNc5ccc(C(=O)Nc6ncc(C(C)C)s6)c(C)c5)CC4)cn3)nc2n(C2CCCC2)c1=O,none,mgdb,MG-6634,MG-6634,,,,Cyclin D1,unknown,3,cellular_phenotype,nan,False,,True,False,False,,,,,False
XCZAECRQULOUNE-UHFFFAOYSA-N,CC(=O)c1c(C)c2cnc(Nc3ccc(N4CCN(CC(=O)NCCOCCOCCOCCOCCOCCNc5ccc(C(=O)Nc6nc(-c7ccccc7)cs6)c(C)c5)CC4)cn3)nc2n(C2CCCC2)c1=O,CC(=O)c1c(C)c2cnc(Nc3ccc(N4CCN(CC(=O)NCCOCCOCCOCCOCCOCCNc5ccc(C(=O)Nc6nc(-c7ccccc7)cs6)c(C)c5)CC4)cn3)nc2n(C2CCCC2)c1=O,none,mgdb,MG-6635,MG-6635,,,,Cyclin D1,unknown,3,cellular_phenotype,nan,False,,True,False,False,,,,,False
DVRGKNOATLKFAB-UHFFFAOYSA-N,CC(=O)c1c(C)c2cnc(Nc3ccc(N4CCN(CC(=O)NCCCCCNc5cc(C)ccc5C(=O)Nc5ccc(N(C)C)nn5)CC4)cn3)nc2n(C2CCCC2)c1=O,CC(=O)c1c(C)c2cnc(Nc3ccc(N4CCN(CC(=O)NCCCCCNc5cc(C)ccc5C(=O)Nc5ccc(N(C)C)nn5)CC4)cn3)nc2n(C2CCCC2)c1=O,none,mgdb,MG-6985,MG-6985,,,P11802,CDK4,unknown,3,cellular_phenotype,nan,False,,True,False,False,,,,split_from_multi_target_string,False
YCKQFGBEMIPWHZ-UHFFFAOYSA-N,CC(=O)c1c(C)c2cnc(Nc3ccc(N4CCN(CC(=O)NCCCCCNC(=O)c5ccc(C(=O)Nc6ncc(C)s6)c(C)c5)CC4)cn3)nc2n(C2CCCC2)c1=O,CC(=O)c1c(C)c2cnc(Nc3ccc(N4CCN(CC(=O)NCCCCCNC(=O)c5ccc(C(=O)Nc6ncc(C)s6)c(C)c5)CC4)cn3)nc2n(C2CCCC2)c1=O,none,mgdb,MG-6637,MG-6637,,,,Cyclin D1,unknown,3,cellular_phenotype,nan,False,,True,False,False,,,,,False
XNHVPZBMAGJYKT-UHFFFAOYSA-N,CC(=O)c1c(C)c2cnc(Nc3ccc(N4CCN(CC(=O)NCCOCCOCCNC(=O)c5ccc(C(=O)Nc6ncc(C)s6)c(C)c5)CC4)cn3)nc2n(C2CCCC2)c1=O,CC(=O)c1c(C)c2cnc(Nc3ccc(N4CCN(CC(=O)NCCOCCOCCNC(=O)c5ccc(C(=O)Nc6ncc(C)s6)c(C)c5)CC4)cn3)nc2n(C2CCCC2)c1=O,none,mgdb,MG-6638,MG-6638,,,,Cyclin D1,unknown,3,cellular_phenotype,nan,False,,True,False,False,,,,,False
QOGWNJJVOSZAFL-UHFFFAOYSA-N,CC(=O)c1c(C)c2cnc(Nc3ccc(N4CCN(CC(=O)NCCOCCOCCOCCNC(=O)c5ccc(C(=O)Nc6ncc(C)s6)c(C)c5)CC4)cn3)nc2n(C2CCCC2)c1=O,CC(=O)c1c(C)c2cnc(Nc3ccc(N4CCN(CC(=O)NCCOCCOCCOCCNC(=O)c5ccc(C(=O)Nc6ncc(C)s6)c(C)c5)CC4)cn3)nc2n(C2CCCC2)c1=O,none,mgdb,MG-6639,MG-6639,,,,Cyclin D1,unknown,3,cellular_phenotype,nan,False,,True,False,False,,,,,False
XNRNWIKERQHICU-UHFFFAOYSA-N,CC(=O)c1c(C)c2cnc(Nc3ccc(N4CCN(CC(=O)NCCOCCOCCOCCOCCNC(=O)c5ccc(C(=O)Nc6ncc(C)s6)c(C)c5)CC4)cn3)nc2n(C2CCCC2)c1=O,CC(=O)c1c(C)c2cnc(Nc3ccc(N4CCN(CC(=O)NCCOCCOCCOCCOCCNC(=O)c5ccc(C(=O)Nc6ncc(C)s6)c(C)c5)CC4)cn3)nc2n(C2CCCC2)c1=O,none,mgdb,MG-6640,MG-6640,,,,Cyclin D1,unknown,3,cellular_phenotype,nan,False,,True,False,False,,,,,False
VYSIGVLMQJGNBK-UHFFFAOYSA-N,CC(=O)c1c(C)c2cnc(Nc3ccc(N4CCN(CC(=O)NCCCCCNc5cc(Cl)ccc5C(=O)Nc5ccc(C)c(C6CC6)n5)CC4)cn3)nc2n(C2CCCC2)c1=O,CC(=O)c1c(C)c2cnc(Nc3ccc(N4CCN(CC(=O)NCCCCCNc5cc(Cl)ccc5C(=O)Nc5ccc(C)c(C6CC6)n5)CC4)cn3)nc2n(C2CCCC2)c1=O,none,mgdb,MG-6990,MG-6990,,,P11802,CDK4,unknown,3,cellular_phenotype,nan,False,,True,False,False,,,,split_from_multi_target_string,False
IQPOGMAKMCKZSK-UHFFFAOYSA-N,CC(=O)c1c(C)c2cnc(Nc3ccc(N4CCN(CC(=O)NCCOCCOCCOCCOCCOCCNC(=O)CNc5ccc(C(=O)Nc6ncc(C)s6)c(C)c5)CC4)cn3)nc2n(C2CCCC2)c1=O,CC(=O)c1c(C)c2cnc(Nc3ccc(N4CCN(CC(=O)NCCOCCOCCOCCOCCOCCNC(=O)CNc5ccc(C(=O)Nc6ncc(C)s6)c(C)c5)CC4)cn3)nc2n(C2CCCC2)c1=O,none,mgdb,MG-6642,MG-6642,,,,Cyclin D1,unknown,3,cellular_phenotype,nan,False,,True,False,False,,,,,False
CHMYCCLUBIHTAP-UHFFFAOYSA-N,CC(=O)c1c(C)c2cnc(Nc3ccc(N4CCN(CC(=O)NCCCCCCCNC(=O)CNc5ccc(C(=O)Nc6ncc(C)s6)c(C)c5)CC4)cn3)nc2n(C2CCCC2)c1=O,CC(=O)c1c(C)c2cnc(Nc3ccc(N4CCN(CC(=O)NCCCCCCCNC(=O)CNc5ccc(C(=O)Nc6ncc(C)s6)c(C)c5)CC4)cn3)nc2n(C2CCCC2)c1=O,none,mgdb,MG-6643,MG-6643,,,,Cyclin D1,unknown,3,cellular_phenotype,nan,False,,True,False,False,,,,,False
AKILEUXNRBRINP-UHFFFAOYSA-N,CC(=O)c1c(C)c2cnc(Nc3ccc(N4CCN(CC(=O)NCCOCCOCCNCC(=O)Nc5ccc(C(=O)Nc6ncc(C)s6)c(C)c5)CC4)cn3)nc2n(C2CCCC2)c1=O,CC(=O)c1c(C)c2cnc(Nc3ccc(N4CCN(CC(=O)NCCOCCOCCNCC(=O)Nc5ccc(C(=O)Nc6ncc(C)s6)c(C)c5)CC4)cn3)nc2n(C2CCCC2)c1=O,none,mgdb,MG-6645,MG-6645,,,,Cyclin D1,unknown,3,cellular_phenotype,nan,False,,True,False,False,,,,,False
CEDRWRTUYYLFAH-UHFFFAOYSA-N,CC(=O)c1c(C)c2cnc(Nc3ccc(N4CCN(CC(=O)NCCOCCOCCOCCOCCOCCNC(=O)c5ccc(C(=O)Nc6ncc(C)s6)c(C)c5)CC4)cn3)nc2n(C2CCCC2)c1=O,CC(=O)c1c(C)c2cnc(Nc3ccc(N4CCN(CC(=O)NCCOCCOCCOCCOCCOCCNC(=O)c5ccc(C(=O)Nc6ncc(C)s6)c(C)c5)CC4)cn3)nc2n(C2CCCC2)c1=O,none,mgdb,MG-6636,MG-6636,,,,Cyclin D1,unknown,3,cellular_phenotype,nan,False,,True,False,False,,,,,False
XKWNMYYCYCUEPC-UHFFFAOYSA-N,CC(=O)c1c(C)c2cnc(Nc3ncc(N4CCN(CC(=O)NCCOCCOCCOCCOCCOCCNC(=O)COc5ccc(C(=O)Nc6ncc(C)s6)c(C)c5)CC4)cn3)nc2n(C2CCCC2)c1=O,CC(=O)c1c(C)c2cnc(Nc3ncc(N4CCN(CC(=O)NCCOCCOCCOCCOCCOCCNC(=O)COc5ccc(C(=O)Nc6ncc(C)s6)c(C)c5)CC4)cn3)nc2n(C2CCCC2)c1=O,none,mgdb,MG-6647,MG-6647,,,,Cyclin D1,unknown,3,cellular_phenotype,nan,False,,True,False,False,,,,,False
LOGKPUAQJUFUSI-UHFFFAOYSA-N,CC(=O)c1c(C)c2cnc(Nc3ccc(N4CCN(CC(=O)NCCOCCOCCOCCOCCOCCNc5ccc(C(=O)Nc6ccc(C)cc6)c(C)c5)CC4)cn3)nc2n(C2CCCC2)c1=O,CC(=O)c1c(C)c2cnc(Nc3ccc(N4CCN(CC(=O)NCCOCCOCCOCCOCCOCCNc5ccc(C(=O)Nc6ccc(C)cc6)c(C)c5)CC4)cn3)nc2n(C2CCCC2)c1=O,none,mgdb,MG-6653,MG-6653,,,,Cyclin D1,unknown,3,cellular_phenotype,nan,False,,True,False,False,,,,,False
XAOJZXXTXMWEAA-UHFFFAOYSA-N,CC(=O)c1c(C)c2cnc(Nc3ccc(N4CCN(CC(=O)NCCOCCOCCOCCOCCOCCNc5ccc(C(=O)Nc6ccc(C)cn6)c(C)c5)CC4)cn3)nc2n(C2CCCC2)c1=O,CC(=O)c1c(C)c2cnc(Nc3ccc(N4CCN(CC(=O)NCCOCCOCCOCCOCCOCCNc5ccc(C(=O)Nc6ccc(C)cn6)c(C)c5)CC4)cn3)nc2n(C2CCCC2)c1=O,none,mgdb,MG-6654,MG-6654,,,,Cyclin D1,unknown,3,cellular_phenotype,nan,False,,True,False,False,,,,,False
YXIONOKCFUBXOO-UHFFFAOYSA-N,CC(=O)c1c(C)c2cnc(Nc3ccc(N4CCN(CC(=O)NCCOCCOCCOCCOCCOCCNc5ccc(C(=O)Nc6ncc(F)s6)c(C)c5)CC4)cn3)nc2n(C2CCCC2)c1=O,CC(=O)c1c(C)c2cnc(Nc3ccc(N4CCN(CC(=O)NCCOCCOCCOCCOCCOCCNc5ccc(C(=O)Nc6ncc(F)s6)c(C)c5)CC4)cn3)nc2n(C2CCCC2)c1=O,none,mgdb,MG-6656,MG-6656,,,,Cyclin D1,unknown,3,cellular_phenotype,nan,False,,True,False,False,,,,,False
JNKGBPDYLBCPNB-UHFFFAOYSA-N,CC(=O)c1c(C)c2cnc(Nc3ccc(N4CCN(CC(=O)NCCOCCOCCOCCOCCOCCNc5ccc(C(=O)Nc6ncc(C7CC7)s6)c(C)c5)CC4)cn3)nc2n(C2CCCC2)c1=O,CC(=O)c1c(C)c2cnc(Nc3ccc(N4CCN(CC(=O)NCCOCCOCCOCCOCCOCCNc5ccc(C(=O)Nc6ncc(C7CC7)s6)c(C)c5)CC4)cn3)nc2n(C2CCCC2)c1=O,none,mgdb,MG-6657,MG-6657,,,,Cyclin D1,unknown,3,cellular_phenotype,nan,False,,True,False,False,,,,,False
ZVLPVVJFNLTAJS-UHFFFAOYSA-N,CC(=O)c1c(C)c2cnc(Nc3ccc(N4CCN(CC(=O)NCCOCCOCCOCCOCCNC(=O)CNc5ccc(C(=O)Nc6ncc(C)s6)c(C)c5)CC4)cn3)nc2n(C2CCCC2)c1=O,CC(=O)c1c(C)c2cnc(Nc3ccc(N4CCN(CC(=O)NCCOCCOCCOCCOCCNC(=O)CNc5ccc(C(=O)Nc6ncc(C)s6)c(C)c5)CC4)cn3)nc2n(C2CCCC2)c1=O,none,mgdb,MG-6641,MG-6641,,,,Cyclin D1,unknown,3,cellular_phenotype,nan,False,,True,False,False,,,,,False
SNKGUMMAVHGNBH-UHFFFAOYSA-N,CC(=O)c1c(C)c2cnc(Nc3ccc(N4CCN(CC(=O)NCCOCCOCCOCCOCCOCCNc5ccc(C(=O)Nc6nc(C)c(C)s6)c(C)c5)CC4)cn3)nc2n(C2CCCC2)c1=O,CC(=O)c1c(C)c2cnc(Nc3ccc(N4CCN(CC(=O)NCCOCCOCCOCCOCCOCCNc5ccc(C(=O)Nc6nc(C)c(C)s6)c(C)c5)CC4)cn3)nc2n(C2CCCC2)c1=O,none,mgdb,MG-6659,MG-6659,,,,Cyclin D1,unknown,3,cellular_phenotype,nan,False,,True,False,False,,,,,False
HVZWNPMNBZKTCX-UHFFFAOYSA-N,COC(=O)c1cnc(NC(=O)c2ccc(NCCCOCCOCCOCCOCCOCCNC(=O)CN3CCN(c4ccc(Nc5ncc6c(C)c(C(C)=O)c(=O)n(C7CCCC7)c6n5)nc4)CC3)cc2C)s1,COC(=O)c1cnc(NC(=O)c2ccc(NCCCOCCOCCOCCOCCOCCNC(=O)CN3CCN(c4ccc(Nc5ncc6c(C)c(C(C)=O)c(=O)n(C7CCCC7)c6n5)nc4)CC3)cc2C)s1,none,mgdb,MG-6660,MG-6660,,,,Cyclin D1,unknown,3,cellular_phenotype,nan,False,,True,False,False,,,,,False
LBDNAEMQZHSLLZ-UHFFFAOYSA-N,COC(=O)c1nc(NC(=O)c2ccc(NCCOCCOCCOCCOCCOCCNC(=O)CN3CCN(c4ccc(Nc5ncc6c(C)c(C(C)=O)c(=O)n(C7CCCC7)c6n5)nc4)CC3)cc2C)sc1C,COC(=O)c1nc(NC(=O)c2ccc(NCCOCCOCCOCCOCCOCCNC(=O)CN3CCN(c4ccc(Nc5ncc6c(C)c(C(C)=O)c(=O)n(C7CCCC7)c6n5)nc4)CC3)cc2C)sc1C,none,mgdb,MG-6661,MG-6661,,,,Cyclin D1,unknown,3,cellular_phenotype,nan,False,,True,False,False,,,,,False
YLKPFJWLEMIXBU-UHFFFAOYSA-N,CC(=O)c1c(C)c2cnc(Nc3ccc(N4CCN(CC(=O)NCCOCCOCCOCCOCCOCCNc5ccc(C(=O)Nc6nc(-c7ccccc7)c(C)s6)c(C)c5)CC4)cn3)nc2n(C2CCCC2)c1=O,CC(=O)c1c(C)c2cnc(Nc3ccc(N4CCN(CC(=O)NCCOCCOCCOCCOCCOCCNc5ccc(C(=O)Nc6nc(-c7ccccc7)c(C)s6)c(C)c5)CC4)cn3)nc2n(C2CCCC2)c1=O,none,mgdb,MG-6662,MG-6662,,,,Cyclin D1,unknown,3,cellular_phenotype,nan,False,,True,False,False,,,,,False
KVSARFKSPNRFOC-UHFFFAOYSA-N,CC(=O)c1c(C)c2cnc(Nc3ccc(N4CCN(CC(=O)NCCOCCOCCOCCNC(=O)CNc5ccc(C(=O)Nc6ncc(C)s6)c(C)c5)CC4)cn3)nc2n(C2CCCC2)c1=O,CC(=O)c1c(C)c2cnc(Nc3ccc(N4CCN(CC(=O)NCCOCCOCCOCCNC(=O)CNc5ccc(C(=O)Nc6ncc(C)s6)c(C)c5)CC4)cn3)nc2n(C2CCCC2)c1=O,none,mgdb,MG-6646,MG-6646,,,,Cyclin D1,unknown,3,cellular_phenotype,nan,False,,True,False,False,,,,,False
AWZICWFZULOUGN-UHFFFAOYSA-N,CC(=O)c1c(C)c2cnc(Nc3ccc(N4CCN(CC(=O)NCCCCCNC(=O)COc5ccc(C(=O)Nc6ncc(C)s6)c(C)c5)CC4)cn3)nc2n(C2CCCC2)c1=O,CC(=O)c1c(C)c2cnc(Nc3ccc(N4CCN(CC(=O)NCCCCCNC(=O)COc5ccc(C(=O)Nc6ncc(C)s6)c(C)c5)CC4)cn3)nc2n(C2CCCC2)c1=O,none,mgdb,MG-6664,MG-6664,,,,Cyclin D1,unknown,3,cellular_phenotype,nan,False,,True,False,False,,,,,False
NYJYCRRUCDKVRM-UHFFFAOYSA-N,CC(=O)c1c(C)c2cnc(Nc3ccc(N4CCN(CC(=O)NCCCCCCCNC(=O)COc5ccc(C(=O)Nc6ncc(C)s6)c(C)c5)CC4)cn3)nc2n(C2CCCC2)c1=O,CC(=O)c1c(C)c2cnc(Nc3ccc(N4CCN(CC(=O)NCCCCCCCNC(=O)COc5ccc(C(=O)Nc6ncc(C)s6)c(C)c5)CC4)cn3)nc2n(C2CCCC2)c1=O,none,mgdb,MG-6665,MG-6665,,,,Cyclin D1,unknown,3,cellular_phenotype,nan,False,,True,False,False,,,,,False
RUUUFHDFRNLCKX-UHFFFAOYSA-N,CC(=O)c1c(C)c2cnc(Nc3ccc(N4CCN(CC(=O)NCCCCCCCCCNC(=O)COc5ccc(C(=O)Nc6ncc(C)s6)c(C)c5)CC4)cn3)nc2n(C2CCCC2)c1=O,CC(=O)c1c(C)c2cnc(Nc3ccc(N4CCN(CC(=O)NCCCCCCCCCNC(=O)COc5ccc(C(=O)Nc6ncc(C)s6)c(C)c5)CC4)cn3)nc2n(C2CCCC2)c1=O,none,mgdb,MG-6666,MG-6666,,,,Cyclin D1,unknown,3,cellular_phenotype,nan,False,,True,False,False,,,,,False
PHHDJHOCOFTYHU-UHFFFAOYSA-N,CC(=O)c1c(C)c2cnc(Nc3ccc(N4CCN(CC(=O)NCCOCCOCCNC(=O)COc5ccc(C(=O)Nc6ncc(C)s6)c(C)c5)CC4)cn3)nc2n(C2CCCC2)c1=O,CC(=O)c1c(C)c2cnc(Nc3ccc(N4CCN(CC(=O)NCCOCCOCCNC(=O)COc5ccc(C(=O)Nc6ncc(C)s6)c(C)c5)CC4)cn3)nc2n(C2CCCC2)c1=O,none,mgdb,MG-6667,MG-6667,,,,Cyclin D1,unknown,3,cellular_phenotype,nan,False,,True,False,False,,,,,False
HNDZCUXEDWWDSE-UHFFFAOYSA-N,COc1cnc(NC(=O)c2ccc(NCCCOCCOCCOCCOCCCNC(=O)CN3CCN(c4ccc(Nc5ncc6c(C)c(C(C)=O)c(=O)n(C7CCCC7)c6n5)nc4)CC3)cc2C)s1,COc1cnc(NC(=O)c2ccc(NCCCOCCOCCOCCOCCCNC(=O)CN3CCN(c4ccc(Nc5ncc6c(C)c(C(C)=O)c(=O)n(C7CCCC7)c6n5)nc4)CC3)cc2C)s1,none,mgdb,MG-6658,MG-6658,,,,Cyclin D1,unknown,3,cellular_phenotype,nan,False,,True,False,False,,,,,False
BXGADLBJFHVEBO-UHFFFAOYSA-N,CC(=O)c1c(C)c2cnc(Nc3ccc(N4CCN(CC(=O)NCCOCCOCCOCCOCCNC(=O)COc5ccc(C(=O)Nc6ncc(C)s6)c(C)c5)CC4)cn3)nc2n(C2CCCC2)c1=O,CC(=O)c1c(C)c2cnc(Nc3ccc(N4CCN(CC(=O)NCCOCCOCCOCCOCCNC(=O)COc5ccc(C(=O)Nc6ncc(C)s6)c(C)c5)CC4)cn3)nc2n(C2CCCC2)c1=O,none,mgdb,MG-6669,MG-6669,,,,Cyclin D1,unknown,3,cellular_phenotype,nan,False,,True,False,False,,,,,False
DCDHUBCPDJIMQG-UHFFFAOYSA-N,CC(=O)c1c(C)c2cnc(N(C)c3ccc(N4CCN(CC(=O)NCCOCCOCCOCCOCCOCCNc5ccc(C(=O)Nc6ncc(C)s6)c(C)c5)CC4)cn3)nc2n(C2CCCC2)c1=O,CC(=O)c1c(C)c2cnc(N(C)c3ccc(N4CCN(CC(=O)NCCOCCOCCOCCOCCOCCNc5ccc(C(=O)Nc6ncc(C)s6)c(C)c5)CC4)cn3)nc2n(C2CCCC2)c1=O,none,mgdb,MG-6670,MG-6670,,,,Cyclin D1,unknown,3,cellular_phenotype,nan,False,,True,False,False,,,,,False
MJYRMXACGWDDBX-UHFFFAOYSA-N,CC(=O)c1c(C)c2cnc(Nc3ccc(N4CCN(CC(=O)NCCOCCOCCOCCOCCOCCNc5ccc(C(=O)Nc6nc(C(C)C)c(C)s6)c(C)c5)CC4)cn3)nc2n(C2CCCC2)c1=O,CC(=O)c1c(C)c2cnc(Nc3ccc(N4CCN(CC(=O)NCCOCCOCCOCCOCCOCCNc5ccc(C(=O)Nc6nc(C(C)C)c(C)s6)c(C)c5)CC4)cn3)nc2n(C2CCCC2)c1=O,none,mgdb,MG-6671,MG-6671,,,,Cyclin D1,unknown,3,cellular_phenotype,nan,False,,True,False,False,,,,,False
XGHIIDQCXGHAPT-UHFFFAOYSA-N,CC(=O)c1c(C)c2cnc(Nc3ccc(N4CCN(CC(=O)NCCOCCOCCOCCOCCOCCNc5ccc(C(=O)Nc6nc(Br)c(C)s6)c(C)c5)CC4)cn3)nc2n(C2CCCC2)c1=O,CC(=O)c1c(C)c2cnc(Nc3ccc(N4CCN(CC(=O)NCCOCCOCCOCCOCCOCCNc5ccc(C(=O)Nc6nc(Br)c(C)s6)c(C)c5)CC4)cn3)nc2n(C2CCCC2)c1=O,none,mgdb,MG-6672,MG-6672,,,,Cyclin D1,unknown,3,cellular_phenotype,nan,False,,True,False,False,,,,,False
KXBSTBIVBZCLAG-UHFFFAOYSA-N,CC(=O)c1nc(NC(=O)c2ccc(NCCOCCOCCOCCOCCOCCNC(=O)CN3CCN(c4ccc(Nc5ncc6c(C)c(C(C)=O)c(=O)n(C7CCCC7)c6n5)nc4)CC3)cc2C)sc1C,CC(=O)c1nc(NC(=O)c2ccc(NCCOCCOCCOCCOCCOCCNC(=O)CN3CCN(c4ccc(Nc5ncc6c(C)c(C(C)=O)c(=O)n(C7CCCC7)c6n5)nc4)CC3)cc2C)sc1C,none,mgdb,MG-6673,MG-6673,,,,Cyclin D1,unknown,3,cellular_phenotype,nan,False,,True,False,False,,,,,False
IPDFQQLHBVVJBP-UHFFFAOYSA-N,CC(=O)c1c(C)c2cnc(Nc3ccc(N4CCN(CC(=O)NCCCCCCCCCNC(=O)CNc5ccc(C(=O)Nc6ncc(C)s6)c(C)c5)CC4)cn3)nc2n(C2CCCC2)c1=O,CC(=O)c1c(C)c2cnc(Nc3ccc(N4CCN(CC(=O)NCCCCCCCCCNC(=O)CNc5ccc(C(=O)Nc6ncc(C)s6)c(C)c5)CC4)cn3)nc2n(C2CCCC2)c1=O,none,mgdb,MG-6663,MG-6663,,,,Cyclin D1,unknown,3,cellular_phenotype,nan,False,,True,False,False,,,,,False
KSLOKXSKBNOGOU-UHFFFAOYSA-N,CCc1nc(NC(=O)c2ccc(NCCOCCOCCOCCOCCOCCNC(=O)CN3CCN(c4ccc(Nc5ncc6c(C)c(C(C)=O)c(=O)n(C7CCC(C)C7)c6n5)nc4)CC3)cc2C)sc1C,CCc1nc(NC(=O)c2ccc(NCCOCCOCCOCCOCCOCCNC(=O)CN3CCN(c4ccc(Nc5ncc6c(C)c(C(C)=O)c(=O)n(C7CCC(C)C7)c6n5)nc4)CC3)cc2C)sc1C,undefined,mgdb,MG-6675,MG-6675,,,,Cyclin D1,unknown,3,cellular_phenotype,nan,False,,True,False,False,,,,,False
RVNUSWFUVZXGEQ-UHFFFAOYSA-N,CC(=O)c1c(C)c2cnc(Nc3ccc(N4CCN(CC(=O)NCCCCCCCNC(=O)c5ccc(C(=O)Nc6ncc(C)s6)c(C)c5)CC4)cn3)nc2n(C2CCCC2)c1=O,CC(=O)c1c(C)c2cnc(Nc3ccc(N4CCN(CC(=O)NCCCCCCCNC(=O)c5ccc(C(=O)Nc6ncc(C)s6)c(C)c5)CC4)cn3)nc2n(C2CCCC2)c1=O,none,mgdb,MG-6676,MG-6676,,,,Cyclin D1,unknown,3,cellular_phenotype,nan,False,,True,False,False,,,,,False
IMZOPOYGZLBDQW-UHFFFAOYSA-N,CC(=O)c1c(C)c2cnc(N(C)c3ccc(N4CCN(CC(=O)NCCOCCOCCOCCOCCOCCNc5ccc(C(=O)Nc6nc(C)c(C)s6)c(C)c5)CC4)cn3)nc2n(C2CCCC2)c1=O,CC(=O)c1c(C)c2cnc(N(C)c3ccc(N4CCN(CC(=O)NCCOCCOCCOCCOCCOCCNc5ccc(C(=O)Nc6nc(C)c(C)s6)c(C)c5)CC4)cn3)nc2n(C2CCCC2)c1=O,none,mgdb,MG-6677,MG-6677,,,,Cyclin D1,unknown,3,cellular_phenotype,nan,False,,True,False,False,,,,,False
OTKDLDYSTMNANO-UHFFFAOYSA-N,CC(=O)c1c(C)c2cnc(Nc3ccc(N4CCN(CC(=O)NCCOCCOCCOCCOCCOCCNc5ccc(C(=O)Nc6cc(C)n(C)n6)c(C)c5)CC4)cn3)nc2n(C2CCCC2)c1=O,CC(=O)c1c(C)c2cnc(Nc3ccc(N4CCN(CC(=O)NCCOCCOCCOCCOCCOCCNc5ccc(C(=O)Nc6cc(C)n(C)n6)c(C)c5)CC4)cn3)nc2n(C2CCCC2)c1=O,none,mgdb,MG-6678,MG-6678,,,,Cyclin D1,unknown,3,cellular_phenotype,nan,False,,True,False,False,,,,,False
DWIIOVJOBACVKG-UHFFFAOYSA-N,CC(=O)c1c(C)c2cnc(Nc3ccc(N4CCN(CC(=O)NCCOCCOCCOCCNC(=O)COc5ccc(C(=O)Nc6ncc(C)s6)c(C)c5)CC4)cn3)nc2n(C2CCCC2)c1=O,CC(=O)c1c(C)c2cnc(Nc3ccc(N4CCN(CC(=O)NCCOCCOCCOCCNC(=O)COc5ccc(C(=O)Nc6ncc(C)s6)c(C)c5)CC4)cn3)nc2n(C2CCCC2)c1=O,none,mgdb,MG-6668,MG-6668,,,,Cyclin D1,unknown,3,cellular_phenotype,nan,False,,True,False,False,,,,,False
VLRZGUICBIQSEJ-UHFFFAOYSA-N,CC(=O)c1c(C)c2cnc(Nc3ccc(N4CCN(CC(=O)NCCOCCOCCC(=O)Nc5ccccc5C(=O)Nc5ccccn5)CC4)cn3)nc2n(C2CCCC2)c1=O,CC(=O)c1c(C)c2cnc(Nc3ccc(N4CCN(CC(=O)NCCOCCOCCC(=O)Nc5ccccc5C(=O)Nc5ccccn5)CC4)cn3)nc2n(C2CCCC2)c1=O,none,mgdb,MG-6681,MG-6681,,,,Cyclin D1,unknown,3,cellular_phenotype,nan,False,,True,False,False,,,,,False
NTUPQORPEFPHDR-UHFFFAOYSA-N,CC(=O)c1c(C)c2cnc(Nc3ccc(N4CCN(CC(=O)NCCOCCOCCC(=O)Nc5ccccc5C(=O)Nc5cnc(C)cn5)CC4)cn3)nc2n(C2CCCC2)c1=O,CC(=O)c1c(C)c2cnc(Nc3ccc(N4CCN(CC(=O)NCCOCCOCCC(=O)Nc5ccccc5C(=O)Nc5cnc(C)cn5)CC4)cn3)nc2n(C2CCCC2)c1=O,none,mgdb,MG-6682,MG-6682,,,,Cyclin D1,unknown,3,cellular_phenotype,nan,False,,True,False,False,,,,,False
OXCNYWONVHMLED-UHFFFAOYSA-N,CC(=O)c1c(C)c2cnc(Nc3ccc(N4CCN(CC(=O)NCCOCCOCCC(=O)Nc5ccccc5C(=O)Nc5ncc(C)cn5)CC4)cn3)nc2n(C2CCCC2)c1=O,CC(=O)c1c(C)c2cnc(Nc3ccc(N4CCN(CC(=O)NCCOCCOCCC(=O)Nc5ccccc5C(=O)Nc5ncc(C)cn5)CC4)cn3)nc2n(C2CCCC2)c1=O,none,mgdb,MG-6683,MG-6683,,,,Cyclin D1,unknown,3,cellular_phenotype,nan,False,,True,False,False,,,,,False
OSIWCVKDTSHXKN-UHFFFAOYSA-N,CC(=O)c1c(C)c2cnc(Nc3ccc(N4CCN(CC(=O)NCCOCCOCCC(=O)Nc5ccccc5C(=O)Nc5ccc(C)nn5)CC4)cn3)nc2n(C2CCCC2)c1=O,CC(=O)c1c(C)c2cnc(Nc3ccc(N4CCN(CC(=O)NCCOCCOCCC(=O)Nc5ccccc5C(=O)Nc5ccc(C)nn5)CC4)cn3)nc2n(C2CCCC2)c1=O,none,mgdb,MG-6684,MG-6684,,,,Cyclin D1,unknown,3,cellular_phenotype,nan,False,,True,False,False,,,,,False
IYBHLDGFWZCCSD-UHFFFAOYSA-N,CC(=O)c1c(C)c2cnc(Nc3ccc(N4CCN(CC(=O)NCCOCCOCCOCCOCCOCCNc5ccc(C(=O)Nc6nc(C7CC7)c(C)s6)c(C)c5)CC4)cn3)nc2n(C2CCCC2)c1=O,CC(=O)c1c(C)c2cnc(Nc3ccc(N4CCN(CC(=O)NCCOCCOCCOCCOCCOCCNc5ccc(C(=O)Nc6nc(C7CC7)c(C)s6)c(C)c5)CC4)cn3)nc2n(C2CCCC2)c1=O,none,mgdb,MG-6674,MG-6674,,,,Cyclin D1,unknown,3,cellular_phenotype,nan,False,,True,False,False,,,,,False
BRMHATSSYRSLPZ-UHFFFAOYSA-N,CC(=O)c1c(C)c2cnc(Nc3ccc(N4CCN(CC(=O)NCCOCCOCCC(=O)Nc5ccccc5C(=O)Nc5nc(C)ns5)CC4)cn3)nc2n(C2CCCC2)c1=O,CC(=O)c1c(C)c2cnc(Nc3ccc(N4CCN(CC(=O)NCCOCCOCCC(=O)Nc5ccccc5C(=O)Nc5nc(C)ns5)CC4)cn3)nc2n(C2CCCC2)c1=O,none,mgdb,MG-6686,MG-6686,,,,Cyclin D1,unknown,3,cellular_phenotype,nan,False,,True,False,False,,,,,False
WGKCFBYEPOFNQP-UHFFFAOYSA-N,CC(=O)c1c(C)c2cnc(Nc3ccc(N4CCN(CC(=O)NCCOCCOCCC(=O)Nc5ccccc5C(=O)Nc5nc(C6CC6)ns5)CC4)cn3)nc2n(C2CCCC2)c1=O,CC(=O)c1c(C)c2cnc(Nc3ccc(N4CCN(CC(=O)NCCOCCOCCC(=O)Nc5ccccc5C(=O)Nc5nc(C6CC6)ns5)CC4)cn3)nc2n(C2CCCC2)c1=O,none,mgdb,MG-6687,MG-6687,,,,Cyclin D1,unknown,3,cellular_phenotype,nan,False,,True,False,False,,,,,False
PBEJTVFPGFUTTK-UHFFFAOYSA-N,CC(=O)c1c(C)c2cnc(Nc3ccc(N4CCN(CC(=O)NCCOCCOCCC(=O)Nc5ccccc5C(=O)Nc5ccc(C)nc5)CC4)cn3)nc2n(C2CCCC2)c1=O,CC(=O)c1c(C)c2cnc(Nc3ccc(N4CCN(CC(=O)NCCOCCOCCC(=O)Nc5ccccc5C(=O)Nc5ccc(C)nc5)CC4)cn3)nc2n(C2CCCC2)c1=O,none,mgdb,MG-6688,MG-6688,,,,Cyclin D1,unknown,3,cellular_phenotype,nan,False,,True,False,False,,,,,False
YCGXUJCREYXLLJ-UHFFFAOYSA-N,CC(=O)c1c(C)c2cnc(Nc3ccc(N4CCN(CC(=O)NCCOCCOCCC(=O)Nc5ncccc5C(=O)Nc5ccc(C)cn5)CC4)cn3)nc2n(C2CCCC2)c1=O,CC(=O)c1c(C)c2cnc(Nc3ccc(N4CCN(CC(=O)NCCOCCOCCC(=O)Nc5ncccc5C(=O)Nc5ccc(C)cn5)CC4)cn3)nc2n(C2CCCC2)c1=O,none,mgdb,MG-6689,MG-6689,,,,Cyclin D1,unknown,3,cellular_phenotype,nan,False,,True,False,False,,,,,False
ZVXIEHZIFPDQQE-UHFFFAOYSA-N,CC(=O)c1c(C)c2cnc(Nc3ccc(N4CCN(CC(=O)NCCOCCOCCC(=O)Nc5ccccc5C(=O)Nc5nc(C6CCOCC6)c(C)s5)CC4)cn3)nc2n(C2CCCC2)c1=O,CC(=O)c1c(C)c2cnc(Nc3ccc(N4CCN(CC(=O)NCCOCCOCCC(=O)Nc5ccccc5C(=O)Nc5nc(C6CCOCC6)c(C)s5)CC4)cn3)nc2n(C2CCCC2)c1=O,none,mgdb,MG-6690,MG-6690,,,,Cyclin D1,unknown,3,cellular_phenotype,nan,False,,True,False,False,,,,,False
TUHMKIAGLGSMFH-UHFFFAOYSA-N,CC(=O)c1c(C)c2cnc(Nc3ccc(N4CCN(CC(=O)NCCOCCOCCC(=O)Nc5ccccc5C(=O)Nc5cc(C)n(C)n5)CC4)cn3)nc2n(C2CCCC2)c1=O,CC(=O)c1c(C)c2cnc(Nc3ccc(N4CCN(CC(=O)NCCOCCOCCC(=O)Nc5ccccc5C(=O)Nc5cc(C)n(C)n5)CC4)cn3)nc2n(C2CCCC2)c1=O,none,mgdb,MG-6680,MG-6680,,,,Cyclin D1,unknown,3,cellular_phenotype,nan,False,,True,False,False,,,,,False
SQMNHEWYIWSXPR-UHFFFAOYSA-N,CC(=O)c1c(C)c2cnc(Nc3ccc(N4CCN(CC(=O)NCCOCCOCCC(=O)Nc5c(F)cccc5C(=O)Nc5ncc(C)[nH]5)CC4)cn3)nc2n(C2CCCC2)c1=O,CC(=O)c1c(C)c2cnc(Nc3ccc(N4CCN(CC(=O)NCCOCCOCCC(=O)Nc5c(F)cccc5C(=O)Nc5ncc(C)[nH]5)CC4)cn3)nc2n(C2CCCC2)c1=O,none,mgdb,MG-6692,MG-6692,,,,Cyclin D1,unknown,3,cellular_phenotype,nan,False,,True,False,False,,,,,False
KQZNEZYLVJGYOG-UHFFFAOYSA-N,CC(=O)c1c(C)c2cnc(Nc3ccc(N4CCN(CC(=O)NCCOCCOCCC(=O)Nc5ccccc5C(=O)Nc5ccc(C)s5)CC4)cn3)nc2n(C2CCC(C)C2)c1=O,CC(=O)c1c(C)c2cnc(Nc3ccc(N4CCN(CC(=O)NCCOCCOCCC(=O)Nc5ccccc5C(=O)Nc5ccc(C)s5)CC4)cn3)nc2n(C2CCC(C)C2)c1=O,undefined,mgdb,MG-6693,MG-6693,,,,Cyclin D1,unknown,3,cellular_phenotype,nan,False,,True,False,False,,,,,False
LQJAJODRDUVAHE-UHFFFAOYSA-N,CC(=O)c1c(C)c2cnc(Nc3ccc(N4CCN(CC(=O)NCCOCCOCCC(=O)Nc5ccccc5C(=O)Nc5ncc(C)o5)CC4)cn3)nc2n(C2CCCC2)c1=O,CC(=O)c1c(C)c2cnc(Nc3ccc(N4CCN(CC(=O)NCCOCCOCCC(=O)Nc5ccccc5C(=O)Nc5ncc(C)o5)CC4)cn3)nc2n(C2CCCC2)c1=O,none,mgdb,MG-6694,MG-6694,,,,Cyclin D1,unknown,3,cellular_phenotype,nan,False,,True,False,False,,,,,False
SBAHXFZOFKYFLF-UHFFFAOYSA-N,CC(=O)c1c(C)c2cnc(Nc3ccc(N4CCN(CC(=O)NCCOCCOCCNc5cccc(C(=O)Nc6cc(C)n(C)n6)c5C)CC4)cn3)nc2n(C2CCCC2)c1=O,CC(=O)c1c(C)c2cnc(Nc3ccc(N4CCN(CC(=O)NCCOCCOCCNc5cccc(C(=O)Nc6cc(C)n(C)n6)c5C)CC4)cn3)nc2n(C2CCCC2)c1=O,none,mgdb,MG-6695,MG-6695,,,,Cyclin D1,unknown,3,cellular_phenotype,nan,False,,True,False,False,,,,,False
INSNGVRXZKHDGR-UHFFFAOYSA-N,CC(=O)c1c(C)c2cnc(Nc3ccc(N4CCN(CC(=O)NCCOCCOCCC(=O)Nc5ccccc5C(=O)Nc5nc(C6CC6)c(C)s5)CC4)cn3)nc2n(C2CCCC2)c1=O,CC(=O)c1c(C)c2cnc(Nc3ccc(N4CCN(CC(=O)NCCOCCOCCC(=O)Nc5ccccc5C(=O)Nc5nc(C6CC6)c(C)s5)CC4)cn3)nc2n(C2CCCC2)c1=O,none,mgdb,MG-6685,MG-6685,,,,Cyclin D1,unknown,3,cellular_phenotype,nan,False,,True,False,False,,,,,False
DZSUABROBXIMTR-UHFFFAOYSA-N,CC(=O)c1c(C)c2cnc(Nc3ccc(N4CCN(CC(=O)NCCOCCOCCC(=O)Nc5ccccc5C(=O)Nc5nc(C(C)C)c(C)s5)CC4)cn3)nc2n(C2CCCC2)c1=O,CC(=O)c1c(C)c2cnc(Nc3ccc(N4CCN(CC(=O)NCCOCCOCCC(=O)Nc5ccccc5C(=O)Nc5nc(C(C)C)c(C)s5)CC4)cn3)nc2n(C2CCCC2)c1=O,none,mgdb,MG-6698,MG-6698,,,,Cyclin D1,unknown,3,cellular_phenotype,nan,False,,True,False,False,,,,,False
YUTSFMIIWQUFET-UHFFFAOYSA-N,CC(=O)c1c(C)c2cnc(Nc3ccc(N4CCN(CC(=O)NCCOCCOCCC(=O)Nc5ccccc5C(=O)Nc5nc(Br)c(C)s5)CC4)cn3)nc2n(C2CCCC2)c1=O,CC(=O)c1c(C)c2cnc(Nc3ccc(N4CCN(CC(=O)NCCOCCOCCC(=O)Nc5ccccc5C(=O)Nc5nc(Br)c(C)s5)CC4)cn3)nc2n(C2CCCC2)c1=O,none,mgdb,MG-6699,MG-6699,,,,Cyclin D1,unknown,3,cellular_phenotype,nan,False,,True,False,False,,,,,False
SRKDHYRWBMAJQH-UHFFFAOYSA-N,CC(=O)c1c(C)c2cnc(Nc3ccc(N4CCN(CC(=O)NCCOCCOCCC(=O)Nc5ccccc5C(=O)Nc5nc(C6CCNCC6)c(C)s5)CC4)cn3)nc2n(C2CCCC2)c1=O,CC(=O)c1c(C)c2cnc(Nc3ccc(N4CCN(CC(=O)NCCOCCOCCC(=O)Nc5ccccc5C(=O)Nc5nc(C6CCNCC6)c(C)s5)CC4)cn3)nc2n(C2CCCC2)c1=O,none,mgdb,MG-6700,MG-6700,,,,Cyclin D1,unknown,3,cellular_phenotype,nan,False,,True,False,False,,,,,False
AIDYGNCSNZRKKJ-UHFFFAOYSA-N,CC(=O)c1c(C)c2cnc(Nc3ccc(N4CCN(CC(=O)NCCOCCOCCC(=O)Nc5ccccc5C(=O)Nc5cc[nH]n5)CC4)cn3)nc2n(C2CCCC2)c1=O,CC(=O)c1c(C)c2cnc(Nc3ccc(N4CCN(CC(=O)NCCOCCOCCC(=O)Nc5ccccc5C(=O)Nc5cc[nH]n5)CC4)cn3)nc2n(C2CCCC2)c1=O,none,mgdb,MG-6701,MG-6701,,,,Cyclin D1,unknown,3,cellular_phenotype,nan,False,,True,False,False,,,,,False
XPIBDQBNRZVERU-UHFFFAOYSA-N,CC(=O)c1c(C)c2cnc(Nc3ccc(N4CCN(CC(=O)NCCOCCOCCC(=O)Nc5ccccc5C(=O)Nc5cn(C)cn5)CC4)cn3)nc2n(C2CCCC2)c1=O,CC(=O)c1c(C)c2cnc(Nc3ccc(N4CCN(CC(=O)NCCOCCOCCC(=O)Nc5ccccc5C(=O)Nc5cn(C)cn5)CC4)cn3)nc2n(C2CCCC2)c1=O,none,mgdb,MG-6691,MG-6691,,,,Cyclin D1,unknown,3,cellular_phenotype,nan,False,,True,False,False,,,,,False
VAGFOIQXPQVTPV-UHFFFAOYSA-N,CCc1nc(NC(=O)c2ccccc2NC(=O)CCOCCOCCNC(=O)CN2CCN(c3ccc(Nc4ncc5c(C)c(C(C)=O)c(=O)n(C6CCCC6)c5n4)nc3)CC2)sc1C,CCc1nc(NC(=O)c2ccccc2NC(=O)CCOCCOCCNC(=O)CN2CCN(c3ccc(Nc4ncc5c(C)c(C(C)=O)c(=O)n(C6CCCC6)c5n4)nc3)CC2)sc1C,none,mgdb,MG-6703,MG-6703,,,,Cyclin D1,unknown,3,cellular_phenotype,nan,False,,True,False,False,,,,,False
OFLXLTRWVWGHCE-UHFFFAOYSA-N,CC(=O)c1c(C)c2cnc(Nc3ccc(N4CCN(CC(=O)NCCOCCOCCC(=O)Nc5ccccc5C(=O)Nc5cc(C)n(C(C)C)n5)CC4)cn3)nc2n(C2CCCC2)c1=O,CC(=O)c1c(C)c2cnc(Nc3ccc(N4CCN(CC(=O)NCCOCCOCCC(=O)Nc5ccccc5C(=O)Nc5cc(C)n(C(C)C)n5)CC4)cn3)nc2n(C2CCCC2)c1=O,none,mgdb,MG-6704,MG-6704,,,,Cyclin D1,unknown,3,cellular_phenotype,nan,False,,True,False,False,,,,,False
GADSDHIJIMPQPF-UHFFFAOYSA-N,CC(=O)c1c(C)c2cnc(Nc3ccc(N4CCN(CC(=O)NCCOCCOCCC(=O)Nc5ccccc5C(=O)Nc5nc(C(F)(F)F)c(C)s5)CC4)cn3)nc2n(C2CCCC2)c1=O,CC(=O)c1c(C)c2cnc(Nc3ccc(N4CCN(CC(=O)NCCOCCOCCC(=O)Nc5ccccc5C(=O)Nc5nc(C(F)(F)F)c(C)s5)CC4)cn3)nc2n(C2CCCC2)c1=O,none,mgdb,MG-6705,MG-6705,,,,Cyclin D1,unknown,3,cellular_phenotype,nan,False,,True,False,False,,,,,False
IIKVZAKJJLQWJW-UHFFFAOYSA-N,CC(=O)c1c(C)c2cnc(Nc3ccc(N4CCN(CCCCCCCCCCNc5cccc(C(=O)Nc6nc(C)c(C)s6)c5C)CC4)cn3)nc2n(C2CCCC2)c1=O,CC(=O)c1c(C)c2cnc(Nc3ccc(N4CCN(CCCCCCCCCCNc5cccc(C(=O)Nc6nc(C)c(C)s6)c5C)CC4)cn3)nc2n(C2CCCC2)c1=O,none,mgdb,MG-6706,MG-6706,,,,Cyclin D1,unknown,3,cellular_phenotype,nan,False,,True,False,False,,,,,False
VBJMENQKJBEBHY-UHFFFAOYSA-N,CC(=O)c1c(C)c2cnc(Nc3ccc(N4CCN(CC(=O)NCCOCCOCCC(=O)Nc5ccccc5C(=O)Nc5cc(C6CC6)n(C)n5)CC4)cn3)nc2n(C2CCCC2)c1=O,CC(=O)c1c(C)c2cnc(Nc3ccc(N4CCN(CC(=O)NCCOCCOCCC(=O)Nc5ccccc5C(=O)Nc5cc(C6CC6)n(C)n5)CC4)cn3)nc2n(C2CCCC2)c1=O,none,mgdb,MG-6707,MG-6707,,,,Cyclin D1,unknown,3,cellular_phenotype,nan,False,,True,False,False,,,,,False
RXHPRFXTTPZOEY-UHFFFAOYSA-N,CC(=O)c1c(C)c2cnc(Nc3ccc(N4CCN(CC(=O)NCCOCCOCCC(=O)Nc5ccccc5C(=O)Nc5ccn(C)n5)CC4)cn3)nc2n(C2CCCC2)c1=O,CC(=O)c1c(C)c2cnc(Nc3ccc(N4CCN(CC(=O)NCCOCCOCCC(=O)Nc5ccccc5C(=O)Nc5ccn(C)n5)CC4)cn3)nc2n(C2CCCC2)c1=O,none,mgdb,MG-6696,MG-6696,,,,Cyclin D1,unknown,3,cellular_phenotype,nan,False,,True,False,False,,,,,False
CONGRHDBQDEKFJ-UHFFFAOYSA-N,CC(=O)c1c(C)c2cnc(Nc3ccc(N4CCN(CC(=O)NCCOCCOCCC(=O)Nc5ccccc5C(=O)Nc5ccc(F)cn5)CC4)cn3)nc2n(C2CCCC2)c1=O,CC(=O)c1c(C)c2cnc(Nc3ccc(N4CCN(CC(=O)NCCOCCOCCC(=O)Nc5ccccc5C(=O)Nc5ccc(F)cn5)CC4)cn3)nc2n(C2CCCC2)c1=O,none,mgdb,MG-6709,MG-6709,,,,Cyclin D1,unknown,3,cellular_phenotype,nan,False,,True,False,False,,,,,False
ULJLYQCCVMWLSR-UHFFFAOYSA-N,CC(=O)c1c(C)c2cnc(Nc3ccc(N4CCN(CC(=O)NCCOCCOCCC(=O)Nc5ccccc5C(=O)Nc5ccc(Cl)cn5)CC4)cn3)nc2n(C2CCCC2)c1=O,CC(=O)c1c(C)c2cnc(Nc3ccc(N4CCN(CC(=O)NCCOCCOCCC(=O)Nc5ccccc5C(=O)Nc5ccc(Cl)cn5)CC4)cn3)nc2n(C2CCCC2)c1=O,none,mgdb,MG-6710,MG-6710,,,,Cyclin D1,unknown,3,cellular_phenotype,nan,False,,True,False,False,,,,,False
YQCWOHYMTYVFAC-UHFFFAOYSA-N,CC(=O)c1c(C)c2cnc(Nc3ccc(N4CCN(CC(=O)NCCOCCOCCC(=O)Nc5ccccc5C(=O)Nc5ccc(O)cn5)CC4)cn3)nc2n(C2CCCC2)c1=O,CC(=O)c1c(C)c2cnc(Nc3ccc(N4CCN(CC(=O)NCCOCCOCCC(=O)Nc5ccccc5C(=O)Nc5ccc(O)cn5)CC4)cn3)nc2n(C2CCCC2)c1=O,none,mgdb,MG-6711,MG-6711,,,,Cyclin D1,unknown,3,cellular_phenotype,nan,False,,True,False,False,,,,,False
KAGVIJMUYACLBN-UHFFFAOYSA-N,CC(=O)c1c(C)c2cnc(Nc3ccc(N4CCN(CC(=O)NCCOCCOCCC(=O)Nc5ccccc5C(=O)Nc5ccc(C(F)(F)F)cn5)CC4)cn3)nc2n(C2CCCC2)c1=O,CC(=O)c1c(C)c2cnc(Nc3ccc(N4CCN(CC(=O)NCCOCCOCCC(=O)Nc5ccccc5C(=O)Nc5ccc(C(F)(F)F)cn5)CC4)cn3)nc2n(C2CCCC2)c1=O,none,mgdb,MG-6712,MG-6712,,,,Cyclin D1,unknown,3,cellular_phenotype,nan,False,,True,False,False,,,,,False
HGIWLOLNMKYPRY-UHFFFAOYSA-N,CC(=O)c1c(C)c2cnc(Nc3ccc(N4CCN(CC(=O)NCCOCCOCCC(=O)Nc5ccccc5C(=O)Nc5cc(C)[nH]n5)CC4)cn3)nc2n(C2CCCC2)c1=O,CC(=O)c1c(C)c2cnc(Nc3ccc(N4CCN(CC(=O)NCCOCCOCCC(=O)Nc5ccccc5C(=O)Nc5cc(C)[nH]n5)CC4)cn3)nc2n(C2CCCC2)c1=O,none,mgdb,MG-6702,MG-6702,,,,Cyclin D1,unknown,3,cellular_phenotype,nan,False,,True,False,False,,,,,False
VEGGCUAPVFJPBT-UHFFFAOYSA-N,CC(=O)c1c(C)c2cnc(Nc3ccc(N4CCN(CCNCCOCCOCCNc5cccc(C(=O)Nc6nc(C)c(C)o6)c5C)CC4)cn3)nc2n(C2CCCC2)c1=O,CC(=O)c1c(C)c2cnc(Nc3ccc(N4CCN(CCNCCOCCOCCNc5cccc(C(=O)Nc6nc(C)c(C)o6)c5C)CC4)cn3)nc2n(C2CCCC2)c1=O,none,mgdb,MG-6714,MG-6714,,,,Cyclin D1,unknown,3,cellular_phenotype,nan,False,,True,False,False,,,,,False
XQQDDTCOEIGZNO-UHFFFAOYSA-N,CC(=O)c1c(C)c2cnc(Nc3ccc(N4CCN(CC(=O)NCCCNc5ccc(C)c(C(=O)Nc6nc(C)c(C)s6)c5)CC4)cc3)nc2n(C2CCCC2)c1=O,CC(=O)c1c(C)c2cnc(Nc3ccc(N4CCN(CC(=O)NCCCNc5ccc(C)c(C(=O)Nc6nc(C)c(C)s6)c5)CC4)cc3)nc2n(C2CCCC2)c1=O,none,mgdb,MG-6715,MG-6715,,,,Cyclin D1,unknown,3,cellular_phenotype,nan,False,,True,False,False,,,,,False
LGVMDEHAPXRMSY-UHFFFAOYSA-N,CC(=O)c1c(C)c2cnc(Nc3ccc(N4CCN(CC(=O)NCCCCNc5ccc(C)c(C(=O)Nc6nc(C)c(C)s6)c5)CC4)cn3)nc2n(C2CCCC2)c1=O,CC(=O)c1c(C)c2cnc(Nc3ccc(N4CCN(CC(=O)NCCCCNc5ccc(C)c(C(=O)Nc6nc(C)c(C)s6)c5)CC4)cn3)nc2n(C2CCCC2)c1=O,none,mgdb,MG-6716,MG-6716,,,,Cyclin D1,unknown,3,cellular_phenotype,nan,False,,True,False,False,,,,,False
VLVGCPFHTZQVSK-UHFFFAOYSA-N,CC(=O)c1c(C)c2cnc(Nc3ccc(N4CCN(CC(=O)NCCOCCOCCNc5ccc(C)c(C(=O)Nc6nc(C)c(C)s6)c5)CC4)cn3)nc2n(C2CCCC2)c1=O,CC(=O)c1c(C)c2cnc(Nc3ccc(N4CCN(CC(=O)NCCOCCOCCNc5ccc(C)c(C(=O)Nc6nc(C)c(C)s6)c5)CC4)cn3)nc2n(C2CCCC2)c1=O,none,mgdb,MG-6717,MG-6717,,,,Cyclin D1,unknown,3,cellular_phenotype,nan,False,,True,False,False,,,,,False
NMQBNYTWVLUHBB-UHFFFAOYSA-N,CC(=O)c1c(C)c2cnc(Nc3ccc(N4CCN(CC(=O)NCCOCCOCCC(=O)Nc5ccccc5C(=O)Nc5nc(C6CCN(C)CC6)c(C)s5)CC4)cn3)nc2n(C2CCCC2)c1=O,CC(=O)c1c(C)c2cnc(Nc3ccc(N4CCN(CC(=O)NCCOCCOCCC(=O)Nc5ccccc5C(=O)Nc5nc(C6CCN(C)CC6)c(C)s5)CC4)cn3)nc2n(C2CCCC2)c1=O,none,mgdb,MG-6708,MG-6708,,,,Cyclin D1,unknown,3,cellular_phenotype,nan,False,,True,False,False,,,,,False
HOCDUNMCSUARFD-UHFFFAOYSA-N,CC(=O)c1c(C)c2cnc(Nc3ccc(N4CCN(C(=O)CCNc5ccc(C)c(C(=O)Nc6nc(C)c(C)s6)c5)CC4)cn3)nc2n(C2CCCC2)c1=O,CC(=O)c1c(C)c2cnc(Nc3ccc(N4CCN(C(=O)CCNc5ccc(C)c(C(=O)Nc6nc(C)c(C)s6)c5)CC4)cn3)nc2n(C2CCCC2)c1=O,none,mgdb,MG-6719,MG-6719,,,,Cyclin D1,unknown,3,cellular_phenotype,nan,False,,True,False,False,,,,,False
AIKPNDIMSRCNBJ-UHFFFAOYSA-N,CC(=O)c1c(C)c2cnc(Nc3ccc(N4CCN(CC(=O)NCCNc5cccc(C(=O)Nc6nc(C)c(C)s6)c5C)CC4)cn3)nc2n(C2CCCC2)c1=O,CC(=O)c1c(C)c2cnc(Nc3ccc(N4CCN(CC(=O)NCCNc5cccc(C(=O)Nc6nc(C)c(C)s6)c5C)CC4)cn3)nc2n(C2CCCC2)c1=O,none,mgdb,MG-6720,MG-6720,,,,Cyclin D1,unknown,3,cellular_phenotype,nan,False,,True,False,False,,,,,False
UJLNPKHDJXRZEI-UHFFFAOYSA-N,CC(=O)c1c(C)c2cnc(Nc3ccc(N4CCN(CC(=O)NCCNc5ccc(C)c(C(=O)Nc6nc(C)c(C)s6)c5)CC4)cn3)nc2n(C2CCCC2)c1=O,CC(=O)c1c(C)c2cnc(Nc3ccc(N4CCN(CC(=O)NCCNc5ccc(C)c(C(=O)Nc6nc(C)c(C)s6)c5)CC4)cn3)nc2n(C2CCCC2)c1=O,none,mgdb,MG-6721,MG-6721,,,,Cyclin D1,unknown,3,cellular_phenotype,nan,False,,True,False,False,,,,,False
AYZSRJKBBCEQRQ-UHFFFAOYSA-N,CC(=O)c1c(C)c2cnc(Nc3ccc(N4CCN(CC(=O)NCCCCCCNc5ccc(C)c(C(=O)Nc6nc(C)c(C)s6)c5)CC4)cn3)nc2n(C2CCCC2)c1=O,CC(=O)c1c(C)c2cnc(Nc3ccc(N4CCN(CC(=O)NCCCCCCNc5ccc(C)c(C(=O)Nc6nc(C)c(C)s6)c5)CC4)cn3)nc2n(C2CCCC2)c1=O,none,mgdb,MG-6722,MG-6722,,,,Cyclin D1,unknown,3,cellular_phenotype,nan,False,,True,False,False,,,,,False
KVFWLJXIFWPOKU-UHFFFAOYSA-N,CC(=O)c1c(C)c2cnc(Nc3ccc(N4CCN(CC(=O)NCCCCCCCCNc5ccc(C)c(C(=O)Nc6nc(C)c(C)s6)c5)CC4)cn3)nc2n(C2CCCC2)c1=O,CC(=O)c1c(C)c2cnc(Nc3ccc(N4CCN(CC(=O)NCCCCCCCCNc5ccc(C)c(C(=O)Nc6nc(C)c(C)s6)c5)CC4)cn3)nc2n(C2CCCC2)c1=O,none,mgdb,MG-6723,MG-6723,,,,Cyclin D1,unknown,3,cellular_phenotype,nan,False,,True,False,False,,,,,False
BELANKPRWGDGAW-UHFFFAOYSA-N,COc1ccc(NC(=O)c2ccccc2NC(=O)CCOCCOCCNC(=O)CN2CCN(c3ccc(Nc4ncc5c(C)c(C(C)=O)c(=O)n(C6CCCC6)c5n4)nc3)CC2)nn1,COc1ccc(NC(=O)c2ccccc2NC(=O)CCOCCOCCNC(=O)CN2CCN(c3ccc(Nc4ncc5c(C)c(C(C)=O)c(=O)n(C6CCCC6)c5n4)nc3)CC2)nn1,none,mgdb,MG-6713,MG-6713,,,,Cyclin D1,unknown,3,cellular_phenotype,nan,False,,True,False,False,,,,,False
VFYJJOQAEICMCR-UHFFFAOYSA-N,CC(=O)c1c(C)c2cnc(Nc3ccc(N4CCN(CC(=O)NCCOCCOCCOCCOCCOCCNc5ccc(C)c(C(=O)Nc6nc(C)c(C)s6)c5)CC4)cc3)nc2n(C2CCCC2)c1=O,CC(=O)c1c(C)c2cnc(Nc3ccc(N4CCN(CC(=O)NCCOCCOCCOCCOCCOCCNc5ccc(C)c(C(=O)Nc6nc(C)c(C)s6)c5)CC4)cc3)nc2n(C2CCCC2)c1=O,none,mgdb,MG-6725,MG-6725,,,,Cyclin D1,unknown,3,cellular_phenotype,nan,False,,True,False,False,,,,,False
JTBUCPUBZJPTQS-UHFFFAOYSA-N,CC(=O)c1c(C)c2cnc(Nc3ccc(N4CCN(CC(=O)NCCCNc5cccc(C(=O)Nc6nc(C)c(C)s6)c5C)CC4)cn3)nc2n(C2CCCC2)c1=O,CC(=O)c1c(C)c2cnc(Nc3ccc(N4CCN(CC(=O)NCCCNc5cccc(C(=O)Nc6nc(C)c(C)s6)c5C)CC4)cn3)nc2n(C2CCCC2)c1=O,none,mgdb,MG-6726,MG-6726,,,,Cyclin D1,unknown,3,cellular_phenotype,nan,False,,True,False,False,,,,,False
RBQYYOCFKAKNAG-UHFFFAOYSA-N,CC(=O)c1c(C)c2cnc(Nc3ccc(N4CCN(CC(=O)NCCCCNc5cccc(C(=O)Nc6nc(C)c(C)s6)c5C)CC4)cn3)nc2n(C2CCCC2)c1=O,CC(=O)c1c(C)c2cnc(Nc3ccc(N4CCN(CC(=O)NCCCCNc5cccc(C(=O)Nc6nc(C)c(C)s6)c5C)CC4)cn3)nc2n(C2CCCC2)c1=O,none,mgdb,MG-6727,MG-6727,,,,Cyclin D1,unknown,3,cellular_phenotype,nan,False,,True,False,False,,,,,False
ARZXKERXHQHVIT-UHFFFAOYSA-N,CC(=O)c1c(C)c2cnc(Nc3ccc(N4CCN(CC(=O)NCCCCCNc5cccc(C(=O)Nc6nc(C)c(C)s6)c5C)CC4)cc3)nc2n(C2CCCC2)c1=O,CC(=O)c1c(C)c2cnc(Nc3ccc(N4CCN(CC(=O)NCCCCCNc5cccc(C(=O)Nc6nc(C)c(C)s6)c5C)CC4)cc3)nc2n(C2CCCC2)c1=O,none,mgdb,MG-6728,MG-6728,,,,Cyclin D1,unknown,3,cellular_phenotype,nan,False,,True,False,False,,,,,False
YPRPEYHJUNGESQ-UHFFFAOYSA-N,CC(=O)c1c(C)c2cnc(Nc3ccc(N4CCN(CC(=O)NCCCCCCCCNc5cccc(C(=O)Nc6nc(C)c(C)s6)c5C)CC4)cn3)nc2n(C2CCCC2)c1=O,CC(=O)c1c(C)c2cnc(Nc3ccc(N4CCN(CC(=O)NCCCCCCCCNc5cccc(C(=O)Nc6nc(C)c(C)s6)c5C)CC4)cn3)nc2n(C2CCCC2)c1=O,none,mgdb,MG-6718,MG-6718,,,,Cyclin D1,unknown,3,cellular_phenotype,nan,False,,True,False,False,,,,,False
ROFKFFQOLASHJH-UHFFFAOYSA-N,CC(=O)c1c(C)c2cnc(Nc3ccc(N4CCN(CC(=O)NCCCCCCCCNc5cccc(C(=O)Nc6nc(C)c(C)s6)c5C)CC4)cc3)nc2n(C2CCCC2)c1=O,CC(=O)c1c(C)c2cnc(Nc3ccc(N4CCN(CC(=O)NCCCCCCCCNc5cccc(C(=O)Nc6nc(C)c(C)s6)c5C)CC4)cc3)nc2n(C2CCCC2)c1=O,none,mgdb,MG-6730,MG-6730,,,,Cyclin D1,unknown,3,cellular_phenotype,nan,False,,True,False,False,,,,,False
YWGNXKIAXBRFGF-UHFFFAOYSA-N,CC(=O)c1c(C)c2cnc(Nc3ccc(N4CCN(CC(=O)NCCOCCNc5cccc(C(=O)Nc6nc(C)c(C)s6)c5C)CC4)cc3)nc2n(C2CCCC2)c1=O,CC(=O)c1c(C)c2cnc(Nc3ccc(N4CCN(CC(=O)NCCOCCNc5cccc(C(=O)Nc6nc(C)c(C)s6)c5C)CC4)cc3)nc2n(C2CCCC2)c1=O,none,mgdb,MG-6731,MG-6731,,,,Cyclin D1,unknown,3,cellular_phenotype,nan,False,,True,False,False,,,,,False
RFJOWPHRUPOTTN-UHFFFAOYSA-N,CC(=O)c1c(C)c2cnc(Nc3ccc(N4CCN(CC(=O)NCCOCCOCCNc5cccc(C(=O)Nc6nc(C)c(C)s6)c5C)CC4)cn3)nc2n(C2CCCC2)c1=O,CC(=O)c1c(C)c2cnc(Nc3ccc(N4CCN(CC(=O)NCCOCCOCCNc5cccc(C(=O)Nc6nc(C)c(C)s6)c5C)CC4)cn3)nc2n(C2CCCC2)c1=O,none,mgdb,MG-6732,MG-6732,,,,Cyclin D1,unknown,3,cellular_phenotype,nan,False,,True,False,False,,,,,False
IRWCNMBAFNHFHN-UHFFFAOYSA-N,CC(=O)c1c(C)c2cnc(Nc3ccc(N4CCN(CC(=O)NCCOCCOCCOCCNc5cccc(C(=O)Nc6nc(C)c(C)s6)c5C)CC4)cc3)nc2n(C2CCCC2)c1=O,CC(=O)c1c(C)c2cnc(Nc3ccc(N4CCN(CC(=O)NCCOCCOCCOCCNc5cccc(C(=O)Nc6nc(C)c(C)s6)c5C)CC4)cc3)nc2n(C2CCCC2)c1=O,none,mgdb,MG-6733,MG-6733,,,,Cyclin D1,unknown,3,cellular_phenotype,nan,False,,True,False,False,,,,,False
XWALEBGBXQLGRF-UHFFFAOYSA-N,CC(=O)c1c(C)c2cnc(Nc3ccc(N4CCN(CC(=O)NCCOCCNc5ccc(C)c(C(=O)Nc6nc(C)c(C)s6)c5)CC4)cc3)nc2n(C2CCCC2)c1=O,CC(=O)c1c(C)c2cnc(Nc3ccc(N4CCN(CC(=O)NCCOCCNc5ccc(C)c(C(=O)Nc6nc(C)c(C)s6)c5)CC4)cc3)nc2n(C2CCCC2)c1=O,none,mgdb,MG-6724,MG-6724,,,,Cyclin D1,unknown,3,cellular_phenotype,nan,False,,True,False,False,,,,,False
LRFJUCOPISEWSK-UHFFFAOYSA-N,CC(=O)c1c(C)c2cnc(Nc3ccc(N4CCN(CC(=O)NCCOCCOCCOCCOCCOCCNc5cccc(C(=O)Nc6nc(C)c(C)s6)c5C)CC4)nc3)nc2n(C2CCCC2)c1=O,CC(=O)c1c(C)c2cnc(Nc3ccc(N4CCN(CC(=O)NCCOCCOCCOCCOCCOCCNc5cccc(C(=O)Nc6nc(C)c(C)s6)c5C)CC4)nc3)nc2n(C2CCCC2)c1=O,none,mgdb,MG-6735,MG-6735,,,,Cyclin D1,unknown,3,cellular_phenotype,nan,False,,True,False,False,,,,,False
GMJYPXJYGONOQS-UHFFFAOYSA-N,CC(=O)c1c(C)c2cnc(Nc3ccc(N4CCN(C(=O)CCCCNc5ccc(C)c(C(=O)Nc6nc(C)c(C)s6)c5)CC4)cn3)nc2n(C2CCCC2)c1=O,CC(=O)c1c(C)c2cnc(Nc3ccc(N4CCN(C(=O)CCCCNc5ccc(C)c(C(=O)Nc6nc(C)c(C)s6)c5)CC4)cn3)nc2n(C2CCCC2)c1=O,none,mgdb,MG-6736,MG-6736,,,,Cyclin D1,unknown,3,cellular_phenotype,nan,False,,True,False,False,,,,,False
BOJJFEVAPJBHIN-UHFFFAOYSA-N,CC(=O)c1c(C)c2cnc(Nc3ccc(N4CCN(C(=O)CCOCCNc5ccc(C)c(C(=O)Nc6nc(C)c(C)s6)c5)CC4)cn3)nc2n(C2CCCC2)c1=O,CC(=O)c1c(C)c2cnc(Nc3ccc(N4CCN(C(=O)CCOCCNc5ccc(C)c(C(=O)Nc6nc(C)c(C)s6)c5)CC4)cn3)nc2n(C2CCCC2)c1=O,none,mgdb,MG-6738,MG-6738,,,,Cyclin D1,unknown,3,cellular_phenotype,nan,False,,True,False,False,,,,,False
XDDXYNYPXMWHAS-UHFFFAOYSA-N,CC(=O)c1c(C)c2cnc(Nc3ccc(N4CCN(C(=O)CCOCCOCCOCCNc5ccc(C)c(C(=O)Nc6nc(C)c(C)s6)c5)CC4)cc3)nc2n(C2CCCC2)c1=O,CC(=O)c1c(C)c2cnc(Nc3ccc(N4CCN(C(=O)CCOCCOCCOCCNc5ccc(C)c(C(=O)Nc6nc(C)c(C)s6)c5)CC4)cc3)nc2n(C2CCCC2)c1=O,none,mgdb,MG-6739,MG-6739,,,,Cyclin D1,unknown,3,cellular_phenotype,nan,False,,True,False,False,,,,,False
INESDLQRDTZSQW-UHFFFAOYSA-N,CC(=O)c1c(C)c2cnc(Nc3ccc(N4CCN(C(=O)CCNc5cccc(C(=O)Nc6nc(C)c(C)s6)c5C)CC4)cn3)nc2n(C2CCCC2)c1=O,CC(=O)c1c(C)c2cnc(Nc3ccc(N4CCN(C(=O)CCNc5cccc(C(=O)Nc6nc(C)c(C)s6)c5C)CC4)cn3)nc2n(C2CCCC2)c1=O,none,mgdb,MG-6740,MG-6740,,,,Cyclin D1,unknown,3,cellular_phenotype,nan,False,,True,False,False,,,,,False
OSDMFFDPYSSZGP-UHFFFAOYSA-N,CC(=O)c1c(C)c2cnc(Nc3ccc(N4CCN(CC(=O)NCCCCCCNc5cccc(C(=O)Nc6nc(C)c(C)s6)c5C)CC4)cc3)nc2n(C2CCCC2)c1=O,CC(=O)c1c(C)c2cnc(Nc3ccc(N4CCN(CC(=O)NCCCCCCNc5cccc(C(=O)Nc6nc(C)c(C)s6)c5C)CC4)cc3)nc2n(C2CCCC2)c1=O,none,mgdb,MG-6729,MG-6729,,,,Cyclin D1,unknown,3,cellular_phenotype,nan,False,,True,False,False,,,,,False
XTCPNXITTZPBKT-UHFFFAOYSA-N,CC(=O)c1c(C)c2cnc(Nc3ccc(N4CCN(CC(=O)NCCOCCOCCOCCC(=O)Nc5ccccc5C(=O)Nc5nc(C)c(C)s5)CC4)cc3)nc2n(C2CCCC2)c1=O,CC(=O)c1c(C)c2cnc(Nc3ccc(N4CCN(CC(=O)NCCOCCOCCOCCC(=O)Nc5ccccc5C(=O)Nc5nc(C)c(C)s5)CC4)cc3)nc2n(C2CCCC2)c1=O,none,mgdb,MG-6742,MG-6742,,,,Cyclin D1,unknown,3,cellular_phenotype,nan,False,,True,False,False,,,,,False
PMDXLHQINLJWPB-UHFFFAOYSA-N,CC(=O)c1c(C)c2cnc(Nc3ccc(N4CCN(CC(=O)NCCOCCOCCC(=O)Nc5ccccc5C(=O)Nc5nc(C)c(C)s5)CC4)cc3)nc2n(C2CCCC2)c1=O,CC(=O)c1c(C)c2cnc(Nc3ccc(N4CCN(CC(=O)NCCOCCOCCC(=O)Nc5ccccc5C(=O)Nc5nc(C)c(C)s5)CC4)cc3)nc2n(C2CCCC2)c1=O,none,mgdb,MG-6743,MG-6743,,,,Cyclin D1,unknown,3,cellular_phenotype,nan,False,,True,False,False,,,,,False
OFOSCUKHUWPBGW-UHFFFAOYSA-N,CC(=O)c1c(C)c2cnc(Nc3ccc(N4CCN(CC(=O)NCCCCCNc5ccc(C)c(C(=O)Nc6nc(C)c(C)s6)c5)CC4)cc3)nc2n(C2CCCC2)c1=O,CC(=O)c1c(C)c2cnc(Nc3ccc(N4CCN(CC(=O)NCCCCCNc5ccc(C)c(C(=O)Nc6nc(C)c(C)s6)c5)CC4)cc3)nc2n(C2CCCC2)c1=O,none,mgdb,MG-6744,MG-6744,,,,Cyclin D1,unknown,3,cellular_phenotype,nan,False,,True,False,False,,,,,False
BHIQBSFKFIRMOK-UHFFFAOYSA-N,CC(=O)c1c(C)c2cnc(Nc3ccc(N4CCN(CC(=O)NCCCCCCCNc5ccc(C)c(C(=O)Nc6nc(C)c(C)s6)c5)CC4)cn3)nc2n(C2CCCC2)c1=O,CC(=O)c1c(C)c2cnc(Nc3ccc(N4CCN(CC(=O)NCCCCCCCNc5ccc(C)c(C(=O)Nc6nc(C)c(C)s6)c5)CC4)cn3)nc2n(C2CCCC2)c1=O,none,mgdb,MG-6745,MG-6745,,,,Cyclin D1,unknown,3,cellular_phenotype,nan,False,,True,False,False,,,,,False
CWFLOAYRKLZCQB-UHFFFAOYSA-N,CC(=O)c1c(C)c2cnc(Nc3ncc(N4CCN(CC(=O)NCCOCCOCCOCCOCCNc5cccc(C(=O)Nc6nc(C)c(C)s6)c5C)CC4)cn3)nc2n(C2CCCC2)c1=O,CC(=O)c1c(C)c2cnc(Nc3ncc(N4CCN(CC(=O)NCCOCCOCCOCCOCCNc5cccc(C(=O)Nc6nc(C)c(C)s6)c5C)CC4)cn3)nc2n(C2CCCC2)c1=O,none,mgdb,MG-6734,MG-6734,,,,Cyclin D1,unknown,3,cellular_phenotype,nan,False,,True,False,False,,,,,False
WACYKPYUASHFAY-UHFFFAOYSA-N,Cc1ccc(NCCOCCOCCOCCOCCC(=O)N2CCN(c3cnc(Nc4ncc(C)c(C(=O)Nc5nc(C)c(C)s5)n4)nc3)CC2)cc1C(=O)Nc1nc(C)c(C)s1,Cc1ccc(NCCOCCOCCOCCOCCC(=O)N2CCN(c3cnc(Nc4ncc(C)c(C(=O)Nc5nc(C)c(C)s5)n4)nc3)CC2)cc1C(=O)Nc1nc(C)c(C)s1,none,mgdb,MG-6747,MG-6747,,,,Cyclin D1,unknown,3,cellular_phenotype,nan,False,,True,False,False,,,,,False
WLOXTBYAUGOGOX-UHFFFAOYSA-N,CC(=O)c1c(C)c2cnc(Nc3ccc(N4CCN(C(=O)CCOCCNc5cccc(C(=O)Nc6nc(C)c(C)s6)c5C)CC4)cn3)nc2n(C2CCCC2)c1=O,CC(=O)c1c(C)c2cnc(Nc3ccc(N4CCN(C(=O)CCOCCNc5cccc(C(=O)Nc6nc(C)c(C)s6)c5C)CC4)cn3)nc2n(C2CCCC2)c1=O,none,mgdb,MG-6748,MG-6748,,,,Cyclin D1,unknown,3,cellular_phenotype,nan,False,,True,False,False,,,,,False
HOQKVMQYKKPNOC-UHFFFAOYSA-N,CC(=O)c1c(C)c2cnc(Nc3ccc(N4CCN(C(=O)CCOCCOCCNc5cccc(C(=O)Nc6nc(C)c(C)s6)c5C)CC4)cc3)nc2n(C2CCCC2)c1=O,CC(=O)c1c(C)c2cnc(Nc3ccc(N4CCN(C(=O)CCOCCOCCNc5cccc(C(=O)Nc6nc(C)c(C)s6)c5C)CC4)cc3)nc2n(C2CCCC2)c1=O,none,mgdb,MG-6749,MG-6749,,,,Cyclin D1,unknown,3,cellular_phenotype,nan,False,,True,False,False,,,,,False
WCUQXQCQAMUWJQ-UHFFFAOYSA-N,CC(=O)c1c(C)c2cnc(Nc3ccc(N4CCN(C(=O)CCOCCOCCOCCNc5cccc(C(=O)Nc6nc(C)c(C)s6)c5C)CC4)cn3)nc2n(C2CCCC2)c1=O,CC(=O)c1c(C)c2cnc(Nc3ccc(N4CCN(C(=O)CCOCCOCCOCCNc5cccc(C(=O)Nc6nc(C)c(C)s6)c5C)CC4)cn3)nc2n(C2CCCC2)c1=O,none,mgdb,MG-6750,MG-6750,,,,Cyclin D1,unknown,3,cellular_phenotype,nan,False,,True,False,False,,,,,False
VFISSJCDGBNTPA-UHFFFAOYSA-N,CC(=O)c1c(C)c2cnc(Nc3ccc(N4CCN(CC(=O)NCCCCCCCCC(=O)Nc5ccccc5C(=O)Nc5nc(C)c(C)s5)CC4)cc3)nc2n(C2CCCC2)c1=O,CC(=O)c1c(C)c2cnc(Nc3ccc(N4CCN(CC(=O)NCCCCCCCCC(=O)Nc5ccccc5C(=O)Nc5nc(C)c(C)s5)CC4)cc3)nc2n(C2CCCC2)c1=O,none,mgdb,MG-6741,MG-6741,,,,Cyclin D1,unknown,3,cellular_phenotype,nan,False,,True,False,False,,,,,False
SRKNEPZLPPFFCR-UHFFFAOYSA-N,CC(=O)c1c(C)c2cnc(Nc3ccc(N4CCN(C(=O)CNc5cccc(C(=O)Nc6nc(C)c(C)s6)c5C)CC4)cn3)nc2n(C2CCCC2)c1=O,CC(=O)c1c(C)c2cnc(Nc3ccc(N4CCN(C(=O)CNc5cccc(C(=O)Nc6nc(C)c(C)s6)c5C)CC4)cn3)nc2n(C2CCCC2)c1=O,none,mgdb,MG-6752,MG-6752,,,,Cyclin D1,unknown,3,cellular_phenotype,nan,False,,True,False,False,,,,,False
ICPTXGAFRAUIBT-UHFFFAOYSA-N,CC(=O)c1c(C)c2cnc(Nc3ccc(N4CCN(C(=O)CCCCCCCNc5cccc(C(=O)Nc6nc(C)c(C)s6)c5C)CC4)cn3)nc2n(C2CCCC2)c1=O,CC(=O)c1c(C)c2cnc(Nc3ccc(N4CCN(C(=O)CCCCCCCNc5cccc(C(=O)Nc6nc(C)c(C)s6)c5C)CC4)cn3)nc2n(C2CCCC2)c1=O,none,mgdb,MG-6753,MG-6753,,,,Cyclin D1,unknown,3,cellular_phenotype,nan,False,,True,False,False,,,,,False
HUIICGQLXOSQKD-UHFFFAOYSA-N,CC(=O)c1c(C)c2cnc(Nc3ccc(N4CCN(C(=O)CCOCCOCCOCCOCCOCCNc5cccc(C(=O)Nc6nc(C)c(C)s6)c5C)CC4)cc3)nc2n(C2CCCC2)c1=O,CC(=O)c1c(C)c2cnc(Nc3ccc(N4CCN(C(=O)CCOCCOCCOCCOCCOCCNc5cccc(C(=O)Nc6nc(C)c(C)s6)c5C)CC4)cc3)nc2n(C2CCCC2)c1=O,none,mgdb,MG-6754,MG-6754,,,,Cyclin D1,unknown,3,cellular_phenotype,nan,False,,True,False,False,,,,,False
PKOUSJJDMSCPIS-UHFFFAOYSA-N,CC(=O)c1c(C)c2cnc(Nc3ccc(N4CCN(CC(=O)NCCOCCOCCOCCNc5ccc(C)c(C(=O)Nc6nc(C)c(C)s6)c5)CC4)cc3)nc2n(C2CCCC2)c1=O,CC(=O)c1c(C)c2cnc(Nc3ccc(N4CCN(CC(=O)NCCOCCOCCOCCNc5ccc(C)c(C(=O)Nc6nc(C)c(C)s6)c5)CC4)cc3)nc2n(C2CCCC2)c1=O,none,mgdb,MG-6755,MG-6755,,,,Cyclin D1,unknown,3,cellular_phenotype,nan,False,,True,False,False,,,,,False
PVBWAUGWFWPSGE-UHFFFAOYSA-N,CC(=O)c1c(C)c2cnc(Nc3ccc(N4CCN(C(=O)CCCCCNc5ccc(C)c(C(=O)Nc6nc(C)c(C)s6)c5)CC4)cn3)nc2n(C2CCCC2)c1=O,CC(=O)c1c(C)c2cnc(Nc3ccc(N4CCN(C(=O)CCCCCNc5ccc(C)c(C(=O)Nc6nc(C)c(C)s6)c5)CC4)cn3)nc2n(C2CCCC2)c1=O,none,mgdb,MG-6757,MG-6757,,,,Cyclin D1,unknown,3,cellular_phenotype,nan,False,,True,False,False,,,,,False
PUAZNAXGLOXFCA-UHFFFAOYSA-N,CC(=O)c1c(C)c2cnc(Nc3ccc(N4CCN(CC(=O)NCCOCCOCCOCCOCCNc5ccc(C)c(C(=O)Nc6nc(C)c(C)s6)c5)CC4)nc3)nc2n(C2CCCC2)c1=O,CC(=O)c1c(C)c2cnc(Nc3ccc(N4CCN(CC(=O)NCCOCCOCCOCCOCCNc5ccc(C)c(C(=O)Nc6nc(C)c(C)s6)c5)CC4)nc3)nc2n(C2CCCC2)c1=O,none,mgdb,MG-6746,MG-6746,,,,Cyclin D1,unknown,3,cellular_phenotype,nan,False,,True,False,False,,,,,False
KAAMVWFUUVJHOC-UHFFFAOYSA-N,CC(=O)c1c(C)c2cnc(Nc3ccc(N4CCN(C(=O)CCOCCOCCOCCOCCOCCOCCNc5ccc(C)c(C(=O)Nc6nc(C)c(C)s6)c5)CC4)cc3)nc2n(C2CCCC2)c1=O,CC(=O)c1c(C)c2cnc(Nc3ccc(N4CCN(C(=O)CCOCCOCCOCCOCCOCCOCCNc5ccc(C)c(C(=O)Nc6nc(C)c(C)s6)c5)CC4)cc3)nc2n(C2CCCC2)c1=O,none,mgdb,MG-6759,MG-6759,,,,Cyclin D1,unknown,3,cellular_phenotype,nan,False,,True,False,False,,,,,False
YZLPLNLYGUPYMI-UHFFFAOYSA-N,CC(=O)c1c(C)c2cnc(Nc3ncc(N4CCN(CC(=O)NCCOCCOCCOCCOCCOCCOCCNc5ccc(C)c(C(=O)Nc6nc(C)c(C)s6)c5)CC4)cn3)nc2n(C2CCCC2)c1=O,CC(=O)c1c(C)c2cnc(Nc3ncc(N4CCN(CC(=O)NCCOCCOCCOCCOCCOCCOCCNc5ccc(C)c(C(=O)Nc6nc(C)c(C)s6)c5)CC4)cn3)nc2n(C2CCCC2)c1=O,none,mgdb,MG-6760,MG-6760,,,,Cyclin D1,unknown,3,cellular_phenotype,nan,False,,True,False,False,,,,,False
JEOUTCAFJRAJJM-UHFFFAOYSA-N,CC(=O)c1c(C)c2cnc(Nc3ccc(N4CCN(C(=O)CCOCCOCCOCCOCCOCCOCCNc5cccc(C(=O)Nc6nc(C)c(C)s6)c5C)CC4)cc3)nc2n(C2CCCC2)c1=O,CC(=O)c1c(C)c2cnc(Nc3ccc(N4CCN(C(=O)CCOCCOCCOCCOCCOCCOCCNc5cccc(C(=O)Nc6nc(C)c(C)s6)c5C)CC4)cc3)nc2n(C2CCCC2)c1=O,none,mgdb,MG-6761,MG-6761,,,,Cyclin D1,unknown,3,cellular_phenotype,nan,False,,True,False,False,,,,,False
JEYVFPVLYUOIHS-UHFFFAOYSA-N,CC(=O)c1c(C)c2cnc(Nc3ccc(N4CCN(C(=O)CCOCCOCCOCCOCCOCCNc5ccc(C)c(C(=O)Nc6nc(C)c(C)o6)c5)CC4)cc3)nc2n(C2CCCC2)c1=O,CC(=O)c1c(C)c2cnc(Nc3ccc(N4CCN(C(=O)CCOCCOCCOCCOCCOCCNc5ccc(C)c(C(=O)Nc6nc(C)c(C)o6)c5)CC4)cc3)nc2n(C2CCCC2)c1=O,none,mgdb,MG-6762,MG-6762,,,,Cyclin D1,unknown,3,cellular_phenotype,nan,False,,True,False,False,,,,,False
ZCKCYHJOKZXEMI-UHFFFAOYSA-N,CC(=O)c1c(C)c2cnc(Nc3ccc(N4CCN(C(=O)CCOCCOCCOCCOCCNc5cccc(C(=O)Nc6nc(C)c(C)s6)c5C)CC4)cc3)nc2n(C2CCCC2)c1=O,CC(=O)c1c(C)c2cnc(Nc3ccc(N4CCN(C(=O)CCOCCOCCOCCOCCNc5cccc(C(=O)Nc6nc(C)c(C)s6)c5C)CC4)cc3)nc2n(C2CCCC2)c1=O,none,mgdb,MG-6751,MG-6751,,,,Cyclin D1,unknown,3,cellular_phenotype,nan,False,,True,False,False,,,,,False
VVDFMUXQGUXNKJ-UHFFFAOYSA-N,CC(=O)c1c(C)c2cnc(Nc3ccc(N4CCN(CC(=O)NCCCCCCCC(=O)Nc5ccccc5C(=O)Nc5nc(C)c(C)s5)CC4)cn3)nc2n(C2CCCC2)c1=O,CC(=O)c1c(C)c2cnc(Nc3ccc(N4CCN(CC(=O)NCCCCCCCC(=O)Nc5ccccc5C(=O)Nc5nc(C)c(C)s5)CC4)cn3)nc2n(C2CCCC2)c1=O,none,mgdb,MG-6764,MG-6764,,,,Cyclin D1,unknown,3,cellular_phenotype,nan,False,,True,False,False,,,,,False
PRJMTXCNALAZIM-UHFFFAOYSA-N,CC(=O)c1c(C)c2cnc(Nc3ccc(N4CCN(C(=O)CCCCCNc5cccc(C(=O)Nc6nc(C)c(C)s6)c5C)CC4)cn3)nc2n(C2CCCC2)c1=O,CC(=O)c1c(C)c2cnc(Nc3ccc(N4CCN(C(=O)CCCCCNc5cccc(C(=O)Nc6nc(C)c(C)s6)c5C)CC4)cn3)nc2n(C2CCCC2)c1=O,none,mgdb,MG-6765,MG-6765,,,,Cyclin D1,unknown,3,cellular_phenotype,nan,False,,True,False,False,,,,,False
UVFXCEBBKVUMQH-UHFFFAOYSA-N,CC(=O)c1c(C)c2cnc(Nc3ccc(N4CCN(C(=O)CCCCCCNc5cccc(C(=O)Nc6nc(C)c(C)s6)c5C)CC4)cn3)nc2n(C2CCCC2)c1=O,CC(=O)c1c(C)c2cnc(Nc3ccc(N4CCN(C(=O)CCCCCCNc5cccc(C(=O)Nc6nc(C)c(C)s6)c5C)CC4)cn3)nc2n(C2CCCC2)c1=O,none,mgdb,MG-6766,MG-6766,,,,Cyclin D1,unknown,3,cellular_phenotype,nan,False,,True,False,False,,,,,False
MYVJYSGBSUAVHC-UHFFFAOYSA-N,CC(=O)c1c(C)c2cnc(Nc3ccc(N4CCN(CC(=O)NCCOCCOCCC(=O)Nc5cccc(C)c5C(=O)Nc5nc(C)c(C)s5)CC4)cc3)nc2n(C2CCCC2)c1=O,CC(=O)c1c(C)c2cnc(Nc3ccc(N4CCN(CC(=O)NCCOCCOCCC(=O)Nc5cccc(C)c5C(=O)Nc5nc(C)c(C)s5)CC4)cc3)nc2n(C2CCCC2)c1=O,none,mgdb,MG-6767,MG-6767,,,,Cyclin D1,unknown,3,cellular_phenotype,nan,False,,True,False,False,,,,,False
JVYWKSIQXUDPEM-UHFFFAOYSA-N,CC(=O)c1c(C)c2cnc(Nc3ccc(N4CCN(C(=O)CCOCCOCCNc5ccc(C)c(C(=O)Nc6nc(C)c(C)s6)c5)CC4)cn3)nc2n(C2CCCC2)c1=O,CC(=O)c1c(C)c2cnc(Nc3ccc(N4CCN(C(=O)CCOCCOCCNc5ccc(C)c(C(=O)Nc6nc(C)c(C)s6)c5)CC4)cn3)nc2n(C2CCCC2)c1=O,none,mgdb,MG-6758,MG-6758,,,,Cyclin D1,unknown,3,cellular_phenotype,nan,False,,True,False,False,,,,,False
IVJJYFNCMAXCEJ-UHFFFAOYSA-N,CC(=O)c1c(C)c2cnc(Nc3ccc(N4CCN(CC(=O)NCCOCCOCCC(=O)Nc5ccc(C)cc5C(=O)Nc5nc(C)c(C)s5)CC4)cc3)nc2n(C2CCCC2)c1=O,CC(=O)c1c(C)c2cnc(Nc3ccc(N4CCN(CC(=O)NCCOCCOCCC(=O)Nc5ccc(C)cc5C(=O)Nc5nc(C)c(C)s5)CC4)cc3)nc2n(C2CCCC2)c1=O,none,mgdb,MG-6769,MG-6769,,,,Cyclin D1,unknown,3,cellular_phenotype,nan,False,,True,False,False,,,,,False
IAZWWESCOIZFDZ-UHFFFAOYSA-N,CC(=O)c1c(C)c2cnc(Nc3ccc(N4CCN(CC(=O)NCCOCCOCCC(=O)Nc5ccc(Cl)cc5C(=O)Nc5nc(C)c(C)s5)CC4)cn3)nc2n(C2CCCC2)c1=O,CC(=O)c1c(C)c2cnc(Nc3ccc(N4CCN(CC(=O)NCCOCCOCCC(=O)Nc5ccc(Cl)cc5C(=O)Nc5nc(C)c(C)s5)CC4)cn3)nc2n(C2CCCC2)c1=O,none,mgdb,MG-6770,MG-6770,,,,Cyclin D1,unknown,3,cellular_phenotype,nan,False,,True,False,False,,,,,False
ALIJHIPGAJEQJM-UHFFFAOYSA-N,CC(=O)c1c(C)c2cnc(Nc3ccc(N4CCN(CC(=O)NCCOCCOCCC(=O)Nc5cc(F)ccc5C(=O)Nc5nc(C)c(C)s5)CC4)cn3)nc2n(C2CCCC2)c1=O,CC(=O)c1c(C)c2cnc(Nc3ccc(N4CCN(CC(=O)NCCOCCOCCC(=O)Nc5cc(F)ccc5C(=O)Nc5nc(C)c(C)s5)CC4)cn3)nc2n(C2CCCC2)c1=O,none,mgdb,MG-6771,MG-6771,,,,Cyclin D1,unknown,3,cellular_phenotype,nan,False,,True,False,False,,,,,False
HMSWAIGCOXPWMC-UHFFFAOYSA-N,CC(=O)c1c(C)c2cnc(Nc3ccc(N4CCN(CC(=O)NCCOCCOCCC(=O)Nc5cc(Br)ccc5C(=O)Nc5nc(C)c(C)s5)CC4)cn3)nc2n(C2CCCC2)c1=O,CC(=O)c1c(C)c2cnc(Nc3ccc(N4CCN(CC(=O)NCCOCCOCCC(=O)Nc5cc(Br)ccc5C(=O)Nc5nc(C)c(C)s5)CC4)cn3)nc2n(C2CCCC2)c1=O,none,mgdb,MG-6772,MG-6772,,,,Cyclin D1,unknown,3,cellular_phenotype,nan,False,,True,False,False,,,,,False
USFVMQPVIBRZFV-UHFFFAOYSA-N,CC(=O)c1c(C)c2cnc(Nc3ccc(N4CCN(CC(=O)NCCOCCOCCC(=O)Nc5ccc(C#N)cc5C(=O)Nc5nc(C)c(C)s5)CC4)cn3)nc2n(C2CCCC2)c1=O,CC(=O)c1c(C)c2cnc(Nc3ccc(N4CCN(CC(=O)NCCOCCOCCC(=O)Nc5ccc(C#N)cc5C(=O)Nc5nc(C)c(C)s5)CC4)cn3)nc2n(C2CCCC2)c1=O,none,mgdb,MG-6773,MG-6773,,,,Cyclin D1,unknown,3,cellular_phenotype,nan,False,,True,False,False,,,,,False
OYWWOORQKJMICN-UHFFFAOYSA-N,CC(=O)c1c(C)c2cnc(Nc3ccc(N4CCN(C(=O)CNc5ccc(C)c(C(=O)Nc6nc(C)c(C)s6)c5)CC4)cn3)nc2n(C2CCCC2)c1=O,CC(=O)c1c(C)c2cnc(Nc3ccc(N4CCN(C(=O)CNc5ccc(C)c(C(=O)Nc6nc(C)c(C)s6)c5)CC4)cn3)nc2n(C2CCCC2)c1=O,none,mgdb,MG-6763,MG-6763,,,,Cyclin D1,unknown,3,cellular_phenotype,nan,False,,True,False,False,,,,,False
OASWGJGMINSHFT-UHFFFAOYSA-N,CC(=O)c1c(C)c2cnc(Nc3ccc(N4CCN(CC(=O)NCCOCCC(=O)Nc5ccccc5C(=O)Nc5nc(C)c(C)s5)CC4)cn3)nc2n(C2CCCC2)c1=O,CC(=O)c1c(C)c2cnc(Nc3ccc(N4CCN(CC(=O)NCCOCCC(=O)Nc5ccccc5C(=O)Nc5nc(C)c(C)s5)CC4)cn3)nc2n(C2CCCC2)c1=O,none,mgdb,MG-6775,MG-6775,,,,Cyclin D1,unknown,3,cellular_phenotype,nan,False,,True,False,False,,,,,False
AAQOJERSEMYBDW-UHFFFAOYSA-N,CCCCNc1ccc(NC(=O)CCOCCOCCNC(=O)CN2CCN(c3ccc(Nc4ncc5c(C)c(C(C)=O)c(=O)n(C6CCCC6)c5n4)nc3)CC2)c(C(=O)Nc2nc(C)c(C)s2)c1,CCCCNc1ccc(NC(=O)CCOCCOCCNC(=O)CN2CCN(c3ccc(Nc4ncc5c(C)c(C(C)=O)c(=O)n(C6CCCC6)c5n4)nc3)CC2)c(C(=O)Nc2nc(C)c(C)s2)c1,none,mgdb,MG-6776,MG-6776,,,,Cyclin D1,unknown,3,cellular_phenotype,nan,False,,True,False,False,,,,,False
PJPVZMHYHGAPQQ-UHFFFAOYSA-N,CC(=O)c1c(C)c2cnc(Nc3ccc(N4CCN(CC(=O)NCCOCCOCCC(=O)Nc5cc(C)ccc5C(=O)Nc5nc(C)c(C)s5)CC4)cn3)nc2n(C2CCCC2)c1=O,CC(=O)c1c(C)c2cnc(Nc3ccc(N4CCN(CC(=O)NCCOCCOCCC(=O)Nc5cc(C)ccc5C(=O)Nc5nc(C)c(C)s5)CC4)cn3)nc2n(C2CCCC2)c1=O,none,mgdb,MG-6777,MG-6777,,,,Cyclin D1,unknown,3,cellular_phenotype,nan,False,,True,False,False,,,,,False
CAOZZHJADDZTBK-UHFFFAOYSA-N,CC(=O)c1c(C)c2cnc(Nc3ccc(N4CCN(CC(=O)NCCOCCOCCC(=O)Nc5cc(Cl)ccc5C(=O)Nc5nc(C)c(C)s5)CC4)cn3)nc2n(C2CCCC2)c1=O,CC(=O)c1c(C)c2cnc(Nc3ccc(N4CCN(CC(=O)NCCOCCOCCC(=O)Nc5cc(Cl)ccc5C(=O)Nc5nc(C)c(C)s5)CC4)cn3)nc2n(C2CCCC2)c1=O,none,mgdb,MG-6768,MG-6768,,,,Cyclin D1,unknown,3,cellular_phenotype,nan,False,,True,False,False,,,,,False
DLMDUPLFVZOJQE-UHFFFAOYSA-N,CC(=O)c1c(C)c2cnc(Nc3ccc(N4CCN(CC(=O)NCCOCCOCCC(=O)Nc5ccc(F)cc5C(=O)Nc5nc(C)c(C)s5)CC4)cn3)nc2n(C2CCCC2)c1=O,CC(=O)c1c(C)c2cnc(Nc3ccc(N4CCN(CC(=O)NCCOCCOCCC(=O)Nc5ccc(F)cc5C(=O)Nc5nc(C)c(C)s5)CC4)cn3)nc2n(C2CCCC2)c1=O,none,mgdb,MG-6780,MG-6780,,,,Cyclin D1,unknown,3,cellular_phenotype,nan,False,,True,False,False,,,,,False
WTQORLDZGIXBMW-UHFFFAOYSA-N,CC(=O)c1c(C)c2cnc(Nc3ccc(N4CCN(C(=O)CCC(=O)Nc5ccccc5C(=O)Nc5nc(C)c(C)s5)CC4)cn3)nc2n(C2CCCC2)c1=O,CC(=O)c1c(C)c2cnc(Nc3ccc(N4CCN(C(=O)CCC(=O)Nc5ccccc5C(=O)Nc5nc(C)c(C)s5)CC4)cn3)nc2n(C2CCCC2)c1=O,none,mgdb,MG-6781,MG-6781,,,,Cyclin D1,unknown,3,cellular_phenotype,nan,False,,True,False,False,,,,,False
IBDGFOGESMOMJV-UHFFFAOYSA-N,CC(=O)c1c(C)c2cnc(Nc3ccc(N4CCN(CC(=O)NCCOCCOCCC(=O)Nc5ccccc5CNc5nc(C)c(C)s5)CC4)cn3)nc2n(C2CCCC2)c1=O,CC(=O)c1c(C)c2cnc(Nc3ccc(N4CCN(CC(=O)NCCOCCOCCC(=O)Nc5ccccc5CNc5nc(C)c(C)s5)CC4)cn3)nc2n(C2CCCC2)c1=O,none,mgdb,MG-6782,MG-6782,,,,Cyclin D1,unknown,3,cellular_phenotype,nan,False,,True,False,False,,,,,False
LIKBJGZTNUUECA-UHFFFAOYSA-N,CC(=O)c1c(C)c2cnc(Nc3ccc(N4CCN(CC(=O)NCCOCCOCCC(=O)Nc5cc(N(C)C)ccc5C(=O)Nc5nc(C)c(C)s5)CC4)cn3)nc2n(C2CCCC2)c1=O,CC(=O)c1c(C)c2cnc(Nc3ccc(N4CCN(CC(=O)NCCOCCOCCC(=O)Nc5cc(N(C)C)ccc5C(=O)Nc5nc(C)c(C)s5)CC4)cn3)nc2n(C2CCCC2)c1=O,none,mgdb,MG-6783,MG-6783,,,,Cyclin D1,unknown,3,cellular_phenotype,nan,False,,True,False,False,,,,,False
ILQNAFVYIZQSSM-UHFFFAOYSA-N,CC(=O)c1c(C)c2cnc(Nc3ccc(N4CCN(CC(=O)NCCC(=O)Nc5ccccc5C(=O)Nc5nc(C)c(C)s5)CC4)cn3)nc2n(C2CCCC2)c1=O,CC(=O)c1c(C)c2cnc(Nc3ccc(N4CCN(CC(=O)NCCC(=O)Nc5ccccc5C(=O)Nc5nc(C)c(C)s5)CC4)cn3)nc2n(C2CCCC2)c1=O,none,mgdb,MG-6774,MG-6774,,,,Cyclin D1,unknown,3,cellular_phenotype,nan,False,,True,False,False,,,,,False
ORASTLIYUUCKFZ-UHFFFAOYSA-N,CC(=O)c1c(C)c2cnc(Nc3ccc(N4CCN(C(=O)CCCCCC(=O)Nc5ccccc5C(=O)Nc5nc(C)c(C)s5)CC4)cn3)nc2n(C2CCCC2)c1=O,CC(=O)c1c(C)c2cnc(Nc3ccc(N4CCN(C(=O)CCCCCC(=O)Nc5ccccc5C(=O)Nc5nc(C)c(C)s5)CC4)cn3)nc2n(C2CCCC2)c1=O,none,mgdb,MG-6785,MG-6785,,,,Cyclin D1,unknown,3,cellular_phenotype,nan,False,,True,False,False,,,,,False
QQRFQGVFJIRLSH-UHFFFAOYSA-N,CC(=O)c1c(C)c2cnc(Nc3ccc(N4CCN(C(=O)CC(=O)Nc5ccccc5C(=O)Nc5nc(C)c(C)s5)CC4)cn3)nc2n(C2CCCC2)c1=O,CC(=O)c1c(C)c2cnc(Nc3ccc(N4CCN(C(=O)CC(=O)Nc5ccccc5C(=O)Nc5nc(C)c(C)s5)CC4)cn3)nc2n(C2CCCC2)c1=O,none,mgdb,MG-6786,MG-6786,,,,Cyclin D1,unknown,3,cellular_phenotype,nan,False,,True,False,False,,,,,False
VHPJCOMXKSXESF-UHFFFAOYSA-N,CC(=O)c1c(C)c2cnc(Nc3ccc(N4CCN(C(=O)CCCC(=O)Nc5ccccc5C(=O)Nc5nc(C)c(C)s5)CC4)cn3)nc2n(C2CCCC2)c1=O,CC(=O)c1c(C)c2cnc(Nc3ccc(N4CCN(C(=O)CCCC(=O)Nc5ccccc5C(=O)Nc5nc(C)c(C)s5)CC4)cn3)nc2n(C2CCCC2)c1=O,none,mgdb,MG-6787,MG-6787,,,,Cyclin D1,unknown,3,cellular_phenotype,nan,False,,True,False,False,,,,,False
RWYFMKFZYJIYAF-UHFFFAOYSA-N,CC(=O)c1c(C)c2cnc(Nc3ccc(N4CCN(C(=O)CCCCCCCC(=O)Nc5ccccc5C(=O)Nc5nc(C)c(C)s5)CC4)cn3)nc2n(C2CCCC2)c1=O,CC(=O)c1c(C)c2cnc(Nc3ccc(N4CCN(C(=O)CCCCCCCC(=O)Nc5ccccc5C(=O)Nc5nc(C)c(C)s5)CC4)cn3)nc2n(C2CCCC2)c1=O,none,mgdb,MG-6788,MG-6788,,,,Cyclin D1,unknown,3,cellular_phenotype,nan,False,,True,False,False,,,,,False
GIVYVEPIAMHMSU-UHFFFAOYSA-N,CC(=O)c1c(C)c2cnc(Nc3ccc(N4CCN(C(=O)CCCCCCC(=O)Nc5ccccc5C(=O)Nc5nc(C)c(C)s5)CC4)cc3)nc2n(C2CCCC2)c1=O,CC(=O)c1c(C)c2cnc(Nc3ccc(N4CCN(C(=O)CCCCCCC(=O)Nc5ccccc5C(=O)Nc5nc(C)c(C)s5)CC4)cc3)nc2n(C2CCCC2)c1=O,none,mgdb,MG-6789,MG-6789,,,,Cyclin D1,unknown,3,cellular_phenotype,nan,False,,True,False,False,,,,,False
RYIPYLGUGJOTRY-UHFFFAOYSA-N,CC(=O)c1c(C)c2cnc(Nc3ccc(N4CCN(CC(=O)NCCOCCOCCC(=O)Nc5ccc(N(C)C)cc5C(=O)Nc5nc(C)c(C)s5)CC4)cn3)nc2n(C2CCCC2)c1=O,CC(=O)c1c(C)c2cnc(Nc3ccc(N4CCN(CC(=O)NCCOCCOCCC(=O)Nc5ccc(N(C)C)cc5C(=O)Nc5nc(C)c(C)s5)CC4)cn3)nc2n(C2CCCC2)c1=O,none,mgdb,MG-6779,MG-6779,,,,Cyclin D1,unknown,3,cellular_phenotype,nan,False,,True,False,False,,,,,False
BBVVWKAVBAVGQH-UHFFFAOYSA-N,CC(=O)c1c(C)c2cnc(Nc3ccc(N4CCN(C(=O)CCOCCOCCOCCOCCOCCC(=O)Nc5ccccc5C(=O)Nc5nc(C)c(C)s5)CC4)cn3)nc2n(C2CCCC2)c1=O,CC(=O)c1c(C)c2cnc(Nc3ccc(N4CCN(C(=O)CCOCCOCCOCCOCCOCCC(=O)Nc5ccccc5C(=O)Nc5nc(C)c(C)s5)CC4)cn3)nc2n(C2CCCC2)c1=O,none,mgdb,MG-6791,MG-6791,,,,Cyclin D1,unknown,3,cellular_phenotype,nan,False,,True,False,False,,,,,False
MXHICNCWFJGISI-UHFFFAOYSA-N,CNc1ccc(C(=O)Nc2nc(C)c(C)s2)c(NC(=O)CCOCCOCCNC(=O)CN2CCN(c3ccc(Nc4ncc5c(C)c(C(C)=O)c(=O)n(C6CCCC6)c5n4)nc3)CC2)c1,CNc1ccc(C(=O)Nc2nc(C)c(C)s2)c(NC(=O)CCOCCOCCNC(=O)CN2CCN(c3ccc(Nc4ncc5c(C)c(C(C)=O)c(=O)n(C6CCCC6)c5n4)nc3)CC2)c1,none,mgdb,MG-6792,MG-6792,,,,Cyclin D1,unknown,3,cellular_phenotype,nan,False,,True,False,False,,,,,False
YOOHNWADIXIZEI-UHFFFAOYSA-N,CC(=O)c1c(C)c2cnc(Nc3ccc(N4CCN(C(=O)CCCNc5ccc(C)c(C(=O)Nc6nc(C)c(C)s6)c5)CC4)cn3)nc2n(C2CCCC2)c1=O,CC(=O)c1c(C)c2cnc(Nc3ccc(N4CCN(C(=O)CCCNc5ccc(C)c(C(=O)Nc6nc(C)c(C)s6)c5)CC4)cn3)nc2n(C2CCCC2)c1=O,none,mgdb,MG-6793,MG-6793,,,,Cyclin D1,unknown,3,cellular_phenotype,nan,False,,True,False,False,,,,,False
DZIFMDWUNWJPSR-UHFFFAOYSA-N,CC(=O)c1c(C)c2cnc(Nc3ccc(N4CCN(CC(=O)NCCOCCOCCOCCOCCOCCNc5ccc(CNc6nc(C)c(C)s6)c(C)c5)CC4)cc3)nc2n(C2CCCC2)c1=O,CC(=O)c1c(C)c2cnc(Nc3ccc(N4CCN(CC(=O)NCCOCCOCCOCCOCCOCCNc5ccc(CNc6nc(C)c(C)s6)c(C)c5)CC4)cc3)nc2n(C2CCCC2)c1=O,none,mgdb,MG-6794,MG-6794,,,,Cyclin D1,unknown,3,cellular_phenotype,nan,False,,True,False,False,,,,,False
QANIYSNFBUICHP-UHFFFAOYSA-N,CC(=O)c1c(C)c2cnc(Nc3ccc(N4CCN(C(=O)CCCCC(=O)Nc5ccccc5C(=O)Nc5nc(C)c(C)s5)CC4)cc3)nc2n(C2CCCC2)c1=O,CC(=O)c1c(C)c2cnc(Nc3ccc(N4CCN(C(=O)CCCCC(=O)Nc5ccccc5C(=O)Nc5nc(C)c(C)s5)CC4)cc3)nc2n(C2CCCC2)c1=O,none,mgdb,MG-6784,MG-6784,,,,Cyclin D1,unknown,3,cellular_phenotype,nan,False,,True,False,False,,,,,False
UUJIVXKBQXDDLQ-UHFFFAOYSA-N,CCCCNc1ccc(C(=O)Nc2nc(C)c(C)s2)c(NC(=O)CCOCCOCCNC(=O)CN2CCN(c3ccc(Nc4ncc5c(C)c(C(C)=O)c(=O)n(C6CCCC6)c5n4)nc3)CC2)c1,CCCCNc1ccc(C(=O)Nc2nc(C)c(C)s2)c(NC(=O)CCOCCOCCNC(=O)CN2CCN(c3ccc(Nc4ncc5c(C)c(C(C)=O)c(=O)n(C6CCCC6)c5n4)nc3)CC2)c1,none,mgdb,MG-6796,MG-6796,,,,Cyclin D1,unknown,3,cellular_phenotype,nan,False,,True,False,False,,,,,False
LLRMDYPHTNYQNW-UHFFFAOYSA-N,CC(=O)c1c(C)c2cnc(Nc3ccc(N4CCN(CC(=O)NCCCCCCC(=O)Nc5ccccc5C(=O)Nc5nc(C)c(C)s5)CC4)cn3)nc2n(C2CCCC2)c1=O,CC(=O)c1c(C)c2cnc(Nc3ccc(N4CCN(CC(=O)NCCCCCCC(=O)Nc5ccccc5C(=O)Nc5nc(C)c(C)s5)CC4)cn3)nc2n(C2CCCC2)c1=O,none,mgdb,MG-6797,MG-6797,,,,Cyclin D1,unknown,3,cellular_phenotype,nan,False,,True,False,False,,,,,False
KYCNGTJNZDSRFZ-UHFFFAOYSA-N,CC(=O)c1c(C)c2cnc(Nc3ccc(N4CCN(CC(=O)NCCOCCOCCOCCOCCC(=O)Nc5ccccc5C(=O)Nc5nc(C)c(C)s5)CC4)cn3)nc2n(C2CCCC2)c1=O,CC(=O)c1c(C)c2cnc(Nc3ccc(N4CCN(CC(=O)NCCOCCOCCOCCOCCC(=O)Nc5ccccc5C(=O)Nc5nc(C)c(C)s5)CC4)cn3)nc2n(C2CCCC2)c1=O,none,mgdb,MG-6798,MG-6798,,,,Cyclin D1,unknown,3,cellular_phenotype,nan,False,,True,False,False,,,,,False
LPWICHILUNYALD-UHFFFAOYSA-N,CC(=O)c1c(C)c2cnc(Nc3ccc(N4CCN(CC(=O)NCCCC(=O)Nc5ccccc5C(=O)Nc5nc(C)c(C)s5)CC4)cn3)nc2n(C2CCCC2)c1=O,CC(=O)c1c(C)c2cnc(Nc3ccc(N4CCN(CC(=O)NCCCC(=O)Nc5ccccc5C(=O)Nc5nc(C)c(C)s5)CC4)cn3)nc2n(C2CCCC2)c1=O,none,mgdb,MG-6799,MG-6799,,,,Cyclin D1,unknown,3,cellular_phenotype,nan,False,,True,False,False,,,,,False
NAVDPMJMPXDIMY-UHFFFAOYSA-N,CC(=O)c1c(C)c2cnc(Nc3ccc(N4CCN(C(=O)CCCCCCCCC(=O)Nc5ccccc5C(=O)Nc5nc(C)c(C)s5)CC4)cn3)nc2n(C2CCCC2)c1=O,CC(=O)c1c(C)c2cnc(Nc3ccc(N4CCN(C(=O)CCCCCCCCC(=O)Nc5ccccc5C(=O)Nc5nc(C)c(C)s5)CC4)cn3)nc2n(C2CCCC2)c1=O,none,mgdb,MG-6790,MG-6790,,,,Cyclin D1,unknown,3,cellular_phenotype,nan,False,,True,False,False,,,,,False
LNJXNUZJFGKSKP-UHFFFAOYSA-N,CC(=O)c1c(C)c2cnc(Nc3ncc(N4CCN(CC(=O)NCCOCCOCCOCCOCCOCCOCCC(=O)Nc5ccccc5C(=O)Nc5nc(C)c(C)s5)CC4)cn3)nc2n(C2CCCC2)c1=O,CC(=O)c1c(C)c2cnc(Nc3ncc(N4CCN(CC(=O)NCCOCCOCCOCCOCCOCCOCCC(=O)Nc5ccccc5C(=O)Nc5nc(C)c(C)s5)CC4)cn3)nc2n(C2CCCC2)c1=O,none,mgdb,MG-6801,MG-6801,,,,Cyclin D1,unknown,3,cellular_phenotype,nan,False,,True,False,False,,,,,False
KYTMZPGDSALANY-UHFFFAOYSA-N,CC(=O)c1c(C)c2cnc(Nc3ccc(N4CCN(CC(=O)NCCCCC(=O)Nc5ccccc5C(=O)Nc5nc(C)c(C)s5)CC4)cn3)nc2n(C2CCCC2)c1=O,CC(=O)c1c(C)c2cnc(Nc3ccc(N4CCN(CC(=O)NCCCCC(=O)Nc5ccccc5C(=O)Nc5nc(C)c(C)s5)CC4)cn3)nc2n(C2CCCC2)c1=O,none,mgdb,MG-6802,MG-6802,,,,Cyclin D1,unknown,3,cellular_phenotype,nan,False,,True,False,False,,,,,False
RMCBWIJQSQNEDB-UHFFFAOYSA-N,CC(=O)c1c(C)c2cnc(Nc3ccc(N4CCN(CC(=O)NCCOCCOCCOCCOCCOCCC(=O)Nc5ccccc5C(=O)Nc5nc(C)c(C)s5)CC4)cc3)nc2n(C2CCCC2)c1=O,CC(=O)c1c(C)c2cnc(Nc3ccc(N4CCN(CC(=O)NCCOCCOCCOCCOCCOCCC(=O)Nc5ccccc5C(=O)Nc5nc(C)c(C)s5)CC4)cc3)nc2n(C2CCCC2)c1=O,none,mgdb,MG-6803,MG-6803,,,,Cyclin D1,unknown,3,cellular_phenotype,nan,False,,True,False,False,,,,,False
CQOIIJNBXJEIFV-UHFFFAOYSA-N,CC(=O)c1c(C)c2cnc(Nc3ccc(N4CCN(C(=O)CCOCCOCCOCCOCCC(=O)Nc5ccccc5C(=O)Nc5nc(C)c(C)s5)CC4)cn3)nc2n(C2CCCC2)c1=O,CC(=O)c1c(C)c2cnc(Nc3ccc(N4CCN(C(=O)CCOCCOCCOCCOCCC(=O)Nc5ccccc5C(=O)Nc5nc(C)c(C)s5)CC4)cn3)nc2n(C2CCCC2)c1=O,none,mgdb,MG-6804,MG-6804,,,,Cyclin D1,unknown,3,cellular_phenotype,nan,False,,True,False,False,,,,,False
OQFKHRPUOUCCDA-UHFFFAOYSA-N,CC(=O)c1c(C)c2cnc(Nc3ccc(N4CCN(CCCCCCCCCCCC(=O)Nc5ccccc5C(=O)Nc5nc(C)c(C)s5)CC4)cn3)nc2n(C2CCCC2)c1=O,CC(=O)c1c(C)c2cnc(Nc3ccc(N4CCN(CCCCCCCCCCCC(=O)Nc5ccccc5C(=O)Nc5nc(C)c(C)s5)CC4)cn3)nc2n(C2CCCC2)c1=O,none,mgdb,MG-6805,MG-6805,,,,Cyclin D1,unknown,3,cellular_phenotype,nan,False,,True,False,False,,,,,False
CFZNHWJQDBJWQD-UHFFFAOYSA-N,CC(=O)c1c(C)c2cnc(Nc3ccc(N4CCN(CC(=O)NCCOCCOCCC(=O)NC5CCCCC5C(=O)Nc5nc(C)c(C)s5)CC4)cn3)nc2n(C2CCCC2)c1=O,CC(=O)c1c(C)c2cnc(Nc3ccc(N4CCN(CC(=O)NCCOCCOCCC(=O)NC5CCCCC5C(=O)Nc5nc(C)c(C)s5)CC4)cn3)nc2n(C2CCCC2)c1=O,undefined,mgdb,MG-6807,MG-6807,,,,Cyclin D1,unknown,3,cellular_phenotype,nan,False,,True,False,False,,,,,False
GCYUJDZFWUJQTQ-UHFFFAOYSA-N,CC(=O)c1c(C)c2cnc(Nc3ccc(N4CCN(CC(=O)NCC(=O)Nc5ccccc5C(=O)Nc5nc(C)c(C)s5)CC4)cn3)nc2n(C2CCCC2)c1=O,CC(=O)c1c(C)c2cnc(Nc3ccc(N4CCN(CC(=O)NCC(=O)Nc5ccccc5C(=O)Nc5nc(C)c(C)s5)CC4)cn3)nc2n(C2CCCC2)c1=O,none,mgdb,MG-6808,MG-6808,,,,Cyclin D1,unknown,3,cellular_phenotype,nan,False,,True,False,False,,,,,False
ZYYLLQMCERKTNG-UHFFFAOYSA-N,CC(=O)c1c(C)c2cnc(Nc3ccc(N4CCN(C(=O)CCOCCC(=O)Nc5ccccc5C(=O)Nc5nc(C)c(C)s5)CC4)cn3)nc2n(C2CCCC2)c1=O,CC(=O)c1c(C)c2cnc(Nc3ccc(N4CCN(C(=O)CCOCCC(=O)Nc5ccccc5C(=O)Nc5nc(C)c(C)s5)CC4)cn3)nc2n(C2CCCC2)c1=O,none,mgdb,MG-6809,MG-6809,,,,Cyclin D1,unknown,3,cellular_phenotype,nan,False,,True,False,False,,,,,False
RHBNVUXIXUOEOL-UHFFFAOYSA-N,CC(=O)c1c(C)c2cnc(Nc3ccc(N4CCN(C(=O)CCOCCOCCOCCOCCOCCOCCC(=O)Nc5ccccc5C(=O)Nc5nc(C)c(C)s5)CC4)cn3)nc2n(C2CCCC2)c1=O,CC(=O)c1c(C)c2cnc(Nc3ccc(N4CCN(C(=O)CCOCCOCCOCCOCCOCCOCCC(=O)Nc5ccccc5C(=O)Nc5nc(C)c(C)s5)CC4)cn3)nc2n(C2CCCC2)c1=O,none,mgdb,MG-6810,MG-6810,,,,Cyclin D1,unknown,3,cellular_phenotype,nan,False,,True,False,False,,,,,False
ONBZEABKNHWFIP-UHFFFAOYSA-N,CC(=O)c1c(C)c2cnc(Nc3ccc(N4CCN(CC(=O)NCCCCCC(=O)Nc5ccccc5C(=O)Nc5nc(C)c(C)s5)CC4)cn3)nc2n(C2CCCC2)c1=O,CC(=O)c1c(C)c2cnc(Nc3ccc(N4CCN(CC(=O)NCCCCCC(=O)Nc5ccccc5C(=O)Nc5nc(C)c(C)s5)CC4)cn3)nc2n(C2CCCC2)c1=O,none,mgdb,MG-6800,MG-6800,,,,Cyclin D1,unknown,3,cellular_phenotype,nan,False,,True,False,False,,,,,False
WVLCPJFOCASGFW-UHFFFAOYSA-N,CC(=O)c1c(C)c2cnc(Nc3ccc(N4CCN(CC(=O)NCCOCCOCCC(=O)Nc5ccccc5C(=O)Nc5ccc(C6CC6)cn5)CC4)cn3)nc2n(C2CCCC2)c1=O,CC(=O)c1c(C)c2cnc(Nc3ccc(N4CCN(CC(=O)NCCOCCOCCC(=O)Nc5ccccc5C(=O)Nc5ccc(C6CC6)cn5)CC4)cn3)nc2n(C2CCCC2)c1=O,none,mgdb,MG-6812,MG-6812,,,,Cyclin D1,unknown,3,cellular_phenotype,nan,False,,True,False,False,,,,,False
IAAIDPBXAGDIQT-UHFFFAOYSA-N,CC(=O)c1c(C)c2cnc(Nc3ccc(N4CCN(CC(=O)NCCOCCOCCC(=O)Nc5ccccc5C(=O)Nc5ccc(N(C)C)nn5)CC4)cn3)nc2n(C2CCCC2)c1=O,CC(=O)c1c(C)c2cnc(Nc3ccc(N4CCN(CC(=O)NCCOCCOCCC(=O)Nc5ccccc5C(=O)Nc5ccc(N(C)C)nn5)CC4)cn3)nc2n(C2CCCC2)c1=O,none,mgdb,MG-6813,MG-6813,,,,Cyclin D1,unknown,3,cellular_phenotype,nan,False,,True,False,False,,,,,False
WOPBZNLNQBGHLM-UHFFFAOYSA-N,CC(=O)c1c(C)c2cnc(Nc3ccc(N4CCN(CC(=O)NCCOCCOCCC(=O)Nc5ccccc5C(=O)Nc5cnc(C)nc5)CC4)cn3)nc2n(C2CCCC2)c1=O,CC(=O)c1c(C)c2cnc(Nc3ccc(N4CCN(CC(=O)NCCOCCOCCC(=O)Nc5ccccc5C(=O)Nc5cnc(C)nc5)CC4)cn3)nc2n(C2CCCC2)c1=O,none,mgdb,MG-6814,MG-6814,,,,Cyclin D1,unknown,3,cellular_phenotype,nan,False,,True,False,False,,,,,False
RIMCNOMLPYBOIY-UHFFFAOYSA-N,CC(=O)c1c(C)c2cnc(Nc3ccc(N4CCN(CCNCCOCCOCCC(=O)Nc5ccccc5C(=O)Nc5nc(C)c(C)s5)CC4)cn3)nc2n(C2CCCC2)c1=O,CC(=O)c1c(C)c2cnc(Nc3ccc(N4CCN(CCNCCOCCOCCC(=O)Nc5ccccc5C(=O)Nc5nc(C)c(C)s5)CC4)cn3)nc2n(C2CCCC2)c1=O,none,mgdb,MG-6815,MG-6815,,,,Cyclin D1,unknown,3,cellular_phenotype,nan,False,,True,False,False,,,,,False
GYSNRSNZBMHWEF-UHFFFAOYSA-N,CC(=O)c1c(C)c2cnc(Nc3ccc(N4CCN(CCOCCOCCOCCC(=O)Nc5ccccc5C(=O)Nc5nc(C)c(C)s5)CC4)cn3)nc2n(C2CCCC2)c1=O,CC(=O)c1c(C)c2cnc(Nc3ccc(N4CCN(CCOCCOCCOCCC(=O)Nc5ccccc5C(=O)Nc5nc(C)c(C)s5)CC4)cn3)nc2n(C2CCCC2)c1=O,none,mgdb,MG-6806,MG-6806,,,,Cyclin D1,unknown,3,cellular_phenotype,nan,False,,True,False,False,,,,,False
GJDYUWBLOJXIGX-UHFFFAOYSA-N,CC(=O)c1c(C)c2cnc(Nc3ccc(N4CCN(CC(=O)NCCOCCOCCCNc5ccccc5C(=O)Nc5nc(C)c(C)s5)CC4)cn3)nc2n(C2CCCC2)c1=O,CC(=O)c1c(C)c2cnc(Nc3ccc(N4CCN(CC(=O)NCCOCCOCCCNc5ccccc5C(=O)Nc5nc(C)c(C)s5)CC4)cn3)nc2n(C2CCCC2)c1=O,none,mgdb,MG-6880,MG-6880,,,,Cyclin D1,unknown,3,cellular_phenotype,nan,False,,True,False,False,,,,,False
AETDIMPLVIGFCL-UHFFFAOYSA-N,CC(=O)c1c(C)c2cnc(Nc3ccc(N4CCN(CC(=O)NCCCCCCCCCNc5ccccc5C(=O)Nc5nc(C)c(C)s5)CC4)cc3)nc2n(C2CCCC2)c1=O,CC(=O)c1c(C)c2cnc(Nc3ccc(N4CCN(CC(=O)NCCCCCCCCCNc5ccccc5C(=O)Nc5nc(C)c(C)s5)CC4)cc3)nc2n(C2CCCC2)c1=O,none,mgdb,MG-6881,MG-6881,,,,Cyclin D1,unknown,3,cellular_phenotype,nan,False,,True,False,False,,,,,False
XNTIKBZZBBZHCZ-UHFFFAOYSA-N,CC(=O)c1c(C)c2cnc(Nc3ccc(N4CCN(CC(=O)NCCCCC(=O)Nc5ccccc5C(=O)Nc5ccc(C)cn5)CC4)cn3)nc2n(C2CCCC2)c1=O,CC(=O)c1c(C)c2cnc(Nc3ccc(N4CCN(CC(=O)NCCCCC(=O)Nc5ccccc5C(=O)Nc5ccc(C)cn5)CC4)cn3)nc2n(C2CCCC2)c1=O,none,mgdb,MG-6882,MG-6882,,,,Cyclin D1,unknown,3,cellular_phenotype,nan,False,,True,False,False,,,,,False
TUYLKKALXKKBTJ-UHFFFAOYSA-N,CC(=O)c1c(C)c2cnc(Nc3ccc(N4CCN(CC(=O)NCCOCCOCCC(=O)Nc5ncccc5C(=O)Nc5ccc(C)c(C6CC6)n5)CC4)cn3)nc2n(C2CCCC2)c1=O,CC(=O)c1c(C)c2cnc(Nc3ccc(N4CCN(CC(=O)NCCOCCOCCC(=O)Nc5ncccc5C(=O)Nc5ccc(C)c(C6CC6)n5)CC4)cn3)nc2n(C2CCCC2)c1=O,none,mgdb,MG-6883,MG-6883,,,,Cyclin D1,unknown,3,cellular_phenotype,nan,False,,True,False,False,,,,,False
MXOZSAZCTFCACR-UHFFFAOYSA-N,CC(=O)c1c(C)c2cnc(Nc3ccc(N4CCN(CCCCCOCCOCCNc5cccc(C(=O)Nc6nc(C)c(C)s6)c5C)CC4)cn3)nc2n(C2CCCC2)c1=O,CC(=O)c1c(C)c2cnc(Nc3ccc(N4CCN(CCCCCOCCOCCNc5cccc(C(=O)Nc6nc(C)c(C)s6)c5C)CC4)cn3)nc2n(C2CCCC2)c1=O,none,mgdb,MG-6884,MG-6884,,,,Cyclin D1,unknown,3,cellular_phenotype,nan,False,,True,False,False,,,,,False
MQIQTALCLXIBLB-UHFFFAOYSA-N,CC(=O)c1c(C)c2cnc(Nc3ccc(N4CCN(CCCCCCCC(=O)Nc5ncccc5C(=O)Nc5ccc(C)cn5)CC4)cn3)nc2n(C2CCCC2)c1=O,CC(=O)c1c(C)c2cnc(Nc3ccc(N4CCN(CCCCCCCC(=O)Nc5ncccc5C(=O)Nc5ccc(C)cn5)CC4)cn3)nc2n(C2CCCC2)c1=O,none,mgdb,MG-6811,MG-6811,,,,Cyclin D1,unknown,3,cellular_phenotype,nan,False,,True,False,False,,,,,False
SZDMQHNKLFWVRS-UHFFFAOYSA-N,CC(=O)c1c(C)c2cnc(Nc3ccc(N4CCN(CC(=O)NCCCCCCCNc5cccc(C(=O)Nc6cc(C)n(C)n6)c5C)CC4)cn3)nc2n(C2CCCC2)c1=O,CC(=O)c1c(C)c2cnc(Nc3ccc(N4CCN(CC(=O)NCCCCCCCNc5cccc(C(=O)Nc6cc(C)n(C)n6)c5C)CC4)cn3)nc2n(C2CCCC2)c1=O,none,mgdb,MG-6942,MG-6942,,,,Cyclin D1,unknown,3,cellular_phenotype,nan,False,,True,False,False,,,,,False
UAWOQNFADBCJGW-UHFFFAOYSA-N,CC(=O)c1c(C)c2cnc(Nc3ccc(N4CCN(CC(=O)NCCOCCOCCC(=O)Nc5cccc(Cl)c5C(=O)Nc5ccc(C)cn5)CC4)cn3)nc2n(C2CCCC2)c1=O,CC(=O)c1c(C)c2cnc(Nc3ccc(N4CCN(CC(=O)NCCOCCOCCC(=O)Nc5cccc(Cl)c5C(=O)Nc5ccc(C)cn5)CC4)cn3)nc2n(C2CCCC2)c1=O,none,mgdb,MG-6950,MG-6950,,,,Cyclin D1,unknown,3,cellular_phenotype,nan,False,,True,False,False,,,,,False
KNBDXWOAOYDQFL-UHFFFAOYSA-N,CC(=O)c1c(C)c2cnc(Nc3ccc(N4CCN(CC(=O)NCCCCCCCNc5nc(C)ccc5C(=O)Nc5nc(C)c(C)s5)CC4)cn3)nc2n(C2CCCC2)c1=O,CC(=O)c1c(C)c2cnc(Nc3ccc(N4CCN(CC(=O)NCCCCCCCNc5nc(C)ccc5C(=O)Nc5nc(C)c(C)s5)CC4)cn3)nc2n(C2CCCC2)c1=O,none,mgdb,MG-6951,MG-6951,,,,Cyclin D1,unknown,3,cellular_phenotype,nan,False,,True,False,False,,,,,False
JZEBCCGXNVQTSO-UHFFFAOYSA-N,CNc1ccc(C(=O)Nc2ccccn2)c(NC(=O)CCOCCOCCNC(=O)CN2CCN(c3ccc(Nc4ncc5c(C)c(C(C)=O)c(=O)n(C6CCCC6)c5n4)nc3)CC2)c1,CNc1ccc(C(=O)Nc2ccccn2)c(NC(=O)CCOCCOCCNC(=O)CN2CCN(c3ccc(Nc4ncc5c(C)c(C(C)=O)c(=O)n(C6CCCC6)c5n4)nc3)CC2)c1,none,mgdb,MG-6952,MG-6952,,,,Cyclin D1,unknown,3,cellular_phenotype,nan,False,,True,False,False,,,,,False
BLBWDXOACBTCSG-UHFFFAOYSA-N,CC(=O)c1c(C)c2cnc(Nc3ccc(N4CCN(CCNCCCCCCCNc5cccc(C(=O)Nc6nc(C)c(C)s6)c5C)CC4)cn3)nc2n(C2CCCC2)c1=O,CC(=O)c1c(C)c2cnc(Nc3ccc(N4CCN(CCNCCCCCCCNc5cccc(C(=O)Nc6nc(C)c(C)s6)c5C)CC4)cn3)nc2n(C2CCCC2)c1=O,none,mgdb,MG-6816,MG-6816,,,,Cyclin D1,unknown,3,cellular_phenotype,nan,False,,True,False,False,,,,,False
AFVGVFMJNYSDFB-UHFFFAOYSA-N,COc1ccc(NC(=O)c2cccc(NCCOCCOCCNC(=O)CN3CCN(c4ccc(Nc5ncc6c(C)c(C(C)=O)c(=O)n(C7CCCC7)c6n5)nc4)CC3)c2C)nn1,COc1ccc(NC(=O)c2cccc(NCCOCCOCCNC(=O)CN3CCN(c4ccc(Nc5ncc6c(C)c(C(C)=O)c(=O)n(C7CCCC7)c6n5)nc4)CC3)c2C)nn1,none,mgdb,MG-6954,MG-6954,,,,Cyclin D1,unknown,3,cellular_phenotype,nan,False,,True,False,False,,,,,False
GIQKIYYEQBBAQL-UHFFFAOYSA-N,COc1ccc(NC(=O)c2ccccc2NC(=O)CCOCCOCCNC(=O)CN2CCN(c3ccc(Nc4ncc5c(C)c(C(C)=O)c(=O)n(C6CCCC6)c5n4)nc3)CC2)nc1,COc1ccc(NC(=O)c2ccccc2NC(=O)CCOCCOCCNC(=O)CN2CCN(c3ccc(Nc4ncc5c(C)c(C(C)=O)c(=O)n(C6CCCC6)c5n4)nc3)CC2)nc1,none,mgdb,MG-6955,MG-6955,,,,Cyclin D1,unknown,3,cellular_phenotype,nan,False,,True,False,False,,,,,False
OLYMXDWGNBOTCQ-UHFFFAOYSA-N,CC(=O)c1c(C)c2cnc(Nc3ccc(N4CCN(CC(=O)NCCCCCCCCCNc5ccccc5C(=O)Nc5nc(C)c(C)s5)CC4)cn3)nc2n(C2CCCC2)c1=O,CC(=O)c1c(C)c2cnc(Nc3ccc(N4CCN(CC(=O)NCCCCCCCCCNc5ccccc5C(=O)Nc5nc(C)c(C)s5)CC4)cn3)nc2n(C2CCCC2)c1=O,none,mgdb,MG-6956,MG-6956,,,,Cyclin D1,unknown,3,cellular_phenotype,nan,False,,True,False,False,,,,,False
UPKUERJYQNBWCN-UHFFFAOYSA-N,COc1ccc(NC(=O)c2ccccc2NC(=O)CCN2CCN(CCNC(=O)CN3CCN(c4ccc(Nc5ncc6c(C)c(C(C)=O)c(=O)n(C7CCCC7)c6n5)nc4)CC3)CC2)nn1,COc1ccc(NC(=O)c2ccccc2NC(=O)CCN2CCN(CCNC(=O)CN3CCN(c4ccc(Nc5ncc6c(C)c(C(C)=O)c(=O)n(C7CCCC7)c6n5)nc4)CC3)CC2)nn1,none,mgdb,MG-6957,MG-6957,,,,Cyclin D1,unknown,3,cellular_phenotype,nan,False,,True,False,False,,,,,False
AGMMHZMZNFGHNR-UHFFFAOYSA-N,CC(=O)c1c(C)c2cnc(Nc3ccc(N4CCN(CC(=O)NCCCCCCCNc5cccc(C(=O)Nc6ccc(C)nc6)c5C)CC4)cn3)nc2n(C2CCCC2)c1=O,CC(=O)c1c(C)c2cnc(Nc3ccc(N4CCN(CC(=O)NCCCCCCCNc5cccc(C(=O)Nc6ccc(C)nc6)c5C)CC4)cn3)nc2n(C2CCCC2)c1=O,none,mgdb,MG-6941,MG-6941,,,,Cyclin D1,unknown,3,cellular_phenotype,nan,False,,True,False,False,,,,,False
DERVLFBSQJGMKN-UHFFFAOYSA-N,COc1ccc(NC(=O)c2ccccc2NC(=O)COCCN2CCC(NC(=O)CN3CCN(c4ccc(Nc5ncc6c(C)c(C(C)=O)c(=O)n(C7CCCC7)c6n5)nc4)CC3)CC2)nn1,COc1ccc(NC(=O)c2ccccc2NC(=O)COCCN2CCC(NC(=O)CN3CCN(c4ccc(Nc5ncc6c(C)c(C(C)=O)c(=O)n(C7CCCC7)c6n5)nc4)CC3)CC2)nn1,none,mgdb,MG-6959,MG-6959,,,,Cyclin D1,unknown,3,cellular_phenotype,nan,False,,True,False,False,,,,,False
AZQXMPVSLRZHMT-UHFFFAOYSA-N,COc1ccc(NC(=O)c2ccccc2NC(=O)CCOCCN2CCC(NC(=O)CN3CCN(c4ccc(Nc5ncc6c(C)c(C(C)=O)c(=O)n(C7CCCC7)c6n5)nc4)CC3)CC2)nn1,COc1ccc(NC(=O)c2ccccc2NC(=O)CCOCCN2CCC(NC(=O)CN3CCN(c4ccc(Nc5ncc6c(C)c(C(C)=O)c(=O)n(C7CCCC7)c6n5)nc4)CC3)CC2)nn1,none,mgdb,MG-6960,MG-6960,,,,Cyclin D1,unknown,3,cellular_phenotype,nan,False,,True,False,False,,,,,False
QRSLEDSJDLCRQE-UHFFFAOYSA-N,COc1ccc(NC(=O)c2ccccc2NC(=O)COCCOC2CCC(NC(=O)CN3CCN(c4ccc(Nc5ncc6c(C)c(C(C)=O)c(=O)n(C7CCCC7)c6n5)nc4)CC3)CC2)nn1,COc1ccc(NC(=O)c2ccccc2NC(=O)COCCOC2CCC(NC(=O)CN3CCN(c4ccc(Nc5ncc6c(C)c(C(C)=O)c(=O)n(C7CCCC7)c6n5)nc4)CC3)CC2)nn1,undefined,mgdb,MG-6961,MG-6961,,,,Cyclin D1,unknown,3,cellular_phenotype,nan,False,,True,False,False,,,,,False
FAERJOVNRSQNGF-UHFFFAOYSA-N,CC(=O)c1c(C)c2cnc(Nc3ccc(N4CCN(CC(=O)NCCOCCOCCC(=O)Nc5ccccc5C(=O)Nc5ccc(OC6CC6)nn5)CC4)cn3)nc2n(C2CCCC2)c1=O,CC(=O)c1c(C)c2cnc(Nc3ccc(N4CCN(CC(=O)NCCOCCOCCC(=O)Nc5ccccc5C(=O)Nc5ccc(OC6CC6)nn5)CC4)cn3)nc2n(C2CCCC2)c1=O,none,mgdb,MG-6962,MG-6962,,,,Cyclin D1,unknown,3,cellular_phenotype,nan,False,,True,False,False,,,,,False
RLWJGDYYWFOOQQ-UHFFFAOYSA-N,CC(=O)c1c(C)c2cnc(Nc3ccc(N4CCN(CC(=O)NCCOCCOCCC(=O)Nc5cccc(C(=O)Nc6ccc(OC(C)C)nn6)c5)CC4)cn3)nc2n(C2CCCC2)c1=O,CC(=O)c1c(C)c2cnc(Nc3ccc(N4CCN(CC(=O)NCCOCCOCCC(=O)Nc5cccc(C(=O)Nc6ccc(OC(C)C)nn6)c5)CC4)cn3)nc2n(C2CCCC2)c1=O,none,mgdb,MG-6963,MG-6963,,,,Cyclin D1,unknown,3,cellular_phenotype,nan,False,,True,False,False,,,,,False
UJAPSKFOMTYAGZ-UHFFFAOYSA-N,CNC(=O)c1ccc(C)nc1NCCCCCCCNC(=O)CN1CCN(c2ccc(Nc3ncc4c(C)c(C(C)=O)c(=O)n(C5CCCC5)c4n3)cc2)CC1,CNC(=O)c1ccc(C)nc1NCCCCCCCNC(=O)CN1CCN(c2ccc(Nc3ncc4c(C)c(C(C)=O)c(=O)n(C5CCCC5)c4n3)cc2)CC1,none,mgdb,MG-6953,MG-6953,,,,Cyclin D1,unknown,3,cellular_phenotype,nan,False,,True,False,False,,,,,False
UNSYOOWLMKSIRA-UHFFFAOYSA-N,CC(=O)c1c(C)c2cnc(Nc3ccc(N4CCN(CC(=O)NCCOCCOCCC(=O)Nc5cc6c(cc5C(=O)Nc5ccc(C)cn5)CCCN6)CC4)cn3)nc2n(C2CCCC2)c1=O,CC(=O)c1c(C)c2cnc(Nc3ccc(N4CCN(CC(=O)NCCOCCOCCC(=O)Nc5cc6c(cc5C(=O)Nc5ccc(C)cn5)CCCN6)CC4)cn3)nc2n(C2CCCC2)c1=O,none,mgdb,MG-6970,MG-6970,,,,Cyclin D1,unknown,3,cellular_phenotype,nan,False,,True,False,False,,,,,False
RTIYCBJIAILVSB-UHFFFAOYSA-N,CC(=O)c1c(C)c2cnc(Nc3ccc(N4CCN(CC(=O)NCCOCCOCCC(=O)Nc5c(C(=O)Nc6ccc(C)cn6)ccc6[nH]ncc56)CC4)cn3)nc2n(C2CCCC2)c1=O,CC(=O)c1c(C)c2cnc(Nc3ccc(N4CCN(CC(=O)NCCOCCOCCC(=O)Nc5c(C(=O)Nc6ccc(C)cn6)ccc6[nH]ncc56)CC4)cn3)nc2n(C2CCCC2)c1=O,none,mgdb,MG-6971,MG-6971,,,,Cyclin D1,unknown,3,cellular_phenotype,nan,False,,True,False,False,,,,,False
FFUQLRPAWKXFCJ-UHFFFAOYSA-N,CC(=O)c1c(C)c2cnc(Nc3ccc(N4CCN(CC(=O)NCCOCCOCCC(=O)Nc5cc6c(cc5C(=O)Nc5ccc(C)cn5)CCN6)CC4)cn3)nc2n(C2CCCC2)c1=O,CC(=O)c1c(C)c2cnc(Nc3ccc(N4CCN(CC(=O)NCCOCCOCCC(=O)Nc5cc6c(cc5C(=O)Nc5ccc(C)cn5)CCN6)CC4)cn3)nc2n(C2CCCC2)c1=O,none,mgdb,MG-6972,MG-6972,,,,Cyclin D1,unknown,3,cellular_phenotype,nan,False,,True,False,False,,,,,False
OHNFHTWNCFGLRU-UHFFFAOYSA-N,CC(=O)c1c(C)c2cnc(Nc3ccc(N4CCN(CC(=O)NCCOCCOCCC(=O)Nc5c(C(=O)Nc6ccc(C)cn6)ccc6[nH]ccc56)CC4)cc3)nc2n(C2CCCC2)c1=O,CC(=O)c1c(C)c2cnc(Nc3ccc(N4CCN(CC(=O)NCCOCCOCCC(=O)Nc5c(C(=O)Nc6ccc(C)cn6)ccc6[nH]ccc56)CC4)cc3)nc2n(C2CCCC2)c1=O,none,mgdb,MG-6973,MG-6973,,,,Cyclin D1,unknown,3,cellular_phenotype,nan,False,,True,False,False,,,,,False
OUMGBEMRDHUHFN-UHFFFAOYSA-N,COc1ccc(NC(=O)c2ccccc2NC(=O)CCCCN2CCC(NC(=O)CN3CCN(c4ccc(Nc5ncc6c(C)c(C(C)=O)c(=O)n(C7CCCC7)c6n5)nc4)CC3)CC2)nn1,COc1ccc(NC(=O)c2ccccc2NC(=O)CCCCN2CCC(NC(=O)CN3CCN(c4ccc(Nc5ncc6c(C)c(C(C)=O)c(=O)n(C7CCCC7)c6n5)nc4)CC3)CC2)nn1,none,mgdb,MG-6958,MG-6958,,,,Cyclin D1,unknown,3,cellular_phenotype,nan,False,,True,False,False,,,,,False
ZHONATKYSXYEDO-UHFFFAOYSA-N,CC(=O)c1c(C)c2cnc(Nc3ccc(N4CCN(CC(=O)NCCCCCNc5ccccc5C(=O)Nc5nc(C)c(C)s5)CC4)cn3)nc2n(C2CCCC2)c1=O,CC(=O)c1c(C)c2cnc(Nc3ccc(N4CCN(CC(=O)NCCCCCNc5ccccc5C(=O)Nc5nc(C)c(C)s5)CC4)cn3)nc2n(C2CCCC2)c1=O,none,mgdb,MG-6975,MG-6975,,,,Cyclin D1,unknown,3,cellular_phenotype,nan,False,,True,False,False,,,,,False
XLWFBXSIMZTOHH-UHFFFAOYSA-N,CC(=O)c1c(C)c2cnc(Nc3ccc(N4CCN(CC(=O)NCCCCCCCNc5ccccc5C(=O)Nc5nc(C)c(C)s5)CC4)cn3)nc2n(C2CCCC2)c1=O,CC(=O)c1c(C)c2cnc(Nc3ccc(N4CCN(CC(=O)NCCCCCCCNc5ccccc5C(=O)Nc5nc(C)c(C)s5)CC4)cn3)nc2n(C2CCCC2)c1=O,none,mgdb,MG-6976,MG-6976,,,,Cyclin D1,unknown,3,cellular_phenotype,nan,False,,True,False,False,,,,,False
UDPGDVFWHXMHBE-UHFFFAOYSA-N,COc1ccc(NC(=O)c2ccc(N(C)C)cc2NC(=O)CCOCCOCCNC(=O)CN2CCN(c3ccc(Nc4ncc5c(C)c(C(C)=O)c(=O)n(C6CCCC6)c5n4)nc3)CC2)nn1,COc1ccc(NC(=O)c2ccc(N(C)C)cc2NC(=O)CCOCCOCCNC(=O)CN2CCN(c3ccc(Nc4ncc5c(C)c(C(C)=O)c(=O)n(C6CCCC6)c5n4)nc3)CC2)nn1,none,mgdb,MG-6977,MG-6977,,,,Cyclin D1,unknown,3,cellular_phenotype,nan,False,,True,False,False,,,,,False
HNAVJOSFXNSTGP-UHFFFAOYSA-N,COc1ccc(NC(=O)c2ncccc2NC(=O)COCCOC2CCC(NC(=O)CN3CCN(c4ccc(Nc5ncc6c(C)c(C(C)=O)c(=O)n(C7CCCC7)c6n5)nc4)CC3)CC2)nn1,COc1ccc(NC(=O)c2ncccc2NC(=O)COCCOC2CCC(NC(=O)CN3CCN(c4ccc(Nc5ncc6c(C)c(C(C)=O)c(=O)n(C7CCCC7)c6n5)nc4)CC3)CC2)nn1,undefined,mgdb,MG-6978,MG-6978,,,,Cyclin D1,unknown,3,cellular_phenotype,nan,False,,True,False,False,,,,,False
VNRTZJDKIMPYTH-UHFFFAOYSA-N,CC(=O)c1c(C)c2cnc(Nc3ccc(N4CCN(C(=O)CCOCCOCCOCCC(=O)Nc5ccccc5C(=O)Nc5nc(C)c(C)s5)CC4)cn3)nc2n(C2CCCC2)c1=O,CC(=O)c1c(C)c2cnc(Nc3ccc(N4CCN(C(=O)CCOCCOCCOCCC(=O)Nc5ccccc5C(=O)Nc5nc(C)c(C)s5)CC4)cn3)nc2n(C2CCCC2)c1=O,none,mgdb,MG-6969,MG-6969,,,,Cyclin D1,unknown,3,cellular_phenotype,nan,False,,True,False,False,,,,,False
YDRICSHPYZYETK-UHFFFAOYSA-N,CC(=O)c1c(C)c2cnc(Nc3ccc(N4CCN(CC(=O)NCCOCCOCCC(=O)Nc5ccccc5C(=O)Nc5ccc(C#N)nn5)CC4)cn3)nc2n(C2CCCC2)c1=O,CC(=O)c1c(C)c2cnc(Nc3ccc(N4CCN(CC(=O)NCCOCCOCCC(=O)Nc5ccccc5C(=O)Nc5ccc(C#N)nn5)CC4)cn3)nc2n(C2CCCC2)c1=O,none,mgdb,MG-6981,MG-6981,,,,Cyclin D1,unknown,3,cellular_phenotype,nan,False,,True,False,False,,,,,False
KUTZLOHHOSYQBS-UHFFFAOYSA-N,CC(=O)c1c(C)c2cnc(Nc3ccc(N4CCN(CC(=O)NCCCCCCCNc5cc(NS(C)(=O)=O)ccc5C(=O)Nc5nc(C)c(C)s5)CC4)cn3)nc2n(C2CCCC2)c1=O,CC(=O)c1c(C)c2cnc(Nc3ccc(N4CCN(CC(=O)NCCCCCCCNc5cc(NS(C)(=O)=O)ccc5C(=O)Nc5nc(C)c(C)s5)CC4)cn3)nc2n(C2CCCC2)c1=O,none,mgdb,MG-6982,MG-6982,,,,Cyclin D1,unknown,3,cellular_phenotype,nan,False,,True,False,False,,,,,False
MUARKGOOCKEPAS-UHFFFAOYSA-N,CNc1ccc(C(=O)Nc2ccc(C)c(C3CC3)n2)c(NCCCCCNC(=O)CN2CCN(c3ccc(Nc4ncc5c(C)c(C(C)=O)c(=O)n(C6CCCC6)c5n4)nc3)CC2)c1,CNc1ccc(C(=O)Nc2ccc(C)c(C3CC3)n2)c(NCCCCCNC(=O)CN2CCN(c3ccc(Nc4ncc5c(C)c(C(C)=O)c(=O)n(C6CCCC6)c5n4)nc3)CC2)c1,none,mgdb,MG-6983,MG-6983,,,,Cyclin D1,unknown,3,cellular_phenotype,nan,False,,True,False,False,,,,,False
BHRPMNDFLYAMCM-UHFFFAOYSA-N,CC(=O)c1c(C)c2cnc(Nc3ccc(N4CCN(CC(=O)NCCCCCNc5cc(F)ccc5C(=O)Nc5ccc(N(C)C)nn5)CC4)cn3)nc2n(C2CCCC2)c1=O,CC(=O)c1c(C)c2cnc(Nc3ccc(N4CCN(CC(=O)NCCCCCNc5cc(F)ccc5C(=O)Nc5ccc(N(C)C)nn5)CC4)cn3)nc2n(C2CCCC2)c1=O,none,mgdb,MG-6984,MG-6984,,,,Cyclin D1,unknown,3,cellular_phenotype,nan,False,,True,False,False,,,,,False
DVRGKNOATLKFAB-UHFFFAOYSA-N,CC(=O)c1c(C)c2cnc(Nc3ccc(N4CCN(CC(=O)NCCCCCNc5cc(C)ccc5C(=O)Nc5ccc(N(C)C)nn5)CC4)cn3)nc2n(C2CCCC2)c1=O,CC(=O)c1c(C)c2cnc(Nc3ccc(N4CCN(CC(=O)NCCCCCNc5cc(C)ccc5C(=O)Nc5ccc(N(C)C)nn5)CC4)cn3)nc2n(C2CCCC2)c1=O,none,mgdb,MG-6985,MG-6985,,,,Cyclin D1,unknown,3,cellular_phenotype,nan,False,,True,False,False,,,,,False
SZRTWZIGQGNATH-UHFFFAOYSA-N,CC(=O)c1c(C)c2cnc(Nc3ccc(N4CCN(CC(=O)NCCOCCOCCC(=O)Nc5c(C(=O)Nc6ccc(C)cn6)ccc6ncccc56)CC4)cn3)nc2n(C2CCCC2)c1=O,CC(=O)c1c(C)c2cnc(Nc3ccc(N4CCN(CC(=O)NCCOCCOCCC(=O)Nc5c(C(=O)Nc6ccc(C)cn6)ccc6ncccc56)CC4)cn3)nc2n(C2CCCC2)c1=O,none,mgdb,MG-6974,MG-6974,,,,Cyclin D1,unknown,3,cellular_phenotype,nan,False,,True,False,False,,,,,False
NYLMFYJJKDITHG-UHFFFAOYSA-N,CC(=O)c1c(C)c2cnc(Nc3ccc(N4CCN(CC(=O)NCCCCNc5cc(C)ccc5C(=O)Nc5ccc(N(C)C)nn5)CC4)cn3)nc2n(C2CCCC2)c1=O,CC(=O)c1c(C)c2cnc(Nc3ccc(N4CCN(CC(=O)NCCCCNc5cc(C)ccc5C(=O)Nc5ccc(N(C)C)nn5)CC4)cn3)nc2n(C2CCCC2)c1=O,none,mgdb,MG-6987,MG-6987,,,,Cyclin D1,unknown,3,cellular_phenotype,nan,False,,True,False,False,,,,,False
HOTQYYZZIXRJIQ-UHFFFAOYSA-N,CC(=O)c1c(C)c2cnc(Nc3ccc(N4CCN(CC(=O)NCCCCCNc5cc(C#N)ccc5C(=O)Nc5ccc(N(C)C)nn5)CC4)cn3)nc2n(C2CCCC2)c1=O,CC(=O)c1c(C)c2cnc(Nc3ccc(N4CCN(CC(=O)NCCCCCNc5cc(C#N)ccc5C(=O)Nc5ccc(N(C)C)nn5)CC4)cn3)nc2n(C2CCCC2)c1=O,none,mgdb,MG-6988,MG-6988,,,,Cyclin D1,unknown,3,cellular_phenotype,nan,False,,True,False,False,,,,,False
UHUJNFVASYUGEA-UHFFFAOYSA-N,CNc1ccc(C(=O)Nc2ccc(N(C)C)nn2)c(NCCCCCNC(=O)CN2CCN(c3ccc(Nc4ncc5c(C)c(C(C)=O)c(=O)n(C6CCCC6)c5n4)nc3)CC2)c1,CNc1ccc(C(=O)Nc2ccc(N(C)C)nn2)c(NCCCCCNC(=O)CN2CCN(c3ccc(Nc4ncc5c(C)c(C(C)=O)c(=O)n(C6CCCC6)c5n4)nc3)CC2)c1,none,mgdb,MG-6989,MG-6989,,,,Cyclin D1,unknown,3,cellular_phenotype,nan,False,,True,False,False,,,,,False
VYSIGVLMQJGNBK-UHFFFAOYSA-N,CC(=O)c1c(C)c2cnc(Nc3ccc(N4CCN(CC(=O)NCCCCCNc5cc(Cl)ccc5C(=O)Nc5ccc(C)c(C6CC6)n5)CC4)cn3)nc2n(C2CCCC2)c1=O,CC(=O)c1c(C)c2cnc(Nc3ccc(N4CCN(CC(=O)NCCCCCNc5cc(Cl)ccc5C(=O)Nc5ccc(C)c(C6CC6)n5)CC4)cn3)nc2n(C2CCCC2)c1=O,none,mgdb,MG-6990,MG-6990,,,,Cyclin D1,unknown,3,cellular_phenotype,nan,False,,True,False,False,,,,,False
NWQIVTDASUAHGN-UHFFFAOYSA-N,CC(=O)c1c(C)c2cnc(Nc3ccc(N4CCN(CC(=O)NCCCCCCCNc5cc(C)ccc5C(=O)Nc5nc(C)c(C)s5)CC4)cn3)nc2n(C2CCCC2)c1=O,CC(=O)c1c(C)c2cnc(Nc3ccc(N4CCN(CC(=O)NCCCCCCCNc5cc(C)ccc5C(=O)Nc5nc(C)c(C)s5)CC4)cn3)nc2n(C2CCCC2)c1=O,none,mgdb,MG-6980,MG-6980,,,,Cyclin D1,unknown,3,cellular_phenotype,nan,False,,True,False,False,,,,,False
HNNHEQRZNFLUHK-UHFFFAOYSA-N,CCn1cnc2c(NCc3nc4cc(Cl)c(Cl)cc4[nH]3)nc(N3CCN(C(=O)c4ccncc4)CC3)nc21,CCn1cnc2c(NCc3nc4cc(Cl)c(Cl)cc4[nH]3)nc(N3CCN(C(=O)c4ccncc4)CC3)nc21,none,mgdb,MG-588,MG-588,,,O75909,CCNK,unknown,3,cellular_phenotype,nan,False,,True,False,False,,,,nan,True
FYMBNQWNWKQCTI-UHFFFAOYSA-N,CCn1cnc2c(NCc3nc4cc(Cl)c(Cl)cc4[nH]3)nc(N3CCN(C(=O)c4cccnc4)CC3)nc21,CCn1cnc2c(NCc3nc4cc(Cl)c(Cl)cc4[nH]3)nc(N3CCN(C(=O)c4cccnc4)CC3)nc21,none,mgdb,MG-589,MG-589,,,O75909,CCNK,unknown,3,cellular_phenotype,nan,False,,True,False,False,,,,nan,True
LNWIXZLOAFMBSJ-JGHIERLTSA-N,CC(=O)OC[C@]12CC=C3[C@H](C[C@H]4O[C@]45CC=CC(=O)[C@]35C)[C@]1(O)CC[C@@]2(O)[C@@](C)(O)[C@@H]1CC(C)=C(C)C(=O)O1,CC(=O)OCC12CC=C3C(CC4OC45CC=CC(=O)C35C)C1(O)CCC2(O)C(C)(O)C1CC(C)=C(C)C(=O)O1,defined,mgdb,MG-294,MG-294,,,P25440,BRD2,unknown,3,cellular_phenotype,MTT Assay,False,,True,False,False,,,,nan,False
LNWIXZLOAFMBSJ-JGHIERLTSA-N,CC(=O)OC[C@]12CC=C3[C@H](C[C@H]4O[C@]45CC=CC(=O)[C@]35C)[C@]1(O)CC[C@@]2(O)[C@@](C)(O)[C@@H]1CC(C)=C(C)C(=O)O1,CC(=O)OCC12CC=C3C(CC4OC45CC=CC(=O)C35C)C1(O)CCC2(O)C(C)(O)C1CC(C)=C(C)C(=O)O1,defined,mgdb,MG-294,MG-294,,,,BDR3,unknown,3,cellular_phenotype,MTT Assay,False,,True,False,False,,,,,False
MDKAZIVHADGDCC-UHFFFAOYSA-N,CC(=O)c1c(C)c2cnc(Nc3ccc(N4CCN(CC(=O)NC(CCCCNc5cc(Cl)ccc5C(=O)Nc5ccc(C)c(C6CC6)n5)S(C)(=O)=O)CC4)cn3)nc2n(C2CCCC2)c1=O,CC(=O)c1c(C)c2cnc(Nc3ccc(N4CCN(CC(=O)NC(CCCCNc5cc(Cl)ccc5C(=O)Nc5ccc(C)c(C6CC6)n5)S(C)(=O)=O)CC4)cn3)nc2n(C2CCCC2)c1=O,undefined,mgdb,MG-6991,MG-6991,,,,Cyclin D1,unknown,3,cellular_phenotype,nan,False,,True,False,False,,,,,False
CGWXHJLIXXZRCG-UHFFFAOYSA-N,CC(=O)c1c(C)c2cnc(Nc3ccc(N4CCN(CC(=O)NCCCCCNc5cc(Cl)ccc5C(=O)Nc5ccc(N(C)C)nn5)CC4)cn3)nc2n(C2CCCC2)c1=O,CC(=O)c1c(C)c2cnc(Nc3ccc(N4CCN(CC(=O)NCCCCCNc5cc(Cl)ccc5C(=O)Nc5ccc(N(C)C)nn5)CC4)cn3)nc2n(C2CCCC2)c1=O,none,mgdb,MG-6986,MG-6986,,,,Cyclin D1,unknown,3,cellular_phenotype,nan,False,,True,False,False,,,,,False
MEVXFXVDOZPDAP-UHFFFAOYSA-N,CCn1cnc2c(NCc3nc4cc(Cl)c(Cl)cc4[nH]3)nc(N3CCN(S(C)(=O)=O)CC3)nc21,CCn1cnc2c(NCc3nc4cc(Cl)c(Cl)cc4[nH]3)nc(N3CCN(S(C)(=O)=O)CC3)nc21,none,mgdb,MG-584,MG-584,,,O75909,CCNK,unknown,3,cellular_phenotype,nan,False,,True,False,False,,,,nan,True
ZOOFMENFTSCQCU-UHFFFAOYSA-N,CCn1cnc2c(NCc3nc4cc(Cl)c(Cl)cc4[nH]3)nc(N3CCC(NC(C)=O)CC3)nc21,CCn1cnc2c(NCc3nc4cc(Cl)c(Cl)cc4[nH]3)nc(N3CCC(NC(C)=O)CC3)nc21,none,mgdb,MG-585,MG-585,,,O75909,CCNK,unknown,3,cellular_phenotype,nan,False,,True,False,False,,,,nan,True
NHLSBEFLITXPDM-UHFFFAOYSA-N,CCCCOc1nc(NCc2nc3cc(Cl)c(Cl)cc3[nH]2)c2ncn(CC)c2n1,CCCCOc1nc(NCc2nc3cc(Cl)c(Cl)cc3[nH]2)c2ncn(CC)c2n1,none,mgdb,MG-586,MG-586,,,O75909,CCNK,unknown,3,cellular_phenotype,nan,False,,True,False,False,,,,nan,True
RKNNPLKDFGDCAJ-UHFFFAOYSA-N,CCn1cnc2c(NCc3nc4cc(Cl)c(Cl)cc4[nH]3)nc(N3CCN(C(C)=O)CC3)nc21,CCn1cnc2c(NCc3nc4cc(Cl)c(Cl)cc4[nH]3)nc(N3CCN(C(C)=O)CC3)nc21,none,mgdb,MG-582,MG-582,,,O75909,CCNK,unknown,3,cellular_phenotype,nan,False,,True,False,False,,,,nan,True
YHAKJTLQZMUPCS-UHFFFAOYSA-N,CC(=O)N1CCN(c2nc(NCc3nc4cc(Cl)c(Cl)cc4[nH]3)c3ncn(C(C)C)c3n2)CC1,CC(=O)N1CCN(c2nc(NCc3nc4cc(Cl)c(Cl)cc4[nH]3)c3ncn(C(C)C)c3n2)CC1,none,mgdb,MG-583,MG-583,,,O75909,CCNK,unknown,3,cellular_phenotype,nan,False,,True,False,False,,,,nan,True
OAKHDXJUOUHIBP-UHFFFAOYSA-N,Cc1ccc(S(=O)(=O)Nc2ccc3ncccc3c2)cc1,Cc1ccc(S(=O)(=O)Nc2ccc3ncccc3c2)cc1,none,mgdb,MG-295,MG-295,,,Q14498,RBM39,unknown,3,cellular_phenotype,Western Blot Assay,False,,True,False,False,,,,nan,False
PMSPBUOYDPYDPF-FQEVSTJZSA-N,Cc1sc2c(c1C)C(c1ccc(C#CCN)cc1)=N[C@@H](CC(=O)OC(C)(C)C)c1nnc(C)n1-2,Cc1sc2c(c1C)C(c1ccc(C#CCN)cc1)=NC(CC(=O)OC(C)(C)C)c1nnc(C)n1-2,defined,mgdb,MG-296,MG-296,,,O60885,BRD4,unknown,3,cellular_phenotype,NanoBRET competition assay,False,,True,False,False,,,,nan,True
MTDUZFHXWZPOIU-UHFFFAOYSA-N,Cn1cc(-n2cnc3c(NCc4nc5cc(Cl)c(Cl)cc5[nH]4)nc(N4CCNCC4)nc32)cn1,Cn1cc(-n2cnc3c(NCc4nc5cc(Cl)c(Cl)cc5[nH]4)nc(N4CCNCC4)nc32)cn1,none,mgdb,MG-579,MG-579,,,O75909,CCNK,unknown,3,cellular_phenotype,nan,False,,True,False,False,,,,nan,True
OJIOEOIKVMRCPR-UHFFFAOYSA-N,CC(=O)N1CCN(c2nc(NCc3nc4cc(Cl)c(Cl)cc4[nH]3)c3ncn(-c4cnn(C)c4)c3n2)CC1,CC(=O)N1CCN(c2nc(NCc3nc4cc(Cl)c(Cl)cc4[nH]3)c3ncn(-c4cnn(C)c4)c3n2)CC1,none,mgdb,MG-580,MG-580,,,O75909,CCNK,unknown,3,cellular_phenotype,nan,False,,True,False,False,,,,nan,True
ZGDCDYWFGPFMSO-UHFFFAOYSA-N,CC(=O)N1CCN(c2nc(NCc3nc4cc(Cl)c(Cl)cc4[nH]3)c3ncn(C)c3n2)CC1,CC(=O)N1CCN(c2nc(NCc3nc4cc(Cl)c(Cl)cc4[nH]3)c3ncn(C)c3n2)CC1,none,mgdb,MG-581,MG-581,,,O75909,CCNK,unknown,3,cellular_phenotype,nan,False,,True,False,False,,,,nan,True
MWZOTZVWKRABKD-UHFFFAOYSA-N,C#CCN1CCN(S(=O)(=O)C=C)CC1,C#CCN1CCN(S(=O)(=O)C=C)CC1,none,mgdb,MG-566,MG-566,,,O60885,BRD4,unknown,3,cellular_phenotype,nan,False,,True,False,False,,,,nan,False
PMSPBUOYDPYDPF-FQEVSTJZSA-N,Cc1sc2c(c1C)C(c1ccc(C#CCN)cc1)=N[C@@H](CC(=O)OC(C)(C)C)c1nnc(C)n1-2,Cc1sc2c(c1C)C(c1ccc(C#CCN)cc1)=NC(CC(=O)OC(C)(C)C)c1nnc(C)n1-2,defined,mgdb,MG-296,MG-296,,,P25440,BRD2,unknown,3,cellular_phenotype,cellular degradation assay,False,,True,False,False,,,,nan,True
SJISOGWQGIVAGX-DUIUGDAFSA-N,Cc1sc2c(c1C)C(c1ccc(/C=C/C=O)cc1)=N[C@@H](CC(=O)OC(C)(C)C)c1nnc(C)n1-2,Cc1sc2c(c1C)C(c1ccc(C=CC=O)cc1)=NC(CC(=O)OC(C)(C)C)c1nnc(C)n1-2,defined,mgdb,MG-301,MG-301,,,O60885,BRD4,unknown,3,cellular_phenotype,nan,False,,True,False,False,,,,nan,False
OMISHRJQMYQPMG-UHFFFAOYSA-N,O=C1CCC(N2Cc3cc(C4CCN(Cc5ccccc5)CC4)ccc3C2=O)C(=O)N1,O=C1CCC(N2Cc3cc(C4CCN(Cc5ccccc5)CC4)ccc3C2=O)C(=O)N1,undefined,mgdb,MG-307,MG-307,,,Q9H2S9,IKZF4,unknown,3,cellular_phenotype,Engineered cellular assays,False,,True,False,False,,,,nan,False
OMISHRJQMYQPMG-UHFFFAOYSA-N,O=C1CCC(N2Cc3cc(C4CCN(Cc5ccccc5)CC4)ccc3C2=O)C(=O)N1,O=C1CCC(N2Cc3cc(C4CCN(Cc5ccccc5)CC4)ccc3C2=O)C(=O)N1,undefined,mgdb,MG-307,MG-307,,,Q9UJQ4,SALL4,unknown,3,cellular_phenotype,Engineered cellular assays,False,,True,False,False,,,,nan,False
SPILVXJZWWFSPM-UHFFFAOYSA-N,O=C1CCC(N2Cc3cc(-c4nc5ccccn5c4Nc4ccc5c(c4)OCCO5)ccc3C2=O)C(=O)N1,O=C1CCC(N2Cc3cc(-c4nc5ccccn5c4Nc4ccc5c(c4)OCCO5)ccc3C2=O)C(=O)N1,undefined,mgdb,MG-502,MG-502,,,P30291,WEE1,unknown,3,cellular_phenotype,nan,False,,True,False,False,,,,nan,True
SPILVXJZWWFSPM-UHFFFAOYSA-N,O=C1CCC(N2Cc3cc(-c4nc5ccccn5c4Nc4ccc5c(c4)OCCO5)ccc3C2=O)C(=O)N1,O=C1CCC(N2Cc3cc(-c4nc5ccccn5c4Nc4ccc5c(c4)OCCO5)ccc3C2=O)C(=O)N1,undefined,mgdb,MG-502,MG-502,,,,CK1α,unknown,3,cellular_phenotype,nan,False,,True,False,False,,,,,True
ZPHOUUGPVJCEAJ-UHFFFAOYSA-N,O=C1CCC(N2C(=O)C=C(Nc3cccc(C4(NCCc5ccc(Cl)c(C(F)(F)F)c5)CCC4)c3)C2=O)C(=O)N1,O=C1CCC(N2C(=O)C=C(Nc3cccc(C4(NCCc5ccc(Cl)c(C(F)(F)F)c5)CCC4)c3)C2=O)C(=O)N1,undefined,mgdb,MG-504,MG-504,,,O95625,ZBTB11,unknown,3,cellular_phenotype,cell proliferation assay,False,,True,False,False,,,,nan,False
QHMBSVQNZZTUGM-ZWKOTPCHSA-N,C=C(C)[C@@H]1CCC(C)=C[C@H]1c1c(O)cc(CCCCC)cc1O,C=C(C)C1CCC(C)=CC1c1c(O)cc(CCCCC)cc1O,defined,mgdb,MG-507,MG-507,,,,RUNX3,unknown,3,cellular_phenotype,Cellular Thermal Shift Assay (CETSA),False,,True,False,False,,,,,True
YQSZJOABXRROQR-UHFFFAOYSA-N,CNS(=O)(=O)Nc1nccc(Cc2c(C)c3ccc(Oc4ncccc4F)cc3oc2=O)c1F,CNS(=O)(=O)Nc1nccc(Cc2c(C)c3ccc(Oc4ncccc4F)cc3oc2=O)c1F,none,mgdb,MG-496,MG-496,,,,RAF,unknown,3,cellular_phenotype,nan,False,,True,False,False,,,,,True
GIEVQQNUOQCQQT-UHFFFAOYSA-N,Nc1ccccc1NC(=O)c1ccc(CNc2cccc3c2C(=O)N(C2CCC(=O)NC2=O)C3=O)cc1,Nc1ccccc1NC(=O)c1ccc(CNc2cccc3c2C(=O)N(C2CCC(=O)NC2=O)C3=O)cc1,undefined,mgdb,MG-468,MG-468,,,Q13547,HDAC1,unknown,3,cellular_phenotype,nan,False,,True,False,False,,,,nan,True
LYISLTYEXFTYAC-UHFFFAOYSA-N,Nc1cc(F)ccc1NC(=O)c1ccc(CNc2cccc3c2C(=O)N(C2CCC(=O)NC2=O)C3=O)cc1,Nc1cc(F)ccc1NC(=O)c1ccc(CNc2cccc3c2C(=O)N(C2CCC(=O)NC2=O)C3=O)cc1,undefined,mgdb,MG-469,MG-469,,,Q13547,HDAC1,unknown,3,cellular_phenotype,nan,False,,True,False,False,,,,nan,True
FSELUFUYNUNZKD-UHFFFAOYSA-N,Cn1cc(-n2cnc3c(NCc4nc5cc(Cl)c(Cl)cc5[nH]4)nc(N4CCOCC4)nc32)cn1,Cn1cc(-n2cnc3c(NCc4nc5cc(Cl)c(Cl)cc5[nH]4)nc(N4CCOCC4)nc32)cn1,none,mgdb,MG-435,MG-435,,,O75909,CCNK,unknown,3,cellular_phenotype,nan,False,,True,False,False,,,,nan,True
CZSPKEVHLRWAFC-UHFFFAOYSA-N,COc1cc(C(=O)O)ccc1NCc1ccc(C2(C(C)(C)C)OCC(C)(C)CO2)cc1,COc1cc(C(=O)O)ccc1NCc1ccc(C2(C(C)(C)C)OCC(C)(C)CO2)cc1,none,mgdb,MG-440,MG-440,,,,TMEM173,unknown,3,cellular_phenotype,nan,False,,True,False,False,,,,,True
LOPUQHKKOHYYAV-UHFFFAOYSA-N,CC1(C)COC(c2ccc(CNc3ccc(C(=O)O)cc3)cc2)(C(C)(C)C)OC1,CC1(C)COC(c2ccc(CNc3ccc(C(=O)O)cc3)cc2)(C(C)(C)C)OC1,none,mgdb,MG-441,MG-441,,,,TMEM173,unknown,3,cellular_phenotype,nan,False,,True,False,False,,,,,True
CGTDDTWKYPWOJF-UHFFFAOYSA-N,CNc1ccccc1CS(=O)(=O)NC(=O)c1ccc(NCc2ccc(C3(C(C)(C)C)OCC(C)(C)CO3)cc2)c(OC)c1,CNc1ccccc1CS(=O)(=O)NC(=O)c1ccc(NCc2ccc(C3(C(C)(C)C)OCC(C)(C)CO3)cc2)c(OC)c1,none,mgdb,MG-442,MG-442,,,,TMEM173,unknown,3,cellular_phenotype,nan,False,,True,False,False,,,,,True
ARLYJNUYZQIXFW-UHFFFAOYSA-N,C#CCCC1(CCC(=O)NCCCS(=O)(=O)NC(=O)c2ccc(NCc3ccc(C4(C(C)(C)C)OCC(C)(C)CO4)cc3)c(OC)c2)N=N1,C#CCCC1(CCC(=O)NCCCS(=O)(=O)NC(=O)c2ccc(NCc3ccc(C4(C(C)(C)C)OCC(C)(C)CO4)cc3)c(OC)c2)N=N1,none,mgdb,MG-443,MG-443,,,,TMEM173,unknown,3,cellular_phenotype,nan,False,,True,False,False,,,,,True
