canonical_smiles,canonical_smiles_no_stereo,inchi_key,inchi_key_no_stereo,original_smiles,stereo_present,chiral_centers_count,source_dataset,source_record_id,ligand_id_original,e3_uniprot,e3_gene_symbol,neo_uniprot,neo_gene_symbol,moa_type,pdb_id,has_pdb_structure,dc50,dmax,endpoint_tier,endpoint_category,mutation,complex_component_flag,is_family_level,mapping_assumption_flag,protein_a_mutation,protein_b_mutation,source_in_both
CC(=O)c1c(C)c2cnc(Nc3ccc(N4CCN(CC(=O)NCCOCCOCCC(=O)Nc5ccc(N(C)C)cc5C(=O)Nc5nc(C)c(C)s5)CC4)cn3)nc2n(C2CCCC2)c1=O,CC(=O)c1c(C)c2cnc(Nc3ccc(N4CCN(CC(=O)NCCOCCOCCC(=O)Nc5ccc(N(C)C)cc5C(=O)Nc5nc(C)c(C)s5)CC4)cn3)nc2n(C2CCCC2)c1=O,RYIPYLGUGJOTRY-UHFFFAOYSA-N,RYIPYLGUGJOTRY-UHFFFAOYSA-N,CC1=C(C(=O)C)C(=O)N(C2CCCC2)C3=C1C=NC(=N3)NC4=CC=C(C=N4)N5CCN(CC5)CC(=O)NCCOCCOCCC(=O)NC6=C(C=C(C=C6)N(C)C)C(=O)NC7=NC(=C(C)S7)C,False,0.0,mgdb,MG-6779,MG-6779,,,,Cyclin D1,unknown,,False,,,3,cellular_phenotype,,False,False,,,,False
CCCCNc1ccc(NC(=O)CCOCCOCCNC(=O)CN2CCN(c3ccc(Nc4ncc5c(C)c(C(C)=O)c(=O)n(C6CCCC6)c5n4)nc3)CC2)c(C(=O)Nc2nc(C)c(C)s2)c1,CCCCNc1ccc(NC(=O)CCOCCOCCNC(=O)CN2CCN(c3ccc(Nc4ncc5c(C)c(C(C)=O)c(=O)n(C6CCCC6)c5n4)nc3)CC2)c(C(=O)Nc2nc(C)c(C)s2)c1,AAQOJERSEMYBDW-UHFFFAOYSA-N,AAQOJERSEMYBDW-UHFFFAOYSA-N,CCCCNC1=CC(=C(C=C1)NC(=O)CCOCCOCCNC(=O)CN2CCN(CC2)C3=CN=C(C=C3)NC4=NC5=C(C=N4)C(=C(C(=O)C)C(=O)N5C6CCCC6)C)C(=O)NC7=NC(=C(C)S7)C,False,0.0,mgdb,MG-6778,MG-6778,,,,Cyclin D1,unknown,,False,,,3,cellular_phenotype,,False,False,,,,False
CC[C@H](CO)Nc1nc(NCc2ccc(-c3ccccn3)cc2)c2ncn(C(C)C)c2n1,CCC(CO)Nc1nc(NCc2ccc(-c3ccccn3)cc2)c2ncn(C(C)C)c2n1,HOCBJBNQIQQQGT-LJQANCHMSA-N,HOCBJBNQIQQQGT-UHFFFAOYSA-N,CC[C@H](CO)NC1=NC(=C2C(=N1)N(C=N2)C(C)C)NCC3=CC=C(C=C3)C4=CC=CC=N4.Cl,True,1.0,both,MG-242,MG-242,,,,DDB1,unknown,,False,,,3,cellular_phenotype,,False,False,,,,True
CC(=O)c1c(C)c2cnc(Nc3ccc(N4CCN(CC(=O)NCCOCCOCCC(=O)Nc5cc(N(C)C)ccc5C(=O)Nc5nc(C)c(C)s5)CC4)cn3)nc2n(C2CCCC2)c1=O,CC(=O)c1c(C)c2cnc(Nc3ccc(N4CCN(CC(=O)NCCOCCOCCC(=O)Nc5cc(N(C)C)ccc5C(=O)Nc5nc(C)c(C)s5)CC4)cn3)nc2n(C2CCCC2)c1=O,LIKBJGZTNUUECA-UHFFFAOYSA-N,LIKBJGZTNUUECA-UHFFFAOYSA-N,CC1=C(C(=O)C)C(=O)N(C2CCCC2)C3=C1C=NC(=N3)NC4=CC=C(C=N4)N5CCN(CC5)CC(=O)NCCOCCOCCC(=O)NC6=C(C=CC(=C6)N(C)C)C(=O)NC7=NC(=C(C)S7)C,False,0.0,mgdb,MG-6783,MG-6783,,,,Cyclin D1,unknown,,False,,,3,cellular_phenotype,,False,False,,,,False
CC(=O)c1c(C)c2cnc(Nc3ccc(N4CCN(CC(=O)NCCOCCOCCC(=O)Nc5ccccc5CNc5nc(C)c(C)s5)CC4)cn3)nc2n(C2CCCC2)c1=O,CC(=O)c1c(C)c2cnc(Nc3ccc(N4CCN(CC(=O)NCCOCCOCCC(=O)Nc5ccccc5CNc5nc(C)c(C)s5)CC4)cn3)nc2n(C2CCCC2)c1=O,IBDGFOGESMOMJV-UHFFFAOYSA-N,IBDGFOGESMOMJV-UHFFFAOYSA-N,CC1=C(C(=O)C)C(=O)N(C2CCCC2)C3=C1C=NC(=N3)NC4=NC=C(C=C4)N5CCN(CC5)CC(=O)NCCOCCOCCC(=O)NC6=C(C=CC=C6)CNC7=NC(=C(C)S7)C,False,0.0,mgdb,MG-6782,MG-6782,,,,Cyclin D1,unknown,,False,,,3,cellular_phenotype,,False,False,,,,False
CC(=O)c1c(C)c2cnc(Nc3ccc(N4CCN(C(=O)CCC(=O)Nc5ccccc5C(=O)Nc5nc(C)c(C)s5)CC4)cn3)nc2n(C2CCCC2)c1=O,CC(=O)c1c(C)c2cnc(Nc3ccc(N4CCN(C(=O)CCC(=O)Nc5ccccc5C(=O)Nc5nc(C)c(C)s5)CC4)cn3)nc2n(C2CCCC2)c1=O,WTQORLDZGIXBMW-UHFFFAOYSA-N,WTQORLDZGIXBMW-UHFFFAOYSA-N,CC1=C(C(=O)C)C(=O)N(C2CCCC2)C3=C1C=NC(=N3)NC4=CC=C(C=N4)N5CCN(CC5)C(=O)CCC(=O)NC6=C(C=CC=C6)C(=O)NC7=NC(=C(C)S7)C,False,0.0,mgdb,MG-6781,MG-6781,,,,Cyclin D1,unknown,,False,,,3,cellular_phenotype,,False,False,,,,False
CC(=O)c1c(C)c2cnc(Nc3ccc(N4CCN(CC(=O)NCCOCCOCCC(=O)Nc5ccc(F)cc5C(=O)Nc5nc(C)c(C)s5)CC4)cn3)nc2n(C2CCCC2)c1=O,CC(=O)c1c(C)c2cnc(Nc3ccc(N4CCN(CC(=O)NCCOCCOCCC(=O)Nc5ccc(F)cc5C(=O)Nc5nc(C)c(C)s5)CC4)cn3)nc2n(C2CCCC2)c1=O,DLMDUPLFVZOJQE-UHFFFAOYSA-N,DLMDUPLFVZOJQE-UHFFFAOYSA-N,CC1=C(C(=O)C)C(=O)N(C2CCCC2)C3=C1C=NC(=N3)NC4=CC=C(C=N4)N5CCN(CC5)CC(=O)NCCOCCOCCC(=O)NC6=C(C=C(C=C6)F)C(=O)NC7=NC(=C(C)S7)C,False,0.0,mgdb,MG-6780,MG-6780,,,,Cyclin D1,unknown,,False,,,3,cellular_phenotype,,False,False,,,,False
CC(=O)c1c(C)c2cnc(Nc3ccc(N4CCN(C(=O)CCCCCCCC(=O)Nc5ccccc5C(=O)Nc5nc(C)c(C)s5)CC4)cn3)nc2n(C2CCCC2)c1=O,CC(=O)c1c(C)c2cnc(Nc3ccc(N4CCN(C(=O)CCCCCCCC(=O)Nc5ccccc5C(=O)Nc5nc(C)c(C)s5)CC4)cn3)nc2n(C2CCCC2)c1=O,RWYFMKFZYJIYAF-UHFFFAOYSA-N,RWYFMKFZYJIYAF-UHFFFAOYSA-N,CC1=C(C(=O)C)C(=O)N(C2CCCC2)C3=C1C=NC(=N3)NC4=CC=C(C=N4)N5CCN(CC5)C(=O)CCCCCCCC(=O)NC6=C(C=CC=C6)C(=O)NC7=NC(=C(C)S7)C,False,0.0,mgdb,MG-6788,MG-6788,,,,Cyclin D1,unknown,,False,,,3,cellular_phenotype,,False,False,,,,False
CC(=O)OC[C@]12CC=C3[C@H](C[C@H]4O[C@]45C=CCC(=O)[C@]35C)[C@]1(O)CC[C@@]2(O)[C@@](C)(O)[C@@H]1CC(C)=C(C)C(=O)O1,CC(=O)OCC12CC=C3C(CC4OC45C=CCC(=O)C35C)C1(O)CCC2(O)C(C)(O)C1CC(C)=C(C)C(=O)O1,XPSUQTPVKZGAOE-JGHIERLTSA-N,XPSUQTPVKZGAOE-UHFFFAOYSA-N,CC1=C(C(=O)O[C@@H](C1)[C@@](C)([C@@]2(CC[C@@]3([C@@]2(CC=C4[C@@H]3C[C@@H]5[C@]6([C@@]4(C(=O)C=CC6)C)O5)COC(=O)C)O)O)O)C,True,9.0,mgdb,MG-294,MG-294,,,P25440,BRD2,unknown,,False,,,3,cellular_phenotype,nan,False,False,nan,,,False
CC(=O)c1c(C)c2cnc(Nc3ccc(N4CCN(C(=O)CCCC(=O)Nc5ccccc5C(=O)Nc5nc(C)c(C)s5)CC4)cn3)nc2n(C2CCCC2)c1=O,CC(=O)c1c(C)c2cnc(Nc3ccc(N4CCN(C(=O)CCCC(=O)Nc5ccccc5C(=O)Nc5nc(C)c(C)s5)CC4)cn3)nc2n(C2CCCC2)c1=O,VHPJCOMXKSXESF-UHFFFAOYSA-N,VHPJCOMXKSXESF-UHFFFAOYSA-N,CC1=C(C(=O)C)C(=O)N(C2CCCC2)C3=C1C=NC(=N3)NC4=CC=C(C=N4)N5CCN(CC5)C(=O)CCCC(=O)NC6=C(C=CC=C6)C(=O)NC7=NC(=C(C)S7)C,False,0.0,mgdb,MG-6787,MG-6787,,,,Cyclin D1,unknown,,False,,,3,cellular_phenotype,,False,False,,,,False
CC(=O)c1c(C)c2cnc(Nc3ccc(N4CCN(C(=O)CC(=O)Nc5ccccc5C(=O)Nc5nc(C)c(C)s5)CC4)cn3)nc2n(C2CCCC2)c1=O,CC(=O)c1c(C)c2cnc(Nc3ccc(N4CCN(C(=O)CC(=O)Nc5ccccc5C(=O)Nc5nc(C)c(C)s5)CC4)cn3)nc2n(C2CCCC2)c1=O,QQRFQGVFJIRLSH-UHFFFAOYSA-N,QQRFQGVFJIRLSH-UHFFFAOYSA-N,CC1=C(C(=O)C)C(=O)N(C2CCCC2)C3=C1C=NC(=N3)NC4=CC=C(C=N4)N5CCN(CC5)C(=O)CC(=O)NC6=C(C=CC=C6)C(=O)NC7=NC(=C(C)S7)C,False,0.0,mgdb,MG-6786,MG-6786,,,,Cyclin D1,unknown,,False,,,3,cellular_phenotype,,False,False,,,,False
CC(=O)c1c(C)c2cnc(Nc3ccc(N4CCN(C(=O)CCCCCC(=O)Nc5ccccc5C(=O)Nc5nc(C)c(C)s5)CC4)cn3)nc2n(C2CCCC2)c1=O,CC(=O)c1c(C)c2cnc(Nc3ccc(N4CCN(C(=O)CCCCCC(=O)Nc5ccccc5C(=O)Nc5nc(C)c(C)s5)CC4)cn3)nc2n(C2CCCC2)c1=O,ORASTLIYUUCKFZ-UHFFFAOYSA-N,ORASTLIYUUCKFZ-UHFFFAOYSA-N,CC1=C(C(=O)C)C(=O)N(C2CCCC2)C3=C1C=NC(=N3)NC4=CC=C(C=N4)N5CCN(CC5)C(=O)CCCCCC(=O)NC6=C(C=CC=C6)C(=O)NC7=NC(=C(C)S7)C,False,0.0,mgdb,MG-6785,MG-6785,,,,Cyclin D1,unknown,,False,,,3,cellular_phenotype,,False,False,,,,False
CC(=O)c1c(C)c2cnc(Nc3ccc(N4CCN(C(=O)CCCCC(=O)Nc5ccccc5C(=O)Nc5nc(C)c(C)s5)CC4)cc3)nc2n(C2CCCC2)c1=O,CC(=O)c1c(C)c2cnc(Nc3ccc(N4CCN(C(=O)CCCCC(=O)Nc5ccccc5C(=O)Nc5nc(C)c(C)s5)CC4)cc3)nc2n(C2CCCC2)c1=O,QANIYSNFBUICHP-UHFFFAOYSA-N,QANIYSNFBUICHP-UHFFFAOYSA-N,CC1=C(C(=O)C)C(=O)N(C2CCCC2)C3=C1C=NC(=N3)NC4=CC=C(C=C4)N5CCN(CC5)C(=O)CCCCC(=O)NC6=C(C=CC=C6)C(=O)NC7=NC(=C(C)S7)C,False,0.0,mgdb,MG-6784,MG-6784,,,,Cyclin D1,unknown,,False,,,3,cellular_phenotype,,False,False,,,,False
CC(=O)c1c(C)c2cnc(Nc3ccc(N4CCN(C(=O)CCCNc5ccc(C)c(C(=O)Nc6nc(C)c(C)s6)c5)CC4)cn3)nc2n(C2CCCC2)c1=O,CC(=O)c1c(C)c2cnc(Nc3ccc(N4CCN(C(=O)CCCNc5ccc(C)c(C(=O)Nc6nc(C)c(C)s6)c5)CC4)cn3)nc2n(C2CCCC2)c1=O,YOOHNWADIXIZEI-UHFFFAOYSA-N,YOOHNWADIXIZEI-UHFFFAOYSA-N,CC1=C(C=C(C=C1)NCCCC(=O)N2CCN(CC2)C3=CN=C(C=C3)NC4=NC5=C(C=N4)C(=C(C(=O)C)C(=O)N5C6CCCC6)C)C(=O)NC7=NC(=C(C)S7)C,False,0.0,mgdb,MG-6793,MG-6793,,,,Cyclin D1,unknown,,False,,,3,cellular_phenotype,,False,False,,,,False
CNc1ccc(C(=O)Nc2nc(C)c(C)s2)c(NC(=O)CCOCCOCCNC(=O)CN2CCN(c3ccc(Nc4ncc5c(C)c(C(C)=O)c(=O)n(C6CCCC6)c5n4)nc3)CC2)c1,CNc1ccc(C(=O)Nc2nc(C)c(C)s2)c(NC(=O)CCOCCOCCNC(=O)CN2CCN(c3ccc(Nc4ncc5c(C)c(C(C)=O)c(=O)n(C6CCCC6)c5n4)nc3)CC2)c1,MXHICNCWFJGISI-UHFFFAOYSA-N,MXHICNCWFJGISI-UHFFFAOYSA-N,CC1=C(C(=O)C)C(=O)N(C2CCCC2)C3=C1C=NC(=N3)NC4=CC=C(C=N4)N5CCN(CC5)CC(=O)NCCOCCOCCC(=O)NC6=C(C=CC(=C6)NC)C(=O)NC7=NC(=C(C)S7)C,False,0.0,mgdb,MG-6792,MG-6792,,,,Cyclin D1,unknown,,False,,,3,cellular_phenotype,,False,False,,,,False
CC(=O)c1c(C)c2cnc(Nc3ccc(N4CCN(C(=O)CCOCCOCCOCCOCCOCCC(=O)Nc5ccccc5C(=O)Nc5nc(C)c(C)s5)CC4)cn3)nc2n(C2CCCC2)c1=O,CC(=O)c1c(C)c2cnc(Nc3ccc(N4CCN(C(=O)CCOCCOCCOCCOCCOCCC(=O)Nc5ccccc5C(=O)Nc5nc(C)c(C)s5)CC4)cn3)nc2n(C2CCCC2)c1=O,BBVVWKAVBAVGQH-UHFFFAOYSA-N,BBVVWKAVBAVGQH-UHFFFAOYSA-N,CC1=C(C(=O)C)C(=O)N(C2CCCC2)C3=C1C=NC(=N3)NC4=NC=C(C=C4)N5CCN(CC5)C(=O)CCOCCOCCOCCOCCOCCC(=O)NC6=C(C=CC=C6)C(=O)NC7=NC(=C(C)S7)C,False,0.0,mgdb,MG-6791,MG-6791,,,,Cyclin D1,unknown,,False,,,3,cellular_phenotype,,False,False,,,,False
CC(=O)c1c(C)c2cnc(Nc3ccc(N4CCN(C(=O)CCCCCCCCC(=O)Nc5ccccc5C(=O)Nc5nc(C)c(C)s5)CC4)cn3)nc2n(C2CCCC2)c1=O,CC(=O)c1c(C)c2cnc(Nc3ccc(N4CCN(C(=O)CCCCCCCCC(=O)Nc5ccccc5C(=O)Nc5nc(C)c(C)s5)CC4)cn3)nc2n(C2CCCC2)c1=O,NAVDPMJMPXDIMY-UHFFFAOYSA-N,NAVDPMJMPXDIMY-UHFFFAOYSA-N,CC1=C(C(=O)C)C(=O)N(C2CCCC2)C3=C1C=NC(=N3)NC4=NC=C(C=C4)N5CCN(CC5)C(=O)CCCCCCCCC(=O)NC6=C(C=CC=C6)C(=O)NC7=NC(=C(C)S7)C,False,0.0,mgdb,MG-6790,MG-6790,,,,Cyclin D1,unknown,,False,,,3,cellular_phenotype,,False,False,,,,False
CC(=O)c1c(C)c2cnc(Nc3ccc(N4CCN(C(=O)CCCCCCC(=O)Nc5ccccc5C(=O)Nc5nc(C)c(C)s5)CC4)cc3)nc2n(C2CCCC2)c1=O,CC(=O)c1c(C)c2cnc(Nc3ccc(N4CCN(C(=O)CCCCCCC(=O)Nc5ccccc5C(=O)Nc5nc(C)c(C)s5)CC4)cc3)nc2n(C2CCCC2)c1=O,GIVYVEPIAMHMSU-UHFFFAOYSA-N,GIVYVEPIAMHMSU-UHFFFAOYSA-N,CC1=C(C(=O)C)C(=O)N(C2CCCC2)C3=C1C=NC(=N3)NC4=CC=C(C=C4)N5CCN(CC5)C(=O)CCCCCCC(=O)NC6=C(C=CC=C6)C(=O)NC7=NC(=C(C)S7)C,False,0.0,mgdb,MG-6789,MG-6789,,,,Cyclin D1,unknown,,False,,,3,cellular_phenotype,,False,False,,,,False
CC(=O)c1c(C)c2cnc(Nc3ccc(N4CCN(CC(=O)NCCCC(=O)Nc5ccccc5C(=O)Nc5nc(C)c(C)s5)CC4)cn3)nc2n(C2CCCC2)c1=O,CC(=O)c1c(C)c2cnc(Nc3ccc(N4CCN(CC(=O)NCCCC(=O)Nc5ccccc5C(=O)Nc5nc(C)c(C)s5)CC4)cn3)nc2n(C2CCCC2)c1=O,LPWICHILUNYALD-UHFFFAOYSA-N,LPWICHILUNYALD-UHFFFAOYSA-N,CC1=C(C(=O)C)C(=O)N(C2CCCC2)C3=C1C=NC(=N3)NC4=CC=C(C=N4)N5CCN(CC5)CC(=O)NCCCC(=O)NC6=C(C=CC=C6)C(=O)NC7=NC(=C(C)S7)C,False,0.0,mgdb,MG-6799,MG-6799,,,,Cyclin D1,unknown,,False,,,3,cellular_phenotype,,False,False,,,,False
CC(=O)c1c(C)c2cnc(Nc3ccc(N4CCN(CC(=O)NCCOCCOCCOCCOCCC(=O)Nc5ccccc5C(=O)Nc5nc(C)c(C)s5)CC4)cn3)nc2n(C2CCCC2)c1=O,CC(=O)c1c(C)c2cnc(Nc3ccc(N4CCN(CC(=O)NCCOCCOCCOCCOCCC(=O)Nc5ccccc5C(=O)Nc5nc(C)c(C)s5)CC4)cn3)nc2n(C2CCCC2)c1=O,KYCNGTJNZDSRFZ-UHFFFAOYSA-N,KYCNGTJNZDSRFZ-UHFFFAOYSA-N,CC1=C(C(=O)C)C(=O)N(C2CCCC2)C3=C1C=NC(=N3)NC4=NC=C(C=C4)N5CCN(CC5)CC(=O)NCCOCCOCCOCCOCCC(=O)NC6=C(C=CC=C6)C(=O)NC7=NC(=C(C)S7)C,False,0.0,mgdb,MG-6798,MG-6798,,,,Cyclin D1,unknown,,False,,,3,cellular_phenotype,,False,False,,,,False
CC(=O)c1c(C)c2cnc(Nc3ccc(N4CCN(CC(=O)NCCCCCCC(=O)Nc5ccccc5C(=O)Nc5nc(C)c(C)s5)CC4)cn3)nc2n(C2CCCC2)c1=O,CC(=O)c1c(C)c2cnc(Nc3ccc(N4CCN(CC(=O)NCCCCCCC(=O)Nc5ccccc5C(=O)Nc5nc(C)c(C)s5)CC4)cn3)nc2n(C2CCCC2)c1=O,LLRMDYPHTNYQNW-UHFFFAOYSA-N,LLRMDYPHTNYQNW-UHFFFAOYSA-N,CC1=C(C(=O)C)C(=O)N(C2CCCC2)C3=C1C=NC(=N3)NC4=NC=C(C=C4)N5CCN(CC5)CC(=O)NCCCCCCC(=O)NC6=C(C=CC=C6)C(=O)NC7=NC(=C(C)S7)C,False,0.0,mgdb,MG-6797,MG-6797,,,,Cyclin D1,unknown,,False,,,3,cellular_phenotype,,False,False,,,,False
CCCCNc1ccc(C(=O)Nc2nc(C)c(C)s2)c(NC(=O)CCOCCOCCNC(=O)CN2CCN(c3ccc(Nc4ncc5c(C)c(C(C)=O)c(=O)n(C6CCCC6)c5n4)nc3)CC2)c1,CCCCNc1ccc(C(=O)Nc2nc(C)c(C)s2)c(NC(=O)CCOCCOCCNC(=O)CN2CCN(c3ccc(Nc4ncc5c(C)c(C(C)=O)c(=O)n(C6CCCC6)c5n4)nc3)CC2)c1,UUJIVXKBQXDDLQ-UHFFFAOYSA-N,UUJIVXKBQXDDLQ-UHFFFAOYSA-N,CCCCNC1=CC(=C(C=C1)C(=O)NC2=NC(=C(C)S2)C)NC(=O)CCOCCOCCNC(=O)CN3CCN(CC3)C4=CN=C(C=C4)NC5=NC6=C(C=N5)C(=C(C(=O)C)C(=O)N6C7CCCC7)C,False,0.0,mgdb,MG-6796,MG-6796,,,,Cyclin D1,unknown,,False,,,3,cellular_phenotype,,False,False,,,,False
CC(=O)c1c(C)c2cnc(Nc3ccc(N4CCN(C(=O)CCCCCCCNc5cccc(C(=O)Nc6nc(C)c(C)s6)c5C)CC4)cn3)nc2n(C2CCCC2)c1=O,CC(=O)c1c(C)c2cnc(Nc3ccc(N4CCN(C(=O)CCCCCCCNc5cccc(C(=O)Nc6nc(C)c(C)s6)c5C)CC4)cn3)nc2n(C2CCCC2)c1=O,ICPTXGAFRAUIBT-UHFFFAOYSA-N,ICPTXGAFRAUIBT-UHFFFAOYSA-N,CC1=C(C=CC=C1NCCCCCCCC(=O)N2CCN(CC2)C3=CN=C(C=C3)NC4=NC5=C(C=N4)C(=C(C(=O)C)C(=O)N5C6CCCC6)C)C(=O)NC7=NC(=C(C)S7)C,False,0.0,mgdb,MG-6795,MG-6795,,,,Cyclin D1,unknown,,False,,,3,cellular_phenotype,,False,False,,,,False
CC(=O)c1c(C)c2cnc(Nc3ccc(N4CCN(CC(=O)NCCOCCOCCOCCOCCOCCNc5ccc(CNc6nc(C)c(C)s6)c(C)c5)CC4)cc3)nc2n(C2CCCC2)c1=O,CC(=O)c1c(C)c2cnc(Nc3ccc(N4CCN(CC(=O)NCCOCCOCCOCCOCCOCCNc5ccc(CNc6nc(C)c(C)s6)c(C)c5)CC4)cc3)nc2n(C2CCCC2)c1=O,DZIFMDWUNWJPSR-UHFFFAOYSA-N,DZIFMDWUNWJPSR-UHFFFAOYSA-N,CC1=C(C=CC(=C1)NCCOCCOCCOCCOCCOCCNC(=O)CN2CCN(CC2)C3=CC=C(C=C3)NC4=NC5=C(C=N4)C(=C(C(=O)C)C(=O)N5C6CCCC6)C)CNC7=NC(=C(C)S7)C,False,0.0,mgdb,MG-6794,MG-6794,,,,Cyclin D1,unknown,,False,,,3,cellular_phenotype,,False,False,,,,False
CC(=O)c1c(C)c2cnc(Nc3ccc(N4CCN(C(=O)CCOCCOCCOCCOCCC(=O)Nc5ccccc5C(=O)Nc5nc(C)c(C)s5)CC4)cn3)nc2n(C2CCCC2)c1=O,CC(=O)c1c(C)c2cnc(Nc3ccc(N4CCN(C(=O)CCOCCOCCOCCOCCC(=O)Nc5ccccc5C(=O)Nc5nc(C)c(C)s5)CC4)cn3)nc2n(C2CCCC2)c1=O,CQOIIJNBXJEIFV-UHFFFAOYSA-N,CQOIIJNBXJEIFV-UHFFFAOYSA-N,CC1=C(C(=O)C)C(=O)N(C2CCCC2)C3=C1C=NC(=N3)NC4=NC=C(C=C4)N5CCN(CC5)C(=O)CCOCCOCCOCCOCCC(=O)NC6=C(C=CC=C6)C(=O)NC7=NC(=C(C)S7)C,False,0.0,mgdb,MG-6804,MG-6804,,,,Cyclin D1,unknown,,False,,,3,cellular_phenotype,,False,False,,,,False
CC(=O)c1c(C)c2cnc(Nc3ccc(N4CCN(CC(=O)NCCOCCOCCOCCOCCOCCC(=O)Nc5ccccc5C(=O)Nc5nc(C)c(C)s5)CC4)cc3)nc2n(C2CCCC2)c1=O,CC(=O)c1c(C)c2cnc(Nc3ccc(N4CCN(CC(=O)NCCOCCOCCOCCOCCOCCC(=O)Nc5ccccc5C(=O)Nc5nc(C)c(C)s5)CC4)cc3)nc2n(C2CCCC2)c1=O,RMCBWIJQSQNEDB-UHFFFAOYSA-N,RMCBWIJQSQNEDB-UHFFFAOYSA-N,CC1=C(C(=O)C)C(=O)N(C2CCCC2)C3=C1C=NC(=N3)NC4=CC=C(C=C4)N5CCN(CC5)CC(=O)NCCOCCOCCOCCOCCOCCC(=O)NC6=C(C=CC=C6)C(=O)NC7=NC(=C(C)S7)C,False,0.0,mgdb,MG-6803,MG-6803,,,,Cyclin D1,unknown,,False,,,3,cellular_phenotype,,False,False,,,,False
CC(=O)c1c(C)c2cnc(Nc3ccc(N4CCN(CC(=O)NCCCCC(=O)Nc5ccccc5C(=O)Nc5nc(C)c(C)s5)CC4)cn3)nc2n(C2CCCC2)c1=O,CC(=O)c1c(C)c2cnc(Nc3ccc(N4CCN(CC(=O)NCCCCC(=O)Nc5ccccc5C(=O)Nc5nc(C)c(C)s5)CC4)cn3)nc2n(C2CCCC2)c1=O,KYTMZPGDSALANY-UHFFFAOYSA-N,KYTMZPGDSALANY-UHFFFAOYSA-N,CC1=C(C(=O)C)C(=O)N(C2CCCC2)C3=C1C=NC(=N3)NC4=CC=C(C=N4)N5CCN(CC5)CC(=O)NCCCCC(=O)NC6=C(C=CC=C6)C(=O)NC7=NC(=C(C)S7)C,False,0.0,mgdb,MG-6802,MG-6802,,,,Cyclin D1,unknown,,False,,,3,cellular_phenotype,,False,False,,,,False
CC(=O)c1c(C)c2cnc(Nc3ncc(N4CCN(CC(=O)NCCOCCOCCOCCOCCOCCOCCC(=O)Nc5ccccc5C(=O)Nc5nc(C)c(C)s5)CC4)cn3)nc2n(C2CCCC2)c1=O,CC(=O)c1c(C)c2cnc(Nc3ncc(N4CCN(CC(=O)NCCOCCOCCOCCOCCOCCOCCC(=O)Nc5ccccc5C(=O)Nc5nc(C)c(C)s5)CC4)cn3)nc2n(C2CCCC2)c1=O,LNJXNUZJFGKSKP-UHFFFAOYSA-N,LNJXNUZJFGKSKP-UHFFFAOYSA-N,CC1=C(C(=O)C)C(=O)N(C2CCCC2)C3=C1C=NC(=N3)NC4=NC=C(C=N4)N5CCN(CC5)CC(=O)NCCOCCOCCOCCOCCOCCOCCC(=O)NC6=C(C=CC=C6)C(=O)NC7=NC(=C(C)S7)C,False,0.0,mgdb,MG-6801,MG-6801,,,,Cyclin D1,unknown,,False,,,3,cellular_phenotype,,False,False,,,,False
CC(=O)c1c(C)c2cnc(Nc3ccc(N4CCN(CC(=O)NCCCCCC(=O)Nc5ccccc5C(=O)Nc5nc(C)c(C)s5)CC4)cn3)nc2n(C2CCCC2)c1=O,CC(=O)c1c(C)c2cnc(Nc3ccc(N4CCN(CC(=O)NCCCCCC(=O)Nc5ccccc5C(=O)Nc5nc(C)c(C)s5)CC4)cn3)nc2n(C2CCCC2)c1=O,ONBZEABKNHWFIP-UHFFFAOYSA-N,ONBZEABKNHWFIP-UHFFFAOYSA-N,CC1=C(C(=O)C)C(=O)N(C2CCCC2)C3=C1C=NC(=N3)NC4=CC=C(C=N4)N5CCN(CC5)CC(=O)NCCCCCC(=O)NC6=C(C=CC=C6)C(=O)NC7=NC(=C(C)S7)C,False,0.0,mgdb,MG-6800,MG-6800,,,,Cyclin D1,unknown,,False,,,3,cellular_phenotype,,False,False,,,,False
CC(=O)c1c(C)c2cnc(Nc3ccc(N4CCN(C(=O)CCOCCC(=O)Nc5ccccc5C(=O)Nc5nc(C)c(C)s5)CC4)cn3)nc2n(C2CCCC2)c1=O,CC(=O)c1c(C)c2cnc(Nc3ccc(N4CCN(C(=O)CCOCCC(=O)Nc5ccccc5C(=O)Nc5nc(C)c(C)s5)CC4)cn3)nc2n(C2CCCC2)c1=O,ZYYLLQMCERKTNG-UHFFFAOYSA-N,ZYYLLQMCERKTNG-UHFFFAOYSA-N,CC1=C(C(=O)C)C(=O)N(C2CCCC2)C3=C1C=NC(=N3)NC4=NC=C(C=C4)N5CCN(CC5)C(=O)CCOCCC(=O)NC6=C(C=CC=C6)C(=O)NC7=NC(=C(C)S7)C,False,0.0,mgdb,MG-6809,MG-6809,,,,Cyclin D1,unknown,,False,,,3,cellular_phenotype,,False,False,,,,False
O=C1CCC(N2Cc3cc(C4CCN(Cc5ccccc5)CC4)ccc3C2=O)C(=O)N1,O=C1CCC(N2Cc3cc(C4CCN(Cc5ccccc5)CC4)ccc3C2=O)C(=O)N1,OMISHRJQMYQPMG-UHFFFAOYSA-N,OMISHRJQMYQPMG-UHFFFAOYSA-N,C1CC(=O)NC(=O)C1N2CC3=C(C2=O)C=CC(=C3)C4CCN(CC4)CC5=CC=CC=C5,False,1.0,both,MG-307,MG-307,,,Q9UJQ4,SALL4,unknown,,False,,,3,cellular_phenotype,nan,False,False,nan,,,True
O=C1CCC(N2Cc3cc(C4CCN(Cc5ccccc5)CC4)ccc3C2=O)C(=O)N1,O=C1CCC(N2Cc3cc(C4CCN(Cc5ccccc5)CC4)ccc3C2=O)C(=O)N1,OMISHRJQMYQPMG-UHFFFAOYSA-N,OMISHRJQMYQPMG-UHFFFAOYSA-N,C1CC(=O)NC(=O)C1N2CC3=C(C2=O)C=CC(=C3)C4CCN(CC4)CC5=CC=CC=C5,False,1.0,both,MG-307,MG-307,,,Q9H2S9,IKZF4,unknown,,False,,,3,cellular_phenotype,nan,False,False,nan,,,True
CC(=O)c1c(C)c2cnc(Nc3ccc(N4CCN(CC(=O)NCC(=O)Nc5ccccc5C(=O)Nc5nc(C)c(C)s5)CC4)cn3)nc2n(C2CCCC2)c1=O,CC(=O)c1c(C)c2cnc(Nc3ccc(N4CCN(CC(=O)NCC(=O)Nc5ccccc5C(=O)Nc5nc(C)c(C)s5)CC4)cn3)nc2n(C2CCCC2)c1=O,GCYUJDZFWUJQTQ-UHFFFAOYSA-N,GCYUJDZFWUJQTQ-UHFFFAOYSA-N,CC1=C(C(=O)C)C(=O)N(C2CCCC2)C3=C1C=NC(=N3)NC4=CC=C(C=N4)N5CCN(CC5)CC(=O)NCC(=O)NC6=C(C=CC=C6)C(=O)NC7=NC(=C(C)S7)C,False,0.0,mgdb,MG-6808,MG-6808,,,,Cyclin D1,unknown,,False,,,3,cellular_phenotype,,False,False,,,,False
CC(=O)c1c(C)c2cnc(Nc3ccc(N4CCN(CC(=O)NCCOCCOCCC(=O)NC5CCCCC5C(=O)Nc5nc(C)c(C)s5)CC4)cn3)nc2n(C2CCCC2)c1=O,CC(=O)c1c(C)c2cnc(Nc3ccc(N4CCN(CC(=O)NCCOCCOCCC(=O)NC5CCCCC5C(=O)Nc5nc(C)c(C)s5)CC4)cn3)nc2n(C2CCCC2)c1=O,CFZNHWJQDBJWQD-UHFFFAOYSA-N,CFZNHWJQDBJWQD-UHFFFAOYSA-N,CC1=C(C(=O)C)C(=O)N(C2CCCC2)C3=C1C=NC(=N3)NC4=CC=C(C=N4)N5CCN(CC5)CC(=O)NCCOCCOCCC(=O)NC6CCCCC6C(=O)NC7=NC(=C(C)S7)C,False,2.0,mgdb,MG-6807,MG-6807,,,,Cyclin D1,unknown,,False,,,3,cellular_phenotype,,False,False,,,,False
CC(=O)c1c(C)c2cnc(Nc3ccc(N4CCN(CCOCCOCCOCCC(=O)Nc5ccccc5C(=O)Nc5nc(C)c(C)s5)CC4)cn3)nc2n(C2CCCC2)c1=O,CC(=O)c1c(C)c2cnc(Nc3ccc(N4CCN(CCOCCOCCOCCC(=O)Nc5ccccc5C(=O)Nc5nc(C)c(C)s5)CC4)cn3)nc2n(C2CCCC2)c1=O,GYSNRSNZBMHWEF-UHFFFAOYSA-N,GYSNRSNZBMHWEF-UHFFFAOYSA-N,CC1=C(C(=O)C)C(=O)N(C2CCCC2)C3=C1C=NC(=N3)NC4=CC=C(C=N4)N5CCN(CC5)CCOCCOCCOCCC(=O)NC6=C(C=CC=C6)C(=O)NC7=NC(=C(C)S7)C,False,0.0,mgdb,MG-6806,MG-6806,,,,Cyclin D1,unknown,,False,,,3,cellular_phenotype,,False,False,,,,False
CC(=O)c1c(C)c2cnc(Nc3ccc(N4CCN(CCCCCCCCCCCC(=O)Nc5ccccc5C(=O)Nc5nc(C)c(C)s5)CC4)cn3)nc2n(C2CCCC2)c1=O,CC(=O)c1c(C)c2cnc(Nc3ccc(N4CCN(CCCCCCCCCCCC(=O)Nc5ccccc5C(=O)Nc5nc(C)c(C)s5)CC4)cn3)nc2n(C2CCCC2)c1=O,OQFKHRPUOUCCDA-UHFFFAOYSA-N,OQFKHRPUOUCCDA-UHFFFAOYSA-N,CC1=C(C(=O)C)C(=O)N(C2CCCC2)C3=C1C=NC(=N3)NC4=CC=C(C=N4)N5CCN(CCCCCCCCCCCC(=O)NC6=C(C=CC=C6)C(=O)NC7=NC(=C(C)S7)C)CC5,False,0.0,mgdb,MG-6805,MG-6805,,,,Cyclin D1,unknown,,False,,,3,cellular_phenotype,,False,False,,,,False
CC(=O)c1c(C)c2cnc(Nc3ccc(N4CCN(CC(=O)NCCOCCOCCC(=O)Nc5ccc(C#N)cc5C(=O)Nc5nc(C)c(C)s5)CC4)cn3)nc2n(C2CCCC2)c1=O,CC(=O)c1c(C)c2cnc(Nc3ccc(N4CCN(CC(=O)NCCOCCOCCC(=O)Nc5ccc(C#N)cc5C(=O)Nc5nc(C)c(C)s5)CC4)cn3)nc2n(C2CCCC2)c1=O,USFVMQPVIBRZFV-UHFFFAOYSA-N,USFVMQPVIBRZFV-UHFFFAOYSA-N,CC1=C(C(=O)C)C(=O)N(C2CCCC2)C3=C1C=NC(=N3)NC4=CC=C(C=N4)N5CCN(CC5)CC(=O)NCCOCCOCCC(=O)NC6=C(C=C(C=C6)C#N)C(=O)NC7=NC(=C(C)S7)C,False,0.0,mgdb,MG-6773,MG-6773,,,,Cyclin D1,unknown,,False,,,3,cellular_phenotype,,False,False,,,,False
CC(=O)c1c(C)c2cnc(Nc3ccc(N4CCN(CC(=O)NCCOCCOCCC(=O)Nc5cc(Br)ccc5C(=O)Nc5nc(C)c(C)s5)CC4)cn3)nc2n(C2CCCC2)c1=O,CC(=O)c1c(C)c2cnc(Nc3ccc(N4CCN(CC(=O)NCCOCCOCCC(=O)Nc5cc(Br)ccc5C(=O)Nc5nc(C)c(C)s5)CC4)cn3)nc2n(C2CCCC2)c1=O,HMSWAIGCOXPWMC-UHFFFAOYSA-N,HMSWAIGCOXPWMC-UHFFFAOYSA-N,CC1=C(C(=O)C)C(=O)N(C2CCCC2)C3=C1C=NC(=N3)NC4=CC=C(C=N4)N5CCN(CC5)CC(=O)NCCOCCOCCC(=O)NC6=C(C=CC(=C6)Br)C(=O)NC7=NC(=C(C)S7)C,False,0.0,mgdb,MG-6772,MG-6772,,,,Cyclin D1,unknown,,False,,,3,cellular_phenotype,,False,False,,,,False
CC(=O)c1c(C)c2cnc(Nc3ccc(N4CCN(CC(=O)NCCOCCOCCC(=O)Nc5cc(C)ccc5C(=O)Nc5nc(C)c(C)s5)CC4)cn3)nc2n(C2CCCC2)c1=O,CC(=O)c1c(C)c2cnc(Nc3ccc(N4CCN(CC(=O)NCCOCCOCCC(=O)Nc5cc(C)ccc5C(=O)Nc5nc(C)c(C)s5)CC4)cn3)nc2n(C2CCCC2)c1=O,PJPVZMHYHGAPQQ-UHFFFAOYSA-N,PJPVZMHYHGAPQQ-UHFFFAOYSA-N,CC1=CC(=C(C=C1)C(=O)NC2=NC(=C(C)S2)C)NC(=O)CCOCCOCCNC(=O)CN3CCN(CC3)C4=CN=C(C=C4)NC5=NC6=C(C=N5)C(=C(C(=O)C)C(=O)N6C7CCCC7)C,False,0.0,mgdb,MG-6777,MG-6777,,,,Cyclin D1,unknown,,False,,,3,cellular_phenotype,,False,False,,,,False
CC(=O)c1c(C)c2cnc(Nc3ccc(N4CCN(CC(=O)NCCOCCC(=O)Nc5ccccc5C(=O)Nc5nc(C)c(C)s5)CC4)cn3)nc2n(C2CCCC2)c1=O,CC(=O)c1c(C)c2cnc(Nc3ccc(N4CCN(CC(=O)NCCOCCC(=O)Nc5ccccc5C(=O)Nc5nc(C)c(C)s5)CC4)cn3)nc2n(C2CCCC2)c1=O,OASWGJGMINSHFT-UHFFFAOYSA-N,OASWGJGMINSHFT-UHFFFAOYSA-N,CC1=C(C(=O)C)C(=O)N(C2CCCC2)C3=C1C=NC(=N3)NC4=NC=C(C=C4)N5CCN(CC5)CC(=O)NCCOCCC(=O)NC6=C(C=CC=C6)C(=O)NC7=NC(=C(C)S7)C,False,0.0,mgdb,MG-6775,MG-6775,,,,Cyclin D1,unknown,,False,,,3,cellular_phenotype,,False,False,,,,False
CC(=O)c1c(C)c2cnc(Nc3ccc(N4CCN(CC(=O)NCCC(=O)Nc5ccccc5C(=O)Nc5nc(C)c(C)s5)CC4)cn3)nc2n(C2CCCC2)c1=O,CC(=O)c1c(C)c2cnc(Nc3ccc(N4CCN(CC(=O)NCCC(=O)Nc5ccccc5C(=O)Nc5nc(C)c(C)s5)CC4)cn3)nc2n(C2CCCC2)c1=O,ILQNAFVYIZQSSM-UHFFFAOYSA-N,ILQNAFVYIZQSSM-UHFFFAOYSA-N,CC1=C(C(=O)C)C(=O)N(C2CCCC2)C3=C1C=NC(=N3)NC4=CC=C(C=N4)N5CCN(CC5)CC(=O)NCCC(=O)NC6=C(C=CC=C6)C(=O)NC7=NC(=C(C)S7)C,False,0.0,mgdb,MG-6774,MG-6774,,,,Cyclin D1,unknown,,False,,,3,cellular_phenotype,,False,False,,,,False
CC(=O)c1c(C)c2cnc(Nc3ccc(N4CCN(CCNCCOCCOCCC(=O)Nc5ccccc5C(=O)Nc5nc(C)c(C)s5)CC4)cn3)nc2n(C2CCCC2)c1=O,CC(=O)c1c(C)c2cnc(Nc3ccc(N4CCN(CCNCCOCCOCCC(=O)Nc5ccccc5C(=O)Nc5nc(C)c(C)s5)CC4)cn3)nc2n(C2CCCC2)c1=O,RIMCNOMLPYBOIY-UHFFFAOYSA-N,RIMCNOMLPYBOIY-UHFFFAOYSA-N,CC1=C(C(=O)C)C(=O)N(C2CCCC2)C3=C1C=NC(=N3)NC4=CC=C(C=N4)N5CCN(CCNCCOCCOCCC(=O)NC6=C(C=CC=C6)C(=O)NC7=NC(=C(C)S7)C)CC5,False,0.0,mgdb,MG-6815,MG-6815,,,,Cyclin D1,unknown,,False,,,3,cellular_phenotype,,False,False,,,,False
CC(=O)c1c(C)c2cnc(Nc3ccc(N4CCN(CC(=O)NCCOCCOCCC(=O)Nc5ccccc5C(=O)Nc5cnc(C)nc5)CC4)cn3)nc2n(C2CCCC2)c1=O,CC(=O)c1c(C)c2cnc(Nc3ccc(N4CCN(CC(=O)NCCOCCOCCC(=O)Nc5ccccc5C(=O)Nc5cnc(C)nc5)CC4)cn3)nc2n(C2CCCC2)c1=O,WOPBZNLNQBGHLM-UHFFFAOYSA-N,WOPBZNLNQBGHLM-UHFFFAOYSA-N,CC1=C(C(=O)C)C(=O)N(C2CCCC2)C3=C1C=NC(=N3)NC4=CC=C(C=N4)N5CCN(CC5)CC(=O)NCCOCCOCCC(=O)NC6=C(C=CC=C6)C(=O)NC7=CN=C(C)N=C7,False,0.0,mgdb,MG-6814,MG-6814,,,,Cyclin D1,unknown,,False,,,3,cellular_phenotype,,False,False,,,,False
CC(=O)c1c(C)c2cnc(Nc3ccc(N4CCN(CC(=O)NCCOCCOCCC(=O)Nc5cc(F)ccc5C(=O)Nc5nc(C)c(C)s5)CC4)cn3)nc2n(C2CCCC2)c1=O,CC(=O)c1c(C)c2cnc(Nc3ccc(N4CCN(CC(=O)NCCOCCOCCC(=O)Nc5cc(F)ccc5C(=O)Nc5nc(C)c(C)s5)CC4)cn3)nc2n(C2CCCC2)c1=O,ALIJHIPGAJEQJM-UHFFFAOYSA-N,ALIJHIPGAJEQJM-UHFFFAOYSA-N,CC1=C(C(=O)C)C(=O)N(C2CCCC2)C3=C1C=NC(=N3)NC4=NC=C(C=C4)N5CCN(CC5)CC(=O)NCCOCCOCCC(=O)NC6=C(C=CC(=C6)F)C(=O)NC7=NC(=C(C)S7)C,False,0.0,mgdb,MG-6771,MG-6771,,,,Cyclin D1,unknown,,False,,,3,cellular_phenotype,,False,False,,,,False
CC(=O)c1c(C)c2cnc(Nc3ccc(N4CCN(CC(=O)NCCOCCOCCC(=O)Nc5ccc(Cl)cc5C(=O)Nc5nc(C)c(C)s5)CC4)cn3)nc2n(C2CCCC2)c1=O,CC(=O)c1c(C)c2cnc(Nc3ccc(N4CCN(CC(=O)NCCOCCOCCC(=O)Nc5ccc(Cl)cc5C(=O)Nc5nc(C)c(C)s5)CC4)cn3)nc2n(C2CCCC2)c1=O,IAZWWESCOIZFDZ-UHFFFAOYSA-N,IAZWWESCOIZFDZ-UHFFFAOYSA-N,CC1=C(C(=O)C)C(=O)N(C2CCCC2)C3=C1C=NC(=N3)NC4=CC=C(C=N4)N5CCN(CC5)CC(=O)NCCOCCOCCC(=O)NC6=C(C=C(C=C6)Cl)C(=O)NC7=NC(=C(C)S7)C,False,0.0,mgdb,MG-6770,MG-6770,,,,Cyclin D1,unknown,,False,,,3,cellular_phenotype,,False,False,,,,False
CC(=O)c1c(C)c2cnc(Nc3ccc(N4CCN(CC(=O)NCCOCCOCCC(=O)Nc5ccc(C)cc5C(=O)Nc5nc(C)c(C)s5)CC4)cc3)nc2n(C2CCCC2)c1=O,CC(=O)c1c(C)c2cnc(Nc3ccc(N4CCN(CC(=O)NCCOCCOCCC(=O)Nc5ccc(C)cc5C(=O)Nc5nc(C)c(C)s5)CC4)cc3)nc2n(C2CCCC2)c1=O,IVJJYFNCMAXCEJ-UHFFFAOYSA-N,IVJJYFNCMAXCEJ-UHFFFAOYSA-N,CC1=CC(=C(C=C1)NC(=O)CCOCCOCCNC(=O)CN2CCN(CC2)C3=CC=C(C=C3)NC4=NC5=C(C=N4)C(=C(C(=O)C)C(=O)N5C6CCCC6)C)C(=O)NC7=NC(=C(C)S7)C,False,0.0,mgdb,MG-6769,MG-6769,,,,Cyclin D1,unknown,,False,,,3,cellular_phenotype,,False,False,,,,False
CC(=O)c1c(C)c2cnc(Nc3ccc(N4CCN(CC(=O)NCCOCCOCCC(=O)Nc5cc(Cl)ccc5C(=O)Nc5nc(C)c(C)s5)CC4)cn3)nc2n(C2CCCC2)c1=O,CC(=O)c1c(C)c2cnc(Nc3ccc(N4CCN(CC(=O)NCCOCCOCCC(=O)Nc5cc(Cl)ccc5C(=O)Nc5nc(C)c(C)s5)CC4)cn3)nc2n(C2CCCC2)c1=O,CAOZZHJADDZTBK-UHFFFAOYSA-N,CAOZZHJADDZTBK-UHFFFAOYSA-N,CC1=C(C(=O)C)C(=O)N(C2CCCC2)C3=C1C=NC(=N3)NC4=CC=C(C=N4)N5CCN(CC5)CC(=O)NCCOCCOCCC(=O)NC6=C(C=CC(=C6)Cl)C(=O)NC7=NC(=C(C)S7)C,False,0.0,mgdb,MG-6768,MG-6768,,,,Cyclin D1,unknown,,False,,,3,cellular_phenotype,,False,False,,,,False
CC(=O)c1c(C)c2cnc(Nc3ccc(N4CCN(CC(=O)NCCOCCOCCC(=O)Nc5cccc(C)c5C(=O)Nc5nc(C)c(C)s5)CC4)cc3)nc2n(C2CCCC2)c1=O,CC(=O)c1c(C)c2cnc(Nc3ccc(N4CCN(CC(=O)NCCOCCOCCC(=O)Nc5cccc(C)c5C(=O)Nc5nc(C)c(C)s5)CC4)cc3)nc2n(C2CCCC2)c1=O,MYVJYSGBSUAVHC-UHFFFAOYSA-N,MYVJYSGBSUAVHC-UHFFFAOYSA-N,CC1=CC=CC(=C1C(=O)NC2=NC(=C(C)S2)C)NC(=O)CCOCCOCCNC(=O)CN3CCN(CC3)C4=CC=C(C=C4)NC5=NC6=C(C=N5)C(=C(C(=O)C)C(=O)N6C7CCCC7)C,False,0.0,mgdb,MG-6767,MG-6767,,,,Cyclin D1,unknown,,False,,,3,cellular_phenotype,,False,False,,,,False
CC(=O)c1c(C)c2cnc(Nc3ccc(N4CCN(CC(=O)NCCCCCCCC(=O)Nc5ccccc5C(=O)Nc5nc(C)c(C)s5)CC4)cn3)nc2n(C2CCCC2)c1=O,CC(=O)c1c(C)c2cnc(Nc3ccc(N4CCN(CC(=O)NCCCCCCCC(=O)Nc5ccccc5C(=O)Nc5nc(C)c(C)s5)CC4)cn3)nc2n(C2CCCC2)c1=O,VVDFMUXQGUXNKJ-UHFFFAOYSA-N,VVDFMUXQGUXNKJ-UHFFFAOYSA-N,CC1=C(C(=O)C)C(=O)N(C2CCCC2)C3=C1C=NC(=N3)NC4=CC=C(C=N4)N5CCN(CC5)CC(=O)NCCCCCCCC(=O)NC6=C(C=CC=C6)C(=O)NC7=NC(=C(C)S7)C,False,0.0,mgdb,MG-6764,MG-6764,,,,Cyclin D1,unknown,,False,,,3,cellular_phenotype,,False,False,,,,False
CC(=O)c1c(C)c2cnc(Nc3ccc(N4CCN(C(=O)CNc5ccc(C)c(C(=O)Nc6nc(C)c(C)s6)c5)CC4)cn3)nc2n(C2CCCC2)c1=O,CC(=O)c1c(C)c2cnc(Nc3ccc(N4CCN(C(=O)CNc5ccc(C)c(C(=O)Nc6nc(C)c(C)s6)c5)CC4)cn3)nc2n(C2CCCC2)c1=O,OYWWOORQKJMICN-UHFFFAOYSA-N,OYWWOORQKJMICN-UHFFFAOYSA-N,CC1=CC=C(C=C1C(=O)NC2=NC(=C(C)S2)C)NCC(=O)N3CCN(CC3)C4=CN=C(C=C4)NC5=NC6=C(C=N5)C(=C(C(=O)C)C(=O)N6C7CCCC7)C,False,0.0,mgdb,MG-6763,MG-6763,,,,Cyclin D1,unknown,,False,,,3,cellular_phenotype,,False,False,,,,False
CC(=O)c1c(C)c2cnc(Nc3ccc(N4CCN(C(=O)CCOCCOCCOCCOCCOCCNc5ccc(C)c(C(=O)Nc6nc(C)c(C)o6)c5)CC4)cc3)nc2n(C2CCCC2)c1=O,CC(=O)c1c(C)c2cnc(Nc3ccc(N4CCN(C(=O)CCOCCOCCOCCOCCOCCNc5ccc(C)c(C(=O)Nc6nc(C)c(C)o6)c5)CC4)cc3)nc2n(C2CCCC2)c1=O,JEYVFPVLYUOIHS-UHFFFAOYSA-N,JEYVFPVLYUOIHS-UHFFFAOYSA-N,CC1=CC=C(C=C1C(=O)NC2=NC(=C(C)O2)C)NCCOCCOCCOCCOCCOCCC(=O)N3CCN(CC3)C4=CC=C(C=C4)NC5=NC6=C(C=N5)C(=C(C(=O)C)C(=O)N6C7CCCC7)C,False,0.0,mgdb,MG-6762,MG-6762,,,,Cyclin D1,unknown,,False,,,3,cellular_phenotype,,False,False,,,,False
CC(=O)c1c(C)c2cnc(Nc3ccc(N4CCN(C(=O)CCCCCCNc5cccc(C(=O)Nc6nc(C)c(C)s6)c5C)CC4)cn3)nc2n(C2CCCC2)c1=O,CC(=O)c1c(C)c2cnc(Nc3ccc(N4CCN(C(=O)CCCCCCNc5cccc(C(=O)Nc6nc(C)c(C)s6)c5C)CC4)cn3)nc2n(C2CCCC2)c1=O,UVFXCEBBKVUMQH-UHFFFAOYSA-N,UVFXCEBBKVUMQH-UHFFFAOYSA-N,CC1=C(C=CC=C1NCCCCCCC(=O)N2CCN(CC2)C3=CN=C(C=C3)NC4=NC5=C(C=N4)C(=C(C(=O)C)C(=O)N5C6CCCC6)C)C(=O)NC7=NC(=C(C)S7)C,False,0.0,mgdb,MG-6766,MG-6766,,,,Cyclin D1,unknown,,False,,,3,cellular_phenotype,,False,False,,,,False
CC(=O)c1c(C)c2cnc(Nc3ccc(N4CCN(C(=O)CCCCCNc5cccc(C(=O)Nc6nc(C)c(C)s6)c5C)CC4)cn3)nc2n(C2CCCC2)c1=O,CC(=O)c1c(C)c2cnc(Nc3ccc(N4CCN(C(=O)CCCCCNc5cccc(C(=O)Nc6nc(C)c(C)s6)c5C)CC4)cn3)nc2n(C2CCCC2)c1=O,PRJMTXCNALAZIM-UHFFFAOYSA-N,PRJMTXCNALAZIM-UHFFFAOYSA-N,CC1=C(C=CC=C1NCCCCCC(=O)N2CCN(CC2)C3=CN=C(C=C3)NC4=NC5=C(C=N4)C(=C(C(=O)C)C(=O)N5C6CCCC6)C)C(=O)NC7=NC(=C(C)S7)C,False,0.0,mgdb,MG-6765,MG-6765,,,,Cyclin D1,unknown,,False,,,3,cellular_phenotype,,False,False,,,,False
CC(=O)c1c(C)c2cnc(Nc3ccc(N4CCN(CC(=O)NCCOCCOCCC(=O)Nc5ccccc5C(=O)Nc5ccc(N(C)C)nn5)CC4)cn3)nc2n(C2CCCC2)c1=O,CC(=O)c1c(C)c2cnc(Nc3ccc(N4CCN(CC(=O)NCCOCCOCCC(=O)Nc5ccccc5C(=O)Nc5ccc(N(C)C)nn5)CC4)cn3)nc2n(C2CCCC2)c1=O,IAAIDPBXAGDIQT-UHFFFAOYSA-N,IAAIDPBXAGDIQT-UHFFFAOYSA-N,CC1=C(C(=O)C)C(=O)N(C2CCCC2)C3=C1C=NC(=N3)NC4=CC=C(C=N4)N5CCN(CC5)CC(=O)NCCOCCOCCC(=O)NC6=C(C=CC=C6)C(=O)NC7=CC=C(N=N7)N(C)C,False,0.0,mgdb,MG-6813,MG-6813,,,,Cyclin D1,unknown,,False,,,3,cellular_phenotype,,False,False,,,,False
CC(=O)c1c(C)c2cnc(Nc3ccc(N4CCN(CC(=O)NCCOCCOCCC(=O)Nc5ccccc5C(=O)Nc5ccc(C6CC6)cn5)CC4)cn3)nc2n(C2CCCC2)c1=O,CC(=O)c1c(C)c2cnc(Nc3ccc(N4CCN(CC(=O)NCCOCCOCCC(=O)Nc5ccccc5C(=O)Nc5ccc(C6CC6)cn5)CC4)cn3)nc2n(C2CCCC2)c1=O,WVLCPJFOCASGFW-UHFFFAOYSA-N,WVLCPJFOCASGFW-UHFFFAOYSA-N,CC1=C(C(=O)C)C(=O)N(C2CCCC2)C3=C1C=NC(=N3)NC4=CC=C(C=N4)N5CCN(CC5)CC(=O)NCCOCCOCCC(=O)NC6=C(C=CC=C6)C(=O)NC7=CC=C(C=N7)C8CC8,False,0.0,mgdb,MG-6812,MG-6812,,,,Cyclin D1,unknown,,False,,,3,cellular_phenotype,,False,False,,,,False
CC(=O)c1c(C)c2cnc(Nc3ccc(N4CCN(CCCCCCCC(=O)Nc5ncccc5C(=O)Nc5ccc(C)cn5)CC4)cn3)nc2n(C2CCCC2)c1=O,CC(=O)c1c(C)c2cnc(Nc3ccc(N4CCN(CCCCCCCC(=O)Nc5ncccc5C(=O)Nc5ccc(C)cn5)CC4)cn3)nc2n(C2CCCC2)c1=O,MQIQTALCLXIBLB-UHFFFAOYSA-N,MQIQTALCLXIBLB-UHFFFAOYSA-N,CC1=CC=C(N=C1)NC(=O)C2=CC=CN=C2NC(=O)CCCCCCCN3CCN(CC3)C4=CC=C(N=C4)NC5=NC6=C(C=N5)C(=C(C(=O)C)C(=O)N6C7CCCC7)C,False,0.0,mgdb,MG-6811,MG-6811,,,,Cyclin D1,unknown,,False,,,3,cellular_phenotype,,False,False,,,,False
CC(=O)c1c(C)c2cnc(Nc3ccc(N4CCN(C(=O)CCOCCOCCOCCOCCOCCOCCC(=O)Nc5ccccc5C(=O)Nc5nc(C)c(C)s5)CC4)cn3)nc2n(C2CCCC2)c1=O,CC(=O)c1c(C)c2cnc(Nc3ccc(N4CCN(C(=O)CCOCCOCCOCCOCCOCCOCCC(=O)Nc5ccccc5C(=O)Nc5nc(C)c(C)s5)CC4)cn3)nc2n(C2CCCC2)c1=O,RHBNVUXIXUOEOL-UHFFFAOYSA-N,RHBNVUXIXUOEOL-UHFFFAOYSA-N,CC1=C(C(=O)C)C(=O)N(C2CCCC2)C3=C1C=NC(=N3)NC4=CC=C(C=N4)N5CCN(CC5)C(=O)CCOCCOCCOCCOCCOCCOCCC(=O)NC6=C(C=CC=C6)C(=O)NC7=NC(=C(C)S7)C,False,0.0,mgdb,MG-6810,MG-6810,,,,Cyclin D1,unknown,,False,,,3,cellular_phenotype,,False,False,,,,False
CC(=O)c1c(C)c2cnc(Nc3ccc(N4CCN(CC(=O)NCCOCCOCCC(=O)Nc5ncccc5C(=O)Nc5ccc(C)c(C6CC6)n5)CC4)cn3)nc2n(C2CCCC2)c1=O,CC(=O)c1c(C)c2cnc(Nc3ccc(N4CCN(CC(=O)NCCOCCOCCC(=O)Nc5ncccc5C(=O)Nc5ccc(C)c(C6CC6)n5)CC4)cn3)nc2n(C2CCCC2)c1=O,TUYLKKALXKKBTJ-UHFFFAOYSA-N,TUYLKKALXKKBTJ-UHFFFAOYSA-N,CC1=CC=C(N=C1C2CC2)NC(=O)C3=CC=CN=C3NC(=O)CCOCCOCCNC(=O)CN4CCN(CC4)C5=CC=C(N=C5)NC6=NC7=C(C=N6)C(=C(C(=O)C)C(=O)N7C8CCCC8)C,False,0.0,mgdb,MG-6883,MG-6883,,,,Cyclin D1,unknown,,False,,,3,cellular_phenotype,,False,False,,,,False
CC(=O)c1c(C)c2cnc(Nc3ccc(N4CCN(CC(=O)NCCCCC(=O)Nc5ccccc5C(=O)Nc5ccc(C)cn5)CC4)cn3)nc2n(C2CCCC2)c1=O,CC(=O)c1c(C)c2cnc(Nc3ccc(N4CCN(CC(=O)NCCCCC(=O)Nc5ccccc5C(=O)Nc5ccc(C)cn5)CC4)cn3)nc2n(C2CCCC2)c1=O,XNTIKBZZBBZHCZ-UHFFFAOYSA-N,XNTIKBZZBBZHCZ-UHFFFAOYSA-N,CC1=CC=C(N=C1)NC(=O)C2=C(C=CC=C2)NC(=O)CCCCNC(=O)CN3CCN(CC3)C4=CC=C(N=C4)NC5=NC6=C(C=N5)C(=C(C(=O)C)C(=O)N6C7CCCC7)C,False,0.0,mgdb,MG-6882,MG-6882,,,,Cyclin D1,unknown,,False,,,3,cellular_phenotype,,False,False,,,,False
CC1(C)COC(c2ccc(CNc3ccc(C(=O)O)cc3)cc2)(C(C)(C)C)OC1,CC1(C)COC(c2ccc(CNc3ccc(C(=O)O)cc3)cc2)(C(C)(C)C)OC1,LOPUQHKKOHYYAV-UHFFFAOYSA-N,LOPUQHKKOHYYAV-UHFFFAOYSA-N,CC1(COC(OC1)(C2=CC=C(C=C2)CNC3=CC=C(C=C3)C(=O)O)C(C)(C)C)C,False,0.0,both,MG-441,MG-441,,,,TMEM173,unknown,,False,,,3,cellular_phenotype,,False,False,,,,True
COc1cc(C(=O)O)ccc1NCc1ccc(C2(C(C)(C)C)OCC(C)(C)CO2)cc1,COc1cc(C(=O)O)ccc1NCc1ccc(C2(C(C)(C)C)OCC(C)(C)CO2)cc1,CZSPKEVHLRWAFC-UHFFFAOYSA-N,CZSPKEVHLRWAFC-UHFFFAOYSA-N,CC1(COC(OC1)(C2=CC=C(C=C2)CNC3=C(C=C(C=C3)C(=O)O)OC)C(C)(C)C)C,False,0.0,both,MG-440,MG-440,,,,TMEM173,unknown,,False,,,3,cellular_phenotype,,False,False,,,,True
CC(=O)c1c(C)c2cnc(Nc3ccc(N4CCN(CC(=O)NCCCCCCCCCNc5ccccc5C(=O)Nc5nc(C)c(C)s5)CC4)cc3)nc2n(C2CCCC2)c1=O,CC(=O)c1c(C)c2cnc(Nc3ccc(N4CCN(CC(=O)NCCCCCCCCCNc5ccccc5C(=O)Nc5nc(C)c(C)s5)CC4)cc3)nc2n(C2CCCC2)c1=O,AETDIMPLVIGFCL-UHFFFAOYSA-N,AETDIMPLVIGFCL-UHFFFAOYSA-N,CC1=C(C(=O)C)C(=O)N(C2CCCC2)C3=C1C=NC(=N3)NC4=CC=C(C=C4)N5CCN(CC5)CC(=O)NCCCCCCCCCNC6=C(C=CC=C6)C(=O)NC7=NC(=C(C)S7)C,False,0.0,mgdb,MG-6881,MG-6881,,,,Cyclin D1,unknown,,False,,,3,cellular_phenotype,,False,False,,,,False
CC(=O)c1c(C)c2cnc(Nc3ccc(N4CCN(CC(=O)NCCOCCOCCCNc5ccccc5C(=O)Nc5nc(C)c(C)s5)CC4)cn3)nc2n(C2CCCC2)c1=O,CC(=O)c1c(C)c2cnc(Nc3ccc(N4CCN(CC(=O)NCCOCCOCCCNc5ccccc5C(=O)Nc5nc(C)c(C)s5)CC4)cn3)nc2n(C2CCCC2)c1=O,GJDYUWBLOJXIGX-UHFFFAOYSA-N,GJDYUWBLOJXIGX-UHFFFAOYSA-N,CC1=C(C(=O)C)C(=O)N(C2CCCC2)C3=C1C=NC(=N3)NC4=CC=C(C=N4)N5CCN(CC5)CC(=O)NCCOCCOCCCNC6=C(C=CC=C6)C(=O)NC7=NC(=C(C)S7)C,False,0.0,mgdb,MG-6880,MG-6880,,,,Cyclin D1,unknown,,False,,,3,cellular_phenotype,,False,False,,,,False
CC(=O)c1c(C)c2cnc(Nc3ccc(N4CCN(CCNCCCCCCCNc5cccc(C(=O)Nc6nc(C)c(C)s6)c5C)CC4)cn3)nc2n(C2CCCC2)c1=O,CC(=O)c1c(C)c2cnc(Nc3ccc(N4CCN(CCNCCCCCCCNc5cccc(C(=O)Nc6nc(C)c(C)s6)c5C)CC4)cn3)nc2n(C2CCCC2)c1=O,BLBWDXOACBTCSG-UHFFFAOYSA-N,BLBWDXOACBTCSG-UHFFFAOYSA-N,CC1=C(C=CC=C1C(=O)NC2=NC(=C(C)S2)C)NCCCCCCCNCCN3CCN(CC3)C4=CC=C(N=C4)NC5=NC6=C(C=N5)C(=C(C(=O)C)C(=O)N6C7CCCC7)C,False,0.0,mgdb,MG-6816,MG-6816,,,,Cyclin D1,unknown,,False,,,3,cellular_phenotype,,False,False,,,,False
CC(=O)c1c(C)c2cnc(Nc3ccc(N4CCN(CC(=O)NCCCCCCCNc5nc(C)ccc5C(=O)Nc5nc(C)c(C)s5)CC4)cn3)nc2n(C2CCCC2)c1=O,CC(=O)c1c(C)c2cnc(Nc3ccc(N4CCN(CC(=O)NCCCCCCCNc5nc(C)ccc5C(=O)Nc5nc(C)c(C)s5)CC4)cn3)nc2n(C2CCCC2)c1=O,KNBDXWOAOYDQFL-UHFFFAOYSA-N,KNBDXWOAOYDQFL-UHFFFAOYSA-N,CC1=NC(=C(C=C1)C(=O)NC2=NC(=C(C)S2)C)NCCCCCCCNC(=O)CN3CCN(CC3)C4=CN=C(C=C4)NC5=NC6=C(C=N5)C(=C(C(=O)C)C(=O)N6C7CCCC7)C,False,0.0,mgdb,MG-6951,MG-6951,,,,Cyclin D1,unknown,,False,,,3,cellular_phenotype,,False,False,,,,False
CC(=O)c1c(C)c2cnc(Nc3ccc(N4CCN(CC(=O)NCCOCCOCCC(=O)Nc5cccc(Cl)c5C(=O)Nc5ccc(C)cn5)CC4)cn3)nc2n(C2CCCC2)c1=O,CC(=O)c1c(C)c2cnc(Nc3ccc(N4CCN(CC(=O)NCCOCCOCCC(=O)Nc5cccc(Cl)c5C(=O)Nc5ccc(C)cn5)CC4)cn3)nc2n(C2CCCC2)c1=O,UAWOQNFADBCJGW-UHFFFAOYSA-N,UAWOQNFADBCJGW-UHFFFAOYSA-N,CC1=CN=C(C=C1)NC(=O)C2=C(C=CC=C2Cl)NC(=O)CCOCCOCCNC(=O)CN3CCN(CC3)C4=CN=C(C=C4)NC5=NC6=C(C=N5)C(=C(C(=O)C)C(=O)N6C7CCCC7)C,False,0.0,mgdb,MG-6950,MG-6950,,,,Cyclin D1,unknown,,False,,,3,cellular_phenotype,,False,False,,,,False
C#CCCC1(CCC(=O)NCCCS(=O)(=O)NC(=O)c2ccc(NCc3ccc(C4(C(C)(C)C)OCC(C)(C)CO4)cc3)c(OC)c2)N=N1,C#CCCC1(CCC(=O)NCCCS(=O)(=O)NC(=O)c2ccc(NCc3ccc(C4(C(C)(C)C)OCC(C)(C)CO4)cc3)c(OC)c2)N=N1,ARLYJNUYZQIXFW-UHFFFAOYSA-N,ARLYJNUYZQIXFW-UHFFFAOYSA-N,CC1(COC(OC1)(C2=CC=C(C=C2)CNC3=C(C=C(C=C3)C(=O)NS(=O)(=O)CCCNC(=O)CCC4(N=N4)CCC#C)OC)C(C)(C)C)C,False,0.0,both,MG-443,MG-443,,,,TMEM173,unknown,,False,,,3,cellular_phenotype,,False,False,,,,True
CNc1ccccc1CS(=O)(=O)NC(=O)c1ccc(NCc2ccc(C3(C(C)(C)C)OCC(C)(C)CO3)cc2)c(OC)c1,CNc1ccccc1CS(=O)(=O)NC(=O)c1ccc(NCc2ccc(C3(C(C)(C)C)OCC(C)(C)CO3)cc2)c(OC)c1,CGTDDTWKYPWOJF-UHFFFAOYSA-N,CGTDDTWKYPWOJF-UHFFFAOYSA-N,CC1(COC(OC1)(C2=CC=C(C=C2)CNC3=C(C=C(C=C3)C(=O)NS(=O)(=O)CC4=CC=CC=C4NC)OC)C(C)(C)C)C,False,0.0,both,MG-442,MG-442,,,,TMEM173,unknown,,False,,,3,cellular_phenotype,,False,False,,,,True
Nc1cc(F)ccc1NC(=O)c1ccc(CNc2cccc3c2C(=O)N(C2CCC(=O)NC2=O)C3=O)cc1,Nc1cc(F)ccc1NC(=O)c1ccc(CNc2cccc3c2C(=O)N(C2CCC(=O)NC2=O)C3=O)cc1,LYISLTYEXFTYAC-UHFFFAOYSA-N,LYISLTYEXFTYAC-UHFFFAOYSA-N,C1C=C(NCC2C=CC(C(NC3C=CC(F)=CC=3N)=O)=CC=2)C2C(N(C(C=2C=1)=O)C1C(=O)NC(=O)CC1)=O,False,1.0,both,MG-469,MG-469,,,Q13547,HDAC1,unknown,,False,,,3,cellular_phenotype,nan,False,False,nan,,,True
Nc1ccccc1NC(=O)c1ccc(CNc2cccc3c2C(=O)N(C2CCC(=O)NC2=O)C3=O)cc1,Nc1ccccc1NC(=O)c1ccc(CNc2cccc3c2C(=O)N(C2CCC(=O)NC2=O)C3=O)cc1,GIEVQQNUOQCQQT-UHFFFAOYSA-N,GIEVQQNUOQCQQT-UHFFFAOYSA-N,C1CC(=O)NC(=O)C1N2C(=O)C3=C(C2=O)C(=CC=C3)NCC4=CC=C(C=C4)C(=O)NC5=CC=CC=C5N,False,1.0,both,MG-468,MG-468,,,Q13547,HDAC1,unknown,,False,,,3,cellular_phenotype,nan,False,False,nan,,,True
CC(=O)c1c(C)c2cnc(Nc3ccc(N4CCN(CC(=O)NCCCCCCCNc5cccc(C(=O)Nc6cc(C)n(C)n6)c5C)CC4)cn3)nc2n(C2CCCC2)c1=O,CC(=O)c1c(C)c2cnc(Nc3ccc(N4CCN(CC(=O)NCCCCCCCNc5cccc(C(=O)Nc6cc(C)n(C)n6)c5C)CC4)cn3)nc2n(C2CCCC2)c1=O,SZDMQHNKLFWVRS-UHFFFAOYSA-N,SZDMQHNKLFWVRS-UHFFFAOYSA-N,CC1=CC(=NN1C)NC(=O)C2=CC=CC(=C2C)NCCCCCCCNC(=O)CN3CCN(CC3)C4=CN=C(C=C4)NC5=NC6=C(C=N5)C(=C(C(=O)C)C(=O)N6C7CCCC7)C,False,0.0,mgdb,MG-6942,MG-6942,,,,Cyclin D1,unknown,,False,,,3,cellular_phenotype,,False,False,,,,False
CC(=O)c1c(C)c2cnc(Nc3ccc(N4CCN(CC(=O)NCCCCCCCNc5cccc(C(=O)Nc6ccc(C)nc6)c5C)CC4)cn3)nc2n(C2CCCC2)c1=O,CC(=O)c1c(C)c2cnc(Nc3ccc(N4CCN(CC(=O)NCCCCCCCNc5cccc(C(=O)Nc6ccc(C)nc6)c5C)CC4)cn3)nc2n(C2CCCC2)c1=O,AGMMHZMZNFGHNR-UHFFFAOYSA-N,AGMMHZMZNFGHNR-UHFFFAOYSA-N,CC1=CC=C(C=N1)NC(=O)C2=CC=CC(=C2C)NCCCCCCCNC(=O)CN3CCN(CC3)C4=CN=C(C=C4)NC5=NC6=C(C=N5)C(=C(C(=O)C)C(=O)N6C7CCCC7)C,False,0.0,mgdb,MG-6941,MG-6941,,,,Cyclin D1,unknown,,False,,,3,cellular_phenotype,,False,False,,,,False
CC(=O)c1c(C)c2cnc(Nc3ccc(N4CCN(CCCCCOCCOCCNc5cccc(C(=O)Nc6nc(C)c(C)s6)c5C)CC4)cn3)nc2n(C2CCCC2)c1=O,CC(=O)c1c(C)c2cnc(Nc3ccc(N4CCN(CCCCCOCCOCCNc5cccc(C(=O)Nc6nc(C)c(C)s6)c5C)CC4)cn3)nc2n(C2CCCC2)c1=O,MXOZSAZCTFCACR-UHFFFAOYSA-N,MXOZSAZCTFCACR-UHFFFAOYSA-N,CC1=C(C=CC=C1C(=O)NC2=NC(=C(C)S2)C)NCCOCCOCCCCCN3CCN(CC3)C4=CC=C(N=C4)NC5=NC6=C(C=N5)C(=C(C(=O)C)C(=O)N6C7CCCC7)C,False,0.0,mgdb,MG-6884,MG-6884,,,,Cyclin D1,unknown,,False,,,3,cellular_phenotype,,False,False,,,,False
COc1ccc(NC(=O)c2ccccc2NC(=O)CCN2CCN(CCNC(=O)CN3CCN(c4ccc(Nc5ncc6c(C)c(C(C)=O)c(=O)n(C7CCCC7)c6n5)nc4)CC3)CC2)nn1,COc1ccc(NC(=O)c2ccccc2NC(=O)CCN2CCN(CCNC(=O)CN3CCN(c4ccc(Nc5ncc6c(C)c(C(C)=O)c(=O)n(C7CCCC7)c6n5)nc4)CC3)CC2)nn1,UPKUERJYQNBWCN-UHFFFAOYSA-N,UPKUERJYQNBWCN-UHFFFAOYSA-N,CC1=C(C(=O)C)C(=O)N(C2CCCC2)C3=C1C=NC(=N3)NC4=CC=C(C=N4)N5CCN(CC5)CC(=O)NCCN6CCN(CCC(=O)NC7=CC=CC=C7C(=O)NC8=CC=C(N=N8)OC)CC6,False,0.0,mgdb,MG-6957,MG-6957,,,,Cyclin D1,unknown,,False,,,3,cellular_phenotype,,False,False,,,,False
CC(=O)c1c(C)c2cnc(Nc3ccc(N4CCN(CC(=O)NCCCCCCCCCNc5ccccc5C(=O)Nc5nc(C)c(C)s5)CC4)cn3)nc2n(C2CCCC2)c1=O,CC(=O)c1c(C)c2cnc(Nc3ccc(N4CCN(CC(=O)NCCCCCCCCCNc5ccccc5C(=O)Nc5nc(C)c(C)s5)CC4)cn3)nc2n(C2CCCC2)c1=O,OLYMXDWGNBOTCQ-UHFFFAOYSA-N,OLYMXDWGNBOTCQ-UHFFFAOYSA-N,CC1=C(C(=O)C)C(=O)N(C2CCCC2)C3=C1C=NC(=N3)NC4=CC=C(C=N4)N5CCN(CC5)CC(=O)NCCCCCCCCCNC6=C(C=CC=C6)C(=O)NC7=NC(=C(C)S7)C,False,0.0,mgdb,MG-6956,MG-6956,,,,Cyclin D1,unknown,,False,,,3,cellular_phenotype,,False,False,,,,False
COc1ccc(NC(=O)c2ccccc2NC(=O)CCOCCOCCNC(=O)CN2CCN(c3ccc(Nc4ncc5c(C)c(C(C)=O)c(=O)n(C6CCCC6)c5n4)nc3)CC2)nc1,COc1ccc(NC(=O)c2ccccc2NC(=O)CCOCCOCCNC(=O)CN2CCN(c3ccc(Nc4ncc5c(C)c(C(C)=O)c(=O)n(C6CCCC6)c5n4)nc3)CC2)nc1,GIQKIYYEQBBAQL-UHFFFAOYSA-N,GIQKIYYEQBBAQL-UHFFFAOYSA-N,CC1=C(C(=O)C)C(=O)N(C2CCCC2)C3=C1C=NC(=N3)NC4=CC=C(C=N4)N5CCN(CC5)CC(=O)NCCOCCOCCC(=O)NC6=C(C=CC=C6)C(=O)NC7=CC=C(C=N7)OC,False,0.0,mgdb,MG-6955,MG-6955,,,,Cyclin D1,unknown,,False,,,3,cellular_phenotype,,False,False,,,,False
COc1ccc(NC(=O)c2cccc(NCCOCCOCCNC(=O)CN3CCN(c4ccc(Nc5ncc6c(C)c(C(C)=O)c(=O)n(C7CCCC7)c6n5)nc4)CC3)c2C)nn1,COc1ccc(NC(=O)c2cccc(NCCOCCOCCNC(=O)CN3CCN(c4ccc(Nc5ncc6c(C)c(C(C)=O)c(=O)n(C7CCCC7)c6n5)nc4)CC3)c2C)nn1,AFVGVFMJNYSDFB-UHFFFAOYSA-N,AFVGVFMJNYSDFB-UHFFFAOYSA-N,CC1=C(C=CC=C1C(=O)NC2=CC=C(N=N2)OC)NCCOCCOCCNC(=O)CN3CCN(CC3)C4=CN=C(C=C4)NC5=NC6=C(C=N5)C(=C(C(=O)C)C(=O)N6C7CCCC7)C,False,0.0,mgdb,MG-6954,MG-6954,,,,Cyclin D1,unknown,,False,,,3,cellular_phenotype,,False,False,,,,False
CNC(=O)c1ccc(C)nc1NCCCCCCCNC(=O)CN1CCN(c2ccc(Nc3ncc4c(C)c(C(C)=O)c(=O)n(C5CCCC5)c4n3)cc2)CC1,CNC(=O)c1ccc(C)nc1NCCCCCCCNC(=O)CN1CCN(c2ccc(Nc3ncc4c(C)c(C(C)=O)c(=O)n(C5CCCC5)c4n3)cc2)CC1,UJAPSKFOMTYAGZ-UHFFFAOYSA-N,UJAPSKFOMTYAGZ-UHFFFAOYSA-N,CC1=CC=C(C(=N1)NCCCCCCCNC(=O)CN2CCN(CC2)C3=CC=C(C=C3)NC4=NC=C5C(=C(C(=O)C)C(=O)N(C6CCCC6)C5=N4)C)C(=O)NC,False,0.0,mgdb,MG-6953,MG-6953,,,,Cyclin D1,unknown,,False,,,3,cellular_phenotype,,False,False,,,,False
CNc1ccc(C(=O)Nc2ccccn2)c(NC(=O)CCOCCOCCNC(=O)CN2CCN(c3ccc(Nc4ncc5c(C)c(C(C)=O)c(=O)n(C6CCCC6)c5n4)nc3)CC2)c1,CNc1ccc(C(=O)Nc2ccccn2)c(NC(=O)CCOCCOCCNC(=O)CN2CCN(c3ccc(Nc4ncc5c(C)c(C(C)=O)c(=O)n(C6CCCC6)c5n4)nc3)CC2)c1,JZEBCCGXNVQTSO-UHFFFAOYSA-N,JZEBCCGXNVQTSO-UHFFFAOYSA-N,CC1=C(C(=O)C)C(=O)N(C2CCCC2)C3=NC(=NC=C13)NC4=CC=C(C=N4)N5CCN(CC5)CC(=O)NCCOCCOCCC(=O)NC6=C(C=CC(=C6)NC)C(=O)NC7=NC=CC=C7,False,0.0,mgdb,MG-6952,MG-6952,,,,Cyclin D1,unknown,,False,,,3,cellular_phenotype,,False,False,,,,False
O=C1CCC(N2Cc3cc(-c4nc5ccccn5c4Nc4ccc5c(c4)OCCO5)ccc3C2=O)C(=O)N1,O=C1CCC(N2Cc3cc(-c4nc5ccccn5c4Nc4ccc5c(c4)OCCO5)ccc3C2=O)C(=O)N1,SPILVXJZWWFSPM-UHFFFAOYSA-N,SPILVXJZWWFSPM-UHFFFAOYSA-N,C1=CC2=NC(=C(NC3=CC4=C(C=C3)OCCO4)N2C=C1)C5=CC=C6C(=C5)CN(C7CCC(=O)NC7=O)C6=O,False,1.0,both,MG-502,MG-502,,,,CK1α,unknown,,False,,,3,cellular_phenotype,,False,False,,,,True
O=C1CCC(N2Cc3cc(-c4nc5ccccn5c4Nc4ccc5c(c4)OCCO5)ccc3C2=O)C(=O)N1,O=C1CCC(N2Cc3cc(-c4nc5ccccn5c4Nc4ccc5c(c4)OCCO5)ccc3C2=O)C(=O)N1,SPILVXJZWWFSPM-UHFFFAOYSA-N,SPILVXJZWWFSPM-UHFFFAOYSA-N,C1=CC2=NC(=C(NC3=CC4=C(C=C3)OCCO4)N2C=C1)C5=CC=C6C(=C5)CN(C7CCC(=O)NC7=O)C6=O,False,1.0,both,MG-502,MG-502,,,P30291,WEE1,unknown,,False,,,3,cellular_phenotype,nan,False,False,nan,,,True
Nc1nc(=O)c2nc(CNc3ccc(C(=O)NC(CCC(=O)NCc4cn(CCCCCCOC(=O)N5C(=O)CCC(N6C(=O)c7cccc(N)c7C6=O)C5=O)nn4)C(=O)O)cc3)cnc2[nH]1,Nc1nc(=O)c2nc(CNc3ccc(C(=O)NC(CCC(=O)NCc4cn(CCCCCCOC(=O)N5C(=O)CCC(N6C(=O)c7cccc(N)c7C6=O)C5=O)nn4)C(=O)O)cc3)cnc2[nH]1,TUKOGRRZXNUJJD-UHFFFAOYSA-N,TUKOGRRZXNUJJD-UHFFFAOYSA-N,O=C([C@@H](NC(C1=CC=C(NCC2=NC3=C(N=C2)N=C(N)NC3=O)C=C1)=O)CCC(NCC4=CN(CCCCCCOC(N5C(C(N6C(C(C(N)=CC=C7)=C7C6=O)=O)CCC5=O)=O)=O)N=N4)=O)O,False,2.0,mgdb,MG-137,MG-137,,,,nan,unknown,,False,,,3,cellular_phenotype,,False,False,,,,False
Nc1nc(=O)c2nc(CNc3ccc(C(=O)NC(CCC(=O)NCc4cn(CCSSCCOC(=O)N5C(=O)CCC(N6C(=O)c7cccc(N)c7C6=O)C5=O)nn4)C(=O)O)cc3)cnc2[nH]1,Nc1nc(=O)c2nc(CNc3ccc(C(=O)NC(CCC(=O)NCc4cn(CCSSCCOC(=O)N5C(=O)CCC(N6C(=O)c7cccc(N)c7C6=O)C5=O)nn4)C(=O)O)cc3)cnc2[nH]1,HDEPZSBUOBZGBO-UHFFFAOYSA-N,HDEPZSBUOBZGBO-UHFFFAOYSA-N,O=C([C@@H](NC(C1=CC=C(NCC2=NC3=C(N=C2)N=C(N)NC3=O)C=C1)=O)CCC(NCC4=CN(CCSSCCOC(N5C(C(N6C(C(C(N)=CC=C7)=C7C6=O)=O)CCC5=O)=O)=O)N=N4)=O)O,False,2.0,mgdb,MG-136,MG-136,,,,nan,unknown,,False,,,3,cellular_phenotype,,False,False,,,,False
CC(=O)c1c(C)c2cnc(Nc3ccc(N4CCN(CC(=O)NCCOCCOCCC(=O)Nc5ccccc5C(=O)Nc5ccc(OC6CC6)nn5)CC4)cn3)nc2n(C2CCCC2)c1=O,CC(=O)c1c(C)c2cnc(Nc3ccc(N4CCN(CC(=O)NCCOCCOCCC(=O)Nc5ccccc5C(=O)Nc5ccc(OC6CC6)nn5)CC4)cn3)nc2n(C2CCCC2)c1=O,FAERJOVNRSQNGF-UHFFFAOYSA-N,FAERJOVNRSQNGF-UHFFFAOYSA-N,CC1=C(C(=O)C)C(=O)N(C2CCCC2)C3=C1C=NC(=N3)NC4=CC=C(C=N4)N5CCN(CC5)CC(=O)NCCOCCOCCC(=O)NC6=C(C=CC=C6)C(=O)NC7=CC=C(N=N7)OC8CC8,False,0.0,mgdb,MG-6962,MG-6962,,,,Cyclin D1,unknown,,False,,,3,cellular_phenotype,,False,False,,,,False
COc1ccc(NC(=O)c2ccccc2NC(=O)COCCOC2CCC(NC(=O)CN3CCN(c4ccc(Nc5ncc6c(C)c(C(C)=O)c(=O)n(C7CCCC7)c6n5)nc4)CC3)CC2)nn1,COc1ccc(NC(=O)c2ccccc2NC(=O)COCCOC2CCC(NC(=O)CN3CCN(c4ccc(Nc5ncc6c(C)c(C(C)=O)c(=O)n(C7CCCC7)c6n5)nc4)CC3)CC2)nn1,QRSLEDSJDLCRQE-UHFFFAOYSA-N,QRSLEDSJDLCRQE-UHFFFAOYSA-N,CC1=C(C(=O)C)C(=O)N(C2CCCC2)C3=C1C=NC(=N3)NC4=CC=C(C=N4)N5CCN(CC5)CC(=O)NC6CCC(CC6)OCCOCC(=O)NC7=C(C=CC=C7)C(=O)NC8=CC=C(N=N8)OC,False,0.0,mgdb,MG-6961,MG-6961,,,,Cyclin D1,unknown,,False,,,3,cellular_phenotype,,False,False,,,,False
COc1ccc(NC(=O)c2ccccc2NC(=O)CCOCCN2CCC(NC(=O)CN3CCN(c4ccc(Nc5ncc6c(C)c(C(C)=O)c(=O)n(C7CCCC7)c6n5)nc4)CC3)CC2)nn1,COc1ccc(NC(=O)c2ccccc2NC(=O)CCOCCN2CCC(NC(=O)CN3CCN(c4ccc(Nc5ncc6c(C)c(C(C)=O)c(=O)n(C7CCCC7)c6n5)nc4)CC3)CC2)nn1,AZQXMPVSLRZHMT-UHFFFAOYSA-N,AZQXMPVSLRZHMT-UHFFFAOYSA-N,CC1=C(C(=O)C)C(=O)N(C2CCCC2)C3=C1C=NC(=N3)NC4=CC=C(C=N4)N5CCN(CC5)CC(=O)NC6CCN(CC6)CCOCCC(=O)NC7=C(C=CC=C7)C(=O)NC8=CC=C(N=N8)OC,False,0.0,mgdb,MG-6960,MG-6960,,,,Cyclin D1,unknown,,False,,,3,cellular_phenotype,,False,False,,,,False
COc1ccc(NC(=O)c2ccccc2NC(=O)COCCN2CCC(NC(=O)CN3CCN(c4ccc(Nc5ncc6c(C)c(C(C)=O)c(=O)n(C7CCCC7)c6n5)nc4)CC3)CC2)nn1,COc1ccc(NC(=O)c2ccccc2NC(=O)COCCN2CCC(NC(=O)CN3CCN(c4ccc(Nc5ncc6c(C)c(C(C)=O)c(=O)n(C7CCCC7)c6n5)nc4)CC3)CC2)nn1,DERVLFBSQJGMKN-UHFFFAOYSA-N,DERVLFBSQJGMKN-UHFFFAOYSA-N,CC1=C(C(=O)C)C(=O)N(C2CCCC2)C3=C1C=NC(=N3)NC4=CC=C(C=N4)N5CCN(CC5)CC(=O)NC6CCN(CC6)CCOCC(=O)NC7=C(C=CC=C7)C(=O)NC8=CC=C(N=N8)OC,False,0.0,mgdb,MG-6959,MG-6959,,,,Cyclin D1,unknown,,False,,,3,cellular_phenotype,,False,False,,,,False
COc1ccc(NC(=O)c2ccccc2NC(=O)CCCCN2CCC(NC(=O)CN3CCN(c4ccc(Nc5ncc6c(C)c(C(C)=O)c(=O)n(C7CCCC7)c6n5)nc4)CC3)CC2)nn1,COc1ccc(NC(=O)c2ccccc2NC(=O)CCCCN2CCC(NC(=O)CN3CCN(c4ccc(Nc5ncc6c(C)c(C(C)=O)c(=O)n(C7CCCC7)c6n5)nc4)CC3)CC2)nn1,OUMGBEMRDHUHFN-UHFFFAOYSA-N,OUMGBEMRDHUHFN-UHFFFAOYSA-N,CC1=C(C(=O)C)C(=O)N(C2CCCC2)C3=C1C=NC(=N3)NC4=CC=C(C=N4)N5CCN(CC5)CC(=O)NC6CCN(CCCCC(=O)NC7=C(C=CC=C7)C(=O)NC8=CC=C(N=N8)OC)CC6,False,0.0,mgdb,MG-6958,MG-6958,,,,Cyclin D1,unknown,,False,,,3,cellular_phenotype,,False,False,,,,False
CC(=O)c1c(C)c2cnc(Nc3ccc(N4CCN(CC(=O)NCCOCCOCCC(=O)Nc5cc6c(cc5C(=O)Nc5ccc(C)cn5)CCN6)CC4)cn3)nc2n(C2CCCC2)c1=O,CC(=O)c1c(C)c2cnc(Nc3ccc(N4CCN(CC(=O)NCCOCCOCCC(=O)Nc5cc6c(cc5C(=O)Nc5ccc(C)cn5)CCN6)CC4)cn3)nc2n(C2CCCC2)c1=O,FFUQLRPAWKXFCJ-UHFFFAOYSA-N,FFUQLRPAWKXFCJ-UHFFFAOYSA-N,CC1=CN=C(C=C1)NC(=O)C2=C(C=C3C(=C2)CCN3)NC(=O)CCOCCOCCNC(=O)CN4CCN(CC4)C5=CN=C(C=C5)NC6=NC=C7C(=C(C(=O)C)C(=O)N(C8CCCC8)C7=N6)C,False,0.0,mgdb,MG-6972,MG-6972,,,,Cyclin D1,unknown,,False,,,3,cellular_phenotype,,False,False,,,,False
CC(=O)c1c(C)c2cnc(Nc3ccc(N4CCN(CC(=O)NCCOCCOCCC(=O)Nc5c(C(=O)Nc6ccc(C)cn6)ccc6[nH]ncc56)CC4)cn3)nc2n(C2CCCC2)c1=O,CC(=O)c1c(C)c2cnc(Nc3ccc(N4CCN(CC(=O)NCCOCCOCCC(=O)Nc5c(C(=O)Nc6ccc(C)cn6)ccc6[nH]ncc56)CC4)cn3)nc2n(C2CCCC2)c1=O,RTIYCBJIAILVSB-UHFFFAOYSA-N,RTIYCBJIAILVSB-UHFFFAOYSA-N,CC1=CN=C(C=C1)NC(=O)C2=C(C3=C(C=C2)NN=C3)NC(=O)CCOCCOCCNC(=O)CN4CCN(CC4)C5=CN=C(C=C5)NC6=NC=C7C(=C(C(=O)C)C(=O)N(C8CCCC8)C7=N6)C.CC,False,0.0,mgdb,MG-6971,MG-6971,,,,Cyclin D1,unknown,,False,,,3,cellular_phenotype,,False,False,,,,False
CC(=O)c1c(C)c2cnc(Nc3ccc(N4CCN(CC(=O)NCCOCCOCCC(=O)Nc5cc6c(cc5C(=O)Nc5ccc(C)cn5)CCCN6)CC4)cn3)nc2n(C2CCCC2)c1=O,CC(=O)c1c(C)c2cnc(Nc3ccc(N4CCN(CC(=O)NCCOCCOCCC(=O)Nc5cc6c(cc5C(=O)Nc5ccc(C)cn5)CCCN6)CC4)cn3)nc2n(C2CCCC2)c1=O,UNSYOOWLMKSIRA-UHFFFAOYSA-N,UNSYOOWLMKSIRA-UHFFFAOYSA-N,CC1=CN=C(C=C1)NC(=O)C2=C(C=C3C(=C2)CCCN3)NC(=O)CCOCCOCCNC(=O)CN4CCN(CC4)C5=CN=C(C=C5)NC6=NC=C7C(=C(C(=O)C)C(=O)N(C8CCCC8)C7=N6)C,False,0.0,mgdb,MG-6970,MG-6970,,,,Cyclin D1,unknown,,False,,,3,cellular_phenotype,,False,False,,,,False
CC(=O)c1c(C)c2cnc(Nc3ccc(N4CCN(C(=O)CCOCCOCCOCCC(=O)Nc5ccccc5C(=O)Nc5nc(C)c(C)s5)CC4)cn3)nc2n(C2CCCC2)c1=O,CC(=O)c1c(C)c2cnc(Nc3ccc(N4CCN(C(=O)CCOCCOCCOCCC(=O)Nc5ccccc5C(=O)Nc5nc(C)c(C)s5)CC4)cn3)nc2n(C2CCCC2)c1=O,VNRTZJDKIMPYTH-UHFFFAOYSA-N,VNRTZJDKIMPYTH-UHFFFAOYSA-N,CC1=C(C(=O)C)C(=O)N(C2CCCC2)C3=C1C=NC(=N3)NC4=NC=C(C=C4)N5CCN(CC5)C(=O)CCOCCOCCOCCC(=O)NC6=C(C=CC=C6)C(=O)NC7=NC(=C(C)S7)C,False,0.0,mgdb,MG-6969,MG-6969,,,,Cyclin D1,unknown,,False,,,3,cellular_phenotype,,False,False,,,,False
CC(=O)c1c(C)c2cnc(Nc3ccc(N4CCN(CC(=O)NCCOCCOCCC(=O)Nc5cccc(C(=O)Nc6ccc(OC(C)C)nn6)c5)CC4)cn3)nc2n(C2CCCC2)c1=O,CC(=O)c1c(C)c2cnc(Nc3ccc(N4CCN(CC(=O)NCCOCCOCCC(=O)Nc5cccc(C(=O)Nc6ccc(OC(C)C)nn6)c5)CC4)cn3)nc2n(C2CCCC2)c1=O,RLWJGDYYWFOOQQ-UHFFFAOYSA-N,RLWJGDYYWFOOQQ-UHFFFAOYSA-N,CC(C)OC1=CC=C(NC(=O)C2=CC=CC(=C2)NC(=O)CCOCCOCCNC(=O)CN3CCN(CC3)C4=CC=C(N=C4)NC5=NC6=C(C=N5)C(=C(C(=O)C)C(=O)N6C7CCCC7)C)N=N1,False,0.0,mgdb,MG-6963,MG-6963,,,,Cyclin D1,unknown,,False,,,3,cellular_phenotype,,False,False,,,,False
COc1ccc(NC(=O)c2ncccc2NC(=O)COCCOC2CCC(NC(=O)CN3CCN(c4ccc(Nc5ncc6c(C)c(C(C)=O)c(=O)n(C7CCCC7)c6n5)nc4)CC3)CC2)nn1,COc1ccc(NC(=O)c2ncccc2NC(=O)COCCOC2CCC(NC(=O)CN3CCN(c4ccc(Nc5ncc6c(C)c(C(C)=O)c(=O)n(C7CCCC7)c6n5)nc4)CC3)CC2)nn1,HNAVJOSFXNSTGP-UHFFFAOYSA-N,HNAVJOSFXNSTGP-UHFFFAOYSA-N,CC1=C(C(=O)C)C(=O)N(C2CCCC2)C3=C1C=NC(=N3)NC4=CC=C(C=N4)N5CCN(CC5)CC(=O)NC6CCC(CC6)OCCOCC(=O)NC7=CC=CN=C7C(=O)NC8=CC=C(N=N8)OC,False,0.0,mgdb,MG-6978,MG-6978,,,,Cyclin D1,unknown,,False,,,3,cellular_phenotype,,False,False,,,,False
COc1ccc(NC(=O)c2ccc(N(C)C)cc2NC(=O)CCOCCOCCNC(=O)CN2CCN(c3ccc(Nc4ncc5c(C)c(C(C)=O)c(=O)n(C6CCCC6)c5n4)nc3)CC2)nn1,COc1ccc(NC(=O)c2ccc(N(C)C)cc2NC(=O)CCOCCOCCNC(=O)CN2CCN(c3ccc(Nc4ncc5c(C)c(C(C)=O)c(=O)n(C6CCCC6)c5n4)nc3)CC2)nn1,UDPGDVFWHXMHBE-UHFFFAOYSA-N,UDPGDVFWHXMHBE-UHFFFAOYSA-N,CC1=C(C(=O)C)C(=O)N(C2CCCC2)C3=C1C=NC(=N3)NC4=CC=C(C=N4)N5CCN(CC5)CC(=O)NCCOCCOCCC(=O)NC6=CC(=CC=C6C(=O)NC7=CC=C(N=N7)OC)N(C)C,False,0.0,mgdb,MG-6977,MG-6977,,,,Cyclin D1,unknown,,False,,,3,cellular_phenotype,,False,False,,,,False
CC(=O)c1c(C)c2cnc(Nc3ccc(N4CCN(CC(=O)NCCCCCCCNc5ccccc5C(=O)Nc5nc(C)c(C)s5)CC4)cn3)nc2n(C2CCCC2)c1=O,CC(=O)c1c(C)c2cnc(Nc3ccc(N4CCN(CC(=O)NCCCCCCCNc5ccccc5C(=O)Nc5nc(C)c(C)s5)CC4)cn3)nc2n(C2CCCC2)c1=O,XLWFBXSIMZTOHH-UHFFFAOYSA-N,XLWFBXSIMZTOHH-UHFFFAOYSA-N,CC1=C(C(=O)C)C(=O)N(C2CCCC2)C3=C1C=NC(=N3)NC4=CC=C(C=N4)N5CCN(CC5)CC(=O)NCCCCCCCNC6=C(C=CC=C6)C(=O)NC7=NC(=C(C)S7)C,False,0.0,mgdb,MG-6976,MG-6976,,,,Cyclin D1,unknown,,False,,,3,cellular_phenotype,,False,False,,,,False
CC(=O)c1c(C)c2cnc(Nc3ccc(N4CCN(CC(=O)NCCCCCNc5ccccc5C(=O)Nc5nc(C)c(C)s5)CC4)cn3)nc2n(C2CCCC2)c1=O,CC(=O)c1c(C)c2cnc(Nc3ccc(N4CCN(CC(=O)NCCCCCNc5ccccc5C(=O)Nc5nc(C)c(C)s5)CC4)cn3)nc2n(C2CCCC2)c1=O,ZHONATKYSXYEDO-UHFFFAOYSA-N,ZHONATKYSXYEDO-UHFFFAOYSA-N,CC1=C(C(=O)C)C(=O)N(C2CCCC2)C3=C1C=NC(=N3)NC4=CC=C(C=N4)N5CCN(CC5)CC(=O)NCCCCCNC6=C(C=CC=C6)C(=O)NC7=NC(=C(C)S7)C,False,0.0,mgdb,MG-6975,MG-6975,,,,Cyclin D1,unknown,,False,,,3,cellular_phenotype,,False,False,,,,False
CC(=O)c1c(C)c2cnc(Nc3ccc(N4CCN(CC(=O)NCCOCCOCCC(=O)Nc5c(C(=O)Nc6ccc(C)cn6)ccc6ncccc56)CC4)cn3)nc2n(C2CCCC2)c1=O,CC(=O)c1c(C)c2cnc(Nc3ccc(N4CCN(CC(=O)NCCOCCOCCC(=O)Nc5c(C(=O)Nc6ccc(C)cn6)ccc6ncccc56)CC4)cn3)nc2n(C2CCCC2)c1=O,SZRTWZIGQGNATH-UHFFFAOYSA-N,SZRTWZIGQGNATH-UHFFFAOYSA-N,CC1=CN=C(C=C1)NC(=O)C2=C(C3=CC=CN=C3C=C2)NC(=O)CCOCCOCCNC(=O)CN4CCN(CC4)C5=CN=C(C=C5)NC6=NC=C7C(=C(C(=O)C)C(=O)N(C8CCCC8)C7=N6)C,False,0.0,mgdb,MG-6974,MG-6974,,,,Cyclin D1,unknown,,False,,,3,cellular_phenotype,,False,False,,,,False
CC(=O)c1c(C)c2cnc(Nc3ccc(N4CCN(CC(=O)NCCOCCOCCC(=O)Nc5c(C(=O)Nc6ccc(C)cn6)ccc6[nH]ccc56)CC4)cc3)nc2n(C2CCCC2)c1=O,CC(=O)c1c(C)c2cnc(Nc3ccc(N4CCN(CC(=O)NCCOCCOCCC(=O)Nc5c(C(=O)Nc6ccc(C)cn6)ccc6[nH]ccc56)CC4)cc3)nc2n(C2CCCC2)c1=O,OHNFHTWNCFGLRU-UHFFFAOYSA-N,OHNFHTWNCFGLRU-UHFFFAOYSA-N,CC1=CN=C(C=C1)NC(=O)C2=C(C3=C(C=C2)NC=C3)NC(=O)CCOCCOCCNC(=O)CN4CCN(CC4)C5=CC=C(C=C5)NC6=NC=C7C(=C(C(=O)C)C(=O)N(C8CCCC8)C7=N6)C,False,0.0,mgdb,MG-6973,MG-6973,,,,Cyclin D1,unknown,,False,,,3,cellular_phenotype,,False,False,,,,False
CC(=O)c1c(C)c2cnc(Nc3ccc(N4CCN(CC(=O)NCCCCCNc5cc(F)ccc5C(=O)Nc5ccc(N(C)C)nn5)CC4)cn3)nc2n(C2CCCC2)c1=O,CC(=O)c1c(C)c2cnc(Nc3ccc(N4CCN(CC(=O)NCCCCCNc5cc(F)ccc5C(=O)Nc5ccc(N(C)C)nn5)CC4)cn3)nc2n(C2CCCC2)c1=O,BHRPMNDFLYAMCM-UHFFFAOYSA-N,BHRPMNDFLYAMCM-UHFFFAOYSA-N,CC1=C(C(=O)C)C(=O)N(C2CCCC2)C3=C1C=NC(=N3)NC4=CC=C(C=N4)N5CCN(CC5)CC(=O)NCCCCCNC6=CC(=CC=C6C(=O)NC7=NN=C(C=C7)N(C)C)F,False,0.0,mgdb,MG-6984,MG-6984,,,,Cyclin D1,unknown,,False,,,3,cellular_phenotype,,False,False,,,,False
CNc1ccc(C(=O)Nc2ccc(C)c(C3CC3)n2)c(NCCCCCNC(=O)CN2CCN(c3ccc(Nc4ncc5c(C)c(C(C)=O)c(=O)n(C6CCCC6)c5n4)nc3)CC2)c1,CNc1ccc(C(=O)Nc2ccc(C)c(C3CC3)n2)c(NCCCCCNC(=O)CN2CCN(c3ccc(Nc4ncc5c(C)c(C(C)=O)c(=O)n(C6CCCC6)c5n4)nc3)CC2)c1,MUARKGOOCKEPAS-UHFFFAOYSA-N,MUARKGOOCKEPAS-UHFFFAOYSA-N,CC1=C(C2CC2)N=C(C=C1)NC(=O)C3=CC=C(C=C3NCCCCCNC(=O)CN4CCN(CC4)C5=CC=C(N=C5)NC6=NC7=C(C=N6)C(=C(C(=O)C)C(=O)N7C8CCCC8)C)NC,False,0.0,mgdb,MG-6983,MG-6983,,,,Cyclin D1,unknown,,False,,,3,cellular_phenotype,,False,False,,,,False
CC(=O)c1c(C)c2cnc(Nc3ccc(N4CCN(CC(=O)NCCCCCCCNc5cc(NS(C)(=O)=O)ccc5C(=O)Nc5nc(C)c(C)s5)CC4)cn3)nc2n(C2CCCC2)c1=O,CC(=O)c1c(C)c2cnc(Nc3ccc(N4CCN(CC(=O)NCCCCCCCNc5cc(NS(C)(=O)=O)ccc5C(=O)Nc5nc(C)c(C)s5)CC4)cn3)nc2n(C2CCCC2)c1=O,KUTZLOHHOSYQBS-UHFFFAOYSA-N,KUTZLOHHOSYQBS-UHFFFAOYSA-N,CC1=C(C(=O)C)C(=O)N(C2CCCC2)C3=C1C=NC(=N3)NC4=CC=C(C=N4)N5CCN(CC5)CC(=O)NCCCCCCCNC6=CC(=CC=C6C(=O)NC7=NC(=C(C)S7)C)NS(=O)(=O)C,False,0.0,mgdb,MG-6982,MG-6982,,,,Cyclin D1,unknown,,False,,,3,cellular_phenotype,,False,False,,,,False
CC(=O)c1c(C)c2cnc(Nc3ccc(N4CCN(CC(=O)NCCOCCOCCC(=O)Nc5ccccc5C(=O)Nc5ccc(C#N)nn5)CC4)cn3)nc2n(C2CCCC2)c1=O,CC(=O)c1c(C)c2cnc(Nc3ccc(N4CCN(CC(=O)NCCOCCOCCC(=O)Nc5ccccc5C(=O)Nc5ccc(C#N)nn5)CC4)cn3)nc2n(C2CCCC2)c1=O,YDRICSHPYZYETK-UHFFFAOYSA-N,YDRICSHPYZYETK-UHFFFAOYSA-N,CC1=C(C(=O)C)C(=O)N(C2CCCC2)C3=C1C=NC(=N3)NC4=CC=C(C=N4)N5CCN(CC5)CC(=O)NCCOCCOCCC(=O)NC6=C(C=CC=C6)C(=O)NC7=CC=C(C#N)N=N7,False,0.0,mgdb,MG-6981,MG-6981,,,,Cyclin D1,unknown,,False,,,3,cellular_phenotype,,False,False,,,,False
CC(=O)c1c(C)c2cnc(Nc3ccc(N4CCN(CC(=O)NCCCCCCCNc5cc(C)ccc5C(=O)Nc5nc(C)c(C)s5)CC4)cn3)nc2n(C2CCCC2)c1=O,CC(=O)c1c(C)c2cnc(Nc3ccc(N4CCN(CC(=O)NCCCCCCCNc5cc(C)ccc5C(=O)Nc5nc(C)c(C)s5)CC4)cn3)nc2n(C2CCCC2)c1=O,NWQIVTDASUAHGN-UHFFFAOYSA-N,NWQIVTDASUAHGN-UHFFFAOYSA-N,CC1=CC=C(C(=C1)NCCCCCCCNC(=O)CN2CCN(CC2)C3=CC=C(N=C3)NC4=NC5=C(C=N4)C(=C(C(=O)C)C(=O)N5C6CCCC6)C)C(=O)NC7=NC(=C(C)S7)C,False,0.0,mgdb,MG-6980,MG-6980,,,,Cyclin D1,unknown,,False,,,3,cellular_phenotype,,False,False,,,,False
CNc1ccc(C(=O)Nc2ccc(N(C)C)nn2)c(NCCCCCNC(=O)CN2CCN(c3ccc(Nc4ncc5c(C)c(C(C)=O)c(=O)n(C6CCCC6)c5n4)nc3)CC2)c1,CNc1ccc(C(=O)Nc2ccc(N(C)C)nn2)c(NCCCCCNC(=O)CN2CCN(c3ccc(Nc4ncc5c(C)c(C(C)=O)c(=O)n(C6CCCC6)c5n4)nc3)CC2)c1,UHUJNFVASYUGEA-UHFFFAOYSA-N,UHUJNFVASYUGEA-UHFFFAOYSA-N,CC1=C(C(=O)C)C(=O)N(C2CCCC2)C3=C1C=NC(=N3)NC4=CC=C(C=N4)N5CCN(CC5)CC(=O)NCCCCCNC6=CC(=CC=C6C(=O)NC7=NN=C(C=C7)N(C)C)NC,False,0.0,mgdb,MG-6989,MG-6989,,,,Cyclin D1,unknown,,False,,,3,cellular_phenotype,,False,False,,,,False
CC(=O)c1c(C)c2cnc(Nc3ccc(N4CCN(CC(=O)NCCCCCNc5cc(C#N)ccc5C(=O)Nc5ccc(N(C)C)nn5)CC4)cn3)nc2n(C2CCCC2)c1=O,CC(=O)c1c(C)c2cnc(Nc3ccc(N4CCN(CC(=O)NCCCCCNc5cc(C#N)ccc5C(=O)Nc5ccc(N(C)C)nn5)CC4)cn3)nc2n(C2CCCC2)c1=O,HOTQYYZZIXRJIQ-UHFFFAOYSA-N,HOTQYYZZIXRJIQ-UHFFFAOYSA-N,CC1=C(C(=O)C)C(=O)N(C2CCCC2)C3=C1C=NC(=N3)NC4=CC=C(C=N4)N5CCN(CC5)CC(=O)NCCCCCNC6=CC(=CC=C6C(=O)NC7=NN=C(C=C7)N(C)C)C#N,False,0.0,mgdb,MG-6988,MG-6988,,,,Cyclin D1,unknown,,False,,,3,cellular_phenotype,,False,False,,,,False
CC(=O)c1c(C)c2cnc(Nc3ccc(N4CCN(CC(=O)NCCCCNc5cc(C)ccc5C(=O)Nc5ccc(N(C)C)nn5)CC4)cn3)nc2n(C2CCCC2)c1=O,CC(=O)c1c(C)c2cnc(Nc3ccc(N4CCN(CC(=O)NCCCCNc5cc(C)ccc5C(=O)Nc5ccc(N(C)C)nn5)CC4)cn3)nc2n(C2CCCC2)c1=O,NYLMFYJJKDITHG-UHFFFAOYSA-N,NYLMFYJJKDITHG-UHFFFAOYSA-N,CC1=CC(=C(C=C1)C(=O)NC2=CC=C(N=N2)N(C)C)NCCCCNC(=O)CN3CCN(CC3)C4=CC=C(N=C4)NC5=NC6=C(C=N5)C(=C(C(=O)C)C(=O)N6C7CCCC7)C,False,0.0,mgdb,MG-6987,MG-6987,,,,Cyclin D1,unknown,,False,,,3,cellular_phenotype,,False,False,,,,False
CC(=O)c1c(C)c2cnc(Nc3ccc(N4CCN(CC(=O)NCCCCCNc5cc(Cl)ccc5C(=O)Nc5ccc(N(C)C)nn5)CC4)cn3)nc2n(C2CCCC2)c1=O,CC(=O)c1c(C)c2cnc(Nc3ccc(N4CCN(CC(=O)NCCCCCNc5cc(Cl)ccc5C(=O)Nc5ccc(N(C)C)nn5)CC4)cn3)nc2n(C2CCCC2)c1=O,CGWXHJLIXXZRCG-UHFFFAOYSA-N,CGWXHJLIXXZRCG-UHFFFAOYSA-N,CC1=C(C(=O)C)C(=O)N(C2CCCC2)C3=C1C=NC(=N3)NC4=CC=C(C=N4)N5CCN(CC5)CC(=O)NCCCCCNC6=CC(=CC=C6C(=O)NC7=NN=C(C=C7)N(C)C)Cl,False,0.0,mgdb,MG-6986,MG-6986,,,,Cyclin D1,unknown,,False,,,3,cellular_phenotype,,False,False,,,,False
CC(=O)c1c(C)c2cnc(Nc3ccc(N4CCN(CC(=O)NCCCCCNc5cc(C)ccc5C(=O)Nc5ccc(N(C)C)nn5)CC4)cn3)nc2n(C2CCCC2)c1=O,CC(=O)c1c(C)c2cnc(Nc3ccc(N4CCN(CC(=O)NCCCCCNc5cc(C)ccc5C(=O)Nc5ccc(N(C)C)nn5)CC4)cn3)nc2n(C2CCCC2)c1=O,DVRGKNOATLKFAB-UHFFFAOYSA-N,DVRGKNOATLKFAB-UHFFFAOYSA-N,CC1=CC=C(C(=C1)NCCCCCNC(=O)CN2CCN(CC2)C3=CC=C(N=C3)NC4=NC5=C(C=N4)C(=C(C(=O)C)C(=O)N5C6CCCC6)C)C(=O)NC7=NN=C(C=C7)N(C)C,False,0.0,mgdb,MG-6985,MG-6985,,,,Cyclin D1,unknown,,False,,,3,cellular_phenotype,,False,False,,,,False
CC(=O)c1c(C)c2cnc(Nc3ccc(N4CCN(CC(=O)NC(CCCCNc5cc(Cl)ccc5C(=O)Nc5ccc(C)c(C6CC6)n5)S(C)(=O)=O)CC4)cn3)nc2n(C2CCCC2)c1=O,CC(=O)c1c(C)c2cnc(Nc3ccc(N4CCN(CC(=O)NC(CCCCNc5cc(Cl)ccc5C(=O)Nc5ccc(C)c(C6CC6)n5)S(C)(=O)=O)CC4)cn3)nc2n(C2CCCC2)c1=O,MDKAZIVHADGDCC-UHFFFAOYSA-N,MDKAZIVHADGDCC-UHFFFAOYSA-N,CC1=CC=C(N=C1C2CC2)NC(=O)C3=CC=C(C=C3NCCCCC(NC(=O)CN4CCN(CC4)C5=CC=C(N=C5)NC6=NC7=C(C=N6)C(=C(C(=O)C)C(=O)N7C8CCCC8)C)S(=O)(=O)C)Cl,False,1.0,mgdb,MG-6991,MG-6991,,,,Cyclin D1,unknown,,False,,,3,cellular_phenotype,,False,False,,,,False
CC(=O)c1c(C)c2cnc(Nc3ccc(N4CCN(CC(=O)NCCCCCNc5cc(Cl)ccc5C(=O)Nc5ccc(C)c(C6CC6)n5)CC4)cn3)nc2n(C2CCCC2)c1=O,CC(=O)c1c(C)c2cnc(Nc3ccc(N4CCN(CC(=O)NCCCCCNc5cc(Cl)ccc5C(=O)Nc5ccc(C)c(C6CC6)n5)CC4)cn3)nc2n(C2CCCC2)c1=O,VYSIGVLMQJGNBK-UHFFFAOYSA-N,VYSIGVLMQJGNBK-UHFFFAOYSA-N,CC1=CC=C(N=C1C2CC2)NC(=O)C3=CC=C(C=C3NCCCCCNC(=O)CN4CCN(CC4)C5=CC=C(N=C5)NC6=NC7=C(C=N6)C(=C(C(=O)C)C(=O)N7C8CCCC8)C)Cl,False,0.0,mgdb,MG-6990,MG-6990,,,,Cyclin D1,unknown,,False,,,3,cellular_phenotype,,False,False,,,,False
C#CCN1CCN(S(=O)(=O)C=C)CC1,C#CCN1CCN(S(=O)(=O)C=C)CC1,MWZOTZVWKRABKD-UHFFFAOYSA-N,MWZOTZVWKRABKD-UHFFFAOYSA-N,C=CS(=O)(=O)N1CCN(CC1)CC#C,False,0.0,mgdb,MG-566,MG-566,,,O60885,BRD4,unknown,,False,,,3,cellular_phenotype,nan,False,False,nan,,,False
CC(=O)c1c(C)c2cnc(Nc3ccc(N4CCN(C(=O)CCOCCOCCOCCOCCOCCOCCNc5cccc(C(=O)Nc6nc(C)c(C)s6)c5C)CC4)cc3)nc2n(C2CCCC2)c1=O,CC(=O)c1c(C)c2cnc(Nc3ccc(N4CCN(C(=O)CCOCCOCCOCCOCCOCCOCCNc5cccc(C(=O)Nc6nc(C)c(C)s6)c5C)CC4)cc3)nc2n(C2CCCC2)c1=O,JEOUTCAFJRAJJM-UHFFFAOYSA-N,JEOUTCAFJRAJJM-UHFFFAOYSA-N,CC1=C(C=CC=C1C(=O)NC2=NC(=C(C)S2)C)NCCOCCOCCOCCOCCOCCOCCC(=O)N3CCN(CC3)C4=CC=C(C=C4)NC5=NC6=C(C=N5)C(=C(C(=O)C)C(=O)N6C7CCCC7)C,False,0.0,mgdb,MG-6761,MG-6761,,,,Cyclin D1,unknown,,False,,,3,cellular_phenotype,,False,False,,,,False
CC(=O)c1c(C)c2cnc(Nc3ncc(N4CCN(CC(=O)NCCOCCOCCOCCOCCOCCOCCNc5ccc(C)c(C(=O)Nc6nc(C)c(C)s6)c5)CC4)cn3)nc2n(C2CCCC2)c1=O,CC(=O)c1c(C)c2cnc(Nc3ncc(N4CCN(CC(=O)NCCOCCOCCOCCOCCOCCOCCNc5ccc(C)c(C(=O)Nc6nc(C)c(C)s6)c5)CC4)cn3)nc2n(C2CCCC2)c1=O,YZLPLNLYGUPYMI-UHFFFAOYSA-N,YZLPLNLYGUPYMI-UHFFFAOYSA-N,CC1=C(C=C(C=C1)NCCOCCOCCOCCOCCOCCOCCNC(=O)CN2CCN(CC2)C3=CN=C(N=C3)NC4=NC5=C(C=N4)C(=C(C(=O)C)C(=O)N5C6CCCC6)C)C(=O)NC7=NC(=C(C)S7)C,False,0.0,mgdb,MG-6760,MG-6760,,,,Cyclin D1,unknown,,False,,,3,cellular_phenotype,,False,False,,,,False
CC(=O)c1c(C)c2cnc(Nc3ccc(N4CCN(C(=O)CCOCCOCCOCCOCCOCCOCCNc5ccc(C)c(C(=O)Nc6nc(C)c(C)s6)c5)CC4)cc3)nc2n(C2CCCC2)c1=O,CC(=O)c1c(C)c2cnc(Nc3ccc(N4CCN(C(=O)CCOCCOCCOCCOCCOCCOCCNc5ccc(C)c(C(=O)Nc6nc(C)c(C)s6)c5)CC4)cc3)nc2n(C2CCCC2)c1=O,KAAMVWFUUVJHOC-UHFFFAOYSA-N,KAAMVWFUUVJHOC-UHFFFAOYSA-N,CC1=C(C=C(C=C1)NCCOCCOCCOCCOCCOCCOCCC(=O)N2CCN(CC2)C3=CC=C(C=C3)NC4=NC5=C(C=N4)C(=C(C(=O)C)C(=O)N5C6CCCC6)C)C(=O)NC7=NC(=C(C)S7)C,False,0.0,mgdb,MG-6759,MG-6759,,,,Cyclin D1,unknown,,False,,,3,cellular_phenotype,,False,False,,,,False
CC(=O)c1c(C)c2cnc(Nc3ccc(N4CCN(C(=O)CCOCCOCCNc5ccc(C)c(C(=O)Nc6nc(C)c(C)s6)c5)CC4)cn3)nc2n(C2CCCC2)c1=O,CC(=O)c1c(C)c2cnc(Nc3ccc(N4CCN(C(=O)CCOCCOCCNc5ccc(C)c(C(=O)Nc6nc(C)c(C)s6)c5)CC4)cn3)nc2n(C2CCCC2)c1=O,JVYWKSIQXUDPEM-UHFFFAOYSA-N,JVYWKSIQXUDPEM-UHFFFAOYSA-N,CC1=C(C=C(C=C1)NCCOCCOCCC(=O)N2CCN(CC2)C3=CN=C(C=C3)NC4=NC5=C(C=N4)C(=C(C(=O)C)C(=O)N5C6CCCC6)C)C(=O)NC7=NC(=C(C)S7)C,False,0.0,mgdb,MG-6758,MG-6758,,,,Cyclin D1,unknown,,False,,,3,cellular_phenotype,,False,False,,,,False
CC(=O)c1c(C)c2cnc(Nc3ccc(N4CCN(C(=O)CCCCCNc5ccc(C)c(C(=O)Nc6nc(C)c(C)s6)c5)CC4)cn3)nc2n(C2CCCC2)c1=O,CC(=O)c1c(C)c2cnc(Nc3ccc(N4CCN(C(=O)CCCCCNc5ccc(C)c(C(=O)Nc6nc(C)c(C)s6)c5)CC4)cn3)nc2n(C2CCCC2)c1=O,PVBWAUGWFWPSGE-UHFFFAOYSA-N,PVBWAUGWFWPSGE-UHFFFAOYSA-N,CC1=C(C=C(C=C1)NCCCCCC(=O)N2CCN(CC2)C3=CN=C(C=C3)NC4=NC5=C(C=N4)C(=C(C(=O)C)C(=O)N5C6CCCC6)C)C(=O)NC7=NC(=C(C)S7)C,False,0.0,mgdb,MG-6757,MG-6757,,,,Cyclin D1,unknown,,False,,,3,cellular_phenotype,,False,False,,,,False
CC(=O)c1c(C)c2cnc(Nc3ccc(N4CCN(CC(=O)NCCOCCOCCOCCNc5ccc(C)c(C(=O)Nc6nc(C)c(C)s6)c5)CC4)cc3)nc2n(C2CCCC2)c1=O,CC(=O)c1c(C)c2cnc(Nc3ccc(N4CCN(CC(=O)NCCOCCOCCOCCNc5ccc(C)c(C(=O)Nc6nc(C)c(C)s6)c5)CC4)cc3)nc2n(C2CCCC2)c1=O,PKOUSJJDMSCPIS-UHFFFAOYSA-N,PKOUSJJDMSCPIS-UHFFFAOYSA-N,CC1=C(C=C(C=C1)NCCOCCOCCOCCNC(=O)CN2CCN(CC2)C3=CC=C(C=C3)NC4=NC5=C(C=N4)C(=C(C(=O)C)C(=O)N5C6CCCC6)C)C(=O)NC7=NC(=C(C)S7)C,False,0.0,mgdb,MG-6755,MG-6755,,,,Cyclin D1,unknown,,False,,,3,cellular_phenotype,,False,False,,,,False
CC(=O)c1c(C)c2cnc(Nc3ccc(N4CCN(C(=O)CCOCCOCCOCCOCCOCCNc5cccc(C(=O)Nc6nc(C)c(C)s6)c5C)CC4)cc3)nc2n(C2CCCC2)c1=O,CC(=O)c1c(C)c2cnc(Nc3ccc(N4CCN(C(=O)CCOCCOCCOCCOCCOCCNc5cccc(C(=O)Nc6nc(C)c(C)s6)c5C)CC4)cc3)nc2n(C2CCCC2)c1=O,HUIICGQLXOSQKD-UHFFFAOYSA-N,HUIICGQLXOSQKD-UHFFFAOYSA-N,CC1=C(C=CC=C1C(=O)NC2=NC(=C(C)S2)C)NCCOCCOCCOCCOCCOCCC(=O)N3CCN(CC3)C4=CC=C(C=C4)NC5=NC6=C(C=N5)C(=C(C(=O)C)C(=O)N6C7CCCC7)C,False,0.0,mgdb,MG-6754,MG-6754,,,,Cyclin D1,unknown,,False,,,3,cellular_phenotype,,False,False,,,,False
CC(=O)c1c(C)c2cnc(Nc3ccc(N4CCN(C(=O)CNc5cccc(C(=O)Nc6nc(C)c(C)s6)c5C)CC4)cn3)nc2n(C2CCCC2)c1=O,CC(=O)c1c(C)c2cnc(Nc3ccc(N4CCN(C(=O)CNc5cccc(C(=O)Nc6nc(C)c(C)s6)c5C)CC4)cn3)nc2n(C2CCCC2)c1=O,SRKNEPZLPPFFCR-UHFFFAOYSA-N,SRKNEPZLPPFFCR-UHFFFAOYSA-N,CC1=C(C)SC(=N1)NC(=O)C2=CC=CC(=C2C)NCC(=O)N3CCN(CC3)C4=CN=C(C=C4)NC5=NC6=C(C=N5)C(=C(C(=O)C)C(=O)N6C7CCCC7)C,False,0.0,mgdb,MG-6752,MG-6752,,,,Cyclin D1,unknown,,False,,,3,cellular_phenotype,,False,False,,,,False
CC(=O)c1c(C)c2cnc(Nc3ccc(N4CCN(C(=O)CCOCCOCCOCCOCCNc5cccc(C(=O)Nc6nc(C)c(C)s6)c5C)CC4)cc3)nc2n(C2CCCC2)c1=O,CC(=O)c1c(C)c2cnc(Nc3ccc(N4CCN(C(=O)CCOCCOCCOCCOCCNc5cccc(C(=O)Nc6nc(C)c(C)s6)c5C)CC4)cc3)nc2n(C2CCCC2)c1=O,ZCKCYHJOKZXEMI-UHFFFAOYSA-N,ZCKCYHJOKZXEMI-UHFFFAOYSA-N,CC1=C(C=CC=C1C(=O)NC2=NC(=C(C)S2)C)NCCOCCOCCOCCOCCC(=O)N3CCN(CC3)C4=CC=C(C=C4)NC5=NC6=C(C=N5)C(=C(C(=O)C)C(=O)N6C7CCCC7)C,False,0.0,mgdb,MG-6751,MG-6751,,,,Cyclin D1,unknown,,False,,,3,cellular_phenotype,,False,False,,,,False
CC(=O)c1c(C)c2cnc(Nc3ccc(N4CCN(C(=O)CCOCCOCCOCCNc5cccc(C(=O)Nc6nc(C)c(C)s6)c5C)CC4)cn3)nc2n(C2CCCC2)c1=O,CC(=O)c1c(C)c2cnc(Nc3ccc(N4CCN(C(=O)CCOCCOCCOCCNc5cccc(C(=O)Nc6nc(C)c(C)s6)c5C)CC4)cn3)nc2n(C2CCCC2)c1=O,WCUQXQCQAMUWJQ-UHFFFAOYSA-N,WCUQXQCQAMUWJQ-UHFFFAOYSA-N,CC1=C(C=CC=C1C(=O)NC2=NC(=C(C)S2)C)NCCOCCOCCOCCC(=O)N3CCN(CC3)C4=CN=C(C=C4)NC5=NC6=C(C=N5)C(=C(C(=O)C)C(=O)N6C7CCCC7)C,False,0.0,mgdb,MG-6750,MG-6750,,,,Cyclin D1,unknown,,False,,,3,cellular_phenotype,,False,False,,,,False
NC(=O)c1ccc(NC(=O)NCc2cccc(C(=O)Nc3ccc4c(c3)CNCC4)c2)cc1,NC(=O)c1ccc(NC(=O)NCc2cccc(C(=O)Nc3ccc4c(c3)CNCC4)c2)cc1,SCIFUGGHOXNSJC-UHFFFAOYSA-N,SCIFUGGHOXNSJC-UHFFFAOYSA-N,C1CNCC2=C1C=CC(=C2)NC(=O)C3=CC=CC(=C3)CNC(=O)NC4=CC=C(C=C4)C(=O)N,False,0.0,mgdb,MG-791,MG-791,,,,nan,unknown,,False,,,3,cellular_phenotype,,False,False,,,,False
Oc1cc2c(cc1O)C1c3ccc(O)c(O)c3OCC1(O)C2,Oc1cc2c(cc1O)C1c3ccc(O)c(O)c3OCC1(O)C2,WZUVPPKBWHMQCE-UHFFFAOYSA-N,WZUVPPKBWHMQCE-UHFFFAOYSA-N,C1C2=CC(=C(C=C2C3C1(COC4=C3C=CC(=C4O)O)O)O)O,False,2.0,mgdb,MG-790,MG-790,,,,AsCas12a-crDNMT1-3,unknown,,False,,,3,cellular_phenotype,,False,False,,,,False
O=c1[nH]c(=O)c2[nH]c(Cl)nc2[nH]1,O=c1[nH]c(=O)c2[nH]c(Cl)nc2[nH]1,OZPCWWUKRLUQSS-UHFFFAOYSA-N,OZPCWWUKRLUQSS-UHFFFAOYSA-N,C12=C(NC(=O)NC1=O)N=C(N2)Cl,False,0.0,mgdb,MG-789,MG-789,,,,crDNMT1-3,unknown,,False,,,3,cellular_phenotype,,False,False,,,,False
O=c1[nH]c(=O)c2ccccc2[nH]1,O=c1[nH]c(=O)c2ccccc2[nH]1,SDQJTWBNWQABLE-UHFFFAOYSA-N,SDQJTWBNWQABLE-UHFFFAOYSA-N,C1=CC=C2C(=C1)C(=O)NC(=O)N2,False,0.0,mgdb,MG-788,MG-788,,,,crFANCF-2,unknown,,False,,,3,cellular_phenotype,,False,False,,,,False
COc1ccc(CCNC(=O)C(=O)NCC2OCCN2S(=O)(=O)c2ccc(OC)cc2)cc1,COc1ccc(CCNC(=O)C(=O)NCC2OCCN2S(=O)(=O)c2ccc(OC)cc2)cc1,VMYTWPHQWYKERG-UHFFFAOYSA-N,VMYTWPHQWYKERG-UHFFFAOYSA-N,COC1=CC=C(C=C1)CCNC(=O)C(=O)NCC2N(CCO2)S(=O)(=O)C3=CC=C(C=C3)OC,False,1.0,mgdb,MG-793,MG-793,,,,AsCas12a-crDNMT1-3,unknown,,False,,,3,cellular_phenotype,,False,False,,,,False
O=C(COC(=O)CCn1c(O)c2c(c1O)CC=CC2)NCCc1ccc(F)cc1,O=C(COC(=O)CCn1c(O)c2c(c1O)CC=CC2)NCCc1ccc(F)cc1,JDGHLHTZHKLSFD-UHFFFAOYSA-N,JDGHLHTZHKLSFD-UHFFFAOYSA-N,C1C=CCC2C1C(=O)N(C2=O)CCC(=O)OCC(=O)NCCC3=CC=C(C=C3)F,False,0.0,mgdb,MG-792,MG-792,,,,AsCas12a-crDNMT1-3,unknown,,False,,,3,cellular_phenotype,,False,False,,,,False
CC(=O)c1c(C)c2cnc(Nc3ccc(N4CCN(C(=O)CCOCCOCCNc5cccc(C(=O)Nc6nc(C)c(C)s6)c5C)CC4)cc3)nc2n(C2CCCC2)c1=O,CC(=O)c1c(C)c2cnc(Nc3ccc(N4CCN(C(=O)CCOCCOCCNc5cccc(C(=O)Nc6nc(C)c(C)s6)c5C)CC4)cc3)nc2n(C2CCCC2)c1=O,HOQKVMQYKKPNOC-UHFFFAOYSA-N,HOQKVMQYKKPNOC-UHFFFAOYSA-N,CC1=C(C=CC=C1C(=O)NC2=NC(=C(C)S2)C)NCCOCCOCCC(=O)N3CCN(CC3)C4=CC=C(C=C4)NC5=NC6=C(C=N5)C(=C(C(=O)C)C(=O)N6C7CCCC7)C,False,0.0,mgdb,MG-6749,MG-6749,,,,Cyclin D1,unknown,,False,,,3,cellular_phenotype,,False,False,,,,False
CC(=O)c1c(C)c2cnc(Nc3ccc(N4CCN(C(=O)CCOCCNc5cccc(C(=O)Nc6nc(C)c(C)s6)c5C)CC4)cn3)nc2n(C2CCCC2)c1=O,CC(=O)c1c(C)c2cnc(Nc3ccc(N4CCN(C(=O)CCOCCNc5cccc(C(=O)Nc6nc(C)c(C)s6)c5C)CC4)cn3)nc2n(C2CCCC2)c1=O,WLOXTBYAUGOGOX-UHFFFAOYSA-N,WLOXTBYAUGOGOX-UHFFFAOYSA-N,CC1=C(C=CC=C1C(=O)NC2=NC(=C(C)S2)C)NCCOCCC(=O)N3CCN(CC3)C4=CN=C(C=C4)NC5=NC6=C(C=N5)C(=C(C(=O)C)C(=O)N6C7CCCC7)C,False,0.0,mgdb,MG-6748,MG-6748,,,,Cyclin D1,unknown,,False,,,3,cellular_phenotype,,False,False,,,,False
Cc1ccc(NCCOCCOCCOCCOCCC(=O)N2CCN(c3cnc(Nc4ncc(C)c(C(=O)Nc5nc(C)c(C)s5)n4)nc3)CC2)cc1C(=O)Nc1nc(C)c(C)s1,Cc1ccc(NCCOCCOCCOCCOCCC(=O)N2CCN(c3cnc(Nc4ncc(C)c(C(=O)Nc5nc(C)c(C)s5)n4)nc3)CC2)cc1C(=O)Nc1nc(C)c(C)s1,WACYKPYUASHFAY-UHFFFAOYSA-N,WACYKPYUASHFAY-UHFFFAOYSA-N,CC1=C(C(=O)NC2=NC(=C(C)S2)C)N=C(N=C1)NC3=NC=C(C=N3)N4CCN(CC4)C(=O)CCOCCOCCOCCOCCNC5=CC(=C(C)C=C5)C(=O)NC6=NC(=C(C)S6)C,False,0.0,mgdb,MG-6747,MG-6747,,,,Cyclin D1,unknown,,False,,,3,cellular_phenotype,,False,False,,,,False
CC(=O)c1c(C)c2cnc(Nc3ccc(N4CCN(CC(=O)NCCOCCOCCOCCOCCNc5ccc(C)c(C(=O)Nc6nc(C)c(C)s6)c5)CC4)nc3)nc2n(C2CCCC2)c1=O,CC(=O)c1c(C)c2cnc(Nc3ccc(N4CCN(CC(=O)NCCOCCOCCOCCOCCNc5ccc(C)c(C(=O)Nc6nc(C)c(C)s6)c5)CC4)nc3)nc2n(C2CCCC2)c1=O,PUAZNAXGLOXFCA-UHFFFAOYSA-N,PUAZNAXGLOXFCA-UHFFFAOYSA-N,CC1=C(C=C(C=C1)NCCOCCOCCOCCOCCNC(=O)CN2CCN(CC2)C3=NC=C(C=C3)NC4=NC5=C(C=N4)C(=C(C(=O)C)C(=O)N5C6CCCC6)C)C(=O)NC7=NC(=C(C)S7)C,False,0.0,mgdb,MG-6746,MG-6746,,,,Cyclin D1,unknown,,False,,,3,cellular_phenotype,,False,False,,,,False
CC(=O)c1c(C)c2cnc(Nc3ccc(N4CCN(CC(=O)NCCCCCCCNc5ccc(C)c(C(=O)Nc6nc(C)c(C)s6)c5)CC4)cn3)nc2n(C2CCCC2)c1=O,CC(=O)c1c(C)c2cnc(Nc3ccc(N4CCN(CC(=O)NCCCCCCCNc5ccc(C)c(C(=O)Nc6nc(C)c(C)s6)c5)CC4)cn3)nc2n(C2CCCC2)c1=O,BHIQBSFKFIRMOK-UHFFFAOYSA-N,BHIQBSFKFIRMOK-UHFFFAOYSA-N,CC1=C(C=C(C=C1)NCCCCCCCNC(=O)CN2CCN(CC2)C3=CN=C(C=C3)NC4=NC5=C(C=N4)C(=C(C(=O)C)C(=O)N5C6CCCC6)C)C(=O)NC7=NC(=C(C)S7)C,False,0.0,mgdb,MG-6745,MG-6745,,,,Cyclin D1,unknown,,False,,,3,cellular_phenotype,,False,False,,,,False
CC(=O)c1c(C)c2cnc(Nc3ccc(N4CCN(CC(=O)NCCOCCOCCC(=O)Nc5ccccc5C(=O)Nc5nc(C)c(C)s5)CC4)cc3)nc2n(C2CCCC2)c1=O,CC(=O)c1c(C)c2cnc(Nc3ccc(N4CCN(CC(=O)NCCOCCOCCC(=O)Nc5ccccc5C(=O)Nc5nc(C)c(C)s5)CC4)cc3)nc2n(C2CCCC2)c1=O,PMDXLHQINLJWPB-UHFFFAOYSA-N,PMDXLHQINLJWPB-UHFFFAOYSA-N,CC1=C(C(=O)C)C(=O)N(C2CCCC2)C3=C1C=NC(=N3)NC4=CC=C(C=C4)N5CCN(CC5)CC(=O)NCCOCCOCCC(=O)NC6=C(C=CC=C6)C(=O)NC7=NC(=C(C)S7)C,False,0.0,mgdb,MG-6743,MG-6743,,,,Cyclin D1,unknown,,False,,,3,cellular_phenotype,,False,False,,,,False
CC(=O)c1c(C)c2cnc(Nc3ccc(N4CCN(CC(=O)NCCOCCOCCOCCC(=O)Nc5ccccc5C(=O)Nc5nc(C)c(C)s5)CC4)cc3)nc2n(C2CCCC2)c1=O,CC(=O)c1c(C)c2cnc(Nc3ccc(N4CCN(CC(=O)NCCOCCOCCOCCC(=O)Nc5ccccc5C(=O)Nc5nc(C)c(C)s5)CC4)cc3)nc2n(C2CCCC2)c1=O,XTCPNXITTZPBKT-UHFFFAOYSA-N,XTCPNXITTZPBKT-UHFFFAOYSA-N,CC1=C(C(=O)C)C(=O)N(C2CCCC2)C3=C1C=NC(=N3)NC4=CC=C(C=C4)N5CCN(CC5)CC(=O)NCCOCCOCCOCCC(=O)NC6=C(C=CC=C6)C(=O)NC7=NC(=C(C)S7)C,False,0.0,mgdb,MG-6742,MG-6742,,,,Cyclin D1,unknown,,False,,,3,cellular_phenotype,,False,False,,,,False
CC(=O)c1c(C)c2cnc(Nc3ccc(N4CCN(CC(=O)NCCCCCCCCC(=O)Nc5ccccc5C(=O)Nc5nc(C)c(C)s5)CC4)cc3)nc2n(C2CCCC2)c1=O,CC(=O)c1c(C)c2cnc(Nc3ccc(N4CCN(CC(=O)NCCCCCCCCC(=O)Nc5ccccc5C(=O)Nc5nc(C)c(C)s5)CC4)cc3)nc2n(C2CCCC2)c1=O,VFISSJCDGBNTPA-UHFFFAOYSA-N,VFISSJCDGBNTPA-UHFFFAOYSA-N,CC1=C(C(=O)C)C(=O)N(C2CCCC2)C3=C1C=NC(=N3)NC4=CC=C(C=C4)N5CCN(CC5)CC(=O)NCCCCCCCCC(=O)NC6=C(C=CC=C6)C(=O)NC7=NC(=C(C)S7)C,False,0.0,mgdb,MG-6741,MG-6741,,,,Cyclin D1,unknown,,False,,,3,cellular_phenotype,,False,False,,,,False
CC(=O)c1c(C)c2cnc(Nc3ccc(N4CCN(C(=O)CCNc5cccc(C(=O)Nc6nc(C)c(C)s6)c5C)CC4)cn3)nc2n(C2CCCC2)c1=O,CC(=O)c1c(C)c2cnc(Nc3ccc(N4CCN(C(=O)CCNc5cccc(C(=O)Nc6nc(C)c(C)s6)c5C)CC4)cn3)nc2n(C2CCCC2)c1=O,INESDLQRDTZSQW-UHFFFAOYSA-N,INESDLQRDTZSQW-UHFFFAOYSA-N,CC1=C(C(=O)C)C(=O)N(C2CCCC2)C3=C1C=NC(=N3)NC4=NC=C(C=C4)N5CCN(CC5)C(=O)CCNC6=C(C)C(=CC=C6)C(=O)NC7=NC(=C(C)S7)C,False,0.0,mgdb,MG-6740,MG-6740,,,,Cyclin D1,unknown,,False,,,3,cellular_phenotype,,False,False,,,,False
CC(=O)c1c(C)c2cnc(Nc3ccc(N4CCN(C(=O)CCOCCOCCOCCNc5ccc(C)c(C(=O)Nc6nc(C)c(C)s6)c5)CC4)cc3)nc2n(C2CCCC2)c1=O,CC(=O)c1c(C)c2cnc(Nc3ccc(N4CCN(C(=O)CCOCCOCCOCCNc5ccc(C)c(C(=O)Nc6nc(C)c(C)s6)c5)CC4)cc3)nc2n(C2CCCC2)c1=O,XDDXYNYPXMWHAS-UHFFFAOYSA-N,XDDXYNYPXMWHAS-UHFFFAOYSA-N,CC1=C(C=C(C=C1)NCCOCCOCCOCCC(=O)N2CCN(CC2)C3=CC=C(C=C3)NC4=NC5=C(C=N4)C(=C(C(=O)C)C(=O)N5C6CCCC6)C)C(=O)NC7=NC(=C(C)S7)C,False,0.0,mgdb,MG-6739,MG-6739,,,,Cyclin D1,unknown,,False,,,3,cellular_phenotype,,False,False,,,,False
CC(=O)c1c(C)c2cnc(Nc3ccc(N4CCN(CC(=O)NCCCCCNc5ccc(C)c(C(=O)Nc6nc(C)c(C)s6)c5)CC4)cc3)nc2n(C2CCCC2)c1=O,CC(=O)c1c(C)c2cnc(Nc3ccc(N4CCN(CC(=O)NCCCCCNc5ccc(C)c(C(=O)Nc6nc(C)c(C)s6)c5)CC4)cc3)nc2n(C2CCCC2)c1=O,OFOSCUKHUWPBGW-UHFFFAOYSA-N,OFOSCUKHUWPBGW-UHFFFAOYSA-N,CC1=C(C=C(C=C1)NCCCCCNC(=O)CN2CCN(CC2)C3=CC=C(C=C3)NC4=NC5=C(C=N4)C(=C(C(=O)C)C(=O)N5C6CCCC6)C)C(=O)NC7=NC(=C(C)S7)C,False,0.0,mgdb,MG-6744,MG-6744,,,,Cyclin D1,unknown,,False,,,3,cellular_phenotype,,False,False,,,,False
C=C/C=C\[C@H](C)[C@H](OC(N)=O)[C@@H](C)[C@H](O)[C@@H](C)C/C(C)=C\[C@H](C)[C@@H](O)[C@@H](C)/C=C\[C@@H](O)C[C@@H]1OC(=O)C(C)[C@@H](O)[C@H]1C,C=CC=CC(C)C(OC(N)=O)C(C)C(O)C(C)CC(C)=CC(C)C(O)C(C)C=CC(O)CC1OC(=O)C(C)C(O)C1C,AADVCYNFEREWOS-KNJBLNDTSA-N,AADVCYNFEREWOS-UHFFFAOYSA-N,C[C@H]1[C@@H](OC(=O)[C@@H]([C@H]1O)C)C[C@@H](/C=C\[C@H](C)[C@@H]([C@@H](C)/C=C(/C)\C[C@H](C)[C@H]([C@H](C)[C@H]([C@@H](C)/C=C\C=C)OC(=O)N)O)O)O,True,13.0,mgdb,MG-67,MG-67,,,,nan,unknown,,False,,,3,cellular_phenotype,,False,False,,,,False
O=C(CCC=C/C=C/[C@]1(O)C=C(NC(=O)/C=C/C=C/C=C/C2CCCCC2)C(=O)C2O[C@H]21)N=C1C(=O)CCC1=O,O=C(CCC=CC=CC1(O)C=C(NC(=O)C=CC=CC=CC2CCCCC2)C(=O)C2OC21)N=C1C(=O)CCC1=O,CUAXFEHPLQVEFN-WWRKSBQMSA-N,CUAXFEHPLQVEFN-UHFFFAOYSA-N,C1CCC(CC1)/C=C/C=C/C=C/C(=O)NC2=C[C@]([C@H]3[C@@H](C2=O)O3)(/C=C/C=C/C=C/C(=O)NC4=C(CCC4=O)O)O,True,3.0,both,MG-42,MG-42,,,,nan,unknown,,False,,,3,cellular_phenotype,,False,False,,,,True
CC(=O)c1c(C)c2cnc(Nc3ccc(N4CCN(CC(=O)NCCOCCOCCOCCOCCOCCNc5cccc(C(=O)Nc6nc(C)c(C)s6)c5C)CC4)nc3)nc2n(C2CCCC2)c1=O,CC(=O)c1c(C)c2cnc(Nc3ccc(N4CCN(CC(=O)NCCOCCOCCOCCOCCOCCNc5cccc(C(=O)Nc6nc(C)c(C)s6)c5C)CC4)nc3)nc2n(C2CCCC2)c1=O,LRFJUCOPISEWSK-UHFFFAOYSA-N,LRFJUCOPISEWSK-UHFFFAOYSA-N,CC1=C(C=CC=C1C(=O)NC2=NC(=C(C)S2)C)NCCOCCOCCOCCOCCOCCNC(=O)CN3CCN(CC3)C4=NC=C(C=C4)NC5=NC6=C(C=N5)C(=C(C(=O)C)C(=O)N6C7CCCC7)C,False,0.0,mgdb,MG-6735,MG-6735,,,,Cyclin D1,unknown,,False,,,3,cellular_phenotype,,False,False,,,,False
CC(=O)c1c(C)c2cnc(Nc3ncc(N4CCN(CC(=O)NCCOCCOCCOCCOCCNc5cccc(C(=O)Nc6nc(C)c(C)s6)c5C)CC4)cn3)nc2n(C2CCCC2)c1=O,CC(=O)c1c(C)c2cnc(Nc3ncc(N4CCN(CC(=O)NCCOCCOCCOCCOCCNc5cccc(C(=O)Nc6nc(C)c(C)s6)c5C)CC4)cn3)nc2n(C2CCCC2)c1=O,CWFLOAYRKLZCQB-UHFFFAOYSA-N,CWFLOAYRKLZCQB-UHFFFAOYSA-N,CC1=C(C=CC=C1C(=O)NC2=NC(=C(C)S2)C)NCCOCCOCCOCCOCCNC(=O)CN3CCN(CC3)C4=CN=C(N=C4)NC5=NC6=C(C=N5)C(=C(C(=O)C)C(=O)N6C7CCCC7)C,False,0.0,mgdb,MG-6734,MG-6734,,,,Cyclin D1,unknown,,False,,,3,cellular_phenotype,,False,False,,,,False
CC(=O)c1c(C)c2cnc(Nc3ccc(N4CCN(CC(=O)NCCOCCOCCOCCNc5cccc(C(=O)Nc6nc(C)c(C)s6)c5C)CC4)cc3)nc2n(C2CCCC2)c1=O,CC(=O)c1c(C)c2cnc(Nc3ccc(N4CCN(CC(=O)NCCOCCOCCOCCNc5cccc(C(=O)Nc6nc(C)c(C)s6)c5C)CC4)cc3)nc2n(C2CCCC2)c1=O,IRWCNMBAFNHFHN-UHFFFAOYSA-N,IRWCNMBAFNHFHN-UHFFFAOYSA-N,CC1=C(C(=O)C)C(=O)N(C2CCCC2)C3=C1C=NC(=N3)NC4=CC=C(C=C4)N5CCN(CC5)CC(=O)NCCOCCOCCOCCNC6=C(C)C(=CC=C6)C(=O)NC7=NC(=C(C)S7)C,False,0.0,mgdb,MG-6733,MG-6733,,,,Cyclin D1,unknown,,False,,,3,cellular_phenotype,,False,False,,,,False
CC(=O)c1c(C)c2cnc(Nc3ccc(N4CCN(CC(=O)NCCCCCCCCNc5cccc(C(=O)Nc6nc(C)c(C)s6)c5C)CC4)cc3)nc2n(C2CCCC2)c1=O,CC(=O)c1c(C)c2cnc(Nc3ccc(N4CCN(CC(=O)NCCCCCCCCNc5cccc(C(=O)Nc6nc(C)c(C)s6)c5C)CC4)cc3)nc2n(C2CCCC2)c1=O,ROFKFFQOLASHJH-UHFFFAOYSA-N,ROFKFFQOLASHJH-UHFFFAOYSA-N,CC1=C(C=CC=C1C(=O)NC2=NC(=C(C)S2)C)NCCCCCCCCNC(=O)CN3CCN(CC3)C4=CC=C(C=C4)NC5=NC6=C(C=N5)C(=C(C(=O)C)C(=O)N6C7CCCC7)C,False,0.0,mgdb,MG-6730,MG-6730,,,,Cyclin D1,unknown,,False,,,3,cellular_phenotype,,False,False,,,,False
CC(=O)c1c(C)c2cnc(Nc3ccc(N4CCN(CC(=O)NCCCCCCNc5cccc(C(=O)Nc6nc(C)c(C)s6)c5C)CC4)cc3)nc2n(C2CCCC2)c1=O,CC(=O)c1c(C)c2cnc(Nc3ccc(N4CCN(CC(=O)NCCCCCCNc5cccc(C(=O)Nc6nc(C)c(C)s6)c5C)CC4)cc3)nc2n(C2CCCC2)c1=O,OSDMFFDPYSSZGP-UHFFFAOYSA-N,OSDMFFDPYSSZGP-UHFFFAOYSA-N,CC1=C(C=CC=C1C(=O)NC2=NC(=C(C)S2)C)NCCCCCCNC(=O)CN3CCN(CC3)C4=CC=C(C=C4)NC5=NC6=C(C=N5)C(=C(C(=O)C)C(=O)N6C7CCCC7)C,False,0.0,mgdb,MG-6729,MG-6729,,,,Cyclin D1,unknown,,False,,,3,cellular_phenotype,,False,False,,,,False
CC(=O)c1c(C)c2cnc(Nc3ccc(N4CCN(CC(=O)NCCCCCNc5cccc(C(=O)Nc6nc(C)c(C)s6)c5C)CC4)cc3)nc2n(C2CCCC2)c1=O,CC(=O)c1c(C)c2cnc(Nc3ccc(N4CCN(CC(=O)NCCCCCNc5cccc(C(=O)Nc6nc(C)c(C)s6)c5C)CC4)cc3)nc2n(C2CCCC2)c1=O,ARZXKERXHQHVIT-UHFFFAOYSA-N,ARZXKERXHQHVIT-UHFFFAOYSA-N,CC1=C(C=CC=C1C(=O)NC2=NC(=C(C)S2)C)NCCCCCNC(=O)CN3CCN(CC3)C4=CC=C(C=C4)NC5=NC6=C(C=N5)C(=C(C(=O)C)C(=O)N6C7CCCC7)C,False,0.0,mgdb,MG-6728,MG-6728,,,,Cyclin D1,unknown,,False,,,3,cellular_phenotype,,False,False,,,,False
CC(=O)c1c(C)c2cnc(Nc3ccc(N4CCN(C(=O)CCOCCNc5ccc(C)c(C(=O)Nc6nc(C)c(C)s6)c5)CC4)cn3)nc2n(C2CCCC2)c1=O,CC(=O)c1c(C)c2cnc(Nc3ccc(N4CCN(C(=O)CCOCCNc5ccc(C)c(C(=O)Nc6nc(C)c(C)s6)c5)CC4)cn3)nc2n(C2CCCC2)c1=O,BOJJFEVAPJBHIN-UHFFFAOYSA-N,BOJJFEVAPJBHIN-UHFFFAOYSA-N,CC1=C(C=C(C=C1)NCCOCCC(=O)N2CCN(CC2)C3=CN=C(C=C3)NC4=NC5=C(C=N4)C(=C(C(=O)C)C(=O)N5C6CCCC6)C)C(=O)NC7=NC(=C(C)S7)C,False,0.0,mgdb,MG-6738,MG-6738,,,,Cyclin D1,unknown,,False,,,3,cellular_phenotype,,False,False,,,,False
CC(=O)c1c(C)c2cnc(Nc3ccc(N4CCN(C(=O)CCCCNc5ccc(C)c(C(=O)Nc6nc(C)c(C)s6)c5)CC4)cn3)nc2n(C2CCCC2)c1=O,CC(=O)c1c(C)c2cnc(Nc3ccc(N4CCN(C(=O)CCCCNc5ccc(C)c(C(=O)Nc6nc(C)c(C)s6)c5)CC4)cn3)nc2n(C2CCCC2)c1=O,GMJYPXJYGONOQS-UHFFFAOYSA-N,GMJYPXJYGONOQS-UHFFFAOYSA-N,CC1=C(C=C(C=C1)NCCCCC(=O)N2CCN(CC2)C3=CN=C(C=C3)NC4=NC5=C(C=N4)C(=C(C(=O)C)C(=O)N5C6CCCC6)C)C(=O)NC7=NC(=C(C)S7)C,False,0.0,mgdb,MG-6736,MG-6736,,,,Cyclin D1,unknown,,False,,,3,cellular_phenotype,,False,False,,,,False
CC(=O)c1c(C)c2cnc(Nc3ccc(N4CCN(CC(=O)NCCOCCNc5ccc(C)c(C(=O)Nc6nc(C)c(C)s6)c5)CC4)cc3)nc2n(C2CCCC2)c1=O,CC(=O)c1c(C)c2cnc(Nc3ccc(N4CCN(CC(=O)NCCOCCNc5ccc(C)c(C(=O)Nc6nc(C)c(C)s6)c5)CC4)cc3)nc2n(C2CCCC2)c1=O,XWALEBGBXQLGRF-UHFFFAOYSA-N,XWALEBGBXQLGRF-UHFFFAOYSA-N,CC1=C(C=C(C=C1)NCCOCCNC(=O)CN2CCN(CC2)C3=CC=C(C=C3)NC4=NC5=C(C=N4)C(=C(C(=O)C)C(=O)N5C6CCCC6)C)C(=O)NC7=NC(=C(C)S7)C,False,0.0,mgdb,MG-6724,MG-6724,,,,Cyclin D1,unknown,,False,,,3,cellular_phenotype,,False,False,,,,False
CC(=O)c1c(C)c2cnc(Nc3ccc(N4CCN(CC(=O)NCCCCCCCCNc5ccc(C)c(C(=O)Nc6nc(C)c(C)s6)c5)CC4)cn3)nc2n(C2CCCC2)c1=O,CC(=O)c1c(C)c2cnc(Nc3ccc(N4CCN(CC(=O)NCCCCCCCCNc5ccc(C)c(C(=O)Nc6nc(C)c(C)s6)c5)CC4)cn3)nc2n(C2CCCC2)c1=O,KVFWLJXIFWPOKU-UHFFFAOYSA-N,KVFWLJXIFWPOKU-UHFFFAOYSA-N,CC1=C(C=C(C=C1)NCCCCCCCCNC(=O)CN2CCN(CC2)C3=CN=C(C=C3)NC4=NC5=C(C=N4)C(=C(C(=O)C)C(=O)N5C6CCCC6)C)C(=O)NC7=NC(=C(C)S7)C,False,0.0,mgdb,MG-6723,MG-6723,,,,Cyclin D1,unknown,,False,,,3,cellular_phenotype,,False,False,,,,False
CC(=O)c1c(C)c2cnc(Nc3ccc(N4CCN(CC(=O)NCCCCCCNc5ccc(C)c(C(=O)Nc6nc(C)c(C)s6)c5)CC4)cn3)nc2n(C2CCCC2)c1=O,CC(=O)c1c(C)c2cnc(Nc3ccc(N4CCN(CC(=O)NCCCCCCNc5ccc(C)c(C(=O)Nc6nc(C)c(C)s6)c5)CC4)cn3)nc2n(C2CCCC2)c1=O,AYZSRJKBBCEQRQ-UHFFFAOYSA-N,AYZSRJKBBCEQRQ-UHFFFAOYSA-N,CC1=C(C=C(C=C1)NCCCCCCNC(=O)CN2CCN(CC2)C3=CN=C(C=C3)NC4=NC5=C(C=N4)C(=C(C(=O)C)C(=O)N5C6CCCC6)C)C(=O)NC7=NC(=C(C)S7)C,False,0.0,mgdb,MG-6722,MG-6722,,,,Cyclin D1,unknown,,False,,,3,cellular_phenotype,,False,False,,,,False
CC(=O)c1c(C)c2cnc(Nc3ccc(N4CCN(CC(=O)NCCOCCOCCNc5cccc(C(=O)Nc6nc(C)c(C)s6)c5C)CC4)cn3)nc2n(C2CCCC2)c1=O,CC(=O)c1c(C)c2cnc(Nc3ccc(N4CCN(CC(=O)NCCOCCOCCNc5cccc(C(=O)Nc6nc(C)c(C)s6)c5C)CC4)cn3)nc2n(C2CCCC2)c1=O,RFJOWPHRUPOTTN-UHFFFAOYSA-N,RFJOWPHRUPOTTN-UHFFFAOYSA-N,CC1=C(C=CC=C1C(=O)NC2=NC(=C(C)S2)C)NCCOCCOCCNC(=O)CN3CCN(CC3)C4=CN=C(C=C4)NC5=NC6=C(C=N5)C(=C(C(=O)C)C(=O)N6C7CCCC7)C,False,0.0,mgdb,MG-6732,MG-6732,,,,Cyclin D1,unknown,,False,,,3,cellular_phenotype,,False,False,,,,False
CC(=O)c1c(C)c2cnc(Nc3ccc(N4CCN(CC(=O)NCCOCCNc5cccc(C(=O)Nc6nc(C)c(C)s6)c5C)CC4)cc3)nc2n(C2CCCC2)c1=O,CC(=O)c1c(C)c2cnc(Nc3ccc(N4CCN(CC(=O)NCCOCCNc5cccc(C(=O)Nc6nc(C)c(C)s6)c5C)CC4)cc3)nc2n(C2CCCC2)c1=O,YWGNXKIAXBRFGF-UHFFFAOYSA-N,YWGNXKIAXBRFGF-UHFFFAOYSA-N,CC1=C(C)SC(=N1)NC(=O)C2=CC=CC(=C2C)NCCOCCNC(=O)CN3CCN(CC3)C4=CC=C(C=C4)NC5=NC6=C(C=N5)C(=C(C(=O)C)C(=O)N6C7CCCC7)C,False,0.0,mgdb,MG-6731,MG-6731,,,,Cyclin D1,unknown,,False,,,3,cellular_phenotype,,False,False,,,,False
CC(=O)c1c(C)c2cnc(Nc3ccc(N4CCN(C(=O)CCNc5ccc(C)c(C(=O)Nc6nc(C)c(C)s6)c5)CC4)cn3)nc2n(C2CCCC2)c1=O,CC(=O)c1c(C)c2cnc(Nc3ccc(N4CCN(C(=O)CCNc5ccc(C)c(C(=O)Nc6nc(C)c(C)s6)c5)CC4)cn3)nc2n(C2CCCC2)c1=O,HOCDUNMCSUARFD-UHFFFAOYSA-N,HOCDUNMCSUARFD-UHFFFAOYSA-N,CC1=C(C=C(C=C1)NCCC(=O)N2CCN(CC2)C3=CN=C(C=C3)NC4=NC5=C(C=N4)C(=C(C(=O)C)C(=O)N5C6CCCC6)C)C(=O)NC7=NC(=C(C)S7)C,False,0.0,mgdb,MG-6719,MG-6719,,,,Cyclin D1,unknown,,False,,,3,cellular_phenotype,,False,False,,,,False
CC(=O)c1c(C)c2cnc(Nc3ccc(N4CCN(CC(=O)NCCCCCCCCNc5cccc(C(=O)Nc6nc(C)c(C)s6)c5C)CC4)cn3)nc2n(C2CCCC2)c1=O,CC(=O)c1c(C)c2cnc(Nc3ccc(N4CCN(CC(=O)NCCCCCCCCNc5cccc(C(=O)Nc6nc(C)c(C)s6)c5C)CC4)cn3)nc2n(C2CCCC2)c1=O,YPRPEYHJUNGESQ-UHFFFAOYSA-N,YPRPEYHJUNGESQ-UHFFFAOYSA-N,CC1=C(C=CC=C1C(=O)NC2=NC(=C(C)S2)C)NCCCCCCCCNC(=O)CN3CCN(CC3)C4=CN=C(C=C4)NC5=NC6=C(C=N5)C(=C(C(=O)C)C(=O)N6C7CCCC7)C,False,0.0,mgdb,MG-6718,MG-6718,,,,Cyclin D1,unknown,,False,,,3,cellular_phenotype,,False,False,,,,False
CC(=O)c1c(C)c2cnc(Nc3ccc(N4CCN(CC(=O)NCCOCCOCCNc5ccc(C)c(C(=O)Nc6nc(C)c(C)s6)c5)CC4)cn3)nc2n(C2CCCC2)c1=O,CC(=O)c1c(C)c2cnc(Nc3ccc(N4CCN(CC(=O)NCCOCCOCCNc5ccc(C)c(C(=O)Nc6nc(C)c(C)s6)c5)CC4)cn3)nc2n(C2CCCC2)c1=O,VLVGCPFHTZQVSK-UHFFFAOYSA-N,VLVGCPFHTZQVSK-UHFFFAOYSA-N,CC1=C(C=C(C=C1)NCCOCCOCCNC(=O)CN2CCN(CC2)C3=CN=C(C=C3)NC4=NC5=C(C=N4)C(=C(C(=O)C)C(=O)N5C6CCCC6)C)C(=O)NC7=NC(=C(C)S7)C,False,0.0,mgdb,MG-6717,MG-6717,,,,Cyclin D1,unknown,,False,,,3,cellular_phenotype,,False,False,,,,False
CC(=O)c1c(C)c2cnc(Nc3ccc(N4CCN(CC(=O)NCCCCNc5cccc(C(=O)Nc6nc(C)c(C)s6)c5C)CC4)cn3)nc2n(C2CCCC2)c1=O,CC(=O)c1c(C)c2cnc(Nc3ccc(N4CCN(CC(=O)NCCCCNc5cccc(C(=O)Nc6nc(C)c(C)s6)c5C)CC4)cn3)nc2n(C2CCCC2)c1=O,RBQYYOCFKAKNAG-UHFFFAOYSA-N,RBQYYOCFKAKNAG-UHFFFAOYSA-N,CC1=C(C=CC=C1C(=O)NC2=NC(=C(C)S2)C)NCCCCNC(=O)CN3CCN(CC3)C4=CN=C(C=C4)NC5=NC6=C(C=N5)C(=C(C(=O)C)C(=O)N6C7CCCC7)C,False,0.0,mgdb,MG-6727,MG-6727,,,,Cyclin D1,unknown,,False,,,3,cellular_phenotype,,False,False,,,,False
CC(=O)c1c(C)c2cnc(Nc3ccc(N4CCN(CC(=O)NCCCNc5cccc(C(=O)Nc6nc(C)c(C)s6)c5C)CC4)cn3)nc2n(C2CCCC2)c1=O,CC(=O)c1c(C)c2cnc(Nc3ccc(N4CCN(CC(=O)NCCCNc5cccc(C(=O)Nc6nc(C)c(C)s6)c5C)CC4)cn3)nc2n(C2CCCC2)c1=O,JTBUCPUBZJPTQS-UHFFFAOYSA-N,JTBUCPUBZJPTQS-UHFFFAOYSA-N,CC1=C(C=CC=C1C(=O)NC2=NC(=C(C)S2)C)NCCCNC(=O)CN3CCN(CC3)C4=CN=C(C=C4)NC5=NC6=C(C=N5)C(=C(C(=O)C)C(=O)N6C7CCCC7)C,False,0.0,mgdb,MG-6726,MG-6726,,,,Cyclin D1,unknown,,False,,,3,cellular_phenotype,,False,False,,,,False
CC(=O)c1c(C)c2cnc(Nc3ccc(N4CCN(CC(=O)NCCOCCOCCOCCOCCOCCNc5ccc(C)c(C(=O)Nc6nc(C)c(C)s6)c5)CC4)cc3)nc2n(C2CCCC2)c1=O,CC(=O)c1c(C)c2cnc(Nc3ccc(N4CCN(CC(=O)NCCOCCOCCOCCOCCOCCNc5ccc(C)c(C(=O)Nc6nc(C)c(C)s6)c5)CC4)cc3)nc2n(C2CCCC2)c1=O,VFYJJOQAEICMCR-UHFFFAOYSA-N,VFYJJOQAEICMCR-UHFFFAOYSA-N,CC1=C(C=C(C=C1)NCCOCCOCCOCCOCCOCCNC(=O)CN2CCN(CC2)C3=CC=C(C=C3)NC4=NC5=C(C=N4)C(=C(C(=O)C)C(=O)N5C6CCCC6)C)C(=O)NC7=NC(=C(C)S7)C,False,0.0,mgdb,MG-6725,MG-6725,,,,Cyclin D1,unknown,,False,,,3,cellular_phenotype,,False,False,,,,False
CC(=O)c1c(C)c2cnc(Nc3ccc(N4CCN(CCNCCOCCOCCNc5cccc(C(=O)Nc6nc(C)c(C)o6)c5C)CC4)cn3)nc2n(C2CCCC2)c1=O,CC(=O)c1c(C)c2cnc(Nc3ccc(N4CCN(CCNCCOCCOCCNc5cccc(C(=O)Nc6nc(C)c(C)o6)c5C)CC4)cn3)nc2n(C2CCCC2)c1=O,VEGGCUAPVFJPBT-UHFFFAOYSA-N,VEGGCUAPVFJPBT-UHFFFAOYSA-N,CC1=C(C=CC=C1C(=O)NC2=NC(=C(C)O2)C)NCCOCCOCCNCCN3CCN(CC3)C4=CC=C(N=C4)NC5=NC6=C(C=N5)C(=C(C(=O)C)C(=O)N6C7CCCC7)C,False,0.0,mgdb,MG-6714,MG-6714,,,,Cyclin D1,unknown,,False,,,3,cellular_phenotype,,False,False,,,,False
COc1ccc(NC(=O)c2ccccc2NC(=O)CCOCCOCCNC(=O)CN2CCN(c3ccc(Nc4ncc5c(C)c(C(C)=O)c(=O)n(C6CCCC6)c5n4)nc3)CC2)nn1,COc1ccc(NC(=O)c2ccccc2NC(=O)CCOCCOCCNC(=O)CN2CCN(c3ccc(Nc4ncc5c(C)c(C(C)=O)c(=O)n(C6CCCC6)c5n4)nc3)CC2)nn1,BELANKPRWGDGAW-UHFFFAOYSA-N,BELANKPRWGDGAW-UHFFFAOYSA-N,CC1=C(C(=O)C)C(=O)N(C2CCCC2)C3=C1C=NC(=N3)NC4=CC=C(C=N4)N5CCN(CC5)CC(=O)NCCOCCOCCC(=O)NC6=CC=CC=C6C(=O)NC7=CC=C(N=N7)OC,False,0.0,mgdb,MG-6713,MG-6713,,,,Cyclin D1,unknown,,False,,,3,cellular_phenotype,,False,False,,,,False
CC(=O)c1c(C)c2cnc(Nc3ccc(N4CCN(CC(=O)NCCOCCOCCC(=O)Nc5ccccc5C(=O)Nc5ccc(C(F)(F)F)cn5)CC4)cn3)nc2n(C2CCCC2)c1=O,CC(=O)c1c(C)c2cnc(Nc3ccc(N4CCN(CC(=O)NCCOCCOCCC(=O)Nc5ccccc5C(=O)Nc5ccc(C(F)(F)F)cn5)CC4)cn3)nc2n(C2CCCC2)c1=O,KAGVIJMUYACLBN-UHFFFAOYSA-N,KAGVIJMUYACLBN-UHFFFAOYSA-N,CC1=C(C(=O)C)C(=O)N(C2CCCC2)C3=C1C=NC(=N3)NC4=CC=C(C=N4)N5CCN(CC5)CC(=O)NCCOCCOCCC(=O)NC6=C(C=CC=C6)C(=O)NC7=NC=C(C=C7)C(F)(F)F,False,0.0,mgdb,MG-6712,MG-6712,,,,Cyclin D1,unknown,,False,,,3,cellular_phenotype,,False,False,,,,False
CC(=O)c1c(C)c2cnc(Nc3ccc(N4CCN(CC(=O)NCCNc5ccc(C)c(C(=O)Nc6nc(C)c(C)s6)c5)CC4)cn3)nc2n(C2CCCC2)c1=O,CC(=O)c1c(C)c2cnc(Nc3ccc(N4CCN(CC(=O)NCCNc5ccc(C)c(C(=O)Nc6nc(C)c(C)s6)c5)CC4)cn3)nc2n(C2CCCC2)c1=O,UJLNPKHDJXRZEI-UHFFFAOYSA-N,UJLNPKHDJXRZEI-UHFFFAOYSA-N,CC1=C(C=C(C=C1)NCCNC(=O)CN2CCN(CC2)C3=CN=C(C=C3)NC4=NC5=C(C=N4)C(=C(C(=O)C)C(=O)N5C6CCCC6)C)C(=O)NC7=NC(=C(C)S7)C,False,0.0,mgdb,MG-6721,MG-6721,,,,Cyclin D1,unknown,,False,,,3,cellular_phenotype,,False,False,,,,False
CC(=O)c1c(C)c2cnc(Nc3ccc(N4CCN(CC(=O)NCCNc5cccc(C(=O)Nc6nc(C)c(C)s6)c5C)CC4)cn3)nc2n(C2CCCC2)c1=O,CC(=O)c1c(C)c2cnc(Nc3ccc(N4CCN(CC(=O)NCCNc5cccc(C(=O)Nc6nc(C)c(C)s6)c5C)CC4)cn3)nc2n(C2CCCC2)c1=O,AIKPNDIMSRCNBJ-UHFFFAOYSA-N,AIKPNDIMSRCNBJ-UHFFFAOYSA-N,CC1=C(C=CC=C1C(=O)NC2=NC(=C(C)S2)C)NCCNC(=O)CN3CCN(CC3)C4=CN=C(C=C4)NC5=NC6=C(C=N5)C(=C(C(=O)C)C(=O)N6C7CCCC7)C,False,0.0,mgdb,MG-6720,MG-6720,,,,Cyclin D1,unknown,,False,,,3,cellular_phenotype,,False,False,,,,False
CC(=O)c1c(C)c2cnc(Nc3ccc(N4CCN(CC(=O)NCCOCCOCCC(=O)Nc5ccccc5C(=O)Nc5nc(C6CCN(C)CC6)c(C)s5)CC4)cn3)nc2n(C2CCCC2)c1=O,CC(=O)c1c(C)c2cnc(Nc3ccc(N4CCN(CC(=O)NCCOCCOCCC(=O)Nc5ccccc5C(=O)Nc5nc(C6CCN(C)CC6)c(C)s5)CC4)cn3)nc2n(C2CCCC2)c1=O,NMQBNYTWVLUHBB-UHFFFAOYSA-N,NMQBNYTWVLUHBB-UHFFFAOYSA-N,CC1=C(C(=O)C)C(=O)N(C2CCCC2)C3=C1C=NC(=N3)NC4=CC=C(C=N4)N5CCN(CC5)CC(=O)NCCOCCOCCC(=O)NC6=C(C=CC=C6)C(=O)NC7=NC(=C(C)S7)C8CCN(C)CC8,False,0.0,mgdb,MG-6708,MG-6708,,,,Cyclin D1,unknown,,False,,,3,cellular_phenotype,,False,False,,,,False
CC(=O)c1c(C)c2cnc(Nc3ccc(N4CCN(CC(=O)NCCOCCOCCC(=O)Nc5ccccc5C(=O)Nc5cc(C6CC6)n(C)n5)CC4)cn3)nc2n(C2CCCC2)c1=O,CC(=O)c1c(C)c2cnc(Nc3ccc(N4CCN(CC(=O)NCCOCCOCCC(=O)Nc5ccccc5C(=O)Nc5cc(C6CC6)n(C)n5)CC4)cn3)nc2n(C2CCCC2)c1=O,VBJMENQKJBEBHY-UHFFFAOYSA-N,VBJMENQKJBEBHY-UHFFFAOYSA-N,CC1=C(C(=O)C)C(=O)N(C2CCCC2)C3=C1C=NC(=N3)NC4=CC=C(C=N4)N5CCN(CC5)CC(=O)NCCOCCOCCC(=O)NC6=C(C=CC=C6)C(=O)NC7=NN(C)C(=C7)C8CC8,False,0.0,mgdb,MG-6707,MG-6707,,,,Cyclin D1,unknown,,False,,,3,cellular_phenotype,,False,False,,,,False
CC(=O)c1c(C)c2cnc(Nc3ccc(N4CCN(CCCCCCCCCCNc5cccc(C(=O)Nc6nc(C)c(C)s6)c5C)CC4)cn3)nc2n(C2CCCC2)c1=O,CC(=O)c1c(C)c2cnc(Nc3ccc(N4CCN(CCCCCCCCCCNc5cccc(C(=O)Nc6nc(C)c(C)s6)c5C)CC4)cn3)nc2n(C2CCCC2)c1=O,IIKVZAKJJLQWJW-UHFFFAOYSA-N,IIKVZAKJJLQWJW-UHFFFAOYSA-N,CC1=C(C=CC=C1C(=O)NC2=NC(=C(C)S2)C)NCCCCCCCCCCN3CCN(CC3)C4=CC=C(N=C4)NC5=NC6=C(C=N5)C(=C(C(=O)C)C(=O)N6C7CCCC7)C,False,0.0,mgdb,MG-6706,MG-6706,,,,Cyclin D1,unknown,,False,,,3,cellular_phenotype,,False,False,,,,False
CC(=O)c1c(C)c2cnc(Nc3ccc(N4CCN(CC(=O)NCCCCNc5ccc(C)c(C(=O)Nc6nc(C)c(C)s6)c5)CC4)cn3)nc2n(C2CCCC2)c1=O,CC(=O)c1c(C)c2cnc(Nc3ccc(N4CCN(CC(=O)NCCCCNc5ccc(C)c(C(=O)Nc6nc(C)c(C)s6)c5)CC4)cn3)nc2n(C2CCCC2)c1=O,LGVMDEHAPXRMSY-UHFFFAOYSA-N,LGVMDEHAPXRMSY-UHFFFAOYSA-N,CC1=C(C=C(C=C1)NCCCCNC(=O)CN2CCN(CC2)C3=CN=C(C=C3)NC4=NC5=C(C=N4)C(=C(C(=O)C)C(=O)N5C6CCCC6)C)C(=O)NC7=NC(=C(C)S7)C,False,0.0,mgdb,MG-6716,MG-6716,,,,Cyclin D1,unknown,,False,,,3,cellular_phenotype,,False,False,,,,False
CC(=O)c1c(C)c2cnc(Nc3ccc(N4CCN(CC(=O)NCCCNc5ccc(C)c(C(=O)Nc6nc(C)c(C)s6)c5)CC4)cc3)nc2n(C2CCCC2)c1=O,CC(=O)c1c(C)c2cnc(Nc3ccc(N4CCN(CC(=O)NCCCNc5ccc(C)c(C(=O)Nc6nc(C)c(C)s6)c5)CC4)cc3)nc2n(C2CCCC2)c1=O,XQQDDTCOEIGZNO-UHFFFAOYSA-N,XQQDDTCOEIGZNO-UHFFFAOYSA-N,CC1=C(C=C(C=C1)NCCCNC(=O)CN2CCN(CC2)C3=CC=C(C=C3)NC4=NC5=C(C=N4)C(=C(C(=O)C)C(=O)N5C6CCCC6)C)C(=O)NC7=NC(=C(C)S7)C,False,0.0,mgdb,MG-6715,MG-6715,,,,Cyclin D1,unknown,,False,,,3,cellular_phenotype,,False,False,,,,False
CCc1nc(NC(=O)c2ccccc2NC(=O)CCOCCOCCNC(=O)CN2CCN(c3ccc(Nc4ncc5c(C)c(C(C)=O)c(=O)n(C6CCCC6)c5n4)nc3)CC2)sc1C,CCc1nc(NC(=O)c2ccccc2NC(=O)CCOCCOCCNC(=O)CN2CCN(c3ccc(Nc4ncc5c(C)c(C(C)=O)c(=O)n(C6CCCC6)c5n4)nc3)CC2)sc1C,VAGFOIQXPQVTPV-UHFFFAOYSA-N,VAGFOIQXPQVTPV-UHFFFAOYSA-N,CCC1=C(C)SC(=N1)NC(=O)C2=C(C=CC=C2)NC(=O)CCOCCOCCNC(=O)CN3CCN(CC3)C4=CC=C(N=C4)NC5=NC6=C(C=N5)C(=C(C(=O)C)C(=O)N6C7CCCC7)C,False,0.0,mgdb,MG-6703,MG-6703,,,,Cyclin D1,unknown,,False,,,3,cellular_phenotype,,False,False,,,,False
CC(=O)c1c(C)c2cnc(Nc3ccc(N4CCN(CC(=O)NCCOCCOCCC(=O)Nc5ccccc5C(=O)Nc5cc(C)[nH]n5)CC4)cn3)nc2n(C2CCCC2)c1=O,CC(=O)c1c(C)c2cnc(Nc3ccc(N4CCN(CC(=O)NCCOCCOCCC(=O)Nc5ccccc5C(=O)Nc5cc(C)[nH]n5)CC4)cn3)nc2n(C2CCCC2)c1=O,HGIWLOLNMKYPRY-UHFFFAOYSA-N,HGIWLOLNMKYPRY-UHFFFAOYSA-N,CC1=CC(=NN1)NC(=O)C2=C(C=CC=C2)NC(=O)CCOCCOCCNC(=O)CN3CCN(CC3)C4=CC=C(N=C4)NC5=NC6=C(C=N5)C(=C(C(=O)C)C(=O)N6C7CCCC7)C,False,0.0,mgdb,MG-6702,MG-6702,,,,Cyclin D1,unknown,,False,,,3,cellular_phenotype,,False,False,,,,False
CC(=O)c1c(C)c2cnc(Nc3ccc(N4CCN(CC(=O)NCCOCCOCCC(=O)Nc5ccccc5C(=O)Nc5cc[nH]n5)CC4)cn3)nc2n(C2CCCC2)c1=O,CC(=O)c1c(C)c2cnc(Nc3ccc(N4CCN(CC(=O)NCCOCCOCCC(=O)Nc5ccccc5C(=O)Nc5cc[nH]n5)CC4)cn3)nc2n(C2CCCC2)c1=O,AIDYGNCSNZRKKJ-UHFFFAOYSA-N,AIDYGNCSNZRKKJ-UHFFFAOYSA-N,CC1=C(C(=O)C)C(=O)N(C2CCCC2)C3=C1C=NC(=N3)NC4=CC=C(C=N4)N5CCN(CC5)CC(=O)NCCOCCOCCC(=O)NC6=C(C=CC=C6)C(=O)NC7=NNC=C7,False,0.0,mgdb,MG-6701,MG-6701,,,,Cyclin D1,unknown,,False,,,3,cellular_phenotype,,False,False,,,,False
CC(=O)c1c(C)c2cnc(Nc3ccc(N4CCN(CC(=O)NCCOCCOCCC(=O)Nc5ccccc5C(=O)Nc5ccc(O)cn5)CC4)cn3)nc2n(C2CCCC2)c1=O,CC(=O)c1c(C)c2cnc(Nc3ccc(N4CCN(CC(=O)NCCOCCOCCC(=O)Nc5ccccc5C(=O)Nc5ccc(O)cn5)CC4)cn3)nc2n(C2CCCC2)c1=O,YQCWOHYMTYVFAC-UHFFFAOYSA-N,YQCWOHYMTYVFAC-UHFFFAOYSA-N,CC1=C(C(=O)C)C(=O)N(C2CCCC2)C3=C1C=NC(=N3)NC4=CC=C(C=N4)N5CCN(CC5)CC(=O)NCCOCCOCCC(=O)NC6=C(C=CC=C6)C(=O)NC7=CC=C(C=N7)O,False,0.0,mgdb,MG-6711,MG-6711,,,,Cyclin D1,unknown,,False,,,3,cellular_phenotype,,False,False,,,,False
CC(=O)c1c(C)c2cnc(Nc3ccc(N4CCN(CC(=O)NCCOCCOCCC(=O)Nc5ccccc5C(=O)Nc5ccc(Cl)cn5)CC4)cn3)nc2n(C2CCCC2)c1=O,CC(=O)c1c(C)c2cnc(Nc3ccc(N4CCN(CC(=O)NCCOCCOCCC(=O)Nc5ccccc5C(=O)Nc5ccc(Cl)cn5)CC4)cn3)nc2n(C2CCCC2)c1=O,ULJLYQCCVMWLSR-UHFFFAOYSA-N,ULJLYQCCVMWLSR-UHFFFAOYSA-N,CC1=C(C(=O)C)C(=O)N(C2CCCC2)C3=C1C=NC(=N3)NC4=CC=C(C=N4)N5CCN(CC5)CC(=O)NCCOCCOCCC(=O)NC6=C(C=CC=C6)C(=O)NC7=CC=C(C=N7)Cl,False,0.0,mgdb,MG-6710,MG-6710,,,,Cyclin D1,unknown,,False,,,3,cellular_phenotype,,False,False,,,,False
CC(=O)c1c(C)c2cnc(Nc3ccc(N4CCN(CC(=O)NCCOCCOCCC(=O)Nc5ccccc5C(=O)Nc5ccc(F)cn5)CC4)cn3)nc2n(C2CCCC2)c1=O,CC(=O)c1c(C)c2cnc(Nc3ccc(N4CCN(CC(=O)NCCOCCOCCC(=O)Nc5ccccc5C(=O)Nc5ccc(F)cn5)CC4)cn3)nc2n(C2CCCC2)c1=O,CONGRHDBQDEKFJ-UHFFFAOYSA-N,CONGRHDBQDEKFJ-UHFFFAOYSA-N,CC1=C(C(=O)C)C(=O)N(C2CCCC2)C3=C1C=NC(=N3)NC4=CC=C(C=N4)N5CCN(CC5)CC(=O)NCCOCCOCCC(=O)NC6=C(C=CC=C6)C(=O)NC7=CC=C(C=N7)F,False,0.0,mgdb,MG-6709,MG-6709,,,,Cyclin D1,unknown,,False,,,3,cellular_phenotype,,False,False,,,,False
CC(=O)c1c(C)c2cnc(Nc3ccc(N4CCN(CC(=O)NCCOCCOCCC(=O)Nc5ccccc5C(=O)Nc5nc(C(C)C)c(C)s5)CC4)cn3)nc2n(C2CCCC2)c1=O,CC(=O)c1c(C)c2cnc(Nc3ccc(N4CCN(CC(=O)NCCOCCOCCC(=O)Nc5ccccc5C(=O)Nc5nc(C(C)C)c(C)s5)CC4)cn3)nc2n(C2CCCC2)c1=O,DZSUABROBXIMTR-UHFFFAOYSA-N,DZSUABROBXIMTR-UHFFFAOYSA-N,CC(C)C1=C(C)SC(=N1)NC(=O)C2=CC=CC=C2NC(=O)CCOCCOCCNC(=O)CN3CCN(CC3)C4=CC=C(N=C4)NC5=NC6=C(C=N5)C(=C(C(=O)C)C(=O)N6C7CCCC7)C,False,0.0,mgdb,MG-6698,MG-6698,,,,Cyclin D1,unknown,,False,,,3,cellular_phenotype,,False,False,,,,False
CC(=O)c1c(C)c2cnc(Nc3ccc(N4CCN(CC(=O)NCCOCCOCCC(=O)Nc5ccccc5C(=O)Nc5ccn(C)n5)CC4)cn3)nc2n(C2CCCC2)c1=O,CC(=O)c1c(C)c2cnc(Nc3ccc(N4CCN(CC(=O)NCCOCCOCCC(=O)Nc5ccccc5C(=O)Nc5ccn(C)n5)CC4)cn3)nc2n(C2CCCC2)c1=O,RXHPRFXTTPZOEY-UHFFFAOYSA-N,RXHPRFXTTPZOEY-UHFFFAOYSA-N,CC1=C(C(=O)C)C(=O)N(C2CCCC2)C3=C1C=NC(=N3)NC4=CC=C(C=N4)N5CCN(CC5)CC(=O)NCCOCCOCCC(=O)NC6=C(C=CC=C6)C(=O)NC7=NN(C)C=C7,False,0.0,mgdb,MG-6696,MG-6696,,,,Cyclin D1,unknown,,False,,,3,cellular_phenotype,,False,False,,,,False
CC(=O)c1c(C)c2cnc(Nc3ccc(N4CCN(CC(=O)NCCOCCOCCNc5cccc(C(=O)Nc6cc(C)n(C)n6)c5C)CC4)cn3)nc2n(C2CCCC2)c1=O,CC(=O)c1c(C)c2cnc(Nc3ccc(N4CCN(CC(=O)NCCOCCOCCNc5cccc(C(=O)Nc6cc(C)n(C)n6)c5C)CC4)cn3)nc2n(C2CCCC2)c1=O,SBAHXFZOFKYFLF-UHFFFAOYSA-N,SBAHXFZOFKYFLF-UHFFFAOYSA-N,CC1=CC(=NN1C)NC(=O)C2=CC=CC(=C2C)NCCOCCOCCNC(=O)CN3CCN(CC3)C4=CC=C(N=C4)NC5=NC6=C(C=N5)C(=C(C(=O)C)C(=O)N6C7CCCC7)C,False,0.0,mgdb,MG-6695,MG-6695,,,,Cyclin D1,unknown,,False,,,3,cellular_phenotype,,False,False,,,,False
CC(=O)c1c(C)c2cnc(Nc3ccc(N4CCN(CC(=O)NCCOCCOCCC(=O)Nc5ccccc5C(=O)Nc5nc(C(F)(F)F)c(C)s5)CC4)cn3)nc2n(C2CCCC2)c1=O,CC(=O)c1c(C)c2cnc(Nc3ccc(N4CCN(CC(=O)NCCOCCOCCC(=O)Nc5ccccc5C(=O)Nc5nc(C(F)(F)F)c(C)s5)CC4)cn3)nc2n(C2CCCC2)c1=O,GADSDHIJIMPQPF-UHFFFAOYSA-N,GADSDHIJIMPQPF-UHFFFAOYSA-N,CC1=C(C(=O)C)C(=O)N(C2CCCC2)C3=C1C=NC(=N3)NC4=CC=C(C=N4)N5CCN(CC5)CC(=O)NCCOCCOCCC(=O)NC6=C(C=CC=C6)C(=O)NC7=NC(=C(C)S7)C(F)(F)F,False,0.0,mgdb,MG-6705,MG-6705,,,,Cyclin D1,unknown,,False,,,3,cellular_phenotype,,False,False,,,,False
CC(=O)c1c(C)c2cnc(Nc3ccc(N4CCN(CC(=O)NCCOCCOCCC(=O)Nc5ccccc5C(=O)Nc5cc(C)n(C(C)C)n5)CC4)cn3)nc2n(C2CCCC2)c1=O,CC(=O)c1c(C)c2cnc(Nc3ccc(N4CCN(CC(=O)NCCOCCOCCC(=O)Nc5ccccc5C(=O)Nc5cc(C)n(C(C)C)n5)CC4)cn3)nc2n(C2CCCC2)c1=O,OFLXLTRWVWGHCE-UHFFFAOYSA-N,OFLXLTRWVWGHCE-UHFFFAOYSA-N,CC(C)N1C(=CC(=N1)NC(=O)C2=C(C=CC=C2)NC(=O)CCOCCOCCNC(=O)CN3CCN(CC3)C4=CC=C(N=C4)NC5=NC6=C(C=N5)C(=C(C(=O)C)C(=O)N6C7CCCC7)C)C,False,0.0,mgdb,MG-6704,MG-6704,,,,Cyclin D1,unknown,,False,,,3,cellular_phenotype,,False,False,,,,False
CC(=O)c1c(C)c2cnc(Nc3ccc(N4CCN(CC(=O)NCCOCCOCCC(=O)Nc5ccccc5C(=O)Nc5cn(C)cn5)CC4)cn3)nc2n(C2CCCC2)c1=O,CC(=O)c1c(C)c2cnc(Nc3ccc(N4CCN(CC(=O)NCCOCCOCCC(=O)Nc5ccccc5C(=O)Nc5cn(C)cn5)CC4)cn3)nc2n(C2CCCC2)c1=O,XPIBDQBNRZVERU-UHFFFAOYSA-N,XPIBDQBNRZVERU-UHFFFAOYSA-N,CC1=C(C(=O)C)C(=O)N(C2CCCC2)C3=C1C=NC(=N3)NC4=CC=C(C=N4)N5CCN(CC5)CC(=O)NCCOCCOCCC(=O)NC6=C(C=CC=C6)C(=O)NC7=CN(C)C=N7,False,0.0,mgdb,MG-6691,MG-6691,,,,Cyclin D1,unknown,,False,,,3,cellular_phenotype,,False,False,,,,False
CC(=O)c1c(C)c2cnc(Nc3ccc(N4CCN(CC(=O)NCCOCCOCCC(=O)Nc5ccccc5C(=O)Nc5nc(C6CCOCC6)c(C)s5)CC4)cn3)nc2n(C2CCCC2)c1=O,CC(=O)c1c(C)c2cnc(Nc3ccc(N4CCN(CC(=O)NCCOCCOCCC(=O)Nc5ccccc5C(=O)Nc5nc(C6CCOCC6)c(C)s5)CC4)cn3)nc2n(C2CCCC2)c1=O,ZVXIEHZIFPDQQE-UHFFFAOYSA-N,ZVXIEHZIFPDQQE-UHFFFAOYSA-N,CC1=C(C(=O)C)C(=O)N(C2CCCC2)C3=C1C=NC(=N3)NC4=CC=C(C=N4)N5CCN(CC5)CC(=O)NCCOCCOCCC(=O)NC6=C(C=CC=C6)C(=O)NC7=NC(=C(C)S7)C8CCOCC8,False,0.0,mgdb,MG-6690,MG-6690,,,,Cyclin D1,unknown,,False,,,3,cellular_phenotype,,False,False,,,,False
CC(=O)c1c(C)c2cnc(Nc3ccc(N4CCN(CC(=O)NCCOCCOCCC(=O)Nc5ncccc5C(=O)Nc5ccc(C)cn5)CC4)cn3)nc2n(C2CCCC2)c1=O,CC(=O)c1c(C)c2cnc(Nc3ccc(N4CCN(CC(=O)NCCOCCOCCC(=O)Nc5ncccc5C(=O)Nc5ccc(C)cn5)CC4)cn3)nc2n(C2CCCC2)c1=O,YCGXUJCREYXLLJ-UHFFFAOYSA-N,YCGXUJCREYXLLJ-UHFFFAOYSA-N,CC1=CC=C(N=C1)NC(=O)C2=CC=CN=C2NC(=O)CCOCCOCCNC(=O)CN3CCN(CC3)C4=CC=C(N=C4)NC5=NC6=C(C=N5)C(=C(C(=O)C)C(=O)N6C7CCCC7)C,False,0.0,mgdb,MG-6689,MG-6689,,,,Cyclin D1,unknown,,False,,,3,cellular_phenotype,,False,False,,,,False
CC(=O)c1c(C)c2cnc(Nc3ccc(N4CCN(CC(=O)NCCOCCOCCC(=O)Nc5ccccc5C(=O)Nc5nc(C6CCNCC6)c(C)s5)CC4)cn3)nc2n(C2CCCC2)c1=O,CC(=O)c1c(C)c2cnc(Nc3ccc(N4CCN(CC(=O)NCCOCCOCCC(=O)Nc5ccccc5C(=O)Nc5nc(C6CCNCC6)c(C)s5)CC4)cn3)nc2n(C2CCCC2)c1=O,SRKDHYRWBMAJQH-UHFFFAOYSA-N,SRKDHYRWBMAJQH-UHFFFAOYSA-N,CC1=C(C(=O)C)C(=O)N(C2CCCC2)C3=C1C=NC(=N3)NC4=CC=C(C=N4)N5CCN(CC5)CC(=O)NCCOCCOCCC(=O)NC6=C(C=CC=C6)C(=O)NC7=NC(=C(C)S7)C8CCNCC8,False,0.0,mgdb,MG-6700,MG-6700,,,,Cyclin D1,unknown,,False,,,3,cellular_phenotype,,False,False,,,,False
CC(=O)c1c(C)c2cnc(Nc3ccc(N4CCN(CC(=O)NCCOCCOCCC(=O)Nc5ccccc5C(=O)Nc5nc(Br)c(C)s5)CC4)cn3)nc2n(C2CCCC2)c1=O,CC(=O)c1c(C)c2cnc(Nc3ccc(N4CCN(CC(=O)NCCOCCOCCC(=O)Nc5ccccc5C(=O)Nc5nc(Br)c(C)s5)CC4)cn3)nc2n(C2CCCC2)c1=O,YUTSFMIIWQUFET-UHFFFAOYSA-N,YUTSFMIIWQUFET-UHFFFAOYSA-N,CC1=C(C(=O)C)C(=O)N(C2CCCC2)C3=C1C=NC(=N3)NC4=CC=C(C=N4)N5CCN(CC5)CC(=O)NCCOCCOCCC(=O)NC6=C(C=CC=C6)C(=O)NC7=NC(=C(C)S7)Br,False,0.0,mgdb,MG-6699,MG-6699,,,,Cyclin D1,unknown,,False,,,3,cellular_phenotype,,False,False,,,,False
CC(=O)c1c(C)c2cnc(Nc3ccc(N4CCN(CC(=O)NCCOCCOCCC(=O)Nc5ccccc5C(=O)Nc5nc(C)ns5)CC4)cn3)nc2n(C2CCCC2)c1=O,CC(=O)c1c(C)c2cnc(Nc3ccc(N4CCN(CC(=O)NCCOCCOCCC(=O)Nc5ccccc5C(=O)Nc5nc(C)ns5)CC4)cn3)nc2n(C2CCCC2)c1=O,BRMHATSSYRSLPZ-UHFFFAOYSA-N,BRMHATSSYRSLPZ-UHFFFAOYSA-N,CC1=C(C(=O)C)C(=O)N(C2CCCC2)C3=C1C=NC(=N3)NC4=CC=C(C=N4)N5CCN(CC5)CC(=O)NCCOCCOCCC(=O)NC6=C(C=CC=C6)C(=O)NC7=NC(=NS7)C,False,0.0,mgdb,MG-6686,MG-6686,,,,Cyclin D1,unknown,,False,,,3,cellular_phenotype,,False,False,,,,False
CC(=O)c1c(C)c2cnc(Nc3ccc(N4CCN(CC(=O)NCCOCCOCCC(=O)Nc5ccccc5C(=O)Nc5nc(C6CC6)c(C)s5)CC4)cn3)nc2n(C2CCCC2)c1=O,CC(=O)c1c(C)c2cnc(Nc3ccc(N4CCN(CC(=O)NCCOCCOCCC(=O)Nc5ccccc5C(=O)Nc5nc(C6CC6)c(C)s5)CC4)cn3)nc2n(C2CCCC2)c1=O,INSNGVRXZKHDGR-UHFFFAOYSA-N,INSNGVRXZKHDGR-UHFFFAOYSA-N,CC1=C(C(=O)C)C(=O)N(C2CCCC2)C3=C1C=NC(=N3)NC4=CC=C(C=N4)N5CCN(CC5)CC(=O)NCCOCCOCCC(=O)NC6=C(C=CC=C6)C(=O)NC7=NC(=C(C)S7)C8CC8,False,0.0,mgdb,MG-6685,MG-6685,,,,Cyclin D1,unknown,,False,,,3,cellular_phenotype,,False,False,,,,False
CC(=O)c1c(C)c2cnc(Nc3ccc(N4CCN(CC(=O)NCCOCCOCCC(=O)Nc5ccccc5C(=O)Nc5ccc(C)nn5)CC4)cn3)nc2n(C2CCCC2)c1=O,CC(=O)c1c(C)c2cnc(Nc3ccc(N4CCN(CC(=O)NCCOCCOCCC(=O)Nc5ccccc5C(=O)Nc5ccc(C)nn5)CC4)cn3)nc2n(C2CCCC2)c1=O,OSIWCVKDTSHXKN-UHFFFAOYSA-N,OSIWCVKDTSHXKN-UHFFFAOYSA-N,CC1=CC=C(NC(=O)C2=C(C=CC=C2)NC(=O)CCOCCOCCNC(=O)CN3CCN(CC3)C4=CC=C(N=C4)NC5=NC6=C(C=N5)C(=C(C(=O)C)C(=O)N6C7CCCC7)C)N=N1,False,0.0,mgdb,MG-6684,MG-6684,,,,Cyclin D1,unknown,,False,,,3,cellular_phenotype,,False,False,,,,False
CC(=O)c1c(C)c2cnc(Nc3ccc(N4CCN(CC(=O)NCCOCCOCCC(=O)Nc5ccccc5C(=O)Nc5ncc(C)o5)CC4)cn3)nc2n(C2CCCC2)c1=O,CC(=O)c1c(C)c2cnc(Nc3ccc(N4CCN(CC(=O)NCCOCCOCCC(=O)Nc5ccccc5C(=O)Nc5ncc(C)o5)CC4)cn3)nc2n(C2CCCC2)c1=O,LQJAJODRDUVAHE-UHFFFAOYSA-N,LQJAJODRDUVAHE-UHFFFAOYSA-N,CC1=CN=C(NC(=O)C2=CC=CC=C2NC(=O)CCOCCOCCNC(=O)CN3CCN(CC3)C4=CC=C(N=C4)NC5=NC6=C(C=N5)C(=C(C(=O)C)C(=O)N6C7CCCC7)C)O1,False,0.0,mgdb,MG-6694,MG-6694,,,,Cyclin D1,unknown,,False,,,3,cellular_phenotype,,False,False,,,,False
CC(=O)c1c(C)c2cnc(Nc3ccc(N4CCN(CC(=O)NCCOCCOCCC(=O)Nc5ccccc5C(=O)Nc5ccc(C)s5)CC4)cn3)nc2n(C2CCC(C)C2)c1=O,CC(=O)c1c(C)c2cnc(Nc3ccc(N4CCN(CC(=O)NCCOCCOCCC(=O)Nc5ccccc5C(=O)Nc5ccc(C)s5)CC4)cn3)nc2n(C2CCC(C)C2)c1=O,KQZNEZYLVJGYOG-UHFFFAOYSA-N,KQZNEZYLVJGYOG-UHFFFAOYSA-N,CC1CCC(C1)N2C3=C(C=NC(=N3)NC4=CC=C(C=N4)N5CCN(CC5)CC(=O)NCCOCCOCCC(=O)NC6=C(C=CC=C6)C(=O)NC7=CC=C(C)S7)C(=C(C(=O)C)C2=O)C,False,2.0,mgdb,MG-6693,MG-6693,,,,Cyclin D1,unknown,,False,,,3,cellular_phenotype,,False,False,,,,False
CC(=O)c1c(C)c2cnc(Nc3ccc(N4CCN(CC(=O)NCCOCCOCCC(=O)Nc5c(F)cccc5C(=O)Nc5nc(C)c[nH]5)CC4)cn3)nc2n(C2CCCC2)c1=O,CC(=O)c1c(C)c2cnc(Nc3ccc(N4CCN(CC(=O)NCCOCCOCCC(=O)Nc5c(F)cccc5C(=O)Nc5nc(C)c[nH]5)CC4)cn3)nc2n(C2CCCC2)c1=O,SQMNHEWYIWSXPR-UHFFFAOYSA-N,SQMNHEWYIWSXPR-UHFFFAOYSA-N,CC1=CN=C(N1)NC(=O)C2=CC=CC(=C2NC(=O)CCOCCOCCNC(=O)CN3CCN(CC3)C4=CC=C(N=C4)NC5=NC6=C(C=N5)C(=C(C(=O)C)C(=O)N6C7CCCC7)C)F,False,0.0,mgdb,MG-6692,MG-6692,,,,Cyclin D1,unknown,,False,,,3,cellular_phenotype,,False,False,,,,False
CC(=O)c1c(C)c2cnc(Nc3ccc(N4CCN(CC(=O)NCCOCCOCCC(=O)Nc5ccccc5C(=O)Nc5ccccn5)CC4)cn3)nc2n(C2CCCC2)c1=O,CC(=O)c1c(C)c2cnc(Nc3ccc(N4CCN(CC(=O)NCCOCCOCCC(=O)Nc5ccccc5C(=O)Nc5ccccn5)CC4)cn3)nc2n(C2CCCC2)c1=O,VLRZGUICBIQSEJ-UHFFFAOYSA-N,VLRZGUICBIQSEJ-UHFFFAOYSA-N,CC1=C(C(=O)C)C(=O)N(C2CCCC2)C3=C1C=NC(=N3)NC4=CC=C(C=N4)N5CCN(CC5)CC(=O)NCCOCCOCCC(=O)NC6=C(C=CC=C6)C(=O)NC7=NC=CC=C7,False,0.0,mgdb,MG-6681,MG-6681,,,,Cyclin D1,unknown,,False,,,3,cellular_phenotype,,False,False,,,,False
CC(=O)c1c(C)c2cnc(Nc3ccc(N4CCN(CC(=O)NCCOCCOCCC(=O)Nc5ccccc5C(=O)Nc5cc(C)n(C)n5)CC4)cn3)nc2n(C2CCCC2)c1=O,CC(=O)c1c(C)c2cnc(Nc3ccc(N4CCN(CC(=O)NCCOCCOCCC(=O)Nc5ccccc5C(=O)Nc5cc(C)n(C)n5)CC4)cn3)nc2n(C2CCCC2)c1=O,TUHMKIAGLGSMFH-UHFFFAOYSA-N,TUHMKIAGLGSMFH-UHFFFAOYSA-N,CC1=CC(=NN1C)NC(=O)C2=CC=CC=C2NC(=O)CCOCCOCCNC(=O)CN3CCN(CC3)C4=CC=C(N=C4)NC5=NC6=C(C=N5)C(=C(C(=O)C)C(=O)N6C7CCCC7)C,False,0.0,mgdb,MG-6680,MG-6680,,,,Cyclin D1,unknown,,False,,,3,cellular_phenotype,,False,False,,,,False
CC(=O)c1c(C)c2cnc(Nc3ccc(N4CCN(CC(=O)NCCOCCOCCOCCOCCOCCNc5ccc(C(=O)Nc6cc(C)n(C)n6)c(C)c5)CC4)cn3)nc2n(C2CCCC2)c1=O,CC(=O)c1c(C)c2cnc(Nc3ccc(N4CCN(CC(=O)NCCOCCOCCOCCOCCOCCNc5ccc(C(=O)Nc6cc(C)n(C)n6)c(C)c5)CC4)cn3)nc2n(C2CCCC2)c1=O,OTKDLDYSTMNANO-UHFFFAOYSA-N,OTKDLDYSTMNANO-UHFFFAOYSA-N,CC1=C(C=CC(=C1)NCCOCCOCCOCCOCCOCCNC(=O)CN2CCN(CC2)C3=CC=C(N=C3)NC4=NC5=C(C=N4)C(=C(C(=O)C)C(=O)N5C6CCCC6)C)C(=O)NC7=NN(C)C(=C7)C,False,0.0,mgdb,MG-6678,MG-6678,,,,Cyclin D1,unknown,,False,,,3,cellular_phenotype,,False,False,,,,False
CC(=O)c1c(C)c2cnc(Nc3ccc(N4CCN(CC(=O)NCCOCCOCCC(=O)Nc5ccccc5C(=O)Nc5ccc(C)nc5)CC4)cn3)nc2n(C2CCCC2)c1=O,CC(=O)c1c(C)c2cnc(Nc3ccc(N4CCN(CC(=O)NCCOCCOCCC(=O)Nc5ccccc5C(=O)Nc5ccc(C)nc5)CC4)cn3)nc2n(C2CCCC2)c1=O,PBEJTVFPGFUTTK-UHFFFAOYSA-N,PBEJTVFPGFUTTK-UHFFFAOYSA-N,CC1=CC=C(C=N1)NC(=O)C2=C(C=CC=C2)NC(=O)CCOCCOCCNC(=O)CN3CCN(CC3)C4=CC=C(N=C4)NC5=NC6=C(C=N5)C(=C(C(=O)C)C(=O)N6C7CCCC7)C,False,0.0,mgdb,MG-6688,MG-6688,,,,Cyclin D1,unknown,,False,,,3,cellular_phenotype,,False,False,,,,False
CC(=O)c1c(C)c2cnc(Nc3ccc(N4CCN(CC(=O)NCCOCCOCCC(=O)Nc5ccccc5C(=O)Nc5nc(C6CC6)ns5)CC4)cn3)nc2n(C2CCCC2)c1=O,CC(=O)c1c(C)c2cnc(Nc3ccc(N4CCN(CC(=O)NCCOCCOCCC(=O)Nc5ccccc5C(=O)Nc5nc(C6CC6)ns5)CC4)cn3)nc2n(C2CCCC2)c1=O,WGKCFBYEPOFNQP-UHFFFAOYSA-N,WGKCFBYEPOFNQP-UHFFFAOYSA-N,CC1=C(C(=O)C)C(=O)N(C2CCCC2)C3=C1C=NC(=N3)NC4=CC=C(C=N4)N5CCN(CC5)CC(=O)NCCOCCOCCC(=O)NC6=C(C=CC=C6)C(=O)NC7=NC(=NS7)C8CC8,False,0.0,mgdb,MG-6687,MG-6687,,,,Cyclin D1,unknown,,False,,,3,cellular_phenotype,,False,False,,,,False
CC(=O)c1c(C)c2cnc(Nc3ccc(N4CCN(CC(=O)NCCOCCOCCOCCOCCOCCNc5ccc(C(=O)Nc6nc(C7CC7)c(C)s6)c(C)c5)CC4)cn3)nc2n(C2CCCC2)c1=O,CC(=O)c1c(C)c2cnc(Nc3ccc(N4CCN(CC(=O)NCCOCCOCCOCCOCCOCCNc5ccc(C(=O)Nc6nc(C7CC7)c(C)s6)c(C)c5)CC4)cn3)nc2n(C2CCCC2)c1=O,IYBHLDGFWZCCSD-UHFFFAOYSA-N,IYBHLDGFWZCCSD-UHFFFAOYSA-N,CC1=C(C=CC(=C1)NCCOCCOCCOCCOCCOCCNC(=O)CN2CCN(CC2)C3=CC=C(N=C3)NC4=NC5=C(C=N4)C(=C(C(=O)C)C(=O)N5C6CCCC6)C)C(=O)NC7=NC(=C(C)S7)C8CC8,False,0.0,mgdb,MG-6674,MG-6674,,,,Cyclin D1,unknown,,False,,,3,cellular_phenotype,,False,False,,,,False
CC(=O)c1nc(NC(=O)c2ccc(NCCOCCOCCOCCOCCOCCNC(=O)CN3CCN(c4ccc(Nc5ncc6c(C)c(C(C)=O)c(=O)n(C7CCCC7)c6n5)nc4)CC3)cc2C)sc1C,CC(=O)c1nc(NC(=O)c2ccc(NCCOCCOCCOCCOCCOCCNC(=O)CN3CCN(c4ccc(Nc5ncc6c(C)c(C(C)=O)c(=O)n(C7CCCC7)c6n5)nc4)CC3)cc2C)sc1C,KXBSTBIVBZCLAG-UHFFFAOYSA-N,KXBSTBIVBZCLAG-UHFFFAOYSA-N,CC1=C(C=CC(=C1)NCCOCCOCCOCCOCCOCCNC(=O)CN2CCN(CC2)C3=CC=C(N=C3)NC4=NC5=C(C=N4)C(=C(C(=O)C)C(=O)N5C6CCCC6)C)C(=O)NC7=NC(=C(C)S7)C(=O)C,False,0.0,mgdb,MG-6673,MG-6673,,,,Cyclin D1,unknown,,False,,,3,cellular_phenotype,,False,False,,,,False
CC(=O)c1c(C)c2cnc(Nc3ccc(N4CCN(CC(=O)NCCOCCOCCOCCOCCOCCNc5ccc(C(=O)Nc6nc(Br)c(C)s6)c(C)c5)CC4)cn3)nc2n(C2CCCC2)c1=O,CC(=O)c1c(C)c2cnc(Nc3ccc(N4CCN(CC(=O)NCCOCCOCCOCCOCCOCCNc5ccc(C(=O)Nc6nc(Br)c(C)s6)c(C)c5)CC4)cn3)nc2n(C2CCCC2)c1=O,XGHIIDQCXGHAPT-UHFFFAOYSA-N,XGHIIDQCXGHAPT-UHFFFAOYSA-N,CC1=C(C=CC(=C1)NCCOCCOCCOCCOCCOCCNC(=O)CN2CCN(CC2)C3=CC=C(N=C3)NC4=NC5=C(C=N4)C(=C(C(=O)C)C(=O)N5C6CCCC6)C)C(=O)NC7=NC(=C(C)S7)Br,False,0.0,mgdb,MG-6672,MG-6672,,,,Cyclin D1,unknown,,False,,,3,cellular_phenotype,,False,False,,,,False
CC(=O)c1c(C)c2cnc(Nc3ccc(N4CCN(CC(=O)NCCOCCOCCC(=O)Nc5ccccc5C(=O)Nc5ncc(C)cn5)CC4)cn3)nc2n(C2CCCC2)c1=O,CC(=O)c1c(C)c2cnc(Nc3ccc(N4CCN(CC(=O)NCCOCCOCCC(=O)Nc5ccccc5C(=O)Nc5ncc(C)cn5)CC4)cn3)nc2n(C2CCCC2)c1=O,OXCNYWONVHMLED-UHFFFAOYSA-N,OXCNYWONVHMLED-UHFFFAOYSA-N,CC1=CN=C(N=C1)NC(=O)C2=C(C=CC=C2)NC(=O)CCOCCOCCNC(=O)CN3CCN(CC3)C4=CC=C(N=C4)NC5=NC6=C(C=N5)C(=C(C(=O)C)C(=O)N6C7CCCC7)C,False,0.0,mgdb,MG-6683,MG-6683,,,,Cyclin D1,unknown,,False,,,3,cellular_phenotype,,False,False,,,,False
CC(=O)c1c(C)c2cnc(Nc3ccc(N4CCN(CC(=O)NCCOCCOCCC(=O)Nc5ccccc5C(=O)Nc5cnc(C)cn5)CC4)cn3)nc2n(C2CCCC2)c1=O,CC(=O)c1c(C)c2cnc(Nc3ccc(N4CCN(CC(=O)NCCOCCOCCC(=O)Nc5ccccc5C(=O)Nc5cnc(C)cn5)CC4)cn3)nc2n(C2CCCC2)c1=O,NTUPQORPEFPHDR-UHFFFAOYSA-N,NTUPQORPEFPHDR-UHFFFAOYSA-N,CC1=CN=C(C=N1)NC(=O)C2=C(C=CC=C2)NC(=O)CCOCCOCCNC(=O)CN3CCN(CC3)C4=CC=C(N=C4)NC5=NC6=C(C=N5)C(=C(C(=O)C)C(=O)N6C7CCCC7)C,False,0.0,mgdb,MG-6682,MG-6682,,,,Cyclin D1,unknown,,False,,,3,cellular_phenotype,,False,False,,,,False
CC(=O)c1c(C)c2cnc(Nc3ccc(N4CCN(CC(=O)NCCOCCOCCOCCOCCNC(=O)COc5ccc(C(=O)Nc6ncc(C)s6)c(C)c5)CC4)cn3)nc2n(C2CCCC2)c1=O,CC(=O)c1c(C)c2cnc(Nc3ccc(N4CCN(CC(=O)NCCOCCOCCOCCOCCNC(=O)COc5ccc(C(=O)Nc6ncc(C)s6)c(C)c5)CC4)cn3)nc2n(C2CCCC2)c1=O,BXGADLBJFHVEBO-UHFFFAOYSA-N,BXGADLBJFHVEBO-UHFFFAOYSA-N,CC1=CC(=CC=C1C(=O)NC2=NC=C(C)S2)OCC(=O)NCCOCCOCCOCCOCCNC(=O)CN3CCN(CC3)C4=CC=C(N=C4)NC5=NC6=C(C=N5)C(=C(C(=O)C)C(=O)N6C7CCCC7)C,False,0.0,mgdb,MG-6669,MG-6669,,,,Cyclin D1,unknown,,False,,,3,cellular_phenotype,,False,False,,,,False
CC(=O)c1c(C)c2cnc(Nc3ccc(N4CCN(CC(=O)NCCOCCOCCOCCNC(=O)COc5ccc(C(=O)Nc6ncc(C)s6)c(C)c5)CC4)cn3)nc2n(C2CCCC2)c1=O,CC(=O)c1c(C)c2cnc(Nc3ccc(N4CCN(CC(=O)NCCOCCOCCOCCNC(=O)COc5ccc(C(=O)Nc6ncc(C)s6)c(C)c5)CC4)cn3)nc2n(C2CCCC2)c1=O,DWIIOVJOBACVKG-UHFFFAOYSA-N,DWIIOVJOBACVKG-UHFFFAOYSA-N,CC1=CC(=CC=C1C(=O)NC2=NC=C(C)S2)OCC(=O)NCCOCCOCCOCCNC(=O)CN3CCN(CC3)C4=CC=C(N=C4)NC5=NC6=C(C=N5)C(=C(C(=O)C)C(=O)N6C7CCCC7)C,False,0.0,mgdb,MG-6668,MG-6668,,,,Cyclin D1,unknown,,False,,,3,cellular_phenotype,,False,False,,,,False
CC(=O)c1c(C)c2cnc(Nc3ccc(N4CCN(CC(=O)NCCOCCOCCNC(=O)COc5ccc(C(=O)Nc6ncc(C)s6)c(C)c5)CC4)cn3)nc2n(C2CCCC2)c1=O,CC(=O)c1c(C)c2cnc(Nc3ccc(N4CCN(CC(=O)NCCOCCOCCNC(=O)COc5ccc(C(=O)Nc6ncc(C)s6)c(C)c5)CC4)cn3)nc2n(C2CCCC2)c1=O,PHHDJHOCOFTYHU-UHFFFAOYSA-N,PHHDJHOCOFTYHU-UHFFFAOYSA-N,CC1=CC(=CC=C1C(=O)NC2=NC=C(C)S2)OCC(=O)NCCOCCOCCNC(=O)CN3CCN(CC3)C4=CC=C(N=C4)NC5=NC6=C(C=N5)C(=C(C(=O)C)C(=O)N6C7CCCC7)C,False,0.0,mgdb,MG-6667,MG-6667,,,,Cyclin D1,unknown,,False,,,3,cellular_phenotype,,False,False,,,,False
CC(=O)c1c(C)c2cnc(N(C)c3ccc(N4CCN(CC(=O)NCCOCCOCCOCCOCCOCCNc5ccc(C(=O)Nc6nc(C)c(C)s6)c(C)c5)CC4)cn3)nc2n(C2CCCC2)c1=O,CC(=O)c1c(C)c2cnc(N(C)c3ccc(N4CCN(CC(=O)NCCOCCOCCOCCOCCOCCNc5ccc(C(=O)Nc6nc(C)c(C)s6)c(C)c5)CC4)cn3)nc2n(C2CCCC2)c1=O,IMZOPOYGZLBDQW-UHFFFAOYSA-N,IMZOPOYGZLBDQW-UHFFFAOYSA-N,CC1=C(C=CC(=C1)NCCOCCOCCOCCOCCOCCNC(=O)CN2CCN(CC2)C3=CC=C(N=C3)N(C)C4=NC5=C(C=N4)C(=C(C(=O)C)C(=O)N5C6CCCC6)C)C(=O)NC7=NC(=C(C)S7)C,False,0.0,mgdb,MG-6677,MG-6677,,,,Cyclin D1,unknown,,False,,,3,cellular_phenotype,,False,False,,,,False
CC(=O)c1c(C)c2cnc(Nc3ccc(N4CCN(CC(=O)NCCCCCCCNC(=O)c5ccc(C(=O)Nc6ncc(C)s6)c(C)c5)CC4)cn3)nc2n(C2CCCC2)c1=O,CC(=O)c1c(C)c2cnc(Nc3ccc(N4CCN(CC(=O)NCCCCCCCNC(=O)c5ccc(C(=O)Nc6ncc(C)s6)c(C)c5)CC4)cn3)nc2n(C2CCCC2)c1=O,RVNUSWFUVZXGEQ-UHFFFAOYSA-N,RVNUSWFUVZXGEQ-UHFFFAOYSA-N,CC1=CC(=CC=C1C(=O)NC2=NC=C(C)S2)C(=O)NCCCCCCCNC(=O)CN3CCN(CC3)C4=CC=C(N=C4)NC5=NC6=C(C=N5)C(=C(C(=O)C)C(=O)N6C7CCCC7)C,False,0.0,mgdb,MG-6676,MG-6676,,,,Cyclin D1,unknown,,False,,,3,cellular_phenotype,,False,False,,,,False
CCc1nc(NC(=O)c2ccc(NCCOCCOCCOCCOCCOCCNC(=O)CN3CCN(c4ccc(Nc5ncc6c(C)c(C(C)=O)c(=O)n(C7CCC(C)C7)c6n5)nc4)CC3)cc2C)sc1C,CCc1nc(NC(=O)c2ccc(NCCOCCOCCOCCOCCOCCNC(=O)CN3CCN(c4ccc(Nc5ncc6c(C)c(C(C)=O)c(=O)n(C7CCC(C)C7)c6n5)nc4)CC3)cc2C)sc1C,KSLOKXSKBNOGOU-UHFFFAOYSA-N,KSLOKXSKBNOGOU-UHFFFAOYSA-N,CCC1=C(C)SC(=N1)NC(=O)C2=C(C)C=C(C=C2)NCCOCCOCCOCCOCCOCCNC(=O)CN3CCN(CC3)C4=CC=C(N=C4)NC5=NC6=C(C=N5)C(=C(C(=O)C)C(=O)N6C7CCC(C)C7)C,False,2.0,mgdb,MG-6675,MG-6675,,,,Cyclin D1,unknown,,False,,,3,cellular_phenotype,,False,False,,,,False
CC(=O)c1c(C)c2cnc(Nc3ccc(N4CCN(CC(=O)NCCCCCNC(=O)COc5ccc(C(=O)Nc6ncc(C)s6)c(C)c5)CC4)cn3)nc2n(C2CCCC2)c1=O,CC(=O)c1c(C)c2cnc(Nc3ccc(N4CCN(CC(=O)NCCCCCNC(=O)COc5ccc(C(=O)Nc6ncc(C)s6)c(C)c5)CC4)cn3)nc2n(C2CCCC2)c1=O,AWZICWFZULOUGN-UHFFFAOYSA-N,AWZICWFZULOUGN-UHFFFAOYSA-N,CC1=CC(=CC=C1C(=O)NC2=NC=C(C)S2)OCC(=O)NCCCCCNC(=O)CN3CCN(CC3)C4=CC=C(N=C4)NC5=NC6=C(C=N5)C(=C(C(=O)C)C(=O)N6C7CCCC7)C,False,0.0,mgdb,MG-6664,MG-6664,,,,Cyclin D1,unknown,,False,,,3,cellular_phenotype,,False,False,,,,False
CC(=O)c1c(C)c2cnc(Nc3ccc(N4CCN(CC(=O)NCCCCCCCCCNC(=O)CNc5ccc(C(=O)Nc6ncc(C)s6)c(C)c5)CC4)cn3)nc2n(C2CCCC2)c1=O,CC(=O)c1c(C)c2cnc(Nc3ccc(N4CCN(CC(=O)NCCCCCCCCCNC(=O)CNc5ccc(C(=O)Nc6ncc(C)s6)c(C)c5)CC4)cn3)nc2n(C2CCCC2)c1=O,IPDFQQLHBVVJBP-UHFFFAOYSA-N,IPDFQQLHBVVJBP-UHFFFAOYSA-N,CC1=CC(=CC=C1C(=O)NC2=NC=C(C)S2)NCC(=O)NCCCCCCCCCNC(=O)CN3CCN(CC3)C4=CC=C(N=C4)NC5=NC6=C(C=N5)C(=C(C(=O)C)C(=O)N6C7CCCC7)C,False,0.0,mgdb,MG-6663,MG-6663,,,,Cyclin D1,unknown,,False,,,3,cellular_phenotype,,False,False,,,,False
CC(=O)c1c(C)c2cnc(Nc3ccc(N4CCN(CC(=O)NCCOCCOCCOCCOCCOCCNc5ccc(C(=O)Nc6nc(-c7ccccc7)c(C)s6)c(C)c5)CC4)cn3)nc2n(C2CCCC2)c1=O,CC(=O)c1c(C)c2cnc(Nc3ccc(N4CCN(CC(=O)NCCOCCOCCOCCOCCOCCNc5ccc(C(=O)Nc6nc(-c7ccccc7)c(C)s6)c(C)c5)CC4)cn3)nc2n(C2CCCC2)c1=O,YLKPFJWLEMIXBU-UHFFFAOYSA-N,YLKPFJWLEMIXBU-UHFFFAOYSA-N,CC1=C(C=CC(=C1)NCCOCCOCCOCCOCCOCCNC(=O)CN2CCN(CC2)C3=CC=C(N=C3)NC4=NC5=C(C=N4)C(=C(C(=O)C)C(=O)N5C6CCCC6)C)C(=O)NC7=NC(=C(C)S7)C8=CC=CC=C8,False,0.0,mgdb,MG-6662,MG-6662,,,,Cyclin D1,unknown,,False,,,3,cellular_phenotype,,False,False,,,,False
CC(=O)c1c(C)c2cnc(Nc3ccc(N4CCN(CC(=O)NCCOCCOCCOCCOCCOCCNc5ccc(C(=O)Nc6nc(C(C)C)c(C)s6)c(C)c5)CC4)cn3)nc2n(C2CCCC2)c1=O,CC(=O)c1c(C)c2cnc(Nc3ccc(N4CCN(CC(=O)NCCOCCOCCOCCOCCOCCNc5ccc(C(=O)Nc6nc(C(C)C)c(C)s6)c(C)c5)CC4)cn3)nc2n(C2CCCC2)c1=O,MJYRMXACGWDDBX-UHFFFAOYSA-N,MJYRMXACGWDDBX-UHFFFAOYSA-N,CC(C)C1=C(C)SC(=N1)NC(=O)C2=C(C)C=C(C=C2)NCCOCCOCCOCCOCCOCCNC(=O)CN3CCN(CC3)C4=CC=C(N=C4)NC5=NC6=C(C=N5)C(=C(C(=O)C)C(=O)N6C7CCCC7)C,False,0.0,mgdb,MG-6671,MG-6671,,,,Cyclin D1,unknown,,False,,,3,cellular_phenotype,,False,False,,,,False
CC(=O)c1c(C)c2cnc(N(C)c3ccc(N4CCN(CC(=O)NCCOCCOCCOCCOCCOCCNc5ccc(C(=O)Nc6ncc(C)s6)c(C)c5)CC4)cn3)nc2n(C2CCCC2)c1=O,CC(=O)c1c(C)c2cnc(N(C)c3ccc(N4CCN(CC(=O)NCCOCCOCCOCCOCCOCCNc5ccc(C(=O)Nc6ncc(C)s6)c(C)c5)CC4)cn3)nc2n(C2CCCC2)c1=O,DCDHUBCPDJIMQG-UHFFFAOYSA-N,DCDHUBCPDJIMQG-UHFFFAOYSA-N,CC1=C(C=CC(=C1)NCCOCCOCCOCCOCCOCCNC(=O)CN2CCN(CC2)C3=CC=C(N=C3)N(C)C4=NC5=C(C=N4)C(=C(C(=O)C)C(=O)N5C6CCCC6)C)C(=O)NC7=NC=C(C)S7,False,0.0,mgdb,MG-6670,MG-6670,,,,Cyclin D1,unknown,,False,,,3,cellular_phenotype,,False,False,,,,False
COc1cnc(NC(=O)c2ccc(NCCCOCCOCCOCCOCCCNC(=O)CN3CCN(c4ccc(Nc5ncc6c(C)c(C(C)=O)c(=O)n(C7CCCC7)c6n5)nc4)CC3)cc2C)s1,COc1cnc(NC(=O)c2ccc(NCCCOCCOCCOCCOCCCNC(=O)CN3CCN(c4ccc(Nc5ncc6c(C)c(C(C)=O)c(=O)n(C7CCCC7)c6n5)nc4)CC3)cc2C)s1,HNDZCUXEDWWDSE-UHFFFAOYSA-N,HNDZCUXEDWWDSE-UHFFFAOYSA-N,CC1=C(C=CC(=C1)NCCCOCCOCCOCCOCCCNC(=O)CN2CCN(CC2)C3=CC=C(N=C3)NC4=NC5=C(C=N4)C(=C(C(=O)C)C(=O)N5C6CCCC6)C)C(=O)NC7=NC=C(OC)S7,False,0.0,mgdb,MG-6658,MG-6658,,,,Cyclin D1,unknown,,False,,,3,cellular_phenotype,,False,False,,,,False
CC(=O)c1c(C)c2cnc(Nc3ccc(N4CCN(CC(=O)NCCOCCOCCOCCOCCOCCNc5ccc(C(=O)Nc6ncc(C7CC7)s6)c(C)c5)CC4)cn3)nc2n(C2CCCC2)c1=O,CC(=O)c1c(C)c2cnc(Nc3ccc(N4CCN(CC(=O)NCCOCCOCCOCCOCCOCCNc5ccc(C(=O)Nc6ncc(C7CC7)s6)c(C)c5)CC4)cn3)nc2n(C2CCCC2)c1=O,JNKGBPDYLBCPNB-UHFFFAOYSA-N,JNKGBPDYLBCPNB-UHFFFAOYSA-N,CC1=C(C=CC(=C1)NCCOCCOCCOCCOCCOCCNC(=O)CN2CCN(CC2)C3=CC=C(N=C3)NC4=NC5=C(C=N4)C(=C(C(=O)C)C(=O)N5C6CCCC6)C)C(=O)NC7=NC=C(C8CC8)S7,False,0.0,mgdb,MG-6657,MG-6657,,,,Cyclin D1,unknown,,False,,,3,cellular_phenotype,,False,False,,,,False
CC(=O)c1c(C)c2cnc(Nc3ccc(N4CCN(CC(=O)NCCOCCOCCOCCOCCOCCNc5ccc(C(=O)Nc6ncc(F)s6)c(C)c5)CC4)cn3)nc2n(C2CCCC2)c1=O,CC(=O)c1c(C)c2cnc(Nc3ccc(N4CCN(CC(=O)NCCOCCOCCOCCOCCOCCNc5ccc(C(=O)Nc6ncc(F)s6)c(C)c5)CC4)cn3)nc2n(C2CCCC2)c1=O,YXIONOKCFUBXOO-UHFFFAOYSA-N,YXIONOKCFUBXOO-UHFFFAOYSA-N,CC1=C(C=CC(=C1)NCCOCCOCCOCCOCCOCCNC(=O)CN2CCN(CC2)C3=CC=C(N=C3)NC4=NC5=C(C=N4)C(=C(C(=O)C)C(=O)N5C6CCCC6)C)C(=O)NC7=NC=C(F)S7,False,0.0,mgdb,MG-6656,MG-6656,,,,Cyclin D1,unknown,,False,,,3,cellular_phenotype,,False,False,,,,False
CC(=O)c1c(C)c2cnc(Nc3ccc(N4CCN(CC(=O)NCCCCCCCCCNC(=O)COc5ccc(C(=O)Nc6ncc(C)s6)c(C)c5)CC4)cn3)nc2n(C2CCCC2)c1=O,CC(=O)c1c(C)c2cnc(Nc3ccc(N4CCN(CC(=O)NCCCCCCCCCNC(=O)COc5ccc(C(=O)Nc6ncc(C)s6)c(C)c5)CC4)cn3)nc2n(C2CCCC2)c1=O,RUUUFHDFRNLCKX-UHFFFAOYSA-N,RUUUFHDFRNLCKX-UHFFFAOYSA-N,CC1=CC(=CC=C1C(=O)NC2=NC=C(C)S2)OCC(=O)NCCCCCCCCCNC(=O)CN3CCN(CC3)C4=CC=C(N=C4)NC5=NC6=C(C=N5)C(=C(C(=O)C)C(=O)N6C7CCCC7)C,False,0.0,mgdb,MG-6666,MG-6666,,,,Cyclin D1,unknown,,False,,,3,cellular_phenotype,,False,False,,,,False
CC(=O)c1c(C)c2cnc(Nc3ccc(N4CCN(CC(=O)NCCCCCCCNC(=O)COc5ccc(C(=O)Nc6ncc(C)s6)c(C)c5)CC4)cn3)nc2n(C2CCCC2)c1=O,CC(=O)c1c(C)c2cnc(Nc3ccc(N4CCN(CC(=O)NCCCCCCCNC(=O)COc5ccc(C(=O)Nc6ncc(C)s6)c(C)c5)CC4)cn3)nc2n(C2CCCC2)c1=O,NYJYCRRUCDKVRM-UHFFFAOYSA-N,NYJYCRRUCDKVRM-UHFFFAOYSA-N,CC1=CC(=CC=C1C(=O)NC2=NC=C(C)S2)OCC(=O)NCCCCCCCNC(=O)CN3CCN(CC3)C4=CC=C(N=C4)NC5=NC6=C(C=N5)C(=C(C(=O)C)C(=O)N6C7CCCC7)C,False,0.0,mgdb,MG-6665,MG-6665,,,,Cyclin D1,unknown,,False,,,3,cellular_phenotype,,False,False,,,,False
CC(=O)c1c(C)c2cnc(Nc3ncc(N4CCN(CC(=O)NCCOCCOCCOCCOCCOCCNC(=O)COc5ccc(C(=O)Nc6ncc(C)s6)c(C)c5)CC4)cn3)nc2n(C2CCCC2)c1=O,CC(=O)c1c(C)c2cnc(Nc3ncc(N4CCN(CC(=O)NCCOCCOCCOCCOCCOCCNC(=O)COc5ccc(C(=O)Nc6ncc(C)s6)c(C)c5)CC4)cn3)nc2n(C2CCCC2)c1=O,XKWNMYYCYCUEPC-UHFFFAOYSA-N,XKWNMYYCYCUEPC-UHFFFAOYSA-N,CC1=CC(=CC=C1C(=O)NC2=NC=C(C)S2)OCC(=O)NCCOCCOCCOCCOCCOCCNC(=O)CN3CCN(CC3)C4=CN=C(N=C4)NC5=NC6=C(C=N5)C(=C(C(=O)C)C(=O)N6C7CCCC7)C,False,0.0,mgdb,MG-6647,MG-6647,,,,Cyclin D1,unknown,,False,,,3,cellular_phenotype,,False,False,,,,False
CC(=O)c1c(C)c2cnc(Nc3ccc(N4CCN(CC(=O)NCCOCCOCCOCCNC(=O)CNc5ccc(C(=O)Nc6ncc(C)s6)c(C)c5)CC4)cn3)nc2n(C2CCCC2)c1=O,CC(=O)c1c(C)c2cnc(Nc3ccc(N4CCN(CC(=O)NCCOCCOCCOCCNC(=O)CNc5ccc(C(=O)Nc6ncc(C)s6)c(C)c5)CC4)cn3)nc2n(C2CCCC2)c1=O,KVSARFKSPNRFOC-UHFFFAOYSA-N,KVSARFKSPNRFOC-UHFFFAOYSA-N,CC1=CC(=CC=C1C(=O)NC2=NC=C(C)S2)NCC(=O)NCCOCCOCCOCCNC(=O)CN3CCN(CC3)C4=CC=C(N=C4)NC5=NC6=C(C=N5)C(=C(C(=O)C)C(=O)N6C7CCCC7)C,False,0.0,mgdb,MG-6646,MG-6646,,,,Cyclin D1,unknown,,False,,,3,cellular_phenotype,,False,False,,,,False
CC(=O)c1c(C)c2cnc(Nc3ccc(N4CCN(CC(=O)NCCOCCOCCNCC(=O)Nc5ccc(C(=O)Nc6ncc(C)s6)c(C)c5)CC4)cn3)nc2n(C2CCCC2)c1=O,CC(=O)c1c(C)c2cnc(Nc3ccc(N4CCN(CC(=O)NCCOCCOCCNCC(=O)Nc5ccc(C(=O)Nc6ncc(C)s6)c(C)c5)CC4)cn3)nc2n(C2CCCC2)c1=O,AKILEUXNRBRINP-UHFFFAOYSA-N,AKILEUXNRBRINP-UHFFFAOYSA-N,CC1=CC(=CC=C1C(=O)NC2=NC=C(C)S2)NC(=O)CNCCOCCOCCNC(=O)CN3CCN(CC3)C4=CC=C(N=C4)NC5=NC6=C(C=N5)C(=C(C(=O)C)C(=O)N6C7CCCC7)C,False,0.0,mgdb,MG-6645,MG-6645,,,,Cyclin D1,unknown,,False,,,3,cellular_phenotype,,False,False,,,,False
COC(=O)c1nc(NC(=O)c2ccc(NCCOCCOCCOCCOCCOCCNC(=O)CN3CCN(c4ccc(Nc5ncc6c(C)c(C(C)=O)c(=O)n(C7CCCC7)c6n5)nc4)CC3)cc2C)sc1C,COC(=O)c1nc(NC(=O)c2ccc(NCCOCCOCCOCCOCCOCCNC(=O)CN3CCN(c4ccc(Nc5ncc6c(C)c(C(C)=O)c(=O)n(C7CCCC7)c6n5)nc4)CC3)cc2C)sc1C,LBDNAEMQZHSLLZ-UHFFFAOYSA-N,LBDNAEMQZHSLLZ-UHFFFAOYSA-N,CC1=C(C=CC(=C1)NCCOCCOCCOCCOCCOCCNC(=O)CN2CCN(CC2)C3=CC=C(N=C3)NC4=NC5=C(C=N4)C(=C(C(=O)C)C(=O)N5C6CCCC6)C)C(=O)NC7=NC(=C(C)S7)C(=O)OC,False,0.0,mgdb,MG-6661,MG-6661,,,,Cyclin D1,unknown,,False,,,3,cellular_phenotype,,False,False,,,,False
COC(=O)c1cnc(NC(=O)c2ccc(NCCCOCCOCCOCCOCCOCCNC(=O)CN3CCN(c4ccc(Nc5ncc6c(C)c(C(C)=O)c(=O)n(C7CCCC7)c6n5)nc4)CC3)cc2C)s1,COC(=O)c1cnc(NC(=O)c2ccc(NCCCOCCOCCOCCOCCOCCNC(=O)CN3CCN(c4ccc(Nc5ncc6c(C)c(C(C)=O)c(=O)n(C7CCCC7)c6n5)nc4)CC3)cc2C)s1,HVZWNPMNBZKTCX-UHFFFAOYSA-N,HVZWNPMNBZKTCX-UHFFFAOYSA-N,CC1=C(C=CC(=C1)NCCCOCCOCCOCCOCCOCCNC(=O)CN2CCN(CC2)C3=CC=C(N=C3)NC4=NC5=C(C=N4)C(=C(C(=O)C)C(=O)N5C6CCCC6)C)C(=O)NC7=NC=C(C(=O)OC)S7,False,0.0,mgdb,MG-6660,MG-6660,,,,Cyclin D1,unknown,,False,,,3,cellular_phenotype,,False,False,,,,False
CC(=O)c1c(C)c2cnc(Nc3ccc(N4CCN(CC(=O)NCCOCCOCCOCCOCCOCCNc5ccc(C(=O)Nc6nc(C)c(C)s6)c(C)c5)CC4)cn3)nc2n(C2CCCC2)c1=O,CC(=O)c1c(C)c2cnc(Nc3ccc(N4CCN(CC(=O)NCCOCCOCCOCCOCCOCCNc5ccc(C(=O)Nc6nc(C)c(C)s6)c(C)c5)CC4)cn3)nc2n(C2CCCC2)c1=O,SNKGUMMAVHGNBH-UHFFFAOYSA-N,SNKGUMMAVHGNBH-UHFFFAOYSA-N,CC1=C(C=CC(=C1)NCCOCCOCCOCCOCCOCCNC(=O)CN2CCN(CC2)C3=CC=C(N=C3)NC4=NC5=C(C=N4)C(=C(C(=O)C)C(=O)N5C6CCCC6)C)C(=O)NC7=NC(=C(C)S7)C,False,0.0,mgdb,MG-6659,MG-6659,,,,Cyclin D1,unknown,,False,,,3,cellular_phenotype,,False,False,,,,False
CC(=O)c1c(C)c2cnc(Nc3ccc(N4CCN(CC(=O)NCCOCCOCCOCCOCCOCCNC(=O)CNc5ccc(C(=O)Nc6ncc(C)s6)c(C)c5)CC4)cn3)nc2n(C2CCCC2)c1=O,CC(=O)c1c(C)c2cnc(Nc3ccc(N4CCN(CC(=O)NCCOCCOCCOCCOCCOCCNC(=O)CNc5ccc(C(=O)Nc6ncc(C)s6)c(C)c5)CC4)cn3)nc2n(C2CCCC2)c1=O,IQPOGMAKMCKZSK-UHFFFAOYSA-N,IQPOGMAKMCKZSK-UHFFFAOYSA-N,CC1=CC(=CC=C1C(=O)NC2=NC=C(C)S2)NCC(=O)NCCOCCOCCOCCOCCOCCNC(=O)CN3CCN(CC3)C4=CC=C(N=C4)NC5=NC6=C(C=N5)C(=C(C(=O)C)C(=O)N6C7CCCC7)C,False,0.0,mgdb,MG-6642,MG-6642,,,,Cyclin D1,unknown,,False,,,3,cellular_phenotype,,False,False,,,,False
CC(=O)c1c(C)c2cnc(Nc3ccc(N4CCN(CC(=O)NCCOCCOCCOCCOCCNC(=O)CNc5ccc(C(=O)Nc6ncc(C)s6)c(C)c5)CC4)cn3)nc2n(C2CCCC2)c1=O,CC(=O)c1c(C)c2cnc(Nc3ccc(N4CCN(CC(=O)NCCOCCOCCOCCOCCNC(=O)CNc5ccc(C(=O)Nc6ncc(C)s6)c(C)c5)CC4)cn3)nc2n(C2CCCC2)c1=O,ZVLPVVJFNLTAJS-UHFFFAOYSA-N,ZVLPVVJFNLTAJS-UHFFFAOYSA-N,CC1=CC(=CC=C1C(=O)NC2=NC=C(C)S2)NCC(=O)NCCOCCOCCOCCOCCNC(=O)CN3CCN(CC3)C4=CC=C(N=C4)NC5=NC6=C(C=N5)C(=C(C(=O)C)C(=O)N6C7CCCC7)C,False,0.0,mgdb,MG-6641,MG-6641,,,,Cyclin D1,unknown,,False,,,3,cellular_phenotype,,False,False,,,,False
CC(=O)c1c(C)c2cnc(Nc3ccc(N4CCN(CC(=O)NCCOCCOCCOCCOCCNC(=O)c5ccc(C(=O)Nc6ncc(C)s6)c(C)c5)CC4)cn3)nc2n(C2CCCC2)c1=O,CC(=O)c1c(C)c2cnc(Nc3ccc(N4CCN(CC(=O)NCCOCCOCCOCCOCCNC(=O)c5ccc(C(=O)Nc6ncc(C)s6)c(C)c5)CC4)cn3)nc2n(C2CCCC2)c1=O,XNRNWIKERQHICU-UHFFFAOYSA-N,XNRNWIKERQHICU-UHFFFAOYSA-N,CC1=CC(=CC=C1C(=O)NC2=NC=C(C)S2)C(=O)NCCOCCOCCOCCOCCNC(=O)CN3CCN(CC3)C4=CC=C(N=C4)NC5=NC6=C(C=N5)C(=C(C(=O)C)C(=O)N6C7CCCC7)C,False,0.0,mgdb,MG-6640,MG-6640,,,,Cyclin D1,unknown,,False,,,3,cellular_phenotype,,False,False,,,,False
CC(=O)c1c(C)c2cnc(Nc3ccc(N4CCN(CC(=O)NCCOCCOCCOCCOCCOCCNc5ccc(C(=O)Nc6ccc(C)cn6)c(C)c5)CC4)cn3)nc2n(C2CCCC2)c1=O,CC(=O)c1c(C)c2cnc(Nc3ccc(N4CCN(CC(=O)NCCOCCOCCOCCOCCOCCNc5ccc(C(=O)Nc6ccc(C)cn6)c(C)c5)CC4)cn3)nc2n(C2CCCC2)c1=O,XAOJZXXTXMWEAA-UHFFFAOYSA-N,XAOJZXXTXMWEAA-UHFFFAOYSA-N,CC1=CC=C(N=C1)NC(=O)C2=C(C)C=C(C=C2)NCCOCCOCCOCCOCCOCCNC(=O)CN3CCN(CC3)C4=CC=C(N=C4)NC5=NC6=C(C=N5)C(=C(C(=O)C)C(=O)N6C7CCCC7)C,False,0.0,mgdb,MG-6654,MG-6654,,,,Cyclin D1,unknown,,False,,,3,cellular_phenotype,,False,False,,,,False
CC(=O)c1c(C)c2cnc(Nc3ccc(N4CCN(CC(=O)NCCOCCOCCOCCOCCOCCNc5ccc(C(=O)Nc6ccc(C)cc6)c(C)c5)CC4)cn3)nc2n(C2CCCC2)c1=O,CC(=O)c1c(C)c2cnc(Nc3ccc(N4CCN(CC(=O)NCCOCCOCCOCCOCCOCCNc5ccc(C(=O)Nc6ccc(C)cc6)c(C)c5)CC4)cn3)nc2n(C2CCCC2)c1=O,LOGKPUAQJUFUSI-UHFFFAOYSA-N,LOGKPUAQJUFUSI-UHFFFAOYSA-N,CC1=CC=C(C=C1)NC(=O)C2=C(C)C=C(C=C2)NCCOCCOCCOCCOCCOCCNC(=O)CN3CCN(CC3)C4=CC=C(N=C4)NC5=NC6=C(C=N5)C(=C(C(=O)C)C(=O)N6C7CCCC7)C,False,0.0,mgdb,MG-6653,MG-6653,,,,Cyclin D1,unknown,,False,,,3,cellular_phenotype,,False,False,,,,False
CC(=O)c1c(C)c2cnc(Nc3ccc(N4CCN(CC(=O)NCCOCCOCCOCCOCCOCCNC(=O)c5ccc(C(=O)Nc6ncc(C)s6)c(C)c5)CC4)cn3)nc2n(C2CCCC2)c1=O,CC(=O)c1c(C)c2cnc(Nc3ccc(N4CCN(CC(=O)NCCOCCOCCOCCOCCOCCNC(=O)c5ccc(C(=O)Nc6ncc(C)s6)c(C)c5)CC4)cn3)nc2n(C2CCCC2)c1=O,CEDRWRTUYYLFAH-UHFFFAOYSA-N,CEDRWRTUYYLFAH-UHFFFAOYSA-N,CC1=C(C=CC(=C1)C(=O)NCCOCCOCCOCCOCCOCCNC(=O)CN2CCN(CC2)C3=CC=C(N=C3)NC4=NC5=C(C=N4)C(=C(C(=O)C)C(=O)N5C6CCCC6)C)C(=O)NC7=NC=C(C)S7,False,0.0,mgdb,MG-6636,MG-6636,,,,Cyclin D1,unknown,,False,,,3,cellular_phenotype,,False,False,,,,False
CC(=O)c1c(C)c2cnc(Nc3ccc(N4CCN(CC(=O)NCCOCCOCCOCCOCCOCCNc5ccc(C(=O)Nc6nc(-c7ccccc7)cs6)c(C)c5)CC4)cn3)nc2n(C2CCCC2)c1=O,CC(=O)c1c(C)c2cnc(Nc3ccc(N4CCN(CC(=O)NCCOCCOCCOCCOCCOCCNc5ccc(C(=O)Nc6nc(-c7ccccc7)cs6)c(C)c5)CC4)cn3)nc2n(C2CCCC2)c1=O,XCZAECRQULOUNE-UHFFFAOYSA-N,XCZAECRQULOUNE-UHFFFAOYSA-N,CC1=C(C=CC(=C1)NCCOCCOCCOCCOCCOCCNC(=O)CN2CCN(CC2)C3=CC=C(N=C3)NC4=NC5=C(C=N4)C(=C(C(=O)C)C(=O)N5C6CCCC6)C)C(=O)NC7=NC(=CS7)C8=CC=CC=C8,False,0.0,mgdb,MG-6635,MG-6635,,,,Cyclin D1,unknown,,False,,,3,cellular_phenotype,,False,False,,,,False
CC(=O)c1c(C)c2cnc(Nc3ccc(N4CCN(CC(=O)NCCOCCOCCOCCOCCOCCNc5ccc(C(=O)Nc6ncc(C(C)C)s6)c(C)c5)CC4)cn3)nc2n(C2CCCC2)c1=O,CC(=O)c1c(C)c2cnc(Nc3ccc(N4CCN(CC(=O)NCCOCCOCCOCCOCCOCCNc5ccc(C(=O)Nc6ncc(C(C)C)s6)c(C)c5)CC4)cn3)nc2n(C2CCCC2)c1=O,CNAZAPAVCQERRY-UHFFFAOYSA-N,CNAZAPAVCQERRY-UHFFFAOYSA-N,CC(C)C1=CN=C(NC(=O)C2=C(C)C=C(C=C2)NCCOCCOCCOCCOCCOCCNC(=O)CN3CCN(CC3)C4=CC=C(N=C4)NC5=NC6=C(C=N5)C(=C(C(=O)C)C(=O)N6C7CCCC7)C)S1,False,0.0,mgdb,MG-6634,MG-6634,,,,Cyclin D1,unknown,,False,,,3,cellular_phenotype,,False,False,,,,False
CC(=O)c1c(C)c2cnc(Nc3ccc(N4CCN(CC(=O)NCCCCCCCNC(=O)CNc5ccc(C(=O)Nc6ncc(C)s6)c(C)c5)CC4)cn3)nc2n(C2CCCC2)c1=O,CC(=O)c1c(C)c2cnc(Nc3ccc(N4CCN(CC(=O)NCCCCCCCNC(=O)CNc5ccc(C(=O)Nc6ncc(C)s6)c(C)c5)CC4)cn3)nc2n(C2CCCC2)c1=O,CHMYCCLUBIHTAP-UHFFFAOYSA-N,CHMYCCLUBIHTAP-UHFFFAOYSA-N,CC1=CC(=CC=C1C(=O)NC2=NC=C(C)S2)NCC(=O)NCCCCCCCNC(=O)CN3CCN(CC3)C4=CC=C(N=C4)NC5=NC6=C(C=N5)C(=C(C(=O)C)C(=O)N6C7CCCC7)C,False,0.0,mgdb,MG-6644,MG-6644,,,,Cyclin D1,unknown,,False,,,3,cellular_phenotype,,False,False,,,,False
CC(=O)c1c(C)c2cnc(Nc3ccc(N4CCN(CC(=O)NC(CCCCNc5cc(Cl)ccc5C(=O)Nc5ccc(C)c(C6CC6)n5)S(C)(=O)=O)CC4)cn3)nc2n(C2CCCC2)c1=O,CC(=O)c1c(C)c2cnc(Nc3ccc(N4CCN(CC(=O)NC(CCCCNc5cc(Cl)ccc5C(=O)Nc5ccc(C)c(C6CC6)n5)S(C)(=O)=O)CC4)cn3)nc2n(C2CCCC2)c1=O,MDKAZIVHADGDCC-UHFFFAOYSA-N,MDKAZIVHADGDCC-UHFFFAOYSA-N,CC1=CC=C(N=C1C2CC2)NC(=O)C3=CC=C(C=C3NCCCCC(NC(=O)CN4CCN(CC4)C5=CC=C(N=C5)NC6=NC7=C(C=N6)C(=C(C(=O)C)C(=O)N7C8CCCC8)C)S(=O)(=O)C)Cl,False,1.0,mgdb,MG-6991,MG-6991,,,P11802,CDK4,unknown,,False,,,3,cellular_phenotype,nan,False,False,split_from_multi_target_string,,,False
CC(=O)c1c(C)c2cnc(Nc3ccc(N4CCN(CC(=O)NCCCCCNc5cc(Cl)ccc5C(=O)Nc5ccc(C)c(C6CC6)n5)CC4)cn3)nc2n(C2CCCC2)c1=O,CC(=O)c1c(C)c2cnc(Nc3ccc(N4CCN(CC(=O)NCCCCCNc5cc(Cl)ccc5C(=O)Nc5ccc(C)c(C6CC6)n5)CC4)cn3)nc2n(C2CCCC2)c1=O,VYSIGVLMQJGNBK-UHFFFAOYSA-N,VYSIGVLMQJGNBK-UHFFFAOYSA-N,CC1=CC=C(N=C1C2CC2)NC(=O)C3=CC=C(C=C3NCCCCCNC(=O)CN4CCN(CC4)C5=CC=C(N=C5)NC6=NC7=C(C=N6)C(=C(C(=O)C)C(=O)N7C8CCCC8)C)Cl,False,0.0,mgdb,MG-6990,MG-6990,,,P11802,CDK4,unknown,,False,,,3,cellular_phenotype,nan,False,False,split_from_multi_target_string,,,False
CNc1ccc(C(=O)Nc2ccc(N(C)C)nn2)c(NCCCCCNC(=O)CN2CCN(c3ccc(Nc4ncc5c(C)c(C(C)=O)c(=O)n(C6CCCC6)c5n4)nc3)CC2)c1,CNc1ccc(C(=O)Nc2ccc(N(C)C)nn2)c(NCCCCCNC(=O)CN2CCN(c3ccc(Nc4ncc5c(C)c(C(C)=O)c(=O)n(C6CCCC6)c5n4)nc3)CC2)c1,UHUJNFVASYUGEA-UHFFFAOYSA-N,UHUJNFVASYUGEA-UHFFFAOYSA-N,CC1=C(C(=O)C)C(=O)N(C2CCCC2)C3=C1C=NC(=N3)NC4=CC=C(C=N4)N5CCN(CC5)CC(=O)NCCCCCNC6=CC(=CC=C6C(=O)NC7=NN=C(C=C7)N(C)C)NC,False,0.0,mgdb,MG-6989,MG-6989,,,P11802,CDK4,unknown,,False,,,3,cellular_phenotype,nan,False,False,split_from_multi_target_string,,,False
CC(=O)c1c(C)c2cnc(Nc3ccc(N4CCN(CC(=O)NCCOCCOCCOCCNC(=O)c5ccc(C(=O)Nc6ncc(C)s6)c(C)c5)CC4)cn3)nc2n(C2CCCC2)c1=O,CC(=O)c1c(C)c2cnc(Nc3ccc(N4CCN(CC(=O)NCCOCCOCCOCCNC(=O)c5ccc(C(=O)Nc6ncc(C)s6)c(C)c5)CC4)cn3)nc2n(C2CCCC2)c1=O,QOGWNJJVOSZAFL-UHFFFAOYSA-N,QOGWNJJVOSZAFL-UHFFFAOYSA-N,CC1=CC(=CC=C1C(=O)NC2=NC=C(C)S2)C(=O)NCCOCCOCCOCCNC(=O)CN3CCN(CC3)C4=CC=C(N=C4)NC5=NC6=C(C=N5)C(=C(C(=O)C)C(=O)N6C7CCCC7)C,False,0.0,mgdb,MG-6639,MG-6639,,,,Cyclin D1,unknown,,False,,,3,cellular_phenotype,,False,False,,,,False
CC(=O)c1c(C)c2cnc(Nc3ccc(N4CCN(CC(=O)NCCOCCOCCNC(=O)c5ccc(C(=O)Nc6ncc(C)s6)c(C)c5)CC4)cn3)nc2n(C2CCCC2)c1=O,CC(=O)c1c(C)c2cnc(Nc3ccc(N4CCN(CC(=O)NCCOCCOCCNC(=O)c5ccc(C(=O)Nc6ncc(C)s6)c(C)c5)CC4)cn3)nc2n(C2CCCC2)c1=O,XNHVPZBMAGJYKT-UHFFFAOYSA-N,XNHVPZBMAGJYKT-UHFFFAOYSA-N,CC1=CC(=CC=C1C(=O)NC2=NC=C(C)S2)C(=O)NCCOCCOCCNC(=O)CN3CCN(CC3)C4=CC=C(N=C4)NC5=NC6=C(C=N5)C(=C(C(=O)C)C(=O)N6C7CCCC7)C,False,0.0,mgdb,MG-6638,MG-6638,,,,Cyclin D1,unknown,,False,,,3,cellular_phenotype,,False,False,,,,False
CC(=O)c1c(C)c2cnc(Nc3ccc(N4CCN(CC(=O)NCCCCCNC(=O)c5ccc(C(=O)Nc6ncc(C)s6)c(C)c5)CC4)cn3)nc2n(C2CCCC2)c1=O,CC(=O)c1c(C)c2cnc(Nc3ccc(N4CCN(CC(=O)NCCCCCNC(=O)c5ccc(C(=O)Nc6ncc(C)s6)c(C)c5)CC4)cn3)nc2n(C2CCCC2)c1=O,YCKQFGBEMIPWHZ-UHFFFAOYSA-N,YCKQFGBEMIPWHZ-UHFFFAOYSA-N,CC1=CC(=CC=C1C(=O)NC2=NC=C(C)S2)C(=O)NCCCCCNC(=O)CN3CCN(CC3)C4=CC=C(N=C4)NC5=NC6=C(C=N5)C(=C(C(=O)C)C(=O)N6C7CCCC7)C,False,0.0,mgdb,MG-6637,MG-6637,,,,Cyclin D1,unknown,,False,,,3,cellular_phenotype,,False,False,,,,False
CC(=O)c1c(C)c2cnc(Nc3ccc(N4CCN(CC(=O)NCCCCCNc5cc(Cl)ccc5C(=O)Nc5ccc(N(C)C)nn5)CC4)cn3)nc2n(C2CCCC2)c1=O,CC(=O)c1c(C)c2cnc(Nc3ccc(N4CCN(CC(=O)NCCCCCNc5cc(Cl)ccc5C(=O)Nc5ccc(N(C)C)nn5)CC4)cn3)nc2n(C2CCCC2)c1=O,CGWXHJLIXXZRCG-UHFFFAOYSA-N,CGWXHJLIXXZRCG-UHFFFAOYSA-N,CC1=C(C(=O)C)C(=O)N(C2CCCC2)C3=C1C=NC(=N3)NC4=CC=C(C=N4)N5CCN(CC5)CC(=O)NCCCCCNC6=CC(=CC=C6C(=O)NC7=NN=C(C=C7)N(C)C)Cl,False,0.0,mgdb,MG-6986,MG-6986,,,P11802,CDK4,unknown,,False,,,3,cellular_phenotype,nan,False,False,split_from_multi_target_string,,,False
CC(=O)c1c(C)c2cnc(Nc3ccc(N4CCN(CC(=O)NCCCCCNc5cc(C)ccc5C(=O)Nc5ccc(N(C)C)nn5)CC4)cn3)nc2n(C2CCCC2)c1=O,CC(=O)c1c(C)c2cnc(Nc3ccc(N4CCN(CC(=O)NCCCCCNc5cc(C)ccc5C(=O)Nc5ccc(N(C)C)nn5)CC4)cn3)nc2n(C2CCCC2)c1=O,DVRGKNOATLKFAB-UHFFFAOYSA-N,DVRGKNOATLKFAB-UHFFFAOYSA-N,CC1=CC=C(C(=C1)NCCCCCNC(=O)CN2CCN(CC2)C3=CC=C(N=C3)NC4=NC5=C(C=N4)C(=C(C(=O)C)C(=O)N5C6CCCC6)C)C(=O)NC7=NN=C(C=C7)N(C)C,False,0.0,mgdb,MG-6985,MG-6985,,,P11802,CDK4,unknown,,False,,,3,cellular_phenotype,nan,False,False,split_from_multi_target_string,,,False
CC(=O)c1c(C)c2cnc(Nc3ccc(N4CCN(CC(=O)NCCCCCNc5cc(F)ccc5C(=O)Nc5ccc(N(C)C)nn5)CC4)cn3)nc2n(C2CCCC2)c1=O,CC(=O)c1c(C)c2cnc(Nc3ccc(N4CCN(CC(=O)NCCCCCNc5cc(F)ccc5C(=O)Nc5ccc(N(C)C)nn5)CC4)cn3)nc2n(C2CCCC2)c1=O,BHRPMNDFLYAMCM-UHFFFAOYSA-N,BHRPMNDFLYAMCM-UHFFFAOYSA-N,CC1=C(C(=O)C)C(=O)N(C2CCCC2)C3=C1C=NC(=N3)NC4=CC=C(C=N4)N5CCN(CC5)CC(=O)NCCCCCNC6=CC(=CC=C6C(=O)NC7=NN=C(C=C7)N(C)C)F,False,0.0,mgdb,MG-6984,MG-6984,,,P11802,CDK4,unknown,,False,,,3,cellular_phenotype,nan,False,False,split_from_multi_target_string,,,False
CC(=O)c1c(C)c2cnc(Nc3ccc(N4CCN(CC(=O)NCCOCCOCCOCCOCCOCCNc5ccc(C(=O)Nc6ncc(Cl)s6)c(C)c5)CC4)cn3)nc2n(C2CCCC2)c1=O,CC(=O)c1c(C)c2cnc(Nc3ccc(N4CCN(CC(=O)NCCOCCOCCOCCOCCOCCNc5ccc(C(=O)Nc6ncc(Cl)s6)c(C)c5)CC4)cn3)nc2n(C2CCCC2)c1=O,JSWBXZYYWIVMGS-UHFFFAOYSA-N,JSWBXZYYWIVMGS-UHFFFAOYSA-N,CC1=C(C=CC(=C1)NCCOCCOCCOCCOCCOCCNC(=O)CN2CCN(CC2)C3=CC=C(N=C3)NC4=NC5=C(C=N4)C(=C(C(=O)C)C(=O)N5C6CCCC6)C)C(=O)NC7=NC=C(Cl)S7,False,0.0,mgdb,MG-6633,MG-6633,,,,Cyclin D1,unknown,,False,,,3,cellular_phenotype,,False,False,,,,False
[B]c1cnc(NC(=O)c2ccc(NCCOCCOCCOCCOCCOCCNC(=O)CN3CCN(c4ccc(Nc5ncc6c(C)c(C(C)=O)c(=O)n(C7CCCC7)c6n5)nc4)CC3)cc2C)s1,[B]c1cnc(NC(=O)c2ccc(NCCOCCOCCOCCOCCOCCNC(=O)CN3CCN(c4ccc(Nc5ncc6c(C)c(C(C)=O)c(=O)n(C7CCCC7)c6n5)nc4)CC3)cc2C)s1,AYZBOFHTISLWLL-UHFFFAOYSA-N,AYZBOFHTISLWLL-UHFFFAOYSA-N,CC1=CC(=CC=C1C(=O)NC2=NC=C([B])S2)NCCOCCOCCOCCOCCOCCNC(=O)CN3CCN(CC3)C4=CC=C(N=C4)NC5=NC6=C(C=N5)C(=C(C(=O)C)C(=O)N6C7CCCC7)C,False,0.0,mgdb,MG-6632,MG-6632,,,,Cyclin D1,unknown,,False,,,3,cellular_phenotype,,False,False,,,,False
CC(=O)c1c(C)c2cnc(Nc3ccc(N4CCN(CC(=O)NCCCCCCCNc5cc(C)ccc5C(=O)Nc5nc(C)c(C)s5)CC4)cn3)nc2n(C2CCCC2)c1=O,CC(=O)c1c(C)c2cnc(Nc3ccc(N4CCN(CC(=O)NCCCCCCCNc5cc(C)ccc5C(=O)Nc5nc(C)c(C)s5)CC4)cn3)nc2n(C2CCCC2)c1=O,NWQIVTDASUAHGN-UHFFFAOYSA-N,NWQIVTDASUAHGN-UHFFFAOYSA-N,CC1=CC=C(C(=C1)NCCCCCCCNC(=O)CN2CCN(CC2)C3=CC=C(N=C3)NC4=NC5=C(C=N4)C(=C(C(=O)C)C(=O)N5C6CCCC6)C)C(=O)NC7=NC(=C(C)S7)C,False,0.0,mgdb,MG-6980,MG-6980,,,P11802,CDK4,unknown,,False,,,3,cellular_phenotype,nan,False,False,split_from_multi_target_string,,,False
COc1ccc(NC(=O)c2ncccc2NC(=O)COCCOC2CCC(NC(=O)CN3CCN(c4ccc(Nc5ncc6c(C)c(C(C)=O)c(=O)n(C7CCCC7)c6n5)nc4)CC3)CC2)nn1,COc1ccc(NC(=O)c2ncccc2NC(=O)COCCOC2CCC(NC(=O)CN3CCN(c4ccc(Nc5ncc6c(C)c(C(C)=O)c(=O)n(C7CCCC7)c6n5)nc4)CC3)CC2)nn1,HNAVJOSFXNSTGP-UHFFFAOYSA-N,HNAVJOSFXNSTGP-UHFFFAOYSA-N,CC1=C(C(=O)C)C(=O)N(C2CCCC2)C3=C1C=NC(=N3)NC4=CC=C(C=N4)N5CCN(CC5)CC(=O)NC6CCC(CC6)OCCOCC(=O)NC7=CC=CN=C7C(=O)NC8=CC=C(N=N8)OC,False,0.0,mgdb,MG-6978,MG-6978,,,P11802,CDK4,unknown,,False,,,3,cellular_phenotype,nan,False,False,split_from_multi_target_string,,,False
COc1ccc(NC(=O)c2ccc(N(C)C)cc2NC(=O)CCOCCOCCNC(=O)CN2CCN(c3ccc(Nc4ncc5c(C)c(C(C)=O)c(=O)n(C6CCCC6)c5n4)nc3)CC2)nn1,COc1ccc(NC(=O)c2ccc(N(C)C)cc2NC(=O)CCOCCOCCNC(=O)CN2CCN(c3ccc(Nc4ncc5c(C)c(C(C)=O)c(=O)n(C6CCCC6)c5n4)nc3)CC2)nn1,UDPGDVFWHXMHBE-UHFFFAOYSA-N,UDPGDVFWHXMHBE-UHFFFAOYSA-N,CC1=C(C(=O)C)C(=O)N(C2CCCC2)C3=C1C=NC(=N3)NC4=CC=C(C=N4)N5CCN(CC5)CC(=O)NCCOCCOCCC(=O)NC6=CC(=CC=C6C(=O)NC7=CC=C(N=N7)OC)N(C)C,False,0.0,mgdb,MG-6977,MG-6977,,,P11802,CDK4,unknown,,False,,,3,cellular_phenotype,nan,False,False,split_from_multi_target_string,,,False
CC(=O)c1c(C)c2cnc(Nc3ccc(N4CCN(CC(=O)NCCCCCNc5cc(C#N)ccc5C(=O)Nc5ccc(N(C)C)nn5)CC4)cn3)nc2n(C2CCCC2)c1=O,CC(=O)c1c(C)c2cnc(Nc3ccc(N4CCN(CC(=O)NCCCCCNc5cc(C#N)ccc5C(=O)Nc5ccc(N(C)C)nn5)CC4)cn3)nc2n(C2CCCC2)c1=O,HOTQYYZZIXRJIQ-UHFFFAOYSA-N,HOTQYYZZIXRJIQ-UHFFFAOYSA-N,CC1=C(C(=O)C)C(=O)N(C2CCCC2)C3=C1C=NC(=N3)NC4=CC=C(C=N4)N5CCN(CC5)CC(=O)NCCCCCNC6=CC(=CC=C6C(=O)NC7=NN=C(C=C7)N(C)C)C#N,False,0.0,mgdb,MG-6988,MG-6988,,,P11802,CDK4,unknown,,False,,,3,cellular_phenotype,nan,False,False,split_from_multi_target_string,,,False
CC(=O)c1c(C)c2cnc(Nc3ccc(N4CCN(CC(=O)NCCCCNc5cc(C)ccc5C(=O)Nc5ccc(N(C)C)nn5)CC4)cn3)nc2n(C2CCCC2)c1=O,CC(=O)c1c(C)c2cnc(Nc3ccc(N4CCN(CC(=O)NCCCCNc5cc(C)ccc5C(=O)Nc5ccc(N(C)C)nn5)CC4)cn3)nc2n(C2CCCC2)c1=O,NYLMFYJJKDITHG-UHFFFAOYSA-N,NYLMFYJJKDITHG-UHFFFAOYSA-N,CC1=CC(=C(C=C1)C(=O)NC2=CC=C(N=N2)N(C)C)NCCCCNC(=O)CN3CCN(CC3)C4=CC=C(N=C4)NC5=NC6=C(C=N5)C(=C(C(=O)C)C(=O)N6C7CCCC7)C,False,0.0,mgdb,MG-6987,MG-6987,,,P11802,CDK4,unknown,,False,,,3,cellular_phenotype,nan,False,False,split_from_multi_target_string,,,False
CC(=O)c1c(C)c2cnc(Nc3ccc(N4CCN(CC(=O)NCCOCCOCCC(=O)Nc5c(C(=O)Nc6ccc(C)cn6)ccc6ncccc56)CC4)cn3)nc2n(C2CCCC2)c1=O,CC(=O)c1c(C)c2cnc(Nc3ccc(N4CCN(CC(=O)NCCOCCOCCC(=O)Nc5c(C(=O)Nc6ccc(C)cn6)ccc6ncccc56)CC4)cn3)nc2n(C2CCCC2)c1=O,SZRTWZIGQGNATH-UHFFFAOYSA-N,SZRTWZIGQGNATH-UHFFFAOYSA-N,CC1=CN=C(C=C1)NC(=O)C2=C(C3=CC=CN=C3C=C2)NC(=O)CCOCCOCCNC(=O)CN4CCN(CC4)C5=CN=C(C=C5)NC6=NC=C7C(=C(C(=O)C)C(=O)N(C8CCCC8)C7=N6)C,False,0.0,mgdb,MG-6974,MG-6974,,,P11802,CDK4,unknown,,False,,,3,cellular_phenotype,nan,False,False,split_from_multi_target_string,,,False
CC(=O)c1c(C)c2cnc(Nc3ccc(N4CCN(CC(=O)NCCOCCOCCC(=O)Nc5c(C(=O)Nc6ccc(C)cn6)ccc6[nH]ccc56)CC4)cc3)nc2n(C2CCCC2)c1=O,CC(=O)c1c(C)c2cnc(Nc3ccc(N4CCN(CC(=O)NCCOCCOCCC(=O)Nc5c(C(=O)Nc6ccc(C)cn6)ccc6[nH]ccc56)CC4)cc3)nc2n(C2CCCC2)c1=O,OHNFHTWNCFGLRU-UHFFFAOYSA-N,OHNFHTWNCFGLRU-UHFFFAOYSA-N,CC1=CN=C(C=C1)NC(=O)C2=C(C3=C(C=C2)NC=C3)NC(=O)CCOCCOCCNC(=O)CN4CCN(CC4)C5=CC=C(C=C5)NC6=NC=C7C(=C(C(=O)C)C(=O)N(C8CCCC8)C7=N6)C,False,0.0,mgdb,MG-6973,MG-6973,,,P11802,CDK4,unknown,,False,,,3,cellular_phenotype,nan,False,False,split_from_multi_target_string,,,False
CC(=O)c1c(C)c2cnc(Nc3ccc(N4CCN(CC(=O)NCCOCCOCCC(=O)Nc5cc6c(cc5C(=O)Nc5ccc(C)cn5)CCN6)CC4)cn3)nc2n(C2CCCC2)c1=O,CC(=O)c1c(C)c2cnc(Nc3ccc(N4CCN(CC(=O)NCCOCCOCCC(=O)Nc5cc6c(cc5C(=O)Nc5ccc(C)cn5)CCN6)CC4)cn3)nc2n(C2CCCC2)c1=O,FFUQLRPAWKXFCJ-UHFFFAOYSA-N,FFUQLRPAWKXFCJ-UHFFFAOYSA-N,CC1=CN=C(C=C1)NC(=O)C2=C(C=C3C(=C2)CCN3)NC(=O)CCOCCOCCNC(=O)CN4CCN(CC4)C5=CN=C(C=C5)NC6=NC=C7C(=C(C(=O)C)C(=O)N(C8CCCC8)C7=N6)C,False,0.0,mgdb,MG-6972,MG-6972,,,P11802,CDK4,unknown,,False,,,3,cellular_phenotype,nan,False,False,split_from_multi_target_string,,,False
CNc1ccc(C(=O)Nc2ccc(C)c(C3CC3)n2)c(NCCCCCNC(=O)CN2CCN(c3ccc(Nc4ncc5c(C)c(C(C)=O)c(=O)n(C6CCCC6)c5n4)nc3)CC2)c1,CNc1ccc(C(=O)Nc2ccc(C)c(C3CC3)n2)c(NCCCCCNC(=O)CN2CCN(c3ccc(Nc4ncc5c(C)c(C(C)=O)c(=O)n(C6CCCC6)c5n4)nc3)CC2)c1,MUARKGOOCKEPAS-UHFFFAOYSA-N,MUARKGOOCKEPAS-UHFFFAOYSA-N,CC1=C(C2CC2)N=C(C=C1)NC(=O)C3=CC=C(C=C3NCCCCCNC(=O)CN4CCN(CC4)C5=CC=C(N=C5)NC6=NC7=C(C=N6)C(=C(C(=O)C)C(=O)N7C8CCCC8)C)NC,False,0.0,mgdb,MG-6983,MG-6983,,,P11802,CDK4,unknown,,False,,,3,cellular_phenotype,nan,False,False,split_from_multi_target_string,,,False
CC(=O)c1c(C)c2cnc(Nc3ccc(N4CCN(CC(=O)NCCCCCCCNc5cc(NS(C)(=O)=O)ccc5C(=O)Nc5nc(C)c(C)s5)CC4)cn3)nc2n(C2CCCC2)c1=O,CC(=O)c1c(C)c2cnc(Nc3ccc(N4CCN(CC(=O)NCCCCCCCNc5cc(NS(C)(=O)=O)ccc5C(=O)Nc5nc(C)c(C)s5)CC4)cn3)nc2n(C2CCCC2)c1=O,KUTZLOHHOSYQBS-UHFFFAOYSA-N,KUTZLOHHOSYQBS-UHFFFAOYSA-N,CC1=C(C(=O)C)C(=O)N(C2CCCC2)C3=C1C=NC(=N3)NC4=CC=C(C=N4)N5CCN(CC5)CC(=O)NCCCCCCCNC6=CC(=CC=C6C(=O)NC7=NC(=C(C)S7)C)NS(=O)(=O)C,False,0.0,mgdb,MG-6982,MG-6982,,,P11802,CDK4,unknown,,False,,,3,cellular_phenotype,nan,False,False,split_from_multi_target_string,,,False
CC(=O)c1c(C)c2cnc(Nc3ccc(N4CCN(CC(=O)NCCOCCOCCC(=O)Nc5ccccc5C(=O)Nc5ccc(C#N)nn5)CC4)cn3)nc2n(C2CCCC2)c1=O,CC(=O)c1c(C)c2cnc(Nc3ccc(N4CCN(CC(=O)NCCOCCOCCC(=O)Nc5ccccc5C(=O)Nc5ccc(C#N)nn5)CC4)cn3)nc2n(C2CCCC2)c1=O,YDRICSHPYZYETK-UHFFFAOYSA-N,YDRICSHPYZYETK-UHFFFAOYSA-N,CC1=C(C(=O)C)C(=O)N(C2CCCC2)C3=C1C=NC(=N3)NC4=CC=C(C=N4)N5CCN(CC5)CC(=O)NCCOCCOCCC(=O)NC6=C(C=CC=C6)C(=O)NC7=CC=C(C#N)N=N7,False,0.0,mgdb,MG-6981,MG-6981,,,P11802,CDK4,unknown,,False,,,3,cellular_phenotype,nan,False,False,split_from_multi_target_string,,,False
CC(=O)c1c(C)c2cnc(Nc3ccc(N4CCN(C(=O)CCOCCOCCOCCC(=O)Nc5ccccc5C(=O)Nc5nc(C)c(C)s5)CC4)cn3)nc2n(C2CCCC2)c1=O,CC(=O)c1c(C)c2cnc(Nc3ccc(N4CCN(C(=O)CCOCCOCCOCCC(=O)Nc5ccccc5C(=O)Nc5nc(C)c(C)s5)CC4)cn3)nc2n(C2CCCC2)c1=O,VNRTZJDKIMPYTH-UHFFFAOYSA-N,VNRTZJDKIMPYTH-UHFFFAOYSA-N,CC1=C(C(=O)C)C(=O)N(C2CCCC2)C3=C1C=NC(=N3)NC4=NC=C(C=C4)N5CCN(CC5)C(=O)CCOCCOCCOCCC(=O)NC6=C(C=CC=C6)C(=O)NC7=NC(=C(C)S7)C,False,0.0,mgdb,MG-6969,MG-6969,,,P11802,CDK4,unknown,,False,,,3,cellular_phenotype,nan,False,False,split_from_multi_target_string,,,False
CC(=O)c1c(C)c2cnc(Nc3ccc(N4CCN(CC(=O)NCCOCCOCCC(=O)Nc5cccc(C(=O)Nc6ccc(OC(C)C)nn6)c5)CC4)cn3)nc2n(C2CCCC2)c1=O,CC(=O)c1c(C)c2cnc(Nc3ccc(N4CCN(CC(=O)NCCOCCOCCC(=O)Nc5cccc(C(=O)Nc6ccc(OC(C)C)nn6)c5)CC4)cn3)nc2n(C2CCCC2)c1=O,RLWJGDYYWFOOQQ-UHFFFAOYSA-N,RLWJGDYYWFOOQQ-UHFFFAOYSA-N,CC(C)OC1=CC=C(NC(=O)C2=CC=CC(=C2)NC(=O)CCOCCOCCNC(=O)CN3CCN(CC3)C4=CC=C(N=C4)NC5=NC6=C(C=N5)C(=C(C(=O)C)C(=O)N6C7CCCC7)C)N=N1,False,0.0,mgdb,MG-6963,MG-6963,,,P11802,CDK4,unknown,,False,,,3,cellular_phenotype,nan,False,False,split_from_multi_target_string,,,False
CC(=O)c1c(C)c2cnc(Nc3ccc(N4CCN(CC(=O)NCCOCCOCCC(=O)Nc5ccccc5C(=O)Nc5ccc(OC6CC6)nn5)CC4)cn3)nc2n(C2CCCC2)c1=O,CC(=O)c1c(C)c2cnc(Nc3ccc(N4CCN(CC(=O)NCCOCCOCCC(=O)Nc5ccccc5C(=O)Nc5ccc(OC6CC6)nn5)CC4)cn3)nc2n(C2CCCC2)c1=O,FAERJOVNRSQNGF-UHFFFAOYSA-N,FAERJOVNRSQNGF-UHFFFAOYSA-N,CC1=C(C(=O)C)C(=O)N(C2CCCC2)C3=C1C=NC(=N3)NC4=CC=C(C=N4)N5CCN(CC5)CC(=O)NCCOCCOCCC(=O)NC6=C(C=CC=C6)C(=O)NC7=CC=C(N=N7)OC8CC8,False,0.0,mgdb,MG-6962,MG-6962,,,P11802,CDK4,unknown,,False,,,3,cellular_phenotype,nan,False,False,split_from_multi_target_string,,,False
CC(=O)c1c(C)c2cnc(Nc3ccc(N4CCN(CC(=O)NCCCCCCCNc5ccccc5C(=O)Nc5nc(C)c(C)s5)CC4)cn3)nc2n(C2CCCC2)c1=O,CC(=O)c1c(C)c2cnc(Nc3ccc(N4CCN(CC(=O)NCCCCCCCNc5ccccc5C(=O)Nc5nc(C)c(C)s5)CC4)cn3)nc2n(C2CCCC2)c1=O,XLWFBXSIMZTOHH-UHFFFAOYSA-N,XLWFBXSIMZTOHH-UHFFFAOYSA-N,CC1=C(C(=O)C)C(=O)N(C2CCCC2)C3=C1C=NC(=N3)NC4=CC=C(C=N4)N5CCN(CC5)CC(=O)NCCCCCCCNC6=C(C=CC=C6)C(=O)NC7=NC(=C(C)S7)C,False,0.0,mgdb,MG-6976,MG-6976,,,P11802,CDK4,unknown,,False,,,3,cellular_phenotype,nan,False,False,split_from_multi_target_string,,,False
CC(=O)c1c(C)c2cnc(Nc3ccc(N4CCN(CC(=O)NCCCCCNc5ccccc5C(=O)Nc5nc(C)c(C)s5)CC4)cn3)nc2n(C2CCCC2)c1=O,CC(=O)c1c(C)c2cnc(Nc3ccc(N4CCN(CC(=O)NCCCCCNc5ccccc5C(=O)Nc5nc(C)c(C)s5)CC4)cn3)nc2n(C2CCCC2)c1=O,ZHONATKYSXYEDO-UHFFFAOYSA-N,ZHONATKYSXYEDO-UHFFFAOYSA-N,CC1=C(C(=O)C)C(=O)N(C2CCCC2)C3=C1C=NC(=N3)NC4=CC=C(C=N4)N5CCN(CC5)CC(=O)NCCCCCNC6=C(C=CC=C6)C(=O)NC7=NC(=C(C)S7)C,False,0.0,mgdb,MG-6975,MG-6975,,,P11802,CDK4,unknown,,False,,,3,cellular_phenotype,nan,False,False,split_from_multi_target_string,,,False
COc1ccc(NC(=O)c2ccccc2NC(=O)CCCCN2CCC(NC(=O)CN3CCN(c4ccc(Nc5ncc6c(C)c(C(C)=O)c(=O)n(C7CCCC7)c6n5)nc4)CC3)CC2)nn1,COc1ccc(NC(=O)c2ccccc2NC(=O)CCCCN2CCC(NC(=O)CN3CCN(c4ccc(Nc5ncc6c(C)c(C(C)=O)c(=O)n(C7CCCC7)c6n5)nc4)CC3)CC2)nn1,OUMGBEMRDHUHFN-UHFFFAOYSA-N,OUMGBEMRDHUHFN-UHFFFAOYSA-N,CC1=C(C(=O)C)C(=O)N(C2CCCC2)C3=C1C=NC(=N3)NC4=CC=C(C=N4)N5CCN(CC5)CC(=O)NC6CCN(CCCCC(=O)NC7=C(C=CC=C7)C(=O)NC8=CC=C(N=N8)OC)CC6,False,0.0,mgdb,MG-6958,MG-6958,,,P11802,CDK4,unknown,,False,,,3,cellular_phenotype,nan,False,False,split_from_multi_target_string,,,False
COc1ccc(NC(=O)c2ccccc2NC(=O)CCN2CCN(CCNC(=O)CN3CCN(c4ccc(Nc5ncc6c(C)c(C(C)=O)c(=O)n(C7CCCC7)c6n5)nc4)CC3)CC2)nn1,COc1ccc(NC(=O)c2ccccc2NC(=O)CCN2CCN(CCNC(=O)CN3CCN(c4ccc(Nc5ncc6c(C)c(C(C)=O)c(=O)n(C7CCCC7)c6n5)nc4)CC3)CC2)nn1,UPKUERJYQNBWCN-UHFFFAOYSA-N,UPKUERJYQNBWCN-UHFFFAOYSA-N,CC1=C(C(=O)C)C(=O)N(C2CCCC2)C3=C1C=NC(=N3)NC4=CC=C(C=N4)N5CCN(CC5)CC(=O)NCCN6CCN(CCC(=O)NC7=CC=CC=C7C(=O)NC8=CC=C(N=N8)OC)CC6,False,0.0,mgdb,MG-6957,MG-6957,,,P11802,CDK4,unknown,,False,,,3,cellular_phenotype,nan,False,False,split_from_multi_target_string,,,False
CC(=O)c1c(C)c2cnc(Nc3ccc(N4CCN(CC(=O)NCCCCCCCCCNc5ccccc5C(=O)Nc5nc(C)c(C)s5)CC4)cn3)nc2n(C2CCCC2)c1=O,CC(=O)c1c(C)c2cnc(Nc3ccc(N4CCN(CC(=O)NCCCCCCCCCNc5ccccc5C(=O)Nc5nc(C)c(C)s5)CC4)cn3)nc2n(C2CCCC2)c1=O,OLYMXDWGNBOTCQ-UHFFFAOYSA-N,OLYMXDWGNBOTCQ-UHFFFAOYSA-N,CC1=C(C(=O)C)C(=O)N(C2CCCC2)C3=C1C=NC(=N3)NC4=CC=C(C=N4)N5CCN(CC5)CC(=O)NCCCCCCCCCNC6=C(C=CC=C6)C(=O)NC7=NC(=C(C)S7)C,False,0.0,mgdb,MG-6956,MG-6956,,,P11802,CDK4,unknown,,False,,,3,cellular_phenotype,nan,False,False,split_from_multi_target_string,,,False
CC(=O)c1c(C)c2cnc(Nc3ccc(N4CCN(CC(=O)NCCOCCOCCC(=O)Nc5c(C(=O)Nc6ccc(C)cn6)ccc6[nH]ncc56)CC4)cn3)nc2n(C2CCCC2)c1=O,CC(=O)c1c(C)c2cnc(Nc3ccc(N4CCN(CC(=O)NCCOCCOCCC(=O)Nc5c(C(=O)Nc6ccc(C)cn6)ccc6[nH]ncc56)CC4)cn3)nc2n(C2CCCC2)c1=O,RTIYCBJIAILVSB-UHFFFAOYSA-N,RTIYCBJIAILVSB-UHFFFAOYSA-N,CC1=CN=C(C=C1)NC(=O)C2=C(C3=C(C=C2)NN=C3)NC(=O)CCOCCOCCNC(=O)CN4CCN(CC4)C5=CN=C(C=C5)NC6=NC=C7C(=C(C(=O)C)C(=O)N(C8CCCC8)C7=N6)C.CC,False,0.0,mgdb,MG-6971,MG-6971,,,P11802,CDK4,unknown,,False,,,3,cellular_phenotype,nan,False,False,split_from_multi_target_string,,,False
CC(=O)c1c(C)c2cnc(Nc3ccc(N4CCN(CC(=O)NCCOCCOCCC(=O)Nc5cc6c(cc5C(=O)Nc5ccc(C)cn5)CCCN6)CC4)cn3)nc2n(C2CCCC2)c1=O,CC(=O)c1c(C)c2cnc(Nc3ccc(N4CCN(CC(=O)NCCOCCOCCC(=O)Nc5cc6c(cc5C(=O)Nc5ccc(C)cn5)CCCN6)CC4)cn3)nc2n(C2CCCC2)c1=O,UNSYOOWLMKSIRA-UHFFFAOYSA-N,UNSYOOWLMKSIRA-UHFFFAOYSA-N,CC1=CN=C(C=C1)NC(=O)C2=C(C=C3C(=C2)CCCN3)NC(=O)CCOCCOCCNC(=O)CN4CCN(CC4)C5=CN=C(C=C5)NC6=NC=C7C(=C(C(=O)C)C(=O)N(C8CCCC8)C7=N6)C,False,0.0,mgdb,MG-6970,MG-6970,,,P11802,CDK4,unknown,,False,,,3,cellular_phenotype,nan,False,False,split_from_multi_target_string,,,False
CNC(=O)c1ccc(C)nc1NCCCCCCCNC(=O)CN1CCN(c2ccc(Nc3ncc4c(C)c(C(C)=O)c(=O)n(C5CCCC5)c4n3)cc2)CC1,CNC(=O)c1ccc(C)nc1NCCCCCCCNC(=O)CN1CCN(c2ccc(Nc3ncc4c(C)c(C(C)=O)c(=O)n(C5CCCC5)c4n3)cc2)CC1,UJAPSKFOMTYAGZ-UHFFFAOYSA-N,UJAPSKFOMTYAGZ-UHFFFAOYSA-N,CC1=CC=C(C(=N1)NCCCCCCCNC(=O)CN2CCN(CC2)C3=CC=C(C=C3)NC4=NC=C5C(=C(C(=O)C)C(=O)N(C6CCCC6)C5=N4)C)C(=O)NC,False,0.0,mgdb,MG-6953,MG-6953,,,P11802,CDK4,unknown,,False,,,3,cellular_phenotype,nan,False,False,split_from_multi_target_string,,,False
CNc1ccc(C(=O)Nc2ccccn2)c(NC(=O)CCOCCOCCNC(=O)CN2CCN(c3ccc(Nc4ncc5c(C)c(C(C)=O)c(=O)n(C6CCCC6)c5n4)nc3)CC2)c1,CNc1ccc(C(=O)Nc2ccccn2)c(NC(=O)CCOCCOCCNC(=O)CN2CCN(c3ccc(Nc4ncc5c(C)c(C(C)=O)c(=O)n(C6CCCC6)c5n4)nc3)CC2)c1,JZEBCCGXNVQTSO-UHFFFAOYSA-N,JZEBCCGXNVQTSO-UHFFFAOYSA-N,CC1=C(C(=O)C)C(=O)N(C2CCCC2)C3=NC(=NC=C13)NC4=CC=C(C=N4)N5CCN(CC5)CC(=O)NCCOCCOCCC(=O)NC6=C(C=CC(=C6)NC)C(=O)NC7=NC=CC=C7,False,0.0,mgdb,MG-6952,MG-6952,,,P11802,CDK4,unknown,,False,,,3,cellular_phenotype,nan,False,False,split_from_multi_target_string,,,False
CC(=O)c1c(C)c2cnc(Nc3ccc(N4CCN(CC(=O)NCCCCCCCNc5nc(C)ccc5C(=O)Nc5nc(C)c(C)s5)CC4)cn3)nc2n(C2CCCC2)c1=O,CC(=O)c1c(C)c2cnc(Nc3ccc(N4CCN(CC(=O)NCCCCCCCNc5nc(C)ccc5C(=O)Nc5nc(C)c(C)s5)CC4)cn3)nc2n(C2CCCC2)c1=O,KNBDXWOAOYDQFL-UHFFFAOYSA-N,KNBDXWOAOYDQFL-UHFFFAOYSA-N,CC1=NC(=C(C=C1)C(=O)NC2=NC(=C(C)S2)C)NCCCCCCCNC(=O)CN3CCN(CC3)C4=CN=C(C=C4)NC5=NC6=C(C=N5)C(=C(C(=O)C)C(=O)N6C7CCCC7)C,False,0.0,mgdb,MG-6951,MG-6951,,,P11802,CDK4,unknown,,False,,,3,cellular_phenotype,nan,False,False,split_from_multi_target_string,,,False
COc1ccc(NC(=O)c2ccccc2NC(=O)COCCOC2CCC(NC(=O)CN3CCN(c4ccc(Nc5ncc6c(C)c(C(C)=O)c(=O)n(C7CCCC7)c6n5)nc4)CC3)CC2)nn1,COc1ccc(NC(=O)c2ccccc2NC(=O)COCCOC2CCC(NC(=O)CN3CCN(c4ccc(Nc5ncc6c(C)c(C(C)=O)c(=O)n(C7CCCC7)c6n5)nc4)CC3)CC2)nn1,QRSLEDSJDLCRQE-UHFFFAOYSA-N,QRSLEDSJDLCRQE-UHFFFAOYSA-N,CC1=C(C(=O)C)C(=O)N(C2CCCC2)C3=C1C=NC(=N3)NC4=CC=C(C=N4)N5CCN(CC5)CC(=O)NC6CCC(CC6)OCCOCC(=O)NC7=C(C=CC=C7)C(=O)NC8=CC=C(N=N8)OC,False,0.0,mgdb,MG-6961,MG-6961,,,P11802,CDK4,unknown,,False,,,3,cellular_phenotype,nan,False,False,split_from_multi_target_string,,,False
COc1ccc(NC(=O)c2ccccc2NC(=O)CCOCCN2CCC(NC(=O)CN3CCN(c4ccc(Nc5ncc6c(C)c(C(C)=O)c(=O)n(C7CCCC7)c6n5)nc4)CC3)CC2)nn1,COc1ccc(NC(=O)c2ccccc2NC(=O)CCOCCN2CCC(NC(=O)CN3CCN(c4ccc(Nc5ncc6c(C)c(C(C)=O)c(=O)n(C7CCCC7)c6n5)nc4)CC3)CC2)nn1,AZQXMPVSLRZHMT-UHFFFAOYSA-N,AZQXMPVSLRZHMT-UHFFFAOYSA-N,CC1=C(C(=O)C)C(=O)N(C2CCCC2)C3=C1C=NC(=N3)NC4=CC=C(C=N4)N5CCN(CC5)CC(=O)NC6CCN(CC6)CCOCCC(=O)NC7=C(C=CC=C7)C(=O)NC8=CC=C(N=N8)OC,False,0.0,mgdb,MG-6960,MG-6960,,,P11802,CDK4,unknown,,False,,,3,cellular_phenotype,nan,False,False,split_from_multi_target_string,,,False
COc1ccc(NC(=O)c2ccccc2NC(=O)COCCN2CCC(NC(=O)CN3CCN(c4ccc(Nc5ncc6c(C)c(C(C)=O)c(=O)n(C7CCCC7)c6n5)nc4)CC3)CC2)nn1,COc1ccc(NC(=O)c2ccccc2NC(=O)COCCN2CCC(NC(=O)CN3CCN(c4ccc(Nc5ncc6c(C)c(C(C)=O)c(=O)n(C7CCCC7)c6n5)nc4)CC3)CC2)nn1,DERVLFBSQJGMKN-UHFFFAOYSA-N,DERVLFBSQJGMKN-UHFFFAOYSA-N,CC1=C(C(=O)C)C(=O)N(C2CCCC2)C3=C1C=NC(=N3)NC4=CC=C(C=N4)N5CCN(CC5)CC(=O)NC6CCN(CC6)CCOCC(=O)NC7=C(C=CC=C7)C(=O)NC8=CC=C(N=N8)OC,False,0.0,mgdb,MG-6959,MG-6959,,,P11802,CDK4,unknown,,False,,,3,cellular_phenotype,nan,False,False,split_from_multi_target_string,,,False
CC(=O)c1c(C)c2cnc(Nc3ccc(N4CCN(CC(=O)NCCCCCCCNc5cccc(C(=O)Nc6ccc(C)nc6)c5C)CC4)cn3)nc2n(C2CCCC2)c1=O,CC(=O)c1c(C)c2cnc(Nc3ccc(N4CCN(CC(=O)NCCCCCCCNc5cccc(C(=O)Nc6ccc(C)nc6)c5C)CC4)cn3)nc2n(C2CCCC2)c1=O,AGMMHZMZNFGHNR-UHFFFAOYSA-N,AGMMHZMZNFGHNR-UHFFFAOYSA-N,CC1=CC=C(C=N1)NC(=O)C2=CC=CC(=C2C)NCCCCCCCNC(=O)CN3CCN(CC3)C4=CN=C(C=C4)NC5=NC6=C(C=N5)C(=C(C(=O)C)C(=O)N6C7CCCC7)C,False,0.0,mgdb,MG-6941,MG-6941,,,P11802,CDK4,unknown,,False,,,3,cellular_phenotype,nan,False,False,split_from_multi_target_string,,,False
CC(=O)c1c(C)c2cnc(Nc3ccc(N4CCN(CCCCCOCCOCCNc5cccc(C(=O)Nc6nc(C)c(C)s6)c5C)CC4)cn3)nc2n(C2CCCC2)c1=O,CC(=O)c1c(C)c2cnc(Nc3ccc(N4CCN(CCCCCOCCOCCNc5cccc(C(=O)Nc6nc(C)c(C)s6)c5C)CC4)cn3)nc2n(C2CCCC2)c1=O,MXOZSAZCTFCACR-UHFFFAOYSA-N,MXOZSAZCTFCACR-UHFFFAOYSA-N,CC1=C(C=CC=C1C(=O)NC2=NC(=C(C)S2)C)NCCOCCOCCCCCN3CCN(CC3)C4=CC=C(N=C4)NC5=NC6=C(C=N5)C(=C(C(=O)C)C(=O)N6C7CCCC7)C,False,0.0,mgdb,MG-6884,MG-6884,,,P11802,CDK4,unknown,,False,,,3,cellular_phenotype,nan,False,False,split_from_multi_target_string,,,False
CC(=O)c1c(C)c2cnc(Nc3ccc(N4CCN(CC(=O)NCCOCCOCCC(=O)Nc5ncccc5C(=O)Nc5ccc(C)c(C6CC6)n5)CC4)cn3)nc2n(C2CCCC2)c1=O,CC(=O)c1c(C)c2cnc(Nc3ccc(N4CCN(CC(=O)NCCOCCOCCC(=O)Nc5ncccc5C(=O)Nc5ccc(C)c(C6CC6)n5)CC4)cn3)nc2n(C2CCCC2)c1=O,TUYLKKALXKKBTJ-UHFFFAOYSA-N,TUYLKKALXKKBTJ-UHFFFAOYSA-N,CC1=CC=C(N=C1C2CC2)NC(=O)C3=CC=CN=C3NC(=O)CCOCCOCCNC(=O)CN4CCN(CC4)C5=CC=C(N=C5)NC6=NC7=C(C=N6)C(=C(C(=O)C)C(=O)N7C8CCCC8)C,False,0.0,mgdb,MG-6883,MG-6883,,,P11802,CDK4,unknown,,False,,,3,cellular_phenotype,nan,False,False,split_from_multi_target_string,,,False
COc1ccc(NC(=O)c2ccccc2NC(=O)CCOCCOCCNC(=O)CN2CCN(c3ccc(Nc4ncc5c(C)c(C(C)=O)c(=O)n(C6CCCC6)c5n4)nc3)CC2)nc1,COc1ccc(NC(=O)c2ccccc2NC(=O)CCOCCOCCNC(=O)CN2CCN(c3ccc(Nc4ncc5c(C)c(C(C)=O)c(=O)n(C6CCCC6)c5n4)nc3)CC2)nc1,GIQKIYYEQBBAQL-UHFFFAOYSA-N,GIQKIYYEQBBAQL-UHFFFAOYSA-N,CC1=C(C(=O)C)C(=O)N(C2CCCC2)C3=C1C=NC(=N3)NC4=CC=C(C=N4)N5CCN(CC5)CC(=O)NCCOCCOCCC(=O)NC6=C(C=CC=C6)C(=O)NC7=CC=C(C=N7)OC,False,0.0,mgdb,MG-6955,MG-6955,,,P11802,CDK4,unknown,,False,,,3,cellular_phenotype,nan,False,False,split_from_multi_target_string,,,False
COc1ccc(NC(=O)c2cccc(NCCOCCOCCNC(=O)CN3CCN(c4ccc(Nc5ncc6c(C)c(C(C)=O)c(=O)n(C7CCCC7)c6n5)nc4)CC3)c2C)nn1,COc1ccc(NC(=O)c2cccc(NCCOCCOCCNC(=O)CN3CCN(c4ccc(Nc5ncc6c(C)c(C(C)=O)c(=O)n(C7CCCC7)c6n5)nc4)CC3)c2C)nn1,AFVGVFMJNYSDFB-UHFFFAOYSA-N,AFVGVFMJNYSDFB-UHFFFAOYSA-N,CC1=C(C=CC=C1C(=O)NC2=CC=C(N=N2)OC)NCCOCCOCCNC(=O)CN3CCN(CC3)C4=CN=C(C=C4)NC5=NC6=C(C=N5)C(=C(C(=O)C)C(=O)N6C7CCCC7)C,False,0.0,mgdb,MG-6954,MG-6954,,,P11802,CDK4,unknown,,False,,,3,cellular_phenotype,nan,False,False,split_from_multi_target_string,,,False
CC(=O)c1c(C)c2cnc(Nc3ccc(N4CCN(CCNCCCCCCCNc5cccc(C(=O)Nc6nc(C)c(C)s6)c5C)CC4)cn3)nc2n(C2CCCC2)c1=O,CC(=O)c1c(C)c2cnc(Nc3ccc(N4CCN(CCNCCCCCCCNc5cccc(C(=O)Nc6nc(C)c(C)s6)c5C)CC4)cn3)nc2n(C2CCCC2)c1=O,BLBWDXOACBTCSG-UHFFFAOYSA-N,BLBWDXOACBTCSG-UHFFFAOYSA-N,CC1=C(C=CC=C1C(=O)NC2=NC(=C(C)S2)C)NCCCCCCCNCCN3CCN(CC3)C4=CC=C(N=C4)NC5=NC6=C(C=N5)C(=C(C(=O)C)C(=O)N6C7CCCC7)C,False,0.0,mgdb,MG-6816,MG-6816,,,P11802,CDK4,unknown,,False,,,3,cellular_phenotype,nan,False,False,split_from_multi_target_string,,,False
CC(=O)c1c(C)c2cnc(Nc3ccc(N4CCN(CCNCCOCCOCCC(=O)Nc5ccccc5C(=O)Nc5nc(C)c(C)s5)CC4)cn3)nc2n(C2CCCC2)c1=O,CC(=O)c1c(C)c2cnc(Nc3ccc(N4CCN(CCNCCOCCOCCC(=O)Nc5ccccc5C(=O)Nc5nc(C)c(C)s5)CC4)cn3)nc2n(C2CCCC2)c1=O,RIMCNOMLPYBOIY-UHFFFAOYSA-N,RIMCNOMLPYBOIY-UHFFFAOYSA-N,CC1=C(C(=O)C)C(=O)N(C2CCCC2)C3=C1C=NC(=N3)NC4=CC=C(C=N4)N5CCN(CCNCCOCCOCCC(=O)NC6=C(C=CC=C6)C(=O)NC7=NC(=C(C)S7)C)CC5,False,0.0,mgdb,MG-6815,MG-6815,,,P11802,CDK4,unknown,,False,,,3,cellular_phenotype,nan,False,False,split_from_multi_target_string,,,False
CC(=O)c1c(C)c2cnc(Nc3ccc(N4CCN(CC(=O)NCCOCCOCCC(=O)Nc5ccccc5C(=O)Nc5cnc(C)nc5)CC4)cn3)nc2n(C2CCCC2)c1=O,CC(=O)c1c(C)c2cnc(Nc3ccc(N4CCN(CC(=O)NCCOCCOCCC(=O)Nc5ccccc5C(=O)Nc5cnc(C)nc5)CC4)cn3)nc2n(C2CCCC2)c1=O,WOPBZNLNQBGHLM-UHFFFAOYSA-N,WOPBZNLNQBGHLM-UHFFFAOYSA-N,CC1=C(C(=O)C)C(=O)N(C2CCCC2)C3=C1C=NC(=N3)NC4=CC=C(C=N4)N5CCN(CC5)CC(=O)NCCOCCOCCC(=O)NC6=C(C=CC=C6)C(=O)NC7=CN=C(C)N=C7,False,0.0,mgdb,MG-6814,MG-6814,,,P11802,CDK4,unknown,,False,,,3,cellular_phenotype,nan,False,False,split_from_multi_target_string,,,False
CC(=O)c1c(C)c2cnc(Nc3ccc(N4CCN(CC(=O)NCCOCCOCCC(=O)Nc5cccc(Cl)c5C(=O)Nc5ccc(C)cn5)CC4)cn3)nc2n(C2CCCC2)c1=O,CC(=O)c1c(C)c2cnc(Nc3ccc(N4CCN(CC(=O)NCCOCCOCCC(=O)Nc5cccc(Cl)c5C(=O)Nc5ccc(C)cn5)CC4)cn3)nc2n(C2CCCC2)c1=O,UAWOQNFADBCJGW-UHFFFAOYSA-N,UAWOQNFADBCJGW-UHFFFAOYSA-N,CC1=CN=C(C=C1)NC(=O)C2=C(C=CC=C2Cl)NC(=O)CCOCCOCCNC(=O)CN3CCN(CC3)C4=CN=C(C=C4)NC5=NC6=C(C=N5)C(=C(C(=O)C)C(=O)N6C7CCCC7)C,False,0.0,mgdb,MG-6950,MG-6950,,,P11802,CDK4,unknown,,False,,,3,cellular_phenotype,nan,False,False,split_from_multi_target_string,,,False
CC(=O)c1c(C)c2cnc(Nc3ccc(N4CCN(CC(=O)NCCCCCCCNc5cccc(C(=O)Nc6cc(C)n(C)n6)c5C)CC4)cn3)nc2n(C2CCCC2)c1=O,CC(=O)c1c(C)c2cnc(Nc3ccc(N4CCN(CC(=O)NCCCCCCCNc5cccc(C(=O)Nc6cc(C)n(C)n6)c5C)CC4)cn3)nc2n(C2CCCC2)c1=O,SZDMQHNKLFWVRS-UHFFFAOYSA-N,SZDMQHNKLFWVRS-UHFFFAOYSA-N,CC1=CC(=NN1C)NC(=O)C2=CC=CC(=C2C)NCCCCCCCNC(=O)CN3CCN(CC3)C4=CN=C(C=C4)NC5=NC6=C(C=N5)C(=C(C(=O)C)C(=O)N6C7CCCC7)C,False,0.0,mgdb,MG-6942,MG-6942,,,P11802,CDK4,unknown,,False,,,3,cellular_phenotype,nan,False,False,split_from_multi_target_string,,,False
CC(=O)c1c(C)c2cnc(Nc3ccc(N4CCN(CCCCCCCC(=O)Nc5ncccc5C(=O)Nc5ccc(C)cn5)CC4)cn3)nc2n(C2CCCC2)c1=O,CC(=O)c1c(C)c2cnc(Nc3ccc(N4CCN(CCCCCCCC(=O)Nc5ncccc5C(=O)Nc5ccc(C)cn5)CC4)cn3)nc2n(C2CCCC2)c1=O,MQIQTALCLXIBLB-UHFFFAOYSA-N,MQIQTALCLXIBLB-UHFFFAOYSA-N,CC1=CC=C(N=C1)NC(=O)C2=CC=CN=C2NC(=O)CCCCCCCN3CCN(CC3)C4=CC=C(N=C4)NC5=NC6=C(C=N5)C(=C(C(=O)C)C(=O)N6C7CCCC7)C,False,0.0,mgdb,MG-6811,MG-6811,,,P11802,CDK4,unknown,,False,,,3,cellular_phenotype,nan,False,False,split_from_multi_target_string,,,False
CC(=O)c1c(C)c2cnc(Nc3ccc(N4CCN(C(=O)CCOCCOCCOCCOCCOCCOCCC(=O)Nc5ccccc5C(=O)Nc5nc(C)c(C)s5)CC4)cn3)nc2n(C2CCCC2)c1=O,CC(=O)c1c(C)c2cnc(Nc3ccc(N4CCN(C(=O)CCOCCOCCOCCOCCOCCOCCC(=O)Nc5ccccc5C(=O)Nc5nc(C)c(C)s5)CC4)cn3)nc2n(C2CCCC2)c1=O,RHBNVUXIXUOEOL-UHFFFAOYSA-N,RHBNVUXIXUOEOL-UHFFFAOYSA-N,CC1=C(C(=O)C)C(=O)N(C2CCCC2)C3=C1C=NC(=N3)NC4=CC=C(C=N4)N5CCN(CC5)C(=O)CCOCCOCCOCCOCCOCCOCCC(=O)NC6=C(C=CC=C6)C(=O)NC7=NC(=C(C)S7)C,False,0.0,mgdb,MG-6810,MG-6810,,,P11802,CDK4,unknown,,False,,,3,cellular_phenotype,nan,False,False,split_from_multi_target_string,,,False
CC(=O)c1c(C)c2cnc(Nc3ccc(N4CCN(C(=O)CCOCCC(=O)Nc5ccccc5C(=O)Nc5nc(C)c(C)s5)CC4)cn3)nc2n(C2CCCC2)c1=O,CC(=O)c1c(C)c2cnc(Nc3ccc(N4CCN(C(=O)CCOCCC(=O)Nc5ccccc5C(=O)Nc5nc(C)c(C)s5)CC4)cn3)nc2n(C2CCCC2)c1=O,ZYYLLQMCERKTNG-UHFFFAOYSA-N,ZYYLLQMCERKTNG-UHFFFAOYSA-N,CC1=C(C(=O)C)C(=O)N(C2CCCC2)C3=C1C=NC(=N3)NC4=NC=C(C=C4)N5CCN(CC5)C(=O)CCOCCC(=O)NC6=C(C=CC=C6)C(=O)NC7=NC(=C(C)S7)C,False,0.0,mgdb,MG-6809,MG-6809,,,P11802,CDK4,unknown,,False,,,3,cellular_phenotype,nan,False,False,split_from_multi_target_string,,,False
CC(=O)c1c(C)c2cnc(Nc3ccc(N4CCN(CC(=O)NCCCCC(=O)Nc5ccccc5C(=O)Nc5ccc(C)cn5)CC4)cn3)nc2n(C2CCCC2)c1=O,CC(=O)c1c(C)c2cnc(Nc3ccc(N4CCN(CC(=O)NCCCCC(=O)Nc5ccccc5C(=O)Nc5ccc(C)cn5)CC4)cn3)nc2n(C2CCCC2)c1=O,XNTIKBZZBBZHCZ-UHFFFAOYSA-N,XNTIKBZZBBZHCZ-UHFFFAOYSA-N,CC1=CC=C(N=C1)NC(=O)C2=C(C=CC=C2)NC(=O)CCCCNC(=O)CN3CCN(CC3)C4=CC=C(N=C4)NC5=NC6=C(C=N5)C(=C(C(=O)C)C(=O)N6C7CCCC7)C,False,0.0,mgdb,MG-6882,MG-6882,,,P11802,CDK4,unknown,,False,,,3,cellular_phenotype,nan,False,False,split_from_multi_target_string,,,False
CC(=O)c1c(C)c2cnc(Nc3ccc(N4CCN(CC(=O)NCCCCCCCCCNc5ccccc5C(=O)Nc5nc(C)c(C)s5)CC4)cc3)nc2n(C2CCCC2)c1=O,CC(=O)c1c(C)c2cnc(Nc3ccc(N4CCN(CC(=O)NCCCCCCCCCNc5ccccc5C(=O)Nc5nc(C)c(C)s5)CC4)cc3)nc2n(C2CCCC2)c1=O,AETDIMPLVIGFCL-UHFFFAOYSA-N,AETDIMPLVIGFCL-UHFFFAOYSA-N,CC1=C(C(=O)C)C(=O)N(C2CCCC2)C3=C1C=NC(=N3)NC4=CC=C(C=C4)N5CCN(CC5)CC(=O)NCCCCCCCCCNC6=C(C=CC=C6)C(=O)NC7=NC(=C(C)S7)C,False,0.0,mgdb,MG-6881,MG-6881,,,P11802,CDK4,unknown,,False,,,3,cellular_phenotype,nan,False,False,split_from_multi_target_string,,,False
CC(=O)c1c(C)c2cnc(Nc3ccc(N4CCN(CC(=O)NCCOCCOCCCNc5ccccc5C(=O)Nc5nc(C)c(C)s5)CC4)cn3)nc2n(C2CCCC2)c1=O,CC(=O)c1c(C)c2cnc(Nc3ccc(N4CCN(CC(=O)NCCOCCOCCCNc5ccccc5C(=O)Nc5nc(C)c(C)s5)CC4)cn3)nc2n(C2CCCC2)c1=O,GJDYUWBLOJXIGX-UHFFFAOYSA-N,GJDYUWBLOJXIGX-UHFFFAOYSA-N,CC1=C(C(=O)C)C(=O)N(C2CCCC2)C3=C1C=NC(=N3)NC4=CC=C(C=N4)N5CCN(CC5)CC(=O)NCCOCCOCCCNC6=C(C=CC=C6)C(=O)NC7=NC(=C(C)S7)C,False,0.0,mgdb,MG-6880,MG-6880,,,P11802,CDK4,unknown,,False,,,3,cellular_phenotype,nan,False,False,split_from_multi_target_string,,,False
CC(=O)c1c(C)c2cnc(Nc3ccc(N4CCN(CCOCCOCCOCCC(=O)Nc5ccccc5C(=O)Nc5nc(C)c(C)s5)CC4)cn3)nc2n(C2CCCC2)c1=O,CC(=O)c1c(C)c2cnc(Nc3ccc(N4CCN(CCOCCOCCOCCC(=O)Nc5ccccc5C(=O)Nc5nc(C)c(C)s5)CC4)cn3)nc2n(C2CCCC2)c1=O,GYSNRSNZBMHWEF-UHFFFAOYSA-N,GYSNRSNZBMHWEF-UHFFFAOYSA-N,CC1=C(C(=O)C)C(=O)N(C2CCCC2)C3=C1C=NC(=N3)NC4=CC=C(C=N4)N5CCN(CC5)CCOCCOCCOCCC(=O)NC6=C(C=CC=C6)C(=O)NC7=NC(=C(C)S7)C,False,0.0,mgdb,MG-6806,MG-6806,,,P11802,CDK4,unknown,,False,,,3,cellular_phenotype,nan,False,False,split_from_multi_target_string,,,False
CC(=O)c1c(C)c2cnc(Nc3ccc(N4CCN(CCCCCCCCCCCC(=O)Nc5ccccc5C(=O)Nc5nc(C)c(C)s5)CC4)cn3)nc2n(C2CCCC2)c1=O,CC(=O)c1c(C)c2cnc(Nc3ccc(N4CCN(CCCCCCCCCCCC(=O)Nc5ccccc5C(=O)Nc5nc(C)c(C)s5)CC4)cn3)nc2n(C2CCCC2)c1=O,OQFKHRPUOUCCDA-UHFFFAOYSA-N,OQFKHRPUOUCCDA-UHFFFAOYSA-N,CC1=C(C(=O)C)C(=O)N(C2CCCC2)C3=C1C=NC(=N3)NC4=CC=C(C=N4)N5CCN(CCCCCCCCCCCC(=O)NC6=C(C=CC=C6)C(=O)NC7=NC(=C(C)S7)C)CC5,False,0.0,mgdb,MG-6805,MG-6805,,,P11802,CDK4,unknown,,False,,,3,cellular_phenotype,nan,False,False,split_from_multi_target_string,,,False
CC(=O)c1c(C)c2cnc(Nc3ccc(N4CCN(C(=O)CCOCCOCCOCCOCCC(=O)Nc5ccccc5C(=O)Nc5nc(C)c(C)s5)CC4)cn3)nc2n(C2CCCC2)c1=O,CC(=O)c1c(C)c2cnc(Nc3ccc(N4CCN(C(=O)CCOCCOCCOCCOCCC(=O)Nc5ccccc5C(=O)Nc5nc(C)c(C)s5)CC4)cn3)nc2n(C2CCCC2)c1=O,CQOIIJNBXJEIFV-UHFFFAOYSA-N,CQOIIJNBXJEIFV-UHFFFAOYSA-N,CC1=C(C(=O)C)C(=O)N(C2CCCC2)C3=C1C=NC(=N3)NC4=NC=C(C=C4)N5CCN(CC5)C(=O)CCOCCOCCOCCOCCC(=O)NC6=C(C=CC=C6)C(=O)NC7=NC(=C(C)S7)C,False,0.0,mgdb,MG-6804,MG-6804,,,P11802,CDK4,unknown,,False,,,3,cellular_phenotype,nan,False,False,split_from_multi_target_string,,,False
CC(=O)c1c(C)c2cnc(Nc3ccc(N4CCN(CC(=O)NCCOCCOCCC(=O)Nc5ccccc5C(=O)Nc5ccc(N(C)C)nn5)CC4)cn3)nc2n(C2CCCC2)c1=O,CC(=O)c1c(C)c2cnc(Nc3ccc(N4CCN(CC(=O)NCCOCCOCCC(=O)Nc5ccccc5C(=O)Nc5ccc(N(C)C)nn5)CC4)cn3)nc2n(C2CCCC2)c1=O,IAAIDPBXAGDIQT-UHFFFAOYSA-N,IAAIDPBXAGDIQT-UHFFFAOYSA-N,CC1=C(C(=O)C)C(=O)N(C2CCCC2)C3=C1C=NC(=N3)NC4=CC=C(C=N4)N5CCN(CC5)CC(=O)NCCOCCOCCC(=O)NC6=C(C=CC=C6)C(=O)NC7=CC=C(N=N7)N(C)C,False,0.0,mgdb,MG-6813,MG-6813,,,P11802,CDK4,unknown,,False,,,3,cellular_phenotype,nan,False,False,split_from_multi_target_string,,,False
CC(=O)c1c(C)c2cnc(Nc3ccc(N4CCN(CC(=O)NCCOCCOCCC(=O)Nc5ccccc5C(=O)Nc5ccc(C6CC6)cn5)CC4)cn3)nc2n(C2CCCC2)c1=O,CC(=O)c1c(C)c2cnc(Nc3ccc(N4CCN(CC(=O)NCCOCCOCCC(=O)Nc5ccccc5C(=O)Nc5ccc(C6CC6)cn5)CC4)cn3)nc2n(C2CCCC2)c1=O,WVLCPJFOCASGFW-UHFFFAOYSA-N,WVLCPJFOCASGFW-UHFFFAOYSA-N,CC1=C(C(=O)C)C(=O)N(C2CCCC2)C3=C1C=NC(=N3)NC4=CC=C(C=N4)N5CCN(CC5)CC(=O)NCCOCCOCCC(=O)NC6=C(C=CC=C6)C(=O)NC7=CC=C(C=N7)C8CC8,False,0.0,mgdb,MG-6812,MG-6812,,,P11802,CDK4,unknown,,False,,,3,cellular_phenotype,nan,False,False,split_from_multi_target_string,,,False
CC(=O)c1c(C)c2cnc(Nc3ccc(N4CCN(CC(=O)NCCCCCC(=O)Nc5ccccc5C(=O)Nc5nc(C)c(C)s5)CC4)cn3)nc2n(C2CCCC2)c1=O,CC(=O)c1c(C)c2cnc(Nc3ccc(N4CCN(CC(=O)NCCCCCC(=O)Nc5ccccc5C(=O)Nc5nc(C)c(C)s5)CC4)cn3)nc2n(C2CCCC2)c1=O,ONBZEABKNHWFIP-UHFFFAOYSA-N,ONBZEABKNHWFIP-UHFFFAOYSA-N,CC1=C(C(=O)C)C(=O)N(C2CCCC2)C3=C1C=NC(=N3)NC4=CC=C(C=N4)N5CCN(CC5)CC(=O)NCCCCCC(=O)NC6=C(C=CC=C6)C(=O)NC7=NC(=C(C)S7)C,False,0.0,mgdb,MG-6800,MG-6800,,,P11802,CDK4,unknown,,False,,,3,cellular_phenotype,nan,False,False,split_from_multi_target_string,,,False
CC(=O)c1c(C)c2cnc(Nc3ccc(N4CCN(CC(=O)NCCCC(=O)Nc5ccccc5C(=O)Nc5nc(C)c(C)s5)CC4)cn3)nc2n(C2CCCC2)c1=O,CC(=O)c1c(C)c2cnc(Nc3ccc(N4CCN(CC(=O)NCCCC(=O)Nc5ccccc5C(=O)Nc5nc(C)c(C)s5)CC4)cn3)nc2n(C2CCCC2)c1=O,LPWICHILUNYALD-UHFFFAOYSA-N,LPWICHILUNYALD-UHFFFAOYSA-N,CC1=C(C(=O)C)C(=O)N(C2CCCC2)C3=C1C=NC(=N3)NC4=CC=C(C=N4)N5CCN(CC5)CC(=O)NCCCC(=O)NC6=C(C=CC=C6)C(=O)NC7=NC(=C(C)S7)C,False,0.0,mgdb,MG-6799,MG-6799,,,P11802,CDK4,unknown,,False,,,3,cellular_phenotype,nan,False,False,split_from_multi_target_string,,,False
CC(=O)c1c(C)c2cnc(Nc3ccc(N4CCN(CC(=O)NCCOCCOCCOCCOCCC(=O)Nc5ccccc5C(=O)Nc5nc(C)c(C)s5)CC4)cn3)nc2n(C2CCCC2)c1=O,CC(=O)c1c(C)c2cnc(Nc3ccc(N4CCN(CC(=O)NCCOCCOCCOCCOCCC(=O)Nc5ccccc5C(=O)Nc5nc(C)c(C)s5)CC4)cn3)nc2n(C2CCCC2)c1=O,KYCNGTJNZDSRFZ-UHFFFAOYSA-N,KYCNGTJNZDSRFZ-UHFFFAOYSA-N,CC1=C(C(=O)C)C(=O)N(C2CCCC2)C3=C1C=NC(=N3)NC4=NC=C(C=C4)N5CCN(CC5)CC(=O)NCCOCCOCCOCCOCCC(=O)NC6=C(C=CC=C6)C(=O)NC7=NC(=C(C)S7)C,False,0.0,mgdb,MG-6798,MG-6798,,,P11802,CDK4,unknown,,False,,,3,cellular_phenotype,nan,False,False,split_from_multi_target_string,,,False
CC(=O)c1c(C)c2cnc(Nc3ccc(N4CCN(CC(=O)NCC(=O)Nc5ccccc5C(=O)Nc5nc(C)c(C)s5)CC4)cn3)nc2n(C2CCCC2)c1=O,CC(=O)c1c(C)c2cnc(Nc3ccc(N4CCN(CC(=O)NCC(=O)Nc5ccccc5C(=O)Nc5nc(C)c(C)s5)CC4)cn3)nc2n(C2CCCC2)c1=O,GCYUJDZFWUJQTQ-UHFFFAOYSA-N,GCYUJDZFWUJQTQ-UHFFFAOYSA-N,CC1=C(C(=O)C)C(=O)N(C2CCCC2)C3=C1C=NC(=N3)NC4=CC=C(C=N4)N5CCN(CC5)CC(=O)NCC(=O)NC6=C(C=CC=C6)C(=O)NC7=NC(=C(C)S7)C,False,0.0,mgdb,MG-6808,MG-6808,,,P11802,CDK4,unknown,,False,,,3,cellular_phenotype,nan,False,False,split_from_multi_target_string,,,False
CC(=O)c1c(C)c2cnc(Nc3ccc(N4CCN(CC(=O)NCCOCCOCCC(=O)NC5CCCCC5C(=O)Nc5nc(C)c(C)s5)CC4)cn3)nc2n(C2CCCC2)c1=O,CC(=O)c1c(C)c2cnc(Nc3ccc(N4CCN(CC(=O)NCCOCCOCCC(=O)NC5CCCCC5C(=O)Nc5nc(C)c(C)s5)CC4)cn3)nc2n(C2CCCC2)c1=O,CFZNHWJQDBJWQD-UHFFFAOYSA-N,CFZNHWJQDBJWQD-UHFFFAOYSA-N,CC1=C(C(=O)C)C(=O)N(C2CCCC2)C3=C1C=NC(=N3)NC4=CC=C(C=N4)N5CCN(CC5)CC(=O)NCCOCCOCCC(=O)NC6CCCCC6C(=O)NC7=NC(=C(C)S7)C,False,2.0,mgdb,MG-6807,MG-6807,,,P11802,CDK4,unknown,,False,,,3,cellular_phenotype,nan,False,False,split_from_multi_target_string,,,False
CC(=O)c1c(C)c2cnc(Nc3ccc(N4CCN(C(=O)CCCCCCCNc5cccc(C(=O)Nc6nc(C)c(C)s6)c5C)CC4)cn3)nc2n(C2CCCC2)c1=O,CC(=O)c1c(C)c2cnc(Nc3ccc(N4CCN(C(=O)CCCCCCCNc5cccc(C(=O)Nc6nc(C)c(C)s6)c5C)CC4)cn3)nc2n(C2CCCC2)c1=O,ICPTXGAFRAUIBT-UHFFFAOYSA-N,ICPTXGAFRAUIBT-UHFFFAOYSA-N,CC1=C(C=CC=C1NCCCCCCCC(=O)N2CCN(CC2)C3=CN=C(C=C3)NC4=NC5=C(C=N4)C(=C(C(=O)C)C(=O)N5C6CCCC6)C)C(=O)NC7=NC(=C(C)S7)C,False,0.0,mgdb,MG-6795,MG-6795,,,P11802,CDK4,unknown,,False,,,3,cellular_phenotype,nan,False,False,split_from_multi_target_string,,,False
CC(=O)c1c(C)c2cnc(Nc3ccc(N4CCN(CC(=O)NCCOCCOCCOCCOCCOCCNc5ccc(CNc6nc(C)c(C)s6)c(C)c5)CC4)cc3)nc2n(C2CCCC2)c1=O,CC(=O)c1c(C)c2cnc(Nc3ccc(N4CCN(CC(=O)NCCOCCOCCOCCOCCOCCNc5ccc(CNc6nc(C)c(C)s6)c(C)c5)CC4)cc3)nc2n(C2CCCC2)c1=O,DZIFMDWUNWJPSR-UHFFFAOYSA-N,DZIFMDWUNWJPSR-UHFFFAOYSA-N,CC1=C(C=CC(=C1)NCCOCCOCCOCCOCCOCCNC(=O)CN2CCN(CC2)C3=CC=C(C=C3)NC4=NC5=C(C=N4)C(=C(C(=O)C)C(=O)N5C6CCCC6)C)CNC7=NC(=C(C)S7)C,False,0.0,mgdb,MG-6794,MG-6794,,,P11802,CDK4,unknown,,False,,,3,cellular_phenotype,nan,False,False,split_from_multi_target_string,,,False
CC(=O)c1c(C)c2cnc(Nc3ccc(N4CCN(C(=O)CCCNc5ccc(C)c(C(=O)Nc6nc(C)c(C)s6)c5)CC4)cn3)nc2n(C2CCCC2)c1=O,CC(=O)c1c(C)c2cnc(Nc3ccc(N4CCN(C(=O)CCCNc5ccc(C)c(C(=O)Nc6nc(C)c(C)s6)c5)CC4)cn3)nc2n(C2CCCC2)c1=O,YOOHNWADIXIZEI-UHFFFAOYSA-N,YOOHNWADIXIZEI-UHFFFAOYSA-N,CC1=C(C=C(C=C1)NCCCC(=O)N2CCN(CC2)C3=CN=C(C=C3)NC4=NC5=C(C=N4)C(=C(C(=O)C)C(=O)N5C6CCCC6)C)C(=O)NC7=NC(=C(C)S7)C,False,0.0,mgdb,MG-6793,MG-6793,,,P11802,CDK4,unknown,,False,,,3,cellular_phenotype,nan,False,False,split_from_multi_target_string,,,False
CC(=O)c1c(C)c2cnc(Nc3ccc(N4CCN(CC(=O)NCCOCCOCCOCCOCCOCCC(=O)Nc5ccccc5C(=O)Nc5nc(C)c(C)s5)CC4)cc3)nc2n(C2CCCC2)c1=O,CC(=O)c1c(C)c2cnc(Nc3ccc(N4CCN(CC(=O)NCCOCCOCCOCCOCCOCCC(=O)Nc5ccccc5C(=O)Nc5nc(C)c(C)s5)CC4)cc3)nc2n(C2CCCC2)c1=O,RMCBWIJQSQNEDB-UHFFFAOYSA-N,RMCBWIJQSQNEDB-UHFFFAOYSA-N,CC1=C(C(=O)C)C(=O)N(C2CCCC2)C3=C1C=NC(=N3)NC4=CC=C(C=C4)N5CCN(CC5)CC(=O)NCCOCCOCCOCCOCCOCCC(=O)NC6=C(C=CC=C6)C(=O)NC7=NC(=C(C)S7)C,False,0.0,mgdb,MG-6803,MG-6803,,,P11802,CDK4,unknown,,False,,,3,cellular_phenotype,nan,False,False,split_from_multi_target_string,,,False
CC(=O)c1c(C)c2cnc(Nc3ccc(N4CCN(CC(=O)NCCCCC(=O)Nc5ccccc5C(=O)Nc5nc(C)c(C)s5)CC4)cn3)nc2n(C2CCCC2)c1=O,CC(=O)c1c(C)c2cnc(Nc3ccc(N4CCN(CC(=O)NCCCCC(=O)Nc5ccccc5C(=O)Nc5nc(C)c(C)s5)CC4)cn3)nc2n(C2CCCC2)c1=O,KYTMZPGDSALANY-UHFFFAOYSA-N,KYTMZPGDSALANY-UHFFFAOYSA-N,CC1=C(C(=O)C)C(=O)N(C2CCCC2)C3=C1C=NC(=N3)NC4=CC=C(C=N4)N5CCN(CC5)CC(=O)NCCCCC(=O)NC6=C(C=CC=C6)C(=O)NC7=NC(=C(C)S7)C,False,0.0,mgdb,MG-6802,MG-6802,,,P11802,CDK4,unknown,,False,,,3,cellular_phenotype,nan,False,False,split_from_multi_target_string,,,False
CC(=O)c1c(C)c2cnc(Nc3ncc(N4CCN(CC(=O)NCCOCCOCCOCCOCCOCCOCCC(=O)Nc5ccccc5C(=O)Nc5nc(C)c(C)s5)CC4)cn3)nc2n(C2CCCC2)c1=O,CC(=O)c1c(C)c2cnc(Nc3ncc(N4CCN(CC(=O)NCCOCCOCCOCCOCCOCCOCCC(=O)Nc5ccccc5C(=O)Nc5nc(C)c(C)s5)CC4)cn3)nc2n(C2CCCC2)c1=O,LNJXNUZJFGKSKP-UHFFFAOYSA-N,LNJXNUZJFGKSKP-UHFFFAOYSA-N,CC1=C(C(=O)C)C(=O)N(C2CCCC2)C3=C1C=NC(=N3)NC4=NC=C(C=N4)N5CCN(CC5)CC(=O)NCCOCCOCCOCCOCCOCCOCCC(=O)NC6=C(C=CC=C6)C(=O)NC7=NC(=C(C)S7)C,False,0.0,mgdb,MG-6801,MG-6801,,,P11802,CDK4,unknown,,False,,,3,cellular_phenotype,nan,False,False,split_from_multi_target_string,,,False
CC(=O)c1c(C)c2cnc(Nc3ccc(N4CCN(C(=O)CCCCCCCCC(=O)Nc5ccccc5C(=O)Nc5nc(C)c(C)s5)CC4)cn3)nc2n(C2CCCC2)c1=O,CC(=O)c1c(C)c2cnc(Nc3ccc(N4CCN(C(=O)CCCCCCCCC(=O)Nc5ccccc5C(=O)Nc5nc(C)c(C)s5)CC4)cn3)nc2n(C2CCCC2)c1=O,NAVDPMJMPXDIMY-UHFFFAOYSA-N,NAVDPMJMPXDIMY-UHFFFAOYSA-N,CC1=C(C(=O)C)C(=O)N(C2CCCC2)C3=C1C=NC(=N3)NC4=NC=C(C=C4)N5CCN(CC5)C(=O)CCCCCCCCC(=O)NC6=C(C=CC=C6)C(=O)NC7=NC(=C(C)S7)C,False,0.0,mgdb,MG-6790,MG-6790,,,P11802,CDK4,unknown,,False,,,3,cellular_phenotype,nan,False,False,split_from_multi_target_string,,,False
CC(=O)c1c(C)c2cnc(Nc3ccc(N4CCN(C(=O)CCCCCCC(=O)Nc5ccccc5C(=O)Nc5nc(C)c(C)s5)CC4)cc3)nc2n(C2CCCC2)c1=O,CC(=O)c1c(C)c2cnc(Nc3ccc(N4CCN(C(=O)CCCCCCC(=O)Nc5ccccc5C(=O)Nc5nc(C)c(C)s5)CC4)cc3)nc2n(C2CCCC2)c1=O,GIVYVEPIAMHMSU-UHFFFAOYSA-N,GIVYVEPIAMHMSU-UHFFFAOYSA-N,CC1=C(C(=O)C)C(=O)N(C2CCCC2)C3=C1C=NC(=N3)NC4=CC=C(C=C4)N5CCN(CC5)C(=O)CCCCCCC(=O)NC6=C(C=CC=C6)C(=O)NC7=NC(=C(C)S7)C,False,0.0,mgdb,MG-6789,MG-6789,,,P11802,CDK4,unknown,,False,,,3,cellular_phenotype,nan,False,False,split_from_multi_target_string,,,False
CC(=O)c1c(C)c2cnc(Nc3ccc(N4CCN(C(=O)CCCCCCCC(=O)Nc5ccccc5C(=O)Nc5nc(C)c(C)s5)CC4)cn3)nc2n(C2CCCC2)c1=O,CC(=O)c1c(C)c2cnc(Nc3ccc(N4CCN(C(=O)CCCCCCCC(=O)Nc5ccccc5C(=O)Nc5nc(C)c(C)s5)CC4)cn3)nc2n(C2CCCC2)c1=O,RWYFMKFZYJIYAF-UHFFFAOYSA-N,RWYFMKFZYJIYAF-UHFFFAOYSA-N,CC1=C(C(=O)C)C(=O)N(C2CCCC2)C3=C1C=NC(=N3)NC4=CC=C(C=N4)N5CCN(CC5)C(=O)CCCCCCCC(=O)NC6=C(C=CC=C6)C(=O)NC7=NC(=C(C)S7)C,False,0.0,mgdb,MG-6788,MG-6788,,,P11802,CDK4,unknown,,False,,,3,cellular_phenotype,nan,False,False,split_from_multi_target_string,,,False
CC(=O)c1c(C)c2cnc(Nc3ccc(N4CCN(CC(=O)NCCCCCCC(=O)Nc5ccccc5C(=O)Nc5nc(C)c(C)s5)CC4)cn3)nc2n(C2CCCC2)c1=O,CC(=O)c1c(C)c2cnc(Nc3ccc(N4CCN(CC(=O)NCCCCCCC(=O)Nc5ccccc5C(=O)Nc5nc(C)c(C)s5)CC4)cn3)nc2n(C2CCCC2)c1=O,LLRMDYPHTNYQNW-UHFFFAOYSA-N,LLRMDYPHTNYQNW-UHFFFAOYSA-N,CC1=C(C(=O)C)C(=O)N(C2CCCC2)C3=C1C=NC(=N3)NC4=NC=C(C=C4)N5CCN(CC5)CC(=O)NCCCCCCC(=O)NC6=C(C=CC=C6)C(=O)NC7=NC(=C(C)S7)C,False,0.0,mgdb,MG-6797,MG-6797,,,P11802,CDK4,unknown,,False,,,3,cellular_phenotype,nan,False,False,split_from_multi_target_string,,,False
CCCCNc1ccc(C(=O)Nc2nc(C)c(C)s2)c(NC(=O)CCOCCOCCNC(=O)CN2CCN(c3ccc(Nc4ncc5c(C)c(C(C)=O)c(=O)n(C6CCCC6)c5n4)nc3)CC2)c1,CCCCNc1ccc(C(=O)Nc2nc(C)c(C)s2)c(NC(=O)CCOCCOCCNC(=O)CN2CCN(c3ccc(Nc4ncc5c(C)c(C(C)=O)c(=O)n(C6CCCC6)c5n4)nc3)CC2)c1,UUJIVXKBQXDDLQ-UHFFFAOYSA-N,UUJIVXKBQXDDLQ-UHFFFAOYSA-N,CCCCNC1=CC(=C(C=C1)C(=O)NC2=NC(=C(C)S2)C)NC(=O)CCOCCOCCNC(=O)CN3CCN(CC3)C4=CN=C(C=C4)NC5=NC6=C(C=N5)C(=C(C(=O)C)C(=O)N6C7CCCC7)C,False,0.0,mgdb,MG-6796,MG-6796,,,P11802,CDK4,unknown,,False,,,3,cellular_phenotype,nan,False,False,split_from_multi_target_string,,,False
CC(=O)c1c(C)c2cnc(Nc3ccc(N4CCN(C(=O)CCCCC(=O)Nc5ccccc5C(=O)Nc5nc(C)c(C)s5)CC4)cc3)nc2n(C2CCCC2)c1=O,CC(=O)c1c(C)c2cnc(Nc3ccc(N4CCN(C(=O)CCCCC(=O)Nc5ccccc5C(=O)Nc5nc(C)c(C)s5)CC4)cc3)nc2n(C2CCCC2)c1=O,QANIYSNFBUICHP-UHFFFAOYSA-N,QANIYSNFBUICHP-UHFFFAOYSA-N,CC1=C(C(=O)C)C(=O)N(C2CCCC2)C3=C1C=NC(=N3)NC4=CC=C(C=C4)N5CCN(CC5)C(=O)CCCCC(=O)NC6=C(C=CC=C6)C(=O)NC7=NC(=C(C)S7)C,False,0.0,mgdb,MG-6784,MG-6784,,,P11802,CDK4,unknown,,False,,,3,cellular_phenotype,nan,False,False,split_from_multi_target_string,,,False
CC(=O)c1c(C)c2cnc(Nc3ccc(N4CCN(CC(=O)NCCOCCOCCC(=O)Nc5cc(N(C)C)ccc5C(=O)Nc5nc(C)c(C)s5)CC4)cn3)nc2n(C2CCCC2)c1=O,CC(=O)c1c(C)c2cnc(Nc3ccc(N4CCN(CC(=O)NCCOCCOCCC(=O)Nc5cc(N(C)C)ccc5C(=O)Nc5nc(C)c(C)s5)CC4)cn3)nc2n(C2CCCC2)c1=O,LIKBJGZTNUUECA-UHFFFAOYSA-N,LIKBJGZTNUUECA-UHFFFAOYSA-N,CC1=C(C(=O)C)C(=O)N(C2CCCC2)C3=C1C=NC(=N3)NC4=CC=C(C=N4)N5CCN(CC5)CC(=O)NCCOCCOCCC(=O)NC6=C(C=CC(=C6)N(C)C)C(=O)NC7=NC(=C(C)S7)C,False,0.0,mgdb,MG-6783,MG-6783,,,P11802,CDK4,unknown,,False,,,3,cellular_phenotype,nan,False,False,split_from_multi_target_string,,,False
CC(=O)c1c(C)c2cnc(Nc3ccc(N4CCN(CC(=O)NCCOCCOCCC(=O)Nc5ccccc5CNc5nc(C)c(C)s5)CC4)cn3)nc2n(C2CCCC2)c1=O,CC(=O)c1c(C)c2cnc(Nc3ccc(N4CCN(CC(=O)NCCOCCOCCC(=O)Nc5ccccc5CNc5nc(C)c(C)s5)CC4)cn3)nc2n(C2CCCC2)c1=O,IBDGFOGESMOMJV-UHFFFAOYSA-N,IBDGFOGESMOMJV-UHFFFAOYSA-N,CC1=C(C(=O)C)C(=O)N(C2CCCC2)C3=C1C=NC(=N3)NC4=NC=C(C=C4)N5CCN(CC5)CC(=O)NCCOCCOCCC(=O)NC6=C(C=CC=C6)CNC7=NC(=C(C)S7)C,False,0.0,mgdb,MG-6782,MG-6782,,,P11802,CDK4,unknown,,False,,,3,cellular_phenotype,nan,False,False,split_from_multi_target_string,,,False
CNc1ccc(C(=O)Nc2nc(C)c(C)s2)c(NC(=O)CCOCCOCCNC(=O)CN2CCN(c3ccc(Nc4ncc5c(C)c(C(C)=O)c(=O)n(C6CCCC6)c5n4)nc3)CC2)c1,CNc1ccc(C(=O)Nc2nc(C)c(C)s2)c(NC(=O)CCOCCOCCNC(=O)CN2CCN(c3ccc(Nc4ncc5c(C)c(C(C)=O)c(=O)n(C6CCCC6)c5n4)nc3)CC2)c1,MXHICNCWFJGISI-UHFFFAOYSA-N,MXHICNCWFJGISI-UHFFFAOYSA-N,CC1=C(C(=O)C)C(=O)N(C2CCCC2)C3=C1C=NC(=N3)NC4=CC=C(C=N4)N5CCN(CC5)CC(=O)NCCOCCOCCC(=O)NC6=C(C=CC(=C6)NC)C(=O)NC7=NC(=C(C)S7)C,False,0.0,mgdb,MG-6792,MG-6792,,,P11802,CDK4,unknown,,False,,,3,cellular_phenotype,nan,False,False,split_from_multi_target_string,,,False
CC(=O)c1c(C)c2cnc(Nc3ccc(N4CCN(C(=O)CCOCCOCCOCCOCCOCCC(=O)Nc5ccccc5C(=O)Nc5nc(C)c(C)s5)CC4)cn3)nc2n(C2CCCC2)c1=O,CC(=O)c1c(C)c2cnc(Nc3ccc(N4CCN(C(=O)CCOCCOCCOCCOCCOCCC(=O)Nc5ccccc5C(=O)Nc5nc(C)c(C)s5)CC4)cn3)nc2n(C2CCCC2)c1=O,BBVVWKAVBAVGQH-UHFFFAOYSA-N,BBVVWKAVBAVGQH-UHFFFAOYSA-N,CC1=C(C(=O)C)C(=O)N(C2CCCC2)C3=C1C=NC(=N3)NC4=NC=C(C=C4)N5CCN(CC5)C(=O)CCOCCOCCOCCOCCOCCC(=O)NC6=C(C=CC=C6)C(=O)NC7=NC(=C(C)S7)C,False,0.0,mgdb,MG-6791,MG-6791,,,P11802,CDK4,unknown,,False,,,3,cellular_phenotype,nan,False,False,split_from_multi_target_string,,,False
CC(=O)c1c(C)c2cnc(Nc3ccc(N4CCN(CC(=O)NCCOCCOCCC(=O)Nc5ccc(N(C)C)cc5C(=O)Nc5nc(C)c(C)s5)CC4)cn3)nc2n(C2CCCC2)c1=O,CC(=O)c1c(C)c2cnc(Nc3ccc(N4CCN(CC(=O)NCCOCCOCCC(=O)Nc5ccc(N(C)C)cc5C(=O)Nc5nc(C)c(C)s5)CC4)cn3)nc2n(C2CCCC2)c1=O,RYIPYLGUGJOTRY-UHFFFAOYSA-N,RYIPYLGUGJOTRY-UHFFFAOYSA-N,CC1=C(C(=O)C)C(=O)N(C2CCCC2)C3=C1C=NC(=N3)NC4=CC=C(C=N4)N5CCN(CC5)CC(=O)NCCOCCOCCC(=O)NC6=C(C=C(C=C6)N(C)C)C(=O)NC7=NC(=C(C)S7)C,False,0.0,mgdb,MG-6779,MG-6779,,,P11802,CDK4,unknown,,False,,,3,cellular_phenotype,nan,False,False,split_from_multi_target_string,,,False
CCCCNc1ccc(NC(=O)CCOCCOCCNC(=O)CN2CCN(c3ccc(Nc4ncc5c(C)c(C(C)=O)c(=O)n(C6CCCC6)c5n4)nc3)CC2)c(C(=O)Nc2nc(C)c(C)s2)c1,CCCCNc1ccc(NC(=O)CCOCCOCCNC(=O)CN2CCN(c3ccc(Nc4ncc5c(C)c(C(C)=O)c(=O)n(C6CCCC6)c5n4)nc3)CC2)c(C(=O)Nc2nc(C)c(C)s2)c1,AAQOJERSEMYBDW-UHFFFAOYSA-N,AAQOJERSEMYBDW-UHFFFAOYSA-N,CCCCNC1=CC(=C(C=C1)NC(=O)CCOCCOCCNC(=O)CN2CCN(CC2)C3=CN=C(C=C3)NC4=NC5=C(C=N4)C(=C(C(=O)C)C(=O)N5C6CCCC6)C)C(=O)NC7=NC(=C(C)S7)C,False,0.0,mgdb,MG-6778,MG-6778,,,P11802,CDK4,unknown,,False,,,3,cellular_phenotype,nan,False,False,split_from_multi_target_string,,,False
CC(=O)c1c(C)c2cnc(Nc3ccc(N4CCN(CC(=O)NCCOCCOCCC(=O)Nc5cc(C)ccc5C(=O)Nc5nc(C)c(C)s5)CC4)cn3)nc2n(C2CCCC2)c1=O,CC(=O)c1c(C)c2cnc(Nc3ccc(N4CCN(CC(=O)NCCOCCOCCC(=O)Nc5cc(C)ccc5C(=O)Nc5nc(C)c(C)s5)CC4)cn3)nc2n(C2CCCC2)c1=O,PJPVZMHYHGAPQQ-UHFFFAOYSA-N,PJPVZMHYHGAPQQ-UHFFFAOYSA-N,CC1=CC(=C(C=C1)C(=O)NC2=NC(=C(C)S2)C)NC(=O)CCOCCOCCNC(=O)CN3CCN(CC3)C4=CN=C(C=C4)NC5=NC6=C(C=N5)C(=C(C(=O)C)C(=O)N6C7CCCC7)C,False,0.0,mgdb,MG-6777,MG-6777,,,P11802,CDK4,unknown,,False,,,3,cellular_phenotype,nan,False,False,split_from_multi_target_string,,,False
CC(=O)c1c(C)c2cnc(Nc3ccc(N4CCN(C(=O)CCCC(=O)Nc5ccccc5C(=O)Nc5nc(C)c(C)s5)CC4)cn3)nc2n(C2CCCC2)c1=O,CC(=O)c1c(C)c2cnc(Nc3ccc(N4CCN(C(=O)CCCC(=O)Nc5ccccc5C(=O)Nc5nc(C)c(C)s5)CC4)cn3)nc2n(C2CCCC2)c1=O,VHPJCOMXKSXESF-UHFFFAOYSA-N,VHPJCOMXKSXESF-UHFFFAOYSA-N,CC1=C(C(=O)C)C(=O)N(C2CCCC2)C3=C1C=NC(=N3)NC4=CC=C(C=N4)N5CCN(CC5)C(=O)CCCC(=O)NC6=C(C=CC=C6)C(=O)NC7=NC(=C(C)S7)C,False,0.0,mgdb,MG-6787,MG-6787,,,P11802,CDK4,unknown,,False,,,3,cellular_phenotype,nan,False,False,split_from_multi_target_string,,,False
CC(=O)c1c(C)c2cnc(Nc3ccc(N4CCN(C(=O)CC(=O)Nc5ccccc5C(=O)Nc5nc(C)c(C)s5)CC4)cn3)nc2n(C2CCCC2)c1=O,CC(=O)c1c(C)c2cnc(Nc3ccc(N4CCN(C(=O)CC(=O)Nc5ccccc5C(=O)Nc5nc(C)c(C)s5)CC4)cn3)nc2n(C2CCCC2)c1=O,QQRFQGVFJIRLSH-UHFFFAOYSA-N,QQRFQGVFJIRLSH-UHFFFAOYSA-N,CC1=C(C(=O)C)C(=O)N(C2CCCC2)C3=C1C=NC(=N3)NC4=CC=C(C=N4)N5CCN(CC5)C(=O)CC(=O)NC6=C(C=CC=C6)C(=O)NC7=NC(=C(C)S7)C,False,0.0,mgdb,MG-6786,MG-6786,,,P11802,CDK4,unknown,,False,,,3,cellular_phenotype,nan,False,False,split_from_multi_target_string,,,False
CC(=O)c1c(C)c2cnc(Nc3ccc(N4CCN(C(=O)CCCCCC(=O)Nc5ccccc5C(=O)Nc5nc(C)c(C)s5)CC4)cn3)nc2n(C2CCCC2)c1=O,CC(=O)c1c(C)c2cnc(Nc3ccc(N4CCN(C(=O)CCCCCC(=O)Nc5ccccc5C(=O)Nc5nc(C)c(C)s5)CC4)cn3)nc2n(C2CCCC2)c1=O,ORASTLIYUUCKFZ-UHFFFAOYSA-N,ORASTLIYUUCKFZ-UHFFFAOYSA-N,CC1=C(C(=O)C)C(=O)N(C2CCCC2)C3=C1C=NC(=N3)NC4=CC=C(C=N4)N5CCN(CC5)C(=O)CCCCCC(=O)NC6=C(C=CC=C6)C(=O)NC7=NC(=C(C)S7)C,False,0.0,mgdb,MG-6785,MG-6785,,,P11802,CDK4,unknown,,False,,,3,cellular_phenotype,nan,False,False,split_from_multi_target_string,,,False
CC(=O)c1c(C)c2cnc(Nc3ccc(N4CCN(CC(=O)NCCC(=O)Nc5ccccc5C(=O)Nc5nc(C)c(C)s5)CC4)cn3)nc2n(C2CCCC2)c1=O,CC(=O)c1c(C)c2cnc(Nc3ccc(N4CCN(CC(=O)NCCC(=O)Nc5ccccc5C(=O)Nc5nc(C)c(C)s5)CC4)cn3)nc2n(C2CCCC2)c1=O,ILQNAFVYIZQSSM-UHFFFAOYSA-N,ILQNAFVYIZQSSM-UHFFFAOYSA-N,CC1=C(C(=O)C)C(=O)N(C2CCCC2)C3=C1C=NC(=N3)NC4=CC=C(C=N4)N5CCN(CC5)CC(=O)NCCC(=O)NC6=C(C=CC=C6)C(=O)NC7=NC(=C(C)S7)C,False,0.0,mgdb,MG-6774,MG-6774,,,P11802,CDK4,unknown,,False,,,3,cellular_phenotype,nan,False,False,split_from_multi_target_string,,,False
CC(=O)c1c(C)c2cnc(Nc3ccc(N4CCN(CC(=O)NCCOCCOCCC(=O)Nc5ccc(C#N)cc5C(=O)Nc5nc(C)c(C)s5)CC4)cn3)nc2n(C2CCCC2)c1=O,CC(=O)c1c(C)c2cnc(Nc3ccc(N4CCN(CC(=O)NCCOCCOCCC(=O)Nc5ccc(C#N)cc5C(=O)Nc5nc(C)c(C)s5)CC4)cn3)nc2n(C2CCCC2)c1=O,USFVMQPVIBRZFV-UHFFFAOYSA-N,USFVMQPVIBRZFV-UHFFFAOYSA-N,CC1=C(C(=O)C)C(=O)N(C2CCCC2)C3=C1C=NC(=N3)NC4=CC=C(C=N4)N5CCN(CC5)CC(=O)NCCOCCOCCC(=O)NC6=C(C=C(C=C6)C#N)C(=O)NC7=NC(=C(C)S7)C,False,0.0,mgdb,MG-6773,MG-6773,,,P11802,CDK4,unknown,,False,,,3,cellular_phenotype,nan,False,False,split_from_multi_target_string,,,False
CC(=O)c1c(C)c2cnc(Nc3ccc(N4CCN(CC(=O)NCCOCCOCCC(=O)Nc5cc(Br)ccc5C(=O)Nc5nc(C)c(C)s5)CC4)cn3)nc2n(C2CCCC2)c1=O,CC(=O)c1c(C)c2cnc(Nc3ccc(N4CCN(CC(=O)NCCOCCOCCC(=O)Nc5cc(Br)ccc5C(=O)Nc5nc(C)c(C)s5)CC4)cn3)nc2n(C2CCCC2)c1=O,HMSWAIGCOXPWMC-UHFFFAOYSA-N,HMSWAIGCOXPWMC-UHFFFAOYSA-N,CC1=C(C(=O)C)C(=O)N(C2CCCC2)C3=C1C=NC(=N3)NC4=CC=C(C=N4)N5CCN(CC5)CC(=O)NCCOCCOCCC(=O)NC6=C(C=CC(=C6)Br)C(=O)NC7=NC(=C(C)S7)C,False,0.0,mgdb,MG-6772,MG-6772,,,P11802,CDK4,unknown,,False,,,3,cellular_phenotype,nan,False,False,split_from_multi_target_string,,,False
CC(=O)c1c(C)c2cnc(Nc3ccc(N4CCN(C(=O)CCC(=O)Nc5ccccc5C(=O)Nc5nc(C)c(C)s5)CC4)cn3)nc2n(C2CCCC2)c1=O,CC(=O)c1c(C)c2cnc(Nc3ccc(N4CCN(C(=O)CCC(=O)Nc5ccccc5C(=O)Nc5nc(C)c(C)s5)CC4)cn3)nc2n(C2CCCC2)c1=O,WTQORLDZGIXBMW-UHFFFAOYSA-N,WTQORLDZGIXBMW-UHFFFAOYSA-N,CC1=C(C(=O)C)C(=O)N(C2CCCC2)C3=C1C=NC(=N3)NC4=CC=C(C=N4)N5CCN(CC5)C(=O)CCC(=O)NC6=C(C=CC=C6)C(=O)NC7=NC(=C(C)S7)C,False,0.0,mgdb,MG-6781,MG-6781,,,P11802,CDK4,unknown,,False,,,3,cellular_phenotype,nan,False,False,split_from_multi_target_string,,,False
CC(=O)c1c(C)c2cnc(Nc3ccc(N4CCN(CC(=O)NCCOCCOCCC(=O)Nc5ccc(F)cc5C(=O)Nc5nc(C)c(C)s5)CC4)cn3)nc2n(C2CCCC2)c1=O,CC(=O)c1c(C)c2cnc(Nc3ccc(N4CCN(CC(=O)NCCOCCOCCC(=O)Nc5ccc(F)cc5C(=O)Nc5nc(C)c(C)s5)CC4)cn3)nc2n(C2CCCC2)c1=O,DLMDUPLFVZOJQE-UHFFFAOYSA-N,DLMDUPLFVZOJQE-UHFFFAOYSA-N,CC1=C(C(=O)C)C(=O)N(C2CCCC2)C3=C1C=NC(=N3)NC4=CC=C(C=N4)N5CCN(CC5)CC(=O)NCCOCCOCCC(=O)NC6=C(C=C(C=C6)F)C(=O)NC7=NC(=C(C)S7)C,False,0.0,mgdb,MG-6780,MG-6780,,,P11802,CDK4,unknown,,False,,,3,cellular_phenotype,nan,False,False,split_from_multi_target_string,,,False
CC(=O)c1c(C)c2cnc(Nc3ccc(N4CCN(CC(=O)NCCOCCOCCC(=O)Nc5cc(Cl)ccc5C(=O)Nc5nc(C)c(C)s5)CC4)cn3)nc2n(C2CCCC2)c1=O,CC(=O)c1c(C)c2cnc(Nc3ccc(N4CCN(CC(=O)NCCOCCOCCC(=O)Nc5cc(Cl)ccc5C(=O)Nc5nc(C)c(C)s5)CC4)cn3)nc2n(C2CCCC2)c1=O,CAOZZHJADDZTBK-UHFFFAOYSA-N,CAOZZHJADDZTBK-UHFFFAOYSA-N,CC1=C(C(=O)C)C(=O)N(C2CCCC2)C3=C1C=NC(=N3)NC4=CC=C(C=N4)N5CCN(CC5)CC(=O)NCCOCCOCCC(=O)NC6=C(C=CC(=C6)Cl)C(=O)NC7=NC(=C(C)S7)C,False,0.0,mgdb,MG-6768,MG-6768,,,P11802,CDK4,unknown,,False,,,3,cellular_phenotype,nan,False,False,split_from_multi_target_string,,,False
CC(=O)c1c(C)c2cnc(Nc3ccc(N4CCN(CC(=O)NCCOCCOCCC(=O)Nc5cccc(C)c5C(=O)Nc5nc(C)c(C)s5)CC4)cc3)nc2n(C2CCCC2)c1=O,CC(=O)c1c(C)c2cnc(Nc3ccc(N4CCN(CC(=O)NCCOCCOCCC(=O)Nc5cccc(C)c5C(=O)Nc5nc(C)c(C)s5)CC4)cc3)nc2n(C2CCCC2)c1=O,MYVJYSGBSUAVHC-UHFFFAOYSA-N,MYVJYSGBSUAVHC-UHFFFAOYSA-N,CC1=CC=CC(=C1C(=O)NC2=NC(=C(C)S2)C)NC(=O)CCOCCOCCNC(=O)CN3CCN(CC3)C4=CC=C(C=C4)NC5=NC6=C(C=N5)C(=C(C(=O)C)C(=O)N6C7CCCC7)C,False,0.0,mgdb,MG-6767,MG-6767,,,P11802,CDK4,unknown,,False,,,3,cellular_phenotype,nan,False,False,split_from_multi_target_string,,,False
CC(=O)c1c(C)c2cnc(Nc3ccc(N4CCN(C(=O)CCCCCCNc5cccc(C(=O)Nc6nc(C)c(C)s6)c5C)CC4)cn3)nc2n(C2CCCC2)c1=O,CC(=O)c1c(C)c2cnc(Nc3ccc(N4CCN(C(=O)CCCCCCNc5cccc(C(=O)Nc6nc(C)c(C)s6)c5C)CC4)cn3)nc2n(C2CCCC2)c1=O,UVFXCEBBKVUMQH-UHFFFAOYSA-N,UVFXCEBBKVUMQH-UHFFFAOYSA-N,CC1=C(C=CC=C1NCCCCCCC(=O)N2CCN(CC2)C3=CN=C(C=C3)NC4=NC5=C(C=N4)C(=C(C(=O)C)C(=O)N5C6CCCC6)C)C(=O)NC7=NC(=C(C)S7)C,False,0.0,mgdb,MG-6766,MG-6766,,,P11802,CDK4,unknown,,False,,,3,cellular_phenotype,nan,False,False,split_from_multi_target_string,,,False
CC(=O)c1c(C)c2cnc(Nc3ccc(N4CCN(CC(=O)NCCOCCC(=O)Nc5ccccc5C(=O)Nc5nc(C)c(C)s5)CC4)cn3)nc2n(C2CCCC2)c1=O,CC(=O)c1c(C)c2cnc(Nc3ccc(N4CCN(CC(=O)NCCOCCC(=O)Nc5ccccc5C(=O)Nc5nc(C)c(C)s5)CC4)cn3)nc2n(C2CCCC2)c1=O,OASWGJGMINSHFT-UHFFFAOYSA-N,OASWGJGMINSHFT-UHFFFAOYSA-N,CC1=C(C(=O)C)C(=O)N(C2CCCC2)C3=C1C=NC(=N3)NC4=NC=C(C=C4)N5CCN(CC5)CC(=O)NCCOCCC(=O)NC6=C(C=CC=C6)C(=O)NC7=NC(=C(C)S7)C,False,0.0,mgdb,MG-6775,MG-6775,,,P11802,CDK4,unknown,,False,,,3,cellular_phenotype,nan,False,False,split_from_multi_target_string,,,False
CC(=O)c1c(C)c2cnc(Nc3ccc(N4CCN(C(=O)CNc5ccc(C)c(C(=O)Nc6nc(C)c(C)s6)c5)CC4)cn3)nc2n(C2CCCC2)c1=O,CC(=O)c1c(C)c2cnc(Nc3ccc(N4CCN(C(=O)CNc5ccc(C)c(C(=O)Nc6nc(C)c(C)s6)c5)CC4)cn3)nc2n(C2CCCC2)c1=O,OYWWOORQKJMICN-UHFFFAOYSA-N,OYWWOORQKJMICN-UHFFFAOYSA-N,CC1=CC=C(C=C1C(=O)NC2=NC(=C(C)S2)C)NCC(=O)N3CCN(CC3)C4=CN=C(C=C4)NC5=NC6=C(C=N5)C(=C(C(=O)C)C(=O)N6C7CCCC7)C,False,0.0,mgdb,MG-6763,MG-6763,,,P11802,CDK4,unknown,,False,,,3,cellular_phenotype,nan,False,False,split_from_multi_target_string,,,False
CC(=O)c1c(C)c2cnc(Nc3ccc(N4CCN(C(=O)CCOCCOCCOCCOCCOCCNc5ccc(C)c(C(=O)Nc6nc(C)c(C)o6)c5)CC4)cc3)nc2n(C2CCCC2)c1=O,CC(=O)c1c(C)c2cnc(Nc3ccc(N4CCN(C(=O)CCOCCOCCOCCOCCOCCNc5ccc(C)c(C(=O)Nc6nc(C)c(C)o6)c5)CC4)cc3)nc2n(C2CCCC2)c1=O,JEYVFPVLYUOIHS-UHFFFAOYSA-N,JEYVFPVLYUOIHS-UHFFFAOYSA-N,CC1=CC=C(C=C1C(=O)NC2=NC(=C(C)O2)C)NCCOCCOCCOCCOCCOCCC(=O)N3CCN(CC3)C4=CC=C(C=C4)NC5=NC6=C(C=N5)C(=C(C(=O)C)C(=O)N6C7CCCC7)C,False,0.0,mgdb,MG-6762,MG-6762,,,P11802,CDK4,unknown,,False,,,3,cellular_phenotype,nan,False,False,split_from_multi_target_string,,,False
CC(=O)c1c(C)c2cnc(Nc3ccc(N4CCN(C(=O)CCOCCOCCOCCOCCOCCOCCNc5cccc(C(=O)Nc6nc(C)c(C)s6)c5C)CC4)cc3)nc2n(C2CCCC2)c1=O,CC(=O)c1c(C)c2cnc(Nc3ccc(N4CCN(C(=O)CCOCCOCCOCCOCCOCCOCCNc5cccc(C(=O)Nc6nc(C)c(C)s6)c5C)CC4)cc3)nc2n(C2CCCC2)c1=O,JEOUTCAFJRAJJM-UHFFFAOYSA-N,JEOUTCAFJRAJJM-UHFFFAOYSA-N,CC1=C(C=CC=C1C(=O)NC2=NC(=C(C)S2)C)NCCOCCOCCOCCOCCOCCOCCC(=O)N3CCN(CC3)C4=CC=C(C=C4)NC5=NC6=C(C=N5)C(=C(C(=O)C)C(=O)N6C7CCCC7)C,False,0.0,mgdb,MG-6761,MG-6761,,,P11802,CDK4,unknown,,False,,,3,cellular_phenotype,nan,False,False,split_from_multi_target_string,,,False
CC(=O)c1c(C)c2cnc(Nc3ccc(N4CCN(CC(=O)NCCOCCOCCC(=O)Nc5cc(F)ccc5C(=O)Nc5nc(C)c(C)s5)CC4)cn3)nc2n(C2CCCC2)c1=O,CC(=O)c1c(C)c2cnc(Nc3ccc(N4CCN(CC(=O)NCCOCCOCCC(=O)Nc5cc(F)ccc5C(=O)Nc5nc(C)c(C)s5)CC4)cn3)nc2n(C2CCCC2)c1=O,ALIJHIPGAJEQJM-UHFFFAOYSA-N,ALIJHIPGAJEQJM-UHFFFAOYSA-N,CC1=C(C(=O)C)C(=O)N(C2CCCC2)C3=C1C=NC(=N3)NC4=NC=C(C=C4)N5CCN(CC5)CC(=O)NCCOCCOCCC(=O)NC6=C(C=CC(=C6)F)C(=O)NC7=NC(=C(C)S7)C,False,0.0,mgdb,MG-6771,MG-6771,,,P11802,CDK4,unknown,,False,,,3,cellular_phenotype,nan,False,False,split_from_multi_target_string,,,False
CC(=O)c1c(C)c2cnc(Nc3ccc(N4CCN(CC(=O)NCCOCCOCCC(=O)Nc5ccc(Cl)cc5C(=O)Nc5nc(C)c(C)s5)CC4)cn3)nc2n(C2CCCC2)c1=O,CC(=O)c1c(C)c2cnc(Nc3ccc(N4CCN(CC(=O)NCCOCCOCCC(=O)Nc5ccc(Cl)cc5C(=O)Nc5nc(C)c(C)s5)CC4)cn3)nc2n(C2CCCC2)c1=O,IAZWWESCOIZFDZ-UHFFFAOYSA-N,IAZWWESCOIZFDZ-UHFFFAOYSA-N,CC1=C(C(=O)C)C(=O)N(C2CCCC2)C3=C1C=NC(=N3)NC4=CC=C(C=N4)N5CCN(CC5)CC(=O)NCCOCCOCCC(=O)NC6=C(C=C(C=C6)Cl)C(=O)NC7=NC(=C(C)S7)C,False,0.0,mgdb,MG-6770,MG-6770,,,P11802,CDK4,unknown,,False,,,3,cellular_phenotype,nan,False,False,split_from_multi_target_string,,,False
CC(=O)c1c(C)c2cnc(Nc3ccc(N4CCN(CC(=O)NCCOCCOCCC(=O)Nc5ccc(C)cc5C(=O)Nc5nc(C)c(C)s5)CC4)cc3)nc2n(C2CCCC2)c1=O,CC(=O)c1c(C)c2cnc(Nc3ccc(N4CCN(CC(=O)NCCOCCOCCC(=O)Nc5ccc(C)cc5C(=O)Nc5nc(C)c(C)s5)CC4)cc3)nc2n(C2CCCC2)c1=O,IVJJYFNCMAXCEJ-UHFFFAOYSA-N,IVJJYFNCMAXCEJ-UHFFFAOYSA-N,CC1=CC(=C(C=C1)NC(=O)CCOCCOCCNC(=O)CN2CCN(CC2)C3=CC=C(C=C3)NC4=NC5=C(C=N4)C(=C(C(=O)C)C(=O)N5C6CCCC6)C)C(=O)NC7=NC(=C(C)S7)C,False,0.0,mgdb,MG-6769,MG-6769,,,P11802,CDK4,unknown,,False,,,3,cellular_phenotype,nan,False,False,split_from_multi_target_string,,,False
CC(=O)c1c(C)c2cnc(Nc3ccc(N4CCN(C(=O)CCOCCOCCNc5ccc(C)c(C(=O)Nc6nc(C)c(C)s6)c5)CC4)cn3)nc2n(C2CCCC2)c1=O,CC(=O)c1c(C)c2cnc(Nc3ccc(N4CCN(C(=O)CCOCCOCCNc5ccc(C)c(C(=O)Nc6nc(C)c(C)s6)c5)CC4)cn3)nc2n(C2CCCC2)c1=O,JVYWKSIQXUDPEM-UHFFFAOYSA-N,JVYWKSIQXUDPEM-UHFFFAOYSA-N,CC1=C(C=C(C=C1)NCCOCCOCCC(=O)N2CCN(CC2)C3=CN=C(C=C3)NC4=NC5=C(C=N4)C(=C(C(=O)C)C(=O)N5C6CCCC6)C)C(=O)NC7=NC(=C(C)S7)C,False,0.0,mgdb,MG-6758,MG-6758,,,P11802,CDK4,unknown,,False,,,3,cellular_phenotype,nan,False,False,split_from_multi_target_string,,,False
CC(=O)c1c(C)c2cnc(Nc3ccc(N4CCN(C(=O)CCCCCNc5ccc(C)c(C(=O)Nc6nc(C)c(C)s6)c5)CC4)cn3)nc2n(C2CCCC2)c1=O,CC(=O)c1c(C)c2cnc(Nc3ccc(N4CCN(C(=O)CCCCCNc5ccc(C)c(C(=O)Nc6nc(C)c(C)s6)c5)CC4)cn3)nc2n(C2CCCC2)c1=O,PVBWAUGWFWPSGE-UHFFFAOYSA-N,PVBWAUGWFWPSGE-UHFFFAOYSA-N,CC1=C(C=C(C=C1)NCCCCCC(=O)N2CCN(CC2)C3=CN=C(C=C3)NC4=NC5=C(C=N4)C(=C(C(=O)C)C(=O)N5C6CCCC6)C)C(=O)NC7=NC(=C(C)S7)C,False,0.0,mgdb,MG-6757,MG-6757,,,P11802,CDK4,unknown,,False,,,3,cellular_phenotype,nan,False,False,split_from_multi_target_string,,,False
CC(=O)c1c(C)c2cnc(Nc3ccc(N4CCN(CC(=O)NCCOCCOCCOCCNc5ccc(C)c(C(=O)Nc6nc(C)c(C)s6)c5)CC4)cc3)nc2n(C2CCCC2)c1=O,CC(=O)c1c(C)c2cnc(Nc3ccc(N4CCN(CC(=O)NCCOCCOCCOCCNc5ccc(C)c(C(=O)Nc6nc(C)c(C)s6)c5)CC4)cc3)nc2n(C2CCCC2)c1=O,PKOUSJJDMSCPIS-UHFFFAOYSA-N,PKOUSJJDMSCPIS-UHFFFAOYSA-N,CC1=C(C=C(C=C1)NCCOCCOCCOCCNC(=O)CN2CCN(CC2)C3=CC=C(C=C3)NC4=NC5=C(C=N4)C(=C(C(=O)C)C(=O)N5C6CCCC6)C)C(=O)NC7=NC(=C(C)S7)C,False,0.0,mgdb,MG-6755,MG-6755,,,P11802,CDK4,unknown,,False,,,3,cellular_phenotype,nan,False,False,split_from_multi_target_string,,,False
CC(=O)c1c(C)c2cnc(Nc3ccc(N4CCN(C(=O)CCCCCNc5cccc(C(=O)Nc6nc(C)c(C)s6)c5C)CC4)cn3)nc2n(C2CCCC2)c1=O,CC(=O)c1c(C)c2cnc(Nc3ccc(N4CCN(C(=O)CCCCCNc5cccc(C(=O)Nc6nc(C)c(C)s6)c5C)CC4)cn3)nc2n(C2CCCC2)c1=O,PRJMTXCNALAZIM-UHFFFAOYSA-N,PRJMTXCNALAZIM-UHFFFAOYSA-N,CC1=C(C=CC=C1NCCCCCC(=O)N2CCN(CC2)C3=CN=C(C=C3)NC4=NC5=C(C=N4)C(=C(C(=O)C)C(=O)N5C6CCCC6)C)C(=O)NC7=NC(=C(C)S7)C,False,0.0,mgdb,MG-6765,MG-6765,,,P11802,CDK4,unknown,,False,,,3,cellular_phenotype,nan,False,False,split_from_multi_target_string,,,False
CC(=O)c1c(C)c2cnc(Nc3ccc(N4CCN(CC(=O)NCCCCCCCC(=O)Nc5ccccc5C(=O)Nc5nc(C)c(C)s5)CC4)cn3)nc2n(C2CCCC2)c1=O,CC(=O)c1c(C)c2cnc(Nc3ccc(N4CCN(CC(=O)NCCCCCCCC(=O)Nc5ccccc5C(=O)Nc5nc(C)c(C)s5)CC4)cn3)nc2n(C2CCCC2)c1=O,VVDFMUXQGUXNKJ-UHFFFAOYSA-N,VVDFMUXQGUXNKJ-UHFFFAOYSA-N,CC1=C(C(=O)C)C(=O)N(C2CCCC2)C3=C1C=NC(=N3)NC4=CC=C(C=N4)N5CCN(CC5)CC(=O)NCCCCCCCC(=O)NC6=C(C=CC=C6)C(=O)NC7=NC(=C(C)S7)C,False,0.0,mgdb,MG-6764,MG-6764,,,P11802,CDK4,unknown,,False,,,3,cellular_phenotype,nan,False,False,split_from_multi_target_string,,,False
CC(=O)c1c(C)c2cnc(Nc3ccc(N4CCN(C(=O)CCOCCOCCOCCOCCNc5cccc(C(=O)Nc6nc(C)c(C)s6)c5C)CC4)cc3)nc2n(C2CCCC2)c1=O,CC(=O)c1c(C)c2cnc(Nc3ccc(N4CCN(C(=O)CCOCCOCCOCCOCCNc5cccc(C(=O)Nc6nc(C)c(C)s6)c5C)CC4)cc3)nc2n(C2CCCC2)c1=O,ZCKCYHJOKZXEMI-UHFFFAOYSA-N,ZCKCYHJOKZXEMI-UHFFFAOYSA-N,CC1=C(C=CC=C1C(=O)NC2=NC(=C(C)S2)C)NCCOCCOCCOCCOCCC(=O)N3CCN(CC3)C4=CC=C(C=C4)NC5=NC6=C(C=N5)C(=C(C(=O)C)C(=O)N6C7CCCC7)C,False,0.0,mgdb,MG-6751,MG-6751,,,P11802,CDK4,unknown,,False,,,3,cellular_phenotype,nan,False,False,split_from_multi_target_string,,,False
CC(=O)c1c(C)c2cnc(Nc3ccc(N4CCN(C(=O)CCOCCOCCOCCNc5cccc(C(=O)Nc6nc(C)c(C)s6)c5C)CC4)cn3)nc2n(C2CCCC2)c1=O,CC(=O)c1c(C)c2cnc(Nc3ccc(N4CCN(C(=O)CCOCCOCCOCCNc5cccc(C(=O)Nc6nc(C)c(C)s6)c5C)CC4)cn3)nc2n(C2CCCC2)c1=O,WCUQXQCQAMUWJQ-UHFFFAOYSA-N,WCUQXQCQAMUWJQ-UHFFFAOYSA-N,CC1=C(C=CC=C1C(=O)NC2=NC(=C(C)S2)C)NCCOCCOCCOCCC(=O)N3CCN(CC3)C4=CN=C(C=C4)NC5=NC6=C(C=N5)C(=C(C(=O)C)C(=O)N6C7CCCC7)C,False,0.0,mgdb,MG-6750,MG-6750,,,P11802,CDK4,unknown,,False,,,3,cellular_phenotype,nan,False,False,split_from_multi_target_string,,,False
CC(=O)c1c(C)c2cnc(Nc3ccc(N4CCN(C(=O)CCOCCOCCNc5cccc(C(=O)Nc6nc(C)c(C)s6)c5C)CC4)cc3)nc2n(C2CCCC2)c1=O,CC(=O)c1c(C)c2cnc(Nc3ccc(N4CCN(C(=O)CCOCCOCCNc5cccc(C(=O)Nc6nc(C)c(C)s6)c5C)CC4)cc3)nc2n(C2CCCC2)c1=O,HOQKVMQYKKPNOC-UHFFFAOYSA-N,HOQKVMQYKKPNOC-UHFFFAOYSA-N,CC1=C(C=CC=C1C(=O)NC2=NC(=C(C)S2)C)NCCOCCOCCC(=O)N3CCN(CC3)C4=CC=C(C=C4)NC5=NC6=C(C=N5)C(=C(C(=O)C)C(=O)N6C7CCCC7)C,False,0.0,mgdb,MG-6749,MG-6749,,,P11802,CDK4,unknown,,False,,,3,cellular_phenotype,nan,False,False,split_from_multi_target_string,,,False
CC(=O)c1c(C)c2cnc(Nc3ncc(N4CCN(CC(=O)NCCOCCOCCOCCOCCOCCOCCNc5ccc(C)c(C(=O)Nc6nc(C)c(C)s6)c5)CC4)cn3)nc2n(C2CCCC2)c1=O,CC(=O)c1c(C)c2cnc(Nc3ncc(N4CCN(CC(=O)NCCOCCOCCOCCOCCOCCOCCNc5ccc(C)c(C(=O)Nc6nc(C)c(C)s6)c5)CC4)cn3)nc2n(C2CCCC2)c1=O,YZLPLNLYGUPYMI-UHFFFAOYSA-N,YZLPLNLYGUPYMI-UHFFFAOYSA-N,CC1=C(C=C(C=C1)NCCOCCOCCOCCOCCOCCOCCNC(=O)CN2CCN(CC2)C3=CN=C(N=C3)NC4=NC5=C(C=N4)C(=C(C(=O)C)C(=O)N5C6CCCC6)C)C(=O)NC7=NC(=C(C)S7)C,False,0.0,mgdb,MG-6760,MG-6760,,,P11802,CDK4,unknown,,False,,,3,cellular_phenotype,nan,False,False,split_from_multi_target_string,,,False
CC(=O)c1c(C)c2cnc(Nc3ccc(N4CCN(C(=O)CCOCCOCCOCCOCCOCCOCCNc5ccc(C)c(C(=O)Nc6nc(C)c(C)s6)c5)CC4)cc3)nc2n(C2CCCC2)c1=O,CC(=O)c1c(C)c2cnc(Nc3ccc(N4CCN(C(=O)CCOCCOCCOCCOCCOCCOCCNc5ccc(C)c(C(=O)Nc6nc(C)c(C)s6)c5)CC4)cc3)nc2n(C2CCCC2)c1=O,KAAMVWFUUVJHOC-UHFFFAOYSA-N,KAAMVWFUUVJHOC-UHFFFAOYSA-N,CC1=C(C=C(C=C1)NCCOCCOCCOCCOCCOCCOCCC(=O)N2CCN(CC2)C3=CC=C(C=C3)NC4=NC5=C(C=N4)C(=C(C(=O)C)C(=O)N5C6CCCC6)C)C(=O)NC7=NC(=C(C)S7)C,False,0.0,mgdb,MG-6759,MG-6759,,,P11802,CDK4,unknown,,False,,,3,cellular_phenotype,nan,False,False,split_from_multi_target_string,,,False
CC(=O)c1c(C)c2cnc(Nc3ccc(N4CCN(CC(=O)NCCOCCOCCOCCOCCNc5ccc(C)c(C(=O)Nc6nc(C)c(C)s6)c5)CC4)nc3)nc2n(C2CCCC2)c1=O,CC(=O)c1c(C)c2cnc(Nc3ccc(N4CCN(CC(=O)NCCOCCOCCOCCOCCNc5ccc(C)c(C(=O)Nc6nc(C)c(C)s6)c5)CC4)nc3)nc2n(C2CCCC2)c1=O,PUAZNAXGLOXFCA-UHFFFAOYSA-N,PUAZNAXGLOXFCA-UHFFFAOYSA-N,CC1=C(C=C(C=C1)NCCOCCOCCOCCOCCNC(=O)CN2CCN(CC2)C3=NC=C(C=C3)NC4=NC5=C(C=N4)C(=C(C(=O)C)C(=O)N5C6CCCC6)C)C(=O)NC7=NC(=C(C)S7)C,False,0.0,mgdb,MG-6746,MG-6746,,,P11802,CDK4,unknown,,False,,,3,cellular_phenotype,nan,False,False,split_from_multi_target_string,,,False
CC(=O)c1c(C)c2cnc(Nc3ccc(N4CCN(CC(=O)NCCCCCCCNc5ccc(C)c(C(=O)Nc6nc(C)c(C)s6)c5)CC4)cn3)nc2n(C2CCCC2)c1=O,CC(=O)c1c(C)c2cnc(Nc3ccc(N4CCN(CC(=O)NCCCCCCCNc5ccc(C)c(C(=O)Nc6nc(C)c(C)s6)c5)CC4)cn3)nc2n(C2CCCC2)c1=O,BHIQBSFKFIRMOK-UHFFFAOYSA-N,BHIQBSFKFIRMOK-UHFFFAOYSA-N,CC1=C(C=C(C=C1)NCCCCCCCNC(=O)CN2CCN(CC2)C3=CN=C(C=C3)NC4=NC5=C(C=N4)C(=C(C(=O)C)C(=O)N5C6CCCC6)C)C(=O)NC7=NC(=C(C)S7)C,False,0.0,mgdb,MG-6745,MG-6745,,,P11802,CDK4,unknown,,False,,,3,cellular_phenotype,nan,False,False,split_from_multi_target_string,,,False
CC(=O)c1c(C)c2cnc(Nc3ccc(N4CCN(CC(=O)NCCCCCNc5ccc(C)c(C(=O)Nc6nc(C)c(C)s6)c5)CC4)cc3)nc2n(C2CCCC2)c1=O,CC(=O)c1c(C)c2cnc(Nc3ccc(N4CCN(CC(=O)NCCCCCNc5ccc(C)c(C(=O)Nc6nc(C)c(C)s6)c5)CC4)cc3)nc2n(C2CCCC2)c1=O,OFOSCUKHUWPBGW-UHFFFAOYSA-N,OFOSCUKHUWPBGW-UHFFFAOYSA-N,CC1=C(C=C(C=C1)NCCCCCNC(=O)CN2CCN(CC2)C3=CC=C(C=C3)NC4=NC5=C(C=N4)C(=C(C(=O)C)C(=O)N5C6CCCC6)C)C(=O)NC7=NC(=C(C)S7)C,False,0.0,mgdb,MG-6744,MG-6744,,,P11802,CDK4,unknown,,False,,,3,cellular_phenotype,nan,False,False,split_from_multi_target_string,,,False
CC(=O)c1c(C)c2cnc(Nc3ccc(N4CCN(C(=O)CCOCCOCCOCCOCCOCCNc5cccc(C(=O)Nc6nc(C)c(C)s6)c5C)CC4)cc3)nc2n(C2CCCC2)c1=O,CC(=O)c1c(C)c2cnc(Nc3ccc(N4CCN(C(=O)CCOCCOCCOCCOCCOCCNc5cccc(C(=O)Nc6nc(C)c(C)s6)c5C)CC4)cc3)nc2n(C2CCCC2)c1=O,HUIICGQLXOSQKD-UHFFFAOYSA-N,HUIICGQLXOSQKD-UHFFFAOYSA-N,CC1=C(C=CC=C1C(=O)NC2=NC(=C(C)S2)C)NCCOCCOCCOCCOCCOCCC(=O)N3CCN(CC3)C4=CC=C(C=C4)NC5=NC6=C(C=N5)C(=C(C(=O)C)C(=O)N6C7CCCC7)C,False,0.0,mgdb,MG-6754,MG-6754,,,P11802,CDK4,unknown,,False,,,3,cellular_phenotype,nan,False,False,split_from_multi_target_string,,,False
CC(=O)c1c(C)c2cnc(Nc3ccc(N4CCN(C(=O)CNc5cccc(C(=O)Nc6nc(C)c(C)s6)c5C)CC4)cn3)nc2n(C2CCCC2)c1=O,CC(=O)c1c(C)c2cnc(Nc3ccc(N4CCN(C(=O)CNc5cccc(C(=O)Nc6nc(C)c(C)s6)c5C)CC4)cn3)nc2n(C2CCCC2)c1=O,SRKNEPZLPPFFCR-UHFFFAOYSA-N,SRKNEPZLPPFFCR-UHFFFAOYSA-N,CC1=C(C)SC(=N1)NC(=O)C2=CC=CC(=C2C)NCC(=O)N3CCN(CC3)C4=CN=C(C=C4)NC5=NC6=C(C=N5)C(=C(C(=O)C)C(=O)N6C7CCCC7)C,False,0.0,mgdb,MG-6752,MG-6752,,,P11802,CDK4,unknown,,False,,,3,cellular_phenotype,nan,False,False,split_from_multi_target_string,,,False
CC(=O)c1c(C)c2cnc(Nc3ccc(N4CCN(CC(=O)NCCCCCCCCC(=O)Nc5ccccc5C(=O)Nc5nc(C)c(C)s5)CC4)cc3)nc2n(C2CCCC2)c1=O,CC(=O)c1c(C)c2cnc(Nc3ccc(N4CCN(CC(=O)NCCCCCCCCC(=O)Nc5ccccc5C(=O)Nc5nc(C)c(C)s5)CC4)cc3)nc2n(C2CCCC2)c1=O,VFISSJCDGBNTPA-UHFFFAOYSA-N,VFISSJCDGBNTPA-UHFFFAOYSA-N,CC1=C(C(=O)C)C(=O)N(C2CCCC2)C3=C1C=NC(=N3)NC4=CC=C(C=C4)N5CCN(CC5)CC(=O)NCCCCCCCCC(=O)NC6=C(C=CC=C6)C(=O)NC7=NC(=C(C)S7)C,False,0.0,mgdb,MG-6741,MG-6741,,,P11802,CDK4,unknown,,False,,,3,cellular_phenotype,nan,False,False,split_from_multi_target_string,,,False
CC(=O)c1c(C)c2cnc(Nc3ccc(N4CCN(C(=O)CCNc5cccc(C(=O)Nc6nc(C)c(C)s6)c5C)CC4)cn3)nc2n(C2CCCC2)c1=O,CC(=O)c1c(C)c2cnc(Nc3ccc(N4CCN(C(=O)CCNc5cccc(C(=O)Nc6nc(C)c(C)s6)c5C)CC4)cn3)nc2n(C2CCCC2)c1=O,INESDLQRDTZSQW-UHFFFAOYSA-N,INESDLQRDTZSQW-UHFFFAOYSA-N,CC1=C(C(=O)C)C(=O)N(C2CCCC2)C3=C1C=NC(=N3)NC4=NC=C(C=C4)N5CCN(CC5)C(=O)CCNC6=C(C)C(=CC=C6)C(=O)NC7=NC(=C(C)S7)C,False,0.0,mgdb,MG-6740,MG-6740,,,P11802,CDK4,unknown,,False,,,3,cellular_phenotype,nan,False,False,split_from_multi_target_string,,,False
CC(=O)c1c(C)c2cnc(Nc3ccc(N4CCN(C(=O)CCOCCOCCOCCNc5ccc(C)c(C(=O)Nc6nc(C)c(C)s6)c5)CC4)cc3)nc2n(C2CCCC2)c1=O,CC(=O)c1c(C)c2cnc(Nc3ccc(N4CCN(C(=O)CCOCCOCCOCCNc5ccc(C)c(C(=O)Nc6nc(C)c(C)s6)c5)CC4)cc3)nc2n(C2CCCC2)c1=O,XDDXYNYPXMWHAS-UHFFFAOYSA-N,XDDXYNYPXMWHAS-UHFFFAOYSA-N,CC1=C(C=C(C=C1)NCCOCCOCCOCCC(=O)N2CCN(CC2)C3=CC=C(C=C3)NC4=NC5=C(C=N4)C(=C(C(=O)C)C(=O)N5C6CCCC6)C)C(=O)NC7=NC(=C(C)S7)C,False,0.0,mgdb,MG-6739,MG-6739,,,P11802,CDK4,unknown,,False,,,3,cellular_phenotype,nan,False,False,split_from_multi_target_string,,,False
CC(=O)c1c(C)c2cnc(Nc3ccc(N4CCN(C(=O)CCOCCNc5cccc(C(=O)Nc6nc(C)c(C)s6)c5C)CC4)cn3)nc2n(C2CCCC2)c1=O,CC(=O)c1c(C)c2cnc(Nc3ccc(N4CCN(C(=O)CCOCCNc5cccc(C(=O)Nc6nc(C)c(C)s6)c5C)CC4)cn3)nc2n(C2CCCC2)c1=O,WLOXTBYAUGOGOX-UHFFFAOYSA-N,WLOXTBYAUGOGOX-UHFFFAOYSA-N,CC1=C(C=CC=C1C(=O)NC2=NC(=C(C)S2)C)NCCOCCC(=O)N3CCN(CC3)C4=CN=C(C=C4)NC5=NC6=C(C=N5)C(=C(C(=O)C)C(=O)N6C7CCCC7)C,False,0.0,mgdb,MG-6748,MG-6748,,,P11802,CDK4,unknown,,False,,,3,cellular_phenotype,nan,False,False,split_from_multi_target_string,,,False
Cc1ccc(NCCOCCOCCOCCOCCC(=O)N2CCN(c3cnc(Nc4ncc(C)c(C(=O)Nc5nc(C)c(C)s5)n4)nc3)CC2)cc1C(=O)Nc1nc(C)c(C)s1,Cc1ccc(NCCOCCOCCOCCOCCC(=O)N2CCN(c3cnc(Nc4ncc(C)c(C(=O)Nc5nc(C)c(C)s5)n4)nc3)CC2)cc1C(=O)Nc1nc(C)c(C)s1,WACYKPYUASHFAY-UHFFFAOYSA-N,WACYKPYUASHFAY-UHFFFAOYSA-N,CC1=C(C(=O)NC2=NC(=C(C)S2)C)N=C(N=C1)NC3=NC=C(C=N3)N4CCN(CC4)C(=O)CCOCCOCCOCCOCCNC5=CC(=C(C)C=C5)C(=O)NC6=NC(=C(C)S6)C,False,0.0,mgdb,MG-6747,MG-6747,,,P11802,CDK4,unknown,,False,,,3,cellular_phenotype,nan,False,False,split_from_multi_target_string,,,False
CC(=O)c1c(C)c2cnc(Nc3ncc(N4CCN(CC(=O)NCCOCCOCCOCCOCCNc5cccc(C(=O)Nc6nc(C)c(C)s6)c5C)CC4)cn3)nc2n(C2CCCC2)c1=O,CC(=O)c1c(C)c2cnc(Nc3ncc(N4CCN(CC(=O)NCCOCCOCCOCCOCCNc5cccc(C(=O)Nc6nc(C)c(C)s6)c5C)CC4)cn3)nc2n(C2CCCC2)c1=O,CWFLOAYRKLZCQB-UHFFFAOYSA-N,CWFLOAYRKLZCQB-UHFFFAOYSA-N,CC1=C(C=CC=C1C(=O)NC2=NC(=C(C)S2)C)NCCOCCOCCOCCOCCNC(=O)CN3CCN(CC3)C4=CN=C(N=C4)NC5=NC6=C(C=N5)C(=C(C(=O)C)C(=O)N6C7CCCC7)C,False,0.0,mgdb,MG-6734,MG-6734,,,P11802,CDK4,unknown,,False,,,3,cellular_phenotype,nan,False,False,split_from_multi_target_string,,,False
CC(=O)c1c(C)c2cnc(Nc3ccc(N4CCN(CC(=O)NCCOCCOCCOCCNc5cccc(C(=O)Nc6nc(C)c(C)s6)c5C)CC4)cc3)nc2n(C2CCCC2)c1=O,CC(=O)c1c(C)c2cnc(Nc3ccc(N4CCN(CC(=O)NCCOCCOCCOCCNc5cccc(C(=O)Nc6nc(C)c(C)s6)c5C)CC4)cc3)nc2n(C2CCCC2)c1=O,IRWCNMBAFNHFHN-UHFFFAOYSA-N,IRWCNMBAFNHFHN-UHFFFAOYSA-N,CC1=C(C(=O)C)C(=O)N(C2CCCC2)C3=C1C=NC(=N3)NC4=CC=C(C=C4)N5CCN(CC5)CC(=O)NCCOCCOCCOCCNC6=C(C)C(=CC=C6)C(=O)NC7=NC(=C(C)S7)C,False,0.0,mgdb,MG-6733,MG-6733,,,P11802,CDK4,unknown,,False,,,3,cellular_phenotype,nan,False,False,split_from_multi_target_string,,,False
CC(=O)c1c(C)c2cnc(Nc3ccc(N4CCN(CC(=O)NCCOCCOCCNc5cccc(C(=O)Nc6nc(C)c(C)s6)c5C)CC4)cn3)nc2n(C2CCCC2)c1=O,CC(=O)c1c(C)c2cnc(Nc3ccc(N4CCN(CC(=O)NCCOCCOCCNc5cccc(C(=O)Nc6nc(C)c(C)s6)c5C)CC4)cn3)nc2n(C2CCCC2)c1=O,RFJOWPHRUPOTTN-UHFFFAOYSA-N,RFJOWPHRUPOTTN-UHFFFAOYSA-N,CC1=C(C=CC=C1C(=O)NC2=NC(=C(C)S2)C)NCCOCCOCCNC(=O)CN3CCN(CC3)C4=CN=C(C=C4)NC5=NC6=C(C=N5)C(=C(C(=O)C)C(=O)N6C7CCCC7)C,False,0.0,mgdb,MG-6732,MG-6732,,,P11802,CDK4,unknown,,False,,,3,cellular_phenotype,nan,False,False,split_from_multi_target_string,,,False
CC(=O)c1c(C)c2cnc(Nc3ccc(N4CCN(CC(=O)NCCOCCOCCC(=O)Nc5ccccc5C(=O)Nc5nc(C)c(C)s5)CC4)cc3)nc2n(C2CCCC2)c1=O,CC(=O)c1c(C)c2cnc(Nc3ccc(N4CCN(CC(=O)NCCOCCOCCC(=O)Nc5ccccc5C(=O)Nc5nc(C)c(C)s5)CC4)cc3)nc2n(C2CCCC2)c1=O,PMDXLHQINLJWPB-UHFFFAOYSA-N,PMDXLHQINLJWPB-UHFFFAOYSA-N,CC1=C(C(=O)C)C(=O)N(C2CCCC2)C3=C1C=NC(=N3)NC4=CC=C(C=C4)N5CCN(CC5)CC(=O)NCCOCCOCCC(=O)NC6=C(C=CC=C6)C(=O)NC7=NC(=C(C)S7)C,False,0.0,mgdb,MG-6743,MG-6743,,,P11802,CDK4,unknown,,False,,,3,cellular_phenotype,nan,False,False,split_from_multi_target_string,,,False
CC(=O)c1c(C)c2cnc(Nc3ccc(N4CCN(CC(=O)NCCOCCOCCOCCC(=O)Nc5ccccc5C(=O)Nc5nc(C)c(C)s5)CC4)cc3)nc2n(C2CCCC2)c1=O,CC(=O)c1c(C)c2cnc(Nc3ccc(N4CCN(CC(=O)NCCOCCOCCOCCC(=O)Nc5ccccc5C(=O)Nc5nc(C)c(C)s5)CC4)cc3)nc2n(C2CCCC2)c1=O,XTCPNXITTZPBKT-UHFFFAOYSA-N,XTCPNXITTZPBKT-UHFFFAOYSA-N,CC1=C(C(=O)C)C(=O)N(C2CCCC2)C3=C1C=NC(=N3)NC4=CC=C(C=C4)N5CCN(CC5)CC(=O)NCCOCCOCCOCCC(=O)NC6=C(C=CC=C6)C(=O)NC7=NC(=C(C)S7)C,False,0.0,mgdb,MG-6742,MG-6742,,,P11802,CDK4,unknown,,False,,,3,cellular_phenotype,nan,False,False,split_from_multi_target_string,,,False
CC(=O)c1c(C)c2cnc(Nc3ccc(N4CCN(CC(=O)NCCCCCCNc5cccc(C(=O)Nc6nc(C)c(C)s6)c5C)CC4)cc3)nc2n(C2CCCC2)c1=O,CC(=O)c1c(C)c2cnc(Nc3ccc(N4CCN(CC(=O)NCCCCCCNc5cccc(C(=O)Nc6nc(C)c(C)s6)c5C)CC4)cc3)nc2n(C2CCCC2)c1=O,OSDMFFDPYSSZGP-UHFFFAOYSA-N,OSDMFFDPYSSZGP-UHFFFAOYSA-N,CC1=C(C=CC=C1C(=O)NC2=NC(=C(C)S2)C)NCCCCCCNC(=O)CN3CCN(CC3)C4=CC=C(C=C4)NC5=NC6=C(C=N5)C(=C(C(=O)C)C(=O)N6C7CCCC7)C,False,0.0,mgdb,MG-6729,MG-6729,,,P11802,CDK4,unknown,,False,,,3,cellular_phenotype,nan,False,False,split_from_multi_target_string,,,False
CC(=O)c1c(C)c2cnc(Nc3ccc(N4CCN(CC(=O)NCCCCCNc5cccc(C(=O)Nc6nc(C)c(C)s6)c5C)CC4)cc3)nc2n(C2CCCC2)c1=O,CC(=O)c1c(C)c2cnc(Nc3ccc(N4CCN(CC(=O)NCCCCCNc5cccc(C(=O)Nc6nc(C)c(C)s6)c5C)CC4)cc3)nc2n(C2CCCC2)c1=O,ARZXKERXHQHVIT-UHFFFAOYSA-N,ARZXKERXHQHVIT-UHFFFAOYSA-N,CC1=C(C=CC=C1C(=O)NC2=NC(=C(C)S2)C)NCCCCCNC(=O)CN3CCN(CC3)C4=CC=C(C=C4)NC5=NC6=C(C=N5)C(=C(C(=O)C)C(=O)N6C7CCCC7)C,False,0.0,mgdb,MG-6728,MG-6728,,,P11802,CDK4,unknown,,False,,,3,cellular_phenotype,nan,False,False,split_from_multi_target_string,,,False
CC(=O)c1c(C)c2cnc(Nc3ccc(N4CCN(CC(=O)NCCCCNc5cccc(C(=O)Nc6nc(C)c(C)s6)c5C)CC4)cn3)nc2n(C2CCCC2)c1=O,CC(=O)c1c(C)c2cnc(Nc3ccc(N4CCN(CC(=O)NCCCCNc5cccc(C(=O)Nc6nc(C)c(C)s6)c5C)CC4)cn3)nc2n(C2CCCC2)c1=O,RBQYYOCFKAKNAG-UHFFFAOYSA-N,RBQYYOCFKAKNAG-UHFFFAOYSA-N,CC1=C(C=CC=C1C(=O)NC2=NC(=C(C)S2)C)NCCCCNC(=O)CN3CCN(CC3)C4=CN=C(C=C4)NC5=NC6=C(C=N5)C(=C(C(=O)C)C(=O)N6C7CCCC7)C,False,0.0,mgdb,MG-6727,MG-6727,,,P11802,CDK4,unknown,,False,,,3,cellular_phenotype,nan,False,False,split_from_multi_target_string,,,False
CC(=O)c1c(C)c2cnc(Nc3ccc(N4CCN(C(=O)CCOCCNc5ccc(C)c(C(=O)Nc6nc(C)c(C)s6)c5)CC4)cn3)nc2n(C2CCCC2)c1=O,CC(=O)c1c(C)c2cnc(Nc3ccc(N4CCN(C(=O)CCOCCNc5ccc(C)c(C(=O)Nc6nc(C)c(C)s6)c5)CC4)cn3)nc2n(C2CCCC2)c1=O,BOJJFEVAPJBHIN-UHFFFAOYSA-N,BOJJFEVAPJBHIN-UHFFFAOYSA-N,CC1=C(C=C(C=C1)NCCOCCC(=O)N2CCN(CC2)C3=CN=C(C=C3)NC4=NC5=C(C=N4)C(=C(C(=O)C)C(=O)N5C6CCCC6)C)C(=O)NC7=NC(=C(C)S7)C,False,0.0,mgdb,MG-6738,MG-6738,,,P11802,CDK4,unknown,,False,,,3,cellular_phenotype,nan,False,False,split_from_multi_target_string,,,False
CC(=O)c1c(C)c2cnc(Nc3ccc(N4CCN(C(=O)CCCCNc5ccc(C)c(C(=O)Nc6nc(C)c(C)s6)c5)CC4)cn3)nc2n(C2CCCC2)c1=O,CC(=O)c1c(C)c2cnc(Nc3ccc(N4CCN(C(=O)CCCCNc5ccc(C)c(C(=O)Nc6nc(C)c(C)s6)c5)CC4)cn3)nc2n(C2CCCC2)c1=O,GMJYPXJYGONOQS-UHFFFAOYSA-N,GMJYPXJYGONOQS-UHFFFAOYSA-N,CC1=C(C=C(C=C1)NCCCCC(=O)N2CCN(CC2)C3=CN=C(C=C3)NC4=NC5=C(C=N4)C(=C(C(=O)C)C(=O)N5C6CCCC6)C)C(=O)NC7=NC(=C(C)S7)C,False,0.0,mgdb,MG-6736,MG-6736,,,P11802,CDK4,unknown,,False,,,3,cellular_phenotype,nan,False,False,split_from_multi_target_string,,,False
CC(=O)c1c(C)c2cnc(Nc3ccc(N4CCN(CC(=O)NCCOCCOCCOCCOCCOCCNc5cccc(C(=O)Nc6nc(C)c(C)s6)c5C)CC4)nc3)nc2n(C2CCCC2)c1=O,CC(=O)c1c(C)c2cnc(Nc3ccc(N4CCN(CC(=O)NCCOCCOCCOCCOCCOCCNc5cccc(C(=O)Nc6nc(C)c(C)s6)c5C)CC4)nc3)nc2n(C2CCCC2)c1=O,LRFJUCOPISEWSK-UHFFFAOYSA-N,LRFJUCOPISEWSK-UHFFFAOYSA-N,CC1=C(C=CC=C1C(=O)NC2=NC(=C(C)S2)C)NCCOCCOCCOCCOCCOCCNC(=O)CN3CCN(CC3)C4=NC=C(C=C4)NC5=NC6=C(C=N5)C(=C(C(=O)C)C(=O)N6C7CCCC7)C,False,0.0,mgdb,MG-6735,MG-6735,,,P11802,CDK4,unknown,,False,,,3,cellular_phenotype,nan,False,False,split_from_multi_target_string,,,False
CC(=O)c1c(C)c2cnc(Nc3ccc(N4CCN(CC(=O)NCCOCCNc5cccc(C(=O)Nc6nc(C)c(C)s6)c5C)CC4)cc3)nc2n(C2CCCC2)c1=O,CC(=O)c1c(C)c2cnc(Nc3ccc(N4CCN(CC(=O)NCCOCCNc5cccc(C(=O)Nc6nc(C)c(C)s6)c5C)CC4)cc3)nc2n(C2CCCC2)c1=O,YWGNXKIAXBRFGF-UHFFFAOYSA-N,YWGNXKIAXBRFGF-UHFFFAOYSA-N,CC1=C(C)SC(=N1)NC(=O)C2=CC=CC(=C2C)NCCOCCNC(=O)CN3CCN(CC3)C4=CC=C(C=C4)NC5=NC6=C(C=N5)C(=C(C(=O)C)C(=O)N6C7CCCC7)C,False,0.0,mgdb,MG-6731,MG-6731,,,P11802,CDK4,unknown,,False,,,3,cellular_phenotype,nan,False,False,split_from_multi_target_string,,,False
CC(=O)c1c(C)c2cnc(Nc3ccc(N4CCN(CC(=O)NCCCCCCCCNc5cccc(C(=O)Nc6nc(C)c(C)s6)c5C)CC4)cc3)nc2n(C2CCCC2)c1=O,CC(=O)c1c(C)c2cnc(Nc3ccc(N4CCN(CC(=O)NCCCCCCCCNc5cccc(C(=O)Nc6nc(C)c(C)s6)c5C)CC4)cc3)nc2n(C2CCCC2)c1=O,ROFKFFQOLASHJH-UHFFFAOYSA-N,ROFKFFQOLASHJH-UHFFFAOYSA-N,CC1=C(C=CC=C1C(=O)NC2=NC(=C(C)S2)C)NCCCCCCCCNC(=O)CN3CCN(CC3)C4=CC=C(C=C4)NC5=NC6=C(C=N5)C(=C(C(=O)C)C(=O)N6C7CCCC7)C,False,0.0,mgdb,MG-6730,MG-6730,,,P11802,CDK4,unknown,,False,,,3,cellular_phenotype,nan,False,False,split_from_multi_target_string,,,False
CC(=O)c1c(C)c2cnc(Nc3ccc(N4CCN(CC(=O)NCCOCCOCCOCCOCCOCCNc5ccc(C)c(C(=O)Nc6nc(C)c(C)s6)c5)CC4)cc3)nc2n(C2CCCC2)c1=O,CC(=O)c1c(C)c2cnc(Nc3ccc(N4CCN(CC(=O)NCCOCCOCCOCCOCCOCCNc5ccc(C)c(C(=O)Nc6nc(C)c(C)s6)c5)CC4)cc3)nc2n(C2CCCC2)c1=O,VFYJJOQAEICMCR-UHFFFAOYSA-N,VFYJJOQAEICMCR-UHFFFAOYSA-N,CC1=C(C=C(C=C1)NCCOCCOCCOCCOCCOCCNC(=O)CN2CCN(CC2)C3=CC=C(C=C3)NC4=NC5=C(C=N4)C(=C(C(=O)C)C(=O)N5C6CCCC6)C)C(=O)NC7=NC(=C(C)S7)C,False,0.0,mgdb,MG-6725,MG-6725,,,P11802,CDK4,unknown,,False,,,3,cellular_phenotype,nan,False,False,split_from_multi_target_string,,,False
CC(=O)c1c(C)c2cnc(Nc3ccc(N4CCN(CC(=O)NCCOCCNc5ccc(C)c(C(=O)Nc6nc(C)c(C)s6)c5)CC4)cc3)nc2n(C2CCCC2)c1=O,CC(=O)c1c(C)c2cnc(Nc3ccc(N4CCN(CC(=O)NCCOCCNc5ccc(C)c(C(=O)Nc6nc(C)c(C)s6)c5)CC4)cc3)nc2n(C2CCCC2)c1=O,XWALEBGBXQLGRF-UHFFFAOYSA-N,XWALEBGBXQLGRF-UHFFFAOYSA-N,CC1=C(C=C(C=C1)NCCOCCNC(=O)CN2CCN(CC2)C3=CC=C(C=C3)NC4=NC5=C(C=N4)C(=C(C(=O)C)C(=O)N5C6CCCC6)C)C(=O)NC7=NC(=C(C)S7)C,False,0.0,mgdb,MG-6724,MG-6724,,,P11802,CDK4,unknown,,False,,,3,cellular_phenotype,nan,False,False,split_from_multi_target_string,,,False
CC(=O)c1c(C)c2cnc(Nc3ccc(N4CCN(CC(=O)NCCCCCCCCNc5ccc(C)c(C(=O)Nc6nc(C)c(C)s6)c5)CC4)cn3)nc2n(C2CCCC2)c1=O,CC(=O)c1c(C)c2cnc(Nc3ccc(N4CCN(CC(=O)NCCCCCCCCNc5ccc(C)c(C(=O)Nc6nc(C)c(C)s6)c5)CC4)cn3)nc2n(C2CCCC2)c1=O,KVFWLJXIFWPOKU-UHFFFAOYSA-N,KVFWLJXIFWPOKU-UHFFFAOYSA-N,CC1=C(C=C(C=C1)NCCCCCCCCNC(=O)CN2CCN(CC2)C3=CN=C(C=C3)NC4=NC5=C(C=N4)C(=C(C(=O)C)C(=O)N5C6CCCC6)C)C(=O)NC7=NC(=C(C)S7)C,False,0.0,mgdb,MG-6723,MG-6723,,,P11802,CDK4,unknown,,False,,,3,cellular_phenotype,nan,False,False,split_from_multi_target_string,,,False
CC(=O)c1c(C)c2cnc(Nc3ccc(N4CCN(CC(=O)NCCCCCCNc5ccc(C)c(C(=O)Nc6nc(C)c(C)s6)c5)CC4)cn3)nc2n(C2CCCC2)c1=O,CC(=O)c1c(C)c2cnc(Nc3ccc(N4CCN(CC(=O)NCCCCCCNc5ccc(C)c(C(=O)Nc6nc(C)c(C)s6)c5)CC4)cn3)nc2n(C2CCCC2)c1=O,AYZSRJKBBCEQRQ-UHFFFAOYSA-N,AYZSRJKBBCEQRQ-UHFFFAOYSA-N,CC1=C(C=C(C=C1)NCCCCCCNC(=O)CN2CCN(CC2)C3=CN=C(C=C3)NC4=NC5=C(C=N4)C(=C(C(=O)C)C(=O)N5C6CCCC6)C)C(=O)NC7=NC(=C(C)S7)C,False,0.0,mgdb,MG-6722,MG-6722,,,P11802,CDK4,unknown,,False,,,3,cellular_phenotype,nan,False,False,split_from_multi_target_string,,,False
CC(=O)c1c(C)c2cnc(Nc3ccc(N4CCN(CC(=O)NCCNc5cccc(C(=O)Nc6nc(C)c(C)s6)c5C)CC4)cn3)nc2n(C2CCCC2)c1=O,CC(=O)c1c(C)c2cnc(Nc3ccc(N4CCN(CC(=O)NCCNc5cccc(C(=O)Nc6nc(C)c(C)s6)c5C)CC4)cn3)nc2n(C2CCCC2)c1=O,AIKPNDIMSRCNBJ-UHFFFAOYSA-N,AIKPNDIMSRCNBJ-UHFFFAOYSA-N,CC1=C(C=CC=C1C(=O)NC2=NC(=C(C)S2)C)NCCNC(=O)CN3CCN(CC3)C4=CN=C(C=C4)NC5=NC6=C(C=N5)C(=C(C(=O)C)C(=O)N6C7CCCC7)C,False,0.0,mgdb,MG-6720,MG-6720,,,P11802,CDK4,unknown,,False,,,3,cellular_phenotype,nan,False,False,split_from_multi_target_string,,,False
CC(=O)c1c(C)c2cnc(Nc3ccc(N4CCN(C(=O)CCNc5ccc(C)c(C(=O)Nc6nc(C)c(C)s6)c5)CC4)cn3)nc2n(C2CCCC2)c1=O,CC(=O)c1c(C)c2cnc(Nc3ccc(N4CCN(C(=O)CCNc5ccc(C)c(C(=O)Nc6nc(C)c(C)s6)c5)CC4)cn3)nc2n(C2CCCC2)c1=O,HOCDUNMCSUARFD-UHFFFAOYSA-N,HOCDUNMCSUARFD-UHFFFAOYSA-N,CC1=C(C=C(C=C1)NCCC(=O)N2CCN(CC2)C3=CN=C(C=C3)NC4=NC5=C(C=N4)C(=C(C(=O)C)C(=O)N5C6CCCC6)C)C(=O)NC7=NC(=C(C)S7)C,False,0.0,mgdb,MG-6719,MG-6719,,,P11802,CDK4,unknown,,False,,,3,cellular_phenotype,nan,False,False,split_from_multi_target_string,,,False
CC(=O)c1c(C)c2cnc(Nc3ccc(N4CCN(CC(=O)NCCCCCCCCNc5cccc(C(=O)Nc6nc(C)c(C)s6)c5C)CC4)cn3)nc2n(C2CCCC2)c1=O,CC(=O)c1c(C)c2cnc(Nc3ccc(N4CCN(CC(=O)NCCCCCCCCNc5cccc(C(=O)Nc6nc(C)c(C)s6)c5C)CC4)cn3)nc2n(C2CCCC2)c1=O,YPRPEYHJUNGESQ-UHFFFAOYSA-N,YPRPEYHJUNGESQ-UHFFFAOYSA-N,CC1=C(C=CC=C1C(=O)NC2=NC(=C(C)S2)C)NCCCCCCCCNC(=O)CN3CCN(CC3)C4=CN=C(C=C4)NC5=NC6=C(C=N5)C(=C(C(=O)C)C(=O)N6C7CCCC7)C,False,0.0,mgdb,MG-6718,MG-6718,,,P11802,CDK4,unknown,,False,,,3,cellular_phenotype,nan,False,False,split_from_multi_target_string,,,False
CC(=O)c1c(C)c2cnc(Nc3ccc(N4CCN(CC(=O)NCCOCCOCCNc5ccc(C)c(C(=O)Nc6nc(C)c(C)s6)c5)CC4)cn3)nc2n(C2CCCC2)c1=O,CC(=O)c1c(C)c2cnc(Nc3ccc(N4CCN(CC(=O)NCCOCCOCCNc5ccc(C)c(C(=O)Nc6nc(C)c(C)s6)c5)CC4)cn3)nc2n(C2CCCC2)c1=O,VLVGCPFHTZQVSK-UHFFFAOYSA-N,VLVGCPFHTZQVSK-UHFFFAOYSA-N,CC1=C(C=C(C=C1)NCCOCCOCCNC(=O)CN2CCN(CC2)C3=CN=C(C=C3)NC4=NC5=C(C=N4)C(=C(C(=O)C)C(=O)N5C6CCCC6)C)C(=O)NC7=NC(=C(C)S7)C,False,0.0,mgdb,MG-6717,MG-6717,,,P11802,CDK4,unknown,,False,,,3,cellular_phenotype,nan,False,False,split_from_multi_target_string,,,False
CC(=O)c1c(C)c2cnc(Nc3ccc(N4CCN(CC(=O)NCCCCNc5ccc(C)c(C(=O)Nc6nc(C)c(C)s6)c5)CC4)cn3)nc2n(C2CCCC2)c1=O,CC(=O)c1c(C)c2cnc(Nc3ccc(N4CCN(CC(=O)NCCCCNc5ccc(C)c(C(=O)Nc6nc(C)c(C)s6)c5)CC4)cn3)nc2n(C2CCCC2)c1=O,LGVMDEHAPXRMSY-UHFFFAOYSA-N,LGVMDEHAPXRMSY-UHFFFAOYSA-N,CC1=C(C=C(C=C1)NCCCCNC(=O)CN2CCN(CC2)C3=CN=C(C=C3)NC4=NC5=C(C=N4)C(=C(C(=O)C)C(=O)N5C6CCCC6)C)C(=O)NC7=NC(=C(C)S7)C,False,0.0,mgdb,MG-6716,MG-6716,,,P11802,CDK4,unknown,,False,,,3,cellular_phenotype,nan,False,False,split_from_multi_target_string,,,False
CC(=O)c1c(C)c2cnc(Nc3ccc(N4CCN(CC(=O)NCCCNc5cccc(C(=O)Nc6nc(C)c(C)s6)c5C)CC4)cn3)nc2n(C2CCCC2)c1=O,CC(=O)c1c(C)c2cnc(Nc3ccc(N4CCN(CC(=O)NCCCNc5cccc(C(=O)Nc6nc(C)c(C)s6)c5C)CC4)cn3)nc2n(C2CCCC2)c1=O,JTBUCPUBZJPTQS-UHFFFAOYSA-N,JTBUCPUBZJPTQS-UHFFFAOYSA-N,CC1=C(C=CC=C1C(=O)NC2=NC(=C(C)S2)C)NCCCNC(=O)CN3CCN(CC3)C4=CN=C(C=C4)NC5=NC6=C(C=N5)C(=C(C(=O)C)C(=O)N6C7CCCC7)C,False,0.0,mgdb,MG-6726,MG-6726,,,P11802,CDK4,unknown,,False,,,3,cellular_phenotype,nan,False,False,split_from_multi_target_string,,,False
CC(=O)c1c(C)c2cnc(Nc3ccc(N4CCN(CCNCCOCCOCCNc5cccc(C(=O)Nc6nc(C)c(C)o6)c5C)CC4)cn3)nc2n(C2CCCC2)c1=O,CC(=O)c1c(C)c2cnc(Nc3ccc(N4CCN(CCNCCOCCOCCNc5cccc(C(=O)Nc6nc(C)c(C)o6)c5C)CC4)cn3)nc2n(C2CCCC2)c1=O,VEGGCUAPVFJPBT-UHFFFAOYSA-N,VEGGCUAPVFJPBT-UHFFFAOYSA-N,CC1=C(C=CC=C1C(=O)NC2=NC(=C(C)O2)C)NCCOCCOCCNCCN3CCN(CC3)C4=CC=C(N=C4)NC5=NC6=C(C=N5)C(=C(C(=O)C)C(=O)N6C7CCCC7)C,False,0.0,mgdb,MG-6714,MG-6714,,,P11802,CDK4,unknown,,False,,,3,cellular_phenotype,nan,False,False,split_from_multi_target_string,,,False
COc1ccc(NC(=O)c2ccccc2NC(=O)CCOCCOCCNC(=O)CN2CCN(c3ccc(Nc4ncc5c(C)c(C(C)=O)c(=O)n(C6CCCC6)c5n4)nc3)CC2)nn1,COc1ccc(NC(=O)c2ccccc2NC(=O)CCOCCOCCNC(=O)CN2CCN(c3ccc(Nc4ncc5c(C)c(C(C)=O)c(=O)n(C6CCCC6)c5n4)nc3)CC2)nn1,BELANKPRWGDGAW-UHFFFAOYSA-N,BELANKPRWGDGAW-UHFFFAOYSA-N,CC1=C(C(=O)C)C(=O)N(C2CCCC2)C3=C1C=NC(=N3)NC4=CC=C(C=N4)N5CCN(CC5)CC(=O)NCCOCCOCCC(=O)NC6=CC=CC=C6C(=O)NC7=CC=C(N=N7)OC,False,0.0,mgdb,MG-6713,MG-6713,,,P11802,CDK4,unknown,,False,,,3,cellular_phenotype,nan,False,False,split_from_multi_target_string,,,False
CC(=O)c1c(C)c2cnc(Nc3ccc(N4CCN(CC(=O)NCCOCCOCCC(=O)Nc5ccccc5C(=O)Nc5ccc(C(F)(F)F)cn5)CC4)cn3)nc2n(C2CCCC2)c1=O,CC(=O)c1c(C)c2cnc(Nc3ccc(N4CCN(CC(=O)NCCOCCOCCC(=O)Nc5ccccc5C(=O)Nc5ccc(C(F)(F)F)cn5)CC4)cn3)nc2n(C2CCCC2)c1=O,KAGVIJMUYACLBN-UHFFFAOYSA-N,KAGVIJMUYACLBN-UHFFFAOYSA-N,CC1=C(C(=O)C)C(=O)N(C2CCCC2)C3=C1C=NC(=N3)NC4=CC=C(C=N4)N5CCN(CC5)CC(=O)NCCOCCOCCC(=O)NC6=C(C=CC=C6)C(=O)NC7=NC=C(C=C7)C(F)(F)F,False,0.0,mgdb,MG-6712,MG-6712,,,P11802,CDK4,unknown,,False,,,3,cellular_phenotype,nan,False,False,split_from_multi_target_string,,,False
CC(=O)c1c(C)c2cnc(Nc3ccc(N4CCN(CC(=O)NCCOCCOCCC(=O)Nc5ccccc5C(=O)Nc5ccc(O)cn5)CC4)cn3)nc2n(C2CCCC2)c1=O,CC(=O)c1c(C)c2cnc(Nc3ccc(N4CCN(CC(=O)NCCOCCOCCC(=O)Nc5ccccc5C(=O)Nc5ccc(O)cn5)CC4)cn3)nc2n(C2CCCC2)c1=O,YQCWOHYMTYVFAC-UHFFFAOYSA-N,YQCWOHYMTYVFAC-UHFFFAOYSA-N,CC1=C(C(=O)C)C(=O)N(C2CCCC2)C3=C1C=NC(=N3)NC4=CC=C(C=N4)N5CCN(CC5)CC(=O)NCCOCCOCCC(=O)NC6=C(C=CC=C6)C(=O)NC7=CC=C(C=N7)O,False,0.0,mgdb,MG-6711,MG-6711,,,P11802,CDK4,unknown,,False,,,3,cellular_phenotype,nan,False,False,split_from_multi_target_string,,,False
CC(=O)c1c(C)c2cnc(Nc3ccc(N4CCN(CC(=O)NCCNc5ccc(C)c(C(=O)Nc6nc(C)c(C)s6)c5)CC4)cn3)nc2n(C2CCCC2)c1=O,CC(=O)c1c(C)c2cnc(Nc3ccc(N4CCN(CC(=O)NCCNc5ccc(C)c(C(=O)Nc6nc(C)c(C)s6)c5)CC4)cn3)nc2n(C2CCCC2)c1=O,UJLNPKHDJXRZEI-UHFFFAOYSA-N,UJLNPKHDJXRZEI-UHFFFAOYSA-N,CC1=C(C=C(C=C1)NCCNC(=O)CN2CCN(CC2)C3=CN=C(C=C3)NC4=NC5=C(C=N4)C(=C(C(=O)C)C(=O)N5C6CCCC6)C)C(=O)NC7=NC(=C(C)S7)C,False,0.0,mgdb,MG-6721,MG-6721,,,P11802,CDK4,unknown,,False,,,3,cellular_phenotype,nan,False,False,split_from_multi_target_string,,,False
CC(=O)c1c(C)c2cnc(Nc3ccc(N4CCN(CC(=O)NCCOCCOCCC(=O)Nc5ccccc5C(=O)Nc5nc(C6CCN(C)CC6)c(C)s5)CC4)cn3)nc2n(C2CCCC2)c1=O,CC(=O)c1c(C)c2cnc(Nc3ccc(N4CCN(CC(=O)NCCOCCOCCC(=O)Nc5ccccc5C(=O)Nc5nc(C6CCN(C)CC6)c(C)s5)CC4)cn3)nc2n(C2CCCC2)c1=O,NMQBNYTWVLUHBB-UHFFFAOYSA-N,NMQBNYTWVLUHBB-UHFFFAOYSA-N,CC1=C(C(=O)C)C(=O)N(C2CCCC2)C3=C1C=NC(=N3)NC4=CC=C(C=N4)N5CCN(CC5)CC(=O)NCCOCCOCCC(=O)NC6=C(C=CC=C6)C(=O)NC7=NC(=C(C)S7)C8CCN(C)CC8,False,0.0,mgdb,MG-6708,MG-6708,,,P11802,CDK4,unknown,,False,,,3,cellular_phenotype,nan,False,False,split_from_multi_target_string,,,False
CC(=O)c1c(C)c2cnc(Nc3ccc(N4CCN(CC(=O)NCCOCCOCCC(=O)Nc5ccccc5C(=O)Nc5cc(C6CC6)n(C)n5)CC4)cn3)nc2n(C2CCCC2)c1=O,CC(=O)c1c(C)c2cnc(Nc3ccc(N4CCN(CC(=O)NCCOCCOCCC(=O)Nc5ccccc5C(=O)Nc5cc(C6CC6)n(C)n5)CC4)cn3)nc2n(C2CCCC2)c1=O,VBJMENQKJBEBHY-UHFFFAOYSA-N,VBJMENQKJBEBHY-UHFFFAOYSA-N,CC1=C(C(=O)C)C(=O)N(C2CCCC2)C3=C1C=NC(=N3)NC4=CC=C(C=N4)N5CCN(CC5)CC(=O)NCCOCCOCCC(=O)NC6=C(C=CC=C6)C(=O)NC7=NN(C)C(=C7)C8CC8,False,0.0,mgdb,MG-6707,MG-6707,,,P11802,CDK4,unknown,,False,,,3,cellular_phenotype,nan,False,False,split_from_multi_target_string,,,False
CC(=O)c1c(C)c2cnc(Nc3ccc(N4CCN(CCCCCCCCCCNc5cccc(C(=O)Nc6nc(C)c(C)s6)c5C)CC4)cn3)nc2n(C2CCCC2)c1=O,CC(=O)c1c(C)c2cnc(Nc3ccc(N4CCN(CCCCCCCCCCNc5cccc(C(=O)Nc6nc(C)c(C)s6)c5C)CC4)cn3)nc2n(C2CCCC2)c1=O,IIKVZAKJJLQWJW-UHFFFAOYSA-N,IIKVZAKJJLQWJW-UHFFFAOYSA-N,CC1=C(C=CC=C1C(=O)NC2=NC(=C(C)S2)C)NCCCCCCCCCCN3CCN(CC3)C4=CC=C(N=C4)NC5=NC6=C(C=N5)C(=C(C(=O)C)C(=O)N6C7CCCC7)C,False,0.0,mgdb,MG-6706,MG-6706,,,P11802,CDK4,unknown,,False,,,3,cellular_phenotype,nan,False,False,split_from_multi_target_string,,,False
CC(=O)c1c(C)c2cnc(Nc3ccc(N4CCN(CC(=O)NCCCNc5ccc(C)c(C(=O)Nc6nc(C)c(C)s6)c5)CC4)cc3)nc2n(C2CCCC2)c1=O,CC(=O)c1c(C)c2cnc(Nc3ccc(N4CCN(CC(=O)NCCCNc5ccc(C)c(C(=O)Nc6nc(C)c(C)s6)c5)CC4)cc3)nc2n(C2CCCC2)c1=O,XQQDDTCOEIGZNO-UHFFFAOYSA-N,XQQDDTCOEIGZNO-UHFFFAOYSA-N,CC1=C(C=C(C=C1)NCCCNC(=O)CN2CCN(CC2)C3=CC=C(C=C3)NC4=NC5=C(C=N4)C(=C(C(=O)C)C(=O)N5C6CCCC6)C)C(=O)NC7=NC(=C(C)S7)C,False,0.0,mgdb,MG-6715,MG-6715,,,P11802,CDK4,unknown,,False,,,3,cellular_phenotype,nan,False,False,split_from_multi_target_string,,,False
CC(=O)c1c(C)c2cnc(Nc3ccc(N4CCN(CC(=O)NCCOCCOCCC(=O)Nc5ccccc5C(=O)Nc5ccc(Cl)cn5)CC4)cn3)nc2n(C2CCCC2)c1=O,CC(=O)c1c(C)c2cnc(Nc3ccc(N4CCN(CC(=O)NCCOCCOCCC(=O)Nc5ccccc5C(=O)Nc5ccc(Cl)cn5)CC4)cn3)nc2n(C2CCCC2)c1=O,ULJLYQCCVMWLSR-UHFFFAOYSA-N,ULJLYQCCVMWLSR-UHFFFAOYSA-N,CC1=C(C(=O)C)C(=O)N(C2CCCC2)C3=C1C=NC(=N3)NC4=CC=C(C=N4)N5CCN(CC5)CC(=O)NCCOCCOCCC(=O)NC6=C(C=CC=C6)C(=O)NC7=CC=C(C=N7)Cl,False,0.0,mgdb,MG-6710,MG-6710,,,P11802,CDK4,unknown,,False,,,3,cellular_phenotype,nan,False,False,split_from_multi_target_string,,,False
CC(=O)c1c(C)c2cnc(Nc3ccc(N4CCN(CC(=O)NCCOCCOCCC(=O)Nc5ccccc5C(=O)Nc5ccc(F)cn5)CC4)cn3)nc2n(C2CCCC2)c1=O,CC(=O)c1c(C)c2cnc(Nc3ccc(N4CCN(CC(=O)NCCOCCOCCC(=O)Nc5ccccc5C(=O)Nc5ccc(F)cn5)CC4)cn3)nc2n(C2CCCC2)c1=O,CONGRHDBQDEKFJ-UHFFFAOYSA-N,CONGRHDBQDEKFJ-UHFFFAOYSA-N,CC1=C(C(=O)C)C(=O)N(C2CCCC2)C3=C1C=NC(=N3)NC4=CC=C(C=N4)N5CCN(CC5)CC(=O)NCCOCCOCCC(=O)NC6=C(C=CC=C6)C(=O)NC7=CC=C(C=N7)F,False,0.0,mgdb,MG-6709,MG-6709,,,P11802,CDK4,unknown,,False,,,3,cellular_phenotype,nan,False,False,split_from_multi_target_string,,,False
CC(=O)c1c(C)c2cnc(Nc3ccc(N4CCN(CC(=O)NCCOCCOCCC(=O)Nc5ccccc5C(=O)Nc5cc[nH]n5)CC4)cn3)nc2n(C2CCCC2)c1=O,CC(=O)c1c(C)c2cnc(Nc3ccc(N4CCN(CC(=O)NCCOCCOCCC(=O)Nc5ccccc5C(=O)Nc5cc[nH]n5)CC4)cn3)nc2n(C2CCCC2)c1=O,AIDYGNCSNZRKKJ-UHFFFAOYSA-N,AIDYGNCSNZRKKJ-UHFFFAOYSA-N,CC1=C(C(=O)C)C(=O)N(C2CCCC2)C3=C1C=NC(=N3)NC4=CC=C(C=N4)N5CCN(CC5)CC(=O)NCCOCCOCCC(=O)NC6=C(C=CC=C6)C(=O)NC7=NNC=C7,False,0.0,mgdb,MG-6701,MG-6701,,,P11802,CDK4,unknown,,False,,,3,cellular_phenotype,nan,False,False,split_from_multi_target_string,,,False
CC(=O)c1c(C)c2cnc(Nc3ccc(N4CCN(CC(=O)NCCOCCOCCC(=O)Nc5ccccc5C(=O)Nc5nc(C6CCNCC6)c(C)s5)CC4)cn3)nc2n(C2CCCC2)c1=O,CC(=O)c1c(C)c2cnc(Nc3ccc(N4CCN(CC(=O)NCCOCCOCCC(=O)Nc5ccccc5C(=O)Nc5nc(C6CCNCC6)c(C)s5)CC4)cn3)nc2n(C2CCCC2)c1=O,SRKDHYRWBMAJQH-UHFFFAOYSA-N,SRKDHYRWBMAJQH-UHFFFAOYSA-N,CC1=C(C(=O)C)C(=O)N(C2CCCC2)C3=C1C=NC(=N3)NC4=CC=C(C=N4)N5CCN(CC5)CC(=O)NCCOCCOCCC(=O)NC6=C(C=CC=C6)C(=O)NC7=NC(=C(C)S7)C8CCNCC8,False,0.0,mgdb,MG-6700,MG-6700,,,P11802,CDK4,unknown,,False,,,3,cellular_phenotype,nan,False,False,split_from_multi_target_string,,,False
CC(=O)c1c(C)c2cnc(Nc3ccc(N4CCN(CC(=O)NCCOCCOCCC(=O)Nc5ccccc5C(=O)Nc5nc(C(F)(F)F)c(C)s5)CC4)cn3)nc2n(C2CCCC2)c1=O,CC(=O)c1c(C)c2cnc(Nc3ccc(N4CCN(CC(=O)NCCOCCOCCC(=O)Nc5ccccc5C(=O)Nc5nc(C(F)(F)F)c(C)s5)CC4)cn3)nc2n(C2CCCC2)c1=O,GADSDHIJIMPQPF-UHFFFAOYSA-N,GADSDHIJIMPQPF-UHFFFAOYSA-N,CC1=C(C(=O)C)C(=O)N(C2CCCC2)C3=C1C=NC(=N3)NC4=CC=C(C=N4)N5CCN(CC5)CC(=O)NCCOCCOCCC(=O)NC6=C(C=CC=C6)C(=O)NC7=NC(=C(C)S7)C(F)(F)F,False,0.0,mgdb,MG-6705,MG-6705,,,P11802,CDK4,unknown,,False,,,3,cellular_phenotype,nan,False,False,split_from_multi_target_string,,,False
CC(=O)c1c(C)c2cnc(Nc3ccc(N4CCN(CC(=O)NCCOCCOCCC(=O)Nc5ccccc5C(=O)Nc5cc(C)n(C(C)C)n5)CC4)cn3)nc2n(C2CCCC2)c1=O,CC(=O)c1c(C)c2cnc(Nc3ccc(N4CCN(CC(=O)NCCOCCOCCC(=O)Nc5ccccc5C(=O)Nc5cc(C)n(C(C)C)n5)CC4)cn3)nc2n(C2CCCC2)c1=O,OFLXLTRWVWGHCE-UHFFFAOYSA-N,OFLXLTRWVWGHCE-UHFFFAOYSA-N,CC(C)N1C(=CC(=N1)NC(=O)C2=C(C=CC=C2)NC(=O)CCOCCOCCNC(=O)CN3CCN(CC3)C4=CC=C(N=C4)NC5=NC6=C(C=N5)C(=C(C(=O)C)C(=O)N6C7CCCC7)C)C,False,0.0,mgdb,MG-6704,MG-6704,,,P11802,CDK4,unknown,,False,,,3,cellular_phenotype,nan,False,False,split_from_multi_target_string,,,False
CCc1nc(NC(=O)c2ccccc2NC(=O)CCOCCOCCNC(=O)CN2CCN(c3ccc(Nc4ncc5c(C)c(C(C)=O)c(=O)n(C6CCCC6)c5n4)nc3)CC2)sc1C,CCc1nc(NC(=O)c2ccccc2NC(=O)CCOCCOCCNC(=O)CN2CCN(c3ccc(Nc4ncc5c(C)c(C(C)=O)c(=O)n(C6CCCC6)c5n4)nc3)CC2)sc1C,VAGFOIQXPQVTPV-UHFFFAOYSA-N,VAGFOIQXPQVTPV-UHFFFAOYSA-N,CCC1=C(C)SC(=N1)NC(=O)C2=C(C=CC=C2)NC(=O)CCOCCOCCNC(=O)CN3CCN(CC3)C4=CC=C(N=C4)NC5=NC6=C(C=N5)C(=C(C(=O)C)C(=O)N6C7CCCC7)C,False,0.0,mgdb,MG-6703,MG-6703,,,P11802,CDK4,unknown,,False,,,3,cellular_phenotype,nan,False,False,split_from_multi_target_string,,,False
CC(=O)c1c(C)c2cnc(Nc3ccc(N4CCN(CC(=O)NCCOCCOCCC(=O)Nc5ccccc5C(=O)Nc5cc(C)[nH]n5)CC4)cn3)nc2n(C2CCCC2)c1=O,CC(=O)c1c(C)c2cnc(Nc3ccc(N4CCN(CC(=O)NCCOCCOCCC(=O)Nc5ccccc5C(=O)Nc5cc(C)[nH]n5)CC4)cn3)nc2n(C2CCCC2)c1=O,HGIWLOLNMKYPRY-UHFFFAOYSA-N,HGIWLOLNMKYPRY-UHFFFAOYSA-N,CC1=CC(=NN1)NC(=O)C2=C(C=CC=C2)NC(=O)CCOCCOCCNC(=O)CN3CCN(CC3)C4=CC=C(N=C4)NC5=NC6=C(C=N5)C(=C(C(=O)C)C(=O)N6C7CCCC7)C,False,0.0,mgdb,MG-6702,MG-6702,,,P11802,CDK4,unknown,,False,,,3,cellular_phenotype,nan,False,False,split_from_multi_target_string,,,False
CC(=O)c1c(C)c2cnc(Nc3ccc(N4CCN(CC(=O)NCCOCCOCCC(=O)Nc5ccccc5C(=O)Nc5ncc(C)o5)CC4)cn3)nc2n(C2CCCC2)c1=O,CC(=O)c1c(C)c2cnc(Nc3ccc(N4CCN(CC(=O)NCCOCCOCCC(=O)Nc5ccccc5C(=O)Nc5ncc(C)o5)CC4)cn3)nc2n(C2CCCC2)c1=O,LQJAJODRDUVAHE-UHFFFAOYSA-N,LQJAJODRDUVAHE-UHFFFAOYSA-N,CC1=CN=C(NC(=O)C2=CC=CC=C2NC(=O)CCOCCOCCNC(=O)CN3CCN(CC3)C4=CC=C(N=C4)NC5=NC6=C(C=N5)C(=C(C(=O)C)C(=O)N6C7CCCC7)C)O1,False,0.0,mgdb,MG-6694,MG-6694,,,P11802,CDK4,unknown,,False,,,3,cellular_phenotype,nan,False,False,split_from_multi_target_string,,,False
CC(=O)c1c(C)c2cnc(Nc3ccc(N4CCN(CC(=O)NCCOCCOCCC(=O)Nc5ccccc5C(=O)Nc5nc(Br)c(C)s5)CC4)cn3)nc2n(C2CCCC2)c1=O,CC(=O)c1c(C)c2cnc(Nc3ccc(N4CCN(CC(=O)NCCOCCOCCC(=O)Nc5ccccc5C(=O)Nc5nc(Br)c(C)s5)CC4)cn3)nc2n(C2CCCC2)c1=O,YUTSFMIIWQUFET-UHFFFAOYSA-N,YUTSFMIIWQUFET-UHFFFAOYSA-N,CC1=C(C(=O)C)C(=O)N(C2CCCC2)C3=C1C=NC(=N3)NC4=CC=C(C=N4)N5CCN(CC5)CC(=O)NCCOCCOCCC(=O)NC6=C(C=CC=C6)C(=O)NC7=NC(=C(C)S7)Br,False,0.0,mgdb,MG-6699,MG-6699,,,P11802,CDK4,unknown,,False,,,3,cellular_phenotype,nan,False,False,split_from_multi_target_string,,,False
CC(=O)c1c(C)c2cnc(Nc3ccc(N4CCN(CC(=O)NCCOCCOCCC(=O)Nc5ccccc5C(=O)Nc5nc(C(C)C)c(C)s5)CC4)cn3)nc2n(C2CCCC2)c1=O,CC(=O)c1c(C)c2cnc(Nc3ccc(N4CCN(CC(=O)NCCOCCOCCC(=O)Nc5ccccc5C(=O)Nc5nc(C(C)C)c(C)s5)CC4)cn3)nc2n(C2CCCC2)c1=O,DZSUABROBXIMTR-UHFFFAOYSA-N,DZSUABROBXIMTR-UHFFFAOYSA-N,CC(C)C1=C(C)SC(=N1)NC(=O)C2=CC=CC=C2NC(=O)CCOCCOCCNC(=O)CN3CCN(CC3)C4=CC=C(N=C4)NC5=NC6=C(C=N5)C(=C(C(=O)C)C(=O)N6C7CCCC7)C,False,0.0,mgdb,MG-6698,MG-6698,,,P11802,CDK4,unknown,,False,,,3,cellular_phenotype,nan,False,False,split_from_multi_target_string,,,False
CC(=O)c1c(C)c2cnc(Nc3ccc(N4CCN(CC(=O)NCCOCCOCCC(=O)Nc5ccccc5C(=O)Nc5ccn(C)n5)CC4)cn3)nc2n(C2CCCC2)c1=O,CC(=O)c1c(C)c2cnc(Nc3ccc(N4CCN(CC(=O)NCCOCCOCCC(=O)Nc5ccccc5C(=O)Nc5ccn(C)n5)CC4)cn3)nc2n(C2CCCC2)c1=O,RXHPRFXTTPZOEY-UHFFFAOYSA-N,RXHPRFXTTPZOEY-UHFFFAOYSA-N,CC1=C(C(=O)C)C(=O)N(C2CCCC2)C3=C1C=NC(=N3)NC4=CC=C(C=N4)N5CCN(CC5)CC(=O)NCCOCCOCCC(=O)NC6=C(C=CC=C6)C(=O)NC7=NN(C)C=C7,False,0.0,mgdb,MG-6696,MG-6696,,,P11802,CDK4,unknown,,False,,,3,cellular_phenotype,nan,False,False,split_from_multi_target_string,,,False
CC(=O)c1c(C)c2cnc(Nc3ccc(N4CCN(CC(=O)NCCOCCOCCNc5cccc(C(=O)Nc6cc(C)n(C)n6)c5C)CC4)cn3)nc2n(C2CCCC2)c1=O,CC(=O)c1c(C)c2cnc(Nc3ccc(N4CCN(CC(=O)NCCOCCOCCNc5cccc(C(=O)Nc6cc(C)n(C)n6)c5C)CC4)cn3)nc2n(C2CCCC2)c1=O,SBAHXFZOFKYFLF-UHFFFAOYSA-N,SBAHXFZOFKYFLF-UHFFFAOYSA-N,CC1=CC(=NN1C)NC(=O)C2=CC=CC(=C2C)NCCOCCOCCNC(=O)CN3CCN(CC3)C4=CC=C(N=C4)NC5=NC6=C(C=N5)C(=C(C(=O)C)C(=O)N6C7CCCC7)C,False,0.0,mgdb,MG-6695,MG-6695,,,P11802,CDK4,unknown,,False,,,3,cellular_phenotype,nan,False,False,split_from_multi_target_string,,,False
CC(=O)c1c(C)c2cnc(Nc3ccc(N4CCN(CC(=O)NCCOCCOCCC(=O)Nc5ncccc5C(=O)Nc5ccc(C)cn5)CC4)cn3)nc2n(C2CCCC2)c1=O,CC(=O)c1c(C)c2cnc(Nc3ccc(N4CCN(CC(=O)NCCOCCOCCC(=O)Nc5ncccc5C(=O)Nc5ccc(C)cn5)CC4)cn3)nc2n(C2CCCC2)c1=O,YCGXUJCREYXLLJ-UHFFFAOYSA-N,YCGXUJCREYXLLJ-UHFFFAOYSA-N,CC1=CC=C(N=C1)NC(=O)C2=CC=CN=C2NC(=O)CCOCCOCCNC(=O)CN3CCN(CC3)C4=CC=C(N=C4)NC5=NC6=C(C=N5)C(=C(C(=O)C)C(=O)N6C7CCCC7)C,False,0.0,mgdb,MG-6689,MG-6689,,,P11802,CDK4,unknown,,False,,,3,cellular_phenotype,nan,False,False,split_from_multi_target_string,,,False
CC(=O)c1c(C)c2cnc(Nc3ccc(N4CCN(CC(=O)NCCOCCOCCC(=O)Nc5ccccc5C(=O)Nc5ccc(C)s5)CC4)cn3)nc2n(C2CCC(C)C2)c1=O,CC(=O)c1c(C)c2cnc(Nc3ccc(N4CCN(CC(=O)NCCOCCOCCC(=O)Nc5ccccc5C(=O)Nc5ccc(C)s5)CC4)cn3)nc2n(C2CCC(C)C2)c1=O,KQZNEZYLVJGYOG-UHFFFAOYSA-N,KQZNEZYLVJGYOG-UHFFFAOYSA-N,CC1CCC(C1)N2C3=C(C=NC(=N3)NC4=CC=C(C=N4)N5CCN(CC5)CC(=O)NCCOCCOCCC(=O)NC6=C(C=CC=C6)C(=O)NC7=CC=C(C)S7)C(=C(C(=O)C)C2=O)C,False,2.0,mgdb,MG-6693,MG-6693,,,P11802,CDK4,unknown,,False,,,3,cellular_phenotype,nan,False,False,split_from_multi_target_string,,,False
CC(=O)c1c(C)c2cnc(Nc3ccc(N4CCN(CC(=O)NCCOCCOCCC(=O)Nc5c(F)cccc5C(=O)Nc5nc(C)c[nH]5)CC4)cn3)nc2n(C2CCCC2)c1=O,CC(=O)c1c(C)c2cnc(Nc3ccc(N4CCN(CC(=O)NCCOCCOCCC(=O)Nc5c(F)cccc5C(=O)Nc5nc(C)c[nH]5)CC4)cn3)nc2n(C2CCCC2)c1=O,SQMNHEWYIWSXPR-UHFFFAOYSA-N,SQMNHEWYIWSXPR-UHFFFAOYSA-N,CC1=CN=C(N1)NC(=O)C2=CC=CC(=C2NC(=O)CCOCCOCCNC(=O)CN3CCN(CC3)C4=CC=C(N=C4)NC5=NC6=C(C=N5)C(=C(C(=O)C)C(=O)N6C7CCCC7)C)F,False,0.0,mgdb,MG-6692,MG-6692,,,P11802,CDK4,unknown,,False,,,3,cellular_phenotype,nan,False,False,split_from_multi_target_string,,,False
CC(=O)c1c(C)c2cnc(Nc3ccc(N4CCN(CC(=O)NCCOCCOCCC(=O)Nc5ccccc5C(=O)Nc5cn(C)cn5)CC4)cn3)nc2n(C2CCCC2)c1=O,CC(=O)c1c(C)c2cnc(Nc3ccc(N4CCN(CC(=O)NCCOCCOCCC(=O)Nc5ccccc5C(=O)Nc5cn(C)cn5)CC4)cn3)nc2n(C2CCCC2)c1=O,XPIBDQBNRZVERU-UHFFFAOYSA-N,XPIBDQBNRZVERU-UHFFFAOYSA-N,CC1=C(C(=O)C)C(=O)N(C2CCCC2)C3=C1C=NC(=N3)NC4=CC=C(C=N4)N5CCN(CC5)CC(=O)NCCOCCOCCC(=O)NC6=C(C=CC=C6)C(=O)NC7=CN(C)C=N7,False,0.0,mgdb,MG-6691,MG-6691,,,P11802,CDK4,unknown,,False,,,3,cellular_phenotype,nan,False,False,split_from_multi_target_string,,,False
CC(=O)c1c(C)c2cnc(Nc3ccc(N4CCN(CC(=O)NCCOCCOCCC(=O)Nc5ccccc5C(=O)Nc5nc(C6CCOCC6)c(C)s5)CC4)cn3)nc2n(C2CCCC2)c1=O,CC(=O)c1c(C)c2cnc(Nc3ccc(N4CCN(CC(=O)NCCOCCOCCC(=O)Nc5ccccc5C(=O)Nc5nc(C6CCOCC6)c(C)s5)CC4)cn3)nc2n(C2CCCC2)c1=O,ZVXIEHZIFPDQQE-UHFFFAOYSA-N,ZVXIEHZIFPDQQE-UHFFFAOYSA-N,CC1=C(C(=O)C)C(=O)N(C2CCCC2)C3=C1C=NC(=N3)NC4=CC=C(C=N4)N5CCN(CC5)CC(=O)NCCOCCOCCC(=O)NC6=C(C=CC=C6)C(=O)NC7=NC(=C(C)S7)C8CCOCC8,False,0.0,mgdb,MG-6690,MG-6690,,,P11802,CDK4,unknown,,False,,,3,cellular_phenotype,nan,False,False,split_from_multi_target_string,,,False
CC(=O)c1c(C)c2cnc(Nc3ccc(N4CCN(CC(=O)NCCOCCOCCC(=O)Nc5ccccc5C(=O)Nc5ncc(C)cn5)CC4)cn3)nc2n(C2CCCC2)c1=O,CC(=O)c1c(C)c2cnc(Nc3ccc(N4CCN(CC(=O)NCCOCCOCCC(=O)Nc5ccccc5C(=O)Nc5ncc(C)cn5)CC4)cn3)nc2n(C2CCCC2)c1=O,OXCNYWONVHMLED-UHFFFAOYSA-N,OXCNYWONVHMLED-UHFFFAOYSA-N,CC1=CN=C(N=C1)NC(=O)C2=C(C=CC=C2)NC(=O)CCOCCOCCNC(=O)CN3CCN(CC3)C4=CC=C(N=C4)NC5=NC6=C(C=N5)C(=C(C(=O)C)C(=O)N6C7CCCC7)C,False,0.0,mgdb,MG-6683,MG-6683,,,P11802,CDK4,unknown,,False,,,3,cellular_phenotype,nan,False,False,split_from_multi_target_string,,,False
CC(=O)c1c(C)c2cnc(Nc3ccc(N4CCN(CC(=O)NCCOCCOCCC(=O)Nc5ccccc5C(=O)Nc5ccc(C)nc5)CC4)cn3)nc2n(C2CCCC2)c1=O,CC(=O)c1c(C)c2cnc(Nc3ccc(N4CCN(CC(=O)NCCOCCOCCC(=O)Nc5ccccc5C(=O)Nc5ccc(C)nc5)CC4)cn3)nc2n(C2CCCC2)c1=O,PBEJTVFPGFUTTK-UHFFFAOYSA-N,PBEJTVFPGFUTTK-UHFFFAOYSA-N,CC1=CC=C(C=N1)NC(=O)C2=C(C=CC=C2)NC(=O)CCOCCOCCNC(=O)CN3CCN(CC3)C4=CC=C(N=C4)NC5=NC6=C(C=N5)C(=C(C(=O)C)C(=O)N6C7CCCC7)C,False,0.0,mgdb,MG-6688,MG-6688,,,P11802,CDK4,unknown,,False,,,3,cellular_phenotype,nan,False,False,split_from_multi_target_string,,,False
CC(=O)c1c(C)c2cnc(Nc3ccc(N4CCN(CC(=O)NCCOCCOCCC(=O)Nc5ccccc5C(=O)Nc5nc(C6CC6)ns5)CC4)cn3)nc2n(C2CCCC2)c1=O,CC(=O)c1c(C)c2cnc(Nc3ccc(N4CCN(CC(=O)NCCOCCOCCC(=O)Nc5ccccc5C(=O)Nc5nc(C6CC6)ns5)CC4)cn3)nc2n(C2CCCC2)c1=O,WGKCFBYEPOFNQP-UHFFFAOYSA-N,WGKCFBYEPOFNQP-UHFFFAOYSA-N,CC1=C(C(=O)C)C(=O)N(C2CCCC2)C3=C1C=NC(=N3)NC4=CC=C(C=N4)N5CCN(CC5)CC(=O)NCCOCCOCCC(=O)NC6=C(C=CC=C6)C(=O)NC7=NC(=NS7)C8CC8,False,0.0,mgdb,MG-6687,MG-6687,,,P11802,CDK4,unknown,,False,,,3,cellular_phenotype,nan,False,False,split_from_multi_target_string,,,False
CC(=O)c1c(C)c2cnc(Nc3ccc(N4CCN(CC(=O)NCCOCCOCCC(=O)Nc5ccccc5C(=O)Nc5nc(C)ns5)CC4)cn3)nc2n(C2CCCC2)c1=O,CC(=O)c1c(C)c2cnc(Nc3ccc(N4CCN(CC(=O)NCCOCCOCCC(=O)Nc5ccccc5C(=O)Nc5nc(C)ns5)CC4)cn3)nc2n(C2CCCC2)c1=O,BRMHATSSYRSLPZ-UHFFFAOYSA-N,BRMHATSSYRSLPZ-UHFFFAOYSA-N,CC1=C(C(=O)C)C(=O)N(C2CCCC2)C3=C1C=NC(=N3)NC4=CC=C(C=N4)N5CCN(CC5)CC(=O)NCCOCCOCCC(=O)NC6=C(C=CC=C6)C(=O)NC7=NC(=NS7)C,False,0.0,mgdb,MG-6686,MG-6686,,,P11802,CDK4,unknown,,False,,,3,cellular_phenotype,nan,False,False,split_from_multi_target_string,,,False
CC(=O)c1c(C)c2cnc(Nc3ccc(N4CCN(CC(=O)NCCOCCOCCC(=O)Nc5ccccc5C(=O)Nc5nc(C6CC6)c(C)s5)CC4)cn3)nc2n(C2CCCC2)c1=O,CC(=O)c1c(C)c2cnc(Nc3ccc(N4CCN(CC(=O)NCCOCCOCCC(=O)Nc5ccccc5C(=O)Nc5nc(C6CC6)c(C)s5)CC4)cn3)nc2n(C2CCCC2)c1=O,INSNGVRXZKHDGR-UHFFFAOYSA-N,INSNGVRXZKHDGR-UHFFFAOYSA-N,CC1=C(C(=O)C)C(=O)N(C2CCCC2)C3=C1C=NC(=N3)NC4=CC=C(C=N4)N5CCN(CC5)CC(=O)NCCOCCOCCC(=O)NC6=C(C=CC=C6)C(=O)NC7=NC(=C(C)S7)C8CC8,False,0.0,mgdb,MG-6685,MG-6685,,,P11802,CDK4,unknown,,False,,,3,cellular_phenotype,nan,False,False,split_from_multi_target_string,,,False
CC(=O)c1c(C)c2cnc(Nc3ccc(N4CCN(CC(=O)NCCOCCOCCC(=O)Nc5ccccc5C(=O)Nc5ccc(C)nn5)CC4)cn3)nc2n(C2CCCC2)c1=O,CC(=O)c1c(C)c2cnc(Nc3ccc(N4CCN(CC(=O)NCCOCCOCCC(=O)Nc5ccccc5C(=O)Nc5ccc(C)nn5)CC4)cn3)nc2n(C2CCCC2)c1=O,OSIWCVKDTSHXKN-UHFFFAOYSA-N,OSIWCVKDTSHXKN-UHFFFAOYSA-N,CC1=CC=C(NC(=O)C2=C(C=CC=C2)NC(=O)CCOCCOCCNC(=O)CN3CCN(CC3)C4=CC=C(N=C4)NC5=NC6=C(C=N5)C(=C(C(=O)C)C(=O)N6C7CCCC7)C)N=N1,False,0.0,mgdb,MG-6684,MG-6684,,,P11802,CDK4,unknown,,False,,,3,cellular_phenotype,nan,False,False,split_from_multi_target_string,,,False
CC(=O)c1c(C)c2cnc(Nc3ccc(N4CCN(CC(=O)NCCOCCOCCC(=O)Nc5ccccc5C(=O)Nc5cnc(C)cn5)CC4)cn3)nc2n(C2CCCC2)c1=O,CC(=O)c1c(C)c2cnc(Nc3ccc(N4CCN(CC(=O)NCCOCCOCCC(=O)Nc5ccccc5C(=O)Nc5cnc(C)cn5)CC4)cn3)nc2n(C2CCCC2)c1=O,NTUPQORPEFPHDR-UHFFFAOYSA-N,NTUPQORPEFPHDR-UHFFFAOYSA-N,CC1=CN=C(C=N1)NC(=O)C2=C(C=CC=C2)NC(=O)CCOCCOCCNC(=O)CN3CCN(CC3)C4=CC=C(N=C4)NC5=NC6=C(C=N5)C(=C(C(=O)C)C(=O)N6C7CCCC7)C,False,0.0,mgdb,MG-6682,MG-6682,,,P11802,CDK4,unknown,,False,,,3,cellular_phenotype,nan,False,False,split_from_multi_target_string,,,False
CC(=O)c1c(C)c2cnc(Nc3ccc(N4CCN(CC(=O)NCCOCCOCCC(=O)Nc5ccccc5C(=O)Nc5ccccn5)CC4)cn3)nc2n(C2CCCC2)c1=O,CC(=O)c1c(C)c2cnc(Nc3ccc(N4CCN(CC(=O)NCCOCCOCCC(=O)Nc5ccccc5C(=O)Nc5ccccn5)CC4)cn3)nc2n(C2CCCC2)c1=O,VLRZGUICBIQSEJ-UHFFFAOYSA-N,VLRZGUICBIQSEJ-UHFFFAOYSA-N,CC1=C(C(=O)C)C(=O)N(C2CCCC2)C3=C1C=NC(=N3)NC4=CC=C(C=N4)N5CCN(CC5)CC(=O)NCCOCCOCCC(=O)NC6=C(C=CC=C6)C(=O)NC7=NC=CC=C7,False,0.0,mgdb,MG-6681,MG-6681,,,P11802,CDK4,unknown,,False,,,3,cellular_phenotype,nan,False,False,split_from_multi_target_string,,,False
CC(=O)c1c(C)c2cnc(Nc3ccc(N4CCN(CC(=O)NCCOCCOCCC(=O)Nc5ccccc5C(=O)Nc5cc(C)n(C)n5)CC4)cn3)nc2n(C2CCCC2)c1=O,CC(=O)c1c(C)c2cnc(Nc3ccc(N4CCN(CC(=O)NCCOCCOCCC(=O)Nc5ccccc5C(=O)Nc5cc(C)n(C)n5)CC4)cn3)nc2n(C2CCCC2)c1=O,TUHMKIAGLGSMFH-UHFFFAOYSA-N,TUHMKIAGLGSMFH-UHFFFAOYSA-N,CC1=CC(=NN1C)NC(=O)C2=CC=CC=C2NC(=O)CCOCCOCCNC(=O)CN3CCN(CC3)C4=CC=C(N=C4)NC5=NC6=C(C=N5)C(=C(C(=O)C)C(=O)N6C7CCCC7)C,False,0.0,mgdb,MG-6680,MG-6680,,,P11802,CDK4,unknown,,False,,,3,cellular_phenotype,nan,False,False,split_from_multi_target_string,,,False
CC(=O)c1c(C)c2cnc(Nc3ccc(N4CCN(CC(=O)NCCOCCOCCOCCOCCOCCNc5ccc(C(=O)Nc6cc(C)n(C)n6)c(C)c5)CC4)cn3)nc2n(C2CCCC2)c1=O,CC(=O)c1c(C)c2cnc(Nc3ccc(N4CCN(CC(=O)NCCOCCOCCOCCOCCOCCNc5ccc(C(=O)Nc6cc(C)n(C)n6)c(C)c5)CC4)cn3)nc2n(C2CCCC2)c1=O,OTKDLDYSTMNANO-UHFFFAOYSA-N,OTKDLDYSTMNANO-UHFFFAOYSA-N,CC1=C(C=CC(=C1)NCCOCCOCCOCCOCCOCCNC(=O)CN2CCN(CC2)C3=CC=C(N=C3)NC4=NC5=C(C=N4)C(=C(C(=O)C)C(=O)N5C6CCCC6)C)C(=O)NC7=NN(C)C(=C7)C,False,0.0,mgdb,MG-6678,MG-6678,,,P11802,CDK4,unknown,,False,,,3,cellular_phenotype,nan,False,False,split_from_multi_target_string,,,False
CC(=O)c1c(C)c2cnc(N(C)c3ccc(N4CCN(CC(=O)NCCOCCOCCOCCOCCOCCNc5ccc(C(=O)Nc6nc(C)c(C)s6)c(C)c5)CC4)cn3)nc2n(C2CCCC2)c1=O,CC(=O)c1c(C)c2cnc(N(C)c3ccc(N4CCN(CC(=O)NCCOCCOCCOCCOCCOCCNc5ccc(C(=O)Nc6nc(C)c(C)s6)c(C)c5)CC4)cn3)nc2n(C2CCCC2)c1=O,IMZOPOYGZLBDQW-UHFFFAOYSA-N,IMZOPOYGZLBDQW-UHFFFAOYSA-N,CC1=C(C=CC(=C1)NCCOCCOCCOCCOCCOCCNC(=O)CN2CCN(CC2)C3=CC=C(N=C3)N(C)C4=NC5=C(C=N4)C(=C(C(=O)C)C(=O)N5C6CCCC6)C)C(=O)NC7=NC(=C(C)S7)C,False,0.0,mgdb,MG-6677,MG-6677,,,P11802,CDK4,unknown,,False,,,3,cellular_phenotype,nan,False,False,split_from_multi_target_string,,,False
Cn1c(C2CCC(C(=O)Nc3cccc(CNc4cccc5c4C(=O)N(C4CCC(=O)NC4=O)C5=O)c3F)CC2)nc2ccncc21,Cn1c(C2CCC(C(=O)Nc3cccc(CNc4cccc5c4C(=O)N(C4CCC(=O)NC4=O)C5=O)c3F)CC2)nc2ccncc21,GKUUHRZUZQBGKF-UHFFFAOYSA-N,GKUUHRZUZQBGKF-UHFFFAOYSA-N,CN1C(C2CCC(C(NC3C=CC=C(CNC4C5C(N(C(C=5C=CC=4)=O)C4C(=O)NC(=O)CC4)=O)C=3F)=O)CC2)=NC2C1=CN=CC=2,False,1.0,mgdb,MG-4839,MG-4839,,,P15170,GSPT1,unknown,,False,,,3,cellular_phenotype,nan,False,False,nan,,,False
Cn1c(C2CCC(NC(=O)c3cc(CNc4cccc5c4C(=O)N(C4CCC(=O)NC4=O)C5=O)ccc3F)CC2)nc2ccncc21,Cn1c(C2CCC(NC(=O)c3cc(CNc4cccc5c4C(=O)N(C4CCC(=O)NC4=O)C5=O)ccc3F)CC2)nc2ccncc21,FWTKQOHFHVDHTP-UHFFFAOYSA-N,FWTKQOHFHVDHTP-UHFFFAOYSA-N,CN1C(C2CCC(NC(C3C(F)=CC=C(CNC4C=CC=C5C(N(C(C=45)=O)C4C(=O)NC(=O)CC4)=O)C=3)=O)CC2)=NC2C=CN=CC1=2,False,1.0,mgdb,MG-4838,MG-4838,,,P15170,GSPT1,unknown,,False,,,3,cellular_phenotype,nan,False,False,nan,,,False
CN(C(=O)C1CCC(c2nc3cccnc3s2)CC1)c1cccc(CNc2cccc3c2C(=O)N(C2CCC(=O)NC2=O)C3=O)c1,CN(C(=O)C1CCC(c2nc3cccnc3s2)CC1)c1cccc(CNc2cccc3c2C(=O)N(C2CCC(=O)NC2=O)C3=O)c1,RPBNLTXFSVFVOZ-UHFFFAOYSA-N,RPBNLTXFSVFVOZ-UHFFFAOYSA-N,CN(C(C1CCC(C2SC3C(=CC=CN=3)N=2)CC1)=O)C1C=CC=C(CNC2C=CC=C3C(N(C(C=23)=O)C2C(=O)NC(=O)CC2)=O)C=1,False,1.0,mgdb,MG-4837,MG-4837,,,P15170,GSPT1,unknown,,False,,,3,cellular_phenotype,nan,False,False,nan,,,False
O=C1CCC(N2C(=O)c3cccc(NCCCCC(=O)Nc4ccc(-c5nc6c(cnc7[nH]cc(C8CCOCC8)c76)[nH]5)cc4)c3C2=O)C(=O)N1,O=C1CCC(N2C(=O)c3cccc(NCCCCC(=O)Nc4ccc(-c5nc6c(cnc7[nH]cc(C8CCOCC8)c76)[nH]5)cc4)c3C2=O)C(=O)N1,UWJIEPDHQMKHLI-UHFFFAOYSA-N,UWJIEPDHQMKHLI-UHFFFAOYSA-N,C(CC(NC1C=CC(C2NC3C4C(C5CCOCC5)=CNC=4N=CC=3N=2)=CC=1)=O)CCNC1C2C(N(C(C=2C=CC=1)=O)C1C(=O)NC(=O)CC1)=O,False,1.0,mgdb,MG-4869,MG-4869,,,P15170,GSPT1,unknown,,False,,,3,cellular_phenotype,nan,False,False,nan,,,False
CNCCN(C(=O)c1cc(CNc2cccc3c2C(=O)N(C2CCC(=O)NC2=O)C3=O)ccn1)C1CCC(c2nc3cccnc3s2)CC1,CNCCN(C(=O)c1cc(CNc2cccc3c2C(=O)N(C2CCC(=O)NC2=O)C3=O)ccn1)C1CCC(c2nc3cccnc3s2)CC1,WLDXGYCPLMBPFN-UHFFFAOYSA-N,WLDXGYCPLMBPFN-UHFFFAOYSA-N,CNCCN(C(C1N=CC=C(CNC2C=CC=C3C(N(C(C=23)=O)C2C(=O)NC(=O)CC2)=O)C=1)=O)C1CCC(C2SC3C(=CC=CN=3)N=2)CC1,False,1.0,mgdb,MG-4868,MG-4868,,,P15170,GSPT1,unknown,,False,,,3,cellular_phenotype,nan,False,False,nan,,,False
CN(C)c1cc2c(cn1)nc(C1CCC(NC(=O)c3cc(CNc4cccc5c(O)n(C6CCC(=O)NC6=O)c(O)c45)ccn3)CC1)n2C,CN(C)c1cc2c(cn1)nc(C1CCC(NC(=O)c3cc(CNc4cccc5c(O)n(C6CCC(=O)NC6=O)c(O)c45)ccn3)CC1)n2C,FDHQWEFXQUEIOF-UHFFFAOYSA-N,FDHQWEFXQUEIOF-UHFFFAOYSA-N,CN(C1C=C2N(C(C3CCC(NC(C4N=CC=C(CNC5C6C(N(C(C=6CCC=5)=O)C5C(=O)NC(=O)CC5)=O)C=4)=O)CC3)=NC2=CN=1)C)C,False,1.0,mgdb,MG-4867,MG-4867,,,P15170,GSPT1,unknown,,False,,,3,cellular_phenotype,nan,False,False,nan,,,False
COc1ccc2c(c1)nc(C1CCC(N(C)C(=O)c3cc(CNc4cccc5c4C(=O)N(C4CCC(=O)NC4=O)C5=O)ccn3)CC1)n2C,COc1ccc2c(c1)nc(C1CCC(N(C)C(=O)c3cc(CNc4cccc5c4C(=O)N(C4CCC(=O)NC4=O)C5=O)ccn3)CC1)n2C,PTIFAJRIJJKNRS-UHFFFAOYSA-N,PTIFAJRIJJKNRS-UHFFFAOYSA-N,CN(C(C1N=CC=C(CNC2C=CC=C3C(N(C(C=23)=O)C2C(=O)NC(=O)CC2)=O)C=1)=O)C1CCC(C2N(C)C3C=CC(OC)=CC=3N=2)CC1,False,1.0,mgdb,MG-4866,MG-4866,,,P15170,GSPT1,unknown,,False,,,3,cellular_phenotype,nan,False,False,nan,,,False
O=C1CCC(N2C(=O)c3cccc(NCc4cccc5c4CCCN5C(=O)C4CCC(c5nc6cccnc6s5)CC4)c3C2=O)C(=O)N1,O=C1CCC(N2C(=O)c3cccc(NCc4cccc5c4CCCN5C(=O)C4CCC(c5nc6cccnc6s5)CC4)c3C2=O)C(=O)N1,VKHJARYKLVJZJQ-UHFFFAOYSA-N,VKHJARYKLVJZJQ-UHFFFAOYSA-N,C1C=C(CNC2C3C(N(C(C=3C=CC=2)=O)C2C(=O)NC(=O)CC2)=O)C2CCCN(C=2C=1)C(C1CCC(C2SC3C(=CC=CN=3)N=2)CC1)=O,False,1.0,mgdb,MG-4865,MG-4865,,,P15170,GSPT1,unknown,,False,,,3,cellular_phenotype,nan,False,False,nan,,,False
CN(C)c1cc2c(cn1)nc(C1CCC(C(=O)Nc3cccc(CNc4cccc5c4C(=O)N(C4CCC(=O)NC4=O)C5=O)c3)CC1)n2C,CN(C)c1cc2c(cn1)nc(C1CCC(C(=O)Nc3cccc(CNc4cccc5c4C(=O)N(C4CCC(=O)NC4=O)C5=O)c3)CC1)n2C,UFIMYIZAWJNASL-UHFFFAOYSA-N,UFIMYIZAWJNASL-UHFFFAOYSA-N,CN(C1C=C2N(C(C3CCC(C(NC4C=CC=C(CNC5C6C(N(C(C=6C=CC=5)=O)C5C(=O)NC(=O)CC5)=O)C=4)=O)CC3)=NC2=CN=1)C)C,False,1.0,mgdb,MG-4864,MG-4864,,,P15170,GSPT1,unknown,,False,,,3,cellular_phenotype,nan,False,False,nan,,,False
CN(C)c1ccc2c(c1)nc(C1CCC(NC(=O)c3cccc(CNc4cccc5c4C(=O)N(C4CCC(=O)NC4=O)C5=O)c3)CC1)n2C,CN(C)c1ccc2c(c1)nc(C1CCC(NC(=O)c3cccc(CNc4cccc5c4C(=O)N(C4CCC(=O)NC4=O)C5=O)c3)CC1)n2C,FHLCCOVHULMRGF-UHFFFAOYSA-N,FHLCCOVHULMRGF-UHFFFAOYSA-N,CN(C1C=CC2N(C(C3CCC(NC(C4C=CC=C(CNC5C=CC=C6C(N(C(C=56)=O)C5C(=O)NC(=O)CC5)=O)C=4)=O)CC3)=NC=2C=1)C)C,False,1.0,mgdb,MG-4863,MG-4863,,,P15170,GSPT1,unknown,,False,,,3,cellular_phenotype,nan,False,False,nan,,,False
O=C1CCC(N2C(=O)c3cccc(NCc4cccc(C(=O)NC5CCC(c6nc7ccncc7n6C6COC6)CC5)c4)c3C2=O)C(=O)N1,O=C1CCC(N2C(=O)c3cccc(NCc4cccc(C(=O)NC5CCC(c6nc7ccncc7n6C6COC6)CC5)c4)c3C2=O)C(=O)N1,VQUOKJDMVQKFLH-UHFFFAOYSA-N,VQUOKJDMVQKFLH-UHFFFAOYSA-N,C1C=C(C(NC2CCC(C3N(C4COC4)C4C=NC=CC=4N=3)CC2)=O)C=C(CNC2C=CC=C3C(N(C(C=23)=O)C2C(=O)NC(=O)CC2)=O)C=1,False,1.0,mgdb,MG-4862,MG-4862,,,P15170,GSPT1,unknown,,False,,,3,cellular_phenotype,nan,False,False,nan,,,False
COc1ccc(CNc2cccc3c2C(=O)N(C2CCC(=O)NC2=O)C3=O)cc1C(=O)NC1CCC(c2nc3ccncc3s2)CC1,COc1ccc(CNc2cccc3c2C(=O)N(C2CCC(=O)NC2=O)C3=O)cc1C(=O)NC1CCC(c2nc3ccncc3s2)CC1,WEKSARQSFNTHDK-UHFFFAOYSA-N,WEKSARQSFNTHDK-UHFFFAOYSA-N,COC1C(C(NC2CCC(C3SC4C=NC=CC=4N=3)CC2)=O)=CC(CNC2C=CC=C3C(N(C(C=23)=O)C2C(=O)NC(=O)CC2)=O)=CC=1,False,1.0,mgdb,MG-4860,MG-4860,,,P15170,GSPT1,unknown,,False,,,3,cellular_phenotype,nan,False,False,nan,,,False
C=CC(=NCC1=CC(=NC(=O)C2CCC(c3nc4cc(OC)cnc4s3)CC2)CCC1)c1c(C)c(O)n(C2CCC(=O)NC2=O)c1O,C=CC(=NCC1=CC(=NC(=O)C2CCC(c3nc4cc(OC)cnc4s3)CC2)CCC1)c1c(C)c(O)n(C2CCC(=O)NC2=O)c1O,TVXYVSHBQJHCFT-UHFFFAOYSA-N,TVXYVSHBQJHCFT-UHFFFAOYSA-N,C/C=C(/NCC1C=C(NC(C2CCC(C3SC4C(=CC(OC)=CN=4)N=3)CC2)=O)CCC=1)\C1C(=O)N(C2C(=O)NC(=O)CC2)C(=O)C=1C,False,1.0,mgdb,MG-4859,MG-4859,,,P15170,GSPT1,unknown,,False,,,3,cellular_phenotype,nan,False,False,nan,,,False
COc1ccc2nc(C3CCC(C(=O)Nc4cccc(CNc5cccc6c5C(=O)N(C5CCC(=O)NC5=O)C6=O)c4)CC3)sc2n1,COc1ccc2nc(C3CCC(C(=O)Nc4cccc(CNc5cccc6c5C(=O)N(C5CCC(=O)NC5=O)C6=O)c4)CC3)sc2n1,MDBQXUSNNDQQIN-UHFFFAOYSA-N,MDBQXUSNNDQQIN-UHFFFAOYSA-N,COC1N=C2SC(C3CCC(C(NC4C=CC=C(CNC5C=CC=C6C(N(C(C=56)=O)C5C(=O)NC(=O)CC5)=O)C=4)=O)CC3)=NC2=CC=1,False,1.0,mgdb,MG-4858,MG-4858,,,P15170,GSPT1,unknown,,False,,,3,cellular_phenotype,nan,False,False,nan,,,False
COc1c(CNc2cccc3c2C(=O)N(C2CCC(=O)NC2=O)C3=O)cccc1NC(=O)C1CCC(c2nc3cccnc3s2)CC1,COc1c(CNc2cccc3c2C(=O)N(C2CCC(=O)NC2=O)C3=O)cccc1NC(=O)C1CCC(c2nc3cccnc3s2)CC1,MQCNLUDZZQWSOQ-UHFFFAOYSA-N,MQCNLUDZZQWSOQ-UHFFFAOYSA-N,COC1C(CNC2C3C(N(C(C=3C=CC=2)=O)C2C(=O)NC(=O)CC2)=O)=CC=CC=1NC(C1CCC(C2SC3C(=CC=CN=3)N=2)CC1)=O,False,1.0,mgdb,MG-4857,MG-4857,,,P15170,GSPT1,unknown,,False,,,3,cellular_phenotype,nan,False,False,nan,,,False
COc1ccc(CNc2cccc3c2C(=O)N(C2CCC(=O)NC2=O)C3=O)cc1C(=O)NC1CCC(c2nc3ncccc3s2)CC1,COc1ccc(CNc2cccc3c2C(=O)N(C2CCC(=O)NC2=O)C3=O)cc1C(=O)NC1CCC(c2nc3ncccc3s2)CC1,XJIFCOSEFJLBTM-UHFFFAOYSA-N,XJIFCOSEFJLBTM-UHFFFAOYSA-N,COC1C(C(NC2CCC(C3SC4C(=NC=CC=4)N=3)CC2)=O)=CC(CNC2C3C(N(C(C=3C=CC=2)=O)C2C(=O)NC(=O)CC2)=O)=CC=1,False,1.0,mgdb,MG-4856,MG-4856,,,P15170,GSPT1,unknown,,False,,,3,cellular_phenotype,nan,False,False,nan,,,False
COc1ccc(CNc2cccc3c2C(=O)N(C2CCC(=O)NC2=O)C3=O)cc1C(=O)NC1CCC(c2nc3cccnc3s2)CC1,COc1ccc(CNc2cccc3c2C(=O)N(C2CCC(=O)NC2=O)C3=O)cc1C(=O)NC1CCC(c2nc3cccnc3s2)CC1,BJZZEXKDIBXDST-UHFFFAOYSA-N,BJZZEXKDIBXDST-UHFFFAOYSA-N,COC1C(C(NC2CCC(C3SC4N=CC=CC=4N=3)CC2)=O)=CC(CNC2C=CC=C3C(N(C(C=23)=O)C2C(=O)NC(=O)CC2)=O)=CC=1,False,1.0,mgdb,MG-4855,MG-4855,,,P15170,GSPT1,unknown,,False,,,3,cellular_phenotype,nan,False,False,nan,,,False
O=C1CCC(N2C(=O)c3cccc(NC4(c5ccnc(C(=O)NC6CCC(c7nc8cccnc8s7)CC6)c5)CC4)c3C2=O)C(=O)N1,O=C1CCC(N2C(=O)c3cccc(NC4(c5ccnc(C(=O)NC6CCC(c7nc8cccnc8s7)CC6)c5)CC4)c3C2=O)C(=O)N1,NYRGXZAZAZRZFM-UHFFFAOYSA-N,NYRGXZAZAZRZFM-UHFFFAOYSA-N,C1C=C(NC2(CC2)C2C=C(C(NC3CCC(C4SC5C(=CC=CN=5)N=4)CC3)=O)N=CC=2)C2C(N(C(C=2C=1)=O)C1C(=O)NC(=O)CC1)=O,False,1.0,mgdb,MG-4853,MG-4853,,,P15170,GSPT1,unknown,,False,,,3,cellular_phenotype,nan,False,False,nan,,,False
Cn1c(C2CCC(COc3cccc(CNc4cccc5c4C(=O)N(C4CCC(=O)NC4=O)C5=O)c3)CC2)nc2ccncc21,Cn1c(C2CCC(COc3cccc(CNc4cccc5c4C(=O)N(C4CCC(=O)NC4=O)C5=O)c3)CC2)nc2ccncc21,VFSBFAWUNOZDBF-UHFFFAOYSA-N,VFSBFAWUNOZDBF-UHFFFAOYSA-N,CN1C(C2CCC(COC3C=CC=C(CNC4C=CC=C5C(N(C(C=45)=O)C4C(=O)NC(=O)CC4)=O)C=3)CC2)=NC2C1=CN=CC=2,False,1.0,mgdb,MG-4881,MG-4881,,,P15170,GSPT1,unknown,,False,,,3,cellular_phenotype,nan,False,False,nan,,,False
O=C1CCC(N2C(=O)c3cccc(NCc4cccc(C(=O)NC5CCC(c6nc7cncnc7[nH]6)CC5)c4)c3C2=O)C(=O)N1,O=C1CCC(N2C(=O)c3cccc(NCc4cccc(C(=O)NC5CCC(c6nc7cncnc7[nH]6)CC5)c4)c3C2=O)C(=O)N1,AWPWXCGKAIKLEY-UHFFFAOYSA-N,AWPWXCGKAIKLEY-UHFFFAOYSA-N,C1C=C(C(NC2CCC(C3NC4N=CN=CC=4N=3)CC2)=O)C=C(CNC2C=CC=C3C(N(C(C=23)=O)C2C(=O)NC(=O)CC2)=O)C=1,False,1.0,mgdb,MG-4880,MG-4880,,,P15170,GSPT1,unknown,,False,,,3,cellular_phenotype,nan,False,False,nan,,,False
O=C1CCC(N2C(=O)c3cccc(NCc4cccc(C(=O)NC5CCC(c6nc7cccnc7o6)CC5)c4)c3C2=O)C(=O)N1,O=C1CCC(N2C(=O)c3cccc(NCc4cccc(C(=O)NC5CCC(c6nc7cccnc7o6)CC5)c4)c3C2=O)C(=O)N1,HPAJZOMOTPWYDM-UHFFFAOYSA-N,HPAJZOMOTPWYDM-UHFFFAOYSA-N,C1C=C(CNC2C3C(N(C(C=3C=CC=2)=O)C2C(=O)NC(=O)CC2)=O)C=C(C(NC2CCC(C3OC4C(=CC=CN=4)N=3)CC2)=O)C=1,False,1.0,mgdb,MG-4879,MG-4879,,,P15170,GSPT1,unknown,,False,,,3,cellular_phenotype,nan,False,False,nan,,,False
Cn1c(C2CCC(NC(=O)C3CC(CNc4cccc5c4C(=O)N(C4CCC(=O)NC4=O)C5=O)C3)CC2)nc2ccncc21,Cn1c(C2CCC(NC(=O)C3CC(CNc4cccc5c4C(=O)N(C4CCC(=O)NC4=O)C5=O)C3)CC2)nc2ccncc21,VDWYJLXTCZENAQ-UHFFFAOYSA-N,VDWYJLXTCZENAQ-UHFFFAOYSA-N,CN1C(C2CCC(NC(C3CC(CNC4C=CC=C5C(N(C(C=45)=O)C4C(=O)NC(=O)CC4)=O)C3)=O)CC2)=NC2C=CN=CC1=2,False,1.0,mgdb,MG-4878,MG-4878,,,P15170,GSPT1,unknown,,False,,,3,cellular_phenotype,nan,False,False,nan,,,False
O=C1CCC(N2C(=O)c3cccc(NCc4ccc(C(=O)NC5CCC(c6nc7c(cnc8[nH]cc(C9CCOCC9)c87)[nH]6)CC5)cc4)c3C2=O)C(=O)N1,O=C1CCC(N2C(=O)c3cccc(NCc4ccc(C(=O)NC5CCC(c6nc7c(cnc8[nH]cc(C9CCOCC9)c87)[nH]6)CC5)cc4)c3C2=O)C(=O)N1,VMIWWSAHTNFTIU-UHFFFAOYSA-N,VMIWWSAHTNFTIU-UHFFFAOYSA-N,C1C=C(NCC2C=CC(C(NC3CCC(C4NC5C=NC6NC=C(C7CCOCC7)C=6C=5N=4)CC3)=O)=CC=2)C2C(N(C(C=2C=1)=O)C1C(=O)NC(=O)CC1)=O,False,1.0,mgdb,MG-4877,MG-4877,,,P15170,GSPT1,unknown,,False,,,3,cellular_phenotype,nan,False,False,nan,,,False
O=C1CCC(N2C(=O)c3cccc(NCc4cccc(C(=O)NC5CCC(c6nc7c(cnc8[nH]cc(C9CCOCC9)c87)[nH]6)CC5)c4)c3C2=O)C(=O)N1,O=C1CCC(N2C(=O)c3cccc(NCc4cccc(C(=O)NC5CCC(c6nc7c(cnc8[nH]cc(C9CCOCC9)c87)[nH]6)CC5)c4)c3C2=O)C(=O)N1,ZSUWCIJZQZGPSN-UHFFFAOYSA-N,ZSUWCIJZQZGPSN-UHFFFAOYSA-N,C1C=C(CNC2C3C(N(C(C=3C=CC=2)=O)C2C(=O)NC(=O)CC2)=O)C=C(C(NC2CCC(C3NC4C=NC5NC=C(C6CCOCC6)C=5C=4N=3)CC2)=O)C=1,False,1.0,mgdb,MG-4876,MG-4876,,,P15170,GSPT1,unknown,,False,,,3,cellular_phenotype,nan,False,False,nan,,,False
O=C1CCC(N2C(=O)c3cccc(Nc4cccc(C(=O)NC5CCC(c6nc7c(cnc8[nH]cc(C9CCOCC9)c87)[nH]6)CC5)c4)c3C2=O)C(=O)N1,O=C1CCC(N2C(=O)c3cccc(Nc4cccc(C(=O)NC5CCC(c6nc7c(cnc8[nH]cc(C9CCOCC9)c87)[nH]6)CC5)c4)c3C2=O)C(=O)N1,LIYAKIMSPVBFHL-UHFFFAOYSA-N,LIYAKIMSPVBFHL-UHFFFAOYSA-N,C1C=C(NC2C=CC=C3C(N(C(C=23)=O)C2C(=O)NC(=O)CC2)=O)C=C(C(NC2CCC(C3NC4C=NC5NC=C(C6CCOCC6)C=5C=4N=3)CC2)=O)C=1,False,1.0,mgdb,MG-4875,MG-4875,,,P15170,GSPT1,unknown,,False,,,3,cellular_phenotype,nan,False,False,nan,,,False
Cn1c(C2CCC(NC(=O)CCCCNc3cccc4c3C(=O)N(C3CCC(=O)NC3=O)C4=O)CC2)nc2c3c(C4CCOCC4)c[nH]c3ncc21,Cn1c(C2CCC(NC(=O)CCCCNc3cccc4c3C(=O)N(C3CCC(=O)NC3=O)C4=O)CC2)nc2c3c(C4CCOCC4)c[nH]c3ncc21,MDNWDYRMIDZIBI-UHFFFAOYSA-N,MDNWDYRMIDZIBI-UHFFFAOYSA-N,CN1C(C2CCC(NC(CCCCNC3C=CC=C4C(N(C(C=34)=O)C3C(=O)NC(=O)CC3)=O)=O)CC2)=NC2C3C(C4CCOCC4)=CNC=3N=CC1=2,False,1.0,mgdb,MG-4874,MG-4874,,,P15170,GSPT1,unknown,,False,,,3,cellular_phenotype,nan,False,False,nan,,,False
Cn1cc(C2CCOCC2)c2c3[nH]c(C4CCC(NC(=O)CCCCNc5cccc6c5C(=O)N(C5CCC(=O)NC5=O)C6=O)CC4)nc3cnc21,Cn1cc(C2CCOCC2)c2c3[nH]c(C4CCC(NC(=O)CCCCNc5cccc6c5C(=O)N(C5CCC(=O)NC5=O)C6=O)CC4)nc3cnc21,UUAXLSMJHQSJDS-UHFFFAOYSA-N,UUAXLSMJHQSJDS-UHFFFAOYSA-N,CN1C2N=CC3NC(C4CCC(NC(CCCCNC5C=CC=C6C(N(C(C=56)=O)C5C(=O)NC(=O)CC5)=O)=O)CC4)=NC=3C=2C(C2CCOCC2)=C1,False,1.0,mgdb,MG-4873,MG-4873,,,P15170,GSPT1,unknown,,False,,,3,cellular_phenotype,nan,False,False,nan,,,False
CCC(=O)NC(=O)CN1C(=O)c2cccc(NCc3cc(C(=O)NC(C)CCC(C)c4nc5cccnc5s4)ncc3N3CCNCC3)c2C1=O,CCC(=O)NC(=O)CN1C(=O)c2cccc(NCc3cc(C(=O)NC(C)CCC(C)c4nc5cccnc5s4)ncc3N3CCNCC3)c2C1=O,IKLDOHFCKZDKSS-UHFFFAOYSA-N,IKLDOHFCKZDKSS-UHFFFAOYSA-N,CCC(NC(CN1C(=O)C2C(NCC3=CC(C(NC(CCC(C4SC5C(=CC=CN=5)N=4)C)C)=O)=NC=C3N3CCNCC3)=CC=CC=2C1=O)=O)=O,False,2.0,mgdb,MG-4872,MG-4872,,,P15170,GSPT1,unknown,,False,,,3,cellular_phenotype,nan,False,False,nan,,,False
Cn1c(C2CCC(NC(=O)CCCCNc3cccc4c3C(=O)N(C3CCC(=O)NC3=O)C4=O)CC2)nc2c3c(C4CCCCC4)c[nH]c3ncc21,Cn1c(C2CCC(NC(=O)CCCCNc3cccc4c3C(=O)N(C3CCC(=O)NC3=O)C4=O)CC2)nc2c3c(C4CCCCC4)c[nH]c3ncc21,FLYKXRTWTGYLTE-UHFFFAOYSA-N,FLYKXRTWTGYLTE-UHFFFAOYSA-N,CN1C(C2CCC(NC(CCCCNC3C=CC=C4C(N(C(C=34)=O)C3C(=O)NC(=O)CC3)=O)=O)CC2)=NC2C3C(C4CCCCC4)=CNC=3N=CC1=2,False,1.0,mgdb,MG-4871,MG-4871,,,P15170,GSPT1,unknown,,False,,,3,cellular_phenotype,nan,False,False,nan,,,False
O=C1CCC(N2C(=O)c3cccc(NCCCCC(=O)NC4CCC(c5nc6c(cnc7[nH]cc(C8CCOCC8)c76)[nH]5)CC4)c3C2=O)C(=O)N1,O=C1CCC(N2C(=O)c3cccc(NCCCCC(=O)NC4CCC(c5nc6c(cnc7[nH]cc(C8CCOCC8)c76)[nH]5)CC4)c3C2=O)C(=O)N1,YWGGQGZGVKURJU-UHFFFAOYSA-N,YWGGQGZGVKURJU-UHFFFAOYSA-N,C(CC(NC1CCC(C2NC3C=NC4NC=C(C5CCOCC5)C=4C=3N=2)CC1)=O)CCNC1C=CC=C2C(N(C(C=12)=O)C1C(=O)NC(=O)CC1)=O,False,1.0,mgdb,MG-4870,MG-4870,,,P15170,GSPT1,unknown,,False,,,3,cellular_phenotype,nan,False,False,nan,,,False
CC(=O)c1c(C)c2cnc(Nc3ccc(N4CCN(CC(=O)NCCOCCOCCOCCOCCOCCNc5ccc(C(=O)Nc6ncc(C(C)C)s6)c(C)c5)CC4)cn3)nc2n(C2CCCC2)c1=O,CC(=O)c1c(C)c2cnc(Nc3ccc(N4CCN(CC(=O)NCCOCCOCCOCCOCCOCCNc5ccc(C(=O)Nc6ncc(C(C)C)s6)c(C)c5)CC4)cn3)nc2n(C2CCCC2)c1=O,CNAZAPAVCQERRY-UHFFFAOYSA-N,CNAZAPAVCQERRY-UHFFFAOYSA-N,CC(C)C1=CN=C(NC(=O)C2=C(C)C=C(C=C2)NCCOCCOCCOCCOCCOCCNC(=O)CN3CCN(CC3)C4=CC=C(N=C4)NC5=NC6=C(C=N5)C(=C(C(=O)C)C(=O)N6C7CCCC7)C)S1,False,0.0,mgdb,MG-6634,MG-6634,,,P11802,CDK4,unknown,,False,,,3,cellular_phenotype,nan,False,False,split_from_multi_target_string,,,False
CC(=O)c1c(C)c2cnc(Nc3ccc(N4CCN(CC(=O)NCCOCCOCCOCCNC(=O)c5ccc(C(=O)Nc6ncc(C)s6)c(C)c5)CC4)cn3)nc2n(C2CCCC2)c1=O,CC(=O)c1c(C)c2cnc(Nc3ccc(N4CCN(CC(=O)NCCOCCOCCOCCNC(=O)c5ccc(C(=O)Nc6ncc(C)s6)c(C)c5)CC4)cn3)nc2n(C2CCCC2)c1=O,QOGWNJJVOSZAFL-UHFFFAOYSA-N,QOGWNJJVOSZAFL-UHFFFAOYSA-N,CC1=CC(=CC=C1C(=O)NC2=NC=C(C)S2)C(=O)NCCOCCOCCOCCNC(=O)CN3CCN(CC3)C4=CC=C(N=C4)NC5=NC6=C(C=N5)C(=C(C(=O)C)C(=O)N6C7CCCC7)C,False,0.0,mgdb,MG-6639,MG-6639,,,P11802,CDK4,unknown,,False,,,3,cellular_phenotype,nan,False,False,split_from_multi_target_string,,,False
CC(=O)c1c(C)c2cnc(Nc3ccc(N4CCN(CC(=O)NCCOCCOCCNC(=O)c5ccc(C(=O)Nc6ncc(C)s6)c(C)c5)CC4)cn3)nc2n(C2CCCC2)c1=O,CC(=O)c1c(C)c2cnc(Nc3ccc(N4CCN(CC(=O)NCCOCCOCCNC(=O)c5ccc(C(=O)Nc6ncc(C)s6)c(C)c5)CC4)cn3)nc2n(C2CCCC2)c1=O,XNHVPZBMAGJYKT-UHFFFAOYSA-N,XNHVPZBMAGJYKT-UHFFFAOYSA-N,CC1=CC(=CC=C1C(=O)NC2=NC=C(C)S2)C(=O)NCCOCCOCCNC(=O)CN3CCN(CC3)C4=CC=C(N=C4)NC5=NC6=C(C=N5)C(=C(C(=O)C)C(=O)N6C7CCCC7)C,False,0.0,mgdb,MG-6638,MG-6638,,,P11802,CDK4,unknown,,False,,,3,cellular_phenotype,nan,False,False,split_from_multi_target_string,,,False
CC(=O)c1c(C)c2cnc(Nc3ccc(N4CCN(CC(=O)NCCCCCNC(=O)c5ccc(C(=O)Nc6ncc(C)s6)c(C)c5)CC4)cn3)nc2n(C2CCCC2)c1=O,CC(=O)c1c(C)c2cnc(Nc3ccc(N4CCN(CC(=O)NCCCCCNC(=O)c5ccc(C(=O)Nc6ncc(C)s6)c(C)c5)CC4)cn3)nc2n(C2CCCC2)c1=O,YCKQFGBEMIPWHZ-UHFFFAOYSA-N,YCKQFGBEMIPWHZ-UHFFFAOYSA-N,CC1=CC(=CC=C1C(=O)NC2=NC=C(C)S2)C(=O)NCCCCCNC(=O)CN3CCN(CC3)C4=CC=C(N=C4)NC5=NC6=C(C=N5)C(=C(C(=O)C)C(=O)N6C7CCCC7)C,False,0.0,mgdb,MG-6637,MG-6637,,,P11802,CDK4,unknown,,False,,,3,cellular_phenotype,nan,False,False,split_from_multi_target_string,,,False
CC(=O)c1c(C)c2cnc(Nc3ccc(N4CCN(CC(=O)NCCOCCOCCOCCOCCOCCNC(=O)c5ccc(C(=O)Nc6ncc(C)s6)c(C)c5)CC4)cn3)nc2n(C2CCCC2)c1=O,CC(=O)c1c(C)c2cnc(Nc3ccc(N4CCN(CC(=O)NCCOCCOCCOCCOCCOCCNC(=O)c5ccc(C(=O)Nc6ncc(C)s6)c(C)c5)CC4)cn3)nc2n(C2CCCC2)c1=O,CEDRWRTUYYLFAH-UHFFFAOYSA-N,CEDRWRTUYYLFAH-UHFFFAOYSA-N,CC1=C(C=CC(=C1)C(=O)NCCOCCOCCOCCOCCOCCNC(=O)CN2CCN(CC2)C3=CC=C(N=C3)NC4=NC5=C(C=N4)C(=C(C(=O)C)C(=O)N5C6CCCC6)C)C(=O)NC7=NC=C(C)S7,False,0.0,mgdb,MG-6636,MG-6636,,,P11802,CDK4,unknown,,False,,,3,cellular_phenotype,nan,False,False,split_from_multi_target_string,,,False
CC(=O)c1c(C)c2cnc(Nc3ccc(N4CCN(CC(=O)NCCOCCOCCOCCOCCOCCNc5ccc(C(=O)Nc6nc(-c7ccccc7)cs6)c(C)c5)CC4)cn3)nc2n(C2CCCC2)c1=O,CC(=O)c1c(C)c2cnc(Nc3ccc(N4CCN(CC(=O)NCCOCCOCCOCCOCCOCCNc5ccc(C(=O)Nc6nc(-c7ccccc7)cs6)c(C)c5)CC4)cn3)nc2n(C2CCCC2)c1=O,XCZAECRQULOUNE-UHFFFAOYSA-N,XCZAECRQULOUNE-UHFFFAOYSA-N,CC1=C(C=CC(=C1)NCCOCCOCCOCCOCCOCCNC(=O)CN2CCN(CC2)C3=CC=C(N=C3)NC4=NC5=C(C=N4)C(=C(C(=O)C)C(=O)N5C6CCCC6)C)C(=O)NC7=NC(=CS7)C8=CC=CC=C8,False,0.0,mgdb,MG-6635,MG-6635,,,P11802,CDK4,unknown,,False,,,3,cellular_phenotype,nan,False,False,split_from_multi_target_string,,,False
CC(=O)c1c(C)c2cnc(Nc3ccc(N4CCN(CC(=O)NCCOCCOCCOCCOCCOCCNc5ccc(C(=O)Nc6ncc(Cl)s6)c(C)c5)CC4)cn3)nc2n(C2CCCC2)c1=O,CC(=O)c1c(C)c2cnc(Nc3ccc(N4CCN(CC(=O)NCCOCCOCCOCCOCCOCCNc5ccc(C(=O)Nc6ncc(Cl)s6)c(C)c5)CC4)cn3)nc2n(C2CCCC2)c1=O,JSWBXZYYWIVMGS-UHFFFAOYSA-N,JSWBXZYYWIVMGS-UHFFFAOYSA-N,CC1=C(C=CC(=C1)NCCOCCOCCOCCOCCOCCNC(=O)CN2CCN(CC2)C3=CC=C(N=C3)NC4=NC5=C(C=N4)C(=C(C(=O)C)C(=O)N5C6CCCC6)C)C(=O)NC7=NC=C(Cl)S7,False,0.0,mgdb,MG-6633,MG-6633,,,P11802,CDK4,unknown,,False,,,3,cellular_phenotype,nan,False,False,split_from_multi_target_string,,,False
[B]c1cnc(NC(=O)c2ccc(NCCOCCOCCOCCOCCOCCNC(=O)CN3CCN(c4ccc(Nc5ncc6c(C)c(C(C)=O)c(=O)n(C7CCCC7)c6n5)nc4)CC3)cc2C)s1,[B]c1cnc(NC(=O)c2ccc(NCCOCCOCCOCCOCCOCCNC(=O)CN3CCN(c4ccc(Nc5ncc6c(C)c(C(C)=O)c(=O)n(C7CCCC7)c6n5)nc4)CC3)cc2C)s1,AYZBOFHTISLWLL-UHFFFAOYSA-N,AYZBOFHTISLWLL-UHFFFAOYSA-N,CC1=CC(=CC=C1C(=O)NC2=NC=C([B])S2)NCCOCCOCCOCCOCCOCCNC(=O)CN3CCN(CC3)C4=CC=C(N=C4)NC5=NC6=C(C=N5)C(=C(C(=O)C)C(=O)N6C7CCCC7)C,False,0.0,mgdb,MG-6632,MG-6632,,,P11802,CDK4,unknown,,False,,,3,cellular_phenotype,nan,False,False,split_from_multi_target_string,,,False
CC(=O)c1c(C)c2cnc(Nc3ccc(N4CCN(CC(=O)NCCOCCOCCOCCOCCOCCNc5ccc(C(=O)Nc6ncc(-c7ccccc7)s6)c(C)c5)CC4)cn3)nc2n(C2CCCC2)c1=O,CC(=O)c1c(C)c2cnc(Nc3ccc(N4CCN(CC(=O)NCCOCCOCCOCCOCCOCCNc5ccc(C(=O)Nc6ncc(-c7ccccc7)s6)c(C)c5)CC4)cn3)nc2n(C2CCCC2)c1=O,OJSIMAXAUPKJAY-UHFFFAOYSA-N,OJSIMAXAUPKJAY-UHFFFAOYSA-N,CC1=C(C=CC(=C1)NCCOCCOCCOCCOCCOCCNC(=O)CN2CCN(CC2)C3=CN=C(C=C3)NC4=NC=C5C(=C(C(=O)N(C5=N4)C6CCCC6)C(=O)C)C)C(=O)NC7=NC=C(S7)C8=CC=CC=C8,False,0.0,mgdb,MG-6631,MG-6631,,,P11802,CDK4,unknown,,False,,,3,cellular_phenotype,nan,False,False,split_from_multi_target_string,,,False
CC(=O)c1nc(NC(=O)c2ccc(NCCOCCOCCOCCOCCOCCNC(=O)CN3CCN(c4ccc(Nc5ncc6c(C)c(C(C)=O)c(=O)n(C7CCCC7)c6n5)nc4)CC3)cc2C)sc1C,CC(=O)c1nc(NC(=O)c2ccc(NCCOCCOCCOCCOCCOCCNC(=O)CN3CCN(c4ccc(Nc5ncc6c(C)c(C(C)=O)c(=O)n(C7CCCC7)c6n5)nc4)CC3)cc2C)sc1C,KXBSTBIVBZCLAG-UHFFFAOYSA-N,KXBSTBIVBZCLAG-UHFFFAOYSA-N,CC1=C(C=CC(=C1)NCCOCCOCCOCCOCCOCCNC(=O)CN2CCN(CC2)C3=CC=C(N=C3)NC4=NC5=C(C=N4)C(=C(C(=O)C)C(=O)N5C6CCCC6)C)C(=O)NC7=NC(=C(C)S7)C(=O)C,False,0.0,mgdb,MG-6673,MG-6673,,,P11802,CDK4,unknown,,False,,,3,cellular_phenotype,nan,False,False,split_from_multi_target_string,,,False
CC(=O)c1c(C)c2cnc(Nc3ccc(N4CCN(CC(=O)NCCOCCOCCOCCOCCOCCNc5ccc(C(=O)Nc6nc(Br)c(C)s6)c(C)c5)CC4)cn3)nc2n(C2CCCC2)c1=O,CC(=O)c1c(C)c2cnc(Nc3ccc(N4CCN(CC(=O)NCCOCCOCCOCCOCCOCCNc5ccc(C(=O)Nc6nc(Br)c(C)s6)c(C)c5)CC4)cn3)nc2n(C2CCCC2)c1=O,XGHIIDQCXGHAPT-UHFFFAOYSA-N,XGHIIDQCXGHAPT-UHFFFAOYSA-N,CC1=C(C=CC(=C1)NCCOCCOCCOCCOCCOCCNC(=O)CN2CCN(CC2)C3=CC=C(N=C3)NC4=NC5=C(C=N4)C(=C(C(=O)C)C(=O)N5C6CCCC6)C)C(=O)NC7=NC(=C(C)S7)Br,False,0.0,mgdb,MG-6672,MG-6672,,,P11802,CDK4,unknown,,False,,,3,cellular_phenotype,nan,False,False,split_from_multi_target_string,,,False
CC(=O)c1c(C)c2cnc(Nc3ccc(N4CCN(CC(=O)NCCCCCCCNC(=O)c5ccc(C(=O)Nc6ncc(C)s6)c(C)c5)CC4)cn3)nc2n(C2CCCC2)c1=O,CC(=O)c1c(C)c2cnc(Nc3ccc(N4CCN(CC(=O)NCCCCCCCNC(=O)c5ccc(C(=O)Nc6ncc(C)s6)c(C)c5)CC4)cn3)nc2n(C2CCCC2)c1=O,RVNUSWFUVZXGEQ-UHFFFAOYSA-N,RVNUSWFUVZXGEQ-UHFFFAOYSA-N,CC1=CC(=CC=C1C(=O)NC2=NC=C(C)S2)C(=O)NCCCCCCCNC(=O)CN3CCN(CC3)C4=CC=C(N=C4)NC5=NC6=C(C=N5)C(=C(C(=O)C)C(=O)N6C7CCCC7)C,False,0.0,mgdb,MG-6676,MG-6676,,,P11802,CDK4,unknown,,False,,,3,cellular_phenotype,nan,False,False,split_from_multi_target_string,,,False
CCc1nc(NC(=O)c2ccc(NCCOCCOCCOCCOCCOCCNC(=O)CN3CCN(c4ccc(Nc5ncc6c(C)c(C(C)=O)c(=O)n(C7CCC(C)C7)c6n5)nc4)CC3)cc2C)sc1C,CCc1nc(NC(=O)c2ccc(NCCOCCOCCOCCOCCOCCNC(=O)CN3CCN(c4ccc(Nc5ncc6c(C)c(C(C)=O)c(=O)n(C7CCC(C)C7)c6n5)nc4)CC3)cc2C)sc1C,KSLOKXSKBNOGOU-UHFFFAOYSA-N,KSLOKXSKBNOGOU-UHFFFAOYSA-N,CCC1=C(C)SC(=N1)NC(=O)C2=C(C)C=C(C=C2)NCCOCCOCCOCCOCCOCCNC(=O)CN3CCN(CC3)C4=CC=C(N=C4)NC5=NC6=C(C=N5)C(=C(C(=O)C)C(=O)N6C7CCC(C)C7)C,False,2.0,mgdb,MG-6675,MG-6675,,,P11802,CDK4,unknown,,False,,,3,cellular_phenotype,nan,False,False,split_from_multi_target_string,,,False
CC(=O)c1c(C)c2cnc(Nc3ccc(N4CCN(CC(=O)NCCOCCOCCOCCOCCOCCNc5ccc(C(=O)Nc6nc(C7CC7)c(C)s6)c(C)c5)CC4)cn3)nc2n(C2CCCC2)c1=O,CC(=O)c1c(C)c2cnc(Nc3ccc(N4CCN(CC(=O)NCCOCCOCCOCCOCCOCCNc5ccc(C(=O)Nc6nc(C7CC7)c(C)s6)c(C)c5)CC4)cn3)nc2n(C2CCCC2)c1=O,IYBHLDGFWZCCSD-UHFFFAOYSA-N,IYBHLDGFWZCCSD-UHFFFAOYSA-N,CC1=C(C=CC(=C1)NCCOCCOCCOCCOCCOCCNC(=O)CN2CCN(CC2)C3=CC=C(N=C3)NC4=NC5=C(C=N4)C(=C(C(=O)C)C(=O)N5C6CCCC6)C)C(=O)NC7=NC(=C(C)S7)C8CC8,False,0.0,mgdb,MG-6674,MG-6674,,,P11802,CDK4,unknown,,False,,,3,cellular_phenotype,nan,False,False,split_from_multi_target_string,,,False
CC(=O)c1c(C)c2cnc(Nc3ccc(N4CCN(CC(=O)NCCCCCCCNC(=O)CNc5ccc(C(=O)Nc6ncc(C)s6)c(C)c5)CC4)cn3)nc2n(C2CCCC2)c1=O,CC(=O)c1c(C)c2cnc(Nc3ccc(N4CCN(CC(=O)NCCCCCCCNC(=O)CNc5ccc(C(=O)Nc6ncc(C)s6)c(C)c5)CC4)cn3)nc2n(C2CCCC2)c1=O,CHMYCCLUBIHTAP-UHFFFAOYSA-N,CHMYCCLUBIHTAP-UHFFFAOYSA-N,CC1=CC(=CC=C1C(=O)NC2=NC=C(C)S2)NCC(=O)NCCCCCCCNC(=O)CN3CCN(CC3)C4=CC=C(N=C4)NC5=NC6=C(C=N5)C(=C(C(=O)C)C(=O)N6C7CCCC7)C,False,0.0,mgdb,MG-6644,MG-6644,,,P11802,CDK4,unknown,,False,,,3,cellular_phenotype,nan,False,False,split_from_multi_target_string,,,False
CC(=O)c1c(C)c2cnc(Nc3ccc(N4CCN(CC(=O)NCCOCCOCCOCCOCCOCCNc5ccc(C(=O)Nc6nc(C(C)C)c(C)s6)c(C)c5)CC4)cn3)nc2n(C2CCCC2)c1=O,CC(=O)c1c(C)c2cnc(Nc3ccc(N4CCN(CC(=O)NCCOCCOCCOCCOCCOCCNc5ccc(C(=O)Nc6nc(C(C)C)c(C)s6)c(C)c5)CC4)cn3)nc2n(C2CCCC2)c1=O,MJYRMXACGWDDBX-UHFFFAOYSA-N,MJYRMXACGWDDBX-UHFFFAOYSA-N,CC(C)C1=C(C)SC(=N1)NC(=O)C2=C(C)C=C(C=C2)NCCOCCOCCOCCOCCOCCNC(=O)CN3CCN(CC3)C4=CC=C(N=C4)NC5=NC6=C(C=N5)C(=C(C(=O)C)C(=O)N6C7CCCC7)C,False,0.0,mgdb,MG-6671,MG-6671,,,P11802,CDK4,unknown,,False,,,3,cellular_phenotype,nan,False,False,split_from_multi_target_string,,,False
CC(=O)c1c(C)c2cnc(N(C)c3ccc(N4CCN(CC(=O)NCCOCCOCCOCCOCCOCCNc5ccc(C(=O)Nc6ncc(C)s6)c(C)c5)CC4)cn3)nc2n(C2CCCC2)c1=O,CC(=O)c1c(C)c2cnc(N(C)c3ccc(N4CCN(CC(=O)NCCOCCOCCOCCOCCOCCNc5ccc(C(=O)Nc6ncc(C)s6)c(C)c5)CC4)cn3)nc2n(C2CCCC2)c1=O,DCDHUBCPDJIMQG-UHFFFAOYSA-N,DCDHUBCPDJIMQG-UHFFFAOYSA-N,CC1=C(C=CC(=C1)NCCOCCOCCOCCOCCOCCNC(=O)CN2CCN(CC2)C3=CC=C(N=C3)N(C)C4=NC5=C(C=N4)C(=C(C(=O)C)C(=O)N5C6CCCC6)C)C(=O)NC7=NC=C(C)S7,False,0.0,mgdb,MG-6670,MG-6670,,,P11802,CDK4,unknown,,False,,,3,cellular_phenotype,nan,False,False,split_from_multi_target_string,,,False
CC(=O)c1c(C)c2cnc(Nc3ccc(N4CCN(CC(=O)NCCOCCOCCOCCOCCNC(=O)COc5ccc(C(=O)Nc6ncc(C)s6)c(C)c5)CC4)cn3)nc2n(C2CCCC2)c1=O,CC(=O)c1c(C)c2cnc(Nc3ccc(N4CCN(CC(=O)NCCOCCOCCOCCOCCNC(=O)COc5ccc(C(=O)Nc6ncc(C)s6)c(C)c5)CC4)cn3)nc2n(C2CCCC2)c1=O,BXGADLBJFHVEBO-UHFFFAOYSA-N,BXGADLBJFHVEBO-UHFFFAOYSA-N,CC1=CC(=CC=C1C(=O)NC2=NC=C(C)S2)OCC(=O)NCCOCCOCCOCCOCCNC(=O)CN3CCN(CC3)C4=CC=C(N=C4)NC5=NC6=C(C=N5)C(=C(C(=O)C)C(=O)N6C7CCCC7)C,False,0.0,mgdb,MG-6669,MG-6669,,,P11802,CDK4,unknown,,False,,,3,cellular_phenotype,nan,False,False,split_from_multi_target_string,,,False
CC(=O)c1c(C)c2cnc(Nc3ccc(N4CCN(CC(=O)NCCOCCOCCOCCNC(=O)COc5ccc(C(=O)Nc6ncc(C)s6)c(C)c5)CC4)cn3)nc2n(C2CCCC2)c1=O,CC(=O)c1c(C)c2cnc(Nc3ccc(N4CCN(CC(=O)NCCOCCOCCOCCNC(=O)COc5ccc(C(=O)Nc6ncc(C)s6)c(C)c5)CC4)cn3)nc2n(C2CCCC2)c1=O,DWIIOVJOBACVKG-UHFFFAOYSA-N,DWIIOVJOBACVKG-UHFFFAOYSA-N,CC1=CC(=CC=C1C(=O)NC2=NC=C(C)S2)OCC(=O)NCCOCCOCCOCCNC(=O)CN3CCN(CC3)C4=CC=C(N=C4)NC5=NC6=C(C=N5)C(=C(C(=O)C)C(=O)N6C7CCCC7)C,False,0.0,mgdb,MG-6668,MG-6668,,,P11802,CDK4,unknown,,False,,,3,cellular_phenotype,nan,False,False,split_from_multi_target_string,,,False
CC(=O)c1c(C)c2cnc(Nc3ccc(N4CCN(CC(=O)NCCOCCOCCNC(=O)COc5ccc(C(=O)Nc6ncc(C)s6)c(C)c5)CC4)cn3)nc2n(C2CCCC2)c1=O,CC(=O)c1c(C)c2cnc(Nc3ccc(N4CCN(CC(=O)NCCOCCOCCNC(=O)COc5ccc(C(=O)Nc6ncc(C)s6)c(C)c5)CC4)cn3)nc2n(C2CCCC2)c1=O,PHHDJHOCOFTYHU-UHFFFAOYSA-N,PHHDJHOCOFTYHU-UHFFFAOYSA-N,CC1=CC(=CC=C1C(=O)NC2=NC=C(C)S2)OCC(=O)NCCOCCOCCNC(=O)CN3CCN(CC3)C4=CC=C(N=C4)NC5=NC6=C(C=N5)C(=C(C(=O)C)C(=O)N6C7CCCC7)C,False,0.0,mgdb,MG-6667,MG-6667,,,P11802,CDK4,unknown,,False,,,3,cellular_phenotype,nan,False,False,split_from_multi_target_string,,,False
CC(=O)c1c(C)c2cnc(Nc3ccc(N4CCN(CC(=O)NCCCCCCCCCNC(=O)COc5ccc(C(=O)Nc6ncc(C)s6)c(C)c5)CC4)cn3)nc2n(C2CCCC2)c1=O,CC(=O)c1c(C)c2cnc(Nc3ccc(N4CCN(CC(=O)NCCCCCCCCCNC(=O)COc5ccc(C(=O)Nc6ncc(C)s6)c(C)c5)CC4)cn3)nc2n(C2CCCC2)c1=O,RUUUFHDFRNLCKX-UHFFFAOYSA-N,RUUUFHDFRNLCKX-UHFFFAOYSA-N,CC1=CC(=CC=C1C(=O)NC2=NC=C(C)S2)OCC(=O)NCCCCCCCCCNC(=O)CN3CCN(CC3)C4=CC=C(N=C4)NC5=NC6=C(C=N5)C(=C(C(=O)C)C(=O)N6C7CCCC7)C,False,0.0,mgdb,MG-6666,MG-6666,,,P11802,CDK4,unknown,,False,,,3,cellular_phenotype,nan,False,False,split_from_multi_target_string,,,False
CC(=O)c1c(C)c2cnc(Nc3ccc(N4CCN(CC(=O)NCCCCCCCNC(=O)COc5ccc(C(=O)Nc6ncc(C)s6)c(C)c5)CC4)cn3)nc2n(C2CCCC2)c1=O,CC(=O)c1c(C)c2cnc(Nc3ccc(N4CCN(CC(=O)NCCCCCCCNC(=O)COc5ccc(C(=O)Nc6ncc(C)s6)c(C)c5)CC4)cn3)nc2n(C2CCCC2)c1=O,NYJYCRRUCDKVRM-UHFFFAOYSA-N,NYJYCRRUCDKVRM-UHFFFAOYSA-N,CC1=CC(=CC=C1C(=O)NC2=NC=C(C)S2)OCC(=O)NCCCCCCCNC(=O)CN3CCN(CC3)C4=CC=C(N=C4)NC5=NC6=C(C=N5)C(=C(C(=O)C)C(=O)N6C7CCCC7)C,False,0.0,mgdb,MG-6665,MG-6665,,,P11802,CDK4,unknown,,False,,,3,cellular_phenotype,nan,False,False,split_from_multi_target_string,,,False
CC(=O)c1c(C)c2cnc(Nc3ccc(N4CCN(CC(=O)NCCCCCNC(=O)COc5ccc(C(=O)Nc6ncc(C)s6)c(C)c5)CC4)cn3)nc2n(C2CCCC2)c1=O,CC(=O)c1c(C)c2cnc(Nc3ccc(N4CCN(CC(=O)NCCCCCNC(=O)COc5ccc(C(=O)Nc6ncc(C)s6)c(C)c5)CC4)cn3)nc2n(C2CCCC2)c1=O,AWZICWFZULOUGN-UHFFFAOYSA-N,AWZICWFZULOUGN-UHFFFAOYSA-N,CC1=CC(=CC=C1C(=O)NC2=NC=C(C)S2)OCC(=O)NCCCCCNC(=O)CN3CCN(CC3)C4=CC=C(N=C4)NC5=NC6=C(C=N5)C(=C(C(=O)C)C(=O)N6C7CCCC7)C,False,0.0,mgdb,MG-6664,MG-6664,,,P11802,CDK4,unknown,,False,,,3,cellular_phenotype,nan,False,False,split_from_multi_target_string,,,False
CC(=O)c1c(C)c2cnc(Nc3ccc(N4CCN(CC(=O)NCCCCCCCCCNC(=O)CNc5ccc(C(=O)Nc6ncc(C)s6)c(C)c5)CC4)cn3)nc2n(C2CCCC2)c1=O,CC(=O)c1c(C)c2cnc(Nc3ccc(N4CCN(CC(=O)NCCCCCCCCCNC(=O)CNc5ccc(C(=O)Nc6ncc(C)s6)c(C)c5)CC4)cn3)nc2n(C2CCCC2)c1=O,IPDFQQLHBVVJBP-UHFFFAOYSA-N,IPDFQQLHBVVJBP-UHFFFAOYSA-N,CC1=CC(=CC=C1C(=O)NC2=NC=C(C)S2)NCC(=O)NCCCCCCCCCNC(=O)CN3CCN(CC3)C4=CC=C(N=C4)NC5=NC6=C(C=N5)C(=C(C(=O)C)C(=O)N6C7CCCC7)C,False,0.0,mgdb,MG-6663,MG-6663,,,P11802,CDK4,unknown,,False,,,3,cellular_phenotype,nan,False,False,split_from_multi_target_string,,,False
CC(=O)c1c(C)c2cnc(Nc3ccc(N4CCN(CC(=O)NCCOCCOCCOCCOCCOCCNc5ccc(C(=O)Nc6nc(-c7ccccc7)c(C)s6)c(C)c5)CC4)cn3)nc2n(C2CCCC2)c1=O,CC(=O)c1c(C)c2cnc(Nc3ccc(N4CCN(CC(=O)NCCOCCOCCOCCOCCOCCNc5ccc(C(=O)Nc6nc(-c7ccccc7)c(C)s6)c(C)c5)CC4)cn3)nc2n(C2CCCC2)c1=O,YLKPFJWLEMIXBU-UHFFFAOYSA-N,YLKPFJWLEMIXBU-UHFFFAOYSA-N,CC1=C(C=CC(=C1)NCCOCCOCCOCCOCCOCCNC(=O)CN2CCN(CC2)C3=CC=C(N=C3)NC4=NC5=C(C=N4)C(=C(C(=O)C)C(=O)N5C6CCCC6)C)C(=O)NC7=NC(=C(C)S7)C8=CC=CC=C8,False,0.0,mgdb,MG-6662,MG-6662,,,P11802,CDK4,unknown,,False,,,3,cellular_phenotype,nan,False,False,split_from_multi_target_string,,,False
COC(=O)c1nc(NC(=O)c2ccc(NCCOCCOCCOCCOCCOCCNC(=O)CN3CCN(c4ccc(Nc5ncc6c(C)c(C(C)=O)c(=O)n(C7CCCC7)c6n5)nc4)CC3)cc2C)sc1C,COC(=O)c1nc(NC(=O)c2ccc(NCCOCCOCCOCCOCCOCCNC(=O)CN3CCN(c4ccc(Nc5ncc6c(C)c(C(C)=O)c(=O)n(C7CCCC7)c6n5)nc4)CC3)cc2C)sc1C,LBDNAEMQZHSLLZ-UHFFFAOYSA-N,LBDNAEMQZHSLLZ-UHFFFAOYSA-N,CC1=C(C=CC(=C1)NCCOCCOCCOCCOCCOCCNC(=O)CN2CCN(CC2)C3=CC=C(N=C3)NC4=NC5=C(C=N4)C(=C(C(=O)C)C(=O)N5C6CCCC6)C)C(=O)NC7=NC(=C(C)S7)C(=O)OC,False,0.0,mgdb,MG-6661,MG-6661,,,P11802,CDK4,unknown,,False,,,3,cellular_phenotype,nan,False,False,split_from_multi_target_string,,,False
COC(=O)c1cnc(NC(=O)c2ccc(NCCCOCCOCCOCCOCCOCCNC(=O)CN3CCN(c4ccc(Nc5ncc6c(C)c(C(C)=O)c(=O)n(C7CCCC7)c6n5)nc4)CC3)cc2C)s1,COC(=O)c1cnc(NC(=O)c2ccc(NCCCOCCOCCOCCOCCOCCNC(=O)CN3CCN(c4ccc(Nc5ncc6c(C)c(C(C)=O)c(=O)n(C7CCCC7)c6n5)nc4)CC3)cc2C)s1,HVZWNPMNBZKTCX-UHFFFAOYSA-N,HVZWNPMNBZKTCX-UHFFFAOYSA-N,CC1=C(C=CC(=C1)NCCCOCCOCCOCCOCCOCCNC(=O)CN2CCN(CC2)C3=CC=C(N=C3)NC4=NC5=C(C=N4)C(=C(C(=O)C)C(=O)N5C6CCCC6)C)C(=O)NC7=NC=C(C(=O)OC)S7,False,0.0,mgdb,MG-6660,MG-6660,,,P11802,CDK4,unknown,,False,,,3,cellular_phenotype,nan,False,False,split_from_multi_target_string,,,False
CC(=O)c1c(C)c2cnc(Nc3ccc(N4CCN(CC(=O)NCCOCCOCCOCCOCCOCCNc5ccc(C(=O)Nc6nc(C)c(C)s6)c(C)c5)CC4)cn3)nc2n(C2CCCC2)c1=O,CC(=O)c1c(C)c2cnc(Nc3ccc(N4CCN(CC(=O)NCCOCCOCCOCCOCCOCCNc5ccc(C(=O)Nc6nc(C)c(C)s6)c(C)c5)CC4)cn3)nc2n(C2CCCC2)c1=O,SNKGUMMAVHGNBH-UHFFFAOYSA-N,SNKGUMMAVHGNBH-UHFFFAOYSA-N,CC1=C(C=CC(=C1)NCCOCCOCCOCCOCCOCCNC(=O)CN2CCN(CC2)C3=CC=C(N=C3)NC4=NC5=C(C=N4)C(=C(C(=O)C)C(=O)N5C6CCCC6)C)C(=O)NC7=NC(=C(C)S7)C,False,0.0,mgdb,MG-6659,MG-6659,,,P11802,CDK4,unknown,,False,,,3,cellular_phenotype,nan,False,False,split_from_multi_target_string,,,False
COc1cnc(NC(=O)c2ccc(NCCCOCCOCCOCCOCCCNC(=O)CN3CCN(c4ccc(Nc5ncc6c(C)c(C(C)=O)c(=O)n(C7CCCC7)c6n5)nc4)CC3)cc2C)s1,COc1cnc(NC(=O)c2ccc(NCCCOCCOCCOCCOCCCNC(=O)CN3CCN(c4ccc(Nc5ncc6c(C)c(C(C)=O)c(=O)n(C7CCCC7)c6n5)nc4)CC3)cc2C)s1,HNDZCUXEDWWDSE-UHFFFAOYSA-N,HNDZCUXEDWWDSE-UHFFFAOYSA-N,CC1=C(C=CC(=C1)NCCCOCCOCCOCCOCCCNC(=O)CN2CCN(CC2)C3=CC=C(N=C3)NC4=NC5=C(C=N4)C(=C(C(=O)C)C(=O)N5C6CCCC6)C)C(=O)NC7=NC=C(OC)S7,False,0.0,mgdb,MG-6658,MG-6658,,,P11802,CDK4,unknown,,False,,,3,cellular_phenotype,nan,False,False,split_from_multi_target_string,,,False
CC(=O)c1c(C)c2cnc(Nc3ccc(N4CCN(CC(=O)NCCOCCOCCOCCOCCOCCNc5ccc(C(=O)Nc6ncc(C7CC7)s6)c(C)c5)CC4)cn3)nc2n(C2CCCC2)c1=O,CC(=O)c1c(C)c2cnc(Nc3ccc(N4CCN(CC(=O)NCCOCCOCCOCCOCCOCCNc5ccc(C(=O)Nc6ncc(C7CC7)s6)c(C)c5)CC4)cn3)nc2n(C2CCCC2)c1=O,JNKGBPDYLBCPNB-UHFFFAOYSA-N,JNKGBPDYLBCPNB-UHFFFAOYSA-N,CC1=C(C=CC(=C1)NCCOCCOCCOCCOCCOCCNC(=O)CN2CCN(CC2)C3=CC=C(N=C3)NC4=NC5=C(C=N4)C(=C(C(=O)C)C(=O)N5C6CCCC6)C)C(=O)NC7=NC=C(C8CC8)S7,False,0.0,mgdb,MG-6657,MG-6657,,,P11802,CDK4,unknown,,False,,,3,cellular_phenotype,nan,False,False,split_from_multi_target_string,,,False
CC(=O)c1c(C)c2cnc(Nc3ccc(N4CCN(CC(=O)NCCOCCOCCOCCOCCOCCNc5ccc(C(=O)Nc6ncc(F)s6)c(C)c5)CC4)cn3)nc2n(C2CCCC2)c1=O,CC(=O)c1c(C)c2cnc(Nc3ccc(N4CCN(CC(=O)NCCOCCOCCOCCOCCOCCNc5ccc(C(=O)Nc6ncc(F)s6)c(C)c5)CC4)cn3)nc2n(C2CCCC2)c1=O,YXIONOKCFUBXOO-UHFFFAOYSA-N,YXIONOKCFUBXOO-UHFFFAOYSA-N,CC1=C(C=CC(=C1)NCCOCCOCCOCCOCCOCCNC(=O)CN2CCN(CC2)C3=CC=C(N=C3)NC4=NC5=C(C=N4)C(=C(C(=O)C)C(=O)N5C6CCCC6)C)C(=O)NC7=NC=C(F)S7,False,0.0,mgdb,MG-6656,MG-6656,,,P11802,CDK4,unknown,,False,,,3,cellular_phenotype,nan,False,False,split_from_multi_target_string,,,False
CC(=O)c1c(C)c2cnc(Nc3ccc(N4CCN(CC(=O)NCCOCCOCCOCCOCCOCCNc5ccc(C(=O)Nc6ccc(C)cn6)c(C)c5)CC4)cn3)nc2n(C2CCCC2)c1=O,CC(=O)c1c(C)c2cnc(Nc3ccc(N4CCN(CC(=O)NCCOCCOCCOCCOCCOCCNc5ccc(C(=O)Nc6ccc(C)cn6)c(C)c5)CC4)cn3)nc2n(C2CCCC2)c1=O,XAOJZXXTXMWEAA-UHFFFAOYSA-N,XAOJZXXTXMWEAA-UHFFFAOYSA-N,CC1=CC=C(N=C1)NC(=O)C2=C(C)C=C(C=C2)NCCOCCOCCOCCOCCOCCNC(=O)CN3CCN(CC3)C4=CC=C(N=C4)NC5=NC6=C(C=N5)C(=C(C(=O)C)C(=O)N6C7CCCC7)C,False,0.0,mgdb,MG-6654,MG-6654,,,P11802,CDK4,unknown,,False,,,3,cellular_phenotype,nan,False,False,split_from_multi_target_string,,,False
CC(=O)c1c(C)c2cnc(Nc3ccc(N4CCN(CC(=O)NCCOCCOCCOCCOCCOCCNc5ccc(C(=O)Nc6ccc(C)cc6)c(C)c5)CC4)cn3)nc2n(C2CCCC2)c1=O,CC(=O)c1c(C)c2cnc(Nc3ccc(N4CCN(CC(=O)NCCOCCOCCOCCOCCOCCNc5ccc(C(=O)Nc6ccc(C)cc6)c(C)c5)CC4)cn3)nc2n(C2CCCC2)c1=O,LOGKPUAQJUFUSI-UHFFFAOYSA-N,LOGKPUAQJUFUSI-UHFFFAOYSA-N,CC1=CC=C(C=C1)NC(=O)C2=C(C)C=C(C=C2)NCCOCCOCCOCCOCCOCCNC(=O)CN3CCN(CC3)C4=CC=C(N=C4)NC5=NC6=C(C=N5)C(=C(C(=O)C)C(=O)N6C7CCCC7)C,False,0.0,mgdb,MG-6653,MG-6653,,,P11802,CDK4,unknown,,False,,,3,cellular_phenotype,nan,False,False,split_from_multi_target_string,,,False
CC(=O)c1c(C)c2cnc(Nc3ncc(N4CCN(CC(=O)NCCOCCOCCOCCOCCOCCNC(=O)COc5ccc(C(=O)Nc6ncc(C)s6)c(C)c5)CC4)cn3)nc2n(C2CCCC2)c1=O,CC(=O)c1c(C)c2cnc(Nc3ncc(N4CCN(CC(=O)NCCOCCOCCOCCOCCOCCNC(=O)COc5ccc(C(=O)Nc6ncc(C)s6)c(C)c5)CC4)cn3)nc2n(C2CCCC2)c1=O,XKWNMYYCYCUEPC-UHFFFAOYSA-N,XKWNMYYCYCUEPC-UHFFFAOYSA-N,CC1=CC(=CC=C1C(=O)NC2=NC=C(C)S2)OCC(=O)NCCOCCOCCOCCOCCOCCNC(=O)CN3CCN(CC3)C4=CN=C(N=C4)NC5=NC6=C(C=N5)C(=C(C(=O)C)C(=O)N6C7CCCC7)C,False,0.0,mgdb,MG-6647,MG-6647,,,P11802,CDK4,unknown,,False,,,3,cellular_phenotype,nan,False,False,split_from_multi_target_string,,,False
CC(=O)c1c(C)c2cnc(Nc3ccc(N4CCN(CC(=O)NCCOCCOCCOCCNC(=O)CNc5ccc(C(=O)Nc6ncc(C)s6)c(C)c5)CC4)cn3)nc2n(C2CCCC2)c1=O,CC(=O)c1c(C)c2cnc(Nc3ccc(N4CCN(CC(=O)NCCOCCOCCOCCNC(=O)CNc5ccc(C(=O)Nc6ncc(C)s6)c(C)c5)CC4)cn3)nc2n(C2CCCC2)c1=O,KVSARFKSPNRFOC-UHFFFAOYSA-N,KVSARFKSPNRFOC-UHFFFAOYSA-N,CC1=CC(=CC=C1C(=O)NC2=NC=C(C)S2)NCC(=O)NCCOCCOCCOCCNC(=O)CN3CCN(CC3)C4=CC=C(N=C4)NC5=NC6=C(C=N5)C(=C(C(=O)C)C(=O)N6C7CCCC7)C,False,0.0,mgdb,MG-6646,MG-6646,,,P11802,CDK4,unknown,,False,,,3,cellular_phenotype,nan,False,False,split_from_multi_target_string,,,False
CC(=O)c1c(C)c2cnc(Nc3ccc(N4CCN(CC(=O)NCCOCCOCCNCC(=O)Nc5ccc(C(=O)Nc6ncc(C)s6)c(C)c5)CC4)cn3)nc2n(C2CCCC2)c1=O,CC(=O)c1c(C)c2cnc(Nc3ccc(N4CCN(CC(=O)NCCOCCOCCNCC(=O)Nc5ccc(C(=O)Nc6ncc(C)s6)c(C)c5)CC4)cn3)nc2n(C2CCCC2)c1=O,AKILEUXNRBRINP-UHFFFAOYSA-N,AKILEUXNRBRINP-UHFFFAOYSA-N,CC1=CC(=CC=C1C(=O)NC2=NC=C(C)S2)NC(=O)CNCCOCCOCCNC(=O)CN3CCN(CC3)C4=CC=C(N=C4)NC5=NC6=C(C=N5)C(=C(C(=O)C)C(=O)N6C7CCCC7)C,False,0.0,mgdb,MG-6645,MG-6645,,,P11802,CDK4,unknown,,False,,,3,cellular_phenotype,nan,False,False,split_from_multi_target_string,,,False
CC(=O)c1c(C)c2cnc(Nc3ccc(N4CCN(CC(=O)NCCOCCOCCOCCOCCOCCNC(=O)CNc5ccc(C(=O)Nc6ncc(C)s6)c(C)c5)CC4)cn3)nc2n(C2CCCC2)c1=O,CC(=O)c1c(C)c2cnc(Nc3ccc(N4CCN(CC(=O)NCCOCCOCCOCCOCCOCCNC(=O)CNc5ccc(C(=O)Nc6ncc(C)s6)c(C)c5)CC4)cn3)nc2n(C2CCCC2)c1=O,IQPOGMAKMCKZSK-UHFFFAOYSA-N,IQPOGMAKMCKZSK-UHFFFAOYSA-N,CC1=CC(=CC=C1C(=O)NC2=NC=C(C)S2)NCC(=O)NCCOCCOCCOCCOCCOCCNC(=O)CN3CCN(CC3)C4=CC=C(N=C4)NC5=NC6=C(C=N5)C(=C(C(=O)C)C(=O)N6C7CCCC7)C,False,0.0,mgdb,MG-6642,MG-6642,,,P11802,CDK4,unknown,,False,,,3,cellular_phenotype,nan,False,False,split_from_multi_target_string,,,False
CC(=O)c1c(C)c2cnc(Nc3ccc(N4CCN(CC(=O)NCCOCCOCCOCCOCCNC(=O)CNc5ccc(C(=O)Nc6ncc(C)s6)c(C)c5)CC4)cn3)nc2n(C2CCCC2)c1=O,CC(=O)c1c(C)c2cnc(Nc3ccc(N4CCN(CC(=O)NCCOCCOCCOCCOCCNC(=O)CNc5ccc(C(=O)Nc6ncc(C)s6)c(C)c5)CC4)cn3)nc2n(C2CCCC2)c1=O,ZVLPVVJFNLTAJS-UHFFFAOYSA-N,ZVLPVVJFNLTAJS-UHFFFAOYSA-N,CC1=CC(=CC=C1C(=O)NC2=NC=C(C)S2)NCC(=O)NCCOCCOCCOCCOCCNC(=O)CN3CCN(CC3)C4=CC=C(N=C4)NC5=NC6=C(C=N5)C(=C(C(=O)C)C(=O)N6C7CCCC7)C,False,0.0,mgdb,MG-6641,MG-6641,,,P11802,CDK4,unknown,,False,,,3,cellular_phenotype,nan,False,False,split_from_multi_target_string,,,False
CC(=O)c1c(C)c2cnc(Nc3ccc(N4CCN(CC(=O)NCCOCCOCCOCCOCCNC(=O)c5ccc(C(=O)Nc6ncc(C)s6)c(C)c5)CC4)cn3)nc2n(C2CCCC2)c1=O,CC(=O)c1c(C)c2cnc(Nc3ccc(N4CCN(CC(=O)NCCOCCOCCOCCOCCNC(=O)c5ccc(C(=O)Nc6ncc(C)s6)c(C)c5)CC4)cn3)nc2n(C2CCCC2)c1=O,XNRNWIKERQHICU-UHFFFAOYSA-N,XNRNWIKERQHICU-UHFFFAOYSA-N,CC1=CC(=CC=C1C(=O)NC2=NC=C(C)S2)C(=O)NCCOCCOCCOCCOCCNC(=O)CN3CCN(CC3)C4=CC=C(N=C4)NC5=NC6=C(C=N5)C(=C(C(=O)C)C(=O)N6C7CCCC7)C,False,0.0,mgdb,MG-6640,MG-6640,,,P11802,CDK4,unknown,,False,,,3,cellular_phenotype,nan,False,False,split_from_multi_target_string,,,False
CC(C)NC(=O)O[C@H]1CCC(c2cc(NC(=O)Cc3ccc(CN4CCN(c5ccc6c(c5)C(=O)N(C5CCC(=O)NC5=O)C6=O)CC4)cc3)[nH]n2)C1,CC(C)NC(=O)OC1CCC(c2cc(NC(=O)Cc3ccc(CN4CCN(c5ccc6c(c5)C(=O)N(C5CCC(=O)NC5=O)C6=O)CC4)cc3)[nH]n2)C1,YIGFSLQBIDLLFW-XCCMJPSHSA-N,YIGFSLQBIDLLFW-UHFFFAOYSA-N,CC(C)NC(=O)O[C@H]1CC[C@H](C1)C2=CC(=NN2)NC(=O)CC3=CC=C(C=C3)CN4CCN(CC4)C5=CC=C6C(=C5)C(=O)N(C7CCC(=O)NC7=O)C6=O,True,3.0,mgdb,MG-6291,MG-6291,,,,"RBM39,DCAF15",unknown,,False,,,3,cellular_phenotype,,False,False,,,,False
CC(C)NC(=O)O[C@H]1CCC(c2cc(NC(=O)CC3CCN(C4CCN(c5ccc6c(c5)C(=O)N(C5CCC(=O)NC5=O)C6=O)CC4)CC3)[nH]n2)C1,CC(C)NC(=O)OC1CCC(c2cc(NC(=O)CC3CCN(C4CCN(c5ccc6c(c5)C(=O)N(C5CCC(=O)NC5=O)C6=O)CC4)CC3)[nH]n2)C1,VDWDVHIUXWRDQB-SHCORVSCSA-N,VDWDVHIUXWRDQB-UHFFFAOYSA-N,CC(C)NC(=O)O[C@H]1CC[C@H](C1)C2=CC(=NN2)NC(=O)CC3CCN(CC3)C4CCN(CC4)C5=CC=C6C(=C5)C(=O)N(C7CCC(=O)NC7=O)C6=O,True,3.0,mgdb,MG-6290,MG-6290,,,,"RBM39,DCAF15",unknown,,False,,,3,cellular_phenotype,,False,False,,,,False
CC(C)NC(=O)O[C@@H]1CCC(c2cc(NC(=O)Cc3ccc(CN4CCC(c5ccc6c(c5)CN(C5CCC(=O)NC5=O)C6=O)CC4)cc3)[nH]n2)C1,CC(C)NC(=O)OC1CCC(c2cc(NC(=O)Cc3ccc(CN4CCC(c5ccc6c(c5)CN(C5CCC(=O)NC5=O)C6=O)CC4)cc3)[nH]n2)C1,UGUMNJQQOKPBPW-IJKRIRNJSA-N,UGUMNJQQOKPBPW-UHFFFAOYSA-N,CC(C)NC(=O)O[C@@H]1CC[C@@H](C1)C2=CC(=NN2)NC(=O)CC3=CC=C(C=C3)CN4CCC(CC4)C5=CC=C6C(=C5)CN(C7CCC(=O)NC7=O)C6=O,True,3.0,mgdb,MG-6297,MG-6297,,,,"RBM39,DCAF15",unknown,,False,,,3,cellular_phenotype,,False,False,,,,False
CC(C)NC(=O)O[C@@H]1CCC(c2cc(NC(=O)CC3CCC(CN4CCN(c5ccc6c(c5)C(=O)N(C5CCC(=O)NC5=O)C6=O)CC4)CC3)[nH]n2)C1,CC(C)NC(=O)OC1CCC(c2cc(NC(=O)CC3CCC(CN4CCN(c5ccc6c(c5)C(=O)N(C5CCC(=O)NC5=O)C6=O)CC4)CC3)[nH]n2)C1,ORHBGOCSEMXKAU-JQYKHWSXSA-N,ORHBGOCSEMXKAU-UHFFFAOYSA-N,CC(C)NC(=O)O[C@@H]1CC[C@@H](C1)C2=CC(=NN2)NC(=O)CC3CCC(CC3)CN4CCN(CC4)C5=CC=C6C(=C5)C(=O)N(C7CCC(=O)NC7=O)C6=O,True,3.0,mgdb,MG-6296,MG-6296,,,,"RBM39,DCAF15",unknown,,False,,,3,cellular_phenotype,,False,False,,,,False
CC(C)NC(=O)O[C@@H]1CCC(c2cc(NC(=O)CC3CCN(CC4CCN(C5C=C6CN(C7CCC(=O)NC7=O)C(=O)C6=CC5)CC4)CC3)[nH]n2)C1,CC(C)NC(=O)OC1CCC(c2cc(NC(=O)CC3CCN(CC4CCN(C5C=C6CN(C7CCC(=O)NC7=O)C(=O)C6=CC5)CC4)CC3)[nH]n2)C1,LCTNJCBUAWJNIM-WYXCVJKBSA-N,LCTNJCBUAWJNIM-UHFFFAOYSA-N,CC(C)NC(=O)O[C@@H]1CC[C@@H](C1)C2=CC(=NN2)NC(=O)CC3CCN(CC3)CC4CCN(CC4)C5CC=C6C(=C5)CN(C7CCC(=O)NC7=O)C6=O,True,4.0,mgdb,MG-6295,MG-6295,,,,"RBM39,DCAF15",unknown,,False,,,3,cellular_phenotype,,False,False,,,,False
CC(C)NC(=O)O[C@@H]1CCC(c2cc(NC(=O)Cc3ccc(CN4CC=C(c5ccc6c(O)n(C7CCC(=O)NC7=O)c(O)c6c5)CC4)cc3)[nH]n2)C1,CC(C)NC(=O)OC1CCC(c2cc(NC(=O)Cc3ccc(CN4CC=C(c5ccc6c(O)n(C7CCC(=O)NC7=O)c(O)c6c5)CC4)cc3)[nH]n2)C1,VGMJLLQQSFARMF-FVOZHSIJSA-N,VGMJLLQQSFARMF-UHFFFAOYSA-N,CC(C)NC(=O)O[C@@H]1CC[C@@H](C1)C2=CC(=NN2)NC(=O)CC3=CC=C(C=C3)CN4CCC(CC4)C5=CC=C6C(=C5)C(=O)N(C7CCC(=O)NC7=O)C6=O,True,3.0,mgdb,MG-6294,MG-6294,,,,"RBM39,DCAF15",unknown,,False,,,3,cellular_phenotype,,False,False,,,,False
CC(C)NC(=O)O[C@@H]1CCC(c2cc(NC(=O)c3ccc(N4CCC(CN5CCCN(c6ccc7c(c6)CN(C6CCC(=O)NC6=O)C7=O)CC5)CC4)cc3)[nH]n2)C1,CC(C)NC(=O)OC1CCC(c2cc(NC(=O)c3ccc(N4CCC(CN5CCCN(c6ccc7c(c6)CN(C6CCC(=O)NC6=O)C7=O)CC5)CC4)cc3)[nH]n2)C1,TTXMLHTVRQZAKC-FLMMDQNISA-N,TTXMLHTVRQZAKC-UHFFFAOYSA-N,CC(C)NC(=O)O[C@@H]1CC[C@@H](C1)C2=CC(=NN2)NC(=O)C3=CC=C(C=C3)N4CCC(CC4)CN5CCCN(CC5)C6=CC=C7C(=C6)CN(C8CCC(=O)NC8=O)C7=O,True,3.0,mgdb,MG-6303,MG-6303,,,,"RBM39,DCAF15",unknown,,False,,,3,cellular_phenotype,,False,False,,,,False
CC(C)NC(=O)O[C@@H]1CCC(c2cc(NC(=O)c3ccc(N4CCN(CC5CCN(c6ccc7c(c6)CN(C6CCC(=O)NC6=O)C7=O)CC5)CC4)cc3)[nH]n2)C1,CC(C)NC(=O)OC1CCC(c2cc(NC(=O)c3ccc(N4CCN(CC5CCN(c6ccc7c(c6)CN(C6CCC(=O)NC6=O)C7=O)CC5)CC4)cc3)[nH]n2)C1,KUZBPAQQZSCFEY-CPWGSRFHSA-N,KUZBPAQQZSCFEY-UHFFFAOYSA-N,CC(C)NC(=O)O[C@@H]1CC[C@@H](C1)C2=CC(=NN2)NC(=O)C3=CC=C(C=C3)N4CCN(CC4)CC5CCN(CC5)C6=CC=C7C(=C6)CN(C8CCC(=O)NC8=O)C7=O,True,3.0,mgdb,MG-6302,MG-6302,,,,"RBM39,DCAF15",unknown,,False,,,3,cellular_phenotype,,False,False,,,,False
CC(C)NC(=O)O[C@@H]1CCC(c2cc(NC(=O)c3ccc(N4CCC(CN5CC(c6ccc7c(c6)CN(C6CCC(=O)NC6=O)C7=O)C5)CC4)cc3)[nH]n2)C1,CC(C)NC(=O)OC1CCC(c2cc(NC(=O)c3ccc(N4CCC(CN5CC(c6ccc7c(c6)CN(C6CCC(=O)NC6=O)C7=O)C5)CC4)cc3)[nH]n2)C1,XFXJEXGIVZTTPV-IGDOOEMVSA-N,XFXJEXGIVZTTPV-UHFFFAOYSA-N,CC(C)NC(=O)O[C@@H]1CC[C@@H](C1)C2=CC(=NN2)NC(=O)C3=CC=C(C=C3)N4CCC(CC4)CN5CC(C5)C6=CC=C7C(=C6)CN(C8CCC(=O)NC8=O)C7=O,True,3.0,mgdb,MG-6301,MG-6301,,,,"RBM39,DCAF15",unknown,,False,,,3,cellular_phenotype,,False,False,,,,False
CC(C)NC(=O)O[C@@H]1CCC(c2cc(NC(=O)c3ccc(N4CC(CN5CCC(c6ccc7c(c6)CN(C6CCC(=O)NC6=O)C7=O)CC5)C4)cc3)[nH]n2)C1,CC(C)NC(=O)OC1CCC(c2cc(NC(=O)c3ccc(N4CC(CN5CCC(c6ccc7c(c6)CN(C6CCC(=O)NC6=O)C7=O)CC5)C4)cc3)[nH]n2)C1,NGSFYEKSASTMRR-OWDOAZIXSA-N,NGSFYEKSASTMRR-UHFFFAOYSA-N,CC(C)NC(=O)O[C@@H]1CC[C@@H](C1)C2=CC(=NN2)NC(=O)C3=CC=C(C=C3)N4CC(CN5CCC(CC5)C6=CC=C7C(=C6)CN(C8CCC(=O)NC8=O)C7=O)C4,True,3.0,mgdb,MG-6300,MG-6300,,,,"RBM39,DCAF15",unknown,,False,,,3,cellular_phenotype,,False,False,,,,False
CC(C)NC(=O)O[C@@H]1CCC(c2cc(NC(=O)Cc3ccc(CN4CCN(c5ccc6c(c5)CN(C5CCC(=O)NC5=O)C6=O)CC4)cc3)[nH]n2)C1,CC(C)NC(=O)OC1CCC(c2cc(NC(=O)Cc3ccc(CN4CCN(c5ccc6c(c5)CN(C5CCC(=O)NC5=O)C6=O)CC4)cc3)[nH]n2)C1,FLZDEXZIYXASQH-FYLLWHEGSA-N,FLZDEXZIYXASQH-UHFFFAOYSA-N,CC(C)NC(=O)O[C@@H]1CC[C@@H](C1)C2=CC(=NN2)NC(=O)CC3=CC=C(C=C3)CN4CCN(CC4)C5=CC=C6C(=C5)CN(C7CCC(=O)NC7=O)C6=O,True,3.0,mgdb,MG-6299,MG-6299,,,,"RBM39,DCAF15",unknown,,False,,,3,cellular_phenotype,,False,False,,,,False
CC(C)NC(=O)O[C@@H]1CCC(c2cc(NC(=O)c3ccc(N4CCC(CN5CCC(c6ccc(C7CCC(=O)NC7=O)c(F)c6)CC5)CC4)cc3)[nH]n2)C1,CC(C)NC(=O)OC1CCC(c2cc(NC(=O)c3ccc(N4CCC(CN5CCC(c6ccc(C7CCC(=O)NC7=O)c(F)c6)CC5)CC4)cc3)[nH]n2)C1,MCMIIDRZHYMDDA-XFCJHHLGSA-N,MCMIIDRZHYMDDA-UHFFFAOYSA-N,CC(C)NC(=O)O[C@@H]1CC[C@@H](C1)C2=CC(=NN2)NC(=O)C3=CC=C(C=C3)N4CCC(CC4)CN5CCC(CC5)C6=CC=C(C7CCC(=O)NC7=O)C(=C6)F,True,3.0,mgdb,MG-6305,MG-6305,,,,"RBM39,DCAF15",unknown,,False,,,3,cellular_phenotype,,False,False,,,,False
Cn1c(C2CCC(CNC3CC(CNc4cccc5c4C(=O)N(C4CCC(=O)NC4=O)C5=O)C3)CC2)nc2ccncc21,Cn1c(C2CCC(CNC3CC(CNc4cccc5c4C(=O)N(C4CCC(=O)NC4=O)C5=O)C3)CC2)nc2ccncc21,XZYMOZRILGXNRQ-UHFFFAOYSA-N,XZYMOZRILGXNRQ-UHFFFAOYSA-N,CN1C(C2CCC(CNC3CC(CNC4C=CC=C5C(N(C(C=45)=O)C4C(=O)NC(=O)CC4)=O)C3)CC2)=NC2C=CN=CC1=2,False,1.0,mgdb,MG-4772,MG-4772,,,P15170,GSPT1,unknown,,False,,,3,cellular_phenotype,nan,False,False,nan,,,False
O=C1CCC(N2C(=O)c3cccc(NCCCCC(=O)NC4CCC(C5=NC6C=CN=CC6N5)CC4)c3C2=O)C(=O)N1,O=C1CCC(N2C(=O)c3cccc(NCCCCC(=O)NC4CCC(C5=NC6C=CN=CC6N5)CC4)c3C2=O)C(=O)N1,HXTTWHIEILZCCM-UHFFFAOYSA-N,HXTTWHIEILZCCM-UHFFFAOYSA-N,C(CC(NC1CCC(C2NC3C(C=CN=C3)N=2)CC1)=O)CCNC1C=CC=C2C(N(C(C=12)=O)C1C(=O)NC(=O)CC1)=O,False,3.0,mgdb,MG-4771,MG-4771,,,P15170,GSPT1,unknown,,False,,,3,cellular_phenotype,nan,False,False,nan,,,False
O=C1CCC(N2C(=O)c3cccc(NCCCCC(=O)NC4CCC(c5nc6ccccc6[nH]5)CC4)c3C2=O)C(=O)N1,O=C1CCC(N2C(=O)c3cccc(NCCCCC(=O)NC4CCC(c5nc6ccccc6[nH]5)CC4)c3C2=O)C(=O)N1,XLHJNTPUYCBCBE-UHFFFAOYSA-N,XLHJNTPUYCBCBE-UHFFFAOYSA-N,C1C=CC2N=C(NC=2C=1)C1CCC(NC(CCCCNC2C3C(N(C(C=3C=CC=2)=O)C2C(=O)NC(=O)CC2)=O)=O)CC1,False,1.0,mgdb,MG-4770,MG-4770,,,P15170,GSPT1,unknown,,False,,,3,cellular_phenotype,nan,False,False,nan,,,False
O=C1CCC(N2C(=O)c3cccc(NCc4cccc(C(=O)NC5CCC(c6ccccc6)CC5)c4)c3C2=O)C(=O)N1,O=C1CCC(N2C(=O)c3cccc(NCc4cccc(C(=O)NC5CCC(c6ccccc6)CC5)c4)c3C2=O)C(=O)N1,DNIPBFVIBSBQBV-UHFFFAOYSA-N,DNIPBFVIBSBQBV-UHFFFAOYSA-N,C1C=CC(C2CCC(NC(C3C=CC=C(CNC4C=CC=C5C(N(C(C=45)=O)C4C(=O)NC(=O)CC4)=O)C=3)=O)CC2)=CC=1,False,1.0,mgdb,MG-4769,MG-4769,,,P15170,GSPT1,unknown,,False,,,3,cellular_phenotype,nan,False,False,nan,,,False
O=C1CCC(N2C(=O)c3cccc(NCc4cccc(C(=O)NC5CCCC(F)(F)C5)c4)c3C2=O)C(=O)N1,O=C1CCC(N2C(=O)c3cccc(NCc4cccc(C(=O)NC5CCCC(F)(F)C5)c4)c3C2=O)C(=O)N1,IVOZJPFDDODZBK-UHFFFAOYSA-N,IVOZJPFDDODZBK-UHFFFAOYSA-N,C1C=C(C(NC2CC(F)(F)CCC2)=O)C=C(CNC2C=CC=C3C(N(C(C=23)=O)C2C(=O)NC(=O)CC2)=O)C=1,False,2.0,mgdb,MG-4768,MG-4768,,,P15170,GSPT1,unknown,,False,,,3,cellular_phenotype,nan,False,False,nan,,,False
COC1CCCC(NC(=O)c2cccc(CNc3cccc4c3C(=O)N(C3CCC(=O)NC3=O)C4=O)c2)C1,COC1CCCC(NC(=O)c2cccc(CNc3cccc4c3C(=O)N(C3CCC(=O)NC3=O)C4=O)c2)C1,YHTVUWGUMCNXLZ-UHFFFAOYSA-N,YHTVUWGUMCNXLZ-UHFFFAOYSA-N,COC1CC(NC(C2C=C(CNC3C=CC=C4C(N(C(C=34)=O)C3C(=O)NC(=O)CC3)=O)C=CC=2)=O)CCC1,False,3.0,mgdb,MG-4767,MG-4767,,,P15170,GSPT1,unknown,,False,,,3,cellular_phenotype,nan,False,False,nan,,,False
O=C1CCC(N2C(=O)c3cccc(NCc4cccc(C(=O)NC5CCCC(F)C5)c4)c3C2=O)C(=O)N1,O=C1CCC(N2C(=O)c3cccc(NCc4cccc(C(=O)NC5CCCC(F)C5)c4)c3C2=O)C(=O)N1,CPTAGFOUNSUWNT-UHFFFAOYSA-N,CPTAGFOUNSUWNT-UHFFFAOYSA-N,C1C=C(CNC2C=CC=C3C(N(C(C=23)=O)C2C(=O)NC(=O)CC2)=O)C=C(C(NC2CC(F)CCC2)=O)C=1,False,3.0,mgdb,MG-4766,MG-4766,,,P15170,GSPT1,unknown,,False,,,3,cellular_phenotype,nan,False,False,nan,,,False
Cn1c(C2CCC(NC(=O)c3cc(CNc4cccc5c4CN(C4CCC(=O)NC4=O)C5=O)ccn3)CC2)nc2ccncc21,Cn1c(C2CCC(NC(=O)c3cc(CNc4cccc5c4CN(C4CCC(=O)NC4=O)C5=O)ccn3)CC2)nc2ccncc21,JHPIQTZANBUQKO-UHFFFAOYSA-N,JHPIQTZANBUQKO-UHFFFAOYSA-N,CN1C(C2CCC(NC(C3N=CC=C(CNC4C5CN(C(C=5C=CC=4)=O)C4C(=O)NC(=O)CC4)C=3)=O)CC2)=NC2C=CN=CC1=2,False,1.0,mgdb,MG-4788,MG-4788,,,P15170,GSPT1,unknown,,False,,,3,cellular_phenotype,nan,False,False,nan,,,False
Cn1c(C2CCC(NC(=O)c3cc(CNc4cccc5c4C(=O)N(C4CCC(=O)NC4=O)C5=O)ncn3)CC2)nc2ccncc21,Cn1c(C2CCC(NC(=O)c3cc(CNc4cccc5c4C(=O)N(C4CCC(=O)NC4=O)C5=O)ncn3)CC2)nc2ccncc21,RJHYWRIGSBGUSH-UHFFFAOYSA-N,RJHYWRIGSBGUSH-UHFFFAOYSA-N,CN1C(C2CCC(NC(C3N=CN=C(CNC4C=CC=C5C(N(C(C=45)=O)C4C(=O)NC(=O)CC4)=O)C=3)=O)CC2)=NC2C=CN=CC1=2,False,1.0,mgdb,MG-4787,MG-4787,,,P15170,GSPT1,unknown,,False,,,3,cellular_phenotype,nan,False,False,nan,,,False
O=C1CCC(N2C(=O)c3cccc(NCc4ccnc(C(=O)NC5CCC(c6nc7ccncc7[nH]6)CC5)c4)c3C2=O)C(=O)N1,O=C1CCC(N2C(=O)c3cccc(NCc4ccnc(C(=O)NC5CCC(c6nc7ccncc7[nH]6)CC5)c4)c3C2=O)C(=O)N1,NBDBGWAGMLITIR-UHFFFAOYSA-N,NBDBGWAGMLITIR-UHFFFAOYSA-N,C1=CC2=C(C(=C1)NCC3=CC=NC(=C3)C(=O)NC4CCC(CC4)C5=NC6=C(C=NC=C6)N5)C(=O)N(C7CCC(=O)NC7=O)C2=O,False,1.0,mgdb,MG-4786,MG-4786,,,P15170,GSPT1,unknown,,False,,,3,cellular_phenotype,nan,False,False,nan,,,False
O=C1CCC(n2c(O)c3cccc(NCc4ccnc(C(=O)NC5CCC(c6nc7ccccc7o6)CC5)c4)c3c2O)C(=O)N1,O=C1CCC(n2c(O)c3cccc(NCc4ccnc(C(=O)NC5CCC(c6nc7ccccc7o6)CC5)c4)c3c2O)C(=O)N1,GRDHNVZITSCVNQ-UHFFFAOYSA-N,GRDHNVZITSCVNQ-UHFFFAOYSA-N,C1C=C2N=C(OC2=CC=1)C1CCC(NC(C2C=C(CNC3C4C(N(C(C=4CCC=3)=O)C3C(=O)NC(=O)CC3)=O)C=CN=2)=O)CC1,False,1.0,mgdb,MG-4785,MG-4785,,,P15170,GSPT1,unknown,,False,,,3,cellular_phenotype,nan,False,False,nan,,,False
Cn1c(C2CCC(NC(=O)c3cccc(CNc4cccc5c4CN(C4CCC(=O)NC4=O)C5=O)c3)CC2)nc2ccncc21,Cn1c(C2CCC(NC(=O)c3cccc(CNc4cccc5c4CN(C4CCC(=O)NC4=O)C5=O)c3)CC2)nc2ccncc21,QSZTZQUSCXWOKC-UHFFFAOYSA-N,QSZTZQUSCXWOKC-UHFFFAOYSA-N,CN1C(C2CCC(NC(C3C=CC=C(CNC4C=CC=C5C=4CN(C5=O)C4C(=O)NC(=O)CC4)C=3)=O)CC2)=NC2C=CN=CC1=2,False,1.0,mgdb,MG-4784,MG-4784,,,P15170,GSPT1,unknown,,False,,,3,cellular_phenotype,nan,False,False,nan,,,False
O=C1CCC(N2C(=O)c3cccc(NCc4cccc(C(=O)NC5CCC(c6[nH]nc7ccncc67)CC5)c4)c3C2=O)C(=O)N1,O=C1CCC(N2C(=O)c3cccc(NCc4cccc(C(=O)NC5CCC(c6[nH]nc7ccncc67)CC5)c4)c3C2=O)C(=O)N1,DWRZMFHVNZXFBM-UHFFFAOYSA-N,DWRZMFHVNZXFBM-UHFFFAOYSA-N,C1C=C(CNC2C=CC=C3C(N(C(C=23)=O)C2C(=O)NC(=O)CC2)=O)C=C(C(NC2CCC(C3C4C(=CC=NC=4)NN=3)CC2)=O)C=1,False,1.0,mgdb,MG-4783,MG-4783,,,P15170,GSPT1,unknown,,False,,,3,cellular_phenotype,nan,False,False,nan,,,False
O=C1CCC(N2C(=O)c3cccc(NCc4ccnc(C(=O)NC5CCC(c6nc7ccccc7[nH]6)CC5)c4)c3C2=O)C(=O)N1,O=C1CCC(N2C(=O)c3cccc(NCc4ccnc(C(=O)NC5CCC(c6nc7ccccc7[nH]6)CC5)c4)c3C2=O)C(=O)N1,RQSWNZKRODOYBD-UHFFFAOYSA-N,RQSWNZKRODOYBD-UHFFFAOYSA-N,C1C=CC2N=C(NC=2C=1)C1CCC(NC(C2N=CC=C(CNC3C4C(N(C(C=4C=CC=3)=O)C3C(=O)NC(=O)CC3)=O)C=2)=O)CC1,False,1.0,mgdb,MG-4782,MG-4782,,,P15170,GSPT1,unknown,,False,,,3,cellular_phenotype,nan,False,False,nan,,,False
O=C1CCC(N2C(=O)c3cccc(NCc4cccc(C(=O)NC5CCC(c6nc7cccnc7[nH]6)CC5)c4)c3C2=O)C(=O)N1,O=C1CCC(N2C(=O)c3cccc(NCc4cccc(C(=O)NC5CCC(c6nc7cccnc7[nH]6)CC5)c4)c3C2=O)C(=O)N1,HSZJDXJWIHBRPF-UHFFFAOYSA-N,HSZJDXJWIHBRPF-UHFFFAOYSA-N,C1C=C(CNC2C=CC=C3C(N(C(C=23)=O)C2C(=O)NC(=O)CC2)=O)C=C(C(NC2CCC(C3NC4C(=CC=CN=4)N=3)CC2)=O)C=1,False,1.0,mgdb,MG-4781,MG-4781,,,P15170,GSPT1,unknown,,False,,,3,cellular_phenotype,nan,False,False,nan,,,False
O=C1CCC(N2C(=O)c3cccc(NCc4cccc(C(=O)NC5CCC(c6[nH]nc7ccccc67)CC5)c4)c3C2=O)C(=O)N1,O=C1CCC(N2C(=O)c3cccc(NCc4cccc(C(=O)NC5CCC(c6[nH]nc7ccccc67)CC5)c4)c3C2=O)C(=O)N1,WWMUZWOSDQNPBB-UHFFFAOYSA-N,WWMUZWOSDQNPBB-UHFFFAOYSA-N,C1C=C2C(C3CCC(NC(C4C=CC=C(CNC5C=CC=C6C(N(C(C=56)=O)C5C(=O)NC(=O)CC5)=O)C=4)=O)CC3)=NNC2=CC=1,False,1.0,mgdb,MG-4780,MG-4780,,,P15170,GSPT1,unknown,,False,,,3,cellular_phenotype,nan,False,False,nan,,,False
O=C1CCC(N2C(=O)c3cccc(NCc4cccc(C(=O)NC5CCC(c6coc7ccccc67)CC5)c4)c3C2=O)C(=O)N1,O=C1CCC(N2C(=O)c3cccc(NCc4cccc(C(=O)NC5CCC(c6coc7ccccc67)CC5)c4)c3C2=O)C(=O)N1,NERGAARFHQWQLG-UHFFFAOYSA-N,NERGAARFHQWQLG-UHFFFAOYSA-N,C1C=CC2OC=C(C=2C=1)C1CCC(NC(C2C=CC=C(CNC3C=CC=C4C(N(C(C=34)=O)C3C(=O)NC(=O)CC3)=O)C=2)=O)CC1,False,1.0,mgdb,MG-4778,MG-4778,,,P15170,GSPT1,unknown,,False,,,3,cellular_phenotype,nan,False,False,nan,,,False
O=C1CCC(N2C(=O)c3cccc(NCc4cccc(C(=O)NC5CCC(c6cc7ccccc7o6)CC5)c4)c3C2=O)C(=O)N1,O=C1CCC(N2C(=O)c3cccc(NCc4cccc(C(=O)NC5CCC(c6cc7ccccc7o6)CC5)c4)c3C2=O)C(=O)N1,HKRYIOQHJUPFKW-UHFFFAOYSA-N,HKRYIOQHJUPFKW-UHFFFAOYSA-N,C1C=C2C=C(OC2=CC=1)C1CCC(NC(C2C=CC=C(CNC3C=CC=C4C(N(C(C=34)=O)C3C(=O)NC(=O)CC3)=O)C=2)=O)CC1,False,1.0,mgdb,MG-4777,MG-4777,,,P15170,GSPT1,unknown,,False,,,3,cellular_phenotype,nan,False,False,nan,,,False
O=C1CCC(N2C(=O)c3cccc(NCc4cccc(C(=O)NC5CCC(c6cc7ccccc7[nH]6)CC5)c4)c3C2=O)C(=O)N1,O=C1CCC(N2C(=O)c3cccc(NCc4cccc(C(=O)NC5CCC(c6cc7ccccc7[nH]6)CC5)c4)c3C2=O)C(=O)N1,TXODDQIBGUJBMK-UHFFFAOYSA-N,TXODDQIBGUJBMK-UHFFFAOYSA-N,C1C=C2C=C(NC2=CC=1)C1CCC(NC(C2C=CC=C(CNC3C=CC=C4C(N(C(C=34)=O)C3C(=O)NC(=O)CC3)=O)C=2)=O)CC1,False,1.0,mgdb,MG-4776,MG-4776,,,P15170,GSPT1,unknown,,False,,,3,cellular_phenotype,nan,False,False,nan,,,False
Cn1c(C2CC(NC(=O)c3cccc(CNc4cccc5c4C(=O)N(C4CCC(=O)NC4=O)C5=O)c3)C2)nc2ccncc21,Cn1c(C2CC(NC(=O)c3cccc(CNc4cccc5c4C(=O)N(C4CCC(=O)NC4=O)C5=O)c3)C2)nc2ccncc21,UJHDIFAYRHNOJG-UHFFFAOYSA-N,UJHDIFAYRHNOJG-UHFFFAOYSA-N,CN1C(C2CC(NC(C3C=CC=C(CNC4C=CC=C5C(N(C(C=45)=O)C4C(=O)NC(=O)CC4)=O)C=3)=O)C2)=NC2C=CN=CC1=2,False,1.0,mgdb,MG-4774,MG-4774,,,P15170,GSPT1,unknown,,False,,,3,cellular_phenotype,nan,False,False,nan,,,False
Cn1c(C2CCC(NC(=O)CCCCNc3cccc4c3C(=O)N(C3CCC(=O)NC3=O)C4=O)CC2)nc2ccncc21,Cn1c(C2CCC(NC(=O)CCCCNc3cccc4c3C(=O)N(C3CCC(=O)NC3=O)C4=O)CC2)nc2ccncc21,GHBJYSFCUOHJGM-UHFFFAOYSA-N,GHBJYSFCUOHJGM-UHFFFAOYSA-N,CN1C(C2CCC(NC(CCCCNC3C=CC=C4C(N(C(C=34)=O)C3C(=O)NC(=O)CC3)=O)=O)CC2)=NC2C=CN=CC1=2,False,1.0,mgdb,MG-4773,MG-4773,,,P15170,GSPT1,unknown,,False,,,3,cellular_phenotype,nan,False,False,nan,,,False
Cn1c(N2CCC(NC(=O)c3cc(CNc4cccc5c4C(=O)N(C4CCC(=O)NC4=O)C5=O)ccn3)CC2)nc2ccccc21,Cn1c(N2CCC(NC(=O)c3cc(CNc4cccc5c4C(=O)N(C4CCC(=O)NC4=O)C5=O)ccn3)CC2)nc2ccccc21,MLJNVDODAOPOPS-UHFFFAOYSA-N,MLJNVDODAOPOPS-UHFFFAOYSA-N,CN1C(N2CCC(NC(C3N=CC=C(CNC4C=CC=C5C(N(C(C=45)=O)C4C(=O)NC(=O)CC4)=O)C=3)=O)CC2)=NC2C=CC=CC1=2,False,1.0,mgdb,MG-4804,MG-4804,,,P15170,GSPT1,unknown,,False,,,3,cellular_phenotype,nan,False,False,nan,,,False
Cn1c(C2CCC(NC(=O)c3cccc(CNc4cccc5c4C(=O)N(C4CCC(=O)NC4=O)C5=O)n3)CC2)nc2ccncc21,Cn1c(C2CCC(NC(=O)c3cccc(CNc4cccc5c4C(=O)N(C4CCC(=O)NC4=O)C5=O)n3)CC2)nc2ccncc21,DXWXUDRRVWEAGW-UHFFFAOYSA-N,DXWXUDRRVWEAGW-UHFFFAOYSA-N,CN1C(C2CCC(NC(C3C=CC=C(CNC4C=CC=C5C(N(C(C=45)=O)C4C(=O)NC(=O)CC4)=O)N=3)=O)CC2)=NC2C=CN=CC1=2,False,1.0,mgdb,MG-4803,MG-4803,,,P15170,GSPT1,unknown,,False,,,3,cellular_phenotype,nan,False,False,nan,,,False
CN1C(C2CCC(NC(=O)c3cc(CNc4cccc5c4C(=O)N(C4CCC(=O)NC4=O)C5=O)ccn3)CC2)=NC2C=CN=CC21,CN1C(C2CCC(NC(=O)c3cc(CNc4cccc5c4C(=O)N(C4CCC(=O)NC4=O)C5=O)ccn3)CC2)=NC2C=CN=CC21,PCORNVADPPLYAG-UHFFFAOYSA-N,PCORNVADPPLYAG-UHFFFAOYSA-N,CN1C(C2CCC(NC(C3C=C(CNC4C=CC=C5C(N(C(C=45)=O)C4C(=O)NC(=O)CC4)=O)C=CN=3)=O)CC2)=NC2C1C=NC=C2,False,3.0,mgdb,MG-4802,MG-4802,,,P15170,GSPT1,unknown,,False,,,3,cellular_phenotype,nan,False,False,nan,,,False
O=C1CCC(N2C(=O)c3cccc(NCc4ccc5cn(C6CCC(c7nc8c(s7)=NCCC=8)CC6)nc5c4)c3C2=O)C(=O)N1,O=C1CCC(N2C(=O)c3cccc(NCc4ccc5cn(C6CCC(c7nc8c(s7)=NCCC=8)CC6)nc5c4)c3C2=O)C(=O)N1,CXTKOTPSLIOTKT-UHFFFAOYSA-N,CXTKOTPSLIOTKT-UHFFFAOYSA-N,C1C=C(NCC2C=CC3C(=NN(C4CCC(C5SC6C(=CCCN=6)N=5)CC4)C=3)C=2)C2C(N(C(C=2C=1)=O)C1C(=O)NC(=O)CC1)=O,False,1.0,mgdb,MG-4801,MG-4801,,,P15170,GSPT1,unknown,,False,,,3,cellular_phenotype,nan,False,False,nan,,,False
Cn1c(C2CCC(C(=O)Nc3cccc(CNc4cccc5c4C(=O)N(C4CCC(=O)NC4=O)C5=O)c3)CC2)nc2ccncc21,Cn1c(C2CCC(C(=O)Nc3cccc(CNc4cccc5c4C(=O)N(C4CCC(=O)NC4=O)C5=O)c3)CC2)nc2ccncc21,COYCZFAUULYNFJ-UHFFFAOYSA-N,COYCZFAUULYNFJ-UHFFFAOYSA-N,CN1C(C2CCC(C(NC3C=CC=C(CNC4C5C(N(C(C=5C=CC=4)=O)C4C(=O)NC(=O)CC4)=O)C=3)=O)CC2)=NC2C1=CN=CC=2,False,1.0,mgdb,MG-4800,MG-4800,,,P15170,GSPT1,unknown,,False,,,3,cellular_phenotype,nan,False,False,nan,,,False
Cn1c(C2CCC(C(=O)Nc3cccc(CNc4cccc5c4C(=O)N(C4CCC(=O)NC4=O)C5=O)c3)CC2)nc2cnccc21,Cn1c(C2CCC(C(=O)Nc3cccc(CNc4cccc5c4C(=O)N(C4CCC(=O)NC4=O)C5=O)c3)CC2)nc2cnccc21,BMVKSKYEIHNLFJ-UHFFFAOYSA-N,BMVKSKYEIHNLFJ-UHFFFAOYSA-N,CN1C(C2CCC(C(NC3C=CC=C(CNC4C5C(N(C(C=5C=CC=4)=O)C4C(=O)NC(=O)CC4)=O)C=3)=O)CC2)=NC2C1=CC=NC=2,False,1.0,mgdb,MG-4799,MG-4799,,,P15170,GSPT1,unknown,,False,,,3,cellular_phenotype,nan,False,False,nan,,,False
Cn1c(C2CCC(NC(=O)c3cc(CNc4cccc5c4C(=O)N(C4CCC(=O)NC4=O)C5=O)ccn3)CC2)nc2ccccc21,Cn1c(C2CCC(NC(=O)c3cc(CNc4cccc5c4C(=O)N(C4CCC(=O)NC4=O)C5=O)ccn3)CC2)nc2ccccc21,ROSGPEIQBNDARU-UHFFFAOYSA-N,ROSGPEIQBNDARU-UHFFFAOYSA-N,CN1C(C2CCC(NC(C3C=C(CNC4C=CC=C5C(N(C(C=45)=O)C4C(=O)NC(=O)CC4)=O)C=CN=3)=O)CC2)=NC2C1=CC=CC=2,False,1.0,mgdb,MG-4798,MG-4798,,,P15170,GSPT1,unknown,,False,,,3,cellular_phenotype,nan,False,False,nan,,,False
Cn1c(C2CCC(NC(=O)c3cccc(CNc4cccc5c4C(=O)N(C4CCC(=O)NC4=O)C5=O)c3)CC2)nc2ccncc21,Cn1c(C2CCC(NC(=O)c3cccc(CNc4cccc5c4C(=O)N(C4CCC(=O)NC4=O)C5=O)c3)CC2)nc2ccncc21,XENQZKOPLGQJIB-UHFFFAOYSA-N,XENQZKOPLGQJIB-UHFFFAOYSA-N,CN1C(C2CCC(NC(C3C=C(CNC4C=CC=C5C(N(C(C=45)=O)C4C(=O)NC(=O)CC4)=O)C=CC=3)=O)CC2)=NC2C=CN=CC1=2,False,1.0,mgdb,MG-4797,MG-4797,,,P15170,GSPT1,unknown,,False,,,3,cellular_phenotype,nan,False,False,nan,,,False
Cn1c(C2CCC(NC(=O)c3cccc(CNc4cccc5c4C(=O)N(C4CCC(=O)NC4=O)C5=O)c3)CC2)nc2ccccc21,Cn1c(C2CCC(NC(=O)c3cccc(CNc4cccc5c4C(=O)N(C4CCC(=O)NC4=O)C5=O)c3)CC2)nc2ccccc21,NAERPJCTEXJGJM-UHFFFAOYSA-N,NAERPJCTEXJGJM-UHFFFAOYSA-N,CN1C(C2CCC(NC(C3C=CC=C(CNC4C=CC=C5C(N(C(C=45)=O)C4C(=O)NC(=O)CC4)=O)C=3)=O)CC2)=NC2C=CC=CC1=2,False,1.0,mgdb,MG-4796,MG-4796,,,P15170,GSPT1,unknown,,False,,,3,cellular_phenotype,nan,False,False,nan,,,False
Cn1c(C2CCC(NC(=O)c3cccc(CNc4cccc5c4C(=O)N(C4CCC(=O)NC4=O)C5=O)c3)CC2)cc2ccccc21,Cn1c(C2CCC(NC(=O)c3cccc(CNc4cccc5c4C(=O)N(C4CCC(=O)NC4=O)C5=O)c3)CC2)cc2ccccc21,JLXQYUZCBZHUEH-UHFFFAOYSA-N,JLXQYUZCBZHUEH-UHFFFAOYSA-N,CN1C(C2CCC(NC(C3C=CC=C(CNC4C=CC=C5C(N(C(C=45)=O)C4C(=O)NC(=O)CC4)=O)C=3)=O)CC2)=CC2C=CC=CC1=2,False,1.0,mgdb,MG-4795,MG-4795,,,P15170,GSPT1,unknown,,False,,,3,cellular_phenotype,nan,False,False,nan,,,False
O=C1CCC(N2C(=O)c3cccc(NCc4cc(OCC5CCC(c6nc7cccnc7s6)CC5)ccn4)c3C2=O)C(=O)N1,O=C1CCC(N2C(=O)c3cccc(NCc4cc(OCC5CCC(c6nc7cccnc7s6)CC5)ccn4)c3C2=O)C(=O)N1,SDWWPQFUIWWPRX-UHFFFAOYSA-N,SDWWPQFUIWWPRX-UHFFFAOYSA-N,C1C=C(NCC2C=C(OCC3CCC(C4SC5N=CC=CC=5N=4)CC3)C=CN=2)C2C(N(C(C=2C=1)=O)C1C(=O)NC(=O)CC1)=O,False,1.0,mgdb,MG-4794,MG-4794,,,P15170,GSPT1,unknown,,False,,,3,cellular_phenotype,nan,False,False,nan,,,False
O=C1CCC(N2Cc3c(OCc4ccnc(C(=O)NC5CCC(c6nc7cccnc7s6)CC5)c4)cccc3C2=O)C(=O)N1,O=C1CCC(N2Cc3c(OCc4ccnc(C(=O)NC5CCC(c6nc7cccnc7s6)CC5)c4)cccc3C2=O)C(=O)N1,UWSUWFPESBXYKM-UHFFFAOYSA-N,UWSUWFPESBXYKM-UHFFFAOYSA-N,C1C=C(OCC2C=C(C(NC3CCC(C4SC5N=CC=CC=5N=4)CC3)=O)N=CC=2)C2CN(C(C=2C=1)=O)C1C(=O)NC(=O)CC1,False,1.0,mgdb,MG-4793,MG-4793,,,P15170,GSPT1,unknown,,False,,,3,cellular_phenotype,nan,False,False,nan,,,False
CCC(C(=O)NC=O)N1C(=O)c2cccc(NCCCCC(=O)NC3CCC(C4=NC5C=Nc6[nH]ccc6C5N4)CC3)c2C1=O,CCC(C(=O)NC=O)N1C(=O)c2cccc(NCCCCC(=O)NC3CCC(C4=NC5C=Nc6[nH]ccc6C5N4)CC3)c2C1=O,NYENPYAWIMAJFL-UHFFFAOYSA-N,NYENPYAWIMAJFL-UHFFFAOYSA-N,CCC(N1C(=O)C2C(NCCCCC(NC3CCC(C4NC5C(C6C=CNC=6N=C5)N=4)CC3)=O)=CC=CC=2C1=O)C(NC=O)=O,False,3.0,mgdb,MG-4792,MG-4792,,,P15170,GSPT1,unknown,,False,,,3,cellular_phenotype,nan,False,False,nan,,,False
O=C1CCC(N2C(=O)c3cccc(NCc4ccnc(NCC5CCC(c6nc7cccnc7s6)CC5)c4)c3C2=O)C(=O)N1,O=C1CCC(N2C(=O)c3cccc(NCc4ccnc(NCC5CCC(c6nc7cccnc7s6)CC5)c4)c3C2=O)C(=O)N1,HCSYJQHKGPMZKS-UHFFFAOYSA-N,HCSYJQHKGPMZKS-UHFFFAOYSA-N,C1C=C(NCC2C=C(NCC3CCC(C4SC5N=CC=CC=5N=4)CC3)N=CC=2)C2C(N(C(C=2C=1)=O)C1C(=O)NC(=O)CC1)=O,False,1.0,mgdb,MG-4791,MG-4791,,,P15170,GSPT1,unknown,,False,,,3,cellular_phenotype,nan,False,False,nan,,,False
Cn1c(N2CCC(NC(=O)c3cccc(CNc4cccc5c4C(=O)N(C4CCC(=O)NC4=O)C5=O)c3)CC2=O)nc2ccncc21,Cn1c(N2CCC(NC(=O)c3cccc(CNc4cccc5c4C(=O)N(C4CCC(=O)NC4=O)C5=O)c3)CC2=O)nc2ccncc21,UDHYJUOCEKJMLZ-UHFFFAOYSA-N,UDHYJUOCEKJMLZ-UHFFFAOYSA-N,CN1C(N2C(=O)CC(NC(C3C=CC=C(CNC4C=CC=C5C(N(C(C=45)=O)C4C(=O)NC(=O)CC4)=O)C=3)=O)CC2)=NC2C=CN=CC1=2,False,2.0,mgdb,MG-4790,MG-4790,,,P15170,GSPT1,unknown,,False,,,3,cellular_phenotype,nan,False,False,nan,,,False
Cn1c(C2CCC(NC(=O)c3cc(COc4cccc5c4CN(C4CCC(=O)NC4=O)C5=O)ccn3)CC2)nc2ccncc21,Cn1c(C2CCC(NC(=O)c3cc(COc4cccc5c4CN(C4CCC(=O)NC4=O)C5=O)ccn3)CC2)nc2ccncc21,YKTROHSTTXEASB-UHFFFAOYSA-N,YKTROHSTTXEASB-UHFFFAOYSA-N,CN1C(C2CCC(NC(C3N=CC=C(COC4C=CC=C5C=4CN(C5=O)C4C(=O)NC(=O)CC4)C=3)=O)CC2)=NC2C=CN=CC1=2,False,1.0,mgdb,MG-4789,MG-4789,,,P15170,GSPT1,unknown,,False,,,3,cellular_phenotype,nan,False,False,nan,,,False
O=C1CCC(N2C(=O)c3cccc(NCc4cccc(NC(=O)C5CCC(c6nc7cccnc7s6)CC5)c4)c3C2=O)C(=O)N1,O=C1CCC(N2C(=O)c3cccc(NCc4cccc(NC(=O)C5CCC(c6nc7cccnc7s6)CC5)c4)c3C2=O)C(=O)N1,VYNHXNRCIQUAQD-UHFFFAOYSA-N,VYNHXNRCIQUAQD-UHFFFAOYSA-N,C1C=C(CNC2C=CC=C3C(N(C(C=23)=O)C2C(=O)NC(=O)CC2)=O)C=C(NC(C2CCC(C3SC4C(=CC=CN=4)N=3)CC2)=O)C=1,False,1.0,mgdb,MG-4820,MG-4820,,,P15170,GSPT1,unknown,,False,,,3,cellular_phenotype,nan,False,False,nan,,,False
O=C1CCC(N2C(=O)c3cccc(NCc4cccc(C(=O)NC5CCC(c6cc7cncnc7s6)CC5)c4)c3C2=O)C(=O)N1,O=C1CCC(N2C(=O)c3cccc(NCc4cccc(C(=O)NC5CCC(c6cc7cncnc7s6)CC5)c4)c3C2=O)C(=O)N1,GUGFVCHIVXKAQD-UHFFFAOYSA-N,GUGFVCHIVXKAQD-UHFFFAOYSA-N,C1C=C(CNC2C3C(N(C(C=3C=CC=2)=O)C2C(=O)NC(=O)CC2)=O)C=C(C(NC2CCC(C3SC4C(=CN=CN=4)C=3)CC2)=O)C=1,False,1.0,mgdb,MG-4819,MG-4819,,,P15170,GSPT1,unknown,,False,,,3,cellular_phenotype,nan,False,False,nan,,,False
O=C1CCC(N2C(=O)c3cccc(NCc4cccc(C(=O)NC5CCC(c6nc7c(s6)=NCCC=7)CC5)c4)c3C2=O)C(=O)N1,O=C1CCC(N2C(=O)c3cccc(NCc4cccc(C(=O)NC5CCC(c6nc7c(s6)=NCCC=7)CC5)c4)c3C2=O)C(=O)N1,QJBGTLSKMSCQAB-UHFFFAOYSA-N,QJBGTLSKMSCQAB-UHFFFAOYSA-N,C1C=C(CNC2C=CC=C3C(N(C(C=23)=O)C2C(=O)NC(=O)CC2)=O)C=C(C(NC2CCC(C3SC4C(=CCCN=4)N=3)CC2)=O)C=1,False,1.0,mgdb,MG-4818,MG-4818,,,P15170,GSPT1,unknown,,False,,,3,cellular_phenotype,nan,False,False,nan,,,False
O=C1CCC(N2C(=O)c3cccc(NCc4cccc(C(=O)NC5CCC(c6csc7ccncc67)CC5)c4)c3C2=O)C(=O)N1,O=C1CCC(N2C(=O)c3cccc(NCc4cccc(C(=O)NC5CCC(c6csc7ccncc67)CC5)c4)c3C2=O)C(=O)N1,UMIWMFILLKEPMD-UHFFFAOYSA-N,UMIWMFILLKEPMD-UHFFFAOYSA-N,C1C=C(CNC2C=CC=C3C(N(C(C=23)=O)C2C(=O)NC(=O)CC2)=O)C=C(C(NC2CCC(C3C4C(=CC=NC=4)SC=3)CC2)=O)C=1,False,1.0,mgdb,MG-4817,MG-4817,,,P15170,GSPT1,unknown,,False,,,3,cellular_phenotype,nan,False,False,nan,,,False
O=C1CCC(N2C(=O)c3cccc(NCc4cccc(C(=O)NC5CCC(c6csc7cnccc67)CC5)c4)c3C2=O)C(=O)N1,O=C1CCC(N2C(=O)c3cccc(NCc4cccc(C(=O)NC5CCC(c6csc7cnccc67)CC5)c4)c3C2=O)C(=O)N1,UAPRFFXFNKFTHV-UHFFFAOYSA-N,UAPRFFXFNKFTHV-UHFFFAOYSA-N,C1C=C(CNC2C=CC=C3C(N(C(C=23)=O)C2C(=O)NC(=O)CC2)=O)C=C(C(NC2CCC(C3C4C(=CN=CC=4)SC=3)CC2)=O)C=1,False,1.0,mgdb,MG-4816,MG-4816,,,P15170,GSPT1,unknown,,False,,,3,cellular_phenotype,nan,False,False,nan,,,False
O=C1CCC(N2C(=O)c3cccc(NCc4cccc(C(=O)NC5CCC(c6csc7ncccc67)CC5)c4)c3C2=O)C(=O)N1,O=C1CCC(N2C(=O)c3cccc(NCc4cccc(C(=O)NC5CCC(c6csc7ncccc67)CC5)c4)c3C2=O)C(=O)N1,PEBFZZGDQSWFIM-UHFFFAOYSA-N,PEBFZZGDQSWFIM-UHFFFAOYSA-N,C1C=C(CNC2C=CC=C3C(N(C(C=23)=O)C2C(=O)NC(=O)CC2)=O)C=C(C(NC2CCC(C3C4C(=NC=CC=4)SC=3)CC2)=O)C=1,False,1.0,mgdb,MG-4815,MG-4815,,,P15170,GSPT1,unknown,,False,,,3,cellular_phenotype,nan,False,False,nan,,,False
O=C1CCC(N2C(=O)c3cccc(NCc4cccc(C(=O)NC5CCC(c6nsc7ccccc67)CC5)c4)c3C2=O)C(=O)N1,O=C1CCC(N2C(=O)c3cccc(NCc4cccc(C(=O)NC5CCC(c6nsc7ccccc67)CC5)c4)c3C2=O)C(=O)N1,ZSRGLAYRUUGCFB-UHFFFAOYSA-N,ZSRGLAYRUUGCFB-UHFFFAOYSA-N,C1C=CC2SN=C(C=2C=1)C1CCC(NC(C2C=CC=C(CNC3C=CC=C4C(N(C(C=34)=O)C3C(=O)NC(=O)CC3)=O)C=2)=O)CC1,False,1.0,mgdb,MG-4814,MG-4814,,,P15170,GSPT1,unknown,,False,,,3,cellular_phenotype,nan,False,False,nan,,,False
O=C1CCC(N2C(=O)c3cccc(NCc4cccc(C(=O)NC5CCC(c6cc7cnccc7s6)CC5)c4)c3C2=O)C(=O)N1,O=C1CCC(N2C(=O)c3cccc(NCc4cccc(C(=O)NC5CCC(c6cc7cnccc7s6)CC5)c4)c3C2=O)C(=O)N1,OYTMUFJKDJDZKN-UHFFFAOYSA-N,OYTMUFJKDJDZKN-UHFFFAOYSA-N,C1C=C(CNC2C3C(N(C(C=3C=CC=2)=O)C2C(=O)NC(=O)CC2)=O)C=C(C(NC2CCC(C3SC4C(=CN=CC=4)C=3)CC2)=O)C=1,False,1.0,mgdb,MG-4813,MG-4813,,,P15170,GSPT1,unknown,,False,,,3,cellular_phenotype,nan,False,False,nan,,,False
O=C1CCC(N2C(=O)c3cccc(NCc4cccc(C(=O)NC5CCC(c6cc7ccncc7s6)CC5)c4)c3C2=O)C(=O)N1,O=C1CCC(N2C(=O)c3cccc(NCc4cccc(C(=O)NC5CCC(c6cc7ccncc7s6)CC5)c4)c3C2=O)C(=O)N1,UOIKHDZZZNKFEV-UHFFFAOYSA-N,UOIKHDZZZNKFEV-UHFFFAOYSA-N,C1C=C(CNC2C=CC=C3C(N(C(C=23)=O)C2C(=O)NC(=O)CC2)=O)C=C(C(NC2CCC(C3SC4C(=CC=NC=4)C=3)CC2)=O)C=1,False,1.0,mgdb,MG-4812,MG-4812,,,P15170,GSPT1,unknown,,False,,,3,cellular_phenotype,nan,False,False,nan,,,False
O=C1CCC(N2C(=O)c3cccc(NCc4cccc(C(=O)NC5CCC(c6nc7ccccc7s6)CC5)c4)c3C2=O)C(=O)N1,O=C1CCC(N2C(=O)c3cccc(NCc4cccc(C(=O)NC5CCC(c6nc7ccccc7s6)CC5)c4)c3C2=O)C(=O)N1,FABBLQSPYSDCCL-UHFFFAOYSA-N,FABBLQSPYSDCCL-UHFFFAOYSA-N,C1C=C2N=C(SC2=CC=1)C1CCC(NC(C2C=CC=C(CNC3C4C(N(C(C=4C=CC=3)=O)C3C(=O)NC(=O)CC3)=O)C=2)=O)CC1,False,1.0,mgdb,MG-4811,MG-4811,,,P15170,GSPT1,unknown,,False,,,3,cellular_phenotype,nan,False,False,nan,,,False
Cn1c(C2CCC(NC(=O)c3cc(COc4cccc5c4C(=O)N(C4CCC(=O)NC4=O)C5=O)ccn3)CC2)nc2ccncc21,Cn1c(C2CCC(NC(=O)c3cc(COc4cccc5c4C(=O)N(C4CCC(=O)NC4=O)C5=O)ccn3)CC2)nc2ccncc21,PHLKUXIZZPURJP-UHFFFAOYSA-N,PHLKUXIZZPURJP-UHFFFAOYSA-N,CN1C(C2CCC(NC(C3C=C(COC4C=CC=C5C(N(C(C=45)=O)C4C(=O)NC(=O)CC4)=O)C=CN=3)=O)CC2)=NC2C=CN=CC1=2,False,1.0,mgdb,MG-4810,MG-4810,,,P15170,GSPT1,unknown,,False,,,3,cellular_phenotype,nan,False,False,nan,,,False
O=C1CCC(N2C(=O)c3cccc(NCc4ccc5c(c4)CN(C4CCC(c6nc7cccnc7s6)CC4)C5)c3C2=O)C(=O)N1,O=C1CCC(N2C(=O)c3cccc(NCc4ccc5c(c4)CN(C4CCC(c6nc7cccnc7s6)CC4)C5)c3C2=O)C(=O)N1,MUONWHQUIVTAFW-UHFFFAOYSA-N,MUONWHQUIVTAFW-UHFFFAOYSA-N,C1C=C2N=C(SC2=NC=1)C1CCC(N2CC3C(=CC=C(CNC4C5C(N(C(C=5C=CC=4)=O)C4C(=O)NC(=O)CC4)=O)C=3)C2)CC1,False,1.0,mgdb,MG-4809,MG-4809,,,P15170,GSPT1,unknown,,False,,,3,cellular_phenotype,nan,False,False,nan,,,False
O=C1CCC(N2C(=O)c3cccc(NCc4cccc(C(=O)NC5CCC(c6csc7ccccc67)CC5)c4)c3C2=O)C(=O)N1,O=C1CCC(N2C(=O)c3cccc(NCc4cccc(C(=O)NC5CCC(c6csc7ccccc67)CC5)c4)c3C2=O)C(=O)N1,PCUOLDSYQAWQKK-UHFFFAOYSA-N,PCUOLDSYQAWQKK-UHFFFAOYSA-N,C1C=CC2SC=C(C=2C=1)C1CCC(NC(C2C=CC=C(CNC3C=CC=C4C(N(C(C=34)=O)C3C(=O)NC(=O)CC3)=O)C=2)=O)CC1,False,1.0,mgdb,MG-4808,MG-4808,,,P15170,GSPT1,unknown,,False,,,3,cellular_phenotype,nan,False,False,nan,,,False
O=C1CCC(N2C(=O)c3cccc(NCc4cccc(C(=O)NC5CCC(c6cc7ccccc7s6)CC5)c4)c3C2=O)C(=O)N1,O=C1CCC(N2C(=O)c3cccc(NCc4cccc(C(=O)NC5CCC(c6cc7ccccc7s6)CC5)c4)c3C2=O)C(=O)N1,QNZNFZDOIKJDBS-UHFFFAOYSA-N,QNZNFZDOIKJDBS-UHFFFAOYSA-N,C1C=CC2SC(C3CCC(NC(C4C=CC=C(CNC5C=CC=C6C(N(C(C=56)=O)C5C(=O)NC(=O)CC5)=O)C=4)=O)CC3)=CC=2C=1,False,1.0,mgdb,MG-4807,MG-4807,,,P15170,GSPT1,unknown,,False,,,3,cellular_phenotype,nan,False,False,nan,,,False
Cn1c(C2CCC(NC(=O)c3cc(CNc4cccc5c4C(=O)N(C4CCC(=O)NC4=O)C5=O)ccn3)CC2)nc2cccnc21,Cn1c(C2CCC(NC(=O)c3cc(CNc4cccc5c4C(=O)N(C4CCC(=O)NC4=O)C5=O)ccn3)CC2)nc2cccnc21,WPFOGFPCCNNUPF-UHFFFAOYSA-N,WPFOGFPCCNNUPF-UHFFFAOYSA-N,CN1C2N=CC=CC=2N=C1C1CCC(NC(C2N=CC=C(CNC3C=CC=C4C(N(C(C=34)=O)C3C(=O)NC(=O)CC3)=O)C=2)=O)CC1,False,1.0,mgdb,MG-4806,MG-4806,,,P15170,GSPT1,unknown,,False,,,3,cellular_phenotype,nan,False,False,nan,,,False
Cn1c(C2CCC(NC(=O)c3cc(CNc4cccc5c4C(=O)N(C4CCC(=O)NC4=O)C5=O)ccn3)CC2)nc2ncccc21,Cn1c(C2CCC(NC(=O)c3cc(CNc4cccc5c4C(=O)N(C4CCC(=O)NC4=O)C5=O)ccn3)CC2)nc2ncccc21,OSSMJRGGWIEZDD-UHFFFAOYSA-N,OSSMJRGGWIEZDD-UHFFFAOYSA-N,CN1C(C2CCC(NC(C3N=CC=C(CNC4C=CC=C5C(N(C(C=45)=O)C4C(=O)NC(=O)CC4)=O)C=3)=O)CC2)=NC2N=CC=CC1=2,False,1.0,mgdb,MG-4805,MG-4805,,,P15170,GSPT1,unknown,,False,,,3,cellular_phenotype,nan,False,False,nan,,,False
COc1ccc2c(c1)nc(C1CCC(COc3cc(CNc4cccc5c4C(=O)N(C4CCC(=O)NC4=O)C5=O)ccn3)CC1)n2C,COc1ccc2c(c1)nc(C1CCC(COc3cc(CNc4cccc5c4C(=O)N(C4CCC(=O)NC4=O)C5=O)ccn3)CC1)n2C,PYFMSVHEVMOXKF-UHFFFAOYSA-N,PYFMSVHEVMOXKF-UHFFFAOYSA-N,CN1C(C2CCC(COC3N=CC=C(CNC4C=CC=C5C(N(C(C=45)=O)C4C(=O)NC(=O)CC4)=O)C=3)CC2)=NC2C=C(OC)C=CC1=2,False,1.0,mgdb,MG-4836,MG-4836,,,P15170,GSPT1,unknown,,False,,,3,cellular_phenotype,nan,False,False,nan,,,False
O=C1CCC(N2C(=O)c3cccc(NCc4ccc5c(c4)C(=O)N(C4CCC(c6nc7c(s6)=NCCC=7)CC4)C5)c3C2=O)C(=O)N1,O=C1CCC(N2C(=O)c3cccc(NCc4ccc5c(c4)C(=O)N(C4CCC(c6nc7c(s6)=NCCC=7)CC4)C5)c3C2=O)C(=O)N1,XBGFZMYIGLYALB-UHFFFAOYSA-N,XBGFZMYIGLYALB-UHFFFAOYSA-N,C1C=C(NCC2C=C3C(CN(C3=O)C3CCC(C4SC5C(=CCCN=5)N=4)CC3)=CC=2)C2C(N(C(C=2C=1)=O)C1C(=O)NC(=O)CC1)=O,False,1.0,mgdb,MG-4835,MG-4835,,,P15170,GSPT1,unknown,,False,,,3,cellular_phenotype,nan,False,False,nan,,,False
Cn1c(C2CCC(c3nc4cccnc4s3)CC2)nc2cc(CNc3cccc4c3C(=O)N(C3CCC(=O)NC3=O)C4=O)ccc21,Cn1c(C2CCC(c3nc4cccnc4s3)CC2)nc2cc(CNc3cccc4c3C(=O)N(C3CCC(=O)NC3=O)C4=O)ccc21,UTVCJOPJGABHPL-UHFFFAOYSA-N,UTVCJOPJGABHPL-UHFFFAOYSA-N,CN1C(C2CCC(C3SC4N=CC=CC=4N=3)CC2)=NC2C1=CC=C(CNC1C=CC=C3C(N(C(C=13)=O)C1C(=O)NC(=O)CC1)=O)C=2,False,1.0,mgdb,MG-4834,MG-4834,,,P15170,GSPT1,unknown,,False,,,3,cellular_phenotype,nan,False,False,nan,,,False
Cn1c(C2CCC(n3cccc(OCCNc4cccc5c4C(=O)N(C4CCC(=O)NC4=O)C5=O)c3=O)CC2)nc2ccncc21,Cn1c(C2CCC(n3cccc(OCCNc4cccc5c4C(=O)N(C4CCC(=O)NC4=O)C5=O)c3=O)CC2)nc2ccncc21,XTRYLOKHZRFHGJ-UHFFFAOYSA-N,XTRYLOKHZRFHGJ-UHFFFAOYSA-N,CN1C(C2CCC(N3C(=O)C(OCCNC4C=CC=C5C(N(C(C=45)=O)C4C(=O)NC(=O)CC4)=O)=CC=C3)CC2)=NC2C=CN=CC1=2,False,1.0,mgdb,MG-4833,MG-4833,,,P15170,GSPT1,unknown,,False,,,3,cellular_phenotype,nan,False,False,nan,,,False
CCn1c(C2CCC(NC(=O)c3cccc(CNc4cccc5c4C(=O)N(C4CCC(=O)NC4=O)C5=O)c3)CC2)nc2ccncc21,CCn1c(C2CCC(NC(=O)c3cccc(CNc4cccc5c4C(=O)N(C4CCC(=O)NC4=O)C5=O)c3)CC2)nc2ccncc21,RXRMUDUVJXGDSU-UHFFFAOYSA-N,RXRMUDUVJXGDSU-UHFFFAOYSA-N,CCN1C(C2CCC(NC(C3C=C(CNC4C=CC=C5C(N(C(C=45)=O)C4C(=O)NC(=O)CC4)=O)C=CC=3)=O)CC2)=NC2C=CN=CC1=2,False,1.0,mgdb,MG-4832,MG-4832,,,P15170,GSPT1,unknown,,False,,,3,cellular_phenotype,nan,False,False,nan,,,False
CN(c1ccc2c(c1)C(=O)N(C1CCC(c3nc4ccncc4n3C)CC1)C2)c1cccc2c1C(=O)N(C1CCC(=O)NC1=O)C2=O,CN(c1ccc2c(c1)C(=O)N(C1CCC(c3nc4ccncc4n3C)CC1)C2)c1cccc2c1C(=O)N(C1CCC(=O)NC1=O)C2=O,UZPVUQQFBHKJAL-UHFFFAOYSA-N,UZPVUQQFBHKJAL-UHFFFAOYSA-N,CN(C1C2C(N(C(C=2C=CC=1)=O)C1C(=O)NC(=O)CC1)=O)C1C=CC2CN(C(C=2C=1)=O)C1CCC(C2N(C)C3C=NC=CC=3N=2)CC1,False,1.0,mgdb,MG-4831,MG-4831,,,P15170,GSPT1,unknown,,False,,,3,cellular_phenotype,nan,False,False,nan,,,False
Cn1c(C2CC3(CC(NC(=O)c4cccc(CNc5cccc6c5C(=O)N(C5CCC(=O)NC5=O)C6=O)c4)C3)C2)nc2ccncc21,Cn1c(C2CC3(CC(NC(=O)c4cccc(CNc5cccc6c5C(=O)N(C5CCC(=O)NC5=O)C6=O)c4)C3)C2)nc2ccncc21,ADZLBGMKJYGMRD-UHFFFAOYSA-N,ADZLBGMKJYGMRD-UHFFFAOYSA-N,CN1C(C2CC3(CC(NC(C4C=CC=C(CNC5C=CC=C6C(N(C(C=56)=O)C5C(=O)NC(=O)CC5)=O)C=4)=O)C3)C2)=NC2C=CN=CC1=2,False,1.0,mgdb,MG-4830,MG-4830,,,P15170,GSPT1,unknown,,False,,,3,cellular_phenotype,nan,False,False,nan,,,False
Cn1c(C2CCC(N3Cc4ccc(CNc5cccc6c5C(=O)N(C5CCC(=O)NC5=O)C6=O)cc4C3=O)CC2)nc2ccccc21,Cn1c(C2CCC(N3Cc4ccc(CNc5cccc6c5C(=O)N(C5CCC(=O)NC5=O)C6=O)cc4C3=O)CC2)nc2ccccc21,TZQNHWZTASPEGD-UHFFFAOYSA-N,TZQNHWZTASPEGD-UHFFFAOYSA-N,CN1C(C2CCC(N3C(=O)C4C(=CC=C(CNC5C=CC=C6C(N(C(C=56)=O)C5C(=O)NC(=O)CC5)=O)C=4)C3)CC2)=NC2C=CC=CC1=2,False,1.0,mgdb,MG-4829,MG-4829,,,P15170,GSPT1,unknown,,False,,,3,cellular_phenotype,nan,False,False,nan,,,False
Cn1c(C2CCC(n3ccc(CCNc4cccc5c4C(=O)N(C4CCC(=O)NC4=O)C5=O)cc3=O)CC2)nc2ccncc21,Cn1c(C2CCC(n3ccc(CCNc4cccc5c4C(=O)N(C4CCC(=O)NC4=O)C5=O)cc3=O)CC2)nc2ccncc21,GMLHDRQBBSFBMW-UHFFFAOYSA-N,GMLHDRQBBSFBMW-UHFFFAOYSA-N,CN1C(C2CCC(N3C(=O)C=C(CCNC4C=CC=C5C(N(C(C=45)=O)C4C(=O)NC(=O)CC4)=O)C=C3)CC2)=NC2C1=CN=CC=2,False,1.0,mgdb,MG-4828,MG-4828,,,P15170,GSPT1,unknown,,False,,,3,cellular_phenotype,nan,False,False,nan,,,False
O=C1CCC(N2C(=O)c3cccc(NCc4cccc(C(=O)NC5CCC(c6cc7sccc7s6)CC5)c4)c3C2=O)C(=O)N1,O=C1CCC(N2C(=O)c3cccc(NCc4cccc(C(=O)NC5CCC(c6cc7sccc7s6)CC5)c4)c3C2=O)C(=O)N1,WZTNTRBAXJXQGS-UHFFFAOYSA-N,WZTNTRBAXJXQGS-UHFFFAOYSA-N,C1C=C(CNC2C=CC=C3C(N(C(C=23)=O)C2C(=O)NC(=O)CC2)=O)C=C(C(NC2CCC(C3SC4C=CSC=4C=3)CC2)=O)C=1,False,1.0,mgdb,MG-4827,MG-4827,,,P15170,GSPT1,unknown,,False,,,3,cellular_phenotype,nan,False,False,nan,,,False
Cn1c(C2CCC(NC(=O)c3ccc(CNC4C=CC=C5C(=O)N(C6CCC(=O)NC6=O)C(=O)C54)s3)CC2)nc2ccncc21,Cn1c(C2CCC(NC(=O)c3ccc(CNC4C=CC=C5C(=O)N(C6CCC(=O)NC6=O)C(=O)C54)s3)CC2)nc2ccncc21,AADRPVSAIUTZPB-UHFFFAOYSA-N,AADRPVSAIUTZPB-UHFFFAOYSA-N,CN1C(C2CCC(NC(C3SC(CNC4C5C(N(C(C=5C=CC4)=O)C4C(=O)NC(=O)CC4)=O)=CC=3)=O)CC2)=NC2C=CN=CC1=2,False,3.0,mgdb,MG-4826,MG-4826,,,P15170,GSPT1,unknown,,False,,,3,cellular_phenotype,nan,False,False,nan,,,False
CN(CC1CCC(c2nc3cccnc3s2)CC1)c1cc(CNc2cccc3c2C(=O)N(C2CCC(=O)NC2=O)C3=O)ccn1,CN(CC1CCC(c2nc3cccnc3s2)CC1)c1cc(CNc2cccc3c2C(=O)N(C2CCC(=O)NC2=O)C3=O)ccn1,HHNMJKFUZFVKMR-UHFFFAOYSA-N,HHNMJKFUZFVKMR-UHFFFAOYSA-N,CN(C1N=CC=C(CNC2C=CC=C3C(N(C(C=23)=O)C2C(=O)NC(=O)CC2)=O)C=1)CC1CCC(C2SC3N=CC=CC=3N=2)CC1,False,1.0,mgdb,MG-4825,MG-4825,,,P15170,GSPT1,unknown,,False,,,3,cellular_phenotype,nan,False,False,nan,,,False
O=C1CCC(N2C(=O)c3cccc(NCc4cccc(NC(=O)C5CCC(c6nc7cccnc7s6)CC5)n4)c3C2=O)C(=O)N1,O=C1CCC(N2C(=O)c3cccc(NCc4cccc(NC(=O)C5CCC(c6nc7cccnc7s6)CC5)n4)c3C2=O)C(=O)N1,SKDTYILETOMERP-UHFFFAOYSA-N,SKDTYILETOMERP-UHFFFAOYSA-N,C1C=C(CNC2C3C(N(C(C=3C=CC=2)=O)C2C(=O)NC(=O)CC2)=O)N=C(NC(C2CCC(C3SC4C(=CC=CN=4)N=3)CC2)=O)C=1,False,1.0,mgdb,MG-4824,MG-4824,,,P15170,GSPT1,unknown,,False,,,3,cellular_phenotype,nan,False,False,nan,,,False
O=C1CCC(N2C(=O)c3cccc(NCc4ccnc(C(=O)NC5CCC(c6nc7cccnc7s6)CC5)c4)c3C2=O)C(=O)N1,O=C1CCC(N2C(=O)c3cccc(NCc4ccnc(C(=O)NC5CCC(c6nc7cccnc7s6)CC5)c4)c3C2=O)C(=O)N1,JSZOYQOPLOZAEY-UHFFFAOYSA-N,JSZOYQOPLOZAEY-UHFFFAOYSA-N,C1C=C(NCC2C=CN=C(C(NC3CCC(C4SC5N=CC=CC=5N=4)CC3)=O)C=2)C2C(N(C(C=2C=1)=O)C1C(=O)NC(=O)CC1)=O,False,1.0,mgdb,MG-4822,MG-4822,,,P15170,GSPT1,unknown,,False,,,3,cellular_phenotype,nan,False,False,nan,,,False
O=C1CCC(N2C(=O)c3cccc(NCc4cccc(C(=O)NC5CCC(c6csc7cncnc67)CC5)c4)c3C2=O)C(=O)N1,O=C1CCC(N2C(=O)c3cccc(NCc4cccc(C(=O)NC5CCC(c6csc7cncnc67)CC5)c4)c3C2=O)C(=O)N1,CWHMHANKRKJMIN-UHFFFAOYSA-N,CWHMHANKRKJMIN-UHFFFAOYSA-N,C1C=C(CNC2C=CC=C3C(N(C(C=23)=O)C2C(=O)NC(=O)CC2)=O)C=C(C(NC2CCC(C3C4C(=CN=CN=4)SC=3)CC2)=O)C=1,False,1.0,mgdb,MG-4821,MG-4821,,,P15170,GSPT1,unknown,,False,,,3,cellular_phenotype,nan,False,False,nan,,,False
O=C1CCC(N2C(=O)c3cccc(NCc4ccnc(C(=O)NC5CCC(c6nc7ccccc7n6CCO)CC5)c4)c3C2=O)C(=O)N1,O=C1CCC(N2C(=O)c3cccc(NCc4ccnc(C(=O)NC5CCC(c6nc7ccccc7n6CCO)CC5)c4)c3C2=O)C(=O)N1,YSCXVJLZJREDOW-UHFFFAOYSA-N,YSCXVJLZJREDOW-UHFFFAOYSA-N,C1C=CC2N(C(C3CCC(NC(C4N=CC=C(CNC5C=CC=C6C(N(C(C=56)=O)C5C(=O)NC(=O)CC5)=O)C=4)=O)CC3)=NC=2C=1)CCO,False,1.0,mgdb,MG-4852,MG-4852,,,P15170,GSPT1,unknown,,False,,,3,cellular_phenotype,nan,False,False,nan,,,False
COc1ccc2c(c1)nc(C1CCC(NC(=O)c3cc(CNc4cccc5c4C(=O)N(C4CCC(=O)NC4=O)C5=O)ccn3)CC1)n2C,COc1ccc2c(c1)nc(C1CCC(NC(=O)c3cc(CNc4cccc5c4C(=O)N(C4CCC(=O)NC4=O)C5=O)ccn3)CC1)n2C,GDGXTAUTVDGMDL-UHFFFAOYSA-N,GDGXTAUTVDGMDL-UHFFFAOYSA-N,CN1C(C2CCC(NC(C3N=CC=C(CNC4C=CC=C5C(N(C(C=45)=O)C4C(=O)NC(=O)CC4)=O)C=3)=O)CC2)=NC2C=C(OC)C=CC1=2,False,1.0,mgdb,MG-4851,MG-4851,,,P15170,GSPT1,unknown,,False,,,3,cellular_phenotype,nan,False,False,nan,,,False
COc1ccc(CNc2cccc3c2C(=O)N(C2CCC(=O)NC2=O)C3=O)cc1C(=O)NC1CCC(c2nc3ccncc3n2C)CC1,COc1ccc(CNc2cccc3c2C(=O)N(C2CCC(=O)NC2=O)C3=O)cc1C(=O)NC1CCC(c2nc3ccncc3n2C)CC1,IHLKWEILLYYUJX-UHFFFAOYSA-N,IHLKWEILLYYUJX-UHFFFAOYSA-N,CN1C(C2CCC(NC(C3C(OC)=CC=C(CNC4C=CC=C5C(N(C(C=45)=O)C4C(=O)NC(=O)CC4)=O)C=3)=O)CC2)=NC2C=CN=CC1=2,False,1.0,mgdb,MG-4850,MG-4850,,,P15170,GSPT1,unknown,,False,,,3,cellular_phenotype,nan,False,False,nan,,,False
COc1cc2nc(C3CCC(NC(=O)c4cccc(CNc5cccc6c5C(=O)N(C5CCC(=O)NC5=O)C6=O)c4)CC3)n(C)c2cn1,COc1cc2nc(C3CCC(NC(=O)c4cccc(CNc5cccc6c5C(=O)N(C5CCC(=O)NC5=O)C6=O)c4)CC3)n(C)c2cn1,CVRXOBRWJRMFLR-UHFFFAOYSA-N,CVRXOBRWJRMFLR-UHFFFAOYSA-N,CN1C(C2CCC(NC(C3C=CC=C(CNC4C=CC=C5C(N(C(C=45)=O)C4C(=O)NC(=O)CC4)=O)C=3)=O)CC2)=NC2C=C(OC)N=CC1=2,False,1.0,mgdb,MG-4849,MG-4849,,,P15170,GSPT1,unknown,,False,,,3,cellular_phenotype,nan,False,False,nan,,,False
O=C1CCC(N2C(=O)c3cccc(NCc4cccc5c4CCN5C(=O)C4CCC(c5nc6cccnc6s5)CC4)c3C2=O)C(=O)N1,O=C1CCC(N2C(=O)c3cccc(NCc4cccc5c4CCN5C(=O)C4CCC(c5nc6cccnc6s5)CC4)c3C2=O)C(=O)N1,GIXQGXUZLKZKFT-UHFFFAOYSA-N,GIXQGXUZLKZKFT-UHFFFAOYSA-N,C1C=C(CNC2C=CC=C3C(N(C(C=23)=O)C2C(=O)NC(=O)CC2)=O)C2CCN(C=2C=1)C(C1CCC(C2SC3C(=CC=CN=3)N=2)CC1)=O,False,1.0,mgdb,MG-4848,MG-4848,,,P15170,GSPT1,unknown,,False,,,3,cellular_phenotype,nan,False,False,nan,,,False
COc1ccc2c(c1)nc(C1CCC(NC(=O)c3cccc(CNc4cccc5c4C(=O)N(C4CCC(=O)NC4=O)C5=O)c3)CC1)n2C,COc1ccc2c(c1)nc(C1CCC(NC(=O)c3cccc(CNc4cccc5c4C(=O)N(C4CCC(=O)NC4=O)C5=O)c3)CC1)n2C,LLWATGHROVPQJR-UHFFFAOYSA-N,LLWATGHROVPQJR-UHFFFAOYSA-N,CN1C(C2CCC(NC(C3C=CC=C(CNC4C=CC=C5C(N(C(C=45)=O)C4C(=O)NC(=O)CC4)=O)C=3)=O)CC2)=NC2C=C(OC)C=CC1=2,False,1.0,mgdb,MG-4847,MG-4847,,,P15170,GSPT1,unknown,,False,,,3,cellular_phenotype,nan,False,False,nan,,,False
CCCn1c(C2CCC(NC(=O)c3cccc(CNc4cccc5c4C(=O)N(C4CCC(=O)NC4=O)C5=O)c3)CC2)nc2ccncc21,CCCn1c(C2CCC(NC(=O)c3cccc(CNc4cccc5c4C(=O)N(C4CCC(=O)NC4=O)C5=O)c3)CC2)nc2ccncc21,AAKJFJXBPVQJTB-UHFFFAOYSA-N,AAKJFJXBPVQJTB-UHFFFAOYSA-N,CCCN1C(C2CCC(NC(C3C=CC=C(CNC4C=CC=C5C(N(C(C=45)=O)C4C(=O)NC(=O)CC4)=O)C=3)=O)CC2)=NC2C=CN=CC1=2,False,1.0,mgdb,MG-4845,MG-4845,,,P15170,GSPT1,unknown,,False,,,3,cellular_phenotype,nan,False,False,nan,,,False
CC(C)n1c(C2CCC(NC(=O)c3cccc(CNc4cccc5c4C(=O)N(C4CCC(=O)NC4=O)C5=O)c3)CC2)nc2ccncc21,CC(C)n1c(C2CCC(NC(=O)c3cccc(CNc4cccc5c4C(=O)N(C4CCC(=O)NC4=O)C5=O)c3)CC2)nc2ccncc21,GTINEENEVGGWKC-UHFFFAOYSA-N,GTINEENEVGGWKC-UHFFFAOYSA-N,CC(N1C(C2CCC(NC(C3C=CC=C(CNC4C=CC=C5C(N(C(C=45)=O)C4C(=O)NC(=O)CC4)=O)C=3)=O)CC2)=NC2C=CN=CC1=2)C,False,1.0,mgdb,MG-4844,MG-4844,,,P15170,GSPT1,unknown,,False,,,3,cellular_phenotype,nan,False,False,nan,,,False
O=C1CCC(N2C(=O)c3cccc(NCc4cccc(C(=O)NC5CCC(c6nc7ccncc7n6C6CC6)CC5)c4)c3C2=O)C(=O)N1,O=C1CCC(N2C(=O)c3cccc(NCc4cccc(C(=O)NC5CCC(c6nc7ccncc7n6C6CC6)CC5)c4)c3C2=O)C(=O)N1,FVIVURYHKJVWFT-UHFFFAOYSA-N,FVIVURYHKJVWFT-UHFFFAOYSA-N,C1C=C(CNC2C=CC=C3C(N(C(C=23)=O)C2C(=O)NC(=O)CC2)=O)C=C(C(NC2CCC(C3N(C4CC4)C4C=NC=CC=4N=3)CC2)=O)C=1,False,1.0,mgdb,MG-4843,MG-4843,,,P15170,GSPT1,unknown,,False,,,3,cellular_phenotype,nan,False,False,nan,,,False
O=C1CCC(N2C(=O)c3cccc(NCc4cccc(NC(=O)C5CCC(c6nc7cccnc7s6)CC5)c4F)c3C2=O)C(=O)N1,O=C1CCC(N2C(=O)c3cccc(NCc4cccc(NC(=O)C5CCC(c6nc7cccnc7s6)CC5)c4F)c3C2=O)C(=O)N1,SXPFVDFMNAKNII-UHFFFAOYSA-N,SXPFVDFMNAKNII-UHFFFAOYSA-N,C1C=C(CNC2C3C(N(C(C=3C=CC=2)=O)C2C(=O)NC(=O)CC2)=O)C(F)=C(NC(C2CCC(C3SC4C(=CC=CN=4)N=3)CC2)=O)C=1,False,1.0,mgdb,MG-4842,MG-4842,,,P15170,GSPT1,unknown,,False,,,3,cellular_phenotype,nan,False,False,nan,,,False
O=C1CCC(N2C(=O)c3cccc(NCc4ccc(F)c(C(=O)NC5CCC(c6nc7cccnc7s6)CC5)c4)c3C2=O)C(=O)N1,O=C1CCC(N2C(=O)c3cccc(NCc4ccc(F)c(C(=O)NC5CCC(c6nc7cccnc7s6)CC5)c4)c3C2=O)C(=O)N1,NMDBBMKDMYOFPQ-UHFFFAOYSA-N,NMDBBMKDMYOFPQ-UHFFFAOYSA-N,C1C=C(NCC2C=C(C(NC3CCC(C4SC5N=CC=CC=5N=4)CC3)=O)C(F)=CC=2)C2C(N(C(C=2C=1)=O)C1C(=O)NC(=O)CC1)=O,False,1.0,mgdb,MG-4841,MG-4841,,,P15170,GSPT1,unknown,,False,,,3,cellular_phenotype,nan,False,False,nan,,,False
CN(C(=O)c1cc(CNc2cccc3c2C(=O)N(C2CCC(=O)NC2=O)C3=O)ccn1)C1CCC(c2nc3cccnc3s2)CC1,CN(C(=O)c1cc(CNc2cccc3c2C(=O)N(C2CCC(=O)NC2=O)C3=O)ccn1)C1CCC(c2nc3cccnc3s2)CC1,NCMRSULKRSMYAX-UHFFFAOYSA-N,NCMRSULKRSMYAX-UHFFFAOYSA-N,CN(C(C1N=CC=C(CNC2C3C(N(C(C=3C=CC=2)=O)C2C(=O)NC(=O)CC2)=O)C=1)=O)C1CCC(C2SC3C(=CC=CN=3)N=2)CC1,False,1.0,mgdb,MG-4840,MG-4840,,,P15170,GSPT1,unknown,,False,,,3,cellular_phenotype,nan,False,False,nan,,,False
