row_idx,smiles,is_valid,is_empty,is_multifragment,looks_like_salt,missing_stereo,aromatic_inconsistency,file,dataset
0,C[C@@H]1CC[C@H]2C[C@@H](C(=CC=C\C=C\[C@H](C[C@H](C(=O)[C@@H]([C@@H](/C(=C/[C@H](C(=O)C[C@H](OC(=O)[C@@H]3CCCCN3C(=O)C(=O)[C@@]1(O2)O)[C@H](C)C[C@@H]4CC[C@H]([C@@H](C4)OC)O)C)/C)O)OC)C)C)C)OC,True,False,False,False,False,False,mgtbind_compounds.csv,mgtbind
1,CCO[C@H]\1C[C@@H]2CC[C@H]([C@@](O2)(C(=O)C(=O)N3CCCC[C@H]3C(=O)O[C@@H](CC(=O)[C@@H](/C=C(/[C@H]([C@H](C(=O)[C@@H](C[C@@H](/C=C/C=C/C=C1\C)C)C)OC)O)\C)C)[C@H](C)C[C@@H]4CC[C@H]([C@@H](C4)OC)O)O)C,True,False,False,False,False,False,mgtbind_compounds.csv,mgtbind
2,C[C@H]1CCC/C=C/[C@@H]2C[C@@H](C[C@H]2[C@@H](/C=C/C(=O)O1)O)O,True,False,False,False,False,False,mgtbind_compounds.csv,mgtbind
3,C[C@@H](CNS(=O)(=O)C)C1=CC=C(C=C1)C2=CC=C(C=C2)[C@@H](C)CNS(=O)(=O)C,True,False,False,False,False,False,mgtbind_compounds.csv,mgtbind
4,C[C@@H]1CC[C@H]2C[C@H](/C(=C/C=C/C=C/[C@H](C[C@H](C(=O)[C@@H]([C@@H](/C(=C/[C@H](C(=O)C[C@H](OC(=O)[C@@H]3CCCCN3C(=O)C(=O)[C@@]1(O2)O)[C@H](C)C[C@@H]4CC[C@H]([C@@H](C4)OC)O)C)/C)O)OC)C)C)/C)C5=CC=C(S5)C,True,False,False,False,False,False,mgtbind_compounds.csv,mgtbind
5,CC1=CC(=O)CC([C@]1(/C=C/C(=C\C(=O)O)/C)O)(C)C,True,False,False,False,False,False,mgtbind_compounds.csv,mgtbind
6,C[C@@H]([C@@H](C1=CC=C(C=C1)O)O)N2CCC(CC2)CC3=CC=CC=C3,True,False,False,False,False,False,mgtbind_compounds.csv,mgtbind
7,C[C@@H]1C[C@@H]([C@@H]2[C@H](C[C@H]([C@@](O2)(C(=O)C(=O)N3CCCC[C@H]3C(=O)O[C@@H]([C@@H]([C@H](CC(=O)[C@@H](/C=C(/C1)\C)CC=C)O)C)/C(=C/[C@@H]4CC[C@H]([C@@H](C4)OC)O)/C)O)C)OC)OC,True,False,False,False,False,False,mgtbind_compounds.csv,mgtbind
8,C1=CC2=C(C=C1C(=O)O)OC(=N2)C3=CC(=CC(=C3)Cl)Cl,True,False,False,False,True,False,mgtbind_compounds.csv,mgtbind
9,CC1=C(C=CC2=C1NC=C2/C=C\3/C(=O)N(C(=O)N3)CC4=CC(=C(C=C4)F)F)Cl,True,False,False,False,False,False,mgtbind_compounds.csv,mgtbind
10,CN1CCN(CC1)CCCN2C3=CC=CC=C3SC4=C2C=C(C=C4)C(F)(F)F,True,False,False,False,True,False,mgtbind_compounds.csv,mgtbind
11,[C@H]1([C@@H]([C@H]([C@@H]([C@H]([C@@H]1OP(=O)(O)O)OP(=O)(O)O)OP(=O)(O)O)OP(=O)(O)O)O)O,True,False,False,False,False,False,mgtbind_compounds.csv,mgtbind
12,C1=CC=C(C=C1)NC(=O)N,True,False,False,False,True,False,mgtbind_compounds.csv,mgtbind
13,CCN1C2=CC=CC=C2NC1=O,True,False,False,False,True,False,mgtbind_compounds.csv,mgtbind
14,C1=CC(=C(C2=NC(=O)C(=C21)NO)Cl)Cl,True,False,False,False,True,False,mgtbind_compounds.csv,mgtbind
15,C[C@@H]([C@H]1CC[C@@H]2[C@@]1(CC[C@H]3[C@H]2COC(=O)[C@@H]4[C@@]3(C[C@H]([C@H](C4)O)O)C)C)[C@H]([C@@H]([C@@H](C)C(C)C)O)O,True,False,False,False,False,False,mgtbind_compounds.csv,mgtbind
16,COCC(=O)N[C@@H](CC1=CC=C(C=C1)C2=CC(=CC(=C2)Cl)Cl)[C@@H]([C@H](C(=O)O)O)O,True,False,False,False,False,False,mgtbind_compounds.csv,mgtbind
17,C[C@@H]1C(=O)N(CCN1CCOC2=CC=C(C=C2)C3CCN(CC3)C4=NN5C(=NN=C5Cl)C=C4)C,True,False,False,False,False,False,mgtbind_compounds.csv,mgtbind
18,CN(CCOC1=CC=C(C=C1)C2CCN(CC2)C3=NN4C(=NN=C4OC)C=C3)C5=NN6C(=NN=C6OC)C=C5,True,False,False,False,True,False,mgtbind_compounds.csv,mgtbind
19,C1CC(=O)NC(=O)[C@H]1N2CC3=C(C2=O)C=CC=C3N,True,False,False,False,False,False,mgtbind_compounds.csv,mgtbind
20,CC1=C(C=C(C=C1)NC(=O)NCC2=CC3=C(C=C2)C(=O)N(C3)[C@H]4CCC(=O)NC4=O)Cl,True,False,False,False,False,False,mgtbind_compounds.csv,mgtbind
21,CC1=C(C=CC=C1C2=CC=CC=C2)COC3=C(C=C(C=C3)CN4CCCC[C@@H]4C(=O)O)Br,True,False,False,False,False,False,mgtbind_compounds.csv,mgtbind
22,CC1=C(C=CC=C1C2=CC=CC=C2)COC3=NC(=C(C=C3)CNCCNC(=O)C)OC,True,False,False,False,True,False,mgtbind_compounds.csv,mgtbind
23,CC(C)CC(=O)C1=C(NC2=C(C=CC(=C2C1=O)[N+](=O)[O-])Cl)NC3=C(C=C(C=C3)Cl)Cl,True,False,False,False,True,False,mgtbind_compounds.csv,mgtbind
24,CN(C)CC1=CNC2=C1C=C(C=C2)OCC3=CC=CC=C3,True,False,False,False,True,False,mgtbind_compounds.csv,mgtbind
25,CCN(CC)C1=CC2=C(C=C1)C(=CC(=O)O2)C,True,False,False,False,True,False,mgtbind_compounds.csv,mgtbind
26,CC[C@H](CC1=CC=CC=C1)[C@@H]2/C=C/C/C=C/C[C@H]([C@@H]([C@H]([C@@H]3CC[C@H]([C@@](O3)(C(=O)C(=O)N4CCCC[C@H]4C(=O)O2)O)C)C)O)C,True,False,False,False,False,False,mgtbind_compounds.csv,mgtbind
27,CC1=C2C(=CNC2=C(C=C1)NS(=O)(=O)C3=CC=CC(=C3)C#N)C#N,True,False,False,False,True,False,mgtbind_compounds.csv,mgtbind
28,C1=CC(=C(C=C1Cl)Cl)C(=O)NS(=O)(=O)C2=CC=C(S2)Br,True,False,False,False,True,False,mgtbind_compounds.csv,mgtbind
29,C1=CC2=C(C(=C1)NS(=O)(=O)C3=CC=C(C=C3)S(=O)(=O)N)NC=C2Cl,True,False,False,False,True,False,mgtbind_compounds.csv,mgtbind
30,CC[C@H](CO)NC1=NC(=C2C(=N1)N(C=N2)C(C)C)NCC3=CC=C(C=C3)C4=CC=CC=N4,True,False,False,False,False,False,mgtbind_compounds.csv,mgtbind
31,CC1=C2C(=CNC2=C(C=C1)NS(=O)(=O)C3=CC=C(C=C3)CN)C#N,True,False,False,False,True,False,mgtbind_compounds.csv,mgtbind
32,c1cc(ccc1C(C(=O)NCc2ccc3c(c2)CN(C3=O)[C@H]4CCC(=O)NC4=O)(F)F)Cl,True,False,False,False,False,False,mgtbind_compounds.csv,mgtbind
33,C[C@@H]1C[C@@H](CN(C1)C2=NC=C(C(=N2)NC3=CC4=C(C=C3)N(C(=O)C(=C4)OCC(=O)NC)C)Cl)C,True,False,False,False,False,False,mgtbind_compounds.csv,mgtbind
34,C1C2=C(C=CC(=C2Cl)Cl)N=C3N1CC(=O)N3,True,False,False,False,True,False,mgtbind_compounds.csv,mgtbind
35,CCN(CC)C1=C(C=C(C=C1)C2=NNC(=O)C[C@H]2C)[N+](=O)[O-],True,False,False,False,False,False,mgtbind_compounds.csv,mgtbind
36,C1CN2C(=CC3=C(C2=O)C=NC=C3)C4=C1C5=CC=CC=C5N4,True,False,False,False,True,False,mgtbind_compounds.csv,mgtbind
37,CC1=C2C(=C(N(C1=O)C)NC3=C(C=C(C=C3)I)F)C(=O)N(C(=O)N2C4=CC=CC(=C4)NC(=O)C)C5CC5,True,False,False,False,True,False,mgtbind_compounds.csv,mgtbind
38,CCNC(=O)C1(CCN(CC1)C(=O)COC)CC2=CC=C(C=C2)C3=CC(=CC(=C3)Cl)Cl,True,False,False,False,True,False,mgtbind_compounds.csv,mgtbind
39,CCCCCC1=CC(=C(C(=C1)O)[C@@H]2C=C(CC[C@H]2C(=C)C)C)O,True,False,False,False,False,False,mgtbind_compounds.csv,mgtbind
40,CC1=C2C(=CNC2=C(C=C1)NS(=O)(=O)C3=CC=C(C=C3)CNC(=O)C4=CC=C(C=C4)C5=CC=C(C=C5)C6=N[C@H](C7=NN=C(N7C8=C6C(=C(S8)C)C)C)CC(=O)OC)C#N,True,False,False,False,False,False,mgtbind_compounds.csv,mgtbind
41,CCC(=O)NC[C@H](CC1=CC=C(C=C1)OCCC2=C(OC(=N2)C3=CC=CC=C3)C)N/C(=C\C(=O)C4=CC=C(C=C4)C(F)(F)F)/C,True,False,False,False,False,False,mgtbind_compounds.csv,mgtbind
42,C[C@@H]1[C@@H]\2CC[C@@H](/C2=C/[C@]3([C@H](CC(=C3[C@H]([C@@H]1O)O[C@@H]4[C@@H]([C@H]([C@@H]([C@H](O4)COC(C)(C)C=C)O)OC(=O)C)O)[C@H](C)COC(=O)C)O)C)COC,True,False,False,False,False,False,mgtbind_compounds.csv,mgtbind
43,C[C@]12C[C@@H](C3=C4CCC(=O)C=C4CC[C@H]3[C@@H]1CC[C@]2(COC)OC)C5=CC=C(C=C5)/C=N/O,True,False,False,False,False,False,mgtbind_compounds.csv,mgtbind
44,C1=CC(=C(C=C1Cl)Cl)OCC(=O)O,True,False,False,False,True,False,mgtbind_compounds.csv,mgtbind
45,C1=CC=C2C(=C1)C=CC=C2CC(=O)O,True,False,False,False,True,False,mgtbind_compounds.csv,mgtbind
46,C1=CC=C2C(=C1)C(=CN2)CC(=O)O,True,False,False,False,True,False,mgtbind_compounds.csv,mgtbind
47,C[C@@H]1[C@@H]\2CC[C@@](/C2=C/[C@]3(CCC(=C3[C@H]([C@@H]1O)O[C@@H]4[C@@H]([C@@H]5[C@]6([C@@H](O4)COC)O[C@H](O5)[C@](O6)(C)CCOC=O)O)C(C)C)C)(COC)O,True,False,False,False,False,False,mgtbind_compounds.csv,mgtbind
48,CC1(CC=C(C2=C1C=CC(=C2)/C=C/C3=CC=C(C=C3)C(=O)O)C#CC4=CC=CC=C4)C,True,False,False,False,False,False,mgtbind_compounds.csv,mgtbind
49,CC(C)C[C@@H](C(=O)O)NC(=O)[C@@H]([C@@H](CC1=CC=CC=C1)N)O,True,False,False,False,False,False,mgtbind_compounds.csv,mgtbind
50,c1ccc(cc1)C(=O)C2=C(C(=O)N([C@H]2c3ccc(cc3)[N+](=O)[O-])c4ccc(c(c4)C(=O)O)O)O,True,False,False,False,False,False,mgtbind_compounds.csv,mgtbind
51,COCC(=O)CCCC(O)O,True,False,False,False,True,False,mgtbind_compounds.csv,mgtbind
52,CC[C@@H]1C[C@H]2[C@H](CCC2=O)[C@H](C1)C(=O)N[C@]3(C[C@@H]3CC)C(=O)O,True,False,False,False,False,False,mgtbind_compounds.csv,mgtbind
53,CC/C=C\C[C@H]1[C@H](CCC1=O)CC(=O)N[C@@H]([C@@H](C)CC)C(=O)O,True,False,False,False,False,False,mgtbind_compounds.csv,mgtbind
54,CC(C)C1=C2[C@H]([C@@H](C(=C)[C@@H]3CC[C@@]([C@H]3C[C@]2(CC1)C)(COC)O)O)O[C@@H]4[C@H]([C@@H]5[C@]6([C@H](O4)COC)O[C@H](O5)[C@](O6)(C)[C@@H]7CO7)O,True,False,False,False,False,False,mgtbind_compounds.csv,mgtbind
55,C[C@@H]1[C@@H]\2CC[C@@H](/C2=C/[C@]3([C@H](CC(=C3[C@H]([C@@H]1O)O)[C@H](C)COC(=O)C)O)C)COC,True,False,False,False,False,False,mgtbind_compounds.csv,mgtbind
56,C[C@@H]1[C@@H]\2CC[C@@H](/C2=C/[C@]3([C@H](CC(=C3[C@H]([C@@H]1O)O)C(C)C)O)C)COC,True,False,False,False,False,False,mgtbind_compounds.csv,mgtbind
57,C[C@@H]1[C@@H]\2CC[C@@H](/C2=C/[C@]3([C@@H]4[C@@H](CCO4)C(=C3[C@H]([C@@H]1O)O[C@@H]5[C@@H]([C@H]([C@H]6[C@H](O5)COC(O6)(C)C)O)O)C(C)C)C)COC,True,False,False,False,False,False,mgtbind_compounds.csv,mgtbind
58,C[C@@H]1[C@@H]\2CC[C@@](/C2=C/[C@]3(CCC(=C3[C@H]([C@@H]1O)O)C(C)C)C)(COC)O,True,False,False,False,False,False,mgtbind_compounds.csv,mgtbind
59,C[C@@H]1[C@@H]\2CC[C@@H](/C2=C/[C@]3(CCC(=C3[C@H]([C@@H]1O)O[C@@H]4[C@@H]([C@@H]([C@H]([C@H](O4)CO)O)O)O)C(C)C)C)CO,True,False,False,False,False,False,mgtbind_compounds.csv,mgtbind
60,C[C@@H]1[C@@H]\2CC[C@@H](/C2=C/[C@]3(CCC(=C3[C@H]([C@@H]1O)O[C@@H]4[C@@H]([C@H]([C@@H]([C@H](O4)CO)O)O)O)C(C)C)C)COC,True,False,False,False,False,False,mgtbind_compounds.csv,mgtbind
61,C[C@@H]1[C@@H]\2CC[C@@](/C2=C/[C@]3(CCC(=C3[C@H]([C@@H]1O)O[C@@H]4[C@@H]([C@@H]5[C@]6([C@H](O4)COC)O[C@H](O5)[C@](O6)(C)[C@@H]7CO7)O)C(C)C)C)(COC)O,True,False,False,False,False,False,mgtbind_compounds.csv,mgtbind
62,C1=CC(=C(C=C1C(=O)N/N=C/C2=C(C=C(C=C2)Cl)Cl)O)O,True,False,False,False,False,False,mgtbind_compounds.csv,mgtbind
63,C[C@@H]1[C@@H]\2CC[C@@H](/C2=C/[C@]3(CCC(=C3[C@H]([C@@H]1O)O[C@H]4[C@@H]([C@H]([C@H]5[C@H](O4)COC(O5)(C)C)O)O)C(C)C)C)COC,True,False,False,False,False,False,mgtbind_compounds.csv,mgtbind
64,C1[C@@H]2C3=CC=CC=C3[C@H]1C4=CC5=C(C=C24)[C@H]6C[C@@H]5C7=C6C(=C8[C@H]9C[C@@H](C8=C7OP(=O)(O)O)C1=C9C=C2[C@H]3C[C@@H](C2=C1)C1=CC=CC=C31)OP(=O)(O)O,True,False,False,False,False,False,mgtbind_compounds.csv,mgtbind
65,C[C@@H]1[C@@H]\2CC[C@@H](/C2=C/[C@]3([C@H](CC(=C3[C@H]([C@@H]1O)O[C@@H]4[C@@H]([C@H]([C@@H]([C@H](O4)COC(C)(C)C=C)O)O)O)[C@H](C)CNC(=O)C)O)C)COC,True,False,False,False,False,False,mgtbind_compounds.csv,mgtbind
66,C1CC(=O)NC(=O)[C@H]1N2C(=O)C3=C(C2=O)C(=CC=C3)N,True,False,False,False,False,False,mgtbind_compounds.csv,mgtbind
67,C1=CC=C(C(=C1)OC2=C(C=CC=C2NC(=O)C3=CC=C(NC3=O)C(F)(F)F)C(=O)O)F,True,False,False,False,True,False,mgtbind_compounds.csv,mgtbind
68,C1=CC(=CC(=C1)NC(=O)C2=C(C=C(NC2=O)C(F)(F)F)SC3=C(C=CC=C3Cl)Cl)C(=O)O,True,False,False,False,True,False,mgtbind_compounds.csv,mgtbind
69,C1=CC=C(C=C1)OC2=C(C(=O)NC(=C2)C(F)(F)F)C(=O)NC3=CC=CC(=C3)C(=O)O,True,False,False,False,True,False,mgtbind_compounds.csv,mgtbind
70,C1=CC(=CC(=C1)NC(=O)C2=CC=C(NC2=O)C(F)(F)F)C3=NNN=N3,True,False,False,False,True,False,mgtbind_compounds.csv,mgtbind
71,C[C@@H]1[C@@H]\2CC[C@@H](/C2=C/[C@]3([C@H](CC(=C3[C@H]([C@@H]1O)O[C@@H]4[C@@H]([C@H]([C@@H]([C@H](O4)COC(C)(C)C=C)O)O)O)[C@H](C)CNC(=O)C5CC5)O)C)COC,True,False,False,False,False,False,mgtbind_compounds.csv,mgtbind
72,c1ccc(cc1)C(=O)C2=C(C(=O)N([C@@H]2c3ccc(cc3)[N+](=O)=O)c4ccc(c(c4)C(=O)O)O)O,False,False,False,False,False,True,mgtbind_compounds.csv,mgtbind
73,C1=CC=C(C=C1)/C(=C/2\[C@H](N(C(=O)C2=O)C3=CC(=C(C=C3)O)C(=O)O)C4=CC=C(C=C4)[N+](=O)[O-])/N,True,False,False,False,False,False,mgtbind_compounds.csv,mgtbind
74,C[C@@H]1[C@@H]2CC[C@@H]([C@H]2C[C@]3(CC[C@H]([C@@H]3[C@H]([C@@H]1O)O[C@@H]4[C@@H]([C@H]([C@@H]([C@H](O4)CO)O)O)O)C(C)C)C)COC,True,False,False,False,False,False,mgtbind_compounds.csv,mgtbind
75,C1=CC=C(C=C1)CCNC(=O)COC2=CC=CC=C2P(=O)(O)O,True,False,False,False,True,False,mgtbind_compounds.csv,mgtbind
76,C1CC(=O)NC(=O)[C@H]1N2C(=O)C3=CC=CC=C3C2=O,True,False,False,False,False,False,mgtbind_compounds.csv,mgtbind
77,C1CC(=O)NC(=O)[C@H]1N2C(=O)C3=C(C2=O)C=C(C=C3)O,True,False,False,False,False,False,mgtbind_compounds.csv,mgtbind
78,Cc1ccc(cc1Cl)NC(=O)CCc2cccc(c2)NC3=CC(=O)N(C3=O)[C@H]4CCC(=O)NC4=O,True,False,False,False,False,False,mgtbind_compounds.csv,mgtbind
79,C1CC(=O)NC(=O)[C@H]1N2CC3=C(C2=O)C=CC(=C3)C4CCN(CC4)CC5=CC=CC=C5,True,False,False,False,False,False,mgtbind_compounds.csv,mgtbind
80,CN(C)CCSSCCC(=O)N1CCC(CC1)(C2=CC(=C(C=C2)Cl)C(F)(F)F)O,True,False,False,False,True,False,mgtbind_compounds.csv,mgtbind
81,CN(C)CCSSCCC(=O)N1CCC(CC1)(C2=CC(=CC=C2)C(F)(F)F)O,True,False,False,False,True,False,mgtbind_compounds.csv,mgtbind
82,CN(C)CCSSCCNC(=O)[C@H]1CCCN(C1)C(=O)C2=CC(=C(C(=C2)Cl)O)Cl,True,False,False,False,False,False,mgtbind_compounds.csv,mgtbind
83,CN(C)CCSSCCNC(=O)[C@H]1CCCN(C1)C(=O)C2=C(C(=CC(=C2)Cl)Cl)N,True,False,False,False,False,False,mgtbind_compounds.csv,mgtbind
84,C[C@H](C1=CC2=C(C=C1)C=C(C=C2)OC)C(=O)N3CCC(CC3)C(=O)NCCSSCCN(C)C,True,False,False,False,False,False,mgtbind_compounds.csv,mgtbind
85,CC(C)(C(=O)N1CCC(CC1)C(=O)NCCSSCCN(C)C)OC2=CC=C(C=C2)Cl,True,False,False,False,True,False,mgtbind_compounds.csv,mgtbind
86,C1CC(=O)NC(=O)[C@H]1N2CC3=C(C2=O)C=CC=C3OCC4=CC=C(C=C4)CN5CCN(CC5)C6=C(C=C(C=C6)C#N)F,True,False,False,False,False,False,mgtbind_compounds.csv,mgtbind
87,C1CC(=O)NC(=O)[C@H]1N2CC3=C(C2=O)C=CC=C3OCC4=CC=C(C=C4)CN5CCOCC5,True,False,False,False,False,False,mgtbind_compounds.csv,mgtbind
88,CCn1c2ccc-3cc2c(c1c4cc(cnc4[C@H](C)OC)N5CCN(CC5)C6CC6)CC(COC(=O)[C@@H]7CCCN(N7)C(=O)[C@H](Cc8nc3cs8)NC(=O)C9[C@H]1[C@@H]9COC1)(C)C,True,False,False,False,False,False,mgtbind_compounds.csv,mgtbind
89,CN[C@@H]1[C@@H](N(C2C=C3CN(C(=O)C3=CC=2)C2CCC(NC2=O)=O)C)CCCC1,True,False,False,False,False,False,mgtbind_compounds.csv,mgtbind
90,CN(C1C=C2C(=O)N(C3C(=O)NC(=O)CC3)C(=O)C2=CC=1)[C@H]1CCCC[C@@H]1NC,True,False,False,False,False,False,mgtbind_compounds.csv,mgtbind
91,C1(N2[C@@H]3CC[C@H]2[C@H](NCC)CC3)=CC2C(N(C(C=2C=C1)=O)C1C(=O)NC(=O)CC1)=O,True,False,False,False,False,False,mgtbind_compounds.csv,mgtbind
92,CC(NC1N2C(C=CC=C2)=NC=1C1C=C2CN(C3C(=O)NC(=O)CC3)C(=O)C2=CC=1)(C)C,True,False,False,False,True,False,mgtbind_compounds.csv,mgtbind
93,c1ccc2c(c1)c(no2)Nc3ccc4c(c3)CN(C4=O)[C@H]5CCC(=O)NC5=O,True,False,False,False,False,False,mgtbind_compounds.csv,mgtbind
94,CC(NC1N2C(C=CC=C2)=NC=1C1C=C2CN(C(C2=CC=1)=O)C1C(=O)N(C)C(=O)CC1)(C)C,True,False,False,False,True,False,mgtbind_compounds.csv,mgtbind
95,C1C=CN2C(=NC(C3C=C4CN(C(C4=CC=3)=O)C3C(=O)NC(=O)CC3)=C2NC2C=CC3OCCOC=3C=2)C=1,True,False,False,False,True,False,mgtbind_compounds.csv,mgtbind
96,COC1C=CC2N3C(SC=2C=1)=NC(C1C=C2CN(C(C2=CC=1)=O)C1C(=O)NC(=O)CC1)=C3NCC1C=CC=CC=1,True,False,False,False,True,False,mgtbind_compounds.csv,mgtbind
97,CC(NC1N2C(C=CC=C2)=NC=1C1C=C2C(N(C(C2=CC=1)=O)C1C(=O)NC(=O)CC1)=O)(C)C,True,False,False,False,True,False,mgtbind_compounds.csv,mgtbind
98,CC(NC1N2C(C=CC=C2)=NC=1C1C=C2C(CN(C2=O)C2C(=O)NC(=O)CC2)=CC=1)(C)C,True,False,False,False,True,False,mgtbind_compounds.csv,mgtbind
99,C1C=CN2C(=NC(N)=C2C(C2C=C3CN(C(C3=CC=2)=O)C2C(=O)NC(=O)CC2)=O)C=1,True,False,False,False,True,False,mgtbind_compounds.csv,mgtbind
100,N1C(=O)C(N2C(=O)C3C=CC(C4=C(Cl)N5C=CC=CC5=N4)=CC=3C2)CCC1=O,True,False,False,False,True,False,mgtbind_compounds.csv,mgtbind
101,N1C(=O)C(N2C(=O)C3C=CC(C4=C(N)N5C=CC=CC5=N4)=CC=3C2)CCC1=O,True,False,False,False,True,False,mgtbind_compounds.csv,mgtbind
102,N1C(=O)C(N2C(=O)C3C=CC(C4=C(NC5C=CC=CC=5)N5C=CC=CC5=N4)=CC=3C2)CCC1=O,True,False,False,False,True,False,mgtbind_compounds.csv,mgtbind
103,N1C(=O)C(N2C(=O)C3C=CC(C4=C(NC56CC7CC(CC(C7)C5)C6)N5C=CC=CC5=N4)=CC=3C2)CCC1=O,True,False,False,False,True,False,mgtbind_compounds.csv,mgtbind
104,N1C(=O)C(N2C(=O)C3C=CC(C4=C(NC(CC(C)(C)C)(C)C)N5C=CC=CC5=N4)=CC=3C2)CCC1=O,True,False,False,False,True,False,mgtbind_compounds.csv,mgtbind
105,N1C(=O)C(N2C(=O)C3C=CC(C4=C(NC(CC(C)(C)C)(C)C)N5C=CC=CC5=N4)=CC=3C2=O)CCC1=O,True,False,False,False,True,False,mgtbind_compounds.csv,mgtbind
106,N1C(=O)C(N2C(=O)C3C=CC(C4=C(NC(CC(C)(C)C)(C)C)N5C(C)=CC=CC5=N4)=CC=3C2=O)CCC1=O,True,False,False,False,True,False,mgtbind_compounds.csv,mgtbind
107,C1C(CNC2C=C3C(N(C(C3=CC=2)=O)C2C(=O)NC(=O)CC2)=O)CCC(C(N2CCC(N3N=C(C4C=CC5OC(N)=NC=5C=4)C4C(N)=NC=NC3=4)CC2)=O)C1,True,False,False,False,True,False,mgtbind_compounds.csv,mgtbind
108,CC(C)(C)OC(C[C@@H]1N=C(C2C=CC(NC(C3C=C(Cl)C(S(=O)O)=CC=3)=O)=CC=2)C2C(C)=C(SC=2N2C1=NN=C2C)C)=O,True,False,False,False,False,False,mgtbind_compounds.csv,mgtbind
109,CC(C)(C)OC(C[C@@H]1N=C(C2C=CC(NC(C3C=C(Cl)C(S(=O)O)=C(Cl)C=3)=O)=CC=2)C2C(C)=C(SC=2N2C1=NN=C2C)C)=O,True,False,False,False,False,False,mgtbind_compounds.csv,mgtbind
110,CC1=C(SC=N1)C2=CC=C(C=C2)CNC(=O)[C@@H]3C[C@H](CN3C(=O)[C@H](C(C)(C)C)NC(=O)CCC4CCN(CC4)C5=NC(=NC(=N5)N(C)CC6=C(N(N=C6C)C)C)N(C)CCC(=O)NC7CC7)O,True,False,False,False,False,False,mgtbind_compounds.csv,mgtbind
111,C#CCN1C(=O)CN(C2N=C(N(CCC(NC3CC3)=O)C)N=C(N3CCC(CCC(N[C@@H](C(C)(C)C)C(N4[C@H](C(NCC5C=CC(C6SC=NC=6C)=CC=5)=O)C[C@@H](O)C4)=O)=O)CC3)N=2)CC1,True,False,False,False,False,False,mgtbind_compounds.csv,mgtbind
112,CC1N=CSC=1C1C=CC(CNC([C@H]2N(C([C@@H](NC(CCC3CCN(C4N=C(N(CC5NC(=O)C=CC=5)C)N=C(N(CCC(NC5CC5)=O)C)N=4)CC3)=O)C(C)(C)C)=O)C[C@H](O)C2)=O)=CC=1,True,False,False,False,False,False,mgtbind_compounds.csv,mgtbind
113,CC1=C(C2=CC=C(C=C2)CNC(=O)[C@@H]3C[C@H](CN3C(=O)[C@H](C(C)(C)C)NC(=O)CCC4CCN(CC4)C5=NC(=NC(=N5)N(C)CCC6=CC=CC(=C6)C#N)N(C)CCC(=O)NC7CC7)O)SC=N1,True,False,False,False,False,False,mgtbind_compounds.csv,mgtbind
114,C#CCOC1=CC(=CC=C1)CNC2=NC(=NC(=N2)N(C)CCC(=O)NC3CC3)N4CCC(CCC(=O)N[C@H](C(=O)N5C[C@@H](CC5C(=O)NCC6=CC=C(C=C6)C7=C(C)N=CS7)O)C(C)(C)C)CC4,True,False,False,False,False,False,mgtbind_compounds.csv,mgtbind
115,C#CCN1CCN(CC1=O)C2=NC(=NC(=N2)N(C)CCC(=O)NC3CC3)N4CCC(CC4)CC(=O)N[C@H](C(=O)N5C[C@@H](CC5C(=O)NCC6=CC=C(C=C6)C7=C(C)N=CS7)O)C(C)(C)C,True,False,False,False,False,False,mgtbind_compounds.csv,mgtbind
116,[H][C@@]12CCCC1(CO)CCN2c8nc(N6CCC(CCC(=O)N[C@H](C(=O)N3C[C@H](O)CC3C(=O)NCc5ccc(c4scnc4C)cc5)C(C)(C)C)CC6)nc(N7CCN(CC(=O)NC)CC7)n8,True,False,False,False,False,False,mgtbind_compounds.csv,mgtbind
117,Cc1ncsc1c8ccc(CNC(=O)C2C[C@@H](O)CN2C(=O)[C@@H](NC(=O)CCC7CCN(c6nc(NC4(/C3=N/CCN3C)CCC4)nc(N(C)CCC(=O)NC5CC5)n6)CC7)C(C)(C)C)cc8,True,False,False,False,False,False,mgtbind_compounds.csv,mgtbind
118,CC#CCN(C)c7nc(N4CCC(CCC(=O)N[C@H](C(=O)N1C[C@H](O)CC1C(=O)NCc3ccc(c2scnc2C)cc3)C(C)(C)C)CC4)nc(N5CC[C@@]6(CO)CCCC56)n7,True,False,False,False,False,False,mgtbind_compounds.csv,mgtbind
119,Cc1ncsc1c8ccc(CNC(=O)C2C[C@@H](O)CN2C(=O)[C@@H](NC(=O)CCC7CCN(c6nc(N(C)CCC(=O)NC3CC3)nc(N4CC[C@@]5(CO)CCCC45)n6)CC7)C(C)(C)C)cc8,True,False,False,False,False,False,mgtbind_compounds.csv,mgtbind
120,C#CCN7CCN(c6nc(NCc4ccc(C(=O)N[C@H](C(=O)N1C[C@H](O)CC1C(=O)NCc3ccc(c2scnc2C)cc3)C(C)(C)C)cc4)nc(N(C)CCC(=O)NC5CC5)n6)CC7=O,True,False,False,False,False,False,mgtbind_compounds.csv,mgtbind
121,Cc1ncsc1c7ccc(CNC(=O)C2C[C@@H](O)CN2C(=O)[C@@H](NC(=O)CN6CCN(c5nc(N(C)CCC(=O)NC3CC3)nc(N(C)Cc4cc(C#N)cs4)n5)CC6)C(C)(C)C)cc7,True,False,False,False,False,False,mgtbind_compounds.csv,mgtbind
122,C#CCN7CCN(c6nc(N(C)CCC(=O)NC1CC1)nc(N5CC[C@@H](CC(=O)N[C@H](C(=O)N2C[C@H](O)CC2C(=O)NCc4ccc(c3scnc3C)cc4)C(C)(C)C)C5)n6)CC7=O,True,False,False,False,False,False,mgtbind_compounds.csv,mgtbind
123,C#CCN6CCN(c5nc(NCCCCCC(=O)N[C@H](C(=O)N1C[C@H](O)CC1C(=O)NCc3ccc(c2scnc2C)cc3)C(C)(C)C)nc(N(C)CCC(=O)NC4CC4)n5)CC6=O,True,False,False,False,False,False,mgtbind_compounds.csv,mgtbind
124,C#CCN6CCN(c5nc(NCCCCC(=O)N[C@H](C(=O)[N@]1C[C@H](O)C[C@H]1C(=O)NCc3ccc(c2scnc2C)cc3)C(C)(C)C)nc(N(C)CCC(=O)NC4CC4)n5)CC6=O,True,False,False,False,False,False,mgtbind_compounds.csv,mgtbind
125,C#CCN6CCN(c5nc(NCCCCCCC(=O)N[C@H](C(=O)[N@]1C[C@H](O)C[C@H]1C(=O)NCc3ccc(c2scnc2C)cc3)C(C)(C)C)nc(N(C)CCC(=O)NC4CC4)n5)CC6=O,True,False,False,False,False,False,mgtbind_compounds.csv,mgtbind
126,C#CCn6cc(CN(C)c5nc(NCCN(C)C(=O)OC)nc(N4CCC(CC(=O)N[C@H](C(=O)N1C[C@H](O)CC1C(=O)NCc3ccc(c2scnc2C)cc3)C(C)(C)C)CC4)n5)cn6,True,False,False,False,False,False,mgtbind_compounds.csv,mgtbind
127,COC(=O)N(C)CCNc7nc(NCCc2ccc1[nH]ncc1c2)nc(N6CCC(CCC(=O)N[C@H](C(=O)[N@]3C[C@H](O)CC3C(=O)NCc5ccc(c4scnc4C)cc5)C(C)(C)C)CC6)n7,True,False,False,False,False,False,mgtbind_compounds.csv,mgtbind
128,COCC6(CNc5nc(NCCN(C)C(=O)OC)nc(N4CCC(CCC(=O)N[C@H](C(=O)[N@]1C[C@H](O)CC1C(=O)NCc3ccc(c2scnc2C)cc3)C(C)(C)C)CC4)n5)CCCCO6,True,False,False,False,False,False,mgtbind_compounds.csv,mgtbind
129,Cc1ncsc1c6ccc(CNC(=O)C2C[C@@H](O)CN2C(=O)[C@@H](NC(=O)COCCOCCNc5nc(N(C)CCC(=O)NC3CC3)nc(N(C)Cc4c(C)nn(C)c4C)n5)C(C)(C)C)cc6,True,False,False,False,False,False,mgtbind_compounds.csv,mgtbind
130,C#CCN6CCN(c5nc(NCCCC(=O)N[C@H](C(=O)[N@]1C[C@H](O)CC1C(=O)NCc3ccc(c2scnc2C)cc3)C(C)(C)C)nc(N(C)CCC(=O)NC4CC4)n5)CC6=O,True,False,False,False,False,False,mgtbind_compounds.csv,mgtbind
131,Cc1ncsc1c8ccc(CNC(=O)[C@@H]2C[C@@H](O)CN2C(=O)[C@@H](NC(=O)CCC7CCN(c6nc(N(C)CCC(=O)NC3CC3)nc(N4CCc5c(C4)nnn5C)n6)CC7)C(C)(C)C)cc8,True,False,False,False,False,False,mgtbind_compounds.csv,mgtbind
132,Cc1ncsc1c7ccc(CNC(=O)[C@@H]2C[C@@H](O)CN2C(=O)[C@@H](NC(=O)CCC6CCN(c5nc(N(C)CCC(=O)NC3CC3)nc(N(C)CCc4nn[nH]n4)n5)CC6)C(C)(C)C)cc7,True,False,False,False,False,False,mgtbind_compounds.csv,mgtbind
133,C1=CC=C2C(=C1)NC(=N2)SCC(=O)NC3=NC=C(C=C3)Cl,True,False,False,False,True,False,mgtbind_compounds.csv,mgtbind
134,O=C(Nc2cccc(c1ccn[nH]1)c2)c3ccc(C(F)(F)F)[nH]c3=O,True,False,False,False,True,False,mgtbind_compounds.csv,mgtbind
135,CN(C)C(=O)C1=CC(=CC=C1)NC(=O)C2=C(C=C(NC2=O)C(F)(F)F)SC3=C(C=CC=C3Cl)Cl,True,False,False,False,True,False,mgtbind_compounds.csv,mgtbind
136,C1C2=C(CN1C(=O)C3=C(C=C(NC3=O)C(F)(F)F)SC4=C(C=CC=C4Cl)Cl)C(=CC=C2)C#N,True,False,False,False,True,False,mgtbind_compounds.csv,mgtbind
137,COC1=C(C=C2CN(CC2=C1)C(=O)C3=C(C=C(NC3=O)C(F)(F)F)SC4=C(C=CC=C4Cl)Cl)OC,True,False,False,False,True,False,mgtbind_compounds.csv,mgtbind
138,C=CS(=O)(=O)Nc4ccc(/C2=N/[C@@H](CC(=O)OC(C)(C)C)c1nnc(C)n1c3sc(C)c(C)c23)cc4,True,False,False,False,False,False,mgtbind_compounds.csv,mgtbind
139,CC1=C(SC2=C1C(=N[C@H](C3=NN=C(N32)C)CC(=O)OC(C)(C)C)C4=CC=C(C=C4)NC(=O)C=C)C,True,False,False,False,False,False,mgtbind_compounds.csv,mgtbind
140,C1=CC(=CC=C1C=O)N2C=CN=C2,True,False,False,False,True,False,mgtbind_compounds.csv,mgtbind
141,O=Cc2ccc(n1ccnc1)c(Cl)c2,True,False,False,False,True,False,mgtbind_compounds.csv,mgtbind
142,C1=CC(=NC=C1C=O)N2C=CN=C2Br,True,False,False,False,True,False,mgtbind_compounds.csv,mgtbind
143,C1=CC(=C(C=C1C=O)Br)N2C=CN=C2,True,False,False,False,True,False,mgtbind_compounds.csv,mgtbind
144,C1=CC(=C(C=C1N2C=CN=C2)Cl)C=O,True,False,False,False,True,False,mgtbind_compounds.csv,mgtbind
145,C1=CC(=C(C=C1N2C=CN=C2)Br)C=O,True,False,False,False,True,False,mgtbind_compounds.csv,mgtbind
146,CC1=CN(C=N1)C2=CC=C(C=C2)C=O,True,False,False,False,True,False,mgtbind_compounds.csv,mgtbind
147,Cc1cncn1c2ccc(C=O)cc2,True,False,False,False,True,False,mgtbind_compounds.csv,mgtbind
148,C1=CC(=CC=C1C=O)N2C=C(N=C2)C(F)(F)F,True,False,False,False,True,False,mgtbind_compounds.csv,mgtbind
149,C1=CC=C2C(=C1)N=CN2C3=CC=C(C=C3)C=O,True,False,False,False,True,False,mgtbind_compounds.csv,mgtbind
150,C1=CC(=CC=C1C=O)N2C=CN=C2C(=O)O,True,False,False,False,True,False,mgtbind_compounds.csv,mgtbind
151,C1=CC=C(C=C1)C2=NC=CN2C3=CC=C(C=C3)C=O,True,False,False,False,True,False,mgtbind_compounds.csv,mgtbind
152,C1=CC=C(C=C1)C2=NC=CN2C3=CC(=C(C=C3)C=O)Cl,True,False,False,False,True,False,mgtbind_compounds.csv,mgtbind
153,C1=CC=C(C=C1)C2=NC=CN2C3=C(C=C(C=C3)C=O)Cl,True,False,False,False,True,False,mgtbind_compounds.csv,mgtbind
154,C1=CC=C(C=C1)C2=NC=CN2C3=C(C=C(C=C3)C=O)Br,True,False,False,False,True,False,mgtbind_compounds.csv,mgtbind
155,C1=CC=C(C=C1)C2=NC=CN2C3=CC(=C(C=C3)C=O)Br,True,False,False,False,True,False,mgtbind_compounds.csv,mgtbind
156,C1=CC=C(C=C1)C2=NC=CN2C3=CC(=C(C=C3)C=O)C(F)(F)F,True,False,False,False,True,False,mgtbind_compounds.csv,mgtbind
157,C1=CC=C(C=C1)C2=NC=CN2C3=C(C=C(C=C3)C=O)C(F)(F)F,True,False,False,False,True,False,mgtbind_compounds.csv,mgtbind
158,COC1=C(C=CC(=C1)N2C=CN=C2C3=CC=CC=C3)C=O,True,False,False,False,True,False,mgtbind_compounds.csv,mgtbind
159,COC1=C(C=CC(=C1)C=O)N2C=CN=C2C3=CC=CC=C3,True,False,False,False,True,False,mgtbind_compounds.csv,mgtbind
160,CC1=C(C=CC(=C1)N2C=CN=C2C3=CC=CC=C3)C=O,True,False,False,False,True,False,mgtbind_compounds.csv,mgtbind
161,C1=CC=C(C=C1)C2=NC=CN2C3=CC(=C(C=C3)C=O)O,True,False,False,False,True,False,mgtbind_compounds.csv,mgtbind
162,C1=CC=C(C=C1)C2=NC=CN2C3=CC=C(C4=CC=CC=C43)C=O,True,False,False,False,True,False,mgtbind_compounds.csv,mgtbind
163,C1=CC=C(C(=C1)C2=NC=CN2C3=CC(=C(C=C3)C=O)Br)Br,True,False,False,False,True,False,mgtbind_compounds.csv,mgtbind
164,C1=CC(=CC=C1C2=NC=CN2C3=CC(=C(C=C3)C=O)Br)O,True,False,False,False,True,False,mgtbind_compounds.csv,mgtbind
165,C1=CC(=CN=C1)C2=NC=CN2C3=CC(=C(C=C3)C=O)Br,True,False,False,False,True,False,mgtbind_compounds.csv,mgtbind
166,C1=CC(=C(C=C1N2C=CN=C2C3=C(C=CC(=C3)Br)F)Br)C=O,True,False,False,False,True,False,mgtbind_compounds.csv,mgtbind
167,C1=CC(=C(C=C1N2C=CN=C2C3=C(C=C(C=C3)F)F)Br)C=O,True,False,False,False,True,False,mgtbind_compounds.csv,mgtbind
168,CC(C)(C(=O)N(C)CCN(C)C1=C2C=C(SC2=CC=C1)C(=N)N)OC3=CC=C(C=C3)Cl,True,False,False,False,True,False,mgtbind_compounds.csv,mgtbind
169,CC(C)(C(=O)NC1=CC=CC(=C1)C2=CSC(=C2)C(=N)N)OC3=CC=C(C=C3)Cl,True,False,False,False,True,False,mgtbind_compounds.csv,mgtbind
170,CC(C)(C(=O)NC1=CC=CC(=C1)C2=CSC(=C2)C(=N)N)NC3=CC=C(C=C3)Cl,True,False,False,False,True,False,mgtbind_compounds.csv,mgtbind
171,CC(C)(C(=O)NC1=CC=CC(=C1)C2=CSC(=C2)C(=N)N)OC3=CC=CC=C3,True,False,False,False,True,False,mgtbind_compounds.csv,mgtbind
172,CC(C)(C(=O)NC1=CC=CC(=C1)C2=CSC(=C2)C(=N)N)NC3=CC=CC=C3,True,False,False,False,True,False,mgtbind_compounds.csv,mgtbind
173,CC(C)(C(=O)NC1=CC=CC(=C1)C2=CSC(=C2)C(=N)N)OC3=CC=C(C=C3)Br,True,False,False,False,True,False,mgtbind_compounds.csv,mgtbind
174,CC(C)(C(=O)NC1=CC=CC(=C1)C2=CSC(=C2)C(=N)N)OC3=CC=C(C=C3)C(F)(F)F,True,False,False,False,True,False,mgtbind_compounds.csv,mgtbind
175,CC(C)(C(=O)NC1=CC=CC(=C1)C2=CSC(=C2)C(=N)N)OC3=CC(=C(C=C3)Cl)Cl,True,False,False,False,True,False,mgtbind_compounds.csv,mgtbind
176,CC(C)(C(=O)NC1=CC=CC(=C1)C2=CSC(=C2)C(=N)N)OC3=CC(=C(C=C3)Cl)F,True,False,False,False,True,False,mgtbind_compounds.csv,mgtbind
177,CC(=O)C1=CC=C(C=C1)OC(C)(C)C(=O)NC2=CC=CC(=C2)C3=CSC(=C3)C(=N)N,True,False,False,False,True,False,mgtbind_compounds.csv,mgtbind
178,CC(C)(C(=O)NC1=CC=CC(=C1)C2=CSC(=C2)C(=N)N)OC3=CC=C(C=C3)OC,True,False,False,False,True,False,mgtbind_compounds.csv,mgtbind
179,C1CC(C1)(C(=O)NC2=CC=CC(=C2)C3=CSC(=C3)C(=N)N)OC4=CC=C(C=C4)Cl,True,False,False,False,True,False,mgtbind_compounds.csv,mgtbind
180,C1CCC(C1)(C(=O)NC2=CC=CC(=C2)C3=CSC(=C3)C(=N)N)OC4=CC=C(C=C4)Cl,True,False,False,False,True,False,mgtbind_compounds.csv,mgtbind
181,C1CCC(CC1)(C(=O)NC2=CC=CC(=C2)C3=CSC(=C3)C(=N)N)OC4=CC=C(C=C4)Cl,True,False,False,False,True,False,mgtbind_compounds.csv,mgtbind
182,C1COCCC1(C(=O)NC2=CC=CC(=C2)C3=CSC(=C3)C(=N)N)OC4=CC=C(C=C4)Cl,True,False,False,False,True,False,mgtbind_compounds.csv,mgtbind
183,C1CNCCC1(C(=O)NC2=CC=CC(=C2)C3=CSC(=C3)C(=N)N)OC4=CC=C(C=C4)Cl,True,False,False,False,True,False,mgtbind_compounds.csv,mgtbind
184,N[CH]1CC[C](CC1)(Oc2ccc(Cl)cc2)C(=O)Nc3cccc(c3)c4csc(c4)C(N)=N,True,False,False,False,True,False,mgtbind_compounds.csv,mgtbind
185,C1CNCCC1(C(=O)NC2=CC=CC(=C2)C3=CSC(=C3)C(=N)N)NC4=CC=C(C=C4)Cl,True,False,False,False,True,False,mgtbind_compounds.csv,mgtbind
186,C1CCC(CC1)(C(=O)NC2=CC=CC(=C2)C3=CSC(=C3)C(=N)N)OC4=CC=CC=C4,True,False,False,False,True,False,mgtbind_compounds.csv,mgtbind
187,C1CC(CCC1(C(=O)NC2=CC=CC(=C2)C3=CSC(=C3)C(=N)N)OC4=CC=CC=C4)(F)F,True,False,False,False,True,False,mgtbind_compounds.csv,mgtbind
188,C1COCCC1(C(=O)NC2=CC=CC(=C2)C3=CSC(=C3)C(=N)N)OC4=CC=CC=C4,True,False,False,False,True,False,mgtbind_compounds.csv,mgtbind
189,C1CC(CCC1(C(=O)NC2=CC=CC(=C2)C3=CSC(=C3)C(=N)N)OC4=CC=C(C=C4)Cl)(F)F,True,False,False,False,True,False,mgtbind_compounds.csv,mgtbind
190,CC[C@H](CO)Nc2nc(NCCCCCN(C)CC)c1ncn(C(C)C)c1n2,True,False,False,False,False,False,mgtbind_compounds.csv,mgtbind
191,CC[C@H](CO)Nc3nc(NCCCCCc1ccccc1)c2ncn(C(C)C)c2n3,True,False,False,False,False,False,mgtbind_compounds.csv,mgtbind
192,CCCCc3ccc(CNc1nc(N[C@H](CC)CO)nc2c1ncn2C(C)C)cc3,True,False,False,False,False,False,mgtbind_compounds.csv,mgtbind
193,CC[C@H](CO)Nc5nc(NCc3ccc(c2ccc(C1/C=C\C=C/C1)cc2)cc3)c4ncn(C(C)C)c4n5,True,False,False,False,False,False,mgtbind_compounds.csv,mgtbind
194,CC[C@H](CO)Nc5nc(NCc3ccc(c2ccc1ccccc1c2)cc3)c4ncn(C(C)C)c4n5,True,False,False,False,False,False,mgtbind_compounds.csv,mgtbind
195,CCCCCCCCNc1nc(N[C@H](CC)CO)nc2c1ncn2C(C)C,True,False,False,False,False,False,mgtbind_compounds.csv,mgtbind
196,CC[C@H](CO)Nc3nc(NCc1ccc(CN(C)C)cc1)c2ncn(C(C)C)c2n3,True,False,False,False,False,False,mgtbind_compounds.csv,mgtbind
197,CC[C@H](CO)Nc4nc(NCc2ccc1ccccc1c2)c3ncn(C(C)C)c3n4,True,False,False,False,False,False,mgtbind_compounds.csv,mgtbind
198,CC[C@H](CO)Nc3nc(NCCCCc1ccccc1)c2ncn(C(C)C)c2n3,True,False,False,False,False,False,mgtbind_compounds.csv,mgtbind
199,CC[C@H](CO)Nc3nc(NCCCCCCc1ccccc1)c2ncn(C(C)C)c2n3,True,False,False,False,False,False,mgtbind_compounds.csv,mgtbind
200,CC[C@H](CO)Nc3nc(NCCCc1ccccc1)c2ncn(C(C)C)c2n3,True,False,False,False,False,False,mgtbind_compounds.csv,mgtbind
201,CC[C@H](CO)Nc3nc(NCC1CCCCC1)c2ncn(C(C)C)c2n3,True,False,False,False,False,False,mgtbind_compounds.csv,mgtbind
202,CCOCCOCCNc1nc(N[C@H](CC)CO)nc2c1ncn2C(C)C,True,False,False,False,False,False,mgtbind_compounds.csv,mgtbind
203,CC[C@H](CO)Nc4nc(NCc2ccc1cc(O)ccc1c2)c3ncn(C(C)C)c3n4,True,False,False,False,False,False,mgtbind_compounds.csv,mgtbind
204,CC[C@H](CO)Nc4nc(NCCCCCc1cccc2ccccc12)c3ncn(C(C)C)c3n4,True,False,False,False,False,False,mgtbind_compounds.csv,mgtbind
205,CC[C@H](CO)Nc4nc(NCc2ccc(c1ccccc1)cc2)c3ncn(C(C)C)c3n4,True,False,False,False,False,False,mgtbind_compounds.csv,mgtbind
206,CC[C@H](CO)Nc4nc(NCc2nc1cc(Cl)c(Cl)cc1[nH]2)c3ncn(C(C)C)c3n4,True,False,False,False,False,False,mgtbind_compounds.csv,mgtbind
207,CC(C)n5cnc4c(NCc2nc1cc(Cl)c(Cl)cc1[nH]2)nc(N3CCOCC3)nc45,True,False,False,False,True,False,mgtbind_compounds.csv,mgtbind
208,CC(C)n5cnc4c(NCc2ccc(c1ccccn1)cc2)nc(N3CCOCC3)nc45,True,False,False,False,True,False,mgtbind_compounds.csv,mgtbind
209,CC[C@H](CO)Nc5nc(NCc2ccc(c1ccccn1)cc2)c4ncn(c3cnn(C)c3)c4n5,True,False,False,False,False,False,mgtbind_compounds.csv,mgtbind
210,Cn6cc(n5cnc4c(NCc2ccc(c1ccccn1)cc2)nc(N3CCOCC3)nc45)cn6,True,False,False,False,True,False,mgtbind_compounds.csv,mgtbind
211,CC[C@H](CO)Nc5nc(NCc2nc1cc(Cl)c(Cl)cc1[nH]2)c4ncn(c3cnn(C)c3)c4n5,True,False,False,False,False,False,mgtbind_compounds.csv,mgtbind
212,CC[C@H](CO)Nc2nc(NC)c1ncn(C(C)C)c1n2,True,False,False,False,False,False,mgtbind_compounds.csv,mgtbind
213,CC[C@H](CO)Nc4nc(NCc2ccc(c1ccccn1)c(F)c2)c3ncn(C(C)C)c3n4,True,False,False,False,False,False,mgtbind_compounds.csv,mgtbind
214,CC[C@H](CO)Nc4nc(NCc2ccc(c1ccc(C)s1)cc2)c3ncn(C(C)C)c3n4,True,False,False,False,False,False,mgtbind_compounds.csv,mgtbind
215,CC[C@H](CO)Nc3nc(NCCCc1ccncc1)c2ncn(C(C)C)c2n3,True,False,False,False,False,False,mgtbind_compounds.csv,mgtbind
216,CC[C@@H](CO)Nc4nc(NCc2ccc(c1ccccn1)cc2)c3ncn(C(C)C)c3n4,True,False,False,False,False,False,mgtbind_compounds.csv,mgtbind
217,CC[C@H](CO)Nc3nc(NCCCc1cccc(F)c1)c2ncn(C(C)C)c2n3,True,False,False,False,False,False,mgtbind_compounds.csv,mgtbind
218,CC[C@H](CO)Nc3nc(NCCCc1cccc(C)c1)c2ncn(C(C)C)c2n3,True,False,False,False,False,False,mgtbind_compounds.csv,mgtbind
219,CC[C@H](CO)Nc3nc(NCCc1ccccc1)c2ncn(C(C)C)c2n3,True,False,False,False,False,False,mgtbind_compounds.csv,mgtbind
220,CC[C@H](CO)Nc3nc(NCCCC1CCCCC1)c2ncn(C(C)C)c2n3,True,False,False,False,False,False,mgtbind_compounds.csv,mgtbind
221,CC[C@H](CO)Nc3nc(NCCCC1CCCC1)c2ncn(C(C)C)c2n3,True,False,False,False,False,False,mgtbind_compounds.csv,mgtbind
222,CC[C@H](CO)Nc3nc(NCCCc1ccco1)c2ncn(C(C)C)c2n3,True,False,False,False,False,False,mgtbind_compounds.csv,mgtbind
223,CC[C@H](CO)Nc3nc(NCCCc1ccnn1C)c2ncn(C(C)C)c2n3,True,False,False,False,False,False,mgtbind_compounds.csv,mgtbind
224,CCCCN(CCCC)CCCNc1nc(N[C@H](CC)CO)nc2c1ncn2C(C)C,True,False,False,False,False,False,mgtbind_compounds.csv,mgtbind
225,CC[C@H](CO)Nc3nc(NCCC1CC1)c2ncn(C(C)C)c2n3,True,False,False,False,False,False,mgtbind_compounds.csv,mgtbind
226,CC[C@H](CO)Nc3nc(NCCC1CCCCCCC1)c2ncn(C(C)C)c2n3,True,False,False,False,False,False,mgtbind_compounds.csv,mgtbind
227,CC[C@H](CO)Nc3nc(NCCOCc1ccccc1)c2ncn(C(C)C)c2n3,True,False,False,False,False,False,mgtbind_compounds.csv,mgtbind
228,CC[C@H](CO)Nc4nc(NCc2ccn(c1cccc(Cl)c1)n2)c3ncn(C(C)C)c3n4,True,False,False,False,False,False,mgtbind_compounds.csv,mgtbind
229,CC[C@H](CO)Nc4nc(NCc2ccc(c1ccncc1)cc2)c3ncn(C(C)C)c3n4,True,False,False,False,False,False,mgtbind_compounds.csv,mgtbind
230,CC[C@H](CO)Nc4nc(NCc2ccc(c1cccnc1)cc2)c3ncn(C(C)C)c3n4,True,False,False,False,False,False,mgtbind_compounds.csv,mgtbind
231,CC[C@H](CO)Nc4nc(NCCCCn2c(=O)oc1ccccc12)c3ncn(C(C)C)c3n4,True,False,False,False,False,False,mgtbind_compounds.csv,mgtbind
232,CC(C)[C@H](Nc4nc(NCc2ccc(c1ccccn1)cc2)c3ncn(C(C)C)c3n4)C(=O)N[C@@H](CCCNC(N)=O)C(=O)Nc5ccc(CO)cc5,True,False,False,False,False,False,mgtbind_compounds.csv,mgtbind
233,CC(C)n5cnc4c(NCc2ccc(c1ccccn1)cc2)nc(NCc3c(Cl)cncc3Cl)nc45,True,False,False,False,True,False,mgtbind_compounds.csv,mgtbind
234,COc1ccccc1CCNC(=O)CNc5nc(NCc3ccc(c2ccccn2)cc3)c4ncn(C(C)C)c4n5,True,False,False,False,True,False,mgtbind_compounds.csv,mgtbind
235,CC(C)Nc4nc(NCCCCCC(=O)N[C@H]1O[C@H](CO)[C@@H](O)[C@H](O)[C@H]1O)nc(NCc3ccc(c2ccccn2)cc3)c4N,True,False,False,False,False,False,mgtbind_compounds.csv,mgtbind
236,CC(C)n5cnc4c(NCc2ccc(c1ccccn1)cc2)nc(NCCc3cn[nH]c3)nc45,True,False,False,False,True,False,mgtbind_compounds.csv,mgtbind
237,CC[C@H](CO)Nc4nc(NCc2ccc(c1ccncc1)nc2)c3ncn(C(C)C)c3n4,True,False,False,False,False,False,mgtbind_compounds.csv,mgtbind
238,Cn6cc(n5cnc4c(NCc2nc1cc(O)ccc1[nH]2)nc(N3CCOCC3)nc45)cn6,True,False,False,False,True,False,mgtbind_compounds.csv,mgtbind
239,Cn6cc(n5cnc4c(NCc2cc1ccccc1[nH]2)nc(N3CCOCC3)nc45)cn6,True,False,False,False,True,False,mgtbind_compounds.csv,mgtbind
240,Cn6cc(n5cnc4c(NCc2nc1cc(Cl)c(Cl)cc1[nH]2)nc(NCCc3cn[nH]c3)nc45)cn6,True,False,False,False,True,False,mgtbind_compounds.csv,mgtbind
241,CC(C)n7cnc6c(NCc2ccc(c1ccccn1)cc2)nc(N(Cc4ccc(OCc3ccccc3)cc4)Cc5nnc[nH]5)nc67,True,False,False,False,True,False,mgtbind_compounds.csv,mgtbind
242,Cc5nn(C)c(CNc4nc(NCc2ccc(c1ccccn1)cc2)c3ncn(C(C)C)c3n4)c5S(N)(=O)=O,True,False,False,False,True,False,mgtbind_compounds.csv,mgtbind
243,CC[C@H](CO)Nc3nc(NCc1ccc(OCCO)cc1)c2ncn(C(C)C)c2n3,True,False,False,False,False,False,mgtbind_compounds.csv,mgtbind
244,Cn5cc(n4cnc3c(NCc1ccc(OCCO)cc1)nc(N2CCOCC2)nc34)cn5,True,False,False,False,True,False,mgtbind_compounds.csv,mgtbind
245,CC[C@H](CO)NC3N=c4c(=C(NCc2nc1ccc(F)c(F)c1[nH]2)N3)ncn4C(C)C,True,False,False,False,False,False,mgtbind_compounds.csv,mgtbind
246,CC[C@H](CO)Nc3nc(NCCCc1ccc(Cl)c(Cl)c1)c2ncn(C(C)C)c2n3,True,False,False,False,False,False,mgtbind_compounds.csv,mgtbind
247,CC[C@H](CO)Nc3nc(NCCCc1ccc(C)c(C)c1)c2ncn(C(C)C)c2n3,True,False,False,False,False,False,mgtbind_compounds.csv,mgtbind
248,CCc3cccc(CCCNc1nc(N[C@H](CC)CO)nc2c1ncn2C(C)C)c3,True,False,False,False,False,False,mgtbind_compounds.csv,mgtbind
249,CC[C@H](CO)Nc3nc(NCCCc1cccc(O)c1)c2ncn(C(C)C)c2n3,True,False,False,False,False,False,mgtbind_compounds.csv,mgtbind
250,CC[C@H](CO)Nc3nc(NCCCc1cccc(C)n1)c2ncn(C(C)C)c2n3,True,False,False,False,False,False,mgtbind_compounds.csv,mgtbind
251,CCn5cnc4c(NCc2ccc(c1ccccn1)cc2)nc(N3CCCC[C@H]3CCO)nc45,True,False,False,False,False,False,mgtbind_compounds.csv,mgtbind
252,CN5CCN(c4nc(NCc2nc1c(F)c(F)ccc1[nH]2)n3ncc(Br)c3n4)CC5,True,False,False,False,True,False,mgtbind_compounds.csv,mgtbind
253,Fc5ccc4[nH]c(CNc2nc(N1CCOCC1)nc3c(Br)cnn23)nc4c5F,True,False,False,False,True,False,mgtbind_compounds.csv,mgtbind
254,Cc5cc4nc(CNc2nc(N1CCN(C)CC1)nc3c(Br)cnn23)[nH]c4cc5C,True,False,False,False,True,False,mgtbind_compounds.csv,mgtbind
255,Cn6cc(c4cnn5c(NCc2nc1cc(Cl)c(Cl)cc1[nH]2)nc(N3CCOCC3)nc45)cn6,True,False,False,False,True,False,mgtbind_compounds.csv,mgtbind
256,CC[C@H](CO)Nc4nc(NCc2ccc(c1ccccn1)c(=O)[nH]2)c3ncn(C(C)C)c3n4,True,False,False,False,False,False,mgtbind_compounds.csv,mgtbind
257,CC[C@H](CO)Nc5nc(NCc2cnc(c1ccccn1)cc2C3OCCO3)c4ncn(C(C)C)c4n5,True,False,False,False,False,False,mgtbind_compounds.csv,mgtbind
258,CC[C@H](CO)Nc3nc(NCc1ccccc1)c2ncn(C(C)C)c2n3,True,False,False,False,False,False,mgtbind_compounds.csv,mgtbind
259,CC[C@H](CO)Nc4nc(Nc2ccc(c1ccccn1)cc2)c3ncn(C(C)C)c3n4,True,False,False,False,False,False,mgtbind_compounds.csv,mgtbind
260,CN4CCC(c2c(O)cc(O)c3c(=O)cc(c1ccccc1Cl)oc23)C(O)C4,True,False,False,False,True,False,mgtbind_compounds.csv,mgtbind
261,CC(C)c3nn(c1c(Cl)cccc1Cl)c4nc(Cc2ccc(OCCO)cc2)[nH]c(=O)c34,True,False,False,False,True,False,mgtbind_compounds.csv,mgtbind
262,Cn6cc(n5cnc4c(NCc2nc1cc(Cl)c(Cl)cc1[nH]2)nc(N3CCOCC3)nc45)cn6,True,False,False,False,True,False,mgtbind_compounds.csv,mgtbind
263,C[C@H](C(=O)Nc2nc1ccccc1[nH]2)N4Cc3ccccc3C4=O,True,False,False,False,False,False,mgtbind_compounds.csv,mgtbind
264,O=C(CSc3nnc2c1ccccc1[nH]c2n3)Nc4ccc(Cl)cn4,True,False,False,False,True,False,mgtbind_compounds.csv,mgtbind
265,Cc3ccc(C(=O)N1CSCC1C(=O)Nc2ncc(C)s2)o3,True,False,False,False,True,False,mgtbind_compounds.csv,mgtbind
266,Cc3cccc(Nc2nc(CC(=O)Nc1ncc(C)s1)cs2)n3,True,False,False,False,True,False,mgtbind_compounds.csv,mgtbind
267,O=C(CCn2cnc1ccccc1c2=O)Nc3ccc(Br)cn3,True,False,False,False,True,False,mgtbind_compounds.csv,mgtbind
268,COc1ccc(C)cc1N4CC(C(=O)Nc3nc2ccccc2[nH]3)CC4=O,True,False,False,False,True,False,mgtbind_compounds.csv,mgtbind
269,COc4cc3nc(CN2CCc1sccc1C2)[nH]c(=O)c3cc4OC,True,False,False,False,True,False,mgtbind_compounds.csv,mgtbind
270,CC(C)(C)c3cnc(CSc2cnc(NC(=O)C1CCNCC1)s2)o3,True,False,False,False,True,False,mgtbind_compounds.csv,mgtbind
271,CCc3cnn4c(NCc1cccn(=O)c1)cc(N2CCCC[C@H]2CCO)nc34,True,False,False,False,False,False,mgtbind_compounds.csv,mgtbind
272,CO[C@@H](C(=O)N4Cc3[nH]nc(NC(=O)c2ccc(N1CCN(C)CC1)cc2)c3C4)c5ccccc5,True,False,False,False,False,False,mgtbind_compounds.csv,mgtbind
273,C[C@H]4CC[C@H](Nc3cc(c2cccc(NCC1(C#N)CCOCC1)n2)c(Cl)cn3)CC4,True,False,False,False,False,False,mgtbind_compounds.csv,mgtbind
274,CN(C)C/C=C/C(=O)Nc5ccc(C(=O)N4CCC[C@@H](Nc3ncc(Cl)c(c1c[nH]c2ccccc12)n3)C4)cc5,True,False,False,False,False,False,mgtbind_compounds.csv,mgtbind
275,CCc5ccc4nc(Nc3cc(Cc1ccccc1)nc(N[C@H]2CC[C@H](O)CC2)n3)sc4c5,True,False,False,False,False,False,mgtbind_compounds.csv,mgtbind
276,CC(C)(C)c6cnc(CSc5cnc(NC(=O)C4CCN(CC(=O)NCCOCCOCCOCCNc2cccc3c(=O)n(C1CCC(=O)NC1=O)c(=O)c23)CC4)s5)o6,True,False,False,False,True,False,mgtbind_compounds.csv,mgtbind
277,Cn1cc(cn1)n2cnc3c(NCc4[nH]c5ccccc5n4)nc(nc23)N6CCOCC6,True,False,False,False,True,False,mgtbind_compounds.csv,mgtbind
278,O=C(COC)N(CC1)CCC1(C(NC(C)C)=O)CC2=CC=C(C3=CC(C)=CC=C3)C=C2,True,False,False,False,True,False,mgtbind_compounds.csv,mgtbind
279,OC(C1(CCN(C(OC(C)(C)C)=O)CC1)CC2=CC=C(C3=CC(Cl)=CC(Cl)=C3)C=C2)=O,True,False,False,False,True,False,mgtbind_compounds.csv,mgtbind
280,O=C(COC)N(CC1)CCC1(C(NC(C)C)=O)CC2=CC=C(C3=CC(Cl)=CC(Cl)=C3)C=C2,True,False,False,False,True,False,mgtbind_compounds.csv,mgtbind
281,O=C(COC)N(CC1)CCC1(NC(C)=O)CC2=CC=C(C3=CC(Cl)=CC(Cl)=C3)C=C2,True,False,False,False,True,False,mgtbind_compounds.csv,mgtbind
282,O=C(COC)N(CC1)CCC1(NC(CC)=O)CC2=CC=C(C3=CC(Cl)=CC(Cl)=C3)C=C2,True,False,False,False,True,False,mgtbind_compounds.csv,mgtbind
283,O=C(COC)N(CC1)CCC1(C2=NN=C(C)O2)CC3=CC=C(C4=CC(Cl)=CC(Cl)=C4)C=C3,True,False,False,False,True,False,mgtbind_compounds.csv,mgtbind
284,O=C(COC1=CC=CC=C1)N(CC2)CCC2(C3=NN=C(C)O3)CC4=CC=C(C5=CC(Cl)=CC(Cl)=C5)C=C4,True,False,False,False,True,False,mgtbind_compounds.csv,mgtbind
285,O=C(COC)N(CC1)CCC1(C(OCC)=O)CC2=CC=C(C3=CC(Cl)=CC(Cl)=C3)C=C2,True,False,False,False,True,False,mgtbind_compounds.csv,mgtbind
286,OC1(CCN(C(COC)=O)CC1)C2=CC=C(C3=CC(Cl)=CC(Cl)=C3)C=C2,True,False,False,False,True,False,mgtbind_compounds.csv,mgtbind
287,O=C(OCC)C1(CCN(CCCCC)CC1)CC2=CC=C(C3=CC(Cl)=CC(Cl)=C3)C=C2,True,False,False,False,True,False,mgtbind_compounds.csv,mgtbind
288,O=C(CCC)N(CC1)CCC1(C(NCC)=O)CC2=CC=C(C3=CC(Cl)=CC(Cl)=C3)C=C2,True,False,False,False,True,False,mgtbind_compounds.csv,mgtbind
289,O=C(CCOC)N(CC1)CCC1(C(NCC)=O)CC2=CC=C(C3=CC(Cl)=CC(Cl)=C3)C=C2,True,False,False,False,True,False,mgtbind_compounds.csv,mgtbind
290,O=C(OCC(C)C)N(CC1)CCC1(C(NCC)=O)CC2=CC=C(C3=CC(Cl)=CC(Cl)=C3)C=C2,True,False,False,False,True,False,mgtbind_compounds.csv,mgtbind
291,O=C([C@H]1CCCO1)N(CC2)CCC2(C(NCC)=O)CC3=CC=C(C4=CC(Cl)=CC(Cl)=C4)C=C3,True,False,False,False,False,False,mgtbind_compounds.csv,mgtbind
292,O=C([C@@H]1CCCO1)N(CC2)CCC2(C(NCC)=O)CC3=CC=C(C4=CC(Cl)=CC(Cl)=C4)C=C3,True,False,False,False,False,False,mgtbind_compounds.csv,mgtbind
293,O=C(C1=CC=CC=C1)N(CC2)CCC2(C(NCC)=O)CC3=CC=C(C4=CC(Cl)=CC(Cl)=C4)C=C3,True,False,False,False,True,False,mgtbind_compounds.csv,mgtbind
294,CCS(N(CC1)CCC1(C(NCC)=O)CC2=CC=C(C3=CC(Cl)=CC(Cl)=C3)C=C2)(=O)=O,True,False,False,False,True,False,mgtbind_compounds.csv,mgtbind
295,NC(C1(CCN(C(COC)=O)CC1)CC2=CC=C(C3=CC(Cl)=CC(Cl)=C3)C=C2)=O,True,False,False,False,True,False,mgtbind_compounds.csv,mgtbind
296,O=C(COC)N(CC1)CCC1(C(NC)=O)CC2=CC=C(C3=CC(Cl)=CC(Cl)=C3)C=C2,True,False,False,False,True,False,mgtbind_compounds.csv,mgtbind
297,O=C(COC)N(CC1)CCC1(C(NCCC)=O)CC2=CC=C(C3=CC(Cl)=CC(Cl)=C3)C=C2,True,False,False,False,True,False,mgtbind_compounds.csv,mgtbind
298,O=C(COC)N(CC1)CCC1(C(NCCF)=O)CC2=CC=C(C3=CC(Cl)=CC(Cl)=C3)C=C2,True,False,False,False,True,False,mgtbind_compounds.csv,mgtbind
299,O=C(COC)N(CC1)CCC1(C(NCCC(F)(F)F)=O)CC2=CC=C(C3=CC(Cl)=CC(Cl)=C3)C=C2,True,False,False,False,True,False,mgtbind_compounds.csv,mgtbind
300,O=C(COC)N(CC1)CCC1(C(NCC2CC2)=O)CC3=CC=C(C4=CC(Cl)=CC(Cl)=C4)C=C3,True,False,False,False,True,False,mgtbind_compounds.csv,mgtbind
301,O=C(COC)N(CC1)CCC1(C(NCCO)=O)CC2=CC=C(C3=CC(Cl)=CC(Cl)=C3)C=C2,True,False,False,False,True,False,mgtbind_compounds.csv,mgtbind
302,O=C(COC)N(CC1)CCC1(C(NCCOC)=O)CC2=CC=C(C3=CC(Cl)=CC(Cl)=C3)C=C2,True,False,False,False,True,False,mgtbind_compounds.csv,mgtbind
303,O=C(COC)N(CC1)CCC1(C(NCCCCC)=O)CC2=CC=C(C3=CC(Cl)=CC(Cl)=C3)C=C2,True,False,False,False,True,False,mgtbind_compounds.csv,mgtbind
304,O=C(COC)N(CC1)CCC1(C(NC2CC2)=O)CC3=CC=C(C4=CC(Cl)=CC(Cl)=C4)C=C3,True,False,False,False,True,False,mgtbind_compounds.csv,mgtbind
305,O=C(COC)N(CC1)CCC1(C(NC2COC2)=O)CC3=CC=C(C4=CC(Cl)=CC(Cl)=C4)C=C3,True,False,False,False,True,False,mgtbind_compounds.csv,mgtbind
306,O=C(COC)N(CC1)CCC1(C(NC2CCCC2)=O)CC3=CC=C(C4=CC(Cl)=CC(Cl)=C4)C=C3,True,False,False,False,True,False,mgtbind_compounds.csv,mgtbind
307,O=C(COC)N(CC1)CCC1(C(N[C@@H]2COCC2)=O)CC3=CC=C(C4=CC(Cl)=CC(Cl)=C4)C=C3,True,False,False,False,False,False,mgtbind_compounds.csv,mgtbind
308,O=C(COC)N(CC1)CCC1(C(N[C@H]2COCC2)=O)CC3=CC=C(C4=CC(Cl)=CC(Cl)=C4)C=C3,True,False,False,False,False,False,mgtbind_compounds.csv,mgtbind
309,O=C(COC)N(CC1)CCC1(C(NC2CCCCC2)=O)CC3=CC=C(C4=CC(Cl)=CC(Cl)=C4)C=C3,True,False,False,False,True,False,mgtbind_compounds.csv,mgtbind
310,O=C(COC)N(CC1)CCC1(C(NC2CCOCC2)=O)CC3=CC=C(C4=CC(Cl)=CC(Cl)=C4)C=C3,True,False,False,False,True,False,mgtbind_compounds.csv,mgtbind
311,O=C(COC)N(CC1)CCC1(C(NC(C)(C)C)=O)CC2=CC=C(C3=CC(Cl)=CC(Cl)=C3)C=C2,True,False,False,False,True,False,mgtbind_compounds.csv,mgtbind
312,O=C(COC)N(CC1)CCC1(C(NC[C@@H](C)O)=O)CC2=CC=C(C3=CC(Cl)=CC(Cl)=C3)C=C2,True,False,False,False,False,False,mgtbind_compounds.csv,mgtbind
313,O=C(COC)N(CC1)CCC1(C(NC[C@H](CO)O)=O)CC2=CC=C(C3=CC(Cl)=CC(Cl)=C3)C=C2,True,False,False,False,False,False,mgtbind_compounds.csv,mgtbind
314,O=C(COC)N(CC1)CCC1(C(NCC2=CC=CC=C2)=O)CC3=CC=C(C4=CC(Cl)=CC(Cl)=C4)C=C3,True,False,False,False,True,False,mgtbind_compounds.csv,mgtbind
315,O=C(COC)N(CC1)CCC1(C(NC2=CC=CC=C2)=O)CC3=CC=C(C4=CC(Cl)=CC(Cl)=C4)C=C3,True,False,False,False,True,False,mgtbind_compounds.csv,mgtbind
316,O=C(COC)N(CC1)CCC1(C(N(C)C)=O)CC2=CC=C(C3=CC(Cl)=CC(Cl)=C3)C=C2,True,False,False,False,True,False,mgtbind_compounds.csv,mgtbind
317,O=C(COC)N(CC1)CCC1(C(N(CC)CC)=O)CC2=CC=C(C3=CC(Cl)=CC(Cl)=C3)C=C2,True,False,False,False,True,False,mgtbind_compounds.csv,mgtbind
318,O=C(COC)N(CC1)CCC1(C(N2CCC2)=O)CC3=CC=C(C4=CC(Cl)=CC(Cl)=C4)C=C3,True,False,False,False,True,False,mgtbind_compounds.csv,mgtbind
319,O=C(COC)N(CC1)CCC1(C(N2CCCC2)=O)CC3=CC=C(C4=CC(Cl)=CC(Cl)=C4)C=C3,True,False,False,False,True,False,mgtbind_compounds.csv,mgtbind
320,O=C(COC)N(CC1)CCC1(C(N2C[C@H](F)CC2)=O)CC3=CC=C(C4=CC(Cl)=CC(Cl)=C4)C=C3,True,False,False,False,False,False,mgtbind_compounds.csv,mgtbind
321,O=C(COC)N(CC1)CCC1(C(N2C[C@@H](F)CC2)=O)CC3=CC=C(C4=CC(Cl)=CC(Cl)=C4)C=C3,True,False,False,False,False,False,mgtbind_compounds.csv,mgtbind
322,O=C(COC)N(CC1)CCC1(C(N2C[C@H](CO)CC2)=O)CC3=CC=C(C4=CC(Cl)=CC(Cl)=C4)C=C3,True,False,False,False,False,False,mgtbind_compounds.csv,mgtbind
323,O=C(COC)N(CC1)CCC1(C(N2C[C@@H](CO)CC2)=O)CC3=CC=C(C4=CC(Cl)=CC(Cl)=C4)C=C3,True,False,False,False,False,False,mgtbind_compounds.csv,mgtbind
324,O=C(COC)N(CC1)CCC1(C(N2CCOCC2)=O)CC3=CC=C(C4=CC(Cl)=CC(Cl)=C4)C=C3,True,False,False,False,True,False,mgtbind_compounds.csv,mgtbind
325,O=C(COC)N(CC1)CCC1(C(N2CCCCC2)=O)CC3=CC=C(C4=CC(Cl)=CC(Cl)=C4)C=C3,True,False,False,False,True,False,mgtbind_compounds.csv,mgtbind
326,O=C(CSC)N(CC1)CCC1(C(OCC)=O)CC2=CC=C(C3=CC(Cl)=CC(Cl)=C3)C=C2,True,False,False,False,True,False,mgtbind_compounds.csv,mgtbind
327,O=C(COC(C)C)N(CC1)CCC1(C(OCC)=O)CC2=CC=C(C3=CC(Cl)=CC(Cl)=C3)C=C2,True,False,False,False,True,False,mgtbind_compounds.csv,mgtbind
328,O=C(CN(C(OC(C)(C)C)=O)C)N(CC1)CCC1(C(OCC)=O)CC2=CC=C(C3=CC(Cl)=CC(Cl)=C3)C=C2,True,False,False,False,True,False,mgtbind_compounds.csv,mgtbind
329,O=C(CNC)N(CC1)CCC1(C(OCC)=O)CC2=CC=C(C3=CC(Cl)=CC(Cl)=C3)C=C2,True,False,False,False,True,False,mgtbind_compounds.csv,mgtbind
330,O=C(CN(C)C)N(CC1)CCC1(C(OCC)=O)CC2=CC=C(C3=CC(Cl)=CC(Cl)=C3)C=C2,True,False,False,False,True,False,mgtbind_compounds.csv,mgtbind
331,O=C(OC)N(CC1)CCC1(C(OCC)=O)CC2=CC=C(C3=CC(Cl)=CC(Cl)=C3)C=C2,True,False,False,False,True,False,mgtbind_compounds.csv,mgtbind
332,O=C(C1=CC=NO1)N(CC2)CCC2(C(OCC)=O)CC3=CC=C(C4=CC(Cl)=CC(Cl)=C4)C=C3,True,False,False,False,True,False,mgtbind_compounds.csv,mgtbind
333,O=C(N1CCC(C(O)=O)(CC2=CC=C(C=C2)C3=CC(Cl)=CC(Cl)=C3)CC1)COC,True,False,False,False,True,False,mgtbind_compounds.csv,mgtbind
334,C[C@@H](C1=CC2=C(C=C1)SC3=CC=CC=C3N2CCCN(C)C)O,True,False,False,False,False,False,mgtbind_compounds.csv,mgtbind
335,CSc1cc(F)ccc1c3ccc(C(=O)N(C)CC2CCCCC2)c(S(C)(=O)=O)c3,True,False,False,False,True,False,mgtbind_compounds.csv,mgtbind
336,CSc1ccccc1c3ccc(C(=O)N(C)CC2(F)CCCCC2)c(S(C)(=O)=O)c3,True,False,False,False,True,False,mgtbind_compounds.csv,mgtbind
337,CSc1ccccc1c3ccc(C(=O)N(C)CC2CCCCC2)c(S(C)(=O)=O)c3,True,False,False,False,True,False,mgtbind_compounds.csv,mgtbind
338,CSc1ccccc1c3ccc(C(=O)N(C)CC2CCOCC2)c(S(C)(=O)=O)c3,True,False,False,False,True,False,mgtbind_compounds.csv,mgtbind
339,CSc1ccccc1c3ccc(C(=O)N(C)Cc2cc[nH]c2)c(S(C)(=O)=O)c3,True,False,False,False,True,False,mgtbind_compounds.csv,mgtbind
340,CSc1ccccc1c3ccc(C(=O)N(C)Cc2ccon2)c(S(C)(=O)=O)c3,True,False,False,False,True,False,mgtbind_compounds.csv,mgtbind
341,CCc1ccccc1CN(C)C(=O)c3ccc(c2ccccc2SC)cc3S(C)(=O)=O,True,False,False,False,True,False,mgtbind_compounds.csv,mgtbind
342,CSc1ccccc1c3ccc(C(=O)N(C)CC2CCOC2)c(S(C)(=O)=O)c3,True,False,False,False,True,False,mgtbind_compounds.csv,mgtbind
343,CSc1ccccc1c3ccc(C(=O)N(C)Cc2cc[nH]c(=O)c2)c(S(C)(=O)=O)c3,True,False,False,False,True,False,mgtbind_compounds.csv,mgtbind
344,CSc1ccccc1c3ccc(C(=O)N(C)CC2CCCCC2(F)F)c(S(C)(=O)=O)c3,True,False,False,False,True,False,mgtbind_compounds.csv,mgtbind
345,CN(CC1CCCCC1)C(=O)c3ccc(c2ccccc2F)cc3S(C)(=O)=O,True,False,False,False,True,False,mgtbind_compounds.csv,mgtbind
346,Cc1ccccc1c3ccc(C(=O)N(C)CC2CCCCC2)c(S(C)(=O)=O)c3,True,False,False,False,True,False,mgtbind_compounds.csv,mgtbind
347,COc1cnccc1c3ccc(C(=O)N(C)CC2CCCCC2)c(S(C)(=O)=O)c3,True,False,False,False,True,False,mgtbind_compounds.csv,mgtbind
348,C[C@@H]1C[C@@H]([C@@H]2[C@H](C[C@H]([C@@](O2)(C(=O)C(=O)N3CCCC[C@H]3C(=O)O[C@@H]([C@@H]([C@H](CC(=O)[C@@H](/C=C(/C1)\C)CCOC(=O)NCC4=CC=CC=C4)O)C)/C(=C/[C@@H]5CC[C@H]([C@@H](C5)OC)O)/C)O)C)OC)OC,True,False,False,False,False,False,mgtbind_compounds.csv,mgtbind
349,CC(C)(C)OC(=O)N[C@H]1CCCCC/C=C\[C@@H]2C[C@]2(NC(=O)[C@@H]3C[C@H](CN3C1=O)OC(=O)N4C=C5C=CC=C(C5=C4)F)C(=O)NS(=O)(=O)C6CC6,True,False,False,False,False,False,mgtbind_compounds.csv,mgtbind
350,CC(=CCC/C(=C/CC/C(=C/COP(=O)(O)OP(=O)(O)O)/C)/C)C,True,False,False,False,False,False,mgtbind_compounds.csv,mgtbind
351,CN1C=NC2=C1C(=O)N(C(=O)N2C)C,True,False,False,False,True,False,mgtbind_compounds.csv,mgtbind
352,CCNC(=O)C[C@@H]3/N=C(c1ccc(Cl)cc1)\c2cc(OC)ccc2n4c(C)nnc34,True,False,False,False,False,False,mgtbind_compounds.csv,mgtbind
353,C[C@@H]1C(=O)N(C)CCN1CCOc5ccc(C4CCN(c3ccc2nnc(C(F)(F)F)n2n3)CC4)cc5,True,False,False,False,False,False,mgtbind_compounds.csv,mgtbind
354,C[C@@H]1C(=O)N(C)CCN1CCOc5ccc(C4CCN(c3ccc2nncn2n3)CC4)cc5,True,False,False,False,False,False,mgtbind_compounds.csv,mgtbind
355,CN5CCN(CCOc4ccc(C3CCN(c2ccc1nnc(C(F)(F)F)n1n2)CC3)cc4)C(=O)C5,True,False,False,False,True,False,mgtbind_compounds.csv,mgtbind
356,COc5nnc6ccc(NCCOc4ccc(C3CCN(c2ccc1nnc(OC)n1n2)CC3)cc4)nn56,True,False,False,False,True,False,mgtbind_compounds.csv,mgtbind
357,C[C@H]1C(=O)N(C)CCN1CCOc5ccc(C4CCN(c3ccc2nn(C)c(=O)n2n3)CC4)cc5,True,False,False,False,False,False,mgtbind_compounds.csv,mgtbind
358,CC1=CNC2=C1C=CC=C2NS(=O)(=O)C3=CC=C(C=C3)S(=O)(=O)N,True,False,False,False,True,False,mgtbind_compounds.csv,mgtbind
359,C1=CC2=C(C(=C1)NS(=O)(=O)C3=CC=C(C=C3)S(=O)(=O)N)NC=C2C#N,True,False,False,False,True,False,mgtbind_compounds.csv,mgtbind
360,C1=CC2=C(C(=C1)NS(=O)(=O)C3=CC=C(C=C3)S(=O)(=O)N)NC=C2,True,False,False,False,True,False,mgtbind_compounds.csv,mgtbind
361,CC1=CNC2=C1C=CC=C2NS(=O)(=O)C3=CC=C(C=C3)S(=O)(=O)N(C)C,True,False,False,False,True,False,mgtbind_compounds.csv,mgtbind
362,C1=CC=C(C=C1)S(=O)(=O)NC2=CC=CC3=C2NC=C3Cl,True,False,False,False,True,False,mgtbind_compounds.csv,mgtbind
363,CC1=C2C(=CNC2=C(C=C1)NS(=O)(=O)C3=CC=C(C=C3)N)C#N,True,False,False,False,True,False,mgtbind_compounds.csv,mgtbind
364,COc3cc(OCc2cccc(c1ccccc1)c2C)cc(OC)c3CNCCNC(C)=O,True,False,False,False,True,False,mgtbind_compounds.csv,mgtbind
365,COc3cc(OCc2cccc(c1ccccc1)c2C)cc(OC)c3CNC(CO)C(C)C,True,False,False,False,True,False,mgtbind_compounds.csv,mgtbind
366,CCOC(=O)Cc2c(C)c1ccc(N(CC)CC)cc1oc2=O,True,False,False,False,True,False,mgtbind_compounds.csv,mgtbind
367,Cc2cc(=O)oc3cc(OC(C)c1ccccc1)ccc23,True,False,False,False,True,False,mgtbind_compounds.csv,mgtbind
368,CC(Oc1ccc(/C=C(C#N)/C(N)=O)cc1)c2ccccc2,True,False,False,False,False,False,mgtbind_compounds.csv,mgtbind
369,Cc2cc(O)nc(N/N=C/C=C/c1ccccc1[N+](=O)O)n2,True,False,False,False,False,False,mgtbind_compounds.csv,mgtbind
370,CC(/C=N/Nc1ccc(S(N)(=O)=O)cc1[N+](=O)O)c2ccccc2,True,False,False,False,False,False,mgtbind_compounds.csv,mgtbind
371,CC1CCCCC13NC(=O)N(CC(=O)Nc2ccc(C(F)(F)F)cc2)C3=O,True,False,False,False,True,False,mgtbind_compounds.csv,mgtbind
372,CC(C)CC2NC(=O)N(CC(=O)Nc1ccc(C(F)(F)F)cc1)C2=O,True,False,False,False,True,False,mgtbind_compounds.csv,mgtbind
373,CCNC(=O)N7CCN(c6nc(NC3CCN(C(=O)[C@@H](CCc1ccc(OC)cc1)NC(=O)C2CCCCN2C(=O)C(=O)C(C)(C)CC)CC3)nc(N(Cc4cnn(C)c4)C5CC5)n6)CC7,True,False,False,False,False,False,mgtbind_compounds.csv,mgtbind
374,CCNC(=O)N6CCN(c5nc(NC3CCN(C(=O)[C@@H](CCc1ccc(OC)cc1)NC(=O)C2CCCCN2C(=O)C(=O)C(C)(C)CC)CC3)nc(NC4CN(S(C)(=O)=O)C4)n5)CC6,True,False,False,False,False,False,mgtbind_compounds.csv,mgtbind
375,CCC(C)(C)C(=O)C(=O)N1CCCCC1C(=O)N[C@H](CCc2ccc(OC)cc2)C(=O)N3[C@@H]8CC[C@H]3C[C@@H](Nc7nc(NCc4nc(C(N)=O)cs4)nc(N5CCC[C@H]5Cn6ccnn6)n7)C8,True,False,False,False,False,False,mgtbind_compounds.csv,mgtbind
376,CCC(C)(C)C(=O)C(=O)N1CCCCC1C(=O)N[C@H](CCc2ccc(OC)cc2)C(=O)NC[C@@H]3CC38CCN(c7nc(N[C@@H](CC(C)C)c4nc[nH]n4)nc(N6CCn5ncnc5C6)n7)CC8,True,False,False,False,False,False,mgtbind_compounds.csv,mgtbind
377,O=C4CN3Cc2c(ccc(c1ccncc1)c2Cl)/N=C3/N4,True,False,False,False,False,False,mgtbind_compounds.csv,mgtbind
378,O=C4CN3Cc2c(ccc(c1ccccc1)c2Cl)/N=C3/N4,True,False,False,False,False,False,mgtbind_compounds.csv,mgtbind
379,Cc4ccc(c3ccc2/N=C\1NC(=O)CN1Cc2c3Cl)cc4,True,False,False,False,False,False,mgtbind_compounds.csv,mgtbind
380,C[C@H](C1=C(C=CC(=C1Cl)OC)Cl)N2C=NC3=C2C=C(C=C3)C4=CC=CC=C4[C@H]5CCCCN5,True,False,False,False,False,False,mgtbind_compounds.csv,mgtbind
381,CC1=CC(=C(C=C1OCC2=C(C(=CC=C2)C3=CC4=C(C=C3)OCCO4)C)OCC5=CC(=CC=C5)C#N)CN[C@H](CO)C(=O)O,True,False,False,False,False,False,mgtbind_compounds.csv,mgtbind
382,CC1=C(C=CC=C1C2=CC3=C(C=C2)OCCO3)COC4=C(C=C(C(=C4)OCC5=CC(=CC=C5)C#N)CN6C[C@@H](C[C@H]6C(=O)O)O)Cl,True,False,False,False,False,False,mgtbind_compounds.csv,mgtbind
383,COC1=C(C=CC(=C1)C2=CC=CC(=C2Cl)C3=CC4=C(C=C3)OCCO4)CNCCNS(=O)(=O)C,True,False,False,False,True,False,mgtbind_compounds.csv,mgtbind
384,CC1=C(C=CC=C1C2=NN=C(O2)NC3=CC=CC(=C3)CNCCO)C4=CC=CC=C4,True,False,False,False,True,False,mgtbind_compounds.csv,mgtbind
385,CC1=C(C2=NN=C(NC3=CC=C(CNCCNC(C)=O)C=C3)O2)C=CC=C1C4=CC=CC=C4,True,False,False,False,True,False,mgtbind_compounds.csv,mgtbind
386,CC1=C(C2=NN=C(NC3=CC=C(CNCCO)C=C3)O2)C=CC=C1C4=CC=CC=C4,True,False,False,False,True,False,mgtbind_compounds.csv,mgtbind
387,CC1=C(C2=NN=C(NC3=CC=C(CNCC(O)=O)C=C3)O2)C=CC=C1C4=CC=CC=C4,True,False,False,False,True,False,mgtbind_compounds.csv,mgtbind
388,CC1=C(C2=NN=C(NC3=CC(CNCCNC(C)=O)=CC=C3)O2)C=CC=C1C4=CC=CC=C4,True,False,False,False,True,False,mgtbind_compounds.csv,mgtbind
389,CC1=C(C2=NN=C(NC3=CC(CNCC(O)=O)=CC=C3)O2)C=CC=C1C4=CC=CC=C4,True,False,False,False,True,False,mgtbind_compounds.csv,mgtbind
390,CC1=C(C2=NN=C(NC3=CC(CNCCN)=CC=C3)O2)C=CC=C1C4=CC=CC=C4,True,False,False,False,True,False,mgtbind_compounds.csv,mgtbind
391,CC1=C(C2=NN=C(NC3=CC(CN4C[C@H](O)CC4)=CC=C3)O2)C=CC=C1C5=CC=CC=C5,True,False,False,False,False,False,mgtbind_compounds.csv,mgtbind
392,CC1=C(C2=NN=C(NC3=CC(CNCCCO)=CC=C3)O2)C=CC=C1C4=CC=CC=C4,True,False,False,False,True,False,mgtbind_compounds.csv,mgtbind
393,CC1=C(C2=NN=C(NC3=CC(CN(C)CCO)=CC=C3)O2)C=CC=C1C4=CC=CC=C4,True,False,False,False,True,False,mgtbind_compounds.csv,mgtbind
394,CC1=C(C2=NN=C(NC3=CC(CN[C@H](C)CO)=CC=C3)O2)C=CC=C1C4=CC=CC=C4,True,False,False,False,False,False,mgtbind_compounds.csv,mgtbind
395,CC1=C(C2=NN=C(NC3=CC(CN4CCOCC4)=CC=C3)O2)C=CC=C1C5=CC=CC=C5,True,False,False,False,True,False,mgtbind_compounds.csv,mgtbind
396,CC(C)(C)C3(c2ccc(CNc1ccc(C(=O)O)cc1)cc2)OCC(C)(C)CO3,True,False,False,False,True,False,mgtbind_compounds.csv,mgtbind
397,COc1cc(C(=O)O)ccc1NCc3ccc(C2(C(C)(C)C)OCC(C)(C)CO2)cc3,True,False,False,False,True,False,mgtbind_compounds.csv,mgtbind
398,CNc1ccccc1CS(=O)(=O)NC(=O)c4ccc(NCc3ccc(C2(C(C)(C)C)OCC(C)(C)CO2)cc3)c(OC)c4,True,False,False,False,True,False,mgtbind_compounds.csv,mgtbind
399,C#CCCC\4(CCC(=O)NCCCS(=O)(=O)NC(=O)c3ccc(NCc2ccc(C1(C(C)(C)C)OCC(C)(C)CO1)cc2)c(OC)c3)/N=N4,True,False,False,False,False,False,mgtbind_compounds.csv,mgtbind
400,Cc1ncsc1c4ccc(CNC(=O)[C@@H]2C[C@@H](O)CN2C(=O)[C@@H](NC(=O)C3(C#N)CC3)C(C)(C)C)cc4,True,False,False,False,False,False,mgtbind_compounds.csv,mgtbind
401,Cc1ncsc1c5ccc(CNC(=O)[C@@H]2C[C@@H](O)CN2C(=O)[C@H](C(C)C)N4Cc3ccccc3C4=O)c(O)c5,True,False,False,False,False,False,mgtbind_compounds.csv,mgtbind
402,CC(=O)N[C@H](C(=O)N1C[C@H](O)C[C@H]1C(=O)NCc3ccc(c2scnc2C)cc3)C(C)(C)C,True,False,False,False,False,False,mgtbind_compounds.csv,mgtbind
403,CC(=O)N[C@H](C(=O)N1C[C@H](O)C[C@H]1C(=O)NCc3ccc(c2scnc2C)cc3)C(C)C,True,False,False,False,False,False,mgtbind_compounds.csv,mgtbind
404,CC(=O)N[C@H](C(=O)N1C[C@H](O)C[C@H]1C(=O)N[C@@H](C)c3ccc(c2scnc2C)cc3)C(C)(C)C,True,False,False,False,False,False,mgtbind_compounds.csv,mgtbind
405,CC(=O)N[C@H](C(=O)N1C[C@H](O)C[C@H]1C(=O)NCc3ccc(c2scnc2C)c4ccccc34)C(C)(C)C,True,False,False,False,False,False,mgtbind_compounds.csv,mgtbind
406,CC(=O)N[C@H](C(=O)N1C[C@H](O)C[C@H]1C(=O)NCc3ccc(c2ccn[nH]2)c4ccccc34)C(C)(C)C,True,False,False,False,False,False,mgtbind_compounds.csv,mgtbind
407,C1=CC=C(C=C1)C2=CC(=O)C3=C(O2)C=C(C(=C3O)O)O,True,False,False,False,True,False,mgtbind_compounds.csv,mgtbind
408,O=C(/C=C/C=C/C=C/C1CCCCC1)N/C4=C/[C@@](O)(/C=C/C=C/C=C/C(=O)N/C2=C(O)/CCC2=O)[C@@H]3O[C@@H]3C4=O,True,False,False,False,False,False,mgtbind_compounds.csv,mgtbind
409,CCCC[C@@H](C)/C=C(C)/C=C(C)/C(=O)N/C3=C/[C@@](O)(/C=C/C=C/C=C/C(=O)N/C1=C(O)/CCC1=O)[C@@H]2O[C@@H]2C3=O,True,False,False,False,False,False,mgtbind_compounds.csv,mgtbind
410,C[C@]12CC[C@@H](C[C@H]1CC[C@@H]3[C@@H]2CC[C@]4([C@@]3(CC[C@@H]4C5=COC(=O)C=C5)O)C)O,True,False,False,False,False,False,mgtbind_compounds.csv,mgtbind
411,CC[C@@H]1[C@]2([C@H]([C@@](O1)([C@H]([C@@H](O2)/C=C/C=C/C=C/C3=C(C(=CC(=O)O3)OC)C)O)C)OC(=O)C)C,True,False,False,False,False,False,mgtbind_compounds.csv,mgtbind
412,CN(C)C(=O)c5cc4cnc(Nc3ccc(N2CCN(C(=O)/C=C/c1ccc(C(F)(F)F)cc1)CC2)cn3)nc4n5C6CCCC6,True,False,False,False,False,False,mgtbind_compounds.csv,mgtbind
413,COc5ccc(C(=O)/C=C/C(=O)N4CCN(c3cc(Nc2ncc(C(=O)Nc1c(C)cccc1Cl)s2)nc(C)n3)CC4)cc5,True,False,False,False,False,False,mgtbind_compounds.csv,mgtbind
414,CCCc4nn(C)c5c(=O)[nH]c(c3cc(S(=O)(=O)N2CCN(C(=O)/C=C/C(=O)c1ccc(OC)cc1)CC2)ccc3OCC)nc45,True,False,False,False,False,False,mgtbind_compounds.csv,mgtbind
415,COc4ccc(C(=O)/C=C/C(=O)N3CCN(c2cc(c1ccccc1O)nnc2N)CC3)cc4,True,False,False,False,False,False,mgtbind_compounds.csv,mgtbind
416,CNc4nc(Nc3ccc(C(=O)N2CCN(C(=O)/C=C/C(=O)c1ccc(OC)cc1)CC2)cc3OC)ncc4Cl,True,False,False,False,False,False,mgtbind_compounds.csv,mgtbind
417,COc6ccc(C(=O)/C=C/C(=O)N5CCN(C(=O)C[C@@H]3/N=C(c1ccc(Cl)cc1)\c2c(C)c(C)sc2n4c(C)nnc34)CC5)cc6,True,False,False,False,False,False,mgtbind_compounds.csv,mgtbind
418,COc5ccc(C(=O)/C=C/C(=O)N4CCN(C(=O)COc3ccc(c2csc(N1CCOCC1)n2)cc3)CC4)cc5,True,False,False,False,False,False,mgtbind_compounds.csv,mgtbind
419,COc5ccc(C(=O)/C=C/C(=O)N4CCN(c3ccc(c2csc(N1CCOCC1)n2)cc3)CC4)cc5,True,False,False,False,False,False,mgtbind_compounds.csv,mgtbind
420,Cc3cnc(NC(=O)Cc2csc(Nc1cccc(F)n1)n2)s3,True,False,False,False,True,False,mgtbind_compounds.csv,mgtbind
421,Cc3cnc(NC(=O)Cc2csc(Nc1cccc(Cl)n1)n2)s3,True,False,False,False,True,False,mgtbind_compounds.csv,mgtbind
422,Cc3cnc(NC(=O)Cc2csc(Nc1cccc(Br)n1)n2)s3,True,False,False,False,True,False,mgtbind_compounds.csv,mgtbind
423,CCc3cccc(Nc2nc(CC(=O)Nc1ncc(C)s1)cs2)n3,True,False,False,False,True,False,mgtbind_compounds.csv,mgtbind
424,Cc3cnc(NC(=O)Cc2csc(Nc1cccc(CO)n1)n2)s3,True,False,False,False,True,False,mgtbind_compounds.csv,mgtbind
425,COc3cccc(Nc2nc(CC(=O)Nc1ncc(C)s1)cs2)n3,True,False,False,False,True,False,mgtbind_compounds.csv,mgtbind
426,Cc3cnc(NC(=O)Cc2csc(Nc1cccc(N)n1)n2)s3,True,False,False,False,True,False,mgtbind_compounds.csv,mgtbind
427,Cc4cnc(NC(=O)Cc3csc(Nc2cccc(n1cccn1)n2)n3)s4,True,False,False,False,True,False,mgtbind_compounds.csv,mgtbind
428,Cc3cnc(NC(=O)Cc2csc(Nc1cccc(C(F)(F)F)n1)n2)s3,True,False,False,False,True,False,mgtbind_compounds.csv,mgtbind
429,Cc3cnc(NC(=O)Cc2csc(Nc1ccccn1)n2)s3,True,False,False,False,True,False,mgtbind_compounds.csv,mgtbind
430,CO[C@H](C(=O)N5Cc4c(c3ccc(C(=O)N2CCCc1ccccc12)cc3)cnn4C[C@H]5C(C)C)c6cnn(C)c6,True,False,False,False,False,False,mgtbind_compounds.csv,mgtbind
431,CO[C@@H](C(=O)N5Cc4c(c3ccc(C(=O)N2CCCc1ccccc12)cc3)cnn4C[C@H]5C(C)C)c6cnn(C)c6,True,False,False,False,False,False,mgtbind_compounds.csv,mgtbind
432,CC(=O)N5Cc4c(c3ccc(C(=O)N2CCCc1ccccc12)cc3)cnn4C[C@@H]5Cc6ccccc6,True,False,False,False,False,False,mgtbind_compounds.csv,mgtbind
433,CC(C)[C@@H]5Cn4ncc(c3ccc(C(=O)N2CCCc1ccccc12)cc3)c4CN5C(=O)Cc6ccccc6,True,False,False,False,False,False,mgtbind_compounds.csv,mgtbind
434,CC(C)CN(CC(C)C)C(=O)c4ccc(c2cnn3C[C@@H](C(C)C)N(C(=O)Cc1ccccc1)Cc23)cc4,True,False,False,False,False,False,mgtbind_compounds.csv,mgtbind
435,CC(C)[C@@H]5Cn4ncc(c3ccc(C(=O)N2CCc1ccccc12)cc3)c4CN5C(=O)Cc6ccccc6,True,False,False,False,False,False,mgtbind_compounds.csv,mgtbind
436,CC(C)[C@@H]5Cn4ncc(c3ccc(C(=O)N2CCc1ccccc1C2)cc3)c4CN5C(=O)Cc6ccccc6,True,False,False,False,False,False,mgtbind_compounds.csv,mgtbind
437,CC(=O)N5Cc4c(c3ccc(C(=O)N2CCCc1ccccc12)cc3)cnn4C[C@H]5Cc6ccccc6,True,False,False,False,False,False,mgtbind_compounds.csv,mgtbind
438,CNS(=O)(=O)N5Cc4c(c3ccc(C(=O)N2CCCc1ccccc12)cc3)cnn4C[C@@H]5Cc6ccccc6,True,False,False,False,False,False,mgtbind_compounds.csv,mgtbind
439,CNS(=O)(=O)N5Cc4c(c3ccc(C(=O)N2CCCc1ccccc12)cc3)cnn4C[C@H]5Cc6ccccc6,True,False,False,False,False,False,mgtbind_compounds.csv,mgtbind
440,O=C(c4ccc(c2cnn3C[C@H](Cc1ccccc1)N(C(=O)C(F)F)Cc23)cc4)N6CCCc5ccccc56,True,False,False,False,False,False,mgtbind_compounds.csv,mgtbind
441,O=C(c4ccc(c2cnn3C[C@@H](Cc1ccccc1)N(C(=O)C(F)F)Cc23)cc4)N6CCCc5ccccc56,True,False,False,False,False,False,mgtbind_compounds.csv,mgtbind
442,C=CC(=O)N6CCN(c5ccc(n4nnc3c(=O)[nH]c2ccc(c1ccc(OC)nc1)cc2c34)cc5C(F)(F)F)CC6,True,False,False,False,True,False,mgtbind_compounds.csv,mgtbind
443,COc7ccc(c6ccc5[nH]c(=O)c4nnn(c3ccc(N2CCN(C(=O)/C1=C/CCC1)CC2)c(C(F)(F)F)c3)c4c5c6)cn7,True,False,False,False,False,False,mgtbind_compounds.csv,mgtbind
444,COc7ccc(c6ccc5[nH]c(=O)c4nnn(c3ccc(N2CCN(C(=O)/C=C/C(=O)c1ccccc1)CC2)c(C(F)(F)F)c3)c4c5c6)cn7,True,False,False,False,False,False,mgtbind_compounds.csv,mgtbind
445,COc7ccc(c6ccc5[nH]c(=O)c4nnn(c3ccc(N2CCN(C(=O)/C=C/C(=O)c1ccc(C(F)(F)F)cc1)CC2)c(C(F)(F)F)c3)c4c5c6)cn7,True,False,False,False,False,False,mgtbind_compounds.csv,mgtbind
446,COc7ccc(c6ccc5[nH]c(=O)c4nnn(c3ccc(N2CCN(C(=O)/C=C/C(=O)c1ccc(N(=O)=O)cc1)CC2)c(C(F)(F)F)c3)c4c5c6)cn7,True,False,False,False,False,False,mgtbind_compounds.csv,mgtbind
447,COc7ccc(c6ccc5[nH]c(=O)c4nnn(c3ccc(N2CCN(C(=O)/C=C/C(=O)c1ccc(C)cc1)CC2)c(C(F)(F)F)c3)c4c5c6)cn7,True,False,False,False,False,False,mgtbind_compounds.csv,mgtbind
448,COc7ccc(C(=O)/C=C/C(=O)N6CCN(c5ccc(n4nnc3c(=O)[nH]c2ccc(c1ccc(OC)nc1)cc2c34)cc5C(F)(F)F)CC6)cc7,True,False,False,False,False,False,mgtbind_compounds.csv,mgtbind
449,CCOc7ccc(C(=O)/C=C/C(=O)N6CCN(c5ccc(n4nnc3c(=O)[nH]c2ccc(c1ccc(OC)nc1)cc2c34)cc5C(F)(F)F)CC6)cc7,True,False,False,False,False,False,mgtbind_compounds.csv,mgtbind
450,COc7ccc(c6ccc5[nH]c(=O)c4nnn(c3ccc(N2CCN(C(=O)/C=C/C(=O)c1ccc(OC(C)C)cc1)CC2)c(C(F)(F)F)c3)c4c5c6)cn7,True,False,False,False,False,False,mgtbind_compounds.csv,mgtbind
451,COc7ccc(c6ccc5[nH]c(=O)c4nnn(c3ccc(N2CCN(C(=O)/C=C/C(=O)c1ccc(OC(F)F)cc1)CC2)c(C(F)(F)F)c3)c4c5c6)cn7,True,False,False,False,False,False,mgtbind_compounds.csv,mgtbind
452,COc7ccc(c6ccc5[nH]c(=O)c4nnn(c3ccc(N2CCN(C(=O)/C=C/C(=O)c1ccc(OC(F)(F)F)cc1)CC2)c(C(F)(F)F)c3)c4c5c6)cn7,True,False,False,False,False,False,mgtbind_compounds.csv,mgtbind
453,COc7cccc(C(=O)/C=C/C(=O)N6CCN(c5ccc(n4nnc3c(=O)[nH]c2ccc(c1ccc(OC)nc1)cc2c34)cc5C(F)(F)F)CC6)c7,True,False,False,False,False,False,mgtbind_compounds.csv,mgtbind
454,COc7ccc(c6ccc5[nH]c(=O)c4nnn(c3ccc(N2CCN(C(=O)/C=C/C(=O)c1ccc(OC)c(OC)c1)CC2)c(C(F)(F)F)c3)c4c5c6)cn7,True,False,False,False,False,False,mgtbind_compounds.csv,mgtbind
455,COc7ccc(c6ccc5[nH]c(=O)c4nnn(c3ccc(N2CCN(C(=O)/C=C/C(=O)c1ccccc1OC)CC2)c(C(F)(F)F)c3)c4c5c6)cn7,True,False,False,False,False,False,mgtbind_compounds.csv,mgtbind
456,COc7ccc(c6ccc5[nH]c(=O)c4nnn(c3ccc(N2CCN(C(=O)/C=C/C(=O)c1ccc(Cl)cc1)CC2)c(C(F)(F)F)c3)c4c5c6)cn7,True,False,False,False,False,False,mgtbind_compounds.csv,mgtbind
457,COc7ccc(c6ccc5[nH]c(=O)c4nnn(c3ccc(N2CCN(C(=O)/C=C/C(=O)c1ccc(Br)cc1)CC2)c(C(F)(F)F)c3)c4c5c6)cn7,True,False,False,False,False,False,mgtbind_compounds.csv,mgtbind
458,COc7ccc(c6ccc5[nH]c(=O)c4nnn(c3ccc(N2CCN(C(=O)/C=C/C(=O)c1ccc(F)cc1)CC2)c(C(F)(F)F)c3)c4c5c6)cn7,True,False,False,False,False,False,mgtbind_compounds.csv,mgtbind
459,COc7ccc(c6ccc5[nH]c(=O)c4nnn(c3ccc(N2CCN(C(=O)/C=C/C(=O)c1ccccc1F)CC2)c(C(F)(F)F)c3)c4c5c6)cn7,True,False,False,False,False,False,mgtbind_compounds.csv,mgtbind
460,COc7ccc(c6ccc5[nH]c(=O)c4nnn(c3ccc(N2CCN(C(=O)/C=C/C(=O)c1ccc(F)c(F)c1)CC2)c(C(F)(F)F)c3)c4c5c6)cn7,True,False,False,False,False,False,mgtbind_compounds.csv,mgtbind
461,COC(=O)[C@@H]3CCCN(C(=O)[C@H](Cc1cccc(O)c1)NC(=O)[C@@H](NC(=O)CCCSSc2ccccn2)C(C)C)N3,True,False,False,False,False,False,mgtbind_compounds.csv,mgtbind
462,CCn5c(c1cccnc1[C@H](C)OC)c6CC(C)(C)COC(=O)[C@@H]2CCCN(N2)C(=O)[C@@H](NC(=O)[C@@H](NC(=O)C3CCN(C(C)=O)C3)C(C)C)Cc4cccc(c4)c7ccc5c6c7,True,False,False,False,False,False,mgtbind_compounds.csv,mgtbind
463,C=CC(=O)N7CCC(C(=O)N[C@H](C(=O)N[C@H]4Cc1cccc(c1)c2ccc6c(c2)c(CC(C)(C)COC(=O)[C@@H]3CCCN(N3)C4=O)c(c5cccnc5[C@H](C)OC)n6CC)C(C)C)C7,True,False,False,False,False,False,mgtbind_compounds.csv,mgtbind
464,CCn6c(c1cccnc1[C@H](C)OC)c7CC(C)(C)COC(=O)[C@@H]2CCCN(N2)C(=O)[C@@H](NC(=O)[C@@H](NC(=O)C4CCN(C(=O)C#CCN3CCOCC3)C4)C(C)C)Cc5cccc(c5)c8ccc6c7c8,True,False,False,False,False,False,mgtbind_compounds.csv,mgtbind
465,CCn6c(c1cccnc1[C@H](C)OC)c7CC(C)(C)COC(=O)[C@@H]2CCCN(N2)C(=O)[C@@H](NC(=O)[C@H](C(C)C)N4CC[C@]3(CCN(C(=O)C#CC(C)(C)N(C)C)C3)C4)Cc5cccc(c5)c8ccc6c7c8,True,False,False,False,False,False,mgtbind_compounds.csv,mgtbind
466,CCn5c(c1cccnc1[C@H](C)OC)c6CC(C)(C)COC(=O)[C@@H]2CCCN(N2)C(=O)[C@@H](NC(=O)[C@H](C(C)C)N(C)C(=O)C3(F)CCN(C(=O)C#CC(C)(C)N(C)C)CC3)C[C@H]4CN(CCO4)c7ccc5c6c7,True,False,False,False,False,False,mgtbind_compounds.csv,mgtbind
467,C=CS(=O)(=O)N5CCN(C(=O)C[C@@H]3/N=C(c1ccc(Cl)cc1)\c2c(C)c(C)sc2n4c(C)nnc34)CC5,True,False,False,False,False,False,mgtbind_compounds.csv,mgtbind
468,C=CS(=O)(=O)N5CCN(c4ccc(Nc3ncc2cc(C(=O)N(C)C)n(C1CCCC1)c2n3)nc4)CC5,True,False,False,False,True,False,mgtbind_compounds.csv,mgtbind
469,C=CS(=O)(=O)N3CCN(c2cc(c1ccccc1O)nnc2N)CC3,True,False,False,False,True,False,mgtbind_compounds.csv,mgtbind
470,C=CS(=O)(=O)N5CCC[C@@H](n4nc(c2ccc(Oc1ccccc1)cc2)c3c(N)ncnc34)C5,True,False,False,False,False,False,mgtbind_compounds.csv,mgtbind
471,C=CS(=O)(=O)N4CCN(c3cc(Nc2ncc(C(=O)Nc1c(C)cccc1Cl)s2)nc(C)n3)CC4,True,False,False,False,True,False,mgtbind_compounds.csv,mgtbind
472,C=CS(=O)(=O)N4CCN(c3ccc(C(=O)N[C@@H]2CC[C@@H](Oc1ccc(C#N)c(Cl)c1)CC2)nn3)CC4,True,False,False,False,False,False,mgtbind_compounds.csv,mgtbind
473,Cc3nnc4[C@H](CC(=O)OC(C)(C)C)/N=C(c1ccc(C#CCN)cc1)\c2c(C)c(C)sc2n34,True,False,False,False,False,False,mgtbind_compounds.csv,mgtbind
474,COc6ccc(C(=O)/C=C/C(=O)N5CCN(c4ccc(Nc3ncc2cc(C(=O)N(C)C)n(C1CCCC1)c2n3)nc4)CC5)cc6,True,False,False,False,False,False,mgtbind_compounds.csv,mgtbind
475,CS(=O)(=O)C1=CC=C(C=C1)C=O,True,False,False,False,True,False,mgtbind_compounds.csv,mgtbind
476,O=Cc2coc1ccc(F)cc1c2=O,True,False,False,False,True,False,mgtbind_compounds.csv,mgtbind
477,O=Cc2coc1cc(F)ccc1c2=O,True,False,False,False,True,False,mgtbind_compounds.csv,mgtbind
478,CC(=O)N2CCN(S(=O)(=O)c1ccc(C=O)cc1)CC2,True,False,False,False,True,False,mgtbind_compounds.csv,mgtbind
479,CC2CN(S(=O)(=O)c1ccc(C=O)cc1)CC(C)O2,True,False,False,False,True,False,mgtbind_compounds.csv,mgtbind
480,CC1=CC(=C(C=C1)[N+](=O)[O-])O,True,False,False,False,True,False,mgtbind_compounds.csv,mgtbind
481,CC(=O)Nc1ccc(C=O)cc1,True,False,False,False,True,False,mgtbind_compounds.csv,mgtbind
482,O=Cc2ccc(n1cncn1)cc2,True,False,False,False,True,False,mgtbind_compounds.csv,mgtbind
483,C1=CC(=CC(=C1)N2C=CN=C2)C=O,True,False,False,False,True,False,mgtbind_compounds.csv,mgtbind
484,CS(=O)(=O)c1ccccc1C=O,True,False,False,False,True,False,mgtbind_compounds.csv,mgtbind
485,CN(C)CCSSCCN(C)C(=O)C(C)(C)Oc1ccc(Cl)cc1,True,False,False,False,True,False,mgtbind_compounds.csv,mgtbind
486,CN(C)CCSSCCNC(=O)C(C)(C)Oc1ccc(Cl)cc1,True,False,False,False,True,False,mgtbind_compounds.csv,mgtbind
487,CN(C)CCSSCCNC(=O)C(c1ccccc1)N(C)C(=O)OC(C)(C)C,True,False,False,False,True,False,mgtbind_compounds.csv,mgtbind
488,CN(C)CCSSCCNC(=O)C(C)(c1ccccc1)c2ccccc2,True,False,False,False,True,False,mgtbind_compounds.csv,mgtbind
489,CN(C)CCSSCCNC(=O)Cc1ccc(Cl)c(Cl)c1,True,False,False,False,True,False,mgtbind_compounds.csv,mgtbind
490,NCCSSCCCC(=O)NCC(c1ccccc1)c2ccccc2,True,False,False,False,True,False,mgtbind_compounds.csv,mgtbind
491,CN(C)CCSSCCNC(=O)c1ccccc1Sc2ccccc2C#N,True,False,False,False,True,False,mgtbind_compounds.csv,mgtbind
492,CN(C)CCSSCCNC(=O)C3CCN(C(=O)c1ccccc1NC(=O)c2ccccc2)CC3,True,False,False,False,True,False,mgtbind_compounds.csv,mgtbind
493,CN(C)CCSSCCN(C)C(=O)c1ccc(C=O)cc1,True,False,False,False,True,False,mgtbind_compounds.csv,mgtbind
494,CN(C)CCSSCCN(C)C(=O)c1ccc(C=O)c(F)c1,True,False,False,False,True,False,mgtbind_compounds.csv,mgtbind
495,CN(C)CCSSCCN(C)C(=O)c1ccc(C=O)c(Br)c1,True,False,False,False,True,False,mgtbind_compounds.csv,mgtbind
496,CN(C)CCSSCCN(C)S(=O)(=O)c1ccc(C=O)cc1,True,False,False,False,True,False,mgtbind_compounds.csv,mgtbind
497,CN(C)CCSSCCN(C)C(=O)c1cccc(C=O)c1,True,False,False,False,True,False,mgtbind_compounds.csv,mgtbind
498,CN(C)CCSSCCN(C)C(=O)c1ccc(F)c(C=O)c1,True,False,False,False,True,False,mgtbind_compounds.csv,mgtbind
499,CN(C)CCSSCCN(C)C(=O)c1cc(Br)cc(C=O)c1,True,False,False,False,True,False,mgtbind_compounds.csv,mgtbind
500,CCN1CCCC[C@@H]1[C@@H](C)Oc4ccc3C(=O)N(C2CCC(=O)NC2=O)Cc3c4,True,False,False,False,False,False,mgtbind_compounds.csv,mgtbind
501,CCN1CCCC[C@@H]1COc4ccc3C(=O)N(C2CCC(=O)NC2=O)Cc3c4,True,False,False,False,False,False,mgtbind_compounds.csv,mgtbind
502,[H][C@@]1/3C[C@@](C)(C)CC[C@]1(C(=O)NCCNC(=O)Nc2ccc(OC)cc2)CC[C@]4(C)C3=C/C[C@@]5([H])[C@@]4(C)CC[C@@]6([H])[C@@](C)(C)C(=O)C(=C)C[C@]56C,True,False,False,False,False,False,mgtbind_compounds.csv,mgtbind
503,CN(Cc2ncc(C1CC1)o2)S(=O)(=O)Oc6ccc(Nc5ccc4c(=O)n(C3CCC(=O)NC3=O)c(=O)c4c5)cc6,True,False,False,False,True,False,mgtbind_compounds.csv,mgtbind
504,Cn6cc(n5cnc4c(NCc2nc1cc(F)c(F)cc1[nH]2)nc(N3CCOCC3)nc45)cn6,True,False,False,False,True,False,mgtbind_compounds.csv,mgtbind
505,Cn6cc(n5cnc4c(NCc2nc1c(F)c(F)ccc1[nH]2)nc(N3CCOCC3)nc45)cn6,True,False,False,False,True,False,mgtbind_compounds.csv,mgtbind
506,COc6cc5nc(CNc2nc(N1CCOCC1)nc3c2ncn3c4cnn(C)c4)[nH]c5cc6Cl,True,False,False,False,True,False,mgtbind_compounds.csv,mgtbind
507,O=C4CCC(n3c(=O)c2ccc(N1CCOCC1)cc2c3=O)C(=O)N4,True,False,False,False,True,False,mgtbind_compounds.csv,mgtbind
508,CNS(=O)(=O)Nc4nccc(Cc3c(C)c2ccc(Oc1ncccc1F)cc2oc3=O)c4F,True,False,False,False,True,False,mgtbind_compounds.csv,mgtbind
509,CCOc1ccccc1n4c(CN2CCNCC2)nc3ccccc3c4=O,True,False,False,False,True,False,mgtbind_compounds.csv,mgtbind
510,N#Cc1ccc4c(c1)CN(S(=O)(=O)c2cccs2)[C@H](Cc3ccccc3)CN4Cc5cnc[nH]5,True,False,False,False,False,False,mgtbind_compounds.csv,mgtbind
511,Cc2nc1cccc(N)c1c(=O)n2C3CCC(=O)NC3=O,True,False,False,False,True,False,mgtbind_compounds.csv,mgtbind
512,O=C4CCC(N3Cc2ccc(COC(=O)Nc1cc(OC(F)(F)F)ccc1F)cc2C3=O)C(=O)N4,True,False,False,False,True,False,mgtbind_compounds.csv,mgtbind
513,COc1cscc1c3cn(C2CCC(=O)NC2=O)nn3,True,False,False,False,True,False,mgtbind_compounds.csv,mgtbind
514,CSc1cscc1c3cn(C2CCC(=O)NC2=O)nn3,True,False,False,False,True,False,mgtbind_compounds.csv,mgtbind
515,O=C3CCC(n2cc(c1ccsc1)nn2)C(=O)N3,True,False,False,False,True,False,mgtbind_compounds.csv,mgtbind
516,COc3c(c2cn(C1CCC(=O)NC1=O)nn2)csc3C(=O)N4CCCC4,True,False,False,False,True,False,mgtbind_compounds.csv,mgtbind
517,O=C6CCC(N5Cc4c(Nc3ccnc(Nc2ccc1CCCc1c2)n3)cccc4C5=O)C(=O)N6,True,False,False,False,True,False,mgtbind_compounds.csv,mgtbind
518,O=C4CCC(n3c(=O)c2ccc(NS(=O)(=O)c1ccccc1OC(F)(F)F)cc2c3=O)C(=O)N4,True,False,False,False,True,False,mgtbind_compounds.csv,mgtbind
519,Cc1c(Cl)cccc1S(=O)(=O)Nc4ccc3c(=O)n(C2CCC(=O)NC2=O)c(=O)c3c4,True,False,False,False,True,False,mgtbind_compounds.csv,mgtbind
520,O=C4CCC(n3c(=O)c2ccc(NS(=O)(=O)c1ccccc1)cc2c3=O)C(=O)N4,True,False,False,False,True,False,mgtbind_compounds.csv,mgtbind
521,Cc4ccc(S(=O)(=O)Nc3ccc2c(=O)n(C1CCC(=O)NC1=O)c(=O)c2c3)cc4Cl,True,False,False,False,True,False,mgtbind_compounds.csv,mgtbind
522,O=C4CCC(n3c(=O)c2ccc(NS(=O)(=O)c1cccc(OC(F)(F)F)c1)cc2c3=O)C(=O)N4,True,False,False,False,True,False,mgtbind_compounds.csv,mgtbind
523,O=C4CCC(n3c(=O)c2ccc(NS(=O)(=O)c1ccc(OC(F)(F)F)cc1)cc2c3=O)C(=O)N4,True,False,False,False,True,False,mgtbind_compounds.csv,mgtbind
524,COc1ccccc1S(=O)(=O)Nc4ccc3c(=O)n(C2CCC(=O)NC2=O)c(=O)c3c4,True,False,False,False,True,False,mgtbind_compounds.csv,mgtbind
525,Cc1ccccc1S(=O)(=O)Nc4ccc3c(=O)n(C2CCC(=O)NC2=O)c(=O)c3c4,True,False,False,False,True,False,mgtbind_compounds.csv,mgtbind
526,O=C4CCC(n3c(=O)c2ccc(NS(=O)(=O)c1ccccc1C(F)(F)F)cc2c3=O)C(=O)N4,True,False,False,False,True,False,mgtbind_compounds.csv,mgtbind
527,O=C4CCC(n3c(=O)c2ccc(NS(=O)(=O)c1cccc(Cl)c1)cc2c3=O)C(=O)N4,True,False,False,False,True,False,mgtbind_compounds.csv,mgtbind
528,Nc3ccc(S(=O)(=O)Nc2cnc1c(Cl)cccc1n2)cc3,True,False,False,False,True,False,mgtbind_compounds.csv,mgtbind
529,[H][C@]6(n5c(=O)c4cccc(NCc3ccc(CN2CC(N1CCOCC1)C2)cc3F)c4c5=O)CCC(=O)NC6=O,True,False,False,False,False,False,mgtbind_compounds.csv,mgtbind
530,[H][C@@]6(n3c(=O)c5cccc4c(Cc2ccc(CN1CCOCC1)cc2)ccc3c45)CCC(=O)NC6=O,True,False,False,False,False,False,mgtbind_compounds.csv,mgtbind
531,Cc4cnc(NC(=O)C3CN(c2cc(n1cccn1)ncn2)C3)s4,True,False,False,False,True,False,mgtbind_compounds.csv,mgtbind
532,Cc4csc(NC(=O)C3CN(c2cc(n1ccnc1)ncn2)C3)n4,True,False,False,False,True,False,mgtbind_compounds.csv,mgtbind
533,Cc5ccc4nc(NC(=O)C3CN(c2cc(n1cccn1)ncn2)C3)sc4c5,True,False,False,False,True,False,mgtbind_compounds.csv,mgtbind
534,O=C(Nc2nc1CCCCc1s2)C5CN(c4cc(n3cccn3)ncn4)C5,True,False,False,False,True,False,mgtbind_compounds.csv,mgtbind
535,Cc4cnc(NC(=O)C3CCN(c2cc(n1ccnc1)ncn2)C3)s4,True,False,False,False,True,False,mgtbind_compounds.csv,mgtbind
536,Cc4cnc(NC(=O)C3CCN(c2cc(n1cccn1)ncn2)C3)s4,True,False,False,False,True,False,mgtbind_compounds.csv,mgtbind
537,Cc4cnc(NC(=O)C1CCN1c3cc(n2cccn2)ncn3)s4,True,False,False,False,True,False,mgtbind_compounds.csv,mgtbind
538,Cc4cnc(NC(=O)[C@H]1CCCCN1c3cc(n2cccn2)ncn3)s4,True,False,False,False,False,False,mgtbind_compounds.csv,mgtbind
539,Cc3cnc(NC(=O)CN(C)c2cc(n1cccn1)ncn2)s3,True,False,False,False,True,False,mgtbind_compounds.csv,mgtbind
540,O=C(Nc1ncc(N(=O)=O)s1)C4CN(c3cc(n2cccn2)ncn3)C4,True,False,False,False,True,False,mgtbind_compounds.csv,mgtbind
541,CCOC(=O)c4cnc(NC(=O)C3CN(c2cc(n1cccn1)ncn2)C3)s4,True,False,False,False,True,False,mgtbind_compounds.csv,mgtbind
542,COC(=O)c4cnc(NC(=O)C3CN(c2cc(n1cccn1)ncn2)C3)s4,True,False,False,False,True,False,mgtbind_compounds.csv,mgtbind
543,CCc4cnc(NC(=O)C3CN(c2cc(n1cccn1)ncn2)C3)s4,True,False,False,False,True,False,mgtbind_compounds.csv,mgtbind
544,Cc4cc(NC(=O)C3CN(c2cc(n1cccn1)ncn2)C3)[nH]n4,True,False,False,False,True,False,mgtbind_compounds.csv,mgtbind
545,O=C(Nc1ncc(F)s1)C4CN(c3cc(n2cccn2)ncn3)C4,True,False,False,False,True,False,mgtbind_compounds.csv,mgtbind
546,O=C(Nc1ncc(Br)s1)C4CN(c3cc(n2cccn2)ncn3)C4,True,False,False,False,True,False,mgtbind_compounds.csv,mgtbind
547,O=C(Nc1ncc(C(F)(F)F)s1)C4CN(c3cc(n2cccn2)ncn3)C4,True,False,False,False,True,False,mgtbind_compounds.csv,mgtbind
548,N#Cc4cnc(NC(=O)C3CN(c2cc(n1cccn1)ncn2)C3)s4,True,False,False,False,True,False,mgtbind_compounds.csv,mgtbind
549,O=C(O)C3CN(c2cc(n1cccn1)ncn2)C3,True,False,False,False,True,False,mgtbind_compounds.csv,mgtbind
550,CC1CCCCC1NC(=O)C4CN(c3cc(n2cccn2)ncn3)C4,True,False,False,False,True,False,mgtbind_compounds.csv,mgtbind
551,O=C(C3CN(c2cc(n1cccn1)ncn2)C3)N4CCOCC4,True,False,False,False,True,False,mgtbind_compounds.csv,mgtbind
552,O=C(Nc1ccncc1)C4CN(c3cc(n2cccn2)ncn3)C4,True,False,False,False,True,False,mgtbind_compounds.csv,mgtbind
553,CCn4nnc3c(N2CC(C(=O)Nc1nccs1)C2)ncnc34,True,False,False,False,True,False,mgtbind_compounds.csv,mgtbind
554,Cc4cnc(NC(=O)C3CN(c2cc(n1ccnc1)ncn2)C3)s4,True,False,False,False,True,False,mgtbind_compounds.csv,mgtbind
555,O=C(Nc1ccc(F)c(Cl)c1)C4CN(c3cc(n2cccn2)ncn3)C4,True,False,False,False,True,False,mgtbind_compounds.csv,mgtbind
556,O=C(Nc1cnccn1)C4CN(c3cc(n2cccn2)ncn3)C4,True,False,False,False,True,False,mgtbind_compounds.csv,mgtbind
557,O=C(NC1CC1)C4CN(c3cc(n2cccn2)ncn3)C4,True,False,False,False,True,False,mgtbind_compounds.csv,mgtbind
558,O=C(NCCn1cccc1)C4CN(c3cc(n2cccn2)ncn3)C4,True,False,False,False,True,False,mgtbind_compounds.csv,mgtbind
559,CCN(C(=O)C3CN(c2cc(n1cccn1)ncn2)C3)c4ccccc4,True,False,False,False,True,False,mgtbind_compounds.csv,mgtbind
560,Cc4nnc(NC(=O)C3CN(c2cc(n1cccn1)ncn2)C3)s4,True,False,False,False,True,False,mgtbind_compounds.csv,mgtbind
561,O=C(Nc2nc(c1ccco1)cs2)C5CN(c4cc(n3cccn3)ncn4)C5,True,False,False,False,True,False,mgtbind_compounds.csv,mgtbind
562,CCOC(=O)C5CCc4sc(NC(=O)C3CN(c2cc(n1ccnc1)ncn2)C3)nc45,True,False,False,False,True,False,mgtbind_compounds.csv,mgtbind
563,O=C(Nc1ccccc1Br)C4CN(c3cc(n2cccn2)ncn3)C4,True,False,False,False,True,False,mgtbind_compounds.csv,mgtbind
564,O=C(Nc1ncn[nH]1)C4CN(c3cc(n2cccn2)ncn3)C4,True,False,False,False,True,False,mgtbind_compounds.csv,mgtbind
565,CCOC(=O)Cc4csc(NC(=O)C3CN(c2cc(n1nc(C)cc1C)ncn2)C3)n4,True,False,False,False,True,False,mgtbind_compounds.csv,mgtbind
566,O=C(Nc1nccs1)C4CN(c3cc(n2cccn2)ncn3)C4,True,False,False,False,True,False,mgtbind_compounds.csv,mgtbind
567,Cc4cc(C)n(c3cc(N2CC(C(=O)Nc1nc(C)c(C)s1)C2)ncn3)n4,True,False,False,False,True,False,mgtbind_compounds.csv,mgtbind
568,Cc5cc(C)n(c4cc(N3CC(C(=O)Nc2nc(c1ccccn1)cs2)C3)ncn4)n5,True,False,False,False,True,False,mgtbind_compounds.csv,mgtbind
569,O=C(Nc1nccs1)C4CN(c3cc(n2cncn2)ncn3)C4,True,False,False,False,True,False,mgtbind_compounds.csv,mgtbind
570,CCOC(=O)c4sc(NC(=O)C3CN(c2cc(c1ccccc1)ncn2)C3)nc4C,True,False,False,False,True,False,mgtbind_compounds.csv,mgtbind
571,CCOC(=O)c4sc(NC(=O)C3CN(c2cc(n1cccn1)ncn2)C3)nc4C,True,False,False,False,True,False,mgtbind_compounds.csv,mgtbind
572,Cc4cc(C)n(c3cc(N2CCCC(C(=O)Nc1nccs1)C2)ncn3)n4,True,False,False,False,True,False,mgtbind_compounds.csv,mgtbind
573,Cc4cnc(NC(=O)C3CCCN(c2cc(n1cncn1)ncn2)C3)s4,True,False,False,False,True,False,mgtbind_compounds.csv,mgtbind
574,Cc4nc(NC(=O)C3CN(c2cc(c1ccccc1)ncn2)C3)sc4C(=O)N(C)C,True,False,False,False,True,False,mgtbind_compounds.csv,mgtbind
575,Cc4cccc(NC(=O)C3CN(c2cc(n1cccn1)ncn2)C3)n4,True,False,False,False,True,False,mgtbind_compounds.csv,mgtbind
576,NC(=O)Cc4csc(NC(=O)C3CN(c2cc(c1ccccc1)ncn2)C3)n4,True,False,False,False,True,False,mgtbind_compounds.csv,mgtbind
577,Cc4csc(NC(=O)C3CN(c2cc(n1cncn1)ncn2)C3)n4,True,False,False,False,True,False,mgtbind_compounds.csv,mgtbind
578,Cc1cncnc1N5CCN(C(=O)C4CN(c3cc(n2cccn2)ncn3)C4)CC5,True,False,False,False,True,False,mgtbind_compounds.csv,mgtbind
579,O=C(C3CN(c2cc(n1cccn1)ncn2)C3)N5CCN(c4ncccn4)CC5,True,False,False,False,True,False,mgtbind_compounds.csv,mgtbind
580,Cc4csc(NC(=O)C3CCCc2sc(NC(=O)c1ccccc1)nc23)n4,True,False,False,False,True,False,mgtbind_compounds.csv,mgtbind
581,CCOC(=O)c4csc(NC(=O)C3CCCN(c2cc(n1cccn1)ncn2)C3)n4,True,False,False,False,True,False,mgtbind_compounds.csv,mgtbind
582,O=C(Nc1nccs1)C4CN(c3cc(c2ccccc2)ncn3)C4,True,False,False,False,True,False,mgtbind_compounds.csv,mgtbind
583,CCOC(=O)C5CCc4sc(NC(=O)C3CN(c2cc(n1cncn1)ncn2)C3)nc45,True,False,False,False,True,False,mgtbind_compounds.csv,mgtbind
584,O=C(Nc2ccc1ncsc1c2)C5CN(c4cc(n3ccnc3)ncn4)C5,True,False,False,False,True,False,mgtbind_compounds.csv,mgtbind
585,Cc4cnc(NC(=O)C3CCCN(c2cc(n1ccnc1)ncn2)C3)s4,True,False,False,False,True,False,mgtbind_compounds.csv,mgtbind
586,COc4cccc5sc(NC(=O)C3CN(c2cc(n1ccnc1)ncn2)C3)nc45,True,False,False,False,True,False,mgtbind_compounds.csv,mgtbind
587,O=C(Nc2nc(c1ccccn1)cs2)C5CN(c4cc(n3ccnc3)ncn4)C5,True,False,False,False,True,False,mgtbind_compounds.csv,mgtbind
588,CC5(C)CC(=O)c4sc(NC(=O)C3CN(c2cc(n1cccn1)ncn2)C3)nc4C5,True,False,False,False,True,False,mgtbind_compounds.csv,mgtbind
589,Cc4cnc(NC(=O)C3CCCN(c2cc(n1cccn1)ncn2)C3)s4,True,False,False,False,True,False,mgtbind_compounds.csv,mgtbind
590,Cc4cnc(NC(=O)C1CCCCN1c3cc(n2cccn2)ncn3)s4,True,False,False,False,True,False,mgtbind_compounds.csv,mgtbind
591,Cc4cnc(NC(=O)C1CCCN1c3cc(n2cccn2)ncn3)s4,True,False,False,False,True,False,mgtbind_compounds.csv,mgtbind
592,Cc4cnc(NC(=O)[C@H]1CCCN1c3cc(n2cccn2)ncn3)s4,True,False,False,False,False,False,mgtbind_compounds.csv,mgtbind
593,O=C(Nc1cccnc1)C4CN(c3cc(n2cccn2)ncn3)C4,True,False,False,False,True,False,mgtbind_compounds.csv,mgtbind
594,Cc4cnc(NCC3CN(c2cc(n1cccn1)ncn2)C3)s4,True,False,False,False,True,False,mgtbind_compounds.csv,mgtbind
595,Cc1cc(N)nn1C(=O)C4CN(c3cc(n2cccn2)ncn3)C4,True,False,False,False,True,False,mgtbind_compounds.csv,mgtbind
596,Cc4ncc(NC(=O)C3CN(c2cc(n1cccn1)ncn2)C3)s4,True,False,False,False,True,False,mgtbind_compounds.csv,mgtbind
597,Cc4cncc(NC(=O)C3CN(c2cc(n1cccn1)ncn2)C3)n4,True,False,False,False,True,False,mgtbind_compounds.csv,mgtbind
598,O=C\4CS/C(NC(=O)C3CN(c2cc(n1cccn1)ncn2)C3)=N4,True,False,False,False,False,False,mgtbind_compounds.csv,mgtbind
599,O=C8CCC(N7Cc6c(CCCCCNC(=O)[C@@H]4NC1(CCCCC1)[C@@]3(C(=O)Nc2cc(Cl)ccc23)[C@H]4c5cccc(Cl)c5F)cccc6C7=O)C(=O)N8,True,False,False,False,False,False,mgtbind_compounds.csv,mgtbind
600,O=C8CCC(N7Cc6c(CCCCNC(=O)[C@@H]4NC1(CCCCC1)[C@@]3(C(=O)Nc2cc(Cl)ccc23)[C@H]4c5cccc(Cl)c5F)cccc6C7=O)C(=O)N8,True,False,False,False,False,False,mgtbind_compounds.csv,mgtbind
601,O=C8CCC(N7Cc6c(CCCOCCNC(=O)[C@@H]4NC1(CCCCC1)[C@@]3(C(=O)Nc2cc(Cl)ccc23)[C@H]4c5cccc(Cl)c5F)cccc6C7=O)C(=O)N8,True,False,False,False,False,False,mgtbind_compounds.csv,mgtbind
602,O=C8CCC(N7Cc6c(CCCOCCOCCNC(=O)[C@@H]4NC1(CCCCC1)[C@@]3(C(=O)Nc2cc(Cl)ccc23)[C@H]4c5cccc(Cl)c5F)cccc6C7=O)C(=O)N8,True,False,False,False,False,False,mgtbind_compounds.csv,mgtbind
603,O=C8CCC(N7Cc6c(CCCOCCOCCOCCNC(=O)[C@@H]4NC1(CCCCC1)[C@@]3(C(=O)Nc2cc(Cl)ccc23)[C@H]4c5cccc(Cl)c5F)cccc6C7=O)C(=O)N8,True,False,False,False,False,False,mgtbind_compounds.csv,mgtbind
604,Cc2ccc(S(=O)(=O)N/N=C/c1cc(Br)ccc1O)cc2,True,False,False,False,False,False,mgtbind_compounds.csv,mgtbind
605,Cc4cnc(NC(=O)Cc2coc3cc1CCCc1cc23)s4,True,False,False,False,True,False,mgtbind_compounds.csv,mgtbind
606,CNS(=O)(=O)Nc5cccc(n4c(=O)n(C1CC1)c(=O)c3c(Nc2ccc(I)cc2F)n(C)c(=O)c(C)c34)c5,True,False,False,False,True,False,mgtbind_compounds.csv,mgtbind
607,Cc3nnc4ccc(c2cccc(N(C)C(=O)/C=C/c1ccc(C(F)(F)F)cc1)c2)nn34,True,False,False,False,False,False,mgtbind_compounds.csv,mgtbind
608,Cc4nnc5ccc(c3cccc(N(C)C(=O)C2CCN(C(=O)/C=C/c1ccc(C(F)(F)F)cc1)CC2)c3)nn45,True,False,False,False,False,False,mgtbind_compounds.csv,mgtbind
609,COc5ccc(C(=O)/C=C/C(=O)N4CCC(C(=O)N(C)c3cccc(c2ccc1nnc(C)n1n2)c3)CC4)cc5,True,False,False,False,False,False,mgtbind_compounds.csv,mgtbind
610,COc6ccc(C(=O)/C=C/C(=O)N5CCN(c4cc3OC(C)(C)c2cnn(c1ccc(C(=O)O)cc1)c2c3cc4N(=O)=O)CC5)cc6,True,False,False,False,False,False,mgtbind_compounds.csv,mgtbind
611,C[C@@H]/1CC[C@H](OC(=O)[C@@H]2CCCCN2C(=O)C(=O)[C@]3(O)O[C@@H](CC[C@H]3C)[C@@H](C)C(=O)/C=C/CC\C=C/1)[C@H](C)C[C@@H]4CC[C@@H](O)[C@H](O)[C@H]4O,True,False,False,False,False,False,mgtbind_compounds.csv,mgtbind
612,Cn6cc(n5cnc4c(NCc2nc1cc(Cl)c(Cl)cc1[nH]2)nc(N3CCNCC3)nc45)cn6,True,False,False,False,True,False,mgtbind_compounds.csv,mgtbind
613,CCc4cnn5c(NCc2nc1cc(Cl)c(Cl)cc1[nH]2)cc(N3CCCC[C@H]3CCO)nc45,True,False,False,False,False,False,mgtbind_compounds.csv,mgtbind
614,Clc5cccc6[nH]c(CNc3cc(N1CCNCC1)nn4c(c2ccsc2)cnc34)nc56,True,False,False,False,True,False,mgtbind_compounds.csv,mgtbind
615,CN6C/C=C(c5cn2c(c1cnn(C(F)F)c1)cnc2c(NCc4nc3cc(Cl)c(Cl)cc3[nH]4)n5)\CC6,True,False,False,False,False,False,mgtbind_compounds.csv,mgtbind
616,Cn6nnc(c1ccc4c(c1)[nH]c5nc(Cc2ccccc2)nc(NC3CC[C@H](N)CC3)c45)n6,True,False,False,False,False,False,mgtbind_compounds.csv,mgtbind
617,C1CC(=O)NC(=O)C1N2C(=O)C3=CC=CC=C3C2=O,True,False,False,False,True,False,mgtbind_compounds.csv,mgtbind
618,O=C3CCC(n2c(=O)c1cccc(O)c1c2=O)C(=O)N3,True,False,False,False,True,False,mgtbind_compounds.csv,mgtbind
619,O=C3CCC(n2c(=O)c1ccc(O)cc1c2=O)C(=O)N3,True,False,False,False,True,False,mgtbind_compounds.csv,mgtbind
620,Nc2cccc3c(=O)n(C1CCC(=O)NC1=O)c(=O)c23,True,False,False,False,True,False,mgtbind_compounds.csv,mgtbind
621,Nc3ccc2c(=O)n(C1CCC(=O)NC1=O)c(=O)c2c3,True,False,False,False,True,False,mgtbind_compounds.csv,mgtbind
622,O=C3CCC(N2Cc1ccccc1C2=O)C(=O)N3,True,False,False,False,True,False,mgtbind_compounds.csv,mgtbind
623,O=C3CCC(N2Cc1c(O)cccc1C2=O)C(=O)N3,True,False,False,False,True,False,mgtbind_compounds.csv,mgtbind
624,O=C3CCC(N2Cc1cc(O)ccc1C2=O)C(=O)N3,True,False,False,False,True,False,mgtbind_compounds.csv,mgtbind
625,Nc2cccc3C(=O)N(C1CCC(=O)NC1=O)Cc23,True,False,False,False,True,False,mgtbind_compounds.csv,mgtbind
626,Nc3ccc2C(=O)N(C1CCC(=O)NC1=O)Cc2c3,True,False,False,False,True,False,mgtbind_compounds.csv,mgtbind
627,Nc3ccc2CN(C1CCC(=O)NC1=O)C(=O)c2c3,True,False,False,False,True,False,mgtbind_compounds.csv,mgtbind
628,O=C5CCC(N4Cc1c(cccc1c3ccc(N2CCNCC2)cc3)C4=O)C(=O)N5,True,False,False,False,True,False,mgtbind_compounds.csv,mgtbind
629,C=CC(=O)N3CCC2(CCN(Cc1ccccc1)C2)C3,True,False,False,False,True,False,mgtbind_compounds.csv,mgtbind
630,O=C4CCC(N3Cc2c(CNC(=O)c1ccc(F)cc1)cccc2C3=O)C(=O)N4,True,False,False,False,True,False,mgtbind_compounds.csv,mgtbind
631,O=C4CCC(N3Cc2cc(CNC(=O)c1ccc(F)cc1)ccc2C3=O)C(=O)N4,True,False,False,False,True,False,mgtbind_compounds.csv,mgtbind
632,O=C4CCC(N3Cc2cc(NC(=O)c1ccc(F)cc1)ccc2C3=O)C(=O)N4,True,False,False,False,True,False,mgtbind_compounds.csv,mgtbind
633,O=C4CCC(N3Cc2cc(NC(=O)c1ccccc1)ccc2C3=O)C(=O)N4,True,False,False,False,True,False,mgtbind_compounds.csv,mgtbind
634,O=C4CCC(N3Cc2cc(NC(=O)C1CCCCC1)ccc2C3=O)C(=O)N4,True,False,False,False,True,False,mgtbind_compounds.csv,mgtbind
635,CN(C(=O)c1ccccc1)c4ccc3C(=O)N(C2CCC(=O)NC2=O)Cc3c4,True,False,False,False,True,False,mgtbind_compounds.csv,mgtbind
636,Cc4ccc(C(=O)Nc3ccc2CN(C1CCC(=O)NC1=O)C(=O)c2c3)cc4,True,False,False,False,True,False,mgtbind_compounds.csv,mgtbind
637,Cc4ccc(C(=O)Nc3ccc2c(=O)n(C1CCC(=O)NC1=O)c(=O)c2c3)cc4,True,False,False,False,True,False,mgtbind_compounds.csv,mgtbind
638,Cc4cccc(C(=O)Nc3ccc2C(=O)N(C1CCC(=O)NC1=O)Cc2c3)c4,True,False,False,False,True,False,mgtbind_compounds.csv,mgtbind
639,Cc4ccc(C(=O)Nc3ccc2C(=O)N(C1CCC(=O)NC1=O)Cc2c3)cc4,True,False,False,False,True,False,mgtbind_compounds.csv,mgtbind
640,Cc1ccccc1C(=O)Nc4ccc3C(=O)N(C2CCC(=O)NC2=O)Cc3c4,True,False,False,False,True,False,mgtbind_compounds.csv,mgtbind
641,O=C4CCC(N3Cc2cc(NC(=O)c1cccc(F)c1)ccc2C3=O)C(=O)N4,True,False,False,False,True,False,mgtbind_compounds.csv,mgtbind
642,O=C4CCC(N3Cc2cc(NC(=O)c1cccc(C(F)(F)F)c1)ccc2C3=O)C(=O)N4,True,False,False,False,True,False,mgtbind_compounds.csv,mgtbind
643,N#Cc4cccc(C(=O)Nc3ccc2C(=O)N(C1CCC(=O)NC1=O)Cc2c3)c4,True,False,False,False,True,False,mgtbind_compounds.csv,mgtbind
644,COc4cccc(C(=O)Nc3ccc2C(=O)N(C1CCC(=O)NC1=O)Cc2c3)c4,True,False,False,False,True,False,mgtbind_compounds.csv,mgtbind
645,O=C5CCC(N4Cc3cc(Nc1cnc2ccccn12)ccc3C4=O)C(=O)N5,True,False,False,False,True,False,mgtbind_compounds.csv,mgtbind
646,Cn5nc(Nc3ccc2C(=O)N(C1CCC(=O)NC1=O)Cc2c3)c4ccccc45,True,False,False,False,True,False,mgtbind_compounds.csv,mgtbind
647,O=C5CCC(N4Cc3cc(Nc2nc1ccccc1o2)ccc3C4=O)C(=O)N5,True,False,False,False,True,False,mgtbind_compounds.csv,mgtbind
648,O=C5CCC(N4Cc3cc(Nc1noc2cc(F)ccc12)ccc3C4=O)C(=O)N5,True,False,False,False,True,False,mgtbind_compounds.csv,mgtbind
649,Cc5ccc4c(Nc3ccc2C(=O)N(C1CCC(=O)NC1=O)Cc2c3)noc4c5,True,False,False,False,True,False,mgtbind_compounds.csv,mgtbind
650,CN6CCN(c5ncc(/C=N/NC(=O)COc1ccccc1c4cccc3C(=O)N(C2CCC(=O)NC2=O)Cc34)s5)CC6,True,False,False,False,False,False,mgtbind_compounds.csv,mgtbind
651,Cc2nc1ccccn1c2/C=N/NC(=O)COc3ccccc3c6cccc5C(=O)N(C4CCC(=O)NC4=O)Cc56,True,False,False,False,False,False,mgtbind_compounds.csv,mgtbind
652,O=C7CCC(N6Cc1c(cccc1c2ccccc2OCC(=O)N/N=C/c4cn(S(=O)(=O)c3ccccc3)c5ccccc45)C6=O)C(=O)N7,True,False,False,False,False,False,mgtbind_compounds.csv,mgtbind
653,O=C7CCC(N6Cc1c(cccc1c2ccccc2OCC(=O)N/N=C/c4nn(Cc3ccccc3)c5ccccc45)C6=O)C(=O)N7,True,False,False,False,False,False,mgtbind_compounds.csv,mgtbind
654,CN7C(=O)CCC(N6Cc1c(cccc1c2ccccc2OCC(=O)N/N=C/c4nn(Cc3ccccc3)c5ccccc45)C6=O)C7=O,True,False,False,False,False,False,mgtbind_compounds.csv,mgtbind
655,CN7C(=O)CCC(N6Cc1c(cccc1c2ccccc2OCC(=O)N/N=C/c4cn(S(=O)(=O)c3ccccc3)c5ccccc45)C6=O)C7=O,True,False,False,False,False,False,mgtbind_compounds.csv,mgtbind
656,Cc2nc1ccccn1c2/C=N/NC(=O)COc3ccccc3c6cccc5C(=O)N(C4CCC(=O)N(C)C4=O)Cc56,True,False,False,False,False,False,mgtbind_compounds.csv,mgtbind
657,CN6CCN(c5ncc(/C=N/NC(=O)COc1ccccc1c4cccc3C(=O)N(C2CCC(=O)N(C)C2=O)Cc34)s5)CC6,True,False,False,False,False,False,mgtbind_compounds.csv,mgtbind
658,Cc3cn(C1CC1)c(=O)n(Cc2ccccc2)c3=O,True,False,False,False,True,False,mgtbind_compounds.csv,mgtbind
659,Cc1cccc(Cl)c1OCCNS(=O)(=O)Nc4ccc3C(=O)N(C2CCC(=O)NC2=O)Cc3c4,True,False,False,False,True,False,mgtbind_compounds.csv,mgtbind
660,CC(C)CCOc1ccccc1CCNS(=O)(=O)Nc4ccc3C(=O)N(C2CCC(=O)NC2=O)Cc3c4,True,False,False,False,True,False,mgtbind_compounds.csv,mgtbind
661,CCC(C)(CCNS(=O)(=O)Nc3ccc2C(=O)N(C1CCC(=O)NC1=O)Cc2c3)c4ccccc4OC,True,False,False,False,True,False,mgtbind_compounds.csv,mgtbind
662,CCCOc1ccccc1CNS(=O)(=O)Nc4ccc3C(=O)N(C2CCC(=O)NC2=O)Cc3c4,True,False,False,False,True,False,mgtbind_compounds.csv,mgtbind
663,CCN4CCC[C@H](Oc3ccc2C(=O)N(C1CCC(=O)NC1=O)Cc2c3)C4,True,False,False,False,False,False,mgtbind_compounds.csv,mgtbind
664,CCN4CCC[C@@H](Oc3ccc2C(=O)N(C1CCC(=O)NC1=O)Cc2c3)C4,True,False,False,False,False,False,mgtbind_compounds.csv,mgtbind
665,CCN5CCC1(CC1)[C@@H](Oc4ccc3C(=O)N(C2CCC(=O)NC2=O)Cc3c4)C5,True,False,False,False,False,False,mgtbind_compounds.csv,mgtbind
666,CCN4C[C@H](Oc3ccc2C(=O)N(C1CCC(=O)NC1=O)Cc2c3)CC[C@@H]4C,True,False,False,False,False,False,mgtbind_compounds.csv,mgtbind
667,CCN4C[C@H](Oc3ccc2C(=O)N(C1CCC(=O)NC1=O)Cc2c3)CC[C@H]4C,True,False,False,False,False,False,mgtbind_compounds.csv,mgtbind
668,CCN4C[C@H](C)C[C@@H](Oc3ccc2C(=O)N(C1CCC(=O)NC1=O)Cc2c3)C4,True,False,False,False,False,False,mgtbind_compounds.csv,mgtbind
669,O=C5CCC(n4c(=O)c3cccc(NCc2cc1ccccc1o2)c3c4=O)C(=O)N5,True,False,False,False,True,False,mgtbind_compounds.csv,mgtbind
670,CC(C)(C)c4cccc(Oc2cccc3c(=O)n(C1CCC(=O)NC1=O)c(=O)c23)c4,True,False,False,False,True,False,mgtbind_compounds.csv,mgtbind
671,CC1=C(C=C(C=C1)NC(=O)NC(C)(C)C2=CC(=CC=C2)NC3=CC(=O)N(C3=O)C4CCC(=O)NC4=O)Cl,True,False,False,False,True,False,mgtbind_compounds.csv,mgtbind
672,CCOC(=O)c2[nH]c1cc(Cl)ccc1c2C(C(=O)NC(C)(C)C)N(Cc3ccccc3)C(=O)CCC#Cc5cccc6C(=O)N(C4CCC(=O)NC4=O)Cc56,True,False,False,False,True,False,mgtbind_compounds.csv,mgtbind
673,CCOC(=O)c2[nH]c1cc(Cl)ccc1c2C(C(=O)NC(C)(C)C)N(Cc3ccccc3)C(=O)CCCC#Cc5cccc6C(=O)N(C4CCC(=O)NC4=O)Cc56,True,False,False,False,True,False,mgtbind_compounds.csv,mgtbind
674,CCOC(=O)c2[nH]c1cc(Cl)ccc1c2C(C(=O)NC(C)(C)C)N(Cc3ccccc3)C(=O)CCCCC#Cc5cccc6C(=O)N(C4CCC(=O)NC4=O)Cc56,True,False,False,False,True,False,mgtbind_compounds.csv,mgtbind
675,CCOC(=O)c2[nH]c1cc(Cl)ccc1c2C(C(=O)NC(C)(C)C)N(Cc3ccc(Cl)cc3)C(=O)CCC#Cc5cccc6C(=O)N(C4CCC(=O)NC4=O)Cc56,True,False,False,False,True,False,mgtbind_compounds.csv,mgtbind
676,CCOC(=O)c2[nH]c1cc(Cl)ccc1c2C(C(=O)NC(C)(C)C)N(Cc3ccc(Cl)cc3)C(=O)CCCC#Cc5cccc6C(=O)N(C4CCC(=O)NC4=O)Cc56,True,False,False,False,True,False,mgtbind_compounds.csv,mgtbind
677,CCOC(=O)c2[nH]c1cc(Cl)ccc1c2C(C(=O)NC(C)(C)C)N(Cc3ccc(Cl)cc3)C(=O)CCCCC#Cc5cccc6C(=O)N(C4CCC(=O)NC4=O)Cc56,True,False,False,False,True,False,mgtbind_compounds.csv,mgtbind
678,CCOC(=O)c2[nH]c1cc(Cl)ccc1c2C(C(=O)NC(C)(C)C)N(Cc3cc(F)c(F)c(F)c3)C(=O)CCC#Cc5cccc6C(=O)N(C4CCC(=O)NC4=O)Cc56,True,False,False,False,True,False,mgtbind_compounds.csv,mgtbind
679,CCOC(=O)c2[nH]c1cc(Cl)ccc1c2C(C(=O)NC(C)(C)C)N(Cc3cc(F)c(F)c(F)c3)C(=O)CCCC#Cc5cccc6C(=O)N(C4CCC(=O)NC4=O)Cc56,True,False,False,False,True,False,mgtbind_compounds.csv,mgtbind
680,CCOC(=O)c2[nH]c1cc(Cl)ccc1c2C(C(=O)NC(C)(C)C)N(Cc3cc(F)c(F)c(F)c3)C(=O)CCCCC#Cc5cccc6C(=O)N(C4CCC(=O)NC4=O)Cc56,True,False,False,False,True,False,mgtbind_compounds.csv,mgtbind
681,CCOC(=O)c2[nH]c1cc(Cl)ccc1c2C(C(=O)NC(C)(C)C)N(Cc3cc(F)c(F)c(F)c3)C(=O)CCCCCC#Cc5cccc6C(=O)N(C4CCC(=O)NC4=O)Cc56,True,False,False,False,True,False,mgtbind_compounds.csv,mgtbind
682,CCOC(=O)c2[nH]c1cc(Cl)ccc1c2C(C(=O)NC(C)(C)C)N(Cc3cc(F)c(F)c(F)c3)C(=O)CCCCCCC#Cc5cccc6C(=O)N(C4CCC(=O)NC4=O)Cc56,True,False,False,False,True,False,mgtbind_compounds.csv,mgtbind
683,CCOC(=O)c2[nH]c1cc(Cl)ccc1c2C(C(=O)NC(C)(C)C)N(Cc3cc(F)c(F)c(F)c3)C(=O)CCCCCCCC#Cc5cccc6C(=O)N(C4CCC(=O)NC4=O)Cc56,True,False,False,False,True,False,mgtbind_compounds.csv,mgtbind
684,CCOC(=O)c2[nH]c1cc(Cl)ccc1c2C(C(=O)NC(C)(C)C)N(Cc3cc(F)c(F)c(F)c3)C(=O)CCCCCCCCC#Cc5cccc6C(=O)N(C4CCC(=O)NC4=O)Cc56,True,False,False,False,True,False,mgtbind_compounds.csv,mgtbind
685,CC(C)(C)NC(=O)C(c1c(C(=O)O)[nH]c2cc(Cl)ccc12)N(Cc3cc(F)c(F)c(F)c3)C(=O)CCCCC#Cc5cccc6C(=O)N(C4CCC(=O)NC4=O)Cc56,True,False,False,False,True,False,mgtbind_compounds.csv,mgtbind
686,CCNC(=O)c2[nH]c1cc(Cl)ccc1c2C(C(=O)NC(C)(C)C)N(Cc3cc(F)c(F)c(F)c3)C(=O)CCCCC#Cc5cccc6C(=O)N(C4CCC(=O)NC4=O)Cc56,True,False,False,False,True,False,mgtbind_compounds.csv,mgtbind
687,CC(C)(C)NC(=O)C(c4c(C(=O)NCC#Cc2cccc3C(=O)N(C1CCC(=O)NC1=O)Cc23)[nH]c5cc(Cl)ccc45)N(C=O)Cc6cc(F)c(F)c(F)c6,True,False,False,False,True,False,mgtbind_compounds.csv,mgtbind
688,CC(C)(C)NC(=O)C(c4c(C(=O)NCCC#Cc2cccc3C(=O)N(C1CCC(=O)NC1=O)Cc23)[nH]c5cc(Cl)ccc45)N(C=O)Cc6cc(F)c(F)c(F)c6,True,False,False,False,True,False,mgtbind_compounds.csv,mgtbind
689,CC(C)(C)NC(=O)C(c4c(C(=O)NCCCC#Cc2cccc3C(=O)N(C1CCC(=O)NC1=O)Cc23)[nH]c5cc(Cl)ccc45)N(C=O)Cc6cc(F)c(F)c(F)c6,True,False,False,False,True,False,mgtbind_compounds.csv,mgtbind
690,CC(C)(C)NC(=O)C(c4c(C(=O)NCCCCC#Cc2cccc3C(=O)N(C1CCC(=O)NC1=O)Cc23)[nH]c5cc(Cl)ccc45)N(C=O)Cc6cc(F)c(F)c(F)c6,True,False,False,False,True,False,mgtbind_compounds.csv,mgtbind
691,CCOC(=O)c2[nH]c1cc(Cl)ccc1c2C(C(=O)NC(C)(C)C)N(Cc3cc(F)c(F)c(F)c3)C(=O)c7cccc(C#Cc5cccc6C(=O)N(C4CCC(=O)NC4=O)Cc56)c7,True,False,False,False,True,False,mgtbind_compounds.csv,mgtbind
692,CCOC(=O)c2[nH]c1cc(Cl)ccc1c2C(C(=O)NC(C)(C)C)N(Cc3cc(F)c(F)c(F)c3)C(=O)c7cccc(NC(=O)CCC#Cc5cccc6C(=O)N(C4CCC(=O)NC4=O)Cc56)c7,True,False,False,False,True,False,mgtbind_compounds.csv,mgtbind
693,CCOC(=O)c2[nH]c1cc(Cl)ccc1c2C(C(=O)NC(C)(C)C)N(Cc3cc(F)c(F)c(F)c3)C(=O)c7cccc(NC(=O)CCCC#Cc5cccc6C(=O)N(C4CCC(=O)NC4=O)Cc56)c7,True,False,False,False,True,False,mgtbind_compounds.csv,mgtbind
694,CCOC(=O)c2[nH]c1cc(Cl)ccc1c2C(C(=O)NC(C)(C)C)N(Cc3cc(F)c(F)c(F)c3)C(=O)c7cccc(NC(=O)CCCCC#Cc5cccc6C(=O)N(C4CCC(=O)NC4=O)Cc56)c7,True,False,False,False,True,False,mgtbind_compounds.csv,mgtbind
695,CCOC(=O)c2[nH]c1cc(Cl)ccc1c2C(C(=O)NC(C)(C)C)N(Cc3cc(F)c(F)c(F)c3)C(=O)c7cccc(OCC#Cc5cccc6C(=O)N(C4CCC(=O)NC4=O)Cc56)c7,True,False,False,False,True,False,mgtbind_compounds.csv,mgtbind
696,CCOC(=O)c2[nH]c1cc(Cl)ccc1c2C(C(=O)NC(C)(C)C)N(Cc3cc(F)c(F)c(F)c3)C(=O)c7cccc(OCCC#Cc5cccc6C(=O)N(C4CCC(=O)NC4=O)Cc56)c7,True,False,False,False,True,False,mgtbind_compounds.csv,mgtbind
697,CCOC(=O)c2[nH]c1cc(Cl)ccc1c2C(C(=O)NC(C)(C)C)N(CC)C(=O)CCCCC#Cc4cccc5C(=O)N(C3CCC(=O)NC3=O)Cc45,True,False,False,False,True,False,mgtbind_compounds.csv,mgtbind
698,CC(C)(C)NC(=O)C(c1ccc(Cl)cc1)N(Cc2cc(F)c(F)c(F)c2)C(=O)CCCCC#Cc4cccc5C(=O)N(C3CCC(=O)NC3=O)Cc45,True,False,False,False,True,False,mgtbind_compounds.csv,mgtbind
699,CC(C)(C)NC(=O)C(C1CCCCC1)N(Cc2cc(F)c(F)c(F)c2)C(=O)CCCCC#Cc4cccc5C(=O)N(C3CCC(=O)NC3=O)Cc45,True,False,False,False,True,False,mgtbind_compounds.csv,mgtbind
700,CCOC(=O)c2[nH]c1cc(Cl)ccc1c2CN(Cc3cc(F)c(F)c(F)c3)C(=O)CCCCC#Cc5cccc6C(=O)N(C4CCC(=O)NC4=O)Cc56,True,False,False,False,True,False,mgtbind_compounds.csv,mgtbind
701,O=C5CCC(N4Cc3c(C#CCCCCC(=O)N(Cc1ccc(Cl)cc1)Cc2cc(F)c(F)c(F)c2)cccc3C4=O)C(=O)N5,True,False,False,False,True,False,mgtbind_compounds.csv,mgtbind
702,Nc2cccc3nnn(C1CCC(=O)NC1=O)c(=O)c23,True,False,False,False,True,False,mgtbind_compounds.csv,mgtbind
703,Cc4ccc(NC(=O)NCc2cccc3nnn(C1CCC(=O)NC1=O)c(=O)c23)cc4Cl,True,False,False,False,True,False,mgtbind_compounds.csv,mgtbind
704,Cc4cc(NC(=O)NCc3ccc2nnn(C1CCC(=O)NC1=O)c(=O)c2c3)ccc4Cl,True,False,False,False,True,False,mgtbind_compounds.csv,mgtbind
705,Cc4ccc(NC(=O)NCc3ccc2c(=O)n(C1CCC(=O)NC1=O)nnc2c3)cc4Cl,True,False,False,False,True,False,mgtbind_compounds.csv,mgtbind
706,O=C4CCC(n3nnc2ccc(CNC(=O)Nc1ccc(Cl)cc1)cc2c3=O)C(=O)N4,True,False,False,False,True,False,mgtbind_compounds.csv,mgtbind
707,O=C4CCC(n3nnc2cc(CNC(=O)Nc1ccc(Cl)cc1)ccc2c3=O)C(=O)N4,True,False,False,False,True,False,mgtbind_compounds.csv,mgtbind
708,Cc4ccc(NC(=O)NCc3ccc2nnn(C1CCC(=O)NC1=O)c(=O)c2c3)cc4,True,False,False,False,True,False,mgtbind_compounds.csv,mgtbind
709,Cc4ccc(NC(=O)NCc3ccc2c(=O)n(C1CCC(=O)NC1=O)nnc2c3)cc4,True,False,False,False,True,False,mgtbind_compounds.csv,mgtbind
710,CC(C)CNC(=O)NCc3ccc2nnn(C1CCC(=O)NC1=O)c(=O)c2c3,True,False,False,False,True,False,mgtbind_compounds.csv,mgtbind
711,O=C4CCC(n3nnc2ccc(CNC(=O)Nc1ccccc1)cc2c3=O)C(=O)N4,True,False,False,False,True,False,mgtbind_compounds.csv,mgtbind
712,Cc4cccc(NC(=O)NCc3ccc2nnn(C1CCC(=O)NC1=O)c(=O)c2c3)c4,True,False,False,False,True,False,mgtbind_compounds.csv,mgtbind
713,COc4ccc(NC(=O)NCc3ccc2nnn(C1CCC(=O)NC1=O)c(=O)c2c3)cc4Cl,True,False,False,False,True,False,mgtbind_compounds.csv,mgtbind
714,O=C4CCC(n3nnc2ccc(CNC(=O)Nc1ccc(C(F)(F)F)c(Cl)c1)cc2c3=O)C(=O)N4,True,False,False,False,True,False,mgtbind_compounds.csv,mgtbind
715,COc4ccc(NC(=O)NCc3ccc2nnn(C1CCC(=O)NC1=O)c(=O)c2c3)cc4,True,False,False,False,True,False,mgtbind_compounds.csv,mgtbind
716,O=C4CCC(n3nnc2ccc(CNC(=O)Nc1cccc(Cl)c1Cl)cc2c3=O)C(=O)N4,True,False,False,False,True,False,mgtbind_compounds.csv,mgtbind
717,O=C4CCC(n3nnc2ccc(CNC(=O)Nc1cc(Cl)cc(Cl)c1)cc2c3=O)C(=O)N4,True,False,False,False,True,False,mgtbind_compounds.csv,mgtbind
718,O=C4CCC(n3nnc2ccc(CNC(=O)Nc1c(Cl)cccc1Cl)cc2c3=O)C(=O)N4,True,False,False,False,True,False,mgtbind_compounds.csv,mgtbind
719,Cc4ccc(NC(=O)NCc3ccc2nnn(C1CCC(=O)NC1=O)c(=O)c2c3)cc4C,True,False,False,False,True,False,mgtbind_compounds.csv,mgtbind
720,CC(C)(C)c4ccc(NC(=O)NCc3ccc2nnn(C1CCC(=O)NC1=O)c(=O)c2c3)cc4,True,False,False,False,True,False,mgtbind_compounds.csv,mgtbind
721,CC(C)(C)c4cccc(NC(=O)NCc3ccc2nnn(C1CCC(=O)NC1=O)c(=O)c2c3)c4,True,False,False,False,True,False,mgtbind_compounds.csv,mgtbind
722,O=C5CCC(n4nnc3ccc(CNC(=O)Nc2ccc(c1ccccc1)cc2)cc3c4=O)C(=O)N5,True,False,False,False,True,False,mgtbind_compounds.csv,mgtbind
723,O=C5CCC(n4nnc3ccc(CNC(=O)Nc2cccc(c1ccccc1)c2)cc3c4=O)C(=O)N5,True,False,False,False,True,False,mgtbind_compounds.csv,mgtbind
724,CC(C)(C)c4ccc(NC(=O)NCc3ccc2nnn(C1CCC(=O)NC1=O)c(=O)c2c3)cc4Cl,True,False,False,False,True,False,mgtbind_compounds.csv,mgtbind
725,O=C5CCC(n4nnc3ccc(CNC(=O)Nc2ccc1ncsc1c2)cc3c4=O)C(=O)N5,True,False,False,False,True,False,mgtbind_compounds.csv,mgtbind
726,Cc4ccc(NC(=O)NC(C)c3ccc2nnn(C1CCC(=O)NC1=O)c(=O)c2c3)cc4Cl,True,False,False,False,True,False,mgtbind_compounds.csv,mgtbind
727,CC(NC(=O)Nc1ccc(C(F)(F)F)c(Cl)c1)c4ccc3nnn(C2CCC(=O)NC2=O)c(=O)c3c4,True,False,False,False,True,False,mgtbind_compounds.csv,mgtbind
728,CC(NC(=O)Nc1ccc(C(C)(C)C)cc1)c4ccc3nnn(C2CCC(=O)NC2=O)c(=O)c3c4,True,False,False,False,True,False,mgtbind_compounds.csv,mgtbind
729,CC(NC(=O)Nc1cccc(C(C)(C)C)c1)c4ccc3nnn(C2CCC(=O)NC2=O)c(=O)c3c4,True,False,False,False,True,False,mgtbind_compounds.csv,mgtbind
730,CC(NC(=O)Nc2cccc(c1ccccc1)c2)c5ccc4nnn(C3CCC(=O)NC3=O)c(=O)c4c5,True,False,False,False,True,False,mgtbind_compounds.csv,mgtbind
731,CC(NC(=O)Nc1ccc(C(C)(C)C)c(Cl)c1)c4ccc3nnn(C2CCC(=O)NC2=O)c(=O)c3c4,True,False,False,False,True,False,mgtbind_compounds.csv,mgtbind
732,CC(C)(C)c4ccc(NC(=O)NC(C)(C)c3ccc2nnn(C1CCC(=O)NC1=O)c(=O)c2c3)cc4Cl,True,False,False,False,True,False,mgtbind_compounds.csv,mgtbind
733,C/C(=C(CCOP(=O)(O)O)\SC(=O)c1ccccc1)N(C=O)Cc2cnc(C)nc2N,True,False,False,False,False,False,mgtbind_compounds.csv,mgtbind
734,O=P(O)(O)c1ccccc1OCc2cccc(Cl)c2,True,False,False,False,True,False,mgtbind_compounds.csv,mgtbind
735,O=C(COc1ccccc1P(=O)(O)O)NCCc2ccccc2OCc3ccccc3,True,False,False,False,True,False,mgtbind_compounds.csv,mgtbind
736,O=C(COc1ccccc1P(=O)(O)O)NCCc2ccc(F)cc2,True,False,False,False,True,False,mgtbind_compounds.csv,mgtbind
737,O=C(COc1ccccc1P(=O)(O)O)NCCC2CCCCC2,True,False,False,False,True,False,mgtbind_compounds.csv,mgtbind
738,O=C(COc1ccccc1P(=O)(O)O)NCCc2cccc3ccccc23,True,False,False,False,True,False,mgtbind_compounds.csv,mgtbind
739,O=C(COc1ccccc1P(=O)(O)O)NCCc3ccc2ccccc2c3,True,False,False,False,True,False,mgtbind_compounds.csv,mgtbind
740,O=C(COc1ccccc1P(=O)(O)O)NCCc3ccc(OCc2ccccn2)cc3,True,False,False,False,True,False,mgtbind_compounds.csv,mgtbind
741,O=C(COc1ccccc1P(=O)(O)O)NCCc3ccc(OCc2cccnc2)cc3,True,False,False,False,True,False,mgtbind_compounds.csv,mgtbind
742,O=C(COc1ccccc1P(=O)(O)O)NCCc3ccc(OCc2ccncc2)cc3,True,False,False,False,True,False,mgtbind_compounds.csv,mgtbind
743,O=C(NCCc1ccccc1)C(F)Oc2ccccc2P(=O)(O)O,True,False,False,False,True,False,mgtbind_compounds.csv,mgtbind
744,O=C(COc1cccc(P(=O)(O)O)c1)NCCc2ccccc2,True,False,False,False,True,False,mgtbind_compounds.csv,mgtbind
745,O=C(COc1ccc(P(=O)(O)O)cc1)NCCc2ccccc2,True,False,False,False,True,False,mgtbind_compounds.csv,mgtbind
746,O=C(COc1ccccc1OP(=O)(O)O)NCCc2ccccc2,True,False,False,False,True,False,mgtbind_compounds.csv,mgtbind
747,O=C(COc1cccc(OP(=O)(O)O)c1)NCCc2ccccc2,True,False,False,False,True,False,mgtbind_compounds.csv,mgtbind
748,O=C(COc1ccc(OP(=O)(O)O)cc1)NCCc2ccccc2,True,False,False,False,True,False,mgtbind_compounds.csv,mgtbind
749,O=C(COc1ccccc1P(=O)(O)O)N[C@@H]2C[C@H]2c3ccccc3,True,False,False,False,False,False,mgtbind_compounds.csv,mgtbind
750,O=C(COc1ccccc1P(=O)(O)O)N[C@H]2C[C@@H]2c3ccccc3,True,False,False,False,False,False,mgtbind_compounds.csv,mgtbind
751,O=C(COc1ccccc1P(=O)(O)O)NCC3(c2ccccc2)CCC3,True,False,False,False,True,False,mgtbind_compounds.csv,mgtbind
752,O=C(COc1ccccc1P(=O)(O)O)NCC(F)(F)c2ccccc2,True,False,False,False,True,False,mgtbind_compounds.csv,mgtbind
753,CC(C)(CNC(=O)COc1ccccc1P(=O)(O)O)c2ccccc2,True,False,False,False,True,False,mgtbind_compounds.csv,mgtbind
754,O=C(COc1ccccc1P(=O)(O)O)NCC(F)(F)c2ccc(Cl)cc2,True,False,False,False,True,False,mgtbind_compounds.csv,mgtbind
755,O=C(COc1ccccc1P(=O)(O)O)NCC(F)(F)c2ccc(Br)cc2,True,False,False,False,True,False,mgtbind_compounds.csv,mgtbind
756,O=C(COc1ccccc1P(=O)(O)O)NCC(F)(F)c2ccccc2F,True,False,False,False,True,False,mgtbind_compounds.csv,mgtbind
757,O=C(COc1ccccc1P(=O)(O)O)NCC(F)(F)c2cccc(F)c2,True,False,False,False,True,False,mgtbind_compounds.csv,mgtbind
758,O=C(COc1ccccc1P(=O)(O)O)NCC(F)(F)c2ccc(F)cc2,True,False,False,False,True,False,mgtbind_compounds.csv,mgtbind
759,O=C(COc1ccccc1P(=O)(O)O)NCC(F)(F)c2cccc(C(F)(F)F)c2,True,False,False,False,True,False,mgtbind_compounds.csv,mgtbind
760,O=C(COc1ccccc1P(=O)(O)O)NCC(F)(F)c2ccccc2OCc3ccccc3,True,False,False,False,True,False,mgtbind_compounds.csv,mgtbind
761,O=C(COc1ccccc1P(=O)(O)O)NCC(F)(F)c3ccc(OCc2ccccc2)cc3,True,False,False,False,True,False,mgtbind_compounds.csv,mgtbind
762,O=C(NCC(F)(F)c1ccccc1)C(F)Oc2ccccc2P(=O)(O)O,True,False,False,False,True,False,mgtbind_compounds.csv,mgtbind
763,O=C(COc1ccccc1OP(=O)(O)O)NCC(F)(F)c2ccccc2,True,False,False,False,True,False,mgtbind_compounds.csv,mgtbind
764,O=C(COc1ccccc1P(=O)(O)O)NCC(F)(F)c2c(F)cccc2F,True,False,False,False,True,False,mgtbind_compounds.csv,mgtbind
765,O=C(COc1ccccc1P(=O)(O)O)NCC(F)(F)c2cc(F)ccc2F,True,False,False,False,True,False,mgtbind_compounds.csv,mgtbind
766,O=C(COc1ccccc1P(=O)(O)O)NCC(F)(F)c2cc(F)cc(F)c2,True,False,False,False,True,False,mgtbind_compounds.csv,mgtbind
767,O=C(COc1ccccc1P(=O)(O)O)NCC(F)(F)c2ccc(F)c(F)c2,True,False,False,False,True,False,mgtbind_compounds.csv,mgtbind
768,CC1=C(C(NC2=C(CN(C3C(NC(CC3)=O)=O)C4=O)C4=CC=C2)=O)N=NN1C5=C(OC)C=CC(OC)=C5,True,False,False,False,True,False,mgtbind_compounds.csv,mgtbind
769,COC1=CC(N2N=NC(C(NC3=C(OCCCCCCCCOC4=CC=CC(C5=O)=C4C(N5C(CCC6=O)C(N6)=O)=O)C=CC(C(C)(C)C)=C3)=O)=C2C)=C(OC)C=C1,True,False,False,False,True,False,mgtbind_compounds.csv,mgtbind
770,COC1=CC(N2N=NC(C(NC3=C(OCCCCOC4=CC=CC5=C4C(N(C5=O)C6CCC(NC6=O)=O)=O)C=CC(C(C)(C)C)=C3)=O)=C2C)=C(OC)C=C1,True,False,False,False,True,False,mgtbind_compounds.csv,mgtbind
771,COC1=CC(N2N=NC(C(NC3=C(OCCOCCOCCOCCOCCOCCOC4=C(C(N(C5C(NC(CC5)=O)=O)C6=O)=O)C6=CC=C4)C=CC(C(C)(C)C)=C3)=O)=C2C)=C(OC)C=C1,True,False,False,False,True,False,mgtbind_compounds.csv,mgtbind
772,O=C(NC1=CC(OCCCCCCCCOC2=C3C(C(N(C4CCC(NC4=O)=O)C3=O)=O)=CC=C2)=CC(C(C)(C)C)=C1)C5=C(C)N(N=N5)C6=C(OC)C=CC(OC)=C6,True,False,False,False,True,False,mgtbind_compounds.csv,mgtbind
773,O=C(NC1=CC(OCCCC2=CN(CCCCNC(CNC3=C4C(N(C(C4=CC=C3)=O)C5CCC(NC5=O)=O)=O)=O)N=N2)=CC(C(C)(C)C)=C1)C6=C(C)N(N=N6)C7=C(OC)C=CC(OC)=C7,True,False,False,False,True,False,mgtbind_compounds.csv,mgtbind
774,COC(C=C1)=C(N2N=NC(C(NC3=C(OCCCCNC4=CC=CC5=C4CN(C6CCC(NC6=O)=O)C5=O)C=CC(C(C)(C)C)=C3)=O)=C2C)C=C1OC,True,False,False,False,True,False,mgtbind_compounds.csv,mgtbind
775,O=C(NC1=CC(OCCCCNC2=CC=CC3=C2CN(C3=O)C4C(NC(CC4)=O)=O)=CC(C(C)(C)C)=C1)C5=C(C)N(N=N5)C6=C(OC)C=CC(OC)=C6,True,False,False,False,True,False,mgtbind_compounds.csv,mgtbind
776,COC1=CC(N2N=NC(C(NC3=CC(OC(C=CC=C4C5=O)=C4C(N5C6C(NC(CC6)=O)=O)=O)=CC(C(C)(C)C)=C3)=O)=C2C)=C(OC)C=C1,True,False,False,False,True,False,mgtbind_compounds.csv,mgtbind
777,O=C1N(C2CCC(NC2=O)=O)C(C3=CC=CC(OC4=CC(C(C)(C)C)=CC(N)=C4)=C31)=O,True,False,False,False,True,False,mgtbind_compounds.csv,mgtbind
778,O=C1N(C2CCC(NC2=O)=O)C(C3=CC=CC(OC4=CC(C(C)(C)C)=CC(NC(C)=O)=C4)=C31)=O,True,False,False,False,True,False,mgtbind_compounds.csv,mgtbind
779,O=C1N(C2CCC(NC2=O)=O)C(C3=CC=CC(NCC(NC4=CC(C(C)(C)C)=CC(NC(C5=C(C)N(N=N5)C6=C(OC)C=CC(OC)=C6)=O)=C4)=O)=C31)=O,True,False,False,False,True,False,mgtbind_compounds.csv,mgtbind
780,O=C1N(C2CCC(NC2=O)=O)C(C3=CC=CC(NCC(OC4=CC(C(C)(C)C)=CC(NC(C5=C(C)N(N=N5)C6=C(OC)C=CC(OC)=C6)=O)=C4)=O)=C31)=O,True,False,False,False,True,False,mgtbind_compounds.csv,mgtbind
781,O=C(NC1=CC(C(C)(C)C)=CC(NC(C2=C(C)N(N=N2)C3=C(OC)C=CC(OC)=C3)=O)=C1)NC4=C5C(C(N(C6CCC(NC6=O)=O)C5=O)=O)=CC=C4,True,False,False,False,True,False,mgtbind_compounds.csv,mgtbind
782,O=C1N(C2CCC(NC2=O)=O)C(C3=CC=CC(NC(COC4=CC(C(C)(C)C)=CC(NC(C5=C(C)N(N=N5)C6=C(OC)C=CC(OC)=C6)=O)=C4)=O)=C31)=O,True,False,False,False,True,False,mgtbind_compounds.csv,mgtbind
783,O=C(NC1=CC(OCCNC2=C3C(C(N(C4CCC(NC4=O)=O)C3=O)=O)=CC=C2)=CC(C(C)(C)C)=C1)C5=C(C)N(N=N5)C6=C(OC)C=CC(OC)=C6,True,False,False,False,True,False,mgtbind_compounds.csv,mgtbind
784,O=C(NC1=CC(NCCNC2=C3C(C(N(C4CCC(NC4=O)=O)C3=O)=O)=CC=C2)=CC(C(C)(C)C)=C1)C5=C(C)N(N=N5)C6=C(OC)C=CC(OC)=C6,True,False,False,False,True,False,mgtbind_compounds.csv,mgtbind
785,CC(C)(C)C1=CC(NC(C)=O)=CC(NC2=C3C(C(N(C4CCC(NC4=O)=O)C3=O)=O)=CC=C2)=C1,True,False,False,False,True,False,mgtbind_compounds.csv,mgtbind
786,Cc3c(Cl)ccc4c(C=c2[nH]c(=O)n(C(C(=O)NC(CO)CO)c1ccc(F)c(F)c1)c2=O)c[nH]c34,True,False,False,False,True,False,mgtbind_compounds.csv,mgtbind
787,C1C(N(C2=CC=CC=C21)C(=O)OCC3=CC=CC=C3)CO,True,False,False,False,True,False,mgtbind_compounds.csv,mgtbind
788,CCC1=C2C(=CC=C1)C3=C(N2)C(OCC3)(CC)CC(=O)O,True,False,False,False,True,False,mgtbind_compounds.csv,mgtbind
789,Cn5cc(c3c(c1cn(CCCSC(=N)N)c2ccccc12)c(=O)[nH]c3=O)c4ccccc45,True,False,False,False,True,False,mgtbind_compounds.csv,mgtbind
790,COc1ccc5c(c1)c(c4c(c2c[nH]c3ccccc23)c(=O)[nH]c4=O)cn5CCCN(C)C,True,False,False,False,True,False,mgtbind_compounds.csv,mgtbind
791,CN(C)CC[C@H](CSC1=CC=CC=C1)NC2=C(C=C(C=C2)S(=O)(=O)NC(=O)C3=CC=C(C=C3)N4CCN(CC4)CC5=CC=CC=C5C6=CC=C(C=C6)Cl)[N+](=O)[O-],True,False,False,False,False,False,mgtbind_compounds.csv,mgtbind
792,CC1(CCC(=C(C1)CN2CCN(CC2)C3=CC=C(C=C3)C(=O)NS(=O)(=O)C4=CC(=C(C=C4)N[C@H](CCN5CCOCC5)CSC6=CC=CC=C6)S(=O)(=O)C(F)(F)F)C7=CC=C(C=C7)Cl)C,True,False,False,False,False,False,mgtbind_compounds.csv,mgtbind
793,CC1=C(NC(=O)N1)C(=O)C2=CC=C(C=C2)SC,True,False,False,False,True,False,mgtbind_compounds.csv,mgtbind
794,C[C@]12CC[C@H]3[C@H]([C@@H]1CC[C@@H]2O)CCC4=C3C=CC(=C4)O,True,False,False,False,False,False,mgtbind_compounds.csv,mgtbind
795,C[C@@H]1C(=O)NC2=NC3=C(CN12)C(=CC=C3)Cl,True,False,False,False,False,False,mgtbind_compounds.csv,mgtbind
796,COC1=C(C=CC(=C1)C2=NNC(=O)C=C2)OC(F)F,True,False,False,False,True,False,mgtbind_compounds.csv,mgtbind
797,CCN1C2=CC(F)=C3C=C2C(=C1C1=CC(N2CCN(C)CC2)=CN=C1[C@H](C)OC)CC(C)(C)COC(=O)[C@@H]1CCCN(N1)C(=O)[C@@H](NC(=O)[C@H]1C[C@@H]1C)CC1=NC3=CS1,True,False,False,False,False,False,mgtbind_compounds.csv,mgtbind
798,CCN1C2=C3C=C(C(F)=C2)C2=CSC(=N2)C[C@H](NC(=O)[C@H]2[C@@H]4COC[C@@H]42)C(=O)N2CCC[C@H](N2)C(=O)OCC(C)(C)CC3=C1C1=C([C@H](C)OC)N=CC(N2CCN(C)CC2)=C1,True,False,False,False,False,False,mgtbind_compounds.csv,mgtbind
799,CCN1C2=CC(F)=C3C=C2C(=C1C1=CC(N2CCN(C)CC2)=CN=C1[C@H](C)OC)CC(C)(C)COC(=O)[C@@H]1CCCN(N1)C(=O)[C@@H](NC(=O)[C@H]1C[C@@H]1C(F)F)CC1=NC3=CS1,True,False,False,False,False,False,mgtbind_compounds.csv,mgtbind
800,CO[C@@H](C)C1=NC=C(N2CCN(C)CC2)C=C1C1=C2CC(C)(C)COC(=O)[C@@H]3CCCN(N3)C(=O)[C@@H](NC(=O)[C@H]3C[C@@H]3C)CC3=NC(=CS3)C3=C(F)C=C(C2=C3)N1CC(F)(F)F,True,False,False,False,False,False,mgtbind_compounds.csv,mgtbind
801,CCN1C2=CC(F)=C3C=C2C(=C1C1=CC(N2CCN(C)CC2)=CN=C1[C@H](C)OC)CC(C)(C)COC(=O)[C@@H]1CCCN(N1)C(=O)[C@@H](NC(=O)[C@H]1C[C@@H]1C#N)CC1=NC3=CS1,True,False,False,False,False,False,mgtbind_compounds.csv,mgtbind
802,CCN1C2=CC(F)=C3C=C2C(=C1C1=CC(N2CCN(C)CC2)=CN=C1[C@H](C)OC)CC(C)(C)COC(=O)[C@@H]1CCCN(N1)C(=O)[C@@H](NC(=O)[C@@H]1C[C@H]1C#N)CC1=NC3=CS1,True,False,False,False,False,False,mgtbind_compounds.csv,mgtbind
803,CCN1C2=C3C=C(C(F)=C2)C2=CSC(=N2)C[C@H](NC(=O)[C@H]2C[C@@H]2C)C(=O)N2CCC[C@H](N2)C(=O)OCC(C)(C)CC3=C1C1=C([C@H](C)OC)N=CC(N2CCN(CC(F)(F)F)CC2)=C1,True,False,False,False,False,False,mgtbind_compounds.csv,mgtbind
804,CCN1C2=CC(F)=C3C=C2C(=C1C1=CC(N2CCOCC2)=CN=C1[C@H](C)OC)CC(C)(C)COC(=O)[C@@H]1CCCN(N1)C(=O)[C@@H](NC(=O)[C@H]1C[C@@H]1C)CC1=NC3=CS1,True,False,False,False,False,False,mgtbind_compounds.csv,mgtbind
805,CO[C@@H](C)C1=NC=C(N2CCN(CC(F)(F)F)CC2)C=C1C1=C2CC(C)(C)COC(=O)[C@@H]3CCCN(N3)C(=O)[C@@H](NC(=O)[C@H]3C[C@@H]3C)CC3=NC(=CS3)C3=C(F)C=C(C2=C3)N1CC(F)(F)F,True,False,False,False,False,False,mgtbind_compounds.csv,mgtbind
806,CO[C@@H](C)C1=NC=C(N2CCN(C)CC2)C=C1C1=C2CC(C)(C)COC(=O)[C@@H]3CCCN(N3)C(=O)[C@@H](NC(=O)[C@H]3C[C@@H]3C)CC3=NC(=CS3)C3=CC=C(C2=C3F)N1CC(F)(F)F,True,False,False,False,False,False,mgtbind_compounds.csv,mgtbind
807,CCN1C2=CC(F)=C3C=C2C(=C1C1=CC(N2CCOCC2)=CN=C1[C@H](C)OC)CC(C)(C)COC(=O)[C@@H]1CCCN(N1)C(=O)[C@@H](NC(=O)[C@H]1C[C@@H]1C(F)F)CC1=NC3=CS1,True,False,False,False,False,False,mgtbind_compounds.csv,mgtbind
808,CO[C@@H](C)C1=NC=C(N2CCOCC2)C=C1C1=C2CC(C)(C)COC(=O)[C@@H]3CCCN(N3)C(=O)[C@@H](NC(=O)[C@H]3C[C@@H]3C)CC3=NC(=CS3)C3=C(F)C=C(C2=C3)N1CC(F)(F)F,True,False,False,False,False,False,mgtbind_compounds.csv,mgtbind
809,CCN1C2=CC=C3C=C2C(C2=CC(N4CCN(C)CC4)=CN=C2C(C)OC)=C1CC(C)(C)COC(=O)C1CCCN(N1)C(=O)C(NC(=O)C1CC1C)CC1=NC3=CS1,True,False,False,False,True,False,mgtbind_compounds.csv,mgtbind
810,[H][C@@]12CCCN(N1)C(=O)[C@@H](NC(=O)[C@H](C(C)C)N(C)C(=O)C1CN(C(=O)[C@H](F)Cl)C1)CC1=CC(=CC(O)=C1)C1=CC3=C(C=C1)N(CC)C(C1=C(COC)N=CC=C1)=C3CC(C)(C)COC2=O,True,False,False,False,False,False,mgtbind_compounds.csv,mgtbind
811,[H][C@@]12CCCN(N1)C(=O)[C@@H](NC(=O)[C@H](C(C)C)N(C)C(=O)[C@H]1CCN(C(=O)[C@@H](F)Cl)C1)CC1=CC(O)=CC(=C1)C1=CC=C3C(=C1)C(=C(C1=CC=CN=C1[C@H](C)OC)N3CC)CC(C)(C)COC2=O,True,False,False,False,False,False,mgtbind_compounds.csv,mgtbind
812,[H][C@@]12CCCN(N1)C(=O)[C@@H](NC(=O)[C@H](C(C)C)N(C)C(=O)[C@H]1CCN(C(=O)[C@H](F)Cl)C1)CC1=CC(=CC(O)=C1)C1=CC3=C(C=C1)N(CC)C(C1=C([C@H](C)OC)N=CC=C1)=C3CC(C)(C)COC2=O,True,False,False,False,False,False,mgtbind_compounds.csv,mgtbind
813,[H][C@@]12CCCN(N1)C(=O)[C@@H](NC(=O)[C@H](C(C)C)N(C)C(=O)C1CC(C=O)C1)CC1=CC(O)=CC(=C1)C1=CC=C3C(=C1)C(=C(C1=CC=CN=C1[C@H](C)OC)N3CC)CC(C)(C)COC2=O,True,False,False,False,False,False,mgtbind_compounds.csv,mgtbind
814,[H][C@@]12CCCN(N1)C(=O)[C@@H](NC(=O)[C@H](C(C)C)N(C)C(=O)C1CC(C#C)C1)CC1=CC(O)=CC(=C1)C1=CC=C3C(=C1)C(=C(C1=CC=CN=C1[C@H](C)OC)N3CC)CC(C)(C)COC2=O,True,False,False,False,False,False,mgtbind_compounds.csv,mgtbind
815,[H][C@@]12CCCN(N1)C(=O)[C@@H](NC(=O)[C@H](C(C)C)N(C)C(=O)[C@H]1CCN(C(=O)C(C)=O)C1)CC1=CC(O)=CC(=C1)C1=CC=C3C(=C1)C(=C(C1=CC=CN=C1[C@H](C)OC)N3CC)CC(C)(C)COC2=O,True,False,False,False,False,False,mgtbind_compounds.csv,mgtbind
816,[H][C@@]12CCCN(N1)C(=O)[C@@H](NC(=O)[C@H](C(C)C)N(C)C(=O)[C@H]1CCN(CC#C)C1)CC1=CC(O)=CC(=C1)C1=CC=C3C(=C1)C(=C(C1=CC=CN=C1[C@H](C)OC)N3CC)CC(C)(C)COC2=O,True,False,False,False,False,False,mgtbind_compounds.csv,mgtbind
817,[H][C@@]12CCCN(N1)C(=O)[C@@H](NC(=O)[C@H](C(C)C)N(C)C(=O)[C@H]1CCN(CC#N)C1)CC1=CC(O)=CC(=C1)C1=CC=C3C(=C1)C(=C(C1=CC=CN=C1[C@H](C)OC)N3CC)CC(C)(C)COC2=O,True,False,False,False,False,False,mgtbind_compounds.csv,mgtbind
818,[H][C@@]12CCCN(N1)C(=O)[C@@H](NC(=O)[C@H](C(C)C)N(C)C(=O)C1CC(C(=O)C=S(C)(C)=O)C1)CC1=CC(O)=CC(=C1)C1=CC=C3C(=C1)C(=C(C1=CC=CN=C1[C@H](C)OC)N3CC)CC(C)(C)COC2=O,True,False,False,False,False,False,mgtbind_compounds.csv,mgtbind
819,[H][C@@]12CCCN(N1)C(=O)[C@@H](NC(=O)[C@H](C(C)C)N(C)C(=O)[C@H]1CCN(C(=O)/C=C/N3C=NC=N3)C1)CC1=CC(O)=CC(=C1)C1=CC=C3C(=C1)C(=C(C1=CC=CN=C1[C@H](C)OC)N3CC)CC(C)(C)COC2=O,True,False,False,False,False,False,mgtbind_compounds.csv,mgtbind
820,CCN1C2=C3C=C(C=C2)C2=CSC(=N2)C[C@H](NC(=O)[C@H](C(C)C)N(C)C(=O)[C@H]2CCN(C(=O)[C@H](F)Cl)C2)C(=O)N2CCC[C@H](N2)C(=O)OCC(C)(C)CC3=C1C1=C([C@H](C)OC)N=CC(N2CCN(C)CC2)=C1,True,False,False,False,False,False,mgtbind_compounds.csv,mgtbind
821,[H][C@@]17CCCN(N1)C(=O)[C@H](NC(=O)[C@H](C(C)C)N(C)C(=O)[C@H]4CCN(C(=O)C23CC2C3)C4)Cc5cc(O)cc(c5)c6ccc9c(c6)c(CC(C)(C)COC7=O)c(c8cccnc8[C@H](C)OC)n9CC,True,False,False,False,False,False,mgtbind_compounds.csv,mgtbind
822,[H][C@@]12CCCN(N1)C(=O)[C@@H](NC(=O)[C@H](C(C)C)N(C)C(=O)[C@H]1CCN(C(=O)[C@H](F)Cl)C1)CC1=CC(O)=CC(=C1)C1=CC=C3C(=C1)C(=C(C1=CC(N4CCN(C)CC4)=CN=C1[C@H](C)OC)N3CC)CC(C)(C)COC2=O,True,False,False,False,False,False,mgtbind_compounds.csv,mgtbind
823,[H][C@@]12CCCN(N1)C(=O)[C@@H](NC(=O)[C@H](C(C)C)N(C)C(=O)C1CC(C#CC3=CC=CC=N3)C1)CC1=CC(O)=CC(=C1)C1=CC=C3C(=C1)C(=C(C1=CC=CN=C1[C@H](C)OC)N3CC)CC(C)(C)COC2=O,True,False,False,False,False,False,mgtbind_compounds.csv,mgtbind
824,[H][C@@]12CCCN(N1)C(=O)[C@@H](NC(=O)[C@H](C(C)C)N(C)C(=O)N1CC(C#C)C1)CC1=CC(O)=CC(=C1)C1=CC=C3C(=C1)C(=C(C1=CC=CN=C1[C@H](C)OC)N3CC)CC(C)(C)COC2=O,True,False,False,False,False,False,mgtbind_compounds.csv,mgtbind
825,[H][C@@]12CCCN(N1)C(=O)[C@@H](NC(=O)[C@H](C(C)C)N(C)C(=O)N1CCC(C#C)CC1)CC1=CC(O)=CC(=C1)C1=CC=C3C(=C1)C(=C(C1=CC=CN=C1[C@H](C)OC)N3CC)CC(C)(C)COC2=O,True,False,False,False,False,False,mgtbind_compounds.csv,mgtbind
826,[H][C@@]12CCCN(N1)C(=O)[C@@H](NC(=O)[C@H](C(C)C)N(C)C(=O)N1CCC(F)(C#C)CC1)CC1=CC(O)=CC(=C1)C1=CC=C3C(=C1)C(=C(C1=CC=CN=C1[C@H](C)OC)N3CC)CC(C)(C)COC2=O,True,False,False,False,False,False,mgtbind_compounds.csv,mgtbind
827,CCN1C2=C3C=C(C=C2)C2=CSC(=N2)C[C@H](NC(=O)[C@H](C(C)C)N(C)C(=O)[C@H]2CCN(C(=O)[C@H](F)Cl)C2)C(=O)N2CCC[C@H](N2)C(=O)OCC(C)(C)CC3=C1C1=C([C@H](C)OC)N=CC=C1,True,False,False,False,False,False,mgtbind_compounds.csv,mgtbind
828,CCN1C2=CC=C3C=C2C(=C1C1=CC(N2CCN(C)CC2)=CN=C1[C@H](C)OC)CC(C)(C)COC(=O)[C@@H]1CCCN(N1)C(=O)[C@@H](NC(=O)[C@H](C(C)C)N1CCCC2(CCN(C(=O)[C@H](F)Cl)C2)C1=O)CC1=NC3=CS1,True,False,False,False,False,False,mgtbind_compounds.csv,mgtbind
829,CO[C@@H](C)C1=NC=C(N2CCN(C)CC2)C=C1C1=C2CC(C)(C)COC(=O)[C@@H]3CCCN(N3)C(=O)[C@@H](NC(=O)[C@H](C(C)C)N3CCCC4(CCN(C(=O)[C@H](F)Cl)C4)C3=O)CC3=NC(=CS3)C3=CC=C(C2=C3)N1CC(F)(F)F,True,False,False,False,False,False,mgtbind_compounds.csv,mgtbind
830,CO[C@@H](C)C1=NC=C(N2CCN(C)CC2)C=C1C1=C2CC(C)(C)COC(=O)[C@@H]3CCCN(N3)C(=O)[C@@H](NC(=O)[C@H](C(C)C)N(C)C(=O)C3(F)CCN(C(=O)[C@H](F)Cl)CC3)CC3=NC(=CS3)C3=CC=C(C2=C3)N1CC(F)(F)F,True,False,False,False,False,False,mgtbind_compounds.csv,mgtbind
831,CO[C@@H](C)C1=NC=C(N2CCN(C)CC2)C=C1C1=C2CC(C)(C)COC(=O)[C@@H]3CCCN(N3)C(=O)[C@@H](NC(=O)[C@H](C(C)C)N(C)C(=O)[C@H]3CCN(C(=O)[C@H](F)Cl)C3)CC3=NC(=CS3)C3=CC=C(C2=C3)N1CC(F)(F)F,True,False,False,False,False,False,mgtbind_compounds.csv,mgtbind
832,CO[C@@H](C)C1=NC=CC=C1C1=C2CC(C)(C)COC(=O)[C@@H]3CCCN(N3)C(=O)[C@@H](NC(=O)[C@H](C(C)C)N(C)C(=O)[C@H]3CCN(C(=O)[C@H](F)Cl)C3)CC3=NC(=CS3)C3=CC=C(C2=C3)N1CC(F)(F)F,True,False,False,False,False,False,mgtbind_compounds.csv,mgtbind
833,CO[C@@H](C)C1=NC=C(N2CCN(C)CC2)C=C1C1=C2CC(C)(C)COC(=O)[C@@H]3CCCN(N3)C(=O)[C@@H](NC(=O)[C@H](C(C)C)N3CC[C@]4(CCN(C(=O)[C@H](F)Cl)C4)C3=O)CC3=NC(=CS3)C3=CC=C(C2=C3)N1CC(F)(F)F,True,False,False,False,False,False,mgtbind_compounds.csv,mgtbind
834,CO[C@@H](C)C1=NC=C(N2CCN(C)CC2)C=C1C1=C2CC(C)(C)COC(=O)[C@@H]3CCCN(N3)C(=O)[C@@H](NC(=O)[C@H](C(C)C)N3CC[C@@]4(CCN(C(=O)[C@H](F)Cl)C4)C3=O)CC3=NC(=CS3)C3=CC=C(C2=C3)N1CC(F)(F)F,True,False,False,False,False,False,mgtbind_compounds.csv,mgtbind
835,CO[C@@H](C)C1=NC=C(N2CCOCC2)C=C1C1=C2CC(C)(C)COC(=O)[C@@H]3CCCN(N3)C(=O)[C@@H](NC(=O)[C@H](C(C)C)N(C)C(=O)[C@H]3CCN(C(=O)[C@H](F)Cl)C3)CC3=NC(=CS3)C3=CC=C(C2=C3)N1CC(F)(F)F,True,False,False,False,False,False,mgtbind_compounds.csv,mgtbind
836,CCN1C2=CC=C3C=C2C(=C1C1=CC(N2CCN(CC(F)(F)F)CC2)=CN=C1[C@H](C)OC)CC(C)(C)COC(=O)[C@@H]1CCCN(N1)C(=O)[C@@H](NC(=O)[C@H](C(C)C)N(C)C(=O)[C@H]1CCN(C(=O)[C@H](F)Cl)C1)CC1=NC3=CS1,True,False,False,False,False,False,mgtbind_compounds.csv,mgtbind
837,CCN1C2=CC=C3C=C2C(=C1C1=CC=CN=C1[C@H](C)OC)CC(C)(C)COC(=O)[C@@H]1CCCN(N1)C(=O)[C@@H](NC(=O)[C@H](C(C)C)N(C)C(=O)C1CCN(C(=O)C#CCN2CCOCC2)C1)CC1=CC3=CC(O)=C1,True,False,False,False,False,False,mgtbind_compounds.csv,mgtbind
838,[H][C@@]12CCCN(N1)C(=O)[C@@H](NC(=O)[C@H](C(C)C)N(C)C(=O)C1CN(C(=O)CCl)C1)CC1=CC(=CC(O)=C1)C1=CC3=C(C=C1)N(CC)C(C1=C(COC)N=CC=C1)=C3CC(C)(C)COC2=O,True,False,False,False,False,False,mgtbind_compounds.csv,mgtbind
839,CC(C)[C@@H](C(=O)N[C@H]1CC2=CC(=CC(O)=C2)C2=CC3=C(C=C2)C(C(C)(C)C#N)=CN3CC(C)(C)COC(=O)[C@@H]2CCCN(N2)C1=O)N1CCCC2(CCN(C(=O)CCl)C2)C1=O,True,False,False,False,False,False,mgtbind_compounds.csv,mgtbind
840,CCC1=CC(C2=CC=CC(C3CCC(=O)NC3=O)=C2Cl)=CC=C1N,True,False,False,False,True,False,mgtbind_compounds.csv,mgtbind
841,NC1=NC=CN1CC1=CC=C(C2=CC=CC(C3CCC(=O)NC3=O)=C2Cl)C=C1,True,False,False,False,True,False,mgtbind_compounds.csv,mgtbind
842,O=C1CCC(C2=CC=CC(C3=CC=C(OCC4=NC=CC=C4)C=C3)=C2Cl)C(=O)N1,True,False,False,False,True,False,mgtbind_compounds.csv,mgtbind
843,CN1CCN(CCOC2=CC=C(C3=C(Cl)C(C4CCC(=O)NC4=O)=CC=C3)C=C2)CC1,True,False,False,False,True,False,mgtbind_compounds.csv,mgtbind
844,NC1=C(Cl)C=C(C2=C(Cl)C(C3CCC(=O)NC3=O)=CC=C2)C=C1,True,False,False,False,True,False,mgtbind_compounds.csv,mgtbind
845,O=C1CCC(C2=CC=CC(C3=CC=C(C4COC(=O)N4)C=C3)=C2Cl)C(=O)N1,True,False,False,False,True,False,mgtbind_compounds.csv,mgtbind
846,O=C1CCC(C2=CC=CC(C3=CC=C(C4COC(=O)N4)C(F)=C3)=C2Cl)C(=O)N1,True,False,False,False,True,False,mgtbind_compounds.csv,mgtbind
847,COC1=CC=C(C2=CC=CC(C3CCC(=O)NC3=O)=C2Cl)C=C1OC(F)F,True,False,False,False,True,False,mgtbind_compounds.csv,mgtbind
848,O=C1CCC(C2=CC=CC(C3=CC=C(OC4CCOC4)C=C3)=C2Cl)C(=O)N1,True,False,False,False,True,False,mgtbind_compounds.csv,mgtbind
849,NC1=NN(CC2=CC=C(C3=C(Cl)C(C4CCC(=O)NC4=O)=CC=C3)C=C2)C=N1,True,False,False,False,True,False,mgtbind_compounds.csv,mgtbind
850,CC1=NC=CN1CC1=CC=C(C2=C(Cl)C(C3CCC(=O)NC3=O)=CC=C2)C=C1,True,False,False,False,True,False,mgtbind_compounds.csv,mgtbind
851,N#CC1=C(O)C=CC(C2=C(Cl)C(C3CCC(=O)NC3=O)=CC=C2)=C1,True,False,False,False,True,False,mgtbind_compounds.csv,mgtbind
852,NC1=C(OC(F)F)C=C(C2=C(Cl)C(C3CCC(=O)NC3=O)=CC=C2)C=C1,True,False,False,False,True,False,mgtbind_compounds.csv,mgtbind
853,CCNC1=CC=C(C2=CC=CC(C3CCC(=O)NC3=O)=C2Cl)C=C1,True,False,False,False,True,False,mgtbind_compounds.csv,mgtbind
854,CNC1=CC=C(C2=CC=CC(C3CCC(=O)NC3=O)=C2Cl)C=C1C,True,False,False,False,True,False,mgtbind_compounds.csv,mgtbind
855,O=C1CCC(C2=CC=CC(C3=CC=C(OCCCO)C=C3)=C2Cl)C(=O)N1,True,False,False,False,True,False,mgtbind_compounds.csv,mgtbind
856,NC1=CC=NN1CC1=CC=C(C2=C(Cl)C(C3CCC(=O)NC3=O)=CC=C2)C=C1,True,False,False,False,True,False,mgtbind_compounds.csv,mgtbind
857,O=C1CCC(C2=CC=CC(C3=CC=C(OCC4CCCO4)C=C3)=C2Cl)C(=O)N1,True,False,False,False,True,False,mgtbind_compounds.csv,mgtbind
858,O=C1CCC(C2=CC=CC(C3=CC=C(CN4C=CC=N4)C=C3)=C2Cl)C(=O)N1,True,False,False,False,True,False,mgtbind_compounds.csv,mgtbind
859,O=C1CN(CCOC2=CC=C(C3=C(Cl)C(C4CCC(=O)NC4=O)=CC=C3)C=C2)CCN1,True,False,False,False,True,False,mgtbind_compounds.csv,mgtbind
860,O=C1CCC(C2=CC=CC(C3=CC=C(CCN4CCOCC4)C=C3)=C2Cl)C(=O)N1,True,False,False,False,True,False,mgtbind_compounds.csv,mgtbind
861,O=C1CCC(C2=CC=CC(C3=CC=C(OCC4=CC=CN=C4)C=C3)=C2Cl)C(=O)N1,True,False,False,False,True,False,mgtbind_compounds.csv,mgtbind
862,O=C1CCC(C2=CC=CC(C3=CC=C(OCC4=CC=NC=C4)C=C3)=C2Cl)C(=O)N1,True,False,False,False,True,False,mgtbind_compounds.csv,mgtbind
863,COC1=CC(C2=CC=CC(C3CCC(=O)NC3=O)=C2Cl)=CC=C1C(F)F,True,False,False,False,True,False,mgtbind_compounds.csv,mgtbind
864,COCCCOC1=CC=C(C2=C(Cl)C(C3CCC(=O)NC3=O)=CC=C2)C=C1,True,False,False,False,True,False,mgtbind_compounds.csv,mgtbind
865,CC1=CC(C)=NN1CC1=CC=C(C2=C(Cl)C(C3CCC(=O)NC3=O)=CC=C2)C=C1,True,False,False,False,True,False,mgtbind_compounds.csv,mgtbind
866,CC(=O)NC1=CC=C(C2=C(Cl)C(C3CCC(=O)NC3=O)=CC=C2)C=C1,True,False,False,False,True,False,mgtbind_compounds.csv,mgtbind
867,CC(C)NC1=CC=C(C2=C(Cl)C(C3CCC(=O)NC3=O)=CC=C2)C=C1,True,False,False,False,True,False,mgtbind_compounds.csv,mgtbind
868,NC1=CC=C(C2=C(Cl)C(C3CCC(=O)NC3=O)=CC=C2)C=C1,True,False,False,False,True,False,mgtbind_compounds.csv,mgtbind
869,CC1=CC(C2=CC=CC(C3CCC(=O)NC3=O)=C2Cl)=CC=C1N,True,False,False,False,True,False,mgtbind_compounds.csv,mgtbind
870,COC1=CC(C2=CC=CC(C3CCC(=O)NC3=O)=C2Cl)=CC=C1C,True,False,False,False,True,False,mgtbind_compounds.csv,mgtbind
871,N#CC1=CC=C(C2=CC=CC(C3CCC(=O)NC3=O)=C2Cl)C=C1N,True,False,False,False,True,False,mgtbind_compounds.csv,mgtbind
872,CNC1=CC=C(C2=C(Cl)C(C3CCC(=O)NC3=O)=CC=C2)C=C1,True,False,False,False,True,False,mgtbind_compounds.csv,mgtbind
873,CN(C)CCOC1=CC=C(C2=C(Cl)C(C3CCC(=O)NC3=O)=CC=C2)C=C1,True,False,False,False,True,False,mgtbind_compounds.csv,mgtbind
874,O=C1CCC(C2=CC=CC(C3=CC=C(OCCN4CCCC4)C=C3)=C2Cl)C(=O)N1,True,False,False,False,True,False,mgtbind_compounds.csv,mgtbind
875,COC1=C(C2=C(Cl)C(C3CCC(=O)NC3=O)=CC=C2)C=CC(OC(F)F)=C1,True,False,False,False,True,False,mgtbind_compounds.csv,mgtbind
876,NC1=C(Cl)C=CC(C2=C(Cl)C(C3CCC(=O)NC3=O)=CC=C2)=C1,True,False,False,False,True,False,mgtbind_compounds.csv,mgtbind
877,COC1=CC=C(C2=CC=CC(C3CCC(=O)NC3=O)=C2Cl)C=C1C#N,True,False,False,False,True,False,mgtbind_compounds.csv,mgtbind
878,O=C1CCC(C2=CC=CC(C3=CC=C(CN4C=CN=C4)C=C3)=C2Cl)C(=O)N1,True,False,False,False,True,False,mgtbind_compounds.csv,mgtbind
879,O=C1CCC(C2=CC=CC(C3=CC=C(OCC4CCOC4)C=C3)=C2Cl)C(=O)N1,True,False,False,False,True,False,mgtbind_compounds.csv,mgtbind
880,N#CC1=CC=C(C2=C(Cl)C(C3CCC(=O)NC3=O)=CC=C2)C=C1,True,False,False,False,True,False,mgtbind_compounds.csv,mgtbind
881,O=C1CCC(C2=C(Cl)C(C3=CC=C(CN4C=CC=CC4=O)C=C3)=CC=C2F)C(=O)N1,True,False,False,False,True,False,mgtbind_compounds.csv,mgtbind
882,CN1C=CC(COC2=CC=C(C3=C(Cl)C(C4CCC(=O)NC4=O)=C(F)C=C3)C=C2)=N1,True,False,False,False,True,False,mgtbind_compounds.csv,mgtbind
883,CN1C=CC(COC2=CC=C(C3=C(F)C(C4CCC(=O)NC4=O)=C(Cl)C=C3)C=C2)=N1,True,False,False,False,True,False,mgtbind_compounds.csv,mgtbind
884,CN1C=CC(COC2=CC=C(C3=CC=C(Cl)C(C4CCC(=O)NC4=O)=C3Cl)C=C2)=N1,True,False,False,False,True,False,mgtbind_compounds.csv,mgtbind
885,O=C1CCC(C2=C(F)C=CC(C3=CC=C(CN4C=CC=CC4=O)C=C3)=C2F)C(=O)N1,True,False,False,False,True,False,mgtbind_compounds.csv,mgtbind
886,COC1=C(C)C=C(C2=C(F)C(C3CCC(=O)NC3=O)=C(F)C=C2)C=C1,True,False,False,False,True,False,mgtbind_compounds.csv,mgtbind
887,O=C1CCC(C2=CC=CC(C3=CC=C(CN4C=CC=CC4=O)C=C3)=C2F)C(=O)N1,True,False,False,False,True,False,mgtbind_compounds.csv,mgtbind
888,CN1C=CC(COC2=CC=C(C3=C(F)C(C4CCC(=O)NC4=O)=CC=C3)C=C2)=N1,True,False,False,False,True,False,mgtbind_compounds.csv,mgtbind
889,CN1C=CC(COC2=CC=C(C3=CC(C4CCC(=O)NC4=O)=CC=C3)C=C2)=N1,True,False,False,False,True,False,mgtbind_compounds.csv,mgtbind
890,CC1=C(C2=CC(C3CCC(=O)NC3=O)=C(Cl)C=C2)C=CC(OCC2=NN(C)C=C2)=C1,True,False,False,False,True,False,mgtbind_compounds.csv,mgtbind
891,CN1C=CC(COC2=CC(Cl)=C(C3=CC(C4CCC(=O)NC4=O)=C(Cl)C=C3)C=C2)=N1,True,False,False,False,True,False,mgtbind_compounds.csv,mgtbind
892,CN1C=CC(COC2=CC=C(C3=CC=CC(C4CCC(=O)NC4=O)=C3Cl)C=C2)=N1,True,False,False,False,True,False,mgtbind_compounds.csv,mgtbind
893,CC1=CC(C2=CC=CC(C3CCC(=O)NC3=O)=C2Cl)=CC=C1OCCN1CCOCC1,True,False,False,False,True,False,mgtbind_compounds.csv,mgtbind
894,O=C1CCC(C2=CC=CC(C3=CC=C(CN4C=CC=CC4=O)C=C3)=C2Cl)C(=O)N1,True,False,False,False,True,False,mgtbind_compounds.csv,mgtbind
895,CN1C=CC(COC2=CC=C(C3=C(Cl)C(C4CCC(=O)NC4=O)=CC(C#N)=C3)C=C2)=N1,True,False,False,False,True,False,mgtbind_compounds.csv,mgtbind
896,CN1C=CC(=O)N1CC1=CC=C(C2=C(Cl)C(C3CCC(=O)NC3=O)=CC=C2)C=C1,True,False,False,False,True,False,mgtbind_compounds.csv,mgtbind
897,O=C1CCC(C2=CC=CC(C3=CC=C(CC4=NC=CN=C4)C=C3)=C2Cl)C(=O)N1,True,False,False,False,True,False,mgtbind_compounds.csv,mgtbind
898,CN1C=CC(OCC2=CC=C(C3=CC=CC(C4CCC(=O)NC4=O)=C3Cl)C=C2)=N1,True,False,False,False,True,False,mgtbind_compounds.csv,mgtbind
899,O=C1CCC(C2=CC=CC(C3=CC=C(N4CCCCC4=O)C=C3)=C2Cl)C(=O)N1,True,False,False,False,True,False,mgtbind_compounds.csv,mgtbind
900,O=C1CCC(C2=CC=CC(C3=CC=C(N4CCCC4=O)C=C3)=C2Cl)C(=O)N1,True,False,False,False,True,False,mgtbind_compounds.csv,mgtbind
901,O=C1CCC(C2=CC=CC(C3=CC=C(N4CCC4=O)C=C3)=C2Cl)C(=O)N1,True,False,False,False,True,False,mgtbind_compounds.csv,mgtbind
902,CN1C=CC(C2=CC=C(C3=C(Cl)C(C4CCC(=O)NC4=O)=CC=C3)C=C2)=N1,True,False,False,False,True,False,mgtbind_compounds.csv,mgtbind
903,CC(OC1=CC=CC=N1)C1=CC=C(C2=C(Cl)C(C3CCC(=O)NC3=O)=CC=C2)C=C1,True,False,False,False,True,False,mgtbind_compounds.csv,mgtbind
904,O=C1CCC(C2=CC=CC(C3=CC=C(N4CCC(CN5C=CC=CC5=O)CC4)C=C3)=C2Cl)C(=O)N1,True,False,False,False,True,False,mgtbind_compounds.csv,mgtbind
905,O=C1CCC(C2=CC=CC(C3=CC=C(OCC4=CNC=N4)C=C3)=C2Cl)C(=O)N1,True,False,False,False,True,False,mgtbind_compounds.csv,mgtbind
906,O=C1CCC(C2=CC=CC(C3=CC=C(CN4CCCCC4=O)C=C3)=C2Cl)C(=O)N1,True,False,False,False,True,False,mgtbind_compounds.csv,mgtbind
907,O=C1CCC(C2=CC=CC(C3=CC=C(CC4=CC=CC=N4)C=C3)=C2Cl)C(=O)N1,True,False,False,False,True,False,mgtbind_compounds.csv,mgtbind
908,O=C1CCC(C2=CC=CC(C3=CC=C(CN4C=CC(F)=CC4=O)C=C3)=C2Cl)C(=O)N1,True,False,False,False,True,False,mgtbind_compounds.csv,mgtbind
909,O=C1CCC(C2=CC=CC(C3=CC=C(CN4C=CC(C(F)(F)F)=CC4=O)C=C3)=C2Cl)C(=O)N1,True,False,False,False,True,False,mgtbind_compounds.csv,mgtbind
910,C#CC1=CC=C(C2CCC(=O)NC2=O)C(Cl)=C1C1=CC=C(OCC2=NN(C)C=C2)C=C1,True,False,False,False,True,False,mgtbind_compounds.csv,mgtbind
911,CC(OC1=CC=C(C2=C(Cl)C(C3CCC(=O)NC3=O)=CC=C2)C=C1)C1=NN(C)C=C1,True,False,False,False,True,False,mgtbind_compounds.csv,mgtbind
912,CC(C1=CC=C(C2=CC=CC(C3CCC(=O)NC3=O)=C2Cl)C=C1)N1C=CC=CC1=O,True,False,False,False,True,False,mgtbind_compounds.csv,mgtbind
913,COC1=CC(=O)N(CC2=CC=C(C3=CC=CC(C4CCC(=O)NC4=O)=C3Cl)C=C2)C=C1,True,False,False,False,True,False,mgtbind_compounds.csv,mgtbind
914,CN1C=CC(CC2=CC=C(C3=CC=CC(C4CCC(=O)NC4=O)=C3Cl)C=C2)=N1,True,False,False,False,True,False,mgtbind_compounds.csv,mgtbind
915,CN1C=CC(COC2=CC(Cl)=C(C3=C(Cl)C(C4CCC(=O)NC4=O)=CC=C3)C=C2)=N1,True,False,False,False,True,False,mgtbind_compounds.csv,mgtbind
916,O=C1CCC(C2=CC=CC(C3=CC=C(CCCN4C=CC=CC4=O)C=C3)=C2Cl)C(=O)N1,True,False,False,False,True,False,mgtbind_compounds.csv,mgtbind
917,CN1C=CC(COC2=CC=C(C3=C(Cl)C(C4CCC(=O)NC4=O)=CC=C3C#N)C=C2)=N1,True,False,False,False,True,False,mgtbind_compounds.csv,mgtbind
918,CN1C=CC(CNC2=CC=C(C3=C(Cl)C(C4CCC(=O)NC4=O)=CC=C3)C=C2)=N1,True,False,False,False,True,False,mgtbind_compounds.csv,mgtbind
919,O=C1CCC(C2=CC=CC(C3=CC=C(C(=O)N4CCCC4)C=C3)=C2Cl)C(=O)N1,True,False,False,False,True,False,mgtbind_compounds.csv,mgtbind
920,O=C1CCC(C2=CC=CC(C3=CC=C(CCN4C=CC=CC4=O)C=C3)=C2Cl)C(=O)N1,True,False,False,False,True,False,mgtbind_compounds.csv,mgtbind
921,CN1C=NC(COC2=CC=C(C3=CC=CC(C4CCC(=O)NC4=O)=C3Cl)C=C2)=C1,True,False,False,False,True,False,mgtbind_compounds.csv,mgtbind
922,CC1=CC=CC(=O)N1CC1=CC=C(C2=C(Cl)C(C3CCC(=O)NC3=O)=CC=C2)C=C1,True,False,False,False,True,False,mgtbind_compounds.csv,mgtbind
923,O=C1CCC(C2=CC=CC(C3=CC=C(N4C=CC=CC4=O)C=C3)=C2Cl)C(=O)N1,True,False,False,False,True,False,mgtbind_compounds.csv,mgtbind
924,CN1C=NC=C1COC1=CC=C(C2=C(Cl)C(C3CCC(=O)NC3=O)=CC=C2)C=C1,True,False,False,False,True,False,mgtbind_compounds.csv,mgtbind
925,CC1=CC=CN(CC2=CC=C(C3=C(Cl)C(C4CCC(=O)NC4=O)=CC=C3)C=C2)C1=O,True,False,False,False,True,False,mgtbind_compounds.csv,mgtbind
926,CC1=CN(CC2=CC=C(C3=CC=CC(C4CCC(=O)NC4=O)=C3Cl)C=C2)C(=O)C=C1,True,False,False,False,True,False,mgtbind_compounds.csv,mgtbind
927,CC1=CC(=O)N(CC2=CC=C(C3=CC=CC(C4CCC(=O)NC4=O)=C3Cl)C=C2)C=C1,True,False,False,False,True,False,mgtbind_compounds.csv,mgtbind
928,O=C1CCC(C2=CC=CC(C3=CC=CC(COC4CCOC4)=C3)=C2Cl)C(=O)N1,True,False,False,False,True,False,mgtbind_compounds.csv,mgtbind
929,CN1C=C(CNC2=CC=C(C3=C(Cl)C(C4CCC(=O)NC4=O)=CC=C3)C=C2)C=N1,True,False,False,False,True,False,mgtbind_compounds.csv,mgtbind
930,CN1C=CC(CCC2=CC=C(C3=C(Cl)C(C4CCC(=O)NC4=O)=CC=C3)C=C2)=N1,True,False,False,False,True,False,mgtbind_compounds.csv,mgtbind
931,O=C1CCC(C2=CC=CC(C3=CC=C(N4CCC4)C=C3)=C2Cl)C(=O)N1,True,False,False,False,True,False,mgtbind_compounds.csv,mgtbind
932,CN1C=CC(NCC2=CC=C(C3=CC=CC(C4CCC(=O)NC4=O)=C3Cl)C=C2)=N1,True,False,False,False,True,False,mgtbind_compounds.csv,mgtbind
933,CC(C)(C1=CC=C(C2=C(Cl)C(C3CCC(=O)NC3=O)=CC=C2)C=C1)N1CCCCC1=O,True,False,False,False,True,False,mgtbind_compounds.csv,mgtbind
934,O=C1CCC(C2=CC=CC(C3=CC=C(C4COC4)C=C3)=C2Cl)C(=O)N1,True,False,False,False,True,False,mgtbind_compounds.csv,mgtbind
935,CC1=C(N2C=CC=CC2=O)C=CC(C2=C(Cl)C(C3CCC(=O)NC3=O)=CC=C2)=C1,True,False,False,False,True,False,mgtbind_compounds.csv,mgtbind
936,CC1CCCC(=O)N1C1=CC=C(C2=C(Cl)C(C3CCC(=O)NC3=O)=CC=C2)C=C1,True,False,False,False,True,False,mgtbind_compounds.csv,mgtbind
937,O=C1CC[C@H](C2=C(Cl)C(C3=CC=C(CN4C=CC=CC4=O)C=C3)=CC=C2)C(=O)N1,True,False,False,False,False,False,mgtbind_compounds.csv,mgtbind
938,O=C1CC[C@@H](C2=C(Cl)C(C3=CC=C(CN4C=CC=CC4=O)C=C3)=CC=C2)C(=O)N1,True,False,False,False,False,False,mgtbind_compounds.csv,mgtbind
939,O=C1CCC(C2=CC=CC(C3=CC=C(OCC4=NNC=C4)C=C3)=C2Cl)C(=O)N1,True,False,False,False,True,False,mgtbind_compounds.csv,mgtbind
940,O=C1CCC(C2=CC=CC(C3=CC=C(N4CCCOC4=O)C=C3)=C2Cl)C(=O)N1,True,False,False,False,True,False,mgtbind_compounds.csv,mgtbind
941,O=C1CCC(C2=CC=CC(C3=CC=C(N4C(=O)CCCC4=O)C=C3)=C2Cl)C(=O)N1,True,False,False,False,True,False,mgtbind_compounds.csv,mgtbind
942,O=C1CCC(C2=CC=CC(C3=CC=C(CN4CCCC4=O)C=C3)=C2Cl)C(=O)N1,True,False,False,False,True,False,mgtbind_compounds.csv,mgtbind
943,CN1C=CC(C(=O)NC2=CC=C(C3=CC=CC(C4CCC(=O)NC4=O)=C3Cl)C=C2)=N1,True,False,False,False,True,False,mgtbind_compounds.csv,mgtbind
944,O=C1CCC(C2=CC=CC(C3=CC=C(CC4=NC=CC=N4)C=C3)=C2Cl)C(=O)N1,True,False,False,False,True,False,mgtbind_compounds.csv,mgtbind
945,CN1C=CC(COC2=CC=C(C3=CC=CC([C@@H]4CCC(=O)NC4=O)=C3Cl)C=C2)=N1,True,False,False,False,False,False,mgtbind_compounds.csv,mgtbind
946,O=C1CC[C@H](C2=CC=CC(C3=CC=C(N4C=CC=CC4=O)C=C3)=C2Cl)C(=O)N1,True,False,False,False,False,False,mgtbind_compounds.csv,mgtbind
947,O=C1CC[C@@H](C2=CC=CC(C3=CC=C(N4C=CC=CC4=O)C=C3)=C2Cl)C(=O)N1,True,False,False,False,False,False,mgtbind_compounds.csv,mgtbind
948,O=C1CCC(C2=CC=CC(C3=CC=C(N4CCOC4=O)C=C3)=C2Cl)C(=O)N1,True,False,False,False,True,False,mgtbind_compounds.csv,mgtbind
949,CN1C=CC(COC2=CC=C(C3=CC=CC([C@H]4CCC(=O)NC4=O)=C3Cl)C=C2)=N1,True,False,False,False,False,False,mgtbind_compounds.csv,mgtbind
950,CC1=CC=CC(=O)N1C1=CC=C(C2=C(Cl)C(C3CCC(=O)NC3=O)=CC=C2)C=C1,True,False,False,False,True,False,mgtbind_compounds.csv,mgtbind
951,O=C1CCC(C2=CC=CC(C3=CC=C(NC4=NC=CC=C4)C=C3)=C2Cl)C(=O)N1,True,False,False,False,True,False,mgtbind_compounds.csv,mgtbind
952,C[C@H]1COC(=O)N1C1=CC=C(C2=C(Cl)C(C3CCC(=O)NC3=O)=CC=C2)C=C1,True,False,False,False,False,False,mgtbind_compounds.csv,mgtbind
953,C[C@@H]1COC(=O)N1C1=CC=C(C2=CC=CC(C3CCC(=O)NC3=O)=C2Cl)C=C1,True,False,False,False,False,False,mgtbind_compounds.csv,mgtbind
954,O=C1CCC(C2=CC=CC(C3=CC=C(N4C=CC=C(F)C4=O)C=C3)=C2Cl)C(=O)N1,True,False,False,False,True,False,mgtbind_compounds.csv,mgtbind
955,O=C1CCC(C2=CC=CC(C3=CC=C(CN4CCOC4=O)C=C3)=C2Cl)C(=O)N1,True,False,False,False,True,False,mgtbind_compounds.csv,mgtbind
956,O=C1CCC(C2=CC=CC(C3=CC=C(N4CCCCS4(=O)=O)C=C3)=C2Cl)C(=O)N1,True,False,False,False,True,False,mgtbind_compounds.csv,mgtbind
957,O=C1CCC(C2=C(Cl)C(C3=CC=C(C(=O)N4CCC(F)(F)C4)C=C3)=CC=C2)C(=O)N1,True,False,False,False,True,False,mgtbind_compounds.csv,mgtbind
958,O=C1CCC(C2=C(Cl)C(C3=CC=C(C(=O)N4C=CC=C4)C=C3)=CC=C2)C(=O)N1,True,False,False,False,True,False,mgtbind_compounds.csv,mgtbind
959,O=C1CCC(C2=C(Cl)C(C3=CC=C(C(=O)N4CCCCC4)C=C3)=CC=C2)C(=O)N1,True,False,False,False,True,False,mgtbind_compounds.csv,mgtbind
960,O=C1CCC(C2=CC=CC(C3=CC=C(C(=O)NC4=CC=NO4)C=C3)=C2Cl)C(=O)N1,True,False,False,False,True,False,mgtbind_compounds.csv,mgtbind
961,CN1C=CC=C(C2=CC=C(C3=CC=CC(C4CCC(=O)NC4=O)=C3Cl)C=C2)C1=O,True,False,False,False,True,False,mgtbind_compounds.csv,mgtbind
962,O=C1CCC(C2=CC=CC(C3=CC=C(N4C=CC=C(C(F)(F)F)C4=O)C=C3)=C2Cl)C(=O)N1,True,False,False,False,True,False,mgtbind_compounds.csv,mgtbind
963,O=C1CCC(C2=C(Cl)C(C3=CC=C(NC(=O)C4CCOC4)C=C3)=CC=C2)C(=O)N1,True,False,False,False,True,False,mgtbind_compounds.csv,mgtbind
964,O=C1CCC(C2=C(Cl)C(C3=CC=C(NC(=O)C4=CC=NO4)C=C3)=CC=C2)C(=O)N1,True,False,False,False,True,False,mgtbind_compounds.csv,mgtbind
965,O=C1CCC(C2=C(Cl)C(C3=CC=C(NC(=O)C4=NOC=C4)C=C3)=CC=C2)C(=O)N1,True,False,False,False,True,False,mgtbind_compounds.csv,mgtbind
966,O=C1CCC(C2=C(Cl)C(C3=CC=C(C(=O)NC4=NOC=C4)C=C3)=CC=C2)C(=O)N1,True,False,False,False,True,False,mgtbind_compounds.csv,mgtbind
967,CC(C)(C1=CC=C(C2=C(Cl)C(C3CCC(=O)NC3=O)=CC=C2)C=C1)N1C=CC=CC1=O,True,False,False,False,True,False,mgtbind_compounds.csv,mgtbind
968,O=C1CCC(C2=CC=CC(C3=CC=C(N4C(=O)CCCC45CC5)C=C3)=C2Cl)C(=O)N1,True,False,False,False,True,False,mgtbind_compounds.csv,mgtbind
969,O=C1CCC(C2=CC=CC(C3=CC=C(CC4COC4)C=C3)=C2Cl)C(=O)N1,True,False,False,False,True,False,mgtbind_compounds.csv,mgtbind
970,O=C1CCC(C2=CC=CC(C3=CC=C(N4C=CC=CC4=O)C=C3)=C2F)C(=O)N1,True,False,False,False,True,False,mgtbind_compounds.csv,mgtbind
971,O=C1CCC(C2=C(Cl)C(C3=CC=C(CC(=O)N4CCCC4)C=C3)=CC=C2)C(=O)N1,True,False,False,False,True,False,mgtbind_compounds.csv,mgtbind
972,O=C1CCC(C2=CC=CC(C3=CC=C(N4C=CC(C(F)(F)F)=CC4=O)C=C3)=C2Cl)C(=O)N1,True,False,False,False,True,False,mgtbind_compounds.csv,mgtbind
973,O=C1CCC(C2=CC=CC(C3=CC=C(N4C=C(C(F)(F)F)C=CC4=O)C=C3)=C2Cl)C(=O)N1,True,False,False,False,True,False,mgtbind_compounds.csv,mgtbind
974,O=C1CCC(C2=CC=CC(C3=CC=C(N4C(=O)C=CC=C4C(F)F)C=C3)=C2Cl)C(=O)N1,True,False,False,False,True,False,mgtbind_compounds.csv,mgtbind
975,O=C1CCC(C2=CC=CC(C3=CC=C(CN4C=CC=CC4=O)C=C3)=C2)C(=O)N1,True,False,False,False,True,False,mgtbind_compounds.csv,mgtbind
976,CC1=C(C2=CC=C(N3C=CC=CC3=O)C=C2)C=CC=C1C1CCC(=O)NC1=O,True,False,False,False,True,False,mgtbind_compounds.csv,mgtbind
977,O=C1CCC(C2=CC=CC(C3=CC=C(C4(N5C=CC=CC5=O)CC4)C=C3)=C2Cl)C(=O)N1,True,False,False,False,True,False,mgtbind_compounds.csv,mgtbind
978,O=C1CCC(C2=CC=CC(C3=CC=C(N4C(=O)C=CC=C4F)C=C3)=C2Cl)C(=O)N1,True,False,False,False,True,False,mgtbind_compounds.csv,mgtbind
979,CC1=C(C2=CC=C(CN3C=CC=CC3=O)C=C2)C=CC=C1C1CCC(=O)NC1=O,True,False,False,False,True,False,mgtbind_compounds.csv,mgtbind
980,O=C1CCC(C2=CC=CC(C3=CC=C(N4C(=O)CCCC4C(F)(F)F)C=C3)=C2Cl)C(=O)N1,True,False,False,False,True,False,mgtbind_compounds.csv,mgtbind
981,O=C1CCC(C2=CC=CC(C3=CC=C(N4C=CC(F)=CC4=O)C=C3)=C2Cl)C(=O)N1,True,False,False,False,True,False,mgtbind_compounds.csv,mgtbind
982,O=C1CCC(C2=CC=CC(C3=CC=C(N4C=C(F)C=CC4=O)C=C3)=C2Cl)C(=O)N1,True,False,False,False,True,False,mgtbind_compounds.csv,mgtbind
983,CN1CCCN(C2=CC=C(C3=CC=CC(C4CCC(=O)NC4=O)=C3Cl)C=C2)C1=O,True,False,False,False,True,False,mgtbind_compounds.csv,mgtbind
984,O=C1CCC(C2=C(Cl)C(C3=CC=C(NC(=O)N4CCCC4)C=C3)=CC=C2)C(=O)N1,True,False,False,False,True,False,mgtbind_compounds.csv,mgtbind
985,CN1C=CC(CCC2=NC=C(C3=C(Cl)C(C4CCC(=O)NC4=O)=CC=C3)C=C2)=N1,True,False,False,False,True,False,mgtbind_compounds.csv,mgtbind
986,CN1C=CC(COC2=NC=C(C3=C(Cl)C(C4CCC(=O)NC4=O)=CC=C3)C=C2)=N1,True,False,False,False,True,False,mgtbind_compounds.csv,mgtbind
987,O=C1CCC(C2=CC=CC(C3=CC=C(CN4CCC5=C(N=CO5)C4=O)C=C3)=C2Cl)C(=O)N1,True,False,False,False,True,False,mgtbind_compounds.csv,mgtbind
988,O=C1CCC(C2=CC=CC(C3=CC=C(CN4C(=O)CCN5N=CC=C54)C=C3)=C2Cl)C(=O)N1,True,False,False,False,True,False,mgtbind_compounds.csv,mgtbind
989,CC1OC2=CC=NC=C2N(CC2=CC=C(C3=CC=CC(C4CCC(=O)NC4=O)=C3Cl)C=C2)C1=O,True,False,False,False,True,False,mgtbind_compounds.csv,mgtbind
990,CN1CC(=O)N(CC2=CC=C(C3=CC=CC(C4CCC(=O)NC4=O)=C3Cl)C=C2)C2=CC=CN=C21,True,False,False,False,True,False,mgtbind_compounds.csv,mgtbind
991,CN1CC(=O)N(CC2=CC=C(C3=C(Cl)C(C4CCC(=O)NC4=O)=CC=C3)C=C2)C2=C1C=CN=C2,True,False,False,False,True,False,mgtbind_compounds.csv,mgtbind
992,CN1CC(=O)N(CC2=CC=C(C3=C(Cl)C(C4CCC(=O)NC4=O)=CC=C3)C=C2)CC1(C)C,True,False,False,False,True,False,mgtbind_compounds.csv,mgtbind
993,O=C1CCC(C2=CC=CC(C3=CC=C(CN4CC(C(F)(F)F)OCC4=O)C=C3)=C2Cl)C(=O)N1,True,False,False,False,True,False,mgtbind_compounds.csv,mgtbind
994,CN1CC(=O)N(CC2=CC=C(C3=CC=CC(C4CCC(=O)NC4=O)=C3Cl)C=C2)CC12COC2,True,False,False,False,True,False,mgtbind_compounds.csv,mgtbind
995,O=C1CCC(C2=CC=CC(C3=CC=C(CN4CC5CCCN5CC4=O)C=C3)=C2Cl)C(=O)N1,True,False,False,False,True,False,mgtbind_compounds.csv,mgtbind
996,O=C1CCC(C2=CC=CC(C3=CC=C(CN4CCN5CCCC5C4=O)C=C3)=C2Cl)C(=O)N1,True,False,False,False,True,False,mgtbind_compounds.csv,mgtbind
997,O=C1CCC(C2=CC=CC(C3=CC=C(CN4C(=O)COCC4C(F)(F)F)C=C3)=C2Cl)C(=O)N1,True,False,False,False,True,False,mgtbind_compounds.csv,mgtbind
998,CC1(C)COCC(=O)N1CC1=CC=C(C2=C(Cl)C(C3CCC(=O)NC3=O)=CC=C2)C=C1,True,False,False,False,True,False,mgtbind_compounds.csv,mgtbind
999,O=C1CCC(C2=CC=CC(C3=CC=C(CN4C(=O)COCC45CC5)C=C3)=C2Cl)C(=O)N1,True,False,False,False,True,False,mgtbind_compounds.csv,mgtbind
1000,C[C@H]1COCC(=O)N1CC1=CC=C(C2=C(Cl)C(C3CCC(=O)NC3=O)=CC=C2)C=C1,True,False,False,False,False,False,mgtbind_compounds.csv,mgtbind
1001,CC1CCC(F)(F)C(=O)N1CC1=CC=C(C2=CC=CC(C3CCC(=O)NC3=O)=C2Cl)C=C1,True,False,False,False,True,False,mgtbind_compounds.csv,mgtbind
1002,CC1CN(CC2=CC=C(C3=CC=CC(C4CCC(=O)NC4=O)=C3Cl)C=C2)C(=O)C(C)O1,True,False,False,False,True,False,mgtbind_compounds.csv,mgtbind
1003,CC1(C)CN(CC2=CC=C(C3=C(Cl)C(C4CCC(=O)NC4=O)=CC=C3)C=C2)C(=O)CO1,True,False,False,False,True,False,mgtbind_compounds.csv,mgtbind
1004,O=C1CCC(C2=CC=CC(C3=CC=C(CN4CC5(F)CC(C5)C4=O)C=C3)=C2Cl)C(=O)N1,True,False,False,False,True,False,mgtbind_compounds.csv,mgtbind
1005,O=C1CCC(C2=CC=CC(C3=CC=C(CN4CCCC(F)C4=O)C=C3)=C2Cl)C(=O)N1,True,False,False,False,True,False,mgtbind_compounds.csv,mgtbind
1006,COC1CCCC(=O)N1CC1=CC=C(C2=C(Cl)C(C3CCC(=O)NC3=O)=CC=C2)C=C1,True,False,False,False,True,False,mgtbind_compounds.csv,mgtbind
1007,CN1C=CC2=C1C(=O)N(CC1=CC=C(C3=C(Cl)C(C4CCC(=O)NC4=O)=CC=C3)C=C1)CC2,True,False,False,False,True,False,mgtbind_compounds.csv,mgtbind
1008,O=C1CCC(C2=CC=CC(C3=CC=C(CN4CCN5C=NC=C5C4=O)C=C3)=C2Cl)C(=O)N1,True,False,False,False,True,False,mgtbind_compounds.csv,mgtbind
1009,O=C1CCC(C2=CC=CC(C3=CC=C(CN4CCN5C=CN=C5C4=O)C=C3)=C2Cl)C(=O)N1,True,False,False,False,True,False,mgtbind_compounds.csv,mgtbind
1010,O=C1CCC(C2=CC=CC(C3=CC=C(CN4CCN5N=CC=C5C4=O)C=C3)=C2Cl)C(=O)N1,True,False,False,False,True,False,mgtbind_compounds.csv,mgtbind
1011,O=C1CCC(C2=CC=CC(C3=CC=C(CN4CC5=NC=CN5CC4=O)C=C3)=C2Cl)C(=O)N1,True,False,False,False,True,False,mgtbind_compounds.csv,mgtbind
1012,CN1CCN(CC2=CC=C(C3=C(Cl)C(C4CCC(=O)NC4=O)=CC=C3)C=C2)C(=O)C1,True,False,False,False,True,False,mgtbind_compounds.csv,mgtbind
1013,O=C1CCC(C2=CC=CC(C3=CC=C(CN4C(=O)CC45CCOCC5)C=C3)=C2Cl)C(=O)N1,True,False,False,False,True,False,mgtbind_compounds.csv,mgtbind
1014,O=C1CCC(C2=CC=CC(C3=CC=C(CN4C(=O)CC45CCC5)C=C3)=C2Cl)C(=O)N1,True,False,False,False,True,False,mgtbind_compounds.csv,mgtbind
1015,O=C1CCC(C2=CC=CC(C3=CC=C(CN4CCC5(COC5)CC4=O)C=C3)=C2Cl)C(=O)N1,True,False,False,False,True,False,mgtbind_compounds.csv,mgtbind
1016,O=C1CCC(C2=CC=CC(C3=CC=C(CN4CC5(COC5)CC4=O)C=C3)=C2Cl)C(=O)N1,True,False,False,False,True,False,mgtbind_compounds.csv,mgtbind
1017,O=C1CCC(C2=CC=CC(C3=CC=C(CN4CC5CCCC5C4=O)C=C3)=C2Cl)C(=O)N1,True,False,False,False,True,False,mgtbind_compounds.csv,mgtbind
1018,O=C1CCC(C2=CC=CC(C3=CC=C(CN4CCC5CC5C4=O)C=C3)=C2Cl)C(=O)N1,True,False,False,False,True,False,mgtbind_compounds.csv,mgtbind
1019,CC1(C)CCC(=O)N(CC2=CC=C(C3=C(Cl)C(C4CCC(=O)NC4=O)=CC=C3)C=C2)C1,True,False,False,False,True,False,mgtbind_compounds.csv,mgtbind
1020,CC1(C)CCN(CC2=CC=C(C3=C(Cl)C(C4CCC(=O)NC4=O)=CC=C3)C=C2)C(=O)C1,True,False,False,False,True,False,mgtbind_compounds.csv,mgtbind
1021,CC1CCN(CC2=CC=C(C3=C(Cl)C(C4CCC(=O)NC4=O)=CC=C3)C=C2)C(=O)C1,True,False,False,False,True,False,mgtbind_compounds.csv,mgtbind
1022,CC1CCCN(CC2=CC=C(C3=C(Cl)C(C4CCC(=O)NC4=O)=CC=C3)C=C2)C1=O,True,False,False,False,True,False,mgtbind_compounds.csv,mgtbind
1023,CC1CCC(=O)N(CC2=CC=C(C3=CC=CC(C4CCC(=O)NC4=O)=C3Cl)C=C2)C1,True,False,False,False,True,False,mgtbind_compounds.csv,mgtbind
1024,O=C1CCC(C2=CC=CC(C3=CC=C(CN4CCC(F)C4=O)C=C3)=C2Cl)C(=O)N1,True,False,False,False,True,False,mgtbind_compounds.csv,mgtbind
1025,CC1CCN(CC2=CC=C(C3=CC=CC(C4CCC(=O)NC4=O)=C3Cl)C=C2)C1=O,True,False,False,False,True,False,mgtbind_compounds.csv,mgtbind
1026,O=C1CCC(C2=CC=CC(C3=CC=C(CN4CC5CC5C4=O)C=C3)=C2Cl)C(=O)N1,True,False,False,False,True,False,mgtbind_compounds.csv,mgtbind
1027,CC1(C)CCCC(=O)N1CC1=CC=C(C2=C(Cl)C(C3CCC(=O)NC3=O)=CC=C2)C=C1,True,False,False,False,True,False,mgtbind_compounds.csv,mgtbind
1028,O=C1CCC(C2=CC=CC(C3=CC=C(CN4C(=O)CCC45CCC5)C=C3)=C2Cl)C(=O)N1,True,False,False,False,True,False,mgtbind_compounds.csv,mgtbind
1029,O=C1CCC(C2=CC=CC(C3=CC=C(CN4C(=O)CCCC45CC5)C=C3)=C2Cl)C(=O)N1,True,False,False,False,True,False,mgtbind_compounds.csv,mgtbind
1030,CC1CCCC(=O)N1CC1=CC=C(C2=CC=CC(C3CCC(=O)NC3=O)=C2Cl)C=C1,True,False,False,False,True,False,mgtbind_compounds.csv,mgtbind
1031,O=C1CCC(C2=CC=CC(C3=CC=C(CN4C(=O)CCC45CC5)C=C3)=C2Cl)C(=O)N1,True,False,False,False,True,False,mgtbind_compounds.csv,mgtbind
1032,CC1CCC(=O)N1CC1=CC=C(C2=C(Cl)C(C3CCC(=O)NC3=O)=CC=C2)C=C1,True,False,False,False,True,False,mgtbind_compounds.csv,mgtbind
1033,O=C1CCC(C2=CC=CC(C3=CC=C(CN4CC5=C(C=CC=N5)C4=O)C=C3)=C2Cl)C(=O)N1,True,False,False,False,True,False,mgtbind_compounds.csv,mgtbind
1034,O=C1CCC(C2=CC=CC(C3=CC=C(CN4CC5=C(N=CC=C5)C4=O)C=C3)=C2Cl)C(=O)N1,True,False,False,False,True,False,mgtbind_compounds.csv,mgtbind
1035,O=C1CCC(C2=CC=CC(C3=CC=C(CN4CC5=CN=CC=C5C4=O)C=C3)=C2Cl)C(=O)N1,True,False,False,False,True,False,mgtbind_compounds.csv,mgtbind
1036,O=C1CCC(C2=CC=CC(C3=CC=C(CN4CC5=CC=NC=C5C4=O)C=C3)=C2Cl)C(=O)N1,True,False,False,False,True,False,mgtbind_compounds.csv,mgtbind
1037,O=C1CCC(C2=CC=CC(C3=CC=C(CN4CCOCC4=O)C=C3)=C2Cl)C(=O)N1,True,False,False,False,True,False,mgtbind_compounds.csv,mgtbind
1038,C[C@@H]1CCC(=O)N1C1=CC=C(C2=C(Cl)C(C3CCC(=O)NC3=O)=CC=C2)C=C1,True,False,False,False,False,False,mgtbind_compounds.csv,mgtbind
1039,CC1CCN(C2=CC=C(C3=C(Cl)C(C4CCC(=O)NC4=O)=CC=C3)C=C2)C1=O,True,False,False,False,True,False,mgtbind_compounds.csv,mgtbind
1040,O=C1CCC(C2=CC=CC(C3=CC=C(N4C(=O)COCC4C(F)(F)F)C=C3)=C2Cl)C(=O)N1,True,False,False,False,True,False,mgtbind_compounds.csv,mgtbind
1041,O=C1CCC(C2=CC=CC(C3=CC=C(N4CC(C(F)(F)F)OCC4=O)C=C3)=C2Cl)C(=O)N1,True,False,False,False,True,False,mgtbind_compounds.csv,mgtbind
1042,O=C1CCC(C2=CC=CC(C3=CC=C(N4CC5CC5CC4=O)C=C3)=C2Cl)C(=O)N1,True,False,False,False,True,False,mgtbind_compounds.csv,mgtbind
1043,O=C1CCC(C2=CC=CC(C3=CC=C(N4CCN5CCCC5C4=O)C=C3)=C2Cl)C(=O)N1,True,False,False,False,True,False,mgtbind_compounds.csv,mgtbind
1044,O=C1CCC(C2=CC=CC(C3=CC=C(N4CCN5C=CN=C5C4=O)C=C3)=C2Cl)C(=O)N1,True,False,False,False,True,False,mgtbind_compounds.csv,mgtbind
1045,O=C1CCC(C2=CC=CC(C3=CC=C(N4CCC5(COC5)CC4=O)C=C3)=C2Cl)C(=O)N1,True,False,False,False,True,False,mgtbind_compounds.csv,mgtbind
1046,CC1(C)CN(C2=CC=C(C3=C(Cl)C(C4CCC(=O)NC4=O)=CC=C3)C=C2)C(=O)CO1,True,False,False,False,True,False,mgtbind_compounds.csv,mgtbind
1047,O=C1CCC(C2=CC=CC(C3=CC=C(N4CCC5CC5C4=O)C=C3)=C2Cl)C(=O)N1,True,False,False,False,True,False,mgtbind_compounds.csv,mgtbind
1048,CN1N=CC2=C1CCN(C1=CC=C(C3=CC=CC(C4CCC(=O)NC4=O)=C3Cl)C=C1)C2=O,True,False,False,False,True,False,mgtbind_compounds.csv,mgtbind
1049,CC1CCC(=O)N(C2=CC=C(C3=CC=CC(C4CCC(=O)NC4=O)=C3Cl)C=C2)C1,True,False,False,False,True,False,mgtbind_compounds.csv,mgtbind
1050,O=C1CCC(C2=CC=CC(C3=CC=C(N4CCN5C=NC=C5C4=O)C=C3)=C2Cl)C(=O)N1,True,False,False,False,True,False,mgtbind_compounds.csv,mgtbind
1051,CN1N=CC2=C1CCC(=O)N2C1=CC=C(C2=C(Cl)C(C3CCC(=O)NC3=O)=CC=C2)C=C1,True,False,False,False,True,False,mgtbind_compounds.csv,mgtbind
1052,CN1CC(=O)N(C2=CC=C(C3=C(Cl)C(C4CCC(=O)NC4=O)=CC=C3)C=C2)CC1(C)C,True,False,False,False,True,False,mgtbind_compounds.csv,mgtbind
1053,COC1CCCC(=O)N1C1=CC=C(C2=CC=CC(C3CCC(=O)NC3=O)=C2Cl)C=C1,True,False,False,False,True,False,mgtbind_compounds.csv,mgtbind
1054,O=C1CCC(C2=CC=CC(C3=CC=C(N4CC5CC5C4=O)C=C3)=C2Cl)C(=O)N1,True,False,False,False,True,False,mgtbind_compounds.csv,mgtbind
1055,O=C1CCC(C2=CC=CC(C3=CC=C(N4CCOC(F)(F)C4=O)C=C3)=C2Cl)C(=O)N1,True,False,False,False,True,False,mgtbind_compounds.csv,mgtbind
1056,O=C1CCC(C2=CC=CC(C3=CC=C(N4CCN5N=CC=C5C4=O)C=C3)=C2Cl)C(=O)N1,True,False,False,False,True,False,mgtbind_compounds.csv,mgtbind
1057,O=C1CCC(C2=CC=CC(C3=CC=C(N4CCCC(F)(F)C4=O)C=C3)=C2Cl)C(=O)N1,True,False,False,False,True,False,mgtbind_compounds.csv,mgtbind
1058,O=C1CCC(C2=CC=CC(C3=CC=C(N4CCCC(F)C4=O)C=C3)=C2Cl)C(=O)N1,True,False,False,False,True,False,mgtbind_compounds.csv,mgtbind
1059,O=C1CCC(C2=CC=CC(C3=CC=C(N4C(=O)COCC45CC5)C=C3)=C2Cl)C(=O)N1,True,False,False,False,True,False,mgtbind_compounds.csv,mgtbind
1060,C[C@H]1COCC(=O)N1C1=CC=C(C2=CC=CC(C3CCC(=O)NC3=O)=C2Cl)C=C1,True,False,False,False,False,False,mgtbind_compounds.csv,mgtbind
1061,CN1CC(=O)N(C2=CC=C(C3=C(Cl)C(C4CCC(=O)NC4=O)=CC=C3)C=C2)C2=C1N=CN=C2,True,False,False,False,True,False,mgtbind_compounds.csv,mgtbind
1062,O=C1CCC(C2=CC=CC(C3=CC=C(N4C(=O)C[C@@H]5CCC[C@@H]54)C=C3)=C2Cl)C(=O)N1,True,False,False,False,False,False,mgtbind_compounds.csv,mgtbind
1063,O=C1CCC(C2=CC=CC(C3=CC=C(N4CC5=NC=CN5CC4=O)C=C3)=C2Cl)C(=O)N1,True,False,False,False,True,False,mgtbind_compounds.csv,mgtbind
1064,CC1CCCN(C2=CC=C(C3=CC=CC(C4CCC(=O)NC4=O)=C3Cl)C=C2)C1=O,True,False,False,False,True,False,mgtbind_compounds.csv,mgtbind
1065,O=C1CCC(C2=CC=CC(C3=CC=C(N4C(=O)CCN5N=CC=C54)C=C3)=C2Cl)C(=O)N1,True,False,False,False,True,False,mgtbind_compounds.csv,mgtbind
1066,CN1CCN(C2=CC=C(C3=C(Cl)C(C4CCC(=O)NC4=O)=CC=C3)C=C2)C(=O)C1,True,False,False,False,True,False,mgtbind_compounds.csv,mgtbind
1067,CC1CCN(C2=CC=C(C3=C(Cl)C(C4CCC(=O)NC4=O)=CC=C3)C=C2)C(=O)C1,True,False,False,False,True,False,mgtbind_compounds.csv,mgtbind
1068,CC1=NN(C)C2=C1N(C1=CC=C(C3=C(Cl)C(C4CCC(=O)NC4=O)=CC=C3)C=C1)C(=O)CO2,True,False,False,False,True,False,mgtbind_compounds.csv,mgtbind
1069,CN1CC(=O)N(C2=CC=C(C3=CC=CC(C4CCC(=O)NC4=O)=C3Cl)C=C2)C2=CN=CC=C21,True,False,False,False,True,False,mgtbind_compounds.csv,mgtbind
1070,CN1CC(=O)N(C2=CC=C(C3=CC=CC(C4CCC(=O)NC4=O)=C3Cl)C=C2)C2=CC=CN=C21,True,False,False,False,True,False,mgtbind_compounds.csv,mgtbind
1071,O=C1CCC(C2=CC=CC(C3=CC=C(N4CCOCC4=O)C=C3)=C2Cl)C(=O)N1,True,False,False,False,True,False,mgtbind_compounds.csv,mgtbind
1072,O=C1CCC(C2=C(Cl)C(C3=CC=C(C4(N5CCCCC5=O)CC4)C=C3)=CC=C2)C(=O)N1,True,False,False,False,True,False,mgtbind_compounds.csv,mgtbind
1073,O=C1CCC(C2=CC=CC(C3=CC=C(N4CCOCC4)C=C3)=C2Cl)C(=O)N1,True,False,False,False,True,False,mgtbind_compounds.csv,mgtbind
1074,O=C1CCC(C2=CC=CC(C3=CC=C(N4C(=O)CCCC45CCC5)C=C3)=C2Cl)C(=O)N1,True,False,False,False,True,False,mgtbind_compounds.csv,mgtbind
1075,O=C1CCC(C2=CC=CC(C3=CC=C(CC4=NC=CC(C5COC5)=N4)C=C3)=C2Cl)C(=O)N1,True,False,False,False,True,False,mgtbind_compounds.csv,mgtbind
1076,CN1CC2(CCC2)N(C2=CC=C(C3=C(Cl)C(C4CCC(=O)NC4=O)=CC=C3)C=C2)C1=O,True,False,False,False,True,False,mgtbind_compounds.csv,mgtbind
1077,CN1CC2(CC2)N(C2=CC=C(C3=C(Cl)C(C4CCC(=O)NC4=O)=CC=C3)C=C2)C1=O,True,False,False,False,True,False,mgtbind_compounds.csv,mgtbind
1078,O=C1CCC(C2=CC=CC(C3=CN=C(N4C(=O)C=CC=C4F)C=C3)=C2Cl)C(=O)N1,True,False,False,False,True,False,mgtbind_compounds.csv,mgtbind
1079,O=C1CCC(C2=CC=CC(C3=CC=C(CC4=NC(C5CC5)=CC=N4)C=C3)=C2Cl)C(=O)N1,True,False,False,False,True,False,mgtbind_compounds.csv,mgtbind
1080,O=C1CCC(C2=CC=CC(C3=CC=C(N4C(=O)OCCC45CC5)C=C3)=C2Cl)C(=O)N1,True,False,False,False,True,False,mgtbind_compounds.csv,mgtbind
1081,CN1CC(=O)N(C2=CC=C(C3=CC=CC(C4CCC(=O)NC4=O)=C3Cl)C=N2)CC12CC2,True,False,False,False,True,False,mgtbind_compounds.csv,mgtbind
1082,O=C1CCC(C2=CC=CC(C3=CC=C(CC4=NC=CC(C(F)(F)F)=N4)C=C3)=C2Cl)C(=O)N1,True,False,False,False,True,False,mgtbind_compounds.csv,mgtbind
1083,O=C1CCC(C2=CC=CC(C3=CC=C(CC4=NC(C(F)F)=CC=N4)C=C3)=C2Cl)C(=O)N1,True,False,False,False,True,False,mgtbind_compounds.csv,mgtbind
1084,O=C1CCC(C2=CC=CC(C3=CC=C(N4C(=O)NCCC45CCC5)C=C3)=C2Cl)C(=O)N1,True,False,False,False,True,False,mgtbind_compounds.csv,mgtbind
1085,O=C1CCC(C2=CC=CC(C3=CC(F)=C(N4C(=O)CCCC45CC5)C=C3)=C2Cl)C(=O)N1,True,False,False,False,True,False,mgtbind_compounds.csv,mgtbind
1086,O=C1CCC(C2=CC=CC(C3=CC=C(N4C(=O)OCCC45CC5)N=C3)=C2Cl)C(=O)N1,True,False,False,False,True,False,mgtbind_compounds.csv,mgtbind
1087,CN1CC(=O)N(C2=CC=C(C3=CC=CC(C4CCC(=O)NC4=O)=C3Cl)C=C2)CC12CC2,True,False,False,False,True,False,mgtbind_compounds.csv,mgtbind
1088,CC1=CC=CC(=O)N1C1=CC=C(C2=CC=CC(C3CCC(=O)NC3=O)=C2Cl)C=N1,True,False,False,False,True,False,mgtbind_compounds.csv,mgtbind
1089,O=C1CCC(C2=CC=CC(C3=CC=C(OC4=CC=CC=N4)C=C3)=C2Cl)C(=O)N1,True,False,False,False,True,False,mgtbind_compounds.csv,mgtbind
1090,O=C1CCC(C2=CC=CC(C3=CC=C(N4C(=O)CCC45COC5)C=C3)=C2Cl)C(=O)N1,True,False,False,False,True,False,mgtbind_compounds.csv,mgtbind
1091,O=C1CCC(C2=CC=CC(C3=CC=C(N4C(=O)OCC45CC5)N=C3)=C2Cl)C(=O)N1,True,False,False,False,True,False,mgtbind_compounds.csv,mgtbind
1092,O=C1CCC(C2=CC=CC(C3=CC=C(N4C(=O)OCC45CCC5)N=C3)=C2Cl)C(=O)N1,True,False,False,False,True,False,mgtbind_compounds.csv,mgtbind
1093,O=C1CCC(C2=CC=CC(C3=CC=C(N4CCC5(COC5)C4=O)C=C3)=C2Cl)C(=O)N1,True,False,False,False,True,False,mgtbind_compounds.csv,mgtbind
1094,O=C1CCC(C2=CC=CC(C3=CC=C(N4C(=O)OCCC45CCC5)N=C3)=C2Cl)C(=O)N1,True,False,False,False,True,False,mgtbind_compounds.csv,mgtbind
1095,O=C1CCC(C2=CC=CC(C3=CC=C(OC4=NC=CC=N4)C=C3)=C2Cl)C(=O)N1,True,False,False,False,True,False,mgtbind_compounds.csv,mgtbind
1096,O=C1CCC(C2=CC(F)=CC(C3=CC=C(N4C=CC=CC4=O)C=C3)=C2Cl)C(=O)N1,True,False,False,False,True,False,mgtbind_compounds.csv,mgtbind
1097,O=C1CCC(C2=CC=CC(C3=CC(F)=C(N4C(=O)CCCC45CC5)N=C3)=C2Cl)C(=O)N1,True,False,False,False,True,False,mgtbind_compounds.csv,mgtbind
1098,CN1C=CC(CN2C(=O)N(C)C3=CC(C4=C(Cl)C(C5CCC(=O)NC5=O)=CC=C4)=CC=C32)=N1,True,False,False,False,True,False,mgtbind_compounds.csv,mgtbind
1099,O=C1CCC(C2=CC=CC(C3=CC(F)=C(N4C(=O)CCC45CC5)N=C3)=C2Cl)C(=O)N1,True,False,False,False,True,False,mgtbind_compounds.csv,mgtbind
1100,O=C1CCC(C2=C(Cl)C(C3=CN=C(N4C(=O)CCC45CCC5)C(F)=C3)=CC=C2)C(=O)N1,True,False,False,False,True,False,mgtbind_compounds.csv,mgtbind
1101,CN1CCC2(CC2)N(C2=CC=C(C3=CC=CC(C4CCC(=O)NC4=O)=C3Cl)C=C2)C1=O,True,False,False,False,True,False,mgtbind_compounds.csv,mgtbind
1102,O=C1CC[C@](F)(C2=CC=CC(C3=CC=C(N4CCCCC4=O)C=C3)=C2Cl)C(=O)N1,True,False,False,False,False,False,mgtbind_compounds.csv,mgtbind
1103,O=C1CC[C@@](F)(C2=C(Cl)C(C3=CC=C(N4CCCCC4=O)C=C3)=CC=C2)C(=O)N1,True,False,False,False,False,False,mgtbind_compounds.csv,mgtbind
1104,O=C1CCC(C2=CC=CC(C3=CC(F)=C(N4CCCCC4=O)N=C3)=C2Cl)C(=O)N1,True,False,False,False,True,False,mgtbind_compounds.csv,mgtbind
1105,O=C1CCC(C2=CC=CC(C3=CC(F)=C(CC4=NC=CO4)N=C3)=C2Cl)C(=O)N1,True,False,False,False,True,False,mgtbind_compounds.csv,mgtbind
1106,CN1CC2(CCC(=O)N2C2=CC=C(C3=CC=CC(C4CCC(=O)NC4=O)=C3Cl)C=C2)C1,True,False,False,False,True,False,mgtbind_compounds.csv,mgtbind
1107,O=C1CCC(C2=CC=CC(C3=CC=C(N4CCCNC4=O)C=C3)=C2Cl)C(=O)N1,True,False,False,False,True,False,mgtbind_compounds.csv,mgtbind
1108,O=C1CCC(C2=CC=CC(C3=CC=C(CC4=CC=CO4)C=C3)=C2Cl)C(=O)N1,True,False,False,False,True,False,mgtbind_compounds.csv,mgtbind
1109,O=C1CCC(C2=CC=CC(C3=CC=C(CC4=CC=CN=C4)C=C3)=C2Cl)C(=O)N1,True,False,False,False,True,False,mgtbind_compounds.csv,mgtbind
1110,COC(=O)C1=CC=C(CC2=CC=C(C3=CC=CC(C4CCC(=O)NC4=O)=C3Cl)C=C2)N1C,True,False,False,False,True,False,mgtbind_compounds.csv,mgtbind
1111,O=C1CCC(C2=CC=CC(C3=CC=C(CC4=CN=CN=C4)C=C3)=C2Cl)C(=O)N1,True,False,False,False,True,False,mgtbind_compounds.csv,mgtbind
1112,O=C1CCC(C2=CC=CC(C3=CC=C(CC4=CC=CS4)C=C3)=C2Cl)C(=O)N1,True,False,False,False,True,False,mgtbind_compounds.csv,mgtbind
1113,CN1CCC(C)(C)N(C2=CC=C(C3=C(Cl)C(C4CCC(=O)NC4=O)=CC=C3)C=C2)C1=O,True,False,False,False,True,False,mgtbind_compounds.csv,mgtbind
1114,O=C1CCC(C2=CC=CC(C3=CC=CC=C3)=C2Cl)C(=O)N1,True,False,False,False,True,False,mgtbind_compounds.csv,mgtbind
1115,O=C1CCC(C2=CC=CC(C3=CN=C4NC=CC4=C3)=C2Cl)C(=O)N1,True,False,False,False,True,False,mgtbind_compounds.csv,mgtbind
1116,O=C1CCC(C2=CC=CC(C3=CC=C4OCCCC4=C3)=C2Cl)C(=O)N1,True,False,False,False,True,False,mgtbind_compounds.csv,mgtbind
1117,CN1CCCN(C2=C(F)C=C(C3=C(Cl)C(C4CCC(=O)NC4=O)=CC=C3)C=N2)C1=O,True,False,False,False,True,False,mgtbind_compounds.csv,mgtbind
1118,CN1CCCN(CC2=C(F)C=C(C3=C(Cl)C(C4CCC(=O)NC4=O)=CC=C3)C=N2)C1=O,True,False,False,False,True,False,mgtbind_compounds.csv,mgtbind
1119,O=C1CCC(C2=CC=CC(C3=CC=C(N4C(=O)CCC45CC5)N=C3)=C2Cl)C(=O)N1,True,False,False,False,True,False,mgtbind_compounds.csv,mgtbind
1120,O=C1CCC(C2=CC=CC(C3=CC(F)=C(CC4=NC=CO4)C=C3)=C2Cl)C(=O)N1,True,False,False,False,True,False,mgtbind_compounds.csv,mgtbind
1121,O=C1CCC(C2=CC=CC(C3=CC=C(N4CC5(COC5)CC4=O)C=C3)=C2Cl)C(=O)N1,True,False,False,False,True,False,mgtbind_compounds.csv,mgtbind
1122,CN1CCN(C2=CC=C(C3=CC=CC(C4CCC(=O)NC4=O)=C3Cl)C=C2)C1=O,True,False,False,False,True,False,mgtbind_compounds.csv,mgtbind
1123,CN1CCN(CC2=CC=C(C3=CC=CC(C4CCC(=O)NC4=O)=C3Cl)C=C2)C1=O,True,False,False,False,True,False,mgtbind_compounds.csv,mgtbind
1124,O=C1CCC(C2=CC=CC(C3=CC=C(N4C(=O)CCCC45CC5)N=C3)=C2Cl)C(=O)N1,True,False,False,False,True,False,mgtbind_compounds.csv,mgtbind
1125,N#CC1(CN2C(=O)CC3=C2C=CC(C2=C(Cl)C(C4CCC(=O)NC4=O)=CC=C2)=C3)CC1,True,False,False,False,True,False,mgtbind_compounds.csv,mgtbind
1126,COC1(CN2C(=O)CC3=C2C=CC(C2=C(Cl)C(C4CCC(=O)NC4=O)=CC=C2)=C3)CC1,True,False,False,False,True,False,mgtbind_compounds.csv,mgtbind
1127,CN1C=NC(CN2C(=O)OC3=CC(C4=C(Cl)C(C5CCC(=O)NC5=O)=CC=C4)=CC=C32)=C1,True,False,False,False,True,False,mgtbind_compounds.csv,mgtbind
1128,O=C1CCC(C2=CC=CC(C3=CC4=C(C=C3)N(CC3=NC=CC=N3)C(=O)C4)=C2Cl)C(=O)N1,True,False,False,False,True,False,mgtbind_compounds.csv,mgtbind
1129,O=C1CCC(C2=CC=CC(C3=CC=C(N4C(=O)CCC45CCC5)N=C3)=C2Cl)C(=O)N1,True,False,False,False,True,False,mgtbind_compounds.csv,mgtbind
1130,O=C1CCC(C2=CC=CC(C3=CC=C4C(=C3)CC(=O)N4CC3=CC=CN=N3)=C2Cl)C(=O)N1,True,False,False,False,True,False,mgtbind_compounds.csv,mgtbind
1131,O=C1CCC(C2=CC=CC(C3=CC=C4C(=C3)C=NN4CC3=NC=CC=N3)=C2Cl)C(=O)N1,True,False,False,False,True,False,mgtbind_compounds.csv,mgtbind
1132,CN1C=NC(CN2N=CC3=C2C=CC(C2=C(Cl)C(C4CCC(=O)NC4=O)=CC=C2)=C3)=C1,True,False,False,False,True,False,mgtbind_compounds.csv,mgtbind
1133,O=C1CCC(C2=CC=CC(C3=CC=C(CC4=NC=CC=N4)N=C3)=C2Cl)C(=O)N1,True,False,False,False,True,False,mgtbind_compounds.csv,mgtbind
1134,O=C1CCC(C2=CC=CC(C3=CC=C(CC4=CC=NC=N4)C=C3)=C2Cl)C(=O)N1,True,False,False,False,True,False,mgtbind_compounds.csv,mgtbind
1135,CC1(C)COCC(=O)N1C1=CC=C(C2=C(Cl)C(C3CCC(=O)NC3=O)=CC=C2)C=C1,True,False,False,False,True,False,mgtbind_compounds.csv,mgtbind
1136,CC1(C)CCCC(=O)N1C1=CC=C(C2=C(Cl)C(C3CCC(=O)NC3=O)=CC=C2)C=C1,True,False,False,False,True,False,mgtbind_compounds.csv,mgtbind
1137,O=C1CCC(C2=CC=CC(C3=CC=C(CN4C(=O)CCCC45CC5)N=C3)=C2Cl)C(=O)N1,True,False,False,False,True,False,mgtbind_compounds.csv,mgtbind
1138,O=C1CCC(C2=CC=CC(C3=CC=C(N4C(=O)CC45CCC5)C=C3)=C2Cl)C(=O)N1,True,False,False,False,True,False,mgtbind_compounds.csv,mgtbind
1139,CN1CC2=C(C(C3=CC=C(C4=C(Cl)C(C5CCC(=O)NC5=O)=CC=C4)C=C3)=CC=C2)S1(=O)=O,True,False,False,False,True,False,mgtbind_compounds.csv,mgtbind
1140,O=C1CCC(C2=CC=CC(C3=CC=C(N4C(=O)CCCC45COC5)C=C3)=C2Cl)C(=O)N1,True,False,False,False,True,False,mgtbind_compounds.csv,mgtbind
1141,CN1C=NC(CC2=CC=C(C3=CC=CC(C4CCC(=O)NC4=O)=C3Cl)C=C2)=C1,True,False,False,False,True,False,mgtbind_compounds.csv,mgtbind
1142,CN1CCC[C@H](C2=CC=C(C3=CC=CC(C4CCC(=O)NC4=O)=C3Cl)C=C2)C1=O,True,False,False,False,False,False,mgtbind_compounds.csv,mgtbind
1143,CN1CCC[C@@H](C2=CC=C(C3=CC=CC(C4CCC(=O)NC4=O)=C3Cl)C=C2)C1=O,True,False,False,False,False,False,mgtbind_compounds.csv,mgtbind
1144,COCC1=C(C2=CC=C(C3=CC=CC(C4CCC(=O)NC4=O)=C3Cl)C=C2)C(=O)N(C)C=C1,True,False,False,False,True,False,mgtbind_compounds.csv,mgtbind
1145,O=C1CCC(C2=CC=CC(C3=CC(F)=C(CN4C=CC=CC4=O)N=C3)=C2Cl)C(=O)N1,True,False,False,False,True,False,mgtbind_compounds.csv,mgtbind
1146,CC1(C)CCC(=O)N1C1=CC=C(C2=C(Cl)C(C3CCC(=O)NC3=O)=CC=C2)C=C1,True,False,False,False,True,False,mgtbind_compounds.csv,mgtbind
1147,O=C1CCC(C2=CC=CC(C3=CC=C(N4C(=O)CCC45CC5)C=C3)=C2Cl)C(=O)N1,True,False,False,False,True,False,mgtbind_compounds.csv,mgtbind
1148,CC1(C)COC(=O)N1C1=CC=C(C2=C(Cl)C(C3CCC(=O)NC3=O)=CC=C2)C=C1,True,False,False,False,True,False,mgtbind_compounds.csv,mgtbind
1149,O=C1CCC(C2=CC=CC(C3=CC=C(N4C(=O)OCC45CCC5)C=C3)=C2Cl)C(=O)N1,True,False,False,False,True,False,mgtbind_compounds.csv,mgtbind
1150,O=C1CCC(C2=CC=CC(C3=CC=C(N4C=CC=C(CC(F)(F)F)C4=O)C=C3)=C2Cl)C(=O)N1,True,False,False,False,True,False,mgtbind_compounds.csv,mgtbind
1151,O=C1CCC(C2=C(Cl)C(C3=CC=C(N4C(=O)CC45CCOCC5)C=C3)=CC=C2)C(=O)N1,True,False,False,False,True,False,mgtbind_compounds.csv,mgtbind
1152,O=C1CCC(C2=CC=CC(C3=CC(F)=C(N4C=CC=NC4=O)C=C3)=C2Cl)C(=O)N1,True,False,False,False,True,False,mgtbind_compounds.csv,mgtbind
1153,CC1=CN=C(CC2=CC=C(C3=C(Cl)C(C4CCC(=O)NC4=O)=CC=C3)C=C2)N=C1,True,False,False,False,True,False,mgtbind_compounds.csv,mgtbind
1154,COC1=CC=NC(CC2=CC=C(C3=CC=CC(C4CCC(=O)NC4=O)=C3Cl)C=C2)=N1,True,False,False,False,True,False,mgtbind_compounds.csv,mgtbind
1155,COC1=CN=C(CC2=CC=C(C3=CC=CC(C4CCC(=O)NC4=O)=C3Cl)C=C2)N=C1,True,False,False,False,True,False,mgtbind_compounds.csv,mgtbind
1156,O=C1CCC(C2=CC=CC(C3=CC=C(CS(=O)(=O)N4CCCC4)C=C3)=C2Cl)C(=O)N1,True,False,False,False,True,False,mgtbind_compounds.csv,mgtbind
1157,CN1CCCN(CC2=CC=C(C3=C(Cl)C(C4CCC(=O)NC4=O)=CC=C3)C=C2)C1=O,True,False,False,False,True,False,mgtbind_compounds.csv,mgtbind
1158,CN1CCCN(CC2=CC=C(C3=C(Cl)C(C4CCC(=O)NC4=O)=CC=C3)C=C2F)C1=O,True,False,False,False,True,False,mgtbind_compounds.csv,mgtbind
1159,O=C1CCC(C2=CC=CC(C3=CC=C(N4C(=O)OCC45CC5)C=C3)=C2Cl)C(=O)N1,True,False,False,False,True,False,mgtbind_compounds.csv,mgtbind
1160,O=C1CCC(C2=CC=CC(C3=CC(F)=C(N4C=CC=CC4=O)N=C3)=C2Cl)C(=O)N1,True,False,False,False,True,False,mgtbind_compounds.csv,mgtbind
1161,CN1C=CC(C(F)(F)F)=C(C2=CC=C(C3=CC=CC(C4CCC(=O)NC4=O)=C3Cl)C=C2)C1=O,True,False,False,False,True,False,mgtbind_compounds.csv,mgtbind
1162,O=C1CCC(C2=CC=CC(C3=CC=C(N4CCCN(CC(F)F)C4=O)C=C3)=C2Cl)C(=O)N1,True,False,False,False,True,False,mgtbind_compounds.csv,mgtbind
1163,O=C1CCC(C2=CC=CC(C3=CC=C(CC4=NC=CO4)N=C3)=C2Cl)C(=O)N1,True,False,False,False,True,False,mgtbind_compounds.csv,mgtbind
1164,O=C1CCC(C2=CC=CC(C3=CC=C(CN4CCCOC4=O)N=C3)=C2Cl)C(=O)N1,True,False,False,False,True,False,mgtbind_compounds.csv,mgtbind
1165,CN1CCCN(CC2=CC=C(C3=C(Cl)C(C4CCC(=O)NC4=O)=CC=C3)C=N2)C1=O,True,False,False,False,True,False,mgtbind_compounds.csv,mgtbind
1166,O=C1CCC(C2=CC=CC(C3=CC=C(CN4CCCCC4=O)N=C3)=C2Cl)C(=O)N1,True,False,False,False,True,False,mgtbind_compounds.csv,mgtbind
1167,O=C1CCC(C2=CC=CC(C3=CC=C(CN4C=CC=NC4=O)N=C3)=C2Cl)C(=O)N1,True,False,False,False,True,False,mgtbind_compounds.csv,mgtbind
1168,CN1CCCN(C2=CC=C(C3=CC=CC(C4CCC(=O)NC4=O)=C3Cl)C=N2)C1=O,True,False,False,False,True,False,mgtbind_compounds.csv,mgtbind
1169,CN1CCCN(C2=CC=C(C3=CC=CC(C4CCC(=O)NC4=O)=C3Cl)C=C2F)C1=O,True,False,False,False,True,False,mgtbind_compounds.csv,mgtbind
1170,CC1=CC=NC(CC2=CC=C(C3=CC=CC(C4CCC(=O)NC4=O)=C3Cl)C=C2)=N1,True,False,False,False,True,False,mgtbind_compounds.csv,mgtbind
1171,O=C1CCC(C2=C(Cl)C(C3=CC=C(S(=O)(=O)N4CCCC4)C=C3)=CC=C2)C(=O)N1,True,False,False,False,True,False,mgtbind_compounds.csv,mgtbind
1172,CN1CC2=C(C1=O)C(C1=CC=C(C3=C(Cl)C(C4CCC(=O)NC4=O)=CC=C3)C=C1)=CC=C2,True,False,False,False,True,False,mgtbind_compounds.csv,mgtbind
1173,CC1(CC2=CC=C(C3=C(Cl)C(C4CCC(=O)NC4=O)=CC=C3)C=C2)COC1,True,False,False,False,True,False,mgtbind_compounds.csv,mgtbind
1174,C[C@@H]1COCC(=O)N1C1=CC=C(C2=CC=CC(C3CCC(=O)NC3=O)=C2Cl)C=C1,True,False,False,False,False,False,mgtbind_compounds.csv,mgtbind
1175,O=C1CCC(C2=CC=CC(C3=CC=C(CC4=COC=N4)C=C3)=C2Cl)C(=O)N1,True,False,False,False,True,False,mgtbind_compounds.csv,mgtbind
1176,O=C1CCC(C2=CC=CC(C3=CC=C(N4C(=O)C=CC=C4C(F)(F)F)C=C3)=C2Cl)C(=O)N1,True,False,False,False,True,False,mgtbind_compounds.csv,mgtbind
1177,O=C1CCC(C2=CC=CC(C3=CC=C(N4C=CC=C(CC(F)F)C4=O)C=C3)=C2Cl)C(=O)N1,True,False,False,False,True,False,mgtbind_compounds.csv,mgtbind
1178,O=C1CCC(C2=C(Cl)C(C3=CC=C(N4CCN(CC(F)(F)F)CC4=O)C=C3)=CC=C2)C(=O)N1,True,False,False,False,True,False,mgtbind_compounds.csv,mgtbind
1179,O=C1CCC(C2=C(Cl)C(C3=CC=C(N4CCN(CC(F)F)CC4=O)C=C3)=CC=C2)C(=O)N1,True,False,False,False,True,False,mgtbind_compounds.csv,mgtbind
1180,O=C1CCC(C2=CC=CC(C3=CN=C(CN4C=CC=CC4=O)C=C3)=C2Cl)C(=O)N1,True,False,False,False,True,False,mgtbind_compounds.csv,mgtbind
1181,CC1=C(C2=CC=C(C3=CC=CC(C4CCC(=O)NC4=O)=C3Cl)C=C2)C(=O)N(C)C=C1,True,False,False,False,True,False,mgtbind_compounds.csv,mgtbind
1182,O=C1CCC(C2=CC=CC(C3=CC=C(N4CCCN(CC(F)(F)F)C4=O)C=C3)=C2Cl)C(=O)N1,True,False,False,False,True,False,mgtbind_compounds.csv,mgtbind
1183,O=C1CCC(C2=CC=CC(C3=CC=C(N4CCCCC4=O)N=C3)=C2Cl)C(=O)N1,True,False,False,False,True,False,mgtbind_compounds.csv,mgtbind
1184,O=C1CCC(C2=CC=CC(C3=CC=C(N4CCCOC4=O)N=C3)=C2Cl)C(=O)N1,True,False,False,False,True,False,mgtbind_compounds.csv,mgtbind
1185,O=C1CCC(C2=CC=CC(C3=CC(F)=C(N4CCCOC4=O)C=C3)=C2Cl)C(=O)N1,True,False,False,False,True,False,mgtbind_compounds.csv,mgtbind
1186,O=C1CCC(C2=CC=CC(C3=CC=C(CC4=NN=CC=C4)C=C3)=C2Cl)C(=O)N1,True,False,False,False,True,False,mgtbind_compounds.csv,mgtbind
1187,CN1CC(CC2=CC=C(C3=C(Cl)C(C4CCC(=O)NC4=O)=CC=C3)C=C2)OC1=O,True,False,False,False,True,False,mgtbind_compounds.csv,mgtbind
1188,O=C1CCC(C2=CC=CC(C3=CC=C(CC4=NOC=C4)C=C3)=C2Cl)C(=O)N1,True,False,False,False,True,False,mgtbind_compounds.csv,mgtbind
1189,O=C1CCC(C2=CC=CC(C3=CC=C(N4CC5=CC=CC=C5C4=O)C=C3)=C2Cl)C(=O)N1,True,False,False,False,True,False,mgtbind_compounds.csv,mgtbind
1190,O=C1CCC(C2=CC=CC(C3=CC=C(N4C(=O)CCC45CCC5)C=C3)=C2Cl)C(=O)N1,True,False,False,False,True,False,mgtbind_compounds.csv,mgtbind
1191,O=C1CCC(C2=C(Cl)C(C3=CC=C(C4=CC=CN(CC(F)(F)F)C4=O)C=C3)=CC=C2)C(=O)N1,True,False,False,False,True,False,mgtbind_compounds.csv,mgtbind
1192,O=C1CCC(C2=CC=CC(C3=CC=C(N4CCCCC4)C=C3)=C2Cl)C(=O)N1,True,False,False,False,True,False,mgtbind_compounds.csv,mgtbind
1193,O=C1CCC(C2=CC=CC(C3=CC=C(C4=CC=CC5=C4N=CO5)C=C3)=C2Cl)C(=O)N1,True,False,False,False,True,False,mgtbind_compounds.csv,mgtbind
1194,O=C1CCC(C2=CC=CC(C3=CC=C(N4CCCCC4=O)C(F)=C3)=C2Cl)C(=O)N1,True,False,False,False,True,False,mgtbind_compounds.csv,mgtbind
1195,[2H]C1=C([2H])C(N2C=CC=CC2=O)=C([2H])C([2H])=C1C1=C(Cl)C(C2CCC(=O)NC2=O)=CC=C1,True,False,False,False,True,False,mgtbind_compounds.csv,mgtbind
1196,O=C1CCC(C2=CC=CC(C3=CC=C(N4C(=O)CCCC4C(F)F)C=C3)=C2Cl)C(=O)N1,True,False,False,False,True,False,mgtbind_compounds.csv,mgtbind
1197,O=C1CCC(C2=CC=CC(C3=CC=C(N4CCC(F)(F)CC4=O)C=C3)=C2Cl)C(=O)N1,True,False,False,False,True,False,mgtbind_compounds.csv,mgtbind
1198,O=C1CCC(C2=CC=CC(C3=CC=C(N4CC5=C(N=CC=C5)C4=O)C=C3)=C2Cl)C(=O)N1,True,False,False,False,True,False,mgtbind_compounds.csv,mgtbind
1199,O=C1CCC(C2=C(Cl)C(C3=CC=C(N4CC5=C(C=CC=N5)C4=O)C=C3)=CC=C2)C(=O)N1,True,False,False,False,True,False,mgtbind_compounds.csv,mgtbind
1200,O=C1CCC(C2=CC=CC(C3=CC=C(N4COCCC4=O)C=C3)=C2Cl)C(=O)N1,True,False,False,False,True,False,mgtbind_compounds.csv,mgtbind
1201,O=C1CCC(C2=CC=CC(C3=CC=C(N4C(=O)CC5=CC=CC=C54)C=C3)=C2Cl)C(=O)N1,True,False,False,False,True,False,mgtbind_compounds.csv,mgtbind
1202,O=C1CCC(C2=CC=CC(C3=CC=C(N4CCCCC4C(F)F)C=C3)=C2Cl)C(=O)N1,True,False,False,False,True,False,mgtbind_compounds.csv,mgtbind
1203,O=C1CCC(C2=CC=CC(C3=CC(F)=C(N4C=CC=CC4=O)C=C3)=C2Cl)C(=O)N1,True,False,False,False,True,False,mgtbind_compounds.csv,mgtbind
1204,O=C1CCC(C2=CC=CC(C3=CC=C(N4C=CC=NC4=O)C=C3)=C2Cl)C(=O)N1,True,False,False,False,True,False,mgtbind_compounds.csv,mgtbind
1205,O=C1CCC(C2=CC=CC(C3=CC=C(CC4=NC=CO4)C=C3)=C2Cl)C(=O)N1,True,False,False,False,True,False,mgtbind_compounds.csv,mgtbind
1206,CC1=NC(CC2=CC=C(C3=CC=CC(C4CCC(=O)NC4=O)=C3Cl)C=C2)=NO1,True,False,False,False,True,False,mgtbind_compounds.csv,mgtbind
1207,O=C1CCC(C2=CC=CC(C3=CN=C(N4C=CC=CC4=O)N=C3)=C2Cl)C(=O)N1,True,False,False,False,True,False,mgtbind_compounds.csv,mgtbind
1208,CN1C=CC(C(=O)N(C)C2=CC=C(C3=CC=CC(C4CCC(=O)NC4=O)=C3Cl)C=C2)=N1,True,False,False,False,True,False,mgtbind_compounds.csv,mgtbind
1209,O=C1CCC(C2=CC=CC(C3=CC=C(N4CCCCC4C(F)(F)F)C=C3)=C2Cl)C(=O)N1,True,False,False,False,True,False,mgtbind_compounds.csv,mgtbind
1210,O=C1CCC(C2=CC=CC(C3=CN=C(N4C=CC=CC4=O)C=C3)=C2Cl)C(=O)N1,True,False,False,False,True,False,mgtbind_compounds.csv,mgtbind
1211,O=C1CCC(C2=CC=CC(C3=CC=C(N4C(=O)CC5CC54)C=C3)=C2Cl)C(=O)N1,True,False,False,False,True,False,mgtbind_compounds.csv,mgtbind
1212,CN1C=CC(COC2=NC=C(C3=CC=CC(C4CCC(=O)NC4=O)=C3Cl)C=N2)=N1,True,False,False,False,True,False,mgtbind_compounds.csv,mgtbind
1213,CN1C=CC(CC2=NN(C)C3=CC(C4=CC=CC(C5CCC(=O)NC5=O)=C4Cl)=CC=C32)=N1,True,False,False,False,True,False,mgtbind_compounds.csv,mgtbind
1214,O=C1CCC(C2=CC=CC(C3=CC=C(N4C(=O)C5CC4C5)C=C3)=C2Cl)C(=O)N1,True,False,False,False,True,False,mgtbind_compounds.csv,mgtbind
1215,O=C1CCC(C2=CC=CC(C3=CC4=C(C=C3)NC=C4)=C2Cl)C(=O)N1,True,False,False,False,True,False,mgtbind_compounds.csv,mgtbind
1216,O=C1CCC(C2=CC=CC(C3=CC=C4C=CNC4=C3)=C2Cl)C(=O)N1,True,False,False,False,True,False,mgtbind_compounds.csv,mgtbind
1217,O=C1CCC(C2=CC=CC(C3=CC=C4C=NNC4=C3)=C2Cl)C(=O)N1,True,False,False,False,True,False,mgtbind_compounds.csv,mgtbind
1218,O=C1CCC(C2=CC=CC(C3=CC4=C(C=C3)NN=C4)=C2Cl)C(=O)N1,True,False,False,False,True,False,mgtbind_compounds.csv,mgtbind
1219,O=C1CCC(C2=CC=CC(C3=CC4=C(C=C3)NCCC4)=C2Cl)C(=O)N1,True,False,False,False,True,False,mgtbind_compounds.csv,mgtbind
1220,O=C1CCC(C2=CC=CC(C3=CC=C4NCCOC4=C3)=C2Cl)C(=O)N1,True,False,False,False,True,False,mgtbind_compounds.csv,mgtbind
1221,CN1CCC2=CC(C3=CC=CC(C4CCC(=O)NC4=O)=C3Cl)=CC=C21,True,False,False,False,True,False,mgtbind_compounds.csv,mgtbind
1222,CN1C=CC(CN2CCC3=CC(C4=CC=CC(C5CCC(=O)NC5=O)=C4Cl)=CC=C32)=N1,True,False,False,False,True,False,mgtbind_compounds.csv,mgtbind
1223,O=C1CCC(C2=CC=CC(C3=CC4=C(C=C3)NCC4)=C2Cl)C(=O)N1,True,False,False,False,True,False,mgtbind_compounds.csv,mgtbind
1224,O=C1CCC(C2=CC=CC(C3=CC4=C(C=C3)NCC4)=C2F)C(=O)N1,True,False,False,False,True,False,mgtbind_compounds.csv,mgtbind
1225,O=C1CCC(C2=CC=CC(C3=CC=C4NC(=O)CCC4=C3)=C2Cl)C(=O)N1,True,False,False,False,True,False,mgtbind_compounds.csv,mgtbind
1226,O=C1CCC(C2=CC=CC(C3=CC=C4NC(=O)CC4=C3)=C2Cl)C(=O)N1,True,False,False,False,True,False,mgtbind_compounds.csv,mgtbind
1227,O=C1CCC(C2=CC=CC(C3=CN=C4NCCOC4=C3)=C2Cl)C(=O)N1,True,False,False,False,True,False,mgtbind_compounds.csv,mgtbind
1228,O=C1CCC(C2=CC=CC(C3=CN=C4NCCCC4=C3)=C2Cl)C(=O)N1,True,False,False,False,True,False,mgtbind_compounds.csv,mgtbind
1229,CN1C=CC(CN2C(=O)CC3=CC(C4=CC=CC(C5CCC(=O)NC5=O)=C4Cl)=CC=C32)=N1,True,False,False,False,True,False,mgtbind_compounds.csv,mgtbind
1230,CC1(C)CC2=CC(C3=C(Cl)C(C4CCC(=O)NC4=O)=CC=C3)=CC=C2N1,True,False,False,False,True,False,mgtbind_compounds.csv,mgtbind
1231,CN1C=CC(CN2N=CC3=C2C=CC(C2=C(Cl)C(C4CCC(=O)NC4=O)=CC=C2)=C3)=N1,True,False,False,False,True,False,mgtbind_compounds.csv,mgtbind
1232,CN1C=CC(CN2C=CC3=C2C=CC(C2=C(Cl)C(C4CCC(=O)NC4=O)=CC=C2)=C3)=N1,True,False,False,False,True,False,mgtbind_compounds.csv,mgtbind
1233,CC1CC2=C(C=CC(C3=C(Cl)C(C4CCC(=O)NC4=O)=CC=C3)=C2)N1,True,False,False,False,True,False,mgtbind_compounds.csv,mgtbind
1234,CN1C=CC(CN2C(=O)CCC3=CC(C4=C(Cl)C(C5CCC(=O)NC5=O)=CC=C4)=CC=C32)=N1,True,False,False,False,True,False,mgtbind_compounds.csv,mgtbind
1235,CN1C=CC(CN2C(=O)COC3=CC(C4=CC=CC(C5CCC(=O)NC5=O)=C4Cl)=CC=C32)=N1,True,False,False,False,True,False,mgtbind_compounds.csv,mgtbind
1236,CN1C=CC(CN2C(=O)N(C)CC3=CC(C4=CC=CC(C5CCC(=O)NC5=O)=C4Cl)=CC=C32)=N1,True,False,False,False,True,False,mgtbind_compounds.csv,mgtbind
1237,CN1C=NC(CN2C(=O)CC3=CC(C4=CC=CC(C5CCC(=O)NC5=O)=C4Cl)=CC=C32)=C1,True,False,False,False,True,False,mgtbind_compounds.csv,mgtbind
1238,O=C1CCC(C2=CC=CC(C3=CC=C4C(=C3)CC(=O)N4CC3=COC=N3)=C2Cl)C(=O)N1,True,False,False,False,True,False,mgtbind_compounds.csv,mgtbind
1239,O=C1CCC(C2=CC=CC(C3=CC=C4C(=C3)CC(=O)N4CC3CC3)=C2Cl)C(=O)N1,True,False,False,False,True,False,mgtbind_compounds.csv,mgtbind
1240,CN1C=CC(CN2C(=O)OC3=C2C=CC(C2=C(Cl)C(C4CCC(=O)NC4=O)=CC=C2)=C3)=N1,True,False,False,False,True,False,mgtbind_compounds.csv,mgtbind
1241,CN1C=NC=C1CN1N=CC2=CC(C3=CC=CC(C4CCC(=O)NC4=O)=C3Cl)=CC=C21,True,False,False,False,True,False,mgtbind_compounds.csv,mgtbind
1242,CN1C=CC=C(N2CCC3=CC(C4=CC=CC(C5CCC(=O)NC5=O)=C4Cl)=CC=C32)C1=O,True,False,False,False,True,False,mgtbind_compounds.csv,mgtbind
1243,CN1C=CC(CC2=NOC3=CC(C4=C(Cl)C(C5CCC(=O)NC5=O)=CC=C4)=CC=C32)=N1,True,False,False,False,True,False,mgtbind_compounds.csv,mgtbind
1244,CCN1C2C3=CC(C4N=C(C[C@@H](C(N5N[C@H](C(OCC(CC3=C1C1=C([C@@H](OC)C)N=CC=C1)(C)C)=O)CCC5)=O)NC(C(C)(C)F)=O)SC=4)=CC=2,True,False,False,False,False,False,mgtbind_compounds.csv,mgtbind
1245,C(#N)[C@@H]1CN(CC#CC2C=C(C3N(CC)C4C5=CC(C6N=C(C[C@@H](C(N7N[C@H](C(OCC(CC=35)(C)C)=O)CCC7)=O)N(C3N5C(C=C(C=C5)C)=NN=3)[H])SC=6)=CC=4)C([C@@H](OC)C)=NC=2)CC1,True,False,False,False,False,False,mgtbind_compounds.csv,mgtbind
1246,CCN1C2C3=CC(=CC=2)C2N=C(C[C@@H](C(N4N[C@H](C(OCC(CC3=C1C1C([C@@H](OC)C)=NC=C(C#CCN3CC5CCC(C3)N5C(C)=O)C=1)(C)C)=O)CCC4)=O)NC1N3C=CC(C)=CC3=NN=1)SC=2,True,False,False,False,False,False,mgtbind_compounds.csv,mgtbind
1247,[H]N([C@@H]1C(=O)N2N[C@@H](CCC2)C(=O)OCC(C)(C)CC2=C(N(CC)C3C2=CC(=CC=3)C2=CSC(=N2)C1)C1C([C@@H](OC)C)=NC=C(C#CCN2CCS(=O)(=O)N(C)CC2)C=1)C1N2C(C=C(C=C2)C)=NN=1,True,False,False,False,False,False,mgtbind_compounds.csv,mgtbind
1248,CCN1C2=CC=C3C=C2C(=C1C1=CC(C#CCN2CCC2)=CN=C1[C@H](C)OC)CC(C)COC(=O)[C@@H]1CCCN(N1)C(=O)[C@@H](NC(=O)[C@H]1[C@@H]2COC[C@@H]21)CC1=NC3=CS1,True,False,False,False,False,False,mgtbind_compounds.csv,mgtbind
1249,CCN1C2C3=CC(=CC=2)C2N=C(C[C@@H](C(N4N[C@H](C(OCC(CC3=C1C1C([C@@H](OC)C)=NC=C(C#CCN3CCOCCC3)C=1)C)=O)CCC4)=O)NP1(=O)CC(C)=C(C)C1)SC=2,True,False,False,False,False,False,mgtbind_compounds.csv,mgtbind
1250,C=C1CN(CC#CC2=CN=C([C@H](C)OC)C(C3=C4CC(C)(C)COC(=O)[C@@H]5CCCN(N5)C(=O)[C@@H](NC(=O)[C@H]5[C@H](C)[C@@H]5C)CC5=NC(=CS5)C5=CC=C(C4=C5)N3CC)=C2)C1,True,False,False,False,False,False,mgtbind_compounds.csv,mgtbind
1251,CCN1C2C3=CC(C4N=C(C[C@@H](C(N5N[C@H]([C@](OCC(CC3=C1C1C([C@@H](O)C)=[N+]([O-])C=C(C#CCN3CCOCCC3)C=1)(C)C)=O)CCC5)=O)NC([C@H]1[C@H](C)[C@@H]1C)=O)SC=4)=CC=2,True,False,False,False,False,False,mgtbind_compounds.csv,mgtbind
1252,CCN1C2=CC=C3C=C2C(=C1C1=CC(C#CCN2CCC(N=S(C)(C)=O)CC2)=CN=C1[C@H](C)OC)CC(C)(C)COC(=O)[C@@H]1CCCN(N1)C(=O)[C@@H](NC(=O)[C@H]1[C@H](C)[C@@H]1C)CC1=NC3=CS1,True,False,False,False,False,False,mgtbind_compounds.csv,mgtbind
1253,CCN1C2C3=CC(=CC=2)C2N=C(C[C@@H](C(N4N[C@H](C(OCC(CC3=C1C1C([C@@H](OC)C)=NC=C(C#CCN3CC(N=S(C)(C)=O)C3)C=1)(C)C)=O)CCC4)=O)NC([C@@H]1[C@@H](C)[C@H]1C)=O)SC=2,True,False,False,False,False,False,mgtbind_compounds.csv,mgtbind
1254,CCN1C2C3=CC(=CC=2)C2N=C(C[C@@H](C(N4N[C@H](C(OCC(CC3=C1C1C([C@@H](OC)C)=NC=C(C#CCN3CCC(O)(C5[N+]([O-])=CC=CC=5)CC3)C=1)(C)C)=O)CCC4)=O)NC([C@@H]1[C@@H](C)[C@H]1C)=O)SC=2,True,False,False,False,False,False,mgtbind_compounds.csv,mgtbind
1255,C(#N)C1(CCN(CC#CC2C=C(C3N(CC)C4C5=CC(C6N=C(C[C@@H](C(N7N[C@H]([C@](OCC(CC=35)(C)C)=O)CCC7)=O)NC([C@H]3[C@H](C)[C@@H]3C)=O)SC=6)=CC=4)C([C@@H](OC)C)=NC=2)CC1)C1[N+]([O-])=CC=CC=1,True,False,False,False,False,False,mgtbind_compounds.csv,mgtbind
1256,CCN1C2C3=CC(=CC=2)C2N=C(C[C@@H](C(N4N[C@H](C(OCC(CC3=C1C1C([C@@H](OC)C)=NC=C(C#CCN3CCC(O)(C5[N+]([O-])=C(C)C=CC=5)CC3)C=1)(C)C)=O)CCC4)=O)NC([C@@H]1[C@@H](C)[C@H]1C)=O)SC=2,True,False,False,False,False,False,mgtbind_compounds.csv,mgtbind
1257,CCN1C2=C3C=C(C=C2)C2=CSC(=N2)C[C@H](NC(=O)[C@H]2[C@H](C)[C@@H]2C)C(=O)N2CCC[C@H](N2)C(=O)OCC(C)(C)CC3=C1C1=C([C@H](C)OC)N=CC(C#CCN2CCC(NC3=C(P(C)(C)=O)C=CC=C3)CC2)=C1,True,False,False,False,False,False,mgtbind_compounds.csv,mgtbind
1258,CCN1C2C3=CC(C4N=C(C[C@@H](C(N5N[C@H](C(OCC(CC3=C1C1C([C@@H](OC)C)=NC=C(C#CCN3CC(O)C3)C=1)(C)C)=O)CCC5)=O)NC([C@H]1[C@H](C)[C@@H]1C)=O)SC=4)=CC=2,True,False,False,False,False,False,mgtbind_compounds.csv,mgtbind
1259,CCN1C2=C3C=C(C=C2)C2=CSC(=N2)C[C@H](NC(=O)[C@H]2[C@H](C)[C@@H]2C)C(=O)N2CCC[C@H](N2)C(=O)OCC2(CC2)CC3=C1C1=C([C@H](C)OC)N=CC(N2CCN3CC4(CC4)OC[C@@H]3C2)=C1,True,False,False,False,False,False,mgtbind_compounds.csv,mgtbind
1260,"CCN1C2C=CC3=CC=2C(=C1C1C=C(N2CCN(C)CC2)C=NC=1[C@H](C)OC)CC(COC([C@H]1NN(C([C@@H](NC(C(F)(C)C)=O)CC2SC=C3N=2)=O)CCC1)=O)(C)C |&1:24,37,a:33,r|",True,False,False,False,False,False,mgtbind_compounds.csv,mgtbind
1261,CCN1C2C3=CC(C4N=C(C[C@@H](C(N5N[C@H](C(OCC6(CC6)CC3=C1C1C([C@@H](OC)C)=NC=C(OCC3(CC3)N3CCOCCC3)C=1)=O)CCC5)=O)NC([C@H]1[C@H](C)[C@@H]1C)=O)SC=4)=CC=2,True,False,False,False,False,False,mgtbind_compounds.csv,mgtbind
1262,CCN1C2=CC=C3C=C2C(=C1C1=CC(OCC2(N4CCC4)CC2)=CN=C1[C@H](C)OC)CC1(CC1)COC(=O)[C@@H]1CCCN(N1)C(=O)[C@@H](NC(=O)[C@H]1[C@H](C)[C@@H]1C)CC1=NC3=CS1,True,False,False,False,False,False,mgtbind_compounds.csv,mgtbind
1263,C1CN2CCCC2(COC2=CC(C3=C4CC5(COC([C@H]6NN(C(=O)[C@@H](NC([C@@H]7[C@@H](C)[C@H]7C)=O)CC7SC=C(C8=CC4=C(C=C8)N3CC)N=7)CCC6)=O)CC5)=C([C@@H](OC)C)N=C2)C1,True,False,False,False,False,False,mgtbind_compounds.csv,mgtbind
1264,N1(CCOC2C=C(C3=C4CC5(COC([C@H]6NN(C(=O)[C@@H](NC([C@@H]7[C@@H](C)[C@H]7C)=O)CC7SC=C(C8=CC4=C(C=C8)N3CC)N=7)CCC6)=O)CC5)C([C@@H](OC)C)=NC=2)CCOC2(CC2)C1,True,False,False,False,False,False,mgtbind_compounds.csv,mgtbind
1265,"CCN1C2=C3C=C(C=C2)C2=CSC(C[C@H](NC([C@H]4[C@H](C)[C@@H]4C)=O)C(=O)N4CCC[C@@H](C(=O)OCC5(CC5)CC3=C1C1=C([C@H](C)OC)N=CC(N(C)C(C3CCCCCN3C)=O)=C1)N4)=N2 |a:14,&1:17,18,20,29,42,r|",True,False,False,False,False,False,mgtbind_compounds.csv,mgtbind
1266,CCN1C2=CC=C3C=C2C(=C1C1=CC(C#CCN2CCC2)=CN=C1[C@H](C)OC)CC(C)(C)COC(=O)[C@@H]1CCCN(N1)C(=O)[C@@H](NC(=O)[C@H]1[C@H](C)[C@@H]1C)CC1=NC3=CS1,True,False,False,False,False,False,mgtbind_compounds.csv,mgtbind
1267,S(C)(=O)(=O)CCN1CCN(C2C=C(C3N(CC)C4C5=CC(C6N=C(C[C@@H](C(N7N[C@H](C(OCC8(CC8)CC=35)=O)CCC7)=O)N[C@](C3[C@H](C)[C@@H]3C)=O)SC=6)=CC=4)C([C@@H](OC)C)=NC=2)CC1,True,False,False,False,False,False,mgtbind_compounds.csv,mgtbind
1268,CCN1C2=CC=C3C=C2C(=C1C1=CC(C#CCN2CCOC4(CC4)C2)=CN=C1[C@H](C)OC)CC(C)(C)COC(=O)[C@@H]1CCCN(N1)C(=O)[C@@H](NC(=O)[C@H]1[C@H](C)[C@@H]1C)CC1=NC3=CS1,True,False,False,False,False,False,mgtbind_compounds.csv,mgtbind
1269,CCN1C2C3=CC(C4N=C(C[C@@H](C(N5N[C@H](C(OCC6CC6CC3=C1C1C([C@H](C)OC)=NC=C(OCCN3CC6(CC6)OCC3)C=1)=O)CCC5)=O)NC([C@H]1[C@H](C)[C@@H]1C)=O)SC=4)=CC=2,True,False,False,False,False,False,mgtbind_compounds.csv,mgtbind
1270,CS(=O)(=O)CCN1CCN(C2C=C(C3N(CC)C4C5=CC(C6N=C(C[C@@H](C(N7N[C@H](C(OCC8(CC8)CC=35)=O)CCC7)=O)NC([C@H]3[C@H](C)[C@@H]3C)=O)SC=6)=CC=4)C([C@@H](OCC)C)=NC=2)CC1,True,False,False,False,False,False,mgtbind_compounds.csv,mgtbind
1271,N1(CCOC2C=C(C3=C4CC5(COC([C@H]6NN(C(=O)[C@@H](NC([C@@H]7[C@@H](C)[C@H]7C)=O)CC7SC=C(C8=CC4=C(C=C8)N3CC(F)(F)F)N=7)CCC6)=O)CC5)C([C@@H](OC)C)=NC=2)CCOC2(CC2)C1,True,False,False,False,False,False,mgtbind_compounds.csv,mgtbind
1272,CCN1C2C3=CC(=CC=2)C2N=C(C[C@@H](C(N4N[C@H](C(OCC(CC3=C1C1C([C@@H](OC)C)=NC=C(C#CCN3CC(F)(F)C3)C=1)(C)C)=O)CCC4)=O)NC([C@@H]1[C@@H](C)[C@H]1C)=O)SC=2,True,False,False,False,False,False,mgtbind_compounds.csv,mgtbind
1273,CCN1C2C3=CC(C4N=C(CC(C(N5NC(C([O@@]CC(CC3=C1C1C(C(OC)C)=NC=C(N3CCN(C)CC3)C=1)(C)C)=O)CCC5)=O)NC(C(C)(C)F)=O)SC=4)=CC=2,True,False,False,False,False,False,mgtbind_compounds.csv,mgtbind
1274,"CCN1C2=C3C=C(C=C2)C2=CSC(C[C@H](NC([C@@H]4[C@@H](C)[C@H]4C)=O)C(=O)N4CCC[C@@H](C(=O)OCC5(CC5)CC3=C1C1=C([C@H](C)OC)N=CC(OCCN3CC5(CC5)CC3)=C1)N4)=N2 |&1:14,17,18,20,29,42,r|",True,False,False,False,False,False,mgtbind_compounds.csv,mgtbind
1275,"CC1CCC2=NN=C(N([C@H]3CC4SC=C(N=4)C4C=CC5N(C(C6=C(N=CC(N7CCN(C)CC7)=C6)[C@H](C)OC)=C(C=5C=4)CC(C)(C)COC([C@@H]4CCCN(N4)C3=O)=O)CC)[H])N2C1 |&1:9,35,49,r|",True,False,False,False,False,False,mgtbind_compounds.csv,mgtbind
1276,[H]N([C@@H]1C(=O)N2N[C@@H](CCC2)C(=O)OCC(C)(C)CC2=C(N(C3C=CC(=CC23)C2=CSC(=N2)C1)CC)C1C([C@@H](OC)C)=NC=C(N2CCN(C)CC2)C=1)C1N2C(C=CC(=C2)C)=NN=1,True,False,False,False,False,False,mgtbind_compounds.csv,mgtbind
1277,C1(COC2C=C(C3=C4CC(COC([C@H]5NN(C(=O)[C@@H](NC([C@@H]6[C@@H](C)[C@H]6C)=O)CC6SC=C(C7=CC4=C(C=C7)N3CC)N=6)CCC5)=O)(C)C)C([C@@H](OC)C)=NC=2)(N2CCS(=O)(=O)CC2)CC1,True,False,False,False,False,False,mgtbind_compounds.csv,mgtbind
1278,C1CN(C2C=C(C3=C4CC(COC([C@H]5NN(C([C@@H](NC6N=NC=CC=6)CC6SC=C(C7=CC4=C(C=C7)N3CC)N=6)=O)CCC5)=O)(C)C)C([C@@H](OC)C)=NC=2)CCN1C,True,False,False,False,False,False,mgtbind_compounds.csv,mgtbind
1279,CCN1C2C3=CC(C4N=C(C[C@@H](C(N5N[C@H](C(OCC(CC3=C1C1C([C@@H](OC)C)=NC=C(N3CCN(C)CC3)C=1)(C)C)=O)CCC5)=O)N(C)C)SC=4)=CC=2,True,False,False,False,False,False,mgtbind_compounds.csv,mgtbind
1280,[H]N(C1=NOC=C1)[C@H]1CC2=NC(=CS2)C2=CC=C3C(=C2)C(=C(C2=CC(N4CCN(C)CC4)=CN=C2[C@H](C)OC)N3CC)CC(C)(C)COC(=O)[C@@H]2CCCN(N2)C1=O,True,False,False,False,False,False,mgtbind_compounds.csv,mgtbind
1281,CCN1C2C3C=C(C=C2)C2=CSC(C[C@H](N(C4=NN=C5N4C=CC=C5)[H])C(=O)N4CCC[C@@H](C(=O)OCC(C)(C)CC3=C1C1=C([C@H](C)OC)N=CC(N3CCN(C)CC3)=C1)N4)=N2,True,False,False,False,False,False,mgtbind_compounds.csv,mgtbind
1282,CCN1C2=CC=C3C=C2C(=C1C1=CC(N2CCN(C4=CC=C(C)C=C4)CC2)=CN=C1[C@H](C)OC)CC1(CC1)COC(=O)[C@@H]1CCCN(N1)C(=O)[C@@H](NC(=O)[C@H]1[C@H](C)[C@@H]1C)CC1=NC3=CS1,True,False,False,False,False,False,mgtbind_compounds.csv,mgtbind
1283,C1OC2(CC2)CN(CCOC2C=C(C3N(C(C)C)C4=C5C=C(C6N=C(C[C@@H](C(N7N[C@H](C(OCC8(CC8)CC=35)=O)CCC7)=O)NC([C@H]3[C@H](C)[C@@H]3C)=O)SC=6)C=C4)C([C@@H](OC)C)=NC=2)C1,True,False,False,False,False,False,mgtbind_compounds.csv,mgtbind
1284,C1CS(=O)(=O)CCN1C1(CC2=CC(C3=C4CC(C)(C)COC([C@H]5NN(C(=O)[C@@H](NC([C@@H]6[C@@H](C)[C@H]6C)=O)CC6SC=C(C7=CC4=C(C=C7)N3CC)N=6)CCC5)=O)=C([C@@H](OC)C)N=C2)CC1,True,False,False,False,False,False,mgtbind_compounds.csv,mgtbind
1285,C1CS(=O)(=O)CCN1CCC1C=C(C2=C3CC(COC([C@H]4NN(C(=O)[C@@H](NC([C@@H]5[C@@H](C)[C@H]5C)=O)CC5SC=C(C6=CC3=C(C=C6)N2CC)N=5)CCC4)=O)(C)C)C([C@@H](OC)C)=NC=1,True,False,False,False,False,False,mgtbind_compounds.csv,mgtbind
1286,CCN1C2=CC=C3C=C2C(=C1C1=CC(OCC2(CN4CCCOCC4)CC2)=CN=C1[C@H](C)OC)CC1(CC1)COC(=O)[C@@H]1CCCN(N1)C(=O)[C@@H](NC(=O)[C@H]1[C@H](C)[C@@H]1C)CC1=NC3=CS1,True,False,False,False,False,False,mgtbind_compounds.csv,mgtbind
1287,CCN1C2=CC=C3C=C2C(=C1C1=CC(C#CCN2CCCOCC2)=CN=C1[C@H](C)OC)CC(C)(C)COC(=O)[C@@H]1CCCN(N1)C(=O)[C@@H](NC(=O)[C@H]1[C@H](C)[C@@H]1C)CC1=NC3=CS1,True,False,False,False,False,False,mgtbind_compounds.csv,mgtbind
1288,"CCN1C2C=CC3=CC=2C(=C1C1=C([C@H](C)OC)N=CC(N2CCN4[C@H](CC(CC4)=C)C2)=C1)CC(COC([C@H]1NN(C([C@@H](NC([C@@H]2[C@@H](C)[C@H]2C)=O)CC2SC=C3N=2)=O)CCC1)=O)(C)C |&1:13,24,37,41,47,a:44,45,r|",True,False,False,False,False,False,mgtbind_compounds.csv,mgtbind
1289,C1C[C@H](N(C)C1)C#CC1C=C(C2=C3CC(COC([C@H]4NN(C(=O)[C@@H](NC([C@@H]5[C@@H](C)[C@H]5C)=O)CC5SC=C(C6=CC3=C(C=C6)N2CC)N=5)CCC4)=O)(C)C)C([C@@H](OC)C)=NC=1,True,False,False,False,False,False,mgtbind_compounds.csv,mgtbind
1290,C1[C@@H](N(C)CC1)C#CC1C=C(C2=C3CC(COC([C@H]4NN(C(=O)[C@@H](NC([C@@H]5[C@@H](C)[C@H]5C)=O)CC5SC=C(C6=CC3=C(C=C6)N2CC)N=5)CCC4)=O)(C)C)C([C@@H](OC)C)=NC=1,True,False,False,False,False,False,mgtbind_compounds.csv,mgtbind
1291,CCN1C2C3=CC(C4N=C(C[C@@H](C(N5N[C@H](C(OCC(CC3=C1C1C([C@@H](OC)C)=NC=C(OCCN3CCS(=O)CC3)C=1)(C)C)=O)CCC5)=O)NC([C@H]1[C@H](C)[C@@H]1C)=O)SC=4)=CC=2,True,False,False,False,False,False,mgtbind_compounds.csv,mgtbind
1292,C1C2=CC3C(CC(COC([C@H]4NN(C([C@H](CC5SC=C2N=5)NC([C@@H]2[C@@H](C)C2)=O)=O)CCC4)=O)(C)C)=C(N(C(C)C)C=3C=1)C1C([C@@H](OC)C)=NC=C(OCCN2CCS(=O)(=O)CC2)C=1,True,False,False,False,False,False,mgtbind_compounds.csv,mgtbind
1293,CCN1C2=C3C=C(C=C2)C2=CSC(=N2)C[C@H](NC(=O)C(C)(C)CC)C(=O)N2CCC[C@H](N2)C(=O)OCC(C)(C)CC3=C1C1=C([C@H](C)OC)N=CC(OCCN2CCS(=O)(=O)CC2)=C1,True,False,False,False,False,False,mgtbind_compounds.csv,mgtbind
1294,CC[C@H](C)C(=O)N[C@H]1CC2=NC(=CS2)C2=CC3=C(C=C2)N(CC)C(C2=C([C@H](C)OC)N=CC(OCCN4CCS(=O)(=O)CC4)=C2)=C3CC(C)(C)COC(=O)[C@@H]2CCCN(N2)C1=O,True,False,False,False,False,False,mgtbind_compounds.csv,mgtbind
1295,CC[C@@H](C)C(=O)N[C@H]1CC2=NC(=CS2)C2=CC3=C(C=C2)N(CC)C(C2=C([C@H](C)OC)N=CC(OCCN4CCS(=O)(=O)CC4)=C2)=C3CC(C)(C)COC(=O)[C@@H]2CCCN(N2)C1=O,True,False,False,False,False,False,mgtbind_compounds.csv,mgtbind
1296,C1N(C(C#CC2C=C(C3=C4CC(COC([C@H]5NN(C(=O)[C@@H](NC([C@@H]6[C@@H](C)[C@H]6C)=O)CC6SC=C(C7=CC4=C(C=C7)N3CC)N=6)CCC5)=O)(C)C)C([C@@H](OC)C)=NC=2)C)CC1,True,False,False,False,False,False,mgtbind_compounds.csv,mgtbind
1297,C(C)N1C2C3=CC(C4N=C(C[C@@H](C(N5N[C@H](C(OCC(C)(C)CC3=C1C1C([C@@H](OC)C)=NC=C(OCC3(CC3)N3CCS(=O)(=O)CC3)C=1)=O)CCC5)=O)N[C@](C1[C@@H](C)[C@H]1C)=O)SC=4)=CC=2,True,False,False,False,False,False,mgtbind_compounds.csv,mgtbind
1298,[2H]C([2H])([2H])O[C@@H](C)C1=NC=C(N2CCN(C)CC2)C=C1C1=C2CC(C)(C)COC(=O)[C@@H]3CCCN(N3)C(=O)[C@@H](NC(=O)C(C)(C)F)CC3=NC(=CS3)C3=CC=C(C2=C3)N1CC,True,False,False,False,False,False,mgtbind_compounds.csv,mgtbind
1299,C1C[C@](C)(N(C)C1)C#CC1C=C(C2=C3CC(COC([C@H]4NN(C(=O)[C@@H](NC([C@@H]5[C@@H](C)[C@H]5C)=O)CC5SC=C(C6=CC3=C(C=C6)N2CC)N=5)CCC4)=O)C)C([C@@H](OC)C)=NC=1,True,False,False,False,False,False,mgtbind_compounds.csv,mgtbind
1300,C1(C#C[C@@]2(N(C)CCC2)C)C=C(C2=C3CC(COC([C@H]4NN(C(=O)[C@@H](NC([C@@H]5[C@@H](C)[C@H]5C)=O)CC5SC=C(C6=CC3=C(C=C6)N2CC)N=5)CCC4)=O)(C)C)C([C@@H](OC)C)=NC=1,True,False,False,False,False,False,mgtbind_compounds.csv,mgtbind
1301,[2H]C([2H])([2H])N1CCN(C2=CN=C([C@H](C)OC)C(C3=C4CC(C)(C)COC(=O)[C@@H]5CCCN(N5)C(=O)[C@@H](NC(=O)C(C)(C)F)CC5=NC(=CS5)C5=CC=C(C4=C5)N3CC)=C2)CC1,True,False,False,False,False,False,mgtbind_compounds.csv,mgtbind
1302,CCN1C2C3=CC(C4N=C(C[C@@H](C(N5N[C@H](C(OCC6(CC6)CC3=C1C1C([C@@H](OC)C)=NC=C(OCCN3CC6(CC6)OCC3)C=1)=O)CCC5)=O)NC([C@@H]1[C@@H](C3N=CN=CC=3)[C@H]1C)=O)SC=4)=CC=2,True,False,False,False,False,False,mgtbind_compounds.csv,mgtbind
1303,CCN1C2C3=CC(C4N=C(C[C@@H](C(N5N[C@H](C(OCC6(CC6)CC3=C1C1C([C@@H](OC)C)=NC=C(OCCN3CC6(CC6)OCC3)C=1)=O)CCC5)=O)NC([C@H]1[C@H](C3N=CN=CC=3)[C@@H]1C)=O)SC=4)=CC=2,True,False,False,False,False,False,mgtbind_compounds.csv,mgtbind
1304,[H]N([C@@H]1C(=O)N2N[C@@H](CCC2)C(=O)OCC(C)(C)CC2=C(N(C3C=CC(=CC2=3)C2=CSC(=N2)C1)CC)C1C([C@@H](OC)C)=NC=C(N2CCN(C)CC2)C=1)C1N2C(C=C(C=C2)CC)=NN=1,True,False,False,False,False,False,mgtbind_compounds.csv,mgtbind
1305,S1(=O)(=O)CCN(CCOC2C=C(C3=C4CC(COC([C@H]5NN(C(=O)[C@@H](NC([C@@H]6[C@@H](C)C6)=O)CC6SC=C(C7=CC4=C(C=C7)N3CC)N=6)CCC5)=O)(C)C)C([C@@H](OC)C)=NC=2)CC1,True,False,False,False,False,False,mgtbind_compounds.csv,mgtbind
1306,S1(=O)(=O)CCN(C(C)(C)COC2=CC(C3=C4CC(COC([C@H]5NN(C(=O)[C@@H](NC([C@@H]6[C@@H](C)[C@H]6C)=O)CC6SC=C(C7=CC4=C(C=C7)N3CC)N=6)CCC5)=O)(C)C)=C([C@@H](OC)C)N=C2)CC1,True,False,False,False,False,False,mgtbind_compounds.csv,mgtbind
1307,C1N([C@@H](C#CC2C=C(C3=C4CC(COC([C@H]5NN(C(=O)C(NC([C@@H]6[C@@H](C)[C@H]6C)=O)CC6SC=C(C7=CC4=C(C=C7)N3CC)N=6)CCC5)=O)(C)C)C([C@@H](OC)C)=NC=2)COC1)C,True,False,False,False,False,False,mgtbind_compounds.csv,mgtbind
1308,CCN1C2C3=CC(C4N=C(CC(C(N5NC([C@](OCC(CC3=C1C1C(C(OC)C)=NC=C(N3CCN(C)CC3)C=1)(C)C)=O)CCC5)=O)NC1N=CC=CC=1)SC=4)=CC=2,True,False,False,False,False,False,mgtbind_compounds.csv,mgtbind
1309,CCN1C2C3=CC(C4N=C(C[C@@H](C(N5N[C@H]([C@](OCC(CC3=C1C1C([C@@H](OC)C)=NC=C(N3CCN(C)CC3)C=1)(C)C)=O)CCC5)=O)NC1C(=O)N(C)CC1)SC=4)=CC=2,True,False,False,False,False,False,mgtbind_compounds.csv,mgtbind
1310,C1N(CC#CC2C=C(C3=C4CC(COC([C@H]5NN(C(=O)[C@@H](NC([C@@H]6[C@@H](C)[C@H]6C)=O)CC6SC=C(C7=CC4=C(C=C7)N3CC(F)(F)F)N=6)CCC5)=O)(C)C)C([C@@H](OC)C)=NC=2)CCOCC1,True,False,False,False,False,False,mgtbind_compounds.csv,mgtbind
1311,C1(C#CCN2CCN(C)CC2)C=C(C2=C3CC(COC([C@H]4NN(C(=O)[C@@H](NC([C@@H]5[C@@H](C)[C@H]5C)=O)CC5SC=C(C6=CC3=C(C=C6)N2CC)N=5)CCC4)=O)(C)C)C([C@@H](OC)C)=NC=1,True,False,False,False,False,False,mgtbind_compounds.csv,mgtbind
1312,C1N(C2=CC(C3=C4CC(COC([C@H]5NN(C(=O)[C@@H](NC6=NCCO6)CC6SC=C(C7=CC4=C(C=C7)N3CC)N=6)CCC5)=O)(C)C)=C([C@@H](OC)C)N=C2)CCN(C)C1,True,False,False,False,False,False,mgtbind_compounds.csv,mgtbind
1313,C(N1C2CCC1COC2)C#CC1C=C(C2N(CC)C3C4=CC(C5N=C(C[C@@H](C(N6N[C@H](C(OCC(CC=24)C)=O)CCC6)=O)NC([C@H]2[C@H](C)[C@@H]2C)=O)SC=5)=CC=3)C([C@@H](OC)C)=NC=1,True,False,False,False,False,False,mgtbind_compounds.csv,mgtbind
1314,C([2H])([2H])([2H])O[C@H](C1C(C2N(CC)C3C4=CC(C5N=C(C[C@@H](C(N6N[C@H](C(OCC(CC=24)(C)C)=O)CCC6)=O)NC([C@H]2[C@H](C)[C@@H]2C)=O)SC=5)=CC=3)=CC(N2C[C@@H]3N(CCOC3)CC2)=CN=1)C,True,False,False,False,False,False,mgtbind_compounds.csv,mgtbind
1315,CCN1C2=CC=C3C=C2C(=C1C1=C([C@H](C)OC)N=CC(N(C)CC2COCCN2C)=C1)CC(C)(C)COC(=O)[C@@H]1CCCN(N1)C(=O)[C@@H](N[C@@H](O)[C@H]1[C@H](C)[C@@H]1C)CC1=NC3=CS1,True,False,False,False,False,False,mgtbind_compounds.csv,mgtbind
1316,"CCN1C2C=CC3C4=CSC(C[C@H](NC([C@@H]5[C@@H](C)[C@H]5C)=O)C(=O)N5CCC[C@@H](C(=O)OCC6(CC6)CC(=C1C1=C([C@H](C)OC)N=CC([C@]6([H])CCN7CCOC[C@@H]7C6)=C1)C=2C=3)N5)=N4 |&1:12,15,16,18,27,40,47,56,r|",True,False,False,False,False,False,mgtbind_compounds.csv,mgtbind
1317,CCN1C2=CC=C3C=C2C(=C1C1=CC(N2CCN(C)CC2)=CN=C1[C@H](C)OC)CC(C)(C)COC(=O)[C@@H]1CCCN(N1)C(=O)[C@@H](NC1=NN=C2C=C(OC)C=CN21)CC1=NC3=CS1,True,False,False,False,False,False,mgtbind_compounds.csv,mgtbind
1318,C(F)(F)(F)C1CCN(CC#CC2C=C(C3N(CC)C4C5=CC(C6N=C(C[C@@H](C(N7N[C@H](C(OCC(CC=35)(C)C)=O)CCC7)=O)NC([C@H]3[C@H](C)[C@@H]3C)=O)SC=6)=CC=4)C([C@@H](OC)C)=NC=2)CC1,True,False,False,False,False,False,mgtbind_compounds.csv,mgtbind
1319,[H][C@]1(C2=CN=C([C@H](C)OC)C(C3=C4CC5(CC5)COC(=O)[C@@H]5CCCN(N5)C(=O)[C@@H](NC(=O)[C@H]5[C@H](C)[C@@H]5C)CC5=NC(=CS5)C5=CC=C(C4=C5)N3CC)=C2)CCN2CCOC[C@H]2C1,True,False,False,False,False,False,mgtbind_compounds.csv,mgtbind
1320,O=P1(CCN(CCOC2C=C(C3N(CC)C4C5=CC(C6N=C(C[C@@H](C(N7N[C@H](C(OCC(CC=35)C)=O)CCC7)=O)NC([C@H]3[C@H](C)[C@@H]3C)=O)SC=6)=CC=4)C([C@@H](OC)C)=NC=2)CC1)C,True,False,False,False,False,False,mgtbind_compounds.csv,mgtbind
1321,CCN1C2C3=CC(C4N=C(C[C@@H](C(N5N[C@H](C(OCC(CC3=C1C1C([C@@H](OC)C)=NC=[C@](C#CC36CCCN3CCC6)C=1)C)=O)CCC5)=O)NC([C@H]1[C@H](C)[C@@H]1C)=O)SC=4)=CC=2,True,False,False,False,False,False,mgtbind_compounds.csv,mgtbind
1322,CCN1C2=C3C=C(C=C2)C2=CSC(=N2)C[C@H](NC(=O)[C@H]2[C@H](C)[C@@H]2C)C(=O)N2CCC[C@H](N2)C(=O)OCC(C)(C)CC3=C1C1=C([C@H](C)OC)N=CC(OCCN2CCN(C)S(=O)(=O)CC2)=C1,True,False,False,False,False,False,mgtbind_compounds.csv,mgtbind
1323,C1(C#CCN2CCOCCC2)C=C(C2=C3CC(COC([C@H]4NN(C(=O)[C@@H](NC(CC(C)(C)C)=O)CC5SC=C(C6=CC3=C(C=C6)N2CC)N=5)CCC4)=O)(C)C)C([C@@H](OC)C)=NC=1,True,False,False,False,False,False,mgtbind_compounds.csv,mgtbind
1324,"CCN1C2C=CC3=CC=2C(CC2(COC([C@H]4NN(CCC4)C(=O)[C@@H](NC([C@H]4[C@H](C)[C@@H]4C)=O)CC4=NC3=CS4)=O)CC2)=C1C1C=C([C@@]2([H])C[C@@H]3COCCN3CC2)C=NC=1[C@H](C)OC |&1:15,23,26,27,29,45,48,59,r|",True,False,False,False,False,False,mgtbind_compounds.csv,mgtbind
1325,C1(C#CCN2CCOCCC2)C=C(C2=C3CC(COC([C@H]4NN(C(=O)[C@@H](NC(CC(C)C)=O)CC5SC=C(C6=CC3=C(C=C6)N2CC)N=5)CCC4)=O)(C)C)C([C@@H](OC)C)=NC=1,True,False,False,False,False,False,mgtbind_compounds.csv,mgtbind
1326,C1C(C2(N3CCN(C4C=C(C5=C6CC(COC([C@H]7NN(C([C@@H](NC([C@@H]8[C@@H](C)[C@H]8C)=O)CC8SC=C(C9=CC6=C(C=C9)N5CC)N=8)=O)CCC7)=O)(C)C)C([C@@H](OC)C)=NC=4)CC3)CC2)=NC(C)=CC=1,True,False,False,False,False,False,mgtbind_compounds.csv,mgtbind
1327,C1(C#CC(N2CCOCCC2)=O)C=C(C2=C3CC(COC([C@H]4NN(C(=O)[C@@H](NC([C@@H]5[C@@H](C)[C@H]5C)=O)CC5SC=C(C6=CC3=C(C=C6)N2CC)N=5)CCC4)=O)(C)C)C([C@@H](OC)C)=NC=1,True,False,False,False,False,False,mgtbind_compounds.csv,mgtbind
1328,CCN1C2=CC=C3C=C2C(=C1C1=CC(C#CCN2CCCOCC2)=CN=C1C(C)C)CC(C)(C)COC(=O)[C@@H]1CCCN(N1)C(=O)[C@@H](NC(=O)[C@H]1[C@H](C)[C@@H]1C)CC1=NC3=CS1,True,False,False,False,False,False,mgtbind_compounds.csv,mgtbind
1329,CCCC(=O)N[C@H]1CC2=NC(=CS2)C2=CC3=C(C=C2)N(CC)C(C2=CC(C#CCN4CCCOCC4)=CN=C2[C@H](C)OC)=C3CC(C)(C)COC(=O)[C@@H]2CCCN(N2)C1=O,True,False,False,False,False,False,mgtbind_compounds.csv,mgtbind
1330,C1(C#CCN2[C@H](C)COCC2)C=C(C2=C3CC(COC([C@H]4NN(C(=O)[C@@H](NC([C@@H]5[C@@H](C)[C@H]5C)=O)CC5SC=C(C6=CC3=C(C=C6)N2CC)N=5)CCC4)=O)(C)C)C([C@@H](OC)C)=NC=1,True,False,False,False,False,False,mgtbind_compounds.csv,mgtbind
1331,C1(C#CCN2[C@@H](C)COCC2)C=C(C2=C3CC(COC([C@H]4NN(C(=O)[C@@H](NC([C@@H]5[C@@H](C)[C@H]5C)=O)CC5SC=C(C6=CC3=C(C=C6)N2CC)N=5)CCC4)=O)(C)C)C([C@@H](OC)C)=NC=1,True,False,False,False,False,False,mgtbind_compounds.csv,mgtbind
1332,"CCN1C2C=CC3=CC=2C(CC(COC([C@H]2NN(CCC2)C(=O)[C@@H](NC([C@H]2[C@H](C)[C@@H]2C)=O)CC2=NC3=CS2)=O)(C)C)=C1C1C=C(OCCN2CC3(CC3)OCC2)C=NC=1[C@H](C)OC |&1:15,23,26,27,29,59,r|",True,False,False,False,False,False,mgtbind_compounds.csv,mgtbind
1333,C1(C#CC2(N3CCC3)CC2)C=C(C2=C3CC(COC([C@H]4NN(C(=O)[C@@H](NC([C@@H]5[C@@H](C)[C@H]5C)=O)CC5SC=C(C6=CC3=C(C=C6)N2CC)N=5)CCC4)=O)(C)C)C([C@@H](OC)C)=NC=1,True,False,False,False,False,False,mgtbind_compounds.csv,mgtbind
1334,C1(C#CCN2CCS(=O)(=O)CC2)C=C(C2=C3CC(COC([C@H]4NN(C(=O)[C@@H](NC([C@@H]5[C@@H](C)[C@H]5C)=O)CC5SC=C(C6=CC3=C(C=C6)N2CC)N=5)CCC4)=O)(C)C)C([C@@H](OC)C)=NC=1,True,False,False,False,False,False,mgtbind_compounds.csv,mgtbind
1335,CCN1C2C3=CC(=CC=2)C2N=C(C[C@@H](C(N4N[C@H](C(OCC(CC3=C1C1C([C@@H](OC)C)=NC=C(C#CCN3CCS(=N)(=O)CC3)C=1)(C)C)=O)CCC4)=O)NC([C@@H]1[C@@H](C)[C@H]1C)=O)SC=2,True,False,False,False,False,False,mgtbind_compounds.csv,mgtbind
1336,C1(C#CCN2CCS(=O)(=O)CC2)C=C(C2=C3CC(COC([C@H]4NN(C(=O)[C@@H](NC5N6C=CC(C)=CC6=NN=5)CC5SC=C(C6=CC3=C(C=C6)N2CC)N=5)CCC4)=O)(C)C)C([C@@H](OC)C)=NC=1,True,False,False,False,False,False,mgtbind_compounds.csv,mgtbind
1337,C1(C#CCN2CCOCCC2)C=C(C2=C3CC(COC([C@H]4NN(C(=O)[C@@H](NC([C@@H](N([S@](=O)(=NC)C)C)C(C)C)=O)CC5SC=C(C6=CC3=C(C=C6)N2CC)N=5)CCC4)=O)(C)C)C([C@@H](OC)C)=NC=1,True,False,False,False,False,False,mgtbind_compounds.csv,mgtbind
1338,CO[C@@H](C)C1=NC=C(C#CCN2CCS(=O)(=O)CC2)C=C1C1=C2CC(C)(C)COC(=O)[C@@H]3CCCN(N3)C(=O)[C@@H](NC3=NN=C4C=C(C)C=CN43)CC3=NC(=CS3)C3=CC2C(C=C3)N1C(C)C,True,False,False,False,False,False,mgtbind_compounds.csv,mgtbind
1339,C1(C#CCN2CCOCCC2)C=C(C2=C3CC(COC([C@H]4NN(C(=O)[C@@H](NC([C@@H]5[C@@H](C)[C@H]5C)=O)CC5SC=C(C6=CC3=C(C=C6)N2CC)N=5)CCC4)=O)(C)C)C([C@@H](OC)C)=[N+]([O-])C=1,True,False,False,False,False,False,mgtbind_compounds.csv,mgtbind
1340,C1(C#CCN2CCOCCC2)C=C(C2=C3CC(COC([C@H]4NN(C(=O)[C@@H](NC(CC5CC5)=O)CC5SC=C(C6=CC3=C(C=C6)N2CC)N=5)CCC4)=O)(C)C)C([C@@H](OC)C)=NC=1,True,False,False,False,False,False,mgtbind_compounds.csv,mgtbind
1341,C1(C#CCN2CCOCCC2)C=C(C2=C3CC(COC([C@H]4NN(C(=O)[C@@H](NP(CC)(CC)=O)CC5SC=C(C6=CC3=C(C=C6)N2CC)N=5)CCC4)=O)(C)C)C([C@@H](OC)C)=NC=1,True,False,False,False,False,False,mgtbind_compounds.csv,mgtbind
1342,C1(C#CCN2CCOCCC2)C=C(C2=C3CC(COC([C@H]4NN(C(=O)[C@@H](NC(C(F)(C5CC5)F)=O)CC5SC=C(C6=CC3=C(C=C6)N2CC)N=5)CCC4)=O)(C)C)C([C@@H](OC)C)=NC=1,True,False,False,False,False,False,mgtbind_compounds.csv,mgtbind
1343,CCN1C2C3=CC(=CC=2)C2N=C(C[C@@H](C(N4N[C@H](C(OCC(CC3=C1C1C([C@@H](OC)C)=NC=C(C#CCN3CCOCCC3)C=1)(C)C)=O)CCC4)=O)NC(CC1C(F)(F)C1)=O)SC=2,True,False,False,False,False,False,mgtbind_compounds.csv,mgtbind
1344,CCN1C2C3=CC(=CC=2)C2N=C(C[C@@H](C(N4N[C@H](C(OCC(CC3=C1C1C([C@@H](OC)C)=NC=C(C#CCN3CCOCCC3)C=1)(C)C)=O)CCC4)=O)NC(C[C@H]1C(F)(F)C1)=O)SC=2,True,False,False,False,False,False,mgtbind_compounds.csv,mgtbind
1345,CCN1C2C3=CC(=CC=2)C2N=C(C[C@@H](C(N4N[C@H](C(OCC(CC3=C1C1C([C@@H](OC)C)=NC=C(C#CCN3CCOCCC3)C=1)(C)C)=O)CCC4)=O)NC(C[C@@H]1C(F)(F)C1)=O)SC=2,True,False,False,False,False,False,mgtbind_compounds.csv,mgtbind
1346,CCN1C2C3=CC(=CC=2)C2N=C(C[C@@H](C(N4N[C@H](C(OCC(CC3=C1C1C([C@@H](OC)C)=NC=C(C#CCN3CC(OC)C3)C=1)(C)C)=O)CCC4)=O)NC([C@@H]1[C@@H](C)[C@H]1C)=O)SC=2,True,False,False,False,False,False,mgtbind_compounds.csv,mgtbind
1347,CCN1C2C3=CC(=CC=2)C2N=C(C[C@@H](C(N4N[C@H](C(OCC(CC3=C1C1C(C(C)C)=[N+]([O-])C=C(C#CCN3CCOCCC3)C=1)(C)C)=O)CCC4)=O)NC([C@@H]1[C@@H](C)[C@H]1C)=O)SC=2,True,False,False,False,False,False,mgtbind_compounds.csv,mgtbind
1348,C[C@@H]1[C@H](C)[C@H]1C(=O)N[C@H]1CC2SC=C(N=2)C2C=CC3=C(C=2)C(=C(C2C=C(C=NC=2[C@H](C)OC)C#CCN2CCS(=O)(=O)CC2)N3CCNC)CC(C)(C)COC([C@@H]2CCCN(N2)C1=O)=O,True,False,False,False,False,False,mgtbind_compounds.csv,mgtbind
1349,[H]N(C1=NN=C2C=C(C)C=CN21)[C@H]1CC2=NC(=CS2)C2=CC=C3C(=C2)C(=C(C2=CC(C#CCN4CCCOCC4)=CN=C2[C@H](C)OC)N3CC)CC(C)(C)COC(=O)[C@@H]2CCCN(N2)C1=O,True,False,False,False,False,False,mgtbind_compounds.csv,mgtbind
1350,CCN1C2C3=CC(=CC=2)C2N=C(C[C@@H](C(N4N[C@H](C(OCC(CC3=C1C1C([C@@H](OC)C)=NC=C(C#CCN3CCN(C)C(=O)CC3)C=1)(C)C)=O)CCC4)=O)NC1N3C=CC(C)=CC3=NN=1)SC=2,True,False,False,False,False,False,mgtbind_compounds.csv,mgtbind
1351,C1C2=CC3C(CC(COC([C@H]4NN(C([C@H](CC5SC=C2N=5)NC2N5C(C=C(C=C5)C)=NN=2)=O)CCC4)=O)(C)C)=C(N(CC)C=3C=1)C1C([C@@H](OC)C)=NC=C(C#CCN2CCC(F)(F)CC2)C=1,True,False,False,False,False,False,mgtbind_compounds.csv,mgtbind
1352,"CCN1C2C=CC3=CC=2C(CC(COC([C@@H]2CCCN(N2)C(=O)[C@@H](N(C2=NN=C4N2C=CC(=C4)C)[H])CC2SC=C3N=2)=O)(C)C)=C1C1=C([C@H](C)OC)N=CC(C#CCN2CCC(C#N)CC2)=C1 |&1:15,23,48,r|",True,False,False,False,False,False,mgtbind_compounds.csv,mgtbind
1353,[H]N([C@@H]1C(=O)N2N[C@@H](CCC2)C(=O)OCC(C)(C)CC2=C(N(CC)C3C2=CC(=CC=3)C2=CSC(=N2)C1)C1C([C@@H](OC)C)=NC=C(C#CCN2CCOCCC2)C=1)C1N2C(C=C(C=C2)Br)=NN=1,True,False,False,False,False,False,mgtbind_compounds.csv,mgtbind
1354,CCN1C2C3=CC(=CC=2)C2N=C(C[C@@H](C(N4N[C@H](C(OCC(CC3=C1C1C([C@@H](OC)C)=NC=C(C#CCN3CCS(=O)(=O)CC3)C=1)(C)C)=O)CCC4)=O)NC(CC1CC1)=O)SC=2,True,False,False,False,False,False,mgtbind_compounds.csv,mgtbind
1355,CCN1C2C3=CC(C4N=C(C[C@@H](C(N5NC([C@](OCC(CC3=C1C1C([C@@H](OC)C)=NC=C(C#CCN3C[C@H](O)COCC3)C=1)(C)C)=O)CCC5)=O)NC1N3C(C=C(C=C3)C)=NN=1)SC=4)=CC=2,True,False,False,False,False,False,mgtbind_compounds.csv,mgtbind
1356,[H]N(C1=NN=C2C=C(C)C=CN21)[C@H]1CC2=NC(=CS2)C2=CC=C3C(=C2)C(=C(C2=CC(C#CCN4CC(C#N)C4)=CN=C2[C@H](C)OC)N3CC)CC(C)(C)COC(=O)[C@@H]2CCCN(N2)C1=O,True,False,False,False,False,False,mgtbind_compounds.csv,mgtbind
1357,[H]N(C1=NN=C2C=C(C)C=CN21)[C@H]1CC2=NC(=CS2)C2=CC=C3C(=C2)C(=C(C2=CC(C#CCN4CCN(C(=O)CO)CC4)=CN=C2[C@H](C)OC)N3CC)CC(C)(C)COC(=O)[C@@H]2CCCN(N2)C1=O,True,False,False,False,False,False,mgtbind_compounds.csv,mgtbind
1358,CO[C@@H](C)C1=NC=C(N2CCOCC2)C=C1C1=C2CC(C)(C)COC(=O)[C@@H]3CCCN(N3)C(=O)[C@@H](NC(=O)[C@H]3C[C@@H]3C)CC3=NC(=CS3)C3=CC4=C(C2=C3)N1CCC4,True,False,False,False,False,False,mgtbind_compounds.csv,mgtbind
1359,CO[C@@H](C)C1=NC=C(N2CCN(C)CC2)C=C1C1=C2CC(C)(C)COC(=O)[C@@H]3CCCN(N3)C(=O)[C@@H](NC(=O)[C@H]3C[C@@H]3C)CC3=NC(=CS3)C3=CC4=C(C2=C3)N1CCC4,True,False,False,False,False,False,mgtbind_compounds.csv,mgtbind
1360,"C[C@H]1C[C@@H]1C(=O)N[C@H]1CC2=NC(=CS2)C2=CC3=C4C(=C2)CCCN4C(=C3CC(C)(C)COC(=O)[C@H]2NN(CCC2)C1=O)C1=C([C@H](C)OC)N=CC(N2CCN(CC(F)(F)F)CC2)=C1 |&1:1,3,7,34,44,r|",True,False,False,False,False,False,mgtbind_compounds.csv,mgtbind
1361,CO[C@@H](C)C1=NC=C(N2CCN(CC(F)(F)F)CC2)C=C1C1=C2CC(C)(C)COC(=O)[C@@H]3CCCN(N3)C(=O)[C@@H](NC(=O)[C@H]3C[C@@H]3C)CC3=NC(=CS3)C3=CC4=C(C2=C3)N1CCO4,True,False,False,False,False,False,mgtbind_compounds.csv,mgtbind
1362,CO[C@@H](C)C1=NC=C(N2CCOCC2)C=C1C1=C2CC(C)(C)COC(=O)[C@@H]3CCCN(N3)C(=O)[C@@H](NC(=O)[C@H]3C[C@@H]3C(F)F)CC3=NC(=CS3)C3=CC4=C(C2=C3)N1CCC4,True,False,False,False,False,False,mgtbind_compounds.csv,mgtbind
1363,CO[C@@H](C)C1=NC=C(N2CCOCC2)C=C1C1=C2CC(C)(C)COC(=O)[C@@H]3CCCN(N3)C(=O)[C@@H](NC(=O)[C@H]3[C@@H]4COC[C@@H]43)CC3=NC(=CS3)C3=CC4=C(C2=C3)N1CCC4,True,False,False,False,False,False,mgtbind_compounds.csv,mgtbind
1364,CO[C@@H](C)C1=NC=C(N2CCOCC2)C=C1C1=C2CC(C)(C)COC(=O)[C@@H]3CCCN(N3)C(=O)[C@@H](NC(=O)[C@H]3C[C@@H]3C)CC3=NC(=CS3)C3=CC4=C(C2=C3)N1CCO4,True,False,False,False,False,False,mgtbind_compounds.csv,mgtbind
1365,CO[C@@H](C)C1=NC=C(N2CCOCC2)C=C1C1=C2CC(C)(C)COC(=O)[C@@H]3CCCN(N3)C(=O)[C@@H](NC(=O)[C@H]3C[C@@H]3C(F)F)CC3=NC(=CS3)C3=CC4=C(C2=C3)N1CCO4,True,False,False,False,False,False,mgtbind_compounds.csv,mgtbind
1366,CO[C@@H](C)C1=NC=C(N2CCOCC2)C=C1C1=C2CC(C)(C)COC(=O)[C@@H]3CCCN(N3)C(=O)[C@@H](NC(=O)[C@H]3[C@@H]4COC[C@@H]43)CC3=NC(=CS3)C3=CC4=C(C2=C3)N1CCO4,True,False,False,False,False,False,mgtbind_compounds.csv,mgtbind
1367,CO[C@@H](C)C1=NC=C(N2CCN(CC(F)(F)F)CC2)C=C1C1=C2CC(C)(C)COC(=O)[C@@H]3CCCN(N3)C(=O)[C@@H](NC(=O)[C@H]3C[C@@H]3C(F)F)CC3=NC(=CS3)C3=CC4=C(C2=C3)N1CCO4,True,False,False,False,False,False,mgtbind_compounds.csv,mgtbind
1368,CO[C@@H](C)C1=NC=C(N2CCN(CC(F)(F)F)CC2)C=C1C1=C2CC(C)(C)COC(=O)[C@@H]3CCCN(N3)C(=O)[C@@H](NC(=O)[C@H]3[C@@H]4COC[C@@H]43)CC3=NC(=CS3)C3=CC4=C(C2=C3)N1CCO4,True,False,False,False,False,False,mgtbind_compounds.csv,mgtbind
1369,CO[C@@H](C)C1=NC=C(N2CCN(CC(F)(F)F)CC2)C=C1C1=C2CC(C)(C)COC(=O)[C@@H]3CCCN(N3)C(=O)[C@@H](NC(=O)[C@H]3[C@@H]4COC[C@@H]43)CC3=NC(=CS3)C3=CC4=C(C2=C3)N1CCC4,True,False,False,False,False,False,mgtbind_compounds.csv,mgtbind
1370,CO[C@@H](C)C1=NC=C(N2CCN(C)CC2)C=C1C1=C2CC(C)(C)COC(=O)[C@@H]3CCCN(N3)C(=O)[C@@H](NC(=O)[C@H]3C[C@@H]3C(F)F)CC3=NC(=CS3)C3=CC4=C(C2=C3)N1CCC4,True,False,False,False,False,False,mgtbind_compounds.csv,mgtbind
1371,CO[C@@H](C)C1=NC=C(N2CCN(C)CC2)C=C1C1=C2CC(C)(C)COC(=O)[C@@H]3CCCN(N3)C(=O)[C@@H](NC(=O)[C@H]3[C@@H]4COC[C@@H]43)CC3=NC(=CS3)C3=CC4=C(C2=C3)N1CCC4,True,False,False,False,False,False,mgtbind_compounds.csv,mgtbind
1372,CO[C@@H](C)C1=NC=C(N2CCN(C)CC2)C=C1C1=C2CC(C)(C)COC(=O)[C@@H]3CCCN(N3)C(=O)[C@@H](NC(=O)[C@@H]3C[C@H]3C3CC3)CC3=NC(=CS3)C3=CC4=C(C2=C3)N1CCC4,True,False,False,False,False,False,mgtbind_compounds.csv,mgtbind
1373,CO[C@@H](C)C1=NC=C(N2CCN(C)CC2)C=C1C1=C2CC(C)(C)COC(=O)[C@@H]3CCCN(N3)C(=O)[C@@H](NC(=O)[C@H]3C[C@@H]3C)CC3=NC(=CS3)C3=CC4=C(C2=C3)N1CCO4,True,False,False,False,False,False,mgtbind_compounds.csv,mgtbind
1374,CO[C@@H](C)C1=NC=C(N2CCN(C)CC2)C=C1C1=C2CC(C)(C)COC(=O)[C@@H]3CCCN(N3)C(=O)[C@@H](NC(=O)[C@H]3C[C@@H]3C)CC3=NC(=CS3)C3=CC4=C(C2=C3)N1CC(F)(F)C4,True,False,False,False,False,False,mgtbind_compounds.csv,mgtbind
1375,CO[C@@H](C)C1=NC=C(N2CCN(C)CC2)C=C1C1=C2CC(C)(C)COC(=O)[C@@H]3CCCN(N3)C(=O)[C@@H](NC(=O)C3(C)CC3(F)F)CC3=NC(=CS3)C3=CC4=C(C2=C3)N1CCC4,True,False,False,False,False,False,mgtbind_compounds.csv,mgtbind
1376,CO[C@@H](C)C1=NC=C(N2CCN(CC(F)(F)F)CC2)C=C1C1=C2CC(C)(C)COC(=O)[C@@H]3CCCN(N3)C(=O)[C@@H](NC(=O)[C@H]3C[C@@H]3C(F)F)CC3=NC(=CS3)C3=CC4=C(C2=C3)N1CCC4,True,False,False,False,False,False,mgtbind_compounds.csv,mgtbind
1377,CO[C@@H](C)C1=NC=C(N2CCN(C)CC2)C=C1C1=C2CC(C)(C)COC(=O)[C@@H]3CCCN(N3)C(=O)[C@@H](NC(=O)[C@H]3C[C@@H]3C3=CC=CC=C3)CC3=NC(=CS3)C3=CC4=C(C2=C3)N1CCC4,True,False,False,False,False,False,mgtbind_compounds.csv,mgtbind
1378,CO[C@@H](C)C1=NC=C(N2CCN(C)CC2)C=C1C1=C2CC(C)(C)COC(=O)[C@@H]3CCCN(N3)C(=O)[C@@H](NC(=O)[C@H]3[C@H](C)[C@@H]3C)CC3=NC(=CS3)C3=CC4=C(C2=C3)N1CCC4,True,False,False,False,False,False,mgtbind_compounds.csv,mgtbind
1379,CO[C@H](C1C(C2N3CCCC4=C3C3=CC(C5N=C(C[C@@H](C(N6N[C@H](C(OCC(CC=23)(C)C)=O)CCC6)=O)NC([C@@H]2[C@@H](C)C2)=O)SC=5)=C4)=CC(N2CCN3CCOC[C@@H]3C2)=CN=1)C,True,False,False,False,False,False,mgtbind_compounds.csv,mgtbind
1380,CO[C@@H](C)C1=NC=C(N2CCN(C)CC2)C=C1C1=C2CC(C)(C)COC(=O)C3CCCN(N3)C(=O)[C@@H](NC(=O)[C@@H]3CC3C3=CC=CC=C3F)CC3=NC(=CS3)C3=CC4=C(C2=C3)N1CCC4,True,False,False,False,False,False,mgtbind_compounds.csv,mgtbind
1381,CO[C@@H](C)C1=NC=C(N2CCN(C)CC2)C=C1C1=C2CC(C)(C)COC(=O)[C@@H]3CCCN(N3)C(=O)[C@@H](NC(=O)[C@H]3C[C@@H]3C3=CC=CC=C3F)CC3=NC(=CS3)C3=CC4=C(C2=C3)N1CCC4,True,False,False,False,False,False,mgtbind_compounds.csv,mgtbind
1382,CO[C@@H](C)C1=NC=C(N2CCN(C)CC2)C=C1C1=C2CC(C)(C)COC(=O)[C@@H]3CCCN(N3)C(=O)[C@@H](NC(=O)[C@H]3C[C@@H]3C3=CC=CC=N3)CC3=NC(=CS3)C3=CC4=C(C2=C3)N1CCC4,True,False,False,False,False,False,mgtbind_compounds.csv,mgtbind
1383,CO[C@@H](C)C1=NC=C(N2CCN(C)CC2)C=C1C1=C2CC(C)(C)COC(=O)[C@@H]3CCCN(N3)C(=O)[C@@H](NC(=O)[C@H]3C[C@@H]3C(F)F)CC3=NC(=CS3)C3=CC4=C(C2=C3)N1CC(F)(F)C4,True,False,False,False,False,False,mgtbind_compounds.csv,mgtbind
1384,CO[C@H](C1C(C2N3CCCC4=C3C3=CC(C5N=C(C[C@@H](C(N6N[C@H](C(OCC(CC=23)(C)C)=O)CCC6)=O)NC([C@@H]2[C@H](C)C2)=O)SC=5)=C4)=CC(N2CCN(C)CC2)=CN=1)C,True,False,False,False,False,False,mgtbind_compounds.csv,mgtbind
1385,CO[C@@H](C)C1=NC=C(N2CCN(C)CC2)C=C1C1=C2CC(C)(C)COC(=O)[C@@H]3CCCN(N3)C(=O)[C@@H](NC(=O)[C@H]3C[C@@H]3C(F)F)CC3=NC(=CS3)C3=CC4=C(C2=C3)N1CCO4,True,False,False,False,False,False,mgtbind_compounds.csv,mgtbind
1386,CO[C@@H](C)C1=NC=C(N2CCN(C)CC2)C=C1C1=C2CC(C)(C)COC(=O)[C@@H]3CCCN(N3)C(=O)[C@@H](NC(=O)[C@H]3[C@@H]4COC[C@@H]43)CC3=NC(=CS3)C3=CC4=C(C2=C3)N1CCO4,True,False,False,False,False,False,mgtbind_compounds.csv,mgtbind
1387,CO[C@@H](C)C1=NC=C(N2CCOCC2)C=C1C1=C2CC(C)(C)COC(=O)[C@@H]3CCCN(N3)C(=O)[C@@H](NC(=O)[C@@H]3C[C@H]3C3CC3)CC3=NC(=CS3)C3=CC4=C(C2=C3)N1CCC4,True,False,False,False,False,False,mgtbind_compounds.csv,mgtbind
1388,CO[C@@H](C)C1=NC=C(N2CCOCC2)C=C1C1=C2CC(C)(C)COC(=O)[C@@H]3CCCN(N3)C(=O)[C@@H](NC(=O)[C@H]3C[C@@H]3C)CC3=NC(=CS3)C3=CC4=C(C2=C3)N1CC(C)(C)O4,True,False,False,False,False,False,mgtbind_compounds.csv,mgtbind
1389,CO[C@@H](C)C1=NC=C(N2CCN3CCOC[C@@H]3C2)C=C1C1=C2CC(C)(C)COC(=O)[C@@H]3CCCN(N3)C(=O)[C@@H](NC(=O)[C@H]3[C@@H]4COC[C@@H]43)CC3=NC(=CS3)C3=CC4=C(C2=C3)N1CCC4,True,False,False,False,False,False,mgtbind_compounds.csv,mgtbind
1390,CO[C@@H](C)C1=NC=C(N2CCN3CCOC[C@@H]3C2)C=C1C1=C2CC(C)(C)COC(=O)[C@@H]3CCCN(N3)C(=O)[C@@H](NC(=O)[C@H]3C[C@@H]3C(F)F)CC3=NC(=CS3)C3=CC4=C(C2=C3)N1CCC4,True,False,False,False,False,False,mgtbind_compounds.csv,mgtbind
1391,"C[C@@H](C1=C(C2=C3C4=C5C(=CC(C6N=C(C[C@H](NC([C@H]7[C@@]8([C@@]7([H])COC8)[H])=O)C(N7CCC[C@H](N7)C(OCC(C3)(C)C)=O)=O)SC=6)=C4)CCCN25)C=C(N2CCN(C)CC2)C=N1)OC |&1:1,15,18,19,20,32,r|",True,False,False,False,False,False,mgtbind_compounds.csv,mgtbind
1392,CO[C@@H](C)C1=NC=C(N2CCOCC2)C=C1C1=C2CC(C)(C)COC(=O)[C@@H]3CCCN(N3)C(=O)[C@@H](NC(=O)[C@H]3C[C@@H]3C3=CC=CC=C3)CC3=NC(=CS3)C3=CC4=C(C2=C3)N1CCO4,True,False,False,False,False,False,mgtbind_compounds.csv,mgtbind
1393,CO[C@H](C1C(C2N3CCOC4=C3C3C=2CC(C)(C)COC(=O)[C@H]2NN(CCC2)C(=O)[C@@H](NC([C@@H]2[C@@H](C5C=CC=CC=5)C2)=O)CC2=NC(=CS2)C(C=3)=C4)=CC(N2CCN(CC(F)(F)F)CC2)=CN=1)C,True,False,False,False,False,False,mgtbind_compounds.csv,mgtbind
1394,CO[C@@H](C)C1=NC=C(N2CCN(C)CC2)C=C1C1=C2CC(C)(C)COC(=O)[C@@H]3CCCN(N3)C(=O)[C@@H](NC(=O)[C@H]3[C@H](C)[C@@H]3C)CC3=NC(=CS3)C3=CC4=C(C2=C3)N1CCO4,True,False,False,False,False,False,mgtbind_compounds.csv,mgtbind
1395,CO[C@@H](C)C1=NC=C(N2CCOCC2)C=C1C1=C2CC(C)(C)COC(=O)[C@@H]3CCCN(N3)C(=O)[C@@H](NC(=O)[C@H]3C[C@@H]3C3=CC=CC=C3)CC3=NC(=CS3)C3=CC4=C(C2=C3)N1CCC4,True,False,False,False,False,False,mgtbind_compounds.csv,mgtbind
1396,C[C@@H](C1=C(C2=[C@@]3[C@@]4[C@@H]=C(C5N=C(C[C@H](NC([C@H]6C[C@@H]6C6=CN=CN=C6)=O)C(N6CCC[C@H](N6)C(OCC(C3)(C)C)=O)=O)SC=5)C=[C@]3C=4N2CCC3)C=C(N2CCN(C)CC2)C=N1)OC,True,False,False,False,False,False,mgtbind_compounds.csv,mgtbind
1397,[H][C@]12[C@H](C(N[C@@H]3C(=O)N4N[C@@H](CCC4)C(=O)OCC(C)(C)CC4=C(N5CCCC6C5=C4C=C(C=6)C4=CSC(=N4)C3)C3C([C@@H](OC)C)=NC=C(N4CCN(C)CC4)C=3)=O)[C@@]1([H])CC(F)(F)C2,True,False,False,False,False,False,mgtbind_compounds.csv,mgtbind
1398,CO[C@@H](C)C1=NC=C(N2CCN3CCCC[C@@H]3C2)C=C1C1=C2CC(C)(C)COC(=O)[C@@H]3CCCN(N3)C(=O)[C@@H](NC(=O)[C@H]3C[C@@H]3C)CC3=NC(=CS3)C3=CC4=C(C2=C3)N1CCC4,True,False,False,False,False,False,mgtbind_compounds.csv,mgtbind
1399,CO[C@@H](C)C1=NC=C(N2CCN(C)CC2)C=C1C1=C2CC(C)(C)COC(=O)[C@@H]3CCCN(N3)C(=O)[C@@H](NC(=O)[C@H]3C[C@@H]3C3=CC=NC=N3)CC3=NC(=CS3)C3=CC4=C(C2=C3)N1CCC4,True,False,False,False,False,False,mgtbind_compounds.csv,mgtbind
1400,CO[C@H](C1C(C2N3CCOC4=C3C3=CC(C5N=C(C[C@@H](C(N6N[C@H](C(OCC(CC=23)(C)C)=O)CCC6)=O)NC([C@@H]2[C@@H](C3C=CC=CC=3)C2)=O)SC=5)=C4)=CC(N2CCN(C)CC2)=CN=1)C,True,False,False,False,False,False,mgtbind_compounds.csv,mgtbind
1401,CO[C@H](C1C(C2N3CCOC4=C3C3=CC(C5N=C(C[C@@H](C(N6N[C@H](C(OCC(CC=23)(C)C)=O)CCC6)=O)NC([C@@H]2[C@H]3[C@@H]2COC3)=O)SC=5)=C4)=CC(N2CCN(C)CC2)=CN=1)C,True,False,False,False,False,False,mgtbind_compounds.csv,mgtbind
1402,CO[C@H](C1C(C2N3[C@H](COC4=C3C3=CC(C5N=C(C[C@@H](C(N6N[C@H](C(OCC(CC=23)(C)C)=O)CCC6)=O)NC([C@@H]2[C@@H](C)C2)=O)SC=5)=C4)C)=CC(N2CCOCC2)=CN=1)C,True,False,False,False,False,False,mgtbind_compounds.csv,mgtbind
1403,CO[C@H](C1C(C2N3CCOC4=C3C3=CC(C5N=C(C[C@@H](C(N6N[C@H](C(OCC(CC=23)(C)C)=O)CCC6)=O)NC(C2(C(F)(F)C2)C)=O)SC=5)=C4)=CC(N2CCN(C)CC2)=CN=1)C,True,False,False,False,False,False,mgtbind_compounds.csv,mgtbind
1404,CO[C@@H](C)C1=C(C2=C3CC(C)(C)COC(=O)[C@@H]4CCCN(N4)C(=O)[C@@H](NC(=O)C4(C)CC4C)CC4=NC(=CS4)C4=CC5=C(C3=C4)N2CCO5)C=C(N2CCN(C)CC2)C=N1,True,False,False,False,False,False,mgtbind_compounds.csv,mgtbind
1405,CO[C@@H](C)C1=NC=C(N2CCN(C)CC2)C=C1C1=C2CC(C)(C)COC(=O)[C@@H]3CCCN(N3)C(=O)[C@@H](NC(=O)[C@H]3C[C@@H]3C3=CC=CN=C3)CC3=NC(=CS3)C3=CC4=C(C2=C3)N1CCC4,True,False,False,False,False,False,mgtbind_compounds.csv,mgtbind
1406,CO[C@@H](C)C1=C(C2=C3CC(C)(C)COC(=O)[C@@H]4CCCN(N4)C(=O)[C@@H](NC(=O)[C@H]4C[C@@H]4C4=CC=NC=C4)CC4=NC(=CS4)C4=CC3=C3C(=C4)CCCN23)C=C(N2CCN(C)CC2)C=N1,True,False,False,False,False,False,mgtbind_compounds.csv,mgtbind
1407,CO[C@@H](C)C1=NC=C(N2CCN(C)CC2)C=C1C1=C2CC(C)(C)COC(=O)[C@@H]3CCCN(N3)C(=O)[C@@H](NC(=O)[C@@H]3C[C@H]3C3=CC=NC=C3)CC3=NC(=CS3)C3=CC4=C(C2=C3)N1CCC4,True,False,False,False,False,False,mgtbind_compounds.csv,mgtbind
1408,C1OC2=C3C4=CC(C5N=C(C[C@@H](C(N6N[C@H](C(OCC(CC4=C(C4C([C@@H](OC)C)=NC=C(N7CCN(C)CC7)C=4)N3C1)(C)C)=O)CCC6)=O)NC(C1C(C3C=CC(F)=CC=3)C1)=O)SC=5)=C2,True,False,False,False,False,False,mgtbind_compounds.csv,mgtbind
1409,CO[C@@H](C)C1=NC=C(N2CCN(C)CC2)C=C1C1=C2CC(C)(C)COC(=O)[C@@H]3CCCN(N3)C(=O)[C@@H](NC(=O)[C@H]3[C@@H]4COC[C@@H]43)CC3=NC(=CS3)C3=CC4=C(C2=C3)N1CC(F)(F)C4,True,False,False,False,False,False,mgtbind_compounds.csv,mgtbind
1410,CO[C@@H](C)C1=NC=C(N2CCOCC2)C=C1C1=C2CC(C)(C)COC(=O)[C@@H]3CCCN(N3)C(=O)[C@@H](NC(=O)[C@H]3[C@H](C)[C@@H]3C)CC3=NC(=CS3)C3=CC4=C(C2=C3)N1CC(C)(C)O4,True,False,False,False,False,False,mgtbind_compounds.csv,mgtbind
1411,CO[C@@H](C)C1=NC=C(N2CCN(C)CC2)C=C1C1=C2CC(C)(C)COC(=O)[C@@H]3CCCN(N3)C(=O)[C@@H](NC(=O)[C@H]3C[C@@H]3C3=CC=CN=N3)CC3=NC(=CS3)C3=CC4=C(C2=C3)N1CCC4,True,False,False,False,False,False,mgtbind_compounds.csv,mgtbind
1412,CO[C@@H](C)C1=C(C2=C3CC(C)(C)COC(=O)[C@@H]4CCCN(N4)C(=O)[C@@H](NC(=O)[C@@H]4C[C@H]4C4CC4)CC4=NC(=CS4)C4=CC5=C(C3=C4)N2CCO5)C=C(N2CCN(C)CC2)C=N1,True,False,False,False,False,False,mgtbind_compounds.csv,mgtbind
1413,CO[C@@H](C)C1=NC=C(N2CCN(C)CC2)C=C1C1=C2CC(C)(C)COC(=O)[C@@H]3CCCN(N3)C(=O)[C@@H](NC(=O)C3CCC(F)(F)C3)CC3=NC(=CS3)C3=CC4=C(C2=C3)N1CCC4,True,False,False,False,False,False,mgtbind_compounds.csv,mgtbind
1414,CO[C@@H](C)C1=NC=C(N2CCN(C)CC2)C=C1C1=C2CC(C)(C)COC(=O)[C@@H]3CCCN(N3)C(=O)[C@@H](NC(=O)C34CC(CO3)C4)CC3=NC(=CS3)C3=CC2=C2C(=C3)CCCN21,True,False,False,False,False,False,mgtbind_compounds.csv,mgtbind
1415,CO[C@@H](C)C1=NC=C(N2CCN(CC(F)(F)F)CC2)C=C1C1=C2CC(C)(C)COC(=O)[C@@H]3CCCN(N3)C(=O)[C@@H](NC(=O)[C@H]3C[C@@H]3C)CC3=NC(=CS3)C3=CC4=C(C2=C3)N1CC(F)(F)C4,True,False,False,False,False,False,mgtbind_compounds.csv,mgtbind
1416,CO[C@@H](C)C1=NC=C(N2CCOCC2)C=C1C1=C2CC(C)(C)COC(=O)[C@@H]3CCCN(N3)C(=O)[C@@H](NC(=O)[C@H]3[C@H](C)[C@@H]3C)CC3=NC(=CS3)C3=CC4=C(C2=C3)N1CCO4,True,False,False,False,False,False,mgtbind_compounds.csv,mgtbind
1417,CO[C@@H](C)C1=NC=C(N2CCN(C)CC2)C=C1C1=C2CC(C)(C)COC(=O)[C@@H]3CCCN(N3)C(=O)[C@@H](NC(=O)[C@H]3[C@H](C)[C@@H]3C)CC3=NC(=CS3)C3=CC4=C(C2=C3)N1CC(C)(C)C4,True,False,False,False,False,False,mgtbind_compounds.csv,mgtbind
1418,CO[C@@H](C)C1=NC=C(N2CCN(C)CC2)C=C1C1=C2CC(C)(C)COC(=O)[C@@H]3CCCN(N3)C(=O)[C@@H](NC(=O)C3CCC(C4=NN=NN4C)CC3)CC3=NC(=CS3)C3=CC4=C(C2=C3)N1CCC4,True,False,False,False,False,False,mgtbind_compounds.csv,mgtbind
1419,CO[C@@H](C)C1=NC=C(N2CCN(C)CC2)C=C1C1=C2CC(C)(C)COC(=O)[C@@H]3CCCN(N3)C(=O)[C@@H](NC(=O)C3CCC(C)(O)CC3)CC3=NC(=CS3)C3=CC4=C(C2=C3)N1CCC4,True,False,False,False,False,False,mgtbind_compounds.csv,mgtbind
1420,CO[C@@H](C)C1=NC=C(N2CCN(C)CC2)C=C1C1=C2CC(C)(C)COC(=O)[C@@H]3CCCN(N3)C(=O)[C@@H](NC(=O)C34C5CC3CC4C5)CC3=NC(=CS3)C3=CC4=C(C2=C3)N1CCC4,True,False,False,False,False,False,mgtbind_compounds.csv,mgtbind
1421,CO[C@@H](C)C1=NC=C(N2CCOCC2)C=C1C1=C2CC(C)(C)COC(=O)[C@@H]3CCCN(N3)C(=O)[C@@H](NC(=O)[C@H]3[C@H](C)[C@@H]3C)CC3=NC(=CS3)C3=CC4=C(C2=C3)N1CCC4,True,False,False,False,False,False,mgtbind_compounds.csv,mgtbind
1422,CO[C@@H](C)C1=NC=C(N2CCOCC2)C=C1C1=C2CC(C)(C)COC(=O)[C@@H]3CCCN(N3)C(=O)[C@@H](NC(=O)[C@H]3C[C@@H]3C)CC3=NC(=CS3)C3=CC4=C(C2=C3)N1CC(F)(F)C4,True,False,False,False,False,False,mgtbind_compounds.csv,mgtbind
1423,CO[C@@H](C)C1=NC=C(N2CCOCC2)C=C1C1=C2CC(C)(C)COC(=O)[C@@H]3CCCN(N3)C(=O)[C@@H](NC(=O)[C@H]3[C@H](C)[C@@H]3C)CC3=NC(=CS3)C3=CC4=C(C2=C3)N1CC(F)(F)C4,True,False,False,False,False,False,mgtbind_compounds.csv,mgtbind
1424,CO[C@@H](C)C1=NC=C(N2CCN(C)CC2)C=C1C1=C2CC(C)(C)COC(=O)[C@@H]3CCCN(N3)C(=O)[C@@H](NC(=O)C3CCOCC3)CC3=NC(=CS3)C3=CC4=C(C2=C3)N1CCC4,True,False,False,False,False,False,mgtbind_compounds.csv,mgtbind
1425,CO[C@@H](C)C1=C(C2=C3CC(C)(C)COC(=O)[C@@H]4CCCN(N4)C(=O)[C@@H](NC(=O)[C@H]4C[C@@H]4C4=CC=CC=C4)CC4=NC(=CS4)C4=CC3=C3C(=C4)CC(F)(F)CN23)C=C(N2CCN(C)CC2)C=N1,True,False,False,False,False,False,mgtbind_compounds.csv,mgtbind
1426,CO[C@@H](C)C1=C(C2=C3CC(C)(C)COC(=O)[C@@H]4CCCN(N4)C(=O)[C@@H](NC(=O)[C@H]4C[C@@H]4C4=CC=CC=C4)CC4=NC(=CS4)C4=CC3=C3C(=C4)CC(F)(F)CN23)C=C(N2CCOCC2)C=N1,True,False,False,False,False,False,mgtbind_compounds.csv,mgtbind
1427,CO[C@@H](C)C1=NC=C(N2CCN(C)CC2)C=C1C1=C2CC(C)(C)COC(=O)[C@@H]3CCCN(N3)C(=O)[C@@H](NC(=O)[C@H]3C[C@@H]3C3=NC=CC=N3)CC3=NC(=CS3)C3=CC4=C(C2=C3)N1CCC4,True,False,False,False,False,False,mgtbind_compounds.csv,mgtbind
1428,CO[C@@H](C)C1=NC=C(N2CCN(C)CC2)C=C1C1=C2CC(C)(C)COC(=O)[C@@H]3CCCN(N3)C(=O)[C@@H](NC(=O)[C@@H]3C[C@H]3C3=NC=CC=N3)CC3=NC(=CS3)C3=CC4=C(C2=C3)N1CCC4,True,False,False,False,False,False,mgtbind_compounds.csv,mgtbind
1429,CO[C@@H](C)C1=NC=C(N2CCN(C)CC2)C=C1C1=C2CC(C)(C)COC(=O)[C@@H]3CCCN(N3)C(=O)[C@@H](NC(=O)[C@H]3[C@H](C)[C@@H]3C)CC3=NC(=CS3)C3=CC4=C(C2=C3)N1CC(F)(F)C4,True,False,False,False,False,False,mgtbind_compounds.csv,mgtbind
1430,CO[C@@H](C)C1=NC=C(N2CCN(CC(F)(F)F)CC2)C=C1C1=C2CC(C)(C)COC(=O)[C@@H]3CCCN(N3)C(=O)[C@@H](NC(=O)[C@H]3[C@H](C)[C@@H]3C)CC3=NC(=CS3)C3=CC4=C(C2=C3)N1CCO4,True,False,False,False,False,False,mgtbind_compounds.csv,mgtbind
1431,CO[C@@H](C)C1=NC=C(N2CCN(CC(F)(F)F)CC2)C=C1C1=C2CC(C)(C)COC(=O)[C@@H]3CCCN(N3)C(=O)[C@@H](NC(=O)[C@H]3[C@H](C)[C@@H]3C)CC3=NC(=CS3)C3=CC4=C(C2=C3)N1CCC4,True,False,False,False,False,False,mgtbind_compounds.csv,mgtbind
1432,CO[C@@H](C)C1=NC=C(N2CCN(CC(F)(F)F)CC2)C=C1C1=C2CC(C)(C)COC(=O)[C@@H]3CCCN(N3)C(=O)[C@@H](NC(=O)[C@H]3[C@H](C)[C@@H]3C)CC3=NC(=CS3)C3=CC4=C(C2=C3)N1CC(F)(F)C4,True,False,False,False,False,False,mgtbind_compounds.csv,mgtbind
1433,CO[C@@H](C)C1=NC=C(N2CCOCC2)C=C1C1=C2CC(C)(C)COC(=O)[C@@H]3CCCN(N3)C(=O)[C@@H](NC(=O)[C@H]3C[C@@H]3C3=CN=CN=C3)CC3=NC(=CS3)C3=CC4=C(C2=C3)N1CCO4,True,False,False,False,False,False,mgtbind_compounds.csv,mgtbind
1434,CO[C@@H](C)C1=NC=C(N2CCOCC2)C=C1C1=C2CC(C)(C)COC(=O)[C@@H]3CCCN(N3)C(=O)[C@@H](NC(=O)[C@H]3C[C@@H]3C3=CC=CN=C3)CC3=NC(=CS3)C3=CC4=C(C2=C3)N1CCC4,True,False,False,False,False,False,mgtbind_compounds.csv,mgtbind
1435,CO[C@@H](C)C1=NC=C(N2CCN(CC(F)(F)F)CC2)C=C1C1=C2CC(C)(C)COC(=O)[C@@H]3CCCN(N3)C(=O)[C@@H](NC(=O)[C@H]3C[C@@H]3C3=CC=CN=C3)CC3=NC(=CS3)C3=CC4=C(C2=C3)N1CCC4,True,False,False,False,False,False,mgtbind_compounds.csv,mgtbind
1436,CO[C@@H](C)C1=NC=C(N2CCOCC2)C=C1C1=C2CC(C)(C)COC(=O)[C@@H]3CCCN(N3)C(=O)[C@@H](NC(=O)[C@H]3C[C@@H]3C3=CC=CN=C3)CC3=NC(=CS3)C3=CC4=C(C2=C3)N1CC(F)(F)C4,True,False,False,False,False,False,mgtbind_compounds.csv,mgtbind
1437,CO[C@@H](C)C1=NC=C(N2CCN(C)CC2)C=C1C1=C2CC(C)(C)COC(=O)[C@@H]3CCCN(N3)C(=O)[C@@H](NC(=O)[C@H]3C[C@@H]3C3=CC=CN=C3)CC3=NC(=CS3)C3=CC4=C(C2=C3)N1CC(F)(F)C4,True,False,False,False,False,False,mgtbind_compounds.csv,mgtbind
1438,CO[C@@H](C)C1=NC=C(N2CCN(C)CC2)C=C1C1=C2CC(C)(C)COC(=O)[C@@H]3CCCN(N3)C(=O)[C@@H](NC(=O)[C@H]3C[C@@H]3C3=CN=CN=C3)CC3=NC(=CS3)C3=CC4=C(C2=C3)N1CCO4,True,False,False,False,False,False,mgtbind_compounds.csv,mgtbind
1439,CO[C@@H](C)C1=NC=C(N2CCOCC2)C=C1C1=C2CC(C)(C)COC(=O)[C@@H]3CCCN(N3)C(=O)[C@@H](NC(=O)[C@H]3C[C@@H]3C3=CN=CN=C3)CC3=NC(=CS3)C3=CC4=C(C2=C3)N1CCC4,True,False,False,False,False,False,mgtbind_compounds.csv,mgtbind
1440,CO[C@@H](C)C1=NC=C(N2CCN(C)CC2)C=C1C1=C2CC(C)(C)COC(=O)[C@@H]3CCCN(N3)C(=O)[C@@H](NC(=O)[C@H]3C[C@@H]3C3=CN=CN=C3)CC3=NC(=CS3)C3=CC4=C(C2=C3)N1CC(F)(F)C4,True,False,False,False,False,False,mgtbind_compounds.csv,mgtbind
1441,CO[C@@H](C)C1=NC=C(N2CCN(C)CC2)C=C1C1=C2CC(C)(C)COC(=O)[C@@H]3CCCN(N3)C(=O)[C@@H](NC(=O)[C@H]3C[C@@H]3C3=CC=CN=C3)CC3=NC(=CS3)C3=CC4=C(C2=C3)N1CCO4,True,False,False,False,False,False,mgtbind_compounds.csv,mgtbind
1442,CO[C@@H](C)C1=NC=C(N2CCOCC2)C=C1C1=C2CC(C)(C)COC(=O)[C@@H]3CCCN(N3)C(=O)[C@@H](NC(=O)[C@H]3C[C@@H]3C3=CC=CN=C3)CC3=NC(=CS3)C3=CC4=C(C2=C3)N1CCO4,True,False,False,False,False,False,mgtbind_compounds.csv,mgtbind
1443,CO[C@@H](C)C1=NC=C(N2CCN(CC(F)(F)F)CC2)C=C1C1=C2CC(C)(C)COC(=O)[C@@H]3CCCN(N3)C(=O)[C@@H](NC(=O)[C@H]3C[C@@H]3C3=CC=CN=C3)CC3=NC(=CS3)C3=CC4=C(C2=C3)N1CCO4,True,False,False,False,False,False,mgtbind_compounds.csv,mgtbind
1444,CO[C@@H](C)C1=NC=C(N2CCN(C)CC2)C=C1C1=C2CC(C)(C)COC(=O)[C@@H]3CCCN(N3)C(=O)[C@@H](NC(=O)[C@H]3C[C@@H]3C3=CN=CC=N3)CC3=NC(=CS3)C3=CC4=C(C2=C3)N1CCC4,True,False,False,False,False,False,mgtbind_compounds.csv,mgtbind
1445,CO[C@H](C1C(C2N3C4=C5C=C(C6N=C(C[C@@H](C(N7N[C@H](C(OCC(CC=25)(C)C)=O)CCC7)=O)NC([C@H]2[C@H](C)[C@@H]2C)=O)SC=6)C=C4OCCC3)=CC(N2CCN(C)CC2)=CN=1)C,True,False,False,False,False,False,mgtbind_compounds.csv,mgtbind
1446,CO[C@@H](C)C1=NC=C(N2CCN3CCCC[C@@H]3C2)C=C1C1=C2CC(C)(C)COC(=O)[C@@H]3CCCN(N3)C(=O)[C@@H](NC(=O)[C@H]3C[C@@H]3C3=CC=CN=C3)CC3=NC(=CS3)C3=CC4=C(C2=C3)N1CCC4,True,False,False,False,False,False,mgtbind_compounds.csv,mgtbind
1447,CO[C@@H](C)C1=NC=C(N2CCN3CCCC[C@@H]3C2)C=C1C1=C2CC(C)(C)COC(=O)[C@@H]3CCCN(N3)C(=O)[C@@H](NC(=O)[C@H]3C[C@@H]3C3=CN=CN=C3)CC3=NC(=CS3)C3=CC4=C(C2=C3)N1CCC4,True,False,False,False,False,False,mgtbind_compounds.csv,mgtbind
1448,CO[C@@H](C)C1=NC=C(N2CCN3CCOC[C@@H]3C2)C=C1C1=C2CC(C)(C)COC(=O)[C@@H]3CCCN(N3)C(=O)[C@@H](NC(=O)[C@H]3C[C@@H]3C3=CC=CN=C3)CC3=NC(=CS3)C3=CC4=C(C2=C3)N1CCC4,True,False,False,False,False,False,mgtbind_compounds.csv,mgtbind
1449,CO[C@@H](C)C1=NC=C(N2CCN3CCOC[C@@H]3C2)C=C1C1=C2CC(C)(C)COC(=O)[C@@H]3CCCN(N3)C(=O)[C@@H](NC(=O)[C@H]3C[C@@H]3C3=CN=CN=C3)CC3=NC(=CS3)C3=CC4=C(C2=C3)N1CCC4,True,False,False,False,False,False,mgtbind_compounds.csv,mgtbind
1450,CO[C@@H](C)C1=NC=C(N2CCN(C3CC3)CC2)C=C1C1=C2CC(C)(C)COC(=O)[C@@H]3CCCN(N3)C(=O)[C@@H](NC(=O)[C@H]3[C@H](C)[C@@H]3C)CC3=NC(=CS3)C3=CC4=C(C2=C3)N1CCO4,True,False,False,False,False,False,mgtbind_compounds.csv,mgtbind
1451,CO[C@@H](C)C1=NC=C(N2CCOCC2)C=C1C1=C2CC(C)(C)COC(=O)[C@@H]3CCCN(N3)C(=O)[C@@H](NC(=O)[C@H]3[C@H](C)[C@@H]3C)CC3=NC(=CS3)C3=CC4=C(C2=C3)N1C[C@@H](O)C4,True,False,False,False,False,False,mgtbind_compounds.csv,mgtbind
1452,CO[C@@H](C)C1=NC=C(N2CCNCC2)C=C1C1=C2CC(C)(C)COC(=O)[C@@H]3CCCN(N3)C(=O)[C@@H](NC(=O)[C@H]3[C@H](C)[C@@H]3C)CC3=NC(=CS3)C3=CC4=C(C2=C3)N1CCC4,True,False,False,False,False,False,mgtbind_compounds.csv,mgtbind
1453,CO[C@@H](C)C1=NC=C(N2CCN(CC(F)F)CC2)C=C1C1=C2CC(C)(C)COC(=O)[C@@H]3CCCN(N3)C(=O)[C@@H](NC(=O)[C@H]3[C@H](C)[C@@H]3C)CC3=NC(=CS3)C3=CC4=C(C2=C3)N1CCC4,True,False,False,False,False,False,mgtbind_compounds.csv,mgtbind
1454,CO[C@@H](C)C1=NC=C(N2CCN(CCF)CC2)C=C1C1=C2CC(C)(C)COC(=O)[C@@H]3CCCN(N3)C(=O)[C@@H](NC(=O)[C@H]3[C@H](C)[C@@H]3C)CC3=NC(=CS3)C3=CC4=C(C2=C3)N1CCC4,True,False,False,False,False,False,mgtbind_compounds.csv,mgtbind
1455,CO[C@@H](C)C1=NC=C(N2CCN(CCCO)CC2)C=C1C1=C2CC(C)(C)COC(=O)[C@@H]3CCCN(N3)C(=O)[C@@H](NC(=O)[C@H]3[C@H](C)[C@@H]3C)CC3=NC(=CS3)C3=CC4=C(C2=C3)N1CCC4,True,False,False,False,False,False,mgtbind_compounds.csv,mgtbind
1456,CO[C@@H](C)C1=NC=C(N2CCN(C)CC2)C=C1C1=C2CC(C)(C)COC(=O)[C@@H]3CCCN(N3)C(=O)[C@@H](NC(=O)[C@@H]3C[C@H]3C3=CN=CN=C3C)CC3=NC(=CS3)C3=CC4=C(C2=C3)N1CCC4,True,False,False,False,False,False,mgtbind_compounds.csv,mgtbind
1457,CCN1CCN(C2C=C(C3N4CCCC5=C4C4=CC(C6N=C(C[C@@H](C(N7N[C@H](C(OCC(CC=34)(C)C)=O)CCC7)=O)NC([C@H]3[C@H](C)[C@@H]3C)=O)SC=6)=C5)C([C@@H](OC)C)=NC=2)CC1,True,False,False,False,False,False,mgtbind_compounds.csv,mgtbind
1458,CO[C@@H](C)C1=NC=C(N2CCN(C)CC2)C=C1C1=C2CC(C)(C)COC(=O)[C@@H]3CCCN(N3)C(=O)[C@@H](NC(=O)[C@@H]3C[C@H]3C3=CSC=N3)CC3=NC(=CS3)C3=CC4=C(C2=C3)N1CCC4,True,False,False,False,False,False,mgtbind_compounds.csv,mgtbind
1459,COCCN1CCN(C2=CN=C([C@H](C)OC)C(C3=C4CC(C)(C)COC(=O)[C@@H]5CCCN(N5)C(=O)[C@@H](NC(=O)[C@H]5[C@H](C)[C@@H]5C)CC5=NC(=CS5)C5=CC6=C(C4=C5)N3CCC6)=C2)CC1,True,False,False,False,False,False,mgtbind_compounds.csv,mgtbind
1460,CO[C@@H](C)C1=NC=C(N2CCN(C)CC2)C=C1C1=C2CC(C)(C)COC(=O)[C@@H]3CCCN(N3)C(=O)[C@@H](NC(=O)[C@@H]3C[C@H]3C3=CC=CN=C3C)CC3=NC(=CS3)C3=CC4=C(C2=C3)N1CCC4,True,False,False,False,False,False,mgtbind_compounds.csv,mgtbind
1461,CO[C@@H](C)C1=NC=C(N2CCN(C3CCOCC3)CC2)C=C1C1=C2CC(C)(C)COC(=O)[C@@H]3CCCN(N3)C(=O)[C@@H](NC(=O)[C@H]3[C@H](C)[C@@H]3C)CC3=NC(=CS3)C3=CC4=C(C2=C3)N1CCC4,True,False,False,False,False,False,mgtbind_compounds.csv,mgtbind
1462,CO[C@@H](C)C1=NC=C(N2CCN(C3COC3)CC2)C=C1C1=C2CC(C)(C)COC(=O)[C@@H]3CCCN(N3)C(=O)[C@@H](NC(=O)[C@H]3[C@H](C)[C@@H]3C)CC3=NC(=CS3)C3=CC4=C(C2=C3)N1CCC4,True,False,False,False,False,False,mgtbind_compounds.csv,mgtbind
1463,C1CC2=C3C4=CC(C5N=C(C[C@@H](C(N6N[C@H](C(OCC(CC4=C(C4C([C@@H](OC)C)=NC=C(N7CCN(C[C@H]8OCCNC8)CC7)C=4)N3C1)(C)C)=O)CCC6)=O)NC([C@H]1[C@H](C)[C@@H]1C)=O)SC=5)=C2,True,False,False,False,False,False,mgtbind_compounds.csv,mgtbind
1464,"CC1=CC([C@@H]2C[C@H]2C(=O)N[C@H]2CC3=NC(=CS3)[C@@]3=CC4=C5[C@](=C3)CCCN5C(=C4CC(C)(C)COC(=O)[C@H]3NN(CCC3)C2=O)C2=C([C@H](C)OC)N=CC(N3CCN(C)CC3)=C2)=CN=C1 |&1:4,6,10,17,21,37,47,r|",True,False,False,False,False,False,mgtbind_compounds.csv,mgtbind
1465,CO[C@@H](C)C1=NC=C(N2CCN(CCN3CCCC3=O)CC2)C=C1C1=C2CC(C)(C)COC(=O)[C@@H]3CCCN(N3)C(=O)[C@@H](NC(=O)[C@H]3[C@H](C)[C@@H]3C)CC3=NC(=CS3)C3=CC4=C(C2=C3)N1CCC4,True,False,False,False,False,False,mgtbind_compounds.csv,mgtbind
1466,CO[C@@H](C)C1=NC=C(N2CCN(CCOC3CCOC3)CC2)C=C1C1=C2CC(C)(C)COC(=O)[C@@H]3CCCN(N3)C(=O)[C@@H](NC(=O)C3[C@@H](C)[C@H]3C)CC3=NC(=CS3)C3=CC4=C(C2=C3)N1CCC4,True,False,False,False,False,False,mgtbind_compounds.csv,mgtbind
1467,CO[C@@H](C)C1=NC=C(N2CCN(CCC(C)(C)OC)CC2)C=C1C1=C2CC(C)(C)COC(=O)[C@@H]3CCCN(N3)C(=O)[C@@H](NC(=O)[C@H]3[C@H](C)[C@@H]3C)CC3=NC(=CS3)C3=CC4=C(C2=C3)N1CCC4,True,False,False,False,False,False,mgtbind_compounds.csv,mgtbind
1468,CO[C@@H](C)C1=NC=C(N2CCN(C)CC2)C=C1C1=C2CC(C)(C)COC(=O)[C@@H]3CCCN(N3)C(=O)[C@@H](NC(=O)[C@H]3[C@H](C)[C@@H]3C)CC3=NC(=CS3)C3=C(F)C4=C(C2=C3)N1CCC4,True,False,False,False,False,False,mgtbind_compounds.csv,mgtbind
1469,CO[C@@H](C)C1=NC=C(N2CCOCC2)C=C1C1=C2CC(C)(C)COC(=O)[C@@H]3CCCN(N3)C(=O)[C@@H](NC(=O)[C@H]3C[C@@H]3C)CC3=NC(=CS3)C3=CC4=C(C2=C3)N1C(C)(C)CC4,True,False,False,False,False,False,mgtbind_compounds.csv,mgtbind
1470,CO[C@@H](C)C1=C(C2=C3CC(C)(C)COC(=O)[C@@H]4CCCN(N4)C(=O)[C@@H](NC(=O)[C@H]4[C@H](C)[C@@H]4C)CC4=NC(=CS4)C4=CC3=C3C(=C4)CCCCN23)C=C(N2CCOCC2)C=N1,True,False,False,False,False,False,mgtbind_compounds.csv,mgtbind
1471,CO[C@@H](C)C1=NC=C(N2CCN(C)CC2)C=C1C1=C2CC(C)(C)COC(=O)[C@@H]3CCCN(N3)C(=O)[C@@H](NC(=O)[C@H]3[C@H](C)[C@@H]3C)CC3=NC(=CS3)C3=CC4=C(C2=C3)N1CCCCC4,True,False,False,False,False,False,mgtbind_compounds.csv,mgtbind
1472,CCN1C2=CC=C3C=C2C(=C1C1=CC(N2CCN(C)CC2)=CN=C1[C@H](C)OC)CC(C)(C)COC(=O)[C@@H]1CCCN(N1)C(=O)[C@@H](NC(=O)[C@H]1C[C@@H]1C)CC1=NC3=CS1,True,False,False,False,False,False,mgtbind_compounds.csv,mgtbind
1473,CCN1C2=CC=C3C=C2C(=C1C1=CC(N2CCN(C)CC2)=CN=C1[C@H](C)OC)CC(C)(C)COC(=O)[C@@H]1CCCN(N1)C(=O)[C@@H](NC(=O)[C@H]1[C@H](C)[C@@H]1C)CC1=NC3=CS1,True,False,False,False,False,False,mgtbind_compounds.csv,mgtbind
1474,CC1=CC(S(=O)(=O)NC2=C3NC=C(C#N)C3=C(C)C=C2)=CC=C1,True,False,False,False,True,False,mgtbind_compounds.csv,mgtbind
1475,CC1=C2C(C#N)=CNC2=C(NS(=O)(=O)C2=CC=CC(C(F)(F)F)=C2)C=C1,True,False,False,False,True,False,mgtbind_compounds.csv,mgtbind
1476,CC1=C2C(C#N)=CNC2=C(NS(=O)(=O)C2=CC=CC([N+](=O)[O-])=C2)C=C1,True,False,False,False,True,False,mgtbind_compounds.csv,mgtbind
1477,CC1=C2C(C#N)=CNC2=C(NS(=O)(=O)C2=CC=CC(N)=C2)C=C1,True,False,False,False,True,False,mgtbind_compounds.csv,mgtbind
1478,CNC(=O)C1=CC(S(=O)(=O)NC2=C3NC=C(C#N)C3=C(C)C=C2)=CC=C1,True,False,False,False,True,False,mgtbind_compounds.csv,mgtbind
1479,COC(=O)C1=CC(S(=O)(=O)NC2=C3NC=C(C#N)C3=C(C)C=C2)=CC=C1,True,False,False,False,True,False,mgtbind_compounds.csv,mgtbind
1480,CC1=C2C(C#N)=CNC2=C(NS(=O)(=O)C2=CC=C(C#N)C=C2)C=C1,True,False,False,False,True,False,mgtbind_compounds.csv,mgtbind
1481,CC1=C2C(C#N)=CNC2=C(NS(=O)(=O)C2=CC=CC=C2[N+](=O)[O-])C=C1,True,False,False,False,True,False,mgtbind_compounds.csv,mgtbind
1482,CC1=C2C(C#N)=CNC2=C(NS(=O)(=O)C2=CC=C(F)C=C2F)C=C1,True,False,False,False,True,False,mgtbind_compounds.csv,mgtbind
1483,COC(=O)C1=CC=C(S(=O)(=O)NC2=C3NC=C(C#N)C3=C(C)C=C2)C=C1,True,False,False,False,True,False,mgtbind_compounds.csv,mgtbind
1484,CC1=C2C(C#N)=CNC2=C(NS(=O)(=O)C2=CC=C([N+](=O)[O-])C=C2)C=C1,True,False,False,False,True,False,mgtbind_compounds.csv,mgtbind
1485,CC1=C2C(C=O)=CNC2=C(NS(=O)(=O)C2=CC=CC(C#N)=C2)C=C1,True,False,False,False,True,False,mgtbind_compounds.csv,mgtbind
1486,CC1=C2C=CNC2=C(NS(=O)(=O)C2=CC=CC(C#N)=C2)C=C1,True,False,False,False,True,False,mgtbind_compounds.csv,mgtbind
1487,CNC(=O)C1=CNC2=C(NS(=O)(=O)C3=CC=CC(C#N)=C3)C=CC(C)=C12,True,False,False,False,True,False,mgtbind_compounds.csv,mgtbind
1488,N#CC1=CC(S(=O)(=O)NC2=C3NC=C(C#N)C3=C(C3=CC=CC=C3)C=C2)=CC=C1,True,False,False,False,True,False,mgtbind_compounds.csv,mgtbind
1489,O=S(=O)(NC1=C2C=CNC2=NC=N1)C1=CC=CC=C1,True,False,False,False,True,False,mgtbind_compounds.csv,mgtbind
1490,CC1=C2C(C#N)=CNC2=C(NS(=O)(=O)C2=CC=CC=C2OC(F)(F)F)C=C1,True,False,False,False,True,False,mgtbind_compounds.csv,mgtbind
1491,CC1=CC=CC=C1S(=O)(=O)NC1=C2NC=C(C#N)C2=C(C)C=C1,True,False,False,False,True,False,mgtbind_compounds.csv,mgtbind
1492,CC1=C2C(C#N)=CNC2=C(NS(=O)(=O)C2=CC=CC=C2C(F)(F)F)C=C1,True,False,False,False,True,False,mgtbind_compounds.csv,mgtbind
1493,CC1=C2C(C#N)=CNC2=C(NS(=O)(=O)C2=CC=CC=C2Br)C=C1,True,False,False,False,True,False,mgtbind_compounds.csv,mgtbind
1494,CC1=C2C(C#N)=CNC2=C(NS(=O)(=O)C2=CC=CC=C2)C=C1,True,False,False,False,True,False,mgtbind_compounds.csv,mgtbind
1495,CC1=C2C(C#N)=CNC2=C(NS(C)(=O)=O)C=C1,True,False,False,False,True,False,mgtbind_compounds.csv,mgtbind
1496,CC(=O)NC1=C2NC=C(C#N)C2=C(C)C=C1,True,False,False,False,True,False,mgtbind_compounds.csv,mgtbind
1497,N#CC1=CC(S(=O)(=O)NC2=C3NC=CC3=CC(Cl)=C2)=CC=C1,True,False,False,False,True,False,mgtbind_compounds.csv,mgtbind
1498,N#CC1=CC(S(=O)(=O)NC2=C3NC(=O)CC3=CC(F)=C2)=CC=C1,True,False,False,False,True,False,mgtbind_compounds.csv,mgtbind
1499,CC1=CC=C(NC(=O)C2=CC(C#N)=CC=C2)C2=C1C(C#N)=CN2,True,False,False,False,True,False,mgtbind_compounds.csv,mgtbind
1500,CC1=C2C(Cl)=CNC2=C(NS(=O)(=O)C2=CC=CC(C#N)=C2)C=C1,True,False,False,False,True,False,mgtbind_compounds.csv,mgtbind
1501,CC1=C2C(Br)=CNC2=C(NS(=O)(=O)C2=CC=CC(C#N)=C2)C=C1,True,False,False,False,True,False,mgtbind_compounds.csv,mgtbind
1502,N#CC1=CC(S(=O)(=O)NC2=C3NC=C(Br)C3=CC(Cl)=C2)=CC=C1,True,False,False,False,True,False,mgtbind_compounds.csv,mgtbind
1503,N#CC1=CC(S(=O)(=O)NC2=CC=C3C(C#N)=CNC3=C2)=CC=C1,True,False,False,False,True,False,mgtbind_compounds.csv,mgtbind
1504,N#CC1=CC(S(=O)(=O)NC2=C3NC=C(C#N)C3=CC=C2)=CC=C1,True,False,False,False,True,False,mgtbind_compounds.csv,mgtbind
1505,CCOC(=O)C1=CC2=CC(NS(=O)(=O)C3=CC=CC(C#N)=C3)=CC=C2N1,True,False,False,False,True,False,mgtbind_compounds.csv,mgtbind
1506,N#CC1=CC(S(=O)(=O)NC2=C3C=CNC3=NC=N2)=CC=C1,True,False,False,False,True,False,mgtbind_compounds.csv,mgtbind
1507,N#CC1=CC(S(=O)(=O)NC2=C3C(Cl)=CNC3=NC=N2)=CC=C1,True,False,False,False,True,False,mgtbind_compounds.csv,mgtbind
1508,N#CC1=CC(S(=O)(=O)NC2=CC=CN3N=CN=C23)=CC=C1,True,False,False,False,True,False,mgtbind_compounds.csv,mgtbind
1509,N#CC1=CC(S(=O)(=O)NC2=C3NC=C(C#N)C3=CC(C3=CC=CC=C3)=C2)=CC=C1,True,False,False,False,True,False,mgtbind_compounds.csv,mgtbind
1510,N#CC1=CC(S(=O)(=O)NC2=C3NC=CC3=CC(C3=CC=CC=C3)=C2)=CC=C1,True,False,False,False,True,False,mgtbind_compounds.csv,mgtbind
1511,COCCNC1=CC=C(S(=O)(=O)NC2=C3NC=C(C#N)C3=C(C)C=C2)C=C1C#N,True,False,False,False,True,False,mgtbind_compounds.csv,mgtbind
1512,N#CC1=CC(S(=O)(=O)NC2=C3NC=CC3=C(C3=CC=CC=C3)C=C2)=CC=C1,True,False,False,False,True,False,mgtbind_compounds.csv,mgtbind
1513,N#CC1=CC(S(=O)(=O)NC2=C3CNC(=O)C3=CC=C2)=CC=C1,True,False,False,False,True,False,mgtbind_compounds.csv,mgtbind
1514,CCOC(=O)C1=CC2=C(C)C=CC(NS(=O)(=O)C3=CC=CC(C#N)=C3)=C2N1,True,False,False,False,True,False,mgtbind_compounds.csv,mgtbind
1515,N#CC1=CC(S(=O)(=O)NC2=C(N)C(C(N)=O)=CC=C2)=CC=C1,True,False,False,False,True,False,mgtbind_compounds.csv,mgtbind
1516,N#CC1=CC(S(=O)(=O)NC2=CC=C3NC=C(C#N)C3=C2)=CC=C1,True,False,False,False,True,False,mgtbind_compounds.csv,mgtbind
1517,N#CC1=CC=CC(S(=O)(=O)NC2=C3C(C#N)=CNC3=CC=C2)=C1,True,False,False,False,True,False,mgtbind_compounds.csv,mgtbind
1518,N#CC1=CC=CC(S(=O)(=O)NC2=CC=CC3=C2NN=C3Cl)=C1,True,False,False,False,True,False,mgtbind_compounds.csv,mgtbind
1519,CC(C)(C)OC(=O)N1C2=CC=CC=C2C=C1C1=CC=C2C(=C1)OC=C2C1CCC(=O)NC1=O,True,False,False,False,True,False,mgtbind_compounds.csv,mgtbind
1520,O=C1CCC(C2=COC3=CC(C4=CC5=C(C=CC=C5)N4)=CC=C32)C(=O)N1,True,False,False,False,True,False,mgtbind_compounds.csv,mgtbind
1521,COC1=CC=C(CN2C=C(C3=CC4=C(C=C3)C(C3CCC(=O)NC3=O)=CO4)C=N2)C=C1,True,False,False,False,True,False,mgtbind_compounds.csv,mgtbind
1522,O=C1CCC(C2=COC3=CC(C4=CN(CC5=CC6=C(C=C5)OCC6)N=C4)=CC=C32)C(=O)N1,True,False,False,False,True,False,mgtbind_compounds.csv,mgtbind
1523,COC1=CC(CN2C=C(C3=CC=C4C(=C3)OC=C4C3CCC(=O)NC3=O)C=N2)=CC=N1,True,False,False,False,True,False,mgtbind_compounds.csv,mgtbind
1524,COC1=CN=C(CN2C=C(C3=CC=C4C(=C3)OC=C4C3CCC(=O)NC3=O)C=N2)C=C1,True,False,False,False,True,False,mgtbind_compounds.csv,mgtbind
1525,COC1=CN=C(CN2C=C(C3=CC=C4C(=C3)OC=C4C3CCC(=O)NC3=O)C=N2)N=C1,True,False,False,False,True,False,mgtbind_compounds.csv,mgtbind
1526,COC1=CC=C(CN2C=C(C3=CC=C4C(=C3)OC=C4C3CCC(=O)NC3=O)C=N2)C=C1,True,False,False,False,True,False,mgtbind_compounds.csv,mgtbind
1527,CC1=C(NS(C)(=O)=O)C=CC(CN2C=C(C3=CC=C4C(C5CCC(=O)NC5=O)=COC4=C3)C=N2)=C1,True,False,False,False,True,False,mgtbind_compounds.csv,mgtbind
1528,CC1=C(N)C=CC(CN2C=C(C3=CC=C4C(C5CCC(=O)NC5=O)=COC4=C3)C=N2)=C1,True,False,False,False,True,False,mgtbind_compounds.csv,mgtbind
1529,CN(C)S(=O)(=O)C1=CC=C(CN2C=C(C3=CC4=C(C=C3)C(C3CCC(=O)NC3=O)=CO4)C=N2)C=C1,True,False,False,False,True,False,mgtbind_compounds.csv,mgtbind
1530,COC1=CC=C(C(C)N2C=C(C3=CC=C4C(C5CCC(=O)NC5=O)=COC4=C3)C=N2)C=C1,True,False,False,False,True,False,mgtbind_compounds.csv,mgtbind
1531,COC1=CC=C(C(C)(C)N2C=C(C3=CC=C4C(=C3)OC=C4C3CCC(=O)NC3=O)C=N2)C=C1,True,False,False,False,True,False,mgtbind_compounds.csv,mgtbind
1532,COC1=CC=C(CN2C=C(C3=CC4=C(C=C3)C(C3CCC(=O)NC3=O)=CO4)C(F)=N2)C=C1,True,False,False,False,True,False,mgtbind_compounds.csv,mgtbind
1533,O=C1CCC(C2=COC3=CC(C4=CN(CC5=CC=C(N6CCOCC6)C=C5)N=C4)=CC=C32)C(=O)N1,True,False,False,False,True,False,mgtbind_compounds.csv,mgtbind
1534,O=C1CCC(C2=COC3=CC(C4=CNC5=NC=CC=C45)=CC=C32)C(=O)N1,True,False,False,False,True,False,mgtbind_compounds.csv,mgtbind
1535,O=C1CCC(C2=COC3=CC(C4=CC5=CC(OCC6=CC=CC=C6)=CC=C5N4)=CC=C32)C(=O)N1,True,False,False,False,True,False,mgtbind_compounds.csv,mgtbind
1536,CC(C)(C)OC(=O)N1C2=CC(Br)=CC=C2C=C1C1=CC=C2C(=C1)OC=C2C1CCC(=O)NC1=O,True,False,False,False,True,False,mgtbind_compounds.csv,mgtbind
1537,COC1=CC=C2C=C(C3=CC=C4C(=C3)OC=C4C3CCC(=O)NC3=O)N(C(=O)OC(C)(C)C)C2=C1,True,False,False,False,True,False,mgtbind_compounds.csv,mgtbind
1538,O=C1CCC(C2=COC3=CC(C4=CN(CC5=CC=CC([N+](=O)[O-])=C5)N=C4)=CC=C32)C(=O)N1,True,False,False,False,True,False,mgtbind_compounds.csv,mgtbind
1539,O=C1CCC(C2=COC3=CC(C4=CN(CC5=CC=CC(F)=C5)N=C4)=CC=C32)C(=O)N1,True,False,False,False,True,False,mgtbind_compounds.csv,mgtbind
1540,O=C1CCC(C2=COC3=CC(C4=CN(CC5=CC=CC(Cl)=C5)N=C4)=CC=C32)C(=O)N1,True,False,False,False,True,False,mgtbind_compounds.csv,mgtbind
1541,O=C1CCC(C2=COC3=CC(C4=CN(CC5=CC=C(C6=CC=CC=C6)C=C5)N=C4)=CC=C32)C(=O)N1,True,False,False,False,True,False,mgtbind_compounds.csv,mgtbind
1542,COC1=CC=C2C=C(C3=CC=C4C(=C3)OC=C4C3CCC(=O)NC3=O)NC2=C1,True,False,False,False,True,False,mgtbind_compounds.csv,mgtbind
1543,CC1=CC=CC=C1CN1C=C(C2=CC=C3C(=C2)OC=C3C2CCC(=O)NC2=O)C=N1,True,False,False,False,True,False,mgtbind_compounds.csv,mgtbind
1544,CC1=CC(CN2C=C(C3=CC=C4C(=C3)OC=C4C3CCC(=O)NC3=O)C=N2)=CC=C1,True,False,False,False,True,False,mgtbind_compounds.csv,mgtbind
1545,O=C1CCC(C2=COC3=CC(C4=CN(CC5=CC=C(Cl)C=C5)N=C4)=CC=C32)C(=O)N1,True,False,False,False,True,False,mgtbind_compounds.csv,mgtbind
1546,O=C1CCC(C2=COC3=CC(C4=CN(CC5=CC=C(Cl)C(Cl)=C5)N=C4)=CC=C32)C(=O)N1,True,False,False,False,True,False,mgtbind_compounds.csv,mgtbind
1547,CC1=CC=C2C=C(C3=CC=C4C(=C3)OC=C4C3CCC(=O)NC3=O)NC2=C1,True,False,False,False,True,False,mgtbind_compounds.csv,mgtbind
1548,COC1=CC(CN2C=C(C3=CC=C4C(=C3)OC=C4C3CCC(=O)NC3=O)C=N2)=CC=C1,True,False,False,False,True,False,mgtbind_compounds.csv,mgtbind
1549,CC1=CC=C2NC(C3=CC=C4C(=C3)OC=C4C3CCC(=O)NC3=O)=CC2=C1,True,False,False,False,True,False,mgtbind_compounds.csv,mgtbind
1550,CC1=CC=CC2=C1C=C(C1=CC=C3C(=C1)OC=C3C1CCC(=O)NC1=O)N2,True,False,False,False,True,False,mgtbind_compounds.csv,mgtbind
1551,O=C1CCC(C2=COC3=CC(C4=CC5=CC=C(Cl)C=C5N4)=CC=C32)C(=O)N1,True,False,False,False,True,False,mgtbind_compounds.csv,mgtbind
1552,O=C1CCC(C2=COC3=CC(C4=CN(CC5=CC=C6OC(F)(F)OC6=C5)N=C4)=CC=C32)C(=O)N1,True,False,False,False,True,False,mgtbind_compounds.csv,mgtbind
1553,O=C1CCC(C2=COC3=CC(C4=CC5=C(C=C(F)C=C5)N4)=CC=C32)C(=O)N1,True,False,False,False,True,False,mgtbind_compounds.csv,mgtbind
1554,O=C1CCC(C2=COC3=CC(C4=CC5=C(C=CC(F)=C5)N4)=CC=C32)C(=O)N1,True,False,False,False,True,False,mgtbind_compounds.csv,mgtbind
1555,COC1=CC=CC2=C1C=C(C1=CC=C3C(C4CCC(=O)NC4=O)=COC3=C1)N2,True,False,False,False,True,False,mgtbind_compounds.csv,mgtbind
1556,CC1=CC=CC(CN2C=C(C3=CC=C4C(=C3)OC=C4C3CCC(=O)NC3=O)C=N2)=N1,True,False,False,False,True,False,mgtbind_compounds.csv,mgtbind
1557,COC1=CC=C(CN2C=C(C3=CC=C4C(=C3)OC=C4C3CCC(=O)NC3=O)C=N2)C=C1Cl,True,False,False,False,True,False,mgtbind_compounds.csv,mgtbind
1558,O=C1CCC(C2=COC3=CC(C4=CN(CC5=CC=C(OC(F)(F)F)C=C5)N=C4)=CC=C32)C(=O)N1,True,False,False,False,True,False,mgtbind_compounds.csv,mgtbind
1559,O=C1CCC(C2=COC3=CC(C4=CN(CC5=CC=CC=C5)N=C4)=CC=C32)C(=O)N1,True,False,False,False,True,False,mgtbind_compounds.csv,mgtbind
1560,COC1=CC(CN2C=C(C3=CC=C4C(C5CCC(=O)NC5=O)=COC4=C3)C=N2)=CC(OC)=N1,True,False,False,False,True,False,mgtbind_compounds.csv,mgtbind
1561,O=C1CCC(C2=COC3=CC(C4=CN(CC5=CC=C(C6CC6)C=C5)N=C4)=CC=C32)C(=O)N1,True,False,False,False,True,False,mgtbind_compounds.csv,mgtbind
1562,CS(=O)(=O)NC1=CC=C(CN2C=C(C3=CC=C4C(=C3)OC=C4C3CCC(=O)NC3=O)C=N2)C=C1,True,False,False,False,True,False,mgtbind_compounds.csv,mgtbind
1563,CC(C)C1=CC=C(CN2C=C(C3=CC=C4C(=C3)OC=C4C3CCC(=O)NC3=O)C=N2)C=C1,True,False,False,False,True,False,mgtbind_compounds.csv,mgtbind
1564,COC1=NC(OC)=C(CN2C=C(C3=CC=C4C(C5CCC(=O)NC5=O)=COC4=C3)C=N2)C=C1,True,False,False,False,True,False,mgtbind_compounds.csv,mgtbind
1565,COC1=CC=C(CN2C=CC(C3=CC=C4C(C5CCC(=O)NC5=O)=COC4=C3)=C2)C=C1,True,False,False,False,True,False,mgtbind_compounds.csv,mgtbind
1566,[2H]C([2H])([2H])OC1=CC=C(CN2C=C(C3=CC=C4C(=C3)OC=C4C3CCC(=O)NC3=O)C=N2)C=C1,True,False,False,False,True,False,mgtbind_compounds.csv,mgtbind
1567,CC1=CC=C(CN2C=C(C3=CC=C4C(=C3)OC=C4C3CCC(=O)NC3=O)C=N2)C=C1,True,False,False,False,True,False,mgtbind_compounds.csv,mgtbind
1568,COC1=CC=CC=C1CN1C=C(C2=CC=C3C(C4CCC(=O)NC4=O)=COC3=C2)C=N1,True,False,False,False,True,False,mgtbind_compounds.csv,mgtbind
1569,O=C1CCC(C2=COC3=CC(C4=CN(CC5=CC=CC=C5F)N=C4)=CC=C32)C(=O)N1,True,False,False,False,True,False,mgtbind_compounds.csv,mgtbind
1570,COC1=NC=C(CN2C=C(C3=CC=C4C(C5CCC(=O)NC5=O)=COC4=C3)C=N2)C=C1,True,False,False,False,True,False,mgtbind_compounds.csv,mgtbind
1571,COC1=CC=C(CN2C=C(C3=CC=C4C(=C3)OC=C4C3CCC(=O)NC3=O)C=N2)C=C1F,True,False,False,False,True,False,mgtbind_compounds.csv,mgtbind
1572,O=C1CCC(C2=COC3=CC(C4=CN(CC5=CSC6=CC=CC=C56)N=C4)=CC=C32)C(=O)N1,True,False,False,False,True,False,mgtbind_compounds.csv,mgtbind
1573,O=C1CCC(C2=COC3=CC(C4=CN(CC5=CC=C(OC6=CC=CC=C6)C=C5)N=C4)=CC=C32)C(=O)N1,True,False,False,False,True,False,mgtbind_compounds.csv,mgtbind
1574,O=C1CCC(C2=COC3=CC(C4=CN(CC5=CC=C(F)C=C5)N=C4)=CC=C32)C(=O)N1,True,False,False,False,True,False,mgtbind_compounds.csv,mgtbind
1575,CC(C)(C)OC(=O)N1C=C(CN2C=C(C3=CC=C4C(C5CCC(=O)NC5=O)=COC4=C3)C=N2)C2=C1C=CC=C2,True,False,False,False,True,False,mgtbind_compounds.csv,mgtbind
1576,COC1=CC=C(CN2C=C(C3=CC=C4C(=C3)OC=C4C3CCC(=O)NC3=O)C=N2)C=C1OC,True,False,False,False,True,False,mgtbind_compounds.csv,mgtbind
1577,COC1=CC(CN2C=C(C3=CC=C4C(=C3)OC=C4C3CCC(=O)NC3=O)C=N2)=CC(OC)=C1OC,True,False,False,False,True,False,mgtbind_compounds.csv,mgtbind
1578,O=C1CCC(C2=COC3=CC(C4=CC5=C(C=CC(Cl)=C5)N4)=CC=C32)C(=O)N1,True,False,False,False,True,False,mgtbind_compounds.csv,mgtbind
1579,CN1CCN(C2=CC=C(CN3C=C(C4=CC=C5C(=C4)OC=C5C4CCC(=O)NC4=O)C=N3)C=C2)CC1,True,False,False,False,True,False,mgtbind_compounds.csv,mgtbind
1580,NC1=CC(F)=C(CN2C=C(C3=CC=C4C(=C3)OC=C4C3CCC(=O)NC3=O)C=N2)C=C1,True,False,False,False,True,False,mgtbind_compounds.csv,mgtbind
1581,CC1=CC=CC2=C1NC(C1=CC=C3C(=C1)OC=C3C1CCC(=O)NC1=O)=C2,True,False,False,False,True,False,mgtbind_compounds.csv,mgtbind
1582,COC1=CC=C(CN2C=C(C3=CC=C4C(=C3)OC=C4C3CCC(=O)NC3=O)C=N2)N=N1,True,False,False,False,True,False,mgtbind_compounds.csv,mgtbind
1583,CCC1C=CC(CN2N=CC(C3C=C4C(C(=CO4)C4C(=O)NC(=O)CC4)=CC=3)=C2)=CC=1,True,False,False,False,True,False,mgtbind_compounds.csv,mgtbind
1584,CN(C)C1=CC=C(CN2C=C(C3=CC=C4C(=C3)OC=C4C3CCC(=O)NC3=O)C=N2)C=C1,True,False,False,False,True,False,mgtbind_compounds.csv,mgtbind
1585,CC(C)(C)OC(=O)C1=CC=C(CN2C=C(C3=CC4=C(C=C3)C(C3CCC(=O)NC3=O)=CO4)C=N2)C=C1,True,False,False,False,True,False,mgtbind_compounds.csv,mgtbind
1586,CCS(=O)(=O)NC1=CC=C(CN2C=C(C3=CC=C4C(=C3)OC=C4C3CCC(=O)NC3=O)C=N2)C=C1,True,False,False,False,True,False,mgtbind_compounds.csv,mgtbind
1587,CC(C)S(=O)(=O)NC1=CC=C(CN2C=C(C3=CC=C4C(=C3)OC=C4C3CCC(=O)NC3=O)C=N2)C=C1,True,False,False,False,True,False,mgtbind_compounds.csv,mgtbind
1588,O=C1CCC(C2=COC3=C2C=CC(C2=CN(CC4=CC=C(NS(=O)(=O)C5CC5)C=C4)N=C2)=C3)C(=O)N1,True,False,False,False,True,False,mgtbind_compounds.csv,mgtbind
1589,O=C1CCC(C2=COC3=C2C=C(F)C(C2=CN(CC4=CSC=C4)N=C2)=C3)C(=O)N1,True,False,False,False,True,False,mgtbind_compounds.csv,mgtbind
1590,COC1=NC=C(CN2C=C(C3=C(F)C=C4C(C5CCC(=O)NC5=O)=COC4=C3)C=N2)C=C1,True,False,False,False,True,False,mgtbind_compounds.csv,mgtbind
1591,O=C1CCC(C2=COC3=CC(C4=CN(CC5=CC=C(OC(F)F)C=C5)N=C4)=C(F)C=C32)C(=O)N1,True,False,False,False,True,False,mgtbind_compounds.csv,mgtbind
1592,CS(=O)(=O)C1=CC=C(CN2C=C(C3=C(F)C=C4C(C5CCC(=O)NC5=O)=COC4=C3)C=N2)C=C1,True,False,False,False,True,False,mgtbind_compounds.csv,mgtbind
1593,COCCC1=CC=C(CN2C=C(C3=C(F)C=C4C(C5CCC(=O)NC5=O)=COC4=C3)C=N2)C=C1,True,False,False,False,True,False,mgtbind_compounds.csv,mgtbind
1594,COC1=CC=C(CN2C=C(C3=CC4=C(C=C3F)C(C3CCC(=O)NC3=O)=CO4)C=N2)C=C1,True,False,False,False,True,False,mgtbind_compounds.csv,mgtbind
1595,O=C1CCC(C2=COC3=CC(C4=CN(CC5=CC=C6OC(F)(F)OC6=C5)N=C4)=C(F)C=C32)C(=O)N1,True,False,False,False,True,False,mgtbind_compounds.csv,mgtbind
1596,COC1=CC2=C(C=C(C3=C(F)C=C4C(=C3)OC=C4C3CCC(=O)NC3=O)N2)C=C1,True,False,False,False,True,False,mgtbind_compounds.csv,mgtbind
1597,CN1C=C(C2=CC3=C(C=C2F)C(C2CCC(=O)NC2=O)=CO3)C2=CC=CC=C21,True,False,False,False,True,False,mgtbind_compounds.csv,mgtbind
1598,COC1=CC=C(C(C)N2C=C(C3=CC4=C(C=C3F)C(C3CCC(=O)NC3=O)=CO4)C=N2)C=C1,True,False,False,False,True,False,mgtbind_compounds.csv,mgtbind
1599,CS(=O)(=O)NC1=CC=C(CN2C=C(C3=CC4=C(C=C3F)C(C3CCC(=O)NC3=O)=CO4)C=N2)C=C1,True,False,False,False,True,False,mgtbind_compounds.csv,mgtbind
1600,COC1=CC=C(CN2C=CC(C3=CC4=C(C=C3F)C(C3CCC(=O)NC3=O)=CO4)=C2)C=C1,True,False,False,False,True,False,mgtbind_compounds.csv,mgtbind
1601,CC1=CC2=C(C=C(C3=C(F)C=C4C(=C3)OC=C4C3CCC(=O)NC3=O)N2)C=C1,True,False,False,False,True,False,mgtbind_compounds.csv,mgtbind
1602,O=C1CCC(C2=COC3=CC(C4=CC5=CC=CC=C5N4)=C(F)C=C32)C(=O)N1,True,False,False,False,True,False,mgtbind_compounds.csv,mgtbind
1603,O=C1CCC(C2=COC3=C2C=C(F)C(C2=CN(CC4=CC=C(OC(F)(F)F)C=C4)N=C2)=C3)C(=O)N1,True,False,False,False,True,False,mgtbind_compounds.csv,mgtbind
1604,CC1=CC(CN2C=C(C3=CC4=C(C=C3F)C(C3CCC(=O)NC3=O)=CO4)C=N2)=CC=C1NS(C)(=O)=O,True,False,False,False,True,False,mgtbind_compounds.csv,mgtbind
1605,CSC1=CC=C(CN2C=C(C3=CC4=C(C=C3F)C(C3CCC(=O)NC3=O)=CO4)C=N2)C=C1,True,False,False,False,True,False,mgtbind_compounds.csv,mgtbind
1606,CS(=O)(=O)NC1=CC=C(CN2C=C(C3=CC4=C(C=C3F)C(C3CCC(=O)NC3=O)=CO4)C=N2)C(F)=C1,True,False,False,False,True,False,mgtbind_compounds.csv,mgtbind
1607,COC1=CC=C(CN2C=C(C3=CC4=C(C=C3F)C(C3CCC(=O)NC3=O)=CO4)C=N2)N=C1,True,False,False,False,True,False,mgtbind_compounds.csv,mgtbind
1608,CC(C)OC1=CC=C(CN2C=C(C3=C(F)C=C4C(C5CCC(=O)NC5=O)=COC4=C3)C=N2)C=C1,True,False,False,False,True,False,mgtbind_compounds.csv,mgtbind
1609,CC(C)(C)OC1=CC=C(CN2C=C(C3=C(F)C=C4C(=C3)OC=C4C3CCC(=O)NC3=O)C=N2)C=C1,True,False,False,False,True,False,mgtbind_compounds.csv,mgtbind
1610,CCOC1=CC=C(CN2C=C(C3=CC4=C(C=C3F)C(C3CCC(=O)NC3=O)=CO4)C=N2)C=C1,True,False,False,False,True,False,mgtbind_compounds.csv,mgtbind
1611,CS(=O)C1=CC=C(CN2C=C(C3=C(F)C=C4C(C5CCC(=O)NC5=O)=COC4=C3)C=N2)C=C1,True,False,False,False,True,False,mgtbind_compounds.csv,mgtbind
1612,CC1=CC=C(CN2C=C(C3=CC4=C(C=C3F)C(C3CCC(=O)NC3=O)=CO4)C=N2)C=C1,True,False,False,False,True,False,mgtbind_compounds.csv,mgtbind
1613,O=C1CCC(C2=COC3=C2C=C(F)C(C2=CN(CC4=CC=C(Cl)C(Cl)=C4)N=C2)=C3)C(=O)N1,True,False,False,False,True,False,mgtbind_compounds.csv,mgtbind
1614,COCC1=CC=C(CN2C=C(C3=CC4=C(C=C3F)C(C3CCC(=O)NC3=O)=CO4)C=N2)C=C1,True,False,False,False,True,False,mgtbind_compounds.csv,mgtbind
1615,O=C1CCC(C2=NOC3=CC(C4=CN(CC5=CC=C(OCC6CC6)C=C5)N=C4)=CC=C23)C(=O)N1,True,False,False,False,True,False,mgtbind_compounds.csv,mgtbind
1616,CC(C)C1=CC=C(CN2C=C(C3=CC=C4C(C5CCC(=O)NC5=O)=NOC4=C3)C=N2)C=C1,True,False,False,False,True,False,mgtbind_compounds.csv,mgtbind
1617,O=C1CCC(C2=NOC3=CC(C4=CC5=CC=CC=C5N4)=CC=C32)C(=O)N1,True,False,False,False,True,False,mgtbind_compounds.csv,mgtbind
1618,COC1=CC=C2NC(C3=CC=C4C(=C3)ON=C4C3CCC(=O)NC3=O)=CC2=C1,True,False,False,False,True,False,mgtbind_compounds.csv,mgtbind
1619,CC1=CC=C2C=C(C3=CC=C4C(=C3)ON=C4C3CCC(=O)NC3=O)NC2=C1,True,False,False,False,True,False,mgtbind_compounds.csv,mgtbind
1620,CC1=CC(CN2C=C(C3=CC=C4C(C5CCC(=O)NC5=O)=NOC4=C3)C=N2)=CC=C1,True,False,False,False,True,False,mgtbind_compounds.csv,mgtbind
1621,COC1=CC=C(CN2C=C(C3=CC=C4C(C5CCC(=O)NC5=O)=NOC4=C3)C=N2)C=C1,True,False,False,False,True,False,mgtbind_compounds.csv,mgtbind
1622,O=C1CCC(C2=NOC3=CC(C4=CN(CC5=CC=C6OC(F)(F)OC6=C5)N=C4)=CC=C32)C(=O)N1,True,False,False,False,True,False,mgtbind_compounds.csv,mgtbind
1623,CC1=CC=C2NC(C3=CC=C4C(=C3)ON=C4C3CCC(=O)NC3=O)=CC2=C1,True,False,False,False,True,False,mgtbind_compounds.csv,mgtbind
1624,O=C1CCC(C2=NOC3=CC(C4=CC5=CC=C(F)C=C5N4)=CC=C32)C(=O)N1,True,False,False,False,True,False,mgtbind_compounds.csv,mgtbind
1625,O=C1CCC(C2=NOC3=CC(C4=CC5=CC(OC(F)(F)F)=CC=C5N4)=CC=C32)C(=O)N1,True,False,False,False,True,False,mgtbind_compounds.csv,mgtbind
1626,COC1=CC=C(CN2C=C(C3=CC=C4C(C5CCC(=O)NC5=O)=NOC4=C3)C=N2)C=C1Cl,True,False,False,False,True,False,mgtbind_compounds.csv,mgtbind
1627,O=C1CCC(C2=NOC3=CC(C4=CC5=CC(Cl)=CC=C5N4)=CC=C32)C(=O)N1,True,False,False,False,True,False,mgtbind_compounds.csv,mgtbind
1628,COC1=C(OC)C=C(CN2C=C(C3=CC=C4C(C5CCC(=O)NC5=O)=NOC4=C3)C=N2)C=C1,True,False,False,False,True,False,mgtbind_compounds.csv,mgtbind
1629,O=C1CCC(C2=NOC3=CC(C4=CC5=CC=C(Cl)C=C5N4)=CC=C32)C(=O)N1,True,False,False,False,True,False,mgtbind_compounds.csv,mgtbind
1630,O=C1CCC(C2=NOC3=CC(C4=CN(CC5=CC=C6OCCC6=C5)N=C4)=CC=C32)C(=O)N1,True,False,False,False,True,False,mgtbind_compounds.csv,mgtbind
1631,COC1=CC=C(CN2C=C(C3=CC=C4C(=C3)ON=C4C3CCC(=O)NC3=O)C=N2)N=C1,True,False,False,False,True,False,mgtbind_compounds.csv,mgtbind
1632,CS(=O)(=O)NC1=CC=C(CN2C=C(C3=CC=C4C(C5CCC(=O)NC5=O)=NOC4=C3)C=N2)C=C1,True,False,False,False,True,False,mgtbind_compounds.csv,mgtbind
1633,O=C1CCC(C2=NOC3=CC(C4=CN(CC5=CC=C(OC6=CC=CC=C6)C=C5)N=C4)=CC=C32)C(=O)N1,True,False,False,False,True,False,mgtbind_compounds.csv,mgtbind
1634,O=C1CCC(C2=NOC3=CC(C4=CN(CC5=CC=C(C6CC6)C=C5)N=C4)=CC=C32)C(=O)N1,True,False,False,False,True,False,mgtbind_compounds.csv,mgtbind
1635,COC1=CC=C2C=C(C3=CC=C4C(=C3)ON=C4C3CCC(=O)NC3=O)NC2=C1,True,False,False,False,True,False,mgtbind_compounds.csv,mgtbind
1636,CS(=O)(=O)NC1=CC=C(CN2C=C(C3=CC=C4C(=C3)ON=C4C3CCC(=O)NC3=O)C=N2)C(F)=C1,True,False,False,False,True,False,mgtbind_compounds.csv,mgtbind
1637,CSC1=CC=C(CN2C=C(C3=CC4=C(C=C3F)C(C3CCC(=O)NC3=O)=NO4)C=N2)C=C1,True,False,False,False,True,False,mgtbind_compounds.csv,mgtbind
1638,COCC1=CC=C(CN2C=C(C3=C(F)C=C4C(C5CCC(=O)NC5=O)=NOC4=C3)C=N2)C=C1,True,False,False,False,True,False,mgtbind_compounds.csv,mgtbind
1639,COC1=CC=C(CN2C=C(C3=CC4=C(C=C3F)C(C3CCC(=O)NC3=O)=NO4)C=N2)C=C1,True,False,False,False,True,False,mgtbind_compounds.csv,mgtbind
1640,COC1=CC=C(CN2C=C(C3=CC4=C(C=C3F)C(C3CCC(=O)NC3=O)=NO4)C=N2)C=C1OC,True,False,False,False,True,False,mgtbind_compounds.csv,mgtbind
1641,O=C1CCC(C2=NOC3=CC(C4=CN(CC5=CC=C(C6CC6)C=C5)N=C4)=C(F)C=C32)C(=O)N1,True,False,False,False,True,False,mgtbind_compounds.csv,mgtbind
1642,CC(C)C1=CC=C(CN2C=C(C3=C(F)C=C4C(C5CCC(=O)NC5=O)=NOC4=C3)C=N2)C=C1,True,False,False,False,True,False,mgtbind_compounds.csv,mgtbind
1643,O=C1CCC(C2=NOC3=CC(C4=CN(CC5=CC=C(C6CCC6)C=C5)N=C4)=C(F)C=C23)C(=O)N1,True,False,False,False,True,False,mgtbind_compounds.csv,mgtbind
1644,COC1=CC=C(CC2=NC=C(C3=CC=C4C(=C3)OC=C4C3CCC(=O)NC3=O)O2)C=C1,True,False,False,False,True,False,mgtbind_compounds.csv,mgtbind
1645,COC1=CC=C(CN2C=C(C3=CC4=C(C=C3C)C(C3CCC(=O)NC3=O)=CO4)C=N2)N=C1,True,False,False,False,True,False,mgtbind_compounds.csv,mgtbind
1646,COC1=CC=C(CN2C=C(C3=C(F)C4=C(C=C3)C(C3CCC(=O)NC3=O)=CO4)C=N2)C=C1,True,False,False,False,True,False,mgtbind_compounds.csv,mgtbind
1647,COC1=CC=C(CN2C=C(C3=C(F)C4=C(C=C3)C(C3CCC(=O)NC3=O)=CO4)C=N2)N=C1,True,False,False,False,True,False,mgtbind_compounds.csv,mgtbind
1648,COC1=CC=C(CN2C=C(C3=CC4=C(C(C5CCC(=O)NC5=O)=CO4)C(F)=C3)C=N2)C=C1,True,False,False,False,True,False,mgtbind_compounds.csv,mgtbind
1649,COC1=CC=C(CN2C=C(C3=CC4=C(C(C5CCC(=O)NC5=O)=CO4)C(F)=C3)C=N2)N=C1,True,False,False,False,True,False,mgtbind_compounds.csv,mgtbind
1650,CC1=CC2=C(C=C(C3=CC=C4C(C5CCC(=O)NC5=O)=COC4=N3)N2)C=C1,True,False,False,False,True,False,mgtbind_compounds.csv,mgtbind
1651,CCOP(=O)(OCC)C1=CC=C(CN2C=C(C3=CC4=C(C=C3)C(C3CCC(=O)NC3=O)=CO4)C=N2)C=C1,True,False,False,False,True,False,mgtbind_compounds.csv,mgtbind
1652,CN1CCN(C2=CC=C(CN3C=C(C4=CC5=C(C=C4)C(C4CCC(=O)NC4=O)=CO5)C=N3)N=C2)CC1,True,False,False,False,True,False,mgtbind_compounds.csv,mgtbind
1653,O=C1CCC(C2=COC3=C2C=CC(C2=CN(CC4=CC=C(N5CC6(COC6)C5)C=N4)N=C2)=C3)C(=O)N1,True,False,False,False,True,False,mgtbind_compounds.csv,mgtbind
1654,CN(C)C1=CC=C(CN2C=C(C3=CC4=C(C=C3)C(C3CCC(=O)NC3=O)=CO4)C=N2)C=N1,True,False,False,False,True,False,mgtbind_compounds.csv,mgtbind
1655,[2H]C([2H])(C1=NC=C(OC)C=N1)N1C=C(C2=CC=C3C(C4CCC(=O)NC4=O)=COC3=C2)C=N1,True,False,False,False,True,False,mgtbind_compounds.csv,mgtbind
1656,[2H]C([2H])([2H])OC1=CN=C(CN2C=C(C3=CC=C4C(C5CCC(=O)NC5=O)=COC4=C3)C=N2)N=C1,True,False,False,False,True,False,mgtbind_compounds.csv,mgtbind
1657,O=C1CCC(C2=COC3=CC(C4=CN(CC5=NC(C6CCCC6)=CC=N5)N=C4)=CC=C23)C(=O)N1,True,False,False,False,True,False,mgtbind_compounds.csv,mgtbind
1658,O=C1CCC(C2=COC3=CC(C4=CN(CC5=CN=C(C6CCCCO6)C=N5)N=C4)=CC=C23)C(=O)N1,True,False,False,False,True,False,mgtbind_compounds.csv,mgtbind
1659,O=C1CCC(C2=COC3=CC(C4=CN(CC5=CC=C(C6(O)CCCCC6)C=C5)N=C4)=CC=C32)C(=O)N1,True,False,False,False,True,False,mgtbind_compounds.csv,mgtbind
1660,O=C1CCC(C2=COC3=CC(C4=CN(CC5=CC=C(N6CCCC6)C=C5)N=C4)=CC=C32)C(=O)N1,True,False,False,False,True,False,mgtbind_compounds.csv,mgtbind
1661,CN(C1=CC=C(CN2C=C(C3=CC=C4C(=C3)OC=C4C3CCC(=O)NC3=O)C=N2)C=C1)S(C)(=O)=O,True,False,False,False,True,False,mgtbind_compounds.csv,mgtbind
1662,CC(C)N(C1=CC=C(CN2C=C(C3=CC4=C(C=C3)C(C3CCC(=O)NC3=O)=CO4)C=N2)C=C1)S(C)(=O)=O,True,False,False,False,True,False,mgtbind_compounds.csv,mgtbind
1663,CNS(=O)(=O)C1=CC=C(CN2C=C(C3=CC4=C(C=C3)C(C3CCC(=O)NC3=O)=CO4)C=N2)C=C1,True,False,False,False,True,False,mgtbind_compounds.csv,mgtbind
1664,COC1=CC(Cl)=C(CN2C=C(C3=CC4=C(C=C3)C(C3CCC(=O)NC3=O)=CO4)C=N2)N=C1,True,False,False,False,True,False,mgtbind_compounds.csv,mgtbind
1665,COC1=CC=C(CN2C=C(C3=CC=C4C(=C3)OC=C4C3CCC(=O)NC3=O)C=N2)N=C1C,True,False,False,False,True,False,mgtbind_compounds.csv,mgtbind
1666,COC1=CC=C(C(C)N2C=C(C3=CC=C4C(=C3)OC=C4C3CCC(=O)NC3=O)C=N2)N=C1,True,False,False,False,True,False,mgtbind_compounds.csv,mgtbind
1667,COC1=CC=C(CN2C=C(C3=CC4=C(C=C3)C(C3CCC(=O)NC3=O)=CO4)C=N2)N=C1OC,True,False,False,False,True,False,mgtbind_compounds.csv,mgtbind
1668,CCOC1=CC=C(CN2C=C(C3=CC4=C(C=C3)C(C3CCC(=O)NC3=O)=CO4)C=N2)N=C1,True,False,False,False,True,False,mgtbind_compounds.csv,mgtbind
1669,O=C1CCC(C2=COC3=CC(C4=CN(CC5=CC=C(OC(F)F)C=N5)N=C4)=CC=C32)C(=O)N1,True,False,False,False,True,False,mgtbind_compounds.csv,mgtbind
1670,O=C1CCC(C2=COC3=CC(C4=CN(CC5=NC=C(OC(F)F)C=C5Cl)N=C4)=CC=C32)C(=O)N1,True,False,False,False,True,False,mgtbind_compounds.csv,mgtbind
1671,O=C1CCC(C2=COC3=C2C=CC(C2=CN(CC4=CC=C(OC(F)(F)F)C=N4)N=C2)=C3)C(=O)N1,True,False,False,False,True,False,mgtbind_compounds.csv,mgtbind
1672,O=C1CCC(C2=COC3=C2C=CC(C2=CN(CC4=CC=C(OCC5=CC=CC=C5)C=N4)N=C2)=C3)C(=O)N1,True,False,False,False,True,False,mgtbind_compounds.csv,mgtbind
1673,O=C1CCC(C2=COC3=C2C=CC(C2=CN(CC4=CC=C(OCC5CC5)C=N4)N=C2)=C3)C(=O)N1,True,False,False,False,True,False,mgtbind_compounds.csv,mgtbind
1674,COC1=C(C)C=C(CN2C=C(C3=CC=C4C(=C3)OC=C4C3CCC(=O)NC3=O)C=N2)N=C1C,True,False,False,False,True,False,mgtbind_compounds.csv,mgtbind
1675,COC1=CN=CC(CN2C=C(C3=CC=C4C(=C3)OC=C4C3CCC(=O)NC3=O)C=N2)=C1,True,False,False,False,True,False,mgtbind_compounds.csv,mgtbind
1676,O=C1CCC(C2=COC3=C2C=CC(C2=CN(CC4=CC=C5OCCC5=N4)N=C2)=C3)C(=O)N1,True,False,False,False,True,False,mgtbind_compounds.csv,mgtbind
1677,CC1=CC=C(CN2C=C(C3=CC=C4C(=C3)OC=C4C3CCC(=O)NC3=O)C=N2)N=C1,True,False,False,False,True,False,mgtbind_compounds.csv,mgtbind
1678,O=C1CCC(C2=COC3=CC(C4=CN(CC5=CC=C(C6CCC6)C=N5)N=C4)=CC=C32)C(=O)N1,True,False,False,False,True,False,mgtbind_compounds.csv,mgtbind
1679,CN(C)C1=CC=C(CN2C=C(C3=CC=C4C(=C3)OC=C4C3CCC(=O)NC3=O)C=N2)N=C1,True,False,False,False,True,False,mgtbind_compounds.csv,mgtbind
1680,NC1=CC=C(CN2C=C(C3=CC=C4C(=C3)OC=C4C3CCC(=O)NC3=O)C=N2)N=C1,True,False,False,False,True,False,mgtbind_compounds.csv,mgtbind
1681,O=C1CCC(C2=COC3=C2C=CC(C2=CN(CC4=CC=C(N5CCOCC5)C=N4)N=C2)=C3)C(=O)N1,True,False,False,False,True,False,mgtbind_compounds.csv,mgtbind
1682,CC(C1=CC=C(N2CCOCC2)C=N1)N1C=C(C2=CC3=C(C=C2)C(C2CCC(=O)NC2=O)=CO3)C=N1,True,False,False,False,True,False,mgtbind_compounds.csv,mgtbind
1683,CC(=O)NC1=CC=C(CN2C=C(C3=CC=C4C(=C3)OC=C4C3CCC(=O)NC3=O)C=N2)N=C1,True,False,False,False,True,False,mgtbind_compounds.csv,mgtbind
1684,CN(C)CCN(C)C1=CC=C(CN2C=C(C3=CC=C4C(=C3)OC=C4C3CCC(=O)NC3=O)C=N2)N=C1,True,False,False,False,True,False,mgtbind_compounds.csv,mgtbind
1685,CS(=O)(=O)C1=CC=C(CN2C=C(C3=CC4=C(C=C3)C(C3CCC(=O)NC3=O)=CO4)C=N2)N=C1,True,False,False,False,True,False,mgtbind_compounds.csv,mgtbind
1686,CCS(=O)(=O)C1=CC=C(CN2C=C(C3=CC4=C(C=C3)C(C3CCC(=O)NC3=O)=CO4)C=N2)N=C1,True,False,False,False,True,False,mgtbind_compounds.csv,mgtbind
1687,O=C1CCC(C2=COC3=CC(C4=CN(CC5=CC=C([N+](=O)[O-])C=N5)N=C4)=CC=C32)C(=O)N1,True,False,False,False,True,False,mgtbind_compounds.csv,mgtbind
1688,CCOP(=O)(OCC)C1=CC=C(CN2C=C(C3=CC=C4C(=C3)OC=C4C3CCC(=O)NC3=O)C=N2)N=C1,True,False,False,False,True,False,mgtbind_compounds.csv,mgtbind
1689,CC(C)OC1=CN=CC(CN2C=C(C3=CC4=C(C=C3)C(C3CCC(=O)NC3=O)=CO4)C=N2)=C1,True,False,False,False,True,False,mgtbind_compounds.csv,mgtbind
1690,O=C1CCC(C2=COC3=C2C=CC(C2=CN(CC4=CC=C(OC(F)F)N=C4)N=C2)=C3)C(=O)N1,True,False,False,False,True,False,mgtbind_compounds.csv,mgtbind
1691,CC1=CC=C(CN2C=C(C3=CC=C4C(=C3)OC=C4C3CCC(=O)NC3=O)C=N2)C=N1,True,False,False,False,True,False,mgtbind_compounds.csv,mgtbind
1692,O=C1CCC(C2=COC3=CC(C4=CN(CC5=CC=C(C(F)(F)F)N=C5)N=C4)=CC=C32)C(=O)N1,True,False,False,False,True,False,mgtbind_compounds.csv,mgtbind
1693,O=C1CCC(C2=COC3=CC(C4=CN(CC5=CN=C(C6CCCCC6)C=C5)N=C4)=CC=C23)C(=O)N1,True,False,False,False,True,False,mgtbind_compounds.csv,mgtbind
1694,NC1=CC=C(CN2C=C(C3=CC4=C(C=C3)C(C3CCC(=O)NC3=O)=CO4)C=N2)C=N1,True,False,False,False,True,False,mgtbind_compounds.csv,mgtbind
1695,O=C1CCC(C2=COC3=CC(C4=CN(CC5=CC=C(N6CCOCC6)N=C5)N=C4)=CC=C32)C(=O)N1,True,False,False,False,True,False,mgtbind_compounds.csv,mgtbind
1696,COC1=CN=C(C(C)N2C=C(C3=CC4=C(C=C3)C(C3CCC(=O)NC3=O)=CO4)C=N2)N=C1,True,False,False,False,True,False,mgtbind_compounds.csv,mgtbind
1697,CCOC1=CN=C(CN2C=C(C3=CC4=C(C=C3)C(C3CCC(=O)NC3=O)=CO4)C=N2)N=C1,True,False,False,False,True,False,mgtbind_compounds.csv,mgtbind
1698,CC(C)OC1=CN=C(CN2C=C(C3=CC=C4C(=C3)OC=C4C3CCC(=O)NC3=O)C=N2)N=C1,True,False,False,False,True,False,mgtbind_compounds.csv,mgtbind
1699,O=C1CCC(C2=COC3=CC(C4=CN(CC5=NC=C(OCC6=CC=CC=C6)C=N5)N=C4)=CC=C32)C(=O)N1,True,False,False,False,True,False,mgtbind_compounds.csv,mgtbind
1700,O=C1CCC(C2=COC3=CC(C4=CN(CC5=NC=C(OCC6CC6)C=N5)N=C4)=CC=C32)C(=O)N1,True,False,False,False,True,False,mgtbind_compounds.csv,mgtbind
1701,O=C1CCC(C2=COC3=C2C=CC(C2=CN(CC4=NC=C(OC(F)F)C=N4)N=C2)=C3)C(=O)N1,True,False,False,False,True,False,mgtbind_compounds.csv,mgtbind
1702,COC1=CC(OC)=NC(CN2C=C(C3=CC4=C(C=C3)C(C3CCC(=O)NC3=O)=CO4)C=N2)=N1,True,False,False,False,True,False,mgtbind_compounds.csv,mgtbind
1703,O=C1CCC(C2=COC3=CC(C4=CN(CC5=NC=C(OCC6COC6)C=N5)N=C4)=CC=C32)C(=O)N1,True,False,False,False,True,False,mgtbind_compounds.csv,mgtbind
1704,CN(C)CCOC1=CN=C(CN2C=C(C3=CC=C4C(=C3)OC=C4C3CCC(=O)NC3=O)C=N2)N=C1,True,False,False,False,True,False,mgtbind_compounds.csv,mgtbind
1705,CC1=CN=C(CN2C=C(C3=CC=C4C(=C3)OC=C4C3CCC(=O)NC3=O)C=N2)N=C1,True,False,False,False,True,False,mgtbind_compounds.csv,mgtbind
1706,O=C1CCC(C2=COC3=CC(C4=CN(CC5=NC(C6CCC6)=CC=N5)N=C4)=CC=C23)C(=O)N1,True,False,False,False,True,False,mgtbind_compounds.csv,mgtbind
1707,O=C1CCC(C2=COC3=C2C=CC(C2=CN(CC4=NC=C(Cl)C=N4)N=C2)=C3)C(=O)N1,True,False,False,False,True,False,mgtbind_compounds.csv,mgtbind
1708,CN(C)C1=CN=C(CN2C=C(C3=CC=C4C(=C3)OC=C4C3CCC(=O)NC3=O)C=N2)N=C1,True,False,False,False,True,False,mgtbind_compounds.csv,mgtbind
1709,CC(=O)NC1=CN=C(CN2C=C(C3=CC4=C(C=C3)C(C3CCC(=O)NC3=O)=CO4)C=N2)N=C1,True,False,False,False,True,False,mgtbind_compounds.csv,mgtbind
1710,CC(C)(C)OC(=O)NC1=CN=C(CN2C=C(C3=CC=C4C(=C3)OC=C4C3CCC(=O)NC3=O)C=N2)N=C1,True,False,False,False,True,False,mgtbind_compounds.csv,mgtbind
1711,O=C1CCC(C2=COC3=CC(C4=CN(CC5=NC=C(N6CCCC6)C=N5)N=C4)=CC=C32)C(=O)N1,True,False,False,False,True,False,mgtbind_compounds.csv,mgtbind
1712,O=C1CCC(C2=COC3=C2C=CC(C2=CN(CC4=NC=C(N5CCOCC5)C=N4)N=C2)=C3)C(=O)N1,True,False,False,False,True,False,mgtbind_compounds.csv,mgtbind
1713,CC(C1=NC=C(N2CCOCC2)C=N1)N1C=C(C2=CC=C3C(=C2)OC=C3C2CCC(=O)NC2=O)C=N1,True,False,False,False,True,False,mgtbind_compounds.csv,mgtbind
1714,CN1CCN(C2=CN=C(CN3C=C(C4=CC=C5C(=C4)OC=C5C4CCC(=O)NC4=O)C=N3)N=C2)CC1,True,False,False,False,True,False,mgtbind_compounds.csv,mgtbind
1715,O=C1CCC(C2=COC3=C2C=CC(C2=CN(CC4=NC=C(N5CC6(COC6)C5)C=N4)N=C2)=C3)C(=O)N1,True,False,False,False,True,False,mgtbind_compounds.csv,mgtbind
1716,CN(C)CCN(C)C1=CN=C(CN2C=C(C3=CC4=C(C=C3)C(C3CCC(=O)NC3=O)=CO4)C=N2)N=C1,True,False,False,False,True,False,mgtbind_compounds.csv,mgtbind
1717,CC1(O)CN(C2=CN=C(CN3C=C(C4=CC=C5C(=C4)OC=C5C4CCC(=O)NC4=O)C=N3)N=C2)C1,True,False,False,False,True,False,mgtbind_compounds.csv,mgtbind
1718,CN(C)C1CN(C2=CN=C(CN3C=C(C4=CC=C5C(=C4)OC=C5C4CCC(=O)NC4=O)C=N3)N=C2)C1,True,False,False,False,True,False,mgtbind_compounds.csv,mgtbind
1719,COC1CN(C2=CN=C(CN3C=C(C4=CC=C5C(=C4)OC=C5C4CCC(=O)NC4=O)C=N3)N=C2)C1,True,False,False,False,True,False,mgtbind_compounds.csv,mgtbind
1720,O=C1CCC(C2=COC3=C2C=CC(C2=CN(CC4=NC=C(N5CC(F)(F)C5)C=N4)N=C2)=C3)C(=O)N1,True,False,False,False,True,False,mgtbind_compounds.csv,mgtbind
1721,CC1CN(C2=CN=C(CN3C=C(C4=CC5=C(C=C4)C(C4CCC(=O)NC4=O)=CO5)C=N3)N=C2)C1,True,False,False,False,True,False,mgtbind_compounds.csv,mgtbind
1722,CC1(C)CN(C2=CN=C(CN3C=C(C4=CC=C5C(=C4)OC=C5C4CCC(=O)NC4=O)C=N3)N=C2)CCO1,True,False,False,False,True,False,mgtbind_compounds.csv,mgtbind
1723,CC1CN(C2=CN=C(CN3C=C(C4=CC=C5C(=C4)OC=C5C4CCC(=O)NC4=O)C=N3)N=C2)CCO1,True,False,False,False,True,False,mgtbind_compounds.csv,mgtbind
1724,CC1COCCN1C1=CN=C(CN2C=C(C3=CC4=C(C=C3)C(C3CCC(=O)NC3=O)=CO4)C=N2)N=C1,True,False,False,False,True,False,mgtbind_compounds.csv,mgtbind
1725,CC1CN(C2=CN=C(CN3C=C(C4=CC5=C(C=C4)C(C4CCC(=O)NC4=O)=CO5)C=N3)N=C2)CC(C)O1,True,False,False,False,True,False,mgtbind_compounds.csv,mgtbind
1726,CSC1=CN=C(CN2C=C(C3=CC=C4C(=C3)OC=C4C3CCC(=O)NC3=O)C=N2)N=C1,True,False,False,False,True,False,mgtbind_compounds.csv,mgtbind
1727,COC1=CN=C(CN2C=C(C3=CC=C4C(=C3)OC=C4C3CCC(=O)NC3=O)C=N2)C=N1,True,False,False,False,True,False,mgtbind_compounds.csv,mgtbind
1728,O=C1CCC(C2=COC3=CC(C4=CN(CC5=NN=C(OC6=CC=CC=C6)C=C5)N=C4)=CC=C32)C(=O)N1,True,False,False,False,True,False,mgtbind_compounds.csv,mgtbind
1729,O=C1CCC(C2=COC3=C2C=CC(C2=CN(CC4=CN=C(N5CCOCC5)C=N4)N=C2)=C3)C(=O)N1,True,False,False,False,True,False,mgtbind_compounds.csv,mgtbind
1730,O=C1CCC(C2=COC3=C2C=CC(C2=CN(CC4=CC=C(N5CCOCC5)N=N4)N=C2)=C3)C(=O)N1,True,False,False,False,True,False,mgtbind_compounds.csv,mgtbind
1731,COC1=NC(CN2C=C(C3=CC=C4C(=C3)OC=C4C3CCC(=O)NC3=O)C=N2)=CS1,True,False,False,False,True,False,mgtbind_compounds.csv,mgtbind
1732,COC1=NC=C(CN2C=C(C3=CC=C4C(=C3)OC=C4C3CCC(=O)NC3=O)C=N2)S1,True,False,False,False,True,False,mgtbind_compounds.csv,mgtbind
1733,COC1=CC=C(CN2C=C(C3=CC=C4C(C5CCC(=O)NC5=O)=COC4=C3)C=N2)S1,True,False,False,False,True,False,mgtbind_compounds.csv,mgtbind
1734,COC1=CSC(CN2C=C(C3=CC=C4C(=C3)OC=C4C3CCC(=O)NC3=O)C=N2)=C1,True,False,False,False,True,False,mgtbind_compounds.csv,mgtbind
1735,O=C1CCC(C2=COC3=C2C=C(F)C(C2=CN(CC4=CC=C(OCC5CC5)C=N4)N=C2)=C3)C(=O)N1,True,False,False,False,True,False,mgtbind_compounds.csv,mgtbind
1736,O=C1CCC(C2=COC3=CC(C4=CN(CC5=CC=C(N6CCOCC6)N=N5)N=C4)=C(F)C=C32)C(=O)N1,True,False,False,False,True,False,mgtbind_compounds.csv,mgtbind
1737,COC1=CC=C(CN2C=C(C3=CC4=C(C=C3F)C(C3CCC(=O)NC3=O)=CO4)C=N2)C=C1F,True,False,False,False,True,False,mgtbind_compounds.csv,mgtbind
1738,COC1=CC=C(CN2C=C(C3=CC4=C(C=C3F)C(C3CCC(=O)NC3=O)=CO4)C=N2)C=C1OC,True,False,False,False,True,False,mgtbind_compounds.csv,mgtbind
1739,COC1=CC(CN2C=C(C3=CC4=C(C=C3F)C(C3CCC(=O)NC3=O)=CO4)C=N2)=CC(OC)=C1,True,False,False,False,True,False,mgtbind_compounds.csv,mgtbind
1740,CC1=CC=CC(CN2C=C(C3=CC4=C(C=C3F)C(C3CCC(=O)NC3=O)=CO4)C=N2)=C1,True,False,False,False,True,False,mgtbind_compounds.csv,mgtbind
1741,O=C1CCC(C2=COC3=CC(C4=CN(CC5=CC=C(OC(F)F)C=N5)N=C4)=C(F)C=C32)C(=O)N1,True,False,False,False,True,False,mgtbind_compounds.csv,mgtbind
1742,O=C1CCC(C2=COC3=CC(C4=CN(CC5=CC=C(N6CCOCC6)C=N5)N=C4)=C(F)C=C32)C(=O)N1,True,False,False,False,True,False,mgtbind_compounds.csv,mgtbind
1743,O=C1CCC(C2=COC3=C2C=C(F)C(C2=CN(CC4=CC=C(OC(F)F)N=C4)N=C2)=C3)C(=O)N1,True,False,False,False,True,False,mgtbind_compounds.csv,mgtbind
1744,COC1=CN=C(CN2C=C(C3=CC4=C(C=C3F)C(C3CCC(=O)NC3=O)=CO4)C=N2)N=C1,True,False,False,False,True,False,mgtbind_compounds.csv,mgtbind
1745,CCOC1=CN=C(CN2C=C(C3=CC4=C(C=C3F)C(C3CCC(=O)NC3=O)=CO4)C=N2)N=C1,True,False,False,False,True,False,mgtbind_compounds.csv,mgtbind
1746,O=C1CCC(C2=COC3=CC(C4=CN(CC5=NC=C(N6CCOCC6)C=N5)N=C4)=C(F)C=C32)C(=O)N1,True,False,False,False,True,False,mgtbind_compounds.csv,mgtbind
1747,CC(C1=NC=C(N2CCOCC2)C=N1)N1C=C(C2=CC3=C(C=C2F)C(C2CCC(=O)NC2=O)=CO3)C=N1,True,False,False,False,True,False,mgtbind_compounds.csv,mgtbind
1748,CN1CCN(C2=CN=C(CN3C=C(C4=CC5=C(C=C4F)C(C4CCC(=O)NC4=O)=CO5)C=N3)N=C2)CC1,True,False,False,False,True,False,mgtbind_compounds.csv,mgtbind
1749,CN(C)CCN(C)C1=CN=C(CN2C=C(C3=CC4=C(C=C3F)C(C3CCC(=O)NC3=O)=CO4)C=N2)N=C1,True,False,False,False,True,False,mgtbind_compounds.csv,mgtbind
1750,CN(C)C1CN(C2=CN=C(CN3C=C(C4=CC5=C(C=C4F)C(C4CCC(=O)NC4=O)=CO5)C=N3)N=C2)C1,True,False,False,False,True,False,mgtbind_compounds.csv,mgtbind
1751,COC1CN(C2=CN=C(CN3C=C(C4=CC5=C(C=C4F)C(C4CCC(=O)NC4=O)=CO5)C=N3)N=C2)C1,True,False,False,False,True,False,mgtbind_compounds.csv,mgtbind
1752,O=C1CCC(C2=COC3=C2C=C(F)C(C2=CN(CC4=NC=C(N5CC(F)(F)C5)C=N4)N=C2)=C3)C(=O)N1,True,False,False,False,True,False,mgtbind_compounds.csv,mgtbind
1753,CC1CN(C2=CN=C(CN3C=C(C4=CC5=C(C=C4F)C(C4CCC(=O)NC4=O)=CO5)C=N3)N=C2)C1,True,False,False,False,True,False,mgtbind_compounds.csv,mgtbind
1754,O=C1CCC(C2=COC3=C2C=C(F)C(C2=CN(CC4=CN=C(N5CCOCC5)C=N4)N=C2)=C3)C(=O)N1,True,False,False,False,True,False,mgtbind_compounds.csv,mgtbind
1755,O=C1CCC(C2=NOC3=C2C=CC(C2=CN(CC4=NC=C(N5CC(F)(F)C5)C=N4)N=C2)=C3)C(=O)N1,True,False,False,False,True,False,mgtbind_compounds.csv,mgtbind
1756,O=C1CCC(C2=NOC3=C2C=CC(C2=CN(CC4=CN=C(N5CCOCC5)C=N4)N=C2)=C3)C(=O)N1,True,False,False,False,True,False,mgtbind_compounds.csv,mgtbind
1757,CC1=C(NS(C)(=O)=O)C=CC(CN2C=C(C3=CC=C4C(C5CCC(=O)NC5=O)=NOC4=C3)C=N2)=C1,True,False,False,False,True,False,mgtbind_compounds.csv,mgtbind
1758,O=C1CCC(C2=NOC3=C2C=CC(C2=CN(CC4=CC=C(OCC5CC5)C=N4)N=C2)=C3)C(=O)N1,True,False,False,False,True,False,mgtbind_compounds.csv,mgtbind
1759,O=C1CCC(C2=NOC3=CC(C4=CN(CC5=CC=C(N6CCOCC6)C=N5)N=C4)=CC=C32)C(=O)N1,True,False,False,False,True,False,mgtbind_compounds.csv,mgtbind
1760,CC(C1=CC=C(N2CCOCC2)C=N1)N1C=C(C2=CC=C3C(=C2)ON=C3C2CCC(=O)NC2=O)C=N1,True,False,False,False,True,False,mgtbind_compounds.csv,mgtbind
1761,COC1=CN=C(CN2C=C(C3=CC=C4C(=C3)ON=C4C3CCC(=O)NC3=O)C=N2)N=C1,True,False,False,False,True,False,mgtbind_compounds.csv,mgtbind
1762,O=C1CCC(C2=NOC3=CC(C4=CN(CC5=NN=CC(C6CCCCC6)=C5)N=C4)=CC=C23)C(=O)N1,True,False,False,False,True,False,mgtbind_compounds.csv,mgtbind
1763,CN(C)CCOC1=CN=C(CN2C=C(C3=CC=C4C(C5CCC(=O)NC5=O)=COC4=C3F)C=N2)N=C1,True,False,False,False,True,False,mgtbind_compounds.csv,mgtbind
1764,COCCN(C)C1=CN=C(CN2C=C(C3=CC=C4C(C5CCC(=O)NC5=O)=COC4=C3F)C=N2)N=C1,True,False,False,False,True,False,mgtbind_compounds.csv,mgtbind
1765,O=C1CCC(C2=COC3=C(F)C(C4=CN(CC5=CN=C(N6CCOCC6)S5)N=C4)=CC=C23)C(=O)N1,True,False,False,False,True,False,mgtbind_compounds.csv,mgtbind
1766,CC1=CC=C(CN2C=C(C3=CC=C4C(C5CCC(=O)NC5=O)=COC4=C3F)C=N2)N=C1,True,False,False,False,True,False,mgtbind_compounds.csv,mgtbind
1767,O=C1CCC(C2=COC3=C(F)C(C4=CN(CC5=CC=C(N6CCOCC6)C=N5)N=C4)=CC=C23)C(=O)N1,True,False,False,False,True,False,mgtbind_compounds.csv,mgtbind
1768,COC1=CN=C(CN2C=C(C3=C(F)C4=C(C=C3)C(C3CCC(=O)NC3=O)=CO4)C=N2)N=C1,True,False,False,False,True,False,mgtbind_compounds.csv,mgtbind
1769,CC1=CN=C(CN2C=C(C3=CC=C4C(C5CCC(=O)NC5=O)=COC4=C3F)C=N2)N=C1,True,False,False,False,True,False,mgtbind_compounds.csv,mgtbind
1770,O=C1CCC(C2=COC3=C(F)C(C4=CN(CC5=NC=C(N6CCOCC6)C=N5)N=C4)=CC=C23)C(=O)N1,True,False,False,False,True,False,mgtbind_compounds.csv,mgtbind
1771,CC1CN(C2=CN=C(CN3C=C(C4=CC=C5C(C6CCC(=O)NC6=O)=COC5=C4F)C=N3)N=C2)CC(C)O1,True,False,False,False,True,False,mgtbind_compounds.csv,mgtbind
1772,CSC1=CN=C(CN2C=C(C3=CC=C4C(C5CCC(=O)NC5=O)=COC4=C3F)C=N2)N=C1,True,False,False,False,True,False,mgtbind_compounds.csv,mgtbind
1773,O=C1CCC(C2=COC3=C(F)C(C4=CN(CC5=NN=C(OC6=CC=CC=C6)C=C5)N=C4)=CC=C23)C(=O)N1,True,False,False,False,True,False,mgtbind_compounds.csv,mgtbind
1774,COC1=NC=C(CN2C=C(C3=CC=C4C(C5CCC(=O)NC5=O)=COC4=C3F)C=N2)S1,True,False,False,False,True,False,mgtbind_compounds.csv,mgtbind
1775,COC1=CC=C(CN2C=C(C3=CC=C4C(C5CCC(=O)NC5=O)=COC4=C3F)C=N2)S1,True,False,False,False,True,False,mgtbind_compounds.csv,mgtbind
1776,CC1=CC=C(CN2C=C(C3=CC4=C(C(C5CCC(=O)NC5=O)=CO4)C(F)=C3)C=N2)N=C1,True,False,False,False,True,False,mgtbind_compounds.csv,mgtbind
1777,O=C1CCC(C2=COC3=CC(C4=CC5=CC=CC=C5N4)=CC(F)=C32)C(=O)N1,True,False,False,False,True,False,mgtbind_compounds.csv,mgtbind
1778,O=C1CCC(C2=COC3=CC(C4=CN(CC5=CC=C(OC(F)F)C=N5)N=C4)=CC(F)=C32)C(=O)N1,True,False,False,False,True,False,mgtbind_compounds.csv,mgtbind
1779,O=C1CCC(C2=COC3=CC(C4=CN(CC5=CC=C(N6CCOCC6)C=N5)N=C4)=CC(F)=C32)C(=O)N1,True,False,False,False,True,False,mgtbind_compounds.csv,mgtbind
1780,CN(C)CCOC1=CN=C(CN2C=C(C3=CC(F)=C4C(=C3)OC=C4C3CCC(=O)NC3=O)C=N2)N=C1,True,False,False,False,True,False,mgtbind_compounds.csv,mgtbind
1781,CC1=CN=C(CN2C=C(C3=CC4=C(C(C5CCC(=O)NC5=O)=CO4)C(F)=C3)C=N2)N=C1,True,False,False,False,True,False,mgtbind_compounds.csv,mgtbind
1782,O=C1CCC(C2=COC3=C2C(F)=CC(C2=CN(CC4=NC=C(N5CCOCC5)C=N4)N=C2)=C3)C(=O)N1,True,False,False,False,True,False,mgtbind_compounds.csv,mgtbind
1783,O=C1CCC(C2=NOC3=C2C(F)=CC(C2=CN(CC4=NC=C(N5CCOCC5)C=N4)N=C2)=C3)C(=O)N1,True,False,False,False,True,False,mgtbind_compounds.csv,mgtbind
1784,COC1=CC=C(CN2C=C(C3=CC(F)=C4C(=C3)ON=C4C3CCC(=O)NC3=O)C=N2)N=C1,True,False,False,False,True,False,mgtbind_compounds.csv,mgtbind
1785,O=C1CCC(C2=NOC3=C2C(F)=CC(C2=CN(CC4=CC=C(N5CCOCC5)C=N4)N=C2)=C3)C(=O)N1,True,False,False,False,True,False,mgtbind_compounds.csv,mgtbind
1786,COC1=CN=C(CN2C=C(C3=CC(F)=C4C(=C3)ON=C4C3CCC(=O)NC3=O)C=N2)N=C1,True,False,False,False,True,False,mgtbind_compounds.csv,mgtbind
1787,CCOC1=CN=C(CN2C=C(C3=CC4=C(C(C5CCC(=O)NC5=O)=NO4)C(F)=C3)C=N2)N=C1,True,False,False,False,True,False,mgtbind_compounds.csv,mgtbind
1788,O=C1CCC(C2=COC3=C2C=C(Cl)C(C2=CN(CC4=CC=C(N5CCOCC5)C=N4)N=C2)=C3)C(=O)N1,True,False,False,False,True,False,mgtbind_compounds.csv,mgtbind
1789,COC1=CC=C(CN2C=C(C3=CC4=C(C=C3Cl)C(C3CCC(=O)NC3=O)=CO4)C=N2)N=C1,True,False,False,False,True,False,mgtbind_compounds.csv,mgtbind
1790,COC1=CN=C(CN2C=C(C3=CC4=C(C=C3Cl)C(C3CCC(=O)NC3=O)=CO4)C=N2)N=C1,True,False,False,False,True,False,mgtbind_compounds.csv,mgtbind
1791,CCOC1=CN=C(CN2C=C(C3=CC4=C(C=C3Cl)C(C3CCC(=O)NC3=O)=CO4)C=N2)N=C1,True,False,False,False,True,False,mgtbind_compounds.csv,mgtbind
1792,O=C1CCC(C2=COC3=CC(C4=CN(CC5=NC=C(N6CCOCC6)C=N5)N=C4)=C(Cl)C=C32)C(=O)N1,True,False,False,False,True,False,mgtbind_compounds.csv,mgtbind
1793,O=C1CCC(C2=COC3=NC(C4=CN(CC5=CC=CC=C5)N=C4)=CC=C23)C(=O)N1,True,False,False,False,True,False,mgtbind_compounds.csv,mgtbind
1794,COC1=CC=C(CN2C=C(C3=NC4=C(C=C3)C(C3CCC(=O)NC3=O)=CO4)C=N2)C=C1,True,False,False,False,True,False,mgtbind_compounds.csv,mgtbind
1795,COC1=CC=C2C=C(C3=CC=C4C(C5CCC(=O)NC5=O)=COC4=N3)NC2=C1,True,False,False,False,True,False,mgtbind_compounds.csv,mgtbind
1796,COC1=CC=C2C=C(C3=CC=C4C(C5CCC(=O)NC5=O)=COC4=N3)N(C(=O)OC(C)(C)C)C2=C1,True,False,False,False,True,False,mgtbind_compounds.csv,mgtbind
1797,CC1=CC=C(CN2C=C(C3=NC4=C(C=C3)C(C3CCC(=O)NC3=O)=CO4)C=N2)C=C1,True,False,False,False,True,False,mgtbind_compounds.csv,mgtbind
1798,O=C1CCC(C2=COC3=C2C=CC(C2=CN(CC4=CC=C(F)C=C4)N=C2)=N3)C(=O)N1,True,False,False,False,True,False,mgtbind_compounds.csv,mgtbind
1799,COC1=CC=C(CN2C=C(C3=CC4=C(N=C3)C(C3CCC(=O)NC3=O)=CO4)C=N2)C=C1,True,False,False,False,True,False,mgtbind_compounds.csv,mgtbind
1800,O=C1CCC(C2=COC3=CC(C4=CC5=CC=CC=C5N4)=CN=C32)C(=O)N1,True,False,False,False,True,False,mgtbind_compounds.csv,mgtbind
1801,CC1=CC=C2C=C(C3=CN=C4C(=C3)OC=C4C3CCC(=O)NC3=O)NC2=C1,True,False,False,False,True,False,mgtbind_compounds.csv,mgtbind
1802,COC1=CC=C2C=C(C3=CN=C4C(=C3)OC=C4C3CCC(=O)NC3=O)NC2=C1,True,False,False,False,True,False,mgtbind_compounds.csv,mgtbind
1803,CC1=CC=C(CN2C=C(C3=CN=C4C(C5CCC(=O)NC5=O)=COC4=C3)C=N2)C=C1,True,False,False,False,True,False,mgtbind_compounds.csv,mgtbind
1804,O=C1CCC(C2=COC3=C2N=CC(C2=CN(CC4=CC=C(F)C=C4)N=C2)=C3)C(=O)N1,True,False,False,False,True,False,mgtbind_compounds.csv,mgtbind
1805,O=C1CCC(C2=COC3=CC(C4=CC5=C(C=CC=C5)N4)=NC=C32)C(=O)N1,True,False,False,False,True,False,mgtbind_compounds.csv,mgtbind
1806,COC1=CC=C(CN2C=C(C3=CC4=C(C=N3)C(C3CCC(=O)NC3=O)=CO4)C=N2)C=C1,True,False,False,False,True,False,mgtbind_compounds.csv,mgtbind
1807,CC1=CC2=C(C=C(C3=NC=C4C(=C3)OC=C4C3CCC(=O)NC3=O)N2)C=C1,True,False,False,False,True,False,mgtbind_compounds.csv,mgtbind
1808,COC1=CC=C2C=C(C3=CC4=C(C=N3)C(C3CCC(=O)NC3=O)=CO4)NC2=C1,True,False,False,False,True,False,mgtbind_compounds.csv,mgtbind
1809,CC1=CC=C(CN2C=C(C3=CC4=C(C=N3)C(C3CCC(=O)NC3=O)=CO4)C=N2)C=C1,True,False,False,False,True,False,mgtbind_compounds.csv,mgtbind
1810,O=C1CCC(C2=COC3=CC(C4=CN(CC5=CC=C(F)C=C5)N=C4)=NC=C32)C(=O)N1,True,False,False,False,True,False,mgtbind_compounds.csv,mgtbind
1811,COC1=CC=C(CN2C=C(C3=CC4=C(C=C3)C(C3CCC(=O)NC3=O)=C(C)O4)C=N2)C=C1,True,False,False,False,True,False,mgtbind_compounds.csv,mgtbind
1812,CC1=C(C2CCC(=O)NC2=O)C2=CC=C(C3=CC4=CC=CC=C4N3)C=C2O1,True,False,False,False,True,False,mgtbind_compounds.csv,mgtbind
1813,O=C1CCC(C2=COC3=CC(C4=CCN(CC5=CC=CC=C5)CC4)=CC=C32)C(=O)N1,True,False,False,False,True,False,mgtbind_compounds.csv,mgtbind
1814,O=C1CCC(C2=COC3=CC(C4CCN(CC5=CC=CC=C5)CC4)=CC=C32)C(=O)N1,True,False,False,False,True,False,mgtbind_compounds.csv,mgtbind
1815,O=C1CCC(C2=COC3=CC(C4=NC5=CC=CC=C5S4)=CC=C32)C(=O)N1,True,False,False,False,True,False,mgtbind_compounds.csv,mgtbind
1816,COC1=CC=C(N2C=CC(CC3=CC=C4C(=C3)OC=C4C3CCC(=O)NC3=O)=N2)C=C1,True,False,False,False,True,False,mgtbind_compounds.csv,mgtbind
1817,COC1=CC=C(N2N=CC=C2CC2=CC=C3C(=C2)OC=C3C2CCC(=O)NC2=O)C=C1,True,False,False,False,True,False,mgtbind_compounds.csv,mgtbind
1818,O=C1CCC(C2=COC3=CC(C4=CC=NC5=C4C=CN5)=CC=C32)C(=O)N1,True,False,False,False,True,False,mgtbind_compounds.csv,mgtbind
1819,O=C1CCC(C2=COC3=CC(C4=CC=CC=C4C4=CC=CC=C4)=CC=C32)C(=O)N1,True,False,False,False,True,False,mgtbind_compounds.csv,mgtbind
1820,O=C1CCC(C2=COC3=CC(C4=CC=C(OCC5=CC=CC=C5)C=N4)=CC=C32)C(=O)N1,True,False,False,False,True,False,mgtbind_compounds.csv,mgtbind
1821,CC(C)(C)C1=CC=C(C(=O)N2CC=C(C3=CC=C4C(C5CCC(=O)NC5=O)=COC4=C3)CC2)C=C1,True,False,False,False,True,False,mgtbind_compounds.csv,mgtbind
1822,O=C1CCC(C2=COC3=CC(C4=CNC5=C4C=CC=C5)=CC=C32)C(=O)N1,True,False,False,False,True,False,mgtbind_compounds.csv,mgtbind
1823,CN1C=C(C2=CC=C3C(=C2)OC=C3C2CCC(=O)NC2=O)C2=C1C=CC=C2,True,False,False,False,True,False,mgtbind_compounds.csv,mgtbind
1824,COC1=CC=C2C(C3=CC=C4C(=C3)OC=C4C3CCC(=O)NC3=O)=CN(C(=O)OC(C)(C)C)C2=C1,True,False,False,False,True,False,mgtbind_compounds.csv,mgtbind
1825,COC1=CC=C2C(=C1)NC=C2C1=CC=C2C(=C1)OC=C2C1CCC(=O)NC1=O,True,False,False,False,True,False,mgtbind_compounds.csv,mgtbind
1826,COC1=CC(OC)=CC(C2=CC=C3C(C4CCC(=O)NC4=O)=COC3=C2)=C1,True,False,False,False,True,False,mgtbind_compounds.csv,mgtbind
1827,CC1=CC=CC(C2=CC=C3C(=C2)OC=C3C2CCC(=O)NC2=O)=C1C,True,False,False,False,True,False,mgtbind_compounds.csv,mgtbind
1828,O=C1CCC(C2=COC3=CC(C4=CNC5=C4C=CC(F)=C5)=CC=C32)C(=O)N1,True,False,False,False,True,False,mgtbind_compounds.csv,mgtbind
1829,CC1=CC=C2C(=C1)NC=C2C1=CC=C2C(=C1)OC=C2C1CCC(=O)NC1=O,True,False,False,False,True,False,mgtbind_compounds.csv,mgtbind
1830,O=C1CCC(C2=COC3=CC(C4=NC5=C(COCC5)S4)=CC=C32)C(=O)N1,True,False,False,False,True,False,mgtbind_compounds.csv,mgtbind
1831,O=C1CCC(C2=COC3=CC(C4=CN(C(C5=CC=CC=C5)(C5=CC=CC=C5)C5=CC=CC=C5)N=C4)=CC=C32)C(=O)N1,True,False,False,False,True,False,mgtbind_compounds.csv,mgtbind
1832,N#CC1=CC2=C(C=C1)NC(C1=CC=C3C(=C1)OC=C3C1CCC(=O)NC1=O)=C2,True,False,False,False,True,False,mgtbind_compounds.csv,mgtbind
1833,CN1C=CC=C1C1=CC=C2C(=C1)OC=C2C1CCC(=O)NC1=O,True,False,False,False,True,False,mgtbind_compounds.csv,mgtbind
1834,CC1=CC(CCN2C=C(C3=CC=C4C(C5CCC(=O)NC5=O)=COC4=C3)C=N2)=CC=C1,True,False,False,False,True,False,mgtbind_compounds.csv,mgtbind
1835,O=C1CCC(C2=COC3=CC(C4=CN(CCC5=CC=C(F)C=C5)N=C4)=CC=C32)C(=O)N1,True,False,False,False,True,False,mgtbind_compounds.csv,mgtbind
1836,COC(=O)C1=CC=C2C=C(C3=CC=C4C(=C3)OC=C4C3CCC(=O)NC3=O)NC2=C1,True,False,False,False,True,False,mgtbind_compounds.csv,mgtbind
1837,N#CC1=CC=C2C=C(C3=CC=C4C(=C3)OC=C4C3CCC(=O)NC3=O)NC2=C1,True,False,False,False,True,False,mgtbind_compounds.csv,mgtbind
1838,COC1=CC=CC(CCN2C=C(C3=CC=C4C(=C3)OC=C4C3CCC(=O)NC3=O)C(C)=N2)=C1,True,False,False,False,True,False,mgtbind_compounds.csv,mgtbind
1839,CS(=O)(=O)NC1=CC=C(CN2C=CC(C3=CC=C4C(C5CCC(=O)NC5=O)=COC4=C3)=N2)C(F)=C1,True,False,False,False,True,False,mgtbind_compounds.csv,mgtbind
1840,CC1=CC(CN2C=CC(C3=CC=C4C(=C3)OC=C4C3CCC(=O)NC3=O)=N2)=CC=C1NS(C)(=O)=O,True,False,False,False,True,False,mgtbind_compounds.csv,mgtbind
1841,COC1=CC(C2=CC=C3C(=C2)OC=C3C2CCC(=O)NC2=O)=CC=N1,True,False,False,False,True,False,mgtbind_compounds.csv,mgtbind
1842,CCOC1=CN=CC(C2=CC=C3C(=C2)OC=C3C2CCC(=O)NC2=O)=C1,True,False,False,False,True,False,mgtbind_compounds.csv,mgtbind
1843,O=C1CCC(C2=COC3=CC(C4=CN=CC(OCC5=CC=CC=C5)=C4)=CC=C32)C(=O)N1,True,False,False,False,True,False,mgtbind_compounds.csv,mgtbind
1844,O=C1CCC(C2=COC3=CC(C4=CC5=CC=CN=C5N4)=CC=C32)C(=O)N1,True,False,False,False,True,False,mgtbind_compounds.csv,mgtbind
1845,O=C1CCC(C2=COC3=CC(C4=CC5=NC=CC=C5N4)=CC=C32)C(=O)N1,True,False,False,False,True,False,mgtbind_compounds.csv,mgtbind
1846,O=C1CCC(C2=COC3=CC(C4=NC5=CC=CC=C5N4)=CC=C32)C(=O)N1,True,False,False,False,True,False,mgtbind_compounds.csv,mgtbind
1847,O=C1CCC(C2=COC3=CC(C4=NC5=CC(Cl)=CC=C5N4)=CC=C32)C(=O)N1,True,False,False,False,True,False,mgtbind_compounds.csv,mgtbind
1848,COC1=CC=C2N=C(C3=CC=C4C(=C3)OC=C4C3CCC(=O)NC3=O)NC2=C1,True,False,False,False,True,False,mgtbind_compounds.csv,mgtbind
1849,CC1=CC=C2N=C(C3=CC=C4C(C5CCC(=O)NC5=O)=COC4=C3)NC2=C1,True,False,False,False,True,False,mgtbind_compounds.csv,mgtbind
1850,O=C1CCC(C2=COC3=CC(C4=CC5=CC=NC=C5N4)=CC=C32)C(=O)N1,True,False,False,False,True,False,mgtbind_compounds.csv,mgtbind
1851,O=C1CCC(C2=COC3=CC(C4=CC5=CN=CC=C5N4)=CC=C32)C(=O)N1,True,False,False,False,True,False,mgtbind_compounds.csv,mgtbind
1852,NC1=NC=C(C2=CC=C3C(=C2)OC=C3C2CCC(=O)NC2=O)C=C1OCC1=CC=CC=C1,True,False,False,False,True,False,mgtbind_compounds.csv,mgtbind
1853,COC1=NC=C(C2=CC=C3C(=C2)OC=C3C2CCC(=O)NC2=O)C=C1C(F)(F)F,True,False,False,False,True,False,mgtbind_compounds.csv,mgtbind
1854,COC(=O)C1=CC=C2NC(C3=CC=C4C(C5CCC(=O)NC5=O)=COC4=C3)=CC2=C1,True,False,False,False,True,False,mgtbind_compounds.csv,mgtbind
1855,CCOC(=O)C1=C(C)SC(C2=CC=C3C(=C2)OC=C3C2CCC(=O)NC2=O)=N1,True,False,False,False,True,False,mgtbind_compounds.csv,mgtbind
1856,CNC(=O)C1=CSC(C2=CC=C3C(C4CCC(=O)NC4=O)=COC3=C2)=N1,True,False,False,False,True,False,mgtbind_compounds.csv,mgtbind
1857,CCOC(=O)C1=NC(C2=CC=C3C(=C2)OC=C3C2CCC(=O)NC2=O)=CS1,True,False,False,False,True,False,mgtbind_compounds.csv,mgtbind
1858,O=C1CCC(C2=COC3=CC(C4=NC(COC5=CC=C(C(F)(F)F)C=C5)=CS4)=CC=C32)C(=O)N1,True,False,False,False,True,False,mgtbind_compounds.csv,mgtbind
1859,O=C1CCC(C2=COC3=CC(C4=CC5=CC(OC(F)(F)F)=CC=C5N4)=CC=C32)C(=O)N1,True,False,False,False,True,False,mgtbind_compounds.csv,mgtbind
1860,O=C1CCC(C2=COC3=CC(C4=CC5=C(C=C(OC(F)(F)F)C=C5)N4)=CC=C32)C(=O)N1,True,False,False,False,True,False,mgtbind_compounds.csv,mgtbind
1861,O=C1CCC(C2=COC3=CC(C4=CC=C5C(=O)NC(=O)NC5=C4)=CC=C32)C(=O)N1,True,False,False,False,True,False,mgtbind_compounds.csv,mgtbind
1862,O=C1CCC(C2=COC3=CC(C4=CN5C=CC=CC5=N4)=CC=C32)C(=O)N1,True,False,False,False,True,False,mgtbind_compounds.csv,mgtbind
1863,O=C1CCC(C2=COC3=CC(C4=CN(CC5=CC=CC=C5Cl)N=C4)=CC=C32)C(=O)N1,True,False,False,False,True,False,mgtbind_compounds.csv,mgtbind
1864,O=C1CCC(C2=COC3=CC(C4=CC5=C(F)C=CC=C5N4)=CC=C32)C(=O)N1,True,False,False,False,True,False,mgtbind_compounds.csv,mgtbind
1865,O=C1CCC(C2=COC3=CC(C4=CC5=C(N4)C(F)=CC=C5)=CC=C32)C(=O)N1,True,False,False,False,True,False,mgtbind_compounds.csv,mgtbind
1866,O=C1CCC(C2=COC3=CC(C4=CC5=C(C=CC=C5Cl)N4)=CC=C32)C(=O)N1,True,False,False,False,True,False,mgtbind_compounds.csv,mgtbind
1867,COC1=CC=CC2=C1NC(C1=CC=C3C(C4CCC(=O)NC4=O)=COC3=C1)=C2,True,False,False,False,True,False,mgtbind_compounds.csv,mgtbind
1868,CN1C2=CC=CC=C2C=C1C1=CC=C2C(=C1)OC=C2C1CCC(=O)NC1=O,True,False,False,False,True,False,mgtbind_compounds.csv,mgtbind
1869,CN1C2=CC(Cl)=CC=C2C=C1C1=CC=C2C(=C1)OC=C2C1CCC(=O)NC1=O,True,False,False,False,True,False,mgtbind_compounds.csv,mgtbind
1870,CS(=O)(=O)NC1=CC=CC(CN2C=C(C3=CC4=C(C=C3)C(C3CCC(=O)NC3=O)=CO4)C=N2)=C1,True,False,False,False,True,False,mgtbind_compounds.csv,mgtbind
1871,CS(=O)(=O)NC1=C(CN2C=C(C3=CC4=C(C=C3)C(C3CCC(=O)NC3=O)=CO4)C=N2)C=CC=C1,True,False,False,False,True,False,mgtbind_compounds.csv,mgtbind
1872,COC1=CC=CC2=C1C=C(C1=CC=C3C(=C1)OC=C3C1CCC(=O)NC1=O)N2C(=O)OC(C)(C)C,True,False,False,False,True,False,mgtbind_compounds.csv,mgtbind
1873,CS(=O)(=O)C1=CC=C2NC(C3=CC=C4C(=C3)OC=C4C3CCC(=O)NC3=O)=CC2=C1,True,False,False,False,True,False,mgtbind_compounds.csv,mgtbind
1874,O=C1CCC(C2=COC3=CC(C4=CN(CC5=NC=CS5)N=C4)=CC=C32)C(=O)N1,True,False,False,False,True,False,mgtbind_compounds.csv,mgtbind
1875,CC(C)(C)OC(=O)N1C2=C(C=CC(F)=C2)C=C1C1=CC=C2C(C3CCC(=O)NC3=O)=COC2=C1,True,False,False,False,True,False,mgtbind_compounds.csv,mgtbind
1876,CC(C)(C)OC(=O)N1C(C2=CC=C3C(=C2)OC=C3C2CCC(=O)NC2=O)=CC2=C1C=CC(F)=C2,True,False,False,False,True,False,mgtbind_compounds.csv,mgtbind
1877,O=C1CCC(C2=COC3=CC(C4=CN(CC5=CSC=N5)N=C4)=CC=C32)C(=O)N1,True,False,False,False,True,False,mgtbind_compounds.csv,mgtbind
1878,COC1=NC=C(CN2C=C(C3=CC=C4C(=C3)OC=C4C3CCC(=O)NC3=O)C=N2)C=N1,True,False,False,False,True,False,mgtbind_compounds.csv,mgtbind
1879,O=C1CCC(C2=COC3=CC(C4=CN(CC5=CC=CN=C5)N=C4)=CC=C32)C(=O)N1,True,False,False,False,True,False,mgtbind_compounds.csv,mgtbind
1880,O=C1CCC(C2=COC3=CC(C4=CN(CC5=CC=NC=C5)N=C4)=CC=C32)C(=O)N1,True,False,False,False,True,False,mgtbind_compounds.csv,mgtbind
1881,COC1=NC=C2NC(C3=CC=C4C(=C3)OC=C4C3CCC(=O)NC3=O)=NC2=C1,True,False,False,False,True,False,mgtbind_compounds.csv,mgtbind
1882,O=C1CCC(C2=COC3=CC(C4=NC5=CC=CC=C5O4)=CC=C32)C(=O)N1,True,False,False,False,True,False,mgtbind_compounds.csv,mgtbind
1883,COC1=CC=C(CC2=NN=C(C3=CC=C4C(=C3)OC=C4C3CCC(=O)NC3=O)O2)C=C1,True,False,False,False,True,False,mgtbind_compounds.csv,mgtbind
1884,O=C1CCC(C2=COC3=CC(C4=NN(CC5=CC=C(Cl)C=C5)C=N4)=CC=C32)C(=O)N1,True,False,False,False,True,False,mgtbind_compounds.csv,mgtbind
1885,CN1C(=O)C2=C(N=C1C1CC1)SC(C1=CC=C3C(=C1)OC=C3C1CCC(=O)NC1=O)=N2,True,False,False,False,True,False,mgtbind_compounds.csv,mgtbind
1886,COC1=NC2=C(C=C1)C(C1=CC=C3C(C4CCC(=O)NC4=O)=COC3=C1)=CN2,True,False,False,False,True,False,mgtbind_compounds.csv,mgtbind
1887,O=C1CCC(C2=COC3=CC(C4=CC5=C(CCCC5)N4)=CC=C32)C(=O)N1,True,False,False,False,True,False,mgtbind_compounds.csv,mgtbind
1888,COC1=CC=C(CC2=CSC(C3=CC=C4C(=C3)OC=C4C3CCC(=O)NC3=O)=N2)C=C1,True,False,False,False,True,False,mgtbind_compounds.csv,mgtbind
1889,O=C1CCC(C2=COC3=CC(C4=CN(CC5=CC=CS5)N=C4)=CC=C32)C(=O)N1,True,False,False,False,True,False,mgtbind_compounds.csv,mgtbind
1890,COC1=NC2=C(C=C(C3=CC4=C(C=C3)C(C3CCC(=O)NC3=O)=CO4)N2)C=N1,True,False,False,False,True,False,mgtbind_compounds.csv,mgtbind
1891,O=C1CCC(C2=COC3=CC(C4=CN(CC5=CC=C(OC(F)(F)F)C=C5)C=C4)=CC=C32)C(=O)N1,True,False,False,False,True,False,mgtbind_compounds.csv,mgtbind
1892,CC1=CC=C(CN2C=CC(C3=CC=C4C(=C3)OC=C4C3CCC(=O)NC3=O)=C2)C=C1,True,False,False,False,True,False,mgtbind_compounds.csv,mgtbind
1893,COC1=CC=C(CC2=NC=C(C3=CC=C4C(=C3)OC=C4C3CCC(=O)NC3=O)S2)C=C1,True,False,False,False,True,False,mgtbind_compounds.csv,mgtbind
1894,COC1=CC(CN2C=C(C3=CC=C4C(C5CCC(=O)NC5=O)=COC4=C3)C=N2)=CC(OC)=C1,True,False,False,False,True,False,mgtbind_compounds.csv,mgtbind
1895,COC1=CC=C(CN2C=CC(C3=CC=C4C(C5CCC(=O)NC5=O)=COC4=C3)=N2)C=C1,True,False,False,False,True,False,mgtbind_compounds.csv,mgtbind
1896,O=C1CCC(C2=COC3=CC(C4=CN(CC5=CC6=C(C=CC=C6)N5)N=C4)=CC=C32)C(=O)N1,True,False,False,False,True,False,mgtbind_compounds.csv,mgtbind
1897,CCOC1=CC(OC(F)(F)F)=CC(C2=CC=C3C(=C2)OC=C3C2CCC(=O)NC2=O)=C1,True,False,False,False,True,False,mgtbind_compounds.csv,mgtbind
1898,COC1=CC=C(CC2=CSC(C3=CC=C4C(=C3)OC=C4C3CCC(=O)NC3=O)=N2)C=C1Cl,True,False,False,False,True,False,mgtbind_compounds.csv,mgtbind
1899,O=C1CCC(C2=COC3=C2C=CC(C2=NC(CC4=CC=C(C(F)(F)F)C=C4)=CS2)=C3)C(=O)N1,True,False,False,False,True,False,mgtbind_compounds.csv,mgtbind
1900,O=C1CCC(C2=COC3=CC(C4=CC=CC(OC5=CC=CC=C5)=C4)=CC=C32)C(=O)N1,True,False,False,False,True,False,mgtbind_compounds.csv,mgtbind
1901,O=C1CCC(C2=COC3=CC(C4=CC=C5C=CC=CC5=C4)=CC=C32)C(=O)N1,True,False,False,False,True,False,mgtbind_compounds.csv,mgtbind
1902,COC1=CC=C(CC2=NC=C(C3=C(F)C=C4C(C5CCC(=O)NC5=O)=COC4=C3)N2)C=C1,True,False,False,False,True,False,mgtbind_compounds.csv,mgtbind
1903,COC1=CC=C(CC2=NC=C(C3=C(F)C=C4C(=C3)OC=C4C3CCC(=O)NC3=O)O2)C=C1,True,False,False,False,True,False,mgtbind_compounds.csv,mgtbind
1904,COC1=CC=C(CN2C=NC(C3=CC4=C(C=C3F)C(C3CCC(=O)NC3=O)=CO4)=N2)C=C1,True,False,False,False,True,False,mgtbind_compounds.csv,mgtbind
1905,CC1=CC=C(CC2CCN(C3=CC4=C(C=C3F)C(C3CCC(=O)NC3=O)=CO4)C2)C=C1,True,False,False,False,True,False,mgtbind_compounds.csv,mgtbind
1906,COC1=CC=C(CC2=NN=C(C3=CC4=C(C=C3F)C(C3CCC(=O)NC3=O)=CO4)O2)C=C1,True,False,False,False,True,False,mgtbind_compounds.csv,mgtbind
1907,O=C1CCC(C2=COC3=CC(C4=CN(C(=O)C5=CC=CC=C5)N=C4)=C(F)C=C32)C(=O)N1,True,False,False,False,True,False,mgtbind_compounds.csv,mgtbind
1908,COC1=CC=C(N2C=C(C3=CC4=C(C=C3F)C(C3CCC(=O)NC3=O)=CO4)C=N2)C=C1,True,False,False,False,True,False,mgtbind_compounds.csv,mgtbind
1909,CC1=CC=C(S(=O)(=O)N2C=C(C3=CC4=C(C=C3F)C(C3CCC(=O)NC3=O)=CO4)C=N2)C=C1,True,False,False,False,True,False,mgtbind_compounds.csv,mgtbind
1910,O=C1CCC(C2=COC3=CC(C4=CN(CC5=CCCOC5)N=C4)=C(F)C=C32)C(=O)N1,True,False,False,False,True,False,mgtbind_compounds.csv,mgtbind
1911,CN1CC=C(CN2C=C(C3=CC4=C(C=C3F)C(C3CCC(=O)NC3=O)=CO4)C=N2)CC1,True,False,False,False,True,False,mgtbind_compounds.csv,mgtbind
1912,COC1=CC=C(CN2N=C(C)C(C3=CC4=C(C=C3F)C(C3CCC(=O)NC3=O)=CO4)=C2C)C=C1,True,False,False,False,True,False,mgtbind_compounds.csv,mgtbind
1913,COC1=CC=C(CC2=CC(C3=C(F)C=C4C(C5CCC(=O)NC5=O)=COC4=C3)=NN2)C=C1,True,False,False,False,True,False,mgtbind_compounds.csv,mgtbind
1914,COC1=CC=C(CC2=NC=C(C3=C(F)C=C4C(C5CCC(=O)NC5=O)=COC4=C3)N2C)C=C1,True,False,False,False,True,False,mgtbind_compounds.csv,mgtbind
1915,O=C1CCC(C2=COC3=CC(C4=CC5=C(C=C(OC(F)(F)F)C=C5)N4)=C(F)C=C32)C(=O)N1,True,False,False,False,True,False,mgtbind_compounds.csv,mgtbind
1916,O=C1CCC(C2=COC3=CC(C4=CN(CC5CCOCC5)N=C4)=C(F)C=C32)C(=O)N1,True,False,False,False,True,False,mgtbind_compounds.csv,mgtbind
1917,CN1C(=O)C2=C(NC(C3=CC4=C(C=C3F)C(C3CCC(=O)NC3=O)=CO4)=N2)N(C)C1=O,True,False,False,False,True,False,mgtbind_compounds.csv,mgtbind
1918,CN1CCC(CN2C=C(C3=C(F)C=C4C(C5CCC(=O)NC5=O)=COC4=C3)C=N2)CC1,True,False,False,False,True,False,mgtbind_compounds.csv,mgtbind
1919,O=C1CCC(C2=COC3=C2C=C(F)C(N2CCC4=C2C=CC=C4)=C3)C(=O)N1,True,False,False,False,True,False,mgtbind_compounds.csv,mgtbind
1920,COC1=CC=CC2=C1C=C(C1=CC3=C(C=C1F)C(C1CCC(=O)NC1=O)=CO3)N2,True,False,False,False,True,False,mgtbind_compounds.csv,mgtbind
1921,CC1=CC=C2C=C(C3=CC4=C(C=C3F)C(C3CCC(=O)NC3=O)=CO4)N(C(=O)OC(C)(C)C)C2=C1,True,False,False,False,True,False,mgtbind_compounds.csv,mgtbind
1922,CN1C(=O)C(C2=CC3=C(C=C2F)C(C2CCC(=O)NC2=O)=CO3)=CC2=C1C=CC=C2,True,False,False,False,True,False,mgtbind_compounds.csv,mgtbind
1923,COC1=CC=C(CN2CCN(C3=CC4=C(C=C3F)C(C3CCC(=O)NC3=O)=CO4)CC2)C=C1,True,False,False,False,True,False,mgtbind_compounds.csv,mgtbind
1924,COC1=CC=C(CN2C=C(C3=CC4=C(C=C3F)C(C3CCC(=O)NC3=O)=CO4)C(C(C)C)=N2)C=C1,True,False,False,False,True,False,mgtbind_compounds.csv,mgtbind
1925,O=C1CCC(C2=COC3=CC(C4=CC5=CC(OC(F)(F)F)=CC=C5N4)=C(F)C=C32)C(=O)N1,True,False,False,False,True,False,mgtbind_compounds.csv,mgtbind
1926,O=C1CCC(C2=COC3=CC(C4=CN(CC5=CC=CC(C(F)F)=C5)N=C4)=C(F)C=C32)C(=O)N1,True,False,False,False,True,False,mgtbind_compounds.csv,mgtbind
1927,O=C1CCC(C2=COC3=CC(C4=CN(CC5=CC=CC=C5)N=C4)=C(F)C=C32)C(=O)N1,True,False,False,False,True,False,mgtbind_compounds.csv,mgtbind
1928,O=C1CCC(C2=COC3=C2C=C(F)C(C2=CN(CC4=CC=C(C(F)(F)F)C=C4)N=C2)=C3)C(=O)N1,True,False,False,False,True,False,mgtbind_compounds.csv,mgtbind
1929,O=C1CCC(C2=COC3=C2C=C(F)C(C2=CN(CC4=CC=C(C(F)F)C=C4)N=C2)=C3)C(=O)N1,True,False,False,False,True,False,mgtbind_compounds.csv,mgtbind
1930,COC1=CC(CN2C=C(C3=C(F)C=C4C(=C3)OC=C4C3CCC(=O)NC3=O)C=N2)=CC(OC)=N1,True,False,False,False,True,False,mgtbind_compounds.csv,mgtbind
1931,COC1=CC=CC(CN2C=C(C3=CC4=C(C=C3F)C(C3CCC(=O)NC3=O)=CO4)C=N2)=N1,True,False,False,False,True,False,mgtbind_compounds.csv,mgtbind
1932,CC1=CC=CC(CN2C=C(C3=CC4=C(C=C3F)C(C3CCC(=O)NC3=O)=CO4)C=N2)=N1,True,False,False,False,True,False,mgtbind_compounds.csv,mgtbind
1933,COC1=CC=C(CN2C=C(C3=C(F)C=C4C(C5CCC(=O)NC5=O)=COC4=C3)N=N2)C=C1,True,False,False,False,True,False,mgtbind_compounds.csv,mgtbind
1934,COC1=CC=C(CN2C=NC(C3=C(F)C=C4C(C5CCC(=O)NC5=O)=COC4=C3)=C2)C=C1,True,False,False,False,True,False,mgtbind_compounds.csv,mgtbind
1935,COC1=CC=C(CN2C=C(C3=CC4=C(C=C3F)C(C3CCC(=O)NC3=O)=CO4)C=N2)C(OC)=N1,True,False,False,False,True,False,mgtbind_compounds.csv,mgtbind
1936,COC1=CC=C(CN2N=NC(C3=CC4=C(C=C3F)C(C3CCC(=O)NC3=O)=CO4)=N2)C=C1,True,False,False,False,True,False,mgtbind_compounds.csv,mgtbind
1937,COC1=CC=C(CN2CC=C(C3=CC4=C(C=C3F)C(C3CCC(=O)NC3=O)=CO4)C2)C=C1,True,False,False,False,True,False,mgtbind_compounds.csv,mgtbind
1938,CC1=C(C2=C(F)C=C3C(C4CCC(=O)NC4=O)=COC3=C2)NC2=C1C=CC=C2,True,False,False,False,True,False,mgtbind_compounds.csv,mgtbind
1939,CN1C2=C(C=CC=C2)C=C1C1=C(F)C=C2C(C3CCC(=O)NC3=O)=COC2=C1,True,False,False,False,True,False,mgtbind_compounds.csv,mgtbind
1940,O=C1CCC(C2=COC3=CC(C4=CN(CC5=CC=C(Cl)C=C5)N=C4)=C(F)C=C32)C(=O)N1,True,False,False,False,True,False,mgtbind_compounds.csv,mgtbind
1941,COC1=CC=C(CC2=NN(C)C(C3=C(F)C=C4C(C5CCC(=O)NC5=O)=COC4=C3)=C2)C=C1,True,False,False,False,True,False,mgtbind_compounds.csv,mgtbind
1942,COC1=CC=C(CC2=NC=C(C3=CC=C4C(C5CCC(=O)NC5=O)=NOC4=C3)S2)C=C1,True,False,False,False,True,False,mgtbind_compounds.csv,mgtbind
1943,COC1=CC=C(CN2C=CC(C3=CC=C4C(C5CCC(=O)NC5=O)=NOC4=C3)=N2)C=C1,True,False,False,False,True,False,mgtbind_compounds.csv,mgtbind
1944,O=C1CCC(C2=NOC3=CC(C4=CC=C(Cl)C=C4)=CC=C32)C(=O)N1,True,False,False,False,True,False,mgtbind_compounds.csv,mgtbind
1945,O=C1CCC(C2=NOC3=CC(C4=CC=CC=C4C4=CC=CC=C4)=CC=C32)C(=O)N1,True,False,False,False,True,False,mgtbind_compounds.csv,mgtbind
1946,COC1=CC(OC)=CC(C2=CC=C3C(=C2)ON=C3C2CCC(=O)NC2=O)=C1,True,False,False,False,True,False,mgtbind_compounds.csv,mgtbind
1947,COC1=CC=CC(C2=CC=C3C(=C2)ON=C3C2CCC(=O)NC2=O)=C1OC,True,False,False,False,True,False,mgtbind_compounds.csv,mgtbind
1948,O=C1CCC(C2=NOC3=CC(C4=CC=CC5=CC=CN=C54)=CC=C32)C(=O)N1,True,False,False,False,True,False,mgtbind_compounds.csv,mgtbind
1949,COC1=CC=C2C(=C1)C=C(C1=CC=C3C(C4CCC(=O)NC4=O)=NOC3=C1)N2C(=O)OC(C)(C)C,True,False,False,False,True,False,mgtbind_compounds.csv,mgtbind
1950,CC(C)(C)OC(=O)N1C2=C(C=CC(Cl)=C2)C=C1C1=CC=C2C(=C1)ON=C2C1CCC(=O)NC1=O,True,False,False,False,True,False,mgtbind_compounds.csv,mgtbind
1951,CC1=CC=CC=C1CN1C=C(C2=CC=C3C(=C2)ON=C3C2CCC(=O)NC2=O)C=N1,True,False,False,False,True,False,mgtbind_compounds.csv,mgtbind
1952,O=C1CCC(C2=NOC3=CC(C4=CN(CC5=CC=C(Cl)C(Cl)=C5)N=C4)=CC=C32)C(=O)N1,True,False,False,False,True,False,mgtbind_compounds.csv,mgtbind
1953,O=C1CCC(C2=NOC3=CC(C4=CN(CCC5=CC=C(Cl)C=C5)N=C4)=CC=C32)C(=O)N1,True,False,False,False,True,False,mgtbind_compounds.csv,mgtbind
1954,COC(=O)C1=CC=C2NC(C3=CC=C4C(C5CCC(=O)NC5=O)=NOC4=C3)=CC2=C1,True,False,False,False,True,False,mgtbind_compounds.csv,mgtbind
1955,COC1=CC=CC(CN2C=C(C3=CC=C4C(C5CCC(=O)NC5=O)=NOC4=C3)C(C)=N2)=C1,True,False,False,False,True,False,mgtbind_compounds.csv,mgtbind
1956,O=C1CCC(C2=NOC3=CC(C4=CN(CC5=CC=C(Cl)C=C5)N=C4)=CC=C32)C(=O)N1,True,False,False,False,True,False,mgtbind_compounds.csv,mgtbind
1957,O=C1CCC(C2=NOC3=CC(C4=CN(CC5=CC=CC(F)=C5)N=C4)=CC=C32)C(=O)N1,True,False,False,False,True,False,mgtbind_compounds.csv,mgtbind
1958,O=C1CCC(C2=NOC3=CC(C4=CN(CC5=CC(Cl)=CC=C5)N=C4)=CC=C32)C(=O)N1,True,False,False,False,True,False,mgtbind_compounds.csv,mgtbind
1959,COC1=CC=CC(CN2C=C(C3=CC=C4C(=C3)ON=C4C3CCC(=O)NC3=O)C=N2)=C1,True,False,False,False,True,False,mgtbind_compounds.csv,mgtbind
1960,O=C1CCC(C2=NOC3=CC(C4=CN(CCC5=CC=C(F)C=C5)N=C4)=CC=C32)C(=O)N1,True,False,False,False,True,False,mgtbind_compounds.csv,mgtbind
1961,N#CC1=CC=C2NC(C3=CC=C4C(=C3)ON=C4C3CCC(=O)NC3=O)=CC2=C1,True,False,False,False,True,False,mgtbind_compounds.csv,mgtbind
1962,O=C1CCC(C2=NOC3=CC(C4=CC5=CC(F)=CC=C5N4)=CC=C32)C(=O)N1,True,False,False,False,True,False,mgtbind_compounds.csv,mgtbind
1963,O=C1CCC(C2=NOC3=CC(C4=CN(CC5=CC=CC=C5)N=C4)=CC=C32)C(=O)N1,True,False,False,False,True,False,mgtbind_compounds.csv,mgtbind
1964,COC1=CC(CN2C=C(C3=CC=C4C(C5CCC(=O)NC5=O)=NOC4=C3)C=N2)=CC(OC)=N1,True,False,False,False,True,False,mgtbind_compounds.csv,mgtbind
1965,COC1=NC=CC(CN2C=C(C3=CC=C4C(C5CCC(=O)NC5=O)=NOC4=C3)C=N2)=C1,True,False,False,False,True,False,mgtbind_compounds.csv,mgtbind
1966,COC1=CC=C2SC(C3=CC=C4C(=C3)ON=C4C3CCC(=O)NC3=O)=NC2=C1,True,False,False,False,True,False,mgtbind_compounds.csv,mgtbind
1967,CC1=CC=CC(CN2C=C(C3=CC=C4C(=C3)ON=C4C3CCC(=O)NC3=O)C=N2)=N1,True,False,False,False,True,False,mgtbind_compounds.csv,mgtbind
1968,O=C1CCC(C2=NOC3=CC(C4=CC5=CC(Br)=CC=C5N4)=CC=C32)C(=O)N1,True,False,False,False,True,False,mgtbind_compounds.csv,mgtbind
1969,O=C1CCC(C2=NOC3=CC(C4=CC5=C(C=C4)NN=C5)=CC=C32)C(=O)N1,True,False,False,False,True,False,mgtbind_compounds.csv,mgtbind
1970,O=C1CCC(C2=NOC3=CC(C4=CN=C5C=CC=CN45)=CC=C32)C(=O)N1,True,False,False,False,True,False,mgtbind_compounds.csv,mgtbind
1971,CC1=C(C2=CC=C3C(=C2)ON=C3C2CCC(=O)NC2=O)C2=CC=CC=C2C=C1,True,False,False,False,True,False,mgtbind_compounds.csv,mgtbind
1972,CC1=CC=C(C2=CC=C3C(=C2)ON=C3C2CCC(=O)NC2=O)C2=CC=CN=C12,True,False,False,False,True,False,mgtbind_compounds.csv,mgtbind
1973,O=C1CCC(C2=NOC3=CC(C4=NC(COC5=CC=CN=C5)=CS4)=CC=C32)C(=O)N1,True,False,False,False,True,False,mgtbind_compounds.csv,mgtbind
1974,O=C1CCC(C2=NOC3=CC(C4=CNC5=CC=C(OC(F)(F)F)C=C54)=CC=C32)C(=O)N1,True,False,False,False,True,False,mgtbind_compounds.csv,mgtbind
1975,O=C1CCC(C2=NOC3=CC(C4=NN(CC5=CC=C(OC(F)(F)F)C=C5)C=N4)=CC=C32)C(=O)N1,True,False,False,False,True,False,mgtbind_compounds.csv,mgtbind
1976,O=C1CCC(C2=NOC3=CC(C4=CC5=CC=CN=C5N4)=CC=C32)C(=O)N1,True,False,False,False,True,False,mgtbind_compounds.csv,mgtbind
1977,O=C1CCC(C2=NOC3=CC(C4=CC5=NC=CC=C5N4)=CC=C32)C(=O)N1,True,False,False,False,True,False,mgtbind_compounds.csv,mgtbind
1978,CC1=C(C2=CC=C3C(=C2)ON=C3C2CCC(=O)NC2=O)NC2=C1C=CC=C2,True,False,False,False,True,False,mgtbind_compounds.csv,mgtbind
1979,O=C1CCC(C2=NOC3=CC(C4=CC5=C(C=C(OC(F)(F)F)C=C5)N4)=CC=C32)C(=O)N1,True,False,False,False,True,False,mgtbind_compounds.csv,mgtbind
1980,CC1=CC=C2C(=C1)C=C(C1=CC=C3C(=C1)ON=C3C1CCC(=O)NC1=O)N2C(=O)OC(C)(C)C,True,False,False,False,True,False,mgtbind_compounds.csv,mgtbind
1981,CC(=O)N1C=C(C2=CC=C3C(=C2)ON=C3C2CCC(=O)NC2=O)C2=CC=CC=C21,True,False,False,False,True,False,mgtbind_compounds.csv,mgtbind
1982,O=C1CCC(C2=NOC3=CC(C4=CC(C5=CC=C(Cl)C=C5)=NN4)=CC=C32)C(=O)N1,True,False,False,False,True,False,mgtbind_compounds.csv,mgtbind
1983,O=C1CCC(C2=NOC3=CC(C4=NC=CC(OCC5=CC(F)=C(C(F)(F)F)C=C5)=C4)=CC=C32)C(=O)N1,True,False,False,False,True,False,mgtbind_compounds.csv,mgtbind
1984,O=C1CCC(C2=NOC3=CC(C4=CN(CC5=CC=C(OC(F)(F)F)C=C5)N=C4)=CC=C32)C(=O)N1,True,False,False,False,True,False,mgtbind_compounds.csv,mgtbind
1985,CN(C)CC1=C(C2=CC=C3C(=C2)ON=C3C2CCC(=O)NC2=O)NC2=CC=CC=C21,True,False,False,False,True,False,mgtbind_compounds.csv,mgtbind
1986,COC1=CC=C(CN2N=C(C3=CC=C4C(=C3)ON=C4C3CCC(=O)NC3=O)N=C2N(C)C)C=C1,True,False,False,False,True,False,mgtbind_compounds.csv,mgtbind
1987,COC1=CC=C(CC2=CN=C(C3=CC=C4C(C5CCC(=O)NC5=O)=NOC4=C3)S2)C=C1,True,False,False,False,True,False,mgtbind_compounds.csv,mgtbind
1988,NC1=CC(F)=C(CN2C=C(C3=CC=C4C(=C3)ON=C4C3CCC(=O)NC3=O)C=N2)C=C1,True,False,False,False,True,False,mgtbind_compounds.csv,mgtbind
1989,COC1=CC=C(CN2C=C(C3=CC=C4C(=C3)ON=C4C3CCC(=O)NC3=O)C=N2)C=N1,True,False,False,False,True,False,mgtbind_compounds.csv,mgtbind
1990,O=C1CCC(C2=NOC3=CC(C4=CN(CC5=CNC6=C5C=CC=C6)N=C4)=CC=C32)C(=O)N1,True,False,False,False,True,False,mgtbind_compounds.csv,mgtbind
1991,O=C1CCC(C2=NOC3=CC(C4=CC5=CC=CC=C5N4)=C(F)C=C32)C(=O)N1,True,False,False,False,True,False,mgtbind_compounds.csv,mgtbind
1992,CC(C)(C)OC(=O)N1C2=CC=CC=C2C=C1C1=C(F)C=C2C(=C1)ON=C2C1CCC(=O)NC1=O,True,False,False,False,True,False,mgtbind_compounds.csv,mgtbind
1993,CS(=O)(=O)C1=CC=C(CN2C=C(C3=C(F)C=C4C(C5CCC(=O)NC5=O)=NOC4=C3)C=N2)C=C1,True,False,False,False,True,False,mgtbind_compounds.csv,mgtbind
1994,O=C1CCC(C2=NOC3=CC(C4=CN(CC5=CC=C(OC(F)(F)F)C=C5)C=C4)=C(F)C=C32)C(=O)N1,True,False,False,False,True,False,mgtbind_compounds.csv,mgtbind
1995,COC1=CC=C(CN2C=CC(C3=C(F)C=C4C(C5CCC(=O)NC5=O)=NOC4=C3)=C2)C=C1,True,False,False,False,True,False,mgtbind_compounds.csv,mgtbind
1996,COC1=CC=C(CN2C=C(C3=CC4=C(C=C3F)C(C3CCC(=O)NC3=O)=NO4)C=N2)C=N1,True,False,False,False,True,False,mgtbind_compounds.csv,mgtbind
1997,COC1=CC=C(CN2C=C(C3=CC4=C(C=C3F)C(C3CCC(=O)NC3=O)=NO4)C=N2)N=C1,True,False,False,False,True,False,mgtbind_compounds.csv,mgtbind
1998,COC1=NC(CN2C=C(C3=C(F)C=C4C(C5CCC(=O)NC5=O)=NOC4=C3)C=N2)=CC=C1,True,False,False,False,True,False,mgtbind_compounds.csv,mgtbind
1999,O=C1CCC(C2=NOC3=CC(C4=CC5=C(C=CC(OC(F)(F)F)=C5)N4)=C(F)C=C32)C(=O)N1,True,False,False,False,True,False,mgtbind_compounds.csv,mgtbind
2000,O=C1CCC(C2=NOC3=CC(C4=CC5=C(C=C(OC(F)(F)F)C=C5)N4)=C(F)C=C32)C(=O)N1,True,False,False,False,True,False,mgtbind_compounds.csv,mgtbind
2001,CC1=CC=C2C=C(C3=CC4=C(C=C3F)C(C3CCC(=O)NC3=O)=NO4)NC2=C1,True,False,False,False,True,False,mgtbind_compounds.csv,mgtbind
2002,COC1=CC=C2C=C(C3=CC4=C(C=C3F)C(C3CCC(=O)NC3=O)=NO4)NC2=N1,True,False,False,False,True,False,mgtbind_compounds.csv,mgtbind
2003,CC1=C(NS(C)(=O)=O)C=CC(CN2C=C(C3=C(F)C=C4C(C5CCC(=O)NC5=O)=NOC4=C3)C=N2)=C1,True,False,False,False,True,False,mgtbind_compounds.csv,mgtbind
2004,CC1=CC=C2NC(C3=C(F)C=C4C(=C3)ON=C4C3CCC(=O)NC3=O)=CC2=C1,True,False,False,False,True,False,mgtbind_compounds.csv,mgtbind
2005,O=C1CCC(C2=NOC3=CC(C4=CN(CC5=CC=C(Cl)C=C5)N=C4)=C(F)C=C32)C(=O)N1,True,False,False,False,True,False,mgtbind_compounds.csv,mgtbind
2006,O=C1CCC(C2=NOC3=CC(C4=CN(CC5=CC=CC(Cl)=C5)N=C4)=C(F)C=C32)C(=O)N1,True,False,False,False,True,False,mgtbind_compounds.csv,mgtbind
2007,O=C1CCC(C2=C(F)C=C(N3CC(NC(=O)OCC4CC5(CCC5)C4)C3)C=C2F)C(=O)N1,True,False,False,False,True,False,mgtbind_compounds.csv,mgtbind
2008,COC1=C(N2CC(C)(NC(=O)OCC3CC4(CCC4)C3)C2)C=CC(C2CCC(=O)NC2=O)=C1F,True,False,False,False,True,False,mgtbind_compounds.csv,mgtbind
2009,O=C1CCC(C2=C(F)C=C(N3CC(NC(=O)OC[C@@H]4C[C@H]5CC[C@@H]4C5)C3)C=C2F)C(=O)N1,True,False,False,False,False,False,mgtbind_compounds.csv,mgtbind
2010,O=C1CCC(C2=C(F)C=C(N3CC(NC(=O)OC4CN(C(=O)N5CC6=CC=CC=C6C5)C4)C3)C=C2F)C(=O)N1,True,False,False,False,True,False,mgtbind_compounds.csv,mgtbind
2011,CC1=CC=NC(N2CC(OC(=O)NC3CN(C4=CC(F)=C(C5CCC(=O)NC5=O)C(F)=C4)C3)C2)=C1,True,False,False,False,True,False,mgtbind_compounds.csv,mgtbind
2012,CN1N=CC=C1N1CC(OC(=O)NC2CN(C3=CC(F)=C(C4CCC(=O)NC4=O)C(F)=C3)C2)C1,True,False,False,False,True,False,mgtbind_compounds.csv,mgtbind
2013,CN(C(=O)N1CC(OC(=O)NC2CN(C3=CC(F)=C(C4CCC(=O)NC4=O)C(F)=C3)C2)C1)C1=CC=CC(Cl)=C1,True,False,False,False,True,False,mgtbind_compounds.csv,mgtbind
2014,O=C1CCC(C2=C(F)C=C(N3CC(NC(=O)OC4CN(C(=O)N5CCC6=CC=CC=C65)C4)C3)C=C2F)C(=O)N1,True,False,False,False,True,False,mgtbind_compounds.csv,mgtbind
2015,CC1=CC(N(C)C(=O)N2CC(OC(=O)NC3CN(C4=CC(F)=C(C5CCC(=O)NC5=O)C(F)=C4)C3)C2)=CC=C1,True,False,False,False,True,False,mgtbind_compounds.csv,mgtbind
2016,CN(C(=O)N1CC(OC(=O)NC2(C(F)(F)F)CN(C3=CC(F)=C(C4CCC(=O)NC4=O)C(F)=C3)C2)C1)C1CC1,True,False,False,False,True,False,mgtbind_compounds.csv,mgtbind
2017,CN(C(=O)N1CC(OC(=O)NC2(C)CN(C3=CC(F)=C(C4CCC(=O)NC4=O)C(F)=C3)C2)C1)C1CC1,True,False,False,False,True,False,mgtbind_compounds.csv,mgtbind
2018,COC1=CC=C(N(C)C(=O)N2CC(OC(=O)NC3CN(C4=CC(F)=C(C5CCC(=O)NC5=O)C(F)=C4)C3)C2)C=C1,True,False,False,False,True,False,mgtbind_compounds.csv,mgtbind
2019,CN(C)C(=O)N1CC(OC(=O)NC2(C)CN(C3=CC(F)=C(C4CCC(=O)NC4=O)C(F)=C3)C2)C1,True,False,False,False,True,False,mgtbind_compounds.csv,mgtbind
2020,CC1=CC(N2CC(NC(=O)OC3CN(C(=O)N(C)C4CC4)C3)C2)=CC(F)=C1C1CCC(=O)NC1=O,True,False,False,False,True,False,mgtbind_compounds.csv,mgtbind
2021,CN(C(=O)N1CC[C@H](OC(=O)NC2CN(C3=CC(F)=C(C4CCC(=O)NC4=O)C(F)=C3)C2)C1)C1CC1,True,False,False,False,False,False,mgtbind_compounds.csv,mgtbind
2022,CN(C(=O)N1CC(OC(=O)NC2CN(C3=CC(F)=C(C4CCC(=O)NC4=O)C(F)=C3)C2)C1)C1=CC=CC=C1,True,False,False,False,True,False,mgtbind_compounds.csv,mgtbind
2023,CN(C)C(=O)N1CC[C@@H](OC(=O)NC2CN(C3=CC(F)=C(C4CCC(=O)NC4=O)C(F)=C3)C2)C1,True,False,False,False,False,False,mgtbind_compounds.csv,mgtbind
2024,CN(C)C(=O)N1CCC(OC(=O)NC2CN(C3=CC(F)=C(C4CCC(=O)NC4=O)C(F)=C3)C2)CC1,True,False,False,False,True,False,mgtbind_compounds.csv,mgtbind
2025,N#CC1=CC=C(C(=O)N2CC(OC(=O)NC3CN(C4=CC(F)=C(C5CCC(=O)NC5=O)C(F)=C4)C3)C2)C=C1,True,False,False,False,True,False,mgtbind_compounds.csv,mgtbind
2026,COC1=CC=C(C(=O)N2CC(OC(=O)NC3CN(C4=CC(F)=C(C5CCC(=O)NC5=O)C(F)=C4)C3)C2)C=C1,True,False,False,False,True,False,mgtbind_compounds.csv,mgtbind
2027,O=C1CCC(C2=C(F)C=C(N3CC(NC(=O)OC4CN(C(=O)C5=CC=C(F)C=C5)C4)C3)C=C2F)C(=O)N1,True,False,False,False,True,False,mgtbind_compounds.csv,mgtbind
2028,CC1=CC=C(C(=O)N2CC(OC(=O)NC3CN(C4=CC(F)=C(C5CCC(=O)NC5=O)C(F)=C4)C3)C2)C=C1,True,False,False,False,True,False,mgtbind_compounds.csv,mgtbind
2029,O=C1CCC(C2=C(F)C=C(N3CC(NC(=O)OC4CN(C(=O)C5=CC=CC=C5)C4)C3)C=C2F)C(=O)N1,True,False,False,False,True,False,mgtbind_compounds.csv,mgtbind
2030,CN(C(=O)N1CC[C@@H](OC(=O)NC2CN(C3=CC(F)=C(C4CCC(=O)NC4=O)C(F)=C3)C2)C1)C1CC1,True,False,False,False,False,False,mgtbind_compounds.csv,mgtbind
2031,CN(C)C(=O)N1CC[C@H](OC(=O)NC2CN(C3=CC(F)=C(C4CCC(=O)NC4=O)C(F)=C3)C2)C1,True,False,False,False,False,False,mgtbind_compounds.csv,mgtbind
2032,O=C1CCC(C2=C(Cl)C=C(N3CC(NC(=O)OCC4CC5(CCC5)C4)C3)C=C2Cl)C(=O)N1,True,False,False,False,True,False,mgtbind_compounds.csv,mgtbind
2033,CC1=CC=CN=C1N1CC(OC(=O)NC2CN(C3=CC(F)=C(C4CCC(=O)NC4=O)C(F)=C3)C2)C1,True,False,False,False,True,False,mgtbind_compounds.csv,mgtbind
2034,O=C1CCC(C2=C(F)C=C(N3CC(NC(=O)OC4CN(C(=O)N5CCC5)C4)C3)C=C2F)C(=O)N1,True,False,False,False,True,False,mgtbind_compounds.csv,mgtbind
2035,C1CC2(CN(C(=O)N3CC(OC(=O)NC4CN(C5=CC(F)=C(C6CCC(=O)NC6=O)C(F)=C5)C4)C3)C2)C1,True,False,False,False,True,False,mgtbind_compounds.csv,mgtbind
2036,O=C1CCC(C2=C(F)C=C(N3CC(NC(=O)OC4CN(C(=O)N5CCCC5)C4)C3)C=C2F)C(=O)N1,True,False,False,False,True,False,mgtbind_compounds.csv,mgtbind
2037,O=C1CCC(C2=C(F)C=C(N3CC(NC(=O)OC4CN(C(=O)N5CCC56CCC6)C4)C3)C=C2F)C(=O)N1,True,False,False,False,True,False,mgtbind_compounds.csv,mgtbind
2038,O=C1CCC(C2=C(F)C=C(N3CC(NC(=O)OCCC4=CC=CC=C4)C3)C=C2F)C(=O)N1,True,False,False,False,True,False,mgtbind_compounds.csv,mgtbind
2039,O=C1CCC(C2=C(F)C=C(N3CC(NC(=O)OCC4=CC=C(OC(F)(F)F)C=C4)C3)C=C2F)C(=O)N1,True,False,False,False,True,False,mgtbind_compounds.csv,mgtbind
2040,O=C1CCC(C2=C(F)C=C(N3CC(NC(=O)OC4CN(C(=O)N5CCCCC5)C4)C3)C=C2F)C(=O)N1,True,False,False,False,True,False,mgtbind_compounds.csv,mgtbind
2041,O=C1CCC(C2=C(F)C=C(N3CC(NC(=O)OCC4=CC=CC=C4)C3)C=C2F)C(=O)N1,True,False,False,False,True,False,mgtbind_compounds.csv,mgtbind
2042,O=C1CCC(C2=C(F)C=C([C@@H]3C[C@H]3NC(=O)OCC3CC4(CCC4)C3)C=C2F)C(=O)N1,True,False,False,False,False,False,mgtbind_compounds.csv,mgtbind
2043,O=C1NC(=O)C(C2C(F)=CC(N3CC(NC(O[C@H]4C[C@@H](OC(C)C)C4)=O)C3)=CC=2F)CC1,True,False,False,False,False,False,mgtbind_compounds.csv,mgtbind
2044,CN(C(=O)N1CC(OC(=O)NC2CN(C3=CC(F)=C(C4CCC(=O)NC4=O)C(F)=C3)C2)C1)C1CC1,True,False,False,False,True,False,mgtbind_compounds.csv,mgtbind
2045,O=C1CCC(C2=C(F)C=C(N3CC(NC(=O)OC4CN(C(=O)C5CC5)C4)C3)C=C2F)C(=O)N1,True,False,False,False,True,False,mgtbind_compounds.csv,mgtbind
2046,O=C1CCC(C2=C(F)C=C(N3CC(NC(=O)OC4CN(S(=O)(=O)C5CC5)C4)C3)C=C2F)C(=O)N1,True,False,False,False,True,False,mgtbind_compounds.csv,mgtbind
2047,CN(CC1CC1)C(=O)N1CC(OC(=O)NC2CN(C3=CC(F)=C(C4CCC(=O)NC4=O)C(F)=C3)C2)C1,True,False,False,False,True,False,mgtbind_compounds.csv,mgtbind
2048,COC1=C(N2CC(NC(=O)OCC3CC4(CCC4)C3)C2)C=CC(C2CCC(=O)NC2=O)=C1F,True,False,False,False,True,False,mgtbind_compounds.csv,mgtbind
2049,CN(C)C(=O)N1CC(OC(=O)NC2CN(C3=CC(F)=C(C4CCC(=O)NC4=O)C(F)=C3)C2)C1,True,False,False,False,True,False,mgtbind_compounds.csv,mgtbind
2050,CC(C)(C)O[C@H]1C[C@@H](OC(=O)NC2CN(C3=CC(F)=C(C4CCC(=O)NC4=O)C(F)=C3)C2)C1,True,False,False,False,False,False,mgtbind_compounds.csv,mgtbind
2051,O=C1NC(=O)C(C2C(F)=CC(N3CC(NC(O[C@H]4C[C@H](O[Si](C)(C)C(C)(C)C)C4)=O)C3)=CC=2F)CC1,True,False,False,False,False,False,mgtbind_compounds.csv,mgtbind
2052,O=C1NC(=O)C(C2C(F)=CC(N3CC(NC(O[C@H]4C[C@@H](O[Si](C)(C)C(C)(C)C)C4)=O)C3)=CC=2F)CC1,True,False,False,False,False,False,mgtbind_compounds.csv,mgtbind
2053,O=C1NC(=O)C(C2C(F)=CC(N3CC(NC(OC[C@@H]4C[C@H](O[Si](C)(C)C(C)(C)C)C4)=O)C3)=CC=2F)CC1,True,False,False,False,False,False,mgtbind_compounds.csv,mgtbind
2054,O=C1NC(=O)C(C2C(F)=CC(N3CC(NC(OC[C@H]4C[C@H](O[Si](C)(C)C(C)(C)C)C4)=O)C3)=CC=2F)CC1,True,False,False,False,False,False,mgtbind_compounds.csv,mgtbind
2055,O=C1CCC(C2=C(F)C=C(N3CC(NC(=O)OCC4CCCCC4)C3)C=C2F)C(=O)N1,True,False,False,False,True,False,mgtbind_compounds.csv,mgtbind
2056,C[C@H]1CC[C@H](COC(=O)NC2CN(C3=CC(F)=C(C4CCC(=O)NC4=O)C(F)=C3)C2)CC1,True,False,False,False,False,False,mgtbind_compounds.csv,mgtbind
2057,CC1(C)CCC(COC(=O)NC2CN(C3=CC(F)=C(C4CCC(=O)NC4=O)C(F)=C3)C2)CC1,True,False,False,False,True,False,mgtbind_compounds.csv,mgtbind
2058,O=C1CC[C@H](C2=C(F)C=C(N3CC[C@@H](NC(=O)OCC4CC5(CCC5)C4)C3=O)C=C2F)C(=O)N1,True,False,False,False,False,False,mgtbind_compounds.csv,mgtbind
2059,O=C1CC[C@@H](C2=C(F)C=C(N3CC[C@@H](NC(=O)OCC4CC5(CCC5)C4)C3=O)C=C2F)C(=O)N1,True,False,False,False,False,False,mgtbind_compounds.csv,mgtbind
2060,CC1(NC(=O)OCC2CC3(CCC3)C2)CN(C2=CC(F)=C(C3CCC(=O)NC3=O)C(F)=C2)C1,True,False,False,False,True,False,mgtbind_compounds.csv,mgtbind
2061,O=C1CCC(C2=C(F)C=C(N3C[C@@H](NC(=O)OCC4CC5(CCC5)C4)CC3=O)C=C2F)C(=O)N1,True,False,False,False,False,False,mgtbind_compounds.csv,mgtbind
2062,O=C1CCC(C2=C(F)C=C(N3C[C@H](NC(=O)OCC4CC5(CCC5)C4)CC3=O)C=C2F)C(=O)N1,True,False,False,False,False,False,mgtbind_compounds.csv,mgtbind
2063,O=C1CCC(C2=CC=C(N3CC(NC(=O)OCC4CC5(CCC5)C4)C3)C=C2F)C(=O)N1,True,False,False,False,True,False,mgtbind_compounds.csv,mgtbind
2064,O=C1CCC(C2=CC=C(N3CC(NC(=O)OCC4CC5(CCC5)C4)C3)C=C2Cl)C(=O)N1,True,False,False,False,True,False,mgtbind_compounds.csv,mgtbind
2065,O=C1CCC(C2=CC=C(N3CC(NC(=O)OCC4CC5(CCC5)C4)C3)C=C2)C(=O)N1,True,False,False,False,True,False,mgtbind_compounds.csv,mgtbind
2066,COC1=C(N2CC(NC(=O)OCC3CC4(CCC4)C3)C2)C=CC(C2CCC(=O)NC2=O)=C1Cl,True,False,False,False,True,False,mgtbind_compounds.csv,mgtbind
2067,O=C1CCC(C2=C(F)C=C(N3CC[C@@H](NC(=O)OCC4CC5(CCC5)C4)C3)C=C2F)C(=O)N1,True,False,False,False,False,False,mgtbind_compounds.csv,mgtbind
2068,CC(C)(CCOC(=O)NC1CN(C2=CC(F)=C(C3CCC(=O)NC3=O)C(F)=C2)C1)C1CC1,True,False,False,False,True,False,mgtbind_compounds.csv,mgtbind
2069,CC1(CCCOC(=O)NC2CN(C3=CC(F)=C(C4CCC(=O)NC4=O)C(F)=C3)C2)CC1,True,False,False,False,True,False,mgtbind_compounds.csv,mgtbind
2070,O=C1CCC(C2=C(F)C=C(N3CC(NC(=O)OC4CC5(CCCCC5)C4)C3)C=C2F)C(=O)N1,True,False,False,False,True,False,mgtbind_compounds.csv,mgtbind
2071,CC(C)C1CC(COC(=O)NC2CN(C3=CC(F)=C(C4CCC(=O)NC4=O)C(F)=C3)C2)C1,True,False,False,False,True,False,mgtbind_compounds.csv,mgtbind
2072,O=C1CCC(C2=C(F)C=C(N3CC(NC(=O)OC4CN(C5=NC6=CC=CC=C6O5)C4)C3)C=C2F)C(=O)N1,True,False,False,False,True,False,mgtbind_compounds.csv,mgtbind
2073,CC1=CC=CC=C1N(C)C(=O)N1CC(OC(=O)NC2CN(C3=CC(F)=C(C4CCC(=O)NC4=O)C(F)=C3)C2)C1,True,False,False,False,True,False,mgtbind_compounds.csv,mgtbind
2074,CN(C(=O)N1CC(OC(=O)NC2CN(C3=CC(F)=C(C4CCC(=O)NC4=O)C(F)=C3)C2)C1)C1=CC=CC=C1Cl,True,False,False,False,True,False,mgtbind_compounds.csv,mgtbind
2075,CN(C(=O)N1CC(OC(=O)NC2CN(C3=CC(F)=C(C4CCC(=O)NC4=O)C(F)=C3)C2)C1)C1=CC=C(F)C=C1,True,False,False,False,True,False,mgtbind_compounds.csv,mgtbind
2076,CN(C(=O)N1CC(OC(=O)NC2CN(C3=CC(F)=C(C4CCC(=O)NC4=O)C(F)=C3)C2)C1)C1=CC=C(C#N)C=C1,True,False,False,False,True,False,mgtbind_compounds.csv,mgtbind
2077,O=C1CCC(C2=C(F)C=C(N3CC(NC(=O)OC4CN(C(=O)CC5=CC=CC=C5)C4)C3)C=C2F)C(=O)N1,True,False,False,False,True,False,mgtbind_compounds.csv,mgtbind
2078,CN1C2=CC=CC=C2N=C1N1CC(OC(=O)NC2CN(C3=CC(F)=C(C4CCC(=O)NC4=O)C(F)=C3)C2)C1,True,False,False,False,True,False,mgtbind_compounds.csv,mgtbind
2079,CN(C)C(=O)C12CC(OC(=O)NC3CN(C4=CC(F)=C(C5CCC(=O)NC5=O)C(F)=C4)C3)(C1)C2,True,False,False,False,True,False,mgtbind_compounds.csv,mgtbind
2080,CN1C=CN=C1N1CC(OC(=O)NC2CN(C3=CC(F)=C(C4CCC(=O)NC4=O)C(F)=C3)C2)C1,True,False,False,False,True,False,mgtbind_compounds.csv,mgtbind
2081,CN(C(=O)C12CC(OC(=O)NC3CN(C4=CC(F)=C(C5CCC(=O)NC5=O)C(F)=C4)C3)(C1)C2)C1CC1,True,False,False,False,True,False,mgtbind_compounds.csv,mgtbind
2082,CC1=CN=C(N2CC(OC(=O)NC3CN(C4=CC(F)=C(C5CCC(=O)NC5=O)C(F)=C4)C3)C2)C=C1,True,False,False,False,True,False,mgtbind_compounds.csv,mgtbind
2083,CC1=CC=CC(N2CC(OC(=O)NC3CN(C4=CC(F)=C(C5CCC(=O)NC5=O)C(F)=C4)C3)C2)=N1,True,False,False,False,True,False,mgtbind_compounds.csv,mgtbind
2084,CN(C(=O)C12CC(OC(=O)NC3CN(C4=CC(F)=C(C5CCC(=O)NC5=O)C(F)=C4)C3)(C1)C2)C1=CC=CC=C1,True,False,False,False,True,False,mgtbind_compounds.csv,mgtbind
2085,CN(CC1CC1)C(=O)C12CC(OC(=O)NC3CN(C4=CC(F)=C(C5CCC(=O)NC5=O)C(F)=C4)C3)(C1)C2,True,False,False,False,True,False,mgtbind_compounds.csv,mgtbind
2086,O=C1CCC(C2=C(F)C=C(N3CC(NC(=O)OC4CN(C5=CC=CC=N5)C4)C3)C=C2F)C(=O)N1,True,False,False,False,True,False,mgtbind_compounds.csv,mgtbind
2087,O=C1CCC(C2=C(F)C=C(N3CC(NC(=O)OCC#CC4CC4)C3)C=C2F)C(=O)N1,True,False,False,False,True,False,mgtbind_compounds.csv,mgtbind
2088,N#CC1=C(Cl)C(C2CCC(=O)NC2=O)=CC=C1N1CC(NC(=O)OCC2CC3(CCC3)C2)C1,True,False,False,False,True,False,mgtbind_compounds.csv,mgtbind
2089,CC1=CC(N2CC(NC(=O)OC3CN(C(=O)N(C)C4CC4)C3)C2)=CC(C)=C1C1CCC(=O)NC1=O,True,False,False,False,True,False,mgtbind_compounds.csv,mgtbind
2090,CC1=CC(N2CC(NC(=O)OC3CN(C(=O)N(C)C4CC4)C3)C2)=CC(Cl)=C1C1CCC(=O)NC1=O,True,False,False,False,True,False,mgtbind_compounds.csv,mgtbind
2091,CN(C(=O)N1CCC(OC(=O)NC2CN(C3=CC(F)=C(C4CCC(=O)NC4=O)C(F)=C3)C2)CC1)C1CC1,True,False,False,False,True,False,mgtbind_compounds.csv,mgtbind
2092,N#CC1=CC(C2CCC(=O)NC2=O)=CC=C1N1CC(NC2=NN=C(C3CC4(CCC4)C3)O2)C1,True,False,False,False,True,False,mgtbind_compounds.csv,mgtbind
2093,COC1=C(N2CC(NC3=NN=C(C4=CC=C(OC(F)(F)F)C=C4)O3)C2)C=CC(C2CCC(=O)NC2=O)=C1F,True,False,False,False,True,False,mgtbind_compounds.csv,mgtbind
2094,COC1=C(Cl)C(C2CCC(=O)NC2=O)=CC=C1N1CC(NC2=NN=C(C3CC4(CCC4)C3)O2)C1,True,False,False,False,True,False,mgtbind_compounds.csv,mgtbind
2095,[CH2][C@@H]1CC(=O)N(C2=CC(F)=C(C3CCC(=O)NC3=O)C(F)=C2)C1,True,False,False,False,False,False,mgtbind_compounds.csv,mgtbind
2096,O=C1CCC(C2=C(F)C=C(N3CC(NC4=NN=C(C5=CC=C(Cl)C=C5)O4)C3)C=C2F)C(=O)N1,True,False,False,False,True,False,mgtbind_compounds.csv,mgtbind
2097,COC1=C(F)C(C2CCC(=O)NC2=O)=CC=C1N1CC(NC2=NN=C(C3CC4(CCC4)C3)O2)C1,True,False,False,False,True,False,mgtbind_compounds.csv,mgtbind
2098,N#CC1=CC=C(C2=NN=C(NC3CN(C4=CC(F)=C(C5CCC(=O)NC5=O)C(F)=C4)C3)O2)C=C1,True,False,False,False,True,False,mgtbind_compounds.csv,mgtbind
2099,CC1=CC=CC=C1C1=NN=C(NC2CN(C3=CC(F)=C(C4CCC(=O)NC4=O)C(F)=C3)C2)O1,True,False,False,False,True,False,mgtbind_compounds.csv,mgtbind
2100,CC1=CC(C2=NN=C(NC3CN(C4=CC(F)=C(C5CCC(=O)NC5=O)C(F)=C4)C3)O2)=CC=C1,True,False,False,False,True,False,mgtbind_compounds.csv,mgtbind
2101,COC1=CC=C(C2=NN=C(NC3CN(C4=CC(F)=C(C5CCC(=O)NC5=O)C(F)=C4)C3)O2)C=C1,True,False,False,False,True,False,mgtbind_compounds.csv,mgtbind
2102,CC1=CC=C(C2=NN=C(NC3CN(C4=CC(F)=C(C5CCC(=O)NC5=O)C(F)=C4)C3)O2)C=C1,True,False,False,False,True,False,mgtbind_compounds.csv,mgtbind
2103,O=C1CCC(C2=C(F)C=C(N3CC(NC4=NN=C(CC5=CC=CC=C5)O4)C3)C=C2F)C(=O)N1,True,False,False,False,True,False,mgtbind_compounds.csv,mgtbind
2104,CC1(NC2=NN=C(C3CC4(CCC4)C3)O2)CN(C2=CC(F)=C(C3CCC(=O)NC3=O)C(F)=C2)C1,True,False,False,False,True,False,mgtbind_compounds.csv,mgtbind
2105,O=C1CCC(C2=C(Cl)C=C(N3CC(NC4=NN=C(C5CC6(CCC6)C5)O4)C3)C=C2Cl)C(=O)N1,True,False,False,False,True,False,mgtbind_compounds.csv,mgtbind
2106,O=C1CCC(C2=C(F)C=C(N3CC(NC4=NN=C(C5=CC=C(OC(F)(F)F)C=C5)O4)C3)C=C2F)C(=O)N1,True,False,False,False,True,False,mgtbind_compounds.csv,mgtbind
2107,O=C1CCC(C2=C(F)C=C(N3CC(NC4=NN=C(C5=CC=CC=C5)O4)C3)C=C2F)C(=O)N1,True,False,False,False,True,False,mgtbind_compounds.csv,mgtbind
2108,O=C1CCC(C2=C(F)C=C(N3CC(NC4=NN(C5CC6(CCC6)C5)C=N4)C3)C=C2F)C(=O)N1,True,False,False,False,True,False,mgtbind_compounds.csv,mgtbind
2109,O=C1CCC(C2=C(F)C=C(N3CC(NC4=NC=CC(C5CC6(CCC6)C5)=C4)C3)C=C2F)C(=O)N1,True,False,False,False,True,False,mgtbind_compounds.csv,mgtbind
2110,O=C1CCC(C2=C(F)C=C(N3CC(NC4=NN=C(C5CC6(CCC6)C5)O4)C3)C=C2F)C(=O)N1,True,False,False,False,True,False,mgtbind_compounds.csv,mgtbind
2111,CN(C(=O)N1CC(OC(=S)NC2CN(C3=CC(F)=C(C4CCC(=O)NC4=O)C(F)=C3)C2)C1)C1CC1,True,False,False,False,True,False,mgtbind_compounds.csv,mgtbind
2112,CC1=CC=C(N(C)C(=O)N2CC(OC(=O)NC3CN(C4=CC(F)=C(C5CCC(=O)NC5=O)C(F)=C4)C3)C2)C=N1,True,False,False,False,True,False,mgtbind_compounds.csv,mgtbind
2113,CC1=CC=C(N(C)C(=O)N2CC(OC(=O)NC3CN(C4=CC(F)=C(C5CCC(=O)NC5=O)C(F)=C4)C3)C2)N=C1,True,False,False,False,True,False,mgtbind_compounds.csv,mgtbind
2114,CC1=CC=C(C)C(N(C)C(=O)C23CC(OC(=O)NC4CN(C5=CC(F)=C(C6CCC(=O)NC6=O)C(F)=C5)C4)(C2)C3)=C1,True,False,False,False,True,False,mgtbind_compounds.csv,mgtbind
2115,CC1=CC(Cl)=CC=C1N(C)C(=O)C12CC(OC(=O)NC3CN(C4=CC(F)=C(C5CCC(=O)NC5=O)C(F)=C4)C3)(C1)C2,True,False,False,False,True,False,mgtbind_compounds.csv,mgtbind
2116,CC1=CC(Cl)=CC=C1N(C)C(=O)N1CC(OC(=O)NC2CN(C3=CC(F)=C(C4CCC(=O)NC4=O)C(F)=C3)C2)C1,True,False,False,False,True,False,mgtbind_compounds.csv,mgtbind
2117,CC1=CC=CC(N(C)C(=O)C23CC(OC(=O)NC4CN(C5=CC(F)=C(C6CCC(=O)NC6=O)C(F)=C5)C4)(C2)C3)=C1C,True,False,False,False,True,False,mgtbind_compounds.csv,mgtbind
2118,CC1=C(Cl)C=CC=C1N(C)C(=O)C12CC(OC(=O)NC3CN(C4=CC(F)=C(C5CCC(=O)NC5=O)C(F)=C4)C3)(C1)C2,True,False,False,False,True,False,mgtbind_compounds.csv,mgtbind
2119,CC1=CC=C(N(C)C(=O)N2CC(OC(=O)NC3CN(C4=CC(F)=C(C5CCC(=O)NC5=O)C(F)=C4)C3)C2)C(C)=C1,True,False,False,False,True,False,mgtbind_compounds.csv,mgtbind
2120,CC1=CC=C(N(C)C(=O)C23CC(OC(=O)NC4CN(C5=CC(F)=C(C6CCC(=O)NC6=O)C(F)=C5)C4)(C2)C3)C(C)=C1,True,False,False,False,True,False,mgtbind_compounds.csv,mgtbind
2121,[2H]C([2H])([2H])N(C(=O)N1CC(OC(=O)NC2CN(C3=CC(F)=C(C4CCC(=O)NC4=O)C(F)=C3)C2)C1)C1=CC=C(C)C=C1,True,False,False,False,True,False,mgtbind_compounds.csv,mgtbind
2122,[2H]C([2H])([2H])N(C(=O)N1CC(OC(=O)NC2CN(C3=CC(F)=C(C4CCC(=O)NC4=O)C(F)=C3)C2)C1)C1=CC=C(Cl)C=C1,True,False,False,False,True,False,mgtbind_compounds.csv,mgtbind
2123,CN(C(=O)C12CC(OC(=O)NC3CN(C4=CC(F)=C(C5CCC(=O)NC5=O)C(F)=C4)C3)(C1)C2)C1=CC=C(C#N)C=C1,True,False,False,False,True,False,mgtbind_compounds.csv,mgtbind
2124,COC1=C(N2CC(C)(NC3=NN=C(C4CC5(CCC5)C4)O3)C2)C=CC(C2CCC(=O)NC2=O)=C1F,True,False,False,False,True,False,mgtbind_compounds.csv,mgtbind
2125,CC1(CCC2=NN=C(NC3CN(C4=CC(F)=C(C5CCC(=O)NC5=O)C(F)=C4)C3)O2)CC1,True,False,False,False,True,False,mgtbind_compounds.csv,mgtbind
2126,CN(C(=O)C12CC(OC(=O)NC3CN(C4=CC(F)=C(C5CCC(=O)NC5=O)C(F)=C4)C3)(C1)C2)C1=CC=CC(C#N)=C1,True,False,False,False,True,False,mgtbind_compounds.csv,mgtbind
2127,O=C1CCC(C2=C(F)C=C(N3CC(NC4=NN=C(C5=CC=CC=N5)O4)C3)C=C2F)C(=O)N1,True,False,False,False,True,False,mgtbind_compounds.csv,mgtbind
2128,CN(C(=O)C12CC(OC(=O)NC3CN(C4=CC(F)=C(C5CCC(=O)NC5=O)C(F)=C4)C3)(C1)C2)C1=CC=C(OC(F)(F)F)C=C1,True,False,False,False,True,False,mgtbind_compounds.csv,mgtbind
2129,O=C1CCC(C2=C(F)C=C(N3CC(NC(=O)OC45CC(C(=O)N6CCC6)(C4)C5)C3)C=C2F)C(=O)N1,True,False,False,False,True,False,mgtbind_compounds.csv,mgtbind
2130,O=C1CCC(C2=C(F)C=C(N3CC(NC4=NN=C(CCC5CC5)O4)C3)C=C2F)C(=O)N1,True,False,False,False,True,False,mgtbind_compounds.csv,mgtbind
2131,CN(C(=O)C12CC(OC(=O)NC3CN(C4=CC(F)=C(C5CCC(=O)NC5=O)C(F)=C4)C3)(C1)C2)C1=CC=C(Cl)C=C1,True,False,False,False,True,False,mgtbind_compounds.csv,mgtbind
2132,COC1=CC(N(C)C(=O)C23CC(OC(=O)NC4CN(C5=CC(F)=C(C6CCC(=O)NC6=O)C(F)=C5)C4)(C2)C3)=CC=C1,True,False,False,False,True,False,mgtbind_compounds.csv,mgtbind
2133,CN(C(=O)C12CC(OC(=O)NC3CN(C4=CC(F)=C(C5CCC(=O)NC5=O)C(F)=C4)C3)(C1)C2)C1=CC=CC(Cl)=C1,True,False,False,False,True,False,mgtbind_compounds.csv,mgtbind
2134,CN(C(=O)C12CC(OC(=O)NC3CN(C4=CC(F)=C(C5CCC(=O)NC5=O)C(F)=C4)C3)(C1)C2)C1=CC=C(F)C=C1,True,False,False,False,True,False,mgtbind_compounds.csv,mgtbind
2135,CC1=CC=C(N(C)C(=O)C23CC(C2)(OC(=O)NC2CN(C4=CC(F)=C(C5CCC(=O)NC5=O)C(F)=C4)C2)C3)C=C1,True,False,False,False,True,False,mgtbind_compounds.csv,mgtbind
2136,CC1=CC=CC(N(C)C(=O)C23CC(OC(=O)NC4CN(C5=CC(F)=C(C6CCC(=O)NC6=O)C(F)=C5)C4)(C2)C3)=C1,True,False,False,False,True,False,mgtbind_compounds.csv,mgtbind
2137,CC1=CC=CC=C1N(C)C(=O)C12CC(OC(=O)NC3CN(C4=CC(F)=C(C5CCC(=O)NC5=O)C(F)=C4)C3)(C1)C2,True,False,False,False,True,False,mgtbind_compounds.csv,mgtbind
2138,COC1=C(N2CC(C)(NC3=NN=C(C4=CC=C(OC(F)(F)F)C=C4)O3)C2)C=CC(C2CCC(=O)NC2=O)=C1F,True,False,False,False,True,False,mgtbind_compounds.csv,mgtbind
2139,O=C1CCC(C2=C(F)C=C(N3CC(NC(=O)OC45CC(C(=O)C6=CC=CC=C6)(C4)C5)C3)C=C2F)C(=O)N1,True,False,False,False,True,False,mgtbind_compounds.csv,mgtbind
2140,CN(C(=O)N1CC(OC(=O)NC2CN(C3=CC(F)=C(C4CCC(=O)NC4=O)C(F)=C3)C2)C1)C1=CC=C(Cl)C=C1,True,False,False,False,True,False,mgtbind_compounds.csv,mgtbind
2141,COC12CC(C3=NN=C(N[C@H]4CN(C5=CC(F)=C(C6CCC(=O)NC6=O)C(F)=C5)[C@@H]4C)O3)(C1)C2,True,False,False,False,False,False,mgtbind_compounds.csv,mgtbind
2142,C[C@@H]1[C@@H](NC2=NN=C(C34CC(C(F)(F)F)(C3)C4)O2)CN1C1=CC(F)=C(C2CCC(=O)NC2=O)C(F)=C1,True,False,False,False,False,False,mgtbind_compounds.csv,mgtbind
2143,C[C@@H]1[C@@H](NC2=NN=C(C3=CC=C(C(F)(F)F)C=C3)O2)CN1C1=CC(F)=C(C2CCC(=O)NC2=O)C(F)=C1,True,False,False,False,False,False,mgtbind_compounds.csv,mgtbind
2144,C[C@@H]1[C@@H](NC2=NN=C(C3CC4(CCC4)C3)O2)CN1C1=CC(F)=C(C2CCC(=O)NC2=O)C(F)=C1,True,False,False,False,False,False,mgtbind_compounds.csv,mgtbind
2145,CC1=CC=C(C2=NN=C(N[C@H]3CN(C4=CC(F)=C(C5CCC(=O)NC5=O)C(F)=C4)[C@@H]3C)O2)C=C1,True,False,False,False,False,False,mgtbind_compounds.csv,mgtbind
2146,C[C@@H]1[C@@H](NC2=NN=C(C3=CC=C(OC(F)(F)F)C=C3)O2)CN1C1=CC(F)=C(C2CCC(=O)NC2=O)C(F)=C1,True,False,False,False,False,False,mgtbind_compounds.csv,mgtbind
2147,CC1=CC=C(C(=O)NC2=CC=C3OC=C(C4CCC(=O)NC4=O)C3=C2)C=C1Cl,True,False,False,False,True,False,mgtbind_compounds.csv,mgtbind
2148,O=C1CCC(C2=COC3=CC=C(NC(=O)C4=CC=NC(C(F)(F)F)=C4)C=C32)C(=O)N1,True,False,False,False,True,False,mgtbind_compounds.csv,mgtbind
2149,CC1=CC=C(C(=O)NC2=CC=C3OC=C(C4CCC(=O)NC4=O)C3=C2)C=C1,True,False,False,False,True,False,mgtbind_compounds.csv,mgtbind
2150,O=C1CCC(C2=COC3=CC=C(NC(=O)C4=CC=CC(Cl)=C4)C=C32)C(=O)N1,True,False,False,False,True,False,mgtbind_compounds.csv,mgtbind
2151,O=C1CCC(C2=COC3=CC=C(NC(=O)C4=CC=CC=C4)C=C32)C(=O)N1,True,False,False,False,True,False,mgtbind_compounds.csv,mgtbind
2152,O=C1CCC(C2=COC3=C2C=C(NC(=O)C2=CC=CO2)C=C3)C(=O)N1,True,False,False,False,True,False,mgtbind_compounds.csv,mgtbind
2153,O=C1CCC(C2=COC3=C2C=C(NC(=O)C2CC2)C=C3)C(=O)N1,True,False,False,False,True,False,mgtbind_compounds.csv,mgtbind
2154,CCC(=O)NC1=CC2=C(C=C1)OC=C2C1CCC(=O)NC1=O,True,False,False,False,True,False,mgtbind_compounds.csv,mgtbind
2155,CC1=CC=C(C(=O)NC2=CC=C3ON=C(C4CCC(=O)NC4=O)C3=C2)C=C1Cl,True,False,False,False,True,False,mgtbind_compounds.csv,mgtbind
2156,CCCC(=O)NC1=CC=C2OC=C(C3CCC(=O)NC3=O)C2=C1,True,False,False,False,True,False,mgtbind_compounds.csv,mgtbind
2157,C=CC(=O)NC1=CC=C2OC=C(C3CCC(=O)NC3=O)C2=C1,True,False,False,False,True,False,mgtbind_compounds.csv,mgtbind
2158,COCCC(=O)NC1=CC2=C(C=C1)OC=C2C1CCC(=O)NC1=O,True,False,False,False,True,False,mgtbind_compounds.csv,mgtbind
2159,NCC(=O)NC1=CC=C2OC=C(C3CCC(=O)NC3=O)C2=C1,True,False,False,False,True,False,mgtbind_compounds.csv,mgtbind
2160,CC1=CC(CN2CC[C@H](OC3=CC=C4C(=O)N(C5CCC(=O)NC5=O)CC4=C3)C2)=CC=N1,True,False,False,False,False,False,mgtbind_compounds.csv,mgtbind
2161,O=C1CCC(N2CC3=CC(O[C@@H]4CCN(CC5=CN=C6C=CC=CC6=C5)C4)=CC=C3C2=O)C(=O)N1,True,False,False,False,False,False,mgtbind_compounds.csv,mgtbind
2162,O=C1CCC(N2CC3=C(C=CC(O[C@H]4CCN(CC5=CN=C6C=CC=CN56)C4)=C3)C2=O)C(=O)N1,True,False,False,False,False,False,mgtbind_compounds.csv,mgtbind
2163,COC1=CN=CC(CN2CC[C@H](OC3=CC4=C(C=C3)C(=O)N(C3CCC(=O)NC3=O)C4)C2)=C1,True,False,False,False,False,False,mgtbind_compounds.csv,mgtbind
2164,CC1=CC=NC(CN2CC[C@H](OC3=CC=C4C(=O)N(C5CCC(=O)NC5=O)CC4=C3)C2)=C1,True,False,False,False,False,False,mgtbind_compounds.csv,mgtbind
2165,O=C1CCC(N2CC3=CC(O[C@H]4CCN(CC5=CC=C(C(F)(F)F)C=N5)C4)=CC=C3C2=O)C(=O)N1,True,False,False,False,False,False,mgtbind_compounds.csv,mgtbind
2166,O=C1CCC(N2CC3=C(C=CC(O[C@H]4CCN(CC5=CC=NC6=CC=CC=C56)C4)=C3)C2=O)C(=O)N1,True,False,False,False,False,False,mgtbind_compounds.csv,mgtbind
2167,O=C1CCC(N2CC3=C(C=CC(O[C@H]4CCN(CC5=CC=CC(OC(F)F)=C5)C4)=C3)C2=O)C(=O)N1,True,False,False,False,False,False,mgtbind_compounds.csv,mgtbind
2168,O=C1CCC(N2CC3=CC(O[C@H]4CCN(CC5=CC=CC6=C5C=CC=N6)C4)=CC=C3C2=O)C(=O)N1,True,False,False,False,False,False,mgtbind_compounds.csv,mgtbind
2169,O=C1CCC(N2CC3=C(C=CC(O[C@H]4CCN(CC5=CC=C6N=CC=CC6=C5)C4)=C3)C2=O)C(=O)N1,True,False,False,False,False,False,mgtbind_compounds.csv,mgtbind
2170,O=C1CCC(N2CC3=C(C=CC(O[C@H]4CCN(CC5=CN(C6=CC=CN=C6)N=C5)C4)=C3)C2=O)C(=O)N1,True,False,False,False,False,False,mgtbind_compounds.csv,mgtbind
2171,O=C1CCC(N2CC3=CC(O[C@H]4CCN(CC5=CC=NC6=C5C=CC=N6)C4)=CC=C3C2=O)C(=O)N1,True,False,False,False,False,False,mgtbind_compounds.csv,mgtbind
2172,O=C1CCC(N2CC3=CC(O[C@H]4CCN(CC5=CC=CC6=NC=CN=C56)C4)=CC=C3C2=O)C(=O)N1,True,False,False,False,False,False,mgtbind_compounds.csv,mgtbind
2173,O=C1CCC(N2CC3=C(C=C(O[C@H]4CCN(CC5=CN=C6C=CC=CC6=C5)C4)C=C3)C2=O)C(=O)N1,True,False,False,False,False,False,mgtbind_compounds.csv,mgtbind
2174,O=C1CCC(N2C(=O)C3=CC=C(O[C@@H]4CCN(CC5=CC=C6N=CC=CC6=C5)C4)C=C3C2=O)C(=O)N1,True,False,False,False,False,False,mgtbind_compounds.csv,mgtbind
2175,O=C1CCC(N2C(=O)C3=CC=C(O[C@@H]4CCN(CC5=CN=C6C=CC=CC6=C5)C4)C=C3C2=O)C(=O)N1,True,False,False,False,False,False,mgtbind_compounds.csv,mgtbind
2176,O=C1CCC(N2C(=O)C3=CC=C(O[C@H]4CCN(CC5=CC=CC6=NC=CC=C56)C4)C=C3C2=O)C(=O)N1,True,False,False,False,False,False,mgtbind_compounds.csv,mgtbind
2177,O=C1CCC(N2C(=O)C3=CC=C(O[C@H]4CCN(CC5=CN=C6C=CC=CC6=C5)C4)C=C3C2=O)C(=O)N1,True,False,False,False,False,False,mgtbind_compounds.csv,mgtbind
2178,O=C1CCC(N2C(=O)C3=C(C=C(O[C@H]4CCN(CC5=CC=C6N=CC=CC6=C5)C4)C=C3)C2=O)C(=O)N1,True,False,False,False,False,False,mgtbind_compounds.csv,mgtbind
2179,O=C1CCC(N2C(=O)C3=C(C=C(O[C@@H]4CCN(CC5=C6C=CC=NC6=CC=C5)C4)C=C3)C2=O)C(=O)N1,True,False,False,False,False,False,mgtbind_compounds.csv,mgtbind
2180,O=C1CCC(N2C(=O)C3=CC=C(O[C@H]4CCN(CC5=CC=NC6=CC=CC=C56)C4)C=C3C2=O)C(=O)N1,True,False,False,False,False,False,mgtbind_compounds.csv,mgtbind
2181,O=C1CCC(N2C(=O)C3=CC=C(O[C@@H]4CCN(CC5=CC=NC6=C5C=CC=C6)C4)C=C3C2=O)C(=O)N1,True,False,False,False,False,False,mgtbind_compounds.csv,mgtbind
2182,O=C1CCC(N2CC3=C(C=C(O[C@@H]4CCN(CC5=CN=C6C=CC=CC6=C5)C4)C=C3)C2=O)C(=O)N1,True,False,False,False,False,False,mgtbind_compounds.csv,mgtbind
2183,O=C1CCC(N2CC3=C(C=CC(O[C@H]4CCN(CC5=CC6=C(C=CC=C6)NC5=O)C4)=C3)C2=O)C(=O)N1,True,False,False,False,False,False,mgtbind_compounds.csv,mgtbind
2184,O=C1CCC(N2CC3=CC(O[C@H]4CCN(CC5=CC=CC6=NC=NC=C56)C4)=CC=C3C2=O)C(=O)N1,True,False,False,False,False,False,mgtbind_compounds.csv,mgtbind
2185,O=C1CCC(N2CC3=C(C=CC(O[C@H]4CCN(CC5=CN=C6C=CC=CC6=N5)C4)=C3)C2=O)C(=O)N1,True,False,False,False,False,False,mgtbind_compounds.csv,mgtbind
2186,O=C1CCC(N2CC3=C(C=CC(O[C@H]4CCN(CC5=CC=C6N=CC(F)=CC6=C5)C4)=C3)C2=O)C(=O)N1,True,False,False,False,False,False,mgtbind_compounds.csv,mgtbind
2187,O=C1CCC(N2CC3=C(C=CC(O[C@H]4CCN(CC5=CC6=CC(F)=CC=C6N=C5)C4)=C3)C2=O)C(=O)N1,True,False,False,False,False,False,mgtbind_compounds.csv,mgtbind
2188,CC1=CC=C2N=CC(CN3CC[C@H](OC4=CC=C5C(=O)N(C6CCC(=O)NC6=O)CC5=C4)C3)=CC2=C1,True,False,False,False,False,False,mgtbind_compounds.csv,mgtbind
2189,CC1=NC2=CC=C(CN3CC[C@H](OC4=CC5=C(C=C4)C(=O)N(C4CCC(=O)NC4=O)C5)C3)C=C2C=C1,True,False,False,False,False,False,mgtbind_compounds.csv,mgtbind
2190,O=C1CCC(N2CC3=C(C=CC(O[C@H]4CCN(CC5=CN=C6C=CC=C(F)C6=C5)C4)=C3)C2=O)C(=O)N1,True,False,False,False,False,False,mgtbind_compounds.csv,mgtbind
2191,O=C1CCC(N2CC3=C(C=CC(O[C@H]4CCN(CC5=CC6=CC=CN=C6N=C5)C4)=C3)C2=O)C(=O)N1,True,False,False,False,False,False,mgtbind_compounds.csv,mgtbind
2192,CC1=NC2=CC=CC=C2C=C1CN1CC[C@H](OC2=CC=C3C(=O)N(C4CCC(=O)NC4=O)CC3=C2)C1,True,False,False,False,False,False,mgtbind_compounds.csv,mgtbind
2193,COC1=NC2=CC=CC=C2C=C1CN1CC[C@H](OC2=CC=C3C(=O)N(C4CCC(=O)NC4=O)CC3=C2)C1,True,False,False,False,False,False,mgtbind_compounds.csv,mgtbind
2194,O=C1C=CC2=C(C=CC(CN3CC[C@H](OC4=CC5=C(C=C4)C(=O)N(C4CCC(=O)NC4=O)C5)C3)=C2)N1,True,False,False,False,False,False,mgtbind_compounds.csv,mgtbind
2195,CC1=CC2=CC(CN3CC[C@H](OC4=CC5=C(C=C4)C(=O)N(C4CCC(=O)NC4=O)C5)C3)=CC=C2N=C1,True,False,False,False,False,False,mgtbind_compounds.csv,mgtbind
2196,O=C1CCC(N2CC3=CC(O[C@H]4CCN(CC5=CN=C6C=CC(F)=C(F)C6=C5)C4)=CC=C3C2=O)C(=O)N1,True,False,False,False,False,False,mgtbind_compounds.csv,mgtbind
2197,O=C1CCC(N2CC3=CC(O[C@H]4CCN(CC5=CC=C6N=CN=CC6=C5)C4)=CC=C3C2=O)C(=O)N1,True,False,False,False,False,False,mgtbind_compounds.csv,mgtbind
2198,O=C1CCC(N2CC3=C(C=CC(O[C@H]4CCN(CC5=CC6=C(C=CC=C6)C=N5)C4)=C3)C2=O)C(=O)N1,True,False,False,False,False,False,mgtbind_compounds.csv,mgtbind
2199,CC1=C(C)N=CC(CN2CC[C@H](OC3=CC4=C(C=C3)C(=O)N(C3CCC(=O)NC3=O)C4)C2)=C1,True,False,False,False,False,False,mgtbind_compounds.csv,mgtbind
2200,CC1=CC=CC2=NC=C(CN3CC[C@H](OC4=CC=C5C(=O)N(C6CCC(=O)NC6=O)CC5=C4)C3)C=C12,True,False,False,False,False,False,mgtbind_compounds.csv,mgtbind
2201,CC1=NC=CC(CN2CC[C@H](OC3=CC=C4C(=O)N(C5CCC(=O)NC5=O)CC4=C3)C2)=C1C,True,False,False,False,False,False,mgtbind_compounds.csv,mgtbind
2202,CC1=CN=CC(CN2CC[C@H](OC3=CC4=C(C=C3)C(=O)N(C3CCC(=O)NC3=O)C4)C2)=C1C,True,False,False,False,False,False,mgtbind_compounds.csv,mgtbind
2203,O=C1CCC(N2CC3=C(C=CC(O[C@H]4CCN(CC5=CC6=C(C=NC=C6)C=C5)C4)=C3)C2=O)C(=O)N1,True,False,False,False,False,False,mgtbind_compounds.csv,mgtbind
2204,O=C1CCC(N2CC3=CC(O[C@H]4CCN(CC5=CN=C6OCCCC6=C5)C4)=CC=C3C2=O)C(=O)N1,True,False,False,False,False,False,mgtbind_compounds.csv,mgtbind
2205,O=C1CCC(N2CC3=C(C=CC(O[C@H]4CCN(CC5=CN=CC(C(F)(F)F)=C5)C4)=C3)C2=O)C(=O)N1,True,False,False,False,False,False,mgtbind_compounds.csv,mgtbind
2206,O=C1CCC(N2CC3=C(C=CC(O[C@H]4CCN(CC5=CC=CC6=NC=CN56)C4)=C3)C2=O)C(=O)N1,True,False,False,False,False,False,mgtbind_compounds.csv,mgtbind
2207,O=C1CCC(N2CC3=C(C=CC(O[C@H]4CCN(CC5=CN=CC6=C5CCCO6)C4)=C3)C2=O)C(=O)N1,True,False,False,False,False,False,mgtbind_compounds.csv,mgtbind
2208,CC1=CN=C2C=CC(CN3CC[C@H](OC4=CC=C5C(=O)N(C6CCC(=O)NC6=O)CC5=C4)C3)=C(C)C2=C1,True,False,False,False,False,False,mgtbind_compounds.csv,mgtbind
2209,CC1=CC=CC2=CN=C(CN3CC[C@H](OC4=CC=C5C(=O)N(C6CCC(=O)NC6=O)CC5=C4)C3)C=C12,True,False,False,False,False,False,mgtbind_compounds.csv,mgtbind
2210,O=C1CCC(N2CC3=C(C=CC(O[C@H]4CCN(CC5=CC6=CC=CC=C6N=C5C(F)(F)F)C4)=C3)C2=O)C(=O)N1,True,False,False,False,False,False,mgtbind_compounds.csv,mgtbind
2211,CC1=C2C=CC=CC2=CC(CN2CC[C@H](OC3=CC4=C(C=C3)C(=O)N(C3CCC(=O)NC3=O)C4)C2)=N1,True,False,False,False,False,False,mgtbind_compounds.csv,mgtbind
2212,O=C1CCC(N2CC3=CC(O[C@H]4CCN(CC5=CC6=C(F)C=CC=C6C=N5)C4)=CC=C3C2=O)C(=O)N1,True,False,False,False,False,False,mgtbind_compounds.csv,mgtbind
2213,CC1=CC=C2C=C(CN3CC[C@H](OC4=CC=C5C(=O)N(C6CCC(=O)NC6=O)CC5=C4)C3)N=CC2=C1,True,False,False,False,False,False,mgtbind_compounds.csv,mgtbind
2214,O=C1CCC(N2CC3=C(C=CC(O[C@H]4CCN(CC5=NC=C6C(F)=CC=CC6=C5)C4)=C3)C2=O)C(=O)N1,True,False,False,False,False,False,mgtbind_compounds.csv,mgtbind
2215,O=C1CCC(N2CC3=C(C=C(O[C@H]4CCN(CC5=NC=C6C=CC=CC6=C5)C4)C=C3)C2=O)C(=O)N1,True,False,False,False,False,False,mgtbind_compounds.csv,mgtbind
2216,CC1=C(CN2CC[C@H](OC3=CC4=C(C=C3)CN(C3CCC(=O)NC3=O)C4=O)C2)C=C2C=CC=CC2=N1,True,False,False,False,False,False,mgtbind_compounds.csv,mgtbind
2217,O=C1CCC(N2CC3=C(C=CC(O[C@H]4CCN(CC5=NC=C6C=C(F)C=CC6=C5)C4)=C3)C2=O)C(=O)N1,True,False,False,False,False,False,mgtbind_compounds.csv,mgtbind
2218,O=C1CCC(N2CC3=C(C=C(O[C@H]4CCN(CC5=CC=C6N=CC=CC6=C5)C4)C=C3)C2=O)C(=O)N1,True,False,False,False,False,False,mgtbind_compounds.csv,mgtbind
2219,O=C1CCC(N2CC3=C(C=C(O[C@H]4CCN(CC5=CC=C6C=NC=CC6=C5)C4)C=C3)C2=O)C(=O)N1,True,False,False,False,False,False,mgtbind_compounds.csv,mgtbind
2220,O=C1CCC(N2CC3=CC(O[C@H]4CCN(CC5=CC6=CC=CC=C6N=N5)C4)=CC=C3C2=O)C(=O)N1,True,False,False,False,False,False,mgtbind_compounds.csv,mgtbind
2221,NC1=CC=CC(COC2=CC=CC(CN3CC[C@H](OC4=CC=C5C(=O)N(C6CCC(=O)NC6=O)CC5=C4)C3)=C2)=C1,True,False,False,False,False,False,mgtbind_compounds.csv,mgtbind
2222,NC1=CC(COC2=CC=CC=C2CN2CC[C@H](OC3=CC4=C(C=C3)C(=O)N(C3CCC(=O)NC3=O)C4)C2)=CC=C1,True,False,False,False,False,False,mgtbind_compounds.csv,mgtbind
2223,NCC1=CC=C(COC2=CC(CN3CC[C@H](OC4=CC5=C(C=C4)C(=O)N(C4CCC(=O)NC4=O)C5)C3)=CC=C2)C=C1,True,False,False,False,False,False,mgtbind_compounds.csv,mgtbind
2224,O=C1CCC(N2CC3=C(C=CC(O[C@H]4CCN(CC5=NC=C6C=CC=CC6=N5)C4)=C3)C2=O)C(=O)N1,True,False,False,False,False,False,mgtbind_compounds.csv,mgtbind
2225,O=C1CCC(N2CC3=CC(O[C@H]4CCN(CC5=CC6=CC=CN=C6C=N5)C4)=CC=C3C2=O)C(=O)N1,True,False,False,False,False,False,mgtbind_compounds.csv,mgtbind
2226,O=C1CCC(N2CC3=CC(O[C@H]4CCN(CC5=CC6=CN=CC=C6C=N5)C4)=CC=C3C2=O)C(=O)N1,True,False,False,False,False,False,mgtbind_compounds.csv,mgtbind
2227,CC1=CC=CC2=C1C=NC(CN1CC[C@H](OC3=CC4=C(C=C3)C(=O)N(C3CCC(=O)NC3=O)C4)C1)=C2,True,False,False,False,False,False,mgtbind_compounds.csv,mgtbind
2228,O=C1CCC(N2CC3=CC(O[C@H]4CCN(CC5=CC6=NC=CC=C6C=N5)C4)=CC=C3C2=O)C(=O)N1,True,False,False,False,False,False,mgtbind_compounds.csv,mgtbind
2229,CC1=NC=C2C=CC(CN3CC[C@H](OC4=CC=C5C(=O)N(C6CCC(=O)NC6=O)CC5=C4)C3)=CC2=N1,True,False,False,False,False,False,mgtbind_compounds.csv,mgtbind
2230,NCC1=CC=C(COC2=CC=CC=C2CN2CC[C@H](OC3=CC4=C(C=C3)C(=O)N(C3CCC(=O)NC3=O)C4)C2)C=C1,True,False,False,False,False,False,mgtbind_compounds.csv,mgtbind
2231,NCC1=CC=CC=C1COC1=CC=CC=C1CN1CC[C@H](OC2=CC3=C(C=C2)C(=O)N(C2CCC(=O)NC2=O)C3)C1,True,False,False,False,False,False,mgtbind_compounds.csv,mgtbind
2232,NCC1=CC=CC=C1COC1=CC=CC(CN2CC[C@H](OC3=CC=C4C(=O)N(C5CCC(=O)NC5=O)CC4=C3)C2)=C1,True,False,False,False,False,False,mgtbind_compounds.csv,mgtbind
2233,NCC1=CC=CC(COC2=CC=CC(CN3CC[C@H](OC4=CC=C5C(=O)N(C6CCC(=O)NC6=O)CC5=C4)C3)=C2)=C1,True,False,False,False,False,False,mgtbind_compounds.csv,mgtbind
2234,O=C1CCC(N2CC3=CC(O[C@H]4CCN(CC5=CC6=CC=NC=C6C=N5)C4)=CC=C3C2=O)C(=O)N1,True,False,False,False,False,False,mgtbind_compounds.csv,mgtbind
2235,O=C1CCC(N2CC3=CC(O[C@H]4CCN(CC5=CC=C6C=NC=CC6=N5)C4)=CC=C3C2=O)C(=O)N1,True,False,False,False,False,False,mgtbind_compounds.csv,mgtbind
2236,NCC1=CC=CC(COC2=CC=CC=C2CN2CC[C@H](OC3=CC=C4C(=O)N(C5CCC(=O)NC5=O)CC4=C3)C2)=C1,True,False,False,False,False,False,mgtbind_compounds.csv,mgtbind
2237,O=C1CCC(N2CC3=C(C=CC(O[C@H]4CCN(CC5=CC=C6N=CC(F)=CC6=C5F)C4)=C3)C2=O)C(=O)N1,True,False,False,False,False,False,mgtbind_compounds.csv,mgtbind
2238,O=C1CC[C@H](N2CC3=CC(O[C@H]4CCN(CC5=CC=C6N=CC=CC6=C5)C4)=CC=C3C2=O)C(=O)N1,True,False,False,False,False,False,mgtbind_compounds.csv,mgtbind
2239,O=C1CCC(N2CC3=CC(O[C@H]4CCN(CC5=CN=C6C=NC=CC6=C5)C4)=CC=C3C2=O)C(=O)N1,True,False,False,False,False,False,mgtbind_compounds.csv,mgtbind
2240,O=C1CCC(N2CC3=C(C=CC(O[C@H]4CCN(CC5=CC=C6N=C(Cl)C=CC6=C5)C4)=C3)C2=O)C(=O)N1,True,False,False,False,False,False,mgtbind_compounds.csv,mgtbind
2241,O=C1CC[C@@H](N2CC3=C(C=CC(O[C@H]4CCN(CC5=CC=C6N=CC=CC6=C5)C4)=C3)C2=O)C(=O)N1,True,False,False,False,False,False,mgtbind_compounds.csv,mgtbind
2242,CC(C1=CC2=CC=CC=C2N=C1)N1CC[C@@H](OC2=CC3=C(C=C2)C(=O)N(C2CCC(=O)NC2=O)C3)C1,True,False,False,False,False,False,mgtbind_compounds.csv,mgtbind
2243,CC1=NC2=CC=C(CN3CC[C@H](OC4=CC5=C(C=C4)C(=O)N(C4CCC(=O)NC4=O)C5)C3)C=C2C(Cl)=C1,True,False,False,False,False,False,mgtbind_compounds.csv,mgtbind
2244,N#CC1=NC2=CC=C(CN3CC[C@H](OC4=CC5=C(C=C4)C(=O)N(C4CCC(=O)NC4=O)C5)C3)C=C2C=C1,True,False,False,False,False,False,mgtbind_compounds.csv,mgtbind
2245,O=C1CCC(N2CC3=C(C=CC(O[C@H]4CCN(CC5=CC6=CC=NN=C6C=C5)C4)=C3)C2=O)C(=O)N1,True,False,False,False,False,False,mgtbind_compounds.csv,mgtbind
2246,CC1=CC(C#N)=C2C=C(CN3CC[C@H](OC4=CC=C5C(=O)N(C6CCC(=O)NC6=O)CC5=C4)C3)C=CC2=N1,True,False,False,False,False,False,mgtbind_compounds.csv,mgtbind
2247,CC1=CC=C2C=C(CN3CC[C@H](OC4=CC=C5C(=O)N(C6CCC(=O)NC6=O)CC5=C4)C3)C=C(F)C2=N1,True,False,False,False,False,False,mgtbind_compounds.csv,mgtbind
2248,COC1=CC(C)=NC2=CC=C(CN3CC[C@H](OC4=CC5=C(C=C4)C(=O)N(C4CCC(=O)NC4=O)C5)C3)C=C21,True,False,False,False,False,False,mgtbind_compounds.csv,mgtbind
2249,CC1=NC2=C(C)C=C(CN3CC[C@H](OC4=CC5=C(C=C4)C(=O)N(C4CCC(=O)NC4=O)C5)C3)C=C2C=C1,True,False,False,False,False,False,mgtbind_compounds.csv,mgtbind
2250,CC1=NC2=CC=C(CN3CC[C@H](OC4=CC=C5C(=O)N(C6CCC(=O)NC6=O)CC5=C4)C3)C=C2C=C1F,True,False,False,False,False,False,mgtbind_compounds.csv,mgtbind
2251,O=C1CCC(N2CC3=CC(O[C@H]4CCN(CC5=CC=C6N=C(C(F)(F)F)C=CC6=C5)C4)=CC=C3C2=O)C(=O)N1,True,False,False,False,False,False,mgtbind_compounds.csv,mgtbind
2252,CCC1=NC2=CC=C(CN3CC[C@H](OC4=CC5=C(C=C4)C(=O)N(C4CCC(=O)NC4=O)C5)C3)C=C2C=C1,True,False,False,False,False,False,mgtbind_compounds.csv,mgtbind
2253,O=C1CCC(N2CC3=C(C=CC(O[C@H]4CCN(CC5=CC=C6N=C(CO)C=CC6=C5)C4)=C3)C2=O)C(=O)N1,True,False,False,False,False,False,mgtbind_compounds.csv,mgtbind
2254,NC(=O)C1=NC2=CC=C(CN3CC[C@H](OC4=CC5=C(C=C4)C(=O)N(C4CCC(=O)NC4=O)C5)C3)C=C2C=C1,True,False,False,False,False,False,mgtbind_compounds.csv,mgtbind
2255,CNC(=O)C1=CC=C2C=C(CN3CC[C@H](OC4=CC=C5C(=O)N(C6CCC(=O)NC6=O)CC5=C4)C3)C=CC2=N1,True,False,False,False,False,False,mgtbind_compounds.csv,mgtbind
2256,O=C1CCC(N2CC3=CC(O[C@H]4CCN(CC5=CC=C6N=C(CF)C=CC6=C5)C4)=CC=C3C2=O)C(=O)N1,True,False,False,False,False,False,mgtbind_compounds.csv,mgtbind
2257,CC1=NC2=CC=C(CN3CC[C@H](OC4=CC5=C(C=C4)C(=O)N(C4CCC(=O)NC4=O)C5)C3)C(F)=C2C=C1,True,False,False,False,False,False,mgtbind_compounds.csv,mgtbind
2258,CN(C)C1=NC2=CC=C(CN3CC[C@H](OC4=CC5=C(C=C4)C(=O)N(C4CCC(=O)NC4=O)C5)C3)C=C2C=C1,True,False,False,False,False,False,mgtbind_compounds.csv,mgtbind
2259,CNC1=NC2=CC=C(CN3CC[C@H](OC4=CC5=C(C=C4)C(=O)N(C4CCC(=O)NC4=O)C5)C3)C=C2C=C1,True,False,False,False,False,False,mgtbind_compounds.csv,mgtbind
2260,CC1=CC(F)=C2C=C(CN3CC[C@H](OC4=CC=C5C(=O)N(C6CCC(=O)NC6=O)CC5=C4)C3)C=CC2=N1,True,False,False,False,False,False,mgtbind_compounds.csv,mgtbind
2261,CC1=NC2=CC=C(CN3CC[C@H](OC4=CC5=C(C=C4)C(=O)N(C4(C)CCC(=O)NC4=O)C5)C3)C=C2C=C1,True,False,False,False,False,False,mgtbind_compounds.csv,mgtbind
2262,CN(C)C(=O)C1=NC2=CC=C(CN3CC[C@H](OC4=CC5=C(C=C4)C(=O)N(C4CCC(=O)NC4=O)C5)C3)C=C2C=C1,True,False,False,False,False,False,mgtbind_compounds.csv,mgtbind
2263,CC1=NC2=CC=C(CN3CC[C@H](OC4=CC5=C(C=C4)C(=O)N(C4CCC(=O)NC4=O)C5)C3)C=C2C(O)=C1,True,False,False,False,False,False,mgtbind_compounds.csv,mgtbind
2264,CC1=NC=C2C=C(CN3CC[C@H](OC4=CC=C5C(=O)N(C6CCC(=O)NC6=O)CC5=C4)C3)C=CC2=N1,True,False,False,False,False,False,mgtbind_compounds.csv,mgtbind
2265,COCC1=CC=C2C=C(CN3CC[C@H](OC4=CC=C5C(=O)N(C6CCC(=O)NC6=O)CC5=C4)C3)C=CC2=N1,True,False,False,False,False,False,mgtbind_compounds.csv,mgtbind
2266,N#CC1=NC2=CC=CC=C2C=C1CN1CC[C@H](OC2=CC3=C(C=C2)C(=O)N(C2CCC(=O)NC2=O)C3)C1,True,False,False,False,False,False,mgtbind_compounds.csv,mgtbind
2267,CC(C)(O)C1=NC2=CC=C(CN3CC[C@H](OC4=CC5=C(C=C4)C(=O)N(C4CCC(=O)NC4=O)C5)C3)C=C2C=C1,True,False,False,False,False,False,mgtbind_compounds.csv,mgtbind
2268,CC1=NC2=CC=C(CN3C[C@@H](OC4=CC5=C(C=C4)C(=O)N(C4CCC(=O)NC4=O)C5)C[C@H]3C)C=C2C=C1,True,False,False,False,False,False,mgtbind_compounds.csv,mgtbind
2269,CC1=NC2=CC=C(CN3C[C@@H](OC4=CC5=C(C=C4)C(=O)N(C4CCC(=O)NC4=O)C5)C[C@@H]3C)C=C2C=C1,True,False,False,False,False,False,mgtbind_compounds.csv,mgtbind
2270,[H]C(F)(F)C1=NC2=CC=C(CN3CC[C@H](OC4=CC5=C(C=C4)C(=O)N(C4CCC(=O)NC4=O)C5)C3)C=C2C=C1,True,False,False,False,False,False,mgtbind_compounds.csv,mgtbind
2271,O=C1CCC(N2CC3=C(C=CC(O[C@H]4CCN(CC5=CC=C6N=C(C7CC7)C=CC6=C5)C4)=C3)C2=O)C(=O)N1,True,False,False,False,False,False,mgtbind_compounds.csv,mgtbind
2272,CC(C)(C)C1=NC2=CC=C(CN3CC[C@H](OC4=CC=C5C(=O)N(C6CCC(=O)NC6=O)CC5=C4)C3)C=C2C=C1,True,False,False,False,False,False,mgtbind_compounds.csv,mgtbind
2273,CC1=NC2=CC=C(CN3C[C@@H](C)[C@H](OC4=CC5=C(C=C4)C(=O)N(C4CCC(=O)NC4=O)C5)C3)C=C2C=C1,True,False,False,False,False,False,mgtbind_compounds.csv,mgtbind
2274,O=C1CCC(N2CC3=C(C=CC(O[C@H]4CCN(CC5=CC=C6N=C(CC(F)(F)F)C=CC6=C5)C4)=C3)C2=O)C(=O)N1,True,False,False,False,False,False,mgtbind_compounds.csv,mgtbind
2275,O=C1CCC(N2CC3=C(C=CC(O[C@H]4CCN(CC5=CC=C6N=C(C7COC7)C=CC6=C5)C4)=C3)C2=O)C(=O)N1,True,False,False,False,False,False,mgtbind_compounds.csv,mgtbind
2276,O=C1CCC(N2CC3=C(C=CC(O[C@H]4CCN(CC5=CC=C6N=CC(C(F)(F)F)=CC6=C5)C4)=C3)C2=O)C(=O)N1,True,False,False,False,False,False,mgtbind_compounds.csv,mgtbind
2277,O=C1CCC(N2CC3=CC(O[C@H]4CCN(CC5=CC=C6N=CC(C(F)F)=CC6=C5)C4)=CC=C3C2=O)C(=O)N1,True,False,False,False,False,False,mgtbind_compounds.csv,mgtbind
2278,N#CC1=NC2=CC=C(CN3CC[C@H](OC4=CC=C5C(=O)N(C6CCC(=O)NC6=O)CC5=C4)C3)C=C2C=C1F,True,False,False,False,False,False,mgtbind_compounds.csv,mgtbind
2279,CC1=NC2=CC=C(CN3CC[C@H](OC4=CC5=C(C=C4)C(=O)N(C4CCC(=O)NC4=O)C5)[C@@H]3C)C=C2C=C1,True,False,False,False,False,False,mgtbind_compounds.csv,mgtbind
2280,N#CC1=NC2=CC=C(CN3CC[C@H](OC4=C(F)C5=C(C=C4)C(=O)N(C4CCC(=O)NC4=O)C5)C3)C=C2C=C1,True,False,False,False,False,False,mgtbind_compounds.csv,mgtbind
2281,N#CC1=CC=C2C=C(CN3CC[C@H](OC4=CC(F)=C5C(=O)N(C6CCC(=O)NC6=O)CC5=C4)C3)C=CC2=N1,True,False,False,False,False,False,mgtbind_compounds.csv,mgtbind
2282,N#CC1=CC=C2C=C(CN3CC[C@H](OC4=CC5=C(C=C4F)C(=O)N(C4CCC(=O)NC4=O)C5)C3)C=CC2=N1,True,False,False,False,False,False,mgtbind_compounds.csv,mgtbind
2283,CC1=NC2=CC=C(CN3C[C@H](C)[C@H](OC4=CC5=C(C=C4)C(=O)N(C4CCC(=O)NC4=O)C5)C3)C=C2C=C1,True,False,False,False,False,False,mgtbind_compounds.csv,mgtbind
2284,O=C1CCC(N2CC3=C(C=CC(O[C@H]4CCN(CC5=CC=C6N=C(CC(F)F)C=CC6=C5)C4)=C3)C2=O)C(=O)N1,True,False,False,False,False,False,mgtbind_compounds.csv,mgtbind
2285,CC1=NC2=CC=C(CN3CC[C@H](OC4=CC5=C(C=C4)C(=O)N(C4CCC(=O)NC4=O)C5)[C@H]3C)C=C2C=C1,True,False,False,False,False,False,mgtbind_compounds.csv,mgtbind
2286,COC1=CC=C2C=C(CN3CC[C@H](OC4=CC=C5C(=O)N(C6CCC(=O)NC6=O)CC5=C4)C3)C=CC2=N1,True,False,False,False,False,False,mgtbind_compounds.csv,mgtbind
2287,CN1CCN(C2=CC=C3C=C(CN4CC[C@H](OC5=CC=C6C(=O)N(C7CCC(=O)NC7=O)CC6=C5)C4)C=CC3=N2)CC1,True,False,False,False,False,False,mgtbind_compounds.csv,mgtbind
2288,O=C1CCC(N2CC3=C(C=CC(O[C@H]4CCN(CC5=CC=C6N=C(N7CCCC7)C=CC6=C5)C4)=C3)C2=O)C(=O)N1,True,False,False,False,False,False,mgtbind_compounds.csv,mgtbind
2289,O=C1CCC(N2CC3=C(C=CC(O[C@H]4CCN(CC5=CC=C6N=C(N7CCOCC7)C=CC6=C5)C4)=C3)C2=O)C(=O)N1,True,False,False,False,False,False,mgtbind_compounds.csv,mgtbind
2290,O=C1CCC(N2CC3=C(C=CC(O[C@H]4CCN(CC5=CC=C6N=C(C7CCOCC7)C=CC6=C5)C4)=C3)C2=O)C(=O)N1,True,False,False,False,False,False,mgtbind_compounds.csv,mgtbind
2291,CN1N=CC2=CC(CN3CC[C@H](OC4=CC=C5C(=O)N(C6CCC(=O)NC6=O)CC5=C4)C3)=CC=C21,True,False,False,False,False,False,mgtbind_compounds.csv,mgtbind
2292,CN1C=C2C=C(CN3CC[C@H](OC4=CC=C5C(=O)N(C6CCC(=O)NC6=O)CC5=C4)C3)C=CC2=N1,True,False,False,False,False,False,mgtbind_compounds.csv,mgtbind
2293,O=C1CCC(N2CC3=C(C=CC(O[C@H]4CCN(CC5=CC6=C(C=N5)OCCC6)C4)=C3)C2=O)C(=O)N1,True,False,False,False,False,False,mgtbind_compounds.csv,mgtbind
2294,CN1CCC(C2=CC=C3C=C(CN4CC[C@H](OC5=CC=C6C(=O)N(C7CCC(=O)NC7=O)CC6=C5)C4)C=CC3=N2)CC1,True,False,False,False,False,False,mgtbind_compounds.csv,mgtbind
2295,O=C1CCC(N2CC3=C(C=CC(O[C@H]4CCN(CC5=CC=C6N=C([C@H]7CCOC7)C=CC6=C5)C4)=C3)C2=O)C(=O)N1,True,False,False,False,False,False,mgtbind_compounds.csv,mgtbind
2296,O=C1CCC(N2CC3=CC(O[C@H]4CCN(CC5=CC=C6C=CC(=O)OC6=C5)C4)=CC=C3C2=O)C(=O)N1,True,False,False,False,False,False,mgtbind_compounds.csv,mgtbind
2297,O=C1CCC(N2CC3=CC(O[C@H]4CCN(CC5=CC=C6OCC(=O)NC6=C5)C4)=CC=C3C2=O)C(=O)N1,True,False,False,False,False,False,mgtbind_compounds.csv,mgtbind
2298,CN1C(=O)COC2C=CC(CN3CC[C@H](OC4=CC5=C(C=C4)C(=O)N(C4CCC(=O)NC4=O)C5)C3)=CC21,True,False,False,False,False,False,mgtbind_compounds.csv,mgtbind
2299,CN1CC(=O)OC2=CC(CN3CC[C@H](OC4=CC5=C(C=C4)C(=O)N(C4CCC(=O)NC4=O)C5)C3)=CC=C21,True,False,False,False,False,False,mgtbind_compounds.csv,mgtbind
2300,CN1CCC2=CC(CN3CC[C@H](OC4=CC=C5C(=O)N(C6CCC(=O)NC6=O)CC5=C4)C3)=CN=C2C1,True,False,False,False,False,False,mgtbind_compounds.csv,mgtbind
2301,CN1CCC2=NC=C(CN3CC[C@H](OC4=CC=C5C(=O)N(C6CCC(=O)NC6=O)CC5=C4)C3)C=C2C1,True,False,False,False,False,False,mgtbind_compounds.csv,mgtbind
2302,O=C1CCC(N2CC3=C(C=CC(O[C@H]4CCN(CC5=CC=C6NCCCC6=C5)C4)=C3)C2=O)C(=O)N1,True,False,False,False,False,False,mgtbind_compounds.csv,mgtbind
2303,O=C1CCC(N2CC3=C(C=CC(O[C@H]4CCN(CC5=NC=C6OCCC6=C5)C4)=C3)C2=O)C(=O)N1,True,False,False,False,False,False,mgtbind_compounds.csv,mgtbind
2304,O=C1CCC(N2CC3=CC(O[C@H]4CCN(CC5=CC=C6NCC(=O)OC6=C5)C4)=CC=C3C2=O)C(=O)N1,True,False,False,False,False,False,mgtbind_compounds.csv,mgtbind
2305,O=C1CCC(N2CC3=CC(O[C@H]4CCN(CC5=CN=C6CCOCC6=C5)C4)=CC=C3C2=O)C(=O)N1,True,False,False,False,False,False,mgtbind_compounds.csv,mgtbind
2306,O=C1CCC(N2CC3=C(C=CC(O[C@H]4CCN(CC5=CN=C6OCCC6=C5)C4)=C3)C2=O)C(=O)N1,True,False,False,False,False,False,mgtbind_compounds.csv,mgtbind
2307,O=C1CCC(N2CC3=C(C=CC(O[C@H]4CCN(CC5=C6CCOCC6=NC=C5)C4)=C3)C2=O)C(=O)N1,True,False,False,False,False,False,mgtbind_compounds.csv,mgtbind
2308,O=C1CCC(N2CC3=CC(O[C@H]4CCN(CC5=CC=NC6=C5CCCO6)C4)=CC=C3C2=O)C(=O)N1,True,False,False,False,False,False,mgtbind_compounds.csv,mgtbind
2309,CN1CC[C@H](C2=CC=C3C=C(CN4CC[C@H](OC5=CC=C6C(=O)N(C7CCC(=O)NC7=O)CC6=C5)C4)C=CC3=N2)C1,True,False,False,False,False,False,mgtbind_compounds.csv,mgtbind
2310,CN1CC[C@@H](C2=NC3=CC=C(CN4CC[C@H](OC5=CC6=C(C=C5)C(=O)N(C5CCC(=O)NC5=O)C6)C4)C=C3C=C2)C1,True,False,False,False,False,False,mgtbind_compounds.csv,mgtbind
2311,CN1CC(C2=CC=C3C=C(CN4CC[C@H](OC5=CC=C6C(=O)N(C7CCC(=O)NC7=O)CC6=C5)C4)C=CC3=N2)C1,True,False,False,False,False,False,mgtbind_compounds.csv,mgtbind
2312,O=C1CCC(N2CC3=CC(O[C@H]4CCN(CC5=NC=CC6=C5CCCO6)C4)=CC=C3C2=O)C(=O)N1,True,False,False,False,False,False,mgtbind_compounds.csv,mgtbind
2313,O=C1CCC(N2CC3=CC(O[C@H]4CCN(CC5=CC=C6N=C(N7CCOCC7)N=CC6=C5)C4)=CC=C3C2=O)C(=O)N1,True,False,False,False,False,False,mgtbind_compounds.csv,mgtbind
2314,O=C1CCC(N2CC3=C(C=CC(O[C@H]4CCN(CC5=CN=C6COCCC6=C5)C4)=C3)C2=O)C(=O)N1,True,False,False,False,False,False,mgtbind_compounds.csv,mgtbind
2315,O=C1CCC(N2CC3=C(C=CC(O[C@H]4CCN(CC5=NC6=CC=CC=C6C=C5)C4)=C3)C2=O)C(=O)N1,True,False,False,False,False,False,mgtbind_compounds.csv,mgtbind
2316,CN1CCCC2=CC(CN3CC[C@H](OC4=CC=C5C(=O)N(C6CCC(=O)NC6=O)CC5=C4)C3)=CN=C21,True,False,False,False,False,False,mgtbind_compounds.csv,mgtbind
2317,N#CC1=NC=C2C=C(CN3CC[C@H](OC4=CC=C5C(=O)N(C6CCC(=O)NC6=O)CC5=C4)C3)C=CC2=N1,True,False,False,False,False,False,mgtbind_compounds.csv,mgtbind
2318,CNC1=NC=C2C=C(CN3CC[C@H](OC4=CC5=C(C=C4)C(=O)N(C4CCC(=O)NC4=O)C5)C3)C=CC2=N1,True,False,False,False,False,False,mgtbind_compounds.csv,mgtbind
2319,O=C1CCC(N2CC3=C(C=CC(O[C@H]4CCN(CC5=CC=C6N=CC=NC6=C5)C4)=C3)C2=O)C(=O)N1,True,False,False,False,False,False,mgtbind_compounds.csv,mgtbind
2320,O=C1CCC(N2CC3=C(C=CC(O[C@H]4CCN(CC5=NC6=NC=CC=C6C=C5)C4)=C3)C2=O)C(=O)N1,True,False,False,False,False,False,mgtbind_compounds.csv,mgtbind
2321,O=C1CCC(N2CC3=CC(O[C@H]4CCN(CC5=CC=C6C=CC=NC6=C5)C4)=CC=C3C2=O)C(=O)N1,True,False,False,False,False,False,mgtbind_compounds.csv,mgtbind
2322,O=C1CCC(N2CC3=CC(O[C@H]4CCN(CC5=CC=C6C=CN=CC6=C5)C4)=CC=C3C2=O)C(=O)N1,True,False,False,False,False,False,mgtbind_compounds.csv,mgtbind
2323,O=C1CCC(N2CC3=C(C=CC(O[C@H]4CCN(CC5=CC6=NC=CC=C6N=C5)C4)=C3)C2=O)C(=O)N1,True,False,False,False,False,False,mgtbind_compounds.csv,mgtbind
2324,O=C1CCC(N2CC3=C(C=CC(O[C@H]4CCN(CC5=NC6=CC=CN=C6C=C5)C4)=C3)C2=O)C(=O)N1,True,False,False,False,False,False,mgtbind_compounds.csv,mgtbind
2325,CN1CC2C(=C(CN3C[C@@H](OC4C=C5CN(C(=O)C5=CC=4)C4C(=O)NC(=O)CC4)CC3)C=NC=2)CC1,True,False,False,False,False,False,mgtbind_compounds.csv,mgtbind
2326,CN1CCCC2=C(CN3CC[C@H](OC4=CC=C5C(=O)N(C6CCC(=O)NC6=O)CC5=C4)C3)C=NC=C21,True,False,False,False,False,False,mgtbind_compounds.csv,mgtbind
2327,O=C1CCC(N2CC3=C(C=CC(O[C@H]4CCN(CC5=CC6=CN=C(C(F)(F)F)N=C6C=C5)C4)=C3)C2=O)C(=O)N1,True,False,False,False,False,False,mgtbind_compounds.csv,mgtbind
2328,O=C1CCC(N2CC3=C(C=CC(O[C@H]4CCN(CC5=CC6=C(C=NN=C6)C=C5)C4)=C3)C2=O)C(=O)N1,True,False,False,False,False,False,mgtbind_compounds.csv,mgtbind
2329,COC1CCC(NC2=CC=C3C=C(CN4CC[C@H](OC5=CC=C6C(=O)N(C7CCC(=O)NC7=O)CC6=C5)C4)C=CC3=N2)CC1,True,False,False,False,False,False,mgtbind_compounds.csv,mgtbind
2330,O=C1CCC(N2CC3=CC(O[C@H]4CCN(CC5=CC=C6N=C(N7CCC7)C=CC6=C5)C4)=CC=C3C2=O)C(=O)N1,True,False,False,False,False,False,mgtbind_compounds.csv,mgtbind
2331,CNC(=O)C1=NC=C2C=C(CN3CC[C@H](OC4=CC5=C(C=C4)C(=O)N(C4CCC(=O)NC4=O)C5)C3)C=CC2=N1,True,False,False,False,False,False,mgtbind_compounds.csv,mgtbind
2332,C[C@]1(OC2=CC=C3C(=O)N(C4CCC(=O)NC4=O)CC3=C2)CCN(CC2=CC=C3N=C(C#N)C=CC3=C2)C1,True,False,False,False,False,False,mgtbind_compounds.csv,mgtbind
2333,O=C1CCC(N2CC3=CC(O[C@H]4CCN(CC5=CC6=CC=C(N7CCOCC7)C=C6C=N5)C4)=CC=C3C2=O)C(=O)N1,True,False,False,False,False,False,mgtbind_compounds.csv,mgtbind
2334,COCC1=CN=C2C=CC(CN3CC[C@H](OC4=CC=C5C(=O)N(C6CCC(=O)NC6=O)CC5=C4)C3)=CC2=C1,True,False,False,False,False,False,mgtbind_compounds.csv,mgtbind
2335,O=C1CCC(N2CC3=C(C=CC(O[C@H]4CCN(CC5=CC=C6N=C(N7CCCC7=O)C=CC6=C5)C4)=C3)C2=O)C(=O)N1,True,False,False,False,False,False,mgtbind_compounds.csv,mgtbind
2336,N#CC1=CC2=CC(CN3CC[C@H](OC4=CC5=C(C=C4)C(=O)N(C4CCC(=O)NC4=O)C5)C3)=CC=C2N=C1,True,False,False,False,False,False,mgtbind_compounds.csv,mgtbind
2337,COC1=CN=C2C=CC(CN3CC[C@H](OC4=CC=C5C(=O)N(C6CCC(=O)NC6=O)CC5=C4)C3)=CC2=C1,True,False,False,False,False,False,mgtbind_compounds.csv,mgtbind
2338,O=C1CCC(N2CC3=CC(O[C@H]4CCN(CC5=CC=C6N=CC(N7CCOCC7)=CC6=C5)C4)=CC=C3C2=O)C(=O)N1,True,False,False,False,False,False,mgtbind_compounds.csv,mgtbind
2339,"C1CN(CC2=[C@H]C=[C@]3C(C=CC(=N3)N3CC(OC)C3)=[C@H]2)C[C@H]1OC1=[C@@H]C2=C(C(=O)N(C2)C2CCC(=O)NC2=O)C=[C@H]1 |&1:5,7,19,21,24,40,r|",True,False,False,False,False,False,mgtbind_compounds.csv,mgtbind
2340,N#CC1=CC2=C(C=C1)C=C(CN1CC[C@H](OC3=CC4=C(C=C3)C(=O)N(C3CCC(=O)NC3=O)C4)C1)N=C2,True,False,False,False,False,False,mgtbind_compounds.csv,mgtbind
2341,CNC1=CC=C2C=C(CN3CC[C@H](OC4=CC=C5C(=O)N(C6CCC(=O)NC6=O)CC5=C4)C3)N=CC2=C1,True,False,False,False,False,False,mgtbind_compounds.csv,mgtbind
2342,CNC1=CN=C2C=CC(CN3CC[C@H](OC4=CC=C5C(=O)N(C6CCC(=O)NC6=O)CC5=C4)C3)=CC2=C1,True,False,False,False,False,False,mgtbind_compounds.csv,mgtbind
2343,O=C1CCC(N2CC3=C(C=CC(O[C@H]4CCN(CC5=CC6=C(C=C(C(F)(F)F)C=C6)C=N5)C4)=C3)C2=O)C(=O)N1,True,False,False,False,False,False,mgtbind_compounds.csv,mgtbind
2344,CNC(=O)C1=CC2=C(C=C(CN3CC[C@H](OC4=CC5=C(C=C4)C(=O)N(C4CCC(=O)NC4=O)C5)C3)N=C2)C=C1,True,False,False,False,False,False,mgtbind_compounds.csv,mgtbind
2345,COCC1=NC=C2C=C(CN3CC[C@H](OC4=CC=C5C(=O)N(C6CCC(=O)NC6=O)CC5=C4)C3)C=CC2=N1,True,False,False,False,False,False,mgtbind_compounds.csv,mgtbind
2346,O=C1CCC(N2CC3=CC(O[C@H]4CCN(CC5=CC=C6N=CC(C7COC7)=CC6=C5)C4)=CC=C3C2=O)C(=O)N1,True,False,False,False,False,False,mgtbind_compounds.csv,mgtbind
2347,O=C1CCC(N2CC3=C(C=CC(O[C@H]4CCN(CC5=CC6=CN=C(C7COC7)N=C6C=C5)C4)=C3)C2=O)C(=O)N1,True,False,False,False,False,False,mgtbind_compounds.csv,mgtbind
2348,O=C1CCC(N2CC3=CC(O[C@H]4CCN(CC5=CC6=CC=C(C7CCOCC7)C=C6C=N5)C4)=CC=C3C2=O)C(=O)N1,True,False,False,False,False,False,mgtbind_compounds.csv,mgtbind
2349,O=C1CCC(N2CC3=CC(O[C@H]4CCN(CC5=CC=C6N=C(N7CC[C@H](O)C7)C=CC6=C5)C4)=CC=C3C2=O)C(=O)N1,True,False,False,False,False,False,mgtbind_compounds.csv,mgtbind
2350,CO[C@H]1CCN(C2=CC=C3C=C(CN4CC[C@H](OC5=CC=C6C(=O)N(C7CCC(=O)NC7=O)CC6=C5)C4)C=CC3=N2)C1,True,False,False,False,False,False,mgtbind_compounds.csv,mgtbind
2351,CO[C@H]1CC[C@@H](NC2=NC3=CC=C(CN4CC[C@H](OC5=CC6=C(C=C5)C(=O)N(C5CCC(=O)NC5=O)C6)C4)C=C3C=C2)CC1,True,False,False,False,False,False,mgtbind_compounds.csv,mgtbind
2352,CC#CC1=NC2=CC=C(CN3CC[C@H](OC4=CC5=C(C=C4)C(=O)N(C4CCC(=O)NC4=O)C5)C3)C=C2C=C1,True,False,False,False,False,False,mgtbind_compounds.csv,mgtbind
2353,O=C1CCC(N2CC3=C(C=CC(O[C@@H]4CCN(CC5=CC6=CN=C([C@@H]7CCOC7)N=C6C=C5)C4)=C3)C2=O)C(=O)N1,True,False,False,False,False,False,mgtbind_compounds.csv,mgtbind
2354,O=C1CCC(N2CC3=CC(O[C@H]4CCN(CC5=CC=C6N=C(N7CC[C@@H](O)C7)C=CC6=C5)C4)=CC=C3C2=O)C(=O)N1,True,False,False,False,False,False,mgtbind_compounds.csv,mgtbind
2355,O=C1CCC(N2CC3=CC(O[C@H]4CCN(CC5=CC=C6N=C([C@@H]7CCOC7)C=CC6=C5)C4)=CC=C3C2=O)C(=O)N1,True,False,False,False,False,False,mgtbind_compounds.csv,mgtbind
2356,O=C1CCC(N2CC3=C(C=CC(O[C@H]4CCN(CC5=CC=C6N=C(N7CC(O)C7)C=CC6=C5)C4)=C3)C2=O)C(=O)N1,True,False,False,False,False,False,mgtbind_compounds.csv,mgtbind
2357,O=C1CCC(N2CC3=C(C=CC(O[C@H]4CCN(CC5=CC=C6N=C([C@H]7CCCOC7)C=CC6=C5)C4)=C3)C2=O)C(=O)N1,True,False,False,False,False,False,mgtbind_compounds.csv,mgtbind
2358,CC1(C)CC(C2=NC3=CC=C(CN4CC[C@H](OC5=CC6=C(C=C5)C(=O)N(C5CCC(=O)NC5=O)C6)C4)C=C3C=C2)CCO1,True,False,False,False,False,False,mgtbind_compounds.csv,mgtbind
2359,O=C1CCC(N2CC3=CC(O[C@H]4CCN(CC5=CC=C6N=C(C7CCOCC7)N=CC6=C5)C4)=CC=C3C2=O)C(=O)N1,True,False,False,False,False,False,mgtbind_compounds.csv,mgtbind
2360,O=C1CCC(N2CC3=CC(O[C@H]4CCN(CC5=CC=C6N=C(N7CCC(O)CC7)C=CC6=C5)C4)=CC=C3C2=O)C(=O)N1,True,False,False,False,False,False,mgtbind_compounds.csv,mgtbind
2361,"COC1CCN(C2=NC3=CC=C(C=C3C=C2)CN2CC[C@H](OC3=[C@H]C4=C(C(=O)N(C4)C4CCC(=O)NC4=O)C=[C@@H]3)C2)CC1 |&1:20,23,39,r|",True,False,False,False,False,False,mgtbind_compounds.csv,mgtbind
2362,CC#CC1=NC=C2C=C(CN3CC[C@H](OC4=CC5=C(C=C4)C(=O)N(C4CCC(=O)NC4=O)C5)C3)C=CC2=N1,True,False,False,False,False,False,mgtbind_compounds.csv,mgtbind
2363,"C1CN(CC2=[C@H]C=[C@]3C(C=CC(=N3)N3CC[C@@H](OC)C3)=[C@H]2)C[C@H]1OC1=[C@@H]C2=C(C(=O)N(C2)C2CCC(=O)NC2=O)C=[C@H]1 |&1:5,7,16,20,22,25,41,r|",True,False,False,False,False,False,mgtbind_compounds.csv,mgtbind
2364,O=C1CCC(N2CC3=CC(O[C@H]4CCN(CC5=CC=C6N=C(OC7CCOCC7)C=CC6=C5)C4)=CC=C3C2=O)C(=O)N1,True,False,False,False,False,False,mgtbind_compounds.csv,mgtbind
2365,O=C1CCC(N2CC3=CC(O[C@H]4CCN(CC5=CC=C6N=C([C@@H]7CCCOC7)C=CC6=C5)C4)=CC=C3C2=O)C(=O)N1,True,False,False,False,False,False,mgtbind_compounds.csv,mgtbind
2366,"CO[C@H]1CCCN(C2=NC3=CC=C(C=C3C=C2)CN2CC[C@H](OC3=[C@H]C4=C(C(=O)N(C4)C4CCC(=O)NC4=O)C=[C@@H]3)C2)C1 |&1:2,21,24,40,r|",True,False,False,False,False,False,mgtbind_compounds.csv,mgtbind
2367,CC1(C)CCN(C2=NC3=CC=C(CN4CC[C@H](OC5=CC6=C(C=C5)C(=O)N(C5CCC(=O)NC5=O)C6)C4)C=C3C=C2)C1=O,True,False,False,False,False,False,mgtbind_compounds.csv,mgtbind
2368,O=C1CCC(N2CC3=C(C=CC(O[C@H]4CCN(CC5=NC=CC(C6=CC=CC=C6)=C5)C4)=C3)C2=O)C(=O)N1,True,False,False,False,False,False,mgtbind_compounds.csv,mgtbind
2369,CO[C@@H]1CCCN(C2=CC=C3C=C(CN4CC[C@H](OC5=CC=C6C(=O)N(C7CCC(=O)NC7=O)CC6=C5)C4)C=CC3=N2)C1,True,False,False,False,False,False,mgtbind_compounds.csv,mgtbind
2370,O=C1CCC(N2CC3=C(C=C(F)C(O[C@H]4CCN(CC5=NC=C6C=CC=CC6=C5)C4)=C3)C2=O)C(=O)N1,True,False,False,False,False,False,mgtbind_compounds.csv,mgtbind
2371,O=C1CCC(N2CC3=C(C=C(F)C(O[C@H]4CCN(CC5=CC6=C(C=CC(F)=C6)C=N5)C4)=C3)C2=O)C(=O)N1,True,False,False,False,False,False,mgtbind_compounds.csv,mgtbind
2372,O=C1CCC(N2CC3=C(C=CC(O[C@H]4CCN(CC5=CC6=CN=C([C@@H]7CCCOC7)N=C6C=C5)C4)=C3)C2=O)C(=O)N1,True,False,False,False,False,False,mgtbind_compounds.csv,mgtbind
2373,O=C1CCC(N2CC3=CC(O[C@H]4CCN(CC5=CC=C6N=C([C@H]7CCCOC7)N=CC6=C5)C4)=CC=C3C2=O)C(=O)N1,True,False,False,False,False,False,mgtbind_compounds.csv,mgtbind
2374,COCC1=CC=C2N=C(CN3CC[C@H](OC4=CC=C5C(=O)N(C6CCC(=O)NC6=O)CC5=C4)C3)C=CC2=C1,True,False,False,False,False,False,mgtbind_compounds.csv,mgtbind
2375,O=C1CCC(N2CC3=C(C=CC(O[C@H]4CCN(CC5=CC=C6N=C(NC7CCOCC7)C=CC6=C5)C4)=C3)C2=O)C(=O)N1,True,False,False,False,False,False,mgtbind_compounds.csv,mgtbind
2376,COC1=NC2=CC=C(CN3CC[C@H](OC4=CC5=C(C=C4)C(=O)N(C4CCC(=O)NC4=O)C5)C3)C=C2C=N1,True,False,False,False,False,False,mgtbind_compounds.csv,mgtbind
2377,CC1=NC(N2CCOCC2)=NC2=CC=C(CN3CC[C@H](OC4=CC=C5C(=O)N(C6CCC(=O)NC6=O)CC5=C4)C3)C=C21,True,False,False,False,False,False,mgtbind_compounds.csv,mgtbind
2378,O=C1CCC(N2CC3=CC(O[C@H]4CCN(CC5=CC=C(C6=CC=CC=C6)C=N5)C4)=CC=C3C2=O)C(=O)N1,True,False,False,False,False,False,mgtbind_compounds.csv,mgtbind
2379,O=C1CCC(N2CC3=C(C=CC(O[C@H]4CCN(CC5=CC6=C(C=C([C@H]7CCOC7)C=C6)C=N5)C4)=C3)C2=O)C(=O)N1,True,False,False,False,False,False,mgtbind_compounds.csv,mgtbind
2380,O=C1CCC(N2CC3=C(C=CC(O[C@H]4CCN(CC5=NC=C6C=C([C@@H]7CCOC7)C=CC6=C5)C4)=C3)C2=O)C(=O)N1,True,False,False,False,False,False,mgtbind_compounds.csv,mgtbind
2381,COCC1=CC=C2C=C(CN3CC[C@H](OC4=CC=C5C(=O)N(C6CCC(=O)NC6=O)CC5=C4)C3)N=CC2=C1,True,False,False,False,False,False,mgtbind_compounds.csv,mgtbind
2382,O=C1CCC(N2CC3=C(C=CC(O[C@H]4CCN(CC5=NC=C6C=CC(C7CCOCC7)=CC6=C5)C4)=C3)C2=O)C(=O)N1,True,False,False,False,False,False,mgtbind_compounds.csv,mgtbind
2383,CC1(C2=NC3=CC=C(CN4CC[C@H](OC5=CC6=C(C=C5)C(=O)N(C5CCC(=O)NC5=O)C6)C4)C=C3C=C2)CCOCC1,True,False,False,False,False,False,mgtbind_compounds.csv,mgtbind
2384,CC1(C)COCCN1C1=NC2=CC=C(CN3CC[C@H](OC4=CC=C5C(=O)N(C6CCC(=O)NC6=O)CC5=C4)C3)C=C2C=N1,True,False,False,False,False,False,mgtbind_compounds.csv,mgtbind
2385,C#CC1=NC=C2C=C(CN3CC[C@H](OC4=CC=C5C(=O)N(C6CCC(=O)NC6=O)CC5=C4)C3)C=CC2=N1,True,False,False,False,False,False,mgtbind_compounds.csv,mgtbind
2386,COC1=CC2=NN=C(CN3CC[C@H](OC4=CC5=C(C=C4)C(=O)N(C4CCC(=O)NC4=O)C5)C3)C=C2C=C1,True,False,False,False,False,False,mgtbind_compounds.csv,mgtbind
2387,N#CC1=CC=C(CN2CC[C@H](OC3=CC4=C(C=C3)C(=O)N(C3CCC(=O)NC3=O)C4)C2)N=C1,True,False,False,False,False,False,mgtbind_compounds.csv,mgtbind
2388,CC1(C)COCCN1C1=NC2=CC=C(CN3CC[C@H](OC4=CC5=C(C=C4)C(=O)N(C4CCC(=O)NC4=O)C5)C3)C=C2C=C1,True,False,False,False,False,False,mgtbind_compounds.csv,mgtbind
2389,O=C1CCC(N2CC3=C(C=CC(O[C@H]4CCN(CC5=CC6=C(C=C5)N=C([C@H]5CCC[C@@H](O)C5)C=C6)C4)=C3)C2=O)C(=O)N1,True,False,False,False,False,False,mgtbind_compounds.csv,mgtbind
2390,COC(C)(C)C1=NC2=CC=C(CN3CC[C@H](OC4=CC5=C(C=C4)C(=O)N(C4CCC(=O)NC4=O)C5)C3)C=C2C=C1,True,False,False,False,False,False,mgtbind_compounds.csv,mgtbind
2391,CN(C1=NC2=CC=C(CN3CC[C@H](OC4=CC5=C(C=C4)C(=O)N(C4CCC(=O)NC4=O)C5)C3)C=C2C=C1)C1CCOCC1,True,False,False,False,False,False,mgtbind_compounds.csv,mgtbind
2392,[H]C#CC1=NC2=CC=C(CN3CC[C@H](OC4=CC5=C(C=C4)C(=O)N(C4CCC(=O)NC4=O)C5)C3)C=C2C=C1,True,False,False,False,False,False,mgtbind_compounds.csv,mgtbind
2393,O=C1CC[C@@H](N2CC3=C(C=CC(O[C@H]4CCN(CC5=CC=C6N=C(C7CCOCC7)C=CC6=C5)C4)=C3)C2=O)C(=O)N1,True,False,False,False,False,False,mgtbind_compounds.csv,mgtbind
2394,O=C1CC[C@H](N2CC3=C(C=CC(O[C@H]4CCN(CC5=CC=C6N=C(C7CCOCC7)C=CC6=C5)C4)=C3)C2=O)C(=O)N1,True,False,False,False,False,False,mgtbind_compounds.csv,mgtbind
2395,O=C1CCC(N2CC3=C(C=CC(O[C@H]4CCN(CC5=CC=C6N=C([C@@H]7CC[C@@H](O)C7)C=CC6=C5)C4)=C3)C2=O)C(=O)N1,True,False,False,False,False,False,mgtbind_compounds.csv,mgtbind
2396,O=C1CCC(N2CC3=C(C=CC(O[C@H]4CCN(CC5=CC=C6N=C([C@H]7CC[C@@H](O)C7)C=CC6=C5)C4)=C3)C2=O)C(=O)N1,True,False,False,False,False,False,mgtbind_compounds.csv,mgtbind
2397,O=C1CCC(N2CC3=C(C=CC(O[C@H]4CCN(CC5=CC=C6N=C([C@H]7CC[C@H](O)C7)C=CC6=C5)C4)=C3)C2=O)C(=O)N1,True,False,False,False,False,False,mgtbind_compounds.csv,mgtbind
2398,O=C1CCC(N2CC3=CC(O[C@H]4CCN(CC5=CC=C6N=C([C@@H]7CC[C@H](O)C7)C=CC6=C5)C4)=CC=C3C2=O)C(=O)N1,True,False,False,False,False,False,mgtbind_compounds.csv,mgtbind
2399,O=C1CCC(N2CC3=CC(O[C@H]4CCN(CC5=CC=C6N=C(C7(O)CCC7)C=CC6=C5)C4)=CC=C3C2=O)C(=O)N1,True,False,False,False,False,False,mgtbind_compounds.csv,mgtbind
2400,O=C1CCC(N2CC3=C(C=CC(O[C@H]4CCN(CC5=CC=C6N=C([C@H]7CC[C@@H](O)CC7)C=CC6=C5)C4)=C3)C2=O)C(=O)N1,True,False,False,False,False,False,mgtbind_compounds.csv,mgtbind
2401,O=C1CCC(N2CC3=C(C=CC(O[C@H]4CCN(CC5=CC=C6N=C([C@H]7CC[C@H](O)CC7)C=CC6=C5)C4)=C3)C2=O)C(=O)N1,True,False,False,False,False,False,mgtbind_compounds.csv,mgtbind
2402,CN(C(=O)C1CCOCC1)C1=NC2=CC=C(CN3CC[C@H](OC4=CC5=C(C=C4)C(=O)N(C4CCC(=O)NC4=O)C5)C3)C=C2C=C1,True,False,False,False,False,False,mgtbind_compounds.csv,mgtbind
2403,O=C1CCC(N2CC3=CC(O[C@H]4CCN(CC5=CC(C6=CC=C(C7CCOCC7)C=C6)=CC=N5)C4)=CC=C3C2=O)C(=O)N1,True,False,False,False,False,False,mgtbind_compounds.csv,mgtbind
2404,O=C1CCC(N2CC3=CC(O[C@H]4CCN(CC5=CC=C6N=C(N7CCCCC7=O)C=CC6=C5)C4)=CC=C3C2=O)C(=O)N1,True,False,False,False,False,False,mgtbind_compounds.csv,mgtbind
2405,O=C1CCC(N2CC3=C(C=CC(O[C@H]4CCN(CC5=CC=C6N=C(NC(=O)C7CCOCC7)C=CC6=C5)C4)=C3)C2=O)C(=O)N1,True,False,False,False,False,False,mgtbind_compounds.csv,mgtbind
2406,O=C1CCC(N2CC3=C(C=CC(O[C@H]4CCN(CC5=CC(C6=CC=CC=C6)=NC=C5)C4)=C3)C2=O)C(=O)N1,True,False,False,False,False,False,mgtbind_compounds.csv,mgtbind
2407,O=C1CCC(N2CC3=C(C=CC(O[C@H]4CCN(CC5=CC=C6N=C(N7CCOCC7=O)C=CC6=C5)C4)=C3)C2=O)C(=O)N1,True,False,False,False,False,False,mgtbind_compounds.csv,mgtbind
2408,COC1CCC(C)(NC2=CC=C3C=C(CN4CC[C@H](OC5=CC=C6C(=O)N(C7CCC(=O)NC7=O)CC6=C5)C4)C=CC3=N2)CC1,True,False,False,False,False,False,mgtbind_compounds.csv,mgtbind
2409,COC1(C2=NC3=CC=C(CN4CC[C@H](OC5=CC6=C(C=C5)C(=O)N(C5CCC(=O)NC5=O)C6)C4)C=C3C=C2)CCC1,True,False,False,False,False,False,mgtbind_compounds.csv,mgtbind
2410,O=C1CCC(N2CC3=C(C=CC(O[C@H]4CCN(CC5=CC=C6N=C([C@@H]7CCC[C@@H](O)C7)C=CC6=C5)C4)=C3)C2=O)C(=O)N1,True,False,False,False,False,False,mgtbind_compounds.csv,mgtbind
2411,COC1=CN=CC(CN2CC[C@H](OC3=CC4=C(C=C3)C(=O)N(C3CCC(=O)NC3=O)C4)C2)=C1C,True,False,False,False,False,False,mgtbind_compounds.csv,mgtbind
2412,O=C1CCC(N2CC3=CC(O[C@H]4CCN(CC5=CC6=CC([C@H]7CCOC7)=CC=C6C=N5)C4)=CC=C3C2=O)C(=O)N1,True,False,False,False,False,False,mgtbind_compounds.csv,mgtbind
2413,O=C1CCC(N2CC3=CC(O[C@H]4CCN(CC5=CC(F)=C6N=C(C7CCOCC7)C=CC6=C5)C4)=CC=C3C2=O)C(=O)N1,True,False,False,False,False,False,mgtbind_compounds.csv,mgtbind
2414,O=C1CCC(N2CC3=C(C=CC(O[C@H]4CCN(CC5=CC6=C(C=CC([C@@H]7CCOC7)=C6)C=N5)C4)=C3)C2=O)C(=O)N1,True,False,False,False,False,False,mgtbind_compounds.csv,mgtbind
2415,O=C1CCC(N2CC3=C(C=CC(O[C@H]4CCN(CC5=CC(C6=CC=CC=C6)=CN=C5)C4)=C3)C2=O)C(=O)N1,True,False,False,False,False,False,mgtbind_compounds.csv,mgtbind
2416,COC(C)(C)C1=CC2=CN=C(CN3CC[C@H](OC4=CC5=C(C=C4)C(=O)N(C4CCC(=O)NC4=O)C5)C3)C=C2C=C1,True,False,False,False,False,False,mgtbind_compounds.csv,mgtbind
2417,COC1CCC(C2=CC=C3C=C(CN4CC[C@H](OC5=CC=C6C(=O)N(C7CCC(=O)NC7=O)CC6=C5)C4)C=CC3=N2)CC1,True,False,False,False,False,False,mgtbind_compounds.csv,mgtbind
2418,CO[C@H]1CC[C@H](OC2=NC3=CC=C(CN4CC[C@H](OC5=CC6=C(C=C5)C(=O)N(C5CCC(=O)NC5=O)C6)C4)C=C3C=C2)CC1,True,False,False,False,False,False,mgtbind_compounds.csv,mgtbind
2419,"CO[C@H]1CC[C@@H](C2=NC3=CC=C(C=C3C=C2)CN2CC[C@H](OC3=[C@H]C4=C(C(=O)N(C4)C4CCC(=O)NC4=O)C=[C@@H]3)C2)CC1 |&1:2,5,20,23,39,r|",True,False,False,False,False,False,mgtbind_compounds.csv,mgtbind
2420,COC1CCC(OC2=CC=C3C=C(CN4CC[C@H](OC5=CC=C6C(=O)N(C7CCC(=O)NC7=O)CC6=C5)C4)C=CC3=N2)CC1,True,False,False,False,False,False,mgtbind_compounds.csv,mgtbind
2421,CC1=CC(CN2CC[C@H](OC3=CC=C4C(=O)N(C5CCC(=O)NC5=O)CC4=C3)C2)=NC=C1OCC1CCOCC1,True,False,False,False,False,False,mgtbind_compounds.csv,mgtbind
2422,O=C1CCC(N2CC3=C(C=CC(O[C@H]4CCN(CC5=NC=CC(C6=CC=CC(C7=CCOCC7)=C6)=C5)C4)=C3)C2=O)C(=O)N1,True,False,False,False,False,False,mgtbind_compounds.csv,mgtbind
2423,O=C1CCC(N2CC3=CC(O[C@H]4CCN(CC5=CC=C6N=C(C7CCOCC7)C=CC6=C5F)C4)=CC=C3C2=O)C(=O)N1,True,False,False,False,False,False,mgtbind_compounds.csv,mgtbind
2424,O=C1NC(=O)C(N2C(=O)C3C(=CC(=CC=3)O[C@@H]3CN(CC4C=C5C(N=C([C@H]6C[C@@H](O)C6)C=C5)=CC=4)CC3)C2)CC1,True,False,False,False,False,False,mgtbind_compounds.csv,mgtbind
2425,O=C1NC(=O)C(N2C(=O)C3C(=CC(=CC=3)O[C@@H]3CN(CC4C=C5C(N=C([C@@H]6C[C@@H](O)C6)C=C5)=CC=4)CC3)C2)CC1,True,False,False,False,False,False,mgtbind_compounds.csv,mgtbind
2426,CC(C)(O)C1=CC2=CN=C(CN3CC[C@H](OC4=CC5=C(C=C4)C(=O)N(C4CCC(=O)NC4=O)C5)C3)C=C2C=C1,True,False,False,False,False,False,mgtbind_compounds.csv,mgtbind
2427,CC1(C)C[C@H](C2=NC3=CC=C(CN4CC[C@H](OC5=CC6=C(C=C5)C(=O)N(C5CCC(=O)NC5=O)C6)C4)C=C3C=N2)CCO1,True,False,False,False,False,False,mgtbind_compounds.csv,mgtbind
2428,CC1(C)C[C@@H](C2=NC3=CC=C(CN4CC[C@H](OC5=CC6=C(C=C5)C(=O)N(C5CCC(=O)NC5=O)C6)C4)C=C3C=N2)CCO1,True,False,False,False,False,False,mgtbind_compounds.csv,mgtbind
2429,O=C1CCC(N2CC3=CC(O[C@H]4CCN(CC5=CC(C6=CC=CC(N7CCOCC7)=C6)=CC=N5)C4)=CC=C3C2=O)C(=O)N1,True,False,False,False,False,False,mgtbind_compounds.csv,mgtbind
2430,CC1(C)CC(=O)N(C2=NC3=CC=C(CN4CC[C@H](OC5=CC=C6C(=O)N(C7CCC(=O)NC7=O)CC6=C5)C4)C=C3C=C2)C1,True,False,False,False,False,False,mgtbind_compounds.csv,mgtbind
2431,CNC1(C2=CC3=C(C=C(CN4CC[C@H](OC5=CC6=C(C=C5)C(=O)N(C5CCC(=O)NC5=O)C6)C4)N=C3)C=C2)COC1,True,False,False,False,False,False,mgtbind_compounds.csv,mgtbind
2432,O=C1CCC(N2CC3=CC(O[C@H]4CCN(CC5=CC=C6N=C(N7[C@@H]8CC[C@H]7COC8)C=CC6=C5)C4)=CC=C3C2=O)C(=O)N1,True,False,False,False,False,False,mgtbind_compounds.csv,mgtbind
2433,[H][C@]12CN(C3=CC=C4C=C(CN5CC[C@H](OC6=CC7=C(C=C6)C(=O)N(C6CCC(=O)NC6=O)C7)C5)C=CC4=N3)[C@]([H])(CO1)C2,True,False,False,False,False,False,mgtbind_compounds.csv,mgtbind
2434,[H][C@@]12CN(C3=CC=C4C=C(CN5CC[C@H](OC6=CC7=C(C=C6)C(=O)N(C6CCC(=O)NC6=O)C7)C5)C=CC4=N3)[C@@]([H])(CO1)C2,True,False,False,False,False,False,mgtbind_compounds.csv,mgtbind
2435,CC1(C)COCC[C@@H]1C1=NC2=CC=C(CN3CC[C@H](OC4=CC5=C(C=C4)C(=O)N(C4CCC(=O)NC4=O)C5)C3)C=C2C=C1,True,False,False,False,False,False,mgtbind_compounds.csv,mgtbind
2436,CC1(C)COCC[C@H]1C1=NC2=CC=C(CN3CC[C@H](OC4=CC5=C(C=C4)C(=O)N(C4CCC(=O)NC4=O)C5)C3)C=C2C=C1,True,False,False,False,False,False,mgtbind_compounds.csv,mgtbind
2437,[H][C@]12CC[C@]([H])(CN(C3=CC=C4C=C(CN5CC[C@H](OC6=CC=C7C(=O)N(C8CCC(=O)NC8=O)CC7=C6)C5)C=CC4=N3)C1)O2,True,False,False,False,False,False,mgtbind_compounds.csv,mgtbind
2438,O=C1CCC(N2CC3=CC(O[C@H]4CCN(CC5=CC=C6N=C(N7C[C@H]8C[C@@H](C7)O8)C=CC6=C5)C4)=CC=C3C2=O)C(=O)N1,True,False,False,False,False,False,mgtbind_compounds.csv,mgtbind
2439,[C@H]12N(C3N=C4C(C=C(C=C4)CN4C[C@@H](OC5C=C6CN(C(=O)C6=CC=5)C5C(=O)NC(=O)CC5)CC4)=CC=3)[C@H](C1)COC2,True,False,False,False,False,False,mgtbind_compounds.csv,mgtbind
2440,CNC1(C2=NC3=CC=C(CN4CC[C@H](OC5=CC6=C(C=C5)C(=O)N(C5CCC(=O)NC5=O)C6)C4)C=C3C=C2)COC1,True,False,False,False,False,False,mgtbind_compounds.csv,mgtbind
2441,CO[C@@H]1CC[C@@H](C2=CC=C3C=C(CN4CC[C@H](OC5=CC=C6C(=O)N(C7CCC(=O)NC7=O)CC6=C5)C4)C=CC3=N2)C1,True,False,False,False,False,False,mgtbind_compounds.csv,mgtbind
2442,CO[C@H]1CC[C@@H](C2=CC=C3C=C(CN4CC[C@H](OC5=CC=C6C(=O)N(C7CCC(=O)NC7=O)CC6=C5)C4)C=CC3=N2)C1,True,False,False,False,False,False,mgtbind_compounds.csv,mgtbind
2443,CO[C@H]1CC[C@H](C2=NC3=CC=C(CN4CC[C@H](OC5=CC6=C(C=C5)C(=O)N(C5CCC(=O)NC5=O)C6)C4)C=C3C=C2)C1,True,False,False,False,False,False,mgtbind_compounds.csv,mgtbind
2444,"C1CN(CC2=[C@H]C=[C@]3C(C=CC([C@H]4CC[C@@H](OC)C4)=N3)=[C@H]2)C[C@H]1OC1=[C@@H]C2=C(C(=O)N(C2)C2CCC(=O)NC2=O)C=[C@H]1 |&1:5,7,12,15,20,22,25,41,a:11,r|",True,False,False,False,False,False,mgtbind_compounds.csv,mgtbind
2445,"CO[C@@H]1CCC[C@H](C2=NC3=CC=C(C=C3C=C2)CN2CC[C@H](OC3=[C@H]C4=C(C(=O)N(C4)C4CCC(=O)NC4=O)C=[C@@H]3)C2)C1 |&1:2,6,21,24,40,r|",True,False,False,False,False,False,mgtbind_compounds.csv,mgtbind
2446,CO[C@H]1CCC[C@@H](C2=CC=C3C=C(CN4CC[C@H](OC5=CC=C6C(=O)N(C7CCC(=O)NC7=O)CC6=C5)C4)C=CC3=N2)C1,True,False,False,False,False,False,mgtbind_compounds.csv,mgtbind
2447,CO[C@@H]1CCC[C@@H](C2=CC=C3C=C(CN4CC[C@H](OC5=CC=C6C(=O)N(C7CCC(=O)NC7=O)CC6=C5)C4)C=CC3=N2)C1,True,False,False,False,False,False,mgtbind_compounds.csv,mgtbind
2448,"CO[C@H]1CCC[C@H](C2=NC3=CC=C(C=C3C=C2)CN2CC[C@H](OC3=[C@H]C4=C(C(=O)N(C4)C4CCC(=O)NC4=O)C=[C@@H]3)C2)C1 |&1:2,6,21,24,40,r|",True,False,False,False,False,False,mgtbind_compounds.csv,mgtbind
2449,O=C1CCC(N2CC3=C(C=CC(O[C@H]4CCN(CC5=CC=C6N=C(C7(O)CCOCC7)C=CC6=C5)C4)=C3)C2=O)C(=O)N1,True,False,False,False,False,False,mgtbind_compounds.csv,mgtbind
2450,O=C1CCC(N2CC3=C(C=CC(O[C@H]4CCN(CC5=CC=C6N=C(COC7CCOCC7)C=CC6=C5)C4)=C3)C2=O)C(=O)N1,True,False,False,False,False,False,mgtbind_compounds.csv,mgtbind
2451,O=C1CCC(N2CC3=CC(O[C@H]4CCN(CC5=CC=C6N=C(C78CCOCC7C8)C=CC6=C5)C4)=CC=C3C2=O)C(=O)N1,True,False,False,False,False,False,mgtbind_compounds.csv,mgtbind
2452,CC(C)OCC1=NC2=C(C=C(CN3CC[C@H](OC4=CC5=C(C=C4)C(=O)N(C4CCC(=O)NC4=O)C5)C3)C=C2)C=C1,True,False,False,False,False,False,mgtbind_compounds.csv,mgtbind
2453,O=C1CC[C@H](N2CC3=C(C=CC(O[C@H]4CCN(CC5=CC=C6N=C(N7CCCC7=O)C=CC6=C5)C4)=C3)C2=O)C(=O)N1,True,False,False,False,False,False,mgtbind_compounds.csv,mgtbind
2454,O=C1CCC(N2CC3=C(C=CC(O[C@H]4CCN(CC5=CC6=C(C=C5)N=C(CO[C@H]5CCOC5)C=C6)C4)=C3)C2=O)C(=O)N1,True,False,False,False,False,False,mgtbind_compounds.csv,mgtbind
2455,O=C1CCC(N2CC3=C(C=CC(O[C@H]4CCN(CC5=CC6=C(C=C5)N=C(CO[C@@H]5CCOC5)C=C6)C4)=C3)C2=O)C(=O)N1,True,False,False,False,False,False,mgtbind_compounds.csv,mgtbind
2456,O=C1CC[C@H](N2CC3=CC(O[C@H]4CCN(CC5=CC=C6N=C(N7CCOCC7)C=CC6=C5)C4)=CC=C3C2=O)C(=O)N1,True,False,False,False,False,False,mgtbind_compounds.csv,mgtbind
2457,O=C1CCC(N2CC3=CC(O[C@H]4CCN(CC5=CC=C6N=C(N7C=CC=CC7=O)C=CC6=C5)C4)=CC=C3C2=O)C(=O)N1,True,False,False,False,False,False,mgtbind_compounds.csv,mgtbind
2458,CC1(C)CN(C2=NC3=CC=C(CN4CC[C@H](OC5=CC=C6C(=O)N(C7CCC(=O)NC7=O)CC6=C5)C4)C=C3C=C2)CCO1,True,False,False,False,False,False,mgtbind_compounds.csv,mgtbind
2459,CC1(C)CN(C2=NC=C3C=C(CN4CC[C@H](OC5=CC6=C(C=C5)C(=O)N(C5CCC(=O)NC5=O)C6)C4)C=CC3=N2)CCO1,True,False,False,False,False,False,mgtbind_compounds.csv,mgtbind
2460,[H][C@@]12CN(C3=NC=C4C=C(CN5CC[C@H](OC6=CC7=C(C=C6)C(=O)N(C6CCC(=O)NC6=O)C7)C5)C=CC4=N3)[C@@]([H])(CO1)C2,True,False,False,False,False,False,mgtbind_compounds.csv,mgtbind
2461,[H][C@]12CC[C@]([H])(CN(C3=NC=C4C=C(CN5CC[C@H](OC6=CC=C7C(=O)N(C8CCC(=O)NC8=O)CC7=C6)C5)C=CC4=N3)C1)O2,True,False,False,False,False,False,mgtbind_compounds.csv,mgtbind
2462,[H][C@]12CC[C@]([H])(COC1)N2C1=NC=C2C=C(CN3CC[C@H](OC4=CC=C5C(=O)N(C6CCC(=O)NC6=O)CC5=C4)C3)C=CC2=N1,True,False,False,False,False,False,mgtbind_compounds.csv,mgtbind
2463,O=C1CCC(N2CC3=C(C=CC(O[C@H]4CCN(CC5=CC=C6N=C(N7CCCC78CCOCC8)C=CC6=C5)C4)=C3)C2=O)C(=O)N1,True,False,False,False,False,False,mgtbind_compounds.csv,mgtbind
2464,CC(C)(O)C1=NC2=CC=C(CN3CC[C@H](OC4=CC5=C(C=C4)C(=O)N([C@H]4CCC(=O)NC4=O)C5)C3)C=C2C=C1,True,False,False,False,False,False,mgtbind_compounds.csv,mgtbind
2465,O=C1CC[C@H](N2CC3=CC(O[C@H]4CCN(CC5=CC6=CC=C(C7CCOCC7)C=C6C=N5)C4)=CC=C3C2=O)C(=O)N1,True,False,False,False,False,False,mgtbind_compounds.csv,mgtbind
2466,O=C1CCC(N2CC3=CC(O[C@H]4CCN(CC5=CC=C6N=C(N7CCC(F)(F)CC7)C=CC6=C5)C4)=CC=C3C2=O)C(=O)N1,True,False,False,False,False,False,mgtbind_compounds.csv,mgtbind
2467,O=C1CCC(N2CC3=C(C=CC(O[C@H]4CCN(CC5=CC=C6N=C(N7CCCC(F)(F)C7)C=CC6=C5)C4)=C3)C2=O)C(=O)N1,True,False,False,False,False,False,mgtbind_compounds.csv,mgtbind
2468,O=C1CCC(N2CC3=C(C=CC(O[C@H]4CCN(CC5=CC=C6N=C(OC7=NC=CC=C7)C=CC6=C5)C4)=C3)C2=O)C(=O)N1,True,False,False,False,False,False,mgtbind_compounds.csv,mgtbind
2469,O=C1CCC(N2CC3=CC(O[C@H]4CCN(CC5=CC=C6N=C(N7CC8(COC8)C7)C=CC6=C5)C4)=CC=C3C2=O)C(=O)N1,True,False,False,False,False,False,mgtbind_compounds.csv,mgtbind
2470,O=C1CCC(N2CC3=CC(O[C@H]4CCN(CC5=CC=C6N=C(N7CC8(COC8)C7)N=CC6=C5)C4)=CC=C3C2=O)C(=O)N1,True,False,False,False,False,False,mgtbind_compounds.csv,mgtbind
2471,O=C1CCC(N2CC3=C(C=CC(O[C@H]4CCN(CC5=CC=C6N=C(N7CC8(CCOCC8)C7)C=CC6=C5)C4)=C3)C2=O)C(=O)N1,True,False,False,False,False,False,mgtbind_compounds.csv,mgtbind
2472,O=C1CCC(N2CC3=C(C=CC(O[C@H]4CCN(CC5=CC6=CN=C(N7CC8(CCOCC8)C7)N=C6C=C5)C4)=C3)C2=O)C(=O)N1,True,False,False,False,False,False,mgtbind_compounds.csv,mgtbind
2473,[H][C@]12CN(C3=NC=C4C=C(CN5CC[C@H](OC6=CC7=C(C=C6)C(=O)N(C6CCC(=O)NC6=O)C7)C5)C=CC4=N3)C[C@]([H])(C1)O2,True,False,False,False,False,False,mgtbind_compounds.csv,mgtbind
2474,[H][C@]12CN(C3=NC=C4C=C(CN5CC[C@H](OC6=CC7=C(C=C6)C(=O)N(C6CCC(=O)NC6=O)C7)C5)C=CC4=N3)[C@]([H])(CO1)C2,True,False,False,False,False,False,mgtbind_compounds.csv,mgtbind
2475,O=C1CCC(N2CC3=CC(O[C@H]4CCN(CC5=CC=C6N=C(N7CCCC78CCOCC8)N=CC6=C5)C4)=CC=C3C2=O)C(=O)N1,True,False,False,False,False,False,mgtbind_compounds.csv,mgtbind
2476,O=C1CCC(N2CC3=C(C=CC(O[C@H]4CCN(CC5=CC6=CN=C(N7CCC78CCOCC8)N=C6C=C5)C4)=C3)C2=O)C(=O)N1,True,False,False,False,False,False,mgtbind_compounds.csv,mgtbind
2477,[H][C@@]12COC[C@]1([H])CN(C1=NC3=CC=C(CN4CC[C@H](OC5=CC6=C(C=C5)C(=O)N(C5CCC(=O)NC5=O)C6)C4)C=C3C=C1)C2,True,False,False,False,False,False,mgtbind_compounds.csv,mgtbind
2478,[H][C@@]12COC[C@]1([H])CN(C1=NC=C3C=C(CN4CC[C@H](OC5=CC=C6C(=O)N(C7CCC(=O)NC7=O)CC6=C5)C4)C=CC3=N1)C2,True,False,False,False,False,False,mgtbind_compounds.csv,mgtbind
2479,O=C1CC[C@H](N2CC3=CC(O[C@H]4CCN(CC5=CC=C6N=C([C@H]7CCOC7)C=CC6=C5)C4)=CC=C3C2=O)C(=O)N1,True,False,False,False,False,False,mgtbind_compounds.csv,mgtbind
2480,"CO[C@H]1C[C@@H](C2=NC3=CC=C(C=C3C=C2)CN2CC[C@H](OC3=[C@H]C4=C(C(=O)N(C4)C4CCC(=O)NC4=O)C=[C@@H]3)C2)C1 |&1:2,4,19,22,38,r|",True,False,False,False,False,False,mgtbind_compounds.csv,mgtbind
2481,"CO[C@H]1C[C@H](C2=NC3=CC=C(C=C3C=C2)CN2CC[C@H](OC3=[C@H]C4=C(C(=O)N(C4)C4CCC(=O)NC4=O)C=[C@@H]3)C2)C1 |&1:2,4,19,22,38,r|",True,False,False,False,False,False,mgtbind_compounds.csv,mgtbind
2482,[H][C@]12COC[C@@]([H])(C1)N2C1=NC=C2C=C(CN3CC[C@H](OC4=CC=C5C(=O)N(C6CCC(=O)NC6=O)CC5=C4)C3)C=CC2=N1,True,False,False,False,False,False,mgtbind_compounds.csv,mgtbind
2483,O=C1CCC(N2CC3=C(C=CC(O[C@H]4CCN(CC5=CC6=C(C=C5)N=C(COC5COC5)C=C6)C4)=C3)C2=O)C(=O)N1,True,False,False,False,False,False,mgtbind_compounds.csv,mgtbind
2484,O=C1CC[C@H](N2CC3=C(C=CC(O[C@H]4CCN(CC5=CC=C6N=C([C@H]7CCOC7)N=CC6=C5)C4)=C3)C2=O)C(=O)N1,True,False,False,False,False,False,mgtbind_compounds.csv,mgtbind
2485,O=C1CC[C@H](N2CC3=C(C=CC(O[C@H]4CCN(CC5=CC=C6N=C([C@@H]7CCOC7)C=CC6=C5)C4)=C3)C2=O)C(=O)N1,True,False,False,False,False,False,mgtbind_compounds.csv,mgtbind
2486,O=C1CCC(N2CC3=CC(O[C@H]4CCN(CC5=CC=C6N=C(N7CCC78COC8)C=CC6=C5)C4)=CC=C3C2=O)C(=O)N1,True,False,False,False,False,False,mgtbind_compounds.csv,mgtbind
2487,O=C1CCC(N2CC3=CC(O[C@H]4CCN(CC5=CC=C6N=C(N7CCC[C@]78CCOC8)C=CC6=C5)C4)=CC=C3C2=O)C(=O)N1,True,False,False,False,False,False,mgtbind_compounds.csv,mgtbind
2488,O=C1CCC(N2CC3=C(C=CC(O[C@H]4CCN(CC5=CC6=CN=C(N7CCC78COC8)N=C6C=C5)C4)=C3)C2=O)C(=O)N1,True,False,False,False,False,False,mgtbind_compounds.csv,mgtbind
2489,[H][C@]12CCO[C@@]1([H])CN(C1=NC3=CC=C(CN4CC[C@H](OC5=CC6=C(C=C5)C(=O)N(C5CCC(=O)NC5=O)C6)C4)C=C3C=C1)C2,True,False,False,False,False,False,mgtbind_compounds.csv,mgtbind
2490,O=C1CC[C@H](N2CC3=C(C=CC(O[C@H]4CCN(CC5=CC6=CN=C(N7CCOCC7)N=C6C=C5)C4)=C3)C2=O)C(=O)N1,True,False,False,False,False,False,mgtbind_compounds.csv,mgtbind
2491,O=C1CC[C@H](N2CC3=CC(O[C@H]4CCN(CC5=CC=C6N=C([C@@H]7CCOC7)N=CC6=C5)C4)=CC=C3C2=O)C(=O)N1,True,False,False,False,False,False,mgtbind_compounds.csv,mgtbind
2492,O=C1CCC(N2CC3=CC(O[C@H]4CCN(CC5=CC=C6N=C(N7CCC78CCOCC8)C=CC6=C5)C4)=CC=C3C2=O)C(=O)N1,True,False,False,False,False,False,mgtbind_compounds.csv,mgtbind
2493,[H][C@]12CCO[C@@]1([H])CN(C1=NC=C3C=C(CN4CC[C@H](OC5=CC6=C(C=C5)C(=O)N(C5CCC(=O)NC5=O)C6)C4)C=CC3=N1)C2,True,False,False,False,False,False,mgtbind_compounds.csv,mgtbind
2494,O=C1CCC(N2CC3=CC(O[C@H]4CCN(CC5=CC=C6N=C(N7CCC[C@@]78CCOC8)C=CC6=C5)C4)=CC=C3C2=O)C(=O)N1,True,False,False,False,False,False,mgtbind_compounds.csv,mgtbind
2495,O=C1CCC(N2CC3=CC(O[C@H]4CCN(CC5=CC=C6N=C(N7CCC[C@]78CCOC8)N=CC6=C5)C4)=CC=C3C2=O)C(=O)N1,True,False,False,False,False,False,mgtbind_compounds.csv,mgtbind
2496,O=C1CCC(N2CC3=CC(O[C@H]4CCN(CC5=CC=C6N=C(N7CCC[C@@]78CCOC8)N=CC6=C5)C4)=CC=C3C2=O)C(=O)N1,True,False,False,False,False,False,mgtbind_compounds.csv,mgtbind
2497,C[C@@H]1CN(CC2=CC=C3N=C(C4CCOCC4)C=CC3=C2)C[C@H]1OC1=CC2=C(C=C1)C(=O)N(C1CCC(=O)NC1=O)C2,True,False,False,False,False,False,mgtbind_compounds.csv,mgtbind
2498,O=C1CC[C@H](N2CC3=C(C=CC(O[C@H]4CCN(CC5=CC6=CN=C(C7CCOCC7)N=C6C=C5)C4)=C3)C2=O)C(=O)N1,True,False,False,False,False,False,mgtbind_compounds.csv,mgtbind
2499,O=C1CCC(N2CC3=CC(O[C@H]4CCN(CC5=CC=C6N=C(N7CC[C@@]78CCOC8)C=CC6=C5)C4)=CC=C3C2=O)C(=O)N1,True,False,False,False,False,False,mgtbind_compounds.csv,mgtbind
2500,O=C1CCC(N2CC3=CC(O[C@H]4CCN(CC5=CC=C6N=C(N7CC[C@]78CCOC8)C=CC6=C5)C4)=CC=C3C2=O)C(=O)N1,True,False,False,False,False,False,mgtbind_compounds.csv,mgtbind
2501,O=C1CCC(N2CC3=CC(O[C@@H]4CN(CC5=CC=C6N=C(C7CCOCC7)C=CC6=C5)C[C@@H]4F)=CC=C3C2=O)C(=O)N1,True,False,False,False,False,False,mgtbind_compounds.csv,mgtbind
2502,O=C1CCC(N2CC3=CC(O[C@@H]4CN(CC5=CC=C6N=C(C7CCOCC7)C=CC6=C5)CC4(F)F)=CC=C3C2=O)C(=O)N1,True,False,False,False,False,False,mgtbind_compounds.csv,mgtbind
2503,O=C1CCC(N2CC3=CC(O[C@H]4CCN(CC5=CC=C6N=C(N7CC[C@@]78CCOC8)N=CC6=C5)C4)=CC=C3C2=O)C(=O)N1,True,False,False,False,False,False,mgtbind_compounds.csv,mgtbind
2504,O=C1CCC(N2CC3=CC(O[C@H]4CCN(CC5=CC=C6N=C(N7CC[C@]78CCOC8)N=CC6=C5)C4)=CC=C3C2=O)C(=O)N1,True,False,False,False,False,False,mgtbind_compounds.csv,mgtbind
2505,C[C@@H]1CC(C2=NC3=CC=C(CN4CC[C@H](OC5=CC6=C(C=C5)C(=O)N(C5CCC(=O)NC5=O)C6)C4)C=C3C=C2)C[C@H](C)O1,True,False,False,False,False,False,mgtbind_compounds.csv,mgtbind
2506,CO[C@@H]1CN(CC2=CC=C3N=C(C4CCOCC4)C=CC3=C2)C[C@H]1OC1=CC2=C(C=C1)C(=O)N(C1CCC(=O)NC1=O)C2,True,False,False,False,False,False,mgtbind_compounds.csv,mgtbind
2507,O=C1CC[C@H](N2CC3=C(C=CC(O[C@H]4CCN(CC5=CC(F)=C6N=C(C7CCOCC7)C=CC6=C5)C4)=C3)C2=O)C(=O)N1,True,False,False,False,False,False,mgtbind_compounds.csv,mgtbind
2508,O=C1CC[C@H](N2CC3=C(C=CC(O[C@H]4CCN(CC5=CC=C6N=C(C7CCOCC7)C=CC6=C5F)C4)=C3)C2=O)C(=O)N1,True,False,False,False,False,False,mgtbind_compounds.csv,mgtbind
2509,COCC1CCC(C2=CC=C3C=C(CN4CC[C@H](OC5=CC=C6C(=O)N(C7CCC(=O)NC7=O)CC6=C5)C4)C=CC3=N2)CC1,True,False,False,False,False,False,mgtbind_compounds.csv,mgtbind
2510,N#CC1=NC2=CC=C(CN3C[C@H](F)[C@H](OC4=CC5=C(C=C4)C(=O)N(C4CCC(=O)NC4=O)C5)C3)C=C2C=C1,True,False,False,False,False,False,mgtbind_compounds.csv,mgtbind
2511,N#CC1=NC2=CC=C(CN3C[C@@H](OC4=CC5=C(C=C4)C(=O)N(C4CCC(=O)NC4=O)C5)C(F)(F)C3)C=C2C=C1,True,False,False,False,False,False,mgtbind_compounds.csv,mgtbind
2512,O=C1CCC(N2CC3=CC(O[C@@H]4CN(CC5=CC=C6N=C(C7CCOCC7)C=CC6=C5)C[C@H]4F)=CC=C3C2=O)C(=O)N1,True,False,False,False,False,False,mgtbind_compounds.csv,mgtbind
2513,C[C@@H]1CC(C2=CC=C3C=C(CN4CC[C@H](OC5=CC=C6C(=O)N(C7CCC(=O)NC7=O)CC6=C5)C4)C=CC3=N2)CCO1,True,False,False,False,False,False,mgtbind_compounds.csv,mgtbind
2514,C[C@H]1CC(C2=CC=C3C=C(CN4CC[C@H](OC5=CC=C6C(=O)N(C7CCC(=O)NC7=O)CC6=C5)C4)C=CC3=N2)CCO1,True,False,False,False,False,False,mgtbind_compounds.csv,mgtbind
2515,C[C@@H]1CN(CC2=CC=C3N=C([C@H]4CCOC(C)(C)C4)C=CC3=C2)C[C@H]1OC1=CC2=C(C=C1)C(=O)N(C1CCC(=O)NC1=O)C2,True,False,False,False,False,False,mgtbind_compounds.csv,mgtbind
2516,C[C@@H]1CN(CC2=CC=C3N=C([C@@H]4CCOC(C)(C)C4)C=CC3=C2)C[C@H]1OC1=CC2=C(C=C1)C(=O)N(C1CCC(=O)NC1=O)C2,True,False,False,False,False,False,mgtbind_compounds.csv,mgtbind
2517,"C1CC(N2CC3=C(C=CC(=C3)O[C@@H]3CN(CC4=[C@H]C=[C@]5C(C=CC([C@@H]6CCOC6)=N5)=[C@H]4)C[C@H]3F)C2=O)C(=O)NC1=O |&1:12,17,19,24,30,32,a:23,r|",True,False,False,False,False,False,mgtbind_compounds.csv,mgtbind
2518,N#CC1=CC=C2C=C(CN3CC[C@H](OC4=CC=C5C(=O)N([C@H]6CCC(=O)NC6=O)CC5=C4)C3)C=C(F)C2=N1,True,False,False,False,False,False,mgtbind_compounds.csv,mgtbind
2519,N#CC1=NC2=CC=C(CN3C[C@@H](F)[C@H](OC4=CC5=C(C=C4)C(=O)N(C4CCC(=O)NC4=O)C5)C3)C=C2C=C1,True,False,False,False,False,False,mgtbind_compounds.csv,mgtbind
2520,C[C@@H]1CC(C2=NC3=CC=C(CN4CC[C@H](OC5=CC6=C(C=C5)C(=O)N(C5CCC(=O)NC5=O)C6)C4)C=C3C=C2)C[C@@H](C)O1,True,False,False,False,False,False,mgtbind_compounds.csv,mgtbind
2521,C[C@@H]1CN(CC2=CC(F)=C3N=C(C4CCOCC4)C=CC3=C2)C[C@H]1OC1=CC2=C(C=C1)C(=O)N(C1CCC(=O)NC1=O)C2,True,False,False,False,False,False,mgtbind_compounds.csv,mgtbind
2522,N#CC1=NC2=CC=C(CN3CC[C@H](OC4=CC5=C(C=C4)C(=O)N([C@H]4CCC(=O)NC4=O)C5)C3)C=C2C=C1,True,False,False,False,False,False,mgtbind_compounds.csv,mgtbind
2523,O=C1CCC(N2CC3=CC(O[C@@H]4CN(CC5=CC=C6N=C([C@H]7CCOC7)C=CC6=C5)C[C@@H]4F)=CC=C3C2=O)C(=O)N1,True,False,False,False,False,False,mgtbind_compounds.csv,mgtbind
2524,O=C1CCC(N2CC3=C(C=CC(O[C@@H]4CN(CC5=CC=C6N=C([C@H]7CCOC7)C=CC6=C5)C[C@H]4F)=C3)C2=O)C(=O)N1,True,False,False,False,False,False,mgtbind_compounds.csv,mgtbind
2525,O=C1CCC(N2CC3=C(C=CC(O[C@@H]4CN(CC5=CC=C6N=C([C@H]7CCOC7)C=CC6=C5)CC4(F)F)=C3)C2=O)C(=O)N1,True,False,False,False,False,False,mgtbind_compounds.csv,mgtbind
2526,COC[C@@H]1CCCC[C@H]1C1=NC2=CC=C(CN3CC[C@H](OC4=CC5=C(C=C4)C(=O)N(C4CCC(=O)NC4=O)C5)C3)C=C2C=C1,True,False,False,False,False,False,mgtbind_compounds.csv,mgtbind
2527,O=C1CCC(N2CC3=C(C=C(F)C(O[C@H]4CCN(CC5=CC=C6N=C(C7CCOCC7)C=CC6=C5)C4)=C3)C2=O)C(=O)N1,True,False,False,False,False,False,mgtbind_compounds.csv,mgtbind
2528,C[C@@H]1CN(CC2=CC=C3N=C([C@@H]4CCOC4)C=CC3=C2)C[C@H]1OC1=CC=C2C(=O)N(C3CCC(=O)NC3=O)CC2=C1,True,False,False,False,False,False,mgtbind_compounds.csv,mgtbind
2529,C[C@@H]1CN(CC2=CC=C3N=C([C@H]4CCOC4)C=CC3=C2)C[C@H]1OC1=CC=C2C(=O)N(C3CCC(=O)NC3=O)CC2=C1,True,False,False,False,False,False,mgtbind_compounds.csv,mgtbind
2530,O=C1CCC(N2CC3=C(C=CC(O[C@@H]4CN(CC5=CC=C6N=C([C@@H]7CCOC7)C=CC6=C5)C[C@@H]4F)=C3)C2=O)C(=O)N1,True,False,False,False,False,False,mgtbind_compounds.csv,mgtbind
2531,CO[C@@H]1CCCC[C@H]1C1=CC=C2C=C(CN3CC[C@H](OC4=CC=C5C(=O)N(C6CCC(=O)NC6=O)CC5=C4)C3)C=CC2=N1,True,False,False,False,False,False,mgtbind_compounds.csv,mgtbind
2532,CO[C@H]1CCCC[C@@H]1C1=CC=C2C=C(CN3CC[C@H](OC4=CC=C5C(=O)N(C6CCC(=O)NC6=O)CC5=C4)C3)C=CC2=N1,True,False,False,False,False,False,mgtbind_compounds.csv,mgtbind
2533,COC[C@H]1CCCC[C@@H]1C1=NC2=CC=C(CN3CC[C@H](OC4=CC5=C(C=C4)C(=O)N(C4CCC(=O)NC4=O)C5)C3)C=C2C=C1,True,False,False,False,False,False,mgtbind_compounds.csv,mgtbind
2534,O=C1CCC(N2CC3=C(C=CC(O[C@@H]4CN(CC5=CC=C6N=C([C@@H]7CCOC7)C=CC6=C5)CC4(F)F)=C3)C2=O)C(=O)N1,True,False,False,False,False,False,mgtbind_compounds.csv,mgtbind
2535,O=C1CCC(N2CC3=C(C=CC(O[C@H]4CCN(CC5=CC=C6N=C(C7CCOCC7)C=CC6=C5)C4=O)=C3)C2=O)C(=O)N1,True,False,False,False,False,False,mgtbind_compounds.csv,mgtbind
2536,"COC[C@@H]1CCC[C@H](C2=NC3=CC=C(C=C3C=C2)CN2CC[C@H](OC3=[C@H]C4=C(C(=O)N(C4)C4CCC(=O)NC4=O)C=[C@@H]3)C2)C1 |&1:3,7,22,25,41,r|",True,False,False,False,False,False,mgtbind_compounds.csv,mgtbind
2537,"COC[C@H]1CCC[C@H](C2=NC3=CC=C(C=C3C=C2)CN2CC[C@H](OC3=[C@H]C4=C(C(=O)N(C4)C4CCC(=O)NC4=O)C=[C@@H]3)C2)C1 |&1:3,7,22,25,41,r|",True,False,False,False,False,False,mgtbind_compounds.csv,mgtbind
2538,C[C@@H]1CN(CC2=CC(F)=C3N=C([C@H]4CCOC4)C=CC3=C2)C[C@H]1OC1=CC=C2C(=O)N(C3CCC(=O)NC3=O)CC2=C1,True,False,False,False,False,False,mgtbind_compounds.csv,mgtbind
2539,O=C1CC[C@H](N2CC3=CC(O[C@H]4CCN(CC5=CC=C6N=C(N7CCOCC7)N=CC6=C5F)C4)=CC=C3C2=O)C(=O)N1,True,False,False,False,False,False,mgtbind_compounds.csv,mgtbind
2540,O=C1CC[C@H](N2CC3=C(C=CC(O[C@H]4CCN(CC5=C(F)C=C6N=C(C7CCOCC7)C=CC6=C5)C4)=C3)C2=O)C(=O)N1,True,False,False,False,False,False,mgtbind_compounds.csv,mgtbind
2541,O=C1CC[C@H](N2CC3=C(C=CC(O[C@H]4CCN(CC5=CC(Cl)=C6N=C(C7CCOCC7)C=CC6=C5)C4)=C3)C2=O)C(=O)N1,True,False,False,False,False,False,mgtbind_compounds.csv,mgtbind
2542,"COC[C@@H]1CCC[C@@H](C2=NC3=CC=C(C=C3C=C2)CN2CC[C@H](OC3=[C@H]C4=C(C(=O)N(C4)C4CCC(=O)NC4=O)C=[C@@H]3)C2)C1 |&1:3,7,22,25,41,r|",True,False,False,False,False,False,mgtbind_compounds.csv,mgtbind
2543,COC[C@H]1CCC[C@@H](C2=CC=C3C=C(CN4CC[C@H](OC5=CC=C6C(=O)N(C7CCC(=O)NC7=O)CC6=C5)C4)C=CC3=N2)C1,True,False,False,False,False,False,mgtbind_compounds.csv,mgtbind
2544,O=C1CCC(N2CC3=CC(O[C@@H]4CN(CC5=CC=C6N=C(C7CCOCC7)C=CC6=C5)C[C@H]4C(F)(F)F)=CC=C3C2=O)C(=O)N1,True,False,False,False,False,False,mgtbind_compounds.csv,mgtbind
2545,COC[C@@H]1CN(CC2=CC=C3N=C(C4CCOCC4)C=CC3=C2)C[C@H]1OC1=CC2=C(C=C1)C(=O)N(C1CCC(=O)NC1=O)C2,True,False,False,False,False,False,mgtbind_compounds.csv,mgtbind
2546,O=C1CCC(N2CC3=C(C=CC(O[C@@H]4CN(CC5=CC=C6N=C([C@H]7CCOC7)C=CC6=C5)C[C@H]4C(F)(F)F)=C3)C2=O)C(=O)N1,True,False,False,False,False,False,mgtbind_compounds.csv,mgtbind
2547,O=C1CC[C@H](N2CC3=CC(O[C@H]4CCN(CC5=CC(F)=C6N=C(N7CCOCC7)N=CC6=C5)C4)=CC=C3C2=O)C(=O)N1,True,False,False,False,False,False,mgtbind_compounds.csv,mgtbind
2548,O=C1CC[C@H](N2CC3=CC(O[C@H]4CCN(CC5=CC=C6N=C(C7CCOCC7)C=CC6=C5Cl)C4)=CC=C3C2=O)C(=O)N1,True,False,False,False,False,False,mgtbind_compounds.csv,mgtbind
2549,O=C1CC[C@H](N2CC3=C(C=CC(O[C@H]4CCN(CC5=C(Cl)C6=CN=C(N7CCOCC7)N=C6C=C5)C4)=C3)C2=O)C(=O)N1,True,False,False,False,False,False,mgtbind_compounds.csv,mgtbind
2550,C[C@H]1C2=C(C=CC(O[C@H]3CCN(CC4=CC5=CN=C(N6CCOCC6)N=C5C=C4)C3)=C2)C(=O)N1[C@H]1CCC(=O)NC1=O,True,False,False,False,False,False,mgtbind_compounds.csv,mgtbind
2551,C[C@@H]1C2=CC(O[C@H]3CCN(CC4=CC=C5N=C(N6CCOCC6)N=CC5=C4)C3)=CC=C2C(=O)N1[C@H]1CCC(=O)NC1=O,True,False,False,False,False,False,mgtbind_compounds.csv,mgtbind
2552,COC[C@H]1CCC[C@H]1C1=CC=C2C=C(CN3CC[C@H](OC4=CC=C5C(=O)N(C6CCC(=O)NC6=O)CC5=C4)C3)C=CC2=N1,True,False,False,False,False,False,mgtbind_compounds.csv,mgtbind
2553,COC[C@@H]1CCC[C@H]1C1=NC2=CC=C(CN3CC[C@H](OC4=CC5=C(C=C4)C(=O)N(C4CCC(=O)NC4=O)C5)C3)C=C2C=C1,True,False,False,False,False,False,mgtbind_compounds.csv,mgtbind
2554,O=C1CC[C@H](N2CC3=C(C=CC(O[C@H]4CCN(CC5=CC=C6N=C(C7CCOCC7)N=CC6=C5F)C4)=C3)C2=O)C(=O)N1,True,False,False,False,False,False,mgtbind_compounds.csv,mgtbind
2555,CN(C)C1CCN(C2=NC3=CC=C(CN4CC[C@H](OC5=CC6=C(C=C5)C(=O)N(C5CCC(=O)NC5=O)C6)C4)C=C3C=C2)CC1,True,False,False,False,False,False,mgtbind_compounds.csv,mgtbind
2556,COC[C@H]1CCC[C@@H]1C1=CC=C2C=C(CN3CC[C@H](OC4=CC=C5C(=O)N(C6CCC(=O)NC6=O)CC5=C4)C3)C=CC2=N1,True,False,False,False,False,False,mgtbind_compounds.csv,mgtbind
2557,COC[C@@H]1CCC[C@@H]1C1=CC=C2C=C(CN3CC[C@H](OC4=CC=C5C(=O)N(C6CCC(=O)NC6=O)CC5=C4)C3)C=CC2=N1,True,False,False,False,False,False,mgtbind_compounds.csv,mgtbind
2558,O=C1CC[C@@H](N2CC3=C(C=CC(O[C@H]4CCN(CC5=CC6=CN=C(N7CCOCC7)N=C6C=C5)C4)=C3)C2=O)C(=O)N1,True,False,False,False,False,False,mgtbind_compounds.csv,mgtbind
2559,"CNC1CCN(C2=NC3=CC=C(C=C3C=C2)CN2CC[C@H](O[C@@]3=CC4CN(C5CCC(=O)NC5=O)C(=O)C=4C=[C@@H]3)C2)CC1 |&1:20,22,39,r|",True,False,False,False,False,False,mgtbind_compounds.csv,mgtbind
2560,O=C1CC[C@H](N2CC3=C(C=CC(O[C@H]4CCN(CC5=CC6=CN=C(N7CCOCC7)N=C6C(Cl)=C5)C4)=C3)C2=O)C(=O)N1,True,False,False,False,False,False,mgtbind_compounds.csv,mgtbind
2561,C[C@@H]1C2=CC(O[C@H]3CCN(CC4=CC=C5N=C(C6CCOCC6)C=CC5=C4)C3)=CC=C2C(=O)N1[C@H]1CCC(=O)NC1=O,True,False,False,False,False,False,mgtbind_compounds.csv,mgtbind
2562,C[C@H]1C2=CC(O[C@H]3CCN(CC4=CC=C5N=C(C6CCOCC6)C=CC5=C4)C3)=CC=C2C(=O)N1[C@H]1CCC(=O)NC1=O,True,False,False,False,False,False,mgtbind_compounds.csv,mgtbind
2563,O=C1CC[C@@H](N2CC3=C(C=CC(O[C@H]4CCN(CC5=CC(F)=C6N=C(C7CCOCC7)C=CC6=C5)C4)=C3)C2=O)C(=O)N1,True,False,False,False,False,False,mgtbind_compounds.csv,mgtbind
2564,O=C1CC[C@H](N2CC3=C(C=CC(O[C@H]4CCN(CC5=CC6=CN=C(N7CCOCC7)N=C6C(C(F)(F)F)=C5)C4)=C3)C2=O)C(=O)N1,True,False,False,False,False,False,mgtbind_compounds.csv,mgtbind
2565,O=C1CC[C@H](N2CC3=C(C=CC(O[C@H]4CCN(CC5=CC(C(F)(F)F)=C6N=C(C7CCOCC7)C=CC6=C5)C4)=C3)C2=O)C(=O)N1,True,False,False,False,False,False,mgtbind_compounds.csv,mgtbind
2566,O=C1CC[C@H](N2CC3=C(C=CC(O[C@H]4CCN(CC5=CC(C6CC6)=C6N=C(C7CCOCC7)C=CC6=C5)C4)=C3)C2=O)C(=O)N1,True,False,False,False,False,False,mgtbind_compounds.csv,mgtbind
2567,O=C1CC[C@H](N2CC3=C(C=CC(O[C@H]4CCN(CC5=CC(C6CC6)=C6N=C(N7CCOCC7)N=CC6=C5)C4)=C3)C2=O)C(=O)N1,True,False,False,False,False,False,mgtbind_compounds.csv,mgtbind
2568,CC(C)(O)C1=C2N=C(C3CCOCC3)C=CC2=CC(CN2CC[C@H](OC3=CC4=C(C=C3)C(=O)N([C@H]3CCC(=O)NC3=O)C4)C2)=C1,True,False,False,False,False,False,mgtbind_compounds.csv,mgtbind
2569,O=C1CC[C@H](N2CC3=C(C=CC(O[C@H]4CCN(CC5=CC=C6N=C(N7CCC7)N=CC6=C5)C4)=C3)C2=O)C(=O)N1,True,False,False,False,False,False,mgtbind_compounds.csv,mgtbind
2570,O=C1CC[C@H](N2CC3=C(C=CC(O[C@H]4CCN(CC5=CC=C6N=C(N7CCCC7)N=CC6=C5)C4)=C3)C2=O)C(=O)N1,True,False,False,False,False,False,mgtbind_compounds.csv,mgtbind
2571,CC(=O)N1CCN(C2=NC=C3C=C(CN4CC[C@H](OC5=CC=C6C(=O)N([C@H]7CCC(=O)NC7=O)CC6=C5)C4)C=CC3=N2)CC1,True,False,False,False,False,False,mgtbind_compounds.csv,mgtbind
2572,COC[C@@H]1CC[C@@H](C2=NC3=CC=C(CN4CC[C@H](OC5=CC6=C(C=C5)C(=O)N(C5CCC(=O)NC5=O)C6)C4)C=C3C=C2)C1,True,False,False,False,False,False,mgtbind_compounds.csv,mgtbind
2573,CN1CCN(C2=NC3=CC=C(CN4CC[C@H](OC5=CC6=C(C=C5)C(=O)N([C@H]5CCC(=O)NC5=O)C6)C4)C=C3C=N2)CC1,True,False,False,False,False,False,mgtbind_compounds.csv,mgtbind
2574,"CC(=O)N1CCN(C2=NC3=CC=C(C=C3C=C2)CN2CC[C@H](OC3=[C@H]C4=C(C(=O)N([C@H]5CCC(=O)NC5=O)C4)C=[C@@H]3)C2)CC1 |&1:21,24,30,40,a:29,r|",True,False,False,False,False,False,mgtbind_compounds.csv,mgtbind
2575,O=C1CC[C@H](N2CC3=C(C=CC(O[C@H]4CCN(CC5=CC(F)=C6N=C(C7CCOCC7)N=CC6=C5)C4)=C3)C2=O)C(=O)N1,True,False,False,False,False,False,mgtbind_compounds.csv,mgtbind
2576,CC(=O)N1CCC(C2=NC3=CC=C(CN4CC[C@H](OC5=CC6=C(C=C5)C(=O)N([C@H]5CCC(=O)NC5=O)C6)C4)C=C3C=C2)CC1,True,False,False,False,False,False,mgtbind_compounds.csv,mgtbind
2577,COC[C@H]1CC[C@H](C2=NC3=CC=C(CN4CC[C@H](OC5=CC6=C(C=C5)C(=O)N(C5CCC(=O)NC5=O)C6)C4)C=C3C=C2)C1,True,False,False,False,False,False,mgtbind_compounds.csv,mgtbind
2578,O=C1CC[C@H](N2CC3=CC(O[C@H]4CCN(CC5=CC6=CN=C(N7CCOCC7)N=C6C=C5F)C4)=CC=C3C2=O)C(=O)N1,True,False,False,False,False,False,mgtbind_compounds.csv,mgtbind
2579,"COC[C@@H]1CC[C@H](C2=NC3=CC=C(C=C3C=C2)CN2CC[C@H](OC3=[C@H]C4=C(C(=O)N(C4)C4CCC(=O)NC4=O)C=[C@@H]3)C2)C1 |&1:3,6,21,24,40,r|",True,False,False,False,False,False,mgtbind_compounds.csv,mgtbind
2580,"COC[C@H]1CC[C@@H](C2=NC3=CC=C(C=C3C=C2)CN2CC[C@H](OC3=[C@H]C4=C(C(=O)N(C4)C4CCC(=O)NC4=O)C=[C@@H]3)C2)C1 |&1:3,6,21,24,40,r|",True,False,False,False,False,False,mgtbind_compounds.csv,mgtbind
2581,CC(=O)N1CCC(C2=NC3=CC=C(CN4CC[C@H](OC5=CC6=C(C=C5)C(=O)N([C@H]5CCC(=O)NC5=O)C6)C4)C=C3C=N2)CC1,True,False,False,False,False,False,mgtbind_compounds.csv,mgtbind
2582,O=C1CC[C@H](N2CC3=C(C=CC(O[C@H]4CCN(CC5=CC(F)=C6N=C(N7CCOCC7)C=CC6=C5)C4)=C3)C2=O)C(=O)N1,True,False,False,False,False,False,mgtbind_compounds.csv,mgtbind
2583,CO[C@@H]1CCC[C@H]1C1=NC2=CC=C(CN3CC[C@H](OC4=CC5=C(C=C4)C(=O)N(C4CCC(=O)NC4=O)C5)C3)C=C2C=C1,True,False,False,False,False,False,mgtbind_compounds.csv,mgtbind
2584,CO[C@H]1CCC[C@@H]1C1=NC2=CC=C(CN3CC[C@H](OC4=CC5=C(C=C4)C(=O)N(C4CCC(=O)NC4=O)C5)C3)C=C2C=C1,True,False,False,False,False,False,mgtbind_compounds.csv,mgtbind
2585,CN1CC[C@@H](C2=NC=C3C=C(CN4CC[C@H](OC5=CC6=C(C=C5)C(=O)N(C5CCC(=O)NC5=O)C6)C4)C=CC3=N2)C1,True,False,False,False,False,False,mgtbind_compounds.csv,mgtbind
2586,CN1CC[C@H](C2=NC=C3C=C(CN4CC[C@H](OC5=CC=C6C(=O)N(C7CCC(=O)NC7=O)CC6=C5)C4)C=CC3=N2)C1,True,False,False,False,False,False,mgtbind_compounds.csv,mgtbind
2587,O=C1CC[C@H](N2CC3=C(C=CC(O[C@H]4CCN(CC5=CC(F)=C6N=C([C@@H]7CCOC7)C=CC6=C5)C4)=C3)C2=O)C(=O)N1,True,False,False,False,False,False,mgtbind_compounds.csv,mgtbind
2588,O=C1CC[C@H](N2CC3=C(C=CC(O[C@H]4CCN(CC5=CC(F)=C6N=C([C@H]7CCOC7)C=CC6=C5)C4)=C3)C2=O)C(=O)N1,True,False,False,False,False,False,mgtbind_compounds.csv,mgtbind
2589,C[C@@H]1CN(CC2=CC(F)=C3N=C(C4CCOCC4)C=CC3=C2)C[C@H]1OC1=CC2=C(C=C1)C(=O)N([C@H]1CCC(=O)NC1=O)C2,True,False,False,False,False,False,mgtbind_compounds.csv,mgtbind
2590,O=C1CC[C@H](N2CC3=C(C=CC(O[C@@H]4CN(CC5=CC=C6N=C(N7CCOCC7)N=CC6=C5)CC4(F)F)=C3)C2=O)C(=O)N1,True,False,False,False,False,False,mgtbind_compounds.csv,mgtbind
2591,COC[C@@H]1CN(CC2=CC=C3N=C(C4CCOCC4)C=CC3=C2)C[C@H]1OC1=CC=C2C(=O)N([C@H]3CCC(=O)NC3=O)CC2=C1,True,False,False,False,False,False,mgtbind_compounds.csv,mgtbind
2592,O=C1CC[C@H](N2CC3=CC(O[C@H]4CCN(CC5=CC(C6COC6)=C6N=C(C7CCOCC7)C=CC6=C5)C4)=CC=C3C2=O)C(=O)N1,True,False,False,False,False,False,mgtbind_compounds.csv,mgtbind
2593,COC[C@@H]1CN(CC2=CC3=CN=C(C4CCOCC4)N=C3C=C2)C[C@H]1OC1=CC2=C(C=C1)C(=O)N([C@H]1CCC(=O)NC1=O)C2,True,False,False,False,False,False,mgtbind_compounds.csv,mgtbind
2594,C[C@@H]1CN(CC2=CC=C3N=C([C@H]4CCOC(C)(C)C4)C=CC3=C2)C[C@H]1OC1=CC2=C(C=C1)C(=O)N([C@H]1CCC(=O)NC1=O)C2,True,False,False,False,False,False,mgtbind_compounds.csv,mgtbind
2595,CC1(C)C[C@@H](C2=NC3=CC=C(CN4CC[C@H](OC5=CC6=C(C=C5)C(=O)N([C@H]5CCC(=O)NC5=O)C6)C4)C=C3C=C2)CCO1,True,False,False,False,False,False,mgtbind_compounds.csv,mgtbind
2596,CC1(C)C[C@H](C2=NC3=CC=C(CN4CC[C@H](OC5=CC=C6C(=O)N([C@H]7CCC(=O)NC7=O)CC6=C5)C4)C=C3C=C2)CCO1,True,False,False,False,False,False,mgtbind_compounds.csv,mgtbind
2597,C[C@@H]1CN(CC2=CC=C3N=C([C@@H]4CCOC(C)(C)C4)C=CC3=C2)C[C@H]1OC1=CC=C2C(=O)N([C@H]3CCC(=O)NC3=O)CC2=C1,True,False,False,False,False,False,mgtbind_compounds.csv,mgtbind
2598,O=C1CC[C@H](N2CC3=C(C=CC(O[C@H]4CCN(CC5=CC(N6CCC6)=C6N=C(C7CCOCC7)C=CC6=C5)C4)=C3)C2=O)C(=O)N1,True,False,False,False,False,False,mgtbind_compounds.csv,mgtbind
2599,COC[C@@H]1CN(CC2=CC3=CN=C(N4CCOCC4)N=C3C=C2)C[C@H]1OC1=CC2=C(C=C1)C(=O)N([C@H]1CCC(=O)NC1=O)C2,True,False,False,False,False,False,mgtbind_compounds.csv,mgtbind
2600,O=C1CC[C@H](N2CC3=CC(O[C@@H]4CN(CC5=CC=C6N=C(C7CCOCC7)N=CC6=C5)CC4(F)F)=CC=C3C2=O)C(=O)N1,True,False,False,False,False,False,mgtbind_compounds.csv,mgtbind
2601,COC[C@@H]1CN(CC2=CC=C3N=C([C@H]4CCOC(C)(C)C4)C=CC3=C2)C[C@H]1OC1=CC2=C(C=C1)C(=O)N([C@H]1CCC(=O)NC1=O)C2,True,False,False,False,False,False,mgtbind_compounds.csv,mgtbind
2602,COC[C@@H]1CN(CC2=CC=C3N=C([C@@H]4CCOC(C)(C)C4)C=CC3=C2)C[C@H]1OC1=CC2=C(C=C1)C(=O)N([C@H]1CCC(=O)NC1=O)C2,True,False,False,False,False,False,mgtbind_compounds.csv,mgtbind
2603,O=C1CC[C@H](N2CC3=C(C=CC(O[C@@H]4CN(CC5=NC=C6C=C(C7CCOCC7)C=CC6=C5)CC4(F)F)=C3)C2=O)C(=O)N1,True,False,False,False,False,False,mgtbind_compounds.csv,mgtbind
2604,COC[C@@H]1CN(CC2=CC=C3N=C(N4CCN(C(C)=O)CC4)C=CC3=C2)C[C@H]1OC1=CC2=C(C=C1)C(=O)N([C@H]1CCC(=O)NC1=O)C2,True,False,False,False,False,False,mgtbind_compounds.csv,mgtbind
2605,O=C1CC[C@H](N2CC3=CC(O[C@@H]4CN(CC5=CC=C6N=C([C@@H]7CCOC7)C=CC6=C5)CC4(F)F)=CC=C3C2=O)C(=O)N1,True,False,False,False,False,False,mgtbind_compounds.csv,mgtbind
2606,C[C@@H]1CN(CC2=CC(F)=C3N=C([C@H]4CCOC4)C=CC3=C2)C[C@H]1OC1=CC=C2C(=O)N([C@H]3CCC(=O)NC3=O)CC2=C1,True,False,False,False,False,False,mgtbind_compounds.csv,mgtbind
2607,C[C@@H]1CN(CC2=CC(F)=C3N=C([C@@H]4CCOC4)C=CC3=C2)C[C@H]1OC1=CC2=C(C=C1)C(=O)N([C@H]1CCC(=O)NC1=O)C2,True,False,False,False,False,False,mgtbind_compounds.csv,mgtbind
2608,CC1(C)C[C@@H](C2=NC=C3C=C(CN4CC[C@H](OC5=CC6=C(C=C5)C(=O)N([C@H]5CCC(=O)NC5=O)C6)C4)C=CC3=N2)CCO1,True,False,False,False,False,False,mgtbind_compounds.csv,mgtbind
2609,O=C1CC[C@H](N2CC3=C(C=CC(O[C@@H]4CN(CC5=CC=C6N=C([C@H]7CCOC7)C=CC6=C5)CC4(F)F)=C3)C2=O)C(=O)N1,True,False,False,False,False,False,mgtbind_compounds.csv,mgtbind
2610,COC[C@@H]1CN(CC2=CC(F)=C3N=C([C@H]4CCOC(C)(C)C4)C=CC3=C2)C[C@H]1OC1=CC=C2C(=O)N([C@H]3CCC(=O)NC3=O)CC2=C1,True,False,False,False,False,False,mgtbind_compounds.csv,mgtbind
2611,CC1(C)C[C@H](C2=CC=C3C=C(CN4CC[C@H](OC5=CC=C6C(=O)N([C@H]7CCC(=O)NC7=O)CC6=C5)C4)N=CC3=C2)CCO1,True,False,False,False,False,False,mgtbind_compounds.csv,mgtbind
2612,CC1(C)C[C@@H](C2=CC3=C(C=C2)C=C(CN2CC[C@H](OC4=CC5=C(C=C4)C(=O)N([C@H]4CCC(=O)NC4=O)C5)C2)N=C3)CCO1,True,False,False,False,False,False,mgtbind_compounds.csv,mgtbind
2613,"COC[C@@H]1CN(CC2=CC3=CN=C(N=C3C=C2)C2CCN(C(=O)C)CC2)C[C@H]1O[C@@]1=CC2CN([C@H]3CCC(=O)NC3=O)C(=O)C=2C=[C@@H]1 |&1:3,27,29,34,46,a:33,r|",True,False,False,False,False,False,mgtbind_compounds.csv,mgtbind
2614,CC1(C)C[C@@H](C2=NC3=C(F)C=C(CN4CC[C@H](OC5=CC=C6C(=O)N([C@H]7CCC(=O)NC7=O)CC6=C5)C4)C=C3C=C2)CCO1,True,False,False,False,False,False,mgtbind_compounds.csv,mgtbind
2615,CC1(C)C[C@H](C2=NC3=CC=C(CN4CC[C@H](OC5=CC=C6C(=O)N([C@H]7CCC(=O)NC7=O)CC6=C5)C4)C=C3C=N2)CCO1,True,False,False,False,False,False,mgtbind_compounds.csv,mgtbind
2616,O=C1CCC(N2CC3=CC(O[C@@H]4CCN(C5=CN=CC=N5)C4)=CC=C3C2=O)C(=O)N1,True,False,False,False,False,False,mgtbind_compounds.csv,mgtbind
2617,O=C1CCC(N2CC3=C(C=CC(O[C@@H]4CCN(CC5=CNC6=NC=CC=C56)C4)=C3)C2=O)C(=O)N1,True,False,False,False,False,False,mgtbind_compounds.csv,mgtbind
2618,O=C1CCC(N2CC3=C(C=CC(O[C@@H]4CCN(CC5=CC6=C(C=C5)N=CC=C6)C4)=C3)C2=O)C(=O)N1,True,False,False,False,False,False,mgtbind_compounds.csv,mgtbind
2619,O=C1CCC(N2CC3=C(C=CC(O[C@@H]4CCN(CC5=CC=NC6=CC=CC=C56)C4)=C3)C2=O)C(=O)N1,True,False,False,False,False,False,mgtbind_compounds.csv,mgtbind
2620,O=C1CCC(N2CC3=C(C=CC(O[C@@H]4CCN(CC5=C6C=CC=NC6=CC=C5)C4)=C3)C2=O)C(=O)N1,True,False,False,False,False,False,mgtbind_compounds.csv,mgtbind
2621,O=C1CCC(N2CC3=C(C=CC(O[C@@H]4CCN(CC5=CNC6=CN=CC=C56)C4)=C3)C2=O)C(=O)N1,True,False,False,False,False,False,mgtbind_compounds.csv,mgtbind
2622,CC1=NC(C)=C(CN2CC[C@@H](OC3=CC=C4C(=O)N(C5CCC(=O)NC5=O)CC4=C3)C2)S1,True,False,False,False,False,False,mgtbind_compounds.csv,mgtbind
2623,NC1=NC(C2=CC=C3C(=O)N(C4CCC(=O)NC4=O)CC3=C2F)=CC=C1CN1CC(C2CCC(F)(F)CC2)C1,True,False,False,False,True,False,mgtbind_compounds.csv,mgtbind
2624,O=C1CCC(N2CC3=C(F)C(C4=NC=CC(CN5CC(C6=CC=CC=C6)C5)=C4)=CC=C3C2=O)C(=O)N1,True,False,False,False,True,False,mgtbind_compounds.csv,mgtbind
2625,NC1=C(CN2CC3(CCC3)C2)C=CC(C2=CC=C3C(=O)N(C4CCC(=O)NC4=O)CC3=C2)=N1,True,False,False,False,True,False,mgtbind_compounds.csv,mgtbind
2626,CN[C@H](CC(C)C)C1=CN(C2=CC=C(O)C=C2)C=N1,True,False,False,False,False,False,mgtbind_compounds.csv,mgtbind
2627,CC(C)NC[C@@H](O)CON1N=C(O)C2=C1N=CC=C2,True,False,False,False,False,False,mgtbind_compounds.csv,mgtbind
2628,C/C=C/CN(C)CC1=NC(N2CCOCC2)=NC2=C1N=CN2N1CCOCC1,True,False,False,False,False,False,mgtbind_compounds.csv,mgtbind
2629,CCCC[P@](=O)(O)CC(=O)[C@@H]1C=C(CN(C)C/C=C/C2=CSC=N2)CC[C@H]1C,True,False,False,False,False,False,mgtbind_compounds.csv,mgtbind
2630,CN(C/C=C/[C@@H]1C=C(N2CCOCC2)CC[C@H]1N1CCC2=C1C=CC=C2)C[C@@H]1C[C@@H](O)CN1,True,False,False,False,False,False,mgtbind_compounds.csv,mgtbind
2631,C[C@H](NCC1NCC(O)C(OC[C@H](O)CO)N1)C(N)O,True,False,False,False,False,False,mgtbind_compounds.csv,mgtbind
2632,CCOC(=O)[C@H](CCC1=CC=CC=C1)N[C@@H](C)C(=O)C1=CC=CC=C1,True,False,False,False,False,False,mgtbind_compounds.csv,mgtbind
2633,NC(=O)CC1=C(CC(N)=O)C(NC(=O)[C@@H](S)OC=O)=CC=C1,True,False,False,False,False,False,mgtbind_compounds.csv,mgtbind
2634,CC(C)NC[C@@H](O)CO[C@@H](CC#N)CC1=CC2=C(C=C1)CCN1CCCC[C@@H]21,True,False,False,False,False,False,mgtbind_compounds.csv,mgtbind
2635,O=C(O)CCSCC1=CC=C(COCCO)C=C1,True,False,False,False,True,False,mgtbind_compounds.csv,mgtbind
2636,O=C(O)CCSCC1=CC=C(CC2=CC=CC(C3=CC=CC=C3)=C2)C=C1,True,False,False,False,True,False,mgtbind_compounds.csv,mgtbind
2637,CC1=CC=C(CC[C@@H](O)CNCCCCCSCCC(=O)O)C=C1,True,False,False,False,False,False,mgtbind_compounds.csv,mgtbind
2638,NC(=O)CC1=C(Cl)C(N2CCCC2)=CC=C1,True,False,False,False,True,False,mgtbind_compounds.csv,mgtbind
2639,CC(=CCOP(=O)(O)OP(=O)(O)O)C,True,False,False,False,True,False,mgtbind_compounds.csv,mgtbind
2640,C/C(=C\COP(=O)(O)OP(=O)(O)O)/CO,True,False,False,False,False,False,mgtbind_compounds.csv,mgtbind
2641,C=CS(=O)(=O)NCC2CCN(C(=O)C(C)(C)Oc1ccc(Cl)cc1)CC2,True,False,False,False,True,False,mgtbind_compounds.csv,mgtbind
2642,CC(C)(Oc1ccc(Cl)cc1)C(=O)N2CCC(NC(=O)CCl)CC2,True,False,False,False,True,False,mgtbind_compounds.csv,mgtbind
2643,CC(C)(Oc1ccc(Cl)cc1)C(=O)N2CCC(CNC(=O)CCl)CC2,True,False,False,False,True,False,mgtbind_compounds.csv,mgtbind
2644,CC(C)(Oc1ccc(Cl)cc1)C(=O)N2CCC(CCNC(=O)CCl)CC2,True,False,False,False,True,False,mgtbind_compounds.csv,mgtbind
2645,CC(C)(Oc1ccc(Cl)cc1)C(=O)N2CCC(CCCNC(=O)CCl)CC2,True,False,False,False,True,False,mgtbind_compounds.csv,mgtbind
2646,CC(C)(Oc1ccc(Cl)cc1)C(=O)N2CCC(CCC(=O)CCl)CC2,True,False,False,False,True,False,mgtbind_compounds.csv,mgtbind
2647,CC(C)(Nc1ccc(Cl)cc1)C(=O)N2CCC(CNC(=O)CCl)CC2,True,False,False,False,True,False,mgtbind_compounds.csv,mgtbind
2648,CC(C)(Nc1ccccc1)C(=O)N2CCC(CNC(=O)CCl)CC2,True,False,False,False,True,False,mgtbind_compounds.csv,mgtbind
2649,O=C(CCl)NCC3CCN(C(=O)C2(Oc1ccc(Cl)cc1)CC2)CC3,True,False,False,False,True,False,mgtbind_compounds.csv,mgtbind
2650,O=C(CCl)NCC3CCN(C(=O)C2(Nc1ccc(Cl)cc1)CC2)CC3,True,False,False,False,True,False,mgtbind_compounds.csv,mgtbind
2651,O=C(CCl)NCC3CCN(C(=O)C2(Nc1ccccc1)CCC2)CC3,True,False,False,False,True,False,mgtbind_compounds.csv,mgtbind
2652,O=C(CCl)NCC3CCN(C(=O)C2(Oc1ccc(Cl)cc1)CCCC2)CC3,True,False,False,False,True,False,mgtbind_compounds.csv,mgtbind
2653,O=C(CCl)NCC3CCN(C(=O)C2(Nc1ccc(Cl)cc1)CCCC2)CC3,True,False,False,False,True,False,mgtbind_compounds.csv,mgtbind
2654,O=C(CCl)NCC3CCN(C(=O)C2(Oc1ccccc1)CCCC2)CC3,True,False,False,False,True,False,mgtbind_compounds.csv,mgtbind
2655,O=C(CCl)NCC3CCN(C(=O)C2(Nc1ccccc1)CCCC2)CC3,True,False,False,False,True,False,mgtbind_compounds.csv,mgtbind
2656,O=C(CCl)NCC3CCN(C(=O)C2(Nc1ccccc1)CCCCC2)CC3,True,False,False,False,True,False,mgtbind_compounds.csv,mgtbind
2657,O=C(CCl)NCC3CCN(C(=O)C2(Oc1ccc(Cl)cc1)CCCCC2)CC3,True,False,False,False,True,False,mgtbind_compounds.csv,mgtbind
2658,O=C(CCl)NCC3CCN(C(=O)C2(Nc1ccc(Cl)cc1)CCCCC2)CC3,True,False,False,False,True,False,mgtbind_compounds.csv,mgtbind
2659,O=C(CCl)NCC3CCN(C(=O)C2(Oc1ccc(Cl)cc1)CCC(F)(F)CC2)CC3,True,False,False,False,True,False,mgtbind_compounds.csv,mgtbind
2660,O=C(CCl)NCC3CCN(C(=O)C2(Nc1ccc(Cl)cc1)CCC(F)(F)CC2)CC3,True,False,False,False,True,False,mgtbind_compounds.csv,mgtbind
2661,O=C(CCl)NCC3CCN(C(=O)C2(Oc1ccc(Cl)cc1)CCOCC2)CC3,True,False,False,False,True,False,mgtbind_compounds.csv,mgtbind
2662,O=C(CCl)NCC3CCN(C(=O)C2(Nc1ccc(Cl)cc1)CCOCC2)CC3,True,False,False,False,True,False,mgtbind_compounds.csv,mgtbind
2663,O=C(CCl)NCC3CCN(C(=O)C2(Oc1ccc(Cl)cc1)CCNCC2)CC3,True,False,False,False,True,False,mgtbind_compounds.csv,mgtbind
2664,O=C(CCl)NCC3CCN(C(=O)C2(Nc1ccc(Cl)cc1)CCNCC2)CC3,True,False,False,False,True,False,mgtbind_compounds.csv,mgtbind
2665,O=C(CCl)NCC3CCN(C(=O)C2(Nc1ccccc1)CCNCC2)CC3,True,False,False,False,True,False,mgtbind_compounds.csv,mgtbind
2666,NC3CCC(Oc1ccc(Cl)cc1)(C(=O)N2CCC(CNC(=O)CCl)CC2)CC3,True,False,False,False,True,False,mgtbind_compounds.csv,mgtbind
2667,NC3CCC(Nc1ccc(Cl)cc1)(C(=O)N2CCC(CNC(=O)CCl)CC2)CC3,True,False,False,False,True,False,mgtbind_compounds.csv,mgtbind
2668,NC3CCC(Oc1ccccc1)(C(=O)N2CCC(CNC(=O)CCl)CC2)CC3,True,False,False,False,True,False,mgtbind_compounds.csv,mgtbind
2669,NC3CCC(Nc1ccccc1)(C(=O)N2CCC(CNC(=O)CCl)CC2)CC3,True,False,False,False,True,False,mgtbind_compounds.csv,mgtbind
2670,O=C(CCl)NCCC3CCN(C(=O)C2(Nc1ccc(Cl)cc1)CCOCC2)CC3,True,False,False,False,True,False,mgtbind_compounds.csv,mgtbind
2671,O=C(CCl)NCCCC3CCN(C(=O)C2(Nc1ccc(Cl)cc1)CCOCC2)CC3,True,False,False,False,True,False,mgtbind_compounds.csv,mgtbind
2672,O=C(CCl)NCCC3CCN(C(=O)C2(Nc1ccc(Cl)cc1)CCNCC2)CC3,True,False,False,False,True,False,mgtbind_compounds.csv,mgtbind
2673,O=C(CCl)NCCCC3CCN(C(=O)C2(Nc1ccc(Cl)cc1)CCNCC2)CC3,True,False,False,False,True,False,mgtbind_compounds.csv,mgtbind
2674,C=CS(=O)(=O)NCC3CCN(C(=O)C2(Nc1ccc(Cl)cc1)CCOCC2)CC3,True,False,False,False,True,False,mgtbind_compounds.csv,mgtbind
2675,O=C(CCl)CCC3CCN(C(=O)C2(Nc1ccc(Cl)cc1)CCOCC2)CC3,True,False,False,False,True,False,mgtbind_compounds.csv,mgtbind
2676,O=C(CCl)N4CC3(CCN(C(=O)C2(Nc1ccc(Cl)cc1)CCOCC2)CC3)C4,True,False,False,False,True,False,mgtbind_compounds.csv,mgtbind
2677,O=C(CCl)N1CCC4(CC1)CN(C(=O)C3(Nc2ccc(Cl)cc2)CCOCC3)C4,True,False,False,False,True,False,mgtbind_compounds.csv,mgtbind
2678,O=C(CCl)N1CCC4(CC1)CC(NC(=O)C3(Nc2ccc(Cl)cc2)CCOCC3)C4,True,False,False,False,True,False,mgtbind_compounds.csv,mgtbind
2679,O=C(CCl)NC4CC3(CCN(C(=O)C2(Nc1ccc(Cl)cc1)CCOCC2)CC3)C4,True,False,False,False,True,False,mgtbind_compounds.csv,mgtbind
2680,O=C(CCl)N1CCC4(CC1)CCN(C(=O)C3(Nc2ccc(Cl)cc2)CCOCC3)CC4,True,False,False,False,True,False,mgtbind_compounds.csv,mgtbind
2681,O=C(CCl)NCC4CC3(CCN(C(=O)C2(Nc1ccc(Cl)cc1)CCOCC2)CC3)C4,True,False,False,False,True,False,mgtbind_compounds.csv,mgtbind
2682,O=C(CCl)N1CCC4(CC1)CC(CNC(=O)C3(Nc2ccc(Cl)cc2)CCOCC3)C4,True,False,False,False,True,False,mgtbind_compounds.csv,mgtbind
2683,CC3CC(Nc1ccc(Cl)cc1)(C(=O)N2CCC(CNC(=O)CCl)CC2)CC(C)O3,True,False,False,False,True,False,mgtbind_compounds.csv,mgtbind
2684,CC3(C)CC(Nc1ccc(Cl)cc1)(C(=O)N2CCC(CNC(=O)CCl)CC2)CC(C)(C)O3,True,False,False,False,True,False,mgtbind_compounds.csv,mgtbind
2685,CC4CC(Nc1ccc(Cl)cc1)(C(=O)NCC3CC2(CCN(C(=O)CCl)CC2)C3)CC(C)O4,True,False,False,False,True,False,mgtbind_compounds.csv,mgtbind
2686,CC4CC(Nc1ccc(Cl)cc1)(C(=O)N3CCC2(CCN(C(=O)CCl)CC2)CC3)CC(C)O4,True,False,False,False,True,False,mgtbind_compounds.csv,mgtbind
2687,CC(=O)N6CCN(c5nc(NCc2nc1cc(Cl)c(Cl)cc1[nH]2)c4ncn(c3cnn(C)c3)c4n5)CC6,True,False,False,False,True,False,mgtbind_compounds.csv,mgtbind
2688,CC(=O)N5CCN(c4nc(NCc2nc1cc(Cl)c(Cl)cc1[nH]2)c3ncn(C)c3n4)CC5,True,False,False,False,True,False,mgtbind_compounds.csv,mgtbind
2689,CCn5cnc4c(NCc2nc1cc(Cl)c(Cl)cc1[nH]2)nc(N3CCN(C(C)=O)CC3)nc45,True,False,False,False,True,False,mgtbind_compounds.csv,mgtbind
2690,CC(=O)N5CCN(c4nc(NCc2nc1cc(Cl)c(Cl)cc1[nH]2)c3ncn(C(C)C)c3n4)CC5,True,False,False,False,True,False,mgtbind_compounds.csv,mgtbind
2691,CCn5cnc4c(NCc2nc1cc(Cl)c(Cl)cc1[nH]2)nc(N3CCN(S(C)(=O)=O)CC3)nc45,True,False,False,False,True,False,mgtbind_compounds.csv,mgtbind
2692,CCn5cnc4c(NCc2nc1cc(Cl)c(Cl)cc1[nH]2)nc(N3CCC(NC(C)=O)CC3)nc45,True,False,False,False,True,False,mgtbind_compounds.csv,mgtbind
2693,CCCCOc4nc(NCc2nc1cc(Cl)c(Cl)cc1[nH]2)c3ncn(CC)c3n4,True,False,False,False,True,False,mgtbind_compounds.csv,mgtbind
2694,CCn6cnc5c(NCc2nc1cc(Cl)c(Cl)cc1[nH]2)nc(N4CCn3ncnc3C4)nc56,True,False,False,False,True,False,mgtbind_compounds.csv,mgtbind
2695,CCn6cnc5c(NCc2nc1cc(Cl)c(Cl)cc1[nH]2)nc(N4CCN(C(=O)c3ccncc3)CC4)nc56,True,False,False,False,True,False,mgtbind_compounds.csv,mgtbind
2696,CCn6cnc5c(NCc2nc1cc(Cl)c(Cl)cc1[nH]2)nc(N4CCN(C(=O)c3cccnc3)CC4)nc56,True,False,False,False,True,False,mgtbind_compounds.csv,mgtbind
2697,CCn6cnc5c(NCc2nc1cc(Cl)c(Cl)cc1[nH]2)nc(N4CCN(C(=O)c3ccccn3)CC4)nc56,True,False,False,False,True,False,mgtbind_compounds.csv,mgtbind
2698,CCn6cnc5c(NCc2nc1cc(Cl)c(Cl)cc1[nH]2)nc(N4CCN(C(=O)c3ccccc3)CC4)nc56,True,False,False,False,True,False,mgtbind_compounds.csv,mgtbind
2699,CCn6cnc5c(NCc2nc1cc(Cl)c(Cl)cc1[nH]2)nc(N4CCN(c3ccccn3)CC4)nc56,True,False,False,False,True,False,mgtbind_compounds.csv,mgtbind
2700,CCn6cnc5c(NCc2nc1cc(Cl)c(Cl)cc1[nH]2)nc(N4CCN(Cc3ccncc3)CC4)nc56,True,False,False,False,True,False,mgtbind_compounds.csv,mgtbind
2701,CCn5cnc4c(NCc2nc1cc(Cl)c(Cl)cc1[nH]2)nc(N3CCN(C(=O)CNC(C)=O)CC3)nc45,True,False,False,False,True,False,mgtbind_compounds.csv,mgtbind
2702,CCn5cnc4c(NCc2nc1cc(Cl)c(Cl)cc1[nH]2)nc(N3CCN(C(=O)[C@H](C)NC(C)=O)CC3)nc45,True,False,False,False,False,False,mgtbind_compounds.csv,mgtbind
2703,CCN(CC)CC(=O)N5CCN(c4nc(NCc2nc1cc(Cl)c(Cl)cc1[nH]2)c3ncn(CC)c3n4)CC5,True,False,False,False,True,False,mgtbind_compounds.csv,mgtbind
2704,CCn6cnc5c(NCc2nc1cc(F)c(F)cc1[nH]2)nc(N4CCn3ncnc3C4)nc56,True,False,False,False,True,False,mgtbind_compounds.csv,mgtbind
2705,CCn6cnc5c(NCc2nc1ccc(F)c(F)c1[nH]2)nc(N4CCn3ncnc3C4)nc56,True,False,False,False,True,False,mgtbind_compounds.csv,mgtbind
2706,Cc4ccc(NC(=O)CCc3ccc2C(=O)N(C1CCC(=O)NC1=O)Cc2c3)cc4Cl,True,False,False,False,True,False,mgtbind_compounds.csv,mgtbind
2707,Cc4ccc(NC(=O)CCc3ccc2c(=O)n(C1CCC(=O)NC1=O)c(=O)c2c3)cc4Cl,True,False,False,False,True,False,mgtbind_compounds.csv,mgtbind
2708,Cc4ccc(NC(=O)CCc2cccc3C(=O)N(C1CCC(=O)NC1=O)Cc23)cc4Cl,True,False,False,False,True,False,mgtbind_compounds.csv,mgtbind
2709,Cc4ccc(NC(=O)CCc3ccc2CN(C1CCC(=O)NC1=O)C(=O)c2c3)cc4Cl,True,False,False,False,True,False,mgtbind_compounds.csv,mgtbind
2710,Cc4ccc(NC(=O)CNc3ccc2CN(C1CCC(=O)NC1=O)C(=O)c2c3)cc4Cl,True,False,False,False,True,False,mgtbind_compounds.csv,mgtbind
2711,Cc4ccc(NC(=O)COc3ccc2CN(C1CCC(=O)NC1=O)C(=O)c2c3)cc4Cl,True,False,False,False,True,False,mgtbind_compounds.csv,mgtbind
2712,Cc4ccc(NC(=O)/C=C/c3ccc2CN(C1CCC(=O)NC1=O)C(=O)c2c3)cc4Cl,True,False,False,False,False,False,mgtbind_compounds.csv,mgtbind
2713,Cc4ccc(NC(=O)CC(C)c3ccc2CN(C1CCC(=O)NC1=O)C(=O)c2c3)cc4Cl,True,False,False,False,True,False,mgtbind_compounds.csv,mgtbind
2714,Cc4ccc(NC(=O)C(C)Cc3ccc2CN(C1CCC(=O)NC1=O)C(=O)c2c3)cc4Cl,True,False,False,False,True,False,mgtbind_compounds.csv,mgtbind
2715,Cc4c(Cl)cc(NC(=O)CCc3ccc2CN(C1CCC(=O)NC1=O)C(=O)c2c3)cc4CN5CCN(C)CC5,True,False,False,False,True,False,mgtbind_compounds.csv,mgtbind
2716,Cc4c(Cl)cc(NC(=O)CCc3ccc2CN(C1CCC(=O)NC1=O)C(=O)c2c3)cc4CN5CCOCC5,True,False,False,False,True,False,mgtbind_compounds.csv,mgtbind
2717,Cc4c(Cl)cc(NC(=O)CCc3ccc2CN(C1CCC(=O)NC1=O)C(=O)c2c3)cc4CN6CCN(C5CCOCC5)CC6,True,False,False,False,True,False,mgtbind_compounds.csv,mgtbind
2718,Cc4c(Cl)cc(NC(=O)CCc3ccc2CN(C1CCC(=O)NC1=O)C(=O)c2c3)cc4CN6CCC(N5CCOCC5)CC6,True,False,False,False,True,False,mgtbind_compounds.csv,mgtbind
2719,Cc4c(Cl)cc(NC(=O)CCc3ccc2CN(C1CCC(=O)NC1=O)C(=O)c2c3)cc4CN6CCN(C5COC5)CC6,True,False,False,False,True,False,mgtbind_compounds.csv,mgtbind
2720,Cc4c(Cl)cc(NC(=O)CCc3ccc2CN(C1CCC(=O)NC1=O)C(=O)c2c3)cc4CN6CC(N5CCOCC5)C6,True,False,False,False,True,False,mgtbind_compounds.csv,mgtbind
2721,Cc4c(Cl)cc(NC(=O)CCc3ccc2CN(C1CCC(=O)NC1=O)C(=O)c2c3)cc4CN6CC5(COC5)C6,True,False,False,False,True,False,mgtbind_compounds.csv,mgtbind
2722,COCCN(C)Cc4cc(NC(=O)CCc3ccc2CN(C1CCC(=O)NC1=O)C(=O)c2c3)cc(Cl)c4C,True,False,False,False,True,False,mgtbind_compounds.csv,mgtbind
2723,Cc4cccc(OCC(=O)Nc3cc(c2nc1ncccc1o2)ccc3Cl)c4,True,False,False,False,True,False,mgtbind_compounds.csv,mgtbind
2724,O=C(O)c3cccc(c2ccc(CNCc1ccc(F)cc1)o2)c3,True,False,False,False,True,False,mgtbind_compounds.csv,mgtbind
2725,Nc4c(C(=O)NCCc1c[nH]c2ccccc12)sc5nc3CCCc3cc45,True,False,False,False,True,False,mgtbind_compounds.csv,mgtbind
2726,Cc1ccccc1OC(C)C(=O)Nc3ccc(C(=O)N2CCCC2)cc3,True,False,False,False,True,False,mgtbind_compounds.csv,mgtbind
2727,NC(=O)c3ccc(NC(=O)COc2ccc(c1ccccc1)cc2Br)cc3,True,False,False,False,True,False,mgtbind_compounds.csv,mgtbind
2728,COc3ccc(Cc2nnc(SCC(=O)Nc1ccc(Br)cc1F)n2C)cc3,True,False,False,False,True,False,mgtbind_compounds.csv,mgtbind
2729,COc1ccccc1OCC(=O)Nc4cccc(c3nc2ccccc2c(=O)o3)c4,True,False,False,False,True,False,mgtbind_compounds.csv,mgtbind
2730,CC4(C)CC(=O)c3cnc(NC(=O)CN2CCN(c1ccccc1F)CC2)nc3C4,True,False,False,False,True,False,mgtbind_compounds.csv,mgtbind
2731,Cc5ccc(OCc3nnc4sc(c2ccc1OCOc1c2)nn34)cc5,True,False,False,False,True,False,mgtbind_compounds.csv,mgtbind
2732,O=C(N1CCOCC1)N4CCN(CC(O)COc3ccc2ccccc2c3)CC4,True,False,False,False,True,False,mgtbind_compounds.csv,mgtbind
2733,Cc2cccc3cc(C(=O)N/N=C/c1cccc(O)c1)c(C)nc23,True,False,False,False,False,False,mgtbind_compounds.csv,mgtbind
2734,C/C(C)=N\NC(=O)c2cnc1c(C)cccc1c2,True,False,False,False,False,False,mgtbind_compounds.csv,mgtbind
2735,COc2ccc1ccccc1c2/C=N/NC(=O)c4cnc3c(C)cccc3c4,True,False,False,False,False,False,mgtbind_compounds.csv,mgtbind
2736,O=C(N/N=C/c1cccnc1)c3cnc2ccccc2c3,True,False,False,False,False,False,mgtbind_compounds.csv,mgtbind
2737,O=C(N/N=C/c1cccc(Cl)c1)c3cnc2ccccc2c3,True,False,False,False,False,False,mgtbind_compounds.csv,mgtbind
2738,O=C(N/N=C/c1cccc(N(=O)=O)c1)c3cnc2ccccc2c3,True,False,False,False,False,False,mgtbind_compounds.csv,mgtbind
2739,Cc3ccc2ncc(C(=O)N/N=C/c1cccnc1)cc2c3,True,False,False,False,False,False,mgtbind_compounds.csv,mgtbind
2740,Cc3ccc2ncc(C(=O)N/N=C/c1cccc(O)c1)cc2c3,True,False,False,False,False,False,mgtbind_compounds.csv,mgtbind
2741,Cc3ccc2ncc(C(=O)N/N=C/c1cccc(Cl)c1)cc2c3,True,False,False,False,False,False,mgtbind_compounds.csv,mgtbind
2742,Cc3ccc2ncc(C(=O)N/N=C/c1cccc(N(=O)=O)c1)cc2c3,True,False,False,False,False,False,mgtbind_compounds.csv,mgtbind
2743,Cc2cccc3cc(C(=O)N/N=C/c1cccnc1)cnc23,True,False,False,False,False,False,mgtbind_compounds.csv,mgtbind
2744,Cc3cccc4cc(C(=O)N/N=C/c1c(C)[nH]c2ccccc12)cnc34,True,False,False,False,False,False,mgtbind_compounds.csv,mgtbind
2745,Cc2cccc3cc(C(=O)N/N=C/c1ccccc1)cnc23,True,False,False,False,False,False,mgtbind_compounds.csv,mgtbind
2746,O=C(N/N=C/c1ccccc1O)c3cnc2ccccc2c3,True,False,False,False,False,False,mgtbind_compounds.csv,mgtbind
2747,Cc2cccc3cc(C(=O)N/N=C/c1cccc(N(=O)=O)c1)cnc23,True,False,False,False,False,False,mgtbind_compounds.csv,mgtbind
2748,Cc2cccc3cc(C(=O)N/N=C/c1ccccc1Cl)cnc23,True,False,False,False,False,False,mgtbind_compounds.csv,mgtbind
2749,Cc2cccc3cc(C(=O)N/N=C/c1ccccc1O)cnc23,True,False,False,False,False,False,mgtbind_compounds.csv,mgtbind
2750,Cc2cccc3cc(C(=O)N/N=C/c1cccc(Cl)c1)cnc23,True,False,False,False,False,False,mgtbind_compounds.csv,mgtbind
2751,O=C3CCC(n2c(=O)c1cccc(F)c1c2=O)C(=O)N3,True,False,False,False,True,False,mgtbind_compounds.csv,mgtbind
2752,O=C3CCC(n2c(=O)c1ccc(F)cc1c2=O)C(=O)N3,True,False,False,False,True,False,mgtbind_compounds.csv,mgtbind
2753,N#CCc2cccc3c(=O)n(C1CCC(=O)NC1=O)c(=O)c23,True,False,False,False,True,False,mgtbind_compounds.csv,mgtbind
2754,O=C5CCC(N4Cc3cc(NC(=O)c2ccc1ccccc1c2)ccc3C4=O)C(=O)N5,True,False,False,False,True,False,mgtbind_compounds.csv,mgtbind
2755,COc5ccc4cc(C(=O)Nc3ccc2C(=O)N(C1CCC(=O)NC1=O)Cc2c3)ccc4c5,True,False,False,False,True,False,mgtbind_compounds.csv,mgtbind
2756,COc5cccc4/C=C(C(=O)Nc3ccc2C(=O)N(C1CCC(=O)NC1=O)Cc2c3)\COc45,True,False,False,False,False,False,mgtbind_compounds.csv,mgtbind
2757,COc1ccc(Br)cc1S(=O)(=O)Nc3cc2c(C)noc2cc3OCC(=O)NCCCCCNc5cccc6c(=O)n(C4CCC(=O)NC4=O)c(=O)c56,True,False,False,False,True,False,mgtbind_compounds.csv,mgtbind
2758,O=C(C[C@H]1C)NN=C1C2=CC(F)=C(N3CCOCC3)C=C2,True,False,False,False,False,False,mgtbind_compounds.csv,mgtbind
2759,O=C(C[C@H]1C)NN=C1C2=CC=C(N3CCOCC3)C=C2,True,False,False,False,False,False,mgtbind_compounds.csv,mgtbind
2760, O=C(CC1)NN=C1C2=CC=C(N3CCOCC3)C=C2 ,True,False,False,False,True,False,mgtbind_compounds.csv,mgtbind
2761, O=C(CC1)NN=C1C2=CC=C(N3CCOCC3)C(F)=C2 ,True,False,False,False,True,False,mgtbind_compounds.csv,mgtbind
2762, O=C(C[C@H]1C)NN=C1C2=CC(F)=C(N3CCOCC3)C(F)=C2 ,True,False,False,False,False,False,mgtbind_compounds.csv,mgtbind
2763, O=C(C[C@H]1C)NN=C1C2=CC(Cl)=C(N3CCOCC3)C(F)=C2,True,False,False,False,False,False,mgtbind_compounds.csv,mgtbind
2764, O=C(CC1)NN=C1C2=CC(Cl)=C(N3CCOCC3)C(Cl)=C2 ,True,False,False,False,True,False,mgtbind_compounds.csv,mgtbind
2765, O=C1C[C@@H](C)C(C2=CC=C(C=C2)N3CCCCC3)=NN1 ,True,False,False,False,False,False,mgtbind_compounds.csv,mgtbind
2766, O=C(O[C@H]1C)NN=C1C2=CC=C(N3CCOCC3)C(F)=C2 ,True,False,False,False,False,False,mgtbind_compounds.csv,mgtbind
2767, O=C(O[C@H]1C)NN=C1C2=CC=C(N3CCOCC3)C(C(F)(F)F)=C2 ,True,False,False,False,False,False,mgtbind_compounds.csv,mgtbind
2768, O=C1OCC(C2=CC=C(C(F)=C2)N3CCOCC3)=NN1 ,True,False,False,False,True,False,mgtbind_compounds.csv,mgtbind
2769, O=C1OCC(C2=CC=C(C(C(F)(F)F)=C2)N3CCOCC3)=NN1 ,True,False,False,False,True,False,mgtbind_compounds.csv,mgtbind
2770, O=C1OCC(C2=CC=C(C(F)=C2)N3CCC(F)(CC3)F)=NN1 ,True,False,False,False,True,False,mgtbind_compounds.csv,mgtbind
2771, O=C1OCC(C2=CC=C(C(C(F)(F)F)=C2)N3CCC(F)(CC3)F)=NN1 ,True,False,False,False,True,False,mgtbind_compounds.csv,mgtbind
2772, O=C(O[C@H]1C)NN=C1C2=CC=C(N3CCN(C)CC3)C(C(F)(F)F)=C2 ,True,False,False,False,False,False,mgtbind_compounds.csv,mgtbind
2773, O=C(OC1)NN=C1C2=CC=C(C3=CC=C(F)C=C3)C(F)=C2 ,True,False,False,False,True,False,mgtbind_compounds.csv,mgtbind
2774, O=C(OC1)NN=C1C2=CC=C(C3=CC=C(F)C=C3)C(C(F)(F)F)=C2 ,True,False,False,False,True,False,mgtbind_compounds.csv,mgtbind
2775, O=C(OC1)NN=C1C2=CC=C(C3=CC=C(F)C=C3)C(OC(F)(F)F)=C2 ,True,False,False,False,True,False,mgtbind_compounds.csv,mgtbind
2776, O=C1OCC(C2=CC=C(C(C)=C2)C3=CC=C(C=C3)F)=NN1 ,True,False,False,False,True,False,mgtbind_compounds.csv,mgtbind
2777, O=C(O[C@H]1C)NN=C1C2=CC=C(C3=CC=C(F)C=C3)C(C(F)(F)F)=C2 ,True,False,False,False,False,False,mgtbind_compounds.csv,mgtbind
2778, O=C(O[C@H]1C)NN=C1C2=CC=C(C3=CC(F)=CC=C3)C(C(F)(F)F)=C2 ,True,False,False,False,False,False,mgtbind_compounds.csv,mgtbind
2779, O=C(O[C@H]1C)NN=C1C2=CC=C(C3=CC=CC=C3F)C(C(F)(F)F)=C2 ,True,False,False,False,False,False,mgtbind_compounds.csv,mgtbind
2780, O=C(NN=C1C2=CC=C(C(C(F)(F)F)=C2)C3=CC=C(C=C3)O)O[C@H]1C ,True,False,False,False,False,False,mgtbind_compounds.csv,mgtbind
2781, O=C(O[C@H]1C)NN=C1C2=CC=C(C3=CC=C(OC)C=C3)C(C(F)(F)F)=C2 ,True,False,False,False,False,False,mgtbind_compounds.csv,mgtbind
2782, O=C(O[C@H]1C)NN=C1C2=CC=C(C3=CC=NC=C3)C(C(F)(F)F)=C2 ,True,False,False,False,False,False,mgtbind_compounds.csv,mgtbind
2783, O=C(O[C@H]1C)NN=C1C2=CC=C(C3=CC(N)=NC=C3)C(C(F)(F)F)=C2 ,True,False,False,False,False,False,mgtbind_compounds.csv,mgtbind
2784, O=C(O[C@H]1C)NN=C1C2=CC=C(C3=CC(C)=NC=C3)C(C(F)(F)F)=C2 ,True,False,False,False,False,False,mgtbind_compounds.csv,mgtbind
2785, O=C(O[C@H]1C)NN=C1C2=CC=C(C3=CN=C(C)C=C3)C(C(F)(F)F)=C2 ,True,False,False,False,False,False,mgtbind_compounds.csv,mgtbind
2786, O=C(O[C@H]1C)NN=C1C2=CC=C(C3=CN=C(OC)C=C3)C(C(F)(F)F)=C2 ,True,False,False,False,False,False,mgtbind_compounds.csv,mgtbind
2787, O=C(O[C@H]1C)NN=C1C2=CC=C(C3=CN=CC=C3C)C(C(F)(F)F)=C2 ,True,False,False,False,False,False,mgtbind_compounds.csv,mgtbind
2788, O=C(O[C@H]1C)NN=C1C2=CC=C(C3=CC=C(Cl)C=N3)C(C(F)(F)F)=C2 ,True,False,False,False,False,False,mgtbind_compounds.csv,mgtbind
2789, O=C(O[C@H]1C)NN=C1C2=CC=C(C3=CN(C(F)F)N=C3)C(C(F)(F)F)=C2 ,True,False,False,False,False,False,mgtbind_compounds.csv,mgtbind
2790, O=C(O[C@H]1C)NN=C1C2=CC=C(N3C=C(C(F)(F)F)C=N3)C(C(F)(F)F)=C2,True,False,False,False,False,False,mgtbind_compounds.csv,mgtbind
2791,COc1ccccc1C5CCN(c3nc(C2(F)CC2)nc4ccc(N(C)CCO)cc34)CC5,True,False,False,False,True,False,mgtbind_compounds.csv,mgtbind
2792,COc1ccccc1C5CCN(c3nc(C2(C(F)(F)F)CC2)nc4ccc(N(C)CCO)cc34)CC5,True,False,False,False,True,False,mgtbind_compounds.csv,mgtbind
2793,CCCN(C)c5ccc4nc(C1CC1)nc(N3CCC(c2ccccc2OC)CC3)c4c5,True,False,False,False,True,False,mgtbind_compounds.csv,mgtbind
2794,COc1ccccc1C5CCN(c3nc(C2(F)CCC2)nc4c(Cl)cc(N(C)CCO)cc34)CC5,True,False,False,False,True,False,mgtbind_compounds.csv,mgtbind
2795,COc5ccc(C(=O)/C=C/C(=O)N4CCC(n3cc(c2cnc(N)c(O[C@H](C)c1c(Cl)ccc(F)c1Cl)c2)cn3)CC4)cc5,True,False,False,False,False,False,mgtbind_compounds.csv,mgtbind
2796,COc5ccc(C(=O)/C=C/C(=O)N4CCC(c3cc(OC(C)C)c(Nc2ncc(Cl)c(Nc1ccccc1S(=O)(=O)C(C)C)n2)cc3C)CC4)cc5,True,False,False,False,False,False,mgtbind_compounds.csv,mgtbind
2797,COc6ccc(C(=O)/C=C/C(=O)N5CCN(C4CCN(c3ccc(Nc2ncc(Cl)c(Nc1ccccc1P(C)(C)=O)n2)c(OC)c3)CC4)CC5)cc6,True,False,False,False,False,False,mgtbind_compounds.csv,mgtbind
2798,CCc4cc3C(=O)c1c([nH]c2cc(C#N)ccc12)C(C)(C)c3cc4N7CCC(N6CCN(C(=O)/C=C/C(=O)c5ccc(OC)cc5)CC6)CC7,True,False,False,False,False,False,mgtbind_compounds.csv,mgtbind
2799,[H][C@]34CCC[C@]([H])([C@@H](/C=C/c1ccccc1Cl)CN(Cc2ccccn2)C3=O)N4S(=O)(=O)c5cc(Cl)cc(Cl)c5,True,False,False,False,False,False,mgtbind_compounds.csv,mgtbind
2800,[H][C@]34CCC[C@]([H])([C@@H](/C=C/c1ccccc1Cl)CN(Cc2ccccn2)C3=O)N4S(=O)(=O)c5cc(Cl)cc(Br)c5,True,False,False,False,False,False,mgtbind_compounds.csv,mgtbind
2801,[H][C@]34CCC[C@]([H])([C@@H](/C=C/c1ccccc1Cl)CN(Cc2ccccn2)C3=O)N4S(=O)(=O)c5cc(Cl)cc(C#N)c5,True,False,False,False,False,False,mgtbind_compounds.csv,mgtbind
2802,[H][C@]34CCC[C@]([H])([C@@H](/C=C/c1ccccc1Cl)CN(Cc2ccccn2)C3=O)N4S(=O)(=O)c5cc(Cl)cc(C#C)c5,True,False,False,False,False,False,mgtbind_compounds.csv,mgtbind
2803,[H][C@]34CCC[C@]([H])([C@@H](/C=C/c1ccccc1Cl)CN(Cc2ccccn2)C3=O)N4S(=O)(=O)c5cc(Cl)cc(C#CC(=C)C)c5,True,False,False,False,False,False,mgtbind_compounds.csv,mgtbind
2804,[H][C@]34CCC[C@]([H])([C@@H](/C=C/c1ccccc1Cl)CN(Cc2ccccn2)C3=O)N4S(=O)(=O)c6cc(Cl)cc(C#Cc5cccnc5)c6,True,False,False,False,False,False,mgtbind_compounds.csv,mgtbind
2805,[H][C@]34CCC[C@]([H])([C@@H](/C=C/c1ccccc1Cl)CN(Cc2ccccn2)C3=O)N4S(=O)(=O)c6cc(Cl)cc(C#Cc5ccc(CO)s5)c6,True,False,False,False,False,False,mgtbind_compounds.csv,mgtbind
2806,[H][C@]34CCC[C@]([H])([C@@H](/C=C/c1ccccc1Cl)CN(Cc2ccccn2)C3=O)N4S(=O)(=O)c6cc(Cl)cc(C#Cc5cnc(C)s5)c6,True,False,False,False,False,False,mgtbind_compounds.csv,mgtbind
2807,[H][C@]34CCC[C@]([H])([C@@H](/C=C/c1ccccc1Cl)CN(Cc2ccccn2)C3=O)N4S(=O)(=O)c6cc(Cl)cc(C#Cc5cncs5)c6,True,False,False,False,False,False,mgtbind_compounds.csv,mgtbind
2808,[H][C@]34CCC[C@]([H])([C@@H](/C=C/c1ccccc1Cl)CN(Cc2ccccn2)C3=O)N4S(=O)(=O)c6cc(Cl)cc(C#Cc5ccc(C#N)cc5)c6,True,False,False,False,False,False,mgtbind_compounds.csv,mgtbind
2809,[H][C@]34CCC[C@]([H])([C@@H](/C=C/c1ccccc1Cl)CN(Cc2ccccn2)C3=O)N4S(=O)(=O)c6cc(Cl)cc(C#Cc5cccc(O)c5)c6,True,False,False,False,False,False,mgtbind_compounds.csv,mgtbind
2810,[H][C@]34CCC[C@]([H])([C@@H](/C=C/c1ccccc1Cl)CN(Cc2ccccn2)C3=O)N4S(=O)(=O)c6cc(Cl)cc(C#Cc5cccs5)c6,True,False,False,False,False,False,mgtbind_compounds.csv,mgtbind
2811,[H][C@]34CCC[C@]([H])([C@@H](/C=C/c1ccccc1Cl)CN(Cc2ccccn2)C3=O)N4S(=O)(=O)c6cc(Cl)cc(C#Cc5ccsc5)c6,True,False,False,False,False,False,mgtbind_compounds.csv,mgtbind
2812,[H][C@]34CCC[C@]([H])([C@@H](/C=C/c1ccccc1Cl)CN(Cc2ccccn2)C3=O)N4S(=O)(=O)c6cc(Cl)cc(C#Cc5ccccc5)c6,True,False,False,False,False,False,mgtbind_compounds.csv,mgtbind
2813,[H][C@]34CCC[C@]([H])([C@@H](/C=C/c1ccccc1Cl)CN(Cc2ccccn2)C3=O)N4S(=O)(=O)c6cc(Cl)cc(C#Cc5csc(C)c5)c6,True,False,False,False,False,False,mgtbind_compounds.csv,mgtbind
2814,[H][C@]34CCC[C@]([H])([C@@H](/C=C/c1ccccc1Cl)CN(Cc2ccccn2)C3=O)N4S(=O)(=O)c6cc(Cl)cc(C#Cc5ccc(C)s5)c6,True,False,False,False,False,False,mgtbind_compounds.csv,mgtbind
2815,[H][C@]34CCC[C@]([H])([C@@H](/C=C/c1ccccc1Cl)CN(Cc2ccccn2)C3=O)N4S(=O)(=O)c6cc(Cl)cc(C#Cc5ccc(C)cc5)c6,True,False,False,False,False,False,mgtbind_compounds.csv,mgtbind
2816,C[Si](C)(C)C#Cc5cc(Cl)cc(S(=O)(=O)N1C4CCCC1[C@@H](/C=C/c2ccccc2Cl)CN(Cc3ccccn3)C4=O)c5,True,False,False,False,False,False,mgtbind_compounds.csv,mgtbind
2817,O=C1N(C2C(NC(CC2)=O)=O)CC3=CC(NCC4=CC=CC=C4)=CC=C31,True,False,False,False,True,False,mgtbind_compounds.csv,mgtbind
2818,O=C1N(C2C(NC(CC2)=O)=O)CC3=CC(NCC4=CC=C(OC)C=C4)=CC=C31,True,False,False,False,True,False,mgtbind_compounds.csv,mgtbind
2819,O=C1N(C2C(NC(CC2)=O)=O)CC3=CC(NCC4=CC(C=CC=C5)=C5C=C4)=CC=C31,True,False,False,False,True,False,mgtbind_compounds.csv,mgtbind
2820,O=C1N(C2C(NC(CC2)=O)=O)CC3=CC(NCC4=CC5=C(C=CC=C5)O4)=CC=C31,True,False,False,False,True,False,mgtbind_compounds.csv,mgtbind
2821,O=C1N(C2C(NC(CC2)=O)=O)CC3=CC(NCC4=CC=CC(OCC5=CC=CC=C5)=C4)=CC=C31,True,False,False,False,True,False,mgtbind_compounds.csv,mgtbind
2822,O=C1N(C2C(NC(CC2)=O)=O)CC3=CC(NCC4=CC(OC5=CC=CC=C5)=CC=C4)=CC=C31,True,False,False,False,True,False,mgtbind_compounds.csv,mgtbind
2823,O=C(NC(CC1)=O)C1N2CC3=CC(NCC4=CC(C(C=CC=C5)=C5O6)=C6C=C4)=CC=C3C2=O,True,False,False,False,True,False,mgtbind_compounds.csv,mgtbind
2824,O=C1N(C2C(NC(CC2)=O)=O)CC3=CC(NCC4=C(C=CC=C5)C5=CC=C4)=CC=C31,True,False,False,False,True,False,mgtbind_compounds.csv,mgtbind
2825,O=C1N(C2C(NC(CC2)=O)=O)CC3=CC(NC(C4=CC(C=CC=C5)=C5C=C4)=O)=CC=C31,True,False,False,False,True,False,mgtbind_compounds.csv,mgtbind
2826,O=C1N(C2C(NC(CC2)=O)=O)CC3=CC(NCCC4=CC=C(C=CC=C5)C5=C4)=CC=C31,True,False,False,False,True,False,mgtbind_compounds.csv,mgtbind
2827,O=C1N(C2C(NC(CC2)=O)=O)C(C3=C1C=CC(NCC4=CC5=CC=CC=C5C=C4)=C3)=O,True,False,False,False,True,False,mgtbind_compounds.csv,mgtbind
2828,O=C1N(C2C(NC(CC2)=O)=O)CC3=CC(NCC4=C(OC5=C6C=CC=C5)C6=CC=C4)=CC=C31,True,False,False,False,True,False,mgtbind_compounds.csv,mgtbind
2829,O=C(NC(CC1)=O)C1N2CC3=CC(NCC4=CC(OC5=C6C=CC=C5)=C6C=C4)=CC=C3C2=O,True,False,False,False,True,False,mgtbind_compounds.csv,mgtbind
2830,O=C1N(C2C(NC(CC2)=O)=O)CC3=CC(NCC4=CC(C=CC=C5)=C5C=N4)=CC=C31,True,False,False,False,True,False,mgtbind_compounds.csv,mgtbind
2831,O=C1N(C2C(NC(CC2)=O)=O)CC3=CC(NCC4=CC(C=CC=N5)=C5C=C4)=CC=C31,True,False,False,False,True,False,mgtbind_compounds.csv,mgtbind
2832,O=C1N(C2C(NC(CC2)=O)=O)CC3=CC(NCC4=CC(C=NC=C5)=C5C=C4)=CC=C31,True,False,False,False,True,False,mgtbind_compounds.csv,mgtbind
2833,O=C1N(C2C(NC(CC2)=O)=O)CC3=CC(NCC4=NC(C=CC=C5)=C5C=C4)=CC=C31,True,False,False,False,True,False,mgtbind_compounds.csv,mgtbind
2834,O=C1N(C2C(NC(CC2)=O)=O)CC3=CC(NCC4=C(C=CN=C5)C5=CC=C4)=CC=C31,True,False,False,False,True,False,mgtbind_compounds.csv,mgtbind
2835,O=C1N(C2C(NC(CC2)=O)=O)CC3=CC(NCC4=CC(C=CC(F)=C5)=C5C=C4)=CC=C31,True,False,False,False,True,False,mgtbind_compounds.csv,mgtbind
2836,O=C1N(C2C(NC(CC2)=O)=O)CC3=CC(NCC4=CC(C=CC(Br)=C5)=C5C=C4)=CC=C31,True,False,False,False,True,False,mgtbind_compounds.csv,mgtbind
2837,O=C1N(C2C(NC(CC2)=O)=O)CC3=CC(NCC4=CC(C=CC(OC)=C5)=C5C=C4)=CC=C31,True,False,False,False,True,False,mgtbind_compounds.csv,mgtbind
2838,O=C1N(C2C(NC(CC2)=O)=O)CC3=CC(NCC4=CC(C=CC(O)=C5)=C5C=C4)=CC=C31,True,False,False,False,True,False,mgtbind_compounds.csv,mgtbind
2839,O=C1N(C2C(NC(CC2)=O)=O)CC3=CC(NCC4=CC(C=CC(N(C)C)=C5)=C5C=C4)=CC=C31,True,False,False,False,True,False,mgtbind_compounds.csv,mgtbind
2840,O=C1N(C2C(NC(CC2)=O)=O)CC3=CC(NCC4=C(C=CC5=CC=C6)C(C5=C6C=C7)=C7C=C4)=CC=C31,True,False,False,False,True,False,mgtbind_compounds.csv,mgtbind
2841,O=C1N(C2C(NC(CC2)=O)=O)CC3=CC(NCC4=CC(C=CC=C5)=C5C=C4OC)=CC=C31,True,False,False,False,True,False,mgtbind_compounds.csv,mgtbind
2842,O=C1N(C2C(NC(CC2)=O)=O)CC3=CC(NCC4=CC(C=CC=C5)=C5C(OC)=C4)=CC=C31,True,False,False,False,True,False,mgtbind_compounds.csv,mgtbind
2843,O=C1N(C2C(NC(CC2)=O)=O)CC3=CC(NCC4=CC(C=CC=C5OC)=C5C=C4)=CC=C31,True,False,False,False,True,False,mgtbind_compounds.csv,mgtbind
2844,O=C1N(C2C(NC(CC2)=O)=O)CC3=CC(NCC4=CC(C=C(OC)C=C5)=C5C=C4)=CC=C31,True,False,False,False,True,False,mgtbind_compounds.csv,mgtbind
2845,O=C1N(C2C(NC(CC2)=O)=O)CC3=CC(NCC4=CC(C(OC)=CC=C5)=C5C=C4)=CC=C31,True,False,False,False,True,False,mgtbind_compounds.csv,mgtbind
2846,O=C1N(C2C(NC(CC2)=O)=O)CC3=CC(NCC4=C(OC)C(C=CC=C5)=C5C=C4)=CC=C31,True,False,False,False,True,False,mgtbind_compounds.csv,mgtbind
2847,O=C1N(C2C(NC(CC2)=O)=O)CC3=CC(NCC4=CC(C=C(OC)C(OC)=C5)=C5C=C4)=CC=C31,True,False,False,False,True,False,mgtbind_compounds.csv,mgtbind
2848,O=C1N(C2C(NC(CC2)=O)=O)CC3=CC(NCC4=CC(C=C(OC)C=C5)=C5C=C4OC)=CC=C31,True,False,False,False,True,False,mgtbind_compounds.csv,mgtbind
2849,O=C1N(C2C(NC(CC2)=O)=O)CC3=CC(NCC4=C(OC)C(C=CC=C5)=C5C(OC)=C4)=CC=C31,True,False,False,False,True,False,mgtbind_compounds.csv,mgtbind
2850,O=C1N(C2C(NC(CC2)=O)=O)CC3=CC(NCC4=CC(C=CC=C5OC)=C5C=C4OC)=CC=C31,True,False,False,False,True,False,mgtbind_compounds.csv,mgtbind
2851,O=C1N(C2C(NC(CC2)=O)=O)CC3=CC(NC(C4=CC(C=CC(OC)=C5)=C5C=C4)=O)=CC=C31,True,False,False,False,True,False,mgtbind_compounds.csv,mgtbind
2852,O=C1N(C2C(NC(CC2)=O)=O)CC3=CC(NC(C4=CC(C=CC(OC([2H])([2H])[2H])=C5)=C5C=C4)=O)=CC=C31,True,False,False,False,True,False,mgtbind_compounds.csv,mgtbind
2853,O=C1N(C2C(NC(CC2)=O)=O)CC3=CC(NC(C4=CC(C=CC(OCC)=C5)=C5C=C4)=O)=CC=C31,True,False,False,False,True,False,mgtbind_compounds.csv,mgtbind
2854,O=C1N(C2C(NC(CC2)=O)=O)CC3=CC(NC(C4=CC(C=CC(OC(C)C)=C5)=C5C=C4)=O)=CC=C31,True,False,False,False,True,False,mgtbind_compounds.csv,mgtbind
2855,O=C1N(C2C(NC(CC2)=O)=O)CC3=CC(NC(C4=CC(C=CC(OCCCC)=C5)=C5C=C4)=O)=CC=C31,True,False,False,False,True,False,mgtbind_compounds.csv,mgtbind
2856,O=C1N(C2C(NC(CC2)=O)=O)CC3=CC(NC(C4=CC(C=CC(O)=C5)=C5C=C4)=O)=CC=C31,True,False,False,False,True,False,mgtbind_compounds.csv,mgtbind
2857,O=C1N(C2C(NC(CC2)=O)=O)CC3=CC(NC(C4=NC(C=CC(OC)=C5)=C5C=C4)=O)=CC=C31,True,False,False,False,True,False,mgtbind_compounds.csv,mgtbind
2858,O=C1N(C2C(NC(CC2)=O)=O)CC3=CC(NC(C4=CC(C=CC(OC)=C5)=C5C=N4)=O)=CC=C31,True,False,False,False,True,False,mgtbind_compounds.csv,mgtbind
2859,O=C1N(C2C(NC(CC2)=O)=O)CC3=CC(NC(C4=CC(C=CC(OC)=C5)=C5N=C4)=O)=CC=C31,True,False,False,False,True,False,mgtbind_compounds.csv,mgtbind
2860,O=C1N(C2C(NC(CC2)=O)=O)CC3=CC(NC(C4=CC(C=CC(OC)=N5)=C5C=C4)=O)=CC=C31,True,False,False,False,True,False,mgtbind_compounds.csv,mgtbind
2861,O=C1N(C2C(NC(CC2)=O)=O)CC3=CC(NC(C4=CC(C=NC(OC)=C5)=C5C=C4)=O)=CC=C31,True,False,False,False,True,False,mgtbind_compounds.csv,mgtbind
2862,O=C1N(C2C(NC(CC2)=O)=O)CC3=CC(NC(C4=CC(N=CC(OC)=C5)=C5C=C4)=O)=CC=C31,True,False,False,False,True,False,mgtbind_compounds.csv,mgtbind
2863,O=C1N(C2C(NC(CC2)=O)=O)CC3=CC(NC(C4=CC=CC=C4)=O)=CC=C31,True,False,False,False,True,False,mgtbind_compounds.csv,mgtbind
2864,O=C1N(C2C(NC(CC2)=O)=O)CC3=CC(NC(C)=O)=CC=C31,True,False,False,False,True,False,mgtbind_compounds.csv,mgtbind
2865,O=C1N(C2C(NC(CC2)=O)=O)CC3=CC(NC(CC4=CC=CC5=C4C=CC=C5)=O)=CC=C31,True,False,False,False,True,False,mgtbind_compounds.csv,mgtbind
2866,O=C1N(C2C(NC(CC2)=O)=O)CC3=CC(NC(/C=C/C4=CC=CC=C4)=O)=CC=C31,True,False,False,False,False,False,mgtbind_compounds.csv,mgtbind
2867,O=C1N(C2C(NC(CC2)=O)=O)CC3=CC(NC(C4=CC(OC5=CC=CC=C5)=CC=C4)=O)=CC=C31,True,False,False,False,True,False,mgtbind_compounds.csv,mgtbind
2868,O=C1N(C2C(NC(CC2)=O)=O)CC3=CC(NC(C4=CC=C(OC5=CC=CC=C5)C=C4)=O)=CC=C31,True,False,False,False,True,False,mgtbind_compounds.csv,mgtbind
2869,O=C1N(C2C(NC(CC2)=O)=O)CC3=CC(NC(C4=CC(C(C5=CC=CC=C5)=O)=CC=C4)=O)=CC=C31,True,False,False,False,True,False,mgtbind_compounds.csv,mgtbind
2870,O=C1N(C2C(NC(CC2)=O)=O)CC3=CC(NC(C4=CC(OCCO5)=C5C=C4)=O)=CC=C31,True,False,False,False,True,False,mgtbind_compounds.csv,mgtbind
2871,O=C1N(C2C(NC(CC2)=O)=O)CC3=CC(NC(C4=CC(OCO5)=C5C=C4)=O)=CC=C31,True,False,False,False,True,False,mgtbind_compounds.csv,mgtbind
2872,O=C1N(C2C(NC(CC2)=O)=O)CC3=CC(NC(C4=CC(CCCC5)=C5C=C4)=O)=CC=C31,True,False,False,False,True,False,mgtbind_compounds.csv,mgtbind
2873,O=C1N(C2C(NC(CC2)=O)=O)CC3=CC(NC(C4=CC(C=CC=C5)=C5OC4)=O)=CC=C31,True,False,False,False,True,False,mgtbind_compounds.csv,mgtbind
2874,O=C1N(C2C(NC(CC2)=O)=O)CC3=CC(NC(C4=COC5=C(C=CC=C5)O4)=O)=CC=C31,True,False,False,False,True,False,mgtbind_compounds.csv,mgtbind
2875,O=C1N(C2C(NC(CC2)=O)=O)CC3=CC(NC(C4=CC(C=CC=C5)=C5O4)=O)=CC=C31,True,False,False,False,True,False,mgtbind_compounds.csv,mgtbind
2876,O=C1N(C2C(NC(CC2)=O)=O)CC3=CC(NC(C4=CC(C=CO5)=C5C=C4)=O)=CC=C31,True,False,False,False,True,False,mgtbind_compounds.csv,mgtbind
2877,O=C1N(C2C(NC(CC2)=O)=O)CC3=CC(NC(C4=CC=C(N=CS5)C5=C4)=O)=CC=C31,True,False,False,False,True,False,mgtbind_compounds.csv,mgtbind
2878,O=C1N(C2C(NC(CC2)=O)=O)CC3=CC(NC(CC4=CC=CC5=C4C=CC(OC)=C5)=O)=CC=C31,True,False,False,False,True,False,mgtbind_compounds.csv,mgtbind
2879,O=C1N(C2C(NC(CC2)=O)=O)CC3=CC(NC(CC4=CC=CC5=C4C=C(OC)C=C5)=O)=CC=C31,True,False,False,False,True,False,mgtbind_compounds.csv,mgtbind
2880,O=C1N(C2C(NC(CC2)=O)=O)CC3=CC(NC(CC4=CC=C(C=CC=C5)C5=C4)=O)=CC=C31,True,False,False,False,True,False,mgtbind_compounds.csv,mgtbind
2881,O=C1N(C2C(NC(CC2)=O)=O)CC3=CC(NC(/C=C/C4=CC=C(OC)C=C4)=O)=CC=C31,True,False,False,False,False,False,mgtbind_compounds.csv,mgtbind
2882,O=C1N(C2C(NC(CC2)=O)=O)CC3=CC(NC(CCC4=CC=C(OC)C=C4)=O)=CC=C31,True,False,False,False,True,False,mgtbind_compounds.csv,mgtbind
2883,O=C1N(C2C(NC(CC2)=O)=O)CC3=CC(NC(C4=CC(OC5=CC=C(OC)C=C5)=CC=C4)=O)=CC=C31,True,False,False,False,True,False,mgtbind_compounds.csv,mgtbind
2884,O=C1N(C2C(NC(CC2)=O)=O)CC3=CC(NC(C4=CC=C(OC5=CC=C(OC)C=C5)C=C4)=O)=CC=C31,True,False,False,False,True,False,mgtbind_compounds.csv,mgtbind
2885,O=C1N(C2C(NC(CC2)=O)=O)CC3=CC(NC(C4=CC=C(OC5=CC=CC=C5)C=C4OC)=O)=CC=C31,True,False,False,False,True,False,mgtbind_compounds.csv,mgtbind
2886,O=C1N(C2C(NC(CC2)=O)=O)CC3=CC(NC(C4=CC=C(OC5=CC=CC=C5)C(OC)=C4)=O)=CC=C31,True,False,False,False,True,False,mgtbind_compounds.csv,mgtbind
2887,O=C1N(C2C(NC(CC2)=O)=O)CC3=CC(NC(C4=CC=C(SC5=CC=CC=C5)C=C4)=O)=CC=C31,True,False,False,False,True,False,mgtbind_compounds.csv,mgtbind
2888,O=C1N(C2C(NC(CC2)=O)=O)CC3=CC(NC(C4=CC(C=CC(C)=C5)=C5OC4)=O)=CC=C31,True,False,False,False,True,False,mgtbind_compounds.csv,mgtbind
2889,O=C1N(C2C(NC(CC2)=O)=O)CC3=CC(NC(C4=CC(C=CC(Br)=C5)=C5OC4)=O)=CC=C31,True,False,False,False,True,False,mgtbind_compounds.csv,mgtbind
2890,O=C1N(C2C(NC(CC2)=O)=O)CC3=CC(NC(C4=CC(C(OC)=CC=C5)=C5OC4)=O)=CC=C31,True,False,False,False,True,False,mgtbind_compounds.csv,mgtbind
2891,O=C1N(C2C(NC(CC2)=O)=O)CC3=CC(NC(C4=CC(C=C(OC)C=C5)=C5OC4)=O)=CC=C31,True,False,False,False,True,False,mgtbind_compounds.csv,mgtbind
2892,O=C1N(C2C(NC(CC2)=O)=O)CC3=CC(NC(C4=CC(C=CC(OC)=C5)=C5OC4)=O)=CC=C31,True,False,False,False,True,False,mgtbind_compounds.csv,mgtbind
2893,O=C1N(C2C(NC(CC2)=O)=O)CC3=CC(NC(C4=CC(C=CC=C5OC)=C5OC4)=O)=CC=C31,True,False,False,False,True,False,mgtbind_compounds.csv,mgtbind
2894,O=C1N(C2C(NC(CC2)=O)=O)CC3=CC(NC(C4=CC(C=CC(OC(F)(F)F)=C5)=C5OC4)=O)=CC=C31,True,False,False,False,True,False,mgtbind_compounds.csv,mgtbind
2895,O=C1N(C2C(NC(CC2)=O)=O)CC3=CC(NC(C4=CC(C=CC(C(F)(F)F)=C5)=C5OC4)=O)=CC=C31,True,False,False,False,True,False,mgtbind_compounds.csv,mgtbind
2896,O=C1N(C2C(NC(CC2)=O)=O)CC3=CC(NC(C4=CC(C=C(Br)C=C5OC)=C5OC4)=O)=CC=C31,True,False,False,False,True,False,mgtbind_compounds.csv,mgtbind
2897,O=C1N(C2C(NC(CC2)=O)=O)CC3=CC(NC(C4=CC(C=C(Br)C=C5Br)=C5OC4)=O)=CC=C31,True,False,False,False,True,False,mgtbind_compounds.csv,mgtbind
2898,C#CC1=CC=C(NC(=O)OC[C@]23CN(S(=O)(=O)C4=C(C)C=C(C(C)(C)C)C=C4)C[C@H]2C[C@H]2C[C@@H]3C2(C)C)C=C1,True,False,False,False,False,False,mgtbind_compounds.csv,mgtbind
2899,C#CC1=CC=C(NC(=O)OC[C@]23CN(S(=O)(=O)C4=CC=C(C(C)(C)C)C=C4)C[C@H]2C[C@H]2C[C@@H]3C2(C)C)C=C1,True,False,False,False,False,False,mgtbind_compounds.csv,mgtbind
2900,CC(C)(C)C1=CC=C(S(=O)(=O)N2C[C@H]3C[C@H]4C[C@H](C4(C)C)[C@@]3(COC(=O)NC3=CC=C(I)C=C3)C2)C=C1,True,False,False,False,False,False,mgtbind_compounds.csv,mgtbind
2901,CC1=CC=C(NC(=O)OC[C@]23CN(S(=O)(=O)C4=CC=C(C(C)(C)C)C=C4)C[C@H]2C[C@H]2C[C@@H]3C2(C)C)C=C1,True,False,False,False,False,False,mgtbind_compounds.csv,mgtbind
2902,CCCCNC1=CC=C(C(=O)NC2CCC(=O)NC2=O)C(F)=C1,True,False,False,False,True,False,mgtbind_compounds.csv,mgtbind
2903,CCCCNC(=O)CNC1=CC=C(C(=O)NC2CCC(=O)NC2=O)C(F)=C1,True,False,False,False,True,False,mgtbind_compounds.csv,mgtbind
2904,CCCCOC1=CC=C(C(=O)NC2CCC(=O)NC2=O)C(F)=C1,True,False,False,False,True,False,mgtbind_compounds.csv,mgtbind
2905,CCCCNC1=CC=C(C(=O)NC2CCC(=O)NC2=O)C(OC)=C1,True,False,False,False,True,False,mgtbind_compounds.csv,mgtbind
2906,CCCCNC1=C(F)C=C(C(=O)NC2CCC(=O)NC2=O)C(F)=C1OC,True,False,False,False,True,False,mgtbind_compounds.csv,mgtbind
2907,CCCCNC1=CC=C2C(=O)N(C3CCC(=O)NC3=O)N=NC2=C1,True,False,False,False,True,False,mgtbind_compounds.csv,mgtbind
2908,CCCCOC1=CC=C(C2CCC(=O)NC2=O)C=C1,True,False,False,False,True,False,mgtbind_compounds.csv,mgtbind
2909,CCCCNC1=CC=C2C(=O)N(C3CCC(=O)NC3=O)C(=O)C2=C1,True,False,False,False,True,False,mgtbind_compounds.csv,mgtbind
2910,CCCCNC1=CC=C2C(=O)N(C3CCC(=O)NC3=O)CC2=C1,True,False,False,False,True,False,mgtbind_compounds.csv,mgtbind
2911,O=C1N(CC2=C(OCC3=CC=CC=C3)C=CC=C12)C1CCC(=O)NC1=O,True,False,False,False,True,False,mgtbind_compounds.csv,mgtbind
2912,CN1CCN(CC2=CC=C(COC3=C4CN(C5CCC(=O)NC5=O)C(=O)C4=CC=C3)C=C2)CC1,True,False,False,False,True,False,mgtbind_compounds.csv,mgtbind
2913,CC1CCN(CC2=CC=C(COC3=C4CN(C5CCC(=O)NC5=O)C(=O)C4=CC=C3)C=C2)CC1,True,False,False,False,True,False,mgtbind_compounds.csv,mgtbind
2914,FC1(F)CCN(CC2=CC=C(COC3=C4CN(C5CCC(=O)NC5=O)C(=O)C4=CC=C3)C=C2)CC1,True,False,False,False,True,False,mgtbind_compounds.csv,mgtbind
2915,CC1(C)CCN(CC2=CC=C(COC3=C4CN(C5CCC(=O)NC5=O)C(=O)C4=CC=C3)C=C2)CC1,True,False,False,False,True,False,mgtbind_compounds.csv,mgtbind
2916,CC(C)C1CCN(CC2=CC=C(COC3=C4CN(C5CCC(=O)NC5=O)C(=O)C4=CC=C3)C=C2)CC1,True,False,False,False,True,False,mgtbind_compounds.csv,mgtbind
2917,FC(F)(F)C1CCN(CC2=CC=C(COC3=C4CN(C5CCC(=O)NC5=O)C(=O)C4=CC=C3)C=C2)CC1,True,False,False,False,True,False,mgtbind_compounds.csv,mgtbind
2918,CC(C)N1CCN(CC2=CC=C(COC3=C4CN(C5CCC(=O)NC5=O)C(=O)C4=CC=C3)C=C2)CC1,True,False,False,False,True,False,mgtbind_compounds.csv,mgtbind
2919,O=C1N(CC2=C(OCC3=CC=C(CN4CCN(CC4)C4=CC=CC=C4)C=C3)C=CC=C12)C1CCC(=O)NC1=O,True,False,False,False,True,False,mgtbind_compounds.csv,mgtbind
2920,FC1=CC=C(C=C1)N1CCN(CC2=CC=C(COC3=C4CN(C5CCC(=O)NC5=O)C(=O)C4=CC=C3)C=C2)CC1,True,False,False,False,True,False,mgtbind_compounds.csv,mgtbind
2921,O=C1N(CC2=C(OCC3=CC=C(CN4CCN(CC4)C4=NC=CC=C4)C=C3)C=CC=C12)C1CCC(=O)NC1=O,True,False,False,False,True,False,mgtbind_compounds.csv,mgtbind
2922,FC1=CC=C(C=C1)N1CCN(CC2=CC=C(COC3=C4C(=O)N(C5CCC(=O)NC5=O)C(=O)C4=CC=C3)C=C2)CC1,True,False,False,False,True,False,mgtbind_compounds.csv,mgtbind
2923,FC1=CC(F)=C(C=C1)N1CCN(CC2=CC=C(COC3=C4CN(C5CCC(=O)NC5=O)C(=O)C4=CC=C3)C=C2)CC1,True,False,False,False,True,False,mgtbind_compounds.csv,mgtbind
2924,ClC1=CC=C(C=C1)N1CCN(CC2=CC=C(COC3=C4CN(C5CCC(=O)NC5=O)C(=O)C4=CC=C3)C=C2)CC1,True,False,False,False,True,False,mgtbind_compounds.csv,mgtbind
2925,ClC1=CC(Cl)=C(C=C1)N1CCN(CC2=CC=C(COC3=C4CN(C5CCC(=O)NC5=O)C(=O)C4=CC=C3)C=C2)CC1,True,False,False,False,True,False,mgtbind_compounds.csv,mgtbind
2926,FC1=CC=CC(F)=C1N1CCN(CC2=CC=C(COC3=C4CN(C5CCC(=O)NC5=O)C(=O)C4=CC=C3)C=C2)CC1,True,False,False,False,True,False,mgtbind_compounds.csv,mgtbind
2927,FC1=CC=CC(=C1)N1CCN(CC2=CC=C(COC3=C4CN(C5CCC(=O)NC5=O)C(=O)C4=CC=C3)C=C2)CC1,True,False,False,False,True,False,mgtbind_compounds.csv,mgtbind
2928,FC1=C(C=CC=C1)N1CCN(CC2=CC=C(COC3=C4CN(C5CCC(=O)NC5=O)C(=O)C4=CC=C3)C=C2)CC1,True,False,False,False,True,False,mgtbind_compounds.csv,mgtbind
2929,COC1=CC=C(C=C1)N1CCN(CC2=CC=C(COC3=C4CN(C5CCC(=O)NC5=O)C(=O)C4=CC=C3)C=C2)CC1,True,False,False,False,True,False,mgtbind_compounds.csv,mgtbind
2930,FC1=CC=C(N=C1)N1CCN(CC2=CC=C(COC3=C4CN(C5CCC(=O)NC5=O)C(=O)C4=CC=C3)C=C2)CC1,True,False,False,False,True,False,mgtbind_compounds.csv,mgtbind
2931,O=C1N(CC2=C(OCC3=CC=C(CN4CCN(CC4)C4=C(C=CC=N4)C#N)C=C3)C=CC=C12)C1CCC(=O)NC1=O,True,False,False,False,True,False,mgtbind_compounds.csv,mgtbind
2932,FC1=CC(F)=C(C=C1)N1CCN(CC1)C(=O)C1=CC=C(COC2=C3CN(C4CCC(=O)NC4=O)C(=O)C3=CC=C2)C=C1,True,False,False,False,True,False,mgtbind_compounds.csv,mgtbind
2933,NC(=O)C1=NC=C(C=C1)N1CCN(CC2=CC=C(COC3=C4CN(C5CCC(=O)NC5=O)C(=O)C4=CC=C3)C=C2)CC1,True,False,False,False,True,False,mgtbind_compounds.csv,mgtbind
2934,FC1=CC(=CC=C1N1CCN(CC2=CC=C(COC3=C4CN(C5CCC(=O)NC5=O)C(=O)C4=CC=C3)C=C2)CC1)C#N,True,False,False,False,True,False,mgtbind_compounds.csv,mgtbind
2935,ClC1=CC(Cl)=C(C=C1)N1CCN(CC1)C(=O)C1=CC=C(COC2=C3CN(C4CCC(=O)NC4=O)C(=O)C3=CC=C2)C=C1,True,False,False,False,True,False,mgtbind_compounds.csv,mgtbind
2936,FC1=CC=C(C=C1)N1CCN(CC1)C(=O)C1=CC=C(COC2=C3CN(C4CCC(=O)NC4=O)C(=O)C3=CC=C2)C=C1,True,False,False,False,True,False,mgtbind_compounds.csv,mgtbind
2937,ClC1=CC=C(C=C1)N1CCN(CC1)C(=O)C1=CC=C(COC2=C3CN(C4CCC(=O)NC4=O)C(=O)C3=CC=C2)C=C1,True,False,False,False,True,False,mgtbind_compounds.csv,mgtbind
2938,ClC1=CC(Cl)=C(C=C1)N1CCN(CC2=CC=C(COC3=C4CN(C5CCC(=O)NC5=O)C(=O)C4=CC=C3)C=C2)C(=O)C1,True,False,False,False,True,False,mgtbind_compounds.csv,mgtbind
2939,FC1=CC(F)=C(C=C1)N1CCN(CC2=CC=C(COC3=C4CN([C@@H]5CCC(=O)NC5=O)C(=O)C4=CC=C3)C=C2)CC1,True,False,False,False,False,False,mgtbind_compounds.csv,mgtbind
2940,FC1=CC(F)=C(C=C1)N1CCN(CC2=CC=C(COC3=C4CN([C@H]5CCC(=O)NC5=O)C(=O)C4=CC=C3)C=C2)CC1,True,False,False,False,False,False,mgtbind_compounds.csv,mgtbind
2941,FC1=CC(F)=C(C=C1)N1CCN(CC2=CC=C(CNC3=C4CN(C5CCC(=O)NC5=O)C(=O)C4=CC=C3)C=C2)CC1,True,False,False,False,True,False,mgtbind_compounds.csv,mgtbind
2942,CN1C(=O)CCC(N2CC3=C(C=CC=C3OCC3=CC=C(CN4CCN(CC4)C4=C(F)C=C(F)C=C4)C=C3)C2=O)C1=O,True,False,False,False,True,False,mgtbind_compounds.csv,mgtbind
2943,ClC1=CC(Cl)=C(C=C1)N1CCN(CC2=CC=C(COC3=CC=CC4=C3C(=O)N(C3CCC(=O)NC3=O)C4=O)C=C2)CC1,True,False,False,False,True,False,mgtbind_compounds.csv,mgtbind
2944,FC1=CC(F)=C(C=C1)N1CCN(CC2=CC=C(COC3=CC=CC4=C3C(=O)N(C3CCC(=O)NC3=O)C4=O)C=C2)CC1,True,False,False,False,True,False,mgtbind_compounds.csv,mgtbind
2945,C[C@]1(CCC(=O)NC1=O)N1CC2=C(C=CC=C2OCC2=CC=C(CN3CCN(CC3)C3=CC=C(F)C=C3F)C=C2)C1=O,True,False,False,False,False,False,mgtbind_compounds.csv,mgtbind
2946,C[C@@]1(CCC(=O)NC1=O)N1CC2=C(C=CC=C2OCC2=CC=C(CN3CCN(CC3)C3=C(F)C=C(F)C=C3)C=C2)C1=O,True,False,False,False,False,False,mgtbind_compounds.csv,mgtbind
2947,O=C1CCC(N2CC3=CC(C4=CC(CN5CCCC5)=C5C=CNC5=N4)=CC=C3C2=O)C(=O)N1,True,False,False,False,True,False,mgtbind_compounds.csv,mgtbind
2948,O=C1CCC(N2CC3=CC(C4=CC(CN5CCCC5)=C5NN=CC5=N4)=CC=C3C2=O)C(=O)N1,True,False,False,False,True,False,mgtbind_compounds.csv,mgtbind
2949,O=C1CCC(N2CC3=CC(C4=CC(CN5CCCC5)=C5NN=C(C(F)(F)F)C5=N4)=CC=C3C2=O)C(=O)N1,True,False,False,False,True,False,mgtbind_compounds.csv,mgtbind
2950,O=C1CCC(N2CC3=CC(C4=CC(CN5CCCC5)=C5NN=C(C6CC6)C5=N4)=CC=C3C2=O)C(=O)N1,True,False,False,False,True,False,mgtbind_compounds.csv,mgtbind
2951,O=C1CCC(N2CC3=CC(C4=CC(CN5CCCC5)=C5NN=C(C6CCC6)C5=N4)=CC=C3C2=O)C(=O)N1,True,False,False,False,True,False,mgtbind_compounds.csv,mgtbind
2952,COC1=NNC2=C(CN3CCCC3)C=C(C3=CC=C4C(=O)N(C5CCC(=O)NC5=O)CC4=C3)N=C12,True,False,False,False,True,False,mgtbind_compounds.csv,mgtbind
2953,CC(C)OC1=NNC2=C(CN3CCCC3)C=C(C3=CC=C4C(=O)N(C5CCC(=O)NC5=O)CC4=C3)N=C12,True,False,False,False,True,False,mgtbind_compounds.csv,mgtbind
2954,NC1=NNC2=C(CN3CCCC3)C=C(C3=CC=C4C(=O)N(C5CCC(=O)NC5=O)CC4=C3)N=C12,True,False,False,False,True,False,mgtbind_compounds.csv,mgtbind
2955,NC1=NNC2=C(CN3CCC(F)C3)C=C(C3=CC=C4C(=O)N(C5CCC(=O)NC5=O)CC4=C3)N=C12,True,False,False,False,True,False,mgtbind_compounds.csv,mgtbind
2956,NC1=NNC2=C(CN3CCC(O)C3)C=C(C3=CC=C4C(=O)N(C5CCC(=O)NC5=O)CC4=C3)N=C12,True,False,False,False,True,False,mgtbind_compounds.csv,mgtbind
2957,NC1=NNC2=C(CN3CCC(F)CC3)C=C(C3=CC=C4C(=O)N(C5CCC(=O)NC5=O)CC4=C3)N=C12,True,False,False,False,True,False,mgtbind_compounds.csv,mgtbind
2958,NC1=NNC2=C(CN3CCC3)C=C(C3=CC=C4C(=O)N(C5CCC(=O)NC5=O)CC4=C3)N=C12,True,False,False,False,True,False,mgtbind_compounds.csv,mgtbind
2959,NC1=NNC2=C(CN3CC(F)C3)C=C(C3=CC=C4C(=O)N(C5CCC(=O)NC5=O)CC4=C3)N=C12,True,False,False,False,True,False,mgtbind_compounds.csv,mgtbind
2960,NC1=NNC2=C(CN3CC4COCC(C4)C3)C=C(C3=CC4=C(C=C3)C(=O)N(C3CCC(=O)NC3=O)C4)N=C12,True,False,False,False,True,False,mgtbind_compounds.csv,mgtbind
2961,NC1=NNC2=C(CN3CC4COCC4C3)C=C(C3=CC=C4C(=O)N(C5CCC(=O)NC5=O)CC4=C3)N=C12,True,False,False,False,True,False,mgtbind_compounds.csv,mgtbind
2962,NC1=NNC2=C(CN3CCCC4(COC4)C3)C=C(C3=CC=C4C(=O)N(C5CCC(=O)NC5=O)CC4=C3)N=C12,True,False,False,False,True,False,mgtbind_compounds.csv,mgtbind
2963,CN1N=C(N)C2=NC(C3=CC=C4C(=O)N(C5CCC(=O)NC5=O)CC4=C3)=CC(CN3CCCC3)=C21,True,False,False,False,True,False,mgtbind_compounds.csv,mgtbind
2964,CCN1N=C(N)C2=NC(C3=CC=C4C(=O)N(C5CCC(=O)NC5=O)CC4=C3)=CC(CN3CCCC3)=C21,True,False,False,False,True,False,mgtbind_compounds.csv,mgtbind
2965,CC(C)N1N=C(N)C2=NC(C3=CC=C4C(=O)N(C5CCC(=O)NC5=O)CC4=C3)=CC(CN3CCCC3)=C21,True,False,False,False,True,False,mgtbind_compounds.csv,mgtbind
2966,NC1=NN(C2CC2)C2=C(CN3CCCC3)C=C(C3=CC=C4C(=O)N(C5CCC(=O)NC5=O)CC4=C3)N=C12,True,False,False,False,True,False,mgtbind_compounds.csv,mgtbind
2967,NC1=NN(C2COC2)C2=C(CN3CCCC3)C=C(C3=CC=C4C(=O)N(C5CCC(=O)NC5=O)CC4=C3)N=C12,True,False,False,False,True,False,mgtbind_compounds.csv,mgtbind
2968,CNC1=NNC2=C(CN3CCCC3)C=C(C3=CC=C4C(=O)N(C5CCC(=O)NC5=O)CC4=C3)N=C12,True,False,False,False,True,False,mgtbind_compounds.csv,mgtbind
2969,CCNC1=NNC2=C(CN3CCCC3)C=C(C3=CC=C4C(=O)N(C5CCC(=O)NC5=O)CC4=C3)N=C12,True,False,False,False,True,False,mgtbind_compounds.csv,mgtbind
2970,CC(C)NC1=NNC2=C(CN3CCCC3)C=C(C3=CC=C4C(=O)N(C5CCC(=O)NC5=O)CC4=C3)N=C12,True,False,False,False,True,False,mgtbind_compounds.csv,mgtbind
2971,O=C1CCC(N2CC3=CC(C4=CC(CN5CCCC5)=C5NN=C(NC6COC6)C5=N4)=CC=C3C2=O)C(=O)N1,True,False,False,False,True,False,mgtbind_compounds.csv,mgtbind
2972,CN(C)C1=NNC2=C(CN3CCCC3)C=C(C3=CC=C4C(=O)N(C5CCC(=O)NC5=O)CC4=C3)N=C12,True,False,False,False,True,False,mgtbind_compounds.csv,mgtbind
2973,CC(C)NC1=NNC2=C(CN3CCCC3)C=C(C3=CC=C4C(=O)N(C5CCC(=O)NC5=O)CC4=C3F)N=C12,True,False,False,False,True,False,mgtbind_compounds.csv,mgtbind
2974,CC(C)NC1=NNC2=C(CN3CCCC3)C=C(C3=CC=C4C(=O)N(C5CCC(=O)NC5=O)CC4=C3Cl)N=C12,True,False,False,False,True,False,mgtbind_compounds.csv,mgtbind
2975,CN1C(=O)/C(=C2/C(=O)NC3=CC=CC=C23)C2=CC=CC=C21,True,False,False,False,False,False,mgtbind_compounds.csv,mgtbind
2976,CN(C)C1=CC=C(CC(=O)NC2=NC=C(SCC3=CC=CN=C3)S2)C=C1,True,False,False,False,True,False,mgtbind_compounds.csv,mgtbind
2977,O=C(CC1=CC=C2C=CC=CC2=C1)NC1=NC=C(SCC2=CC=CN=C2)S1,True,False,False,False,True,False,mgtbind_compounds.csv,mgtbind
2978,O=C(CC1=CC=C(C2=CC=NC=C2)C=C1)NC1=NC=C(SCC2=CC=CN=C2)S1,True,False,False,False,True,False,mgtbind_compounds.csv,mgtbind
2979,O=C(CC1=CC=C(N2CCOCC2)C=C1)NC1=NC=C(SCC2=CC=CN=C2)S1,True,False,False,False,True,False,mgtbind_compounds.csv,mgtbind
2980,O=C(CC1=CC=C(N2CCCC2)C=C1)NC1=NC=C(SCC2=CC=CN=C2)S1,True,False,False,False,True,False,mgtbind_compounds.csv,mgtbind
2981,O=C(CC1=CC=C(C2=CC=CC=N2)C=C1)NC1=NC=C(SCC2=CC=CN=C2)S1,True,False,False,False,True,False,mgtbind_compounds.csv,mgtbind
2982,CN1C(C2CC2)=NC2=CN=C(NC3=CC=C(N4CCN(C(=O)C5CCN(C6CN(C7=CC=C8C(=O)N(C9CCC(=O)NC9=O)C(=O)C8=C7)C6)CC5)CC4)C=C3)N=C21,True,False,False,False,True,False,mgtbind_compounds.csv,mgtbind
2983,COC(=O)C1=C(CCC2=CC=CC=C2)SC(NC(=O)CN2C=NC(C)=C(C)C2=O)=N1,True,False,False,False,True,False,mgtbind_compounds.csv,mgtbind
2984,NC1=CC=CC=C1C#CC(=O)NCC1=CC=C2C(=O)N(C3CCC(=O)NC3=O)CC2=C1,True,False,False,False,True,False,mgtbind_compounds.csv,mgtbind
2985,O=C1CCC(N2CC3=C(C=CC4=C3OCC43CCN(CC4=CC=CC=C4)CC3)C2=O)C(=O)N1,True,False,False,False,True,False,mgtbind_compounds.csv,mgtbind
2986,O=C1CCC(N2CC3=C(C=CC4=C3OCC43CCN(CC4=CC=CC=C4)CC3(F)F)C2=O)C(=O)N1,True,False,False,False,True,False,mgtbind_compounds.csv,mgtbind
2987,O=C1CCC(N2CC3=C(C=CC4=C3OCC43CCN(CC4CCCCC4)CC3)C2=O)C(=O)N1,True,False,False,False,True,False,mgtbind_compounds.csv,mgtbind
2988,O=C1CCC(N2CC3=C(C=CC4=C3OCC43CCN(CC4=CC=CC=N4)CC3)C2=O)C(=O)N1,True,False,False,False,True,False,mgtbind_compounds.csv,mgtbind
2989,O=C1CCC(N2CC3=C(C=CC4=C3OCC43CCN(CC4=CSC=C4)CC3)C2=O)C(=O)N1,True,False,False,False,True,False,mgtbind_compounds.csv,mgtbind
2990,CN1C=C(C2=CC=CC(CN3CCC4(CC3)COC3=C4C=CC4=C3CN(C3CCC(=O)NC3=O)C4=O)=C2)C=N1,True,False,False,False,True,False,mgtbind_compounds.csv,mgtbind
2991,CN1C=C(C2=CC=CC(CN3CCC4(CC3)COC3=C4C=CC4=C3CN([C@@H]3CCC(=O)NC3=O)C4=O)=C2)C=N1,True,False,False,False,False,False,mgtbind_compounds.csv,mgtbind
2992,CN1C=C(C2=CC=CC(CN3CCC4(CC3)COC3=C4C=CC4=C3CN([C@H]3CCC(=O)NC3=O)C4=O)=C2)C=N1,True,False,False,False,False,False,mgtbind_compounds.csv,mgtbind
2993,CC(=O)NCCN(C1=NC(N2CC(OC3=NC=CS3)C2)=NC(N2CC3C(CCOC4=CC(C5=C(C)N=CS5)=CC=C4CNC(=O)[C@@H]4C[C@@H](O)CN4C(=O)[C@@H](NC(=O)C4(F)CC4)C(C)(C)C)C3C2)=N1)C(C)C,True,False,False,False,False,False,mgtbind_compounds.csv,mgtbind
2994,CC(C)(C)[C@H](NC(=O)C1=C2OCCCN2N=C1)C(=O)N1C[C@H](O)C[C@H]1C(=O)NCC1=CC=C(C2=CC=C(Cl)C=C2Cl)C=C1,True,False,False,False,False,False,mgtbind_compounds.csv,mgtbind
2995,CC(C)(C)[C@H](NC(=O)C1=C2CCCCN2N=C1)C(=O)N1C[C@H](O)C[C@H]1C(=O)NCC1=CC=C(C2=CC=C(Cl)C=C2Cl)C=C1,True,False,False,False,False,False,mgtbind_compounds.csv,mgtbind
2996,CC(C)(C)[C@H](NC(=O)C1=C2OCCCN2N=C1)C(=O)N1C[C@H](O)C[C@H]1C(=O)NCC1=CC=C(C2=CC=C(Cl)C=C2)C=C1,True,False,False,False,False,False,mgtbind_compounds.csv,mgtbind
2997,O=C(NC1=CC=C(Cl)C([N+](=O)[O-])=C1)NC1=NC2=CC=CC=C2S1,True,False,False,False,True,False,mgtbind_compounds.csv,mgtbind
2998,N#CC1=CC=C2N=C(NC(=O)NC3=CC=CC(Cl)=C3)SC2=C1,True,False,False,False,True,False,mgtbind_compounds.csv,mgtbind
2999,O=C1N(C2CCC(NC2=O)=O)CC3=C1C=CC(CNC(/C(CC4=CC=C(F)C=C4)=N/O)=O)=C3,True,False,False,False,False,False,mgtbind_compounds.csv,mgtbind
3000,O=C1N(C2CCC(NC2=O)=O)CC3=C1C=CC(CNC(/C(CC4=CC=C(Cl)C=C4)=N/O)=O)=C3,True,False,False,False,False,False,mgtbind_compounds.csv,mgtbind
3001,O=C1N(C2CCC(NC2=O)=O)CC3=C1C=CC(CNC(/C(CC4=CC=C(Br)C=C4)=N/O)=O)=C3,True,False,False,False,False,False,mgtbind_compounds.csv,mgtbind
3002,O=C1N(C2CCC(NC2=O)=O)CC3=C1C=CC(CNC(/C(CC4=CC=C(N5CCOCC5)C=C4)=N/O)=O)=C3,True,False,False,False,False,False,mgtbind_compounds.csv,mgtbind
3003,O=C1N(C2CCC(NC2=O)=O)CC3=C1C=CC(CNC(/C(CC4=CC=C(C)C(Cl)=C4)=N/O)=O)=C3,True,False,False,False,False,False,mgtbind_compounds.csv,mgtbind
3004,O=C1N(C2CCC(NC2=O)=O)CC3=C1C=CC(CNC(/C(CC4=CC=C(C)C(Cl)=C4)=N/N)=O)=C3,True,False,False,False,False,False,mgtbind_compounds.csv,mgtbind
3005,O=C1N(C2CCC(NC2=O)=O)CC3=C1C=CC(CNC(C(N)CC4=CC=CC=C4)=O)=C3,True,False,False,False,True,False,mgtbind_compounds.csv,mgtbind
3006,O=C1N(C2CCC(NC2=O)=O)CC3=C1C=CC(CNC(C(N)CC4=CC=C(F)C=C4)=O)=C3,True,False,False,False,True,False,mgtbind_compounds.csv,mgtbind
3007,O=C1N(C2CCC(NC2=O)=O)CC3=C1C=CC(CNC(C(NC(CO)=O)CC4=CC=C(F)C=C4)=O)=C3,True,False,False,False,True,False,mgtbind_compounds.csv,mgtbind
3008,O=C1N(C2CCC(NC2=O)=O)CC3=C1C=CC(CNC(/C(CC4=CC=C(C)C(Cl)=C4)=N/OC)=O)=C3,True,False,False,False,False,False,mgtbind_compounds.csv,mgtbind
3009,O=C1N(C2CCC(NC2=O)=O)CC3=C1C=CC(CNC(/C(C4=CC=C(F)C=C4)=N/OC)=O)=C3,True,False,False,False,False,False,mgtbind_compounds.csv,mgtbind
3010,O=C1N(C2CCC(NC2=O)=O)CC3=C1C=CC(CNC(C4=COC5=C4C=CC=C5)=O)=C3,True,False,False,False,True,False,mgtbind_compounds.csv,mgtbind
3011,O=C1N(C2CCC(NC2=O)=O)CC3=C1C=CC(CNC(C4=CC5=C(C=C(OC)C(OC)=C5)[Se]4)=O)=C3,True,False,False,False,True,False,mgtbind_compounds.csv,mgtbind
3012,O=C1N(C2CCC(NC2=O)=O)CC3=C1C=CC(CNC(C4CNC(C=CC=C5)=C5C4)=O)=C3,True,False,False,False,True,False,mgtbind_compounds.csv,mgtbind
3013,O=C1N(C2CCC(NC2=O)=O)CC3=C1C=CC(CNC(C4=CNC(C=CC=C5)=C5C4=O)=O)=C3,True,False,False,False,True,False,mgtbind_compounds.csv,mgtbind
3014,O=C1N(C2CCC(NC2=O)=O)CC3=C1C=CC(CNC(C4=COC(C=CC=C5)=C5C4=O)=O)=C3,True,False,False,False,True,False,mgtbind_compounds.csv,mgtbind
3015,O=C1N(C2CCC(NC2=O)=O)CC3=C1C=CC(CNC(C4=CC(C(C=CC=C5)=C5O4)=O)=O)=C3,True,False,False,False,True,False,mgtbind_compounds.csv,mgtbind
3016,O=C1N(C2CCC(NC2=O)=O)CC3=C1C=CC(CNC(C4CCC(C=CC=C5)=C5C4)=O)=C3,True,False,False,False,True,False,mgtbind_compounds.csv,mgtbind
3017,O=C1N(C2CCC(NC2=O)=O)CC3=C1C=CC(CNC(C4COC(C=CC=C5)=C5C4)=O)=C3,True,False,False,False,True,False,mgtbind_compounds.csv,mgtbind
3018,O=C1N(C2CCC(NC2=O)=O)CC3=C1C=CC(CNC(C4COC(C=CC(OC(F)(F)F)=C5)=C5C4)=O)=C3,True,False,False,False,True,False,mgtbind_compounds.csv,mgtbind
3019,O=C1N(C2CCC(NC2=O)=O)CC3=C1C=CC(CNC(C4=CC5=C(C=CC=C5)OC4)=O)=C3,True,False,False,False,True,False,mgtbind_compounds.csv,mgtbind
3020,O=C1N(C2CCC(NC2=O)=O)CC3=C1C=CC(CNC(C4=CC5=C(C=CC=C5F)OC4)=O)=C3,True,False,False,False,True,False,mgtbind_compounds.csv,mgtbind
3021,O=C1N(C2CCC(NC2=O)=O)CC3=C1C=CC(CNC(C4=CC5=C(C=CC(F)=C5)OC4)=O)=C3,True,False,False,False,True,False,mgtbind_compounds.csv,mgtbind
3022,O=C1N(C2CCC(NC2=O)=O)CC3=C1C=CC(CNC(C4=CC5=C(C=C(F)C=C5)OC4)=O)=C3,True,False,False,False,True,False,mgtbind_compounds.csv,mgtbind
3023,O=C1N(C2CCC(NC2=O)=O)CC3=C1C=CC(CNC(C4=CC5=C(C(F)=CC=C5)OC4)=O)=C3,True,False,False,False,True,False,mgtbind_compounds.csv,mgtbind
3024,O=C1N(C2CCC(NC2=O)=O)CC3=C1C=CC(CNC(C4=CC5=C(C=CC(Cl)=C5)OC4)=O)=C3,True,False,False,False,True,False,mgtbind_compounds.csv,mgtbind
3025,O=C1N(C2CCC(NC2=O)=O)CC3=C1C=CC(CNC(C4=CC5=C(C=CC(Br)=C5)OC4)=O)=C3,True,False,False,False,True,False,mgtbind_compounds.csv,mgtbind
3026,O=C1N(C2CCC(NC2=O)=O)CC3=C1C=CC(CNC(C4=CC5=C(C(C(F)(F)F)=CC=C5)OC4)=O)=C3,True,False,False,False,True,False,mgtbind_compounds.csv,mgtbind
3027,O=C1N(C2CCC(NC2=O)=O)CC3=C1C=CC(CNC(C4=CC5=C(C=CC(OC(F)(F)F)=C5)OC4)=O)=C3,True,False,False,False,True,False,mgtbind_compounds.csv,mgtbind
3028,O=C1N(C2CCC(NC2=O)=O)CC3=C1C=CC(CNC(C4=CC5=C(C(OC(F)(F)F)=CC=C5)OC4)=O)=C3,True,False,False,False,True,False,mgtbind_compounds.csv,mgtbind
3029,O=C1N(C2CCC(NC2=O)=O)CC3=C1C=CC(CNC(C4=CC5=C(C=CC=C5C)OC4)=O)=C3,True,False,False,False,True,False,mgtbind_compounds.csv,mgtbind
3030,O=C1N(C2CCC(NC2=O)=O)CC3=C1C=CC(CNC(C4=CC5=C(C=CC(C)=C5)OC4)=O)=C3,True,False,False,False,True,False,mgtbind_compounds.csv,mgtbind
3031,O=C1N(C2CCC(NC2=O)=O)CC3=C1C=CC(CNC(C4=CC5=C(C(C)=CC=C5)OC4)=O)=C3,True,False,False,False,True,False,mgtbind_compounds.csv,mgtbind
3032,O=C1N(C2CCC(NC2=O)=O)CC3=C1C=CC(CNC(C4=CC5=C(C=CC=C5OC)OC4)=O)=C3,True,False,False,False,True,False,mgtbind_compounds.csv,mgtbind
3033,O=C1N(C2CCC(NC2=O)=O)CC3=C1C=CC(CNC(C4=CC5=C(C=CC(OC)=C5)OC4)=O)=C3,True,False,False,False,True,False,mgtbind_compounds.csv,mgtbind
3034,O=C1N(C2CCC(NC2=O)=O)CC3=C1C=CC(CNC(C4=CC5=C(C(OC)=CC=C5)OC4)=O)=C3,True,False,False,False,True,False,mgtbind_compounds.csv,mgtbind
3035,O=C1N(C2CCC(NC2=O)=O)CC3=C1C=CC(CNC(C4=CC5=C(C=C(C)C(Cl)=C5)OC4)=O)=C3,True,False,False,False,True,False,mgtbind_compounds.csv,mgtbind
3036,O=C1N(C2CCC(NC2=O)=O)CC3=C1C=CC(CNC(C4=CC5=C(C(F)=CC(F)=C5)OC4)=O)=C3,True,False,False,False,True,False,mgtbind_compounds.csv,mgtbind
3037,O=C1N(C2CCC(NC2=O)=O)CC3=C1C=CC(CNC(C4=CC5=C(C=C(F)C(F)=C5)OC4)=O)=C3,True,False,False,False,True,False,mgtbind_compounds.csv,mgtbind
3038,O=C1N(C2CCC(NC2=O)=O)CC3=C1C=CC(CNC(C4=CC5=C(C=CC(C(C)(C)C)=C5)OC4)=O)=C3,True,False,False,False,True,False,mgtbind_compounds.csv,mgtbind
3039,O=C1N(C2CCC(NC2=O)=O)CC3=C1C=CC(CNC(C4=CC5=C(C=CC(C6=CC=CC=C6)=C5)OC4)=O)=C3,True,False,False,False,True,False,mgtbind_compounds.csv,mgtbind
3040,CC(C)c5ccc(C=c4sc(=O)n(CCCCCCCCNC(=O)c3ccc2c(=O)n(C1CCC(=O)NC1=O)c(=O)c2c3)c4=O)cc5,True,False,False,False,True,False,mgtbind_compounds.csv,mgtbind
3041,O=C1CCC(N2C(=O)C3=CC=C(C(=O)NCCCCCCCCNC(=O)C4=CC=CC=C4)C=C3C2=O)C(=O)N1,True,False,False,False,True,False,mgtbind_compounds.csv,mgtbind
3042,O=C1CC[C@H](N2CC3=CC(C4=CN=C5CN(CC6=CC=CC=C6C6=CC=CC=C6)CCN45)=CC=C3C2=O)C(=O)N1,True,False,False,False,False,False,mgtbind_compounds.csv,mgtbind
3043,O=C1CC[C@H](N2CC3=CC(C4=CN=C5CNCCN45)=CC=C3C2=O)C(=O)N1,True,False,False,False,False,False,mgtbind_compounds.csv,mgtbind
3044,O=C1CC[C@H](N2CC3=CC(C4=CN=C5CN(CC6=CC=CC=C6C6=CC=C(Cl)C=C6)CCN45)=CC=C3C2=O)C(=O)N1,True,False,False,False,False,False,mgtbind_compounds.csv,mgtbind
3045,CC1=CC=C(C2=CC=CC=C2CN2CCN3C(C4=CC=C5C(=O)N([C@H]6CCC(=O)NC6=O)CC5=C4)=CN=C3C2)C=C1,True,False,False,False,False,False,mgtbind_compounds.csv,mgtbind
3046,O=C1CC[C@H](N2CC3=CC(C4=CN=C5CN(CC6=CC=CC=C6C6=CC=C(F)C=C6)CCN45)=CC=C3C2=O)C(=O)N1,True,False,False,False,False,False,mgtbind_compounds.csv,mgtbind
3047,O=C1CC[C@H](N2CC3=CC(C4=CN=C5CN(CC6=CC=CC=C6C6=CC=NC=C6)CCN45)=CC=C3C2=O)C(=O)N1,True,False,False,False,False,False,mgtbind_compounds.csv,mgtbind
3048,O=C1CC[C@H](N2CC3=CC(C4=CN=C5CN(CC6=CC=CC=C6C6=CC=CC(Cl)=C6)CCN45)=CC=C3C2=O)C(=O)N1,True,False,False,False,False,False,mgtbind_compounds.csv,mgtbind
3049,CC1=CC=CC(C2=CC=CC=C2CN2CCN3C(C4=CC=C5C(=O)N([C@H]6CCC(=O)NC6=O)CC5=C4)=CN=C3C2)=C1,True,False,False,False,False,False,mgtbind_compounds.csv,mgtbind
3050,O=C1CC[C@H](N2CC3=CC(C4=CN=C5CN(CC6=CC=CC=C6C6=CC=CC=C6Cl)CCN45)=CC=C3C2=O)C(=O)N1,True,False,False,False,False,False,mgtbind_compounds.csv,mgtbind
3051,CC1=CC=CC=C1C1=CC=CC=C1CN1CCN2C(C3=CC=C4C(=O)N([C@H]5CCC(=O)NC5=O)CC4=C3)=CN=C2C1,True,False,False,False,False,False,mgtbind_compounds.csv,mgtbind
3052,O=C1CC[C@H](N2CC3=CC(C4=CN=C5CN(CC6=CC=CC=C6C6=CC=CC=C6F)CCN45)=CC=C3C2=O)C(=O)N1,True,False,False,False,False,False,mgtbind_compounds.csv,mgtbind
3053,O=C1CC[C@H](N2CC3=CC(C4=CN=C5CN(CC6=CC=CC=C6C6=CC=CC=C6C(F)(F)F)CCN45)=CC=C3C2=O)C(=O)N1,True,False,False,False,False,False,mgtbind_compounds.csv,mgtbind
3054,COC1=CC=CC=C1C1=CC=CC=C1CN1CCN2C(C3=CC=C4C(=O)N([C@H]5CCC(=O)NC5=O)CC4=C3)=CN=C2C1,True,False,False,False,False,False,mgtbind_compounds.csv,mgtbind
3055,O=C1CC[C@H](N2CC3=CC(C4=CN=C5CN(CC6=CC=CC=C6C6=CC=CC=C6OC(F)(F)F)CCN45)=CC=C3C2=O)C(=O)N1,True,False,False,False,False,False,mgtbind_compounds.csv,mgtbind
3056,O=C1CC[C@H](N2CC3=CC(C4=CN=C5CN(CC6=CC=CC=C6C6=CC=CC=C6C(F)F)CCN45)=CC=C3C2=O)C(=O)N1,True,False,False,False,False,False,mgtbind_compounds.csv,mgtbind
3057,N#CC1=CC=CC=C1C1=CC=CC=C1CN1CCN2C(C3=CC=C4C(=O)N([C@H]5CCC(=O)NC5=O)CC4=C3)=CN=C2C1,True,False,False,False,False,False,mgtbind_compounds.csv,mgtbind
3058,CC1=CC=C(Cl)C(C2=CC=CC=C2CN2CCN3C(C4=CC=C5C(=O)N([C@H]6CCC(=O)NC6=O)CC5=C4)=CN=C3C2)=C1,True,False,False,False,False,False,mgtbind_compounds.csv,mgtbind
3059,O=C1CCC(N2C(=O)C3=CC=CC(NC4CC4)=C3C2=O)C(=O)N1,True,False,False,False,True,False,mgtbind_compounds.csv,mgtbind
3060,O=C1CCC(N2CC3=CC([C@H]4C[C@@]4(COOCC(Cl)(Cl)Cl)C4=CC=C(Br)C=C4)=CC=C3C2=O)C(=O)N1,True,False,False,False,False,False,mgtbind_compounds.csv,mgtbind
3061,O=C1CCC(N2C(=O)C3=CC=C([C@H]4C[C@@]4(COOCC(Cl)(Cl)Cl)C4=CC=C(Br)C=C4)C=C3C2=O)C(=O)N1,True,False,False,False,False,False,mgtbind_compounds.csv,mgtbind
3062,O=C1CCC(N2CC3=C(C=CC=C3C3=C[C@]3(C(=O)OCC(Cl)(Cl)Cl)C3=CC=C(Br)C=C3)C2=O)C(=O)N1,True,False,False,False,False,False,mgtbind_compounds.csv,mgtbind
3063,O=C1CCC(N2CC3=C(C=CC=C3C3=C[C@@]3(COOCC(Cl)(Cl)Cl)C3=CC=C(Br)C=C3)C2=O)C(=O)N1,True,False,False,False,False,False,mgtbind_compounds.csv,mgtbind
3064,O=C1CCC(N2C(=O)C3=C(C2=O)C(C2=C[C@]2(C(=O)OCC(Cl)(Cl)Cl)C2=CC=C(Br)C=C2)=CC=C3)C(=O)N1,True,False,False,False,False,False,mgtbind_compounds.csv,mgtbind
3065,O=C1CCC(N2C(=O)C3=C(C2=O)C(C2=C[C@@]2(COOCC(Cl)(Cl)Cl)C2=CC=C(Br)C=C2)=CC=C3)C(=O)N1,True,False,False,False,False,False,mgtbind_compounds.csv,mgtbind
3066,O=C1CCC(N2CC3=CC(C4=C[C@@]4(COOCC(Cl)(Cl)Cl)C4=CC=C(Br)C=C4)=CC=C3C2=O)C(=O)N1,True,False,False,False,False,False,mgtbind_compounds.csv,mgtbind
3067,O=C1CCC(N2C(=O)C3=CC=C(C4=C[C@]4(C(=O)OCC(Cl)(Cl)Cl)C4=CC=C(Br)C=C4)C=C3C2=O)C(=O)N1,True,False,False,False,False,False,mgtbind_compounds.csv,mgtbind
3068,O=C1CCC(N2C(=O)C3=CC=C(C4=C[C@@]4(COOCC(Cl)(Cl)Cl)C4=CC=C(Br)C=C4)C=C3C2=O)C(=O)N1,True,False,False,False,False,False,mgtbind_compounds.csv,mgtbind
3069,NC1=NC=NC2=C1C(C1=CC=C(OC3=CC=CC=C3)C=C1)=NN2[C@H]1CCCN(C(=O)CCCCCNC2=CC=C3C(=O)N(C4CCC(=O)NC4=O)C(=O)C3=C2)C1,True,False,False,False,False,False,mgtbind_compounds.csv,mgtbind
3070,NC1=NC=NC2=C1C(C1=CC=C(OC3=CC=CC=C3)C=C1)=NN2[C@H]1CCCN(C(=O)CCCCCCNC2=CC=CC3=C2C(=O)N(C2CCC(=O)NC2=O)C3=O)C1,True,False,False,False,False,False,mgtbind_compounds.csv,mgtbind
3071,NC1=NC=NC2=C1C(C1=CC=C(OC3=CC=CC=C3)C=C1)=NN2[C@H]1CCCN(C(=O)CCCCCCNC2=CC=C3C(=O)N(C4CCC(=O)NC4=O)C(=O)C3=C2)C1,True,False,False,False,False,False,mgtbind_compounds.csv,mgtbind
3072,NC1=NC=NC2=C1C(C1=CC=C(OC3=CC=CC=C3)C=C1)=NN2[C@H]1CCCN(C(=O)CCCCCCCNC2=CC=CC3=C2C(=O)N(C2CCC(=O)NC2=O)C3=O)C1,True,False,False,False,False,False,mgtbind_compounds.csv,mgtbind
3073,NC1=NC=NC2=C1C(C1=CC=C(OC3=CC=CC=C3)C=C1)=NN2[C@H]1CCCN(C(=O)CCCCCCCNC2=CC=C3C(=O)N(C4CCC(=O)NC4=O)C(=O)C3=C2)C1,True,False,False,False,False,False,mgtbind_compounds.csv,mgtbind
3074,NC1=NC=NC2=C1C(C1=CC=C(OC3=CC=CC=C3)C=C1)=NN2[C@H]1CCCN(C(=O)CCCCCCCCNC2=CC=C3C(=O)N(C4CCC(=O)NC4=O)C(=O)C3=C2)C1,True,False,False,False,False,False,mgtbind_compounds.csv,mgtbind
3075,NC1=NC=NC2=C1C(C1=CC=C(OC3=CC=CC=C3)C=C1)=NN2C1CCCN(C(=O)CCCCCCCCNC2=CC=C3C(=O)N(C4CCC(=O)NC4=O)C(=O)C3=C2)C1,True,False,False,False,True,False,mgtbind_compounds.csv,mgtbind
3076,NC1=NC=NC2=C1C(C1=CC=C(OC3=CC=CC=C3)C=C1)=NN2[C@H]1CCCN(C(=O)CCCCCCCCCNC2=CC=C3C(=O)N(C4CCC(=O)NC4=O)C(=O)C3=C2)C1,True,False,False,False,False,False,mgtbind_compounds.csv,mgtbind
3077,NC1=NC=NC2=C1C(C1=CC=C(OC3=CC=CC=C3)C=C1)=NN2[C@H]1CCCN(C(=O)CCCCCCCCCCNC2=CC=C3C(=O)N(C4CCC(=O)NC4=O)C(=O)C3=C2)C1,True,False,False,False,False,False,mgtbind_compounds.csv,mgtbind
3078,NC1=NC=NC2=C1C(C1=CC=C(OC3=CC=CC=C3)C=C1)=NN2[C@H]1CCCN(C(=O)CCCCCCCCCCCNC2=CC=C3C(=O)N(C4CCC(=O)NC4=O)C(=O)C3=C2)C1,True,False,False,False,False,False,mgtbind_compounds.csv,mgtbind
3079,NC1=NC=NC2=C1C(C1=CC=C(OC3=CC=CC=C3)C=C1)=NN2[C@@H]1CCCN(C(=O)CCOCCOCCNC2=CC=C3C(=O)N(C4CCC(=O)NC4=O)C(=O)C3=C2)C1,True,False,False,False,False,False,mgtbind_compounds.csv,mgtbind
3080,CC1=CC=C(NC(=O)NCC2=C3CN(C4CCC(=O)NC4=O)C(=O)C3=CS2)C=C1Cl,True,False,False,False,True,False,mgtbind_compounds.csv,mgtbind
3081,NC1=CC(F)=CC=C1NC(=O)C1=CC=C(CNC2=CC=CC3=C2C(=O)N(C2CCC(=O)NC2=O)C3=O)C=C1,True,False,False,False,True,False,mgtbind_compounds.csv,mgtbind
3082,NC1=CC=CC=C1NC(=O)C1=CC=C(CNC2=CC=CC3=C2C(=O)N(C2CCC(=O)NC2=O)C3=O)C=C1,True,False,False,False,True,False,mgtbind_compounds.csv,mgtbind
3083,NC1=C2CN(C3CCC(=O)NC3=O)C(=O)C2=CC(C(F)(F)F)=C1,True,False,False,False,True,False,mgtbind_compounds.csv,mgtbind
3084,NC1=C2CN(C3CCC(=O)NC3=O)C(=O)C2=CC(OC(F)(F)F)=C1,True,False,False,False,True,False,mgtbind_compounds.csv,mgtbind
3085,NC1=CC(Br)=CC2=C1CN(C1CCC(=O)NC1=O)C2=O,True,False,False,False,True,False,mgtbind_compounds.csv,mgtbind
3086,NC1=CC(Cl)=CC2=C1CN(C1CCC(=O)NC1=O)C2=O,True,False,False,False,True,False,mgtbind_compounds.csv,mgtbind
3087,NC1=CC(F)=CC2=C1C(=O)N(C1CCC(=O)NC1=O)C2=O,True,False,False,False,True,False,mgtbind_compounds.csv,mgtbind
3088,NC1=CC(F)=CC2=C1CN(C1CCC(=O)NC1=O)C2=O,True,False,False,False,True,False,mgtbind_compounds.csv,mgtbind
3089,O=C1CCC(N2C(=O)C3=CC=C(O)C(F)=C3C2=O)C(=O)N1,True,False,False,False,True,False,mgtbind_compounds.csv,mgtbind
3090,COC1=C(OC)C=C2C(=O)NC(CN3CC=C(C4=CC=CC=C4)CC3)=NC2=C1,True,False,False,False,True,False,mgtbind_compounds.csv,mgtbind
3091,COC1=C(OC)C=C2C(=O)NC(N3CC=C(C4=CC=C(C#N)C=C4)CC3)=NC2=C1,True,False,False,False,True,False,mgtbind_compounds.csv,mgtbind
3092,COC1=C(OC)C=C2C(=O)NC(N3CC=C(C4=CC=CC(C#N)=C4)CC3)=NC2=C1,True,False,False,False,True,False,mgtbind_compounds.csv,mgtbind
