compound_id,smiles,score
ZINC_250K_2739,O[C@H]1CCC2C1C1CC[C@H](O)C21,0.34070554
ZINC_250K_9994,NC(=O)CSSCC(N)=O,0.3407012
ZINC_250K_248,ClC(Cl)(Cl)c1nonc1C(Cl)(Cl)Cl,0.34069
ZINC_250K_6213,ClC/C=C/C[N+]12CN3CN(CN(C3)C1)C2,0.34068987
ZINC_250K_1383,SCCCCn1cc[nH+]c1,0.34068432
ZINC_250K_8114,Clc1cscc1-c1cscc1Cl,0.34068224
ZINC_250K_1194,CC1(C)O[C@H]2O[C@H]3OC(C)(C)O[C@H]3[C@@H]2O1,0.3406777
ZINC_250K_2233,C/C=C/COCC(CC)(CC)CS,0.34067255
ZINC_250K_6199,CC(C)[NH+](C)CCOCC[NH3+],0.34067225
ZINC_250K_2826,CC[C@H](C)[C@H](C)C[C@@H](C)Br,0.34067166
ZINC_250K_4786,C[C@@H]1CCC[C@@H]1[NH2+][C@@H]1CCCS[C@@H]1C,0.3406708
ZINC_250K_6449,CC(C)C1C[NH+](C[C@H]([NH3+])[C@H](C)O)C1,0.34066308
ZINC_250K_3590,CC1CC[NH+](C2[C@H]3C[NH2+]C[C@@H]23)CC1,0.3406575
ZINC_250K_4465,OC[C@@H](Br)C(F)(F)Br,0.34065545
ZINC_250K_3056,CCC[NH2+]CC[NH+](C)CC(C)(C)O,0.34065142
ZINC_250K_5584,C[NH2+]C[C@H](C)[C@H](C)[NH+](C)CC(C)(C)C,0.34065053
ZINC_250K_3436,CC[NH+](CC)[C@@](C)(CC)[C@@H](C)O,0.34065035
ZINC_250K_7615,OC[C@H]1CCC[NH+]1C1CCCCCCC1,0.34065014
ZINC_250K_7939,ClC1(Cl)[C@@H](c2ccccc2)[C@@H]1c1ccccc1,0.3406489
ZINC_250K_8247,CC1(C)C([NH2+][C@H]2CC[C@H]([NH3+])C2)C1(C)C,0.34064713
ZINC_250K_8987,CC(C)c1n[nH]c(=S)n1C,0.34064645
ZINC_250K_10425,C=C(C)[C@H](CC(F)(F)F)[NH2+]CC,0.340644
ZINC_250K_5413,S=c1[nH]c(-c2ccccc2)c(-c2ccccc2)[nH]1,0.3406427
ZINC_250K_1438,C[C@@H](Cl)[C@@H](C)c1cscc1Br,0.34064174
ZINC_250K_4914,CCC1(CC)CC[NH+](CCCCS)CC1,0.34064162
ZINC_250K_4191,CC(C)[C@@H](Cl)[C@@H]1CCC[C@H]1C,0.3406387
ZINC_250K_8849,CN(C)C(=S)SCC(N)=O,0.3406382
ZINC_250K_9048,C[NH2+][C@@H](CCOC)COC(C)C,0.34063643
ZINC_250K_7113,C=C(C)C[C@@H]([NH3+])COCCC,0.34063604
ZINC_250K_8437,Nc1ccc(/N=N\c2ccccc2)c(N)c1,0.3406357
ZINC_250K_1930,CC(C)[C@@H](C[NH+](C)C)C(=O)[O-],0.34063554
ZINC_250K_698,O[C@H](c1c(F)c(F)c(F)c(F)c1F)C(Cl)(Cl)Cl,0.34063476
ZINC_250K_9434,Nc1ncn(CC(F)(F)F)n1,0.340634
ZINC_250K_7952,CC(C)[C@@H](CCOCCO)[C@@H](C)O,0.34063345
ZINC_250K_7259,CCC[NH+](C1CC1)[C@@H]1CC[C@H]([NH2+]C)C1,0.3406323
ZINC_250K_8499,OCC#Cc1ccc(Br)cc1,0.34063062
ZINC_250K_10241,N[C@H](c1ccc([S-])cc1)C(F)(F)F,0.34062928
ZINC_250K_9299,C1=CC[C@H](C[NH+]2CC[C@@H](C[NH+]3CCCC3)C2)CC1,0.3406282
ZINC_250K_3107,C[C@H]([NH3+])[C@H]1CCCC(C)(C)CC1,0.34062773
ZINC_250K_5118,CC[C@@H](C)N1C(=O)C=CC1=O,0.340626
ZINC_250K_3431,CC(C)C[NH+](C)CCC(=O)[O-],0.34062454
ZINC_250K_1769,C[C@H]1CO[C@H]([C@]2(C)OC[C@H](C)O2)O1,0.34062353
ZINC_250K_7051,CS(=O)(=O)CCSCCCS,0.340623
ZINC_250K_7161,CCC[C@@H](C)[C@H](O)[C@H](C#N)CC,0.34062198
ZINC_250K_10077,CO[C@@H]1CCC[C@@H]([NH2+]C2C(C)(C)C2(C)C)C1,0.3406219
ZINC_250K_4636,O=C=NC(c1ccccc1)(c1ccccc1)c1ccccc1,0.3406212
ZINC_250K_9073,C=CC[n+]1cccc2ccccc21,0.34062004
ZINC_250K_9290,[NH3+]C[C@@H](c1ccccc1)[NH+]1CCCCCC1,0.34062
ZINC_250K_6539,CC(C)(C)[C@]1(C(F)(F)C(F)(F)F)CCC[NH2+]1,0.34061956
ZINC_250K_8001,C=CC(=O)N[C@@H](OC)C(=O)OC,0.34061894
ZINC_250K_3630,CCC[NH+](CCC)[C@@H]1CCC[C@H]([NH2+]C)C1,0.34061828
ZINC_250K_3554,C=CC(=O)OCC(C)(C)C[NH+](C)C,0.34061778
ZINC_250K_6953,C[C@@H]([NH2+]C1C(C)(C)C1(C)C)c1ccncc1,0.34061772
ZINC_250K_9840,C[C@H](C(=O)[O-])[C@@H](C)[NH+](C)CCC[NH+](C)C,0.34061772
ZINC_250K_2281,CCC(CC)C(=O)[C@H](C)OC,0.340616
ZINC_250K_1243,CNC(=S)NNc1ccc(Br)cc1,0.34061512
ZINC_250K_5563,C=C(C)[C@H]([NH3+])c1ccc(F)cc1,0.3406139
ZINC_250K_5318,Cc1c[n+]([O-])cc(C[n+]2ccccc2)[n+]1[O-],0.3406137
ZINC_250K_9440,SCC1(C[NH+]2CCCSCC2)CCCCC1,0.34061363
ZINC_250K_1645,CCC1CCC(C[NH2+][C@@H]2CCC[C@H]2[C@@H]2CCCC[NH2+]2)CC1,0.34061313
ZINC_250K_2540,CC(C)[C@@H](C)NC(=O)CSCC[NH3+],0.34061292
ZINC_250K_6034,CC(C)CNC(=O)C[NH2+]C1C(C)(C)C1(C)C,0.34061238
ZINC_250K_7656,CC[C@](C)([C@H](O)C(C)(C)C)[NH+]1CCCCC1,0.34061185
ZINC_250K_9519,O[C@H](c1ccccc1)c1cscc1Br,0.34061113
ZINC_250K_1630,CC[NH+](CC)C[C@H]1CC[NH2+]C1,0.34061056
ZINC_250K_7918,CSc1ccc(/C=C(\C)[N+](=O)[O-])cc1,0.3406104
ZINC_250K_3099,CCCC12C[C@@H]3C[C@@H](CC([NH3+])(C3)C1)C2,0.34061036
ZINC_250K_9697,CCC[C@@H](C)N1CCC[NH2+]CC1,0.34060997
ZINC_250K_9922,Nc1noc(-c2ccoc2)c1Br,0.34060913
ZINC_250K_2086,C[C@@H](C(=O)[O-])[C@@H](N[S@](=O)C(C)(C)C)C(C)(C)C,0.34060895
ZINC_250K_210,CCC(CC)[S@](=O)CCC(=O)[O-],0.34060806
ZINC_250K_1798,CN(C)C(=S)N(C(=S)N(C)C)c1ccccc1,0.340608
ZINC_250K_8841,CC(C)(O)CC[NH2+]CC(=O)[O-],0.34060755
ZINC_250K_8546,C[C@@H]1C[NH+]([C@@H](C)/C(N)=N/O)C[C@@H]1C,0.3406069
ZINC_250K_1920,CCC(CC)([C@H](O)COC(C)C)[NH+](C)C,0.34060687
ZINC_250K_8688,CCC1(C[NH2+]CC2(CC(C)C)CCCC2)CC[NH2+]CC1,0.34060666
ZINC_250K_4794,[NH3+]CC(=O)c1ccc(F)cc1,0.34060663
ZINC_250K_10053,C[NH+]1CCN(C(=O)Cl)CC1,0.34060648
ZINC_250K_9837,O=C([O-])CC1(C(=O)[O-])CCCCCC1,0.34060627
ZINC_250K_7972,CCC(C(=O)OC(C)(C)C)(C(F)(F)F)C(F)(F)F,0.34060594
ZINC_250K_2352,CC[C@H](C)[C@@H]1CCCC[C@H]([NH2+]C)C1,0.34060577
ZINC_250K_2011,C[NH2+]C[C@H](C)[C@H](C)n1cccn1,0.34060535
ZINC_250K_3421,C[N+]1(/N=C(\[S-])NN)CCOCC1,0.34060523
ZINC_250K_2979,CSCCc1ccc(N)cc1,0.34060436
ZINC_250K_7077,CC[C@H](C[NH2+]C)Cc1nc(C)cs1,0.34060353
ZINC_250K_5792,NC(=S)c1n[nH]cc1Br,0.34060332
ZINC_250K_2458,NC(=O)c1ccc([N+](=O)[O-])s1,0.3406023
ZINC_250K_5183,CC1(C)C(C[NH2+][C@@H]2CCC[C@@H]2[C@@H]2CCCC[NH2+]2)C1(C)C,0.3406021
ZINC_250K_7668,C=CCn1c(=O)n(CC=C)c(=O)n(CCN2C(=O)C=CC2=O)c1=O,0.340602
ZINC_250K_6333,O=C(C1CCCC1)N1CCCCCC1,0.3406018
ZINC_250K_7980,O=[N+]([O-])c1[nH]c(Br)nc1I,0.34060135
ZINC_250K_6463,CC1CCN(/C(N)=[NH+]/C2CC2)CC1,0.34060052
ZINC_250K_3483,CC1(C)CCCC[C@H]1[NH+]1CCCC[C@@H]1CC[NH3+],0.34060022
ZINC_250K_6190,C[NH+](C)CCCC[NH2+][C@@H]1CC(C)(C)OC1(C)C,0.3406
ZINC_250K_4331,NC1=c2cc(Br)ccc2=[NH+]C1,0.34059995
ZINC_250K_1178,C[C@H]1CC(N)=C(C#N)C1(C#N)C#N,0.34059992
ZINC_250K_9562,Cc1cscc1[C@H]([NH3+])c1cc(F)cc(F)c1,0.34059986
ZINC_250K_4822,CSCC[NH2+]Cc1nc(C)c(C)s1,0.34059948
ZINC_250K_1346,COC[C@H](C)Cc1nnc(C[NH3+])o1,0.3405988
ZINC_250K_878,CC(C)CNC(=O)[C@](C)(N)C(F)(F)F,0.34059876
ZINC_250K_8949,CC1(C)CCC(O)(C[NH2+][C@@H]2CSCCC2(C)C)CC1,0.34059858
ZINC_250K_1813,COC[C@](C)(O)C1(C#N)CCCC1,0.34059837
ZINC_250K_9854,CCC1CCC(C[NH3+])([NH+](C)[C@@H](C)CC)CC1,0.34059787
ZINC_250K_3771,CCN(CC(N)=S)C(=O)OC(C)(C)C,0.34059766
ZINC_250K_1252,CCN(CC)c1ccc(N)c(N)[nH+]1,0.34059748
ZINC_250K_9872,CCN(CC(C)(C)O)c1nsnc1Cl,0.34059688
ZINC_250K_2921,NC(=[NH2+])c1ccc2ccccc2c1,0.3405968
ZINC_250K_2557,C=CC(=O)NCOCC(C)C,0.34059677
ZINC_250K_1258,CCC[NH+](CCO)C[C@H]1[C@H](N)C(C)(C)OC1(C)C,0.3405965
ZINC_250K_8926,CNS(=O)(=O)[C@@H]1CC[NH+](CC(C)(C)C)C1,0.3405964
ZINC_250K_5449,CC(=O)N[C@H]1CSC[C@@H]1OC(C)=O,0.3405962
ZINC_250K_9405,CC(C)C1CCC(C(=O)N[C@@H](C(=O)[O-])C(C)C)CC1,0.34059593
ZINC_250K_7565,C[NH2+][C@H](C=C(C)C)c1ccncc1,0.34059587
ZINC_250K_2274,COC(=O)[C@@H](N)CC(=O)OC(C)(C)C,0.3405958
ZINC_250K_2656,COC[C@H](O)CCCC(F)(F)F,0.34059575
ZINC_250K_5591,C[NH2+]C[C@@H]1CCCO[C@H]1C(C)(C)C,0.34059533
ZINC_250K_3039,C[NH2+][C@H](COC(C)C)c1ncccn1,0.3405947
ZINC_250K_4956,CC(C)[C@H](C)[NH2+][C@H]1CCOC2(CCCC2)C1,0.34059465
ZINC_250K_10253,C1CC(OC[C@H]2C[C@H]3CC[C@@H]2C3)CC[NH2+]1,0.3405946
ZINC_250K_4071,CCSc1nnc(NC)s1,0.3405945
ZINC_250K_2029,C[C@@H](C[C@@H]1CCCC[NH2+]1)[NH2+]C[C@@H]1CCCC[NH+]1C,0.34059396
ZINC_250K_8227,Cc1ccc(CC(N)=S)cc1,0.34059343
ZINC_250K_5185,CCn1c(=O)c(I)cn(C)c1=O,0.34059316
ZINC_250K_5782,O=c1cc(C(O)(c2ccccc2)c2ccccc2)cc[nH]1,0.34059295
ZINC_250K_10488,O=C([O-])[C@@]12CCC[C@@H](C[NH2+]1)C2,0.34059277
ZINC_250K_3581,COc1cc2c(cc1OC)CC([NH3+])C2,0.34059262
ZINC_250K_412,Oc1ccccc1/C=[NH+]/CCC/[NH+]=C/c1ccccc1O,0.34059238
ZINC_250K_7945,CCC[NH2+][C@@H]1CC[C@@H](C(CC)CC)C1,0.34059212
ZINC_250K_8126,C[C@@H]1CN(CC#N)C[C@@H](C)O1,0.34059194
ZINC_250K_10059,CC(C)(O)CC[NH+]1CCC[C@H]1C1CC[NH2+]CC1,0.34059167
ZINC_250K_10214,CNC(=O)O/N=C(\C)[C@H](C)SC,0.340591
ZINC_250K_4507,CC(C)[C@@H]([NH3+])[C@H](C)CCc1ccccc1,0.3405909
ZINC_250K_9496,Cc1cc(C)c(S(=O)(=O)N=C2C=CC(=O)C=C2)c(C)c1,0.3405907
ZINC_250K_6545,CCC(CC)[C@H]1CCCCC[C@@H]1[NH2+]C,0.34059066
ZINC_250K_2457,CO[C@H](C)c1noc([C@H](C(C)C)[C@@H](C)[NH3+])n1,0.34059057
ZINC_250K_3542,CCC(CC)[C@@H](C(=O)OC)C(=O)C(C)C,0.34059027
ZINC_250K_1122,Cc1ccc(F)c(Br)n1,0.34059024
ZINC_250K_3685,CC[C@@H](O)[C@@]1(C[NH3+])CCC[C@H](C)C1,0.34059
ZINC_250K_3636,FC(F)(Cl)Oc1ccccc1,0.34058988
ZINC_250K_654,CN1C[NH+](C)CC2=C1NCNS2(=O)=O,0.34058985
ZINC_250K_5086,O=C([O-])CCC12CC3CC(CC(C3)C1)C2,0.34058973
ZINC_250K_5501,C1CC2(C1)C[C@@H]([NH2+]C1COC1)CCO2,0.3405897
ZINC_250K_7501,O=S1(=O)C[C@@H]2NC(=S)N(O)[C@H]2C1,0.34058967
ZINC_250K_9514,CC(C)C[NH+](C(C)C)[C@@]1(CN)CSCC(C)(C)C1,0.34058914
ZINC_250K_5958,O[C@H]1CCC[C@@H]1CC[NH+](CC1CC1)C1CC1,0.34058884
ZINC_250K_10481,CC[S@@](=O)CCN1C(=O)NC(C)(C)C1=O,0.3405885
ZINC_250K_7316,NC(=O)N/N=C/c1c(F)c(F)c(F)c(F)c1F,0.34058818
ZINC_250K_3545,CC[NH2+][C@@H]1CCCC[C@H]1SC[C@@H](C)CO,0.34058797
ZINC_250K_3191,FC(F)(F)[C@@H](Br)c1ccccc1Cl,0.3405878
ZINC_250K_5411,C[C@@H]1C[C@H]1C[NH+](C)[C@@H]1CCCC(C)(C)[C@@H]1[NH3+],0.34058768
ZINC_250K_6142,C[NH2+][C@H](c1ccccc1C)[C@H](C)OC,0.34058765
ZINC_250K_1528,CC[C@H]1CCCCN(C)C1=O,0.34058735
ZINC_250K_6239,C[NH2+][C@@H](c1cscc1C)c1cc(OC)c(OC)cc1C,0.34058723
ZINC_250K_4680,C[C@@H](C(=O)[O-])[C@@H](C)C(=O)c1ccc(Br)cc1,0.3405868
ZINC_250K_9189,C#CCN(CC)C1CCC([NH3+])CC1,0.34058633
ZINC_250K_6106,CC[C@H](CS)C[NH+](CC)C1CCCCC1,0.34058625
ZINC_250K_2957,CC(=O)NCCNC(=O)CSC1CCCC1,0.34058622
ZINC_250K_3547,CCC(CC)[NH+](C)CCC(=O)NC(N)=O,0.3405862
ZINC_250K_7555,C[NH2+][C@H]1CC[C@@H](N2CCC([NH+](C)C)CC2)C1,0.34058598
ZINC_250K_3713,[NH3+][C@H](Cc1ccc(O)cc1)c1ncccn1,0.3405858
ZINC_250K_2689,CC[C@H]1CCC[C@](C[NH3+])(C2(O)CCCCCC2)C1,0.34058467
ZINC_250K_6160,C[C@]12CC3CC(Cc4nnc(C[NH3+])s4)(C1)C[C@@](C)(C3)C2,0.34058428
ZINC_250K_4068,COc1cc(C[C@H](C)CO)cc(OC)c1,0.34058413
ZINC_250K_4518,C[NH2+][C@@H]1CCC[C@H]([C@@H]2CCC[C@H](S(C)(=O)=O)C2)C1,0.3405838
ZINC_250K_3137,CCC[C@@](O)(c1ccccc1)[C@H](C)C#N,0.3405833
ZINC_250K_3192,COC(=O)[C@H](C#N)C(F)(F)F,0.34058282
ZINC_250K_7413,C[C@@H](O)[C@H](C)C1(C(=O)[O-])CCCCCC1,0.34058282
ZINC_250K_2291,Cc1nc(-c2ccc(Br)cc2)[nH]c1C,0.34058276
ZINC_250K_76,COCC[C@H](C)C(=O)N[C@@H](C)COC,0.34058255
ZINC_250K_7117,CN1C(N)=[NH+]C[C@@]12CCCSC2,0.34058246
ZINC_250K_5831,CC(C)Cc1ccc([C@H](O)[C@@H]([NH3+])c2ccccc2)cc1,0.34058172
ZINC_250K_7805,C[NH2+][C@]1(CO)CC[C@@H]([NH+]2C[C@H](C)C[C@H](C)C2)C1,0.34058166
ZINC_250K_7494,Brc1nc(C[NH2+]C2CC2)cs1,0.34058133
ZINC_250K_4791,CC[NH2+][C@H](Cc1nc(C)cs1)c1cscc1C,0.34058112
ZINC_250K_2863,CCC[C@H](C[NH3+])[C@@]1(O)CCC[NH+](CC)CC1,0.34058088
ZINC_250K_546,N#CCC[NH2+]C1(C(=O)[O-])CC1,0.34058037
ZINC_250K_8729,Cc1csc(CSC[C@@H](C)C[NH3+])n1,0.34057996
ZINC_250K_2769,C[C@@H](Cc1[nH+]ccn1C)C[C@@H](C)Br,0.34057984
ZINC_250K_9427,CCC1(CC)C[NH+](C2(C(=O)[O-])CC2)C1,0.34057978
ZINC_250K_4035,O=C(N=C1NCCCCCN1)c1ccc(Br)cc1,0.3405792
ZINC_250K_9202,NC1=C(Cl)[C@H](C(=O)[O-])N=[NH+]1,0.34057915
ZINC_250K_1671,CC1(C)C[C@@H]1NC(=O)[C@@](C)(N)C(F)(F)F,0.34057906
ZINC_250K_7131,COCC[C@](C)(O)C1(C[NH3+])CCC(C)(C)CC1,0.340579
ZINC_250K_821,O=Cc1ccn(-c2ccc(Br)cc2)c1,0.3405788
ZINC_250K_8056,Cc1ccn(CC/C(N)=N\O)n1,0.34057862
ZINC_250K_4789,CC[C@H](C)[NH2+]Cc1ccc(N(C)C)cc1,0.34057856
ZINC_250K_23,O=c1n(CCO)c2ccccc2n1CCO,0.34057832
ZINC_250K_2446,C[C@@H]1CN(S(=O)(=O)[C@@H]2CCC[NH2+]C2)C[C@H]1C,0.3405781
ZINC_250K_6698,Cc1ccc([C@H]2C[C@@H]2[NH3+])s1,0.34057808
ZINC_250K_2809,CC(C)[C@H]1CC[C@@H](C)C[C@H]1OC(=O)C=O,0.3405779
ZINC_250K_2422,CC[NH+]1CCC[C@@H]1C[NH+](C)CCC(=O)[O-],0.34057763
ZINC_250K_9411,CC[NH+]1CCC[C@H]([NH2+][C@@H](C)CCCO)CC1,0.34057754
ZINC_250K_2096,CC1(C)CCC(O)([C@]2(C#N)CCOC2)CC1,0.34057713
ZINC_250K_5319,CC1(C)C[C@](O)([C@@H]2CCOC3(CCC3)C2)CCO1,0.34057653
ZINC_250K_4768,COCC[NH+]1CC[C@H]2CCCC[C@@H]2C1,0.34057647
ZINC_250K_2380,CCC[NH+](C1CCC([NH3+])CC1)[C@H]1CCOC1,0.34057644
ZINC_250K_1285,[NH3+]C1([C@H]2CCO[C@@]3(CCSC3)C2)CCCC1,0.34057614
ZINC_250K_8468,CC1(C)O[C@@H]2[C@@H](O1)[C@H](O)O[C@H]2[C@H]1COC(C)(C)O1,0.34057614
ZINC_250K_1313,C[C@@H](C[C@@H]1CCCCC[NH2+]1)[NH2+]CC(C)(C)C,0.34057602
ZINC_250K_1632,C[NH2+]C[C@H]1C[C@H]1c1ccccc1Br,0.3405758
ZINC_250K_9126,C[NH2+]C[C@H]1C[C@H]1c1cccs1,0.34057578
ZINC_250K_6385,Cc1ccc(-c2ncnc(N)n2)cc1,0.3405753
ZINC_250K_5113,CSc1ccc(/C=C2/C[N+](C)(C)C/C(=C/c3ccc(SC)cc3)C2=O)cc1,0.34057528
ZINC_250K_1900,Cc1ccc2c(c1)sc[n+]2Cc1ccc(CBr)cc1,0.3405752
ZINC_250K_7475,C[C@H]([C@@H](C)O)[NH+]1CC[C@@](C)(C(=O)[O-])C1,0.34057507
ZINC_250K_7950,Cc1c(Br)cc(C(=O)[O-])c(C)c1C,0.34057498
ZINC_250K_9926,NNc1ccc(Cl)c2ccccc12,0.34057492
ZINC_250K_734,C[C@H]1CCCC[NH+]1C[C@@H]1CCC(C)(C)[C@@H]1[NH3+],0.3405748
ZINC_250K_727,CSc1cc(-c2cccs2)oc(=O)c1C#N,0.34057474
ZINC_250K_10156,CCCN(CC)[C@H](C[NH3+])c1ccc(C)o1,0.3405746
ZINC_250K_4258,CC1(C)CCC[C@]2(C)[C@@H]1CC[C@]1(C)[C@@H](O)[C@@]3(C)CC[C@@]21C3,0.3405743
ZINC_250K_1124,[NH3+]C1CC(c2ccccc2F)C1,0.34057415
ZINC_250K_2014,NNc1nnc(SC2CCCCC2)n1N,0.34057358
ZINC_250K_1881,CCC[C@H]1CCC[NH+](CCCS)CC1,0.34057343
ZINC_250K_408,C=CCN(CC(=O)[O-])C(=O)[C@@H](C[NH3+])C(C)C,0.34057328
ZINC_250K_7756,CC(C)C1CCC([NH+](C)CCn2cnnc2)CC1,0.34057304
ZINC_250K_5327,CCC[NH2+][C@@H](C)c1ccc(SCC(C)C)cc1,0.34057286
ZINC_250K_648,COC(=C(C#N)C#N)c1cccs1,0.3405726
ZINC_250K_7580,[NH3+]Cc1ccc(-c2ccc(OCC(F)(F)F)cc2)cc1,0.3405725
ZINC_250K_6307,Cc1ccccc1/C=N\n1cnnc1,0.34057248
ZINC_250K_1254,CCC[NH+](CCC)[C@@H]1CCC(=O)C1,0.34057245
ZINC_250K_2735,C[C@@H]1[C@@H](C)CCC[C@@]1([NH3+])[C@@H]1CCOC2(CCCC2)C1,0.34057242
ZINC_250K_9285,CC(C)c1nsc(N(C)CC(C)(C)O)n1,0.34057197
ZINC_250K_5481,CC(C)[NH+](CCO)Cc1ccc(C#N)cc1,0.3405719
ZINC_250K_7230,CCC[NH2+]C[C@H](C)[C@@H](C)[NH+]1CCC2(CCCCC2)CC1,0.34057137
ZINC_250K_1667,CC(=O)N=P(N1CCCCC1)(N1CCCCC1)C(C)(C)C,0.34057114
ZINC_250K_5101,C[C@@H]1CCCC[NH+]1[C@]1(C[NH3+])CC(C)(C)OC1(C)C,0.34057105
ZINC_250K_8616,C=CCC[C@H](C)c1ccccc1,0.340571
ZINC_250K_2449,CCO[C@H](C)C(=O)OCC(=O)NC(C)C,0.34057075
ZINC_250K_906,NC(=O)C1(N2CCCC2)CC[NH2+]CC1,0.34057072
ZINC_250K_6981,CCC[NH+](C)Cc1cc2c(cc1N)OCCO2,0.34057054
ZINC_250K_6143,[NH3+]CCOCc1cc(F)cc(Br)c1,0.34057033
ZINC_250K_3189,CC[C@@H](C[NH2+][C@@H](C)CC)Oc1ccccc1,0.34056988
ZINC_250K_1408,[NH3+]C[C@H]1CCC[C@H]1N1CCOCC1,0.34056988
ZINC_250K_10282,Cc1c(C)c(C)c(S(=O)(=O)NC2CC2)c(C)c1C,0.34056976
ZINC_250K_3757,C=C(Cl)Cc1ccc(C#N)cc1,0.3405697
ZINC_250K_4173,CC(C)[NH+](C[C@@H](C)O)C1C[C@H](C)O[C@@H](C)C1,0.34056956
ZINC_250K_3401,C[C@H](Cc1ccccc1)[NH+]1Cc2ccccc2C1,0.3405695
ZINC_250K_7576,C[NH2+][C@@H](C)c1nc2ncc(C)cc2[n-]1,0.3405691
ZINC_250K_910,CCC(=O)NN/C(C)=C/C(=O)NCC(C)(C)C,0.3405691
ZINC_250K_9529,Cc1cscc1[C@H](O)c1cccc(F)c1F,0.34056902
ZINC_250K_2000,O=C1c2ccccc2C(=O)N1N=Cc1ccc(/C=N/N2C(=O)c3ccccc3C2=O)cc1,0.34056863
ZINC_250K_2916,C[C@H]1CC[C@H]([NH3+])[C@H](N2CC[NH+]3CCC[C@@H]3C2)C1,0.3405686
ZINC_250K_1110,CCC1(CC)C(=O)NC(=NNC(N)=S)NC1=O,0.34056845
ZINC_250K_2885,C[NH+](C)CCS[C@@H]1C[C@H](C(C)(C)C)CC[C@@H]1C#N,0.3405683
ZINC_250K_568,COc1cccc(C[NH2+]Cc2cccc(Br)c2OC)c1OC,0.34056827
ZINC_250K_166,CC(=O)N[C@@H](C(=O)NC1COC1)C(C)C,0.3405681
ZINC_250K_8098,CC[C@@H]1CC[C@@H](N(CC#N)C2CCCC2)C1,0.340568
ZINC_250K_141,CC[C@@H](C)[C@@H]([NH3+])c1ccc(Cl)s1,0.3405677
ZINC_250K_9937,CCCN1CC(=O)N(CCC(C)=O)CC1=O,0.34056762
ZINC_250K_5414,C[C@@H](CS)CN(C)c1ccc(F)cc1,0.34056705
ZINC_250K_4742,CCCCCSc1nnc([O-])[nH]c1=O,0.34056693
ZINC_250K_3565,[NH3+][C@H](C(=O)[O-])[C@H](O)c1ccc(F)cc1,0.34056646
ZINC_250K_3396,Nc1cnccc1SCc1ncon1,0.34056616
ZINC_250K_3661,O=C(Oc1ccccc1)c1ccccc1I,0.34056586
ZINC_250K_7428,O=[N+]([O-])c1ccccc1Cc1ccccc1,0.3405655
ZINC_250K_1367,C[C@@H]1CCCC[C@H]1[NH+]1CCC([NH2+][C@@H]2CCCCC[C@@H]2CO)CC1,0.34056535
ZINC_250K_9753,CC[C@@H](C#N)[C@H](O)c1ccc(CC(C)C)cc1,0.34056523
ZINC_250K_1385,CC(C)(C)OC(=O)[C@@H]1N[C@H](C(=O)[O-])C(C)(C)S1,0.34056523
ZINC_250K_4559,CC(C)(CBr)CN1C(=O)C(C)(C)S1(=O)=O,0.34056523
ZINC_250K_7234,OCCC#Cc1ccsc1CSC[C@@H](O)CO,0.34056523
ZINC_250K_2511,CC(=O)C[C@H]1CCCCCN1C(=O)N1CCCCCC1,0.34056523
ZINC_250K_4939,[NH3+]C[C@](O)(CN1CC[NH+]2CCCC[C@H]2C1)C1CC1,0.34056497
ZINC_250K_9659,N#CNC(=O)/C=C/c1ccc(C#N)cc1,0.34056464
ZINC_250K_8285,C[C@H](CC[NH2+]C1CCCCCCC1)[S@@](C)=O,0.34056434
ZINC_250K_9878,CC1([C@]2(C)C(=N)NC(=O)N2C2CC2)CC1,0.34056413
ZINC_250K_9946,CCOC(=O)N(N=O)[C@H](C)CC,0.34056413
ZINC_250K_3725,COC[C@@](C)(O)CNC(=O)C(=O)NCC(C)C,0.3405641
ZINC_250K_4962,Cc1cc(C(=O)[O-])c([N+](=O)[O-])cc1[N+](=O)[O-],0.34056407
ZINC_250K_1593,CC1CCC(C#N)([C@H](O)C=O)CC1,0.34056395
ZINC_250K_7675,Cc1ccccc1N1C(=O)CNC1=S,0.34056374
ZINC_250K_4709,CCC(CC)([C@@H](Cc1ccc[nH+]c1N)NC)[NH+](C)C,0.34056374
ZINC_250K_1422,C[C@@]1(c2ccc(C[NH3+])cc2)NC(=O)NC1=O,0.34056368
ZINC_250K_1680,O=S1(=O)CC[C@@H]([NH2+][C@H]2CCC[C@@H]2[C@@H]2CCCC[NH2+]2)C1,0.3405635
ZINC_250K_5838,CC1=[N+]2C(N)=N[C@H](c3ccccc3)N=C2SC1,0.34056342
ZINC_250K_6288,C=C(c1ccccc1)[C@@H](C(=O)[O-])S(C)(=O)=O,0.34056324
ZINC_250K_5111,CC(=O)NN=Cc1ccc2c(c1)OCCO2,0.3405631
ZINC_250K_4402,CC[C@H](C)C[NH+](C)[C@@H]1CC[C@@](CO)([NH2+]C)C1,0.340563
ZINC_250K_8464,Cc1cccc([C@H]2C[C@H]2C[NH3+])c1,0.34056297
ZINC_250K_3854,CCOC(=O)C1(C#N)CC(OC)(OC)C1,0.34056264
ZINC_250K_7847,CC1(C)CCC[C@@H](S(=O)(=O)C2CCCCC2)[C@@H]1[NH3+],0.3405623
ZINC_250K_10361,c1ccc2c(c1)C[C@H](C[NH2+]C(C1CC1)C1CC1)S2,0.34056222
ZINC_250K_3808,CCCc1c(CCl)cnn1C,0.34056202
ZINC_250K_4930,COC(=O)C(C)(C)C(C)(C)[NH2+]C1CCCC1,0.34056193
ZINC_250K_3937,Cc1ccc2c(=O)cc([O-])oc2c1,0.34056187
ZINC_250K_4161,C[C@@H](C#N)CN(C)C(=O)C1[C@H]2CCC[C@@H]12,0.3405618
ZINC_250K_6000,CC[C@H](C)C[NH+](C)C[C@H](N)c1ccc(C(C)(C)C)cc1,0.34056178
ZINC_250K_4973,CN(C)c1cc[n+](C[C@H](O)CCl)cc1,0.34056175
ZINC_250K_8879,COc1cc(Br)cc(/C=C2/NC(=O)NC2=O)c1OC,0.34056163
ZINC_250K_7244,CCN[C@@]1(C#N)CCC[C@H]([NH+]2CCC(C)(C)CC2)C1,0.34056163
ZINC_250K_4994,CCC[C@@H]1CC[C@H](C[NH3+])[C@H]([NH+]2C[C@H](C)C[C@H](C)C2)C1,0.34056154
ZINC_250K_5470,Cc1ccc([C@@H](O)[C@@H]2CSCCS2)cc1,0.34056118
ZINC_250K_3633,CCNC(=O)C1CC[NH+](C2CCC(C(C)C)CC2)CC1,0.34056076
ZINC_250K_2960,COc1cc(Br)c(C[NH2+]C[C@H](C)O)cc1OC,0.3405607
ZINC_250K_9297,CC[C@@H]1CC[C@@H]([NH2+][C@@H]2CCCCC2(C)C)C1,0.34056067
ZINC_250K_3537,CC[C@H](C)[C@@H](CO)c1ccccc1C,0.3405606
ZINC_250K_5,CC[NH+](CC)[C@](C)(CC)[C@H](O)c1cscc1Br,0.34056044
ZINC_250K_4073,CC(C)(C#N)[C@](C)(O)c1cccs1,0.3405604
ZINC_250K_4538,OCc1cccc(-c2ncccn2)c1,0.34056026
ZINC_250K_8581,Clc1ccc(/C=N\N2CCCC2)cc1,0.34056002
ZINC_250K_8885,COC(=O)[C@H]1CSC(=O)N1,0.34055966
ZINC_250K_2705,CCN[C@@H]1[C@H]([NH+]2CCC[C@H]3CCC[C@@H]32)CCC1(C)C,0.34055948
ZINC_250K_6590,CN(CCC(N)=[NH2+])Cc1ccccc1,0.34055936
ZINC_250K_7195,NC(=O)c1nn(-c2ccccc2)nc1N,0.34055933
ZINC_250K_3174,CC(C)(O)CC[NH2+][C@H]1CCCS(=O)(=O)C1,0.3405593
ZINC_250K_940,O=C([O-])CC1=C(C(=O)[O-])CCCC1,0.34055927
ZINC_250K_4890,Cc1ccccc1-n1nc(C(C)(C)C)c(Br)c1N,0.34055927
ZINC_250K_8707,C[NH+](CC(C)(CO)CO)[C@H]1CCC[C@H](C2CC2)C1,0.34055874
ZINC_250K_5834,N#C[C@H](Nc1cccc2ccccc12)c1ccccc1,0.34055856
ZINC_250K_8577,CC(C)([NH3+])C#CCc1nc(C(C)(C)C)cs1,0.3405585
ZINC_250K_2140,CCN(CC(C)(C)O)C(=O)[C@H]1C[C@@H]2C=C[C@H]1C2,0.3405585
ZINC_250K_5031,C[C@H]([NH2+][C@@H]1CCOC2(CCCC2)C1)[C@@H]1CCCO1,0.34055814
ZINC_250K_10239,CC(C)C1(C[NH2+][C@H](C)c2nccs2)CC1,0.34055802
ZINC_250K_1637,Cc1cscc1C[NH2+][C@H]1CCC[C@@H](C)C1,0.34055793
ZINC_250K_967,CC[C@](C)(C[NH3+])[C@H](O)c1ccc2c(c1)OCO2,0.34055775
ZINC_250K_9791,CC[NH2+][C@H]1CC[C@@H]([NH+]2CCCC2(C)C)C1,0.34055772
ZINC_250K_188,CC#CCC(=O)C1([NH+](CC)CC)CCCC1,0.3405576
ZINC_250K_5216,COC(=O)c1sc(C)cc1O,0.34055746
ZINC_250K_7562,O=C1C=CC(=O)N1CNc1ccccc1,0.34055734
ZINC_250K_2355,C[C@@]1(C(=O)[O-])CCCCCC[C@@H]1O,0.34055728
ZINC_250K_9907,COC(=O)C1(OC)CCOCC1,0.34055728
ZINC_250K_5171,C[C@H]1CN([C@@H](C[NH3+])c2cncn2C)C[C@@H]1C,0.34055725
ZINC_250K_1821,CC[C@H](CC[NH3+])N1CCCN(CC(F)(F)F)CC1,0.34055722
ZINC_250K_1072,CN(c1ncncc1N)[C@H]1CCSC1,0.34055683
ZINC_250K_1946,Cc1cccc(F)c1[C@H](N)C(F)(F)F,0.3405565
ZINC_250K_4648,Cc1cc(C)c(N2C(N)=NC(N)=NC2(C)C)c(C)c1,0.34055644
ZINC_250K_8300,C[NH2+][C@]1(C(=O)[O-])CCC[C@@H]([NH+]2CC[C@@H](C)C2)C1,0.34055603
ZINC_250K_2406,N#Cc1nn(C(N)=O)c(N)c1C#N,0.34055573
ZINC_250K_9574,C1C[C@H](C2CC2)C[C@H]([NH+]2CC[C@]3(CCOC3)C2)C1,0.34055564
ZINC_250K_73,C[C@H]([NH3+])c1nc2cc(C(F)(F)F)ccc2n1C,0.34055558
ZINC_250K_7231,CC(=O)NCCNC(=O)N(C)[C@@H](C)C1CC1,0.34055528
ZINC_250K_5871,C[NH2+][C@@H](c1csc(I)c1)[C@@H](C)c1ccncc1,0.34055516
ZINC_250K_3426,Cc1cscc1C[NH2+]CC[C@@H]1CSCCN1,0.3405551
ZINC_250K_4528,CCCCCN1C(=O)CSC1=S,0.3405551
ZINC_250K_6513,C[C@H](CCCO)[NH2+][C@@H](C)c1cnccn1,0.34055495
ZINC_250K_1000,[NH3+][C@@H](CSCc1nccs1)C(=O)[O-],0.3405548
ZINC_250K_4256,C[S@@](=O)c1c(Cl)cc(Cl)c(N)c1[N+](=O)[O-],0.3405547
ZINC_250K_2329,CC[C@H](O)[C@@]1(C#N)CCC[C@H](C)C1,0.34055445
ZINC_250K_451,COc1cc(F)c([C@H]([NH3+])c2ccc(SC)cc2)cc1OC,0.3405544
ZINC_250K_8120,C[C@@H](CCl)C[NH+](C)[C@@H](C)Cc1cccs1,0.34055433
ZINC_250K_2542,C[C@@H]([NH3+])C(=O)N1CC[C@@H](O)C1,0.3405543
ZINC_250K_1787,CCc1ccc([C@H](N)CC[NH+](CC)CC)cc1,0.34055412
ZINC_250K_7512,C[NH2+][C@@H]1CC[C@@H](C)C[C@H]1CN(C)C[C@@H]1CCC[NH+]1C,0.3405539
ZINC_250K_1731,CC(C)c1ccc([C@@H]2C[NH2+][C@@H](C)[C@@H](C)O2)cc1,0.34055388
ZINC_250K_2524,C=CCN(CC=C)C[C@@H]1CCC(C)(C)[C@H]1[NH2+]C,0.3405538
ZINC_250K_3021,CC[C@]1(C)NN(c2ccccc2)C([S-])=[NH+]1,0.3405537
ZINC_250K_3073,C[C@@H](C(=O)N(C)C)[NH+](CC(=O)[O-])C(C)(C)C,0.34055343
ZINC_250K_9939,CC[C@H](C)N1C(=O)[C@@H](C)NC(=O)C1(C)C,0.34055313
ZINC_250K_3749,CCOc1c(Br)cc(Br)cc1/C=C/C[NH2+]C,0.3405531
ZINC_250K_7458,Fc1ccc([C@@H](Br)Cc2ccncc2)c(F)c1F,0.3405529
ZINC_250K_571,CC(C)C[C@](C)(O)CNC(=O)CC[C@H](C)O,0.34055233
ZINC_250K_10249,C[C@@H](C#N)S(=O)(=O)N(C)C[C@@H]1CCC[NH+]1C,0.34055233
ZINC_250K_8461,COc1cc([C@H]([NH3+])C(=O)[O-])cc(I)c1OC,0.3405523
ZINC_250K_5461,CC(C)CC[C@H]([NH3+])c1cc(F)cc(Br)c1,0.3405522
ZINC_250K_4595,CC(C)CCC(=O)N1C[C@H](C)O[C@@H](C)C1,0.34055218
ZINC_250K_8739,CC[NH2+]C1CCC([NH+](C)[C@@H]2CCC[C@H](OC)C2)CC1,0.34055218
ZINC_250K_843,COC[C@H](O)C[NH+]1CCC(C)(C)C1,0.34055212
ZINC_250K_593,CC(C)c1ccc(CNC(N)=[NH2+])cc1,0.34055197
ZINC_250K_6943,C[C@@H]([NH3+])Cc1nc(-c2cncc(Br)c2)no1,0.34055173
ZINC_250K_1638,COc1ccc(/C=C/C2=[NH+]CCN2)cc1,0.34055158
ZINC_250K_5201,C[C@@H](NS(N)(=O)=O)c1ccc(-c2ccc(F)cc2)cc1,0.3405515
ZINC_250K_5108,Fc1cnc2[nH]cc(I)c2c1I,0.3405513
ZINC_250K_2210,Cc1ccc([C@@H](C)NC2=[NH+]CCC2)cc1,0.34055123
ZINC_250K_9578,O=CC[NH+]1CCC(N2CCOCC2)CC1,0.340551
ZINC_250K_5133,Cc1nc(CCl)[nH]c(=O)c1F,0.34055096
ZINC_250K_2504,CCCC1(Cc2c(C)cc(C)cc2C)C[NH2+]C1,0.3405509
ZINC_250K_2914,CN(C)C(=O)O[C@@H]1CCCC[C@H]1C[NH3+],0.3405509
ZINC_250K_153,C[C@H]1CCC[C@](C#N)([C@]2(O)CCCCC2(C)C)C1,0.34055063
ZINC_250K_5172,CCCSc1nc(C)[nH]c1[N+](=O)[O-],0.3405506
ZINC_250K_6473,Cc1c(-c2ccccc2)nn(C)c1N,0.34055054
ZINC_250K_8803,[NH3+]CC(=O)N1C[C@H](O)C[C@H]1C(=O)[O-],0.34055048
ZINC_250K_1427,OCc1cn2c(n1)OC(Cl)=CC2,0.34055045
ZINC_250K_5255,Cc1ccccc1SCc1nnnn1-c1ccccc1,0.34055045
ZINC_250K_2624,CCOc1ccccc1OC/C=C/C[NH+](C)C,0.34055042
ZINC_250K_8881,CCn1ccc2cc(C=O)ccc21,0.34055018
ZINC_250K_8211,CCC(=O)C[C@@H]1CC[C@@H](C)[C@H](C)C1,0.34055018
ZINC_250K_1014,C/C(=C\c1ccc2c(c1)CCO2)C[NH3+],0.34055015
ZINC_250K_3130,C[NH2+][C@@H](Cc1csc(C)n1)C(OC)OC,0.34055007
ZINC_250K_2790,CC(=O)c1ccc2nc(N)sc2c1,0.34055004
ZINC_250K_705,FC(F)(F)c1cccc2c1CCCC2,0.34054998
ZINC_250K_4659,Cc1ccc([C@@H](C[NH3+])S[C@H](C)CCO)cc1,0.3405498
ZINC_250K_972,C[C@H]([NH3+])[C@@H](CC(=O)[O-])c1ccccc1,0.34054944
ZINC_250K_3739,CCc1ccc(CC(=O)C(C)(C)OC)s1,0.34054935
ZINC_250K_8361,CSc1ccc(N[C@@H]2CCC[C@H]2SC)nn1,0.34054926
ZINC_250K_281,Cc1ccc(NC(=S)NC(C)C)cc1C,0.3405491
ZINC_250K_417,Cc1ccccc1Oc1cc(Br)ccc1C[NH3+],0.34054908
ZINC_250K_1400,C=CCSc1nc(N)c(C#N)cc1C#N,0.34054902
ZINC_250K_3271,CC(C)[C@@H](NC(=O)[C@H]1CCCO1)C(=O)[O-],0.34054902
ZINC_250K_2107,CC(C)([C@H](O)c1ccc(Cl)s1)[NH+]1CCCC1,0.34054896
ZINC_250K_811,CC1(C)CCC(O)(C[NH2+][C@@H]2CCOC3(CCC3)C2)CC1,0.34054866
ZINC_250K_4341,C/C(=N/O)c1ccc2c3ccccc3n(C)c2c1,0.34054863
ZINC_250K_5672,COS(=O)(=O)c1ccc(Cl)c2ccccc12,0.3405486
ZINC_250K_2312,C#CCNCC(=O)NC[C@@H](C)CO,0.3405485
ZINC_250K_6779,C[NH2+][C@@H](C(OC)OC)[C@H]1CCO[C@]2(CCOC2)C1,0.34054846
ZINC_250K_9062,CCS(=O)(=O)C[C@@H](C)[NH2+][C@@H]1C[C@H](C)CC[C@@H]1C(C)C,0.34054843
ZINC_250K_6869,O=C1[C@@H]2C=C[C@@H](C=CC2)C1(c1ccccc1)c1ccccc1,0.34054843
ZINC_250K_1047,Cc1ccoc1C[NH+]1CC[C@@H](C)[C@H](C)C1,0.34054825
ZINC_250K_2694,CCC(=O)c1ccc2c(c1)c1cc(C(=O)CC)ccc1n2C,0.3405482
ZINC_250K_4603,COc1cc(OC)c(OC)cc1/C=C(/C#N)C(N)=O,0.34054813
ZINC_250K_6416,Cc1nnc(Nc2ccccc2)o1,0.3405481
ZINC_250K_3829,O=[N+]([O-])c1c(-c2ccccc2)nc2ccccn12,0.3405478
ZINC_250K_5254,CCC[NH2+]C[C@@H](C)Oc1ccc(C(C)C)cc1,0.3405476
ZINC_250K_4090,COC(=O)[C@H]1C[C@H]1C(=O)N[C@@H]1C[C@@](C)(OC)C1(C)C,0.34054735
ZINC_250K_1550,COc1ccc(N)cc1-c1ccccc1,0.34054723
ZINC_250K_1794,CC(C)[C@H]1C[NH2+]CC[C@]12CCO[C@H](C)C2,0.34054708
ZINC_250K_2455,CCOC[C@H](O)CSC1COC1,0.34054706
ZINC_250K_10084,Nc1ccccc1C[NH+]1CC2(CCC2)C1,0.340547
ZINC_250K_203,COCCn1nnnc1[C@@H](C(C)C)N1CCSCC1,0.340547
ZINC_250K_1078,O=C([O-])C1([C@@H]2CCCC[C@H]2O)CCOCC1,0.340547
ZINC_250K_6187,Cc1ccc(/C=N/c2ccccc2C#N)s1,0.34054664
ZINC_250K_6274,CC(C)Cc1ncc(C[NH+]2CCCCC2)s1,0.34054664
ZINC_250K_4596,C[C@@H]1CC[C@@H](O)[C@H]([NH+](C)CCOCC2CC2)C1,0.3405466
ZINC_250K_610,C1=C[C@H]2C[C@@H]1C[C@H]2CN1CC[NH+](C2CCCCCC2)CC1,0.34054646
ZINC_250K_3894,CCC(CC)([C@H](Cc1nc(C)cs1)NC)[NH+]1CCCC1,0.34054583
ZINC_250K_7462,[NH3+][C@H]1CCCN(C2CC2)[C@H]1c1c[nH+]cn1C1CC1,0.3405457
ZINC_250K_9382,Cc1noc(C)c1[C@H](C)NS(=O)(=O)[C@H](C)C#N,0.34054562
ZINC_250K_7828,C[NH2+][C@@H](c1cc(C)cc(F)c1)C1CC1,0.34054518
ZINC_250K_2383,COc1cc(Br)ccc1[C@H]([NH3+])C(=O)[O-],0.34054515
ZINC_250K_7981,Cc1csc([C@](C)([NH3+])C2(C)CC2)n1,0.34054512
ZINC_250K_1884,Cc1ccccc1C[S@](=O)CCCc1ccccc1,0.3405451
ZINC_250K_7129,Cc1ccc(C(=O)c2ccc(C)cc2F)c(C)c1,0.34054506
ZINC_250K_2794,CCCOC[C@H]([NH2+]C)C(C)(C)N1CCOCC1,0.34054485
ZINC_250K_4188,Cc1ccc([C@H](O)[C@@H]2CSCCO2)cc1,0.34054482
ZINC_250K_7617,CCC[C@@H](Cl)CCCc1ccc(O)cc1,0.34054473
ZINC_250K_5373,SCC1(COC/C=C/c2ccccc2)CCC1,0.3405446
ZINC_250K_7922,Fc1ccc(C[C@H](CBr)c2ccccc2F)cc1,0.3405445
ZINC_250K_4933,C[C@H]1CC=C(C2=NN=C(C(=O)[O-])C2)O1,0.3405444
ZINC_250K_2337,CC(C)C[NH2+]C[C@H]1CCCO[C@H]1[C@H]1CC=CCC1,0.3405444
ZINC_250K_2296,C[C@@H]1CC[C@@](O)([C@]2(C#N)CCOC2)C[C@@H]1C,0.3405441
ZINC_250K_3385,CCC[NH2+][C@@H]1CC[C@@H](C)C[C@@H]1C[NH+]1CCC(CC)(CC)C1,0.34054404
ZINC_250K_3760,CC(C)C[C@H](NC(N)=O)C(=O)N[C@@H](C(=O)[O-])C(C)C,0.34054404
ZINC_250K_3530,CC[C@H](C)[NH+](C)CC(=O)N1CCNCC1,0.3405435
ZINC_250K_1445,CC[C@H](S[C@H](C)c1cccs1)C(N)=O,0.3405435
ZINC_250K_65,CCO[C@H]1C(=O)O[C@H]([C@@H](O)CO)C1=O,0.3405435
ZINC_250K_1351,CC[C@@H]1C[C@@H](C)CC[C@@H]1[NH2+]CCNS(C)(=O)=O,0.34054345
ZINC_250K_8245,CCc1nnc(CNc2c(C)cc(C)cc2C)o1,0.34054345
ZINC_250K_4278,N#CC1(C#N)[C@H](C(N)=O)[C@@H]1c1ccc(F)cc1,0.34054318
ZINC_250K_6286,CC(C)([NH2+]C[C@@H]1CCCO1)C(=O)[O-],0.34054312
ZINC_250K_2317,O[C@@H](C1CCCCCC1)[C@H]1CCO[C@]2(CCOC2)C1,0.34054306
ZINC_250K_9852,CS[C@H](C)C[NH2+][C@H]1c2ccccc2C[C@H]1C,0.34054294
ZINC_250K_9041,CC(C)[C@@H](CS)COc1ccc(C#N)cc1,0.3405425
ZINC_250K_5188,Cc1ccc2c(c1)c(C)cc1n[nH]c(=S)n12,0.3405424
ZINC_250K_3391,NC1=C(N)C(=O)c2ncccc2C1=O,0.3405424
ZINC_250K_80,CCOc1ncnc(S(=O)(=O)CC)c1N,0.34054217
ZINC_250K_4688,CCCCS[C@H]1CCC[C@@](CO)([NH2+]C(C)C)C1,0.34054217
ZINC_250K_3773,C[NH2+]C1CCN(C(=O)C2(C)CCCC2)CC1,0.34054208
ZINC_250K_4881,CC[C@H](C)[NH+]1[C@@H](C(=O)[O-])CC[C@H]2CCCC[C@H]21,0.34054205
ZINC_250K_4060,Cc1ccc(C)c([C@@H](O)[C@@H](C)[C@@H](C)C(=O)[O-])c1,0.34054184
ZINC_250K_8340,C=CC[NH+](C/C=C/c1ccco1)CCO,0.34054178
ZINC_250K_5890,CC[C@@H](C)[C@H](C[NH3+])c1ccc(OC)c(OC)c1,0.34054163
ZINC_250K_673,Cc1cc(C)cc(-c2nnc(Sc3nc(C(C)C)ns3)o2)c1,0.34054163
ZINC_250K_4419,CN(C)/C=C(/C(=O)c1ccccc1)S(=O)(=O)c1ccccc1,0.3405416
ZINC_250K_8907,CC[NH2+][C@H]1CC[C@H](OCC2CCCCC2)C1,0.3405415
ZINC_250K_75,O=C(N[C@H]1CCS(=O)(=O)C1)C1CC[NH2+]CC1,0.34054145
ZINC_250K_9121,C[NH2+][C@@]1(CO)CC[C@H](OCC2CCCCC2)C1,0.3405414
ZINC_250K_6805,CC[C@H]1CCC[C@H]([C@H](O)[C@@](C)(CC)[NH+]2CCCCC2)C1,0.34054127
ZINC_250K_3355,C[C@H]1[C@H](C(=O)[O-])CC[NH+]1CC(=O)NC(C)(C)C,0.34054127
ZINC_250K_6117,CS[C@H]1CC[C@@H]([NH2+][C@H](C)c2cnc(C)s2)C1,0.3405412
ZINC_250K_5688,CCN1CC(=O)N(C[C@@H]([NH3+])C(=O)[O-])CC1=O,0.3405411
ZINC_250K_2927,C[C@H]([NH3+])c1ccn(CCCc2ccccc2)c1,0.34054098
ZINC_250K_7329,Cc1noc(C)c1C[NH2+][C@H](C)[C@H](C)C(=O)[O-],0.34054086
ZINC_250K_6491,C[C@H](Cc1ccc([N+](=O)[O-])cc1)C(=O)[O-],0.34054074
ZINC_250K_552,O=C(CBr)c1cnc2ccc(Cl)cn12,0.34054062
ZINC_250K_7159,O[C@H](COCCC12CC3CC(CC(C3)C1)C2)C[NH+]1CCSCC1,0.34054056
ZINC_250K_9809,CCC1(C)CC[NH+](CC[C@@H]2CCC[C@H]2O)CC1,0.3405405
ZINC_250K_7842,CC[C@H](CS)C[NH+](C)C[C@@H]1CCCCO1,0.34054038
ZINC_250K_5095,C=C1CCCC(C)(C)[C@]12CC=C(C)CC2,0.34054026
ZINC_250K_3844,O=C([O-])c1ccc(-c2ccsc2)cc1O,0.3405401
ZINC_250K_4348,CC[C@@H](C)[C@@H](Cl)c1cc(C)c(F)cc1F,0.3405401
ZINC_250K_10432,O=C1C=CC(=O)N1c1ccc(-c2csnn2)cc1,0.3405401
ZINC_250K_9035,Clc1ncc(Cl)c(Oc2ccccc2)n1,0.3405401
ZINC_250K_9767,CN1CC(=O)N(C)c2[nH]cnc2C1=O,0.34054002
ZINC_250K_9506,CC[C@@](C)([C@@H](N)c1ccccc1)[NH+]1CCCCC1,0.3405399
ZINC_250K_4469,CC[C@@H](Cl)[C@@H](C)c1ccc2c(c1)OCCCO2,0.34053984
ZINC_250K_5643,CC[C@H](C)S[C@@H]1C[C@H](C(C)(C)C)CC[C@@H]1C#N,0.34053978
ZINC_250K_10176,CCCc1[nH+]n(C)c2c1NC[C@](C)(CC)N2,0.34053972
ZINC_250K_8191,C#CCn1c(C)cc(CC)c1C#N,0.3405397
ZINC_250K_6841,CSc1ccc(C(=O)c2cc(C)ccc2C)cc1,0.34053946
ZINC_250K_4433,CC[C@H](C)[C@H]1OCCC[C@H]1C(=O)[O-],0.34053943
ZINC_250K_1724,CC[C@@H](C)CN(CC)c1ncc(Br)cc1C[NH3+],0.34053937
ZINC_250K_2396,Cc1ccc(/N=C2/COCCN2)cc1,0.34053934
ZINC_250K_9899,CCC[NH+](C1CCC([NH3+])CC1)[C@H]1CCN(C)C1=O,0.3405393
ZINC_250K_6041,CCN(Cc1cccs1)C[C@@H](CS)c1ccccc1,0.3405392
ZINC_250K_7921,CCc1ccsc1-c1nnc([S-])[nH]1,0.34053913
ZINC_250K_9223,CC[C@H](CCO)C[NH2+][C@@H](C)c1sccc1C,0.34053913
ZINC_250K_5471,Cc1ccc([C@@H](C)[NH+](C)C2CCC([NH3+])CC2)cc1,0.34053913
ZINC_250K_3123,CC[NH2+][C@]1(CO)CC[C@H]([NH+](CC)CC(C)C)C1,0.340539
ZINC_250K_1294,CCOC(=O)/C(C#N)=C(\Cl)C(F)(F)F,0.34053898
ZINC_250K_697,O=C([O-])c1ccc(-c2ccncc2)cn1,0.34053898
ZINC_250K_232,Cc1ccc([C@]2([NH3+])CC[C@@H]2C)cc1,0.34053892
ZINC_250K_9568,C[C@H](c1ccccn1)[C@H](Br)c1ccccc1F,0.3405386
ZINC_250K_3165,Cc1nc(N2C[C@@H](C)[C@H](C)C2)sc1C[NH3+],0.34053847
ZINC_250K_3105,C[C@@H](Cc1cccs1)[NH+](C)Cc1ccc(Br)s1,0.34053814
ZINC_250K_4760,CC(=O)Oc1ccc(C(=O)c2cccc(C)c2)cc1,0.34053814
ZINC_250K_6892,COCc1ccc([C@H](O)c2sccc2C)cc1,0.34053782
ZINC_250K_10495,CCC[NH2+][C@@H]1CCC[C@H]1CC[NH+](C)C1CCOCC1,0.3405376
ZINC_250K_8155,C[C@@H]1OCC[C@H]1C[NH2+]Cc1ccccc1,0.34053758
ZINC_250K_5852,CC1(C)C[C@@H]([NH2+]C[C@@H]2CCCC[C@@H]2C(=O)[O-])C(C)(C)O1,0.34053746
ZINC_250K_8672,C[NH2+][C@H]1CCCCC[C@H]1CN(C)CCS(C)(=O)=O,0.34053737
ZINC_250K_4446,Cc1ccc(CCN(C)CC[NH+]2CCCC2)cc1,0.3405373
ZINC_250K_1148,C[C@H]1CC[C@H]([C@H](O)C2([NH+]3CCCC3)CCCC2)C[C@@H]1C,0.3405373
ZINC_250K_2966,CC(C)[C@@H](C)NC(=O)N1CCSC(C)(C)C1,0.34053725
ZINC_250K_6693,C(=C(c1nc2ccccc2s1)c1nc2ccccc2s1)c1cccnc1,0.34053725
ZINC_250K_6723,O=Cc1cc(-c2ccc(F)cc2)ccn1,0.34053713
ZINC_250K_9129,Cc1cnc(NCc2sccc2C)nc1,0.34053686
ZINC_250K_6717,C/C=C/C=C/C(=O)Nc1cc(C)c(NC(C)=O)c(C)c1,0.34053686
ZINC_250K_1608,Cc1cc2c(c(=O)o1)C(c1ccc(Cl)c(Cl)c1)c1c(cc(C)oc1=O)O2,0.34053686
ZINC_250K_7457,CCc1ccc(CNC(=O)CS[C@H](C)C(C)C)s1,0.34053686
ZINC_250K_7682,Cc1ccccc1N1C(=O)CNC1=O,0.34053674
ZINC_250K_6448,N#CC[C@@H](O)c1cn2ccccc2n1,0.3405367
ZINC_250K_6550,Cc1ccc(-c2n[nH]cc2C=O)s1,0.34053665
ZINC_250K_1485,C[C@H]([C@@H](C)O)S(=O)(=O)c1ccc(F)cc1,0.3405366
ZINC_250K_3928,[NH3+][C@H]1CCC[C@@H]([NH+]2CC[C@@H](c3ccccc3)C2)C1,0.3405366
ZINC_250K_7786,C[C@@H]1CN(c2ccc(Br)cc2N)C[C@@H]1C,0.34053656
ZINC_250K_10430,O[C@H](Cc1ccc(Br)cc1)[C@@H]1CSCCO1,0.34053648
ZINC_250K_3966,[O-][n+]1c2c([n+]([O-])c3cc(N4CCCC4)c(F)cc31)CCC2,0.34053642
ZINC_250K_10279,CC[C@@H](CCO)NC(=O)NCCC(F)(F)F,0.3405364
ZINC_250K_3422,C[C@@H]1Cc2c(ccc(F)c2F)[C@@H]1Br,0.34053636
ZINC_250K_1207,C[C@H](C#N)Sc1nc(-c2ccccc2)cs1,0.3405363
ZINC_250K_7909,O=C(Nc1ccccc1)c1ccc(C(=O)c2ccccc2)cc1,0.34053612
ZINC_250K_1857,CC(C)[C@](C)(O)CNC(=O)N[C@@H](C)CS(C)(=O)=O,0.3405361
ZINC_250K_3306,CC(C)Sc1nnc(NC(=O)C(F)(F)F)s1,0.34053597
ZINC_250K_9968,[NH3+]C1C[C@H]2CC[C@@H](C1)N2c1ccc2nccnc2n1,0.34053594
ZINC_250K_6668,CCC[NH2+][C@H]1CC[NH+](C(CC)CC)[C@H](C)[C@@H]1C,0.3405359
ZINC_250K_7476,O=C1N=C2C=CC=CN2C(=O)[C@@H]1c1ccccc1,0.34053588
ZINC_250K_902,Cc1cccc(C)c1-n1nnnc1CSCc1nnc(C)n1C,0.3405352
ZINC_250K_5019,Cc1cc(=O)n(-c2cncc(Br)c2)[nH]1,0.34053504
ZINC_250K_9094,COc1ccc(Oc2cc(C[NH3+])ccn2)cc1,0.34053487
ZINC_250K_9560,N#Cc1csc(C[NH+]2CCC[C@H]2CO)c1,0.34053475
ZINC_250K_2394,CCC[NH2+][C@@H]1c2c(C)ccc(C)c2S(=O)(=O)[C@H](C)[C@@H]1C,0.34053472
ZINC_250K_8837,N#Cc1ccc(F)cc1C(=O)[O-],0.34053463
ZINC_250K_3747,C[NH2+]Cc1cc(Cl)cc(Cl)c1O[C@@H](C)[C@H](C)O,0.34053448
ZINC_250K_2269,O=C1CC(=O)N(Cc2ccsc2)C1,0.34053445
ZINC_250K_8888,CC(C)C[NH2+]C[C@@]1(C[NH+]2CCC(C)(C)C2)CCCOC1,0.3405344
ZINC_250K_8663,[NH3+]Cc1ccc2c(c1)=C1CCCC[C@@H]1[NH+]=2,0.34053415
ZINC_250K_1182,CC[C@@](C)(C[NH3+])[C@](C)(O)Cc1ccc(OC)cc1,0.34053415
ZINC_250K_537,COCCOC[C@H]1CC[NH+](C2C[C@@H](C)O[C@H](C)C2)C1,0.3405341
ZINC_250K_4819,O=c1nnc(-c2ccc([N+](=O)[O-])o2)c([O-])[nH]1,0.340534
ZINC_250K_7760,CC(C)(C)[C@@H]([NH3+])Cc1nc([C@H]2C[NH+]3CCN2CC3)no1,0.34053382
ZINC_250K_5615,CS(=O)(=O)Nc1ccc(CCl)cc1,0.34053373
ZINC_250K_165,Cc1c([C@H](C)[NH2+]Cc2cccn2C)cnn1C,0.34053364
ZINC_250K_7208,C[C@@H]([NH2+]C1CCC([NH3+])CC1)c1nncn1C,0.34053355
ZINC_250K_9185,CC1=C([C@@H]2C=C(c3ccsc3)N=N2)[C@H](N)C(=O)N=N1,0.34053347
ZINC_250K_2653,CCOCC[NH2+]Cc1c(C)nn(C)c1C,0.34053338
ZINC_250K_3603,CC(=O)[C@@](C)(Cl)Cc1ccc(Cl)cc1,0.34053326
ZINC_250K_7176,C[C@@H]1CCCc2sc3[nH]c(=S)[nH]c(=O)c3c21,0.34053323
ZINC_250K_10186,C[C@@H]1CCC[C@H](C[NH+]2CCC[C@H]([C@@H](C)O)C2)C1,0.3405331
ZINC_250K_9432,C[C@H](O)CCC(=O)NC[C@](C)(O)CO,0.3405331
ZINC_250K_4496,N#Cc1ccc(NS(=O)(=O)c2ccccc2)cc1,0.340533
ZINC_250K_6729,C[C@H](c1ccccc1F)[NH+](C)C/C=C/CS,0.34053296
ZINC_250K_3211,COC(=O)/C=C/c1ccc[n+]([O-])c1,0.34053287
ZINC_250K_9138,CCCn1nc(-c2ccc(C)s2)ccc1=O,0.34053284
ZINC_250K_8317,C[NH2+][C@@H](Cc1cc(C)nn1C)C(C)(C)[NH+]1CCCC1,0.3405328
ZINC_250K_10337,C[C@H]([NH2+]C1CCC(O)CC1)c1ccccc1O,0.34053278
ZINC_250K_764,O=C(C1CCCC1)N1CCC[C@@H]([NH+]2CCC(CO)CC2)C1,0.34053278
ZINC_250K_8511,CC[C@@H]1CC[C@](C#N)([C@]2(O)C[C@H](C)CC(C)(C)C2)C1,0.34053275
ZINC_250K_5938,CC(C)SCC(=O)N[C@@H](C)c1ccco1,0.3405326
ZINC_250K_8562,Cc1nn(-c2ccccc2)cc1C#N,0.34053245
ZINC_250K_6217,Clc1snnc1CSc1ccccn1,0.34053242
ZINC_250K_3624,Cc1ccc(N(C)C[C@@H]2N=NC3=C2CCCC3)nn1,0.34053227
ZINC_250K_8588,CC[C@H]1CCC[NH+](C[C@@H]2C(=O)C(C)(C)OC2(C)C)CC1,0.3405322
ZINC_250K_9224,COCCSc1ccc(N)cn1,0.34053206
ZINC_250K_6753,[NH3+]CC[C@H]1CCC[NH+]([C@@H]2CCO[C@]3(CCOC3)C2)C1,0.340532
ZINC_250K_3991,CCOCCN(C)C(=O)C1(CC)CCCC1,0.34053195
ZINC_250K_1708,COCc1cccc(C[NH2+]Cc2ccc(F)cc2)c1,0.3405319
ZINC_250K_7535,C[C@H](Cc1cccs1)[NH2+]Cc1ccc([O-])c[nH+]1,0.3405319
ZINC_250K_6883,CCN[C@H](Cc1ccc(C(F)(F)F)cc1)C(C)(C)[NH+](C)C,0.3405317
ZINC_250K_5658,CCc1ccc(-c2cncc(N)n2)cc1,0.34053168
ZINC_250K_9387,CC[C@@H](c1ccccc1)S(=O)(=O)c1cccs1,0.34053162
ZINC_250K_9038,COCC(=O)CCc1ccncc1,0.34053153
ZINC_250K_7835,C[C@@H]1CC[C@](C#N)(C2(O)CCOCC2)C1,0.3405315
ZINC_250K_8979,C#CCNC(=O)[C@H](C)SC[C@@H](O)CO,0.34053144
ZINC_250K_5346,CCOC(OCC)[C@H](O)c1cccc(F)c1F,0.3405314
ZINC_250K_2749,COCCC[NH2+][C@H](C)[C@H]1CCC[NH+](C)C1,0.34053132
ZINC_250K_2970,COc1c(F)cc([C@H]([NH3+])CO)cc1Cl,0.34053123
ZINC_250K_6339,CC1CCN(C(=S)SCC(=O)N(C)C)CC1,0.3405311
ZINC_250K_6636,O[C@@H]1c2cc(Br)ccc2-c2c(F)cc(Br)cc21,0.34053093
ZINC_250K_8843,[NH3+]CCSCCOc1ccc(Cl)cc1,0.3405309
ZINC_250K_1766,CC[NH+](CC)CCN1C(N)=[NH+]C[C@@]12CCCC(C)(C)C2,0.34053078
ZINC_250K_7037,CC(C)N(C(=O)CSC(=S)N1CCCCC1)C(C)C,0.34053075
ZINC_250K_681,CC(C)c1nc(CSCc2ccnn2C)no1,0.34053054
ZINC_250K_3208,Cc1cscc1C[NH2+][C@H](C)CS(C)(=O)=O,0.34053054
ZINC_250K_968,CCc1nn(CC)c(C[C@@]2(C3CC3)CCC[NH2+]2)c1Br,0.3405305
ZINC_250K_1669,CC1(C)CCN(C(=O)C23CC4CC(C2)CC(C(=O)N2CCC(C)(C)C2)(C4)C3)C1,0.3405305
ZINC_250K_9003,CCCOCC(=O)N[C@@H]1C[C@](C)(OC)C1(C)C,0.34053048
ZINC_250K_9450,NC(=O)C1CCN(C(=O)COC(=O)C2CCCC2)CC1,0.3405304
ZINC_250K_3424,CC(=O)Nc1c(C)nn([C@H](C)C(=O)[O-])c1C,0.34053034
ZINC_250K_4208,Cn1c(=O)c2nc(C[NH+]3CCCCC3)[nH]c2n(C)c1=O,0.34053025
ZINC_250K_2761,CCn1ncc(C[NH2+]C)c1C1CC1,0.34053025
ZINC_250K_6155,Clc1ccc(/C=N\c2ccc3c(c2)OCCOCCOCCOCCO3)c(Cl)c1,0.34053022
ZINC_250K_7513,CCCn1nnnc1CSCc1ccc(F)cc1,0.3405302
ZINC_250K_4511,CCN(C[C@@H](C)/C(N)=N/O)C(=O)C1(C)CCCC1,0.3405301
ZINC_250K_3566,O=[N+]([O-])c1ccc([C@@H]2OC[NH+]3COC[C@@H]23)cc1,0.34053007
ZINC_250K_929,CCC[C@@H](CC)Nc1c(F)c(F)nc(F)c1F,0.34053004
ZINC_250K_2929,CC(=O)c1ccc(-n2cncn2)cc1,0.3405299
ZINC_250K_9901,CCCCOC[C@@H]([NH3+])c1cc(C)ccc1C,0.34052983
ZINC_250K_6112,CC(C)OCCOC(=O)C=C1CCSCC1,0.34052974
ZINC_250K_3748,CC(C)[C@@H](CO)Nc1ccc(N)cc1Br,0.34052968
ZINC_250K_1028,Cc1cccc([C@@H](C[NH3+])S[C@H](C)CCO)c1,0.34052962
ZINC_250K_8218,CN1CCC([NH+](C)CCC(=O)[O-])CC1,0.3405296
ZINC_250K_7677,CCOC(=O)[C@@H](C#N)c1c(F)c(F)c(Br)c(F)c1F,0.34052953
ZINC_250K_7115,CC(C)[C@H](C(=O)[O-])c1ccc(Cl)cc1F,0.34052944
ZINC_250K_5049,COC(=O)[C@]1(N)CC[C@H]([NH+](C)C)C1,0.3405294
ZINC_250K_10178,O=C1N=C(c2ccccc2)S/C1=C\c1ccccc1F,0.3405294
ZINC_250K_1104,CCC[NH2+][C@H]1[C@H](S(=O)(=O)C(C)C)CCC1(C)C,0.3405294
ZINC_250K_7688,Cc1ccc(N)cc1SCC[NH+]1CCCCC1,0.34052923
ZINC_250K_255,Cc1cc(C)cc(NC(=O)CC(C)C)c1,0.3405292
ZINC_250K_3546,COC(=O)[C@@H](C)[C@H](C)[NH2+]CC1CCCCC1,0.3405291
ZINC_250K_191,Clc1ccccc1Cn1ccnc1,0.34052905
ZINC_250K_876,CO/N=C\C(C#N)=C/c1cccnc1,0.34052905
ZINC_250K_8782,CC(C)C[NH2+]C/C(=C\[C@H]1CCOC1)C(C)C,0.34052902
ZINC_250K_1471,COCC[C@]1(C)O[C@]1(C(=O)OC)C(C)C,0.34052896
ZINC_250K_6863,CC[NH2+][C@@H](Cc1nc(C)c(C)s1)[C@@H]1CSCCS1,0.34052882
ZINC_250K_3256,NC(=O)C[C@H](NC(=O)[C@@H]1CCC[NH2+]1)C(=O)[O-],0.34052873
ZINC_250K_4735,CC[n+]1ccc(-c2ncc(-c3ccc(C(C)(C)C)cc3)o2)cc1,0.34052864
ZINC_250K_9795,CC[C@@H](C)NC(=O)[C@H](C)[NH+](C)C1CCC([NH2+]C)CC1,0.3405286
ZINC_250K_10002,C[C@H]1CN(CCn2cc[nH+]c2)CC[C@@H]1[NH3+],0.3405286
ZINC_250K_10057,O=C(N[C@H]1CCC[C@@H](C2CC2)C1)N[C@@H]1CCC[C@@H]1CO,0.34052834
ZINC_250K_6818,COCC[NH2+][C@@H](C)[C@@H](C)c1ccc(C)cc1C,0.34052828
ZINC_250K_7239,CCC[C@H]1C[C@@H]1NC(=O)CNC(=O)NC,0.34052828
ZINC_250K_2620,[NH3+]C[C@H]1CC[C@@H](C(=O)N(C[C@@H]2CCCO2)[C@H]2CCSC2)O1,0.3405282
ZINC_250K_1502,C/C(=C(\C#N)C(=O)NN)c1ccc(F)cc1,0.34052807
ZINC_250K_1013,CCn1nnnc1/N=C/c1ccccc1OC,0.34052807
ZINC_250K_6692,CCCn1cc[nH+]c1C[C@]1([NH3+])CC[C@@H](CC)C1,0.34052804
ZINC_250K_8873,C[C@@H]1CC(C)(C)CC[C@@H]1[NH2+]CC1(CO)COC1,0.34052798
ZINC_250K_2129,C[C@@H]1CCCC[C@H]1NC(=S)N1CCOCC1,0.34052795
ZINC_250K_4654,CCCS(=O)(=O)c1ccc(SC[C@@H](C)CCl)cc1,0.3405279
ZINC_250K_1583,C[C@@H]1SCCC[C@]1(C[NH3+])N1CCC(C[NH+](C)C)CC1,0.3405279
ZINC_250K_6619,C[C@@H]1CCCCC[C@@H]1NC/C(Cl)=C/Cl,0.34052783
ZINC_250K_6178,C[C@@H]1CCCN(C(=O)C2CC[NH2+]CC2)C1,0.3405278
ZINC_250K_5605,CCCCCC(C)(C)CNc1cccc[nH+]1,0.3405278
ZINC_250K_1195,CN(C)/C=C/C(=O)Oc1ccc(Cl)cc1,0.34052777
ZINC_250K_4262,Cc1nnc(-c2ccccc2/C=C/c2ccccc2)o1,0.34052774
ZINC_250K_4429,O=C(Nc1ccc(O)cc1)c1ccsc1,0.34052762
ZINC_250K_258,C[C@@H]1CCC[C@](O)(c2ccc(Cl)s2)CC1,0.34052762
ZINC_250K_646,O=C([O-])c1ccc([S@@](=O)Cc2ccc(O)cc2)cc1,0.34052756
ZINC_250K_1228,C[C@H](Cn1ccnc1)NS(C)(=O)=O,0.34052747
ZINC_250K_2192,CC(C)C1(CNC(=O)N(C)C[C@H](C)O)CC1,0.3405274
ZINC_250K_2484,CCNC(=O)CN(CC)C(=O)CC1([NH3+])CCC1,0.3405273
ZINC_250K_1269,Cc1cc(Br)cc(C)c1NC(=O)c1nnn[n-]1,0.34052724
ZINC_250K_3327,CC[NH+](CC)CC(=O)N(C)[C@@H]1CC[NH+](C)C[C@@H]1C,0.3405271
ZINC_250K_4571,Cc1ccc(C(=O)[C@H]2CSCCS2)cc1C,0.3405271
ZINC_250K_5462,N#Cc1ccc(CN2CC[NH2+]CC2)cc1,0.34052706
ZINC_250K_1090,C[C@@H]1CCC[C@@H](C(=O)O[C@@H](C)[C@@H]2CCCO2)C1,0.34052703
ZINC_250K_8132,Cc1ccc(N)c(S[C@H]2CC[NH2+]C2)c1,0.34052703
ZINC_250K_3141,CC(=O)Nc1ccc2scc(C)c2c1[N+](=O)[O-],0.340527
ZINC_250K_7001,CCC[NH2+][C@@H](C1CC1)[C@@]1(C)CCCO1,0.340527
ZINC_250K_6685,C[C@@H](Sc1nncn1C)[C@@H](C)C(=O)[O-],0.3405269
ZINC_250K_9457,CC[NH2+][C@H]([C@H]1CC[C@H](C)[C@H](C)C1)[C@@H]1C[NH+]2CCN1CC2,0.34052658
ZINC_250K_8436,O[C@]1(C(F)(F)F)CC[NH+](Cc2c(F)cccc2F)C1,0.3405265
ZINC_250K_2884,CCCn1ncc(C[NH2+]C)c1C(F)(F)F,0.3405264
ZINC_250K_5885,COC(=O)[C@H]1C[NH+](CCOC(C)C)C[C@@H]1C,0.34052616
ZINC_250K_3302,CCC[NH2+][C@@H]1CCC[C@H]1CC[NH+]1CCCC(C)(C)CC1,0.34052598
ZINC_250K_703,C1=C(CC[NH2+]Cc2ccco2)CCCC1,0.34052595
ZINC_250K_7057,CC[C@H]([NH2+]C1CCSCC1)c1ccc(Cl)cc1,0.34052595
ZINC_250K_7838,C[NH2+][C@H](c1ccc(C(F)(F)F)cc1)c1ccc(Cl)cn1,0.34052593
ZINC_250K_3602,CCc1nnc(CN(C)[C@H](C)c2ccco2)o1,0.3405259
ZINC_250K_6659,N#CC1=C(N)NC([S-])=C(C(N)=O)[C@H]1c1ccccc1,0.34052587
ZINC_250K_6146,C=C(C)C[C@@H]([NH3+])C1(c2ccccc2)CCCC1,0.34052575
ZINC_250K_7714,C/C=C(\C=C\C(=O)N[C@@H](COC)C(N)=O)CC,0.34052572
ZINC_250K_3674,Cc1[nH+]c(NC[C@@H](C)C[C@H](C)O)ccc1I,0.34052563
ZINC_250K_2038,C[C@H](CCC[NH3+])NS(=O)(=O)C1CCS(=O)(=O)CC1,0.3405256
ZINC_250K_5357,CC(C)C[C@@H](C)CC(=O)NC1CC(C)C1,0.34052548
ZINC_250K_8560,CCC[C@H](C)[C@H]1CC(=O)NC(=O)[C@@H]1C(C)C,0.34052548
ZINC_250K_9673,Brc1ccc(CO/N=C/c2csnn2)cc1,0.34052542
ZINC_250K_7867,[NH3+]C[C@H]1CC[C@H](C(=O)N2CCC(CO)CC2)O1,0.34052542
ZINC_250K_7374,COc1ccc2cc([C@@H]([NH3+])CO)ccc2c1,0.34052536
ZINC_250K_1429,C[NH+](C)C1([C@@H](N)c2cnccn2)CCCCCC1,0.34052533
ZINC_250K_3326,Cc1cnc(S(=O)(=O)CCc2scnc2C)nc1,0.34052527
ZINC_250K_1431,C[S@](=O)CC[NH2+]C/C=C/c1ccc(C#N)cc1,0.34052527
ZINC_250K_1081,Cc1cscc1C[NH2+]C[C@@H](O)C[NH+]1CCCC1,0.34052524
ZINC_250K_1897,C[NH2+]CC[C@@H](Sc1ccccn1)c1ccccc1,0.34052524
ZINC_250K_5935,CCCC1CN([C@@H]2[C@@H]([NH3+])[C@H]3CCO[C@@H]32)C1,0.3405252
ZINC_250K_9957,CCS(=O)(=O)C[C@H](C)[NH2+][C@@H](C)Cc1ccc(F)cc1,0.34052515
ZINC_250K_905,CCc1ccsc1-c1cnc(C[NH3+])o1,0.34052485
ZINC_250K_10461,O=C(NCCC1=CCCCC1)NCCC1=CCCCC1,0.34052485
ZINC_250K_6317,O=[N+]([O-])/C=C/c1cccc(F)c1O,0.34052458
ZINC_250K_3698,O=S1(=O)CCc2[nH]c3cc(F)c(F)c(F)c3c2C1,0.34052458
ZINC_250K_5391,Cc1cc(C)c(S(=O)(=O)N[C@@H](C)c2cc(C)ccc2C)c(C)c1,0.34052458
ZINC_250K_6005,CCN(CC)C1=NC(=O)/C(=C\c2ccc(F)cc2)S1,0.34052452
ZINC_250K_8125,O=C(C[C@@H]1CCCO1)NCCCO,0.34052444
ZINC_250K_1275,O[C@@H]1c2ccccc2C[C@H]1CCC(F)(F)F,0.34052438
ZINC_250K_8701,O=C([O-])c1ncc2ccccc2n1,0.34052432
ZINC_250K_2402,CC(C)(C)c1ccc(SCC2(CS)CCOCC2)cc1,0.3405242
ZINC_250K_1839,Nc1ccc(N2CCOCC2)nc1,0.3405242
ZINC_250K_8904,CCC1CCC([NH+](Cn2ncn(C)c2=S)C2CC2)CC1,0.34052414
ZINC_250K_3079,COc1ccc([C@@H](C[NH3+])OC(C)C)cc1F,0.34052396
ZINC_250K_8469,CC[C@@H](CS)CN1CCO[C@@H](CC)C1,0.34052393
ZINC_250K_8691,CN(C(=O)N1CCC(C(=O)[O-])CC1)[C@H]1CCSC1,0.34052387
ZINC_250K_9999,CC1(C)CC(=O)C(C)(CCc2ccccc2)C(=O)C1,0.34052366
ZINC_250K_5661,Cc1ccc(CN(C)[C@@H]2CC[C@H]([NH3+])C2)o1,0.34052366
ZINC_250K_2036,[NH3+]C[C@@H](c1ccc(F)cc1)[C@@H]1CCS(=O)(=O)C1,0.3405236
ZINC_250K_5638,CN1/C(=C/c2ccc3ccccc3[n+]2C)C=C[C@H]2C=CC=C[C@@H]21,0.34052357
ZINC_250K_10434,CCC(CC)[C@H]([NH3+])c1c(F)cccc1Cl,0.34052357
ZINC_250K_9422,Cc1cc(C)c(C)c(OCC[NH2+]CCO)c1,0.3405235
ZINC_250K_5043,CCOC(=O)c1c(SC)n[nH]c1N,0.34052348
ZINC_250K_6696,CCOc1cc(/C=N/NC(N)=S)c(Br)c(Br)c1O,0.34052345
ZINC_250K_7480,CC[C@@H](C)N(CC)C(=O)C[C@H]([NH3+])c1ccccc1,0.34052342
ZINC_250K_4725,CSc1ccc(C(=O)C[C@H]2CCC[NH2+]2)cc1,0.3405234
ZINC_250K_3782,C[C@@H]([C@H](C)O)[C@H](C(=O)[O-])c1ccccc1Br,0.34052336
ZINC_250K_7783,C[C@@H]1CCCN(C(=O)N2CCCC[C@@H]2CCO)C1,0.34052333
ZINC_250K_4711,O=C(c1nnn[n-]1)N1CCC[C@@H]1[C@@H]1CCC[NH2+]1,0.3405233
ZINC_250K_2874,O=C1O[C@H](O)c2cccc3ccc4cccc1c4c23,0.3405233
ZINC_250K_9356,Nc1cccc(Cl)c1-c1nnc2ccncn12,0.3405233
ZINC_250K_3845,OCc1ccc(C[NH+]2CCC[C@H]2CC2CCCCC2)o1,0.34052324
ZINC_250K_6360,C[NH+](CC1CC([O-])C1)[C@@H]1CCOC2(CCCCC2)C1,0.3405232
ZINC_250K_2214,COc1cccc(Nc2ccccc2)c1,0.3405231
ZINC_250K_7857,CC(C)[C@H](NS(=O)(=O)N(C)C)c1ccc(F)cc1,0.34052306
ZINC_250K_9780,C/C=C/C=C/C(=O)NC[C@H]1CCS(=O)(=O)C1,0.34052292
ZINC_250K_5421,CCc1nn(C)c2c1NC(=O)CC(C)(C)N2,0.34052292
ZINC_250K_5639,FC(F)(F)[C@H]1CCCC[C@H]1[NH2+]Cc1cncn1C1CC1,0.34052274
ZINC_250K_3332,CC[C@H](NC(=O)NCCNC(C)=O)c1cccs1,0.3405226
ZINC_250K_2037,CC(C)C[C@@H]1C(=N)NC(=O)N1CC1CC1,0.34052256
ZINC_250K_1833,CC[C@H](C)N1CCN(C(=O)CC(=O)[O-])CC1,0.34052256
ZINC_250K_5901,CCCS[C@@H]1CC[C@](C#N)(NC(C)C)C1,0.34052238
ZINC_250K_432,CCN(CC)C(=O)c1ccccc1OC(C)=O,0.34052226
ZINC_250K_4526,Cc1c(CC(=O)[O-])c(O)oc2cc(=O)cc(O)c1-2,0.34052205
ZINC_250K_5282,Cc1csc(CN2CCC[C@H]2CCl)n1,0.340522
ZINC_250K_9887,Nc1cc(Cl)c(Cl)c2ncccc12,0.340522
ZINC_250K_1169,C[C@H](Nc1cc(F)cc(F)c1)c1cc(F)ccc1O,0.340522
ZINC_250K_1017,CC1([C@H]([NH3+])Cc2cccs2)CCCC1,0.3405218
ZINC_250K_7097,CN[C@@H](C[NH+](C)C)c1ccc(C)nc1,0.34052157
ZINC_250K_2169,CN(C[C@H]1C=c2ccccc2=[NH+]C1=O)C(=O)c1ccccc1,0.34052154
ZINC_250K_1754,C[NH+](CC(=O)N1CCOC1=O)CC1CC[NH2+]CC1,0.34052148
ZINC_250K_2539,C=C(C)Cn1ccc(-c2ccsc2)n1,0.34052143
ZINC_250K_6975,CCn1cc[nH+]c1C[C@@]1(O)CSCCC1(C)C,0.3405214
ZINC_250K_8958,COc1ccc(OC)c2c(Cl)ccnc12,0.34052134
ZINC_250K_3480,Cc1cc(C)nc([C@H](C#N)C(=O)c2cc(C)sc2C)n1,0.34052128
ZINC_250K_1334,C[C@H](C[NH2+][C@H](C)c1ccc(F)c(F)c1)[S@](C)=O,0.34052128
ZINC_250K_295,CC(C)[C@@H](C)CC(=O)NNC(=S)NC1CCCCC1,0.34052122
ZINC_250K_2555,CN(C)c1ccc(/C=C2\C=Cc3ccccc32)cc1F,0.34052116
ZINC_250K_4804,CCC[NH+](C(C)C)[C@H]1CCC[C@]([NH3+])(CO)C1,0.34052113
ZINC_250K_4349,CS[C@H]1CC[C@H](NC(=O)N[C@@H](C)Cn2cc[nH+]c2)C1,0.34052107
ZINC_250K_9555,C#CCOc1ccc(C[NH2+]CCc2ccc(F)cc2)cc1,0.340521
ZINC_250K_2116,COC[C@@H](O)[C@H]1CCOC2(CCSCC2)C1,0.34052095
ZINC_250K_6604,CCCOC(=O)[C@@H](N)c1ccccc1,0.34052095
ZINC_250K_7390,CCc1nc(C)c([C@H](C)[NH2+]CC2(C3CC3)CC2)s1,0.34052086
ZINC_250K_8631,C[C@@H](C(=O)N1CCN(C(=O)c2ccc(Br)cc2)CC1)[NH+](C)C,0.3405205
ZINC_250K_3869,C[C@@H](c1nc([C@H]2CSCCO2)no1)N1CC[NH2+]CC1,0.34052047
ZINC_250K_5504,C[C@@H]1C[NH+](Cc2cn(CC[NH3+])nn2)C[C@H]1C,0.34052044
ZINC_250K_7019,NC(=S)C1(C(=O)N2CC[NH+]3CCC[C@H]3C2)CCCCCC1,0.34052044
ZINC_250K_276,CC(C)c1nsc(NC[C@H](C2CC2)[NH+](C)C)n1,0.34052044
ZINC_250K_2345,CC(=O)C[C@@H]1CCCCN1C(=O)NC1CCCCC1,0.3405204
ZINC_250K_5590,O=C(c1ccc(F)c(Br)c1)c1ccc2c(c1)OCCO2,0.34052038
ZINC_250K_1553,CN(Cc1ccncc1)C(=O)c1ccc(I)cc1,0.34052038
ZINC_250K_4825,C/[NH+]=C(/NCCC[NH+]1CCC(C)CC1)NC(C)C,0.34052035
ZINC_250K_8284,C[C@@H]1CCC[C@H](C[NH+](C)[C@@H](C)CS(C)(=O)=O)C1,0.34052032
ZINC_250K_2006,CC(=O)Nc1c(C)cc(NC(=O)N[C@@H](C)[C@H](C)CO)cc1C,0.34052023
ZINC_250K_9302,C[C@H]1C[C@H](C)C[NH+](CCN2C(=O)CNC2=O)C1,0.3405201
ZINC_250K_7226,CCN(CC(=O)OC)C(=O)C1[C@H]2CCCC[C@@H]12,0.3405201
ZINC_250K_9084,O=C1CCN(c2c(F)cc(F)cc2F)C(=O)C1,0.34052005
ZINC_250K_2473,CCOC(=O)C1=C(CC)[C@H](C(=O)OCC)C(C)=N1,0.34051993
ZINC_250K_9682,C1CC[C@@H]2[NH2+][C@@H](c3nc([C@@H]4CCOC4)no3)CC[C@H]2C1,0.3405199
ZINC_250K_7383,Cc1cscc1[C@H](Br)c1ccc2[nH]c(=O)c(=O)[nH]c2c1,0.34051973
ZINC_250K_493,Cc1cc2ncn(C[C@H]3CC3(Cl)Cl)c2cc1C,0.34051946
ZINC_250K_8651,Cc1ccc(OC(F)(F)F)cc1Cl,0.3405194
ZINC_250K_2475,CS/C(=N\c1ccccc1F)N1CCCCC1,0.34051928
ZINC_250K_942,CCc1cc(Cn2cc(N)nn2)n(C)n1,0.34051925
ZINC_250K_1506,C[C@H]1CCC[C@H](C)N1C(=O)N1CCC[C@H]([NH+](C)C)C1,0.3405191
ZINC_250K_9976,Cc1nc(C[C@@H](C[NH3+])c2ccc(Cl)cc2)sc1C,0.3405191
ZINC_250K_9736,CC[C@H]1CCCC[C@]1(O)[C@](C)(C#N)CC,0.34051907
ZINC_250K_1999,COc1cccc(Sc2cc(C)ccc2N)c1,0.340519
ZINC_250K_1903,N#Cc1cnn(-c2ccc(N)cc2)c1Cl,0.3405189
ZINC_250K_5441,CCNC(=O)c1ccc(Cl)nn1,0.3405189
ZINC_250K_2171,Cc1cc(C)n([C@H]2CCC[NH2+]C2)n1,0.34051883
ZINC_250K_1749,CC(C)C[C@H](C[NH3+])CN1CC[NH+](CC2CC2)CC1,0.3405187
ZINC_250K_10152,CCCOc1ccc(C=O)cc1OC,0.34051868
ZINC_250K_1032,CCCCC(=O)c1c(C)cc(C)[nH]c1=O,0.34051868
ZINC_250K_1652,CC[C@H]1NC(=O)[C@H](CC)N(Cc2cscc2C)C1=O,0.34051868
ZINC_250K_2439,CC[C@@H](CSC)[NH+](C)Cn1nc(-c2cccs2)[nH]c1=S,0.34051862
ZINC_250K_5144,C[NH2+][C@@H]1[C@@H](CN2Cc3ccccc3C2)C(C)(C)OC1(C)C,0.34051862
ZINC_250K_5490,CC(C)C[NH2+]CC(C)(C)Cn1ccc(C(F)(F)F)n1,0.3405184
ZINC_250K_8765,CCn1cc(Br)cc1C(=O)N1C[C@H](C)[C@@H](C)C1,0.34051833
ZINC_250K_3175,O=[N+]([O-])c1ccc([O-])c(/N=C/c2cc(Cl)cc(Cl)c2O)c1,0.3405183
ZINC_250K_6422,Cc1nc([C@@H]2CN3CC[NH+]2CC3)nc([O-])c1F,0.3405183
ZINC_250K_8778,COc1ccccc1[C@H](C(N)=O)[NH+](C)C,0.34051827
ZINC_250K_9953,C[C@@H](CNC(=O)c1ccc(I)cc1)[NH+]1CCCC1,0.34051815
ZINC_250K_7353,C[C@H](Nc1ccc2c(c1)OCCO2)[C@H](C)C(=O)[O-],0.3405179
ZINC_250K_7586,CCCS(=O)(=O)N1CCN(S(=O)(=O)Cc2ccccc2)CC1,0.34051752
ZINC_250K_7429,Cc1cc(N)cc(C)c1S(=O)(=O)N(C)[C@H](C)C(C)(C)C,0.3405175
ZINC_250K_2460,Cc1cc(F)cc(S(=O)(=O)N(C)CC[NH+](C)C)c1,0.3405174
ZINC_250K_1045,CC[C@@H](C)[NH+]1CCN([C@H]2CC[C@H]([NH2+]C)C2)CC1,0.34051728
ZINC_250K_4522,[N-]=[N+]=NC[C@H](Nc1ccc(Br)cc1)C(=O)[O-],0.34051722
ZINC_250K_7426,CCC[C@H]([NH2+][C@@H]1CCO[C@]2(CCSC2)C1)C1CC1,0.34051713
ZINC_250K_9654,CC(C)(C)SCC(=O)NCC(C)(C)N1CCS(=O)CC1,0.34051713
ZINC_250K_344,O=C([C@H]1CCCN1S(=O)(=O)N1CCCCC1)N1CCSCC1,0.34051704
ZINC_250K_1280,C[C@H]1CN(C(=O)[C@@H]2CCS(=O)(=O)C2)C[C@H](C)O1,0.340517
ZINC_250K_1232,CSc1ncc2c(-c3ccccc3)n[nH]c2n1,0.34051684
ZINC_250K_3616,CC(C)[C@@H]([NH2+][C@@H](C)CS(C)(=O)=O)c1cccnc1,0.34051684
ZINC_250K_4823,CC(C)(C)OC(=O)N1CCN(C/C(N)=N\O)CC1,0.34051678
ZINC_250K_8966,C[C@@H]1C[NH+](Cc2ccccc2C(N)=S)C[C@H]1C,0.34051675
ZINC_250K_1648,C[NH2+]C[C@H](C)C(=O)Nc1snc(C)c1C(=O)[O-],0.3405166
ZINC_250K_8308,CCC(CC)NC(=O)[C@H](C)N1CC[NH+](CC(C)C)CC1,0.34051654
ZINC_250K_9409,C[C@@H]1OCCN(Cc2ccsc2)[C@@H]1C,0.34051648
ZINC_250K_8184,C[NH2+]C[C@H]1CCCCN1S(=O)(=O)N(C)CCS(C)(=O)=O,0.34051645
ZINC_250K_7738,O=C(N[C@H](Nc1ccccc1)c1ccccc1)c1ccccc1,0.34051642
ZINC_250K_6447,CC(=O)Nc1cccc(F)c1,0.34051636
ZINC_250K_6087,O/N=C1\CCCCc2c1[nH]c1ccccc21,0.3405163
ZINC_250K_740,CCc1ccc(/C=C(\C#N)C(N)=O)s1,0.34051618
ZINC_250K_9203,C[C@H]1C[C@@H]([NH2+]CC(=O)N(C)C)CS1,0.34051618
ZINC_250K_6524,Cn1c(-c2ccc(Cl)c(Cl)c2)cnc1N,0.34051618
ZINC_250K_3792,[NH3+][C@@H](CO)c1cc(C(F)(F)F)cc([N+](=O)[O-])c1[O-],0.340516
ZINC_250K_4641,CN(CC1CC[NH+](C)CC1)[C@@H](C[NH3+])c1cc(Cl)cs1,0.34051597
ZINC_250K_1034,CC1(C)CSC[C@H]([NH2+]CCC(=O)[O-])C1,0.34051588
ZINC_250K_1413,CC1(C)C(=O)N(CC2(CC(N)=S)CC2)S1(=O)=O,0.3405158
ZINC_250K_3505,CO[C@H](C)[C@@H](O)Cc1ccn(C(C)C)n1,0.34051573
ZINC_250K_2103,CCC1CCC(O)([C@@]2(C[NH3+])CCOc3ccccc32)CC1,0.34051567
ZINC_250K_2060,O=C(c1ccc(Br)cc1)[C@H](O)c1c[nH]c2ccccc12,0.34051567
ZINC_250K_2972,CC[NH+](CCO[C@H]1CCCCO1)CC1CC[NH2+]CC1,0.34051564
ZINC_250K_4985,CCC(CC)(CC(=O)Nc1ccc(NC(C)=O)cc1)C(=O)[O-],0.34051558
ZINC_250K_4602,C/C(=N/NC(=O)c1ccc(O)cc1)c1cccs1,0.34051558
ZINC_250K_8423,CC(C)CSCC(=O)NC1CCOCC1,0.34051552
ZINC_250K_3655,C[NH2+]Cc1cccc(-c2nccs2)c1,0.3405154
ZINC_250K_1838,Cc1cccc(/C=C(/F)C(=O)[O-])c1C,0.34051538
ZINC_250K_272,Cc1cc(F)c([C@@H]([NH3+])[C@H]2Cc3ccccc3O2)cc1F,0.34051538
ZINC_250K_9358,Fc1ccc(C[NH2+]Cc2cc(Br)c3c(c2)OCO3)cc1,0.34051538
ZINC_250K_8513,CCN(Cc1noc(-c2cccs2)n1)CC(C)(C)C[NH3+],0.34051526
ZINC_250K_3758,CC(C)Cc1ccc([C@H](C)NC(=O)c2ccccc2)cc1,0.3405152
ZINC_250K_7811,CN[C@]1(C#N)CCC[C@H]1CCN(C)C1CC[NH+](C)CC1,0.3405152
ZINC_250K_1835,Cc1cc(C[NH2+]Cc2cnn(C)c2C)sc1C,0.3405151
ZINC_250K_5826,CCN(C[C@@H]1CCCO1)C[C@H]1CC[NH2+][C@@H]1C,0.34051493
ZINC_250K_5145,O=[S@](c1cnc2ccccc2n1)[C@@H]1CCC[NH2+]C1,0.3405149
ZINC_250K_4532,Oc1ccc(C[NH2+]C[C@H]2CCCC[C@H]2CCl)cc1,0.34051475
ZINC_250K_8397,CCC[C@H](C)COc1c(F)cc(C[NH3+])cc1F,0.34051475
ZINC_250K_1436,Cc1cccnc1C[C@@H](Cl)c1ccoc1,0.34051475
ZINC_250K_7505,CCC[NH2+][C@H](C=C(C)C)C1CCOCC1,0.34051475
ZINC_250K_9222,CC(=O)Nc1ccc(S(=O)(=O)C(F)F)cc1,0.34051463
ZINC_250K_7069,C[NH2+][C@H](Cc1nc2ccccc2o1)C1C(C)(C)C1(C)C,0.34051457
ZINC_250K_8738,Br[C@H]1CCC[C@@H]1C[C@H]1COc2ccccc21,0.34051457
ZINC_250K_7149,C[C@H](C[NH+]1CCCCC1)NC(=O)N(C)C1CCCCC1,0.34051457
ZINC_250K_3382,CC(C)[C@@H]1CC[C@H](C)C[C@H]1OCC(C)(C)C(=O)NN,0.3405145
ZINC_250K_7629,CC[C@H](C#N)N1CCN(C(=O)N2CCCCC2)CC1,0.34051442
ZINC_250K_8732,C[C@H]1C[C@@H](NC(=O)NC(C)(C)C)N(C)C(=O)N1,0.34051442
ZINC_250K_9042,Cc1ccc2ncc(C[NH+](C)Cc3nnc(C)n3C)n2c1,0.34051424
ZINC_250K_6425,NOCc1ccc([N+](=O)[O-])cc1Cl,0.3405142
ZINC_250K_5067,CC[C@H]1CO[C@H](C)CN1CC[C@@H]1CCC[C@@H]1[NH2+]C,0.3405141
ZINC_250K_1604,Cc1csc(CSc2ccc(N)cc2Cl)n1,0.34051403
ZINC_250K_8523,CCC[C@H](O)CNS(=O)(=O)N1CCCCCC1,0.34051397
ZINC_250K_5227,CC(C)OC[C@@H]([NH3+])[C@H]1CCc2ccccc2C1,0.3405138
ZINC_250K_7517,CC(C)c1nc2c(CCl)nccc2s1,0.3405137
ZINC_250K_5650,[NH3+]CCc1ccn(Cc2nccs2)c1,0.34051365
ZINC_250K_242,C[C@@H]([C@@H](O)c1ccc2ncnn2c1)[N+](=O)[O-],0.3405136
ZINC_250K_10497,Cc1[nH]c2cc(C(F)(F)F)ccc2c(=O)c1Br,0.34051353
ZINC_250K_3588,Cc1csc(NC2=NC(=O)CS2)n1,0.3405133
ZINC_250K_8715,O=C1/C(=C\c2cccs2)SC(=S)N1c1ccc(Cl)c(Cl)c1,0.34051323
ZINC_250K_2042,C[C@H]([NH+](C)Cc1cnc(Cl)s1)C(C)(C)C,0.34051314
ZINC_250K_2655,CC1CCC(C[NH3+])(NC(=O)N[C@H]2CCOC2)CC1,0.34051287
ZINC_250K_1841,CC(C)[C@]1(CC2CCOCC2)CCC[NH2+]1,0.3405128
ZINC_250K_4562,CC(C)[C@@]1(CC2CCOCC2)CCC[NH2+]1,0.3405128
ZINC_250K_2174,CC[C@H](CBr)C[C@H]1Cc2ccccc2S1,0.3405128
ZINC_250K_2323,CN(CC[C@@H]1CCC[C@]1(N)C#N)CC[NH+]1CCCC1,0.34051266
ZINC_250K_5743,CCOc1ccccc1[C@@H]([NH3+])[C@H]1CSCCS1,0.34051263
ZINC_250K_6641,CC(C)n1c[nH+]cc1[C@@H](O)c1ccc(F)cc1F,0.3405126
ZINC_250K_8641,O=C([O-])CN(C(=O)[C@H]1CC[C@H]2CCCC[C@H]2[NH2+]1)C1CC1,0.3405125
ZINC_250K_5774,CNC(=S)n1nc(C)c2c1C[C@@H]1[C@H]2C1(C)C,0.34051242
ZINC_250K_7528,CC[C@@H](O)c1ccn(Cc2ccc(I)cc2)c1,0.34051237
ZINC_250K_2906,CC1CC[NH+](C[C@H](O)COCCC23CC4CC(CC(C4)C2)C3)CC1,0.34051225
ZINC_250K_8687,C[C@@H]1C[C@H]1c1ccc(C[NH+](C)C2CCC([NH3+])CC2)o1,0.34051225
ZINC_250K_4311,CC(C)[NH2+]CC1CC[NH+](CCSc2ccccc2)CC1,0.34051225
ZINC_250K_4838,CCC[NH2+]CC/C=C(/C)[C@@H]1CCOC2(CCSCC2)C1,0.34051225
ZINC_250K_8892,NC(=S)C[C@@H]1CCCC(=O)N1,0.34051222
ZINC_250K_2157,CNS(=O)(=O)c1cccc([C@@H](C)[NH2+]C[C@H](C)SC)c1,0.3405121
ZINC_250K_3162,[NH3+][C@@H](CC(=O)[O-])c1cccc2ccccc12,0.34051204
ZINC_250K_4721,O=C1NCCS[C@@H]1Cc1ccccc1,0.34051204
ZINC_250K_8515,Clc1cccc(COc2cccc(I)c2)n1,0.34051195
ZINC_250K_9636,COC[C@H](NCc1cccc(N(C)C)[nH+]1)C(C)C,0.34051192
ZINC_250K_4888,c1ccc([C@@H]2C[C@H]2C[NH2+]Cc2nc3c(s2)CCC3)cc1,0.34051183
ZINC_250K_4916,CC(C)[C@@H]1C(=O)O[C@H](c2ccccc2)N1C(=O)c1ccccc1,0.34051183
ZINC_250K_9588,CO[C@H](C)c1noc([C@@H]([NH3+])CCS(C)(=O)=O)n1,0.34051177
ZINC_250K_6942,CC(C)OC[C@H](O)C[NH+]1CCC[C@H](C(F)(F)F)C1,0.34051177
ZINC_250K_8242,O=C(/C=C/c1ccccc1)c1c[nH]c2ccccc12,0.34051177
ZINC_250K_2228,c1ccc(C[C@@H]2C[NH2+]CCC23Cc2ccccc2C3)cc1,0.34051144
ZINC_250K_1571,CC(C)C[C@](C)(O)CNC(=O)C1CCC(C[NH3+])CC1,0.34051144
ZINC_250K_4104,O=S(=O)([N-]c1ccc(Cl)c(Cl)c1)c1cccc(Br)c1,0.34051138
ZINC_250K_6367,CCOCC[NH2+][C@H]1CCO[C@]2(CCSC2)C1,0.34051138
ZINC_250K_2556,CC[C@H](C)[C@H](NC(=O)N1CCCCC1)C(=O)[O-],0.34051132
ZINC_250K_3577,C[C@H](CC(=O)[O-])NC(=O)CS[C@H]1CCS(=O)(=O)C1,0.34051132
ZINC_250K_5056,O=C(N[C@H]1C=C[C@@H](C(=O)[O-])C1)c1ccc(Br)cc1,0.34051123
ZINC_250K_1600,CCN(CC)c1ncnc(Cl)c1[N+](=O)[O-],0.34051117
ZINC_250K_3286,C[NH2+][C@@H](C)c1cc(F)c(C)cc1Sc1nccs1,0.34051114
ZINC_250K_421,C/C=C/C=C/C(=O)N1C[C@H](C)[C@H](C(=O)OC)C1,0.34051105
ZINC_250K_3907,C[NH+](CCS(C)(=O)=O)CC(=O)N1CCC[C@H]2CCCC[C@@H]21,0.34051093
ZINC_250K_6273,C=CCc1c(C)[nH+]c2c(C)cccc2c1SC(N)=[NH2+],0.34051087
ZINC_250K_3091,CN(C[C@H](O)c1c(F)cccc1F)c1ccccc1,0.34051082
ZINC_250K_720,CCc1ccc([C@H](O)C2(C[NH3+])CCCC2)cc1,0.3405108
ZINC_250K_6148,[NH3+][C@@H](c1ncc[nH]1)[C@@H]1CCOC2(CCC2)C1,0.34051076
ZINC_250K_7595,Cc1cc(Sc2nc(Br)cn3ccnc23)n(C)n1,0.34051073
ZINC_250K_7123,COc1ccc(C(=O)Oc2ccc(F)cc2)c(OC)c1,0.3405107
ZINC_250K_256,COc1cc(OC)cc([C@H]2CC[NH+](CCC(F)(F)F)C2)c1,0.3405107
ZINC_250K_2638,CCN(CCOC)[C@]1(C[NH3+])CCCS[C@@H]1C,0.34051064
ZINC_250K_7045,CCCc1nsc(N[C@@H](C)CCCCl)n1,0.34051037
ZINC_250K_7041,Nc1c(Nc2ccc(Cl)cn2)nc[nH+]c1Nc1ccc(Cl)cn1,0.34051028
ZINC_250K_4198,CN(C)C(=O)C[C@H](C[NH3+])N1CCC(C[NH+](C)C)CC1,0.34051028
ZINC_250K_7395,Cc1nc(CS(=O)(=O)CC(=O)N(C(C)C)C(C)C)no1,0.34051028
ZINC_250K_6789,Cc1nc(N2C[C@H]3CC[C@@H]2C3)sc1C,0.34051022
ZINC_250K_2411,C[C@H]1CCCN(C(=O)C2C(C)(C)C2(C)C)[C@@H]1C[NH3+],0.34051013
ZINC_250K_453,Cc1cccc(/C=C2\SC(=S)N(c3c(C)cccc3C)C2=O)c1,0.3405101
ZINC_250K_9467,Nc1c(-c2ccccc2)c[nH]c1C(=O)[O-],0.34050995
ZINC_250K_8753,C[C@H]1[NH2+]CC[C@@H]1CN1CCO[C@H]2CCCC[C@@H]21,0.34050992
ZINC_250K_10452,CC[NH2+][C@H]1CCN(Cc2nc(C)cs2)[C@H](C)[C@@H]1C,0.34050992
ZINC_250K_7715,CC[NH+](Cc1ccon1)[C@@H](C)c1ccc(F)cc1,0.34050992
ZINC_250K_8280,O[C@H](C[NH+]1CCC[C@@H]1C[NH+]1CCCCC1)c1ccccc1,0.3405099
ZINC_250K_5722,CC(=O)N1CC[C@@H]([NH2+]CCO)C1,0.3405098
ZINC_250K_550,CC(C)Cn1cc[nH+]c1CN[C@@H](c1ccccc1)C(C)C,0.34050968
ZINC_250K_5752,Cc1ccc(N2CC[NH2+][C@H](C)C2)c(C)n1,0.34050968
ZINC_250K_4757,CNC(=S)NNC(=O)[C@@H](NC(=O)c1ccc(F)cc1)C(C)C,0.3405096
ZINC_250K_5949,Nc1ccc2oc(CSCCO)nc2c1,0.3405096
ZINC_250K_5202,CC(C)(C)[NH2+]CC(=O)N1CCCC[C@H]1CO,0.34050953
ZINC_250K_5316,CN(C)c1cc[n+](C[C@@H](O)CSc2ccccc2)cc1,0.34050953
ZINC_250K_9835,COc1ccccc1C[C@H](O)c1cscc1C,0.3405095
ZINC_250K_420,CCCCn1nc(C)c(C[NH2+]C[C@@H](C)O)c1Cl,0.34050944
ZINC_250K_9571,CN(CC(C)(C)O)S(=O)(=O)c1ccc(C(=O)[O-])s1,0.34050927
ZINC_250K_10323,CN(Cc1cccc(F)c1)c1ccc(CO)cc1,0.34050924
ZINC_250K_4860,O=C([O-])C[C@H]1CN(S(=O)(=O)N2CCCCC2)CCO1,0.34050906
ZINC_250K_7936,C/C(=C/CC[NH3+])c1ccc(Cl)cc1F,0.340509
ZINC_250K_3791,CC[C@@H]1CC[C@@](C[NH3+])([C@H](O)c2ccccc2)C1,0.34050885
ZINC_250K_8135,O=C(c1ccc(F)c(F)c1F)N1CCCCCC1,0.34050882
ZINC_250K_6277,N[C@H](c1ccc(C(=O)[O-])cc1Cl)C(F)(F)F,0.3405088
ZINC_250K_7178,C=C(CC)C[C@@H](Cc1ccccc1Br)C(=O)[O-],0.34050867
ZINC_250K_7171,C[C@@H]1CCC[NH+](C(C)(C)CNC(=O)NC2CCCCC2)C1,0.34050867
ZINC_250K_9737,Nc1ccc(CC(=O)[O-])cc1I,0.34050864
ZINC_250K_998,CC1(C)O[C@H]2O[C@H]([C@H]3COC(C)(C)O3)[C@H](OS(C)(=O)=O)[C@H]2O1,0.3405086
ZINC_250K_8117,COc1cc(Br)c([C@H](O)c2cc(C)cc(F)c2)cc1OC,0.3405086
ZINC_250K_6758,c1cnc(CNC[C@@H]2CCC[NH2+]2)cn1,0.34050858
ZINC_250K_7635,C[C@@H]1SCCC[C@]1(CC(=O)[O-])C(C)(C)[NH3+],0.3405085
ZINC_250K_1377,CCc1nn(C)c(C[C@]2(C[NH3+])CCCC(C)(C)[C@@H]2O)c1Cl,0.34050843
ZINC_250K_5730,C[NH2+][C@H](c1ccc2c(c1)OC[C@H](C)CO2)[C@@H]1CCO[C@@H]1C,0.3405084
ZINC_250K_1624,CCn1nnnc1NCc1c(Cl)cccc1Cl,0.34050828
ZINC_250K_2873,C=CCC[C@@H](C)[NH+](C)CCc1nccs1,0.34050828
ZINC_250K_9759,N#Cc1cc(C2OCCCO2)ccc1F,0.34050828
ZINC_250K_7188,C[C@H]1CCC[C@H](NC(=O)N2CCCC[C@@H]2C)C1,0.34050825
ZINC_250K_678,COc1nc(Oc2ccc3ccccc3c2)ccc1N,0.34050816
ZINC_250K_6094,CCc1cccc(CC)c1NC(=O)C(=O)NCCCO,0.34050813
ZINC_250K_8256,CC(C)CCc1noc([C@H]2Cc3[nH+]c[nH]c3CN2)n1,0.340508
ZINC_250K_3753,C[C@@H]1C[NH+](CCN2C(=O)NC(C)(C)C2=O)C[C@@H](C)S1,0.340508
ZINC_250K_6312,C[C@H](C(=O)N(C)Cc1ccccc1)[NH+]1CCCC1,0.34050795
ZINC_250K_2702,NC(=O)N1CCC[C@H](C(=O)N2CCC(C(=O)[O-])CC2)C1,0.34050784
ZINC_250K_5102,Cc1ccc2c(c1)C(=O)C(=O)N2C(C)C,0.34050784
ZINC_250K_505,Cc1ccc(C[C@H](O)c2c(F)cc(Br)cc2F)cc1,0.34050757
ZINC_250K_9985,O=C1[C@H]2CCC[C@@H]2N1CN(C1CC1)[C@@H]1CCS(=O)(=O)C1,0.34050757
ZINC_250K_2202,Cc1cc(-n2cc(CCCO)cn2)nc(C)n1,0.34050736
ZINC_250K_8201,CC(=O)[C@@H]1CC[C@H]2[C@H]3CC[C@H]4CCC(=O)C[C@]4(C)[C@@H]3CC[C@]12C,0.34050736
ZINC_250K_3958,N#CCCCNC(=O)[C@H]1CC[C@H](C[NH3+])O1,0.34050733
ZINC_250K_2365,Cc1[nH+]cn(C[C@H](C)[C@H]2CC[NH+]3CCC[C@H]23)c1C,0.34050733
ZINC_250K_7791,COC(=O)[C@](O)(c1cc(C)c(O)c(Cl)c1)C(F)(F)F,0.34050727
ZINC_250K_6554,COc1ccc(NC(=O)C[NH3+])cc1,0.34050727
ZINC_250K_7003,CCc1n[nH]c(=O)c2cc3sc(C)cc3n12,0.34050724
ZINC_250K_7331,Cc1ccc(C)c(S(=O)(=O)N2CCN(S(=O)(=O)c3cc(C)ccc3C)CC2)c1,0.34050718
ZINC_250K_7683,CCC[C@H]1C[NH2+]CC[C@H]1c1ccc(C)cc1,0.34050712
ZINC_250K_3167,C[C@H](Cc1ccc(C2CC2)cc1)C(=O)[O-],0.34050712
ZINC_250K_4137,CCCCC[NH+]1CCN(C(=O)N(C)C)CC1,0.34050712
ZINC_250K_975,Cc1cc(C)cc(O[C@H]2CCCC(C)(C)[C@@H]2O)c1,0.34050706
ZINC_250K_9808,O=C(CC[S@@](=O)c1ccccc1)NC(=O)NCC(F)(F)F,0.34050706
ZINC_250K_6578,C[NH2+]Cc1cc(F)c(N2C[C@@H](C)[C@H](C)C2)c(F)c1,0.340507
ZINC_250K_9474,CCN(c1ccc(C(=O)N(C)C)cc1)S(C)(=O)=O,0.34050697
ZINC_250K_4435,CC1CCC([C@@H](O)[C@H]2CCOC2)([NH+](C)C)CC1,0.34050694
ZINC_250K_3018,Cc1ccccc1CSC1=NS(=O)(=O)c2ccccc2N1,0.34050694
ZINC_250K_10229,CCC(C)(C)c1ccc(C[NH2+][C@@H](C)CC(N)=O)cc1,0.3405069
ZINC_250K_4270,COCCC1(C[NH2+]Cc2c(C)cccc2C)CC1,0.34050688
ZINC_250K_1498,CC[C@@H]([NH3+])[C@H](c1cc(Br)cs1)N(C)CCS(C)(=O)=O,0.34050688
ZINC_250K_1054,C[C@H](SCC[NH3+])c1ccc(C(=O)[O-])o1,0.34050673
ZINC_250K_6967,CCn1cc[nH+]c1CC(=O)c1ccccc1C,0.34050673
ZINC_250K_6494,Cc1cc([C@@H](C[NH3+])NC[C@@]2(C)CCCO2)c(C)s1,0.34050658
ZINC_250K_7546,Clc1cccc(CC[NH2+]Cc2cc[nH]c2)c1,0.34050655
ZINC_250K_8452,COCCN1C(=O)NC(=N)C12CCC1(CC2)OCCO1,0.3405065
ZINC_250K_3715,C[C@@H]1CC([NH+]2CCC(N3CCNC3=O)CC2)C[C@@H](C)C1,0.3405065
ZINC_250K_7804,CCC[NH2+][C@@H]1c2cc(CC(C)C)ccc2C[C@@H]1C,0.3405065
ZINC_250K_9082,C[C@@H]1C[NH+]2CCC[C@@H]2CN1C(=O)N1CC(C(=O)[O-])C1,0.34050643
ZINC_250K_199,CCOC(=O)[C@H](F)[C@@]1(O)CCC[NH+](C(C)C)CC1,0.34050643
ZINC_250K_2909,CCC[C@@H]1C[C@H]1NC(=O)N(C)[C@@H](C)C1CC1,0.3405063
ZINC_250K_5616,O[C@H]1CCCC[C@@H]1Cc1ccccn1,0.3405063
ZINC_250K_8199,CC1CCC([NH2+][C@H](C)CCn2cncn2)CC1,0.3405061
ZINC_250K_1666,CCSc1nnc2n(N)c(=O)c3ccccc3n12,0.3405061
ZINC_250K_6827,CC1CCN(C(=O)N(C)[C@H](C)C#N)CC1,0.34050608
ZINC_250K_6650,C[C@H](C[NH+]1CCCCC1)[NH2+]C[C@@H]1CSc2ccccc21,0.34050602
ZINC_250K_9176,Fc1ccc(-c2c(Cl)nc(-c3ccncn3)nc2Cl)cc1,0.34050602
ZINC_250K_2091,Cc1ccccc1CC[NH+]1[C@@H]2CC[C@H]1CC(=O)C2,0.34050596
ZINC_250K_9661,[NH3+][C@H](Cc1cccc(O)c1)c1ccccn1,0.3405059
ZINC_250K_7536,CC[C@](C)(NC(=O)N[C@@H]1C=CS(=O)(=O)C1)C(=O)[O-],0.34050587
ZINC_250K_6586,CC(=O)Nc1cc(NC(C)=O)cc(C(=O)O[C@H](C)C2CC2)c1,0.34050584
ZINC_250K_5284,Cc1nc(C[C@](C)([NH3+])c2cc(F)cc(F)c2)sc1C,0.34050575
ZINC_250K_5759,CCn1c(-c2ccc(C#N)cc2)nc2ccccc21,0.34050572
ZINC_250K_1812,CN1Cc2ccccc2[C@H]2CCc3ccccc3[C@@H]21,0.34050572
ZINC_250K_4144,COc1cc(F)c([C@@H]([NH3+])C2(CC(C)C)CCCC2)c(F)c1,0.3405057
ZINC_250K_2330,COC(=O)/C=C/C(=O)Nc1cc(C)cc(C)c1,0.3405057
ZINC_250K_8734,C[C@@H](C(=O)N1CCCCCC1)N1CC[NH2+]C[C@@H]1C#N,0.34050545
ZINC_250K_7540,CC[C@@H](C)C[NH+](CC)Cc1nc(Cl)ccc1Cl,0.34050545
ZINC_250K_3896,C[NH+](Cc1ccc(Br)cc1)[C@@H](C(N)=O)c1ccccc1,0.34050536
ZINC_250K_1764,CCCCN(C)C(=O)[C@@H](c1ccccc1C)N(C)C,0.34050533
ZINC_250K_4563,OCCC#Cc1cc(F)cc(C[NH+]2CCC[C@H]2CO)c1,0.3405053
ZINC_250K_1846,CCn1nccc1[C@H](F)C(=O)[O-],0.3405053
ZINC_250K_7943,CNC(=O)c1ccc(-n2nc(C)c(C(=O)[O-])c2C)nn1,0.34050524
ZINC_250K_2950,CCOCCCC(=O)N1CCN(CCO)CC1,0.34050518
ZINC_250K_5860,Cc1ccccc1[C@H]([NH2+]CC1CCS(=O)(=O)CC1)C(C)C,0.34050512
ZINC_250K_10393,O=C([O-])C1(C/C=C/c2ccccc2)Cc2ccccc2C1,0.34050506
ZINC_250K_2334,CCS[C@H]1CC[C@@H](NC(=O)N(C)CCN(C)C2CC[NH+](C)CC2)C1,0.340505
ZINC_250K_7672,Cc1cc(F)cc([C@](C)(O)[C@@H]2CCC[NH2+]C2)c1,0.34050497
ZINC_250K_6556,C[NH2+][C@H](c1ccc(-c2ccccc2)cc1)[C@@H]1CSCCO1,0.3405049
ZINC_250K_3139,CC(C)[C@H](O)[C@]1(C[NH3+])CCc2ccccc21,0.3405049
ZINC_250K_6245,CCOC(=O)[C@@]1(CC)O[C@]1(CC)c1ccc(Br)cc1,0.34050485
ZINC_250K_7889,CNC(=O)NC(=O)[C@@H](C)N[C@@H](CCc1ccccc1)c1ccccc1,0.3405048
ZINC_250K_4694,CCn1nc(C)c(Cl)c1C[NH2+]CC1(C)COC1,0.3405048
ZINC_250K_8325,O=[N+]([O-])c1cc(C(F)(F)F)cc([N+](=O)[O-])c1NCCCO,0.3405047
ZINC_250K_7258,C[NH2+][C@H](C)c1cnc([C@@H]2C[NH+]3CCN2CC3)nc1C,0.3405046
ZINC_250K_9960,C/[NH+]=C(/NCC(C)C)N1CCC[C@@H](C)C1,0.34050456
ZINC_250K_8262,C[C@H](OC(=O)c1ccc(C#N)cc1)c1ccc2c(c1)OCCO2,0.34050453
ZINC_250K_10033,CCO[C@H]1C[C@H](NC(=O)N[C@@H]2CC[C@H](SC)C2)C12CCCC2,0.34050453
ZINC_250K_10288,NC(=O)NC(=O)CCNC(=O)C1C2CC3CC(C2)CC1C3,0.3405045
ZINC_250K_1044,C[C@H]1CC[C@H](C(=O)[O-])[C@H]([NH+]2CCN3CCC[C@@H]3C2)C1,0.34050447
ZINC_250K_2879,CCn1c(C)cc(CNCC[NH+]2CCCCC2)c1C,0.3405043
ZINC_250K_7261,CC(C)[NH+]1CCC[C@@H](CNC(=O)NC2CCCCCCC2)C1,0.3405042
ZINC_250K_4255,CC(C)(C)C(=O)N1CCCC[C@H]1[C@H]1CCCCC1=O,0.34050408
ZINC_250K_6431,CCCCN1C(=O)[C@@H]2CCCCN2C(=O)[C@@H]1CC,0.340504
ZINC_250K_7759,CC[NH2+][C@H]1c2cc3c(cc2[S@](=O)[C@H](C)[C@@H]1C)CCC3,0.34050387
ZINC_250K_4027,Cc1cc2noc(-c3ccccc3)c2cc1Cl,0.34050387
ZINC_250K_106,CCCN(CC)c1cc[nH+]c(C(=O)[O-])c1,0.34050384
ZINC_250K_9243,CCCO[C@H]1CCCN([C@@H]2CC[C@H]([NH3+])C2)C1,0.3405038
ZINC_250K_1507,COc1cccc([C@H]2C[NH2+]CC[NH+]2C)c1,0.3405038
ZINC_250K_7968,C[C@@H]1CCC[C@@H](C)N1S(=O)(=O)c1ccc(Br)cc1,0.34050375
ZINC_250K_8678,COc1ccc([C@@H]2NCCC3=c4cc(OC)ccc4=[NH+][C@@H]32)cc1,0.3405037
ZINC_250K_7696,CCn1ncnc1C[C@@H]([NH3+])[C@@H]1C[NH+](C)CCN1C,0.3405037
ZINC_250K_6289,Cc1cc(NC(=O)Nc2ccoc2C)no1,0.34050363
ZINC_250K_4032,Cc1noc(C)c1C[NH2+][C@@H](C)c1nc2ccccc2s1,0.34050363
ZINC_250K_4955,CCCC[C@H](O)[C@@H]1CCCC1=O,0.34050345
ZINC_250K_9987,CCNc1nc(NCC)nc(Nc2ccc(C)c(C)c2)n1,0.34050345
ZINC_250K_7402,Cc1nn(C)c2c(N3CCCCCC3)nc(C3CC3)nc12,0.34050345
ZINC_250K_915,C#CC(C)(C)NC[C@H]1CN(C)CCO1,0.3405033
ZINC_250K_4753,Cc1c(N)cccc1NC12CC3C[C@@](C)(C1)C[C@](C)(C3)C2,0.34050313
ZINC_250K_418,CCc1cccc(CC)c1NC(=O)NC1CC1,0.34050298
ZINC_250K_9973,COC(=O)N/N=C1/C[C@H]2C[C@@H]1[C@H]1CCC[C@H]21,0.34050292
ZINC_250K_4968,C[NH2+]C[C@@H]1C[C@@H]1c1c(F)cccc1Cl,0.34050292
ZINC_250K_9882,C[NH+]1CCC(=NNC(=O)C(=O)NC2CCCCC2)CC1,0.34050286
ZINC_250K_2707,COC(C)(C)CNC(=O)COC1CCCC1,0.34050274
ZINC_250K_10256,Cc1nn(C)c2c1nc(CCl)n2C[C@@H](C)C(C)C,0.34050268
ZINC_250K_2090,CN1CCO[C@@H](CN(C)C2(C[NH3+])CCCCC2)C1,0.34050265
ZINC_250K_1702,CC(C)(C#N)CCN1CCOCC1=O,0.34050244
ZINC_250K_5051,CC(=O)c1cccc(NC(=S)Nc2ccc(C)cc2)c1,0.3405024
ZINC_250K_7303,Cc1ccc([C@@H]2CCCC[C@@H](C)C2=O)s1,0.3405023
ZINC_250K_10032,CS(=O)(=O)[N-]c1ccc(C2=NN/C(=N\c3ccccc3)SC2)cc1,0.3405023
ZINC_250K_5819,Cc1ccc(C(=O)OCc2ccc(Br)cc2)cc1,0.34050223
ZINC_250K_9906,CC[NH2+][C@H](c1ccc(CC)o1)[C@H](C)c1ccccn1,0.3405022
ZINC_250K_2227,C[C@H](CO)CSCC(=O)N[C@@H](C)c1ccc(F)cc1,0.34050217
ZINC_250K_827,CCOC(=O)C1CCC(NC(=O)[C@@](C)([NH3+])CC)CC1,0.34050214
ZINC_250K_6461,C[C@@H](CCCO)NC(=O)c1ccc(C(N)=O)cc1,0.34050208
ZINC_250K_6249,C=C(C)Cn1ccc([C@@H](O)CCC)c1,0.34050205
ZINC_250K_5957,O=C(C[n+]1ccccc1Cl)c1ccc2ccccc2c1,0.34050202
ZINC_250K_1337,C[C@@H](NCc1nnc(-c2ccccc2)s1)c1ccc(-c2ccccc2)o1,0.34050196
ZINC_250K_5098,CSCc1cc(F)ccc1C[NH2+]Cc1ccoc1,0.3405019
ZINC_250K_6843,O=C(Cn1cnnc1)N1C[C@H](CO)[C@H](C[NH+]2CCCCCC2)C1,0.3405019
ZINC_250K_9850,COc1ccc(N[C@H]2CCSC2)cc1,0.3405019
ZINC_250K_1943,[NH3+][C@@H]1CCCCC[C@@H]1c1nnc2c3[nH]cnc3ncn12,0.34050187
ZINC_250K_9025,COc1cc(OC)cc([C@H](O)[C@H]2C[NH+]3CCN2CC3)c1,0.34050182
ZINC_250K_4189,O=S(=O)(CCO)CCc1ncc(-c2ccccc2)o1,0.3405016
ZINC_250K_4147,C[C@H]1OCC[C@H]1C(=O)N1CCO[C@H](C#N)C1,0.34050155
ZINC_250K_416,CCc1noc(C)c1C[NH+](C[C@@H]1CCCCO1)C(C)C,0.3405015
ZINC_250K_7386,CN(CC(C)(C)O)C(=O)c1n[nH]cc1N,0.34050146
ZINC_250K_128,CSc1ccc(/C=c2\sc3ncnn3c2=O)cc1,0.3405014
ZINC_250K_1840,N#CC1=C(N)OC2=C(C(=O)CCC2)[C@H]1[C@@H]1CC=CCC1,0.3405014
ZINC_250K_3679,COc1cc(-c2nnc(SCc3cc(C)on3)o2)cc(OC)c1OC,0.34050137
ZINC_250K_6583,O=c1cc(O)[n+]([C@H]2O[C@H](CO)[C@@H](O)[C@@H]2O)c2sccn12,0.34050137
ZINC_250K_2925,COc1cc(C)c2[nH]ccc2n1,0.34050122
ZINC_250K_6924,CC1=NCCN1S(=O)(=O)c1c(C(C)C)cc(C(C)C)cc1C(C)C,0.3405011
ZINC_250K_10453,Cc1cc(C)c(NNC(=O)[C@H](C)OCC(F)(F)F)c(C)c1,0.34050098
ZINC_250K_5917,Cc1cc(CNc2ncncc2N)no1,0.34050092
ZINC_250K_2445,COc1ccc(-c2c(C)nn(C)c2N)cc1OC,0.34050086
ZINC_250K_2636,Cc1nc(Cn2cc(N)cn2)sc1C,0.34050086
ZINC_250K_728,CC(C)[C@@H](NC(=O)c1ccc(NS(C)(=O)=O)cc1)C(=O)[O-],0.34050086
ZINC_250K_198,Cc1cc(C)cc(OCC(C)(C)C[NH2+]C2CC2)c1,0.3405008
ZINC_250K_4150,COc1ccc(OCCOc2cccc(Br)c2)cc1,0.34050077
ZINC_250K_1461,C[NH2+][C@@H]1C[C@@H](C)CC[C@@H]1C(C)(C)[C@@H]1CCOC2(CCC2)C1,0.34050077
ZINC_250K_7218,CC[C@H](C)OC(=O)Nc1ccccc1,0.34050077
ZINC_250K_9307,Cc1ccc(-c2ccc(=O)n(C/C(N)=N/O)n2)cc1,0.3405007
ZINC_250K_1629,COc1ccc(OC)c([C@@H](O)Cc2[nH+]ccn2C)c1,0.34050053
ZINC_250K_8549,CC(C)[NH+]1C[C@@H](C)[C@@H](NC[C@@H](c2cccs2)N(C)C)C1,0.3405004
ZINC_250K_9986,CC[C@@H](C)[NH+](CC)CC[C@H](N)c1cc(F)cc(F)c1,0.34050027
ZINC_250K_6647,Cn1c(N)[n+](CC(=O)c2cccs2)c2ccccc21,0.3405002
ZINC_250K_10160,CC1(C)CCC[C@]12C(=N)NC(=O)N2CC1CC1,0.34050003
ZINC_250K_4022,CC1(C)CCC[C@@H](C[NH+](CCO)C2CCCCC2)C1=O,0.34050003
ZINC_250K_9465,CC(=O)N/N=C\c1c(Br)c(C)n(-c2cccc(C)c2)c1C,0.3405
ZINC_250K_4484,O=C(Nc1ccc(NC(=O)Nc2ccccc2F)cc1)Nc1ccccc1F,0.34049997
ZINC_250K_2444,O[C@@H](CC[C@H]1Cc2ccccc21)C1CC1,0.34049988
ZINC_250K_9747,CO[C@@H](C[NH2+][C@@H]1CCCC[C@@H]1SC)c1ccc(F)cc1,0.34049988
ZINC_250K_8347,CCC(=O)CCc1ccc(F)cc1Br,0.34049982
ZINC_250K_364,C[C@H]1C[C@H]([NH+]2CC[C@H](S(=O)(=O)NC3CC3)C2)CC(C)(C)C1,0.34049976
ZINC_250K_8649,Nc1nnnn1/N=C\c1cccc(Oc2ccccc2)c1,0.34049967
ZINC_250K_6635,COC(=O)[C@H]1CC(=O)OC12CCCCC2,0.34049964
ZINC_250K_6574,[NH3+]Cc1cnn(Cc2ccccc2)c1C(F)(F)F,0.34049958
ZINC_250K_6879,CN(C)S(=O)(=O)c1ccc(N=[N+]=[N-])c([N+](=O)[O-])c1,0.34049958
ZINC_250K_8566,CCS(=O)(=O)N(CCC(N)=O)Cc1ccccc1,0.34049952
ZINC_250K_9252,CC(/C=C/c1ccccc1)=N\NC(=O)Nc1ccccc1,0.34049952
ZINC_250K_10182,CCC1(CO)CCN(C(=O)C2C[C@@H](C)O[C@H](C)C2)CC1,0.34049946
ZINC_250K_5940,c1ccc([C@H]2CN/C(=[NH+]\[C@@H]3C[NH+]4CCC3CC4)S2)cc1,0.34049925
ZINC_250K_3983,COc1cc(C(=O)Oc2ccc(F)cc2)cc(OC)c1Br,0.34049922
ZINC_250K_7040,Cc1ccc([C@H]2CCCC[NH+]2CC2=CCCOC2)cc1,0.34049916
ZINC_250K_4338,C[C@H](CO)NC(=O)c1ccc(F)c(F)c1F,0.34049916
ZINC_250K_8454,Cc1cscc1-c1noc(C[C@H]2CSCC[NH2+]2)n1,0.3404991
ZINC_250K_7924,C[NH2+][C@@H](CCc1ccc(C)cc1)Cc1c(F)cccc1F,0.34049904
ZINC_250K_962,C[C@H](NC(=O)[C@H]1CC[C@H](C[NH3+])O1)C(=O)N(C)C,0.34049892
ZINC_250K_5071,C[C@H]1[NH2+]CCC[C@@H]1C(=O)NC1CCOCC1,0.34049892
ZINC_250K_4605,COc1ccc(C)cc1[C@@H](C)[NH2+][C@@H](CO)CC(C)(C)C,0.34049886
ZINC_250K_9416,CC[NH2+][C@H](C)[C@H](O)c1cccc(C2CC2)c1,0.34049883
ZINC_250K_3945,[O-]c1[nH]c(=S)nnc1Cc1ccc(F)cc1,0.34049878
ZINC_250K_6456,CCC(CC)(NC(=O)NC1CCC(C)(C)CC1)C(=O)[O-],0.34049872
ZINC_250K_10460,CC(C)CC[C@](C)(O)CNC(=O)N[C@H]1CC[NH+]2CCCC[C@H]12,0.3404987
ZINC_250K_1996,CCC[NH2+][C@@H](COC)[C@H]1CN(C(C)C)CCO1,0.34049866
ZINC_250K_3133,C[C@@H]1C[C@H](C)C[NH+](C[C@@H](O)CO[C@@H]2CCC[C@H]2C)C1,0.34049866
ZINC_250K_2652,CC(C)CNC(=O)[C@H](C)[NH+]1CCCN(CC[NH3+])CC1,0.3404986
ZINC_250K_9639,CC[C@H](C)C(=O)NC[C@@H](C)c1ccc(F)cc1,0.34049854
ZINC_250K_8909,CC(C)CS(=O)(=O)Cc1cc(=O)n2ccccc2n1,0.34049848
ZINC_250K_611,CC(C)C[C@H](C[NH+](C)C)Nc1ncncc1N,0.34049848
ZINC_250K_8551,O=C([O-])CS(=O)(=O)[C@@H]1CCOC2(CCCCC2)C1,0.34049848
ZINC_250K_3534,COC(=O)C1=C(C(=O)OC)[C@@](O)(c2ccccc2)[C@@H](c2ccccc2)O1,0.34049845
ZINC_250K_2995,Nn1c(SCC(F)(F)F)nnc1-c1ccc(Cl)cc1,0.3404984
ZINC_250K_8613,CCC[C@@H](CC)[NH+]1C[C@@H]2CCCN2C[C@@H]1C(C)C,0.34049833
ZINC_250K_506,COC(=O)[C@@]1(NC2CCCC2)CCCS[C@H]1C,0.3404983
ZINC_250K_7091,COc1ccc(S(=O)(=O)/N=c2/cc(OC)cc[nH]2)cc1,0.34049827
ZINC_250K_8493,C1C[C@H](c2noc(C3CC3)n2)N(Cc2nnnn2C2CC2)C1,0.3404982
ZINC_250K_1986,CO[C@H](CN[C@@H](c1cccs1)C1CC1)c1ccccc1,0.3404982
ZINC_250K_7463,CN[C@](CSc1ccncc1)(C(N)=O)c1ccccc1,0.3404982
ZINC_250K_907,CC(C)C[C@@H]([NH3+])C(=O)N1CC[C@H](C(=O)[O-])[C@@H]1C,0.34049815
ZINC_250K_2535,Cc1ccsc1CNC(=O)CCCC[NH3+],0.3404981
ZINC_250K_7559,Cc1ccc(C[NH2+]CCCc2ccc(N(C)C)cc2)o1,0.3404981
ZINC_250K_6597,O=C(N/N=C/c1cc2ccccc2cc1O)C(F)(F)C(F)(F)C(F)(F)F,0.3404981
ZINC_250K_2488,Cn1c(C[NH3+])nnc1S[C@@H]1CCOC2(CCCC2)C1,0.34049806
ZINC_250K_5962,O=S(=O)(N[C@H](c1ccc2c(c1)OCCO2)C1CC1)N1CCCCC1,0.34049803
ZINC_250K_6138,COC[C@H](O)C[C@@H]1CCCC1=O,0.34049794
ZINC_250K_9855,CC(C)=Nn1cnc2c1=NC(C)(C)NC=2C(N)=O,0.34049794
ZINC_250K_3277,CC[C@@H](C[NH3+])c1nc2cccc(C)c2o1,0.34049794
ZINC_250K_5330,C[n+]1noc([O-])c1SCC(=O)Nc1c(F)c(F)c(C(F)(F)F)c(F)c1F,0.3404979
ZINC_250K_1621,CNC(=O)[C@@H]1C[NH2+]CCN(C(C)=O)C1,0.3404979
ZINC_250K_3780,Cc1ccccc1CC[NH+]1CCC[C@@H](C[NH3+])C1,0.3404979
ZINC_250K_8371,O=CN[C@H](C(=O)[O-])[C@@H]1CCO[C@@]2(CCOC2)C1,0.3404979
ZINC_250K_6831,COc1cccc(C(=O)/C=C/c2cc(OC)c(OC)cc2OC)c1,0.34049785
ZINC_250K_7257,CCN[C@H](c1cccs1)[C@@H]1C[NH+]2CCN1CC2,0.34049782
ZINC_250K_805,Cc1ccc(C(=O)Cc2cccc(O)c2)cc1,0.34049743
ZINC_250K_3311,Brc1cc(CSc2nnc(-c3ccccc3)o2)cs1,0.34049743
ZINC_250K_1326,Cc1cnc2nc(Cc3ccsc3)[nH]c2c1,0.34049743
ZINC_250K_7158,[NH3+][C@H](Cc1cccc(F)c1F)c1cc(Cl)sc1Cl,0.34049734
ZINC_250K_4308,CC(C)(C)OC(=O)N1CCC[C@@H]1CC(=O)C1CCCCC1,0.34049734
ZINC_250K_10228,CC(C)CN(C)S(=O)(=O)c1cc(C(=O)[O-])n(C)c1,0.34049734
ZINC_250K_6032,CC(C)CCOCC[NH+]1[C@@H](C(=O)[O-])CC[C@H]2CCCC[C@H]21,0.34049723
ZINC_250K_2952,O=C([O-])[C@H](Cc1ccccc1)NC(=O)N(c1ccccc1)c1ccccc1,0.34049705
ZINC_250K_4630,O=C1N[C@H](c2cccc(Oc3ccccc3)c2)Oc2ccccc21,0.34049696
ZINC_250K_8733,Cc1cccc(SCC(=O)NCC(C)C)c1N,0.34049696
ZINC_250K_6815,COC(=O)[C@@H]1CCN(C(=O)[C@H]2CCSC2)C1,0.34049693
ZINC_250K_1713,CN(C(=O)CCNS(C)(=O)=O)C1CCCCC1,0.3404969
ZINC_250K_3759,Cn1nncc1C[NH+](CC1CCCCC1)C1CC1,0.34049684
ZINC_250K_9400,Cc1c([C@@H]([NH3+])c2ccc(Br)cc2)oc2ccc(F)cc12,0.34049678
ZINC_250K_2268,O[C@@]1(C[NH2+]C2CCN(C3CCCCC3)CC2)CCOC1,0.34049672
ZINC_250K_4781,COCCCC(=O)N1CCC(OC)CC1,0.3404967
ZINC_250K_7861,COC(=O)c1ccc(OP(=O)(c2ccccc2)c2ccccc2)cc1,0.34049666
ZINC_250K_5999,CSC[C@@H](C)N(C)C(=O)N[C@H]1CCC[NH+](C)C1,0.34049666
ZINC_250K_1060,O=C([O-])CCNC(=O)N[C@@H]1CCOC1,0.3404966
ZINC_250K_3061,C[NH+](Cc1cnc(C2CCC2)s1)C(C1CC1)C1CC1,0.3404966
ZINC_250K_1817,CCCC[NH+]1CCC(NC(=O)C2CC=CC2)CC1,0.34049657
ZINC_250K_2258,CCC[C@H](C#N)[C@@H](O)c1ccc(C(F)(F)F)cc1,0.3404965
ZINC_250K_9153,CC[C@@H](C)[NH2+]Cc1cnc(-c2ccsc2)s1,0.34049618
ZINC_250K_1566,CC(C)(C)[NH2+]Cc1ncoc1[C@H]1CCCCO1,0.34049618
ZINC_250K_5710,CCOc1cccc(-c2c[nH+]cc([O-])c2)c1,0.34049606
ZINC_250K_8825,CC(C)CS(=O)(=O)[C@@H](C)C(=O)NC[C@@H](C)c1ccccc1,0.34049606
ZINC_250K_1075,CC(=O)C1=CC[C@H]2[C@H]3CCC4=CC(=O)CC[C@@]4(C)[C@@H]3C(=O)C[C@]12C,0.34049594
ZINC_250K_8330,O[C@@H]1C[NH+](Cc2ccc(-c3cccc(Br)c3)o2)C[C@@H]1O,0.3404959
ZINC_250K_3765,C[C@H]1CCC[C@@H]([NH+](C)CC(=O)N2CCC(C(=O)N3CCCC3)CC2)C1,0.34049574
ZINC_250K_9364,Cc1ccc([S@](=O)C[C@H]2CC[NH2+]C2)c(C)c1,0.34049568
ZINC_250K_1209,Cc1ccoc1[C@@H](C)[NH2+]C1CCN([C@@H](C)c2ccncc2)CC1,0.34049568
ZINC_250K_6686,CNC(=O)C(=O)NC[C@@H](c1ccc(N(C)C)cc1)[NH+]1CCCC1,0.34049562
ZINC_250K_1463,Cc1cc([C@@H](C)NC(=O)[C@@H](C)c2ccsc2)c(C)s1,0.34049547
ZINC_250K_1758,COc1cccc2c1CCCC2(C)C,0.34049544
ZINC_250K_332,C[C@@H](CCO)SCc1ccccc1OC(F)F,0.3404954
ZINC_250K_6968,CCN(CC)c1ncnc(Oc2ccc(OC)cc2)c1N,0.34049535
ZINC_250K_10207,CC(C)[C@H](C(=O)N(C)Cc1ncnn1C)[NH+](C)C,0.3404953
ZINC_250K_9404,CC[C@@H]([NH2+]Cc1ccc([O-])c[nH+]1)c1ccc(C)cc1,0.34049523
ZINC_250K_6595,O=C(NCCCCn1cc[nH+]c1)N[C@@H]1CCC[C@H]1CO,0.34049517
ZINC_250K_1278,Clc1ccc(C2([NH2+]C3CCCC3)CCOCC2)cc1,0.34049517
ZINC_250K_8234,CCOC(=O)[C@H](CC)[NH+](C)Cc1ccc(C)o1,0.3404951
ZINC_250K_294,C[C@@H]1CCC[C@H](C)N1C(=O)[C@@H]1COCCO1,0.34049505
ZINC_250K_5623,C[NH2+][C@H](C)CCc1nc([C@@]2(C)CCCO2)no1,0.34049502
ZINC_250K_6721,CC(C)[C@@H]1CCCC[C@H]1[NH2+]Cc1nncn1C(C)C,0.3404949
ZINC_250K_4016,COc1ccccc1/N=N\c1c(O)n[nH]c1C,0.34049487
ZINC_250K_2181,Oc1ccccc1[C@@H]1C=C(c2ccc3c(c2)OCCO3)N=[NH+]1,0.34049484
ZINC_250K_4472,C[C@@H]1C[C@H]([NH3+])CN(S(=O)(=O)CCCC(=O)[O-])C1,0.34049484
ZINC_250K_10190,O=C1[NH+]=N[C@@H](S)N1C[C@@H]1CCCO1,0.34049484
ZINC_250K_1865,O=C(CF)N[C@H](Sc1ccccc1)C(Cl)(Cl)Cl,0.34049466
ZINC_250K_10129,O=C([O-])COCCNC(=O)C1CCCC1,0.34049466
ZINC_250K_1691,CN(C(=O)c1nnn[n-]1)[C@H]1CCC[C@H]1C[NH3+],0.34049466
ZINC_250K_5992,NC(=O)C1CC[NH+](Cc2ccc(Cl)s2)CC1,0.34049463
ZINC_250K_7855,CCS(=O)(=O)CCNC(=O)c1c(C)nsc1NC,0.34049463
ZINC_250K_8216,O=C([O-])CC[C@@]12CCCC[C@]1(O)OC(=O)CC2,0.3404946
ZINC_250K_10014,C1=C[C@H]2C[C@@H]1C[C@H]2C[NH+]1CCC([NH+]2CCN(c3ccccc3)CC2)CC1,0.34049457
ZINC_250K_8768,Cn1cc[nH+]c1N[C@H]1C=C[C@H](C(=O)[O-])C1,0.34049442
ZINC_250K_3835,O=C(c1nccnc1C(=O)N1C[C@@H]2[C@H]3CC[C@H](C3)[C@@H]2C1)N1CCCCC1,0.3404944
ZINC_250K_7499,C[C@@H]1CCC[C@@]([NH3+])(C(=O)N[C@@H](C)CCCO)C1,0.34049433
ZINC_250K_4614,C[C@@](N)(C(=O)NCCC(=O)N1CCCC1)C(F)(F)F,0.34049433
ZINC_250K_7336,Cc1n[nH]cc1CN(C)[C@H](C)Cc1ccsc1,0.34049428
ZINC_250K_6051,N#Cc1c[nH]nc1[N-]S(=O)(=O)C(F)F,0.34049425
ZINC_250K_9603,CN(C)C(=O)CNC(=O)NCCOCC(=O)[O-],0.34049425
ZINC_250K_9903,Cc1ccc(C[NH2+][C@H](C)CO)cc1[N+](=O)[O-],0.3404942
ZINC_250K_5093,CC[NH2+]C[C@@]1(c2ccc(OC)cc2)CCC[C@@H]1C,0.34049407
ZINC_250K_5947,CC[C@@H]1CCC(=O)[C@@H](Cc2cnoc2)C1,0.340494
ZINC_250K_7667,Cn1c(-c2ccco2)nn(C[NH+](C)CCc2ccccc2)c1=S,0.34049398
ZINC_250K_3066,Cc1oc(-c2cccs2)nc1C[S@@](=O)CCO,0.34049395
ZINC_250K_2495,Cc1cccc(C(CO)(CO)Cc2cccc(F)c2)c1,0.34049392
ZINC_250K_111,CCC[NH2+]C1CCC(O)(Cc2nc(C)cs2)CC1,0.3404939
ZINC_250K_7005,N#CCCN(Cc1cc(Cl)ccc1N)c1ccccc1,0.3404939
ZINC_250K_5545,COc1cccc(C[C@@H]2C[C@@H](C)CC[C@H]2O)n1,0.3404938
ZINC_250K_9090,C[C@@H]([NH3+])c1ccn(CC[C@@H]2CCCO2)c1,0.34049377
ZINC_250K_5682,C[C@@]12CC[C@]1(C)C(=O)N(c1ccc(F)cc1F)C2=O,0.34049362
ZINC_250K_6814,CCC[C@@H](C)C(=O)[C@@H](C)c1ccccn1,0.3404936
ZINC_250K_7752,C=C(C)CN(CC)C(=O)NCc1ccc(C[NH+](C)C)cc1,0.34049356
ZINC_250K_9374,Cc1ccc2c(c1)C(=O)C[C@H](C(=O)[O-])C2,0.34049356
ZINC_250K_2425,CCN[C@H]1CCCC[C@@H]1[NH+](C)Cc1cccc(C)n1,0.34049356
ZINC_250K_6271,CC(C)CN(C(=O)c1nc[nH]n1)C(C)C,0.34049353
ZINC_250K_8188,CCC[NH2+][C@@H]1[C@H](N2CCN(CC)CC2)CCCC1(C)C,0.34049353
ZINC_250K_4267,Cc1ccc(C[C@H](Br)c2ccc(Cl)cc2Cl)nc1,0.34049347
ZINC_250K_2266,CN(C)c1ncc(C[NH+]2CCC[C@@H]3CCC[C@@H]32)s1,0.34049347
ZINC_250K_8505,CNS(=O)(=O)c1cccc([C@H](C)[NH2+]C[C@@H](C)[S@](C)=O)c1,0.3404934
ZINC_250K_7778,CC[NH2+][C@H](C)c1ccnc(Oc2ccc(C#N)cc2)c1,0.34049335
ZINC_250K_6119,CC(C)C(=O)N(c1ccc(Br)cc1)[C@H]1C=CS(=O)(=O)C1,0.3404933
ZINC_250K_2089,COC(=O)CCC(=O)Nc1ccc(N)cc1,0.3404933
ZINC_250K_9046,COC(=O)CSc1cc(Cl)ccc1Cl,0.3404932
ZINC_250K_7908,Cc1csc([C@@H]([NH2+][C@@H](C)CC2CC2)C2CC2)n1,0.34049317
ZINC_250K_2059,C[C@H]([NH2+][C@@H](CC(F)(F)F)c1ccc(F)cc1)c1ccccn1,0.34049317
ZINC_250K_108,CS(=O)(=O)[C@H]1O[C@H]1c1ccc(Cl)cc1Cl,0.34049314
ZINC_250K_1175,CN(c1cc(C[NH3+])ccn1)C1CCCC1,0.3404931
ZINC_250K_6964,CSCCNC(=S)NNC(=O)C=C1C[C@H]2CC[C@@H](C1)[NH+]2C,0.34049308
ZINC_250K_10261,CC(C)CC(=O)NCC[C@H](c1ccccc1)c1ccco1,0.34049302
ZINC_250K_5721,CCn1/c(=N/C(=O)CN(C)C(C)=O)[nH]c2ccc(Br)cc21,0.34049302
ZINC_250K_3303,C[C@]1(C(N)=O)Oc2ccc(Cl)cc2NC1=O,0.34049302
ZINC_250K_9533,Cc1ccc2[nH]c(=O)c(/C=C3\SC(=S)N=C3[O-])cc2c1,0.34049293
ZINC_250K_301,Cc1ccc(C(F)(F)F)cc1/C=C/C(=O)[O-],0.3404929
ZINC_250K_6409,Cc1cc(NC(=O)C(=O)c2ccc(C(C)(C)C)cc2)n(C)n1,0.34049287
ZINC_250K_9300,CN(c1cccc(F)c1)[C@@]1(C[NH3+])CCCC1(C)C,0.34049284
ZINC_250K_7915,CCc1nnsc1C(=O)NC[C@@H](CC(C)C)C(=O)[O-],0.34049284
ZINC_250K_6165,COc1ccc2cc([C@@H](C)CO)ccc2c1,0.34049278
ZINC_250K_2757,[NH2+]=C(NC1CC1)SCc1ccc(Br)cc1F,0.34049276
ZINC_250K_6279,CC[C@@H]([NH2+][C@H](C)c1cc(Cl)cc(Cl)c1)c1c(C)noc1C,0.34049276
ZINC_250K_4523,C[C@@](O)(c1cccc(F)c1)c1ccc(Cl)cc1F,0.3404927
ZINC_250K_8093,C[C@]12CC[C@@H]3[C@@H](CCC4=CC(=O)CC[C@]43C)[C@@H]1CC[C@H]2O,0.3404927
ZINC_250K_10490,O=C(CCc1cccc(Br)c1)c1cccc(F)c1,0.3404927
ZINC_250K_7095,O=C1/C(=C/c2ccsc2)SC(=S)N1CCc1ccccc1,0.34049258
ZINC_250K_528,CCOCCS(=O)(=O)[N-]c1cc(Br)ccc1O,0.34049246
ZINC_250K_1988,C[NH+]1CCC(C[NH+](C)C2CCC(c3ccc(O)cc3)CC2)CC1,0.3404924
ZINC_250K_3013,O=C1c2ccccc2O[C@@H](c2ccccc2)N1CCO,0.3404924
ZINC_250K_1950,C[C@H](CCCO)Nc1[nH+]c2ccccc2n1C,0.34049237
ZINC_250K_7330,CCOC[C@@H](C)[NH2+][C@@H]1CCN(C(C)C)C1=O,0.34049237
ZINC_250K_9821,C[C@H](NC(=O)Cc1ccccc1)[P@@H](=O)[O-],0.34049234
ZINC_250K_556,CC[NH+]1CCC[C@@]2(CC1)C[NH+]=C(N)N2c1ccc(C)cc1,0.34049228
ZINC_250K_2709,Cn1cnc(C[NH2+]Cc2ccc(C(C)(C)C)cc2)n1,0.3404922
ZINC_250K_10462,C[C@]12C=C[C@](C)(O1)[C@H]1C(=O)N(c3cccc([N+](=O)[O-])c3)C(=O)[C@@H]12,0.34049216
ZINC_250K_6775,C[C@H](C[NH2+][C@@H](C)CC1CC1)Oc1ccccc1,0.3404921
ZINC_250K_10458,CCCn1nccc1[C@]1(C)CCC[NH2+]1,0.34049207
ZINC_250K_1307,CC(C)c1ccc(CN(C)Cc2cc(=O)n(C)c(=O)n2C)cc1,0.34049207
ZINC_250K_9119,CCCC(CCC)(c1ccccc1)N1CCOCC1,0.34049195
ZINC_250K_10071,CC(C)CCOc1ccc(CCl)nc1,0.34049192
ZINC_250K_732,C=CCN(CC=C)C(=O)C1CCN(C(=O)C(C)(C)C)CC1,0.34049186
ZINC_250K_8388,Cc1csc(/C(C#N)=C\c2cc(Br)cs2)n1,0.3404918
ZINC_250K_1969,CC(C)CC1([C@@H]([NH3+])Cc2c(F)cccc2F)CCCC1,0.34049174
ZINC_250K_8857,Cc1ccc(C[NH+](C)Cc2cnc3cnccn23)s1,0.34049162
ZINC_250K_8462,COc1ccc2[nH]c3c(c2c1)CCC3,0.34049162
ZINC_250K_9040,CC(C)(C)c1csc(CC2(c3ccc(Br)cc3)C[NH2+]C2)n1,0.34049147
ZINC_250K_9296,CC[NH+](CC)CC[C@@H](O)Cc1cccc(Cl)c1,0.3404914
ZINC_250K_2947,CCc1c(CBr)cnn1-c1ccc(OC)cc1,0.3404913
ZINC_250K_10255,O=C1CS[C@H](c2ccccc2)N1c1ccccc1F,0.3404913
ZINC_250K_10397,Cc1ccc(CN(C)c2ccc(S(C)(=O)=O)cc2S(C)(=O)=O)o1,0.34049124
ZINC_250K_3615,CCCCO[C@@H](C)C(=O)N(C)C1CCS(=O)(=O)CC1,0.34049118
ZINC_250K_8865,CC(C)[NH+]1CC[C@H](CNc2c(F)c(F)nc(F)c2F)C1,0.34049115
ZINC_250K_8333,CCCC[C@@H](C)[NH2+]C[C@H]1CSc2ccccc21,0.34049112
ZINC_250K_6952,Cc1ccc([C@H](CO)[C@H]2CCS(=O)(=O)C2)cc1,0.3404911
ZINC_250K_5134,C[C@@H](c1ccccc1)[C@@H]1[NH2+][C@@H](C(=O)[O-])CS1,0.34049097
ZINC_250K_10311,NC(=S)[C@H]1CCC[NH+](C[C@@H]2Cc3ccccc3S2)C1,0.3404909
ZINC_250K_7169,CC(C)[NH2+]Cc1ccc(O[C@@H](C)C(N)=O)cc1,0.3404909
ZINC_250K_246,CC(=O)NCCC(=O)N1CCC[C@@H](C)C1,0.34049085
ZINC_250K_914,Cn1cnn(C[NH+](Cc2ccc(F)cc2)C2CC2)c1=S,0.34049076
ZINC_250K_531,Cc1ccc(OC(=O)c2cccc(C(=O)Oc3ccc(C)cn3)n2)nc1,0.34049073
ZINC_250K_7470,CC(=O)N/C(=C/c1ccccc1)C(=O)Nc1cccc(C(C)=O)c1,0.34049064
ZINC_250K_3717,CCC([NH3+])(CC)CN1CCN(c2ccccc2)CC1,0.3404906
ZINC_250K_1818,OC1(C(F)(F)F)[C@@H]2CC[C@H]1C[NH+](Cc1ccccc1)C2,0.34049058
ZINC_250K_9117,N#CCC1(CSc2cc3ccccc3[nH]2)CC1,0.34049055
ZINC_250K_7764,CCC[C@]12CN3CC[NH+](C[C@H](C3)[C@H]1O)C2,0.34049052
ZINC_250K_3998,COc1cccc(O[C@@H]2CC[C@H]([NH3+])C2)n1,0.34049052
ZINC_250K_7819,O=C([C@@H]1COCCO1)N1CC[C@@](O)(C(F)(F)F)C1,0.34049043
ZINC_250K_5796,CN(CCOCC1CC1)C(=O)[C@](C)(N)C(F)(F)F,0.3404904
ZINC_250K_1371,CC(C)C/C([O-])=N/S(=O)(=O)Cc1ccc([N+](=O)[O-])cc1,0.34049037
ZINC_250K_9061,CC(C)[C@H](C)NC(=O)N[C@H](CO)c1ccc(Cl)cc1,0.3404903
ZINC_250K_10150,C[C@@H]1C[C@@H](C)C[NH+](CCCSc2ccccc2)C1,0.34049025
ZINC_250K_9131,CC[NH2+][C@@H](C)c1ccnc(Oc2ccc(C)c(C)c2)c1,0.34049022
ZINC_250K_4868,CSCC[C@@H](O)[C@@]1(C#N)CCOc2ccccc21,0.3404902
ZINC_250K_7960,CC[C@H](C)C[C@@H](C)NC(=O)c1cc(C(C)C)no1,0.3404902
ZINC_250K_7408,CCCCC[C@@H](O)[C@]1(C[NH3+])CCOc2ccccc21,0.3404901
ZINC_250K_7630,CCC[NH2+][C@H](COC(C)C)c1cc(F)ccc1F,0.34049004
ZINC_250K_2017,CN[C@@H](c1cc(C)c[nH+]c1N)[C@@H]1CSCCO1,0.34048992
ZINC_250K_1971,CC(C)OC(=O)[C@H](C)CNC(=O)N[C@H]1CC[C@H]([NH+](C)C)C1,0.34048992
ZINC_250K_5829,CC(C)[NH+]1C[C@H](NCCCC(=O)NC2CC2)[C@@H](C)C1,0.3404899
ZINC_250K_8872,COc1cc(C#N)cc(I)c1OCC(=O)[O-],0.34048986
ZINC_250K_7295,O=S(=O)(Cc1ccccc1)c1ccc2c(c1)S(=O)(=O)N=CN2,0.34048977
ZINC_250K_251,C[C@@H](Nc1ccc(COC(C)(C)C)cc1)c1ccc(C#N)cc1,0.34048977
ZINC_250K_793,O=c1[nH]cnc2c1[nH]c(=S)n2[C@@H]1O[C@H](CO)[C@@H](O)[C@H]1O,0.34048972
ZINC_250K_9769,N#CC1CCN([C@@H]2CCO[C@@]3(CCSC3)C2)CC1,0.34048972
ZINC_250K_8770,CC[C@@H](C[NH2+][C@H](C)Cn1cnc(C)c1C)c1ccccc1,0.34048972
ZINC_250K_4687,Cc1cnc2c(c1)[nH]c(=S)n2CC(C)(C)S(C)(=O)=O,0.3404897
ZINC_250K_2229,O=C1CNC(=O)N1CCSCc1ccco1,0.34048966
ZINC_250K_6670,CCC([NH3+])(CC)C(=O)N(C)Cc1cscn1,0.3404896
ZINC_250K_220,O=C(C[C@@H]1C[NH2+]CCO1)N[C@H]1C=CS(=O)(=O)C1,0.3404896
ZINC_250K_225,C[C@@H](NC(=O)N1CCCCCCC1)[C@@H]1CCCO1,0.34048948
ZINC_250K_5900,CCCn1nccc1[C@H]([NH3+])[C@H]1CSCCS1,0.34048942
ZINC_250K_3185,Cc1nc(C[C@@H]([NH3+])[C@@H]2CN(C(C)C)CCO2)cs1,0.34048942
ZINC_250K_329,COCCN1[C@H](C)CN(C(=O)C[NH+](C)C2CC2)C[C@@H]1C,0.34048936
ZINC_250K_3997,CC1CCN(c2[nH+]cccc2C(=O)[O-])CC1,0.3404893
ZINC_250K_7572,CC(C)(C)OC(=O)N/N=C1/C[C@@H]2CC[C@@]1(C)C2(C)C,0.34048918
ZINC_250K_3906,CCN(CC)C(=O)CN(C)C(=O)c1cc(C(C)C)no1,0.34048915
ZINC_250K_1993,C[C@@H](CC(=O)c1ccc(F)cc1)NC(=O)C=C1CCSCC1,0.34048912
ZINC_250K_5984,CC(C)C[NH2+]CCn1ccc2c(Cl)cccc21,0.34048897
ZINC_250K_589,CC[C@@H](C)N(CC)C(=O)c1ccccc1N,0.34048894
ZINC_250K_9412,O=S1(=O)C[C@@H](Nc2ccccc2)[C@@H](S(=O)(=O)[O-])C1,0.34048888
ZINC_250K_10362,C/C(=N\NC(=O)c1ccc(Br)cc1)c1cc(C)oc1C,0.34048885
ZINC_250K_7488,CCONC(=O)CC12C[C@@H]3C[C@@H](CC(Br)(C3)C1)C2,0.34048885
ZINC_250K_3493,CCOC(=O)[C@@H]([NH3+])[C@@H](O)c1ccc(S(C)(=O)=O)cc1,0.34048882
ZINC_250K_671,Clc1ccc(OCCCCSc2ncccn2)cc1Cl,0.34048873
ZINC_250K_2680,OC[C@H]1C[NH+](Cc2ccccc2)CCC12OCCO2,0.3404887
ZINC_250K_1434,CC(C)COc1ccc([C@H](C)[NH2+]C2C[C@H](C)O[C@@H](C)C2)cc1,0.3404887
ZINC_250K_7007,[NH3+][C@H](Cc1c(F)cccc1F)[C@H]1CCCOC1,0.34048864
ZINC_250K_6749,[NH3+][C@H]1CCC[C@@H]1CC[NH+]1CC[C@H](N2CCOCC2)C1,0.3404886
ZINC_250K_2915,CCC[NH2+]C[C@@]1(c2ccc(OC)c(OC)c2)CC[C@@H]1C,0.34048855
ZINC_250K_9425,CN(CC(F)(F)F)c1cc2c(cc1Cl)C(=O)C(=O)N2,0.3404885
ZINC_250K_4107,Cc1nc(C[C@H](N)c2ccc3nccnc3c2)sc1C,0.3404885
ZINC_250K_9147,O=C(N[C@@H]1CCCC[C@@H]1OC1CCCC1)[C@@H]1CC12CCOCC2,0.34048846
ZINC_250K_2685,CCCn1/c(=N/C(C)=O)sc2cc3c(cc21)OCO3,0.34048837
ZINC_250K_8137,O=C([O-])[C@@H]1[NH2+]CC[C@H]1c1cc(F)c(F)c(F)c1,0.34048837
ZINC_250K_3433,C[C@H](NC(=O)/C=C1/Sc2ccccc2NC1=O)c1ccccc1,0.3404883
ZINC_250K_3810,CCC(CC)(C(=O)c1cccc(Cl)c1Cl)[NH+]1CCCC1,0.3404883
ZINC_250K_8568,COC[C@H](C)NC(=O)C[NH+]1CC[C@@H](C)[C@@H](O)C1,0.3404883
ZINC_250K_8447,CCN(CC)C(=O)CSc1nc(N)c(C#N)c(CC(C)C)c1C#N,0.3404883
ZINC_250K_4606,O=C(CS)Nc1ccccn1,0.34048826
ZINC_250K_1145,Fc1cccc([C@H](C[NH2+]C2CC2)Cc2cccs2)c1,0.34048826
ZINC_250K_5061,N#C[C@H](C(=O)c1ccccc1Cl)C1[NH+]=c2ccccc2=[NH+]1,0.34048817
ZINC_250K_908,CC[C@H](C)Cn1c(CCCl)nc2c(C)nn(C)c21,0.34048808
ZINC_250K_7317,CC(C)Sc1nnc(N/N=C/c2cc(Br)c(O)c(Br)c2)[nH]1,0.34048805
ZINC_250K_689,C[C@H]1[C@H](C(=O)[O-])CCN1S(=O)(=O)[C@@H](C)C#N,0.34048805
ZINC_250K_753,CC1(C)[C@@H]2CC[C@@]1(CS(=O)(=O)NCCCO)C(=O)C2,0.34048802
ZINC_250K_7976,CC(C)[C@H](CCO)NC(=O)NCC(C)(C)[NH+]1C[C@H](C)C[C@@H](C)C1,0.340488
ZINC_250K_4108,C[C@H]1C(=O)N(C[C@@H]2CC[C@H](C(=O)NN)O2)C(=O)[C@@H]1C,0.340488
ZINC_250K_9483,CC(C)(C)c1ccc(C(=O)N/C(=C/c2ccc(O)cc2)C(=O)[O-])cc1,0.34048793
ZINC_250K_5773,CCC(CC)(NC(=O)CS[C@H]1CCS(=O)(=O)C1)C(=O)[O-],0.34048793
ZINC_250K_9123,COc1ncnc2c1nc([S-])n2CCOCCC(C)C,0.34048787
ZINC_250K_3729,Cn1c(Cl)cnc1CSc1cc(Br)ccc1N,0.34048784
ZINC_250K_9021,Cc1cccnc1C[NH+]1CCC(O)CC1,0.34048766
ZINC_250K_6036,C[C@@H](Nc1ccc(C#N)c(N)c1)c1cccs1,0.34048766
ZINC_250K_8151,C[C@@H]1CN(C(=O)C[NH+]2CCC(CC(=O)[O-])CC2)C[C@@H](C)O1,0.34048754
ZINC_250K_9317,CC(=O)NNC(=O)COc1ccc(F)cc1,0.34048748
ZINC_250K_9961,C[C@H](Sc1nc2ccccc2s1)C(=O)c1ccccc1,0.34048745
ZINC_250K_5008,COCCc1noc(C[NH+](C)C[C@H]2CCC[C@H](C)C2)n1,0.34048745
ZINC_250K_8819,CCCc1nn([C@@H]2CCCC[C@H]2O)c(=O)o1,0.34048745
ZINC_250K_2858,O=C([O-])c1ccc(-c2c(F)cccc2F)cn1,0.34048742
ZINC_250K_7560,CCCNC(=O)N1CCN(C(=O)[C@@H]2C[C@@H]2C)CC1,0.3404874
ZINC_250K_10300,O=C1Nc2cccc(O)c2Nc2cc(Cl)ccc21,0.3404874
ZINC_250K_8943,CN(C(=O)N[C@](C)(C(=O)[O-])C(F)(F)F)[C@@H]1CCC[NH+](C)C1,0.34048733
ZINC_250K_8031,C=C[C@]1(C)C[C@@H](O)[C@H](C(=C)C(=O)OC)[C@H](O)[C@@H]1C(=C)CO,0.34048733
ZINC_250K_897,C[C@H]([NH2+]CC(=O)N(C)C)c1ccc(Cl)s1,0.34048733
ZINC_250K_884,COc1ccc([C@@](C)([NH3+])Cc2[nH+]ccn2C)cc1,0.34048733
ZINC_250K_9789,CCC[C@@H](C)[C@H]1[NH+]=C2C[C@H](C)CCN2C1=[NH2+],0.34048733
ZINC_250K_9165,COc1ccc(S(=O)(=O)N[C@H](C)c2ccc(C(C)C)cc2)cc1,0.34048727
ZINC_250K_3827,CC[C@@H](c1ccccc1)[S@@](=O)Cc1ccc(C(F)(F)F)cc1,0.34048724
ZINC_250K_6136,CC[NH2+]CCc1cn(C[C@H]2CCCO2)cn1,0.3404872
ZINC_250K_4453,CC(C)OCCS(=O)(=O)N[C@@H]1CCCCC[C@H]1[NH3+],0.3404872
ZINC_250K_1789,C=CC[NH+](CC(=O)[O-])[C@@H]1CCC[C@H](C(C)(C)C)CC1,0.34048718
ZINC_250K_513,Cc1nc(/C=N/Nc2ccc(Cl)nn2)c[nH]1,0.34048718
ZINC_250K_1863,C[C@@H]1CSC(SCc2nc(-c3cccs3)n[nH]2)=N1,0.34048715
ZINC_250K_5582,CC(C)C[C@H]1NC(=O)N(CN2CC[NH+](C3CCC(C(C)C)CC3)CC2)C1=O,0.34048715
ZINC_250K_7013,COC(=O)C[C@H](C)NC(=O)OCc1ccccc1,0.34048712
ZINC_250K_6334,Cc1nc2n(n1)[C@@H](c1ccccc1)C[C@H](C)N2,0.34048712
ZINC_250K_10330,CC(C)S(=O)(=O)/C(C#N)=C/Nc1cccnc1,0.34048706
ZINC_250K_1899,CC[C@](C)(NC(=O)[C@](C)(N)c1ccccc1)C(=O)[O-],0.34048703
ZINC_250K_1641,C[C@@H](c1cccc(-c2ccc(C3(O)CC[NH2+]CC3)cc2)c1)[NH+]1CCCC1,0.34048703
ZINC_250K_2280,C[NH+](CC(=O)NC(C)(C)C)C1CCC2(CC1)OCCO2,0.340487
ZINC_250K_6420,CC[NH+](CCc1ccccc1)CN1C(=O)C[C@@H]1c1ccccc1,0.34048694
ZINC_250K_7423,CC[C@@](C)(CO)NC(=O)c1csc(I)c1,0.34048688
ZINC_250K_522,CC(C)c1ccc2oc(-c3ccc(C[NH3+])cc3)nc2c1,0.3404868
ZINC_250K_10299,CCCOc1ccc(C(=O)CCC(F)(F)F)cc1,0.34048676
ZINC_250K_9972,C[C@@H]1CC[C@H](C)[C@H](C(=O)OCC(=O)c2ccc(Br)cc2)C1,0.3404867
ZINC_250K_10039,CC(C)OC(=O)N1CCC[C@@H]1[C@@H]1CCCCC1=O,0.3404867
ZINC_250K_5486,Fc1ccccc1C1(C[C@H]2CCCO2)C[NH2+]C1,0.34048668
ZINC_250K_4052,CCC(CC)(NC(=O)c1ccc(C)s1)C(=O)[O-],0.34048662
ZINC_250K_1460,CC(C)[C@@H](NC[C@H](O)c1ccc(F)cc1)c1cccnc1,0.3404866
ZINC_250K_912,Clc1ccc(CNc2ncccc2Cl)cn1,0.3404865
ZINC_250K_8145,O=C([O-])C1(Cc2cc(F)cc(Br)c2)CCCCCC1,0.34048644
ZINC_250K_1390,C[NH2+][C@H](Cc1c(F)cccc1Cl)c1cscc1Br,0.34048635
ZINC_250K_3772,CCS(=O)(=O)CC[C@@H](CCl)c1cccc(Br)c1,0.3404863
ZINC_250K_8916,Cc1cc(Cl)cc(Cl)c1OCCC[NH+]1C[C@@H](C)O[C@H](C)C1,0.34048623
ZINC_250K_4802,C[C@@H](O)c1cc(F)ccc1N(C)C[C@@H]1CCC[NH+]1C,0.3404862
ZINC_250K_8720,C[C@H](Cc1cccs1)[NH2+][C@H]1CCC[C@@H]1[C@@H]1CCC[NH2+]1,0.34048617
ZINC_250K_4949,C=CCn1c(C)nn(C[NH+]2CCC(OCC)CC2)c1=S,0.34048617
ZINC_250K_6405,Cc1ccsc1CNC(=O)C[NH2+]C1CC1,0.34048617
ZINC_250K_1357,Cc1ccc(-[n+]2cc(-c3ccc(Br)cc3)n3c2CCC3)cc1,0.34048593
ZINC_250K_6256,Cc1cc([C@]2(O)CS[C@H](C)C2)ccc1F,0.3404859
ZINC_250K_5965,CC[C@H]1CCCC[C@H]1[NH2+]Cc1ccc([N+](=O)[O-])cc1,0.34048584
ZINC_250K_10307,Cc1cccc(C)c1C[NH2+][C@@H](C)CN1CC[NH+](C)CC1,0.3404858
ZINC_250K_3798,CC[C@@H](Cc1ccccc1)[NH2+]C[C@@H](O)c1c(F)cccc1F,0.34048578
ZINC_250K_3838,CN(C(=O)N[C@@](C)(C(=O)[O-])C(F)(F)F)c1ccc(F)cc1,0.34048575
ZINC_250K_4698,C#CCNCC(=O)N[C@@H](C)Cc1ccsc1,0.3404855
ZINC_250K_5285,Cc1ccc(/C=C(\C#N)S(=O)(=O)c2ccc(Br)cc2)s1,0.34048545
ZINC_250K_4821,COc1ccc([C@H](Nc2nnc(C)s2)c2ccc(F)cc2)cc1,0.3404854
ZINC_250K_9858,CS(=O)(=O)N1CCC[C@H](CC2(C[NH3+])CCCCCC2)C1,0.34048533
ZINC_250K_3825,CC[NH2+]CCc1c[nH]c2c(Cl)cccc12,0.34048533
ZINC_250K_7515,CO[C@H]1CCC[C@@H](OC(=O)[C@@H]2CCCN2C(=O)C(C)C)C1,0.34048524
ZINC_250K_4895,CC(C)CCC(=O)NNC(=O)NC[C@H](C)c1ccsc1,0.34048522
ZINC_250K_3849,C/C=N/NC(=O)COc1ccccc1C,0.34048516
ZINC_250K_8069,Cc1ccc(-c2nc3sc(CC(C)C)nn3c2C)cc1C,0.34048513
ZINC_250K_2047,CC[C@@H](Nc1cc(Cl)nc(C)n1)c1noc(C)n1,0.3404851
ZINC_250K_3667,CC[C@H](C)CN(CC)[C@@H](C[NH3+])c1ccccc1F,0.34048507
ZINC_250K_8010,COC[C@](C)(CCO)[NH2+]Cc1ncccc1C,0.34048507
ZINC_250K_7681,COc1ccc(Br)cc1CSc1cc(N)ccc1Cl,0.34048507
ZINC_250K_6356,CC(C)n1ncnc1C[C@@H](O)c1ccc(Cl)cn1,0.340485
ZINC_250K_4942,CC(C)[C@@H](CO)NC(=O)c1ccccc1C(F)(F)F,0.34048477
ZINC_250K_1042,CCC1(CO)CC[NH+](Cc2cc(OC)c(O)cc2Br)CC1,0.34048474
ZINC_250K_2142,Cc1ccc([C@@]23CCC(=O)N2CCC[NH2+]3)cc1,0.3404847
ZINC_250K_6507,O=C(Oc1ccc(-n2cnnn2)cc1)c1ccsc1,0.3404847
ZINC_250K_9958,CC1(C)OC(=O)C(C/C=C/c2ccco2)C(=O)O1,0.34048465
ZINC_250K_8553,Cc1ccc(CNS(=O)(=O)c2ccc(C)cc2C)cc1,0.34048462
ZINC_250K_8027,COCc1nc(C)cc(N(C)[C@@H]2C[C@@](C)(OC)C2(C)C)n1,0.3404846
ZINC_250K_919,CCC[C@H](C)NC(=O)C[NH2+]Cc1cscc1C,0.34048453
ZINC_250K_392,Cc1nnc(SCC(=O)c2cc(C)n(CC(F)(F)F)c2C)s1,0.34048453
ZINC_250K_2196,C[C@@H](NC(=O)N[C@H](C)c1ccc(-c2ccccc2)cc1)c1ccncc1,0.34048447
ZINC_250K_4159,CCn1nnc2c(N(Cc3ccccc3)Cc3ccccc3)ncnc21,0.34048444
ZINC_250K_6731,C[C@H]([NH3+])c1ccnc(O[C@H]2CCCC[C@H]2C)c1,0.3404844
ZINC_250K_8004,Cc1ccc(CN(C)C(=O)c2cc(Br)c[nH]2)o1,0.34048438
ZINC_250K_6882,CC1=C(n2nnc3ccccc32)[C@@H](c2ccccc2)C(C#N)=C(N)O1,0.34048435
ZINC_250K_2275,CCC(CC)[C@@H](O)[C@H]1CCc2ccccc2C1,0.34048432
ZINC_250K_1482,O=S(=O)(C1CC1)N1CCC([NH2+]Cc2ccncc2)CC1,0.34048396
ZINC_250K_10234,CCCOc1ccc([C@H]([NH3+])CC(=O)[O-])cc1,0.3404839
ZINC_250K_9388,c1ccc2c(c1)OC[C@@H]2NC[C@@H]1CSc2ccccc21,0.3404839
ZINC_250K_2713,c1ccc(COCCc2ncnc3sccc23)cc1,0.3404838
ZINC_250K_349,O=S(=O)(/N=C(\[O-])c1ccsc1)N1CCCC1,0.3404838
ZINC_250K_9888,CCS[C@H]1CCCC[C@@H]1NC(=O)N1CCC[C@@H]1CO,0.3404837
ZINC_250K_9548,O=C(NOCc1ccccc1)c1ccc([O-])nn1,0.3404837
ZINC_250K_723,O=c1[nH]nc([O-])n1/N=C/c1ccco1,0.34048367
ZINC_250K_5544,CC1(C)SSC(=O)[C@@H]1NC(=O)c1ccccc1,0.3404836
ZINC_250K_2550,CC(C)[C@H](CNC(=O)N[C@H]1C[C@@H]1C)N1CC[NH+](C)CC1,0.34048358
ZINC_250K_763,c1ccc(COC2CC[NH+](Cc3cccnc3)CC2)cc1,0.34048352
ZINC_250K_3733,CS(=O)(=O)N1C[C@H](C(N)=O)Oc2ccccc21,0.34048343
ZINC_250K_1173,Cc1cc(CCl)cnc1N(C)c1ccccc1,0.3404834
ZINC_250K_6053,C[C@@H]1CN(Cc2ccc(C3CC3)cc2)[C@H](C)C[NH2+]1,0.34048337
ZINC_250K_9900,O=C1c2ccccc2C(=O)N1Cc1nc(-c2ccccc2)cs1,0.34048328
ZINC_250K_2722,NC(=O)CCSCCOc1ccc(Cl)cc1,0.34048328
ZINC_250K_7554,O=C([O-])c1cc(/C=C/c2cccc3ccccc23)ncn1,0.34048328
ZINC_250K_4958,C[C@H]1C[C@H]([NH2+]Cc2ccccn2)CS1,0.34048325
ZINC_250K_9327,CCNS(=O)(=O)c1cc(C(N)=O)sc1C,0.34048325
ZINC_250K_9952,CC(C)(C)C(=O)Nc1ccc(C(=O)Nc2ccc([N+](=O)[O-])cc2)cc1,0.34048325
ZINC_250K_7096,CC[NH2+][C@H](C)c1cccc(OCc2cccc(C)n2)c1,0.34048325
ZINC_250K_1006,CC1(C)CCCC[C@H]1[NH2+]Cc1c[nH]cn1,0.3404832
ZINC_250K_9386,CC[NH+](CC)C[C@@H](C)NC(=O)[C@H]1CC[C@@H]2CCCC[C@@H]2[NH2+]1,0.3404832
ZINC_250K_72,C[C@H](Cc1cccs1)N(C)C[C@@H]1CCCC[C@@H]1[NH3+],0.34048313
ZINC_250K_391,C[NH2+][C@]1(C(=O)[O-])CCC[C@@H](OCC2CCCCC2)C1,0.3404831
ZINC_250K_8755,Cc1ccc(N)c(Oc2cccc(N(C)C)c2)c1,0.34048307
ZINC_250K_5531,[NH3+][C@@H](Cc1ccc(F)c(F)c1)c1ccc2c(c1)COC2,0.34048307
ZINC_250K_9905,Cc1ccc(/N=C2/C=C([O-])[C@@H](NO)c3ccccc32)cc1,0.340483
ZINC_250K_3206,CCNS(=O)(=O)c1ccc(Cl)c(N)c1,0.340483
ZINC_250K_5537,N#Cc1ccc(OC(=O)C[C@@H]2C=CCC2)cc1,0.34048295
ZINC_250K_3199,O=C(N/N=C\c1ccoc1)c1ccccc1[N+](=O)[O-],0.34048295
ZINC_250K_7845,Fc1ccc(SCc2ccc(Cl)nc2)cc1F,0.34048295
ZINC_250K_4050,Cc1ccc2[nH]c3c(=O)[nH]ncc3c2c1,0.34048286
ZINC_250K_7393,COC[C@]1(C)CC(=O)NC(=O)[C@H]1CC(C)C,0.34048286
ZINC_250K_8478,O=C(C1CCN(c2cnccn2)CC1)N1CCC[C@H]2CCCC[C@H]21,0.34048283
ZINC_250K_7474,Cn1c(=O)c2nc(C[NH+]3CCC[C@H]3CC(C)(C)C)[nH]c2n(C)c1=O,0.3404828
ZINC_250K_4092,C[C@@H]([NH3+])Cc1cccc(Br)c1OCc1cccc(O)c1,0.3404827
ZINC_250K_7260,Cc1nn(C)c(C)c1OS(=O)(=O)c1cccc(Br)c1,0.34048268
ZINC_250K_5453,C[C@@H]1CCC[NH+](CCNC(=O)N(C)C2CCCCC2)C1,0.34048268
ZINC_250K_9894,Cc1cc(F)c(C(=O)c2cccc(C)c2N)cc1F,0.34048262
ZINC_250K_9655,CC[C@H]([NH2+][C@@H]1CCCC1(C)C)c1ccc(C)cc1,0.3404825
ZINC_250K_8075,CS[C@H]1CC[C@@H](NC(=O)[C@@H]2C[C@H]3CC[C@@H]2N3C(=O)OC(C)(C)C)C1,0.34048223
ZINC_250K_97,O=C1NC(=S)NC(=O)C1=CNc1ccc([N+](=O)[O-])cc1O,0.34048218
ZINC_250K_3451,O=C(Nc1ccc2c(c1)OCCO2)c1ccco1,0.34048218
ZINC_250K_6756,C[C@H](NS(=O)(=O)/C=C/c1ccccc1)c1ccc(C(F)(F)F)cc1,0.34048212
ZINC_250K_5404,CCC1(C(=O)NC2CCC(O)CC2)CCCC1,0.34048212
ZINC_250K_8373,Cc1cccc(C)c1NC(=O)C(=O)NCc1ccccc1,0.34048212
ZINC_250K_1551,C[C@@H](O)C[C@H]1CCC[NH+]1Cc1ccc(N(C)C)cc1,0.34048203
ZINC_250K_8980,O=C([O-])CC1(NC(=O)C2(c3ccccc3)CC2)CCC1,0.34048197
ZINC_250K_3508,CC[NH+]1CCC[C@@H]1CNC(=O)N1CCC[C@H]([NH+](C)C)C1,0.3404818
ZINC_250K_565,CC(C)C[C@@H](C[NH3+])c1nc(C2CCOCC2)no1,0.3404818
ZINC_250K_6066,Cc1csc2[nH+]c(CN(C)[C@H](C)C(C)(C)C)cc(=O)n12,0.3404818
ZINC_250K_7875,O=C([O-])[C@H]1CCC[NH+](C2CC[NH+](Cc3ccccc3)CC2)C1,0.34048176
ZINC_250K_9112,C[C@@H]1C[NH+](Cc2c(C[NH3+])oc3ccccc23)C[C@H]1C,0.34048173
ZINC_250K_1981,N=C1N=C(c2ccccc2)/C(=N/Nc2ccc(F)cc2)S1,0.34048173
ZINC_250K_5383,CC(C)Nc1nnc(SCc2cc(-c3cccs3)on2)s1,0.34048164
ZINC_250K_1894,COc1cc(S(=O)(=O)CCC(C)C)cc(C(=O)[O-])c1OC,0.34048158
ZINC_250K_5921,O=C(CCc1ccccc1)NNC(=S)NC(=O)C1CC1,0.34048158
ZINC_250K_1131,CC(C)[C@@H]1C(=O)NCC[NH+]1Cc1cc(F)cc(F)c1,0.34048152
ZINC_250K_6007,CCOC(=O)C[NH2+][C@@H]1CCOC2(CCC2)C1,0.34048146
ZINC_250K_286,O=C1N=C(N2CCCCC2)S/C1=C1/C(=O)Nc2ccccc21,0.34048146
ZINC_250K_3677,CNC(=O)CN(C)c1cc(C[NH3+])ccn1,0.34048116
ZINC_250K_7983,CCCN[C@H](C#N)CCn1ccnc1C#N,0.34048116
ZINC_250K_1152,Cc1ccc([N+](=O)[O-])c(C)c1OCC(N)=O,0.34048113
ZINC_250K_3449,CCc1ccsc1C(=O)N(C)CCN(C)C(=O)OC(C)(C)C,0.34048113
ZINC_250K_7264,CC[NH+](Cc1cc(N)ccc1OC)CC(C)(C)O,0.3404811
ZINC_250K_4245,O=C(CSCc1ccccc1)N(Cc1ccsc1)C1CC1,0.340481
ZINC_250K_6028,CCN(Cc1ccccn1)Cc1cc2ccccc2s1,0.34048095
ZINC_250K_2779,COC[C@@H](C)NC(=O)N[C@@H](C(N)=O)c1ccccc1,0.3404809
ZINC_250K_10010,CC[C@]1(C(=O)[O-])CCC[NH+]([C@@H]2CCC[C@H](S(C)(=O)=O)C2)C1,0.34048086
ZINC_250K_2421,CCn1c(-c2ccc(OC)cc2)ccc1[C@@H](O)C(F)(F)F,0.3404808
ZINC_250K_2649,Oc1ccc(C[NH2+][C@H]2CCCC[C@@H]2C(F)(F)F)cc1Br,0.34048074
ZINC_250K_9597,CCN(CC)c1ncnc(OC2CCCCC2)c1N,0.34048074
ZINC_250K_2492,CC[C@H](O)c1nc2ccccc2n1CC(C)C,0.34048074
ZINC_250K_5291,CC[NH2+][C@H]1CCN([C@@H](C)c2ccc(C)cc2)[C@H](C)[C@@H]1C,0.3404806
ZINC_250K_9637,Cc1ccc(C)n1[C@H](C)C(=O)NC[C@H](C)c1ccccc1,0.34048057
ZINC_250K_8813,O=S(=O)([O-])c1ccc(Cl)c2cccnc12,0.34048057
ZINC_250K_2061,COc1cc(C=O)ccc1OC(=O)c1ccc(F)cc1,0.34048057
ZINC_250K_750,COCc1ccc(C[NH+](C)Cc2ccccc2O)o1,0.34048048
ZINC_250K_9665,COC(=O)[C@@H](CC(C)C)NC(=O)[C@H]1CC[C@H](C[NH3+])O1,0.34048045
ZINC_250K_5062,Cc1cc(C)c(NC(=O)N[C@H]2CCCS(=O)(=O)C2)c(C)c1,0.34048042
ZINC_250K_9232,COc1cccc(C[NH+](C)CC2CCC(C[NH3+])CC2)c1,0.34048036
ZINC_250K_4764,CCOC[C@@H](C)NC(=O)c1n[nH]c(C(C)C)n1,0.34048036
ZINC_250K_1995,CSCC(=O)NNC(=O)c1c(O)cc(Cl)cc1Cl,0.34048036
ZINC_250K_8860,CC[NH+](CCc1nccs1)C[C@@H]1C[C@@H]1c1ccccc1,0.3404803
ZINC_250K_6062,C[C@@H](C[NH2+]Cc1cn(C)nc1C(C)(C)C)Sc1ccccc1,0.3404803
ZINC_250K_10118,CCOc1ccc2nc(SC(C)C)[nH]c2c1,0.34048015
ZINC_250K_4720,Cc1ccc(C)c(OCCSC[C@H](O)CO)c1,0.34048012
ZINC_250K_63,CCn1c(CC2CC[NH2+]CC2)nn(CCO)c1=O,0.34048006
ZINC_250K_235,Cc1cc(C)c(NC(=O)c2cc3ccccc3n2C)c(C)c1,0.34048003
ZINC_250K_5908,C[C@@](O)(CN[C@H](Cc1ccncc1)C(F)(F)F)c1ccc(F)cc1,0.34048
ZINC_250K_3719,CC(C)[NH+](C)CCNCc1cnc(-c2cccs2)s1,0.34047997
ZINC_250K_10070,CCN(CC)C(=O)CN(C)S(=O)(=O)c1ccc(C#N)cc1,0.34047997
ZINC_250K_10449,Cc1cc(C)n2c(C[NH+]3CCC[C@H](C)CC3)cnc2n1,0.34047997
ZINC_250K_8597,CN(C(=O)OC(C)(C)C)c1cc(Br)ccn1,0.3404799
ZINC_250K_8632,CN(C(=O)CC(=O)[O-])C1CCC(C)(C)CC1,0.3404799
ZINC_250K_6661,COCC[C@](C)(O)[C@]1(C[NH3+])CCc2ccccc21,0.3404799
ZINC_250K_948,CC(=O)O[C@H]1CC[C@H]2[C@H]3C[C@H](OC(C)=O)[C@]45C[C@H]4CC[C@]5(C)[C@@H]3CC[C@]12C,0.34047985
ZINC_250K_2328,CCC1=NN(c2cc(F)c(F)c(F)c2)C(=O)C1,0.34047982
ZINC_250K_8884,C[C@H]1OCC[C@H]1C(=O)N(C)[C@@H](C)CS(C)(=O)=O,0.3404797
ZINC_250K_5600,COc1ccc(F)c(N[C@H](C)C[NH3+])c1,0.34047958
ZINC_250K_4458,Cc1ccc(SC(=O)[C@@H](C)Oc2ccc(F)cc2)cc1,0.34047955
ZINC_250K_4944,O=C(Nc1ccc(F)c(F)c1F)c1ccccc1F,0.34047955
ZINC_250K_1710,CC(C)[C@@H]1C(=O)NC(=O)C[C@H]1c1cc(Cl)cc(Cl)c1,0.34047955
ZINC_250K_4017,COc1ccccc1S[C@@H](C#N)Cc1ccc(C)cc1,0.34047952
ZINC_250K_9256,NC(=O)c1cccc(CC[NH2+]C2C3CC4CC(C3)CC2C4)c1,0.34047937
ZINC_250K_6490,Cc1nn(C)c2c(N3CCOCC3)nc(C3CC3)nc12,0.34047937
ZINC_250K_2910,CC(C)Cn1nnnc1SCc1cc(=O)n2ccsc2n1,0.34047937
ZINC_250K_6434,CNC(=O)NC(=O)Nc1cc(C)ccc1Cl,0.34047934
ZINC_250K_9700,C[C@@H]1CCC/C(=N\NC(=S)Nc2ccccc2)C1,0.34047922
ZINC_250K_5508,CNC(=S)NCCC1=c2cc(Cl)ccc2=[NH+][C@H]1C,0.34047908
ZINC_250K_6697,CSc1nn(CN(C)C[C@H](C)c2ccccc2)c(=S)s1,0.34047908
ZINC_250K_44,CC(=O)c1c(O)cccc1COc1ccccc1,0.34047905
ZINC_250K_3728,C[C@@H]([NH2+]CC1(CCO)CCCCC1)c1cccnc1,0.340479
ZINC_250K_5870,CC(C)Cn1c[nH+]cc1CNC(=O)[C@H](C)n1cc[nH+]c1C(C)C,0.34047887
ZINC_250K_7421,C[C@@H]1C[NH+]=C(N2CCN([C@H](C)c3ncc(C(C)(C)C)o3)CC2)S1,0.34047887
ZINC_250K_7128,CCc1c(Br)c(N)c(Br)c2nc(-c3cccnc3)oc12,0.34047875
ZINC_250K_3529,CC(=O)c1cccc(O[C@@H](C)C(=O)Nc2c(C(C)C)cccc2C(C)C)c1,0.34047875
ZINC_250K_10157,Fc1cc(F)c(F)c(CN[C@H]2CCc3sc(Cl)cc32)c1F,0.34047872
ZINC_250K_3172,CC(C)(C)[NH2+]Cc1cccc(Oc2ncccn2)c1,0.3404787
ZINC_250K_8474,CNC(=O)C[C@H](C)C(=O)c1cccc(F)c1,0.3404787
ZINC_250K_572,C=C[C@@H](C)NC(=O)c1c(C)cc(C)c([N+](=O)[O-])c1C,0.34047866
ZINC_250K_4186,Cc1ccc(OC(=O)c2cc(C)nn2C(C)(C)C)cc1,0.34047863
ZINC_250K_4497,COc1ccc(N[C@@]2(C#N)CS[C@@H](C)C2)cc1,0.3404786
ZINC_250K_548,Cc1nc(C[C@@H](N)[C@]2([NH+](C)C)CCC[C@H](C)C2)cs1,0.34047854
ZINC_250K_8332,COC(=O)CN(C(=O)[C@@H]1CC[C@@H](C[NH3+])O1)C(C)C,0.34047854
ZINC_250K_8221,COCc1cc(C(=O)[O-])ccc1F,0.3404785
ZINC_250K_458,Cc1cccc([C@@H](C)[NH2+]CCS(=O)(=O)C(C)(C)C)c1C,0.34047848
ZINC_250K_8036,C[C@@H]1C[C@@](O)(Cc2ccc(OC(F)(F)F)cc2)CS1,0.34047842
ZINC_250K_5804,Cc1sc(NC(=O)c2cc(Br)cs2)c(C#N)c1C,0.3404784
ZINC_250K_6702,CCC[NH2+][C@H]1[C@H](Sc2nnc(C)s2)CCCC1(C)C,0.34047833
ZINC_250K_4085,O=C(C[NH+]1CCC(CO)CC1)NCc1cc(Br)cs1,0.3404783
ZINC_250K_8650,CC[NH2+][C@H](c1ccsc1)[C@@]1(N(C)C)CCC[C@H](C)C1,0.3404782
ZINC_250K_10004,CC(C)[NH2+]CCOC(=O)c1ccc([N+](=O)[O-])cc1,0.3404782
ZINC_250K_8931,O=C1CCC[C@@H]([NH+](CCO)Cc2ccccc2)C1,0.3404781
ZINC_250K_5994,CC(C)(C)C(=O)NNC(=O)CSCc1ccc(Cl)cc1,0.3404781
ZINC_250K_5082,C[C@H]1C(=O)CC[NH+](CCc2ccccn2)[C@H]1C,0.3404779
ZINC_250K_1628,CCc1nncn1CC[NH2+][C@H](C)Cn1c[nH+]c(C)c1C,0.3404779
ZINC_250K_5520,CC(C)[C@H]1C[NH+](Cc2ncc(-c3cccs3)o2)CCS1,0.34047788
ZINC_250K_3341,Cc1cccc(CN(C)c2ccc(Cl)c(CCl)n2)n1,0.34047782
ZINC_250K_8377,CCS(=O)(=O)C[C@@H](C)[NH2+][C@@H](C)c1cccc(-c2ccncc2)c1,0.34047782
ZINC_250K_9500,[NH3+][C@@H](Cc1ccc(F)c(Br)c1)c1ccc(Cl)cn1,0.34047782
ZINC_250K_6766,[NH3+]CCOCC(=O)Nc1ccc2c(c1)OCCO2,0.34047776
ZINC_250K_89,CCCCOc1ccccc1C[C@@H]([NH3+])C(=O)[O-],0.34047765
ZINC_250K_9244,C[NH+]1CCO[C@H]([C@H](N)Cc2ccnc(N)c2)C1,0.34047762
ZINC_250K_8192,Cc1ccc(C(=O)[C@@H](C#N)c2nc(C(C)C)cs2)cc1C,0.34047762
ZINC_250K_8112,O=[N+]([O-])c1cnc(Oc2ccc3nccnc3c2)c(Br)c1,0.3404776
ZINC_250K_8404,CC[NH2+][C@@H]1CCCN(CC2(CC(C)C)CCCC2)C1=O,0.3404776
ZINC_250K_4832,CN(Cc1ccsc1)C(=O)CSc1ccccc1N,0.3404775
ZINC_250K_1199,Cc1ccsc1[C@@H](C)[NH2+]CC1CCC(C(N)=O)CC1,0.34047744
ZINC_250K_10275,Cc1ccc(C(=O)[C@@H]2COC(=O)C2)cc1,0.3404774
ZINC_250K_1119,CC(C)(C)c1ccc(C(=O)N/N=C/c2ccc3c(c2)OCO3)cc1,0.34047738
ZINC_250K_4601,CC(C)N(CC#N)C(=O)CC12CC3CC(CC(C3)C1)C2,0.34047726
ZINC_250K_2136,CC1CCN(c2ccc([C@@H](C)[NH3+])cc2F)CC1,0.34047726
ZINC_250K_5966,Nc1ccc(Cl)cc1S[C@H]1CS(=O)(=O)C[C@@H]1O,0.3404772
ZINC_250K_1616,O=Cc1ccccc1OCCSc1ccc(Cl)cc1,0.34047714
ZINC_250K_10194,CN(C)c1cccc([C@H]2CCC[NH+]2CCCCCO)c1,0.3404771
ZINC_250K_5534,CC(C)[C@]1(C[C@@H]2Cc3ccccc32)CCCCC[NH2+]1,0.34047705
ZINC_250K_2297,Nc1nc(-c2cccc(F)c2)c(Br)s1,0.34047702
ZINC_250K_6536,CC[NH+](CC)C(C)(C)[C@@H](O)c1cc(F)ccc1F,0.340477
ZINC_250K_8467,CC[C@H]1CN(C(=O)c2cscc2C)[C@H](CC)C[NH2+]1,0.340477
ZINC_250K_7878,CCOc1nc(O)c(C#N)c(-c2ccccc2)c1C#N,0.340477
ZINC_250K_3209,C[C@@H](OC(=O)c1cnc(-c2ccccc2)nc1)c1nccs1,0.340477
ZINC_250K_4236,COc1ccc(Br)cc1S(=O)(=O)N[C@@H](C)C(C)C,0.34047693
ZINC_250K_2660,C[C@H](CCCO)NC(=O)C[C@H]1CCS(=O)(=O)C1,0.34047693
ZINC_250K_5157,CCN[C@@]1(C(=O)OC)CC[C@H]([NH+]2CCC(C)(CC)CC2)C1,0.34047693
ZINC_250K_6573,Cc1cc(-c2ccccc2)nc2c1C1=NC=NC(=O)[C@H]1O2,0.34047687
ZINC_250K_6611,Cc1nn(CC(=O)c2cccn2C)c(C)c1[N+](=O)[O-],0.34047684
ZINC_250K_8047,CC1(C)[C@@H]2CC[C@@]1(C)[C@H]([NH2+]Cc1ccccc1O)C2,0.3404768
ZINC_250K_9428,O=c1ccc([N+](=O)[O-])cn1Cc1c(Cl)cccc1Cl,0.34047675
ZINC_250K_8328,Cc1cccc(C)c1NC(=O)N(C)CC[C@@H](C)O,0.34047675
ZINC_250K_9255,C[NH2+][C@@H]1CC[C@@H](n2ccnc2-c2cccs2)C1,0.34047675
ZINC_250K_7344,c1ccc(OCC[NH+]2CCN(c3ccccc3)CC2)cc1,0.34047675
ZINC_250K_3923,CC[S@](=O)[C@@H]1CCC[C@H](NC(=O)NNC(=O)C(C)(C)C)C1,0.34047672
ZINC_250K_3922,CCC[C@@](C)([NH3+])c1nc2nc(OCC)ccc2[nH]1,0.3404767
ZINC_250K_9675,Cc1ncc(S(C)(=O)=O)c(N2C[C@H]3CC=CC[C@H]3C2)n1,0.3404767
ZINC_250K_2758,COc1cc(OC)cc(OCCN[C@@H]2C[C@H](C)[NH+](C)C[C@H]2C)c1,0.34047666
ZINC_250K_10345,O=C([O-])[C@@H]1C=C[C@H](NC(=O)[C@@H]2Cc3ccccc3O2)C1,0.34047666
ZINC_250K_322,C[C@H](CN(C)C(=O)c1ccc(F)c(F)c1F)C(=O)[O-],0.3404766
ZINC_250K_6057,CC(C)OC(=O)COC(=O)c1nc(Cl)c(Cl)c(N)c1Cl,0.3404766
ZINC_250K_6949,C=C(C)C[C@@H]([NH2+]CC)c1ccc(F)c(C)c1,0.3404766
ZINC_250K_83,CC[C@@H](C)CNc1nc2ccc(Cl)cc2s1,0.34047654
ZINC_250K_3848,CCc1nnc(C2(c3ccc(Cl)cc3)CCOCC2)o1,0.34047642
ZINC_250K_10334,C[C@H](c1ccc(Cl)c(Cl)c1)N1CCCC2(C1)OCCO2,0.34047642
ZINC_250K_585,Cc1cnc2nc(C[C@H](O)C(F)(F)F)[nH]c2c1,0.3404764
ZINC_250K_7830,O=C(C[NH+]1CCCCC1)N/N=C\c1cccc2c1OCCO2,0.34047633
ZINC_250K_10022,C#CCN(CC#C)Cc1cc2ccccc2nc1OC,0.34047627
ZINC_250K_6689,CC[C@@H](C)NC(=O)[C@@H](C)NC(=O)C#Cc1ccccc1,0.3404762
ZINC_250K_206,C/C=C/C[C@]1(C(=O)[O-])CCN(C(=O)OC(C)(C)C)C1,0.34047619
ZINC_250K_460,Cc1cc(NN)c2cccc(OC(F)(F)F)c2[nH+]1,0.34047616
ZINC_250K_6948,C[C@H](Sc1ccc(S(C)(=O)=O)cc1)c1ccc(C(=O)[O-])o1,0.34047616
ZINC_250K_3871,C[NH+](C)C[C@H]1CSCCCN1C(=O)C1CCN(S(C)(=O)=O)CC1,0.34047616
ZINC_250K_5954,CCc1ccsc1C[NH2+][C@H](C)c1ccc2c(c1)CCO2,0.34047613
ZINC_250K_2943,CC[NH2+][C@H](Cc1ncnn1C)C1([NH+]2CCCC2)CCCC1,0.3404761
ZINC_250K_4365,CCC(CC)(NC(=O)N[C@H]1CCCNC1=O)C(=O)[O-],0.34047607
ZINC_250K_8283,COCCOC[C@H]1CC[NH+](Cc2cc(F)cc(F)c2)C1,0.3404759
ZINC_250K_8937,CCOC(=O)/C=C(\C)NC(=O)c1ccccc1,0.34047583
ZINC_250K_3334,CCNc1ccc(S(N)(=O)=O)c(N)c1,0.3404758
ZINC_250K_317,CC[C@H](C)Sc1nncn1-c1ccccc1C,0.3404758
ZINC_250K_8604,CO[C@@H](C(=O)N/N=C(\C)c1ccc(O)cc1)c1ccccc1,0.34047577
ZINC_250K_5112,C[C@@H]([NH2+]CCc1cccc(C(N)=O)c1)C(C)(C)C,0.34047577
ZINC_250K_7299,CCCC1(CNC(=O)C2C[C@@H](C)O[C@@H](C)C2)CC1,0.34047574
ZINC_250K_6105,N#Cc1ccc2ncc(C[NH+]3CCC[C@]4(CC=CCC4)C3)n2c1,0.34047574
ZINC_250K_2320,CC(=O)NCCOc1ccc(C)c(C)c1,0.3404757
ZINC_250K_9198,C[NH+](C)CCn1c([S-])nc2ccccc2c1=O,0.34047568
ZINC_250K_8108,Cc1cc(F)ccc1S(=O)(=O)N(C)c1c(C)noc1C,0.34047565
ZINC_250K_9016,O=C(Oc1ccc2nccnc2c1)c1sccc1Br,0.34047565
ZINC_250K_4230,Cc1nc2n(n1)CCC[C@H]2[NH2+][C@@H](C)CCCC(C)C,0.34047562
ZINC_250K_9992,CC(C)[C@@H]1C[NH+](CC(=O)NC2CCCCC2)CCS1,0.34047562
ZINC_250K_3550,CCCNC(=O)NC(C)(C)c1ncc(C)s1,0.34047556
ZINC_250K_9671,O=C([O-])CC/C(=N\NC(=O)c1ccccc1Br)c1ccccc1,0.34047556
ZINC_250K_2726,Nc1c(C(=O)N2CC[NH2+]CC2)sc2cccc(F)c12,0.34047553
ZINC_250K_8442,COc1ccc(C[NH+](C)CC(N)=O)c(OC)c1,0.34047544
ZINC_250K_2855,C[C@@]1(CO)c2ccccc2O[C@H]1n1nnc2ccccc21,0.34047544
ZINC_250K_1331,O=Cc1ccc(-c2cc(C(F)(F)F)cc(Cl)n2)cc1,0.34047538
ZINC_250K_8894,CC(C)OC(=O)N1CCC(NC(=O)N2CCC[C@H](C)[C@H]2C)CC1,0.34047535
ZINC_250K_1882,C[C@H](NCc1[nH+]ccn1C)c1cccc(Cl)c1,0.34047532
ZINC_250K_3752,c1cnc2c(O[C@H]3CCC[NH2+]C3)cccc2c1,0.34047523
ZINC_250K_760,CS[C@@H]1CC[C@H](NC(=O)/C=C(/C)c2ccccc2)C1,0.34047523
ZINC_250K_8322,c1ccc(NCc2n[nH]c(-c3cccnc3)n2)cc1,0.34047523
ZINC_250K_5637,Cc1cc(C)cc(N(CCC#N)C(=O)[C@@H](C)N(C)CC#N)c1,0.3404751
ZINC_250K_6413,Cc1ccsc1[C@H](Cc1ccccc1)NCc1cccc(N(C)C)[nH+]1,0.34047508
ZINC_250K_3795,CCN(CC)S(=O)(=O)c1cc(C(=O)/N=c2/sccn2C)n(C)c1,0.34047505
ZINC_250K_5851,O=C(CSc1nc2ccccc2s1)Nc1nc2ccccc2s1,0.34047487
ZINC_250K_8679,CC[C@@H]1CN(Cc2ncnn2CC)c2ccccc2C[NH2+]1,0.34047484
ZINC_250K_8350,Cc1oc2c(c1C(=O)NCCNC(=O)c1c(C)oc3c1CCCC3)CCCC2,0.34047484
ZINC_250K_6253,CC1CC[NH+](Cc2csc(CS(C)(=O)=O)n2)CC1,0.34047472
ZINC_250K_10380,Cc1ccc(N2NC(=O)/C(=C/c3ccc(F)cc3)C2=O)cc1C,0.34047472
ZINC_250K_8228,CC(=O)c1ccc(OC(=O)[C@@H]2C[C@@H]2c2ccc(F)cc2)cc1,0.34047467
ZINC_250K_6956,Cc1ccc(C(=O)N[C@H](C)c2ccco2)c(N)c1,0.34047467
ZINC_250K_6786,CC(C)N(C)C(=O)c1ccc2[nH]cnc2c1,0.3404746
ZINC_250K_4089,C[C@@H]1CC[C@@H](C(N)=O)CN1C(=O)c1nnn[n-]1,0.3404746
ZINC_250K_5355,Cc1ccn2nc(N[C@@H](C)c3ccc(C#N)cc3)nc2c1,0.3404746
ZINC_250K_9591,NC(=O)[C@@H](NC(=O)CCCc1ccccc1)c1ccccc1,0.34047455
ZINC_250K_375,Cc1cccc([C@H](O)C[C@@H]2CCCCC[NH2+]2)c1,0.3404745
ZINC_250K_9109,COc1ccc(C[C@@H](C)C[NH2+][C@H](C)c2cncc(F)c2)cc1,0.3404745
ZINC_250K_331,CC(C)(C)OC(=O)N1CC[C@H]2CC(=O)[C@H]2C1,0.3404745
ZINC_250K_1883,O=C(C1CCC1)N1CCC[C@@H](c2ccnc3nccn23)C1,0.34047446
ZINC_250K_347,CCc1ccc(-c2nc(N)ccc2[N+](=O)[O-])cc1,0.34047446
ZINC_250K_6052,Cc1noc(C)c1N(C)S(=O)(=O)c1ccc(C(F)(F)F)cc1,0.34047443
ZINC_250K_5762,COCCC1(C[NH2+][C@@H](C)c2scnc2C)CC1,0.3404744
ZINC_250K_2250,Cc1n[nH]cc1CNc1ccc(C(C)(C)C)cc1,0.3404742
ZINC_250K_10210,CC(=O)[C@@H](NC(=O)CSc1cc(Br)ccc1N)C(C)C,0.34047416
ZINC_250K_2374,CC[C@H](C)C[C@H](C)NC(=O)[C@@H]1CCC[NH2+][C@@H]1C,0.3404741
ZINC_250K_10097,CCCNC(=O)C[C@@H](C[NH3+])N1CC[NH+](C)[C@H](C)C1,0.3404741
ZINC_250K_712,[NH3+]CC1CCC(c2nc3ccc(Cl)cc3s2)CC1,0.34047407
ZINC_250K_5038,COc1ccc2c(c1)C[NH+](Cc1ccccc1)C2,0.34047407
ZINC_250K_8623,CC(C)CC(=O)N[C@@H](C(=O)N1CC[C@H](C)[C@H](O)C1)C(C)C,0.34047395
ZINC_250K_8713,C[C@H]([NH2+]Cc1cn(C)nc1C(F)(F)F)C1CCC1,0.3404739
ZINC_250K_4569,COc1cc(C)ccc1Oc1cncc(CO)n1,0.34047383
ZINC_250K_637,Cc1ccc(-c2cccc(F)c2C(=O)[O-])c(C)c1,0.34047383
ZINC_250K_710,CC(=O)Cc1nsc(N[C@@H](C)c2ccccc2)n1,0.34047377
ZINC_250K_4987,CCN(CCC#N)Cc1ccc(C(=O)NC)cc1,0.34047377
ZINC_250K_3282,C/[NH+]=C(/NC[C@@H]1CC[NH+](C2CC2)C1)N1C[C@H](C)C[C@@H](C)C1,0.34047377
ZINC_250K_5464,COc1ccc(Cc2nccs2)cc1C=O,0.34047377
ZINC_250K_7518,Fc1cccc(F)c1CNc1ccc(Cl)c(Br)c1,0.3404737
ZINC_250K_841,CC(C)CONc1ncnc2sc3c(c12)CCC3,0.34047368
ZINC_250K_10143,CCN(CC(C)C)S(=O)(=O)c1cc(N)ccc1Cl,0.34047365
ZINC_250K_3028,CCCCn1c(N)nc2cc(Br)cnc21,0.34047365
ZINC_250K_4286,Cc1ccc(O[C@@H](C)C(=O)NNC(=O)C(C)(C)C)c(Br)c1,0.34047362
ZINC_250K_6140,Fc1cc(F)c(N[C@H]2CCC[C@@H]2[C@@H]2CCCC[NH2+]2)cc1F,0.34047362
ZINC_250K_8163,COc1ccc(N2C(=O)c3cc4ccccc4cc3C2=O)cc1,0.3404736
ZINC_250K_3113,COC(=O)C(CC[C@]1(C)[C@H](O)C=CC[C@@H]1C)C(=O)OC,0.34047356
ZINC_250K_2265,CCN(CC)C(=O)CN1CCC([NH+]2CCCCC2)CC1,0.3404735
ZINC_250K_8400,CCN(C[C@@H]1CCCC(C)(C)[C@@H]1[NH3+])c1ccccc1C,0.34047347
ZINC_250K_10421,CCN(CC1CC1)c1cc2c(cc1Cl)C(=O)C(=O)N2,0.34047347
ZINC_250K_4927,CC1=NN(C(=S)Cc2ccccc2)[C@@](C)(O)C1,0.34047338
ZINC_250K_5608,CC(=O)N1CC[C@H](C(=O)N2CCN([C@@H](C)C(=O)N3CCCC3)CC2)C1,0.34047338
ZINC_250K_7164,O[C@H](Cc1cc(F)cc(Br)c1)c1cc2ccccc2o1,0.34047332
ZINC_250K_9279,CC[C@H]([NH2+][C@H](CCO)C1CC1)c1ccccc1Br,0.34047332
ZINC_250K_2303,O=C1[C@@H]2[C@H](C(=O)N1/N=C/c1cc(Br)c(O)c(Br)c1)[C@@H]1C=C[C@H]2CC1,0.3404733
ZINC_250K_8265,COc1cc(C(C)=O)ccc1OC(=O)c1cccc(N(C)C)c1,0.34047323
ZINC_250K_7032,O=C(NCC1CC1)C(=O)NC1=C[C@H]2N=CC=C2C=C1,0.34047323
ZINC_250K_708,CN(C)c1cccc(C(=O)OCC(=O)C(C)(C)C)c1,0.3404732
ZINC_250K_1494,Cc1ccoc1/C([O-])=N/S(=O)(=O)c1ccc(C(F)(F)F)cc1,0.3404732
ZINC_250K_9884,COCc1ccccc1[C@H](C[NH3+])N(C)C[C@H]1CCC[NH+]1C,0.34047318
ZINC_250K_744,N#Cc1csc(C(=O)N2CC[C@H]3CCCC[C@@H]32)c1,0.34047306
ZINC_250K_4722,O=[N+]([O-])c1ccc2c3c(sc2c1)S(=O)(=O)c1ccccc1-3,0.34047306
ZINC_250K_8107,Cc1nn(C)c2c1nc(N)n2-c1ccccc1F,0.340473
ZINC_250K_3103,COC(=O)c1cc(Br)ccc1NC(=O)c1ccc(Br)cc1,0.340473
ZINC_250K_924,O=C(COc1ccc(Br)cc1)NOCc1ccccc1,0.34047297
ZINC_250K_5843,COc1cccc(C(=O)N[C@@H](C)c2ccc(C)o2)n1,0.34047297
ZINC_250K_9326,CCNC(=O)NC(=O)[C@@H](C)Oc1ccccc1[C@@H](C)[NH2+]C,0.34047297
ZINC_250K_3412,Cc1sc(Br)cc1S(=O)(=O)NCC(C1CC1)C1CC1,0.34047297
ZINC_250K_5328,CC(=O)N1N=C(N)S[C@@]1(C)c1ccccc1,0.3404729
ZINC_250K_10212,C[C@]1(c2ccco2)NC(=O)N(CCOCCO)C1=O,0.3404729
ZINC_250K_2483,CCC[C@H](C)C(=O)N1CCC2(CC1)OC[C@H](C)O2,0.34047285
ZINC_250K_5204,COC(=O)N1CC[C@@H](NC2CC[NH+](C3CCCCC3)CC2)C1,0.34047285
ZINC_250K_864,CS(=O)(=O)N1CCC[C@@H](C[NH+]2CCC[C@H](CO)C2)C1,0.3404728
ZINC_250K_8759,CCC(CC)n1ncc(C[NH2+]C(C)C)c1C(F)(F)F,0.3404728
ZINC_250K_8161,CC[NH2+]Cc1ccc(OC(C)C)c([N+](=O)[O-])c1,0.3404728
ZINC_250K_995,ClCCc1nc2cccnc2n1CCn1cccn1,0.34047276
ZINC_250K_6987,Cc1cc(NC(=O)N[C@H](C)CCCO)n(C)n1,0.34047276
ZINC_250K_8104,COC(=O)c1ccc2c(c1)NC(=O)CO2,0.34047273
ZINC_250K_436,CCN[C@H](c1cccnc1)C1([NH+]2CCCCC2)CCCC1,0.3404727
ZINC_250K_3241,C[C@H]1[NH2+]CC[C@@H]1c1nncn1C1CCCCC1,0.34047267
ZINC_250K_819,COc1ccc(S(=O)(=O)Oc2ccc(C(C)=O)cc2OC)cc1,0.34047267
ZINC_250K_6518,Cc1ccc(C[NH2+]Cc2cc(F)ccc2F)cc1F,0.34047267
ZINC_250K_4498,Cc1cccc2sc(N[C@H](C)c3cccc(F)c3)nc12,0.34047264
ZINC_250K_696,CC(=O)Nc1ccc(OC(=O)/C=C/c2ccc(C(N)=O)cc2)cc1,0.34047258
ZINC_250K_5507,Cc1c(N)nnn1-c1ccccc1[N+](=O)[O-],0.34047258
ZINC_250K_5780,CC(C)CC1(CNC(=O)C2C[C@@H](C)O[C@H](C)C2)CCC1,0.34047258
ZINC_250K_9509,CC(C)[C@H](CO)NC(=O)c1coc2ccccc12,0.3404725
ZINC_250K_4277,CCN(C)S(=O)(=O)c1ccc(C[NH2+]C)cc1F,0.3404725
ZINC_250K_1128,Cc1cc(Br)ccc1N1C[C@H](C)CS1(=O)=O,0.3404724
ZINC_250K_10019,CCc1cc2ccccc2c(=O)n1CC(=O)[O-],0.34047234
ZINC_250K_3301,C[C@H]([C@@H](C)O)S(=O)(=O)CCC(=O)N[C@H](C)c1ccccc1,0.3404723
ZINC_250K_4667,Cc1c(NP(=O)(C(C)(C)C)C(C)(C)C)c(=O)n(-c2ccccc2)n1C,0.34047228
ZINC_250K_6955,Cc1nonc1C[C@@]1(C(=O)[O-])CCC[NH2+]C1,0.34047228
ZINC_250K_2341,Cc1ccccc1C(=O)Nc1ccc(Oc2ccccc2)cc1,0.34047225
ZINC_250K_6353,CCCS(=O)(=O)[N-]c1ccc2c[nH]nc2c1,0.34047222
ZINC_250K_1409,CC[NH+](C1CC1)[C@@H](C[NH3+])c1cccc(OC)c1OC,0.3404722
ZINC_250K_9278,O=C(NC[C@@H]1CC=CCC1)N(CCC(F)(F)F)C1CCC1,0.3404722
ZINC_250K_160,CCN1CCC(=NNC(=O)c2ccccc2)CC1,0.34047213
ZINC_250K_1815,CCC(CC)CNC(=O)N[C@H]1CCC[C@H](S(C)(=O)=O)C1,0.34047207
ZINC_250K_5986,COCCCC(=O)N1CCN(C[C@H](C)O)CC1,0.340472
ZINC_250K_2347,CCc1[nH+]n(C)c2c1NC[C@]1(C)COC[C@H]1N2,0.340472
ZINC_250K_3410,Nc1c(F)ccc([N-]S(=O)(=O)CC2CC2)c1F,0.34047195
ZINC_250K_4310,CC(C)[C@H](CO)NS(=O)(=O)c1ccsc1C(=O)[O-],0.34047192
ZINC_250K_8381,COc1ccc([C@@H](O)[C@@H](C)CC(=O)[O-])c2ccccc12,0.34047192
ZINC_250K_4583,C=C(C)COCc1nc2ccccc2n1CC(=C)C,0.3404718
ZINC_250K_4699,CC[NH2+][C@@H]([C@@H]1CCCC[C@H]1CC)[C@@H]1CN2CCC[C@@H]2CO1,0.34047174
ZINC_250K_4317,Cc1ccc(NC(=O)[C@]2(C)CC2(Cl)Cl)cc1C,0.34047168
ZINC_250K_5763,Cc1ccccc1NC(=O)Nc1ccccc1C(F)(F)F,0.34047166
ZINC_250K_9261,Cc1cc(Cl)nc(N[C@@H]2CCCC[C@H]2[NH3+])n1,0.34047163
ZINC_250K_5323,CCOC(=O)[C@@H](C)c1ccc(OC)c(OC)c1,0.3404716
ZINC_250K_5807,CN(Cc1cc(-c2ccccc2)n[nH]1)c1ncccn1,0.3404716
ZINC_250K_3270,CC[NH+]1CC[C@@H](CNCc2ccc([O-])c[nH+]2)C1,0.34047157
ZINC_250K_4210,CC[C@@H](CO)NC(=O)N[C@@H](C)c1ccccc1Br,0.34047157
ZINC_250K_3984,CC1(C)CCC[C@@H]1NC(=O)COCC(=O)[O-],0.3404715
ZINC_250K_3522,CN(Cc1[nH+]ccn1C)c1cccc(F)c1C(N)=[NH2+],0.34047148
ZINC_250K_6862,C[C@H]1C[C@H]([NH3+])CN(S(=O)(=O)c2c(F)cc(F)cc2F)C1,0.34047145
ZINC_250K_5147,Cc1csc(NC(=O)[C@@H]2CC=CC[C@H]2C(=O)[O-])n1,0.34047145
ZINC_250K_6825,Nc1cc(F)ccc1N1CC2(CCOCC2)C1,0.34047145
ZINC_250K_7467,C/C(=N\Nc1ccc(F)cc1F)c1ccco1,0.34047136
ZINC_250K_7982,CC[C@@H]1CCC[NH+](C(C)(C)CNC(=O)CNC(=O)C2CC2)C1,0.3404713
ZINC_250K_4274,COC(=O)[C@@H]1NS(=O)(=O)c2ccsc2C1=O,0.3404713
ZINC_250K_6016,CC[S@@](=O)[C@@H]1CCC[C@H](NC(=O)N2CCSCC2)C1,0.34047118
ZINC_250K_5396,CC(C)[C@@H](CNC(=O)CCS(C)(=O)=O)c1ccccc1,0.34047106
ZINC_250K_3878,COc1cc2c(cc1OC)-c1n[nH]c(=O)cc1C2,0.34047106
ZINC_250K_10139,C1=NC2=NC=N[C@@H]2C(N[C@H](CCn2cc[nH+]c2)c2ccccc2)=N1,0.34047103
ZINC_250K_1873,CSc1nc2n(n1)[C@@H](c1sccc1C)[C@H]1C(=O)CCCC1=N2,0.34047097
ZINC_250K_6833,Oc1ccc(Cn2ccc(C[NH2+]C3CC3)n2)cc1,0.34047097
ZINC_250K_9891,N#Cc1ccc(C(=O)O[C@@H](c2ccccc2)c2nccs2)cc1,0.34047097
ZINC_250K_2170,CCC[C@H]1C(=O)N[C@@](C)(CC)C(=O)N1Cc1nc(C)cs1,0.34047097
ZINC_250K_5221,C[C@@H](CNCc1ccc(Cl)nc1)[NH+](C)Cc1ccccc1,0.34047094
ZINC_250K_3096,O=C(N=c1[nH]c2ccccc2[nH]1)c1cc(Cl)ccc1[N+](=O)[O-],0.34047085
ZINC_250K_3173,C[NH2+]Cc1ccc(OC)c(C[NH+]2C[C@H](C)[C@@H](C)C2)c1,0.34047085
ZINC_250K_559,COC1=CC2=NC(SCc3cc(-c4ccccc4)on3)=NC2=CC1,0.34047085
ZINC_250K_10427,CC(C)[C@]1(O)CN(C(=O)CNC(N)=O)C[C@H]1C,0.34047082
ZINC_250K_1627,O=c1cc(CS(=O)(=O)c2ncccc2Cl)nc2ccccn12,0.3404708
ZINC_250K_9162,Cc1cc(=O)oc2c3c(ccc12)OC[NH+](CCC(C)C)C3,0.3404708
ZINC_250K_5686,C[C@H](C(=O)Nc1cccc([N+](=O)[O-])c1)[n+]1ccccc1,0.34047073
ZINC_250K_2647,CC[NH+](CC)CC(=O)NN1c2ccccc2CCc2ccccc21,0.34047073
ZINC_250K_783,CC[NH2+]C[C@H](Cc1cscn1)c1cccc(F)c1,0.3404707
ZINC_250K_157,C[C@H]1[C@@H](NC(=O)[C@@H](C)Sc2ncn[nH]2)CCC[C@@H]1C,0.34047067
ZINC_250K_10469,O=C(NCc1ccsc1)c1csc(C#CCO)c1,0.34047064
ZINC_250K_2189,C/[NH+]=C(/NCc1[nH+]ccn1CC(C)C)N1C[C@H]2CC=CC[C@@H]2C1,0.34047058
ZINC_250K_10065,O=[N+]([O-])c1cn(CCOC2CCCCCC2)cn1,0.34047052
ZINC_250K_2182,CC(C)(C)CS(=O)(=O)/N=C(\[O-])Cc1cccs1,0.34047052
ZINC_250K_4600,C[C@H](O)C[C@@H](Cc1cccc(Br)c1)C(=O)[O-],0.34047052
ZINC_250K_6961,CC(C)N[C@@]1(C#N)CC[C@H](N(C)C[C@@H]2CCC[NH+]2C)C1,0.3404705
ZINC_250K_7216,COc1ccccc1O[C@H](C)CNC(=O)NC(C)C,0.3404705
ZINC_250K_10107,CC(C)(C)[NH2+]Cc1cc2ccccc2nc1O,0.34047034
ZINC_250K_8532,[NH3+]Cc1ccccc1-n1nc(C(F)(F)F)c2c1CCC2,0.34047028
ZINC_250K_2861,COc1cc(-c2nnc([S-])n2/N=C/c2sccc2C)cc(OC)c1OC,0.34047028
ZINC_250K_8657,CC(C)[C@H](CCO)NC(=O)C[C@H](O)c1ccc(Cl)cc1,0.34047025
ZINC_250K_3663,Cc1cc(C)c2c(c1)NC(=O)[C@@]2(O)CC(=O)c1cccs1,0.34047025
ZINC_250K_8106,C[C@H]1CN(S(=O)(=O)Cc2ccccc2)CCN1S(=O)(=O)Cc1ccccc1,0.34047022
ZINC_250K_6972,C[C@@H]1C[NH+](CCOc2ccc(CC[NH3+])cc2)C[C@@H]1C,0.3404702
ZINC_250K_435,CNC(=O)[C@H]1CCCC[C@H]1[NH2+][C@H](C)c1cc(C)cc(C)c1,0.34047008
ZINC_250K_9059,CC(=O)O[C@@H]1[C@H]2[C@@H](C[C@@H](C)[C@@H]3C=CC(=O)[C@@]13C)OC(=O)[C@@H]2C,0.34046996
ZINC_250K_10390,Cc1csc(CSCCCN2C(=O)CNC2=O)n1,0.34046993
ZINC_250K_842,CC(C)[C@@H](ON1C(=O)c2ccccc2C1=O)C(=O)[O-],0.34046993
ZINC_250K_5013,C[C@H]1CCCCN1C(=O)c1cc2c(cc1O)OCO2,0.3404698
ZINC_250K_601,CCCCNS(=O)(=O)Cc1ccc([N+](=O)[O-])cc1,0.34046975
ZINC_250K_6667,Cc1csc(C/C(N)=N/OCc2ccccc2)n1,0.34046963
ZINC_250K_1597,Cn1ncc(SCC(=O)[O-])c(Cl)c1=O,0.34046963
ZINC_250K_1545,Nc1ccc2c(c1)CC[C@H]2Nc1ccc(I)cc1,0.34046957
ZINC_250K_4784,Cc1c(/C=C/c2cccc[n+]2C)c2ccccc2n1Cc1ccccc1F,0.34046957
ZINC_250K_10205,CCn1c(C)cc(C(=O)NCC(=O)NCC(C)C)c1C,0.34046954
ZINC_250K_3467,CCOC(=O)/C=C/C(=O)N[C@H](C)c1ccccc1,0.34046942
ZINC_250K_904,C[C@H](CCO)[NH2+][C@H]1CCc2c(Br)cccc21,0.34046942
ZINC_250K_6480,C[C@@H]1CC(C(=O)N2CCS[C@H]3COCC[C@@H]32)C[C@@H](C)O1,0.3404693
ZINC_250K_5970,CCS[C@H](C)c1noc(CN(C)Cc2cnc3cnccn23)n1,0.3404693
ZINC_250K_4265,C[NH+](Cc1csc([N+](=O)[O-])c1)[C@@H]1CCCC[C@@H]1S(C)(=O)=O,0.34046918
ZINC_250K_8183,CCCCN(CC(N)=O)C(=O)/C=C/c1ccc(Br)s1,0.34046918
ZINC_250K_10189,O=C([O-])CC1(NC(=O)[C@]2(C(F)(F)F)CC[NH2+]C2)CCC1,0.34046918
ZINC_250K_8143,COc1cc(CO)c(Br)cc1OCc1ccc(F)cc1,0.34046915
ZINC_250K_9158,Cc1nn(C)cc1S(=O)(=O)Nc1cc(C(C)(C)C)on1,0.34046915
ZINC_250K_726,CC[C@@H](C)[C@@H](O)C[NH2+][C@@H](c1cccs1)C1CC1,0.340469
ZINC_250K_3649,Nc1cc2c(cc1NC(=O)N1CCCCC1)OCCCO2,0.340469
ZINC_250K_8736,O=C(NCCCO)N[C@H](Cc1ccc(F)cc1)c1ccccc1,0.34046885
ZINC_250K_8103,COCC[NH2+]Cc1ncoc1-c1ccc(C)cc1,0.3404688
ZINC_250K_7002,COc1ccccc1-c1nnc(-c2cc3ccccc3cc2OC)o1,0.34046876
ZINC_250K_6985,Cc1cc(N2CC[C@@H]([NH3+])C2)nc(-c2ccc(F)cc2)n1,0.3404687
ZINC_250K_8465,CC1CCN(C(=O)c2csc(C(C)C)c2)CC1,0.34046865
ZINC_250K_2040,Cc1nnc(S[C@H](C)C(=O)N2CCOCC2)n1C,0.34046865
ZINC_250K_3539,CCOCCCc1cnc(C[NH2+]C)o1,0.3404686
ZINC_250K_2314,[NH3+][C@H]1CCC[C@@H]1CCSc1n[nH]c(=O)n1C1CC1,0.34046853
ZINC_250K_8215,Cc1cc([C@H](Br)C(C)(C)S(C)(=O)=O)ccc1F,0.34046853
ZINC_250K_4525,Cc1ccc(OC(=O)c2cccc(S(C)(=O)=O)c2)c(C)c1,0.34046853
ZINC_250K_1021,CN1C2=C(C#N)C(=O)CCN2c2ccccc21,0.34046853
ZINC_250K_5155,COc1ccccc1S(=O)(=O)[N-]c1ccc(Cl)cc1Cl,0.3404685
ZINC_250K_7854,CCO[C@@H](C)C(=O)[C@H]1CCOC2(CCCCC2)C1,0.34046847
ZINC_250K_3620,CS[C@H]1CC[C@@H](NC(=O)[C@@H]2CSCN2C(=O)CC(C)(C)C)C1,0.3404684
ZINC_250K_2477,C[C@H](O)CC#CC[NH+]1CCC[C@H](c2cccnc2)C1,0.3404684
ZINC_250K_694,C[C@@H]([NH2+]C[C@H]1CC[C@H](C(N)=O)O1)c1ccc2c(c1)OCCCO2,0.3404684
ZINC_250K_9772,Cc1ncc([C@H](C)NCc2ccccc2F)s1,0.3404684
ZINC_250K_2866,Cc1sc2ncn3nc(CC#N)nc3c2c1C,0.34046835
ZINC_250K_1956,C[NH+](C)[C@@H]1CC[C@H](NC(=O)C2CCN(CC(F)(F)F)CC2)C1,0.34046832
ZINC_250K_5182,Cc1nnc([C@H]2CCCCC[C@@H]2[NH3+])n1-c1ccccc1,0.34046832
ZINC_250K_5982,Cc1cc(C(=O)N2CCC([C@]3(C)NC(=O)NC3=O)CC2)sc1C,0.34046832
ZINC_250K_1595,CC[C@@H]([NH2+]CCCC(C)(C)C)c1cnn(C)c1,0.34046826
ZINC_250K_1358,Cc1nc(-c2ccccc2)c2c(n1)[C@@]1(C)CC[C@@H]2C1(C)C,0.3404682
ZINC_250K_6642,O=C1CSc2nnc(-c3ccc(Cl)cc3)n21,0.3404682
ZINC_250K_3127,CCC(CC)(Nc1ccc(OC)cc1)C(=O)[O-],0.3404682
ZINC_250K_8385,CC[C@@H]1CN([C@@H]2CCC[C@@](CO)([NH2+]C)C2)CCO1,0.34046814
ZINC_250K_9507,Cc1ccc(O[C@@H](C)C(=O)NNC(=O)c2ccc(C)c(I)c2)cc1C,0.34046814
ZINC_250K_6553,CCC[NH2+][C@H](c1ccn(Cc2noc(C)n2)c1)C(C)C,0.3404681
ZINC_250K_5595,CC[C@@H]([NH2+]C[C@](C)(O)C[NH+](C)C)c1c(Cl)cccc1Cl,0.34046808
ZINC_250K_385,C/C(=C1/SC(=O)N(c2ccc(Cl)cc2)C1=O)c1ccc(Br)cc1,0.34046808
ZINC_250K_484,C=CCOc1ccc(CNc2ccc(OC)cc2)cc1,0.34046808
ZINC_250K_3559,CC[C@@H]1C(=O)N2CCCC[C@@H]2C(=O)N1C[C@H]1CC=CCC1,0.34046802
ZINC_250K_6945,CC(C)C[C@H](C[NH3+])C(=O)N1CCC[C@H](NS(C)(=O)=O)C1,0.340468
ZINC_250K_6444,C[C@H]1CCC[C@](C#N)(NC(=O)[C@@H]2CCC(=O)O2)C1,0.34046787
ZINC_250K_3001,C/C(=N/NC(=O)[C@H]1C=C(C(C)C)N=N1)c1cccs1,0.34046787
ZINC_250K_5264,CC(C)CNC(=O)[C@@H](C)Oc1ccc(F)cc1[C@@H](C)O,0.3404678
ZINC_250K_5250,Cn1cccc1C[NH+]1CCC([C@@H](O)c2ccc(Cl)cc2)CC1,0.34046763
ZINC_250K_9070,CCC[NH2+][C@H](c1ccc(OC)c(F)c1)c1cscc1C,0.34046763
ZINC_250K_218,c1cc(CN2CC[NH+](Cc3ccc4c(c3)OCCO4)CC2)no1,0.34046754
ZINC_250K_8895,CCS[C@H]1CC[C@@H]([NH+](C)Cc2c(Cl)nc3sccn23)C1,0.3404675
ZINC_250K_6372,C[C@@H]1CCCC[C@H]1CNc1nc(Br)cs1,0.34046748
ZINC_250K_1663,C[C@@](N)(C(=O)N1CCCC[C@@H]1CCC(=O)[O-])C(F)(F)F,0.34046745
ZINC_250K_9372,Nc1cccc2oc(NCc3nccs3)nc12,0.34046745
ZINC_250K_1074,CC[C@H](C#N)NCCCC(=O)NC1CC1,0.34046742
ZINC_250K_6719,COc1ncccc1Cn1cc(CCO)nn1,0.34046736
ZINC_250K_9361,CC[C@@H](C)NC(=O)Nc1ccccc1Br,0.34046733
ZINC_250K_1138,CC(=O)Oc1ccc(C(=O)NNC(=O)c2cccnc2)cc1,0.34046733
ZINC_250K_280,c1ccc2c(c1)CC[C@H]([C@H]1CCCc3cccnc31)N2,0.3404673
ZINC_250K_8289,C[C@H](C(=O)[O-])[C@@H](C)[NH2+]Cc1ccc(F)c(F)c1,0.34046727
ZINC_250K_4464,COc1cc(C2=N/C(=C\c3ccccc3C(F)(F)F)C(=O)O2)cc(OC)c1OC,0.34046724
ZINC_250K_7022,O=C1C[C@H]([NH+]2CCOCC2)C=C1Nc1ccccc1,0.3404672
ZINC_250K_6938,CN1CC[NH+](C)C[C@@H]1[C@H](O)Cc1ncnn1C,0.3404672
ZINC_250K_10368,COC(=O)N1CC[C@H](NC(=O)C2C(C)(C)C2(C)C)C1,0.3404671
ZINC_250K_7125,CCC[C@H](CC(=O)OC)NC(=O)c1ccc(C#N)[n-]1,0.3404671
ZINC_250K_8693,CC(C)(C)c1ccc(Nc2ccc3nnc(C(F)F)n3n2)cc1,0.3404671
ZINC_250K_4972,COc1ccc(NCCOc2ccc(F)cc2)cc1,0.34046704
ZINC_250K_2319,CC[NH2+][C@H](Cc1ncnn1CC)[C@@H]1CN(C)CCO1,0.34046704
ZINC_250K_10291,CC[C@H](C)[C@@H](NS(=O)(=O)c1c(C)cc(C)cc1C)C(N)=O,0.34046704
ZINC_250K_8741,Cc1ccccc1S[C@@H]1CC[C@](C#N)(NC(C)C)C1,0.34046692
ZINC_250K_507,CCC[NH2+][C@H](Cc1ccccc1)[C@@H]1CN(CC)CCO1,0.34046692
ZINC_250K_9149,CN1CCO[C@H](CN2CCC[C@@H](C[NH2+]C(C)(C)C)C2)C1,0.34046692
ZINC_250K_6221,CC(C)(C)c1ccc([C@@H](C#N)NC(=O)[C@@H]2CCCS2)cc1,0.34046677
ZINC_250K_2999,C/C=C/CC[NH2+][C@@H]1CCc2ccc(F)cc21,0.34046674
ZINC_250K_7860,C[NH2+][C@H](C)c1cccc(-n2cc(Cl)c(C)n2)c1,0.3404667
ZINC_250K_635,Cc1cccc(-c2nn(C[NH+]3CCCCC3)c(=S)n2-c2ccccc2)c1,0.34046665
ZINC_250K_4215,COC(=O)C1(NC(=O)c2cc(C)on2)CCCCC1,0.3404666
ZINC_250K_4084,COc1cc(OC)cc([C@H]2Nc3nonc3NC3=C2C(=O)CCC3)c1,0.34046653
ZINC_250K_2953,CCCC[C@@H](C)NC(=O)[C@H]1CCC[NH2+][C@@H]1C,0.34046653
ZINC_250K_10007,C[P@@](=O)(Nc1ccccc1Cl)Oc1cccc(Cl)c1Cl,0.34046647
ZINC_250K_4854,[NH3+][C@@H]1CCC[C@@H](n2cc(C(F)(F)F)cn2)C1,0.34046644
ZINC_250K_1573,C[C@H]1CCC[C@]2(CC[NH2+]C[C@@H]2c2cccc(Br)c2)C1,0.3404664
ZINC_250K_6176,C[C@@H](CO)CSc1nc2ccccc2cc1/C(N)=N/O,0.34046638
ZINC_250K_4337,CSCC(=O)NNC(=O)c1cncc2ccccc12,0.34046617
ZINC_250K_7962,CC1(C)C(CN2CCC(=O)NC3(CCCC3)C2=O)C1(C)C,0.34046614
ZINC_250K_9932,CN(C)c1ccccc1C[NH+](C[C@@H]1CCCO1)[C@@H]1CCSC1,0.3404661
ZINC_250K_7246,CC(C)(C)OC(=O)N1C(=O)CC12CCOCC2,0.34046605
ZINC_250K_104,Cc1ccc([C@@H](C)NC(=O)N[C@@H](CCO)c2cccs2)cc1,0.340466
ZINC_250K_4041,CCCC[C@H](C(=O)[O-])c1ccccn1,0.340466
ZINC_250K_4959,C[C@H]1CC(Oc2c(F)cc(CC[NH3+])cc2F)C[C@H](C)C1,0.34046596
ZINC_250K_7436,CCC[NH2+][C@@H](c1ccc(CC)s1)[C@@H]1CCO[C@@H]1C,0.34046587
ZINC_250K_7315,C[C@@H](Oc1ccc(-c2ccccc2)cc1)C(=O)N(C)Cc1ccccc1,0.34046587
ZINC_250K_3889,COC(=O)c1ccc(NCc2ccc(Cl)o2)cc1,0.34046587
ZINC_250K_4800,CCN[C@@]1(C#N)CC[C@@H](n2nc(C)c(CC)c2C)C1,0.34046587
ZINC_250K_2684,C/C(=N\NC(=O)C(=O)Nc1ccc(Br)cc1C)c1ccncc1,0.34046587
ZINC_250K_6374,CC[C@H](CCO)CNc1nc2ccc(C)cn2n1,0.3404658
ZINC_250K_6638,CCC[C@@H]([NH2+]C[C@H]1Cc2ccccc2S1)C(=O)[O-],0.34046575
ZINC_250K_8817,C[NH2+][C@H](c1ccc(OC)c(OC)c1)[C@H]1CCO[C@H]1C,0.34046572
ZINC_250K_6225,CC1CC[NH+](CCOc2ccc(C(N)=S)cc2)CC1,0.34046564
ZINC_250K_2962,C[C@H]([NH2+][C@@H]1CC(=O)N(C(C)(C)C)C1)c1ccc(Br)s1,0.34046555
ZINC_250K_5356,Cc1cc([C@@H](C)NC(=O)C[C@H](C)NC(=O)c2ccccc2)c(C)s1,0.34046552
ZINC_250K_8777,COc1ccccc1OC(=O)/C=C/c1ccc(NC(C)=O)cc1,0.3404655
ZINC_250K_6445,CC[NH+](CC)[C@@H](C)CNC(=O)N(C)Cc1ccc(F)cc1,0.3404655
ZINC_250K_9635,Brc1ccccc1CN1CC[NH+](Cc2ccncc2)CC1,0.34046528
ZINC_250K_3726,O=C(NC[C@H]1CCS(=O)(=O)C1)N1CCC[C@H]([NH+]2CCCC2)C1,0.34046516
ZINC_250K_3767,CCS(=O)(=O)CCSc1nnnn1-c1ccccc1OC,0.34046516
ZINC_250K_7500,CC#CC[NH2+]C[C@H]1CN2CCC[C@@H]2CO1,0.340465
ZINC_250K_7181,CC(=O)N(CCC[N+](C)(C)C)C[C@H]1[C@H](C)C=C(C)C[C@H]1C,0.340465
ZINC_250K_8080,Cc1ccc(OCCn2cc[nH+]c2)c(/C=C/C(=O)[O-])n1,0.34046483
ZINC_250K_2823,COC(=O)[C@H](Cl)c1ccc(Cl)c(F)c1,0.34046477
ZINC_250K_9093,CCN(Cc1cccc(C)n1)c1[nH+]c(C)cc(C)c1CO,0.34046465
ZINC_250K_4111,O[C@@]12CCCC[C@@H]1[C@H](c1ccc(Cl)cc1Cl)[NH2+]CC2,0.34046465
ZINC_250K_2967,CC1=CC(C)(C)N(S(C)(=O)=O)c2ccc(OS(C)(=O)=O)cc21,0.34046465
ZINC_250K_440,Cc1nnc(CCC[NH+]2CCC(CC[NH+]3CCCC[C@@H]3C)CC2)o1,0.34046462
ZINC_250K_2349,COc1c(/C=N\NC(N)=S)c(C[C@@H](C)Cl)c(OC)c2c1OCO2,0.34046456
ZINC_250K_5388,O=C(Nc1ccc([N+](=O)[O-])cc1)Nc1cn[nH]c1,0.34046438
ZINC_250K_1312,Cc1cccc(C)c1-n1nnnc1CS(=O)(=O)[C@@H](C)c1c(F)cccc1F,0.34046435
ZINC_250K_9518,CC(C)(C)CC(=O)N1CCN(C(=O)c2ccn3ccsc23)CC1,0.34046432
ZINC_250K_1084,CC[C@H](C)[NH2+]CCc1n[nH]c(-c2ccco2)n1,0.34046426
ZINC_250K_8583,CCS(=O)(=O)c1ccc(NC(=O)[C@@H](C)c2cccs2)cc1,0.34046426
ZINC_250K_4626,c1nc(CCN2CCC[NH+]3CCCC[C@@H]3C2)cs1,0.34046426
ZINC_250K_341,CC(C)CCc1noc(C[NH+](C)[C@H]2CCC[C@@H]2S(C)(=O)=O)n1,0.3404642
ZINC_250K_8727,CC(C)[NH+](CCCNC(=O)[C@@H]1CCO[C@H]1C)C(C)C,0.34046417
ZINC_250K_8940,C[C@H]1C[C@](C[NH3+])(N2CCc3ccccc32)CS1,0.34046414
ZINC_250K_3658,COc1ccc([C@H]2C(C(C)=O)=C(O)C(=O)N2CCO)cc1,0.34046414
ZINC_250K_4157,CC[NH2+][C@@H](Cc1ccc(Cl)s1)[C@@H]1C[NH+]2CCN1CC2,0.34046412
ZINC_250K_961,COc1ccc(OC)c(/C=C/C(=O)OCC(C)C)c1,0.34046406
ZINC_250K_6792,CCC(C)(C)c1ccc(C(=O)Nc2ccc(N)cc2)cc1,0.34046406
ZINC_250K_1165,CCn1c(CC[NH3+])nnc1Sc1ncnc2ccc(F)cc12,0.340464
ZINC_250K_7937,Cc1ccc(N[C@H](C)c2sc(C(C)(C)C)nc2C)c(C)[nH+]1,0.3404639
ZINC_250K_2581,Cc1nn(C)c(CO[C@@H]2CCC[C@@H]([NH3+])C2)c1Cl,0.3404639
ZINC_250K_9346,Cc1cc(C)c(NC(=O)[C@@H](C)[NH+](C)Cc2cc(C)on2)c(C)c1,0.34046388
ZINC_250K_2193,[NH3+][C@@H](CCCCC(=O)[O-])c1ccc2[nH]c(=O)[nH]c2c1,0.34046382
ZINC_250K_4457,COc1ccccc1OCC(=O)N/N=C/c1ccccc1,0.34046382
ZINC_250K_9785,O=S1(=O)C[C@H]([C@@H](CCl)c2ccc(Cl)cc2)c2ccccc21,0.3404638
ZINC_250K_3395,CC(C)=CC[NH+]1CCC2(CC1)CN(CCN1CC[NH+](C(C)C)CC1)C(=O)O2,0.3404638
ZINC_250K_3947,N#Cc1cc2c(cc1C#N)N1CCCc3c(Cl)ccc(c31)O2,0.34046373
ZINC_250K_2850,C[C@@H]1C[C@]2(C[NH+]=C(N)N2c2ccc(Cl)cc2)CS1,0.3404637
ZINC_250K_1372,Clc1ccnc(-c2cccc(C3CC3)c2)n1,0.34046367
ZINC_250K_6192,CCS(=O)(=O)CC(=O)OCc1ccc([N+](=O)[O-])cc1,0.3404636
ZINC_250K_2801,CCCn1ncnc1C[C@@H]([NH3+])CSc1ccccc1Cl,0.34046358
ZINC_250K_5529,Cc1cc([C@H](C[NH3+])N2CCCC(C)(C)CC2)ccc1Br,0.3404635
ZINC_250K_4936,CCS[C@H]1CC[C@H]([NH+](C)Cc2noc(-c3ccccc3)n2)C1,0.34046346
ZINC_250K_9208,Cc1ccc(N2C(=O)/C(=C\c3cccc(O)c3)SC2=S)cc1C,0.34046343
ZINC_250K_4169,C=CC[NH2+]CC(=O)N[C@H](C)c1c(C)noc1C,0.34046337
ZINC_250K_2292,C[NH+]1CCC2(CC1)CNC(=N)N2c1ccc(Cl)c(Br)c1,0.34046334
ZINC_250K_5597,CC1CCN(C(=O)N(CC(N)=O)[C@@H]2CC[NH2+]C2)CC1,0.34046334
ZINC_250K_8518,C[C@]1(CNC(=O)C[C@H]2CCCC[C@@H]2[NH3+])CCCO1,0.34046334
ZINC_250K_3763,CC1CCC(O)(CNC(=O)N2CCC[C@@H](C)C2)CC1,0.34046328
ZINC_250K_1439,C[NH2+][C@@H](c1ccc(F)cc1F)[C@@H]1CCOC2(CCC2)C1,0.34046328
ZINC_250K_8742,C[C@H]1C[NH+]2CCCC[C@@H]2CN1c1ccc(N)cc1Br,0.34046322
ZINC_250K_3862,O=S(=O)(c1ccccc1)N1C[C@H]2c3ccccc3CC[NH+]2[C@H]1c1ccccc1,0.3404632
ZINC_250K_1035,COc1ccc(O[C@H](C)C(=O)N(C)[C@@H](C)Cc2cccs2)cc1,0.34046316
ZINC_250K_5162,CC(C)[C@@H]1OCC[C@H]1CNC(=O)N1C[C@H]2CCCC[C@H]2C1,0.34046316
ZINC_250K_1681,C[NH2+]Cc1cc(F)c(OCCOc2ccccc2)c(F)c1,0.3404631
ZINC_250K_8538,COCCc1nc(C)c([C@H](C)[NH2+]Cc2ccccc2C)s1,0.34046307
ZINC_250K_6049,COC[C@@H](O)C[NH+](C)Cc1cnc2ccc(C)cn12,0.34046307
ZINC_250K_8424,CSc1ccc(Nc2ccc(N)c(OC(C)(C)C)n2)cc1,0.34046307
ZINC_250K_1784,Clc1cccc(-c2ccc(C[NH2+]Cc3ccc4c(c3)OCO4)o2)c1,0.34046307
ZINC_250K_109,C[C@H](CSc1ccc(C(=O)N(C)C)cn1)C(=O)[O-],0.340463
ZINC_250K_5229,Cc1ccc2c(c1)N(Cc1ncc(C)o1)CC2,0.340463
ZINC_250K_1874,[NH3+]C[C@H]1CCC[C@H]1S(=O)(=O)c1cccc(F)c1,0.34046295
ZINC_250K_10258,C[C@@H]1C[C@@H]1NC(=O)C[C@H](O)c1ccccc1,0.34046295
ZINC_250K_1412,COc1ncnc(N2CC[NH2+][C@H](C)C2)c1[N+](=O)[O-],0.34046295
ZINC_250K_2857,CC[C@H](C#N)Oc1ccc(CO)nc1,0.3404629
ZINC_250K_9396,FC(F)(F)COc1ccccc1CSc1nnnn1C1CC1,0.3404629
ZINC_250K_8359,C[NH2+][C@H](Cc1ccc(O)cc1)[C@@H]1COc2ccccc2C1,0.3404629
ZINC_250K_970,COc1ccc([C@H](O)[C@@H](C)NC(=O)[C@@H](C)SC)cc1,0.3404629
ZINC_250K_5466,CC(C)Oc1ncnc(N[C@@H](C)CC2CC2)c1N,0.3404629
ZINC_250K_10423,Cc1c(C[NH2+][C@@H](C)c2ccc(Cl)s2)cnn1C,0.34046277
ZINC_250K_7651,N#Cc1c(-c2ccc(C#CCO)s2)cc(-c2cc[nH]c2)nc1N,0.3404627
ZINC_250K_2641,Cc1cccc(NC(=O)N(C)Cc2sccc2C)c1,0.3404627
ZINC_250K_5353,CCOc1ccccc1OCC(=O)N(C)CC#N,0.34046265
ZINC_250K_1866,OCC1(CSc2nnc(Cc3cccs3)o2)COC1,0.34046263
ZINC_250K_8378,C=CCNC(=O)N(Cc1ccsc1)C1CC1,0.34046257
ZINC_250K_7763,COc1cc([C@H](C)[NH2+][C@H]2CC=CCC2)ccc1OC(F)F,0.34046257
ZINC_250K_3181,C[C@H]1CN(S(=O)(=O)[C@@H](C)c2cnccn2)CC[NH2+]1,0.34046257
ZINC_250K_7671,COc1cc([C@H](C)CC(C)=O)ccc1Cl,0.34046254
ZINC_250K_9438,CCc1ccc(N)cc1S(=O)(=O)NC1C(C)(C)C1(C)C,0.34046254
ZINC_250K_4946,CCSc1ccccc1C(=O)Nc1nc2c(SC)cccc2s1,0.3404625
ZINC_250K_923,C[C@@H]1CC[NH+](CCCN2C(=O)CNC2=O)C[C@@H]1O,0.34046242
ZINC_250K_1295,COc1ccc([C@@H](C)[NH2+][C@@H](C)c2ccc(F)cn2)c(OC)c1,0.3404624
ZINC_250K_508,C=CCn1c(=O)c2c(nc3n2[C@H](C)C(C)=NN3C)n(C)c1=O,0.34046224
ZINC_250K_8772,CCOc1cccnc1-c1nc(N(C)C)no1,0.34046218
ZINC_250K_3682,C/C(=N\NC(=O)CNC(=O)c1cccs1)c1ccco1,0.34046218
ZINC_250K_6995,CCCN(C(=O)c1ccc(Br)cc1O)C1CCC([NH3+])CC1,0.34046218
ZINC_250K_10219,CC[S@](=O)Cc1csc(COc2ccc(C)cc2)n1,0.34046212
ZINC_250K_2733,Cn1c(NC(=O)CSCc2ccccc2)cc(=O)n(C)c1=O,0.34046206
ZINC_250K_6572,O=[N+]([O-])c1ccc(N2CCC(c3ccccc3)CC2)cc1,0.34046206
ZINC_250K_6233,Cc1ccc(N[C@H](C)CC(C)C)c([N+](=O)[O-])c1,0.34046194
ZINC_250K_8418,CSc1ccc(C)c(C(=O)N[C@H](C(N)=O)C(C)(C)C)c1,0.34046194
ZINC_250K_5805,CNC(=O)c1ccc(CN(C)C(=O)C[C@H](NC(C)=O)c2cccs2)cc1,0.3404619
ZINC_250K_9077,CN(C[C@H]1CC[NH2+]C1)S(=O)(=O)c1ccc(Br)s1,0.34046185
ZINC_250K_2597,CSCC(=O)NNC(=O)NC[C@@]1([NH+](C)C)CCC[C@H](C)C1,0.34046185
ZINC_250K_3309,OCc1ccc(CN2CCCC[C@@H]([NH+]3CCCC3)C2)o1,0.34046185
ZINC_250K_1935,Cc1ccnc2c1nc(CCl)n2-c1ccsc1,0.34046185
ZINC_250K_8142,O[C@H](CSc1ccc(F)cc1)[C@@H]1CCOC2(CCC2)C1,0.3404618
ZINC_250K_1533,CCC[C@H](CCc1ccccc1)NC(=O)N(C)CC,0.34046173
ZINC_250K_9685,Cc1n[nH]c(C2CCN(c3nnc(C4CCC4)o3)CC2)n1,0.34046173
ZINC_250K_7139,CC/[NH+]=C(/NC[C@H](C(C)C)[NH+]1CCC(C)CC1)N1CC[C@@H](O)C1,0.34046167
ZINC_250K_5169,CN(C(=O)[C@@H]1CSCN1C(=O)C(C)(C)C)C1CCOCC1,0.3404616
ZINC_250K_777,CC[C@H](C)[C@H](C)[NH2+]Cc1ncccc1F,0.34046158
ZINC_250K_3901,Cc1cc(F)cc(N[C@@H]2CCC[C@@H]2S(C)(=O)=O)c1,0.34046155
ZINC_250K_9934,Cc1cccc(SC[C@@H]2CSc3ccccc32)c1N,0.34046155
ZINC_250K_6834,CCC[C@H]([NH2+]C[C@H]1CCCS1(=O)=O)c1ccc(Cl)c(Cl)c1,0.34046155
ZINC_250K_9668,CCC(=O)Nc1ccc(NC(=S)NC(=O)c2ccc(-c3ccccc3)cc2)cc1,0.34046152
ZINC_250K_2344,C[C@@H](/N=C/C1C(=O)N(C(C)(C)C)C(=O)N=C1O)c1ccccc1,0.34046146
ZINC_250K_3487,CN(C)C(=O)C[C@H](C[NH3+])N1CCOCC1(C)C,0.34046146
ZINC_250K_3647,CCC[C@@H]1C[C@@H]1NC(=O)C(C)(C)c1ccccc1,0.34046146
ZINC_250K_5850,Cc1ccn2c([C@H]3C[C@@H]3C(=O)[O-])nnc2c1,0.34046146
ZINC_250K_945,C[C@@H](CNC(=O)N[C@@H](C)c1ccc(S(C)(=O)=O)cc1)C[C@@H](C)O,0.34046143
ZINC_250K_4580,C[C@@H](NC(=O)c1ccc[n+]([O-])c1)c1ccccc1C(F)(F)F,0.34046137
ZINC_250K_4172,O=C(O[C@@H](c1ccccc1)c1ccncc1)c1csc(-c2ccsc2)n1,0.34046134
ZINC_250K_20,CCN(CC)C(=O)C[C@@H](C)[NH2+][C@H](C)c1cccc(F)c1F,0.34046134
ZINC_250K_7101,CCCN(CC#N)Cn1nc(N2CCCC2)sc1=S,0.34046128
ZINC_250K_7612,O=C(N=c1[nH]c2ccccc2[nH]1)[C@H]1CC(c2ccc(Cl)s2)=NO1,0.34046128
ZINC_250K_9941,Cc1ccc(-c2ncccc2C(=O)[O-])c(C)c1,0.34046125
ZINC_250K_275,CC[NH2+][C@@H](C)c1cc(F)c(C)cc1N1C[C@@H](C)S[C@@H](C)C1,0.34046122
ZINC_250K_6822,CCCc1cc([O-])nc2nnc(SCC(C)=O)n12,0.34046116
ZINC_250K_330,CSc1nncn1/N=C\c1cc(Cl)ccc1F,0.34046113
ZINC_250K_2207,CC1(C[NH2+][C@@H]2CCc3c(O)cccc32)COC1,0.34046102
ZINC_250K_181,C[C@@H]1CC[C@@H]([NH2+]C2CCC(NS(C)(=O)=O)CC2)c2ccccc21,0.34046102
ZINC_250K_4513,CC(C)c1ccc(N(C(=O)c2ccc(Br)cc2)[C@@H]2C=CS(=O)(=O)C2)cc1,0.34046102
ZINC_250K_7345,O=C(Oc1ccc2nccnc2c1)C(C1CC1)C1CC1,0.3404609
ZINC_250K_5704,CCOc1ccc(O)c(C[NH+](C)[C@@H](C)Cc2cccs2)c1,0.3404609
ZINC_250K_2904,COCCNCC1=N[C@H]2C(=N1)C(=O)N(C)C(=O)N2C,0.34046084
ZINC_250K_39,CC(=O)c1ccc(S(=O)(=O)N2CCCC[C@H]2C)cc1,0.3404608
ZINC_250K_6156,COCCn1c(SCC(F)(F)F)nc2ccccc21,0.34046075
ZINC_250K_836,CCCOc1ncnc(Nc2cc(Cl)cc(Cl)c2)c1N,0.34046063
ZINC_250K_6008,Cc1ccsc1[C@@H](O)[C@@]1(C#N)CCOc2ccccc21,0.34046057
ZINC_250K_5127,Cc1ccc(/C=C/C(=O)NC[C@H](CC(C)C)[NH+](C)C)o1,0.34046057
ZINC_250K_6426,Fc1ccccc1[C@@H]1CN(c2cccc[nH+]2)CCO1,0.3404605
ZINC_250K_3497,Cc1nc([C@H](C#N)NC(=O)OC(C)(C)C)cs1,0.34046048
ZINC_250K_7350,CC(C)[NH+]1CCC[C@@H](C(=O)NC(C)(C)c2nnc(N)s2)C1,0.34046045
ZINC_250K_6128,C[C@@H]1CN(C(=O)CCc2ccccc2)C[C@@H](C)O1,0.34046042
ZINC_250K_8996,CC1(C)CCC[NH+]1C[C@@H](O)COc1ccc(C#N)cc1,0.34046024
ZINC_250K_1828,CC[NH2+][C@@H](Cc1ccc2c(c1)CCC2)[C@H]1CSCCS1,0.34046024
ZINC_250K_10348,CCn1nc(C(=O)N2CCCC2)c2c1CC[NH+](C1CCCC1)C2,0.34046012
ZINC_250K_2144,C/C(=C\C(=O)N1CCN(C(=O)c2ccoc2)CC1)C(C)(C)C,0.34046003
ZINC_250K_4375,Fc1cccc([C@@H](NCc2nnsc2Cl)c2ccccc2)c1,0.34046003
ZINC_250K_10159,CC(C)(C)c1ccc2oc([C@H]3CCCCC[C@@H]3[NH3+])nc2c1,0.34046003
ZINC_250K_2259,C[C@@H]([NH2+]Cc1cnc(-c2ccccn2)s1)C(C)(C)C,0.34046003
ZINC_250K_7034,CSc1ccccc1C(=O)NCc1cc[nH]n1,0.34045994
ZINC_250K_7340,O=C(c1[nH]nc2c1CN(C(=O)C1CC1)CC2)N1CCCCC1,0.34045994
ZINC_250K_7822,N#Cc1cn(Cc2ccc(Cl)s2)c2ccccc2c1=O,0.3404599
ZINC_250K_7739,C[C@@H]1[C@@H](C)CCC[C@H]1NS(=O)(=O)c1ccc2c(c1)OCCCO2,0.3404599
ZINC_250K_9134,C=CCNC(=O)[C@@H](C)[NH2+][C@H](C)c1ccc(Cl)s1,0.34045985
ZINC_250K_9024,CN(CCc1cccs1)c1n[nH]c(=S)n1-c1ccccc1,0.34045973
ZINC_250K_9928,Cc1ccc(S(=O)(=O)N[C@@H]2CCCC[C@@H]2O)cc1,0.3404597
ZINC_250K_10271,COc1cccc(C[NH2+]CC(C)(C)S(C)(=O)=O)c1O,0.34045967
ZINC_250K_5646,[NH3+]C[C@H]1CCCN(S(=O)(=O)c2cccs2)C1,0.34045967
ZINC_250K_2607,COC(=O)[C@H](NC(=O)COc1cc(Cl)c(Cl)cc1Cl)C(C)C,0.34045964
ZINC_250K_3851,N#Cc1ccc(CNc2cc[nH+]c3ccsc23)c(F)c1,0.34045964
ZINC_250K_5592,Cc1nc(N2CCCC2)nc(C[C@@H]2CCCO2)c1C,0.34045964
ZINC_250K_8158,Cc1cc(F)cc(C(=O)Nc2c(F)cccc2F)c1,0.34045964
ZINC_250K_8516,Nc1nccnc1C(=O)N1CCc2ccccc2C1,0.34045961
ZINC_250K_388,Cc1nn(C)c(C)c1CN[C@H]1CCC[NH2+]C1,0.34045961
ZINC_250K_1349,CC(C)(C)[C@@H](CS)C[NH+]1CCN(c2ccccc2Cl)CC1,0.34045953
ZINC_250K_8855,CCS(=O)(=O)[N-]c1ccc2sc(C(=O)NC)c(OC)c2c1,0.3404594
ZINC_250K_636,C[NH2+][C@@H](C1CCCC1)[C@@H]1CCc2cccnc21,0.3404594
ZINC_250K_4982,O=C(/C=C\c1cccs1)O[C@@H](c1ccccc1)c1ccccn1,0.34045935
ZINC_250K_41,O=C(CCCO)Nc1ccc(F)cc1F,0.34045935
ZINC_250K_5603,Cc1nnc2n1CCN(C(=O)[C@H]1CCCC[NH+]1CC(C)C)C2,0.3404591
ZINC_250K_5091,Cc1ccc(S(=O)(=O)N/N=C2\CC[C@@H]3CC[C@H]23)cc1,0.34045908
ZINC_250K_4599,CCn1cnnc1S[C@H]1C[C@@H](C)OC1=O,0.34045896
ZINC_250K_7846,CC(C)[C@H](Nc1cc(C#N)ccn1)C(=O)[O-],0.34045893
ZINC_250K_2257,CO[C@@H]1CCC[C@@H]1n1c(N)[nH+]c2ccc(C)cc21,0.3404589
ZINC_250K_9194,CN(C)c1ccc(/C=C(/NC(=O)c2ccccc2)C(N)=O)cc1,0.34045887
ZINC_250K_839,IC[C@@H]1Cn2c(nnc2-c2ccncc2)S1,0.3404588
ZINC_250K_9720,C=C(Cl)Cc1ccc(C(=O)OCC)s1,0.34045875
ZINC_250K_2417,CC[C@H](Oc1ccc(C)nc1C[NH3+])C(=O)[O-],0.3404587
ZINC_250K_4295,NC(=[NH2+])Sc1cn(Cc2ccc(Cl)cc2)c2ccccc12,0.34045863
ZINC_250K_3033,COC(=O)[C@@H]1[C@H](CBr)N1N1C(=O)c2ccccc2C1=O,0.34045863
ZINC_250K_9407,O=C(NCCc1ccc(Cl)cc1)C1CC1,0.34045857
ZINC_250K_5159,CC(C)CN(C(=O)[C@@H](C)OCc1ccccc1)C1CC[NH+](C)CC1,0.34045857
ZINC_250K_1025,COC(=O)/C(C#N)=C\Nc1ccc(S(=O)(=O)NC(C)C)cc1,0.34045857
ZINC_250K_4981,CN[C@]1(C(=O)OC)CC[C@@H](Sc2nc(C)c(C)c(C)n2)C1,0.3404585
ZINC_250K_4145,Cc1cc(F)cc(C(=O)NNC(=O)c2cc(Br)cn2C)c1,0.34045848
ZINC_250K_4051,CC[C@H]1CC[C@](O)([C@]2(C#N)CCc3ccccc32)C1,0.34045836
ZINC_250K_3683,Cc1nc(CCC(F)(F)F)[nH]c(=O)c1CCC(=O)[O-],0.34045836
ZINC_250K_3361,CC[NH+](C)CCNc1cc2ccccc2c(Cl)n1,0.34045836
ZINC_250K_6078,Cc1ccc(C(CO)(CO)Cc2ccc(F)cc2Cl)cc1,0.34045836
ZINC_250K_1450,CC(=O)N[C@@H](C)C(=O)Nc1ccc(F)c(Cl)c1,0.3404583
ZINC_250K_7765,CC[C@@H](C)NC(=O)NC1(C(F)(F)F)Oc2cc(Cl)c(Cl)cc2O1,0.3404583
ZINC_250K_6329,Cc1cccc(CN(C)c2cc(CCl)ccn2)n1,0.3404583
ZINC_250K_9389,CN(Cc1ccc(Cl)cc1)C(=O)NC1CC1,0.3404583
ZINC_250K_8253,N#Cc1ccccc1C[C@H]1COCC[C@H]1[NH3+],0.34045827
ZINC_250K_7197,CC(C)(C)c1csc(CC2(O)CCC(C(F)(F)F)CC2)n1,0.34045824
ZINC_250K_6531,O=C([O-])c1cccn1Cc1ccc(F)c(Br)c1,0.3404582
ZINC_250K_4820,O=C(CSCC(F)(F)F)N[C@H]1C[C@H]1c1ccccc1,0.34045818
ZINC_250K_1447,O=C([O-])[C@H]1CCCC[NH+]1Cc1cccc2ccccc12,0.34045818
ZINC_250K_6710,COc1cc(C)c(NC(=O)c2cc(C)no2)cc1OC,0.34045815
ZINC_250K_6293,CSC[C@@H](C)NC(=O)NCCCc1nc(C)no1,0.34045812
ZINC_250K_4993,CC(C)COc1ccc(C(C)(C)C(=O)NCC#N)cc1,0.34045812
ZINC_250K_10163,CC[C@](C)(NC(=O)c1cncc(C)c1)C(=O)OC,0.34045812
ZINC_250K_4114,C#Cc1cccc(NC(=O)c2ccc(NC(=O)c3cccc(C#C)c3)cc2)c1,0.34045812
ZINC_250K_4530,O=C([O-])[C@@H]1C[C@@H](O)CN1C(=O)c1ccccc1,0.34045812
ZINC_250K_557,CN(C)c1ccc(/C=C(/C#N)C(=O)c2cccc(C#N)c2)cc1,0.34045812
ZINC_250K_3460,Cc1cc(OC(F)F)c(C(=O)N2CCSC2)s1,0.34045812
ZINC_250K_5197,CC[NH2+][C@H]1CCN(c2cccnc2)[C@H](C)[C@@H]1C,0.34045798
ZINC_250K_3050,CCCCn1c(=O)c2sccc2n2c(=O)n(C)nc12,0.34045792
ZINC_250K_6076,CC[C@H](C#N)OC(=O)[C@H](C)c1ccc(Cl)c(Cl)c1,0.34045792
ZINC_250K_7430,CCCC1CCC(NC(=O)N(C)[C@H]2CC[NH+](C)C[C@@H]2C)CC1,0.3404579
ZINC_250K_4168,CCOc1ccccc1O[C@H]1CCC(C)(C)[C@H]1[NH2+]C,0.3404579
ZINC_250K_8092,C[C@@H](NC(=O)c1cccc2ccnn12)C(N)=O,0.34045786
ZINC_250K_6406,CC[NH2+][C@]1(C(=O)OC)CCC[C@@H](OC)C1,0.34045786
ZINC_250K_10321,Cc1ccc(C)c(OCc2nc(N)nc(N(C)C)n2)c1C,0.34045783
ZINC_250K_7177,c1ccc2c(c1)CCCN2[C@H]1CCC[NH2+]C1,0.3404578
ZINC_250K_8700,COc1ccc(C(=O)NC(NC(=O)c2ccc(OC)cc2)c2ccc3c(c2)OCO3)cc1,0.3404578
ZINC_250K_3850,Nc1cc(Cl)c(Cl)cc1NC[C@@H]1CCCC[C@H]1O,0.34045774
ZINC_250K_4728,CSC1(CNC(=O)N(C)CC2CCC2)CCOCC1,0.3404577
ZINC_250K_4941,C[C@@H](c1ccc(S(C)(=O)=O)cc1)N(C)c1ccc2ccc(F)cc2n1,0.34045765
ZINC_250K_6576,CC[NH2+][C@H](Cc1ccc(C)cc1)[C@H]1CCOC2(CCC2)C1,0.3404576
ZINC_250K_4080,CCNC(=O)NC[C@H]1CCCC[NH+]1Cc1ccccc1,0.34045753
ZINC_250K_4714,Cc1noc([C@@H](C)OC(=O)c2sc(-c3nc[nH]n3)nc2C)n1,0.34045753
ZINC_250K_2273,CNC(=O)c1ccc(CNC(=O)/C(=C/c2ccccc2)NC(C)=O)cc1,0.34045753
ZINC_250K_2448,CCN(Cc1ccccc1C)S(=O)(=O)c1cccc(S(=O)(=O)NC)c1,0.3404575
ZINC_250K_3364,C=CCNC(=O)NNC(=O)Cc1ccc(Cl)cc1,0.34045747
ZINC_250K_713,CCN(C(=O)NC1CC[NH+](C[C@@H](O)COC)CC1)C1CCCC1,0.34045747
ZINC_250K_9350,CCCCC(=O)NC1CCN(C(=O)C2CCCCC2)CC1,0.34045747
ZINC_250K_107,Cc1ccccc1N1C(=O)C[C@H]([NH+](C2CCCCC2)C2CCCCC2)C1=O,0.3404574
ZINC_250K_7954,CCOC(=O)[C@H](F)[C@](C)(O)c1ccc(S(C)(=O)=O)cc1,0.34045738
ZINC_250K_3292,N#CCN1CCN(CC(=O)NC(=O)NC2CCCC2)CC1,0.34045735
ZINC_250K_3205,CCNC(=O)c1cccc(NC(=O)C[NH+](C)CC)c1,0.34045735
ZINC_250K_5041,Cc1ccc(C(=O)N2CCCC[C@H]2C)c(F)c1F,0.34045735
ZINC_250K_262,Oc1ccc(C2[NH+](Cc3ccccc3)CC[NH+]2Cc2ccccc2)c(O)c1,0.34045732
ZINC_250K_2025,C[C@@H](c1ccccc1F)S(=O)(=O)Cc1cccc(C(F)(F)F)c1,0.34045732
ZINC_250K_7363,COc1ccccc1OC(=O)c1ccc(OCC(C)C)cc1,0.34045732
ZINC_250K_4695,O=C(Nc1cc(Cl)ccc1Cl)[C@H](Cl)C(=O)c1ccccc1,0.3404573
ZINC_250K_1736,Nc1cc(N)nc(SCCn2c(=O)oc3cccnc32)n1,0.34045723
ZINC_250K_7240,Cc1nnsc1C(=O)Nc1sccc1C#N,0.34045723
ZINC_250K_3289,COCCC(=O)NC[C@@H]1CC[C@@H](C(=O)[O-])O1,0.34045723
ZINC_250K_6738,CCc1nsc(Oc2ccc(C=O)cc2Cl)n1,0.34045717
ZINC_250K_9921,N#C[C@@H]1C[C@H](C(=O)c2ccccc2)[NH+]2C=Cc3ccccc3[C@H]12,0.34045717
ZINC_250K_9686,CS(=O)(=O)N[C@H]1c2cccc3cccc(c23)[C@H]1Nc1ccc(Br)cc1,0.34045714
ZINC_250K_4303,CC1(C)CCC[C@]2(C[NH+]=C(N)N2c2cccc(Br)c2)C1,0.34045708
ZINC_250K_2529,O=C([O-])COCCNC(=O)[C@@H]1CCCCO1,0.34045708
ZINC_250K_1594,CCOc1c(OC)cc(C[NH+]2CCNC(=O)[C@@H]2CC)cc1OC,0.34045705
ZINC_250K_7229,Cc1ccc(C(=O)N[C@@H](C)c2cc(C)sc2C)c(F)c1,0.34045693
ZINC_250K_1192,O=C(C=C1CCSCC1)NC[C@H](O)C[NH+]1CCc2ccccc2C1,0.34045693
ZINC_250K_644,C[C@H](Nc1nc(-c2ccncc2)nc2ccccc12)c1ccccn1,0.3404568
ZINC_250K_8115,COC(=O)[C@H](OC(=O)c1cc2ccccc2cc1O)c1ccccc1,0.3404567
ZINC_250K_4284,Cc1cc2c(SCC(=O)c3ccc(Cl)s3)ncnc2s1,0.3404567
ZINC_250K_7377,Cc1cc(=O)n2cc(-c3ccc(Cl)cc3)nc2[nH]1,0.3404567
ZINC_250K_3915,CCCNC(=O)CNC(=O)C1CCN(C(N)=O)CC1,0.34045663
ZINC_250K_6801,CC[NH+](CC)[C@@H]1CCN([C@@H](C)C(=O)NC(C)(C)C)C1,0.34045658
ZINC_250K_6706,C[C@@]1([C@H](Cl)c2cc3[nH]c(=O)[nH]c3cc2Br)CCCO1,0.34045652
ZINC_250K_8585,CCc1cc(OCC#N)nc(-c2cccc(Cl)c2)n1,0.34045652
ZINC_250K_6504,Cc1nn(-c2ccc(Cl)cc2)c(C)c1CCC[NH3+],0.3404565
ZINC_250K_6748,Cc1cnoc1C(=O)N[C@@H](C)Cc1c(C)nn(C)c1C,0.3404565
ZINC_250K_406,O=C(N[C@H]1CCCC[C@H]1OC1CCCC1)c1ccc([N+](=O)[O-])cc1,0.34045643
ZINC_250K_3016,CCOC(=O)c1sc(NC)nc1C(F)(F)F,0.34045643
ZINC_250K_10456,CC[NH2+][C@H](Cc1ccc(Cl)c(Cl)c1)Cc1nc(C)c(C)s1,0.34045643
ZINC_250K_2326,C[C@H](OC(=O)c1ccoc1)c1nc2ccccc2n1C,0.34045643
ZINC_250K_9431,NC(=O)CCCNC(=O)c1ccc(F)cc1I,0.3404564
ZINC_250K_2692,CN[C@@]1(C#N)CCC[C@@H](Sc2ccc(C)c(C)c2)C1,0.34045637
ZINC_250K_1983,Cc1ccc(C(=O)NCCNC(=O)c2ccc(C)c([N+](=O)[O-])c2)cc1[N+](=O)[O-],0.34045637
ZINC_250K_1720,COCC(=O)N1C[C@@H](C)c2ccccc21,0.34045637
ZINC_250K_1688,C=C(C)CN(CC)C(=O)[C@H](C)N1CCN(C(=O)C2CCCC2)CC1,0.34045637
ZINC_250K_5932,Nc1ncc(F)c(-c2ccccc2OC(F)(F)F)n1,0.34045637
ZINC_250K_7774,CC(C)Oc1ccc([C@@H]([NH3+])[C@@H]2CN(C)CCO2)cc1,0.34045634
ZINC_250K_9799,CC(C)(C)c1noc(CCC(=O)OCC(=O)N2CCCC2)n1,0.3404563
ZINC_250K_7779,Cc1cc(C)c(NNC(=O)NCc2[nH+]ccn2CC(C)C)c(C)c1,0.3404563
ZINC_250K_3076,CCOC(=O)[C@@H]1CC[C@@H](NC(=O)OC(C)(C)C)C1,0.34045625
ZINC_250K_614,CC(C)c1nc2n(n1)CCC[C@H]2[NH2+]C[C@@H]1CCC[C@H](C)C1,0.34045625
ZINC_250K_5521,CCC1CCC([NH+]2CCN(c3cc(C)nc4ncnn34)CC2)CC1,0.34045625
ZINC_250K_150,CCOCCCNC(=O)N[C@@H]1CCC[C@@H](CC)C1,0.34045625
ZINC_250K_3738,C[C@@H](NC1CC[NH+]([C@H]2CCCC[C@@H]2O)CC1)c1ccsc1,0.34045625
ZINC_250K_8775,Cc1cccc2nc(NC3CC[NH+](C)CC3)nn12,0.34045622
ZINC_250K_861,CCC[C@H](C)C(=O)N[C@H](C)c1cccc(Br)c1,0.34045622
ZINC_250K_433,Cc1ccc(-c2nc(-c3ccc(OCC(F)(F)F)nc3)no2)cc1,0.34045622
ZINC_250K_8022,CCN(CC(=O)c1ccc(Cl)cc1Cl)Cc1ccccc1,0.3404562
ZINC_250K_6365,CC(=O)O[C@@H]1C=C2C=C[C@@H]3[C@H]4CC[C@@]5(CCC(=O)O5)[C@]4(C)CC[C@@H]3[C@]2(C)CC1,0.3404562
ZINC_250K_6768,CC[NH2+]CC(=O)N1CCN(S(=O)(=O)c2ccccc2)CC1,0.34045616
ZINC_250K_7703,O=S(=O)(c1cccs1)N1CCC[C@@H](CO)C1,0.34045616
ZINC_250K_9051,CC(C)(C)c1ccc([C@@]2(O)CN(c3ccccc3)C3=[N+]2CCCS3)cc1,0.34045598
ZINC_250K_6977,Cc1ncsc1C[NH2+][C@@H](C)c1ccc(F)cc1N(C)C,0.34045595
ZINC_250K_2461,CC[NH+]1CCC[C@@H]1CN(C)S(=O)(=O)c1cccc(C[NH3+])c1,0.34045592
ZINC_250K_7961,CC(C)CCOCCNc1nc2ccc(Br)cc2s1,0.34045583
ZINC_250K_3344,O=C(NC(=S)NCc1ccco1)C1CC1,0.34045583
ZINC_250K_8305,CCN(C/C(N)=N/O)C(=O)[C@H]1CSc2ccccc21,0.34045577
ZINC_250K_393,CC(C)CN(CCC#N)C(=O)NC[C@@H]1CC[C@H](C(=O)[O-])O1,0.34045577
ZINC_250K_5165,[NH3+]CCCCCC(=O)N1C[C@@H]2C[C@H](C1)c1cccc(=O)n1C2,0.34045577
ZINC_250K_8459,COC(=O)[C@H](N[C@H](C)c1ccc(-c2cncnc2)cc1)c1ccc(F)cc1,0.34045565
ZINC_250K_9814,CC[C@H]1C[NH2+]CC[C@H]1c1ccc(OC)c(F)c1,0.34045565
ZINC_250K_564,Cc1cccc([S@@](=O)Cc2ccc(N)c(F)c2)c1,0.34045562
ZINC_250K_1384,N/C(=N\OC(=O)COc1ccccc1Cl)c1ccc(Cl)cc1,0.3404556
ZINC_250K_9691,CCc1nn(C)c2c1[nH]c(=S)n2[C@]1(C)CCS(=O)(=O)C1,0.34045553
ZINC_250K_980,CCCN1C(N)=[NH+]C[C@@H]1c1cc(Cl)c2c(c1)OCO2,0.3404555
ZINC_250K_9725,CC[C@@H](CS)CN1C(=O)COc2ccc(Cl)cc21,0.34045547
ZINC_250K_2848,CC(C)C(=O)NCC[NH2+][C@@H](C)C[C@@H]1CCCCC[NH2+]1,0.34045547
ZINC_250K_3068,CC[C@@H]([NH3+])[C@@H](c1cccc(Cl)c1)N1C[C@@H](C)[C@@H](C)C1,0.34045544
ZINC_250K_3378,C[C@H]1CN(c2cc3c(cc2Br)C(=O)C(=O)N3)C[C@H](C)S1,0.34045538
ZINC_250K_4010,NC(=O)CONC(=O)[C@H]1CCCc2sccc21,0.34045535
ZINC_250K_7979,CN(Cc1ccc(O)cc1)c1c(C#N)c(=O)n(C)c(=O)n1C,0.34045532
ZINC_250K_6772,Cc1cc(C)n(-c2ccc(N3CCC[C@@H](C)C3)nn2)n1,0.34045532
ZINC_250K_4216,O=[N+]([O-])c1cccc(NC(=S)Nc2ccc(F)c(F)c2)c1,0.34045526
ZINC_250K_5703,Fc1ccccc1[C@@H]1N[C@H](c2nccs2)Cc2ccsc21,0.34045526
ZINC_250K_6300,Cc1ccc(F)cc1[C@@H]([NH3+])Cc1nc(C(C)(C)C)cs1,0.3404552
ZINC_250K_6095,CCNC(=O)[C@H](C)Sc1cccc(N)c1,0.3404552
ZINC_250K_2825,CC(C)(C(=O)Oc1ccc2c(c1)OCCO2)c1cccc(C#N)c1,0.3404552
ZINC_250K_2057,O=C1OCCOc2c1cnc1cc(C(F)(F)F)ccc21,0.34045514
ZINC_250K_5233,CCS(=O)(=O)Nc1ccc(CC(=O)NCC(F)(F)F)cc1,0.34045514
ZINC_250K_143,CC[C@@H]1CCCCN1C(=O)NC1CCN(C(=O)OC(C)(C)C)CC1,0.34045514
ZINC_250K_6509,CCC(CC)N(CCOC)C(=O)[C@H]1CC[NH2+][C@@H]1C,0.3404551
ZINC_250K_1009,COc1ccc(Cc2nn(C[NH+]3CCCC3)c(=S)o2)cc1,0.34045509
ZINC_250K_3035,Cc1ccc(N2NC(=O)/C(=C/c3ccc(Cl)cc3)C2=O)cc1,0.34045509
ZINC_250K_4126,CC(C)(C)c1ccc([C@@]2(C)C[NH+]=C(N)N2CC2CC2)cc1,0.34045503
ZINC_250K_8978,CCN(c1cncc(-n2nc(C)cc2C)n1)[C@H](C)c1cccnc1,0.340455
ZINC_250K_1033,CC[NH+](C)CCNC(=O)N1CCC(CC(=O)[O-])CC1,0.34045494
ZINC_250K_8836,O[C@@H](Cc1ccccc1Cl)[C@@H]1CCOC2(CCC2)C1,0.34045494
ZINC_250K_2752,COc1ccccc1/C=C/C[NH+]1CCN(CCO)CC1,0.34045485
ZINC_250K_7584,CCC[NH2+][C@H](COC(C)C)c1cc(F)ccc1C,0.3404548
ZINC_250K_6167,CSc1ccc(N[C@@H]2C[C@@H](C)N(c3ccccc3)C2)[nH+]n1,0.3404548
ZINC_250K_10315,CC[C@H](C)NC1(C#N)CN(C(=O)OC(C)(C)C)C1,0.34045476
ZINC_250K_4046,CC[C@H]1CN(C(=O)[C@@H]2CC[C@@H]3CCCC[C@@H]3[NH2+]2)CCN1C,0.34045476
ZINC_250K_3317,C[C@@H]([NH2+]C[C@]1(C)CCCO1)c1ccc2c(c1)CCC2,0.34045476
ZINC_250K_3987,C[C@@]1(C(=O)N/N=C/c2cccs2)CC1(Br)Br,0.34045473
ZINC_250K_9698,C[NH2+][C@H](Cc1cc(Cl)ccc1OC)c1c(F)cccc1F,0.3404547
ZINC_250K_892,CCN(Cc1ccc(Br)s1)C(=O)C[NH+](C)CC(=O)[O-],0.34045467
ZINC_250K_7506,CC[C@H]1Cc2ccc(CC(C)C)cc2C(=O)N1,0.34045467
ZINC_250K_8928,CCC[NH2+][C@H](C)c1nc([C@H]2CN(C(C)C)CCO2)no1,0.34045464
ZINC_250K_6440,[N-]=[N+]=NC[C@H]1C[NH+]=C(N)N1c1cccc(F)c1,0.34045464
ZINC_250K_3496,CN(C(=O)c1sccc1N)C1CCC(C)(C)CC1,0.3404546
ZINC_250K_6209,O=S1(=O)CC[C@@H](N(C2CC2)S(=O)(=O)Cc2ccccc2)C1,0.34045458
ZINC_250K_3886,Cc1cc(N)ccc1N[C@@H]1CCC[C@H](C)C1,0.34045455
ZINC_250K_1911,CCN(C(=O)C[NH2+]C1CCCCC1)c1ccccc1,0.34045452
ZINC_250K_3996,CN[C@@]1(C(N)=O)CC[C@@H](N2CC[C@H]([NH+]3CCCCC3)C2)C1,0.3404545
ZINC_250K_4510,Cc1ccc(/C=C/C(=O)N2CCC3(CC2)OCCO3)o1,0.3404545
ZINC_250K_1519,CCc1ccc(N)cc1S(=O)(=O)N(C)CC(=O)NC,0.3404545
ZINC_250K_6744,CCS(=O)(=O)C[C@@H](C)NC(=O)c1ccc(Cl)c(Cl)c1,0.34045446
ZINC_250K_4693,CC(C)c1noc(CCC(=O)N[C@@H]2CCC[C@@H](C)[C@H]2C)n1,0.34045443
ZINC_250K_2811,O=C(N[C@H](c1ccccc1)C1CCCC1)[C@H]1Cc2ccccc2S1,0.34045437
ZINC_250K_1591,O=S(=O)(Cc1noc(Cc2ccccc2)n1)c1ccc2ccccc2c1,0.3404543
ZINC_250K_3933,Cc1nc2c(s1)[C@H]([NH+](C)Cc1cccn1C)CCC2,0.3404543
ZINC_250K_2476,CC(C)c1ocnc1C[S@@](=O)[C@H](C)C(=O)NCC(F)(F)F,0.3404543
ZINC_250K_5887,O=C([O-])[C@@H]1CSCN1C(=O)c1cccc(Cl)c1,0.34045422
ZINC_250K_5060,CC(C)NC(=O)C(=O)N1CCN([C@H](C)c2c(F)cccc2F)CC1,0.3404542
ZINC_250K_1341,CS(=O)(=O)N1CCCN(S(=O)(=O)c2ccc(F)c(F)c2)CC1,0.34045416
ZINC_250K_5772,Cc1ncc([C@@H](C)NC[C@@H](O)c2c(F)cccc2F)s1,0.34045416
ZINC_250K_8776,C[NH2+]C[C@@H](C)Cc1c(C)nn([C@@]2(C)CCS(=O)(=O)C2)c1C,0.34045416
ZINC_250K_7940,Cc1ccsc1[C@@H](O)CNC(=O)C1CC1,0.34045416
ZINC_250K_10468,CCc1sc(NC(=O)CC(C)(C)C)nc1-c1ccccc1,0.34045416
ZINC_250K_1508,CN1CCO[C@@H]2CN(Cc3ccc(C#N)o3)C[C@@H]21,0.34045416
ZINC_250K_8624,C[C@H](CNC(=O)c1ccc(C(N)=S)cc1)Oc1ccccc1,0.3404541
ZINC_250K_6742,CC(C)Cc1nnc([C@H](C)Sc2nnc(-c3ccco3)n2C)o1,0.34045404
ZINC_250K_1475,CSC[C@H](C)N(C)C(=O)c1ccc(N(C)C)cc1F,0.340454
ZINC_250K_2585,CC[C@@H](NC(=O)c1csc(C#CCCO)c1)c1cccs1,0.340454
ZINC_250K_7998,Nc1nnc(NC(=O)C2CCOCC2)s1,0.340454
ZINC_250K_1159,Cc1nc(C[C@H]([NH3+])[C@@H]2COc3ccccc3C2)sc1C,0.34045398
ZINC_250K_9849,CN(C(=O)Nc1cccc(N)c1)C1CC1,0.34045398
ZINC_250K_1623,O=C(Nc1ccc2c(c1)OCCO2)c1cc2cc([N+](=O)[O-])ccc2s1,0.34045395
ZINC_250K_428,C[NH+](C)CCSc1ccc(NC(=O)C2CC2)nn1,0.34045395
ZINC_250K_4798,C[C@@H](C(=O)NC(c1cccs1)c1cccs1)n1cccn1,0.34045395
ZINC_250K_3419,Cc1ccc(C)c(NS(=O)(=O)c2cc3c(cc2Br)OCCO3)c1,0.34045395
ZINC_250K_5403,CCOC(=O)c1cc(Br)c2[nH]cnc2c1,0.34045392
ZINC_250K_7699,Cn1cc(/C=C/C(=O)c2cc(F)cc(F)c2)c(C(C)(C)C)n1,0.3404539
ZINC_250K_9251,Cc1c(C=O)c(Cl)n2c(nc3ccccc32)c1C#N,0.34045383
ZINC_250K_2822,C#CCNC(=O)Nc1cccc(C)c1,0.3404537
ZINC_250K_9579,OCc1nn2c(c1Br)N[C@@H](c1ccc(Br)o1)C[C@@H]2C(F)(F)F,0.3404537
ZINC_250K_1529,CCOC(=O)[C@@]1([NH2+]C)CC[C@H](S[C@@H]2CCC[C@H](C)C2)C1,0.3404537
ZINC_250K_1982,COc1c(C)cnc(C[NH2+][C@H]2CCC[C@@H](C)C2)c1C,0.34045368
ZINC_250K_5909,CC[C@@H](C)SCC(=O)Cc1nc(-c2ccccc2)cs1,0.34045368
ZINC_250K_6376,CC[NH2+][C@H](C)c1nnc(Cc2cccc(F)c2F)o1,0.34045365
ZINC_250K_6558,COc1ccc(/C=[NH+]/C[C@H]2COc3ccccc3O2)cc1OC,0.34045362
ZINC_250K_5087,Cc1cccc([C@@H]2NC(=O)c3c(sc4c3CC[NH+](C)C4)N2)c1O,0.34045362
ZINC_250K_2860,Cc1ccc(Cl)cc1NS(=O)(=O)c1ccc(Br)cc1,0.3404536
ZINC_250K_3732,CC[C@@H](CCO)C[NH2+][C@H]1C[C@H](C)c2c(C)ccc(O)c21,0.3404536
ZINC_250K_10149,Cc1noc(CN2CCOC[C@@H]2C2CC2)n1,0.34045354
ZINC_250K_893,O=C([O-])[C@H]1CCCN(c2ccc([O-])nn2)C1,0.34045348
ZINC_250K_1967,O=C([O-])c1cc(S(=O)(=O)[N-]c2ccc(F)cc2C(=O)[O-])c[nH]1,0.34045336
ZINC_250K_6640,CC(C)(C)N(CCC(=O)[O-])C(=O)N1CC[NH+]2CCC[C@H]2C1,0.34045333
ZINC_250K_9023,CO[C@H](C)[C@@H](NC(=O)OCc1ccccc1)C(=O)[O-],0.34045333
ZINC_250K_2413,Cc1cc(C)n(C[C@H](C)NS(=O)(=O)c2cn(C(C)C)cn2)n1,0.34045333
ZINC_250K_9860,CN(Cc1cc(Cl)cc(Cl)c1)C(=O)NCc1ccc(C#N)cc1,0.34045333
ZINC_250K_685,C=CCn1c(SCc2nnc([S-])n2-c2ccccc2)nnc1-c1ccccc1,0.34045333
ZINC_250K_7870,COC(=O)Cn1c(SC)nc2ccccc21,0.34045333
ZINC_250K_4581,CSc1ccc([C@H](Br)c2ccc3c(c2)CCC(=O)N3)cc1,0.34045327
ZINC_250K_2304,COC(=O)C(C)(C)C[NH2+][C@@H]1C[C@H]1c1ccccc1,0.34045327
ZINC_250K_799,Fc1ccc(Oc2ccnc(Sc3nnc(-c4cccs4)o3)n2)cc1,0.34045327
ZINC_250K_3766,COCc1ccc(C(=O)Nc2cccc(NC(C)=O)c2)cc1,0.34045324
ZINC_250K_7180,Cc1ccc(C)c(/C=C2/N=C(c3ccc(Cl)cc3)OC2=O)c1,0.34045318
ZINC_250K_3337,CSc1ccc(CNS(=O)(=O)c2cccc(C#N)c2)cc1,0.34045318
ZINC_250K_2299,Cc1ccc(SC/C([O-])=N/S(=O)(=O)c2ccccc2C)cc1,0.34045315
ZINC_250K_1509,COc1ccc(NC[C@H](C)Oc2cccc(C)c2)cc1,0.34045315
ZINC_250K_10224,O=C(Nc1cccc(F)c1F)c1ccncc1F,0.34045312
ZINC_250K_10000,COc1cc(C#N)ccc1OC(=O)c1c(C)noc1C,0.34045306
ZINC_250K_9490,CNC(=O)[C@@H]1C[C@H]1c1ccc(Cl)cc1Cl,0.34045306
ZINC_250K_7492,CCOC(=O)[C@H](NC(C)=O)[C@H](O)c1ccccc1[N+](=O)[O-],0.34045303
ZINC_250K_9773,CCc1noc(CC)c1CNC(=O)C(O)(c1ccccc1)c1ccccc1,0.34045303
ZINC_250K_439,Cc1cc(N2CC[C@H](C)[C@H](O)C2)nc(C)[nH+]1,0.34045297
ZINC_250K_8266,O=C1[C@H]2CCC[NH+]2[C@H](c2cccnc2)N1c1ccccn1,0.34045294
ZINC_250K_116,Cc1nnccc1C(=O)N[C@H](C)c1ccc(Cl)s1,0.3404529
ZINC_250K_3855,CC(=O)N[C@@H](CC(=O)N[C@@H](C)c1ccc(Cl)cc1Cl)c1cccs1,0.34045282
ZINC_250K_5881,Cc1ccc(-c2nc(C[NH+](C)Cc3cccs3)co2)cc1,0.3404528
ZINC_250K_8274,CC(C)C[C@H]1CC[NH+](Cc2cccnc2Cl)C1,0.34045276
ZINC_250K_9249,Cc1nnc(Cn2ccc(C(=O)C(C)C)c2)o1,0.34045273
ZINC_250K_6177,C[NH+](CC[C@@H]1CCCC[NH+]1C)Cc1nc(-c2ccco2)no1,0.34045273
ZINC_250K_8420,O=[N+]([O-])c1ccc(NCCSc2ccccc2)[nH+]c1,0.34045273
ZINC_250K_1515,CCC[C@@H](NC(=O)C1C[C@@H](C)O[C@H](C)C1)C(=O)OC,0.34045267
ZINC_250K_3867,C[C@H](CC(=O)Nc1c(F)cccc1Br)c1ccccc1,0.34045264
ZINC_250K_1481,CN1CCC[NH+](Cc2cc(Cl)ccc2N)CC1,0.3404526
ZINC_250K_8927,COC(=O)c1ccc(OCc2ccc(OC)c(OC)c2Br)cc1,0.3404526
ZINC_250K_7946,O=C(Nc1n[nH]c([S-])n1)N[C@H]1CCS(=O)(=O)C1,0.34045258
ZINC_250K_5936,CC1=NN(C(=O)Cn2nc(C)cc2C)[C@@](O)(C(F)(F)F)C1,0.34045255
ZINC_250K_10153,CC(C)(C[NH+]1CCC(Nc2ccccc2)CC1)S(C)(=O)=O,0.3404525
ZINC_250K_4491,CCOC(=O)C1=C(C)OC(N)=C([N+](=O)[O-])[C@@H]1c1ccccc1,0.34045246
ZINC_250K_4205,CNC(=O)NC(=O)[C@H](C)Nc1ccccc1CCC(F)(F)F,0.34045243
ZINC_250K_2128,COc1ccccc1C[C@@H](NC(=O)N(C)C(C)C)C(C)C,0.34045243
ZINC_250K_2041,Cc1ccccc1CS(=O)(=O)Nc1ccc(F)c(F)c1,0.3404524
ZINC_250K_5283,C=CC[NH+]1C=CC(=C/C=C(/C#N)C(=O)OCC)C=C1,0.3404524
ZINC_250K_10436,CC/C(=C\c1ccc(F)c(C)c1)C[NH2+]C(C)(C)C,0.3404523
ZINC_250K_9681,C[C@@H]1CC[C@H](C)[NH+](CC(=O)NCCc2ccccc2)C1,0.3404523
ZINC_250K_7647,Nc1cc(-c2nc([C@@H]3CSCCS3)no2)ccc1Cl,0.34045228
ZINC_250K_3002,N[C@H]1C(=O)Nc2cc(SCc3ccccc3)c(Br)cc21,0.34045225
ZINC_250K_5438,CSC[C@@H](C)N(C)C(=O)Nc1cccc(I)c1,0.34045222
ZINC_250K_1796,CC[C@H](C)NC(=O)CNC(=O)c1ccc(C)c(C)c1,0.34045222
ZINC_250K_1204,CC1CCC(NC(=O)CCc2nc(C(C)(C)C)no2)CC1,0.3404522
ZINC_250K_10394,C[C@H](c1cnccn1)[NH+]1[C@@H](C(=O)[O-])CC[C@H]2CCCC[C@H]21,0.34045216
ZINC_250K_1038,CC[NH2+][C@]1(C(=O)[O-])CC[C@@H](N2C[C@@H](C)O[C@@H](C)C2)C1,0.34045216
ZINC_250K_7728,CC[C@H](C)NC(=O)c1cc(Br)ccc1OC(C)C,0.34045216
ZINC_250K_2955,O=C(Cl)COc1ccc2c(c1)CCC2,0.34045216
ZINC_250K_5946,COCCN(CC(C)C)C(=O)N1CC[C@@H](C(=O)[O-])[C@H]1C,0.3404521
ZINC_250K_8737,CC[C@H](CNC(=O)c1ccccc1Cl)c1ccccc1,0.3404521
ZINC_250K_374,O=C([O-])[C@H]1CCCCN1C(=O)CSCc1ccccc1,0.3404521
ZINC_250K_3874,CNC(=O)Cc1nc(C[NH2+][C@@H](c2ccccc2)C(C)C)cs1,0.34045208
ZINC_250K_3919,[NH3+][C@@H]1C=C[C@H](C(=O)N2CCC[C@@H]2C(=O)N2CCOCC2)C1,0.34045205
ZINC_250K_7607,CC(C)(C)N1C[C@H](C(=O)N2CCC(C(=O)N3CCCCCC3)CC2)CC1=O,0.34045202
ZINC_250K_6861,COc1ccc(C[C@H](O)Cc2ccn(C(C)C)n2)cn1,0.34045202
ZINC_250K_6919,C[C@]1(C(=O)Nc2ccc(Br)cn2)CC1(Cl)Cl,0.34045196
ZINC_250K_1929,CC[C@H]1CCC[C@@](C[NH3+])([C@H](O)c2cccc(C)c2C)C1,0.34045196
ZINC_250K_10446,C[C@@H]1CCCN(C(=O)c2ccc(C=O)[nH]2)C1,0.34045196
ZINC_250K_6905,c1csc(-c2nc(C[NH2+]Cc3ccc(C4OCCO4)cc3)cs2)c1,0.34045193
ZINC_250K_4979,O=C(NC[C@@H]1C[C@H]1c1ccccc1)C1(O)Cc2ccccc2C1,0.3404519
ZINC_250K_3265,COC(=O)c1cccc(NS(=O)(=O)c2ccc(C)s2)c1,0.3404518
ZINC_250K_4882,CNS(=O)(=O)[C@H]1CCC[NH+]([C@@H](C)c2ncc(C(C)(C)C)o2)C1,0.34045175
ZINC_250K_609,CC(C)c1nc(C(=O)[O-])nn1-c1ccccc1F,0.34045172
ZINC_250K_5402,CC(=O)C1=C(C)OC(N)=C(C#N)[C@@]12C(=O)Nc1ccc(Br)cc12,0.34045166
ZINC_250K_7581,C[C@@H](C(=O)NC(=O)NCC(F)(F)F)N1CCSC(C)(C)C1,0.34045166
ZINC_250K_976,Cc1c(-c2nc(-c3cccs3)no2)sc2nc[nH]c(=O)c12,0.34045163
ZINC_250K_5336,[NH3+]CCc1n[nH]c(Cc2ccc([N+](=O)[O-])cc2)n1,0.34045163
ZINC_250K_7695,CC[N+]1(C[C@@H](O)CO[C@@H]2C[C@H](C)CC(C)(C)C2)CCOCC1,0.34045163
ZINC_250K_9340,Cc1ccc(N(C[C@H]2C=c3ccc(C)cc3=[NH+]C2=O)C(=O)C(C)C)c(C)c1,0.34045163
ZINC_250K_8500,CCN(CCc1ccccc1)C(=O)C1C[C@H](C)O[C@@H](C)C1,0.3404516
ZINC_250K_3540,Cc1ccsc1CN(C)S(=O)(=O)c1cccc(F)c1,0.34045157
ZINC_250K_4545,C[C@@H](C#N)Sc1nc2ccccc2c(=O)n1-c1ccccc1,0.34045157
ZINC_250K_3872,Clc1ncccc1OCc1coc(-c2cccs2)n1,0.34045154
ZINC_250K_9771,CNC(=O)/C(=C/C=C\c1ccccc1)NC(=O)c1ccc([N+](=O)[O-])cc1,0.3404515
ZINC_250K_5240,O=[S@](Cc1cn2ccccc2n1)Cc1cccnc1Cl,0.3404515
ZINC_250K_8389,CCc1nn(C)cc1CNC(=O)[C@@H](C)OC,0.34045145
ZINC_250K_9763,Cc1c[nH]c(C(=O)N2CCN(C(=O)CC(C)C)[C@@H]3CS(=O)(=O)C[C@@H]32)c1,0.34045145
ZINC_250K_1827,CC(=O)CN1N=C(C)[C@@H](C)n2c1nc1c2c(=O)n(C)c(=O)n1C,0.34045142
ZINC_250K_5973,NC(=O)c1ccc(C(=O)Oc2cc(F)cc(Br)c2)cn1,0.3404514
ZINC_250K_10103,CCc1ccc(NC(=O)C(=O)N2CCCC2)cc1,0.3404514
ZINC_250K_2799,CCNS(=O)(=O)[C@@H]1CCN(C(=O)NC2CC=CC2)C1,0.3404514
ZINC_250K_4096,CC(C)(C)OC(=O)NNC(=O)c1csc(-c2ccsc2)n1,0.34045136
ZINC_250K_4566,Cc1ccccc1CCN1C(=O)[C@@H](C)NC(=O)[C@H]1C,0.34045127
ZINC_250K_316,C=C[C@](C)(O)CC[C@H]1C(C)=CC(=O)[C@H]2C(C)(C)CCC[C@]12C,0.34045124
ZINC_250K_2333,CCN(C)S(=O)(=O)NCc1ccc(-n2cccn2)cc1,0.34045115
ZINC_250K_9667,COC(=O)C[C@@H]1C(=O)C(C)(C)C(=O)O[C@H]1c1ccc(F)cc1,0.34045115
ZINC_250K_4033,CCOC(=O)c1cnn(C(=O)OCC)c1N,0.34045112
ZINC_250K_1132,CC[C@H](C)NC(=O)c1sc(C)cc1OC,0.34045112
ZINC_250K_211,COCc1ccc(C(=O)N(C)Cc2ccc(Cl)s2)cc1,0.3404511
ZINC_250K_1676,C[C@H]1[C@@H](NC(=O)/C(C#N)=C/c2ccccc2)CCC[C@@H]1C,0.34045106
ZINC_250K_939,CC[C@H](C)C(=O)Nc1ccccn1,0.34045106
ZINC_250K_2715,C[C@@H](C[NH2+]Cc1cc[nH]c1)c1ccc(F)c(F)c1,0.34045103
ZINC_250K_5131,CCNc1cccc(CN(C)C[C@@H]2CCC[NH+]2C)[nH+]1,0.3404509
ZINC_250K_315,CC(C)CNC(=O)NC(=O)[C@@H](C)Nc1ccc(OC(C)C)cc1,0.34045085
ZINC_250K_9756,CO[C@@H]1CC[C@@H]2OCCN(C(=O)C=C3CCSCC3)[C@@H]2C1,0.34045085
ZINC_250K_4336,CC(C)CNC(=O)NC(=O)[C@H](C)[NH2+]CC1(N2CCSCC2)CCCC1,0.3404508
ZINC_250K_8406,Cc1ccc(C)n1NC(=O)c1ccc(N)c(F)c1,0.34045073
ZINC_250K_10126,Cc1ccc(F)cc1[C@@]1(O)CCCS[C@H]1C,0.34045073
ZINC_250K_7970,CCn1c(SCc2ccccc2C)nc2ccccc2c1=O,0.34045053
ZINC_250K_8011,COC(=O)[C@H]1CC[NH+](CC(=O)Nc2ncccn2)C1,0.34045053
ZINC_250K_5136,O=C1CCCC[C@@H]1Sc1nccn1-c1ccccc1,0.34045053
ZINC_250K_10223,COc1ccc([C@H](O)c2cnc(C(C)C)n2C)cc1OC,0.34045053
ZINC_250K_8780,O=C(NCCCO)N[C@@H](Cc1ccc(Cl)cc1)c1ccccc1,0.34045053
ZINC_250K_8605,O=C(COc1ccccc1)NNC(=O)c1ccccc1Br,0.34045053
ZINC_250K_8472,CC(C)CC[C@@H]1CCC[C@@H]1NC(=O)N1CCC(C(=O)NC(C)C)CC1,0.34045047
ZINC_250K_6579,CC[C@H]1CCCCN1C(=O)c1ccc(C)cc1C,0.34045047
ZINC_250K_3200,C[C@H](Oc1ccccc1N)C(=O)c1ccc(Cl)cc1,0.3404503
ZINC_250K_4797,Cn1cnc(S(=O)(=O)Oc2ccc(Cl)cc2Br)c1,0.3404503
ZINC_250K_4029,N#C[C@@H](NC(=O)c1ccc(F)c(F)c1F)C1CC1,0.34045026
ZINC_250K_2376,C[C@H]([C@H](C)S(C)(=O)=O)N(C)Cc1ccc([N+](=O)[O-])c(O)c1,0.34045023
ZINC_250K_10087,COC(=O)C[C@@H]1CN(C2CCCCCCC2)CCO1,0.34045017
ZINC_250K_9195,CC[C@@H]([NH2+]Cc1ccc(-c2ccc(F)cc2)s1)c1noc(C)n1,0.34045014
ZINC_250K_5469,COc1cc(C)c([C@@H](C)[NH2+][C@@H]2CCc3sc(Cl)cc32)cc1OC,0.34045014
ZINC_250K_8166,COC(=O)[C@H](C)[C@@H](NC(=O)c1sccc1C)c1ccccc1,0.34045008
ZINC_250K_8085,O=c1nc[nH]c([O-])c1CN1CCOCC1,0.34045005
ZINC_250K_8167,O=C1N(c2ccc(Br)cc2)[C@H]2CS(=O)(=O)C[C@@H]2N1c1cccc(Cl)c1,0.34045005
ZINC_250K_899,Cc1cc(C(=O)NNC(=O)c2cccc3ccccc23)c(C)o1,0.34044996
ZINC_250K_8918,COC(=O)CCNc1ccccc1F,0.3404499
ZINC_250K_6944,CCc1noc(CNc2ccccc2Cc2ccccc2)n1,0.3404499
ZINC_250K_9618,Cc1c([N+](=O)[O-])cccc1S(=O)(=O)Oc1cccc(C(C)C)c1,0.3404499
ZINC_250K_7802,N#Cc1ccnc(NC[C@H]2CCC[NH2+]2)c1,0.34044984
ZINC_250K_10339,CC(C)(C)OC(=O)C1CCC(NS(=O)(=O)CC#N)CC1,0.34044975
ZINC_250K_130,O=C(C=C1CCSCC1)N[C@@H]1CCC[C@H]1Cc1ccccc1,0.34044975
ZINC_250K_5153,CN(Cc1cccc(C(F)(F)F)c1)C(=O)NCc1ccsc1,0.3404496
ZINC_250K_8446,CN1C(=O)/C(=C2\SC(=S)N(c3cccc(Cl)c3)C2=O)c2ccccc21,0.3404496
ZINC_250K_3837,C[C@H]1CC[C@](C#N)([C@](C)(O)c2ccccc2F)C1,0.3404496
ZINC_250K_8065,C=CCNc1ccc([N+](=O)[O-])cc1C#N,0.34044957
ZINC_250K_1861,CC/[NH+]=C(/NCC1CCC1)N[C@H]1CCS(=O)(=O)C1,0.34044957
ZINC_250K_6316,O=C(NC12CC3CC(CC(C3)C1)C2)c1cc(F)ccc1F,0.34044948
ZINC_250K_514,O=C(CSc1nnnn1C1CC1)N[C@H](CO)C(=O)[O-],0.34044945
ZINC_250K_8412,CCn1cc[nH+]c(N2CC[NH+](C/C=C/c3ccccc3)CC2)c1=O,0.34044942
ZINC_250K_5299,CC(C)c1nc(N(C)C[C@@H]2CC[NH+](C)C2)sc1C(=O)[O-],0.3404494
ZINC_250K_9378,Cc1cc(C)c([C@H](C)[NH2+]CC(C)(C)N2CCS(=O)CC2)cc1C,0.3404494
ZINC_250K_8501,CCC[C@@H](C)NC(=O)CNn1c(C)ccc1C,0.34044936
ZINC_250K_2167,Cc1ncccc1NCc1ccc(O)cc1,0.34044933
ZINC_250K_5740,CNC(=O)[C@H]1CCCCN1C(=O)[C@H]1CC[NH2+][C@H]1C,0.34044924
ZINC_250K_3592,CCSCCn1cnc2sc(C)cc2c1=O,0.34044924
ZINC_250K_5606,CC[NH+](CC(=O)NCc1ccc(F)cc1)CC(=O)NC(N)=O,0.34044924
ZINC_250K_6488,CCOc1ccccc1[C@H]1c2cc3c(cc2O[C@@](C)(O)[C@H]1C)OCO3,0.34044924
ZINC_250K_2447,C[C@@H](c1ccccc1F)N(C(=O)C1CCC1)C1CC1,0.34044918
ZINC_250K_4447,CC1(C)CC(=O)C2=C(C1)N[C@@H]1N=NC(O)=C1[C@H]2c1ccc2c(c1)OCO2,0.34044912
ZINC_250K_297,CC(=O)N[C@@H]1C(=O)C[C@@H]2[C@H]3CCC4=CC(=O)CC[C@@]4(C)[C@@H]3CC[C@]12C,0.340449
ZINC_250K_2499,COc1ccc2c(c1)=C[C@H](CN(c1ccc(C)c(C)c1)S(C)(=O)=O)C(=O)[NH+]=2,0.340449
ZINC_250K_1526,C[NH2+]Cc1cc(Br)c(OCc2ccc(Cl)c(Cl)c2)c(OC)c1,0.34044898
ZINC_250K_5528,[NH3+][C@H](c1ccc(Cl)cn1)[C@H]1CCc2cccnc21,0.34044892
ZINC_250K_8575,O=C1OC(c2ccc([N+](=O)[O-])cc2)=N/C1=C/c1cc2c(cc1Br)OCO2,0.34044892
ZINC_250K_4234,CCc1c(C(=O)CNc2ccccc2C)[nH]c(C)c1C(C)=O,0.34044892
ZINC_250K_3875,COC(=O)c1ccc(NC(=O)/C(=C\c2ccccc2)NC(=O)c2ccccc2)cc1,0.3404489
ZINC_250K_4418,O=C(c1cc(Cl)sc1Cl)N1CCN(c2cc[nH+]cc2)CC1,0.34044886
ZINC_250K_6,COc1ccc(C(=O)N(C)[C@@H](C)C/C(N)=N/O)cc1O,0.34044886
ZINC_250K_2882,CCC(=O)Nc1ccc(C(=O)COc2ccc(C(N)=O)cc2)cc1,0.34044883
ZINC_250K_9253,C[C@@H]1CCC[C@H](NC(=O)c2nc[nH]n2)C1,0.3404487
ZINC_250K_8957,C[C@H](O)[C@@H](C)SCC(=O)Nc1ccc(OC(F)(F)F)cc1,0.34044868
ZINC_250K_7204,c1cc(CN2CCCC[C@@H]2c2ccncn2)ccn1,0.34044865
ZINC_250K_6585,[NH3+]C[C@@H]1CCN(c2ccc(Oc3ccccc3)cc2)C1,0.34044865
ZINC_250K_1942,Cn1cc(NC(=O)C2(c3ccccc3)CC2)cc1C(N)=O,0.34044862
ZINC_250K_6393,Cc1ccc(C)c([C@H]2OCCC[C@@H]2C[NH2+]CC(C)C)c1,0.3404486
ZINC_250K_9545,O=C(Nc1ccc(F)cc1)N[C@H](c1ccccc1)c1ccccn1,0.34044856
ZINC_250K_2187,O=Cc1cn([C@H]2CCS(=O)(=O)C2)nc1-c1ccoc1,0.34044856
ZINC_250K_8757,[NH3+]CCC[NH+]1CCN(c2cccc(Cl)c2)CC1,0.34044856
ZINC_250K_3369,COCCCNc1nc(-c2ccccc2)nc2nc(-c3ccccc3)oc12,0.3404485
ZINC_250K_2286,CNC(=O)c1ccc(Cl)cc1[N-]S(=O)(=O)c1ccccc1Cl,0.34044847
ZINC_250K_9312,O=C1[C@H](N2CCN([C@@H]3CS(=O)(=O)C[C@@H]3O)CC2)CCN1c1ccccc1,0.3404484
ZINC_250K_5011,CN(c1ncnc2ccsc12)C1CCC2(CC1)OCCO2,0.3404484
ZINC_250K_5177,CSc1ncc(C(=O)NNC(=O)c2ccco2)n1-c1ccccc1,0.34044838
ZINC_250K_9270,Cc1noc(C)c1N(C)C(=O)c1ncccc1C(F)(F)F,0.34044835
ZINC_250K_1426,CC(C)C(=O)N1CCN(S(=O)(=O)c2cccc(Br)c2)CC1,0.34044835
ZINC_250K_308,CNC(=O)CNS(=O)(=O)c1cccc(C(F)(F)F)c1,0.3404483
ZINC_250K_2247,CC(C)Cn1cc[nH+]c(N2C[C@H]3CC[C@@H]2C3)c1=O,0.3404483
ZINC_250K_2551,C/[NH+]=C(/NCCc1cc(C)cc(C)c1)NCc1ncc(C)s1,0.3404483
ZINC_250K_9323,CCCn1cc[nH+]c1C[C@@H](O)[C@@H]1CCc2ccccc2C1,0.3404483
ZINC_250K_7510,CCNS(=O)(=O)[C@@H]1CCN(C(=O)C2C3CC4CC(C3)CC2C4)C1,0.34044826
ZINC_250K_3478,C[C@H](NC(=O)N[C@H](c1ccccc1)c1nccn1C)c1nccs1,0.34044826
ZINC_250K_2221,CN1CC[C@H](SCc2ccc(F)cc2F)C1=O,0.34044826
ZINC_250K_6974,O=C(N[N-]S(=O)(=O)c1ccccc1[N+](=O)[O-])c1ccncc1,0.3404482
ZINC_250K_9520,Cc1ccc(C)c([C@H](O)[C@H]2C[NH+](C)CCN2C)c1,0.3404482
ZINC_250K_1379,C=C(Br)CN1CCN(c2cc(C)[nH+]c(C)n2)CC1,0.34044817
ZINC_250K_9521,Cc1ccc(S(=O)(=O)N(CCC(=O)[O-])c2ccccc2C(=O)[O-])cc1,0.34044808
ZINC_250K_494,Cc1ccccc1OCC(=O)O[C@@H](C)c1nccs1,0.34044805
ZINC_250K_4404,CCNC(=O)N1CC[C@@H](NC(=O)N[C@@H]2CCCC[C@@H]2OC2CCCC2)C1,0.34044802
ZINC_250K_1716,CCn1ncc(S(=O)(=O)N[C@H](C)c2ccccc2)c1C,0.34044802
ZINC_250K_5820,O=C1NC(=O)N(c2ccc(Br)cc2)C(=O)/C1=C\c1cccc(Cl)c1,0.34044802
ZINC_250K_7570,CCCNC(=O)[C@@H]1COC2(CCC(C)CC2)N1C(=O)CC(C)C,0.3404479
ZINC_250K_9115,O=C([O-])c1cn(C2CN(CC(F)(F)F)C2)nn1,0.34044787
ZINC_250K_5430,Cc1ccc(Cc2nc(C(=O)O[C@H](C)C(F)(F)F)cs2)cc1,0.34044784
ZINC_250K_3477,C[NH+]1CCN(CCCNC(=O)C(=O)c2ccc(Br)cc2)CC1,0.34044784
ZINC_250K_5243,COC(=O)C1=C(C)C(C(=O)O[C@@H](C)C(=O)c2ccccc2)=N[C@H]1C,0.34044778
ZINC_250K_9488,CCc1nn(C)c(N2CCC(OC3CCCC3)CC2)c1[N+](=O)[O-],0.34044778
ZINC_250K_5236,NC(=O)N/N=C/c1c(-c2ccccc2)cc2ccccn12,0.34044772
ZINC_250K_6790,Cc1nonc1NC(=O)C[C@H](C)c1ccc(C(C)C)cc1,0.34044772
ZINC_250K_4344,Cc1ccc(CC(=O)Nc2sc(C)c(C)c2C(N)=O)s1,0.34044766
ZINC_250K_1267,CCCC[C@H](CC)CNC(=O)Nc1ccc(C#N)cc1,0.34044763
ZINC_250K_6236,COc1c(C)cc(C[NH2+]Cc2n[nH]c(-c3ccco3)n2)cc1C,0.34044763
ZINC_250K_8686,Cc1cc(F)c([C@@](C)(CO)NCc2cccs2)cc1F,0.34044757
ZINC_250K_2434,O=C([O-])c1ccc(Cl)cc1NC(=O)c1cc(Cl)nnc1Cl,0.34044757
ZINC_250K_2377,[NH3+]Cc1ccccc1CS(=O)(=O)N1CCN2CCC[C@@H]2C1,0.34044757
ZINC_250K_2359,COc1ccc(N)c(SCc2c(Cl)cc(C)nc2Cl)c1,0.34044757
ZINC_250K_1966,C#CCN1C(=O)N=C(N)[C@]12CCC[C@@H](C(C)(C)C)CC2,0.34044757
ZINC_250K_1732,C[C@@H](CO)CS(=O)(=O)CC(=O)N(C)Cc1cccs1,0.34044752
ZINC_250K_499,CC(C)NS(=O)(=O)c1ccc(C(=O)N[C@H](C)c2ccccc2Br)cc1,0.3404475
ZINC_250K_339,C[C@H]1CN(Cc2cnn(-c3ccccc3)n2)C[C@H](C)S1,0.3404475
ZINC_250K_7122,CCc1ccc(C(C)(C)NC(=O)NCc2ccc(S(C)(=O)=O)cc2)cc1,0.3404473
ZINC_250K_8740,Cc1nn(C)c(Cl)c1CS(=O)(=O)c1ccc([N+](=O)[O-])cc1,0.34044728
ZINC_250K_6526,O=C(NC[C@](O)(c1ccco1)C1CC1)C1CCC1,0.34044725
ZINC_250K_3071,COC(=O)Cn1c(=O)oc(=O)c2cc(C)ccc21,0.34044725
ZINC_250K_3307,CC(C)(C)c1n[nH]c(C(=O)N2CCO[C@H]3CCC[C@H]32)n1,0.34044725
ZINC_250K_8822,COCC(=O)NNC(=O)CNc1ccc(C)cc1,0.3404472
ZINC_250K_263,Fc1ccc([C@@H]2C[C@@H](c3ccc(Br)cc3)Nc3ncnn32)cc1Br,0.3404472
ZINC_250K_5419,Cc1csc(CNC(=O)N[C@H]2CC[NH+]3CCCC[C@H]23)n1,0.34044716
ZINC_250K_5744,C[C@H]1CN2CCCC[C@@H]2CN1S(=O)(=O)CCC[NH2+]C1CC1,0.34044716
ZINC_250K_4788,N#C[C@H](COC(=O)c1cccc(Br)c1)Cc1cccs1,0.34044716
ZINC_250K_6709,Cc1ccc(-c2noc(CS(=O)(=O)[C@@H](C)[C@@H](C)O)n2)cc1,0.34044713
ZINC_250K_8222,CCc1nc(CCNc2ncnc3sc(C)c(C)c23)no1,0.3404471
ZINC_250K_10429,CC(C)[C@@H]1CN(Cc2ccc(O)cc2)C(C)(C)C[NH2+]1,0.3404471
ZINC_250K_3263,COc1ccc(C(=O)COC(=O)c2cccc(S(C)(=O)=O)c2)cc1,0.3404471
ZINC_250K_2853,CC(C)C[C@@H](C[NH+](C)C)NC(=O)N1CCC([NH+]2CCCC2)CC1,0.3404471
ZINC_250K_9904,COC(=O)Cc1ccc(-c2csc(N)n2)n1C,0.34044707
ZINC_250K_7084,Cc1ccc(Cl)c(O[C@@H](C)C(=O)OCC(N)=O)c1,0.34044698
ZINC_250K_8078,[NH3+]C1CCN(Cc2ccc(Cl)nc2)CC1,0.34044695
ZINC_250K_8252,C[C@H](NC(=O)c1cc(C2CC2)on1)c1ccc2c(c1)OCCO2,0.34044695
ZINC_250K_8310,Fc1ccc2c(c1)[C@@H]([NH2+]CCC1=CCOCC1)CCO2,0.34044692
ZINC_250K_5384,COc1cc([C@H]2NCCc3ccccc32)ccc1Cl,0.3404469
ZINC_250K_6770,CCn1c(C)cc(/C=C(/C(=O)[O-])c2ccccc2)c1C,0.34044683
ZINC_250K_372,Cc1nnsc1C(=O)Nc1nnc(-c2ccc(Br)cc2)o1,0.3404468
ZINC_250K_8969,COc1ccc(Nc2nnc(C(C)(C)C)c(=O)n2N)cc1,0.34044677
ZINC_250K_7806,CCCCOc1ccc(C2CC([O-])C2)cc1OC,0.34044674
ZINC_250K_37,CCC[NH2+][C@@H]1COC[C@H]1C(=O)NCc1cscc1C,0.34044674
ZINC_250K_9005,CO[C@H]1CCC[C@H]1n1c([C@@H](C)Cl)nc2cnccc21,0.34044674
ZINC_250K_9277,CC(=O)Nc1ccc(C)c(NC(=O)[C@H](C[NH3+])CC(C)C)c1,0.3404467
ZINC_250K_9,C[C@@H]1CN(C(=O)c2cc(Br)cn2C)CC[C@H]1[NH3+],0.34044668
ZINC_250K_125,COc1cccc(COc2ccc(OC)cc2CCl)c1,0.34044665
ZINC_250K_3621,O[C@@H](C[NH2+]Cc1cccc(Br)c1)COc1ccccc1,0.34044653
ZINC_250K_2532,C[C@@H]1CN(c2ccccc2C[NH2+]C2CCC(O)CC2)C[C@H](C)O1,0.34044653
ZINC_250K_6873,COCc1cc(C[NH+]2CCC[C@@H]2[C@@H]2CCCCC2=O)no1,0.34044647
ZINC_250K_8311,CN(Cc1cc(Cl)cc(Cl)c1)C(=O)c1cccc(C[S@@](C)=O)c1,0.34044647
ZINC_250K_7502,Cc1cc(C[NH+]2CCC(OCCc3ccccc3)CC2)c(C)o1,0.34044647
ZINC_250K_3866,COc1cccc(C[C@H](C[NH3+])Cc2nc(C)cs2)c1,0.3404464
ZINC_250K_973,Cc1ccc([C@H]2C3=C(NC(=O)N2C)c2ccccc2C3=O)cc1,0.3404464
ZINC_250K_1851,Cc1nc(Cl)cc(Oc2ccc(Cl)c3ccccc23)n1,0.34044635
ZINC_250K_6870,N#C[C@@H](NC(=O)c1ccc([N+](=O)[O-])cc1Cl)c1ccc(Cl)c(Cl)c1,0.34044632
ZINC_250K_8426,Cc1ccc(S(=O)(=O)CCCN2C(=O)N[C@@H](CC(C)C)C2=O)cc1,0.3404463
ZINC_250K_6690,O=C(CCC(=O)N1CCOCC1)O[C@@H](C1CCCCC1)C(F)(F)F,0.34044617
ZINC_250K_5389,CC(C)CCN1CC2(CCN(C(=O)C[C@@H](C)N3CCOCC3)CC2)OC1=O,0.34044614
ZINC_250K_10040,Nc1nc(Oc2ccc(F)cc2Br)ccc1[N+](=O)[O-],0.34044614
ZINC_250K_4330,Cc1cnc(S(=O)(=O)CCCC(=O)Nc2c(C)cccc2C)nc1,0.34044608
ZINC_250K_4548,CCC[C@@H]([NH2+]C1CCN(C(=O)NC2CCCCC2)CC1)C1CC1,0.34044608
ZINC_250K_2818,CC(=O)N[C@H](CC(=O)NCC(C)(C)c1ccncc1)c1ccc(C)cc1,0.34044605
ZINC_250K_10195,CC[C@H](C)[C@H](NC(=O)c1ccc([N+](=O)[O-])cc1)C(N)=O,0.34044603
ZINC_250K_4884,C=C(C)CN/C(N)=[NH+]\Cc1ccc(C)cc1N(C)C,0.34044597
ZINC_250K_9885,Cc1ccc(O[C@@H](C)C(=O)N(C)CCc2cccs2)cc1,0.34044597
ZINC_250K_6340,C[C@H](NC(=O)OCc1ccccc1)C(O)(O)C(=O)CCl,0.34044594
ZINC_250K_9788,C/C(=N/NC(=O)c1cncc(Br)c1)c1ccc(C(C)(C)C)cc1,0.34044594
ZINC_250K_9626,Cc1nc(-c2n[nH]c3c2CCCC3)n(C2CC[NH+](C)CC2)n1,0.34044594
ZINC_250K_7287,CCC(=O)Nc1cc(NC(=S)NC(=O)C(C)(C)C)ccc1C,0.34044588
ZINC_250K_1723,CC(=O)Nc1ccc(C2=NN(C(C)=O)[C@@H](c3cccs3)C2)cc1,0.34044588
ZINC_250K_9658,CCCCCN(C(=O)N[C@H](C)c1ncc(C)s1)C(C)C,0.34044588
ZINC_250K_3664,O=[S@@](Cc1csc(-c2ccc(F)cc2)n1)c1cccc(F)c1,0.34044582
ZINC_250K_586,CCN(CC(C)(C)O)C(=O)COCc1ccccc1Cl,0.34044582
ZINC_250K_3932,O=C1NC(=O)C(=Cc2ccc(OC(=O)c3cccc4ccccc34)cc2)C(=O)N1,0.34044582
ZINC_250K_10450,C=CCn1c(SC[C@H](C)O)nc2c1c(=O)[nH]c(=O)n2C,0.3404457
ZINC_250K_1261,CCCC1=NN2C(=N)/C(=C\c3ccc(C(C)C)cc3)C(=O)N=C2S1,0.3404457
ZINC_250K_3380,c1ccc(-c2cc(N3C[C@@H]4[C@H](C3)[C@H]3CC[C@@H]4O3)c3ccccc3[nH+]2)cc1,0.3404457
ZINC_250K_6649,C[C@@H]1[C@@H](C(=O)[O-])CC[NH+]1c1ccc(F)cc1C(N)=O,0.34044558
ZINC_250K_12,O=C(N1CCc2c(F)ccc(F)c2C1)C1(O)Cc2ccccc2C1,0.34044555
ZINC_250K_2621,CC1=C(CC[NH+]2CCC[C@@H](C(N)=O)C2)C(C)(C)CCC1,0.34044555
ZINC_250K_2819,CCN1CCN(C(=O)[C@H]2[C@@H]3C[C@H]4[C@H](OC(=O)[C@H]42)[C@H]3Cl)CC1,0.34044555
ZINC_250K_7754,CCOC(=O)[C@@]12O[C@]1(c1ccc(C)cc1)C(=O)c1ccccc1C2=O,0.34044555
ZINC_250K_10447,C[C@H]1C[C@@H]([NH3+])CN(C(=O)c2cc(Cl)c(Cl)[nH]2)C1,0.34044555
ZINC_250K_4639,C[C@@H]1CC[C@@H](C(=O)[O-])[C@H]2C(=O)N(c3ccccc3)C(=O)[C@@H]21,0.34044552
ZINC_250K_4377,COC(=O)C[C@H](NC(=O)N1CC[NH+]2CCC[C@@H]2C1)C(=O)[O-],0.34044552
ZINC_250K_6718,NC(=O)c1ccc(NC2CCCCCCC2)c(N)c1,0.3404455
ZINC_250K_6645,C[C@@H]1CC[C@H](NC(=O)N2CCC[C@H](CCO)C2)[C@H](C)C1,0.3404455
ZINC_250K_7384,Clc1ccc(NCc2n[nH]c(-c3ccccc3)n2)cc1,0.34044546
ZINC_250K_8076,Cc1cc(-n2c(C)cc(C(=O)C[NH+]3CCCC[C@H]3CCO)c2C)no1,0.34044543
ZINC_250K_5739,NC(=O)COC(=O)c1cccc(OCC(F)F)n1,0.34044543
ZINC_250K_6295,c1ccc2ncc(Cn3cc[nH+]c3-c3ccoc3)cc2c1,0.3404454
ZINC_250K_5259,CC(C)CNC(=O)NNC(=O)c1cc(F)ccc1Br,0.3404454
ZINC_250K_1338,CCOCCn1c(C(C)(C)C)cn2c3c(=O)n(C)c(=O)n(C)c3nc12,0.34044534
ZINC_250K_833,CS(=O)(=O)c1ccc(C(=O)Nc2ccc(F)c(F)c2F)cc1,0.34044528
ZINC_250K_5566,C[C@H]([NH2+][C@H](C)c1ccccc1)c1ccc(N2CCCS2(=O)=O)cc1,0.34044525
ZINC_250K_7147,Cn1ccc(C(=O)OCC(=O)c2ccco2)n1,0.3404452
ZINC_250K_10167,Cc1cccc(NNC(=O)c2cc[nH]n2)c1,0.34044513
ZINC_250K_4923,N/C(=[NH+]\NC(=O)c1cccs1)c1ccc(C(F)(F)F)cn1,0.34044513
ZINC_250K_1503,O=[N+]([O-])c1cccc(CSc2nc3ccccc3[nH]2)c1,0.34044507
ZINC_250K_5628,O=C(C1CCN(CC[NH+]2CCCC2)CC1)N(Cc1ccccc1)C1CC1,0.34044504
ZINC_250K_2889,O=C(NCc1cccnc1)c1ccc(CSc2ccccc2)cc1,0.34044504
ZINC_250K_7082,CC[C@@H](C)C[NH+]1CCN(Cc2ccco2)CC1,0.34044498
ZINC_250K_10092,CCC[C@](C)(CO)NC(=O)Nc1cc(Cl)ccc1SC,0.34044498
ZINC_250K_8358,Cc1cc(F)ccc1-n1ccc(C)c(C(=O)[O-])c1=O,0.34044492
ZINC_250K_7219,CC(C)c1nnc(NC[C@H]2CCC[NH+](C)C2)s1,0.34044486
ZINC_250K_8198,C[C@H](NC(=O)[C@@H](C)Oc1ccc(Cl)cc1Br)C(=O)[O-],0.34044486
ZINC_250K_403,CC(=O)N[C@H](C)C(=O)Nc1ccc(Sc2nncs2)c(Cl)c1,0.34044486
ZINC_250K_3131,CCn1nc(C)cc1C(=O)N1C[C@@H](C)CC[C@H]1C,0.34044483
ZINC_250K_5032,CC[NH+](CC)Cc1ccccc1NC(=O)[C@@](C)([NH3+])CC,0.34044483
ZINC_250K_8574,C[C@@H]1Cc2ccccc2N1S(=O)(=O)c1ccc(Br)s1,0.34044483
ZINC_250K_9219,C[C@H](C[C@H]1CCCCC[NH2+]1)NCc1cccnc1,0.34044477
ZINC_250K_9159,CC(C)(C)c1nc(COc2ccc(-n3cnnn3)cc2)no1,0.34044477
ZINC_250K_6437,Cc1ccc([C@H](C)[NH2+]CCCN2C(=O)COc3ccccc32)o1,0.34044477
ZINC_250K_2633,CC[C@@H]1C[NH+]2CCCC[C@@H]2CN1c1cc(C)ccc1F,0.34044477
ZINC_250K_4715,CC(=O)Nc1cc(NC(C)=O)cc(C(=O)OCC#Cc2ccccc2)c1,0.34044465
ZINC_250K_237,Cc1cc(Br)ccc1CNC(=O)C1CC=CC1,0.34044456
ZINC_250K_2487,CCC[C@@H]1CN(C[C@@H]2CCCO2)c2ccccc2C[NH2+]1,0.34044454
ZINC_250K_1319,CCC[C@@H](CC(=O)OC)NC(=O)[C@@H]1OCC[C@H]1C,0.34044454
ZINC_250K_7723,CCOc1ccc(C(=O)COc2ccc(C#N)cc2OC)cc1,0.3404445
ZINC_250K_10373,C[C@@H](NS(=O)(=O)c1cccc2cnccc12)c1ccccc1,0.3404445
ZINC_250K_3731,Cn1c(Nc2ccc(F)c(Cl)c2)cc(=O)n(C)c1=O,0.34044445
ZINC_250K_4550,COC(=O)c1sccc1C[NH+](C)CC(=O)N(C)C,0.34044445
ZINC_250K_8796,CC[NH2+]CCn1nnnc1S[C@H]1CCO[C@@]2(CCSC2)C1,0.34044442
ZINC_250K_687,CCCn1ncnc1COc1ccc(C)nc1C[C@H](C)[NH3+],0.34044442
ZINC_250K_6357,OC[C@H]1CCC[NH+](Cc2ccc(F)c(Br)c2)C1,0.34044433
ZINC_250K_4785,CSc1ccc(/C=N\NC(=O)Cc2c(O)n[nH]c2C)cc1,0.3404443
ZINC_250K_5665,Cn1c(=N)n(CC(=O)c2cc(C(C)(C)C)c(O)c(C(C)(C)C)c2)c2ccccc21,0.3404443
ZINC_250K_390,COC1CC[NH+](Cn2nc(-c3ccc(C)cc3)n(C)c2=S)CC1,0.34044427
ZINC_250K_9715,Cc1cnc2c(c1)nc(CCl)n2[C@@H]1CCCC[C@@H]1C,0.3404442
ZINC_250K_10016,C/C(=N\NC(=O)[C@H]1C[C@@H]1c1ccccc1)c1ccccc1O,0.3404442
ZINC_250K_6458,CC(C)[C@H]([NH2+]C1CCOCC1)C(=O)N[C@H](C)c1ccc2c(c1)OCCO2,0.3404442
ZINC_250K_551,Cc1c(C[NH+]2CCC[C@H]2c2ccc3c(c2)OCO3)cc(C#N)n1C,0.34044415
ZINC_250K_8411,O=c1ccn(Cc2csc(CCc3ccccc3)n2)c2ccsc12,0.3404441
ZINC_250K_9515,Cc1ccc(NC(=O)N[C@H](c2ccc(Cl)cc2)c2ncon2)s1,0.3404441
ZINC_250K_5269,CC[C@H](C)NC(=O)Nc1ccccc1SC(F)F,0.34044406
ZINC_250K_3186,c1cncc(-c2ncc(C[NH+]3C[C@H]4CCCC[C@@H]4C3)s2)c1,0.34044406
ZINC_250K_5715,COc1cc(F)cc(C[NH2+][C@@H](C)c2cnc(C)nc2C)c1,0.340444
ZINC_250K_5394,COc1cc2c(cc1OC)C(=O)/C(=C\c1ccc3c(c1)OCO3)C2,0.34044394
ZINC_250K_2119,CCc1nn(C)c(C(=O)NC[C@@H](CC)CCO)c1N,0.34044394
ZINC_250K_4724,CC[C@H](NC(=O)c1cc(C#N)cn1C)c1cccs1,0.3404439
ZINC_250K_3675,CC[C@@H](C)N(C)C(=O)NCc1cc(OC)c(OC)cc1Br,0.34044388
ZINC_250K_625,Cc1ccc2c(c1)C[C@@H](C[C@@H](C[NH3+])c1ccc(F)cc1)O2,0.34044382
ZINC_250K_9235,CCC[NH2+][C@H](C)c1cc(F)ccc1N1CCSCC1,0.3404438
ZINC_250K_9011,O=C1[C@@H]2CCCN2C(=O)CN1CCCCO,0.34044373
ZINC_250K_986,CC[NH2+][C@H](Cc1ccccc1Cl)[C@H]1C[NH+](C)CCN1C,0.34044373
ZINC_250K_3110,CC(C)n1cnnc1[C@H]1CCC[NH+](CC2CCC2)C1,0.3404437
ZINC_250K_10474,CC(C)c1noc([C@H](C)Nc2cc(-c3ccccc3)nc3ccnn23)n1,0.3404437
ZINC_250K_9646,C#CCN(CC(=O)[O-])C(=O)NCC[C@@H]1CCCO1,0.3404437
ZINC_250K_9026,CSCC[C@](C)(O)CNC(=O)Nc1ccccc1C,0.3404437
ZINC_250K_10101,Cc1nnsc1C(=O)NCCc1ccccc1,0.3404437
ZINC_250K_3479,COc1ccc(-c2noc([C@H]3CCO[C@H]3C)n2)cc1OC,0.34044367
ZINC_250K_2179,CC[S@@](=O)CC(=O)Nc1cc(Cl)ccc1Cl,0.34044364
ZINC_250K_7641,CC1(C)CN(C(=O)Nc2c(F)cccc2F)CCO1,0.34044358
ZINC_250K_7623,O=C(C[C@H]1CC[C@@H](C(=O)[O-])C1)c1ccc(Cl)cc1,0.34044358
ZINC_250K_3888,CCc1ccc(S(=O)(=O)N[C@@H]2CCCC[C@@H]2C[NH+](C)C)cc1,0.34044355
ZINC_250K_729,[NH3+][C@H](CO)c1ccc(N2CCOCC2)c(Cl)c1Cl,0.34044352
ZINC_250K_909,Cc1csc([C@H](C)NC(=O)CCC[NH+]2CCCCC2)n1,0.3404435
ZINC_250K_8830,O=C1/C(=C/c2ccc(O)c(I)c2)SC(=S)N1CCc1ccccc1,0.3404435
ZINC_250K_3466,CC(=O)NCC1CCN(C(=O)[C@H]2[C@@H](C=C(C)C)C2(C)C)CC1,0.34044337
ZINC_250K_178,Cc1ccc(Cn2ncc3c(N)ncnc32)cc1,0.34044337
ZINC_250K_9359,CC(C)[C@@H](CO)NC(=O)c1ccc2ncccc2c1,0.34044334
ZINC_250K_7389,C[C@@H](c1ccc(S(C)(=O)=O)cc1)N(C)c1ncccc1F,0.3404433
ZINC_250K_5926,Cc1ccc(C(=O)COc2cccc(S(C)(=O)=O)c2)s1,0.3404433
ZINC_250K_9418,CCC[NH2+]C[C@@H]1CCO[C@H]1c1ccc(Cl)c(F)c1,0.34044328
ZINC_250K_2485,Cn1cnc2cc(OS(=O)(=O)/C=C/c3ccccc3)ccc21,0.34044328
ZINC_250K_1992,COc1ncnc2c1nc([C@@H](C)Cl)n2[C@H](C)C(N)=O,0.34044328
ZINC_250K_9565,Cc1ccc(C(=O)Nc2cccc(C(=O)Nc3ccccc3)c2)cc1Br,0.34044325
ZINC_250K_3499,CCN(C(=O)c1n[nH]c(C)n1)[C@@H]1CCC[NH2+]C1,0.34044316
ZINC_250K_8244,CCN(Cc1ccccn1)C(=O)COCC[NH3+],0.34044316
ZINC_250K_791,CC[NH+]1CCC2(CC1)OC[C@H](C(=O)[O-])N2C(=O)c1ccc(F)cc1,0.34044313
ZINC_250K_512,CS[C@@H]1CC[C@H](NC(=O)CCC(=O)c2ccc(C)s2)C1,0.34044304
ZINC_250K_5214,C[C@H](C(=O)N1CCC(n2cncn2)CC1)[NH+]1CCCCCC1,0.34044304
ZINC_250K_3703,CC(C)c1nc(C[NH+]2CCC[C@H]2c2cccc3c2OCCO3)no1,0.34044304
ZINC_250K_7456,C=CCNC(=O)NC(=O)[C@H](C)N(C)Cc1sccc1C,0.34044302
ZINC_250K_410,COc1cc(C)c([C@@H](C)NC(=O)CSC2CCCC2)cc1OC,0.34044296
ZINC_250K_1428,C[NH2+][C@@]1(C(=O)[O-])CC[C@H](Sc2nccc(=O)[nH]2)C1,0.34044293
ZINC_250K_3217,CCOC(C(=O)NN1CCCCC1)(c1ccccc1)c1ccccc1,0.3404429
ZINC_250K_496,CCN(C(=O)[C@@H]1Cc2ccccc2S1)[C@H]1CCC[C@@H]1C[NH3+],0.34044284
ZINC_250K_2776,CC[C@H]1S/C(=N\c2cccc(C(F)(F)F)c2)NC1=O,0.34044284
ZINC_250K_5801,NNC(=O)c1cccc(-c2nc3ccccc3s2)c1,0.34044284
ZINC_250K_7100,CN(C)c1ccc(/C=C2\CCC(C3=CCCC3)=C2N2CCOCC2)cc1,0.34044278
ZINC_250K_2198,FC(F)(F)c1nc2ccccc2n1CC1CC[NH2+]CC1,0.34044275
ZINC_250K_5362,CCc1ncc(CN(C)c2cnccc2C#N)s1,0.34044266
ZINC_250K_1279,NC(=O)[C@@H](NC(=O)c1cnc2ccccc2n1)c1ccccc1,0.34044263
ZINC_250K_5036,O=C1N[C@@](Cc2ccccc2)(c2ccccc2)C(=O)N1Cc1ccc([N+](=O)[O-])cc1,0.3404426
ZINC_250K_4400,CC(C)c1nc(C(=O)N2CCC[C@@H]([NH+]3CCCC3)C2)n[nH]1,0.3404426
ZINC_250K_5493,O=C(OCC1CC1)c1ccccc1C(=O)c1ccc(F)cc1,0.34044257
ZINC_250K_5066,O=C(NCc1ccc(C(F)(F)F)cc1)c1ccc[n+]([O-])c1,0.34044254
ZINC_250K_8731,Cc1c(C(=O)NOCC(N)=O)oc2c1C(=O)CCC2,0.34044254
ZINC_250K_6429,CCOC(=O)c1cncc(-c2ccc(CO)cc2)c1,0.3404425
ZINC_250K_4540,CCC(CC)n1ccc(C[C@@H]([NH3+])[C@H]2C[NH+](C)CCN2C)n1,0.3404425
ZINC_250K_6624,C[C@@H](NC(=O)C(=O)NC[C@H](O)c1ccc(N(C)C)cc1)c1ccccc1,0.3404425
ZINC_250K_9384,O=C(CSc1nncs1)c1ccc2c(c1)Cc1ccccc1-2,0.3404425
ZINC_250K_6438,CSCC[C@H](C)NC(=O)c1ccc(OC(C)(C)C)cc1,0.3404425
ZINC_250K_9007,Nc1ccccc1OCC(=O)c1ccc2c(c1)OCO2,0.3404425
ZINC_250K_7578,CC(C)(C)c1ccc(NC(=O)C[S@@](=O)c2cccc(F)c2)cc1,0.34044248
ZINC_250K_5618,CC(=O)Nc1ccc(-c2nc3cc(C)ccc3[nH]2)cc1,0.34044248
ZINC_250K_817,C[C@@H]1CCC/C(=N/[NH+]=C(/[S-])NCc2ccccc2)C1,0.34044245
ZINC_250K_8722,Cc1ccc2c(Cn3nc4ccccn4c3=O)cc(=O)oc2c1,0.34044245
ZINC_250K_775,N#Cc1ccc(OCCn2cc(Cl)cn2)cc1,0.3404424
ZINC_250K_6354,N#CC1=C(SCc2ccccc2)NC(=O)[C@@H](C#N)C12CCCCC2,0.3404424
ZINC_250K_1109,CC(=O)c1cccc(C[NH+]2CC[C@]3(CCC[NH+](Cc4cccc(C)c4)C3)C2)c1,0.34044233
ZINC_250K_9787,COc1cc(OC)c(/C=N/N2C(=S)[NH+]=N[C@H]2c2ccc(Cl)cc2)c(OC)c1,0.34044233
ZINC_250K_10099,CC[C@H]1CCC[C@@H](C(=O)[C@@](C)(CC)N2CCOCC2)C1,0.34044227
ZINC_250K_4992,Cc1nc(C)n(C[C@@H](O)COc2ccc(C(C)(C)C)cc2)n1,0.34044224
ZINC_250K_6423,C[C@@H](c1nc2ccccc2s1)N1CC[NH+](Cn2nc(-c3ccccc3)[nH]c2=S)CC1,0.34044224
ZINC_250K_6183,CC(C)(C)CC(=O)NNC(=O)C(=O)NCc1ccc(Cl)cc1,0.3404422
ZINC_250K_626,CC1=C(C(=O)OC(C)C)[C@@H](c2ccc(C)s2)NC(=O)N1C,0.34044218
ZINC_250K_5234,C[NH2+][C@@H](c1ccnn1C)C1(N(C)C)CCC(C)CC1,0.34044212
ZINC_250K_8749,Cc1cc(O)ccc1N1C(=O)c2cccc3cc(Br)cc(c23)C1=O,0.34044212
ZINC_250K_4222,C=CCNC(=S)NNC(=O)c1csc(-c2ccsc2)n1,0.3404421
ZINC_250K_5342,Cc1cc(NC(=O)Cn2ccccc2=O)n(C)n1,0.34044206
ZINC_250K_1366,O=C(N[C@H]1C[NH+](C(CO)CO)C[C@@H]1C1CC1)c1ccsc1,0.340442
ZINC_250K_7185,C[C@H]1CN(CC[C@@H]2CCC[C@]2([NH3+])C(=O)[O-])C[C@H](C)O1,0.340442
ZINC_250K_2454,C[C@@H](C(=O)Nc1nccs1)c1ccc(Br)s1,0.34044197
ZINC_250K_2936,COc1ccc(O)c(C[NH2+][C@@H](C)c2ccc([S@@](C)=O)cc2)c1,0.34044197
ZINC_250K_5758,Cc1ccc(NC(=O)N[C@H](C)Cc2cccs2)cc1C,0.3404419
ZINC_250K_9095,CC(C)[C@H]1CSC(NCc2ccccc2Cl)=[NH+]1,0.34044185
ZINC_250K_7215,C[C@@H]1[C@H](C)CCC[C@H]1NC(=O)C(=O)Nc1cccc(Br)c1,0.34044185
ZINC_250K_9813,Cc1nc(CN(C)[C@@H]2CS(=O)(=O)C[C@H]2O)co1,0.34044185
ZINC_250K_5194,COC[C@H](O)C[NH+]1CCC(NC(=O)N2CCCCCCC2)CC1,0.34044182
ZINC_250K_3639,Cc1cnc2c(c1)nc([C@H](C)Cl)n2-c1cccc(C#N)c1,0.3404418
ZINC_250K_7279,CC(C)[NH+](CC(N)=O)CC(=O)N(C)c1ccc([N+](=O)[O-])cc1,0.34044173
ZINC_250K_5239,C[NH2+][C@@H](CC[C@@H]1CCCCO1)c1cc(C)c(F)cc1F,0.34044173
ZINC_250K_3913,COC(=O)[C@@H]1CCCC[C@H]1NC(=O)c1cc(Cl)c(OC)c(Cl)c1,0.34044167
ZINC_250K_2403,Cc1cccc(NC(=O)N2CCC3(CC2)OCCO3)c1C,0.34044167
ZINC_250K_10078,Nc1nc2cccnc2n1CCOc1ccccc1,0.34044158
ZINC_250K_56,CN(CCc1ccc(F)cc1)c1cc(Br)cc(F)c1C(N)=O,0.34044158
ZINC_250K_9408,COC(=O)c1ccc(NC(=O)[C@@H]2C[C@@H]2[N+](=O)[O-])s1,0.34044155
ZINC_250K_9690,CC(C)(CNC(=O)NC1CCC(CO)CC1)c1ccncc1,0.34044155
ZINC_250K_9370,Cc1cccc(-n2c([S-])nnc2-c2ccccc2O)c1C,0.3404415
ZINC_250K_6997,O=C(CC(=O)c1ccccc1)NCc1ccc(Cl)cc1Cl,0.34044147
ZINC_250K_3430,CN(C(=O)[C@]1(C)Oc2ccccc2NC1=O)C1CCCCC1,0.3404414
ZINC_250K_7931,C[C@H](O)[C@H](C)SCC(=O)Nc1ccc(Cl)cn1,0.34044138
ZINC_250K_9528,COCCc1noc(Cn2cnc3ccccc32)n1,0.34044135
ZINC_250K_4704,CC(C)CNC(=O)[C@H](C)[NH+]1CCC[C@@H]1[C@@H]1CCCCC1=O,0.34044135
ZINC_250K_1484,COc1ccc([C@H]([NH2+]Cc2csc(-c3ccsc3)n2)C(C)C)cc1,0.34044135
ZINC_250K_4070,CCn1c([S-])nnc1-c1nn(-c2ccccc2)ccc1=O,0.3404413
ZINC_250K_9930,COC(=O)CNC(=O)[C@H](C)N1CC[NH+](C2CCCC2)CC1,0.34044123
ZINC_250K_9880,CCSCC[C@H](C)NC(=O)N[C@@H](C)c1ccc(Cl)s1,0.34044108
ZINC_250K_4235,CCONC(=O)CN(C)c1ccccc1[N+](=O)[O-],0.34044105
ZINC_250K_10246,CCn1nc(C)c(Br)c1C[C@@H](CO)c1ccccc1F,0.34044105
ZINC_250K_778,C#CC(C)(C)NC(=O)c1ccc(OC)c(O)c1,0.34044102
ZINC_250K_8902,CC(=O)Nc1ccc(Nc2ccc3nonc3c2[N+](=O)[O-])cc1,0.34044102
ZINC_250K_2693,Cc1cc([C@@H]([NH2+]CCN(C)C)C(=O)[O-])ccc1Br,0.34044102
ZINC_250K_9161,CCC[NH2+][C@@H](CC)c1nnc(-c2sccc2CC)o1,0.34044102
ZINC_250K_4177,COCCCN(C(=O)[C@@]1(C)CC1(Cl)Cl)[C@@H]1CCS(=O)(=O)C1,0.340441
ZINC_250K_5053,COc1ccc(/C=C/C(=O)c2ccc(C)cc2)cc1O,0.34044093
ZINC_250K_8763,CCOC(=O)C(C)(C)NC(=O)c1ccc(OC(C)(C)C)cc1,0.3404409
ZINC_250K_709,Cc1nsnc1Cn1nnc(C(=O)NC(C)C)c1C,0.34044084
ZINC_250K_9097,COc1ccc(N2CC[NH+]3CCCC[C@@H]3C2)cc1OC,0.34044078
ZINC_250K_313,CC(=O)Nc1ccc(O[C@H](C)c2nc(C(C)(C)C)no2)cc1,0.34044066
ZINC_250K_7471,Cc1cc([C@H](C)NC(=O)N(C)Cc2ccc3c(c2)OCCO3)c(C)s1,0.34044063
ZINC_250K_6134,Cc1csc([C@@H](C)NC(=O)N[C@@H](CC(C)C)c2cccs2)n1,0.34044057
ZINC_250K_1477,C[C@@H]([NH3+])c1ccccc1O[C@H]1CCO[C@]2(CCSC2)C1,0.34044054
ZINC_250K_4030,CC(C)CCNC(=O)CN1C(=O)c2ccccc2C1=O,0.3404405
ZINC_250K_7207,CC(C)c1ccc(S(=O)(=O)Nc2ccc(C(N)=O)cc2)cc1,0.34044045
ZINC_250K_7821,Cc1cccc(CN(C)c2nc(C)c(C(=O)[O-])s2)n1,0.3404404
ZINC_250K_5891,COC(=O)c1c(C)[nH]c(C(=O)N[C@H](C)C(=O)N2CCCC2)c1C,0.3404404
ZINC_250K_1633,CS(=O)(=O)[N-]c1ccc2nc(SCc3ccccn3)sc2c1,0.3404404
ZINC_250K_1797,CC[NH+]1CCN(Cc2nc3nc(C)cc(N4CCCCCC4)n3n2)CC1,0.34044036
ZINC_250K_9825,C[C@@H](C1CC1)N(C)C(=O)[C@H]1Cc2ccccc2C(=O)O1,0.34044036
ZINC_250K_1007,O=C(NNS(=O)(=O)c1cccs1)c1ccccc1F,0.3404403
ZINC_250K_9587,CCS(=O)(=O)C[C@@H](C)NC(=O)c1ccc(OC(F)F)cc1,0.3404403
ZINC_250K_8278,CCCS(=O)(=O)[C@H](C)C(=O)N1CC[C@@H](C(N)=O)c2ccccc21,0.34044027
ZINC_250K_8606,CNC(=O)[C@H](C)Nc1ccc(C(F)(F)F)cc1C(=O)[O-],0.34044027
ZINC_250K_4926,CNC(=O)NC(=O)COc1ccc(C#N)cc1Cl,0.34044024
ZINC_250K_5756,CN(C)c1cccc(C(=O)N(Cc2ccsc2)C2CC2)c1,0.3404402
ZINC_250K_1205,CC(=O)NNC(=O)c1ccsc1NC(=O)c1ccc([N+](=O)[O-])cc1,0.3404402
ZINC_250K_6736,C[NH+](Cc1nc(CCc2ccccc2)no1)C1CCC(CO)CC1,0.34044018
ZINC_250K_10056,NC(=O)c1ccccc1NC(=O)[C@@H]1CC=CC[C@@H]1C(=O)[O-],0.34044018
ZINC_250K_2851,Cc1ccsc1CN1CCN([C@@H](C)C(=O)N2CCCC2)CC1,0.34044015
ZINC_250K_4651,CCNc1cc(C)c(S(=O)(=O)N(C)CC)cc1[N+](=O)[O-],0.34044012
ZINC_250K_3723,CN1C(=O)[C@H](Cc2ccccc2)Sc2ccc(N)cc21,0.34044006
ZINC_250K_859,Cc1sc(=O)n(CCC(=O)NC2CC(C)(C)[NH2+]C(C)(C)C2)c1C,0.34044003
ZINC_250K_9575,N/C(=N/O)[C@@H]1CN(C(=O)CCC2CCCCC2)CCO1,0.34044003
ZINC_250K_3219,CC(C)OCC[C@H]1CCCCN1C(=O)NC1CCC([NH+]2CCCCC2)CC1,0.34044
ZINC_250K_164,c1ccc2nc(NCCCc3nc4ccccc4[nH]3)cnc2c1,0.34044
ZINC_250K_4920,CCc1nn(C)c2c1nc(CCl)n2[C@H](C)c1ccccn1,0.34043998
ZINC_250K_2205,CN(C)C1=C(C(=O)Nc2ccccc2)CSc2ccccc21,0.34043992
ZINC_250K_9136,CC(C)(C)OC(=O)N1CCC[C@@H]1C(=O)N1CCSC(C)(C)C1,0.3404399
ZINC_250K_8438,CC(C)[C@@](C)(O)CNC(=O)[C@H](C)c1ccc2ccccc2c1,0.3404399
ZINC_250K_9995,C[C@H]1[NH2+]CCC[C@H]1N1C(=O)Cc2ccccc2C1=O,0.34043986
ZINC_250K_1240,CCCN[C@@]1(C#N)CC[C@@H](n2cc[nH+]c2CCC)C1,0.34043983
ZINC_250K_8948,CC(C)(C)c1nc(C/[NH+]=C(\N)NC2CCCCCC2)cs1,0.34043977
ZINC_250K_8636,O=C(N[C@H](c1ccccc1)c1cccs1)c1ccc2ncsc2c1,0.34043974
ZINC_250K_2200,O=C(CSc1ccc(C(=O)N2CCCC2)cn1)c1ccc(O)cc1O,0.3404397
ZINC_250K_9593,COc1cc(C[NH+]2C[C@H]3CCC[C@H]3C2)cc(OC)c1OCC(N)=O,0.34043965
ZINC_250K_1293,Cc1ccccc1Cc1noc(CSc2ncnc3nc[nH]c23)n1,0.34043962
ZINC_250K_7872,Cc1cc(C)cc(NC(=O)CC[NH+](C)Cc2ccccc2)c1,0.34043962
ZINC_250K_3363,CCc1ccc(CCNC(=O)C(=O)Nc2cccc(SC)c2)cc1,0.34043962
ZINC_250K_5533,C[C@@H](c1ccncc1)N(C)C(=O)c1ncccc1C(F)(F)F,0.3404396
ZINC_250K_6902,CC[n+]1c(/C=C2/C=C(C)CC(C)(C)C2)sc2ccc(OC)cc21,0.34043956
ZINC_250K_142,COc1cccc([C@@H](C)[NH2+]CCOc2ncccc2Cl)c1,0.34043953
ZINC_250K_3692,Cc1cc(=N)n(/C(Nc2ccc(Cl)c(Cl)c2)=[NH+]/C(C)C)s1,0.34043953
ZINC_250K_5896,Cc1cc(NC(=O)C(=O)NCc2ccc(F)cc2)no1,0.34043953
ZINC_250K_6925,CCc1nn(C)cc1C(=O)O[C@H](CC)C(=O)OC,0.34043953
ZINC_250K_3814,CCCC[C@@H]1NC(=O)N(Cc2noc(C3CC3)n2)C1=O,0.3404395
ZINC_250K_58,Cc1occc1C(=O)/C(C#N)=C\c1cccc(C(F)(F)F)c1,0.3404395
ZINC_250K_7031,CCOC(=O)c1oc2cc3sc(N(C)C)nc3cc2c1C,0.3404395
ZINC_250K_1093,[NH3+][C@@H](CSc1ccccc1F)[C@@H]1CCc2cccnc21,0.34043947
ZINC_250K_8964,CC[C@H](Cc1ccccc1)[NH2+]Cc1nncn1C1CC1,0.34043947
ZINC_250K_4658,O=C(NN1C(=O)/C(=C\c2ccc(F)cc2)SC1=S)c1ccccc1O,0.34043947
ZINC_250K_6505,O=C1CC[C@@H](Oc2ccc3c(c2)OCC3=O)C1,0.3404394
ZINC_250K_3711,CC[C@H](C)Nc1ccc(C(F)(F)F)cc1[N+](=O)[O-],0.3404394
ZINC_250K_7225,CO[C@@H](C(=O)NCc1ccccc1Oc1ccccc1)c1ccccc1,0.34043938
ZINC_250K_3030,Cc1ccc2nc(CN3C(=O)OC(C)(C)C3=O)cn2c1,0.34043938
ZINC_250K_2048,O=C(N/N=C/c1cccn1-c1ccc(F)cc1)c1ccncc1,0.34043935
ZINC_250K_1781,O=S(=O)(Cc1ccccc1)[N-]c1scnc1-c1ccc(F)cc1,0.34043935
ZINC_250K_6884,COc1c(NC(=O)Nc2cccc(NC(C)=O)c2C)c(C)nn1C,0.34043932
ZINC_250K_3351,Cc1nn2c(C)c(C(=O)/C=C/c3ccccc3)nnc2c1-c1ccccc1,0.3404393
ZINC_250K_2954,C[C@H](Cc1ccc(O)cc1)N(C)C(=O)CCSc1ccc(C#N)cc1,0.34043923
ZINC_250K_8312,O=C(OCC(=O)N1CCO[C@H]2CCCC[C@H]21)c1ccc(CO)cc1,0.34043917
ZINC_250K_5611,CCC[NH+](C)C[C@@H]1CCN([C@@H](C)c2ncc(C(C)(C)C)o2)C1,0.34043914
ZINC_250K_8390,O=C(Nc1ccc2c(c1)OCCCO2)c1ccc([N+](=O)[O-])o1,0.34043914
ZINC_250K_3821,CC[C@H]1C[C@H](C)CC[C@@H]1[NH2+]CCCN1CCCC1=O,0.34043914
ZINC_250K_2939,C[C@@H](CO)C[NH2+]Cc1cn(C)nc1-c1ccccc1,0.34043908
ZINC_250K_5767,CC(C)[C@@H](NC(=O)[C@@H](C)Sc1ccccc1)c1ccccn1,0.34043908
ZINC_250K_5621,C[C@@H]1[C@H](C)CCC[C@@H]1NC(=O)[C@@H](C)[NH+]1CCC(c2ccc(O)cc2)CC1,0.34043896
ZINC_250K_3977,CCc1c(OC)nc2nc(C(=O)c3ccccc3)cn2c1C,0.34043896
ZINC_250K_994,CC(C)CN(C(=O)NCc1ccc(C(F)(F)F)cc1)C1CC1,0.3404389
ZINC_250K_5407,CC(C)[C@H](C)N(C(=O)NCc1ccco1)C1CC1,0.3404389
ZINC_250K_67,Cc1cc(-n2c(C)cc(C[NH2+][C@H](C)c3ccc(F)c(F)c3)c2C)no1,0.3404389
ZINC_250K_6577,COc1ccc(C(=O)N(C)Cc2ccc(N(C)C)cc2)cn1,0.34043884
ZINC_250K_1311,Brc1cccc(-c2csc(Nc3cccnc3)n2)c1,0.34043884
ZINC_250K_3132,CCN[C@@H]1c2cc(OC)ccc2C[C@H]1[NH+](C)C(C)C,0.34043878
ZINC_250K_8593,CSC[C@H](C)N(C)C(=O)/C=C/c1cn(C)c2ccccc12,0.34043878
ZINC_250K_3818,C[NH+](Cc1ccsc1)Cc1ccc(C(N)=O)cc1[N+](=O)[O-],0.34043878
ZINC_250K_9265,CCOC[C@@H](C)N[C@@H]1CC[NH+](C)[C@@H]1c1ccc(Cl)cc1,0.34043875
ZINC_250K_429,Cc1ccc(C)c(NC(=S)NCCc2cccs2)c1,0.3404387
ZINC_250K_4378,CCN(Cc1ccccn1)[C@@H]1CCC[C@H]([NH2+]C)C1,0.34043866
ZINC_250K_7582,Cc1ccn(-c2ccc(N3CCN(C(=O)CC(C)C)CC3)nn2)n1,0.34043866
ZINC_250K_10051,CC(=O)NC[C@H]1CCCN(C(=O)CCC2CCCCC2)C1,0.34043866
ZINC_250K_5701,CSCc1csc(NC(=O)C2CCCCC2)n1,0.3404386
ZINC_250K_4519,CN(C)C(=O)CCCSc1cccc(N)c1,0.34043854
ZINC_250K_3789,N#Cc1c(F)ccc(NC(=O)Nc2ccc(Cl)cc2)c1F,0.34043854
ZINC_250K_1505,c1ccc([C@@H](C[C@@H]2CCOC2)[NH2+]C2Cc3ccccc3C2)cc1,0.34043854
ZINC_250K_4810,Cc1cccc(N2C(=O)C(Cl)=C(N[C@@H](C)c3ccccc3)C2=O)c1C,0.34043851
ZINC_250K_5765,CC(C)C[NH+](Cc1ccc(C(=O)[O-])cn1)C1CC1,0.3404385
ZINC_250K_9544,Cc1ccccc1NCC(=O)Nc1ccccc1Cl,0.3404385
ZINC_250K_7248,Cc1ccc(Br)cc1NC(=O)C(=O)NCC1([O-])CCC1,0.3404385
ZINC_250K_9732,O=Cc1cc(F)c(OCC(=O)N2CCCCCC2)c(F)c1,0.34043846
ZINC_250K_7420,COc1ccc2nc(NC[C@@H](C)CSC)sc2c1,0.34043846
ZINC_250K_1685,Cc1c(Cl)c(C(=O)N2CCCC[C@H]2C)nn1C,0.3404384
ZINC_250K_2830,C[NH+](CCc1ccccc1)Cc1ccccc1-c1nc([O-])cc(C(F)(F)F)n1,0.34043837
ZINC_250K_6211,O=C(NCCC12CC3CC(CC(C3)C1)C2)c1ccc(F)cc1,0.3404383
ZINC_250K_8845,COc1ncccc1CNS(=O)(=O)Cc1ccon1,0.34043828
ZINC_250K_751,Cc1c(F)cc(N)cc1S(=O)(=O)NCC(N)=O,0.34043825
ZINC_250K_389,Cc1cc(=O)[nH]c(SCC(=O)N2C[C@]3(C)C[C@H]2CC(C)(C)C3)n1,0.34043825
ZINC_250K_7524,CC[NH+](CC(=O)Nc1sc(C)c(C)c1C#N)CC(=O)NC(C)C,0.34043822
ZINC_250K_5848,CCCn1cc[nH+]c1CC(=O)[C@@](C)(CC)N1CCOCC1,0.34043822
ZINC_250K_2665,CC(C)(C)OC(=O)N1CCC[C@@H](COS(C)(=O)=O)C1,0.3404382
ZINC_250K_1251,[NH3+]CCCN(C(=O)N1CCCC1)c1ccc(F)cc1,0.3404382
ZINC_250K_2788,CC1(C)[C@H](C(=O)[O-])CC[C@@]1(C)C(=O)NCc1ccccc1,0.3404382
ZINC_250K_5181,Cc1cc(S(=O)(=O)N2CCC[C@H](C#N)C2)sc1Br,0.34043813
ZINC_250K_9527,CC(C)(C#N)N1CCN(C(=O)N[C@H]2CCOC2)CC1,0.34043813
ZINC_250K_2253,Cc1[nH]c2ccccc2c1CC(=O)N[C@H](C(N)=O)c1ccccc1,0.34043813
ZINC_250K_3820,Cc1cccc(CN2CCCN(Cc3cc(C)ccc3C)S2(=O)=O)c1,0.3404381
ZINC_250K_7090,C[C@@H](C(=O)N1CCCCC1)N1CCN(S(=O)(=O)c2ccc(C(C)(C)C)cc2)CC1,0.34043807
ZINC_250K_7213,COc1ccc(CN(C)C(=O)C[NH2+]C(C)C)cc1OC,0.34043804
ZINC_250K_151,O=C(Cc1cccc(F)c1F)Nc1cccc(Br)n1,0.34043792
ZINC_250K_3868,CNC(=O)/C(=C\c1ccc(Cl)cc1)NC(=O)c1ccco1,0.34043792
ZINC_250K_9569,CC1=N[C@@H](NC(=O)CSc2nnc(N)s2)C(C#N)=C1C,0.34043786
ZINC_250K_4448,C[C@H]1C[C@@H](N(C)CC(=O)N2CCOCC2)CC[NH+]1C,0.34043777
ZINC_250K_959,c1ccc(Cn2c(SCc3ncon3)nnc2-c2cccs2)cc1,0.34043777
ZINC_250K_3305,CCc1ccc(CN(C)C(=O)c2cc3ccccc3[nH]2)cc1,0.34043774
ZINC_250K_10262,CNS(=O)(=O)CCCSc1nc2cc(C)ccc2o1,0.34043768
ZINC_250K_6898,COc1ccc(F)cc1[C@@H](Cl)[C@@H]1CCO[C@@H]1C,0.34043762
ZINC_250K_6337,c1cc(C[NH+](CC2CC[NH+](C3CCCC3)CC2)C[C@H]2CCCO2)ccn1,0.34043762
ZINC_250K_359,CC(C)(C)[C@@H]1CCC(=O)[C@@H](CN2CCOCC2)C1,0.34043762
ZINC_250K_7588,CC[NH+](Cc1cc(C)n(Cc2ccco2)c1C)CC(C)(C)O,0.34043762
ZINC_250K_2611,C[C@H](CNC(=O)N1CCN(S(C)(=O)=O)CC1)N1CCOCC1,0.3404376
ZINC_250K_978,COc1cc(C)c([C@@H](C)NC2CC[NH+]([C@H]3CCCC[C@@H]3O)CC2)cc1OC,0.34043756
ZINC_250K_3781,Cc1n[nH]c(=S)n(/N=C\c2ccc(-c3ccc(Cl)c(Cl)c3)o2)c1=O,0.34043756
ZINC_250K_1683,Cc1ncccc1[N-]S(=O)(=O)c1cc(N)cc(Br)c1F,0.3404374
ZINC_250K_4705,Nc1nnc(SCn2nnc3ccccc3c2=O)s1,0.34043735
ZINC_250K_2409,CC1(C)C[NH+](C[C@@H](O)COCc2ccco2)C1(C)C,0.3404373
ZINC_250K_7801,COc1ccc(S(=O)(=O)NCc2cscc2C)cc1N,0.3404373
ZINC_250K_877,CO[C@H](c1ccc(Cl)cc1)[C@@H](C)NC(=O)C(=O)Nc1ccccc1C,0.34043723
ZINC_250K_2261,CCN(CC)C(=O)CN(c1ccccc1)S(=O)(=O)c1ccc(C)cc1,0.34043723
ZINC_250K_3638,C[C@@H](CO)[C@@H](C)NC(=O)C(=O)Nc1cnc(-c2ccccc2)s1,0.3404372
ZINC_250K_5919,CC(C)N1C(=O)C[C@@H](NC(=O)c2cc(Br)c[nH]2)C1=O,0.3404372
ZINC_250K_10114,CCN(C(=O)[C@@H]1CC[C@@H](C[NH3+])O1)c1ccccc1F,0.34043717
ZINC_250K_404,CC[n+]1c(N)n(CCOc2ccc(Cl)cc2Cl)c2ccccc21,0.34043714
ZINC_250K_4174,Cc1ccc([C@@H]([NH3+])c2oc3ccccc3c2C)cc1F,0.34043702
ZINC_250K_8323,Cc1ncc(CNc2nc(Cl)ncc2Br)s1,0.34043702
ZINC_250K_9844,NC1=NC(=O)[C@](Cc2cccc(Cl)c2)(c2ccc(Br)cc2)N1,0.34043702
ZINC_250K_2864,CN(Cc1ccsc1)C(=O)c1cccnc1Cl,0.34043702
ZINC_250K_4151,C=C(C)[C@@](C)(O)C#CC[NH+]1CCCC[C@@H]1c1cccnc1,0.340437
ZINC_250K_6916,O=C(C[C@H]1C=CCC1)N1CCC[C@@H]1c1ccc(O)cc1,0.34043697
ZINC_250K_4897,Cc1cc([C@H](O)Cc2ccc(Br)s2)c2ccccc2n1,0.3404369
ZINC_250K_1342,Cc1nnc(CN(C)Cc2cc(Cl)ccc2F)n1C,0.34043685
ZINC_250K_3024,CCC(C)(C)C(=O)NC[C@H](c1cccs1)[NH+]1CCC(C)CC1,0.3404368
ZINC_250K_10443,C[NH2+]Cc1ccc(S(=O)(=O)NCCC(F)(F)F)c(F)c1,0.34043676
ZINC_250K_8510,CCCCOCC(=O)N1CCO[C@]2(C[NH2+]CCOC2)C1,0.34043658
ZINC_250K_4138,Fc1ccc(C[NH+](C[C@H]2CCCO2)[C@@H]2CCSC2)cc1F,0.34043658
ZINC_250K_9508,COc1cc(C(=O)N/N=C(\C)c2cccc(N)c2)cc(OC)c1OC,0.34043652
ZINC_250K_1088,COc1ccc(C)cc1[C@H](C)[NH2+]Cc1cccc(C(N)=O)c1,0.3404365
ZINC_250K_7453,NC(=S)c1cn[nH]c1NC(=O)C1(c2ccccc2)CC1,0.34043643
ZINC_250K_10173,O=C([O-])c1ccc(N2CNC(c3ccccc3)=NC2=S)cc1,0.34043643
ZINC_250K_6530,C#CCOc1ccccc1/C=N/NC(=O)[C@@H](OC)c1ccccc1,0.34043643
ZINC_250K_353,CN(c1ccccc1)S(=O)(=O)c1ccc2c(c1)C(C)(C)C(=O)N2,0.3404363
ZINC_250K_925,CC(=O)C[C@]1(O)C(=O)N(Cc2ccc(C)cc2)c2c(C)cccc21,0.3404363
ZINC_250K_9977,C[NH+](C)[C@@H]1CC[C@H]([NH2+][C@@H]2CCc3[nH]c4ccccc4c3C2)C1,0.34043625
ZINC_250K_1701,CN(Cc1ccccc1)c1nc2nonc2nc1N1CCCO1,0.34043625
ZINC_250K_7460,CSc1nsc(NC(=O)Cc2ccccc2F)n1,0.34043625
ZINC_250K_8096,Cc1ccc(C)c([C@H](C)NC(=O)[C@@H](NC(=O)c2ccccc2Br)C(C)C)c1,0.34043625
ZINC_250K_7815,CCCSc1nn2cc(NC(=O)OC)nc2s1,0.3404362
ZINC_250K_8334,C[C@H](CNC(=O)OC(C)(C)C)CC(=O)N1CCC(O)(C(F)(F)F)CC1,0.3404362
ZINC_250K_7210,COc1cc([C@@H]2Nc3c(ccc(Cl)c3C)[C@H]3C=CC[C@@H]32)cc(OC)c1OC,0.34043613
ZINC_250K_9512,Cc1ccc([C@@H]2CCC[NH+]2Cc2ccc(S(=O)(=O)N(C)C)o2)cc1C,0.34043613
ZINC_250K_5869,CCN(C(=O)N[C@@H](C)c1ncc(C)s1)[C@@H](C)CS(C)(=O)=O,0.34043613
ZINC_250K_9867,CC[C@@H]1c2ccsc2CCN1C(=O)CSc1ncc2ccccn12,0.3404361
ZINC_250K_409,O=C(CCn1ccccc1=O)NCC1(c2ccccc2)CC1,0.3404361
ZINC_250K_340,COc1cc(OC)cc([C@@H](N[C@@H](C)c2ccc(F)cn2)c2[nH+]ccn2C)c1,0.3404361
ZINC_250K_714,CCSc1nc2ccccc2c(=O)n1CCc1ccccc1,0.3404361
ZINC_250K_6150,CCC[C@@](C)(CO)NC(=O)Nc1cc(NC(=O)C(C)(C)C)ccc1C,0.3404361
ZINC_250K_3251,Cc1cc2oc(=O)cc(C[NH+]3CCC[C@@H]3CS(N)(=O)=O)c2cc1C,0.3404361
ZINC_250K_8176,Cc1[nH+]n(C)c(N(C)C)c1CNCc1cccc(C[NH+](C)C)c1,0.34043607
ZINC_250K_9722,Cc1cc(C)c(C)c(S(=O)(=O)NC[C@@H]2CCCO2)c1C,0.34043604
ZINC_250K_2570,CCc1cccc2c(/C=N/n3c(C)nnc3C)c[nH]c12,0.34043604
ZINC_250K_1822,CC1CCN(c2ccc(C[NH2+]C3CC3)cc2F)CC1,0.340436
ZINC_250K_8173,COc1cc(I)c(C(=O)NNC(=O)c2ccc(C)s2)cc1OC,0.340436
ZINC_250K_7385,C[C@H]1CC[C@@H]([NH2+]Cc2cccc(OCC(F)F)n2)C1,0.340436
ZINC_250K_78,C[C@H](CNC(=O)[C@H]1CC[NH2+][C@@H]1C)C[NH+]1CCCC1,0.340436
ZINC_250K_3325,O[C@H](C1CC[NH+](Cc2c(Cl)nc3ccccn23)CC1)C(F)(F)F,0.34043598
ZINC_250K_2356,Cc1ncsc1CNc1ncnc2c1CCCCC2,0.34043595
ZINC_250K_7544,Cc1cc(Cl)ccc1NC(=O)C(=O)N/N=C/c1ccc(Cl)c(Cl)c1,0.3404359
ZINC_250K_8238,COC(=O)c1ccccc1OC(=O)c1nn(C)c(=O)c2ccccc12,0.3404359
ZINC_250K_8994,O=C(N[C@H]1CCCC[NH2+]C1)c1n[nH]c(C2CC2)n1,0.34043577
ZINC_250K_8851,CC(C)CCNC(=O)CN(C)S(=O)(=O)c1ccccc1,0.34043577
ZINC_250K_2366,Cc1ccc(O)c(NS(=O)(=O)c2cc(F)c(F)c(F)c2)c1,0.34043565
ZINC_250K_137,CC[C@H]1CC(=O)N(Cc2ccccc2C#CCCO)C1,0.34043565
ZINC_250K_5680,COc1ccc(-c2ncnc(Cl)c2C=O)c(C)c1,0.34043565
ZINC_250K_9325,C[C@H](CS(C)(=O)=O)N(C)S(=O)(=O)c1cccc(Cl)c1C#N,0.3404356
ZINC_250K_8802,Cc1cscc1CNc1ccc(C(N)=S)cc1F,0.34043556
ZINC_250K_8207,Cc1ccc([C@@H](CO)[C@@H]2CS(=O)(=O)c3ccccc32)cc1,0.34043553
ZINC_250K_8935,C[C@@H]1CCCC[C@@]1(O)c1ccc(Cl)cc1F,0.34043548
ZINC_250K_10480,CC(C)Oc1ccc(/C=C(\NC(=O)c2ccccc2)C(=O)[O-])cc1,0.34043548
ZINC_250K_4607,CC(C)Oc1nc(NCc2ccccn2)ccc1N,0.34043548
ZINC_250K_7485,Cn1c(C[NH+](C)Cc2ncn(-c3ccccc3)n2)nnc1C1CC1,0.34043548
ZINC_250K_1411,C[C@]12CC[C@H]3[C@@H](CC[C@]4(O)C[C@@H](O)CC[C@]34C=O)[C@@]1(O)CC[C@H]2C1=CC(=O)OC1,0.34043548
ZINC_250K_9923,C[NH+](C)Cc1cccc(C[NH2+]Cc2ccn(-c3ccccc3)n2)c1,0.34043548
ZINC_250K_6489,CCC(=O)Nc1cccc(-n2cnnc2)c1,0.34043542
ZINC_250K_4334,C[C@H](CNC(=O)N1C[C@H]2CCCC[NH+]2C[C@@H]1C)C(=O)[O-],0.3404354
ZINC_250K_5640,COc1cc(N2CC[C@H](n3nc(C)cc3C)C2)ncn1,0.34043536
ZINC_250K_8162,Cc1ccc(C(C)(C)CC(=O)NCc2csc(=O)[nH]2)cc1,0.34043533
ZINC_250K_3646,Cc1cccc(OC[C@@H](O)CN2CC[NH+](C)CC2)c1C,0.34043533
ZINC_250K_9154,Cc1cccc(C(=O)Nc2ccc(NC=C3C(=O)OC(C)(C)OC3=O)cc2)c1,0.34043533
ZINC_250K_2316,c1ccc(-c2ccc(NCc3ccc4c(c3)OCO4)nn2)cc1,0.34043533
ZINC_250K_7027,Cc1ccsc1C(=O)NNC(=O)[C@@H]1[C@@H](C(=O)[O-])[C@H]2C=C[C@@H]1C2,0.34043524
ZINC_250K_5644,O=C(CSc1n[nH]c(=O)[nH]c1=O)N/N=C/c1ccco1,0.34043518
ZINC_250K_8571,O=C(COC(=O)C12CC3CC(CC(C3)C1)C2)NNC(=O)c1ccccc1,0.34043512
ZINC_250K_5751,CC(C)CO[C@@H](C)C(=O)N1CCN(C[C@H](O)c2ccccc2)CC1,0.3404351
ZINC_250K_2711,[NH3+][C@@H]1CCCCC[C@H]1C(=O)NCCC1=CCCCC1,0.3404351
ZINC_250K_7256,Cc1ncccc1C(=O)Nc1cnccc1C(=O)[O-],0.34043497
ZINC_250K_4455,CCC(CC)C(=O)Nc1cccc2ccccc12,0.34043497
ZINC_250K_5225,O=C([O-])c1ccc([C@H]2Nc3ccc(Cl)cc3[C@H]3C=CC[C@H]32)cc1,0.34043494
ZINC_250K_4995,COC(=O)CNc1nc(C(F)(F)F)ccc1C(N)=S,0.3404349
ZINC_250K_7212,CC(=O)N[C@H](C(=O)Nc1cccc(Oc2ccccc2)c1)C(C)C,0.34043488
ZINC_250K_4829,O[C@H](CSc1nnnn1Cc1cccs1)c1c(F)cccc1F,0.34043488
ZINC_250K_1056,CC[S@](=O)[C@@H]1CCC[C@H]([NH2+][C@@H]2CCc3c(Br)cccc32)C1,0.34043485
ZINC_250K_7211,CCC(=O)Nc1ccc(NC(=O)N[C@@H]2CCC[C@@H](C)C2)cc1,0.34043485
ZINC_250K_10335,CCCC1CCC(C[NH3+])([C@H](O)c2c(F)cccc2F)CC1,0.34043482
ZINC_250K_7890,Cc1cc(C)c(C)c(OC(=O)[C@H](C)NC(=O)c2cccs2)c1,0.3404348
ZINC_250K_1734,CCOC(=O)CCN1CCN(C(=O)[C@@H]2C[C@@H]2C)CC1,0.34043476
ZINC_250K_9980,COc1cccc(/C=N/NC(=O)C[C@@H](C)O)c1,0.3404347
ZINC_250K_5381,CC[C@@H](CNC(=O)NC1CCCC1)c1ccccc1,0.34043464
ZINC_250K_9741,Cc1cc(-c2cncc(C(=O)[O-])c2)ccc1F,0.34043464
ZINC_250K_3415,CC(C)Cc1nnc(NC(=O)c2cn(C)nc2C(C)(C)C)s1,0.34043458
ZINC_250K_2599,C[C@H](NC(=O)CSc1ccc(Cl)cc1N)c1cccs1,0.34043458
ZINC_250K_1369,Cc1cccc([C@H]2CCCC[NH+]2Cc2noc(C3CC3)n2)c1C,0.34043458
ZINC_250K_1147,CNC(=O)CN1CCN(C(=O)c2nc(C)n[nH]2)CC1,0.34043455
ZINC_250K_2213,Cc1nc(Nc2ncnc(N(CC#N)CC#N)c2N)sc1C,0.34043455
ZINC_250K_2985,COC(=O)C[C@H](C)S(=O)(=O)C[C@@H]1CN(C)CCO1,0.34043455
ZINC_250K_8556,CC[C@H]1NC(=O)[C@H](C)N(c2cccnc2C)C1=O,0.34043455
ZINC_250K_8840,CCCNc1cc[nH+]c(COc2ccc(F)c(F)c2)c1,0.34043455
ZINC_250K_6170,CC[C@@H](NC(=O)CS(=O)(=O)C(C)C)c1cccc(Cl)c1,0.3404345
ZINC_250K_8488,CCc1cccc2cc(C[NH2+]CCc3ccccc3C)c(=O)[nH]c12,0.3404345
ZINC_250K_1420,Cc1ccc([N+](=O)[O-])cc1S(=O)(=O)/N=C(\[O-])[C@H](C)OCC(C)C,0.34043437
ZINC_250K_8139,Cc1cc(S(=O)(=O)Nc2cc3c(cc2Br)OCCO3)ccc1Br,0.34043437
ZINC_250K_8118,Cc1cc([C@@H]2CCC[NH+]2Cc2ccc(O)cc2)on1,0.34043434
ZINC_250K_4975,C[C@@H]1CN(Cc2nc(C(C)(C)C)no2)C[C@H](c2ccccc2)O1,0.3404343
ZINC_250K_3934,CCc1cnc(CN(C)C(=O)NCCc2ncc(C)s2)s1,0.3404343
ZINC_250K_6773,CC(NC(=O)c1cc([N+](=O)[O-])cc(S(C)(=O)=O)c1)(c1ccccc1)c1ccccc1,0.34043428
ZINC_250K_5482,CN(Cc1ccccc1Cl)C(=O)[C@H]1Cc2[nH+]c[nH]c2CN1,0.34043428
ZINC_250K_8952,CCCN(CC[NH+](C)C)C(=O)c1cnn2cc(Br)cnc12,0.34043425
ZINC_250K_2270,Cc1nc(CN2CCOC[C@H]2C2CC2)oc1C,0.34043425
ZINC_250K_4285,NC(=O)c1cc(NC(=O)NNc2ccccc2F)ccc1F,0.3404342
ZINC_250K_6380,Nc1nc2c(s1)[C@H](c1cccc3cnccc13)CC2,0.3404342
ZINC_250K_9688,C[C@@H]1CN(c2ccc([C@@H](C)O)c(O)c2)CC(C)(C)O1,0.34043416
ZINC_250K_6757,Cc1cccc(O[C@@H](C)c2nnc(SCc3ccccc3C)n2C)c1,0.34043413
ZINC_250K_9684,CCN(C(=O)[C@@H]1CCCN(C(=O)OC)C1)[C@H](C)C(C)C,0.34043413
ZINC_250K_1317,O=C(Nc1ccccc1)N1CCCC[C@@H]1[C@H]1CCC[C@@H]1O,0.3404341
ZINC_250K_638,CN(C)C(=O)[C@@H](Sc1nnc2n(C)c3ccccc3n12)c1ccccc1,0.3404341
ZINC_250K_536,CC(=O)Nc1ccc(NC(=O)c2ccc3c(c2)Cc2ccccc2-3)cc1,0.340434
ZINC_250K_8653,COc1ccc2c(c1)[C@@]([NH3+])(Cc1cccs1)CCC2,0.34043398
ZINC_250K_10328,CCCCC(=O)NCc1ccccc1OC,0.34043393
ZINC_250K_4485,CC(=O)NCCNC(=O)NC[C@@H](c1ccccc1)[NH+]1CCC(C)CC1,0.34043393
ZINC_250K_1452,C[S@@](=O)c1ccc(C[NH+]2CCC(OC[C@H]3CCCO3)CC2)cc1,0.34043393
ZINC_250K_1916,O=S(=O)(Nc1cc(F)ccc1F)c1ccc2c(c1)OCCO2,0.34043387
ZINC_250K_1316,Cc1nn(C)c(C)c1[C@H](C)NCCc1nc2c(F)cccc2n1C,0.34043384
ZINC_250K_10294,CC[NH2+][C@@H](c1ccc(Br)c2ccccc12)[C@H]1CCOC1,0.34043384
ZINC_250K_1237,COc1ccc([C@H](C)NC(=O)CC(C)(C)C)cc1OC,0.34043384
ZINC_250K_1945,C[NH2+]C1CCN(c2ccc(OC)c(F)c2)CC1,0.3404338
ZINC_250K_8413,N#C[C@H]1C(=N)C(C#N)(C#N)[C@H](c2ccc3ccccc3c2)[C@@H]2CCCC=C12,0.34043378
ZINC_250K_6544,O=c1[nH]c2ccc(S(=O)(=O)Nc3ccc(Cl)cc3)cc2[nH]1,0.34043378
ZINC_250K_9044,C[C@H](CNC(=O)NC[C@](C)(O)c1ccco1)c1ccsc1,0.34043378
ZINC_250K_9476,N#CC1(NC(=O)C[NH+]2CCC[C@H](C(=O)NCC3CC3)C2)CCCC1,0.34043378
ZINC_250K_236,CSc1ccccc1NC(=O)N[C@@H](CO)c1ccc(Cl)cc1,0.34043378
ZINC_250K_5815,COc1ccccc1CCN(C)C(=O)[C@H](C)c1ccsc1,0.34043375
ZINC_250K_5993,Nc1c(C(=O)c2cccs2)sc2nsc(SCC[NH+]3CCCCC3)c12,0.34043366
ZINC_250K_5741,CCc1ncc(CN[C@H](Cc2ccccc2)C2CC2)s1,0.3404336
ZINC_250K_5017,O=C(c1cccc2ccccc12)N1CC[NH+](C2C3CC4CC(C3)CC2C4)CC1,0.3404336
ZINC_250K_4912,COC(=O)[C@H]1CS[C@@H](C(=O)OC)N1C(=O)Nc1c(C)cccc1C,0.3404336
ZINC_250K_6044,Cc1nn(C)c(=O)c(C(=O)N2CC[C@@H](C(=O)[O-])[C@@H]2C)c1C,0.34043348
ZINC_250K_4440,N#Cc1ccc(NC[C@H](O)COc2ccc(I)cc2)nc1,0.34043345
ZINC_250K_2353,CCN(C[C@H](C)C#N)C(=O)Nc1cc(F)cc(Br)c1,0.34043342
ZINC_250K_10127,CCn1ccnc(N(C)CC(=O)NC(C)(C)C)c1=O,0.34043342
ZINC_250K_6260,CCN1CCO[C@@H](c2ncc(CNCCOC)cn2)C1,0.34043342
ZINC_250K_1263,Cc1nc(-c2ccc(F)cc2)sc1C(=O)NNC(=O)C(C)(C)C,0.34043333
ZINC_250K_4645,Cc1ccc(C=NNC(=O)COc2cccc(C)c2C)cc1,0.34043333
ZINC_250K_4594,COc1ccc(C(=O)Oc2ccc3c(C)cc(=O)oc3c2)c(OC)c1,0.34043333
ZINC_250K_8924,CC(C)[NH+](C)Cc1ccccc1CNc1ncnc2[nH]cnc12,0.3404333
ZINC_250K_10128,CC[NH2+][C@@H]1[C@H](CN2CCn3cc[nH+]c3C2)CCC1(C)C,0.3404332
ZINC_250K_8174,C[C@H](NC(=O)N[C@H]1CCC[C@@H]1CO)c1nnc2ccccn12,0.34043318
ZINC_250K_10292,O=C(CNC(=O)c1ccoc1)NC1CCC([NH+]2CCCCC2)CC1,0.34043318
ZINC_250K_4534,COc1ccc(S(=O)(=O)N2CCCN(CC[NH+](C)C)CC2)cc1,0.34043315
ZINC_250K_516,CCc1nnc(NC(=O)c2ccccc2N)s1,0.34043312
ZINC_250K_8408,CCCn1cc[nH+]c1CN1CCC(C(=O)N2CCCC2)CC1,0.3404331
ZINC_250K_2302,CC(C)(C)[C@H](NC(=O)c1ccc(C#N)cn1)C(N)=O,0.3404331
ZINC_250K_7958,Cc1cnc(Cl)nc1NCC1CC[NH+](C)CC1,0.34043306
ZINC_250K_9017,Cc1nn(-c2ccccc2)c(CN2CC[NH+](C)CC2(C)C)c1C#N,0.34043306
ZINC_250K_3488,C=CCOc1ccc(/C=C2\SC(=S)N(c3cc(C(=O)[O-])cc(C(=O)[O-])c3)C2=O)cc1,0.340433
ZINC_250K_2696,C[C@@H](Sc1nc2ccccc2n1C)c1ccc(OC(F)F)cc1,0.340433
ZINC_250K_9362,CN(Cc1nc(C(F)(F)F)cs1)Cc1cccc(Br)c1O,0.34043294
ZINC_250K_4395,N#CCCN(Cc1cccs1)S(=O)(=O)c1ccc(-c2ccccn2)s1,0.34043288
ZINC_250K_7963,Cn1c(/C=C/c2ccc(F)cc2)nc2ccc(I)cc2c1=O,0.34043288
ZINC_250K_3376,CCCc1nc(C(=O)N(CC(N)=O)C2CCCC2)n[nH]1,0.34043282
ZINC_250K_4182,COCCNC(=O)[C@@H](C)CS(=O)(=O)c1ccc(Br)cc1,0.3404328
ZINC_250K_5785,C[C@@H]1CCN(C(=O)NCCC2CCCC2)C[C@@H]1O,0.34043267
ZINC_250K_5625,O=c1cc(N2CC[NH2+]CC2)cnn1CCCn1cccn1,0.34043267
ZINC_250K_982,Cc1nc(CCC[NH+]2CCC[C@H]2C(N)=O)cs1,0.34043267
ZINC_250K_6629,CCCNc1ncc(C[NH+]2C[C@H](C)C[C@@H](C)C2)s1,0.34043267
ZINC_250K_6617,Cc1ccc(/C=C2\N=C(c3cc([N+](=O)[O-])ccc3Cl)OC2=O)o1,0.34043267
ZINC_250K_938,CCNc1ncc(COCC2CCCCC2)s1,0.3404326
ZINC_250K_831,C[C@H](NC(=O)NCCC[S@](C)=O)c1ccc(Cl)s1,0.3404326
ZINC_250K_9547,O=C(Nc1nc2c(Cl)cccc2s1)c1ccno1,0.34043255
ZINC_250K_9707,Cc1cccc(C)c1NC(=S)N/N=C1\C2CN3CCN(C2)CC1(c1ccccc1)C3,0.3404324
ZINC_250K_3432,Cc1ccc(NC(=O)Nc2cc(Br)c(=O)n(C)c2)cc1,0.34043238
ZINC_250K_2362,Cc1c(C)c2ccc3c(c2oc1=O)CN(C1CC(C)(C)[NH2+]C(C)(C)C1)CO3,0.34043232
ZINC_250K_5176,Cc1ccccc1NC(=O)C[NH+](CC(F)(F)F)C(C)C,0.34043232
ZINC_250K_1144,N#Cc1cccc(NS(=O)(=O)c2ccccc2F)c1,0.34043232
ZINC_250K_240,CC1(C)C(=O)NCC[NH+]1Cc1ccc(OCC(F)F)cc1,0.3404323
ZINC_250K_7698,Cc1cccc(CN(CC(=O)N2[C@H](C)CCC[C@H]2C)Cc2cccc(C)n2)n1,0.34043226
ZINC_250K_2235,Cc1ccc([C@@](C)(CC(=O)[O-])[C@H](C)[NH3+])cc1F,0.34043226
ZINC_250K_3384,CCN[C@@H](c1cccc(C)c1)[C@H]1CN(C)CCO1,0.34043223
ZINC_250K_6897,C[C@H](NC(=O)N1CCN(C(=O)[C@@H]2C[C@@H]2C)CC1)C(C)(C)C[NH+](C)C,0.34043217
ZINC_250K_10005,COc1ccccc1OCCn1c(-c2ccccc2)noc1=O,0.34043217
ZINC_250K_2,N#Cc1ccc(-c2ccc(O[C@@H](C(=O)N3CCCC3)c3ccccc3)cc2)cc1,0.34043217
ZINC_250K_858,COc1cc(OC)c(C(C)=O)cc1CSc1nnnn1-c1ccccc1,0.34043217
ZINC_250K_1172,C[C@H]1COC2(CCN(Cc3cc4ccccc4s3)CC2)O1,0.34043217
ZINC_250K_4026,CC(=O)c1ccc(NC(=O)[C@@H](C)Nc2cccc(C)c2C)cc1,0.34043217
ZINC_250K_3812,CCCSc1nc(COc2ccc(Cl)cc2)n[nH]1,0.3404321
ZINC_250K_3669,CC[C@H]1C[C@H](C)CC[C@@H]1[NH2+][C@@H]1CCN(c2cc(C)nn2C)C1=O,0.3404321
ZINC_250K_9676,CN(CCCS(C)(=O)=O)C(=O)C[C@@H]1CCCCC1(C)C,0.34043208
ZINC_250K_1476,CC(=O)NCc1ccc(C(=O)CSc2nnc3sc4ccccc4n23)cc1,0.34043205
ZINC_250K_7186,CC(C)Cn1ncc(C(=O)O[C@@H](C)C2CC2)c1C1CC1,0.34043205
ZINC_250K_324,CN(C(=O)CSCC(F)(F)F)c1cccc([N+](=O)[O-])c1,0.34043196
ZINC_250K_6562,C[C@H](NC(=O)N[C@H](C)C(C)(C)C)c1cccc(-n2cccn2)c1,0.34043193
ZINC_250K_3653,COc1cc(C(=O)N[C@H](c2ccccc2)c2cccnc2)cc(OC)c1OC,0.34043193
ZINC_250K_3882,COC(=O)c1ccc(CNc2ccn(C)n2)[nH]1,0.34043193
ZINC_250K_8529,O=C1/C(=C\C2[NH+]=c3ccccc3=[NH+]2)C([O-])=NC(=S)N1C1CCCCC1,0.3404319
ZINC_250K_6185,CC(C)c1cc(C(=O)N[C@@H](c2ccccc2)c2ccccn2)n(C)n1,0.34043184
ZINC_250K_8988,Cc1n[nH]c(C)c1NC(=O)C[NH+]1CCC(OCC(C)C)CC1,0.34043184
ZINC_250K_2595,C[C@@H](OC(=O)c1cc(S(C)(=O)=O)ccc1Cl)C1CC1,0.34043184
ZINC_250K_1188,Fc1cccc(Oc2nc(-c3ccncc3)nc3c2CCC3)c1F,0.34043184
ZINC_250K_4769,CC[C@@H]([NH2+][C@@H]1C[C@H](c2ccccc2)Oc2ccccc21)c1c(C)noc1C,0.3404318
ZINC_250K_6662,CC[C@]1(C)C[NH2+][C@@H](C(C)(C)C)CN1Cc1cccc(O)c1,0.3404318
ZINC_250K_1069,O=C([O-])c1ccccc1/C=N/n1cnnc1SCc1ccccc1,0.34043178
ZINC_250K_615,CCCOC(=O)c1ccc(NC(=O)c2ccc[n+]([O-])c2)cc1,0.34043172
ZINC_250K_3089,CC(=O)Nc1ccc(-c2nccn2CC(F)(F)F)cc1,0.34043172
ZINC_250K_3543,CCc1nsc(N2CCC(CC(N)=O)CC2)n1,0.34043166
ZINC_250K_5888,c1ccc(-c2cc(CC3(NCc4ccncc4)COC3)no2)nc1,0.34043163
ZINC_250K_7948,Cc1cccc(C)c1NC(=O)c1cnc2sccn2c1=O,0.3404316
ZINC_250K_913,C[C@H](c1nc(C(C)(C)C)no1)[S@](=O)Cc1ncn(-c2ccccc2)n1,0.34043157
ZINC_250K_616,CCOc1cc(CO)cc(Br)c1OCc1ccccc1F,0.34043154
ZINC_250K_4527,COCCNC(=O)C(=O)NCc1ccc(C(C)C)cc1,0.34043148
ZINC_250K_5884,C[C@H]1CN(Cc2ccnc(Br)c2)CC[NH2+]1,0.34043145
ZINC_250K_7354,CC(=O)Nc1c(C)cc(NC(=O)c2cc(C)nc3c2c(=O)[nH]n3C)cc1C,0.3404314
ZINC_250K_3944,Cc1cc(C(=O)N2CCN([C@H](c3ccccc3)c3ccc(F)cc3)CC2)n(C)n1,0.34043136
ZINC_250K_2256,CCN(c1cccc(C)c1)c1ccc(S(=O)(=O)N(C)C)cn1,0.34043136
ZINC_250K_5754,CCn1nc(CO[C@H]2CCC[C@@H]([NH3+])C2)c2ccccc21,0.34043133
ZINC_250K_3562,Cc1ccc(=O)n(CC(=O)NCc2cccs2)n1,0.34043127
ZINC_250K_621,O=C(N[C@H](NC(=S)Nc1ccccc1)C(Cl)(Cl)Cl)c1cccc(Br)c1,0.34043127
ZINC_250K_6947,CCCC[C@@H](C(=O)[O-])[C@]1(O)COc2cc(O)ccc21,0.34043127
ZINC_250K_1918,CC(C)[C@H](C)[NH2+][C@@H](C)C(=O)Nc1ccc(C#N)c(Cl)c1,0.3404312
ZINC_250K_7605,Cc1ccc(/C=C2/SC(=O)N(Cc3ccc(Cl)c(Cl)c3)C2=O)s1,0.3404312
ZINC_250K_9435,COc1cc(C(=O)N(C)CC(=O)Nc2c(C)cccc2C)cc(OC)c1OC,0.3404312
ZINC_250K_4130,CC(C)(C(=O)Cc1ccc(F)cc1Br)[NH+]1CCCCCC1,0.34043118
ZINC_250K_3520,CC(C)(C)c1ccc(=O)n(CCCOc2ccc(F)cc2)n1,0.34043115
ZINC_250K_7280,CC[C@@H](CSC)N(C)C(=O)/C=C/c1cn(C)c2ccccc12,0.34043115
ZINC_250K_10281,COc1ccc(N2CCN([C@H](C[NH3+])c3ccccc3OC)CC2)cc1,0.34043115
ZINC_250K_8524,Cc1csc(NC(=O)CS[C@@H]2N=N[C@H](c3ccoc3C)O2)n1,0.34043115
ZINC_250K_3094,CC1(C)C[C@@](C)(O)N(Cc2cccc(C(F)(F)F)c2)C(=S)N1,0.34043103
ZINC_250K_7959,N#Cc1ccc(Nc2ccc(Cl)cc2Cl)cc1[N+](=O)[O-],0.340431
ZINC_250K_6446,C[C@H](O)[C@@H]1CCCC[NH+]1Cc1ccccc1-n1cccn1,0.340431
ZINC_250K_3591,C[C@@H](c1nc(-c2cccnc2Oc2ccccc2)no1)[NH+]1CCSCC1,0.340431
ZINC_250K_3262,COc1ccc(-c2nc(CSc3nc4ccccc4[nH]3)n[nH]2)cc1,0.34043095
ZINC_250K_6096,Clc1ncc(CNC[C@@H]2CCC[NH2+]C2)s1,0.34043092
ZINC_250K_10367,COc1ccccc1COC(=O)CC1CCC1,0.3404309
ZINC_250K_1643,CC(C)(C)OC(=O)NC[C@@H]1CCCC[C@@H]1NC(=O)CC1CCC1,0.34043086
ZINC_250K_8164,Cc1cc(NC(=O)CCc2c(C)[nH]c(=O)c(C#N)c2C)no1,0.34043083
ZINC_250K_4613,Cc1nc(C)c(C[NH2+]C[C@H](C(C)C)N2CCOCC2)s1,0.34043083
ZINC_250K_10110,CC(=O)Nc1ccc(SCCOc2ccccc2C)cc1,0.3404308
ZINC_250K_4212,O=C1CN(C(=O)c2ccccc2CCc2ccccc2)CCN1,0.3404308
ZINC_250K_5711,CC(=O)N1CCC([NH2+][C@@H](c2ccc(C)cc2)C2CC2)CC1,0.3404308
ZINC_250K_9645,CCO[C@@H]1C[C@@H](N(C)S(=O)(=O)c2c(C)noc2C)C1(CC)CC,0.34043077
ZINC_250K_7473,C[C@@H]1CC[NH+](Cc2nnnn2-c2ccccc2Br)C[C@@H]1O,0.34043077
ZINC_250K_1273,C/C(=C\c1ccccc1)C(=O)Nc1ccc([N+](=O)[O-])cc1C,0.34043077
ZINC_250K_8643,NC(=O)[C@@H]1CC[NH+](Cc2ccc(OCc3ccccc3)cc2)C1,0.34043068
ZINC_250K_7730,O=C([O-])CCCOc1ccc([N+](=O)[O-])cc1F,0.34043068
ZINC_250K_8561,CCC[NH2+][C@H](C)c1cc(F)ccc1Oc1cccnc1C,0.34043065
ZINC_250K_4619,CC(C)(C)C(=O)COC(=O)CCc1nc2ccccc2[nH]c1=O,0.34043062
ZINC_250K_595,O=C(N[C@H]1C=C[C@H](C(=O)[O-])C1)c1cc(F)c(Cl)cc1Cl,0.34043062
ZINC_250K_4468,c1ccc(C[C@H]([NH2+]CCc2nc[nH]n2)C2CCCCC2)cc1,0.34043053
ZINC_250K_3909,CC1=C(C(=O)OCC(=O)C2=c3ccccc3=[NH+][C@@H]2C)[C@@H](C)N(C)N1,0.3404305
ZINC_250K_815,C[C@@](O)(CNC(=O)C1CCCC1)c1cccs1,0.34043044
ZINC_250K_158,COc1ccc([C@@H]([NH2+]Cc2ccc(Cl)nc2)c2ccc(F)cc2)cc1,0.34043044
ZINC_250K_5713,CC[C@H](C)NC(=O)C[NH+]1CCc2ccc(N)cc2C1,0.34043044
ZINC_250K_6514,C[NH2+]Cc1ccc(OCc2cccc3cccnc23)cn1,0.34043044
ZINC_250K_4681,C[C@H]1[NH2+]CC[C@H]1C(=O)Nc1ccc(Br)cc1Br,0.3404304
ZINC_250K_5854,C[NH2+][C@H](c1ccc(F)cc1Cl)[C@H]1CCOC2(CCCC2)C1,0.3404303
ZINC_250K_4984,COc1cc(OC)c(C[NH+]2CCC([C@H](O)c3ccc(F)cc3)CC2)c(OC)c1,0.3404303
ZINC_250K_9330,C[C@@H](C(=O)Nc1ccc(C(=O)Nc2cccnc2)cc1)[NH+](C)C,0.3404303
ZINC_250K_5167,Cc1ccc(-c2n[nH]c(SC[C@H]3CCCO3)n2)cc1,0.3404303
ZINC_250K_4723,COc1ccc(Cc2noc(C3CC[NH2+]CC3)n2)cn1,0.34043017
ZINC_250K_183,CC[NH2+][C@@H](CC)c1ccccc1OCc1cccc(F)c1,0.34043017
ZINC_250K_5320,CSc1ncc(C(=O)N(C)CCC(C)C)n1-c1ccc(F)cc1,0.34043017
ZINC_250K_8042,COc1ccc(CNc2ncnc(OC(C)C)c2N)cn1,0.34043014
ZINC_250K_8456,O=C(N[C@H]1CC=CCC1)N[C@@H]1CCCN(c2ccccc2)C1=O,0.34043005
ZINC_250K_2004,Cc1cc(C)n2nc(CC(=O)NCc3nc(C)c(C)s3)nc2n1,0.34043005
ZINC_250K_1776,O=C(Nc1ccc(F)cc1F)Nc1c[nH]c(=O)[nH]c1=O,0.34043005
ZINC_250K_6383,Cc1cc2sc(NC(=O)CC(C)C)nc2cc1Cl,0.34043002
ZINC_250K_4834,C[NH+]1[C@H]2CC[C@@H]1CN(C(=O)Nc1ccc3c(c1)OCCO3)CC2,0.34042996
ZINC_250K_1805,C[C@H]1CCC[C@H](C)N1C(=O)c1ccc2c(c1)COCO2,0.3404298
ZINC_250K_2332,CSc1nnc(S[C@H](C(=O)Nc2ccc(C)c(C)c2)C(C)C)s1,0.3404298
ZINC_250K_4206,Cc1cccc([C@@H](O)C2(N3CCOCC3)CCCC2)c1,0.34042972
ZINC_250K_9229,C[C@H]1CN(C(=O)NCc2ccsc2)C[C@H](C)O1,0.34042972
ZINC_250K_9834,CC[C@@H](Nc1nccs1)c1cccc([N+](=O)[O-])c1,0.34042966
ZINC_250K_9083,CC[NH+]1CCC[C@@H]1CNCc1cnn(-c2ccccc2)c1,0.34042966
ZINC_250K_4427,CS[C@H]1CC[C@@H](NC(=O)NCC2(Sc3ccccc3)CC2)C1,0.34042966
ZINC_250K_1363,NC(=O)[C@]1([NH2+]C2CC2)CC[C@H](Oc2cc(F)cc(F)c2)C1,0.34042963
ZINC_250K_2603,C#CCCCC[NH2+][C@@H](C)c1sc(-c2ccccc2)nc1C,0.34042963
ZINC_250K_7709,C[C@H](CCCO)Nc1ccc2c(C(=O)[O-])cccc2[nH+]1,0.34042963
ZINC_250K_9237,CON(C)C(=O)CN1CCC[C@@H](C[NH+]2CCCCCC2)C1,0.34042963
ZINC_250K_7206,COC[C@H](C)NC(=O)c1ccc2oc(C(C)C)nc2c1,0.34042957
ZINC_250K_6632,Cc1c([C@@H](C)[NH2+][C@H]2COc3ccccc32)cccc1[N+](=O)[O-],0.3404295
ZINC_250K_3336,CCS(=O)(=O)CCNC(=O)N[C@H](c1ccccc1)c1ccccn1,0.3404295
ZINC_250K_520,Cc1nn(C)cc1/C=N/NC(=O)c1ccncc1,0.34042946
ZINC_250K_1360,O=C(Nc1cccc(SC(F)F)c1)C1(O)Cc2ccccc2C1,0.34042946
ZINC_250K_3585,CCNC(=O)N(CC1CCC1)[C@@H](C)c1ccccc1,0.3404294
ZINC_250K_6283,CCCCN(C(=O)[C@@H](C)N1C[C@@H](C)O[C@@H](C)C1)[C@@H]1CCS(=O)(=O)C1,0.34042934
ZINC_250K_1801,C#CCN(CC(=O)[O-])C(=O)N(C)[C@H](C)c1cccs1,0.3404293
ZINC_250K_6580,O=C(CSc1ncc2ccccn12)Nc1ccc(F)cc1,0.34042928
ZINC_250K_5311,Nc1cccnc1SCC(=O)N1CCc2ccccc2C1,0.34042928
ZINC_250K_6189,CCN(CC)C(=O)COc1ccc(NC(C)=O)cn1,0.34042928
ZINC_250K_7620,COC(=O)c1ccccc1C(=O)Nc1cccc(Cl)c1C,0.34042925
ZINC_250K_469,COc1ccc(C(=O)OCc2nc3ccccc3s2)cn1,0.34042922
ZINC_250K_889,N#Cc1cnn2c1N[C@@H](c1ccccc1)C[C@@H]2C(F)F,0.3404292
ZINC_250K_954,Cc1cnc([C@H](C)NC(=O)NNC(=O)Nc2ccccc2)s1,0.3404292
ZINC_250K_3999,CCC[C@@H]1NC(=O)N(C[C@@H]2CSc3ccccc32)C1=O,0.3404292
ZINC_250K_180,CCOC(=O)c1sc(/C=C/c2nc3c(s2)CCC3)nc1C,0.34042913
ZINC_250K_4475,Cc1ccc(S(=O)(=O)CC(=O)Nc2cc(C(C)C)no2)cc1C,0.34042907
ZINC_250K_1389,N#CCNC(=O)CSc1nc(-c2ccccc2)n[nH]1,0.340429
ZINC_250K_8944,CCN(CCC#N)[C@H](C)C(=O)N[C@@H](C)c1ccccc1C,0.340429
ZINC_250K_594,CN(C)N1C(N)=C(C#N)[C@@H](c2cccs2)C2=C1CCCC2=O,0.34042892
ZINC_250K_4407,C[C@@H](C[NH+]1CCCCC1)NC(=O)c1n[nH]c(C2CC2)n1,0.34042892
ZINC_250K_3831,Cc1ccc(-n2nc(-c3ccc(F)cc3)cc2C(=O)[O-])c(C)c1,0.3404289
ZINC_250K_10304,CC1CCN(C(=O)[C@H](C)Oc2ccccc2Cl)CC1,0.3404289
ZINC_250K_10302,O=C([O-])c1ccc(CNC(=O)C2(c3ccccc3)CC2)o1,0.3404289
ZINC_250K_6865,O=S(=O)(CCC1CC1)Nc1ccccc1Nc1ccccc1,0.34042886
ZINC_250K_1951,Cc1ccc(S(=O)(=O)Nc2cc(C(N)=O)ccc2C)cc1,0.34042883
ZINC_250K_3720,CCc1nc(Cl)c(C)c(N2CC[C@H](COC)C2)n1,0.3404288
ZINC_250K_5619,CCOc1cc(C[NH2+][C@H](C)C23CC4CC(CC(C4)C2)C3)ccc1OC,0.3404288
ZINC_250K_613,C[NH2+]C1CCC([NH+](C)CC(=O)N[C@H](C)c2ccco2)CC1,0.3404288
ZINC_250K_3898,CN(CC[NH+](C)C)C(=O)c1ccc2c(c1)NC(=O)CS2,0.34042877
ZINC_250K_7424,CCC[C@@H]1CN(C(=O)c2ccc(C#N)cc2)CCO1,0.34042874
ZINC_250K_8040,O=C(CSCc1ccco1)N[C@H](c1ccccc1)c1nccs1,0.34042874
ZINC_250K_9478,CC(C)(O)CNC(=O)c1c(F)ccc([N+](=O)[O-])c1F,0.34042874
ZINC_250K_8003,Cc1ccc(N2CC[C@H](CO)C2)c(Cl)c1,0.34042868
ZINC_250K_4826,Cc1nc(C[NH+]2CCC[C@@H]2CN2CCOCC2)cs1,0.34042868
ZINC_250K_3238,Cc1ccc([C@H](NC(=O)NC[C@H]2CC[NH+](C3CC3)C2)C2CC2)cc1,0.34042868
ZINC_250K_7823,Cc1nnc(N2CCC(NC(=O)C3CC3)CC2)c(C#N)c1C,0.34042862
ZINC_250K_5920,COc1cc(/N=N/c2ccccc2)ccc1NC(=O)[C@H](C)Cl,0.34042862
ZINC_250K_5487,C/C(=N/NC(=O)c1cnccn1)c1cccc([N+](=O)[O-])c1,0.34042862
ZINC_250K_1024,O=C(/C=C/c1cc(Br)cs1)Nc1ccc(Cl)nn1,0.34042856
ZINC_250K_5117,C[C@@H](NC(=O)c1n[nH]c2c1CS(=O)(=O)CC2)c1ccccc1,0.34042856
ZINC_250K_4211,CCC(=O)N1CCCC[C@@H]1C(=O)NC[C@@H](C1CC1)[NH+](C)C,0.34042856
ZINC_250K_3125,COc1ccc(OC)c([C@H]2CC[NH+](c3c([O-])c(=[OH+])c3=O)C2)c1,0.3404285
ZINC_250K_5209,CCC[NH2+][C@@H](c1ccc2c(c1)CCCO2)[C@]1(C)CCCO1,0.3404285
ZINC_250K_9240,CS(=O)(=O)[C@@H]1CCC[C@@H](Nc2ncnc3[nH]cnc23)C1,0.34042847
ZINC_250K_8168,C[C@H]1c2ccccc2O[C@@H]1C(=O)N(CCC#N)CCC(F)(F)F,0.34042847
ZINC_250K_6872,O=C(NCC[S@](=O)Cc1ccccc1)NCc1ccc(F)cc1,0.34042847
ZINC_250K_48,Cc1noc(C)c1C[C@H](C)C(=O)N[C@@H](C)C1CCCCC1,0.3404284
ZINC_250K_888,Cc1noc(C)c1COc1ccc(C[NH2+]C[C@H]2CCCO2)cc1,0.3404284
ZINC_250K_5168,Cc1cnc(C(C)(C)NC(=O)c2csc(-c3ccoc3)n2)s1,0.3404284
ZINC_250K_1809,COC(=O)CN(Cc1ccccc1)Oc1ccc(Cl)cc1,0.3404284
ZINC_250K_2168,CCn1cc[nH+]c1[C@@H]1CCCN(C(=O)CSCC[NH+]2CCCC2)C1,0.34042838
ZINC_250K_2899,CC[C@@H](C)c1noc([C@@H]2CCCN(C(=O)C3CCCC3)C2)n1,0.34042838
ZINC_250K_1955,CC(C)C(=O)Nc1cccc(C(=O)Nc2ccc(Cl)cc2)c1,0.34042838
ZINC_250K_6232,CC1=C(C)C[C@H](C(=O)NNC(=O)c2cccc(C)c2)[C@@H](C(=O)[O-])C1,0.34042838
ZINC_250K_161,CCCOc1ccc(Br)cc1C[NH+]1CCC([C@@H](C)O)CC1,0.34042835
ZINC_250K_8007,CC1CCN(C(=O)COC(=O)c2cccs2)CC1,0.3404283
ZINC_250K_7284,CN(CC#N)CC(=O)N(CCC(N)=O)c1ccc(F)cc1,0.34042826
ZINC_250K_9919,CC(C)(C)C1CCC2(CC1)[C@H](C#N)C(SC/C(O)=N/c1ccccc1)=NC(=O)[C@@H]2C#N,0.34042817
ZINC_250K_4634,CC(=O)N1CCC[C@H](C(=O)N(CC(=O)[O-])CC(F)(F)F)C1,0.34042814
ZINC_250K_9166,COCC[NH+]1CCC[C@@H](NC(=O)N(C2CC2)[C@H](C)C2CC2)C1,0.34042814
ZINC_250K_7930,C[NH+](CCCc1n[nH]c(N)c1C#N)Cc1ccc(C(F)(F)F)cc1,0.3404281
ZINC_250K_3425,CCS(=O)(=O)c1ccc(NC(=O)NC2(C)Cc3ccccc3C2)cc1,0.34042802
ZINC_250K_7777,CCCc1cc(NC(=O)Nc2ccc3c(c2)OCCO3)n(C)n1,0.34042802
ZINC_250K_5683,[NH3+][C@@H]1CC[C@@H](OCc2cccc([N+](=O)[O-])c2)C1,0.34042802
ZINC_250K_5189,CC[C@@H]1C(=O)N2CCC[C@H]2C(=O)N1c1cc(F)cc(F)c1,0.340428
ZINC_250K_10109,C[C@@H](Cc1nc2ccccc2s1)NCc1ncn(C)n1,0.34042796
ZINC_250K_9101,Cc1cc(I)ccc1NC(=O)CCC(=O)N/N=C/c1ccccc1,0.34042796
ZINC_250K_3304,CC(C)(NC(=O)c1ccc(-n2cccn2)cc1)c1ccc2c(c1)OCO2,0.34042796
ZINC_250K_8630,CCc1nn(C)c(OC)c1CNS(=O)(=O)c1c(C)nn(C)c1Cl,0.34042796
ZINC_250K_1417,CC(C)N[C@@]1(C#N)CC[C@@H](N(C)C[C@@H]2CC[NH+](C)C2)C1,0.34042796
ZINC_250K_3775,CCN(CC)c1ccc([C@@H]2C3=C([O-])CCCC3=NC3=NC(SC)=NC(=O)[C@@H]32)cc1,0.3404279
ZINC_250K_1527,CCn1cc([C@H]2OCC[C@H]2C[NH2+]Cc2ccc(C)s2)cn1,0.3404279
ZINC_250K_8534,Cn1nnnc1SCC(=O)N[C@H](c1ccccc1)C(F)(F)F,0.34042785
ZINC_250K_6705,C[C@H]1CC[C@H](C(C)(C)c2ccc(Cl)cc2F)[C@H](O)C1,0.34042782
ZINC_250K_9647,Cc1nn(C)c(Cl)c1[C@@H]1CCC[NH+]1CCCS(C)(=O)=O,0.3404278
ZINC_250K_597,O=S(=O)(NCc1ccc(Cl)cc1Cl)c1ccccc1Br,0.3404278
ZINC_250K_8555,C#CCN(CC#C)CC(=O)NCc1ccc(OC)cc1,0.3404278
ZINC_250K_7292,Cc1cc(C)c(C)c(S(=O)(=O)N2CCN(C(=O)c3c(C)noc3C)CC2)c1C,0.3404278
ZINC_250K_2934,CC(C)n1cc(S(=O)(=O)N2CCn3c(nn(C)c3=O)C2)cn1,0.34042776
ZINC_250K_1575,Cc1nn(-c2ccccc2)c(C)c1S(=O)(=O)N1CCCCCC1,0.34042776
ZINC_250K_855,Cc1ccsc1C[NH+](Cc1nc2ccccc2n1C(C)C)C[C@H](C)O,0.34042776
ZINC_250K_5372,C=CCC[C@@H]([NH2+][C@@H](C)c1ccc(F)cn1)c1ccccc1,0.34042773
ZINC_250K_3954,Cc1csc(Cn2c3c(sc2=O)C[C@@H](C)CC3)n1,0.34042767
ZINC_250K_936,CC(=O)Nc1cccc(NC(=O)CCc2c(C)[nH]c(=S)[nH]c2=O)c1,0.34042764
ZINC_250K_6424,COC(=O)CSc1nc(-c2ccc(OC)cc2)cc(C(F)(F)F)n1,0.34042764
ZINC_250K_10293,CC[C@](C)(NC(=O)CCSc1ccccc1Cl)C(=O)[O-],0.34042764
ZINC_250K_3399,O=C([O-])c1ccc(CNC(=O)c2cnns2)o1,0.3404276
ZINC_250K_1120,CCc1ccc(S(=O)(=O)NCC2([NH+](C)C)CCOCC2)s1,0.34042758
ZINC_250K_6547,Cc1cc(CS(=O)(=O)N[C@@H]2C=C[C@H](C(=O)[O-])C2)no1,0.34042755
ZINC_250K_5862,C[NH+](C[C@@H]1CCCO1)[C@@H]1CC[C@](NC2CC2)(C(N)=O)C1,0.34042752
ZINC_250K_7516,C#CCNC(=O)N1CCN(CC(=O)N2C[C@@H](C)C[C@H](C)C2)CC1,0.3404275
ZINC_250K_6816,C[S@@](=O)c1ccc(CNC(=O)N[C@H](CO)c2ccco2)cc1,0.34042746
ZINC_250K_10208,COc1ccc(Br)c(C(=O)N[C@H](C)c2ccncc2)c1,0.34042743
ZINC_250K_8342,[NH3+][C@H]1CCC[C@@H](N2CCC[C@H]2c2cccnc2)C1,0.3404274
ZINC_250K_6297,C=C(C)C[NH+]1CCC(NC(=O)NOCc2ccccc2)CC1,0.34042737
ZINC_250K_9184,Cc1c(C[NH+]2CCC[C@H](c3ncc[nH]3)C2)cc(C#N)n1C,0.34042734
ZINC_250K_8789,C/[NH+]=C(/NCc1nc(C(F)(F)F)cs1)N[C@@H]1C[C@@](C)(OC)C1(C)C,0.3404273
ZINC_250K_7879,CCc1ccccc1O[C@H]1CCC[C@]([NH3+])(CO)C1,0.34042728
ZINC_250K_8453,CCOCCSC1=NC(C)=C(C(C)=O)[C@@H](c2sccc2C)C1C#N,0.34042728
ZINC_250K_10231,CC(C)(NC(=O)[C@@H]1C[C@H]2CC[C@@H]1O2)c1ccc([N+](=O)[O-])cc1,0.34042725
ZINC_250K_407,O=C(CCOc1ccccc1)NNC(=O)CC1(O)CCCC1,0.3404272
ZINC_250K_10209,Cc1cccc(CN(C)c2ccc(C[C@H](C)[NH3+])cc2F)n1,0.34042713
ZINC_250K_2923,CC(C)c1nn(C)c2sc(C(=O)N3CCN([C@H](C)C(N)=O)CC3)cc12,0.34042713
ZINC_250K_691,Cc1ccc(S(=O)(=O)OCCc2coc3ccccc23)cc1,0.34042713
ZINC_250K_7341,C[C@H](N[C@@H]1CCC[C@@H]1[C@@H]1CCCC[NH2+]1)c1cccc(O)c1,0.3404271
ZINC_250K_3828,CCOC(=O)Nc1ccc(NC(=O)Nc2cc(C)on2)cc1,0.34042707
ZINC_250K_9826,Cc1cc(C)cc(Oc2cc(N3C(=O)[C@@H]4[C@@H](C3=O)[C@H]3CC[C@@H]4O3)cc([N+](=O)[O-])c2)c1,0.340427
ZINC_250K_9363,CC(C)(CNC(=O)CC[C@H]([NH3+])c1ccccc1)S(C)(=O)=O,0.340427
ZINC_250K_1125,O=C(CS(=O)(=O)C1CCCC1)NCc1cc(F)cc(F)c1,0.340427
ZINC_250K_1249,COc1ccccc1[C@@H]1C[NH+]=C(N)N1c1ccc(Cl)cc1,0.340427
ZINC_250K_384,C[C@H]([NH2+]C1C[C@H](C)O[C@@H](C)C1)c1c[nH]c2cc(F)ccc12,0.34042698
ZINC_250K_6387,CCC[C@](C)(CO)NC(=O)N[C@H](C)c1cc(C)ccc1OC,0.34042698
ZINC_250K_554,COc1ccc(Br)cc1/C=C1/C(=O)NN(c2ccc(C)c(C)c2)C1=O,0.34042698
ZINC_250K_7541,C[C@H]1N[C@@]2(C(=O)N(Cc3ccccc3)c3ccccc32)[C@H]2C(=O)N(Cc3ccccc3)C(=O)[C@H]12,0.34042695
ZINC_250K_5532,C[NH2+]Cc1ccc(OCc2c[nH+]cn2C)c(Cl)c1,0.34042692
ZINC_250K_5950,CCOc1ccc(C2=C[C@@H]([C@H]3NC(c4ccc(OC)cc4)=NO3)N=N2)cc1,0.34042686
ZINC_250K_3272,Cn1c(=O)c2ccccc2n2c(SCc3ncno3)nnc12,0.34042686
ZINC_250K_9342,Cc1cc(F)cc(NC(=O)[C@H](C)CCC[C@H](C)[NH3+])c1,0.34042686
ZINC_250K_3284,CCc1ccsc1CNC(=O)C(=O)Nc1cc(F)cc(F)c1,0.3404268
ZINC_250K_6802,CCc1nc(CN[C@H](c2cccc(F)c2)c2[nH+]ccn2C)cs1,0.3404268
ZINC_250K_2971,C[C@H]([NH2+][C@@H](C)C[C@@H](O)c1ccco1)c1nc2ccccc2n1C(F)F,0.34042674
ZINC_250K_6920,CC(C)(CO)[C@@H](C[NH2+]C1CCN(c2ccccc2)CC1)c1ccccc1,0.34042674
ZINC_250K_9339,COc1ccc(C(=O)CSc2nc(C)c(C)cc2C#N)cc1,0.34042668
ZINC_250K_4153,Cc1noc(C)c1CN(C)C(=O)c1cccc(C[S@](C)=O)c1,0.34042668
ZINC_250K_7619,CCCCC1([C@H]2CC(=O)N(c3ccccc3)C2=O)C(=O)N(c2ccccc2)N(c2ccccc2)C1=O,0.34042668
ZINC_250K_6616,CCC/C=N/Nc1nc(SCc2ccc(Cl)c(Cl)c2)n[nH]1,0.34042668
ZINC_250K_1570,CSC[C@@](C)(O)CNC(=O)c1c(C)nc2ccccn12,0.34042662
ZINC_250K_8833,COc1cc(Br)c(CCNC(=O)C2CCCC2)cc1OC,0.34042653
ZINC_250K_1271,Cc1nn(C)c(=O)c(C(=O)NCC(C)(C)c2ccccc2)c1C,0.34042647
ZINC_250K_7788,N#C/C(=C/C=C\c1ccccc1)C(=O)Nc1cccc(Cl)c1Cl,0.34042647
ZINC_250K_7048,c1ccc2ncc([C@]3(C4CC4)CCCCC[NH2+]3)cc2c1,0.34042642
ZINC_250K_4389,Cc1cc(N[C@@H](C)[C@H](C)CO)nc(-c2ccccn2)n1,0.34042642
ZINC_250K_4663,C#CCn1/c(=N/S(=O)(=O)c2ccc(F)cc2)sc2cccc(F)c21,0.3404264
ZINC_250K_4998,COc1ccccc1[C@@H](NCc1ccc(C)s1)c1[nH+]ccn1C,0.34042636
ZINC_250K_1168,Cn1ncnc1NC(=O)NCCCC[NH+]1CCCC1,0.34042636
ZINC_250K_9484,CC(C)[C@H](NC(=O)CCCN1C(=O)CNC1=O)c1ccccc1,0.34042633
ZINC_250K_1944,O=C(c1ccc(Br)o1)N1CC[NH+](Cc2ccccc2)CC1,0.3404263
ZINC_250K_1859,CCOc1ccccc1OC(=O)c1ccc(S(=O)(=O)C(F)F)cc1,0.34042627
ZINC_250K_6656,O=C(OCc1cc(-c2ccccc2)on1)c1ccc(F)cc1,0.34042627
ZINC_250K_7134,O[C@@H](C[NH2+]Cc1cccc2ccccc12)C1CCOCC1,0.34042624
ZINC_250K_6715,O=C(OCCCc1ccncc1)[C@@H]1SCCc2sccc21,0.34042624
ZINC_250K_3273,C[C@H]1CCCCN1C(=O)CSc1ccc(N)cc1,0.3404262
ZINC_250K_6432,Cc1cccc(CNc2ccc(C)c(Cl)c2)c1,0.3404262
ZINC_250K_9761,O=C(NCc1ccncc1)c1cc2cc([N+](=O)[O-])ccc2s1,0.34042618
ZINC_250K_3740,COC(=O)[C@@H](C)CNC(=O)Nc1ccc(C)cc1C,0.34042615
ZINC_250K_7442,CCO[C@@H]1C[C@H]1C(=O)N[C@@H]1CCC[C@H](S(C)(=O)=O)C1,0.34042615
ZINC_250K_955,CNC(=O)c1ccc(NC(=O)c2csc(-c3ccccc3)n2)cc1,0.34042615
ZINC_250K_5119,CC[NH+](CC)CCNC(=O)c1ccc2nc(C)c(C)nc2c1,0.34042612
ZINC_250K_5539,COc1ccccc1[C@@H]([NH2+]CC(C)(C)O)C1CCCC1,0.3404261
ZINC_250K_3627,Cc1c(Oc2ccc3cn[nH]c3c2)nn2c(C(F)(F)F)nnc2c1C,0.3404261
ZINC_250K_121,CCC1(CC)[C@@H](NC(=O)Nc2ccc(C(=O)NC)cc2)[C@H](C)[C@@H]1OC,0.3404261
ZINC_250K_9916,CCOC1CC[NH+](Cc2ccc(F)c(OC)c2)CC1,0.3404261
ZINC_250K_2534,Cn1cc(/C=C2\SC(=S)N(c3cccc(C(=O)[O-])c3)C2=O)c2ccccc21,0.34042597
ZINC_250K_4815,CC(C)c1ccc([C@@H]2C3=C(CCCC3=O)N[C@H]3N=NC(O)=C23)cc1,0.34042597
ZINC_250K_8502,CC(=O)NCCc1ccc([C@@H](C)[NH2+][C@@H](C)c2nc(C)cs2)cc1,0.34042597
ZINC_250K_2941,CC[C@H](C)[NH+]1CCN(C[C@H]2CCCC(C)(C)C2=O)CC1,0.34042585
ZINC_250K_5997,Cc1nc(C(=O)[O-])nn1-c1cccc(C(F)(F)F)c1,0.34042585
ZINC_250K_8839,CN(Cc1ccncc1)C(=O)NCC1(C)Cc2ccccc2C1,0.34042585
ZINC_250K_4793,CC(=O)Nc1ccc(NC(=O)c2ccc(Cn3ccnc3)cc2)cc1,0.34042582
ZINC_250K_1155,Cc1cccc(NC(=O)Nc2cc(NC(=O)Nc3cccc(C)c3)c(C)nc2C)c1,0.34042582
ZINC_250K_8569,COc1ccc([C@@H]([NH2+][C@H](C)c2ccccn2)c2ccccc2Cl)cc1,0.34042582
ZINC_250K_8051,COc1ccccc1CNC(=O)c1cc(C)on1,0.3404257
ZINC_250K_427,O=C(CSc1ccc2c(c1)OCCCO2)NC(=O)c1cccs1,0.3404256
ZINC_250K_8309,COc1cc(C[NH2+][C@H](C)c2ccncc2)cc([N+](=O)[O-])c1O,0.3404256
ZINC_250K_4175,CO[C@]1(C)C[C@H](NC(=O)[C@H](C)NC(=O)c2cccs2)C1(C)C,0.34042558
ZINC_250K_6794,C[C@H](Oc1ccccc1)C(=O)NC1CCC2(CC1)OCCO2,0.34042555
ZINC_250K_3314,CC[C@@H](C)CN(C)C(=O)N[C@@H](c1ccc(Cl)cc1)c1ncon1,0.3404255
ZINC_250K_5864,C[C@H]1COC2(CC[NH+](Cc3ccc(OCC[NH+]4CCCC4)cc3)CC2)O1,0.3404255
ZINC_250K_4903,CCCOc1ccc(C[NH+](C)C(C)(C)CO)c(O)c1,0.34042546
ZINC_250K_8681,O=C(Nc1ccc(F)cc1F)c1ccc(Br)o1,0.34042546
ZINC_250K_5925,C[C@@H]1CCC[C@@](C[NH3+])([C@H](O)c2ccc3ccccc3c2)C1,0.34042543
ZINC_250K_4877,CCCn1c(C[NH2+]CC2CCC2)nc2ccccc21,0.3404254
ZINC_250K_9436,O=C1OCCN1c1ccc(NS(=O)(=O)CCc2ccccc2)cc1,0.3404253
ZINC_250K_1721,COc1ccc(CCCNC(=O)NNC(=O)C(C)(C)C)cc1,0.3404253
ZINC_250K_6029,O=C(Nc1ccccc1F)[C@@H]1C[C@H]2CC[C@@H]1C2,0.34042525
ZINC_250K_4655,Cc1ccc([C@@H](C)NC(=O)CCS(=O)(=O)c2ccc(Cl)cc2)cc1,0.34042522
ZINC_250K_590,Cc1cc(C)c(C(=O)Cn2nc(N)n(Nc3cccs3)c2=S)c(C)c1,0.3404252
ZINC_250K_666,O=C(CSCC(F)(F)F)N1CCN(c2ccc(Cl)cn2)CC1,0.3404252
ZINC_250K_7087,CC(C)(C)NC(=O)NC(=O)CN1CCO[C@H](CO)C1,0.34042513
ZINC_250K_8541,Cc1cccc([N+](=O)[O-])c1NC(=O)C[NH+](CC(C)C)C(C)C,0.34042513
ZINC_250K_1321,COC(=O)Cc1ccc(C[NH+]2CC[C@H](CC(C)C)C2)s1,0.3404251
ZINC_250K_376,O=C(C1CCCCC1)N1CCN(Cn2cc(Br)cn2)CC1,0.34042504
ZINC_250K_7365,O=C(NC1CC1)[C@@H]([NH2+]Cc1ccc2c(c1)OCCO2)c1ccccc1,0.34042504
ZINC_250K_9333,COCCCNC(=O)/C(C#N)=C/c1ccc(C#N)cc1,0.340425
ZINC_250K_6755,COC(=O)[C@H](c1ccccc1Cl)N1CCCSCC1,0.34042498
ZINC_250K_1187,CC(C)CC[C@@H](C)NC(=O)Nc1ccc([S@@](C)=O)c(F)c1,0.34042498
ZINC_250K_4325,O=C(NCc1ccc(Cl)c(Cl)c1)c1ccncc1,0.34042498
ZINC_250K_1179,CC(=O)N[C@@H](CC(=O)N[C@H](C(N)=O)C(C)(C)C)c1c(F)cccc1F,0.34042498
ZINC_250K_844,COC(=O)[C@@H](c1ccccc1Cl)N1CCCSCC1,0.34042498
ZINC_250K_7359,CC[C@@H](C)NC(=O)[C@@H](C)NC(=O)c1ccc(-n2cccc2)nc1,0.34042498
ZINC_250K_9687,O=C(NC1CC[NH+](C[C@H]2CCOC2)CC1)N1CC[NH+](C2CCCC2)CC1,0.34042498
ZINC_250K_752,CCNS(=O)(=O)[C@@H]1CC[NH+](C[C@@H]2CCCc3ccccc32)C1,0.34042498
ZINC_250K_6743,CCSc1nnc(NC(=O)CCc2ccc(C)o2)s1,0.34042495
ZINC_250K_1535,O[C@]1(C[NH2+][C@@H]2CCN(CC(F)(F)F)C2)CCCc2ccccc21,0.34042493
ZINC_250K_4846,C[C@@H](CO)NC(=O)NC[C@H]1Cc2ccccc2O1,0.34042493
ZINC_250K_6821,COc1ccc(Br)cc1C[C@@H](O)c1ccc(F)cn1,0.3404249
ZINC_250K_430,CNc1ncc(F)c(-c2cccc(Cl)c2)n1,0.34042484
ZINC_250K_4386,FC(F)n1ccnc1CN1CC[NH+](CCN2CCOCC2)CC1,0.3404248
ZINC_250K_1919,C[C@H](CCCO)[NH2+]Cc1c(-c2ccccc2)nn(C)c1Cl,0.34042478
ZINC_250K_10226,Cc1nnc2ccc(N3CCOC[C@@H]3CC(C)C)nn12,0.34042475
ZINC_250K_5439,Cc1csc([C@H](NC(=O)N[C@H](C)c2nc(C(C)(C)C)no2)C2CC2)n1,0.34042475
ZINC_250K_1703,Cc1ncc(C(=O)N(C)CC2CCCC2)c(Br)c1Cl,0.34042472
ZINC_250K_1437,CNC(=S)N1CCCN(c2ccc(C#N)cn2)CC1,0.34042472
ZINC_250K_8967,CNC(=O)CN(c1ccc(OC)cc1OC)S(=O)(=O)c1ccccc1,0.3404247
ZINC_250K_1525,CC(=O)N[C@H](C)C(=O)NCC1(c2ccc(F)cc2F)CC1,0.3404247
ZINC_250K_3223,O=C(NCCNc1ncccn1)[C@@H]1COc2ccccc2O1,0.3404247
ZINC_250K_1901,Cc1cc(C)c2c(c1)s/c(=N/C(=O)c1cccc(N3C(=O)CCC3=O)c1)n2C,0.34042457
ZINC_250K_1,C[C@@H]1CC(Nc2cncc(-c3nncn3C)c2)C[C@@H](C)C1,0.34042457
ZINC_250K_1067,NC(=O)c1c(F)cccc1Nc1cccc(N)c1,0.34042454
ZINC_250K_6018,CC(C)[NH+]1CCC(NC(=O)CSc2ccccc2)CC1,0.34042454
ZINC_250K_4669,Cc1ccc(C(=O)CSc2ncc(C(F)(F)F)cc2Cl)cc1,0.34042454
ZINC_250K_2738,Cc1noc(NC(=O)C[C@H](C)c2ccc(F)cc2)n1,0.34042448
ZINC_250K_3631,COc1ccc(Br)c([C@H]2CCc3nc(N)sc32)c1,0.34042445
ZINC_250K_3092,CN(Cc1cc(Cl)ccn1)C[C@@H]1CCC[NH+]1C,0.34042442
ZINC_250K_4306,N#CC(C#N)=CNCCCN1C(=O)[C@H]2[C@H](C1=O)[C@H]1C=C[C@@H]2C1,0.34042436
ZINC_250K_5707,C[NH+](CCOc1ccccc1F)Cc1nc2ccccc2o1,0.34042433
ZINC_250K_6777,C[C@@H](C(=O)N1CCCCCC1)S(=O)(=O)c1ccccc1F,0.34042427
ZINC_250K_123,N#Cc1ccnc(N2CCC([NH2+]C[C@@H]3CCCO3)CC2)c1,0.3404242
ZINC_250K_7070,O=C1/C(=C/c2cc(Cl)c([O-])c(Cl)c2)C([O-])=NC(=S)N1c1ccc(F)cc1,0.3404241
ZINC_250K_1320,COCCOc1cccc(C[NH+]2CCC2(C)C)c1,0.3404241
ZINC_250K_1692,CC[C@H]1COCCN1Cc1cccc(C)c1C,0.34042406
ZINC_250K_3468,Clc1ccc(COc2ccc(CNn3cnnc3)cc2)cc1,0.34042403
ZINC_250K_6319,N#CC1=C(N)Oc2c(c(=O)sc3ccccc23)[C@@H]1c1ccccc1Cl,0.340424
ZINC_250K_10308,CC(C)c1cc(C(=O)NNC(=O)Cc2ccncc2)n(C)n1,0.34042397
ZINC_250K_1325,C[C@@H](Nc1ccc(CO)cc1)C(=O)NCCc1ccc(F)cc1,0.34042397
ZINC_250K_3823,CCC(C)(C)NC(=O)[C@@H](C)Oc1ccc(C[C@H](C)[NH3+])nc1,0.34042397
ZINC_250K_3822,Cc1cc2c(cc1C)O[C@@H](C(=O)N(CC[NH+](C)C)Cc1ccco1)C2,0.34042397
ZINC_250K_3398,Cc1noc(C)c1CCCNc1cc(Cl)ccc1C#N,0.34042394
ZINC_250K_6867,CCCn1nc(C(=O)N[C@H](C)c2ccccc2Br)ccc1=O,0.34042388
ZINC_250K_7942,COc1ccc(OC)c(C(=O)OCC(=O)c2cc(C)c(C)cc2C)c1,0.34042388
ZINC_250K_5437,CCN1C(=O)/C(=C/c2c(C)c(C#N)c(=O)n(C)c2N2CCCC2)SC1=S,0.34042382
ZINC_250K_8460,CCCc1nn2c(=O)cc(CSc3ccccc3C(=O)[O-])nc2s1,0.3404238
ZINC_250K_9605,CCCCN(c1ccccc1)S(=O)(=O)c1cccc2nonc12,0.34042364
ZINC_250K_2028,C[C@H]1OCCN(Cc2cccc(F)c2Cl)[C@H]1C,0.3404236
ZINC_250K_249,CCc1sc(C(=O)N2CCN([C@@H](C(N)=O)c3ccccc3)CC2)cc1C,0.3404236
ZINC_250K_2135,Brc1cn2ccnc2c(N[C@H]2CCCOC2)n1,0.34042358
ZINC_250K_6587,CC[S@](=O)[C@@H]1CCCC[C@@H]1NC(=O)N1CCC[C@H](OC)C1,0.34042355
ZINC_250K_7974,C[C@H](Oc1ccc2c(c1)OCO2)C(=O)Nc1cc(Cl)cc(Cl)c1,0.34042355
ZINC_250K_702,O=C(NCCCS(=O)(=O)c1ccccc1)c1n[nH]c2ccccc12,0.3404235
ZINC_250K_3807,Cn1ccnc1SCC(=O)N1CCC(C(=O)N2CCCCCC2)CC1,0.34042343
ZINC_250K_1253,Cc1cc(NC(=O)C(=O)Nc2cn[nH]c2)n(-c2ccccc2C)n1,0.34042343
ZINC_250K_5042,CC(C)[C@@H](NC(=O)NNc1ccc(C(C)(C)C)nn1)c1ccccn1,0.34042343
ZINC_250K_2166,O[C@H](COc1ccc(Cl)cc1)CSc1nccc(C(F)(F)F)n1,0.34042343
ZINC_250K_2577,COc1ccc(NS(=O)(=O)CCc2ccccc2)cn1,0.34042332
ZINC_250K_2898,NC(=O)c1cccc(CNC(=O)[C@@H]2C[C@@H]3C=C[C@H]2C3)c1,0.34042332
ZINC_250K_7553,C[C@@H](Cc1c(F)cccc1F)NC(=O)C[NH+]1CCc2sccc2C1,0.3404233
ZINC_250K_9103,Cc1cc(CCNC(=O)[C@@H]2CCC[NH+](C)C2)on1,0.34042326
ZINC_250K_1068,CC(=O)N1CN(CCC2=CCCCC2)Cc2c1sc1c2CCCC1,0.3404232
ZINC_250K_3856,COC(=O)c1cc(-c2ccc(F)cc2)nc2cc(-c3ccccc3)nn12,0.3404232
ZINC_250K_6582,CC(=O)N(C)C1CCN(C(=O)c2ccc(Cl)cc2)CC1,0.34042317
ZINC_250K_3626,COc1ccsc1S(=O)(=O)[N-]c1ncccc1-c1ccccc1,0.34042317
ZINC_250K_2410,CCCNc1cc(C)ccc1C(=O)N(CC)CC(F)(F)F,0.34042317
ZINC_250K_7614,Cc1n[nH]c([O-])c1CCC(=O)N/N=C/c1ccccc1,0.3404231
ZINC_250K_8594,COc1cc(C(=O)Oc2ccc3cc(C(N)=O)c(=O)oc3c2)cc(OC)c1OC,0.34042308
ZINC_250K_8128,CC1CC[NH+]([C@H](C)CNC(=O)C2=CCCCO2)CC1,0.34042308
ZINC_250K_762,CC1(C)[C@H](NC(=O)CCNC(=O)C23CC4CC(CC(C4)C2)C3)[C@H]2CCO[C@@H]21,0.34042305
ZINC_250K_8941,CC/C=C(/C)C(=O)N[C@H](c1ccc(F)cc1)[C@H]1CCCO1,0.34042305
ZINC_250K_2217,Cc1cc(NC(=O)CCS(=O)(=O)[C@H](C)c2ccccc2)no1,0.34042302
ZINC_250K_228,CC(C)C1=CN=N[C@H]1[C@H]1CCC[NH+](C[C@@H](C)Cc2ccc3c(c2)OCO3)C1,0.34042302
ZINC_250K_473,NC(=O)[C@H](Nc1cccc(Oc2ccccc2)c1)c1ccc(F)cc1,0.340423
ZINC_250K_7144,Oc1ccccc1N1CC[NH+](CCCOc2ccccc2)CC1,0.34042293
ZINC_250K_8058,CCN(Cc1cccs1)C(=O)N[C@H](C)c1ccc(Cl)s1,0.34042293
ZINC_250K_2896,COc1ccc(C(=O)N[C@H]2CCCC[C@H]2O)cc1O,0.34042293
ZINC_250K_771,C[C@]1(Oc2c[nH]c3ccc(Br)c(Cl)c23)O[C@H](CO)[C@@](C)(O)[C@](C)(O)[C@@]1(C)O,0.34042287
ZINC_250K_8229,Cc1nnc(S[C@@H](C)C(=O)N(C)c2ccccc2)s1,0.34042284
ZINC_250K_2612,N#Cc1c(F)cccc1Nc1nc(Cl)ncc1Br,0.34042284
ZINC_250K_110,CCOC(=O)[C@H]1C=C(C#N)O[C@@H](c2ccc(C)cc2)C1,0.34042284
ZINC_250K_1087,CCN(Cc1cc(Cl)ccn1)c1ccccc1F,0.34042284
ZINC_250K_7361,Cc1ccccc1N1CCN(Cc2cn3ccccc3[nH+]2)CC1,0.3404228
ZINC_250K_10015,COC(=O)NCC(=O)N1CC=C(c2cc(C)cc(C)c2)CC1,0.34042278
ZINC_250K_9975,O=C(NCCNc1ccc(-n2cccc2)nn1)c1ccncc1,0.34042278
ZINC_250K_2833,CN(CC(=O)N/N=C/c1c(Cl)cccc1Cl)S(=O)(=O)c1ccccc1,0.34042272
ZINC_250K_1906,CC(C)N1CC[C@H]([NH2+][C@H](C)CCc2ccc3c(c2)OCO3)C1=O,0.34042272
ZINC_250K_5689,Cc1ccc(N)c(N2CCNC(=O)[C@H]2C)c1,0.34042272
ZINC_250K_7079,CC(C)C[C@@H](NC(=O)C(=O)Nc1ccn(C)n1)c1ccccc1,0.3404227
ZINC_250K_6899,CCCNC(=O)CN1C[C@@H]([NH3+])[C@@H](C)CC1=O,0.34042266
ZINC_250K_9477,CCc1nn(C)cc1CNS(=O)(=O)c1ccccn1,0.34042266
ZINC_250K_3040,O=C([C@H]1CCOC1)N(CC(F)(F)F)c1ccccc1,0.34042263
ZINC_250K_7655,Cc1cccc(SCC(=O)N2CCN(C(=O)c3ccco3)CC2)c1,0.34042263
ZINC_250K_399,CCCS(=O)(=O)c1ccccc1C(=O)Nc1nnc(CC)s1,0.3404226
ZINC_250K_7029,Cc1nnc2n1CCC[C@H]2[NH2+]Cc1cccc2c1OCCO2,0.34042254
ZINC_250K_8906,COC(=O)c1ccc(NC(=O)C[C@H](c2ccccc2)n2cccc2)cc1,0.34042254
ZINC_250K_8045,COC(=O)CC[NH+](C)Cc1ccccc1N1CCCC1,0.34042245
ZINC_250K_2016,C[C@H]1SCC[NH+](Cc2cccc3cn[nH]c23)[C@H]1C,0.34042245
ZINC_250K_4058,CC(=O)Nc1ccc(/C=C(\C#N)C(=O)Nc2c(Cl)cccc2Cl)cc1,0.34042245
ZINC_250K_996,CC[C@@](C)([C@@H]([NH3+])c1cc(Br)ccc1F)N1CCOCC1,0.3404224
ZINC_250K_8131,CS(=O)(=O)CCCC[NH+]1CCC[C@H]1Cc1ccc2ccccc2c1,0.3404224
ZINC_250K_4864,C[C@@H]1C[C@@H](C)C[NH+](CCNS(=O)(=O)c2ccc(C#N)cc2)C1,0.34042236
ZINC_250K_7602,C[NH+]1CCN(Cc2cc3ccccc3[nH]c2=O)CC1,0.34042233
ZINC_250K_10385,C[NH2+][C@@]1(C(N)=O)CCC[C@H]1CCN1C(=O)CC(C)(C)C1=O,0.34042233
ZINC_250K_5776,N#Cc1ccc(C(=O)NCc2ccc(S(N)(=O)=O)cc2)cc1,0.34042227
ZINC_250K_5129,C=CCn1c(C)cc(C(=O)COC(=O)c2cccc(I)c2)c1C,0.34042224
ZINC_250K_13,Cc1ccccc1C(=O)N1CCC2(CC1)C[C@H](c1ccccc1)C(=O)N2C,0.3404222
ZINC_250K_310,Cc1cc(N)nc(SCC(=O)NC[C@@H](c2ccccc2)C(C)C)n1,0.3404222
ZINC_250K_604,Cc1cc(Cl)cc(Cl)c1CNC(=O)c1cccs1,0.3404221
ZINC_250K_7796,Cc1cn(Cc2nc(-c3cccc(C(F)(F)F)c3)oc2C)c(C)[nH+]1,0.34042206
ZINC_250K_2956,CCC[C@@H](COC)Nc1ccc(C#N)c(N)c1,0.34042203
ZINC_250K_8648,CCC(CC)C(=O)NCc1ccccc1OC,0.34042194
ZINC_250K_2147,O=C(NCCCO)NCc1cccc(Oc2ccccc2)c1,0.34042194
ZINC_250K_6973,C[C@@H](NS(=O)(=O)c1cccc(F)c1)c1cccc2ccccc12,0.34042194
ZINC_250K_6807,C[C@@H]1CC([NH+]2CCN(c3cccc([N+](=O)[O-])c3)CC2)C[C@@H](C)O1,0.34042194
ZINC_250K_7348,CSc1nn(-c2ccccc2)c(-c2ccc(OC(F)(F)F)cc2)c1C#N,0.3404219
ZINC_250K_2913,Cc1ccc(CC(=O)Nc2nnc(-c3ccc(C)cc3)o2)cc1,0.3404219
ZINC_250K_1250,Cc1ccc2cc(C(=O)NCCCCC(N)=O)[nH]c2c1,0.3404219
ZINC_250K_4775,COCc1nc(C)cc(NCC(C)(C)c2ccccc2F)n1,0.3404219
ZINC_250K_1112,COc1cccc(N[C@@H]2CCS(=O)(=O)C2)c1,0.34042183
ZINC_250K_6243,CCOC(=O)C1CCN(C[C@H](C#N)CCC#N)CC1,0.34042183
ZINC_250K_2309,C[C@H](c1ccc(F)c(F)c1)[S@](=O)Cc1nnnn1C1CC1,0.34042183
ZINC_250K_8254,O=C(CNc1cccc(Br)c1)N1CCCCC1,0.34042177
ZINC_250K_10179,CCS(=O)(=O)CCN1CCc2ccc(Cl)cc2C1,0.34042177
ZINC_250K_1774,CCn1cc(-c2cc(C(F)F)c3c(C)noc3n2)c(C)n1,0.34042177
ZINC_250K_10036,O=C([O-])c1cc(-c2ccc(F)c(C(F)(F)F)c2)cnc1O,0.34042177
ZINC_250K_179,CCOC(=O)C(C)(C)c1nc(-c2ccccc2)no1,0.34042168
ZINC_250K_2623,Cc1cc([N+](=O)[O-])cnc1Oc1ccccc1[N+](=O)[O-],0.34042162
ZINC_250K_6569,NC(=O)[C@@]1([NH3+])CCC[C@@H](Sc2ccc(C(F)(F)F)cn2)C1,0.34042162
ZINC_250K_6397,COc1cccc(/C(C)=C/C(=O)Oc2ccc(N(C)C(N)=O)cc2)c1,0.34042156
ZINC_250K_6210,C/[S@](=N\S(=O)(=O)c1cccc2nsnc12)c1ncccc1C(F)(F)F,0.3404215
ZINC_250K_8866,Cc1cc(NC(=O)c2ccc3ncsc3c2)sc1C(=O)[O-],0.3404215
ZINC_250K_1183,CS(=O)(=O)NCC[NH2+]Cc1ccc(C(=O)[O-])cn1,0.34042144
ZINC_250K_1639,O=C(Cc1ccccc1O)NC[C@H]1CCCC[C@H]1O,0.34042144
ZINC_250K_9955,COC(=O)Cc1ccc(OCC(=O)N2CCCC2)cc1,0.34042144
ZINC_250K_8875,CCCC(CCC)/C([O-])=N/S(=O)(=O)c1ccc2c(c1)CCCO2,0.34042144
ZINC_250K_5440,C[C@@H](CC1CC1)n1c(N)nc2cccnc21,0.3404214
ZINC_250K_7491,CS(=O)(=O)[N-]c1ccccc1NC(=O)C[C@H](O)c1ccccc1,0.34042138
ZINC_250K_4918,C[C@@H](C(=O)O[C@H]1CC[C@H](S(C)(=O)=O)C1)c1cccs1,0.34042138
ZINC_250K_395,CCNC(=O)c1cccc(NC(=O)NCCCSC)c1,0.34042132
ZINC_250K_3625,COC(=O)c1ccc(C)c(NC(=O)[C@H](C)Oc2cccc(C)c2)c1,0.34042132
ZINC_250K_3976,Cc1noc(C[NH+]2CC[C@@H](OCCCc3ccccc3)C2)n1,0.3404213
ZINC_250K_4644,COc1cccc(/C=N/c2ccc(S(=O)(=O)[N-]c3nccs3)cc2)c1OC,0.3404213
ZINC_250K_9054,O=C(NC[C@H]1COc2ccccc2O1)C1=Cc2cc(Br)ccc2OC1,0.34042123
ZINC_250K_2324,Cc1c(Cl)cccc1NC(=O)c1c(F)cccc1Cl,0.34042123
ZINC_250K_9563,CSCC[C@H](C)NC(=O)c1cccc(-c2ccoc2)c1,0.34042123
ZINC_250K_891,COCc1nc(C(=O)OCC2=CC[C@H]3C[C@@H]2C3(C)C)cs1,0.3404212
ZINC_250K_10193,Cc1cccc(C(=O)NN2Cc3ccccc3C2)c1F,0.34042114
ZINC_250K_4354,Cc1nonc1CN(C)c1nccc(CCC(F)(F)F)n1,0.34042114
ZINC_250K_7107,C[C@@H](c1nc(-c2ccccc2)no1)[S@@](=O)Cc1cn2ccccc2n1,0.3404211
ZINC_250K_2831,Cn1cc[nH+]c1N1CCN(C[C@@H](O)c2cccc(Br)c2)CC1,0.3404211
ZINC_250K_1214,CCS[C@@H]1CC[C@@H](NC(=O)C(=O)Nc2cc(C)nn2C)C1,0.3404211
ZINC_250K_4598,COc1ccccc1CC(=O)Nc1ccncc1,0.3404211
ZINC_250K_10174,CCN(C(=O)C1CC=CC1)c1ccc(F)c(F)c1,0.34042105
ZINC_250K_9660,CC(=O)c1ccc(Oc2ccc(C(=O)NCc3ccn(C)c3)cc2)cc1,0.34042105
ZINC_250K_9810,O=C1C(=O)N(CCC[NH+]2CCOCC2)[C@@H](c2ccccc2)/C1=C(\O)c1ccccc1,0.34042105
ZINC_250K_6598,CC(=O)c1cccc(SCc2ccc([N+](=O)[O-])c(F)c2)c1,0.34042105
ZINC_250K_10424,COc1ccc(-c2nc(C[S@](=O)Cc3cc(C)no3)co2)cc1,0.34042105
ZINC_250K_8592,O=C(NC(=S)Nc1ccccc1O)c1cccc([N+](=O)[O-])c1,0.340421
ZINC_250K_2672,C[C@@H]1C[C@@H](N2CCN(C(=O)c3cccs3)CC2)C(=O)O1,0.34042093
ZINC_250K_7356,COc1ccc(C[NH2+]CCOc2cccc(F)c2)cc1,0.3404209
ZINC_250K_9754,C/C(=N/NC(=O)c1cc(-c2ccc(F)cc2)n[nH]1)c1ccncc1,0.3404209
ZINC_250K_10426,COc1cc([C@H](C)NC(=O)c2cc(C3CC3)on2)cc(OC)c1OC,0.34042087
ZINC_250K_2669,C[C@@H](NC(=O)CN1C(=O)COCC1=O)c1ccco1,0.34042078
ZINC_250K_6991,O=C1CSc2ccc([N-]S(=O)(=O)CCC3CC3)cc2N1,0.34042072
ZINC_250K_7652,Fc1ccc([C@H](CC(F)(F)F)[NH2+]Cc2ccc(-c3cccnc3)o2)cc1,0.3404207
ZINC_250K_6878,CCN(CC)c1ccc(C=C2C(=O)NC(=S)NC2=O)c(OC(C)C)c1,0.34042066
ZINC_250K_6371,CC(=O)c1cc(F)c(C)cc1N(C)Cc1ccccc1,0.34042066
ZINC_250K_4516,COc1ccc(C[NH+]2CC[C@]3(O)CCCC[C@@H]3C2)cc1O,0.34042066
ZINC_250K_8338,CCN(CC)C(=O)c1cnc(C23CC4CC(CC(C4)C2)C3)[nH]c1=O,0.3404206
ZINC_250K_3342,C[C@H](CC[NH+](C)C)NC(=O)Cc1cccc(Cl)c1,0.34042057
ZINC_250K_7707,O[C@@H](c1cccc(Cl)c1F)[C@H]1CCOC2(CCC2)C1,0.34042054
ZINC_250K_8877,COc1ccc(/C=C2\C(=O)N(C(C)C)C(=O)C(C#N)=C2C)cc1,0.34042054
ZINC_250K_3276,Cc1cc([C@H]2CCC[NH+]2CC(=O)NC(N)=O)no1,0.3404205
ZINC_250K_9439,Cc1csc(N2CCCN(C(=O)c3c(C)oc(C)c3C)CC2)n1,0.3404205
ZINC_250K_10482,C[NH2+][C@]1(CO)CCC[C@@H]1CCOc1c(C)ccc(C)c1C,0.3404205
ZINC_250K_3842,C[C@@H](C1CC1)[NH+](CC(=O)Nc1nccs1)C1CC1,0.34042045
ZINC_250K_9258,O=C1[C@H]2CC=CC[C@H]2C(=O)N1c1nc2n(n1)[C@@H](c1ccccc1)C[C@@H](c1ccc(Cl)cc1)N2,0.34042045
ZINC_250K_7837,CN(C)c1ccccc1NC(=O)C(=O)NCC1(c2ccc(F)cc2)CC1,0.34042045
ZINC_250K_3443,CN(CCS(C)(=O)=O)C(=O)Nc1cc(C(F)(F)F)ccc1F,0.3404204
ZINC_250K_1111,CC[C@H](NC(=O)N[C@H](c1ccccc1)C(C)(C)C)c1c(C)nn(C)c1C,0.3404203
ZINC_250K_9381,COc1ccc(C[S@](=O)Cc2ccc(F)cc2F)cc1F,0.3404203
ZINC_250K_4299,CC(C)NC(=O)c1ccc2c(c1)NC(=O)CS2,0.34042028
ZINC_250K_5694,CCN(CC)C(=O)c1ccc(=O)n(Cc2ccc(C)cc2)n1,0.34042028
ZINC_250K_10342,COc1cccc(CN(C)C(=O)c2nccnc2N)c1OC,0.34042028
ZINC_250K_3379,Clc1ccc([C@H](Cc2ccccn2)[NH2+]C[C@H]2C[NH+]3CCN2CC3)cc1,0.34042022
ZINC_250K_4592,COC1(C[NH2+][C@H]2CCCOc3cc4c(cc32)CCC4)CCOCC1,0.34042022
ZINC_250K_9231,C[C@@H](NC(=O)CCCC(=O)N(C)C)c1nc2ccccc2[nH]1,0.3404202
ZINC_250K_1296,Fc1ccc([C@H]2Oc3ccc(Cl)cc3C3=C2[C@H](c2cccnc2)N2NC=NC2=N3)cc1,0.3404202
ZINC_250K_10441,O=C(NNC(=O)c1cccc(NC(=O)c2ccco2)c1)c1ccncc1,0.3404202
ZINC_250K_4477,Nc1c(NCc2ccco2)ncnc1Nc1nccs1,0.34042013
ZINC_250K_6027,Cc1ccc(OC[C@H](O)C[NH+]2CCC(C(N)=O)CC2)cc1C,0.34042013
ZINC_250K_3149,FC(F)(F)c1ccc(CNC2CC[NH+](Cc3cccnc3)CC2)cc1,0.34042007
ZINC_250K_6336,COc1cc([C@H](C)[NH2+]CC2(C3CC3)CC2)ccc1F,0.34042
ZINC_250K_7989,Cc1ccc(NCc2cc(C#N)cs2)c(F)c1,0.34042
ZINC_250K_2677,Cc1c(COC(=O)c2cc[nH]n2)cccc1[N+](=O)[O-],0.34041995
ZINC_250K_5175,Cc1nnc(SC[C@@H](O)COc2ccc3ccccc3c2)s1,0.3404199
ZINC_250K_1193,CCCN1CCO[C@H]([C@H](O)Cc2cc(C)cc(C)c2)C1,0.3404199
ZINC_250K_9864,CC(C)Sc1ccccc1C(=O)NCc1ccccn1,0.34041983
ZINC_250K_4646,CCC1=C(C(=O)OC)[C@H](c2cccc(Br)c2)NC(=S)N1,0.3404198
ZINC_250K_1885,N#Cc1cn(C[C@H]2CCCC[C@H]2O)c(=O)nc1[O-],0.3404198
ZINC_250K_7401,CCOC(=O)C1=C[C@H](c2ccc(C)nc2)ON1,0.34041977
ZINC_250K_2031,C[C@@H]1CN(S(=O)(=O)CC[NH2+]Cc2ccc(C(C)(C)C)cc2)C[C@H](C)O1,0.34041977
ZINC_250K_10162,O=C([O-])[C@@H]1CCCN(C(=O)c2c(F)cc(Br)cc2F)C1,0.34041974
ZINC_250K_4597,Cc1ccc(C[NH2+][C@H](C)CN2CCOC2=O)nc1,0.34041974
ZINC_250K_4000,CC(C)OCCN1CCN(C(=O)N[C@@H]2CCCC[C@@H]2C)CC1,0.3404197
ZINC_250K_7718,CCSCC[NH+]1CCCN(c2ccc(OC)cc2)CC1,0.3404197
ZINC_250K_3245,CC#CCN[C@@H](C)c1ccc(N2CCCC2=O)cc1,0.34041965
ZINC_250K_3227,CCCn1c(C[C@@]2(O)CCC[NH2+]C2)nc2ccccc21,0.34041965
ZINC_250K_4329,O=C(N/N=C\c1c(F)cccc1Cl)c1ccccn1,0.34041962
ZINC_250K_5761,CN(Cc1[nH+]ccn1C)S(=O)(=O)c1ccccc1OC(F)(F)F,0.34041962
ZINC_250K_6025,COCc1cc(C[NH2+][C@@H](C)c2cnc(C)s2)ccc1F,0.3404196
ZINC_250K_8790,Cc1cc2c(cc1-c1cc(-c3cn(C)nc3C)nc(N)c1C#N)OCO2,0.3404196
ZINC_250K_217,C[C@H]([NH2+]Cc1nc(Cc2ccccc2)no1)[C@@H](C)n1cccn1,0.34041956
ZINC_250K_2150,CN1CCC[NH+](C[C@@H]2CN(C(=O)c3ccc(O)cc3)C[C@@H]2CO)CC1,0.34041956
ZINC_250K_1611,CC[C@@H](C)NC(=O)c1ccnc(OC(C)(C)C)c1,0.34041944
ZINC_250K_9832,CS(=O)(=O)N1CCN(C(=O)CN2C(=O)C(=O)N(C3CCCC3)C2=O)CC1,0.34041944
ZINC_250K_1082,CC(C)c1ccc(OC(=O)C[C@H]2CCCO2)cc1,0.34041944
ZINC_250K_4938,CCCN1CCN(S(=O)(=O)Cc2cccc(N)c2)CC1,0.3404194
ZINC_250K_8144,C#CCN1CCN(C[C@H](O)COc2ccccc2C)CC1,0.3404194
ZINC_250K_10117,C[C@@H](Oc1ccccc1Cl)C(=O)OCC(=O)N1CCCC1,0.34041935
ZINC_250K_30,CNC(=O)c1ccc(/C=C/C(=O)Nc2c(C)cc(C)nc2Cl)cc1,0.3404193
ZINC_250K_2765,O=C(COc1ccccc1Cl)N/N=C1\C(=O)Nc2ccccc21,0.3404193
ZINC_250K_3609,Cc1cc(CNC(=O)Nc2cc(-c3ccccc3)on2)no1,0.34041926
ZINC_250K_7573,C=CCN(Cc1nc(-c2ccccc2)no1)S(=O)(=O)c1ccc(Br)cc1,0.34041923
ZINC_250K_9662,CC(C)OCCN1CCN(C(=O)[C@H](C(C)C)N2C[C@@H](C)O[C@H](C)C2)CC1,0.34041923
ZINC_250K_2165,c1cc(CN2CCc3c([nH+]cn3C3CC3)C2)c2c(c1)OCCO2,0.34041923
ZINC_250K_6593,O=C(COC(=O)c1cncc(Br)c1)Nc1ccc(Br)cc1,0.34041923
ZINC_250K_5974,COc1cc2c(cc1OC)CN(C(=O)CCCNC(C)=O)CC2,0.3404191
ZINC_250K_8542,C#CCCN1CCN(C(=O)C[C@@H](O)c2ccc(Cl)cc2)CC1,0.34041905
ZINC_250K_4313,Cc1n[nH]cc1NC(=O)C(=O)Nc1ccc(-c2ccccc2)cc1,0.34041905
ZINC_250K_4136,CN(CCc1cccs1)C(=O)c1ccc(OCC(F)(F)F)nc1,0.34041902
ZINC_250K_3593,O=C([O-])C12C[C@H]3C[C@@H](C1)CC(n1cc([N+](=O)[O-])cn1)(C3)C2,0.34041902
ZINC_250K_3676,COc1ccccc1[C@@H](C)CC(=O)NC[C@H](C)c1cccc(C)c1,0.34041902
ZINC_250K_10305,COc1cccc(CNc2ccc(Br)cn2)c1O,0.34041902
ZINC_250K_8823,C[C@H](C(=O)Nc1c(F)c(F)c(F)c(F)c1F)N1CCO[C@H](C(N)=O)C1,0.340419
ZINC_250K_3951,O=C1C[C@H]([NH+]2CCN(c3ccc(Cl)c(Cl)c3)CC2)C(=O)N1c1ccccc1,0.34041896
ZINC_250K_3257,Cc1ccn(CCC(=O)N(C)C[C@H]2COc3ccccc3O2)n1,0.34041893
ZINC_250K_7136,Cc1ccc(CC(=O)NNc2c(Cl)cccc2Cl)cc1O,0.3404189
ZINC_250K_8243,Cc1cc(C)n(-c2nc3cc(Cl)c(Cl)cc3nc2NCc2ccncc2)n1,0.34041888
ZINC_250K_6381,COc1c(Br)c(C(=O)NC[C@@H](C)c2ccc(F)cc2)nn1C,0.34041885
ZINC_250K_7415,CCOC(=O)CN1C(=O)N[C@@](C)(c2ccccc2)C1=O,0.3404188
ZINC_250K_3961,CC(C)CN(C(=O)c1ccc(NN)nn1)C1CCCC1,0.34041867
ZINC_250K_7222,O=C(Cn1ccc(=O)c2sccc21)c1ccc(OC(F)F)cc1,0.34041867
ZINC_250K_6934,O=S(=O)(NC[C@@H]1C[NH+]2CCN1CC2)c1ccc(C(F)(F)F)cc1,0.34041867
ZINC_250K_9633,COc1cccc([C@@H](O)[C@H]2OC(=O)c3ccccc32)c1OC,0.34041864
ZINC_250K_5613,CN(C)C(=O)[C@@H]1CCC[NH+]1C[C@H](O)c1c(F)cccc1F,0.34041864
ZINC_250K_5911,C[C@H](CN(C)Cn1c(Cc2cccs2)n[nH]c1=S)c1ccccc1,0.34041858
ZINC_250K_860,CC[C@@H]1CCCCN1C(=S)NC(=O)c1ccc(C)cc1,0.34041858
ZINC_250K_4164,C[C@H](Sc1ccc(N)cc1Cl)C(=O)NC1CC1,0.3404184
ZINC_250K_3459,CC(=O)Nc1ccc(C(=O)N[C@@H](C)[C@H](C)N2CCOCC2)cc1,0.3404184
ZINC_250K_4943,C[C@H]1C(=O)N2CCC[C@H]2C(=O)N1Cc1ccc(Br)s1,0.34041837
ZINC_250K_4547,COc1cc(F)cc(CNC(=O)N[C@@H](C)[C@@H](CO)SC)c1,0.34041834
ZINC_250K_6200,O=C1N[C@@H](c2ccc(Cl)cc2Cl)[C@H](C(=O)C(F)(F)F)[C@](O)(c2ccc(Cl)cc2)N1,0.34041834
ZINC_250K_7781,C[C@H](c1ccc(Cl)cc1)[NH+]1CCC(C(=O)c2ccc3c(c2)OCCO3)CC1,0.34041828
ZINC_250K_9495,COc1c(Br)cc(/C(N)=N\OC(=O)c2cccnc2SC)cc1Br,0.34041828
ZINC_250K_221,C[C@@H]1CCO[C@@H]1C(=O)N1CC[C@H](C(N)=O)c2ccccc21,0.34041828
ZINC_250K_4352,O=C(NCCc1cc(Br)ccc1F)C1CCC1,0.34041828
ZINC_250K_1697,COC(=O)c1sc(S(=O)(=O)N2CCC(C(N)=O)CC2)c(C(=O)OC)c1C,0.34041828
ZINC_250K_1612,COc1ccccc1Nc1nc(N)nc(CSc2ccccc2C)n1,0.34041828
ZINC_250K_5047,CC1CCC(NC(=O)c2ccc(S(=O)(=O)N3CCC(C)CC3)cc2)CC1,0.34041825
ZINC_250K_1534,C[C@H](NC(=O)N1CC[C@](O)(C(F)(F)F)C1)c1ccc2c(c1)OCO2,0.34041825
ZINC_250K_4745,O=S(=O)(c1cc(Cl)c(Cl)s1)N1CCN(c2cc(C(F)(F)F)cc[nH+]2)CC1,0.34041813
ZINC_250K_3004,Cc1cccc2ncnc(-n3cc([N+](=O)[O-])cn3)c12,0.34041813
ZINC_250K_5241,C[C@@H](CNc1cccc(F)c1C(=O)[O-])[NH+]1CCCCC1,0.34041813
ZINC_250K_303,c1cc(C[NH2+]Cc2ccco2)cc(OC2CCCC2)c1,0.3404181
ZINC_250K_360,COc1cc(/C=C2\SC([N-]c3cccc(C(=O)[O-])c3)=NC2=O)cc(OC)c1O,0.34041807
ZINC_250K_9365,Cn1c(N2CCN(C[C@@H](O)C(C)(C)C)CC2)c(C#N)c(=O)n(C)c1=O,0.34041807
ZINC_250K_2498,O=C(NCCc1nnc2ccccn12)c1ccccc1C(=O)c1cccs1,0.34041807
ZINC_250K_2005,CO[C@@H]1CCC[C@H](OC(=O)CCc2c(C)nn(C)c2C)C1,0.340418
ZINC_250K_1157,COCC[N+]1=C(C)C[C@@H](C(=O)CSc2nccc([O-])n2)[C@H]1C,0.34041798
ZINC_250K_9501,COc1ccc([C@]2(Cc3ccccc3)NC(N)=NC2=O)cc1OC,0.34041798
ZINC_250K_2527,COc1ccc(N2C(=O)/C(=C\c3ccc(-c4ccc([N+](=O)[O-])cc4)o3)SC2=S)cc1,0.34041795
ZINC_250K_7014,C[C@@H]1CN(c2ccc([N+](=O)[O-])cc2S(N)(=O)=O)C[C@@H](C)O1,0.34041795
ZINC_250K_4038,CC(C)CN1C(=O)/C(=C\Nc2ccc(OC(F)(F)F)cc2)C(=O)NC1=S,0.34041795
ZINC_250K_6885,Cc1cnc(CCNC(=O)N2CCC(C(=O)N3CCC(C)CC3)CC2)s1,0.3404179
ZINC_250K_8936,CC(=O)Nc1ccc(CCNC(=O)Nc2cncc(C)c2)cc1,0.3404179
ZINC_250K_8383,CNC(=O)[C@@H]1C[C@H]([NH3+])CN1C(=O)c1cc(F)c(OC)c(F)c1,0.3404179
ZINC_250K_6100,Cc1nc2ccccn2c1C(=O)NNC(=O)C(C)(C)N1CC[NH+](C)CC1,0.3404179
ZINC_250K_4683,[NH3+][C@H](CNC(=O)Cc1ccc(F)cc1F)c1ccccc1,0.34041786
ZINC_250K_8548,O=C(NNC(=O)c1cc(Cl)ccc1O)c1ccc(Cl)nc1,0.34041783
ZINC_250K_7047,O=S(=O)(C[C@@H]1CCCO1)N(Cc1ccco1)c1ccccc1,0.34041783
ZINC_250K_631,COc1ccc(-c2noc(-c3cc(-c4ccc(Cl)cc4)n[nH]3)n2)cc1OC,0.3404178
ZINC_250K_9974,C[C@@H](C(=O)NCCc1ccc[nH]1)c1c(F)cccc1F,0.3404178
ZINC_250K_9331,Cc1cc(C)n(C[C@H]2CCCN2c2ccc(C#N)cn2)n1,0.34041774
ZINC_250K_8122,O=C([O-])[C@@H]1CN(c2nc(-c3ccccc3)no2)CC[NH2+]1,0.34041774
ZINC_250K_6059,O=C(NCCc1ccccc1Cl)N[C@H](CO)c1ccco1,0.3404177
ZINC_250K_6470,C#CCn1cc(C[NH+](C)Cc2c(C(C)C)nn(C)c2Cl)cn1,0.3404177
ZINC_250K_6918,Cc1cccc(CN(C)C(=O)[C@H]2CCCCC[C@@H]2[NH3+])c1,0.34041768
ZINC_250K_5589,COC(=O)C[C@@H](C)NC(=O)c1ccc2c(c1)nc(C)n2C,0.34041768
ZINC_250K_9493,CCC[C@H]([NH2+]C)c1ccn(Cc2c(F)cccc2Cl)c1,0.34041768
ZINC_250K_4294,CC(C)n1nnnc1S[C@@H](C)c1nc(N)nc(Nc2ccccc2)n1,0.34041768
ZINC_250K_5855,COCCc1nnc(S[C@@H]2CCCc3ccccc32)n1N,0.34041762
ZINC_250K_3447,CC(=O)Nc1cc(C(=O)NCCCO)nn1-c1ccccc1,0.3404176
ZINC_250K_1926,CO[C@H]1CCCN(C(=O)NCCC[NH+]2CCCCC2)C1,0.34041756
ZINC_250K_274,CC(C)[NH+]1CCC(N2CC[NH+](Cc3c(F)ccc(F)c3F)C[C@@H]2CCO)CC1,0.34041756
ZINC_250K_4318,Cc1ccc(-c2nnn(-c3ncnc4c3oc3ccccc34)n2)cc1,0.34041753
ZINC_250K_8795,C=CCNC(=O)[C@H](C)SCc1ccc(-n2cccn2)cc1,0.34041753
ZINC_250K_3367,NC(=O)[C@H]1C[NH2+]CCN1c1nc2c(Br)cccn2n1,0.34041753
ZINC_250K_10142,O=C(C[C@H]1OCCc2ccsc21)N1CCOC[C@H]1CCO,0.34041753
ZINC_250K_1543,C[NH+](C)CC(=O)N1CCN(C(=O)CCc2nc3ccccc3n2-c2ccccc2)CC1,0.3404175
ZINC_250K_7894,CCCCC1=NN2C(=N)/C(=C/c3ccc(Cl)cc3)C(=O)N=C2S1,0.34041747
ZINC_250K_4013,C[C@H]1CCC2=C(C1)S[C@H](/N=C/[C@@H]1C=NN=C1c1ccccc1)[C@@H]2C#N,0.34041736
ZINC_250K_2517,CC[C@H](C)N(C)C(=O)c1cc(F)ccc1N,0.34041736
ZINC_250K_4940,Cc1ccc(C)c(C(=O)NNC(=O)Cn2nc(C)cc2C)c1,0.3404173
ZINC_250K_467,C/C=C(\C)[C@@H]1C=C[C@@H]2C[C@H](C)C[C@H](C)[C@@H]2[C@@H]1C(=O)C1=C([O-])[C@H](C[C@](C)(O)C(=O)[O-])NC1=O,0.3404173
ZINC_250K_8582,CC[NH+]1CC[C@@H](N(C)CC(=O)Nc2sc(C)c(C)c2C#N)[C@H](C)C1,0.3404173
ZINC_250K_5057,OC1=Nc2nc(N3CCOCC3)sc2[C@@H](c2ccc(Br)cc2)C1,0.34041724
ZINC_250K_2510,Cc1ccc(NC(=O)Nc2c([O-])c3ccccc3oc2=O)cc1C,0.34041715
ZINC_250K_4625,O=C(N[C@@H]1CCC[C@H](C(F)(F)F)C1)C1(c2ccccc2)CC1,0.34041715
ZINC_250K_3969,CC(C)[C@H]1C(=O)N[C@@H](C)C(=O)N1Cc1cc(F)cc(Br)c1,0.34041715
ZINC_250K_9448,CC(C)[C@H]([NH3+])C(=O)N1CCC[C@@H]1C[NH+](Cc1ccccc1)C1CC1,0.34041712
ZINC_250K_4221,CCCn1/c(=N/C(=O)CC)sc2c(OC)ccc(OC)c21,0.3404171
ZINC_250K_8951,CN(CC[NH+]1CCCC1)CC(=O)NC1CCN(C(=O)C2CCCCC2)CC1,0.3404171
ZINC_250K_6704,COc1cc(C(=O)NCc2ccc(C)cc2)cc(OC)c1OC,0.3404171
ZINC_250K_8182,O=S(=O)(Nc1ccc(-c2noc(-c3ccco3)n2)cc1)c1ccccc1,0.34041703
ZINC_250K_10354,O=C(CCCCc1nc2ccccc2s1)N1CCCS1(=O)=O,0.34041697
ZINC_250K_6074,CCCCN1C(=O)S[C@H](Nc2cccc(C(F)(F)F)c2)C1=O,0.34041697
ZINC_250K_7217,C[C@@H](NC(=O)N(C)C[C@@H]1CCOC1)C(C)(C)C[NH+](C)C,0.34041697
ZINC_250K_9486,Cc1cc(NC(=O)C2CCN(C(=O)N3CCCC3)CC2)no1,0.3404169
ZINC_250K_670,Clc1ccc([C@H](NCCc2nnc3ccccn23)C2CC2)cc1Cl,0.3404169
ZINC_250K_6244,Cc1nc(Cn2nnc3ccccc3c2=O)cs1,0.3404169
ZINC_250K_5573,NC(=O)c1ccccc1N[C@@H]1CCCCC[C@@H]1C(=O)[O-],0.3404169
ZINC_250K_8805,CN(C)c1ccc(C(=O)NCCNS(C)(=O)=O)cc1[N+](=O)[O-],0.34041688
ZINC_250K_3318,COc1ccc([C@H](O)CN[C@@H](C)c2ccc(F)cc2Cl)cc1OC,0.34041685
ZINC_250K_999,Cc1cccc([C@H](CCl)CCC[C@@H]2CCCO2)c1,0.34041682
ZINC_250K_1816,C[C@@H](c1ccccn1)N(C)C(=O)c1cc(C(F)(F)F)cc(C(F)(F)F)c1,0.34041682
ZINC_250K_2071,Cc1cc(C)c([C@H](C/C(=N/NC(N)=O)c2cccs2)C(C#N)C#N)c(C)c1,0.34041682
ZINC_250K_4361,CC[C@H](C)NC(=O)[C@@H](Sc1ncnc2ccsc12)C(C)C,0.34041676
ZINC_250K_5690,CCCC(=O)n1c(S)nc2sc3c(c2c1=O)CCCC3,0.3404167
ZINC_250K_10359,Cc1ccccc1C1=N/C(=C\c2coc3ccccc3c2=O)C(=O)O1,0.3404167
ZINC_250K_7141,O=C(N[C@@H]1CC[NH+](CC2CCCC2)C1)[C@H](O)c1ccccc1,0.34041664
ZINC_250K_1735,CC(=O)Nc1cc(NC(=O)N[C@@H](CCO)c2cccs2)ccc1C,0.34041664
ZINC_250K_9058,CC[C@@H](CCO)CNC(=O)c1ccnc(F)c1,0.3404166
ZINC_250K_5072,O=C(Cc1ccc(Cl)cc1)N(Cc1ccccc1)c1ccccn1,0.34041658
ZINC_250K_966,Cc1occc1C(=O)/C(C#N)=C/c1ccc([C@@H]2C[C@H]2C)o1,0.34041658
ZINC_250K_3672,C/[NH+]=C(\NCC(C)(C)c1ccc(OC)cc1)N[C@H]1C[C@H]1C,0.34041658
ZINC_250K_10470,COc1cc(/C=N\NC(=O)C(=O)Nc2cccc3ccccc23)cc(OC)c1OC,0.34041655
ZINC_250K_3836,CC(C)CC[NH+]1CCN(Cc2ccc3c(c2)CCO3)CC1,0.34041643
ZINC_250K_6730,Cc1c(C(=O)N(C)C)sc(NC(=O)[C@@]2(C)CC2(Cl)Cl)c1C#N,0.3404164
ZINC_250K_4233,CCN(c1nc2ccc(F)cn2n1)[C@H]1CC[NH2+]C1,0.3404164
ZINC_250K_177,Cc1c(F)cc(N)cc1S(=O)(=O)N[C@@H](C)C1CC1,0.3404164
ZINC_250K_9576,C[C@H](NCc1ccccc1[N+](=O)[O-])c1ccc(F)cc1Br,0.34041637
ZINC_250K_2770,Cn1cc(C[NH2+]CCSc2ccccc2F)c(-c2cccs2)n1,0.34041637
ZINC_250K_10086,COc1ccc(NC(=O)[C@@H](C)Oc2ccccc2OC)c(OC)c1,0.34041637
ZINC_250K_7343,C[NH2+][C@H]1CCCN(CC(=O)c2cnccn2)C1,0.34041637
ZINC_250K_5142,C[C@H](NC(=O)N[C@@H]1C[C@H]1C)c1ccc(S(=O)(=O)N(C)C)cc1,0.34041634
ZINC_250K_2099,CCNC(=O)CN1CCN(Cc2nc(C(C)C)no2)CC1,0.34041628
ZINC_250K_8421,CCOc1ccccc1CNC(=O)NCc1cccc(OC)c1O,0.34041628
ZINC_250K_498,COC(=O)[C@H]1CCC[C@H]1NC(=O)Nc1ccc(C)cc1C,0.34041625
ZINC_250K_8269,Cc1cc(Br)ccc1N(C)C(=O)/C=C/c1ccco1,0.34041625
ZINC_250K_5089,CCCCC[C@@H](C)NC(=O)Cc1ccc(C)c(O)c1,0.3404162
ZINC_250K_8082,Cn1nc(C(=O)N[C@H]2CC[C@H]([NH+](C)C)C2)ccc1=O,0.34041607
ZINC_250K_8601,Cc1ccc(C(=O)N2CCC(c3ccc(F)cc3)CC2)c(=O)[nH]1,0.34041607
ZINC_250K_9599,CC[C@H](NC(=O)Nc1ccc(F)c(C(N)=O)c1)c1cc(F)ccc1F,0.34041604
ZINC_250K_2311,CSc1cccc(NC(=O)NCc2ccc(C)cc2)c1,0.34041604
ZINC_250K_7394,COC(=O)c1cc(C)ccc1NC(=O)[C@@](C)(N)C(F)(F)F,0.340416
ZINC_250K_7766,CC(=O)c1cccc(NC(=O)C(=O)NCc2ccc(Cl)cc2)c1,0.34041598
ZINC_250K_5781,CCc1onc(C)c1NC(=O)N(CC)[C@@H](C)c1cccnc1,0.34041592
ZINC_250K_6154,C[C@H](CC(=O)NN1C(=O)N[C@](C)(c2ccccc2)C1=O)c1ccccc1,0.34041587
ZINC_250K_8956,CO[C@@H](C)c1nc(C[NH+](C)Cc2cc(-c3ccccc3)n[nH]2)cs1,0.34041587
ZINC_250K_10013,CCc1nn(C)cc1C[NH2+]Cc1ccc(NC(=O)C(C)C)cc1,0.3404158
ZINC_250K_5337,O=C(Cc1ccn[nH]1)N1CC[C@@](C(=O)[O-])(C(F)(F)F)C1,0.34041578
ZINC_250K_5977,CN(C1CC1)S(=O)(=O)c1ccc(Cl)c([N+](=O)[O-])c1,0.34041575
ZINC_250K_6092,C[C@H]1C[C@H]1C(=O)Nc1nc2cc(C(C)(C)C)ccc2o1,0.34041575
ZINC_250K_10278,C/C=C(/C)C(=O)NC[C@@H]1CN2CCC[C@@H]2CO1,0.34041575
ZINC_250K_81,CC[C@@H](NC(=O)N(C)Cc1ccc(-c2ccccc2)cc1)c1ccncc1,0.3404157
ZINC_250K_4991,CC(C)(C)Oc1ccc(C(=O)NC[C@H](O)Cc2ccccc2)cc1,0.3404157
ZINC_250K_6751,Cc1nc2ccc(N(C)C(=O)[C@@H](C)NC(=O)C(C)(C)C)cc2s1,0.3404157
ZINC_250K_6152,C[C@H]1CCCN(S(=O)(=O)[N-]C[C@@H](c2ccco2)[NH+](C)C)C1,0.34041563
ZINC_250K_3613,Cn1c(C(=O)NCCNc2ncccn2)cc(Cl)c1Cl,0.34041563
ZINC_250K_4413,FC(F)(F)c1cc(-c2ccncc2)nc2c(-c3cccc(Cl)c3)cnn12,0.34041563
ZINC_250K_4346,CC(=O)Nc1ccc(C(=O)/C=C2\NCCc3cc4c(cc32)OCO4)cc1,0.34041563
ZINC_250K_8179,Cc1nc(Nc2ccccc2F)c2c3c(sc2n1)CCC3,0.3404156
ZINC_250K_6495,CCOC(=O)[C@@H]1Oc2ccc(F)cc2Sc2ccccc21,0.34041554
ZINC_250K_4101,Cc1cc(NC(=O)CSCC(=O)N[C@@H]2CCCC[C@H]2C)no1,0.34041554
ZINC_250K_7379,CCC[NH2+][C@H](Cc1ccc(C)cn1)c1cc(Cl)ccc1F,0.34041554
ZINC_250K_8073,CN(C)[C@H]1CC/[N+](=C2\Nc3cc(Cl)ccc3Nc3ccccc32)C1,0.34041554
ZINC_250K_4269,CN(Cc1noc(C2CC2)n1)[C@@H]1CCN(Cc2nnnn2C2CC2)C1,0.3404155
ZINC_250K_2219,CCn1cc(C[NH+]2CCc3c(F)cc(F)cc3C2)cn1,0.34041548
ZINC_250K_733,Cc1nc(CSc2nncc3ccccc23)nc2ccccc12,0.34041548
ZINC_250K_2277,COc1ccc2c(c1)C=C(C(=O)N1C[C@@H]3CC[C@H]1C3)CO2,0.34041548
ZINC_250K_4843,O=C(c1cc2c(s1)CCC2)N1CCN(c2ccccc2)CC1,0.34041542
ZINC_250K_1027,Cc1cccc(C)c1OCC(=O)OCCN1C(=O)c2ccccc2C1=O,0.34041536
ZINC_250K_1359,Cc1noc(C)c1COc1ccc(C(=O)N[C@@H](C)c2c(C)noc2C)cc1,0.34041536
ZINC_250K_1675,O=S(=O)([N-]c1ccccc1-n1cnnn1)c1ccc(OC(F)(F)F)cc1,0.34041533
ZINC_250K_6290,CC(C)NC(=O)CCNC(=O)N1CC[C@@H](C)[C@H](O)C1,0.3404153
ZINC_250K_2054,COc1cc(Cl)cc(CN2C[C@@H]3CCC[NH+]3C[C@H]2C)c1OC,0.3404153
ZINC_250K_6907,CCCNC(=O)CSC1=NS(=O)(=O)c2ccc(C)cc2N1,0.3404153
ZINC_250K_6496,CN(Cc1ccccc1)C(=O)CCNC(=O)c1ccc(C(C)(C)C)cc1,0.3404153
ZINC_250K_9612,Cc1cccc(-n2c(N)c(C#N)c3c(c2=S)CO[C@H](C(C)C)C3)c1,0.34041524
ZINC_250K_7450,CSC[C@H](C)N(C)S(=O)(=O)N1CCc2ccccc2C1,0.34041524
ZINC_250K_8647,CC1=NC(=O)[C@@H](CC(=O)Nc2ccc(C(C)C)cc2)C(C)=N1,0.3404152
ZINC_250K_4076,Cn1c(C(=O)Nc2cc(Cl)ccc2Cl)cc2occc21,0.3404152
ZINC_250K_8761,Cc1ccsc1CN(CC[NH+](C)C)C(=O)c1ccc2c(c1)nnn2C,0.3404152
ZINC_250K_1686,CO[C@]1(C)C[C@H](N(C)C(=O)c2ccc3c(c2)C(=O)NC3=O)C1(C)C,0.3404152
ZINC_250K_3895,C[C@@H](NS(C)(=O)=O)C(=O)N1CCN(c2cccc[nH+]2)CC1,0.3404152
ZINC_250K_3641,COc1cc(-c2nnc3sc(Cc4ccc(Cl)cc4)nn23)cc(OC)c1OC,0.34041515
ZINC_250K_814,Cc1ccc(-c2nc3nc(CN4CC[NH+](C)CC4)cc([O-])n3n2)cc1,0.34041512
ZINC_250K_5137,Cc1cccc(OC[C@H](O)CNC(=O)Nc2c(C)cccc2C)c1,0.34041512
ZINC_250K_3411,C[C@@H]1[C@H](C)[S@@](=O)CCN1C(=O)CSCc1ccc(Cl)cc1,0.34041512
ZINC_250K_6887,O=C(Nc1nnc(C2CCCCC2)o1)[C@@H]1COc2ccccc2O1,0.34041512
ZINC_250K_8603,C[C@H]1CN(C(=O)[C@@H]2Cc3cc(Cl)ccc3O2)C[C@H]1[NH+](C)C,0.34041512
ZINC_250K_6407,CS[C@H](C)c1cccc(NC(=O)c2cc(F)ccc2F)c1,0.34041503
ZINC_250K_5948,CC(=O)C1=C(C)C(C(=O)CSc2nc3ccccc3o2)=N[C@H]1C,0.34041503
ZINC_250K_3774,Cc1nn(S(=O)(=O)c2ccc(F)cc2)c(C)c1S(=O)(=O)N1CCC(C)CC1,0.34041497
ZINC_250K_6694,CN(C)c1ccc(NC(=O)C(=O)NC[C@@H](c2ccco2)[NH+]2CCCC2)cc1,0.34041497
ZINC_250K_4351,CCc1ccc(-c2nc(C)c(C(=O)Nc3ccc(NC(C)=O)cc3)s2)cc1,0.34041497
ZINC_250K_9043,O=C(CCn1cccn1)N1CCc2sccc2C1,0.3404149
ZINC_250K_3124,COc1ccc([C@H](C)[NH2+]Cc2ccccn2)cc1F,0.3404149
ZINC_250K_2803,COc1cc([C@@H]2NC(=O)c3cccnc3N2)ccc1O,0.3404149
ZINC_250K_5344,O=C(N/N=C\c1cccnc1)Nc1cccc(Cl)c1,0.3404149
ZINC_250K_6014,Cc1cccc(C(=O)NNC(=O)Cn2ccc3ccccc32)c1,0.34041488
ZINC_250K_3296,O=C(CSc1ccc(Cl)cc1)N1CCC(C(F)(F)F)CC1,0.34041488
ZINC_250K_6754,Cc1ccc([C@@H]2CCCN2C(=O)CSc2cccc[n+]2[O-])cc1C,0.34041485
ZINC_250K_4999,CCn1nc(C(F)(F)F)cc1CNc1cc(F)ccc1F,0.34041482
ZINC_250K_3950,C=CCc1ccccc1OCCn1c(C)nc2ccccc21,0.34041482
ZINC_250K_5899,C[C@H]1CN(C(=O)c2cc[nH]n2)CC[C@H]1[NH3+],0.3404147
ZINC_250K_1029,CCCN(CC(=O)NC)C(=O)Cc1cccc(Cl)c1,0.3404147
ZINC_250K_1229,CCc1cccc(C)c1NC(=O)C[C@H]1C[NH2+]CCO1,0.34041467
ZINC_250K_2642,O=S(=O)(Oc1ccc(-n2cnnn2)cc1)c1ccc(Br)cc1Cl,0.34041467
ZINC_250K_7523,NC(=S)[C@H]1CN(c2ncccc2C(F)(F)F)CCO1,0.34041464
ZINC_250K_7862,CCN(CC(=O)Nc1ccc(C)cc1Br)CC(C)(C)C[NH3+],0.3404146
ZINC_250K_6926,O=C(N/N=C/c1ccc(O)cc1O)c1ccc(NC(=O)c2ccc(Cl)cc2)cc1,0.34041458
ZINC_250K_10455,CCN1CCN(C(=O)c2ccc(C(F)(F)F)nc2[O-])CC1,0.34041455
ZINC_250K_2384,O=C(OCC1CC1)c1cnc(Oc2ccccc2)cn1,0.3404145
ZINC_250K_4806,CCCN(C(=O)C1CC=CC1)[C@@H]1CCc2ccccc2C1,0.3404145
ZINC_250K_4717,C[C@@H](NC(=O)COc1ccc(C(F)(F)F)cc1)c1ccc(Br)cc1,0.34041446
ZINC_250K_3202,CCCC[C@@H](CC)C(=O)NCc1nc[nH]n1,0.34041446
ZINC_250K_602,COc1ccc(CC[C@H]2C[C@@H](C(C)(C)C)CCC2=O)cc1,0.34041443
ZINC_250K_4047,O=C(Cc1cc2ccccc2[nH]1)N/N=C/c1c[nH]c2ccccc12,0.34041435
ZINC_250K_4863,CC1CCN(S(=O)(=O)c2ccc(C(=O)N3CCC[C@@H]3C(=O)[O-])cc2)CC1,0.34041432
ZINC_250K_2211,COc1ccc(CCNC(=O)c2ccncc2)cc1,0.34041426
ZINC_250K_6653,C[C@@H](CCO)[NH2+][C@@H]1CCc2[nH]c3ccccc3c2C1,0.34041426
ZINC_250K_5077,O=[N+]([O-])c1ccc2c(c1)[C@@H]1C=CC[C@H]1[C@H](c1ccc(O)cc1O)N2,0.34041426
ZINC_250K_9318,COc1ccc(-n2nnnc2SCC(=O)c2ccc(O)cc2O)cc1,0.34041423
ZINC_250K_515,O=C(COc1ccc(Br)cc1)N[C@H]1CCS(=O)(=O)C1,0.3404142
ZINC_250K_6226,CC(=O)Oc1ccc(/C=c2/sc3nc(/C=C/c4ccc(F)cc4)nn3c2=O)cc1,0.3404141
ZINC_250K_8564,CN(CC(=O)NC(C)(C)CC(C)(C)C)C1=NS(=O)(=O)c2ccccc21,0.3404141
ZINC_250K_3709,C[C@H](Oc1ccccc1)C(=O)NCC#CCOc1cccc(Br)c1,0.3404141
ZINC_250K_9426,CCC(=O)NC[C@@H](c1cccnc1)S(=O)(=O)c1ccc(F)cc1,0.3404141
ZINC_250K_10374,CCn1c(C)cc(C(=O)NC[C@@H](C)[NH+](C)C2CC2)c1C,0.3404141
ZINC_250K_3180,Cc1cncc(NC(=O)N(C)Cc2cc(Br)ccc2F)c1,0.34041405
ZINC_250K_5787,CC(C)c1ccc2c(c1)CC[C@H]1[C@](C)(C[NH2+]CCC[NH3+])CCC[C@@]21C,0.34041405
ZINC_250K_3962,Cc1cc(C)c(NC(=O)CSCCN2CCOCC2)c(C)c1,0.34041402
ZINC_250K_1715,C[C@H](NC(=O)c1ccc(Cl)cc1F)c1ccc(N)cc1,0.340414
ZINC_250K_7880,CC(C)C(=O)NCC[NH2+]Cc1cc(Br)c2c(c1)OCO2,0.340414
ZINC_250K_5897,Cc1ccc(-c2ccc(OC(=O)c3ccc(=O)[nH]c3)c(C)c2)cc1,0.34041393
ZINC_250K_6980,CC(C)C(=O)Nc1ccc(SCC(=O)Nc2ccc(C(C)C)cc2)nn1,0.34041393
ZINC_250K_2992,CC[C@H]1CCCCCN1C(=O)CN(CCc1ccccc1)C(C)=O,0.34041387
ZINC_250K_5793,CCn1nccc1CNC(=O)c1cccc(Br)c1,0.34041387
ZINC_250K_4490,CCOC(=O)C1(C)CC[NH+](C[C@@H](O)c2ccccc2C)CC1,0.34041375
ZINC_250K_3776,CCC(C)(C)[NH2+]Cc1cccc(OCc2ccccc2F)c1,0.34041375
ZINC_250K_2248,CN1CCN(c2ncc(C[NH2+]C(C)(C)C)s2)C(C)(C)C1=O,0.34041375
ZINC_250K_3357,O=C(CCOc1cccc(Br)c1)N1CCCC1,0.34041375
ZINC_250K_4953,O=C1NC[C@@]2(CCCN(C(=O)c3cc4c(s3)CCCCC4)CC2)O1,0.34041375
ZINC_250K_7543,CC(C)c1ccc(CN(C)C(=O)[C@H]2CCO[C@@H]2C)cc1,0.34041375
ZINC_250K_567,Cc1ccc(F)cc1NC(=O)C(=O)NCCCn1cc[nH+]c1,0.34041372
ZINC_250K_2526,COc1ccc([C@@H]2C(C#N)=C(N)N3C(=S)N(c4ccccc4)C(=O)[C@H]23)cc1,0.34041366
ZINC_250K_5018,CC(=O)Nc1cccc([C@@H](C)[NH2+]Cc2ccccn2)c1,0.34041366
ZINC_250K_9143,Cc1[nH]c(C(=O)NC2CCCCCCC2)c(C)c1S(=O)(=O)N1CCCCCC1,0.34041363
ZINC_250K_1345,COc1ccc(Br)cc1C(=O)NC(=S)Nc1cc(C)cc(C)c1,0.3404136
ZINC_250K_4653,C=CCN(CC(F)(F)F)C(=O)c1[nH]nc(C2CC2)c1Cl,0.34041357
ZINC_250K_8362,N#CCC(=O)/N=C1\S[C@@H]2CS(=O)(=O)C[C@H]2N1c1ccc(Br)cc1,0.34041357
ZINC_250K_7839,Clc1cccc(-c2nnc(Cn3nccc3-c3ccncc3)o2)c1,0.34041354
ZINC_250K_4857,N#Cc1cccc(CNC(=O)c2csc(C#CCN)c2)c1,0.34041354
ZINC_250K_8784,C[C@@H]1OCC[C@@H]1C(=O)N1CCOc2ccc(Cl)cc21,0.34041354
ZINC_250K_3360,O=C(N/N=C/c1ccco1)C(=O)Nc1nnc(-c2ccccc2)s1,0.3404135
ZINC_250K_1433,N#C[C@H]1CCC[C@@H]1NC(=O)c1c(F)ccc([N+](=O)[O-])c1F,0.34041348
ZINC_250K_4224,CCOC(=O)c1ccc(N2CCN(c3ccc(Br)cn3)CC2)nc1,0.34041348
ZINC_250K_3100,Cc1cc(CSc2nnc(N3CCOCC3)n2C[C@@H]2CCCO2)no1,0.34041348
ZINC_250K_4504,O=C(NNC(=O)[C@H]1C[C@H]2CC[C@@H]1C2)C1=NN=C(c2ccccc2)C1,0.34041348
ZINC_250K_9020,O=[N+]([O-])c1cc(C(F)(F)F)cc([N+](=O)[O-])c1N1CCC[C@H](C(F)(F)F)C1,0.34041342
ZINC_250K_7991,COCCn1nc(C(=O)NN(c2ccccc2)c2ccccc2)ccc1=O,0.3404134
ZINC_250K_10252,CC(C)(C)NC(=O)CCCN1C(=O)[C@@H]2CC[C@](C)(C1=O)C2(C)C,0.3404134
ZINC_250K_2195,C=CCN(C(=O)c1cc(S(=O)(=O)N(C)C)oc1C)c1ccccc1,0.34041333
ZINC_250K_5991,O=C(Nc1ccccc1Br)C(=O)N[C@H]1C[C@H]1C1CCCCC1,0.34041333
ZINC_250K_5812,COc1ccc([C@@H](NC(=O)C(=O)Nc2ccc(Cl)cc2)C(C)C)cc1,0.34041333
ZINC_250K_9611,CCc1nn(C)cc1CNC(=O)N(C)CCc1ccccc1,0.34041327
ZINC_250K_672,Cn1nnc2cc(C(=O)N[C@@H](C#N)c3ccc(Cl)c(Cl)c3)ccc21,0.3404132
ZINC_250K_8275,CC[C@H]([NH2+]Cc1cn(-c2ccccc2)nn1)c1cnn(C)c1,0.34041318
ZINC_250K_4921,O=C(COCC1CC1)NCCc1ccccc1Br,0.34041318
ZINC_250K_7639,CCCS(=O)(=O)[N-]c1ccc(C(=O)Nc2cc(CC)ccc2O)cc1,0.34041315
ZINC_250K_1156,C=CC[NH+](CC(=O)[O-])[C@H](C)c1ccc(F)cc1O,0.34041315
ZINC_250K_320,Cc1cc(Br)ccc1SCC(=O)N1CCC(C(=O)c2ccc3c(c2)OCCO3)CC1,0.3404131
ZINC_250K_10024,CCOc1ccccc1CN1C(=O)/C(=N\O)c2ccccc21,0.3404131
ZINC_250K_3147,COCCc1cc(NC[C@@H]2CCC[C@H](C)C2)n(C)n1,0.3404131
ZINC_250K_9108,O[C@@H](C[NH+]1CCC(Cc2ccc(F)cc2)CC1)c1ccc(Cl)cc1,0.34041303
ZINC_250K_7721,Cc1ccc(OCC(=O)Nc2ccc(Br)cc2C)cc1C,0.34041303
ZINC_250K_9423,CC[C@H]1CN([C@@H](C)c2nc(-c3ccccc3)no2)CC[NH+]1C[C@@H](C)O,0.34041303
ZINC_250K_2143,CC(C)(C)NC(=O)COc1ccc(Cl)cc1C(N)=O,0.34041303
ZINC_250K_9947,COc1cc([C@H]2CC(=O)NC3=C2C(=O)CC(C)(C)C3)cc(Cl)c1O,0.34041303
ZINC_250K_5817,Fc1ccc(Br)cc1/C=N/n1c([S-])nnc1COc1ccccc1,0.34041303
ZINC_250K_398,N#CCCN(Cc1ccccc1)C(=S)NC(=O)c1cccc(Cl)c1,0.340413
ZINC_250K_1523,CC(C)(C)c1nc(CNC(=O)N[C@H]2CCCC2(C)C)no1,0.34041297
ZINC_250K_1089,CCn1c([O-])c(C(=O)C[C@@H]2NCCc3ccccc32)c(=O)n(CC)c1=S,0.34041297
ZINC_250K_2594,O=C(c1ccc(N2CCOC2=O)cc1)N(CCc1ccccc1)Cc1ccccc1,0.34041297
ZINC_250K_9828,O=S(=O)(Cc1ccc(F)c(F)c1)Cc1cc(-c2ccccc2)on1,0.34041297
ZINC_250K_9721,COc1cccc(N2CC[NH+]([C@H]3CCC[C@H]([NH3+])C3)CC2)c1,0.34041297
ZINC_250K_3905,CC(=O)N[C@@H]1CCO[C@H]1c1ccc(Cl)c(F)c1,0.34041297
ZINC_250K_5009,CCCc1cc(NC(=O)C(=O)N[C@H]2CCCC[C@H]2SCC)n(C)n1,0.34041294
ZINC_250K_414,C[C@@H](C#N)CNC(=O)c1cccc(Oc2cccc(C(F)(F)F)c2)c1,0.3404129
ZINC_250K_4805,Cc1cc(C)c(NC(=O)C[NH+](CCC#N)CC2CC2)c(C)c1,0.3404129
ZINC_250K_7404,CCC1=[N+](CC(=O)c2ccc(OC)cc2)CCn2c(C)ccc21,0.3404129
ZINC_250K_9670,O=C([O-])c1ccc(S(=O)(=O)NCCCn2cccn2)cc1,0.34041288
ZINC_250K_5998,COCc1ccccc1C(=O)Nc1cccc2ccccc12,0.34041288
ZINC_250K_1222,c1ccc(-c2csc3ncnc(Nc4ccc5c(c4)OCCO5)c23)cc1,0.34041288
ZINC_250K_7089,CCNC(=O)NC1(C(=O)N2CC[C@@H](OCCC(C)C)C2)CCCC1,0.34041288
ZINC_250K_9078,CCN(CCC#N)C(=O)Cc1ccc(OC(F)(F)F)cc1,0.34041283
ZINC_250K_3339,CCC[C@H](C)N(C)S(=O)(=O)c1ccc(CC(=O)[O-])s1,0.34041283
ZINC_250K_7967,Cc1ccc2nc(NC(=O)c3ccc(C)o3)sc2c1,0.3404128
ZINC_250K_4727,CNS(=O)(=O)c1cc(C(=O)Nc2c(F)cccc2F)ccc1F,0.3404128
ZINC_250K_2576,Cn1cc(Br)cc1C(=O)Nc1cc(Cl)c(Cl)cn1,0.3404128
ZINC_250K_8100,Cc1n[nH]c(C)c1SCC(=O)Nc1cccc(Br)c1,0.34041265
ZINC_250K_3622,COc1ccccc1CNC(=O)CS(=O)(=O)c1cccc[n+]1[O-],0.34041265
ZINC_250K_3485,CO[C@H]1CCC[C@@H](OC(=O)c2cnc3ccc(C)cn23)C1,0.34041265
ZINC_250K_1850,CC(C)NS(=O)(=O)c1ccc(C(=O)N[C@@H]2CCCC[C@@H]2C)cc1,0.34041262
ZINC_250K_6819,O=C(NCc1ccco1)Nc1ccc(Cl)c(Cl)c1,0.34041262
ZINC_250K_7023,COc1ccc(C[NH2+]Cc2c(C(C)C)nn(C)c2Cl)cn1,0.3404126
ZINC_250K_883,CCS(=O)(=O)CCN(C)Cc1c[nH]nc1-c1ccc(C)cc1,0.3404126
ZINC_250K_261,CCNc1ccc2c(OC)ccc(F)c2n1,0.3404126
ZINC_250K_4543,C[C@H]1OCC[C@H]1C(=O)NCc1noc(C(C)(C)C)n1,0.3404126
ZINC_250K_9288,CCCC[C@H](C(=O)OC)C(=O)c1cnn(C)c1,0.3404125
ZINC_250K_5196,CCC1CCC(N2Cc3ccccc3C[C@H]2c2nnc(C)o2)CC1,0.3404125
ZINC_250K_9274,C=CCN(c1ccccc1)S(=O)(=O)c1cc([N+](=O)[O-])ccc1C,0.34041244
ZINC_250K_1458,CC(C)n1nccc1NC(=O)[C@H](C)Sc1ccccc1,0.34041244
ZINC_250K_2547,Cc1cc(C)c(C)c(OCC(=O)N/N=C/c2ccc(Br)o2)c1,0.34041244
ZINC_250K_9064,COCCc1ccc(Oc2ccc(C#N)cc2[N+](=O)[O-])cc1,0.34041244
ZINC_250K_8654,Cc1onc(C(C)C)c1C(=O)N1CCc2nnc([C@H]3CCC[NH2+]3)n2CC1,0.34041244
ZINC_250K_4384,O=S(=O)(c1cccs1)N1CCN(c2ccc(-c3cccnc3)nn2)CC1,0.34041244
ZINC_250K_7437,CC(C)[C@@H](Sc1nccc(C(F)(F)F)n1)C(=O)N[C@H](C)c1ccccc1,0.34041238
ZINC_250K_2188,Cc1cc(C(=O)/C(C#N)=C\c2cn(C)nc2C(C)(C)C)c(C)n1CC(F)(F)F,0.34041238
ZINC_250K_1756,Cc1ccccc1-n1[nH]c2cc(=O)n(Cc3ccccc3)c(C)c2c1=O,0.34041232
ZINC_250K_10066,CCc1ccc(C(=O)N2C[C@@H]3C[NH2+]C[C@H]3[C@@H]2CC)o1,0.34041232
ZINC_250K_10233,Cc1cc(C)n(C[C@@H](C)CNC(=O)Cc2cc(C)on2)n1,0.34041232
ZINC_250K_3146,C[C@@H]1[C@@H](C(=O)[O-])CCN1C(=O)NC[C@@H]1COCCO1,0.34041226
ZINC_250K_2153,C[C@H](CCc1ccc2c(c1)OCO2)[NH2+][C@@H](CO)c1ccccc1F,0.34041226
ZINC_250K_8193,Cc1cc(OC(=O)CCCNC(=O)C2CC2)cc(C)c1Cl,0.34041217
ZINC_250K_2590,CC(C)CN(C(=O)NCc1ccc(S(=O)(=O)N(C)C)cc1)C1CC1,0.3404121
ZINC_250K_6191,COc1ccc(OC)c(/C=C2/SC(=S)N(Cc3ccco3)C2=O)c1,0.34041208
ZINC_250K_6208,COC(=O)c1ccc(=O)n(CC(=O)N(c2ccccc2)C(C)C)c1,0.34041208
ZINC_250K_9063,CC(C)CCC(=O)[C@H](C#N)c1ncc(C(F)(F)F)cc1Cl,0.34041205
ZINC_250K_2451,CCN(CCO)C(=O)N[C@H]1CC(=O)N(C(C)(C)C)C1,0.340412
ZINC_250K_9806,Cc1c([C@H](C[NH3+])Nc2cccc(F)c2)cnn1C,0.34041196
ZINC_250K_10108,Cc1n[nH]c(SCC(=O)N2CCOC[C@H]2C)n1,0.34041193
ZINC_250K_6737,C[C@@H](C[C@H]1CCCC[NH2+]1)Nc1ccc(CC(N)=O)cc1,0.34041187
ZINC_250K_2479,CC[C@](C)([NH3+])C(=O)N1CCOc2ccccc2C1,0.34041184
ZINC_250K_766,CC(C)CCNC(=O)[C@@H](C)Oc1ccc(N)cc1C(=O)[O-],0.34041184
ZINC_250K_6492,CCOc1cc(C(N)=O)ccc1OCc1ccccc1Cl,0.34041184
ZINC_250K_9394,Cc1cc[nH+]c(N[C@H](c2ccccn2)c2c(C)[nH]c3ccccc23)c1,0.34041184
ZINC_250K_4752,COc1ccc(NC(C)=O)cc1NC(=O)c1cccc(C)c1,0.34041175
ZINC_250K_4961,Cc1nn(C)c(C)c1CNC(=O)[C@@H]1C[NH2+]C[C@H]1C,0.34041172
ZINC_250K_2158,CCC(=O)Oc1ccc2c(c1C)O/C(=C\c1ccc(C)o1)C2=O,0.34041166
ZINC_250K_9187,Cc1csc([C@@H](C)NC(=O)Cc2cn3ccsc3n2)n1,0.34041166
ZINC_250K_397,CCCCCN1C(=O)/C(=C/c2ccc(O)c(OCC)c2)SC1=S,0.3404116
ZINC_250K_5719,Cc1ccc2c(c1C)[C@@H]([NH2+][C@H](CO)c1cc(F)c(F)c(F)c1)CCO2,0.3404116
ZINC_250K_5903,CO[C@@H](C[NH2+][C@H](C)C1CCOCC1)c1cccc(Cl)c1,0.3404115
ZINC_250K_2609,CCCN1CCN(S(=O)(=O)c2cc(C)cc(N)c2C)CC1,0.34041148
ZINC_250K_2339,CCC[NH2+][C@H](c1[nH]cc[nH+]1)[C@H]1CCOC2(CCSCC2)C1,0.34041148
ZINC_250K_2001,CC1=NN(c2ccccc2)C(=O)C1(N1CCOCC1)N1CCOCC1,0.34041145
ZINC_250K_4761,COC(=O)[C@@H](NC(=O)Cn1ccc(C(F)(F)F)n1)C(C)C,0.34041145
ZINC_250K_7369,COc1ccc(F)c(NC(=O)N[C@@H](C)c2cc(OC)c(OC)cc2F)c1,0.34041134
ZINC_250K_3654,CC[C@H](CSC)N(C)C(=O)[C@@H](C)N(C)c1nccn2cnnc12,0.34041134
ZINC_250K_7433,O=C1CC[C@@H](COC(=O)C2(c3ccc(Br)cc3)CC2)N1,0.34041128
ZINC_250K_8945,C[C@H](NS(=O)(=O)c1ccccc1)C(=O)N[C@H](C)c1cccc(C#N)c1,0.34041128
ZINC_250K_3841,COc1cc(C)cc(C(=O)N2CCC[C@H]2CSC)c1O,0.34041128
ZINC_250K_9498,CCn1nc(C)c(NC(=O)CCc2ccc(Br)c(C)c2)c1C,0.34041122
ZINC_250K_8557,CO/N=C/c1ccc(C(=O)NCc2ccc(S(C)(=O)=O)cc2)cc1,0.34041122
ZINC_250K_7021,O=C1[C@H](Cc2ccccc2)[C@@H](O)C=CN1CCc1cc2ccccc2[nH]1,0.34041122
ZINC_250K_8422,CC(C)[C@@H](OC(=O)CN(C)C(=O)c1cccs1)c1ccc(F)c(F)c1,0.34041122
ZINC_250K_3197,COc1ccc(NC(=O)N[C@@H](C)c2ccc(C)o2)cn1,0.3404112
ZINC_250K_3036,CC[C@H](C)C[C@@H](C)NC(=O)CCN1C(=O)[C@H]2CCCC[C@H]2C1=O,0.34041116
ZINC_250K_9191,Cc1c(NCc2ccccc2C#N)cccc1[N+](=O)[O-],0.3404111
ZINC_250K_7711,COc1cc(/C=C(\C#N)C(=O)Nc2c(C)cc(C)cc2C)cc(Br)c1OC,0.3404111
ZINC_250K_1166,CC(C)[C@H](NS(=O)(=O)c1ccccc1F)C(=O)N(C)Cc1ccccc1F,0.34041107
ZINC_250K_2315,CCNC(=O)Nc1cc(-c2ccccc2C)nn1C,0.34041104
ZINC_250K_222,CCC[NH2+][C@H](Cc1nn(C)c2ccccc12)c1ncc[nH]1,0.340411
ZINC_250K_6740,COCC[C@H](C)C(=O)Nc1ccc(N(C)C)c(C)c1,0.340411
ZINC_250K_2465,CCn1c(SCC(=O)c2ccc(OC)cc2)nc2ccccc21,0.340411
ZINC_250K_9393,COc1ccc2c(c1)C(=O)N(c1ccccc1C(=O)[O-])C2=O,0.340411
ZINC_250K_6707,Cc1ccc([C@@H]2CSCCN2Cc2c(C)nn(CCO)c2C)cc1,0.34041098
ZINC_250K_3474,O=C1Cc2ccc(Cl)cc2N1CC1(CS)CCCCC1,0.34041092
ZINC_250K_1574,CCn1cnnc1SCC(=O)c1ccc(OC)cc1OC,0.34041086
ZINC_250K_7145,C/C(CC(=O)Nc1ccc2c(c1)OCO2)=N\NC(=O)C(=O)Nc1ccc(C)c(Cl)c1,0.34041083
ZINC_250K_2305,CC(C)C[C@H]1COCCN1CC(=O)NC(=O)NC(C)(C)C,0.34041083
ZINC_250K_7613,COc1ccc([C@@H](C)NS(=O)(=O)c2cc(F)ccc2F)cc1,0.34041083
ZINC_250K_6472,Cc1nn(C)c(C)c1CC(=O)O[C@H](C)c1ccc(Cl)s1,0.3404108
ZINC_250K_8526,Cc1ccc([C@H](CNC(=O)c2ccc3oc(C(C)C)nc3c2)[NH+](C)C)o1,0.3404108
ZINC_250K_7190,CC(C)C[C@@H](C[NH+](C)C)Nc1ccc(C(N)=O)cn1,0.3404108
ZINC_250K_8955,O=C1N(CC[C@H]2CCCO2)C[C@H]2C[NH2+]CCN12,0.3404107
ZINC_250K_9430,Cc1nc(COc2cc3oc(=O)cc(C)c3cc2Cl)cs1,0.3404107
ZINC_250K_9444,CCC[C@@H]1NC(=O)[C@H]2Cc3ccccc3CN2C1=O,0.3404107
ZINC_250K_9310,CC(=O)Nc1ccc(NC(=O)/C(C#N)=C/c2sc3ccccc3c2Cl)cc1,0.3404107
ZINC_250K_5879,C[C@@H]1CCN(C(=O)c2ccc3c(c2O)OC(C)(C)C3)[C@H](C)C1,0.34041068
ZINC_250K_5898,CCC[C@@]1(C(=O)[O-])CCN(C(=O)NC[C@]2(C)CCCO2)C1,0.34041062
ZINC_250K_8519,COCC(=O)N1CCCCC[C@H]1c1ccc(OC)cc1,0.34041062
ZINC_250K_7611,C[n+]1cc(NC(=O)CSc2nc(-c3ccccc3)c(-c3ccccc3)[nH]2)on1,0.34041062
ZINC_250K_784,CCCCS(=O)(=O)N1CCN(c2ccc(-n3ccnc3C)nn2)CC1,0.34041062
ZINC_250K_8170,COC[C@H](O)CN(C)C(=O)CCc1ccc(Br)c(C)c1,0.34041062
ZINC_250K_6350,O=C(COc1ccccc1Br)NCc1ccccn1,0.34041062
ZINC_250K_2606,Cc1cc(=O)oc(C)c1C(=O)O[C@H](C)C(=O)c1ccc(NS(C)(=O)=O)cc1,0.3404105
ZINC_250K_6903,C[C@@H](O)CC(C)(C)CNC(=O)/C=C/c1cccnc1,0.3404105
ZINC_250K_9644,O=C(CSc1nccc(=O)[nH]1)Nc1ccc(Nc2ccccc2)cc1,0.3404105
ZINC_250K_6666,CCC[C@H](CS)COc1ccc2c(C)cc(=O)oc2c1,0.34041047
ZINC_250K_1562,CCCS(=O)(=O)c1ccc(NCc2cn[nH]c2N)cc1,0.34041044
ZINC_250K_9107,CCOC(=O)[C@]1([NH2+]C)CC[C@@H](SCc2ccccc2)C1,0.34041038
ZINC_250K_1446,O=C(CCCOc1ccccc1)N1CC[C@](O)(C(F)(F)F)C1,0.34041032
ZINC_250K_5684,C[C@@H](O)c1ccccc1NC(=O)[C@@H]1CC[NH2+][C@@H]1C,0.34041032
ZINC_250K_7252,Cn1cnc(S(=O)(=O)NCC(=O)N2C[C@H]3CC=CC[C@H]3C2)c1,0.34041023
ZINC_250K_3041,Cc1nc(CN(CC(=O)N(C)C)c2ccccc2)oc1C,0.34041023
ZINC_250K_8491,C[C@H](C1CC1)N(C(=O)Nc1ccccc1[N+](=O)[O-])C1CC1,0.3404102
ZINC_250K_6349,O=C1Nc2c(c(=O)oc3ccccc23)[C@H](c2cccc([N+](=O)[O-])c2)N1,0.34041017
ZINC_250K_1170,C=CCNC(=O)/C(C#N)=C\c1ccc(OCC)cc1,0.34041017
ZINC_250K_4069,O=C(CN1C(=O)c2cc(Cl)c(Cl)cc2C1=O)NCc1ccccc1,0.34041017
ZINC_250K_5423,Cc1c(C(=O)O[C@H]2C(=O)OCC2(C)C)sc2nccn12,0.34041014
ZINC_250K_1963,Cc1ccc2nc(SCc3nnc(-c4cccs4)o3)[nH]c2c1,0.34041005
ZINC_250K_8876,CCn1cc(C#N)c(=O)n(Cc2ccc(C#N)cc2F)c1=O,0.34041005
ZINC_250K_5054,CCC1(CNC(=O)c2cccc(C(F)(F)F)c2F)CC1,0.34041005
ZINC_250K_3117,Cn1cc(CCC[NH+]2CCC(c3ccc(F)cc3)CC2)cn1,0.34041005
ZINC_250K_3507,CC[C@]1(c2ccc(Cl)cc2)NC(=O)N(CC(=O)c2ccccc2)C1=O,0.34041
ZINC_250K_9868,COCc1cccc(C(=O)Oc2ccc(C)cc2[N+](=O)[O-])c1,0.34041
ZINC_250K_2565,Cc1cc(N2CCCCS2(=O)=O)cc(C)c1S(=O)(=O)N1CCC2(CC1)OCCO2,0.34041
ZINC_250K_755,CC[C@@H](NC(=O)NC1CCC(C(=O)OC(C)(C)C)CC1)[C@H]1CCCO1,0.34040993
ZINC_250K_194,O=C(NCCS(=O)(=O)c1ccccc1)N1CCC[C@@H]2CCC[C@@H]21,0.34040993
ZINC_250K_105,CCN(CC)S(=O)(=O)c1ccc2nc(-c3ccncc3)cc(C(=O)[O-])c2c1,0.34040993
ZINC_250K_4575,O=C1N(Cc2cccc(F)c2)c2ccccc2S(=O)(=O)N1c1ccc(F)cc1,0.3404099
ZINC_250K_454,CC1=C(C(=O)OC(C)C)[C@H](C)N=C1C(=O)Nc1ncc(C)s1,0.34040987
ZINC_250K_769,COc1ccc(-c2nnc(SCC(=O)c3ccc(Br)cc3)o2)cc1OC,0.34040985
ZINC_250K_7520,C[C@H](Cc1cccs1)NC(=O)c1ccc([N+](=O)[O-])c(O)c1,0.34040985
ZINC_250K_6800,O=[N+]([O-])c1cccc2oc(N3C[C@@H]4C[NH2+]C[C@H]4C3)nc12,0.34040982
ZINC_250K_2453,CCN(CCC(=O)[O-])C(=O)c1cc(Cl)ccc1F,0.3404098
ZINC_250K_4850,CNS(=O)(=O)[C@H]1CCOC[C@H]1Cc1ccc(Cl)cc1,0.3404098
ZINC_250K_2348,O=C([O-])COc1ccccc1/C=N/NC(=O)C1CC1,0.3404098
ZINC_250K_6361,Cc1nn(CC(=O)[O-])c(C)c1S(=O)(=O)N1CCC(C)(C)C1,0.34040967
ZINC_250K_10407,Cc1ccc(C(N)=O)cc1NC(=O)NC1[C@@H](C)CCC[C@@H]1C,0.34040967
ZINC_250K_3086,CC[NH+]1CCN(C(=O)C2CC[NH+](Cc3ccccc3F)CC2)CC1,0.3404096
ZINC_250K_9628,Cc1cc(Cl)cc(C)c1C[NH+]1CC[C@@H](S(=O)(=O)NC(C)C)C1,0.3404096
ZINC_250K_7966,CCCC[NH+]1CCC[C@@H](c2nc3ccccc3o2)C1,0.34040958
ZINC_250K_8897,O=C(NC1CC=CC1)N[C@@H]1CCCN(c2ccccc2F)C1=O,0.34040958
ZINC_250K_6181,O=C(OCc1ccccn1)[C@@H]1COc2ccccc21,0.34040958
ZINC_250K_2363,CCC(=O)N[C@@H]1CCCN(C(=O)N[C@H](C)C2CCCCC2)C1,0.34040955
ZINC_250K_10067,Cc1ccccc1C(=O)Nc1nnc(SCC(=O)NC(C)(C)C)s1,0.34040946
ZINC_250K_7358,Cc1ccc(/C=C/C(=O)n2nc(N)c3ccccc32)o1,0.34040934
ZINC_250K_2617,C[C@@H]1CN(C(=O)NCc2ncnn2C)C[C@H](C)O1,0.34040934
ZINC_250K_4312,C[C@@H](CS(C)(=O)=O)[NH2+][C@H]1CCCOc2c(Br)cccc21,0.34040934
ZINC_250K_10329,C#CC[NH2+]CC(=O)Nc1ccc(F)cc1C(=O)[O-],0.34040928
ZINC_250K_4467,COC(=O)[C@H]1C[C@H]2CCCC[C@@H]2N1S(=O)(=O)N1CCOCC1,0.34040928
ZINC_250K_10327,Cc1cc(NC(=O)C[S@](=O)[C@H](C)c2ccc(Cl)c(Cl)c2)no1,0.34040928
ZINC_250K_5814,C[C@@H]1C[C@@H](O)[C@@]2(C)C(C(=O)[O-])=CCC[C@@H]2[C@@]1(C)CCC1=C[C@H](O)OC1=O,0.34040928
ZINC_250K_8509,NC(=O)[C@@H](OC(=O)CN1C(=O)CSc2ccccc21)c1ccccc1,0.34040928
ZINC_250K_3853,CC[C@@H](NC(=O)c1ccc([N+](=O)[O-])c(C)c1)c1ccc2c(c1)OCCO2,0.34040928
ZINC_250K_1973,CC(=O)O[C@H]1CC[C@@]2(C)C(=CC[C@@H]3[C@H]2CC[C@@]2(C)[C@H]3C[C@@H](C)[C@]2(OO)C(C)=O)C1,0.34040925
ZINC_250K_8059,Cc1nn(C/C([O-])=N/c2nc3ccc(F)cn3n2)c(C)c1Cl,0.3404092
ZINC_250K_2076,C[C@H]1CCN(C)c2ccccc2N1C(=O)c1occc1Br,0.3404092
ZINC_250K_4240,O=C([O-])[C@@H]1C[C@@H]1C(=O)N1CC2(CCCC2)c2c(F)cccc21,0.3404092
ZINC_250K_2230,N#Cc1ccc(NC(=O)N(Cc2cccc(O)c2)C2CC2)cc1,0.34040913
ZINC_250K_6782,CNS(=O)(=O)c1ccc(C(=O)NCCc2cccnc2)o1,0.34040913
ZINC_250K_3764,Cc1cccn2c(=O)c(C(=O)N(C)[C@H](c3ccccc3)C(C)C)cnc12,0.3404091
ZINC_250K_3074,CC1(CNC(=O)Cc2cccc(F)c2F)CCCC1,0.3404091
ZINC_250K_6042,O=C(CSc1ccc(C(=O)N2CCCC2)cn1)N1CCc2ccccc2C1,0.34040907
ZINC_250K_10343,CCC[C@H](Oc1cccc(N)c1)C(=O)c1cc(C)c(C)cc1C,0.340409
ZINC_250K_9200,Cc1ccc(C(=O)NC2CCC(C)CC2)cc1F,0.34040895
ZINC_250K_4574,COC(=O)Nc1ccc(Nc2nnc(-c3ccccc3)s2)cc1,0.34040895
ZINC_250K_2615,COc1ccc(/C=N/N2CCN(Cc3ccccc3)CC2)cc1,0.34040895
ZINC_250K_4254,Cc1ccc(NC(=O)N2CCCN(C(=O)C(C)(C)C)CC2)cc1C,0.3404089
ZINC_250K_6660,CC(C)[C@@H](NC(=O)NCc1ccccc1)C(=O)N1CCCCCCC1,0.3404089
ZINC_250K_9075,CC1(C)CC(NC(=O)NCc2ccc(C[NH+]3CCCCC3)cc2)CC(C)(C)[NH2+]1,0.3404089
ZINC_250K_4783,COc1ccc(C[NH+]2C[C@@H](CO)CC[C@H]2C)cc1O,0.34040883
ZINC_250K_8090,C[C@@H]1[C@H](C)CCC[C@@H]1NC(=O)COC(=O)c1ccccc1Br,0.3404088
ZINC_250K_1842,COc1ccc([C@H](NS(=O)(=O)c2cccc(C(C)=O)c2)c2ccccc2)cc1,0.34040874
ZINC_250K_4479,O=c1c2c(nc(SCc3ccccc3)n1-c1ccc(Br)cc1)CCS2,0.34040874
ZINC_250K_9000,CC(C)OC(=O)[C@@H](C)CNC(=O)Cc1n[nH]c2ccccc12,0.3404087
ZINC_250K_8746,CC[C@H](C)[C@@H](C(=O)[O-])N1C(=O)/C(=C/c2ccccc2OC)SC1=S,0.34040868
ZINC_250K_6267,COC(=O)[C@H]1CCC[NH+](Cc2ccccc2N(C)C2CC[NH+](C)CC2)C1,0.34040868
ZINC_250K_7637,C[C@@H]1CN(C[C@H](O)COc2ccc(Br)cc2Br)C[C@H](C)O1,0.34040868
ZINC_250K_3911,Cc1nc(C[NH+](C)[C@H](C)c2ccc(C(=O)[O-])o2)cs1,0.34040865
ZINC_250K_2132,CC[C@H](c1nc(CC(C)C)no1)N1Cc2ccccc2C1=O,0.34040865
ZINC_250K_9398,Nc1cc(Br)ccc1NC(=O)[C@H]1CCCO1,0.3404086
ZINC_250K_7689,C[C@@H](CNc1ncccc1S(N)(=O)=O)c1ccsc1,0.34040856
ZINC_250K_692,COc1ccccc1[C@@H](C)NC(=O)[C@@H](C)Oc1cccc(F)c1,0.34040856
ZINC_250K_2190,O=C(/C=C/c1ccco1)N1CC[C@@H]2CCCC[C@@H]21,0.34040856
ZINC_250K_6835,Brc1cnc2c(-c3nc(-c4ccc5c(c4)CCO5)no3)cnn2c1,0.3404085
ZINC_250K_3610,C[C@H](C(=O)N[C@H](C)c1ccccc1)S(=O)(=O)c1nccn1C,0.3404085
ZINC_250K_5379,O=C([O-])CCC(=O)Nc1scc2c1c(=O)oc1ccccc12,0.34040844
ZINC_250K_9349,CC[C@@H](C)NC(=O)CCc1nc(-c2ccc(C)cc2)no1,0.34040844
ZINC_250K_283,CCOc1ccc(Nc2ccc(C#N)c([N+](=O)[O-])c2)cc1,0.34040844
ZINC_250K_4119,COc1ccc(O[C@H]2CC[C@@]([NH2+]C(C)C)(C(=O)[O-])C2)cc1,0.3404084
ZINC_250K_4747,CC[C@H](NC(=O)N(CCC(C)C)C1CC1)c1c(C)nn(C)c1C,0.3404084
ZINC_250K_2032,CC1CCN(c2ncnc3sc(-c4ccccc4)cc23)CC1,0.34040833
ZINC_250K_612,O=C1C=C(c2cccs2)C[C@H](c2cccs2)[C@@H]1n1cnc([N+](=O)[O-])n1,0.34040827
ZINC_250K_175,O=C1/C(=C/c2ccccc2)Oc2c1ccc1c2CN(Cc2cccs2)CO1,0.34040824
ZINC_250K_2659,C[NH+](Cc1csc(-c2ccccc2)n1)C[C@H]1CCOC1,0.34040824
ZINC_250K_9733,O=C(CCN1C(=O)/C(=C/c2cccs2)SC1=S)NC12CC3CC(CC(C3)C1)C2,0.34040824
ZINC_250K_680,O=C(C[C@@H](O)c1cccc(F)c1)Nc1cc(F)ccc1O,0.3404082
ZINC_250K_6298,CCn1nnnc1COc1ccc(C(=O)Nc2c(C)nsc2C)cc1,0.34040818
ZINC_250K_7621,CCCCCN(C(=O)NC(=O)Nc1c(C)cc(C)cc1C)S(=O)(=O)c1ccccc1,0.34040818
ZINC_250K_6037,COc1ccc([C@@H](O)[C@@H](C)NC(=O)c2cccc(NC(C)=O)c2)cc1,0.34040818
ZINC_250K_4450,CC[NH2+]C[C@@H](C)C(=O)N[C@@H](C)c1ccc(C)c(F)c1,0.34040812
ZINC_250K_1614,C=C(C)C(=O)Nc1ccc(/C=C/C(=O)c2ccc(OC)cc2)cc1,0.34040806
ZINC_250K_4702,COC1CC[NH+](CCNC(=O)NCC(C)(C)c2ccncc2)CC1,0.34040803
ZINC_250K_355,O=C(Nc1ccc(Oc2ccc(Cl)nn2)cc1)[C@@H](O)c1ccccc1,0.34040803
ZINC_250K_9917,Cc1cc(NC(=O)c2cccc([N+](=O)[O-])c2)ccc1I,0.34040803
ZINC_250K_5916,C[C@@H](c1cccc(O)c1)N(C)C(=O)Nc1ccc(F)cc1Br,0.34040803
ZINC_250K_6771,Cc1cc(OCC(=O)NCC(N)=O)ccc1Cl,0.34040797
ZINC_250K_2798,N#C[C@H]1CN(C(=O)[C@H]2CNCc3ccccc32)CCO1,0.34040797
ZINC_250K_3504,N#CCOc1ccccc1N1CCCCC1=O,0.34040794
ZINC_250K_10428,O=C(OCC(=O)N1CCCC1=O)[C@@H]1COc2ccccc2O1,0.3404079
ZINC_250K_3569,O=C(NC1CCCCC1)C1CCN(C2=NC=NC3=NC=N[C@H]32)CC1,0.34040785
ZINC_250K_1557,Cc1c(Cl)cccc1NC(=O)N(C)[C@@H](C)c1cccc(O)c1,0.34040785
ZINC_250K_3300,C[C@H]1CC[C@@H]([NH2+]Cc2ccc([N+](=O)[O-])c(F)c2)[C@H](C)C1,0.34040785
ZINC_250K_9039,Cc1ccccc1NC(=O)c1ccccc1NC(=O)CCC(=O)[O-],0.34040785
ZINC_250K_5312,COC(=O)c1sc2cccc(F)c2c1CSc1nnnn1C,0.34040782
ZINC_250K_837,CC(=O)Nc1ccc(NC(=O)c2nnn(-c3ccc(C)c(C)c3)c2C)cc1,0.34040782
ZINC_250K_7519,C[C@@H](CC1CC1)NC(=O)c1cccn1CC(=O)[O-],0.34040782
ZINC_250K_4333,Cc1cnn(C[C@@H]2CCCCN2C(=O)[C@H]2CCCO2)c1,0.3404078
ZINC_250K_445,Cc1ccc([C@H]2C[C@@H]2NC(=O)N2CCC(C(N)=O)CC2)cc1C,0.3404078
ZINC_250K_879,C[C@@H](C(=O)C1=c2ccccc2=[NH+]C1)[NH+]1CCC[C@@H]1[C@@H]1CC=CS1,0.3404078
ZINC_250K_6606,COCCn1cc(C(=O)NC[C@@H](C)c2ccccc2)ccc1=O,0.34040776
ZINC_250K_8638,CCc1cccc(C(=O)N[C@H]2CCC[C@@H]2C(=O)OC)c1O,0.34040776
ZINC_250K_5874,O=[N+]([O-])c1ccc2nc(SCc3cn4ccsc4n3)[nH]c2c1,0.34040776
ZINC_250K_9380,CCc1oc2ccccc2c1CN(C)C(=O)c1n[nH]c(=O)c2ccccc12,0.34040776
ZINC_250K_4064,CCOc1ccc2nc(SCc3cc(N)cc[nH+]3)[nH]c2c1,0.34040773
ZINC_250K_1931,CCN(CC)S(=O)(=O)N1CCC[C@H](C(=O)NC2CCCCCCC2)C1,0.34040773
ZINC_250K_6172,CCC[C@@H](C(=O)[O-])N1C(=O)/C(=C\c2cn(C)c3ccccc23)SC1=S,0.34040773
ZINC_250K_3154,CCOc1ncccc1C(=O)Nc1ccc(C(=O)NC)cc1,0.34040773
ZINC_250K_10360,CN(C)c1cccc(C(=O)NCC2([NH+](C)C)CCCCC2)c1,0.34040773
ZINC_250K_5649,CC[C@@H](NC[C@@H]1C=NN=C1c1ccc(F)cc1)[C@H]1[NH+]=C(C)NO1,0.3404077
ZINC_250K_6922,CO[C@H](CNC(=O)c1ccoc1C)c1ccc(F)cc1,0.34040767
ZINC_250K_6613,Cn1c(C(=O)Nc2cnc(-c3ccccc3)s2)cccc1=O,0.34040767
ZINC_250K_5123,CCNC(=O)c1cc(N(C)C2CCC(=O)CC2)cc[nH+]1,0.34040767
ZINC_250K_2073,Cn1ccnc1Sc1ccc([C@@H]2NC(=O)c3ccccc3N2)cc1[N+](=O)[O-],0.34040767
ZINC_250K_2602,Cc1c[nH]c(CN(C)CCc2c(F)cccc2Cl)[nH+]1,0.34040764
ZINC_250K_3770,CCn1cc([C@H]2OCC[C@@H]2C[NH2+]C/C(C)=C/c2ccccc2)cn1,0.34040764
ZINC_250K_7056,C[C@H](NC(=O)N(CCCO)CC(C)(C)C)c1cccc(C#N)c1,0.34040758
ZINC_250K_5859,CCC[C@@]1(c2ccccc2)NC(=O)N(Cc2nc(C(C)(C)C)no2)C1=O,0.34040758
ZINC_250K_4466,CC(C)[NH+]1CCC(C(=O)N[C@H](C)c2ccc(OCC(F)(F)F)cc2)CC1,0.34040752
ZINC_250K_6121,Cc1ccc(C)c2sc(NC(=O)c3ccc(Br)o3)nc12,0.34040752
ZINC_250K_6722,FC(F)Sc1ccc(-[n+]2cc(-c3ccc(Cl)cc3)n3c2CCCCC3)cc1,0.34040746
ZINC_250K_6791,CCCn1c(C)nnc1S[C@@H](C)c1ncc(-c2ccc(Cl)cc2)o1,0.34040746
ZINC_250K_9590,CCCCC1CCC(C(=O)N2CCC(N(C)S(C)(=O)=O)CC2)CC1,0.34040743
ZINC_250K_2587,Cc1ccccc1N1CCCN(C(=O)[C@@H](O)c2ccccc2)CC1,0.3404074
ZINC_250K_3756,COc1ccc(CC[NH2+][C@H](C)c2ccc(C)cc2)cc1S(N)(=O)=O,0.34040737
ZINC_250K_6250,CN(CCCS(C)(=O)=O)C(=O)c1cn(C)nc1C(F)(F)F,0.34040737
ZINC_250K_1118,FC(F)(F)c1[nH]nc2c1CN(Cc1ccccc1)CC2,0.34040734
ZINC_250K_5535,C[NH+](C)[C@H](CNC(=O)c1cncc(Br)c1)c1ccco1,0.3404073
ZINC_250K_7298,Cn1cccc1C(=O)NNC(=O)c1cc2ccc(Cl)cc2[nH]1,0.3404073
ZINC_250K_3852,N#Cc1ccccc1NC(=O)[C@H]1C[C@@H]1[N+](=O)[O-],0.34040725
ZINC_250K_8157,O=C(CN1C(=O)CCC1=O)N1CCN(C[C@@H](O)c2ccccc2)CC1,0.34040725
ZINC_250K_1211,O=S(=O)(N[C@@H]1CCCOc2ccc(F)cc21)c1ccc2c(c1)OCCCO2,0.34040713
ZINC_250K_9513,Cc1cc(CS(=O)(=O)NC[C@@H]2CC[C@H](C(=O)[O-])O2)no1,0.34040713
ZINC_250K_809,N#Cc1ccc(OCC(=O)NCc2cccc(CO)c2)cc1,0.34040713
ZINC_250K_812,[NH3+][C@H]1CCC[C@H]1CCN1C(=O)c2cccc3cccc1c23,0.340407
ZINC_250K_5726,CC[C@@H]([NH2+]CCn1c(=O)[nH]c2ccccc21)c1c(C)nn(C)c1C,0.340407
ZINC_250K_8554,C[C@H](NC(=O)c1ccoc1)C(=O)/N=c1\[nH]ccn1Cc1ccccc1,0.340407
ZINC_250K_2072,CCc1noc(CN(C)C(=O)N[C@@H](CS(C)(=O)=O)c2ccccc2)n1,0.34040695
ZINC_250K_3465,O=C([O-])[C@H]1C=C[C@H](NS(=O)(=O)c2ccc3c(c2)CCO3)C1,0.34040695
ZINC_250K_2030,O=C(COc1ccccn1)NCc1ccc(F)cc1,0.34040692
ZINC_250K_6045,O=C1S/C(=C/c2ccc(-c3ccccc3Cl)o2)C(=O)N1c1ccc(O)cc1,0.34040686
ZINC_250K_5052,Cc1ccc2nc(CSCC(=O)N(C)Cc3ccccc3)cn2c1,0.34040684
ZINC_250K_8429,C[C@@H](N[C@H]1CC(=O)N(C)C1)c1nc2c(s1)CCCC2,0.34040684
ZINC_250K_6626,CC(C)NC(=O)c1cccc(NC(=O)[C@@H]2[C@H](C(=O)[O-])C2(C)C)c1,0.3404068
ZINC_250K_3513,C[C@H]1CCCN(C(=O)CS[C@@H]2[NH+]=c3ccc(Cl)cc3=[NH+]2)C1,0.3404068
ZINC_250K_9180,CC[C@H]1N[C@]2(C(=O)N(Cc3ccccc3)c3ccccc32)[C@@H]2C(=O)N(Cc3ccccc3)C(=O)[C@H]21,0.3404068
ZINC_250K_9965,CC(C)c1cc(C(F)(F)F)n2nc(C3CCN(S(=O)(=O)C(C)C)CC3)cc2n1,0.34040675
ZINC_250K_9861,COCC1(C(=O)N(C)[C@@H](C)c2ccon2)CCC1,0.34040675
ZINC_250K_659,Cc1ccc2c(c1)CCN2C(=O)c1ccc(C)nc1C,0.34040675
ZINC_250K_6085,CC(C)[C@@H]1CN(C(=O)CCc2cccnc2)CCS1,0.3404067
ZINC_250K_7596,C[C@@H]1C[C@H](C)CN(C(=O)[C@@H](C)n2sc3ccccc3c2=O)C1,0.3404067
ZINC_250K_2506,CCOc1ccccc1/C=C/C(=O)N[C@@H](C#N)C(C)(C)C,0.34040666
ZINC_250K_4406,C[C@H](NC(=O)Nc1ccccc1)C(=O)N[C@H](C)c1ccc(OC(F)F)cc1,0.34040663
ZINC_250K_5141,C[C@@H](Oc1cccc2ccccc12)C(=O)NC[C@H](O)C[NH+](C)C,0.34040663
ZINC_250K_3038,CNc1snc(C)c1C(=O)O[C@H](C)C(=O)Nc1c(F)cccc1F,0.34040657
ZINC_250K_2780,Cc1ccc(CN(C)C(=O)c2cnn3cccnc23)cc1,0.34040657
ZINC_250K_1101,C[NH+]1CC[C@@H](NC(=O)NCCS(C)(=O)=O)[C@@H]1c1ccc(Cl)cc1,0.34040657
ZINC_250K_4767,CC(C)=C1[C@H]2CC[C@@H]1[C@@H](C(=O)Nc1cc(C)cc(C)c1)[C@@H]2C(=O)[O-],0.34040654
ZINC_250K_655,CNC(=O)c1ccc(O[C@@H]2CCC[C@H]([NH3+])C2)nn1,0.34040654
ZINC_250K_7824,C[C@@H](CCC(=O)[O-])NC(=O)Nc1ccc(Cl)c(Br)c1,0.34040648
ZINC_250K_8599,CC[C@@H]1NC(=O)C[C@H](C)N(Cc2ccc(O)cc2)C1=O,0.34040648
ZINC_250K_599,O[C@H]1CCCCC[C@H]1n1cc(-c2ccccc2Cl)cn1,0.34040648
ZINC_250K_4635,Cc1cc(C)c(C)c(S(=O)(=O)N[C@@H](C)C(=O)NC2CCCCCC2)c1C,0.34040648
ZINC_250K_8425,CN1N=C([NH-])/C(=N\Nc2ccc(Cl)c(C(F)(F)F)c2)C1=[NH2+],0.34040648
ZINC_250K_9896,C#Cc1cc(F)c(NC(=O)c2cn3cccnc3n2)c(F)c1,0.34040642
ZINC_250K_7717,FC(F)COc1ncccc1C[NH2+][C@H]1CCOc2ccccc21,0.34040642
ZINC_250K_1824,Cn1ccc(S(=O)(=O)N2CCO[C@H](CC(=O)[O-])C2)c1,0.34040636
ZINC_250K_5922,CCCCn1c(=O)[nH]c(=O)c2c1nc(-c1ccc(COC)cc1)n2CC,0.34040636
ZINC_250K_6570,Cc1nc(-c2cccs2)sc1C(=O)N1CCNC(=O)C1,0.34040636
ZINC_250K_6086,CCSc1ccc(NC(=O)Cc2ccc[nH]2)cn1,0.34040636
ZINC_250K_2222,Cc1cc(Cl)c(NC(=O)C(=O)NC2CCC(O)CC2)cc1Cl,0.3404063
ZINC_250K_7173,CN(C)C(=O)c1ccc(N[C@H]2CCC[C@@H]([NH3+])C2)cc1,0.34040624
ZINC_250K_7338,O=[N+]([O-])c1cccc(/C=N/c2ccc(S(=O)(=O)N3CCOCC3)cc2)c1,0.34040624
ZINC_250K_1698,CCCc1c(C(=O)N2CCO[C@@H](CCC)C2)[nH]c(C)c1C(C)=O,0.34040624
ZINC_250K_2812,Cc1ccc([S@](=O)Cc2ncc(-c3cccc(F)c3)o2)nc1,0.34040615
ZINC_250K_7364,CNS(=O)(=O)c1ccc(N(C)Cc2ccc(O)cc2)c([N+](=O)[O-])c1,0.34040615
ZINC_250K_3247,COC[C@@H](C)NC(=O)Cc1ccc(F)cc1F,0.3404061
ZINC_250K_8639,O=C(/N=C1\S[C@@H]2CS(=O)(=O)C[C@H]2N1c1ccc(Cl)cc1)C1CC1,0.3404061
ZINC_250K_1960,COC(=O)c1cccc(C(=O)N2C[C@H](C)S[C@@H](C)C2)n1,0.34040606
ZINC_250K_5798,COc1cc(C(=O)Nc2cc(C)nn2-c2nc(C)c(C)c([O-])n2)cc(OC)c1OC,0.34040603
ZINC_250K_3266,O=C(COc1ccccc1C(=O)Nc1ccccc1)Nc1ccc(Br)cc1,0.34040603
ZINC_250K_5810,CCOCCN(C)S(=O)(=O)c1cc(Cl)ccc1C#N,0.34040603
ZINC_250K_8898,C[C@H](Cc1ccccc1Cl)C(=O)N[C@@H]1C=C[C@H](CO)C1,0.340406
ZINC_250K_4970,CC(C)c1cc(NC(=O)C[NH+]2CCC[C@H]2c2cccs2)on1,0.34040597
ZINC_250K_7881,O=S(=O)(NC[C@@H]1COc2ccccc2O1)c1ccc(Cl)cc1,0.34040597
ZINC_250K_9286,CNS(=O)(=O)c1ccc([C@H](C)[NH2+]C[C@@H]2C[C@@]23CCc2ccccc23)cc1,0.34040597
ZINC_250K_9060,Cc1ccc(NC(=O)N2CCN(c3ccc(O)cc3)CC2)s1,0.34040597
ZINC_250K_5274,CC(C)[C@H](NC(=O)[C@H]1Cc2ccccc2CN1)C(=O)NC1CCCCC1,0.34040597
ZINC_250K_10091,CC[C@@H]([NH2+][C@H](C)c1ccc(-n2ccnn2)cc1)c1ccc(N(C)C)cc1,0.34040594
ZINC_250K_1579,C[C@@H]1[C@H](C)CCC[C@@H]1NC(=O)CCNC(=O)c1ccccc1,0.3404059
ZINC_250K_2180,CCc1ccc(C(=O)CN2CCO[C@H](C#N)C2)cc1,0.3404059
ZINC_250K_896,O=C(C/C(=N\Nc1nc(-c2ccccc2)cs1)c1ccccc1)C(F)(F)F,0.34040585
ZINC_250K_3184,COc1ccc(C(=O)OCC(=O)N[C@@H](C)C(C)C)c(F)c1,0.34040585
ZINC_250K_10280,Cc1cc2nc(C(F)(F)F)c(=O)n([C@@H](C)C(=O)N3CCCC3)c2cc1C,0.3404058
ZINC_250K_3524,Cc1ccccc1CNC(=O)N1CCSC(C)(C)C1,0.3404058
ZINC_250K_9283,CCC[NH2+][C@@H](Cc1nc2ccccc2s1)c1cnn(C)c1,0.3404058
ZINC_250K_630,COc1ccccc1-c1nc(C[NH+](C)Cc2ccc(C#N)cc2)cs1,0.34040576
ZINC_250K_2963,CN(Cc1nccn1CC(F)(F)F)S(=O)(=O)c1ccc(C(F)(F)F)cc1,0.34040573
ZINC_250K_8982,O=C(c1ccccc1-c1ccc(C(F)(F)F)cc1)N1CCCCC1,0.34040567
ZINC_250K_4495,CC(C)CN1C(=O)C2(CCCC2)[NH2+]C12CCN(C(=O)c1ccoc1)CC2,0.34040564
ZINC_250K_3702,CCC[C@H]1CN(C(=O)C2(c3ccc(Cl)cc3)CC2)C[C@@H]1[NH3+],0.34040564
ZINC_250K_8963,C[C@H]1CCC[NH+](CCNC(=O)c2cc(Cl)c[nH]2)C1,0.34040558
ZINC_250K_1907,CC(=O)Nc1ccc(/C=C2\Cc3c(O)cccc3C2=O)cc1,0.34040552
ZINC_250K_6311,CCOc1ccc(C(=O)Nc2ccc(NC(=S)NC(C)=O)cc2)cc1Cl,0.34040552
ZINC_250K_6281,Cc1nc(CC(=O)NCCCNc2ncccn2)cs1,0.34040552
ZINC_250K_2635,CC(C)c1c(CO)cnn1Cc1cccc(Cl)c1,0.34040552
ZINC_250K_5515,Cc1ccc(S(=O)(=O)NCCOCC(F)(F)F)cc1F,0.34040552
ZINC_250K_3135,CC(=O)N1CCc2nc3ccncc3cc2C1,0.34040546
ZINC_250K_8905,COc1ccc(/C(C)=N/NC(=O)[C@H](C)SCc2ccccc2)cc1,0.34040546
ZINC_250K_10046,CCOCC(=O)Nc1ccc(Oc2cccc(C)c2)cc1,0.34040546
ZINC_250K_6123,CC(=O)NCc1ccc(C(=O)N2CCCC[C@H]([NH+]3CCCC3)C2)cc1,0.34040546
ZINC_250K_3908,Cc1ccc(F)cc1NC(=O)N(C)Cc1ccc(Br)o1,0.34040543
ZINC_250K_6849,O=C(/C=C/Nc1ccc(F)c(Cl)c1)c1ccc2c(c1)OCO2,0.3404054
ZINC_250K_2512,CN(Cc1cscn1)[C@H](C[NH3+])c1ccccc1C1CC1,0.3404054
ZINC_250K_4228,C=CCCCOc1ccc(C(=O)[O-])cc1[N+](=O)[O-],0.3404054
ZINC_250K_4141,O=C(c1ccc(O)cc1)N1CCN(CCc2ccccc2Cl)CC1,0.34040537
ZINC_250K_4105,C[C@H](NC(=O)Nc1ccncc1)c1nc(-c2ccc(Cl)cc2)no1,0.34040537
ZINC_250K_4252,COc1ccc(C[NH2+]Cc2c[nH]nc2-c2ccc(C)cc2)cc1OC,0.34040537
ZINC_250K_3693,CC(C)CC[C@@H](C)NC(=O)[C@@H]1CSCN1C(=O)c1ccoc1,0.34040537
ZINC_250K_7466,N#Cc1cccc(CSc2nnc(C3CC3)n2Cc2ccccc2)c1,0.34040537
ZINC_250K_7533,N#C[C@H]1CN(c2cc(C(=O)[O-])c(N)cc2F)CCO1,0.34040537
ZINC_250K_9988,COc1ccc(Br)cc1S(=O)(=O)N1CCCC[C@H]1C,0.34040534
ZINC_250K_9908,CC(C)c1noc(CCNC(=O)/C=C/c2ccc(F)cc2)n1,0.34040532
ZINC_250K_9651,O=C1N=C(N2CCOCC2)S/C1=C\c1cccc(O)c1,0.3404053
ZINC_250K_9446,CC[C@@H](Cc1ccccc1)N(C)C(=O)NCCOC,0.34040526
ZINC_250K_9030,COc1cc2c(cc1OC)CN(C(=O)Nc1cc(C)cc(C)c1)CC2,0.34040526
ZINC_250K_3817,C[C@@H](C(=O)[O-])[NH+]1CCN(C(=O)c2ccc(C[NH3+])o2)CC1,0.34040526
ZINC_250K_9770,O=C(/C=C/c1cnccn1)N(C[C@@H]1CCCO1)[C@@H]1CCSC1,0.3404052
ZINC_250K_5971,Cc1ccccc1N1CCN(C(=O)CC[C@@H]2CCCC[NH+]2C)CC1,0.3404052
ZINC_250K_4163,C[C@@H](CCCO)NC(=O)N[C@H](c1ccc(F)cc1)[C@@H]1CCCO1,0.34040514
ZINC_250K_3912,CCn1nnc2c(=O)n(CC(=O)NC3CC3)cnc21,0.34040514
ZINC_250K_944,O=C(NCc1ccc([N+](=O)[O-])cc1)N[C@@H]1CCCC[C@H]1CO,0.34040514
ZINC_250K_5178,O=C(CSc1ccc(-c2ccc(Br)cc2)nn1)Nc1ccc(F)cc1,0.3404051
ZINC_250K_1117,C[NH2+][C@H](c1ccc(OC)c(C)c1)[C@@]1(C)CCCO1,0.34040508
ZINC_250K_10410,O=C(Oc1cccc(N2C(=O)[C@H]3CC=CC[C@@H]3C2=O)c1)c1ccc(Cl)cc1Cl,0.34040508
ZINC_250K_4425,CCCN[C@]1(C#N)CC[C@H](N2C[C@H](C)OC[C@@H]2C)C1,0.34040505
ZINC_250K_3768,CCn1ccnc(NCC[C@@H](O)C(C)C)c1=O,0.34040505
ZINC_250K_10383,CC(C)Cc1noc(CS(=O)(=O)CC(=O)N[C@@H]2CCCC[C@@H]2C)n1,0.34040502
ZINC_250K_1055,Cc1ccc(C)c([C@@](C)(O)[C@@H]2CCCc3cccnc32)c1,0.340405
ZINC_250K_6712,COc1ccc(C[NH2+][C@H]2CCO[C@@H]2C)c(OC(F)F)c1,0.34040496
ZINC_250K_2224,C[C@@H]1CCCN(C(=O)C2CC[NH+](Cc3ccoc3)CC2)C1,0.34040493
ZINC_250K_5232,CC[C@@H]1CN(C(=O)c2ccc(Br)nc2)CCN1C,0.34040487
ZINC_250K_1065,Cc1nc(C2CCCC2)sc1-c1nc(-c2ccc(C#N)cn2)no1,0.34040484
ZINC_250K_8019,CCC(=O)N[C@](Nc1ncc(C)s1)(C(=O)OC)C(F)(F)F,0.34040484
ZINC_250K_3990,CCCN(C(=O)c1ccc(CNC(C)=O)cc1)c1cccc2ccccc12,0.3404048
ZINC_250K_4181,O=C(Cc1noc(-c2ccncc2)n1)Nc1cc(Cl)cc(Cl)c1,0.3404048
ZINC_250K_2596,CC(=O)c1ccc(Oc2ccc(C(=O)NC[C@H]3CC[NH+](C)C3)cc2)cc1,0.3404048
ZINC_250K_8250,CCCCc1nnc(NC(=O)c2[nH]c(C)c(C(=O)OC)c2C)s1,0.3404048
ZINC_250K_1520,CC(C)C[C@H]1COCCN1C(=O)CSCC(=O)c1ccccc1,0.34040475
ZINC_250K_5858,CN(C)S(=O)(=O)c1cccc(CSc2ncccc2N)c1,0.34040475
ZINC_250K_2579,CCOC(=O)Nc1cc(Cl)ccc1OC,0.3404047
ZINC_250K_3516,O=C(N(CCc1cccs1)Cc1ccoc1)C12CC3CC(CC(C3)C1)C2,0.34040466
ZINC_250K_5298,C=C(C)Cn1c(N2CCCC2)nc2c1c(=O)[nH]c(=O)n2C,0.34040466
ZINC_250K_2618,COC(=O)C[C@H](NC(=O)c1cc(C)on1)c1cccc(Cl)c1,0.34040448
ZINC_250K_8745,CC(C)Cn1ccnc(Oc2ccccc2[N+](=O)[O-])c1=O,0.34040442
ZINC_250K_2066,Cc1nc2ccc(C(=O)N(C)C3CCCCC3)cc2nc1C,0.34040442
ZINC_250K_5257,Cc1nnc(NC(=O)Cc2ccc(-n3cccn3)cc2)s1,0.34040442
ZINC_250K_1174,CC[NH2+]Cc1ccc(OCC(=O)Nc2ccccc2)cc1,0.34040442
ZINC_250K_9524,O=C(Nc1ccccc1Oc1ccccc1)N1CCOCC1,0.3404044
ZINC_250K_871,C[C@@H](O)c1ccc(F)cc1OCc1nc(C(C)(C)C)cs1,0.34040436
ZINC_250K_6813,Fc1ccccc1OCCSCc1csc(-c2ccco2)n1,0.34040436
ZINC_250K_4573,O=C(NCCC1=CCCCC1)c1ccccc1O,0.3404043
ZINC_250K_4983,O=C(Nc1nnc(-c2ccccc2)s1)c1cc(Br)ccc1Cl,0.34040427
ZINC_250K_9133,C[C@@H]1CCC[NH+](CC(=O)Nc2nc(C[NH+]3CCCCC3)cs2)C1,0.34040427
ZINC_250K_2572,CCC[C@H]1C(=O)NC(=O)C[C@H]1c1ccc(CC)s1,0.3404042
ZINC_250K_8186,CCOC(=O)NC(=O)c1c(NC(=O)c2ccccc2SCC)sc(C)c1C,0.34040418
ZINC_250K_8816,C[C@H](OC[C@@H]1CCCO1)C(=O)N(C)[C@H](C)Cc1cccs1,0.34040418
ZINC_250K_8692,COCCCNC(=O)Cn1cccc1[C@@H](C)O,0.34040415
ZINC_250K_8520,CC[NH+](CCCc1ccccc1C)C[C@@H]1CCOC1,0.34040412
ZINC_250K_2137,CC(C)N(C(=O)CS(=O)(=O)Cc1ccc(Cl)c(Cl)c1)c1ccccc1,0.3404041
ZINC_250K_4861,COc1ccc(C[C@H](C)CN(C)C(=O)Nc2ccc(C)s2)cc1,0.3404041
ZINC_250K_5065,Cc1cc(=O)n2c(n1)SC[C@@H]2CC(=O)NC1CCCC1,0.34040406
ZINC_250K_1425,Cc1noc(C)c1CSc1ccccc1C(=O)Nn1cnc2ccccc21,0.34040403
ZINC_250K_4171,CCC1(CNC(=O)c2cc(Br)cnc2Cl)CCC1,0.34040403
ZINC_250K_2452,CC(=O)NCCCC(=O)Nc1cc(NC(C)=O)ccc1F,0.340404
ZINC_250K_10381,CC[NH+]1CCC[C@H]1CN/C(NCc1ccnn1C)=[NH+]\C,0.340404
ZINC_250K_9197,Cc1cc(C(=O)NC[C@@H](Cc2ccc(F)cc2)C(N)=O)[nH]n1,0.3404039
ZINC_250K_5382,O=C1CS[C@H](c2ccccc2)N1c1ccc(F)c(Cl)c1,0.3404039
ZINC_250K_5671,C=CCOCCCC(=O)N1[C@@H](C)CO[C@@H](c2ccccc2)[C@@H]1C,0.34040388
ZINC_250K_5915,NC(=O)[C@@H]1CCN(C(=O)CCc2cccc(Br)c2)C1,0.34040388
ZINC_250K_6390,CCN(Cc1ccc2c(c1)OCO2)C(=O)c1ccc(=O)n(C)c1,0.34040388
ZINC_250K_10317,Cc1cccn2c(=O)cc(Cn3ncnc3-c3cccc(C#N)c3)nc12,0.34040388
ZINC_250K_10191,C=CCC[C@@H](C)[NH+]1CCN(c2ncnc3sccc23)CC1,0.34040383
ZINC_250K_5363,CCC[C@H](NC(=O)c1cc(OC)ccc1Br)C(=O)OC,0.34040383
ZINC_250K_1831,Cc1[nH+]ccn1CCCCNc1ccc(C(F)(F)F)cn1,0.34040377
ZINC_250K_8572,Clc1ccc(Cc2nc3c4c(ncn3n2)CCC4)cc1,0.34040377
ZINC_250K_2553,CCc1nc(COC(=O)c2cc(-c3ccc(Br)cc3)n[nH]2)cs1,0.34040377
ZINC_250K_5007,C[C@@H]1[C@H](C)CCC[C@@H]1NC(=O)NCc1nnc2ccccn12,0.3404037
ZINC_250K_4585,O=C([O-])CC[NH+]1CCN(Cc2ccccc2C2CC2)CC1,0.3404037
ZINC_250K_1364,COc1ccc([C@@H](Cc2ccccc2C)NS(C)(=O)=O)cc1OC,0.3404037
ZINC_250K_338,Cc1nc2ncnn2c(NCCOC2CCCCCC2)c1C,0.34040368
ZINC_250K_101,CCCc1cc(C(=O)NNC(=O)c2cccc(Br)c2)[nH]n1,0.34040365
ZINC_250K_3017,O=C(Cc1ccccc1F)NNC(=O)c1c[nH]c2cccc(F)c12,0.34040365
ZINC_250K_2271,CC(C)(c1ccccc1)[C@H](OC(=O)C[C@@H]1COC(=O)C1)C(F)(F)F,0.3404036
ZINC_250K_7877,O=C(N[C@H]1CS(=O)(=O)C[C@H]1/N=C/c1cccc([N+](=O)[O-])c1)C(Cl)(Cl)Cl,0.3404036
ZINC_250K_5768,Cc1csc([C@H](C)NC(=O)N[C@H]2CCCC2(C)C)n1,0.3404036
ZINC_250K_4856,Cc1cc(F)ccc1CCNC(=O)CCNS(C)(=O)=O,0.3404036
ZINC_250K_10216,Clc1cccc(C2(NCc3nc4c(s3)CCC4)CC2)c1,0.3404035
ZINC_250K_7708,CSc1ccc(Cl)c(C(=O)NC[C@@H](O)c2ccco2)c1,0.3404035
ZINC_250K_7632,C[C@@H](CC(=O)Nc1ccc(=O)n(C)c1)Cc1ccc(Cl)cc1,0.34040347
ZINC_250K_592,CN(C)c1nc2c(c(-c3ccc(S(C)(=O)=O)cc3)n1)CCCC2,0.34040347
ZINC_250K_86,CCc1ccc(NC(=O)c2nn(-c3ccc(CC)cc3)ccc2=O)cc1,0.34040344
ZINC_250K_9652,C[C@H](NC(=O)c1ccc[nH]1)c1nc(-c2cccnc2)cs1,0.34040344
ZINC_250K_3350,CS(=O)(=O)CCCOc1ccc(-n2cncn2)cc1,0.34040344
ZINC_250K_503,C#CCOc1ccccc1CN1CCN(C2=[NH+]C[C@@H](C)S2)CC1,0.34040338
ZINC_250K_2500,COc1ccc(-c2noc(CN(C)C(=O)c3cc(OC)cc(OC)c3)n2)cc1,0.34040332
ZINC_250K_2837,CC(C)[C@H](C)NC(=O)C1CCN(Cn2c3c(sc2=O)CCCC3)CC1,0.3404033
ZINC_250K_277,Cc1ccc(-c2nc(C[NH+]3CCCC[C@H]3c3cccnc3)c(C)o2)s1,0.34040326
ZINC_250K_3553,CCCc1ccc(OC(=O)c2nc3ncc(Br)cn3n2)cc1,0.34040326
ZINC_250K_6145,C[C@@H](NC(=O)NC1(C)Cc2ccccc2C1)c1nnnn1-c1ccccc1,0.34040326
ZINC_250K_1215,O=C(NC1CCCCCC1)N[C@H]1CCSc2c(F)cccc21,0.34040323
ZINC_250K_5114,Cn1nccc1C(=O)Nc1ccc2ncsc2c1,0.3404032
ZINC_250K_7978,CN1CCc2nc(N)c(C#N)c(-c3ccc(Cl)cc3)c2C1,0.3404032
ZINC_250K_5675,Cc1csc([C@H](C)NC(=O)CCCc2cc(Cl)sc2Cl)n1,0.34040317
ZINC_250K_8055,O=C([O-])c1ccc(OCc2nccn2C(F)F)cn1,0.34040317
ZINC_250K_2093,CCCCOC(=O)CNc1cc(C)cc(F)c1,0.34040317
ZINC_250K_5228,O=C(CN1C(=O)NC2(CCCCCC2)C1=O)NCc1cccs1,0.34040314
ZINC_250K_1877,CC(C)n1ccc(C(=O)NCC2(O)CCSCC2)n1,0.34040314
ZINC_250K_2067,CC(C)[C@@H](NC(=O)c1ccccc1F)C(=O)O[C@@H](C)c1ccccn1,0.34040314
ZINC_250K_3755,C[C@H]([NH2+][C@H](C)C(=O)Nc1cc(F)ccc1F)c1ccc2c(c1)OCCO2,0.34040314
ZINC_250K_8870,Cc1sc(NC(=O)c2ccc(C[NH3+])o2)c(C#N)c1C,0.34040314
ZINC_250K_6541,Cc1ccc(C)c(S(=O)(=O)Oc2ccc(C(=O)O[C@@H](C)c3nnc(C)o3)cc2)c1,0.3404031
ZINC_250K_5190,C[C@]1(C(=O)NCc2ccc(C(=O)[O-])o2)CCC[NH2+]C1,0.3404031
ZINC_250K_1410,CCCn1nnnc1C[NH+](C)C1CCN(c2ccc(F)cc2)CC1,0.34040308
ZINC_250K_6874,Cc1ccc(NCCC(=O)c2ccc3c(c2)OCO3)cc1C,0.34040305
ZINC_250K_4779,C[C@@H](NC(=O)Cc1ccc(-n2cccc2)cc1)c1ccccc1,0.34040305
ZINC_250K_400,CNC(=O)[C@H](C)CN(C)Cc1cc(=O)n2cccc(C)c2[nH+]1,0.34040305
ZINC_250K_7864,COC(=O)c1c(/N=C/c2cccc(C)c2)sc(/C(C)=C/C#N)c1C,0.34040305
ZINC_250K_9419,c1ccc(SC[C@H]2CC[NH+](Cc3cnn4c3NCCC4)C2)cc1,0.340403
ZINC_250K_2856,CCC[C@@H]([NH3+])C(=O)N[C@@H]1CCSc2ccccc21,0.340403
ZINC_250K_10471,CN1[C@@H]2C=C3C(C#N)=C(N)C(C#N)(C#N)[C@H](c4ccsc4)[C@H]3[C@H]1CC2,0.340403
ZINC_250K_10313,C[C@H](NC[C@H]1COc2ccccc21)c1cccc(Cl)c1,0.340403
ZINC_250K_361,C=CCO[C@H](C)C(=O)Nc1ccc(F)cc1Br,0.34040296
ZINC_250K_3469,CCc1nn(C)cc1CNC[C@@H](c1ccc(C)o1)N1CCOCC1,0.3404028
ZINC_250K_2373,C[NH+](C)C[C@H](Cc1ccccc1)NC(=O)Cc1cccc2ccccc12,0.3404028
ZINC_250K_3904,Cc1c(F)cccc1NC(=O)[C@@H](C)Cc1ccccc1,0.3404028
ZINC_250K_367,COc1ccccc1Nc1nn(CN(C)OC)c(=S)s1,0.34040275
ZINC_250K_538,O=C1OC(c2ccccc2OC(F)F)=N/C1=C\c1cccc(F)c1,0.34040272
ZINC_250K_9689,CC(=O)c1cc(F)c(C)cc1N1CCO[C@H](C)C1,0.34040266
ZINC_250K_6746,CCCN(Cc1ccc(C)cc1)C(=O)C[NH+](C)[C@H]1CCSC1,0.34040266
ZINC_250K_2845,CCc1ccc(C(=O)[O-])cc1S(=O)(=O)[N-]c1ccc(F)c(F)c1F,0.34040266
ZINC_250K_1867,CNS(=O)(=O)c1cccc([C@@H](C)NC(=O)C23CC4CC(CC(C4)C2)C3)c1,0.34040266
ZINC_250K_10055,CC[C@@H](Cc1ccccc1)NC(=O)N[C@H]1CCCC[C@@H]1[S@@](=O)CC,0.34040266
ZINC_250K_5235,CSCCCNC(=O)N(C1CC1)[C@H](C)c1ccco1,0.34040257
ZINC_250K_5497,COCCn1/c(=N/S(=O)(=O)c2ccccc2)sc2cc(F)ccc21,0.34040257
ZINC_250K_2787,O=C(c1cccnc1)N1CCN(Cc2ccon2)CC1,0.34040254
ZINC_250K_4423,CC(=O)Nc1cccc(NC(=O)C(=O)NCC[NH+]2CCCC[C@@H]2C)c1C,0.34040254
ZINC_250K_7092,Cc1ccc([N+](=O)[O-])c(NC[C@@H](C)Cn2cccn2)c1,0.34040254
ZINC_250K_2272,CC(=O)CCc1ccc(OCC(=O)N2CCO[C@@H]3CCCC[C@H]32)cc1,0.3404025
ZINC_250K_9354,O=C(c1ccc(-c2ncon2)cc1)N1CCOC[C@@H]1C1CC1,0.3404025
ZINC_250K_4483,Cc1nc2n(n1)CCC[C@H]2[NH2+][C@@H](Cc1ccccc1)C1CC1,0.34040248
ZINC_250K_5586,CCCCN(C)C(=O)[C@H](C)N1C(=O)c2ccc(C)cc2C1=O,0.34040248
ZINC_250K_9236,COC(=O)Nc1ccc2c(c1)CCC(=O)N2,0.34040248
ZINC_250K_3434,COC(=O)[C@H](C)CNC(=O)Nc1cccc(SC(F)F)c1,0.34040248
ZINC_250K_2080,COCCc1ccc(OC(=O)c2ccc3ccccc3n2)cc1,0.34040245
ZINC_250K_4363,NC(=O)CN1CCN([C@H]2CC(=O)N(CCc3ccccc3)C2=O)CC1,0.34040242
ZINC_250K_2940,CCc1ccc(S(=O)(=O)Nc2ccc3c(c2)CC(=O)N3)s1,0.34040236
ZINC_250K_10406,C[C@@H](NC(=O)N1CCN(CC(=O)N2CCCCCC2)CC1)[C@H]1CCCO1,0.34040236
ZINC_250K_7902,Cc1ccc2[nH+]c(CN(C)Cc3ccc(OC(F)F)cc3)cn2c1,0.34040236
ZINC_250K_4924,CCSCc1ccc(C(=O)N2C[C@@H](C)OCC2(C)C)cc1,0.34040236
ZINC_250K_6769,O=C(CSc1nc2ncc(Br)cc2[n-]1)NC1CC1,0.34040233
ZINC_250K_9979,Cc1cc(C(=O)Nc2sc(-c3ccccc3)cc2C(N)=O)no1,0.3404023
ZINC_250K_5746,CC(=O)Nc1cccc(Nc2nc3ccc(C)cc3s2)c1,0.3404023
ZINC_250K_1100,Cc1cccc(O[C@H](C)C(=O)N[C@@]2(C)CCS(=O)(=O)C2)c1,0.34040222
ZINC_250K_3650,CNC(=O)c1ccc(CN(C)C(=O)c2cc(OC)ccc2O)cc1,0.34040222
ZINC_250K_2412,CC(C)NC(=O)c1cc(S(=O)(=O)NC(C)(C)C)ccc1Cl,0.34040216
ZINC_250K_742,COC(=O)c1sccc1NC(=O)[C@@H]1CC[NH2+][C@@H]1C,0.34040216
ZINC_250K_7332,CN(CC(=O)N1C[C@H](C(N)=O)Oc2ccccc21)S(=O)(=O)/C=C/c1ccccc1,0.34040213
ZINC_250K_5509,CCC(=O)N[C@H]1CCC[NH+](Cc2cc[nH]n2)C1,0.3404021
ZINC_250K_10498,COC(=O)c1cccc(S(=O)(=O)Oc2ccc(F)c(F)c2)c1C,0.3404021
ZINC_250K_1719,O=C(NC[C@H](O)c1c(F)cccc1F)c1cccc(OCC(F)F)n1,0.3404021
ZINC_250K_7489,C[C@@](NC(=O)CSCc1ccccc1)(C(=O)[O-])C1CC1,0.34040204
ZINC_250K_230,Cc1cccc(COc2ccc(Br)cc2/C=C2\SC(=S)NC2=O)c1,0.340402
ZINC_250K_7304,Cc1cc(Cl)cc(C)c1OCC(=O)Nc1ccc(F)cc1,0.340402
ZINC_250K_7685,CC(C)(C)c1cc(C(=O)[C@H](C#N)c2nc3cc(Cl)ccc3s2)[nH]n1,0.340402
ZINC_250K_10196,CCc1ccc(C2=CC[NH+](Cc3nc(-c4cccnc4)no3)CC2)cc1,0.34040198
ZINC_250K_3843,O=C(Nc1ccc(Cl)cc1)c1coc(NC(=O)c2ccco2)n1,0.34040195
ZINC_250K_5478,CCCN(CC1CC1)c1cc2c(cc1Cl)[C@@H](N)C(=O)N2,0.34040195
ZINC_250K_7729,Nc1cccc2oc(CN3CCc4ccccc43)nc12,0.34040195
ZINC_250K_6688,Cc1cc(C)cc(C(=O)N2CCCN(c3nc(C)ns3)CC2)c1,0.3404019
ZINC_250K_3145,Cc1ncsc1C(=O)Nc1ccccc1[C@H](C)NC(=O)c1scnc1C,0.34040186
ZINC_250K_8862,NC(=O)c1cccc(CN(Cc2ccccc2)C(=O)Nc2ccc(Cl)c(Cl)c2)c1,0.34040183
ZINC_250K_441,CCc1nn(C)cc1CNC(=O)C1(CC)CCC1,0.34040183
ZINC_250K_307,CN(C(=O)c1ccc(Cl)cc1O)C1CCC(=O)CC1,0.3404018
ZINC_250K_9940,NC(=O)[C@@H]1CCC[C@@H]1NC(=O)c1ccnc(OC2CCC2)c1,0.34040177
ZINC_250K_9726,O=C(CCSc1nc2ccccc2s1)N1CCN(c2cc[nH+]cc2)CC1,0.34040177
ZINC_250K_5454,COc1ncccc1C(=O)N1CCC[C@H]1[C@H]1CCCC1=O,0.34040177
ZINC_250K_2778,NC(=O)c1cccc(CC[NH2+][C@@H]2CCC[C@@H]2c2ccc(F)cc2)c1,0.34040177
ZINC_250K_5607,CC[C@@H]1CCCC[NH+]1CC(=O)Nc1cccc(C(=O)NC2CC2)c1,0.34040174
ZINC_250K_6764,CCOc1ccc(O[C@H](C)C(=O)Nc2ccc(C)cc2Br)cc1,0.34040174
ZINC_250K_8451,CNC(=O)c1ccc(NC(=O)COc2ccc(C(C)C)cc2)cc1,0.34040165
ZINC_250K_1552,CC[C@@H](C)N(C)C(=O)CNC(=O)c1cccc(C)c1,0.34040165
ZINC_250K_1432,C[NH+]1CCN(Cc2ccc(C[NH2+]Cc3cnn(-c4ccccc4)c3)cc2)CC1,0.34040162
ZINC_250K_7443,CCCc1nn(C)c(NCCc2ccc(F)cc2C)c1N,0.34040162
ZINC_250K_366,COC(=O)[C@]1(NC2CC2)CC[C@H](Sc2ncc(C)cn2)C1,0.34040162
ZINC_250K_5455,Cc1cc(C)c(S(=O)(=O)NCC#CCOc2cccnc2)c(C)c1,0.34040162
ZINC_250K_1106,CC(C)NS(=O)(=O)c1ccc(C(=O)Nc2ccc(Cl)cc2)cc1,0.34040156
ZINC_250K_9802,C[C@@H](c1ccccc1)n1c(=C(C#N)C#N)s/c(=C/c2ccco2)c1=O,0.34040153
ZINC_250K_4830,Cc1ccc(CC(=O)NCc2ccccn2)cc1C,0.34040144
ZINC_250K_2961,C[C@H](CNC(=O)c1cccc(C(F)(F)F)c1F)c1ccncc1,0.34040144
ZINC_250K_2890,CCC[NH+]1CCCN(Cc2c(Cl)nc3ccccn23)CC1,0.34040144
ZINC_250K_4143,CC[C@@H](O)[C@@H]1CCCC[NH+]1Cc1nc2ccccc2n1CC,0.3404014
ZINC_250K_2125,O=S(=O)([N-]c1cccc2[nH]ncc12)c1ccc2c(c1)COC2,0.34040138
ZINC_250K_4976,O=C(CS(=O)(=O)Cc1ccc(Cl)cc1)N1CCOCC1,0.34040135
ZINC_250K_5725,COC(=O)CCNC(=O)C(=O)Nc1ccc(Cl)cc1C(F)(F)F,0.34040135
ZINC_250K_1099,CCCn1nc(C)c(CNc2ccc(OCC)cc2C)c1C,0.34040135
ZINC_250K_1939,CCc1nc2n(n1)CCC[C@@H]2N[C@H]1CCN(C2CC2)C1=O,0.34040135
ZINC_250K_9225,Cc1nc(CCNC(=O)N[C@@H](C)c2ccc(Cl)s2)sc1C,0.34040135
ZINC_250K_3790,CC(C)CN([C@H]1CCS(=O)(=O)C1)S(=O)(=O)c1ccc2c(c1)OCCCO2,0.34040132
ZINC_250K_749,C[C@@H]1CCC[C@H](C)N1C(=O)[C@H]1C[C@H]1c1ccccc1Cl,0.34040132
ZINC_250K_6047,CCc1ccccc1NC(=O)[C@H](C#N)Cc1cccnc1,0.34040132
ZINC_250K_10020,COc1ccc(F)c(N[C@H](C[NH3+])c2cccc(C)c2C)c1,0.34040132
ZINC_250K_4320,Cc1ccc([C@H](CNCc2ccc(CO)o2)N2CCOCC2)s1,0.34040132
ZINC_250K_2436,[NH3+][C@@H](Cc1cccc(F)c1F)[C@H]1CN2CCC[C@@H]2CO1,0.34040126
ZINC_250K_10442,C[C@H]1C[C@@H]1C(=O)OCC(=O)N[C@@H](c1ccccc1)c1cccs1,0.34040126
ZINC_250K_5004,N#Cc1ccnc(N2CCC3(CC2)c2ccccc2[C@@H]([NH+]2CCCC2)[C@@H]3O)c1,0.34040126
ZINC_250K_3177,C=CCN(Cc1cccs1)C(=O)c1ccc(NC(=O)c2ccccc2)cc1,0.34040126
ZINC_250K_6067,Cc1nc(CC(C)C)sc1C(=O)N(c1ccc(C#N)cc1)C1CC1,0.34040126
ZINC_250K_3440,C/C(=N/NC(=O)COc1ccccc1)c1cccc([N+](=O)[O-])c1,0.34040123
ZINC_250K_4350,CCc1ccc2[nH]c(O)c(/N=N/C3=NC(=O)CS3)c2c1,0.34040123
ZINC_250K_7749,CCOc1ccc(C[NH+](C)Cn2nc(-c3ccc(Cl)cc3)n(C)c2=S)cc1,0.34040123
ZINC_250K_8366,Cc1nc(Br)ccc1NC(=O)N[C@H](C)CCO,0.34040123
ZINC_250K_2945,O=c1n(CCSc2nnnn2-c2ccc(OC(F)(F)F)cc2)nc2ccccn12,0.34040123
ZINC_250K_629,CCc1cnc(NC(=O)c2cc(C)n(C(C)C)c2C)s1,0.34040123
ZINC_250K_5697,Cc1cccc(C)c1NCc1nc(-c2ccc(C#N)cn2)no1,0.34040117
ZINC_250K_1783,O=C(c1ccc(F)cc1)[C@H]1CCC[NH+](Cc2c[nH]cn2)C1,0.34040117
ZINC_250K_7036,Cc1cc([C@H]2CCCN2C(=O)[C@H]2CCCCC[C@@H]2[NH3+])on1,0.34040114
ZINC_250K_5502,C[C@@H]1CCN(C(=O)c2ccccc2[N+](=O)[O-])c2ccccc21,0.3404011
ZINC_250K_6402,O=C(c1ccc([C@@H]2CCCN2C(=O)[C@@H]2C=CC=N2)s1)N1CCSCC1,0.3404011
ZINC_250K_7170,N#CCSc1ccccc1C(=O)Nc1ccc(F)c(Cl)c1,0.3404011
ZINC_250K_1018,C#CCOc1ccc(/C=C2\SC(=O)N(Cc3ccc(F)cc3)C2=O)cc1,0.34040105
ZINC_250K_3195,COc1cc(NC(=O)C[C@@H]2C[NH2+]CCO2)cc(OC)c1,0.34040105
ZINC_250K_2648,Cc1noc(C)c1CCCNC(=O)c1c(Cl)ccc(Cl)c1Cl,0.34040105
ZINC_250K_963,Cc1cccc(C(C)C)c1NC(=O)[C@@H](C)Sc1nnc(-c2cccs2)n1N,0.34040102
ZINC_250K_6679,CCC1(CC)[C@H]([NH2+]C2CCN(c3nccs3)CC2)[C@@H](C)[C@@H]1OC,0.340401
ZINC_250K_8662,COCc1nc(C)c(C(=O)NCC2(C)Cc3ccccc3C2)s1,0.340401
ZINC_250K_8962,COC(=O)[C@@H]1CN(C(=O)c2cccc(F)c2)C[C@H]1C,0.34040093
ZINC_250K_10076,C[C@@H]([NH2+]Cc1cn(-c2ccccc2)nn1)c1ccc(N2CCCCCC2)cc1,0.3404009
ZINC_250K_4618,O=C(C[C@@H]1CSc2nccc(=O)n21)Nc1ccccn1,0.34040087
ZINC_250K_1742,CCC(C)(C)NC(=O)c1ccc(S(=O)(=O)[N-]c2ccccc2Cl)cc1,0.34040087
ZINC_250K_8901,COC(=O)[C@@H]1C[C@H]1C(=O)NNc1cc(C#N)cc(Cl)n1,0.34040087
ZINC_250K_4957,C[C@H]1CN(C(=O)CSCc2ccc(Cl)cc2)[C@@H](C)CO1,0.34040087
ZINC_250K_2231,Cc1ccc(NC(=O)CN(C)C(=O)Cc2c(C)noc2C)cc1,0.34040087
ZINC_250K_8299,C[C@H]([C@@H](C)S(C)(=O)=O)N(C)C(=O)Nc1ccc(-c2cc[nH]n2)cc1,0.34040084
ZINC_250K_575,CCCNC(=O)NC(=O)CN1C(=O)N[C@](Cc2ccccc2)(c2ccccc2)C1=O,0.34040084
ZINC_250K_2156,COc1ccc(/C=C2\SC(Nc3cc(C)ccc3O)=NC2=O)c(OC)c1OC,0.34040073
ZINC_250K_6276,CC1=C(C)C[C@@H](C(=O)[O-])[C@@H](C(=O)NCCN2CCOCC2)C1,0.3404007
ZINC_250K_6275,O=C(NC1CC1)[C@H](Sc1ccc(C(F)(F)F)cn1)c1ccc(F)cc1,0.34040067
ZINC_250K_8214,Cc1ccc(-c2n[nH]c3c2[C@H](c2ccc(F)c(Br)c2)C(C#N)=C(N)O3)cc1,0.3404006
ZINC_250K_2389,COC(=O)c1ccc(C(=O)Nc2ccc(F)c([N+](=O)[O-])c2)cc1,0.34040058
ZINC_250K_7297,O=C(NNC(=O)c1nccc2ccccc12)c1ccc(-n2cnnn2)cc1,0.34040055
ZINC_250K_9786,CN(CCc1ccccc1)C(=O)NC[C@H]1CCCO1,0.3404005
ZINC_250K_10384,Cc1ccc([S@](=O)Cc2nnc(-c3ccccc3F)o2)cc1C,0.34040046
ZINC_250K_9874,COc1cccc(CN(C)Cc2ncnn2C)c1OC(F)F,0.34040046
ZINC_250K_2497,COC(=O)c1ccc(C(=O)Nc2ccc(S(=O)(=O)Nc3c(C)cccc3C)cc2)cc1,0.34040046
ZINC_250K_6906,CC(C)(C)OC(=O)N1CCC[C@H](C(=O)N[C@H]2CCS(=O)(=O)C2)C1,0.34040043
ZINC_250K_4149,Cc1cccc(CN2CCN(c3nc(C)ccc3C#N)C[C@@H]2CCO)n1,0.3404004
ZINC_250K_5410,Cc1cc(O)c(C(=O)C2=C([O-])C(=O)N(CC[NH+](C)C)[C@@H]2c2ccc(Cl)cc2)cc1C,0.34040037
ZINC_250K_9250,C=CCO[C@@H](C)C(=O)N(Cc1ccco1)c1ccc(F)cc1F,0.34040034
ZINC_250K_1462,Cc1sc(NC(=O)Cc2ccc(F)cc2)nc1-c1ccc(F)cc1,0.34040034
ZINC_250K_7748,O=C(Nc1cc(F)ccc1F)c1ccc(-n2cccn2)cc1,0.34040034
ZINC_250K_4009,COc1ccccc1C(=O)N(c1ccc(C)cc1)[C@@H]1C=CS(=O)(=O)C1,0.34040034
ZINC_250K_9623,COC(=O)c1ccc(Nc2c([N+](=O)[O-])c(=O)oc3ccccc23)cc1,0.34040028
ZINC_250K_371,C/[NH+]=C(/NCc1noc(C(C)(C)C)n1)N[C@@H](C)c1ccc(F)cc1F,0.34040028
ZINC_250K_4512,Cc1ccc(C[NH2+]Cc2c(C(=O)[O-])n(Cc3ccccc3)c3ccccc23)cc1,0.34040028
ZINC_250K_51,COc1ccc([C@@H](C)NC(=O)Cc2cccc3ccccc23)cc1,0.34040028
ZINC_250K_1486,CC(C)NC(=O)NC(=O)[C@@H](C)N1CC[NH+](CCc2ccccc2)CC1,0.34040028
ZINC_250K_1664,COc1ccc(/C(C)=N/NC(=O)c2cc(Cl)ccc2OC)cc1OC,0.34040022
ZINC_250K_2204,Cc1nc(CC(=O)NCCC[NH+]2CCCC[C@H]2C)cs1,0.34040022
ZINC_250K_5902,CCOc1ccc(C(=S)NC[C@@H]2CCCO2)cc1,0.3404002
ZINC_250K_1953,Cc1nc(C)c(C(=O)N2CCc3c(sc(N)c3C#N)C2)o1,0.3404002
ZINC_250K_3187,CCS[C@@H]1CC[C@H](NC(=O)NCc2cn(C)nc2CC)C1,0.3404002
ZINC_250K_1647,CC(C)N(CC(N)=O)C(=O)c1ccc2cc[nH]c2c1,0.3404002
ZINC_250K_5412,CC(C)[C@@H](NC(=O)C[C@@H](C)c1ccc(F)cc1)C(=O)N1CCOCC1,0.3404001
ZINC_250K_7624,CCC1(CNC(=O)C(=O)Nc2ccc(Cl)c(C[S@@](C)=O)c2)CC1,0.3404001
ZINC_250K_411,C=CCNC(=O)Nc1ccc(F)c(NC(=O)OC)c1,0.3404001
ZINC_250K_4248,CC(C)(C)Sc1ccc(NC(=O)NCC2(O)CCCCCC2)cc1,0.3404001
ZINC_250K_9280,Cc1cnc(C(C)(C)NC(=O)C2=NN(C)C(=O)CC2)s1,0.34040007
ZINC_250K_9556,CCc1ncc(C[NH+]2CC[C@@H](c3ccc4ccccc4c3)[C@H](O)C2)cn1,0.34040004
ZINC_250K_5612,O=C(Nc1cccc(C(=O)N2CCCC2)c1)c1ccccc1Br,0.3404
ZINC_250K_5693,CC(C)(C)c1cc(NC(=O)c2ccccc2)n(-c2ccc(F)cc2)n1,0.34039995
ZINC_250K_4919,CC[NH+]1CCOC(=O)[C@H]1CC(=O)Nc1ccc(C(C)C)cc1,0.34039995
ZINC_250K_3556,COc1ccc(C[NH+]2CCNC(=O)CC2)cc1OCC(C)C,0.34039992
ZINC_250K_10243,CNC(=O)CC1CCN(C(=O)CCc2ccccc2)CC1,0.34039992
ZINC_250K_8152,Cc1ccc(C(=O)N/N=C\c2ccc(Cl)cc2Cl)cn1,0.34039992
ZINC_250K_7971,O=C([O-])COc1ccccc1/C=C1\SC([N-]c2ccccc2C(=O)[O-])=NC1=O,0.3403999
ZINC_250K_5692,O=C(C1CCCCC1)N1CCCC[C@@H]1c1nc([O-])c2c(n1)C[NH+](C1CCCCC1)CC2,0.3403999
ZINC_250K_3319,Cc1ccc(C)c(S(=O)(=O)N(Cc2ccc(F)cc2)C2CC2)c1,0.3403999
ZINC_250K_5581,O=C(Nc1ccc2c(c1)CCC2)C(=O)N[C@H](c1ccccc1)C1CC1,0.34039986
ZINC_250K_3446,O=C(CCC1CCCCC1)NNC(=O)[C@@H](O)c1ccccc1,0.34039983
ZINC_250K_3403,CC[C@H](C)NC(=O)C(=O)Nc1c(C(N)=O)oc2ccccc12,0.34039983
ZINC_250K_1962,C[C@@H]1CCCCN1C(=O)Cc1c(F)cccc1F,0.3403998
ZINC_250K_10106,Cc1ccc(OCCNC(=O)COc2cc(C)cc(C)c2)cc1,0.3403998
ZINC_250K_6282,CN(C)S(=O)(=O)N1CCN(C(=O)CCCc2ccccc2)CC1,0.3403998
ZINC_250K_7305,Cc1ccc(OCCN(C)[C@H]2CCOC2=O)cc1,0.34039977
ZINC_250K_7325,CSCc1ccnc(NCc2[nH]c(-c3ccccc3)c[nH+]2)c1,0.34039974
ZINC_250K_7648,CC(C)(C)OCc1ccc(NC(=O)C2CCC(C(N)=O)CC2)cc1,0.34039974
ZINC_250K_3323,CC1(C)CC(=O)C(C(=S)Nc2ccccc2)/C(=N/C2CC(C)(C)[NH2+]C(C)(C)C2)C1,0.3403997
ZINC_250K_4335,Cc1nsc(N2CCC[NH+](Cc3ncccc3C)CC2)n1,0.34039965
ZINC_250K_1738,COc1cc(C(=O)N[C@H]2CC(=O)N(C)C2)nc(OC)n1,0.34039956
ZINC_250K_2343,CC1CC(NC(=O)C2(c3ccc(F)cc3F)CCCC2)C1,0.34039956
ZINC_250K_4831,CCOC(=O)[C@H]1Nc2ncccc2Cc2ccccc21,0.3403995
ZINC_250K_8702,CCOC(=O)[C@H](c1ccccc1)n1cnc2c1c(=O)n(C)c(=O)n2C,0.34039944
ZINC_250K_7200,COc1ccccc1NC(=S)NC(=O)COc1ccccc1,0.34039944
ZINC_250K_3936,CC(C)[C@@H](C)C(=O)Nc1cnn(CC[NH+]2CCCCC2)c1,0.34039944
ZINC_250K_10028,CCCNC(=O)c1cccc(NC(=S)NC(=O)c2ccccc2C)c1,0.3403994
ZINC_250K_6552,C/C=C(/C)C(=O)Nc1cc(Cl)ccc1N1CC[NH+](C)CC1,0.34039938
ZINC_250K_1773,Cc1cc(C(=O)NC[C@H](CCO)c2ccccc2)nn1C,0.34039938
ZINC_250K_8804,COc1ccc2c(c1)[C@H](N[C@H](c1ccc(F)cc1)C(F)(F)F)CCO2,0.34039938
ZINC_250K_8596,CN1C(=O)[C@H](CC(=O)Nc2ccc(I)cc2)S/C1=N\c1ccccc1,0.34039938
ZINC_250K_6735,CCCc1cc(C(=O)NNC(=O)c2sccc2C)[nH]n1,0.34039938
ZINC_250K_5555,C[NH+](C)CCSc1ccc(NC(=O)N2CCC3(CCC3)C2)cc1,0.34039935
ZINC_250K_9653,CCSCC[C@H](C)N(C)C(=O)Nc1cncc(C)c1,0.3403993
ZINC_250K_8020,O=C(CN1CSCC1=O)Nc1nc2c(s1)CCCCC2,0.34039924
ZINC_250K_7035,CCOC(=O)[C@@H]1C(=O)C[C@](C)(O)[C@H](C(=O)OCC)[C@H]1c1ccc(Cl)cc1,0.34039924
ZINC_250K_6048,COc1cccc(NC(=O)c2nccnc2C(=O)[O-])c1,0.34039924
ZINC_250K_10043,O=C([C@H](O)c1ccccc1Cl)N1CCN(c2ccccc2Cl)C(=O)C1,0.34039924
ZINC_250K_9462,C[C@@H]1C[C@H]1C(=O)OCCN(C)S(=O)(=O)N1CCOCC1,0.34039915
ZINC_250K_10192,CC(=O)N[C@@H]1CCC[NH+](CCCS(=O)(=O)c2ccc(C)cc2)C1,0.34039915
ZINC_250K_8665,Cc1ccc(SCCC(=O)Nc2ccc(C(=O)N(C)C)cc2)cc1,0.34039912
ZINC_250K_767,CCN(CC)C(=O)[C@@H]1C[C@@H]([NH3+])CN1C(=O)Cc1cccc(O)c1,0.34039912
ZINC_250K_5303,O=C1NN(c2ccccc2)C(=O)/C1=C/c1ccccc1OCc1ccccc1Cl,0.34039912
ZINC_250K_2240,CC(C)c1cc(C(=O)N(C)CCOc2ccccc2)on1,0.34039912
ZINC_250K_2002,COc1ccc(NC(=O)/C=C/C2CC2)c(C)c1,0.34039906
ZINC_250K_1171,CC(C)[C@H](NC(=O)c1cccs1)C(=O)NN1CCOCC1,0.340399
ZINC_250K_3645,CC(=O)Nc1cccc(OC(=O)Cc2ccc(F)cc2F)c1,0.340399
ZINC_250K_5585,O=C(NNS(=O)(=O)c1cccc(Cl)c1)c1ccccc1O,0.340399
ZINC_250K_6628,Nc1cn[nH]c1NC(=O)Cc1cccc(Br)c1,0.34039897
ZINC_250K_7086,CCOC(=O)[C@@H](F)[C@@H](C)[NH2+]C1CCN(C(=O)NC2CCCCC2)CC1,0.34039897
ZINC_250K_1615,Cc1cc(OCC(=O)Nc2ccc([N-]S(C)(=O)=O)cc2)no1,0.34039894
ZINC_250K_8041,COc1ccc(/C=C2\SC(=S)N(c3cc(C(=O)[O-])ccc3C)C2=O)cc1,0.3403989
ZINC_250K_9391,NS(=O)(=O)c1ccc(C(=O)OCc2ncc(-c3ccccc3)o2)o1,0.3403989
ZINC_250K_6258,CS(=O)(=O)[C@H]1CCC[C@@H]([C@H](O)c2cccc(Br)c2)C1,0.34039885
ZINC_250K_10037,CC(C)OCc1cccc([N-]S(=O)(=O)c2ccccc2C(F)(F)F)c1,0.34039885
ZINC_250K_4414,CC(C)(C)NC(=O)c1cccc(NC(=S)NC(=O)c2ccccc2F)c1,0.34039885
ZINC_250K_10346,Cc1ccc(NC(=O)N2CCN(C(=O)CCC(C)C)CC2)c(C)c1,0.34039885
ZINC_250K_743,C/[NH+]=C(/NCc1ccc([N+]2=CCCC2)cc1)N[C@H]1CC[C@@H](SC)C1,0.34039885
ZINC_250K_7357,CCC1(C(=O)Nc2[nH]ncc2/C(N)=N/O)CCCC1,0.34039885
ZINC_250K_5109,CC(C)c1ccc(CN(C)C(=O)[C@H](C)NC(=O)c2ccccc2Cl)cc1,0.34039885
ZINC_250K_6732,COc1ccc(Cl)cc1Nc1ncnc(Nc2ccccc2C)c1N,0.34039882
ZINC_250K_7609,Cc1ccc([N-]S(=O)(=O)c2cc(C(=O)[O-])ccc2Cl)nc1,0.3403988
ZINC_250K_10286,O=C(C1=C([O-])C(=O)N(CC[NH+]2CCCC2)[C@H]1c1cccnc1)C1CC1,0.3403988
ZINC_250K_8893,COc1ccc2nc(N3CCCCC3)c(C#N)cc2c1,0.3403988
ZINC_250K_6542,CC(C)(C)C(=O)N1CCCN(C(=O)Nc2c(F)cccc2F)CC1,0.3403988
ZINC_250K_8965,CN(CCC#N)C(=O)CC[NH+]1CCN(c2nccs2)CC1,0.3403988
ZINC_250K_9116,Clc1cnc(N2CCC(OCCN3CCOCC3)CC2)nc1,0.3403988
ZINC_250K_9794,O=C(NN1C(=O)/C(=C/C=C/c2ccccc2)SC1=S)c1csc2c1CCCC2,0.34039873
ZINC_250K_485,C[C@H]1N=C(CCNC(=O)CCC2=c3ccccc3=[NH+]C2)CS1,0.34039873
ZINC_250K_2651,Cc1cc(NC(=O)[C@@H](C)c2cccs2)cnc1Cl,0.34039867
ZINC_250K_10147,O=C1CCN(Cc2cc(F)cc(C#CCO)c2)CCN1,0.34039864
ZINC_250K_1542,CC(C)[C@@H](NC(=O)[C@]12CC[C@H](C[C@@H]1Br)C2)c1nc(C2CC2)no1,0.3403986
ZINC_250K_5808,CNC(=O)NCC(=O)Nc1c(F)cccc1N1CCCC1,0.3403986
ZINC_250K_8915,O=C(Cc1ccccc1Cl)N1CCN(c2ccc3nncn3n2)CC1,0.34039858
ZINC_250K_10419,COCc1cc(Cl)nc(NCc2cccc(C(F)(F)F)c2)n1,0.34039858
ZINC_250K_1718,CCOC(=O)c1c(NC(C)=O)sc([C@H](C)O)c1-c1ccccc1,0.34039858
ZINC_250K_9998,C[C@@H](c1ccc(F)cc1)N(C)C(=O)C[C@H]1C=CCC1,0.34039858
ZINC_250K_8356,C[C@@H](C(=O)NC[C@H](O)c1ccccc1F)c1ccc2ccccc2c1,0.34039852
ZINC_250K_3234,CN(C[C@@H]1CC[NH+](C)C1)C(=O)N[C@@H](Cc1ccccc1)C1CC1,0.34039852
ZINC_250K_7104,C[C@@H]1CCCC[C@@H]1NC(=O)COc1ccccc1OCCO,0.34039852
ZINC_250K_1890,CCc1csc([C@H]2CCC[NH+](CC(=O)N(C)OC)C2)n1,0.34039852
ZINC_250K_6500,C=CCc1ccc(OCc2nc3cc(C)ccc3[nH]2)cc1,0.34039852
ZINC_250K_5465,COc1cccc([C@H](CNc2ccc(Cl)cn2)[NH+](C)C)c1,0.3403985
ZINC_250K_1626,CC[C@H](C(=O)Nc1cccc(CS(=O)(=O)c2ccccc2)c1)c1ccccc1,0.34039846
ZINC_250K_3635,CCn1nc(C(C)C)cc1C(=O)NC[C@H](C)Oc1ccc(C)cc1,0.34039834
ZINC_250K_4302,CCCc1cc(NC(=O)C(=O)NCc2ccccc2Cl)n(C)n1,0.34039834
ZINC_250K_7650,CC(=O)Nc1ccc(SCc2nc3ccsc3c(=O)[nH]2)cc1,0.34039834
ZINC_250K_3335,CN(C)C(=O)[C@@H](Cc1ccccc1)NC(=O)[C@@]1(C)CC1(Cl)Cl,0.34039825
ZINC_250K_9183,N#Cc1ccccc1CSc1nnc(NC(=O)/C=C/c2ccccc2)s1,0.34039825
ZINC_250K_8995,CCC[C@@H]1C[C@H]1NC(=O)c1cc(C(=O)OC)cc([N+](=O)[O-])c1,0.34039822
ZINC_250K_6026,O=C(Cn1cc(SCc2ccc(F)cc2)c2ccccc21)N1CCCC1,0.34039822
ZINC_250K_3298,O=C1/C(=C/c2ccc(Cl)cc2Cl)SC(=S)N1C[C@H]1CCCO1,0.3403982
ZINC_250K_1012,COc1ccc(S(=O)(=O)N(CC(=O)N2CC[NH2+]CC2)C(C)C)cc1,0.34039816
ZINC_250K_7851,Cc1ccc(CN(C(=O)C[C@H]2C[NH2+]CCO2)C2CC2)cc1,0.34039807
ZINC_250K_2294,C#Cc1cccc(N(Cc2ccco2)C(=O)COCC)c1,0.34039804
ZINC_250K_8329,Cn1c(=O)c2c(ncn2CCOc2cccc(C#N)c2)n(C)c1=O,0.340398
ZINC_250K_3150,CC[NH2+][C@@H](C)c1ccnc(Oc2ccccc2C(N)=O)c1,0.340398
ZINC_250K_4374,Oc1ccccc1N1CC[NH+](Cc2nc(Cc3ccccc3)no2)CC1,0.34039798
ZINC_250K_1613,C=C(C)COc1ccc2c(c1)[C@H]1C=CC[C@H]1[C@@H](c1ccc(O)cc1)N2,0.34039795
ZINC_250K_677,Cc1ccc(-n2nc3c(c2NC(=O)C(C)C)C[S@@](=O)C3)cc1,0.34039792
ZINC_250K_5886,Cc1ccc2oc3c(c(=O)c2c1)[C@H](c1ccc([N+](=O)[O-])cc1)N(c1cc(C)on1)C3=O,0.34039792
ZINC_250K_1803,CC[C@@H]1CN(S(=O)(=O)C(C)C)CC[C@@H]1[NH2+]Cc1cccc(C#N)c1,0.3403979
ZINC_250K_870,CC(C)(C)[S@](=O)CCNC(=O)c1cccc(F)c1Cl,0.34039783
ZINC_250K_1373,CC[C@H](CC(=O)N1CCOC[C@H]1C(N)=O)c1ccccc1,0.34039783
ZINC_250K_4260,Cc1ccc(F)cc1S(=O)(=O)N(C)CC(=O)N1CCCC1,0.3403978
ZINC_250K_3196,COC(=O)c1c(CBr)nc2n(Cc3ccccc3)c3ccccc3n12,0.3403978
ZINC_250K_6252,CSCc1cccc(NC(=O)N(C)c2c(C)noc2C)c1,0.34039775
ZINC_250K_5314,C[C@H](CCc1ccccc1)NC(=O)NCc1ccccc1F,0.34039775
ZINC_250K_8545,CC[C@@]1(C)CCC[NH+](Cc2c[nH]c(C(=O)OC)c2)C1,0.34039775
ZINC_250K_2021,CC[C@H](C(=O)NCc1ccc(C(=O)[O-])o1)c1ccccc1,0.34039772
ZINC_250K_2969,Cc1cc[n+](C(=O)c2ccc([N+](=O)[O-])cc2C)c(NC2CCCCC2)c1,0.3403977
ZINC_250K_7680,Cc1noc(C)c1CCCNC(=O)Cc1ccc([N+](=O)[O-])cc1,0.3403977
ZINC_250K_8774,Cc1cccc2cc(CO)c(N3CCN(C4Cc5ccccc5C4)CC3)[nH+]c12,0.3403977
ZINC_250K_9014,CCC[C@@H](C#N)NC(=O)c1ccc(OCC(F)F)nc1,0.34039763
ZINC_250K_9057,O=C(C[NH+]1C[C@H]2CC[C@@H]1CN(C(=O)C1CCC1)C2)NCCc1ccccc1,0.34039763
ZINC_250K_1516,CNC(=O)[C@H]1CCCCN1C(=O)c1sc2nc(C)nc(C)c2c1C,0.3403976
ZINC_250K_9879,O=C(Nc1cccc(Cl)c1)c1cc(-c2cccc(Cl)c2)no1,0.34039757
ZINC_250K_54,C=CCN(C(=O)C/C=C/c1ccc(C)cc1)[C@@H]1CCS(=O)(=O)C1,0.34039757
ZINC_250K_7059,O=C(c1ccccc1)N1CCN(CC2=CC3=CC=N[C@H]3C=C2)CC1,0.34039757
ZINC_250K_5349,O=C([O-])CC1CCN(S(=O)(=O)c2cc[nH]c2)CC1,0.34039754
ZINC_250K_7011,COc1ccc(C[NH+]2CCC(NC(N)=O)CC2)cc1SC,0.3403975
ZINC_250K_8061,C[C@@](O)(CNC(=O)NCCc1ccccn1)c1ccco1,0.3403975
ZINC_250K_7241,CC(C)(CNC(=O)NCC1(N2CCOCC2)CCCCC1)C(N)=O,0.3403975
ZINC_250K_10137,O=C(NCc1ccc(Oc2ccc(F)cc2)cc1)[C@@H]1CC=CCC1,0.3403975
ZINC_250K_300,COc1ccc(NC(=O)CCc2ccc3c(c2)OCCO3)cc1OC,0.3403975
ZINC_250K_227,Cc1cc(=O)n2c(n1)SC[C@@H]2CC(=O)NCCC(C)C,0.34039748
ZINC_250K_4517,COc1cc(C)c([C@H](C)NC(=O)C[C@H]2CCCO2)cc1OC,0.34039748
ZINC_250K_8039,O=C(Cc1coc(-c2ccccc2)n1)NCCS(=O)(=O)c1ccccc1,0.34039745
ZINC_250K_6639,CC[C@@H](C)C[C@H](C)NC(=O)c1cc(=O)c2ccccc2o1,0.34039745
ZINC_250K_5536,C[C@@H]1CN(CC(=O)Nc2nccs2)C[C@H](C)S1,0.34039745
ZINC_250K_6266,C[C@@H](Cc1ccco1)NS(=O)(=O)c1ccc(-c2ccc(=O)[nH]n2)s1,0.34039742
ZINC_250K_2807,CC[C@H](C)Nc1ncnc(Nc2cccc3ccccc23)c1N,0.34039742
ZINC_250K_7127,COc1ccc(S(=O)(=O)N[C@@H](c2nc(-c3ccncc3)no2)C(C)C)cc1,0.34039733
ZINC_250K_4734,CC1=C([C@H](c2cccc([N+](=O)[O-])c2)c2c(C)n[nH]c2[O-])[C@@H](O)N=N1,0.34039733
ZINC_250K_9293,COc1ccc(OCC(=O)NC(=S)Nc2ccc(Cl)c(Cl)c2)cc1,0.34039727
ZINC_250K_779,COc1cc([N+](=O)[O-])ccc1OCc1nc(-c2cccs2)no1,0.34039727
ZINC_250K_7054,CCN(C(=O)CN(C)C1CC[NH+](CC)CC1)c1cccc2ccccc12,0.34039724
ZINC_250K_7380,CCCN(CCO)C(=O)Nc1cccc(OC)c1,0.34039724
ZINC_250K_8105,Cc1cc2occ(CC(=O)Nc3c(C)cccc3C)c2cc1C(C)C,0.3403972
ZINC_250K_4894,CCCCn1nc(C(=O)O[C@@H](C)c2nc3ccccc3n2C)ccc1=O,0.3403972
ZINC_250K_3989,Cc1cc(C)nc(NC(=[NH2+])Nc2ccc(S(=O)(=O)Nc3nccc(C)n3)cc2)n1,0.3403972
ZINC_250K_4732,O=C(Nc1cccc(N2CCOC2=O)c1)[C@@H]1C[C@@H]2C=C[C@H]1C2,0.34039718
ZINC_250K_1864,Cc1cnc([C@@H](NC(=O)N[C@H](CCO)c2ccccc2)C2CC2)s1,0.34039718
ZINC_250K_10464,COC(=O)c1ccc(-c2csc(NC(=O)c3ccc(S(C)(=O)=O)cc3)n2)cc1,0.34039718
ZINC_250K_1387,C[C@@H]1[NH+]=c2ccccc2=C1CCN1C(=O)[C@H]2CCCC[C@@H]2C1=O,0.34039718
ZINC_250K_8704,Cc1nc(Cc2nn(C[NH+]3CCc4ccccc4C3)c(=S)o2)cs1,0.34039712
ZINC_250K_4242,CN1CCO[C@@H](Cn2cc(C[NH3+])c3cccnc32)C1,0.34039712
ZINC_250K_9347,C[C@H]1[NH2+]CC[C@H]1C(=O)Nc1ccc(OCC(F)(F)F)cc1,0.3403971
ZINC_250K_1823,CCS(=O)(=O)c1ccc(NC(=O)[C@@H](NC(=O)c2cccs2)C(C)C)cc1,0.3403971
ZINC_250K_3102,N#C/C(=C/c1ccc(O)c(Cl)c1)C(=O)Nc1cc(Cl)ccc1Cl,0.3403971
ZINC_250K_3231,CC(=O)c1cc(CC(=O)N2CCN3CCNC(=O)[C@H]3C2)cs1,0.34039703
ZINC_250K_6648,CC[C@H](Oc1ccccc1)C(=O)NNC(=O)c1ccc(OC)cc1,0.340397
ZINC_250K_7072,CCC1(C(=O)[O-])CCN(c2nc[nH+]c3c2CCCC3)CC1,0.34039697
ZINC_250K_2020,CC1(C)CCC[C@@H]1Nc1ccc(C(N)=O)cc1N,0.34039697
ZINC_250K_4524,O=C(OCc1nccn1CC(F)(F)F)[C@@H]1C[C@H]2CC[C@@H]1C2,0.34039694
ZINC_250K_574,CC1(C)CCC[C@H]1N1C(=O)c2cccc(N)c2C1=O,0.3403969
ZINC_250K_483,O=C(Cc1ccc([N+](=O)[O-])cc1)NCC1(O)CCOCC1,0.34039685
ZINC_250K_9583,O=C(CSc1nnc(C(c2ccccc2)c2ccccc2)o1)Nc1ccc(F)cc1,0.3403968
ZINC_250K_7464,CS[C@H](C)c1cccc(NC(=O)N[C@@H]2CCO[C@@H]2C)c1,0.3403968
ZINC_250K_1020,CC[S@](=O)[C@H]1CCCC[C@@H]1NC(=O)[C@@H]1CCOc2ccccc21,0.3403968
ZINC_250K_4925,CCc1nn(C)cc1NC(=O)c1cccnc1Br,0.3403968
ZINC_250K_7812,C[C@@H]1Oc2ccccc2N(CCC(=O)N2C[C@@H](C)c3ccccc32)C1=O,0.34039673
ZINC_250K_7606,C[C@@H]1[NH2+]CCC[C@H]1C(=O)N[C@@H](C)CN1CCOCC1,0.34039673
ZINC_250K_8908,Brc1cn2ccnc2c(N[C@@H]2CCc3ccccc3C2)n1,0.34039673
ZINC_250K_9150,Cc1cc([C@@H](C)NC(=O)Cc2ccc(F)cc2F)c(C)s1,0.34039673
ZINC_250K_6270,N#CC1=C(N)Oc2cc3c(cc2[C@H]1c1ccccc1OCc1ccccc1Cl)OCO3,0.3403967
ZINC_250K_1332,C[C@H]1COCCN1S(=O)(=O)c1ccc(CC#N)cc1,0.34039664
ZINC_250K_5199,Cn1c(SCc2ccc(F)c(F)c2)nc(C(C)(C)C)cc1=O,0.34039664
ZINC_250K_6809,CCC[C@@H](CCO)CNC(=O)c1oc2c(C)ccc(C)c2c1C,0.34039658
ZINC_250K_346,COc1ccc(C(=O)N(CC2=CC=C[C@@H]3N=CC=C23)C2CC2)cc1,0.34039658
ZINC_250K_2084,CC(C)[C@H](Sc1ccc(F)cc1)C(=O)N[C@]1(C)CCS(=O)(=O)C1,0.34039655
ZINC_250K_2545,CNC(=O)c1cccc(NC(=O)COc2ccc(C(C)(C)C)cc2)c1,0.34039652
ZINC_250K_4749,O=S(=O)(NCc1ccccc1)N[C@@H]1CCc2cccnc21,0.34039652
ZINC_250K_2267,O=C(/C=C/c1ccccc1Cl)Nc1ccc([N+](=O)[O-])cc1Cl,0.3403965
ZINC_250K_8811,Cc1ccc(/C=C/C(=O)NC2CCN(C(=O)CC(C)C)CC2)o1,0.3403965
ZINC_250K_4989,CCCC(=O)Nc1nnc(SCC(=O)N2[C@H](C)CCC[C@H]2C)s1,0.34039646
ZINC_250K_5641,CSCc1cccc(NC(=O)NC[C@H](C)C[C@H](C)O)c1C,0.34039643
ZINC_250K_7912,COc1ccc(C(C)(C)CNC(=O)N[C@H](C)c2nc(C(C)(C)C)no2)cc1,0.3403964
ZINC_250K_5143,C[C@@H](NC(=O)/C(C#N)=C/c1ccc(-n2cccn2)cc1)c1ccccc1,0.3403964
ZINC_250K_7073,CC(C)c1ccc(NC(=O)[C@H]2CSCCC(=O)N2)cc1,0.3403964
ZINC_250K_10487,C[C@H](NC(=O)C1CCN(C(=O)c2cccs2)CC1)c1ccncc1,0.34039634
ZINC_250K_10358,Cc1ccc(NC(=O)C(=O)NCc2ccccc2C)c(Cl)c1,0.34039626
ZINC_250K_7201,NC(=O)[C@H]1CN(C(=O)Nc2cc(-c3ccccc3)on2)CCO1,0.34039626
ZINC_250K_8251,Nc1c2c3c(sc2nc[n+]1CCCN1CCOCC1)CCCC3,0.34039623
ZINC_250K_4100,CCNS(=O)(=O)c1ccccc1N[C@H](C)C[C@@H]1CCC[NH2+]1,0.34039623
ZINC_250K_1080,CC[C@H](CSC)N(C)C(=O)NCc1cccc2c1OCCCO2,0.3403962
ZINC_250K_2514,CCC1(CC)[C@@H](NC(=O)N(C)Cc2cccnc2)[C@@H](C)[C@@H]1OC,0.3403962
ZINC_250K_3347,Cc1cccc(Nc2ccccc2C(=O)NNC(=O)C(=O)NC(C)C)c1C,0.34039614
ZINC_250K_5905,COc1cc(C)c(NC(=O)[C@@H]2CCO[C@@H]2C)cc1OC,0.3403961
ZINC_250K_2810,CCOC(=O)c1c(NC(=O)C(C)C)sc2c1CC[NH+](C(C)C)C2,0.34039608
ZINC_250K_2613,O=S(=O)(NCC#CCOc1cccc(C(F)(F)F)c1)c1ccc(F)cc1,0.34039602
ZINC_250K_9171,COC/C(=C/C(=O)OC)CC[C@H]1C(C)=CC(=O)[C@H]2C(C)(C)CCC[C@@]12C,0.34039602
ZINC_250K_1830,O=C(NCCC1CC1)c1c(O)cc(F)cc1F,0.34039602
ZINC_250K_10494,O=C(Cc1ccc(Br)cc1)NC1CCN(C(=O)C2CCCCC2)CC1,0.34039596
ZINC_250K_9178,Cc1ccc(C)c(S(=O)(=O)CCN2CCN(c3cnccn3)CC2)c1,0.34039596
ZINC_250K_3215,CC(C)[NH+]1CCCN(C(=O)C(C)(C)c2cccc(C#N)c2)CC1,0.34039596
ZINC_250K_7762,O=C(NC(=S)Nc1ccc(-c2ccc(CO)o2)cc1)c1ccc(Cl)cc1Cl,0.34039596
ZINC_250K_4239,CC1(C)CSC[C@H](Nc2cc(Cl)ccc2-n2cccn2)C1,0.34039593
ZINC_250K_5857,COC(=O)c1c(NC(=O)COc2ccccc2)sc2ccccc12,0.34039593
ZINC_250K_5574,O=[N+]([O-])c1ccc(N[C@@H]2CC[NH+](C[C@H]3CC=CCC3)C2)nc1,0.34039587
ZINC_250K_560,Cc1ccc([C@@](C)(O)CNC(=O)NC[C@@H](c2ccco2)[NH+]2CCCCC2)o1,0.34039587
ZINC_250K_7373,COc1ccc([C@@H](c2nnnn2C(C)(C)C)N2CCN(c3ccc(F)cc3)CC2)cc1,0.34039587
ZINC_250K_7594,Cc1c(CN2CC[NH+](C[C@H]3CCOC3)CC2)cc(C#N)n1C,0.34039587
ZINC_250K_581,c1ccc2c(NCc3nnc(C4CCC4)o3)cccc2c1,0.3403958
ZINC_250K_716,COc1ccc([C@@H](CNC(=O)c2ccc([N+](=O)[O-])o2)[NH+](C)C)cc1,0.3403958
ZINC_250K_9959,Cc1cc(C)n(C[C@H](C)CNC(=O)c2ccc(C#N)cc2)n1,0.3403958
ZINC_250K_10232,Cc1c(CN2CCCN(c3ncccn3)CC2)cc(C#N)n1C,0.3403958
ZINC_250K_1898,NC(=O)N1CCCN(C(=O)Nc2cc(Cl)ccc2Cl)CC1,0.3403958
ZINC_250K_3244,CO[C@H](CNC(=O)C(=O)c1ccc(C)cc1)c1cccc(Cl)c1,0.3403958
ZINC_250K_9990,CCOC[C@@H](C)Nc1ccc(C(=O)N(C)C)cn1,0.34039578
ZINC_250K_7577,Cc1cc(C(=O)N[C@H](C)c2ccccc2C)c2cnn(C(C)C)c2n1,0.34039575
ZINC_250K_5794,CCC[NH+](CC)[C@H](C)C(=O)Nc1ccc(F)c(N)c1,0.34039572
ZINC_250K_22,O=C(NCCNC(=O)N1C[C@H]2CC=CC[C@@H]2C1)c1cccnc1,0.3403957
ZINC_250K_5369,CCOc1cccc(O[C@@H]2CCC[C@](CO)([NH2+]C)C2)c1,0.34039563
ZINC_250K_8177,CCC(=O)Nc1ccc(S(=O)(=O)[N-]c2onc(C)c2C)cc1,0.3403956
ZINC_250K_7451,Cc1cc(C)nc([C@@H](C#N)C(=O)CCC(=O)Nc2nccs2)n1,0.3403956
ZINC_250K_7525,C[NH+]1[C@@H]2CC[C@H]1CC(NC(=O)Cc1ccccc1F)C2,0.3403956
ZINC_250K_1661,CCc1onc(C)c1NC(=O)c1c(C)oc(-n2cccc2)c1C#N,0.34039557
ZINC_250K_1217,CCc1nsc(N2C[C@@H](C)C[C@@H]2c2ccccc2F)n1,0.34039557
ZINC_250K_10349,C[C@H]1C[NH+]=C(N2CCN(C(=O)c3ccc(NC=O)cc3)CC2)S1,0.34039554
ZINC_250K_8302,COC(=O)Cc1csc(Nc2ncnc3sc(C)c(C)c23)n1,0.34039554
ZINC_250K_8313,CCSC[C@@H](C)N(C)C(=O)c1ccc(-c2cscn2)cc1,0.34039554
ZINC_250K_5223,CCc1cc(=O)[nH]c(SCC(=O)Nc2cccc(C(C)=O)c2)n1,0.34039554
ZINC_250K_3498,COC(=O)c1ccc(OC(=O)c2ccn(-c3cccc(Cl)c3)n2)cc1,0.34039554
ZINC_250K_2578,CCCc1ccc(C(=O)N[C@@H](C)c2cccc(S(=O)(=O)NC)c2)cc1,0.3403955
ZINC_250K_282,C[C@@H](Nc1ccc2c(c1)CCC2)C(=O)N1CCCC1,0.34039548
ZINC_250K_9750,C=C1C(C)(C)[C@H]2CC[C@]1(C(=O)NNC(=O)c1ccc(Cl)cc1)C2,0.34039548
ZINC_250K_5513,O=C1/C(=C\c2ccc(Cl)nc2)C2(CCC2)Oc2ccccc21,0.34039548
ZINC_250K_4657,Cc1cc(N[C@@H](CCO)C(C)C)c2cc(OC(F)F)ccc2[nH+]1,0.34039542
ZINC_250K_4678,O=C(/C=C/c1cccs1)c1ccc(NC(=O)c2ccco2)cc1,0.34039542
ZINC_250K_3986,Cc1ccc2ncc(C(=O)N(C)C3CC[NH+](C(C)C)CC3)n2c1,0.34039542
ZINC_250K_327,CNC(=O)Cc1nc(C[NH+](C)C2CCC(c3ccccc3)CC2)cs1,0.34039542
ZINC_250K_788,COC(=O)c1cc(S(=O)(=O)N[C@H](C)c2ccccc2C)cn1C,0.34039536
ZINC_250K_4273,CC[NH+]1CCN([C@@H](C)CNC(=O)c2ccc(C3CCCCC3)cc2)CC1,0.34039533
ZINC_250K_9472,C[C@H](NC(=O)N1CCCC1(C)C)c1ccc(-n2cccn2)cc1,0.34039533
ZINC_250K_6459,CSc1ccc2nc(NC(=O)CCSc3ccc(C)cc3)sc2c1,0.34039533
ZINC_250K_4166,C[C@@H]1CN(Cc2cnc3cnccn23)[C@H](c2ccccc2)CO1,0.3403953
ZINC_250K_2708,Cc1cc(C(=O)Nc2ccc(C#N)cc2)c2ccccc2n1,0.3403953
ZINC_250K_9863,CC1(C)CO[C@H](c2ccccc2)CN1S(=O)(=O)CCC1CC1,0.3403953
ZINC_250K_5415,O=c1c([N+](=O)[O-])cccn1Cc1ccc(F)cc1Cl,0.3403953
ZINC_250K_535,CCO[C@@H]1C[C@@H]([NH3+])[C@@H]1Nc1ncc(Cl)cc1F,0.3403953
ZINC_250K_7514,Cc1ccc(N2C(=O)NC(=O)/C(=C/Nc3c(C)nn(-c4ccc(C)c(C)c4)c3C)C2=O)cc1C,0.3403953
ZINC_250K_6101,CC[NH2+][C@]1(C(=O)[O-])CCC[C@@H]1CCSc1ccc(C)cc1,0.34039527
ZINC_250K_4971,O=S(=O)(c1ccc2c(ccn2Cc2ccccc2)c1)N1CCC[NH2+]CC1,0.34039524
ZINC_250K_8950,O=C(Cc1ccc(O)cc1)NC[C@@H](O)c1cccc(OC(F)F)c1,0.34039524
ZINC_250K_9470,C#CCn1/c(=N/C(=O)CCCS(=O)(=O)c2ccccc2)sc2cc(F)cc(F)c21,0.3403952
ZINC_250K_10377,O=C1N=C(N2CCN(c3ccc(F)cc3)CC2)S/C1=C\c1ccccc1O,0.34039518
ZINC_250K_3236,C=CCc1cc(CNC(=O)c2ccco2)cc(OC)c1OC,0.34039515
ZINC_250K_3049,COC(=O)c1nc2ccc(F)cc2c2oc(C(C)(C)O)cc12,0.34039515
ZINC_250K_7302,CCN(CC)C(=O)CCCNC(=O)N1CCC[C@@H]1C1CCCCC1,0.34039515
ZINC_250K_9584,N#CCOc1ccc(/C=C/c2nc(-c3cc4ccccc4o3)no2)cc1,0.3403951
ZINC_250K_792,Cc1ccc2c(c1)N(C(=O)C[C@H](O)c1ccc(Cl)cc1)CC2,0.3403951
ZINC_250K_786,C[C@H](CC#N)Sc1ccccc1NC(=O)c1ccc(Cl)nc1Cl,0.3403951
ZINC_250K_9798,C[C@]1(Cn2c(CCl)nc3cnccc32)CCCO1,0.34039503
ZINC_250K_3216,COc1cccc(/C=C2\C(=O)NC(=S)N(c3cccc(Br)c3)C2=O)c1OC(C)C,0.34039503
ZINC_250K_7349,CC(C)[NH2+]Cc1cccnc1N1CC[NH+]2CCC[C@@H]2C1,0.34039503
ZINC_250K_2870,CC(C)[NH+]1CCCN(C(=O)NCc2ccccc2C[NH+](C)C)CC1,0.34039503
ZINC_250K_241,Cc1ccc([N+](=O)[O-])cc1C(=O)Nc1ccc(C(=O)NC(C)C)cc1,0.34039503
ZINC_250K_3011,CCc1nn(C)c(Cl)c1CN(C)[C@@H]1CCCC[C@@H]1S(C)(=O)=O,0.34039497
ZINC_250K_4431,O=C1N[C@@H](C(=O)N2CC=C(c3ccc(Cl)cc3)CC2)CS1,0.34039497
ZINC_250K_7701,O=C(N[C@@H]1[C@@H]2CCc3ccccc3[C@@H]21)[C@]12CC[C@H](C[C@@H]1Br)C2,0.34039494
ZINC_250K_32,C[C@@H](NC(=O)COC(=O)/C=C/c1ccc(Cl)cc1)c1ccccc1,0.3403949
ZINC_250K_9284,O=C(NC(=S)Nc1ccccn1)c1cc2ccccc2o1,0.3403949
ZINC_250K_2519,Cc1cc(C)nc(NC(=O)CCCN2C(=O)c3ccccc3C2=O)n1,0.34039485
ZINC_250K_10181,Cc1ccc(NC(=O)C[C@@H](C(=O)[O-])[C@@H](C)c2ccccc2)cc1Br,0.34039482
ZINC_250K_1730,O=C(NNc1cccc(C(F)(F)F)c1)c1cccc2cccnc12,0.34039482
ZINC_250K_8658,Cc1cc(CS(=O)(=O)[C@@H](C(=O)N2CCCC2)c2ccccc2)no1,0.34039477
ZINC_250K_6525,Cc1cc(NC(=O)CCSCc2c(C)nn(C)c2Cl)no1,0.34039474
ZINC_250K_3864,Cc1ccc([S@](=O)[C@H]2CCCN(C(=O)OC(C)(C)C)C2)nc1,0.3403947
ZINC_250K_1203,CC(C)CNC(=O)CNC(=O)[C@H]1CCC[NH+]1Cc1ccc(F)cc1,0.3403947
ZINC_250K_450,Cc1nc(-c2ccc(Cl)s2)sc1C(=O)N[C@H]1C[C@H]1C,0.34039468
ZINC_250K_3397,Cc1cccc(C)c1OCCC(=O)N[C@@H](C)c1cccc(C#N)c1,0.34039465
ZINC_250K_9621,CCC(=O)Nc1ccc(Cl)c(NC(=O)NNc2ccc(F)cc2)c1,0.34039462
ZINC_250K_10333,CCN(CC)c1ccc(NC(=O)c2ccc3c(c2)COC3)cc1,0.34039462
ZINC_250K_10344,CC[C@H](NC(=O)C1CCOCC1)c1c(C)nn(C)c1C,0.3403946
ZINC_250K_544,C[C@H](Sc1cccc[n+]1[O-])C(=O)NC[C@H]1COc2ccccc2O1,0.3403946
ZINC_250K_979,C[C@@H]1CCC[C@@H](NS(=O)(=O)Cc2cccc(N)c2)C1,0.34039456
ZINC_250K_9765,CNC(=O)[C@@H]1CCCN1C(=O)CNC(=O)[C@]12CC[C@H](C[C@@H]1Br)C2,0.34039453
ZINC_250K_10088,Cc1nc(NC(=O)/C=C/c2ccc(C(C)C)cc2)sc1C,0.34039453
ZINC_250K_2632,C#Cc1cccc(N(Cc2cccs2)S(=O)(=O)c2cn[nH]c2)c1,0.34039453
ZINC_250K_663,C[NH+]1CCC(NC(=O)c2ncoc2-c2ccccc2)CC1,0.3403945
ZINC_250K_8187,Cc1cc(C[NH2+][C@H](C)c2cccc(N3CCCC3)c2)ccc1F,0.3403945
ZINC_250K_9037,Cc1ccc(NC(=O)CCC(=O)c2ccc(Cl)s2)c(O)c1,0.34039447
ZINC_250K_8540,C[NH+](C)[C@@H](CNC(=O)NCc1ccc(C(N)=O)o1)c1ccc(F)cc1,0.34039447
ZINC_250K_9352,Cc1cc(C)n2c(C[NH+]3CCC(OC[C@H]4CCCO4)CC3)cnc2n1,0.34039447
ZINC_250K_7435,C=CC[NH+](C)C[C@]1(O)CCCN(CCC2CCCCC2)C1=O,0.34039444
ZINC_250K_1576,CCN(CC)c1ccc(/C=C2/SC(=O)N([C@H](C)C(=O)OC)C2=O)cc1,0.34039444
ZINC_250K_9424,CC(=O)NCc1ccc(C(=O)NCC2(c3cccs3)CCCC2)o1,0.34039444
ZINC_250K_8550,CC[NH+](CC(=O)Nc1c(C)n[nH]c1C)CC1CC[NH2+]CC1,0.34039444
ZINC_250K_1959,CC(=O)O/N=C1\C(=O)N(Cc2ccc(C)cc2)c2ccccc21,0.34039444
ZINC_250K_94,COC1CC[NH+](CCNc2nccn(C)c2=O)CC1,0.34039438
ZINC_250K_8867,CCC[NH2+]Cc1cccc(OC[C@H]2CCCO2)c1,0.34039438
ZINC_250K_1684,Cc1nn(CN2CCN(C(=O)c3cccs3)CC2)c(=S)n1C1CC1,0.34039438
ZINC_250K_1407,C[C@H](CCc1ccccc1F)[NH2+]CCc1nc2cc(F)ccc2n1C,0.34039432
ZINC_250K_1391,O=C(NCC(=O)N1CC=C(c2ccccc2)CC1)NCc1ccccc1,0.34039432
ZINC_250K_2401,COc1ccc(-n2nnnc2S[C@@H](C)C(=O)c2cc(C)c(C)cc2C)cc1,0.34039432
ZINC_250K_4087,CC(C)(CC(=O)Nc1ccc(Cl)nc1)NC(=O)OC(C)(C)C,0.3403942
ZINC_250K_426,O=S(=O)(NC[C@H](O)c1ccc(C(F)(F)F)cc1)c1cc(F)ccc1F,0.3403942
ZINC_250K_1301,Cn1cnnc1C[NH+]1CC[C@]2(CCCN(C3CCCC3)C2=O)C1,0.34039414
ZINC_250K_2049,Cc1ccc(CNC(=O)CSc2ccc(-c3cccs3)nn2)cc1,0.3403941
ZINC_250K_9909,O=C1N[C@]2(COC3(CCN(C(=O)c4ccncc4)CC3)C2)Nc2ccccc21,0.34039408
ZINC_250K_4091,COc1ccccc1C(=O)NC(=S)NNC(=O)c1ccc(C)c(Br)c1,0.34039408
ZINC_250K_1277,O=C(COC(=O)c1cccc(F)c1)NC1CC1,0.34039408
ZINC_250K_6326,Cc1ncc(Cl)c(C(=O)N(C)CCN(C)C(=O)OC(C)(C)C)n1,0.34039405
ZINC_250K_4156,Cc1ccc(NC(=O)Cn2nc3ccc(SC(C)(C)C)nn3c2=O)cc1C,0.34039405
ZINC_250K_1457,O=C(COc1c(Cl)cc(Cl)cc1Br)NNC(=O)c1ccc([N+](=O)[O-])cc1,0.34039405
ZINC_250K_8754,O=C(Nc1cccc(-n2cnnc2)c1)c1cccc(F)c1,0.34039405
ZINC_250K_5496,COc1cc(C(=O)Nc2cc(C)ccc2F)cc(NC(C)=O)c1OC,0.34039402
ZINC_250K_2419,CCc1cccc(O[C@H](C)C(=O)Nc2ccc(OC)cc2)c1,0.340394
ZINC_250K_5340,COCC[C@@H](C)C(=O)N(C)Cc1ccccc1N1CCCC1,0.340394
ZINC_250K_6946,CSc1ccccc1NC(=O)CN(C)C(=O)c1csc(-c2ccccc2)n1,0.34039393
ZINC_250K_4978,CCc1nnc2n1CCN(C(=O)COCCc1ccccc1)C2,0.34039393
ZINC_250K_9479,CC(=O)C[C@@H]1CCCCN1S(=O)(=O)c1c[nH]cn1,0.34039393
ZINC_250K_5519,Cn1cc(NC(=O)c2cccnc2[S-])cc(Br)c1=O,0.3403939
ZINC_250K_4195,CCS[C@H]1CCCC[NH+](Cc2ccc(-n3cncn3)c(C)c2)C1,0.3403939
ZINC_250K_8303,Cc1oc2c(C)c3oc(=O)c(CC(=O)N[C@@H](CC(C)C)C(=O)[O-])c(C)c3cc2c1C,0.34039384
ZINC_250K_9931,CN(Cc1ccccc1)C(=O)[C@@H]1CCC[NH+](Cc2ccccc2F)C1,0.3403938
ZINC_250K_6581,O=C(Cc1ccc(F)c(F)c1)NC1(C(=O)[O-])CCCC1,0.3403938
ZINC_250K_9329,Cc1cc([C@H]2CCCN2C(=O)c2cc3c(s2)CCC3)on1,0.3403938
ZINC_250K_2806,COCc1cc(C(=O)N[C@@H]2CCCC[C@H]2C(C)C)no1,0.34039378
ZINC_250K_9406,C[NH+](C)[C@H]1CC[C@H](NC(=O)c2ccc(Br)c(F)c2)C1,0.34039378
ZINC_250K_2598,CCc1ccc(-c2ccc(C(=O)N3CCS(=O)(=O)C[C@@H]3C)o2)cc1,0.34039375
ZINC_250K_6301,CSCC[C@@H](C)NC(=O)Nc1ccc(Cl)nc1,0.34039375
ZINC_250K_1063,C[C@H](NC(=O)c1cc(-c2ccco2)[nH]n1)c1ccc(Cl)s1,0.34039375
ZINC_250K_9055,Cc1nnc(N2C(=O)C([O-])=C(C(=O)c3ccc(Cl)cc3)[C@@H]2c2ccc(Cl)cc2)s1,0.34039372
ZINC_250K_6068,CC[NH+]1CCC[C@@H]1CNC(=O)c1nc2nc(C)cc(C)n2n1,0.34039366
ZINC_250K_7534,CCC[C@@H](C)C(=O)Nc1ccccc1C(=O)OCC,0.34039366
ZINC_250K_10409,O=C(CSc1ccncc1)N[C@@H](c1cccc(C(F)(F)F)c1)C1CC1,0.34039366
ZINC_250K_4624,CC(C)[NH+]1CCN(Cc2ccncc2)C[C@@H]1CCO,0.34039366
ZINC_250K_6006,O=[N+]([O-])c1ccc(OC(F)F)c(C[NH+]2C[C@H]3CC[C@@H]2C3)c1,0.34039366
ZINC_250K_3926,COC(=O)[C@@H]1CCCC[C@@H]1NC(=O)CNC(=O)c1ccccc1,0.34039363
ZINC_250K_200,CCn1cc(/C=C/C(=O)c2ccc3ccccc3c2)cn1,0.3403936
ZINC_250K_1231,NNC(=O)[C@@H]1CC[C@H](CSc2cccc(F)c2)O1,0.3403936
ZINC_250K_6787,Cn1c(=O)c2c(SCC(=O)c3ccccc3)nc(-c3ccc([N+](=O)[O-])cc3)nc2n(C)c1=O,0.3403936
ZINC_250K_10058,CC[C@H](Oc1ccc(C)cc1)C(=O)Nc1ccc(C(=O)[O-])cc1,0.3403936
ZINC_250K_8828,Cn1c(=O)c2c(-c3ccc(Cl)cc3)n(-c3cccc(C#N)c3)cc2n(C)c1=O,0.34039357
ZINC_250K_9641,Cc1cc(C(=O)N2CCC3(CC2)OCCS3)ccc1[N+](=O)[O-],0.34039354
ZINC_250K_6837,O[C@@H](CNc1ccc(OC(F)F)cn1)c1ccco1,0.3403935
ZINC_250K_8625,CCOc1ccc(C[NH2+]Cc2nc3ccccc3n2C)cc1OC,0.3403935
ZINC_250K_1810,C[C@@H](N[C@H]1CCc2c(Cl)cc(Cl)cc21)c1nnc2ccccn12,0.34039348
ZINC_250K_3657,CCC(CC)n1nccc1C(=O)O[C@@H](C)[C@H]1CCCO1,0.34039348
ZINC_250K_7687,C[C@H]1Oc2ccccc2O[C@H]1C(=O)NCCCn1cccn1,0.34039348
ZINC_250K_7053,O=C(NCCO)N[C@@H]1CCC[C@H]1c1ccccc1C(F)(F)F,0.34039348
ZINC_250K_3170,O=C(NCCCSc1ccccc1)c1cc(Br)ccc1Cl,0.34039336
ZINC_250K_7622,C[NH+](C)[C@H]1CC[C@@H](NC(=O)N[C@@H]2CCc3cc(Cl)ccc32)C1,0.34039336
ZINC_250K_3366,CCCCCc1nnc(NC(=O)Nc2cn(C)nc2CC)s1,0.34039336
ZINC_250K_1223,Cc1csc(C2([NH2+]Cc3cnc(-c4ccsc4)s3)CCCC2)n1,0.34039336
ZINC_250K_4474,C[C@H]1C[C@@H](NCCc2nc3cc(F)ccc3n2C)C[NH+]1C,0.34039336
ZINC_250K_7557,O=C(Nc1ccc(S(=O)(=O)c2ccc(F)cc2)cc1)OCc1ccccc1,0.34039333
ZINC_250K_9890,Cc1ccc(Cl)cc1NC(=O)CSc1cccc(C)c1N,0.3403933
ZINC_250K_7928,[NH3+][C@H]1C[C@H](n2ccc(=O)[nH]c2=O)O[C@@H]1COCc1ccccc1,0.3403933
ZINC_250K_1554,CC[C@H](CSC)N(C)C(=O)Nc1ccc(C)cc1F,0.3403933
ZINC_250K_7995,COc1cccc(N(C)C(=O)c2n[nH]c(C(C)C)n2)c1,0.3403933
ZINC_250K_527,C[NH+](C)[C@@H]1CC[C@H](NC(=O)[C@@H]2CCCc3[nH]ncc32)C1,0.3403933
ZINC_250K_2728,Cc1nnc(N2C(=O)C(O)=C(C(=O)c3cccs3)[C@@H]2c2ccc(C(C)(C)C)cc2)s1,0.34039328
ZINC_250K_5002,O=C([C@@H]1C[NH2+]CCO1)N1CCC(c2[nH+]ccn2CC2CCC2)CC1,0.34039328
ZINC_250K_10484,COc1ccccc1-c1nn([C@@H](Nc2ccccc2)c2ccccc2)c(=S)o1,0.34039322
ZINC_250K_8869,C[C@@H]1CN(C2CC[NH+](Cc3cnc(N4CCOCC4)nc3)CC2)C[C@@H](C)O1,0.34039322
ZINC_250K_8475,Nc1ccc(Cl)cc1SCCC(=O)NC1CC1,0.34039322
ZINC_250K_7787,COc1cc(C)c(N)cc1S(=O)(=O)N1C[C@@H](C)S[C@H](C)C1,0.34039322
ZINC_250K_6618,Cc1ccc(N2CCN(CC(=O)NCCCO)C2=O)cc1,0.34039316
ZINC_250K_10259,O=C(Cc1ccc(Cl)cc1)NCc1cc(-c2cccs2)on1,0.34039316
ZINC_250K_4053,CC(C)c1cc(C(=O)N[C@H](C)c2ccc3c(c2)CCC3)n(C)n1,0.34039313
ZINC_250K_8403,O=C(CCc1cc(Cl)no1)Nc1ccc2occc(=O)c2c1,0.3403931
ZINC_250K_5556,CCOc1ccc(/C=C2/C(=O)N([C@@H](C)CC)C(=O)C(C#N)=C2C)cc1,0.3403931
ZINC_250K_4357,NC(=O)c1cc([N+](=O)[O-])ccc1O[C@H]1CCC[C@@H]([NH3+])C1,0.34039307
ZINC_250K_543,Cc1cc(NC(=O)N[C@@H](Cc2ccccc2)c2ccccc2F)n(C)n1,0.340393
ZINC_250K_5952,Cc1ccc(OCCNC(=O)CNC(=O)c2ccc(C)cc2)cc1,0.340393
ZINC_250K_2175,O=C(NNC(=O)[C@H]1Cc2ccccc2O1)[C@H]1COc2ccc(F)cc2C1,0.340393
ZINC_250K_8384,CC(C)N(CC(=O)NC(=O)NC(C)(C)C)Cc1ccc([N+](=O)[O-])cc1,0.34039292
ZINC_250K_139,CC[C@@H](CC(=O)NC1(C(=O)OC)CCSCC1)c1ccccc1,0.34039292
ZINC_250K_9631,COCCc1noc(-c2cn(Cc3ccccc3)nn2)n1,0.3403929
ZINC_250K_3599,O=c1[nH]c(=S)n(-c2ccc(F)cc2)c(O)c1/C=N/CCC[NH+]1CCOCC1,0.3403929
ZINC_250K_6601,O=C1NCCN1c1nc(CC(=O)N2CC[C@H]3CCCC[C@H]32)cs1,0.3403929
ZINC_250K_8968,CN1C(=O)[C@H]2[C@@H](NCN2CCCC[NH+]2CCN(c3ncccn3)CC2)N(C)C1=O,0.34039286
ZINC_250K_6785,CC[S@](=O)[C@@H]1CCCC[C@@H]1NC(=O)c1scnc1C,0.34039286
ZINC_250K_1064,C[C@H]1CCCCN1c1ncnc(N(Cc2ccccc2)Cc2ccccc2)c1N,0.34039283
ZINC_250K_3988,CCC[C@@H](C)C(=O)Nc1cc(C(=O)N[C@H](C)c2ccccc2)ccc1C,0.34039283
ZINC_250K_6269,C[C@@H]1CN(C)c2ccccc2CN1C(=O)N[C@@H]1CC[NH+]2CCCC[C@H]12,0.34039283
ZINC_250K_7412,CCOC(=O)CN(C)C(=O)[C@@H]1CCC[NH+]1Cc1ccccc1,0.34039283
ZINC_250K_3233,CCn1cnnc1CNC(=O)/C=C/c1ccc(C(C)(C)C)cc1,0.34039277
ZINC_250K_1793,O=C(Cn1ccccc1=O)NCc1cccc(C(F)(F)F)c1,0.34039277
ZINC_250K_9779,CO[C@H](C)C(=O)N1CCN(C(=O)Cc2c[nH]c3ccccc23)CC1,0.34039277
ZINC_250K_5276,c1ccc(COc2ccc(-c3ccnc4nc(-c5cccnc5)nn34)cc2)cc1,0.3403927
ZINC_250K_992,C[C@@H](c1ccc(Cl)cc1Cl)N(C)C(=O)c1ccc(NC(N)=O)cc1,0.3403927
ZINC_250K_6436,CCC[C@@]1(C(=O)[O-])CCN(C(=O)[C@@H]2CC[NH2+][C@@H]2C)C1,0.3403927
ZINC_250K_176,CC[C@@H](C)[C@@H](NC(=O)c1cccc(F)c1)C(=O)N=c1[nH]c2ccccc2[nH]1,0.34039265
ZINC_250K_1717,CC1(C)CC(=O)C(C)(C)c2ccc(NC(=O)c3ccc(C(=O)[O-])cc3)cc21,0.34039265
ZINC_250K_6476,Cc1n[nH]c(C)c1CCC(=O)NCC[NH+]1CCC[C@@H](C)C1,0.34039265
ZINC_250K_5405,CC1(C)CN(C/C(N)=N/OCC(=O)NC2CC2)CCO1,0.3403926
ZINC_250K_3051,Cc1ccc(C[NH+](CC(=O)N2C[C@@H](C)C[C@H](C)C2)C(C)C)s1,0.3403926
ZINC_250K_9886,C/C(=N\Nc1c([N+](=O)[O-])c(C)nn1C)c1ccc(F)cc1F,0.34039256
ZINC_250K_4866,CCc1cc(CNC(=O)N[C@H]2[C@@H](C)[C@H](OC)C2(CC)CC)on1,0.34039256
ZINC_250K_6622,Cn1cccc1[C@H](CNC(=O)C(=O)NCc1ccco1)[NH+]1CCCCCC1,0.34039253
ZINC_250K_2515,Cc1noc(CN[C@H](C(=O)Nc2ccccc2)c2ccccc2)n1,0.34039253
ZINC_250K_838,CCOC1CC[NH+](CC[C@@H](O)c2ccc(C)c(F)c2)CC1,0.34039253
ZINC_250K_5614,CC(C)c1cc(C(=O)NC[C@@H]2CCC[NH+](C(C)C)C2)n(C)n1,0.34039253
ZINC_250K_5728,CN(C1CC1)S(=O)(=O)c1ccc(C(=O)N2CCOCC2)cc1,0.34039253
ZINC_250K_4372,Cn1c(CCc2cccc(NC(=O)Nc3ccccc3)c2)nc2ccccc21,0.3403925
ZINC_250K_6212,CNC(=O)c1c(C)nc(N)nc1-c1ccc(Cl)cc1Cl,0.3403925
ZINC_250K_9215,C[C@H]1CC(C(=O)NCc2ccc(C(F)(F)F)cc2)C[C@H](C)O1,0.3403925
ZINC_250K_3081,CCc1c(C)nc2ncnn2c1N1CCN(c2cccc(C)c2C)CC1,0.3403925
ZINC_250K_4342,CNC(=O)c1ccc(Cl)c(NC(=O)[C@H]2C=C[C@@H]([NH3+])C2)c1,0.3403925
ZINC_250K_5272,CN(Cc1ccccc1)CN1C(=O)N[C@@](C)(c2ccc([N+](=O)[O-])cc2)C1=O,0.34039244
ZINC_250K_1343,CC(=O)N1CC[C@@H](C(=O)N[C@@H]2CCCC[C@H]2OCCC(C)C)C1,0.34039244
ZINC_250K_253,Cc1cc(C(=O)N2CC[C@H](C)C[C@H]2C)c2c(C)nn(C)c2n1,0.34039244
ZINC_250K_6129,CN(CCOc1ccccc1)CN1CCOC1=S,0.34039244
ZINC_250K_3730,COc1cccc(CSCc2csc(-c3ccco3)n2)c1,0.34039238
ZINC_250K_9857,CN1C(=O)N(CC(=O)NC[C@H]2C[C@@H]3C=C[C@H]2C3)C(=O)C12CCCCC2,0.34039238
ZINC_250K_8798,Cn1cc(C(=O)Nc2ccc(I)cn2)c(C(C)(C)C)n1,0.34039238
ZINC_250K_932,CC1(C)[C@@H]2CC[C@@]1(C)[C@H](NC(=O)COc1ccc(C3SCCCS3)cc1)C2,0.34039235
ZINC_250K_3794,COc1ccnc(NNC(=O)NC[C@H](c2ccccc2)[NH+](C)C)n1,0.34039232
ZINC_250K_7780,C[NH+]1CCC([NH2+][C@@H]2CC(=O)N(Cc3cccc4ccccc34)C2)CC1,0.3403923
ZINC_250K_6419,C[C@H](NC(=O)N[C@H](C)c1noc(Cc2ccccc2)n1)C(=O)NC(C)(C)C,0.34039223
ZINC_250K_2664,O=C([O-])c1cc(-c2cccc(C(F)(F)F)c2)nc2c(F)cccc12,0.3403922
ZINC_250K_6115,COc1ccccc1C/C(C)=C/C(=O)N[C@H]1CCC[C@H]1n1cc[nH+]c1,0.34039214
ZINC_250K_1469,CCCNC(=O)Cn1nc(-c2ccccc2)c2ccccc21,0.3403921
ZINC_250K_1707,CC[NH2+]Cc1c(C)nn(C)c1N1CCN2C(=O)NC[C@@H]2C1,0.3403921
ZINC_250K_10422,O=S(=O)(NC[C@H]1C[C@@H](O)C[NH+]1Cc1ccccc1)N1CCCCCC1,0.3403921
ZINC_250K_781,C[C@H]1[C@@H](NC(=O)Cc2c[nH]c3ccccc23)CCC[C@@H]1C,0.34039208
ZINC_250K_2654,CCOC(=O)c1s/c(=N/C(=O)c2ccccc2S(=O)(=O)CC)n(C)c1C,0.34039205
ZINC_250K_5352,C[C@H](NC(=O)C(=O)Nc1ccc(C#N)c(Cl)c1)C(C)(C)c1ccccc1,0.34039202
ZINC_250K_4833,CN[C@]1(C#N)CCC[C@H]([NH+](C)CCc2ccccn2)C1,0.34039202
ZINC_250K_2668,Cc1cnc(C(C)(C)NC(=O)N[C@H]2C[C@H]2C2CCCCC2)s1,0.340392
ZINC_250K_1788,O=C(NCC1([NH+]2CCCCC2)CCOCC1)c1n[nH]c(C2CC2)c1Cl,0.34039196
ZINC_250K_8345,Cc1ccc(NC(=O)CSc2nnc(-c3ccc(C)cc3)n2C)cc1,0.34039193
ZINC_250K_9650,COc1ccc(-c2cc(C(=O)NCC(C)C)on2)cc1OC,0.34039187
ZINC_250K_3111,CC(C)OC(=O)[C@H](C)CNC(=O)N1C[C@H](C)O[C@@H](c2ccccc2)C1,0.3403918
ZINC_250K_3470,NC(=O)c1ccc(/C=C/C(=O)OCC(=O)Nc2c(Cl)cc(Cl)cc2Cl)cc1,0.34039178
ZINC_250K_9624,[NH3+][C@H](CS[C@@H]1CC(=O)N(c2ccc3ccccc3c2)C1=O)C(=O)[O-],0.34039173
ZINC_250K_4152,COc1cc(C[NH+]2CCC[C@]3(CCC(=O)N(C4CC4)C3)C2)cc(OC)c1,0.34039173
ZINC_250K_7511,Cc1ccc(C2(O)CC[NH+](Cc3nnc(-c4cccnc4)o3)CC2)nc1,0.34039173
ZINC_250K_2625,CC[S@@](=O)[C@H]1CCCC[C@@H]1[NH2+]Cc1cc(C)ccc1OC(F)F,0.34039173
ZINC_250K_2375,Cc1ccc(C(=O)N2CCN(CC(=O)Nc3c(C)cccc3C)CC2)cc1C,0.34039173
ZINC_250K_7504,Cc1noc(C)c1S(=O)(=O)N1CCN(c2ccc([N+](=O)[O-])cc2)CC1,0.34039167
ZINC_250K_8048,CSc1cc2c(cc1NC(=O)c1cccc3cc[nH]c13)OCCO2,0.34039167
ZINC_250K_7994,O=C(NCCNC(=O)c1ccc(Cl)cc1)Nc1ccc([N+](=O)[O-])cc1,0.3403916
ZINC_250K_4660,O=C(NCCc1ccccc1)NCCc1csc2nc(-c3cccs3)nn12,0.3403916
ZINC_250K_3652,COc1cccc(NC(=O)CSc2nc(N)cc(N)n2)c1,0.3403916
ZINC_250K_7012,Cc1cc(C[NH+](C)Cc2cccc(-c3cnn(C)c3)c2)no1,0.3403916
ZINC_250K_6808,COc1ccccc1C(C)(C)CNC(=O)c1c(C)nn(C)c1OC,0.34039155
ZINC_250K_5867,CCc1nc(C)sc1CNC(=O)c1cc(C)c(C)[nH]c1=O,0.3403915
ZINC_250K_9746,CCN(C(=O)Cn1cnc2ccc(Br)cc2c1=O)c1ccccc1,0.3403915
ZINC_250K_1086,C[C@@H](c1ccccc1)N(C)C(=O)Nc1cccc(C[NH+](C)C)c1,0.34039146
ZINC_250K_620,CCCC(=O)N1CCC(C(=O)NN=C(c2ccccc2)c2ccccc2)CC1,0.34039143
ZINC_250K_129,COc1ccc(C(=O)/C=C(\C)Nc2ccc(F)cc2F)cc1,0.34039143
ZINC_250K_1524,Cc1noc(C)c1CC(=O)NCc1nnc2n1CCCC2,0.34039143
ZINC_250K_6677,CCN(CC(C)(C)C[NH3+])[C@H]1CCc2ccc(OC)cc21,0.3403914
ZINC_250K_2935,C[C@@H](CS(C)(=O)=O)N(C)Cc1csc(-c2ccco2)n1,0.3403914
ZINC_250K_10123,CCCc1cc(C(=O)N[C@@H](CC)c2nc(C)no2)[nH]n1,0.3403914
ZINC_250K_3736,Cc1cnn(CCCCC[NH+]2CCN(c3ccc(O)cc3)CC2)c1,0.3403914
ZINC_250K_2490,COc1ccc(C(=O)N[C@H]2CCCC[C@H]2C(C)(C)C)cc1OC,0.3403914
ZINC_250K_7628,CC(C)(C)N1C[C@@H](C(=O)N2CCC(C(=O)N(CC#N)CC#N)CC2)CC1=O,0.34039137
ZINC_250K_2034,C[C@H](SC(C)(C)C)C(=O)N1CCN(c2ccc(F)cc2)CC1,0.34039134
ZINC_250K_8435,Cc1ccccc1C(=O)NCC(=O)N(C)CCc1ccccn1,0.34039134
ZINC_250K_4906,CC[C@H](NC(=O)C(=O)Nc1ccccc1F)c1ccc(OC)cc1,0.34039134
ZINC_250K_5491,CN1CCC(CNC(=O)NCC(C)(C)c2ccccc2)([NH+]2CCCCC2)CC1,0.3403913
ZINC_250K_6765,Cc1cnn(CCC(=O)N[C@H](C)c2ccc(-n3cccn3)cc2)c1,0.34039128
ZINC_250K_8116,Cc1cccc(NC(=O)N[C@@H]2CCC[NH+](C)C2)c1Cl,0.34039128
ZINC_250K_8832,CC(=O)Oc1cc(NC(=O)C[C@H]2SC(=N)NC2=O)cc(OC(C)=O)c1,0.34039128
ZINC_250K_7110,Cc1nn2c(ncc3c(=O)n(CC[NH+](C)C)ccc32)c1-c1ccccc1,0.34039125
ZINC_250K_422,COc1cccc(OC)c1OC1CC[NH+](Cc2ccc([C@H]3C[C@@H]3C)o2)CC1,0.34039125
ZINC_250K_591,C[C@H]1CN(C(=O)CC[C@H](C)c2ccccc2)C(C)(C)CO1,0.34039116
ZINC_250K_4690,C[C@H](NS(=O)(=O)c1ccc(Cl)cc1)C(=O)N(C)c1ccccc1,0.34039116
ZINC_250K_6911,Cc1ccc(-[n+]2noc([O-])c2CNCCc2ccc(S(N)(=O)=O)cc2)cc1,0.3403911
ZINC_250K_9206,O=C(CCn1cnc2sccc2c1=O)N1CCCSCC1,0.3403911
ZINC_250K_4315,Cc1nn(CN2CCN(C(=O)c3ccccc3)CC2)c(C)c1[N+](=O)[O-],0.34039107
ZINC_250K_3142,CC(C)c1ccc([C@H]2C[C@H]2C(=O)N[C@@H](C)C(=O)NC(C)(C)C)cc1,0.34039107
ZINC_250K_9774,COC(=O)c1cccc(-c2cnc(Cl)cc2C(=O)[O-])c1,0.34039104
ZINC_250K_2083,O=C(C[C@H](O)c1ccccc1)N1CCN(c2ccc(Cl)cc2)CC1,0.34039104
ZINC_250K_345,Cn1c(=O)c(=O)n(CC(=O)N2CCC3(CC2)OCCO3)c2cccnc21,0.34039104
ZINC_250K_5863,CCOC(=O)C[C@H](C)CNC(=O)Nc1ccc(C)cc1C,0.34039104
ZINC_250K_4608,COc1ccccc1[C@@H](NC(=O)c1ccc2nncn2c1)C(C)(C)C,0.340391
ZINC_250K_1504,CC(=O)c1ccc(Nc2ncnc(Nc3ccccc3C)c2[N+](=O)[O-])cc1,0.340391
ZINC_250K_6856,O=C(Cc1ccc(OC(F)F)cc1)N1CCc2c(F)ccc(F)c2C1,0.34039098
ZINC_250K_6683,c1ccc(-c2cc(CSc3nnc(-c4cccs4)n3C[C@H]3CCCO3)no2)cc1,0.34039098
ZINC_250K_10206,C[C@]12CCC(=O)N1[C@@H](C(=O)N1C[C@H](O)C[C@@H]1C(=O)[O-])CS2,0.34039095
ZINC_250K_10326,Cc1cc(O[C@@H](C)/C([O-])=N/S(=O)(=O)c2cccs2)ccc1Cl,0.34039095
ZINC_250K_5399,CCc1nsc(N2CCCN(S(=O)(=O)CCC3CC3)CC2)n1,0.3403909
ZINC_250K_4902,C[NH+](Cc1cn(-c2ccccc2)nc1C(C)(C)C)C1(CO)CCSCC1,0.3403909
ZINC_250K_2980,O=C(CCc1c[nH]c2ccccc12)Nc1ccccc1O,0.3403909
ZINC_250K_2358,CC(C)C[C@H](CO)Nc1ccc([N+](=O)[O-])cc1Cl,0.3403909
ZINC_250K_7422,CCc1ccccc1OCC(=O)NC1(C(N)=O)CCCC1,0.34039083
ZINC_250K_6240,O=C(NCc1ccc(O)cc1)N[C@H](c1cccc(C(F)(F)F)c1)C1CC1,0.34039083
ZINC_250K_7038,Cc1nc(SCC(=O)N(Cc2ccccc2)c2ccccc2)c(C#N)c(C)c1C,0.34039083
ZINC_250K_382,CCNc1ncc(COc2cccc3ccccc23)s1,0.34039077
ZINC_250K_570,CCc1noc(CN(CC)C(=O)C(C)(C)NC(=O)c2cccs2)n1,0.34039077
ZINC_250K_4870,COC(=O)Nc1ccccc1C(=O)N(C)CCCc1ccccc1,0.34039077
ZINC_250K_1737,COc1ccc(NC(=O)C2=Cc3ccccc3OC=C2)c(OC)c1,0.34039077
ZINC_250K_1213,CCC(=O)Nc1cc(C(=O)OCC(=O)c2cccs2)ccc1C,0.3403907
ZINC_250K_5764,Cc1nc2ccccc2n1CCC[NH2+]Cc1cccc(F)c1F,0.34039068
ZINC_250K_10371,CCN(CCO)c1ncnc(Nc2ccc3c(c2)OCO3)c1N,0.34039065
ZINC_250K_9204,C[C@H]1CC(C(=O)N[C@@H](c2ccccc2)c2ccc3c(c2)CCCO3)C[C@H](C)O1,0.34039062
ZINC_250K_6657,CCc1ccc(Cl)c(CC)c1NC(=O)C[C@@H]1CCS(=O)(=O)C1,0.34039062
ZINC_250K_4568,COC(=O)c1cncc(NC[C@@H]2CCCC[C@@H]2C)n1,0.3403906
ZINC_250K_7282,CC1(C)CN([C@@H]2CCCc3ccc(Br)cc32)CC[S@]1=O,0.34039053
ZINC_250K_5918,Cc1cc(C[C@H](C)NC(=O)N[C@@H]2CC[C@H]([NH+](C)C)C2)n[nH]1,0.34039053
ZINC_250K_4410,O=[N+]([O-])c1ccc(NC[C@@H]2COc3ccccc3O2)nc1,0.3403905
ZINC_250K_4031,O=C1N(Cc2cccc(F)c2)c2ccccc2[C@]1(O)c1cccc(F)c1,0.34039047
ZINC_250K_3777,CCc1ccccc1NC(=O)CCc1cc(C(C)=O)c(C)o1,0.34039047
ZINC_250K_9604,CC[C@@H](C(=O)Nc1cccnc1C)C(N)=S,0.34039044
ZINC_250K_4871,C[C@@H](O)CCNC(=O)NC[C@H](C)Oc1cccc(Cl)c1,0.34039044
ZINC_250K_6501,CC[NH+](C)C[C@@H]1CCN(Cc2cc(O)ccc2Br)C1,0.34039032
ZINC_250K_4489,O=C(Cn1ccc2ccccc21)N[C@@H]1CCS(=O)(=O)C1,0.34039032
ZINC_250K_10151,CCC[NH2+][C@H](COC)[C@H]1CCCc2ccccc21,0.34039026
ZINC_250K_8537,Cn1c(Sc2ccccc2[N+](=O)[O-])nnc1-c1ccccc1F,0.34039026
ZINC_250K_6009,Clc1cc(C[NH2+]C[C@@H]2CN(Cc3ccccc3)CCO2)cc2c1OCCO2,0.34039024
ZINC_250K_2491,CC[C@H](c1ccccc1)[S@](=O)CC(=O)Nc1cccc(C#N)c1,0.34039024
ZINC_250K_3596,Cc1ccc(Cn2cccc2C(=O)C(=O)Nc2cc(C)cc(C)c2)cc1,0.3403902
ZINC_250K_3992,CNC(=O)c1ccc(/C=C/C(=O)N2CC[C@@H](C)C[C@H]2C)cc1,0.3403902
ZINC_250K_4790,N#CCCN(C[C@H]1CCOC1)Cn1ccc(-c2ccsc2)n1,0.3403902
ZINC_250K_2388,C[C@H](OC(=O)c1ccccc1I)c1nc2ccccc2c(=O)[nH]1,0.34039018
ZINC_250K_6377,Cc1ccnc(NC(=O)C[NH+](C)[C@@H](C)C(=O)NC(C)C)c1,0.34039018
ZINC_250K_156,O=C(NCc1cccs1)C1(c2cccc(Cl)c2)CCC1,0.34039018
ZINC_250K_7431,Cc1cccc([C@@H]2C(=O)NC(=O)C[C@@]23CCCOC3)c1,0.34039018
ZINC_250K_1668,COc1ncc(C(=O)Nc2nc3cc(Cl)c(C)cc3s2)cn1,0.34039018
ZINC_250K_2754,CN(C)c1cccc(C(=O)N[C@H]2[C@H]3CCO[C@@H]3C2(C)C)c1,0.34039012
ZINC_250K_4576,C=CCOC(=O)/C(=C/c1ccc2c(c1)OCO2)NC(=O)c1cccc(Br)c1,0.3403901
ZINC_250K_3315,COCCNC(=S)N1c2ccccc2C[C@H]1C,0.34039006
ZINC_250K_1256,COC(=O)[C@H](NCC(F)(F)F)c1cncn1C1CC1,0.34039006
ZINC_250K_3005,C=CCCCN(C)C(=O)c1cc(-c2csc(C)n2)c[nH]1,0.34039006
ZINC_250K_1162,CCn1nc(C)cc1C(=O)Nc1nc(-c2ccco2)cs1,0.34039
ZINC_250K_3054,O[C@H](CNc1ncnc2sc3c(c12)CCNC3)c1ccccc1,0.34038994
ZINC_250K_1790,C[C@H](CCOc1ccccc1)C(=O)N[C@@H](C#N)c1ccccc1F,0.3403899
ZINC_250K_1530,CCOC(=O)[C@@H](C)n1c(=O)c(C(F)(F)F)nc2cc(C)c(C)cc21,0.34038982
ZINC_250K_9557,CC(C)c1ccc(/C=N/NC(=O)CNC(=O)c2ccccc2Br)cc1,0.34038973
ZINC_250K_1479,CSc1nc2nnc3c(=O)n(-c4cccc(Cl)c4)ccc3n2n1,0.34038967
ZINC_250K_321,Nc1ccc2c(c1)CN(C(=O)c1ccc(Cl)cn1)CC2,0.34038967
ZINC_250K_319,C[C@H](Oc1cccc(Cl)c1)C(=O)Nc1ccc2ccccc2c1,0.34038964
ZINC_250K_2390,CC(C)C(=O)NC[C@@H]1CCCN(S(=O)(=O)CCC2CC2)C1,0.3403896
ZINC_250K_154,O=C(NCc1ccc([N+]2=CCCC2)cc1)NC1(c2ccc(Cl)cc2)CC1,0.34038958
ZINC_250K_7593,CC1(C)CN(C(=O)c2ccc(-n3ccnn3)cc2)CCS1(=O)=O,0.34038955
ZINC_250K_1547,C[C@H](Cc1c(Cl)cccc1Cl)NC(=O)CCC(=O)NC1CCCC1,0.34038952
ZINC_250K_7829,CCc1noc(C)c1C(=O)Nc1ccc2ccccc2c1,0.3403895
ZINC_250K_6929,Cc1nc(C)c(C(=O)N(C)Cc2ccc(F)c(F)c2)o1,0.3403895
ZINC_250K_6320,Cn1ncc2c1CCC[C@@H]2[NH+](C)Cc1c(Cl)nc2sccn12,0.34038946
ZINC_250K_4719,CCCNC(=O)CNC(=O)COc1ccc(Cl)cc1Cl,0.34038946
ZINC_250K_2686,Cc1ccc(N[C@H]2CCOC3(CCSCC3)C2)c(Cl)c1,0.3403894
ZINC_250K_3564,CC(C)C[C@H](NC(=O)OC(C)(C)C)C(=O)N1CC[C@@H](C)[C@@H](O)C1,0.3403894
ZINC_250K_2695,C[C@H](C(=O)Nc1sc2c(c1C#N)CCCCC2)[N+](C)(C)C1CCCC1,0.34038937
ZINC_250K_5963,O=C(N[C@@H]1[C@@H]2CCO[C@@H]2C12CCC2)c1cnc([C@H]2CCCO2)s1,0.34038937
ZINC_250K_9254,CC(C)CCOc1ccc(NC(=O)c2nccnc2N)cc1,0.34038934
ZINC_250K_634,CCN(CCO)C(=O)Nc1cccc(C(=O)Nc2cccc(C#N)c2)c1,0.34038934
ZINC_250K_1974,O=C(COc1ccc(I)cc1)NC[C@@H]1COc2ccccc2O1,0.3403893
ZINC_250K_6557,Fc1ccc(C(F)(F)F)cc1C[NH+]1CCC(OC[C@H]2CCCO2)CC1,0.3403893
ZINC_250K_8018,COCC[C@@H](C)C(=O)Nc1cc(F)ccc1C(=O)OC,0.34038928
ZINC_250K_7782,COc1ccc(CN[C@H]2C[NH+](C(C)C)C[C@H]2C)cc1F,0.34038928
ZINC_250K_9991,Cc1cccc(-n2ncc3c(O)nc(SCC(N)=O)nc32)c1C,0.34038916
ZINC_250K_4379,COc1cccc([C@@H]2Nc3ccccc3C(=O)N2OC(C)=O)c1,0.34038913
ZINC_250K_5116,O=C(Cn1c(=O)oc2ccccc21)N1CCC2(CC1)OCCN2S(=O)(=O)c1ccccc1,0.34038913
ZINC_250K_3501,CC[C@H](O)c1ccc(O[C@@H]2CCOC3(CCCC3)C2)cc1,0.34038913
ZINC_250K_643,COc1cc(OC)cc(C(=O)Nc2ccccc2C(=O)NC(C)(C)C)c1,0.34038907
ZINC_250K_6322,C[NH+](C)CCN(Cc1cccs1)C(=O)c1cc(-c2ccccc2)[nH]n1,0.34038907
ZINC_250K_7468,Cc1cnc([C@@H](C)NC(=O)Nc2ccc([NH+]3CCC(C)CC3)cc2)s1,0.34038907
ZINC_250K_5001,CN(C(=O)CSc1ccc(Cl)cc1)c1cccc2ncccc12,0.34038907
ZINC_250K_5664,C/[NH+]=C(/NCc1ccnn1C)NCC(C)(C)[NH+]1CCC[C@H](C)C1,0.340389
ZINC_250K_1902,CCCNS(=O)(=O)c1ccc(NC(=O)[C@@H]2C[C@@H]2C)cc1,0.340389
ZINC_250K_4963,COc1ccc(O[C@H](C)CNC(=O)c2ccc3[nH]c(=S)oc3c2)cc1,0.340389
ZINC_250K_1700,Cc1ccccc1[C@@H](C)NC(=O)c1cc(-c2ccncc2)nc2ccccc12,0.3403889
ZINC_250K_8972,Cc1cc(NC(=O)N(CC[NH+](C)C)Cc2cccc(C(F)(F)F)c2)no1,0.3403889
ZINC_250K_4401,COc1cccc([C@H]2C[C@H]2C(=O)Oc2cccc(-n3cccn3)c2)c1,0.3403889
ZINC_250K_7977,C[C@H]1CN(C(=O)/C=C/c2ccc(Cl)c(Cl)c2)C[C@H](C)O1,0.3403889
ZINC_250K_9368,CCOc1ccc(C(C)=O)cc1Cn1ccs/c1=N\C(=O)c1ccc[n+]([O-])c1,0.34038886
ZINC_250K_1140,Cc1cn2c([nH+]1)CC[C@H](NS(=O)(=O)N1CCO[C@H](C)C1)C2,0.34038883
ZINC_250K_10413,C[C@@H](O)[C@@H](O)/C=C/C=C/C(=O)O[C@@H]1C=C2COC(=O)[C@]2(O)[C@@]2(C)CCCC(C)(C)[C@@H]12,0.34038883
ZINC_250K_1567,CC[NH+](CC)[C@@H](CNC(=O)c1ccncc1Cl)c1ccccc1,0.34038875
ZINC_250K_8028,Cc1nc(CC(=O)N2C[C@H](C(N)=O)CC[C@H]2C)cs1,0.34038866
ZINC_250K_8997,COC(=O)[C@@H]1CCN(C(=O)CSCC(F)(F)F)c2ccccc21,0.34038866
ZINC_250K_7318,O=C(COC1CCCCC1)NC1CC[NH+](CCc2ccncc2)CC1,0.34038863
ZINC_250K_2035,C[NH+](C)CC(=O)N1CCN(C(=O)c2ccc(COc3ccccc3)cc2)CC1,0.34038857
ZINC_250K_1115,O=C(NCc1ncc(-c2ccccc2)o1)N[C@@H]1CCC[C@@H]1CO,0.34038857
ZINC_250K_6959,Cc1ccc(CNC(=O)c2nn(C)c3ccccc3c2=O)cc1,0.34038854
ZINC_250K_1329,c1ccc(-n2nnnc2NC[C@@H]2CCOC2)cc1,0.34038854
ZINC_250K_1212,CC(C)Oc1ccccc1NC(=O)C(=O)NCc1ccncc1,0.3403885
ZINC_250K_1644,C[C@@H](N[C@H]1CCCSc2ccccc21)c1nc(-c2ccncc2)cs1,0.3403885
ZINC_250K_9071,Cc1cc(C(=O)NCCCCn2cc[nH+]c2)c(C)n1-c1ccc(C#N)cc1,0.3403885
ZINC_250K_4443,O=C(c1ccc(Cl)o1)N1CCC[C@H]1c1ccc2c(c1)OCCO2,0.34038848
ZINC_250K_3328,Nc1ccc(-c2nnc(SCC(=O)c3ccc([C@H]4CC4(Cl)Cl)cc3)o2)cc1,0.34038845
ZINC_250K_1435,CC(=O)Nc1cc(NC(C)=O)cc(C(=O)Nc2cc(C)cc3cccnc23)c1,0.34038845
ZINC_250K_291,O=C(c1c[nH]c2ccc(F)cc12)N(CC1CC1)CC(F)(F)F,0.3403884
ZINC_250K_8717,Cc1cc(C)nc(N2CCC(NC(=O)OC(C)(C)C)CC2)n1,0.34038836
ZINC_250K_10496,CS(=O)(=O)c1ccccc1NC(=O)[C@@H]1CCCCC[C@H]1[NH3+],0.34038836
ZINC_250K_9332,COc1ccc(CC(=O)Nn2cnc3ccccc32)cc1,0.34038836
ZINC_250K_7509,C[C@@H]1CN(S(=O)(=O)N2CCc3ccc(Cl)cc3C2)C[C@H](C)O1,0.3403883
ZINC_250K_2069,COC(=O)[C@H](C)Oc1ccnc2c(F)cc(F)cc12,0.3403883
ZINC_250K_5653,COc1ccc(CCC(=O)N(C)C[C@H](C)C(=O)[O-])cc1F,0.34038818
ZINC_250K_6534,NC(=O)NC[C@H]1CCCC[NH+]1Cc1ccn(Cc2ccccc2)c1,0.34038818
ZINC_250K_1972,CC(=O)N1CC[C@@H]([NH2+][C@H](C)c2ccc3[nH]c(=O)[nH]c3c2)C1,0.34038818
ZINC_250K_4124,C[C@H](Sc1ccc([N+](=O)[O-])cc1)C(=O)N1Cc2ccccc2C[C@@H]1C(N)=O,0.34038818
ZINC_250K_770,CC(C)=CC(=O)NCCC1CCN(c2cc[nH+]cc2)CC1,0.34038812
ZINC_250K_3920,Cc1cccc(NC(=O)CNc2ccc(NC(=O)C(C)C)cc2)c1C,0.34038812
ZINC_250K_5698,Cc1ccccc1NS(=O)(=O)c1ccc2oc(=O)ccc2c1,0.34038812
ZINC_250K_9220,CC[NH+]1CCN(CCC(=O)N2CCO[C@H](c3ccc(F)cc3)C2)CC1,0.34038812
ZINC_250K_8181,Cc1c(NC(=O)C(=O)NCC2(C)Cc3ccccc3C2)cccc1C(N)=O,0.3403881
ZINC_250K_7527,CSc1ccc(-c2nc(CN3CCO[C@H](C[NH3+])C3)c(C)o2)cc1,0.34038806
ZINC_250K_6535,O=C(Nc1ccccc1C(F)(F)F)c1cc(F)c(F)cc1Cl,0.34038803
ZINC_250K_10062,CCC[C@H]1CN(C(=O)c2cnn(CC(C)C)c2CC)CCO1,0.340388
ZINC_250K_378,CCO[C@@H]1C[C@@H]([NH+](C)C[C@@H]2CCCN(S(C)(=O)=O)C2)C12CCCCC2,0.340388
ZINC_250K_5371,O=C([O-])c1ccc2c(c1)CCN2C(=O)c1ccn[nH]1,0.340388
ZINC_250K_1998,CN(C(=O)CNc1ccc(Cl)cc1)c1ccccc1,0.340388
ZINC_250K_5251,CCC[C@@H]([NH2+][C@H]1CCCN(c2ccn(C)n2)C1=O)C1CC1,0.34038797
ZINC_250K_2814,COCCN(C(=O)[C@@H]1C[C@@H]1c1ccccc1OC)C1CCCC1,0.34038794
ZINC_250K_9740,C[NH+](C)[C@H]1CC[C@@H](NC(=O)[C@H](NC(=O)OC(C)(C)C)c2ccccc2)C1,0.3403879
ZINC_250K_3442,CCC(CC)N(C)c1ncnc2c1cnn2CC(=O)OC,0.3403879
ZINC_250K_7722,CCN(C(C)=O)c1nc(C[NH+](C)[C@@H]2CCCc3nc(C)sc32)cs1,0.34038788
ZINC_250K_7887,CN(Cc1ccccc1F)C(=O)c1ccc(C(F)(F)F)nc1[O-],0.34038788
ZINC_250K_5548,O=C(CCOc1ccccc1-c1ccccc1)N1CCN(CCO)CC1,0.34038785
ZINC_250K_9719,O=C(CNC(=O)c1ccccc1Cl)N/N=C\c1cccc(Cl)c1,0.34038785
ZINC_250K_401,COCCNC(=O)/C(C#N)=C/c1cccc(O)c1,0.34038782
ZINC_250K_6508,CCn1cc(CC(=O)N2CC[S@@](=O)C(C)(C)C2)c2ccccc21,0.34038782
ZINC_250K_2924,O[C@H](CN(Cc1cnc2cnccn12)C1CC1)c1ccc(F)cc1,0.34038782
ZINC_250K_10366,Cc1cncc(C(=O)O[C@H](Cn2cncn2)c2ccccc2)c1,0.3403878
ZINC_250K_9839,O=C(CNC(=O)c1n[nH]c2ccccc12)Nc1ccc(Cl)cc1,0.34038776
ZINC_250K_1563,Cc1[nH]c(=O)[nH]c(=O)c1CCC(=O)Nc1ccc(Cl)cc1,0.3403877
ZINC_250K_33,CCc1ccc(N(Cc2ccc(C)s2)C(=O)c2ccc(=O)n(C)n2)cc1,0.34038767
ZINC_250K_5747,Cc1sc2ncnc(SCC(=O)N(C)C3(C#N)CCC3)c2c1C,0.34038764
ZINC_250K_6851,CCn1c(=O)c2ccccc2n2c(COc3cc(Cl)c(Cl)cc3Cl)nnc12,0.3403876
ZINC_250K_10338,NC(=O)NC1CC[NH+](Cc2ccc3c(c2)CCC3)CC1,0.3403876
ZINC_250K_2501,COc1ccc(OCC[NH+]2CCC[C@H]2c2cc(C(C)C)on2)cc1,0.3403876
ZINC_250K_6584,C[C@H](O)C[C@H]1CCCN1S(=O)(=O)c1cccnc1,0.34038758
ZINC_250K_6664,CCc1cc(NC(=O)N[C@@H]2CCCCC[C@@H]2C(=O)OC)n(C)n1,0.34038758
ZINC_250K_4691,O=C(C[NH2+]C[C@@H]1CCCO1)Nc1cccc(C(F)(F)F)c1,0.34038758
ZINC_250K_5706,Cc1cc(C)n(CC(=O)NNC(=O)NCc2ccsc2)n1,0.34038758
ZINC_250K_1419,CCOC(=O)CN(CC1CC1)C(=O)[C@@H]1SCCc2sccc21,0.34038758
ZINC_250K_9925,CCC(=O)N1CCC[C@H]1[C@H]1CCCN1c1cccc(F)c1C#N,0.34038755
ZINC_250K_3052,Cc1ccc(NC(=O)N2CCN(c3ccc(F)cn3)CC2)s1,0.34038752
ZINC_250K_5691,COC(=O)[C@@H]1C[C@H](O)CN1Cc1sc(C)nc1C,0.34038746
ZINC_250K_2986,CC[C@H](Nc1cc(C)nc(COC)n1)c1cccc([N+](=O)[O-])c1,0.3403874
ZINC_250K_849,NC(=O)[C@@H]1CCCN(C(=O)Cn2nc(-c3cccs3)oc2=O)C1,0.34038737
ZINC_250K_26,CC[C@H](C)C[C@@H](C)NC(=O)N1CCN(CC(=O)NC2CC2)CC1,0.34038734
ZINC_250K_5280,C=CCC[C@H](C[NH+]1CCCOCC1)Oc1nc2ccccc2s1,0.34038734
ZINC_250K_711,COc1ccc(CNC(=O)[C@H]2Oc3ccccc3O[C@@H]2C)cn1,0.34038734
ZINC_250K_8190,C[C@H](NC(=O)Nc1ccc(C(N)=O)nc1)c1ccc(Cl)s1,0.34038734
ZINC_250K_5635,O=C(C[C@@H]1CCc2ccccc21)N1CCc2ncccc2C1,0.34038728
ZINC_250K_4109,C[C@H]1CCC[C@H](N(C)C(=O)CCc2ccccc2O)C1,0.34038728
ZINC_250K_10102,Cc1ccccc1[C@H](O)CNC(=O)N[C@H]1CC[NH+](CC2CC2)C1,0.34038725
ZINC_250K_9015,CS[C@H]1CCC[C@@H]1NC(=O)NCc1ncn(C)n1,0.34038725
ZINC_250K_10465,CCc1ccc(C(C)(C)NC(=O)c2ccc(C(=O)N(C)C)nc2C)cc1,0.3403872
ZINC_250K_5156,Cc1ccnc(-c2ccc(Nc3nccn(C)c3=O)cc2)n1,0.3403872
ZINC_250K_4405,CC(C)OC(=O)c1cccc(-c2ccc([C@H]3[NH2+][C@H](C(=O)[O-])C(C)(C)S3)o2)c1,0.34038714
ZINC_250K_1197,O=C(NC[C@@H](O)c1ccco1)c1csc2c1CCCC2,0.34038714
ZINC_250K_5540,Cc1ccc(C(=O)Nc2nc(S(C)(=O)=O)oc2-c2ccccc2)cc1,0.34038714
ZINC_250K_2151,O=C(CS[C@H]1NN=C(C[C@@H]2CCS(=O)(=O)C2)O1)C1=c2ccccc2=[NH+][C@@H]1c1ccccc1,0.34038714
ZINC_250K_4417,Cc1cc(C)cc(C[S@](=O)Cc2coc(-c3cccc(Cl)c3)n2)c1,0.3403871
ZINC_250K_4910,CCc1ccc(CNC(=O)c2ccc(S(N)(=O)=O)c(F)c2)s1,0.3403871
ZINC_250K_4307,COc1ccc(CNC(=O)[C@@H](C)OC(=O)c2ccc(C)cc2)cc1,0.34038705
ZINC_250K_8766,Cc1cccc(CN(C)S(=O)(=O)N2CCCC[C@@H]2C[NH3+])n1,0.34038702
ZINC_250K_2768,COc1ccc(NC(=O)c2cccnc2Cl)cn1,0.34038702
ZINC_250K_5224,Cn1ccnc1[C@@H](O)C1CC[NH+](Cc2cn3ccccc3n2)CC1,0.34038702
ZINC_250K_7934,CCN(C)S(=O)(=O)c1c(C)nn(Cc2ccc(C(F)(F)F)cc2)c1C,0.34038702
ZINC_250K_292,O=C(Cc1ccc(Cl)cc1)/N=C1/S[C@@H]2CS(=O)(=O)C[C@H]2N1c1cc(Cl)ccc1Cl,0.34038702
ZINC_250K_196,Cc1ccc(S(=O)(=O)N2CCN(C(=O)[C@H]3CCCC[C@@H]3C(=O)[O-])CC2)cc1C,0.34038696
ZINC_250K_8721,COc1cc(CN2C[C@@H](C)O[C@@H](c3ccsc3)C2)cc(OC)c1OC,0.34038693
ZINC_250K_4679,O=C(Cc1ccc(F)cc1)/N=C1/S[C@H]2CS(=O)(=O)C[C@@H]2N1c1ccc(F)cc1F,0.3403869
ZINC_250K_5877,CC[C@H](C)[NH+]1CCC2(CC1)C(=O)N(C1Cc3ccccc3C1)C(=O)N2CC(C)C,0.3403869
ZINC_250K_8365,CC[NH+]1CCC(CC(=O)N[C@H](C(=O)[O-])c2ccc(F)cc2F)CC1,0.3403869
ZINC_250K_4932,Cc1nc(CNC(=O)N[C@](C)(CO)C2CCCCC2)sc1C,0.34038687
ZINC_250K_2068,CCCNC(=O)NC(=O)COC(=O)C1(c2ccc(Cl)cc2)CCCC1,0.34038684
ZINC_250K_3914,Cn1ncnc1CNC(=O)NC(C)(C)c1ccc([N+](=O)[O-])cc1,0.3403868
ZINC_250K_2834,CC(C)c1cnc(CN2CCC[C@@H]2[C@@H](C#N)c2ccccc2)o1,0.34038678
ZINC_250K_288,CSc1cccc2sc(N3CCN(C(=O)c4ccn(C(C)C)n4)CC3)nc12,0.34038675
ZINC_250K_9383,N#Cc1ccccc1N1CCN(C(=O)c2cccnc2)CC1,0.34038675
ZINC_250K_6039,O=C(NCC1(O)CCOCC1)c1ccc(CSC(F)F)o1,0.34038675
ZINC_250K_7642,CC(C)[NH+]1CCC(N(C)C(=O)c2ccc(-n3cccc3)cc2)CC1,0.3403867
ZINC_250K_7103,COc1cc(CN2CCCC[C@H](SC)C2)c([N+](=O)[O-])cc1OC,0.3403867
ZINC_250K_8584,Clc1cccc(NCCN2CCc3ccccc32)c1,0.3403867
ZINC_250K_2991,CN1C(=O)[C@H](c2nc3ccccc3c(=O)[nH]2)[C@@H](O)c2ccccc21,0.34038666
ZINC_250K_1210,O=C(c1ccccc1Nc1cccc(C(F)(F)F)c1)N1CCCCC1,0.34038666
ZINC_250K_3229,NS(=O)(=O)c1ccc(S(=O)(=O)N2CCN(C(=O)c3ccc(-n4cccn4)cc3)CC2)cc1,0.34038657
ZINC_250K_808,CC[C@@H]1CCCCCN1C(=O)c1cnc2sc(C)cn2c1=O,0.34038654
ZINC_250K_6951,[NH3+][C@]1(CO)CCC[C@@H]1CCOc1cccc2ccccc12,0.3403865
ZINC_250K_3228,COc1cc(C[NH+]2CC[C@@H](NCc3scnc3C)C2)cc(OC)c1,0.3403865
ZINC_250K_6050,CCCCCNC(=O)Nc1ccnc(C(=O)N(C)C)c1,0.34038648
ZINC_250K_2392,Cc1ccc(-c2cc(O)c3c(c2)CN(C(=O)[C@@H](C)[NH3+])CCO3)s1,0.34038642
ZINC_250K_1782,CC[NH+]1CC[C@@H](N(C)C(=O)Nc2cnccc2C)[C@H](C)C1,0.34038642
ZINC_250K_6193,C[C@@H](CCC(=O)Nc1nn(C)cc1C(N)=O)c1ccccc1,0.34038642
ZINC_250K_6080,CC(=O)c1cccc(OC[C@@H](O)C[NH+]2CCC(CO)CC2)c1,0.34038642
ZINC_250K_2718,O[C@@H]1C[C@H](CNCc2cnn(-c3ccccc3)c2)[NH+](Cc2ccccc2)C1,0.34038633
ZINC_250K_4449,Cc1nn(C)c2nc(NC[C@H](c3ccncc3)N3CCOCC3)sc12,0.3403863
ZINC_250K_9526,O=C(N/N=C/C=C/c1ccccc1)c1ccc(NC(=O)C2CCCCC2)cc1,0.3403863
ZINC_250K_2079,CC(C)[C@H](C)[NH+]1Cc2cccc(NCc3cc(=O)n4ccsc4[nH+]3)c2C1,0.3403863
ZINC_250K_1062,O=C1C[C@H](c2ccccc2C(F)(F)F)[C@H]2C(=O)N=C(c3ccccc3)N=C2N1,0.3403863
ZINC_250K_7840,CC(=O)N1CCc2[nH]c3ccc(C(=O)N4CCCC4)cc3c2C1,0.3403863
ZINC_250K_3500,C[C@H]1CCC[NH+](Cc2ccc(CNC(=O)NNC(=O)C(C)(C)C)cc2)C1,0.34038627
ZINC_250K_8912,CO[C@H](C(=O)N1CCC[C@H](NS(C)(=O)=O)C1)c1ccccc1,0.34038624
ZINC_250K_1958,C[C@@H]1CCOCCN1c1ccc2nnc(-c3ccccc3)n2n1,0.34038612
ZINC_250K_8416,CC(C)[C@@H](Cc1ccccc1)C(=O)NCCc1ncnn1C,0.34038612
ZINC_250K_2245,Cc1ccc([C@H](C)NC(=O)/C(C#N)=C/[C@H]2C=NN=C2c2ccccc2)cc1,0.34038612
ZINC_250K_650,C[C@@H](C(=O)N1CCCC1)N1CCN(C(=O)NCc2ccco2)CC1,0.34038606
ZINC_250K_4178,CC(=O)Nc1ccc(S(=O)(=O)NCCOc2ccccc2)cc1,0.340386
ZINC_250K_5435,Cc1csc(/N=C2/S/C(=C\c3cccc(Cl)c3)C(=O)N2C)n1,0.34038597
ZINC_250K_3769,Cc1cccc(NC(=O)C(=O)NCCC(=O)Nc2ccccc2)c1Cl,0.34038597
ZINC_250K_2732,Cc1ccc([O-])c(CN2CCN(C(=O)c3ccccc3O)CC2)[nH+]1,0.34038597
ZINC_250K_2719,CCC[C@@H]1[C@@H](C)CCCN1C(=O)c1ccc(OC)nn1,0.3403859
ZINC_250K_2134,CN(C)c1cccc(C(=O)NC2CC[NH+](Cc3ccccc3)CC2)c1,0.3403859
ZINC_250K_5302,CCS(=O)(=O)C[C@@H](C)[NH2+]C1CCN(c2ccc([N+](=O)[O-])cc2)CC1,0.3403859
ZINC_250K_688,CCSc1ccc(C(=O)N2CC[C@H](C)[C@H](O)C2)cn1,0.3403859
ZINC_250K_1052,Cc1ncccc1NC(=O)C(=O)NCC[NH+](C)C(C)C,0.34038585
ZINC_250K_6163,CC(C)(C)c1ncc(NC(=O)c2cc(F)c(F)cc2[N+](=O)[O-])cn1,0.3403858
ZINC_250K_1814,Cc1ccccc1N1CCN(C(=O)[C@@]23CC[C@@H](C[C@@H]2Br)C3)CC1,0.3403858
ZINC_250K_6982,Cc1csc([C@@H](C)NC(=O)c2cc(S(C)(=O)=O)ccc2Cl)n1,0.3403858
ZINC_250K_9539,O=C(NCCC1=c2ccccc2=[NH+]C1)[C@@H]1N[C@@H](CC2=c3ccccc3=[NH+]C2)NO1,0.34038574
ZINC_250K_9417,Cc1nc2n(CC(=O)N3CCOCC3)c3ccccc3n2n1,0.34038574
ZINC_250K_8205,O=C(CCCN1C(=O)/C(=C/c2ccccc2Cl)SC1=S)NNC(=O)c1ccccc1,0.34038574
ZINC_250K_7507,CC[C@@H](N[C@@H]1CCCN(CC(F)(F)F)C1=O)c1ccc(OC)cc1,0.34038574
ZINC_250K_3750,CC(C)(C)C(=O)N1CCN(C(=O)[C@H]2CCC[NH+]2Cc2ccccc2)CC1,0.34038574
ZINC_250K_3708,O=C(CNC(=O)c1ccc(Cl)c(Cl)c1O)NCc1ccco1,0.3403857
ZINC_250K_3666,O=C(CCCc1ncc(-c2ccccc2)o1)N1CCN(CCO)CC1,0.3403857
ZINC_250K_1915,COC(=O)c1c(C)[nH]c(C(=O)[C@@H](C)OC(=O)c2cnn(C)c2)c1C,0.3403857
ZINC_250K_9160,Cc1ccc(-n2nc(N3CCCN(S(=O)(=O)c4ccccc4)CC3)ccc2=O)cc1C,0.34038568
ZINC_250K_5063,C[C@H](Oc1ccccc1C(=O)Nc1ccccc1)C(=O)C1=c2ccccc2=[NH+][C@@H]1C,0.34038565
ZINC_250K_748,COCCCn1c(C)c(C)c(C#N)c1NC(=O)C[NH+]1CC(C)(C)C1(C)C,0.34038565
ZINC_250K_9087,CC[C@@H]1CCCCN1C(=O)c1cccc(OC)c1F,0.3403856
ZINC_250K_8236,COc1ccc(C(=O)Nc2ccc(C(=O)N[C@@H](C)c3ccccc3)cc2)cc1Br,0.34038553
ZINC_250K_1753,CCC(=O)NCc1ccc(-c2noc([C@H]3CCCO3)n2)s1,0.34038553
ZINC_250K_3785,Cc1cccnc1C[C@@H](N[C@H]1CCSc2ccccc21)C(F)(F)F,0.34038547
ZINC_250K_9373,COC(=O)CCNC(=O)c1cc(C)n(-c2ccccc2C)c1C,0.34038547
ZINC_250K_3580,O=C(Cc1cccs1)N[C@@H](c1ccc(Cl)cc1)C1CC1,0.34038547
ZINC_250K_3088,O=[N+]([O-])c1ccc2oc(NC[C@H]3COCCO3)nc2c1,0.34038547
ZINC_250K_5278,CCN(Cc1cccs1)C(=O)N[C@@H](C)c1cc(OC)c(OC)cc1C,0.3403854
ZINC_250K_4738,Cc1cc(C[NH+]2CCC(CNS(=O)(=O)c3ccc(C)c(C)c3)CC2)c(C)o1,0.3403854
ZINC_250K_6394,CC(C)C(=O)N1CCN(Cn2nc(/C=C/c3ccccc3)[nH]c2=S)CC1,0.34038538
ZINC_250K_10376,CCO/C([O-])=C1\C(=O)N=C(SC)[C@@H](C#N)[C@H]1c1ccccc1OC,0.34038535
ZINC_250K_5824,O=C([O-])COc1ccccc1/C=C1/SC(=O)N(c2ccc(F)cc2)C1=O,0.34038535
ZINC_250K_7352,O=C(Nc1nc(-c2cc3ccccc3o2)cs1)[C@@H]1COc2ccccc2O1,0.34038535
ZINC_250K_6605,CC(=O)N1CCN(C(=O)c2cccc(N3C(=O)C(C)(C)CS3(=O)=O)c2)CC1,0.34038535
ZINC_250K_8990,C[C@H]1CCC[C@@]1(C(=O)[O-])S(=O)(=O)c1cc(F)ccc1F,0.34038535
ZINC_250K_3010,O=c1[nH]c(=O)n(C[C@@H]2CCCO2)c2nccc(-c3ccccc3)c12,0.34038535
ZINC_250K_3707,O=C(Cn1nc(C(F)(F)F)cc1C1CC1)NC12CC3CC(CC(C3)C1)C2,0.34038535
ZINC_250K_5378,CN(C)c1nc(N)nc(COc2ccc3ccccc3c2C=O)n1,0.34038532
ZINC_250K_6643,C[C@]1(NC(=O)c2nn(-c3ccccc3)cc2[O-])CCS(=O)(=O)C1,0.3403853
ZINC_250K_807,CCOc1cccc([C@H](C)NC[C@@](C)(O)c2ccc(F)cc2F)c1,0.34038526
ZINC_250K_9871,C=CCn1/c(=N/S(=O)(=O)c2cccs2)sc2c(OC)ccc(OC)c21,0.34038523
ZINC_250K_7276,Cc1cccc(NC(=O)N[C@@H]2COc3ccccc3C2)c1C,0.3403852
ZINC_250K_2426,COc1ccc(C(=O)CCCC2OCC(C)(C)CO2)cc1OC,0.3403852
ZINC_250K_6700,CC[C@H](Cc1ccccc1)[NH2+][C@@H]1CCN(c2cc(C)nn2C)C1=O,0.3403852
ZINC_250K_9713,CCN(C(=O)NCc1cn(-c2ccccc2)nn1)C1CCCCC1,0.3403852
ZINC_250K_5846,CNc1ccccc1C(=O)NCc1ccc(Cl)cc1,0.34038517
ZINC_250K_1455,O=C(CN1CCCCCC1=O)Nc1cc2c(cc1Br)OCCO2,0.34038517
ZINC_250K_202,O=C1O[C@H](C(=O)Nc2ccnc3ccnn23)Cc2ccccc21,0.3403851
ZINC_250K_7270,CC[C@@H](c1ccncc1)[NH+](C)CC(=O)NCc1cc(F)cc(F)c1,0.3403851
ZINC_250K_4207,CCn1nc(C)c(CNC(=O)CCCc2cc(C)sc2C)c1C,0.3403851
ZINC_250K_2944,CCOc1ccc(/C=C2\SC(=S)N(Cc3ccco3)C2=O)cc1OC,0.34038508
ZINC_250K_8939,CCC[NH+](C)C[C@@H]1CCN(C(=O)Nc2cc(C)nn2C)C1,0.34038505
ZINC_250K_8960,CSCCN(C)C(=O)Cn1c(C)cc(=O)c2ccccc21,0.34038502
ZINC_250K_4062,Cn1ccnc1COC(=O)CCc1cc(Cl)ccc1Br,0.34038502
ZINC_250K_311,Cn1cc(C(N)=O)c(NC(=O)c2ccc3sccc3c2)n1,0.340385
ZINC_250K_2894,O=C(CNC(=O)c1ccc[nH]c1=O)Nc1ccon1,0.340385
ZINC_250K_8659,C[C@@H](CCc1cccc(F)c1)[NH2+]C1CCN([C@@H](C)c2ccncc2)CC1,0.340385
ZINC_250K_4928,O=C1/C(=C/c2cc3c(cc2Cl)OCO3)SC(=S)N1Cc1cccnc1,0.34038493
ZINC_250K_2734,CCOC(=O)[C@@H](CC)c1nc([C@@H]2CCC[C@H](C)C2)no1,0.34038493
ZINC_250K_1539,COC[C@H]([NH2+][C@H]1CCCN(c2ccccc2F)C1)C(C)C,0.34038493
ZINC_250K_5972,CCn1c(-c2cccc(C)c2)nn(CN2CCN(S(=O)(=O)c3ccccc3)CC2)c1=S,0.34038487
ZINC_250K_7209,Cc1nn(C)c(C)c1S(=O)(=O)/N=C(\[O-])c1occc1-c1ccccc1,0.3403848
ZINC_250K_3876,O=C(c1ccncc1C#CCCO)N1CCCOCC1,0.3403848
ZINC_250K_1235,C[C@@H]1CCc2sc(C(=O)N3CC[S@@](=O)C(C)(C)C3)cc2C1,0.34038475
ZINC_250K_7716,Cc1ccc(C(=O)N(C)CCOc2ccccc2F)cn1,0.34038475
ZINC_250K_2395,O=C(NC[C@@H](c1cccs1)S(=O)(=O)c1ccc(F)cc1)c1ccc(Cl)cc1,0.34038475
ZINC_250K_1670,CC[C@@H]([NH2+]CCN1CCCS1(=O)=O)c1ccc(OC)cc1,0.34038475
ZINC_250K_2688,CC(C)(CNC(=O)c1ccc([N-]S(=O)(=O)c2cc(Cl)sc2Cl)cc1)[NH+]1CCCCC1,0.34038472
ZINC_250K_8570,O=C(NC[C@@]1(O)CCc2ccccc2C1)c1ccc(Oc2ccccc2)cc1,0.3403847
ZINC_250K_9013,CC(C)C(=O)/N=C1/S[C@@H]2CS(=O)(=O)C[C@H]2N1Cc1ccc(F)cc1,0.3403847
ZINC_250K_8288,O=C(CCCOc1ccc(Cl)cc1Cl)NNC(=O)c1ccc(Cl)cc1,0.34038463
ZINC_250K_2024,O=C(CNc1ccccc1Cl)N/N=C/c1c[nH]c2ccccc12,0.3403846
ZINC_250K_305,COc1ccccc1CC(=O)N[C@@H]1CS(=O)(=O)C[C@H]1Cl,0.34038457
ZINC_250K_796,C[C@H](Nc1ccc(S(=O)(=O)N2CCCCC2)cn1)[C@@H](C)CO,0.34038457
ZINC_250K_9731,COc1ccc(S(=O)(=O)N2CCN(C[C@@H](O)CO)CC2)cc1,0.34038454
ZINC_250K_6306,Cc1ccc(-c2cc(-c3nnc(SCc4cc(C)on4)n3N)c3ccccc3n2)cc1,0.3403845
ZINC_250K_2760,O=C(CNC(=O)N1CCC[C@H]1c1ccsc1)N1CCCCC1,0.34038448
ZINC_250K_7165,C#CCOc1ccc(Br)cc1/C=N/NC(=O)C(=O)Nc1cc(Cl)ccc1Cl,0.34038448
ZINC_250K_3684,C[C@H]1CC[C@@H](N2CCN(S(=O)(=O)c3ccc(F)c(F)c3)CC2)C1,0.34038448
ZINC_250K_4160,O=C(NC1CC1)[C@@H]1CCC[NH+](C2CCN(C(=O)c3ccc[nH]3)CC2)C1,0.34038442
ZINC_250K_1393,C/[NH+]=C(/NCc1cc(C)on1)NCc1ccccc1-n1ccnc1,0.34038436
ZINC_250K_9622,COc1ccc2oc(C)c(C(=O)N[C@@H]3C[C@@H]3C)c2c1,0.34038436
ZINC_250K_4339,Cc1ccc(S(=O)(=O)Nc2ccc(N3CCCS3(=O)=O)cc2)s1,0.34038433
ZINC_250K_4611,Cc1cc(C(=O)OCc2cc(-c3ccc4c(c3)O[C@H](C)C4)on2)no1,0.3403843
ZINC_250K_159,COc1cc(NC(=O)[C@H](C)Sc2ccccc2Cl)cc(OC)c1,0.3403843
ZINC_250K_8146,COC(=O)c1sccc1NC(=O)C[NH+](C)[C@H](C)C1CC1,0.3403843
ZINC_250K_6797,O=C(NCCc1cn2c([nH+]1)CCCC2)c1ccccc1,0.34038427
ZINC_250K_7446,Cc1cccc(C)c1OC[C@@H](O)CN1CCN(CC(N)=O)CC1,0.34038424
ZINC_250K_5729,C[NH2+]C[C@H](C)C(=O)Nc1ccc(OC)cc1[N+](=O)[O-],0.34038422
ZINC_250K_7277,C[C@H](CCO)N(Cc1ccccc1)S(=O)(=O)c1cncc(F)c1,0.34038422
ZINC_250K_7897,O=C(N[C@@H]1CCCC[C@H]1C(F)(F)F)c1nccc2ccccc12,0.34038422
ZINC_250K_2610,O=C(NCc1cc2ccccc2o1)Nc1cccnc1,0.34038413
ZINC_250K_1499,CC(C)(C)OC(=O)N1CC[C@H]([S@@](=O)c2cccc(Cl)c2Cl)C1,0.3403841
ZINC_250K_7986,CC(=O)N1CC[NH+]([C@H](C)C(=O)N[C@@H](C)c2cccc3ccccc23)CC1,0.3403841
ZINC_250K_3441,C[C@@H](C(=O)N(C)CC(=O)Nc1ccc([S@@](C)=O)cc1)n1cccn1,0.3403841
ZINC_250K_6109,COc1cc([C@@H]2S[C@@H](C)C(=O)Nc3[nH]nc(C)c32)cc(OC)c1OC,0.3403841
ZINC_250K_3201,Cc1cc(=O)[nH]c(N2CCN(C(=O)c3cc(F)cc(F)c3)CC2)n1,0.3403841
ZINC_250K_3579,CCn1ncc(C[NH+](Cc2ccc(F)cc2)C[C@H]2CCCO2)c1C,0.3403841
ZINC_250K_3680,CC[NH+](CC)[C@@H](C)CNC(=O)N1C[C@@H](C)c2ccccc21,0.3403841
ZINC_250K_2674,C=CCN1C(=O)/C(=C\c2c(-c3ccccc3)[nH]c3ccccc23)C(=O)N=C1[O-],0.34038404
ZINC_250K_3751,C[C@H](CC(=O)N1CCC(C(=O)[O-])CC1)N1C(=O)c2ccccc2C1=O,0.34038404
ZINC_250K_3502,C[C@H](SCCOc1ccccc1F)C(=O)N(C)c1ccccc1,0.34038398
ZINC_250K_3555,Cc1ccc(NC(=O)C2(c3ccc(F)cc3)CC2)cc1S(C)(=O)=O,0.34038398
ZINC_250K_5016,CC[NH+](CC)[C@H]1CCN(C(=O)c2ccc(-n3cccc3)nc2)C1,0.34038398
ZINC_250K_7638,C[C@@H]1C[NH+]2CCCC[C@@H]2CN1Cc1ccc(Cl)cc1N,0.34038395
ZINC_250K_4123,C=CCn1c(C)nn(C[NH+]2CCC[C@H](C(=O)NCCC)C2)c1=S,0.34038392
ZINC_250K_3935,Cc1cccn2c(=O)cc(CS(=O)(=O)CCC3C[C@@H](C)C[C@@H](C)C3)nc12,0.34038386
ZINC_250K_5348,CCN1CC2(CCC1=O)CCN(C(=O)c1ccc(C)c(C)c1)CC2,0.34038386
ZINC_250K_2634,CC(=O)NCCn1c(SCC(=O)[O-])nc2cccnc21,0.34038386
ZINC_250K_8921,CCO[C@@H](C)C(=O)Nc1ccc(-c2noc(C(C)(C)C)n2)cc1,0.34038386
ZINC_250K_6122,COc1ccc(OC)c(/C=C(/C#N)C(=O)c2c[nH]c3ccccc23)c1,0.34038383
ZINC_250K_8793,C[C@@H]1C[C@H]([NH3+])CN(S(=O)(=O)c2ccc(F)c([N+](=O)[O-])c2)C1,0.34038383
ZINC_250K_7633,C[NH+]1CCC(Nc2ccc3c(c2)CCN3S(C)(=O)=O)CC1,0.34038383
ZINC_250K_9581,CC1CC[NH+](Cc2c(O)ccc3c2O/C(=C\c2ccc(Br)cc2)C3=O)CC1,0.34038383
ZINC_250K_824,Cc1ccc2c(c1)-c1onc(C(=O)N3C[C@@H](C)C[C@H](C)C3)c1CO2,0.34038383
ZINC_250K_7337,Cn1ncc2c1CCC[C@@H]2[NH2+]C[C@]1(O)CCc2ccccc21,0.34038377
ZINC_250K_2033,C[C@@H]1CCC[NH+](C[C@@H](C)NC(=O)N[C@@H]2CCCC[C@@H]2n2cccn2)C1,0.34038374
ZINC_250K_9619,CC(C)=CC(=O)NCc1ccc(C(=O)NCc2cnn(C)c2)cc1,0.34038374
ZINC_250K_4887,CN(CC1CC[NH+](C)CC1)C(=O)c1cccc(-c2noc(C3CC3)n2)c1,0.34038374
ZINC_250K_7956,O=C(CCNC(=O)c1ccc(O)c(Cl)c1)Nc1ccncc1,0.3403837
ZINC_250K_2662,Cc1ncsc1CNc1ccccc1OCC(F)F,0.3403837
ZINC_250K_7645,CN1CCO[C@@H]2CN(C/C=C/c3ccccc3[N+](=O)[O-])C[C@@H]21,0.3403837
ZINC_250K_7551,N#CC1=C(N)Oc2cc(OC(=O)COc3ccccc3)ccc2[C@@H]1c1cccc(Br)c1,0.34038365
ZINC_250K_10021,CCC(CC)[C@@H](CNC(=O)c1[nH]nc(C)c1Br)N1CCOCC1,0.34038362
ZINC_250K_2178,COc1cc(C)ccc1OCC(=O)NNC(=O)c1ccccc1,0.3403836
ZINC_250K_4473,O=C1NCCCC[C@@H]1c1cccc(OCc2ccccc2)c1,0.34038353
ZINC_250K_4898,COC(=O)N1CCN(Cc2cc(C)ccc2O)CC1,0.34038347
ZINC_250K_10011,Cc1nc(C)c(CC(=O)NCC(C)(C)c2ccccc2Cl)c(=O)[nH]1,0.34038344
ZINC_250K_953,COCCN1C(=O)CC[C@@H]2C[NH+](Cc3cc(C)ccc3C)CC[C@@H]21,0.34038344
ZINC_250K_3870,CCN(CCc1nccs1)C(=O)Nc1cncc2ccccc12,0.34038344
ZINC_250K_2471,Cc1ccccc1[C@@H]1C[C@@H]1/C([O-])=N/S(=O)(=O)c1cccc([N+](=O)[O-])c1,0.34038344
ZINC_250K_1206,CCC[C@@H](C(=O)Nc1ccc(C)nc1C)/C(N)=N/O,0.3403834
ZINC_250K_192,Cc1[nH]c(=O)c(C(=O)N2CCN(c3ccccc3)C(=O)C2)c(C)c1C,0.34038335
ZINC_250K_9009,CCOC(=O)C1=C(C)/C(=N\Nc2ccc(F)cc2)N=C1C,0.34038326
ZINC_250K_6510,CCOC(=O)[C@@H](C)N(C)Cc1ccc(F)c(OC)c1,0.34038326
ZINC_250K_5070,O=C(CCS(=O)(=O)c1ccc(F)cc1)Nc1nnc(Cc2ccccc2)o1,0.34038326
ZINC_250K_9128,O=C([O-])c1cccn1C[C@@H]1CN2CCC[C@@H]2CO1,0.34038323
ZINC_250K_8219,CCCn1nc(C)c(C[NH+]2CCC(CC(=O)N3CCN(C)CC3)CC2)c1C,0.34038323
ZINC_250K_4582,CC1=C(C(=O)[O-])N2C(=O)[C@@H](NC(=O)c3c(Br)c(C)nn3C)[C@H]2SC1,0.3403832
ZINC_250K_6503,Cc1c(C(=O)[O-])nnn1-c1ccc(Cl)cc1[N+](=O)[O-],0.34038314
ZINC_250K_6203,O=C(CCC(=O)N1CCN(c2ccccc2F)CC1)c1ccc(Cl)s1,0.3403831
ZINC_250K_3541,CC[C@@H]1CCCN(C(=O)Cc2ccc(-n3cccn3)cc2)C1,0.3403831
ZINC_250K_9494,Cc1ccc(C(=O)CSc2cc(N3C[C@H](C)O[C@@H](C)C3)ncn2)cc1,0.34038305
ZINC_250K_7335,COc1ccc(NCC(=O)N/N=C\c2cccs2)cc1,0.34038305
ZINC_250K_9207,C[C@H](O)CN(C)C(=O)N[C@@H](C)c1ccc(NC(=O)C2CC2)cc1,0.34038305
ZINC_250K_1493,Cc1nnc(N(CCC(C)C)C(=O)c2ccc(Cl)cn2)c2ccccc12,0.340383
ZINC_250K_3604,COc1ccc(CN(C)C(=O)NCc2ccc(C)s2)cc1O,0.340383
ZINC_250K_5736,CC[C@H]1C(=O)NCCN1C(=O)[C@@H](C)Oc1cc(Cl)cc(Cl)c1,0.340383
ZINC_250K_10079,Cc1ccc(CCC(=O)NCC(=O)N2CCC(C)(C)C2)cc1,0.340383
ZINC_250K_1114,COC(=O)c1ccc([C@@H]2Nc3ccc([N+](=O)[O-])cc3[C@@H]3C=CC[C@H]32)cc1,0.34038287
ZINC_250K_6745,Cc1ncsc1CNC(=O)c1ccc(Nc2cc[nH+]cc2)cc1,0.34038287
ZINC_250K_5695,C[C@H]1[C@@H](C(=O)[O-])CC[NH+]1Cc1ccn(-c2ccccc2)n1,0.34038284
ZINC_250K_1631,Cc1ccc(C)c(OCC[NH+](C)[C@@H](C)c2ccc(S(N)(=O)=O)cc2)c1,0.3403828
ZINC_250K_9029,CCCn1ncc(C(=O)N2CCC(C(=O)[O-])CC2)c1C,0.3403828
ZINC_250K_3699,CN(Cc1nc2ccccc2[nH]1)S(=O)(=O)c1ccc(Br)cc1Cl,0.3403828
ZINC_250K_5080,O=C(Cc1ccc(F)cc1F)N1CCN(C(=O)c2ccccc2O)CC1,0.34038273
ZINC_250K_1378,CC(C)Nc1ncnc(NNC(=O)c2ccco2)c1[N+](=O)[O-],0.34038267
ZINC_250K_124,O=C(Cn1nnn(-c2cccs2)c1=O)OC1CCCCC1,0.34038264
ZINC_250K_7026,CC[C@H]([NH2+]C)c1ccc(OCC(=O)NC2CC2)cc1,0.3403826
ZINC_250K_5277,CC(=O)N[C@H](CC(=O)N(C)[C@H]1CCc2ccccc2C1)c1ccccc1,0.3403826
ZINC_250K_10378,O=C(CSc1nc2cc(F)c(F)cc2[nH]1)NCCc1ccccc1,0.3403826
ZINC_250K_4280,Cc1ccc(OCC(=O)N[C@@H]2CCCC[C@H]2C)c(C)c1,0.3403826
ZINC_250K_1272,NC(=O)c1cccc(CNC(=O)[C@@H]2C[C@H]3CC[C@@H]2O3)c1,0.3403826
ZINC_250K_3891,C[C@@H]([NH2+]C1CCN(C(=O)c2ccccc2F)CC1)c1cccnc1,0.34038258
ZINC_250K_3112,O=C(NC1CCCCC1)c1c(N2C(=O)[C@@H]3[C@H](C2=O)[C@H]2CC[C@@H]3O2)sc2c1CCCC2,0.34038255
ZINC_250K_6776,CSc1ccc(Cl)c(C(=O)N2CCN(S(=O)(=O)c3ccc(C)cc3)CC2)c1,0.34038255
ZINC_250K_2427,Cc1ccc(C(=O)NNc2cccc(C(F)(F)F)c2)cc1F,0.34038252
ZINC_250K_7094,COc1cc2[nH]nc(CC(=O)[O-])c2cc1OC(C)C,0.3403825
ZINC_250K_4460,C[C@H]1C[C@@H]1NC(=O)CCCOc1ccccc1Cl,0.3403825
ZINC_250K_3007,Cc1ccc(NC(=O)CSc2ncccc2C#N)cc1C,0.34038246
ZINC_250K_7483,CCOc1ncnc(NNC(=O)c2cccnc2)c1N,0.34038243
ZINC_250K_7813,CS(=O)(=O)c1ccc(NC(=O)Cn2c(-c3ccccc3)cc3ccccc32)cc1,0.34038243
ZINC_250K_7969,CCCc1cc(NC(=O)c2cc(OC)c(OC)cc2[N+](=O)[O-])n(C)n1,0.34038243
ZINC_250K_3985,O=C(NC(=S)Nc1ccc2c3c(cccc13)CC2)c1cccc2ccccc12,0.3403824
ZINC_250K_2218,Cc1cnc([C@@H](C)NC(=O)NCC(C)(C)c2ccccc2Cl)s1,0.34038237
ZINC_250K_5048,Cc1cc2c(N[C@@H]3CCCCC[C@@H]3C(=O)[O-])ncnc2s1,0.34038237
ZINC_250K_6291,CN(C)c1ccc([C@H](O)CNC(=O)CC2CCCCC2)cc1,0.34038237
ZINC_250K_8021,CCc1ccccc1Nc1ncnc(Nc2ccc(Cl)cn2)c1N,0.34038234
ZINC_250K_9492,CC(C)CCCCNC(=O)NC[C@@H]1CN2CCC[C@@H]2CO1,0.34038234
ZINC_250K_3779,Cc1cc(F)ccc1CCNCc1cn2ccccc2[nH+]1,0.3403823
ZINC_250K_5687,COc1ccccc1CC(=O)N1CCC[C@]2(CC1)C[NH+](C)Cc1ccccc1O2,0.34038228
ZINC_250K_6186,COc1cc(C)c(C[NH+]2CCC(N3CCCC3=O)CC2)cc1OC,0.34038228
ZINC_250K_492,CC[S@](=O)[C@H]1CCCC[C@@H]1NC(=O)NC[C@H](O)c1ccco1,0.34038228
ZINC_250K_3897,Cc1cc2c(cc1S(=O)(=O)NC1CCC(C)CC1)OCCN2C,0.34038222
ZINC_250K_1310,O=C(NC1CCCCC1)[C@H]1SC(=S)n2c1nc(=O)c1cc3c(cc12)OCO3,0.34038222
ZINC_250K_9728,Cc1ccc(F)cc1S(=O)(=O)N1CCC[C@@H](C2OCCO2)C1,0.3403822
ZINC_250K_7670,COc1ccccc1N[C@H](C#N)CC(=O)N1CCCC1,0.34038216
ZINC_250K_9357,Cc1ccccc1CS[C@@H]1CCc2c1[nH]c(=O)n(C1CCCCC1)c2=O,0.34038213
ZINC_250K_7351,CC(=O)Nc1ccc(OCC(=O)N2CCN(C(=O)C3CC3)CC2)cc1,0.34038213
ZINC_250K_4746,C=C(C)C[NH+]1CCN(CC(=O)N2CCCc3ccccc32)CC1,0.3403821
ZINC_250K_4584,CC[C@H](C)[C@@H](NC(=O)N1CC(=O)Nc2ccccc21)C(=O)[O-],0.34038207
ZINC_250K_8035,CCOc1ccc(N2CCN(CC(=O)N3CCN(CC)CC3)C2=O)cc1,0.34038204
ZINC_250K_2771,CCOC(=O)c1cc(C#N)c(SCC(=O)c2ccc(C)cc2)nc1[O-],0.34038198
ZINC_250K_293,Cc1cccc(C)c1NC(=O)C[NH+]1CCC(OCc2ccc(F)cc2)CC1,0.34038195
ZINC_250K_2493,CC[NH+](CCNC(=O)N[C@H]1CC(=O)N(C(C)(C)C)C1)C(C)C,0.3403819
ZINC_250K_10287,COc1ccc(-n2c(COc3ccc(C#N)cc3OC)nc3ccccc32)cc1,0.3403819
ZINC_250K_10244,Cn1ncc(CNS(=O)(=O)c2cccc([N+](=O)[O-])c2)c1N,0.3403819
ZINC_250K_7372,COC(=O)c1ccc(CN[C@H](c2ccccc2)c2ccc(F)cc2)cc1F,0.34038186
ZINC_250K_6594,O=C(C1CC1)N1CCc2cc(Br)c(S(=O)(=O)N3CCc4ccccc43)cc21,0.34038183
ZINC_250K_5075,CCCn1c(SC[C@@H]2N=C[C@H](c3ccc(F)cc3)O2)n[nH]c1=O,0.34038183
ZINC_250K_7674,CN(CC(=O)N1CCOCC1)C(=O)c1cccc(Cl)c1,0.34038183
ZINC_250K_853,C/C(=C/C(=O)N[C@@H](C)c1c(C)noc1C)c1ccccc1OC(F)F,0.34038183
ZINC_250K_3045,Cc1cnc(C(=O)Nc2ccc(OC(F)(F)F)cc2)cn1,0.34038177
ZINC_250K_911,CCC(=O)N1CCC([NH+](C)Cc2ccc(SC)c(OC)c2)CC1,0.34038174
ZINC_250K_3959,Cn1ccc2ccc(NC(=O)C=C3CN(C(=O)OC(C)(C)C)C3)cc21,0.3403817
ZINC_250K_4057,Cc1cc(S(=O)(=O)/N=C(\[O-])[C@@H]2CCC[C@@H](C)C2)cc([N+](=O)[O-])c1C,0.34038165
ZINC_250K_5714,C[C@@H]1CCC[C@H](NC(=O)c2c(F)ccc(N)c2F)C1,0.34038162
ZINC_250K_10414,CCn1cc([C@H](O)C[C@@H]2CCCc3ccccc32)cn1,0.3403816
ZINC_250K_9997,Cc1ccc(Cl)c(OS(=O)(=O)c2ccc(-n3ncc(Cl)c(Cl)c3=O)cc2)c1,0.3403816
ZINC_250K_6876,Cc1cc(C)c2nc(NC(=O)c3ccccc3S(C)(=O)=O)sc2c1,0.3403816
ZINC_250K_233,O=C(CNC(=O)c1ccco1)OCC(=O)c1ccc2ccccc2c1,0.3403816
ZINC_250K_4590,COC(=O)c1ccc(CN(C)C(=O)Nc2cc(C#N)ccc2Cl)cc1,0.34038156
ZINC_250K_6103,CC[C@H](C(=O)N1CCC([NH2+][C@H](C)c2cccnc2)CC1)c1ccccc1,0.34038156
ZINC_250K_4204,CCCOc1cc(S(=O)(=O)NCc2ccco2)ccc1Cl,0.34038156
ZINC_250K_1933,C=CCOc1c(Br)cc(CN(C)[C@H]2CC[NH+](C)[C@H](C)C2)cc1OC,0.3403815
ZINC_250K_3714,C[C@H](CCn1cncn1)[NH2+]Cc1ccn(C2CCCC2)n1,0.3403815
ZINC_250K_7427,COC(=O)[C@@H]1C(=O)N=C(N2CCN(c3ncccn3)CC2)N[C@H]1c1ccco1,0.3403815
ZINC_250K_134,Cc1cnc(C(=O)Nc2ccc(N(C)C3CC[NH+](C)CC3)cc2)cn1,0.34038147
ZINC_250K_5059,CCc1nnc(NC(=O)CSc2nc3sc(C)c(C)c3c(=O)n2C)s1,0.34038144
ZINC_250K_5836,COc1cccc2c1OC[C@@H](Cc1ccc(C)c(C)n1)C2,0.34038138
ZINC_250K_1496,Cc1sc2ncn(CC(=O)N[C@@H](c3ccccc3)C(C)C)c(=O)c2c1C,0.34038138
ZINC_250K_8156,Cc1nc(C(=O)NCC2(c3cccs3)CCOCC2)cs1,0.34038138
ZINC_250K_459,Cc1ccc(-c2cnc(CCC(=O)NCC(C)(C)c3ccncc3)o2)cc1,0.34038138
ZINC_250K_1590,C[C@@H](Sc1ccc(Cl)cc1)C(=O)N[C@H](C)c1nc2ccccc2[nH]1,0.34038126
ZINC_250K_1303,CC(C)N(CC(N)=O)C(=O)c1occc1COc1ccccc1,0.3403812
ZINC_250K_2397,CCOc1cc(C[NH+]2CCC[C@H](C(=O)N(CC)CC)C2)ccc1O,0.3403812
ZINC_250K_4801,CCc1c(C)nc(-n2nc(C)cc2NC(=O)c2ccco2)nc1[O-],0.3403812
ZINC_250K_6602,FC(F)Oc1ccc(NCc2cccnc2Cl)c(OC(F)F)c1,0.34038112
ZINC_250K_8033,C[NH+]1CCC[C@@H](C(=O)Nc2ccc(CC[NH+]3CCSCC3)cc2)C1,0.34038112
ZINC_250K_4486,C/C=C(\C)C[NH+]1CC[C@]2(CCCN(Cc3cccc(C)c3)C2=O)C1,0.34038112
ZINC_250K_9776,C=CCOc1c(Br)cc([C@@H]2C(C#N)=C(N)Oc3cc4c(cc32)OCO4)cc1OC,0.3403811
ZINC_250K_1441,Cc1noc(C)c1COc1ccc(CN2CCOC(C)(C)C2)cc1,0.34038106
ZINC_250K_5894,CCn1c(-c2ccco2)nn(C[NH+]2CCC(C(=O)c3ccc4c(c3)OCCO4)CC2)c1=S,0.34038106
ZINC_250K_4609,CC1=C(C(=O)c2ccc(Cl)cc2)[C@H](c2cccc(F)c2)NC(=O)N1,0.34038103
ZINC_250K_6935,C[C@H](NC(=O)NNc1ccc(-n2cccn2)nn1)[C@H]1CCCO1,0.34038103
ZINC_250K_6750,COC(=O)C[C@H]1CN(Cc2cc(C)oc2C)CCO1,0.34038103
ZINC_250K_2965,COc1ccc(S(=O)(=O)N[C@H]2CCC[C@@H](C)C2)cc1N,0.34038103
ZINC_250K_6073,CCOc1ccccc1NCC(=O)Nc1ccccc1C(N)=O,0.34038103
ZINC_250K_8558,COc1ccccc1CNC(=O)c1nn(C)c(=O)c2ccccc12,0.340381
ZINC_250K_10379,CN(Cc1nc(-c2ccccc2)no1)C(=O)c1cccc(Cl)c1,0.340381
ZINC_250K_4213,C[C@H](C(=O)O[C@H](C)C(=O)Nc1ccc(F)cc1)N1C(=O)c2ccccc2C1=O,0.34038097
ZINC_250K_1745,CCc1cc(NC(=O)CN[C@@H](c2ccccc2)C(F)(F)F)n(C)n1,0.34038097
ZINC_250K_9920,CNC(=O)[C@H]1CCCC[C@H]1[NH2+][C@@H](C)c1ccc(N2CCCCC2)cc1,0.3403809
ZINC_250K_4739,COc1ccc(-c2nc3cc(C4=NNC(=O)[C@H](C)C4)ccc3[nH]2)cc1,0.3403809
ZINC_250K_5265,CCCc1cc(NC(=O)N(CCC(F)(F)F)C2CCC2)n(C)n1,0.3403809
ZINC_250K_10352,Cc1cc(C(=O)NCCN2C(=O)CCC2=O)c(C)n1C(C)C,0.34038088
ZINC_250K_6292,Cc1nn2c(=O)cc(COc3ccc(Cl)cc3)nc2s1,0.34038088
ZINC_250K_1826,CC(C)(C)CS(=O)(=O)N1Cc2nc[nH]c2C[C@H]1C(=O)[O-],0.34038088
ZINC_250K_9656,Cc1nc2n(n1)CCC[C@H]2[NH2+][C@@H]1CCCOc2c(C)cc(Cl)cc21,0.34038085
ZINC_250K_3518,O=C(CNC(=O)c1cccc(Br)c1)NCC1(c2ccccc2)CCCC1,0.34038082
ZINC_250K_6506,C[C@@H]1C[C@H](NC(=O)[C@@H](C)[NH+]2CCCCCC2)CC[NH+]1Cc1ccccc1,0.34038082
ZINC_250K_8402,CC[C@H](C)Oc1cccc(C(=O)NC(=S)N(C)c2ccccc2)c1,0.34038082
ZINC_250K_7160,CCOc1ccc(N2C[C@H](O)CC2=O)cn1,0.3403808
ZINC_250K_9589,C[C@@H]1[C@@H](C)S(=O)(=O)CCN1C(=O)NCC(C)(C)c1cccs1,0.34038076
ZINC_250K_1041,O=S(=O)(CC1CCC1)N[C@H](c1cccc(F)c1)c1ccccn1,0.34038076
ZINC_250K_5580,C[C@H](NC(=O)c1n[nH]c(=O)c2ccccc12)[C@H]1CCCO1,0.34038073
ZINC_250K_2442,CN[C@]1(C#N)CCC[C@H]1CCOc1ccc2c(c1)OCO2,0.34038067
ZINC_250K_239,O=C(COC(=O)C1(c2ccccc2F)CCCC1)N1CCOCC1,0.34038067
ZINC_250K_665,CC[NH+]1CCC[C@H](NC(=O)c2ccc(OC)c(O)c2)C1,0.3403806
ZINC_250K_8846,Cc1cc(C)n([C@H](C)C(=O)N(C)c2cccc3ncccc23)n1,0.3403806
ZINC_250K_3164,C[C@@H]1CCCC[C@H]1NC(=O)Cn1cnc([N+](=O)[O-])n1,0.3403806
ZINC_250K_3637,Cc1ccc([C@H](O)CNC(=O)C(=O)Nc2ccc(C)c(F)c2)o1,0.34038055
ZINC_250K_182,CN(C)S(=O)(=O)c1ccc(C(=O)N(C(=O)N2CCCCC2)c2ccccc2)cc1,0.3403805
ZINC_250K_6795,CCC1(C(=O)N[C@@H](C)[C@H](O)c2ccc(OC)cc2)CCC1,0.3403805
ZINC_250K_7526,CO[C@H]1CCCC[C@H]1NC(=O)N(C)CCOc1ccccc1,0.3403805
ZINC_250K_5828,Cn1cc(C(=O)NNC(=O)CNC(=O)CNC(=O)c2cccs2)c2ccccc21,0.3403805
ZINC_250K_7987,CCCNC(=O)[C@H]1CCCN(C(=O)N[C@H]2C[C@@](C)(OC)C2(C)C)C1,0.34038046
ZINC_250K_7710,C[C@@H](Cn1cccn1)NC(=O)NCCc1ccccn1,0.34038046
ZINC_250K_4771,CC(=O)Nc1ccc(Cl)c(NC(=O)N2C[C@@H](C)O[C@H](C)C2)c1,0.34038046
ZINC_250K_6102,C[C@H]1C[C@@H](c2ccccc2)C[C@H]([NH+]2CCN([C@@H](C)C(=O)N3CCOCC3)CC2)C1,0.34038046
ZINC_250K_9068,Cc1ccccc1NC(=O)CCn1c(=O)cc(C)c2ccccc21,0.34038046
ZINC_250K_1289,Cc1ccc(NC(=O)NC(=O)[C@H](C)N2C[C@@H](C)O[C@@H](C)C2)cc1,0.34038043
ZINC_250K_10310,O=c1/c(=C\c2ccc(-c3ccccc3F)o2)sc2nc3ccccc3n12,0.3403804
ZINC_250K_6303,Cc1csc(C(=O)N[C@@H]2CCCC[C@@H]2N2C(=O)CSC2=O)c1,0.3403804
ZINC_250K_7798,CCOC(=O)C1=C(N)Nc2ccccc2[C@@]12C(=O)OC(C)=C2C(=O)OC(C)(C)C,0.34038037
ZINC_250K_9938,O=C(N[C@H](CC(=O)N1CCC[C@H]2CCCC[C@@H]21)c1ccccc1)c1ccccc1Cl,0.34038034
ZINC_250K_9464,C=C(C)CN(CC)C(=O)c1ccc(COc2ccc(F)cc2)o1,0.34038034
ZINC_250K_8,Cc1c(/C=N/c2cc(Br)ccn2)c(O)n2c(nc3ccccc32)c1C#N,0.34038034
ZINC_250K_9341,CC(C)NC(=O)[C@@H]1CS[C@H]2c3ccccc3C(=O)N12,0.34038028
ZINC_250K_5219,CC[C@@H](C)NC(=O)C(=O)Nc1cccc(C#Cc2cccc(C(=O)OC)c2)c1,0.34038028
ZINC_250K_2507,C=CCCC(=O)N1CCC(c2nn(C)c(=O)n2C2CCCC2)CC1,0.34038028
ZINC_250K_8231,CC1CCN(C(=O)Cn2cnc3c(cnn3C)c2=O)CC1,0.34038028
ZINC_250K_9714,O=C(c1cccnc1)N1CCN(S(=O)(=O)c2ccc(Cl)cc2)CC1,0.34038028
ZINC_250K_2019,CCNC(=O)c1cccc(NC(=O)NNc2ccc(Cl)nn2)c1,0.34038016
ZINC_250K_487,COc1ccccc1[C@@H](C)NC(=O)c1cnc2c(C)cccn2c1=O,0.34038013
ZINC_250K_9401,Cc1nn(-c2ccccc2)c(C)c1C(=O)NCc1ccccc1Cl,0.34038013
ZINC_250K_9443,C[C@@H]1C[C@H](NC(=O)N[C@@H](CC(F)(F)F)c2ccc(F)cc2)C[NH+]1C1CC1,0.3403801
ZINC_250K_7452,Cc1c(-c2cnn(C)c2)nc(N)c(C#N)c1-c1ccc2c(c1)OCCO2,0.3403801
ZINC_250K_10177,C#CCOc1ccc(Br)cc1/C=N/NC(=O)C(=O)Nc1cccc(Cl)c1Cl,0.3403801
ZINC_250K_497,Cc1cc(Br)ccc1NC(=O)[C@@H](C)[NH+](C)Cc1cccs1,0.3403801
ZINC_250K_4685,Cc1ccc2nc(CN3C(=O)N[C@@](C)(c4ccc5c(c4)OCO5)C3=O)cc(=O)n2c1,0.3403801
ZINC_250K_9846,O=C(Nc1cnn(CC[NH+]2CCCCC2)c1)N1CCC[C@@H]2CCC[C@@H]21,0.3403801
ZINC_250K_7251,Cn1cc(C#N)c(NC(=O)C[NH+](Cc2ccccc2)Cc2ccccc2)n1,0.34038007
ZINC_250K_5575,C[C@H](NC(=O)[C@@H](C)CCOc1ccccc1)c1ccc2c(c1)OCCO2,0.34038
ZINC_250K_2242,Cc1nn(CCO)c2ncc(C(=O)c3cc(Cl)cc(Cl)c3O)cc12,0.34038
ZINC_250K_7640,Cc1ccc(-n2nc(C)cc2NC(=O)CCc2ccc3c(c2)OCO3)cc1,0.34037995
ZINC_250K_5975,COc1ccc(O)c([C@@H]2[C@H](C(=O)[O-])c3ccccc3C(=O)N2C)c1,0.34037983
ZINC_250K_2416,COc1cccc2cc(C(=O)/C=C/c3ccccc3F)oc12,0.34037983
ZINC_250K_4990,CCc1c(C#N)c(N)nc2sc(C(=O)c3ccc(Cl)c(Cl)c3)c(N)c12,0.34037983
ZINC_250K_8110,COc1ccc(/C(N)=N\OCc2cc(-c3ccccc3)on2)c(OC)c1,0.34037983
ZINC_250K_5717,O=C(CC(F)(F)F)NCc1ccnc(Oc2ccc(F)cc2)c1,0.34037971
ZINC_250K_8263,O=C(c1ccc(CN2CCc3sccc3C2)cc1)N1CCCC1,0.3403797
ZINC_250K_3267,CC(C)[C@H]1CN(C(=O)CCC(N)=O)CCC[NH+]1Cc1ccc(F)cc1,0.3403797
ZINC_250K_4015,O=C(CCC(=O)N1CCN(c2nc3cccnc3s2)CC1)N1CCCCC1,0.3403797
ZINC_250K_4612,Cn1cc(C#N)c(=O)n(C[C@H](O)c2ccc(OC(F)(F)F)cc2)c1=O,0.34037963
ZINC_250K_10158,CCc1nn(C)cc1CNC(=O)NCC[NH+]1CCC[C@@H](C)C1,0.34037963
ZINC_250K_2249,Cc1ccc2c(c1C)NC(=O)/C2=N\NC(=O)COc1ccccc1,0.34037957
ZINC_250K_5786,COc1cc(OC)c(/C=C2\SC(=O)N(Cc3ccccc3Cl)C2=O)cc1Br,0.34037957
ZINC_250K_1937,COc1ccc([C@H](NC(=O)c2ccc3nc(C)sc3c2)c2ccncc2)cc1,0.34037957
ZINC_250K_3941,C[NH+]1CCC(NC(=O)C(=O)Nc2ccc(OC3CCCC3)cc2)CC1,0.34037957
ZINC_250K_1825,C[C@H]1C(=O)N(c2ccccc2Cl)CCN1C(=O)C1CC1,0.34037954
ZINC_250K_3390,CC[C@H](NC(=O)c1cccc(S(=O)(=O)NC(C)C)c1)c1ccc(C)cc1,0.34037945
ZINC_250K_3203,O[C@@H]1C[C@H](C2CCCCC2)[NH+](Cc2cccc3[nH]ccc23)C1,0.34037945
ZINC_250K_126,CC[C@H](NC(=O)NCc1c(C)noc1C)c1ccc(OC)cc1,0.3403794
ZINC_250K_4193,Cc1cccc(CC(=O)N2CCCC[C@H]2C[C@@H](C)O)c1,0.3403794
ZINC_250K_9718,Cc1nc2ccc(C(=O)Nc3ccc4oc(=O)[nH]c4c3)cc2nc1C,0.34037933
ZINC_250K_7859,CCOc1cc(NC(=O)c2ccccc2)c(OCC)cc1[N+]#N,0.34037933
ZINC_250K_5631,COc1ccc(C(=O)CNC(=O)c2cc(Cl)ccc2O)cc1,0.34037933
ZINC_250K_8512,Cc1ccccc1-c1nn(CN2CCc3sccc3C2)c(=S)n1C,0.34037933
ZINC_250K_8439,C[C@@H](Nc1ccc(Br)cc1)C(=O)Nc1ccc(S(=O)(=O)N2CCCCC2)cc1,0.34037933
ZINC_250K_70,COc1ccc(OC)c(/C=C2\Oc3cc(OC(=O)c4ccncc4)cc(C)c3C2=O)c1,0.34037933
ZINC_250K_8414,CC(=O)N1CCN(c2ccc([N+](=O)[O-])cc2-n2cnnc2)CC1,0.3403793
ZINC_250K_6347,C[NH2+]CC(=O)N1CCC[C@@H](c2cccc(C)n2)C1,0.3403793
ZINC_250K_8890,Cc1c(C(=O)Nc2nc3c(s2)CCCC3)nnn1-c1nc2c(s1)CCCC2,0.34037924
ZINC_250K_6475,C[C@H](C(=O)O[C@H](C)c1nccs1)N1CCc2ccccc2C1,0.3403792
ZINC_250K_1662,Cc1nc2scc(C)n2c1CNc1ccc(C(=O)[O-])cc1,0.34037918
ZINC_250K_10382,C[C@@H](Nc1ccc(F)c(Cl)c1)C(=O)Nc1ccc(C(N)=O)cc1,0.34037915
ZINC_250K_2301,CCC(=O)c1ccc(OCC(=O)N2CCC[C@H]2c2ccc(OC)cc2)cc1,0.34037912
ZINC_250K_7175,Cc1nc(C2CCN(S(C)(=O)=O)CC2)c2cccnc2n1,0.3403791
ZINC_250K_6910,CCc1ccccc1NC(=O)NCc1ccc2c(c1)OCCO2,0.34037906
ZINC_250K_3839,CC[S@@](=O)[C@H]1CCCC[C@@H]1NC(=O)c1ccc(NC(=O)C2CC2)cc1,0.34037903
ZINC_250K_3413,CCc1cccc(NC(=O)C(=O)N(C)Cc2ncnn2C)c1,0.34037897
ZINC_250K_3846,CCc1nnc(NC(=O)c2ccc(Oc3cccc(C)c3)cc2)s1,0.34037894
ZINC_250K_8683,O=C(CCNc1ncnc2[nH]cnc12)N1CCC2(CC1)OCCO2,0.34037894
ZINC_250K_6033,O=C(Nc1ccncc1)c1cn(Cc2ccccc2)c2ncccc12,0.34037894
ZINC_250K_3207,COCCn1c2ccccc2n2c(=O)n(CC(=O)N(C)C)nc12,0.3403789
ZINC_250K_6188,O=C(CCc1ccccc1O)NCCc1nnc(-c2ccccc2)o1,0.34037888
ZINC_250K_6915,Cc1ccc(CN2/C(=N/C(=O)Cc3ccccc3)S[C@H]3CS(=O)(=O)C[C@H]32)cc1,0.34037888
ZINC_250K_7052,CC[C@H](CSC)N(C)C(=O)Nc1cnn(CC(F)F)c1,0.34037885
ZINC_250K_2645,CC(C)OCc1cccc(N[C@H](C)C(=O)NC(=O)NC(C)(C)C)c1,0.34037885
ZINC_250K_3254,C[C@H](NC(=O)N[C@H](C)c1ccc(Cl)s1)c1nnc2n1CCC2,0.34037882
ZINC_250K_5587,CC1(C)CCN(C(=O)c2c[nH]c3ccc(N)cc23)C1,0.3403788
ZINC_250K_2462,COc1cc(OC)cc(-c2onc(C)c2C(=O)NC2Cc3ccccc3C2)c1,0.3403788
ZINC_250K_2764,Cc1cncc(NC(=O)[C@H](Cc2ccccc2)NC(N)=O)c1,0.34037876
ZINC_250K_8586,O=S(=O)(NC1CC1)[C@H]1CCN(Cc2cc[nH]n2)C1,0.34037873
ZINC_250K_7757,CC(=O)c1cccc(NC(=O)c2c[nH]c3cc(Cl)ccc3c2=O)c1,0.34037873
ZINC_250K_1854,COc1cccc(NC(=O)CSCCc2ccccc2)c1,0.34037864
ZINC_250K_6460,CC(C)(C)C(=O)N1CCCn2nc(-c3ccncc3)cc2C1,0.3403786
ZINC_250K_10444,COc1ccc(-c2nnc(NC(=O)C3CC3)o2)cc1,0.3403786
ZINC_250K_1522,CCCc1cc(C(=O)Nc2ccc3ccccc3c2)n(C)n1,0.3403786
ZINC_250K_9485,C#CCOc1ccccc1CN1CCO[C@H](c2ccco2)C1,0.3403786
ZINC_250K_3572,CC(C)(C)NC(=O)c1cccc([N-]S(=O)(=O)c2ccc(F)c(F)c2)c1,0.3403786
ZINC_250K_8899,C[C@@]1(c2ccccn2)NC(=O)N(Cc2cc(=O)n3ccsc3n2)C1=O,0.34037855
ZINC_250K_6933,CCOC(=O)[C@H]1CCC[NH+](Cc2ccccc2C#N)C1,0.34037855
ZINC_250K_3418,CCOC(=O)c1nc(-c2cc([N+](=O)[O-])ccc2OC)n[n-]1,0.34037855
ZINC_250K_9532,CO[C@@H]1CCC[C@H]1OC(=O)c1ccc(CCNC(N)=O)cc1,0.34037855
ZINC_250K_9294,Cc1cc(N)c(C)c(S(=O)(=O)N[C@H](C)Cn2ccnc2)c1,0.34037855
ZINC_250K_6391,O=C(CNC(=O)c1ccoc1)Nc1cc(C(F)(F)F)c[nH]c1=O,0.34037852
ZINC_250K_9399,CC1=NC2=C(C(=O)CCC2)[C@H](c2ccc(Br)cc2)C1C(=O)N1CCCCC1,0.34037852
ZINC_250K_6478,CCc1nn(C)cc1NC(=O)c1cc(-c2c(C)nn(C)c2C)n[nH]1,0.34037852
ZINC_250K_2561,C[C@H]1[NH2+]CCC[C@@H]1NC(=O)c1cccc(OC(F)F)c1,0.34037846
ZINC_250K_5110,O=[N+]([O-])c1cc(N[C@@H]2C[C@@H](O)[C@H](O)CO2)cc(Sc2ccccc2)c1,0.34037843
ZINC_250K_3673,CCCOc1ccc(CN2CCOC(C)(C)C2)cc1OC,0.34037843
ZINC_250K_10250,O=C1c2ccccc2[C@@](O)(Cc2ccccc2)N1CCCN1CCOCC1,0.34037834
ZINC_250K_5755,Cc1c[nH+]c(NCCC(=O)Nc2nccs2)nc1N(C)C,0.34037828
ZINC_250K_813,C#CCN(Cc1cc(Br)cc(OC)c1O)[C@@H]1CCS(=O)(=O)C1,0.34037828
ZINC_250K_2574,C[C@@H](C(=O)NC[C@@H]1CCCO1)c1ccc(Cl)c(Cl)c1,0.34037825
ZINC_250K_5092,O=C(C[NH+](Cc1ccc(O)cc1O)C[C@@H]1CCCO1)N1CCCC1,0.34037825
ZINC_250K_4726,Cc1cc(C)c(CNc2nc(-c3cccs3)nc3sc(C)c(C)c23)c(=O)[nH]1,0.34037822
ZINC_250K_1785,O=C(NC[C@H]1CCC[C@@H]1O)Nc1nc(-c2ccccc2)ns1,0.3403782
ZINC_250K_4197,Cn1cc(C(=O)NCCc2ccccc2)c(C(=O)[O-])n1,0.34037817
ZINC_250K_7888,C[C@@H](NC(=O)Cn1cc([N+](=O)[O-])ccc1=O)C1CC1,0.34037814
ZINC_250K_9276,CC1(C)CCC[C@@H]1Nc1cccc(Cl)c1C(N)=S,0.34037814
ZINC_250K_1908,Cc1ccc(NC(=O)[C@@H]2CCCCC[C@H]2[NH3+])c(F)c1,0.3403781
ZINC_250K_2785,COc1ccc2c(c1)-c1onc(C(=O)N[C@H](C)C(C)C)c1CC2,0.34037808
ZINC_250K_5324,Cc1ccccc1C(=O)NC(=S)Nc1cccc(OCC(C)C)c1,0.34037796
ZINC_250K_8622,CC(=O)Nc1cccc(NC(=O)CSc2nnnn2-c2cc(C)ccc2C)c1,0.34037793
ZINC_250K_9010,C#CC[C@H](OC(=O)c1cn(C)nc1CC)c1ccccn1,0.3403779
ZINC_250K_3668,O=[N+]([O-])c1ccc2nc(O[C@H]3CCC[NH2+]C3)cnc2c1,0.3403779
ZINC_250K_1634,COC(=O)c1ccc(CN2C(=O)N[C@H](Cc3ccccc3)C2=O)o1,0.3403779
ZINC_250K_4935,C/C(=N\NC(=O)c1ccc(Cl)c([N+](=O)[O-])c1)c1ccc2ccccc2c1,0.3403779
ZINC_250K_6013,C#CCN(Cc1ccc(F)cc1)S(=O)(=O)c1cc(OC)ccc1OC,0.34037784
ZINC_250K_7285,Cc1cc(NC(=O)N2CCC[C@H]3CCC[C@H]32)ccc1N1CCSCC1,0.34037784
ZINC_250K_4537,Cc1cc(C(=O)O/N=C(\N)Cc2cccc3ccccc23)ccc1[N+](=O)[O-],0.34037775
ZINC_250K_1037,O=C(CNC(=O)c1ccccc1)N[C@@H](CO)Cc1c[nH]c2ccccc12,0.34037775
ZINC_250K_8324,Cc1cccn2c(=O)c(C(=O)N3CCC[C@@H]3C[NH+]3CCCCC3)cnc12,0.3403777
ZINC_250K_2152,Cc1ccc(C[NH+](C)[C@@H](C)C(=O)NCCc2ccc3c(c2)OCCO3)o1,0.3403777
ZINC_250K_7690,Cc1c([C@@H]2CCC[NH+]2CCCOC(=O)NC(N)=O)cnn1C,0.34037766
ZINC_250K_190,O=Cc1ccc(OCc2ccn(-c3cccc(F)c3)n2)cc1,0.34037763
ZINC_250K_9895,CC(C)(C)NC(=O)c1cccc(NC(=O)CNc2ccc(F)cc2)c1,0.3403776
ZINC_250K_3046,Cn1cc(S(=O)(=O)N2CCN(C(=O)c3ccccc3O)CC2)cc1C(N)=O,0.3403776
ZINC_250K_1819,CCOC(=O)[C@@](NC(=O)Nc1cccc(C)n1)(OC)C(F)(F)F,0.34037757
ZINC_250K_2431,O=C(NCCc1nnc2ccccn12)NC[C@H]1CCCO1,0.34037757
ZINC_250K_1636,O=C(Nc1ccc(C(=O)NCCc2ccccc2)cc1)NC1CC1,0.34037757
ZINC_250K_6332,Cc1cc(NC(=O)CN2CCN(C(=O)C3(O)CCCC3)CC2)no1,0.3403775
ZINC_250K_4542,CS(=O)(=O)c1cccc(NC(=O)c2ccc(COCC(F)(F)F)cc2)c1,0.3403775
ZINC_250K_3880,COC(=O)C1(C(=O)N2CCCC[C@H]2CN2CCOCC2)CC1,0.3403775
ZINC_250K_4844,CN(C(=O)/C=C\c1ccc(OCC#N)cc1)C1CCCCCC1,0.3403775
ZINC_250K_7882,Cc1cnccc1NC(=O)[C@@H]1C[C@@H]1c1ccccc1C,0.3403775
ZINC_250K_9282,CCOc1cc([C@H]2c3sc([S-])nc3SC[C@@H]2C=O)ccc1O,0.3403775
ZINC_250K_7300,CN(CC(=O)OC1CCN(CC(F)(F)F)CC1)C(=O)c1ccccc1,0.34037745
ZINC_250K_7884,CC(C)c1nn(-c2ccccc2)c(Cl)c1C[NH+]1CC[C@@H](CO)C1,0.34037745
ZINC_250K_4750,CCOc1c(OC)cc(CN2CCOC[C@H]2C#N)cc1OC,0.34037745
ZINC_250K_3381,C[C@H](NC(=O)NCC1([NH+](C)C)CCCCC1)c1nncn1C,0.34037742
ZINC_250K_7071,COCCN1C[C@]2(CCC[NH+](Cc3ccc(SC)cc3)C2)CCC1=O,0.3403774
ZINC_250K_136,C=CCN1C(=O)/C(=C/c2ccccc2F)S/C1=N\S(=O)(=O)c1cccs1,0.3403774
ZINC_250K_820,CC(C)c1ccccc1NC(=O)C[NH+](C(C)C)[C@@H]1CCCC[C@@H]1O,0.34037736
ZINC_250K_8417,COC[C@H](Nc1ncnc2cccc(F)c12)c1ccccn1,0.34037736
ZINC_250K_9210,CCNC(=S)Nc1ccc(N2CCOCC2)c2nonc12,0.3403773
ZINC_250K_4701,CCOC(=O)NCCCn1c(C)cc2ccccc21,0.3403773
ZINC_250K_7850,Cc1nc(-c2ccccc2)sc1C(=O)NNC(=O)N[C@@H]1CCC[C@H](C)[C@@H]1C,0.3403773
ZINC_250K_8620,Cc1ccc(-n2nc3cc(C)c(NC(=S)NC(=O)c4cccs4)cc3n2)cc1,0.34037727
ZINC_250K_5443,NS(=O)(=O)[C@@H]1CCCN(C(=O)c2cccc(Cl)c2)C1,0.34037724
ZINC_250K_3619,CC1(C)CN(c2nc(C(F)F)nc3ccccc23)CC[S@@]1=O,0.3403772
ZINC_250K_3993,Cc1ccc(N(C)CC(=O)Nc2ccccc2[N+](=O)[O-])c(C)c1,0.34037712
ZINC_250K_8660,C[C@H](NS(C)(=O)=O)C(=O)NCCCn1ccc2ccccc21,0.34037712
ZINC_250K_3012,Cn1c(CC(=O)Nc2cccc(Cl)c2Cl)n[nH]c1=S,0.3403771
ZINC_250K_4387,CC(C)C[C@H]1[NH2+][C@]2(C(=O)Nc3ccc(F)cc32)[C@@H]2C(=O)N(C(C)(C)C)C(=O)[C@@H]21,0.3403771
ZINC_250K_1394,CCSc1ccc([C@H](C)NC(=O)NCc2ncoc2C)cc1,0.34037706
ZINC_250K_6708,COC(=O)C[C@@H]1CCCCN1C(=O)c1cccnc1,0.34037706
ZINC_250K_5173,CCCNc1cc(C)ccc1C(=O)N[C@@H](C)c1nccs1,0.34037703
ZINC_250K_7575,COCCNC(=O)NC[C@@H](OC)c1cccc(Cl)c1,0.34037703
ZINC_250K_9734,CC(=O)NCCc1ccc([C@@H](C)[NH2+][C@H]2CCN(C(=O)C(C)C)C2)cc1,0.34037703
ZINC_250K_4476,CCOC(=O)C1C(C)=NC2=C(C(=O)CCC2)[C@H]1c1ccncc1,0.34037697
ZINC_250K_5980,CCc1cccc(NC(=O)[C@@H](C)Sc2ccccn2)c1,0.34037697
ZINC_250K_10188,Cc1cccc(C[NH+]2CCCC[C@@H]2C(=O)N2CCC(C(N)=O)CC2)c1,0.34037697
ZINC_250K_9036,C[C@H](CO)NC(=O)Nc1ccc(OCC(F)(F)F)c(C#N)c1,0.34037697
ZINC_250K_7649,CCn1c(C(=O)NCc2ccc(Cl)cc2)cc2sccc21,0.34037697
ZINC_250K_9482,CC(C)CC[C@@H]1CCC[C@H]1NC(=O)N1CCC(OC[C@@H]2CCCO2)CC1,0.3403769
ZINC_250K_476,CC[C@@H](NC(=O)c1ccc(Br)o1)C(=O)N1CCOCC1,0.3403769
ZINC_250K_1230,COc1cccc(C[NH+]2CCC[C@H](C(=O)c3ccc(SC)cc3)C2)c1OC,0.3403769
ZINC_250K_8831,Cc1noc(-c2ccnc(NCC[S@](=O)C(C)(C)C)c2)n1,0.3403769
ZINC_250K_2601,CC(C)CN1CCO[C@H](CNC(=O)N2CCN(C(=O)[C@H]3C[C@H]3C)CC2)C1,0.3403769
ZINC_250K_6893,CCOc1cccc([C@@H]2c3c(oc4ccc(C)cc4c3=O)C(=O)N2C)c1,0.34037682
ZINC_250K_8235,Cn1cc(CN[C@@H]2CC[C@@H]([NH+](C)C)C2)c(-c2ccncc2)n1,0.3403768
ZINC_250K_1922,CN(CC(=O)NCC(C)(C)c1ccncc1)S(=O)(=O)c1ccc(Cl)cc1,0.3403768
ZINC_250K_1596,Cc1nccn1-c1ccc(C[NH2+][C@@H](C)c2ccccc2N(C)C)cc1F,0.3403768
ZINC_250K_4368,C[C@@H]1CCCC/C1=N/NC(=O)CCC(=O)Nc1ccccc1Br,0.3403768
ZINC_250K_2791,C[C@H]1OCC[C@@H]1C(=O)Nc1ccc(C#N)cn1,0.34037676
ZINC_250K_4309,C[C@H]1CCC[C@@H](NC(=O)C(=O)Nc2ccc(OC(F)(F)F)cc2)C1,0.34037673
ZINC_250K_1598,CN(C)C(=O)Nc1cccc(CN[C@H](Cc2ccccc2)C(F)(F)F)c1,0.34037673
ZINC_250K_7809,O=C(c1ccoc1)N1CCO[C@@H](c2cccc(OC(F)F)c2)C1,0.3403767
ZINC_250K_3372,O=C(N/C=C\c1ccco1)OCc1ccc(Cl)cc1Cl,0.3403767
ZINC_250K_7935,COc1cc(OC)c(CCNC(=O)c2ccc(Br)cc2F)c(OC)c1,0.3403767
ZINC_250K_10320,Cc1cc2nnc(SCC(=O)c3ccc(F)c(F)c3)n2c2ccccc12,0.34037668
ZINC_250K_9480,C[C@@H]1CC[NH+](Cc2c[nH]nc2-c2c(F)cccc2F)[C@@H]1C,0.34037668
ZINC_250K_368,Cc1cc(C)c(C)c(S(=O)(=O)/N=C(\[O-])c2cc(C3CC3)n(C(C)(C)C)n2)c1C,0.34037665
ZINC_250K_257,CCn1ccnc(N2CCCC[C@@H](N3CC[NH+](C)CC3)C2)c1=O,0.34037665
ZINC_250K_4960,COc1cccc(N(CC(=O)[O-])S(=O)(=O)c2ccc(C)cc2)c1,0.3403766
ZINC_250K_9334,Cc1cn2c(/C=C/c3nccc(-c4cnn(C)c4)n3)c(C)nc2s1,0.3403766
ZINC_250K_6338,CCOc1c(Br)cc(C(=O)N2[C@H](C)CCC[C@@H]2C)cc1OC,0.34037653
ZINC_250K_989,COc1ccc(Br)cc1/C=C/C(=O)N1CCN(C(=O)c2ccccc2)CC1,0.34037653
ZINC_250K_2756,CCOC(=O)C1=C(N)N(C)c2ccccc2[C@@]12C(=O)OC(C)=C2C(C)=O,0.3403765
ZINC_250K_5737,C[C@@]1(c2ccccc2)NC(=O)N(Cc2csc(-c3ccsc3)n2)C1=O,0.3403765
ZINC_250K_7487,C[C@@H](N[C@@H]1CCO[C@@H]1c1ccc(Cl)c(F)c1)c1ccncc1,0.34037647
ZINC_250K_4713,COCCNC(=O)CN(C)C(=O)CN1CCC([NH3+])CC1,0.34037647
ZINC_250K_9807,COc1ccccc1NC(=O)CNc1cccc(Cl)c1Cl,0.34037647
ZINC_250K_974,C[C@@]1(Cc2ccc3c(c2)OCO3)CCC(=O)N(CCc2ccc(O)cc2)C1,0.34037647
ZINC_250K_117,O=C(NCCCc1nc(-c2ccc(Br)o2)no1)C1CC1,0.3403764
ZINC_250K_7448,Cc1ccccc1-n1ncc([C@@H](C)NC(=O)c2cc(C(C)C)nc(N)n2)c1C,0.3403764
ZINC_250K_3058,CC(C)[C@@H](Sc1nnc(C(C)(C)C)o1)C(=O)Nc1ccc(Cl)cc1,0.3403764
ZINC_250K_7768,CC[NH+]1CCCC[C@H]1C(=O)NCc1cccc(NC(C)=O)c1,0.3403764
ZINC_250K_8492,O=C(Nc1cnn(C[C@@H]2CCCO2)c1)NC1CC1,0.3403764
ZINC_250K_6428,CN(C)C(=O)Nc1cccc(C(=O)N[C@H](CC(F)(F)F)c2ccc(F)cc2)c1,0.34037635
ZINC_250K_6966,COc1c(I)cc(/C=C/C(=S)N2CCOCC2)cc1[N+](=O)[O-],0.34037635
ZINC_250K_8919,C=CCOC(=O)c1ccccc1C(=O)Nc1ccc(Cl)cc1Cl,0.3403763
ZINC_250K_5029,COc1ccc(/C=C/C(=O)N[C@@H](C)C(=O)N(C)C2CC2)cc1,0.3403763
ZINC_250K_6285,O=C(Cn1c(=O)c2ccccc2n2nnc(-c3ccccc3)c12)Nc1ccccc1,0.3403763
ZINC_250K_5037,C/[NH+]=C(/NCC1(c2ccccc2F)CC1)N1CCC(C(=O)OC)CC1,0.34037626
ZINC_250K_8947,Cc1n[nH]cc1C[NH2+][C@H](c1ccccc1)C1CCCC1,0.34037626
ZINC_250K_8440,CC(C)CNc1nc(N)c([N+](=O)[O-])c(NCc2ccco2)n1,0.3403762
ZINC_250K_1910,N#CCc1ccc(NC(=O)CNC(=O)c2ccc(Oc3ccccc3)cc2)cc1,0.34037614
ZINC_250K_2998,Cc1cccc(OCCNc2nnnn2-c2ccccc2)c1,0.34037614
ZINC_250K_5050,CCCCn1c(NCc2ccccc2)nc2c1c(=O)[nH]c(=O)n2C,0.34037614
ZINC_250K_9343,CCS(=O)(=O)CCn1ccc(N[C@@H](C)c2cccc(Cl)c2)n1,0.34037608
ZINC_250K_5434,O=C(C[NH+]1CCC(Cn2cc[nH+]c2-c2ccccc2)CC1)NC1CCCCC1,0.34037608
ZINC_250K_1807,O=C1NC([O-])=C2C[NH+](Cc3ccco3)CN=C2N1c1ccccc1F,0.34037608
ZINC_250K_5479,CC(=O)N[C@@H]1Nc2ccc(NC(=O)[C@@H]3C=c4ccccc4=[NH+]3)cc2S1,0.34037608
ZINC_250K_5408,C[C@H](NC(=O)N[C@H]1CC[NH+](CC2CC2)C1)c1ccc(-c2ccncc2)cc1,0.34037605
ZINC_250K_7167,C[C@H](Cn1cncn1)NC(=O)c1ccc2[nH]c(=S)oc2c1,0.34037596
ZINC_250K_7152,COc1ncccc1-c1cc(C)ccc1N1CCOC1=O,0.34037596
ZINC_250K_2012,NC(=O)CSc1ncc2c(n1)-c1ccccc1N(Cc1ccccc1)S2(=O)=O,0.34037593
ZINC_250K_10309,CC[C@@H](C(=O)c1ccc(C)cc1)[C@@H]1c2cc(Br)ccc2OC(=O)[C@@H]1C(=O)OC,0.34037593
ZINC_250K_3392,CC[C@@H](Sc1nncn1C)C(=O)Nc1nnc(C(C)C)s1,0.34037593
ZINC_250K_6237,Cc1nc(C)c(CC(=O)Nc2ccc(C)c(F)c2)s1,0.34037593
ZINC_250K_167,O=C(Nc1ccccc1F)c1cc2ccccc2c2cccnc12,0.3403759
ZINC_250K_3902,O=C([C@@H]1CCOc2ccccc21)N1CCCCC[C@@H]1c1ccco1,0.3403759
ZINC_250K_5700,O=C(CCc1ccc2c(c1)OCO2)Nc1ccc(-c2csnn2)cc1,0.3403759
ZINC_250K_3120,CC(C)c1ccccc1NC(=O)C(=O)NCCc1cccc(F)c1,0.34037584
ZINC_250K_4818,O=C(NCC(=O)N1CCN(C(=O)c2cccnc2)CC1)c1cccs1,0.3403758
ZINC_250K_87,Cc1ccc(C(=O)N[C@H]2CCC[NH2+][C@H]2C)cc1F,0.3403758
ZINC_250K_7532,Cc1ccc(NC(=O)C[NH+]2CCC[C@H]2C)cc1NC(=O)C[NH+]1CCCCC1,0.3403758
ZINC_250K_9898,COc1cc(OC)c2cc(C(=O)N[C@H](C)C(=O)N=c3[nH]c4ccccc4[nH]3)n(C)c2c1,0.34037578
ZINC_250K_402,CNC(=O)CN1c2ccccc2C(=O)N(C)[C@H]1c1ccccc1O,0.34037578
ZINC_250K_9281,C[C@@H](Oc1ccccc1F)C(=O)NNC(=O)COc1ccc(C#N)cc1,0.34037575
ZINC_250K_9523,COC(=O)Cc1ccc(S(=O)(=O)N(C)[C@@H]2CCCC[C@H]2C)s1,0.34037575
ZINC_250K_10392,COCCOc1ccc(C(=O)NC(=S)N2CCCCC2)cc1,0.3403757
ZINC_250K_9392,CC(C)[C@@H](C)NC(=O)[C@@H]1CC(=O)N(c2cccc3ccccc23)C1,0.34037566
ZINC_250K_1722,C[C@H]1CCN(C(=O)c2csc(-c3ccsc3)n2)C[C@H]1O,0.34037566
ZINC_250K_6923,O=C(N/N=C/c1cc2ccccc2nc1Cl)c1nc2ccccc2c(=O)[nH]1,0.3403756
ZINC_250K_36,O=C(O[C@H]1CCOC1)C1(c2ccc(Cl)c(Cl)c2)CCC1,0.34037554
ZINC_250K_3275,CCCc1nnc(NC(=O)NNc2ccccc2Cl)s1,0.34037554
ZINC_250K_2531,COc1ccc(-c2cnc(CN3C[C@H](C)OCC3(C)C)o2)cc1,0.34037554
ZINC_250K_2138,Cc1cccc(-c2cccc(CNC(=O)NC[C@H](C)C[C@H](C)O)c2)c1,0.34037554
ZINC_250K_9049,C[C@@H]([NH2+]CCC(=O)NC1CC1)c1ccc(F)cc1Cl,0.34037554
ZINC_250K_9459,O=S(=O)(NCC[C@H]1CCC[NH+](Cc2ccccn2)C1)C1CC1,0.34037554
ZINC_250K_3972,CCc1ccc(NC(=O)[C@H](C)OC(=O)c2cnc(C)cn2)cc1,0.34037554
ZINC_250K_9321,CCc1nn(C)cc1C(=O)NC[C@@H]1CCCS1,0.34037548
ZINC_250K_9924,CC[C@@H](C)NC(=O)Cn1c(=O)n(-c2ccccc2)c(=O)c2sccc21,0.34037545
ZINC_250K_9441,COc1ccc(F)cc1NC(=O)C(=O)N[C@@H]1CC[C@H](SC)C1,0.34037542
ZINC_250K_4086,COc1ccc(CC(=O)NNC(=O)c2ccoc2C)cc1OC,0.34037542
ZINC_250K_903,COc1cccc(C(=O)N[C@@](C)(C(N)=O)c2cccc(Cl)c2)c1,0.3403754
ZINC_250K_9818,Cc1ccc(C)c(NC(=O)[C@@H](C)Nc2cccc(NS(C)(=O)=O)c2)c1,0.34037536
ZINC_250K_8656,CO[C@H](CNC(=O)[C@@H](C)NC(=O)Nc1ccccc1)c1ccc(F)cc1,0.34037536
ZINC_250K_6999,C[C@@H](CC(=O)NCCc1ncnn1C)NC(=O)C1CCCCC1,0.34037536
ZINC_250K_10412,O=C(CSc1nnc(-c2ccccc2)o1)Nc1cccc(O)c1,0.34037536
ZINC_250K_273,COc1ccc(OCC(=O)N/N=C2\CCCc3ccccc32)cc1,0.34037533
ZINC_250K_15,CC(C)Cc1nc(SCC(=O)NC[C@@H]2CCCO2)c2c(=O)n(C)c(=O)n(C)c2n1,0.3403753
ZINC_250K_7770,CC1=C(C(=O)N/N=C/c2cccc(Br)c2)[C@H](c2ccc([N+](=O)[O-])cc2)NC(=S)N1,0.34037524
ZINC_250K_1353,O=C(NCCN1CCOCC1)C1=Cc2ccccc2OC1,0.34037524
ZINC_250K_1355,Cc1ccc(N2C(=O)C3=C4C[C@H](C(C)C)OC[C@@H]4SC3=NC2=S)cc1,0.34037524
ZINC_250K_2327,COc1ccc(-c2onc(C(=O)c3ccc([N+](=O)[O-])cc3)c2S(=O)(=O)c2ccccc2)cc1,0.34037524
ZINC_250K_2139,O=C(c1ccco1)N1N=C2CCCCC[C@@H]2[C@]1(O)C(F)(F)F,0.34037524
ZINC_250K_10026,Cc1[nH+]n(C)c(N(C)C)c1CN[C@@H]1CCCOc2ccc(F)cc21,0.34037524
ZINC_250K_1905,O=C(CSc1cccc(C(F)(F)F)c1)N1CCN(S(=O)(=O)c2cccs2)CC1,0.34037516
ZINC_250K_10035,COC(=O)c1cccc(NC(=O)c2c(-c3ccccc3)noc2C)c1,0.34037516
ZINC_250K_2354,CC1(C)CCCN(C(=O)NCc2cscn2)CC1,0.3403751
ZINC_250K_4947,CC[C@@H](CCO)CNC(=O)c1ccc2c(c1)OCC(=O)N2,0.34037507
ZINC_250K_7957,COC(=O)C1=C(C)Nc2nnnn2[C@H]1c1cccc(Oc2ccccc2)c1,0.34037504
ZINC_250K_3971,O=C(Cn1cc(Cl)c(=O)[nH]c1=O)c1ccc2c(c1)CCCC2,0.340375
ZINC_250K_243,C[C@H](Oc1ccc(Cl)c(Cl)c1)C(=O)NC[C@H]1CCC[C@@H]1O,0.340375
ZINC_250K_1071,CC1(C)Cc2occc2[C@@H]([NH2+]Cc2ccc(COC3CCOCC3)cc2)C1,0.34037498
ZINC_250K_949,CCCn1nnnc1CN1CC[C@]2(C1)NC(=O)N(C(C)C)C2=O,0.34037498
ZINC_250K_640,CCCn1/c(=N/C(=O)[C@@H](CCSC)NC(N)=O)[nH]c2ccccc21,0.34037495
ZINC_250K_10034,COC(=O)[C@H](CC1=c2ccccc2=[NH+]C1)NC(=O)c1ccccc1F,0.34037486
ZINC_250K_6137,O=C(OC1CCN(c2ccc(Cl)cn2)CC1)C12CC3CC(CC(C3)C1)C2,0.34037486
ZINC_250K_4481,CC(C)C[C@@H](NC(=O)c1ccc(-n2cnnn2)cc1)c1ncnn1C,0.34037486
ZINC_250K_9421,C[C@H](NC(=O)Nc1ccnn1Cc1ccccn1)c1ccccc1,0.3403748
ZINC_250K_1577,CN(Cc1ccc(OC(F)(F)F)cc1)C(=O)c1csc(-c2cccs2)n1,0.3403748
ZINC_250K_363,CC[NH+]1C[C@H](c2ccccc2)CC2(CCN(C(=O)c3ccon3)CC2)C1,0.34037477
ZINC_250K_4373,Cc1ccc([C@H](C)NC(=O)N(C)CCS(C)(=O)=O)cc1F,0.3403747
ZINC_250K_7126,FC(F)SCc1ccc(CN2CCC[C@@H](c3nccs3)C2)o1,0.3403747
ZINC_250K_9800,CCN1C[C@H](C(=O)NCc2ccncc2)CC1=O,0.34037465
ZINC_250K_9027,COc1ccccc1CNC(=O)NCc1ccc(F)cc1CSC,0.34037465
ZINC_250K_9572,CCOC(=O)c1ccc(OC(=O)/C=C/c2cccs2)c(Cl)c1,0.3403746
ZINC_250K_7366,CC[C@@H](C)NC(=O)c1ccc([N-]S(=O)(=O)c2ccc(F)c(F)c2)cc1,0.3403746
ZINC_250K_1709,C[NH+](C)CCN(C(=O)c1cnccn1)c1nc2c(F)cc(F)cc2s1,0.3403746
ZINC_250K_3373,C[NH+](CCc1ccccc1)Cc1c([C@@H]2CCC[NH2+]C2)[nH]c2ncccc12,0.34037453
ZINC_250K_5495,CCOC(=O)c1cnn2c([O-])cc(CCl)nc12,0.34037447
ZINC_250K_1002,CC[C@@H](CSC)NC(=O)NCc1cccc(OC)c1,0.3403744
ZINC_250K_10322,CC(C)NC(=O)Nc1cccc(-c2noc(-c3ccc(F)cc3)n2)c1,0.3403744
ZINC_250K_269,C[C@@H]1[C@H](C(=O)[O-])CCN1S(=O)(=O)c1ccc(F)c(Cl)c1,0.3403744
ZINC_250K_7367,CCC[C@H](O)c1cc2c(cc1NC(=O)c1ccco1)OCCO2,0.34037438
ZINC_250K_9306,C[C@@H]1C[C@@H]1NC(=O)C(=O)Nc1cccc(C(=O)N2CCCCC2)c1,0.34037438
ZINC_250K_2441,Cc1cc(CCC(N)=O)cc([C@H]2CCC[NH+]2Cc2cccnc2)n1,0.34037438
ZINC_250K_1679,Cc1ccc2c(CC(=O)NCC[NH+]3CCOCC3)cc(=O)oc2c1,0.34037438
ZINC_250K_3509,COCc1ccc([S@@](=O)[C@@H](C)C(=O)Nc2cc(C)ccc2OC)cc1,0.34037435
ZINC_250K_7472,COC[C@H](NC(=O)c1cccc(C)c1C)c1ccc(F)c(F)c1,0.34037435
ZINC_250K_2191,N#Cc1ccc(/C=C2\S[C@@H]3c4ccccc4C(=O)N3Cc3ccccc3C2=O)cc1,0.34037432
ZINC_250K_5500,O=C(NNC(=O)N[C@@H]1CCSc2ccc(F)cc21)Nc1ccccc1,0.34037432
ZINC_250K_4121,CN(Cc1nc2c(cnn2C)c(=O)[nH]1)Cc1ccco1,0.34037426
ZINC_250K_6088,O=C([O-])CC1(NC(=O)c2ccncc2Cl)CCCCC1,0.34037426
ZINC_250K_1705,Cc1ccc2[nH]c(=O)c(CNc3ccc(OC(C)C)cc3)cc2c1,0.34037423
ZINC_250K_1957,CC(=O)N1CCc2cc(S(=O)(=O)N[C@@H](C(=O)[O-])C(C)C)ccc21,0.3403742
ZINC_250K_6676,C/C(Cl)=C/Cn1c(SCc2ccc(C)cc2)nc2c1c(=O)[nH]c(=O)n2C,0.3403742
ZINC_250K_2883,Cc1ccc2cc(C#N)c(SCC(=O)Nc3c(C)cccc3C)nc2c1,0.3403742
ZINC_250K_7646,COc1ccc(NCC[NH2+]C2CCCCC2)cc1Cl,0.34037417
ZINC_250K_3193,CCOc1ccc(C(=O)CSc2nnc3c(=O)n(-c4cc(C)cc(C)c4)ccn23)cc1,0.34037414
ZINC_250K_3171,CCOC(=O)CN1C(=O)CS[C@@]12C(=O)Nc1ccccc12,0.34037414
ZINC_250K_1976,Oc1ccc(-c2ccccc2)cc1C[NH+]1CCC[C@H](c2cn[nH]c2)C1,0.34037414
ZINC_250K_9657,CN1CCN(c2nc3c(c(=O)[nH]c(=O)n3C)n2C)Cc2ccccc21,0.3403741
ZINC_250K_7869,C[C@@H](CNC(=O)OC(C)(C)C)CC(=O)N1CCOC[C@H]1C1CC1,0.34037408
ZINC_250K_2456,O=C(Cn1cnc2ccccc2c1=O)NNC(=O)c1ccc(Cl)cc1,0.34037408
ZINC_250K_1748,COc1ccccc1[C@@H](Nc1nccn(C)c1=O)c1ccccn1,0.34037402
ZINC_250K_486,COC(=O)c1cc(NC(=O)[C@@H]2CCO[C@H]2C)ccc1C,0.340374
ZINC_250K_8642,O=C(Nc1ccc(NCc2ccc(F)cc2)cc1)[C@H]1CCCO1,0.340374
ZINC_250K_380,COc1cc(OC)cc([C@@H](NC(=O)N(C)C2CCCCC2)c2nccn2C)c1,0.340374
ZINC_250K_10472,Cc1cc(C)n(C[C@H]2CCCN2C(=O)[C@@H]2CCCN(C(N)=O)C2)n1,0.340374
ZINC_250K_132,Cc1cccc(C(=O)N[C@@H](C(=O)N2CCC[C@@H](C)C2)C(C)C)c1,0.340374
ZINC_250K_8025,NC(=O)c1ccc(NC(=O)c2cccc(S(=O)(=O)N3CCCCCC3)c2)cc1,0.34037396
ZINC_250K_4835,COc1ccc(C(=O)CCNc2cccc(C(F)(F)F)c2)cc1,0.34037396
ZINC_250K_5480,O=C1C[C@@H](c2cccs2)CC2=C1[C@H](c1c(Cl)cccc1Cl)n1ncnc1N2,0.34037393
ZINC_250K_6687,C[C@@H]1CN(C(=O)c2csc(-c3ccsc3)n2)C(C)(C)CO1,0.34037393
ZINC_250K_1904,CNC(=O)CCN1CCN(S(=O)(=O)c2cc(C)ccc2C)CC1,0.34037387
ZINC_250K_6011,Cc1nc(C)c(-c2nn3c(-c4ccc(Cl)cc4F)nnc3s2)s1,0.34037387
ZINC_250K_1714,CC(C)(C)NC(=O)CNC(=O)Nc1cnn(CC(F)F)c1,0.3403738
ZINC_250K_4003,O=C1CN(C(=O)COC(=O)c2ccccc2O)c2ccccc2N1,0.3403738
ZINC_250K_3833,Cc1nc(CC(=O)N[C@H](c2ccccc2)c2nnc(N)s2)cs1,0.34037375
ZINC_250K_3826,COc1ccc(F)cc1NC(=O)C(=O)NCc1cc(Br)cs1,0.34037375
ZINC_250K_3250,CC(C)CCOc1ccccc1C(=O)NNC(=O)c1ccc(Cl)cc1,0.34037375
ZINC_250K_2919,COC(=O)[C@@H](C)Oc1ccc(Oc2cnc3cc(Cl)ccc3n2)cc1,0.34037375
ZINC_250K_3027,CN(C)c1nc(CNS(=O)(=O)c2cccc(Cl)c2)cs1,0.34037375
ZINC_250K_8410,CN1CCO[C@@H](CNc2cc(Cl)ccc2Cl)C1,0.3403737
ZINC_250K_5138,O=C(c1ccc(CS(=O)(=O)c2ccc3ccccc3c2)cc1)N1CCCC1,0.34037367
ZINC_250K_147,CCOC[C@H]1CC[NH+](Cc2ccc(-c3nc4ccccc4s3)o2)C1,0.34037367
ZINC_250K_9550,C[S@](=O)Cc1cc(NC(=O)Cc2ccccc2F)ccc1Cl,0.34037364
ZINC_250K_1466,CC1CCN(C(=O)Cc2coc3ccc4ccccc4c23)CC1,0.3403736
ZINC_250K_6161,O=c1[nH]c(Cc2ccc([N+](=O)[O-])cc2)nc2scc(-c3ccccc3)c12,0.3403736
ZINC_250K_6682,C[C@H](Oc1ccc(C#N)cc1)C(=O)NNC(=O)CC1CCCCC1,0.3403736
ZINC_250K_8483,O=C(CSC1CCCC1)Nc1cccc2ncccc12,0.34037355
ZINC_250K_7863,C[C@@H]1COC2(CC[NH+](Cc3cccc(OCc4cccc(C#N)c4)c3)CC2)O1,0.34037355
ZINC_250K_7654,Cc1ccc(NC(=O)C(=O)N[C@@H](C)Cc2cccs2)c(Cl)c1,0.34037355
ZINC_250K_9970,CC(C)(CNC(=O)c1cc(F)cc2[nH]cnc12)c1ccccc1,0.34037355
ZINC_250K_10183,Cc1cc(C)c(CN2CCC[C@H](c3nncn3C3CC3)C2)c(C)c1,0.34037355
ZINC_250K_6600,CC(C)CC[C@H]1CCC[C@H]1NC(=O)NCc1ccc(S(C)(=O)=O)cc1,0.34037352
ZINC_250K_7678,O=C(NCCCN1C(=O)CCC1=O)NCC1(c2ccccc2F)CC1,0.34037346
ZINC_250K_3134,COc1ccc(F)cc1C(=O)Nc1cc(F)ccc1OCC(F)(F)F,0.34037346
ZINC_250K_4282,CCOc1cc2c(cc1OCC)-n1cccc1[C@@H](c1cc(C)c(OC)cc1C)[NH2+]C2,0.34037343
ZINC_250K_10138,O=C(NNC(=O)c1ccccc1Cl)c1ccc(COc2ccc(Cl)cc2)cc1,0.34037337
ZINC_250K_8503,CC(C)[C@@](C)(O)CNC(=O)C(=O)N1C[C@@H](C)Oc2ccccc21,0.3403733
ZINC_250K_2644,CC(=O)N(C)c1cccc(Nc2cc(C)nc3ncnn23)c1,0.3403733
ZINC_250K_8799,CCC(CC)N(CCOC)C(=O)Nc1ccc(F)c(F)c1F,0.34037328
ZINC_250K_3735,CCc1n[nH]c(=S)n1CCNC(=O)c1ccncc1F,0.34037325
ZINC_250K_9640,CCOc1cc(C)ccc1NCc1ncn(-c2ccccc2)n1,0.34037325
ZINC_250K_7108,CN1C(=O)/C(=N\Nc2cccc(C(=O)[O-])c2)c2ccccc21,0.34037322
ZINC_250K_9216,CCCc1cc(NC[C@@H]2CCC[NH2+]C2)nc(-c2ccncc2)n1,0.34037322
ZINC_250K_3160,CC(C)[NH+]1CCN(CC(=O)NCCc2ccc(F)cc2)CC1,0.34037322
ZINC_250K_8175,CC(=O)N1CCC([C@H]2CC=CCN(Cc3ccccc3)C2=O)CC1,0.34037322
ZINC_250K_6083,O=C(C1CCN(S(=O)(=O)c2ccccc2C(F)(F)F)CC1)N1CCCC1,0.34037322
ZINC_250K_9943,CCOc1cc(/C=C2/SC(=O)NC2=O)ccc1OC(=O)c1ccc(F)cc1,0.3403732
ZINC_250K_1549,O=C(Nc1ccccc1)N1CCC([C@@H](O)c2ccc(Cl)cc2)CC1,0.34037316
ZINC_250K_6634,Cc1ccc(-n2nnc(C(=O)O[C@@H](C)c3nccs3)c2C)cc1,0.34037313
ZINC_250K_656,COc1ccc(C(=O)O[C@@H](C)[C@@H]2CCCO2)cc1OC(F)F,0.34037307
ZINC_250K_600,CC1=C[C@@H](C)[C@H]2C(=O)N([C@H](Cc3ccccc3)C(=O)[O-])C(=O)[C@H]2C1,0.34037304
ZINC_250K_3495,Cc1cccc(NC(=O)CC2(n3cccc3)CCCCC2)n1,0.34037304
ZINC_250K_875,CC[C@@H](C)C(=O)NCC(=O)N(C)[C@@H](C)c1cc(F)ccc1F,0.34037304
ZINC_250K_1712,CCOCc1ccc(NC(=O)c2nc3nc(C)cc(C)n3n2)cc1,0.340373
ZINC_250K_3101,COc1ccc(CC[C@@H](C)[NH2+][C@@H](C)C(=O)N2CCCCC2)cc1,0.34037298
ZINC_250K_8680,CCOc1ccc(NS(=O)(=O)c2cc(-c3cc(C)no3)ccc2C)cc1,0.34037292
ZINC_250K_1005,C[C@H](CC(=O)N(C)Cc1cccc(Cl)c1)[NH2+][C@@H](C)C1CCC1,0.34037292
ZINC_250K_1340,O=C(Nc1cccnc1)C1=CC=CN2CCS(=O)(=O)N=C12,0.34037292
ZINC_250K_3955,C[C@@H](c1ccco1)N(C)C(=O)NC[C@H](c1ccccc1)N1CCOCC1,0.34037292
ZINC_250K_5924,CC[C@H]1CCCCN1C(=O)[C@@H](C)OC(=O)/C=C/c1ccncc1,0.34037292
ZINC_250K_3490,CN(CCc1cccs1)C(=O)C(=O)Nc1cc(CC(C)(C)C)nn1C,0.3403729
ZINC_250K_7583,CC[C@@H](NC(=O)c1cnn(-c2ccncc2)c1C)c1ccc(C)cc1,0.3403729
ZINC_250K_7626,C=CCN1C(SCc2nc3ccccc3[nH]2)=NN[C@@H]1c1cccc(C)c1,0.3403729
ZINC_250K_7663,COc1nc(C)c(C(=O)N2CCC3=C(C2)[C@H](C2CCCC2)N=N3)s1,0.34037283
ZINC_250K_383,Cc1noc(C)c1CCCNC(=O)c1c(C)nn(Cc2ccccc2)c1C,0.34037283
ZINC_250K_4684,COC(=O)c1cccc2c1N[C@H](c1ccccc1OC)[C@@H]1CC=C[C@H]21,0.34037283
ZINC_250K_2795,CCc1nn(C)cc1NC(=O)C(=O)N[C@H](C)c1ncc(-c2ccccc2)o1,0.3403728
ZINC_250K_6633,Nc1nc(SCCS(=O)(=O)Oc2ccccc2)nc2sc3c(c12)CCCC3,0.34037277
ZINC_250K_5979,CCc1nc(CCNC(=O)N[C@@H](CC)c2cc(F)ccc2F)cs1,0.34037277
ZINC_250K_9445,O=C(Nc1cccc(C(F)(F)F)c1)[C@@H](Sc1nnc([O-])[nH]c1=O)c1ccccc1,0.34037277
ZINC_250K_4952,COC(=O)[C@]1(N)CC[C@H](Oc2cc(C)cc(C)c2C)C1,0.3403727
ZINC_250K_4776,COc1ccc(C2=N/C(=C\c3cccc(OCc4ccccc4)c3)C(=O)O2)cc1,0.3403727
ZINC_250K_4179,CCOC(=O)/C(C#N)=C1\S[C@H](Cc2ccccc2)C(=O)N1c1ccccc1,0.34037265
ZINC_250K_8598,CCc1nn(C)cc1NC(=O)N[C@H](C)C[NH+]1CCC[C@H](C)C1,0.34037265
ZINC_250K_4706,CC[C@@H](C(=O)NC1CCC(C(=O)OC(C)(C)C)CC1)c1ccccc1,0.34037253
ZINC_250K_9289,Cc1cc(C)c(C#N)c(N2C[C@@H]3CC[C@H](C2)N(CC2CC2)C3=O)n1,0.34037253
ZINC_250K_4587,CNC(=O)[C@H](C)C[NH+](C)Cc1nnc2n(C)c(=O)c3cc(C)ccc3n12,0.34037253
ZINC_250K_5021,COc1ccc(C(=O)N2CC[C@@]3(C2)C(=O)Nc2ccc(OC)cc23)cc1,0.34037253
ZINC_250K_5375,O=C(Cc1cccc2cccnc12)N(C1CC1)[C@H]1CCS(=O)(=O)C1,0.3403725
ZINC_250K_2290,COc1ccc(OC(=O)[C@H]2SCCc3sccc32)cc1F,0.34037247
ZINC_250K_4487,CC(C)Cc1cc(C(=O)N2CCCC[C@@H]2c2nccs2)on1,0.34037244
ZINC_250K_5709,C[C@@H](CNC(=O)NCc1csc(N(C)C)n1)N(C)c1ccccc1,0.34037238
ZINC_250K_8787,COc1cc(-c2nc3s/c(=C\c4ccc(F)cc4)c(=O)n3n2)cc(OC)c1OC,0.34037238
ZINC_250K_5663,Cc1cc([N+](=O)[O-])nn1CC(=O)NC1CCCCC1,0.34037238
ZINC_250K_5128,Cc1cc2oc3c(c(=O)c2cc1C)[C@@H](c1ccc(Cl)cc1)N(c1nncs1)C3=O,0.34037238
ZINC_250K_7496,CC(C)n1ccc(CCNC(=O)N[C@@H]2CCC[C@H]2CO)n1,0.34037238
ZINC_250K_2646,CN1CCN(C(=O)[C@@]23CC[C@@](C)(c4nc5cc6c(cc5nc42)OCO6)C3(C)C)CC1,0.34037238
ZINC_250K_2868,COc1ccc(NC(=O)[C@H]2C[C@H]3CC[C@@H]2O3)cn1,0.34037232
ZINC_250K_674,C/C(=C/c1ccc(F)cc1)C(=O)NCc1cccc(OCC(F)F)n1,0.3403723
ZINC_250K_3340,COC(=O)c1ccc(NC(=S)N2C[C@H]3C[C@@H](C2)c2cccc(=O)n2C3)cc1,0.3403723
ZINC_250K_6182,C=CC[NH+](Cc1ccc(-n2ccc(C(F)(F)F)n2)cc1)[C@@H]1CCS(=O)(=O)C1,0.3403723
ZINC_250K_1097,CCC(CC)[C@H](CNC(=O)c1cnc2c(C)cccn2c1=O)[NH+](C)C,0.3403723
ZINC_250K_8887,[NH3+][C@@H]1c2ccccc2C2(CCN(C(=O)Cc3ccc(O)c(Cl)c3)CC2)[C@H]1O,0.34037226
ZINC_250K_4908,O=C1CCC(C(=O)Nc2ccc3c(c2)OC2(CCCC2)O3)=NN1,0.34037226
ZINC_250K_5015,O=C(C[NH+]1CCC(OCc2ccccc2F)CC1)Nc1ccc(F)cc1,0.34037223
ZINC_250K_2663,CC(=O)c1ccccc1OCCCCN1C[C@H](C)O[C@@H](C)C1,0.3403722
ZINC_250K_4763,O=C(CCc1cn2cccnc2n1)N1CCc2ccccc21,0.34037215
ZINC_250K_2847,Cc1ccc(O[C@@H](C)C(=O)NNC(=O)COc2ccccc2Cl)cc1C,0.34037215
ZINC_250K_2560,CCOc1cc2c(cc1OCC)CN(C(=O)NC[C@@H]1CCC[NH+]1CC)CC2,0.34037215
ZINC_250K_8101,COc1ccc(NC(=S)NCc2ccc3c(c2)cc(C)n3C)cc1,0.34037212
ZINC_250K_8668,Cc1ccc(N2CCC(=O)Nc3cc(C)cnc32)cc1,0.3403721
ZINC_250K_4567,Cc1nn(-c2ccccc2)c(C)c1CN1C[C@H](CO)[C@H](C[NH+]2CCCC2)C1,0.34037206
ZINC_250K_8933,COCCNC(=O)[C@H](C)OC(=O)c1cc(C)ccc1N,0.34037206
ZINC_250K_803,C[C@H](CNC(=O)c1ccc(-c2ccccc2)[nH]c1=O)Oc1ccc(F)cc1,0.340372
ZINC_250K_8444,NS(=O)(=O)c1ccc(NC(=O)CCSCc2ccc(Cl)cc2)cc1,0.34037197
ZINC_250K_9086,Cc1ccc([C@H](C)N2CC(=O)N[C@H](C3CC3)C2=O)cc1F,0.34037194
ZINC_250K_6019,CSc1ccc(-c2csc(NC(=O)[C@H]3CCO[C@H]3C)n2)cc1,0.34037194
ZINC_250K_1134,O=C(N[C@@H](C(=O)[O-])c1ccccc1)C1CCC(CNC(=O)[C@@H]2Cc3ccccc3C[NH2+]2)CC1,0.3403719
ZINC_250K_2792,C[C@@H](CNC(=O)N(C)CCOc1ccc(F)cc1)c1ccsc1,0.34037188
ZINC_250K_8728,Cc1ccc(NC(=O)[C@@H](NS(=O)(=O)c2ccc(Cl)cc2)C(C)C)cc1,0.34037188
ZINC_250K_8767,CCN(C(=O)c1cccnc1)[C@H]1CC[NH+]([C@@H](C)c2ccccc2)C1,0.34037185
ZINC_250K_4370,COc1ccccc1[C@@H]1C[NH+](Cc2cc(C(C)=O)cn2C)C[C@H]1C(=O)[O-],0.34037182
ZINC_250K_8565,COc1cc(C(=O)N[C@H]2C[C@H]2c2cccc(Cl)c2)cc(OC)c1OC,0.34037182
ZINC_250K_1208,C[C@H](Oc1ccc(F)cc1)C(=O)NCc1ccccn1,0.34037176
ZINC_250K_4813,CCc1noc(C)c1C(=O)Nc1ccccc1OCC(C)C,0.34037176
ZINC_250K_2238,Cc1ccc(C(C)C)cc1OCC(=O)Nc1ccccc1,0.34037176
ZINC_250K_6214,Cc1cc(NC(=O)c2cc(C3CC3)nc3onc(C)c23)on1,0.34037173
ZINC_250K_5702,CCOC(=O)c1c(NC=[N+](C)C)c2cc(OC)ccc2n1C,0.3403717
ZINC_250K_1292,CCCCC(=O)N1CCN(c2nc3cccnc3s2)CC1,0.34037167
ZINC_250K_6521,CC(C)(C)[C@H]1CCc2c(C(=O)N/N=C/c3ccoc3)csc2C1,0.34037167
ZINC_250K_1622,C[C@@H](NC(=O)N1CCC[C@@H](O)C1)C(C)(C)c1ccccc1,0.34037167
ZINC_250K_10297,CCC[NH+]1CCC(NC(=O)[C@@H](C)Sc2ccccc2Cl)CC1,0.34037167
ZINC_250K_7941,COc1cc(C(=O)Nc2cc(C)nn2-c2nc(-c3cccs3)cs2)cc(OC)c1OC,0.34037167
ZINC_250K_1876,O[C@@H]1C[C@@H](c2nc(C3CC3)no2)[NH+](Cc2c[nH]c3ccccc23)C1,0.34037167
ZINC_250K_5985,O=[N+]([O-])c1cc(C[NH+]2CCCC[C@H]2c2cn[nH]c2)ccc1O,0.34037167
ZINC_250K_7066,CSc1ccccc1NC(=O)CN(C)C(=O)c1nc(-c2ccccc2)oc1C,0.3403716
ZINC_250K_5022,C[NH+](C)[C@H]1CC[C@H](NC(=O)N(CCc2ccccc2)Cc2ccncc2)C1,0.34037158
ZINC_250K_468,CS(=O)(=O)c1ccc(NC(=O)N2CCC[C@H]2CC2CCCCC2)cc1,0.34037155
ZINC_250K_9247,C[C@@H](CNC(=O)N1CC(C)(C)C1(C)C)c1nc(-c2ccccc2)no1,0.34037152
ZINC_250K_1799,C[C@H]1CN(Cc2ccccc2NC=C(C#N)C#N)C[C@H](C)O1,0.34037152
ZINC_250K_1869,CCCCOC(=O)C1=C(C)Nc2ncnn2[C@@H]1c1ccccc1C,0.3403715
ZINC_250K_3003,CN(CCC(=O)NC(=O)Nc1ccccc1)Cc1ncnn1C,0.34037146
ZINC_250K_2891,CC(=O)NC[C@H]1CCCN(C(=O)NCC2(c3ccccc3)CC2)C1,0.34037146
ZINC_250K_1531,CCSc1ccc(NC(=O)C(=O)NCc2nc3ccccc3s2)cn1,0.34037143
ZINC_250K_6538,CC[C@H](Cc1ccc(C)cc1)N(C)C(=O)Cc1nc2nc(C)cc(C)n2n1,0.34037143
ZINC_250K_3721,Cn1c2c(c(=O)n(C)c1=O)[C@H](c1cccc(Cl)c1)C1=C(CC(C)(C)CC1=O)N2,0.3403714
ZINC_250K_4281,CC(=O)N(C)c1cccc(NC(=O)C(=O)NCc2cccc(Cl)c2)c1,0.3403714
ZINC_250K_3358,O=C([C@@H]1C[C@@H]1c1cc(F)ccc1F)N1CCc2cc(F)ccc2C1,0.34037137
ZINC_250K_3188,CCc1cc(OS(=O)(=O)c2ccc3c(c2)C(=O)NCC3)ccc1Cl,0.34037134
ZINC_250K_7202,C[NH+](C)CCN(C(=O)c1cnc2ccccc2n1)c1nc2ccc(Br)cc2s1,0.3403713
ZINC_250K_10398,Cn1nncc1CN1CCN(C(=O)c2cccc(O)c2)CC1,0.3403713
ZINC_250K_7168,O=C(NCCOCc1ccccc1)c1ccc(-n2cccc2)nc1,0.34037128
ZINC_250K_2372,CC1(C)CN([C@@H]2CCN(c3ccccc3Cl)C2=O)CC[S@@]1=O,0.34037125
ZINC_250K_6141,CC(C)(CCCc1ccccc1)CNC(=O)N[C@@H]1CCCNC1=O,0.34037125
ZINC_250K_8077,Cc1ccc([C@H](C)[NH2+]Cc2cn(CCC(N)=O)c3ccccc23)cc1C,0.34037125
ZINC_250K_10306,C=CCOc1ccc(C[NH+]2CCCN(c3nccs3)CC2)cc1,0.34037122
ZINC_250K_9111,CC(=O)N1CCN(C(=O)CN2CCN(c3cccc(Cl)c3)C2=O)CC1,0.34037122
ZINC_250K_8038,Cc1ccc(S(=O)(=O)N2C[C@@H](C)N(C(=O)N3CCOCC3)C2)cc1,0.3403712
ZINC_250K_457,CCC(=O)N1CCCN(C(=O)N[C@@H]2CCc3ccccc32)CC1,0.3403712
ZINC_250K_336,O=C(C[NH+]1CCC(C(=O)c2ccc(Cl)cc2)CC1)NC[C@H]1COCCO1,0.34037116
ZINC_250K_6788,C[C@H]1CCCC[C@@H]1NC(=O)C[NH+]1CCC[C@H](c2nnc3ccccn23)C1,0.34037116
ZINC_250K_2852,Cc1cc(NC(=O)c2cc(C)n(C(C)C)c2C)ccc1N1CC[NH+](C)CC1,0.34037116
ZINC_250K_8346,CC[C@@H]1CN(C(=O)Cn2nnn(-c3cccs3)c2=O)CCO1,0.34037113
ZINC_250K_8725,CCNC(=O)c1ccc(NCC(=O)Nc2c(C)cc(C)cc2C)nc1,0.34037104
ZINC_250K_4492,COC(=O)c1ccc(F)c(NC(=O)c2cccnc2SC)c1,0.34037104
ZINC_250K_6921,CSC[C@H](C)C(=O)N1CCC[NH+](Cc2ccc(Cl)cc2)CC1,0.340371
ZINC_250K_413,Cn1cccc1Cc1nnc(SCC(=O)Nc2ccc3c(c2)OCCO3)n1C,0.340371
ZINC_250K_1368,CCC[NH+](C)C[C@@H]1CCN(Cc2cc(Br)ccc2[N+](=O)[O-])C1,0.34037095
ZINC_250K_4095,Fc1ccc2c(c1)[C@H]([NH2+]C1CC[NH+](CCN3CCOCC3)CC1)CC2,0.3403709
ZINC_250K_9502,Cc1cccc(NC(=O)NCc2ccc(F)cc2)c1Cl,0.3403709
ZINC_250K_8295,O=C(/C=C/c1ccccc1[N+](=O)[O-])Nc1cccc(Oc2ccncc2)c1,0.3403709
ZINC_250K_5735,CC[C@]1(c2cccc(Cl)c2)NC(=O)N(CC(=O)c2ccc(Cl)s2)C1=O,0.3403709
ZINC_250K_1560,C[C@H]1CCC[NH+](CC(=O)Nc2cccc(NC(=O)c3ccccc3)c2)C1,0.34037083
ZINC_250K_284,CC(C)OC(=O)CCNC(=O)c1cnn(-c2ccc(F)cc2)n1,0.34037083
ZINC_250K_135,CC(=O)Nc1nc2ccc(NC(=O)NCc3ccccc3)cc2s1,0.34037083
ZINC_250K_6644,C[C@H](C(=O)N[C@H](C)c1ccc2c(c1)CCCC2)[NH+]1CCC(O)CC1,0.3403708
ZINC_250K_5208,C[C@H](NC(=O)NCc1ccc(-c2nc3ccccc3s2)o1)[C@@H](C)CO,0.3403708
ZINC_250K_7076,O=[N+]([O-])c1cccc(-n2nc(-c3ccccc3)c3cnc4ccc(F)cc4c32)c1,0.34037077
ZINC_250K_1083,C[NH+](C)CCN(C(=O)c1ccco1)c1nc2ccc(S(C)(=O)=O)cc2s1,0.34037077
ZINC_250K_1039,Cc1ccc(Cl)cc1N1CCN(C(=O)[C@@H]2CCC[NH2+]2)CC1,0.34037077
ZINC_250K_4633,CC(C)c1cc(C(=O)N2CCC(C)(C)C2)c2cnn(C(C)C)c2n1,0.34037074
ZINC_250K_4131,O=c1nc(SCc2ccc(C(F)(F)F)cc2)c2c(n1C[C@H]1CCCO1)CCCC2,0.3403707
ZINC_250K_7018,COCCn1/c(=N/C(=O)c2cccc(Br)c2)sc2cc(NC(C)=O)ccc21,0.3403707
ZINC_250K_405,COC(=O)CCCc1nnc(NC(=O)N2CCC[C@@H]3CCC[C@@H]32)s1,0.3403707
ZINC_250K_3093,CCC[C@H](C)NC(=O)[C@@H](C)[S@@](=O)Cc1cn2ccccc2n1,0.34037063
ZINC_250K_8363,Cc1cnc(CNC(=O)NCC[C@H](O)c2ccccc2)s1,0.34037063
ZINC_250K_5416,Cc1n[nH]cc1CNC(=O)Cc1ccc(C(F)(F)F)cc1,0.34037063
ZINC_250K_1470,Cc1cc(C)c2nc(N(CC[NH+](C)C)C(=O)c3cc(C)n(C(C)C)n3)sc2c1,0.34037063
ZINC_250K_2747,C#CCN1CCN(C(=O)c2cnc([C@@H]3CCCO3)s2)CC1,0.34037057
ZINC_250K_2746,O=C(Nc1ccccc1)c1cccc(OC(=O)c2ncn(-c3ccccc3)n2)c1,0.34037054
ZINC_250K_7146,COc1ccc([C@@H](O)CNC(=O)NCc2csc(C)n2)cc1,0.34037054
ZINC_250K_5030,CCc1cc2c(=O)c(-c3ccc4c(c3)OCO4)c(C)oc2cc1OCC(=O)[O-],0.34037054
ZINC_250K_9226,CN(C)C(=O)c1ccccc1NCC(=O)NC(=O)NC1CC1,0.3403705
ZINC_250K_5830,COCc1c(C(=O)NC(C)C)nnn1-c1ccc(C)cc1,0.34037048
ZINC_250K_8530,C[C@H]1Cc2ccccc2[C@H]1NC(=O)N(CC[NH+](C)C)Cc1ccco1,0.34037048
ZINC_250K_3109,CCCn1ncc(C(=O)N[C@H](c2ccc(C)cc2)c2cccnc2)c1C,0.34037048
ZINC_250K_5627,CCOc1ccccc1[C@H]1C(C#N)=C(SC)NC2=C1C(=O)CCC2,0.34037045
ZINC_250K_4358,Cc1c(Cc2ccccc2)c(=O)oc2cc(OCc3nnn[n-]3)c(Cl)cc12,0.34037045
ZINC_250K_4133,Cc1ccc(NC(=O)C2=NO[C@@H](c3ccccc3)C2)c(Cl)c1,0.34037045
ZINC_250K_3924,COc1cc(CCNC(=O)N(C)[C@H](C)Cc2ccsc2)ccc1O,0.34037042
ZINC_250K_10220,COCCn1c([O-])c(C(=O)COc2c(C)cccc2C)c(C)c(C#N)c1=O,0.34037042
ZINC_250K_7192,CC[C@H]1CC[C@H]([NH+]2CCC(C(=O)NCc3ccc(OC)cc3)CC2)C1,0.34037042
ZINC_250K_8081,Cc1ccc([C@H](C)[NH+](C)CCC(=O)N2CCc3sccc3C2)cc1,0.3403704
ZINC_250K_9889,O=C(Cc1ccc(F)cc1F)NCCOCc1ccccc1,0.3403704
ZINC_250K_4572,Cc1nc2n(n1)C[C@@H]([NH2+]Cc1cn(-c3ccccc3)nn1)CC2,0.34037033
ZINC_250K_5633,C[C@@H](Oc1ccc([N+](=O)[O-])cc1C=O)C(=O)Nc1ccc(Cl)cc1,0.34037033
ZINC_250K_10122,O=C1NCCN(Cc2cc(F)c(F)cc2F)[C@@H]1c1ccccc1,0.34037033
ZINC_250K_8427,COc1ccc(CCNC(=O)[C@@]2(C)CC[C@@H](C(=O)[O-])C2(C)C)cc1OC,0.34037033
ZINC_250K_1008,O=C(CSc1nnc(-c2ccco2)n1-c1ccccc1)c1ccc[nH]1,0.34037033
ZINC_250K_8852,CCCNC(=O)Nc1cccc(C)c1C(=O)N1CCCC1,0.34037033
ZINC_250K_2699,CC(=O)N1c2ccccc2NC2=C(C(=O)CCC2)[C@@H]1c1ccc(Cl)c(Cl)c1,0.34037033
ZINC_250K_348,c1csc([C@@H]2CN(Cc3cnc(C4CCC4)s3)CCO2)c1,0.34037027
ZINC_250K_396,Cn1c(-c2cccc3ccccc23)nn(CN2CCOCC2)c1=S,0.34037027
ZINC_250K_10169,C/[NH+]=C(/NCCOC)N1CCN(c2ccc(F)cc2)CC1,0.34037027
ZINC_250K_4148,CS[C@H](C)CNC(=O)C(=O)Nc1nn(-c2ccccc2Cl)cc1C,0.34037024
ZINC_250K_7000,CCCCc1ccc(NC(=O)CCc2c(C)nc(C)[nH]c2=O)cc1,0.34037018
ZINC_250K_6442,Cc1[nH+]ccn1CCNC(=O)c1ccccc1C(F)(F)F,0.34037018
ZINC_250K_8818,CC1=NO[C@H](CNC(=O)c2ccccc2F)C1,0.34037015
ZINC_250K_369,CC(C)(O)C#Cc1ccc(C[NH2+][C@H]2CCCN(c3nc4ccccc4s3)C2)s1,0.34037015
ZINC_250K_270,CC1CCC(OC(=O)C2=NC3=C(C(=O)C[C@@H](c4ccccc4)C3)[C@H]2C)CC1,0.34037012
ZINC_250K_6417,CCOc1ccc([C@H](CC[C@@H]2CCCCO2)[NH2+]C)c(Br)c1,0.34037012
ZINC_250K_4986,C[C@](O)(CNC(=O)COc1ccccc1Cl)c1ccc(F)cc1,0.34037012
ZINC_250K_6373,COc1ccc(-c2c(C(=O)[O-])nnn2-c2ccc3c(c2)OCCO3)cc1,0.34037012
ZINC_250K_6375,CCc1ccc([C@@H](C)C(=O)Nc2cccc(CS(C)(=O)=O)c2)cc1,0.34037006
ZINC_250K_2835,Cc1cccc(/C=C(/C(=O)[O-])c2ccc(S(=O)(=O)N3CCCC3)s2)c1,0.34037006
ZINC_250K_5341,CC(C)(C)C1CCC2(CC1)NC(=O)N(CC(=O)NCC13CC4CC(CC(C4)C1)C3)C2=O,0.34037006
ZINC_250K_6908,CCCN(CC1CC1)C(=O)N[C@H]1CCCc2c1cnn2C,0.34037
ZINC_250K_6169,Cc1ccc(NC(=O)CCc2ccc3nc[nH]c3c2)c(C)c1,0.34037
ZINC_250K_1989,COc1ccc(-c2nnc3sc(-c4ccccc4Cl)nn23)cc1OC,0.34037
ZINC_250K_1872,Cc1cc(F)c2c(c1)CCCN2CCCNS(C)(=O)=O,0.34036994
ZINC_250K_810,O=C(Nc1ccccc1)NC1CCN(C(=O)[C@H]2CCCC[C@H]2C(F)(F)F)CC1,0.34036994
ZINC_250K_8202,O=C(c1csc(-c2ccsc2)n1)N1CC[C@H](c2ccccc2)C1,0.3403699
ZINC_250K_3264,CCOC(=O)[C@H]1CCCC[NH+]1Cc1cc(=O)oc2cc(CC)c(Cl)cc12,0.3403699
ZINC_250K_5941,CCc1c(C)sc2nc(CC(=O)c3ccccc3F)[nH]c(=O)c12,0.34036985
ZINC_250K_1765,Cc1cc(OC(=O)Cc2cccs2)cc2c1C(=O)/C(=C/c1ccccn1)O2,0.34036973
ZINC_250K_10388,O=C1CC[C@H](C(=O)N2CCC[C@H]2c2ccc(F)cc2)N1,0.34036973
ZINC_250K_1091,O=C1COc2cc(OCc3c(F)cccc3Cl)ccc21,0.34036973
ZINC_250K_7203,Cc1ccccc1-c1cc(NC(=O)CS(=O)(=O)C(C)C)n(C)n1,0.34036967
ZINC_250K_3155,Cn1nccc1C(=O)Nc1sccc1-c1nc2ccccc2s1,0.34036967
ZINC_250K_5510,O=C(O[C@@H]1CCc2ccc(Cl)cc21)[C@H]1COCCO1,0.3403696
ZINC_250K_3026,O=C(C[NH+](Cc1ccco1)Cc1ccco1)Nc1ccc(Cl)cc1Cl,0.3403696
ZINC_250K_9454,O=[N+]([O-])c1ccc(F)c2c1[C@H]1C=CC[C@H]1[C@@H](c1ccccc1O)N2,0.3403696
ZINC_250K_9196,COc1ccc(C(=O)OCCN2C(=O)c3ccc([N+](=O)[O-])cc3C2=O)cc1,0.3403696
ZINC_250K_8506,COC(=O)C[C@H](NC(=O)c1ccc(F)c(C(F)(F)F)c1)C1CC1,0.34036955
ZINC_250K_6759,CCCCCNC(=O)CSc1cc(C)c2ccccc2n1,0.34036955
ZINC_250K_9390,CC[C@@H](C)OC(=O)C[C@@H]1C(=O)NCCN1C(=O)[C@@H]1CCCC[C@@H]1C(=O)[O-],0.34036952
ZINC_250K_5569,CCNC(=O)CN(CC)C(=O)N[C@@H](C)c1ccc(-n2ccnc2)cc1,0.34036952
ZINC_250K_9168,CCc1cccc(C)c1NC(=O)[C@H](C)[NH+]1CCCN(CC(F)(F)F)CC1,0.34036952
ZINC_250K_2797,Cc1c(C(=O)N[C@H](C)c2ccc3ccccc3c2)cccc1[N+](=O)[O-],0.3403695
ZINC_250K_7732,Cc1ccccc1OCCCC(=O)N[C@@H]1CCS(=O)(=O)C1,0.3403695
ZINC_250K_7793,Cc1noc(C)c1COc1cccc(C(=O)NC(C)(C)C#N)c1,0.3403695
ZINC_250K_2206,COc1ccc(OC)c(CNC(=O)c2sccc2C)c1,0.3403695
ZINC_250K_10431,CC1=[N+]2C(=N)/C(=C\c3cc(C)n(Cc4ccccc4)c3C)C(=O)N=C2SC1,0.3403695
ZINC_250K_1599,CCc1noc([C@@H](C)[NH+]2CC=C(c3cccc(OC)c3)CC2)n1,0.34036946
ZINC_250K_9033,CNc1cc(C(=O)N2C[C@H](C)[C@@H](C)C2)c2ccccc2n1,0.34036946
ZINC_250K_5559,Cc1noc([C@@H]2CCCN(Cn3ccc(-c4ccc(F)cc4)n3)C2)n1,0.34036946
ZINC_250K_7355,Cn1ccc(CNC(=O)c2cccc(-c3ccoc3)c2)c1,0.34036946
ZINC_250K_735,COc1cc(C(=O)Nc2ccccc2Oc2ccccc2)on1,0.34036943
ZINC_250K_9724,COc1cccc2c1OC[C@@H](NS(=O)(=O)N(C)C(C)C)C2,0.3403694
ZINC_250K_1202,O=C(COC(=O)c1ccnnc1)Nc1ccc(C(F)(F)F)cc1,0.34036934
ZINC_250K_118,CCOc1cccc(NC(=O)CCc2ccc(N)cc2)c1,0.34036934
ZINC_250K_2081,Nn1c(SCC(=O)N/N=C/c2ccco2)nnc1-c1ccc(Br)cc1,0.34036934
ZINC_250K_5749,CCC1(CNC(=O)Cc2ccc([N+](=O)[O-])cc2Cl)CCC1,0.34036934
ZINC_250K_4731,COc1ccc(C)cc1[C@@H](C)[NH2+][C@H](C)C(=O)Nc1ccc(C)cc1F,0.3403693
ZINC_250K_10135,O=C(Cn1cc(C(F)(F)F)ccc1=O)NNC(=O)c1c[nH]c2ccccc12,0.3403693
ZINC_250K_7679,CC[C@@H](NC(=O)N1CCC[C@H](CO)C1)c1c(C)nn(C)c1C,0.3403693
ZINC_250K_4343,CN(CCCc1cc(-c2ccccc2)n[nH]1)C(=O)C1CC=CC1,0.34036928
ZINC_250K_511,Cc1nc(CNC(=O)C(=O)Nc2cc(Cl)ccc2Cl)no1,0.34036928
ZINC_250K_4980,CCNC(=O)c1ccc(C)c(NC(=O)C(=O)NCC2(c3ccccc3)CCC2)c1,0.34036928
ZINC_250K_1300,Cc1ccccc1CCNC(=O)[C@@H](C)NC(=O)C1CCCC1,0.34036925
ZINC_250K_5286,COCC(=O)N1CCN(Cc2nncn2C(C)C)[C@H]2CS(=O)(=O)C[C@H]21,0.34036922
ZINC_250K_9337,O=C(/C=C/c1nc2ccccc2s1)O[C@@H]1CCC[C@H]1n1cccn1,0.34036922
ZINC_250K_798,CCCCS(=O)(=O)[N-]c1ccc(NC(=O)[C@H]2CCC[NH+](C)C2)cc1,0.34036916
ZINC_250K_7288,CCc1ccc(C(=O)[O-])cc1S(=O)(=O)Cc1cnn(C)c1,0.34036914
ZINC_250K_10353,Cc1cccnc1[C@H](NC(=O)N[C@H](CO)c1ccc(Cl)cc1)C(C)C,0.34036914
ZINC_250K_4758,Cc1ccccc1C(=O)NC1C[C@H]2CCC[C@@H](C1)N2C(=O)NC1CCCCC1,0.34036908
ZINC_250K_4044,Cc1ccc(C)c(N2CCN(C[C@H](O)c3ccc(Cl)cc3)CC2)c1,0.34036908
ZINC_250K_7396,COc1ccc(-c2nnn(CC(=O)Nc3ccccc3SC)n2)cc1,0.34036905
ZINC_250K_4807,CC1(C)CN(CC(=O)NC(=O)NCc2ccccc2)CCS1,0.34036902
ZINC_250K_3840,Cc1cc(OC(=O)c2oc3c(c2C)/C(=N/NC(N)=[NH2+])CCC3)cc(C)c1Cl,0.34036896
ZINC_250K_7585,CCOc1ccccc1C(=O)N1CC[C@H](C)Sc2ccccc21,0.34036896
ZINC_250K_446,Cc1nc2n(n1)CCC[C@@H]2N[C@@H]1CCc2c(Cl)cc(Cl)cc21,0.34036896
ZINC_250K_5624,Cc1csc(CNC(=O)c2cccnc2OCC(F)(F)F)n1,0.34036884
ZINC_250K_3605,Cc1nonc1C(=O)N1CCC[C@@H]1c1nc(C)c2c(n1)N(C)C(=O)CC2,0.3403688
ZINC_250K_9152,COC(=O)[C@@H](C)Oc1ccc2c(c1)O/C(=C\c1ccccc1OC)C2=O,0.3403688
ZINC_250K_7278,CCN(Cc1ccccn1)C(=O)CSc1nc(C)c(C)c(C)c1C#N,0.34036878
ZINC_250K_38,O=C(NCc1nccc2ccccc12)c1ccc[nH]c1=O,0.34036878
ZINC_250K_1879,CN(c1ncnc(N2CCN(c3cccc[nH+]3)CC2)c1[N+](=O)[O-])C1CC[NH+](C)CC1,0.34036875
ZINC_250K_3879,CC[C@H](C(=O)NNC(=O)C[C@H](O)c1cccc(F)c1)c1ccccc1,0.34036875
ZINC_250K_3857,CNC(=O)c1cccc(S(=O)(=O)NC[C@@H]2CCCO2)c1,0.34036875
ZINC_250K_6927,CC(C)(CNC(=O)N1CCC(OC2CCCC2)CC1)c1ccncc1,0.34036872
ZINC_250K_5847,COc1ccc(C(=O)C2CCN(S(=O)(=O)N3C[C@H](C)C[C@H](C)C3)CC2)cc1,0.34036872
ZINC_250K_8587,CCC[C@H]1C[C@@H]1NC(=O)CCNC(=O)c1ccco1,0.3403687
ZINC_250K_6359,Cc1cnc(CNS(=O)(=O)c2cc(C(F)(F)F)ccc2F)o1,0.3403687
ZINC_250K_6414,CCNS(=O)(=O)[C@H]1CCN(C(=O)c2cc(C)cc(O)c2)C1,0.3403687
ZINC_250K_641,Cn1/c(=N/C(=O)c2sccc2S(=O)(=O)N2CCOCC2)sc2ccccc21,0.3403687
ZINC_250K_7061,CCc1nnsc1C(=O)N1CCC(C(O)(c2ccccc2)c2ccccc2)CC1,0.34036866
ZINC_250K_6839,CCc1ccc(Cl)c(CC)c1NC(=O)c1cc(OC)ccc1OC,0.34036866
ZINC_250K_1396,CC(C)NC(=O)c1ccc(OCC(=O)N2[C@H](C)CCC[C@@H]2C)cc1,0.34036866
ZINC_250K_9471,Cc1cc(NC(=O)N2CCCN(c3nccs3)CC2)no1,0.34036863
ZINC_250K_8695,O=C(COc1ccc(/C=N\NC(=O)c2ccccc2)cc1)Nc1ccc(F)cc1,0.34036863
ZINC_250K_1370,FC(F)n1ccnc1CSCc1nc(-c2cccc(Cl)c2)no1,0.34036863
ZINC_250K_2808,C[C@H](NC(=O)CSc1nnc2c3cc(Br)ccc3n(C)c2n1)c1ccccc1,0.3403686
ZINC_250K_8354,Cc1cc(C)c(S(=O)(=O)Nc2ncn(Cc3cccc(F)c3)n2)c(C)c1,0.34036857
ZINC_250K_2700,CCOC(=O)N1CCN(c2nc(N3CCCC3)cc(C)c2C#N)CC1,0.34036857
ZINC_250K_5561,CCC(=O)Nc1ccc(C)c(NC(=O)N[C@H](C)c2ccc(OC(C)C)cc2)c1,0.3403685
ZINC_250K_9782,CCn1c([C@@H](C)[NH2+][C@H](C)CCN2CCOCC2)nc2ccccc21,0.3403685
ZINC_250K_1510,CCc1nc(CN2CC[NH+](Cc3cc(Cl)c(OC)c(OC)c3)CC2)no1,0.34036845
ZINC_250K_4509,CO[C@@H](C[NH2+][C@H]1CCN(C[C@@H]2CCCO2)C[C@@H]1C)c1ccc(F)cc1,0.34036845
ZINC_250K_5609,Cn1c(Cl)cnc1CN1Cc2ccccc2C[C@H]1C(N)=O,0.34036845
ZINC_250K_5769,Cc1cc(OCC(=O)NCc2cccs2)ccc1Cl,0.34036842
ZINC_250K_5069,C[C@H]1CCN(C(=O)NCc2noc(C(C)(C)C)n2)C[C@H]1O,0.3403684
ZINC_250K_6454,N#Cc1c(OCC(N)=O)nc(-c2ccco2)c2c1CCC2,0.3403684
ZINC_250K_2236,Cc1noc(C)c1[C@@H](C)NC(=O)Nc1ccc(NC(=O)[C@H]2CCCO2)cc1,0.3403684
ZINC_250K_10148,COc1ccc(N2C(=O)N=C([O-])/C(=C\c3ccc[nH]3)C2=O)cc1,0.3403684
ZINC_250K_10276,O=C1N/C(=N\c2ccccn2)S[C@@H]1Cc1cccc(C(F)(F)F)c1,0.3403684
ZINC_250K_8637,COc1ccc(Oc2ncnc(Nc3cc(F)ccc3F)c2[N+](=O)[O-])cc1,0.34036836
ZINC_250K_9666,C[C@H](Oc1ccc(F)c(F)c1)C(=O)OCCc1cccnc1,0.34036836
ZINC_250K_523,COc1ccc([C@@H]2NC(=O)N[C@@](O)(C(F)(F)F)[C@H]2C(=O)c2ccc(F)cc2)cc1OC,0.34036836
ZINC_250K_1654,COc1ccc(-n2nc(C(=O)N[C@H](C)[C@H](CO)SC)cc2C)cc1,0.3403683
ZINC_250K_1220,C=CCN1C(=O)/C(=C/c2cccc(C)c2)S/C1=N/c1nnc(C)s1,0.3403683
ZINC_250K_7919,CCCCNC(=O)NCCC1CCN(c2cc[nH+]cc2)CC1,0.34036824
ZINC_250K_8270,C#CCn1/c(=N/C(=O)c2cnc3ccccc3n2)sc2cc([N+](=O)[O-])ccc21,0.34036824
ZINC_250K_920,CS(=O)(=O)N1CCC(C(=O)Nc2sc3c(c2C#N)CCCC3)CC1,0.34036824
ZINC_250K_3158,CC[C@@H](C)n1ncc(C(=O)N2CCC(n3cc[nH+]c3)CC2)c1C1CC1,0.3403682
ZINC_250K_8934,CNS(=O)(=O)c1ccc(NC(=O)[C@@H](NC(=O)c2c(F)cccc2F)C(C)C)cc1,0.34036818
ZINC_250K_7893,[NH3+][C@H]1CC[C@H](Nc2cc3c(cc2F)CCC(=O)N3)C1,0.34036818
ZINC_250K_163,CCc1ncc(CN(C)C(=O)Nc2c(C)ccc([N+](=O)[O-])c2C)s1,0.34036818
ZINC_250K_9677,CC(C)(C)c1ccc([C@@]2(C)NC(=O)N(CC(=O)Nc3ccc(F)cc3)C2=O)cc1,0.34036815
ZINC_250K_2423,C[C@H](NC(=O)C[C@H](O)c1ccccc1)c1ccc(S(C)(=O)=O)c(F)c1,0.34036812
ZINC_250K_5951,COC(=O)c1c(C)cccc1NCc1cc(=O)n2cc(C)ccc2n1,0.3403681
ZINC_250K_61,CCC[C@]1(C(=O)N[C@@H]2CONC2=O)CC[NH2+]C1,0.3403681
ZINC_250K_8710,CC(C)(C)c1ncc([N-]S(=O)(=O)c2cccc(C(=O)N3CCCC3)c2)cn1,0.34036806
ZINC_250K_9139,C[C@H](c1ccc(F)cc1)N(C)C(=O)NC[C@H](C)N1CCOCC1,0.34036806
ZINC_250K_10230,C=C1c2ccccc2C(=O)N1CCC(=O)N1CCOC[C@@H]1C1CC1,0.34036803
ZINC_250K_419,CC[NH+]1CCN(C2(CNC(=O)c3ccccc3Br)CCCCC2)CC1,0.34036803
ZINC_250K_3899,CC(C)N(C[C@H](C)O)C(=O)Nc1cccc(Cl)c1SC(F)F,0.340368
ZINC_250K_7784,CC(=O)N1CCN(C(=O)c2ccc(Oc3cccc(Br)c3)nc2)CC1,0.340368
ZINC_250K_7166,C[C@@H]1CN(C(=O)NC(=O)c2ccc(F)c(Cl)c2)C[C@@H](C)O1,0.340368
ZINC_250K_5475,CCC(CC)c1nnc(NC(=O)C(=O)N[C@@H]2C[C@@H]2C2CCCCC2)s1,0.340368
ZINC_250K_3670,CCNC(=O)c1ccc(C)c(NS(=O)(=O)c2ccc(F)cc2)c1,0.34036797
ZINC_250K_834,CCCCOc1ccccc1/C=C1\SC(N2CCC(C)CC2)=NC1=O,0.34036794
ZINC_250K_5313,CN(C)C(=O)Nc1cccc(CNC(=O)NCCC(F)(F)F)c1,0.34036794
ZINC_250K_4703,Cc1ccc(NC(=O)CSc2nc3ncc(Cl)cc3[nH]2)cc1C,0.34036794
ZINC_250K_55,O=C(CSc1nnc(-c2cccc([N+](=O)[O-])c2)o1)Nc1nncs1,0.34036794
ZINC_250K_6497,CCCC1=C(C(=O)OCC)[C@H](c2ccc([N+](=O)[O-])cc2)NC(=O)N1C,0.34036788
ZINC_250K_2357,O=C(NCc1cccnc1)c1cc(-c2ccncc2)nc2ccccc12,0.34036785
ZINC_250K_1113,O=S(=O)([N-]c1ccc2nc(C3CC3)oc2c1)c1ccc(Cl)cc1,0.34036785
ZINC_250K_9845,C[C@@H]1CO[C@@H](C)CN1C/C=C/c1ccccc1[N+](=O)[O-],0.3403678
ZINC_250K_6733,CNC(=O)C1CC[NH+](CCC(=O)Nc2ccccc2-c2ccccc2)CC1,0.3403678
ZINC_250K_502,COC[C@@H](C)NC(=O)C(=O)Nc1cc(-c2ccccc2)nn1C(C)C,0.34036776
ZINC_250K_1711,CCSCC[C@@H](C)NC(=O)N1CCN(C(=O)c2ccc(C)cc2)CC1,0.34036776
ZINC_250K_162,Cc1cc2n(C[C@H](O)CO[C@H](c3ccccc3)c3ccccc3C)c(=O)c3ccccc3n2n1,0.34036773
ZINC_250K_4913,O=C(CSc1ncc2ccccn12)N[C@H]1CCCc2ccccc21,0.34036773
ZINC_250K_608,O=C1N(C[NH+]2CCN(c3ccccc3)CC2)c2ccccc2C12O[C@@H]1CCCC[C@H]1O2,0.34036773
ZINC_250K_3786,CCc1ccc([C@@H]([NH2+]C)[C@H]2CN3CCC[C@@H]3CO2)cc1,0.34036773
ZINC_250K_1495,CSc1ccccc1NC(=O)CSc1nc2ccc(Cl)cc2[nH]1,0.34036767
ZINC_250K_1225,Cc1cccc(N2CCN(C(=O)c3cc(C4CC4)on3)CC2)c1,0.34036765
ZINC_250K_5366,FC(F)(F)Oc1ccccc1NCc1nc(-c2ccco2)no1,0.34036762
ZINC_250K_1402,O=C(CCC(=O)c1ccccc1)Nc1ccn(-c2ncccc2Cl)n1,0.34036762
ZINC_250K_2616,Cc1cc(Cl)ccc1NC(=O)N1CCN([C@@H]2CCC[C@H]2O)CC1,0.34036762
ZINC_250K_7848,O=C(NCCN1C(=O)[C@@H]2[C@@H](C1=O)[C@H]1C=C[C@@H]2CC1)Nc1nncs1,0.34036762
ZINC_250K_5923,C[C@@]1(C(=O)N(CCC(F)(F)F)CC2CC2)Cc2ccccc2C(=O)O1,0.3403676
ZINC_250K_9234,C[C@@H]1CCCC[C@@H]1NC(=O)c1ccc(Cl)c(S(N)(=O)=O)c1,0.3403676
ZINC_250K_4059,CC(=O)Nc1cc(C(=O)Nc2ccc(-n3cncn3)nc2)ccc1C,0.3403676
ZINC_250K_8764,C[C@H](NS(=O)(=O)c1ccccc1)C(=O)NC[C@H]1CCC[C@H]1O,0.3403676
ZINC_250K_9125,Cc1cc(C)n(-c2ccc(=O)n(CCNC(=O)c3ccc4c(c3)OCO4)n2)n1,0.3403676
ZINC_250K_9564,O=C(NCC[C@@H](O)c1ccccc1)[C@@H]1CC(=O)N(CC(F)(F)F)C1,0.34036756
ZINC_250K_737,Cc1ccc(F)c(C[NH+]2CCC(C(=O)NC(C)C)CC2)c1,0.34036753
ZINC_250K_1537,CCOC(=O)c1ccccc1NC(=O)/C=C/c1ccc(Br)cc1,0.34036747
ZINC_250K_2639,Cc1cc(NC(=O)c2ccc(SC(F)F)cc2)c(C(N)=O)cc1F,0.34036747
ZINC_250K_1136,CCCCC(=O)OCc1nc2scc(-c3ccccc3)c2c(=O)[nH]1,0.34036747
ZINC_250K_7055,CC(=O)c1ccc(N2CCN(CN3C(=O)NC4(CCCCC4)C3=O)CC2)cc1,0.34036747
ZINC_250K_6091,Cn1cc(NC(=O)N2Cc3[nH+]c[nH]c3C[C@@H]2C(=O)[O-])cn1,0.34036747
ZINC_250K_8448,O=C(Nc1cc(O)cc(F)c1)c1cncc2ccccc12,0.34036747
ZINC_250K_10439,COc1ccc(-c2cc(CC3(NCc4ccccc4Cl)COC3)no2)cc1,0.34036747
ZINC_250K_8393,O=C1C=C(Nc2ncn[n-]2)C[C@@H](c2ccc(Cl)cc2)C1,0.34036744
ZINC_250K_9052,CCC[NH+](C)C[C@H]1CCN(c2cc(C(N)=O)ccn2)C1,0.3403674
ZINC_250K_5186,COc1ccc(CN2C(=O)C[C@H]([NH+]3CCC(c4ccccc4)CC3)C2=O)cc1,0.3403674
ZINC_250K_5942,C[S@](=O)c1ccc(C[NH2+][C@H]2CCN(c3cccc(Cl)c3)C2)cc1,0.3403674
ZINC_250K_7283,COc1ccc(CN(C(=O)NCc2cccnc2)C2CC2)cc1,0.3403674
ZINC_250K_3695,O=C(Nc1ccc(Br)cn1)[C@H]1CCCc2ccccc21,0.34036735
ZINC_250K_3128,COC(=O)c1cc(NC(=O)[C@H]2CC[NH2+][C@H]2C)ccc1F,0.34036732
ZINC_250K_658,CCc1cccc(S(=O)(=O)Nc2cccc(-c3nnnn3C)c2)c1,0.34036732
ZINC_250K_10417,Cc1cccc(NC(=O)N2CCSc3nc(C)cc(C)c32)c1,0.3403673
ZINC_250K_9088,COc1cc(C(=O)NCc2ccccc2)c([N+](=O)[O-])cc1OC,0.3403673
ZINC_250K_6378,O=C(NCCC[NH+]1CCc2ccccc2C1)c1noc2c1CCCC2,0.34036726
ZINC_250K_8240,CC(=O)c1cnc(NC(=O)[C@@H](C)CCc2ccccc2F)s1,0.34036726
ZINC_250K_4668,Cc1nc(C(C)C)sc1C(=O)N(Cc1cccs1)[C@H]1CCS(=O)(=O)C1,0.34036723
ZINC_250K_2162,COc1ccc(O)c(C[NH2+][C@@H]2CCOc3c(OC)cccc32)c1,0.34036723
ZINC_250K_4883,CCOC(=O)CN1CCN(c2ccc(OC)cc2)CC1,0.34036723
ZINC_250K_2367,CCOC(=O)C1=C(C)NC(=O)N[C@H]1c1cc(OC)ccc1O,0.3403672
ZINC_250K_7478,CC[C@H]1C(=O)NCCN1C(=O)c1cnc2c(C)cccn2c1=O,0.3403672
ZINC_250K_4293,CCC1=C(C(=O)OC)[C@H](c2ccccc2C(F)(F)F)NC(=S)N1,0.3403672
ZINC_250K_3716,CCO[C@H]1C[C@@H](NC(=O)N[C@@H](CS(C)(=O)=O)c2ccccc2)C1(C)C,0.34036717
ZINC_250K_6194,CC(C)(C)c1ncc(C(=O)Nc2cccc(C(=O)N3CCCCC3)c2)cn1,0.34036714
ZINC_250K_9395,COCCNC(=O)Cn1ccc2c(Cl)cccc21,0.34036714
ZINC_250K_10375,COc1ccccc1CN1C(=O)N[C@]2(CCCC[C@H]2C)C1=O,0.34036714
ZINC_250K_2549,CCN(CC)c1ccc(NC(=O)[C@@H]2CC(=O)N(C)C2)cc1,0.34036714
ZINC_250K_6663,Cc1cc(-n2c(C)cc(C(=O)CN3C(=O)N[C@@](Cc4ccccc4)(c4ccccc4)C3=O)c2C)no1,0.34036714
ZINC_250K_5345,CCOc1ccc2c(c1C)O/C(=C\c1cccc(OC)c1OC)C2=O,0.3403671
ZINC_250K_7997,C=CCN(C(=O)Cn1nnc2ccccc2c1=O)c1ccccc1,0.34036708
ZINC_250K_3331,Cc1ccc(CN(C(=O)N[C@H](C)c2nnc3ccccn23)C2CC2)cc1C,0.34036708
ZINC_250K_647,CCc1nn(C)cc1CNC(=O)NCC(C)(C)Cc1ccccc1,0.34036708
ZINC_250K_7163,CCOc1ccc(Br)cc1/C=C1\SC(=O)N(Cc2ccc(Cl)cc2)C1=O,0.34036705
ZINC_250K_4268,Cc1nnsc1C(=O)N1CCC[C@@]2(CCC(=O)N(CCC(C)C)C2)C1,0.34036702
ZINC_250K_466,COc1ccc(N2C(=O)CS[C@H]2c2ccc(Cl)cc2)cc1Cl,0.34036702
ZINC_250K_8233,CCSC1(CNC(=O)c2cccc(CC)c2O)CCOCC1,0.34036702
ZINC_250K_7290,Cc1ccc(CNC(=O)c2ccc(NC(=O)C3CC3)s2)cc1,0.340367
ZINC_250K_6171,Cc1ccc(C(=O)CNc2cccc3ccccc23)cc1[N+](=O)[O-],0.34036696
ZINC_250K_3595,COc1ccc(O[C@H](C)CNC(=O)[C@@H]2CCCC[C@@H]2C(F)(F)F)cc1,0.34036696
ZINC_250K_5676,O=C(CS[C@@H]1CC(=O)N(c2ccccc2)C1=O)NCCc1ccc[nH]1,0.3403669
ZINC_250K_8932,Cc1ocnc1CNC(=O)C(=O)Nc1ccc(F)cc1C(F)(F)F,0.3403669
ZINC_250K_6435,CCOC(=O)c1ccc(-n2c(C)cc(/C=C3\SC(=O)N(C)C3=O)c2C)cc1,0.34036687
ZINC_250K_10049,CCCNC(=O)N[C@H]1CC(=O)N(CCc2ccccc2)C1,0.34036687
ZINC_250K_2215,CCN1CCN(C(=O)c2nnc3sc(-c4ccccc4Cl)nn23)CC1,0.34036687
ZINC_250K_587,O=C(Nc1cccc2ccccc12)NC1CC[NH+](CC(F)F)CC1,0.34036687
ZINC_250K_370,COc1ccc(OC)c(S(=O)(=O)n2cc3c(=O)n(C)c(=O)n(C)c3n2)c1,0.34036687
ZINC_250K_9749,Cc1ccccc1NC(=O)[C@@H](C)S(=O)(=O)c1ccc2ccccc2n1,0.3403668
ZINC_250K_3475,CCOc1ccc(Cl)cc1S(=O)(=O)Nc1ccc2c(c1)OCCO2,0.3403668
ZINC_250K_238,COc1ccc(CN/C(C)=C2/C(=O)N(c3ccc(OC)cc3)N=C2C)cc1,0.3403668
ZINC_250K_2149,CCn1cc(S(=O)(=O)N[C@H]2CCCCC2(C)C)c(N)n1,0.3403668
ZINC_250K_5335,COc1ccc(OC)c(C(=O)C[C@H]2C(=O)Nc3ccccc32)c1,0.34036675
ZINC_250K_8355,N#Cc1c(F)cccc1N1CCN(Cc2cnc[nH]2)CC1,0.34036675
ZINC_250K_1792,CC[S@@](=O)[C@@H]1CCC[C@H](NC(=O)NCc2ccccc2C)C1,0.34036675
ZINC_250K_7702,O=C(Cc1csc(-c2ccco2)n1)N1CCO[C@@H]2CCCC[C@@H]21,0.3403667
ZINC_250K_1845,COc1ccc(OCc2nc(C)no2)c(/C=C/C(=O)[O-])c1,0.3403667
ZINC_250K_832,O=C(Cn1c(=O)c(=O)n(Cc2ccncc2)c2ncccc21)NCCc1ccccc1,0.3403667
ZINC_250K_7731,CCC1(CC)[C@@H](OC)C[C@@H]1N(C)C(=O)c1cn2cccnc2n1,0.34036663
ZINC_250K_2816,CCc1nc(CN2CCN(C(=O)C3C[C@H](C)O[C@@H](C)C3)CC2)cs1,0.34036663
ZINC_250K_3075,CCCc1cc(NC(=O)[C@@H](C)Oc2cccc(C#N)c2)n(C)n1,0.3403665
ZINC_250K_2745,O=C(NC(=S)NC[C@@H]1CCCO1)c1ccc(Cl)cc1Cl,0.3403665
ZINC_250K_9538,CCC[C@H]1CCCN(C(=O)Nc2ncnn2C)C1,0.34036648
ZINC_250K_6164,O=C(COc1ccccc1F)N1CCN(S(=O)(=O)c2ccc(F)cc2)CC1,0.34036648
ZINC_250K_1704,Nc1ccc(OCC(=O)Nc2cccc3ccccc23)cc1,0.34036648
ZINC_250K_2044,COc1ccc(NC(=O)NCC(=O)[O-])cc1Cl,0.34036648
ZINC_250K_960,COc1ccc(-n2nc(C)c3c2C[C@H](c2cc(OC)c(OC)c(OC)c2)CC3=O)cc1,0.34036648
ZINC_250K_569,Nc1cc(=O)[nH]c(SCC(=O)Nc2nc(-c3ccc(Br)cc3)cs2)n1,0.34036648
ZINC_250K_9573,CCC(=O)NC(=S)Nc1ccc(C(=O)NC[C@H]2CCCO2)cc1,0.34036648
ZINC_250K_529,NC1=NC(=O)[C@H](CC(=O)N2CC[C@H](c3ccccc3)C2)S1,0.34036645
ZINC_250K_6072,C[C@@H]1CC(C(=O)NCCc2nc(C(C)(C)C)cs2)C[C@@H](C)O1,0.3403664
ZINC_250K_7917,C[C@@H](Nc1ccc(OCC(F)(F)F)cc1)C(=O)N1CCNC1=O,0.34036633
ZINC_250K_4787,COc1ccc(NC(=O)c2ccc(CS(C)(=O)=O)cc2)cc1OC,0.34036627
ZINC_250K_5456,CCn1cc(S(=O)(=O)Nc2ncn(Cc3ccccc3C)n2)cn1,0.34036627
ZINC_250K_8842,CCO[C@@H]1C[C@H]([O-])C12CC[NH+](Cc1ccc(N3CCCCC3)cc1)CC2,0.34036624
ZINC_250K_2212,CCOc1cc(C[NH+]2CCN(C3CC3)C(=O)C2)cc(Cl)c1OC,0.34036624
ZINC_250K_2172,C[C@H]1CCCN(C(=O)CNc2c(F)cccc2F)C1,0.34036624
ZINC_250K_43,COc1cc(C)ccc1OCC(=O)Nc1nnc(C)s1,0.3403662
ZINC_250K_6069,O=C(CCN1C(=O)COc2ccccc21)N1Cc2cc3c(cc2C2(CCCC2)C1)OCCO3,0.3403662
ZINC_250K_7906,COC(=O)[C@@H]1CCCCC[C@@H]1NC(=O)Nc1cnn(C(C)C)c1,0.34036618
ZINC_250K_5427,CCOc1ccc(C(=O)N[C@@H](C)CCc2ccccc2)cc1C,0.34036615
ZINC_250K_5300,CN(Cc1ccccc1)C(=O)CCNC(=O)N1C[C@@H]2CCCC[C@H]2C1,0.34036613
ZINC_250K_3407,Cc1ccc(-c2csc3[nH]c(=S)n(C[C@H]4CCCO4)c(=O)c23)cc1,0.34036613
ZINC_250K_6669,CC(C)(C)N1C[C@H](C(=O)Nc2cc(F)cc(F)c2)CC1=O,0.34036613
ZINC_250K_8320,CCC[C@H]1C[C@@H]1NC(=O)COc1ccc(C=O)cc1Br,0.3403661
ZINC_250K_9140,O=C(CSc1nc(-c2ccccc2)cs1)Nc1ccc2[nH]c(=O)[nH]c2c1,0.3403661
ZINC_250K_6238,COc1ccc(CNC(=O)c2c(C)cc(C)c([N+](=O)[O-])c2C)cc1,0.3403661
ZINC_250K_1480,Cc1cccc(N2CCN([C@H](c3nnnn3Cc3ccccc3)C(C)C)CC2)c1C,0.3403661
ZINC_250K_1344,Cc1cnc([C@@H](NC(=O)N(C)Cc2nccn2C(F)F)C2CC2)s1,0.34036607
ZINC_250K_6302,Cc1ncccc1NC(=O)C(=O)NCC[NH+]1CCC(C)CC1,0.34036607
ZINC_250K_916,C[C@H](NC(=O)[C@H]1CCCN1S(C)(=O)=O)c1ccc2c(c1)OCO2,0.340366
ZINC_250K_8783,O=C(CN(C[C@@H]1CCCO1)C(=O)c1cc2c(s1)CCCC2)N1CCCC1,0.340366
ZINC_250K_6850,Cc1ccc(OC(F)F)c([C@@H](C)[NH2+]C[C@H]2CN(C3CC3)CCO2)c1,0.34036598
ZINC_250K_7665,Cc1cccc(NNC(=O)c2cccc(N3CCCNC3=O)c2)c1,0.34036598
ZINC_250K_314,O=C(c1c(-c2ccccc2)nc2sc3c(n12)CCCC3)C(F)(F)F,0.34036598
ZINC_250K_952,COc1cc2c(cc1OC)[C@H](C(=O)[O-])[C@H](c1cccc(Cl)c1)N(C)C2=O,0.34036598
ZINC_250K_6396,CSc1ncccc1C(=O)NC[C@H](c1cccc(F)c1)[NH+](C)C,0.34036598
ZINC_250K_6901,CC[C@@H]1CN(CC(=O)N(C)Cc2cccs2)CC[NH+]1C[C@@H](C)O,0.34036595
ZINC_250K_10042,CC[C@H](C)[C@H](C(=O)Nc1cc(C(N)=O)sc1C)c1ccccc1,0.34036592
ZINC_250K_7895,Cc1ccc2c(NNC(=O)c3c(O)cccc3O)ccnc2c1,0.34036586
ZINC_250K_5296,CN1C(=O)CC[C@H](NCc2ccc(C(=O)[O-])cn2)C1=O,0.34036583
ZINC_250K_9127,O=C(CC[NH2+][C@H](c1ccccc1)C1CCC1)N1CCOCC1,0.34036583
ZINC_250K_5662,COc1ccc(C)cc1N(CC(=O)N1CCCC1)S(=O)(=O)c1ccc(C)cc1,0.3403658
ZINC_250K_3393,CCC[NH+]1CCC2(CC1)NC(=O)N(CC(=O)NCc1ccco1)C2=O,0.34036577
ZINC_250K_4040,C/C(=N\Nc1nc2ccccc2c(=O)n1O)c1ccc(Cl)cc1,0.34036574
ZINC_250K_6079,C[C@H](CNC(=O)c1ccc2c([O-])n(C)c(=S)nc2c1)S(N)(=O)=O,0.34036574
ZINC_250K_8670,O=C(Nc1nc2ccccc2s1)N1CCC[C@H]([NH+]2CCCC2)C1,0.34036574
ZINC_250K_4964,CCn1c([C@H]2CCCN(C(=O)c3cc(CC(C)C)nn3C)C2)nn(C)c1=O,0.34036574
ZINC_250K_7016,CCCCNC(=O)COc1ccc(Cl)cc1C(=O)[O-],0.3403657
ZINC_250K_1150,CC(C)c1ccc([C@H]2C[C@@H]2C(=O)N2CCN(CC(N)=O)CC2)cc1,0.3403657
ZINC_250K_7775,C#CCO[C@@H]1O[C@H]2CO[C@H](c3ccccc3)O[C@H]2[C@H](O)[C@@H]1NC(C)=O,0.34036568
ZINC_250K_7676,Cn1nc([C@H]2CCCN(C(=O)CSc3ncccn3)C2)n(-c2ccccc2)c1=O,0.34036565
ZINC_250K_6988,CC1=C(C(=O)NCc2ccccc2)[C@H](c2ccco2)NC(=S)N1,0.34036565
ZINC_250K_4077,O=C(Nc1ccccc1F)N[C@@H](Cc1ccccc1)C(=O)N1CCCC1,0.34036565
ZINC_250K_1511,COc1ccc(CN(C)C(=O)CCC(=O)c2cccs2)cc1F,0.34036565
ZINC_250K_9272,O=C(NCc1cn2ccsc2n1)Nc1ccc(C(F)(F)F)cc1,0.34036565
ZINC_250K_1361,CCc1cc(NC(=O)Cc2cccs2)nn1-c1ccccc1,0.34036562
ZINC_250K_6153,Cc1c(C(=O)NNC(=O)Cc2ccc([N+](=O)[O-])cc2)oc2ccccc12,0.3403656
ZINC_250K_2990,O=C(Nc1ccccc1Cl)c1c[nH]c2nccc(Cl)c12,0.3403656
ZINC_250K_4381,O=C1NCCN(C(=O)CCc2ccccc2)[C@@H]1CC(=O)N1CCN(c2ccccc2)CC1,0.34036553
ZINC_250K_8074,C[C@@H]1C(C(=O)CSc2n[nH]c(-c3ccccc3)n2)=C[C@H](C)[NH+]1Cc1ccco1,0.34036553
ZINC_250K_633,Cc1ccc(CNC(=O)NCc2ccnc(OC(C)(C)C)c2)cn1,0.3403655
ZINC_250K_10047,CCCNC(=O)CN1CCN(S(=O)(=O)c2ccc(F)cc2)CC1,0.3403654
ZINC_250K_4327,Cc1cc(C)nc(SCC(=O)Nc2sc3c(c2C(N)=O)CCCCCC3)n1,0.34036538
ZINC_250K_6886,COc1ccc(/C=C(\C(N)=S)c2nc3cccnc3n2C)cc1OC,0.34036538
ZINC_250K_8576,CCOC(=O)CN(C)Cc1cc(=O)oc2cc(C)c(Cl)cc12,0.34036532
ZINC_250K_9022,O=C(c1ccc(F)c(C(F)(F)F)c1)N1CCCc2ccccc21,0.34036532
ZINC_250K_8023,COc1ccc([C@H](CNc2ncnc3ccc(F)cc23)[NH+](C)C)cc1OC,0.3403653
ZINC_250K_1829,CCc1ccc([C@H](CO)NC(=O)[C@H]2C[C@@H]2c2ccc(F)cc2)cc1,0.34036526
ZINC_250K_9316,CC1(C)[C@@H]2CC[C@@]1(C)[C@H](NS(=O)(=O)c1ccc(C(=O)NCC(F)(F)F)cc1)C2,0.34036523
ZINC_250K_9948,COc1ccc(CNC(=O)c2csc(NC(C)C)n2)cc1,0.34036523
ZINC_250K_10263,COc1ccc(CC/C([O-])=N/S(=O)(=O)c2ccc3c(c2)OCCO3)cc1F,0.34036517
ZINC_250K_8279,COc1ccccc1OCCNC(=O)c1ccc2ccccc2c1O,0.34036514
ZINC_250K_8258,C[C@@H](Cn1cc[nH+]c1)NC(=O)N[C@@H]1CCN(c2c(F)cccc2F)C1,0.34036514
ZINC_250K_4670,Cc1cccc(C2=CCN(C(=O)c3sccc3OC(F)F)CC2)c1,0.3403651
ZINC_250K_10063,CCC[C@@H]1CN(Cc2cc(Cl)ccc2[N+](=O)[O-])CC[NH2+]1,0.34036496
ZINC_250K_4253,COc1cccc(C(=O)NC(C)(C)c2nc(C)cs2)c1F,0.34036493
ZINC_250K_895,Fc1ccccc1[C@@H](c1nnnn1C1CCCCC1)[NH+]1CCN(c2ccccc2)CC1,0.34036493
ZINC_250K_9164,COc1ccc(CNC(=O)CCNC(=O)NC23CC4CC(CC(C4)C2)C3)cc1,0.3403649
ZINC_250K_8127,COc1cc(CNc2ccc(C)cc2OC)c([N+](=O)[O-])cc1O,0.34036487
ZINC_250K_8370,COc1cc(C(=O)N[C@H]2CCS(=O)(=O)C2)ccc1OC(C)C,0.34036487
ZINC_250K_8482,C[C@H](NCc1ccc(C[NH+]2CCCC[C@@H]2C)cc1)c1nc2ccccc2n1C,0.34036487
ZINC_250K_4917,CC[NH+]1CCN(C[C@@H](C)CNC(=O)NCc2sccc2C)CC1,0.34036487
ZINC_250K_9543,CCCc1nnc(SCC(=O)Nc2ccc(C)c(C)c2)n1-n1cccc1,0.34036484
ZINC_250K_5207,N#Cc1ccc(Cn2cnc(NC(=O)NCC3CC3)n2)cc1,0.34036484
ZINC_250K_6681,COc1ccc([C@H]2[C@@H]3C(=Nc4ncnn42)c2cc(C)ccc2O[C@@H]3c2cccs2)cc1OC,0.3403648
ZINC_250K_5696,Cc1ccc(C(=O)/N=C(/NCc2cccnc2)Nc2ccc(Br)cc2)cc1C,0.3403648
ZINC_250K_1775,O=C(NC[C@H]1CC[C@@H](C(=O)[O-])O1)c1ccc(Br)c(F)c1,0.3403648
ZINC_250K_5315,C#CCOc1ccccc1CN(C)C(=O)Nc1nnc(-c2ccsc2)s1,0.34036478
ZINC_250K_8432,Cc1cccc(C)c1NC(=O)CCc1c(C)nc2nc(NCc3ccccc3)nn2c1[O-],0.34036475
ZINC_250K_8779,CS(=O)(=O)CC[C@H]([NH3+])C(=O)N[C@@H]1CONC1=O,0.34036475
ZINC_250K_5301,CN(Cc1nccn1Cc1ccccc1)C(=O)c1ccc(C(N)=O)cc1,0.34036475
ZINC_250K_2750,CCc1n[nH]c(=O)c(C(=O)Nc2ccc3c(c2)COC3)c1CC,0.34036472
ZINC_250K_7664,Cc1nc2cc(NC(=O)C(=O)N[C@H](C)c3ccc(F)cc3F)ccc2o1,0.3403647
ZINC_250K_3290,Cc1cc(C(=O)N(Cc2cccnc2)Cc2ccccc2C)c2ccccc2n1,0.3403647
ZINC_250K_8360,O=c1cc(CNc2ccc(S(=O)(=O)N3CCCCCC3)cc2)nc2sccn12,0.3403646
ZINC_250K_2197,Cc1cc(OCCN2C(=O)N[C@](C)(c3ccccn3)C2=O)ccc1C(C)C,0.3403646
ZINC_250K_4094,N#Cc1cccc(COC(=O)c2c[nH]nc2-c2ccccc2)c1,0.3403646
ZINC_250K_2056,CCN(CC)S(=O)(=O)c1ccc(F)c(C(=O)Nc2ccc(C(C)=O)cc2)c1,0.34036455
ZINC_250K_6060,O=C(CN1CCO[C@@H](c2cccc(F)c2)C1)N1CCCCCCC1,0.34036455
ZINC_250K_10094,CC(C)(C)C(=O)Nc1nc(CC(=O)Nc2ccc(S(N)(=O)=O)cc2)cs1,0.34036455
ZINC_250K_2027,COC(=O)Cc1ccc(S(=O)(=O)N(C)[C@H]2CCC[C@H](C)C2)s1,0.34036455
ZINC_250K_9145,COc1cccc(/C(C)=N\NC(=O)CN(c2cccc(Br)c2)S(C)(=O)=O)c1,0.34036455
ZINC_250K_9182,O=C(c1scnc1C1CC1)N1CCO[C@@H](c2ccsc2)C1,0.34036455
ZINC_250K_7964,O=C(OCC(=O)c1ccccc1Cl)C1=NN(c2ccccc2)C(=O)CC1,0.34036452
ZINC_250K_9847,C[C@@H]1CCN(c2ncc([N+](=O)[O-])cc2Cl)[C@H](C)C1,0.34036452
ZINC_250K_6133,Cc1ccc(=O)n(CC(=O)N2Cc3nc4c(C)c(-c5cccs5)nn4c(O)c3C2)n1,0.3403645
ZINC_250K_5498,COCCN1C[C@H](C(=O)Oc2ccc(C)cc2C)CC1=O,0.3403645
ZINC_250K_1180,O=C(Cc1ccc2ccccc2c1)N(Cc1ccccc1)[C@H]1CCS(=O)(=O)C1,0.34036443
ZINC_250K_5081,Cc1ccc(-c2noc(-c3ccc(NCc4ccc(F)cc4)nn3)n2)cc1,0.34036443
ZINC_250K_4880,COc1ccccc1C(=O)NCCc1ccccc1F,0.34036443
ZINC_250K_669,Cc1cccc(NC(=O)C[C@@H]2CCCCO2)c1C(=O)[O-],0.34036443
ZINC_250K_381,O=C1[C@@H]2[C@H](C(=O)N1CN(C(=O)C(F)(F)F)c1cccc(C(F)(F)F)c1)[C@H]1C=C[C@@H]2C1,0.3403644
ZINC_250K_133,COC(=O)[C@@H](C)Sc1nnc(Nc2cccc(Br)c2)s1,0.34036437
ZINC_250K_9092,Cc1ccc(NC(=S)NNC(=O)CCC2CCCC2)c(C)c1,0.34036437
ZINC_250K_5076,O=C([O-])c1ccc([C@H]2CCCN(C(=O)c3ccc4[nH]ccc4c3)C2)cc1,0.34036437
ZINC_250K_2184,Cc1ccc(O)c(C(=O)NC[C@H]2CCC[C@@H](O)C2)c1,0.3403643
ZINC_250K_7333,Cc1ccc(SC2(C(=O)N3CCC[C@@H](C(N)=O)C3)CCCC2)cc1,0.3403643
ZINC_250K_6678,Cc1cccc(OCc2nnc(SCC(N)=O)n2-c2cccc(C)c2C)c1,0.3403643
ZINC_250K_3316,Cc1ccc(-c2nc(C)c(C(=O)N(C)Cc3ncnn3C)s2)c(C)c1,0.34036425
ZINC_250K_4049,O=C(CCCc1ccccc1)NNC(=O)N[C@H]1CCN(c2ccccc2)C1=O,0.34036425
ZINC_250K_8655,Cc1ccc([C@H](CNC(=O)c2cc(=O)c3ccc(Br)cc3o2)[NH+](C)C)cc1,0.34036422
ZINC_250K_14,CCCc1cc(NC(=O)CN2C(=O)NC3(CCC(C)CC3)C2=O)n(C)n1,0.34036422
ZINC_250K_10170,COc1cc(/C=C2/N=C(c3ccccc3)OC2=O)ccc1OCC(=O)[O-],0.34036416
ZINC_250K_10267,CCOc1cc2c(cc1Cn1c(=O)oc3cccnc31)O[C@@H](C)C2,0.34036416
ZINC_250K_8610,CCC(C)(C)NC(=O)CN(C(=O)c1snc(C(N)=O)c1N)c1cccc(C)c1,0.34036416
ZINC_250K_9716,O=C(NCCc1cccs1)c1ccccc1-c1ncc(-c2ccccc2)o1,0.34036413
ZINC_250K_4297,O=C(Cc1csc(-c2ccccn2)n1)NCC1(c2ccccc2)CC1,0.3403641
ZINC_250K_7705,Cc1cccc(NC(=O)NC(=O)COc2ccccc2C=O)c1C,0.34036404
ZINC_250K_8750,COC(=O)CNC(=O)[C@@H](C)Sc1[nH+]c(C)c(C)n1C1CCCCC1,0.34036398
ZINC_250K_6875,CN(Cc1cccc(O)c1)C(=O)c1cccc(NC(=O)c2ccc(F)cc2)c1,0.34036398
ZINC_250K_3389,O=C(CCC1CCOCC1)NCCc1ccc[nH]1,0.34036398
ZINC_250K_9950,COc1ccc(F)c(N[C@@H]2CCOC3(CCCC3)C2)c1,0.34036392
ZINC_250K_2775,C[C@@H]1CN(C(=O)OC(C)(C)C)[C@@H](C)CN1C(=O)c1cccc2ncccc12,0.34036386
ZINC_250K_623,CC(C)CC(=O)N1CCN(C(=O)c2cnc3c(c2)NC(=O)CO3)CC1,0.34036383
ZINC_250K_6519,Nc1c(-c2ccccn2)nsc1C(=O)NCCc1ccccc1,0.3403638
ZINC_250K_10372,COCCCN1CCN(C(=O)c2cccc(F)c2)CC1,0.34036377
ZINC_250K_6540,CC[C@H](NC(=O)CCc1cccc([N+](=O)[O-])c1)c1cc(F)ccc1F,0.34036374
ZINC_250K_2751,CNc1ccc(C(F)(F)F)cc1C(=O)NCc1ccco1,0.3403637
ZINC_250K_6280,CSc1ccccc1NC(=O)Cc1cc(-c2cc3ccccc3o2)on1,0.34036368
ZINC_250K_1617,CCN(Cc1cccc(NC(=O)N(C)CCc2ccccn2)c1)C(C)=O,0.34036368
ZINC_250K_2505,Cc1cccc(C)c1NC(=O)[C@H]1CCCN(C(=O)NC2CC2)C1,0.34036356
ZINC_250K_2288,C[C@H](NC(=O)c1ccoc1)C(=O)N1CCN(Cc2ccsc2)CC1,0.34036356
ZINC_250K_4223,Cc1ccc([N-]S(=O)(=O)c2ccc3c(c2)oc(=O)n3Cc2noc(C)n2)c(Br)c1,0.34036353
ZINC_250K_787,O=C(CCCc1nc2ccccc2s1)N[C@H]1CCOC1=O,0.34036353
ZINC_250K_477,CC[C@]1(c2ccccc2)NC(=O)N(CCOc2ccc(Cl)cc2Cl)C1=O,0.34036347
ZINC_250K_7411,COc1ccc(OC)c(NC(=O)C[C@H]2Sc3cc(OC)ccc3N=C2O)c1,0.34036347
ZINC_250K_138,COc1ccc(F)cc1C(=O)Nc1nccs1,0.34036347
ZINC_250K_6343,CC(C)(C)c1nc(CN2CCN(C(=O)[C@@H]3C[C@H]4CC[C@@H]3C4)CC2)no1,0.34036347
ZINC_250K_4441,COCCCS(=O)(=O)/N=C(\[O-])c1cnn(C(C)C)c1C,0.34036347
ZINC_250K_224,O=C(NCc1cccnc1)NCc1ccnc(OCC(F)F)c1,0.34036347
ZINC_250K_7990,CC(C)(C)OC1CCN(Cc2[nH]cc(-c3cccc(Br)c3)[nH+]2)CC1,0.3403634
ZINC_250K_1418,CC(C)N(C(=O)CSc1ncnc2sc3c(c12)CC[C@H](C)C3)C(C)C,0.34036338
ZINC_250K_1977,Cc1csc([C@@H](C)NC(=O)CCOc2ccccc2)n1,0.34036332
ZINC_250K_8374,CC(C)[C@@H](NC(=O)OC(C)(C)C)C(=O)NC[C@H]1Cc2ccccc2O1,0.3403633
ZINC_250K_7432,Cc1nc(C2(NC(=O)NC[C@H]3C[C@H]3c3ccccc3)CCCC2)no1,0.3403632
ZINC_250K_2839,COC[C@@H](C)NC(=O)C[NH+]1CCc2sc(-c3csc(C)n3)cc2C1,0.3403632
ZINC_250K_4008,O=C(CCOc1ccccc1)N1CCC(c2ccc(F)cc2)CC1,0.3403632
ZINC_250K_10260,O=C(c1cc(N2CCC[C@H](CO)C2)ccc1[N+](=O)[O-])N1CCCC1,0.34036314
ZINC_250K_1804,Cc1ccc2c(nc3s/c(=C\c4ccc(F)cc4F)c(=O)n32)c1C,0.3403631
ZINC_250K_1330,CCN(C(=O)CNC(=O)NCC1CCCC1)c1nc(C)cs1,0.3403631
ZINC_250K_5012,Fc1ccc(NCc2noc(-c3cccs3)n2)c(OCC(F)F)c1,0.3403631
ZINC_250K_2608,C[C@@](O)(CNC(=O)CCc1cccc([N+](=O)[O-])c1)c1cccs1,0.3403631
ZINC_250K_8812,CC(=O)Nc1ccc(OC(=O)c2ccc(-n3nc(C)c(Cl)c3C)cc2)cc1,0.34036306
ZINC_250K_9461,Cn1ncc2c1CCC[C@H]2NC(=O)N1CCC[C@@H]1C[NH+]1CCCC1,0.34036306
ZINC_250K_3514,COC(=O)Cn1nc(C)c(CNc2ncnc3sccc23)c1C,0.34036306
ZINC_250K_9996,C[C@H]1C[C@@H]1C(=O)N1CCN(C(=O)CNC(=O)c2ccc(C#N)cc2)CC1,0.34036306
ZINC_250K_9704,C[NH+](C)CCCN(C(=O)Cc1cccs1)c1nc2ccc(Cl)cc2s1,0.34036303
ZINC_250K_6761,C[C@H]1CCCN1c1nc(-c2cccnc2)nc2c1CC[NH2+]C2,0.34036303
ZINC_250K_10187,Cc1cccc(C)c1OCC(=O)Nc1nonc1-c1ccc(Br)cc1,0.340363
ZINC_250K_3865,Cc1cc(NC(=O)C(=O)N[C@@H](C)CCC2CCCC2)n(C)n1,0.340363
ZINC_250K_2569,Cc1cc(N(C)C)ccc1NC(=O)N[C@H]1CCC[C@@H](C(F)(F)F)C1,0.34036294
ZINC_250K_6219,C=CCn1c([C@H](C)NC(=O)COC)nc2ccccc21,0.3403629
ZINC_250K_93,N#CC1(NC(=O)COc2cccc(Cl)c2)CCCC1,0.34036288
ZINC_250K_2246,Cc1cccc(NC(=O)CCNC(=O)c2cc(C)oc2C)n1,0.34036288
ZINC_250K_2085,CCOc1cc2ccccc2cc1C(=O)N1CCOCC1,0.34036288
ZINC_250K_8773,CN1C(=O)c2ccc(S(=O)(=O)NCc3ccccc3)cc2C1=O,0.34036285
ZINC_250K_7737,CNS(=O)(=O)[C@H]1CCOC[C@@H]1Cc1c(F)cccc1Cl,0.34036282
ZINC_250K_6418,CCNC(=O)/C(=C/c1cccc(OC)c1)n1nnnc1C,0.34036282
ZINC_250K_3938,O=C(Cn1c(=O)oc2cc(Cl)ccc21)N1CCC[C@@H]1c1cccs1,0.3403628
ZINC_250K_9214,CC(C)CN1CCO[C@@H](CNC(=O)CN2CC[S@@](=O)C(C)(C)C2)C1,0.3403628
ZINC_250K_8834,CC(C)NS(=O)(=O)c1ccc(C(=O)N(C)[C@H]2CCC[C@@H](C)C2)cc1,0.3403628
ZINC_250K_1216,CCCCOc1ccc(C(=O)NCc2ccccc2Cl)cc1,0.34036276
ZINC_250K_6716,O=C(NCc1ccc[nH+]c1N1CCN(c2cccc[nH+]2)CC1)[C@@H]1CC=CCC1,0.34036273
ZINC_250K_4649,CCC(=O)N(Cc1ccco1)Cc1cc2ccc(C)cc2[nH]c1=O,0.3403627
ZINC_250K_387,CO[C@H]1CCCC[C@H]1NC(=O)NC[C@H](c1cccc(F)c1)[NH+](C)C,0.3403627
ZINC_250K_5213,CCC(=O)N1CCC([C@H](NC(=O)c2cccc(C)c2)C(=O)N(CC)CC)CC1,0.3403627
ZINC_250K_2243,COc1ccc(C(=O)N(C)[C@@H](c2cccs2)c2c[nH]c3ccccc23)cc1,0.34036267
ZINC_250K_8635,O=C(Nc1cnn(Cc2ccccc2)c1)c1ccccc1Br,0.34036267
ZINC_250K_7479,Cc1ccc(NS(=O)(=O)c2ccc(C(=O)Nc3cnccc3C)cc2)cc1,0.3403626
ZINC_250K_3420,NC(=O)c1nc(-c2cc(Br)ccc2F)nc2c1[nH]c(=O)n2-c1ccc(F)cc1,0.3403626
ZINC_250K_5583,C[C@@H](Sc1nnc([O-])n1CCc1ccccc1)C(=O)c1c(N)n(C)c(=O)n(C)c1=O,0.3403626
ZINC_250K_6846,COc1ccc(CCC(=O)N2CCC[NH+]([C@@H]3CCC[C@H](C)C3)CC2)cc1,0.34036255
ZINC_250K_4712,COC(=O)[C@H]1CCCCC[C@@H]1NC(=O)Cn1nc2ccccn2c1=O,0.34036255
ZINC_250K_941,Fc1ccc(C[NH2+]C[C@@H]([C@H]2CCOC2)N2CCOCC2)c(F)c1,0.3403625
ZINC_250K_6612,C[S@](=O)c1ccc(CNc2cc(C#N)nc3ccccc23)cc1,0.3403625
ZINC_250K_2681,COc1ccc([N+](=O)[O-])cc1S(=O)(=O)NC1CCCCCCC1,0.34036243
ZINC_250K_6543,COc1ccc(NC(=O)[C@H]2CCCC[C@@H]2C(=O)OCC(F)(F)F)cc1,0.34036243
ZINC_250K_6439,CC(C)C[NH+]1CCN(C(=O)N[C@H](C)c2cccc(-n3cccn3)c2)CC1,0.34036237
ZINC_250K_605,CC(C)(C)OC(=O)NC1CCN(CC(=O)c2nccs2)CC1,0.34036237
ZINC_250K_2489,CCOCC(=O)N1CCC[C@H]1c1cccc(Cl)c1,0.34036237
ZINC_250K_1298,CC(C)N(C)C(=O)NCc1ccnc(OC(C)(C)C)c1,0.34036234
ZINC_250K_8760,CCO[C@@H]1C[C@@H]1C(=O)N1CCC[C@@H]1[C@@H](C#N)c1ccccc1,0.34036234
ZINC_250K_7269,CC(C)(C)OC(=O)N1CCCC[C@H]1CNC(=O)[C@@H]1COc2ccccc2O1,0.34036234
ZINC_250K_2252,COc1ccc(-c2noc(C[NH+]3CCCC[C@@H]3C(=O)[O-])n2)cc1OC,0.3403623
ZINC_250K_6089,CC1CC[NH+](C[C@H]2CCCN(Cc3c[nH]nc3C(C)(C)C)C2)CC1,0.34036228
ZINC_250K_9402,Cc1ccccc1Cc1noc([C@@H]2CCCN(C(=O)C3CC3)C2)n1,0.34036225
ZINC_250K_8067,CS(=O)(=O)Cc1ccc(C(=O)N(Cc2ccccc2F)C2CC2)cc1,0.34036225
ZINC_250K_4948,Cc1ccc(S(=O)(=O)NCCC(=O)Nc2ccc(F)cc2C)cc1C,0.3403622
ZINC_250K_231,O=C(N[C@@H]1CCO[C@@H]1c1ccc(Cl)c(F)c1)[C@H]1Cc2ccccc2O1,0.3403622
ZINC_250K_3458,C[C@@H](C(=O)NCc1cccs1)N1CCn2c(nn(C)c2=O)C1,0.3403622
ZINC_250K_4876,C[C@H](NC(=O)C(=O)Nc1ccc2[nH]ncc2c1)c1ccc(C(C)(C)C)cc1,0.34036216
ZINC_250K_10389,NNC(=O)c1cc(-c2cccc(OCc3ccccc3)c2)n[nH]1,0.34036216
ZINC_250K_6646,COc1cc(C(C)=O)ccc1OCC(=O)Nc1cc(C(C)(C)C)no1,0.34036207
ZINC_250K_534,O=C(c1cc(=O)[nH]c2ccccc12)N1CCC([C@H](O)c2ccccc2)CC1,0.34036207
ZINC_250K_3710,CCC[C@@H]1CN(C(=O)[C@@H]2CCCN2C(=O)c2cccs2)CCO1,0.34036207
ZINC_250K_8675,CC(C)C[C@H](C)N(C)C(=O)Cn1nnc2ccccc2c1=O,0.34036207
ZINC_250K_9132,COc1ccc2c(c1)CN(C(=O)c1ccc(NC(C)=O)cc1)CC2,0.34036207
ZINC_250K_4620,CCCn1nc(C(=O)N2Cc3ccccc3N(C)C[C@@H]2C)ccc1=O,0.34036207
ZINC_250K_120,CC(C)N(C)C(=O)[C@H]1CSCN1C(=O)/C=C/SCc1ccco1,0.340362
ZINC_250K_3348,Cc1c(C[NH+]2CC[C@@H](N3CCOCC3)[C@H](O)C2)[nH]c2c(C)cccc12,0.34036198
ZINC_250K_1003,Cc1ccccc1NC(=O)COC(=O)c1ccc(Br)o1,0.34036195
ZINC_250K_2122,COc1ccc([C@H]([NH2+]Cc2cc[nH]n2)C2CCOCC2)cc1,0.34036195
ZINC_250K_2264,C[C@H](CNC(=O)N[C@H]1C[C@@H]1C)N1CCc2ccccc21,0.3403619
ZINC_250K_6342,Cc1ccc(NC(=O)N2CCC3(CCCCC3)CC2)cc1S(C)(=O)=O,0.34036186
ZINC_250K_1073,CCn1c(C[NH2+][C@@H]2CCCc3c2cnn3C)nc2ccccc21,0.34036183
ZINC_250K_1540,CCOC(=O)c1ccc(N2CN(CCc3ccccc3)CNC2=S)cc1,0.34036183
ZINC_250K_1852,CC(C)(C)CCS(=O)(=O)NC[C@@H]1CCCN(c2ncccn2)C1,0.34036177
ZINC_250K_9369,Cn1c(N[C@@H](Cc2ccccc2)C(=O)[O-])nc2c1c(=O)[nH]c(=O)n2C,0.34036177
ZINC_250K_3268,Cc1ccc(S(=O)(=O)NCCC(=O)N2CCCC2)c(C)c1N(C)S(C)(=O)=O,0.3403617
ZINC_250K_934,CC(C)C(=O)Nc1cccc(NC(=O)C(=O)NCC[C@H]2C[C@H]3CC[C@@H]2C3)c1,0.34036165
ZINC_250K_5222,CC(C)S(=O)(=O)c1ncc(C[NH+]2CCC[C@@H](C)C2)n1CCc1ccccc1,0.34036165
ZINC_250K_9106,Cc1ccc(C(=O)[C@H](NC(=O)c2ccco2)Nc2cccc(Cl)c2)cc1,0.34036162
ZINC_250K_3463,CCn1cc([N+](=O)[O-])c(C(=O)Nc2c(C)nn(Cc3c(F)c(F)c(F)c(F)c3F)c2C)n1,0.3403616
ZINC_250K_8794,CC(C)[C@H](C(=O)N[C@H](C)c1ccc(Cl)cc1)n1cnc2ccccc21,0.3403616
ZINC_250K_2043,C[C@@H]1CC(C)(C)CC[C@@H]1NC(=O)c1cnc([C@@H]2CCCO2)s1,0.34036157
ZINC_250K_1161,Cc1ccc(CCN2C[C@]34C=C[C@H](O3)[C@H](C(=O)N3CC(O)C3)[C@H]4C2=O)cc1,0.3403615
ZINC_250K_10298,CN(C(=O)CSc1nnc(-c2ccccc2F)o1)c1ccccc1,0.3403615
ZINC_250K_2177,CN(Cc1ccccc1N1CCOCC1)c1ccc(Cl)cn1,0.34036148
ZINC_250K_4259,C[C@@H](Sc1nnnn1-c1cccc(Cl)c1)C(=O)Nc1ccc(Br)cc1,0.34036145
ZINC_250K_9838,Cc1[nH+]cnc(N2CCC3(CCC(=O)N(C[C@@H](C)O)C3)CC2)c1C,0.34036145
ZINC_250K_6175,O=C(Nc1ncc(S(=O)(=O)c2ccc([N+](=O)[O-])cc2)s1)c1ccc(Cl)c(Cl)c1,0.34036142
ZINC_250K_3365,O=C(N[C@H](N1CCOCC1)C(Cl)(Cl)Cl)c1cccnc1,0.3403614
ZINC_250K_1618,C[C@H]1C[C@@H]1NC(=O)C(=O)Nc1cccc(Cl)c1SCC(F)F,0.3403614
ZINC_250K_2840,Cc1cccc(OC[C@H](C)NC(=O)C(=O)Nc2cccc(C#N)c2)c1,0.34036133
ZINC_250K_5598,CN(C)C(=O)CN1C(=O)[C@H]2CC[C@@H]1C[NH+](Cc1cc3ccccc3n1C)C2,0.34036133
ZINC_250K_6364,C/C(=N\NS(=O)(=O)c1ccc(Br)cc1)c1cccc(NC(=O)c2ccco2)c1,0.34036133
ZINC_250K_9703,NC(=O)c1nc(-c2ccccc2Cl)nc2c1[nH]c(=O)n2-c1ccc(Cl)cc1,0.3403613
ZINC_250K_8212,Cc1c(Cl)cccc1NC(=O)C(=O)NC[C@H](c1cccn1C)[NH+](C)C,0.3403612
ZINC_250K_4762,O=c1cc([O-])c2sc3nc4c(c(-c5cccnc5)c3c2[nH]1)CCCC4,0.3403612
ZINC_250K_3974,CCOc1c(Br)cc(C(=O)N[C@H](C)c2ccncc2)cc1OC,0.3403612
ZINC_250K_10044,COC(=O)[C@]1(F)CCN(C(=O)[C@@H](C)Oc2cccc(F)c2)C1,0.3403612
ZINC_250K_5273,COC(=O)C[C@H](NC(=O)Nc1cc(F)ccc1F)c1ccc(OC)cc1,0.3403612
ZINC_250K_9729,CCC(=O)N[C@@H]1CCC[NH+](Cc2cc(Cl)ccc2Br)C1,0.34036118
ZINC_250K_1397,O=C([O-])CCN1C(=O)C(=O)/C(=C(\O)c2ccc(Cl)cc2)[C@@H]1c1ccc2c(c1)OCO2,0.34036118
ZINC_250K_4546,O=C(Nc1ccccc1)[C@H]1CCCN(C(=O)c2cccs2)C1,0.34036115
ZINC_250K_7414,COc1ccc2c(c1OC)C(=O)O[C@H]2c1c(O)n(CCCC(C)C)c(=O)[nH]c1=O,0.34036112
ZINC_250K_6468,CN(C)C(=O)CNC(=O)Nc1ccc(F)cc1Cl,0.34036112
ZINC_250K_7179,Cc1ccc([N+](=O)[O-])c(C)c1NC(=O)NCc1ccc(OC(C)C)cc1,0.3403611
ZINC_250K_8525,CC(C)Oc1ccc([C@H](C)NC(=O)N2CCCC[C@@H]2C)cc1,0.34036106
ZINC_250K_2717,COc1ccccc1[C@@H](Nc1ncc(Cl)cc1F)c1[nH+]ccn1C,0.34036106
ZINC_250K_2127,COc1ccc(Cl)c(NC(=O)C(=O)N[C@@H]2CCC[C@H]2SC)c1,0.34036103
ZINC_250K_8682,Cc1cc(C)c(NC(=O)CC2CCN(C(=O)OC(C)(C)C)CC2)c(C)c1,0.340361
ZINC_250K_7481,Cc1ccc2ncc(C(=O)Nc3ccccc3Cl)c(=O)n2c1,0.34036097
ZINC_250K_3242,CN(Cc1ccc(Cl)nc1)C(=O)Nc1cccc2ccccc12,0.34036094
ZINC_250K_943,N#Cc1cccnc1Oc1ccccc1NCc1cccc2ccccc12,0.3403609
ZINC_250K_3982,Cc1cc2c(cc1C)O[C@@H](C(=O)NCc1nc3ccccc3s1)C2,0.3403609
ZINC_250K_7561,Cc1ccc(-c2csc(NC(=O)CCSc3cc(C)ncn3)n2)cc1,0.34036088
ZINC_250K_8971,CN(C)C(=O)[C@H]1C[NH+]2CC[C@H]1C[C@@H]2Cn1cc(C2(O)CCCCC2)nn1,0.34036088
ZINC_250K_7740,Cc1ccc(Cc2nc(C(=O)OCc3cc4ccccc4[nH]c3=O)cs2)cc1,0.34036085
ZINC_250K_2194,Cc1cc(C)nc([C@@H](C#N)C(=O)c2cn(CC(C)C)c3ccccc23)n1,0.34036085
ZINC_250K_8991,CCOc1cccc(/C=C2/SC(=S)N([C@H](C(=O)OC)c3ccccc3)C2=O)c1,0.34036082
ZINC_250K_8315,COc1ccc(C[C@]2(C)NC(=O)N(CC(=O)N(C)C)C2=O)cc1OC,0.34036082
ZINC_250K_5084,CCOc1cc(C=O)ccc1OCC(=O)Nc1ccc(Cl)c(Cl)c1,0.34036082
ZINC_250K_8248,O=C(NNC(=O)c1cnc([C@H]2CCCO2)s1)c1ccc(F)cc1,0.34036082
ZINC_250K_326,CC(=O)N[C@@H](CC(=O)Nc1ccnn1Cc1ccc(C)o1)c1ccccc1,0.34036082
ZINC_250K_1070,CC[NH2+]Cc1cnn(-c2ccc(Cl)c(F)c2)c1C1CC1,0.3403608
ZINC_250K_1500,Cc1cc(C)n2c(C[NH2+][C@@H]3CCCc4ccc(F)cc43)cnc2n1,0.3403608
ZINC_250K_7397,NC(=O)c1ccsc1NC(=O)COC(=O)c1n[nH]c2ccccc12,0.3403608
ZINC_250K_3519,C[C@@H]1Cc2ccccc2N1C(=O)c1ccc([N-]S(=O)(=O)c2cccs2)cc1,0.3403608
ZINC_250K_5679,CCOc1ccc(OCC(=O)N2CCC[C@H](C(=O)[O-])C2)cc1,0.34036073
ZINC_250K_7155,CC[NH+]1CCN(CC(=O)Nc2ccc(N3CCCCC3)cc2)CC1,0.3403607
ZINC_250K_5045,Cc1csc([C@@H]2CCCN(Cc3cccnc3C)C2)n1,0.34036067
ZINC_250K_6056,CC(C)(C)OC(=O)NC[C@@](C)(NC(=O)c1cc(C#N)cs1)C1CC1,0.3403606
ZINC_250K_7761,Cc1cc(-c2nc3ncccc3o2)ccc1NC(=S)NC(=O)c1ccc(Br)cc1,0.3403606
ZINC_250K_1564,Cc1cc(Cl)ccc1NCc1c(C)n(C)n(-c2ccccc2)c1=O,0.3403606
ZINC_250K_4859,Nc1nnc(CNC(=O)C2CCN(C(=O)c3ccccc3)CC2)s1,0.3403606
ZINC_250K_7566,Cc1ccc(-c2csc(Nc3ccc(S(N)(=O)=O)cc3)n2)cc1C,0.3403606
ZINC_250K_9783,CN(CCC#N)c1ccc(C[NH+]2CCN(CC(=O)N3CCCC3)CC2)cc1,0.34036058
ZINC_250K_9267,CC[C@@H]1CN(C(=O)N[C@@H](C)c2ccc(Cl)s2)C[C@@H](C)O1,0.34036055
ZINC_250K_9752,C[C@H](Cn1cncn1)C(=O)N[C@@H](Cc1ccccc1)c1ccc2c(c1)OCCO2,0.3403605
ZINC_250K_1333,C[C@@H]1CN(c2oc(-c3ccccc3)nc2S(=O)(=O)c2ccc3c(c2)OCCO3)C[C@H](C)O1,0.3403605
ZINC_250K_2536,C[C@]1(NC(=O)CNc2cc(F)cc(F)c2)CCS(=O)(=O)C1,0.34036043
ZINC_250K_1646,CCCn1c(=C(C#N)C#N)s/c(=C/c2ccccn2)c1=O,0.34036043
ZINC_250K_6126,C=CCCCN(C)C(=O)NC1CCN(C(=O)c2ccoc2)CC1,0.34036043
ZINC_250K_2430,C[C@H](O)C[C@H]1CCCN1C(=O)NCC1(C)Cc2ccccc2C1,0.34036043
ZINC_250K_9322,COCCCNC(=O)Nc1ccc(N(C)C)cc1C(F)(F)F,0.34036043
ZINC_250K_1755,Cc1ccc(C[NH+]2CCC(N3CCC(C(=O)N4CCOCC4)CC3)CC2)o1,0.3403604
ZINC_250K_7486,COc1cccc(Cc2noc(C[C@H]3C[NH2+]CCO3)n2)c1,0.3403604
ZINC_250K_5632,C[C@H]1C[C@H](C)C[NH+](Cc2nc([O-])c3ccc(Cl)cc3n2)C1,0.3403604
ZINC_250K_9790,Cc1nc(-c2cccc(C(=O)N3C[C@@H]4CC[C@H]3C4)c2)n[nH]1,0.3403604
ZINC_250K_9709,COc1cc(CN2CCN(c3ccc(F)cc3)CC2)cc(OC)c1O,0.34036025
ZINC_250K_4997,CC(C)n1cc([C@@H](C)[NH2+][C@@H]2C[C@@H]3CCCc4cccc2c43)cn1,0.34036022
ZINC_250K_4380,Cn1cc(C(=O)N2CCOCC2)cc(NC(=O)c2ccc(Br)cc2)c1=O,0.3403602
ZINC_250K_8321,CC(C)(C)N1C[C@H](NC(=O)NC[C@@](C)(O)c2ccccc2)CC1=O,0.3403602
ZINC_250K_1746,CN(CCc1cccs1)C(=O)[C@@H]1C[C@@H]1c1ccccc1C(F)(F)F,0.3403602
ZINC_250K_2724,Cc1cc(CC(=O)N[C@@H]2CCCC[C@@H]2OCCC(C)C)n[nH]1,0.34036016
ZINC_250K_9537,O=C(c1cc(Cl)ccc1[N+](=O)[O-])N1CC[NH+](C2CC2)C[C@H]1Cc1ccccc1,0.3403601
ZINC_250K_10017,Cc1ccc(I)c(C(=O)N[C@H](C)c2nc(-c3ccccc3)cs2)c1,0.3403601
ZINC_250K_4795,CCSCC[C@@H](C)N(C)C(=O)c1cc(=O)n(-c2ccc(C)cc2)[nH]1,0.3403601
ZINC_250K_8517,CCC(=O)Nc1ccc(Cl)c(NC(=O)/C=C/c2ccc(C(=O)NC)cc2)c1,0.3403601
ZINC_250K_5445,O=C(NN1C(=O)c2ccccc2N[C@@H]1c1cc(Br)ccc1O)c1ccccc1,0.3403601
ZINC_250K_6627,C=CCN(Cc1cccc(OC)c1)C(=O)c1ccc(C)[nH]c1=O,0.34036008
ZINC_250K_10347,CC(C)(CNC(=O)N1CCN(Cc2ccncc2)CC1)[NH+]1CCCCC1,0.34036008
ZINC_250K_10340,COC(=O)CCNC(=O)c1ccc(NC(=O)c2ccccc2F)cc1,0.34036008
ZINC_250K_2964,Cc1ccc(-c2cc(C(=O)[O-])c3c(-c4cccc([N+](=O)[O-])c4)[nH]nc3n2)cc1,0.34036002
ZINC_250K_2704,COc1ccc(OC)c(N2CC(=O)C(c3nc4ccccc4s3)=C2N)c1,0.34036002
ZINC_250K_5226,O=C(c1ccc[nH]c1=O)N1C[C@H]2CC[C@@H]1C[NH+](CCCc1ccccc1)C2,0.3403599
ZINC_250K_10131,COc1cc(CN2CCO[C@H](C#N)C2)cc(Br)c1O,0.3403599
ZINC_250K_184,C=CCOC(=O)C1=C(C)N=C2S[C@H](C)C(=O)N2[C@H]1c1ccc(F)cc1,0.3403599
ZINC_250K_46,COC(=O)[C@](NC(=O)c1cccc(Cl)c1)(Nc1ccc(Br)c[nH+]1)C(F)(F)F,0.3403599
ZINC_250K_1348,Cc1ccc(NC(=O)C[NH+]2CCSC(C)(C)C2)c([N+](=O)[O-])c1,0.3403599
ZINC_250K_1581,CCc1c(C)sc(NC(=O)c2cc(S(N)(=O)=O)c(Cl)cc2Cl)c1C(N)=O,0.3403599
ZINC_250K_7024,C[C@H]([NH2+]CC1(CO)CCOCC1)c1ccc(N2CCOCC2)cc1Cl,0.34035984
ZINC_250K_9410,CCC[C@H]1CN(C(=O)CCn2c(=O)oc3ccccc32)CCO1,0.34035984
ZINC_250K_7116,CC(C)Cn1cc(CCNC(=O)NC(C)(C)C)c2cccnc21,0.34035984
ZINC_250K_3295,Cc1c(C(=O)/C=C/c2cnn(C)c2)nnn1-c1ccccc1,0.3403598
ZINC_250K_9114,CC(C)(C)n1cc(C#N)c(NC(=O)C(=O)N2CCC(CO)CC2)n1,0.34035978
ZINC_250K_8552,C[C@H]1CCCN(C(=O)Nc2ccc(C(=O)N3CCOCC3)cc2)C1,0.34035978
ZINC_250K_3095,CC(C)S(=O)(=O)CC(=O)N1CCN(c2ncccc2C#N)CC1,0.34035978
ZINC_250K_6845,COC(=O)c1ccc(NC(=O)C2CN(C(=O)c3cc(C)on3)C2)cc1,0.34035978
ZINC_250K_8629,COc1ccc(C)cc1N1/C(=N/C(=O)CC(C)C)S[C@H]2CS(=O)(=O)C[C@@H]21,0.34035978
ZINC_250K_1888,CN(C(=O)c1ccn(-c2ccccc2F)n1)C1(C#N)CCC1,0.34035975
ZINC_250K_4855,O=C(OC[C@@H]1CC(=O)N(c2ccccc2)C1)[C@@H]1CCC[NH+]1Cc1ccccc1,0.34035972
ZINC_250K_562,CCN1CCN(S(=O)(=O)c2cc(-c3csc(C)n3)ccc2C)CC1,0.34035972
ZINC_250K_1399,C[C@H](Cn1cccn1)[NH2+]CC(=O)N1C[C@H](C(N)=O)Oc2ccccc21,0.34035972
ZINC_250K_4097,Cc1noc(CCCC(=O)N2CC(C)(C)[C@H]2c2ccccc2)n1,0.3403597
ZINC_250K_10146,CCOc1ccc(F)c(C(=O)Nc2c(C)cc(N(C)C)cc2C)c1F,0.3403597
ZINC_250K_3531,Cc1oc2cc3oc(=O)c(CCC(=O)N4CCc5ccccc5C4)c(C)c3cc2c1C,0.3403597
ZINC_250K_4950,CCc1cc(Br)ccc1NC(=O)[C@@H]1[C@@H]2C[C@@H]3[C@@H]1C(=O)O[C@@H]3C2,0.3403597
ZINC_250K_2026,Cc1cc([C@H](C)NC(=O)C(=O)Nc2cc(NC(=O)C3CC3)ccc2C)c(C)o1,0.34035963
ZINC_250K_3598,COC(=O)[C@H](C)NC(=O)c1ccc(Nc2ccccc2)c([N+](=O)[O-])c1,0.34035957
ZINC_250K_5668,Cc1n[nH]c(-c2cccc([N-]S(=O)(=O)C[C@H](C)CCl)c2)n1,0.34035957
ZINC_250K_9918,CC[NH+](CC(=O)Nc1ccc2c(c1)OCCO2)Cc1cccc([N+](=O)[O-])c1,0.34035957
ZINC_250K_197,CCc1ccc(-c2nc(C(=O)N3CCO[C@H](CC)C3)cs2)cc1,0.34035957
ZINC_250K_8169,CCCCOc1ccccc1[C@H]1C(C#N)=C(N)Oc2n[nH]c(-c3ccccc3)c21,0.34035954
ZINC_250K_6512,Cn1cnnc1C1CC[NH+](Cc2cc3cc(F)ccc3o2)CC1,0.34035945
ZINC_250K_5374,CCSc1ncc(Cl)c(C(=O)Nc2cc(C)ccn2)n1,0.34035945
ZINC_250K_2716,Cc1cc(NC(=O)CSc2nnc(CC3CCCC3)[nH]2)no1,0.34035942
ZINC_250K_9098,O=[N+]([O-])c1ccc(S(=O)(=O)[N-]c2nc3ccccc3nc2Nc2ccccc2)cc1,0.3403594
ZINC_250K_5046,O=C(N[C@@H](CO)Cc1c[nH]c2ccccc12)c1ccc(-n2cccn2)cc1,0.34035936
ZINC_250K_5212,O=C(NC[C@@H](c1ccc(F)cc1)N1CCOCC1)c1ccc(C2SCCCS2)cc1,0.34035936
ZINC_250K_2777,C[C@@H]1Cc2ccccc2N1S(=O)(=O)c1ccc2c([O-])n[nH]c(=O)c2c1,0.3403593
ZINC_250K_5166,CC(=O)Nc1ccc(C)cc1NC(=O)CCNC(=O)C1CCCCC1,0.3403593
ZINC_250K_287,Cc1c([C@H](C)NC(=O)c2[nH]c3ccccc3c2Cl)cnn1C,0.3403593
ZINC_250K_3801,C[C@H]1CCCN(C(=O)C2CC[NH+](C[C@@H](O)c3ccc(F)cc3F)CC2)C1,0.3403593
ZINC_250K_5547,COc1cc(OC)cc(N2CC[C@@H]([NH+](C)Cc3csc(C)n3)C2=O)c1,0.34035927
ZINC_250K_8121,COC(=O)[C@@H](C)Oc1cc(C)cc2oc(=O)c(Cc3ccccc3)c(C)c12,0.34035927
ZINC_250K_7063,C[C@H](C(=O)N1CCN(C(=O)[C@H]2C[C@@H]2C)CC1)n1nnc(-c2ccccc2)n1,0.34035924
ZINC_250K_1849,COc1ccc(NC(=O)C(=O)N[C@@H]2C[C@H]2C2CCCCC2)cc1OC,0.34035915
ZINC_250K_2562,CNC(=O)[C@@H]1CCCN(S(=O)(=O)c2ccc(OC(C)C)cc2)C1,0.34035912
ZINC_250K_6415,Cc1nn(-c2nc3c(c(=O)[nH]c(=O)n3C)n2C/C=C/c2ccccc2)c(C)c1C,0.34035912
ZINC_250K_4616,CCCC[C@@H](C(=O)N1CCN(CC(=O)N2CCCC[C@@H]2C)CC1)N1CCCS1(=O)=O,0.3403591
ZINC_250K_4672,C[C@@H](C(=O)Nc1ncccc1OCCCC#N)c1cccs1,0.34035906
ZINC_250K_8835,Cc1cc(C)n(C2C[NH+](CC(=O)N[C@H](c3ccccc3)C3CC3)C2)n1,0.34035903
ZINC_250K_2804,CC1CC[NH+](Cc2ccccc2CNC(=O)N(C)[C@H](C)c2cccc(O)c2)CC1,0.340359
ZINC_250K_9221,CN(CC1CC[NH2+]CC1)S(=O)(=O)c1c[nH]c2ncccc12,0.340359
ZINC_250K_92,COC(=O)C1(NC(=O)[C@H]2C[C@H]2c2c(F)cccc2F)CCSCC1,0.340359
ZINC_250K_8123,CC(=O)c1cccc(NC(=O)[C@H](C)N2CCN(C(=O)c3ccco3)CC2)c1,0.340359
ZINC_250K_1299,COc1ccccc1[C@H](C)NC(=O)C[NH+](C)C1CCS(=O)(=O)CC1,0.34035894
ZINC_250K_10485,O=C(c1cccc2ccccc12)N(Cc1ccco1)[C@@H]1CCS(=O)(=O)C1,0.34035894
ZINC_250K_5083,C[C@H](Cn1cccn1)OC(=O)[C@H](C)N1CCc2ccccc2C1,0.34035894
ZINC_250K_7010,CCn1c(NC(=O)c2ccc(Cl)cc2Cl)nc2ccccc21,0.34035894
ZINC_250K_4127,N/C(=N/OCc1ccc(Br)cc1F)[C@@H]1CCOC1,0.3403589
ZINC_250K_5068,O=C(COc1ccccc1)N1CCCC[C@@H]1c1nc2ccccc2s1,0.3403589
ZINC_250K_8989,CCS(=O)(=O)c1ccc([C@@H](C)[NH2+][C@@H]2C[C@@H]3CCCc4cccc2c43)cc1,0.3403589
ZINC_250K_4851,Cc1noc(-c2ccc(C(=O)NNC(=S)N[C@@H](C)C3CC3)cc2)n1,0.34035888
ZINC_250K_2530,CC(C)C(=O)NC[C@@H]1CCC[NH+](Cc2cc(Cl)cc(Cl)c2O)C1,0.34035888
ZINC_250K_6784,CS(=O)(=O)CCCC(=O)NC[C@@H]1C[C@]12CCc1ccccc12,0.34035888
ZINC_250K_3824,COc1cc(C)ccc1NC(=O)N[C@H]1CC[C@H]([NH+](C)C)C1,0.34035885
ZINC_250K_9089,CCOC(=O)[C@@H](C)CNC(=O)Nc1sc2ccccc2c1Cl,0.34035885
ZINC_250K_6002,COc1ccc(C(=O)Nc2cccc(-c3ccc(OC)nn3)c2)cc1,0.34035885
ZINC_250K_3349,Cc1cccc(NC(=O)NCCNC(=O)c2ccc(F)cc2)c1Cl,0.3403588
ZINC_250K_1376,Cc1ccn2c(=O)c(C(=O)Nc3n[n-]c(C(F)(F)F)n3)cnc2c1,0.34035876
ZINC_250K_6560,O=C(CCn1cnc2ccsc2c1=O)N1CCN(c2cccc[nH+]2)CC1,0.34035873
ZINC_250K_8621,CNC(=O)[C@H]1CCCCN1C(=O)c1ccc2ccccc2n1,0.34035873
ZINC_250K_8352,Cc1noc([C@H](C)NC(=O)[C@@H]2CCCc3ccccc32)n1,0.34035873
ZINC_250K_1687,Cc1c(Cl)cccc1S(=O)(=O)NC[C@@H](C)CN1CC[NH+](C)CC1,0.3403587
ZINC_250K_7020,C[C@H]1CCC[C@@H]([NH+]2CCC(C(=O)Nc3ccc(Cl)cn3)CC2)C1,0.3403587
ZINC_250K_9822,COc1ccc(OC)c2sc(NC(=O)c3cc4cccc(OC)c4o3)nc12,0.3403587
ZINC_250K_7191,C[C@@H]1Cc2ccccc2N(S(=O)(=O)c2cccc(Cl)c2C#N)C1,0.34035867
ZINC_250K_6465,C[C@H](Sc1nc2ccccc2c(=O)n1C)c1ccc(OC(F)F)cc1,0.34035867
ZINC_250K_9355,CC(C)N(C[C@H]1CCCCO1)S(=O)(=O)c1ccc(Cl)c(C#N)c1,0.34035864
ZINC_250K_8814,C=CCCC[C@@H](C)OC(=O)c1cnc2c(c1C)c(=O)n(C)c(=O)n2C,0.34035861
ZINC_250K_4557,CCO[C@H]1C[C@H](NC(=O)Nc2cnccc2C)C1(C)C,0.34035856
ZINC_250K_8626,Cc1coc2c(C)c3oc(=O)c(CCC(=O)N[C@H](CC(C)C)C(=O)[O-])c(C)c3cc12,0.34035856
ZINC_250K_857,C[C@@H](c1ccc([S@](C)=O)cc1)N(C)C(=O)c1cc2cccc(F)c2o1,0.34035856
ZINC_250K_2887,CC(C)(C)C[NH+]1CCN(Cc2cccc3cccnc23)C[C@@H]1CCO,0.3403585
ZINC_250K_918,CC(C)[C@H]([NH2+]CC1CCN(C(=O)OC(C)(C)C)CC1)c1cccnc1,0.3403585
ZINC_250K_2767,CCc1noc(CC)c1CNC(=O)c1cccc(NC(=O)OC)c1,0.34035847
ZINC_250K_25,Cc1ccc(N2CC[C@@H](NS(=O)(=O)c3ccccc3C)C2=O)cc1C,0.34035847
ZINC_250K_1786,C[C@@H](CS(C)(=O)=O)NC(=O)N(C)Cc1ccc(Cl)c(F)c1,0.34035847
ZINC_250K_8336,O=C(CSc1nnnn1-c1ccc([N+](=O)[O-])cc1)Nc1ccc(F)cc1,0.3403584
ZINC_250K_5279,O=C(COc1ccccc1[N+](=O)[O-])NC1CCC(c2ccccc2)CC1,0.3403584
ZINC_250K_6864,COCCCN(C)C(=O)C(=O)Nc1nnc(C23CC4CC(CC(C4)C2)C3)s1,0.3403584
ZINC_250K_4371,Cc1ccc(C(=O)CCC(=O)Nc2cc(F)ccc2Cl)s1,0.34035835
ZINC_250K_1265,COc1ccc(N2C(=O)/C(=C/c3c(C(=O)[O-])[nH]c4cc(OC)ccc34)SC2=S)cc1,0.34035835
ZINC_250K_8664,O=C(NC[C@@H]1CC[NH+](C2CC2)C1)N1CCN(c2nccs2)CC1,0.34035835
ZINC_250K_9415,Cn1c(C(=O)N2CC[C@@H](c3ccc4c(c3)OCO4)[C@H](O)C2)cc2ccccc21,0.34035835
ZINC_250K_6904,CC(C)[C@@H](C)N(C(=O)NCCc1cn2ccccc2n1)C1CC1,0.34035835
ZINC_250K_4176,Cc1cccc(C)c1NC(=O)c1c(-c2ccc(F)cc2F)noc1C,0.34035835
ZINC_250K_1891,O=C(c1ccn(-c2cccc([N+](=O)[O-])c2)n1)N(CCO)Cc1ccccc1,0.34035832
ZINC_250K_5184,Cc1ccc(C(=O)N2CCC3(CC2)OC[C@@H](C(=O)NC2CC2)N3C(=O)c2ccccc2)cc1,0.3403583
ZINC_250K_7118,Cc1ccc(N2C[C@@H](C(=O)O[C@@H](C)c3nc(C)no3)CC2=O)cc1,0.34035826
ZINC_250K_9706,Cc1cc(C(=O)N[C@H](C)Cn2nc(C)cc2C)c2cccc(C)c2n1,0.34035826
ZINC_250K_6674,CCOC(=O)N1CCN(C(=O)[C@@H](CC)N(c2ccccc2)S(C)(=O)=O)CC1,0.34035826
ZINC_250K_3190,CCc1nn(C)cc1C(=O)N(C)CC(=O)Nc1cccc(C)n1,0.34035823
ZINC_250K_10006,CCOc1ccc(-c2nnc(NC(=O)c3cc(C)oc3C)o2)cc1,0.34035817
ZINC_250K_6099,COc1ccc2c(c1)N(Cc1nc(C)c(C)s1)C(=O)C2=O,0.34035817
ZINC_250K_3617,Cc1ccc(NC(=O)[C@@H]2CCN(S(C)(=O)=O)c3ccccc3O2)cc1C,0.34035817
ZINC_250K_2378,CCn1c(=O)c(=O)[nH]c2cc(C(=O)Nc3ccc(C(C)C)cc3)ccc21,0.34035817
ZINC_250K_2173,CCNC(=O)N1CC[C@@H]([NH2+][C@H](c2ccc(Br)cc2)C2CC2)C1,0.34035814
ZINC_250K_4305,CCCCN(C)c1ncnc(Nc2cccnc2Cl)c1[N+](=O)[O-],0.34035814
ZINC_250K_8807,CCO[C@@H](C)c1nc(CNc2cccc(-n3nnnc3C)c2)cs1,0.34035814
ZINC_250K_2118,CCc1nn(C)c(OC)c1CNC(=O)Cc1ccc(Cl)cc1,0.34035808
ZINC_250K_437,Cn1ncc2c(NCc3ccco3)nc(CCc3ccccc3)nc21,0.34035808
ZINC_250K_4328,CCc1nnc(NC(=O)Cc2ccc3c(c2)CCCC3)s1,0.34035808
ZINC_250K_5514,O=C(CSc1nnc(-c2cccs2)o1)N(C1CCCC1)[C@H]1CCS(=O)(=O)C1,0.34035808
ZINC_250K_5148,COc1cc([C@H]2NC(=S)NC(c3ccccc3)=C2C(C)=O)cc(Br)c1OC(C)C,0.34035802
ZINC_250K_2698,Cc1nn(Cc2ccccc2)c(C)c1CNC(=O)CSc1ncn[nH]1,0.34035802
ZINC_250K_1291,O=C(Nc1cccnc1)N1CCN(C[C@H](O)c2ccccc2)CC1,0.34035802
ZINC_250K_5364,Cc1c([C@H]2CCC[NH+]2Cc2cc(C(F)(F)F)ccc2F)cnn1C,0.340358
ZINC_250K_4362,CCOc1ccc(S(=O)(=O)N[C@@H](C)Cc2cccs2)cc1F,0.34035796
ZINC_250K_2023,COc1cc(N[C@H](C)C(=O)Nc2ccc(Cl)cn2)cc(OC)c1,0.34035796
ZINC_250K_5996,Cc1cc(C[NH+]2CC[C@@H](CNC(=O)C3CCCCCC3)C2)n[nH]1,0.34035793
ZINC_250K_8676,CCNC(=O)[C@H](C)[NH+]1CCN(c2cccc(C(F)(F)F)c2)CC1,0.34035793
ZINC_250K_2567,COCCN(C)C(=O)[C@H]1CCC[NH+]([C@H](C)c2cccc([N+](=O)[O-])c2)C1,0.3403579
ZINC_250K_8494,NC(=O)c1ccc2c(c1)[C@H]1C=CC[C@@H]1[C@H](c1c[nH]c3ccccc13)N2,0.3403579
ZINC_250K_6098,COc1ccc2cc(C(=O)N(C)c3ccc(OC)nc3)[nH]c2c1,0.3403579
ZINC_250K_6493,C#CCOC(=O)C1CCN(S(=O)(=O)c2ccc3ccccc3c2)CC1,0.34035784
ZINC_250K_850,CCCCCn1c(SCC(=O)[O-])nc2ccccc2c1=O,0.34035784
ZINC_250K_651,CC(C)c1ccc(CN(C)C(=O)NCCCn2cccn2)cc1,0.3403578
ZINC_250K_250,C[NH+](C)Cc1cc(NC(=O)CCCC(=O)N2CCCCCC2)[nH]n1,0.34035778
ZINC_250K_5651,C#CCNC(=O)c1ccccc1NC(=O)c1ccc(CC)o1,0.34035778
ZINC_250K_1620,COc1cc2c(cc1NC(=O)[C@H]1COc3ccccc3O1)oc1ccccc12,0.34035778
ZINC_250K_223,CC(C)c1noc(-c2cc[nH+]c(N3CCN(C(=O)[C@H]4C[C@H]4C)CC3)c2)n1,0.34035775
ZINC_250K_9351,COCCNC(=O)[C@@H]1CS[C@]2(C)CCC(=O)N12,0.34035772
ZINC_250K_1589,O[C@H]1CCCC[C@@H]1[NH+]1CCN(Cc2cnn(-c3ccccc3)c2)CC1,0.3403577
ZINC_250K_3634,C[NH+](C)Cc1ccc(CNC(=O)N[C@@H]2CCC[C@H](C(F)(F)F)C2)cc1,0.34035763
ZINC_250K_4078,Cc1nn(CC(=O)Nc2ccncc2)c(=O)c2cc3ccsc3n12,0.34035757
ZINC_250K_6528,COc1c(C)cnc(CN(C)C(=O)CN(C)S(=O)(=O)c2ccc(C)cc2)c1C,0.34035757
ZINC_250K_7272,CN(Cc1ccccc1-c1ccccc1)C(=O)Cc1cc(Cl)c2c(c1)OCCO2,0.34035754
ZINC_250K_8364,COC(=O)[C@H]1C[NH+](Cc2ccc(OC(F)F)c(F)c2)C[C@@H]1C,0.3403575
ZINC_250K_4099,CC(C)CCNC(=O)c1ccc(/C=C2/Sc3ccccc3NC2=O)cc1,0.3403575
ZINC_250K_5956,Cc1nc([C@@H]2CCCN(C(=O)[C@@H]3COc4ccccc43)C2)no1,0.3403575
ZINC_250K_7140,O=C(CCNc1cnc2ccccc2n1)N1CCCCC1,0.3403575
ZINC_250K_5861,Cc1ccc(N2C(=O)N=C([O-])/C(=C\c3c(O)ccc4ccccc34)C2=O)cc1,0.34035745
ZINC_250K_10350,COc1ncnc2c1C[NH+](Cc1ccc(N3CCCCCC3)cc1)CC2,0.34035742
ZINC_250K_3115,Cc1cccc2c(=O)cc(C(=O)Nc3ccc(Cl)c(Cl)c3)oc12,0.34035742
ZINC_250K_4158,COc1ccc(C)cc1N[C@@H](C)C(=O)NC1CCCCC1,0.34035742
ZINC_250K_2829,CCNS(=O)(=O)[C@@H]1CCN(C(=O)[C@@H](C)c2ccc(CC)cc2)C1,0.34035742
ZINC_250K_4116,COc1cccc(C[C@@H](NCc2ncn(C)n2)c2ccccc2)c1,0.34035742
ZINC_250K_3243,NC(=O)CC[C@H]1CCCN(S(=O)(=O)c2ccccc2Cl)C1,0.34035742
ZINC_250K_6075,C[C@@H]1CN(C(=O)C[NH+](CCc2ccccc2)[C@@H]2CCOC2)C[C@H](C)O1,0.34035736
ZINC_250K_1990,Cn1c(CNC(=O)c2cccc(C(F)(F)F)c2)nc2ccccc21,0.3403573
ZINC_250K_10325,CC(C)OCc1ccc(C(=O)N[C@@H]2CCSc3ccccc32)cc1,0.3403573
ZINC_250K_661,Cc1ccc(C(=O)NC2CC[NH+](Cc3nc(-c4ccccc4)cs3)CC2)s1,0.3403573
ZINC_250K_9848,O=C(CCC1CCCC1)N1CCC(COc2ccccc2C(=O)N2CCCC2)CC1,0.34035724
ZINC_250K_3097,CN(C(=O)NCCOCC(F)(F)F)[C@H]1CCc2ccccc21,0.3403572
ZINC_250K_7271,C[NH+](C)[C@@H]1CC[C@H](NC(=O)C(=O)Nc2ccc(-n3nccn3)cc2)C1,0.34035718
ZINC_250K_290,COC(=O)CCN(Cc1cnc2ncccn12)C1CCOCC1,0.34035718
ZINC_250K_7360,C[NH+](C)[C@@H]1CC[C@H](NC(=O)CCC(=O)c2ccc3c(c2)CCC3)C1,0.34035715
ZINC_250K_2827,COCc1cc([C@@H](C)NC2CC[NH+]([C@@H]3CCCC[C@@H]3O)CC2)ccc1OC,0.34035712
ZINC_250K_4535,[NH3+][C@]1(C(=O)[O-])CCC[C@@H](Oc2ccc3c(c2)CCC3)C1,0.34035712
ZINC_250K_1049,N#CC(/C=C1/C(=O)N(c2c(Cl)cccc2Cl)c2ccccc21)=C(/N)NCCO,0.34035712
ZINC_250K_9019,O=C(Cn1c(=O)oc2ccccc21)NCc1ccccc1OC(F)F,0.34035712
ZINC_250K_1085,C[C@H](Oc1ccc(Br)cc1)C(=O)NCCc1c[nH]c2ccccc12,0.34035707
ZINC_250K_7060,Cn1cc(CN2CCC[C@H]2C(=O)OC(C)(C)C)c(=O)n(C)c1=O,0.34035707
ZINC_250K_5572,O=C(CN1C(=O)[C@H]2CCCN2C1=O)N[C@@H](c1ccccc1)c1cccs1,0.34035707
ZINC_250K_588,O=C1C(=O)N(CC[NH+]2CCOCC2)[C@@H](c2cccc([N+](=O)[O-])c2)/C1=C(\O)c1cccs1,0.34035698
ZINC_250K_2918,Cc1nc([C@H](Nc2ccc(S(C)(=O)=O)cc2[N+](=O)[O-])c2ccccc2)n[nH]1,0.34035698
ZINC_250K_8708,CCNC(=O)CCCC(=O)Nc1cc(-c2ccccc2C)nn1C,0.34035698
ZINC_250K_3743,Cc1nc(-c2ccc(F)cc2)sc1C(=O)NC1(C(N)=O)CCCC1,0.34035695
ZINC_250K_4803,Cc1nnc(SCC(=O)N[C@@H]2CCS(=O)(=O)C2)c2ccccc12,0.34035695
ZINC_250K_5853,COc1ccc(-c2nnc([C@H](C)OC(=O)c3cnn(-c4ccccc4)c3)o2)cc1,0.34035692
ZINC_250K_984,COc1ccc(CNC(=O)c2cc(=O)c3ccc(Br)cc3o2)cc1,0.3403569
ZINC_250K_8801,COc1cccc([C@@H]2C[C@H](c3ccc(Cl)cc3Cl)n3nc(N)nc3N2)c1,0.34035686
ZINC_250K_10418,Cc1n[nH]c(SCC(=O)Nc2ccc(C)c(F)c2)n1,0.34035686
ZINC_250K_2784,CC(C)(CNC(=O)c1cccc(N2CCCNC2=O)c1)c1ccncc1,0.34035686
ZINC_250K_1909,Cc1nc(S(=O)(=O)NCCOc2ccc(Br)cc2)cn1C,0.34035686
ZINC_250K_5261,O=S(=O)(c1ccc(CNc2nc3ccccc3o2)cc1)N1CCCCC1,0.34035683
ZINC_250K_6847,Cc1cccc(C)c1NC(=O)[C@H](C)N1CCN(c2ccc(Cl)cn2)CC1,0.34035683
ZINC_250K_7400,NC(=O)CNC(=O)c1ccc(NC(=O)[C@@H]2C[C@H]2c2ccccc2)cc1,0.3403568
ZINC_250K_9699,O=C1c2[nH]nc(-c3ccccc3)c2[C@@H](c2ccc(O)cc2)N1Cc1ccco1,0.34035677
ZINC_250K_9275,CN(C(=O)CCNC(=O)Cc1ccccc1)c1ccc([N+](=O)[O-])cc1,0.34035677
ZINC_250K_8294,COc1ccccc1NC(=O)c1ccc(Cl)c(NC(=O)c2cccs2)c1,0.34035668
ZINC_250K_3213,CCn1c(CN2CCN([C@H](C)C(=O)N3CCCC3)CC2)nc2ccccc21,0.34035668
ZINC_250K_7150,CC(C)(C)c1ncc(C(=O)NC2CCN(C(=O)c3ccncc3)CC2)s1,0.34035668
ZINC_250K_8395,FC(F)(F)c1cccc(Nc2scc(-c3ccc(Cl)cc3)[n+]2CCc2ccccc2)c1,0.34035665
ZINC_250K_1548,Cc1oc(C(=O)N2CCCC(C)(C)CC2)cc1S(=O)(=O)N(C)C,0.34035665
ZINC_250K_4112,Cc1ccc2c(c1)CCN2C(=O)Nc1ccc2c(c1)OCO2,0.34035665
ZINC_250K_10416,O=C(c1ccccn1)N1Cc2ccccc2O[C@]2(CCC[NH+](Cc3ccccc3)CC2)C1,0.3403566
ZINC_250K_9829,N#Cc1cccc(C(=O)NCC(=O)Nc2ccc(F)c(F)c2F)c1,0.34035656
ZINC_250K_4841,O=C(CCCc1ccccc1)N1CCC(Oc2ccccn2)CC1,0.34035653
ZINC_250K_304,O=C(c1cccs1)N(Cc1ccc(F)cc1)Cc1cc(-c2ccccc2)cn2nnnc12,0.34035653
ZINC_250K_6781,CC(=O)Nc1cccc(-n2nnnc2S[C@@H](C)C(=O)c2c(C)[nH]c3ccccc23)c1,0.34035653
ZINC_250K_8070,COc1ccc(/C(C)=N/N=C2\NC(=O)[C@H](Cc3cccc(C)c3)S2)cc1,0.34035653
ZINC_250K_96,Cc1cc(Cl)ccc1OCC(=O)N/N=C/c1ccccn1,0.34035653
ZINC_250K_9212,O=C(Oc1ccc(Cl)c(Cl)c1)[C@@H]1CCCN1C(=O)c1ccco1,0.3403565
ZINC_250K_10405,Cc1ccccc1[C@H](C)NC(=O)[C@H](C)Sc1nnc(C2CC2)s1,0.34035647
ZINC_250K_8535,O=C(OCCNc1ccc(-c2ccccc2)n[nH+]1)c1ccc2nncn2c1,0.3403564
ZINC_250K_7391,Cc1noc(C)c1[C@H](C)NC(=O)N[C@H](c1ccccc1F)C1CCCC1,0.3403564
ZINC_250K_2938,COCc1nc(C)cc(NCc2cccc(OCC#N)c2)n1,0.3403564
ZINC_250K_4322,CCCOc1cc(CNC(=O)c2csnn2)ccn1,0.3403564
ZINC_250K_6038,CC1=NN(c2ccc(C(=O)N3CC[NH+](Cc4ccco4)CC3)cc2)CC1,0.34035635
ZINC_250K_4482,CCc1cc(N(C)C)nc(SCc2ccc(C(=O)N3CCN(C(C)=O)CC3)o2)n1,0.34035635
ZINC_250K_5505,Cc1cccn2c(=O)c3cc(C(=O)Nc4ccc(Br)cc4)sc3nc12,0.3403563
ZINC_250K_2382,Cc1ccc(S(=O)(=O)Nc2ccc(C(=O)N3[C@@H](C)CCC[C@@H]3C)cc2)cc1,0.3403563
ZINC_250K_6464,CCc1cnc(NC(=O)N[C@H](CC)c2cccc([N+](=O)[O-])c2)s1,0.3403563
ZINC_250K_4420,Cc1cc(F)ccc1/C=C1\SC(=S)N([C@H](C)[C@H]2CCCO2)C1=O,0.3403563
ZINC_250K_3287,COc1ccccc1NC(=O)c1ccc(NC(=O)CCC(F)(F)F)cc1,0.3403563
ZINC_250K_1123,Cc1ccc([N+](=O)[O-])cc1C(=O)Nc1cnc(-c2ccccc2)s1,0.34035626
ZINC_250K_3015,C[C@H]1CCN(C(=O)NCc2cscn2)[C@H](C)C1,0.34035626
ZINC_250K_8983,O=C(CN(Cc1ccco1)C(=O)c1cccc([N+](=O)[O-])c1)Nc1ccccc1,0.34035626
ZINC_250K_1415,Cc1nn(C)cc1CN1CCN(C(=O)[C@@H]2C[C@@H]2C)CC1,0.3403562
ZINC_250K_2251,O=C(C[S@](=O)Cc1cn2ccccc2n1)NCCc1ccc(F)cc1,0.34035617
ZINC_250K_9301,C[C@@H](Nc1nc2ccccn2c1[N+](=O)[O-])C(=O)NCc1ccccc1,0.34035617
ZINC_250K_4194,Cc1ccc(CC(=O)NCC2(c3ccccc3Cl)CC2)cc1O,0.34035614
ZINC_250K_6234,COc1ccc2ccc(OC(=O)c3cccnc3N3CCCCC3)cc2c1,0.34035614
ZINC_250K_5310,C[C@H]1CCC[C@@H](NC(=O)COc2ccccc2N)C1,0.34035605
ZINC_250K_10100,CC(C)NC(=O)CN(C)C(=O)CCS(=O)(=O)c1ccc2c(c1)CCC2,0.34035602
ZINC_250K_7597,CCOc1ccc([C@H]2CC(c3ccc(F)cc3)=Nc3nc(CCCO)nn32)cc1,0.340356
ZINC_250K_1245,COc1cccc([C@@H](NC(=O)[C@@H](C)c2ccsc2)c2nccn2C)c1,0.340356
ZINC_250K_10403,COCCN1CCN([C@@H](C)c2ncc(-c3ccc(Cl)cc3)o2)CC1=O,0.340356
ZINC_250K_4751,CCOc1ccc(CN(C)C(=O)Nc2ccccc2CS(C)(=O)=O)cc1,0.34035593
ZINC_250K_2379,COc1ccc(NC(=O)c2oc3ccccc3c2NC(=O)C(C)(C)C)cc1OC,0.34035593
ZINC_250K_3258,O=C(Nc1ccnn1-c1ccc([N+](=O)[O-])cc1)c1cccc2c1OCCO2,0.34035587
ZINC_250K_5247,CN(C)S(=O)(=O)c1ccc(OC(=O)c2cc(C3CC3)[nH]n2)cc1,0.34035587
ZINC_250K_1777,CC(C)[C@H](C(=O)N1CCC[C@H](n2cccn2)C1)n1cncn1,0.3403558
ZINC_250K_3568,N#Cc1cc(Oc2ccc3ccc(=O)oc3c2)nc2ccc(Cl)cc12,0.3403558
ZINC_250K_4102,O=[N+]([O-])c1ccc(SCc2ccco2)cc1N1CCOCC1,0.34035578
ZINC_250K_5723,Cn1c(N2CCC[C@@H](C(=O)NC3CCCC3)C2)[nH+]c2ccccc21,0.34035575
ZINC_250K_10161,COc1ccc(CN(C(=O)NCc2ccc(C)cc2N(C)C)C2CC2)cc1,0.34035572
ZINC_250K_1375,CS(=O)(=O)c1ccc(OCCOc2cccc(-n3cncn3)c2)cc1,0.34035572
ZINC_250K_7154,Cc1ccc(CNC(=O)Cn2cnc3c2c(=O)n(C)c(=O)n3C)c(C)c1,0.34035572
ZINC_250K_2424,C[C@H](C(=O)OCC(=O)N(C)[C@@H]1CCCc2ccccc21)c1cccs1,0.34035572
ZINC_250K_679,O=C(c1ccccc1)c1ccc2nc(Nc3ccccc3)c3nncn3c2c1,0.3403557
ZINC_250K_1141,NC(=O)c1ccsc1NC(=O)COC(=O)c1cccc(-n2cccc2)c1,0.3403557
ZINC_250K_5281,C[C@H](NC(=O)N1CCCCCC1)c1cccc(NC(=O)c2ccccc2)c1,0.3403557
ZINC_250K_1135,Cc1ccc(Oc2cccc(C(=O)Nc3nccs3)c2)nn1,0.34035563
ZINC_250K_9118,C[C@@H]1CCCN(C(=O)CNc2ccc3c(c2)OCCO3)C1,0.34035563
ZINC_250K_10296,CCC(=O)N1CCC([NH2+][C@H]2CCCC[C@@H]2Oc2cccc(C)c2)CC1,0.34035563
ZINC_250K_2907,CC(C)NS(=O)(=O)c1ccc(NC(=O)CCC2CCCC2)cc1,0.3403556
ZINC_250K_431,Cc1ccc(-c2nnc(SCC(=O)Nc3ccc(CC#N)cc3)n2N)cc1,0.34035558
ZINC_250K_8925,C=C(C)COc1cc(C[NH+]2CCNC(=O)[C@@H]2CC)ccc1OC,0.34035555
ZINC_250K_79,CN(C)c1ccc([C@H](CNC(=O)C(=O)Nc2ccccc2C#N)N2CC[NH+](C)CC2)cc1,0.34035555
ZINC_250K_7904,Cc1ccc(SCCCC(=O)Nc2nnc(-c3ccccc3)o2)cc1,0.34035555
ZINC_250K_5910,Cc1cccc(NC(=O)Cn2nnc(-c3ccc(C(N)=O)cc3)n2)c1C,0.34035555
ZINC_250K_3583,CC(C)[C@@H](C)N(C(=O)N[C@@H](C)c1ccc(N2CCCC2=O)cc1)C1CC1,0.34035555
ZINC_250K_8797,O=C(N[C@H](Cn1cncn1)c1ccccc1)N[C@H]1c2ccccc2C[C@H]1O,0.34035555
ZINC_250K_1610,Cc1cc2ncn(CC(=O)N[C@H](C)c3cc4ccccc4o3)c2cc1C,0.34035552
ZINC_250K_85,CCc1nnc(-c2cc3ccccc3n2CC(=O)NC(C)(C)C)o1,0.3403555
ZINC_250K_5205,CC[NH+]1CCC(CCNC(=O)C(=O)Nc2ccc(N(C)C)c(C)c2)CC1,0.3403555
ZINC_250K_4072,CCc1nn(C)c(OC)c1CNC(=O)c1cc(SC)ccc1C,0.34035543
ZINC_250K_7644,C[NH+](C)[C@H](CNC(=O)N1CCC[C@H](O)C1)Cc1ccccc1,0.34035543
ZINC_250K_4314,O=C(Nc1cccc(-n2ccnc2)c1)c1cc(-c2ccco2)on1,0.34035543
ZINC_250K_9964,O=C(Cc1cn(-c2ccccc2)nc1-c1ccc([N+](=O)[O-])cc1)Nc1[nH+]cccc1[O-],0.34035537
ZINC_250K_7996,CNC(=O)C1=NN=C2NC(=O)C[C@H]([C@@H]3C=NN=C3C3CCCCC3)[C@H]21,0.3403553
ZINC_250K_8296,Cc1ccnc(NC(=O)CN(C)C(=O)c2ccnc3ccccc23)c1,0.3403553
ZINC_250K_9902,O=C(Nc1nc(-c2cccnc2)cs1)[C@@H]1CCS(=O)(=O)C1,0.3403553
ZINC_250K_3346,N#CCN1CCN(Cc2cccc(OCc3ccccc3C#N)c2)CC1,0.3403553
ZINC_250K_6259,CCN(C)S(=O)(=O)N[C@@H](c1ccc(OC)cc1)C1CCOCC1,0.34035528
ZINC_250K_9695,COc1ccc(NC(=O)NC[C@H]2CCS(=O)(=O)C2)cc1OC,0.3403552
ZINC_250K_50,COc1cccc(-c2cncc3ccccc23)c1C(=O)N(C(C)C)C(C)C,0.34035516
ZINC_250K_1606,Cc1noc([C@H]2CCCCN2C(=O)[C@@H]2C[C@@H]2c2ccccc2)n1,0.34035513
ZINC_250K_7807,CCOc1ccc(NC(=O)c2cc3c(=O)n(C)c(=O)n(C)c3s2)cc1,0.3403551
ZINC_250K_5578,O=C(c1ccc([N-]S(=O)(=O)CCC2CC2)cc1)N1CCc2ccccc21,0.3403551
ZINC_250K_2438,N#CCCCCNC(=O)N[C@@H](c1ccccc1F)C1CCCC1,0.3403551
ZINC_250K_1925,COc1ccc(-n2nc(C(=O)N3CCC[C@@H]4CCC[C@H]43)cc2C)cc1,0.34035507
ZINC_250K_5825,C[C@H]1CN(C(=O)c2cc(Cl)cc3cccnc23)C[C@H](C)O1,0.34035504
ZINC_250K_3060,CC(=O)Nc1cccc(CN[C@H]2CC[NH+]([C@@H](C)c3ccccc3)C2)c1,0.34035504
ZINC_250K_7050,COc1ccc([C@H]2CCC[NH+]2CC(=O)NC(=O)NCC(C)C)c(OC)c1,0.340355
ZINC_250K_8185,Cc1cncc(NC(=O)NC[C@@H](O)c2c(Cl)cccc2Cl)c1,0.340355
ZINC_250K_2393,C[C@H](Sc1nnc(-c2ccccc2)o1)C(=O)NC12CC3CC(CC(C3)C1)C2,0.34035498
ZINC_250K_931,COc1ccc([C@H](CNC(=O)c2cccc3ccccc23)[NH+]2CCCC2)cc1,0.34035498
ZINC_250K_6294,COCc1nc(C(=O)NC[C@@H]2C[C@@]23CCc2ccccc23)cs1,0.34035495
ZINC_250K_5305,O=C(Nc1ccccc1)[C@@H]1CN(C(=O)CC[NH+]2CCCCCC2)CCO1,0.34035492
ZINC_250K_9739,CC(C)CN(C(=O)Cc1ccccc1Cl)c1c(N)n(CC(C)C)c(=O)[nH]c1=O,0.34035492
ZINC_250K_201,CCC(CC)C(=O)Nc1cnn(-c2ccccc2F)c1,0.34035486
ZINC_250K_6596,S=C(Nc1ccccc1Cl)N1CCCC[C@H]1c1cccnc1,0.34035483
ZINC_250K_2203,CCN[C@]1(C#N)CC[C@@H](Oc2cccc(COC)c2)C1,0.3403548
ZINC_250K_6147,CC(C)C(=O)Nc1nc(CC(=O)Nc2cncc3ccccc23)cs1,0.3403548
ZINC_250K_1780,COc1ccccc1[C@@H]1CCN(C(=O)OC(C)(C)C)C[C@H]1O,0.34035477
ZINC_250K_2176,CCOC(=O)[C@]1(CC)O[C@]12CCCc1ccc(OC)cc12,0.3403547
ZINC_250K_4355,Cc1cn(CC(=O)N2C[C@H](C(N)=O)CC[C@H]2C)c2ccccc12,0.3403547
ZINC_250K_5594,Cc1ccc2c(=O)cc(C(=O)N(Cc3ccccc3)c3ccccn3)oc2c1,0.3403547
ZINC_250K_10085,Cc1nc(Nc2ccccc2O)nc(N(C)c2ccccc2)c1[N+](=O)[O-],0.34035465
ZINC_250K_2824,CCC[C@@H]1CN(C(=O)[C@H](c2ccccc2)N(C)CC)CCO1,0.34035465
ZINC_250K_3082,Cc1ccc(S(=O)(=O)N[C@H]2C=C[C@@H](C(=O)[O-])C2)cc1F,0.3403546
ZINC_250K_3402,NS(=O)(=O)c1ccc(NC(=O)COc2ccc(Cl)cc2)cc1,0.3403546
ZINC_250K_4251,O=C(Nc1ccc(F)cc1)C1CCN(C(=O)c2ccc(Cl)cc2)CC1,0.34035453
ZINC_250K_452,Cc1ccc(-n2ccnc2SCC(=O)N(CC(N)=O)C(C)C)cc1C,0.34035453
ZINC_250K_9163,COC(=O)Nc1ccc(CNS(=O)(=O)c2cc(C)cc(F)c2)cc1,0.34035447
ZINC_250K_3279,CCCCNC(=O)[C@@H](C)N1CCN(CC(=O)N2CCCC[C@@H]2C)CC1,0.34035447
ZINC_250K_1248,Cc1ccoc1C(=O)NCc1nc(-c2ccccc2)n[nH]1,0.34035447
ZINC_250K_4451,N#Cc1ccc(NC(=O)C[C@@H]2C=CCC2)cc1C(F)(F)F,0.34035438
ZINC_250K_5712,CC1(C)[C@H]2CC[C@]1(C)[C@H](OC(=O)CSc1nc3ccccc3o1)C2,0.34035438
ZINC_250K_5105,C[C@H]([C@@H](C)NC(=O)c1cccc(SCC#N)c1)N1CCOCC1,0.34035435
ZINC_250K_1453,COC(=O)c1ccccc1NC(=O)C1=C(C)NC(=O)N[C@@H]1c1ccc(O)c(O)c1,0.34035435
ZINC_250K_7892,Cc1cccc([C@@H]2[C@@H](C(=O)[O-])CC(=O)N2Cc2c(C)nn(C)c2C)c1,0.34035432
ZINC_250K_7545,Cc1ccc2c(c1)[C@@H]1NC(=S)N[C@](C)(O2)[C@H]1C(=O)Nc1ccc(Cl)cc1,0.34035432
ZINC_250K_3629,Cc1nc([N+](=O)[O-])cn1CCC(=O)O[C@H](C)c1ccc(Cl)s1,0.34035432
ZINC_250K_947,COc1ccccc1COC1CCN(C(=O)[C@H]2CCC[C@@H](C)C2)CC1,0.34035432
ZINC_250K_6455,O=C([C@H]1CC12CCC2)N1CCc2onc(-c3ccc4c(c3)OCO4)c2C1,0.34035432
ZINC_250K_4192,O=C(Nc1ccccc1C(F)(F)F)N[C@@H](c1ccc(F)cc1)[C@H]1CCCO1,0.3403543
ZINC_250K_4577,O=C1NCCN1[C@H]1CCC[NH+](Cc2cccc(-c3ccncc3)c2)C1,0.34035426
ZINC_250K_1019,CC1=C(C(=O)Nc2ccccc2Cl)[C@H](c2ccccc2Cl)NC(=S)N1,0.34035426
ZINC_250K_10098,CCOC(=O)Cc1csc(NC(=O)c2ccc([O-])nn2)n1,0.34035417
ZINC_250K_298,CCCNC(=O)[C@H]1CS[C@H](c2ccccc2O)N1C(C)=O,0.34035414
ZINC_250K_4954,COCCCN(C)C(=O)N[C@@H]1CCC[C@@H]1c1ccc(F)cc1,0.34035414
ZINC_250K_576,O=C(COc1cc(Cl)c(Cl)cc1Cl)N1CCN(C(=O)Nc2ccccc2)CC1,0.3403541
ZINC_250K_8920,COc1ccc2c(c1)N(C(=O)[C@@H](C)OCC1CC1)CCO2,0.3403541
ZINC_250K_7378,Cc1cccc(NC(=O)CN(C)C(=O)c2cnn(-c3ccccc3)n2)c1C,0.34035408
ZINC_250K_10396,COCC1=C[C@H](C[NH2+]C2CCN(c3cccc(-c4csc(C)n4)c3)CC2)N=N1,0.34035403
ZINC_250K_4290,O=C(C[C@@H]1C=CCC1)Nc1ccc(-n2cncn2)nc1,0.34035403
ZINC_250K_8466,C[C@@H]1N=C(c2ccccc2)c2ccccc2N(Cc2cccc(Cl)c2)C1=O,0.340354
ZINC_250K_6889,C[C@@H](Sc1cc2c(cc1Cl)OCCO2)C(=O)Nc1cccnc1Cl,0.34035397
ZINC_250K_7143,Cc1ccc2c(c1)OCC(=O)N2Cc1nc(C(=O)NC(C)(C)C)cs1,0.34035397
ZINC_250K_8547,CC1=NN(c2ccc(C)c(C)c2)C(=O)/C1=C\c1c(O)[nH]c(=O)n(-c2cccc(C)c2)c1=O,0.34035394
ZINC_250K_8600,CCOc1cc(S(=O)(=O)NC[C@H]2CCCO2)c(C)cc1C,0.34035388
ZINC_250K_4438,Cc1nc(NC(=O)c2ccc3ccccc3n2)sc1SCC(N)=O,0.34035388
ZINC_250K_6654,O=C(N[C@@H]1C[NH+](Cc2ccccc2)CC[C@@H]1CO)c1ncn(-c2ccccc2)n1,0.34035388
ZINC_250K_2225,CNC(=O)c1cc(Oc2cccc(OC(=O)/C=C/C3CC3)c2C)ccn1,0.34035388
ZINC_250K_5044,O=C(c1cc(=O)c2ccccc2o1)N(C[C@H]1CCCO1)C[C@@H]1CCCO1,0.34035385
ZINC_250K_7407,O=C(CSc1nnc(NC(=O)c2c(F)cccc2F)s1)NCc1ccc(F)cc1,0.34035376
ZINC_250K_1103,C[C@@H](CS(C)(=O)=O)NC(=O)CCN1C(=O)CCc2ccccc21,0.34035376
ZINC_250K_7286,Cc1cc(C(=O)Nc2ccccc2-n2ncc3c(=O)[nH]cnc32)no1,0.34035373
ZINC_250K_9230,CC[C@@H]([NH2+][C@H](C)c1cccc(NC(C)=O)c1)c1ccc(C)c(F)c1,0.3403537
ZINC_250K_9304,C[C@@H]1CC(C(=O)NCCNc2ccc([N+](=O)[O-])cc2)C[C@H](C)O1,0.3403537
ZINC_250K_5079,C[C@@H](Nc1cccc(C(N)=O)c1)C(=O)Nc1ccc(Cl)cc1Cl,0.34035367
ZINC_250K_264,COc1ccc(O)c(CNC2CC[NH+](Cc3ccccc3Cl)CC2)c1,0.34035367
ZINC_250K_6485,O=C(CN1c2cccc3cccc(c23)S1(=O)=O)N1N=C(c2ccco2)C[C@@H]1c1cccs1,0.34035367
ZINC_250K_1582,Cc1ccc(Cl)c(NC(=O)COC(=O)C23C[C@@H]4C[C@@H](CC(O)(C4)C2)C3)c1Cl,0.34035364
ZINC_250K_501,CCn1cc(-c2nc(-c3cccc(Cl)c3)no2)c(=O)c2ccccc21,0.3403536
ZINC_250K_3362,CCN(C(=O)c1cnc([C@H]2CCCO2)s1)c1ccncc1,0.3403536
ZINC_250K_4824,O=C(N[C@H]1CCC[C@H](C(F)(F)F)C1)c1cccc2c1OCO2,0.34035355
ZINC_250K_8788,CCCCc1[nH]cc(CN2CCN(c3ccc(Cl)cn3)CC2)[nH+]1,0.34035352
ZINC_250K_6325,CCN(C(=O)CCN1C(=O)[C@@H]2[C@H](C1=O)[C@H]1CC[C@@H]2O1)c1ccc(C)cc1C,0.34035352
ZINC_250K_7938,C[C@H](NC(=O)C1=CCCCO1)c1ccc(F)c(Cl)c1,0.3403535
ZINC_250K_6564,COc1ccc(CC(=O)Nc2ccc(Cl)cc2Cl)cc1,0.3403535
ZINC_250K_6620,O=C(c1cc(Cl)ccc1O)N1CCCC[C@@H]1c1ncc[nH]1,0.3403535
ZINC_250K_1004,COc1ccc2nc(Nc3ccc4c(c3)CCC4)sc2c1,0.3403535
ZINC_250K_8072,CCc1ccc(CC)c(NC(=O)NC[C@H]2CCO[C@@H]2C(C)C)c1,0.34035346
ZINC_250K_9242,CCCNC(=O)Nc1ccc(CCc2nc3ccccc3[nH]2)cc1,0.3403534
ZINC_250K_6820,CC[C@@H](C)NC(=O)[C@@H](C)[NH+](C)Cc1c(C)nn(-c2ccccc2)c1C,0.3403534
ZINC_250K_1887,COC(=O)[C@@H]1CCC[C@@H]1NC(=O)Nc1ccc(-c2csc(C)n2)cc1,0.34035337
ZINC_250K_7529,Nc1c(C(=O)Nc2ccc(Cl)cc2)c2ccccc2n1C(=O)c1ccc(F)cc1,0.34035337
ZINC_250K_3671,COC(=O)[C@H]1CN(Cc2ccc3ccccc3n2)C[C@@H](C)O1,0.3403533
ZINC_250K_28,N#Cc1ccncc1NC[C@@H]1C[C@@]12CCc1ccccc12,0.34035328
ZINC_250K_8267,CC[C@@H](CSC)NC(=O)NCc1cccnc1-n1cncn1,0.34035322
ZINC_250K_4586,N#CC1=C(N)Oc2cc(OC(=O)/C=C/c3ccccc3)ccc2[C@H]1c1ccccc1F,0.34035322
ZINC_250K_7599,Cc1ccc(NC(=O)N(CCC#N)CC2CC2)c(Cl)c1,0.34035322
ZINC_250K_582,CC1=C(C(=O)C2=C([O-])C(=O)N(CC[NH+](C)C)[C@H]2c2cccc(Cl)c2)[C@H](C)N=N1,0.34035322
ZINC_250K_6107,Cc1cc(F)cc2c1NC(=O)[C@]21NC(=O)[C@@H]2COCCN21,0.34035322
ZINC_250K_532,CN(CC1CCCC1)C(=O)C(=O)Nc1cccc(SC(F)F)c1,0.34035316
ZINC_250K_1605,CCCCn1ncc(NC(=O)N2CCC[C@@H](C)[C@H]2CO)c1C,0.34035316
ZINC_250K_2813,N#Cc1ccc(F)c(CNC(=O)c2cccc(OC(F)F)c2)c1,0.34035313
ZINC_250K_9377,COCc1cc(NC(=O)NC[C@H]2CCO[C@@H]2C(C)(C)C)ncn1,0.34035298
ZINC_250K_1268,CCOc1ccccc1-c1cccc(C(=O)N(C)CCC(F)(F)F)c1,0.34035298
ZINC_250K_5511,COC(=O)c1cn([C@H]2[C@@H]3OC(C)(C)O[C@H]3O[C@H]2[C@H](O)CO)nn1,0.34035298
ZINC_250K_5629,COc1ccc2nc(NC(=S)NC(=O)c3ccc(Cl)cc3)sc2c1,0.34035298
ZINC_250K_5385,CCOc1cccc(C(=O)NC(=S)Nc2ccccc2C#N)c1,0.34035292
ZINC_250K_8815,C[C@H]1CO[C@H](c2ccccc2Cl)CN1C(=O)[C@H](O)c1ccccc1,0.3403529
ZINC_250K_7199,O=C(OCc1nc2ccccc2[nH]1)c1cnc(-c2ccccc2)s1,0.3403529
ZINC_250K_1979,CCn1ccnc(NCCN(C)C(=O)OC(C)(C)C)c1=O,0.34035283
ZINC_250K_4154,COc1cccc(C(=O)N(Cc2ccc([C@H]3C[C@H]3C)o2)C2CC2)n1,0.34035283
ZINC_250K_140,Cc1ccc(C)c(-n2c(SCCCCCO)nc3ccccc3c2=O)c1,0.34035277
ZINC_250K_415,Cc1oc(-c2ccccc2)nc1CCNC(=O)c1ccc([S@@](C)=O)cc1,0.34035277
ZINC_250K_524,Cc1cc(NC(=O)c2cccc([N+](=O)[O-])c2C)n(-c2ccccc2F)n1,0.34035277
ZINC_250K_10391,CCc1ccc(C(=O)N2CCN(Cc3ccc4c(c3)CCO4)CC2)cc1,0.3403527
ZINC_250K_6179,Cc1ccc(/C=C/C(=O)NCc2cccc(OCC(F)F)n2)o1,0.3403527
ZINC_250K_4969,c1ccc2oc(CN3CCO[C@@H](Cn4cncn4)C3)nc2c1,0.3403527
ZINC_250K_10175,Cc1nc(NCC[C@H]2COc3ccccc3O2)c2c([nH+]1)CC[NH2+]CC2,0.3403527
ZINC_250K_7265,CCOc1ccc(-c2nc(C(=O)Nc3nc(C)no3)cs2)cc1,0.34035265
ZINC_250K_10400,O=C(CCc1cn[nH]c1)N1CCO[C@@H](CC(c2ccccc2)c2ccccc2)C1,0.34035265
ZINC_250K_7028,CC(=O)NC[C@H]1C[C@@H]2CC[NH+]1C[C@@H]2c1cc(C2CCCC2)nn1C,0.34035262
ZINC_250K_9625,COc1ccc(C(=O)C(=O)Nc2ccc(OC)c3ncccc23)cc1,0.34035262
ZINC_250K_6568,COCc1cccc(C(=O)NCc2nc(-c3cccs3)no2)c1,0.34035257
ZINC_250K_7083,O=C(Nc1ccc(N2CCCC2)c(Cl)c1)C(=O)N1C[C@@H]2CC=CC[C@H]2C1,0.34035254
ZINC_250K_1286,O=C(Cc1cc(F)ccc1F)N1CCO[C@@H](c2ccc(Cl)cc2)C1,0.34035254
ZINC_250K_6457,CCCn1c(C)nnc1S[C@@H](C)C(=O)Nc1c(C)cc(C)cc1Cl,0.34035254
ZINC_250K_2371,COc1cc(OC)c(NC(=O)[C@H](C)c2ccc(Cl)s2)cc1F,0.3403525
ZINC_250K_10332,CCC[NH2+][C@H](C)c1cnc([C@@H]2CN3CCC[C@@H]3CO2)s1,0.3403525
ZINC_250K_6549,O=C(NC[C@H](O)c1ccco1)[C@@H]1C[C@@H]1c1ccccc1F,0.34035248
ZINC_250K_4424,Cc1nc2ccc(C(=O)N[C@@H]3COc4ccccc4C3)cc2nc1C,0.34035245
ZINC_250K_6308,O=C(CSc1cn[nH]n1)Nc1ccc2c(c1)C(=O)c1ccccc1C2=O,0.34035245
ZINC_250K_9534,CCS(=O)(=O)N1CCC(NS(=O)(=O)c2cc(C)ccc2F)CC1,0.34035242
ZINC_250K_9336,O=C(Nc1cc2c(cc1Cl)OCCO2)c1cccc2ncccc12,0.3403524
ZINC_250K_2437,CCn1nc(C)c(CN(C)[C@@H]2CCCN(c3ccccc3)C2)c1C,0.3403524
ZINC_250K_244,COC[C@H]1CCC[NH+](Cc2cc(C)n(Cc3ccco3)c2C)C1,0.34035236
ZINC_250K_2199,C[C@H](Sc1ccc(F)c(F)c1)C(=O)N(C)[C@H]1CCS(=O)(=O)C1,0.34035236
ZINC_250K_7785,CCO[C@@H](C)c1noc(CN2CC[NH+](Cc3cccc(C#N)c3)CC2)n1,0.34035236
ZINC_250K_2552,CNC(=O)/C(C#N)=C(/[O-])C1=NN(c2cc(C)ccc2C)C(=O)CC1,0.34035236
ZINC_250K_3949,Cn1cc(C(=O)N2C[C@@H]3CC[C@H]2C3)c(-c2ccccc2)n1,0.34035233
ZINC_250K_3517,OCCOc1ccc(NCc2ccc(F)cc2F)c(C(F)(F)F)c1,0.34035233
ZINC_250K_7601,Cc1n[nH]c([C@@H]2CN(C(=O)c3ccc(C[NH+](C)C)cc3)CCO2)n1,0.3403523
ZINC_250K_8304,COC(=O)[C@H](NC(=O)[C@@]1(C)CCCO1)c1ccc(F)c(F)c1,0.34035227
ZINC_250K_9295,Cc1ccc(CNC(=O)C2CCN(C(=O)c3ccsc3)CC2)cc1,0.34035224
ZINC_250K_1442,CC(=O)N[C@@H]1C(=O)N(Cc2ccccc2OCCC(C)C)c2ccccc21,0.3403522
ZINC_250K_2755,CS(=O)(=O)c1cccc(-c2nnc(NC(=O)c3ccc([N+](=O)[O-])cc3)o2)c1,0.3403522
ZINC_250K_3274,C[C@H]1CCCN(C(=O)Nc2ccc3ccccc3c2)[C@H]1CO,0.3403522
ZINC_250K_8160,CCCN1C(=O)CCc2cc(Nc3c(C#N)c(=O)n(C)c(=O)n3C)ccc21,0.3403522
ZINC_250K_10499,Cc1ccc(C(=O)/N=C(\NC[C@H]2CCCO2)Nc2ccc3c(c2)OCCO3)cc1C,0.3403522
ZINC_250K_2435,CCCOC(=O)C1=C(C)N(C)C(=O)N[C@H]1c1cccc([N+](=O)[O-])c1,0.34035215
ZINC_250K_7381,Cn1cnc(S(=O)(=O)N2CCN(c3ccccc3[N+](=O)[O-])CC2)c1,0.34035215
ZINC_250K_2433,CCCCn1c(N)c(N(C)C(=O)CSc2ccc(F)cc2)c(=O)[nH]c1=O,0.34035212
ZINC_250K_10251,CCCC(=O)Nc1cccc(NC(=O)C(=O)N[C@H]2CC[C@@H]([NH+](C)C)C2)c1,0.34035212
ZINC_250K_6891,COc1cc(Cl)c(C)cc1NC(=O)c1ccc(=O)n(C)c1,0.34035206
ZINC_250K_8431,COc1ccc(CN2CCC(N3CCO[C@H](C)C3)CC2)c(OC)c1,0.34035206
ZINC_250K_1728,CN1C[C@H](NC(=O)/C=C/c2cnc(C(C)(C)C)s2)CCC1=O,0.34035203
ZINC_250K_2637,CC(C)CN1CCO[C@@H](CNC(=O)[C@]23CC[C@H](C[C@@H]2Br)C3)C1,0.34035203
ZINC_250K_343,C[C@@H](NC(=O)c1ccccc1CSc1nc2ccccc2[nH]1)C1CC1,0.340352
ZINC_250K_4217,COc1ccccc1-n1cnc2cc(NC(=O)c3cccs3)ccc21,0.34035194
ZINC_250K_917,O=C(Nc1ccc2ncccc2c1)C(=O)NC1CCC(O)CC1,0.34035194
ZINC_250K_7530,CC(C)NC(=O)[C@@H]1OCC(=O)N(C)[C@H]1c1cccc(F)c1,0.34035194
ZINC_250K_7291,C[C@@H](CC(=O)NNc1ccc(S(=O)(=O)N2CCN(C)CC2)cc1)C(C)(C)C,0.34035188
ZINC_250K_5937,Cc1nc2cc(F)ccc2cc1C(=O)N1CCN(S(=O)(=O)N2CC[NH+](C)CC2)CC1,0.34035182
ZINC_250K_9827,O=C1C[C@@H](C(=O)N2CCC[C@@H](O)C2)CN1CCc1ccccc1,0.34035182
ZINC_250K_5154,CN(C)c1ccc([C@@H](CNC(=O)C(=O)Nc2cc(Cl)ccc2C#N)[NH+](C)C)cc1,0.34035182
ZINC_250K_6965,CC(=O)c1ccc(NC(=O)N(C)C[C@@H]2CCOC2)cc1C,0.34035176
ZINC_250K_2892,Fc1ccccc1-c1cnc(CNC2CC[NH+](Cc3ccccc3)CC2)s1,0.34035176
ZINC_250K_5338,Cc1noc(CN2CCCC[C@@H]2c2nc3ccccc3o2)n1,0.34035176
ZINC_250K_4219,CNC(=O)c1ccc(Sc2nnc(-c3cccs3)n2C)c([N+](=O)[O-])c1,0.34035176
ZINC_250K_6254,CC(C)(C)c1cc(C(=O)NNC(=O)c2cccs2)n(Cc2ccc(F)cc2)n1,0.34035173
ZINC_250K_8286,O=C(COc1ccc2ccccc2c1)NNC(=O)c1ccc(Cl)o1,0.34035173
ZINC_250K_8434,Cc1nc(CCCC(=O)N2CCC(c3ccc(F)cc3)CC2)cs1,0.3403517
ZINC_250K_2888,COc1cccc(-c2nnn(CCOc3cccc([N+](=O)[O-])c3)n2)c1,0.3403516
ZINC_250K_8133,CSCC[C@@H]1N[C@@]2(C(=O)Nc3c2ccc(C)c3C)[C@@H]2C(=O)N(C3CCCC3)C(=O)[C@H]12,0.34035158
ZINC_250K_7913,Cc1ccccc1-c1nnc(S[C@@H](C(N)=O)c2ccc(F)cc2)n1C,0.34035158
ZINC_250K_1729,C[C@@H]1Cc2ccccc2N1C(=O)CSc1nnnn1-c1ccc(Br)cc1,0.34035155
ZINC_250K_6960,COc1cccc(C(=O)NC[C@H](C)N(C)c2ccccc2)c1F,0.34035155
ZINC_250K_9079,COc1ccc([C@H]2CCCN2C(=O)Cc2cccs2)cc1,0.34035143
ZINC_250K_3218,CC(=O)Nc1cccc(CNC(=O)N[C@H](C)C(=O)NCc2ccco2)c1,0.34035143
ZINC_250K_474,CCN(C[C@@H]1CCOC1)C(=O)Nc1cc2c(cc1Cl)OCCO2,0.34035143
ZINC_250K_6621,C[C@H]1CCN(C(=O)COC(=O)c2ccc(C(N)=O)cc2)c2ccccc2S1,0.3403514
ZINC_250K_9758,O=C(C[C@@H](C(=O)Nc1ccc2c(c1)OCCO2)C(=O)c1ccccc1)NC1CCCCCCC1,0.3403514
ZINC_250K_8497,Cc1c[nH]c(C[NH+]2C[C@@H]3CN(S(C)(=O)=O)C[C@]3(C(=O)[O-])C2)n1,0.3403514
ZINC_250K_6012,Cc1nn(C)c(Cl)c1CS[C@@H](C)C(=O)N[C@H](C)c1ccc(Cl)cc1,0.34035137
ZINC_250K_3979,CCc1nn(C)cc1NC(=O)N[C@@H](C)c1cccc(Br)c1,0.34035134
ZINC_250K_7868,CC(=O)c1cccc(NC(=O)c2nc3nc(-c4ccco4)cc(C(F)(F)F)n3n2)c1,0.34035128
ZINC_250K_3883,CCOC(=O)/C(C#N)=C\c1cccc(OC(=O)c2ccco2)c1,0.34035128
ZINC_250K_229,COc1cc(CNC(=O)c2occc2Br)ccn1,0.34035125
ZINC_250K_4220,Cc1ccccc1OCCCNC(=O)c1cc(F)ccc1F,0.34035122
ZINC_250K_10351,COC(C)(C)C[C@H](C)NC(=O)Nc1ccc(-n2ncn(C)c2=O)cc1,0.34035116
ZINC_250K_1871,Cc1nc(-c2ccccc2F)sc1CNC(=O)NC(C)(C)C,0.34035116
ZINC_250K_8341,CCCN(C)c1ccc(C(=O)N[C@H](c2ccc(F)cc2)c2nccn2C)cc1,0.34035113
ZINC_250K_8399,C[C@H]1Oc2ccc(NC(=O)c3cc4ccccc4[nH]3)cc2NC1=O,0.3403511
ZINC_250K_2209,C[C@@H]1CCN(C(=O)Cc2cc(Cl)ccc2Br)C[C@@H]1O,0.3403511
ZINC_250K_5656,CN(Cc1cnn(Cc2ccccc2)c1)C(=O)c1ccccc1F,0.3403511
ZINC_250K_66,Cc1ccc(-c2nnc(C[NH+](CCO)[C@H]3CCc4ccccc43)o2)cc1,0.34035107
ZINC_250K_6299,C[C@@H]1OCC[C@@H]1C(=O)NC[C@@H](c1ccccc1)C(C)(C)CO,0.34035105
ZINC_250K_1938,N#C[C@@H](C(=O)c1ccc(Cl)cc1)c1nc(N)nc(Nc2ccccc2)n1,0.34035102
ZINC_250K_2911,O=C(NC[C@H](O)CO)Nc1ccccc1N1CCc2ccccc21,0.34035102
ZINC_250K_9870,CCc1ccc(NC(=O)CN2C(=O)C(c3ccc(C(C)(C)C)cc3)=NC2(C)C)cc1,0.34035096
ZINC_250K_9692,CCO/C=C1\SC(=O)N=C1N1N=C(c2ccccc2)C[C@@H]1c1ccc(Cl)cc1,0.34035096
ZINC_250K_6838,CN(CCCNC(=O)N[C@@H]1CC[NH+]2CCCC[C@H]12)c1ccccc1F,0.34035096
ZINC_250K_74,COc1cccc(CN2CCc3nnc(CCc4ccccc4)n3CC2)c1,0.34035096
ZINC_250K_5297,Cc1nn([C@H]2CCS(=O)(=O)C2)c(C)c1N1CCN(C(=O)NC2CCCCC2)CC1,0.34035096
ZINC_250K_9963,O=C(CN1CCCCCC1=O)NCCc1ccc(C(F)(F)F)cc1,0.34035093
ZINC_250K_7445,COc1ccc(OC)c(-c2nnc(NC(=O)c3ccc(C(=O)c4ccccc4)cc3)o2)c1,0.34035093
ZINC_250K_6020,Cc1ccc(C(=O)Nc2nc3ccc(Cl)cc3s2)cc1[N+](=O)[O-],0.34035093
ZINC_250K_8189,C[C@@H]1CC[C@H](NC(=O)Nc2cc(C(=O)N(C)C)ccc2F)[C@H](C)C1,0.34035093
ZINC_250K_7531,CC(=O)c1c(C)[nH]c(C(=O)N2CCCC[C@H]2CCc2ccccc2)c1C,0.3403509
ZINC_250K_5242,NC(=O)C[C@@H](NC(=O)c1ccc(N2CCCCCC2)nc1)C1CCCCC1,0.3403509
ZINC_250K_9674,O=C(N[C@H](c1ccccc1)c1ccc(Br)cc1F)C1CCN(c2ncccn2)CC1,0.3403509
ZINC_250K_1501,CC(=O)Nc1ccc(NCc2cn3c(C)cc(C)nc3n2)c(Cl)c1,0.34035087
ZINC_250K_3077,Cc1cc(C)cc(N(CCC#N)C(=O)[C@H](C)Sc2ncnc3c2cnn3C)c1,0.34035087
ZINC_250K_6728,Cc1ccccc1-n1ncc(C(=O)Nc2ccccc2C(F)(F)F)c1C,0.34035084
ZINC_250K_1672,Cc1ccccc1C(C)(C)CNC(=O)NC[C@@H](O)C1CCOCC1,0.34035084
ZINC_250K_6854,O=c1cc(CSc2n[nH]c(=O)n2C[C@@H]2CCCO2)c2c(ccc3ccccc32)o1,0.3403508
ZINC_250K_4012,CC[NH+](CC)CCNc1nc2sc(C)c(C)c2c2nc(-c3ccco3)nn12,0.34035078
ZINC_250K_6937,COC(=O)c1cc(NC(=O)[C@@H]2CC(=O)N([C@H]3CCC[C@@H](C)[C@H]3C)C2)cc(C(=O)OC)c1,0.34035078
ZINC_250K_3240,CN1CC[C@H](NC(=O)c2cnc([C@H]3CCCO3)s2)C1=O,0.34035072
ZINC_250K_993,Cc1ccc(N2C(=O)[C@@H](Cc3cccc(C)c3)S/C2=C(/C#N)C(N)=O)cc1,0.34035072
ZINC_250K_5738,C/[NH+]=C(/NC[C@@H]1C[NH+](C)CCN1C)N1CCC(Cc2ccccc2)CC1,0.34035066
ZINC_250K_5771,CC(=O)c1cc(Cl)ccc1OCC(=O)Nc1ccc(N(C)C)cc1,0.34035066
ZINC_250K_7469,C=CCN1C(=O)/C(=C\c2ccco2)S/C1=N\c1cccc(C(=O)[O-])c1,0.34035066
ZINC_250K_9546,Cc1ccc(NC(=O)C[NH+]2C[C@H](C)S[C@@H](C)C2)c(Cl)c1,0.34035066
ZINC_250K_9929,Cc1ccc(/C=C/C(=O)N[C@@H](CC(C)C)C(=O)Nc2nccs2)o1,0.34035066
ZINC_250K_2331,CCOC(=O)[C@H]1CCCN(C(=O)c2ccco2)C1,0.3403506
ZINC_250K_9148,C[C@H]1CCC[C@@H](CNc2ccc(C(=O)NCCCO)cc2)C1,0.34035057
ZINC_250K_5249,Cc1ccc2c(COC(=O)c3cccc(O)c3)cc(=O)oc2c1C,0.34035048
ZINC_250K_7247,Cc1ccccc1NC(=O)CSc1nnc(NC2=NC(=O)CS2)s1,0.34035045
ZINC_250K_828,CC[C@@H](O)C(=O)NCc1cccnc1Oc1ccccc1OC,0.34035045
ZINC_250K_10357,COc1cccc(-c2ccc(=O)n(CC(=O)N[C@@H](C(=O)[O-])C(C)C)n2)c1,0.34035045
ZINC_250K_4214,Cc1nc([C@H](Nc2ncc(C(N)=O)cc2Cl)c2ccccc2)n[nH]1,0.34035045
ZINC_250K_2673,CCc1nn(C)cc1NC(=O)N[C@@H](CC)[C@@H]1CCCO1,0.34035045
ZINC_250K_6565,CC[C@@H](CNC(=O)c1ccc(=O)n(C)c1)Oc1cccc(F)c1,0.34035045
ZINC_250K_2101,C[C@@H](OC(=O)[C@@H]1C[C@@H]1c1ccc(OC(F)(F)F)cc1)c1ccccn1,0.34035042
ZINC_250K_4777,O=C([C@@H](Sc1nnc(-c2ccncc2)n1C1CC1)c1ccccc1)N1CCCC1,0.3403504
ZINC_250K_3632,C[C@@H]1CCC[C@@H](OCC(=O)N[C@@H]2CC[NH+](Cc3ccccc3)[C@H](C)C2)C1,0.34035027
ZINC_250K_10211,COc1cn(-c2ccccc2)nc1C(=O)O[C@H](C)C(=O)Nc1cc(C)no1,0.34035027
ZINC_250K_759,CCc1nsc(Nc2ccc(CC(=O)N3CC[NH+](CC)CC3)cc2)n1,0.34035027
ZINC_250K_3815,Cc1cc(C(=O)COC(=O)c2cc3c(cc2[N+](=O)[O-])OCO3)c(C)n1C1CC1,0.34035027
ZINC_250K_4347,COc1cc(NC(=O)c2ccc(-c3ccccc3Cl)o2)cc(OC)c1OC,0.34035024
ZINC_250K_1487,CSc1ccc2c(C)cc(N3CCO[C@@H](C(F)(F)F)C3)nc2c1,0.34035024
ZINC_250K_4817,Cc1cc(OCCc2nc(CC(=O)[O-])cs2)ccc1Cl,0.34035012
ZINC_250K_2877,COc1cc([C@H]2CC(=O)n3nc(-c4ccc(C)cc4)nc3S2)cc(OC)c1OC,0.34035012
ZINC_250K_3549,Cc1nc(C)c(C(=O)NCCNc2cc(-n3cccn3)ncn2)s1,0.34035012
ZINC_250K_8698,O=C(N/N=C\c1ccccc1C(F)(F)F)[C@@H]1CC(=O)N(c2ccccc2)C1,0.34035012
ZINC_250K_3320,O=C(Nc1ccccc1C(F)(F)F)c1c[nH]c2c(F)cccc2c1=O,0.3403501
ZINC_250K_3409,COc1cccc(N2C(=O)C[C@@H](N3CCN(c4ccc5c(c4)OCO5)CC3)C2=O)c1,0.34035006
ZINC_250K_3741,COc1cc(C)ccc1NCc1ccn(-c2ccccc2)n1,0.34035006
ZINC_250K_2537,C[C@H](NC(=O)[C@H](C)N1CC[NH+](CCCO)CC1)c1ccc2c(c1)CCCC2,0.34035
ZINC_250K_6030,Cn1c(C2=C(N)N(C[C@@H](O)C3CCOCC3)CC2=O)[n+](C)c2ccccc21,0.34034994
ZINC_250K_9102,CC(=O)N[C@@H]1CCCN(C(=O)CCSc2ccccn2)C1,0.3403499
ZINC_250K_6527,CC[C@](C)(NC(=O)C1CC[NH+](Cc2csc(C)n2)CC1)c1ccccc1,0.34034988
ZINC_250K_9169,Cc1ccc(S(=O)(=O)N2CCC[C@H](C(=O)OCC(F)(F)F)C2)s1,0.34034988
ZINC_250K_1347,O=C(Nc1ccc2c(c1)COC2)C(=O)N[C@@H]1CCOC2(CCCCC2)C1,0.34034988
ZINC_250K_7600,O=C(OCc1ccccn1)c1ccc(COc2ccccc2Cl)o1,0.34034988
ZINC_250K_3098,CC[C@@H](c1ccccc1)[C@H]1N=N/C(=N/C(=O)Nc2ccc(OC)cc2)S1,0.34034988
ZINC_250K_6198,CCOc1cccc(-c2nc3cc(OC)c(OC)cc3c(=O)o2)c1,0.34034988
ZINC_250K_4544,CN(CCOCC1CC1)C(=O)c1cnc([C@@H]2CCCO2)s1,0.34034985
ZINC_250K_997,Cc1ccc(NC(=O)c2cc3ccccc3oc2=O)c([N+](=O)[O-])c1,0.34034985
ZINC_250K_9451,COCCCNC(=O)CCN1C(=O)c2ccc(Br)cc2C1=O,0.34034985
ZINC_250K_6427,C[NH+]1CCN(C(=O)Nc2ccccc2OC(F)(F)F)[C@H](c2ccccc2)C1,0.3403498
ZINC_250K_4879,CC(C)Oc1cccc(CN2CCn3c(nn(C)c3=O)C2)c1,0.3403498
ZINC_250K_3140,CCc1cccc(C)c1NC(=O)CN1C(=O)C(C)=C(c2ccc(F)cc2)S1(=O)=O,0.3403498
ZINC_250K_9072,C[C@@H]1CN(C(=O)Cn2cc([N+](=O)[O-])cn2)CCO1,0.34034973
ZINC_250K_10001,CC(C)c1cc(C(=O)Nc2ccc(C[NH+]3CCCC3)cc2)n[nH]1,0.34034973
ZINC_250K_9606,COc1ccc([C@@H](O)[C@H](C)NC(=O)[C@@H]2CCC[C@H](C(F)(F)F)C2)cc1,0.34034967
ZINC_250K_434,COc1ccc([C@@H](CNc2nc3ccccc3o2)N2CCOCC2)cc1,0.34034967
ZINC_250K_8372,Cc1ccc(C(=O)NC(=S)Nc2ccc(C(=O)NC[C@H]3CCCO3)cc2)cc1,0.34034967
ZINC_250K_8922,O=C(Cn1ccc(C(F)(F)F)n1)NCCC1CCCCC1,0.34034964
ZINC_250K_1975,CC[C@@H](C)NC(=O)[C@@H](C)Sc1ncc(-c2ccc3c(c2)OCCO3)n1CC,0.3403496
ZINC_250K_9586,COCCCNc1nc(N)c([N+](=O)[O-])c(N2C[C@H](C)C[C@H](C)C2)n1,0.3403496
ZINC_250K_1601,COc1ccccc1NC(=O)C(=O)N[C@H](c1ccc(F)cc1)c1nccn1C,0.34034956
ZINC_250K_6197,C[C@@H]1C[C@H](C)CN(C(=O)CN2CCN(C(=O)CCc3ccccc3Br)CC2)C1,0.34034956
ZINC_250K_4397,COc1c(CNc2ccc(N3CCCC3)cc2C)c(C)nn1C,0.34034956
ZINC_250K_9211,Cc1nc(-c2cccc(F)c2)sc1C(=O)N[C@H](C)C(=O)[O-],0.34034953
ZINC_250K_6928,O=C1N(CCCc2ccccc2)CCC[C@]1(O)CN1CCOCC1,0.34034953
ZINC_250K_7017,Cc1ccc2nc3c(cc(C#N)c(=O)n3-c3ccc(Cl)cc3)c(=O)n2c1,0.34034947
ZINC_250K_7416,Cc1ccc(C)c(NC(=O)c2cc(=O)oc3cc(OC(C)C)ccc23)c1,0.34034947
ZINC_250K_9627,O=C1CCCC2=C1[C@@H](c1ccc([N+](=O)[O-])o1)Nc1ccc(C(=O)c3ccccc3)cc1N2,0.34034944
ZINC_250K_1281,COc1ccc(-n2c(C)cn3c4c(=O)n(CC(C)=O)c(=O)n(C)c4nc23)cc1,0.3403494
ZINC_250K_5132,O=C([C@@H]1CCCN1C(=O)C[C@H](O)c1ccc(Cl)cc1)N1CCOCC1,0.3403494
ZINC_250K_1224,CC[NH2+][C@@]1(C(=O)[O-])CC[C@@H](Oc2cccc(OC)c2)C1,0.34034938
ZINC_250K_8095,CCn1c2ccccc2c2cc(N[C@H](C)C(=O)NC3CC3)ccc21,0.34034935
ZINC_250K_1472,CCC[C@@H]1NC(=O)N(CC(=O)Nc2ccccc2Oc2ccccc2)C1=O,0.3403493
ZINC_250K_3280,Cc1nc(C(=O)Nc2ccc(COC(C)(C)C)cc2)ccc1C#N,0.3403493
ZINC_250K_7558,C[C@H]1C[C@@H]1C(=O)Nc1ccc(OCC[NH+](C)C)c(Cl)c1,0.34034926
ZINC_250K_2766,CCS(=O)(=O)N1C[C@H](C(=O)N[C@@H](C)CCc2ccccc2)Oc2ccccc21,0.34034923
ZINC_250K_3927,Cc1c(Cl)c(C(=O)NCc2ccc3c(c2)OCO3)nn1C,0.34034917
ZINC_250K_5099,COC(=O)c1ccccc1CNc1ccc(N2CCOC2=O)cc1,0.34034917
ZINC_250K_7371,Cc1[nH+]c[nH]c1CSCCNC(=O)C[C@@H]1CCc2ccccc21,0.34034914
ZINC_250K_5968,O=C(c1cc2cc(Br)ccc2oc1=O)N1CCS[C@H]1c1cccc([N+](=O)[O-])c1,0.3403491
ZINC_250K_4911,N#C/C(=C/c1ccco1)C(=O)NCCCc1nc2ccccc2s1,0.3403491
ZINC_250K_7205,COC(=O)c1ccc(CNC(=O)Cc2csc3nc(-c4ccc(F)cc4)cn23)cc1,0.3403491
ZINC_250K_1227,CCSC1(CNC(=O)Nc2cc(-c3ccccc3)on2)CCOCC1,0.3403491
ZINC_250K_6248,COC(=O)C1=NC2=C(C(=O)C[C@H](c3ccccc3Cl)C2)[C@H]1C,0.34034908
ZINC_250K_2112,COCCN1C(=O)c2ccccc2[C@@H](C(=O)[O-])[C@H]1c1[nH+]ccn1C,0.34034908
ZINC_250K_3697,CCn1cc(C(=O)N[C@@H](C)COc2ccccc2OC)cn1,0.34034908
ZINC_250K_5376,C[C@H](NC(=O)C[C@H]1CCS(=O)(=O)C1)c1ccc(-n2cccn2)cc1,0.34034905
ZINC_250K_8751,CCC[NH+](CC(=O)NC)Cc1c[nH]nc1-c1cccnc1,0.34034902
ZINC_250K_4391,Cc1ccc([C@H]2CN(C(=O)N[C@@H]3CCS(=O)(=O)C3)CCO2)c(C)c1,0.34034902
ZINC_250K_3249,Cc1cn2c(CN(C)C(=O)[C@H]3Oc4ccccc4[C@H]3C)c(C)nc2s1,0.34034902
ZINC_250K_9313,COc1ccccc1[C@@H](C)NC(=O)[C@H](C)Sc1cccc2cccnc12,0.340349
ZINC_250K_6832,CNS(=O)(=O)c1cccc(NC(=O)N(C)[C@H]2CCC[C@H](C)C2)c1C,0.3403489
ZINC_250K_2982,COCCOc1ncccc1NC(=O)N(C)Cc1ccccn1,0.3403489
ZINC_250K_5192,CS(=O)(=O)N[C@H]1CCN(c2ccc(Cl)c(F)c2)C1=O,0.3403489
ZINC_250K_3119,CC(=O)N[C@H]1C(=O)N=C(SCC(=O)Nc2cccc3ccccc23)NC1=O,0.34034887
ZINC_250K_6139,COc1ccc(O[C@H]2CC[C@@]([NH3+])(C(N)=O)C2)c([N+](=O)[O-])c1,0.34034884
ZINC_250K_846,C/C(=N\Nc1ncnc2sc(C)c(C)c12)c1cccc(OC(F)F)c1,0.34034884
ZINC_250K_8752,O=[N+]([O-])c1cccc(C[NH2+]C[C@@]2(N3CCOCC3)CCSC2)c1,0.34034884
ZINC_250K_8136,C[C@@]1(c2cccc([N+](=O)[O-])c2)NC(=O)N(CCOc2ccc(Cl)cc2Br)C1=O,0.3403488
ZINC_250K_8714,Cc1ccccc1CCNC(=O)[C@@H](C)Sc1nnnn1C(C)(C)C,0.34034878
ZINC_250K_1759,CCN(CC)S(=O)(=O)c1cccc(C(=O)N[C@H](C)c2oc3ccccc3c2C)c1,0.34034875
ZINC_250K_10387,COCCCNC(=O)c1cnc2n(c1=O)CCS2,0.34034875
ZINC_250K_7988,CC1CC[NH+](CCCCNC(=O)c2ccc(-n3cc[nH]c3=S)cc2)CC1,0.34034875
ZINC_250K_8785,CCN(CC)C(=O)[C@H](C)Nc1ccc(N2CCSCC2)cc1C,0.3403487
ZINC_250K_7810,COC(=O)CN(CC#N)Cc1cnc(-c2ccccc2)s1,0.3403487
ZINC_250K_4140,O=C(Cc1ccccc1)N[C@H](N[C@H]1CCS(=O)(=O)C1)C(Cl)(Cl)Cl,0.3403487
ZINC_250K_10221,CC[C@@H](C(=O)Nc1ccccc1)n1c(=O)c(N(C)C(C)=O)nc2ccccc21,0.34034863
ZINC_250K_3744,O=C(OCc1ccccn1)c1cccc(S(=O)(=O)N2CCCCCC2)c1,0.34034863
ZINC_250K_3429,CC(=O)c1cn(CCC(=O)N[C@@H]2CCC[NH+](C)C2)c2ccccc12,0.34034857
ZINC_250K_4093,CCN(C(=O)NCC(=O)N1CCCC1)[C@@H](C)c1cccc(OC)c1,0.34034845
ZINC_250K_5634,Cc1cc(C(=O)N2CCCc3ccccc32)c2c(C)nn(C)c2n1,0.34034845
ZINC_250K_1488,NC(=O)c1ccc(-c2nnn(CC(=O)NCC3CCCCC3)n2)cc1,0.3403484
ZINC_250K_8618,COC(=O)[C@]1(N)CC[C@H](N2CCn3cc[nH+]c3C2)C1,0.3403484
ZINC_250K_10227,Cc1ccc(NC(=O)C[C@@H](C)[NH2+]CCC2=CCCC2)c(C)c1,0.34034836
ZINC_250K_7873,O=C([O-])[C@@H]1CC=CC[C@@H]1C(=O)N1CCN(C(=O)c2sc3cc([N+](=O)[O-])ccc3c2Cl)CC1,0.34034836
ZINC_250K_8522,Cc1cc(C)c(C)c(S(=O)(=O)N2CCC(C(=O)NN3CC(=O)NC3=O)CC2)c1C,0.34034836
ZINC_250K_10029,COc1cc2nc(CN(C)Cc3ccccc3Br)[nH]c(=O)c2cc1OC,0.34034833
ZINC_250K_2186,COc1ccc(/C=N/NC(=O)c2cccnc2)cc1[N+](=O)[O-],0.34034833
ZINC_250K_4640,COc1cc(C[NH+]2CC[C@@H]([NH+]3CCCC3)C2)ccc1OCC(=O)N1CCCC1,0.34034833
ZINC_250K_9530,Cc1ccc(-c2ncc(CN3CC[S@@](=O)C(C)(C)C3)s2)cc1,0.3403483
ZINC_250K_6408,O=c1c2cc(F)ccc2nc([S-])n1CCc1c[nH]c2ccccc12,0.34034827
ZINC_250K_5034,O=C(/C=C/c1cccs1)NC[C@@H]1CCC(=O)N1,0.34034824
ZINC_250K_1046,COc1ccc([C@@H]2CC(=O)C3=C(C2)N[C@@H]2N=NC(O)=C2[C@H]3c2ccc(Cl)c(Cl)c2)cc1OC,0.34034824
ZINC_250K_4502,COc1cc(F)cc(NC(=O)Nc2ccccn2)c1,0.34034824
ZINC_250K_676,O=C(COc1ccc(F)cc1F)NC[C@H](O)c1ccccc1Cl,0.3403482
ZINC_250K_8612,COC(=O)c1c(C)nn2c1ncc1c(=O)n(N3CC[NH+](C)CC3)ccc12,0.34034818
ZINC_250K_3567,Cc1c(C[NH2+]C[C@@H]2CCCO2)c(C(=O)[O-])c(C)n1Cc1ccc(F)cc1,0.34034815
ZINC_250K_9866,O=C(CCCn1ccnn1)NC[C@H](O)c1ccc2ccccc2c1,0.34034815
ZINC_250K_9260,CN(C)[C@H](C(=O)NCC1(C)COC1)c1cccc(F)c1,0.34034812
ZINC_250K_9481,C[C@@H](Cn1cccn1)OC(=O)CCc1cc(F)ccc1F,0.34034812
ZINC_250K_2729,COc1ccc(C(=O)N[C@@H](C)CCc2ccccc2)cc1[N+](=O)[O-],0.34034812
ZINC_250K_1491,CCO[C@@H]1C[C@@H]([NH+](C)CCn2c(=O)oc3cccnc32)C12CCCC2,0.3403481
ZINC_250K_3176,CC1CC[NH+](CCCNC(=O)c2ccc(-n3cc[nH]c3=S)cc2)CC1,0.34034806
ZINC_250K_3008,Cc1ccc(C(=O)[O-])cc1NC(=O)c1ccc(-c2cccc([N+](=O)[O-])c2)o1,0.34034806
ZINC_250K_3548,Cc1cc(C)cc(NC(=O)NCc2nnc(SCc3ccccc3)n2C)c1,0.34034806
ZINC_250K_2563,CCCN1CCN(C(=O)CCn2c(=O)c3cccn3c3cccnc32)CC1,0.34034806
ZINC_250K_2481,O=C(Nc1cccc(S(=O)(=O)/N=C2/CCCN2)c1)C1=Cc2ccccc2OC1,0.340348
ZINC_250K_8694,COCCOc1ccc(NC(=O)N[C@H]2CCCC[C@H]2C)cc1,0.34034798
ZINC_250K_17,CCCCC(=O)NC(=S)Nc1ccccc1C(=O)N1CCOCC1,0.34034798
ZINC_250K_8043,CC1=C(C(=O)NCc2cccnc2-n2cnc3ccccc32)OCCO1,0.34034795
ZINC_250K_5350,O=C(c1cccnc1)N1CCN(C(=O)c2ccccc2N2CCOCC2)CC1,0.34034792
ZINC_250K_2361,COc1ccc(Cl)cc1NC(=O)c1cc2ccccc2o1,0.34034786
ZINC_250K_6487,Cc1cc(-n2cncn2)ccc1C(=O)Nc1ncnc2oc(C)c(C)c12,0.34034783
ZINC_250K_6430,COc1ccc(OC)c(CCNC(=O)c2csnn2)c1,0.3403478
ZINC_250K_872,COC[C@H](NC(=O)Nc1cn[nH]c1)c1ccc(F)c(F)c1,0.3403478
ZINC_250K_2263,CCOC(=O)[C@@H]1C(=O)N=C(N2CCCCC2)N[C@H]1c1ccco1,0.3403478
ZINC_250K_6310,Cc1ccccc1Cn1nc(NC(=O)c2nc3ncccn3n2)cc1C,0.34034768
ZINC_250K_3893,Cc1cnc(C(=O)Nc2ccc(F)c([N+](=O)[O-])c2)cn1,0.3403476
ZINC_250K_3278,CCNC(=O)c1ccc(Cl)cc1NC(=O)c1cc(C(C)C)nn1CC,0.34034753
ZINC_250K_4652,O=C(CSc1ccc(Cl)cc1)NNC(=O)Nc1ccc(F)cc1F,0.34034753
ZINC_250K_5840,CC(=O)N1CCN(c2c(Cl)cccc2[C@@H]2C[C@H](C(=O)[O-])CC2=O)CC1,0.34034747
ZINC_250K_4556,Cc1cc(C)c(CNC(=O)CC2CC[NH+](C(C)C)CC2)cn1,0.34034747
ZINC_250K_6860,C[C@@H](C(=O)N(C)CC(=O)NC1CC1)[NH+](C)Cc1ccc(F)c(F)c1,0.34034744
ZINC_250K_2051,O=C(Cc1csc(-c2ccoc2)n1)N[C@H](c1ccccc1)C1CCC1,0.3403474
ZINC_250K_5813,CCSc1nc2c(c(=O)n1-c1ccc(OC)cc1)S[C@H](C)C2,0.34034738
ZINC_250K_8401,COC(=O)C[C@H](NC(=O)c1ccc2[nH]c(C)c(C)c2c1)C1CC1,0.34034735
ZINC_250K_4082,O=S(=O)([N-]c1cccc(-c2cn[nH]c2)c1)c1c[nH]c2ncccc12,0.34034732
ZINC_250K_2600,CC(C)c1noc(-c2ccc(N3CCCC[C@H]3CC(N)=O)nc2)n1,0.3403473
ZINC_250K_706,CN(C)C(=O)CCCNC(=O)c1ccnc(OC(C)(C)C)c1,0.34034726
ZINC_250K_1401,COc1cc(/C=C/c2cc(C(=O)[O-])c3ccccc3n2)ccc1OCC(=O)[O-],0.34034726
ZINC_250K_1026,O=C(OCCOc1cccc(Br)c1)c1cc(=O)c2ccccc2o1,0.34034726
ZINC_250K_9100,CC(C)[C@@H](NC(=O)CN1C(=O)N[C@@](C)(C2CC2)C1=O)c1ccc(F)cc1,0.34034726
ZINC_250K_6368,COc1ccccc1NC(=O)[C@H](Sc1nc(C)cc(N)n1)C(C)C,0.34034726
ZINC_250K_5483,Cc1cc2ccccc2nc1SCC(=O)Nc1ccc2c(c1)OCCO2,0.34034723
ZINC_250K_8339,Cc1cc(C)n(-c2cccc(NC(=O)/C=C/c3ccc(C(N)=O)cc3)c2)n1,0.34034723
ZINC_250K_267,Cc1nc(C(C)(C)C)[nH]c(=O)c1C(=O)Nc1cccc(Cl)c1C,0.34034723
ZINC_250K_668,Cn1cc(C(=O)Nc2ccc(-n3ccnn3)cc2)c(C(C)(C)C)n1,0.3403472
ZINC_250K_6896,Cc1nn(CC(C)C)c(Cl)c1CN1CCN(Cc2ccc(C#N)cc2)C(=O)C1,0.3403472
ZINC_250K_5010,CCc1ccc(S(=O)(=O)N2CCC3(CC2)N=C(c2ccc(C)c(C)c2)C(=O)N3)cc1,0.3403472
ZINC_250K_3232,Cc1ccc([C@H]2CN(C(=O)c3ccc(Cl)cc3)CCO2)nc1,0.34034714
ZINC_250K_5325,CC[C@@H](C)[C@H](C)NC(=O)Nc1ccccc1-n1nc(C)nc1C,0.34034714
ZINC_250K_3383,CCc1cc(NC(=O)c2cnn(C(C)C)c2C(F)(F)F)[nH]n1,0.34034714
ZINC_250K_3151,Cc1ccccc1S(=O)(=O)Nc1cccc(CCc2nc3ccccc3n2C)c1,0.34034714
ZINC_250K_289,Cc1ccc(C)c2nc3sc(C(=O)Nc4ccc5c(c4)OCO5)c(N)c3cc12,0.3403471
ZINC_250K_5429,Cc1nc(-c2cccc(OC(=O)Cc3csc(-c4cccs4)n3)c2)no1,0.34034708
ZINC_250K_7706,COc1ccc(CNC(=O)Cc2csc(C)n2)cc1OC,0.34034708
ZINC_250K_4862,COc1ccccc1[C@H]1CCN(C(=O)c2c(O)cccc2O)C1,0.34034705
ZINC_250K_5832,Cc1cccc(CNc2ncnc3c2cnn3-c2ccccn2)c1,0.34034702
ZINC_250K_7289,Cc1nn(-c2ccccc2)c2c1[C@H](c1ccccc1Cl)C(C(N)=O)=C(N)O2,0.34034702
ZINC_250K_10257,CCC(=O)Nc1ccc(Nc2nc3cc(C)nn3c3ccccc23)cc1,0.34034702
ZINC_250K_3813,COc1cccc(Nc2nc(-c3ccc4c(c3)OCO4)cs2)c1,0.34034696
ZINC_250K_2783,COC(=O)c1c(NC(=O)c2cccc(OC)c2)sc(C(=O)NC(C)C)c1C,0.34034696
ZINC_250K_8140,Cc1ccc(NC(=O)[C@@H](Sc2nnc(-c3cccnc3)n2N)c2ccccc2)cc1,0.3403469
ZINC_250K_168,Cc1ccccc1N1C(=O)/C(=C/c2cccn2-c2cccc([N+](=O)[O-])c2)C([O-])=NC1=S,0.3403469
ZINC_250K_10198,CCC1CCC2(CC1)NC(=O)N(CC(=O)N1CCN(c3ccccc3)CC1)C2=O,0.34034687
ZINC_250K_2996,C=CCNC(=O)c1ccc(NS(=O)(=O)c2cc(Cl)ccc2Cl)cc1,0.34034687
ZINC_250K_1855,Cc1nc(Br)ccc1NC(=O)C(=O)N1C[C@H](C)C[C@@H](C)C1,0.3403468
ZINC_250K_3404,Cc1noc2ncc(NC(=O)c3ccc(F)c(Br)c3)cc12,0.3403468
ZINC_250K_8930,Cc1cc(NC(=O)NNc2ccc(Cl)nn2)c2ncccc2c1,0.3403468
ZINC_250K_3031,O=C(Nc1cncc2ccccc12)N[C@@H]1CCCc2occc21,0.34034675
ZINC_250K_8914,CC(C)CCN(CCC#N)C(=O)Nc1ccc(Cl)cc1F,0.34034672
ZINC_250K_4627,COc1ccc(-c2n[nH]c(NC(=O)c3cccc(C(F)(F)F)c3)n2)cc1,0.3403467
ZINC_250K_7920,C[C@@H](CC(=O)N(C)Cc1nnc(C2CC2)n1C)Cc1ccc(Cl)cc1,0.34034663
ZINC_250K_1095,CS(=O)(=O)N1CCC(NC(=O)c2ccc(C(F)(F)F)nc2)CC1,0.34034663
ZINC_250K_1381,Cc1cc([C@](C)(O)CNC(=O)[C@H]2CCCN2C(=O)CC(C)(C)C)c(C)o1,0.3403466
ZINC_250K_8484,CC(=O)Nc1ccc(C)cc1NCC(=O)NCC1CCCCC1,0.34034657
ZINC_250K_9962,Cn1ccnc1S(=O)(=O)CC(=O)N1CCC[C@H]1c1cccs1,0.34034657
ZINC_250K_69,COc1cc(S(=O)(=O)N2CCN=C2Cc2ccccc2)ccc1Cl,0.34034654
ZINC_250K_1057,CC[C@@H](NC(=O)NCc1ccccc1C)c1nc(C(F)(F)F)cs1,0.34034652
ZINC_250K_7563,C[C@@H]1CC[C@@H](C)[NH+]1CCN1CCN(Cc2cnc(-c3ccccn3)s2)CC1,0.3403465
ZINC_250K_4591,Cc1[nH]c2ccccc2c1SCCNC(=O)Cc1ccc(F)cc1,0.34034646
ZINC_250K_2931,O=C(c1ccccc1SC[C@H]1CCCO1)N1CCN([C@@H]2CCS(=O)(=O)C2)CC1,0.3403464
ZINC_250K_1690,Cc1nc2ccccc2n1CC/[NH+]=C(/N)NC1CCCCCC1,0.3403464
ZINC_250K_2614,COc1cccc(Oc2ccc(NC(=O)c3ccncc3Cl)cc2)c1,0.34034637
ZINC_250K_455,COC(=O)c1cccc(C(=O)N2C[C@@H](c3ccc(F)cc3)C[C@H]2C)c1,0.34034637
ZINC_250K_9190,COc1ccc(C[NH2+][C@@H]2CS(=O)(=O)C[C@H]2O)cc1OCc1ccc(C)cc1,0.34034637
ZINC_250K_8791,CC[C@@H]1COCCN1c1nc(C(F)(F)F)ccc1C(=O)[O-],0.34034634
ZINC_250K_4967,CNc1ccccc1C(=O)N1CCN2C(=O)NC[C@H]2C1,0.3403463
ZINC_250K_5289,CN(Cc1ccccc1)C(=O)CCNc1ncnc2nc(N)ccc12,0.34034628
ZINC_250K_2420,COc1ccc(OC)c([C@H]2OC(COc3ccc4c(c3)OCO4)=NN2C(C)=O)c1,0.34034625
ZINC_250K_7312,CC(C)(C)OC(=O)N1CCC[C@H]([NH2+]Cc2cnc(C3CC3)s2)C1,0.34034625
ZINC_250K_4643,Cc1cc(C(=O)Nc2ccccc2-n2ccc(C(N)=O)n2)c(C)o1,0.34034625
ZINC_250K_4019,C#CCN1CCN(C(=O)NC[C@@H](C)N2CCc3ccccc32)CC1,0.3403462
ZINC_250K_2003,O=C(CCCn1cncn1)N1CCC[C@@H](N2CCNC2=O)C1,0.34034613
ZINC_250K_7368,Cc1cc(S(=O)(=O)N2CCN(c3ccc(-n4ccnc4C)nn3)CC2)c(Cl)cc1Cl,0.34034613
ZINC_250K_1694,Cc1cc(C)c2c(n1)oc1c(N3CC[NH+](CC(N)=O)CC3)ncnc12,0.34034613
ZINC_250K_8016,CC(C)(C)C(=O)Nc1ccc2c(c1)N(S(=O)(=O)c1ccccc1)CCC2,0.34034613
ZINC_250K_9105,CN(C[C@@H]1CN(C[C@](C)(O)c2ccccc2)CCO1)c1cccn[nH+]1,0.3403461
ZINC_250K_9730,COc1ccc([C@H](NC(=O)Nc2c(C)cccc2C(C)C)C2CCOCC2)cc1,0.3403461
ZINC_250K_7182,NS(=O)(=O)c1ccc(Cl)c(C(=O)NCc2ccco2)c1,0.34034607
ZINC_250K_542,CCOC(=O)C1=C(c2ccccc2)Nc2ncnn2[C@H]1c1ccc(SC)cc1,0.34034604
ZINC_250K_3975,CCOc1cccc(NC(=O)/C(C#N)=C/[C@H]2C=c3ccccc3=[NH+]2)c1,0.34034598
ZINC_250K_5094,C[C@H](Cc1ccccc1F)NC(=O)C(=O)Nc1ccc(Cl)cc1F,0.34034598
ZINC_250K_3724,C[C@@H](Sc1nnc(-c2c[nH]c3ccccc23)n1C1CC1)c1ccccc1,0.34034592
ZINC_250K_1478,Cc1cc(O)c(C(C)C)cc1[N-]S(=O)(=O)c1c[nH]c2ncccc12,0.34034592
ZINC_250K_9643,CSc1ccc(S(=O)(=O)Nc2cccc(C)c2)cc1C(=O)N1CCCC1,0.34034592
ZINC_250K_4848,Cc1nc2cc(F)ccc2cc1C(=O)OCc1ccc(C#N)cc1,0.34034592
ZINC_250K_5734,C[C@H](COc1ccc(C(C)(C)C)cc1)NC(=O)[C@H]1CCC(=O)N1,0.3403459
ZINC_250K_8223,Cc1cc(OC(F)F)c(C(=O)Nc2nccn(C)c2=O)s1,0.34034586
ZINC_250K_495,C[C@H](C(=O)N1CCOCC1)[NH+]1CCN(Cc2ccc3c(c2)OCO3)CC1,0.34034583
ZINC_250K_2627,C[C@@H]1[C@@H](C)CCC[C@H]1NC(=O)CSc1nnc(-c2cccnc2)n1N,0.3403458
ZINC_250K_10119,COCCOc1ccc(NC(=O)c2nc(C)n[nH]2)cc1,0.3403458
ZINC_250K_928,COc1cc(-c2ccno2)ccc1S(=O)(=O)NCc1ccco1,0.3403458
ZINC_250K_4893,O=C(Cc1ccc(N(Cc2ccccc2)C(=O)/C=C/c2ccccc2)cc1)N1CCOCC1,0.3403458
ZINC_250K_3156,C[C@H](OC(=O)C1CCN(C(=O)C(C)(C)C)CC1)C(=O)Nc1ccc2c(c1)OCO2,0.34034574
ZINC_250K_622,CCN(Cc1ccccc1)C(=O)c1cc(NC(=O)Cc2ccccc2)n(C)n1,0.34034574
ZINC_250K_5802,CC(C)N1C(=O)NC(=O)/C(=C/c2cc([N+](=O)[O-])ccc2N2CC[NH2+]CC2)C1=O,0.34034568
ZINC_250K_2584,CCn1cnnc1CNC(=O)NC[C@H](O)c1ccccc1OC,0.34034565
ZINC_250K_2130,Cc1cccc(N(Cc2cc3cccc(C)c3[nH]c2=O)C(=O)c2ccncc2)c1C,0.34034565
ZINC_250K_5791,COC(=O)C1=C(N)Oc2c(c(=O)oc3ccccc23)[C@@H]1c1cccc(Cl)c1,0.34034565
ZINC_250K_6844,CN1CCN(C(=O)c2cn(C3CCCC3)c(=O)c3c2c2ccccc2n3C)CC1,0.34034565
ZINC_250K_6021,Cc1ccc(N(Cc2cc3ccc(C)cc3[nH]c2=O)C(=O)c2ccco2)cc1,0.34034562
ZINC_250K_172,Cc1cccc(C2=CCN(C(=O)Nc3ccc(C(N)=O)c(Cl)c3)CC2)c1,0.34034562
ZINC_250K_5488,CC(C)(C)OC(=O)N1CC(=CC(=O)NCc2cccc3cccnc23)C1,0.34034562
ZINC_250K_1994,O=C(Cc1csc(-c2ccsc2)n1)Nc1ccccc1F,0.34034562
ZINC_250K_547,CC[C@@H](Oc1ccccc1OC)C(=O)NCc1ccccn1,0.34034562
ZINC_250K_5292,COc1ccc(S(=O)(=O)N2CCOc3ccccc32)cc1C(N)=O,0.34034562
ZINC_250K_3464,COc1ccc2c(c1)C[C@@H](C(=O)N1CC[S@@](=O)C(C)(C)C1)CO2,0.3403456
ZINC_250K_9375,CC(=O)N1C=Cc2ccccc2[C@H]1CC(=O)OCc1cc(=O)n2cc(C)ccc2n1,0.34034556
ZINC_250K_1444,CC(=O)NCCC[NH2+][C@@H](c1ccccc1F)C1CCCC1,0.34034547
ZINC_250K_6157,CCNc1nnc(S[C@@H](C(=O)Nc2cc(C)ccc2C)C(C)C)s1,0.34034547
ZINC_250K_6247,Cc1ccccc1COC1CCN(C(=O)[C@H](C)c2ccsc2)CC1,0.34034547
ZINC_250K_8719,CC[C@@H](C)NC(=O)NCCOc1ncc(C(F)(F)F)cc1Cl,0.3403454
ZINC_250K_10477,C[C@H](Cc1ccc(O)cc1)NC(=O)N[C@@H]1CC(=O)N(C2CC2)C1,0.3403454
ZINC_250K_6957,O=C(Nc1cc(-c2ccccc2)on1)N1CCO[C@H](c2ccccc2F)C1,0.3403454
ZINC_250K_9735,Cc1cccc(-c2cccc(CNC(=O)CCc3ccccn3)c2)c1,0.3403454
ZINC_250K_6055,CCOC(=O)[C@@](C)(NC(=O)c1cnn2cc(Br)cnc12)C(C)C,0.34034538
ZINC_250K_5670,Cc1cc(CN2CCN(S(=O)(=O)c3cccc(-n4cnnn4)c3)CC2)no1,0.34034538
ZINC_250K_4025,Cc1cc(N(CCC#N)C(=O)CN(C)[C@H](C)c2ccncc2)ccc1Cl,0.34034535
ZINC_250K_606,COc1ccc(C)cc1[C@@H](C)NC[C@@H]1CN(C2CC2)CCO1,0.34034535
ZINC_250K_2528,COc1cccc(CNc2nnnn2C)c1OCc1ccc(Cl)cc1,0.34034535
ZINC_250K_6318,Cc1cccc(NC(=O)c2ccc(N3C(=O)[C@H]4CCCC[C@H]4C3=O)cc2)c1C,0.34034535
ZINC_250K_4279,COCC1CC[NH+](Cc2c(C)nn(-c3ccc(F)cc3)c2Cl)CC1,0.34034535
ZINC_250K_1176,C=C1c2ccccc2C(=O)N1CC(=O)Nc1cccc(C(=O)NCCC)c1,0.3403453
ZINC_250K_1791,Cc1cc(C)n(-c2ccc(CNC(=O)N[C@H]3CCC[C@@H]3C(N)=O)cn2)n1,0.3403453
ZINC_250K_8194,Cc1cccc(NC(=O)CN(C)C(=O)Cc2ccccc2[N+](=O)[O-])c1C,0.34034526
ZINC_250K_987,C[NH+]1CCC(N[C@@H]2CC(=O)N(CCc3cccc(Cl)c3)C2)CC1,0.34034523
ZINC_250K_9705,Cc1ccc(OCC(=O)O[C@H](C)[C@H]2CCOC2)c(C)c1,0.3403452
ZINC_250K_10237,CC(C)n1c(CCNC(=O)c2cc(F)cc3[nH]cnc23)n[nH]c1=S,0.3403452
ZINC_250K_6559,CCC[C@@H](C)N1C[C@@H](C(=O)NCc2ccccc2)CC1=O,0.3403452
ZINC_250K_9066,CCCc1cc(NC(=O)N[C@@H]2CCC[C@H](C(F)(F)F)C2)n(C)n1,0.3403452
ZINC_250K_9314,Cc1ccc(CCCC(=O)NCCn2cnnc2C)s1,0.3403452
ZINC_250K_2278,O=C(Cc1ccc(NC(=O)c2ccc3ncsc3c2)cc1)NCC(F)(F)F,0.34034517
ZINC_250K_5263,CC[NH+]1CCC(NC(=O)C[NH+](C)CC(=O)Nc2ccccc2Cl)CC1,0.34034514
ZINC_250K_8068,CC[C@@H](Oc1cccc(/C=C2/SC(=O)N(c3cccc(OC)c3)C2=O)c1)C(=O)[O-],0.34034514
ZINC_250K_479,Cc1ccc(OCC(=O)NC(=S)NC[C@H]2CCCO2)cc1,0.3403451
ZINC_250K_7803,Cc1nn(CC(C)C)c(C)c1CCC(=O)N(C)C[C@H]1COc2ccccc2O1,0.34034508
ZINC_250K_8986,Cc1nc2cc(NC(=O)C(=O)NC[C@@H](C)c3ccsc3)ccc2n1C,0.34034503
ZINC_250K_2721,C[C@H]1COc2ccccc2N1CC(=O)N(C)CC(=O)NC(C)(C)C,0.34034503
ZINC_250K_2381,COc1cc(C(=O)Nc2nccs2)ccc1OCCC(C)C,0.340345
ZINC_250K_8066,O=C(Cc1cccs1)N(CC1CC1)c1ccc(Cl)c([N+](=O)[O-])c1,0.340345
ZINC_250K_7694,COc1ccc(C(=O)NNC(=O)c2ccc(Cn3nnc(-c4ccccc4)n3)cc2)cc1,0.340345
ZINC_250K_6571,CN1CCN(C(=O)Nc2ccc[nH+]c2N2CCCC2)[C@@H](c2ccccc2)C1,0.34034497
ZINC_250K_3860,O=C(Nc1cc(N2CCOCC2)ncn1)c1ccsc1,0.34034494
ZINC_250K_10200,N#Cc1ccc(F)c(CN[C@H]2CCOc3c(Cl)cccc32)c1,0.34034494
ZINC_250K_6523,Cc1cccc2c(CCC(=O)N(C)C[C@@H](O)C3CC3)c[nH]c12,0.34034488
ZINC_250K_335,Fc1ccc(F)c(C[NH+]2CCC(n3cc(-c4cccnc4)nn3)CC2)c1F,0.34034488
ZINC_250K_6421,CC[NH+](CC)C[C@H]1CCN(c2ncnc3ccc(F)cc23)C1,0.34034488
ZINC_250K_5523,CC(C)[C@H](CNC(=O)N1CC[C@@H]([N+]2=CCCC2)C1)N1CCOCC1,0.34034488
ZINC_250K_5550,COc1ccc(CCN(CC2CC[NH+](C)CC2)C(=O)c2scnc2C)cc1,0.34034488
ZINC_250K_5164,CC1=CN2N=C(C(=O)N3CCC[C@H](c4cc(=O)[nH]cn4)C3)[C@@H](Cl)[C@@H]2N=C1,0.34034488
ZINC_250K_2078,COc1cc(-c2cccs2)cc2c1OCCN(Cc1cccn1-c1nccs1)C2,0.34034485
ZINC_250K_8054,Cc1cccc(-c2nc(CC(=O)NC3(C#N)CCCCC3)cs2)c1,0.34034476
ZINC_250K_8640,C[C@H]1CCN(C(=O)NC2CC[NH+](CCc3ccncc3)CC2)C[C@H]1O,0.34034473
ZINC_250K_965,Cc1ccccc1[C@@H]1C[C@H](C)N(C(=O)[C@@H](C)Sc2ccccn2)C1,0.3403447
ZINC_250K_1896,CCOC(=O)c1cc(C)sc1NC(=O)Cn1c(=O)oc2ccccc21,0.3403447
ZINC_250K_3072,Cc1cccc(OCCNc2ccc(C#N)c(N)c2)c1,0.34034467
ZINC_250K_3000,CCCCN1C(=O)[C@@H]2[C@H](CCC(=O)[O-])N[C@]3(C(=O)Nc4c(CC)cccc43)[C@@H]2C1=O,0.34034464
ZINC_250K_8874,COCc1ccccc1NC(=O)NC[C@@H](O)c1ccc2ccccc2c1,0.34034464
ZINC_250K_1811,Cc1ccc(-c2ccncc2)cc1NC(=O)C(=O)N[C@H]1CC[C@@H]([NH+](C)C)C1,0.34034464
ZINC_250K_3136,CC[C@@H](C)C(=O)Nc1cccc(CNC(=O)C[NH+]2CCCCCC2)c1,0.34034464
ZINC_250K_5708,CC[S@](=O)[C@@H]1CCC[C@H](NC(=O)N2C[C@H](C)c3ccccc32)C1,0.3403446
ZINC_250K_6992,COc1ccccc1/C=C/C(=O)NC(=S)Nc1cccc(Cl)c1C,0.3403446
ZINC_250K_7853,CSc1nc2nc(C)c(CC(=O)NCc3ccccc3Oc3ccccc3)c(C)n2n1,0.34034452
ZINC_250K_1421,CCNc1nc2c(s1)[C@@H](c1ccc(Cl)c(Cl)c1)CC(=O)N2,0.3403445
ZINC_250K_2496,COCCC[C@@]1(C(=O)[O-])CCCN(C(=O)c2sccc2C)C1,0.34034437
ZINC_250K_5745,C/C=C(/C)C(=O)Nc1cnc2c(c1)CN(C(=O)OC(C)(C)C)CC2,0.3403443
ZINC_250K_7625,Cc1cccn2cc(-c3ccc(NC(=O)C(=O)NCc4cccs4)cc3)nc12,0.3403443
ZINC_250K_7697,CS(=O)(=O)NC[C@@]1(O)CCC[NH+](Cc2c[nH]nc2-c2ccccc2)CC1,0.3403443
ZINC_250K_7899,C[C@@H]1CCC[C@@H](OCC(=O)NNc2ccc(-c3ccccc3)nn2)C1,0.34034425
ZINC_250K_9001,Cc1ccc(-c2cc(C(=O)NNC(=O)N[C@H]3CC[C@@H]([NH+](C)C)C3)[nH]n2)cc1,0.34034425
ZINC_250K_7334,CCN(Cc1cccc(NC(=O)[C@H](C)c2ccc3ccccc3c2)c1)C(C)=O,0.34034425
ZINC_250K_5078,COc1ccccc1[C@@H](NCc1ccc(C)c([N+](=O)[O-])c1)c1[nH+]ccn1C,0.34034425
ZINC_250K_2163,COc1ccc(F)c(NC(=O)C(=O)NC[C@H](O)c2ccco2)c1,0.34034422
ZINC_250K_2854,Cc1cc(C)c(C)c(S(=O)(=O)/N=C(\[O-])Cn2c(=O)cnc3ccccc32)c1C,0.34034422
ZINC_250K_4020,O=C(OCc1cn2ccccc2n1)c1ccc(Cn2nnc3ccccc32)cc1,0.34034416
ZINC_250K_9856,CC1CC[NH+]([C@H](CNC(=O)CCc2nc3ccccc3s2)c2cccs2)CC1,0.34034416
ZINC_250K_7194,CCCNC(=O)NCC(=O)N1CCC(Cc2ccccc2)CC1,0.3403441
ZINC_250K_2821,C#CCN(C(=O)Nc1cc(Cl)ccc1Cl)[C@H]1CCS(=O)(=O)C1,0.3403441
ZINC_250K_9607,COC[C@@H](NC(=O)c1ccccc1C(F)(F)F)c1ccc(F)c(F)c1,0.3403441
ZINC_250K_6623,Cc1nn(C)cc1-c1cncn1Cc1ccc2c(c1)CCCO2,0.34034404
ZINC_250K_6144,C[C@H](CN1CCCC1=O)NC(=O)Cc1ccc(Br)s1,0.34034404
ZINC_250K_624,O=C(Cc1csc(NC(=O)Nc2ccc(Cl)cc2)n1)NCCc1ccc(Cl)cc1,0.34034404
ZINC_250K_1158,CC(C)[NH+]1CCC(N2CCN(CC3=c4ccccc4=[NH+]C3)C[C@@H]2CCO)CC1,0.340344
ZINC_250K_443,CC(=O)C1=C([O-])C(=O)N(CCC2=c3ccccc3=[NH+][C@H]2C)[C@H]1c1ccccc1F,0.34034398
ZINC_250K_57,COc1ccccc1NC(=O)CSc1ccc(-c2ccccc2OC)nn1,0.34034398
ZINC_250K_9634,C[C@@]1(c2cccc3ccccc23)NC(=O)N(CC(=O)c2ccc3c(c2)OCO3)C1=O,0.34034395
ZINC_250K_2516,O=C(N[C@H](c1ccccc1F)C1CCCC1)N1CCC(CO)CC1,0.3403439
ZINC_250K_8239,Cc1ncsc1C(=O)NCc1cccc(F)c1,0.3403439
ZINC_250K_4867,CCOc1cc(C)ccc1NC(=O)c1cccnc1,0.34034386
ZINC_250K_2254,CN(Cc1ccc(Cl)nc1)C(=O)CCc1nnc(-c2ccsc2)o1,0.34034374
ZINC_250K_10473,C[C@]1(c2cc(F)ccc2F)NC(=O)N(C[C@H]2CCCCO2)C1=O,0.3403437
ZINC_250K_2701,CCOC(=O)C1CCN(C(=O)c2cc3ccc(Cl)cc3n2C)CC1,0.3403437
ZINC_250K_9836,COc1ccc(F)c(NC(=O)[C@@H](C)NC(=O)c2ccco2)c1,0.34034362
ZINC_250K_3587,C[C@H]([C@@H](C)c1ccc(Cl)cc1)N(C)C(=O)c1cc(C2CC2)[nH]n1,0.34034353
ZINC_250K_6228,CCc1nnc2ccc(N3CCN(S(=O)(=O)c4ccc(OC)c(F)c4)CC3)nn12,0.34034348
ZINC_250K_1297,Cc1cc(=O)n(C)cc1NC(=O)[C@H](C)Oc1ccc(F)c(F)c1,0.34034348
ZINC_250K_4452,Cc1ccccc1C(=O)N[C@H](C(=O)N1CCC(c2nc3ccccc3s2)CC1)C(C)C,0.34034345
ZINC_250K_4615,CO[C@@H]1CC[C@@H]2OCCN(CCN3CCCc4ccccc43)[C@@H]2C1,0.34034345
ZINC_250K_774,O=C(CSc1ccncc1)NCCN1Cc2ccccc2O[C@@H](c2ccccc2)C1,0.34034345
ZINC_250K_358,Cc1noc(C)c1CCCNC(=O)N[C@H]1CC(=O)N(C2CC2)C1,0.3403434
ZINC_250K_6323,CC(C)OC(=O)[C@]1(C#N)[C@@H]2C=CC(C(N)=O)=CN2[C@H](C(N)=O)[C@@H]1c1ccccc1C(F)(F)F,0.3403434
ZINC_250K_7508,Cc1ccc(-c2nc3nc(C)c(CC(=O)Nc4cccc(C)c4C)c(C)n3n2)cc1,0.34034336
ZINC_250K_205,Cc1ccc(CNC(=O)NCc2nnc3n2CCC3)s1,0.34034333
ZINC_250K_4200,Cc1noc(C)c1CSc1ncccc1C(=O)N[C@H](C)Cc1ccc(Cl)cc1,0.34034333
ZINC_250K_2987,Cc1nc2ccc(C(=O)Oc3ccc(NC(=O)C4CC4)cc3)cc2nc1C,0.34034324
ZINC_250K_1752,O=C(Nc1ccc2ncccc2c1)[C@@H]1CCCC[C@@H]1C(F)(F)F,0.34034318
ZINC_250K_9338,CC[C@@H](C)C[C@@H](C)NC(=O)N1CCC(NC(=O)c2ccccc2)CC1,0.34034315
ZINC_250K_3179,CC[C@H](C)[NH+](C)CCNC(=O)c1ccc2c(c1)nc(C)n2C,0.34034315
ZINC_250K_4508,CCCC(=O)N1CCN(c2ccc(Nc3ccc(C)cc3)nn2)CC1,0.34034315
ZINC_250K_6451,O=C(OCCCc1nc2ccccc2s1)C1CCN(c2nc3ccccc3o2)CC1,0.34034315
ZINC_250K_1048,C[C@H](c1cccc(F)c1)N1CCN(C(=O)C[C@H]2CCOc3ccccc32)CC1,0.34034315
ZINC_250K_3511,COc1ccc(NS(=O)(=O)c2cn(C)nc2C)c(OC)c1,0.34034312
ZINC_250K_6970,NC(=O)c1ccc(NC(=O)c2cccc(NC(=O)c3ccc(Br)o3)c2)nn1,0.34034312
ZINC_250K_7797,O=C(NC1CC[NH+](CC2(O)CCCCC2)CC1)c1nc2ccccc2s1,0.34034312
ZINC_250K_2077,COc1ccc(C)cc1[C@@H](C)NC(=O)C(=O)Nc1ccc(F)c(Cl)c1,0.34034306
ZINC_250K_6284,CC[C@H]1CCCCN1C(=O)Cc1c[nH]c2ccc(OC)cc12,0.34034306
ZINC_250K_8368,CC(C)[C@H](NC(=O)[C@@H]1CC(=O)N(Cc2ccco2)C1)c1cccs1,0.34034303
ZINC_250K_8508,Cc1c(N2CCN(C(=O)c3ccc(Cl)cc3)CC2)c(=O)n(C)c(=O)n1-c1ccccc1,0.340343
ZINC_250K_5760,COc1cccc(C(=O)N[C@H](c2ccco2)c2c(O)ccc3ccccc23)c1,0.340343
ZINC_250K_3122,CCc1ccc(N([C@H](C)C(=O)NCc2cccnc2)S(C)(=O)=O)cc1,0.340343
ZINC_250K_1875,Cc1cccc(CN2c3ccccc3C(=O)/C(=C\Nc3cc(C)cc(C)c3)S2(=O)=O)c1,0.34034297
ZINC_250K_1040,COc1ccc(-c2cc(C(=O)N3CCC(O)(Cn4cc[nH+]c4)CC3)[nH]n2)cc1,0.34034297
ZINC_250K_2013,C#CCCCCNC(=O)[C@H]1COc2ccc(F)cc2C1,0.34034297
ZINC_250K_9669,O=C1CC[C@]2(CCOC2)CN1C1CC[NH+](Cc2cccnc2)CC1,0.34034294
ZINC_250K_4756,CCc1nc2n(n1)CCC[C@@H]2NC(=O)N[C@@H](c1ccccc1)C(C)(C)C,0.34034294
ZINC_250K_5448,O=C(Nc1c(C(=O)N2CCOCC2)cnn1-c1ccccc1)c1cccs1,0.3403429
ZINC_250K_6739,Cc1cc(O)c(C2=NN=C(C(=O)N[C@H]3Nc4ccc(F)cc4S3)C2)cc1C,0.34034288
ZINC_250K_2346,COC[C@](C)(NC(=O)NCc1cc(=O)[nH]c2ccccc12)c1ccccc1,0.34034288
ZINC_250K_3586,Cc1nc(-c2cccc(C(=O)N3C[C@@H]4C[NH+]5CCCC[C@@H]5[C@@H]4C3)c2)n[nH]1,0.34034282
ZINC_250K_6880,Cc1noc(C)c1CN(C)C(=O)NC[C@H]1CN2CCC[C@@H]2CO1,0.34034276
ZINC_250K_464,CCOc1ccc(S(=O)(=O)N2CCC(c3nnc(C4CC4)o3)CC2)cc1,0.34034273
ZINC_250K_6120,CN(Cc1cccnc1)c1ccc(-c2nc(COc3ccccc3)no2)c[nH+]1,0.34034273
ZINC_250K_1105,Cc1ccc(CCNC(=O)c2cc(C)c3c(=O)[nH]c([O-])nc3n2)cc1,0.34034273
ZINC_250K_5294,CCOCC(=O)N1[C@@H]2CC[C@H]1CN(Cc1ccccc1)C2,0.34034273
ZINC_250K_822,O=C(C1CC1)N1CCC[C@H](Cn2cc[nH+]c2-c2cc3n(n2)CC[NH2+]C3)C1,0.34034273
ZINC_250K_2133,Cc1cn2c(=O)c(C(=O)Nc3cnn(-c4ccccc4)c3)cnc2s1,0.34034267
ZINC_250K_5028,CCc1nc(C)ncc1C(=O)Nc1ccc(C(=O)N(C)C)c(C)c1,0.34034264
ZINC_250K_5526,NC(=O)N1CCC[C@H](C(=O)NCc2ccc(C[NH+]3CCCCCCC3)cc2)C1,0.3403426
ZINC_250K_6362,Cc1ccccc1-c1cc(O)c2c(c1)CN(c1nc(-c3ccccc3)no1)CCO2,0.3403426
ZINC_250K_5304,C[C@H](CNC(=O)c1cnc([C@@H]2CCCO2)s1)C[NH+]1CCCC1,0.3403426
ZINC_250K_2690,CCC(CC)NC(=O)[C@H](C)Sc1nnc2n(C)c(=O)c3ccccc3n12,0.34034258
ZINC_250K_3083,CC[NH+]1CCN(Cc2cc(C(=O)NC[C@@H](O)c3ccccc3)no2)CC1,0.34034255
ZINC_250K_865,CCN(C(=O)Cn1nc2n(c1=O)CCCCC2)[C@H]1CCS(=O)(=O)C1,0.34034255
ZINC_250K_4024,COc1ccc([C@@H]2CN(C(=O)Cn3nc4ccccc4n3)C[C@H]2[NH+](C)C)cc1,0.3403425
ZINC_250K_5788,CN(Cc1ccccc1F)C(=O)Nc1ccnn1Cc1ccccn1,0.34034243
ZINC_250K_5943,CC1(C)Cc2c(cnn2-c2ccccc2)[C@@H](NC(=O)NC(C)(C)C)C1,0.34034243
ZINC_250K_7841,C[C@@H](Sc1ncn[nH]1)C(=O)N1CC(=O)Nc2cc(C(F)(F)F)ccc21,0.34034237
ZINC_250K_6763,CCOc1ccc(C(=O)N(Cc2ccc(Br)o2)[C@@H]2CCS(=O)(=O)C2)cc1,0.34034234
ZINC_250K_8910,COC(=O)C1=C(/C=C(\C#N)C2=NC(=O)C3=C(C)[C@H](C)SC3=N2)CCO1,0.34034234
ZINC_250K_1309,CCn1ncc(Br)c1C(=O)N[C@@H]1C(=O)N2C(C(=O)NCC(C)C)=C(C)CS[C@@H]12,0.3403423
ZINC_250K_1655,Cc1nc(C)c(C(=O)Nc2ccc(Oc3ccccc3)cn2)o1,0.3403423
ZINC_250K_10363,CN(C)c1cccc(C(=O)Nc2cc(Cl)ccc2-n2cncn2)c1,0.34034228
ZINC_250K_862,COc1cccc([C@H]2CCCN2C(=O)c2ccccc2I)c1,0.34034228
ZINC_250K_4718,Cc1c[nH]nc1[C@H]1CCCCN1C(=O)c1ccnn1C(C)C,0.34034228
ZINC_250K_3863,O=C(Nc1cccc(Cl)c1)N(Cc1cccnc1)Cc1cccc(F)c1,0.34034225
ZINC_250K_4553,c1cnn(C[C@H]2CN(CCCOc3ccc4c(c3)OCO4)CCO2)c1,0.34034225
ZINC_250K_462,Cn1ncnc1CCNC(=O)[C@H]1C[C@@H]1c1cc(Cl)cc(Cl)c1,0.34034225
ZINC_250K_5397,C[C@@H](NC(=O)C[C@H]1Sc2ccccc2NC1=O)c1cccnc1,0.34034225
ZINC_250K_245,Cc1ccc([C@H](C)NC(=O)CN(C)C(=O)OC(C)(C)C)cc1F,0.34034225
ZINC_250K_5135,COc1ccccc1-c1nnc(S[C@H](C(=O)N2CCCC2)c2ccccc2)o1,0.34034225
ZINC_250K_7610,CC[NH+](CC)CCNc1ncnc2c1sc1[nH+]c(N3CCCC3)c3c(c12)CC(C)(C)OC3,0.34034225
ZINC_250K_10116,Cc1ccc(N2C(SCC(=O)Nc3ccc(Br)cc3)=N[C@@H]3CS(=O)(=O)C[C@H]32)cc1,0.34034222
ZINC_250K_2849,CC1(C)CC[C@H](CNC(=O)N[C@H]2CCOC2)c2ccccc21,0.34034216
ZINC_250K_540,CCOC(=O)C1(NCc2nnc(-c3cc(C)oc3C)o2)CCCC1,0.34034213
ZINC_250K_1153,O=C(Nc1ccc(Cn2cncn2)cc1)c1ccc(-n2cc(Br)cn2)nn1,0.34034213
ZINC_250K_278,COc1cccc(C2=C[C@H](C(=O)N3CCCCC3)N=N2)c1,0.3403421
ZINC_250K_6658,CC[C@@H]1CCCCN1C(=O)C1CCN(S(=O)(=O)c2ccc3c(c2)CCC3)CC1,0.34034204
ZINC_250K_662,CCOc1ccc(F)c(C(=O)OC[C@H]2CCCCO2)c1F,0.34034202
ZINC_250K_6131,Cc1cc(NC(=O)CCSc2nnc(NC3CCCCC3)s2)no1,0.340342
ZINC_250K_10303,CCC(=O)N1c2ncnn2[C@H](c2ccccc2Cl)C[C@H]1c1ccccc1,0.340342
ZINC_250K_4304,COc1ccc(Cc2nc(C)c(CC(=O)[O-])c(=O)[nH]2)cc1OC,0.340342
ZINC_250K_10454,CC[C@H](C#N)Oc1cc(CNc2nnc(C)s2)ccc1OC,0.34034196
ZINC_250K_2405,Nc1ccc(Cl)c(S(=O)(=O)N2CCN3C(=O)NC[C@H]3C2)c1,0.34034196
ZINC_250K_6399,COc1ccc(CN(C)C(=O)C2CCN(C(=O)OC(C)(C)C)CC2)cc1OC,0.34034196
ZINC_250K_7498,CC(C)c1ccc(N(CC(=O)N2CCN(c3cccc[nH+]3)CC2)S(=O)(=O)c2ccccc2)cc1,0.34034193
ZINC_250K_260,COc1ccccc1C[NH+]1CCC[C@H](N2CCCC2=O)C1,0.3403419
ZINC_250K_1659,CCCn1c(SCn2cc([N+](=O)[O-])cn2)nnc1-c1csc(C)c1,0.34034187
ZINC_250K_6672,CNC(=O)c1cc(NC(=O)CCOc2cc(C)cc(C)c2)ccc1Cl,0.34034187
ZINC_250K_7662,Cc1cc(CC(=O)NCc2ccc(NC(=O)c3ccncc3)cc2)no1,0.34034184
ZINC_250K_5474,O=C(NCc1ccccc1F)c1ccc(S(=O)(=O)[C@@H]2CCS(=O)(=O)C2)cc1,0.34034184
ZINC_250K_4430,CN(C)C(=O)Nc1cccc(CNS(=O)(=O)CC2CCC2)c1,0.34034178
ZINC_250K_4201,O=C1NC2=C(C(=O)N(Cc3ccc(F)cc3)C2)[C@H](c2ccccc2F)N1,0.34034178
ZINC_250K_8824,CCOc1ccccc1/C=c1/sc2nc(/C=C/c3ccc(C)cc3)nn2c1=O,0.34034178
ZINC_250K_10082,Cc1ccc(CNC(=O)COc2ccc3ccccc3c2)n1C,0.34034178
ZINC_250K_7900,O=C(c1cccc(/N=C2/N[C@H]3CS(=O)(=O)C[C@H]3S2)c1)N1CC[NH+](C2CCCCC2)CC1,0.34034178
ZINC_250K_2710,Cc1cc(F)ccc1S(=O)(=O)Nc1ccc2oc(C)c(C(=O)[O-])c2c1,0.34034172
ZINC_250K_9268,C[C@@H]1CN(C(=O)CSc2nc3ccccc3o2)C(C)(C)CO1,0.34034172
ZINC_250K_3310,CC[C@H]1CCCN(C(=O)c2cc(C)n(-c3nccs3)c2C)C1,0.34034166
ZINC_250K_3104,C[C@H](c1ccc(F)c(F)c1)N(C)C(=O)/C=C/c1ccc(OCC#N)cc1,0.34034166
ZINC_250K_3159,CCOC(=O)c1c(NC(=O)c2ccc(F)c(F)c2)sc(C)c1C,0.34034166
ZINC_250K_7933,CC[C@H](CNC(=O)c1cn(C)nc1C(C)(C)C)Oc1ccccc1C,0.3403416
ZINC_250K_4974,CC(C)CC[NH+]1Cc2cccc(NC(=O)C(=O)NC[C@@H]3CC=CCC3)c2C1,0.3403416
ZINC_250K_3476,CCOC(=O)c1c(C)[nH]c(C)c1S(=O)(=O)Nc1ccc(C)cc1C,0.34034157
ZINC_250K_47,Cc1[nH]c2ccc(C(=O)Nc3cc(C(C)(C)C)nn3-c3ncccn3)cc2c1C,0.3403415
ZINC_250K_8293,COC(=O)Cc1nc(Nc2ccc(OC)cc2OC)c2c(C)c(C)sc2n1,0.3403415
ZINC_250K_5588,Cc1nc(COc2ccccc2)sc1C(=O)N1CCOCC1,0.3403415
ZINC_250K_3299,COC(=O)c1c(NC(=O)c2cccc(F)c2)sc(C(=O)NC(C)C)c1C,0.3403415
ZINC_250K_4755,O=C([O-])c1cc(C2CC2)nc2c(-c3ccc(Cl)cc3)cnn12,0.34034145
ZINC_250K_3700,CCc1onc(C)c1NC(=O)c1cc2cccc(F)c2o1,0.34034145
ZINC_250K_619,Cc1cccc(C(=O)NCCS(=O)(=O)NCC2CCC2)c1C,0.34034145
ZINC_250K_4037,CN1C(=O)c2cccc3cc(S(=O)(=O)N4CCOCC4)cc(c23)C1=O,0.34034145
ZINC_250K_5716,COC(=O)c1c(C)[nH]c(C(=O)NCC(=O)Nc2ccc(F)c(F)c2F)c1C,0.34034136
ZINC_250K_6630,C[C@H]1CCCCN1C(=O)c1ccc(NC(=O)NCC(=O)N2CCCC2)cc1,0.34034136
ZINC_250K_2094,O=C(/C=C/c1cccc(Cl)c1Cl)Nc1ccc2c(c1)NC(=O)CO2,0.34034136
ZINC_250K_4500,CNS(=O)(=O)CC(=O)N[C@H]1CCCN(c2ccccc2)C1,0.34034133
ZINC_250K_1196,COC(=O)c1sc(NC(=O)Cc2csc(C(C)C)n2)nc1C1CC1,0.34034127
ZINC_250K_209,CCOC(=O)c1cccc(NC(=O)c2cn[nH]c2C)c1,0.34034124
ZINC_250K_6914,CCOC(=O)[C@@]1(Cc2ccccc2)CCC[NH+](Cc2ccc(C#CC(C)(C)O)cc2)C1,0.34034124
ZINC_250K_4393,Cc1ccc(NC(=O)C(=O)NCc2ccc(F)c(C)c2)c(Cl)n1,0.34034124
ZINC_250K_553,COc1ccc(F)cc1NC(=O)c1sccc1S(=O)(=O)N(C)C,0.3403412
ZINC_250K_3246,CC(=O)N[C@@H](Cc1c[nH]c2ccccc12)C(=O)N1CCc2sccc2C1,0.3403412
ZINC_250K_3182,O=C(C(=O)N1CCN(C(=O)c2cc(-c3ccc(F)cc3)nc3ccccc23)CC1)N1CCCC1,0.34034118
ZINC_250K_4811,CN1C(=O)Cc2cc(S(=O)(=O)Nc3ccc(Br)cc3Cl)ccc21,0.34034118
ZINC_250K_213,CC[C@@H](C)NC(=O)c1ccc2c(c1)CCCN2S(C)(=O)=O,0.34034112
ZINC_250K_8961,CCNS(=O)(=O)[C@H]1CCN(C(=O)NCc2nc(C(C)C)cs2)C1,0.3403411
ZINC_250K_1913,CCn1c(=O)n(CC(=O)NCc2ccc(F)c(C)c2)c2ccccc21,0.3403411
ZINC_250K_2260,CC[C@H](C#N)NC(=O)c1ccnc(OC2CCCCC2)c1,0.34034103
ZINC_250K_6954,CC(C)(C)c1ccc(OCC(=O)N[C@@H]2CCC[C@@H](S(C)(=O)=O)C2)cc1,0.340341
ZINC_250K_526,Cc1ccc(S(=O)(=O)N2C(N)=C(C#N)[C@H](c3ccc(Cl)cc3)[C@H]2C(=O)c2ccccc2)cc1,0.340341
ZINC_250K_6003,CCOC(=O)c1ccc(NS(=O)(=O)c2cc(Cl)ccc2Cl)cc1,0.340341
ZINC_250K_757,CC[C@H](c1ccc(F)cc1)N(C)C(=O)Cn1nnc(-c2ccccc2)n1,0.34034094
ZINC_250K_337,CCC[NH+](C)C[C@H]1CCN(C(=O)Nc2cc(NC(C)=O)ccc2C)C1,0.34034094
ZINC_250K_8307,O=C(NC1CCCCC1)c1cccnc1Nc1ccccc1,0.34034094
ZINC_250K_5064,COC[C@@H](O)CN(C)C(=O)c1nc(C2CC2)n2ccccc12,0.34034094
ZINC_250K_971,CCC(=O)N1CCC[C@@H]1c1cc(C(F)(F)F)c2c(=O)n(C)c(=O)n(C)c2n1,0.34034094
ZINC_250K_9292,COC(=O)c1ccc(NC(=O)CSc2ncc(C(F)(F)F)cc2Cl)cc1,0.34034088
ZINC_250K_5020,Cc1cc(O)c(C[NH+]2C[C@@H](C)C[C@H](C)C2)c2c1C(=O)/C(=C\c1ccccc1)O2,0.34034088
ZINC_250K_5106,COCCN1C(=O)C(C#N)=C(C)/C(=C\Nc2ccc(C)c([N+](=O)[O-])c2)C1=O,0.34034085
ZINC_250K_6321,COc1ccc(CCCNC(=O)N[C@@H](C)c2ccccn2)cc1,0.34034085
ZINC_250K_731,Cc1ccc(S(=O)(=O)N2CCC(C(=O)N3CCCc4ccccc43)CC2)cc1C,0.34034085
ZINC_250K_5027,O=C([C@H]1CN(C(=O)C2=CN3CCS(=O)(=O)N=C3C=C2)c2ccccc2O1)N1CCOCC1,0.34034082
ZINC_250K_5930,CN(C(=O)c1cc(NC(=O)OCC(F)(F)F)ccc1O)C1CCC1,0.34034082
ZINC_250K_6998,O=C(Nc1ccc(F)cc1F)c1cc2cccc(Cl)c2o1,0.34034076
ZINC_250K_1763,CCCC(=O)Nc1cccc(CNC(=O)N2CCSCC2)c1,0.34034076
ZINC_250K_7724,O=C(c1cc2ccccc2[nH]1)N1CCN(c2ncccc2F)CC1,0.34034073
ZINC_250K_2650,Cc1cc2nc(N(Cc3ccncc3)C(=O)c3ccc(S(=O)(=O)C(C)C)cc3)sc2cc1C,0.34034073
ZINC_250K_3338,C[C@@H](c1ccco1)N(C)C(=O)c1cn(CC2CCCCC2)nn1,0.34034073
ZINC_250K_1771,CC(C)[C@H](O)CCNC(=O)Nc1ncn(Cc2ccc(C#N)cc2)n1,0.34034073
ZINC_250K_9989,CC1CC[NH+](C[C@H]2CCCN(C(=O)COc3ccc(C#N)cc3)C2)CC1,0.34034073
ZINC_250K_4837,O=C(COc1ccc([N+](=O)[O-])cc1Cl)NC1CCCCCCC1,0.34034067
ZINC_250K_9551,Cc1ccc([C@H](C)NC(=O)N2CCc3cc(F)ccc3C2)s1,0.34034067
ZINC_250K_373,CCN(Cc1ccc(OC)c(OC)c1)C(=O)C[NH+]1CC[C@@H](C)[C@H](O)C1,0.34034067
ZINC_250K_4238,Cc1ncsc1CNC(=O)[C@H](C)CC1CCCC1,0.34034064
ZINC_250K_9012,COc1ccc(NC(=O)[C@@H](C)CC(=O)c2ccccc2F)c(C)c1,0.3403406
ZINC_250K_10120,CC1CC[NH+](Cc2csc(NC(=O)CSCc3ccco3)n2)CC1,0.34034055
ZINC_250K_4677,Cc1ccc(NC(=O)c2cnn(-c3ccccc3)n2)c(F)c1,0.34034055
ZINC_250K_8998,Cc1c(NC(=O)N2CCC[C@@H](C)[C@@H]2CO)cccc1[N+](=O)[O-],0.34034055
ZINC_250K_10225,COc1cc(C)c(NC(=O)C[NH+](C)[C@@H]2CCS(=O)(=O)C2)cc1OC,0.34034052
ZINC_250K_5727,COC(=O)c1c(C)[nH]c(C(=O)NCc2cccc3cccnc23)c1C,0.34034052
ZINC_250K_6913,NC(=O)[C@H]1CC(=O)N(c2cccc(-c3nc4ccccc4s3)c2)C1,0.34034052
ZINC_250K_10408,C[C@H]1C[C@@H]1C(=O)N1CCN(S(=O)(=O)c2cc(F)ccc2F)CC1,0.34034052
ZINC_250K_9503,CC(=O)NCc1ccc(C(=O)N2CCCc3ccc(F)cc32)cc1,0.3403405
ZINC_250K_8113,COc1ccc(OCC(=O)N2CCN(c3nc4c(OC)ccc(OC)c4s3)CC2)cc1,0.34034047
ZINC_250K_5343,O=C(NCCC(=O)N1CCc2ccc(Cl)cc2C1)C1CCCCC1,0.34034047
ZINC_250K_10265,O=C(CCN1C(=O)CCc2ccccc21)NC[C@H]1C[C@@]12CCc1ccccc12,0.34034044
ZINC_250K_5317,CC(=O)NCc1ccc(C(=O)Nc2ccc(C(=O)N3CCC(C)CC3)cc2)s1,0.3403404
ZINC_250K_362,O=C(CN1CCN(Cc2ccc(F)c(F)c2)CC1)c1cccs1,0.3403404
ZINC_250K_8829,Cc1cc(C(=O)NCc2ccoc2)c(C)n1C1CC1,0.3403404
ZINC_250K_3462,O=C(Nc1ccc(Cl)cc1F)N1CCN(c2ccc(F)cc2)CC1,0.34034038
ZINC_250K_35,Cc1ccc(C#N)cc1S(=O)(=O)NCc1ccnc(OC(C)(C)C)c1,0.34034035
ZINC_250K_7773,Cc1cc(C)n(CC(=O)NNC(=O)C2CCC(c3ccccc3)CC2)n1,0.34034035
ZINC_250K_2867,CCOC(=O)c1ccc(CNC(=O)NCC2(C)CCCC2)o1,0.34034035
ZINC_250K_561,C[C@@H](NC(=O)CSc1ccc2c(c1)OCCCO2)c1ccc2ccccc2c1,0.3403403
ZINC_250K_7808,CC[NH+](CC)CC(=O)N1CCc2[nH]c3ccc(C(=O)OC)cc3c2C1,0.34034026
ZINC_250K_7871,COc1cc([C@H]2CC(=O)N3C(=C2C#N)SC[C@]3(O)c2ccc(F)cc2)cc(OC)c1OC,0.34034026
ZINC_250K_1290,CCOC(=O)c1c(C)[nH]c(C(=O)/C(C#N)=C/c2cccc(F)c2)c1C,0.3403402
ZINC_250K_7233,CN(Cc1cnn(C)c1)C(=O)C(=O)Nc1ccccc1Br,0.34034017
ZINC_250K_7157,C[C@@H](Oc1ccccc1C#N)C(=O)NCC1CCCCC1,0.34034017
ZINC_250K_7564,Cn1c(=O)oc2cc(S(=O)(=O)Nc3cccc(S(=O)(=O)N4CCCC4)c3)c(Cl)cc21,0.34034014
ZINC_250K_2105,COc1ccc(Cl)cc1C[C@H]([NH3+])[C@H]1CN2CCC[C@@H]2CO1,0.34034014
ZINC_250K_5023,Cc1ccc(CN(C)C(=O)c2cccc(S(=O)(=O)NCc3cccs3)c2)cc1,0.3403401
ZINC_250K_4665,C[NH+](C)C1(CNC(=O)C2CCN(C(=O)c3ccc(F)cc3)CC2)CCCCCC1,0.3403401
ZINC_250K_9559,CCN(CC)C(=O)c1ccccc1NC(=O)N1CCN(c2ccccc2)CC1,0.34034008
ZINC_250K_424,CCOc1ccc2cc(C(=O)NCc3ccccc3)c(=[NH2+])oc2c1,0.34034008
ZINC_250K_5484,CCOc1ccccc1[C@@H]1Nc2c(ccc([N+](=O)[O-])c2C)[C@H]2C=CC[C@H]21,0.34034008
ZINC_250K_4272,Cc1nc2c(c(C)c1CC(=O)NC[C@H](c1ccccc1)C(C)C)c(=O)[nH]n2C,0.34034005
ZINC_250K_3560,CC[C@@H](C)Sc1nc2c(c(=O)[nH]c(=O)n2C)n1CCCc1ccccc1,0.34034005
ZINC_250K_456,O=C(NCCCn1ncccc1=O)[C@@H]1CC(=O)N(c2ccccc2)C1,0.34034002
ZINC_250K_5293,O=C([C@H]1CCC[NH+](C2CCN(Cc3ccncc3)CC2)C1)N1CCC(F)CC1,0.34034002
ZINC_250K_5666,O=C(NC[C@@H]1C[C@H]1c1ccccc1)Nc1ccn(Cc2ccncc2)n1,0.34033996
ZINC_250K_5667,C[C@@H](c1nnc(SCC(=O)N2CCCC2=O)n1-c1ccc(F)cc1)[NH+]1CCCCC1,0.34033996
ZINC_250K_6216,O=C(Nc1nc2ccccc2[nH]1)c1ccc2c(c1)C(=O)N(c1ccccc1Cl)C2=O,0.34033996
ZINC_250K_5518,O=C(Nc1cccc(Cl)c1)C1CN(S(=O)(=O)C2CC2)C1,0.3403399
ZINC_250K_3787,CCOc1ccc(CN2CC[NH2+][C@H](C(=O)[O-])C2)c(OCC)c1C,0.3403399
ZINC_250K_2591,COC(=O)NCCCC(=O)N1CCC(c2ccc(C(F)(F)F)cc2)CC1,0.34033984
ZINC_250K_4301,C[C@@H](Cc1ccccn1)n1cnc2c(F)cccc2c1=O,0.34033984
ZINC_250K_1538,C[C@@H]1CN(Cc2noc(-c3ccc(F)cc3)n2)CC[C@@H]1[NH3+],0.34033972
ZINC_250K_491,Cc1nc(-n2cccc2)sc1C(=O)Nc1cccc(-c2cn3ccsc3n2)c1,0.3403397
ZINC_250K_3455,C=C(C)Cn1c(=O)c2c(nc3n(-c4ccccc4OC)c(C)cn23)n(C)c1=O,0.3403397
ZINC_250K_6261,O=C(Nc1cccc(Cl)c1-n1cncn1)c1nc[nH]n1,0.3403397
ZINC_250K_7700,CC[C@@H](NC(=O)C[C@H](C)NC(=O)C1CCCC1)c1ccc(C)c(F)c1,0.3403397
ZINC_250K_5218,Cc1ccc(NCC(=O)N/N=C/c2c(C)n(C)c3ccccc23)cc1C,0.3403397
ZINC_250K_379,CCn1c(=O)c(=O)[nH]c2cc(C(=O)NN3C(=O)N[C@](C)(c4ccccc4)C3=O)ccc21,0.34033966
ZINC_250K_7440,COc1cc(CN(C)C(=O)c2oc(C)nc2C)ccc1OC(F)F,0.34033963
ZINC_250K_3108,CS(=O)(=O)c1ccc(Cl)c(NC(=O)/C=C/c2cccc(F)c2)c1,0.34033957
ZINC_250K_5803,N#C/C(=C/c1ccc(-c2ccccc2Cl)o1)C(=O)Nc1nccs1,0.34033957
ZINC_250K_2364,NC(=O)[C@@H]1CCC[C@H]1NC(=O)Nc1cnn(-c2ccccc2F)c1,0.34033957
ZINC_250K_2815,COC(=O)c1ccc(/C=N/Nc2nnc3c(n2)[nH]c2ccc(C)cc23)cc1,0.34033954
ZINC_250K_2908,O=C(Nc1ccccc1-n1cncn1)C1CCN(C(=O)C2CC2)CC1,0.3403395
ZINC_250K_2559,O=C(NCCNS(=O)(=O)c1cccc(Cl)c1)C12CC3CC(CC(C3)C1)C2,0.3403395
ZINC_250K_9629,CS[C@H]1CC[C@@H](NC(=O)c2cc(F)ccc2NC(=O)[C@H]2C[C@@H]2C)C1,0.3403395
ZINC_250K_6812,Cc1nn(Cc2ccccc2)c(Cl)c1C(=O)NCc1ccc(C)n1C,0.3403395
ZINC_250K_7727,O=S(=O)(c1ccc(CNc2ncccn2)s1)N1CCOCC1,0.34033945
ZINC_250K_9489,CCOc1ccc([C@H](C)NS(=O)(=O)c2cccc(Cl)c2)cc1OC,0.34033945
ZINC_250K_2895,Cc1cc(C)c(S(=O)(=O)N2CCOC23CCN(C(=O)c2cccc(F)c2)CC3)c(C)c1,0.34033942
ZINC_250K_7653,COc1ccc(CC[C@H](C)NC(=O)N2C[C@H](C)C[C@@H](C)C2)cc1,0.3403394
ZINC_250K_5835,C[NH+]1CCC(CNC(=O)C(=O)Nc2cccc3cnccc23)CC1,0.3403394
ZINC_250K_7753,CCN1CCO[C@@H](COc2ccc(C(=O)[O-])cc2OC)C1,0.34033936
ZINC_250K_9993,Cc1csc(-n2nnc(C(=O)Nc3cccnc3Cl)c2C)n1,0.34033936
ZINC_250K_7929,CCOC(=O)c1sc(NC(=O)CS(=O)(=O)c2ccc(Cl)cc2)nc1C,0.34033936
ZINC_250K_9663,CCN1CC(=O)Nc2cc(C(=O)N(C)CCCN3CC[NH+](C)CC3)ccc21,0.34033933
ZINC_250K_885,C[C@H]1CCN(C(=O)NCCc2nnc3n2CCCCC3)[C@@H](C)C1,0.34033933
ZINC_250K_8809,O=C1CCc2cc(C(=O)N[C@H](CO)c3ccco3)ccc2N1,0.3403393
ZINC_250K_6691,Cc1nn(C)cc1-c1cc(C(F)F)c2c(C(C)C)nn(-c3ccc(F)cc3)c2n1,0.34033927
ZINC_250K_3163,O=C(NC[C@H](c1ccco1)[NH+]1CCCCC1)C1CCN(C(=O)c2ccc(F)cc2)CC1,0.34033927
ZINC_250K_6058,CC(=O)c1ccc(OCC(=O)Nc2ccc(OC(F)F)c(F)c2)cc1,0.34033927
ZINC_250K_8677,COc1ccc(Br)cc1C(=O)NC(=S)Nc1cc([N+](=O)[O-])ccc1F,0.34033924
ZINC_250K_131,C[C@@H](Sc1nc(/C=C/c2cccs2)n[nH]1)C(=O)N1CCOCC1,0.34033918
ZINC_250K_5332,Cc1ccc2c(c1)[C@H]1C[NH+](C)CCC[C@@H]1N2Cc1c(CO)c[nH+]c(C)c1[O-],0.34033915
ZINC_250K_10217,CC(C)N(C)C(=O)NCc1ccccc1CN1CCCC1=O,0.34033912
ZINC_250K_6703,C[C@H](C(=O)Nc1cccc(OCc2cscn2)c1)c1cccs1,0.34033912
ZINC_250K_2605,Cc1sc2nc3n(c(=O)c2c1C)CC/C3=C/c1cccc(Cl)c1,0.34033912
ZINC_250K_8706,CCOC(=O)C1CCC(N2CCC[NH+](Cc3ccccc3)CC2)CC1,0.34033906
ZINC_250K_4232,CNC(=O)C1CCN(c2ccc([N+](=O)[O-])cc2COC)CC1,0.34033903
ZINC_250K_1682,Cn1cc(CN2CCN([C@@H](CO)c3cccc(Cl)c3)CC2)cn1,0.34033903
ZINC_250K_2255,Cc1ccc([C@H]2CN(CCN3C(=O)c4ccccc4C3=O)CCO2)c(C)c1,0.340339
ZINC_250K_10072,CCc1nn(C)cc1C(=O)NCC1(S(C)(=O)=O)CCOCC1,0.340339
ZINC_250K_1137,Cc1nc(-c2cnn(C)c2)sc1C(=O)Oc1cc(F)cc(Br)c1,0.34033898
ZINC_250K_2293,Cc1ccc(CNC(=O)N[C@H](C)CN2CCOCC2)n1C,0.34033898
ZINC_250K_5685,CC(C)[C@H](O)C(C)(C)C[NH2+]C1CCN(Cc2cccnc2)CC1,0.34033898
ZINC_250K_4622,O=C(CCc1nncn1-c1ccccc1)Nc1cccnc1Cl,0.34033892
ZINC_250K_1440,CCOC(=O)c1cccc(NC[C@H](O)c2ccc(Cl)cc2)n1,0.34033892
ZINC_250K_2859,CN(Cc1ncnn1C)C(=O)[C@@H]1C[C@H]1c1cccc(Cl)c1Cl,0.34033892
ZINC_250K_2523,COc1ccc(NC(=O)CCOc2cc(C)cc(C)c2)c(OC)c1,0.34033886
ZINC_250K_1964,COc1ccc(OCC(=O)N2CC(OCc3ccc(Cl)cc3)C2)cc1,0.34033886
ZINC_250K_1997,C[C@H](CCc1ccc(F)c(F)c1)NC(=O)Cc1ccc[nH]1,0.34033886
ZINC_250K_4042,COc1ccc(-c2csc(NC(=O)c3cncnc3C)n2)cc1OC,0.34033886
ZINC_250K_6599,Cc1nn(Cc2noc(C(=O)NC[C@H]3CCCO3)n2)c(C)c1Br,0.3403388
ZINC_250K_6817,Cc1[nH]c2c(F)cc(F)cc2c1CCNC(=O)[C@H]1NCCc2[nH]c[nH+]c21,0.3403388
ZINC_250K_6180,O=C(NCCc1ccccn1)NC1CCN(C(=O)c2ccoc2)CC1,0.3403388
ZINC_250K_2148,O=C([O-])COc1ccc(/C=C/C(=O)c2ccc(F)cc2F)cc1[N+](=O)[O-],0.3403388
ZINC_250K_10133,Cc1ccccc1NC(=O)c1cccc(S(=O)(=O)N(C)c2cccc(Cl)c2)c1,0.3403388
ZINC_250K_5823,Cc1ccc(-n2[nH]c(C(=O)N3CCOC[C@@H]3CC(C)C)cc2=O)cc1,0.34033877
ZINC_250K_8993,CNC(=O)c1cc(Cl)ccc1NCc1nnc(C(C)(C)C)o1,0.34033877
ZINC_250K_5459,CNS(=O)(=O)c1cccc([C@H](C)NC(=O)Nc2ccc(C)c(F)c2)c1,0.34033874
ZINC_250K_2385,CC1CC[NH+](CCNC(=O)c2ccc(SCc3cn4ccccc4n3)cc2)CC1,0.34033874
ZINC_250K_8718,CC1CC[NH+]([C@@H](CNC(=O)COc2ccc(C#N)cc2)c2cccs2)CC1,0.34033874
ZINC_250K_6932,C[C@@H](Cc1cccc(F)c1)NC(=O)Nc1ccc2c(c1)COC2,0.34033868
ZINC_250K_6404,Cc1ccnc2nc(C(=O)N(CCC[NH+](C)C)Cc3ccccc3)nn12,0.34033868
ZINC_250K_5789,Cn1c(=O)c2c(nc(NCc3ccccc3)n2CC(N)=O)n(C)c1=O,0.34033868
ZINC_250K_6853,O=C(CC[C@@H]1CCC[NH+](Cc2cccc3cccnc23)C1)N1CCCC1,0.34033865
ZINC_250K_3230,COc1ccc(S(=O)(=O)NCC[NH2+][C@H]2CCOC3(CCOCC3)C2)cc1,0.34033865
ZINC_250K_6097,COc1ccc(CNC(=O)C2CC[NH+](Cc3ccc(C)s3)CC2)cc1,0.34033862
ZINC_250K_6631,C[C@H](C(=O)Nc1cc(Cl)ccc1Cl)n1cc(Br)cn1,0.34033862
ZINC_250K_9170,O=C1N=C([O-])/C(=C/c2ccc(OCc3ccc(Br)cc3)cc2)C(=O)N1c1ccc(F)cc1,0.34033862
ZINC_250K_8844,Cc1cc(/C=C2/C(=N)N3C(=NC2=O)SN=C3S(=O)(=O)CC(C)C)c(C)n1-c1ccccc1F,0.3403386
ZINC_250K_8463,Cc1ccc(SCC(=O)N2CCN(c3nc4ccc(F)cc4s3)CC2)cc1,0.3403386
ZINC_250K_5425,COc1ccccc1N1C(=O)/C(=C/C=C\c2ccco2)C([O-])=NC1=S,0.34033853
ZINC_250K_8838,Cc1cccc(OCC[NH+](C)CC(=O)N[C@H]2CCCC[C@@H]2C)c1,0.34033835
ZINC_250K_2928,Cc1noc(C)c1CCCNC(=O)N1CCSC[C@@H]1c1ccccc1,0.34033835
ZINC_250K_5718,O=C(CSc1nc2ccccc2o1)Nc1onc2c1CSC2,0.34033835
ZINC_250K_4892,O=C(NC[C@@H]1CCCO1)c1ccc(-c2cscn2)cc1,0.34033835
ZINC_250K_1130,O=C(N[C@H]1C[C@@H]2CCCc3cccc1c32)c1ccccn1,0.3403383
ZINC_250K_4662,Cc1ccc(NS(=O)(=O)c2ccc(OCC(=O)Nc3c(C)cccc3C)cc2)cc1,0.34033823
ZINC_250K_5770,CCC[NH+]1CCC(CNC(=O)N[C@@H](C)c2ccc(-n3cccn3)cc2)CC1,0.34033823
ZINC_250K_8730,Cc1ccc(NC(=O)C[C@H](c2cccc(F)c2)n2cccc2)cc1F,0.34033823
ZINC_250K_6296,CCCOc1ccc(CCC(=O)NC2CCC3(CC2)OCCO3)cc1,0.34033823
ZINC_250K_5524,CCOC(=O)CSc1nnc(-c2ccc3c(c2)OCO3)n1-c1ccccc1,0.34033823
ZINC_250K_3628,CCOC(=O)N[C@@H]1CCCN(C(=O)NC[C@H]2CC[NH+](C3CC3)C2)C1,0.3403382
ZINC_250K_2262,CC(=O)N[C@@H]1CCCN(C(=O)C[NH+](Cc2ccc(C)s2)C(C)C)C1,0.34033802
ZINC_250K_7085,CCCc1cc2c(c(=O)n1CCO)[C@H](c1ccccc1Cl)C(C#N)=C(N)O2,0.34033796
ZINC_250K_10324,COC(=O)C1=CO[C@@H](C)[C@@H]2CN3CCC4=c5ccc(OC)cc5=[NH+][C@H]4[C@@H]3C[C@H]12,0.34033796
ZINC_250K_6114,Cc1cc(C)n(C[C@@H](C)CNC(=O)C[C@@H]2CCS(=O)(=O)C2)n1,0.34033796
ZINC_250K_7825,C[C@H](NC(=O)N1CCC[C@H](O)C1)c1ccccc1Cl,0.34033793
ZINC_250K_4246,Cc1nn(CN2CCN(c3cccc(Cl)c3)CC2)c(=S)n1Cc1ccccc1,0.34033793
ZINC_250K_6963,CC(C)(C)OC(=O)N1CCC[C@H](C(=O)N[C@H](C(=O)[O-])c2ccccc2)C1,0.3403379
ZINC_250K_149,Cc1ccc([N+](=O)[O-])cc1NC(=O)C(=O)N1CC[C@H]([NH+]2CCCC2)C1,0.34033784
ZINC_250K_4237,COC(=O)[C@@H](CNC(=O)c1ccn2cncc2c1)Oc1ccc(F)cc1,0.34033784
ZINC_250K_4106,O=C(N[C@H](c1ccccc1)C1CC1)N1CCC(OCc2ccc(F)cc2)CC1,0.3403378
ZINC_250K_3503,CC[C@@H](C)C(=O)Nc1cccc(CNC(=O)C(=O)Nc2cncc(C)c2)c1,0.34033778
ZINC_250K_9130,O=C(CCn1ncc(=O)c2ccccc21)N1CCc2sccc2[C@H]1c1cccs1,0.34033778
ZINC_250K_2881,CCN(CC)S(=O)(=O)c1ccc(C)c(NC(=O)c2ccc3ccccc3c2)c1,0.3403377
ZINC_250K_1924,COc1ccccc1N1CCN(C(=O)[C@H](C)Oc2ccc(C)cc2C)CC1,0.34033766
ZINC_250K_6498,C[C@@H](CS(C)(=O)=O)N(C)Cc1csc(-c2ccc(C(N)=O)cc2)n1,0.34033763
ZINC_250K_3414,CC(=O)Nc1cccc(-n2nnnc2SCCOc2cccc(C)c2)c1,0.3403376
ZINC_250K_8878,C[C@H](C(=O)NC[C@H]1CCCO1)n1cc(Br)cn1,0.34033754
ZINC_250K_5660,Cc1cccc(C2(CNCc3cnc(N4CCOCC4)nc3)CCCCC2)c1,0.34033749
ZINC_250K_3965,CC[NH+](CC)c1ccc(/C=C2\Oc3c(ccc(OCC(N)=O)c3C)C2=O)cc1,0.34033749
ZINC_250K_4398,Cc1ccc2c(c1)c(=O)c(C(=O)Nc1ccc(Cl)cc1Cl)nn2C,0.34033749
ZINC_250K_5875,CCc1noc(CC)c1CNC(=O)[C@@H]1Cc2cccc(F)c2O1,0.34033749
ZINC_250K_2335,Cc1csc([C@@H](NC(=O)N2CCOC[C@H]2C2CC2)C2CC2)n1,0.34033746
ZINC_250K_1423,O=C([O-])C[C@@H]1CN(c2ccc([N+](=O)[O-])cc2Cl)CCO1,0.34033746
ZINC_250K_3929,CCOC(=O)CNC(=O)c1cc(C)n(Cc2ccccc2)c1C,0.34033743
ZINC_250K_4083,CC[NH+](CC)[C@H](C)CNC(=O)Nc1ccc2c(c1)NC(=O)[C@H](C)O2,0.34033743
ZINC_250K_825,O=C(COC(=O)c1ccc(Cl)nc1)NC(=O)Nc1ccc2c(c1)OCCO2,0.34033743
ZINC_250K_3727,COc1ccc2c(c1)N(C(=O)C[C@H](C)c1cccc(F)c1)CCO2,0.34033737
ZINC_250K_8119,COCc1cc(C)nc2sc3c(=O)n(-c4ccc(F)cc4)nnc3c12,0.3403373
ZINC_250K_6589,CCC(CC)NC(=O)N1CC[C@@H](c2ccc(OC)cc2)C1,0.34033728
ZINC_250K_10168,O=C(Nc1ccc(Cl)nn1)c1cc([N+](=O)[O-])ccc1Oc1ccccc1,0.34033728
ZINC_250K_4075,O=C(C1=C([O-])C(=O)N(Cc2ccccc2)[C@H]1c1cccc([N+](=O)[O-])c1)c1ccc(F)cc1,0.3403372
ZINC_250K_6824,CC(C)(C)C(=O)NC[C@@H]1CCC[NH+](Cc2cc(Cl)cc([N+](=O)[O-])c2[O-])C1,0.3403372
ZINC_250K_2387,C[C@]1(c2ccc(F)cc2)NC(=O)N(C[C@@H](O)COCc2ccccc2F)C1=O,0.34033713
ZINC_250K_9843,COc1cccc(/C=C2\SC(=S)N(CCC(=O)Nc3cccc(OC)c3)C2=O)c1,0.34033713
ZINC_250K_7949,COc1ccc(-c2nc(NC(=O)c3ccc(-c4ccc(C(C)=O)cc4)o3)sc2C)cc1,0.34033704
ZINC_250K_7568,CCc1ccc(OCC(=O)Nc2ccc(Cl)cc2Cl)cc1,0.34033704
ZINC_250K_3994,O=C(Nc1cccc2cnccc12)C(=O)N1CCN(C(=O)C2CCCCC2)CC1,0.34033704
ZINC_250K_649,O=C(NCc1ccnc(OCC(F)F)c1)NCc1cscn1,0.34033692
ZINC_250K_558,CCCC[C@@H](NC(N)=O)C(=O)Nc1cc(OC)ccc1F,0.3403369
ZINC_250K_5287,CC[NH+]1CCN(c2ccc(C(=O)N[C@@]3(C#N)CCC[C@@H](C)C3)cc2)CC1,0.3403369
ZINC_250K_2671,COc1ccc(-c2ccnc3nc(Nc4ccc(C)cc4C)[nH]c(=O)c23)cc1OC,0.34033686
ZINC_250K_9468,Nc1c(C(=O)Nc2ccc(F)c(F)c2)sc2nc(-c3ccncc3)ccc12,0.34033686
ZINC_250K_5231,O=C(Cn1cnc(-c2cccc([N+](=O)[O-])c2)n1)N1N=C(c2cccs2)C[C@H]1c1cccs1,0.3403367
ZINC_250K_2404,Cc1ccc(F)cc1[C@@H]1CCN(C(=O)OC(C)(C)C)C[C@@H]1[NH3+],0.3403367
ZINC_250K_6936,CN(Cc1ccc(N(C)C)cc1)Cn1nc(Nc2cccc(F)c2)sc1=S,0.3403367
ZINC_250K_6348,COc1cccc(C[NH+]2CCC[C@@H]([C@@H](O)c3nccn3C)C2)c1O,0.34033668
ZINC_250K_8533,Cc1ccc2nc(C)c(C)c(C(=O)NCC[NH+]3CCC(CO)CC3)c2c1,0.34033668
ZINC_250K_6804,Cc1cc(OCCCC(=O)N[C@H]2C[C@H]2C)ccc1Cl,0.34033662
ZINC_250K_4673,O=S1(=O)CC[C@H](Cc2nc(-c3ccccn3)nn2Cc2ccccc2)C1,0.34033662
ZINC_250K_8316,C[C@@H]1CCCN(c2ncnc3c2[nH]c2ccc(F)cc23)C1,0.3403366
ZINC_250K_215,C[C@H](NC(=O)Cc1ccc[nH]1)C(=O)N1CCCC[C@H]1C,0.3403366
ZINC_250K_10164,CC[C@H](NC(=O)c1cnn([C@@H](C)CC)c1C1CC1)c1nccs1,0.3403366
ZINC_250K_9303,COC(=O)N(C)CCCC(=O)N1CCC[C@@H]1[C@H](C#N)c1ccccc1,0.3403366
ZINC_250K_8034,CC[C@H]1CC[C@@H]([NH+](C)CC(=O)Nc2ccc(C)cn2)C1,0.34033656
ZINC_250K_247,COc1ccc(N2CCn3c2nn(CC(N)=O)c(=O)c3=O)cc1,0.34033653
ZINC_250K_4743,CCCn1c(C)cc(-c2csc(NC(=O)c3scnc3C)n2)c1C,0.34033653
ZINC_250K_2643,CCc1nn(C)cc1NC(=O)C(=O)N[C@H](C)C(=O)NCc1ccccc1,0.34033653
ZINC_250K_1603,NC(=O)C1CCN(c2cc(N3CCOCC3)ccc2[N+](=O)[O-])CC1,0.3403365
ZINC_250K_7896,Cc1ccc([C@H](C)NC(=O)C[C@H]2C=CCC2)cc1F,0.3403365
ZINC_250K_2126,CCC[C@H]1CN(C(=O)Nc2cc(OC)c(OC)cc2F)CCO1,0.3403364
ZINC_250K_780,CC1CCN(C(=O)C[NH+]2CCC[C@@H](c3nc4ccccc4o3)C2)CC1,0.3403364
ZINC_250K_8049,O[C@H]1C[C@H](CNc2ccc3nnc(C4CC4)n3n2)[NH+](Cc2ccccc2)C1,0.3403364
ZINC_250K_8241,C[C@H](OC[C@@H]1CCCN(C(=O)OC(C)(C)C)C1)c1ccc[nH]1,0.34033635
ZINC_250K_7242,COc1cc(Cl)ccc1C(=O)NNC(=O)NCC1(C)Cc2ccccc2C1,0.34033635
ZINC_250K_7074,CC1(C)Oc2ccc(NC(=O)NCCc3cn4ccccc4n3)cc2O1,0.34033632
ZINC_250K_5841,Cn1cncc1C(=O)N1CCc2[nH]nc(-c3ccc(-c4ccccc4)cc3)c2C1,0.3403363
ZINC_250K_6241,CC[C@H](C)NC(=O)Cc1csc(NC(=O)Nc2ccc(Cl)cc2)n1,0.3403362
ZINC_250K_881,COc1c(C)cnc(CNC(=O)Nc2ccc(N(C)C)cc2)c1C,0.34033617
ZINC_250K_7224,CCc1nc([C@@H](C)Nc2ccc(C(=O)Nc3nncs3)cn2)cs1,0.34033614
ZINC_250K_6469,O=C(c1cc(Cl)c2c(c1)OCO2)N1CCCc2cc(F)ccc21,0.34033614
ZINC_250K_8614,CC[C@@H](C)n1c([O-])c(C(=O)COc2ccc(C)c(C)c2)c(C)c(C#N)c1=O,0.34033614
ZINC_250K_10491,CS(=O)(=O)N1CCC(C(=O)N[C@H]2CCSc3ccc(Cl)cc32)CC1,0.34033614
ZINC_250K_3819,Cc1ccc2nc(COC(=O)c3cnc(OCC(F)(F)F)c(Cl)c3)cc(=O)n2c1,0.3403361
ZINC_250K_5100,CCn1cc(C(=O)N[C@@H](C)C(=O)NCCC(C)C)c(=O)c2cc3c(cc21)OCO3,0.34033608
ZINC_250K_4488,O=C1[C@H](NCc2cnc(C3CCC3)s2)CCCN1c1ccccc1F,0.34033608
ZINC_250K_2865,C[C@H]1CN(CC(=O)Nc2ccc(OC(F)F)cc2)C[C@H](C)O1,0.34033597
ZINC_250K_10095,CNC(=O)N1C[C@@H](c2nc(-c3cccnc3)no2)C2(CCOCC2)C1,0.34033597
ZINC_250K_4564,O=C(CNc1ccccc1)NNC(=O)CSc1ccc2c(c1)CCC2,0.34033594
ZINC_250K_6441,C[C@H](Oc1ccccc1[N+](=O)[O-])C(=O)N1CCC[C@H](C(=O)[O-])C1,0.34033594
ZINC_250K_4579,C[C@H](NC(=O)N[C@@H]1CCN(c2cccc(Cl)c2)C1=O)[C@@H](C)CO,0.34033594
ZINC_250K_5602,COc1cccc(C(=O)N2CCC(C(=O)c3ccc(C)cc3)CC2)c1F,0.3403359
ZINC_250K_7382,CCc1cccc(C)c1NC(=O)CSc1ncnc2c1cnn2-c1ccccc1,0.3403359
ZINC_250K_4088,O=C(NCc1cccnc1)[C@H]1C[C@@H]1c1ccccc1C(F)(F)F,0.3403359
ZINC_250K_8271,O=C(Nc1cccc(Br)c1)c1ccc2c(c1)SC1=NS(=O)(=O)CCN12,0.34033588
ZINC_250K_6842,O=C(CSc1cn(CC(=O)N2CCCCCC2)c2ccccc12)NC1CCCCC1,0.34033582
ZINC_250K_6522,Cc1nn(C)cc1CN(C)C(=O)[C@@]1(C)Oc2ccc(Cl)cc2NC1=O,0.34033576
ZINC_250K_8394,CC[C@@H](NC(=O)C=C1CCCCC1)c1ccccc1OCC(=O)N1CCCC1,0.34033576
ZINC_250K_7425,CCSc1nnc2c(n1)O[C@@H](c1ccc(C#N)cc1)N(C(C)=O)c1ccc(C)cc1-2,0.34033576
ZINC_250K_3696,CCC[NH+]1Cc2cccc(NC(=O)[C@H](C)c3ccsc3)c2C1,0.34033576
ZINC_250K_7099,COc1ccc(NC(=O)NCc2nc(-c3ccccc3)cs2)cc1,0.34033573
ZINC_250K_6352,C[S@@](=O)c1ccc(NC(=O)N2CCC[C@@H](O)C2)cc1F,0.3403357
ZINC_250K_6263,COc1ccc(OC)c(CCC(=O)NC2(C(N)=O)CCCCC2)c1,0.3403357
ZINC_250K_2285,O=C(N[C@@H]1CCS(=O)(=O)C1)c1ccc(CNS(=O)(=O)c2ccccc2)cc1,0.34033567
ZINC_250K_489,CC(C)(C)NS(=O)(=O)c1ccc(OCC(=O)N2CCOCC2)cc1,0.34033564
ZINC_250K_9672,CN1C(=O)c2cccc(NC(=O)Cc3ccc(F)cc3)c2C1=O,0.34033564
ZINC_250K_4162,N#Cc1ccccc1-c1ccc(COC(=O)[C@@H]2CCCO2)cc1,0.34033564
ZINC_250K_5146,COc1cccc(NC(=O)c2cccc(OCc3c(C)noc3C)c2)c1,0.34033558
ZINC_250K_7439,CC(C)CO[C@@H](C)c1noc(CN2CCO[C@H](c3cccc(F)c3)C2)n1,0.34033555
ZINC_250K_3558,CCc1ccc([C@@H](C)NC(=O)[C@H](C)[NH+]2CCc3n[nH]cc3C2)cc1,0.34033555
ZINC_250K_583,CCOc1ccc([C@@H]2Nc3ccc(C(=O)N(C)C)cc3[C@H]3C=CC[C@H]32)cc1,0.34033555
ZINC_250K_4263,CN(C)[C@H](CNC(=O)c1cc(-c2cccnc2)nc2ccccc12)c1cccs1,0.3403355
ZINC_250K_5955,O=C(Nc1cccc(N2CCCC2=O)c1)c1cccc(CN2CCCC2=O)c1,0.34033543
ZINC_250K_3930,C#CCOC[C@H]1CCCN(S(=O)(=O)c2cc(F)ccc2F)C1,0.34033543
ZINC_250K_5516,CC(=O)c1ccc(NC(=O)[C@@H](C)[NH+]2CCCN(c3nccs3)CC2)cc1,0.34033537
ZINC_250K_4074,COCCOc1cccc(NC(=O)c2ccc(NC=O)cc2)c1,0.34033534
ZINC_250K_6063,C[C@H]1OCC[C@@H]1C(=O)NCCc1ccc(-n2cccn2)cc1,0.3403353
ZINC_250K_1968,CC(C)S(=O)(=O)c1cc2c(cc1NC(=O)CCC1CCCC1)n(C)c(=O)n2C,0.3403353
ZINC_250K_7733,COCCN1C[C@H](C(=O)NCc2ccncc2)CC1=O,0.3403353
ZINC_250K_9531,CCOc1cc(NC(=O)c2ccncc2F)ccc1C,0.3403353
ZINC_250K_6341,COC(=O)CCN(C[C@@H]1CCCO1)c1snc(Cl)c1C#N,0.34033528
ZINC_250K_7102,CCCOc1ccc([C@@H](C)NC(=O)c2ccnc(Cl)c2)cc1OC,0.34033525
ZINC_250K_794,Cc1cn2c([nH+]1)CC[C@H](NC(=O)C[C@@H]1CCCc3ccccc31)C2,0.34033525
ZINC_250K_2678,COc1cc(C[NH2+][C@@H]2C[C@H]3CC[C@]2(C)C3(C)C)ccc1OCC(N)=O,0.34033522
ZINC_250K_9949,COCCCOc1ccc(C(=O)N2C[C@@H](C)Sc3ccccc32)cc1,0.34033522
ZINC_250K_9648,C#CCn1/c(=N/C(=O)c2ccc(S(=O)(=O)N(C)C(C)C)cc2)sc2ccc([N+](=O)[O-])cc21,0.34033522
ZINC_250K_4708,C=CCN1CC2(CCC1=O)CCN(C(=O)CCc1cccnc1)CC2,0.3403352
ZINC_250K_2800,COc1ccc(CNC(=O)NC[C@H](C)c2ccsc2)cc1NC(C)=O,0.3403352
ZINC_250K_10448,CCO[C@@H]1C[C@@H](N(C)C(=O)Nc2c(C)nn(CCOC)c2C)C12CCC2,0.3403352
ZINC_250K_9298,Cc1csc(NC(=O)[C@H](CC(C)C)NC(=O)N[C@@H]2CCS(=O)(=O)C2)n1,0.34033513
ZINC_250K_2244,Cc1nn(C)c2ncc(NC(=O)[C@@H](Sc3ccccc3)c3ccccc3)cc12,0.34033507
ZINC_250K_10235,Cc1ccc(-n2ccnc2)c(C(=O)N2CCN(C(=O)[C@@H]3C[C@@H]3C)CC2)c1,0.34033504
ZINC_250K_3526,CC(C)Oc1cccc(C(=O)NC(=S)Nc2cccc3c2C(=O)N(c2ccccc2)C3=O)c1,0.34033504
ZINC_250K_856,Cc1cccc(CNC(=O)C[C@H]2Oc3ccc(C)cc3NC2=O)c1,0.34033504
ZINC_250K_7346,O=C1CC[C@H](C(=O)N2CCC(Cn3cccn3)CC2)CN1CC1CCCCC1,0.340335
ZINC_250K_802,Cc1ccc(-c2cnc(CCC(=O)N(C)C3CCOCC3)o2)cc1,0.34033498
ZINC_250K_4478,C[C@@H](CNC(=O)NCc1ccc(-n2ccnc2)cc1)C[C@@H](C)O,0.34033492
ZINC_250K_3809,CCOc1cc2c(cc1NC(=O)[C@@H](C)NC(=O)C(C)(C)C)O[C@H](C)C2,0.34033492
ZINC_250K_2121,COCCNC(=O)c1cc2sc(C)cc2n1Cc1ccccc1,0.34033492
ZINC_250K_10370,Cc1ccc(OCCn2ccc(=O)c3cccc(OC(F)(F)F)c32)cc1,0.3403349
ZINC_250K_598,COC[C@H](NC(=O)c1cc(-c2ccccc2)c(C)[nH]c1=O)C(N)=O,0.3403349
ZINC_250K_6462,O=C(CCN1C(=O)[C@H]2CC(Cl)=CC[C@H]2C1=O)NCc1ccccc1,0.34033486
ZINC_250K_9535,CCOc1ccccc1CN1CCN(S(=O)(=O)c2c(C)noc2C)CC1,0.34033486
ZINC_250K_3689,CCOC(=O)C1=C(C)N=C2SCCC(=O)N2[C@@H]1c1ccc(Br)cc1,0.34033486
ZINC_250K_6615,O=C(Nc1cccc(-c2cnc3ccccc3n2)c1)c1cccc(NC(=O)c2ccco2)c1,0.34033483
ZINC_250K_6990,CSCc1cccc(NC(=O)CNC(=O)c2cc3occc3n2C)c1,0.3403347
ZINC_250K_9984,N#CCCCCNC(=O)N[C@H]1CCC[C@H]1c1ccccc1C(F)(F)F,0.3403347
ZINC_250K_8343,CCc1noc(CCN2C[C@](C)(Cc3ccc4c(c3)OCO4)CCC2=O)n1,0.34033465
ZINC_250K_7521,CCOC(=O)c1cccc(N[C@H]2CS[C@@H](C)C2)c1,0.34033465
ZINC_250K_4839,Cc1c(C(=O)Nc2ccncc2)oc2c1/C(=N/NC(=O)c1ccc(O)cc1)CCC2,0.34033453
ZINC_250K_9702,CCOc1ccc(Cl)c(C(=O)N(C)c2cccc3ncccc23)n1,0.3403345
ZINC_250K_9778,O=C(Cc1ccccc1)N/N=C1\C(=O)N(Cc2ccc([N+](=O)[O-])cc2)c2ccccc21,0.34033448
ZINC_250K_545,O=C(NCCOc1ccc2c(c1)OCO2)c1cc(C2CC2)on1,0.34033448
ZINC_250K_6257,O=C(CN1CCO[C@@H](c2cccs2)C1)NOCc1ccccc1,0.34033448
ZINC_250K_6502,COc1ccc(NC(=S)NNC(=O)[C@@H]2CC=CCC2)cc1F,0.34033445
ZINC_250K_2321,CN[C@]1(C#N)CCC[C@@H](Oc2cc(F)ccc2[N+](=O)[O-])C1,0.34033436
ZINC_250K_4125,CCN(C[C@@H]1CCOC1)C(=O)c1ccnc(Cl)c1,0.34033433
ZINC_250K_10045,CCc1noc(CC)c1CC(=O)N(c1ccc(C)cn1)C1CCCCC1,0.34033427
ZINC_250K_2370,Cn1cc(C(=O)OC[C@@]2(C)CCCO2)c(-c2cccs2)n1,0.34033424
ZINC_250K_5816,COc1ccc(CNC(=O)[C@H](C)Sc2cccc(C)c2)cc1OC,0.3403342
ZINC_250K_6388,C[C@H](NC(=O)N[C@@H]1C[C@@H]1c1ccccc1F)[C@@H](O)c1ccc(Cl)cc1,0.34033418
ZINC_250K_6043,COc1ccc(-c2c(C)n[nH]c2NC(=O)C2CCCCC2)cc1OC,0.34033415
ZINC_250K_8301,C[C@H]1CCN(C(=O)CN2CCN(c3ncccn3)CC2)c2ccccc2S1,0.34033412
ZINC_250K_2220,C[C@H](NC(=O)C1CC1)c1nc2ccccc2n1C/C=C/c1ccccc1,0.3403341
ZINC_250K_6996,Cc1ccc(CCC(=O)NCc2nc(-c3ccc(Cl)cc3)no2)cc1,0.340334
ZINC_250K_127,CCc1c(C(=O)Nc2ccc3c(c2)NC(=O)CS3)[nH]c(C)c1C(C)=O,0.340334
ZINC_250K_1770,O=C(CSc1nnc(-c2ccco2)n1-c1ccccc1)c1c[nH]c2ccccc12,0.340334
ZINC_250K_5238,Cc1cccc(C2=CCN(C(=O)CNC(=O)NC3CCCCC3)CC2)c1,0.3403339
ZINC_250K_7636,Cc1ccc(C(=O)N2CCN(Cc3nnc4n3CCCCC4)CC2)c(C)c1,0.34033382
ZINC_250K_990,NC(=O)COc1ccc(C(=O)N[C@H]2CCCc3ccccc32)cc1,0.34033382
ZINC_250K_8480,C[C@H]1CC(C(=O)N2CCN(Cc3nc4ccccc4s3)CC2)C[C@H](C)O1,0.34033373
ZINC_250K_8504,Cn1ccc(CNC(=O)[C@@H]2[C@@H]3CC[C@@H](C3)[C@@H]2C(=O)[O-])n1,0.3403337
ZINC_250K_9453,CC[C@H](NC(=O)NC[C@@H](C)c1ccc(F)c(F)c1)c1c(C)nn(C)c1C,0.34033367
ZINC_250K_7227,C[C@@H]1CN(CCC2CC[NH+](Cc3ccc(N4CCCC4)nc3)CC2)C[C@@H](C)O1,0.34033364
ZINC_250K_9273,O=C(Cc1ccc2c(c1)CCCC2)NNC(=O)[C@@H]1CCS(=O)(=O)C1,0.3403336
ZINC_250K_5360,Cc1cccc(-c2nc(C[NH+]3CCC[C@@H](Cn4cncn4)C3)no2)c1,0.3403336
ZINC_250K_7214,CCc1noc(Cn2cnc3c([nH]c4ccc(F)cc43)c2=O)n1,0.3403336
ZINC_250K_8225,C[C@H]1CCC[C@@H](O[C@@H](C)C(=O)Nc2nccn(C)c2=O)C1,0.3403336
ZINC_250K_1276,Cc1cc2cc(CCNC(=O)c3ccccc3[N+](=O)[O-])c(=O)[nH]c2cc1C,0.34033358
ZINC_250K_9981,Cc1nc(C)c(C(=O)C2=C([O-])C(=O)N(CCC[NH+](C)C)[C@H]2c2ccccc2Cl)s1,0.34033358
ZINC_250K_1936,C#CC[NH2+]CC(=O)Nc1cccc(-c2nncn2C)c1,0.34033355
ZINC_250K_3037,Cc1cccc(C(=O)Nc2cc3c(cc2N2CCCCC2)n(C)c(=O)c(=O)n3C)c1,0.3403335
ZINC_250K_6778,C[C@H](NC(=O)N(C)CCC1CCN(c2cc[nH+]cc2)CC1)C(C)(C)C,0.34033346
ZINC_250K_5370,O=C(NCc1ccc2c(c1)OCO2)C1CCN(C(=O)Nc2cccs2)CC1,0.34033346
ZINC_250K_3461,Cc1cccc([C@H]2CCCN2C(=O)NCc2ccsc2)c1,0.34033343
ZINC_250K_3453,NC(=O)CN1c2ccccc2C(=O)N[C@H]1c1cc(Cl)cc([N+](=O)[O-])c1[O-],0.3403334
ZINC_250K_5552,Cn1c(=O)c2c(ncn2CC(=O)Nc2cccc(F)c2)n(C)c1=O,0.3403334
ZINC_250K_1160,CNC(=O)Cn1ccc2ccc(NC(=O)Cc3cccc([N+](=O)[O-])c3)cc21,0.34033334
ZINC_250K_8281,N#Cc1ccc(NCC(=O)N2N=C(c3cccs3)C[C@@H]2c2ccco2)cc1,0.3403333
ZINC_250K_4445,COc1ccccc1CC(=O)N1C[C@H]2CC[C@@H]1CN(S(C)(=O)=O)C2,0.3403333
ZINC_250K_10435,CCc1cccc(C)c1NC(=O)Cn1c(=O)nc(N(C)c2ccccc2)c2ccccc21,0.34033328
ZINC_250K_3742,COCCN1C[C@@]23C=C[C@@H](O2)[C@H](C(=O)N(C)Cc2cnccn2)[C@H]3C1=O,0.34033328
ZINC_250K_9031,CC1CCN(C(=O)c2ccc(NC[C@@H](C)C[C@@H](C)O)nc2)CC1,0.34033322
ZINC_250K_8615,CN(Cc1ccccc1O)C(=O)Nc1ccc(OCC(F)(F)F)c(C#N)c1,0.34033316
ZINC_250K_9227,COc1ccc(S(=O)(=O)Nc2ccc(F)cc2F)cc1NC(C)=O,0.34033316
ZINC_250K_7238,COCCOc1c(Cl)cc(NC(=O)N2CC[C@@H](C)[C@@H]2C)cc1Cl,0.3403331
ZINC_250K_10269,COc1c(C)cc(C(=O)[C@@H]2CCC[NH+](Cc3nc(-c4ccccc4)no3)C2)cc1C,0.3403331
ZINC_250K_5642,CCOc1ccc(OC)cc1NC(=O)Cc1ccc[nH]1,0.34033307
ZINC_250K_8661,CC[C@H](C)NC(=O)c1cc(-c2ccc(OC)cc2)nc2cc(-c3ccccc3)nn12,0.34033304
ZINC_250K_1398,CCOC(=O)c1ccc(/[NH+]=c2\oc3c(OCC)cccc3cc2C(N)=O)cc1,0.34033304
ZINC_250K_2541,CCN(C(=O)[C@@H]1COc2ccc(F)cc2C1)[C@H](C)CS(C)(=O)=O,0.34033304
ZINC_250K_1660,CCC[C@](C)(CO)NC(=O)Nc1cnn(Cc2ccc(Cl)cc2)c1,0.34033304
ZINC_250K_4905,CCCOc1ccc(NC(=O)CNC(=O)c2ccoc2)cc1Cl,0.34033304
ZINC_250K_9596,C[C@H]1CN(c2nccnc2C#N)CCN1CN1CCCCC1=O,0.34033298
ZINC_250K_9141,O=C(NC1CCCC1)c1ccc(NC(=O)c2cccc3ccoc23)cc1,0.34033296
ZINC_250K_8984,Cc1ccc(Cl)cc1/N=C1/S[C@@H](CC(=O)Nc2cc(Cl)ccc2C)C(=O)N1C,0.34033296
ZINC_250K_4067,CC(C)(C)C(=O)[C@@H]1[C@@H](C(=O)c2cccnc2)[C@]2(C(=O)Nc3ccccc32)[C@H]2C=Cc3ccccc3N12,0.34033296
ZINC_250K_6386,Cc1cccc(CC(=O)NC2(c3cccc(F)c3)CCOCC2)c1,0.34033293
ZINC_250K_9367,CCC(=O)N1CCCC[C@H]1C(=O)Nc1ccc(C(=O)NCC(C)C)cc1,0.3403329
ZINC_250K_8470,C[NH+]1CCC(N(Cc2ccco2)C(=S)Nc2cc(Cl)ccc2C(F)(F)F)CC1,0.3403329
ZINC_250K_3047,CO[C@]1(C)C[C@H](NC(=O)NCc2ccnc(OCC(F)F)c2)C1(C)C,0.34033284
ZINC_250K_9805,CCNC(=O)N1CC[C@@H]([NH2+][C@@H](C)c2cc(Br)ccc2F)C1,0.34033284
ZINC_250K_6001,Cc1ccc(C(=O)[O-])cc1CNC(=O)C[NH+]1CCC[C@]2(CCOC2)C1,0.34033284
ZINC_250K_8261,Nc1nc(NCCc2cc(F)cc3c2OCOC3)[nH+]c2ccccc12,0.3403328
ZINC_250K_2740,Cc1ncsc1COC(=O)c1cc(-c2ccccc2)nc2c1c(C)nn2C,0.3403328
ZINC_250K_3778,CN(C)c1ccc(CN2CCC[C@H](CN3CCOCC3)C2)cc1,0.34033278
ZINC_250K_5833,COC(=O)N1CC[C@@H](NC2CC[NH+](Cc3ccccn3)CC2)C1,0.34033278
ZINC_250K_1185,Cc1ccccc1CC(=O)N1CCC[C@@H]1CNC(=O)OC(C)(C)C,0.34033278
ZINC_250K_8314,Cc1cccc(C(=O)Nc2nnc(SCc3cc(=O)c4cc(C)cc(C)c4[nH]3)s2)c1,0.34033275
ZINC_250K_7392,Cn1cnn(-c2ccc(N[C@@H]3CCN(C4CC4)C3=O)cc2)c1=O,0.34033272
ZINC_250K_9137,O=C(CC/C=C/c1ccccc1)N[C@@H]1CCN(c2ccccc2F)C1=O,0.34033272
ZINC_250K_9942,CCC(=O)Nc1nc(-c2ccc3c(c2)NC(=O)CO3)c(C)s1,0.34033266
ZINC_250K_5107,CCOc1ccc(-c2nnn(C[NH+]3CC[C@@H](Cc4cnn(C)c4)C3)n2)cc1,0.3403326
ZINC_250K_2974,NC(=O)c1nc(-c2ccc(Cl)c(Cl)c2)nc2c1[nH]c(=O)n2-c1ccccc1F,0.3403326
ZINC_250K_6823,COc1ccccc1[C@H]1C[C@@H]1NC(=O)N1CCC[C@H](O)C1,0.3403326
ZINC_250K_3014,Cc1nnc(SCC(=O)Nc2cccc(F)c2)n1-n1cccc1,0.3403326
ZINC_250K_49,CCn1cc(C(=O)N[C@H]2CC(=O)N(C)C2)c(C(C)C)n1,0.34033257
ZINC_250K_2838,CCCOc1ccccc1NC(=O)C[C@@H]1Nc2ccccc2NC1=O,0.34033254
ZINC_250K_7220,COCCN1CCN(C(=O)c2cc3c(Br)cccc3[nH]2)CC1=O,0.3403325
ZINC_250K_4456,CS(=O)(=O)N1CCC[C@@H](Cc2cncc(-c3ccc(F)cc3)n2)C1,0.34033242
ZINC_250K_10365,CC[NH+](CC)CCCNC(=O)N1CCCN(C(=O)c2cccc(Cl)c2)CC1,0.3403324
ZINC_250K_4778,C[NH+](C)[C@H]1CC[C@H](NC(=O)N2CCN(Cc3ccncc3)CC2)C1,0.3403324
ZINC_250K_9271,Cc1nc(-c2ccccc2Cl)sc1C(=O)N1CCC[C@@H]1C(N)=O,0.3403324
ZINC_250K_2675,O[C@H](c1nccs1)c1ccccc1N1CCN(Cc2ccccc2F)CC1,0.3403324
ZINC_250K_3006,Cn1ccc(C(=O)N(C[C@@H]2CCCO2)c2nc3ccccc3s2)n1,0.34033236
ZINC_250K_3386,O=C(NC[C@@H]1CCOC1)c1csc(-c2ccco2)n1,0.34033233
ZINC_250K_4276,CCN(C[C@@H]1COc2ccccc2O1)C(=O)N[C@@H](C)CCc1ccc(O)cc1,0.34033233
ZINC_250K_7042,CC(=O)N1CCC(C(=O)Nc2sc(C)c(-c3ccccc3)c2C#N)CC1,0.34033233
ZINC_250K_1257,COc1ccc(-c2nc(CNC(=O)N[C@@H]3C[C@](C)(OC)C3(C)C)n[nH]2)cc1,0.3403323
ZINC_250K_9935,Cc1nc(C)c(C(=O)N(C)Cc2ccc(N3CCOCC3)cc2)s1,0.34033227
ZINC_250K_2554,CCC[C@@H](c1nnnn1C[C@@H]1CCCO1)[NH+]1CCN(c2cc(C)ccc2C)CC1,0.3403322
ZINC_250K_9452,C=CCC[C@H](C)[NH+]1CCN(CC(=O)Nc2ccc(F)cc2)CC1,0.3403322
ZINC_250K_9738,O=C(CCc1cccc(F)c1)Nc1n[nH]c2ccc([N+](=O)[O-])cc12,0.34033218
ZINC_250K_3416,C[C@@H](COc1ccccc1)OC(=O)[C@H]1CCCN(C(=O)c2cccs2)C1,0.34033218
ZINC_250K_3948,CC(=O)Nc1cccc(CN2CCOC[C@@H]2C2CC2)c1,0.34033218
ZINC_250K_4436,COc1ccc(C(=O)C2=C([O-])C(=O)N(CC[NH+](C)C)[C@H]2c2ccc(Cl)cc2)cc1Cl,0.34033215
ZINC_250K_1287,Cc1ccc([C@@H]2CSCCN2C(=O)N[C@@H]2[C@@H]3CCO[C@@H]3C2(C)C)o1,0.34033212
ZINC_250K_8563,Cn1c(=O)c(C(=O)N2CCN(c3ccccc3)CC2)nc2cccnc21,0.34033206
ZINC_250K_6229,NC(=O)c1cnc(NCc2ccnc(OCC(F)(F)F)c2)c(Cl)c1,0.340332
ZINC_250K_9525,Cc1ccc(C)c(NC(=O)[C@H](C)[NH+](C)CCOc2ccc(Cl)cc2)c1,0.340332
ZINC_250K_747,CC[NH2+][C@@]1(C(=O)OC)CCC[C@@H](Oc2ccccc2)C1,0.340332
ZINC_250K_4588,O=S(=O)(NCc1ccc(-n2cncn2)cc1)c1cccc(Cl)c1,0.340332
ZINC_250K_7856,Cc1nn(C)c(C)c1C[C@H](C)NC(=O)NC[C@H](C)CN1CCOCC1,0.340332
ZINC_250K_2589,CCn1c(=O)c2ccccc2n2c(CN3CC[C@H](C[NH+](C)CC)C3)nnc12,0.34033194
ZINC_250K_10083,Cn1cc(C(=O)Nc2ccc(OC(=O)c3cnc(-c4ccccc4)nc3)cc2)cn1,0.34033194
ZINC_250K_8590,Cc1ccc(CNC(=O)C[NH+]2CC(c3nc(-c4ncccn4)no3)C2)cc1,0.3403319
ZINC_250K_8667,COC(=O)[C@@H]1CN(c2nc(C)nc3[nH]ccc23)CCO1,0.34033188
ZINC_250K_5230,C[C@H](NC(=O)CCc1ccco1)c1ccc(-n2ccnc2)cc1,0.34033188
ZINC_250K_1259,O=C(NCc1ccccc1-n1ccnc1)C(=O)Nc1ccc2[nH]ccc2c1,0.34033188
ZINC_250K_309,Cc1ccc(S(=O)(=O)N2C[C@@H](CC(=O)[O-])c3ccccc32)c(C)c1,0.34033188
ZINC_250K_4422,C[C@@H]1CCCC[C@@H]1NC(=O)[C@@H]1CC(=O)N(Cc2ccco2)C1,0.34033188
ZINC_250K_9460,Cc1sc(NC(=O)c2ccc3c(c2)ncn3C)nc1-c1ccc2c(c1)OCCO2,0.34033185
ZINC_250K_4929,O=C(Nc1cccc(Oc2cnccn2)c1)C(=O)NC1CCCCCCC1,0.34033185
ZINC_250K_5260,CC(=O)Nc1ccc(S(=O)(=O)Nc2ccc(CSc3ccccc3)cc2C)cc1,0.34033185
ZINC_250K_146,C=C(C)C(=O)N[C@H](C)c1nc2ccccc2n1CCC(=O)N1CCCCCC1,0.34033185
ZINC_250K_7138,CC1=c2cc(F)ccc2=[NH+][C@H]1C(=O)NCCSc1nnc(C)s1,0.34033182
ZINC_250K_9065,Cc1n[nH]c([C@H]2CN(CCCn3c(=O)oc4ccccc43)CCO2)n1,0.34033182
ZINC_250K_8287,COc1cc(/C=C2/SC(=O)N(c3ccc(C)c(C)c3)C2=O)ccc1OCCC(=O)[O-],0.34033182
ZINC_250K_2318,Cc1c(Cl)ccc2c1NC(=O)[C@@]21[C@@H]2C(=O)N(c3ccc(F)cc3)C(=O)[C@@H]2[C@@H]2CCC[NH+]21,0.34033182
ZINC_250K_4889,O=C(Nc1cc(C(F)(F)F)ccc1N1CCCC1)N1CCCC[C@@H]1CO,0.3403318
ZINC_250K_8628,Cc1ccc(NC(=O)c2cnc(Oc3ccccc3)cn2)cc1[N+](=O)[O-],0.34033176
ZINC_250K_7579,N#Cc1ccsc1NC(=O)COC(=O)/C=C/c1cccc(F)c1,0.34033173
ZINC_250K_9248,CC1(C)CC(N(Cc2ccncc2)Cc2coc3ccccc3c2=O)CC(C)(C)[NH2+]1,0.34033173
ZINC_250K_214,COc1ccc(C)cc1-n1nnnc1SCC(=O)Nc1cc(C)cc(C)c1,0.34033173
ZINC_250K_10295,CCC(=O)N[C@@H]1CCCN(S(=O)(=O)Cc2ccccc2Cl)C1,0.3403317
ZINC_250K_7643,O=C1NC(=O)N(c2ccc(Cl)cc2)C(=O)/C1=C\c1cccc(OCc2ccc(Cl)cc2)c1,0.3403316
ZINC_250K_9915,N#CCN(CC(=O)Nc1sc2c(c1C(N)=O)CCCC2)c1ccccc1,0.3403316
ZINC_250K_7326,CC1(C)[C@@H]2CC[C@@]1(C)[C@H](NS(=O)(=O)c1ccc(-n3ncc(Cl)c(Cl)c3=O)cc1)C2,0.34033155
ZINC_250K_6265,O=C(NC1CCCC1)[C@@H]1CCCN1C(=O)Nc1cccc(Cl)c1,0.3403315
ZINC_250K_9008,C[C@H]1CN(CC(=O)N(CCC(N)=O)c2ccc(F)cc2)C(C)(C)CO1,0.3403315
ZINC_250K_2223,C=CCn1c(SCC(=O)Nc2nc3ccccc3s2)nnc1C(C)C,0.34033144
ZINC_250K_9397,O=C(Nc1nc(C(=O)Nc2cccc3ncccc23)co1)c1ccccc1,0.34033144
ZINC_250K_2443,Cc1nc(-c2ccc(C(=O)NCC(=O)NC3CCCCCC3)cc2)no1,0.34033144
ZINC_250K_3939,CCc1ccc(NC(=O)c2ccc([C@H]3Nc4cc(C(F)(F)F)ccc4S(=O)(=O)N3)cc2)cc1,0.34033144
ZINC_250K_5268,O=c1[nH]c2ccccc2n1C1CCN(c2cc(-n3ccnc3)ncn2)CC1,0.34033135
ZINC_250K_8820,Cc1ccc(C)c(NC(=O)C[C@H]2C(=O)N=C3Nc4ccccc4N32)c1,0.3403313
ZINC_250K_1133,C=CCN(C(=O)c1cccc(NC(C)=O)c1)c1nc(-c2ccccc2)cs1,0.3403313
ZINC_250K_690,COc1ccccc1NC(=O)CSc1nnc(C)c(=O)n1N,0.3403313
ZINC_250K_5560,Cc1ccc(NC(=O)c2cccc(S(=O)(=O)[N-]c3ccccc3F)c2)cc1,0.3403313
ZINC_250K_3353,CC(C)Oc1ccc(CC[C@@H](C)NC(=O)[C@@H]2CCN(C)C(=O)C2)cc1,0.3403313
ZINC_250K_2862,CC(=O)c1ccc(NC(=O)C[C@@H]2C(=O)Nc3nc(-c4ccc(C)cc4)nn32)cc1,0.3403313
ZINC_250K_6793,COc1ccccc1NC1=C(Sc2nc(C)cc(C)n2)C(=O)N(Cc2ccccc2)C1=O,0.3403313
ZINC_250K_579,CCCn1c(S[C@H](C(N)=O)c2ccccc2)nc2sc(CC)cc2c1=O,0.34033126
ZINC_250K_9155,O=C(Nc1cccc(Cl)c1)Nc1nc(C(=O)N2CCCC2)cs1,0.34033123
ZINC_250K_9610,O=C(Cc1ccc(/N=C2\N[C@H]3CS(=O)(=O)C[C@@H]3S2)cc1)NCCC1=CCCCC1,0.34033123
ZINC_250K_7135,CCc1nn(C)cc1NC(=O)C(=O)N[C@H](C)C(=O)NCc1ccco1,0.34033123
ZINC_250K_5420,O=C(N[C@@H]1CCC[C@@H]1c1ccccc1C(F)(F)F)[C@@H]1CC12CCOCC2,0.34033117
ZINC_250K_1011,CC(C)(C)c1nc(CC[NH2+]C2CCN(Cc3cccnc3)CC2)cs1,0.3403311
ZINC_250K_9174,CCCC(=O)N1CCCC[C@H]1C(=O)N1CC[C@@H](CSc2ccccc2)C1,0.3403311
ZINC_250K_3805,COC(=O)CCn1c(=O)c2c(nc3n(-c4ccc(C)c(C)c4)c(C)cn23)n(C)c1=O,0.34033108
ZINC_250K_9348,Cc1[nH]c(C(=O)N2CCC(CC(=O)NCCC[NH+]3CCCC[C@@H]3C)CC2)c(C)c1C,0.34033108
ZINC_250K_715,Cc1cc(C(=O)COC(=O)c2cc(Cl)c3c(c2)OCCCO3)c(C)n1C1CC1,0.34033108
ZINC_250K_717,CC[C@H](NC(=O)c1ccc(C#N)cn1)C(=O)N1CCOCC1,0.34033102
ZINC_250K_5457,CC(=O)Nc1ccc(NC(=O)c2ccc(CN3CCc4ccccc4C3)cc2)cc1,0.34033102
ZINC_250K_8099,COc1ccc(NC(=O)c2cc(Cl)ccc2OC(C)C)c(OC)c1,0.340331
ZINC_250K_3687,Cc1ccc(CCC(=O)N[C@H](C)c2ccc(N3CCOCC3)cc2)o1,0.34033087
ZINC_250K_6857,COCc1cc(C(=O)Nc2ccc(F)cc2Cl)ccc1F,0.34033087
ZINC_250K_1740,O=C(CCc1ccc(F)cc1)Nc1cnn(CC2CC2)c1,0.34033087
ZINC_250K_1587,O=[N+]([O-])c1ccc(N2CC[NH+](CCO)CC2)c(/C=N/c2ccc3c(c2)oc2ccccc23)c1,0.34033084
ZINC_250K_7455,COc1cc(/C=C(/C#N)C(=O)N(C)C)cc(Cl)c1OCc1ccc(Cl)c(Cl)c1,0.34033084
ZINC_250K_5256,O=[N+]([O-])c1ccc(Cl)c(/C=N/N2CCN(Cc3cccc4ccccc34)CC2)c1,0.34033084
ZINC_250K_1762,CCOc1ccc2[nH]c(SCC(=O)Nc3ccc(C#N)cc3)nc2c1,0.34033078
ZINC_250K_8531,COc1ccc(S(N)(=O)=O)cc1C(=O)O[C@@H](C)C(=O)N1CCCC1,0.34033072
ZINC_250K_6173,Cc1noc(CCCC(=O)Nc2cc([N+](=O)[O-])ccc2O)n1,0.34033072
ZINC_250K_4227,COc1ccccc1C(=O)NNC(=O)CNc1nc2ccccc2s1,0.34033072
ZINC_250K_533,COc1cccnc1N(C)C(=O)C[C@H](C)Cc1ccc(Cl)cc1,0.3403307
ZINC_250K_5983,O=C(N[C@@H](c1ccccc1)C1CC1)N1CCN(S(=O)(=O)c2cccc(Cl)c2)CC1,0.3403307
ZINC_250K_6665,C[C@@H](CS(C)(=O)=O)C(=O)Nc1nc(-c2ccccc2F)cs1,0.3403307
ZINC_250K_2234,CCOC(=O)Nc1cccc(NCc2ncc(C(C)C)o2)c1C,0.3403307
ZINC_250K_823,O=C(CCNc1ccccc1[N+](=O)[O-])N1CCC[C@@H]([NH+]2CCCC2)C1,0.3403307
ZINC_250K_10478,Cc1cnc(C[NH+](C)[C@@H]2CCN(Cc3ccccc3)C[C@@H]2C)o1,0.34033066
ZINC_250K_6481,Cc1cncc(NC(=O)c2ccccc2SC[C@@H]2CCCO2)c1,0.3403306
ZINC_250K_7669,CC[NH+](Cc1ccccc1NC(C)=O)[C@@H]1CCN(c2ccccc2)C1=O,0.3403306
ZINC_250K_10165,COc1c(Br)cc(Br)cc1/C=C/C(=O)Nc1ccc2c(c1)C(=O)N(C)C2=O,0.34033057
ZINC_250K_1403,Cc1nc(CCNC(=O)c2ccc(OCC(F)F)nc2)cs1,0.3403305
ZINC_250K_3659,CN(C(=O)N[C@H]1CC[C@@H]([NH+](C)C)C1)[C@@H]1CCN(c2ccccc2F)C1=O,0.34033048
ZINC_250K_900,COc1ccc(-c2csc(NC(=O)Nc3ccc(F)cc3)n2)cc1OC,0.34033045
ZINC_250K_2428,COc1ccc(OC)c([C@H](c2nnnn2C2CCCC2)N2CCc3ccccc3C2)c1,0.34033045
ZINC_250K_5571,COc1cc(OC)c(N[C@H](C)C(=O)c2c[nH]c3ccccc23)cc1F,0.3403304
ZINC_250K_5386,CCNc1cc(C(=O)N2CC[C@H]3CC[C@@H](C2)[NH+]3C)ccn1,0.3403304
ZINC_250K_6603,COc1ccc(OC)c([C@@H](C)NC(=O)[C@@H](C)Nc2ccc3c(c2)CCO3)c1,0.34033036
ZINC_250K_890,C[C@@H]1Cc2ccccc2N1C(=O)[C@H]1CCCN(C(=O)NC2CC2)C1,0.34033033
ZINC_250K_1834,Cc1sc2nc(SCC(=O)c3c[nH]c4ccccc34)n(C)c(=O)c2c1C,0.3403303
ZINC_250K_6588,COc1cc(/C=N/NC(=O)COc2ccc(Cl)c(C)c2)cc(Br)c1O,0.3403303
ZINC_250K_3861,Cn1cc(C[NH+]2CCN(CCC(N)=O)CC2)c(-c2cccc(Cl)c2)n1,0.34033024
ZINC_250K_5732,Cc1ccc(C(=O)Oc2ccc(C[NH+]3CCCC3)c3cccnc23)cc1,0.34033024
ZINC_250K_8674,CCOC(=O)C1=C(C(=O)CSC2=Nc3ccccc3[C@@H]3CC=NN23)C(C)=N[C@H]1C,0.34033018
ZINC_250K_930,Oc1cccc([C@@H]2CN(c3nccc(Oc4ccc(F)cc4)n3)CCO2)c1,0.34033018
ZINC_250K_3308,CCOc1cc(NC(=O)[C@@H]2C=C[C@H]([NH3+])C2)ccc1OC,0.34033012
ZINC_250K_9379,CCN1C(=O)S/C(=C\c2ccc(OCc3ccc(Cl)c(Cl)c3)c(OC)c2)C1=O,0.3403301
ZINC_250K_9050,CC(C)N1CCC([NH+]2CCN(Cc3ccc(C(F)(F)F)cc3)C[C@@H]2CCO)CC1,0.3403301
ZINC_250K_8441,CCc1nn(C)cc1C(=O)N[C@@H](C)c1c(Cl)ccc(F)c1Cl,0.34033003
ZINC_250K_4463,CCCn1c(=O)c2ccccc2n2c(=S)n(CN3CCc4sccc4[C@H]3C)nc12,0.34033003
ZINC_250K_7311,O=C(Nc1ccc(Cl)c(Cl)c1)C1CCN(S(=O)(=O)c2ccc(F)cc2)CC1,0.34033
ZINC_250K_6125,COCCCN1C(=O)c2ccc(C(=O)Nc3c(C)cc(C)cc3Cl)cc2C1=O,0.34032997
ZINC_250K_6467,CCOc1ccccc1NC(=O)CN(c1cccc2ccccc12)S(C)(=O)=O,0.34032995
ZINC_250K_1380,COc1cccc(CN/C([O-])=C/n2ccc3sccc3c2=O)c1,0.34032995
ZINC_250K_10493,COc1cc(/C=C(\C#N)C(=O)Nc2c(C)cccc2C)cc([N+](=O)[O-])c1O,0.34032995
ZINC_250K_8326,CCN(CC)c1ccc2cc(C(=O)Nc3ccc(Cl)cc3)c(=O)oc2c1,0.34032992
ZINC_250K_9032,O=C(CCN1C(=O)[C@@H]2[C@@H](C1=O)[C@H]1C=C[C@@H]2C1)Nc1ccccc1F,0.34032986
ZINC_250K_10038,O=c1c(Cl)cc(C(F)(F)F)cn1C[C@@H](O)COc1ccc2ccccc2c1,0.3403298
ZINC_250K_2298,CC1=C(C(=O)OC[C@H]2CCCO2)[C@H](c2ccc(C(F)(F)F)cc2)NC(=O)N1C,0.34032974
ZINC_250K_3368,C[C@@H]1Oc2ccc(N[C@H](C(=O)NC3CC3)c3ccccc3)cc2NC1=O,0.34032974
ZINC_250K_8521,CC(C)[C@H](C)NC(=O)c1cnc(-c2cccc(C(=O)N(C)C3CCCCC3)c2)nc1,0.34032974
ZINC_250K_4202,O=C(Cc1ccccn1)NNC(=O)C1(c2ccc(F)cc2F)CCCC1,0.3403297
ZINC_250K_9517,Cn1cc[nH+]c1CN1CCN(Cc2cccc(OC3CCCC3)c2)CC1,0.3403297
ZINC_250K_2053,CCOc1cc(CN2CC[NH+]3CCCC[C@@H]3C2)ccc1OC,0.34032962
ZINC_250K_9263,CC(=O)c1c[nH]c(C(=O)N(C)CCC2CCN(c3cc[nH+]cc3)CC2)c1,0.3403296
ZINC_250K_9192,CCC[NH+](C)C[C@@H]1CCN(C(=O)N[C@H](C)c2ccc(Cl)s2)C1,0.34032956
ZINC_250K_2875,Cc1ccc(C(=O)NC[C@@H]2C[C@@H](O)C[NH+]2Cc2ccccc2)c(C)n1,0.34032953
ZINC_250K_9458,COc1ccc(N2C[C@H](CNC(=O)C3CC3)CC2=O)cc1,0.34032953
ZINC_250K_10112,CCc1c(C(=O)N2CCN(S(=O)(=O)N(C)C)CC2)cnn1-c1ccc(F)cc1,0.3403295
ZINC_250K_1474,CCc1ccccc1NC(=O)[C@@H](C)N1CCO[C@H](C)C1,0.34032947
ZINC_250K_5331,CC[C@H]([NH2+]C[C@H]1CCCN(c2ncccn2)C1)c1cc(F)ccc1F,0.34032947
ZINC_250K_2951,[O-]c1nc(-c2cccnc2)nc2c1CC[NH+](Cc1ccnc(N3CCOCC3)n1)C2,0.34032935
ZINC_250K_302,Cc1ccccc1C(=O)Nc1ccc(N2CC[NH+](Cc3ccccc3)CC2)cc1,0.34032935
ZINC_250K_8430,CCO[C@@H]1C[C@@H]([NH+](C)Cc2ccc(-n3cncn3)c(C)c2)C12CCC2,0.34032935
ZINC_250K_1779,COc1ccc(-c2ccc(C[NH2+][C@@H]3CC[C@H]([NH+](C)C)C3)o2)c([N+](=O)[O-])c1,0.3403293
ZINC_250K_3754,CC(=O)N[C@@H](C)c1nc2ccccc2n1CCOc1ccc(C)c(C)c1,0.34032923
ZINC_250K_2789,CCCc1cnc(C)nc1N1CCC([NH2+]C[C@H](O)c2ccccc2)CC1,0.34032917
ZINC_250K_463,CC[C@H](Sc1nnc2cc(C)c3cc(C)cc(C)c3n12)C(=O)Nc1nnc(COC)s1,0.34032914
ZINC_250K_6532,O=C(NCCC1=c2ccccc2=[NH+]C1)c1ccc2c(c1)[C@H](c1ccccc1)ON2,0.34032914
ZINC_250K_7673,C[C@H](C(=O)c1c[nH]c2ccccc12)N1CCO[C@H](c2ccc(F)cc2)C1,0.34032914
ZINC_250K_7898,Cc1ocnc1CNC(=O)N[C@@H]1CCCC[C@H]1CNC(=O)OC(C)(C)C,0.34032914
ZINC_250K_334,COc1ccccc1CNC(=O)COc1ncnc2oc(C)c(C)c12,0.3403291
ZINC_250K_1167,CC[C@H](C(=O)Nc1cc(Cl)cc(Br)c1O)N1CCCC1=O,0.34032908
ZINC_250K_490,COCCCNC(=O)[C@H]1CN(C(=O)c2cccs2)CC12CCCCC2,0.34032908
ZINC_250K_5193,O=C(CSc1nnc(C2CC2)s1)Nc1ccc(F)cc1F,0.34032908
ZINC_250K_6061,C[C@H]1CC[C@@H](C)N(C(=O)c2ccc(OCc3cscn3)cc2)C1,0.34032905
ZINC_250K_5568,O=C(c1cccc(-n2cncn2)c1)N(CC1CCC1)c1ccccc1,0.34032905
ZINC_250K_3978,C#CCNC(=O)c1ccc(N2CC[NH+](CCc3ccccc3)CC2)nc1,0.34032902
ZINC_250K_517,O=C([O-])c1ccccc1-c1ccc(/C=C2\C(=O)N(c3cccc(Br)c3)C(=O)N=C2[O-])o1,0.3403288
ZINC_250K_9615,CC/[NH+]=C(/NCc1ccc(C#N)cc1)N[C@@H]1CCN(c2ccccc2)C1,0.3403288
ZINC_250K_9680,CS(=O)(=O)NC[C@H]1O[C@@H](CC(=O)N2CCN(c3cccc[nH+]3)CC2)[C@H](O)[C@@H]1O,0.34032878
ZINC_250K_8172,O=C(N[C@H](Cn1cncn1)c1ccccc1)N1CCC[C@@H](CO)C1,0.34032875
ZINC_250K_8046,CCc1cc(=O)[nH]c(-c2ccc(N(C)CCc3cccs3)[nH+]c2)n1,0.3403287
ZINC_250K_1607,Cc1ccc(NC(=O)[C@@H](C)Sc2nnnn2C2CC2)c(F)c1,0.3403287
ZINC_250K_88,C[C@H](OC(=O)c1nc(C2CC2)n2ccccc12)c1cnc2ccccc2c1,0.3403287
ZINC_250K_2626,Cc1n[nH]c(/N=C(\[O-])CNC(=O)c2ccccc2F)n1,0.34032863
ZINC_250K_4730,CCOC(=O)NCCC(=O)N[C@H]1CCc2c(O)cccc21,0.34032863
ZINC_250K_7547,CCCNC(=O)c1cccc(CNC(=O)N2C[C@H]3CCCC[C@H]3C2)c1,0.34032863
ZINC_250K_7339,Cc1ccc(NC(=O)N2CCC[C@H](CO)C2)cc1Cl,0.34032863
ZINC_250K_8854,CCc1noc(CC)c1CNC(=O)N[C@H]1CCc2c(F)cccc21,0.34032857
ZINC_250K_4931,Cc1ccc(S(=O)(=O)Nc2nc3ccccc3nc2N2CCCC2)cc1,0.34032854
ZINC_250K_5074,CS(=O)(=O)N(Cc1ccc(C(=O)Nc2cccc(Cl)c2Cl)cc1)c1ccccc1,0.3403285
ZINC_250K_7769,O=C(/C=C/c1cc(Cl)c2c(c1)OCCCO2)OCc1cc(=O)n2ccsc2n1,0.3403285
ZINC_250K_6725,CCN(Cc1ccccn1)C(=O)c1nc(NC)ccc1Cl,0.3403285
ZINC_250K_9717,O=C(Nc1ccccc1F)c1ccc(S(=O)(=O)N[C@H]2CC[NH2+]C2)cc1,0.34032848
ZINC_250K_4772,CCOC(=O)Cc1csc(NC(=O)c2cc(-c3cccs3)[nH]n2)n1,0.34032845
ZINC_250K_2322,CC[C@H](NC(=O)N1CC[C@H](C)[C@@H]1C)c1cccc([N+](=O)[O-])c1,0.34032843
ZINC_250K_5489,O=C(NC[C@H](c1ccco1)N1CCc2ccccc2C1)Nc1ccc(F)cc1,0.3403284
ZINC_250K_2287,CCC(=O)Nc1cccc(C(=O)Nc2ccccc2C(=O)Nc2ccc(OC)cc2)c1,0.3403284
ZINC_250K_7794,CCc1cnc(CCNC(=O)/C=C/c2cc3ccccc3o2)s1,0.34032837
ZINC_250K_9873,CCC(=O)N1CCc2cc(C(=O)NC[C@@](C)(O)CCC(C)C)ccc21,0.34032837
ZINC_250K_686,c1nnn(C23C[C@@H]4C[C@@H](CC(c5nc6c7cn[nH]c7ncn6n5)(C4)C2)C3)n1,0.3403283
ZINC_250K_1886,CCOC(=O)C1=C(C)N=C(C)[C@H]1S(=O)(=O)[N-]c1ccc(Cl)cc1F,0.34032828
ZINC_250K_8084,C[C@@H]1CN(C(=O)c2ccc(F)c(Cl)c2)c2cc(F)ccc2C(=O)N1,0.34032825
ZINC_250K_480,CN(C(=O)CCOc1cccc(C(N)=O)c1)[C@H]1CCC[NH+](C)C1,0.3403282
ZINC_250K_7598,Cc1nc(C(=O)NCC2(c3ccc(F)cc3F)CC2)ccc1C#N,0.3403282
ZINC_250K_1658,COC(CNC(=O)C(=O)Nc1c2c(nn1-c1ccccc1C)CSC2)OC,0.34032816
ZINC_250K_8141,Cc1cc(C(=O)Nc2ccc(OCc3cccc(C#N)c3)cc2)c(C)o1,0.34032816
ZINC_250K_5928,Cc1cccc(-c2noc(CN3CCN([C@H](C)C(N)=O)CC3)n2)c1,0.34032813
ZINC_250K_2727,CCOc1ccccc1NC(=S)N1CCN(c2ccccc2F)CC1,0.34032813
ZINC_250K_3510,O=C(c1ccc2ccccc2c1)N1CCC(c2nc3ccccc3o2)CC1,0.34032813
ZINC_250K_3043,Cc1nn(C)cc1[C@H](C)NC(=O)Nc1ncn(Cc2ccc(C#N)cc2)n1,0.34032813
ZINC_250K_252,NC(=O)c1ccc(NC(=O)c2cccn(Cc3ccc(F)cc3)c2=O)cc1,0.34032813
ZINC_250K_6227,COc1cccc([C@@H]2[C@@H]3C(=O)N(c4ccc(C)cc4)C(=O)[C@H]3ON2c2ccccc2)c1O,0.34032807
ZINC_250K_6151,Cc1ccc(C(=O)Nc2cccc3c2C(=O)N(c2ccccc2)C3=O)cc1[N+](=O)[O-],0.34032807
ZINC_250K_7441,CN1C(=O)[C@@H](CC(=O)Nc2cccc(Cl)c2)S/C1=N\c1cccc(Cl)c1,0.34032807
ZINC_250K_8272,C[C@H]1COC[C@H](C)N1CC(=O)Nc1cc(Cl)ccc1C#N,0.34032807
ZINC_250K_8891,C[C@@H]1CCC[C@H](N(C)C(=O)NCc2ccnc(-n3cccn3)c2)C1,0.34032798
ZINC_250K_1868,CCOC(=O)CCCS(=O)(=O)N1CCCN(C)c2ccc(F)cc21,0.34032798
ZINC_250K_1395,O=C(Nc1cccc(NC(=O)N2CCC[C@H]2c2cccc(F)c2)c1)C1CC1,0.34032795
ZINC_250K_1521,CCCCC(=O)Nc1ccccc1NS(=O)(=O)c1ccc(Cl)cc1,0.34032795
ZINC_250K_8559,COc1cccc([C@H](CNC(=O)C(=O)Nc2cc(F)ccc2C)[NH+](C)C)c1,0.34032792
ZINC_250K_518,COc1ccc(-c2csc(NC(=O)c3ccc(S(C)(=O)=O)cc3)n2)cc1OC,0.34032786
ZINC_250K_7015,O=C(Nc1ncc(Cc2ccc(Cl)cc2)s1)c1ccccc1[N+](=O)[O-],0.3403278
ZINC_250K_6370,CC[NH+](CC)CC1CCN(C(=O)c2cc3cc([N+](=O)[O-])ccc3[nH]2)CC1,0.3403278
ZINC_250K_8591,O=S(=O)(Nc1ccccc1Cn1cncn1)c1ccc2ccccc2c1,0.3403278
ZINC_250K_8276,COc1ccc(S(=O)(=O)NNC(=O)C23CC4CC(CC(C4)C2)C3)cc1[N+](=O)[O-],0.34032777
ZINC_250K_4697,NC(=O)CN1CC2(CCC1=O)CC[NH+](Cc1ccnc3ccccc13)CC2,0.34032774
ZINC_250K_5766,CC[S@@](=O)[C@@H]1CCCC[C@@H]1NC(=O)c1ccc(-n2ccnc2)nc1,0.34032774
ZINC_250K_7745,COc1ccc(NC(=O)CCCNC(=O)c2cccs2)cn1,0.34032768
ZINC_250K_7926,Cc1cc(C(=O)CSc2nnc(-c3ccncc3)n2C2CC2)c(C)n1-c1ccc2c(c1)OCO2,0.34032765
ZINC_250K_7901,Cc1cc(C)n(C[C@@H]2CCCN2C(=O)Cc2cn3ccccc3n2)n1,0.34032765
ZINC_250K_2109,COc1cc(OC)c([C@H]2CC(=O)N3CN(c4ccccc4F)CSC3=C2C#N)cc1OC,0.3403276
ZINC_250K_7495,C[C@@H]1C[C@@H]1C(=O)N1CCN(C[C@H](O)c2ccc(OC(F)F)cc2)CC1,0.34032753
ZINC_250K_4056,O=C(NC[C@@H]1CCCCO1)c1ccc2nc(C3CCCCC3)oc2c1,0.34032753
ZINC_250K_5267,CN(C(=O)[C@@H]1CC(=O)N(C)[C@@H]1c1cccnc1)[C@@H]1CCc2ccccc2C1,0.34032744
ZINC_250K_991,O=C(COc1ncnc2ccc(Br)cc12)Nc1ccccc1Cl,0.34032735
ZINC_250K_9914,C[C@@H](NC(=O)C[NH+]1CCC[C@@H]1Cc1cccc(F)c1)C(=O)N1CCCCC1,0.34032735
ZINC_250K_4840,Cn1cc(S(=O)(=O)N[C@@H]2C[C@@H]2c2cccc(Cl)c2)cn1,0.3403273
ZINC_250K_10124,CCNC(=O)c1cccc(NC(=O)c2cc(Br)c(OCC)c(OC)c2)c1,0.34032726
ZINC_250K_6978,Cc1c(Cl)cccc1-n1ccnc(NCCc2ccccc2)c1=O,0.34032723
ZINC_250K_1642,O=C(Nc1ccnn1Cc1ccc(Cl)cc1)[C@@H]1COc2ccccc2O1,0.3403272
ZINC_250K_5040,CC(C)(NC(=O)Cc1coc(-c2ccc(F)cc2)n1)c1cccc(F)c1,0.3403272
ZINC_250K_6610,C[C@H]1C[C@H]1C(=O)N1CCN(CC(=O)NC(=O)Nc2ccccc2)CC1,0.34032717
ZINC_250K_5527,COCc1cccc(NC(=O)N2CCCN(C(=O)c3cccc(C)c3)CC2)c1,0.34032714
ZINC_250K_2350,Cc1nn(C)c(C)c1-c1cc(C(=O)N[C@@H]2CC[C@H]([NH+](C)C)C2)n[nH]1,0.3403271
ZINC_250K_259,CCOC(=O)C[C@H](C)CNC(=O)C(=O)N1CCc2ccc(C)cc21,0.3403271
ZINC_250K_5503,CC1(C)C[C@H](NS(=O)(=O)c2ccccc2)[C@@]2(CCC(=O)N3CCCC3)CC[C@](C)(O)C[C@@H]12,0.34032708
ZINC_250K_4896,CC[C@@H](C)C[NH+]1CCCN(C(=O)CCc2ccc(OC)cc2)CC1,0.34032696
ZINC_250K_5121,O=C1[C@H](NCc2nnc3n2CCCC3)CCN1c1ccccc1F,0.34032696
ZINC_250K_9067,Cc1ccc2c(c1)[C@@]1(N[C@@H]([C@@H](C)O)[C@H]3C(=O)N(CCc4ccccc4)C(=O)[C@H]31)C(=O)N2,0.34032694
ZINC_250K_9144,CN(CCOCC1CC1)C(=O)c1ccc2[nH]c3c(c2c1)CCCC3,0.34032688
ZINC_250K_2933,COC(=O)c1ccc(CSc2nncc3ccccc23)o1,0.34032688
ZINC_250K_9694,O=C(NCCCn1cc(C(=O)N2CCCC2)nn1)c1ccc(Cl)cc1,0.3403268
ZINC_250K_3291,O=C(NCCNc1ncccn1)Nc1ccc2c(c1)Cc1ccccc1-2,0.34032676
ZINC_250K_10316,Cc1cccc(NC(=O)c2nc(-c3cn(-c4ccccc4)nn3)no2)c1,0.34032664
ZINC_250K_4799,Cc1cccc(C(C)(C)CNC(=O)NC[C@@H](C)C[NH+]2CCN(C)CC2)c1,0.34032664
ZINC_250K_627,COc1cc(F)c([N+](=O)[O-])c(NC[C@@H](O)c2cnn(C)c2)c1,0.3403266
ZINC_250K_4187,C[C@@H]1CCCCN1C(=O)CSc1nnc(-c2cccnc2)n1C1CCCCC1,0.34032658
ZINC_250K_8726,O=C(Cn1c(=S)[nH]c2ccccc2c1=O)N1CCN(c2ccc(F)cc2)CC1,0.34032658
ZINC_250K_4503,CC(C)CCNC(=O)[C@H]1CSCN1C(=O)Cc1cccc(F)c1F,0.34032655
ZINC_250K_4686,O=C1c2ccccc2N[C@@H](c2ccc(F)cc2)N1c1ccc(N2CCOCC2)cc1,0.34032655
ZINC_250K_9328,Cc1cc(NC(=O)C(=O)N[C@@H](CO)CC(C)C)c2ncccc2c1,0.34032655
ZINC_250K_3582,O=C(c1cccc(Oc2ccccc2)c1)N1CCN(S(=O)(=O)c2ccccc2F)CC1,0.3403265
ZINC_250K_8573,COc1cc(OC)c([C@H]2C(C(N)=O)=C(C)Nc3nc(-c4cccc(Cl)c4)nn32)cc1OC,0.3403265
ZINC_250K_4552,CCN1C(=O)[C@](C)(C(=O)NC[C@@H]2CCCO2)Oc2ccccc21,0.34032646
ZINC_250K_5880,CCOc1ccccc1N1CCN(C(=O)CN2CCSC2=O)CC1,0.34032646
ZINC_250K_10301,O=C(CSc1nc(-c2ccc(Cl)cc2)cs1)Nc1cccc2nsnc12,0.34032637
ZINC_250K_2687,Cc1ccc2cccc(Nc3ncnc(Nc4ccc5c(c4)OCO5)c3[N+](=O)[O-])c2n1,0.34032634
ZINC_250K_10386,CC[C@H](C)C[NH+]1CCCN(C(=O)c2cccc(Cl)c2)CC1,0.3403263
ZINC_250K_4661,COc1ccc(C(C)(C)C)cc1NC(=O)C[C@H](NC(N)=O)c1ccccc1F,0.34032628
ZINC_250K_3288,CN(CCOc1cccc(Cl)c1)C(=O)c1ccc2ncsc2c1,0.34032625
ZINC_250K_122,Cc1ccc2ncc(C(=O)Nc3ncccc3OCc3ccncc3)n2c1,0.34032625
ZINC_250K_9876,Cc1ccccc1[C@H](C#N)NC(=O)[C@@H](C)NS(=O)(=O)c1cnn(C)c1,0.3403262
ZINC_250K_9912,CCOC(=O)c1cn[nH]c1S(=O)(=O)NCc1ccco1,0.3403262
ZINC_250K_1142,Cc1cc(C(=O)NCC2CCN(C(=O)Cc3cccs3)CC2)no1,0.34032616
ZINC_250K_5025,Cc1cccnc1CN1CCN(Cc2ncccc2C)[C@H](C(=O)N(C)C)C1,0.34032613
ZINC_250K_8882,COc1ccccc1[C@@H]1CN(C(=O)Cc2sc(C)nc2C)C[C@H]1C(=O)[O-],0.3403261
ZINC_250K_8291,CCC[NH+]1CCN(C(=O)c2cccc(NC(=O)c3ccco3)c2)CC1,0.3403261
ZINC_250K_3931,COc1ccc(NC(=O)c2n[nH]c3cccc(Cl)c23)cc1OC,0.3403261
ZINC_250K_6412,Cc1ccccc1CNC(=O)CO/N=C(\N)c1cccc(C(F)(F)F)c1,0.34032604
ZINC_250K_1532,Cc1ccc2c(c1)N(C(=O)c1ccc(-n3ccnn3)cc1)CCC2,0.34032598
ZINC_250K_555,CC(C)(C)c1ccc(C(=O)N[C@H]2CCN3CCCc4cccc2c43)cc1,0.34032598
ZINC_250K_10201,CC(C)[NH+](CCO)CC(=O)Nc1cc(Cl)ccc1-n1cncn1,0.34032598
ZINC_250K_9678,Cc1ccc([C@@H](C)NC(=O)N[C@@H]2CCC[C@H]([NH+](C)C)C2)cc1F,0.34032598
ZINC_250K_7490,Cc1ccc(-n2ccnc2)c(C(=O)Nc2ccc(NC(=O)C3CC3)cc2)c1,0.34032592
ZINC_250K_7590,C[C@@H]1OCC[C@H]1C(=O)N1CCN(S(=O)(=O)c2cccc(F)c2)CC1,0.34032592
ZINC_250K_9613,CCc1ccc(C(=O)N2CCOC[C@H]2C[C@H](O)c2cccs2)cc1,0.3403259
ZINC_250K_482,Cn1ncc2c1CC/C(=C\c1ccc(-n3cncn3)c(F)c1)C2=O,0.34032586
ZINC_250K_4675,N#C/C(C(=O)c1cnc([C@@H]2CCCO2)s1)=C(/[O-])Nc1ccccc1,0.3403258
ZINC_250K_4529,Cc1ncc2c(n1)CCC[C@H]2NC(=O)[C@H]1SCCc2ccccc21,0.3403258
ZINC_250K_7148,CCN(CC)C(=O)[C@H]1CN(Cc2ccc3c(c2)OCO3)CCN1S(C)(=O)=O,0.3403258
ZINC_250K_2239,CCn1nc(C)c(NC(=O)N[C@H](c2ccccc2F)C2CCCC2)c1C,0.3403258
ZINC_250K_2474,COc1cn(-c2ccccc2)nc1C(=O)Nc1ccc(OC(F)(F)F)cc1,0.3403258
ZINC_250K_6941,O=C(Nc1ccccc1Cl)C1CCN(S(=O)(=O)c2cccs2)CC1,0.3403258
ZINC_250K_3793,O=[N+]([O-])c1ccc(N[C@H]2C[C@H]3CCCc4cccc2c43)nc1,0.34032577
ZINC_250K_2141,Cc1cncc([C@H]2CCCN(C(=O)Cc3cccnc3)C2)n1,0.3403257
ZINC_250K_5542,C[C@@H](c1ccco1)N(C)C(=O)NC[C@@H]1CCC[NH+](C)[C@@H]1c1cccs1,0.3403257
ZINC_250K_2276,CC(=O)Nc1ccc(S(=O)(=O)N[C@@H]2CC(=O)N(c3ccc(F)cc3)C2)cc1,0.3403257
ZINC_250K_4225,C[C@@]1(CCc2ccccc2)NC(=O)N(NC(=O)c2ccc3noc(-c4ccccc4)c3c2)C1=O,0.3403257
ZINC_250K_2055,C[C@@H]1Cc2ccccc2N1C(=O)N[C@H](C)c1nc(C(C)(C)C)no1,0.34032568
ZINC_250K_5125,COc1ccccc1NC(=O)C[C@H](C)[NH2+][C@@H]1CCN(C)C1=O,0.34032565
ZINC_250K_5390,C[C@@H]([NH2+]Cc1nc(C2CC2)cs1)c1c[nH]c2ccc([N+](=O)[O-])cc12,0.34032556
ZINC_250K_5447,CC(C)CC[NH+]1Cc2cccc(NC(=O)[C@H]3CCO[C@@H]3C)c2C1,0.34032553
ZINC_250K_1843,COC(=O)c1ccc(C(=O)NCCc2cc(C)ccc2OC)cn1,0.34032553
ZINC_250K_8014,Cc1c(NC(=O)[C@@H](C)Sc2ncnc3ccccc23)c(=O)n(-c2ccccc2)n1C,0.34032547
ZINC_250K_2518,CCc1ccsc1CNC(=O)NC[C@H](C)N1CCOC[C@@H]1C,0.34032544
ZINC_250K_2753,Cc1ccc(F)cc1NC(=O)c1ccc(S(=O)(=O)N2CCCCC2)cc1,0.34032542
ZINC_250K_6515,O=C(CC[NH+]1CCN(c2cnccn2)CC1)Nc1ccccc1-c1ccccc1,0.3403254
ZINC_250K_5783,COc1cc([C@@H]2Nc3ccc(C(=O)N4CCCC4)cc3[C@@H]3C=CC[C@H]32)ccc1O,0.34032533
ZINC_250K_7309,C[C@H]1[C@@H](NC(=O)CN2C(=O)c3ccccc3CS2(=O)=O)CCC[C@@H]1C,0.34032533
ZINC_250K_9933,CCn1cnnc1CNC(=O)[C@@H](C)Oc1ccc(Cl)cc1Cl,0.34032524
ZINC_250K_3168,Cc1noc(C)c1[C@@H](C)NC(=O)NCC1(c2cccc(F)c2)CCOCC1,0.3403252
ZINC_250K_155,CCCC(=O)N[C@@H]1CCC[NH+](Cc2ncccc2C)C1,0.34032515
ZINC_250K_6314,CCOC(=O)C1(C)CC[NH+]([C@@H](C)C(=O)Nc2cccc(SC)c2)CC1,0.34032506
ZINC_250K_2010,COc1ccc(N2CCN(C(=O)COC(=O)c3ccc(C)c(C)c3)CC2)cc1,0.340325
ZINC_250K_6111,NC(=O)N1CCC[C@H]1C(=O)N[C@@H]1CCCN(c2ccccc2Cl)C1,0.340325
ZINC_250K_9811,CC(=O)N(c1cccc(C)c1)c1nc(COC(=O)Cc2cn3ccsc3n2)cs1,0.340325
ZINC_250K_3968,COc1ccc2[nH]cc(CCNC(=S)Nc3ccccc3C)c2c1,0.34032494
ZINC_250K_170,COc1ccc(NC(=O)N2CCN(C(=O)Cc3csc4ccccc34)CC2)cc1OC,0.34032494
ZINC_250K_2058,COc1ccc(C)cc1NC(=O)[C@H](C)N1CCN(S(C)(=O)=O)CC1,0.34032494
ZINC_250K_10069,O=C1CCc2cc(OC(=O)/C=C/c3ccccc3OC(F)F)ccc2N1,0.34032494
ZINC_250K_2793,Cn1c(N2CCC[C@H](c3nc4ccccc4s3)C2)c(C#N)c(=O)n(C)c1=O,0.34032494
ZINC_250K_7497,C[C@H]1CSc2ccccc2N(S(=O)(=O)c2cc(S(N)(=O)=O)ccc2Cl)C1,0.3403249
ZINC_250K_10273,Fc1ccc(-c2csc(N3CCN(C(=S)NCc4ccccc4)CC3)n2)cc1,0.3403249
ZINC_250K_10272,COc1ccc(-n2nc(C)c3c2N=C(O)C[C@H]3c2ccccc2OCC(C)C)nn1,0.34032488
ZINC_250K_2582,COc1ccc(C)cc1NC(=O)[C@@H](C)Sc1nnnn1C(C)(C)C,0.34032485
ZINC_250K_7567,COc1cc(NC(=O)COc2ccc([N+](=O)[O-])cc2)c(OC)cc1Br,0.34032485
ZINC_250K_2450,C[C@@H]1CCN(C(=O)c2cc(-c3cccnc3)nc3ccccc23)[C@@H](C)C1,0.34032482
ZINC_250K_2744,COc1ccc(C(=O)Nc2ccccc2C(=O)Nc2ccc(F)cc2C)cc1,0.3403248
ZINC_250K_3427,CC(C)[C@H](CNC(=O)c1ccc2c(c1)CCC(=O)N2C)Nc1ccccc1,0.3403248
ZINC_250K_5217,Cc1ccc(CNC(=O)c2csc(Nc3cccnc3)n2)cc1,0.34032476
ZINC_250K_4439,Cc1cc(C)c(NC(=O)CNC(=O)c2cc3c(C)nn(-c4ccc(F)cc4)c3s2)c(C)c1,0.34032476
ZINC_250K_6224,CCC[C@@H]1O[C@@H]2C[C@H]3[C@@H]4CCC5=CC(=O)C=C[C@]5(C)[C@H]4[C@@H](O)C[C@]3(C)[C@]2(C(=O)COC(C)=O)O1,0.3403247
ZINC_250K_5757,Cc1occc1C(=O)N1C[C@H](O)C[C@@H]1c1cc(F)ccc1F,0.34032467
ZINC_250K_6714,C[NH+]1CCC[C@@H](C(=O)Nc2ccc(OC(F)F)c(F)c2)C1,0.34032467
ZINC_250K_7221,Cc1cc(C)cc(-n2ncc3c2CCC[C@H]3[NH2+]Cc2ccc(F)c(F)c2)c1,0.34032464
ZINC_250K_5270,C[C@@H]1[C@@H](C)CCC[C@H]1NC(=O)C(=O)Nc1ccc(Oc2cccnc2)nc1,0.34032464
ZINC_250K_8911,O=C(Nc1ccccc1N1CCN(C(=O)c2ccccc2)CC1)c1cccnc1,0.3403246
ZINC_250K_6780,COc1ccccc1NC(=O)[C@@H](C)Nc1ccc(C)c(C(N)=O)c1,0.3403246
ZINC_250K_7232,CCOC(=O)c1oc2ccc(Cl)cc2c1NC(=O)C[NH+]1CCCCC1,0.34032458
ZINC_250K_5334,O=C(CN1C(=O)COc2ccc(S(=O)(=O)N3CCCCC3)cc21)Nc1ccc(Cl)cc1,0.34032458
ZINC_250K_6022,CN(C)C(=O)C1CCN(C(=O)NCc2cn(-c3ccccc3)nn2)CC1,0.34032452
ZINC_250K_8863,CCn1nc(C)c(NC(=O)N(C2CC2)[C@@H]2CCCc3ccccc32)c1C,0.34032452
ZINC_250K_806,Cc1ccccc1-c1nn(CN2CCCc3ccc(S(C)(=O)=O)cc32)c(=S)o1,0.3403245
ZINC_250K_1706,COc1ccc(CN2CCN(C(=O)C34CC5CC(CC(C5)C3)C4)CCC2=O)cc1,0.3403245
ZINC_250K_3371,Cc1cccc(C(=O)N2CCC(Oc3cccnc3)CC2)c1,0.3403245
ZINC_250K_3574,Cc1noc(CCCC(=O)N2CCN(Cc3ccncc3)CC2)n1,0.34032446
ZINC_250K_7250,Cc1ccccc1-n1c(SCC(=O)Nc2ccc(Br)cc2)nnc1-c1cccnc1,0.34032443
ZINC_250K_9122,Cc1nc(-c2ccc(S(=O)(=O)Nc3ccc(C[NH+]4CCCCC4)cc3)cc2)co1,0.3403244
ZINC_250K_8012,Cc1ccc(Br)cc1NC(=O)CCNC(=O)C1=CCCCO1,0.3403243
ZINC_250K_6877,CCCC(=O)Nc1ccc(CNc2cccc(F)c2C(C)=O)cc1,0.3403243
ZINC_250K_10445,Cc1cc(-c2csc(CC(=O)N(C)C)n2)c(C)n1NC(=O)c1ccccc1,0.3403243
ZINC_250K_8703,C=CCN1C(=O)/C(=C2\C(=O)N(CC(=O)Nc3ccccc3Cl)c3ccccc32)SC1=S,0.34032428
ZINC_250K_9954,O=C([O-])C1CCN(C(=O)CCN2C(=O)[C@H]3Cc4ccccc4CN3C2=O)CC1,0.34032425
ZINC_250K_8180,Cc1cc(=O)oc2cc(NC(=O)[C@@H]([NH3+])Cc3c[nH]cn3)ccc12,0.34032422
ZINC_250K_4408,COc1ncccc1C(=O)N1CCCSC[C@H]1CN1CCOCC1,0.34032422
ZINC_250K_1585,O=C(c1cc2cccc(Cl)c2o1)N1CCC([C@@H](O)c2ccccc2)CC1,0.34032416
ZINC_250K_3900,O=C(Nc1cccc(OCc2nnnn2C2CC2)c1)c1ccccc1,0.3403241
ZINC_250K_4249,Cn1c(=O)n(C)c2cc(N3CCCCC3)c(NC(=O)Nc3ccccc3F)cc21,0.3403241
ZINC_250K_3034,O=C1COc2cc(C(=O)Nc3nc4c(s3)CCCC4)ccc2N1,0.3403241
ZINC_250K_4296,O=C(NCC12CC3CC(CC(C3)C1)C2)c1ccc(S(=O)(=O)NC[C@@H]2CCCO2)cc1,0.34032404
ZINC_250K_4184,Cc1ccc([C@H]2Nn3c(C)nnc3S[C@H]2C(=O)NCc2ccco2)cc1,0.34032404
ZINC_250K_9755,NC(=O)c1cnc(-c2ccccc2)n(CC(=O)Nc2ccc3c(c2)OCCO3)c1=O,0.34032398
ZINC_250K_4434,Cc1cc(C)cc(C(=O)N[C@H](C)C(=O)N2CCC3(CC2)[NH2+]CCC2=NC=N[C@@H]23)c1,0.34032393
ZINC_250K_145,Cc1cccc(NC(=O)CN2CCN(c3ccc4c(c3)OCCO4)C2=O)n1,0.34032393
ZINC_250K_7418,CCN(CCS(C)(=O)=O)Cc1cn(C)nc1-c1ccc2c(c1)OCCCO2,0.34032375
ZINC_250K_7618,O=C(CSc1nnc(-c2ccccc2F)o1)Nc1ncc([N+](=O)[O-])s1,0.34032375
ZINC_250K_9124,Cc1cc(OCC(=O)Nc2c(C)cccc2C)nc(N2CCCCCC2)n1,0.3403237
ZINC_250K_2544,Cc1cnc(NC(=O)Cc2csc(NC(=O)c3ccc4c(c3)OCO4)n2)s1,0.34032363
ZINC_250K_5409,Cc1csc(-c2cccc(NC(=O)N3CCSC(C)(C)C3)c2)n1,0.3403236
ZINC_250K_4996,CCCCn1c(C)c(CC(=O)N2CCC(COC)CC2)c2c1CCCC2=O,0.34032354
ZINC_250K_8369,Cc1ccc(F)c(C(=O)NNC(=S)NC[C@@H]2CCCO2)c1,0.34032354
ZINC_250K_9760,Cc1cccc(NC(=O)CN2CCN(S(=O)(=O)c3cccs3)CC2)c1,0.34032354
ZINC_250K_6520,CCOC(=O)c1nnsc1Nc1ccccc1N,0.34032354
ZINC_250K_4565,CCc1nn(C)c(OC)c1CNC(=O)c1cnc(N)c(Cl)c1,0.34032354
ZINC_250K_1336,C[C@@H](c1ccc2ccccc2c1)N(C(=O)NC[C@H]1CCCO1)C1CC1,0.34032354
ZINC_250K_4065,CCc1ccc(-n2ccc3c(nnc4c(C(=O)OC)cnn43)c2=O)cc1,0.3403235
ZINC_250K_2155,O=C(NCc1cccc(OC(F)F)c1)NC[C@H](O)c1ccc2ccccc2c1,0.3403235
ZINC_250K_957,Cc1cc(C)n(C[C@@H](C)CNC(=O)NCc2cc3ccccc3o2)n1,0.34032345
ZINC_250K_5187,O=C(NCc1cc(-c2ccc(F)cc2F)on1)c1ccc(=O)oc1,0.34032345
ZINC_250K_4740,C=CCOCCCC(=O)N1CCc2cc(F)ccc2[C@@H]1C,0.34032345
ZINC_250K_7130,O=C(Nc1ccc2c(c1)OCCO2)N1CCCCC[C@H]1c1ccccc1Cl,0.3403234
ZINC_250K_8148,COc1cccc(F)c1[C@H](C)NC(=O)N(C)C[C@H]1CC[NH+](C)C1,0.34032336
ZINC_250K_8896,Cn1ccnc1C(=O)[C@@H]1CCCN(C(=O)c2n[nH]c3ccccc23)C1,0.34032336
ZINC_250K_8268,COc1cc(CN2CCOC3(CCCCCC3)C2)c([N+](=O)[O-])cc1O,0.34032336
ZINC_250K_10463,COc1nc(C(=O)N(CCC(F)(F)F)C2CCCC2)cc2ccccc12,0.34032333
ZINC_250K_478,COc1ccc(OC)c(NC(=O)c2ccc3c(c2)C(=O)N(c2cc(C)on2)C3=O)c1,0.34032333
ZINC_250K_2900,O=C(Cc1noc2ccccc12)Nc1ccc(-n2cnc3ccccc32)cc1,0.34032333
ZINC_250K_3224,COCc1cccc(O[C@@H]2CC[C@](C#N)(NC(C)C)C2)c1,0.34032327
ZINC_250K_7795,Cc1nn(CC(=O)NCc2cccs2)c(=O)c2cc3sccc3n12,0.3403232
ZINC_250K_2146,O=C(c1ccc(Cl)cc1)N1CCC(Cn2cnc3ccccc32)CC1,0.3403232
ZINC_250K_7836,CCOC(=O)c1c(-c2ccccc2)csc1NC(=O)c1ccncc1,0.34032318
ZINC_250K_2164,O=C(c1cc2ccccc2[nH]1)N1CCC(/C=C(\[O-])NC2CCCCC2)CC1,0.34032318
ZINC_250K_1163,O=C(c1ccc(-c2ccccc2)cc1)N1CCN=C1SCc1cccc(F)c1,0.34032318
ZINC_250K_5543,CCOc1ccc([C@H](NC(=O)c2cccnc2)c2ccc3cccnc3c2O)cc1,0.34032318
ZINC_250K_2880,CCn1c(S[C@@H](C)C(=O)N[C@@H](C)c2ccccc2)nc2ccc(Br)cc2c1=O,0.34032312
ZINC_250K_5005,CCN(C[C@@H]1COc2ccccc2O1)C(=O)c1cccc(-n2cnnn2)c1,0.34032312
ZINC_250K_6471,Cc1nn(-c2ccccc2)c(C)c1CN(C)C(=O)CC1CCCC1,0.3403231
ZINC_250K_5211,COCCn1c(C)c(C)c2cc(C(=O)N3C[C@@H](C)OCC3(C)C)ccc21,0.340323
ZINC_250K_1314,CC[C@H]1CCCC[C@H]1N(C)C(=O)c1ccc2c(c1)NC(=O)CN2CC,0.340323
ZINC_250K_9074,COCCCC(=O)Nc1ccc2c(c1)CCN2C(C)=O,0.34032294
ZINC_250K_4865,CCc1nn(C)cc1NC(=O)C(=O)N1CCN(CC(F)(F)F)[C@@H](C)C1,0.34032288
ZINC_250K_5039,O=C(NC[C@H]1CCc2ccccc2O1)Nc1ccnn1CC1CC1,0.34032288
ZINC_250K_0,CC(C)(C)c1ccc2occ(CC(=O)Nc3ccccc3F)c2c1,0.34032285
ZINC_250K_4696,COC(=O)c1c(/N=C/c2cc([N+](=O)[O-])ccc2Cl)sc2c1CCC2,0.34032285
ZINC_250K_7447,O=C(c1cncs1)N1CCC(n2c(CCc3ccccc3)nc3cccnc32)CC1,0.34032285
ZINC_250K_6384,O=C(NCCC[NH+]1CCOCC1)c1cc2cc([N+](=O)[O-])ccc2oc1=O,0.34032282
ZINC_250K_5775,Cc1nc2ccc(NC(=O)N(C)CCOc3ccccc3)cc2s1,0.34032282
ZINC_250K_5976,CCOc1ccc(CN2C[C@H]([NH+](C)C)C[C@H]2C(=O)OC)cc1Cl,0.34032282
ZINC_250K_1895,CC(C)n1ncc2cc(NC(=O)CCc3ccccc3)cnc21,0.34032282
ZINC_250K_59,COc1ccc2c(c1)N(C(=O)CCSc1ccccn1)C[C@@H](C)O2,0.3403228
ZINC_250K_9897,COc1cc(CNC(=O)CCc2cccc(F)c2)ccn1,0.3403228
ZINC_250K_4364,CCc1cc2c(N3CCC[C@H]3c3nncn3CC(C)C)ncnc2s1,0.3403228
ZINC_250K_3601,Cc1ccc(CC(=O)N2CCC[C@H](C(=O)NCC(F)(F)F)C2)s1,0.34032276
ZINC_250K_8487,Cc1nc2nc(NC(=O)[C@H]3CCCO3)nn2c(O)c1Cc1ccccc1,0.34032276
ZINC_250K_4682,O=C(Nc1ccccc1)N1CCOc2ccc(COCc3ccc(F)cc3)cc2C1,0.34032273
ZINC_250K_1164,COc1ccc(OCCCC(=O)N[C@@H]2CCOc3ccccc32)cc1,0.34032273
ZINC_250K_1149,CC(C)(C)c1ccc(C(=O)N(Cc2cccnc2)c2nc3ccc(S(C)(=O)=O)cc3s2)cc1,0.34032267
ZINC_250K_1739,O=C(Cc1nc(COc2ccc(Cl)cc2)n[nH]1)NNc1ccccc1,0.34032267
ZINC_250K_4399,Cc1cc(Cl)c([N+](=O)[O-])cc1NC(=O)CCn1cc[nH+]c1C(C)C,0.3403226
ZINC_250K_4966,Cc1ccc(NC(=O)NCCc2nc(-c3ccc(Cl)cc3)cs2)cc1,0.34032255
ZINC_250K_745,Cc1cccc(NC(=O)[C@H](C)[S@@](=O)Cc2ccc(F)c(F)c2)c1C,0.34032255
ZINC_250K_5872,Cc1ccc(C)c(S(=O)(=O)N2CCN(C(=O)c3cnn(C(C)(C)C)c3)CC2)c1,0.34032255
ZINC_250K_7275,COC(=O)c1ccc(C(=O)Nc2sc3c(c2C#N)CC[NH+](Cc2ccccc2)C3)cc1,0.3403225
ZINC_250K_2226,COc1cc(C#N)ccc1OCC(=O)Nc1cc(C(F)(F)F)ccc1C,0.3403225
ZINC_250K_9541,Cc1cc(SCC(=O)N2CCCc3ccccc32)nc(=O)[nH]1,0.3403224
ZINC_250K_5593,COc1ccc(Cn2cnc3c(cnn3C)c2=O)cc1F,0.3403224
ZINC_250K_2958,C[C@@H](Cc1ccccc1F)NC(=O)C(=O)Nc1cc(CC(C)(C)C)nn1C,0.3403224
ZINC_250K_2284,Cc1nc2[nH]n(C)c(=O)c2c(C)c1CC(=O)Nc1cncc2ccccc12,0.3403224
ZINC_250K_8477,O=C(Cn1nc2nc(Nc3ccccc3)ccn2c1=O)Nc1cccc(C(F)(F)F)c1,0.34032235
ZINC_250K_9862,COc1ccc(NC(=O)CSc2ccc(-c3ccccc3OC)nn2)cc1,0.34032235
ZINC_250K_3614,COCCCn1c(C)cn2c3c(=O)n(Cc4ccccc4F)c(=O)n(C)c3nc12,0.34032235
ZINC_250K_7375,CC(C)Oc1cccc(/C=C/C(=O)NCc2cc(C#N)ccc2F)c1,0.34032235
ZINC_250K_8644,O=C(NCc1nnc2n1CCCCC2)c1cncc(Br)c1,0.34032232
ZINC_250K_2295,C[NH+](C)CCN(Cc1ccc(F)cc1)C(=O)Cc1n[nH]c(=O)c2ccccc12,0.34032232
ZINC_250K_2018,CCCn1c(C[NH+]2CCCCCC2)nc2cc(NC(=O)C(C)C)ccc21,0.3403223
ZINC_250K_6760,Cc1cc(C(=O)CN2C(=O)N[C@@](C)(c3ccc(Cl)cc3)C2=O)c(C)n1-c1ccccc1,0.3403223
ZINC_250K_2095,O=C(Cn1cccc(C(F)(F)F)c1=O)N1CCCc2c(Cl)ccc(F)c21,0.34032226
ZINC_250K_6315,Cc1ccc(NC(=O)Nc2nnc(N3CCC[C@@H](C)C3)s2)cc1,0.34032223
ZINC_250K_3761,O=C(Nc1ccc(C(F)(F)F)cc1)c1ccc(NCc2ccccc2)nc1,0.3403222
ZINC_250K_4118,COc1cccc(C(=O)NC(=S)Nc2ccc3c4c(cccc24)CC3)c1,0.3403222
ZINC_250K_7746,Cc1ccc(C(=O)Nc2ccc(C(=O)N3CCC(C(=O)NC4CCCCC4)CC3)cc2)cc1,0.34032217
ZINC_250K_8297,Cc1cccc(C)c1C(=O)Nc1cc(S(=O)(=O)NC2CC2)ccc1O,0.34032217
ZINC_250K_3428,COc1cc(CNC(=O)Nc2cccc(Br)c2)ccc1OCCO,0.3403221
ZINC_250K_5494,Cc1ccc(N2C[C@@H](C(=O)OCc3nc(C)no3)CC2=O)cc1,0.34032208
ZINC_250K_4167,O=C(NCC1(c2cccc(F)c2)CCOCC1)c1ccc2ccccc2n1,0.34032208
ZINC_250K_9820,COCc1cnc2c(c1SCC(=O)Nc1ccc(F)cc1)c(=O)n(C)c(=O)n2C,0.34032208
ZINC_250K_1832,CCSCC[C@H](C)NC(=O)c1ccc2c(c1)NC(=O)CN2CC,0.34032208
ZINC_250K_9602,COc1ccc(S(=O)(=O)NC(=O)Nc2nc(-c3ccc(F)cc3)cs2)cc1,0.34032205
ZINC_250K_9110,C[C@@H]([NH2+][C@@H]1CCSc2ccc(F)cc21)c1ccc(-n2ccnn2)cc1,0.340322
ZINC_250K_1154,COc1ccc(NC(=O)C2CCN(S(C)(=O)=O)CC2)c(OC)c1,0.34032196
ZINC_250K_1241,CN(C(=O)c1ccc(CN2CC[NH+](C)CC2)cc1)[C@@H]1CCc2ccccc21,0.34032193
ZINC_250K_3064,Cc1cccc(S(=O)(=O)Nc2ccc(CC(=O)NC3CC3)cc2)c1,0.3403219
ZINC_250K_3448,CCOc1ccccc1CNC(=O)N1CCCC[C@H]1C,0.3403219
ZINC_250K_6065,CCOc1cc(C)ccc1NC(=O)CN1C(=O)c2ccc(C)cc2C1=O,0.3403219
ZINC_250K_10060,Cc1nn(-c2ccccc2F)c2ncc3c(c12)C(=O)N(c1ccc(C(C)C)cc1)C3=O,0.34032187
ZINC_250K_4004,C[C@@H]1CC(=O)c2cc(C(=O)Nc3ccccc3Cl)c(=O)[nH]c2C1,0.34032187
ZINC_250K_6246,COc1ccc([C@@H]2[C@H](C(=O)N3CCC[C@H](C)C3)CCC(=O)N2C)cc1,0.34032184
ZINC_250K_5705,Cc1ccc(OCC(=O)Nc2ccc(-n3ccnc3C)nc2)cc1,0.34032184
ZINC_250K_5865,Oc1cccc(C[NH+](Cc2c[nH]nc2-c2cccnc2)CC2CC2)c1,0.3403218
ZINC_250K_4536,COC(=O)CCOc1ccc(NC(=O)N2C[C@@H](C)CC[C@H]2C)cc1,0.3403218
ZINC_250K_5365,Cn1c(C(=O)NCc2cn(-c3ccccc3)nn2)c(Cl)c2ccccc21,0.34032178
ZINC_250K_1365,COCc1nc(C(=O)N2CCC[C@@H](n3cccn3)C2)cs1,0.34032166
ZINC_250K_1689,N/C(=N/OCCN1CCCS1(=O)=O)c1cc2ccccc2o1,0.34032166
ZINC_250K_826,CCC[C@@H]1C[C@H]1NC(=O)C1(c2ccc(F)cc2F)CCOCC1,0.34032163
ZINC_250K_7065,Cc1csc(N2CCN(C(=O)NCc3cc4ccccc4o3)CC2)n1,0.34032157
ZINC_250K_2160,C[C@H](CNC(=O)Nc1cc(F)ccc1-n1cccn1)C[C@H](C)O,0.3403215
ZINC_250K_7347,CC(C)n1cc(C(=O)NCc2ccccc2)c(=O)c(C(=O)N2CCC(c3ccccc3)CC2)c1,0.34032145
ZINC_250K_521,N#Cc1ccc(OC2CCC(NC(=O)c3ccc[nH]3)CC2)nc1,0.34032145
ZINC_250K_10283,C[C@@H](C[NH+]1CCC2(CC[C@@H](CNC(=O)c3ccco3)O2)CC1)c1ccccc1,0.34032145
ZINC_250K_6453,COc1ccc([C@@H](C)[NH+](C)CCC(=O)Nc2ccccc2Cl)cc1,0.34032142
ZINC_250K_5674,Cc1nnsc1C(=O)N1CCC[C@H](c2nnc(-c3ccccc3F)s2)C1,0.34032133
ZINC_250K_8230,O=C(Cc1csc(-c2ccccc2)n1)Nc1cccc(F)c1,0.34032127
ZINC_250K_6235,CCOc1ccc([C@@H]2Nc3ccc(C(=O)N4CCCC4)cc3[C@H]3C=CC[C@@H]32)cc1,0.34032124
ZINC_250K_1555,Cc1cccc(NC(=O)NC(=O)CN2C(=O)c3ccccc3S2(=O)=O)c1C,0.3403212
ZINC_250K_3148,O=c1c(-c2ccccc2F)coc2c(C[NH+]3CCCOC3)c(O)ccc12,0.3403212
ZINC_250K_4360,COc1ccccc1CN(C(=S)Nc1ccc(Cl)cc1C)C1CC[NH+](C)CC1,0.34032118
ZINC_250K_2472,Cn1nc(C(=O)NCc2ccco2)cc1NC(=O)Cc1ccccc1,0.34032112
ZINC_250K_1743,CC1(NC(=O)NCCCN2CCCCCC2=O)Cc2ccccc2C1,0.34032112
ZINC_250K_6403,O=C(NC[C@@H]1CC[NH+](Cc2cccc(O)c2)C1)c1cc2ccccc2[nH]1,0.34032106
ZINC_250K_8409,CN1C(=O)N(Cc2ccc3ccccc3c2)C(=O)C12CC[NH+]([C@H]1CCSC1)CC2,0.34032106
ZINC_250K_6082,O=[N+]([O-])c1cccnc1N1CCC[C@@H](c2[nH]cc[nH+]2)C1,0.340321
ZINC_250K_9630,Cc1ccc(NC(=O)C[S@@](=O)CC(=O)Nc2ccc3c(c2)CCC3)cc1Cl,0.340321
ZINC_250K_7903,Cc1noc2nc(-c3ccc(F)cc3)cc(C(=O)NCC(=O)NCC(F)(F)F)c12,0.340321
ZINC_250K_5246,NC(=O)c1ccc(N2CCN(Cc3ccc(F)cc3F)CC2)cc1,0.340321
ZINC_250K_6881,CO[C@@H]1CCCC[C@H]1NC(=O)N(C)CCN1CCN(c2ccccc2)CC1,0.340321
ZINC_250K_9701,COCCNC(=O)Cn1nc(C(F)(F)F)cc1C1CC1,0.340321
ZINC_250K_5873,Cc1nn(-c2ccc(F)cc2)cc1-c1ccnc(NCc2ccccc2)n1,0.34032097
ZINC_250K_6004,Cc1cccc2[nH]cc(CCNC(=O)N3CC[C@@](O)(C(F)(F)F)C3)c12,0.34032094
ZINC_250K_746,CNS(=O)(=O)c1cccc([C@H](C)NC(=O)c2ccc(Cn3cccn3)cc2)c1,0.34032094
ZINC_250K_4922,O=C(Nc1ccc(F)cc1)[C@H]1CC(=O)N(CCc2ccccc2)/C(=N/c2ccc(F)cc2)S1,0.34032091
ZINC_250K_1941,O=C(NCc1ccccc1F)c1ccc(CN2C(=O)CCC2=O)cc1,0.34032091
ZINC_250K_42,NC(=O)CCOc1ccc(NC(=O)C[C@H]2CCc3ccccc32)cc1,0.34032091
ZINC_250K_10048,C[C@@H](Oc1ccccc1C#N)C(=O)N1CCC[C@@H](C(F)(F)F)C1,0.34032086
ZINC_250K_3557,COc1cccc(Nc2nnc(S[C@H]3Cc4ccccc4[C@H]3O)s2)c1,0.34032083
ZINC_250K_52,O=C1C[C@H](c2nc(-c3cccnc3)no2)CN1c1cccc(Cl)c1,0.3403208
ZINC_250K_1580,CC1=C2[C@H](c3cccc(OCC(C)C)c3)CC(=O)N[C@@H]2N(c2ccc([O-])nn2)N1,0.34032077
ZINC_250K_8349,C[C@@H](N[C@H]1CCc2[nH]ncc2C1)c1c(Cl)ccc(F)c1Cl,0.34032074
ZINC_250K_1561,CNC(=O)c1nn(CN2CCN(c3cccc(C)c3C)CC2)c(=O)c2ccccc12,0.34032074
ZINC_250K_4937,Cc1oc2ncnc(N3CCC[C@@H](C(=O)NC4CCCCCC4)C3)c2c1C,0.3403207
ZINC_250K_2508,CC(C)NC(=O)c1ccc(CN2C(=O)CSc3ccccc32)o1,0.34032068
ZINC_250K_5120,C[C@H]1CCCC[C@H]1NC(=O)c1cc2ccccc2nc1N1CCCC1,0.34032062
ZINC_250K_7449,CCn1cc(-c2cc(C(=O)N(C)Cc3ccc4c(c3)C[C@H](C)O4)no2)cn1,0.34032062
ZINC_250K_3859,O=C(NCCc1nc2ccccc2s1)c1cc(C2CC2)[nH]n1,0.3403206
ZINC_250K_4243,O=C(CS(=O)(=O)Cc1noc(C2CC2)n1)Nc1ccc(F)c(F)c1,0.3403206
ZINC_250K_10240,C[C@H]1CCC[C@](C#N)(NC(=O)CCCc2cc(F)ccc2F)C1,0.34032056
ZINC_250K_9319,COc1ncccc1N(C)C(=O)c1cnc([C@@H]2CCCO2)s1,0.34032056
ZINC_250K_9632,CNC(=O)c1ccc(Cl)c(NC(=O)C[C@H](C)c2cccc(OC)c2)c1,0.34032056
ZINC_250K_6900,O=C(c1ccc(CNS(=O)(=O)c2ccccc2)cc1)N1CCC(Cc2ccccc2)CC1,0.34032056
ZINC_250K_8756,CCC(=O)N1CCc2cc(-c3ccc(C(=O)NC4CC4)cc3)ccc21,0.34032056
ZINC_250K_3796,COc1cn(CC(=O)NCc2ccc3c(c2)OCO3)c(C[NH+]2CCCCC2)cc1=O,0.34032056
ZINC_250K_3892,COc1cccc([C@H]2[C@@H](C(=O)Nc3ccccc3)C(=O)C[C@@](C)(O)[C@H]2C(=O)Nc2ccccc2)c1,0.34032053
ZINC_250K_8213,O=C(Cn1c(=O)c2nncn2c2ccccc21)Nc1cccc(F)c1,0.34032047
ZINC_250K_7235,O=C(Nc1ccc(OC(F)(F)F)cc1)c1cc([O-])n(-c2ccccc2)c(=O)n1,0.34032044
ZINC_250K_2241,CCCNC(=O)[C@H]1CCCN1S(=O)(=O)c1ccc(Cl)cc1,0.3403204
ZINC_250K_1322,Cc1noc(C)c1[C@H]1CCCN1C(=O)CCc1nc(-c2ccccc2)no1,0.34032038
ZINC_250K_7923,COc1cc(C(=O)Nc2nc3ccc(S(=O)(=O)N(C)C)cc3s2)cc(OC)c1OC,0.3403203
ZINC_250K_5096,O=C(Nc1cccc2cnccc12)N(Cc1ccccc1F)C1CC1,0.3403203
ZINC_250K_10222,COc1cc(C)cc(C[NH+]2CCN(c3ncccc3F)CC2)c1O,0.34032026
ZINC_250K_2463,Cc1ccc(-c2nc(C(=O)NC[C@H](O)c3ccccc3)cc3c2[nH]c2ccccc23)cc1,0.34032023
ZINC_250K_4007,COc1cccc(CN(C)C(=O)N[C@H]2CCC[NH+](Cc3ccccc3)C2)c1,0.34032023
ZINC_250K_447,CC(C)Oc1ccc(-c2nc(C(=O)O[C@@H](C)[C@@H]3CCOC3)cs2)cc1,0.34032023
ZINC_250K_472,N#C/C(C(=O)NC1CCCC1)=C(/[O-])Cc1cnn(-c2ccccc2)c1,0.34032017
ZINC_250K_6799,CSc1ccc(CNC(=O)CNC(=O)[C@]2(C)CN(S(C)(=O)=O)CC(=O)N2C)cc1,0.34032017
ZINC_250K_204,O=C(NCCNS(=O)(=O)c1cccc(Cl)c1F)c1cccnc1,0.34032014
ZINC_250K_1808,Cc1c(O)cccc1C(=O)N1C[C@@H](O)C[C@@H]1c1cccc(C(F)(F)F)c1,0.34032005
ZINC_250K_8290,CC[NH+]1CCC[C@@H]1CNC(=O)c1nc(COc2c(C)occc2=O)no1,0.34032002
ZINC_250K_7734,COC(=O)CCn1c(=O)cc(C(F)F)c2cn(Cc3ccccc3)nc21,0.34032002
ZINC_250K_1189,Cc1ccc(NC(=O)NC(=O)COC(=O)c2ccc(-n3cccc3)cc2)c(C)c1,0.34032002
ZINC_250K_3118,COC(=O)[C@H](C)NC(=O)c1nc(-c2ccccc2)n2c1CCCCC2,0.34032
ZINC_250K_5492,O=C(c1cccc(Cl)c1)N1CCC(CN2CCOCC2)CC1,0.34031996
ZINC_250K_9120,Cc1cccc(C(=O)Nc2cccc(OCC(=O)N3CCCC3)c2)c1,0.3403199
ZINC_250K_3957,Cc1ccc2cc(C#N)c(NCCNC(=O)C34CC5CC(CC(C5)C3)C4)[nH+]c2c1C,0.3403199
ZINC_250K_2878,Cc1ccc(NC(=O)c2c[nH]cc2-c2ccc(F)cc2)cc1C(=O)N(C)C,0.34031987
ZINC_250K_2062,O=C(C1CCN(c2ccc(OC(F)F)cn2)CC1)N1CCc2ccccc21,0.34031984
ZINC_250K_5245,C=CCNS(=O)(=O)c1ccc(C(=O)N2CC[C@@H](C)[C@H](O)C2)cc1,0.34031978
ZINC_250K_10459,COC(=O)C1CCN(C(=O)c2cc(C3CC3)nc3c(C)cc(C)cc23)CC1,0.34031975
ZINC_250K_628,COc1ccc(C(=O)N2CCC([C@@]3(C)NC(=O)N(C4Cc5ccccc5C4)C3=O)CC2)cc1,0.3403197
ZINC_250K_8619,COC(=O)c1cccc(CCNC(=O)N[C@H]2[C@H]3CCO[C@@H]3C23CCC3)c1,0.3403197
ZINC_250K_2820,Fc1ccc2c(c1)[C@H](Nc1nc(-c3cccnc3)nc3ccccc13)CCS2,0.3403197
ZINC_250K_5306,Cc1c(-c2ccc(F)cc2)nn2c1N=C(O)C[C@H]2C(=O)Nc1ccccc1,0.34031957
ZINC_250K_5655,COc1ccc(NC(=O)C2CN(S(C)(=O)=O)C2)c(OC)c1,0.34031954
ZINC_250K_8476,Cc1ccc(CN2C(=O)CC[C@@H]2C(=O)O[C@H](C)c2nccs2)cc1,0.3403195
ZINC_250K_2772,COc1ccc(NC(=O)c2ccc(C)nc2)cc1NS(C)(=O)=O,0.3403195
ZINC_250K_3084,COC(=O)c1ccc(C)c(S(=O)(=O)NCc2cccc3cccnc23)c1,0.3403195
ZINC_250K_3600,CNC(=O)c1cccc(NC(=O)COc2cccc3c2CCC3=O)c1,0.34031945
ZINC_250K_186,Cc1cc(NC(=O)CSc2nnc3c4ccccc4n(C)c3n2)ccc1Br,0.34031945
ZINC_250K_9335,CC1CCC(NC(=O)c2ccc3c(c2)C(=O)N(Cc2ccco2)C3=O)CC1,0.34031942
ZINC_250K_6195,Cn1c(SCC(=O)Nc2cc(=O)n(C)c(=O)n2C)nnc1-c1ccccc1Br,0.3403194
ZINC_250K_3394,CCOc1ccc(-c2nc3ncccn3c2NCc2ccc(Cl)cc2)cc1OC,0.3403194
ZINC_250K_4593,COc1ccc(/C=C2\SC(=O)N(CC(=O)NCC(=O)[O-])C2=O)cc1OC,0.3403194
ZINC_250K_10090,Cn1nnnc1SCC(=O)N[C@H]1CCSc2ccc(F)cc21,0.3403194
ZINC_250K_2930,Cc1cccc(OCCCCC(=O)N2CCc3ccc([N+](=O)[O-])cc3C2)c1,0.3403194
ZINC_250K_2342,Cc1cc(C)nc(-n2nc(C)cc2NC(=O)CN2CCOC[C@H]2C2CC2)n1,0.3403193
ZINC_250K_868,O=C(CNc1ccc(Cl)cc1NC(=O)c1ccco1)Nc1ccc(F)c(Cl)c1,0.34031925
ZINC_250K_6734,Cc1ccc(NC(=O)CCNC(=O)c2c(O)cccc2O)c(Cl)c1,0.34031925
ZINC_250K_1653,C/C(=C\C(=O)NC[C@H]1CCCO1)NNC(=O)Cc1cccc2ccccc12,0.34031925
ZINC_250K_7314,O=C(NC[C@@H]1CN2CCCC[C@@H]2CO1)N[C@@H]1C[C@H]1c1ccccc1,0.3403192
ZINC_250K_6695,C[C@H]1CCC[C@@H](NC(=O)CSc2nnc(-c3ccc(F)cc3)o2)C1,0.3403192
ZINC_250K_9793,COc1ccc([C@@H]2Nn3c(C)nnc3S[C@H]2C(=O)Nc2ccc(F)cc2)cc1,0.3403192
ZINC_250K_5367,O=C(NCc1ccccc1F)NC1CCN(C(=O)c2ccco2)CC1,0.3403192
ZINC_250K_10202,Cc1ccccc1-c1noc([C@@H](C)NC(=O)[C@@]2(C)CCCO2)n1,0.34031913
ZINC_250K_1318,Cc1cc2ccccc2n1CCC(=O)N(CCO)[C@]1(C)CCS(=O)(=O)C1,0.34031913
ZINC_250K_3253,O=C(Cn1cnc2c(oc3ccccc32)c1=O)NC(=O)NCc1ccco1,0.3403191
ZINC_250K_2683,CCOC(=O)c1c(C)csc1NC(=O)N1CCC[C@@H](OC)C1,0.3403191
ZINC_250K_8473,O=C(CCc1nc(CN2CCN(S(=O)(=O)c3ccc(F)cc3)CC2)no1)N1CCCC1,0.34031907
ZINC_250K_6724,O=C(c1ccc(-n2ccnn2)cc1)N1CCc2ccc([N+](=O)[O-])cc21,0.34031907
ZINC_250K_2661,Cn1cc(C(=O)N2C[C@@H](c3ccccc3)[C@H](c3cc(C(F)F)[nH]n3)C2)ccc1=O,0.34031904
ZINC_250K_7616,CCOC(=O)C1=C(N)N(c2ccccc2)C2=C(C(=O)CC(C)(C)C2)[C@H]1c1cccs1,0.34031904
ZINC_250K_208,Cc1cc(N(C)C)ccc1NC(=O)c1c[nH]c2nccc(Cl)c12,0.34031898
ZINC_250K_3452,CCC1(CNC(=O)C(=O)Nc2cc(F)ccc2N2CCCCC2)CC1,0.34031895
ZINC_250K_1917,COc1ccccc1N(C)CC(=O)NCC(=O)Nc1ccc(F)c(F)c1,0.34031895
ZINC_250K_2917,CCS(=O)(=O)c1ccc(Cl)c(C(=O)N2CC[C@@H](C)[C@H](O)C2)c1,0.3403188
ZINC_250K_5818,CCN(C(=O)Cn1nnc(-c2ccc(Cl)cc2)n1)[C@H]1CCS(=O)(=O)C1,0.34031877
ZINC_250K_2741,CCn1c2ccccc2c2cc(C[NH2+]CCNC(=O)c3nonc3N)ccc21,0.34031877
ZINC_250K_9823,C#CCOc1ccc(F)cc1NC(=O)C(=O)NCc1ncccc1C,0.3403187
ZINC_250K_5565,CCC[NH+](CC(=O)NC1CCOCC1)[C@H](C)c1cc2ccccc2o1,0.3403187
ZINC_250K_6159,CCOc1ccc(N2C(=O)NC(=O)/C(=C\c3cc(Cl)c(O)c(OC)c3)C2=O)cc1,0.3403187
ZINC_250K_657,Cc1ccc(/C=C2/SC(=S)N(CCC(=O)N3CCCc4ccccc43)C2=O)cc1,0.34031868
ZINC_250K_386,Cc1ccc(NC(=O)C[C@H]2SC([N-]c3ccc(N(C)C)cc3)=NC2=O)c(C)c1,0.34031868
ZINC_250K_882,COc1ccc2cc(COC(=O)COc3ccccc3C#N)ccc2c1,0.34031868
ZINC_250K_2123,Cn1nccc1C(=O)N(CCN1CCOCC1)c1nc2ccccc2s1,0.34031865
ZINC_250K_1116,O=c1[nH]c2ccc(-c3csc(NC[C@H]4CCCO4)n3)cc2[nH]1,0.34031862
ZINC_250K_1970,CC(C)n1nc(-c2ccccc2)cc1NC(=O)N1CCC[C@@H]1C(N)=O,0.34031862
ZINC_250K_8353,CCN(C(=O)c1cc(C(C)C)n(C(C)(C)C)n1)c1ccc(C#N)c(Cl)c1,0.3403186
ZINC_250K_7542,CC(C)C(=O)NC[C@@H]1CCC[NH+](C[C@H](O)c2cccc(Cl)c2)C1,0.3403186
ZINC_250K_765,COC(=O)CNC(=O)c1sc2ncn(CC(=O)N3CCCCC3)c(=O)c2c1C,0.3403186
ZINC_250K_3494,Cc1ccc2c(CN3c4ccccc4[C@@H](C(N)=O)C[C@@H]3C)cc(=O)oc2c1,0.34031856
ZINC_250K_7228,Cc1cncc(NC(=O)C(=O)NCc2cc[nH+]c(N3CCCCCC3)c2)c1,0.34031853
ZINC_250K_2340,CCc1ccc(NC(=O)Cn2c(=O)n(Cc3ccco3)c(=O)c3sccc32)cc1,0.34031847
ZINC_250K_3022,Clc1cccc(-n2ncc3c(Nc4ccc5c(c4)OCCO5)ncnc32)c1,0.34031847
ZINC_250K_9558,N#Cc1cc(Cl)nc(NNC(=O)CCNc2ccccc2[N+](=O)[O-])c1,0.3403184
ZINC_250K_3678,COc1ccc(CCC(=O)NCC2(O)CCSCC2)cc1F,0.3403184
ZINC_250K_7944,O=C(c1ccc(OCC2CC2)nc1)N1CCc2[nH]c(=O)sc2C1,0.34031838
ZINC_250K_9429,c1ccc2c3c([nH]c2c1)CC[C@H]([NH2+]Cc1ccc(-n2ccnc2)cc1)C3,0.34031835
ZINC_250K_5160,Cc1ccc(Oc2ccccc2NC(=O)c2cccc(OCC(N)=O)c2)cc1,0.34031835
ZINC_250K_3858,C[C@H](CC1CCCC1)C(=O)Nc1ccc(C(=O)NC2CCOCC2)cc1,0.3403183
ZINC_250K_9437,O=C(NCCc1ccccc1)Nc1cc2c3c(c1)CCN3C(=O)CC2,0.3403183
ZINC_250K_2183,COc1ccc(OC)c2sc(NC(=O)c3cc4c(ccc5ccccc54)oc3=O)nc12,0.34031826
ZINC_250K_1350,CC1=[N+](c2ccc(C)cc2)C(SCC(=O)Nc2cccc(C(F)(F)F)c2)=NC(C)(C)C1,0.34031823
ZINC_250K_4271,C[C@H](NC(=O)c1cccnc1OCC(F)F)[C@H]1CCCO1,0.3403182
ZINC_250K_5822,C[C@@H]1N=C2c3ccccc3N=C(SCC(=O)Nc3ccccc3Cl)N2C1=O,0.3403182
ZINC_250K_6031,CNC(=O)CC1CCN(C(=O)N[C@@H](c2ccccn2)C(C)C)CC1,0.34031814
ZINC_250K_5795,COc1ccc2oc(=O)c(-c3cs/c(=N\N=C\c4ccco4)[nH]3)cc2c1,0.34031808
ZINC_250K_6108,Cn1cc(C(=O)/C=C/c2ccc(-c3nc4ccccc4s3)o2)cn1,0.34031808
ZINC_250K_4977,CC[C@@H]([NH2+]Cc1cccc(NC(=O)[C@@H]2CCCO2)c1)c1cccs1,0.34031808
ZINC_250K_3917,COc1cccc([C@@H](CNC(=O)c2cc(F)c(F)cc2Cl)[NH+]2CCCC2)c1,0.34031808
ZINC_250K_6726,O=C(NCCCC(=O)N1CCc2sccc2[C@@H]1c1ccccc1)c1ccco1,0.34031808
ZINC_250K_3651,O=C(CC1CCCCC1)N1CCN(c2nc(-c3ccc(Cl)cc3)no2)CC1,0.34031808
ZINC_250K_969,CC(=O)Nc1ccc(CN2CC[NH+](C3CCCC3)[C@H](CCO)C2)cc1,0.34031802
ZINC_250K_7196,O=C(C[N-]C1=NC(Cl)=N[C@H]2N=CN=C12)NCCN1CCOCC1,0.34031802
ZINC_250K_2503,CC(C)(C)OC(=O)N1CCc2cccc(C[NH+]3CC[C@H]([N+]4=CCCC4)C3)c21,0.34031802
ZINC_250K_2145,Cc1cc(=O)n(CC(=O)N2CCC[C@@H](c3[nH+]ccn3C)C2)c2ccccc12,0.34031796
ZINC_250K_3506,CCOC(=O)N1CCC[C@H](C(=O)Nc2c(C)cccc2CC)C1,0.34031796
ZINC_250K_9266,CC(=O)N1CCc2cc(Nc3ccc([N+](=O)[O-])cc3[N+](=O)[O-])ccc21,0.34031796
ZINC_250K_6024,CO[C@H]1CCC[C@@H](OC(=O)c2ccc(Cl)c(N3CCNC3=O)c2)C1,0.34031788
ZINC_250K_2399,CC[C@H](NC(=O)NCc1ccc(OC)nc1)c1cccc([N+](=O)[O-])c1,0.34031785
ZINC_250K_4264,Cc1ccc(CNC(=O)[C@H]2SC(=S)n3c2nc(=O)c2cc(Cl)ccc23)cc1,0.34031785
ZINC_250K_5006,CCC[C@@H]1CN(C(=O)Nc2cccc(CSCC)c2)CCO1,0.34031782
ZINC_250K_9956,CCCCc1[nH]cc([C@H]2CC(=O)N[C@@H]3[C@@H]2C=NN3Cc2ccco2)[nH+]1,0.34031782
ZINC_250K_3995,CCCN1CCO[C@@H](C(=O)c2cc(C)ccc2F)C1,0.34031782
ZINC_250K_84,Cc1cc(C)c2nc(N3CCN(C(=O)[C@@H]4CCCCN4S(C)(=O)=O)CC3)sc2c1,0.34031782
ZINC_250K_5557,CCOc1ccccc1O[C@H]1CCC[C@@H]1NC(=O)c1ccc(OC)nc1,0.34031782
ZINC_250K_5468,CCc1noc(C)c1C(=O)N[C@@H]1C[C@H](C)N(c2ccccc2)C1,0.34031782
ZINC_250K_985,CC[C@@H](C)c1ccccc1N1C[C@H](C(=O)N2CCN(C)CC2)CC1=O,0.34031776
ZINC_250K_7776,CC(C)[C@H]1C(=O)NCCN1C(=O)Nc1cccc(N2CCCCC2)c1,0.34031776
ZINC_250K_7088,Cc1[nH]c(=O)c(C#N)c(C)c1CCC(=O)Nc1ccccc1OC(F)(F)F,0.3403177
ZINC_250K_8579,C[C@@H](NC(=O)c1cnc(Oc2ccccc2)cn1)C1CCOCC1,0.3403177
ZINC_250K_119,COc1ccc(/C=C2/SC(=O)N(CC(=O)Nc3ccc(F)cc3)C2=O)cc1OC,0.3403177
ZINC_250K_6220,Cc1ccc(C(=O)NCC2(c3ccccc3)CCC2)cc1NC(=O)c1ccco1,0.34031767
ZINC_250K_10140,C[C@@H](CO)NC(=O)COc1ccc2c(c1)O/C(=C\c1ccc3c(c1)OCO3)C2=O,0.34031767
ZINC_250K_6204,COc1cc(CNC(=O)C[C@H](C)NC(=O)C2CCCC2)ccc1C,0.34031764
ZINC_250K_9549,C[C@@H](C(=O)N1CCN(Cc2ccc3c(c2)OCO3)CC1)n1sc2ccccc2c1=O,0.34031764
ZINC_250K_3178,CCCCn1nccc1NC(=O)c1ccn(-c2cccc(Cl)c2)n1,0.34031758
ZINC_250K_2440,CCCC(=O)N1c2c(C)cccc2[C@@H](Nc2ccccc2C)C[C@@H]1C,0.34031752
ZINC_250K_354,Cc1cc(S(=O)(=O)N2CCN(C(=O)[C@H]3C[C@H]3c3ccc(Cl)cc3)CC2)c(C)s1,0.34031752
ZINC_250K_2984,CCc1nn(C)cc1NC(=O)NCc1ccccc1OCCO,0.3403175
ZINC_250K_9819,COc1ccc(NC(=O)N(C)Cc2ccccc2)cc1OC1CCCC1,0.3403175
ZINC_250K_5392,COCCc1noc(-c2cc(Cl)ccc2NC(=O)C=C(C)C)n1,0.3403175
ZINC_250K_10483,CCOc1cccc(CN2CC[NH+](C[C@H]3CCOC3)CC2)c1,0.34031746
ZINC_250K_8709,CC(C)c1ccccc1-n1c(S[C@H](C)C(=O)NC(N)=O)nnc1-c1ccc(Cl)cc1,0.34031743
ZINC_250K_3981,C#CCOCC1CCN(C(=O)c2ccc(S(=O)(=O)N3C[C@@H](C)O[C@@H](C)C3)cc2)CC1,0.34031737
ZINC_250K_3032,Cc1cc(C2=N/C(=C/c3ccc(N4CCOCC4)c(F)c3)C(=O)O2)c(C)o1,0.34031737
ZINC_250K_7658,C=CCNS(=O)(=O)Cc1ccc(NC(=O)C2CCOCC2)cc1,0.34031737
ZINC_250K_9447,COc1cccc([C@H]2CCCN2C(=O)[C@@H]2C[C@@H]2[N+](=O)[O-])c1,0.34031737
ZINC_250K_6398,COc1ccc(C(=O)N2CCC[C@H](Cc3nccs3)C2)cc1,0.34031737
ZINC_250K_8147,Cn1c(-c2ccccn2)nn(CCNC(=O)c2cccc(Cl)c2)c1=O,0.34031737
ZINC_250K_2575,CC[C@@H](NC(=O)c1cc(-c2ccccn2)nc2ccc(Cl)cc12)c1ccccc1,0.3403173
ZINC_250K_7223,COc1ccc(/C=C/C(=O)NCc2n[nH]c(=O)[nH]2)cc1F,0.3403173
ZINC_250K_9842,C[C@@H](OC1=C[C@H]2[NH+]=c3ccccc3=C2C=C1)C(=O)Nc1ccc(S(N)(=O)=O)cc1,0.34031725
ZINC_250K_6720,COc1cc(NC(=O)c2cc(-c3ccccc3)nc3c2cnn3C)cc(OC)c1OC,0.34031725
ZINC_250K_3144,C=CCn1c(=O)c2c(nc3n2CC(C)=NN3Cc2cccc3ccccc23)n(C)c1=O,0.3403172
ZINC_250K_10438,Cc1ccccc1[C@H](O)CNC(=O)Nc1cnn(Cc2ccccc2)c1,0.34031716
ZINC_250K_5398,Cc1cc(F)ccc1NC(=O)C(=O)NCc1ccccc1C[NH+]1CCC(C)CC1,0.34031716
ZINC_250K_1416,C[C@@H]1CCC[NH+](CCCCNC(=O)Nc2ccccn2)C1,0.34031716
ZINC_250K_4396,COc1ncc(C(=O)N2CCC(c3cc4n(n3)[C@@H](C(F)(F)F)C[C@@H](C)N4)CC2)cn1,0.34031716
ZINC_250K_4759,CCO[C@@H](C)c1noc(CN2CC[NH+]([C@H]3CCCc4ccccc43)CC2)n1,0.34031716
ZINC_250K_4558,C[C@@H]1CCN(C(=O)N[C@@H]2c3ccccc3CCC2(C)C)C[C@@H]1O,0.3403171
ZINC_250K_2548,CCc1cc(C(=O)N2CC[C@](O)(CN3CCOCC3)C(C)(C)C2)cc(=O)[nH]1,0.3403171
ZINC_250K_699,COc1ccc(/C=N/NC(=O)CNc2ccc3ccccc3c2)cc1OC,0.3403171
ZINC_250K_4340,NC(=O)[C@H]1CCC[NH+](CCCNc2nccc(C(F)(F)F)n2)C1,0.34031707
ZINC_250K_2622,O=S(=O)(CCCF)N1CCC(c2c[nH]c3ncccc23)CC1,0.34031704
ZINC_250K_5424,Cc1cc(NCc2nccn2Cc2ccccc2)ccc1F,0.34031704
ZINC_250K_10204,Cn1c(=O)c2c(nc(N3CCOCC3)n2CC(=O)c2ccc(Br)cc2)n(C)c1=O,0.34031704
ZINC_250K_9616,CSC[C@@H](C)N(C)C(=O)Nc1ccc(-n2nc(C)cc2C)c(F)c1,0.34031704
ZINC_250K_2237,COC[C@@H](C)N1CCN(C(=O)c2c[nH]c3ccc([N+](=O)[O-])cc23)CC1,0.340317
ZINC_250K_77,Cc1cc(N(C)C)ccc1NC(=O)c1ccc(CN2CC[NH+](C)CC2)cc1,0.34031692
ZINC_250K_6202,COCc1ccc(C(=O)N[C@H]2CCCc3ccc(F)cc32)cc1,0.34031692
ZINC_250K_7004,CN(CCOCC1CC1)C(=O)c1cnn2c(-c3ccccc3)ccnc12,0.34031692
ZINC_250K_10073,Cc1ccc(C)c2c1NC(=O)[C@H]2CC(=O)NCc1n[nH]c(-c2ccccc2)n1,0.34031686
ZINC_250K_8595,Cc1ccc(N2C[C@@H](C(=O)NC[C@H](O)c3ccsc3)CC2=O)cc1,0.34031686
ZINC_250K_761,Cc1ccc([N+](=O)[O-])cc1NCC(=O)N[C@](C)(C#N)C1CC1,0.34031686
ZINC_250K_5939,COc1ccc(-c2ccc(=O)n([C@H](C)C(=O)N3CCN(C=O)CC3)n2)cc1,0.34031686
ZINC_250K_3194,Cn1ncc2c1CCC[C@H]2[NH2+][C@H]1CCN(c2ccc(Cl)cc2)C1=O,0.3403168
ZINC_250K_1678,CCN(C(=O)CSc1ccc(-n2nc3c(c2C)CCC3)nn1)c1ccccc1,0.3403168
ZINC_250K_6110,O=C(COC(=O)c1cccnc1Cl)Nc1ncc(C(F)(F)F)cc1Cl,0.3403168
ZINC_250K_4853,Cc1sc2nc(SCC(=O)N3CCc4ccccc43)n(-c3ccccc3)c(=O)c2c1C,0.34031674
ZINC_250K_9859,COc1ccc(OC)c(-c2csc(Nc3cnn(C)c3)n2)c1,0.3403167
ZINC_250K_2310,COc1ccc2cc(C[NH+]3CCC[C@H](Cn4ccnn4)C3)ccc2c1,0.34031665
ZINC_250K_7849,CN(C(=O)C[C@@H]1CCCO1)C1CCN(c2cccc(F)c2)CC1,0.34031665
ZINC_250K_4915,O=C(Nc1ccccc1C(=O)NCc1ccccc1)c1cnc2ccccc2n1,0.34031665
ZINC_250K_7294,O=C(Nc1cccc(Cl)c1)Nc1cc2c(cc1C(=O)c1ccccc1F)OCCO2,0.34031665
ZINC_250K_3214,C[C@@H](NC(=O)C[C@@H]1CCCO1)c1ccc(NC(=O)c2ccncc2)cc1,0.3403166
ZINC_250K_1768,C[C@@H](NC(=O)c1cc(C[NH+]2CCC(O)CC2)on1)c1cn(C)c2ccccc12,0.34031647
ZINC_250K_7548,COc1ccc(Cl)c(NC(=O)c2ccc3cc[nH]c3c2)c1,0.3403164
ZINC_250K_4006,COc1cccc(C(=O)NCC[NH+](C)C2CCCCC2)c1F,0.34031639
ZINC_250K_7133,O=C(Nc1ccccc1)[C@H]1CCCN(C(=O)c2occc2-c2ccccc2)C1,0.34031639
ZINC_250K_7459,COC(=O)[C@](NC(=O)Nc1ccc(Cl)cn1)(Oc1ccccc1)C(F)(F)F,0.34031633
ZINC_250K_7008,CCCC(=O)Nc1ccccc1N1CCN(C(=O)c2ccccc2)CC1,0.34031633
ZINC_250K_8209,COc1ccccc1[C@H](CNS(=O)(=O)c1ccc(Cl)c(C#N)c1)[NH+]1CCCC1,0.34031633
ZINC_250K_1015,COc1ccc2oc(=O)c(C(=O)Nc3cc(OC)c(Cl)cc3OC)cc2c1,0.34031627
ZINC_250K_2566,COc1cccc(CN(C)C(=O)C(=O)Nc2cccc3cccnc23)c1,0.34031627
ZINC_250K_9177,CCC[C@H](C(=O)N[C@H]1CCCN(Cc2ccccc2)C1=O)[NH+](C)C,0.34031618
ZINC_250K_9600,Cc1noc2nc(C3CC3)cc(C(=O)O[C@@H](C)C(=O)c3ccc(F)cc3)c12,0.34031618
ZINC_250K_639,Cc1ccc(C(=O)NNC(=O)c2ccc(SC[C@H]3CCCO3)c([N+](=O)[O-])c2)cc1,0.34031612
ZINC_250K_3212,C[C@H]1CCCC[C@@H]1OCCNC(=O)Cn1cnc([N+](=O)[O-])c1,0.3403161
ZINC_250K_4103,COC(=O)[C@@H]1CCCCC[C@@H]1NC(=O)c1cc(C)nc2c1cnn2C(C)C,0.34031606
ZINC_250K_3806,Cc1cccc2c(=O)n(CCC(=O)N(C)[C@@H](C)Cc3ccsc3)cnc12,0.34031606
ZINC_250K_9638,CCOC(=O)N1CCC(NC(=O)c2cn(C[C@H]3CCC[NH2+]C3)nn2)CC1,0.34031603
ZINC_250K_7817,C[C@H]1CCCC[NH+]1CCNC(=O)[C@@H]1CC(=O)N(Cc2ccccc2)C1,0.34031603
ZINC_250K_5450,CCCCn1c2c(c(=O)[nH]c1=O)[C@@H](c1ccc(OCC)cc1)C1=C(CCCC1=O)N2,0.34031603
ZINC_250K_2737,Cc1cc(C(=O)Nc2cc(S(=O)(=O)N3CCCCC3)ccc2N2CC[NH+](C)CC2)c(C)s1,0.34031603
ZINC_250K_7482,O=C(COc1ccc(F)cc1)NCCn1c(C(F)(F)F)nc2ccccc21,0.340316
ZINC_250K_6389,C[C@@H](NC(=O)c1cc(COc2c(F)cccc2F)on1)c1ccccc1Cl,0.340316
ZINC_250K_6084,C[C@@H]1C[C@@H](C)CN(C(=O)[C@@H](C)Sc2n[nH]c(=O)n2CCc2ccccc2)C1,0.340316
ZINC_250K_9047,COCCn1/c(=N/C(=O)c2cn(C)nc2OC)sc2cccc(F)c21,0.34031588
ZINC_250K_10064,CC[C@H](C)C(=O)Nc1cccc(CNC(=O)[C@@]2(C)CC2(Cl)Cl)c1,0.34031588
ZINC_250K_99,CCc1ccc(CNC(=O)c2ccc(-c3nccnc3N3CCCCC3)cc2)cc1,0.34031582
ZINC_250K_5673,CC(C)OCc1cccc(NC(=O)C(=O)N2C[C@H]3CCCC[C@@H]3C2)c1,0.3403158
ZINC_250K_9414,CSc1ncccc1C(=O)N1CCCc2cc(S(=O)(=O)N3CCCC3)ccc21,0.3403158
ZINC_250K_9499,Cc1cnc(NC(=O)Cc2c(C)nn(-c3ccc(Cl)cc3)c2C)s1,0.34031576
ZINC_250K_1934,CCN(C)C(=O)c1cccc(C(=O)N2CC3(CCCC3)c3cc4c(cc3[C@H]2C)OCCO4)c1,0.3403157
ZINC_250K_3576,COCCn1c(C(=O)Nc2cccc(-c3ncon3)c2)cc2ccccc21,0.3403157
ZINC_250K_10341,CC(C)(C)n1cc(C(=O)NC[C@H](O)c2cccc(OC(F)F)c2)cn1,0.3403157
ZINC_250K_9817,COc1ccc(C(=O)N2CCC(CN3CCCC3=O)CC2)c(OC)n1,0.3403157
ZINC_250K_3359,CC(C)C[C@@H](C(=O)N[C@H]1CC(=O)N(C2CC2)C1)N1CCCCC1=O,0.3403157
ZINC_250K_8195,COc1ccc(N2CCN(CCOc3ccc(Cl)cc3Cl)CC2)cc1,0.34031564
ZINC_250K_6993,Cn1cnnc1Sc1ccc(NC(=O)c2ccc(F)cc2O)cc1,0.34031564
ZINC_250K_1892,CCn1ccnc(NC2CCN(c3ccc(C)c[nH+]3)CC2)c1=O,0.34031555
ZINC_250K_645,CCOc1ccc(C[NH+]2CCC[C@H]([C@H](O)c3nccn3C)C2)cc1OC,0.34031555
ZINC_250K_8017,O=C(CNC(=O)c1ccc2c(c1)OCO2)NC[C@H](C1=c2ccccc2=[NH+]C1)c1ccccc1Cl,0.3403155
ZINC_250K_6575,Cc1ccc(-n2nc3c(c2-n2cccc2)CN(C(=O)c2ccc4ncsc4c2)C3)cc1,0.34031543
ZINC_250K_8178,COc1ccc(CNC(=O)[C@H](C)CCc2ccccc2F)cn1,0.34031537
ZINC_250K_5271,CC(=O)N[C@H](C)c1ccc(-c2csc(NC(=O)[C@@H](C)Oc3cc(C)ccc3Cl)n2)cc1,0.34031537
ZINC_250K_4120,Cc1ccc(Oc2ncccc2CNC(=O)CCC(=O)N(C)C)cn1,0.34031534
ZINC_250K_2369,Cc1ccc(S(=O)(=O)N2CCC(C(=O)N3CCN(c4cccc[nH+]4)CC3)CC2)c(C)c1,0.34031534
ZINC_250K_7947,Cc1ccc(C(=O)NC[C@@H]([C@@H]2CCOC2)N2CCOCC2)s1,0.3403153
ZINC_250K_2871,O=C(COc1c(Cl)cccc1Cl)Nc1cc(Cl)ccc1-n1cncn1,0.3403153
ZINC_250K_10247,COc1ccccc1NC1CCN(C(=O)N[C@@H](C)CSC)CC1,0.34031525
ZINC_250K_988,CCN1CC(=O)Nc2cc(C(=O)NC3CC[NH+](C4CCCC4)CC3)ccc21,0.34031522
ZINC_250K_8009,COc1ccc(Br)cc1-c1nnc2n(Cc3ccccc3)c3c(=O)n(C)c(=O)n(C)c3n12,0.34031522
ZINC_250K_4716,CN(Cc1nc2c(s1)CCCC2)C(=O)[C@@H]1CCN(c2ccccc2)C1=O,0.34031522
ZINC_250K_4554,Cc1csc(-n2[nH]c(C)c(CCC(=O)Nc3cccc(Cl)c3)c2=O)n1,0.34031522
ZINC_250K_6774,Cc1cc(C)cc(OCC(=O)Nc2cccc(-n3cnnn3)c2)c1,0.34031522
ZINC_250K_438,Cn1cc[nH+]c1C[C@H]1CCC[NH+](Cc2ncc(-c3ccccc3Cl)o2)C1,0.34031516
ZINC_250K_2836,Cc1cccc(C(=O)NCC(=O)OCC(=O)N(C)C2CCCCC2)c1,0.34031513
ZINC_250K_2313,C#CCCCOC(=O)c1ccc2c(c1)NC(=O)CCN2C,0.3403151
ZINC_250K_8083,COc1cccc(CNC(=O)[C@H](C)S(=O)(=O)c2ccc(C)cc2C)c1,0.3403151
ZINC_250K_2922,Cc1ccc(-c2noc(CCC(=O)N3CCCCCC3)n2)cc1F,0.34031504
ZINC_250K_1177,CC(C)NC(=O)CCNC(=O)[C@@H]1C[C@@H]1c1cccc2ccccc12,0.34031504
ZINC_250K_3293,C[C@H](OC(=O)c1cccc(NC(=O)[C@H]2CCCO2)c1)c1cccc(C#N)c1,0.340315
ZINC_250K_3057,C[C@@H]1CCCCN1c1ccc(N2CCN(C(=O)/C=C/c3ccccc3)CC2)nn1,0.340315
ZINC_250K_9971,C[C@H](Sc1nncn1C)C(=O)N1CCN(c2ncccc2F)CC1,0.340315
ZINC_250K_271,CN(Cc1ccno1)Cc1c(C(=O)N2CC[NH+](C3CCCCC3)CC2)nc2ccccn12,0.34031498
ZINC_250K_840,CCOc1ccc([C@H]2CCCN2C(=O)c2[nH]c(C)c(C(C)=O)c2C)cc1,0.34031498
ZINC_250K_4287,Cc1cccc(-n2ncc(C(=O)Nc3ccccc3)c2C2CC[NH2+]CC2)c1,0.34031498
ZINC_250K_1893,COc1ccc(C(=O)N2CCN(C(=O)c3cc(-c4ccc(C)c(C)c4)n[nH]3)CC2)cc1OC,0.34031498
ZINC_250K_1878,Cc1ccc(C(=O)N2CCC(N3CCCC3=O)CC2)cc1[N+](=O)[O-],0.34031495
ZINC_250K_4185,O=C(c1csc(-c2ccccc2Cl)n1)N1CCOC[C@@H]1CCO,0.3403149
ZINC_250K_3255,O=C(Cc1ccc(Cl)c(Cl)c1)Nc1ccc(N2CCCC2)nc1,0.3403149
ZINC_250K_8380,CNC(=O)c1ccc(C[NH+]2CCC(=O)N(CC3CC3)[C@@H](C(C)C)C2)o1,0.3403149
ZINC_250K_9978,Cc1nc2sccn2c1C(=O)c1ccc(NS(=O)(=O)c2cccc(Br)c2)cc1,0.34031484
ZINC_250K_1695,Cc1cccc(CCC(=O)OCc2nnc(-c3ccccc3Cl)o2)c1,0.3403146
ZINC_250K_845,O=C(Nc1nc2ccc(F)cc2s1)c1cc(-c2ccccc2O)[nH]n1,0.3403146
ZINC_250K_3784,CC(C)(C)c1nc2cc(NC(=O)[C@@H]3Cc4ccccc4C(=O)O3)ccc2o1,0.34031454
ZINC_250K_9764,COc1ccc([C@H]2CC(=O)c3cnc4c(-c5ccccc5)c(C)nn4c3C2)c(OC)c1,0.3403145
ZINC_250K_5321,Cc1cc(=O)nc2c3ccccc3n([C@@H](C)C(=O)Nc3c(F)c(F)cc(F)c3F)n12,0.3403145
ZINC_250K_3356,CCc1ccc(C2=C[C@@H]3C(=O)N=N[C@H](SCC(=O)c4ccc5c(c4)OCO5)N3N2)cc1,0.3403145
ZINC_250K_6382,CCc1nnc(N2CCN(C(=O)Cc3cccc(OC)c3)CC2)c2cccn12,0.3403145
ZINC_250K_4359,O=S(=O)(c1ccc2c(c1)OCCO2)N1CCC[C@@H](c2nnc(-c3ccccn3)o2)C1,0.34031448
ZINC_250K_5446,O=C(Cc1cccc2ccccc12)Nc1nnc(S(=O)(=O)Cc2ccc(Cl)cc2)s1,0.34031442
ZINC_250K_8171,CC(C)[C@@H](NC(=O)c1ccc(-n2ccnn2)cc1)c1nc(C2CC2)no1,0.3403144
ZINC_250K_8257,CN1C(=O)[C@@H]2CC[C@H]1CN(C(=O)Nc1ccc(F)c(F)c1)C2,0.34031433
ZINC_250K_4326,C[C@@H]1C[C@@H](C)CN(c2ccnc(SCC(=O)NC3CCCCC3)n2)C1,0.34031427
ZINC_250K_1352,O=C(NCCc1cc(Cl)c2c(c1)OCCO2)C1CCN(C(=O)c2cccs2)CC1,0.34031424
ZINC_250K_2185,O=C(c1cc(=O)c2cc(Cl)ccc2o1)N1CCN([C@H]2CCS(=O)(=O)C2)CC1,0.34031424
ZINC_250K_4229,Cc1c(Cl)cccc1NC(=O)c1occc1COc1ccccc1,0.3403142
ZINC_250K_5472,Cc1cc(C)c(NC(=O)CNC(=O)CCc2nc3ccccc3c(=O)[nH]2)c(C)c1,0.3403142
ZINC_250K_4014,CCC[C@@](C)(CO)NC(=O)Nc1ccc(N2CCc3sccc3C2)cc1,0.34031418
ZINC_250K_9217,CCc1ccc([C@@H]2CC(=O)Nc3c2c(C)nn3-c2nc3ccccc3s2)cc1,0.34031415
ZINC_250K_10134,Cc1ccc(-c2nnc(C[NH+]3CCCC[C@@H]3CNC(=O)OC(C)(C)C)o2)cc1,0.34031415
ZINC_250K_1218,CC1(C)[C@H]2CC[C@]1(CS(=O)(=O)NCc1ccccc1N1CCOCC1)C(=O)C2,0.34031412
ZINC_250K_9135,COc1ccc(CCn2c(C)cc3c(c2=O)[C@@H](c2cccs2)C(C#N)=C(N)O3)cc1,0.34031412
ZINC_250K_352,COc1ccc(-n2nnc(-c3nc(-c4ccc5c(c4)OCO5)cs3)c2C)cc1OC,0.3403141
ZINC_250K_9045,N#Cc1cccnc1N1CC[C@H](Oc2ccc(C(F)(F)F)cn2)C1,0.3403141
ZINC_250K_9173,Cc1ccc(-n2nnnc2SCC(=O)N[C@H](C)c2cccc3ccccc23)c(C)c1,0.34031406
ZINC_250K_1954,Cc1csc2nc(COC(=O)C[C@@H]3Oc4ccccc4NC3=O)cc(=O)n12,0.34031406
ZINC_250K_5426,CCc1nsc(N2CCCN(Cc3cc(C)n(Cc4ccco4)c3C)CC2)n1,0.34031403
ZINC_250K_1036,CN(Cc1ccccn1)S(=O)(=O)c1ccc(OC2CCCC2)cc1,0.340314
ZINC_250K_4388,COCCn1ccc2ccc(NC(=O)C[C@H]3C=CCC3)cc21,0.340314
ZINC_250K_5929,CCOc1cccc(/C(N)=N/C(=O)Cc2csc(-c3cccnc3)n2)c1,0.34031394
ZINC_250K_6201,CS(=O)(=O)c1cccc(C(=O)N2CCC[C@@H](n3cccn3)C2)c1,0.34031394
ZINC_250K_10401,CC(C)CCN(C(=O)NCc1ccc(N2CCOCC2)cc1)C1CC1,0.34031394
ZINC_250K_5179,C=CCOc1ccc(/C=C(\C#N)c2nc([O-])c3ccccc3n2)cc1OC,0.34031382
ZINC_250K_10245,O=C(NCc1nc2ccccc2[nH]1)[C@@H]1CCCC[NH+]1Cc1ccncc1,0.34031382
ZINC_250K_9664,COC(=O)C1=C(C)N(c2cccc(Cl)c2)C(=O)/C1=C\c1c(F)cccc1Cl,0.34031382
ZINC_250K_8264,CCc1nc2n(n1)CCC[C@H]2N[C@H]1CCN(c2c(F)cccc2F)C1=O,0.34031376
ZINC_250K_10270,CC(C)N(C)S(=O)(=O)c1ccc(C(=O)Nc2nnc(-c3ccc4c(c3)OCCO4)o2)cc1,0.34031376
ZINC_250K_9748,CCCCC1CCC(CNC(=O)NCc2ncn(C)n2)CC1,0.34031376
ZINC_250K_2159,O=C(NCCCN1CCOCC1)C1(c2cc(-c3cccs3)on2)CC1,0.34031373
ZINC_250K_9608,CCc1ccccc1NC(=O)[C@@H](Cc1ccccc1)N1C(=O)[C@@H]2[C@H](C1=O)[C@H]1C=C[C@@H]2C1,0.3403137
ZINC_250K_8407,Cc1ccc(-n2nnnc2SCC(=O)Nc2cccc3nsnc23)cc1,0.34031367
ZINC_250K_5139,O=C(CSc1nnc(-c2ccncc2)n1Cc1ccccc1)c1cc2ccccc2oc1=O,0.3403135
ZINC_250K_3450,O=C(N[C@H]1CCCc2ccc(F)cc21)c1ccc(Cl)nc1Cl,0.34031343
ZINC_250K_2092,COc1ncccc1C(=O)NC[C@H]1C[C@H](O)C[NH+]1Cc1ccccc1,0.34031343
ZINC_250K_4036,O=C(NC[C@]1(O)CCOC1)Nc1cccc(-c2ccc3c(c2)CCO3)c1,0.34031337
ZINC_250K_3544,CC(C)N(C)C(=O)c1ccc(Cl)c(NC(=O)C2[C@H]3CCCC[C@@H]23)c1,0.3403133
ZINC_250K_741,COc1cccc(N2C(=O)Nc3ccccc3[C@]2(O)C(=O)NCc2ccccc2)c1,0.3403133
ZINC_250K_7105,CC(C)Oc1cccnc1C(=O)N(C)CCOc1cccc(Cl)c1,0.34031326
ZINC_250K_3281,CCc1nc2n(n1)CCC[C@@H]2NS(=O)(=O)c1cc(F)c(F)cc1F,0.3403132
ZINC_250K_9936,COc1cccc(C[NH+](C)Cc2nc3sc4c(c3c(=O)[nH]2)CCCC4)c1OC,0.34031317
ZINC_250K_4054,CCN(CC)C(=O)c1ccc(NC(=O)NCc2ccnn2C)cc1Cl,0.34031317
ZINC_250K_2102,COc1ccc(CN2C[C@@H](c3nc4ccccc4n3C)CC2=O)cc1,0.34031317
ZINC_250K_8868,CCn1c(SCC(=O)N(C)C2CCOCC2)nnc1-c1ccco1,0.34031314
ZINC_250K_2543,Cc1ccc(NC(=O)Cc2ccc(NC3=N[C@H]4CS(=O)(=O)C[C@H]4S3)cc2)cc1,0.34031314
ZINC_250K_7417,COc1cccc(CN(Cc2ncccc2C)C[C@H]2CCCO2)c1,0.34031314
ZINC_250K_10180,CCC1(CC)NC(=O)N(CC(=O)N2CCC[C@H]2c2nc3ccccc3s2)C1=O,0.3403131
ZINC_250K_3062,Cc1ncccc1NC(=O)C(=O)N1CCn2c(nnc2C(F)(F)F)C1,0.3403131
ZINC_250K_3473,COc1c(F)cc(NC(=O)CCc2cnn(-c3ccccc3)c2)cc1F,0.34031308
ZINC_250K_693,CC[C@@H](Oc1ccccc1/C=C1\S/C(=N\c2cccc(O)c2)N(CC)C1=O)C(=O)[O-],0.34031305
ZINC_250K_8724,COc1cccc2c1OCC[C@H]2N[C@@H]1CCCn2nc(C)nc21,0.34031302
ZINC_250K_1693,Cc1ccc(NC(=O)C(=O)N2CC[C@H]([NH+]3CCCC3)C2)cc1C(=O)N(C)C,0.34031302
ZINC_250K_1592,COC(=O)c1cc([C@@H]2CC(=O)Nc3c2c(C(C)(C)C)nn3C)ccc1O,0.34031302
ZINC_250K_2482,O=C(COc1ccccc1F)N1CCN(Cc2ccc3c(c2)OCO3)CC1,0.34031302
ZINC_250K_5088,Cc1cn(-c2ccccc2Cl)nc1NC(=O)N1CCN(c2ccccc2)CC1,0.34031302
ZINC_250K_112,O=C1c2ccccc2N[C@H](CSC2=NC=NC3=NC=N[C@@H]32)N1c1ccc(Cl)cc1,0.34031302
ZINC_250K_4323,O=C(c1ccc[nH]c1=O)N1CCC[C@H](CCc2ccc(F)cc2)C1,0.340313
ZINC_250K_2725,CCc1ccccc1NC(=O)Cn1c(=O)n(Cc2ccccc2Cl)c(=O)c2sccc21,0.34031296
ZINC_250K_5436,Cc1ccc(-c2nnco2)cc1NC(=O)N1CC[C@@H]2CCCC[C@H]21,0.34031293
ZINC_250K_10115,COc1ccc2nc3oc(C(=O)N[C@@H](C)CCc4ccccc4)cc3cc2c1,0.34031287
ZINC_250K_6701,O=C(Nc1ccc2c(c1)COC2)N[C@@H]1CCN(c2cccc[nH+]2)C1,0.34031284
ZINC_250K_566,CC1=NC(SCC(=O)Nc2ccccc2C(F)(F)F)=NC(=O)[C@H]1Cc1ccccc1,0.34031278
ZINC_250K_8992,N#Cc1ccc(OC2CCN(C(=O)c3ccc(Br)o3)CC2)nc1,0.34031275
ZINC_250K_9710,CC(=O)C1=C(C)C(C(=O)CSc2nnc3n(Cc4ccccc4)c(=O)c4ccccc4n23)=N[C@H]1C,0.34031272
ZINC_250K_1339,CCc1ccc(C(=O)CCC(=O)Nc2ccc(N3CCSCC3)cc2C)cc1,0.34031266
ZINC_250K_7539,C[C@H]1CCCC[NH+]1CCCCNC(=O)c1cc(Cl)ccc1[N+](=O)[O-],0.3403126
ZINC_250K_6113,O=C(c1ccccc1F)N1CCS[C@@H]1c1cccc(OCc2ccccc2)c1,0.34031257
ZINC_250K_9851,Cc1ccc(NC(=O)[C@@H](Sc2nnnn2C[C@@H]2CCCO2)C(C)C)cc1,0.34031254
ZINC_250K_4934,COCC[C@H](C)NC(=O)Nc1ccc2c(c1)C(=O)CCC2,0.34031254
ZINC_250K_3220,CC(C)[C@H](NC(=O)Cc1ccccc1)C(=O)Nc1nc(-c2cccnc2)cs1,0.34031236
ZINC_250K_8880,COc1ccc(CSc2nnc(-c3ccccc3F)n2C2CC2)cc1F,0.34031227
ZINC_250K_5530,COc1c(Br)cccc1CNC(=O)N1CCOC[C@H]1C,0.34031218
ZINC_250K_9797,CC(C)S(=O)(=O)Cc1cccc(NC(=O)N2[C@@H](C)C[C@H]3CCCC[C@@H]32)c1,0.34031218
ZINC_250K_5742,CCN1C[C@H](C(=O)NNC(=O)Cc2ccccc2F)CC1=O,0.34031212
ZINC_250K_3980,CCN(CC(=O)N1CCc2ccccc2C1)S(=O)(=O)c1cc(F)ccc1OC,0.34031212
ZINC_250K_5564,Cc1nc(-c2ccccn2)sc1C(=O)N1CCN(c2ccccc2O)CC1,0.34031212
ZINC_250K_2098,CCCc1cc(NC(=O)CCc2nc(-c3ccsc3)no2)n[nH]1,0.34031206
ZINC_250K_9580,CN(c1ccccc1)S(=O)(=O)c1cccc(C(=O)N2CCN(CC(=O)N3CCCC3)CC2)c1,0.34031206
ZINC_250K_8762,Clc1ccc(C2=NN=C[C@H]2CN2CC[C@@H]3NN[C@H](Cc4ccccc4)[NH+]3CC2)cc1,0.340312
ZINC_250K_3020,Cc1ccccc1NC(=O)C[C@@H](C)[NH2+]CC(=O)N1CCc2sccc2C1,0.34031194
ZINC_250K_8357,CCC[C@H]1[C@H](C)CCCN1C(=O)Nc1cccc(S(=O)(=O)NC)c1C,0.34031194
ZINC_250K_4847,C[C@@H]1SCCN(C(=O)NCc2ccnc(OC(C)(C)C)c2)[C@H]1C,0.34031188
ZINC_250K_7789,Cc1ccc(N(CCOC(=O)c2cccnc2)C2=NS(=O)(=O)c3ccccc32)cc1,0.34031186
ZINC_250K_1386,C[C@@H]1CCCN(C(=O)Cn2cnc3c(nc4n3CCCCC4)c2=O)C1,0.3403118
ZINC_250K_7744,Cc1c(C(=O)N2CCN(c3cccc[nH+]3)CC2)sc2nc3n(c(=O)c12)CCC3,0.34031174
ZINC_250K_6803,Cc1cc(C)n(CC(=O)N2CCC([C@H](O)Cc3ccccc3)CC2)c(=O)n1,0.34031168
ZINC_250K_6655,CCOC(=O)N1CCC(NC(=O)[C@H](C)[NH+](C)Cc2ccccc2F)CC1,0.34031165
ZINC_250K_9311,COc1cc(CNC(=O)c2ccn(-c3ccc(F)cc3)n2)cc(Br)c1OC,0.34031153
ZINC_250K_8210,C[C@H]1CN(C(=O)C2CCN(S(=O)(=O)c3ccc(Cl)c(C(F)(F)F)c3)CC2)C[C@H](C)O1,0.34031153
ZINC_250K_8109,CS(=O)(=O)c1cccc(OCC(=O)NC[C@H]2CCCO2)c1,0.3403115
ZINC_250K_725,COc1cc([C@@H]2C(C(=O)Nc3ccc(F)cc3)=C(C)Nc3nc(C)nn32)cc(OC)c1OC,0.34031147
ZINC_250K_10236,CCOC(=O)c1ccc(NC(=O)Cn2c(C)c(Br)c(=O)c3cccc(C)c32)cc1,0.34031144
ZINC_250K_4288,COc1ccc(C(=O)N(Cc2ccco2)Cc2c(F)cccc2Cl)cc1,0.3403114
ZINC_250K_3069,CCC[C@H]1CN(C(=O)c2cccc(-c3nnc(C)o3)c2)CCO1,0.3403114
ZINC_250K_9762,CCC(=O)N(Cc1ccco1)Cc1c(-c2ccccc2)noc1N1CCC(C)CC1,0.3403113
ZINC_250K_7832,CC[C@H]1CCN(C(=O)C(=O)Nc2ccc(C(N)=O)cc2F)C1,0.34031123
ZINC_250K_4945,O=C(Cc1nc(Cc2ccc(Cl)cc2)n[nH]1)NCc1ccco1,0.34031123
ZINC_250K_2876,Cc1nc(NC(=O)c2c3c(nn2[C@H]2CCS(=O)(=O)C2)CCC3)sc1C,0.34031123
ZINC_250K_8237,Cc1ccc(Cc2nc(CCNC(=O)c3c(F)cccc3F)n[nH]2)cc1,0.3403112
ZINC_250K_584,COc1ccc(Cc2sc(NC(=O)[C@H]3COc4ccccc4O3)nc2C)cc1,0.34031117
ZINC_250K_4629,COC(=O)[C@@H](NC(=O)Cn1cnnn1)c1ccc(Cl)c(F)c1,0.34031117
ZINC_250K_5354,COc1cccc2sc(N(CC[NH+](C)C)C(=O)CN3C(=O)c4ccccc4C3=O)nc12,0.34031117
ZINC_250K_7043,CN(Cc1ccc(N2CCCCC2)cc1)CN1C(=O)C(=O)c2ccccc21,0.34031114
ZINC_250K_8685,CCC(=O)N1CSC[C@H]1C(=O)NC[C@@H](C)Cc1ccc(OC)cc1,0.34031114
ZINC_250K_8064,O=C(Nc1ccc(F)cc1F)c1ccc(N2CCCCS2(=O)=O)cc1,0.34031114
ZINC_250K_4275,C[C@H](C(=O)NCc1ccccc1)N1CCN(Cc2ccc(Cl)cc2)CC1,0.34031114
ZINC_250K_5451,CCc1c(C(=O)OCCN2CCOC2=O)cnn1-c1cccc(Cl)c1,0.34031114
ZINC_250K_1022,C[C@H]1CC(=O)N(CC(=O)Nc2cccc3ccccc23)c2ccccc2S1,0.3403111
ZINC_250K_2161,Cc1n[nH]c(C)c1NC(=O)Nc1ccccc1N1CCCC1=O,0.34031108
ZINC_250K_2308,COCCn1cc(NC(=O)CSc2nc(C)c(C)c(C)c2C#N)cn1,0.34031108
ZINC_250K_3161,CC(C)(CNC(=O)Cn1c(SC(F)F)nc2ccccc21)c1ccncc1,0.34031108
ZINC_250K_6206,C[C@@]1(c2cccc(-n3cnnn3)c2)NC(=O)N(CCCOc2ccc(F)cc2)C1=O,0.34031108
ZINC_250K_2619,C[C@@H](CCO)N(Cc1ccccc1)C(=O)c1cnc2ccc(F)cc2c1,0.34031102
ZINC_250K_4505,CCNC(=O)[C@@H](C)Sc1ncc(-c2ccccc2)n1C[C@H]1CCCO1,0.34031102
ZINC_250K_8220,O=C(CN1C(=O)S/C(=C/c2ccc(-c3cccc(C(F)(F)F)c3)o2)C1=O)N1CCOCC1,0.34031102
ZINC_250K_7883,CN(Cc1nnc(-c2ccccc2)o1)C(=O)c1cn(Cc2c(F)cccc2F)nn1,0.340311
ZINC_250K_3584,Cc1cccc(NC(=O)c2cc3ccccc3o/c2=[NH+]\c2ccc(F)c(F)c2)n1,0.340311
ZINC_250K_5599,CC[C@H](NC(=O)c1cccc(CCC(C)(C)O)c1)c1cnn(C)c1,0.34031096
ZINC_250K_4257,O=C(Nc1ccc2c(c1)COC2)c1cccc2c3c([nH]c12)CCCC3,0.34031096
ZINC_250K_5570,CCOC(=O)C1(C)CCN(C(=O)[C@@H]2C[C@H]2c2ccccc2OC)CC1,0.34031084
ZINC_250K_5784,C[C@H](NC(=O)c1ccc(C(N)=O)cn1)c1cccc(N2CCCC2)c1,0.3403108
ZINC_250K_5351,C[C@@H]1CN(CCCNC(=O)NNC(=O)Cc2ccc(F)cc2)C[C@@H](C)O1,0.34031078
ZINC_250K_2052,CCN(CC)c1ccc(CNC(=O)N2CCN(C(=O)N(C)C)CC2)cc1F,0.34031078
ZINC_250K_9945,O=C1S/C(=C\c2ccc(Cl)cc2)C(=O)N1CCN1C(=O)CS[C@H]1c1cccc([N+](=O)[O-])c1,0.34031075
ZINC_250K_1483,C=Cn1cc(C[NH+]2CC[C@@H](CNC(=O)c3ccc(C#N)cc3)C2)cn1,0.34031075
ZINC_250K_835,CC(C)[C@@H](CNC(=O)N1CCc2ccc(Cl)cc2C1)c1cccnc1,0.34031075
ZINC_250K_4028,CCOc1ncccc1NC(=O)NC[C@H](c1cccs1)N1CC[NH+](C)CC1,0.34031072
ZINC_250K_6548,O=C(NCc1ccco1)N1CCC(Oc2ccccc2C(=O)N2CCCC2)CC1,0.3403107
ZINC_250K_9201,Cc1cccc(Oc2ccc(NC(=O)c3ccc(=O)n(-c4ccc(F)cc4)n3)cc2)c1,0.3403107
ZINC_250K_10104,Cc1cccc(N2C(=O)CS[C@H]2c2ccc(NC(=O)c3ccc(F)cc3)cc2)c1,0.34031063
ZINC_250K_9209,C#CCOc1cccc(NC(=O)NCc2n[nH]c(=S)n2C(C)C)c1,0.3403106
ZINC_250K_7876,COc1ccc(C)cc1C1(C[NH2+][C@H](C)C(=O)Nc2cc(C)no2)CCOCC1,0.34031057
ZINC_250K_3059,COc1cccc(/C=C(/C(=O)OC2CCCCC2)n2nnnc2C)c1,0.34031054
ZINC_250K_1853,Cn1cc(C(=O)NCC(=O)N2CCCC2)c(-c2ccccc2)n1,0.3403105
ZINC_250K_1568,C[C@H]1CC[C@H](C(N)=O)CN1C(=O)Cn1ncc(=O)c2ccccc21,0.3403105
ZINC_250K_6366,C[C@@H]1C[C@H]1c1ccc(/C=C/C(=O)OCc2nnc(-c3ccccc3)o2)o1,0.3403104
ZINC_250K_333,C[C@@H]1C[C@@H]1C(=O)Nc1ccc(F)cc1C(=O)NC1CCC(O)CC1,0.3403104
ZINC_250K_8005,Fc1ccc(NCc2nnnn2-c2ccccc2)c(OCC2CC2)c1,0.34031036
ZINC_250K_1030,C[C@H](C#N)CNC(=O)C(=O)Nc1ccc2nc(C3CC3)oc2c1,0.34031036
ZINC_250K_3686,COc1ccc([C@H]2C3=C(CC(C)(C)CC3=O)Nc3nn(-c4ccccc4)c(O)c32)cc1,0.34031036
ZINC_250K_8528,COc1ccc2c(c1)CCc1sc(/N=C/c3cccnc3)nc1-2,0.3403103
ZINC_250K_1266,Cc1oncc1C(=O)Nc1ccc([N-]S(=O)(=O)c2ccc(F)c(C(F)(F)F)c2)cc1,0.3403103
ZINC_250K_701,Cc1cccn2c(=O)c(C(=O)N[C@H]3CCN(C(=O)C(C)C)C3)cnc12,0.34031028
ZINC_250K_3400,Cc1[nH]ccc1C(=O)NCc1ccnc(OC(C)(C)C)c1,0.34031025
ZINC_250K_9585,COc1ccc(-c2ncc(C(=O)Nc3cc(OC)ccc3F)s2)cc1,0.34031025
ZINC_250K_2008,O=C1C[C@H](C(=O)N2CCC[C@H]2c2cccs2)CN1Cc1ccco1,0.34031022
ZINC_250K_3890,C[C@H]1CC[NH+](CCC(=O)Nc2ccc(OCc3ccccc3)cc2)C[C@@H]1O,0.3403102
ZINC_250K_3114,CNC(=O)/C(C#N)=C1/S[C@H](Cc2cccc([N+](=O)[O-])c2)C(=O)N1c1ccccc1,0.34031013
ZINC_250K_3484,CCCCC(=O)Nc1cc(NC(=O)[C@H]2N=C(C)C=C2C)ccc1OC,0.34031013
ZINC_250K_1467,CC(=O)N1CCc2cc(-c3csc(NC(=O)C(C)C)n3)ccc21,0.34031007
ZINC_250K_2360,O=C(Cn1c(=O)c(=O)n(Cc2ccc(Cl)cc2)c2ccccc21)NC1CCCCC1,0.34031007
ZINC_250K_6798,COc1cc2c(cc1OC)=[NH+][C@@H](C(=O)NCCCN1CCOCC1)C=2,0.34031
ZINC_250K_3019,Cc1cc(C(=O)CSc2nnc(-c3ccccc3)n2C)c(C)n1C[C@H]1CCCO1,0.34031
ZINC_250K_848,Cc1cc(F)ccc1CCNC(=O)Cc1c[nH]c2c(C)cccc12,0.34030998
ZINC_250K_5959,Cc1ccc(-c2n[nH]c(=S)n2CCC(=O)NCC2([NH+](C)C)CCCCCC2)cc1,0.34030998
ZINC_250K_7296,O=C(C[NH2+]C1(c2ccc(Br)cc2)CCOCC1)Nc1ccccc1C(F)(F)F,0.34030995
ZINC_250K_4849,CN(Cc1ccccn1)C(=O)N[C@H]1CCC[C@H]1c1ccc(F)cc1,0.34030995
ZINC_250K_5307,COc1cccc(C(=O)N2CCN(C(=O)[C@H](C)n3nc(C)cc3C)CC2)c1,0.34030992
ZINC_250K_5198,O=C1N[C@@]2(CCOc3ccccc32)C(=O)N1Cc1ccc(F)c2cccnc12,0.34030983
ZINC_250K_8673,COCCn1ccc2ccc(C(=O)Nc3ccc(OC)nc3)cc21,0.3403098
ZINC_250K_950,CC1=C(C(=O)OCC(C)C)[C@H](c2cccc(F)c2)c2c(n(C)c(=O)n(C)c2=O)N1,0.3403098
ZINC_250K_6829,Cc1ccccc1C(=O)N[C@]1(C(F)(F)F)N=C(c2ccccc2)N(Cc2ccco2)C1=O,0.3403098
ZINC_250K_927,C[C@@H](Sc1cc(Cl)ccc1Cl)C(=O)N1CCC[C@H](CCC(N)=O)C1,0.34030974
ZINC_250K_2588,Cc1ccccc1C[NH+](C)CC(=O)Nc1cccc(S(=O)(=O)/N=C2\CCCN2)c1,0.3403097
ZINC_250K_3324,CCn1ccc(C(=O)N2CCC[C@H](c3nnc(Cn4cccn4)n3C)C2)n1,0.34030968
ZINC_250K_6971,COCCCOc1cc(C)ccc1CNC(=O)N1CCCC1(C)C,0.34030968
ZINC_250K_3515,COc1ccc(F)c(NC(=O)c2ccccc2CSc2ncn[nH]2)c1,0.34030968
ZINC_250K_4647,O=C(NCCCc1n[nH]c(=O)[nH]1)[C@H]1C[C@@H]1c1c(F)cccc1F,0.34030965
ZINC_250K_219,CCCCNC(=O)CCc1c(C)nc2c3ccccc3nn2c1C,0.34030965
ZINC_250K_2796,COc1ccc(CCNc2nc3ccccc3c3nnc(C)n23)cc1OC,0.34030965
ZINC_250K_3492,C[C@H](CNC(=O)c1ccn(C2CCCC2)n1)c1nc(-c2ccccc2)no1,0.3403096
ZINC_250K_1965,Cc1cnc(NC(=O)[C@H]2CC(c3cccc(F)c3)=NO2)s1,0.3403096
ZINC_250K_7075,O=C(c1cc([N+](=O)[O-])c[nH]c1=O)N1CCc2c([nH]c3ccccc23)C1,0.3403096
ZINC_250K_4135,CS(=O)(=O)c1ccc(F)c(S(=O)(=O)[N-]c2cccc(NC(=O)C3CC3)c2)c1,0.3403096
ZINC_250K_2583,O=C(c1cccc(F)c1)N1CCSC12CCN(S(=O)(=O)c1cccc3ccccc13)CC2,0.34030953
ZINC_250K_3881,O=C(CNC(=O)c1ccc2c(c1)OCO2)Nc1ccccc1N1CCCC1,0.34030953
ZINC_250K_1302,COc1ccc(CNC(=O)NC[C@@H](C)[NH+]2CCc3sccc3C2)cn1,0.34030947
ZINC_250K_3042,COCCn1/c(=N\C(=O)[C@H]2CCCCN2S(C)(=O)=O)sc2c(C)cc(C)cc21,0.3403094
ZINC_250K_2993,C#CCN(C(=O)Nc1ccc(Cl)cc1F)[C@H]1CCS(=O)(=O)C1,0.3403094
ZINC_250K_394,Cc1cc(CN2CCN3C(=O)NC[C@@H]3C2)cc(C)c1OC(F)F,0.3403094
ZINC_250K_8277,CCn1c(C2CCN(C(=O)c3ccc(-c4ccccc4)cc3)CC2)nn(CCOC)c1=O,0.34030935
ZINC_250K_5422,CCC(=O)N1CCC[C@@H](/C([O-])=N/c2nc(-c3ccc(C)s3)n[nH]2)C1,0.34030935
ZINC_250K_9099,COc1ccc(NC(=O)C(=O)N[C@@H]2CCC[C@@H]2CCC(C)C)cc1F,0.3403093
ZINC_250K_1430,CC1(C)CC[C@@H](CNC(=O)c2ccc3nncn3c2)c2ccccc21,0.34030926
ZINC_250K_4412,Cc1nnc(-c2ccc(C(=O)N3CC[C@H](C[NH+]4CCCCC4)C3)cc2)o1,0.34030926
ZINC_250K_9004,CCOC(=O)C1=C(C)N=C2C[C@@H](C)[C@H](C(=O)OC)C(=O)[C@@H]2[C@H]1c1ccc(C)cc1,0.34030926
ZINC_250K_6483,COC(=O)c1cc(NC(=O)CCc2nnc(-c3ccoc3C)o2)ccc1C,0.34030926
ZINC_250K_4226,Cc1cc(NC(=O)C(=O)NC[C@H]2CC[NH+](C)C2)ccc1OC(C)C,0.34030923
ZINC_250K_500,CC(C)OCCN1CCN(C(=O)Nc2ccccc2C(F)(F)F)CC1,0.34030923
ZINC_250K_7608,O=C(c1cn(Cc2ccccc2)nn1)N1CCc2ccc([N+](=O)[O-])cc2C1,0.34030914
ZINC_250K_3535,Cc1ccc(NC(=O)CC[NH2+][C@H](C)CC2CC2)c(Cl)c1,0.34030908
ZINC_250K_9554,COc1cc([C@@H]2CC(=O)N3CN(c4ccc(C)c(C)c4)CSC3=C2C#N)ccc1O,0.34030902
ZINC_250K_6713,C#CCN(C(=O)N[C@@H](C)c1ccc(F)c(F)c1)[C@H]1CCS(=O)(=O)C1,0.340309
ZINC_250K_7388,CC(C)[C@H](CC(=O)N1CCC([C@@H]2Nc3ccccc3S(=O)(=O)N2)CC1)c1ccco1,0.34030896
ZINC_250K_3611,COCCn1c(SCc2cccc(F)c2)nc2c(c1=O)SCC2,0.34030896
ZINC_250K_5347,CCC[C@@H]1CN(C(=O)Nc2ccccc2N2C[C@@H](C)O[C@@H](C)C2)CCO1,0.34030893
ZINC_250K_5562,CC[C@@H](NC(=O)Nc1ccc(C(=O)N(C)C)c(C)c1)c1ccc(C)c(F)c1,0.34030893
ZINC_250K_6452,Cc1nc(CC(=O)N[C@@H]2CCC[C@@H]2c2ccccc2C(F)(F)F)cs1,0.3403089
ZINC_250K_653,COc1ccccc1N1CC[NH+]([C@@H](C)C(=O)Nc2ccc(F)cc2)CC1,0.3403089
ZINC_250K_4128,COc1ccc(OC)c([C@@H]2C3=C(CC(C)(C)CC3=O)Nc3[nH]c(-c4ccccc4)nc(=O)c32)c1,0.3403089
ZINC_250K_2120,COC[C@H](NS(=O)(=O)c1ccc(Cl)nc1)c1ccc(F)c(F)c1,0.3403089
ZINC_250K_8344,C[C@H]1Cc2ccccc2N1CCNC(=O)C1(C#N)CCCC1,0.34030887
ZINC_250K_10030,CN(Cc1c(F)cccc1Cl)C(=O)CNC(=O)c1sc2ccccc2c1Cl,0.34030885
ZINC_250K_1665,O=C(OCc1cc([N+](=O)[O-])cc2c1OCOC2)c1cnc2ccccc2n1,0.34030882
ZINC_250K_7758,COc1ccc(/C=C/C(=O)NCc2cnn3ccccc23)cc1OC,0.34030882
ZINC_250K_29,Cc1cccn2c(=O)c(C(=O)NC[C@H]3CCO[C@@H]3C(C)C)cnc12,0.34030864
ZINC_250K_1518,CCc1nc(C)sc1CNC(=O)CCc1nc(-c2ccccc2C)no1,0.34030864
ZINC_250K_6909,Fc1cccc(Cl)c1CN(c1cc(-n2ccnc2)ncn1)C1CC1,0.3403086
ZINC_250K_60,CC[C@@H](NC(=O)[C@H](C)n1cccn1)c1ccc(C)c(F)c1,0.3403085
ZINC_250K_6466,CC[C@@H](C)Oc1cccc(C(=O)Nc2cccc(C(=O)N3CC[NH+](C)CC3)c2)c1,0.34030843
ZINC_250K_1514,Cn1cc(C(=O)Nc2ccc(CC(N)=O)cc2)c(-c2ccccc2)n1,0.34030843
ZINC_250K_5090,COc1cc2s/c(=N\C(=O)[C@H]3CCCCN3S(=O)(=O)c3cccs3)n(C)c2cc1OC,0.3403084
ZINC_250K_2432,CC1CCN(C(=O)c2ccccc2NC(=O)NCCc2cccs2)CC1,0.34030837
ZINC_250K_6104,Cc1cc(N2CCN([C@@H](C)C(=O)Nc3ccc4c(c3)OCCO4)CC2)nc(C(C)C)[nH+]1,0.34030837
ZINC_250K_423,COC(=O)c1cc(CSc2nnc(-c3cccnc3)n2-c2ccccc2F)oc1C,0.34030834
ZINC_250K_4754,C[C@@H]1CCCCN1c1ccc(NC(=S)NC(=O)c2ccco2)cc1,0.3403083
ZINC_250K_10031,CC[C@H](Oc1ccccc1C)C(=O)Nc1cccc(NC(=O)C2CC2)c1C,0.34030822
ZINC_250K_3551,COc1ccc(NC(=O)[C@H]2c3cc(OC)c(OC)cc3C(=O)N(C)[C@@H]2c2cccs2)cc1OC,0.3403082
ZINC_250K_7767,CCN(CC)C(=O)[C@@H]1CN(C(=O)c2ccccc2Cl)C[C@H]1c1cccc(OC)c1,0.3403082
ZINC_250K_9801,Cc1nc(C2CCN(C(=O)Nc3ccc(N(C)C)c(C)c3)CC2)n[nH]1,0.34030816
ZINC_250K_296,Cc1cccc(NC(=O)CN2C(=O)/C(=C3\SC(=S)N(Cc4ccco4)C3=O)c3ccccc32)c1,0.34030816
ZINC_250K_8646,CCOC(=O)c1c(NC(=O)CCc2ccc(C)o2)sc2c1CCCC2,0.34030813
ZINC_250K_1092,O=C1C[C@H](C(=O)N2CCOC[C@@H]2CCO)CN1c1cc(Cl)cc(Cl)c1,0.34030813
ZINC_250K_7245,O=C([O-])c1cc(N2CCN(c3ccc(F)cc3)CC2)ccc1NC(=O)C1CCCC1,0.34030813
ZINC_250K_5549,CCc1noc(CC)c1CNC(=O)CCc1c[nH]c2c(C)cccc12,0.34030813
ZINC_250K_10336,CCc1cc2c3c([nH]c2cc1S(=O)(=O)NC[C@@H]1[NH+]=c2ccc(C)cc2=[NH+]1)CCCC3=O,0.34030813
ZINC_250K_4666,O=C(CN1C(=O)CCc2cc(Br)ccc21)NCCN1CCc2ccccc2C1,0.34030804
ZINC_250K_2429,C[C@H]1CCCCN1S(=O)(=O)c1cccc(C(=O)N(C)c2ccc(F)cc2)c1,0.34030804
ZINC_250K_3472,Cc1cc(C(F)F)n2ncc(C(=O)Nc3ccc(Br)cc3C(F)(F)F)c2n1,0.34030804
ZINC_250K_10132,COC(=O)Nc1cccc(OCc2nnc(-c3ccc(C#N)cc3)o2)c1,0.340308
ZINC_250K_9179,Cn1ncc(C(=O)[O-])c1C(=O)NCC1CC[NH+](Cc2ccccc2)CC1,0.340308
ZINC_250K_3352,CCOc1cc(NC(=O)NC[C@@H](C)[NH+]2CCC[C@H](C)C2)ccc1OC,0.340308
ZINC_250K_6563,CC(C)(C)OC(=O)NC[C@@H]1CCCN1Cc1cc(O)ccc1[N+](=O)[O-],0.34030798
ZINC_250K_4383,O=C1CC[C@@H](C(=O)N2CSC[C@@H]2C(=O)Nc2ccc3c(c2)OCO3)N1,0.34030798
ZINC_250K_5124,C[C@H]1c2cc3c(C(C)(C)C)coc3cc2OC(=O)[C@H]1CCC(=O)NCCc1c[nH+]c[nH]1,0.3403078
ZINC_250K_4533,CC(C)(C)OC(=O)N1CCc2ncn(Cc3cc(F)c(F)c(F)c3)c(=O)c2C1,0.3403078
ZINC_250K_2087,CC[C@]1(c2ccc(F)cc2)NC(=O)N(CC(=O)NCCc2ccc(Cl)cc2)C1=O,0.34030777
ZINC_250K_10466,C[C@H]1CCC=C2C[C@H]3OC(=O)[C@@H](CN4CC[NH+](C/C=C/c5ccccc5)CC4)[C@H]3[C@H](O)[C@@]21C,0.3403077
ZINC_250K_695,Cc1ccccc1Nc1nc(N)nc(COc2ccc(F)c(Cl)c2)n1,0.34030768
ZINC_250K_684,Cc1ccc(-n2nc3c(c2NC(=O)c2ccc(Br)o2)CSC3)cc1C,0.34030765
ZINC_250K_1127,CCc1cc(=O)oc2cc(C)cc(O[C@H](C)C(=O)NCc3cccnc3)c12,0.34030762
ZINC_250K_4045,Cc1ccc(NC(=O)C(=O)NCCc2csc(-c3ccc(F)cc3)n2)cc1,0.3403076
ZINC_250K_5892,O=C(OCC(=O)N1CCCC1)c1cn(-c2ccccc2)nc1-c1ccc(F)cc1,0.34030753
ZINC_250K_4001,COc1ccc2cnn(CC(=O)Nc3cccnc3)c(=O)c2c1OC,0.34030744
ZINC_250K_24,COC(=O)Cc1csc(NC(=O)Cc2coc3cc(C)ccc23)n1,0.3403074
ZINC_250K_3606,Cc1nn(C)cc1CNC(=O)c1ccc(Cn2cc(Cl)c([N+](=O)[O-])n2)cc1,0.34030738
ZINC_250K_1673,Cc1nn(-c2ccccn2)c(C)c1N1CCN(C(=O)Cn2ccc3ccccc32)CC1,0.34030738
ZINC_250K_5203,CC(=O)Oc1ccc(/C=C(\C#N)C(=O)Nc2ccc([N+](=O)[O-])cc2Cl)cc1Br,0.34030738
ZINC_250K_4632,COc1cccc(C(=O)N2CCN(c3ccccc3C)C(=O)C2)c1,0.34030735
ZINC_250K_9069,C[C@@H](CNC(=O)c1ccc(Cl)c(-n2cnc3cccnc32)c1)c1ccccc1,0.34030727
ZINC_250K_8419,O=C(Cn1cccn1)N1CCC[C@@H](CCc2ccc(F)cc2)C1,0.34030727
ZINC_250K_2336,O=C(Nc1ccccc1)[C@H]1CCCN(c2ccc3nnc(C(F)(F)F)n3n2)C1,0.34030727
ZINC_250K_3903,N#C[C@H](c1nc2ccccc2nc1N1CCOCC1)S(=O)(=O)c1ccc(Cl)cc1,0.34030727
ZINC_250K_1454,COCCC(=O)N1CC[C@](Cc2ccccc2-c2ccccc2F)(C(=O)N(C)C)C1,0.3403072
ZINC_250K_1558,O=C(Nc1ccc(Br)cc1F)[C@H]1CCCN1C(=O)C12CC3CC(CC(C3)C1)C2,0.3403072
ZINC_250K_2691,Cc1ccc(C(=O)N(C)C)cc1NC(=O)N1CCOC[C@H]1C1CC1,0.3403072
ZINC_250K_7493,CC(C)[C@H](NC(=O)c1ccc(F)cc1)C(=O)N1CCC[C@@H](c2[nH]cc[nH+]2)C1,0.34030715
ZINC_250K_4289,Cc1noc(CCC(=O)NC[C@@H]2C[C@]23CCc2ccccc23)n1,0.34030712
ZINC_250K_1239,O=C(NC[C@@H]1CCC[NH+]2CCCC[C@H]12)c1cc2ccccc2n1Cc1ccccc1,0.3403071
ZINC_250K_9831,O=C(OCc1nnsc1Cl)c1cccc(N2CCCS2(=O)=O)c1,0.34030703
ZINC_250K_279,O=C(Nc1ccc2[nH]c(=O)[nH]c2c1)c1cc(S(=O)(=O)NC2CC2)ccc1Br,0.34030703
ZINC_250K_9320,CC(C)[C@@H](CNC(=O)Nc1cccc(-c2nnnn2C2CC2)c1)[NH+]1CCCCCC1,0.340307
ZINC_250K_7172,CCOc1cccc(C2=C[C@H](C(=O)N/N=C/c3ccc(OC)cc3)N=N2)c1,0.340307
ZINC_250K_10171,CC1(C)C[C@@H](NC[C@@H]2CCCN(c3ncccn3)C2)C[NH+]1Cc1ccccc1,0.340307
ZINC_250K_5961,Cc1noc([C@@H]2CCCN(c3cc(C)[nH+]c4ccc(F)cc34)C2)n1,0.34030697
ZINC_250K_10105,Cc1nnc2n1CCC[C@H]2NC(=O)NCc1ccccc1C[NH+](C)C,0.34030694
ZINC_250K_682,O=C(C1CCC1)N1CCC[C@H]1c1nc2cc(-c3ccccc3)ccc2o1,0.34030694
ZINC_250K_2468,Cc1csc(N2CCCN(C(=O)[C@@H]3C[C@@H]3c3ccccc3C)CC2)n1,0.34030688
ZINC_250K_10012,CC(C)n1nccc1NC(=O)[C@@H](C)Sc1nnc(CO)n1C1CC1,0.34030688
ZINC_250K_10197,COc1ccc([C@H]2CCCN2C(=O)NCCCNC(C)=O)c(OC)c1,0.34030682
ZINC_250K_377,Cc1ccccc1COc1ccc([C@@H]2C3=C(CCCC3=O)Nc3nnnn32)cc1,0.34030676
ZINC_250K_8716,CCSC1=NC(=O)[C@H]2C(=N1)NC(=O)C[C@H]2C(=O)Nc1ccc(Br)cc1C,0.34030676
ZINC_250K_6474,CCS[C@@H]1CC[C@@H](N(C)C(=O)c2cc(C)n(-c3ccc(OC)cc3)n2)C1,0.3403067
ZINC_250K_4005,C[C@@H]([NH2+]Cc1cccc(OC2CCCC2)c1)c1ccc2c(c1)NC(=O)CO2,0.3403067
ZINC_250K_4416,CCCN1CCc2cc(-c3cncn3[C@@H](C)Cc3c(C)nn(C)c3C)ccc21,0.34030664
ZINC_250K_5295,Cc1ccccc1[C@H]1C[C@@H]1C(=O)N1CCC[C@@H]1c1cccc(F)c1,0.34030664
ZINC_250K_1565,O=C(CCC(=O)N1CCC(c2ccccc2)=N1)Nc1ccccc1F,0.34030664
ZINC_250K_3345,N#Cc1ccc(OCCNC(=O)c2scnc2C2CC2)cc1,0.3403066
ZINC_250K_90,CCC[C@@H]1CN(C(=O)C(=O)Nc2ccc(C)nc2Cl)CCO1,0.34030658
ZINC_250K_3623,COc1ccc(F)c(NC(=O)c2c(C)c3ccccc3oc2=O)c1,0.3403065
ZINC_250K_3597,C#CCNC(=O)c1ccccc1NC(=O)[C@H]1SCCc2ccccc21,0.34030646
ZINC_250K_2628,COC(=O)C(C)(C)[C@H]1CCCN(S(=O)(=O)c2ccc(F)c(F)c2)C1,0.34030646
ZINC_250K_5626,COCCCN(C)C(=O)NCC1(c2cccc(Cl)c2)CCOCC1,0.3403064
ZINC_250K_3662,Cc1nc(C)c(CCC(=O)N[C@@H]2C[C@@H]2c2cccc(Cl)c2)c(=O)[nH]1,0.3403064
ZINC_250K_922,O=C(Nc1cccc(N2CCCNC2=O)c1)C(=O)N1CCc2cc(F)ccc2C1,0.34030637
ZINC_250K_504,COCCNC(=O)[C@H]1CCCN1S(=O)(=O)c1ccc(Br)cc1,0.34030637
ZINC_250K_2282,CSc1ccc([C@@H]2[C@@H]3[NH+]=c4ccccc4=C3CCN2C(=O)CCCN2CCCC2=O)cc1,0.34030625
ZINC_250K_8847,COc1ccc([C@@H](C)N(C)C(=O)c2nc(C)n(-c3ccc(F)cc3)n2)cc1,0.34030625
ZINC_250K_9186,Cc1onc(-c2ccccc2)c1C(=O)N1CCC[C@@H]1c1ccc(C(N)=O)s1,0.3403061
ZINC_250K_5827,CN(C1CCCCC1)S(=O)(=O)c1ccc(C(=O)Nc2ccc3c(c2)n(C)c(=O)n3C)cc1,0.3403061
ZINC_250K_9142,CC(=O)Nc1ccc(F)c(NC(=O)NC[C@@H](C)Cn2cccn2)c1,0.34030607
ZINC_250K_7820,C[C@@H](C(=O)Nc1cc2ccccc2oc1=O)n1nc(-c2ccccc2)ccc1=O,0.34030604
ZINC_250K_8097,Cc1nc(N(C)C[C@H]2CCC[NH+](C)C2)nc2cc(S(C)(=O)=O)ccc12,0.34030604
ZINC_250K_8208,O=C(Nc1cccc(Cl)c1)[C@H]1CC(=O)N(c2ccc(Br)cc2)C1,0.340306
ZINC_250K_2201,N#Cc1ccc(OC2CCC(NC(=O)[C@@H]3CCOc4ccccc43)CC2)nc1,0.34030592
ZINC_250K_5839,Cc1ccc(C)c(NC(=S)Nc2ccc(S(=O)(=O)N3CCCc4ccccc43)cc2)c1,0.34030592
ZINC_250K_1324,Cn1cc(C(=O)N[C@H]2C[C@H]3CC[C@@H]2O3)c(-c2ccccc2)n1,0.3403059
ZINC_250K_9777,C[NH+](C)CCn1cc(NC(=O)NCCc2cccc(F)c2)cn1,0.3403059
ZINC_250K_5393,O=C(c1ccccn1)N1CCC2(CC[C@@H](CNC(=O)C3(c4ccccc4)CC3)O2)CC1,0.34030584
ZINC_250K_10144,CC1=C(C(=O)[O-])N2C(=O)[C@H](NC(=O)c3c(Cl)c(C(F)(F)F)nn3C)[C@@H]2SC1,0.34030584
ZINC_250K_3943,COc1ccc(C)cc1NC(=O)CN1C[C@H](C)OCC1(C)C,0.3403058
ZINC_250K_1468,COC(=O)N1CCc2c(sc(NC(=O)c3ccccc3Br)c2C#N)C1,0.34030578
ZINC_250K_6174,CC(C)OC(=O)[C@@H](C)CNC(=O)N1CCc2cc(F)ccc2[C@@H]1C,0.34030578
ZINC_250K_2464,O=C(c1nc(-c2ccc(Cl)cc2)n2c1CCCCC2)N1CCN(c2ncccn2)CC1,0.34030575
ZINC_250K_8450,Cc1nnc2ccc(N[C@@H](Cc3ccccc3)C(=O)N3CCCCC3)nn12,0.34030572
ZINC_250K_7253,COc1ccc(Cl)cc1C(=O)NC(=S)Nc1ccc([N+](=O)[O-])cc1C,0.34030572
ZINC_250K_578,CCCCN(C(=O)c1oc2ccccc2c1C)c1c(N)n(CCC)c(=O)[nH]c1=O,0.34030566
ZINC_250K_2046,CCC[C@H]1CN(C(=O)Nc2cccc(S(C)(=O)=O)c2C)CCO1,0.34030566
ZINC_250K_2470,O=C(c1c[nH]cn1)N1CCO[C@H](Cc2cccc(F)c2)C1,0.3403056
ZINC_250K_4266,N#Cc1ccccc1NC(=O)[C@@H]1C[C@H]1c1ccc(OC(F)(F)F)cc1,0.34030557
ZINC_250K_9881,Cc1ccc(NC(=O)[C@@H](C)Nc2ccc3c(c2)CCO3)c(Cl)c1,0.34030554
ZINC_250K_1847,O=C(NCc1csc(C2CC2)n1)Nc1ccc(C(=O)N2CCCC2)cc1,0.3403055
ZINC_250K_1767,Cc1[nH]c2ccccc2c1C(=O)Nc1ccn(-c2ncccc2Cl)n1,0.3403055
ZINC_250K_3884,Cc1ccc(C)c(N(C)C(=O)Cn2cnc3onc(-c4ccc(F)cc4)c3c2=O)c1,0.34030548
ZINC_250K_8079,CC(C)NS(=O)(=O)c1cc(C(=O)N2C[C@H](C)O[C@@H](C)C2)ccc1F,0.34030542
ZINC_250K_7132,COc1ccc(C#N)cc1COc1ccc(O[C@@H]2CCCCNC2=O)cc1,0.3403054
ZINC_250K_207,O=C(N[C@@H](CO)c1ccco1)c1cc(Cl)ccc1OC1CCCC1,0.34030536
ZINC_250K_2586,C=CCN(C(=O)Cc1csc(-c2ccccc2Cl)n1)[C@H]1CCS(=O)(=O)C1,0.34030533
ZINC_250K_7858,C[C@@H](NC(=O)NCC(=O)N1CCc2ccccc21)c1ccc(Cl)cc1Cl,0.34030533
ZINC_250K_5237,O=C(CCNS(=O)(=O)c1ccccc1F)Nc1ccc2c(c1)COC2,0.34030533
ZINC_250K_6796,O=C(CCSc1ccccc1Cl)Nc1cccc(S(=O)(=O)/N=C2/CCCN2)c1,0.3403053
ZINC_250K_10003,Cc1cc(-c2cccc(-c3cc[nH]n3)c2)ccc1NC(=O)c1cccnc1,0.34030527
ZINC_250K_6762,O=C(NO[C@@H]1CCCCO1)[C@@H]1CCCN1C(=O)c1cc(Cl)ccc1Cl,0.34030524
ZINC_250K_4809,COc1cccc(-c2ocnc2C(=O)NCc2cccc(Br)c2)c1,0.34030512
ZINC_250K_4965,CCn1c(C[NH+]2CCC[C@@H](C(=O)c3cccc(Cl)c3)C2)nc2ccccc21,0.34030506
ZINC_250K_1961,O=S(=O)(Nc1ccc(-c2ccc(N3CCCCCC3)nn2)cc1)c1ccc(F)cc1F,0.34030506
ZINC_250K_6637,O=C(NC[C@@H]1CN2CCCC[C@@H]2CO1)N1CCO[C@H](c2ccsc2)C1,0.34030506
ZINC_250K_2111,CCOC(=O)/C(=C/c1cc(C)c(O)c(C)c1)c1nccn1Cc1ccccc1,0.340305
ZINC_250K_4415,CC[C@H]([NH3+])C(=O)N1CCC(Cn2cc(-c3ccc(C)cc3)nn2)CC1,0.340305
ZINC_250K_6046,Cc1ccc(NC(=O)[C@H](C)OC(=O)CN2C(=O)N[C@@](C)(C3CC3)C2=O)cc1,0.340305
ZINC_250K_8747,COc1ccc(NC(=O)[C@@H]2[C@H]3C=C[C@]4(CN(c5cc(C)on5)C(=O)[C@@H]24)O3)cc1,0.34030494
ZINC_250K_8382,C[C@H](CNC(=O)N1CCc2ccccc21)c1nc(-c2ccccc2)no1,0.3403049
ZINC_250K_5170,Cc1nc2c(s1)[C@H](N[C@H]1CCN(c3ccc(Cl)cc3)C1=O)CCC2,0.3403049
ZINC_250K_8331,CC(C)[C@@H](NC(=O)CN1C(=O)N[C@H](Cc2c[nH]c3ccccc23)C1=O)c1ccc(F)cc1,0.34030488
ZINC_250K_1414,Cc1cc(NC(=O)[C@H]2CCOc3ccccc32)c2ncccc2c1,0.34030482
ZINC_250K_5476,Cc1cc2ccccc2n2c(=O)n(C[C@H](C)NC(=O)CCCn3cncn3)nc12,0.3403048
ZINC_250K_7719,C[C@H](NC(=O)Cn1c([S-])nnc1-c1ccc(Cl)cc1)c1ccccc1Br,0.34030476
ZINC_250K_10486,CCS(=O)(=O)c1ccccc1C(=O)Nc1ccc(-c2nc3ccccc3s2)c(O)c1,0.34030473
ZINC_250K_6551,Cc1ncccc1NC(=O)c1cc(Cl)ccc1-n1cnnn1,0.3403047
ZINC_250K_1921,O=C(CCc1nc2ccccc2c(=O)[nH]1)N[C@H]1CCc2ccccc21,0.34030467
ZINC_250K_7800,O=C(CSc1nnc(Nc2ccccc2F)s1)Nc1ccc2[nH]c(=O)[nH]c2c1,0.34030467
ZINC_250K_3269,O=C(NCCc1nccn1Cc1ccccc1)N[C@@H]1CCC[C@H]1CO,0.3403046
ZINC_250K_6205,Cc1ccc(-n2ncc3c(=O)n(NC(=O)Cc4ccccc4)cnc32)cc1C,0.34030458
ZINC_250K_5906,O=C(Nc1cc(F)cc(F)c1)N1CCCC[C@H]1c1nnc2n1CCCC2,0.34030458
ZINC_250K_5553,CCc1cccc(S(=O)(=O)N[C@H](C)c2nc(C3CCCC3)no2)c1,0.3403045
ZINC_250K_782,Cn1nc(CNC(=O)Nc2ccccc2C(F)(F)F)cc1-c1ccncc1,0.34030437
ZINC_250K_8094,CN(CCc1cccs1)C(=O)c1ccc(-n2ccnc2)c([N+](=O)[O-])c1,0.34030434
ZINC_250K_6806,CCNS(=O)(=O)c1ccc(C)c(C(=O)N2CC[S@@](=O)C(C)(C)C2)c1,0.34030434
ZINC_250K_8391,Cc1ccc(NC(=O)CSc2cc(N3C[C@@H](C)O[C@@H](C)C3)ncn2)cc1,0.34030434
ZINC_250K_8197,COc1ccc([C@@H](CNC(=O)c2cccc(N(C)C)c2)c2c[nH]c3ccccc23)cc1,0.3403043
ZINC_250K_1932,O=C(NCCCN1CCOCC1)c1nc(-c2cnccn2)no1,0.3403043
ZINC_250K_8062,COc1ccc2c(ccn2CC(=O)N2CCN(c3ccccc3OC)CC2)c1,0.3403043
ZINC_250K_6858,CC(C)CNC(=O)[C@@H]1Cc2ccccc2CN1C(=O)c1cccc2ccoc12,0.34030423
ZINC_250K_6328,Cc1ccc(CNC(=O)[C@@]2(C)CCCN(C(=O)Nc3ccc(F)cc3)C2)cc1,0.34030423
ZINC_250K_5630,O=C(NCc1ccccc1OCC1CC1)[C@@H]1CCCN1C(=O)C1CC1,0.34030423
ZINC_250K_465,Cc1cc2nc(C)c(CCC(=O)NC[C@@H](c3ccccc3)N3CCOCC3)c(C)n2n1,0.34030417
ZINC_250K_3408,Cc1ccc(C(=O)N[C@@H](C)c2ccccc2)cc1S(=O)(=O)N1CCOCC1,0.34030417
ZINC_250K_5377,CCN(Cc1ccccc1)C(=O)[C@H](C)Sc1nnc2c(Cl)cc(C(F)(F)F)cn12,0.34030417
ZINC_250K_8485,COc1ccc(CN2COc3ccc4c(c3C2)O/C(=C\c2ccc(Cl)cc2)C4=O)cc1,0.3403041
ZINC_250K_8810,CC(C)n1cnnc1CN1CC[C@@]2(CCCN(CCO)C2=O)C1,0.34030405
ZINC_250K_1327,Cc1ccc([N+](=O)[O-])cc1-n1c(C)cc(/C=C2/C(=N)N3N=C(c4ccccc4)SC3=NC2=O)c1C,0.34030402
ZINC_250K_1657,C[C@@H]1CCCN(C(=O)COc2ccc(Nc3ccccc3)cc2)C1,0.34030402
ZINC_250K_3811,COc1ccc(-c2cc(C(=O)NCC(F)(F)F)c3ccccc3n2)cc1OC,0.340304
ZINC_250K_5622,O=C(COC(=O)CNC(=O)c1cccc(Br)c1)Nc1ncc(Cl)cc1Cl,0.340304
ZINC_250K_2942,O=C(NC[C@H]1CCCCN1C(=O)c1cc(Cl)ccc1O)Nc1ccccc1,0.34030396
ZINC_250K_1424,CCOC(=O)c1nc2ccccc2nc1Nc1ccc(F)cc1F,0.3403039
ZINC_250K_5551,Cc1noc(C)c1S(=O)(=O)N1CCC(C(=O)NNC(=O)c2ccc(Cl)cc2)CC1,0.34030384
ZINC_250K_5912,Cc1cc(C)c(S(=O)(=O)N2CCC[C@H]2CNC(=O)c2ccc3c(c2)OCO3)c(C)c1,0.34030384
ZINC_250K_9262,CC(=O)N[C@H]1CCCN(C(=O)c2ccccc2OCc2ccccc2Cl)C1,0.34030384
ZINC_250K_6278,C/C=C/C(=O)NCCc1nc2ccccc2n1CC(=O)N(C)c1ccccc1,0.34030384
ZINC_250K_7792,CC[C@H](NC(=O)[C@H]1COc2ccc(F)cc2C1)[C@@H]1CCCO1,0.34030384
ZINC_250K_3330,COc1ccc(CC(=O)Nc2nnc(-c3ccccc3OC)o2)cc1C,0.34030375
ZINC_250K_3225,CC1(C)CN(CC(=O)N2CCCC2)c2ccc(S(=O)(=O)Nc3ccc4c(c3)OCCO4)cc21,0.34030372
ZINC_250K_2706,O=C(CCCc1nc2ccccc2s1)N1CCC[NH+](Cc2ccc(F)cc2)CC1,0.34030372
ZINC_250K_618,CC(C)[C@H](O)CCNC(=O)C(=O)Nc1ccn(-c2ncccc2Cl)n1,0.3403037
ZINC_250K_10254,CC(C)(C)OC(=O)N1CCC(COc2ncc(C(F)(F)F)cc2Cl)CC1,0.3403037
ZINC_250K_1490,COc1ccc2ccccc2c1CN(C)[C@@H](C(N)=O)c1cccc(F)c1,0.3403037
ZINC_250K_4874,O=C(C[C@@H]1C(=O)Nc2ccccc2N1C(=O)c1cccs1)Nc1ccc(Cl)cc1,0.3403037
ZINC_250K_62,O=C(c1cc2cc([N+](=O)[O-])ccc2oc1=O)N1CCN(Cc2ccccc2)CC1,0.34030366
ZINC_250K_1023,COc1ccc(-n2c(C)cc(/C=C3\C(=N)N4N=C(SC)SC4=NC3=O)c2C)cc1Cl,0.34030363
ZINC_250K_6410,Cc1cc(S(=O)(=O)NCC[NH+]2CCN(c3ccccc3)CC2)ccc1F,0.34030363
ZINC_250K_4390,C[NH+]1CCN(c2nc3ccc(NC(=O)CSc4ccc(Cl)cc4)cc3s2)CC1,0.34030363
ZINC_250K_2828,CCc1nn(C)cc1NC(=O)N[C@@H]1CCN(C(=O)c2ccccc2)C1,0.34030363
ZINC_250K_9951,O=C(Nc1nccs1)C1CCN(C(=O)NCc2ccccc2)CC1,0.34030363
ZINC_250K_4589,O=C(NCc1ccc2c(c1)OCCCO2)[C@H]1CCCN1C(=O)c1cc(Cl)cc(Cl)c1,0.3403036
ZINC_250K_683,O=C(CC[C@@H]1NC(=O)NC1=O)NC1CCN(c2ccccc2F)CC1,0.34030357
ZINC_250K_6741,COc1ccc2[nH]/c(=N/C(=O)[C@@H]3CC(=O)C(OCc4ccccc4)=CO3)sc2c1,0.34030357
ZINC_250K_2063,O=C(Cc1cnn(-c2ccccc2)c1)N1CCC[C@H]1c1cccc(Br)c1,0.34030357
ZINC_250K_1406,N#Cc1ccc(OCC(=O)Nc2ccccc2N2CCc3ccccc32)cc1,0.3403035
ZINC_250K_8217,Cc1cc(C(C)(C)C)ccc1OCC(=O)N/N=C1\C(=O)N(C)c2ccc([N+](=O)[O-])cc21,0.3403035
ZINC_250K_4244,N#Cc1cccc(S(=O)(=O)[N-]c2cccc(-c3nnc4n3CCCCC4)c2)c1,0.3403035
ZINC_250K_2592,Cc1ccc(C)c(OCC(=O)Nc2sc3c(c2C(N)=O)CCCC3)c1,0.3403035
ZINC_250K_8711,CC(=O)N1CCN(S(=O)(=O)c2cccc(C(=O)Nc3ccc(F)c(F)c3)c2)CC1,0.34030345
ZINC_250K_4471,CCOC(=O)Cn1c(=O)oc2cc(S(=O)(=O)Nc3ccc(C)cc3)ccc21,0.3403034
ZINC_250K_10136,CC(=O)c1c(C)oc2cc(C)c(NS(=O)(=O)c3cccc4cccnc34)cc12,0.34030333
ZINC_250K_577,CCc1nc2n(n1)C[C@H]([NH2+]CCNS(=O)(=O)c1ccccc1)CC2,0.34030333
ZINC_250K_2538,Cc1ccc(NC(=O)N2CCN(c3cc(N4CCCCC4)ncn3)CC2)cc1Cl,0.34030333
ZINC_250K_2070,CCCOc1ccc2c(c1)CCN(Cc1cc(C(N)=O)cs1)C2,0.3403033
ZINC_250K_7569,CCOc1ccc(C(=O)NC[C@@H]2Cc3cc(Oc4ccccc4)ccc3O2)cc1,0.34030327
ZINC_250K_1750,CCOc1cccc([C@H](C)NC(=O)C(=O)Nc2ccc(Cl)c([N+](=O)[O-])c2)c1,0.34030327
ZINC_250K_1650,CSCc1ccnc(NC2CCN(C(=O)c3cnccn3)CC2)c1,0.34030327
ZINC_250K_323,NC(=O)c1ccc(SCC(=O)Nc2ccc3c(c2)Cc2ccccc2-3)c([N+](=O)[O-])c1,0.34030324
ZINC_250K_3226,CCCSc1ncc(C[NH+]2CCC(c3cc(=O)[nH]c(-c4ccccn4)n3)CC2)cn1,0.34030318
ZINC_250K_4247,CC(C)C[C@H]1NC(=O)[C@@H]2C[C@H](NC(=O)c3ccc(C(F)(F)F)cc3)CN2C1=O,0.34030318
ZINC_250K_9228,COc1ccccc1[C@@H]1CCCN1C(=O)CCCCNC(N)=O,0.34030315
ZINC_250K_9241,COc1ccc(-c2cc3ccc4c(c3oc2=O)CN([C@@H]2CCS(=O)(=O)C2)CO4)c(OC)c1,0.34030312
ZINC_250K_3204,Cc1ccc(-c2cnc(CCC(=O)O[C@H](C)c3nc4sc(C)c(C)c4c(=O)[nH]3)o2)cc1,0.34030312
ZINC_250K_3528,C[C@H]1CC(=O)Nc2ccccc2N1C(=O)CSc1nc(C(C)(C)C)nc2c1c(=O)n(C)c(=O)n2C,0.34030306
ZINC_250K_3261,CC1(C)[C@H]2OCCC[C@H]2[C@@H]1OC(=O)c1ccc(-c2cscn2)cc1,0.34030303
ZINC_250K_10111,COc1ccc(OCC(=O)Nc2nc(-c3cc(C)ccc3OC)cs2)cc1,0.34030303
ZINC_250K_3712,CN(Cc1c(F)cccc1Cl)C(=O)COc1cccnc1[N+](=O)[O-],0.340303
ZINC_250K_6484,Cc1ccc(Oc2ccc(NC(=O)C(=O)NCc3ccnn3C)cn2)cc1C,0.34030294
ZINC_250K_7109,COc1ccc(N2CCN(C(=O)COc3cccc(F)c3)CC2)cc1,0.34030294
ZINC_250K_887,O=C1CC[C@@H](NC(=O)COc2ccc(Cl)c(Cl)c2)CN1,0.3403029
ZINC_250K_8514,CN(Cc1nnc2ccccn12)C(=O)[C@H]1CC(=O)N(c2cccc(Cl)c2)C1,0.34030288
ZINC_250K_983,NC(=O)COc1cccc(CNC(=O)c2cc3cc(Cl)ccc3[nH]2)c1,0.34030288
ZINC_250K_7591,CCN(CC)C(=O)c1ccc(NC(=O)COc2ccc(C#N)c(F)c2)cc1,0.34030288
ZINC_250K_5003,CCc1onc(C)c1NC(=O)N1CCC[C@H](c2[nH]cc[nH+]2)C1,0.34030288
ZINC_250K_5163,CCO[C@@H]1C[C@H]1C(=O)N1CCC(n2c(=O)[nH]c3ccccc32)CC1,0.34030268
ZINC_250K_1492,CCN1CC(=O)Nc2cc(C(=O)N[C@H]3CCO[C@@H]3c3ccccc3)ccc21,0.34030268
ZINC_250K_10185,C=CCn1c(SCC(=O)NC(=O)NC(C)(C)C)nc2sc3c(c2c1=O)CCCC3,0.34030262
ZINC_250K_10061,Cn1cc(NC(=O)[C@H]2CCCc3sccc32)c(-c2ccccc2)n1,0.34030262
ZINC_250K_3169,O=C(NC[C@H](O)C1CCOCC1)c1cncn1-c1ccccc1,0.34030262
ZINC_250K_216,CCOC(=O)[C@H]1CCCN(C(=O)c2cc(C(C)C)n(C)n2)C1,0.34030262
ZINC_250K_1108,CC[S@@](=O)[C@@H]1CCCC[C@@H]1NC(=O)c1ccc(-n2cncn2)c(F)c1,0.34030256
ZINC_250K_3967,COc1ccc([N+](=O)[O-])cc1CN1CCC[NH+](CC(=O)N2CCCC2)CC1,0.34030256
ZINC_250K_2097,CSc1nc2nc(C)c(CCC(=O)Nc3ccnn3Cc3c(Cl)cccc3Cl)c(C)n2n1,0.34030253
ZINC_250K_8735,C[C@@H](C(=O)NC(=O)NC1CCCCC1)[NH+]1CCN(C(=O)[C@@H]2COc3ccccc3O2)CC1,0.3403025
ZINC_250K_8917,CN(C[C@@H]1CCCO1)C(=O)c1cc(N2CCCC2=O)cc(C(F)(F)F)c1,0.3403024
ZINC_250K_3116,C[C@H]1CCc2sc(C(=O)OC[C@H]3CC(=O)N(C4CC4)C3)cc2C1,0.3403024
ZINC_250K_11,Cc1ccc2nc(S[C@H](C)C(=O)NC3CCC(C)CC3)n(C)c(=O)c2c1,0.34030235
ZINC_250K_1102,CCCCN1C(=O)/C(=N\NC(=O)COc2cccc3ccccc23)c2ccccc21,0.34030235
ZINC_250K_3129,COc1ccc(C(=O)N(C[C@H]2CCC(=O)N2)C(C)C)o1,0.34030235
ZINC_250K_6215,COCCOC1CCN(C(=O)c2ccc3ccc(Cl)cc3n2)CC1,0.3403023
ZINC_250K_6116,Cc1cc(=O)c(C(=O)NO[C@@H]2CCCCO2)nn1-c1ccccc1,0.3403023
ZINC_250K_195,Cc1ccc(-c2cc(NC(=O)C(C)C)c(=O)n(CC(=O)Nc3cccc(C)c3)n2)cc1,0.34030223
ZINC_250K_5431,CN(C)c1nc2ccc(NC(=O)c3cccc(OCC(N)=O)c3)cc2o1,0.3403022
ZINC_250K_8913,CC(=O)N1CCc2ccc(O[C@@H](C)C(=O)N(C)Cc3ccccc3)cc2[C@@H]1c1ccccc1,0.3403022
ZINC_250K_9582,O=C(NCc1ccccc1F)[C@H]1C[C@H](c2ccccc2)CN(C(=O)C2CCCC2)C1,0.34030217
ZINC_250K_7454,COC(=O)N1CCC(NC(=O)c2cc(S(N)(=O)=O)ccc2C)CC1,0.34030214
ZINC_250K_2774,CCOC(=O)C1=NN(c2ccccc2)[C@H](C(=O)NCC(F)(F)F)C1,0.34030214
ZINC_250K_3121,CC[C@H](C)n1nccc1NC(=O)Cn1cnc2c(cnn2C)c1=O,0.34030214
ZINC_250K_1544,CC(C)(C)C[NH+]1CCC(Oc2ccc(C(=O)N[C@@H]3CCOC3)cc2Cl)CC1,0.34030214
ZINC_250K_2978,CC(C)Oc1cccnc1C(=O)N[C@H]1CCC[C@@H](C(F)(F)F)C1,0.34030214
ZINC_250K_1795,C[NH+](Cc1cccc2cn[nH]c12)C1CCN(C(=O)OC(C)(C)C)CC1,0.3403021
ZINC_250K_102,O=[N+]([O-])c1c(Nc2ccc(F)c(F)c2)ncnc1Oc1cccc2cccnc12,0.34030196
ZINC_250K_1588,CCOC[C@@H]1CC[NH+](CC(=O)Nc2nc3ccc(F)cc3s2)C1,0.34030193
ZINC_250K_6917,CSCCCCNC(=O)Nc1c[nH]nc1-c1ccccn1,0.3403019
ZINC_250K_5678,COc1cc([C@H]2CC(=O)NC3=C2C(=O)C[C@@H](c2ccccc2Cl)C3)cc(Br)c1O,0.34030187
ZINC_250K_7712,CNC(=O)c1ccc(NC(=O)Nc2cnn(CC(C)C)c2)c(Cl)c1,0.34030187
ZINC_250K_1836,CCCCN(C)C(=O)Cn1c(-c2ccccc2F)nc2ccccc21,0.34030187
ZINC_250K_2658,CC(C)c1nnc2c(=O)n(CC(=O)Nc3ccc(Br)cc3F)c3ccccc3n12,0.34030184
ZINC_250K_325,C=CCn1c(SCC(=O)Nc2cc(C)on2)nnc1[C@H]1COc2ccccc2O1,0.34030184
ZINC_250K_4664,COc1ccc([C@H](CNC(=O)c2sc(-c3ccccn3)nc2C)[NH+](C)C)cc1,0.34030178
ZINC_250K_6675,Cc1csc([C@H](NC(=O)N2CC[C@H]2c2ccc(Cl)cc2)C2CC2)n1,0.34030178
ZINC_250K_1456,CNC(=O)[C@@H]1CCCN(S(=O)(=O)c2c(C)nn(CC(=O)NC(C)(C)C)c2C)C1,0.34030178
ZINC_250K_7039,COc1ccc(CC[NH+]2CCN([C@H](C)C(=O)Nc3cc(C)no3)CC2)cc1,0.34030163
ZINC_250K_8696,Cc1ccc(CC(=O)N[C@H](CC(C)C)c2nc(-c3nc[nH]n3)no2)cc1O,0.34030163
ZINC_250K_1181,C[C@H]1CCC[C@H](NC(=O)CN2CC[NH+](C/C=C/c3ccco3)CC2)C1,0.34030157
ZINC_250K_5387,Cc1cccc(OCC(=O)Nc2ccccc2C(=O)Nc2ccc(C)c(C)c2)c1,0.34030157
ZINC_250K_9869,COC(=O)[C@@H]1CCCCN1CC(=O)N1CCCc2cc(OC)ccc21,0.3403015
ZINC_250K_5576,CC1=NC(C)=C(C(=O)N2CCCCC2)[C@H]1S(=O)(=O)N1CCC(C(=O)Nc2ccc(C#N)cc2)CC1,0.3403015
ZINC_250K_3354,Cn1ncnc1CNC(=O)N1CCC[C@@H]1c1ccc2c(c1)OCO2,0.34030145
ZINC_250K_541,N#Cc1cccc(NC(=O)N2CCC(NC(=O)CC3CCCC3)CC2)c1,0.34030142
ZINC_250K_3406,C[C@H](OC(=O)CNC(=O)C12CC3CC(CC(C3)C1)C2)C(=O)Nc1ncc(Cl)cc1Cl,0.34030142
ZINC_250K_9257,COc1ccc(C(=O)N(Cc2cccnc2)c2nc3cc(C)c(C)cc3s2)cc1OC,0.3403014
ZINC_250K_7137,Cc1c(C(=O)NCCc2nc3c(s2)CCCC3)oc2c1C(=O)CC(C)(C)C2,0.3403014
ZINC_250K_4617,C[NH+](C)[C@@H]1CCC[C@@H](NC(=O)NCc2cc(=O)[nH]c3ccccc23)C1,0.34030136
ZINC_250K_8977,CCc1c(C(=O)N2CCO[C@@H](C)C2)cnn1-c1cccc(Cl)c1,0.34030136
ZINC_250K_1800,Cc1nc(C)c(C(=O)OCC(=O)N[C@H]2CCCc3ccccc32)s1,0.3403013
ZINC_250K_2368,CCn1c(=O)n(-c2cc(Cl)ccc2C)c(=O)c2c3c(sc21)CN(C(C)=O)CC3,0.3403013
ZINC_250K_9096,CCOC(=O)[C@]12C(=C(c3ccccc3)O[C@@H]3C=CCC[C@H]31)C(=O)C(=O)N2c1ccccc1,0.34030128
ZINC_250K_6132,CSC[C@](C)(O)CNC(=O)c1cc(C2CC2)nc2c(C)cc(C)cc12,0.34030125
ZINC_250K_7916,COC[C@@H](C)[NH+]1CCN(CC(=O)NC(=O)Nc2ccc(C)c(C)c2)CC1,0.34030122
ZINC_250K_2805,COc1ccc(OCCNC(=O)N[C@H](C)c2cn(C)nc2C)cc1,0.3403012
ZINC_250K_8086,COc1ccc(CCNC(=O)CN2C(=O)c3cccc4cccc(c34)C2=O)cc1OC,0.34030116
ZINC_250K_2216,O=C(C1CCN(S(=O)(=O)c2cccs2)CC1)N1CCN(Cc2cccc3ccccc23)CC1,0.340301
ZINC_250K_1733,COc1ccc(C(=O)Nc2cccc(-c3cc4cc(F)ccc4[nH]3)c2)cc1,0.340301
ZINC_250K_8200,C/[NH+]=C(/NCCOc1cccnc1)N[C@@H]1CCOc2ccccc21,0.34030092
ZINC_250K_5000,CC(C)NC(=O)N1CCCCC[C@@H]1C1CC[NH+](Cc2ccc(C#N)cc2F)CC1,0.3403008
ZINC_250K_6477,COC(=O)c1ccc(NC(=O)[C@@H]2c3cc(F)ccc3CCN2C(=O)OC)cc1,0.3403008
ZINC_250K_5473,Cc1ccccc1[C@H]1CCCN1C(=O)NC1CC[NH+](CC(=O)N(C)C)CC1,0.3403008
ZINC_250K_10145,COc1ccc([C@H]2CC(=O)c3cnc4c(-c5ccc(Cl)cc5)c(C)nn4c3C2)cc1OC,0.34030068
ZINC_250K_964,Cn1cc(C(=O)Nc2ccccc2C(=O)NCCc2ccccc2)c(=O)c2cccn21,0.34030062
ZINC_250K_3704,Cc1ccc(-c2nnc([C@@H](C)Nc3ccc(N4CCCC4)c(F)c3)o2)cc1,0.34030062
ZINC_250K_3803,COc1ccc(-n2c(C)cc(C(=O)CSc3nnc(-c4ccoc4C)n3C)c2C)cc1,0.34030062
ZINC_250K_7550,Cc1ccc(C)c(S(=O)(=O)NCCC(=O)Nc2c(C)n(C)n(-c3ccccc3)c2=O)c1,0.34030062
ZINC_250K_9553,Cn1nnnc1-c1cccc(C(=O)Nc2ccc(S(=O)(=O)[N-]c3nccs3)cc2)c1,0.34030053
ZINC_250K_10203,COc1ccc(Br)c(C(=O)Nc2ccc(CC(=O)NC3CC3)cc2)c1,0.34030053
ZINC_250K_3138,CC(C)N(CC(C)(C)O)C(=O)N[C@@H]1CCO[C@@H]1c1ccc(Cl)c(F)c1,0.34030047
ZINC_250K_9927,Cc1ccc(NC(=O)[C@H]2CCC[NH+](C)C2)cc1S(=O)(=O)NC(C)(C)C,0.34030044
ZINC_250K_9511,CCc1ccc(-c2noc(CCC(=O)N3CCC[C@H]3c3ccccc3)n2)cc1,0.3403004
ZINC_250K_7120,COc1cc2cc(C(=O)N3CC[C@@H]4[NH+]=c5c(Br)cccc5=C4C3)n(C)c2cc1OC,0.3403004
ZINC_250K_8111,O=C(NCCCC(=O)N1CCc2ccccc21)c1cccc(F)c1,0.34030038
ZINC_250K_5933,Cc1ccc(-c2[nH]ncc2/C=C(\C#N)C(=O)NC2CCCCC2)cc1,0.34030035
ZINC_250K_212,O=C(CCc1nc2ccccc2c(=O)[nH]1)Nc1cc(Cl)c(Cl)cc1Cl,0.34030032
ZINC_250K_3762,C[NH+](C)[C@@H]1CC[C@@H](NC(=O)c2ccc3c(c2)CCCN3S(C)(=O)=O)C1,0.34030032
ZINC_250K_8771,CC1=C[C@H](C(=O)N2CCC[C@H](C(=O)c3cccc(C(F)(F)F)c3)C2)N=N1,0.34030023
ZINC_250K_5368,O=C(NCCOc1ccccc1)c1ccc(Cn2cccn2)cc1,0.3403002
ZINC_250K_8975,COC(=O)c1c(NC(=S)Nc2ccc3c(c2)CCC3)sc2c1CC[C@H](C)C2,0.3403002
ZINC_250K_2886,Cc1nn(C)c2ncc(NC(=O)NC[C@H](c3ccccc3)[NH+](C)C)cc12,0.34030017
ZINC_250K_6836,O=C(c1ccnc(Cl)c1)N1CCOc2ccc(C[NH+]3CCc4ccccc4C3)cc2C1,0.34030017
ZINC_250K_1016,O=C(Nc1ccc(Cl)cc1)c1cc(S(=O)(=O)N2CCOCC2)c(Cl)cc1Cl,0.34030017
ZINC_250K_6035,Cc1noc2nc(-c3cccs3)cc(C(=O)Nc3cccc(C(=O)NCC(F)(F)F)c3)c12,0.34030008
ZINC_250K_7932,CCc1ccc(Nc2ncnc(N3CCN(c4ccccc4)CC3)c2[N+](=O)[O-])cc1,0.34029996
ZINC_250K_2075,CCN(C[C@H](C)C#N)C(=O)CN1CCC(=O)Nc2ccccc21,0.34029996
ZINC_250K_6345,Cc1nc(NC(=O)C2CCN(c3nc4ccccc4o3)CC2)sc1C,0.3402999
ZINC_250K_2666,CC/[NH+]=C(/NCc1nc(C)no1)N[C@H]1CCN(c2ccccc2)C1,0.34029987
ZINC_250K_8091,O=C(Nc1cnn(CC2CC2)c1)c1cc(-c2ccccc2)on1,0.34029976
ZINC_250K_8985,O=C(NC1Cc2ccccc2C1)c1cc([C@H]2C=CN=[NH+]2)cc(S(=O)(=O)NC2CCCCC2)c1,0.34029976
ZINC_250K_6149,COc1ncccc1C(=O)NCc1ccccc1C[NH+]1CCCC[C@@H]1C,0.34029973
ZINC_250K_7444,Cc1ccc(/C=C2\SC(=S)N(CCC(=O)N3CC[C@@H](c4ccccc4)C3)C2=O)cc1,0.3402997
ZINC_250K_3439,C[C@@H]1CN(S(=O)(=O)c2ccc(C(=O)Nc3nnc(-c4ccco4)o3)cc2)C[C@@H](C)O1,0.34029964
ZINC_250K_6135,Cc1nn(COc2ccc(Cl)cc2Cl)c(C)c1NS(=O)(=O)c1cccs1,0.3402996
ZINC_250K_704,CCN(CC(=O)NCc1ccc(F)cc1)C(=O)c1cnc(-c2cccnc2)s1,0.34029958
ZINC_250K_3802,Cc1nn(C)c2ncc(NC(=O)C(=O)NC3CCC(C)(C)CC3)cc12,0.34029958
ZINC_250K_5329,COc1ccc(C2(C(=O)NC[C@](C)(O)c3cccs3)CCOCC2)cc1,0.34029958
ZINC_250K_1076,CC1CCN(C(=O)c2cccc(NC(=O)c3ccccc3OC(C)C)c2)CC1,0.34029958
ZINC_250K_8159,COc1ccc(CN2C(=O)/C(=C/C3=Cc4cccc(OC)c4O[C@@H]3C)SC2=S)cc1,0.34029958
ZINC_250K_5927,COc1ccc(C2=NC(C)(C)N(CC(=O)Nc3ccc4c(c3)OCO4)C2=O)cc1,0.34029955
ZINC_250K_3044,COc1ccc(C[C@@H](C)C(=O)N2c3ccc([N+](=O)[O-])cc3C[C@H]2C)cc1,0.3402995
ZINC_250K_234,O=C(c1cc2c(F)cccc2[nH]1)N(C[C@@H]1CCCO1)c1ccncc1,0.3402995
ZINC_250K_7955,CC[C@@]1(c2ccc(Cl)cc2)NC(=O)N(CC(=O)N2CCCC[C@@H]2C)C1=O,0.34029943
ZINC_250K_4780,O=C(CCC(F)(F)F)N1CCC[C@H](c2[nH+]ccn2Cc2ccccn2)C1,0.34029943
ZINC_250K_8821,CCCOc1ccc(CNC(=O)Nc2cc(OC)ccc2F)cc1,0.3402994
ZINC_250K_1757,Cc1ccc2nc(NC3CCC(C)CC3)c(/C=C3/SC(=S)N(Cc4ccco4)C3=O)c(=O)n2c1,0.3402994
ZINC_250K_8379,Cc1ccc2c(c1)=C[C@H](C(=O)NC[C@@H]1CCC3(CCN(C(=O)CC(C)C)CC3)O1)[NH+]=2,0.3402994
ZINC_250K_10018,COc1cccc(CN2CCC[C@]3(CC[NH+](C(CO)CO)C3)C2)c1,0.3402993
ZINC_250K_8712,Cc1ccccc1N1CCN(CC(=O)Nc2cccc(Cl)c2Cl)CC1,0.34029925
ZINC_250K_9683,Cc1ccc(NC(=O)Cc2nnc(SCC(=O)Nc3nc4ccccc4s3)n2C)cc1C,0.3402992
ZINC_250K_5748,COc1cc(F)cc(CNC(=O)C(=O)Nc2cccc3cccnc23)c1,0.3402992
ZINC_250K_7992,Cc1csc(SCC(=O)N2CCC[C@@H](N3CCN(c4ccccc4C)CC3)C2)n1,0.34029913
ZINC_250K_1221,O=C(CCc1nc2ccccc2[nH]1)NCCC(=O)N[C@@H]1CCS(=O)(=O)C1,0.3402991
ZINC_250K_3313,COc1ccccc1N1CCN(C(=O)[C@@H](C)n2ccc(C(F)(F)F)n2)CC1,0.3402991
ZINC_250K_2949,COCCn1c(C(=O)N2CCO[C@@H](c3ccccc3)C2)cc2cc(Cl)ccc21,0.34029904
ZINC_250K_9006,NC(=O)[C@H]1CCCN(C(=O)CCc2cccc(OC3CCCC3)c2)C1,0.34029904
ZINC_250K_4061,Cc1nn(-c2ccccc2)c(C)c1CNC(=O)[C@@H]1[C@@H](C(=O)[O-])[C@@H]2C=C[C@H]1C2,0.34029904
ZINC_250K_6895,Cc1nc(NC(=O)[C@H]2Cc3cc(Cl)ccc3O2)sc1-c1nccn1C,0.34029898
ZINC_250K_4872,COc1ccc([C@H]2C(C#N)=C3N=C(N)c4c(sc5c4CCCC5)N3C3=C2C(=O)CCC3)cc1OC,0.34029892
ZINC_250K_6783,COc1ccccc1[C@@H]1CCN(C(=O)/C=C/c2cn(C)c3ccccc23)C1,0.34029892
ZINC_250K_1031,CCc1ccc([C@H](CNC(=O)N2CCC[C@@H]2c2ccc3c(c2)OCCO3)[NH+](C)C)cc1,0.34029886
ZINC_250K_7742,NC(=O)c1c(NC(=O)C[NH+]2CCC(c3nc4ccccc4s3)CC2)sc2c1CCCC2,0.34029886
ZINC_250K_7720,CCC(=O)N1C[C@H](C(=O)NCc2ccc(F)cc2)[C@H](c2ccc(OC)cc2)C1,0.34029886
ZINC_250K_8405,COc1ccc(CC(=O)N2CCN(S(=O)(=O)c3ccc4c(c3)sc(=O)n4C)CC2)cc1OC,0.34029886
ZINC_250K_7321,Cn1cc(C(=O)[O-])c(C(=O)Nc2[nH]ncc2-c2ccc(Cl)cc2)n1,0.34029877
ZINC_250K_3797,O=C(NCCCc1cccc(F)c1)C(=O)Nc1cnc2ccccc2c1,0.34029874
ZINC_250K_10041,CN1CC(=O)N(CCCC(=O)Nc2ccccc2N2CCCC2=O)C1=O,0.34029874
ZINC_250K_3126,CC(C)c1[nH+]ccn1CCCNC(=O)c1ccc(N2CCCC2)nc1,0.34029874
ZINC_250K_8087,COc1ccccc1N1CCN(C(=O)C[C@H]2CSc3nc(C)cc(=O)n32)CC1,0.34029874
ZINC_250K_675,CC(C)Nc1cccc(CNC(=O)N[C@@H]2CC[NH+](CC3CC3)C2)c1,0.34029865
ZINC_250K_3877,CCCN1CC(=O)N2[C@H](c3ccccc3OC)[C@H]3[NH+]=c4ccccc4=C3C[C@H]2C1=O,0.34029865
ZINC_250K_2568,O=S(=O)(N[C@H]1CCSc2c(F)cccc21)c1ccc2c(c1)CCCC2,0.34029865
ZINC_250K_8029,O=C(CN1C(=O)NC2(CCCC2)C1=O)Nc1nn2cc(-c3ccccc3)nc2s1,0.3402986
ZINC_250K_9287,NC(=O)c1cccc(NC(=O)NCc2ccnc(OCC(F)F)c2)c1,0.34029856
ZINC_250K_6411,COc1ccc(CC(=O)Nc2nnc(-c3cc4cccc(OC)c4o3)o2)cc1,0.34029856
ZINC_250K_5652,CCn1c(=O)c(C(=O)CN2CCN(C(=O)c3ccco3)CC2)c(N)n(Cc2ccccc2)c1=O,0.34029856
ZINC_250K_10284,Cc1nc(NC2CCN(C(=O)N3CCOCC3)CC2)c2sccc2n1,0.34029847
ZINC_250K_818,O=C(c1cc2ccc(Cl)cc2[nH]1)N1CCC[C@@H]1Cn1nnc(-c2cccs2)n1,0.34029847
ZINC_250K_2593,COCC[NH+]1CCC[C@H](NC(=O)/C=C/c2ccnc(Cl)c2)C1,0.34029847
ZINC_250K_7827,O=C(C1CCC1)N1CCC[C@H]1c1cccc(Cc2ccc(Cl)cc2)n1,0.3402984
ZINC_250K_2731,Cc1cc(CN(C)C(=O)c2nnn(-c3ccc(OC(C)C)cc3)c2C)no1,0.3402984
ZINC_250K_2400,COc1ccc([C@H](C)N(C)C(=O)c2cc(Cc3ccccc3Cl)no2)cc1,0.34029838
ZINC_250K_8060,O=C(NCc1nc(-c2cccs2)n[nH]1)NCc1ccccc1OC1CCCC1,0.34029835
ZINC_250K_5326,CO[C@@H]1CCCN(C(=O)/C=C/c2ccc(S(=O)(=O)N(C)C)cc2)C1,0.34029832
ZINC_250K_3322,CN(Cc1ccccc1)C(=O)CCNC(=O)N1CCOC[C@@H]1C1CC1,0.3402982
ZINC_250K_7843,O=C(Nc1ccon1)C1CCN(c2cc(-n3ccnc3)ncn2)CC1,0.3402982
ZINC_250K_6984,COc1cc(NC(=O)c2ccc3c(c2)C[C@@H](C)N3S(C)(=O)=O)cc(OC)c1,0.34029818
ZINC_250K_8129,CCOC[C@@H]1CCCN(C(=O)NC[C@@H](OC)c2ccc(F)cc2)C1,0.34029818
ZINC_250K_4875,O=C(CN1CCN(C(=O)[C@H]2CC(=O)N(c3ccc4c(c3)OCCO4)C2)CC1)N1CCOCC1,0.34029815
ZINC_250K_9617,COc1cccc2cc([C@@H](C)NC(=O)Nc3cc(C(F)(F)F)c[nH]c3=O)oc12,0.3402981
ZINC_250K_9766,Cc1ccnc2nc(C(=O)O[C@H](C)C(=O)Nc3ccc(Oc4ccccc4)cc3)nn12,0.3402981
ZINC_250K_3067,C[C@H](c1ccco1)[NH+](C)CC(=O)Nc1ccc(N2CCCCCC2)cc1,0.34029803
ZINC_250K_7406,O=C(COc1nncc2ccccc12)NCc1ccc(Cl)cc1,0.34029803
ZINC_250K_4321,Cc1ccc(C(=O)COc2ccc(Cl)cc2N2C(=O)[C@H]3CCCC[C@@H]3C2=O)cc1,0.34029803
ZINC_250K_3737,CCOc1ccc(-c2noc(-c3nnn(-c4cccc(Cl)c4)c3N)n2)cc1,0.34029797
ZINC_250K_1802,Cc1ccc(NC(=O)C(=O)N2CCCC2)c(OC[C@@H]2CCCO2)c1,0.34029797
ZINC_250K_1001,COc1ccc(C(=O)Nc2ccc(N3CCOCC3)cc2)c(O)c1,0.3402978
ZINC_250K_4066,CC(C)Cn1cnnc1[C@@H]1CCCN1Cc1cccc(F)c1Cl,0.3402976
ZINC_250K_7106,CCOC(=O)Cc1csc(Nc2cccc(Cl)c2)n1,0.34029755
ZINC_250K_3457,Cn1c(CC(=O)NNC(=O)c2ccc3c(c2)CCCC3)nc2ccccc21,0.34029755
ZINC_250K_9877,CN(CCC#N)S(=O)(=O)N1CCC[C@H]1CC(=O)c1cnn(C)c1,0.3402975
ZINC_250K_8319,COCc1cc(C(=O)N2CCc3cc([N+](=O)[O-])ccc32)ccc1F,0.34029743
ZINC_250K_185,CCC[NH2+][C@]1(C(=O)OCC)CC[C@H](n2cc(Cl)c(C)n2)C1,0.34029743
ZINC_250K_8024,O=C(C[C@H]1C(=O)NCC[NH+]1Cc1cccc(C(F)(F)F)c1)NCc1ccc2c(c1)OCO2,0.34029737
ZINC_250K_5567,O=C(Nc1cccc(OCc2cc(=O)n3cc(Cl)ccc3n2)c1)Nc1ccc2c(c1)OCCO2,0.3402973
ZINC_250K_4034,O=C(NCCc1ccc(Cl)cc1)[C@H]1CCC(=O)N(C2CCCCCC2)C1,0.3402973
ZINC_250K_873,C[C@@H]1CS(=O)(=O)N(c2ccc(S(=O)(=O)Nc3ccccc3C(F)(F)F)cc2)C1=O,0.34029728
ZINC_250K_6081,CC(C)(C)[C@H](NC(=O)N(Cc1cccnc1)C[C@@H]1CCCO1)c1cccs1,0.34029725
ZINC_250K_5512,COc1ccc(-c2nc(CN3CC[C@@]4(CCCO4)CCC3=O)c(C)o2)cc1,0.34029725
ZINC_250K_3925,Cc1cc(C(=O)CN2CCC[C@@H](C(=O)NCC3CC3)C2)c(C)n1C1CC1,0.34029725
ZINC_250K_9592,Cn1ccnc(NC[C@H]2C[C@H](O)C[NH+]2Cc2ccccc2)c1=O,0.34029725
ZINC_250K_2546,COc1ccc(C[NH+]2CCc3nnc([C@@H](C)NC(=O)C(C)C)n3CC2)cc1OC,0.34029722
ZINC_250K_8850,O=C1CN(C(=O)Cn2cnc3sc(-c4ccccc4)cc3c2=O)c2ccccc2N1,0.3402971
ZINC_250K_4506,Cn1c(SCC(=O)N/N=C/c2cc(Br)ccc2O)nnc1-c1cccc(Cl)c1,0.3402971
ZINC_250K_9911,Cc1cc(=O)[nH]c(-c2cccc(CN3CCN(c4cccc(C)[nH+]4)CC3)c2)n1,0.34029707
ZINC_250K_4836,CC(=O)c1ccc(N2CCN(C(=O)[C@@H]3Nc4cc(F)ccc4S(=O)(=O)N3)CC2)cc1,0.34029704
ZINC_250K_1572,CC(C)CC(=O)N1CCC[C@H](NS(=O)(=O)c2cccc(F)c2)C1,0.340297
ZINC_250K_7726,CN(CCN1CCOCC1)C(=O)NCCc1nc(C(F)(F)F)cs1,0.34029692
ZINC_250K_5220,N#C[C@H]1COCCN1CC(=O)Nc1ccc(F)c(F)c1,0.34029686
ZINC_250K_7914,CC1(C)CN(C(=O)Nc2cccc(-c3nnc4n3CCC4)c2)CCO1,0.34029686
ZINC_250K_10440,COC(=O)COc1cc(C)c2c(c1)O[C@]1(C[C@@H]2c2ccccc2)CC(C)(C)NC(=O)N1,0.34029683
ZINC_250K_707,Cc1ccc(NC(=O)[C@H](C)[NH+](C)Cc2nnc(C3CC3)n2C)c(C)c1,0.3402968
ZINC_250K_3940,O=C(Cc1c[nH]c2ccc([N+](=O)[O-])cc12)OCc1nncn1C1CC1,0.34029678
ZINC_250K_8671,O=C(NC[C@@H]1CCCO1)c1cccc(OCc2ccccc2)c1,0.34029666
ZINC_250K_8013,COc1cccc([C@@H](CO)NC(=O)NCc2scnc2C)c1,0.3402966
ZINC_250K_6369,CC[C@H](CNC(=O)c1ccc(N)c([N+](=O)[O-])c1)Oc1cccc(F)c1,0.3402964
ZINC_250K_3152,O=C1C[C@@H](C(=O)N2CCOc3ccc(Cl)cc3C2)c2cc(F)ccc2N1,0.3402964
ZINC_250K_6230,CCOC(=O)[C@H]1C(=O)C=C(c2ccc(C)cc2)C[C@H]1c1cccc(F)c1,0.3402963
ZINC_250K_3198,Cc1ccc(NS(=O)(=O)c2ccc(Cl)cc2[N+](=O)[O-])c2c1CC(C)(C)O2,0.34029627
ZINC_250K_7661,C[C@@H]1CCCC[C@@H]1NC(=O)[C@@H](C)Sc1nncn1-c1cccc(Cl)c1,0.34029627
ZINC_250K_7631,O=C(NC[C@@H](c1cccnc1)[NH+]1CCN(c2ccc(F)cc2)CC1)c1cccs1,0.3402962
ZINC_250K_8669,C[C@@H]1CN(C(=O)c2csc3nc(-c4cccc(C(F)(F)F)c4)cn23)CC[NH+]1C,0.3402962
ZINC_250K_3722,Cc1ccccc1[C@H](C)NC(=O)NCc1cccc(Cn2ccnc2C)c1,0.3402962
ZINC_250K_8853,COc1ccccc1-c1nnc(S[C@@H](C)C(=O)Nc2ccccc2C)n1C,0.34029618
ZINC_250K_3375,COc1cc(NC(=O)c2cccc(-c3ccc(N4CCCC4)nn3)c2)cc(OC)c1,0.34029615
ZINC_250K_4816,C[C@H]1CC2(CCCCC2)N2C(=O)[C@@]3(C(C#N)=C(N)OC4=C3C(=O)CC(C)(C)C4)c3cccc1c32,0.34029615
ZINC_250K_3029,COCCN(Cc1ccsc1)C(=O)[C@@H]1CC(=O)N(c2ccc(F)cc2)C1,0.34029615
ZINC_250K_5845,Cc1cc(NC(=O)C(=O)NCc2ccccc2-n2ccnc2)c2ncccc2c1,0.34029615
ZINC_250K_6555,O=C(NCCCc1ccccc1)c1cnc([C@@H]2CCCO2)s1,0.3402961
ZINC_250K_171,C#CCN(C[C@H]1CCCO1)C(=O)N[C@@H](C)c1cccc([N+](=O)[O-])c1,0.34029603
ZINC_250K_10402,COc1ccc(C(=O)OCc2cc(F)cc3c2O[C@H](c2ccccc2)OC3)cc1OC,0.34029603
ZINC_250K_5876,COc1ccc(N2CCN([C@H]3CCC[NH+](Cc4[nH]c5ccccc5c4C)C3)CC2)cc1,0.340296
ZINC_250K_4561,CCC(=O)N(C)c1ccccc1C(=O)N[C@H](C)c1nc(C2CCCC2)no1,0.340296
ZINC_250K_4631,COc1ccc(CC(=O)N[C@@H](C)c2nc3ccccc3n2Cc2ccccc2)cc1,0.340296
ZINC_250K_4773,CCc1nn(C)cc1CNC(=O)c1cc(C)nc2ccc(OC)cc12,0.34029597
ZINC_250K_958,Cc1nc2n(n1)C[C@H]([NH2+]C[C@@H](O)CN(C)Cc1ccccc1)CC2,0.34029597
ZINC_250K_8929,COCCn1ccc2ccc(NC(=O)NCCc3c(C)noc3C)cc21,0.34029594
ZINC_250K_7826,Cc1ccc([N+](=O)[O-])cc1N1C(=O)[C@@H]2[C@H](C1=O)[C@H]1C=Cc3ccccc3N1[C@H]2C(=O)c1ccco1,0.34029588
ZINC_250K_1602,O=C(CC[NH+]1Cc2ccccc2O[C@H](c2ccccc2)C1)NCc1cn2c(n1)SCC2,0.34029588
ZINC_250K_10290,COCCCN1CC(=O)N2[C@@H](CC3=c4ccccc4=[NH+][C@H]3[C@@H]2c2ccc(Br)cc2)C1=O,0.34029582
ZINC_250K_8634,CC(=O)NCC1CCN(C(=O)c2cccc(S(=O)(=O)N3C[C@@H](C)O[C@H](C)C3)c2)CC1,0.34029582
ZINC_250K_10141,CCn1c(-c2ccc3c(c2)OCCO3)cnc1S[C@H](C)C(=O)NC1CCCCC1,0.34029573
ZINC_250K_9091,O=C(COc1ccc(Br)cc1/C=C1\SC(=O)NC1=O)Nc1ccc2ccccc2c1,0.34029573
ZINC_250K_5596,N#C/C(=C\c1cc(Br)c2c(c1)OCO2)c1nc(N)nc(Nc2ccccc2)n1,0.34029573
ZINC_250K_2846,CCOc1cc(/C=C2/C(=O)ON=C2C)cc(Cl)c1OCc1cccc(F)c1,0.34029564
ZINC_250K_9175,O=C(NCCCn1ncc2ccccc21)c1cc(-c2ccc(O)cc2)n[nH]1,0.3402956
ZINC_250K_4521,COc1ccc(-c2noc(CCC(=O)NCc3ccc4c(c3)OCO4)n2)cc1,0.34029555
ZINC_250K_2872,Cc1nc(-c2ccccn2)sc1C(=O)NC[C@H]1CCS(=O)(=O)C1,0.34029555
ZINC_250K_10268,O=C(c1cc(Cn2ccc3ccccc32)[nH]n1)N1CC[C@H]1c1ccc(F)cc1,0.34029543
ZINC_250K_1837,C[C@@H]1CCCC[C@@H]1NC(=O)NC(=O)CSc1nnc(-c2cccnc2)n1C,0.3402954
ZINC_250K_8154,COc1cc(CN2CCC([NH+]3CCC[C@@H]3C)CC2)cc([N+](=O)[O-])c1O,0.3402954
ZINC_250K_880,Cc1nc(Br)ccc1NC(=O)NCc1cnn(C)c1,0.34029537
ZINC_250K_6529,CC1=c2ccccc2=[NH+][C@@H]1CN(C)C[C@@H]1C=N[C@H](S(C)(=O)=O)N1C[C@@H]1CCCO1,0.34029537
ZINC_250K_9213,Cc1ccc([C@H]2C[C@H]2C(=O)N(Cc2ccccc2O)C[C@@H]2CCCO2)s1,0.34029537
ZINC_250K_2905,CCc1cc(=O)oc2c(C)c(OCC(=O)N(CCC#N)c3ccccc3)ccc12,0.34029537
ZINC_250K_8246,Cc1ccc(NC(=O)Cc2nnc(S[C@@H](C)C(=O)Nc3nccs3)n2C)cc1,0.34029537
ZINC_250K_312,COc1cc2c(cc1O)[C@H](c1cnc(-c3cccc(C)c3)nc1)CC(=O)N2,0.34029534
ZINC_250K_6486,CN(C(=O)CSc1ncnc2sc(-c3ccccc3)cc12)[C@@H]1CCS(=O)(=O)C1,0.3402953
ZINC_250K_4209,NC(=O)c1n[nH]c2ccc(NC(=O)C(=O)NCC[C@H]3C[C@H]4CC[C@@H]3C4)cc12,0.34029528
ZINC_250K_1288,O=C(CCc1nnc2ccc(NCc3ccccc3Cl)nn12)Nc1ccc2c(c1)OCCO2,0.34029526
ZINC_250K_2564,COc1ccc(-n2c(SCC(=O)N3CCOCC3)nnc2-c2ccoc2C)cc1,0.34029523
ZINC_250K_5035,CSCC[C@@H](C)N(C)C(=O)Nc1cc(-n2cnnn2)ccc1F,0.34029523
ZINC_250K_866,COc1ccccc1NC[C@H]1CCCN(S(C)(=O)=O)C1,0.34029517
ZINC_250K_3486,CC(=O)Nc1ccc(S(=O)(=O)NCCC(=O)N[C@@H]2CCCc3ccccc32)cc1,0.34029514
ZINC_250K_8375,Cn1ncc(NC[C@H]2CCCc3ccccc32)c(Cl)c1=O,0.34029505
ZINC_250K_8697,Cc1ccc([C@H](C)NC(=O)N2CCC[C@@H]2C[NH+]2CCCC2)cc1F,0.340295
ZINC_250K_6077,CCN(C[C@@H](C)C#N)C(=O)Nc1cccc(N2CCCC2=O)c1,0.34029496
ZINC_250K_1619,C[NH+](CC(=O)Nc1ccc(OC(F)(F)F)cc1)[C@H]1CCc2ccccc21,0.34029493
ZINC_250K_3946,O=C(NCCC(=O)N1CCc2c1cccc2[N+](=O)[O-])c1ccsc1,0.3402949
ZINC_250K_1247,Cc1ccc(C(=O)N(C)C)cc1OCC(=O)NCc1ccc(Cl)cc1,0.34029484
ZINC_250K_3481,CC[NH+]1CCN(c2ccc(NC(=O)C3C[C@H](C)O[C@@H](C)C3)c(C)c2)CC1,0.34029478
ZINC_250K_6331,CC[C@@H]1N=NC2=C1CN(C(=O)CCC(=O)Nc1cc(C)ccn1)CC2,0.34029472
ZINC_250K_7098,CN(CC[C@H]1CCCCO1)C(=O)[C@H]1C=C(Cn2ccc3ccccc32)N=N1,0.34029463
ZINC_250K_7419,COc1cc(CCNC(=O)N2CCC(O)CC2)ccc1OC(F)F,0.34029463
ZINC_250K_4904,N#C[C@@H](C(=O)CCc1nc(-c2ccsc2)no1)c1nnc2n1CCCCC2,0.34029463
ZINC_250K_7274,COC(=O)c1cc(CNC(=O)c2ccc(N3C(=O)CCC3=O)cc2)ccc1OC,0.34029463
ZINC_250K_9259,O=C(NCc1cccc(OCC(F)F)n1)N1CCc2ccccc21,0.3402946
ZINC_250K_6546,CCc1cn[nH]c1[C@@H]1CCCN(Cc2cccn2-c2nccs2)C1,0.3402945
ZINC_250K_9104,CCCC(=O)NC[C@H]1CCCN(C(=O)Nc2ccc([S@](C)=O)cc2)C1,0.3402944
ZINC_250K_4812,O=C(NCCc1nc2ccccc2[nH]1)N1CCN(c2ccccc2F)CC1,0.34029436
ZINC_250K_4459,Cc1cc(C)nc(CCNC(=O)C[C@@H]2C(=O)NCC[NH+]2Cc2ccccc2)n1,0.34029433
ZINC_250K_2108,CCOc1cc(C(=O)N2CCN(C(=O)C3CC3)CC2)ccc1OCC(=O)N1CCOCC1,0.34029433
ZINC_250K_8953,Cc1cc(C)c2sc(N(Cc3ccco3)C(=O)c3cccc(S(=O)(=O)C(C)C)c3)nc2c1,0.3402943
ZINC_250K_3166,CCOc1ccccc1NC(=O)Cn1nc(-c2cccc(Br)c2)ccc1=O,0.34029427
ZINC_250K_2937,O=C(CSc1nc2ccccc2c(=O)n1C[C@@H]1CCCO1)OC1CCCCC1,0.34029424
ZINC_250K_9028,Cc1csc(-c2cccc(CN/C([O-])=N/S(=O)(=O)c3ccccc3)c2)n1,0.34029424
ZINC_250K_2533,COc1ccc(N2C[C@H](C(=O)N[C@@H](C)C(=O)NC3CCCC3)CC2=O)cc1,0.34029418
ZINC_250K_3643,Cn1c(SCC(=O)N2CCN(Cc3c(F)cccc3Cl)CC2)nnc1C(F)(F)F,0.34029418
ZINC_250K_2676,CC(C)COC(=O)c1c(N)n(Cc2ccc3c(c2)OCO3)c2nc3ccccc3nc12,0.34029412
ZINC_250K_8428,O=C(CCCOc1ccc(Br)cc1)Nc1ccc(N2CCOCC2)cc1,0.34029412
ZINC_250K_5406,O=C(COc1ccc(-c2ccccc2)cc1Br)NC[C@@H]1CCCO1,0.34029412
ZINC_250K_7985,COc1ccc(-c2nc(CC(=O)Nc3cccc(C)c3)cs2)cc1OC,0.34029406
ZINC_250K_7262,Cn1nc(C(=O)N2CCSCC2)c2c1CC[C@H](NCc1ccccc1C(F)(F)F)C2,0.340294
ZINC_250K_5617,CNC(=O)c1cc(NC(=O)NCCOc2cccc(C)c2)ccc1Cl,0.34029388
ZINC_250K_4382,COc1cc(NS(=O)(=O)c2ccc(N3C(=O)[C@@H]4[C@@H](C3=O)[C@H]3C=C[C@@H]4C3)cc2)nc(OC)n1,0.34029388
ZINC_250K_9491,COc1cccc(NC(=O)[C@@H](C)N2CC[NH+](Cc3ccccc3)CC2)c1,0.3402938
ZINC_250K_3527,Cc1nn(C)c(Cl)c1CSCC(=O)N(C)[C@@H]1CCCc2ccccc21,0.3402938
ZINC_250K_7891,O=C(Nc1ccccc1C(=O)NCc1ccco1)C1=CCCCO1,0.3402938
ZINC_250K_10319,C[C@@H]1CCC=C2C[C@H]3OC(=O)[C@H](C[NH+]4CCN(C(=O)c5ccco5)CC4)[C@H]3[C@H](O)[C@@]21C,0.34029374
ZINC_250K_3804,CC(C)Cn1ncc2cc(C(=O)N3CCOC[C@@H]3C(N)=O)cnc21,0.34029365
ZINC_250K_951,Cc1cc(C)c2c(-c3ccccc3)nc(SCC(=O)NC3CC3)n2n1,0.34029362
ZINC_250K_8527,O=C(N[C@H]1CCc2cc(F)ccc21)N[C@H](CO)c1ccc(Cl)c(F)c1,0.34029362
ZINC_250K_8088,Cc1cc(C)nc(SCc2ccc(C(=O)Nc3cccc4c3ccn4C)o2)n1,0.34029347
ZINC_250K_7320,CC(=O)N1CCN(c2ccccc2C[NH+](C)[C@H]2CCCc3nc(C)sc32)CC1,0.3402934
ZINC_250K_8292,Cc1ccc(NC(=O)COc2ccccc2C(=O)Nc2ccccc2)cc1F,0.3402934
ZINC_250K_10215,N#Cc1ccc(NC(=O)N2CCN(Cc3ccc(OC(F)(F)F)cc3)CC2)cc1,0.34029335
ZINC_250K_1448,COCCOC(=O)C1=C(C)NC2=C(C(=O)C[C@@H](c3ccccc3)C2)[C@H]1c1cccnc1,0.34029332
ZINC_250K_6363,COc1ccc(C(=O)CCC(=O)N2C[C@@H](C)OC[C@@H]2C)cc1F,0.3402933
ZINC_250K_2988,C[C@@H](NC1=NS(=O)(=O)c2ccccc21)C(=O)OCC(=O)Nc1ccc(Cl)cn1,0.3402933
ZINC_250K_4736,CN(C(=O)c1ccn(C)n1)[C@H](Cc1ccccc1)C1CCN(C(=O)C2=CCCC2)CC1,0.34029323
ZINC_250K_9433,Cc1ccccc1CNC(=O)c1ccc2nc(N3CCOCC3)sc2c1,0.34029317
ZINC_250K_6242,O=C(CN1CCOC1=O)N1CCC[C@@H]([NH+]2CCN(c3cccc(C(F)(F)F)c3)CC2)C1,0.34029314
ZINC_250K_9442,CN(CCc1cn[nH]c1)C(=O)C[C@]1(c2ccc(-c3ccccc3)cc2)CC(=O)N(C)C1=O,0.34029302
ZINC_250K_7975,COc1ccc([C@H]2C[C@@H](C)N(C(=O)CCSc3ccccn3)C2)cc1,0.34029302
ZINC_250K_2723,O=C(Nc1ccccc1C(=O)N1CCN(c2ccc(F)cc2)CC1)c1nsc2ccccc12,0.34029302
ZINC_250K_724,C[C@H](Oc1cccc(Cl)c1)C(=O)N1CCC(Cc2ccccc2)CC1,0.3402929
ZINC_250K_7951,COCC[NH+](C)C[C@@H]1CN(C(=O)c2c[nH]c3c(F)cccc3c2=O)C[C@@H]1CO,0.34029284
ZINC_250K_3085,O=C1CC[C@@H](C(=O)Nc2cccc3ccncc23)CN1,0.34029278
ZINC_250K_4782,Cc1cccc(C)c1Nc1noc2c1CN(C(=O)CC[C@H]1NC(=O)NC1=O)CC2,0.34029278
ZINC_250K_27,CC(=O)Nc1c2n(c3ccccc13)C[C@](C)(C(=O)NC1CCCCC1)N(C1CCCCC1)C2=O,0.34029278
ZINC_250K_2781,O=C(NC1(c2cccc(F)c2)CCOCC1)c1ccc2ncccc2c1,0.34029275
ZINC_250K_1405,C[C@@H]1Cc2ccccc2N1C(=O)NCc1ccc[nH+]c1N1CCOCC1,0.34029275
ZINC_250K_6118,CC(C)c1[nH+]ccn1CCN1CCN(C(=O)C(C)(C)Oc2ccc(Cl)cc2)CC1,0.34029275
ZINC_250K_4298,Cc1ocnc1CNC(=O)N[C@H]1CCOc2c(Cl)cccc21,0.34029272
ZINC_250K_2901,Cc1cccc([C@H]2C(C#N)=C(N)OC3=C2S(=O)(=O)N(Cc2ccc(Cl)cc2)c2ccccc23)c1,0.34029266
ZINC_250K_9577,CCCC(=O)Nc1cccc(NC(=O)N2CC[C@@H](C)[C@H](O)C2)c1C,0.34029257
ZINC_250K_9595,O=C(NCC(=O)N1CCC(C(=O)Nc2ccc(Cl)cc2)CC1)c1ccccc1,0.34029257
ZINC_250K_8348,Cc1c(C(=O)Nc2ccc(F)cc2OCC(F)F)cnn1C,0.34029257
ZINC_250K_8057,CC[C@@H](C(=O)NCc1cccnc1)N(c1ccccc1F)S(C)(=O)=O,0.34029257
ZINC_250K_9743,COC(=O)c1cc2c(cc1NC(=O)c1c(C)nn(-c3ccccc3)c1-n1cccc1)OCO2,0.34029254
ZINC_250K_1860,CC[NH+](CC)C[C@@H]1CCN(C(=O)Cc2cc3ccccc3[nH]c2=O)C1,0.34029248
ZINC_250K_10476,O=C(Cn1ncn2c(cc3cc(F)ccc32)c1=O)NCCc1cccs1,0.34029245
ZINC_250K_9875,C[C@@H]1CCCN(C(=O)Nc2ccc(F)cc2OCC#N)[C@@H]1CO,0.34029245
ZINC_250K_4369,Cc1ccc(S(=O)(=O)c2c(C)cc(C)n(CC(=O)NCc3ccc4c(c3)OCO4)c2=O)cc1,0.34029242
ZINC_250K_4493,Cc1ccc(NC(=O)C2CC[NH+](Cc3nc(-c4ccccc4)no3)CC2)c(C)c1,0.34029242
ZINC_250K_2786,Cc1nc2sccn2c1CN1CCO[C@H](c2ccccc2F)C1,0.3402924
ZINC_250K_700,Cc1ccc(NC(=O)/C(C#N)=C/c2cc(C)n(-c3ccc(O)cc3)c2C)cc1Cl,0.3402924
ZINC_250K_9151,Cc1ccc2[nH]c([C@H]3CCCN(C(=O)c4ccnn4C(C)C)C3)c(-c3ccncc3)c2c1,0.34029236
ZINC_250K_444,COc1cc(C)c(C(=O)N[C@H]2C[C@H](C)N(c3ccccc3)C2)cc1OC,0.34029236
ZINC_250K_7410,CCOC(=O)c1nc(CC)oc1NC(=O)c1ncn(-c2ccccc2)n1,0.3402923
ZINC_250K_7121,C[C@H]1CCc2c(C#N)c(NC(=O)c3cccc(F)c3)sc(=S)c2C1,0.34029225
ZINC_250K_6651,CCN1C(=O)[C@@H](CC(=O)Nc2ccc(F)cc2)S/C1=N\S(=O)(=O)c1cccs1,0.34029225
ZINC_250K_1236,C#CCOc1c(Cl)cc(/C=C2/C(=O)N(c3ccc(F)cc3)C(=O)N=C2[O-])cc1OC,0.3402922
ZINC_250K_3640,Cc1ccc(NC(=O)C(=O)NCC2CCN(c3cc[nH+]cc3)CC2)cn1,0.3402922
ZINC_250K_8490,O=C(Nc1cccc(CO)c1)c1cn(Cc2ccccc2)nc1-c1ccc(Cl)cc1,0.34029216
ZINC_250K_2065,Cc1cc(C)c(O)c(C(=O)Nc2ccccc2N2CCOCC2)c1,0.34029213
ZINC_250K_9376,Cc1ccc(COc2ccc([C@@H]3CC(=O)Nc4c3cnn4-c3ccc4nnc(C)n4n3)cc2)cc1,0.34029207
ZINC_250K_4134,COc1ccc([C@H](C)NC(=O)Nc2ccc(CC(=O)N(C)C)cc2)cc1F,0.34029207
ZINC_250K_5647,CCN1C[C@H](C(=O)N[C@H](CC(C)C)C(=O)Nc2nccs2)CC1=O,0.34029207
ZINC_250K_2912,CCCC(=O)Nc1nnc([C@@H]2CC(=O)N(c3ccc(SC)cc3)C2)o1,0.340292
ZINC_250K_7058,Cc1n[nH]c(-c2cccc(CNC(=O)C[C@H]3CSCCS3)c2)n1,0.340292
ZINC_250K_1952,CC(C)C(=O)Nc1cccc(OCC(=O)Nc2ccccc2-c2ccccc2)c1,0.340292
ZINC_250K_9620,CCOC(=O)COc1ccc2cc(-c3ccccn3)c(=O)oc2c1,0.340292
ZINC_250K_7771,COC(=O)C1CCN(C(=O)[C@H](C)N(c2ccc(OC)c(Cl)c2)S(C)(=O)=O)CC1,0.34029198
ZINC_250K_8609,C[C@H]1CCC[C@@H](N2CCN(C(=O)COc3ccc4ccccc4c3)CC2)C1,0.34029192
ZINC_250K_1270,CCCN(C(=O)c1cccc2c(=O)c(C)c(-c3ccccc3)oc12)[C@@H]1CCS(=O)(=O)C1,0.34029192
ZINC_250K_91,C[C@H]1C(=O)N(c2ccc3c(c2)CCC3)CCN1C(=O)c1ccc(Cl)c(Cl)c1,0.34029192
ZINC_250K_9609,Cc1cn2c(C[NH+](Cc3ccccc3)CC3(O)CCOCC3)c(C)nc2s1,0.34029186
ZINC_250K_7693,C[C@H]1C[C@H](C)CN(c2nc3c(c(=O)[nH]c(=O)n3C)n2CCSc2nc3ccccc3s2)C1,0.34029186
ZINC_250K_1640,O=C1CN(C(=O)c2c(F)cccc2Cl)[C@@H](c2ccccc2)c2cc(Cl)ccc2N1,0.3402918
ZINC_250K_9816,CCOc1ccc(C(=O)Nc2cnn(Cc3ccccc3)c2)cc1,0.34029177
ZINC_250K_8306,CC(=O)Nc1ccc(OC[C@@H](O)CN2CCN([C@H]3CCS(=O)(=O)C3)CC2)cc1,0.34029168
ZINC_250K_3106,Cc1ncc(CO)c2cc(C(N)=O)/c(=N/c3ccc(OC(F)(F)F)cc3)oc12,0.34029168
ZINC_250K_6727,Cc1nc(SCC(=O)N(C)Cc2cnn(Cc3ccccc3)c2)c2c(C)c(C)sc2n1,0.34029162
ZINC_250K_730,CCCn1cc(NC(=O)c2cc3nc(-c4ccccc4)cc(-c4ccccc4)n3n2)cn1,0.3402916
ZINC_250K_7886,Cc1ccc2[nH+]c(N3CCC(C(=O)NCCC[NH+]4CCCC[C@@H]4C)CC3)[nH]c2c1,0.3402916
ZINC_250K_1274,COc1ccc([C@@H]2c3c(-c4ccc(Cl)cc4)n[nH]c3C(=O)N2C2CCCC2)cc1OC,0.3402916
ZINC_250K_4551,COc1ccc(-c2noc(CCC(=O)Nc3cccc(O)c3)n2)cc1OC,0.34029153
ZINC_250K_5151,COc1ccccc1-n1nnnc1S[C@@H](C)C(=O)Nc1cccc(Cl)c1C,0.34029144
ZINC_250K_6305,O=C(Cc1csc(NC(=O)c2ccc3c(c2)OCO3)n1)NCc1cn2ccccc2n1,0.34029135
ZINC_250K_7713,C[C@@H](C(=O)Nc1ccc(OC(F)(F)F)cc1)n1cnc2ccccc2c1=O,0.34029135
ZINC_250K_563,Cc1nccn1Cc1ccc(NC(=O)c2cccc(-n3cccc3)c2)cc1,0.3402913
ZINC_250K_6699,COC(=O)CNC(=O)Cc1ccc(NC(=O)N2CCN(c3ncccn3)CC2)cc1,0.34029126
ZINC_250K_4845,Cc1ccc(F)cc1NC(=O)c1cccc(S(=O)(=O)N2C[C@@H](C)C[C@H](C)C2)c1,0.3402912
ZINC_250K_6671,Cc1ccccc1OCc1n[nH]c(SCC(=O)N2CCC(c3ccccc3)=N2)n1,0.3402912
ZINC_250K_4689,COc1ccc(-c2nc(CN3CCNC(=O)C3)c(C)o2)c2ccccc12,0.34029114
ZINC_250K_2730,COc1ccccc1Nc1nc(OCC(=O)[O-])cc(-c2ccc(C)cc2)n1,0.34029114
ZINC_250K_3956,Cc1cnc2c(S(=O)(=O)N(Cc3ccco3)C3CC3)cccc2c1,0.3402911
ZINC_250K_3970,CCOCc1ccccc1NC(=O)CCN1CCCC1=O,0.34029096
ZINC_250K_6828,Cn1cc(C(=O)NCC2CC[NH+](Cc3cc(Cl)cc(Cl)c3O)CC2)cn1,0.34029096
ZINC_250K_10404,CCCN(Cc1nnc(-c2ccccc2Cl)o1)C(=O)c1ccccc1C(F)(F)F,0.34029096
ZINC_250K_5750,CCO[C@@H]1C[C@@H]([O-])C12CCN(C(=O)[C@H]1COc3ccc(F)cc3C1)CC2,0.3402909
ZINC_250K_7,O=C(Nc1nc[nH]n1)c1cccnc1Nc1cccc(F)c1,0.34029084
ZINC_250K_1053,C[C@@H](CCCO)NC(=O)N(C)[C@@H]1CCN(c2ccccc2Cl)C1=O,0.34029073
ZINC_250K_2009,COC(=O)[C@H](Cc1ccc(O)cc1)Nc1ncnc2sc3c(c12)CCNC3,0.3402907
ZINC_250K_4480,O=C1C2=C3CCCC[C@H]3SC2=NCN1Cc1nc2ccccc2c(=O)[nH]1,0.34029067
ZINC_250K_6304,Cc1ccc(-c2nnn(CC(=O)N[C@H]3CCCn4c(C)nnc43)n2)cc1,0.34029058
ZINC_250K_3942,O=C(NCc1c(F)cccc1F)[C@@H]1CN(c2nccs2)CCO1,0.34029055
ZINC_250K_3964,O=C(OCc1nnc(-c2ccc(Cl)cc2)o1)c1cccc(-n2cnnn2)c1,0.34029052
ZINC_250K_1143,CCc1nc2n(n1)[C@@H](CC(=O)Nc1ccccc1OC)C(=O)N2,0.34029052
ZINC_250K_3456,CC(C)(C)C(=O)N1CCC[NH+](C[C@H](O)COCc2ccccc2Cl)CC1,0.34029052
ZINC_250K_5195,Cc1ccc(NC(=O)C(=O)NCc2ccc(C[NH+]3CCC[C@@H](C)C3)cc2)c(F)c1,0.34029043
ZINC_250K_5987,Cc1ccccc1Cn1cc(C(=O)N2CCC([C@H](O)CCc3ccccc3)CC2)nn1,0.34029037
ZINC_250K_8026,CC(=O)c1cccc(OCc2cc(C(=O)NCc3ccn(C)c3)no2)c1,0.3402903
ZINC_250K_10289,C/C(=N/NC(=O)Cn1ccc(C(F)(F)F)n1)c1ccc(N2CCOCC2)cc1,0.34029025
ZINC_250K_7313,C[C@@H]1C[C@@H]1C(=O)N1CCN(Cc2ccc(-c3ccccc3[N+](=O)[O-])o2)CC1,0.34029025
ZINC_250K_2976,CCOC(=O)CSC1=C(C(=O)Nc2ccccc2)C2(CCCCC2)C(C#N)=C(N)N1,0.34029025
ZINC_250K_852,COc1ccccc1N1CCN(c2ccc(=O)n(CC(=O)NC3CC3)n2)CC1,0.3402902
ZINC_250K_1649,Cc1ccc(Cl)cc1NCC(=O)Nc1cccc(S(=O)(=O)N2CCCC2)c1,0.3402902
ZINC_250K_1889,Cc1ocnc1CNC(=O)N[C@H]1CCN(C(=O)c2ccccc2)C1,0.3402902
ZINC_250K_5546,Cc1nn2c(C)c(C(=O)NCc3ccccc3F)cnc2c1-c1ccc(F)cc1,0.3402901
ZINC_250K_4692,O=C(Cc1ccc(N2CCCC2=O)cc1)Nn1cnc2ccccc2c1=O,0.3402901
ZINC_250K_2748,Cc1cccc(OCC(=O)NCc2ccc(-c3nc4ncccc4o3)cc2)c1,0.34029
ZINC_250K_6499,Cc1ccsc1C(=O)OCC(=O)NCc1ccc(F)c(Cl)c1,0.34028998
ZINC_250K_4539,CN(CCCNC(=O)c1ccncc1Cl)c1ccccc1F,0.3402899
ZINC_250K_7323,Cc1cccc(CN2CCCN(c3ccc(C(=O)NCC[NH+](C)C)cc3)C2=O)c1,0.34028974
ZINC_250K_3283,C[C@H](OCc1ccccc1)C(=O)Nc1sc2c(c1C(=O)NC1CC1)CCC2,0.3402897
ZINC_250K_1856,Cc1cc(C(=O)N(C2CC2)[C@H]2CCc3ccccc32)c2ccc(F)cc2n1,0.3402897
ZINC_250K_7522,O=C(CC[NH+]1CCC(OC[C@@H]2CCCO2)CC1)Nc1ccccc1Cl,0.34028968
ZINC_250K_3642,COC(=O)c1cccc(CCNc2cncc(-n3ccnc3C)n2)c1,0.34028962
ZINC_250K_1184,Cc1cnn(CCCNC(=O)N2CCCC[C@H](N3CC[NH+](C)CC3)C2)c1,0.34028953
ZINC_250K_1546,O=C(CN1CCN(Cc2cccnc2)CC1)N1CCC[C@H](C(F)(F)F)C1,0.34028953
ZINC_250K_926,C[C@H](OC(=O)c1ccc2ccccc2n1)C(=O)NCC1CCCCC1,0.34028953
ZINC_250K_7465,CCCCNC(=O)Cn1nnc(-c2ccc(N3CCOCC3)cc2)n1,0.3402895
ZINC_250K_664,O=C(NC[C@@H](O)CN1CCCC1=O)Nc1cccc(F)c1,0.3402895
ZINC_250K_4774,CCOc1ccc(CNC(=O)c2cc(-c3cccnc3)[nH]n2)cc1OC,0.34028947
ZINC_250K_5104,CN(C)C(=O)CCc1cccc(NC(=O)COc2ccc3ccccc3c2Br)c1,0.3402894
ZINC_250K_1512,O=C(CCC(=O)N1CCC(c2ccccc2)=N1)Nc1cccc(Oc2ccccc2)c1,0.3402894
ZINC_250K_9708,Cc1ccc(NC(=S)N(Cc2ccc(F)cc2)Cc2cc3cc4c(cc3[nH]c2=O)OCO4)c(C)c1,0.3402894
ZINC_250K_3370,Cc1ccccc1-c1noc(CN2CCN(C(=O)C3CC3)CC2)n1,0.34028935
ZINC_250K_1473,Cc1c(NC(=O)c2cc(F)ccc2O)cccc1C(=O)N1CCOCC1,0.34028932
ZINC_250K_5014,CC(=O)NC1CCN(C(=O)c2cccc(OCc3ccccc3C#N)c2)CC1,0.34028932
ZINC_250K_3918,CC1CCN(c2ccc([N+](=O)[O-])cc2C(=O)NO[C@H]2CCCCO2)CC1,0.3402892
ZINC_250K_10121,O=C([O-])Cn1nc(C2CC2)c2c(C(F)F)cc(-c3ccc(Cl)cc3)nc21,0.34028918
ZINC_250K_4541,CC(C)C[C@@H](O)CNC(=O)Nc1ccccc1C(=O)N1C[C@H](C)C[C@@H](C)C1,0.34028915
ZINC_250K_7999,NC(=O)N1CCC[C@H](C(=O)NCc2cc(-c3ccco3)on2)C1,0.34028912
ZINC_250K_2679,Cn1c(SCC(=O)N2CCN(S(=O)(=O)c3ccccc3)CC2)nnc1-c1ccc(Cl)cc1,0.34028906
ZINC_250K_7814,COc1ccc(-n2ccnc2C[NH+]2Cc3[nH]cnc3C[C@@H]2C(=O)[O-])cc1,0.34028903
ZINC_250K_5953,O=C(c1ccc(Cn2c(=O)[nH]c3ccccc3c2=O)cc1)N1CCN(c2ccccc2)CC1,0.340289
ZINC_250K_7078,Cc1[nH]c2ccccc2c1CCNC(=O)C(=O)Nc1ccc2[nH]ncc2c1,0.34028894
ZINC_250K_8974,O=C(Cn1cnc2ccc([N+](=O)[O-])cc2c1=O)N1CCN(c2ccc(F)cc2)CC1,0.34028885
ZINC_250K_3783,CC[C@H]1CCc2c(sc(NC(=O)Nc3cccc(Cl)c3)c2C(N)=O)C1,0.34028885
ZINC_250K_2015,COc1cc(C(=O)N2CCN(Cc3ccc(F)cc3)CC2)ccc1C,0.34028876
ZINC_250K_7293,CCc1nn(C)cc1CNC(=O)N1CCC[C@@H]1c1ccc(C(C)C)cc1,0.34028864
ZINC_250K_9913,COc1cccc(-c2noc(Cn3cc(S(=O)(=O)N(C)C)ccc3=O)n2)c1,0.34028864
ZINC_250K_8792,Cc1cncc(NC(=O)NCc2nc(-c3cccc(Cl)c3)no2)c1,0.3402886
ZINC_250K_1323,COc1ccc(CCNC(=O)c2cc(C)n(C3CC3)c2C)cc1OC,0.3402886
ZINC_250K_7973,CCn1c(S[C@@H](C)C(=O)Nc2ccc(OC(F)F)cc2)nc2ccccc21,0.3402886
ZINC_250K_8259,Cc1nc(COc2ccc(/C=C3\CCc4oc(C(=O)[O-])c(C)c4C3=O)cc2)no1,0.3402886
ZINC_250K_8495,CCOC(=O)[C@@H]1[C@@H](c2ccc(O)c(OC)c2)c2c(O)n[nH]c2C[C@@]1(C)O,0.34028855
ZINC_250K_5215,Cc1ccc(C(=O)N/C(=C\c2cccs2)C(=O)NCCN2CCOCC2)cc1,0.3402885
ZINC_250K_7266,CCOc1ccccc1NC(=O)c1csc(-c2ccc(OC)c(OC)c2)n1,0.3402885
ZINC_250K_7537,Cc1nccc(C(=O)N2CCC[NH+](Cc3cnn(C(C)C)c3)CC2)n1,0.3402885
ZINC_250K_9693,COCCCNC(=O)CN1C(=O)c2cccnc2Oc2ccccc21,0.34028843
ZINC_250K_4115,Cc1cc(OC(=O)[C@H](Cc2ccccc2)N2C(=O)[C@@H]3[C@@H]4C=C[C@@H]([C@@H]5C[C@H]45)[C@@H]3C2=O)cc(C)c1Cl,0.34028843
ZINC_250K_7398,COc1ccc(CNC(=O)Nc2cc(C(=O)Nc3ccccc3)ccc2C)cc1,0.34028843
ZINC_250K_8999,COc1ccc(Cl)cc1C(=O)OCC(=O)Nc1nccs1,0.34028843
ZINC_250K_5554,C[C@@H](SCC(=O)N1CCc2cc(S(N)(=O)=O)ccc21)c1c(F)cccc1F,0.34028837
ZINC_250K_4129,CCOc1ccccc1-c1cccc(C(=O)N[C@@H]2CCC[C@@H](C(N)=O)C2)c1,0.34028834
ZINC_250K_2386,O=C(CCCn1c(=O)oc2ccccc21)Nc1ccc(Cl)cc1F,0.34028834
ZINC_250K_488,CC[C@@H](C)NS(=O)(=O)c1cc(N2C(=O)[C@@H](C)CS2(=O)=O)ccc1OC,0.3402883
ZINC_250K_8786,Cc1cc(C[NH+]2CCC(c3cnn(C)c3)CC2)ccc1Oc1cccnc1,0.34028822
ZINC_250K_2407,CC(C)c1nc(NC(=O)N2CCC(Nc3ccccc3F)CC2)n(C)n1,0.3402882
ZINC_250K_2903,COc1ccccc1N(CCC#N)C(=O)[C@H](C)N1CCO[C@@H](C)C1,0.34028807
ZINC_250K_8273,O=C(CSc1ccc(S(=O)(=O)N2CCOCC2)cn1)Nc1ccc2c(c1)OCCCO2,0.34028795
ZINC_250K_756,CN(CC[NH+](C)C)C(=O)C[C@H]1COCCN1C(=O)c1ccc2[nH]nnc2c1,0.34028792
ZINC_250K_10089,CC1CCN(c2cc(NC(=O)Cn3ccc4ccccc43)ncn2)CC1,0.34028792
ZINC_250K_10355,Cc1cccc(NC(=O)[C@@H]2CCCN2C(=O)[C@H]2Cc3ccccc3CN2)c1,0.34028792
ZINC_250K_6010,CCc1cc(=O)[nH]c(-c2ccc(N3CCN(C)c4ccccc4C3)nc2)n1,0.3402879
ZINC_250K_1260,CCc1cccc2c(C(=O)CN3C(=O)N[C@]4(CCCc5ccccc54)C3=O)c[nH]c12,0.3402879
ZINC_250K_3594,COC(=O)c1ccc([C@H]2C3=C(C[C@H](c4ccccc4O)CC3=O)Nc3ncnn32)cc1,0.34028786
ZINC_250K_2110,COc1ccc(-c2nc3n(n2)[C@@H](CC(=O)Nc2ccccc2)C(=O)N3)cc1,0.34028786
ZINC_250K_7156,COc1cccc2cc(-c3cc(=O)oc4c(C)c(OCC(=O)OC(C)C)ccc34)c(=O)oc12,0.34028786
ZINC_250K_9830,CCOc1ccccc1C(=O)N(Cc1cccc(OC)c1)[C@H]1CCS(=O)(=O)C1,0.34028783
ZINC_250K_1139,Cc1c(F)cccc1NC(=O)NCCCC[NH+]1CCC[C@@H](C)C1,0.34028783
ZINC_250K_1751,O=C(CCCN1C(=O)CNC1=O)N[C@H]1CCN(c2c(F)cccc2F)C1,0.3402878
ZINC_250K_9056,Cc1ccc(Nc2nccc([C@@H]3CCCN3Cc3ccncc3)n2)nc1,0.3402878
ZINC_250K_7704,CCn1c(CNC(=O)CCn2c(=O)oc3cc(Cl)ccc32)nc2ccccc21,0.34028766
ZINC_250K_5458,O=C(NC[C@](O)(Cc1ccccc1)c1cccs1)C1(c2ccc(F)cc2)CCOCC1,0.34028766
ZINC_250K_2703,COc1ccc2c(c1)C(=O)N(c1ccc(C)cc1C)C(=O)/C2=C/Nc1ccccc1OC,0.34028754
ZINC_250K_5990,Cc1ccccc1C(=O)Nc1ccc(OCC(=O)[O-])c(-c2nc3ccccc3s2)c1,0.34028754
ZINC_250K_9218,O=C(NCC1CCN(C(=O)c2cccnc2)CC1)c1ccc(Br)o1,0.3402875
ZINC_250K_1927,Cc1nc(-c2cccc(Cl)c2)sc1C(=O)N[C@H]1CC[C@@H]([NH+](C)C)C1,0.3402875
ZINC_250K_10050,O=C(NCCCn1ccc2ccccc21)c1scnc1C1CC1,0.3402875
ZINC_250K_6969,COCCn1cc(NC(=O)[C@H](C)Oc2ccc(C)cc2Br)cn1,0.34028736
ZINC_250K_8015,O=C(Nc1ccccc1)[C@H]1CCCN(C(=O)[C@@H]2C=C(c3ccncc3)N=N2)C1,0.34028736
ZINC_250K_2039,O=C(NCc1cccc(Cl)c1)C1CCN(S(=O)(=O)c2cccs2)CC1,0.34028733
ZINC_250K_8781,C[C@H]1CCCN(C(=O)CSc2nnc(-c3ccc(S(=O)(=O)N4CCCC4)cc3)n2C)C1,0.34028727
ZINC_250K_5893,N#Cc1ccc(Cl)cc1NC(=O)C[NH+]1CCN(Cc2cccs2)CC1,0.34028724
ZINC_250K_525,CCC(=O)N1CCCC[C@@H]1C(=O)NCCc1ccc(F)cc1C,0.34028724
ZINC_250K_2469,Cc1nn(Cc2ccccc2Cl)c(C)c1C(=O)N[C@H]1CCCCNC1=O,0.3402872
ZINC_250K_3321,COc1ccccc1N1C[C@@H](C(=O)N[C@H](c2ccccc2)c2ccccn2)CC1=O,0.34028718
ZINC_250K_9371,COc1cccc([C@@H](NC(=O)N2CCC[C@@H](C)C2)c2nccn2C)c1,0.3402871
ZINC_250K_7461,Nn1c(COc2ccccc2)nnc1SCC(=O)Nc1ccc(F)cc1F,0.34028706
ZINC_250K_9742,O=C(CCn1nnnc1C[NH+]1CCOCC1)N1CCC[C@@H](c2ccc(Cl)cc2)C1,0.340287
ZINC_250K_7549,CS(=O)(=O)Cc1cccc(NC(=O)NCc2cccc(Cn3ccnc3)c2)c1,0.340287
ZINC_250K_10075,CCOc1cc(/C=C2/C(=N)N3N=CSC3=NC2=O)ccc1OC(=O)c1ccccc1Cl,0.340287
ZINC_250K_3618,COc1ccc(-n2nc3ccc(NC(=O)c4ccccc4Cl)cc3n2)cc1Cl,0.34028694
ZINC_250K_4770,O=C(NCCCN1CCOCC1)C1CCN(C2=NC(Cl)=NC3=NC=N[C@@H]32)CC1,0.34028682
ZINC_250K_3374,COc1ccc(Cl)cc1C(=O)Nc1cc(-c2ccc(CO)o2)ccc1C,0.34028676
ZINC_250K_660,CCCNC(=O)CN1CCN(C(=O)Cc2c(C)nn(-c3ccccc3)c2C)CC1,0.34028664
ZINC_250K_9841,COc1cccc(N2C[C@@H](NS(=O)(=O)c3cccnc3)CC2=O)c1,0.3402866
ZINC_250K_5444,COc1cc(-c2ccccc2)sc1C(=O)NCc1nc2ccccc2[nH]1,0.34028655
ZINC_250K_1677,COc1ccc(C)cc1NC(=O)c1cn(-c2ccc(C)c(C)c2)c(=O)c2ccccc12,0.34028652
ZINC_250K_6070,CCOc1ccccc1[C@H]1N[C@@H](C[NH+]2CCC[C@@H]2c2nc3ccc(F)cc3[nH]2)[C@H](C)O1,0.3402865
ZINC_250K_6767,O=C(Nc1ccccc1C(=O)NCc1csc(-c2ccccc2)n1)c1ccco1,0.34028637
ZINC_250K_1541,Cc1cccc2[nH+]c(CNC(=O)NCCNc3ccc4ccccc4n3)cn12,0.34028637
ZINC_250K_7151,C[C@H]1CN(c2ccc(NC(=O)c3ccc4[nH]cnc4c3)cc2)C[C@H](C)O1,0.34028637
ZINC_250K_4891,CCC[C@H]1[C@@H](C)CCCN1C(=O)NCc1cccc(S(=O)(=O)NC)c1,0.34028634
ZINC_250K_8666,COC(=O)[C@@H]1CCN(C(=O)c2cnn(CCC(C)C)c2C)c2ccccc21,0.3402863
ZINC_250K_3222,N#CCOc1cccc(CC(=O)N2CCO[C@@H](c3nccs3)C2)c1,0.34028625
ZINC_250K_1586,Cc1c(C(=O)N2CC[C@H](NC(=O)OC(C)(C)C)C[C@H]2C)cnn1C(C)C,0.34028623
ZINC_250K_5103,COc1ccc(NS(=O)(=O)c2ccc3c(c2)[C@H]2C=CC[C@@H]2[C@H](c2ccccc2OC)N3)cc1,0.34028605
ZINC_250K_4291,COc1cc(/C=C/C(=O)Nc2nnc(Cc3ccccc3)s2)cc2c1OCCO2,0.340286
ZINC_250K_1264,O=C(COc1ccc(Cl)cc1Cl)Nc1nnc(-c2ccc(C(F)(F)F)cc2)o1,0.34028596
ZINC_250K_5800,C#Cc1cccc(NCC(=O)Nc2cc(NC(=O)c3ccccc3)ccc2C)c1,0.3402859
ZINC_250K_2682,C[C@@H](Nc1ccc(OC(F)F)cn1)c1ccc(NC(=O)C2CC2)cc1,0.34028584
ZINC_250K_9475,COc1ccccc1C(=O)NCC(=O)Nc1cccnc1C,0.34028572
ZINC_250K_5152,Cc1nc2ccccc2n1CCNC(=O)NNC(=O)[C@H]1CCCO1,0.3402857
ZINC_250K_8981,C[C@@H]1CCN(C(=O)C(=O)Nc2cccc3ncccc23)C[C@@H]1O,0.3402857
ZINC_250K_8165,COc1ccc([C@H]2C(C#N)=C(N)Oc3cc(C)n(Cc4ccccc4)c(=O)c32)cc1OC,0.34028557
ZINC_250K_1497,CC[C@H](C(=O)NCCOC)N1C(=O)CCCc2ccccc21,0.34028557
ZINC_250K_4650,COc1ccc(C(=O)Nc2ccc(NC(=O)c3cc4ccccc4o3)c(OC)c2)c(OC)c1,0.34028554
ZINC_250K_1098,C=CCOC(=O)C1=C(C)Nc2c(c(=O)n(C)c(=O)n2C)[C@@H]1c1ccc(OC)cc1OC,0.34028548
ZINC_250K_6625,Cc1occc1-c1nnc(SCC(=O)N(CCC#N)c2ccc(F)cc2)n1C,0.34028545
ZINC_250K_1282,CC(=O)N[C@H](Cc1c[nH]c2ccccc12)C(=O)N1CCN(C(=O)c2cccc(F)c2)CC1,0.34028545
ZINC_250K_10467,CCN(CCNC(=O)c1ccc(N2CCOC2=O)cc1)c1cccc(C)c1,0.3402854
ZINC_250K_1305,CN1CCc2cc([C@H](CNC(=O)C(=O)Nc3ccccc3F)[NH+](C)C)ccc21,0.34028536
ZINC_250K_1948,Cc1cc2c(c(=O)n1CCc1ccc(O)c(O)c1)[C@@H](c1ccccc1Cl)C(C#N)=C(N)O2,0.34028536
ZINC_250K_3960,CCOC(=O)c1cccc(N2C(=O)/C(=C/c3cc(OC)c([O-])c([N+](=O)[O-])c3)SC2=S)c1,0.3402853
ZINC_250K_7910,CC[S@](=O)[C@@H]1CCC[C@H](NC(=O)CCCc2cc(F)ccc2F)C1,0.34028527
ZINC_250K_10155,NS(=O)(=O)c1ccc(NC(=O)c2cn(Cc3ccccc3)nc2-c2cccs2)cc1,0.34028527
ZINC_250K_1043,Cc1cc(=O)c(OCC(=O)Nc2nc(-c3cccnc3)cs2)c[nH]1,0.34028527
ZINC_250K_5558,CC(C)[C@@H]1C(=O)NCCN1Cc1csc(-c2cccc([N+](=O)[O-])c2)n1,0.34028527
ZINC_250K_9892,Cc1ccc(S(=O)(=O)N(C)C)cc1NC(=O)CSc1nc2ncc(Br)cc2[nH]1,0.34028524
ZINC_250K_7911,Cc1c(C(=O)N2CCC(C(=O)Nc3ccccc3)CC2)nc2c(Cl)cccn12,0.34028518
ZINC_250K_1051,COc1ccccc1CN1CCO[C@H](c2cccc(OC(F)F)c2)C1,0.34028518
ZINC_250K_100,COc1ccc([C@H]2C[C@@H](C(F)(F)F)n3nc(C(=O)NC4CCCCC4)cc3N2)cc1OC,0.34028512
ZINC_250K_8942,CCOc1ncccc1CNC(=O)NCCc1nnc2n1CCC2,0.34028506
ZINC_250K_1806,O=C(NCCc1cccc(O)c1)N1CCC[C@H]1CN1CCOCC1,0.34028503
ZINC_250K_3053,CCCN1C(=O)c2ccccc2N[C@H]1c1ccccc1OC[C@@H]1CCCO1,0.340285
ZINC_250K_1050,Cc1cccc(NC(=O)[C@@H](C)[NH+]2CCC[C@H](c3nncn3C3CC3)C2)c1,0.340285
ZINC_250K_2763,O=C(Cn1cnc2c(nnn2-c2ccc(F)cc2)c1=O)N1CCN(c2ccccc2)CC1,0.34028497
ZINC_250K_7322,CCCC[C@@H]1S/C(=N/N=C/c2cc(C)ccc2OS(=O)(=O)c2ccccc2)NC1=O,0.34028494
ZINC_250K_3445,CCC[NH+]1CCC(N(C)C(=O)NC[C@H]2CCCN(c3ncccn3)C2)CC1,0.34028494
ZINC_250K_5432,COc1cccc(CN2CCN(C(=O)[C@H]3C[C@H]3C)CC2)c1OC(F)F,0.3402849
ZINC_250K_3573,COCCNC(=O)N[C@@H]1CCCN(S(=O)(=O)c2ccc(C)cc2)C1,0.34028482
ZINC_250K_5866,CC[C@@H](C)NC(=O)CN1CCN(C(=O)Nc2ccccc2Oc2ccccc2Cl)CC1,0.34028482
ZINC_250K_1625,Cc1cc(F)ccc1CCNC(=O)CCc1nc(C2CC2)no1,0.3402848
ZINC_250K_5418,CCOC(=O)C[C@@H](C)CNC(=O)N1CC[C@H]1c1ccc(Cl)cc1,0.3402848
ZINC_250K_8486,CCNC(=O)N1CC[C@H]([NH2+][C@H]2CCc3[nH]c4ccccc4c3C2)C1,0.34028473
ZINC_250K_8578,COc1ccccc1[C@H](c1cc(C)sc1NC(=O)c1ccco1)N1CCOCC1,0.3402847
ZINC_250K_7657,Cc1cc([N-]S(=O)(=O)c2ccc(NC(=O)C3(c4cc(-c5ccco5)on4)CC3)cc2)nc(C)n1,0.34028468
ZINC_250K_4852,CC(C)c1ccc(C(=O)Nc2ccc(N3CCN(C(=O)c4ccco4)CC3)cc2)cc1,0.3402846
ZINC_250K_9403,CCC(=O)N1CCCN(C(=O)N[C@H](C)c2cccc(-n3ccnc3)c2)CC1,0.34028456
ZINC_250K_3259,Cc1[nH]c(SCC(=O)N(C2CCCCC2)[C@@H]2CCS(=O)(=O)C2)nc1Cc1ccccc1,0.34028453
ZINC_250K_5266,CC(C)(C)c1ncc(-c2ccncc2)c(C2CCN(C(=O)c3ccccc3F)CC2)n1,0.34028453
ZINC_250K_8900,Cc1ccc2[nH]c(CN3CCCC[C@@H]3c3ccn(C)n3)cc(=O)c2c1,0.3402845
ZINC_250K_8071,Cc1cc(F)ccc1-n1c(=O)c2sccc2n(CC(=O)N2C[C@H](C)C[C@H](C)C2)c1=O,0.3402845
ZINC_250K_8864,C[C@H](C[NH+]1CCCCC1)NC(=O)Nc1cccc(OC[C@@H]2CCCO2)c1,0.3402844
ZINC_250K_10415,COc1ccc(-c2nc(CNS(=O)(=O)c3cccc(F)c3)cs2)cc1,0.3402844
ZINC_250K_6268,Cc1nnc(NC(=O)[C@H]2CCCN(C(=O)c3ccc(F)cc3)C2)s1,0.34028435
ZINC_250K_7193,O=C(NCc1cccs1)c1cc2cccnc2n(Cc2ccc(Cl)cc2)c1=O,0.34028435
ZINC_250K_4951,C[NH+](CCNC(=O)c1cccn1-c1nnc(N2CCCC2)s1)C1CCCCC1,0.3402843
ZINC_250K_5433,CCOC(=O)c1cc(C#N)c(SCC(=O)NC2CCCC2)nc1C,0.34028426
ZINC_250K_5610,Cc1[nH+]ccn1CCC(=O)N1CCC[C@H]1C(=O)Nc1ccc(-n2cccn2)cc1,0.34028423
ZINC_250K_937,COc1ccccc1[C@H]1CCCN1C(=O)[C@@H](C)CCOc1ccccc1,0.34028423
ZINC_250K_1978,COc1cccc(-c2cc(C(=O)N(CC(F)(F)F)C3CCOCC3)[nH]n2)c1,0.34028408
ZINC_250K_4139,Cc1ccc(N2C(=O)C[C@@H](C(=O)N[C@]3(C)CCS(=O)(=O)C3)[C@@H]2c2cccs2)cc1,0.340284
ZINC_250K_7743,CCc1nnc(-c2cn(CC(=O)Nc3ccc4c(c3)OCO4)c3ccccc23)o1,0.34028387
ZINC_250K_3210,Cn1nc(C(C)(C)C)cc1C(=O)NCCc1nc(-c2ccc(Cl)cc2)no1,0.34028384
ZINC_250K_10479,O=C(Nc1ccc2c(c1)OCCO2)[C@H]1CC(=O)N(CCC2=c3cc(Cl)ccc3=[NH+]C2)C1,0.34028384
ZINC_250K_10399,CCc1nc2c(s1)[C@H](NCc1cccc(OCC(F)F)c1)CCC2,0.3402838
ZINC_250K_68,C[C@@H](NC(=O)Nc1ccn(-c2ncccc2Cl)n1)[C@@H]1CCCO1,0.3402838
ZINC_250K_8580,COc1cc([N+](=O)[O-])ccc1-n1nc(C)c(/C=N/NC(=O)c2ccc(Cl)cc2Cl)c1C,0.34028378
ZINC_250K_4023,Cc1ccccc1[C@@H]1C[C@H](C)N(C(=O)c2ccc(-n3ccnn3)cc2)C1,0.34028375
ZINC_250K_7370,Cc1cccc(N2CCN(C(=O)NCc3ncn(C)n3)CC2)c1C,0.34028375
ZINC_250K_5339,CCCn1c(SCC(=O)Nc2ccccc2Cl)nc2c1c(=O)n(C)c(=O)n2C,0.3402837
ZINC_250K_8567,O=C(NCC1(O)CCOCC1)c1cc([N+](=O)[O-])ccc1N1CCCCC1,0.34028363
ZINC_250K_9601,CCCS(=O)(=O)N1CCC[C@H](C(=O)Nc2ccc(OCC)cc2)C1,0.34028357
ZINC_250K_10081,CC(C)N(Cc1nc2ccccc2c(=O)[nH]1)C(=O)CSc1ccccc1F,0.34028357
ZINC_250K_4520,CN1CCN(C(=O)c2cccc(S(C)(=O)=O)c2)[C@H](CNC(=O)OC(C)(C)C)C1,0.34028354
ZINC_250K_946,CC(C)Oc1ccc(NC(=O)NC[C@H](C)N2CCOCC2)c(F)c1,0.3402835
ZINC_250K_789,Cc1cnn(CC(=O)[C@@H](C#N)c2nc([O-])c3ccc(Cl)cc3n2)c1,0.3402835
ZINC_250K_5636,COC(=O)c1ccc(C)c(NC(=O)N2CCC[C@H]2c2cccc(OC)c2)c1,0.3402835
ZINC_250K_8633,COCCNC(=O)Cn1nc2c3ccccc3nc(Cc3ccccc3)n2c1=O,0.34028348
ZINC_250K_4900,CCc1nn(C)cc1CNc1cnc2c(c1)CN(C(=O)OC(C)(C)C)CC2,0.34028342
ZINC_250K_10356,Cc1cc2c(cc1S(=O)(=O)[C@H](C)CC(=O)N1CCc3ccccc3C1)OCC(=O)N2,0.34028336
ZINC_250K_3423,CNS(=O)(=O)c1cccc(CNC(=O)c2cc(C)n(C3CC3)c2C)c1,0.34028336
ZINC_250K_829,C[C@@H](Sc1nnc(-c2cccs2)n1-c1ccccc1)C(=O)N1CC(=O)Nc2ccccc21,0.34028327
ZINC_250K_9757,Cc1cc(NC(=O)NCc2ccc(Cl)nc2)ccc1-n1cnnn1,0.34028324
ZINC_250K_2720,CNC(=O)c1sc2ccccc2c1C[C@H]1CCCCCN1C(=O)c1cn2cccnc2n1,0.3402832
ZINC_250K_5126,COc1ccc(CC(=O)n2nc(-c3ccccc3)nc2NCc2ccco2)cc1,0.34028313
ZINC_250K_7111,Cc1ccc2c(c1)NC(=O)[C@H](C(=O)N1CCN(c3ccccc3F)CC1)O2,0.3402831
ZINC_250K_9944,CCOC(=O)CCNC(=O)N1CCC[C@H](C(=O)c2ccc3c(c2)OCO3)C1,0.3402831
ZINC_250K_2338,Cc1csc([C@@H](C#N)C(=O)COC(=O)c2cc3c(s2)CC[C@@H](C)C3)n1,0.340283
ZINC_250K_4345,Cc1cc([N+](=O)[O-])cnc1Nc1cnn(CC(=O)NCCO)c1,0.340283
ZINC_250K_4988,CCOc1cc(/C=C2\C(=N)N3N=C(c4cccc(C)c4)SC3=NC2=O)ccc1OS(C)(=O)=O,0.34028298
ZINC_250K_596,CC(C)n1nnnc1COc1cccc(C(=O)NC2CCCCCC2)c1,0.34028274
ZINC_250K_5538,COC(=O)[C@H]1CCCN1C(=O)C1=C[C@@H](NC(=O)c2cc(OC)ccc2Br)[C@@H](O)[C@H](O)C1,0.34028253
ZINC_250K_797,COCCn1nc(C)c(NC(=O)N2CCC[C@H]2c2cccc(C)c2)c1C,0.3402825
ZINC_250K_4842,COc1ccc(NS(=O)(=O)c2cccc(C(=O)Nc3ccccc3[N+](=O)[O-])c2)cc1,0.34028247
ZINC_250K_9969,CCn1nc([C@H](C)C(=O)NCCc2nc3cc(C)c(C)cc3[nH]2)c2ccccc2c1=O,0.34028247
ZINC_250K_2414,COc1ccc(C)cc1-c1csc(NC(=O)COC2CCCC2)n1,0.34028235
ZINC_250K_5806,COc1ccccc1CNC(=O)c1ccc(N2CCCCS2(=O)=O)cc1,0.34028235
ZINC_250K_3387,C[C@H]1CC(=O)N(c2ccc(N3CCN(c4cccc(Cl)c4)CC3)c([N+](=O)[O-])c2)C1=O,0.34028235
ZINC_250K_1284,COc1cccc(CNC(=O)c2ccc([N+](=O)[O-])cc2F)c1,0.3402823
ZINC_250K_1201,CC1(C)c2[nH]c3ccccc3c2C[C@H]2C(=O)N(Cc3ccccc3Cl)CC(=O)N21,0.34028226
ZINC_250K_5677,CCOc1ccccc1CN(CC)Cc1cc(=O)n2c3c(cccc13)CCC2,0.34028223
ZINC_250K_1651,C[NH+](Cc1c[nH]nc1-c1ccccc1)C[C@@H](O)CN1CCOCC1,0.34028205
ZINC_250K_5821,CC(C)n1cc(NC(=O)[C@@H](Cc2c[nH]c3ccccc23)NC(N)=O)cn1,0.34028202
ZINC_250K_4741,Cc1ccc(S(=O)(=O)CC(=O)Nc2nc(-c3ccc4c(c3)CCCC4)cs2)cc1,0.34028196
ZINC_250K_3873,O=C(NCc1noc(-c2ccco2)n1)c1ccc(OCC2CC2)nc1,0.3402819
ZINC_250K_4578,CCOc1cc([C@@H]2CC(=O)N3CN(c4ccc(Br)cc4)CSC3=C2C#N)ccc1O,0.3402818
ZINC_250K_5681,O=C(NCCC(=O)N1CCN(S(=O)(=O)c2cccc(F)c2)CC1)NCc1ccccc1,0.3402818
ZINC_250K_8458,O=C(NC1CCCCC1)[C@@H](c1ccncc1)N(C(=O)c1csnn1)c1ccccc1-c1ccccc1,0.34028175
ZINC_250K_5654,CCn1cnnc1CNC(=O)N[C@H](C)c1cccc(N2CCCC2)c1,0.34028164
ZINC_250K_6400,Cc1ccc(-n2nc(S[C@H](C)C(=O)Nc3ccccc3C)ccc2=O)cc1Cl,0.34028164
ZINC_250K_2283,COc1cc(CNC(=O)C(C)C)ccc1OC[C@@H]1CCCO1,0.34028164
ZINC_250K_8196,CC(=O)Oc1ccc2nc(CCCOc3ccc(Cl)cc3Cl)oc(=O)c2c1,0.34028137
ZINC_250K_5657,O=C(Cn1ccc(=O)[nH]c1=O)NCc1cn(Cc2ccccc2)nc1-c1ccccc1,0.34028125
ZINC_250K_1991,C[C@@H](Oc1ccc(Cl)cc1Cl)C(=O)Nc1ccc(N2CCOCC2)cc1,0.34028125
ZINC_250K_2782,CCn1nccc1CN(C)C(=O)c1ccc(COc2ccc3c(c2)OCO3)o1,0.34028122
ZINC_250K_7747,O=C(NCCc1cccc(O)c1)NCC1(CN2CCOCC2)CCCCC1,0.34028116
ZINC_250K_9157,O=C(Cc1n[nH]c(=O)c2ccccc12)N1C[C@H]2CCC[C@@](O)(c3ccccc3F)[C@@H]2C1,0.34028113
ZINC_250K_2022,COC1CCN(C(=O)NCc2ccnc(OC3CCC3)c2)CC1,0.34028113
ZINC_250K_2307,C[C@H]1CCC[C@H](NC(=O)CN2CCN(C(=O)N[C@@H](C)Cn3cncn3)CC2)C1,0.3402811
ZINC_250K_5055,CCOC(=O)[C@@]1(NC(=O)[C@H](C)n2cccn2)CCc2ccccc21,0.34028107
ZINC_250K_901,Cc1ccc(C)c(S(=O)(=O)N2CCN([C@H](C)c3nc(N)nc(Nc4ccccc4)n3)CC2)c1,0.34028104
ZINC_250K_6433,O=C(NCCc1cnn(-c2ccccc2)c1)N1CCC[C@@H](CCO)C1,0.34028095
ZINC_250K_10437,C[C@@H]1Cc2ccccc2N1CCNC(=O)NCc1cn2ccccc2[nH+]1,0.34028092
ZINC_250K_4907,COc1ccc(S(=O)(=O)Nc2cccc(C(=O)N3CCCC3)c2)cc1C,0.34028086
ZINC_250K_3552,CCn1nc(C(C)C)cc1C(=O)N1CCC[C@H](OCc2ccccn2)C1,0.3402808
ZINC_250K_4676,COC[C@H]1CN(C(=O)/C=C(/C)c2ccccc2OC(F)F)CCO1,0.34028077
ZINC_250K_7852,O=C(CN1C(=O)c2ccccc2S1(=O)=O)c1cccc(S(=O)(=O)N2CCOCC2)c1,0.3402807
ZINC_250K_7046,COc1ccc(-c2n[nH]c(=S)n2CCC(=O)N[C@H]2CC[C@H]([NH+](C)C)C2)cc1,0.3402807
ZINC_250K_4117,CCCn1c(SCC(=O)Nc2ccc(C)c(C)c2)nc2ccccc2c1=O,0.3402807
ZINC_250K_8946,O=[N+]([O-])c1ccccc1N1CCN(Cc2nnc(-c3ccccc3Br)o2)CC1,0.34028065
ZINC_250K_3952,N#Cc1nc(-c2ccco2)oc1N1CCN(C(=O)CSc2ccc(F)c(F)c2)CC1,0.34028056
ZINC_250K_9614,CN(Cc1c(F)cccc1Cl)C(=O)C(=O)Nc1ccc2c(c1)COC2,0.34028053
ZINC_250K_6516,Cc1nnc2ccc(C(=O)NC[C@@H]3CC(=O)N(Cc4ccccc4)C3)cn12,0.3402805
ZINC_250K_6811,CCOC(=O)CCCNc1ncnc2sc3c(c12)CC[C@H](C)C3,0.3402804
ZINC_250K_2869,COc1nn(C)cc1C(=O)N(Cc1ccccn1)c1nc2c(C)cccc2s1,0.34028026
ZINC_250K_509,C[C@H]1CCCC[C@H]1NC(=O)c1cc(S(=O)(=O)N2CCOCC2)ccc1Cl,0.34028026
ZINC_250K_10218,O=C(NCc1ccccc1F)Nc1cnn(CC[NH+]2CCCCC2)c1,0.34028018
ZINC_250K_5720,COC(=O)c1sc(N(Cc2cccnc2)C[C@@H]2CCCO2)nc1Cl,0.34028015
ZINC_250K_4700,CNc1nc([C@H]2CCCN(C(=O)CCc3ccccc3)C2)[nH+]c2c1CC[NH+](C)C2,0.34028006
ZINC_250K_115,CC(C)NC(=O)Nc1cccc(C(=O)N(C)Cc2nnc(C3CC3)n2C)c1,0.34028006
ZINC_250K_6443,CC(=O)N1CCc2cc(C(=O)N3CCO[C@H](c4cc(F)c(Cl)cc4Cl)C3)ccc21,0.34028006
ZINC_250K_3575,Cc1ccc(-c2cc(C(F)F)n3ncc(C(=O)N(C)Cc4ccccc4)c3n2)cc1,0.34028003
ZINC_250K_5620,COCCn1nc([C@@H]2CCCN(C(=O)C[C@@H]3CSc4nc(C)c(C)c(=O)n43)C2)n(C2CC2)c1=O,0.34028003
ZINC_250K_10285,Cc1nccn1-c1ccc([C@H](C)NC(=O)NCc2ccc(Cl)nc2)cc1,0.34028003
ZINC_250K_1880,CN(C(=O)CSc1nc2cc(Cl)ccc2o1)C1(C#N)CCCCC1,0.34027994
ZINC_250K_7319,O=S(=O)([N-]c1cccc(-c2ccc(N3CCCC3)nn2)c1)c1ccc(F)c(C(F)(F)F)c1,0.34027994
ZINC_250K_6607,C[C@H](c1ccco1)[NH+](C)CC(=O)Nc1ccc2c(c1)C(=O)N(C)C2=O,0.34027988
ZINC_250K_7434,COc1ccc(CC(=O)/N=C2/S[C@@H]3CS(=O)(=O)C[C@@H]3N2Cc2ccccc2Cl)cc1OC,0.34027985
ZINC_250K_8645,Cc1ccc(-c2nn(Cc3ccccc3)cc2C(=O)N(C)Cc2ccco2)cc1,0.34027985
ZINC_250K_6040,CC(C)CCO[C@@H]1CCCC[C@@H]1NC(=O)Cn1cnc2c(cnn2C)c1=O,0.34027976
ZINC_250K_6335,COc1cccc2sc(NC(=O)c3c[nH]c4nccc(Cl)c34)nc12,0.3402797
ZINC_250K_2580,C[C@H]1CN(Cc2csc(NC(=O)c3cccnc3)n2)C[C@H](C)O1,0.34027964
ZINC_250K_8044,CN1C(=O)C[C@H](C(=O)Nc2ccc(C(=O)[O-])cc2)S/C1=N\c1cccc(C(F)(F)F)c1,0.34027964
ZINC_250K_10068,O=C(NCc1ccccc1CN1CCCC1=O)c1ccc(OC(F)F)cc1,0.3402796
ZINC_250K_9497,CN(C)C(=O)c1cc(NCc2ccccc2OC(F)F)ccc1Cl,0.3402796
ZINC_250K_6015,Cc1cccc(N2C[C@@H](c3nc4ccccc4n3Cc3ccccc3)CC2=O)c1,0.34027955
ZINC_250K_4885,CCOc1ccccc1/C=N/NC(=O)[C@H]1C=C(c2cccc([N+](=O)[O-])c2)N=N1,0.34027952
ZINC_250K_5604,O=C(Nc1ccc(N2CCOCC2)c(Cl)c1)c1cccc2ccccc12,0.34027952
ZINC_250K_189,O=C(NCCCc1ccccc1)C1CCN(C(=O)[C@@H]2CC(=O)N(c3ccccc3)C2)CC1,0.3402795
ZINC_250K_2981,COc1cccc([C@@H](CNC(=O)C2=NN(c3ccccc3)C(=O)CC2)[NH+]2CCCC2)c1,0.3402795
ZINC_250K_1820,COc1ncccc1CNC(=O)N[C@@H]1C[C@H]2CCCc3cccc1c32,0.34027943
ZINC_250K_6127,O=C(NC[C@@H](c1cccnc1)N1CCc2ccccc2C1)C(=O)Nc1cccc([N+](=O)[O-])c1,0.3402793
ZINC_250K_3329,CCNS(=O)(=O)[C@H]1CCN(C(=O)c2cnn(-c3ccccc3C)c2)C1,0.34027922
ZINC_250K_5467,COc1ccc(NC(=O)Cn2c(=O)cc(C)c3cccc(C)c32)cc1Cl,0.34027916
ZINC_250K_2306,CCC(=O)N1N/C(=C2\C(=O)N(Cc3ccccc3)C(=O)N=C2[O-])C[C@H]1c1ccc2c(c1)OCO2,0.3402791
ZINC_250K_285,CCCCOc1ccccc1NC(=O)c1scnc1C1CC1,0.3402791
ZINC_250K_549,CCOc1ccccc1/C=C1\Oc2c(ccc([O-])c2C[NH+]2CCN(C)CC2)C1=O,0.34027904
ZINC_250K_461,C[C@H]1CCC[C@@H](C(=O)Nc2cccc(OCCc3ccccc3)c2)[NH2+]1,0.34027904
ZINC_250K_4394,CCn1ccc2cc(S(=O)(=O)N3CCC(C(=O)NCCc4ccccc4)CC3)ccc21,0.34027904
ZINC_250K_9505,COc1cc(CN2CCN(C3CC3)C(=O)C2)cc([N+](=O)[O-])c1O,0.34027904
ZINC_250K_7387,CCCN1C(=O)c2nc3ccccc3n2C[C@]1(C)C(=O)N[C@H]1CCC[C@H](C)[C@@H]1C,0.34027904
ZINC_250K_1238,O=C(NCCCn1nc(C(F)(F)F)cc1C1CC1)c1ccc(Br)o1,0.34027898
ZINC_250K_6983,Cc1ccc(NC(=O)N(C)C)c(C(=O)NCCCC[NH+]2CCCC[C@@H]2C)c1,0.34027895
ZINC_250K_2989,COCC[S@](=O)Cc1cccc(NC(=O)N2CC[C@@H](C)C[C@@H]2C)c1,0.34027892
ZINC_250K_5158,CN(Cc1cnc2ccccn12)C(=O)c1cc(NC=O)cc2nc(Cc3ccccc3)n(C)c12,0.34027886
ZINC_250K_174,O=S(=O)(Nc1ccc(N2CCCS2(=O)=O)cc1)c1ccc(F)c(Cl)c1,0.34027883
ZINC_250K_8705,O=C(Cc1cc2ccccc2[nH]1)N[C@H]1CC[C@H]2CC[C@@H](C(=O)NCCO)N2C1=O,0.34027877
ZINC_250K_7603,N#Cc1c(CN2CCN(S(=O)(=O)c3cc(Cl)ccc3Cl)CC2)cn2ccccc12,0.34027874
ZINC_250K_2466,Cc1nnc([C@H]2Cc3ccccc3CN2Cc2ccc(Cl)c(F)c2)o1,0.34027869
ZINC_250K_3910,CC[C@@H](C)NC(=O)c1cccc2c1N[C@@H](c1ccc(Cl)cc1Cl)[C@H]1CC=C[C@H]21,0.3402786
ZINC_250K_6826,CN1C(=O)C[C@H](CNC(=O)CCc2nc3ccccc3[nH]2)N(C)C1=O,0.3402786
ZINC_250K_8002,CCOC(=O)[C@H](F)[C@H](C)N[C@@H]1CCN(c2ccc(Cl)cc2)C1=O,0.3402786
ZINC_250K_10008,C[C@@]1(CSc2ccccc2C(=O)N2CCN(Cc3ccc4c(c3)CCO4)CC2)NC(=O)NC1=O,0.34027854
ZINC_250K_4461,CC1CCN(C(=O)[C@@H](C)[C@H]2CC[C@@]3(C)CC[C@H](NC(=O)Cc4ccccc4)[C@@H](C)[C@@H]3[C@H]2O)CC1,0.3402785
ZINC_250K_7725,Cc1cc(C)n(-c2ccc(CC(=O)Nc3ccnn3Cc3ccc(Cl)cc3)cc2)n1,0.34027845
ZINC_250K_2467,COc1ccc(CCNC(=O)c2cccc3c2NC(=O)C3)cc1OC,0.3402784
ZINC_250K_2415,COc1cc([C@H]2C(C(=O)Nc3ccc(C)cc3C)=C(C)Nc3ncnn32)ccc1OC(C)C,0.3402784
ZINC_250K_5200,COc1cccc(C(=O)N(C)[C@]2(c3ccccc3Cl)CCCCC2=O)c1OC,0.3402784
ZINC_250K_8396,CCSc1sc(CC)cc1[C@@H]1C(C#N)=C(N)N(c2ccc([N+](=O)[O-])cc2)C2=C1C(=O)CCC2,0.34027833
ZINC_250K_7237,Nc1nc(NC2CC2)cc(-c2ccccc2CN2CCOCC2)n1,0.3402782
ZINC_250K_8392,O=C(CSc1nc2ccccc2nc1N1CCOCC1)N1CCN(c2ccc([N+](=O)[O-])cc2)CC1,0.34027815
ZINC_250K_5868,C[C@H](NC(=O)COc1ccccc1F)c1ccc(-n2ccnc2)cc1,0.34027815
ZINC_250K_1984,COC(=O)N1CCN(Cc2cccc(-c3ccccn3)c2)CC1,0.34027812
ZINC_250K_1741,CCn1cc(C(=O)N2CCC(c3nnc(Cn4ccnc4)n3C)CC2)cn1,0.34027806
ZINC_250K_8743,Cc1cccc(CN2CCN(CC(=O)NCCN3CCOCC3)C2=O)c1,0.340278
ZINC_250K_31,CC1=C(CNC(=O)c2cc(-c3ccccc3)nc3c2CNN3C(C)C)CN=N1,0.3402779
ZINC_250K_6054,Cc1cccc(Oc2ccccc2NC(=O)C2CCN(S(C)(=O)=O)CC2)c1,0.3402779
ZINC_250K_6673,C#CCOc1ccc2ccccc2c1CN1CCN[C@H](C(=O)N(C)C)C1,0.3402778
ZINC_250K_10264,Cc1ccc(-n2ncc3c2ncn2nc(CCc4ccccc4)nc32)cc1Cl,0.3402778
ZINC_250K_4132,Cc1ccc(C2=NN(C(=O)C[NH+]3CCC4(CC3)OCCO4)[C@H](c3ccccc3Cl)C2)c(C)c1,0.34027773
ZINC_250K_2494,COc1cc(C(=O)Nc2nccs2)ccc1OCC(=O)Nc1ccc(F)cc1,0.34027767
ZINC_250K_1609,CCOc1ccc(F)c(C(=O)NCc2ccnc(OC(C)(C)C)c2)c1F,0.34027767
ZINC_250K_9542,O=C(Nc1ccc(F)cc1F)c1nn(-c2ccc(F)cc2)cc1OCc1ccccc1,0.34027758
ZINC_250K_2289,O=C(NCC[NH+]1CCN(C(=O)c2ccccc2[N+](=O)[O-])CC1)[C@H]1CC(=O)N(c2ccccc2)C1,0.34027755
ZINC_250K_2997,Cc1ccccc1[C@H]1CN(C(=O)/C=C/c2ccnc(Cl)c2)CCO1,0.34027746
ZINC_250K_9463,COC[C@@H](C)n1c(S[C@H](C)C(=O)N2CCc3ccccc3C2)nc2ccccc2c1=O,0.34027743
ZINC_250K_8611,COc1ccc(C)cc1-n1ccc(C(=O)Nc2cc(C(=O)N(C)C)ccc2C)n1,0.34027743
ZINC_250K_7081,O=C(Nc1ccccc1)[C@@H]1CC(=O)N(CCC2=c3cc(F)ccc3=[NH+]C2)C1,0.34027737
ZINC_250K_7308,CC(C)C[C@@H](NC(=O)NC(C)C)C(=O)N1CCc2nnc(-c3ccccn3)n2CC1,0.3402773
ZINC_250K_2773,CN(Cc1cnn(C)c1)C(=O)c1ccccc1-c1ccc(C(F)(F)F)cc1,0.34027728
ZINC_250K_1094,CN1CCN(S(=O)(=O)c2cc(C(=O)Nc3ccc(Cl)c(Cl)c3)ccc2F)CC1,0.34027728
ZINC_250K_8457,CC(C)N1CCN(C(=O)c2coc(COc3ccc4c(c3)OCO4)n2)C[C@@H]1C,0.3402772
ZINC_250K_1200,Cc1ccc(C[NH+]2CCN(c3nc4c(c(=O)[nH]c(=O)n4C)n3Cc3cccc(C)c3)CC2)cc1,0.34027717
ZINC_250K_1129,Cc1nc(NC(=O)c2nn(-c3ccc(Cl)cc3)ccc2=O)sc1C(=O)OCC(C)C,0.34027705
ZINC_250K_10199,Cc1nn(-c2ccc(NC(=O)[C@@H]3CC(=O)N(C(C)C)C3)cn2)c(C)c1Cl,0.340277
ZINC_250K_2486,CCN(CC)C(=O)CCC(=O)Nc1ccccc1N1C[C@@H](C)O[C@@H](C)C1,0.340277
ZINC_250K_7119,COc1ccc(CCn2c(-c3cccc([N+](=O)[O-])c3)nc3c(c(=O)c4ccccc4n3C)c2=O)cc1,0.34027696
ZINC_250K_3832,CCCCN(C)C(=O)c1cccc(-c2ccc(S(=O)(=O)N3CCOCC3)s2)c1,0.3402769
ZINC_250K_8232,C[C@H](NC(=O)CN1C(=O)N[C@]2(CCCCc3ccccc32)C1=O)c1ccc2c(c1)OCO2,0.3402769
ZINC_250K_4462,COCCCC(=O)N1CCC[C@@H](c2nc3ccccc3n2C(C)C)C1,0.34027684
ZINC_250K_3252,C[C@H](NC(=O)OCc1ccccc1)C(=O)N1CCC[C@@H]1C(=O)n1nnc2ccccc21,0.3402768
ZINC_250K_5400,Cc1ccc(NC(=O)CSC2=C(C#N)[C@H](c3ccco3)[C@@H]3C(=O)CCCC3=N2)cc1C,0.34027672
ZINC_250K_7484,O=C(Cn1cc(NC(=O)Nc2ccc3c(c2)CCC3)cn1)NCCO,0.34027666
ZINC_250K_4250,C[C@@]1(C(=O)NCc2ccc(F)cc2)Cn2nc(-c3cccs3)cc2C(=O)N1c1ccc(F)cc1,0.34027663
ZINC_250K_6207,COc1ccc(C(=O)N/N=C2\CCCc3oc(C(=O)Nc4cc(C)ccc4C)c(C)c32)cc1,0.34027663
ZINC_250K_2959,CCn1cc(C(=O)Nc2ccc(CC(=O)NCC(F)(F)F)cc2)c(=O)c2ccc(C)nc21,0.3402766
ZINC_250K_3248,C[C@@H]1C[C@H]1c1ccc(CCC(=O)N2CCC[C@H](CNS(C)(=O)=O)C2)o1,0.3402765
ZINC_250K_3048,CCc1ccc(-c2csc(NC(=O)[C@H]3CCC(=O)NC3)n2)cc1,0.3402765
ZINC_250K_768,COc1ccc(F)cc1NC(=O)N1CCO[C@H](c2ccc(C)o2)C1,0.34027648
ZINC_250K_5073,Cc1noc(C)c1C(=O)N1CCC[C@]2(CCC(=O)N(CCc3ccccn3)C2)C1,0.3402764
ZINC_250K_5097,CC[C@@H](C)[C@H](NC(=O)c1scnc1C1CC1)c1nc2ccccc2[nH]1,0.34027636
ZINC_250K_2742,C[C@H](NC(=O)[C@H]1CCCN(S(C)(=O)=O)C1)c1ccc(N2CCOCC2)cc1,0.34027633
ZINC_250K_1283,C[C@@H](Oc1cccc(Cl)c1Cl)C(=O)N1CCC(CN(C)C(=O)OC(C)(C)C)CC1,0.34027618
ZINC_250K_5253,C[C@@H]1CN(C(=O)CSc2nnc(-c3c[nH]c4ccccc34)n2C2CC2)C[C@@H](C)O1,0.3402761
ZINC_250K_6130,O=C(c1ccc(F)cc1)c1ccccc1C(=O)N1CCC[C@@H](NS(=O)(=O)c2cccc(F)c2)C1,0.34027606
ZINC_250K_6313,C[C@@H](Sc1nnc(-c2ccc([N+](=O)[O-])cc2)o1)C(=O)Nc1cccc(Cl)c1,0.34027597
ZINC_250K_5309,Cc1cccc(N(C(=O)Cn2nnnc2N)C2(C(=O)Nc3c(C)cccc3C)CCCCC2)c1,0.34027597
ZINC_250K_6392,Cc1occc1C(=O)Nc1nc(CC(=O)Nc2ccc(F)cc2Br)cs1,0.34027594
ZINC_250K_2893,Cc1nc(N2CCOCC2)c2c(C(=O)N3CCc4ccccc43)c(C)oc2n1,0.34027588
ZINC_250K_1304,COc1ccc(N2CCn3c(SCC(=O)Nc4nc(C)cs4)nnc32)cc1,0.34027588
ZINC_250K_4642,CCc1ccc(N2N=C(C)/C(=C\c3ccc(-c4ccc5c(c4)C(=O)OC5)o3)C2=O)cc1,0.3402758
ZINC_250K_6482,Cc1sc2nc(CS[C@H](C)C(=O)N(Cc3ccccn3)c3ccc(F)cc3)[nH]c(=O)c2c1C,0.3402758
ZINC_250K_356,CCCc1cc(=O)n2c(n1)SC[C@@H]2CC(=O)Nc1cccc(Cl)c1Cl,0.3402757
ZINC_250K_3438,CCOc1ccc([C@H]2Nn3c(nnc3-c3ccccc3)S[C@H]2C(=O)N2CCOCC2)cc1,0.34027568
ZINC_250K_8539,C[C@H](CCOc1ccccc1)C(=O)N1CCO[C@H](c2cccc(F)c2)C1,0.3402755
ZINC_250K_266,Cc1c(C(=O)N(C)[C@@H]2CCN(c3ccccc3Cl)C2=O)cnn1C,0.34027547
ZINC_250K_921,O=C(CN(C(=O)Cn1nnc2ccccc21)c1ccccc1)NC[C@H]1CCCO1,0.34027547
ZINC_250K_5359,C[C@@H]1CCCC[C@@H]1NC(=O)c1cc(S(=O)(=O)N(C)C)ccc1N1CCCCC1,0.3402754
ZINC_250K_7907,COc1ccccc1OCC(=O)Nc1onc2c1C[C@@H](C)CC2,0.34027535
ZINC_250K_9081,COc1ccc(-n2ncc([C@@H](C)NS(=O)(=O)c3cccc4cccnc34)c2C)cc1,0.34027535
ZINC_250K_3294,CCn1c(SCC(=O)Nc2cccc(Cl)c2C)nnc1-c1ccc(O)cc1,0.34027523
ZINC_250K_10113,Cc1cc(NC(=O)COc2ccccc2C=O)ccc1N1CC[NH+](C)CC1,0.34027514
ZINC_250K_4710,CCOc1ccc(S(=O)(=O)NCCC2=c3cc(F)ccc3=[NH+][C@H]2C)c2ccccc12,0.34027514
ZINC_250K_7691,CC(C)N1CC[C@H](N[C@H](C)c2ccc(N3CCOCC3)c(F)c2)C1=O,0.34027508
ZINC_250K_4744,Cc1ccc(C(=O)Nc2ccc3nc([C@H]4CCCO4)[nH]c3c2)cn1,0.34027505
ZINC_250K_34,CCOC(=O)c1nnc2ccccc2c1N1CC[C@@H]([NH+](CC)CC)C1,0.34027502
ZINC_250K_8327,COc1ccc(S(=O)(=O)NCC2(c3c(F)cccc3Cl)CCOCC2)cc1OC,0.34027496
ZINC_250K_3482,COc1cccc(CN2CCN(c3ccccc3[C@@H](O)c3nccs3)CC2)c1,0.34027487
ZINC_250K_830,Cc1cc(F)ccc1NC(=O)COc1ccc2c(c1)CCC2,0.34027484
ZINC_250K_4733,COc1cccc(CN2CC=CC[C@@H](C3CC[NH+](Cc4ccccn4)CC3)C2=O)c1,0.34027478
ZINC_250K_1306,C[C@H]1CN(c2ccccc2C#N)C(=O)CN1C(=O)CCc1cc([O-])no1,0.34027475
ZINC_250K_6939,CC[NH+]1CCN(C(=O)N[C@H]2CC(=O)N(c3cccc(OC)c3)C2)CC1,0.34027475
ZINC_250K_4637,CCOC(=O)[C@@H]1CCCN(C(=O)c2c(-c3c(Cl)cccc3Cl)noc2C)C1,0.34027475
ZINC_250K_8723,COC(=O)C(C)(C)[C@H]1CCCN(C(=O)[C@H]2C[C@@H]2c2ccccc2F)C1,0.3402747
ZINC_250K_4858,NS(=O)(=O)c1ccc(N/N=C/c2cn(-c3ccccc3)nc2-c2ccccc2)c([N+](=O)[O-])c1,0.3402746
ZINC_250K_6609,C[C@H]1CCCC[NH+]1Cc1ccc(NC(=O)[C@@H]2CSCN2C(=O)c2ccccc2)cc1,0.34027457
ZINC_250K_1451,C[C@@H]1C[C@@H](C)CN(C(=O)[C@@H](C)Sc2nnc(-c3c[nH]c4ccccc34)o2)C1,0.3402744
ZINC_250K_318,COCC(=O)N1CCCc2ccc(NC(=O)c3cccc(Br)c3)cc21,0.3402744
ZINC_250K_851,Cc1ccc2nc(NC(=O)c3ccc(OCc4nc(-c5ccco5)cs4)cc3)sc2c1,0.3402744
ZINC_250K_19,CC(C)[C@@H](Oc1cccc(Cl)c1)C(=O)N1CCC(n2cccn2)CC1,0.34027436
ZINC_250K_7755,CCOc1ccccc1[C@@H]1c2c(nc(N3CCC4(CC3)OCCO4)[nH]c2=O)NC(=O)[C@@H]1C#N,0.34027433
ZINC_250K_226,COc1ccc([C@H]2C(C(=O)NCc3ccccc3)=C(C)Nc3ncnn32)cc1OC,0.3402743
ZINC_250K_1262,Cc1ccc(O[C@H](C)CNC(=O)[C@H]2CS[C@@]3(C)CCC(=O)N23)cc1,0.3402743
ZINC_250K_8376,Cc1nc(CNc2cc(N3CCCC3=O)ccc2Cl)sc1C,0.34027418
ZINC_250K_785,O=C(c1cc2ccccc2o1)N(C[C@H]1CCCO1)c1nc2c(F)cccc2s1,0.34027418
ZINC_250K_6479,O=C(CCOc1ccccc1)N1CCN(Cc2ccc3c(c2)CCO3)CC1,0.34027398
ZINC_250K_776,C[C@@H]1CCN(C(=O)Nc2ccc(O[C@@H]3CCOC3)cc2)[C@H](C)C1,0.3402739
ZINC_250K_8496,O=C(Cn1nnc2ccccc2c1=O)Nc1ccccc1OC(F)F,0.34027386
ZINC_250K_758,O=C(Cn1cccc1-c1nc(-c2ccc(OC(F)(F)F)cc2)no1)Nc1nccs1,0.34027386
ZINC_250K_3612,C[C@](C#N)(NC(=O)CN1CCN(c2cccc(Cl)c2)CC1)C1CC1,0.34027386
ZINC_250K_8608,O=C(/C=C\c1ccccc1)N1CCC[C@@H](c2nnc(-c3ccc4c(c3)OCO4)o2)C1,0.34027374
ZINC_250K_7006,COc1ccc(-c2nnc([S-])n2CC(=O)N[C@H](C)c2ccc(Cl)cc2Cl)cc1,0.34027368
ZINC_250K_10364,CC1=C(C(=O)Nc2ccccc2)[C@@H](c2ccccc2)n2c(s/c(=C/c3cn(C)nc3C)c2=O)=N1,0.34027362
ZINC_250K_5809,CCc1ccc(NC(=O)C2CCN(S(=O)(=O)c3ccc4c(c3)CCCC4)CC2)cc1,0.34027362
ZINC_250K_2351,O=C(NC[C@@H]1CCCO1)Nc1cnn(Cc2ccccc2)c1,0.34027362
ZINC_250K_5945,Cc1ccc(NC(=O)[C@H]2CS[C@]3(C)CCC(=O)N23)cc1[N+](=O)[O-],0.34027362
ZINC_250K_8544,Cc1onc(-c2ccc(F)cc2F)c1C(=O)Nc1ccccc1Cl,0.3402736
ZINC_250K_7503,C=CC[NH+]1CCC(NC(=O)Nc2cccc(Cn3nc(C)nc3C)c2)CC1,0.3402736
ZINC_250K_9696,CCc1cccc(NC(=O)[C@@H](C)N2CCN(c3cc(Cl)ncn3)CC2)c1,0.3402735
ZINC_250K_9305,Cc1cccc(C)c1NC(=O)CSc1nc2ccccc2c2nc(CCc3c(C)n[nH]c3C)nn12,0.3402735
ZINC_250K_425,O[C@H]1CCN(c2ccnc(N3CCc4[nH]c5ccc(Cl)cc5c4C3)n2)C1,0.34027347
ZINC_250K_1449,Cc1ncsc1C(=O)N1CCC[C@H]1c1nc2c(c(C)[nH+]1)CCCN2CC1CCCCC1,0.34027335
ZINC_250K_350,Cc1nccn1CC(=O)N1CCCC[C@@H]1CCNC(=O)c1ccccc1,0.34027335
ZINC_250K_9076,CC1CCC(C#N)(N(C)C(=O)[C@H](C)N2CCc3[nH]ncc3C2)CC1,0.34027326
ZINC_250K_2604,Cc1cn(-c2ccccc2Cl)nc1NC(=O)N1CCC[C@H]([C@@H](C)O)C1,0.3402732
ZINC_250K_863,C[C@H](NC(=O)N1CCCC[C@@H]1C1OCCO1)c1cccc(-n2ccnc2)c1,0.34027308
ZINC_250K_3523,COc1cc(-n2nnc(C(=O)Nc3ccc(C)cc3)c2N)ccc1Cl,0.34027302
ZINC_250K_7327,N#Cc1ccc(C[NH+]2CCCN(c3ncc(C(N)=O)cc3Cl)CC2)cc1,0.34027296
ZINC_250K_10312,COc1ccc(CNc2nccn(CC(C)C)c2=O)cc1F,0.3402729
ZINC_250K_4707,Cc1cccc(NC(=O)CNC(=O)c2ccc(S(=O)(=O)Nc3ccc(F)cc3)cc2)c1C,0.3402729
ZINC_250K_6912,CCOc1ccc(S(=O)(=O)Nc2ccc3c(c2)C(=O)N(CC)CCO3)cc1,0.3402728
ZINC_250K_5931,CCN(CCNC(=O)c1ccc2c(c1)NC(=O)CS2)c1cccc(C)c1,0.3402728
ZINC_250K_3023,O=C(NCc1ccc(N2CCOCC2)[nH+]c1)c1csc2c1CCCC2,0.3402727
ZINC_250K_6355,CCOC(=O)c1cn(-c2ccccc2)nc1-c1ccc(OC)c([N+](=O)[O-])c1,0.3402727
ZINC_250K_342,CCc1nc2n(n1)CCC[C@H]2NC(=O)c1ccc(-n2cc(C)cn2)cc1,0.34027264
ZINC_250K_5811,O=C(Nc1cccnc1)C(=O)N1CCC[C@H](C(=O)NCC(F)(F)F)C1,0.3402726
ZINC_250K_1096,CC(=O)N[C@@H](C(=O)Nc1ccc(NCc2ccccc2)c(Cl)c1)C1CCCC1,0.34027258
ZINC_250K_4218,COc1ccc(-c2cc(=O)n(CC(=O)NCc3ccccn3)cn2)cc1,0.34027255
ZINC_250K_95,C=CCN(Cc1cccc([N+](=O)[O-])c1)C(=O)Nc1cc(OC)ccc1Cl,0.34027252
ZINC_250K_1186,Cc1ccc(S(=O)(=O)N2CCC[C@@H]2C(=O)N(C)Cc2cccc(Cl)c2)cc1,0.3402725
ZINC_250K_738,CCn1nc(C)c(CNC(=O)[C@H]2[NH+]=c3ccccc3=C2NC(=O)c2cccc(C)c2)c1C,0.3402724
ZINC_250K_5252,O=C(NCc1ccc(Cl)cc1)c1cc(NC(=O)C2CC2)n(-c2ccccc2)n1,0.34027237
ZINC_250K_7686,CC1(C)[C@H]2CC[C@]1(CS(=O)(=O)NNc1ccnc3cc(Cl)ccc13)C(=O)C2,0.34027234
ZINC_250K_5275,C[C@]1(c2ccccc2Cl)NC(=O)N(CC(=O)NCCC2=CCCCC2)C1=O,0.34027234
ZINC_250K_3734,Cc1ccc(NC(=O)CNc2ccc(C(=O)N3C[C@@H](C)O[C@H](C)C3)cc2)c(Br)c1,0.3402722
ZINC_250K_45,CCn1cc(S(=O)(=O)N2CCCCC[C@@H]2c2cc(-c3ccc(F)cc3)no2)cn1,0.3402722
ZINC_250K_3561,CCc1nnc(NS(=O)(=O)c2ccc(NC(=O)c3cccc(F)c3)cc2)s1,0.34027213
ZINC_250K_5659,COc1cccc(C[C@H](C)NC(=O)Nc2cc(-c3nnco3)ccc2C)c1,0.34027207
ZINC_250K_1870,O=C(NCc1ccc(C(=O)N2CCCCC2)cc1)c1sccc1S(=O)(=O)NC1CC1,0.34027204
ZINC_250K_9967,CCOC(=O)c1ccc(NC(=O)c2ccc(=O)n(Cc3cccc(F)c3)c2)cc1,0.34027198
ZINC_250K_2631,C[C@@H](Oc1ccc(Cl)cc1Cl)C(=O)N1CCC(C(=O)Nc2nncs2)CC1,0.34027198
ZINC_250K_801,CC[C@@H](C)n1nccc1NC(=O)C(=O)N1CCc2cc(F)ccc2C1,0.34027192
ZINC_250K_1584,COc1ccccc1N(C)S(=O)(=O)c1ccc(C(=O)Nc2cccc([N+](=O)[O-])c2C)cc1,0.34027192
ZINC_250K_7189,CCN1C(=O)N(C2Cc3ccccc3C2)C(=O)C12CC[NH+](Cc1c[nH]nc1-c1ccc(F)cc1)CC2,0.3402719
ZINC_250K_8973,Cn1cnnc1[C@H]1CCCN(Cc2cc(C(F)(F)F)ccc2Cl)C1,0.34027186
ZINC_250K_6976,Cc1nccn1-c1ccc([C@H](C)NC(=O)CC2=CCCCC2)cc1,0.34027186
ZINC_250K_6218,O=C(NCCOc1ccccc1)[C@H]1CC(=O)N(Cc2ccco2)C1,0.34027177
ZINC_250K_5913,COc1cccc2cc(C(=O)N3CCN(C(=O)[C@@H]4C[C@@H]4c4ccccc4)CC3)c(=O)oc12,0.3402717
ZINC_250K_9205,Cc1c(-c2ccnc3cc(C(=O)N[C@H]4CCOc5ccccc54)nn23)cnn1C,0.34027165
ZINC_250K_6511,CC(C)N1CCC[C@@]2(CCN(C(=O)c3cc(-c4ccccn4)n[nH]3)C2)C1=O,0.34027165
ZINC_250K_4021,COc1ccc(SCC(=O)Nc2ccc(N3CC[NH+](C)CC3)c(F)c2)cc1,0.3402715
ZINC_250K_510,COCCn1ccc2ccc(NC(=O)NCCc3ccccn3)cc21,0.34027147
ZINC_250K_6859,COc1cccc([C@@H]2CCCN2C(=O)NC[C@@H](CCO)c2ccccc2)c1,0.34027147
ZINC_250K_8089,O=C(NCCN1C(=O)S/C(=C\c2cccnc2)C1=O)[C@@H]1Cc2cc(Cl)ccc2O1,0.3402714
ZINC_250K_4765,CN1CCc2cc(CN(C[C@@H]3CCCO3)C(=O)NC(=O)C(C)(C)C)ccc21,0.34027138
ZINC_250K_5522,Cc1cccc(NS(=O)(=O)c2cc(C(=O)NCc3ccc(Cl)cc3)ccc2C)c1,0.34027132
ZINC_250K_886,O=C(NC[C@@H]1CCC[NH+](Cc2ccccc2F)C1)c1nc[nH]n1,0.34027132
ZINC_250K_4514,CCCn1c(SCC(=O)NCc2ccc(F)cc2F)nc2ccsc2c1=O,0.3402712
ZINC_250K_2640,CCCc1cc(NC(=O)N(C)[C@H]2CCN(c3ccccc3F)C2=O)n(C)n1,0.3402712
ZINC_250K_3417,COc1ccc(NC(=O)c2ccc3c(c2)C(=O)N([C@@H](C)c2ccccc2)C3=O)c(OC)c1,0.34027103
ZINC_250K_5882,CCc1ccc([C@@H]2C[C@H](C)CCN2c2ncc([N+](=O)[O-])c(N)n2)o1,0.34027103
ZINC_250K_265,Cc1ccc(NCc2cccc(C(=O)NCc3ccco3)c2)c(F)c1,0.340271
ZINC_250K_3701,CCCCc1cc(NC(=O)c2ccc(N3CCC(C)=N3)cc2)[nH]n1,0.34027097
ZINC_250K_7062,Cc1cccc(C)c1NC(=O)CNC(=O)[C@@H](C)N1CCN(c2ccccc2[N+](=O)[O-])CC1,0.34027085
ZINC_250K_8479,Cc1nn(C)c(C)c1C(=O)C1=C([O-])C(=O)N(CCCN2CCOCC2)[C@H]1c1cccnc1,0.34027082
ZINC_250K_64,C=CCn1c(S[C@H](C)C(=O)N2CCC(C)CC2)nnc1-c1ccc(Cl)cc1,0.34027082
ZINC_250K_4292,N#Cc1cccc(NC(=O)CSc2cc(NCc3ccc(Cl)cc3)ncn2)c1,0.34027082
ZINC_250K_10096,CCCn1cc(/C=C2/C(=O)N(c3cccc(OC)c3)C(=S)N=C2[O-])c2ccccc21,0.34027076
ZINC_250K_3887,O=C(Nc1ccc(N2CCCN(C(=O)C3CC3)CC2)cc1)c1ccc(=O)[nH]c1,0.3402707
ZINC_250K_471,Cn1c(=O)n(CC(=O)N[C@@H]2CCCc3ccc(F)cc32)c2ccccc21,0.34027064
ZINC_250K_3589,O=c1ccc2cc(S(=O)(=O)NCCc3ccc(N4CCCCC4)cc3)ccc2o1,0.34027064
ZINC_250K_2667,CCc1noc(CC)c1CNC(=O)Nc1cnn(C[C@@H]2CCCO2)c1,0.3402706
ZINC_250K_10489,Cn1cc([C@@H]2C[C@H]2C(=O)NNc2ccccc2C(F)(F)F)cn1,0.34027058
ZINC_250K_1862,COc1ccccc1[C@H]1C[C@@H]1C(=O)N1CCC[C@@H](n2cc(C)cn2)C1,0.3402705
ZINC_250K_8589,COc1ccc2c(c1OC)OC(=O)[C@@H](CC(=O)N[C@@H](C)Cc1c[nH]c3ccccc13)[C@@H]2C,0.3402705
ZINC_250K_5579,Cc1cccnc1CN(C)C(=O)c1ccc2nc(Cc3ccccc3F)oc2c1,0.34027043
ZINC_250K_8883,COc1ccccc1COc1ccc2nc3n(c(=O)c2c1)CCC3,0.34027037
ZINC_250K_10420,CC[C@@H](CO)NC(=O)N[C@H]1CC(=O)N(c2ccc(OC)c(OC)c2)C1,0.34027037
ZINC_250K_3405,Cc1nn2c(nnc3c(=O)n(CCCN4CCOCC4)ccc32)c1-c1ccc(Cl)cc1,0.3402703
ZINC_250K_9853,CCCC[C@H](NC(=O)C(=O)Nc1cc(C)cc2cccnc12)C1CCC1,0.3402703
ZINC_250K_8871,CCOc1ccc([C@@H]2CCCN2C(=O)COc2cc(F)ccc2[N+](=O)[O-])cc1,0.3402703
ZINC_250K_6255,COC[C@H]1CCN(C(=O)c2ccc(OC3CC[NH+](C4CCCC4)CC3)c(OC)c2)C1,0.34027025
ZINC_250K_6346,O=C(NCCOc1ccccc1)c1cn(C[C@H]2CCCO2)nn1,0.34027022
ZINC_250K_4570,COc1ccc(C(=O)Nc2ccc(C)c(N3CCCCC3=O)c2)c(OC)c1OC,0.34027022
ZINC_250K_9679,CN(C(=O)c1ccc2c(c1)N(Cc1ccccc1)C(=O)c1ccccc1S2(=O)=O)C1CCCCC1,0.34027022
ZINC_250K_5463,CCCC(=O)N[C@@H]1CCC[NH+](Cc2ccc(F)c(OC)c2)C1,0.34027022
ZINC_250K_7866,Cc1ccc(Cl)cc1NC(=O)[C@@H](C)n1ncc(-c2ccccc2)nc1=O,0.34027022
ZINC_250K_5395,Nc1nc(SCC(=O)Nc2cccc(C(F)(F)F)c2)[nH]c(=O)c1NC(=O)c1ccc(F)c(F)c1,0.34027013
ZINC_250K_9883,CCOC(=O)c1c(NC(=O)c2nn3cccnc3c2Cl)sc(C)c1C,0.34026986
ZINC_250K_1912,CNC(=O)c1cccc(CNC(=O)Nc2c[nH]nc2-c2ccccn2)c1,0.34026983
ZINC_250K_7927,CC1(C(=O)N2CCCC[C@@H]2c2nc3c(c(=O)[nH]2)CCN(S(C)(=O)=O)C3)CCCCC1,0.3402698
ZINC_250K_5731,CCOc1ccc(-n2nnc3c(N4CCN(C(=O)c5ccccc5SCC)CC4)ncnc32)cc1,0.34026965
ZINC_250K_3080,COC(=O)[C@@]1(Cc2ccccc2)[NH2+][C@H](c2ccccc2C)[C@H]2C(=O)N(c3ccc4c(c3)OCO4)C(=O)[C@@H]21,0.34026963
ZINC_250K_2459,O=C(C[C@@H]1C(=O)Nc2c(-c3ccccc3)cnn21)Nc1cccc(F)c1,0.34026954
ZINC_250K_9469,Cc1[nH]c2ccccc2c1CCNC(=O)N(C)Cc1nnc(C2CC2)n1C,0.34026945
ZINC_250K_6358,C[C@H]1CCN(C(=O)N[C@@H](COc2ccccc2F)C(C)(C)C)C[C@H]1O,0.34026942
ZINC_250K_7093,CS(=O)(=O)N1CCC[C@H](C(=O)NCc2ccc(F)cc2C(F)(F)F)C1,0.3402694
ZINC_250K_4079,CC(C)N(C)C(=O)C1CCN(C(=O)c2cn(C)nc2-c2ccccc2)CC1,0.34026936
ZINC_250K_8153,c1ccc2sc(-c3cc(NCCN4CCOCC4)nc4ccccc34)nc2c1,0.34026927
ZINC_250K_71,COc1ccc([C@@H](NC(=O)Nc2cc(C)ccc2Cl)C2CCOCC2)cc1,0.34026927
ZINC_250K_642,COc1ccccc1N1C[C@@H](C(=O)NN2C(=O)NC3(CCCCC3)C2=O)CC1=O,0.34026927
ZINC_250K_5442,O=C(NCCc1nc2ccccc2[nH]1)NC[C@@H]1CCN(c2ccccc2)C1,0.34026927
ZINC_250K_8053,CNc1ccc([C@H]2CN(Cc3ccc(OC)cc3)CCO2)nc1,0.3402692
ZINC_250K_7114,COC[C@@H](C)NC(=O)C[NH+]1CCc2nc(-c3cccc(OC)c3)sc2C1,0.3402692
ZINC_250K_7844,Cc1ccc(Cl)cc1NC(=O)N1CC[C@@H](N(C)C(=O)OC(C)(C)C)C1,0.34026915
ZINC_250K_4886,C[C@H](Oc1ccc(F)cc1)C(=O)Nc1nc(-c2ccc(S(=O)(=O)N3CCCC3)cc2)cs1,0.34026915
ZINC_250K_4043,Cc1nn([C@H]2CCS(=O)(=O)C2)c(C)c1C(=O)NCc1cccc(Cl)c1,0.34026915
ZINC_250K_7324,C[C@]1(CCc2ccccc2)NC(=O)N(NC(=O)CN2CC[NH+]([C@H]3CCS(=O)(=O)C3)CC2)C1=O,0.34026915
ZINC_250K_4165,CCc1cnc(CCNC(=O)NCc2ccc(OC)c(F)c2)s1,0.3402691
ZINC_250K_6537,COC[C@H](C)N1C(=O)c2ccc(C(=O)Nc3ccc(Cl)cc3C)cc2C1=O,0.34026903
ZINC_250K_10172,Cc1nn(-c2ccc(F)cc2)c2sc(C(=O)N[C@H]3CCCNC3=O)cc12,0.340269
ZINC_250K_9781,Cc1ccc(C(=O)NCc2ccc(C(N)=O)o2)cc1S(=O)(=O)N1CCCCC1,0.34026897
ZINC_250K_6184,O=C(Nc1ccc2[nH]ncc2c1)C(=O)N1CCC[C@@H](c2ccccc2)CC1,0.34026894
ZINC_250K_6930,CC(=O)N[C@H](CC(C)C)c1nnc2n1CC[NH+](Cc1ccc(-c3ccc(Cl)cc3)o1)CC2,0.3402689
ZINC_250K_4190,COc1ccc(-c2cc(C(=O)NCC3CCOCC3)on2)cc1,0.34026882
ZINC_250K_6272,CN(Cc1ccc(OCc2ccc(Cl)cc2)cc1)C(=O)Cc1n[nH]c(=O)c2ccccc12,0.3402688
ZINC_250K_5506,CCc1ccc(-c2ccc3nnc(SCC(=O)Nc4cccc(F)c4)n3n2)cc1,0.34026876
ZINC_250K_3799,O=C(CSc1nc2c([nH]c3ccccc32)c(=O)n1-c1ccccc1)Nc1ccc2c(c1)OCO2,0.34026876
ZINC_250K_4403,CN(C[C@@H]1CC[NH+](C)C1)C(=O)NCc1ccnc(OCC(F)F)c1,0.34026867
ZINC_250K_470,COc1ccc(S(=O)(=O)Nc2ccccc2-n2nc(C)cc2C)cc1NC(C)=O,0.34026867
ZINC_250K_10093,CCOC(=O)c1ccc(Nc2ncnc(N3CCCCC3)c2[N+](=O)[O-])cc1,0.34026828
ZINC_250K_8471,O=C(NCc1ccc2c(c1)OCO2)C1=NN=N[C@@H]1Nc1cccc(Cl)c1,0.34026828
ZINC_250K_4628,COC(=O)C1=C(N)Oc2cc(C)n(Cc3ccccc3)c(=O)c2[C@@H]1c1cccc(Cl)c1,0.34026822
ZINC_250K_9751,COc1ccccc1NC(=O)C12C[C@H]3C[C@@H](C1)CC(n1cncn1)(C3)C2,0.34026802
ZINC_250K_4766,C[C@H]1Cc2cc(C(=O)C3=C([O-])C(=O)N(CCN4CCOCC4)[C@H]3c3ccco3)ccc2O1,0.340268
ZINC_250K_3343,O=C(Nc1cccc(OC[C@H]2CCCO2)c1)N1CCC[C@@H](CO)C1,0.340268
ZINC_250K_9812,CC(=O)c1cc2c(cc1NC(=O)C[NH+]1CCN(Cc3nc4ccccc4s3)CC1)OCO2,0.34026796
ZINC_250K_9233,CC[C@H](C)C(=O)Nc1cccc(CNC(=O)c2cc([N+](=O)[O-])ccc2Cl)c1,0.34026772
ZINC_250K_3491,CCCCNC(=O)[C@@H]1CC[C@H](C)N(C(=O)c2cnn(CC)c2)C1,0.34026772
ZINC_250K_10054,O=C(C[C@H](O)c1cccc(F)c1)N[C@H]1CCN(c2cccc(Cl)c2)C1,0.34026766
ZINC_250K_9516,O=C1COc2cc(NC(=O)N3CC[C@@H]3c3ccccc3)c(Cl)cc2N1,0.34026763
ZINC_250K_7589,Cc1csc(NC(=O)c2cc(S(=O)(=O)N3CCCC[C@H]3C)ccc2C)n1,0.34026757
ZINC_250K_254,Cc1c(C(=O)N2CCCC2)oc2c1-c1nn(CC(=O)N3C[C@H](C)C[C@H](C)C3)cc1CC2,0.3402675
ZINC_250K_3608,Cc1noc(C)c1[C@@H](C)NC(=O)N[C@@H]1CCN(c2cccc(Cl)c2)C1,0.34026748
ZINC_250K_4241,COc1ccc(CNC(=O)CNC(=O)[C@]2(C)CN(S(C)(=O)=O)CC(=O)N2C)cc1,0.34026745
ZINC_250K_2525,Cc1ccc(NC(=O)NCc2cccc(Cn3cncn3)c2)cc1C(N)=O,0.34026745
ZINC_250K_4421,O=C(NC[C@@H]1CCCO1)[C@@H]1CCCN(c2ccc(=O)n(-c3ccc(F)cc3)n2)C1,0.3402674
ZINC_250K_4367,O=C(NCCCO[C@@H]1CCOC1)N[C@H]1C[C@@H]2CCCc3cccc1c32,0.3402674
ZINC_250K_5645,O=C(NCCSc1c[nH]c2ccccc12)c1cnn2c1OCCC2,0.34026736
ZINC_250K_8255,O=C(Nc1c[nH]nc1-c1ccccn1)N1CC[C@H](CO)C1,0.34026733
ZINC_250K_4729,CN(C(=O)CSc1nnc(-c2ccccc2Cl)o1)[C@@H]1CCCc2ccccc21,0.34026727
ZINC_250K_6888,CCNC(=O)[C@@H]1C[C@H](NC(=O)c2cnc3c(c2)CCCC3)CN1CC,0.34026724
ZINC_250K_8507,O=C(C[C@@H]1C(=O)N(c2ccc(Cl)cc2)C(=O)N1Cc1cccnc1)Nc1ccccc1,0.3402672
ZINC_250K_9642,CC[C@H](C)NS(=O)(=O)c1ccc(NC(=O)C2CCN(C(=O)c3cccs3)CC2)cc1,0.340267
ZINC_250K_8203,C=CC[NH+]1CCCN(C(=O)c2ccc(COc3ccc4ccccc4c3)o2)CC1,0.3402669
ZINC_250K_7659,C[C@H](NC(=O)N1CCCN(c2ncccc2C#N)CC1)C(C)(C)C[NH+](C)C,0.3402669
ZINC_250K_800,N#Cc1ccc(NC(=O)[C@@H]2CSCN2C(=O)c2cn(Cc3ccccc3)c3ccccc23)cc1,0.34026688
ZINC_250K_152,COc1ccccc1NC(=O)[C@@H]1CCCN(C(=O)Nc2cccs2)C1,0.34026685
ZINC_250K_7692,CC1=N[C@@H](C(=O)N2CCC(CC(=O)NCc3ccco3)CC2)C(C)=C1C,0.34026673
ZINC_250K_5024,Cc1cc(=O)oc2c3c(cc(OCC(=O)N4CCN(c5ccccc5)CC4)c12)OC(C)(C)CC3,0.34026664
ZINC_250K_1244,O=C(NC[C@@H]1CCC[NH+](CC2=c3ccccc3=[NH+]C2)C1)[C@H]1NN=C2C=CC=C[C@H]21,0.34026656
ZINC_250K_3489,C[C@H](Nc1cccc(CN2CCCCC2=O)c1)C(=O)Nc1cccc([N+](=O)[O-])c1,0.34026653
ZINC_250K_1308,COc1ccccc1[C@H]1CCCN1C(=O)Nc1ccc(C(=O)NCC(C)C)cc1,0.3402665
ZINC_250K_8260,COc1ccccc1[C@@H]1CCCN1C(=O)Nc1ccc(C(=O)NCC(C)C)cc1,0.3402665
ZINC_250K_5733,Cc1cc([N+](=O)[O-])ccc1N1C(=O)[C@H]2[C@H]3CCC[NH+]3[C@@]3(C(=O)Nc4ccc(F)cc43)[C@@H]2C1=O,0.34026644
ZINC_250K_40,O=[N+]([O-])c1c(Nc2cccc3ncccc23)ncnc1N1CCN(c2cccc(Cl)c2)CC1,0.34026638
ZINC_250K_4142,CC(C)c1cc(Br)ccc1OCC(=O)Nc1ccc(C(=O)N2CCOCC2)cc1,0.34026635
ZINC_250K_6591,CCNC(=O)N1CC[C@H]([NH2+][C@@H](C)c2cccc(OCc3ccccc3)c2)C1,0.34026632
ZINC_250K_6395,CC(C)[C@H](NC(=O)[C@@H]1CC2=c3ccccc3=[NH+][C@@H]2[C@H]2c3ccccc3C(=O)N21)C(=O)NC1CCCC1,0.3402663
ZINC_250K_2983,C[C@H]1CCCN(C(=O)c2cnn3c(C(F)(F)F)cc(-c4ccco4)nc23)C1,0.34026626
ZINC_250K_7833,O=C(CCC1CCCCC1)Nc1ccc(S(=O)(=O)N2C[C@H]3C[C@@H](C2)c2cccc(=O)n2C3)cc1,0.34026626
ZINC_250K_10266,CCN(CC)C(=O)CSc1nc2sc3c(c2c(=O)n1Cc1ccco1)CCCC3,0.3402662
ZINC_250K_5333,C=C(C)COc1ccc2c(C)c(CC(=O)NCc3ccc4c(c3)OCO4)c(=O)oc2c1,0.34026614
ZINC_250K_2100,Cc1occc1C(=O)NC1CCN(C(=O)C(=O)Nc2ccc(F)cc2F)CC1,0.3402661
ZINC_250K_7735,COc1ccc(CNC(=O)N2C[C@@H]3CCCC[C@]32c2ccccc2)cc1OC,0.34026608
ZINC_250K_7409,O=C(CCCn1cnc2ccccc2c1=O)Nc1nnc([C@H]2CCCO2)s1,0.3402659
ZINC_250K_3691,COc1ccc(N2CCN(C(=O)CCc3n[nH]c(C)n3)CC2=O)cc1,0.34026578
ZINC_250K_4332,Cc1cc(C)cc(-n2ncc3c2CCC[C@@H]3NC(=O)C[NH+](C)Cc2cccnc2)c1,0.34026578
ZINC_250K_6652,CC(C)(C)OC(=O)N1CC(=CC(=O)NCCc2c[nH]c3cc(F)ccc23)C1,0.34026575
ZINC_250K_1233,CC[C@@H]1Oc2ccc(NC(=O)OCc3ccccc3)cc2CN([C@H](C)CC)C1=O,0.34026554
ZINC_250K_1362,CC1CCN(c2ccc([N+](=O)[O-])cc2C(=O)NCc2ccc3c(c2)OCCO3)CC1,0.3402655
ZINC_250K_9983,CC(C)Nc1cccc(CNC(=O)N(C)CCN2CCOCC2)c1,0.3402655
ZINC_250K_10023,CN(C1CCCCC1)S(=O)(=O)c1ccc(NC(=O)[C@H]2CCCN2C(=O)c2cccs2)cc1,0.3402654
ZINC_250K_3055,Cc1c(C(=O)[C@H](C)Oc2ccccc2Cl)c([O-])n(C[C@H]2CCCO2)c(=O)c1C#N,0.3402654
ZINC_250K_7885,Cc1ccc(NC(=O)CSc2nnc(C3CC3)n2Cc2ccccc2)cc1C,0.3402654
ZINC_250K_6023,CCC[C@@H]1CCCN(C(=O)NCC(=O)Nc2ccc(OCC)cc2)CC1,0.34026515
ZINC_250K_1980,COc1cc2c3cnn(CN4CCN(c5ccccc5OC)CC4)c(=O)c3n(C)c2cc1OC,0.34026513
ZINC_250K_442,COc1ccc(N2/C(=N/C(=O)CCCC(=O)[O-])S[C@@H]3CS(=O)(=O)C[C@H]32)cc1Cl,0.34026504
ZINC_250K_7009,CCc1ccccc1NC(=O)CCC(=O)N1CCC[C@H]1c1ccc(C(N)=O)s1,0.34026504
ZINC_250K_8536,Cc1ccc(CN2CCNC(=O)[C@H]2CC(=O)N(C)CCC2CCOCC2)o1,0.34026498
ZINC_250K_898,CCOC(=O)COc1ccccc1/C=C1/C(=O)NC(=O)N(c2ccc3c(c2)OCO3)C1=O,0.34026486
ZINC_250K_8769,COc1ccccc1[C@H]1CC(=O)N=C(SCC(=O)Nc2nccs2)[C@H]1C#N,0.3402647
ZINC_250K_9570,CCCOc1ccc(N2C(=O)C[C@@H](NNc3nc4ccccc4s3)C2=O)cc1,0.3402647
ZINC_250K_5878,O=C(NCc1nnc2n1CCCCC2)c1cncn1-c1ccc(F)cc1,0.34026465
ZINC_250K_6994,O=C(Nc1ccnn1Cc1ccccn1)N[C@H]1C[C@H]1c1cccc(Cl)c1,0.34026465
ZINC_250K_7574,CN(C(=O)NCc1ccc(Cl)nc1)[C@H]1CCN(c2ccccc2)C1=O,0.34026462
ZINC_250K_9712,CCOC(=O)c1c(NC(=O)c2ccccc2C)sc(C(=O)N2CCOCC2)c1C,0.3402646
ZINC_250K_7236,CCOC(=O)N1CCc2c(sc(NC(=O)[C@@H]3Oc4ccccc4O[C@H]3C)c2C(=O)OC)C1,0.34026453
ZINC_250K_8827,COc1ccc(NC(=O)N2CCC[C@H]2C(=O)NCCc2ccccc2)cc1,0.3402645
ZINC_250K_173,COCCCN1C(=O)c2ccc(C(=O)Nc3nc(-c4ccc(C)cc4)cs3)cc2C1=O,0.34026444
ZINC_250K_7153,O=C(C1CC1)N1CCc2ccc(NS(=O)(=O)c3ccc(F)c(Cl)c3)cc2C1,0.3402644
ZINC_250K_5452,CCOC(=O)c1cnn([C@@H]2CCCN(C(=O)[C@@H](C)[NH+]3[C@H](C)CC[C@@H]3C)C2)c1,0.34026435
ZINC_250K_6566,CCCNC(=O)[C@@H]1CCCN(C(=O)Nc2cncc3ccccc23)C1,0.3402642
ZINC_250K_5964,O=C(C[C@@H]1SC(CC(=O)N2CCOCC2)=NC1=O)Nc1ccc(Oc2ccccc2)cc1,0.34026417
ZINC_250K_4385,COc1ccc(S(=O)(=O)N(C)C)cc1NC(=O)c1ccc(-c2ccc(Cl)cc2)s1,0.34026414
ZINC_250K_9413,CCc1nc(CCNC(=O)N2CC[C@H](Cc3cnn(C)c3)C2)cs1,0.34026414
ZINC_250K_8124,C[NH+](C)C[C@H](Cc1ccccc1)NC(=O)NC[C@H]1CN2CCCC[C@@H]2CO1,0.34026408
ZINC_250K_847,CC(C)CN1CCO[C@@H](CNC(=O)/C=C/c2ccnc(Cl)c2)C1,0.34026408
ZINC_250K_8481,CCOC(=O)C1CCN(C(=O)c2c(-c3ccccc3)nnc3ccc(C)cc23)CC1,0.34026402
ZINC_250K_3953,Cc1cc(NC(=O)N2CCN(Cc3ccc(-c4cccc(F)c4)s3)CC2)no1,0.34026396
ZINC_250K_3090,O=C(NCCS(=O)(=O)N1CCN(c2ccccc2F)CC1)c1cccc2ccccc12,0.3402639
ZINC_250K_9723,Cc1c(Cl)cccc1NC(=O)Cn1nnc(C(=O)Nc2cc(Cl)cc(Cl)c2)c1C,0.3402639
ZINC_250K_9594,Cc1cc(N2CCN(Cc3cc(=O)oc4cc(O)ccc34)CC2)nc(C(C)C)[nH+]1,0.34026387
ZINC_250K_6090,O=C(Nc1cccc(Cl)c1)C1CCN(S(=O)(=O)c2ccc(Cl)c(C(F)(F)F)c2)CC1,0.34026387
ZINC_250K_3235,C[C@@H]1CCc2c(sc3ncn(CC(=O)N[C@H](C)c4ccco4)c(=O)c23)C1,0.34026378
ZINC_250K_9522,O=C(NC[C@@H]1CCCO1)c1cc2ccc(O)cc2o/c1=[NH+]\c1ccccc1Cl,0.34026378
ZINC_250K_3745,O=C(Cc1cccc(F)c1)NCC(=O)N1CCCCC[C@@H]1c1ccncc1,0.34026375
ZINC_250K_4808,CCCc1nnc2sc(-c3cccc(NC(=O)c4cc(OC)cc(OC)c4)c3)nn12,0.3402637
ZINC_250K_7790,CCN(CC(=O)Nc1cccc(OC)c1)C(=O)c1cc(C)nc2ccccc12,0.3402637
ZINC_250K_1727,C[C@@H]1C[C@H]1C(=O)N1CCC(O)(Cn2cnc3cc(Cl)ccc3c2=O)CC1,0.34026358
ZINC_250K_4316,COc1ccc(C)cc1NC(=O)[C@@H](C)SCc1nc2sc(C)c(C)c2c(=O)[nH]1,0.34026352
ZINC_250K_2300,Cc1n[nH]c(-c2cccc(CNC(=O)Cc3cccc(OC(C)C)c3)c2)n1,0.34026343
ZINC_250K_8489,COc1ccc(-n2nc3ccc(NC(=O)c4ccc5c(c4)OCO5)cc3n2)cc1Cl,0.34026343
ZINC_250K_6940,O=C1Nc2cc(S(=O)(=O)NC3CCCCCCC3)ccc2S[C@@H]1C(=O)N1CCCCCC1,0.34026337
ZINC_250K_10238,COC(=O)c1cccc(NC(=O)C2CCN(C(=O)c3ccc(OC)c4ccccc34)CC2)c1,0.3402633
ZINC_250K_6401,O=C(Cn1cnc2c([nH]c3ccccc32)c1=O)NCc1cccc(Cl)c1,0.3402633
ZINC_250K_3607,COc1ccc(Cl)cc1COC(=O)c1ccc(C)c(NC(=O)c2ccco2)c1,0.3402632
ZINC_250K_4444,C[C@@H](C(=O)NCCC1=CCCCC1)n1nc(-c2ccc(F)cc2)ccc1=O,0.34026316
ZINC_250K_8149,COCCN1C(=O)C[C@](CC(=O)N2CCC[C@@H](C(C)=O)C2)(c2ccccc2F)C1=O,0.34026316
ZINC_250K_5477,CC(C)(C)c1cc2n(n1)C[C@@](C)(C(=O)NCc1ccccc1)N(c1ccc(F)cc1)C2=O,0.3402631
ZINC_250K_2045,Cc1nccc(C(=O)N2CCC[C@@H](c3cc(C(F)(F)F)[nH]n3)C2)n1,0.3402631
ZINC_250K_7403,N#CC1=C(NC(=O)c2ccc(N3CCCC3)c([N+](=O)[O-])c2)S[C@@H]2CCC[C@H]12,0.3402631
ZINC_250K_7399,CC(=O)C1=C(C)[C@H](C(=O)N2CC[C@@]3(CCC[NH+](Cc4ccc(F)c(F)c4)C3)C2)C(C)=N1,0.34026307
ZINC_250K_4392,C[C@@H](OC(=O)[C@@H]1CSC2(CCCC2)C(=O)N1)C(=O)NCc1ccccc1Cl,0.340263
ZINC_250K_1949,CCC(CC)C(=O)N1CCC(NC(=O)Nc2ccc(OC)cc2Cl)CC1,0.34026298
ZINC_250K_3538,O=C(c1cc2n(n1)CCN(Cc1coc3ccccc3c1=O)C2)N1CCCC1,0.34026292
ZINC_250K_3,CCOC(=O)[C@@H]1CCCN(C(=O)c2nc(-c3ccc(C)cc3)n3c2CCCCC3)C1,0.34026283
ZINC_250K_5895,O=C(C[NH+]1CCC[C@@H](c2cccc(Cc3ccccc3F)n2)C1)N1CCOCC1,0.34026277
ZINC_250K_5779,O=C(NCC(F)(F)F)[C@@H]1CCCN(C(=O)c2cccc3cc[nH]c23)C1,0.34026277
ZINC_250K_3454,CCc1nn2c(=O)cc(COc3ccc(NC(=O)c4ccccc4F)cc3)nc2s1,0.34026274
ZINC_250K_8387,CCOc1ccc(NC(=O)Cn2cnc(C#N)n2)c([N+](=O)[O-])c1,0.34026274
ZINC_250K_8298,CCOC(=O)C1(C)CCN(C(=O)NCc2cccc([N+]3=CCCC3)c2)CC1,0.34026274
ZINC_250K_874,CC(C)c1ccc2c(c1)[C@]1(CC(O)=Nc3c1cnn3Cc1ccccc1Cl)C(=O)N2C,0.34026265
ZINC_250K_7592,Cc1sc2nc(CN3CCC[C@@H](C(=O)NCC4CC4)C3)nc(N)c2c1C,0.34026256
ZINC_250K_1744,Cc1ccc(N2C[C@@H](C(=O)NCc3nnc(C)n3C)CCC2=O)cc1C,0.34026247
ZINC_250K_6379,CN(C)c1ccc(S(=O)(=O)N2CCCCC2)cc1NCc1cc2ccccc2nc1Cl,0.34026244
ZINC_250K_6866,CCCc1nnsc1C(=O)N1CCN(c2ccccc2OC)C[C@@H]1C,0.34026226
ZINC_250K_3571,COc1ccc(Cl)cc1N(CC(=O)NN=C1CCN(C)CC1)S(=O)(=O)c1ccc(C)cc1,0.3402622
ZINC_250K_8037,Cc1ncc(C[NH+]2CCC[C@@H](C(=O)Nc3ccc(-c4ccco4)cc3)C2)s1,0.3402621
ZINC_250K_5988,COc1ccc(-c2nnc3sc(NC(=O)COc4cc(C)cc(C)c4)nn23)cc1OC,0.34026176
ZINC_250K_6330,CCc1nn2c(c1-c1ccc(Cl)cc1)NC(=O)[C@@H]2CC(=O)NCCc1ccccc1,0.34026173
ZINC_250K_5989,COC(=O)C1=C(N)Oc2cc(C)n(CCc3ccccc3)c(=O)c2[C@H]1c1cccc([N+](=O)[O-])c1,0.34026167
ZINC_250K_2509,CCc1ccc(Oc2nc3c(C)cccn3c(=O)c2/C=C(\C#N)C(=O)NCc2ccccc2)cc1,0.34026155
ZINC_250K_4353,O=C(c1cc(COc2ccc(-n3cncn3)cc2)on1)N1CC[NH+]2CCC[C@H]2C1,0.3402615
ZINC_250K_475,CCCCc1nnc(NC(=O)C2CCN(S(=O)(=O)c3ccc(C)cc3)CC2)s1,0.34026143
ZINC_250K_268,CCOC(=O)[C@H]1CCCN(C(=O)c2cn(CCc3ccccc3)nn2)C1,0.34026143
ZINC_250K_8052,Cc1c2c(cc3c1O/C(=C\c1ccccc1Cl)C3=O)CN(Cc1cccnc1)CO2,0.34026137
ZINC_250K_10242,CCOC(=O)c1cnn([C@H]2CCCN(C(=O)c3cc[nH]n3)C2)c1,0.34026122
ZINC_250K_21,Cc1nc2c(c(Nc3ncc(C)s3)n1)CCN(C(=O)CCc1ccccc1)C2,0.3402611
ZINC_250K_6592,Cc1[nH]c2nc(N(Cc3ccc(Cl)cc3)C(=O)c3ccccc3Cl)nn2c(=O)c1C,0.34026098
ZINC_250K_10213,COc1ccc(C(=O)Nc2sc3c(c2C(=O)OC(C)C)CC[C@@H](C)C3)cc1OC,0.34026098
ZINC_250K_8318,COCc1cccc(C(=O)NC[C@@H]2COc3cc(OC)ccc3C2)n1,0.34026095
ZINC_250K_8063,O=C(CN1C(=O)[C@@H](C(=O)N2CCCCCC2)Sc2ccccc21)Nc1cccc(C(F)(F)F)c1,0.34026083
ZINC_250K_652,CNC(=O)[C@@H]1CCCN(C(=O)Nc2nn(-c3ccccc3Cl)cc2C)C1,0.34026077
ZINC_250K_1778,CCCNC(=O)[C@@H]1CCCN(C(=O)c2c[nH]c3cccc(F)c23)C1,0.3402607
ZINC_250K_6324,CCCN(Cc1nc2cc(Cl)ccc2c(=O)[nH]1)C(=O)c1ccc(COC)cc1,0.3402607
ZINC_250K_3078,CCc1cc(C(=O)NCc2cc3n(n2)CCCN(S(C)(=O)=O)C3)on1,0.3402607
ZINC_250K_1985,Cc1cccc2cc(C[NH+]3CCC[C@H]3C(N)=O)c(-c3cccc(Cl)c3)nc12,0.34026065
ZINC_250K_328,COCCOc1c(Cl)cccc1NC(=O)Cc1c[nH]c2ccccc12,0.34026065
ZINC_250K_5085,Cc1nn(-c2nc3ccccc3[nH]2)c2c1[C@@H](c1cc(Br)ccc1F)CC(=O)N2,0.34026065
ZINC_250K_5358,Cc1ccc(CCNC(=O)N[C@H]2c3cccc(F)c3CC[C@H]2C)cn1,0.34026065
ZINC_250K_6093,COc1ccccc1N1CC[C@H](CNC(=O)C(C)(C)CC(C)C)C1,0.3402606
ZINC_250K_8050,CCOC(=O)CCNC(=O)N1CCCC[C@H]1c1cccc(OC)c1,0.34026054
ZINC_250K_4814,Cc1cccc(-c2nnc(NC(=O)c3ccc(S(=O)(=O)N4CCC[C@H](C)C4)cc3)o2)c1,0.34026054
ZINC_250K_8859,Cc1ccccc1NC(=O)Cn1c(=O)oc2cc(S(=O)(=O)N3C[C@H](C)C[C@@H](C)C3)ccc21,0.34026054
ZINC_250K_193,C[C@@H](NC(=O)NC[C@H]1CCCN(c2ncccn2)C1)C1CCOCC1,0.3402605
ZINC_250K_2232,CCOc1ccc(NC(=O)C(=O)NC2CC[NH+](Cc3ccccn3)CC2)c(C)c1,0.34026036
ZINC_250K_1464,Cn1c(Cn2ccnc2)nnc1[C@@H]1CCCN(C(=O)CCc2cccs2)C1,0.34026027
ZINC_250K_5799,O=C(NCCc1cscn1)[C@H]1CSCN1C(=O)c1cccc(F)c1,0.34026024
ZINC_250K_8758,CC(=O)N1c2ccc(S(=O)(=O)N3CCCC3)cc2C[C@H]1C(=O)NCC[NH+](C)C1CCCCC1,0.34026018
ZINC_250K_8976,C[C@H](c1ccccc1)N1C[C@@H](C(=O)Nc2ccc(F)cc2Cl)CC1=O,0.3402601
ZINC_250K_7751,C[C@@H]1C[C@@H](C)C[NH+](C[C@@H](C)NC(=O)c2ccc(-n3ccnc3)c([N+](=O)[O-])c2)C1,0.34025994
ZINC_250K_2842,COc1cc(OC)c(NC(=O)Nc2c(-c3cccnc3)[nH]c3ccccc23)cc1Cl,0.3402599
ZINC_250K_2131,O=C(N[C@H]1CC(=O)N(c2cccc(F)c2)C1)c1cc2ccccc2oc1=O,0.34025982
ZINC_250K_7254,CCOCc1cccc(NC(=O)[C@@H]2COc3ccc(F)cc3C2)c1,0.34025982
ZINC_250K_1010,COc1ccc2c(c1)CCN(C(=O)[C@H](C)n1nc(-c3ccccc3)ccc1=O)C2,0.3402598
ZINC_250K_1656,Cc1ccc(N2C[C@@H](C(=O)Nc3nnc(-c4sc(C)nc4C)o3)CC2=O)cc1,0.3402598
ZINC_250K_7587,CCn1ccc(C(=O)N2C[C@@H](c3cc(F)cc(F)c3)[C@@]3(CCCCC(=O)N3)C2)n1,0.3402598
ZINC_250K_1198,Cc1ccc2nc(NC(=O)c3ccc(N4CCCC4)c([N+](=O)[O-])c3)sc2c1,0.34025973
ZINC_250K_2897,Cc1nn(-c2ccc(F)cc2F)c(C)c1[C@@H]1NC(=O)[C@@H]2COCCN21,0.34025955
ZINC_250K_6567,CCC(CC)[C@H]1CCN(C(=O)C(=O)Nc2cc(C(=O)N(C)C)ccc2F)C1,0.34025955
ZINC_250K_365,CC[C@H](Sc1cc(C)c2cccc(C)c2n1)C(=O)Nc1nc2ccc(S(N)(=O)=O)cc2s1,0.34025955
ZINC_250K_5122,COc1ccc(S[C@@H](C)C(=O)Nc2ccc3c(c2)CCC(=O)N3)cc1,0.34025943
ZINC_250K_4063,COc1ccc([C@H]2C[C@@H](C(F)(F)F)n3nc(C(=O)NCc4cccs4)cc3N2)cc1OC,0.3402594
ZINC_250K_6223,COc1cc(/C=C/C(=O)N2C[C@H](C)OC[C@H]2C)ccc1OCC#N,0.34025934
ZINC_250K_3512,NC(=O)c1nc(-c2ccc3c(c2)OCCO3)nc2c1n(Cc1ccccc1)c(=O)n2-c1ccc(F)cc1,0.34025934
ZINC_250K_1513,Cc1nnc(Cc2ccc(NC(=O)c3ccc(N4CCOCC4)cc3)cc2)o1,0.34025928
ZINC_250K_7310,CCS(=O)(=O)c1ccc(Cl)cc1NC(=O)CCc1nc(-c2cccnc2)no1,0.34025928
ZINC_250K_773,Cn1nc(NC(=O)c2cccc(F)c2)c2c1NC(=O)C[C@@H]2c1ccccc1,0.34025884
ZINC_250K_2977,O=C(COc1ccc(F)cc1)N1CCC[C@@H](c2nnc(-c3ccsc3)o2)C1,0.34025878
ZINC_250K_3444,Cc1ccc(S(=O)(=O)N2CCCC[C@@H]2CCNC(=O)Cc2ccc(Cl)cc2)cc1,0.34025878
ZINC_250K_1947,CN(C(=O)c1cccc(S(=O)(=O)N(C)C)c1)[C@]1(c2ccccc2Cl)CCCCC1=O,0.34025866
ZINC_250K_7834,Cc1n[nH]c(-c2cccc(CNC(=O)CC3CCC3)c2)n1,0.34025866
ZINC_250K_6958,Cc1ccc([C@H]2C(C(=O)c3c(C)nc4c(C)cccn34)=C([O-])C(=O)N2CCN2CCOCC2)cc1,0.34025863
ZINC_250K_4199,C[C@H]1CC(C(=O)NCCC[NH+]2CCN(c3cccc(Cl)c3)CC2)C[C@H](C)O1,0.34025863
ZINC_250K_6533,COc1cc([C@H]2c3c(oc4ccccc4c3=O)C(=O)N2c2nnc(C)s2)ccc1OCCC(C)C,0.34025857
ZINC_250K_8150,Cc1ccc(S(=O)(=O)N2CC(=O)N(c3ccccc3C)[C@@](C)(C(=O)NC3CCCCC3)C2)cc1,0.34025845
ZINC_250K_5262,CC[C@H]1CCCCN1C(=O)Cn1cccc1-c1nc(-c2cccc(Cl)c2)no1,0.34025845
ZINC_250K_6351,O=C(COc1ccc2ccc(=O)oc2c1)NCCc1c[nH]c2ccc(Cl)cc12,0.34025845
ZINC_250K_9353,O=C(CCNc1ccc(C(F)(F)F)cc1[N+](=O)[O-])NN1C(=O)NC2(CCCCC2)C1=O,0.34025845
ZINC_250K_10395,CC(=O)NCC(=O)N1CCC(Cc2nn(C)cc2C(=O)Nc2nccs2)CC1,0.3402583
ZINC_250K_2629,COc1ccc(Cl)c(NC(=O)NCc2cn3ccsc3n2)c1,0.34025824
ZINC_250K_3885,Cc1ccc(NC(=O)c2c(C)nc3sc(C(=O)N4CCCC4)c(N)c3c2-c2ccc(C)o2)c(C)c1,0.34025806
ZINC_250K_722,COc1ccc([C@@H]2C(C#N)=C(N)Oc3cc(C)n(CCN4CCOCC4)c(=O)c32)cc1OC,0.34025806
ZINC_250K_7174,CCc1ccc(N(CC(=O)Nc2ccccc2C(=O)N2CCOCC2)S(C)(=O)=O)cc1,0.34025806
ZINC_250K_4878,COc1ccc2c(c1)CCC/C2=N\OCC(=O)NCc1ccco1,0.34025773
ZINC_250K_6064,CC[C@@H](C)NS(=O)(=O)Cc1cccc(NC(=O)[C@H]2CCOC2)c1,0.3402576
ZINC_250K_7044,Cc1[nH]c2ccccc2c1[C@@H]1c2ccccc2C(=O)N1CC(=O)NCCC(C)C,0.34025756
ZINC_250K_5669,Cc1cccc(C[NH+]2CCC(CNC(=O)[C@@H]3C=C4C(=O)[NH+]=c5ccccc5=C4N3C)CC2)c1,0.34025756
ZINC_250K_7865,COCc1ccc(OC)c(CN2CCc3nc([C@@H]4CCCC[NH+]4C)ncc3C2)c1,0.34025753
ZINC_250K_7438,COc1ccc(C(=O)C2=C([O-])C(=O)N(CCc3c[nH]c4ccccc34)[C@@H]2c2ccc(F)cc2)cc1,0.34025753
ZINC_250K_8627,CN(CCC1(O)CCCC1)C(=O)[C@H]1CCC(=O)N(Cc2ccccc2F)C1,0.34025738
ZINC_250K_4039,O=C(N[C@@H]1CCCc2ccccc21)[C@@H]1CCCN1S(=O)(=O)c1ccccc1C(F)(F)F,0.34025708
ZINC_250K_3830,O=C(NCCCN1C(=O)NC2(CCCC2)C1=O)Nc1cccc(CN2CCOC2=O)c1,0.34025708
ZINC_250K_8970,CC(C)N(Cc1nnc(-c2ccccc2)o1)C(=O)c1csc(-c2ccc(Cl)cc2)n1,0.34025708
ZINC_250K_2926,O=C(/C=C/c1cn(-c2ccccc2)nc1-c1ccc(F)cc1)NCCN1CCCS1(=O)=O,0.34025705
ZINC_250K_539,COc1ccccc1CNC(=O)c1cc2sccc2n1Cc1cccc(F)c1,0.34025696
ZINC_250K_5180,CC1=C(C(=O)OC[C@@H]2CCCO2)[C@H](c2ccccc2[N+](=O)[O-])n2c(nc3ccccc32)N1,0.34025696
ZINC_250K_2117,O=C(NCCNC(=O)c1ccco1)Nc1cnn(C[C@@H]2CCCO2)c1,0.34025684
ZINC_250K_3388,CCOc1ccc(NC(=O)c2cccc3c2N[C@H](c2ccccc2C)[C@H]2CC=C[C@H]32)cc1,0.3402568
ZINC_250K_5978,Cc1cnc(C(=O)N2CCN(Cc3cccc(-c4noc(-c5cccnc5)n4)c3)CC2)cn1,0.34025678
ZINC_250K_8938,COc1ccc(CCNC(=O)/C(C#N)=C\C2=Cc3cc(Cl)cc(Cl)c3OC2)cc1OC,0.3402567
ZINC_250K_6327,COc1ccc(C[NH+]2CCc3nnc([C@H](NC(=O)c4ccoc4)C(C)C)n3CC2)c2ccccc12,0.34025663
ZINC_250K_1226,Cc1nc(Nc2ccc(OCC3CCOCC3)cc2)c2cc[nH]c2n1,0.3402565
ZINC_250K_7816,Cn1cc(NC(=O)c2ccccc2S(=O)(=O)N2CCOCC2)cn1,0.34025648
ZINC_250K_2573,COc1cccc(NC(=O)[C@@H]2CCCN(S(=O)(=O)c3ccc(NC(C)=O)cc3)C2)c1,0.34025645
ZINC_250K_3916,Cc1ccc(C(=O)NCCc2nnc3n2CC[NH+](Cc2ccc(C(C)C)cc2)CC3)cc1,0.34025645
ZINC_250K_1255,Cc1nc(C2CCN(C(=O)N[C@H]3CCCN(c4cnn(C)c4)C3)CC2)no1,0.34025642
ZINC_250K_1725,COc1ccccc1-n1cc(C(=O)N2CCc3[nH]c4ccccc4c3C2)cn1,0.34025624
ZINC_250K_7953,C[C@]1(O)Cc2[nH]nc(O)c2[C@H](c2cccc([N+](=O)[O-])c2)[C@@H]1C(=O)OCc1ccccc1,0.34025618
ZINC_250K_8249,COc1ccc(-c2ccc(=O)n(CC3CCN(C(=O)c4ccccc4F)CC3)n2)cc1,0.34025618
ZINC_250K_9768,C[C@H]1CO[C@@H](CO)CN1c1cc(C#N)c2cc(Cl)ccc2n1,0.34025612
ZINC_250K_8032,CCOc1ccccc1[C@@H]1CCC[C@@]2(O)CC[NH+](CC(=O)NCc3ccco3)C[C@H]12,0.34025612
ZINC_250K_448,CN(C[C@@H]1CCCN(C(=O)NCCc2ccc(F)cc2)C1)C(=O)OC(C)(C)C,0.34025607
ZINC_250K_894,COc1ccc(CCCC(=O)Nc2cccc(S(N)(=O)=O)c2)cc1F,0.34025604
ZINC_250K_9815,Cc1nc(C)c(CCC(=O)N[C@H]2C[C@H]3CCCc4cccc2c43)c(=O)[nH]1,0.34025583
ZINC_250K_1404,COc1cccc2cc([C@@H](C)NC(=O)N3CCC(CC[NH+](C)C)CC3)oc12,0.34025577
ZINC_250K_2106,COC(=O)Cn1cc(/C=C2/C(=O)N(c3cccc(F)c3)C(=O)N=C2[O-])c2ccccc21,0.3402557
ZINC_250K_7376,Cc1ccc(NC(=O)CN2C(=O)[C@@H](C(=O)N3CCCCCC3)Sc3ccccc32)c(C)c1,0.3402557
ZINC_250K_1356,Cc1cccc(-c2nc3scc(CCNC(=O)C(=O)Nc4ccccc4Cl)n3n2)c1,0.34025565
ZINC_250K_632,CC[C@H](NC(=O)CN1C(=O)c2ccccc2N2C(=O)CC[C@]12C)c1ccc(C)cc1,0.34025514
ZINC_250K_8856,Cc1ccc(NC(=O)[C@H]2CCCN(S(=O)(=O)c3cn(C(C)C)cn3)C2)c(C)c1,0.34025508
ZINC_250K_4409,C[NH+](C)CCOc1ccc(CNC(=O)[C@@H]2COc3ccc(F)cc3C2)cc1,0.34025508
ZINC_250K_854,COCCn1nc(C)c(NC(=O)N2CC[C@H](Cc3ccccc3)C2)c1C,0.34025502
ZINC_250K_9824,COc1ccc(SCC(=O)N(Cc2ccccn2)c2nc3ccc(F)cc3s2)cc1,0.340255
ZINC_250K_6287,NC(=O)[C@@H]1CCCN(C(=O)/C=C/c2cn(Cc3ccccc3Cl)nc2-c2ccccc2)C1,0.34025487
ZINC_250K_9966,COc1ccc(CC(=O)Nc2ncc(S(=O)(=O)c3ccc([N+](=O)[O-])cc3)s2)cc1C,0.3402548
ZINC_250K_3532,Cc1ccc([C@]2(C)NC(=O)N(CC(=O)Nc3cccc(OC(F)(F)F)c3)C2=O)cc1,0.34025472
ZINC_250K_3788,NC(=O)c1cc(OC2CCN(Cc3nccn3C(F)F)CC2)ccn1,0.34025463
ZINC_250K_6810,O=C(NC[C@H]1CCCO1)c1nnn(-c2ccccc2)c1-c1ccccn1,0.34025463
ZINC_250K_1635,O=C(NCCC[NH+]1CCCC1)c1ccc2c(c1)NC(=O)[C@@H]1CCCCN21,0.34025455
ZINC_250K_3435,COc1cccc(NC(=O)N2CCC(S(=O)(=O)c3ccc(-c4ccco4)cc3)CC2)c1,0.3402545
ZINC_250K_7477,CCOc1ccc2nc(NC(=O)C[NH+]3[C@@H]4CC[C@H]3CC(=O)NC4)sc2c1,0.3402545
ZINC_250K_7112,CC(C)n1nnnc1COc1cccc(C(=O)Nc2ccccc2C(F)(F)F)c1,0.34025437
ZINC_250K_10331,CCOc1cccc(NC(=O)NC[C@@H](c2ccc(F)cc2)N2CCOCC2)c1,0.34025437
ZINC_250K_9744,Cc1ccc(Cn2c([C@H]3CC(=O)N(C4CCCCC4)C3)nc3ccccc32)cc1,0.34025437
ZINC_250K_3665,O=C(Cc1cn2c(nc1=O)SCC2)NCc1ccc(C(=O)Nc2ccccc2)cc1,0.34025416
ZINC_250K_8433,Cc1ccc(N2CCCC2=O)c(C(=O)NCCCc2c(C)noc2C)c1,0.34025407
ZINC_250K_6848,CN(C)C(=O)c1cccc(NC(=O)Cc2ccc(N3CCCC3=O)cc2)c1,0.34025407
ZINC_250K_1246,CC(=O)NCCNC(=O)c1cnn(-c2ccc(C)c(Cl)c2)c1C1CC1,0.34025404
ZINC_250K_1747,CC(C)CN(C(=O)CN1C(=O)[C@@H]2CCCC[C@H]2C1=O)c1c(N)n(Cc2ccccc2)c(=O)[nH]c1=O,0.34025398
ZINC_250K_7342,COc1ccc([C@H]2C(C(=O)c3cc4ccccc4o3)=C([O-])C(=O)N2Cc2ccco2)cc1OC,0.34025398
ZINC_250K_5525,NS(=O)(=O)c1cccc(NC(=O)c2nn(-c3ccc(F)cc3)c3c2CCCC3)c1,0.3402538
ZINC_250K_4155,C[C@@H]1CCN(C(=O)C(=O)Nc2cccc(OC3CCCC3)c2)C[C@H]1O,0.3402538
ZINC_250K_7993,COc1cc(NC(=O)[C@H](CC(C)C)N2C(=O)c3ccccc3C2=O)c(OC)cc1Cl,0.34025377
ZINC_250K_5380,O=C(Nc1ccc(Cl)c(Cl)c1)Nc1nc2c(s1)CN(S(=O)(=O)C1CC1)CC2,0.34025353
ZINC_250K_6711,Cc1cc(=O)[nH]c2cc(NC(=O)[C@H]3CC(=O)N(c4ccccc4)C3)ccc12,0.3402534
ZINC_250K_2074,Cc1cccc(NC(=O)CNC(=O)c2nn(-c3ccccc3Cl)c(C)cc2=O)c1C,0.3402534
ZINC_250K_5778,Cc1ccn2cc(C(=O)NCCc3cc(F)cc4c3OCOC4)nc2c1,0.3402533
ZINC_250K_2843,Cc1ccc2nc3c(cc(C(=O)NCCc4ccccc4)c(N)[n+]3Cc3ccncc3)c(=O)n2c1,0.34025326
ZINC_250K_4261,O=C(Nc1nnc(COc2ccc(Cl)cc2)s1)C1CCN(C(=O)c2cccs2)CC1,0.34025317
ZINC_250K_5460,CCOc1ccc([C@H]2c3c(-c4ccc(C)cc4)n[nH]c3C(=O)N2C[C@H]2CCCO2)cc1,0.34025314
ZINC_250K_8689,CC1(C)[C@@H]2CC[C@@]1(C)C(=O)N(CCC(=O)Nc1nc(-c3ccccc3)cs1)C2=O,0.340253
ZINC_250K_1459,Cc1ccc(NC(=O)Cn2c(=O)oc3cc(S(=O)(=O)N4CCCCC4)ccc32)c(Cl)c1,0.34025294
ZINC_250K_9449,CC[C@@H](NC(=O)Cn1c(CS(C)(=O)=O)nc2ccccc21)c1cccc(Cl)c1,0.34025288
ZINC_250K_299,Cc1ccc(N2CC[C@H](C(=O)NC[C@@H](CC(C)C)N3CCOCC3)C2=O)cc1,0.34025288
ZINC_250K_6868,COc1ccccc1C(=O)N[C@H](C(=O)Nc1cccc(-c2csc(C)n2)c1)C(C)C,0.34025288
ZINC_250K_3688,Cc1ccc(C(=O)NC[C@@H]2CC(=O)N(Cc3ccccc3)C2)cc1[N+](=O)[O-],0.34025282
ZINC_250K_3578,N#C[C@H]1C(=O)Nc2nc(NCc3ccc4c(c3)OCCCO4)[nH]c(=O)c2[C@H]1c1ccc(F)cc1,0.34025282
ZINC_250K_8138,CSCc1nc2ccccc2n1CC(=O)NC[C@H]1CCOC1,0.34025276
ZINC_250K_4531,CCOCC(=O)Nc1ccccc1C(=O)NC[C@H]1CCCO1,0.34025276
ZINC_250K_4549,CCOc1cc(C)ccc1NC(=O)c1[nH]nc(C2CC2)c1Cl,0.34025273
ZINC_250K_7925,O=C(COc1ccc(Cl)cc1Cl)N1CC[C@@H](c2ccccn2)C1,0.3402527
ZINC_250K_7328,COc1cccc(/C(C)=C/C(=O)N2CCC[C@H](CNC(C)=O)C2)c1,0.3402526
ZINC_250K_2113,CN(C)c1ccc(CN(C[C@@H]2CCCO2)C(=O)c2n[nH]c3ccc([N+](=O)[O-])cc23)cc1,0.34025243
ZINC_250K_2902,Cc1ccc(-c2ncc3c(=O)n(CC(=O)Nc4ccc(C(C)C)cc4)c(=O)n(C)c3n2)cc1,0.3402524
ZINC_250K_3533,COc1cccc(/C=C2\Oc3c(CN4CCOCC4)c(O)cc(C)c3C2=O)c1,0.34025204
ZINC_250K_5944,CCCn1c(C)c(C(=O)N(C)Cc2nnc3n2CCC3)c2cc(OC)ccc21,0.34025204
ZINC_250K_9156,O=C(NCCC1=CCCCC1)c1cccc(NC2=N[C@@H]3CS(=O)(=O)C[C@H]3S2)c1,0.34025177
ZINC_250K_5115,CCc1c(C)nc2n(c1=O)C[C@H](C(=O)Nc1ccc(Br)cc1C)CS2,0.3402516
ZINC_250K_8000,CC(C)(C)c1ccccc1NC(=O)CNc1cc2c(cc1Cl)NC(=O)CO2,0.3402516
ZINC_250K_4901,Cc1cc(C)c2nc(C3CC3)cc(C(=O)NCCCC(=O)NC3CC3)c2c1,0.3402516
ZINC_250K_7905,CC(=O)N1CCc2cc(C(=O)N[C@@H](CC(C)C)c3nc4ccccc4[nH]3)ccc21,0.34025154
ZINC_250K_4869,C#CCN(C)C(=O)C[C@@H]1c2nc(NC(=O)C3CCC3)sc2C[C@@H]2[C@](C)(CO)[C@H](O)CC[C@]21C,0.34025127
ZINC_250K_3239,CC1=C(C(=O)OC(C)C)[C@H](c2cccc(NC(=O)Cc3ccc(F)cc3)c2)NC(=O)N1C,0.3402512
ZINC_250K_3521,Cc1nnc(-c2ccc(NC(=O)NCc3ccnc(OC(C)(C)C)c3)cc2)o1,0.34025118
ZINC_250K_7033,COc1ccc(CN(C)C(=O)c2cnc3c(c2)c(=O)n(C)c(=O)n3C)cc1F,0.34025112
ZINC_250K_6309,COc1ccc(NC(=O)Cc2cccc(F)c2)cc1OC1CCCC1,0.34025106
ZINC_250K_8690,COc1cc(C(=O)N2CCc3nc(NC(=O)[C@@H]4CCCO4)sc3C2)cc(OC)c1OC,0.340251
ZINC_250K_5485,O=C(Nc1cc(-c2cccs2)nn1-c1nc2c(c(=O)[nH]1)CCCC2)c1ccccc1Cl,0.34025094
ZINC_250K_2558,Cc1cnc(CN2C[C@@]3(CCCN(C(=O)c4cccc(O)c4)C3)CCC2=O)cn1,0.34025082
ZINC_250K_7184,Cc1cccc(N2C[C@@H](C(=O)NCCCc3nnc(N)s3)CC2=O)c1,0.34025082
ZINC_250K_6162,Cc1ccccc1CCNC(=O)N1CCC[C@H]1c1nc2ccccc2[nH]1,0.3402508
ZINC_250K_2946,O=C(Nc1ccc(N2CCOCC2)cn1)c1cc(-c2cccnc2)on1,0.34025073
ZINC_250K_790,COc1ccc(C)cc1NC(=O)[C@H]1CCCN1c1cc(C)ccc1[N+](=O)[O-],0.34025067
ZINC_250K_7634,Cn1cc([C@H](O)CNC(=O)N[C@H]2C[C@@H]3CCCc4cccc2c43)cn1,0.34025067
ZINC_250K_6830,CC(C)(C)OC(=O)N1CCC[C@H](C(=O)N[C@H]2CCCN(S(=O)(=O)c3c(F)cccc3F)C2)C1,0.34025067
ZINC_250K_8206,C[C@@H]1CSC(N(C(=O)c2cn(-c3ccccc3)nc2-c2cccnc2)c2ccc(Cl)cc2)=N1,0.34025055
ZINC_250K_6166,O=C(Nc1ccc(N2CCOCC2)nc1)c1cn(-c2ccccc2)nc1-c1ccccc1,0.34025052
ZINC_250K_1928,CCC(=O)Nc1cccc(-c2noc([C@H]3CCCN(C(=O)c4ccc(F)cc4)C3)n2)c1,0.34025043
ZINC_250K_2115,Cc1ccc(Cl)cc1N1CC[C@@H](C(=O)Nc2ccc(F)cc2F)C1=O,0.34025037
ZINC_250K_5130,CCN(CC)C(=O)C[NH+]1CCC(c2nc(N(C)C)ncc2-c2cccc(Cl)c2)CC1,0.34025034
ZINC_250K_1726,COc1ccccc1[C@@H](NC(=O)[C@@H]1CC(=O)N(c2ccc(C)cc2)C1)c1nccn1C,0.3402503
ZINC_250K_8652,CCOc1c(Cl)cc(C(=O)NCc2ccc(-c3csc(C)n3)o2)cc1OC,0.3402503
ZINC_250K_8443,Cc1cc(NC(=O)Cc2cc(-c3ccccc3F)on2)c2ccccc2n1,0.34025028
ZINC_250K_7965,COc1ccc(CCn2c(C)cc(-c3csc(CC(=O)N4CCOCC4)n3)c2C)cc1,0.34025025
ZINC_250K_9504,CC[C@@H]1CCCCN1C(=O)c1cc(-c2cnn(C)c2)nc2c(C)c(C)ccc12,0.3402502
ZINC_250K_3681,O=C(NCCc1cnn(-c2ccccc2)c1)[C@@H]1CC(=O)N(Cc2ccco2)C1,0.34025007
ZINC_250K_1987,CC(C)C[C@H](NC(=O)c1csc2ncccc2c1=O)C(=O)N1CCc2ccccc21,0.34025002
ZINC_250K_607,CCOC(=O)c1ccn(-c2cccc(NC(=O)C3CCCC3)c2)n1,0.34024984
ZINC_250K_8543,O=C(/C=C/c1ccc(F)cc1)Nc1ccc(C(=O)NCCN2CCOCC2)cc1,0.34024984
ZINC_250K_5150,COc1ccc(Cl)c(NC(=O)NCCCC[NH+]2CCC[C@H](C)C2)c1,0.34024978
ZINC_250K_7750,CCOCC(=O)NNC(=O)N[C@H]1CCCc2c1cnn2Cc1ccccc1,0.34024978
ZINC_250K_5969,Cc1nn(Cc2ccc(Cl)cc2)c(C)c1CN1CCC[C@H](c2[nH]cc[nH+]2)C1,0.34024975
ZINC_250K_7030,CCOc1cccc(NC(=O)N2CCC([C@@H](O)c3ccc(Cl)cc3)CC2)c1,0.3402497
ZINC_250K_2007,O=C(Nc1nccs1)[C@H]1CCCN(C(=O)c2ccccc2F)C1,0.34024966
ZINC_250K_2521,CN(Cc1nccn1Cc1ccccc1)C(=O)[C@@H]1C[C@H]1c1cccc(F)c1,0.34024945
ZINC_250K_7831,COc1ccc(N(CC(=O)Nc2cccc(Cl)c2Cl)c2n[nH]c(=S)s2)cc1,0.3402494
ZINC_250K_9360,CCCN1C(=O)CCc2cc(NC(=O)NCc3ccccc3Cl)ccc21,0.3402494
ZINC_250K_1107,Cn1ncc2c1CCC[C@H]2NC(=O)NC[C@H](O)COc1ccc(F)cc1,0.3402494
ZINC_250K_5290,COc1ccccc1CN1C(=O)c2cc3ccsc3n2C[C@@]1(C)C(=O)NCc1ccccc1,0.34024933
ZINC_250K_2571,CCNC(=O)N1CC[C@@H]([NH2+][C@H](C)CC(=O)Nc2cccc(F)c2)C1,0.34024927
ZINC_250K_4638,CSc1cccc(N2C[C@@H](C(=O)NCc3ccc(NC(=O)C(C)C)cc3)CC2=O)c1,0.34024924
ZINC_250K_1059,O=C(Nc1cccc(-n2cccn2)c1)[C@@H]1CCC[NH+](Cc2ccc(C#CCCO)cc2)C1,0.34024924
ZINC_250K_5699,COc1ccc(CCNC(=O)N2CCC[C@@H](c3nncn3C)C2)cc1,0.34024924
ZINC_250K_9745,C[NH+]1CCN(CCCNC(=O)c2nnc(C(=O)Nc3cccc(Cl)c3)s2)CC1,0.34024918
ZINC_250K_3525,Cn1cc(N2CC[C@H](NC(=O)CCSc3ccccn3)C2=O)cn1,0.34024894
ZINC_250K_1761,CCOC(=O)C1=C(CN2CCN(c3cccc(C)c3C)CC2)NC(=O)N[C@H]1c1cccs1,0.34024873
ZINC_250K_5856,Cc1[nH]nc(C(=O)N2CCC[C@@H](C[NH+]3CCN(c4ccccn4)CC3)C2)c1[N+](=O)[O-],0.34024867
ZINC_250K_816,O[C@H](CSc1nnc(-c2c[nH]c3ccccc23)n1C1CC1)CN1CCOCC1,0.34024864
ZINC_250K_4376,O=S(=O)(c1ccc(Cl)cc1C(F)(F)F)N1CCC[C@H](c2nc3ccccc3o2)C1,0.34024853
ZINC_250K_9552,O=C(Nc1ccc2c(c1)CCO2)N1CCC[C@H]1c1nc2ccccc2[nH]1,0.3402484
ZINC_250K_3025,O=C(COc1ccc2ccccc2c1)Nc1ccc(NC(=O)c2ccco2)c(Cl)c1,0.34024835
ZINC_250K_4671,COc1ccccc1Oc1ccc(CNC(=O)[C@@H]2CCCN2C(=O)C2CCCC2)cc1,0.3402483
ZINC_250K_5058,Cc1ccc(-n2nnc(C(=O)NCc3ccco3)c2N)cc1Cl,0.3402483
ZINC_250K_449,COc1cc(Cl)c(C)cc1NC(=O)[C@H](C)N1CCN(S(=O)(=O)c2c(C)noc2C)CC1,0.3402481
ZINC_250K_10074,COc1cccc(-c2noc([C@@H]3CN(C(=O)c4c5c(nn4C)CCCC5)CCO3)n2)c1,0.3402479
ZINC_250K_5601,COc1ccc(S(=O)(=O)N2CCCCC2)cc1C(=O)N1CCN(Cc2ccccc2)CC1,0.3402479
ZINC_250K_169,COCCN1C[C@H](C(=O)N(Cc2cccc(Cl)c2)C(C)C)CC1=O,0.34024784
ZINC_250K_3009,COc1cccc(-c2cc(CNC(=O)c3ccc(S(=O)(=O)N4CCCC4)cc3)no2)c1,0.34024775
ZINC_250K_4011,COc1ccc([C@H]2[C@@H](C(=O)Nc3cnn(CC(C)C)c3)CC(=O)N2C)cc1,0.34024775
ZINC_250K_1126,C[C@H]1CCOCCN1C(=O)NCc1ccc(-n2ccnc2)nc1,0.34024757
ZINC_250K_9085,COc1ccc(CCNC(=O)[C@@H]2C[C@@H]2c2ccc(F)cc2)cc1S(N)(=O)=O,0.3402475
ZINC_250K_4748,COc1cccc(CNC(=O)N2CCC[C@H]2c2ccc(F)cc2)c1,0.34024745
ZINC_250K_8415,Cc1nc2ccccc2n(CCCNC(=O)[C@H]2CCOc3ccccc32)c1=O,0.34024745
ZINC_250K_8923,O=C(Nc1ccc(F)c(Cl)c1)N1CCN(Cc2ccccc2)c2ncccc21,0.34024745
ZINC_250K_2743,O=C(CCn1c(=O)oc2ccccc21)N1CCC[C@H](c2ncncc2-c2ccncc2)C1,0.34024736
ZINC_250K_4411,COc1ccc(-c2cc(C(=O)N3CCc4ccccc4C3)n[nH]2)cc1S(=O)(=O)N1CCCC1,0.3402473
ZINC_250K_4437,CC[NH+](Cc1ccccc1)[C@@H](c1cc2cc3c(cc2[nH]c1=O)OCO3)c1nnnn1C1CCCCC1,0.3402472
ZINC_250K_6989,O=C(N[C@H]1CCCN(c2ncccn2)C1)c1cc(-c2ccc(F)cc2)n[nH]1,0.34024718
ZINC_250K_3834,COc1ccc2[nH]cc([C@H](C(=O)[O-])[NH+]3CCN(Cc4cccc5ccccc45)CC3)c2c1,0.34024712
ZINC_250K_10025,Cc1cc(NC(=O)CN2CCN(c3ccc(C(F)(F)F)cc3[N+](=O)[O-])CC2)no1,0.34024706
ZINC_250K_4110,Cc1ccccc1CNC(=O)[C@@H]1CCCN(S(=O)(=O)Cc2ccc(Cl)cc2)C1,0.34024704
ZINC_250K_4737,O=C(NCc1cccnc1)c1ccc2c([O-])nc3c(-c4ccc(Cl)cc4)nnn3c2c1,0.340247
ZINC_250K_5889,CCOc1c(Cl)cc([C@H]2C(C(=O)OC)=C(C)NC3=C2C(=O)c2ccccc23)cc1OC,0.34024698
ZINC_250K_9775,COc1ccc(CC(=O)Nc2ccc(Cl)c(C(=O)NC3CCCCC3)c2)cc1,0.34024692
ZINC_250K_10314,Cc1ccc(OCC(=O)N(C)CC(=O)Nc2ccc(N3CCOCC3)cc2)cc1,0.3402469
ZINC_250K_7124,C[C@H](CC(=O)Nc1ccc2c(c1)C(=O)N(C[C@@H]1CCCO1)C2=O)c1ccccc1,0.34024686
ZINC_250K_956,CNc1nc(C2CCN(C(=O)Cc3ccccn3)CC2)[nH+]c2c1CN(C(C)=O)CC2,0.34024653
ZINC_250K_2418,O=C1c2ccc(Oc3cccc(NC(=O)C(F)(F)F)c3)cc2C(=O)N1C[C@H]1CCCO1,0.34024647
ZINC_250K_5322,CCOc1ccc(CN(C(=O)Cc2coc3cc(C)ccc23)[C@@H]2CCS(=O)(=O)C2)cc1,0.3402464
ZINC_250K_9792,CCCC(=O)N1CCN(c2nc3c(c(=O)[nH]c(=O)n3C)n2Cc2ccc(C)cc2)CC1,0.34024635
ZINC_250K_7666,C[C@@H]1Cc2ccccc2N1CCNC(=O)Cc1cc(Cl)c2c(c1)OCCO2,0.34024635
ZINC_250K_2712,Cc1cnc(-c2cccc(NC(=O)C(=O)N[C@@H]3CCN(c4ccccc4)C3)c2)o1,0.3402463
ZINC_250K_603,C[C@H]1CN(CC(=O)Nc2nc(-c3ccccc3Cl)cs2)CCO1,0.34024608
ZINC_250K_114,Cc1nn(-c2nncc(-c3ccc(Cl)cc3)n2)c2c1[C@H](c1ccccc1)CC(=O)N2,0.34024608
ZINC_250K_6871,CCOc1ccc2c(C(=O)Nc3c(C)nn(Cc4ccccc4C)c3C)cc(=O)oc2c1,0.34024593
ZINC_250K_5777,Cc1ccc(NC(=O)c2[nH]nc(C3CC3)c2Cl)cc1N1CCOC1=O,0.34024593
ZINC_250K_5401,Cc1ccc(N(C)C(=O)C2CCC(CNS(=O)(=O)c3cccc4nsnc34)CC2)cc1,0.34024593
ZINC_250K_8808,O=C1/C(=C/NCCC2=c3ccccc3=[NH+]C2)S(=O)(=O)N(Cc2cccc(F)c2)c2ccsc21,0.34024587
ZINC_250K_5026,CCOC(=O)N1CCN(C(=O)[C@@H]2CC23CCN(C(=O)c2ccc(-n4ccnc4)cc2)CC3)CC1,0.34024587
ZINC_250K_3437,O=C(COc1ccccc1-c1ccccc1)Nc1ccccc1N1CCCC1=O,0.3402458
ZINC_250K_9002,C[C@@H](C(=O)NCC[C@@H]1CCCO1)n1c([S-])nnc1-c1cccs1,0.34024563
ZINC_250K_933,Cc1c(C)n(-c2ccccc2)c2nc(C(=O)Nc3ccc(F)cc3)nc(N3CCCCC3)c12,0.34024554
ZINC_250K_4356,Cc1ccc(F)c(S(=O)(=O)N2CCC[C@@H]2c2nc3ccccc3[nH]2)c1,0.34024554
ZINC_250K_3221,Cc1cc2oc3c(c(=O)c2cc1Cl)[C@H](c1cccnc1)N(CCCN1CCOCC1)C3=O,0.34024543
ZINC_250K_9649,COc1ccc(N2CC[NH+]([C@@H](C)C(=O)c3c[nH]c4ccccc34)C[C@@H]2C)cc1,0.34024534
ZINC_250K_5417,Cc1ccc(N2C[C@H](C(=O)NCCCC(=O)NC3CC3)CCC2=O)cc1C,0.3402451
ZINC_250K_10451,O=C(NNC(=O)c1c[nH]c2ccc(Cl)cc2c1=O)c1cccc(S(=O)(=O)N2CCOCC2)c1,0.34024492
ZINC_250K_4623,COc1ccc(NC(=O)c2ccc(N3C(=O)CCS3(=O)=O)cc2Cl)cc1OC,0.3402448
ZINC_250K_7741,COc1ccc(N2CCN(C(=O)CCOC3CCOCC3)CC2)cc1F,0.34024477
ZINC_250K_5753,CC(C)(C)c1nnc(NC(=O)C2CCN(C(=O)[C@@H]3CC(=O)N(c4ccccc4)C3)CC2)s1,0.3402446
ZINC_250K_7187,CCc1ccc([C@@H]2CCCCCN2C(=O)Nc2cnn(C(C)(C)C)c2)o1,0.34024444
ZINC_250K_5967,CC(C)(C)OC(=O)N1CCC[C@H]1C(=O)Nc1ccc2ncccc2c1,0.34024438
ZINC_250K_5842,Cn1ccnc1[C@H](NC(=O)[C@H]1CCCN(C(=O)Nc2ccccc2)C1)c1ccc(Cl)cc1,0.3402442
ZINC_250K_2154,Cc1ccc(Nc2nc(NCCN3CCOCC3)nc3c2cnn3C)cc1,0.34024405
ZINC_250K_4610,O=C(NCc1ccc(C(F)(F)F)cc1)c1cccc(OC[C@H]2CCCO2)c1,0.340244
ZINC_250K_9291,Cc1nccn1C[C@@H](C)C(=O)N1CCC[C@H](n2nc(-c3cccs3)ccc2=O)C1,0.340244
ZINC_250K_1760,COc1ccc([C@@H]2c3[nH]c4ccccc4c3C[C@H]3C(=O)N(CCO)CC(=O)N23)c(OC)c1,0.34024382
ZINC_250K_8744,Cn1cc(C[C@@H]2CCN(C(=O)C3(c4cccc(F)c4)CCC3)C2)cn1,0.3402437
ZINC_250K_4319,O=C(Nc1cccc(Cl)c1)N1CCC[C@@H](OCc2cccc(F)c2F)C1,0.34024367
ZINC_250K_9246,CCc1n[nH]c(-c2ccccc2NC(=O)c2cc(C)n(C3CC3)c2C)n1,0.34024346
ZINC_250K_2520,COc1cccc(CC[C@H]2CCCN(C(=O)Cn3cnnn3)C2)c1,0.34024334
ZINC_250K_4909,Cc1ccccc1-c1nc(SCC(=O)Nc2ccccc2F)n2[nH]c(=O)cc2n1,0.34024316
ZINC_250K_7064,CCCNC(=O)CSc1nc2cc(Cl)ccc2c(=O)n1-c1cccc(C)c1C,0.34024295
ZINC_250K_2994,Cc1nc(N2CCC[C@@H](C(=O)NCC3CC3)C2)c2cc[nH]c2n1,0.34024274
ZINC_250K_8889,COCCOc1ccccc1N1CCN(C(=O)[C@H]2CCCc3ccccc32)CC1,0.3402426
ZINC_250K_4656,Cc1ccc(Cl)cc1NC(=O)N1CCC[C@@H](C[NH+]2CCc3ccccc3C2)C1,0.3402426
ZINC_250K_8455,C[C@H]1CCCC[C@@H]1CNC(=O)N1CCC(Oc2ccnc(C(N)=O)c2)CC1,0.34024256
ZINC_250K_8959,Cc1ccc(-c2cn[nH]c2[C@@H]2CCCN(C(=O)CCNC(N)=O)C2)cc1,0.3402425
ZINC_250K_1234,O=C(CCC(=O)N1CCN(c2cccc(Cl)c2)CC1)Nc1ccc2[nH]ccc2c1,0.34024248
ZINC_250K_8903,COc1ccc(F)cc1NC(=O)C(=O)N[C@H]1CCCn2nc(C)nc21,0.34024185
ZINC_250K_3690,COc1ccc(-c2cc3c(N4CCC[C@@H](C(=O)[O-])C4)nccn3n2)cc1OC,0.34024185
ZINC_250K_667,COc1ccc(Cl)cc1S(=O)(=O)N[C@H](C)C(=O)NCc1ccc2c(c1)OCO2,0.3402416
ZINC_250K_1517,COc1cccc(CC(=O)N2CCC[C@@H](c3ccc(Cc4ccccc4)cn3)C2)c1,0.3402415
ZINC_250K_5499,Cc1ccc(-n2cc(C(=O)N3CCN(C(=O)[C@H]4CCCO4)CC3)c(-c3ccccc3)n2)cc1,0.34024128
ZINC_250K_4555,COc1ccc(C(=O)N2CCc3cc(S(=O)(=O)NC4CCCC4)ccc32)cc1,0.34024122
ZINC_250K_10,CCOc1ccc(OCC)c([C@H]2C(C#N)=C(N)N(c3ccccc3C(F)(F)F)C3=C2C(=O)CCC3)c1,0.34024116
ZINC_250K_7604,O=C(C[NH+]1CCN(C(=O)c2ccco2)CC1)Nc1c2c(nc3ccccc13)CCC2,0.3402409
ZINC_250K_9172,Cn1nc([C@@H]2CCCN(C(=O)c3ccc(Cl)c([N+](=O)[O-])c3)C2)n(-c2ccccc2)c1=O,0.34024087
ZINC_250K_7183,Cc1cc(=O)n2c(CCNC(=O)c3c(-c4ccccc4Cl)noc3C)csc2[nH+]1,0.34024066
ZINC_250K_2502,Cc1nccn1-c1cc(N2CCC(C(=O)Nc3ccc(F)c(F)c3)CC2)ncn1,0.34024063
ZINC_250K_9188,COc1cccc(CC(=O)Nc2cnn(Cc3ccc(Cl)cc3)c2)c1,0.34024057
ZINC_250K_2208,Cc1nc([C@@H]2CCCN(Cc3ccccc3)C2)ncc1C(=O)N1CCCCC1,0.34024057
ZINC_250K_4055,CCOc1ccccc1C(=O)N(Cc1ccc(-c2cccc(Cl)c2)o1)[C@H]1CCS(=O)(=O)C1,0.3402405
ZINC_250K_1940,C[NH+](C)CCNC(=O)C[C@@H]1C(=O)NCCN1Cc1c(F)cccc1Cl,0.3402405
ZINC_250K_7255,O=C(Cc1ccccc1F)NNC(=O)[C@@H]1CC(=O)N(Cc2ccccn2)C1,0.34024048
ZINC_250K_9034,COc1ccc([C@H]2CCCN2S(=O)(=O)c2cc(C)ccc2NC(C)=O)cc1,0.34024045
ZINC_250K_6251,O=C(NC[C@H]1CCCN(c2nnnn2-c2ccccc2)C1)c1cccnc1,0.34024045
ZINC_250K_1696,CC1(C)Cc2cccc(OCc3ccc(C(=O)Nc4ccc(S(N)(=O)=O)cc4)cc3)c2O1,0.34024024
ZINC_250K_5191,CCOc1ccc(C(=O)NC[C@@H]2CN3CCCC[C@@H]3CO2)cc1OCC,0.34023997
ZINC_250K_2759,COc1ccc2c(CC(=O)Nc3ccc(NC(C)=O)cc3C(F)(F)F)coc2c1,0.34023985
ZINC_250K_1066,Cc1ccc(-n2ncc(C(=O)N3CC[C@@H](C)[C@H](O)C3)c2C2CC2)cc1Cl,0.3402398
ZINC_250K_1674,COc1ccc(OC)c(NC(=O)Nc2cc(N3CCN(c4ccccc4)CC3)ncn2)c1,0.3402397
ZINC_250K_1578,COc1ccc(OC)c([C@H]2CCCN2C(=O)Nc2ccccc2Cl)c1,0.34023952
ZINC_250K_6931,C[C@H]1CN(CCCCNC(=O)c2ccccc2-c2cncnc2)C[C@H](C)O1,0.34023952
ZINC_250K_4231,CC[C@H](Oc1ccc2c(c1)[C@@H](c1cccc(F)c1)N(C(=O)C(C)C)CC2)C(=O)N1CCN(C)CC1,0.3402393
ZINC_250K_4,N#CC1=C(SCC(=O)Nc2cccc(Cl)c2)N=C([O-])[C@H](C#N)C12CCCCC2,0.3402393
ZINC_250K_8102,COc1ccnc(NC(=O)c2cc(C)ccc2N2CCCC2=O)c1,0.3402392
ZINC_250K_2817,Cc1ccc(CN2CCN(C(=O)c3cc(NC(=O)C(C)C)n(-c4ccccc4)n3)CC2)cc1,0.3402392
ZINC_250K_144,CCOc1cccc(NC(=O)NCc2ccc(N3CCSCC3)cc2)c1,0.34023914
ZINC_250K_113,CCc1nc2ccccc2c(C(=O)NCc2ccc(OC)c(C(=O)OC)c2)c1C,0.34023914
ZINC_250K_5981,Cc1ccc(OCCCNC(=O)N2CCC[C@H]2c2c(C)n[nH]c2C)cc1,0.34023896
ZINC_250K_1699,COc1cccc(Cc2c(C)nc(C)nc2N2CCN(C(=O)c3cccc(Br)c3)CC2)c1,0.34023848
ZINC_250K_2279,CC(C)Oc1cccc(C(=O)[C@@H]2CCCN(C(=O)CCc3ccccn3)C2)c1,0.34023848
ZINC_250K_8858,Cn1cc(C(=O)C[C@H]2CCC[NH+]2CCOc2ccc(F)cc2Cl)cn1,0.34023803
ZINC_250K_804,CCOC(=O)c1c(NC(=O)[C@H]2CCCN2S(C)(=O)=O)sc2ccccc12,0.34023786
ZINC_250K_7080,O=C(NC[C@H]1CCCO1)c1cc2scc(Br)c2n1Cc1cccc(F)c1,0.3402378
ZINC_250K_3153,COc1ccc(CCNC(=O)c2nn([C@@H]3CCS(=O)(=O)C3)c3c2CCCC3)cc1,0.3402378
ZINC_250K_6222,CN(C)C(=O)COc1ccccc1C[NH+]1CC[C@@H](Oc2cccc(Cl)c2)C1,0.3402378
ZINC_250K_7538,Cc1ccc(NC(=O)N2CCC[C@H](c3nnc(C(=O)Nc4ccc(F)cc4)s3)C2)c(C)c1,0.3402377
ZINC_250K_2478,CCOC(=O)N[C@H]1CCCN(CC(=O)NC2(c3ccccc3)CCC2)C1,0.34023738
ZINC_250K_5174,COc1ccc(NC(=O)c2nnn(-c3cccc(C(F)(F)F)c3)c2C)cc1Cl,0.34023735
ZINC_250K_2391,COc1ccc(C)cc1NC(=O)CNc1ccc(OC2CCCC2)cc1,0.34023735
ZINC_250K_519,COc1ccc(Cn2ccc3nc(N4CCN(c5ccccc5)CC4)ncc3c2=O)cc1,0.3402373
ZINC_250K_6890,Cc1cc(Oc2ncccc2C#N)ccc1NC(=O)CCCn1ccnn1,0.34023708
ZINC_250K_8282,CN(C(=O)c1ccc2c(c1)C(=O)N(C[C@@H]1CCCO1)C2=O)c1ccccc1F,0.340237
ZINC_250K_2398,CC[C@@H](C(=O)N1CCN(c2cc(Cl)ccc2C)CC1)n1nc(C)n2c(cc3occc32)c1=O,0.340237
ZINC_250K_3087,COc1cccc(C(=O)Nc2ccc(-n3c(C)nc4ncccc4c3=O)cc2)c1,0.340237
ZINC_250K_1061,Cc1cccc(NC(=O)CN(C[C@@H]2CCCO2)C(=O)Cc2ccccc2Cl)c1C,0.3402368
ZINC_250K_9561,O=C([C@H]1CC12CCC2)N1CCCn2nc(-c3nc4ccc(F)cc4[nH]3)cc2C1,0.3402367
ZINC_250K_9833,Cc1ccc(NC(=O)CCNC(=O)Cc2coc(-c3ccccc3)n2)c(Cl)c1,0.3402365
ZINC_250K_148,CCOC(=O)[C@]1(Cc2cccc(Cl)c2)CCCN(C(=O)c2ccnn2C)C1,0.34023646
ZINC_250K_580,COc1cccc(CCNC(=O)CN2CCN(c3ccccc3O)CC2)c1,0.34023646
ZINC_250K_3706,CC(C)(CNC(=O)NCc1ccc(OC2CCCC2)nc1)N1CCOCC1,0.34023637
ZINC_250K_2973,Cc1c(C(=O)N(C)CCOCC2CC2)nnn1-c1ccc2ncccc2c1,0.34023637
ZINC_250K_1077,CS(=O)(=O)Oc1ccc(CN(C[C@H]2CCCO2)C(=O)Nc2cccc(F)c2)cc1,0.34023628
ZINC_250K_6071,Cc1ccc(F)c(N2C(=O)CS[C@H]2c2cccc(NC(=O)Cc3cccs3)c2)c1,0.34023616
ZINC_250K_3694,C[C@@H]1Cc2ccccc2N1CC(=O)Nc1cc(C(F)(F)F)ccc1-n1cncn1,0.34023586
ZINC_250K_10184,Cc1cc(C(=O)Nc2nc3c(s2)CN(C(=O)NCCCc2ccccc2)CC3)no1,0.3402356
ZINC_250K_9245,COc1ccccc1CN1C(=O)c2cc3ccsc3n2C[C@]1(C)C(=O)NCc1ccc(F)cc1,0.3402356
ZINC_250K_3157,Cc1onc(-c2ccccc2Cl)c1C(=O)N1CCCSC[C@H]1CN1CCOCC1,0.3402355
ZINC_250K_4499,C[C@H]1Sc2ccc(C(=O)N3CCC(c4c[nH]c5ccccc45)CC3)cc2NC1=O,0.3402354
ZINC_250K_772,O=C(CCCc1nc(-c2cccnc2)no1)N1CCC[C@@H](Cc2ccccc2)C1,0.34023514
ZINC_250K_718,CCOC(=O)NC(=O)c1c(NC(=O)Cc2ccc(F)cc2)sc2c1CC[C@H](C)C2,0.34023514
ZINC_250K_8800,Cc1ccc(N2C(=O)[C@H](C)N=C2N2CCN(CCOc3ccc(Cl)cc3)CC2)cc1,0.34023497
ZINC_250K_9018,CN1CCCCC/C1=N\S(=O)(=O)c1cccc(NC(=O)Cc2csc(-c3cccs3)n2)c1,0.34023494
ZINC_250K_9420,COc1ccc(F)cc1NC(=O)N[C@H]1CCCn2nc(C(C)C)nc21,0.3402349
ZINC_250K_7984,COc1ccc(-c2cc(NC(=O)c3ccc4c(c3)NC(=O)CCS4)ccc2OC)cc1,0.34023482
ZINC_250K_7818,C[C@@H]1CCC/C(=N/Nc2ccc(S(=O)(=O)N3CCOCC3)cc2[N+](=O)[O-])C1,0.34023476
ZINC_250K_4098,COCCOc1ccc(NC(=O)N2C[C@@H](CO)CC[C@@H]2C)cc1F,0.34023476
ZINC_250K_9487,COc1ccc(NC(=O)c2nnc(CN(C)[C@@H]3CCc4ccccc43)s2)cc1,0.34023476
ZINC_250K_867,COc1cc([C@@H]2CC(=O)Nc3c2cnn3Cc2cccnc2)cc2c1OCO2,0.3402345
ZINC_250K_1443,CCn1cnc2c1c(=O)n(CC(=O)c1cc(C)n(-c3nccs3)c1C)c(=O)n2Cc1ccccc1,0.34023443
ZINC_250K_3973,Cc1ccc(N2CCC(NC(=O)Nc3cnn(CC(F)F)c3)CC2)[nH+]c1,0.34023443
ZINC_250K_9784,Cc1ccc(CNC(=O)c2ccc(NC(=O)N3CCSc4ncccc43)cc2)o1,0.34023434
ZINC_250K_6894,Cn1cc(CNC(=O)c2cccc(S(=O)(=O)N3CCCOCC3)c2)cn1,0.34023428
ZINC_250K_6231,O=C(Nc1ccccc1Cl)[C@H]1CCCN(c2ccc(-n3ccnc3)nn2)C1,0.34023422
ZINC_250K_3237,COc1ccccc1CNC(=O)C1(Cc2cc(-c3ccccc3C)no2)CCOCC1,0.3402342
ZINC_250K_8351,O=C(CN1CCO[C@@H](CNc2cccn[nH+]2)C1)NCc1ccccn1,0.34023404
ZINC_250K_1242,COCCNC(=O)CSc1nc2c(c(=O)n1-c1ccc(F)cc1)S[C@@H](C)C2,0.34023404
ZINC_250K_4300,COc1ccc(C2(CNC(=O)[C@H]3CC(=O)N(c4ccc(C)cc4)C3)CCOCC2)cc1,0.3402339
ZINC_250K_1489,CN1C(=O)c2cc(NC(=O)Cn3cc(Br)cn3)ccc2Oc2ncccc21,0.34023383
ZINC_250K_9308,COc1ccncc1NC(=O)[C@H]1CCC(=O)N1Cc1ccc(C)cc1,0.34023374
ZINC_250K_6608,CCCC(=O)N1CCCC[C@H]1C(=O)Nc1nc2ccc(OC)cc2s1,0.34023362
ZINC_250K_3065,Cc1cccc(NC(=O)CN2C(=O)[C@@H]3CCCN3C(=O)c3ccccc32)c1C,0.34023362
ZINC_250K_2832,COCc1ccc(C(=O)N2CCC(C(=O)Nc3cccc(-c4ccco4)c3)CC2)o1,0.3402336
ZINC_250K_719,CC(C)n1cnnc1SCC(=O)Nc1ccc2c(c1)nc(C1CC1)n2C,0.3402334
ZINC_250K_2932,COC(=O)c1cc(NC(=O)c2cc(-c3cc(C)oc3C)nc3c2cnn3C(C)C)ccc1Cl,0.34023327
ZINC_250K_2408,O=C(Nc1ccc(-c2cscn2)cc1)[C@H]1CCCN(C(=O)C2=CCCCC2)C1,0.34023312
ZINC_250K_9567,Cc1noc(NC(=O)CSc2nnc(-c3cccc(Cl)c3)n2-c2ccccc2C(F)(F)F)n1,0.34023306
ZINC_250K_3471,O=C(NC[C@H]1Cc2cccc(-c3cncnc3)c2O1)C1(c2ccc(Cl)cc2)CC1,0.34023303
ZINC_250K_6196,COc1ccc(NC(=O)Cn2cnc3c([nH]c4ccc(C)cc43)c2=O)c(C)c1,0.34023285
ZINC_250K_5541,CCOCCC(=O)Nc1c(C)cnn1[C@@H]1CCCc2ccccc21,0.34023282
ZINC_250K_869,Cc1nn(C)cc1[C@@H](C)NC(=O)C(=O)Nc1ccc(OCC2CCCCC2)cc1,0.34023267
ZINC_250K_5149,COc1ccc(CNC(=O)[C@@H](CC(C)C)N2CCCCC2=O)cc1C,0.34023246
ZINC_250K_3570,COc1ccccc1N1C[C@H](C(=O)Nc2cccc(Cl)c2C)CC1=O,0.34023234
ZINC_250K_4827,Cc1ccc(NC(=O)C[NH+](C)C[C@@H](O)CN2CCOCC2)cc1F,0.34023228
ZINC_250K_5849,COc1ccc(CN2CCC[C@H](c3nnc(C[NH+](C)C)n3C)C2)c(F)c1,0.3402317
ZINC_250K_9146,COc1ccc(OC)c2c1CN(Cc1c(Cl)ccc3cccnc13)C[C@@H]2O,0.34023163
ZINC_250K_7268,COc1cccc(C(=O)N(Cc2ccccn2)c2nc3c(F)cc(F)cc3s2)c1,0.34023124
ZINC_250K_4018,CNc1cc([C@H]2CCCN(Cc3cccc(OC)c3OC)C2)nc(-c2ccncc2)n1,0.3402312
ZINC_250K_981,CC(C)C[C@@H](NC(=O)[C@@H]1C[C@@H]1c1cccc(Cl)c1Cl)C(=O)Nc1cc[nH]n1,0.34023118
ZINC_250K_1392,Cc1ccc(-c2cccc(C[C@@]3(C(=O)NC(C)C)CCN(C(=O)C4CC4)C3)c2)cc1,0.34023118
ZINC_250K_7142,C[C@H](NC(=O)N1CCCC[C@@H]1C)c1nc(-c2cccc(F)c2)no1,0.340231
ZINC_250K_7772,COc1ccc(NC(=O)CC[C@@H]2CCCN(C(=O)CNC(C)=O)C2)c(C)c1,0.340231
ZINC_250K_7627,COc1ccc(Br)cc1CNC(=O)c1oc2c(c1C)[C@H]1N=NC=C1CC2,0.34023085
ZINC_250K_8398,COc1ccc(Nc2nc(NCCO)nc3c2cnn3C)cc1Cl,0.3402307
ZINC_250K_10154,CCc1cc(=O)[nH]c(-c2cccc(NC(=O)[C@@H]3CC(c4ccc(Cl)s4)=NO3)c2)n1,0.34023067
ZINC_250K_1382,O=C(CSc1ncccc1-c1nc2ccccc2[nH]1)Nc1ccc(S(=O)(=O)N2CCCC2)cc1,0.34023052
ZINC_250K_7049,COc1cc(OC)c(N2C[C@@H](C(=O)OCc3cn4ccccc4c3C#N)CC2=O)cc1Cl,0.34023038
ZINC_250K_1219,COc1cccc([C@H]2CCCN2C(=O)Nc2ccc(N3CCCC3=O)cc2)c1,0.34023038
ZINC_250K_1354,Cc1ccccc1CS(=O)(=O)N1CCC[C@@H](C(=O)Nc2ccc(Br)cc2F)C1,0.34023032
ZINC_250K_1559,Cc1cc(CC(=O)Nc2ccc(OC(F)F)c3ncccc23)no1,0.34023008
ZINC_250K_4283,O=Cc1ccc(N2CCC[C@@H](c3nc4ccccc4[nH]3)C2)c([N+](=O)[O-])c1,0.34023002
ZINC_250K_6017,COc1ccc(N2CCCCC2)cc1C(=O)N1CCC[C@@H]1c1ncc(C(N)=O)c(C)n1,0.3402299
ZINC_250K_4203,COc1cccc(NC(=O)N(Cc2nc3n(n2)CCCCC3)c2cc(C)cc(C)c2)c1,0.3402296
ZINC_250K_9893,CN(C)c1ccc(-c2nnc([C@H]3CCN(Cc4ccc(C(=O)[O-])cc4)C3)o2)cc1,0.34022948
ZINC_250K_6840,Cc1cc(F)ccc1N1CCC[C@H](NC(=O)NC[C@@H]2CCC[C@H](O)C2)C1,0.34022945
ZINC_250K_3660,Cc1ccccc1O[C@H](C)CNC(=O)c1cc(N2CCCC2=O)ccc1F,0.34022945
ZINC_250K_7267,C[C@H](Oc1ccc2c(c1)[C@H](c1ccccc1)N(C(=O)C1CC1)CC2)C(=O)N(C)Cc1ccco1,0.3402294
ZINC_250K_4196,COc1ccc(C(=O)N(C)Cc2cccc(F)c2)cc1S(=O)(=O)NC1CC1,0.34022927
ZINC_250K_3183,COc1ccc([C@H]2CCCN2C(=O)/C=C/c2ccc(Cl)c([N+](=O)[O-])c2)cc1,0.34022918
ZINC_250K_7306,Cc1cc(-n2c(SCC(=O)N3CCCC[C@H]3C)nc3ccsc3c2=O)ccc1F,0.34022903
ZINC_250K_795,CC(=O)c1cc(CN2CCC3=NN=C(c4ccccc4F)[C@@H]3C2)cs1,0.34022892
ZINC_250K_4442,COc1ccc(CCNC(=O)[C@@H]2CCCN2C(=O)Nc2cccc(OC)c2)cc1,0.34022877
ZINC_250K_617,O=C(Cn1nnn(-c2cccs2)c1=O)NC[C@@H]1CN(Cc2ccccc2)CCO1,0.34022877
ZINC_250K_6158,COc1ccccc1NC(=O)c1cc2ccc(O)cc2o/c1=[NH+]\NS(=O)(=O)c1ccc(C)cc1,0.34022874
ZINC_250K_4428,CC(C)C(=O)N1CCC[C@H](C(=O)Nc2cccc(OC(F)(F)F)c2)C1,0.34022865
ZINC_250K_7301,CC[C@@H](NC(=O)Cc1c[nH]c2cc(Cl)ccc12)C(=O)N1CCOCC1,0.3402284
ZINC_250K_9804,Cc1cccc2c(C(=O)N(C)CCc3ccccn3)cc(-c3cnn(C)c3)nc12,0.3402284
ZINC_250K_103,CC(C)(C)n1ncc2c1CCC[C@H]2NC(=O)CSc1nc2ccccc2o1,0.34022838
ZINC_250K_3536,COc1ccc(NC(=O)[C@H]2CCCN(S(=O)(=O)c3c[nH]cn3)C2)cc1,0.34022832
ZINC_250K_7660,C[C@H](Sc1nc2cc(Cl)ccc2n1Cc1ccccc1)C(=O)N1CCC(C(N)=O)CC1,0.3402279
ZINC_250K_5907,CC[C@@H](NC(=O)[C@H]1CCN(c2cccc(Cl)c2)C1=O)c1nc(C)n[nH]1,0.3402278
ZINC_250K_7273,C[C@@H](C(=O)N1CC[C@@H](Oc2ccc(C(F)(F)F)cn2)C1)n1cncn1,0.34022737
ZINC_250K_1191,NC(=O)c1c(NC(=O)c2cc([N+](=O)[O-])ccc2N2CCOCC2)sc2c1CCC2,0.34022737
ZINC_250K_3644,CCOC(=O)c1nn(CC(C)C)c2c1CN(Cc1c[nH]c3ccccc13)CC2,0.3402267
ZINC_250K_7162,COc1ccc2nc(NC(=O)[C@@H]3CC(=O)N(C4CCCCC4)C3)sc2c1,0.3402267
ZINC_250K_8006,COc1cccc(C(=O)Nc2ccc3c(c2)CN(Cc2cccc(OC)c2OC)C(=O)[C@H](C)O3)c1,0.34022656
ZINC_250K_5914,COc1ccc(-n2nc(SCC(=O)Nc3ccc(Cl)cc3F)ccc2=O)cc1,0.34022653
ZINC_250K_4560,CCc1cccc(C)c1NC(=O)CSc1nc2ccccc2c(=O)n1Cc1ccc2c(c1)OCO2,0.34022632
ZINC_250K_9456,C[C@](O)(CNC(=O)Cn1c(C2CC2)nc2ccccc21)CN1CCOCC1,0.34022626
ZINC_250K_481,COC(=O)c1ccc(NC(=O)c2c(C)sc3ncnc(N4CCC[C@H](C)C4)c23)cc1,0.34022626
ZINC_250K_2670,O=C(NC1CC[NH+](CCOc2ccc(F)cc2)CC1)N1CCc2cc(Cl)ccc21,0.34022617
ZINC_250K_3800,COc1cc(NS(=O)(=O)c2ccc(NC(=O)c3cnn(C)c3)cc2)ncn1,0.34022593
ZINC_250K_18,Cc1c(NC(=O)CSc2nc3sc4c(c3c(=O)[nH]2)CCCC4)c(=O)n(-c2ccccc2)n1C,0.3402258
ZINC_250K_3260,CCCOc1cccc(C(=O)C2=C([O-])C(=O)N(c3nc4ccc(C)cc4s3)[C@@H]2c2ccncc2)c1,0.3402258
ZINC_250K_1315,CCOC(=O)c1ccc(N[C@H]2c3ccccc3C(=O)N2Cc2ccc3c(c2)OCO3)cc1,0.3402254
ZINC_250K_9803,C[C@@H](NC(=O)CN1C(=O)N[C@](C)(c2ccc3c(c2)CCC3)C1=O)c1ccccc1Cl,0.34022516
ZINC_250K_10274,Cc1occc1-c1nnc(SCC(=O)Nc2ccccc2C(=O)NC(C)C)n1C,0.340225
ZINC_250K_4324,O=C(NC[C@H]1CCCO1)N1CC[C@H](Oc2ccc(C(F)(F)F)cn2)C1,0.3402248
ZINC_250K_3746,O=C(NCc1ccccc1)C1=C2CCCC[C@@H]2S[C@@H]1NC(=O)[C@@H]1C=C(c2ccccc2O)N=N1,0.3402248
ZINC_250K_9269,Cc1ccc(N2C[C@H](C(=O)Nc3ccc([N+](=O)[O-])cc3Cl)CC2=O)cc1C,0.3402248
ZINC_250K_10457,O=C1C[C@@H](C(=O)NCCc2ccccc2)c2c(nc(N3CCC(Cc4ccccc4)CC3)[nH]c2=O)N1,0.34022462
ZINC_250K_5797,Cc1cc(Cl)ccc1NS(=O)(=O)c1cc(-c2c(C)nn3c2NC(=O)CCC3=O)ccc1C,0.34022462
ZINC_250K_6852,Cc1ccc(Cl)cc1NC(=O)[C@@H](C)n1nc(C)c2nn(-c3ccccc3)c(-n3cccc3)c2c1=O,0.3402244
ZINC_250K_9366,Cc1cc(F)ccc1NC(=O)COc1ccc(N(C)S(=O)(=O)c2cccs2)cc1,0.3402239
ZINC_250K_6680,CCCn1c(SCC(=O)N(C)[C@@H](C)c2nc3ccccc3s2)nc2sc3c(c2c1=O)CCC3,0.3402239
ZINC_250K_10248,Cc1ccc(-n2cnnc2SCC(=O)Nc2c(C)n(C)n(-c3ccccc3)c2=O)cc1Cl,0.3402238
ZINC_250K_8617,Nc1nc(CC(=O)N2CCC[C@@H](c3[nH]ncc3-c3ccccc3)C2)cc(=O)[nH]1,0.3402237
ZINC_250K_4470,CC(C)(C)OC(=O)N1CCC[C@@H](C(=O)N[C@@H]2CCCN(S(=O)(=O)c3ccc(F)cc3F)C2)C1,0.34022352
ZINC_250K_1328,CC(C)(C)OC(=O)NC[C@@H]1CCC[NH+](Cc2ccccc2N2CCOCC2)C1,0.3402234
ZINC_250K_9264,CC[C@H](C(=O)Nc1ccc2c(c1)OCCO2)n1nc(-c2ccc(C)cc2)c2c(c1=O)CCCC2,0.34022322
ZINC_250K_2050,Cc1nn([C@@H]2CCS(=O)(=O)C2)c(C)c1CN(C)C(=O)/C=C/c1cc(Cl)c2c(c1)OCCCO2,0.34022322
ZINC_250K_5248,C[C@@H](OC(=O)C1=NN([C@H]2CCS(=O)(=O)C2)C(=O)CC1)C(=O)Nc1cccc(Cl)c1,0.34022295
ZINC_250K_10080,O=C(c1ccccc1Cl)N1CCC[C@@H](c2nc(O)c3nnn(Cc4ccco4)c3n2)C1,0.3402229
ZINC_250K_6747,C[C@H](C(=O)Nc1cnn(C)c1)N1CC2(CCOCC2)Oc2ccccc2C1=O,0.34022284
ZINC_250K_3718,COc1ccc(OC)c(NC(=O)Cc2csc(-c3cccc(F)c3)n2)c1,0.3402228
ZINC_250K_5308,CC[C@@H](C)NC(=O)N1CCC[C@H](c2nc(-c3cccc(F)c3)no2)C1,0.3402227
ZINC_250K_2114,Cc1ccc2nc(COc3cccc(C(=O)N(C)[C@@H]4CCS(=O)(=O)C4)c3)cn2c1,0.3402225
ZINC_250K_754,COc1ccc(-n2ccc(CNC(=O)c3cc(Cl)ccc3[N+](=O)[O-])n2)cc1,0.34022242
ZINC_250K_9566,O=C(NCCOc1ccc([N+](=O)[O-])cc1)[C@@H]1CCCCN1C(=O)c1ccco1,0.34022206
ZINC_250K_9345,COc1ccc(N/C=C2\C(=O)N(CCN3CCOCC3)C(=O)C(C#N)=C2C)cc1Cl,0.3402219
ZINC_250K_3648,Cc1ccc(C)c(N2CCN(C(=O)c3ccc(Cn4c(=O)[nH]c5ccccc5c4=O)cc3)CC2)c1,0.34022185
ZINC_250K_5577,Cc1noc2nc(C3CCN(C(=O)COC[C@H]4CCCO4)CC3)cc(C(F)(F)F)c12,0.3402215
ZINC_250K_5724,COc1ccccc1N1CCN(C(=O)Cn2cnc3c(sc4cccc(F)c43)c2=O)CC1,0.34022054
ZINC_250K_6264,Cc1nnc(S[C@@H](C)C(=O)Nc2sc3c(c2C#N)CCCCC3)n1Cc1ccccc1,0.34022033
ZINC_250K_5258,CCOC(=O)[C@H]1CC(=O)N(c2ccc3oc(-c4ccc(OC)cc4)nc3c2)C1,0.34022003
ZINC_250K_7263,Cc1ccc(Cn2c(CCCC(=O)NC3CCCCCC3)nc3cccnc32)cc1,0.3402197
ZINC_250K_8134,C[C@H]1CC(C(=O)N2CCCC[C@@H]2c2ncc(-c3cccc(F)c3)[nH]2)C[C@H](C)O1,0.3402195
ZINC_250K_9711,Cc1cnc(SC[C@@H]2CCCO2)nc1[C@@H]1CCCN(C(=O)c2cccc(C(F)(F)F)c2)C1,0.3402192
ZINC_250K_1556,COc1cc(Cl)c(C)cc1NC(=O)CSc1nnnn1-c1cccc(F)c1,0.34021908
ZINC_250K_4621,Cc1ccc2[nH]nc(C(=O)NCc3nc(-c4ccc(NC(=O)Cc5ccccc5)cc4)oc3C)c2c1,0.340219
ZINC_250K_3333,COc1ccc2c(c1)c(CC(=O)Nc1ccccn1)c(C)n2C(=O)c1ccc(Cl)cc1,0.34021887
ZINC_250K_9309,COc1cccc(N2C[C@H](C(=O)NNC(=O)c3cc4c(s3)CC[C@@H](C)C4)CC2=O)c1,0.34021887
ZINC_250K_9865,O=C(CSc1nnc(-c2ccncc2)n1-c1ccccc1)Nc1cccc(N2CCCC2=O)c1,0.3402187
ZINC_250K_2841,C[C@H]1CN(Cc2ccccc2)CCN1C(=O)NCC(C)(C)N1CCOCC1,0.34021866
ZINC_250K_9455,O=C1C[C@H](C(=O)N(Cc2ccccn2)c2nc3ccc([N+](=O)[O-])cc3s2)CN1c1ccccc1,0.3402186
ZINC_250K_4180,Cc1ccccc1NC(=O)Cn1nc2c(-c3nc(-c4cccc(F)c4)no3)cccn2c1=O,0.34021854
ZINC_250K_2714,CCCn1c(CN2CCN(c3cccc[nH+]3)CC2)nc2cc(S(=O)(=O)N3CCOCC3)ccc21,0.34021837
ZINC_250K_7556,CCOc1ccc2nc(-n3nc(C)c4c3NC(=O)C[C@@H]4c3ccc(OCC(N)=O)cc3)sc2c1,0.34021828
ZINC_250K_2088,CCOc1ccc(NC(=O)[C@@H]2CC(=O)N(C)/C(=N\c3cccc(Cl)c3)S2)cc1,0.34021822
ZINC_250K_10318,COc1ccc(S(=O)(=O)N2CCC[C@@H]2C(=O)Nc2sc3c(c2C(N)=O)CCCC3)cc1,0.3402182
ZINC_250K_5995,Cc1cc2nc(SCC(=O)N3CCN(c4ccccc4F)CC3)n(CCC(C)C)c(=O)c2[nH]1,0.34021804
ZINC_250K_4426,CCOc1ccc(NC(=O)Cn2nnc(C(=O)Nc3ccc(C)cc3Cl)c2C)cc1,0.34021798
ZINC_250K_5206,COc1cccc(-n2c(SCC(=O)N[C@@H]3CCCC[C@@H]3C)nnc2-c2ccncc2)c1,0.34021798
ZINC_250K_9536,CN(C(=O)CSc1nnc(-c2ccccc2F)n1C)[C@H]1CCCc2ccccc21,0.3402176
ZINC_250K_8224,C[C@@H](Sc1nnc(C2CCCCC2)n1N)C(=O)Nc1nc(-c2cccc([N+](=O)[O-])c2)cs1,0.34021726
ZINC_250K_10411,CCc1ccc(C(=O)Nc2ccc(OC)c(S(=O)(=O)N3CCOCC3)c2)cc1,0.3402172
ZINC_250K_357,Cc1ccc(NC(=O)CSc2nnc([C@@H]3CCCN3C(=O)c3cccc(C)c3)n2C)cc1,0.34021705
ZINC_250K_8602,COc1ccc(/C=c2\s/c(=C(/C#N)c3nnc4n3CCCCC4)n(-c3ccccc3)c2=O)cc1OC,0.340217
ZINC_250K_5210,O=C(c1ccc(F)cc1)N1CCN(c2ccc([N+](=O)[O-])c(NC[C@@H]3CCCO3)c2)CC1,0.34021696
ZINC_250K_7736,O=C(Cc1ccc(F)cc1)NCCn1ncc2c(N3CCN(c4ccccc4)CC3)ncnc21,0.34021693
ZINC_250K_935,COc1ccc(CNC(=O)c2cc(N3C(=O)C(C)(C)CS3(=O)=O)ccc2Cl)cc1OC,0.34021685
ZINC_250K_2124,Cc1cc(C)n(CC(=O)Nc2ccc(F)c(Cl)c2)c(=O)c1-c1nc(-c2ccc3c(c2)OCO3)no1,0.34021673
ZINC_250K_4899,CCC(=O)N1c2ccc(S(=O)(=O)CCC(=O)NCc3ccc(Cl)cc3)cc2C[C@@H]1C,0.34021646
ZINC_250K_4674,O=C(CNc1cccc(OC2CCCC2)c1)Nc1ccc(F)cc1F,0.3402163
ZINC_250K_9324,O=C(Nc1ccc2c(c1)OC1(CCCC1)O2)[C@H]1CCCN(C(=O)c2cccc3ccccc23)C1,0.34021625
ZINC_250K_10125,COc1ccc2nc(NC(=O)c3ccc(COc4ccccc4C#N)o3)sc2c1,0.34021607
ZINC_250K_8337,CC(C)CC(=O)N1CCN(c2ccc(NC(=O)c3cc([N+](=O)[O-])ccc3N3CCOCC3)cc2)CC1,0.34021595
ZINC_250K_7874,O=C1N[C@H](CO)C(=O)N2CCN(Cc3cnn(-c4ccccc4Cl)c3)C[C@H]12,0.34021592
ZINC_250K_3705,C=CCNC(=O)c1ccccc1NC(=O)[C@H]1CC(c2cccc(F)c2)=NO1,0.34021544
ZINC_250K_1858,C[C@H]1COCCN1c1ccc(Nc2cncc(C(N)=O)n2)cc1,0.34021524
ZINC_250K_7684,O=C(Cn1cnc2ccccc2c1=O)Nc1cc(Cl)ccc1N1CCOCC1,0.34021515
ZINC_250K_8386,O=C(NCc1ccccn1)c1cccc(S(=O)(=O)N2CCN(c3ccc(F)cc3)CC2)c1,0.3402148
ZINC_250K_6855,COc1ccc(C(=O)Nc2ccc(Cl)cc2C(F)(F)F)cc1S(=O)(=O)N1CCCCC1,0.34021455
ZINC_250K_10475,CCOC(=O)N(C)c1ccc(NC(=O)N2CCC[C@H]2c2cccc(F)c2)cc1,0.34021452
ZINC_250K_5960,C[C@@H](NC(=O)C[NH+]1CCC[C@H](CN2CCOCC2)C1)c1ccc2ccccc2c1,0.34021428
ZINC_250K_5790,C[C@H](C(=O)NC1CC[NH+](Cc2cc(-c3ccccc3F)nn2C)CC1)N1CCOCC1,0.34021422
ZINC_250K_8886,COc1ccc(CNc2c(C(=O)N3CCSCC3)cnc3ccc(F)cc23)cc1OC,0.34021357
ZINC_250K_2325,O=C(Nc1ccc(N2CCOCC2)cc1)c1cccc(S(=O)(=O)NCc2ccc3c(c2)OCO3)c1,0.3402135
ZINC_250K_4170,Cc1nc(-c2ccc(CNC(=O)[C@H]3CCCN3S(=O)(=O)c3ccc(F)cc3)s2)cs1,0.34021285
ZINC_250K_721,COc1ccc(CNC(=O)N2CCc3c([nH]c4ccccc34)[C@H]2C)cc1OC,0.3402128
ZINC_250K_1914,Cc1ccccc1NC(=O)N1CCN(Cc2cc(=O)n3nc(-c4ccccc4F)sc3n2)CC1,0.34021223
ZINC_250K_2513,CCOC(=O)[C@H]1[NH+]=c2ccc(F)cc2=C1NC(=O)CN1CCc2ccccc2C1,0.3402122
ZINC_250K_4792,Cc1ccc(NC(=O)[C@@H]2CCCN(C(=O)c3ccc(Cl)cc3)C2)c(F)c1,0.34021193
ZINC_250K_1536,CC(=O)Nc1ccc(S(=O)(=O)N2CCc3ccccc3[C@H]2CC(=O)NCc2cccc(C)c2)cc1,0.34021187
ZINC_250K_9080,Cc1[nH]c2ccc(C(=O)N3CCN(c4cnn(-c5ccccc5)c(=O)c4Cl)CC3)cc2c1C,0.3402118
ZINC_250K_2064,COc1cc(NC(=O)c2ccc(CN3CCOCC3)cc2)c(OC)cc1Cl,0.34021172
ZINC_250K_2920,N#C/C(=C\c1cn(Cc2ccccc2)nc1-c1cccs1)C(=O)Nc1ccc(S(N)(=O)=O)cc1,0.34021106
ZINC_250K_4432,CCOc1ccc(NC(=O)c2sc3nc4c(cc3c2N)C[NH+](Cc2ccccc2)CC4)cc1,0.34021044
ZINC_250K_8861,CCCCOc1ccc(NC(=O)c2cc3c(n(-c4ccccc4)c2=O)CCCC3=O)cc1,0.34021044
ZINC_250K_8699,COC(=O)c1ccc(NC(=O)C[C@@H]2CSc3nc4c(cnn4-c4ccc(C)cc4C)c(=O)n32)cc1,0.3402099
ZINC_250K_7362,COc1ccc(C)cc1[C@H](C)NC(=O)[C@H]1CC(=O)N(Cc2ccccn2)C1,0.34020987
ZINC_250K_8445,Cc1cc(C)c(OCC(=O)Nc2ccc3c(c2)C(=O)N(C[C@H]2CCCO2)C3=O)cc1C,0.34020972
ZINC_250K_7571,Cn1ncnc1NC(=O)N1CC[C@H](Oc2cccc(Cl)c2)C1,0.3402093
ZINC_250K_4183,CCOC(=O)/C([O-])=N/c1nnc([C@@H]2CC(=O)N(c3ccccc3CC)C2)s1,0.34020916
ZINC_250K_9239,Cc1ccc(C)n1-c1nnc(N2CCC[C@H](C(=O)NCCCN3CCOCC3)C2)s1,0.3402091
ZINC_250K_7307,CC(=O)Nc1c(C)nn(-c2ccc(Cl)cc2)c1N1CCC(C(=O)NCCc2ccccc2)CC1,0.34020862
ZINC_250K_2948,COc1ccc(CN2C(=O)c3ccccc3C[C@]2(C)C(=O)NC2CCCCCCC2)cc1,0.34020823
ZINC_250K_10492,C[C@H]1CN(c2nc3ccccc3c3nnc(-c4cccs4)n23)CCN1C(=O)c1ccc(F)cc1F,0.34020817
ZINC_250K_9466,O=C(NCCC(=O)N1CCN(Cc2ccccc2)CC1)[C@@H]1CC(=O)N(c2ccc(F)cc2)C1,0.34020773
ZINC_250K_3297,CCc1nnc2sc(-c3ccc(OC)c(NC(=O)COc4ccc(C)cc4)c3)nn12,0.34020767
ZINC_250K_3847,Cc1ccc(C)c(NC(=O)[C@H]2CCCN(S(=O)(=O)c3cccc4nsnc34)C2)c1,0.3402076
ZINC_250K_6124,COc1ccc(-c2csc(NC(=O)CCc3cnn(C)c3)n2)cc1F,0.34020752
ZINC_250K_7198,O=C(NCCCN1CCOCC1)c1cn(-c2ccccc2)nc1-c1cccnc1,0.3402074
ZINC_250K_8748,CCN1CCc2nc3ccccc3c(C(=O)N[C@H]3CCc4ccccc43)c2C1,0.3402073
ZINC_250K_5837,CC(C)C[C@@H]1CCCN(C(=O)Nc2c[nH]nc2-c2ccccn2)C1,0.34020683
ZINC_250K_8826,O=C(COc1ccc(Cl)c2cccnc12)NCCc1nnc2n1CCCCC2,0.34020674
ZINC_250K_1844,COc1ccc(-c2n[nH]cc2C[NH+]2CCC[C@H]2c2nc3ccc(F)cc3[nH]2)c(OC)c1,0.34020627
ZINC_250K_1465,COc1cccc(CNC(=O)C2(N3C[C@@H](C)O[C@@H](C)C3)Cc3ccccc3C2)c1,0.3402062
ZINC_250K_10166,COc1nn(C)cc1C(=O)NCC1CCN(C(=O)c2cccnc2SC)CC1,0.34020606
ZINC_250K_6979,CC[NH+]1CCN(C[C@@H](C)CNC(=O)Nc2c[nH]nc2-c2ccccn2)CC1,0.34020603
ZINC_250K_6344,C[C@@H](Sc1nc(C2CC2)nc2c1c(=O)nc([O-])n2C1CC1)C(=O)Nc1ccccc1C(F)(F)F,0.3402059
ZINC_250K_7068,COC[C@H](C)[NH+]1CCN(CC(=O)NCc2ccc(C)c(F)c2)CC1,0.3402059
ZINC_250K_8684,C[C@@H](NC(=O)CN1CCN(c2ccc(C(F)(F)F)cn2)CC1)c1ccc2ccccc2c1,0.3402054
ZINC_250K_187,CCOC(=O)c1sc(NC(=O)c2ccc(-n3c(C)nc4ccccc4c3=O)cc2)cc1C,0.34020528
ZINC_250K_3377,COc1cc(C(=O)N2CCC[C@@H](c3nc4ccccc4[nH]3)C2)cc(Cl)c1OC(C)C,0.34020492
ZINC_250K_8030,CC1=NC(C)=C(S(=O)(=O)NCCC(=O)Nc2cccc(Cl)c2C)[C@H]1C(=O)N1CCCCC1,0.34020492
ZINC_250K_2736,C[C@@]1(C(=O)NC2CCCC2)Cn2c(nc3ccccc32)C(=O)N1Cc1cccc(Br)c1,0.34020483
ZINC_250K_2082,O=C(Nc1ccnn1Cc1cccc(Cl)c1Cl)[C@@H]1CCCN(S(=O)(=O)c2ccccc2)C1,0.3402047
ZINC_250K_2762,CCN(CCc1nc2ccc(OC)cc2[nH]1)C(=O)[C@@H]1CC(=O)N(C2CC2)C1,0.34020457
ZINC_250K_5244,COc1ccc2c(c1)OC[C@H](CNC(=O)CCN1CCCCCC1=O)C2,0.34020448
ZINC_250K_4122,C[C@@H]1CCc2nc3ccccc3c(C(=O)OCC(=O)N[C@H]3CCS(=O)(=O)C3)c2C1,0.34020424
ZINC_250K_1079,COCCN1CCN(C(=O)N[C@@H]2CCN(c3ccc(Cl)c(F)c3)C2)CC1=O,0.34020364
ZINC_250K_9053,CCOC(=O)NC(=O)c1c(NC(=O)[C@@H]2CCCN2S(=O)(=O)c2cccs2)sc(C)c1C,0.34020332
ZINC_250K_1569,CCOC(=O)[C@H]1CCCN(c2ncnc(NNC(=O)c3ccccc3)c2N)C1,0.34020227
ZINC_250K_8130,O=C(CCc1ncc(-c2ccc(F)cc2F)o1)N1CCN(S(=O)(=O)c2ccccc2Cl)CC1,0.34020215
ZINC_250K_2975,N#C/C(=N/Nc1ccc(S(=O)(=O)N2CCOCC2)c(Cl)c1)c1nc2ccccc2[n-]1,0.3402019
ZINC_250K_1335,C[C@@H]1Cc2ccccc2N1S(=O)(=O)CCNC(=O)[C@H]1CC(=O)N(c2cccc(F)c2)C1,0.34020072
ZINC_250K_2968,Cc1ccccc1/N=C1\S[C@H](CC(=O)Nc2cccc(Cl)c2C)C(=O)N1Cc1ccccn1,0.34020033
ZINC_250K_6752,CCOc1ccc(C(=O)Nc2cccc(C(=O)N3CCc4sccc4C3)c2C)cc1OCC,0.3402003
ZINC_250K_1923,COc1ccc2nc(-c3ccc(Cl)c(NC(=O)NCc4ccccc4)c3)cn2n1,0.34020013
ZINC_250K_4048,COc1cccc2cc(C(=O)NCC3CCN(C(=O)NC(C)(C)C)CC3)c(=O)oc12,0.3401997
ZINC_250K_351,C[C@H](Sc1nnc(-c2ccc(Cl)cc2)n1C[C@H]1CCCO1)C(=O)Nc1ccc2c(c1)OCO2,0.3401994
ZINC_250K_4796,CCC[C@H](C)N1C[C@@H](C(=O)Nc2ccc3oc(COC)nc3c2)CC1=O,0.3401993
ZINC_250K_2657,COc1ccc(CCNC(=O)[C@@]23CC[C@@](C)(c4nc5ccc([N+](=O)[O-])cc5nc42)C3(C)C)cc1OC,0.3401992
ZINC_250K_5648,COCCn1c(SCC(=O)Nc2cccc(Cl)c2Cl)nc2cc(Cl)ccc2c1=O,0.34019896
ZINC_250K_6986,COc1ccc([C@H]2CCCN2C(=O)Nc2ccc(N(C)C(C)C)c(F)c2)c(OC)c1,0.34019834
ZINC_250K_3921,O=C1[C@H]2CN(c3nccc4nc(C(F)(F)F)ccc34)CCN2C(=O)N1CCc1ccccc1,0.34019828
ZINC_250K_9344,Cc1cccnc1NC(=O)[C@H]1CCCN(C(=O)CCOc2ccccc2)C1,0.34019813
ZINC_250K_7067,Nc1c(C(=O)NC[C@H]2CCCO2)c2nc3ccccc3nc2n1-c1cccc(F)c1,0.34019807
ZINC_250K_4828,CCOc1ccccc1[C@H]1C(C#N)=C(SCC(=O)Nc2cc(C)ccc2C)N=C2CCCC(=O)[C@@H]21,0.34019774
ZINC_250K_306,c1cc(-c2nc3c4cn[nH]c4ncn3n2)ccc1COc1ccc2c(c1)CCC2,0.34019747
ZINC_250K_4501,COc1ccc(-c2cnnc(NCCN3CCCCC3=O)n2)cc1F,0.3401973
ZINC_250K_5161,O=C(Cc1cccc(CNC(=O)c2nn(-c3ccccc3)c3c2COC3)c1)NC1CCCC1,0.34019697
ZINC_250K_10369,Cc1cccc(OCCNC(=O)c2ccc(S(=O)(=O)N3CCCC[C@H]3C)cc2)c1,0.34019592
ZINC_250K_9238,Cc1ccccc1C(=O)Nc1ccc(N2CCC(n3c(C)nc4cccnc43)CC2)c(C(=O)[O-])c1,0.3401958
ZINC_250K_1058,Cc1cccc(CSC2=NC(=O)[C@H]3C(=N2)NC(=O)C[C@H]3C(=O)Nc2ccc(F)c(Cl)c2)c1,0.34019542
ZINC_250K_6950,Cc1cccc(C)c1OCC(=O)N1CCC(c2cc3nc(N(C)C)ncc3c(=O)[nH]2)CC1,0.340195
ZINC_250K_9199,Cc1sc2nc(CN3CCOCC3)nc(Oc3ccc(NC(=O)c4ccco4)cc3)c2c1C,0.34019485
ZINC_250K_82,O=C(Nc1ccc(-c2nc3ccccc3o2)cc1)[C@H]1CCCN1S(=O)(=O)c1ccc(F)cc1,0.34019485
ZINC_250K_9193,Clc1cccc(O[C@@H]2CCN(Cc3cnc(N4CCOCC4)nc3)C2)c1,0.34019446
ZINC_250K_2844,COc1ccccc1NC(=O)c1cc2c(cc1Cl)N1CCCCCC1=NS2(=O)=O,0.3401944
ZINC_250K_9385,Cc1ccccc1Cn1c(N2CC[NH+](Cc3c(F)cccc3Cl)CC2)nc2c1c(=O)[nH]c(=O)n2C,0.3401939
ZINC_250K_9113,C=CCSc1nc2c(c(=O)[nH]1)[C@@H](C(=O)Nc1ccc(OC)cc1OC)CC(=O)N2,0.34019372
ZINC_250K_7552,CCOC(=O)c1cnn([C@@H]2CCCN(C(=O)NC[C@H](C)c3ccsc3)C2)c1,0.34019366
ZINC_250K_4604,COc1ccc(CNC(=O)Cn2ncc3c(C)n(Cc4ccccc4F)c(C)c3c2=O)cc1,0.3401932
ZINC_250K_10277,COc1ccc(N2CCCN(Cc3cccc(Cl)c3)C2=O)c(NC(=O)c2ccccc2)c1,0.34019288
ZINC_250K_1772,C[C@@H](Oc1ccc(Cl)cc1Cl)C(=O)Nc1nnc([C@@H]2CC(=O)N(c3ccc(F)cc3)C2)s1,0.34019244
ZINC_250K_1190,COc1cccc(CNC(=O)CSc2nnc(-c3ccc4[nH]c(C)c(C)c4c3)o2)c1,0.3401917
ZINC_250K_8806,Cn1ncc2c1CCc1sc(NC(=O)COc3cccc(F)c3)nc1-2,0.3401916
ZINC_250K_5883,COc1cccc(-c2cc(C(=O)Nc3ccc(-c4c[nH+]c5n4CCC5)cc3)[nH]n2)c1,0.34019136
ZINC_250K_9727,CCCn1ccc2cc(NC(=O)c3cc(S(=O)(=O)N(C)C)ccc3N3CCCCC3)ccc21,0.34019113
ZINC_250K_5904,Cn1nc(C(=O)NCc2nc3ccccc3n2Cc2ccccc2)cc1NC(=O)C1CCCC1,0.34019053
ZINC_250K_3816,COc1ccc(F)cc1S(=O)(=O)N1CCC(C(=O)NCCN2CCOCC2)CC1,0.34019038
ZINC_250K_16,Cc1ccc(CNC(=O)c2ccccc2NC(=O)[C@@H]2CC(=O)N(c3ccc(C)cc3)C2)cc1,0.34018895
ZINC_250K_3285,COc1ccccc1OCC(=O)N1CCc2c(cnc(C)c2CNC(=O)c2cncs2)C1,0.34018856
ZINC_250K_10052,COc1ccc(NC(=O)NCc2cccc(C)c2)cc1N1CCCCC1=O,0.34018856
ZINC_250K_6517,Cc1ccc(N2C(=O)C[C@H](C(=O)Nc3cccc(Cn4ccnc4)c3)[C@H]2c2cccs2)cc1,0.34018767
ZINC_250K_8335,C[C@H]1Oc2ccc(-c3csc(NC(=O)COc4ccc(Cl)cc4)n3)cc2NC1=O,0.34018758
ZINC_250K_4081,C#Cc1cccc(C(=O)N2CCc3c(c(C(=O)NCc4ccccn4)nn3CCc3ccccc3)C2)c1,0.34018752
ZINC_250K_5361,CCOc1ccccc1NC(=O)c1cc(S(=O)(=O)N2CCN(c3cccc[nH+]3)CC2)ccc1F,0.34018743
ZINC_250K_7405,CC(C)c1ccc(-c2noc(CNc3ccccc3C(=O)N3CCC[C@H](O)C3)n2)cc1,0.3401874
ZINC_250K_6614,Cc1nc(CCNC(=O)[C@H]2CCC(=O)N(CCc3cccc(F)c3)C2)sc1C,0.34018713
ZINC_250K_2104,COc1ccc(S(=O)(=O)N2C[C@H](O)C[C@@H]2C(=O)OCc2nc3sc(C)c(C)c3c(=O)[nH]2)cc1,0.34018707
ZINC_250K_9598,COc1ccc(CCNC(=O)c2c(N)n(C3CCCCC3)c3nc4ccccc4nc23)cc1,0.34018695
ZINC_250K_8607,COc1cccc(NC(=O)Cn2nnc(C(=O)Nc3cc(Cl)ccc3OC)c2N)c1,0.34018603
ZINC_250K_4515,C[C@H]1CN([C@@H](CNC(=O)c2ccccc2[N+](=O)[O-])c2c(F)cccc2Cl)CCO1,0.34018597
ZINC_250K_10433,O=C(NCc1ccccc1Cl)[C@@H]1CCCN(c2nn3cc(-c4ccc(F)cc4)nc3s2)C1,0.34018564
ZINC_250K_4002,CCOC(=O)c1cc2c(=O)n3ccccc3nc2n(C[C@H]2CCCO2)c1=NC(=O)c1ccccc1F,0.34018514
ZINC_250K_8954,O=C(NCc1cccc(Cl)c1)[C@H]1CCCN(C(=O)Cc2c[nH]c3ccccc23)C1,0.34018487
ZINC_250K_2630,CCOc1ccccc1NC(=O)C1=C(C)Nc2nc(COC)nn2[C@@H]1c1ccc2c(c1)OCCCO2,0.34018487
ZINC_250K_6684,O=C(NCc1ccc(F)c(Cl)c1)NC[C@@H]1CCCN(c2ncccn2)C1,0.3401848
ZINC_250K_98,Cc1c(C(=O)N2CCOCC2)oc2c1-c1nn(CC(=O)NCc3ccco3)cc1CC2,0.34018445
ZINC_250K_4146,COc1cccc(CNC(=O)CC2CCN(C(=O)[C@@H]3N=C(C)C=C3C)CC2)c1,0.34018362
ZINC_250K_1848,COc1ccc([C@@H]2c3nc[nH]c3CCN2C(=O)c2cc(C3CC3)nc3ccccc23)cc1,0.34018314
ZINC_250K_4494,O=C1CCCc2cc(S(=O)(=O)N3CCC[C@@H](C(=O)NCc4ccccc4Cl)C3)ccc2N1,0.34018305
ZINC_250K_7281,Cc1ccc(C(=O)Nc2ccc3[nH]c(C)c([C@H](c4ccccn4)N4CCOCC4)c3c2)cc1,0.3401824
ZINC_250K_9167,CCn1cc([C@H]2C[C@@H](C(=O)Nc3ccc(Cl)cc3Cl)N(C)S(=O)(=O)N2)c(C)n1,0.3401814
ZINC_250K_53,C[C@H]1CCCN(c2ccc(C(=O)Nc3ccc(N4CCOCC4)cc3)cc2[N+](=O)[O-])C1,0.34018064
ZINC_250K_9473,COc1ccc2c(c1)C(=O)C[C@H]([C@H]1CCCN(C(=O)c3cc(-c4cn(C)nc4C)[nH]n3)C1)O2,0.3401805
ZINC_250K_3070,COc1cccc(-c2c[nH]c([C@@H]3CCCN3C(=O)Cc3cn4ccsc4n3)n2)c1,0.3401805
ZINC_250K_1146,CC(C)C(=O)Nc1ccc(S(=O)(=O)NCC2CCN(c3ncccc3C#N)CC2)cc1,0.34018025
ZINC_250K_9796,COc1cccc(OCCn2c([C@H]3CC(=O)N(C4CCCCC4)C3)nc3ccccc32)c1,0.34017882
ZINC_250K_5033,CCOc1ccc(CN2CCc3nc(Nc4ccc(F)cc4F)ncc3C2)cc1OC,0.34017605
ZINC_250K_5844,CCOC(=O)c1cnn([C@@H]2CCCN(C(=O)CCc3cccc(F)c3)C2)c1,0.34017593
ZINC_250K_7025,O=C(Nc1ccc(Cl)cc1)c1nnc(C(=O)N2CCC[C@H](C(=O)NCc3cccnc3)C2)s1,0.34017527
ZINC_250K_8367,Cc1cccc2ncnc(NCc3ccc(N4CCC(O)CC4)c(F)c3)c12,0.340175
ZINC_250K_10027,CCOC(=O)c1cnn([C@@H]2CCCN(C(=O)c3cccc(Cl)c3F)C2)c1,0.34017488
ZINC_250K_3143,CCOC(=O)c1c(N/C=C2/C(=O)N(c3ccccc3)N=C2C)sc2c1CC[C@H](C)C2,0.3401748
ZINC_250K_7243,COc1ccc(NC(=O)N2CCC[C@@H](c3nnc(C(=O)Nc4cccc(F)c4)s3)C2)cc1,0.34017414
ZINC_250K_9510,COc1ccc(S(=O)(=O)N2CCC[C@@H](C(=O)Nc3nc4c(C)cc(Cl)cc4s3)C2)cc1,0.34017396
ZINC_250K_3063,COc1ccccc1CN1C[C@@H](C(=O)NCc2noc(-c3ccccc3)n2)CCC1=O,0.34017256
ZINC_250K_6962,COCCNC(=O)N1CCC[C@@H](c2nnc(C(=O)Nc3cccc(Cl)c3)s2)C1,0.34017184
ZINC_250K_9910,CCOC(=O)[C@H]1CCCN(c2nncc(-c3cccc(F)c3)n2)C1,0.34017026
ZINC_250K_3963,COc1ccc(OC)c(NC(=O)Nc2cc(N3CCN(Cc4ccccc4)CC3)ncn2)c1,0.34016994
ZINC_250K_4454,Cc1ccc2nc(COc3ccc(C(=O)N4CCC[C@@H](c5nc6ccccc6[nH]5)C4)cc3)cn2c1,0.34016955
ZINC_250K_9540,O=C(Nc1cc(S(=O)(=O)N2CCCCCC2)ccc1OCC(F)(F)F)c1cccc2cn[nH]c12,0.3401693
ZINC_250K_2480,O=C(c1cccc(F)c1)N1CCCC[C@@H]1c1nc2c(c(=O)[nH]1)C[NH+](Cc1cccnc1)CC2,0.34016883
ZINC_250K_5517,COc1ccc(NC(=O)[C@@H]2CCCN(S(=O)(=O)c3cc4c(cc3C)NC(=O)[C@@H](C)O4)C2)cc1,0.34016857
ZINC_250K_736,COc1ccc(S(=O)(=O)N2CCOCC2)cc1NC(=O)/C=C/c1ccc(F)c(Cl)c1,0.34016806
ZINC_250K_6168,O=C(Nc1nc(-c2ccc3ccccc3c2)cs1)c1ccc(N2CCOCC2)c([N+](=O)[O-])c1,0.34016728
ZINC_250K_9315,O=C(Nc1ccc(Cl)cc1Cl)[C@H]1CC(=O)N(c2ccc(F)c([N+](=O)[O-])c2)C1,0.34016716
ZINC_250K_8008,Cc1ccc(C)c(-c2nn([C@@H](C)C(=O)NCc3ccc4c(c3)OCO4)c(=O)c3ccccc23)c1,0.34016702
ZINC_250K_8848,COc1cccc(CCn2cnc3sc4c(c3c2=O)CC[C@@H](NCc2cccc(F)c2)C4)c1,0.34016684
ZINC_250K_7799,O=C(NCc1cccc(F)c1)[C@@H]1CCCN(c2nn3cc(-c4ccc(F)cc4)nc3s2)C1,0.3401668
ZINC_250K_8449,O=C1CC[C@@H](C(=O)Nc2nc(CC(=O)N3CCN(c4ccc(Cl)cc4)CC3)cs2)N1,0.3401666
ZINC_250K_1388,Cc1cc2cc(CNC(=O)[C@H]3CCC(=O)N(CCCN4CCCC4=O)C3)ccc2[nH]1,0.3401665
ZINC_250K_8204,Cn1cc(Nc2cccc(NC(=O)[C@@H]3CCCN(C(=O)Cc4ccccc4)C3)c2)cn1,0.3401648
ZINC_250K_4113,O=C(Cn1cnc2nc(N3CCOCC3)ncc2c1=O)Nc1ccc(Cl)cc1F,0.34016415
ZINC_250K_6450,Cc1c(C(=O)NCc2cccc(Cl)c2)sc2ncnc(NC[C@@H]3CCCO3)c12,0.3401637
ZINC_250K_9982,CCOC(=O)c1cc2n(n1)C[C@@](C)(C(=O)NC1CCC(C)CC1)N(c1cccc(Cl)c1C)C2=O,0.3401625
ZINC_250K_530,Cc1noc(-c2cccnc2N2CC[C@H](NC(=O)COc3ccc(F)cc3)C2)n1,0.34016216
ZINC_250K_8226,O=C1C[C@H](C(=O)NCCC2=CCCCC2)Cc2nc(NC(=O)c3c(F)cccc3Cl)sc21,0.34016034
ZINC_250K_5140,C[C@H](CN1CCOCC1)C(=O)N1CCC(c2cc3nc(N(C)C)ncc3c(=O)[nH]2)CC1,0.3401597
ZINC_250K_6262,COc1ccc(Cl)cc1NC(=O)N1CCN(CCn2c(C(F)(F)F)nc3cccnc32)CC1,0.3401594
ZINC_250K_3563,COc1ccc(C(=O)N2CCC([C@H](Cc3ccc(F)cc3F)N(C)C(=O)c3cccnc3)CC2)cc1,0.34015736
ZINC_250K_5428,CC[C@H]1Oc2cc(S(=O)(=O)N3CCC[C@H](C(=O)Nc4cccnc4)C3)c(C)cc2NC1=O,0.3401548
ZINC_250K_7249,CCOc1ccccc1NC(=O)COC(=O)c1c2c(nc3ccccc13)CC[C@@H](C)C2,0.34015447
ZINC_250K_3312,O=C(Cn1cc(/C=C2\C(=O)Nc3cc(Cl)ccc32)c2ccccc21)NC[C@H]1CCCO1,0.34015366
ZINC_250K_4873,CCOc1ccc(NC(=O)c2ccc(N3C(=O)N4CCC5=c6ccccc6=[NH+][C@H]5[C@@]4(C)C3=O)cc2)cc1,0.34015283
ZINC_250K_5934,CC[C@@H](Oc1cccc(OC)c1)C(=O)N1CCC[C@H](c2nc3c(c(=O)[nH]2)C[NH+](C)CC3)C1,0.3401521
ZINC_250K_977,COc1cc([C@H]2C(C(=O)Nc3ccccn3)=C(C)NC3=C2C(=O)CCC3)ccc1OCc1ccccc1,0.3401505
ZINC_250K_3656,CCCC(=O)NC[C@@H]1CCCN(c2nc3ccc(OC)cc3cc2C)C1,0.34014913
ZINC_250K_739,COc1ccc(C(=O)N2CCC[C@H](C(=O)Nc3cc(Cl)ccc3F)C2)c2ccccc12,0.34014767
ZINC_250K_10130,COc1ccc2c(c1)-c1nc(-n3ncc(C(=O)N(C)[C@H](C)c4ccon4)c3C3CC3)ncc1CC2,0.34014627
ZINC_250K_10009,COc1cccc(CNC(=O)Cn2ncc3c4ccccc4n(Cc4ccc(Cl)cc4)c3c2=O)c1,0.34014603
ZINC_250K_1121,COc1c(C)cccc1CN1CCO[C@@H](c2cc(C(=O)N(C)CCO)c3ccccc3n2)C1,0.34014586
ZINC_250K_2802,Cc1nc(CCNC(=O)[C@H]2CCC(=O)N(Cc3ccccn3)C2)nc2c1CCCC2,0.34014273
ZINC_250K_2522,CCOc1ccc(NS(=O)(=O)c2cc(C(=O)Nc3cccc4cn[nH]c34)ccc2Cl)cc1,0.3401415
ZINC_250K_1374,C[C@@H](C(=O)NCc1ccccc1F)C1CCN(C(=O)c2ccc3nc(-c4ccccc4)oc3c2)CC1,0.34013918
ZINC_250K_2697,O=C(CSc1nc2cc(S(=O)(=O)N3CCOCC3)ccc2o1)N[C@H]1CCCc2ccccc21,0.34013823
ZINC_250K_4366,Cc1ccc(NC(=O)Cn2cc(-c3nnc(C[NH+]4CCC(C)CC4)o3)c3ccccc32)cc1F,0.3401372
ZINC_250K_6561,O=C(CSc1nc2ccccc2c(=O)n1C1CCCC1)Nc1ccc(F)cc1[N+](=O)[O-],0.34013683
ZINC_250K_9181,CCOc1ccc(S(=O)(=O)N2CCCCC2)cc1NC(=O)[C@H]1CC(=O)Nc2cc(F)ccc21,0.34012753
ZINC_250K_5288,COCCn1cc(NC(=O)NC[C@@H]2CCN(c3ccc(F)c(F)c3)C2)cn1,0.3401184
ZINC_250K_8498,CCOC(=O)c1c(C)oc2[nH]c(CN3CCN(c4ncc(C(F)(F)F)cc4Cl)CC3)nc(=O)c12,0.34011805
ZINC_250K_1151,Cc1ccc(C)c(N2C[C@@H](C(=O)Nc3nnc(CCNC(=O)c4ccccc4Cl)s3)CC2=O)c1,0.3401152
ZINC_250K_573,O=C(Nc1ccc(S(=O)(=O)NC[C@@H]2CCCO2)cc1)[C@H]1CC(=O)N(c2ccc(F)c(Cl)c2)C1,0.34008628
