idx,smiles,score
15850,"O=C([O-])C(O)(C(=O)[O-])C(=O)[O-]
",0.4408217
5650,"OC[C@@H](Br)[C@H](Br)CO
",0.44080698
10234,"O[C@H]1CCC2C1C1CC[C@H](O)C21
",0.44080308
30452,"CC(C)N(C(C)C)S(C)(=O)=O
",0.44079873
5408,"CCC(CC)[C@@H](C[NH3+])SC(C)C
",0.4407942
2509,"C/C(Br)=C\CCCBr
",0.44078985
35346,"[NH3+][C@@H]1CCC[C@H]1[C@@H]1CCC[NH2+]1
",0.4407891
37195,"Oc1ccc(O)c(Br)c1Br
",0.44078863
34436,"C/C(=C/C[N+](C)(C)C)C[N+](C)(C)C
",0.44078687
8698,"CC1(C)C(CN=C=S)C1(C)C
",0.44078678
35027,"CC[C@H](C)[C@H](C[NH2+]C(C)C)C(C)C
",0.44078642
22784,"[NH3+][C@@H]1CCCC[C@H]1[NH+]1CCCCC1
",0.44078603
4351,"O=c1c2c(c1=O)OCCCO2
",0.4407853
34351,"O[C@H]1CCCC[C@H]1[C@@H]1CCCCC[C@H]1O
",0.44078368
13586,"C[NH+](CC1CCC(C[NH3+])CC1)CC1CC1
",0.44078234
33663,"C[NH2+][C@]1(C[NH3+])CCCCC1(C)C
",0.44078165
25517,"O=[N+]([O-])C12CC3CC(CC(C3)C1)C2
",0.4407816
10874,"CC[C@@H](C)N(CC)[C@@H](C)C[NH3+]
",0.44078
24737,"CC(C)[NH2+]C1CC(C(C)C)C1
",0.44077966
9973,"CC[NH2+]CC[NH2+]C1C(C)(C)C1(C)C
",0.44077817
36788,"CC(C)C[C@@H](C)[NH2+][C@H](C)CC(C)C
",0.440778
20256,"C[NH2+]C1CCC([NH+](C)[C@@H](C)C2CC2)CC1
",0.440777
28876,"CSc1sc(SC)c(Br)c1Br
",0.44077688
19715,"C=CCC/C=C/CC[NH2+]C1CC1
",0.44077677
32783,"CC[NH+](C[C@H](O)C[NH2+]C)C(C)C
",0.44077614
3445,"CC1(C)CC[NH+]([C@](C)(C[NH3+])C2(C)CC2)C1
",0.44077614
27674,"CCCC[C@H](CC)[C@@H]([NH3+])C(C)C
",0.44077614
29321,"O=[N+]([O-])[C@@H]1CCS(=O)(=O)C1
",0.44077548
12131,"CCC[C@@]1(C(CC)CC)CCC[NH2+]1
",0.44077465
4091,"O=S1(=O)C[C@@H](Cl)[C@@H](C(Cl)(Cl)Cl)C1
",0.44077432
8188,"CCCC(CO)(CO)CC(C)C
",0.44077414
31790,"C[C@H](O)[C@@H](C)[NH+](CCO)CCO
",0.44077346
4652,"O=C([O-])C1(O)CCC(F)(F)CC1
",0.4407727
38008,"C[C@@H]1CCC[C@@H](C)[NH+]1[C@@H]1CCC[C@H]([NH3+])C1
",0.44077262
32367,"CCC[NH+](CCC)CC(=O)NC
",0.44077224
17534,"O=C([O-])/C=C\C(F)(C(F)(F)F)C(F)(F)F
",0.44077215
25142,"CCCC12C[C@@H]3C[C@@H](CC([NH3+])(C3)C1)C2
",0.4407721
37312,"C/C=C/COCC(CC)(CC)CS
",0.44077182
1326,"CC1(C)[C@H]2CC[C@]1(C)[C@H]([NH3+])C2
",0.44077125
35276,"[NH3+][C@@H](COP(=O)([O-])[O-])C(=O)[O-]
",0.44077125
29137,"N#CCc1ccc(Cc2ccc(CC#N)cc2)cc1
",0.44077012
34399,"CC#CC[N+](C)(C)CCCCCC
",0.44077003
19700,"CC1(C)C[NH+](CCCCC#N)C1
",0.44076955
36972,"CC[C@@H]1CCCC[C@H]1[NH2+]C1C(C)(C)C1(C)C
",0.44076946
13968,"CC(C)[C@H](C)N(C)C(=O)CC[C@@H](C)O
",0.4407694
4516,"CCCCOS(C)(=O)=O
",0.44076928
10733,"Clc1cscc1-c1cscc1Cl
",0.44076863
19475,"C[C@@H](Cl)C1CCCCCC1
",0.44076788
14217,"[NH3+]CC[NH+]1CCC(CO)CC1
",0.4407677
20839,"C=CCCC[C@@]1(C)CCCCC[NH2+]1
",0.44076705
20254,"CC(C)(C)c1ccc(C=C2C[NH2+]C2)cc1
",0.4407667
28964,"CCC(=O)[C@H](CC)C(=O)OC
",0.44076654
35343,"C[NH+](C)CC(=O)OCC[N+](C)(C)C
",0.44076636
35786,"FC(F)(F)[C@@H]1C[NH2+]C[C@H](C(F)(F)F)C1
",0.44076622
10086,"CC(C)(C#CC#CC(C)(C)OCCC#N)OCCC#N
",0.44076622
31515,"C=C1c2ccccc2C=Cc2ccccc21
",0.44076595
8583,"O=C1O[C@@H]2C=C[C@@H]3OC(=O)[C@@H]4C=C[C@H]1C4C32
",0.44076547
13880,"Cc1scnc1Br
",0.44076538
11189,"CC[C@H](C)S[C@@H](C)CCO
",0.4407653
39585,"CC[C@@H](CS)C[NH+](CC)CCO
",0.44076437
12602,"CC(C)CC1([NH3+])CCC(F)(F)CC1
",0.44076398
7930,"O=C(C1CC1)N(C1CCCC1)C1CCCC1
",0.44076386
18745,"C[C@@H]1C[C@@H]([NH+]2C[C@H](O)[C@H](O)C2)CC(C)(C)C1
",0.44076335
38223,"C=CC[S@](=O)C/C=C\[S@](=O)CC
",0.44076306
9356,"COC(C)(C)C[C@H](C)[C@@H](C)O
",0.4407627
4783,"C[C@H]1CCC[C@H](C)C1[NH2+]C1CCC(O)CC1
",0.44076252
7098,"CCO[C@H]1[C@@H](OCC)N(S(C)(=O)=O)CCN1S(C)(=O)=O
",0.44076243
14339,"C[C@@H]([NH2+]C(C)(C)CO)C1(C)CC1
",0.44076243
28548,"CC(C)c1n[nH]c(=S)n1C
",0.44076228
19406,"N#C[C@H]1CS(=O)(=O)C[C@@H]1O
",0.44076222
8703,"ClCC[NH+]1C[C@H]2[C@@H]3CC[C@@H](C3)[C@H]2C1
",0.44076204
20020,"C=CCc1c(Cl)nc(Cl)nc1Cl
",0.44076195
35504,"C=C(C(=O)Cl)C(F)(F)F
",0.4407614
27088,"C[C@@H]1C[NH2+]CC[C@@H]1[NH+]1CCC(C)(C)C1
",0.4407612
11068,"CC(C)([C@@H]([NH3+])C1CC1)[NH+]1CCCC1
",0.44076112
30504,"CC(C)CC1(CCOC(C)C)C[NH2+]C1
",0.44076103
12397,"CS(=O)(=O)CS(=O)(=O)OCCCl
",0.4407608
37012,"CC(C)[C@H](C)[NH+](C)C[C@H]1CC[NH2+][C@H]1C
",0.4407607
26655,"COC(=O)C[C@@H](C=O)C(=O)OC
",0.4407606
38291,"N#CC1(N2CCN(C3(C#N)CCCCC3)CC2)CCCCC1
",0.44076046
28881,"c1ccc([C@@H]2C[NH2+]C[C@H]2c2ccccc2)cc1
",0.44076002
27539,"CCCCC[NH+]1CCC(NC)CC1
",0.44075993
30464,"OC[C@@H](Br)C(F)(F)Br
",0.4407597
24054,"CCC[C@](C)(C[NH3+])C[NH+]1C[C@@H](C)[C@@H](C)C1
",0.44075918
13133,"C[NH2+]C1C[C@@H]2CC[C@H](C1)[NH+]2[C@H]1CCCCC1(C)C
",0.44075894
19409,"O=C([O-])C(Cl)(c1ccccc1)c1ccccc1
",0.44075868
15289,"C[C@H]1CCC[C@@H](C[N+](C)(C)C2CCCC2)C1
",0.44075862
22612,"CC[NH+](C)[C@@H]1CCCCCCCCCC[C@@H]1[NH3+]
",0.44075844
16410,"CC[NH2+][C@@H](CC)C(C)(C)[NH+]1CCCCC1
",0.44075835
5945,"CCC(CC)C1(C[NH2+]C)CCCC1
",0.44075826
13004,"OC/C=C/c1c(F)c(F)c(F)c(F)c1F
",0.44075775
29144,"CCN(CC)C(=O)[C@H](C)Cl
",0.4407576
14819,"Cc1cc(Br)cc(C)c1N(C)C
",0.44075713
36578,"ClC/C=C/C[N+]12CN3CN(CN(C3)C1)C2
",0.44075668
11543,"O=c1[nH]c2c(c(=O)[nH]1)C[NH2+]C2
",0.44075626
35547,"CC(C)[C@H]1CN(C2C(C)(C)C2(C)C)[C@H](C(C)C)C[NH2+]1
",0.44075593
18055,"[O-]c1cc(C(F)(F)F)ncn1
",0.4407556
136,"CCOC[C@H]([NH3+])CSCC
",0.44075534
16605,"CC[C@H](Cl)C1CCC(C)CC1
",0.4407552
5444,"O=Cc1ccc(/C=C\c2ccccc2)cc1
",0.4407552
29250,"CC[NH2+][C@@H]1CCC[C@@H]1CC[NH+]1CCCCC1
",0.4407551
24785,"CC[C@@H]1CCC[C@H](CBr)C1
",0.440755
35330,"COC(=O)/C=C/SC(C)(C)C
",0.44075492
30770,"CCC(CC)[C@@H](CCC(F)(F)F)[NH2+]C
",0.44075465
35171,"CC(C)[NH+]1[C@H](c2ccccc2)[C@H]1c1ccccc1
",0.44075453
18935,"CC1(C)CC[C@H]2[NH2+]C3(CCCC3)CO[C@H]21
",0.44075444
39539,"C[NH2+][C@@H](COC)C1CCC(C(C)C)CC1
",0.44075435
20987,"c1ccc(Oc2ncccn2)cc1
",0.44075435
13681,"C=COC(=O)N1CCCCC1
",0.44075435
9913,"[NH3+]C[C@@H]1CCCCC[C@H]1[NH+]1CCCC1
",0.44075423
29211,"COC(=O)[C@@H](C)[C@H](C)[NH2+][C@@H](C)C(=O)N(C)C
",0.44075418
32700,"OC[C@@H]1O[C@@H](O)[C@@H](F)[C@H](O)[C@H]1O
",0.44075418
29505,"CCCN(C(=O)C([NH3+])(CC)CC)C(C)C
",0.4407541
848,"CCSC(SCC)=C1C(=O)CC(C)(C)CC1=O
",0.44075382
35334,"Nc1c2ccccc2c2ccccc2[n+]1N
",0.44075352
35543,"CC1(C)CCC[C@@H]1[C@@H]1CC[NH2+]C1
",0.44075352
8130,"C=C[C@H](C)O[C@H]1CC[C@H]([NH3+])C1
",0.44075343
20919,"CCC[C@@H](C[NH3+])[C@@](C)(O)CC
",0.44075343
38867,"CCOC(=O)[C@@H](CC)C(C)=O
",0.44075334
16040,"CCCOC[C@H]1CC[C@H](Br)C1
",0.44075325
9192,"CC[NH+](CCC#N)C[C@@H](CS)C(C)(C)C
",0.44075325
1316,"C[C@@H]([NH3+])[C@H]([NH+](C)CC(C)(C)O)C(C)(C)C
",0.44075298
28534,"CS(=O)(=O)[C@@H]1CCC[C@H](S(N)(=O)=O)C1
",0.44075298
511,"[NH3+][C@@H]1CCC[C@H]1CCOC1CCCCC1
",0.44075283
18842,"CCCSC[C@@H]([NH3+])[C@@H](C)CC
",0.44075277
7248,"OC1[C@@H]2OC3(CCCCC3)O[C@@H]2C(O)[C@H]2OC3(CCCCC3)O[C@H]12
",0.44075277
8480,"C[NH2+][C@H]1CCC[C@@H]([NH+](C)[C@H](C)C2CC2)C1
",0.44075274
24244,"C[C@@H]1CCC[C@@H]([C@H]([NH3+])C[NH+](C)C)C1
",0.44075274
34669,"CC[C@H](C)N[C@H](C#N)CN=[N+]=[N-]
",0.44075245
37954,"C1CC[C@@H]2S[C@@H]3CCCC[C@H]3N=C2C1
",0.44075242
28868,"CN[C@]1(C)[C@@H]2CC[C@@H](C2)C1(C)C
",0.44075215
38117,"C[NH2+][C@@H](C1CC1)C(C)(C)[NH+]1CCCC1
",0.44075215
37867,"CS(=O)(=O)[C@@H]1CCC[C@H]([NH2+]C2CC2)C1
",0.44075215
6482,"NC(=O)CSCC(F)(F)F
",0.44075194
25807,"C#C[C@@H](NC)C(CC)(CC)[NH+](C)C
",0.44075185
34520,"CC(C)[C@H](C1CCCC1)[C@H](C)O
",0.44075173
26292,"CC(=O)/C=C(/C)NCC(=O)[O-]
",0.44075164
27210,"CCOC(OCC)[C@H](O)c1cncnc1
",0.44075158
6224,"C[C@H]1CCC[C@H](CBr)CC1
",0.4407515
29938,"CS(=O)(=O)c1ccc(Cl)nn1
",0.44075143
7529,"Clc1cc(Br)cc(Cl)c1CBr
",0.44075143
2092,"CN(C/C=C/CS)CCC#N
",0.44075134
15460,"CC1(C)C(C[NH2+]C[C@@H]2CCC[C@H]2[NH3+])C1(C)C
",0.4407511
38183,"C=CCNC(=O)C[NH2+]C1CC1
",0.44075102
31663,"CC(C)C[NH+](CC(C)C)[C@@H](C)[C@@H](C)C(=O)NN
",0.4407507
16453,"CCC(CC)C(=O)CC(F)(F)F
",0.44075066
38919,"Nc1ccc(/N=N\c2ccccc2)c(N)c1
",0.44075048
30746,"CS(=O)(=O)O[C@@H]1C=CS(=O)(=O)C1
",0.44075027
30339,"CC[C@]1(C[NH+]2CCC(C)(C)C2)CCC[NH2+]C1
",0.44075018
35221,"OC1(C#CI)CCCCC1
",0.44075015
27568,"C[C@H]([NH2+][C@@H](C)C12CC3CC(CC(C3)C1)C2)[C@@H](C)C(=O)[O-]
",0.4407501
35137,"C[C@H]([NH3+])[C@@H](C)c1ccccc1Br
",0.4407501
14686,"COC(OC)[C@@](C)(O)C=C(C)C
",0.4407499
28239,"CCO[n+]1ccc(-c2cc[n+](OCC)cc2)cc1
",0.44074965
28778,"NC(=O)N[C@@H]1CS(=O)(=O)C[C@@H]1O
",0.44074944
14110,"C[C@H]([C@H]1CCC[NH2+]C1)[NH+]1CC2(CCCC2)C1
",0.4407494
20742,"Oc1ccc([C@@H]2CN[C@H](c3ccc(O)cc3)CN2)cc1
",0.44074932
3274,"CC(C)[NH2+]C[C@H](C)[NH+]1C[C@H](C)[C@@H](C)C1
",0.44074908
25184,"C[NH2+]C/C(C)=C/C1CCCCC1
",0.44074908
30075,"CCO[C@@H]1NC(=O)[C@H](OCC)NC1=O
",0.44074902
12035,"CCCOC[C@@H]([NH3+])C(C)(C)N(C)C
",0.440749
35988,"C1C[NH+](C[C@H]2C[C@H]3CC[C@@H]2C3)CCC1C[NH2+]C1CC1
",0.4407489
39665,"CCCN(CCC[NH3+])C(=O)N(CC)CC
",0.44074857
29278,"C[C@H]1C[C@H]1C(=O)N(C)CCN(C)C(=O)[C@@H]1C[C@H]1C
",0.44074857
34862,"CC(C)([NH3+])CC12CC3CC(CC(C3)C1)C2
",0.44074848
1895,"CC(C)[NH2+][C@H](C)[C@@H](C)Cc1ncnn1C(C)C
",0.44074842
9522,"CCC[NH+]1CCC(NC(=O)CC)CC1
",0.44074842
30058,"CC(C)CC[C@@H](C)[C@@](C)(O)C(=O)[O-]
",0.4407484
31095,"[NH3+]C[C@@H](O)Cc1ccccc1
",0.44074824
28633,"CC(C)C[NH+]1CCC[C@H]1C[NH2+]C(C1CC1)C1CC1
",0.44074824
13259,"C#CCOCOCC#C[C@H](C)CCC=C
",0.44074807
10262,"CC(C)(C)CNC/C(Cl)=C/Cl
",0.44074783
7516,"N#CC1=C[C@@H](Br)[C@@]23CC12[C@@H](Br)C=C3C#N
",0.4407478
20428,"Cc1[nH]c(=O)[nH]c(=O)c1S(=O)(=O)[O-]
",0.44074768
33713,"CC1(C)CCC[C@@]1(C(=O)[O-])[NH+]1CCNCC1
",0.4407476
18480,"C[C@@H]1C[NH2+]C[C@@H](C)N1C(=O)C1C(C)(C)C1(C)C
",0.4407475
6382,"CC(C)(C)N(CC(N)=O)C(=O)[O-]
",0.44074747
14271,"C=C(C)C[C@H](CCC(C)C)[NH2+]CC
",0.44074732
27899,"CC1(C)[C@H]2CC[C@](C)(C2)[C@@H]1[NH2+][C@@H]1CCNC1
",0.44074723
28891,"S=C1N=CC2=CC=CCN12
",0.44074723
366,"CCC[C@@H]1CCC[NH+](CCCCS)CC1
",0.44074714
2566,"N=C(NN=Cc1ccncc1)NN=Cc1ccncc1
",0.44074705
29225,"C=CCC(=O)C(C)(C)[NH+]1CCCCCC1
",0.44074684
27556,"C[NH+](C)CC1CC[NH+](CC[C@H]2CCC[C@@H]2[NH3+])CC1
",0.4407468
5042,"C[C@@H](N(C)[C@@H]1CC[NH2+]C1)C1(C)CC1
",0.44074675
29800,"C=CCCCOC(F)(F)C(=O)[O-]
",0.44074675
16549,"CC(C)[NH2+]C[C@H]1C[C@@H]2C=C[C@H]1C2
",0.44074675
37618,"[NH3+][C@@H]1C=C[C@@H](C[NH2+]CC(C2CC2)C2CC2)C1
",0.4407465
6379,"CCC[NH+]1CC[C@@H](NN)[C@H](C)C1
",0.4407465
7460,"[NH3+][C@@H](Cc1cncnc1)C(=O)[O-]
",0.4407464
18234,"CCC/C=C/[C@@H]1OC[C@@H](C)O1
",0.4407463
36432,"CC[C@H](C)[C@H]([NH3+])C[NH+]1C[C@@H](C)[C@@H](C)C1
",0.440746
38906,"C#CCCN(C)CCS(C)(=O)=O
",0.440746
31177,"CCN[C@@H]1CCC[NH+](C(C)C)C1
",0.44074592
24962,"C=CCS(=O)(=O)N1[C@H](C)C[NH2+]C[C@H]1C
",0.4407459
27422,"CCC(CC)C[NH+]1C[C@@H]([NH3+])C[C@@H](C)C1
",0.4407458
14001,"Cc1cc([N+](=O)[O-])cc([N+](=O)[O-])c1
",0.44074556
23338,"CCCC[C@@H](CC1CCC1)[NH2+]C
",0.4407453
12900,"Cc1no[n+]([O-])c1CC(C)C
",0.44074523
6802,"CC(=O)OCC[C@@H](C)OC(C)=O
",0.4407451
30569,"COC(=O)[C@](C)(CBr)OC
",0.440745
18208,"CC(=O)Cc1c(C)n[nH]c1C
",0.4407449
11804,"OC[C@@H]1CCCC[NH+]1CCS
",0.44074482
6086,"CC[C@@H](C)[NH+](C)CCNS(C)(=O)=O
",0.44074473
28283,"CC(=O)C(c1ccccc1)c1ccccc1
",0.44074437
9391,"C[C@@H](CBr)c1ccccc1
",0.44074425
18175,"CC[C@@H](C)[NH2+][C@H](CN=[N+]=[N-])C(=O)[O-]
",0.44074425
20865,"O=C1C=CS(=O)(=O)[C@@H]2[C@@H]3C=C[C@@H](C3)[C@@H]12
",0.44074398
6556,"CC[NH+](CC)CC[C@@H]1CCC[C@@H]1O
",0.44074398
12949,"O=C1OC[C@H](C(F)(F)F)O1
",0.4407439
5195,"CCCC1(CCC)C[NH+]([C@H](C)[C@@H]2CCC[NH2+]C2)C1
",0.4407439
7272,"CC(C)[C@@H](O)[C@@H](C)c1ccc(N(C)C)cc1
",0.44074383
14328,"CN(C)NC(=S)N[C@@H]1C[C@H]2CC[C@@H]1C2
",0.4407438
21220,"C[C@@H](O)CCC(=O)N(C)CC(=O)N(C)C
",0.4407437
1318,"O=C([C@H]1CCCC[C@@H]1C(=O)N1CCCCC1)N1CCCCC1
",0.4407437
14206,"CC1(C)CC[NH+](CCC(=O)[O-])C1
",0.44074365
29773,"OCC1([NH+]2CCCC2)CC[NH2+]CC1
",0.44074357
27892,"CN(CC[C@@H]1CCCC[NH+]1C)C1CCSCC1
",0.44074354
3401,"O=CNc1ccc(Br)cc1
",0.44074333
35139,"Cc1ccsc1[C@H](C)[C@H](C)[NH2+]C(C)C
",0.44074324
5266,"CN(CC(C)(C)O)C(=O)CCCCO
",0.44074315
11591,"CCO/C=C1\SC(=O)NC1=S
",0.44074312
17998,"CC(C)C[NH+](C(C)C)[C@@]1(CN)CSCC(C)(C)C1
",0.44074306
3070,"BrCC1(C[C@@H]2C[C@H]3CC[C@@H]2C3)CCCC1
",0.440743
23378,"C[NH+]1CCC(OCCO)CC1
",0.44074273
10445,"CC1=CC(=O)C(C)=C(C)C1=O
",0.44074258
18528,"CS(=O)(=O)O[C@H]1C[NH+]2CCC1CC2
",0.44074258
39467,"C[C@H]1CC[C@H]([NH2+][C@@H]2CCNC2)[C@@H]1C
",0.4407423
4083,"COC[C@H](C)[C@@](C)(O)C(=O)[O-]
",0.44074228
34666,"C[C@@H]1CCC[C@@H](C2(O)C[NH2+]C2)[NH2+]1
",0.44074222
21311,"C[NH+](CN1C(=O)CSC1=O)CN1C(=O)CSC1=O
",0.44074222
13642,"CCC([NH3+])(CC)C(=O)N1CC[NH2+]CC1
",0.440742
12525,"C[C@H](C[NH3+])[C@@H](C)[NH+](C)C1CCC(C)(C)CC1
",0.4407418
38652,"Nc1ccc[n+]([O-])c1C(=O)[O-]
",0.44074172
11261,"[NH3+][C@H]1CC[C@@H]([NH+]2CCC(C[NH+]3CCCC3)CC2)C1
",0.44074166
36571,"CC1(C)CCC[C@@H]([NH2+]CC2C(C)(C)C2(C)C)C1
",0.44074166
37256,"CNC(=S)NN=C1CCCCCC1
",0.44074163
34166,"[O-][N+]12CCCC[C@H]1CCC[C@H]2CO
",0.44074163
16793,"O=C(F)c1ccc(Br)cc1
",0.44074157
28676,"CC[C@H]1C[NH2+]CCC12CCC2
",0.44074157
28374,"CC(C)(C)C[NH+]1CCC(OCCC[NH3+])CC1
",0.44074154
26805,"CC(C)CC[NH+]1CCSC(C)(C)C1
",0.44074136
17076,"CC(C)CCNC(=O)[C@@H](C)Br
",0.4407413
14000,"C[C@@H]1C[NH2+][C@@H]2[C@H](CCCC2(C)C)S1
",0.4407413
6921,"CC[C@@H](CC(N)=[NH2+])[NH+](C)CC
",0.44074124
29646,"CC[NH+](C)CC[C@H]1CCC[C@@H]1[NH3+]
",0.4407412
1850,"O=C([O-])c1ccc(C(=O)[O-])c(Br)c1
",0.4407412
16444,"O=C([O-])C1=CN=N[C@@H]1[N+](=O)[O-]
",0.4407412
17620,"C[C@H]1[C@@H](C(=O)[O-])CC[NH+]1CC(F)(F)F
",0.44074112
15826,"C[C@@H]([NH2+]C1C(C)(C)C1(C)C)C(=O)NC(C)(C)C
",0.44074103
21708,"CCC[NH+](CCC)[C@@H]1CCC[C@H]([NH2+]C)C1
",0.44074094
39855,"CCN[C@]1(C#N)CCCC1(C)C
",0.44074094
37397,"CN1C(=O)C(=Cc2ccc(C=C3C(=O)N(C)C(=O)N(C)C3=O)cc2)C(=O)N(C)C1=O
",0.44074082
22801,"CC[C@H](C(=O)[O-])[NH+](C)C1CCC([NH3+])CC1
",0.4407408
8175,"CCOC(=O)C1(C(C)=O)CC(C)(C)C1
",0.44074073
4835,"O[C@@H]1CCCC[C@@H]1CC(F)(F)F
",0.44074038
30242,"CCOc1ccccc1OC/C=C/C[NH+](C)C
",0.44074038
5836,"CC[C@](C)(c1ccccc1)[C@@](C)(O)c1ccccc1
",0.44074032
273,"C=CCC[C@@H](O)C1([NH+]2CCCCC2)CCCC1
",0.4407403
3666,"NS(=O)(=O)[C@@H]1CCCOC1
",0.44074023
33382,"CC(=O)NNC(=O)CSC[C@@H]([NH3+])C(=O)[O-]
",0.4407402
22302,"CC(C)(C)c1cc(Cl)ncn1
",0.44074014
27235,"C[C@H]1CCC[NH+](CCCCl)C1
",0.44074
2445,"[NH3+]CCCOc1ccccn1
",0.4407399
16666,"CC[C@H](C)N(CC)S(N)(=O)=O
",0.4407399
10659,"CC(C)(C)C(=O)NCC(C)(C)[NH+]1CCCCC1
",0.4407399
23616,"CN(C)C[C@@H]([NH3+])c1ccoc1
",0.44073987
15354,"C=C1C(=O)[C@]2(C)CC[C@H]1C2(C)C
",0.44073963
21940,"ClC1(Cl)[C@@H](c2ccccc2)[C@@H]1c1ccccc1
",0.44073954
37999,"CCC[NH2+]C1CC(C(=O)[O-])C1
",0.4407394
6279,"CN(C)C[C@H]1CCC[NH+]1CC1(CS)CCCC1
",0.44073936
7293,"NOc1ccc(C(N)=O)nn1
",0.44073936
9173,"CC[C@H](C(=O)[O-])[NH+](C)C1CCC([NH2+]C)CC1
",0.4407393
39235,"C1CCC([NH2+]C[C@@H]2CC[C@@H]3CCCC[C@@H]3[NH2+]2)CC1
",0.44073898
23977,"CCCOC[C@H]([NH2+]C)[C@H]1CC[C@H](CC)C1
",0.44073898
14589,"CCOC(=O)/C=C/C(=O)Cl
",0.44073886
36642,"CC(C)=C[C@H]1[C@@H](CO)C1(C)C
",0.4407387
9126,"C=C(C)C[NH+]1CC[C@H](C(=O)[O-])[C@H]1C
",0.44073862
39549,"C[C@H](Cc1ccc(N)cc1)C(=O)[O-]
",0.44073853
4568,"CC[C@@H](C)[C@@H](C)[NH+]1CCC(=O)[C@H](C)[C@@H]1C
",0.44073835
25225,"N[C@@H](C[NH+](CCO)CCO)C(=O)[O-]
",0.4407383
16182,"C[NH2+]C1CCC(O)(C[C@@H]2C[C@H]3CC[C@@H]2C3)CC1
",0.44073823
13044,"C[C@@H]1C[NH+](C[C@]2(C)CC[NH2+]C2)C[C@H]1C
",0.44073823
9899,"CC(C)C1C[NH+](C(C)(C)C[NH3+])C1
",0.4407382
30901,"C[C@@H]([NH3+])[C@H](C)c1ccsc1
",0.44073796
8315,"CC(C)[C@H](CO)NC(=O)CC1CC1
",0.44073793
30201,"C[NH+](CC(C)(C)C[NH3+])C1CCC1
",0.44073787
15383,"N=[S@](N)c1cnc(N)s1
",0.44073763
13517,"C[NH+](CCC(=O)OC(C)(C)C)CC(C)(C)O
",0.4407376
30480,"CC(C)(C[C@@H](O)C(F)(F)F)C(=O)[O-]
",0.44073755
13769,"CCC1CC[NH+](C[C@@H](CS)C(C)(C)C)CC1
",0.4407374
13367,"C[C@H]1C[NH+](C[C@H]2CC=CCC2)C[C@H](C)S1
",0.44073737
8139,"N#Cc1ccnc(CBr)c1
",0.4407373
18164,"CC1(C)CC[NH+](C[C@@H]2CCCCC[NH2+]2)C1
",0.4407373
8934,"CCCCN(C)C(=O)CC[NH3+]
",0.4407373
4559,"C[NH2+]C[C@H](C)C(=O)NCC(C)C
",0.44073722
22497,"NC1=C(N)C(=O)c2ccccc2C1=O
",0.44073704
27275,"CCC(CC)[C@]1([NH3+])C[C@H]2CC[C@@H]1C2
",0.44073704
4987,"C[NH+](CC1CCC1)[C@@H]1CC[C@H](O)C1
",0.44073695
8648,"C[C@H](C(=O)[O-])[C@H](C)c1ccoc1
",0.4407369
9267,"C[C@H](CCS)CC[NH+]1CCC(C)(C)CC1
",0.4407369
17921,"CC#CC[C@H]([NH3+])[C@H]1CSCCS1
",0.44073686
11269,"N#CCC[NH+](CCCCS)C1CC1
",0.44073686
6215,"c1ccc2c(c1)CC1(CC[NH2+]CC1)C2
",0.44073677
32223,"C[NH2+][C@H](c1ccc(F)cc1)[C@@H](C)OC
",0.44073656
28378,"CC[NH+](CC)[C@](C)(CC)[C@H]([NH3+])C=C(C)C
",0.44073656
28316,"CCC(C(=O)OC(C)(C)C)(C(F)(F)F)C(F)(F)F
",0.44073653
24513,"CC(C)[NH+](C[C@@H](C)O)C1CCSCC1
",0.44073638
23435,"CN(C)S(=O)(=O)N(C)c1ccccc1
",0.44073635
39831,"CN(CC[NH+](C)C)C[C@@H]1CCC(C)(C)[C@H]1[NH3+]
",0.4407362
10133,"CC/C=C/C/C=C\CCOC(C)=O
",0.44073614
27427,"CC(C)C[C@H](O)C(C)(C)[NH+]1CCCCCC1
",0.44073611
24929,"c1[nH]c2c([nH+]1)CCCCCC2
",0.44073606
7288,"CCCN[C@]1(C#N)CCCCC1(C)C
",0.44073585
36028,"CC(C)NC(=O)C(C)(C)Br
",0.4407358
8133,"CCC(CC)(CC)[NH2+]Cc1noc(C(C)(C)C)n1
",0.4407357
37035,"CCC[C@@H](C)C[C@H](C)[C@@H](C)[NH2+]C1CC1
",0.44073564
24469,"O/N=C(Nc1ccccc1)\C(=N/O)Nc1ccccc1
",0.44073552
979,"C[C@H]1CCCC[C@@H]1[NH+]1C[C@@H]([NH3+])C[C@@H](C)C1
",0.44073546
27435,"CCS(=O)(=O)CCC[C@]1(C)CCCCC[NH2+]1
",0.44073546
6188,"C[C@@H](O)[C@@H]1CCC[C@H](S(C)(=O)=O)C1
",0.44073546
7292,"CN1C(=O)N[C@@H]2C[NH2+]CC[C@H]21
",0.44073546
30693,"CCC[NH2+][C@H]([C@H](C)CC)C(C)(C)[NH+]1CCCCCC1
",0.44073543
14842,"CC[C@@H]([NH2+]C)[C@@H]1CSCCO1
",0.44073528
20114,"CCCCCC(=O)NNC(=O)C(=O)NC1CC1
",0.4407352
38437,"CC(C)[C@@H](O)[C@H]1CSCCO1
",0.4407352
4026,"C[C@@H]1CC(c2ccccc2)(c2ccccc2)C[NH+]1C
",0.4407352
25981,"C[NH2+]Cc1c(C)nn(C)c1C
",0.44073513
25088,"C[C@@H]1CN([C@@H]([C@@H](C)[NH3+])C(F)(F)F)C[C@@H]1C
",0.4407351
11486,"C[C@H](C(=O)[O-])n1c(=O)ssc1=O
",0.44073504
31458,"C[NH2+][C@@H](C1CCCC1)[C@H]1CSCCS1
",0.440735
21217,"O=C([O-])[C@@H](O)c1cscc1Br
",0.44073492
31299,"Fc1c(F)c(F)c(CSc2cn[nH]n2)c(F)c1F
",0.44073486
37281,"C[C@H]1CO[C@@H](C23CC4CC(CC(C4)C2)C3)C[NH2+]1
",0.44073477
9210,"C[NH2+][C@H]1CCC[C@H]1C[NH+](C)C1CCC(C)(C)CC1
",0.44073477
35837,"NN[C@H](Br)Cc1ccccc1
",0.4407347
33323,"C[C@H](C[C@H]1CCC[NH2+]1)[NH2+][C@@H]1CC1(C)C
",0.44073468
36020,"N#C[C@H]1CCC[C@H]1N[C@H]1CCC[C@@H]([NH3+])C1
",0.44073462
20057,"CC1(C)C(=O)[C@]2(C)CC[C@H]1C2
",0.44073462
4965,"NNC(=S)NNc1ccccc1
",0.44073454
35080,"CC[C@H]1CCC[NH+]1[C@@H](C)[C@@H](C)C[NH2+]C(C)(C)C
",0.44073454
3408,"O=C1CC2CC(=O)CC2(C2CC=CC2)C1
",0.4407345
20938,"C[C@@H]1CC([NH2+]C2CC[NH+](C3CCCCC3)CC2)C[C@@H](C)O1
",0.44073445
32531,"CCC1=CC(=O)[C@H](C)[C@H](CC)[C@@H]1C
",0.4407344
23406,"C[C@H]1CC[C@@H](O)[C@H](CCO)C1
",0.44073436
33620,"CC(C)OC(=O)O[C@H]1CCC[NH2+]C1
",0.44073427
26339,"FO[C@H](NNc1ccccc1)C(F)F
",0.44073427
21929,"CC1CCC(C(=O)C(C)(C)[NH+](C)C)CC1
",0.44073427
12470,"O=C([O-])C[NH+]1CC2(CCCC2)C1
",0.44073418
34933,"CCC[C@H](C)C(=O)NC[C@@H](C)[NH+](C)C
",0.44073412
11687,"C[NH2+]C[C@H]1CCO[C@@H]1C1CCC(C)CC1
",0.44073412
11707,"O=C1C(=O)/C(=C/c2ccccc2)CCC/C1=C/c1ccccc1
",0.44073397
37340,"Cc1nc2c(Cl)nc(Cl)nc2s1
",0.44073397
23396,"CC(C)[C@H]1CC[C@@H](C)C[C@@H]1OC=O
",0.44073376
18563,"CC(C)CCC[C@H](C)[NH2+]C1CCCC1
",0.44073376
20511,"C[C@H]1CC(C)(C)C[C@@](O)([C@@H](C)C#N)C1
",0.4407337
15054,"C[C@@H]([NH2+]C1CCCCCC1)[C@@H]1CCC[NH+](C)C1
",0.4407336
16041,"CCC[C@H](S)c1ccccc1
",0.4407336
31260,"CC[C@@](C)(NC(=O)N(C)CCO)C(=O)[O-]
",0.44073352
27954,"Nc1ccc(S(=O)(=O)[N-][N+](=O)[O-])cc1
",0.44073346
38218,"CCCC1CC[NH+]([C@H](C)[C@H](C)C[NH2+]C2CC2)CC1
",0.44073343
38136,"C[C@](N)(C(=O)NCCC(F)(F)F)C(F)(F)F
",0.44073343
18620,"CC1(C)OC(C)(C)[C@H](C[NH+]2CCCCCCC2)[C@@H]1N
",0.44073334
34507,"CCOC(=O)C[NH+](C)C1CC1
",0.44073325
38165,"CN[C@H](CC[C@H]([NH3+])C(=O)[O-])C(F)(F)F
",0.44073325
11312,"O=C(CCC1CCCCC1)NNC(=O)CC1CCC1
",0.4407332
2575,"CCOC(=O)C1CCCCC1
",0.44073313
33726,"CC(C)[C@H]([NH2+]Cc1ccncc1)C(=O)[O-]
",0.44073305
9982,"C[C@@H]1SCCC[C@H]1[NH2+]CC1CC1
",0.44073296
29887,"C[NH2+]C1CCC([NH+](C)[C@H]2CCC[C@H](C)[C@H]2C)CC1
",0.44073287
20519,"CC(C)[C@H]1C[S@](=O)[C@@H](C)CC[NH2+]1
",0.44073287
11518,"CCCC(=O)/C(=C/NC(N)=O)C(=O)[O-]
",0.44073278
26557,"O[C@H]1C=C[C@@]23C=CC=C[C@@]12CCCC3
",0.4407327
36792,"CCC(=O)c1cscc1Br
",0.4407326
34594,"CC[NH2+][C@@H]1CCC[C@@H]1CCOC1CCC(C)CC1
",0.4407325
2814,"C[NH+](C)C1CCN(C[C@H]2C=C[C@H]([NH3+])C2)CC1
",0.4407325
13783,"C=CCS(=O)(=O)NCCCO
",0.44073245
12459,"CCSc1nnc([O-])[nH]c1=O
",0.44073242
37918,"CN(C)C(=O)CN(CC(F)(F)F)C(=O)CCCO
",0.44073242
19707,"CCN[C@H]1C[C@H](C)C[C@H](C)[C@@H]1[NH+]1C[C@@H](C)[C@@H](C)C1
",0.44073236
17661,"COC[C@@H](C)[C@@](O)(C(=O)[O-])C(C)C
",0.4407323
10943,"C[NH2+]C[C@H](C)[C@H](C)[NH+]1CCC2(CCCCC2)CC1
",0.4407322
13314,"C[NH+](C)CC(=O)Cc1ccsc1
",0.4407322
16669,"C[C@H](O)[C@@H](C)N1CCN(C2C[NH2+]C2)CC1
",0.4407319
16338,"CC[C@H](C)[C@@H]([NH2+]C)C1([NH+](C)C)CCCCCC1
",0.4407318
19929,"Fc1cc(F)c(I)cn1
",0.44073176
1558,"COc1ccc(C(F)(F)F)cc1
",0.44073176
19569,"C[C@@H]1CC(OCC2(CS)CC2)C[C@H](C)C1
",0.44073159
8472,"CCS(=O)(=O)c1ccc(F)cc1
",0.44073159
786,"[NH3+][C@H]1CCC[C@H](N2CCS(=O)CC2)C1
",0.4407315
17186,"CC(C)[C@@H](C)NC(=O)CSCC[NH3+]
",0.44073138
1663,"CCCCC(=O)C(C)(C)[NH+]1CCCCCC1
",0.44073138
25923,"CC(C)C(=O)[C@H](C)c1cc(F)cc(F)c1
",0.44073135
23426,"CCOCCC[C@]1(O)C[C@@H]1C
",0.44073135
17174,"C1=N\c2ccccc2/N=C\c2cc3ccccc3cc2/1
",0.4407312
31645,"C[NH2+]C1CCC(NC(=O)N[C@@H]2CCOC2)CC1
",0.44073093
19609,"CC1(C)CSC[C@](O)([C@H](F)C(=O)[O-])C1
",0.44073087
35100,"CC[C@@](C)([NH3+])C(=O)N(C)CCC[NH+](C)C
",0.44073084
7741,"COc1cc(C)c(CBr)c(C)c1
",0.44073078
23739,"CC(C)[NH2+]C[C@H](C)[C@H](C)[NH+]1CCCC(C)(C)CC1
",0.44073078
28189,"CCC1(CC)CC[NH+]([C@@]2(C[NH3+])CC(C)(C)OC2(C)C)C1
",0.4407307
8979,"C=C(C)[C@H](Cc1cc(C)cc(C)c1)[NH2+]C
",0.44073066
7575,"[NH3+]CCCN1CCCC[C@@H]1CO
",0.4407306
369,"CCC(CC)(CC)NC(=O)N[C@@H](C)CSC
",0.44073054
34219,"CCCC[NH2+][C@@H]1CSCC(C)(C)C1
",0.44073054
23054,"CCCC[C@@H](C)NC(=O)CC[C@H](C)O
",0.4407305
32669,"CC1=C[C@@H]2C=c3ccccc3=C2C=C1
",0.4407305
20074,"O=S(=O)(c1ccccc1)C(Br)(Br)Br
",0.44073045
30161,"CC(C)CN1CNC(=S)NC1
",0.44073042
18798,"Cc1cc(C)c(NCC(C)(C)C)c(C)c1
",0.44073036
29364,"C[C@@H]([NH3+])C(C)(C)C[NH+]1CCC(C[NH+](C)C)CC1
",0.44073036
27570,"Cc1ccc([C@H]2C[C@@H]2[NH3+])s1
",0.44073036
5063,"C[N+]1([C@H]2CC[C@H]3CC[C@@H]2C3=O)CCCCC1
",0.44073027
25078,"C=C(C)C[C@@H]1C=CC[C@H](CC(=C)C)[NH+]1CCO
",0.44073018
8473,"C/[NH+]=C(\[S-])c1ccccc1N
",0.44073018
30495,"C/C(=C\CC[P@@](=O)([O-])OP(=O)([O-])[O-])CO
",0.4407301
26814,"O=C(NC1CCCCC1)N[C@@H]1CC[S@@](=O)C1
",0.44073004
2878,"C/C(=C\CC[NH2+]C1CC1)C1CCC(C)CC1
",0.44073
33611,"CC(C)[C@@H](CC(=O)OC(C)(C)C)C(=O)[O-]
",0.44072995
13507,"CCc1nn(CC)c(CC)c1C[NH3+]
",0.44072995
15545,"CS(=O)(=O)[C@H]1CCC[C@@H](OCC2CC[NH2+]CC2)C1
",0.44072992
17897,"O=C([O-])c1ccc(-c2ccc(S(=O)(=O)[O-])cc2)cc1
",0.44072992
1671,"CS(=O)(=O)[N-]c1cc([N-]S(C)(=O)=O)cc(C(=O)[O-])c1
",0.44072986
16722,"CC[C@@H](CC[NH3+])n1cc[nH+]c1
",0.44072986
23855,"Nc1noc(-c2ccoc2)c1Br
",0.44072977
1464,"CCC1(CC)CC[NH+]([C@H]2CC[C@@](CO)([NH2+]C)C2)C1
",0.4407297
7437,"COc1cc(O)cc(Br)c1OC
",0.44072962
15739,"C[C@H]1C[C@@H]([NH2+]CC2CCC2)CC(C)(C)C1
",0.44072962
29449,"COCC[NH+](C)[C@H](C)[C@@H](C)C(=O)[O-]
",0.44072962
11544,"Cc1c(Br)cc(C(=O)[O-])c(C)c1C
",0.44072962
36992,"CC(C)(C(=O)[O-])C1CCCCC1
",0.4407296
31014,"CC[NH2+]CCN(C)C[C@H]1CCC[NH+]1CC
",0.4407295
15863,"[NH3+]Cc1ccc2c(c1)OCCO2
",0.44072935
15665,"C1CC[NH2+][C@](C2CC2)([C@@H]2CCOC3(CCCC3)C2)CC1
",0.44072926
35813,"C[NH+](C)CCO[C@@H]1C[C@@H]2CC[C@@]1(C)C2(C)C
",0.4407292
35848,"CCNC(=O)C[C@@H](C[NH3+])N(C)CC
",0.44072908
28072,"C[C@@H]1[C@@H]([NH3+])CCN(C[C@@H]2CCOC2)[C@@H]1C
",0.44072902
23483,"CCS(=O)(=O)CCN(C)C(=O)C(C)C
",0.440729
23261,"Cc1cc(Cl)c(Br)cn1
",0.44072893
2576,"C[C@@H]1C[NH+]([C@@H](C)/C(N)=N/O)C[C@@H]1C
",0.4407289
4189,"CC(C)[C@H](C(=O)[O-])[NH+]1CC2(CCCCCC2)C1
",0.4407289
20911,"C[NH2+][C@H](COC(C)C)c1ccc(Br)cc1
",0.4407287
1336,"O=C(C[NH+]1CCNCC1)N[C@@H]1CCS(=O)(=O)C1
",0.44072866
869,"CCC1(CC)CCN(C(=O)CS)C1
",0.44072852
38551,"CC(C)(C)OC(=O)NC1C(C)(C)C([NH3+])C1(C)C
",0.44072852
3039,"C/C(=N\O)c1ccc([N+](=O)[O-])cc1
",0.44072852
10179,"CC[NH2+][C@H]1C[C@H](C)C[C@H](C)[C@@H]1N(C)C[C@@H]1CCC[NH+]1C
",0.44072852
25438,"CCCCS(=O)(=O)N1CCCCCC1
",0.44072852
33941,"CC[C@](C)([NH3+])C(=O)N(C)CC1CC([O-])C1
",0.4407285
27905,"CCCC[NH2+]C[C@@H]1CCC[NH+]2CCCC[C@H]12
",0.4407285
32854,"[NH3+][C@H]1CCCCC[C@H]1C(=O)NCC1CCCCC1
",0.44072843
20244,"CCCc1noc(C([NH3+])(CC)CC)n1
",0.44072837
17215,"Fc1ccc(Cl)cc1[S-]
",0.44072834
20243,"N=Cc1ccc(Sc2ccc(Cl)cc2)cc1
",0.44072825
27069,"CCCCn1nnc(N)c1CCC
",0.44072825
21106,"CC[C@H](COC)[NH2+]C[C@H](C)[S@](C)=O
",0.4407282
14994,"CCOC1=C(Br)C(=O)CC1
",0.44072816
26952,"Cc1nc(N)ncc1[C@H](C)[NH3+]
",0.44072816
21454,"O=c1[nH]/c(=C(/Br)c2ccccc2)c(=O)[nH]/c1=C(\Br)c1ccccc1
",0.44072816
7254,"C[NH2+][C@@]1(C(=O)[O-])CCC[C@H]([NH+]2CCCCCC2)C1
",0.44072807
36202,"C[C@H]1C[C@](O)(CCC(F)(F)F)CS1
",0.440728
20700,"C#C[C@H](C)Oc1ccc(C)cc1
",0.44072795
3852,"CCOC(=O)N[C@H](C)C(=O)[O-]
",0.44072795
34048,"N#Cc1ccc([C@@H](O)C(F)(F)F)cc1
",0.44072795
34874,"C[C@H]1[C@@H]([NH3+])CCN(CC2CC[NH+](C)CC2)[C@@H]1C
",0.44072795
18619,"CC(C)C[C@@H](C)N(C)C(=O)C[NH+]1CCCCCC1
",0.44072783
15912,"CCCS[C@@H]1CCCC(C)(C)[C@H]1[NH3+]
",0.44072777
39278,"C=CCN/C(S)=N/C1CC(C)(C)[NH2+]C(C)(C)C1
",0.44072777
35246,"C=CCC[C@@H]([NH3+])[C@H]1CSCCO1
",0.4407276
25439,"C[C@H]([NH3+])C(C)(C)CN1CC[NH+](C)CC1
",0.44072753
27203,"CCC([NH3+])(CC)C(=O)N(CCC(=O)[O-])C(C)C
",0.44072744
38433,"O=C([O-])CC1CC[NH+](CCC(=O)NC2CC2)CC1
",0.4407274
20230,"C[C@H](Cc1ccc([N+](=O)[O-])cc1)C(=O)[O-]
",0.4407274
16099,"CC[C@H](O)[C@@H](C)[C@@H]1CCCCC[C@@H]1O
",0.44072735
24688,"C=C1CCCC(C)(C)[C@]12CC=C(C)CC2
",0.44072732
38587,"O=C([O-])CCCCC(=O)NC(=O)NC1CC1
",0.44072726
28009,"CC[C@H]1CCCC[NH+]1C[C@](C)([NH3+])CC
",0.44072726
19411,"CC[C@@H](C)N(C)C(=O)CC1CC[NH2+]CC1
",0.44072723
32284,"OCCSc1ccc(F)cc1
",0.4407271
9485,"C[C@H]1CCC[C@@H](N[NH+]2CCN(C)CC2)C1
",0.4407271
34040,"CC(=O)N(C)c1ccccn1
",0.4407271
8858,"COc1ccccc1[C@H](C(=O)[O-])[NH+](C)C
",0.44072708
22486,"CCC([NH3+])(CC)C(=O)N[C@@H]1C[C@H]1C
",0.44072703
30100,"CC[NH2+][C@@H](C1CCC(C)CC1)[C@@H](C)OC
",0.44072694
10641,"CC[C@@H]1CCCC[NH+]1CC(CC)(CC)CS
",0.44072685
4777,"C[C@H]1C[C@H](NCCS(=O)(=O)C(C)(C)C)C[NH+]1C
",0.44072682
8148,"CC[C@@H]([NH2+]C1C(C)(C)C1(C)C)c1ccc(O)cc1
",0.44072667
17546,"CCC[C@@H]1CC[C@@H]([NH3+])[C@H](C[NH+](C)CC(C)(C)O)C1
",0.4407266
39703,"COC(=O)NC(=O)C[NH+]1C[C@H](C)[C@@H](C(=O)OC)C1
",0.4407266
5320,"O=C([O-])[C@@]1(Cl)C[C@@H]2CC[C@H]1C2
",0.44072652
15801,"NOc1ccc([N+](=O)[O-])cc1Br
",0.4407265
36716,"Cc1cc(O)cc([N+](=O)[O-])c1
",0.4407265
6520,"O=C([O-])CC[NH2+][C@H]1CS(=O)(=O)C[C@H]1O
",0.4407264
26549,"C[NH+]1C(C)(C)N(O)C(c2ccccc2)(c2ccccc2)C1(C)C
",0.44072634
20335,"C=CCNC(=O)C(=O)NCCC[NH+](C)C
",0.44072634
10354,"CC1CCN(C(=O)C[NH2+]C2CC2)CC1
",0.44072628
11926,"CS(=O)(=O)c1ccc(C2CC([O-])C2)cc1
",0.44072625
12183,"COCN(c1ccccc1)c1ccccc1
",0.44072625
34162,"C[C@]12CC[C@@]3(C)OCC(CO)(CO1)N23
",0.44072625
1772,"C/[NH+]=C(\N[C@H]1C[C@@](C)(OC)C1(C)C)NC(C)(C)C
",0.4407262
6446,"CCOC(=O)c1nc(C)no1
",0.44072616
24768,"CC(C)OCC[NH+]1CCCC[C@@H]1[C@@H](C)O
",0.44072598
8626,"CC(C)(C)[C@H](C#N)c1ccccc1
",0.44072592
30726,"C[C@@H](O)CCC(=O)NC[C@H](C)CCO
",0.44072592
4906,"CC1C[NH+]([C@H]2COC[C@@H]2C(=O)[O-])C1
",0.44072592
476,"CC(C)c1ccccc1[C@H](N)C[NH3+]
",0.44072586
35108,"O=C([O-])c1[nH]nc2c1CCC2
",0.44072583
32151,"C[NH2+]Cc1ccccc1OC(C)C
",0.44072577
27175,"C[NH2+][C@H]1[C@@H](C[NH+]2CCC(C(C)(C)C)CC2)CCC1(C)C
",0.44072568
24464,"CC(C)(O)C(=O)Nc1ccccc1
",0.44072568
37478,"CC(C)[NH2+]C[C@@H](C)C(=O)OC(C)(C)C
",0.44072565
32344,"O=CO[C@H]1CC[C@@H]2CCCC[C@@H]2C1
",0.44072565
19610,"c1cc([C@@H]2C[C@H]2C[NH2+]C2CC2)ccc1C1CC1
",0.44072565
12903,"CCc1ccc(CC2(C)C[NH2+]C2)s1
",0.4407256
19385,"Cc1ccc([C@H](C[NH3+])S(=O)(=O)c2ccc(C)cc2)cc1
",0.44072556
39176,"Cc1nc(C(F)(F)F)nc(C2=CN=NC2)c1C
",0.44072548
7398,"CCC[NH+]1CCN(CC(C)(C)CS)CC1
",0.44072536
30776,"O=C(CCC1CCCCC1)NNC(=O)C1CCC1
",0.44072536
31093,"O=C([O-])CCNC(=O)C1CCCC1
",0.44072536
9662,"CCOn1c(=O)c(=O)n(OCC)c2ccccc21
",0.44072524
25582,"CC[C@H]([NH2+][C@@H]1CCCC1(C)C)C(=O)[O-]
",0.44072524
18974,"CC(C)[NH+](C1CCCC1)C1C[C@@H](C)O[C@H](C)C1
",0.44072518
25384,"CCOC(=O)[C@@](C)(O)C(CC)CC
",0.44072515
17977,"Cc1cccc(C)c1OC1C[NH2+]C1
",0.44072515
16577,"CC1(C)CC[C@H](S(=O)(=O)C2CCOCC2)[C@H]1[NH3+]
",0.440725
2784,"CC(C)(C)c1cc2c(c(C(C)(C)C)c1)OCCOCCOCCOCCO2
",0.44072482
31630,"S=C(NCC1CCCCC1)NC1CCCCCC1
",0.44072482
14947,"CC[C@H]1C[NH2+][C@H](C(C)(C)C)CN1CC1C(C)(C)C1(C)C
",0.44072473
3971,"CC(C)[NH2+]CC/C=C/[C@H]1CCC[C@H](C)C1
",0.44072473
3536,"C=CC[C@](C)(O)C[NH2+]CC(C)C
",0.44072467
2175,"CCCC1C[NH+]([C@H](C)[C@H]2CCC[NH2+]C2)C1
",0.44072464
939,"C[C@H](CCO)C[NH2+]CCC(C)(C)O
",0.44072458
31841,"COC[C@H](C)NC(=O)N[C@H](C)CSC
",0.44072458
17004,"C[C@@H](O)CNC(=O)NC[C@H]1CCS(=O)(=O)C1
",0.44072452
2291,"Cc1nn(CC[C@H]2CCC[C@H]2[NH3+])c(C)c1C
",0.44072452
14424,"C1CC[NH+]2CCCN([C@@H]3CC[NH+]4CCC[C@H]34)C[C@@H]2C1
",0.4407245
29517,"c1cnc(CC2CC[NH2+]CC2)nc1
",0.44072443
17387,"Cc1ccc(F)c(Br)n1
",0.44072443
7605,"C/C(C(=O)[O-])=C1/CCCSC1
",0.4407244
21786,"CC1(C)CSC[C@](C#N)(N2CCCCC2)C1
",0.4407244
16206,"C=C(C)[C@@H]1CC(N)=C(C(C)=O)C1
",0.44072434
2488,"CCN1CC[NH+](C2C[C@H](C)C[C@@H](C)C2)CC1
",0.4407243
24385,"C=C(C)[C@@H](O)c1cc(F)c(F)c(F)c1
",0.4407241
12208,"C[NH+](C)CCC1=CC[C@@H]2C[C@H]1C2(C)C
",0.440724
11298,"O=C([O-])[C@H]1C=C[C@H](NC(=O)C23CC4CC(CC(C4)C2)C3)C1
",0.440724
4117,"O=C1CCC(=O)N1C[C@H]1C[C@@H]2CC[C@H]1C2
",0.44072393
27836,"C[C@@H]1CC[C@H]([NH+]2[C@@H](C(=O)[O-])C[C@H]3CCCC[C@H]32)C1
",0.4407238
11766,"CCCC1(Cc2c(C)cc(C)cc2C)C[NH2+]C1
",0.4407238
25911,"[O-][N+]1=C(c2ccccc2)C(c2ccccc2)=[N+]([O-])[C@@H]2CCCC[C@H]21
",0.44072375
6999,"Cc1cc(CCO)ccc1Br
",0.4407236
7709,"CCN[C@@H]1[C@H]([NH+]2CCC[C@H]3CCC[C@@H]32)CCC1(C)C
",0.4407236
28982,"CCCCC[C@@H](C)[NH2+][C@H]1CC[C@H]([NH3+])C1
",0.4407236
24697,"CN(/C(N)=[NH+]/N)C1CCC(C)(C)CC1
",0.4407236
34417,"C[NH+](C)CCSc1ncccc1N
",0.4407236
37258,"CC[C@H](O)c1cc(C(F)(F)F)cc(C(F)(F)F)c1
",0.44072357
20326,"CCCC(=O)NC1CCCCC1
",0.44072357
18665,"O=c1[nH]cnc2[nH]c(Br)nc12
",0.4407235
20366,"CC[NH+]1CCN(CCCl)CC1
",0.4407235
29556,"Fc1ccc(C2CC[NH2+]CC2)cc1F
",0.44072348
5198,"C[C@H]1SCCC[C@@]1(C(=O)[O-])[NH+]1CCCC1
",0.44072348
2237,"CCC(CC)(NC(=O)N(C)CCS(C)(=O)=O)C(=O)[O-]
",0.44072348
29077,"C[C@@H]1C[NH+](CCc2ccc(N)cc2)C[C@H]1C
",0.44072342
7140,"Cn1nccc1CBr
",0.44072342
5197,"[NH3+][C@]1(CO)CC[C@@H]([NH+]2CCC[C@@H]3CCC[C@H]32)C1
",0.44072342
21383,"CCN(CC)C(=O)CC1(C(=O)[O-])CCCCCCCCCCC1
",0.44072333
31401,"COC(C)(C)c1noc(CC(C)(C)[NH3+])n1
",0.44072333
12080,"CO[C@H](C)c1ncc(C=O)cn1
",0.44072327
16807,"CC1=C(C)C(=O)N([C@@](C)(C(=O)[O-])C(F)(F)F)C1=O
",0.44072327
28746,"CC(C)Cn1cncc1CCl
",0.44072318
33702,"[NH3+]C1(CC(=O)N2CCC[NH2+]CC2)CCC1
",0.44072306
7148,"CC(C)CC(=O)OC[C@H]1CC[NH2+]C1
",0.440723
28474,"C[C@@H](C[NH3+])Cc1nccs1
",0.44072297
33374,"O=C([O-])CC[P@@](=O)([O-])C[NH+]1CCCCC1
",0.44072285
24346,"O=C([O-])/C=C/c1ccc(I)cc1
",0.44072285
16246,"C=C1C=CC(NC(=S)NC)=CC1
",0.44072285
31852,"CC[C@](C)([NH3+])C[NH+](C)C1CCC(C)(C)CC1
",0.44072285
12945,"C=C(C)[C@@](C)(O)c1ccc(Cl)cc1
",0.44072273
22068,"COC[C@@H](N)C(C)(C)[NH+]1CCCC1
",0.44072267
30647,"O=C(N[C@@H]1CC[C@@H]2CCCC[C@@H]2C1)C1CC1
",0.44072264
3394,"O=C1c2ccccc2[C@@H]2C(=O)c3ccccc3[C@H]12
",0.4407225
22518,"CC[C@H]1C[NH2+][C@H](C(C)C)CN1C1C(C)(C)C1(C)C
",0.4407225
28109,"CCCC[C@@H](C)[NH2+][C@H]1CC(C)(C)OC1(C)C
",0.4407224
13536,"C[C@H](NC(N)=O)C(=O)N[C@@H](CO)C(=O)[O-]
",0.4407224
39651,"CC(C)CS(=O)(=O)N(C)CC(C)(C)O
",0.44072235
14261,"CCC(CC)C(=O)Nn1cnnc1
",0.44072232
36086,"CCCOCCO[C@H]1CCCC(C)(C)[C@H]1[NH3+]
",0.44072232
6199,"Brc1ccnc2ccccc12
",0.44072226
5960,"Brc1ccc(/C=N\n2cncn2)cc1
",0.44072217
21066,"CC(C)(C)C(=O)NNC(=O)C(O)(c1ccccc1)c1ccccc1
",0.44072214
37370,"C[C@H]1CCC[C@@]1(O)C1(C#N)CCCCC1
",0.44072214
11993,"C/C(=N/O)C(=O)O[C@H]1C[C@@H](C)CC[C@@H]1C(C)C
",0.44072208
27523,"N#C[C@H](c1ccccc1)N(Cc1ccccc1)Cc1ccccc1
",0.44072205
33048,"CC1(C)C[C@@H](N=C=S)CCO1
",0.44072193
35354,"CC[C@H](C[NH3+])[C@@](C)(O)CCOC
",0.44072193
1452,"CC1(C)CCC[C@]([NH3+])([C@@H]2CCOC3(CCCCC3)C2)C1
",0.44072193
5795,"C[C@H]1[C@H](C(=O)[O-])CC[NH+]1[C@@H]1CCCC1(C)C
",0.44072193
8030,"C=CC[NH2+]Cc1ccc(C)o1
",0.44072193
7119,"CCN[C@@H](C#N)CC(=O)NC(C)C
",0.44072193
38601,"CC[NH2+][C@@H]1[C@H]([NH+](CC)CC)CCCC1(C)C
",0.4407219
29843,"C[NH2+]C[C@@H]1CCCO[C@H]1C(C)(C)C
",0.4407219
15465,"O=C1CSC([N-]N/C=C2/C=CC=CC2=O)=N1
",0.44072184
15120,"CCC[NH2+]CC[C@@H](C)[NH+]1C[C@@H](C)[C@@H](C)C1
",0.44072184
23170,"O=C(C[C@H]1CCS(=O)(=O)C1)N(CC1CC[NH2+]CC1)C1CC1
",0.44072175
24008,"CC1(C)C[C@@](C#N)(NC2CCCC2)C(C)(C)O1
",0.44072175
25180,"COC(=O)CNC(=O)[C@@](C)(N)C(F)(F)F
",0.44072175
7376,"CCO[C@H](C)C(=O)OCC(=O)NC(C)C
",0.44072175
8992,"CC[C@@H](C)C[NH+](CC)C[C@@H]1C[C@H](C)CC[C@@H]1[NH2+]C
",0.44072172
8373,"C#CC[n+]1c(C)sc2ccccc21
",0.44072172
35228,"O=C(Cl)[C@H](Cl)c1ccccc1
",0.44072163
20103,"C[C@]([NH2+]C[C@H]([O-])C(F)(F)F)(C(=O)[O-])C(F)(F)F
",0.44072157
17155,"CS(=O)(=O)CCSc1c(F)c(F)nc(F)c1F
",0.44072157
21503,"CC1(C)[C@H]2CC[C@@H](O)[C@@]3(C)CC[C@](C)(O)[C@H]3[C@H]21
",0.44072148
28270,"C[C@@H]1C[NH2+]C[C@H](c2cc(F)cc(F)c2)O1
",0.44072148
10378,"C[C@H]1CCC[C@](C[NH3+])(C2([O-])CCC2)C1
",0.44072148
21816,"COCC[C@H](C)C(=O)N[C@@H](C)COC
",0.44072142
39413,"CCC1CCC(C[NH3+])([NH+](C)[C@@H](C)CC)CC1
",0.44072142
34287,"C[NH2+][C@@H](C[NH3+])c1ccc(F)c(Br)c1
",0.4407214
34608,"CCc1cccc(C(F)(F)F)c1
",0.4407214
20944,"CC(C)[C@@H](CO)NC(=O)CC(C)(C)CC(=O)[O-]
",0.4407214
1372,"Cc1cc(C)cc(OCCC#N)c1
",0.44072133
5952,"CCC[NH+]1CCC(N(C)CCS(N)(=O)=O)CC1
",0.4407213
34465,"CCCCC[C@@H]([NH2+]C)c1ccc(F)cc1
",0.4407213
17533,"CCCOC[C@@H]([NH3+])[C@H]1COCCO1
",0.4407213
29917,"COc1ncc(C#N)c(OC)n1
",0.44072124
4660,"CC[C@@H]1CCC[NH+]([C@@H]2CCC(C)(C)[C@@H]2N)CC1
",0.4407212
22462,"COS(=O)(=O)Cc1ccccc1
",0.4407212
13849,"CCC[C@H](CC)NS(=O)(=O)CCO
",0.44072115
21022,"CN[C@](C)(C#N)C[C@@H](C)SC[C@@H](C)CO
",0.44072115
11630,"[NH3+][C@H]1CC[C@@H]([NH2+]C[C@@H]2CCCCO2)C1
",0.44072106
36253,"C=CC[C@]1(O)CCO[C@](C)(CC)C1
",0.44072106
24280,"C[C@H]1C[NH+]2CCC[C@@H]2CN1C[C@@H]1CC[C@@H]2CCCC[C@@H]2[NH2+]1
",0.44072098
37408,"CCC[NH2+][C@@H]1CCC[C@H]([NH+]2CCC[C@H](CC)CC2)C1
",0.44072092
39193,"CCC([NH3+])(CC)CN1CCN(S(C)(=O)=O)CC1
",0.4407209
12642,"CCOCCN(C)C(=O)C(C)(C)CC
",0.44072083
28521,"C#C[C@H](CO)[NH2+]Cc1ccccc1
",0.44072083
32830,"CC(C)[NH+]1CCC[C@H]1CC(=O)[O-]
",0.44072068
24738,"C[C@@H](C[NH+]1CCCCC1)[NH2+][C@@H]1CCCS[C@@H]1C
",0.44072065
14496,"CC(C)(C)C[C@H](C[NH3+])c1ccncc1
",0.4407206
12165,"Cc1noc(C)c1NC(N)=O
",0.4407206
26265,"COC1CCN([C@H]2CCC[C@H]([NH3+])C2)CC1
",0.4407205
29408,"Brc1ccc(-n2cnnn2)nc1
",0.44072047
11795,"C[C@H]1CCC[C@H](C(C)(C)C(=O)[O-])C1
",0.44072047
1504,"Nc1cc2[nH]c(=O)[nH]c2cc1Br
",0.44072038
14876,"CNC(=O)CC[NH+]1CCC(OC)CC1
",0.44072038
10100,"Cc1ccc(OC(F)(F)F)cc1
",0.44072038
29102,"CCOc1ccccc1Oc1ccccc1[C@@H](C)[NH2+]C
",0.44072026
37,"CC(C)N[C@H](C#N)CSC[C@H](O)CO
",0.44072026
39984,"COc1ccccc1[C@@H](O)[C@H](C)C#N
",0.44072014
34961,"CC[C@H](C)CN(CC)c1ccc(C[NH2+]C)nn1
",0.44072014
22857,"O=S1(=O)CC[C@@H](CC2[NH+]=c3ccccc3=[NH+]2)C1
",0.44071996
23134,"C[C@H]1CC[NH2+][C@H]1c1ccccc1
",0.44071975
2483,"CN(C)c1ccc(CC(=O)[O-])cc1
",0.44071972
28385,"CC[NH2+][C@H]1CC[C@@H](SC[C@@H](C)CO)C1
",0.44071972
13088,"[NH3+]C[C@@H]1CC[C@@H](C[NH2+]C[C@@H]2CCOC2)O1
",0.44071966
24222,"CCCN1CCC([NH2+]C2C(C)(C)C2(C)C)CC1
",0.44071966
30272,"O=[N+]([O-])c1ccc(SCCCBr)cc1
",0.44071963
26295,"NN1CCO[C@H]2CCCC[C@@H]21
",0.44071963
36797,"CCCC(O)(CCC)[C@@]1(C)CC[C@@H](C(=O)[O-])C(C)(C)O1
",0.44071963
38789,"C[N+](C)(C)C[C@@H](O)COCCC12CC3CC(CC(C3)C1)C2
",0.44071963
26662,"CSCC(=C=O)Cc1ccccc1
",0.44071957
27491,"CC(=O)/C(=C\c1ccccc1)S(=O)(=O)c1ccccc1
",0.44071954
508,"CCC1(CC)CC[NH+]([C@](CC)(C[NH3+])COC)C1
",0.44071954
21447,"O=C([O-])c1nc(Cl)ncc1Br
",0.44071946
33799,"CC[C@@H](CS)Cn1cc(Br)cn1
",0.4407194
34003,"CC1CCC([NH2+]CCCS(C)(=O)=O)CC1
",0.44071934
37230,"C[C@@H]1CC[NH+]1[C@H](C(=O)[O-])C1CC1
",0.44071934
22749,"CN[C@@H]1[C@@H](C[NH+](C)CCO)C(C)(C)OC1(C)C
",0.44071934
10638,"CC[C@@](C)([C@H](CCC(F)(F)F)NC)[NH+](C)C
",0.44071934
587,"FC(F)(c1ccccc1)c1ccccn1
",0.44071934
24381,"CC[C@H]([NH3+])[C@H](C)N1CC[NH+]2CCCC[C@@H]2C1
",0.4407193
7214,"c1ccc([C@H]2COC[C@@H]2c2ccccc2)cc1
",0.44071922
30744,"C[C@@H]1C[NH+]([C@@H](C)C(=O)N2CC[NH2+]CC2)C[C@@H]1C
",0.44071922
534,"CC[NH2+][C@]1(C(N)=O)CCCCC1(C)C
",0.44071913
34464,"CCOc1ccc([C@]2(C)NC(=O)NC2=O)cc1
",0.44071907
16028,"C[C@H](CC1CC1)[NH2+]C[C@@](C)(O)C[NH+](C)C
",0.44071907
1022,"CN1C(=O)C2=NN=N[C@H]2N(C)C1=O
",0.44071907
32459,"CCC(CC)[C@H](O)[C@@H]1CCCO1
",0.44071907
33018,"C[NH+](CC[NH2+]C(C)(C)C)C1CCCCC1
",0.44071907
20069,"C[C@H](O)CCC(=O)N[C@H](C)C[NH+]1CCCC1
",0.4407189
973,"CN(CC[C@H]1CCCC1=O)C1CC[NH2+]CC1
",0.4407189
38980,"COC[C@H](O)CC1(C(=O)[O-])CC1
",0.4407189
16795,"CCC[NH+]1CCC(O)(C[C@@H]2C[C@H]3CC[C@@H]2C3)CC1
",0.4407188
6684,"c1ccc2c[n+](CCOCC[n+]3ccc4ccccc4c3)ccc2c1
",0.44071874
15940,"CCCCSc1nnc(SC(C)C)s1
",0.44071862
31312,"COC[C@H](N)C(C)(C)[NH+]1CCCCC1
",0.44071862
31881,"C[C@@H]1CN(S(=O)(=O)NCCNS(C)(=O)=O)C[C@@H](C)O1
",0.44071862
38622,"CCCCC[NH+]1CCN(C[C@@H]2CCCC[NH+]2C)CC1
",0.4407185
18540,"C1=C(c2ccccc2)N=N[C@@H]1[C@@H]1NN[C@H]2SC(c3ccccc3)=NN21
",0.4407185
35648,"CC[NH2+][C@@H](C)[C@H]1CCCC(C)(C)CC1
",0.4407184
3247,"Cc1ccc(Cl)cc1C[NH3+]
",0.4407184
37914,"CC(C)N(CC(F)(F)F)C(=O)Cl
",0.4407184
3480,"O=C(c1ccccc1)N1CCCS1(=O)=O
",0.4407184
37315,"Cc1sc2ncnc(Cl)c2c1C
",0.4407184
31622,"CCOC(=O)[C@@H](C)[NH+]1C[C@@H](C)[C@H](C)C1
",0.44071832
27253,"C[C@@H](CCC(=O)[O-])CC[NH+]1CCCCC1
",0.44071832
285,"CNc1nc2ncnc(N(C)C)c2[nH]1
",0.4407183
21421,"CC[NH2+][C@@H](C)C[C@H]1CCCCC[NH2+]1
",0.4407183
11095,"C[NH+]1CC[C@@H](NCC(=O)[O-])C1
",0.4407183
10430,"CC(C)[NH2+][C@]1(CO)CCC[C@H]([NH+]2CCCC2)C1
",0.44071823
27303,"Nc1cc[n+](C[C@@H](O)CO)cc1
",0.44071823
25580,"CC(C)[C@@H](C)NS(=O)(=O)c1ccc(C(C)(C)C)cc1
",0.44071823
21685,"CC(C)(C)NS(=O)(=O)c1ccc(Br)cc1
",0.4407182
7159,"CC(C)CCC[C@H](C)N1CC[C@H]([NH3+])[C@H](C)[C@H]1C
",0.4407182
17999,"CCC(CC)(C(=O)[O-])n1nnnc1C(C)C
",0.4407182
1779,"Cc1ccc([S@](=O)O)cc1Cl
",0.440718
11662,"[NH3+]CCOCC[NH+]1CC[C@@H]2CCCC[C@@H]2C1
",0.44071797
4986,"CCC(CC)[C@H](C(=O)[O-])c1ccccc1
",0.44071797
22553,"CC(C)[C@@H]1CC[C@H](C)C[C@H]1OCC(=O)Cl
",0.44071782
7238,"CC(C)(Br)C1OCc2ccccc2CO1
",0.4407178
23796,"[NH3+]CCCCCc1ccco1
",0.4407178
3537,"CCC(CC)([C@H](O)c1ccc(C)s1)[NH+](C)C
",0.4407178
34702,"C[NH+](C)C(C)(C)[C@@H](O)Cc1ccccc1
",0.44071767
27957,"C=C(CC)C[C@H](O)C1([NH+]2CCCC2)CCCC1
",0.44071767
8405,"C[C@H]1C[C@@H]([NH2+]CC(C)(C)O)CS1
",0.44071764
20010,"C[C@H](CN[C@H]1CC[NH+](C)C1)[NH+]1CCCC1
",0.44071764
33637,"CCC(=O)N[C@@H]1CCC[C@H](C)[C@@H]1C
",0.44071758
37786,"C[NH+](CCc1ccccc1)CC1(CS)CC1
",0.44071755
9701,"CC[C@@H](C)C[NH2+][C@H](C(N)=O)C(C)(C)C
",0.44071755
1137,"CC(C)[C@H](CO)NC(=O)C[C@H]1C=CCC1
",0.4407175
12585,"CSc1ccc(/C=N/c2ccc(F)cc2)cc1
",0.4407175
28092,"CC[C@H](CCO)C[NH2+]C[C@@H](C)C#N
",0.4407175
15307,"Cc1ccc(CC(N)=S)cc1
",0.44071746
91,"CCOC[C@]1(O)C[C@H](C)CC(C)(C)C1
",0.4407174
3667,"C[NH2+][C@@]1(C(=O)[O-])CCC[C@H]([NH+]2CCC[C@H]3CCCC[C@@H]32)C1
",0.4407174
32354,"CC(C)(CCBr)c1ccc(F)c(F)c1
",0.4407173
2599,"Cc1ccccc1[C@H](NS(C)(=O)=O)C(C)C
",0.4407173
24970,"CCC[C@@H](C)[C@H]([NH2+]CC)[C@@H](C)c1ccncc1
",0.4407173
32356,"C1C[C@H](O[C@H]2CCO[C@]3(CCOC3)C2)C[NH2+]1
",0.44071725
31167,"CC(C)(C)C(=O)C[NH+]1CCCC[C@H]1C(=O)[O-]
",0.44071722
14347,"CC(C)[C@@H]1CCC[C@H]([NH+](CC2CC[NH2+]CC2)C2CC2)CC1
",0.44071722
3505,"CC1(C)C[C@@](O)(C2(C[NH3+])CCCCCC2)C(C)(C)O1
",0.44071713
19454,"CN(C(=O)[C@@H]1CCOC1)C1CCC([NH3+])CC1
",0.44071713
5004,"CN1C(=O)NC(=O)[C@@]12CCC[NH2+]C2
",0.44071707
16470,"N#C[C@H](Cl)C(=O)c1ccccc1
",0.44071704
38912,"CNC(=S)N/N=C/c1cnccn1
",0.44071704
24747,"Cc1ccnc(C[C@@H](C)O)c1
",0.44071704
8645,"CC(C)[C@@H](NC(=O)N[C@H]1CCS(=O)(=O)C1)C(=O)[O-]
",0.44071704
7233,"CC[C@@H](C)[NH2+]C[C@H]1CCC[C@@H]1Cl
",0.44071704
39321,"CCCCOC(=O)C[NH2+]C1C(C)(C)C1(C)C
",0.44071683
13396,"CC1CCC(NC(=O)N2CCC[C@H](C)C2)CC1
",0.44071674
9801,"C=C(C)C(=O)OCC[C@@H](C(C)=O)C(=O)[O-]
",0.44071674
16458,"CC[C@](C)([C@@H]([NH2+]C)C1CCCC1)[NH+]1CCCCC1
",0.44071674
23599,"CCCCCC[NH2+][C@@H]1CCCS[C@@H]1C
",0.44071674
20260,"CC(C)[C@@H]([NH2+]CC(C)(C)C[C@H](C)O)C1CC1
",0.4407167
39004,"CC[NH+](CC)[C@H]1CCC(=O)C1
",0.4407167
39128,"CCc1nc(CCl)cs1
",0.4407167
18695,"O=c1ccc(SC(F)(F)F)c[nH]1
",0.44071662
37600,"CCC(CC)[C@@H](O)[C@]1(C[NH3+])CC[C@H](C)C1
",0.44071662
20834,"CCCC[NH+](C[C@H]1CC[C@@H]2CCCC[C@@H]2[NH2+]1)C1CC1
",0.44071656
19011,"CCCCC[NH+]1CCC[C@@H](C(N)=O)C1
",0.44071648
29456,"CC(C)[NH2+][C@@]1(CO)CS[C@@H](C)C1
",0.4407164
6412,"FC(F)C(F)(F)[C@@H](Cl)c1ccc(Cl)c(Cl)c1
",0.4407164
12377,"C[C@H]([C@H]1CCC[NH2+]C1)N1CCOCC1
",0.4407162
32674,"C[C@H](O)[C@H](C)[C@H](C(=O)[O-])c1ccccc1Br
",0.44071612
2324,"C#CCNC(=O)C[NH+](C)C[C@@H](C)C(=O)NC
",0.44071612
4513,"C/C=C/C=C/C(=O)N[C@@](C)(C(=O)[O-])C(F)(F)F
",0.44071612
32861,"NC(=O)c1ccc(N)c(Br)c1
",0.44071606
9119,"OCCC[NH+]1CCN(c2ccccc2)CC1
",0.44071603
33182,"Cc1c(O)cccc1C(F)(F)F
",0.44071597
5988,"CC[NH+](C(C)C)[C@@]1(C[NH3+])CCCCC1(C)C
",0.4407159
20769,"CC1=C[C@H](C)Oc2cc(O)c(O)cc21
",0.4407159
9956,"C[NH2+][C@H]1c2cc(F)c(F)cc2[S@](=O)[C@@H](C)[C@H]1C
",0.44071588
32646,"CN(CC[NH+](C)C)Cc1ccc([S@@](C)=O)cc1
",0.44071588
14581,"C[C@H]1CC(N2CC[C@H]([NH+]3CCCC3)C2)C[C@@H](C)O1
",0.44071588
26491,"O=C(C[NH+]1CCNCC1)N1CCCCC1
",0.44071582
38379,"CC1(C)OC(=O)C=C(C(F)(F)F)O1
",0.44071582
36950,"[NH3+]CCN1CCN(S(=O)(=O)C2CC2)CC1
",0.44071582
25306,"CN(CC[C@@H]([NH3+])CO)CCS(C)(=O)=O
",0.4407158
11985,"C[NH+](C)[C@H]1CCN([C@@]2(CN)CC(C)(C)OC2(C)C)C1
",0.4407158
31850,"FC(F)(F)C1(C(F)(F)F)[NH2+][C@@H]2[C@H](OCCCl)C[C@H]1[C@H]2Cl
",0.44071573
29919,"NC(=O)c1ccccc1/C=C/c1ccccc1
",0.44071573
13345,"C[NH2+]CCN1CCCC[C@H]1CCO
",0.44071564
25194,"CC(C)[C@H](C)C(=O)N[C@H]1CCC[NH2+][C@H]1C
",0.44071564
3772,"Cn1nc(Br)cc1N
",0.44071564
10425,"CCC(CC)(CC(=O)NNC(=O)C1CC1)C(=O)[O-]
",0.4407156
11460,"CCC[NH2+][C@H]1CC[C@@H]([NH+]2CCC(C[NH+]3CCCC3)CC2)C1
",0.44071546
27246,"CC(C)[C@@H](CO)NC(=O)[C@H]1CC=CC[C@H]1C(=O)[O-]
",0.4407154
3316,"O=C(C[NH2+][C@@H]1CCCC[C@H]1C1CCCCC1)NC1CC1
",0.4407154
38277,"CC[C@H]([NH3+])C(=O)N(C)c1snc(C)c1C(=O)[O-]
",0.44071537
14500,"C[NH+](CC1CCCC1)[C@@](C)(C[NH3+])C1(C)CC1
",0.44071537
13028,"O=C1NC(=S)N[C@@H]2N=CN[C@@H]12
",0.44071537
15187,"CCC[C@@H](C)[NH+](C)C[C@@H]1CCCC(C)(C)[C@@H]1[NH3+]
",0.4407153
15880,"CCOC(=O)C(=O)NNC(=O)C=C(CC)CC
",0.4407153
31326,"N#CCCSc1ccccc1N
",0.44071528
36939,"CC1(C)C[C@H](O)c2ccccc21
",0.44071528
33331,"CS/C(=N\c1ccc(Cl)cc1)N(C)C
",0.44071528
1751,"CC(C)CC[NH2+][C@H]1CS(=O)(=O)C[C@H]1O
",0.44071522
1361,"C=CCCC[C@@]1(C(=O)[O-])CC[C@H](C)C1
",0.4407152
10374,"C[NH+](C)CCOc1ccccc1C(=O)[O-]
",0.4407152
3511,"CC[C@H](C)[C@H](O)c1ccc(Br)cc1F
",0.4407152
11267,"O=S(=O)(N1CCCCC1)N1CCOC2(CCCC2)C1
",0.44071513
26755,"[NH3+]C[C@H](Cc1ccccc1)Cc1ccc(O)cc1
",0.440715
15446,"CN(C)C(=O)N1CCC[C@H]1C#N
",0.44071496
37286,"N#CC(CN1CCOCC1)CN1CCOCC1
",0.4407149
1926,"C[C@@H]1C[C@]1(O)CC[C@@H]1CCCO1
",0.4407149
284,"C[C@@H](CO)CSCC[C@@H]1CCCC[NH2+]1
",0.4407149
35575,"C[NH2+][C@H](c1ccc(OC)c(OC)c1)C(C)(C)OC
",0.4407148
4065,"CCC(=O)c1ccc(Cl)cc1
",0.4407148
21362,"[N-]=[N+]=NC[C@@H]1CC(F)(F)C(=O)O1
",0.4407148
21621,"CCCN1CC(=O)N(CCC(C)=O)CC1=O
",0.44071478
34784,"CCC[NH+](CCC)[C@@H]1CCC(=O)C1
",0.44071478
15675,"CC(C)OC(=O)N(CC(=O)[O-])C(C)(C)C
",0.44071463
37074,"CC[C@@](C)([NH3+])C(=O)NC1CCCCC1
",0.44071463
4948,"CC[C@@](O)(COC)c1cscc1Br
",0.44071454
38822,"OCc1cncc(-c2ccoc2)c1
",0.44071454
9121,"O=C1/C(=C/c2ccc([N+](=O)[O-])cc2)CCC/C1=C\c1ccc([N+](=O)[O-])cc1
",0.44071448
5964,"C[C@H](C#N)[C@H](O)c1ccccn1
",0.44071445
10818,"C[C@@H]1SCCC[C@]1(C[NH3+])N(C)CC[NH+]1CCCC1
",0.4407144
6247,"C[C@H]1C[C@](O)(C2CCOCC2)CS1
",0.4407144
3630,"CC(C)OC[C@H](N)c1ccncn1
",0.44071436
15211,"Cc1nc(=O)[nH]cc1Br
",0.44071436
36648,"C=CCCC[C@H](O)[C@](C)(CC)[NH+]1CCCCC1
",0.44071436
31621,"CC(C)C[NH+](CCC1C[C@@H]2CC[C@H](C1)[NH2+]2)C1CC1
",0.44071436
11846,"Cc1ccccc1[C@@H]([NH2+]C(CO)CO)c1ccccc1
",0.4407143
10962,"CC(C)[C@H](C)[NH2+][C@H]1CCOC2(CCCC2)C1
",0.44071424
14648,"CCCc1ccc([C@@H](O)[C@@](C)(CC)[NH+](C)C)cc1
",0.4407142
28998,"CC(C)(C)[C@@]1([C@@H]2CCOC3(CCCCC3)C2)CCC[NH2+]1
",0.44071415
20418,"CCC1(CC)CC[NH+](CC(=O)C(C)C)CC1
",0.44071415
1009,"CC(=O)c1ccc(Br)cc1O
",0.44071412
15988,"C[NH+](CCC1OCCCO1)CCS(C)(=O)=O
",0.44071412
27729,"CC[NH2+]C[C@@H](C(C)C)N1CCOCC1
",0.44071406
1498,"CNc1nc(N)c2c([nH+]1)CCC2(C)C
",0.44071397
17460,"C[C@@]12CC3CC(n4cccc4)(C1)C[C@](C)(C3)C2
",0.44071397
4899,"CCOC(=O)c1[nH]c(C)c(C(C)=O)c1CC
",0.44071397
31120,"CCCC[C@H](CC)[C@H]1OC[C@@H](C[NH+]2CCCCC2)O1
",0.44071394
35241,"Cc1ccccc1C[NH2+]Cc1ccccc1Cl
",0.44071394
505,"CC1(C)CSC[C@](CO)([NH2+]C2CCCC2)C1
",0.44071388
8403,"C[NH+](CC/[NH+]=C(\N)NC1CCCCCC1)C1CCCC1
",0.44071388
6229,"C[NH2+][C@H](CC1CCCC1)[C@@H]1CSCCO1
",0.44071388
39254,"CC(C)CNC(=O)[C@](C)(N)C(F)(F)F
",0.4407138
5854,"CSc1ccccc1[C@@H]([NH3+])c1ccc(C)o1
",0.4407138
27295,"CCOC(=O)[C@H](/C(C)=N/NC(=O)OC)C(C)C
",0.4407138
28349,"N#CCC[C@@H]1CCCCCCCCCCC1=O
",0.44071373
24889,"[NH3+][C@H](CC(=O)[O-])c1ccccc1Br
",0.44071373
38400,"C[C@@H](CNC1CC[NH+](C2CCCCC2)CC1)[S@@](C)=O
",0.4407137
23994,"c1cc2cc(-c3ccoc3)ccc2[nH]1
",0.44071364
36534,"CSCn1nc2ccccc2n1
",0.4407136
8225,"CCCC[C@@H](C(=O)[O-])[C@@H](O)C1CC1
",0.4407136
622,"C[C@H](O)[C@H](C)n1cc(C=O)nn1
",0.4407136
36271,"Nc1cc([N+](=O)[O-])c(F)cc1F
",0.44071352
21911,"COC1CC[NH+](C[C@@H]2CCC[C@H](C)C2)CC1
",0.44071344
14434,"CC[C@@H]([NH3+])[C@H](SCC[NH+](C)C)c1ccccc1C
",0.44071344
7125,"N#CC[NH+](Cc1cccs1)Cc1cccs1
",0.44071332
11990,"CC(C)[NH+](CC1CC[NH2+]CC1)C[C@@H]1CCC[C@H](C)C1
",0.44071332
10221,"OC[C@H]1CCCC[NH+]1CC1(CS)CCCCC1
",0.44071332
15764,"C[S@@](=O)CCNC(=O)[C@@]1(C)CC1(Cl)Cl
",0.44071323
38356,"CC(C)[C@@H]1C[C@H](CO)OC1=O
",0.44071323
1039,"CCC[NH2+][C@H]1[C@H]([NH+](C)C)CCCC1(C)C
",0.44071323
38445,"CCN[C@@H]1CC[C@H](C)C[C@@H]1[NH+](C)C1CCC(C)(C)CC1
",0.44071314
23872,"CCC1(CC)CC[NH+]([C@]2(C[NH3+])CCCS[C@H]2C)CC1
",0.44071314
10997,"CNC(=O)[C@@H](C)[NH2+][C@H]1CC(C)(C)OC1(C)C
",0.44071314
39915,"CC(C)(C)[C@H]1CC[C@H](O)[C@H](C2CCCC2)C1
",0.44071314
17312,"CC(C)=C[C@H]1[C@H](C(=O)NC2CC(C)(C)[NH2+]C(C)(C)C2)C1(C)C
",0.44071296
32780,"C[NH2+][C@H](CCC(F)(F)F)c1cc(C)c(C)cc1C
",0.44071296
30831,"C[C@@H]1OCC[C@@H]1C#CC(=O)[O-]
",0.4407129
16289,"Cn1ccc2c3ccsc3ccc21
",0.4407129
17220,"CC(C)[NH2+]Cc1cc(C#N)cs1
",0.44071287
29406,"C[C@@H]1CCC[NH+]1C1(CC(=O)[O-])CCCCC1
",0.44071278
14016,"CC[C@H]([NH2+][C@@H](C)c1c(C)noc1C)C(=O)[O-]
",0.44071278
33314,"CCC(CC)[NH+](CC(C)C)[C@H]1CCCC[C@@H]1C[NH3+]
",0.44071272
5031,"C[C@H]([NH3+])COCc1ccc(F)cc1
",0.44071272
17192,"CCS(=O)(=O)CCC[C@@H]([NH3+])[C@@H]1CSCCS1
",0.4407127
2990,"CC(C)[C@@H]([NH2+][C@H](C)C[C@@H]1CCC[NH2+]1)C(=O)[O-]
",0.4407127
21898,"CCCOc1ccc([C@H](C)[C@@H]([NH3+])C(C)C)cc1
",0.4407127
34716,"CC(=O)[C@H]1CCC[NH+](CC(C)(C)C(=O)[O-])C1
",0.4407127
31046,"CSCC[NH2+]Cc1nc(C)c(C)s1
",0.44071263
35608,"CC(C)(C[NH3+])[C@H](O)c1ccco1
",0.4407126
13063,"C[C@H](C(=O)[O-])[C@H](C)[NH+]1CCN(CCO)CC1
",0.4407126
7071,"CC[C@H]1CCC[C@@](O)([C@@]2(C#N)CCC[C@@H](CC)C2)C1
",0.44071248
33317,"CC[C@H]([NH3+])Cc1ccc2nnnn2n1
",0.4407124
35775,"CCCC1(C(=O)[O-])CC[NH+]([C@H](C)[C@H](C)O)CC1
",0.4407123
26483,"CCSCCS(=O)(=O)c1ccccc1
",0.44071227
12514,"Cc1cc2c(cc1[N+](=O)[O-])OCO2
",0.4407122
7585,"CC[C@@H]1CCCC[C@@H]1[C@H]([NH2+]C)C(C)(C)[NH+]1CCCC1
",0.44071198
23041,"CNC(=O)NCC(=O)N(C)C1C2CC3CC(C2)CC1C3
",0.44071198
13055,"CCc1cccc(C(C)(C)C)c1N
",0.44071198
14457,"c1cnc(OCC[C@@H]2CCC[NH2+]C2)nc1
",0.44071195
15536,"CC(C)[NH2+][C@]1(CO)CCC[C@@H]([NH+]2CCCCCC2)C1
",0.44071195
34820,"CC1CCC(C[NH3+])(C2(O)C[C@@H](C)C[C@H](C)C2)CC1
",0.44071195
19628,"CCCNC(=O)CSCC(F)(F)F
",0.44071186
5987,"NC(=O)[C@H]1CCCCN1C(=O)[C@H]1CCCCC[C@@H]1[NH3+]
",0.4407118
8654,"CNC(=O)O/N=C(\C)[C@H](C)SC
",0.44071177
20830,"CC(C)CS(=O)(=O)CC[C@H]1CCC[C@H]1[NH3+]
",0.44071177
14702,"C[C@H]([NH3+])Cc1ccc(Br)cc1F
",0.44071177
39591,"C[NH2+]C[C@@H](C)c1c(C)nc(C(C)(C)OC)nc1C
",0.44071177
12705,"CCC(CC)N(CC(C)C)C(=O)N[C@H](C)C(=O)[O-]
",0.4407117
14850,"CCN(C(=O)CCCO)[C@@H](C)COC
",0.44071165
27754,"[NH3+]C1CCN([C@@H]2CCOC3(CCC3)C2)CC1
",0.44071156
31110,"Brc1csc(-c2ccoc2)n1
",0.44071156
21774,"CC(C)(C)c1nc([C@H]2CCC[NH2+]C2)no1
",0.44071156
16507,"CN[C@@H](C[NH+]1CCCC1)C1CC[NH+](C)CC1
",0.44071153
12678,"CCC[C@@H](C)[C@@H](CC)[NH2+]C1CCC(O)CC1
",0.44071147
16217,"CC(C)Oc1ccc([C@@]2(C(C)C)CCC[NH2+]2)cc1
",0.44071147
27325,"CC1=C(C(=O)[O-])C(C)(C)CCC1
",0.44071144
12621,"CCC[C@@H](CC)Nc1c(F)c(F)nc(F)c1F
",0.44071138
22870,"CC1(C)CCC[C@@](C)(CCC(=O)[O-])C1=O
",0.44071138
28179,"[S-]c1nnc2c(Cl)cc(Cl)cn12
",0.44071138
28969,"CN(CC(C)(C)C)C(=O)[C@H]1C=C[C@@H]([NH3+])C1
",0.4407113
15609,"C[C@H]([NH2+][C@@H]1CCCC[C@@H]1[C@@H]1CCC[NH2+]1)C1CCCC1
",0.4407113
30835,"CC[NH+]1CCC[C@@H]1CN(C)/C(N)=N/O
",0.4407113
21716,"CC[NH2+][C@@H]1[C@@H]([NH+]2CCCC2(C)C)CCCC1(C)C
",0.4407113
4301,"CCC[NH2+][C@@H](C1CC1)C(C)(C)[NH+](C)C
",0.4407113
37291,"CC(C)Oc1ncnc(NC[C@H](C)C(C)C)c1N
",0.4407113
7828,"COc1ccc(C)cc1[C@H](O)[C@H](C)OC
",0.4407113
7576,"CC(C)OCC(=O)[C@@H]1CCC[C@@H](C)C1
",0.44071123
12326,"O[C@@H](Cc1c(F)cccc1F)c1c(F)cc(F)cc1F
",0.4407112
3114,"CC1(C)CC(=O)C2=CN[C@@H]3CCCC[C@H]3N=C2C1
",0.4407112
38,"COC(=O)[C@H](C)CNC(=O)C1(O)CCCC1
",0.4407111
18325,"C[C@H]1CN(S(=O)(=O)N2CCN(S(=O)(=O)N3C[C@H](C)O[C@H](C)C3)[C@@H](C)C2)C[C@@H](C)O1
",0.44071105
7606,"O=C([O-])c1ccn(CC(F)(F)F)c1
",0.44071102
37511,"CC[C@H]1CCCN1C(=O)[C@@](C)([NH3+])CC
",0.44071093
38949,"CN(C)CC[NH+]1CCC[C@@H]1C(=O)NC1CC1
",0.44071093
34565,"CCC1(CC)CC[NH+]([C@@H]2CC[C@@](C#N)(NC)C2)C1
",0.44071087
1212,"CCO[C@H]1C[C@@H]([NH2+][C@@H]2CCCC2(C)C)C12CCCCC2
",0.44071087
18059,"Ic1ncn(C2CCCC2)n1
",0.44071087
30475,"C[NH+](C)Cc1ccnc(Cl)n1
",0.44071087
20823,"Cc1nc2ccc(N)cc2nc1C
",0.4407108
20400,"[NH3+]C1CC(c2ccccc2F)C1
",0.4407108
34329,"CCC1(C(=O)NNC(=O)CSC)CCC1
",0.4407108
11967,"C[C@H](c1ccccc1F)[NH+](C)C/C=C/CS
",0.44071072
35580,"CCCC[NH+](CC)[C@](C)(C[NH3+])C1(C)CC1
",0.4407107
33721,"CCC/C=C/C=C/[C@@H]1C[C@@H](O)[C@H](O)[C@H](O)[C@@H]1CO
",0.44071063
38269,"O=C1NC(=O)/C(=C/c2cc3c(cc2Br)OCO3)N1
",0.44071063
31473,"C=CCOc1ccccc1C(=O)NN
",0.44071063
12888,"CC1(C)CCCC[C@@H]1NC(=O)NC1(C(=O)[O-])CCCCC1
",0.44071063
38550,"O=S(=O)(C1CC1)N1CCC(NC2CC[NH+](C3CCCCC3)CC2)CC1
",0.44071054
24715,"CC[NH2+]CC1=NC(=O)C2(CC2)C([O-])=N1
",0.44071054
22216,"C#CC[NH2+][C@@H](C)C(=O)N1CCCCCC1
",0.44071054
25441,"CC1(C)CCCC[C@H]1NS(=O)(=O)[C@H]1CCC[NH2+]C1
",0.44071054
35687,"COC[C@@]1(C)C[NH+]=C(N)N1C
",0.4407105
8486,"CCc1ccc([NH+]2CC[NH2+]C[C@@H]2CC)cc1
",0.44071046
2221,"CC(=O)O/N=C1\CCCC\C1=C/C(C)C
",0.44071046
29558,"CC(C)CN(C)[C@H](C[NH3+])c1cccnc1
",0.44071043
4855,"C[NH2+]Cc1ccc(C[NH+]2C[C@@H](C)[C@H](C)C2)o1
",0.44071043
28049,"C=CCN(CC(=O)[O-])C(=O)NC1CCCC1
",0.4407103
31836,"CC(=O)CSc1ccc(Cl)cc1
",0.4407103
19123,"CC[C@@H]([NH3+])CS[C@H]1CCC[C@H](S(C)(=O)=O)C1
",0.44071028
8752,"O/N=C/c1cccnc1Cl
",0.44071028
23539,"C#CC(=O)c1cc(C(F)(F)F)ccc1F
",0.4407102
27056,"O=C(Nc1ccccc1C(=O)[O-])c1ccc(C(=O)Nc2ccccc2C(=O)[O-])cc1
",0.4407102
20359,"O=[N+]([O-])c1ccc2c([N+](=O)[O-])c([O-])ccc2c1
",0.4407102
7263,"COC[C@@H](C)CC1(O)[C@H]2CCC[C@H]21
",0.4407101
8121,"CC[C@H](C)[C@@H](CO)c1ccccc1C
",0.4407101
7152,"CC1(C(=O)N[C@H](C(=O)[O-])C2CC2)CCCC1
",0.44071004
29044,"CCC[C@H]1C[NH2+]CCC12CCC(C(C)(C)C)CC2
",0.44071
36694,"Cc1cn(C=O)c2ccccc12
",0.44071
103,"O=C([O-])c1cccnc1-c1ccccn1
",0.44071
1353,"C[C@@H](NC[C@@H](C)[NH+]1CCCCC1)c1cc(F)cc(F)c1
",0.44071
23667,"CC[C@H](C[NH2+]C)Cc1nc(C)cs1
",0.44070995
11423,"CC(C)CCCOCC[C@@H]1CCC[C@@H]1O
",0.4407099
24783,"Cn1ncnc1CC1CC[NH2+]CC1
",0.4407099
13354,"C[C@H]([NH2+][C@H](C)CCCO)c1cnccn1
",0.4407098
11786,"C[C@@H](CCCO)[NH2+][C@H](C)c1cnccn1
",0.4407098
18759,"CNc1nc2c(s1)C(C)(C)OC2(C)C
",0.4407097
34694,"CC(=O)N1C(=O)N(C(C)=O)[C@@H]2NC(=O)N(C(C)=O)[C@H](C)[C@@H]2[C@@H]1C
",0.4407097
10232,"O=C1CCC[C@H]1CC[S@](=O)C1CCCCC1
",0.44070968
28632,"CSCC[C@@H](C)NC(=O)NCC[C@@H](C)O
",0.44070962
30614,"Cc1noc(C)c1C[NH2+][C@H](C)[C@H](C)C(=O)[O-]
",0.44070962
38064,"C[NH2+]C[C@H](C)C(=O)NC[C@](C)(O)C(=O)[O-]
",0.44070962
13284,"C[C@@H](CC1CC1)N1CCC[NH+]2CCCC[C@@H]2C1
",0.44070953
31778,"C[C@@H](CO)[NH2+][C@H]1C[C@H]2C[C@@H]1[C@H]1CCC[C@@H]12
",0.44070953
7528,"[NH3+]CC[NH2+][C@@H]1CCOC2(CCC2)C1
",0.44070953
30133,"NC(=[NH2+])c1cc(Br)ccn1
",0.44070953
11215,"CN(CC1CCOCC1)[C@@]1(C[NH3+])CC(C)(C)OC1(C)C
",0.44070944
2987,"C[C@H]1C[C@H]1C(=O)NC[C@H]1CCC[C@@H](CNC(=O)[C@@H]2C[C@@H]2C)C1
",0.44070944
20648,"C[C@H]1C[C@H](OCCC(N)=[NH2+])CC(C)(C)C1
",0.44070944
23724,"CC[C@@H](C)[NH+](CC)[C@@H]1CCCC(C)(C)[C@@H]1[NH3+]
",0.44070938
14200,"CCOC(=O)C[NH2+]CCC(C)(C)O
",0.44070935
21120,"CC(C)C[C@H](O)c1ccc(C(F)(F)F)cc1
",0.44070935
10168,"CC(C)CC(=O)N(C)c1ccc(C(C)(C)C)cc1
",0.44070935
23249,"CCC[C@H](O)CCc1nonc1C
",0.4407093
23078,"CCC[C@H](CN1C(=O)[C@@H](C)[C@@H](C)C1=O)[NH2+]C
",0.4407093
35114,"C[NH+](CCCC(C)(C)C[NH3+])C1CCC(C)(C)CC1
",0.44070926
39698,"CC(C)c1nc([C@H](C)[NH2+][C@H](C)c2nccs2)cs1
",0.44070926
28144,"C=CC[NH+](CC(=O)[O-])[C@@H]1CCCC[C@@H]1C
",0.44070926
10922,"C1CCC(N[C@@H]2CC[NH+](C3CC3)C2)=[NH+]C1
",0.4407092
18618,"Cc1nc(-c2ccccc2)ccc1[C@H](C)O
",0.4407092
35552,"CC(C)c1noc([C@@H](C)[NH+]2C[C@H]3CC=CC[C@H]3C2)n1
",0.4407092
18148,"C[NH2+][C@H](CSC[C@@H](O)CO)C12CC3CC(CC(C3)C1)C2
",0.44070917
17471,"COC(OC)c1cncc(I)c1
",0.44070917
25868,"CC(C)(C[NH3+])NC(=O)NC1CCCC1
",0.44070917
38209,"C[C@H](O)[C@H](NC(=O)COCC[NH3+])C(=O)[O-]
",0.44070905
7094,"C[NH2+]C[C@H](CCOC)c1ccc(C)cc1
",0.44070897
3636,"CC(C)[C@H]([NH2+][C@H]1CCCS[C@H]1C)C(=O)[O-]
",0.44070897
624,"Cc1ccsc1[C@H]1CC[C@H](O)[C@@H]1C
",0.44070897
28111,"Cc1ccc(S/C=C/C(F)(F)F)cc1
",0.44070894
17614,"CCC(CC)(CS)COc1c(C)nn(C)c1C
",0.44070894
32642,"CC(C)[C@H](O)CNS(=O)(=O)CC1CCC1
",0.44070888
21463,"CN1CCN(C[C@H](CS)C(C)(C)C)C(=O)C1=O
",0.44070888
30121,"CC1(C)CCC[C@@](C[NH3+])(CC2CCCCC2)[C@@H]1O
",0.4407088
36518,"CN(CC[NH+]1CCCC1)CC(=O)N(C)CC1CCCCC1
",0.4407088
7048,"CC(=O)c1ccccc1O/C(C)=N/O
",0.44070876
36579,"C[C@H]1C[NH+]([C@]2(C[NH3+])CCCSC2)C[C@@H]1C
",0.4407087
15271,"CCN(CC)S(=O)(=O)Cc1ccccc1C
",0.4407087
18115,"CC(C)[C@H](Sc1ccncc1)C(=O)[O-]
",0.4407087
8832,"Cc1cc([C@](C)(O)c2cc(F)cc(F)c2)cs1
",0.4407087
2484,"Brc1ccc(OC2CC[NH2+]CC2)nc1
",0.4407086
3777,"CC(C)(C)OC(=O)[C@@H]1CC[C@@H]2CCCC[C@@H]2[NH2+]1
",0.4407086
11235,"CN1CCC([NH+](C)CCC(=O)[O-])CC1
",0.4407086
5345,"CCC[C@H](C)COc1c(F)cc(C[NH2+]C)cc1F
",0.44070855
30836,"CC(C)[NH2+]CCS(=O)(=O)N1C[C@@H](C)[C@@H](C)C1
",0.44070855
33631,"[NH3+]CC1(CCSc2ccccc2)CCCC1
",0.44070852
25275,"Cc1cc(C)cc(C[NH+](C)C2CCC([NH3+])CC2)c1
",0.44070852
20220,"CC(C)(C)[NH2+]CC(=O)N[C@@H]1CCS(=O)(=O)C1
",0.44070843
36232,"C[C@@H](C1CC1)[NH+]1CCC(OCCC[NH3+])CC1
",0.44070843
337,"Cc1nnsc1-c1nnc2sc(C(F)(F)F)nn12
",0.44070843
22528,"CO[C@H]1[C@@H](C)[C@@H](COS(=O)(=O)[O-])O[C@@H](OC)[C@H]1OC
",0.44070843
11798,"C[C@H]1C[C@H]2CCCC[C@@H]2[NH+]1CCCCCO
",0.44070834
13985,"Cc1ccnc(SCCCCCS)n1
",0.44070834
2108,"CC(C)C12CN3CCN(CC(C3)/C1=N\N=C1/C3CN4CCN(C3)CC1(C(C)C)C4)C2
",0.44070834
39315,"CC[C@H](C)S[P@@](C)(=S)N(C=O)CC(C)C
",0.44070828
37099,"C[C@H](CC(N)=O)[NH2+][C@H](CO)CC(C)(C)C
",0.44070822
2559,"COC[C@H](C)[C@H](CC(C)C)C(=O)[O-]
",0.44070822
12506,"CC1CCN(C(=O)CC#N)CC1
",0.44070822
10061,"COC(=O)[C@H]1C=c2ccc(C)cc2=[NH+]1
",0.44070822
24801,"ClC(/C=N\n1cnnc1)=C/c1ccccc1
",0.44070822
9360,"CC[C@H](C)[C@@]1([NH3+])CCC[C@H](C)[C@@H]1C
",0.44070813
38819,"C[C@@H](Nc1ccccc1)N1C(=O)CCC1=O
",0.44070813
6878,"CCCN(C(=O)CCl)[C@@H]1CCS(=O)(=O)C1
",0.44070813
21698,"CCCCC(=O)c1cc(C)c(C)cc1C
",0.4407081
8238,"O=C(NNc1ncccn1)c1ccccc1O
",0.4407081
24263,"C/C=C/COc1ccccc1S(N)(=O)=O
",0.4407081
7824,"CC(C)([C@H](O)c1ccc2c(c1)OCCO2)[NH+]1CCCC1
",0.44070804
2895,"C[NH2+][C@@H]1CCC[C@@H]1Cc1ccccc1
",0.440708
32226,"O=C([O-])c1ccc2ncccc2n1
",0.440708
32756,"C[C@@H]1CCC[C@](C#N)([C@H](O)C(=O)[O-])C1
",0.440708
27205,"CC[C@@H](C)[NH+]1CCN([C@H]2CC[C@H]([NH2+]C)C2)CC1
",0.44070795
3046,"Brc1ccc(C[C@H]2CCC[NH2+]2)cc1
",0.44070795
23695,"Cc1n[nH]c(C)c1N[C@@H]1CCC[C@@H]([NH3+])C1
",0.44070792
20344,"CCCCNC(=O)[C@]1(C)CC[C@@](C)(C(=O)[O-])C1(C)C
",0.44070786
34828,"C[C@@H](C(=O)N(C)C)N(CC(=O)[O-])CC(F)(F)F
",0.44070786
17535,"Clc1ncccc1-c1ccccc1
",0.44070786
22932,"C[C@H]([NH+](CCC(=O)[O-])C(C)(C)C)C1(C)CC1
",0.44070786
18190,"Cc1ccc(OCCCSC(C)C)cc1
",0.44070777
8026,"CC1(C)/C(=C/CO)[C@H]2CC[C@@H]1C2
",0.44070777
25742,"C[NH2+][C@H]1CCCCC[C@H]1CN(C)CCS(C)(=O)=O
",0.44070777
6264,"CN(CC(=O)N(C)CCC[NH3+])C[C@H]1CCC[NH+]1C
",0.44070777
20265,"CC(C)[C@@H](C(=O)N1CCN(C(=O)C2CCC2)CC1)[NH+]1CCCCC1
",0.44070777
39815,"C[NH2+][C@@](C)(C(=O)OC)c1ccc(F)cc1
",0.44070777
34362,"FC(F)(F)c1cc(-c2ccc(Cl)nn2)cc(C(F)(F)F)c1
",0.4407077
13128,"CCCCSc1ccccc1C(=O)[O-]
",0.44070768
14044,"CCNC(=O)NC(=O)C[NH+]1C[C@@H](C)C[C@@H](C)C1
",0.44070768
14371,"C[C@H]([NH2+][C@H](C)c1cc(F)cc(F)c1)c1cc(F)ccc1F
",0.44070762
34989,"CC(=O)[C@H]1CCOC2(CCC2)C1
",0.4407076
12519,"C[C@H]1CN([C@@H]2CC[NH2+]C[C@H]2C)S(=O)(=O)C1
",0.4407076
14336,"C[NH+](C[C@H]1CCC[NH+]1CC(=O)[O-])C1CC1
",0.4407076
33119,"C[C@H]1[C@H]2C[C@H]([C@H](S(=O)(=O)[O-])C2=O)C1(C)C
",0.4407076
28380,"Cc1cc(C)c(NC(=O)C(=O)NC(C)C)c(C)c1
",0.44070753
30453,"CCCCc1[nH]ncc1C(=O)[O-]
",0.4407075
38108,"O=C(CCC1CCCCC1)N[C@@H]1CC[NH2+]C1
",0.4407075
4955,"CCCCCOC(=O)[C@H]1CC[NH2+][C@@H]1C
",0.44070742
16833,"CC(C)CC[C@H]([NH3+])Cc1cc(F)cc(Br)c1
",0.44070742
14182,"CC[NH2+]C/C(C)=C/c1ccc(F)cc1
",0.44070736
6695,"C[C@@H]([NH2+]C1(CO)CCCCC1)[C@@H](C)C(=O)[O-]
",0.4407073
11505,"C[NH+](C)CCC/N=C/C1C(=O)CC(C)(C)CC1=O
",0.4407073
21560,"CCCN(CC)c1cc[nH+]c(C(=O)[O-])c1
",0.4407073
39644,"CCCCOC(=O)[C@@](C)(N)C(F)(F)F
",0.44070727
32097,"CCCN1CC(=O)N(CC[C@@H](C)O)CC1=O
",0.4407072
23932,"CCS(=O)(=O)c1ccccc1S(=O)(=O)[C@@H](C)CCCl
",0.4407072
11727,"CC(C)(O)/C=C/C1=C[C@@H](O)[C@@](C)(O)C[C@@H]1O
",0.44070712
12231,"CC1(C)CCC(O)(CNC(=O)[C@H]2C=C[C@@H]([NH3+])C2)CC1
",0.44070712
32201,"C/C(C(=O)[O-])=C(\C)C(=O)N[C@H]1CCCC1(C)C
",0.4407071
22171,"C[C@@H]1CCC[C@@]1(C[NH3+])C(=O)[O-]
",0.4407071
9383,"Fc1ccc([C@@H](Br)Cc2ccncc2)c(F)c1F
",0.44070694
32827,"CC[NH+]1CCN([C@@H]2CC[C@H](O)C2)C[C@@H]1C
",0.44070694
38315,"CC1(C)CCSC[C@H]1[NH2+]CCC1CCCCC1
",0.44070694
13486,"CCOC(=O)Cc1cc(C)cc(C)c1
",0.44070694
9446,"CC(C)OCCC(CO)(CO)[C@@H]1CCS(=O)(=O)C1
",0.44070688
1071,"C[C@H]([NH3+])c1cc(F)c(Cl)cc1Cl
",0.44070685
11789,"CC[C@@](C)(C(=O)Cc1nccs1)[NH+](C)C
",0.44070685
27025,"[NH3+][C@@H]1C=C[C@@H](C(=O)NCCC(F)(F)F)C1
",0.44070676
25482,"C[C@@H](Cc1ccco1)C(=O)[O-]
",0.4407067
10249,"CCN(C)C(=O)NC1(C[NH3+])CCCCC1
",0.4407067
11430,"C[NH2+][C@H]1CC(C)(C)Oc2cc(F)ccc21
",0.44070667
15950,"CC(C)[C@@H]1CCC(=O)[C@H](C[C@@H](C)O)C1
",0.44070667
33218,"CC(=O)C(C(=O)c1ccc([N+](=O)[O-])cc1[N+](=O)[O-])=C(C)[O-]
",0.4407066
4457,"COc1cccc([C@@H](C#N)[C@H](C#N)c2ccccc2)c1OC
",0.44070652
29366,"C[NH2+][C@H](C)CSCc1cc(C)cc(C)c1
",0.44070652
13474,"c1cc(CSC2[NH+]=c3ccccc3=[NH+]2)nc(CSC2[NH+]=c3ccccc3=[NH+]2)c1
",0.44070646
11341,"C[C@H]1CC[C@@](C(=O)[O-])(C2CCCCC2)C1
",0.44070637
35778,"FC(F)(F)c1ccc2[nH]ncc2c1
",0.44070637
35931,"CCC(CC)Oc1ccc(C)cc1[C@H](C)O
",0.44070637
27791,"CC[C@@H]1CCC[C@@H]([C@H](O)C2([NH+](C)C)CCCC2)C1
",0.44070637
37697,"CC[C@H](C)N(C)[C@@H](C[NH3+])C1CCCCC1
",0.44070637
25610,"CC[C@H]1CN([C@@H]2CCC(C)(C)[C@@H]2[NH3+])CC[NH+]1C
",0.44070637
27529,"NC(=O)[S@](=O)C(c1ccccc1)c1ccccc1
",0.44070628
6563,"c1ncn(C[C@@H]2CCC[NH+]2CC2CCCC2)n1
",0.44070628
15272,"O=[N+]([O-])c1ccc2c(c1)c(Br)nn2[N+](=O)[O-]
",0.44070628
27242,"CCC[NH2+][C@@H](C(C)C)[C@H]1CCC[C@H](S(C)(=O)=O)C1
",0.44070628
19525,"CC(=O)C[C@H]1CCCCN1S(=O)(=O)C1CCS(=O)(=O)CC1
",0.44070628
3647,"Nc1ncnc(N(Cc2ccccc2)Cc2ccccc2)c1N
",0.44070628
7092,"[NH3+][C@H](CO)c1c(Cl)ccc(Cl)c1Cl
",0.44070625
31323,"CC[C@H](Cl)Cc1ccc2nccnc2n1
",0.44070625
79,"CC[S@@](=O)CCN1C(=O)NC(C)(C)C1=O
",0.4407062
32399,"CN(C)c1ccc(/C=C2\CCCCC2=O)cc1
",0.44070616
93,"COCCCC[NH2+][C@H]1CS[C@H](C)C1
",0.44070616
19933,"CC1(C)CO[C@@H]2CC[C@H](C(C)(C)C)C[C@@H]2[NH2+]1
",0.4407061
4643,"CC(C)(C)c1n[nH]cc1C[NH+]1CCCCC1
",0.4407061
10149,"CCCN1CC[C@H]([NH+](C)C)C[C@@H]1C
",0.4407061
7995,"CC[NH+]1CCC[C@@H]1CN(C)[C@@](C)(C[NH3+])COC
",0.4407061
981,"CN[C@H]1[C@@H](C[NH+](C)CC2CCCCC2)C(C)(C)OC1(C)C
",0.4407061
26969,"Cc1cccc(C(=O)[O-])c1O[C@H](C)[C@H](C)O
",0.44070604
39330,"C[C@@H](CO)NC(=O)C1(C)CCCC1
",0.44070604
6533,"C[C@@H]1CN(C(=O)N2CC(CC(=O)[O-])C2)C[C@H]1C
",0.440706
24713,"C[C@@H]1CCC[C@](C[NH3+])([C@]2(O)CCCC[C@@H]2C(C)(C)C)C1
",0.440706
20706,"CC(C)Cc1ccc([C@H](C)[NH2+]Cc2ccc([O-])c[nH+]2)cc1
",0.440706
7499,"CCN(C)C(=O)N[C@@H]1CCCC[C@@H]1OC
",0.44070596
1370,"C[C@H]1CC[C@H](C)[S+]1c1cc(O)ccc1O
",0.44070596
23755,"CC(C)(O)CNC(=O)[C@H]1C=C[C@@H]([NH3+])C1
",0.44070593
4794,"O=C(CCNC(=O)C12CC3CC(CC(C3)C1)C2)NC1CC1
",0.44070587
20951,"C[C@H]1[NH2+]CC[C@@H]1C(=O)N(C)CCO
",0.44070584
34762,"CC1=CC(N)=[NH+]CN1C(C)C
",0.44070584
15159,"O=C([O-])[C@@H](F)Sc1ccccc1O
",0.44070584
29051,"CC(C)(C(=O)[C@@H]1CCOC1)N1CCOCC1
",0.44070584
11054,"CS[C@H]1CCC[C@H]1NC(=O)N1CCC1
",0.44070584
32281,"O=C(NCC(C1CC1)C1CC1)NC[C@@H]1CCC[C@H]1O
",0.44070578
25094,"CC[C@H](C(C)=O)[C@@H]1CC[C@H](C)[C@H](C)C1
",0.44070575
15013,"C[C@@H]1CCC[C@@H](C)[NH+]1C[C@@H](O)COC1CCCC1
",0.44070575
15494,"CCC[NH+]1CCC[C@@H]([NH2+]CC2CCC(C(=O)[O-])CC2)CC1
",0.44070575
21406,"CCc1ccsc1C[NH2+]Cc1ccc(CC(C)C)cc1
",0.44070563
34691,"COCCCNC1=[NH+][C@@H](C)CS1
",0.44070563
18215,"C[NH2+][C@H](C=C(C)C)c1ccc(Br)cc1
",0.44070563
14045,"[NH3+][C@H]1CC[C@@H]([NH2+][C@@H]2C[C@H]2c2ccccc2)C1
",0.44070563
16988,"CCc1c(C)nc2nc(N)nn2c1[O-]
",0.4407056
39409,"[NH3+][C@@H]1CCN(c2ccncn2)C1
",0.44070554
12185,"CC[C@H](CS)C[NH+](CC)C1CCCCC1
",0.44070554
24964,"CC[NH2+][C@H](C)C(C)(C)CN1CC[NH+](C2CC2)CC1
",0.44070554
24866,"COC(=S)N(C)c1cc(Cl)cc(Cl)c1
",0.44070554
30821,"CC(CO)(CO)Cc1ccc(Cl)s1
",0.4407055
14729,"COCC1CC[NH+]([C@@H]2CCC[C@H](O)C2)CC1
",0.44070545
7755,"CCC[C@H]1CC[C@H](C[NH3+])[C@H]([NH+](C)C2CCCC2)C1
",0.44070545
30660,"CCc1c(N)nnn1CCCS(=O)(=O)CC
",0.44070545
35199,"CCc1ccc(C[C@@H]([NH3+])CC(C)C)nc1
",0.44070542
11042,"C[C@@H](C(=O)[O-])N1C(=O)CC2(CCCC2)C1=O
",0.44070542
27564,"CC(C)(C[NH+](CC1CCCCC1)C1CC1)S(C)(=O)=O
",0.44070536
29389,"CNS(=O)(=O)c1cc(C)c(C)cc1I
",0.44070533
28959,"Cc1ccccc1[C@@]1(C(C)(C)C)CCC[NH2+]1
",0.44070533
13889,"CCOc1cc(C[NH2+]C(C)C)cc(Br)c1OCC
",0.44070527
22279,"O=C1CCN(c2c(F)cc(F)cc2F)C(=O)C1
",0.4407052
23769,"CCC([NH3+])(CC)C(=O)N1CCC[C@]1(C)C(=O)[O-]
",0.4407052
24457,"CC[NH+](CCC#N)CC[C@H]1CCCC1=O
",0.44070518
24391,"C[C@H](Cl)C(=O)N(C)C1(C#N)CCCCC1
",0.44070518
21031,"CCOC(OCC)C(=O)c1cccc(C)c1C
",0.44070518
16685,"C[C@H]1CCC(=O)[C@H]([C@@H]2CCC[NH2+]2)C1
",0.44070518
3405,"CC1(C)C[C@H]2[C@@H](O)C3=C(C[C@](C)(O)[C@@H]2C1)C(=O)O[C@H]3O
",0.44070512
12573,"COC(=O)C[C@@H](C(=O)OC)c1ccc(O)cc1
",0.44070512
1672,"C[C@@H]1[C@@H](C(=O)[O-])CC[NH+]1C1CCC(C(F)(F)F)CC1
",0.4407051
37923,"CCCOC[C@H]([NH3+])C1(N(C)C)CCCCC1
",0.4407051
3987,"C[NH2+][C@@H]1CCC[C@@H]1[C@@H]1CCOC2(CCSCC2)C1
",0.4407051
1167,"CCC[C@@](O)(C=C(C)C)c1ccccc1
",0.4407051
5184,"CC(C)(C)[C@H]1CC[C@H](C[NH3+])[C@H]([NH+]2CCCC2)C1
",0.44070503
22256,"CCCC[C@@H]([NH2+]C)c1c(F)cccc1F
",0.44070503
26239,"NNc1cc(C(F)(F)F)c(Br)cc1Br
",0.44070503
12875,"CC(C)[C@@H](NC(=O)[C@@](C)(N)C(F)(F)F)C(=O)[O-]
",0.4407049
34313,"CC(C)CCC[NH2+][C@@H]1CCCS[C@H]1C
",0.44070485
27908,"C[NH2+][C@H](C)c1ccc(Oc2cc(C)cc(C)c2)cc1
",0.4407048
10407,"C[C@@H]1CCCCC[C@@H]1NC(=O)[C@@H]1CCC[NH2+][C@@H]1C
",0.4407048
9058,"C[C@H]1CN(C)C[C@H](C)N1C(=O)CCC(F)(F)F
",0.4407048
34837,"Cc1nc(C[NH2+]C[C@H](C)CCl)sc1C
",0.4407048
32782,"CCOC(=O)/C=C/C[NH+]1CCCC[C@H]1CC
",0.4407048
36539,"CCC(CC)(C(=O)c1cscc1Br)[NH+](C)C
",0.4407048
32378,"CSc1ccc([C@H](O)[C@@H](C)c2ccccn2)cc1
",0.44070476
22250,"SCCCOc1ccc(Cl)cc1Br
",0.4407047
31875,"[NH3+]CCc1ccc2nccnc2c1
",0.4407047
10488,"CCC[NH2+][C@@H](c1cc(C)c(F)cc1F)C(C)C
",0.44070467
38933,"CC(C)(O)C(=O)NN(c1ccccc1)c1ccccc1
",0.4407046
36661,"C[C@@H]([NH3+])c1cn(C)nc1C(F)(F)F
",0.44070458
32980,"C[C@H]([NH2+][C@H](C)c1cccc(F)c1)c1ccccc1
",0.44070458
17493,"O[C@@H]1C[NH+](C2Cc3ccccc3C2)Cc2ccccc21
",0.44070452
28437,"COC(=O)CSc1nnc(NN)s1
",0.44070452
12330,"CC[C@H](C)[C@H](NC(=O)CCl)C(=O)[O-]
",0.44070444
19481,"CC[NH2+]C1CCC([NH+](C)[C@@H]2CCC[C@H](OC)C2)CC1
",0.44070444
129,"Cc1cc2c(F)c(F)c(F)c(F)c2[nH]1
",0.44070444
38947,"C[C@@H]([NH2+]C1CCCC1)C(=O)OC(C)(C)C
",0.44070444
33929,"CN(CC(C)(C)O)c1ncc(Br)cn1
",0.44070435
15825,"CC(C)COC(=O)C1C[C@H](C)O[C@@H](C)C1
",0.44070435
18960,"COC(=O)Nc1ccc(I)cc1
",0.44070435
10704,"CCCNC(=O)N(CC[NH+](C)C)CC(C)C
",0.4407043
17775,"COc1cccc(/C=N/[N+](C)(C)C)c1O
",0.44070426
37138,"N#CCc1ccc2[nH]ccc2n1
",0.44070426
17094,"C[C@@H](CS(C)(=O)=O)[NH+](C)C[C@H]1CCC[C@@H](C)C1
",0.44070426
21575,"Fc1ccc(C[C@H](CBr)c2ccccc2F)cc1
",0.44070426
27415,"Cc1ccccc1C[n+]1ccccc1Br
",0.44070426
11234,"C[C@@H]1C[NH2+][C@H](c2cc(F)cc(F)c2)CS1
",0.44070426
8203,"[S-]c1nnc(-c2cc(Cl)cc(Cl)c2)o1
",0.4407042
16567,"C[C@H]1CC[C@H]([NH+](CCO)C2CCCCC2)C1
",0.4407042
25945,"COc1cc(Br)c(C=C(C#N)C#N)cc1OC
",0.44070417
17104,"[NH3+]C1(c2cccc(F)c2)[C@H]2CCC[C@H]21
",0.44070417
30283,"O=S1(=O)CC[C@H](S(=O)(=O)NC[C@@H]2CCCO2)C1
",0.44070417
17765,"Cc1ccc(N)cc1OCc1ccccc1
",0.44070417
39498,"CCNC(=S)Nc1cccc(C)c1C
",0.44070417
8900,"COCCSc1ccc([C@@H](C)[NH3+])cc1
",0.44070417
11348,"Cc1cc(C)cc(CS[C@H](CO)[C@@H](C)[NH3+])c1
",0.44070408
19155,"O=Cc1ccc(N2CCOCCOCCOCCOCC2)cc1
",0.44070408
21990,"C=CCS(=O)(=O)N1C[C@H]2C[NH2+]C[C@@H]2[C@@H]1CC
",0.44070408
14521,"Cc1noc(C)c1N(C)CCCS(C)(=O)=O
",0.44070408
6196,"OCCCCC[NH+]1CCN(c2ccccc2)CC1
",0.44070408
4686,"COc1cc(Br)ccc1C#N
",0.44070402
11902,"O=[S@](c1ncc(F)cn1)[C@@H]1CC[NH2+]C1
",0.44070402
19724,"C[C@H](O)[C@H](C)[NH2+]CC(=O)NC1CC1
",0.44070402
20325,"C[NH+](C)[C@@H]1CC[C@@H](NC(=O)CCC(=O)NC2CCCC2)C1
",0.440704
2926,"Cc1ccnn1C[C@@H](C)CS
",0.440704
31786,"C[NH2+][C@H](c1ccc(Cl)cn1)c1ccccc1Cl
",0.44070393
6365,"CC[NH+]1CCC[C@H]1CN(C)S(=O)(=O)[C@@H](C)C[NH2+]C
",0.44070393
20619,"OC[C@H]1CCCCC[C@H]1[NH2+][C@@H]1CCN(C2CC2)C1
",0.44070387
34467,"C=CCCC(=O)N1CCOC[C@@H]1C1CC1
",0.44070378
25811,"CC[NH2+][C@H](C)[C@@H](C)CCc1ccccc1
",0.44070378
29226,"CON(C)Cn1nnn(C(C)(C)C)c1=S
",0.44070378
1377,"CC[C@@H](CS)CN1CC[NH+]2CCCC[C@@H]2C1
",0.44070378
24026,"C=CCN(C(=O)[C@@H](C[NH3+])CC(C)C)C(C)C
",0.4407037
17516,"CCN(CC(C)(C)CS)c1ccccc1
",0.4407037
10188,"C[C@H](CNCc1cc(F)cc(Br)c1)[NH+](C)C
",0.44070366
29946,"Cc1ccc(S(=O)(=O)C[C@H](O)CO)cc1
",0.4407036
31064,"CCN(C(=O)[C@H](C)N(C)CC[NH+]1CCCC1)C1CCCCC1
",0.4407035
19229,"O=C(C[NH2+]C1CCCC1)N[C@@H]1CCCCC[C@H]1C(=O)[O-]
",0.4407035
24595,"CC[C@@H](CS)CSc1ccc(C)c(C)c1
",0.4407035
29134,"CCC[C@H](CO)c1ccccc1C
",0.4407035
27715,"Cc1cc(F)c([C@H](C)C(=O)[O-])cc1F
",0.44070345
37324,"CCNC(=O)[C@@H]1CC[C@@H]2CCCC[C@@H]2[NH2+]1
",0.44070342
38233,"CS(=O)(=O)[C@@H](c1ccccc1)c1ccncc1
",0.44070336
31413,"CNc1nc2ccccc2s1
",0.44070336
11094,"CC[NH2+]CCC(C)(C)c1ccc(C(C)C)cc1
",0.44070333
5692,"Cc1ncccc1O[C@@H](C)[C@@H](C)O
",0.44070333
38665,"CCC(C)(C)[C@@H]1CC[C@H](C[NH3+])[C@H]([NH+]2CCCCCCC2)C1
",0.44070327
32528,"COc1ccc(C(=O)/C(=N\O)c2ccc(OC)cc2)cc1
",0.44070324
6906,"Cc1cccc([C@@H](C)[NH2+]CCS(=O)(=O)C(C)(C)C)c1C
",0.44070324
25947,"NS(=O)(=O)c1ccccc1C(F)(F)F
",0.44070324
38295,"COC(=O)[C@H](C[NH3+])c1ccc(C)cc1
",0.44070318
8298,"CC[C@](C)([C@@H](CC1CCOCC1)[NH2+]C)N(C)C
",0.44070318
33714,"Cc1ccccc1[C@H]([NH2+]C[C@H](C)Cn1cc[nH+]c1)C(C)C
",0.44070318
20395,"CC1(C)C[C@@H]([NH2+]Cc2nc[nH]n2)C(C)(C)O1
",0.44070315
37314,"C[C@@H]1[NH2+]CCC[C@H]1C(=O)N[C@@H]1CCCC[C@@H]1O
",0.44070315
30514,"CC[NH2+]CC/C=C(/C)c1ccccc1
",0.44070315
9702,"CC[C@H](C)c1ccc([C@@H](O)c2cscc2C)cc1
",0.44070303
28640,"CCO[C@H]1C[C@H]([O-])C12CC[NH+]([C@@H]1CC[C@H](C)C1)CC2
",0.44070303
33418,"CCCC(C[NH3+])(CCC)N1CC[NH+]2CCC[C@@H]2C1
",0.44070303
2662,"CCC(=O)c1ccc(F)c(F)c1
",0.44070303
35449,"CSc1ccc([C@@H](O)c2cc[nH]c2)cc1
",0.44070294
32714,"CCC1CCC([NH+]2CCC(C(=O)N3CCCCCC3)CC2)CC1
",0.44070294
32617,"C=CC[NH2+][C@]1(C(=O)[O-])CCCCC1(C)C
",0.44070292
25154,"CC[C@@H]1CN(CC2(CC(C)C)CCCC2)[C@H](CC)C[NH2+]1
",0.44070286
15197,"CC1(C)CCC(O)(CNC(=O)N2CCCCCC2)CC1
",0.44070286
30168,"CC(=O)NCCc1ccccc1
",0.44070283
12148,"C[S@@](=O)C(=C1c2ccccc2C(=O)c2ccccc21)[S@](C)=O
",0.44070283
12263,"CC(C)=CC(=O)N1C[C@H](C(C)C)[C@@H]([NH+](C)C)C1
",0.44070277
22852,"CC(C)[C@H]1C[C@@](O)([C@H](F)C(=O)[O-])CCO1
",0.44070277
19792,"CC(C)[C@H](C[NH+](C)C)NC(=O)[C@@H]1CCCCC[C@@H]1[NH3+]
",0.44070277
10448,"CC(C)CN(C(=O)NCC1CCC1)C1CC1
",0.44070274
37444,"CC[NH2+][C@@H]1CC[C@@H](N2CC[NH+](C)[C@H](C)C2)C1
",0.44070268
35222,"[NH3+][C@@H](CO)c1cc(Cl)ccc1Cl
",0.44070262
36967,"Nc1n[nH]c2cc(F)ccc12
",0.4407026
4341,"O[C@@]12CCCC[C@@H]1C1(CCCCC1)NC(=S)N2
",0.44070253
39929,"CCOc1cc(OCC)c([N+](=O)[O-])nc1Br
",0.44070253
7264,"CC(=O)O[C@@H]1CCCC/C1=C\C(C)C
",0.4407025
20796,"Cc1ccc(C(=O)c2ccc(C)cc2F)c(C)c1
",0.4407025
17719,"CCC[C@@](C)(C(=O)[O-])[C@H]1CCOC1
",0.4407025
7862,"O=c1ccc(I)cn1CC1CC1
",0.44070235
12515,"CC[NH2+][C@@]1(CO)CC[C@H]([NH+](C)C2CCC(C)CC2)C1
",0.44070232
15922,"C=C1CC(=O)N[C@H](c2ccccc2)C1
",0.44070226
23383,"CC[C@@H]1C[NH+](CCC2CCCCCC2)CCN1C
",0.4407022
16169,"CCOc1c(Br)cc(Br)cc1/C=C/C[NH2+]C
",0.44070217
22101,"CC[C@H](C#N)[C@H](O)c1cccc(F)c1
",0.4407021
18021,"C[C@@H](CN1C(=O)C(C)(C)S1(=O)=O)C(=O)[O-]
",0.4407021
39199,"COC(=O)c1ccc(Cl)nn1
",0.4407021
12539,"C[NH+](CC1CC[NH2+]CC1)[C@@H]1CCOC2(CCCC2)C1
",0.4407021
33220,"CNC(=O)CN(C)C(=O)c1ccc(N)cc1
",0.44070208
3976,"COC(=O)C[C@@H](C)NC(=O)CNC(=O)C(C)(C)C
",0.44070208
4196,"CCCOC[C@@H](Cc1nccs1)[NH2+]C
",0.44070208
8937,"CC[C@](C)([C@@H]([NH3+])C1C[C@@H](C)C[C@@H](C)C1)[NH+]1CCCC1
",0.44070202
35885,"CCNC(=O)C[NH2+][C@H]1C[C@H]2CC[C@]1(C)C2(C)C
",0.44070193
10620,"CC1([C@H](O)c2ccc(F)c3ccccc23)CCCC1
",0.44070193
11339,"[NH3+][C@@H]1CCC[C@H]1CCN1CCOCC1
",0.4407019
8553,"CCN1CC(=O)N(CC(N)=O)CC1=O
",0.44070184
7109,"CC(C)[C@@H](O)C(C)(C)C[NH2+][C@H](C)CC1CCOCC1
",0.44070184
1826,"CCC[C@@H](O)[C@]1(C#N)CC[C@H](CC)C1
",0.44070184
25505,"Cn1ccnc1SCCC(C)(C)O
",0.4407018
20739,"[NH3+]C1(Cc2cccs2)[C@H]2CCC[C@H]21
",0.4407018
21780,"CC[C@@H]1CCC[NH+]1[C@@H]1CCC[C@@](CO)([NH2+]C(C)C)C1
",0.4407018
3879,"CN(CC(=O)N[C@@H]1CCS(=O)(=O)C1)C(=O)CC(C)(C)C
",0.4407018
21364,"O=C([O-])CNc1nccs1
",0.44070175
38028,"CS[C@H](C)C[NH2+][C@H](C)[C@@H](C)c1ccccc1
",0.4407017
16779,"CC(C)N[C@](C)(C#N)CCC[NH+]1C[C@H](C)[C@@H](C)C1
",0.44070166
17111,"CC(C)Oc1ccc(C[NH3+])cn1
",0.44070166
9615,"Nc1ccc(S(=O)(=O)Oc2ccccc2)cc1
",0.44070166
10679,"C=CCNC(=O)COc1c(Cl)c(Cl)c(Cl)c(Cl)c1Cl
",0.4407016
39995,"CCN[C@]1(C#N)CC[C@H]([NH+]2CCC(C)(CC)CC2)C1
",0.44070157
12696,"CC[NH2+][C@@H](c1cc(F)cc(Br)c1)C(C)(C)C
",0.44070157
13163,"CCOC(OCC)[C@@H]([NH2+]C)c1ccc2c(c1)OCCCO2
",0.44070157
1047,"CC[C@@H](COC)[NH2+]CCN1CCCS1(=O)=O
",0.4407015
11151,"CC(C)(C)SCC(=O)NCC(C)(C)N1CCS(=O)CC1
",0.44070148
27509,"CC(C)COC[C@H](O)CNn1cccc1
",0.44070148
39253,"C[C@@H]1CN(C(=O)C2(C)CCCC2)C[C@@H]1[NH+](C)C
",0.44070148
21453,"COc1c(Cl)ccnc1C(F)(F)F
",0.44070148
31330,"O=C1CCCCN1CC1(CS)CCCC1
",0.4407014
2247,"CC[NH2+][C@@H](C)c1ccc(N(CC)c2ccccc2)cc1
",0.4407014
10220,"[NH3+][C@H]1CCCCCC[C@@H]1[S@](=O)c1cccc(F)c1
",0.4407014
10740,"C=CCN(Cc1nnc(CC)n1C)S(=O)(=O)C(C)(C)C
",0.4407014
18013,"C[C@@H](CCCO)[NH2+][C@@H]1CCC[C@@H]1C
",0.4407014
34461,"Cc1cccc(=O)n1C[C@H](CS)C(C)C
",0.4407014
5428,"O=C(CSCC(F)(F)F)NC1CCCC1
",0.44070134
21376,"CC(=O)C[C@H]1CCCN1C(=O)NC(C)C
",0.44070134
35510,"CC[C@@H]1CC[C@@H](N(CC#N)C2CCCC2)C1
",0.4407012
5993,"C/C(=N\N)c1cccc(O)c1
",0.4407012
7261,"CC(C)Oc1ccccc1C[NH2+]Cc1ccccc1Cl
",0.44070116
16946,"C[NH2+][C@H](C(C)C)[C@H](C)c1ccc(F)cc1Cl
",0.44070116
30544,"C[C@@H]1C[C@@H]([NH3+])CN(c2nc(C(C)(C)C)ns2)C1
",0.44070116
18110,"C/[NH+]=C(/NCC1CC1)N[C@H]1CC[NH+](CC2CC2)C1
",0.44070116
21473,"CCc1ccc([C@H]2CC[NH2+]C[C@@H]2CC)cc1
",0.4407011
25825,"Fc1ccc([C@@H]2CCC[NH2+]C2)cn1
",0.4407011
31571,"CC(C)OC(=O)N[C@H]1C=C[C@@H](C(=O)[O-])C1
",0.440701
34298,"C[C@H](C(=O)C1C(C)(C)C1(C)C)c1ccccn1
",0.440701
39976,"CCOCCCc1nnc(Br)s1
",0.440701
26069,"Cc1ccncc1[C@H](F)C(=O)[O-]
",0.440701
3843,"CCC[C@@H](C)C[NH2+][C@@](C)(CC)C(=O)[O-]
",0.440701
18056,"C[C@H]1[NH2+]CCC[C@@H]1C(=O)NC1CCOCC1
",0.44070098
39222,"CCc1ccc(C[C@H](O)Cc2ccccc2)nc1
",0.44070092
20195,"CN1CCC(=NNC(N)=O)CC1
",0.44070092
36066,"Cc1cc(C)cc([C@H](O)C(C)(C)[NH+]2CCCCCC2)c1
",0.44070086
8513,"CCCCSc1nnc(C)n1CCC
",0.44070086
27565,"C=C(C)C[C@H](F)C(=O)c1ccccc1
",0.44070083
21881,"[NH3+][C@H](c1ccccc1)c1cscc1Br
",0.44070077
33047,"Cc1ccccc1-c1ccn[nH]1
",0.44070077
21385,"CCC[NH+](CC)[C@H]1CC2(CC[C@@H]1[NH3+])OCCO2
",0.44070077
3558,"CC[C@@](C)([C@@H](O)C1CCCC1)[NH+]1CCCCC1
",0.44070077
37103,"CC(=O)[C@@H](C)N1C(=O)c2ccccc2C1=O
",0.44070077
14560,"C=CC[n+]1c(SC(=O)O)sc2ccccc21
",0.44070074
24183,"C=CC[NH2+]CC(=O)N(C)C1CC[NH+](CCC)CC1
",0.44070074
25249,"CC(C)N1C[C@@H](C(=O)N2C[C@H](O)[C@H](O)C2)CC1=O
",0.44070074
34990,"C[C@@H]1SCCC[C@]1(C[NH3+])N(C)[C@@H]1CCC[NH+](C)C1
",0.44070074
29031,"O=C([O-])[C@@H]1C[C@@H]1c1ccc(Br)cc1
",0.44070074
36165,"NC(=S)NNC(=O)c1ccc(Br)cc1
",0.44070074
30799,"CC[NH+](CC)[C@H]1CCC[C@]([NH2+]C)(C(=O)[O-])C1
",0.44070074
5946,"O=CC1=C(C2(C(F)(F)F)OCCO2)[C@H]2CCC[C@@H]12
",0.44070074
33207,"C[C@H](O)CCC(=O)N[C@H]1CC[NH+](C)C1
",0.44070068
6332,"O=CN[C@H]1CCCC[C@@H]1c1ccc([C@H]2CCCC[C@@H]2NC=O)cc1
",0.44070065
31089,"CCC[C@H](O)c1cc(F)cc(Br)c1
",0.44070065
124,"Cc1cc(C=O)c(O)c([N+](=O)[O-])c1
",0.44070065
17170,"CCO[C@@H]1CC[C@](C#N)(NC2CC2)C1
",0.44070065
21802,"C[C@H](CC1CCCC1)[NH2+]C1CCN(S(=O)(=O)C2CC2)CC1
",0.4407006
19266,"C[C@H]([NH2+]CCCO)c1ccccc1N(C)C
",0.4407006
22668,"CN(CC1CCC1)C(=O)N(CC(=O)[O-])C(C)(C)C
",0.4407006
4662,"C[NH+](C)[C@H]1CC[C@H](NC(=O)N2CC[NH+](C3CC3)CC2)C1
",0.4407006
818,"C[C@H]1CCC[C@@H](C[NH3+])N1C(=O)NC1CCCC1
",0.44070056
38768,"CC[C@@H]([NH2+][C@@H](C)[C@@H](C)O)C1CCCCC1
",0.44070056
39716,"Br[C@H]1CCCC[C@H]1Cc1nccs1
",0.4407005
18880,"CC(C)c1ccc([C@@H]2C[NH2+][C@@H](C)[C@@H](C)O2)cc1
",0.44070044
33851,"Cc1ccccc1NC(=O)Nc1ccccc1
",0.44070044
34816,"CNS(=O)(=O)Oc1ccccc1Br
",0.4407004
39706,"[NH3+][C@@H]1C=C[C@@H](C(=O)N2CCC[C@H]2CCCO)C1
",0.4407004
22837,"CCCNc1nnc(S(=O)(=O)CC)s1
",0.4407004
28771,"CC(=O)NCCNC(=O)Cc1c(C)noc1C
",0.44070035
24399,"O=C1[NH+]=c2ccccc2=[NH+][C@H]1Nc1ccccc1
",0.44070035
31236,"C[NH2+][C@H](Cc1nccs1)C(C)(C)OC
",0.44070026
23464,"C[C@H](SC[C@@H](O)CO)c1ccc(N)cc1
",0.44070026
2276,"CC[NH2+][C@@H]1CCCC[C@H]1CN1CC[NH+]2CCC[C@@H]2C1
",0.44070026
14089,"O=c1[nH]cnc2oc3ccccc3c12
",0.44070026
11801,"O=C1CC(=O)N(Cc2ccsc2)C1
",0.44070023
38365,"CSCC(=O)NNC(=O)CC(C)(C)c1ccccc1
",0.44070017
37884,"CCCCN(C)C(=O)C1CC[NH+](C2CCC(C)CC2)CC1
",0.44070017
5556,"CC1(C)CC([C@@H]2CCC[C@H](S(C)(=O)=O)C2)=C[C@H]([NH3+])C1
",0.44070014
17753,"CC(C)CC1(C[NH2+][C@H]2CCC[C@@H]2C#N)CCCC1
",0.44070008
39796,"CC(=O)N1CCCN(CC[NH3+])CC1
",0.44070008
9020,"CCOc1ccc([C@H](O)[C@H](C)c2ccccn2)cc1
",0.44070008
34719,"Cc1cccnc1[C@@H]([NH2+][C@@H](C)c1ccc(F)cn1)C(C)C
",0.44070002
15726,"O=Cc1ccc(OCCOc2ccccc2)cn1
",0.4407
19978,"O=C1CC2(CCC2)NC(=O)N1C1CCCC1
",0.4407
5142,"CC[C@@H](CO)[NH2+][C@H](C)[C@@H]1CCC[NH+](C)C1
",0.4407
29806,"CC(C)[C@H](CCl)Nc1cccnn1
",0.4407
31018,"CCC[NH2+][C@H]1CCC[C@@H]([NH+](CC)CC2CC2)C1
",0.4406999
20533,"Cc1ccsc1[C@@H]([NH3+])[C@@H]1CSCCS1
",0.4406999
30816,"O=[N+]([O-])c1cccc(OC/C=C/CS)c1
",0.4406999
10068,"CC[NH2+][C@H](COCC)c1ccc(Br)cc1
",0.4406999
33781,"CCC[C@H]1C[C@H]1N/C(NC1CC[NH+](C2CCCC2)CC1)=[NH+]\C
",0.4406999
9070,"CCONC(=O)CC12C[C@@H]3C[C@@H](CC(Br)(C3)C1)C2
",0.4406999
6888,"CCCn1ncnc1CNn1c(C)ccc1C
",0.4406999
2697,"C[C@@H](NC[C@@H](O)c1ccccc1)c1ccncc1
",0.44069985
19239,"CC[NH2+][C@H](C1CCOCC1)C(C)(C)[NH+](C)C
",0.44069985
13799,"COc1cc(CC(C)=O)cc(OC)c1OC
",0.44069982
6140,"O=[N+]([O-])c1ccc2c(c1)=[NH+][C@@H](C(F)(F)F)[NH+]=2
",0.44069982
26611,"C[C@H]1CN([C@@H](C)C(=O)N2CCCCCC2)CC[C@@H]1[NH3+]
",0.44069973
34858,"Cc1cc([N+](=O)[O-])c(Br)cn1
",0.44069973
4487,"CC(C)N(CC(=O)[O-])C(=O)NC1C(C)(C)C1(C)C
",0.44069973
36185,"CC[C@@H](CC1(O)CCCC1)C(C)=O
",0.44069973
10001,"CCCCNC(=O)NCCC[NH+]1C[C@H](C)C[C@@H](C)C1
",0.44069967
30333,"Clc1cc(Cl)c2c(c1Cl)NCCO2
",0.44069967
6141,"C[C@@H](C(=O)NN)[C@@H](C)N(C)C1CC[NH2+]CC1
",0.44069967
20064,"Fc1ccc(C[C@H]2CCCC[NH2+]2)cc1
",0.4406996
23471,"CC(C)n1ncc2c1C[C@H]([NH3+])CC2
",0.4406996
14809,"C[C@@H]1CCC[C@H](C[NH+]2CCC[C@H]([C@@H](C)O)C2)C1
",0.4406996
4507,"CC(C)[C@H](C)NC(=O)N[C@H](C)c1nncn1C
",0.44069958
14955,"O=C1N[C@@H](C(=O)N(CC2CC2)CC2CC2)CS1
",0.44069958
7034,"CNS(=O)(=O)CCCN1CC[C@H]2CC[C@@H](C1)[NH+]2C
",0.44069958
3,"C=CCc1ccccc1OC(C)=O
",0.44069952
35788,"C[NH2+]C[C@@H](C)[C@H](C)N1Cc2ccccc2C1
",0.44069952
28073,"CCn1cc[nH+]c1[C@@H](C[NH+](C)C)NC
",0.44069952
33074,"CC(C)CC[NH2+]Cc1cc(F)ccc1F
",0.4406995
2094,"Cc1cnc(C[NH2+][C@H]2C[C@H]3CC[C@@H]2C3)s1
",0.4406995
21930,"C[C@@H]1C[NH+](C[C@]2(C(=O)[O-])CCOC2)C[C@@H]1C
",0.44069943
22087,"COC(=O)N1CC[C@H](NC(=O)C2C(C)(C)C2(C)C)C1
",0.4406994
13404,"CC[C@](C)([NH3+])CN1CC[NH+](CC2CC2)CC1
",0.44069934
4373,"C[NH+](CC[NH2+][C@H]1CCC[C@H](S(C)(=O)=O)C1)C1CC1
",0.4406993
11618,"CCN(CC)S(=O)(=O)c1cccnc1Cl
",0.4406993
38807,"Clc1ccccc1CSc1ncccn1
",0.44069925
9127,"CC(=O)C(C)(C)C[NH+](CCO)C1CC1
",0.44069925
21253,"CC[NH2+][C@@H](c1cncc(Br)c1)C(CC)CC
",0.44069925
20432,"C[C@H]1CCC[C@](O)([C@@H]2CCOC3(CCCCC3)C2)C1
",0.44069916
23171,"O=C([O-])c1cncc(Nc2cccnc2)n1
",0.44069916
34401,"C=CCNC(=O)C[NH+](CC)C1CC1
",0.44069916
16867,"CCC[C@@H](CC)[NH+]1C[C@@H]2CCCN2C[C@@H]1C(C)C
",0.44069916
29810,"CC(=O)N[C@@H](C)C(=O)OC1CCCCC1
",0.4406991
9308,"C[NH2+]C[C@H](Cc1ccsc1)c1ccc(C)cc1
",0.44069907
27961,"CC(C)[C@@H](CO)NC(=O)c1ccc(Br)cc1
",0.440699
9447,"CC[NH2+]C[C@@H](C)S(=O)(=O)NC1C(C)(C)C1(C)C
",0.44069898
26869,"N[C@@H](c1ccc2c(c1)OCCO2)C(F)(F)F
",0.44069898
7064,"CCN(C(=O)NCC(=O)[O-])C1CCCCC1
",0.44069898
21872,"C[C@]([NH3+])(Cc1ccc(I)cc1)C(=O)[O-]
",0.44069892
2528,"CCOC(=O)[C@H]1C[C@@H]2CCC[C@@H](C2)[NH2+]1
",0.44069892
28795,"O=C([C@H]1CCCOC1)[C@@H]1CCOC2(CCOCC2)C1
",0.4406989
1465,"C[C@@H]1OCC[C@@H]1C(=O)N1CC(C)(O)C1
",0.4406989
9743,"CC[NH2+][C@@H](c1cccc(C)n1)[C@H](C)CC
",0.4406989
24673,"CCCCCCC(=O)N1CCCC[C@H]1C(=O)[O-]
",0.4406989
16913,"C[C@@H](O)[C@H]1CCOC2(CCC2)C1
",0.44069883
19498,"C=CC[C@@H]1CCCCN1C(=O)Cl
",0.44069883
18666,"CCN(C)[C@@H](C[NH3+])c1ccc(Br)o1
",0.4406988
20427,"N#Cc1cccc(C(F)(F)F)c1Br
",0.4406988
32503,"Cc1ccc(-c2cccs2)cc1O
",0.4406988
20644,"C[NH2+][C@H]1CC[C@H](N2CCCOCC2)C1
",0.44069868
625,"O=C(C[NH+]1CCCC1)Nc1ccccc1Br
",0.44069865
18256,"C[C@H]1[C@H](C(=O)[O-])CCN1S(=O)(=O)C(F)(F)F
",0.4406986
23254,"CCc1nc(CC)n(CC[C@H]2CCC[C@H]2[NH3+])n1
",0.4406986
27446,"C[C@H](OCC(C)(C)C[NH3+])c1ccccc1
",0.4406986
38904,"C[C@H](NCCC[NH+](C)C)C(=O)N1CCCCCCC1
",0.4406986
39769,"CCC(CC)CC(=O)N[C@H]1C=CS(=O)(=O)C1
",0.4406985
25155,"Cc1ccc(C(=O)Nc2cc(C)ccc2C)c(C)c1
",0.4406985
33930,"CC(C)NC(=O)C(=O)N1CCN(C(=O)NC2CCCC2)CC1
",0.44069847
16937,"CC1CC[NH+](CCNC(=O)[C@H]2C=C[C@H]([NH3+])C2)CC1
",0.44069847
5253,"CC[C@@H](C)[C@@H]([NH2+]C)C1([NH+](C)C)CCC(C)CC1
",0.44069847
19775,"O=C(Nc1[nH+]ccs1)NP(=O)([O-])[O-]
",0.44069842
24210,"C[C@@H](CNC(=O)NCC[S@](C)=O)C[NH+]1CCCCC1
",0.44069842
9807,"C=CCN(CC=C)S(=O)(=O)c1cc2c(cc1[N+](=O)[O-])OCCO2
",0.44069842
37123,"Cc1ccc(SCCSc2ccccc2N)cc1
",0.44069842
23345,"CCCCSc1snc(O)c1C#N
",0.4406984
19669,"CC[C@@](C)(C[NH3+])[C@H](O)c1ccccn1
",0.44069827
10698,"CC(C)c1ccc(C[C@H](O)CCC(F)(F)F)cc1
",0.44069827
13986,"CS[C@H](C)C(=O)N1CCN([C@@H](C)C(=O)N2CCCC2)CC1
",0.44069827
38870,"CC[C@H](C)[C@H](NC(=O)[C@@H](C)OC)C(N)=O
",0.44069824
37659,"CSC(=S)N(C)NC(=O)c1ncccn1
",0.44069824
39593,"CC[C@H](C)[C@@H](NC(=O)[C@@H](C)OC)C(N)=O
",0.44069824
9766,"CCC[NH2+][C@@H](C1CCCCC1)[C@H]1CSCCS1
",0.44069824
18494,"C=CCN(CC=C)C(=O)Nc1ccccc1Cl
",0.44069818
21352,"CC1(C)CCCN(C(=O)NC2CCC(O)CC2)CC1
",0.44069818
34922,"O=C(CBr)c1cccc(Br)c1F
",0.44069815
38851,"CC(C)C(=O)NC[C@H](C)Nc1ccccc1
",0.44069815
7394,"CC(=O)N[C@@]1(C(F)(F)F)NC(=O)N(C)C1=O
",0.44069815
6625,"CSc1ccc(C(C)=O)cc1F
",0.44069815
34126,"C[C@@](O)(c1cccc(O)c1)[C@@H](F)C(=O)[O-]
",0.4406981
38352,"C[C@H](O)C(=O)OCc1ccccc1
",0.4406981
5059,"CCN[C@@H]1CCC[C@H]1[NH+](CCC(C)C)C1CCCC1
",0.4406981
20612,"C=CSc1nc(-c2ccccc2)c(-c2ccccc2)[nH]1
",0.44069806
28217,"CCC(O)(CC)C[NH2+]Cc1ccc(C2CC2)cc1
",0.44069806
22277,"C[C@@]1(CO)[C@H]2[C@H](O)[C@]3(C)C[C@H](O)[C@H]2[C@]3(C)CC[C@H]1O
",0.44069797
8889,"Cc1c(CCl)cnn1C(C)C
",0.44069797
14152,"Cc1ccc(C[C@@H]([NH3+])CC23CC4CC(CC(C4)C2)C3)cc1
",0.44069797
9382,"NC(=O)[C@H](Nc1ccccc1)c1ccccc1
",0.44069797
28125,"Nc1cncnc1NC(c1ccccc1)c1ccccc1
",0.44069797
20041,"CC(C)Oc1ccccc1C[NH2+]C(C)(C)C
",0.44069797
16951,"Fc1ccccc1COC1C[NH2+]C1
",0.4406979
30259,"N#Cc1ccnc2nc(N)sc12
",0.4406979
18174,"CC(C)N1CCN(C(=O)CC2([NH3+])CCC2)CC1
",0.44069785
35525,"C[C@@H]([NH2+]C[C@@H](C)[S@](C)=O)c1ccc(F)c(F)c1
",0.44069785
21465,"C[C@@H]1C[C@@]1([NH3+])c1cccc(C(F)(F)F)c1
",0.44069785
34647,"C/C(=C\C(=O)[O-])c1ccc(CC(C)C)cc1
",0.44069785
30454,"CC(=O)C[C@@H]1CCCCCN1S(=O)(=O)CC1CCCCC1
",0.44069782
33706,"C[C@@H]1CC([NH2+][C@@H](C)C[C@@H]2CCC[NH2+]2)C[C@@H](C)C1
",0.44069776
11098,"[NH3+]CCc1n[nH]c(C2CCCCC2)n1
",0.44069776
24252,"C[NH2+][C@@H](c1ccccc1OC)[C@H](C)c1ccncc1
",0.44069776
13205,"N#Cc1ccc(C(=O)N2CC[NH2+]CC2)cc1
",0.44069776
35049,"C[C@@H]1CC[C@]1(C[NH3+])c1ccc(Br)cc1
",0.44069776
6368,"CN(C)c1cc(Cl)cc2nonc12
",0.44069773
9216,"CC(C)([C@@H](O)c1ccc(Br)cc1)[N+](=O)[O-]
",0.44069767
38456,"FC(F)(F)c1cc(-c2ccc([C@H]3C=CN=N3)o2)cc(C(F)(F)F)c1
",0.44069764
6497,"O=C([O-])[C@H]1C=C[C@@H](NC(=O)[C@@H]2CSCN2)C1
",0.44069758
4240,"[NH3+]C1CC(OC[C@H]2CSc3ccccc32)C1
",0.44069758
22051,"C[C@@H](c1cccc(C(F)(F)F)c1)[C@@H](C)O
",0.44069758
38941,"COc1cc(Cl)cc(C[NH3+])c1
",0.44069758
28867,"CCC1CCC(C[NH3+])([C@@]2(O)CC[NH+](C)C2)CC1
",0.44069755
18408,"Cc1ccsc1[C@@]1(O)CCCC(C)(C)C1
",0.44069755
19178,"Cc1cc([C@@H](Br)c2cscc2C)c(C)s1
",0.44069755
18005,"CC(C)OC(=O)/C(C#N)=C/c1ccc(C(C)(C)C)cc1
",0.4406975
3078,"Nc1c(Br)cnn1-c1ncccn1
",0.4406975
37989,"CC(C)CC1(C(=O)N(C)[C@H](C)CC[NH3+])CCCC1
",0.4406975
33751,"C[C@@H]1NCC[N+]2=C1CC[C@@H]2c1nn[n-]n1
",0.44069743
30344,"CCC(CC)[NH2+]C[C@@H](C)Sc1ccncc1
",0.44069743
27951,"O=C(CC12CC3CC(CC(C3)C1)C2)NC[C@H]1CCC[NH2+]1
",0.4406974
18531,"CC(C)(C)c1n[nH]c(C(=O)N2CCCCCCC2)n1
",0.44069734
4775,"CC[NH+](CC)C[C@@H](C)NC1=[NH+]CCCC1
",0.4406973
35257,"CCC[NH+]1CCCN(C(=O)NCC[S@@](C)=O)CC1
",0.4406973
10244,"CC[C@@H]1CC[C@@H](C#N)[C@H]([NH+](C)CCOCC2CC2)C1
",0.4406973
22280,"C[C@H](c1ccccc1)/[N+]([O-])=C/c1ccccc1
",0.4406973
21500,"[NH3+][C@@H]1CCCC[C@H]1CCSc1ccccc1
",0.44069716
12178,"CC[C@@H](C[C@H](C)CC)[C@](C)(O)C(=O)[O-]
",0.44069713
4052,"CCc1ccccc1OCc1ccccc1N
",0.44069713
5577,"Cc1ccc([C@H](O)C(=O)c2ccc(N(C)C)cc2)cc1
",0.44069707
31980,"CN(C)C(=S)CCS(=O)(=O)c1ccccc1
",0.440697
25942,"C[NH+]1CC[C@H](C[NH+](CC(=O)[O-])C2CC2)C1
",0.44069692
19885,"C[C@H]1CN(C(=O)C2(C)CCCC2)C[C@@H](C)O1
",0.44069692
20999,"O=C(CSC[C@H](O)CO)c1ccc(O)cc1
",0.44069692
27080,"C[C@@H](O)[C@@H](C)S(=O)(=O)c1ccc(F)cc1
",0.44069692
23806,"OCCCc1nnc([S-])n1-c1ccccc1
",0.4406969
24387,"CCCN(C)c1c(C[NH2+]CC)c(C)nn1C
",0.4406969
11315,"CO/N=C\c1cc(Br)cc(OC)c1O
",0.44069684
33758,"C[C@@H]1CCCC[C@H]1CNC/C(Cl)=C/Cl
",0.44069684
4356,"CCn1ccnc1C[C@@H]([NH3+])c1nc[nH]n1
",0.44069684
32545,"CC[C@H](C)C[NH+](C)C[C@H](N)c1ccc(C(C)(C)C)cc1
",0.44069675
16467,"FC(F)(F)c1ccc(Cl)c(CCl)c1
",0.44069675
32554,"CCC[NH2+][C@@H]1CCCCCC[C@H]1N1CC[NH+]2CCC[C@@H]2C1
",0.44069675
11612,"CC[C@](C)([NH2+]CC(=O)NCC(F)(F)F)C(=O)[O-]
",0.44069675
1787,"CCCS(=O)(=O)NC1CC[NH+]([C@H]2CC[C@@H](C)C2)CC1
",0.44069675
17636,"OC/C=C/c1cccc2ccccc12
",0.44069672
13266,"C[NH2+][C@]1(CO)CC[C@@H]([NH+]2CCCCC[C@H]2C)C1
",0.44069672
18403,"C[NH+](CCS(C)(=O)=O)[C@@H]1CC(C)(C)CC[C@@H]1O
",0.44069666
13773,"O=C1C[C@@H]([C@H]2CCCO2)C(=O)O1
",0.44069666
13933,"CS(=O)(=O)NC1CC[NH+](C2CCC3(CC[NH2+]CC3)CC2)CC1
",0.44069666
949,"CC1(C)CCCC[C@H]1[NH2+][C@H]1CCOC2(CCSCC2)C1
",0.44069666
6943,"C[C@H]1[C@H](C(=O)[O-])[C@H](C)CC(=O)N1C1C(C)(C)C1(C)C
",0.4406966
3065,"CC(C)c1cc(N[C@@H](C)CCCO)ncn1
",0.4406966
13829,"C=CC(=O)c1c(Cl)cc(Cl)nc1Cl
",0.44069657
26433,"CC[NH+](Cc1ccccc1)C[C@@H](C)CS
",0.4406965
36805,"Cn1c(=O)c2cc(Br)c3c(=O)n(C)c(=O)c4cc(Br)c(c1=O)c2c43
",0.4406965
5075,"C[C@H]1C[C@H]1C(=O)N(CC#N)C1CCCC1
",0.4406965
5509,"CC1(C)CCN(C(=O)CN2CCS(=O)(=O)CC2)C1
",0.4406965
38554,"Cc1ccccc1[C@@]1([NH3+])CC[C@H]1C
",0.44069648
31037,"CCOc1ccc(C[C@H]2CCCC[NH2+]2)cc1
",0.44069648
7974,"CN(C)C(=O)CN(C)C(=O)CSc1ccc(F)cc1
",0.44069648
22695,"COCCNC(=O)[C@H](C)[NH2+]CC(C)C
",0.44069642
2834,"C[C@H]([NH2+]Cc1cc[nH]c1)c1ccncc1
",0.4406964
26981,"NC(=O)/C=C\c1ccc(Cl)cc1
",0.4406964
30914,"Cn1nnnc1SC[C@@H](O)COCCO
",0.4406964
31244,"Clc1ncc(Cl)c(Nc2ccccc2Cl)n1
",0.4406964
30839,"CS(=O)(=O)NC1CCN(C(=O)C=C(C2CC2)C2CC2)CC1
",0.4406964
21234,"O=C([O-])c1cccc(N2CCCCC2)[nH+]1
",0.4406964
21674,"CC[C@@H](C)N(CC)C(=O)c1ccccc1N
",0.44069633
23692,"O[C@@H]1CCCC[C@H]1c1ccc(Cl)cc1
",0.44069633
18147,"C=CCCC(=O)N(C)C1(C(=O)OC)CCCCC1
",0.4406963
20421,"CN1CCN(C(=O)CC2CCCC2)CC1
",0.4406963
26825,"CCCC(=C/C([O-])=N/S(=O)(=O)c1ccccc1)CCC
",0.4406963
15395,"CCN(CC(F)(F)F)S(=O)(=O)c1ccc(Br)cc1
",0.4406962
6890,"C[C@H](NC(N)=O)C(=O)N[C@@H]1CCCC[C@H]1C
",0.4406962
16870,"CC(C)[C@H]([NH2+][C@H]1CCCC[C@@H]1C)C(=O)N1CCCC1
",0.4406962
33176,"C=CCNC(=S)N/C(=N/O)c1ccncc1
",0.4406962
26991,"CCCC#C[C@](C)(O)C[NH2+][C@H](C)C(=O)[O-]
",0.44069615
2924,"CC(C)(C)[C@@H](O)Cn1cccn1
",0.44069615
10848,"C[C@@H]1CC([C@@H](O)[C@]2([NH+](C)C)CCC[C@@H](C)C2)C[C@H](C)C1
",0.4406961
9685,"C=CCNC(=O)[C@H](C)[NH+](C)C1CCC([NH2+]C)CC1
",0.4406961
1900,"Cc1ccc([C@@H](O)CN(C)CC(F)F)c(C)c1
",0.4406961
4156,"C/C=C(\C)C(=O)N/N=C/c1cccnc1
",0.44069606
11755,"CC(C)(C)[C@@H](CBr)CN1C(=O)C(C)(C)S1(=O)=O
",0.44069606
2342,"C[NH+](C)C[C@@H]1C[C@H](C(C)(C)C)CCC1=O
",0.44069606
2802,"CCCCCCNC(=O)[C@H]1CCO[C@H]1C
",0.440696
17716,"CC(C)Cc1ccc([C@@H](C)[NH2+][C@H](C)c2ccc(F)cn2)cc1
",0.440696
18471,"Cc1cc(C)cc(OC(=O)c2ccccc2F)c1
",0.440696
32914,"Cc1n[nH]c(S[C@H]2CCCC(C)(C)[C@@H]2[NH3+])n1
",0.440696
28814,"COc1cc(C)c2c(c1OC)[C@H](Br)CC2(C)C
",0.440696
14504,"C[C@@H]1CN(S(=O)(=O)N2CCC(C(=O)[O-])CC2)C[C@@H](C)O1
",0.4406959
4462,"CCN(c1ccccc1[C@H](C)[NH3+])C(C)C
",0.4406959
33391,"COCCCCOc1ccc(Br)c(C)c1
",0.4406959
27532,"CCc1ccc(C[NH+]2CC[C@@H](C(=O)[O-])[C@@H]2C)cc1
",0.4406959
10357,"CS(=O)(=O)N1CCC(C(=O)N2CCOCC2)CC1
",0.44069588
39545,"C[C@H]1[C@H](C(=O)[O-])CC[NH+]1CC(=O)N1CCCC1
",0.44069582
31358,"COc1cccc(S(C)(=O)=O)c1N
",0.44069582
234,"C/C(=C/c1ccc(SC#N)cc1)[N+](=O)[O-]
",0.44069582
3416,"C[C@H]1CN(C(=O)CC2(O)CCCC2)C[C@H](C)S1
",0.4406958
16598,"CC(=O)Nc1cc(F)cc(C(F)(F)F)c1
",0.4406958
10676,"[NH3+][C@@H]([C@H]1CCOC2(CCC2)C1)C12CC3CC(CC(C3)C1)C2
",0.4406958
3467,"C[NH2+][C@@H](C)c1ccccc1O[C@H](C)C(=O)N(C)C
",0.44069573
35787,"C#CCN(CC(=O)[O-])C(=O)C(C)(C)[NH2+]CC
",0.44069573
35699,"CC(=O)c1ccccc1NC(=O)[C@@H](C)Nc1ccccc1C
",0.44069573
37905,"CCC[C@@H](C(=O)OC)[NH+]1CCN(C)CC1
",0.44069573
30118,"[NH3+][C@@H]1CCC[C@H]1CCN1CCCC1=O
",0.44069573
1901,"CCC(=O)[C@H](C)c1ccc(Cl)c(Cl)c1
",0.44069567
19931,"c1csc(CC[C@H]2CCCC[NH2+]2)n1
",0.44069567
16378,"CCCCCO[C@@H]1CC2(CC[C@H]1[NH3+])OCCO2
",0.44069567
38097,"CC[NH2+][C@@H](CCC(F)(F)F)[C@@H]1C[NH+]2CCN1CC2
",0.44069567
552,"COc1cc(OC)cc([C@]2(O)C[C@@H]2C)c1
",0.44069567
28999,"CC1CCC(C[NH+](C)Cc2cncs2)CC1
",0.44069567
36277,"CSc1ccc([C@@H](O)Cc2c(F)cccc2F)cc1
",0.44069564
20910,"O=C1CCC[C@@H]1CC[NH+]1[C@H]2CC[C@@H]1CC(O)C2
",0.44069558
6460,"CC(C)(c1ccccc1)c1ccc(OCC[NH+]2CCCC2)cc1
",0.44069558
7601,"C[NH2+]C1C[C@@H]2CC[C@H](C1)N2c1ccn(C)n1
",0.44069555
28826,"C[C@@H]([C@H](C)C(=O)[O-])[S@@](=O)c1cccs1
",0.44069555
1655,"CC(C)(C)c1cc2ncc(Br)cn2n1
",0.44069555
17430,"N#Cc1ccc(Nc2ccc(Cl)nn2)cc1
",0.44069555
7976,"C/C(=C/c1ccccc1C)[N+](=O)[O-]
",0.44069546
30132,"CC(C)N(CC[NH+]1CCCC1)C[C@@H]1CCCCO1
",0.44069546
25075,"Cc1ccc(C/[NH+]=C(/[S-])N(C)C)cc1
",0.44069546
21520,"CN(CCS(C)(=O)=O)C(=O)CCC1CCC([NH3+])CC1
",0.44069546
8784,"C#CCN(CC#C)C(=O)c1cncc(C(=O)N(CC#C)CC#C)c1
",0.44069546
623,"C[C@H]1CCc2c(ccc3c4c(ccc23)C(=O)[C@H](C)CC4)C1=O
",0.44069546
39392,"Cc1noc(C)c1S(=O)(=O)NC1C2CC3CC(C2)CC1C3
",0.44069546
24478,"C=CC[C@H]([NH2+]CCCF)c1ccccc1F
",0.44069546
37013,"COCCC(=O)N[C@H](C)CC(=O)[O-]
",0.44069546
916,"CC1(C)CC[NH2+]c2ccc(F)cc2N1
",0.4406954
27685,"CCCN(CC(=O)[O-])C(=O)C[C@@H]1CSCC[NH2+]1
",0.44069538
8835,"C[NH+]1CCN(CCC2OCCCO2)CC1(C)C
",0.44069538
10643,"[NH3+]C[C@H](c1ccccc1)c1ccc(Cl)c(Cl)c1
",0.44069532
3814,"C[C@@H]1SCCC[C@H]1[NH2+]CC(=O)N(C)C
",0.44069517
37513,"O=C1N=C2N=NC(c3ccccc3)=C2C(=O)N1
",0.44069517
37744,"CC(C)C1CCC(C#N)(C2(O)CC[NH+](C(C)C)CC2)CC1
",0.44069514
4456,"CCOC(=O)[C@@H](C#N)c1c(F)c(F)c(Br)c(F)c1F
",0.44069514
18700,"O=C1NCc2ncc(F)cc21
",0.44069508
33826,"COC(=O)N(C)CC(=O)N1C[C@@H](C)C[C@H](C)C1
",0.44069505
24372,"CC1(C)CCCC[C@@]1(C[NH3+])N1CC[C@H]([NH+]2CCCCC2)C1
",0.440695
22634,"CC[C@H]1CC[C@@H]([NH+](C)Cc2c(C)noc2C)C1
",0.440695
7316,"CC(C)CCC[C@@H](C)NC(=O)[C@](C)(N)C(F)(F)F
",0.44069496
39786,"C[NH2+][C@@H](Cc1ccc(O)cc1)C1CCC(C)(C)CC1
",0.4406949
14280,"O[C@H](c1cncc(F)c1)c1cc(F)cc(Br)c1
",0.4406949
18269,"C#CCNCC(=O)N[C@@H]1C[C@H]2CC[C@@H]1C2
",0.4406949
20310,"CCC1(C)CC[NH+]([C@@H]2CC[C@@](CO)([NH2+]C(C)C)C2)CC1
",0.4406949
32404,"Cc1ccc2c(c1)sc[n+]2Cc1ccc(CBr)cc1
",0.4406949
25150,"CCC[C@@H](C[NH3+])[C@H](O)CCc1ccco1
",0.44069484
39810,"CC(=O)NCCNC(=O)C[NH+]1CC[C@@H](C(=O)[O-])[C@H]1C
",0.4406948
32377,"C[C@H](NC(=O)[C@@H]1CCO[C@@H]1C)C(=O)NC(C)(C)C
",0.4406948
33248,"CCC1CCC([NH2+][C@H](C(=O)N2CCCC2)C(C)C)CC1
",0.4406948
25678,"O=C(/C=C\C(Cl)(Cl)Cl)c1ccc([N+](=O)[O-])cc1
",0.44069472
23239,"Cc1ccc2c(C)c/c(=[NH+]/N)[nH]c2c1
",0.44069472
20985,"CC(C)C[C@@H]1CCCN1c1nc(C2CC2)ns1
",0.44069472
4606,"CC[NH2+]CCC(C)(C)c1ccc2c(c1)OCCO2
",0.44069457
13964,"CCC[NH2+]Cc1ccccc1N(C)[C@@H](C)CC
",0.44069457
31794,"CC[C@@H]1C[C@@H](C)CC[C@@H]1[NH2+]CCNS(C)(=O)=O
",0.44069454
2125,"CC[NH+]1CCC[C@H]1CN(C)C1(C[NH3+])CCSCC1
",0.44069454
18465,"CC[C@@H](C)[NH2+]CC(C)(C)C(=O)OC
",0.44069454
32133,"O=C([O-])CCC(=O)c1ccc(Br)s1
",0.44069448
8451,"Cc1ccsc1[C@H]1N=C2C=NN(C(C)C)[C@@H]2N1
",0.44069442
1612,"C=CCN(CC=C)C(=O)CSC1=C(C#N)C(C)(C)[C@@H](C#N)C(=O)N1
",0.44069442
6372,"CCC[C@H](C[NH3+])[C@@]1(O)CCC[NH+](CC)CC1
",0.44069442
2943,"CN[C@](C)(CC[NH+]1CCC(C)(C)C1)C(=O)[O-]
",0.44069442
23664,"CCCCCCC(=O)N/N=C/c1ccc(O)cc1
",0.44069442
28284,"C[C@](N)(C#N)c1ccccc1Cl
",0.44069442
19941,"NC1=NC(=O)[C@@H](c2ccccc2)O1
",0.44069442
39303,"CO[C@@H](C[NH3+])c1cccc2ccccc12
",0.44069433
31288,"O=C([O-])c1ccccc1C[NH2+]C1CCCC1
",0.44069433
665,"CCc1ccc(C[C@@](C)(O)c2cc(F)cc(F)c2)s1
",0.44069433
38105,"CCCN(C(=O)N1CCC(C)CC1)[C@@H]1CC[NH2+]C1
",0.4406943
20196,"CS(=O)(=O)SCc1ccc2ccc3cccc4ccc1c2c34
",0.4406943
33796,"CC[C@H](CCO)CNc1nnnn1C
",0.4406943
4524,"CC[C@@H](CCO)CN1C(=O)C(C)=C(C)C1=O
",0.44069424
22531,"C[C@@H]1C(=O)C[C@@H](c2ccccc2)[NH2+][C@H]1c1ccccc1
",0.44069424
7534,"CC[NH2+][C@H]1CCN(CCCCOC)[C@H](C)[C@@H]1C
",0.4406942
282,"CC(=O)OCC1(COC(C)=O)CC[C@H]2O[C@H]2C1
",0.44069415
26682,"Nc1cnc(-c2cscn2)cn1
",0.44069415
29568,"C[C@H]1CCC[NH+](CC(=O)N2CCCCCC2)C1
",0.44069415
20569,"CC(C)n1ncnc1C[C@@H](C[NH3+])c1ccccc1Br
",0.44069415
38890,"O=[N+]([O-])c1ccsc1Sc1cccs1
",0.44069412
4921,"CC(C)(C)OC(=O)N1CCC(N)(C(N)=O)CC1
",0.44069406
8876,"CC1CCC(C#N)([C@@]2(O)CCCC[C@@H]2C(C)(C)C)CC1
",0.44069406
18602,"CCC(CC)CNC(=O)NC[C@@H]1CCC[C@H]1O
",0.44069406
18505,"Cc1cscc1[C@H]([NH3+])c1ccc(Cl)cc1
",0.440694
8096,"CCN1CC(=O)N(CC[C@H](C)O)CC1=O
",0.440694
27132,"Cc1ccc(N)cc1SCCc1ccncc1
",0.44069397
12744,"Cc1cc(N)cc(C)c1NC(=O)CS(C)(=O)=O
",0.44069397
2460,"N#Cc1ccc(OC(F)F)cc1OC(F)F
",0.44069397
13250,"C=CCC[C@@H](C)[NH+](C)CCc1nccs1
",0.44069389
25508,"CCc1ccc(C[C@@H](O)[C@H]2CSCCS2)s1
",0.44069389
26556,"CC(C)O[S@@](=O)c1cccc2ccccc12
",0.44069383
21620,"C[C@@H]1C[C@H]1c1noc([C@@H]2CC[NH2+][C@@H]2C)n1
",0.4406938
19572,"CCOC(=O)[C@H](CC)N1C[C@H](C)S[C@H](C)C1
",0.4406938
31489,"CC(=O)c1cc(N)ccc1[N+](=O)[O-]
",0.4406938
15867,"CC(C)N1C(=O)C[C@@H]([NH+]2CC[C@H](C(=O)[O-])[C@@H]2C)C1=O
",0.4406938
14131,"Nc1c(Oc2ccccc2)nc[nH]c1=O
",0.44069374
10012,"N/C(CSc1ccccc1[N+](=O)[O-])=N\O
",0.44069374
34591,"CCC[NH+](C)Cc1cc2c(cc1N)OCCO2
",0.4406937
13479,"O=c1ccnc([C@@H]2CSCCS2)[nH]1
",0.4406937
17577,"Nc1ncn(C[C@@H]2C[C@H]3CC[C@@H]2C3)n1
",0.4406937
26799,"Cc1cc(C(=O)CCl)sc1C
",0.4406937
38128,"CC[NH2+][C@@H](c1cc(F)c(C)cc1F)C(CC)CC
",0.44069365
36960,"Cc1ccc[n+](CC(=O)c2ccccc2)c1C
",0.44069365
2731,"NC(=O)CC[NH+]1[C@@H](C(=O)[O-])CC[C@@H]2CCCC[C@H]21
",0.44069365
899,"Cc1ncccc1/N=C1/N[C@H](C)CS1
",0.44069365
1216,"O=C(OCCc1ccccc1)[C@@H](O)c1ccccc1
",0.4406936
11918,"CCC(CC)n1ncc(N)c1C
",0.4406936
24031,"CCC[C@@H](C[NH3+])N1CCN(C(=O)N(CC)CC)CC1
",0.4406936
29182,"C[C@H](CO)CSc1ccc(C[NH3+])cc1
",0.44069356
23793,"CCc1nc(CC)n(Cc2ccon2)n1
",0.44069356
14398,"CC(C)S(=O)(=O)N1CCC(Oc2ncccn2)CC1
",0.44069356
27620,"CC(C)Cc1cc([N+](=O)[O-])n(C)n1
",0.4406935
3540,"CC(C)Cc1ncc(C[NH+]2CCCCC2)s1
",0.4406935
37494,"C[C@H]1CCCN(C(=O)N2CCC[C@H](C[NH3+])C2)C1
",0.4406935
28335,"O=C([O-])[C@H](c1ccc(Cl)cc1)[NH+]1CCCCC1
",0.44069347
36493,"N#CCCCCS(=O)(=O)c1ncc[nH]1
",0.44069347
33221,"C[C@H]([NH2+][C@H](C)CC(=O)N(C)C)C1CCC1
",0.44069347
33811,"c1cc(N2CCC[NH+](C3CCCCC3)CC2)cc[nH+]1
",0.44069347
21138,"O=C1c2ccccc2-c2nc(=O)[nH]nc21
",0.44069347
24041,"COC(=O)/C=C/c1ccc[n+]([O-])c1
",0.44069347
20814,"COC(=O)[C@H](S[C@@H](C)CCO)C1CC1
",0.4406934
3224,"Cc1cc(CN(C)C(=O)C(C)(C)C)cc(C)c1OCC(F)(F)F
",0.4406934
39987,"C[C@@H](Oc1ccccc1N)C(=O)c1ccccc1
",0.4406934
1462,"CCCCNC(=O)O[C@@H]1CC[C@@H]([NH3+])C1
",0.4406934
18417,"c1cnn(C2CC[NH+](C3CCSCC3)CC2)c1
",0.44069338
18755,"Cc1ccc(SCC(=O)N2CCCC2)c(C)c1
",0.44069338
9630,"Cc1nc(C)c(S(=O)(=O)N(C)CC(C)(C)O)s1
",0.44069338
9104,"c1ncc(COCCC2CC[NH2+]CC2)s1
",0.44069332
21571,"Cc1cncc(CCC(=O)[O-])c1
",0.44069332
38651,"[NH3+]CC/C=C/C[C@@H]1Cc2ccccc21
",0.44069332
32245,"O=C(CCC1CCCC1)N[C@H]1CCCCC[C@H]1C(=O)[O-]
",0.4406933
9239,"CCN(C)c1cncc(C[NH2+]C(C)C)n1
",0.4406933
30804,"CS(=O)(=O)[C@@H]1CCC[C@H](NC(=O)[C@@H]2CCCN2C(=O)C2CC2)C1
",0.44069323
32752,"O=C(Oc1cc([N+](=O)[O-])ccc1Cl)Oc1cc([N+](=O)[O-])ccc1Cl
",0.44069323
16933,"CN1/C(=C/C=O)Sc2ccccc21
",0.44069323
3120,"CSc1nc2ncc(C#N)c([O-])c2s1
",0.44069314
18405,"C=CCN(CC(=O)[O-])C(=O)c1ccc(N(C)C)nc1
",0.44069314
26459,"CC1CCN(C(=O)N(C)[C@H](C)C#N)CC1
",0.44069314
33770,"Br[C@H]1CCCCC[C@@H]1Cc1nccs1
",0.44069308
7257,"C[NH2+]C[C@H](C)CSCc1cc(C)cc(C)c1
",0.44069305
27118,"CO/C=C(\C)n1nnc2ccccc21
",0.44069305
11916,"C[C@@H](CNC(=O)C[C@@H]1C=CCC1)[NH+]1CCCC1
",0.44069305
29594,"CC(C)[C@@H](C)[NH+](C)CC(=O)c1cccn1C
",0.44069305
18006,"CCCCCC(C)(C)C[NH2+]C1CCOCC1
",0.44069305
7230,"CCN(C)C(=O)N(CCO)Cc1ccccc1
",0.440693
24902,"C[C@H]1CC[C@@H](C)C[NH+]1CC(=O)NC1CCCC1
",0.440693
10294,"CC(C)=NNC(=O)Sc1cc(O)ccc1O
",0.44069296
33892,"CCC([NH3+])(CC)C(=O)NC1CCN(S(C)(=O)=O)CC1
",0.44069296
23403,"CCO[C@@H]1C[C@H]1C(=O)N[C@@H]1CCC[C@H](S(C)(=O)=O)C1
",0.44069296
2668,"C[NH2+][C@@H](C)c1ccc(Sc2cccc(F)c2)c(F)c1
",0.4406929
11170,"C[NH2+]C[C@@H](C)C(=O)N1CC[NH+](CC(=O)[O-])CC1
",0.44069287
579,"CCOCC(=O)N(C)CCCNC(C)=O
",0.4406928
18279,"COC(=O)c1ccc(C(=O)N[C@@H](C(=O)OC)C(C)C)cc1
",0.44069278
8575,"Cc1cc(C)cc(CS(=O)(=O)CCCCCBr)c1
",0.44069278
35953,"CCCSc1c(C(N)=O)ccc(N)c1C
",0.44069278
34283,"CCCN(CC[NH+](C)C)Cc1cc(N)cc[nH+]1
",0.44069278
21874,"COCCCC(CO)(CO)c1ccc(C)cc1
",0.44069278
39175,"C[C@@H]1OCC[C@@H]1C(=O)NCCC1CC[NH+](C)CC1
",0.44069278
13032,"CS(=O)(=O)Nc1cccc(N)c1
",0.44069266
27148,"O=C1Cc2cc(C(F)(F)F)ccc2N1
",0.44069266
12009,"CC[C@H](Br)C(=O)Nc1ccccc1C
",0.44069266
34612,"CCOC(=O)CO/N=C(\N)c1nonc1N
",0.44069263
5306,"CC[C@]1(C)C[C@H]([NH2+][C@@H]2CCCCC2(C)C)CCO1
",0.44069257
27055,"COC1CCN(C(=O)N[C@H](C)C(C)C)CC1
",0.44069257
39162,"Cc1cnoc1-c1ccc(C#N)cc1
",0.44069254
11603,"C[NH2+][C@H](c1cncc(Br)c1)c1cc(OC)cc(OC)c1
",0.44069248
38328,"C[C@@H](NC(=O)N[C@H]1CC=CCC1)C(C)(C)C
",0.44069248
4075,"CC(C)(C[NH2+]C[C@@H]1C[C@H]2CC[C@@H]1C2)C(=O)[O-]
",0.44069248
30479,"O=C([O-])CC[C@@]12CCCC[C@]1(O)OC(=O)CC2
",0.44069248
19624,"CCC[NH+](CC[C@@H]([NH3+])c1ccccc1)C(C)C
",0.44069245
14508,"CC[C@H](NC(C)=O)c1ccc([C@H](C)CC)cc1
",0.4406924
38597,"O=C(c1ccccc1)[C@@H]1C[NH+]2CCN1CC2
",0.4406924
22192,"Cc1nc(CCl)[nH]c(=O)c1F
",0.4406924
15992,"CCC1(CNC(=O)C2C[C@@H](C)O[C@H](C)C2)CCC1
",0.4406924
6714,"N#CC1=C(N)C(c2ccccc2)(c2ccccc2)CC1
",0.4406924
1843,"CCCCc1nc([C@@H](C)[NH3+])cs1
",0.4406924
12337,"CCOC(=O)C1(C(=O)C2CC2)CC2(CCCCC2)C1
",0.4406924
13743,"CC(C)C1C[NH+]([C@@H](C)c2ccc(C[NH3+])cc2)C1
",0.4406924
16590,"C[NH2+][C@H]1[C@@H](OC[C@@H]2CCCCO2)CCCC1(C)C
",0.4406924
5852,"CCC(CC)n1ncc(C[NH2+]C)c1C(C)C
",0.4406924
31373,"C[C@H]1SCCC[C@]1(O)[C@@H]1CCOC2(CCC2)C1
",0.44069237
35250,"COc1ccc(C[NH2+]C[C@@H](C)O)cc1
",0.44069237
18646,"C[C@@H](C#N)[C@]1(O)CCCOC1
",0.44069237
10826,"CCCCCC(C)(C)CNC(=O)[C@@H]1CCO[C@@H]1C
",0.4406923
38429,"C[C@@H]1CCCN(C(=O)O[C@H]2CC[C@H]([NH3+])C2)C1
",0.4406923
32364,"O=C1C(=Cc2ccc(O)cc2)C(=O)N(c2ccccc2)C(=O)N1c1ccccc1
",0.44069225
36693,"COc1ccc([C@H](C(=O)[O-])c2ccc([O-])nn2)cc1
",0.44069225
10037,"COC[C@@H]([NH2+]C(C)C)c1ccc(F)cn1
",0.44069222
22603,"C[C@@H](c1ccccn1)[C@@H]([NH3+])c1ccc(F)cc1F
",0.44069222
8700,"CCC1CCC([NH+]2CCCC[C@@H]2C(N)=O)CC1
",0.44069222
23112,"COC(=O)c1cccc(CBr)c1Br
",0.44069222
23291,"CC[NH+]1CCN([C@H](CC(C)C)c2nnnn2C(C)C)CC1
",0.44069222
21423,"[NH3+][C@H]1CCC[C@@H]1CCS(=O)(=O)c1ccccc1
",0.44069222
22554,"CCOCCCC(=O)N[C@@H]1CCCC[C@@H]1[NH3+]
",0.44069216
20349,"Cc1ccc(CNS(C)(=O)=O)c(OC(C)(C)C)c1
",0.44069213
3075,"Cc1nc(NCC(C)(C)CCO)nc(C)c1CC(C)C
",0.44069213
7422,"CC(C)c1n[nH]c(COc2ccc(N)cc2)n1
",0.44069213
19117,"C[C@@]1(CNC[C@]2(C)COC[C@@H]2[NH3+])CCCO1
",0.44069213
28097,"C[C@H]1C[C@H]1N1CC(=O)NC1=O
",0.44069207
16134,"COc1cc(OC)cc(-c2ccc(Cl)nn2)c1
",0.44069207
434,"CCN(CC)C(=O)c1ccccc1NC(=O)C(Cl)(Cl)Cl
",0.44069207
23725,"COC(=O)[C@@H]1CCCN(C(=O)NC2CCC([NH+]3CCCCC3)CC2)C1
",0.44069204
19768,"CCN(CC)C(=O)/C=C/c1ccc(N(C)C)cc1
",0.44069204
11657,"CSc1ccccc1[C@@H](O)Cc1cccs1
",0.44069204
732,"CCC1(CC)CN(c2ccccc2C#N)C1
",0.44069204
12492,"N#C[C@H](C(=O)c1ccccc1Cl)C1[NH+]=c2ccccc2=[NH+]1
",0.44069204
19679,"O=[S@](Nc1ccccc1)c1cccc(Cl)c1
",0.44069204
26289,"CC(=O)c1ccc(OC(=O)c2ccc(S(=O)(=O)C(F)F)cc2)cc1
",0.44069198
29928,"O=Cc1cccc(-c2cccs2)c1O
",0.44069198
24904,"C[C@H](C/C(N)=N/O)NC(=O)N(C)C
",0.44069195
10958,"CCN[C@H](c1c(C)cc(C)cc1C)C(F)(F)C(F)F
",0.44069195
29973,"[NH3+][C@@H](Cc1cc(F)cc(Br)c1)C1CC1
",0.4406919
12220,"Cc1ccncc1-c1nc(N)ncc1C
",0.4406919
34346,"CN(C[C@H]1CCC[NH+]1C)C(=O)N1CCCCC[C@@H]1C(=O)[O-]
",0.44069183
5900,"CC[C@H](C)[C@@H](C)[NH2+][C@@H]1CCOC2(CCC2)C1
",0.44069183
18852,"CC1CCC(C#N)([C@H](O)[C@@H]2CC=CCC2)CC1
",0.44069174
17446,"Clc1ccccc1OCCC[NH+]1CCCC1
",0.44069174
7216,"CCN[C@@H](C[NH+]1C[C@@H](C)[C@H](C)C1)c1ccccc1
",0.44069174
34432,"CCOc1ncnc(NN(C)C)c1[N+](=O)[O-]
",0.44069174
14491,"CC(C)C[NH2+]Cc1cnn(C)c1C(C)C
",0.4406917
29992,"CN(C)C(=O)N1CCN(C(=O)CCCO)CC1
",0.4406917
20201,"CCC1(CC)Nc2c(c(C)nn2C)NC1=O
",0.4406917
22525,"CC(C)(O)CC[NH2+][C@@H](C1CCCC1)C(F)(F)F
",0.44069165
21724,"CC[C@@H](CNc1ncccn1)[NH+]1CCCC1
",0.44069165
32320,"N#CC1([C@H](O)c2ccccc2F)CCCC1
",0.44069165
5317,"CSc1ccccc1[C@@H]([NH3+])c1cccc2ccccc12
",0.44069165
35828,"C[NH+](CCC[C@@H]1CCCO1)CC(C)(C)C[NH3+]
",0.44069165
6205,"CC[C@H]1C[C@@](O)([C@@H]2CCOC3(CCCCC3)C2)CCO1
",0.44069165
39891,"O=c1ccc2cc(O)c3c(c2o1)OCO3
",0.44069162
32439,"Cc1ccc(C2=[N+]([O-])[C@H]3CCCC[C@@H]3[N+]([O-])=C2)cc1
",0.44069162
37959,"CCC[C@@]1(C)CCC[NH+](CC(=O)NCC#N)C1
",0.44069162
1975,"O=C(CCCC[C@H]1CCSS1)N[C@@H]1CCS(=O)(=O)C1
",0.44069156
8482,"CC(C)(C)OC(=O)[C@@H]1CSC(=O)N1
",0.44069156
17918,"CC[C@@H](C)[C@@](C)(O)CNC(=O)N[C@@H](C)CSC
",0.44069156
33013,"COC[C@@H](C)[NH2+][C@H](C)C(=O)N1CCCCC1
",0.44069156
15991,"CC1CC[NH+](CC(=O)N2CCCCC2)CC1
",0.44069156
23915,"C[NH2+][C@@H](c1cccc(OC)c1)C(OC)OC
",0.44069156
4138,"CN1CCN(C(=O)c2cn(C)nc2C(=O)[O-])CC1
",0.44069153
8388,"CCC1(CC)CCN(c2c(F)c(F)nc(F)c2F)CC1
",0.44069153
9068,"Cc1cc(Cl)c2cn[nH]c2c1
",0.44069153
3979,"C[C@@H]1C[C@@H](C)CN(C(=O)C[NH+](C)CC2CC[NH2+]CC2)C1
",0.44069147
2687,"C[C@H](NC[C@@H]1CCC[NH2+]1)c1cnccn1
",0.44069147
25642,"CCOc1ccc(Oc2ccc(F)cc2N)cc1
",0.44069147
33920,"C[C@H]1C[C@@H](C)CN(C(=O)C[NH+](C)CC2CC[NH2+]CC2)C1
",0.44069147
30164,"Fc1ccc(Br)c([C@H]2CCC[NH2+]2)c1
",0.44069147
13134,"C[C@@H]1CCCC(C)(C)[C@H]1C[C@@H](C)[C@@H](C)O
",0.44069147
21280,"CN(c1ccccc1C(=O)[O-])S(=O)(=O)c1ccc(C(=O)[O-])cc1
",0.4406914
26879,"Nc1cc(-c2ccc3c(c2)OCO3)cc[nH+]1
",0.4406914
23027,"C[C@H]([NH2+][C@@H]1CC(C)(C)OC1(C)C)C(=O)N1CCCCC1
",0.4406914
6575,"CCNc1nnc(S(=O)(=O)C[C@@H](C)CC)s1
",0.44069138
19928,"C[C@H](c1ccncc1)[NH+](C)C[C@H](O)COC(C)(C)C
",0.44069138
25661,"COc1cc(OC)cc(-c2[nH][nH]c(=O)c2CC[NH3+])c1
",0.44069132
38030,"CCN(CC(C)(C)O)C(=O)[C@H]1C[C@@H]2C=C[C@H]1C2
",0.44069132
14622,"CC(C)[C@H]1C(=O)NC(=O)C[C@@]12C[NH+]1CCC2CC1
",0.4406913
25479,"CCC[C@@H](C)[C@@H](Cc1ncccc1C)[NH2+]CC
",0.4406913
25215,"CC(C)CSCC(=O)Nc1cccnc1
",0.4406913
35365,"C1CO[C@@H](c2nc(C3CC3)n[nH]2)C1
",0.4406913
24497,"CC#CCC(=O)CSc1ccccc1Cl
",0.4406913
7028,"CNC(=O)[C@@H]1CCCN(C(=O)NC2CCCC2)C1
",0.4406913
28853,"C[NH2+][C@H]1CC(C)(C)c2c(C)cc(Cl)c(C)c21
",0.44069123
39311,"CC(C)c1ccc(/C=N/NC(N)=O)cc1
",0.44069123
14038,"CC(C)CC[C@@H](C)[NH2+]CC(=O)NC1CC1
",0.4406912
19535,"Cn1ccc2cc(Cl)ccc21
",0.4406912
33300,"CCNS(=O)(=O)C[C@@]1(C)[C@H]2CC[C@]1(C)C(=O)[C@@H]2Br
",0.4406912
2676,"CC[C@@H](C)NC(=O)C(=O)NCCOC
",0.4406912
10724,"Cn1nccc1[C@@H](O)C[NH+](C)C
",0.4406912
26418,"CC(C)(C)OC(=O)NNc1ncc(Br)cn1
",0.4406912
22185,"Cc1cscc1CNc1cccnn1
",0.44069114
3963,"C[C@@H]1CCC[C@H]1NS(=O)(=O)CC1CCC1
",0.4406911
13040,"Cc1ccc(C)c([C@@H](O)C2([NH+]3CCCC3)CCCC2)c1
",0.4406911
19651,"O=[N+]([O-])c1c(Br)sc(N2CCOCC2)c1[N+](=O)[O-]
",0.44069105
8210,"CC[C@H](CC#N)[NH+]1CCC(OCCC[NH3+])CC1
",0.440691
32735,"C[C@H]1CC[C@@H]([NH2+][C@@H](C)C(=O)OC(C)(C)C)C1
",0.440691
30084,"CCCC1(CNC(=O)C2C[C@H](C)O[C@H](C)C2)CC1
",0.440691
24090,"C[C@@H](CCO)Sc1cccnn1
",0.440691
7363,"O=C([O-])C[NH2+]C[C@@H]1CCCO1
",0.44069096
23392,"CC1CCN(C(=S)SCC(=O)N(C)C)CC1
",0.44069096
28749,"C[C@H]1C[C@@H](C)CN(C(=O)[C@@H](C)N2CCN([C@@H](C)C(=O)N3CCCC3)CC2)C1
",0.44069096
10630,"Fc1ccccc1C[C@@H]1CCC[NH2+]1
",0.4406909
1740,"CCC1CCC([NH+](C)C[C@H](C[NH3+])CC(C)C)CC1
",0.4406909
30584,"CC1CCN(c2nc(Cl)ns2)CC1
",0.4406909
18690,"CC[C@@H]1CCCCN1C(=O)C[NH+](C)C1CCS(=O)(=O)CC1
",0.4406909
9808,"CCC(C)(C)[NH+](C)CC(=O)N1CCN([C@@H](C#N)C(C)C)CC1
",0.44069088
22798,"O=C(CCCCO)N1CCC[NH+]2CCC[C@H]2C1
",0.44069082
29666,"CC[C@@H]1C[NH+](CCCCC#N)CCN1C[C@@H](C)O
",0.44069082
24648,"O[C@@H](CN1CCOCC1)C[NH+]1CCCCCCC1
",0.44069082
16629,"CC(C)(C)OC[C@H](O)C[NH+]1CCC[C@H](O)C1
",0.4406908
2055,"N#CC(C#N)=Cc1cc(Br)c2c(c1)OCO2
",0.44069073
34104,"COCC(=O)[C@H](C#N)c1ccccc1OC
",0.44069073
1932,"COC(=O)CN(CC(=O)OC)c1ccc2nccnc2n1
",0.44069073
20145,"CCOC(=O)[C@H]1C=CNC(=O)[C@@H]1O
",0.44069073
24083,"CCC[NH+]1CCC(NC(=O)N[C@H]2CCCC[C@@H]2O)CC1
",0.44069073
7121,"CC[C@@H]([NH3+])[C@H](c1sccc1C)N(C)C[C@@H]1CCC[NH+]1C
",0.4406907
32176,"CC[NH2+][C@@H]([C@@H]1CCOC1)C(C)(C)[NH+](C)C
",0.4406907
10744,"[NH3+][C@@H]1CC[C@@H](N2Cc3ccccc3C2)C1
",0.44069064
35311,"C[C@@H](O)C[C@H]1CCCCCN1C(=O)CC1CCCC1
",0.4406906
32071,"Cc1cc(C)cc(N/C([S-])=[NH+]\CCCO)c1
",0.4406906
22644,"CN(CCC(F)(F)F)C(=O)[C@H]1C=C[C@H]([NH3+])C1
",0.4406906
23248,"CC(C)OC[C@H]([NH3+])C[C@H]1CCCO1
",0.4406906
15439,"CCOCC[NH+](C)CC(=O)N1CCN(C(C)=O)CC1
",0.4406906
14844,"O=C1Cc2c(I)cccc2N1
",0.44069055
27846,"CC[NH2+]C/C(=C\c1ccc(C2CC2)cc1)CC
",0.44069055
8381,"CC[NH2+][C@H]1[C@H](C[NH+](CC2CC2)C(C)C)CCC1(C)C
",0.44069055
38005,"CC[C@@H]([NH2+]CCS(=O)(=O)C(C)(C)C)C1CCCCC1
",0.4406905
33230,"CCOC(=O)[C@H]1NC=[NH+][C@@H]1N
",0.44069046
9478,"C[C@H]([NH2+][C@@H](C)C(C)(C)C)c1nnc2ccccn12
",0.44069046
12312,"CC(C)(C)OC(=O)N1CC[C@H]([NH+]2C[C@H](O)[C@H](O)C2)C1
",0.44069046
25607,"CC(C)[NH2+][C@]1(C(=O)[O-])CC[C@H]([NH+](C)C2CCCC2)C1
",0.44069046
8476,"CC(C)[NH+](C)CC(=O)NC[C@H](C)[NH+](C)C1CC1
",0.4406904
15099,"C[NH2+][C@H](Cc1ccc(F)cc1)c1ccc(SC)cc1
",0.4406904
36225,"O=Cc1ccc(/C=C2/SC(=S)N(c3ccccc3)C2=O)cc1
",0.4406904
24908,"C=CCCCC(=O)Oc1ccccc1F
",0.4406904
6795,"CCS(=O)(=O)N1CCC[C@H]1C(N)=O
",0.4406903
26994,"Cc1ccc(NCCNc2ccc(C)cc2C)cc1
",0.4406903
30249,"CS(=O)(=O)N1CCC[C@@H]1C(=O)O[C@@H]1CC[C@@H]2CCCC[C@@H]2C1
",0.4406903
3356,"C[C@H](C(=O)[O-])S(=O)(=O)Cc1ccc(O)cc1
",0.44069028
29379,"CCCOc1ccc(OCCC2CC[NH2+]CC2)cc1
",0.44069028
250,"CN(CCCc1ccccc1)c1ccc(N)c(N)[nH+]1
",0.44069028
24802,"O=C1Cc2nc3ccccc3n21
",0.44069028
9115,"CC(C)(C)c1nnnn1Cc1sccc1Br
",0.44069028
17260,"O=C1N=C([O-])[C@H]2ON(c3ccccc3)[C@@H](c3ccccc3)[C@@H]12
",0.44069028
26850,"O=C(CSCc1ccccc1)NC(c1ccccc1)c1ccccc1
",0.44069028
26009,"CC(C)C[NH2+]Cc1nc2c(s1)CCC2(C)C
",0.44069022
11732,"CC(C)C1CCC([NH+]2CCN(C(=O)[C@@H](C)NS(C)(=O)=O)CC2)CC1
",0.44069022
38049,"CCCC(=CC(=O)N(C1CCC(O)CC1)S(C)(=O)=O)CCC
",0.4406902
33366,"CCc1nc(COC(=O)Cc2csc(CC)n2)cs1
",0.4406902
8782,"C[C@@H](c1ccccn1)[C@@H](O)c1cccc(I)c1
",0.4406902
4706,"O=C([O-])CC1C[C@@H]2CC[C@H](C1)[NH+]2C[C@@H]1CNC(=O)O1
",0.44069013
26713,"CCCCO[C@H](C)[C@H]([NH3+])c1ccccc1
",0.44069013
27896,"CCCC1CN([C@@H]2[C@@H]([NH3+])[C@H]3CCO[C@@H]32)C1
",0.44069013
8111,"COC(=O)C(C)(C)N[C@H]1CCC[C@@H]1[C@@H]1CCCC[NH2+]1
",0.44069007
29266,"O=C(C[NH+]1CCCC1)N(C1CCCCC1)[C@@H]1CCS(=O)(=O)C1
",0.44069007
28591,"COc1ccc(/C=C/C=O)cc1OC
",0.44069007
33379,"CCOC(=O)[C@@H](N)Cc1ccc(N)cc1
",0.44069007
7914,"Nc1nonc1-c1ccc2c(c1)OCCCO2
",0.44069007
20098,"CCC(CC)[C@@H]([NH2+]C)[C@@H]1CN(CC)CCO1
",0.44069004
17641,"CSc1ccccc1[C@@H]([NH3+])c1ccc2c(c1)OCCO2
",0.44069004
29150,"CCC[NH2+]C[C@H](CC)Oc1ccccc1
",0.44069004
12929,"CCC(=O)Nc1ccc(C(=O)NC)cc1
",0.44069004
15794,"Cn1cncc1C[NH+](C)CC(C)(C)O
",0.44069004
13309,"C[C@@H](C(=O)[O-])S(=O)(=O)N1CC[C@H]([NH3+])[C@H](C)C1
",0.44069004
28236,"CO[C@]1(C)C[C@@H](N(C)C(=O)NCC(=O)N(C)C)C1(C)C
",0.44069004
25920,"CCC[NH2+]C[C@@H](CC)Oc1ccccc1
",0.44069004
21414,"C[C@@H]1C[C@H]1C[NH+](C)C[C@@H]1CSc2ccccc21
",0.44068998
18092,"CCC(CC)N(C)C(=O)N[C@@H]1CC[C@H]([NH+](C)C)C1
",0.44068998
33602,"CCC[C@@H]1SCCN1S(=O)(=O)CCC1CC1
",0.44068998
1190,"C[NH2+][C@@H](Cc1c(C)cc(C)cc1C)c1c(F)cccc1F
",0.44068995
10095,"C[C@@H](N[C@H]1CC[NH2+]C1)c1ccc(Br)cc1
",0.4406899
15947,"Cc1nc(C)c(C[NH2+]Cc2nc(C(C)(C)C)cs2)s1
",0.4406899
19451,"C[C@@H](c1ccc(S(C)(=O)=O)cc1)N(C)CC[NH+]1CCCCC1
",0.4406899
20180,"C[NH2+][C@H]1CCC[C@@H]1c1nc([C@@H]2CSCCO2)no1
",0.4406899
25364,"CC(C)[C@@H](C[NH+](C)C)NCc1ccc(C2CC2)cc1
",0.4406899
7494,"CC(C)Oc1ccc([C@@]2(C)C[NH+]=C(N)N2)cc1
",0.4406899
24992,"Cc1nc(/C=C/C[NH2+]C(C)C)cs1
",0.44068986
15549,"CC[NH2+][C@]1(CO)CC[C@H]([NH+](CC)CC(C)C)C1
",0.4406898
21501,"NC(=O)[C@@H](CC(=O)N1CCCC1)[NH2+]C1CCCC1
",0.4406898
9650,"N#CCC(=O)c1ccc(F)cc1F
",0.4406898
21185,"CN(C(=O)c1ccc(F)c(F)c1F)c1cc(F)ccc1F
",0.44068977
2450,"CCOP(=O)(OCC)[C@H](O)c1ccc(Cl)cc1
",0.4406897
10599,"C[C@@H](NC(=O)OC(C)(C)C)C(=O)OC1CCC1
",0.4406897
39932,"CC[C@H](C)[NH2+]CC[C@@H]1CSCCN1
",0.4406897
23731,"CC(C)(C)NC(=O)C[NH+]1CCC(O)(C(F)(F)F)CC1
",0.4406897
7112,"[NH3+][C@@H](c1ccc(Cl)c(Cl)c1)c1ccc(F)cn1
",0.4406897
24243,"CC(C)(C)N1C(=O)[C@H]2CC[C@H]3CCCC[C@@H]3N2C1=O
",0.4406897
4598,"O=CC1CC[NH+]([C@@H]2CCOC3(CCC3)C2)CC1
",0.44068965
13954,"CNC(=O)c1ccc(NC(=O)C(C)C)cc1
",0.44068965
997,"CC[C@H]1CN(Cc2ccc(CC(C)C)cc2)[C@@H](CC)C[NH2+]1
",0.44068962
18350,"C[NH2+][C@H](CC1CCCC1)[C@H]1CN(C)CCO1
",0.44068962
27560,"C[C@H]1CC[C@@H](C2(C(=O)[O-])CCCCC2)C[C@@H]1C
",0.44068962
3238,"CC[C@@H]1CC[C@H](NC(=O)[C@@H]2CC[C@@H]3CCCC[C@@H]3[NH2+]2)[C@@H]1C
",0.44068962
8031,"C[NH+](C)C[C@@H](N)Cc1ccccn1
",0.44068962
18890,"[NH3+][C@@H]1CCCCC[C@@H]1[C@@H]1CCOC2(CCOCC2)C1
",0.44068956
11562,"CCC([NH3+])(CC)c1nc(C2CCCCCC2)no1
",0.44068956
12657,"CCC(CC)[NH2+]C[C@@H]1CCC[C@H]1NS(C)(=O)=O
",0.44068956
20918,"C[C@H](Cc1ccc(Cl)cc1)[NH2+]CCC[NH+](C)C
",0.44068953
19788,"CC[C@H]1CC[C@@H]([NH+]2CCN3CCCC[C@@H]3C2)[C@@H]1C
",0.44068953
30723,"CCCO[C@@H]1CCC[NH+]([C@@H]2CCC(C)(C)[C@@H]2O)C1
",0.44068953
31329,"c1ccc(-c2ccc3c(ccc4ccccc43)[o+]2)cc1
",0.44068953
599,"C[C@H]([NH2+]C1CC[NH+](C)CC1)c1ccccc1
",0.44068953
30891,"CCN[C@@]1(C#N)CC[C@@H]([NH+](C)CC2CCCCC2)C1
",0.44068953
10277,"CC[NH2+][C@@H](CC1CCOCC1)[C@@](C)(CC)[NH+]1CCCCC1
",0.44068953
32212,"CC(C)(C)C(=O)NCCNC(=O)c1cnccn1
",0.44068947
19460,"Cc1ccccc1NC(=O)CCBr
",0.44068944
31036,"CC(=O)C[C@H]1CCCC[NH+]1CC(=O)N1CCCC1
",0.44068944
24256,"Cc1ccc(C[C@]2(O)CC(C)(C)OC2(C)C)cc1C
",0.44068944
37473,"CC1(C)CC(=O)C(=CNc2cc(C(F)(F)F)cc(C(F)(F)F)c2)C(=O)C1
",0.44068944
24923,"CC1(C)CC[C@](C[NH3+])(CCOCC(F)(F)F)[C@H]1O
",0.44068944
20624,"CNC(=O)COc1ccccc1C[NH2+]C
",0.44068938
7391,"CCC[NH2+][C@H]1CCC[C@H]1CCN1CC[NH+](C)[C@H](CC)C1
",0.44068936
33499,"CC[C@H](C)[C@H]([NH3+])c1ccc(Cl)s1
",0.44068936
24646,"CC(C)[C@H]1c2ccccc2C(=O)[C@@H]1C
",0.44068936
14149,"C[C@@H]([NH3+])c1n[nH]c(-c2ccc(I)cc2)n1
",0.44068936
17134,"OC[C@H]([NH2+]Cc1ccc(-c2ccccc2)cc1)c1ccccc1
",0.44068936
22616,"CC(C)[C@H]1CC[C@H](C)C[C@@H]1OC(=O)C[N+](C)(C)CCO
",0.44068936
19020,"O=Cc1ccccc1OCCCC[NH+]1CCCCC1
",0.44068936
24545,"CSc1nnc([C@@H]([NH3+])Cc2ccccc2)o1
",0.4406893
13458,"CCCN(CCC)C(=O)[C@@H](C)n1nc(Br)c(Br)c1Br
",0.44068924
31815,"Cc1cc(C[NH+](C)CC2=CCCOC2)no1
",0.44068924
1265,"[NH3+]CCOCC(=O)NCCn1cc[nH+]c1
",0.44068924
30964,"Cc1ccc(C)c([C@@H](C)[C@](C)(O)C(=O)[O-])c1
",0.44068924
1602,"CCOCC/C([O-])=N/S(=O)(=O)N1CCCC1
",0.44068924
7658,"C[C@H](c1ccc(F)cc1)[NH+](C)C1CCSCC1
",0.44068924
38960,"CC(C)[NH+](CC(C)(C)CCC#N)C1CCC1
",0.44068924
24412,"CC[NH2+]Cc1ccc(OCCC(C)(C)O)cc1
",0.44068924
10796,"C[NH2+][C@@H]1CCC[C@H]1CCS(=O)(=O)c1ccc(C)cc1
",0.4406892
23890,"CCC[NH+]1CCC(O)([C@H]2CCOC3(CCC3)C2)CC1
",0.4406892
33083,"CS(=O)(=O)N1CCC[C@@H](CN2CCCC[C@@H]2C#N)C1
",0.4406892
35987,"CCn1c(C#N)ccc1Cn1cc[nH+]c1
",0.44068915
19675,"CC[C@@H](C)n1nc(C)c(CC[NH2+]C(C)C)c1C
",0.44068915
29109,"[NH3+]CCOCC(=O)N[C@H](C(=O)[O-])C1CCCCC1
",0.44068915
19878,"Cc1cccc(C(=O)c2ccccc2)n1
",0.44068915
31638,"CCS(=O)(=O)N(C)Cc1cn(C)nc1C
",0.44068915
23122,"Cc1ccc([C@@](C)(O)[C@H](F)C(=O)[O-])cc1F
",0.44068912
37809,"C[C@@H](C1CC1)[NH+](C)CC(C)(C)C(=O)NN
",0.44068912
10552,"O=C1CCC[C@H]1[C@@H]1CCCC[NH+]1CCC(F)(F)F
",0.44068906
25411,"Cc1cc(C)cc([C@H](O)c2cc(C(F)(F)F)ccc2F)c1
",0.44068906
18735,"CCCN(CC(=O)N(C)C)S(=O)(=O)c1sccc1Br
",0.44068906
18873,"C[C@H]1CCC[C@H](CC[NH+]2CCC(OC3CCOCC3)CC2)C1
",0.44068903
18621,"OCc1ccccc1Sc1ccncc1
",0.44068903
18020,"O=C(CSC1CCCCC1)c1cscc1Br
",0.44068897
36227,"C[C@@]12CC3CC([NH2+]C[C@H]4CC=CCC4)(C1)C[C@](C)(C3)C2
",0.44068897
21753,"C[C@H](NC(=O)CSC(C)(C)C)c1ccccc1Br
",0.44068897
32608,"c1ccc([C@H]2CC[NH2+][C@H](C[NH+]3CCCC3)C2)cc1
",0.44068897
4774,"O[C@@H](CNC(c1ccccc1)c1ccccc1)c1cccc(F)c1
",0.44068894
2275,"C[NH+]1[C@H]2CC[C@@H]1CCN(C(=O)C(C)(C)/C(N)=N/O)C2
",0.44068894
8877,"C[NH2+][C@H](C)C(C)(C)C[NH+](C)[C@H]1CCC[C@H](C)C1
",0.44068894
26868,"CCOCC(=O)N1CCCC[C@@H]1CC(C)=O
",0.44068894
24312,"COC(=O)[C@H](CC[NH+]1C[C@@H](C)[C@H](C)C1)NC(C)C
",0.44068888
30345,"C=CC[NH2+][C@@H](C(=O)[O-])c1ccc(CC(C)C)cc1
",0.44068888
24405,"C[NH2+]C1CCC([NH+](C)[C@@H](C)c2ccccc2OC)CC1
",0.44068888
36088,"C[C@@H]([NH2+][C@H]1CC=CCC1)c1ccccc1N(C)C
",0.44068888
22120,"C=CCC[C@@H](O)C[NH+]1CCC(O)(C(F)(F)F)CC1
",0.44068888
24976,"C[C@H](O)[C@H]([NH3+])c1nc([C@@H]2CSCCO2)no1
",0.44068888
37607,"C[C@H]1CN(C(=O)N2CCCC2)[C@@H](C)C[NH2+]1
",0.44068882
25283,"C[NH2+][C@H](C)C(C)(C)CN(C)[C@@H](C)c1ccccc1F
",0.44068882
38557,"CC(=O)N[C@@H](C(=O)N(CC(=O)[O-])C(C)(C)C)C(C)C
",0.4406888
29210,"CC(C)C[C@](C)(O)C[NH2+][C@H](C)c1cc(F)cc(F)c1
",0.4406888
24047,"CCC[C@@H]([NH3+])[C@@H]1CCO[C@]2(CCOC2)C1
",0.44068873
18637,"CC1CCC(CN(C)C(=O)C2C[C@@H](C)O[C@H](C)C2)CC1
",0.44068873
19858,"O=NN1CCC(C(c2ccccc2)c2ccccc2)CC1
",0.44068873
12388,"Cc1nsc(NC(=O)[C@@H]2C=C[C@@H]([NH3+])C2)c1C(=O)[O-]
",0.4406887
21743,"CC[C@@H](C)C(=O)Nc1ccccc1O
",0.4406887
17749,"COCC[NH+](C)C[C@@H]1[C@H](O)C(C)(C)OC1(C)C
",0.4406887
33118,"CC[C@@H](C)CN(CC)[C@@H](c1ccccn1)[C@@H](C)[NH3+]
",0.4406887
9759,"Cc1ccc(C2([NH+](C)C)CCC(=O)CC2)cc1
",0.4406887
39922,"C[C@@H]1[C@@H](C(=O)[O-])CCN1C(=O)N1CCCCC1
",0.4406886
25680,"O=C(COc1ncccn1)N1CCCC1
",0.4406886
34782,"COC(=O)CC(=O)c1cc(Cl)cc(Cl)c1
",0.4406886
29416,"CC(C)(C)C(=O)NNC(=O)COc1cc(Cl)c(Cl)cc1Cl
",0.4406886
7550,"C[C@@H](Nc1ccc(C(=O)[O-])c(F)c1F)C(N)=O
",0.4406886
26522,"C[C@@H](C(=O)NC1CCCC1)[NH+]1CCC([NH+]2CCCCC2)CC1
",0.44068855
10098,"C[C@]1(O)CC(=O)C=C(c2ccncc2)C1
",0.44068852
7467,"CCOc1ccccc1NC(=O)c1ccccc1OCC
",0.44068852
10835,"C[C@H]1[NH2+]CC[C@H]1C(=O)N(C)CCCC(=O)[O-]
",0.44068852
31,"CC(C)Cc1ccc([C@@H](C)C(=O)N[C@H](C(=O)[O-])C(C)C)cc1
",0.44068852
14436,"CCOc1ccc(S(=O)(=O)N(C)CC(=O)N(C)C)cc1
",0.44068846
9281,"Cc1noc(C)c1C(=O)N(C)C1CCCCC1
",0.4406884
32710,"CC[C@H](C)[C@H](O)c1nccc2ccccc12
",0.4406884
8253,"C[NH2+][C@H]1COC[C@H]1C(=O)N[C@@H](CO)C(C)C
",0.4406884
37461,"CCc1nc(N(C)C[C@@H]2CCC[NH+]2C)sc1C[NH2+]C
",0.44068837
14372,"CC(C)CCNC(=O)[C@H](C)[NH+]1CC(C)(C)C1(C)C
",0.4406883
38818,"Nc1nc(Cl)cc(Oc2cc(Cl)c(Cl)cc2Cl)n1
",0.4406883
1945,"COc1ccccc1[C@H](C)N1CC[C@H]([NH3+])[C@@H](C)C1
",0.4406883
11674,"CC[NH2+][C@@H](Cc1cc(C)cc(C)c1)c1sccc1C
",0.44068828
13627,"CCCc1c(N)nnn1Cc1nc(C)c(C)s1
",0.44068828
30008,"CCC(=O)CCc1ccc(F)cc1Br
",0.44068822
30650,"CC(C)(NC(=O)[C@]1(C)CCCO1)C(C)(C)C(=O)[O-]
",0.44068822
13547,"C[NH2+][C@](C)(CCSc1ccncc1)C(=O)[O-]
",0.44068822
23394,"c1ccc(-n2nnnc2SCc2ccon2)cc1
",0.4406882
806,"Cc1ccc([C@@H](N)C(C)(C)[NH+](C)C)cc1C
",0.4406882
17346,"C[C@@H]1[C@@H](C(=O)[O-])CC[NH+]1[C@@H]1CCOC2(CCCCC2)C1
",0.44068813
7582,"Cc1cc(Sc2ccccc2)nc(N)n1
",0.44068813
24015,"Cc1cc(C)c2c(c1)CN(C(C)C)C2=O
",0.44068813
901,"C[C@@H]1CN(C(=O)N[C@@H]2CCCCC[C@@H]2C(=O)[O-])C[C@H]1C
",0.4406881
5694,"CN(CCCl)C1=CC(=O)CC(C)(C)C1
",0.44068804
10547,"[NH-]/C(=N\OC(=O)CCl)S(=O)(=O)c1ccccc1
",0.44068804
21284,"C[C@@H]([NH2+][C@@H]1CCCC[C@@H]1[C@@H]1CCCC[NH2+]1)[C@@H]1CCCO1
",0.44068804
25210,"CCOc1cc2c(cc1C(=O)[O-])CCC2
",0.44068804
15431,"CC1=NN(c2ccc(C)cc2)C(=O)/C1=C/c1ccc(C)o1
",0.44068804
1866,"CON(C)Cc1ccc(Br)c(F)c1
",0.440688
5303,"CCC[NH+]1CCC(NC(=O)N2CCCC[C@H]2C(C)C)CC1
",0.440688
37673,"Brc1cccc([C@H]2N3CCCC[NH+]23)c1
",0.440688
37873,"O=c1ccn(C[C@H]2C[C@H]3CC[C@@H]2C3)c(=O)[nH]1
",0.440688
4279,"CCC(CC)C(=O)n1nc(C)cc1C
",0.44068795
26196,"Cc1cccc([C@H]2C[C@H]2C[NH3+])c1
",0.44068795
16926,"CC(C)=CC[C@H](C(=O)[O-])c1ccccc1
",0.44068795
12679,"CCCC1CC[NH+]([C@H](C)[C@H](C)C(=O)NN)CC1
",0.44068795
13551,"c1cnc(Sc2nnc(C3CC3)s2)nc1
",0.44068795
7620,"C=CCSc1nc([O-])c2nc[nH]c2n1
",0.44068795
2848,"CCCSc1ccccc1C(=O)NC(C)(C)C
",0.44068795
9434,"CCC[C@H]1C[C@](O)(C2(C[NH3+])CCC(CC)CC2)CCO1
",0.4406879
25172,"Cc1nnnn1[C@H]1CC(=O)[C@@H]2OC[C@H]1O2
",0.4406879
1389,"CO[C@@]1(C)C[C@H](N(C)C(=O)CCS(=O)(=O)C2CCCC2)C1(C)C
",0.4406879
25564,"O=c1nc(N2CCCCCC2)[nH+]c(N2CCCCCC2)[nH]1
",0.44068787
19936,"CCC1CCC(O)([C@@H]2CCO[C@@]3(CCOC3)C2)CC1
",0.44068787
19042,"Cc1nsc(N(C)C(=O)[C@@H](C)NC(N)=O)c1C(=O)[O-]
",0.44068787
36714,"C[C@H]1S[C@@H](c2ccc(Br)cc2)NC1=O
",0.4406878
4845,"CC(C)Cc1ccc([C@@H](Cl)[C@@H]2CCO[C@@H]2C)cc1
",0.4406878
28046,"C[NH2+][C@H](c1cc(OC)ccc1OC)[C@H](C)c1ccncc1
",0.44068778
15287,"CCOC(=O)[C@@H]([NH3+])[C@@H](O)c1ccc(S(C)(=O)=O)cc1
",0.44068778
22953,"CC(C)(C)C(=O)NCCNC(=O)[C@H](O)c1ccccc1
",0.44068778
30418,"O=C(NC1CC1)[C@H]1CCC[NH+](C[C@@H]2CCCCO2)C1
",0.44068778
5722,"O=C(CCc1ccccn1)C1CC1
",0.44068772
16881,"CC(C)(C)N(CC(=O)[O-])C(=O)C1C[NH2+]C1
",0.4406877
37004,"C#CCNCC(=O)N[C@@H](C)CS(C)(=O)=O
",0.4406877
38306,"Nc1cc(-c2ccc(F)cc2F)on1
",0.4406877
8086,"O=C([O-])CC1C[C@@H]2CC[C@H](C1)[NH+]2C[C@@H]1CCCOC1
",0.4406877
17150,"NC1=NC(=O)N(C2CC2)[C@H]1c1cncn1C1CC1
",0.4406877
7951,"CC[C@H](C)N(CC)S(=O)(=O)N1CCNCC1
",0.44068763
16327,"C[C@@H](CNC(=O)N[C@@H]1CCS(=O)(=O)C1)C[NH+]1CCCC1
",0.44068763
34552,"CC[C@H](CBr)C[C@@H]1CCCN(S(C)(=O)=O)C1
",0.44068763
31112,"C[NH+](C)[C@H](CNCc1ccsc1)c1cccs1
",0.4406876
3009,"CCCCCNC(=O)N1CC[NH+](CCC(C)C)CC1
",0.4406876
15430,"CCc1nc(C)c([C@H](C)NC[C@@H](C)c2c(C)noc2C)s1
",0.4406876
13162,"COc1nc(C)c(CNCC[NH+](C)C)s1
",0.4406876
676,"COC1(OC)CC[C@@]2(C)[C@@H](CC[C@H]3[C@@H]2CC[C@]2(C)[C@@H](O)CC[C@H]32)C1
",0.4406876
7483,"CSc1nc(SC)c2c3c(sc2n1)CN(C)C(C)(C)C3
",0.44068754
23046,"Cc1cccc(O[C@H](C)C(=O)[O-])c1
",0.44068754
1416,"COC(=O)[C@H]1C[S@](=O)C[C@H](C2(C)CC2)N1
",0.44068754
37644,"C[C@H]1Cc2ccc(Br)cc2[C@@H]1Br
",0.44068754
4415,"CCS(=O)(=O)CCN(C)C(=O)c1ccc(C)c(C)c1O
",0.44068748
17815,"CCC[NH+]1CCC(NC(=O)N[C@H]2CCC[C@@H](S(C)(=O)=O)C2)CC1
",0.44068748
29490,"CCNc1ncnc(Cl)c1[N+](=O)[O-]
",0.44068748
23815,"Cn1cnc(S(=O)(=O)Oc2c(Cl)cc(Cl)cc2Cl)c1
",0.44068748
29931,"CC(C)[NH+](CCSc1ncnc2[nH]ncc12)C(C)C
",0.44068748
31318,"O=S1(=O)C[C@@H](O)[C@H](/N=C/c2ccoc2)C1
",0.44068748
685,"O=S(=O)(c1ccccc1Br)N1CCCC1
",0.44068745
36486,"C[NH2+]C1CC(c2ccc(F)cc2C)C1
",0.4406874
38034,"C[C@H]([NH2+][C@@H](CO)CC(C)(C)C)c1nccs1
",0.4406874
866,"CC(C)(C)NC(=O)NC1=CC(=O)CCC1
",0.4406874
15895,"O=C1CCC[C@@H]1[C@@H]1CCCCN1C(=O)C1CCCC1
",0.4406874
13946,"Cc1ccc([C@@H](O)Cc2ncccc2C)o1
",0.4406874
26412,"CCc1ccc(CCNC(=O)NCCC(=O)N(C)C)cc1
",0.44068736
24168,"Clc1ccc(COc2ccccn2)cc1
",0.44068736
24823,"CN(CCOCC1CC1)C(=O)[C@@H]1CCC[NH2+]C1
",0.44068736
17328,"C[C@@H](O)CN(C)C(=O)N[C@H]1C=C[C@@H](C(=O)[O-])C1
",0.4406873
20567,"CC[C@@H]1CCCC[C@@]1(O)C1(C#N)CCC1
",0.4406873
18930,"NC(=O)CC1CC[NH+](CC(=O)NC2CCCCC2)CC1
",0.4406873
15038,"CCC[NH2+][C@@H](CO)CSc1ccncc1
",0.4406873
16760,"COC(=O)c1sc(C)cc1O
",0.4406873
14172,"C[C@H]1CCC[C@@H]([NH+]2CCC(CC(=O)[O-])CC2)[C@@H]1C
",0.4406873
34571,"CCOC(=O)CN(C)C[C@H]1CCC[NH+]1CC
",0.4406873
6458,"Cc1cc[nH+]c2c1NCCC(C)(C)N2
",0.44068727
28934,"[NH3+][C@@H]1CC[C@@H]([C@@H]2CCO[C@]3(CCSC3)C2)C1
",0.44068727
6306,"O=C([O-])CSC(=S)NC(=O)c1ccc([N+](=O)[O-])cc1
",0.44068727
25511,"CC(C)(Cn1cc(Br)cn1)C(=O)[O-]
",0.4406872
17714,"CCOc1ccc(Oc2cncc(C[NH3+])n2)cc1
",0.4406872
5369,"NC(=S)N/N=C/c1cc(Cl)cc(Cl)c1O
",0.4406872
27207,"CCNC(=O)N[C@@H](C)C(c1ccccc1)c1ccccc1
",0.4406872
24943,"CCC[NH2+][C@H]1[C@@H](N(C)CC[NH+]2CCCC2)CCC1(C)C
",0.44068718
15608,"CSCCCCNC(=O)N(C)C1CCC1
",0.44068712
31830,"CC(C)Cc1ccc(C[NH2+]CCc2cccnc2)cc1
",0.44068712
38219,"CCSCCSc1nc2ccccc2[nH]1
",0.44068712
31932,"CC(C)(C#N)NC(=O)c1cc(Cl)sc1Cl
",0.44068712
21751,"COc1cccc([C@H](O)[C@@H](C)c2ccccn2)c1OC
",0.44068712
5201,"c1ccc(C[NH+]2CCC([NH2+]C3CCCC3)CC2)cc1
",0.44068706
31520,"CCC[C@H](Oc1ccccc1C)C(=O)[O-]
",0.44068706
4591,"CC[C@H](C)[C@H]([NH3+])c1nc2ncc(C)cc2[nH]1
",0.44068703
35005,"CN(C)c1nc(Cl)nc(OCC(C)(C)[NH+](C)C)n1
",0.44068703
34911,"CC(=O)Cn1c(C(=O)[O-])nc2cccnc21
",0.44068697
16413,"C[NH2+][C@H](Cc1ccccc1Cl)C(C)(C)OC
",0.44068697
25490,"CCC[NH2+]C1CCC([NH+](C)CC[C@H]2CCCO2)CC1
",0.44068697
3790,"CC[NH2+][C@@H](C)C[C@@H](C)[S@@](=O)Cc1cc(C)cc(C)c1
",0.44068697
39352,"C[C@H](C=O)c1cccc(Oc2ccccc2)c1
",0.44068694
23860,"CC(C)C[C@@H](C(=O)[O-])[C@@H]1CCC[C@@H](C)C1
",0.44068694
25557,"C=C(C)C[C@H](O)Cc1ccccn1
",0.44068694
1985,"CN(CC(C)(C)O)C(=O)Cc1ccc(C(F)(F)F)cc1
",0.44068694
22036,"O=C(N[C@@H]1CCCC[C@H]1CO)C1C2CC3CC(C2)CC1C3
",0.44068694
18030,"COC[C@@H](C)Oc1ncnc(OC)c1N
",0.44068688
33091,"CC[C@@H]1C[NH+](Cc2cc(F)cc(F)c2)CCS1
",0.44068685
21845,"CC(C)c1cc(Sc2ncc[nH]2)nc(C(C)C)n1
",0.44068685
27545,"CC(C)C[NH2+]Cc1ccc(COC(C)(C)C)nc1
",0.44068685
7484,"Oc1ccc(-c2nc(C3CC3)no2)cc1
",0.44068685
31907,"C[NH+](C)C[C@@](C)(O)CNC(=O)NCC(C)(C)c1ccncc1
",0.4406868
25559,"COC(=O)c1cc(C)cs1
",0.4406868
15996,"OCC(CO)(Cc1ccc(Cl)cc1)c1ccccc1
",0.44068676
30222,"C=CCCC(=O)N1CCNC(=O)[C@H]1CC
",0.44068676
14758,"Cl[C@H]1CCC[C@H]([C@H]2CCOC3(CCCC3)C2)C1
",0.44068676
3022,"CC[NH2+][C@H](Cc1nc(C)c(C)s1)c1cscc1C
",0.44068676
12466,"CCNC(=O)Cn1cc(Br)cn1
",0.44068676
24139,"CC1CCC(C[NH+]2CCS[C@@H]3COCC[C@@H]32)CC1
",0.4406867
3252,"CC[C@H]1CCCCN1C(=O)C[NH+]1CCC(C)(C)C1
",0.4406867
3219,"CC[C@H](C)N(C)C(=O)[C@H]1CCC[NH2+][C@@H]1C
",0.4406867
27575,"CN(C)c1ccc(F)c(C#N)c1
",0.44068664
13961,"CCN(CC[NH3+])C(=O)C1(CC(C)C)CCCC1
",0.44068664
151,"CCC1CCC(C(=O)c2cscc2C)CC1
",0.44068664
13298,"CC[C@H]1CNc2c(C)cc[nH+]c2N1
",0.44068664
31278,"COc1ccc(OC(F)F)c(C=O)c1
",0.44068664
19215,"CC(C)[C@@H](N[C@H](C(N)=O)c1ccccc1)c1ccccc1
",0.4406866
36298,"COS(=O)(=O)c1ccc(Cl)c2ccccc12
",0.44068655
7303,"CC1(C)C(CNC(=O)[C@]2(C)CCC[NH2+]2)C1(C)C
",0.44068655
803,"COc1ccc(C[NH+]2C[C@@H](C)[C@@H](C)C2)c(OC)c1OC
",0.44068652
25413,"CC[C@@H]1CCC[C@@H](NC(=O)/C=C/C2CC2)C1
",0.44068646
25270,"O=C(N[C@H]1CCCC[C@@H]1OC1CCCC1)N[C@@H]1CCCC[C@@H]1CO
",0.44068643
23973,"CCC[NH2+][C@H]1CCC[C@@H](N2CC[C@H]([NH+](C)C)C2)C1
",0.44068643
5196,"CCOc1ccccc1C[NH+](CC)Cc1ccccc1
",0.44068643
10437,"CC[C@H](C)C(=O)N1CCCC[C@H]1CC
",0.44068637
16342,"CC[NH+]1CC[C@@H](N(C)CCS(=O)(=O)C(C)C)[C@H](C)C1
",0.44068637
19735,"CN(CCc1ccccc1)C(=O)c1ccc[n+]([O-])c1
",0.44068637
24655,"O=C([O-])[C@@H]1CCCN(C(=O)[C@H]2CC=CCC2)C1
",0.44068637
7935,"O=C([O-])CCC(=O)Nc1cc(Cl)cc(Cl)c1
",0.44068637
35012,"CC(=O)CSc1ncc2cnccn12
",0.44068637
2224,"CC[NH+](CC)[C@@H](C(=O)[O-])c1ccc(C2CC2)cc1
",0.44068635
31591,"C[C@@H]1[NH+]=c2ccc(F)cc2=C1/C=C/c1cc[n+](C)cc1
",0.44068635
31656,"Nc1nn(-c2ccc(Cl)cc2)nc1C(=O)[O-]
",0.44068635
29972,"CC[C@](O)(c1ccccc1)C1(C[NH3+])CCC1
",0.44068635
38753,"C[NH2+][C@@H](Cc1nc(C(C)(C)C)cs1)c1cccs1
",0.44068635
16396,"CCCO/N=C/c1cccc(C)n1
",0.4406863
3943,"Fc1ccccc1C[C@@H](C[NH2+]C1CC1)c1ccccc1F
",0.4406863
38135,"O=C([O-])[C@@H](CCO)Cc1ccc(F)cc1
",0.4406863
28601,"CCCCC(=O)NC1CCN(C(=O)C2CCCCC2)CC1
",0.4406863
30045,"Cc1cccc([N+]2=CCC(C)(C)[NH+]=C2[S-])c1
",0.44068623
22986,"C[C@H]1C(=O)CC[NH+](C[C@]2(C)CCCO2)[C@@H]1C
",0.44068623
37272,"C#CCN(CC(=O)[O-])C(=O)[C@H]1C[NH2+]C[C@H]1C
",0.4406862
39924,"C[C@H]1CCC[C@@H](C[NH+]2CC[C@H](NS(C)(=O)=O)C2)C1
",0.4406862
9795,"CCc1nc(C(C)(C)OC)[nH]c(=O)c1Br
",0.4406862
8049,"Cc1cc([C@@H]([NH3+])c2cccc(F)c2)c(F)cc1F
",0.4406861
23174,"CC[NH+](CC(=O)NC1CCCC1)CC1CC[NH2+]CC1
",0.4406861
27989,"O=C(NN1C(=O)CCC1=O)c1ccccc1
",0.4406861
26005,"CCO[C@@H]1C[C@@H]([NH3+])[C@@H]1NC(=O)N1CCOCC1
",0.4406861
27380,"CC[NH+]1CCN([C@@H]2CCCC[C@@H]2C#N)CC1
",0.44068605
2103,"CC(C)CC[C@@H](C)[NH2+]CC1CCC(C(N)=O)CC1
",0.44068605
18473,"Cc1cc(O[C@H]2CC[NH2+]C2)ccc1Br
",0.44068605
219,"Cc1cc(CN[C@@H](C[NH+](C)C)C(C)C)ccc1Br
",0.44068602
26215,"CC(C)[NH2+][C@]1(CO)CCC[C@H](N(C)CC[NH+]2CCCC2)C1
",0.44068602
29412,"CC(C)(C[NH2+][C@@H]1CCCC[C@H]1[C@@H]1CCC[NH2+]1)NS(C)(=O)=O
",0.44068602
5826,"CS(=O)(=O)N1CCC(C(=O)N[C@H]2C[C@H]3CC[C@@H]2C3)CC1
",0.44068602
22924,"C[C@@H]1[C@@H](C(=O)[O-])CC[NH+]1CCCOCC(F)(F)F
",0.44068602
31634,"CCC[NH2+][C@@H](Cc1ccc(C)cc1)[C@@H](C)OC
",0.44068602
4791,"CC(=O)NCC1CCN(C(F)(F)F)CC1
",0.44068602
30886,"C[C@H]1[NH2+]CCC[C@@H]1NC(=O)[C@@H]1CCCOC1
",0.44068602
23421,"Cc1ncc([C@H](C)NC[C@@H](O)c2ccncc2)s1
",0.44068602
28165,"CNC(=O)NC1=N[NH+]=CN[C@@H]1C(=O)[O-]
",0.44068593
19456,"CCCCCC(=O)N1CCC[C@H](C(=O)[O-])C1
",0.44068593
27476,"CC1(C)C[C@H]([NH2+]C[C@@H]2CCC[C@@H]2NS(C)(=O)=O)C(C)(C)O1
",0.44068587
15123,"O=C(N[C@H]1CC[C@@H](C(=O)[O-])C1)c1nnn[n-]1
",0.4406858
29094,"CS[C@@H]1CCC[C@@H]1NS(=O)(=O)CC1CCC1
",0.4406858
29462,"Cc1cc(C)c2ncc(Br)c(N3CC[NH2+]CC3)c2c1
",0.4406858
33807,"Fc1ccc([C@@H](CBr)Cc2cccs2)cc1
",0.4406858
21618,"C(=C/c1ccccc1)\C[NH2+]Cc1ccon1
",0.4406858
5249,"CCC1CCC(C[NH3+])([C@@H](O)C2CCCCCC2)CC1
",0.4406858
24445,"Cc1cc2nc(C(C)C)[nH]c2cc1C
",0.44068578
29292,"COC(=O)N(C)CC(=O)N[C@@H](C)C12CC3CC(CC(C3)C1)C2
",0.44068578
21147,"C[NH2+][C@H](c1ccc(Br)s1)[C@H](C)c1ccccn1
",0.44068578
21509,"CC[NH2+]CC(=O)Nc1ccc(OCC)cc1
",0.44068578
30502,"C[C@@H]1CNCc2cc(C(F)(F)F)cnc21
",0.44068572
16703,"Cl[C@]1(Br)c2ccccc2[C@H](Br)[C@H]2C=CC=C[C@@H]21
",0.44068572
14350,"C[C@@H]([NH2+]Cc1cccc2c1OCCO2)c1ccc2c(c1)OCCO2
",0.4406857
14533,"CCN[C@@](C)(C#N)CSC[C@@H](C)CO
",0.4406857
19758,"CC(C)(CNS(=O)(=O)CCN1CC[NH2+]CC1)S(C)(=O)=O
",0.4406857
13712,"CCCCCc1nc2ccccc2[nH]1
",0.4406857
30276,"CC(C)C[NH+](CC(=O)N1CCNC1=O)CC(C)C
",0.44068563
18753,"CCC(CC)(C(=O)[O-])n1nnnc1C[C@@H](C)C(C)(C)C
",0.44068563
28910,"O=C(CC1(C(=O)[O-])CCCCCCCCCCC1)N1CCOCC1
",0.44068563
35286,"O=Cc1c(Cl)cccc1Sc1ccncc1
",0.44068554
27441,"Cc1cc(Br)c(NC(=O)CBr)cc1C
",0.44068554
31685,"CC(C)[C@H]1CN2CCC[C@@H]2C[NH+]1C(C)(C)CC(C)(C)C
",0.44068554
32412,"C[C@@H]([C@@H](C)S(C)(=O)=O)[NH+](C)Cc1ccc([S@](C)=O)cc1
",0.44068554
21458,"CC(C)[C@H]1C(=O)NC(=O)CC12C[C@@H](C)C[C@@H](C)C2
",0.44068554
39743,"COC(=O)[C@@H](N[C@@H](C)C[C@H]1CCCCC[NH2+]1)C(C)C
",0.44068554
3253,"CC[C@H](C#N)N1CCN(C(=O)N2CCC(C)CC2)CC1
",0.44068545
38406,"C[C@@H](C[C@@H]1CCC[NH2+]1)[NH2+]CC(C)(C)C[NH+](C)C
",0.44068545
17931,"CCC1(C(=O)N2CC[NH2+]C[C@@H]2C)CCCC1
",0.44068545
16701,"CC(C)[C@@H]([NH2+][C@@H](C)c1ccc(S(=O)(=O)N(C)C)cc1)c1cccnc1
",0.4406854
36910,"C[NH2+][C@H]([C@H]1CCO[C@]2(CCOC2)C1)[C@@H]1COCCO1
",0.4406854
30632,"CCOC(=O)CN[C@H]1CCCS[C@H]1C
",0.44068536
22487,"O[C@H](c1ccc(Cl)cn1)c1ccccc1F
",0.44068536
22627,"CC(C)c1ccc(CS(=O)(=O)C[C@@H](C)CO)cc1
",0.44068536
28615,"CC[C@@H](CCO)C[NH2+][C@@H](C)c1ccc(Br)cc1
",0.44068536
17127,"N#CCCc1nc2ccccc2[nH]1
",0.44068536
15520,"CC[C@H]1Oc2cc(C)ccc2[C@@H]1[NH2+]C
",0.4406853
13567,"Cc1cc([C@@]2([NH3+])CCCC2(C)C)ccc1F
",0.4406853
13621,"CC(=O)n1cnc2ccccc21
",0.4406853
3290,"CC(C)CC[NH+](C)CC[C@@H]1CCC[C@]1([NH3+])CO
",0.44068527
11462,"COC[C@H](C)CC(=O)NC(C)(C)C(N)=S
",0.44068527
5481,"O=c1[nH]cnc2ccc(Cl)cc12
",0.44068527
21428,"Cc1ccc([C@@H](Nc2ccccc2)C(=O)[O-])cc1
",0.44068527
35082,"C[C@H]1CCC[C@]1(O)C1(C#N)CCC(C(C)(C)C)CC1
",0.4406852
17013,"CC(C)(C)S(=O)(=O)c1ccc2n[nH]c(=O)n2n1
",0.4406852
2466,"CC(=O)NCC(=O)NCC(=O)NC[C@@H]1CCC[C@@H](C)C1
",0.44068518
2230,"CC[C@H](Nc1ncccn1)c1noc(C)n1
",0.44068518
14817,"c1coc(C[NH+]2CCC3(CCCC3)C2)c1
",0.44068518
30900,"COC[C@@H]([NH2+][C@@H]1C[C@@H]1C1CCCCC1)C1CC1
",0.44068512
32348,"CCCC[C@@H](CC)[C@@H](Br)Cc1ccccn1
",0.44068512
27399,"CNC(=O)N[C@H](C)c1ccccc1Cl
",0.44068512
14641,"Cc1nc(S[C@@H](C)C(=O)NC2CC2)nc(C)c1C
",0.4406851
785,"CCC(=O)[C@@H](C)c1ncnc(OC)c1[N+](=O)[O-]
",0.4406851
22191,"C[C@H]1CCN(C(=O)C(C2CC2)C2CC2)C[C@H]1O
",0.4406851
3748,"O=C1CC[C@@H](c2ccccc2)CN1
",0.4406851
695,"C[NH2+][C@H](C)c1cc(F)ccc1O[C@H]1CCS(=O)(=O)C1
",0.44068503
31750,"CC(C)N(C)[C@H](C[NH3+])CC(=O)NC1CC1
",0.440685
2492,"Cc1ccccc1[C@@H](Cc1ncnn1C(C)C)C(=O)[O-]
",0.440685
37934,"NC(=O)C1CC[NH+](Cc2ccc(C(=O)[O-])cc2)CC1
",0.440685
13870,"C[C@@H]1CN([C@@H](C[NH3+])c2ccccc2)C[C@@H]1C
",0.440685
27362,"CC(C)N(C)S(=O)(=O)c1cc(Cl)sc1Cl
",0.440685
23987,"CN1C(=S)SC[C@@]1(O)c1ccccc1
",0.44068494
27826,"CNC(=O)NC(=O)CN(CC1CCC1)CC(F)(F)F
",0.44068494
6875,"COc1cc(F)cc(C[NH2+]CC(C)C)c1
",0.44068488
9588,"COc1ccc(/C=N/c2ccc(O)cc2)cc1O
",0.44068488
14643,"Cc1cnc(C)c(NC2C(C)(C)C2(C)C)n1
",0.44068488
16205,"CN(CCS(C)(=O)=O)C(=O)c1cccnc1N
",0.44068488
38620,"CC(=O)NCC(=O)c1ccc([N+](=O)[O-])cc1
",0.44068485
15883,"N[C@]1(C(=O)[O-])CC[C@@H]([NH+](CC2CC2)C2CC2)C1
",0.4406848
1383,"C[C@H](CC(=O)[O-])CC(=O)NC(=O)N(C)C[C@@H]1CCC[NH+]1C
",0.4406848
30063,"O=C1CSC(=S)N1/N=C/c1ccc(C(F)(F)F)cc1
",0.4406848
10023,"O=C1COCCN1CCC[NH2+]C1CC1
",0.4406848
3265,"C[C@@H](NC(=O)N(C)C1CCC1)C(C)(C)C[NH+](C)C
",0.44068477
19049,"OCc1ccc(C[NH+]2CCC[C@H]2C2CCCC2)o1
",0.44068477
19504,"[NH3+]CC[C@H]1CCC[NH+]([C@@H]2CCO[C@]3(CCOC3)C2)C1
",0.44068477
8442,"CCS(=O)(=O)/N=c1/[nH]c(C)c(C(=O)[O-])s1
",0.4406847
32349,"CCN(CCOC)C[C@H]1CCCC(C)(C)[C@@H]1[NH3+]
",0.4406847
21815,"C[NH2+][C@@H](C)c1cccn1CCCc1ccccc1
",0.4406847
15394,"CC[C@H](C)CN(CC)c1ccc(CC[NH3+])cc1
",0.4406847
23088,"COc1ccc(C[NH2+]C(C)C)c(OC)c1
",0.4406847
33407,"O=C(NC[C@@H](O)C1CCCC1)NC1CCC([NH+]2CCCCC2)CC1
",0.4406847
5039,"C[C@H](C/C(N)=N/O)N(C)C(=O)C1C(C)(C)C1(C)C
",0.44068468
13614,"Cc1ccc(SCC(=O)c2sccc2C)cc1
",0.44068468
17984,"Cc1ncc([C@H](C)[NH2+]C[C@@H](C)C[C@@H](C)O)s1
",0.44068468
28803,"CC1(C)CC[NH+](Cc2cccc(C#N)c2)C1
",0.44068462
13408,"CCS[C@H]1CC[C@@H](NC(=O)CNC(=O)NC)C1
",0.44068462
24660,"CC[C@H](C)COc1ccc(C[C@H]([NH3+])CC)nc1
",0.44068462
16358,"CCC(C)(C)c1cccc([C@@H]([NH3+])CO)c1O
",0.44068462
25696,"CC(=O)Nc1c(C)cc(NS(=O)(=O)c2c(C)c(C)cc(C)c2C)cc1C
",0.4406846
15032,"CC[NH+]1CCN([C@@H](C)CNC(=O)[C@H](C)NC(=O)C(C)(C)C)CC1
",0.4406846
7411,"Cc1cc(N)cc(C)c1S(=O)(=O)N(C)[C@H](C)C(C)(C)C
",0.44068453
14013,"Cc1ccc(F)cc1-c1ccc(F)cc1C(=O)[O-]
",0.44068453
14856,"CC1(C)OC(=O)C(=CSc2ccc(C(C)(C)C)cc2)C(=O)O1
",0.44068453
34592,"C[C@H]1[C@H](C(=O)[O-])CC[NH+]1Cc1cscn1
",0.44068453
36187,"Cc1cc([N+](=O)[O-])ccc1S(=O)(=O)N(C)C
",0.44068453
39460,"Cc1cc(Br)c([C@@H](N)C(F)(F)C(F)F)s1
",0.44068453
22196,"CCOc1ccccc1N[C@H](C)[C@@H](C)O
",0.44068453
12143,"c1cc(-c2ccc(C3CCCCC3)cc2)[nH]n1
",0.44068447
17830,"CCOc1ccccc1OCCOc1ccc(Cl)cc1
",0.44068447
14335,"Nc1ccc(N2CCC(O)CC2)c[nH+]1
",0.44068444
38509,"CC[C@H](C)[C@H](NC(=O)[C@@H]1CCC[NH2+]1)C(=O)[O-]
",0.44068444
38387,"Cc1ccc(S(=O)(=O)CCCSCC(C)C)cc1
",0.44068444
35280,"CC(C)C[NH+]1CCC[C@@H]1CN[C@@H]1CCO[C@H]1C
",0.44068444
9511,"N[C@@H](c1ccc(C2CC2)cc1)c1nccs1
",0.44068444
9646,"CCCN(CC(=O)OCC)C(=O)c1ccc(C)s1
",0.44068444
39864,"C#CCN/C(NCc1sccc1C)=[NH+]/CC
",0.44068444
16319,"C[NH2+][C@@]1(C(=O)[O-])CCC[C@H](N(C)C2CC[NH+](C)CC2)C1
",0.44068444
9763,"C[NH2+]C[C@H](C)[C@H](C)N1CCc2ccccc2CC1
",0.44068438
8244,"O=C([O-])c1ccc(/C=N/NC(=S)Nc2ccccc2)cc1
",0.44068438
21734,"CC[NH2+][C@H](CC)c1ccccc1OCc1ccncc1
",0.44068438
28897,"CC(=O)N[C@@H](C)C(=O)Nc1ccc(C(C)C)cc1
",0.44068435
25735,"CS(=O)(=O)N[C@@H]1CCCN(C(=O)C2CCCC2)C1
",0.44068435
23924,"[NH3+]C[C@H]1C[C@@H]1c1cc(Cl)cs1
",0.44068435
14551,"CCN[C@]1(C#N)CC[C@H]([NH+](CC(C)C)C2CC2)C1
",0.4406843
22241,"CCOC(=O)[C@@H](F)Oc1ccccc1C
",0.4406843
7268,"CCC[C@@H](C#N)C(=O)c1ccc(I)cc1
",0.4406843
3785,"CCn1c(CCC[NH3+])nc2ccccc21
",0.4406843
30908,"N#CNC(=O)/C=C/c1ccc(C#N)cc1
",0.4406843
38594,"C[C@H](CO)[C@@H](C)Nc1ccc(S(=O)(=O)C(F)F)cc1
",0.4406843
25353,"OCC1C[NH+](Cc2cccc(O)c2)C1
",0.44068426
17082,"CCCS(=O)(=O)N1CCC(NC(=O)CCCO)CC1
",0.44068426
6185,"CCC(CC)[C@@H](NS(=O)(=O)N(C)C)c1cccs1
",0.44068426
24712,"C[C@@H](O)CCCOCc1ccccc1
",0.44068426
699,"O[C@@H](C[NH2+][C@H]1CCCC[C@H]1C1CCCCC1)C1CCOCC1
",0.44068426
39157,"CCN[C@H](c1cc(F)ccc1F)C(OC)OC
",0.4406842
26619,"O=C([O-])[C@H]1/C(=C/CO)O[C@@H]2CC(=O)N21
",0.4406842
28889,"CCCCSc1nccc(=O)[nH]1
",0.44068417
17767,"NC(=O)C[NH+](CC(=O)NC1CCCCC1)C1CCCC1
",0.44068417
24786,"C[C@H]1[C@@H]([NH3+])CC[C@H]1Cc1nc(C(C)(C)C)cs1
",0.44068417
25645,"CC(C)(C)OC(=O)NC[C@H]1CCCC[C@H]1[NH3+]
",0.44068417
17588,"COC(=O)[C@@H](C)[C@H](C)N(C)[C@@H]1CCC[NH+](C)C1
",0.44068417
10915,"[O-]c1nc(SCC2[NH+]=c3ccccc3=[NH+]2)nc2nc[nH]c12
",0.4406841
20800,"Cc1nc(-c2cc(F)cc(Br)c2)nc(Cl)c1C
",0.44068405
14552,"Cc1cc(N(C)C)cc([C@H]2CCC[NH2+]C2)[nH+]1
",0.44068405
25074,"N#Cc1cccc(-c2ccc(N)cn2)n1
",0.44068405
9463,"Cc1cccc(OC(=O)c2cccnc2N(C)C)c1C
",0.44068405
26225,"C=CCN(CC1CCCCC1)C(=O)NC1C[C@@H]2CCC[C@H](C1)[NH+]2C
",0.44068402
1548,"C[C@H](NC(N)=O)C(=O)Nc1cc(F)cc(F)c1
",0.44068402
3612,"C[C@H]1CC[NH+]([C@@H](C)c2ccc(F)cc2)C[C@@H]1O
",0.44068402
30559,"Cc1ccnc2c1nc(N)n2C(C)(C)C
",0.44068402
14692,"CCC1CCC2(CC1)CNc1c[nH+]ccc1N2
",0.44068402
19393,"OCc1csc(-c2cccnc2)n1
",0.44068396
21824,"CC(=O)Oc1cn(OC(C)=O)c2ccccc12
",0.44068396
30470,"CS(=O)(=O)c1ccc([C@@H](O)[C@@H](CO)NC(=O)C(Cl)Cl)cc1
",0.44068396
23493,"[NH3+]C1(COc2ncnc3c2CCCCC3)CCCCC1
",0.44068396
1158,"CC[C@@H]1NC(=O)[C@@H](C(C)C)N(CC2C(C)(C)C2(C)C)C1=O
",0.44068396
7324,"CCCC1(C[NH2+][C@@H](C)c2cnc(C)nc2C)CCC1
",0.44068393
23499,"CS(=O)(=O)N(Cc1ccc(Br)cc1)c1ccccc1
",0.44068387
20652,"C[C@H](Cl)CCc1c[nH+]cn1C1CC1
",0.44068387
12610,"CCCS(=O)(=O)[C@H](C)C(=O)NC1CCC([NH+]2CCCCC2)CC1
",0.44068384
31021,"O=C([O-])c1cncc(OCCCc2ccccc2)n1
",0.44068384
20621,"CC(C)Cc1ccc(C[NH2+]CC2(N(C)C)CCOCC2)cc1
",0.44068384
12689,"Clc1cc(Cl)cc(SC[C@@H]2CCC[NH2+]2)c1
",0.44068384
31821,"CSC[C@@H]1CCC[NH+]1CCc1ccncc1
",0.44068384
11966,"O=[N+]([O-])c1cc2c(Cl)nccn2c1
",0.44068384
26045,"CC[C@@H]1CCCC[C@]1([NH3+])[C@@H]1CCOC2(CCC2)C1
",0.44068378
144,"CCN(CC(C)C)C(=O)[C@H]1CCO[C@@H]1C
",0.44068378
34879,"O[C@@H](c1cccc(F)c1)c1ccc(Br)c2ccccc12
",0.44068378
31783,"CCN(CC)C(=O)C[C@](C)(C(=O)[O-])c1ccccc1
",0.44068375
11106,"O=CNc1ccc(CCOC=O)cc1
",0.44068375
39820,"N=C1SCC=C1c1nc([C@@H]2CSCCO2)no1
",0.44068375
22344,"[NH3+][C@H](C(=O)[O-])c1cc2c(cc1Br)OCO2
",0.44068375
38769,"CNC(=O)CN(C)C(=O)c1occc1Br
",0.4406837
18368,"C[C@H]1C[C@H](C)C[NH+](CCC(=O)N(C)CCC#N)C1
",0.4406837
2592,"COC(=O)[C@]1(N2CC[NH2+]CC2)CSCCC1(C)C
",0.4406837
17734,"Cn1nccc1[C@@]1(O)CCCCC1(C)C
",0.4406837
6063,"C[C@@H]1C[C@@H](C)C[NH+](CCC(=O)N(C)CCC#N)C1
",0.4406837
3220,"N#C/C(=C\c1ccc(OC(F)F)cc1)C1[NH+]=c2ccccc2=[NH+]1
",0.4406836
21664,"O[C@@]1(Cc2cc(F)cc(Br)c2)CC[NH2+]C1
",0.4406836
5696,"Cc1noc(C)c1C[NH2+][C@@H]1CCO[C@@H](C(C)C)C1
",0.4406836
24742,"C[C@@H]1C[NH+](C[C@@H](C[NH3+])c2ccccc2)C[C@H]1C
",0.44068354
38016,"CC[NH2+][C@@H]1CCOC[C@@H]1SC[C@@H](C)CO
",0.44068354
29483,"[NH3+][C@H]1CC[C@@H](N(Cc2ccsc2)C2CC2)C1
",0.44068354
15515,"CC[C@@H]([NH3+])Cc1cc(C)c(OC/C(Cl)=C/Cl)c(C)c1
",0.4406835
6731,"CCC[C@@H]1C[C@@H]1NC(=O)N(C)[C@@H](C)CSC
",0.4406835
20079,"CC[C@@H]1C[NH+]2CCCC[C@@H]2CN1C[C@@H]1CC[NH+](C(C)C)C1
",0.4406835
13619,"CC[C@@H](C)NC(=O)[C@H](C)NCc1sc(C)nc1C
",0.4406835
25179,"O=S(=O)(NCC[C@H]1C[C@@H]2CC[C@H]1C2)N1CCOCC1
",0.4406835
14150,"COCC[NH2+]C[C@@H](O)Cc1ccc(O)cc1
",0.44068345
2111,"CCN(CC)C(=O)CCCNC(=O)N1CCC1
",0.44068342
9823,"Cc1ccc(Br)cc1[C@@H](O)Cc1ccncc1
",0.44068342
35024,"O=C(NCCCO)[C@H]1C[C@H]2CCCC[C@H]2[NH2+]1
",0.44068342
6680,"CCC[NH2+][C@H](Cc1nc(C)c(C)s1)CC(C)C
",0.44068342
3679,"CCC[NH2+][C@@H](CC)c1ccn(C[C@@H](C)O)c1
",0.44068342
29386,"CC(C)[NH2+]CC/C=C/Cc1ccccc1Cl
",0.44068336
29798,"O=C([O-])CCCc1csc2ccccc12
",0.44068336
29741,"CC[C@@H](O)CC[C@@]1(C)CCC(C)=C[C@@H]1C
",0.44068336
24519,"O=C1CS[C@H](c2cccs2)N1C1CC1
",0.44068334
4126,"Cc1ccc2nc([C@@H](C)[NH3+])[nH]c2c1
",0.44068334
1560,"C[C@H](CCO)SCCC(=O)NC1CC1
",0.44068334
21132,"C[C@@H]1SCCC[C@H]1[NH2+]CCCOC1CCCCC1
",0.44068334
10414,"COC[C@@H](O)c1cccc2cccnc12
",0.44068334
33485,"Cc1nc(N2C[C@@H](C)[C@H](C)C2)sc1C[NH3+]
",0.44068334
35564,"O=C(c1ccc([O-])nn1)N1CCCCC1
",0.44068334
26179,"CC[NH+](CC)CC[C@H]([NH3+])Cc1ccccc1Br
",0.44068334
22879,"CC(C)([C@H](N)c1ccccc1Cl)[NH+]1CCCCCC1
",0.44068328
11696,"CC[C@](C)(C(=O)[O-])[C@@H]1CCCCC[C@@H]1O
",0.44068328
9803,"CCOc1ccccc1C(=O)N(C)[C@@H](C)CC
",0.44068328
29688,"CCOCCC[NH2+][C@@H](C)c1cc(F)cc(F)c1
",0.44068328
33857,"Cc1cccc(C)c1C[NH2+]C[C@H](C)Cn1cc[nH+]c1C
",0.44068322
27008,"COC(=O)N[C@@H](C(=O)N[C@@H]1CC[C@H]([NH+](C)C)C1)C(C)C
",0.4406832
9106,"CCCOCCC(=O)N[C@H]1CC[NH2+]C[C@H]1C
",0.4406832
39402,"Nc1ccccc1CSc1cccc(F)c1
",0.4406832
39242,"CC(C)C[NH+]1CCC(NC(=O)N2CCS(=O)(=O)[C@H](C)[C@H]2C)CC1
",0.4406832
14862,"C[NH2+][C@@H](Cc1ccccc1)c1ccc(C)cc1F
",0.4406832
29877,"Cc1ccc(-c2cc[nH]c(=O)c2)cc1
",0.4406832
20072,"C[C@]1(C(F)(F)F)NC(=O)N(CC2(CS)CC2)C1=O
",0.44068313
18850,"C[NH2+]Cc1nnnn1-c1cc(OC)cc(OC)c1
",0.44068313
3318,"CCNC(=O)N1CC[C@@H](C(=O)[O-])[C@H]1C
",0.4406831
3608,"O=C(CO)N1CCN(C(=O)CC(c2ccccc2)c2ccccc2)CC1
",0.44068304
28445,"CN(C)C(=O)O[C@@H]1CCCC[C@H]1C[NH3+]
",0.44068304
33201,"CN(C)c1nc(CNc2c(F)cc(F)cc2F)ns1
",0.44068304
29724,"CCOc1cccc([C@H](C)[C@@H](C)O)c1
",0.44068304
34063,"CCC[C@H](C)[C@H](Br)[C@@H](C)c1ccccn1
",0.44068304
20545,"CN(C)c1ccc(N(C)S(=O)(=O)c2ccc(F)c(F)c2)cc1
",0.44068304
39481,"Cc1nc(C[C@@]2([NH3+])C[C@@H](C)CC(C)(C)C2)sc1C
",0.44068295
21634,"CC(C)[C@H](C#N)OC(=O)CCOC1CCOCC1
",0.44068295
11070,"C=C[C@H]1C[C@]1(C(=O)OCC)C(=O)OC(C)(C)C
",0.44068295
24699,"C[C@](O)(c1cc(F)cc(F)c1)c1ccc[nH+]c1N
",0.44068295
11825,"CCC1(CC)CC(=O)N(CC2(O)CCCCC2)C1=O
",0.44068295
32415,"C[C@H]1CN(C(=O)N[C@@H]2CCS(=O)(=O)C2)CCO1
",0.44068295
19678,"C[C@@H](CNC(=S)Nc1ccccc1)c1ccccc1
",0.44068295
25481,"CCC[C@H](O)CNS(=O)(=O)N1CCCCCC1
",0.44068286
15474,"CC[C@H](C)[NH2+]Cc1nc2c(C)cccc2s1
",0.44068286
5372,"C[C@H]([NH2+][C@H]1COc2ccccc21)c1ccccc1N(C)C
",0.44068286
11845,"C[C@H]1CCCN(C(=O)CN2CCC([NH3+])CC2)CC1
",0.44068286
28041,"CCC[C@@H](Cc1ccc2nccnc2n1)[NH2+]CC
",0.44068286
12652,"CC(C)(C)C(=O)N1CCC(NC(=O)COCC[NH3+])CC1
",0.4406828
38876,"C1=C[C@H]2N=C(SC[C@H]3C=[N+]4C=CC=C[C@@H]4N3)[C@H](SC[C@H]3C=[N+]4C=CC=C[C@@H]4N3)N[C@@H]2C=C1
",0.4406828
13592,"CCC[C@H](O)[C@H]1CCOC2(CCCC2)C1
",0.4406828
14980,"CC[S@](=O)[C@H]1CCCC[C@@H]1NC(=O)C[C@@H](C)C1CCCCC1
",0.44068277
7716,"CC(C)Oc1ccccc1NC(=O)[C@@H](C)c1cccs1
",0.44068277
7073,"CN(CC(C)(C)C[NH3+])C(=O)c1ccc(C(F)(F)F)cc1
",0.44068277
18318,"CC1(C)CCC[C@H](Sc2nnnn2C2CC2)[C@@H]1[NH3+]
",0.44068277
33546,"C[C@@H]1CN/C(=N\c2cc(F)ccc2F)S1
",0.44068277
18520,"CC[C@@](O)(Cc1nc(C)cs1)C(C)C
",0.44068277
21965,"CCc1noc([C@H](C)[NH+]2CCC(C)(C)C2)n1
",0.44068277
25533,"C[C@H]1CCC[C@@H](NC(=O)COCC(F)(F)F)C1
",0.44068277
22550,"CCOc1c(O)ccc(C)cc1=O
",0.44068277
20859,"[NH3+]Cc1ccc(-c2ccc(OCC(F)(F)F)cc2)cc1
",0.44068277
34776,"CCNC(=S)N/C(=N/O)c1ccccn1
",0.44068277
7817,"CN(CC(F)(F)C(F)F)[S@](=O)C12CC3CC(CC(C3)C1)C2
",0.4406827
37978,"CC(C)N(CC#N)C(=O)CC12CC3CC(CC(C3)C1)C2
",0.4406827
36588,"Nc1cnc([C@H]2CC[NH2+]C2)cn1
",0.4406827
22148,"[NH3+][C@@H](CCc1cccs1)[C@@H]1CSCCS1
",0.44068268
34060,"Nc1ccc(OC2COC2)nc1
",0.44068268
28160,"Cc1cc(C(=O)N(C)C(c2ccccc2)c2ccccc2)c(C)o1
",0.44068268
19305,"CCc1nnc(CS[C@@H](C)c2ccccc2)n1C
",0.44068268
20233,"CC(C)NS(=O)(=O)c1ccsc1CO
",0.44068268
25328,"CCOC(=O)CNC(=O)N(C)[C@H]1CCSC1
",0.44068268
12052,"C[C@@H](CC[NH3+])NC(=O)CC12CC3C[C@](C)(C1)C[C@@](C)(C3)C2
",0.44068268
27486,"C[NH+]1CCCC[C@H]1CNC1=[NH+]CCCC1
",0.44068262
30609,"CC[NH+]1CCC(C[NH2+][C@@H]2CCO[C@]3(CCOC3)C2)CC1
",0.44068262
32559,"Cc1ncccc1-c1nnc([S-])o1
",0.44068262
19663,"O=[S@@](CC(O)(c1ccccc1)c1ccccc1)c1ccc(Cl)cc1
",0.4406826
7421,"CCOc1ccccc1C(=O)NC1C(C)(C)C([NH3+])C1(C)C
",0.4406826
36462,"C[NH2+]Cc1ccc(Br)cc1SC[C@@H](O)CO
",0.4406826
31389,"CO[C@@H](CN1CC[NH2+]CC1)c1ccccc1
",0.4406826
11676,"CC1(C)OC[C@H]([C@H]2O[C@@H]3OC(C)(C)O[C@@H]3[C@H]2OS(C)(=O)=O)O1
",0.4406826
9928,"CCc1ccc([C@H](C[NH+]2C[C@@H](C)[C@H](C)C2)NC)cc1
",0.4406826
11888,"CC[C@H](C)[C@@H](C)[NH2+][C@@H](CCC#N)c1ccccc1
",0.4406826
7497,"CCCN(C(=O)N(CC)CC)[C@@]1(C[NH3+])CCC[C@H](C)C1
",0.4406826
28506,"CC[C@@H](C)[C@H](NC(=O)N[C@H]1CCS(=O)(=O)C1)C(=O)NC1CCCCCCC1
",0.44068253
20289,"CC(C)[C@@H](N[C@H]1CCC[C@H]([NH3+])C1)c1ccccc1
",0.4406825
22346,"CC1(C)CCC(C[NH+]2CC[C@@H](S(=O)(=O)NC3CC3)C2)CC1
",0.4406825
5750,"C[C@@H](C(=O)N(C)Cc1ccc(O)cc1)S(C)(=O)=O
",0.4406825
8518,"[NH3+][C@H](CO)c1ccc(Cl)c(C(=O)[O-])c1
",0.4406825
10499,"CCCC[C@@H](C)Nc1ncnc(OCC)c1N
",0.4406825
23918,"Cc1nn(C(C)(C)C)cc1[C@H](C)[NH2+]CC(C)(C)C[C@@H](C)O
",0.4406825
10576,"CN(C(=O)COCC1CC1)[C@H]1CCCC[C@@H]1S(C)(=O)=O
",0.4406825
33978,"C[NH2+]CC/C=C/c1cccc(F)c1F
",0.4406825
31301,"[NH3+][C@H]1CC[C@@H](OC[C@@H]2COc3ccccc32)C1
",0.4406825
16178,"Oc1ccc(/C=N/c2ccc(/N=C/c3ccc(O)cc3O)c(Cl)c2)c(O)c1
",0.4406825
28091,"CCC(CC)(CS)C[NH+](C)Cc1ccccn1
",0.44068244
11593,"CCCCC[NH+](C)C[C@@H](N)c1ccc(C)c(C)c1
",0.4406824
17333,"CCc1ccc(/C(C)=N\NC(=O)c2ccc(C)cc2)cc1
",0.4406824
15278,"CC(C)[C@H](C)[NH+](C)Cc1cccc(Cl)n1
",0.4406824
10673,"Cc1ccc([N+](=O)[O-])c(CCl)c1
",0.4406824
26378,"Cn1c(Cl)cnc1-c1ccccc1
",0.4406824
10537,"Cc1cscc1-c1nc(C2CCCC2)n[nH]1
",0.4406824
4690,"CCC1(CC)CCN(S(=O)(=O)CCCCl)C1
",0.4406824
14087,"O=C1CCCN1c1ccc(C(F)(F)F)cc1
",0.4406824
3727,"CC1(C)CCN(C(=O)NCCCCCC(=O)[O-])C1
",0.4406824
14366,"CCC1=C(C)/C(=C/c2cc(C)[nH]c2C)N=C1C
",0.4406824
5879,"CCC[NH2+][C@](C)(CO)CSc1ccncc1
",0.44068235
34221,"Cc1cc(C)cc(C[C@H]([NH3+])Cc2nc(C)c(C)s2)c1
",0.44068235
21178,"CC(C)[C@@H]1N=N[C@H](NC(=O)CSC2[NH+]=c3ccccc3=[NH+]2)S1
",0.4406823
2512,"N[C@@H](C1=NOCC1)c1ccccc1
",0.4406823
20593,"Cc1ccc(S(=O)(=O)NC2N=NN=N2)cc1
",0.4406823
16910,"CCCC(=O)OCc1c(OC)cccc1OC
",0.4406823
5434,"CC(C)(C)CCOC(=O)CC1([NH3+])CCC1
",0.4406823
18539,"Cc1cc(C)cc(O[P@](C)(=O)Nc2ccc(C)cc2C)c1
",0.44068226
3717,"C[C@@H](Cl)CN(C)C(=O)CSc1ccccc1
",0.44068226
13823,"CC(C)=C[C@H]([NH3+])Cc1ccccn1
",0.44068226
23320,"C[NH+]1CCN(C(=O)C[NH+](C)[C@H](CO)C(C)(C)C)CC1
",0.4406822
17377,"Cc1cc(C(=O)N2CCS(=O)(=O)CC2)c(C)o1
",0.4406822
31822,"Cc1ccoc1C[NH+](C)CC1CC[NH+](C)CC1
",0.4406822
34472,"COc1ccc(C(C)(C)C)cc1CC(=O)[O-]
",0.4406822
16980,"COCc1ccc(Sc2ncccn2)cc1
",0.44068217
23618,"CONC(=O)c1oc2c(C)ccc(C)c2c1C
",0.44068217
36582,"Cc1nc(N2CCCC2)nc2c1C(=O)CC(C)(C)C2
",0.44068217
12533,"COC(=O)c1ccc(OC(=O)c2cc(C)cc(C)c2)cc1
",0.4406821
25724,"CC(=O)c1ccc2c(c1)Cc1cc(C(C)=O)ccc1-2
",0.4406821
14615,"C[NH+](C)CC1CCN(C(=O)[C@@](C)(N)C(F)(F)F)CC1
",0.4406821
20330,"CC[NH+]1CCN(c2nc(C)cs2)CC1
",0.4406821
17576,"N#C[C@]1([C@H](O)c2ccccc2Br)CCOc2ccccc21
",0.4406821
5384,"O=C([C@@H](O)c1ccccc1)N(Cc1ccco1)Cc1ccco1
",0.4406821
2643,"CC(C)(C)Oc1ccc(C(N)=[NH2+])cn1
",0.4406821
2272,"CC[C@@H](C)N(CC)C(=O)c1n[nH]c(C(C)C)n1
",0.4406821
8022,"CCCC(=O)NC[C@H](C(C)C)N1CC[NH+](C)CC1
",0.44068208
260,"C[NH2+][C@H](COC)CSc1ccccc1Br
",0.44068202
28259,"Cc1ccccc1O[C@@H](C)CC[C@H](C)[NH+]1CCCCC1
",0.44068202
25400,"CC[NH+](CC(=O)NC1CCCCC1)C1CCCCC1
",0.44068202
7091,"CCCC(=O)Nc1c(C)cc(C)cc1[N+](=O)[O-]
",0.44068202
14194,"O=C(NOCc1ccccc1)Oc1ccccc1
",0.44068202
7958,"NC(=[NH2+])S[C@@H]1CCOC2(CCOCC2)C1
",0.440682
3361,"CO[C@@H](C)[C@@H]([NH3+])CCC[C@@H]1CCCO1
",0.44068193
32444,"CC(C)[C@H]([NH3+])C(=O)NCC1CCOCC1
",0.44068193
27216,"CC(=O)C/N=C1\N=C(N2CCOCC2)S1
",0.44068193
33931,"CCC1C[NH+](C[C@H]2CC[C@H](C(=O)[O-])O2)C1
",0.44068187
32172,"C[C@@H]1CN(C[C@H]2CCS(=O)(=O)C2)C(=O)NC1=O
",0.44068184
32239,"COC(=O)/C(CC(=O)C(C)(C)C)=N/NC(=O)c1ccncc1
",0.44068184
585,"CCC(=O)N1CCN(C(=O)N[C@H](C)CSC)CC1
",0.44068184
33813,"CC(C)(C)CNc1cccc(C(F)(F)F)c1
",0.44068184
15479,"O=C([O-])CSc1nc2ncccc2[nH]1
",0.44068184
21072,"CC[NH2+]C/C(C)=C/c1ccc(Cl)o1
",0.4406818
6546,"C[NH2+][C@H](C)c1ccn(CCC(C)(C)C)c1
",0.4406818
25296,"CS[C@H](C)C[NH2+]C[C@@H]1CCC[C@@H](C)C1
",0.4406818
523,"Cc1cnc2nc(CCCCCl)[nH]c2c1
",0.44068176
1351,"COc1ccc2c(c1)[C@](C)([NH3+])CCC2
",0.44068176
35505,"CC(=O)N(C(C)=O)c1ccccc1-c1ccccc1
",0.44068176
22524,"C[C@@](O)(CN1CCOCC1=O)C(=O)[O-]
",0.44068176
1046,"CC(C)C[C@@H]1COCCN1C(=O)NC1CC[NH+](CC(C)C)CC1
",0.4406817
12521,"CCN(CC)C(=O)[C@@H](C)N1CCN(S(N)(=O)=O)CC1
",0.4406817
7732,"COc1ccccc1C[NH2+]CCc1ccccc1C
",0.4406817
12280,"CCOc1ccc(C)cc1[C@@H](O)c1cscc1C
",0.4406817
3245,"CC[C@H](CCO)CNc1ncnc(Cl)c1C
",0.4406817
12693,"CC(C)(C)S(=O)(=O)N1CCCC[C@@H]1[C@@H]1CCCCC1=O
",0.44068167
4588,"CC1CCC([C@H]2OCCC[C@H]2C[NH2+]C(C)C)CC1
",0.44068167
19810,"CCOCCN(CC)C(=O)N[C@@H]1C[C@@](C)(OC)C1(C)C
",0.44068167
27231,"CC[NH2+][C@H](c1ccc(CC)o1)c1sccc1CC
",0.44068167
26906,"COc1ccc(Br)cc1/C=C/C=O
",0.44068167
16858,"CC[NH+]1CCC(N(C)Cc2ncccc2C)CC1
",0.4406816
7504,"CSCC(=O)[C@@H]1CCO[C@@]2(CCOC2)C1
",0.4406816
355,"Nc1cccc(C(=O)N2CCCC2)c1
",0.44068158
23418,"C[C@H](CNC(=O)[C@@H]1CCCC[C@@H]1C(=O)[O-])NC(=O)[C@@H]1CCCC[C@@H]1C(=O)[O-]
",0.44068158
39335,"CC#CC[C@H]([NH2+]CCC)[C@@H]1CSCCO1
",0.44068158
10362,"CCC[NH+](CC)[C@H]1CCC[C@@](CO)([NH2+]CC)C1
",0.44068158
26860,"C[C@@H](Br)Cn1c(Br)nc2c1c(=O)n(C)c(=O)n2C
",0.44068158
13833,"O=C(Nc1ccccc1)Nc1ccccc1F
",0.44068158
13045,"CN(C[C@@H]1CCCCO1)C(=O)OCCO
",0.44068152
11216,"CCCC1CCC(O)([C@H]2CCOC3(CCSCC3)C2)CC1
",0.44068152
39025,"Cc1noc(C)c1[C@@H](C)[NH2+][C@@H]1CCO[C@H](C(C)C)C1
",0.44068152
13301,"C[C@H]1C[C@H](C)C[NH+](CC[C@@H]2CCC[C@]2([NH3+])CO)C1
",0.44068146
4303,"CCc1ccc(OC/C=C/CS)c([N+](=O)[O-])c1
",0.44068146
6636,"Cn1cc(C(=O)OCC(F)(F)F)c(C(C)(C)C)n1
",0.44068146
34993,"CC[C@H]1CCCC[C@@H]1OC(=O)CC1([NH3+])CCC1
",0.44068146
38338,"Nc1ccccc1N1CC(C(=O)[O-])C1
",0.44068146
15048,"C[C@H]1CCC[C@@H]([NH+]2CCC(NC3CCN(S(=O)(=O)C4CC4)CC3)CC2)C1
",0.44068146
27550,"CC[NH+](CC)[C@@H]1CCN(C(=O)N[C@@H]2CCS(=O)(=O)C2)C1
",0.44068146
1393,"CCCCC(=O)OCc1ccco1
",0.44068146
12566,"C[C@@H](CSC(C)(C)C)[NH2+]Cc1nncn1C1CC1
",0.44068137
10699,"O=[N+]([O-])c1cccc2c[nH+]c([O-])cc12
",0.44068137
14734,"C[NH2+][C@@H](c1ccc(SC)cc1)c1ccc(OC)cc1C
",0.44068137
23671,"C[C@@H]1CN(c2cnc(C[NH3+])cn2)C[C@@H]1C
",0.44068137
36710,"CC[C@@H]([NH3+])[C@H](c1cc(Br)cs1)N(C)CCS(C)(=O)=O
",0.44068137
38483,"Cc1cc(C)cc(CSC[C@@H](C)CCl)c1
",0.44068137
311,"CC[C@H]([NH2+][C@H]1CCCCC1(C)C)C(N)=O
",0.44068134
30784,"CCS[C@H]1CCCCN(CC[NH+]2CCCCC2)C1
",0.44068134
4033,"O=C(CN1CCC[C@H]([NH+]2CCCC2)C1)NNC(=O)C1CC1
",0.44068134
39207,"C[C@@H]1CC(C(=O)NC2CC[NH+](CCS(C)(=O)=O)CC2)C[C@@H](C)O1
",0.44068128
11476,"CCOC(=O)C(=[N+]=[N-])c1ccc(Br)cc1
",0.44068128
26584,"C(=[NH+]\C1=NN(c2ccccc2)CC1)\N1CCCCC1
",0.44068128
27613,"CC(C)[NH2+][C@]1(C(N)=O)CCCS[C@@H]1C
",0.44068128
35094,"CNC(=O)CCC[NH+](C)Cc1cc(F)cc(F)c1
",0.44068128
16009,"COC(=O)C(C)(C)[C@H]1CCC[NH+](CC(N)=O)C1
",0.44068128
35026,"Oc1ccc(C[NH+]2C[C@H]3CC[C@@H]2C3)c(O)c1
",0.44068128
6023,"CC(C)(C)[NH2+]C[C@@H](O)c1ccc(O)c(O)c1
",0.44068125
21552,"C[C@@]12CC3CC(c4nc(C=O)c[nH]4)(C1)C[C@](C)(C3)C2
",0.44068125
584,"CCCN[C@@]1(C#N)CC[C@H](SC2CCCCC2)C1
",0.44068125
37059,"NNC(=O)CCC(=O)N/N=C/c1ccc(Br)o1
",0.44068125
17342,"CCC[NH+](C1CC1)[C@@H]1CC[C@]([NH2+]C2CC2)(C(=O)[O-])C1
",0.44068116
19864,"CCC(=O)Nc1ccc(I)cc1C(=O)[O-]
",0.44068116
7941,"C[C@@H](O)c1cc(F)ccc1OCc1ccc(F)cc1
",0.44068116
9132,"[NH3+][C@@H](Cc1cccc(O)c1)[C@H]1CSCCS1
",0.4406811
11644,"CC(C)C[NH+]1CC[C@H](C/[NH+]=C(\N)NC2CCCCCC2)C1
",0.4406811
491,"CC(C)[C@@H](C#N)OC(=O)CCNC(=O)NC12CC3CC(CC(C3)C1)C2
",0.4406811
5430,"C[NH2+][C@H]1c2ccc(Cl)c(Cl)c2C[C@H]1C
",0.4406811
3707,"C[C@@]1([C@H]([NH3+])c2ccc3c(c2)OCCO3)CCCO1
",0.4406811
8419,"O[C@@H](C[NH+]1CCSCC1)c1c(F)cccc1F
",0.4406811
20584,"CCCC(=O)Oc1ccccc1C(=O)OC
",0.44068104
38472,"CCCN(CC(C)(C)C[NH3+])[C@H](C)c1cnccn1
",0.44068104
32798,"COCCOc1cc(N)ccc1OC
",0.44068104
38546,"N#Cc1c(N)nc([S-])nc1-c1ccco1
",0.440681
35776,"CC1CCC(CCNC2=[NH+]CCC2)CC1
",0.440681
35461,"CN(Cc1[nH+]ccn1C)[C@@H]1CCC(C)(C)[C@H]1[NH3+]
",0.440681
26193,"c1csc(N[C@@H]2CCCC[C@@H]2C2CCCCC2)n1
",0.440681
11406,"Cc1cc([C@H]([NH3+])C(=O)[O-])ccc1F
",0.440681
502,"OCc1cn(-c2ccc3c(c2)OCCO3)nn1
",0.44068095
27393,"CC[NH2+][C@@H]1CCC[C@@H](N(C)CCC(F)(F)F)C1
",0.44068095
37062,"O=C(Nc1cccnc1)C(=O)N1CCCCCCC1
",0.44068095
29243,"CC(C)C[C@]1(Cc2ccc(Br)cc2)CCC[NH2+]1
",0.44068095
30730,"CC[C@H](C)C[NH+](C)[C@@H](C)c1ccc(C(=O)[O-])o1
",0.44068092
39522,"N#C/C(=C\C=C\c1ccccc1)S(=O)(=O)c1ccc(Br)cc1
",0.44068092
12062,"CNC(=O)NC(=O)[C@H](C)Oc1ccc(S(C)(=O)=O)cc1
",0.44068092
9889,"C#CCN1CCN(S(=O)(=O)CCC2CC2)CC1
",0.44068092
12191,"O=C(CC[NH+]1CCCC1)N1CCN(c2ncccn2)CC1
",0.44068092
18967,"CC(C)OCc1noc(C2CCCCCC2)n1
",0.44068092
7474,"Cc1c(-c2ccn[nH]2)cnc2ncnn12
",0.44068092
7320,"COc1ccc([C@H](C)NC(=O)[C@H](C)OC)c(OC)c1
",0.44068092
32235,"CC1(C)C[C@H]([NH2+]Cc2ccc(F)cc2)C(C)(C)O1
",0.44068092
18566,"Cc1ccc([C@H](CCC(F)(F)F)C(=O)[O-])cc1
",0.44068092
1418,"CCOC(=O)C1CCC([NH+](C)[C@H]2CCCC[C@@H]2S(C)(=O)=O)CC1
",0.44068086
10567,"Cc1cscc1C[NH2+][C@H]1CCC[C@@H](C)C1
",0.44068083
39619,"Cc1nc(C)c(C(=O)N2CCCCCCC2)s1
",0.44068083
24428,"CC[NH2+][C@H](CC)CN1C[C@H](CC)CC1=O
",0.44068083
13149,"CC(C)[C@@H]1CC[C@H](C)C[C@H]1OCC(C)(C)C(=O)NN
",0.44068083
12847,"CCOc1ccc([C@@H]([NH3+])Cc2ccccc2)c(Br)c1
",0.44068083
7794,"CC1(C)C[NH+](C[C@H]2CCCN(S(C)(=O)=O)C2)C1(C)C
",0.44068083
8525,"CC(C)CCSc1nnc(C2CC[NH2+]CC2)o1
",0.44068083
14135,"CC(C)c1ocnc1CSC(C)(C)C
",0.44068083
8328,"C[C@@]1(CO)CCC[NH+](Cc2ccsc2)C1
",0.44068083
39363,"CC1(CNC(=O)c2c(F)c(F)c(F)c(F)c2F)COC1
",0.44068083
1667,"O=C([O-])c1ncccc1-c1cc(Cl)cc(Cl)c1
",0.44068083
34983,"O=C([O-])CC1C[C@@H]2CC[C@H](C1)[NH+]2CCc1ccncc1
",0.44068083
16970,"CCOc1ccc(Nc2ncnc(N)c2N)cc1
",0.44068062
35196,"CC(C)(C)NC(=S)N/N=C/c1cccnc1
",0.44068062
7343,"O=C(CN[C@H](C1CCCC1)C(F)(F)F)N1CCCC1
",0.44068062
38372,"O=C([O-])c1cn(C[C@@H]2CCS(=O)(=O)C2)c(=O)[nH]c1=O
",0.44068062
9395,"C[C@H]1CN(C(=O)NC2CCC(C(=O)OC(C)(C)C)CC2)C[C@@H]1C
",0.4406806
19326,"CCc1[nH]nc(-n2cccc2)c1C(=O)[O-]
",0.4406806
11433,"O=C(NNCCO)Nc1ccccc1
",0.4406806
37980,"COc1ccc(C(=O)OCC[NH+](C)C)cc1
",0.44068053
23314,"CC[C@H](C(N)=[NH2+])N1CC[NH+]2CCCC[C@@H]2C1
",0.44068053
13484,"CCC(C=O)(CC)CN1CC[NH+]2CCCC[C@@H]2C1
",0.4406805
16293,"CC[C@H]1CCC[C@@]([NH3+])(c2cscc2Br)CC1
",0.4406805
16234,"Cc1ccccc1NC(=S)Nc1ccc(-c2ccccc2)cc1
",0.44068044
38683,"CCC[C@H]1C[NH2+]C(C)(C)CN1Cc1nc(C)c(C)s1
",0.44068044
34052,"CCN(CC(C)C)S(=O)(=O)c1ccccc1N
",0.44068044
1068,"CC(C)[NH2+][C@]1(CO)CCC[C@@H]1CCSC(C)C
",0.44068044
31759,"CC(C)C[NH+](CC(N)=O)C1C[C@H](C)O[C@@H](C)C1
",0.44068044
10931,"CCc1ccc(CN(C)C(=O)[C@H](NC(C)=O)C(C)C)cc1
",0.4406804
19943,"COc1ccc(CC(=O)CC#N)cc1
",0.4406804
4200,"O=[S@](C[C@H]1CCCC[NH2+]1)c1ccccn1
",0.44068035
7417,"[NH3+][C@@H]1CCCO[C@H]1c1ccc(Cl)cc1
",0.44068035
36668,"CCC(CC)N(CCO)C(=O)c1nc(C)n[nH]1
",0.44068035
33215,"CCN[C@H](Cc1ccc(C(F)(F)F)cc1)C(C)(C)[NH+](C)C
",0.44068027
295,"CC[C@@](C)([C@H](O)[C@@H]1CC[C@H](C)[C@H](C)C1)[NH+](C)C
",0.44068027
5348,"C=CCCC[C@@H]([NH2+]C)[C@H]1CN2CCC[C@@H]2CO1
",0.4406802
9012,"[NH3+]CC(=O)NCC(=O)N1CCC(CC(=O)[O-])CC1
",0.44068018
3444,"CC(C)N1C(N)=[NH+]C[C@]1(C)c1ccc(N(C)C)cc1
",0.44068018
31586,"Cc1cccc(C)c1C(=O)N(C)c1ccc(S(C)(=O)=O)cc1
",0.44068018
22153,"CCN(CC(=O)N(C)C)C(=O)[C@@H]1CC[C@@H]2CCCC[C@@H]2[NH2+]1
",0.44068018
18611,"CCCN(C)C(=O)NC1CCC(C(=O)OC(C)(C)C)CC1
",0.44068012
16230,"COC(=O)[C@H](C)Nc1ccc(C(N)=O)nn1
",0.44068012
38706,"CCS(=O)(=O)CCC[C@@H](CBr)c1ccc(F)cc1
",0.4406801
5832,"CC(C)N/C([O-])=C(\C#N)C(=O)c1ccc(C(C)(C)C)cc1
",0.4406801
11467,"CC[NH2+][C@H](c1ccco1)C(C)(C)[NH+]1CCCC1
",0.4406801
18502,"CCS(=O)(=O)C[C@H](C)[NH2+][C@@H](C)Cc1ccc(F)cc1
",0.4406801
30208,"C[C@@H]([NH2+][C@@H]1CCS(=O)(=O)C1)c1ccccc1[N+](=O)[O-]
",0.4406801
34641,"CCc1ccc(C[C@H]2CCCC[C@@H]2Br)nc1
",0.44068003
3887,"CC(C)(C)OC(=O)N1CC[C@H]2[C@@H](O)CCC[C@@H]21
",0.44068
28047,"CCn1c(C)cc(CNCC[NH3+])c1C
",0.44068
4711,"CC[C@@H]([NH2+][C@H](C)c1ccc(SC)cc1)c1c(C)noc1C
",0.44068
20327,"CNC(=O)C1(c2ccc(Cl)cc2)CCC1
",0.44068
9313,"C[C@H]1C[C@@H](C)C[NH+]([C@@H]2CCC[C@](N)(C(N)=O)C2)C1
",0.44068
10431,"O=C(CSc1ccccc1C(=O)[O-])c1ccc(Cl)cc1
",0.44067994
4817,"C[C@H](OC(=O)[C@@H]1CCC[C@@H](C)C1)[C@@H]1CCCO1
",0.4406799
15476,"C[C@@H](NC(=O)OC(C)(C)C)C(=O)NCCCl
",0.4406799
39089,"CC[NH2+][C@@H](c1ccc2c(c1)OCCO2)[C@@H](C)OC
",0.4406799
425,"CCOC[C@@H]1CCC[NH+](CC(=O)N2CCCC2)C1
",0.4406799
37024,"C[C@H]1C[C@@H]([NH+](CC(=O)[O-])CC(F)(F)F)CC[C@H]1C
",0.4406799
35710,"ClCc1nccc(-c2ccccc2)n1
",0.44067985
12394,"CCCn1cncc1[C@@H](O)COC
",0.44067982
39391,"O=C(NCCc1ccncc1)C(F)(F)F
",0.44067982
30071,"CC[NH2+][C@H]1CCCC[C@H]1CCSc1ccccc1
",0.44067982
13671,"CC[C@@H](C[NH3+])[C@]1(O)CCC[C@H](C(C)C)CC1
",0.44067982
12237,"CN(CC(C)(CO)CO)c1[nH+]c2ccccc2n1C
",0.44067976
27442,"Cc1ccccc1Oc1cc(Br)ccc1C[NH3+]
",0.44067976
1872,"Cc1ccc(C)c(CSc2ccc(Cl)nn2)c1
",0.4406797
34342,"C[C@@H]([NH2+]C1CCCC1)c1ccsc1
",0.44067967
35490,"CCC(CC)[C@H]1C(=N)NC(=O)N1CC(C)C
",0.4406796
20320,"C=CCNS(=O)(=O)c1cccnc1Cl
",0.4406796
20229,"CNC(=O)C[NH+](C)Cc1cc(Cl)cc(Cl)c1
",0.4406796
1349,"CC[C@H](C)CS(=O)(=O)c1cccc(Br)c1
",0.4406796
33004,"CCc1nc(C[NH2+]C(C)(C)c2nc(C)c(C)s2)no1
",0.4406796
2519,"NS(=O)(=O)N1CCN(c2nccs2)CC1
",0.4406796
27609,"Cc1noc(C)c1CS(=O)(=O)CC1CCCC1
",0.4406796
12637,"CC1(C)CCC([C@@H]([NH3+])c2cscc2Br)CC1
",0.44067952
35649,"C[C@@H](Cc1ccc(F)cc1)NCc1cc(F)cc(Br)c1
",0.44067952
30381,"Cc1ccc(F)c([C@]2(O)C[C@@H]2C)c1
",0.44067952
29657,"Cc1cc(C)nc([S@](=O)[C@H]2CCC[NH2+]C2)n1
",0.44067952
34164,"COC(=O)c1ccc(CNCC(F)(F)F)[nH]1
",0.44067952
16384,"Cc1c([C@@H]([NH3+])c2ncon2)cnn1C
",0.44067952
23588,"COc1cc(C=O)c(F)cc1Cl
",0.44067952
15031,"NC(=O)NCCc1cccnc1
",0.4406795
4306,"CN1C(=O)/C(=C\Cl)c2ccccc21
",0.4406795
22925,"Cc1ccc([C@@]2(C[NH2+]C3CC3)CC[C@@H]2C)cc1
",0.4406795
22873,"O=C(C(c1ccccc1)c1ccccc1)N1CCCSCC1
",0.4406795
26108,"COC(=O)Cc1ccc(OCC#CCl)cc1
",0.44067943
37385,"C[C@@H]1CC[C@H]([NH+]2CCC(N(CC(F)(F)F)S(C)(=O)=O)CC2)C1
",0.4406794
16678,"C/C=C(/C)C(=O)NCCNC(=O)CC1CCCCC1
",0.44067934
28156,"CCN(CC)c1ccc(NC(=O)[C@@](C)([NH3+])CC)cc1
",0.44067934
11857,"CCn1ncnc1C[NH2+][C@@H](C)CCCCl
",0.44067934
12196,"CC(C)c1nc([C@@H](C)N[C@@H](C)c2ccc(S(C)(=O)=O)cc2)cs1
",0.44067934
12253,"C[C@@H]1CC[C@@](C#N)([C@]2(O)CCC[NH+](C)CC2)C1
",0.44067934
22049,"CNC(=O)[C@H](C)CN(C)C(=O)[C@H]([NH2+]C1CCOCC1)C(C)C
",0.44067934
28249,"CC[C@@H]([NH3+])CS[C@H]1CCOC2(CCOCC2)C1
",0.44067928
6077,"Cc1ccc([C@H](C)[NH2+][C@@H](C)c2ccc(F)cn2)cc1F
",0.44067925
24435,"CSCCCNC(=O)N[C@H]1CCC[C@H]1C
",0.44067925
12455,"O=Cc1ccccc1OCc1cccc(O)c1
",0.44067925
11064,"C[C@@H](c1nc(C2CCCC2)no1)[NH+]1CCSCC1
",0.44067925
33237,"CCC[NH+](CCO)CC1=CC[C@@H]2C[C@H]1C2(C)C
",0.4406792
30430,"C[NH2+][C@@H](C)c1ccn(CCS(C)(=O)=O)c1
",0.44067916
28660,"CSC[C@@H](C)[NH2+]Cc1cccc2c1OCO2
",0.44067916
12128,"O=C(C1CCCC1)N1CCC(c2nnc(C3CC3)o2)CC1
",0.44067916
82,"CCCC(CCC)S(=O)(=O)Cc1nnc(C)n1C
",0.44067916
4273,"CCN(C)C(=O)N1C[C@@H](C)[NH2+]C[C@H]1C
",0.44067916
19308,"CC[C@H](C)C(=O)NC[C@@H](C)c1ccc(F)cc1
",0.4406791
12127,"CN(C)C(=O)CNc1ncncc1N
",0.4406791
31857,"CC1(C)CCC[C@H]([NH2+]CCCC(=O)NC2CC2)C1
",0.44067907
11503,"O[C@@H](C[NH+]1CCC[C@H]([NH+]2CCCC2)C1)c1ccccc1
",0.44067907
14877,"C[C@H]1[NH2+]CC[C@H]1C(=O)N1CCC(NS(C)(=O)=O)CC1
",0.44067907
38461,"C[C@@H](CO)CSCCC[C@@](C)(N)C#N
",0.44067907
17666,"Cc1cc(S(=O)(=O)N[C@H](CO)C(C)C)ccc1Br
",0.44067907
3685,"CON(C)CCCSCc1ccccc1
",0.44067907
917,"C[NH2+][C@@]1(C(=O)[O-])CCC[C@H]1CCOC
",0.44067907
34766,"Cc1cccc([C@H]2CCC[NH2+]2)c1
",0.440679
14154,"O=C([C@@H](c1ccccc1F)C1CC1)[C@@H](c1ccccc1F)C1CC1
",0.440679
38448,"O=C(NCCO)c1ccc(C(=O)C(=O)c2ccccc2)cc1
",0.44067898
34261,"C[C@@H]1CCC[C@@H](CC[NH2+][C@@H]2CCOC3(CCC3)C2)C1
",0.44067898
37017,"CCOC(=O)C1=C(C)NC(=O)C[C@@H]1C
",0.44067898
8718,"C=C(C)COc1ccccc1C[NH2+]C(C)C
",0.44067898
26820,"C=CCNC(=S)NNC(=O)c1cc(F)cc(F)c1
",0.44067892
33213,"Cc1noc(C)c1[C@H](C)[NH2+][C@@H](C)CC(=O)[O-]
",0.44067892
23311,"OCC1(CN2CC[NH+]3CCCC[C@@H]3C2)CCCCCC1
",0.44067892
14802,"C[C@@H](c1ccccn1)N(C)c1cccc[nH+]1
",0.44067886
11076,"COCCCC(=O)N1CCC[C@]1(C)C(=O)[O-]
",0.44067886
16781,"CCC[C@@H](C[NH3+])[C@H](O)c1cc(F)ccc1F
",0.44067886
23379,"CC(C)CCOc1c(Cl)cc(Cl)cc1C=O
",0.44067886
16172,"Cc1ccc(C)n1Nc1snc2ccccc12
",0.44067883
5028,"O=C([O-])COC[C@@H]1CCCN1C(F)(F)F
",0.44067883
31231,"O=[N+]([O-])c1cccc(/C=N/[C@H]2N=NC=[NH+]2)c1[O-]
",0.44067883
32504,"Cc1c(O[C@@H](C)[C@H](C)O)cccc1[N+](=O)[O-]
",0.44067883
29075,"O=C([C@H]1CCCO1)N1CCOC2(CCCC2)C1
",0.44067878
4111,"O[C@@](CNCc1ccc(Cl)cc1)(c1ccccc1)c1ccc(Cl)cc1
",0.44067878
14951,"C#CCN(CC#C)C(=O)Cc1ccc(OCC)cc1
",0.44067878
1832,"CCCOCC(=O)N[C@@H]1CCCC[C@@H]1OC1CCCC1
",0.44067875
29916,"O=C=N[C@@H]1CCCN(C(=O)C(F)(F)F)C1
",0.4406787
24001,"CCC[NH2+]C[C@@H](C)Oc1ccc(C(C)C)cc1
",0.4406787
29324,"Clc1ccccc1OC1CC[NH+](C2CCSCC2)CC1
",0.4406787
25433,"N#CC(C#N)=Cc1ccc(OC(=O)c2ccc(Cl)cc2)cc1
",0.4406787
35955,"CCC(CC)(C(=O)c1ccco1)[NH+]1CCCC1
",0.4406787
36885,"CC(C)[NH+]1C[C@H](C)[C@@H](NC2CC[NH+](CC(N)=O)CC2)C1
",0.44067866
15622,"COC(=O)CCN(C)C(=O)Cn1cnnn1
",0.44067866
30224,"C[C@H](CNc1ccc(C(N)=O)cc1)C(N)=O
",0.4406786
12793,"O=C([O-])CCSC1=NC=NC2=NC=N[C@H]21
",0.4406786
20558,"Cc1ccc(S[C@H](CC(=O)c2ccc(C)cc2)C(=O)[O-])cc1
",0.4406786
38231,"O=C([O-])[C@H]1C[C@@H]1C(=O)Nc1ccc(I)cc1
",0.4406786
18091,"CCC(=O)Nc1ccccc1S(C)(=O)=O
",0.4406786
11057,"CSC[C@H](C)N(C)c1ccc(I)c(C)[nH+]1
",0.44067857
22483,"Cc1c(NC(=O)[C@@H]2CCS(=O)(=O)C2)sc2c1CCCC2
",0.4406785
20857,"CCOc1ccccc1O[C@H]1CCC(C)(C)[C@H]1[NH2+]C
",0.4406785
17289,"CC[NH+](CC(=O)NC)C[C@H]1CCCO1
",0.4406785
34197,"Cc1ccc(C(=O)[C@H](C)[NH+](C)CC(C)(C)O)cc1
",0.4406785
19061,"C[C@H]1C[C@@H](C)C[NH+]([C@@H](C[NH3+])c2ccc(N(C)C)cc2)C1
",0.4406785
10342,"[NH3+][C@@]1(C(=O)[O-])CCC[C@H]([NH+]2CCN3CCC[C@@H]3C2)C1
",0.4406785
1102,"C[C@H](NC(=O)c1ccc(C(C)(C)C)cc1)C(=O)N[C@@H](C(=O)[O-])[C@H](C)O
",0.44067845
8631,"CC[C@@H](C)CS(=O)(=O)Cc1ccc(Cl)s1
",0.44067845
27956,"CCC[C@@]1(c2nnc3ccncn23)CC[NH2+]C1
",0.44067845
21691,"CC(=O)O[C@H]1CC[C@@H]2[C@@H]3C[C@H](O)[C@@H]4C[C@H](O)CC[C@]4(C)[C@@H]3CC[C@]12C
",0.44067842
31521,"C=CCNC(=O)[C@@H](C)Oc1ccc(C=O)nc1
",0.44067842
1160,"C[C@H](N[C@@H]1CCC[NH2+]C1)c1cnccn1
",0.44067842
37330,"C[NH+](CC1CCOCC1)C[C@@H]1C[C@@H]1c1ccccc1
",0.44067842
33056,"N#CC1=C(N)SC(N)=C(C#N)C1c1ccc(Cl)c(Cl)c1
",0.44067836
33405,"CC(C)(C)c1csc(C[C@H](O)c2cc(F)cc(F)c2)n1
",0.44067833
7932,"C[C@H](c1ccccn1)[C@H](Br)c1ccccc1F
",0.44067833
29263,"CCC[NH2+]CCC[C@H]1CCOC2(CCCC2)C1
",0.44067833
35492,"Cc1cscc1C[NH2+][C@@H]1CCC[C@H]1O
",0.44067833
2887,"CN(C)C(=O)c1cc(C[NH3+])cs1
",0.44067827
10936,"C[NH+](C)CCNCc1cc(Cl)cs1
",0.44067827
39880,"N#Cc1ccncc1NC[C@H](O)c1ccncc1
",0.44067824
13609,"C[NH+](Cc1cc2c(cc1O)OCO2)CC(C)(C)O
",0.44067824
30335,"C[NH+]1CCN(S(=O)(=O)c2ccc(Cl)cc2)CC1
",0.44067824
36919,"COC(=O)Oc1cncc(C(=O)[O-])c1
",0.44067818
24865,"C[NH+](CCN)Cc1ccc2ccccc2n1
",0.44067815
3158,"CCC1CCC(NC(=O)NC2CCC3(CC2)OCCO3)CC1
",0.44067815
38982,"N#CCN1CCC(C(=O)N2CCC(C(N)=O)CC2)CC1
",0.44067815
13481,"CCCCC[NH+](C[C@@H]1CSc2ccccc21)C(C)C
",0.44067815
19593,"O=C1NC(=O)[C@@H](Cc2ccc(O)c(O)c2)N1
",0.4406781
36314,"N#Cc1ccnc(SC[C@H]2CCC[NH2+]C2)c1
",0.4406781
19541,"COc1ccc(N(C)C(=O)CCCO)cc1
",0.4406781
37211,"Cc1noc(C)c1[C@@H](C)NC(=O)C[C@H](C)C(C)C
",0.4406781
17183,"Cc1oc(C)c(S(=O)(=O)[N-]n2c(C)ccc2C)c1C(=O)[O-]
",0.44067803
11778,"CC[C@H](CSC)N(C)Cn1nc(SC)sc1=S
",0.44067803
31363,"COc1ccc([C@@H]([NH3+])c2cscc2C)cc1C
",0.44067803
8650,"COC[C@H](C)CNC1=[NH+][C@@H](C(C)C)CS1
",0.44067803
10578,"COc1ccc(NC(=S)NC(C)=O)cc1
",0.44067803
18058,"Fc1cccc2c1CC[NH+]1CC[NH2+]C[C@H]21
",0.44067803
2308,"C[NH2+]CC[C@H]1CCCC[NH+]1[C@@H]1CCOC2(CCOCC2)C1
",0.44067803
33347,"Cc1nn([C@H]2CSCC(C)(C)C2)c(N)c1Br
",0.44067803
32976,"C[NH+](C)[C@H]1CC[C@H](NC(=O)N2CCC[C@@H]2CC(C)(C)C)C1
",0.44067803
22390,"O=C(NN=C(Cc1ccccc1)Cc1ccccc1)c1ccccc1F
",0.44067803
15071,"C[C@H]1CC(C(=O)N(CC(=O)N(C)C)CC(F)(F)F)C[C@H](C)O1
",0.440678
3912,"CC(C)c1ccc(OCc2nnc(S)n2C)cc1
",0.440678
12040,"CCC(CC)CN(CC)C(=O)c1cccc(I)c1
",0.440678
30320,"Cc1ccc(F)cc1[C@@]1(O)CCCC1(C)C
",0.440678
16792,"CCCCNS(=O)(=O)c1ccc(Br)s1
",0.44067794
924,"C=CCCC[C@H](C)[NH+]1CCN(C(=O)N2CCOCC2)CC1
",0.44067794
9197,"CC[NH2+][C@@H](Cc1cc(F)ccc1F)[C@H](C)OC
",0.44067794
9665,"[NH3+]C[C@@H](Cc1ccsc1)c1ccccc1Cl
",0.44067794
4316,"C[NH2+][C@H](Cc1ncnn1C)[C@H]1C[NH+]2CCN1CC2
",0.44067794
27269,"CC(C)Oc1ccc([C@]2(O)CS[C@@H](C)C2)cc1
",0.44067794
4455,"C[NH2+]Cc1csc(-c2ccc(Cl)s2)c1
",0.4406779
8771,"CCC[C@H](C)C(=O)N(C)Cc1ncnn1C
",0.4406779
26423,"COc1ccc([C@H]([NH3+])c2cc(C)ccc2C)cc1C
",0.4406779
34610,"O=C([O-])c1ccc(N[C@H]2OC[C@@H](O)[C@@H](O)[C@H]2O)cc1
",0.44067785
38179,"CC[NH2+][C@@H](C=C(C)C)c1ccccc1OC
",0.44067785
19363,"C[C@H]1CC[C@@H](C)N1C(=O)NC1CCC(C(=O)OC(C)(C)C)CC1
",0.44067785
25606,"C[C@H]1C[C@H](C)CN(S(=O)(=O)N(C)CC(C)(C)O)C1
",0.44067785
24594,"[NH3+][C@H]1CCCN(C(=O)N[C@@H]2CCCCC[C@@H]2C(=O)[O-])C1
",0.44067782
3826,"C=CCNC(=O)CCNC(=O)c1ccccc1
",0.44067782
30995,"COc1ccc([C@](C)(O)COC(C)C)cc1
",0.44067776
33552,"c1nc2c(c(N[C@@H]3C[C@H]4CC[C@@H]3C4)n1)CCCC2
",0.44067776
4917,"CCCN[C@]1(C#N)CCC[C@H]([NH+]2CCC(OCC)CC2)C1
",0.44067776
1020,"C=CCSc1ccccc1N[C@@H]1CC[C@@H]([NH3+])C1
",0.44067776
9111,"CC(C)CN(CC[NH+](C)C)C(=O)[C@@H]1CCO[C@@H]1C
",0.44067776
20860,"CCOc1ccc(Oc2ccc(C[NH2+]C)cc2F)cc1
",0.44067767
16198,"COC[C@@H](O)CC[NH2+][C@@H](C)c1ccc(I)cc1
",0.4406776
26002,"CCCN[C@@H](c1cnccn1)[C@](C)(CC)[NH+](C)C
",0.4406776
5492,"CCOC[C@@H](O)C[C@@]1(C(=O)[O-])CC[C@H](C)C1
",0.4406776
38410,"CCOC(=O)[C@@H]1C(=O)CO[C@H]1C
",0.4406776
10526,"COC(=O)CCCOc1c(F)cc(C=O)cc1F
",0.44067758
5,"CCC(CC)([C@@H](O)c1ccc(OC)cc1OC)[NH+](C)C
",0.44067758
36814,"CC[C@@H]([NH3+])Cc1cc(F)c(OCCC(C)(C)C#N)c(F)c1
",0.44067758
31230,"Cc1ccc(N)cc1SCc1ncnn1C(C)C
",0.44067758
35437,"CCC1(CC)CC[NH+](C[C@@H](N)Cc2ccccc2)C1
",0.44067758
34089,"O=[N+]([O-])c1ccc(S(=O)(=O)C[C@H](Br)c2ccccc2)cc1
",0.44067758
35853,"CC[NH2+][C@@H]1CCC[C@@H]1CCS(=O)(=O)c1ccccc1
",0.44067752
218,"C[S@@](=O)c1c(Cl)cc(Cl)c(N)c1[N+](=O)[O-]
",0.44067752
36709,"N#Cc1ccsc1NC(=O)C[NH+]1CCCCCCC1
",0.4406775
35662,"O=C1C([O-])=C(c2ccc(Cl)cc2)C(=O)c2ccccc21
",0.4406775
35174,"CC(C)(C)[C@@H](c1ccc(O)cc1)c1cccc(F)c1
",0.4406775
18554,"COC[C@@H](C)[NH2+][C@H]1CCC[C@@H]1[C@@H]1CCCC[NH2+]1
",0.4406775
310,"Cc1cc(C)c2c(c1)/C(=C1\SC(=S)N=C1[O-])C(=O)N2
",0.4406775
29081,"Cc1ccccc1[C@@H](C)[NH2+][C@@H](C)C1CC[NH+](C)CC1
",0.4406775
39015,"CC[NH+](CC)CC[C@H](N)c1cnccc1C
",0.4406775
27360,"Cn1cnc2ccc(O)cc2c1=O
",0.4406775
4684,"CC(C)[C@@H](CO)NC(=O)CNc1ccccc1
",0.4406775
8483,"CC1(C)CCC[C@@H]1n1c(C2CCCC2)[nH+]c2c1CCNC2
",0.4406775
31722,"O=C(CCCCO)N1CCO[C@H]2CCCC[C@@H]21
",0.4406775
34840,"COC(=O)CCN(C)C(=O)c1ccc([N+](=O)[O-])cc1
",0.44067743
24068,"C[C@H]1C[C@@H]([NH3+])CN(c2[nH+]c3ccccc3n2C)C1
",0.44067743
33982,"CCC[NH+](CCC[NH3+])[C@H]1CCOC2(CCOCC2)C1
",0.4406774
19490,"C=C(C)COCC[NH2+][C@H](C)c1cc(F)cc(F)c1
",0.4406774
2303,"c1cc(C[NH+]2CC[C@H]3CCCC[C@@H]32)co1
",0.4406774
2349,"Cc1ncsc1CN[C@@H](C)c1cc(F)cc(F)c1
",0.4406774
30591,"Cc1nc(N2CCN([C@H](C)CO)CC2)nc(C)c1CC(C)C
",0.4406774
14908,"CC(C)Oc1ncccc1C[NH2+][C@@H](C)c1ccc([S@](C)=O)cc1
",0.4406774
38226,"CCN(C)C(=O)NC1(C(N)=S)CCCCCC1
",0.44067734
12447,"O=C([O-])CCCC1=C2CCC(=O)C=C2CCC1
",0.44067734
15714,"CC[NH+](Cc1ccccn1)C[C@@H](CBr)C(C)(C)C
",0.44067731
36448,"CCCCC[C@@H](C)Nc1nc(Cl)ncc1Cl
",0.44067731
3125,"CN(C)S(=O)(=O)C[C@@H](O)c1ccc2c(c1)OCO2
",0.44067731
26566,"C[C@H]1C[C@@H](C)CN(/C=C(\Br)C(=O)C(F)(F)F)C1
",0.44067731
22159,"C[NH+]1CC[C@@H](Cc2nccnc2C(=O)[O-])C1
",0.44067731
13732,"CSc1ncnc(Nc2cccnc2)c1C#N
",0.44067726
5078,"[NH3+][C@H](CC1=c2cccc(O)c2=[NH+]C1)C(=O)[O-]
",0.44067726
30051,"CN[C@H](c1ccc(C(C)C)cc1)[C@@H]1CN2CC[NH+]1CC2
",0.44067723
3894,"CCCc1ncc(C(=O)NNC(=O)CSC)s1
",0.44067723
16584,"CCS(=O)(=O)CC(=O)N1CCN(C[C@@H](O)C(C)(C)C)CC1
",0.44067723
12177,"CC[NH+](CC)Cc1cc(C(C)=O)ccc1O
",0.44067723
10517,"CC(C)[C@@H](CO)NC(=O)[C@@H](C#N)Cc1ccccc1
",0.44067723
37351,"CC[C@H](C)N(CC)c1cc([C@H](C)O)cc[nH+]1
",0.44067723
23266,"Fc1ccc(/C=N/N2CCCCC2)c(F)c1
",0.44067723
18373,"CC(C)OCCS(=O)(=O)N1CC(N2CC[NH2+]CC2)C1
",0.44067723
24103,"COCC[NH+](C)Cc1ccnc(N)c1
",0.44067723
33147,"CSc1ccc(-c2ccc(C(=O)[O-])o2)cc1
",0.44067717
12313,"C[C@H](C[C@H]1CCCO1)[NH2+][C@H](CO)CC(C)(C)C
",0.44067717
22956,"CCOC(=O)CCC(=O)c1ccccc1Cl
",0.4406771
1238,"COc1ccc(/C=N/c2ccc(Cc3ccncc3)cc2)cc1
",0.4406771
19766,"C[NH2+][C@H](Cc1ccc(C(C)C)cc1)c1cncc(Br)c1
",0.4406771
22969,"CC(C)c1ccc(NC(=O)/C(N)=N\O)cc1
",0.4406771
1276,"CCN(CC)C(=O)Nc1cc(Cl)ccc1Cl
",0.44067708
9543,"CCC(=O)N1CCC(N[C@H]2CC[C@H]([NH+](C)C)C2)CC1
",0.44067702
3048,"N#CC(C#N)=Cc1ccc(N2C(=O)c3ccccc3C2=O)cc1
",0.44067702
4804,"O=C(NCCOC1CCCC1)[C@H]1CC[C@@H]2CCCC[C@@H]2[NH2+]1
",0.44067702
34246,"C/C(=N/O)c1cc(F)ccc1OCc1cc(F)ccc1F
",0.44067702
25405,"COCc1ccc([C@@H]2C[NH2+][C@@H](C)[C@@H](C)O2)cc1
",0.44067702
34242,"CCCN(C(=O)C[C@@H](C)COC)[C@@H]1CC[NH2+]C1
",0.44067702
22922,"COC(C)(C)[C@H](O)CCC[C@H]1CCCO1
",0.440677
35208,"CCC(=O)c1ccc2c(c1)c1cc(C(=O)CC)ccc1n2C
",0.44067693
14672,"C=CCNC(=O)COc1ccccc1C
",0.44067693
18184,"CCc1cccc(NC(=S)N(C)C)c1
",0.44067693
15254,"CCCCCCOc1ccc(/C=C2\SC(=O)NC2=O)cc1
",0.44067693
7897,"CC[NH+]1CCN(C(=O)CSc2ccc(C)cc2)CC1
",0.44067693
30216,"C[C@H]1[C@@H]([NH3+])C[C@@H](C)N(Cc2ccccc2)[C@H]1C
",0.44067693
29059,"CCS(=O)(=O)NCc1ccccn1
",0.44067693
23238,"C[NH2+]C1CCC([NH+](C)[C@@H](C)c2ccc(OC)cc2)CC1
",0.44067693
39484,"CCCCCOc1ccc(C(N)=S)cc1
",0.44067693
32514,"CC(C)n1c[nH+]cc1CN1C[C@@H](C)C[C@H]([NH3+])C1
",0.44067693
18514,"C[C@H]([NH2+]Cc1ccc(O)cc1)c1ccc(F)cn1
",0.44067693
7432,"C[C@@H]([NH2+][C@H](C)c1ccc(Cl)s1)c1ccc(F)cc1
",0.4406769
26731,"COc1ccc(N2C(=O)C(=O)N(C)C2=O)cc1
",0.44067684
36521,"CCC1(CC)CCN(C(=O)[C@H]2CCC[C@@H]([NH3+])C2)C1
",0.44067684
16435,"CCC(=O)CN1C(=O)c2ccccc2C1=O
",0.44067684
26651,"CC(C)[C@@H]([NH2+]Cc1ccc([S@@](C)=O)cc1)c1ccccc1Cl
",0.44067684
38995,"C[NH+]1CCCN(S(=O)(=O)c2ccc3c(c2)OCCO3)CC1
",0.44067684
10344,"c1ccc2cc(C3OCCCO3)ccc2c1
",0.44067684
1177,"CC[C@H](C)[C@@H](C)[NH2+]C[C@@H]1COc2ccccc21
",0.4406768
32019,"CCC[NH+]1CCc2nc(NC#N)nc([O-])c2C1
",0.44067675
11378,"CCc1ncc(CN(C)C(=O)C[C@@H](C)C(C)C)s1
",0.44067675
35620,"Cc1ccc(-c2ncccc2C(=O)[O-])c(C)c1
",0.44067675
39215,"C[C@H]1[C@H](C(=O)[O-])CCN1S(=O)(=O)[C@@H](C)C#N
",0.44067675
4328,"COC(=O)Cc1nc2c(=O)[nH]c(N)nc2[nH]1
",0.4406767
20401,"CC(=O)OC[C@H](OC(C)=O)[C@@H]1OC(C)(C)O[C@H]1[C@@H]1COC(C)(C)O1
",0.4406767
16794,"CCCc1[nH+]ccn1CC[C@H]1CCC[C@@H]1[NH3+]
",0.4406767
39142,"CCCCn1ncc(C[NH3+])c1C(F)F
",0.44067666
31190,"C=CCC[C@H](C)OC(=O)[C@@H]1CNC(=O)C1
",0.44067666
6453,"C[C@@H](O)C[C@H]1CCCN1C(=O)N1CCC[C@@H](C)C1
",0.44067666
212,"CCCn1cnc2sc(C)c(C)c2c1=O
",0.44067666
34706,"O=C([O-])[C@H]1CC[C@@H]2CCCC[C@H]2N1C(=O)C1CC[NH2+]CC1
",0.4406766
14426,"C[C@@H]1CCC[C@@]1(O)C1(C#N)CCOCC1
",0.4406766
37246,"Nc1cn2ccnc2c(C2CC2)n1
",0.4406766
39570,"CSCC(=O)NNC(=O)N[C@H](Cc1ccccc1)C(C)(C)C
",0.4406766
779,"CC(C)[NH2+]C[C@@H](C)[C@H](C)N(C)[C@@H](C)c1ccccc1F
",0.44067657
16482,"O[C@@H](CNCc1cccnc1)c1ccco1
",0.44067657
3510,"CC(C)(C(=O)[O-])c1ccc(C(=O)CCCCl)cc1
",0.44067657
21765,"O=C(Nc1ccccc1)C(=O)c1c[nH]c2ccccc12
",0.44067657
32654,"CC(C)c1noc(CCCC(=O)N[C@H]2CCS(=O)(=O)C2)n1
",0.4406765
4139,"CC(C)[NH+]1CCc2c(cc(C(=O)[O-])n2C)C1
",0.44067648
26601,"C[C@@H](CS(C)(=O)=O)NC(=O)N[C@H](C)C1CCCCC1
",0.44067648
23575,"CC(C)(C)OC(=O)N1CC[C@H]([NH+]2CCCCCC2)C1
",0.44067648
33444,"CCN([C@@H](C)COC)[C@H]1CCC[C@H]([NH3+])C1
",0.44067648
34220,"CC1(C)CC(Nc2nccnc2C#N)CC(C)(C)[NH2+]1
",0.44067648
9400,"COC(=O)c1ccc(C[NH2+]CC(C)(C)O)[nH]1
",0.4406764
7886,"O=C([O-])CCCC(=O)NCc1ccco1
",0.4406764
27800,"O=[N+]([O-])c1ccc(/C=N/N2CCOCC2)cc1
",0.4406764
12257,"c1cnc(NCCc2cccc3cccnc23)nc1
",0.44067633
28148,"C[C@@H](CC(=O)[O-])NC(=O)c1ccc(O)cc1
",0.44067633
36350,"O=C(NC12CC3CC(CC(C3)C1)C2)c1cc(F)ccc1F
",0.44067633
6351,"C[C@H]1[C@H](C(=O)[O-])CCN1C(=O)N(C)CCS(C)(=O)=O
",0.44067633
9738,"CN(CCO)c1cc(Cl)c(Cl)cc1N
",0.44067633
8084,"CC1(C)CCC[C@@H]1NC(=O)NC[C@@H](O)C1CCCC1
",0.44067633
32462,"O[C@H]1CCCC[C@H]1[NH2+]C1Cc2ccccc2C1
",0.44067633
10226,"CO[C@H](C)[C@@H]([NH3+])Cc1cc(F)cc(Br)c1
",0.44067627
7456,"CS[C@H]1CC[C@H](NC(=O)CSCC(F)(F)F)C1
",0.44067624
34850,"NC(=O)CCNC(=O)N[C@@H]1C[C@@H]1C1CCCCC1
",0.44067624
34495,"CSc1nccnc1CNC[C@@H]1CC[NH2+]C1
",0.44067624
12765,"CC1(C)C[C@@H]([NH2+]Cc2cccc3c2OCO3)C(C)(C)O1
",0.44067624
13126,"O=C1[C@H]2C[C@@H](Br)[C@H](Br)C[C@@H]2C(=O)N1c1ccc(Cl)cc1
",0.44067618
28777,"C[C@@]12CCC[C@H]1[C@@H]1CCC3=C[C@H](O)CC[C@]3(C)[C@@H]1CC2
",0.44067618
27812,"COC(=O)[C@@H](C)OC(=O)[C@H](C)N1C(=O)c2ccccc2C1=O
",0.44067618
13349,"C[C@@H](CNC(=O)N1CCCSCC1)C[NH+]1CCCCC1
",0.44067618
20768,"CC(C)(C)C(=O)NCCCNC(=O)c1ccncc1
",0.44067618
38667,"c1ccc(COC2CC[NH+](Cc3cccnc3)CC2)cc1
",0.44067618
31770,"CC1=CC(=C2C(=O)c3ccccc3C2=O)C=C(C)N1C(C)C
",0.44067618
8829,"CC(C)[C@@H](C)CC(=O)N(C)CC(=O)N1CCOCC1
",0.44067618
30543,"CO[C@H](C)c1noc([C@@H]([NH3+])CCS(C)(=O)=O)n1
",0.44067615
10950,"CCOC(=O)NN[C@]1(C#N)CCSC1
",0.44067615
23674,"CCOC(=O)CCN(C)C(=O)[C@@]1(C)CCCO1
",0.4406761
32135,"O=C([O-])CC[C@H](NC(=O)c1ccc(I)cc1)C(=O)[O-]
",0.4406761
32214,"CC[C@H]1CCC[NH+](C[C@@H]2C(=O)C(C)(C)OC2(C)C)CC1
",0.4406761
6079,"Cn1c(Cl)cnc1CSc1nnc(C(C)(C)C)n1N
",0.4406761
11912,"CCN(c1nc(C(C)C)c(C[NH3+])s1)C(C)C
",0.4406761
3276,"CCOc1nc(N)nc(C)c1/N=N/c1ccccc1C
",0.4406761
25728,"CC(C)c1ccc(C(=O)N(C)CCS(C)(=O)=O)cc1
",0.4406761
12034,"C[NH+]1CCN(c2cncc(O)c2)CC1
",0.4406761
14519,"NC(=O)N1c2ccccc2[C@H]2O[C@@H]2c2ccccc21
",0.4406761
31646,"CC(C)[C@H](C#N)N1CCN(C(=O)[C@H]2CSCN2C(=O)C(C)(C)C)CC1
",0.44067606
10005,"CC1(C)C(NS(=O)(=O)c2ccc(CCO)cc2)C1(C)C
",0.44067606
17836,"CCCCS(=O)(=O)c1nc2nc(C)c(Br)c(C)c2s1
",0.44067606
1195,"c1ccc(Nc2nc(Nc3ccccc3)n3cnnc3n2)cc1
",0.440676
21438,"CC(C)[C@@H]([NH2+]C[C@H](C)CO)c1cccc(C(F)(F)F)c1
",0.440676
18945,"Cc1ccc(S(=O)(=O)/C(C#N)=C\C=C\c2ccccc2)cc1
",0.440676
18598,"CC(C)(C)OC(=O)N(CC[NH3+])C1CCCC1
",0.44067597
25227,"CCOC(=O)N1CCN(C(=O)[C@H]2CCO[C@@H]2C)CC1
",0.44067597
7223,"COc1ccc(NN)cc1F
",0.4406759
3037,"Nc1cncc(C2CCCCC2)n1
",0.4406759
21433,"CCOCC(=O)NNC(=O)c1ccc(C(=O)OC)cc1
",0.4406759
2995,"CC[C@H](C)NC(=O)N[C@@H]1CCCC[C@@H]1CO
",0.4406759
22218,"OC[C@H]1C[C@@H]1c1ccccc1Cl
",0.4406759
28159,"O=C1CNC(=O)N1CCCS(=O)(=O)C1CCCCC1
",0.44067585
4693,"CCC1(CNC(=O)N[C@H]2CCCC[C@@H]2OC)CCC1
",0.44067585
5020,"CN[C@H](c1cc(C)sc1C)C(F)(F)C(F)F
",0.44067582
24305,"CN(Cc1ccccc1)C1C[C@@H]2CC[C@H](C1)[NH2+]2
",0.44067582
12601,"CN1CCN(C(=O)CCSC#N)CC1
",0.44067582
486,"Cc1cc([C@H]([NH3+])CCCC(=O)[O-])c(F)cc1F
",0.44067582
25164,"CON(C)C(=O)C[NH+](C)Cc1ccc(C)o1
",0.44067582
32734,"C=CCOc1ccc(Cl)cc1C[NH2+]C(C)(C)C
",0.44067582
6422,"CCc1ccc(S(=O)(=O)Nc2ccc(NS(=O)(=O)c3ccc(C)cc3)cc2)cc1
",0.44067582
28611,"CCC[C@@H]1C[C@@]1([NH3+])c1ccc(C)c(F)c1
",0.44067577
14351,"Cn1ccc(NC2CCC([NH3+])CC2)n1
",0.44067574
833,"CC[C@H](CC#N)Nc1c(F)cccc1F
",0.44067574
26637,"CC(C)(C)OC(=O)c1ccnc(Cl)c1
",0.44067574
7382,"CCOc1cccc([C@@H](C)C[C@H](C)[NH3+])c1
",0.44067574
38866,"CCC(=O)N/N=C/c1ccccc1O
",0.44067568
16665,"Cc1ccc(CNS(=O)(=O)Cc2ccc(C)cc2)cc1
",0.44067568
35060,"CCc1cc(SC#N)cc(C)c1I
",0.44067568
36413,"O=C1N=C([N-]c2ccc(O)cc2)S/C1=C/c1ccc([N+](=O)[O-])cc1
",0.44067568
7077,"Cc1nnc([C@@H](C)Nc2ccc(Br)c(C)c2)o1
",0.44067565
3866,"Cc1cc(F)ccc1C[NH2+]C[C@H](O)C[NH+](C)C
",0.44067565
31505,"[NH3+]CCCNC(=O)c1ccc(Br)nc1
",0.44067565
6134,"CCCCN(C)C(=O)[C@@H](c1ccccc1C)N(C)C
",0.44067565
17557,"COC(=O)[C@]1(NC2CC2)CC[C@@H](SC(C)C)C1
",0.44067565
26527,"Cc1cccc(COC2C[NH2+]C2)n1
",0.44067565
32981,"Cc1cccc(N[C@@H](C)C(=O)Nc2ccccc2)c1
",0.4406756
32534,"C[C@H]1C[C@H](C)[C@H](Sc2cccc(F)c2)[C@H]([NH3+])C1
",0.4406756
28830,"CCCCCC[C@H](C)[NH2+][C@@H]1CCOC2(CCOCC2)C1
",0.4406756
4163,"O=C1NC(=O)c2ccccc2/C1=C/c1ccccc1Br
",0.44067556
34039,"FC(F)(F)COCC[C@@H](CCl)c1ccc(Br)cc1
",0.44067556
10802,"O=C([O-])c1cc2ccc(C(F)(F)F)nc2[nH]1
",0.44067556
34704,"CCC[NH+]1CCC([C@@H](C)[NH2+][C@@H](C)c2ccccc2C)CC1
",0.44067556
20300,"OCCCc1nc(-c2cnccn2)no1
",0.44067556
17425,"CSCC(=O)N[C@@H](C)Cc1c(Cl)cccc1Cl
",0.44067556
37366,"C[C@@H](C(=O)N1CCCC1)N1CCN(C(=O)CC2(O)CCCC2)CC1
",0.4406755
11833,"CCOc1ccccc1C[NH2+]C1COC1
",0.4406755
22070,"CC(C)NC(=O)[C@@H]1CCC[C@@H](NC(=O)[C@@H]2CCC[NH+](C)C2)C1
",0.44067544
5533,"CCOCC[NH2+][C@@H]1CCO[C@@]2(CCOC2)C1
",0.44067544
34141,"COC(=O)CC(=O)c1cccc2c1OCCO2
",0.44067544
12735,"CC[C@H](C)C[S@](=O)Cc1nnnn1C1CC1
",0.4406754
10688,"CCCCC(=O)c1c(C)cc(C)[nH]c1=O
",0.4406754
30416,"C[C@@H](NS(=O)(=O)c1cc(F)cc(F)c1)c1ccccn1
",0.4406754
4543,"C[C@@H]1C[C@H]1c1ccc(C[NH+](C)C2CCC([NH3+])CC2)o1
",0.44067535
34954,"C[C@H]1[NH2+]CC[C@@H]1c1nncn1C1CCCCC1
",0.44067535
21563,"CN1CCN(C(=[NH2+])[C@@H]2CN(C)CCO2)CC1
",0.44067535
39997,"FC(F)(F)c1cnc2ccccc2c1Br
",0.44067535
35972,"C[C@H]([NH2+]Cc1ccc(-c2ccccc2)cc1)[C@@H](C)CO
",0.44067535
4263,"CC(C)(C)NC(=O)C[NH+]1CCC[C@H](C(=O)NCC(F)(F)F)C1
",0.44067535
21798,"CCCC[C@@](CC)(C[NH3+])Cc1ccc(O)cc1
",0.44067535
12990,"Cc1nc(C[C@]2(C[NH3+])C[C@H]3CC[C@@H]2C3)sc1C
",0.44067532
35030,"CC(C)[NH2+]C[C@@H](C)[C@H](C)[NH+](C)Cc1ccco1
",0.44067532
13673,"Nc1cccnc1-n1cnc2ccccc21
",0.44067526
11947,"CNC(=O)CC[NH+](CC(N)=O)C1CCCC1
",0.44067526
6631,"CCC[NH2+][C@@H](CC)c1nnc(-c2cscc2C)s1
",0.44067526
34805,"Cc1nc(N/N=C\c2ccc(C(C)(C)C)cc2)sc1C
",0.44067526
1297,"CN(CC(=O)N[C@@H](C#N)C(C)(C)C)C(=O)c1ccccc1
",0.44067523
32810,"O[C@@H](c1ccc(Cl)cc1F)c1cscc1Br
",0.44067523
28514,"CCCS(=O)(=O)N1CCC([NH2+]C[C@H]2C[C@@H]3C=C[C@H]2C3)CC1
",0.44067523
23851,"CCC[C@@H](C(=O)N1CCOC[C@@H]1C(N)=O)C(C)C
",0.44067523
670,"c1cncc(N[C@@H]2CCC[C@H]2[C@@H]2CCCC[NH2+]2)c1
",0.44067517
38697,"CCCN(CC#N)Cc1noc(-c2ccoc2)n1
",0.44067517
34843,"COCC[C@H]1CCC[C@@]1([NH3+])C(=O)[O-]
",0.44067517
20423,"O[C@@H]1CCC[C@H]1c1cccc(Cl)c1
",0.44067517
21355,"CC[NH2+][C@H](C)C(C)(C)CN1CC[C@H]([NH+]2CCCCC2)C1
",0.44067517
38205,"CC[NH+](CC)C(CC)(CC)[C@@H](O)c1ccccc1Cl
",0.44067517
29909,"CC(C)(O)CNC(=O)NCCCCC1CCCC1
",0.44067517
1275,"C[NH2+][C@H]1CCC[C@@H]1CCn1c(C)nc(C)cc1=O
",0.44067517
6763,"CN/C(=[NH+]\C)SCC(=O)N(C)Cc1ccccc1C
",0.44067514
5928,"Cc1ccccc1C(=O)CS[C@@H](C)CCO
",0.44067514
8904,"C[C@H](N[C@H](C)C(=O)N(C)C)c1cc(F)ccc1O
",0.44067514
16842,"CCCN[C@]1(C#N)CC[C@@H](OC(C)(C)CC)C1
",0.44067508
12364,"CC[NH2+][C@@H]([C@@H]1CCOC2(CCC2)C1)[C@]1(C)CCCO1
",0.44067508
31530,"C[NH2+]C[C@H]1CCCN(C(=O)[C@@H]2CCO[C@@H]2C)C1
",0.44067508
37740,"Fc1cccc([C@@H]2C[NH2+]CC[C@H]2C2CCCCC2)c1
",0.44067508
32352,"C[NH2+][C@H]1c2cc3c(cc2S(=O)(=O)[C@H](C)[C@H]1C)CCC3
",0.44067508
4534,"C=CCSc1nnc(C2CC2)n1C1CC1
",0.44067508
6990,"CN1C(=O)/C(=C/c2ccc(F)cc2)C(=O)NC1=S
",0.44067508
38264,"Cc1cc(CC(CO)(CO)C(C)C)n(C)n1
",0.44067508
13995,"Cc1ccc(C(=O)NCC(C)C)cc1
",0.44067508
12869,"CCS(=O)(=O)CCn1ccc([C@@H](C)[NH2+]C)c1
",0.44067502
3328,"CSc1ncccc1C(=O)Nc1nc[nH]n1
",0.44067502
21789,"CC(C)(C)C(=O)COC(=O)c1ccccc1F
",0.440675
18862,"CS(=O)(=O)N1CCCC[C@H]1C(=O)NCC1CCCCCCC1
",0.440675
30349,"CCC(C)(C)N(C)C(=O)c1ccc(Br)nc1
",0.440675
18015,"CC(C)(C)NC(=O)[C@@H]1COc2ccccc2O1
",0.440675
22015,"COC[C@@H]1CCC[NH+](CC(=O)N2CCCCCC2)C1
",0.440675
9819,"CC(C)C(=O)N[C@@H]1CCCC[C@@H]1OC1CCCC1
",0.4406749
38137,"Cc1ccccc1N(CCC(=O)[O-])[C@@H](C)[C@@H](C)O
",0.4406749
9812,"COC[C@H](C)NC(=O)N(C1CCCC1)C1CC1
",0.4406749
6499,"CC1(C)CCC[C@@H](C[NH+](CCO)C2CCCCC2)C1=O
",0.4406749
15920,"CCC1CCN(C(=O)c2nnn[n-]2)CC1
",0.4406749
7722,"Cc1nc2c(N3CCSCC3)nc(N)nc2n1C
",0.4406749
34247,"CC[C@H](C)n1ccc(C[NH2+]C2C(C)(C)C2(C)C)n1
",0.44067484
17449,"C[NH2+]CCC1CC[NH+](Cc2ccc(F)cc2)CC1
",0.4406748
11913,"O=C([O-])c1cc(/N=C/c2ccc([N+](=O)[O-])cc2)ccc1O
",0.4406748
3204,"Clc1ccc(C[NH+]2CC[C@H]3CCCC[C@@H]32)o1
",0.4406748
23983,"C[C@@H](C[NH2+][C@@H](C)c1ccccc1)C(N)=O
",0.4406748
21814,"N#CCC(=O)Nc1ccc(Cl)cc1
",0.4406748
39689,"C=CCCC[C@@H](Cc1ccc(F)cc1)C(=O)[O-]
",0.4406748
12975,"Cc1ccc(C[NH+]2CCC[C@@H](C(=O)[O-])C2)o1
",0.4406748
39032,"c1cc(C[NH2+][C@@H]2CCCC[C@@H]2OC2CCCC2)n[nH]1
",0.44067475
16356,"CC(C)NC(=O)N[C@@H](C)c1cnn(C)c1
",0.44067475
13442,"CC[NH2+]CC/C=C(/C)c1cc(C)cc(F)c1
",0.44067475
35023,"O=C(CN1C(=O)[C@H]2C[C@H]2C1=O)N1CCCCC1
",0.44067472
3674,"CS(=O)(=O)c1ccc(CBr)c(Cl)c1
",0.44067466
31345,"O=C(CN1CCN(C(=O)CN2CCOCC2)CC1)N1CCCCC1
",0.44067466
18686,"CCN[C@H](c1ccc(CC)s1)c1ccc(F)c(F)c1F
",0.44067463
9073,"C[C@@H]1CC[C@@H]([NH2+][C@@H]2CCO[C@]3(CCOC3)C2)[C@H](C)C1
",0.44067463
29763,"Cc1ccc(C(F)(F)F)cc1N/C(N)=N/O
",0.44067463
38377,"c1cc(O[C@@H]2CC[NH+](Cc3ccoc3)C2)cc[nH+]1
",0.44067463
38378,"Cc1ccccc1C(=O)N[C@H]1CCC[NH2+]C1
",0.44067463
11489,"CCS(=O)(=O)N1CCC[C@@H](C(=O)NC2CCCCCC2)C1
",0.44067463
24089,"Cc1cc(C)c(NC(=O)[C@@H](C)NC(=O)c2ccccc2)c(C)c1
",0.44067463
37424,"C[C@@H](CO)C[NH2+][C@@H]1CCOC2(CCOCC2)C1
",0.44067463
31201,"CC1(C)COC(c2cc(C(C)(C)C)cs2)=N1
",0.44067463
24437,"CCCCCSc1nc2nc(C)cc(C)n2n1
",0.44067457
18726,"CCOC(=O)[C@@H](F)c1ccc(F)c(F)c1
",0.44067457
11047,"CCn1nc(C)c2c(C(F)F)cc(C(F)F)nc21
",0.44067457
31061,"CCCNC(=O)C[NH2+][C@@H]1CCCS[C@@H]1C
",0.44067457
28690,"Nc1ncc(-c2ccncc2)s1
",0.44067457
38742,"C[C@H]1OCC[C@@H]1C(=O)N1CCC(C(N)=S)CC1
",0.44067457
26404,"O=C(CSCC(F)(F)F)N[C@H](C1CCCC1)C(F)(F)F
",0.4406745
6508,"CCc1nc(Cl)c(C)c(NCCCSC)n1
",0.4406745
5221,"C[C@@]1(C(=O)N2CCC[C@@](C)(C(=O)[O-])C2)CCCO1
",0.44067448
38764,"Fc1cccc([C@@]2(C3CC3)CCC[NH2+]2)c1F
",0.44067448
7756,"CN1CCO[C@H](C[NH2+]C2CCCCCCCCCCC2)C1
",0.44067442
8879,"CN(C/C(N)=N/O)Cc1nccs1
",0.44067442
17959,"Fc1ccc(Cn2ccc(I)n2)c(F)c1
",0.44067442
21398,"Brc1ccccc1C[NH2+]C[C@@H]1COc2ccccc2O1
",0.4406744
36031,"[NH3+][C@@H](c1cc(Br)ccc1Cl)c1c(F)cc(F)cc1F
",0.4406744
14860,"Cc1cc(=O)cc(C)n1-c1cccnc1
",0.44067433
2403,"C=C(C(=O)[O-])[C@@H]1CC[C@]2(C)CCCC(=C)[C@H]2[C@H]1O
",0.44067433
38296,"CC(C)(C)c1ccc(S(=O)(=O)/N=C2\C=CC(=O)c3ccccc32)cc1
",0.44067433
13724,"CC(C)NC(=O)NNS(=O)(=O)c1cc(C(F)(F)F)cc(C(F)(F)F)c1
",0.4406743
19648,"CC[S@@](=O)[C@@H]1CCCC[C@@H]1[NH2+]Cc1c(C)cc(C)cc1C
",0.4406743
33249,"CCc1ccc([C@H](C)CC(=O)N(C)[C@@H](C)CS(C)(=O)=O)cc1
",0.4406743
31255,"CCc1ccsc1[C@H](O)[C@H](C)c1ccccn1
",0.4406743
14321,"CC[NH2+][C@@H]([C@@H]1CCOC1)[C@@H]1CCOC2(CCCCC2)C1
",0.4406743
14301,"O=C1CSC(=S)N1/N=C\c1cc(Br)c(Br)s1
",0.4406743
1592,"Cc1nc(CNC(=O)CCC(F)(F)F)sc1C
",0.4406743
25599,"CC(C)C[C@@H]1C(=N)NC(=O)N1CC1CC1
",0.44067425
7247,"CC(C)(C)[C@]1(c2c[nH+]cc3ccccc23)CCC[NH2+]1
",0.44067425
26628,"C[C@@H](Cc1nc2ccccc2[nH]1)c1nc2ccccc2[nH]1
",0.44067425
1834,"C[C@H](c1ccc(S(C)(=O)=O)cc1)[NH+](C)CC1CC[NH2+]CC1
",0.44067425
22714,"CCCNC(=O)C[C@@H](C[NH3+])[NH+]1CCC[C@@H]1CC
",0.44067425
37512,"CCC[NH2+][C@@H](c1cc(OC)cc(OC)c1)c1cscc1C
",0.44067422
33777,"O[C@@](/C=C/c1ccccc1)(c1cccs1)C(F)(F)F
",0.44067422
32689,"Fc1cccc(-c2nc(Cl)ncc2F)c1
",0.44067416
19162,"CC(C)C(=O)[C@H]1CCOC2(CCSCC2)C1
",0.44067416
23323,"CCO[C@@H]1CCC[NH+](CC(=O)NC(N)=O)C1
",0.44067416
21100,"CCCCCC(C)(C)CNC(=O)[C@H]1C[C@H]2CC[C@@H]1[NH2+]2
",0.44067416
8675,"C[C@@H](C[C@@H]1CCCCC[NH2+]1)[NH2+]CC1(O)CCC(C)(C)CC1
",0.44067416
2363,"Cc1cc(C)cc(OCc2nc3c(C)cc(C)cc3[nH]2)c1
",0.44067416
22508,"C=CCc1cc(C(=O)CC)ccc1OC
",0.44067416
33363,"CC[S@](=O)[C@@H]1CCCC[C@@H]1NC(=O)N(C)CCC(C)C
",0.44067416
39712,"O=C(N/N=C/c1ccc(C(F)(F)F)cc1)c1ccccc1O
",0.44067416
25471,"CC[NH2+][C@@H]1[C@H](N2CC[NH+](C)[C@H](CC)C2)CCC1(C)C
",0.4406741
6952,"C[C@H](O)C(C)(C)C[NH+](C)Cc1ccc(Br)cc1
",0.4406741
24662,"CCCN[C@H](c1ccc(C)cc1)[C@@H](C)[NH+]1C[C@@H](C)[C@@H](C)C1
",0.4406741
37409,"CCC[C@@H](CC=O)NC(=O)OC(C)(C)C
",0.44067407
28155,"C[C@H]1C[C@@H](C)CN(C(=O)CN2CC[NH+]([C@H]3CC[C@@H](C)C3)CC2)C1
",0.44067407
13703,"Cc1nn([C@H]2CCS(=O)(=O)C2)c(C)c1CCC[NH2+]C1CC1
",0.44067407
19164,"ClC1=NC=N[C@@H]2[C@@H]1N=C1CCCN12
",0.440674
1893,"Cc1ccc(OC[C@@H](C)O)c(C[NH3+])n1
",0.440674
12095,"[NH3+][C@@H](CCC1=c2ccccc2=[NH+]C1)C(=O)[O-]
",0.440674
10165,"Cc1cc(C)cc(NS(=O)(=O)c2ccc(Br)cc2)c1
",0.440674
38009,"CC(C)(C)c1ccc(NC(=O)C(Cl)Cl)c(Br)c1
",0.44067398
14784,"CCC(CC)(C[NH3+])NC(=O)C[C@H]1CCCCO1
",0.44067398
32310,"CC[C@H](CN[C@H](c1cccnc1)C(C)C)[NH+]1CCCC1
",0.44067398
16334,"CCC(CC)(C[NH3+])NC(=O)C[C@@H]1CCCCO1
",0.44067398
30764,"CC(=O)N1CCC[C@H]1[C@@H]1CCC[NH+]1CC1CCCC1
",0.44067392
31955,"CC[C@H]1S[C@@H](C)C/C(=N\NC(N)=S)[C@@H]1C
",0.4406739
11860,"Cn1ccc(C[NH2+]Cc2cc(F)cc(F)c2)n1
",0.4406739
10902,"CNc1ccc2nc(CC[NH+](C)C)[nH]c2n1
",0.4406739
14349,"Cc1c(NC(=O)CCCO)cccc1C(=O)[O-]
",0.4406739
35911,"CCC(CC)[C@H]([NH3+])c1c(F)cccc1Cl
",0.4406739
38275,"O[C@@H]1[C@H](OCc2ccccc2)OC[C@@H](O)[C@H]1O
",0.4406739
27671,"NNc1cc(N2CCOCC2)ncn1
",0.4406739
36453,"C[C@H]1CC[C@@](C#N)([C@H](O)c2ccoc2)C1
",0.44067383
22145,"[NH3+][C@@H](c1ccccc1)[P@@](=O)([O-])CCc1ccccc1
",0.44067383
36340,"CCOC(=O)C[C@H](C(C)C)N1CCOCC1
",0.44067383
9,"CC(C)CCC[NH2+][C@H]1CCOC2(CCCCC2)C1
",0.44067383
29320,"C[C@@H]1SCCC[C@H]1[NH2+][C@@H]1CCCc2sccc21
",0.4406738
12916,"CC(C)Oc1cccnc1C(=O)N(C)c1ccccc1
",0.4406738
31925,"Cc1cc(C)c(O)c(NC(=O)[C@H]2CCC[C@@H]2[NH3+])c1
",0.4406738
36188,"Cc1ncsc1CN(C)[C@@]1(C[NH3+])CSCC(C)(C)C1
",0.4406738
18562,"COCCS(=O)(=O)[C@H](C)C(=O)NCC(C)C
",0.44067368
5468,"CCc1cc(N2CCC[NH2+]CC2)nc(CC)n1
",0.44067368
3488,"Cc1cc(C)c(NNC(=O)NC2CC[NH+](C)CC2)c(C)c1
",0.44067368
11437,"C[NH2+][C@@H]1c2c(c(Br)cc(OC)c2OC)C[C@H]1C
",0.44067365
35982,"CC[C@@H](C)NC(=O)CCc1ccccc1
",0.44067365
4563,"C[NH2+][C@@H](Cc1ccsc1)C(C)(C)[NH+]1CCCCCC1
",0.4406736
16090,"[NH3+][C@@H]1CCC[C@@H](OCc2ccc(Br)s2)C1
",0.4406736
24755,"Clc1cccc(Cl)c1CN[C@H]1CCC[NH2+]C1
",0.4406736
30507,"O=Cc1ccn2c(I)cnc2c1
",0.4406736
20223,"Cc1noc(C)c1[C@H](C)N1CCC[NH2+][C@H](C(C)C)C1
",0.4406736
1902,"CCN(Cc1ccccc1)C[C@H]1CCC(C)(C)[C@@H]1[NH3+]
",0.4406736
29336,"O=C(c1ccc(F)c(F)c1F)N1CCCCCC1
",0.44067356
5227,"C[C@@H]1CCC[C@@H](N(C)[C@]2(C[NH3+])CSCCC2(C)C)C1
",0.44067356
25273,"Cc1cccc(Nc2ccccc2C(=O)N(C)CC(=O)N(C)C)c1C
",0.44067356
35072,"C#CCN(CC#C)Cc1ccc(C#N)cc1F
",0.44067356
4828,"Cc1cc(OC(=O)c2ccc(C)[nH]c2=O)cc(C(C)C)c1
",0.4406735
33044,"CCSc1cncc(N(C)[C@@H](C)c2ccncc2)n1
",0.4406735
16876,"CO[C@@H](C)c1nc2c(s1)[C@H]([NH3+])CC(C)(C)C2
",0.4406735
24824,"C[NH2+]Cc1cc(-c2ccccc2)nn1C
",0.4406735
15348,"N#CC(C#N)=CNC1CC[NH+](Cc2ccccc2)CC1
",0.4406735
12431,"CCC(=O)N1CCCC[C@@H]1C(=O)NCCC1CC1
",0.4406735
6973,"COc1ncnc(N(C)CC[NH+]2CCCC2)c1N
",0.4406735
29396,"C[C@@H](C(=O)N1CCCCCC1)S(=O)(=O)c1ccc(O)cc1
",0.44067347
36513,"Cc1cscc1C[NH2+][C@@H](C)C(N)=O
",0.44067347
33266,"CC[NH+]1CCC[C@H]1CN(C)[C@]1(C[NH3+])CCO[C@@](C)(CC)C1
",0.4406734
1572,"CC(C)NC(=O)CNC(=O)[C@@H]1CC[NH2+][C@H]1C
",0.4406734
13219,"CNC(=O)[C@H](C)Nc1ccc(C(F)(F)F)cc1C(=O)[O-]
",0.4406734
601,"C[C@H](C(=O)N(C)Cc1ccccc1)[NH+]1CCCC1
",0.44067338
16506,"Cn1ccnc1S(=O)(=O)CCCCC#N
",0.44067338
6074,"CC(C)[C@@H](C#N)C(=O)N(C)[C@@H](C)Cc1cccs1
",0.44067332
15931,"CCCS(=O)(=O)N1CCO[C@H]2CCCC[C@@H]21
",0.44067332
26914,"COCCN[C@H](C(=O)OC)c1ccc(Br)cc1
",0.44067332
12063,"O=c1ccc(I)cn1Cc1ccccc1
",0.44067332
14032,"CCSc1cncc(NCc2noc(C)n2)n1
",0.44067332
526,"C[C@H]1C[C@H](C)CN(C(=O)CCNS(C)(=O)=O)C1
",0.44067326
33875,"CC[C@@H](C(=O)[O-])[NH+](C)[C@@H](C)Cc1cccs1
",0.44067326
26115,"CS[C@H](C)CC(=O)N1CCOC[C@@H]1C1CC1
",0.44067326
5764,"CC1(C)CN(c2ccc3c(c2)C[NH2+]CC3)C1
",0.44067323
15259,"Cc1ccc(-c2ccc(O)c(Cl)c2)cc1
",0.44067323
5222,"CN(C)c1ccc(CNc2ccccc2)cc1
",0.44067314
591,"C[C@@H]1CCC[C@H](NC(=O)C/C(N)=N/O)C1
",0.44067314
10505,"Nc1ccc2c(c1)CC[C@@H]2[NH2+][C@H]1CC=CCC1
",0.44067314
27979,"CC[C@]1(C)C[C@](O)(C2(C#N)CCOCC2)CCO1
",0.44067314
26721,"CC(C)(C)c1nn(C2CCCCC2)c(N)c1[N+](=O)[O-]
",0.44067314
8864,"C=CCN1C(=O)N=C(N)[C@]12CCS(=O)(=O)C2
",0.44067314
8478,"Cc1cc([C@@H](O)c2[nH]c(C)c(C)c2C)sc1Br
",0.44067314
399,"C[NH+]1CCC(CNC(=O)N[C@@H]2CC[C@H]([NH+](C)C)C2)CC1
",0.44067314
18012,"C/C=C(/C)C(=O)NC[C@H](c1cccs1)[NH+](C)C
",0.44067314
33800,"C[C@@H]1SCCC[C@H]1N1C[C@@H]2C[NH2+]C[C@@H]2C1(C)C
",0.44067314
34090,"Cc1ccc(C(=O)NCC(=O)NC#N)cc1
",0.44067314
25408,"COC(=O)[C@H](NC(=O)C[C@@H](C)C(C)C)c1ccc(C)cc1
",0.44067314
28620,"CCCCN(C)S(=O)(=O)N1CC[C@H]([NH3+])[C@H](C)C1
",0.44067314
20268,"CC1CCN(c2[nH+]cccc2C(=O)[O-])CC1
",0.44067308
14111,"O=C(CCc1cccnc1)NC(c1ccccc1)c1ccccc1
",0.44067308
32547,"CC(C)N[C@]1(C#N)CCC[C@@H](N2CCC[NH+](C)CC2)C1
",0.44067305
5034,"CS[C@H]1CC[C@H]([NH2+][C@H](C)c2nccs2)C1
",0.44067305
8190,"C=CCNC(=O)CNc1cc(Cl)c(Cl)cc1Cl
",0.44067305
1679,"CC1CC[NH+]([C@H](C)CNC(=O)C[C@H]2CCS(=O)(=O)C2)CC1
",0.44067305
23284,"COC(=O)[C@@H]1CS(=O)(=O)[C@H]2CCC(C)(C)[C@H]2N1
",0.44067305
34319,"C[C@@H]1CCCC[C@H]1NC(=S)N1CCOCC1
",0.44067305
4275,"O=C([O-])c1cn(-c2cc(Cl)ncn2)cn1
",0.44067305
5065,"CC(C)[C@H](CO)NC(=O)[C@H](C)n1cccn1
",0.440673
36750,"Br[C@H](Cc1ccncc1)[C@@H]1COCCO1
",0.440673
13107,"O=S1(=O)C[C@@H](Cl)[C@@H](NC(=S)Nc2ccc(Br)cc2)C1
",0.440673
9519,"CC1(C)[C@H]2OCC[C@H]2[C@H]1NC(=O)COC1CCCCC1
",0.44067296
16137,"COc1cc(C(=O)[O-])cc2c1OC1(C=C2)C=Cc2cc(C(=O)[O-])cc(OC)c2O1
",0.44067296
23991,"O=C(ON1C(=O)CCC1=O)c1ccc(C(F)(F)F)cc1
",0.44067296
6913,"Cc1cnc2nc(CC3([NH3+])CCCC3)[nH]c2c1
",0.44067296
18207,"S=C(SCc1ccccc1)N1CCCCCC1
",0.44067296
13224,"O[C@H]1CCCC[C@@H]1Cc1ccccn1
",0.44067296
19513,"CN[C@]1(C(=O)OC)CCC[C@H]1CCOC1CCC1
",0.44067296
30856,"O=C([O-])c1nc2ccc(Cl)cc2cc1F
",0.44067296
18090,"CCNc1cc(C(F)(F)F)ccc1Cl
",0.4406729
8248,"CCN1CC[NH+]2CCCN[C@H]2C1=O
",0.4406729
18827,"CC1(C)CC[NH+]([C@H](CC(=O)[O-])C(F)(F)F)C1
",0.4406729
32521,"Cc1cc(O)c(C[NH+](C)C(C2CC2)C2CC2)cc1C
",0.44067284
39521,"O=C(OCC[NH+]1CCCCC1)[C@@H]1COc2ccccc2O1
",0.44067284
27404,"O=S(=O)(c1ccc2c(c1)OCCO2)N1C[C@H](O)[C@H](O)C1
",0.44067284
20372,"CC[C@@H](C)c1ccc([C@H](NC(=O)[C@@H](C)NC(N)=O)C(C)C)cc1
",0.44067284
31442,"Cc1cc(O)cc(-c2ccc(C)cc2Cl)c1
",0.44067284
11337,"[NH3+][C@H](C1CCC1)[C@@H]1CCCc2cccnc21
",0.44067284
36235,"C[C@]1(C(=O)N[C@H]2CCCCC[C@@H]2CO)CC1(Cl)Cl
",0.44067284
37460,"CN[C@@]1(C(=O)OC)CCC[C@@H]1CCSC
",0.4406728
24631,"C/C(=N\NC(=O)c1ccc(C)nc1)c1ccc(Br)cc1
",0.4406728
17125,"NN1C(=O)[C@](O)(c2ccccc2)c2ccccc21
",0.4406728
18487,"CC(C)C[C@H](C[NH3+])C(=O)N(C)[C@H]1CCSC1
",0.4406728
27593,"Fc1cc(Br)cc(-c2n[n-]c(Cl)n2)c1
",0.44067276
39156,"CCOc1ccc(SCC(=O)N(C)CCC#N)cc1
",0.44067276
34278,"CC[C@@H](NC(=O)C[C@H]1C=CCC1)C12CC3CC(CC(C3)C1)C2
",0.44067276
19732,"CC(C)[C@@H]([NH2+]Cc1ccc([C@@]2(C)NC(=O)NC2=O)cc1)c1cccnc1
",0.44067276
9853,"O[C@@H](c1ccc(Cl)cc1)[C@@H]1C[NH+]2CCN1CC2
",0.44067276
12467,"CCc1ccc(Cn2cc(N)nn2)s1
",0.44067276
30446,"CNC(=O)Cn1ccc([C@@H]([NH3+])C(C)C)c1
",0.44067273
10587,"CN(CCS(C)(=O)=O)c1cc(Br)ccc1N
",0.44067273
24448,"C#CCN1CCN(CC(=O)N2C[C@@H](C)C[C@@H](C)C2)CC1
",0.44067273
4396,"Cc1ccccc1N[C@@H]1CCC[C@@H]1[C@@H]1CCC[NH2+]1
",0.44067267
17001,"CN(C[C@H](CS)c1ccccc1)c1ccccc1F
",0.44067267
16581,"CCC[C@H]1C(=O)NC(=O)C[C@H]1C(CC)CC
",0.44067264
10107,"COC(=O)/C(C)=C/Cn1cnc(C(=O)OC)n1
",0.44067264
27136,"COC(=O)C1(NC(=O)Cc2c(C)noc2C)CCCCCC1
",0.44067258
22452,"O=C1NC(=O)C2(COC(c3cc(Br)c(Br)o3)OC2)S1
",0.44067258
27772,"O[C@H](CCCSc1ccccc1)C1CC1
",0.44067258
18009,"CC(C)[C@@H]1C(=O)NC(=O)C[C@@]12CCC[C@@H]2S(C)(=O)=O
",0.44067258
28428,"Cc1cc([C@H]([NH3+])CO)c([O-])c(F)c1F
",0.44067258
10436,"CSc1ncc(NC(=O)[C@@H](C)Br)cn1
",0.44067258
19053,"CC(C)Cc1ccc([C@@H](O)[C@@]2(C#N)CC[C@H](C)C2)cc1
",0.44067255
19650,"Cc1ccc(N2C(=O)C=CC2=O)cc1F
",0.44067255
29753,"COC(=O)[C@@]1(NC(C)C)CC[C@@H]([NH+]2C[C@@H](C)[C@@H](C)C2)C1
",0.4406725
3135,"CN(C)c1ccc(C(=O)c2ccccc2I)cc1
",0.4406725
16425,"CC(=O)Nc1ccc(NC(=S)N[C@@H]2CCS(=O)(=O)C2)cc1
",0.4406725
7155,"CC(C)[C@H](OC(=O)[C@@H](C)S(C)(=O)=O)c1ccc(F)c(F)c1
",0.4406725
10765,"C[C@@H]1CCC[C@H](NC(=O)OCCO)C1
",0.4406725
35482,"CC1(NC(=O)[C@H]2CC[C@H](C[NH3+])O2)CCCC1
",0.4406725
35374,"Cc1ncccc1CN(C)[C@@H](C)CC#N
",0.4406725
26037,"Cc1csc(C[NH2+]C2(C(=O)[O-])CC2)n1
",0.44067243
31726,"C#CCSc1nnnn1-c1ccc(OC)cc1
",0.44067243
8562,"C[C@H](O)c1ccc(OCc2ccccc2)c(F)c1
",0.44067243
14522,"CC(C)C[NH2+]Cc1cc(F)ccc1[N+](=O)[O-]
",0.4406724
28408,"CC1(C)CCC[NH+](C[C@@H](CS)c2ccccc2)CC1
",0.4406724
12915,"CC[C@H](CS)Cn1cnc2sccc2c1=O
",0.4406724
30997,"Cc1cccc([C@H]([NH3+])[C@H](O)C(=O)[O-])c1
",0.4406724
3970,"Cc1ccc(F)cc1-c1nc(Cl)ncc1F
",0.4406724
15517,"CCS(=O)(=O)N(CCC(N)=O)Cc1ccccc1
",0.44067234
10215,"CC(=O)c1ccccc1OC(F)(F)[C@H](F)Cl
",0.44067234
34217,"Cc1ccc2nc(C)oc(=O)c2c1
",0.44067234
17863,"Cn1c(Cl)cnc1C[NH+](CCO)CCCO
",0.44067234
7848,"CCCS(=O)(=O)N1CCN(c2c(C)n[nH]c2C)CC1
",0.44067234
17382,"C#CCNCc1nc([C@@H]2CCCO2)no1
",0.4406723
13557,"C=CCNC(=O)NC(=O)[C@@H](C)N[C@@H](C)c1ccc(C)cc1
",0.4406723
9416,"CN1C(=O)c2ccccc2[C@H]1C#N
",0.4406723
36320,"C=CCOc1cc(Br)c(C(=O)NN)cc1OCC
",0.4406723
36082,"C[C@@H]1SCCC[C@]1(CC(=O)[O-])C(C)(C)[NH3+]
",0.44067225
20964,"COc1cc(OC)cc([C@H](O)c2cncc(Br)c2)c1
",0.44067225
16199,"Cc1ccc(CN(C)C(=O)CCc2ccc(N)cc2)cc1
",0.44067225
4295,"O=C([O-])/C=C/Nc1cc(Cl)ccc1Cl
",0.44067225
34320,"CC(C)(C)NC(=O)C[C@@H](C[NH3+])N1CCCSCC1
",0.44067222
18821,"CS(=O)(=O)[C@@H]1CCCC[C@H]1[NH2+]Cc1ccsc1
",0.44067222
13456,"CCN(CC(C)(C)O)C(=O)c1ccoc1C
",0.44067222
18809,"CC[C@@](C)([NH3+])CN1CCO[C@H]2CCCC[C@@H]21
",0.44067222
15510,"CCOc1ccc(O[C@@H](C)C(=O)Nc2ccccc2CC)cc1
",0.44067216
18875,"NC(=O)[C@@H]1CCCN(C(=O)CCS(=O)(=O)C2CCCC2)C1
",0.44067216
29461,"CCN[C@@H](c1[nH+]ccn1CC)[C@](C)(CC)[NH+]1CCCC1
",0.44067216
12308,"c1[nH+]cn(C2CC2)c1CN[C@@H]1C[NH+]2CCC1CC2
",0.44067216
6620,"Cc1ccc([C@@H](C)NC2CC[NH+]([C@H](C)c3ccncc3)CC2)s1
",0.44067213
19833,"CCn1c(C)cc(C[C@@H]([NH3+])CC(C)C)c1C
",0.44067213
30910,"COC(=O)[C@H]1CCc2c[nH+]cn2C1
",0.44067213
7126,"Brc1cnc2nc(-c3ccccn3)[n-]c2c1
",0.44067213
17332,"Cc1noc(C)c1S(=O)(=O)N(CCC#N)CCC(F)(F)F
",0.44067213
23886,"O=C1NOC[C@H]1NC(=O)[C@@H]1C[C@H]1C(=O)[O-]
",0.44067213
33880,"COCc1c(Br)cccc1N[C@@H](C)c1ccoc1
",0.44067207
33951,"CCOCc1ccccc1C[NH2+]Cc1cccc2c1OCCO2
",0.44067204
30921,"C[C@@H](NS(N)(=O)=O)c1ccc(-c2ccc(F)cc2)cc1
",0.44067204
17839,"N#Cc1ccc(CS(=O)(=O)c2ccc(O)cc2)cc1
",0.44067204
19209,"CN(C)C(=O)CN[C@@H]1CCC[C@H]1[C@@H]1CCCC[NH2+]1
",0.44067204
37646,"C[C@@H]1CCC[C@@](O)([C@]2(C[NH3+])CCOC2)CC1
",0.44067204
28074,"CS(=O)(=O)CCC1(c2cccc(Br)c2)C[NH2+]C1
",0.44067204
33142,"CC[C@@H](C[NH3+])C[C@@H]1CCCN(S(C)(=O)=O)C1
",0.44067198
6518,"CS[C@H]1CCC[C@H]1NC(=O)N1CCS[C@@H](C)[C@@H]1C
",0.44067192
6114,"CCC(=O)Nc1cccc(NC(N)=O)c1
",0.44067192
37949,"CCCS(=O)(=O)c1ccc(SC[C@@H](C)CCl)cc1
",0.44067192
23532,"CNC(=O)[C@@H](C)CN(C)C(=O)[C@@H]1[C@H](C=C(C)C)C1(C)C
",0.44067192
29829,"C[C@H]1C(=O)NCCN1C(=O)CCCO
",0.44067192
10511,"C/C=C(/C)C(=O)N[C@@H](C#N)c1ccc(F)cc1F
",0.44067192
8047,"COc1cc(OC)cc(-c2cnc(Cl)c(C(=O)[O-])c2)c1
",0.44067192
22620,"c1ccc(-c2cnnn2-c2nonc2-n2cccc2)cc1
",0.44067192
27601,"CC(C)C[C@H](C[NH+](C)C)Nc1ncncc1N
",0.44067192
15493,"COCCN(C)C(=O)c1cc(OC)c(C)c(OC)c1
",0.4406719
31151,"CCn1nc(C)c(Br)c1C=C1CCC([NH3+])CC1
",0.4406719
39742,"C[C@H](CC1CC1)[NH2+]C[C@H]1CN(C)CCO1
",0.44067183
21131,"CCCS(=O)(=O)N[C@@H](CC)c1ccc2c(c1)OCCO2
",0.44067183
31136,"[NH3+][C@H](C(=O)[O-])c1ccc(Cl)c(OC(F)(F)F)c1
",0.44067183
1860,"CN1C(=O)C(=C/C=C/Nc2ccccc2)C(=O)N(C)C1=O
",0.44067183
30617,"Cc1cc(F)cc(NC(=O)CCC(=O)[O-])c1
",0.44067183
28792,"C[C@H]1CCC[C@H](NC(=O)N2CCOCC[C@@H]2C)C1
",0.4406718
26381,"C[NH2+]C[C@H](C)C(=O)Nc1snc(C)c1C(=O)[O-]
",0.4406718
19442,"NC(=[NH2+])SCC(=O)Nc1ccccc1
",0.4406718
883,"Cc1ccc([C@@H]2[C@@H](C(=O)C(C)(C)C)N2S(=O)(=O)c2ccc(C)cc2)cc1
",0.44067174
3054,"C[NH2+]CC(=O)N[C@H](c1ccncc1)c1ccc(Cl)cc1
",0.44067174
24150,"CS(=O)(=O)c1ccccc1C(=O)NCCc1ccccc1
",0.44067174
6916,"O=C([O-])CCCC(=O)Nc1ccc([N+](=O)[O-])cc1
",0.44067174
4584,"N#C/C(=C\c1ccccc1F)C(=O)Nc1ccccc1F
",0.44067174
21488,"CCc1nn(C)c(C[C@]2(O)CC(C)(C)OC2(C)C)c1Br
",0.4406717
31161,"CSCCCCNC(=O)CC1(O)CCCC1
",0.4406717
16144,"CCC[C@H](C)[NH2+]C1CCN([C@H](C)c2ccncc2)CC1
",0.4406717
7913,"CC[C@](C)(CCO)NC(=O)NCC(C)(C)c1ccncc1
",0.4406717
25304,"COC(=O)C(C)(C)CS(=O)(=O)C1CCCC1
",0.4406717
34697,"C[C@H]1CCC[C@@H](CCN[C@@H]2CS(=O)(=O)C[C@@H]2N2CCCC2)C1
",0.4406717
4151,"CCc1nn(CC)c(C[C@H](O)CCC(F)(F)F)c1Br
",0.44067165
24156,"CCC[C@H]1CC[C@H](C[NH3+])[C@H](N2CCOCC2)C1
",0.44067165
2336,"c1cncc([C@@H]2NCc3ccccc3N/C2=[NH+]\C2CCCCC2)c1
",0.44067165
714,"Cc1nc([C@H](C)[NH2+]Cc2ccccc2)cs1
",0.44067165
39339,"CN[C@]1(C#N)CC[C@H](SCCS(C)(=O)=O)C1
",0.44067165
5476,"CCCCS[C@H]1CCC[C@@](CO)([NH2+]C(C)C)C1
",0.44067165
14050,"C=CCN1C(=O)N/C(=C\c2ccc(C)o2)C1=O
",0.44067162
19303,"C[C@@H]([NH3+])CCCCN1CC(=O)N(C)CC1=O
",0.44067162
17228,"O=C(CCCNC(=O)NOC1CCCC1)NC1CC1
",0.44067156
2596,"CCc1ccccc1O[C@@H](CC)[C@H]([NH3+])c1ccccc1
",0.44067156
35526,"CC[NH2+][C@@H](C)c1ccnc(Oc2ccc(C)c(C)c2)c1
",0.44067156
35097,"N[C@H](C[NH3+])c1ccccc1OCC(=O)[O-]
",0.44067156
32252,"CCNC(=O)C[C@H](C[NH3+])N1CC[C@H]([NH+]2CCCC2)C1
",0.4406715
28076,"CCCCCN(CCO)C(=O)c1c(O)cccc1O
",0.4406715
2109,"C[NH2+][C@]1(C(=O)[O-])CCC[C@@H](OCC2CCCCC2)C1
",0.4406715
39661,"C[NH2+][C@]1(C(=O)[O-])CC[C@H](N2CCC[NH+]3CCC[C@@H]3C2)C1
",0.44067147
1773,"CS[C@H](CO)[C@@H](C)[NH2+][C@H](C)Cn1c[nH+]c(C)c1C
",0.44067147
21512,"CN[C@]1(C#N)CCC[C@@H](O[C@@H]2CC[C@@H](C)[C@@H](C)C2)C1
",0.44067147
11925,"CCc1nc(C)c([C@H](C)OC(=O)CC(C)(C)C)s1
",0.44067147
19495,"CCC1(C(=O)N2CCC[C@H](C#N)C2)CCCC1
",0.44067147
21722,"CCOC(=O)[C@@]1(N)CC[C@H]([NH+]2C[C@@H](C)[C@@H](C)C2)C1
",0.44067147
31195,"O=C1N=C(CCl)N=C2SCC(c3ccco3)=C12
",0.4406714
658,"OC[C@@H]([NH2+]Cc1ccc(Cl)c(Cl)c1)c1ccc(Cl)cc1
",0.4406714
7101,"Cc1c([C@H](C[NH3+])N(C)C(C)C)cnn1C
",0.4406714
36,"CCC[NH2+][C@H]1CCOC[C@@H]1SC[C@@H](C)CO
",0.44067138
5645,"Cc1nc(CNc2cc(F)cc(F)c2)no1
",0.44067138
10036,"C[C@@H]1CCC[C@H]1[NH2+]CCc1nncn1C1CC1
",0.44067138
31937,"CCC[NH2+][C@H]1CCC[C@@H]1CCN1CCOC[C@@H]1C
",0.44067138
21808,"O=C(/C=C/c1ccccc1)C1(O)CCCCC1
",0.44067132
18625,"FC(F)(F)Oc1cnc(Cl)cc1I
",0.44067132
38506,"CCn1c(C)nnc1SCc1ccc(I)cc1
",0.44067132
5409,"Cc1nc2ncnn2c(NCCC[NH+](C(C)C)C(C)C)c1C
",0.44067132
6576,"CCO[C@H]1C[C@@H](NS(=O)(=O)CC2CCC2)C12CCCC2
",0.44067132
35149,"C[C@H]([NH2+]CC[NH+]1C[C@@H](C)[C@@H](C)C1)c1ccco1
",0.4406713
36599,"NC(=O)Oc1ccc2ccsc2c1
",0.4406713
26408,"CCOCCN(C)C(=O)C(C)(C)c1ccc(CC)cc1
",0.4406713
27102,"CN(C)Nc1cncc(/C(N)=[NH+]/N(C)C)n1
",0.44067124
33732,"Cc1ccc([C@H](C)[NH2+]C[C@@](C)(O)C[NH+](C)C)s1
",0.4406712
33658,"C[C@@H]1C[NH+](Cc2ccc(-c3cccnc3)o2)C[C@H]1C
",0.4406712
33311,"O=C1C[C@H](C(=O)N2C[C@H](O)[C@H](O)C2)CN1CC1CC1
",0.4406712
193,"CC(C)CN(CC(C)C)C(=O)CSc1ncccc1N
",0.4406712
35063,"CNC(=O)NC(=O)[C@@H](C)S[C@@H](C)c1cccs1
",0.4406712
32641,"CC(C)[C@@H](NC[C@@H](O)c1ccsc1)c1ccccc1
",0.4406712
20316,"COc1c(C[NH+](C[C@H](C)O)C(C)C)c(C)nn1C
",0.4406712
37227,"CN(C)C(C)(C)[C@@H]([NH3+])Cc1cnn(C)c1
",0.4406712
3455,"Cc1ccc([C@@H](C)[NH2+][C@@H](C)c2nnc(-c3ccccc3)o2)cc1
",0.4406712
3629,"CC(C)c1cc(Br)cc(C(N)=O)c1Cl
",0.4406712
13818,"CCc1ccc(/C=C2\SC([N-]c3ccc(O)cc3)=NC2=O)cc1
",0.4406711
26469,"CCCC(=CC(=O)[C@H](C#N)c1ccccn1)CCC
",0.4406711
28755,"CCc1c(N)cnn1-c1ccc(C)cc1
",0.4406711
5207,"CN(C)c1ccc(/C=C2/C(=O)NC(=O)c3ccccc32)cc1
",0.44067106
15002,"CC(C)N1CCO[C@H](C(=O)CC2CCOCC2)C1
",0.44067106
31894,"CCC[C@H]1CCC(=O)[C@@H]([C@@H]2CCCC[NH2+]2)C1
",0.440671
23871,"O=C1c2ccccc2C(=O)N1/N=C/c1ccc([N+](=O)[O-])cc1
",0.440671
4374,"CCCN(CC[NH+](C)C)C(=O)Cc1ccc(F)c(F)c1
",0.440671
17399,"NS(=O)(=O)c1cnccc1NN1CCCCC1
",0.440671
30371,"CCc1n[nH]c(S[C@H](C(=O)NC(C)(C)C)C(C)C)n1
",0.440671
22586,"CC1(C)CC(=O)C2=C(C1)C1=Nc3ccccc3C1=C2
",0.440671
34899,"O=S1(=O)CCC[C@H]([NH2+][C@H](c2ccc(F)cc2)C2CCCC2)C1
",0.440671
6514,"CC[NH+]1CCC[C@@H]1C[NH2+]Cc1ccccc1C1CC1
",0.44067097
27793,"NC(=S)N/N=C/c1cc2ccccc2cc1O
",0.44067097
25751,"C1CC[C@@H](CCc2nc([C@@H]3CSCCO3)no2)[NH2+]C1
",0.44067097
18356,"CCC[NH2+]CC(=O)N1CCC(CC(=O)[O-])CC1
",0.44067097
11209,"CC(C)C(=O)Nc1nc([O-])c2nccnc2n1
",0.44067097
1453,"O=S(=O)(NCC[NH+]1CCOCC1)c1ccc2c(c1)OCCO2
",0.44067097
21719,"C[NH2+][C@H]1CCN(c2ccccc2Oc2ccccc2)C1
",0.44067097
9141,"CCCS(=O)(=O)[N-]c1cc(C[NH+](C)C)n[nH]1
",0.4406709
8027,"O=c1[nH]cnc2c1sc1ncccc12
",0.4406709
14961,"Cc1cc(C)c(C[NH+]2CCNC(=O)CC2)cc1C
",0.4406709
34211,"Cc1cc(Br)cc(C)c1NC[C@@H]1C[C@H]2CC[C@@H]1C2
",0.4406709
37414,"N#Cc1ccc(-c2csc3ccccc23)cc1
",0.4406709
14256,"O=C([O-])c1cccnc1Sc1cccc(C(F)(F)F)c1
",0.4406709
38763,"C[C@H](C[NH2+]C(C)(C)C)[C@@H](C)N(C)Cc1ccsc1
",0.4406709
28816,"CCc1ccc(C[C@H]2CCCC[C@H]([NH2+]C)C2)nc1
",0.44067088
37529,"CCOC(=O)[C@]1(N)CC[C@@H]([NH+](C)C2CCCC2)C1
",0.44067088
4122,"O=C(NCc1cccnc1)C(F)(F)F
",0.44067088
9295,"CC[C@H]1C[C@H](C)CC[C@@H]1[NH2+]C1CCN(C(N)=O)CC1
",0.44067088
25115,"CC(C)N1C[C@@H](C(=O)N2CCC(C(=O)[O-])CC2)CC1=O
",0.44067082
3313,"C[C@@H](c1ccccc1)N1CC(=O)NC1=O
",0.44067082
16677,"Cc1ccc(C2(Cc3cscn3)C[NH2+]C2)cc1
",0.44067082
23927,"O=S(=O)(/N=C(\[O-])[C@H]1C[C@H]1c1ccc(F)cc1)c1ccc(F)cc1
",0.44067082
18658,"CCCCc1ccc(-n2nnc(N)c2C(C)(C)C)cc1
",0.44067082
14673,"[NH3+][C@H]1CCCCC[C@H]1C(=O)N[C@H](c1ccccc1)C1CC1
",0.44067082
29098,"CC(C)(CNC(=O)[C@@H]1CC[C@@H]2CCCC[C@@H]2[NH2+]1)S(C)(=O)=O
",0.44067082
22547,"CC(C)NC(=O)[C@H](C)Nc1ccc2c(c1)OCCO2
",0.44067082
9125,"O[C@@H](CNCc1ccccc1F)c1ccccc1
",0.4406708
2018,"OC[C@@H]1CCCCN1c1ccncn1
",0.44067073
35977,"CC[N+]1(C[C@@H](O)CO[C@@H]2C[C@H](C)CC(C)(C)C2)CCOCC1
",0.44067073
25626,"C[C@H](C[C@H]1CSc2ccccc21)C(=O)[O-]
",0.44067073
6003,"C[C@@]1(O)CC(=O)C=C(c2ccc(Cl)c(Cl)c2)C1
",0.44067073
12411,"O=C(Nc1ccccc1)c1sc2ccccc2c1[O-]
",0.44067073
9554,"CC(C)C[C@H](C[NH3+])C[NH2+]C[C@]1(C)CCCO1
",0.44067073
18149,"Cc1cccc(N[C@]2(C#N)CCCCC2(C)C)c1
",0.44067073
15036,"CC[C@@H](Br)CCc1nc(C(C)(C)C)cs1
",0.44067073
17374,"NC(=[NH2+])NCC1(Sc2ccccc2)CCCC1
",0.44067073
37834,"C[C@H]1C[NH+]2CCC[C@@H]2CN1c1ccc(I)cc1
",0.44067073
15775,"O=C1[C@@H]2[C@@H](C(=O)N1c1ccccc1)N1CCCN1[C@H]2c1ccccc1
",0.44067067
24029,"CC(C)[C@@H](C(=O)[O-])[NH+]1CCN2CCC[C@@H]2C1
",0.44067067
18243,"CN(C)C(=O)CCCc1nc2ccccc2s1
",0.44067067
37251,"C=CC[C@H](C)[C@@H](C)[NH2+]CC(=O)NC1CCCCC1
",0.44067067
8222,"NC(=O)CCNC(=O)NCCc1cccs1
",0.44067067
36381,"C[C@@H]1CCC[C@@H](CSCC(=O)NCC(F)(F)F)C1
",0.44067067
5202,"CCc1nn(CC)c(C[C@@]2(C3CC3)CCC[NH2+]2)c1Br
",0.44067064
2362,"CCC[NH2+]CC/C=C(/C)c1ccc(C)c(C)c1
",0.44067064
36428,"Brc1ccc(OCC[C@@H]2CCCC[NH2+]2)nc1
",0.44067064
10010,"C[C@H]([NH3+])c1nc(-c2ccncc2)no1
",0.44067064
25068,"O=S(=O)(CCO)CCc1ncc(-c2ccccc2)o1
",0.44067064
5957,"CC[NH2+][C@@H](CC)c1ccn(CC(=O)N(C)C)c1
",0.44067064
16116,"O=C(Cc1ccccc1)NNC(=O)c1cccnc1
",0.44067064
33893,"CCN/C(=[NH+]\CC)SCc1cccc(Br)c1
",0.44067064
868,"C[C@@H](c1cccc(F)c1)[C@@](C)(O)C(=O)[O-]
",0.44067064
4302,"C[C@@H](C(=O)[O-])[NH+]1CCN2CCCC[C@@H]2C1
",0.44067064
29512,"C[C@@H]1CCCC[C@@H]1N(C)C(=O)C[NH+]1CCC[C@@H]1C[NH+]1CCCCC1
",0.44067058
13208,"C[C@]12CC[C@@H]3[C@@H](CCC4=CC(=O)CC[C@@]43C)[C@@H]1CCC2=O
",0.44067058
24629,"[O-]C1CC(C[NH2+]C[C@@H]2COc3ccccc32)C1
",0.44067055
35254,"C[C@@H](NC(=O)c1ccc(Br)nc1)C(=O)N(C)C
",0.44067055
15537,"O=C1N=C(Nc2ccc(Cl)cc2)CS1
",0.44067055
36528,"COc1ncnc(O[C@H]2CCCC[C@@H]2C)c1N
",0.4406705
33856,"CC(C)[C@H](/N=C1\C(=O)C(=O)[C@H]1N1CCCC1)C(=O)[O-]
",0.4406705
8415,"[NH3+]C[C@H]1CCCCC[C@H]1n1cncn1
",0.44067046
22174,"NC(=O)NCCC(=O)NCCCn1cc[nH+]c1
",0.44067046
3277,"CC[C@](C)([C@H](Cc1cc(C)cc(C)c1)NC)[NH+](C)C
",0.44067046
21818,"CCNC(=O)N1[C@@H](C(=O)[O-])CC[C@@H]2CCCC[C@H]21
",0.44067046
16914,"C[C@H]1CN([C@@H]2CCO[C@]3(CCOC3)C2)C[C@H](C)[NH2+]1
",0.44067046
39813,"C[NH2+][C@@]1(CO)CCC[C@H](N(C)[C@@H]2CCCN(C)C2)C1
",0.44067046
6006,"[NH3+][C@@H]1CCCCC[C@@H]1c1nnc2c3[nH]cnc3ncn12
",0.4406704
25362,"Cc1cc([C@@H]([NH3+])c2ccco2)c(F)cc1F
",0.4406704
8180,"C[C@@H]([NH3+])c1cccc(O[C@H](C)C(F)(F)F)c1
",0.4406704
34742,"c1cnc2c(O[C@H]3CCC[NH2+]C3)cccc2c1
",0.4406704
17884,"CC[C@](C)([C@H](O)Cc1cc(C)cc(C)c1)[NH+]1CCCCC1
",0.4406704
4353,"Cc1cc([C@H]2[C@H]([NH3+])CCC(=O)N2C(C)(C)C)ccc1Br
",0.44067037
5948,"C[NH2+]Cc1n[nH]c(=O)n1-c1ccc(C)cc1C
",0.44067037
13810,"C[C@@H](NC(=O)[C@@H](C)[n+]1cccc([O-])c1)c1ccc(Cl)cc1
",0.44067037
25912,"O=C1N/C(=N\c2ccccc2)S[C@@H]1Cc1ccccc1
",0.44067037
8217,"CNC(=O)CCCn1cc(C(=O)[O-])cc1Br
",0.44067037
12075,"S=C=Nc1ccc(N2CCOCC2)nc1
",0.44067037
23113,"Oc1ccc(C[NH+]2CCC[C@@H]3CCC[C@@H]32)c(O)c1
",0.4406703
9825,"CCOc1ccccc1[C@@H]([NH3+])[C@H]1CSCCS1
",0.4406703
25532,"CC[NH2+][C@H](CSC)[C@H]1CCO[C@]2(CCOC2)C1
",0.4406703
10660,"CC[C@@H]([NH2+]Cc1cc(C)n(CC)c1C)c1ccc(C)cc1
",0.4406703
10178,"CC(=O)N1CCC(CCC(=O)N(C)C2CCC2)CC1
",0.4406703
7813,"Cc1ccc(S(=O)(=O)CCC#N)cc1[N+](=O)[O-]
",0.44067025
25263,"CC(C)N(C(=O)c1ccc(Br)s1)C(C)C
",0.44067025
7139,"C[C@@]1(CNS(=O)(=O)[C@@H]2CCC[NH2+]C2)CCCO1
",0.44067025
4916,"CSc1nc(-c2ccccc2)nc(Sc2ccccc2)c1C#N
",0.44067025
7239,"CC(C)C1(O)CN(C(=O)N[C@H]2CCOC2)C1
",0.44067025
39898,"CN(CC[NH+](C)C)C(=O)c1ccc(NC(N)=O)cc1
",0.44067022
18509,"CN(CCOCC1CC1)c1nccnc1C[NH3+]
",0.44067022
38232,"CCc1ccccc1OCC(=O)Oc1ccccc1OC
",0.44067022
7554,"CC(C)[NH+](C)CCNc1nc(Cl)ncc1Cl
",0.44067022
36098,"C[C@H](N[C@@H]1CC[NH+](C2CCCC2)C1)c1cccnc1
",0.44067022
39565,"CC(=O)N[C@H](C(=O)NC[C@@H](c1ccccc1)[NH+](C)C)C(C)C
",0.44067016
17768,"CC(C)OCCC(=O)N(C[C@H]1CCCCO1)C(C)C
",0.44067016
38699,"COC(=O)NCC(=O)Oc1cc(C)cc(C)c1C
",0.44067016
32500,"Cc1cc(Br)cnc1C[C@@H]([NH3+])C(C)(C)C
",0.44067016
39939,"CCCCOCC[NH+]1CCC(C(=O)N2CCCCC2)CC1
",0.44067016
33643,"O=C(NC1CC1)c1n[n-]c(-n2cnnc2)n1
",0.44067013
1269,"CCC1(CC)CCN(C(=O)[C@@H]2CCC[C@H](C[NH3+])C2)C1
",0.44067013
25322,"[NH3+]CCOCC(=O)N(Cc1ccccc1)c1ccccc1
",0.44067013
22128,"CCOCCNC(=O)NCC1([NH+]2CCCCC2)CCCCC1
",0.44067007
15469,"Nc1ncc(F)c(Cc2ccccn2)n1
",0.44067007
32516,"CSc1n[nH]c2ncnc(NCC[NH+]3CCCCC3)c12
",0.44067007
7278,"O=C(Cc1c(F)c(F)c(F)c(F)c1F)Nc1cccc(F)c1
",0.44067004
37294,"CC[C@H](S[C@H](C)c1cccs1)C(N)=O
",0.44066998
36051,"CC(C)N1CC[C@@H](SCC(=O)C(C)(C)C)C1=O
",0.44066998
36112,"C=C(Cn1cnc2ccccc21)c1ccccc1
",0.44066998
3670,"CCc1ccc([C@](C)([NH3+])Cc2nc(C)c(C)s2)cc1
",0.44066998
6700,"CCCCOc1ccccc1C[C@@H]([NH3+])C(=O)[O-]
",0.44066998
6266,"CCc1nc(C)c([C@H](C)[NH+](C)Cc2nc(C)cs2)s1
",0.44066995
25397,"O=C(CSCc1ccncc1)NC(c1ccccc1)c1ccccc1
",0.44066995
34391,"Cc1cc(F)cc([C@@H]([NH3+])C2CCCCCC2)c1
",0.44066995
39654,"C[C@@H](O)Cc1cc(O)c2c(c1)C(=O)c1cc(O)cc(O)c1C2=O
",0.4406699
10065,"COC(=O)C(C)(C)CO[C@H]1CCC[C@H](OC)C1
",0.4406699
9153,"CN1C(N)=[NH+]C[C@@]12CCCSC2
",0.4406699
26948,"Cc1cc(C(=O)N(C)C2CCCCC2)no1
",0.4406699
20582,"O=C(NC[C@H](O)COCC1CC1)NC1CCCCCC1
",0.4406699
23816,"CC[NH+](CC(=O)NCC(C)C)CC1CC[NH2+]CC1
",0.44066983
24159,"CC1(C)CC(NC(=O)N2CCN(C(=O)c3ccc(O)cc3)CC2)CC(C)(C)[NH2+]1
",0.44066983
27302,"CCC([NH3+])(CC)C(=O)N[C@H](C)c1sc(C)nc1C
",0.44066983
23951,"CCc1n[n-]c(S(=O)(=O)[C@@H](C)C(=O)N[C@@H](C)CC)n1
",0.44066983
31366,"C[C@H](SC1CCCCC1)C(=O)N(C)CC(=O)NC1CC1
",0.4406698
1577,"CC(C)OC[C@@H](O)c1cc(Br)c2c(c1)OCO2
",0.4406698
25785,"O=C(NC[C@@H](O)C1CCCC1)N[C@H]1CC=CCC1
",0.4406698
292,"COc1ccccc1N[C@H](C)C(=O)NC(C)(C)C
",0.4406698
12761,"C[C@H](Nc1ccc(CC#N)cc1)c1ccoc1
",0.4406698
14634,"CC[C@@](C)(NC(=O)c1c[nH+]cc([O-])c1)C(=O)[O-]
",0.4406698
22284,"CC[C@H](CCO)[NH2+][C@@H](C)Cc1ccc(Cl)cc1
",0.4406698
29310,"CCC(CC)[C@@H](O)[C@H]1CCc2ccccc2C1
",0.4406698
7558,"CCc1ccsc1CNc1ccc(Cl)nn1
",0.44066975
18978,"Nc1ccc(C(=O)NN/C(=C/C(=O)c2ccccc2)c2ccccc2)cc1
",0.44066975
26343,"CC[C@](C)([NH3+])CN(C)Cc1ccccc1F
",0.44066972
36407,"CCN(Cc1n[nH]c(=O)[nH]1)c1cc(C)cc(C)c1
",0.44066972
25966,"C[C@H]1C[NH2+]CCN1C(=O)C[C@H]1CCCCO1
",0.44066972
3133,"C(=C/c1cccc2c1OCCO2)\c1nc2ccccc2s1
",0.44066972
14246,"Cc1ccc(C(=O)NNC(=O)c2ccc([S@](C)=O)cc2)o1
",0.44066966
12205,"Cc1[nH]c2cc(F)c(F)c(F)c2c1C[NH2+]C1CC1
",0.44066966
29581,"C[C@@H]1C[C@H](N(C)CC(C)(C)CCC#N)CC[NH+]1C
",0.44066963
22507,"CC1(C)CC(NC(=O)C(=O)Nc2cccnc2)CC(C)(C)[NH2+]1
",0.44066963
35916,"CC(C)(C)OC(=O)N[C@H](C(N)=O)C1CCCCC1
",0.44066963
16057,"CO[C@H](CN[C@H](C)c1ccccn1)c1ccc(F)cc1
",0.44066963
39575,"CC(C)(C)S(=O)(=O)CCNC(=O)N1CCC[C@H]1CO
",0.44066963
24241,"O=S(=O)([N-]c1c(F)cc(Cl)cc1F)c1ccccc1F
",0.44066963
33873,"O=C([O-])c1cc(O)cc(-c2cc(O)ccc2Cl)c1
",0.44066963
25636,"c1ccc([C@H](N[C@@H]2CCC[C@@H]2[C@@H]2CCC[NH2+]2)C2CC2)cc1
",0.44066963
32306,"N#Cc1ccc(N)c(N2CCOCC2)n1
",0.44066957
34578,"CC(C)c1ncc(C[NH+]2CCC[C@H](CO)C2)cn1
",0.44066957
17920,"Cc1cc(F)cc(-c2cc(Cl)nc(C)n2)c1
",0.44066957
37721,"CC(C)n1cc[nH+]c(N2CC[NH+](C(C)C)CC2)c1=O
",0.44066954
27867,"CC(C)Cn1cnnc1[C@@H]1CCC[NH+]1CC(C)(C)C
",0.44066954
1836,"CCC(CC)(CO)Nc1ccc([N+](=O)[O-])cc1[N+](=O)[O-]
",0.44066954
13971,"CCC[C@@H](C#N)[C@@H](O)c1cc(Cl)ccc1Br
",0.44066954
23244,"CC(C)c1nc([C@@H](C)N[C@H](C)c2ccc([N+](=O)[O-])cc2)cs1
",0.44066954
29580,"CS[C@H]1CCC[C@H]1[NH+](C)CC1(CO)COC1
",0.44066954
15034,"C[C@@H]1[NH2+]CC[C@@H]1C(=O)Nc1cc(F)cc(F)c1
",0.44066954
27128,"C[C@@]1(C(N)=O)Sc2ccccc2NC1=O
",0.44066948
29951,"C[C@H](O)CC(C)(C)C[NH2+][C@H](C)c1ccc(S(C)(=O)=O)cc1
",0.44066948
8691,"CCCC[C@@H]([NH3+])c1ccnn1CCC
",0.44066948
27680,"CC(C)(C)N1C(=O)c2ccc(C(F)(F)F)cc2[C@H]1O
",0.44066948
37164,"CC[C@@H](NC(=O)C(=O)Nc1ccc(C)cc1)c1ccc(C)cc1
",0.44066948
5938,"Cc1ccc(C)c(C(=O)[C@@H](C)N(C)C[C@@H]2CCC[NH+]2C)c1
",0.44066945
20272,"CN(C[C@@H]1CCC[NH+]1C)c1nc2c(s1)CCC[C@@H]2O
",0.44066945
35770,"CC[NH+](CC)Cc1ccccc1C[NH2+][C@H]1CCCC1(C)C
",0.44066945
33016,"CCc1noc(C)c1C[NH+](C[C@@H]1CCCCO1)C(C)C
",0.44066945
19407,"CC[C@@H](CC[NH3+])CCC(=O)N[C@@H]1CCCCC1(C)C
",0.44066945
18394,"C[NH2+][C@@]1(CO)CCC[C@@H](N(C)CCC(F)(F)F)C1
",0.44066945
31306,"Cl[C@@H](CSc1nnnn1-c1ccccc1)c1ccccc1
",0.4406694
20191,"Cc1cc(C)c(CC(=O)c2ncc[nH]2)c(C)c1
",0.4406694
15944,"C[C@H]([NH2+][C@H](C)c1ccoc1)c1cccc(OC(F)F)c1
",0.4406694
30830,"CCN(CC)[C@@H]1CC[NH+](Cc2cccnc2)C1
",0.4406694
10805,"CNC(=O)NCC(=O)N[C@@H](C)[C@@H](C)C1CCCCC1
",0.44066933
15907,"CC[C@@](C)([C@H](N)Cc1ccncc1)[NH+]1CCCC1
",0.44066933
27213,"CSc1ccccc1[C@@H](O)Cc1cccc(F)c1F
",0.44066933
10782,"C[NH2+]C(C)(C)c1nc([C@H]2C[NH+](C)CCN2C)no1
",0.44066933
10715,"C/C=C/C[S@](=O)CC(=O)Nc1c(C)cccc1C
",0.44066933
8706,"Cc1ccccc1C(=O)NCCC(=O)NC(c1ccccc1)c1ccccc1
",0.44066933
23082,"CCC[NH+]1CCN([C@H]2CC[C@@](CO)([NH2+]C(C)C)C2)CC1
",0.4406693
23243,"CC[C@H]1C[NH2+][C@@](C)(CC)CN1[C@@H](C)c1c(C)noc1C
",0.4406693
27490,"CC(=O)Nc1cccc(N)c1Cl
",0.4406693
23260,"CC[C@@H](C)N(CCOC)C(=O)c1nnn[n-]1
",0.44066924
16902,"C[C@@H]([NH2+]C1CCC(O)CC1)c1cc(Cl)cc(Cl)c1
",0.44066924
39154,"CN[C@](C)(C(=O)OC)c1cccc(F)c1
",0.44066924
19491,"C[C@@H](CC#N)[NH2+]C[C@]1(C)CCCO1
",0.44066924
17436,"CCOC(=O)C(=O)NNC(=O)C[C@H](C)C1CCCCC1
",0.4406692
2479,"C[NH2+]C[C@H]1C[C@@H]1c1ccc(Cl)cc1Cl
",0.4406692
10483,"CN(C(=O)c1cn(C)nc1C(C)(C)C)c1ccccc1
",0.44066915
9162,"Brc1cc(-c2ccccc2)c(C2CC2)s1
",0.44066915
15706,"CC(C)(C)OC(=O)[C@H](C1CCCCC1)[C@H]([NH3+])C(=O)[O-]
",0.44066915
11093,"Cc1ccc([C@@H](C)N(C)C(=O)c2nnn[n-]2)s1
",0.44066915
5870,"CC(=O)c1ccc(CC(N)=O)s1
",0.44066915
25941,"CCC[C@@H](C)C[C@H]([NH3+])c1ncc(Cl)cc1Cl
",0.44066915
18412,"COc1ccc(N)c(SCC(F)F)c1
",0.44066915
29893,"OC1CC[NH+](Cc2cc3c(cc2Br)OCCO3)CC1
",0.44066915
12578,"CCC(CC)(CCO)CNc1cncc(Br)c1
",0.44066912
24017,"NC(=O)c1ccc(C(F)(F)F)c(Cl)c1
",0.44066912
35685,"Cc1cccc(NC(=O)[C@@H](C)NC(=O)c2ccccc2)c1C
",0.44066912
20874,"N#C[C@@H](C(=O)C1C2CC3CC(C2)CC1C3)c1ccc(F)cn1
",0.44066912
15470,"COC1CC[NH+](C[C@H]2C(=O)C(C)(C)OC2(C)C)CC1
",0.44066906
34408,"CC(C)(C)c1nn([C@@H]2CCCC[C@@H]2O)c(N)c1I
",0.44066906
21168,"C[C@@H](Cc1cccs1)N(C)c1ccc(N)cc1
",0.44066906
15112,"C=CCCS(=O)(=O)Nc1cn(C)nc1CC
",0.44066906
9838,"NC(=[NH2+])[C@H]1CCC[NH+]([C@@H]2CCOC3(CCOCC3)C2)C1
",0.44066906
8522,"[NH3+][C@@H]1CCC/C(=C/c2sccc2Br)C1
",0.44066903
15755,"O=C([O-])[C@@H]1C[C@H]1c1cccc(F)c1F
",0.44066903
536,"CCOc1ccccc1[C@@]1(O)C[C@H]1C
",0.44066897
36117,"CCCCNC(=O)c1ccc(N(CC)CC)cc1
",0.44066897
8366,"CC[C@H](CC(=O)N(C)[C@H](C)CS(C)(=O)=O)c1ccccc1
",0.44066897
20181,"C=C[C@]1(C)C[C@@H](O)[C@H](C(=C)C(=O)OC)[C@H](O)[C@@H]1C(=C)CO
",0.44066897
12677,"CN[C@H](c1cncnc1)[C@H]1CN(C(C)C)CCO1
",0.44066897
11480,"CN[C@@]1(CO)CCC[C@H]([NH+](C)CCN(C)C)C1
",0.44066897
25363,"CCOC(OCC)[C@H]([NH3+])C[C@H]1Cc2ccccc21
",0.44066897
39994,"Cc1c[nH+]ccc1N[C@@H]1C=C[C@@H](C(=O)[O-])C1
",0.44066897
30307,"CC[C@H](C)NC(=O)N[C@H](C)[C@@H]1CCCO1
",0.4406689
28909,"Cc1nc2ccc(Br)cc2c(N)c1Br
",0.4406689
5460,"CCC(CC)CN(CC)c1ccc2nnc(C)n2n1
",0.4406689
194,"C[C@H]1C[C@@H](OC[C@@H]2CSc3ccccc32)CC(C)(C)C1
",0.4406689
7578,"CC[C@@H](C(N)=O)N1CC[NH+]([C@H](C)COC)CC1
",0.4406689
15059,"CC[NH2+]Cc1cc(F)c(OCc2ccno2)c(F)c1
",0.44066888
889,"CC(C)(C)OC(=O)N1CCC[C@H](C(N)=S)C1
",0.44066888
21174,"CC(C)N[C@]1(C#N)CCC[C@H](N2CCC[C@H]([NH+](C)C)C2)C1
",0.44066888
32289,"Cc1cccn2cc(C(N)=O)nc12
",0.44066888
11536,"Nc1ncc(-c2ccccc2CO)cn1
",0.44066882
9122,"O=C([O-])C[NH2+]C1CCC([NH+](Cc2ccccc2)C2CC2)CC1
",0.44066882
9921,"O=C(N/N=C/c1ccc(O)cc1)Nc1ccccc1
",0.44066882
38865,"[NH3+]Cc1ncoc1-c1ccc(Cl)cc1
",0.44066882
37087,"C#CCNCC(=O)N(CC(F)(F)F)C1CC1
",0.44066882
27686,"C[C@@H](O)[C@H](NC(=O)c1cc(Cl)nnc1Cl)C(=O)[O-]
",0.4406688
14389,"CCCCOCCOc1nc(Cl)ncc1C
",0.4406688
22059,"Cc1ccnc(N2C[C@@]34CN(C)C[C@]3(C2)C[NH+](C)C4)n1
",0.4406688
12968,"C[C@@H]1C[C@@H](C)C[NH+](CC(=O)NC2(C#N)CCCCC2)C1
",0.4406688
24609,"CC(C)(C)NC(=O)Nc1[nH]ncc1C#N
",0.4406688
29658,"Fc1ccc(COc2ccccc2C[NH2+]C2CC2)cc1
",0.4406688
28251,"CC[C@@H](C)[NH+](C)Cc1cnc(Cl)s1
",0.4406688
26877,"CCN(Cc1ccccc1)c1ccc([C@@H](C)O)c(O)c1
",0.4406688
36728,"CNC(=O)NC(=O)[C@H](C)n1cnnc1C#N
",0.4406688
23555,"C=CCOc1ccc(OC(=O)c2ncccc2C(F)(F)F)cc1
",0.4406688
2579,"C=CCN(C(=O)Cc1ccc(C)cc1)c1ccccc1
",0.44066873
28219,"Cc1ccsc1C[NH2+]Cc1nc2c(s1)CCC2
",0.44066873
13048,"CC[NH2+][C@@H](c1ccc(C)cc1)c1cscc1Br
",0.44066873
24781,"C[C@@H](C[NH2+][C@H]1CCc2ccccc21)[S@](C)=O
",0.44066873
24788,"CCO[C@@H]1CCCN(C(=O)[C@@H]2CCCCC[C@@H]2[NH3+])C1
",0.4406687
36357,"NC(=O)[C@H]([NH2+]C1CC1)c1cccc(C2CC2)c1
",0.4406687
36500,"C=C[C@H](C)[NH2+]Cc1ccn(-c2ccccc2)n1
",0.4406687
9152,"O=C1NCC[NH+](CCc2ccccc2)[C@@H]1c1ccccc1
",0.4406687
26987,"C/C=C(/C)C(=O)Nc1ccc(OC(F)F)cc1
",0.4406687
37128,"CC[C@@H](C)NS(=O)(=O)c1ccc2[nH]c(=O)[nH]c2c1
",0.4406687
28832,"CCC[C@H](C#N)N1CCN(C(=O)N2CCOCC2)CC1
",0.4406687
36936,"C[C@H](CCO)Sc1ccc(C[NH2+]C(C)(C)C)cc1
",0.44066864
23026,"CC(C)[NH2+]Cc1ncoc1-c1ccc(C(C)C)cc1
",0.44066864
29733,"CS(=O)(=O)[N-]c1ccc(C2=NN/C(=N\c3ccccc3)SC2)cc1
",0.44066864
9183,"CC1(C)CCC(C[NH3+])(O[C@H]2CCO[C@]3(CCSC3)C2)CC1
",0.44066864
37068,"CN[C@@H](c1ccccc1C)C(C)(C)[NH+]1CCCCC1
",0.4406686
8629,"CC1CCN(C(=O)N[C@H]2CC[NH+](CC3CCCC3)C2)CC1
",0.4406686
30014,"Nc1nnc(SCc2ccccc2)n1Cc1ccccc1
",0.4406686
13062,"CC[C@@](C)([C@@H](N)c1ccccc1)[NH+]1CCCCC1
",0.4406686
12674,"CC[C@H](C)[C@](C)(O)C[NH2+]Cc1sc(C)nc1C
",0.4406686
7909,"NC(=O)COc1ccc(Br)cc1Cl
",0.4406686
16344,"CCOC(=O)CN(CC)Cc1c[nH]nc1C
",0.4406686
21124,"CC(C)(C)OC(=O)NNC(=O)c1ccccc1Br
",0.4406686
33045,"O=S1(=O)CC[C@@]2(CC[NH2+]C[C@H]2c2ccc(Br)cc2)C1
",0.44066855
12779,"C[C@H](c1nccn1C)S(N)(=O)=O
",0.44066855
16438,"Cc1cc(C)c(NC(=O)C[NH+](C)CC(=O)Nc2nncs2)c(C)c1
",0.4406685
270,"CC[C@@H](NC(=O)CCCCO)c1cccs1
",0.4406685
38090,"C[C@@H]([NH3+])C(=O)NC[C@]1(C)CCCO1
",0.4406685
27761,"CCOc1cc(/C=N\n2cnnc2)cc(Br)c1OCC
",0.4406685
1067,"[NH3+][C@@H](CC1=C[C@H](S)c2ccccc2C1)C(=O)[O-]
",0.4406685
28737,"CC(C)(C)OC(=O)N1CC[C@](O)(C(F)(F)F)C1
",0.4406685
3641,"CC[C@@](C)(C[NH3+])[C@](C)(O)Cc1ccc(OC)cc1
",0.4406685
13378,"C[C@@H](NC[C@@H]1CSc2ccccc21)c1ccccc1F
",0.4406685
15363,"O=C(c1cc(F)cc(F)c1)N(CC1CC[NH2+]CC1)C1CC1
",0.4406685
32580,"CCN[C@]1(C#N)CC[C@@H]([NH+]2CCCO[C@H](C)C2)C1
",0.4406685
30387,"C[C@H](N[C@H]1CCC[C@H]([NH3+])C1)c1nccs1
",0.4406685
27237,"CC1CCN(c2ccc(Br)nc2)CC1
",0.4406685
3542,"Cc1cccc2c1ccn2C[C@H](C)C[NH3+]
",0.4406685
30892,"CC(C)=C[C@H]1[C@@H](C(=O)NC2(C(N)=O)CCCC2)C1(C)C
",0.4406685
33619,"COc1ccc(C(=O)N(CC(C)C)CC(C)C)cc1OC
",0.4406685
30581,"CC[N+](=CNc1nc2ccccc2[nH]1)CC
",0.4406685
33782,"CSc1ccc(N[C@@H]2CCC[C@H]2SC)nn1
",0.44066846
34130,"O=C(NNC(=O)C1CC1)c1cc(F)ccc1Br
",0.44066846
3420,"Cc1cc(Oc2ccc([N+](=O)[O-])cc2)ncc1[N+](=O)[O-]
",0.44066846
19204,"CN(C)c1ccc(C(=O)N[C@@H](CO)C(=O)[O-])cn1
",0.44066846
29908,"CC[NH2+][C@@H](CC)c1ccccc1OCc1cccc(F)c1
",0.44066846
7346,"COC[C@@H](O)C[NH+]1CCC(NC2CC[NH+](C3CCCC3)CC2)CC1
",0.44066846
4853,"Cc1cccnc1C[NH+]1C[C@H]2CCC[C@@H]2C1
",0.4406684
39397,"O=C(CC1CCCCC1)NNC(=O)Cn1ccnc1
",0.4406684
20904,"CC1(c2cc(NC3CC3)[nH]n2)CC1
",0.4406684
16299,"[NH3+][C@@H]1CCCCC[C@H]1C(=O)Nc1cncc(C(=O)[O-])c1
",0.4406684
6953,"CC[C@H]1CCCC[NH+]1CC(=O)NC(=O)NCC(C)C
",0.44066837
16118,"CC[C@H](N[C@@H]1C[C@H](C)[NH+](C)C1)[C@H]1CCCO1
",0.44066837
1923,"CCN(CC)[C@@H]1CC[NH+](Cc2nnc(C3CC3)o2)C1
",0.4406683
10904,"Cc1cccc(C2(O)[C@H]3CCCC[C@H]32)c1C
",0.4406683
1396,"CC(C)([C@@H](N)c1cccnc1N)[NH+]1CCCCC1
",0.44066828
33424,"COCCC(=O)N1CCC[C@H]1[C@H]1CCC[NH+]1C
",0.44066828
22622,"CCN[C@H](c1cc(F)c(C)cc1F)C(F)(F)C(F)(F)F
",0.44066823
24637,"COc1cc(S(=O)(=O)CCO)cc(C(=O)[O-])c1OC
",0.44066823
29401,"C[C@@H](CCl)CSc1ccnc(N(C)C)n1
",0.44066823
18074,"[NH3+][C@H]1CCC[C@@H]1CC[S@@](=O)c1ccc2c(c1)CCC2
",0.44066823
39130,"CC(C)NS(=O)(=O)c1ncccc1C#N
",0.44066823
7429,"CCNc1ncc(C[NH+](CC(C)C)C(C)C)s1
",0.44066823
20659,"C[C@@H]1C[C@@H]1N1C(=O)[C@H]2CCCN2C(=O)[C@H]1C
",0.4406682
30843,"O=C(Sc1ccc(Cl)cc1)c1ccccn1
",0.4406682
34955,"CCC1C[NH+]([C@H]2COC[C@@]2(C)C(=O)[O-])C1
",0.4406682
39901,"CC(C)[C@H]1CC[C@@H](C)C[C@H]1OC(=O)C(=O)c1ccccc1
",0.4406682
22451,"CCCCCC(=O)N[C@H](C)c1ccccc1N
",0.44066814
9053,"CCc1ccc(NC(=O)C(=O)Nc2ccc([N+](=O)[O-])cc2)cc1
",0.44066814
7412,"CC[NH2+][C@@H](C)[C@@H](C)Cc1nc2ccccc2n1C
",0.44066814
8973,"CC[C@H]([NH2+][C@@H]1CCCC1(C)C)c1ccc(C)cc1
",0.44066814
33562,"CC[C@](C)([C@H](O)c1ccc(OC)cc1)[NH+]1CCCCC1
",0.44066814
13366,"O=C(Cc1ccc[nH]1)NC1CCCCCCC1
",0.44066814
2004,"CCC(CC)NC(=O)c1ccc(NC(C)=O)cc1
",0.44066814
4735,"O=S(=O)(/N=C(\[O-])c1ccccc1F)c1ccccc1Br
",0.44066808
23077,"C[C@@H]1CCCC[C@@]1(O)Cc1ccc(O)cc1
",0.44066808
38662,"CN(c1ncc(N)cc1Br)C1CC1
",0.44066808
31056,"CCOC(=O)C1CCC([NH+]2CCC[C@H]2C(=O)OC(C)(C)C)CC1
",0.44066808
39927,"Cc1c(Br)c(C(=O)[O-])nn1-c1ccccc1
",0.44066805
34760,"O=C(CO/N=C\c1ccccc1)Nc1ccccc1C(=O)[O-]
",0.44066805
38020,"COCC[NH2+]C[C@H](C)c1ccccc1Cl
",0.44066805
1684,"COCCCOc1ccc(N)c(C)c1
",0.44066805
10716,"C[NH2+][C@H]1CC[C@@H](n2ccc(C(F)(F)F)n2)C1
",0.44066805
39890,"CCCS(=O)(=O)[N-]c1ccc(Cl)cc1[N+](=O)[O-]
",0.44066805
8799,"C[C@H](Oc1ccccc1F)C(=O)NNC(=O)c1ccccc1OC(F)F
",0.44066805
30116,"Cc1cc(C)c(NC(=O)c2sc3[nH+]c(C)cc(C)c3c2N)c(C)c1
",0.44066805
27349,"Cc1cc(C)nc(/C(C#N)=C\c2cc(F)c(F)c(F)c2)n1
",0.440668
12859,"NC(=O)c1ccc(NC(=S)Nc2ccc([N+](=O)[O-])cc2)cc1
",0.440668
38392,"O[C@@H](c1ccc(C2CC2)cc1)c1cc(Br)ccc1F
",0.440668
5881,"CC[C@@H](N[C@H](COC)c1ccccc1)c1ccc(F)cc1F
",0.440668
28748,"CC[NH2+][C@H](Cc1ccc(C)cn1)c1c(F)cc(F)cc1F
",0.440668
24805,"CC[C@@H](O)[C@@H](C)[NH+](C)Cc1cccc(C)n1
",0.44066796
23021,"CC(=O)C1=C(C)C(C(=O)NNC(=O)OC(C)(C)C)=N[C@H]1C
",0.44066796
9218,"Cc1cccc(CS(=O)(=O)N(CC(C)C)CC(C)C)c1
",0.44066796
25357,"CN(C(=O)c1ccc(Cl)nc1Cl)c1ccccc1
",0.44066796
32829,"Cc1ccc(C[C@H](O)c2c(F)cc(Br)cc2F)cc1
",0.44066796
38785,"CC[C@H]1CCC[NH+]([C@H](C[NH3+])CC(=O)N(CC)CC)C1
",0.44066796
10142,"CCN(C(=O)c1ccc([S@](=O)C(C)C)cc1)c1cc(C)ccc1C
",0.4406679
33307,"CCS(=O)(=O)N(c1ccccc1)C1Cc2ccccc2C1
",0.4406679
12555,"CC(C)c1ncc(C[NH+](C)[C@@H](C)C2(C)CC2)s1
",0.4406679
8424,"CC[C@H](c1ccccc1)[C@@H](C)OC(=O)c1ccccc1C(=O)[O-]
",0.4406679
9143,"C[NH2+][C@@H](C)c1ccc(F)cc1OCc1cccc(O)c1
",0.44066787
9540,"CCNC(=O)C(=O)N/N=C\c1cc([N+](=O)[O-])ccc1[O-]
",0.44066787
12595,"CCN(CCC#N)S(=O)(=O)c1ccc(C(C)=O)cc1
",0.44066787
38045,"Nc1cccnc1SC[C@H]1CNC(=O)O1
",0.44066787
29419,"Cc1ccc(N[C@H](C)c2sc(C(C)(C)C)nc2C)c(C)[nH+]1
",0.44066787
29563,"Cc1cc(=O)cc(C)n1[C@H]1CCC[NH2+]C1
",0.44066787
32615,"CCC[NH2+]C/C(C)=C/c1c(F)cccc1F
",0.44066787
10122,"CCN1C(=[NH2+])[C@@H](c2ccc(CC(C)C)cc2)[NH+]=C1C1CC1
",0.44066787
34705,"CCS(=O)(=O)CCNC(=O)NC[C@H]1CCC[C@H](C)C1
",0.4406678
26862,"CN[C@H](Cc1ccc(Br)cc1)C1([NH+](C)C)CCCC1
",0.4406678
4558,"CCc1nc(Cl)nc(N2CC[C@@H]([NH3+])C2)c1C
",0.4406678
19653,"CC1(C)C[C@@](O)(Cc2nc3ccccc3s2)C(C)(C)O1
",0.4406678
24235,"Cc1onc(-c2cnn(C)c2C)c1C(=O)[O-]
",0.44066778
7943,"[NH3+][C@H]1CCC[C@H]1C(=O)NCc1ccc(C(=O)[O-])o1
",0.44066778
38918,"Cc1ccc(F)cc1[C@H](Br)Cc1ncccc1C
",0.44066778
452,"Fc1ccccc1NC1CC[NH+](C2CCSCC2)CC1
",0.44066778
31835,"Cc1ccc(F)c([C@H]2CCC[NH2+]2)c1
",0.44066772
5159,"O=C([O-])CSc1nc(-c2ccccc2)cc(-c2ccccc2)n1
",0.44066772
10479,"Cc1noc2ncnc(N(CC3CC[NH2+]CC3)C3CC3)c12
",0.44066766
36007,"CC1(C)C(NS(=O)(=O)c2cc(Br)cnc2N)C1(C)C
",0.44066766
26083,"COC(=O)[C@H](C)c1ccc(Cl)c(OC)c1
",0.44066766
21075,"CN[C@]1(C#N)CCC[C@H](N2CC[NH+]3CCCC[C@@H]3C2)C1
",0.44066766
8956,"CCC(CC)(CC)CNC(=O)Nc1cnccc1C
",0.44066766
21603,"COC(=O)C(C)(C)NC(=O)CC1C[C@@H]2CC[C@H](C1)[NH2+]2
",0.44066766
2419,"CC[NH2+][C@@H](C[C@@H]1CCCO1)[C@@H]1CCC[C@H](S(C)(=O)=O)C1
",0.44066766
15440,"COCCN(CC(=O)N(C)C)C(=O)[C@H]1CC=CCC1
",0.44066763
19134,"Nc1ccccc1CC[S@@](=O)c1cccc(F)c1
",0.44066763
17283,"CC[C@](C)([NH3+])C(=O)N(C)Cc1nnc2n1CCC2
",0.44066763
17699,"CCOC(=O)[C@@H]1CN(C(=O)OCC)CCC1=O
",0.44066763
39655,"O=C(Nc1ccccc1Cl)Oc1ccc(Cl)cc1
",0.44066763
9072,"[NH3+][C@@H](Cc1cccc(O)c1)c1cccc2ccccc12
",0.44066763
16005,"C[NH2+][C@@H]1CCN(c2ccccc2OC(F)(F)F)C1
",0.44066763
11252,"O=C(N[C@H]1CS(=O)(=O)C[C@H]1N1CCCC1)[C@@H]1CCCO1
",0.44066757
22495,"CN(CCc1ccccn1)C1(C[NH3+])CCC1
",0.44066757
23066,"O[C@H](CNCc1cc(F)ccc1F)c1ccc(F)cc1
",0.44066757
21037,"N#C/C(N)=C(C#N)\N=C\c1ccco1
",0.44066757
26298,"CCC[NH+]1CCC(Cc2noc([C@H]3CC[NH2+]C3)n2)CC1
",0.44066757
19960,"Cc1nsc(NCc2ccncc2)c1C(=O)[O-]
",0.44066757
2824,"C[C@@H](c1ccc(Cl)cc1)[C@H](C)N(C)C(=O)C1CC1
",0.44066757
11354,"CCn1cc(C(=O)C(CC)(CC)[NH+](C)C)cn1
",0.44066754
31727,"Cc1nc(CC2=CC(=O)CC(C)(C)C2)sc1C
",0.44066754
37112,"c1ccc(CC[NH+]2CC[C@H](Nn3cccc3)C2)cc1
",0.44066754
5591,"Cc1cc(C(=O)N(C)[C@H]2CCSC2)sc1Br
",0.44066748
31657,"C[C@H]([NH2+][C@@H](CO)c1cc(F)c(F)c(F)c1)c1ccccc1F
",0.44066748
23286,"C[C@@H]1CN(C(=O)c2c(O)cccc2O)C[C@@H]1C
",0.44066748
24836,"C[C@H]1CC(C(=O)N(CC2CC2)C2CCCCC2)C[C@H](C)O1
",0.44066748
37559,"O=C(COc1ccccc1F)OCC[NH+]1CCCC1
",0.44066748
32986,"Nc1nnc2sc(SCC(=O)[O-])nn2c1=O
",0.44066748
21062,"CN[C@@]1(C#N)CCC[C@@H](N2CCN(S(C)(=O)=O)CC2)C1
",0.44066748
31956,"CC[NH2+][C@@H]1CC[C@@H](Oc2ccc(C)cc2)C1
",0.44066745
24954,"CN(C)C(=O)C[C@H](C[NH3+])N(C)Cc1cccnc1
",0.44066745
5284,"C[NH2+][C@@H]1[C@@H](CN2CCN(S(C)(=O)=O)CC2)CCCC1(C)C
",0.44066745
10487,"CC/C(=C\c1cccc(Br)c1)C[NH2+]C(C)C
",0.4406674
23002,"O=C(C[C@@H]1CCCC[C@H]1O)c1ccccc1
",0.4406674
17324,"Cc1cccc(Oc2ccc(C[NH3+])cc2)c1
",0.4406674
10051,"CC(C)C1([NH3+])CN(C(=O)N[C@H]2CCOC2)C1
",0.44066736
32868,"C[C@H]1CC[C@@H](C#N)[C@H](Sc2nccc([O-])n2)C1
",0.44066736
29669,"CC(C)N(Cc1cnc(C(C)(C)C)s1)CC(F)F
",0.44066736
23632,"CC1=C(C)C[C@H]2C(=O)N(c3ccccc3C)C(=O)[C@H]2C1
",0.44066736
8345,"COC[C@](C)(CCO)[NH2+]Cc1ncccc1C
",0.44066736
29346,"C[C@H](C(=O)NCCn1cccc1)S(C)(=O)=O
",0.4406673
17018,"CC(C)(CNC(=O)N1C[C@H]2CCCC[C@@H]2C1)[NH+]1CCCCC1
",0.4406673
15305,"CCC[NH2+]CC/C=C(/C)c1cccnc1
",0.4406673
36726,"C[NH+](C)[C@H]1CC[C@H]([NH2+]Cc2cc(Cl)cc(Cl)c2)C1
",0.4406673
16141,"CC(C)c1nsc(NC(c2cccs2)c2cccs2)n1
",0.44066727
13315,"FC(F)(F)c1cccc(-n2cnnc2Cc2nnn[n-]2)c1
",0.44066727
34366,"CC1(C)CC(=O)C=C(NC2=C[C@@H](c3ccccc3)[NH+]=N2)C1
",0.44066727
27629,"N#C[C@]1(C2(O)CC[NH2+]CC2)CCc2ccccc2C1
",0.44066727
14209,"COC(=O)CCCOc1ccc(C(C)(C)C)cc1C
",0.44066727
19748,"Cc1ccc(S(=O)(=O)N[C@@H](Cc2ccccc2)C(C)C)cc1
",0.44066727
28433,"CC[C@@H]([NH2+][C@H](c1ccccc1)C(C)C)c1nc(C)cs1
",0.44066727
20517,"CC[C@@](C)([C@H](N)c1cc(C)cc(C)c1)[NH+]1CCCCC1
",0.4406672
29984,"Cc1ccc(C)c(NC(=O)/C=C/C(=O)[O-])c1
",0.4406672
13994,"CC[NH+]1CCC(N(C)CC(=O)N[C@H]2CCC[C@H](C)[C@@H]2C)CC1
",0.4406672
4205,"Cc1cc(C(=O)NN)n(C(F)F)n1
",0.4406672
32878,"CC(C)NC(=O)C(=O)N1CCN(C2C[C@@H](C)O[C@H](C)C2)CC1
",0.4406672
28422,"C[C@@H]1C[NH+](C/C=C/c2ccccc2)Cc2ccccc2O1
",0.4406672
28970,"C[C@@H]1CCCN(C(=O)N[C@@H]2CCCCC[C@@H]2C(=O)[O-])C1
",0.4406672
39182,"c1ccc2c(c1)CC(CC[NH2+][C@@H]1CC[NH+]3CCC[C@@H]3C1)C2
",0.4406672
11350,"COCCC1(C[NH2+]Cc2c(C)cccc2C)CC1
",0.4406672
10550,"Cc1noc(C)c1C[S@](=O)[C@H](C)c1ccccc1
",0.4406672
31696,"CCC[NH2+][C@@H](Cc1ncccc1C)c1ccc(Cl)cc1
",0.4406672
17932,"C=CCN(CC(=O)[O-])C(=O)N1CCOCC1(C)C
",0.4406672
31097,"CC(C)Oc1ccc([C@H](C)NC(=O)N(C)C(C)C)cc1
",0.44066715
485,"CCc1ccc(CC)c([C@H](NC)C(F)(F)C(F)F)c1
",0.44066715
12238,"CN(C)C(=O)c1cn(C2C[NH2+]C2)nn1
",0.44066715
33917,"CC[C@@H](C)N(C)c1cccc(F)c1C#N
",0.44066715
35829,"O=C(N/N=C/c1cccc(O)c1O)C1CC1
",0.44066715
8136,"CC1(C)[C@H]2CC[C@]1(C)[C@H](OC(=O)[C@@H]1COCCO1)C2
",0.44066712
17102,"C[C@@H](NC(=O)[C@@H]1CC[C@@H]2CCCC[C@@H]2[NH2+]1)C(=O)[O-]
",0.44066712
38888,"O=Cc1cn2c(nc3ccccc32)s1
",0.44066712
29674,"Cc1nn(CC(C)C)c(Cl)c1C[NH+]1CCCCC1
",0.44066712
38430,"CCc1nn(C)c(CC2(CC(C)C)C[NH2+]C2)c1Cl
",0.44066706
7396,"CN1C[C@H](NC(=O)N[C@H]2CC[C@H]([NH+](C)C)C2)CC1=O
",0.44066706
18834,"CC(C)C1CCN(C(=O)CC2(O)CCCCC2)CC1
",0.44066706
25766,"CN(C(=O)N1CCOCC1)c1ccccc1
",0.44066703
1367,"CC1CC(NC(=O)[C@@H]2[C@@H](NC(=O)OC(C)(C)C)[C@H]3CC[C@@H]2C3)C1
",0.44066703
39266,"CCCC[NH+](C)CCn1cc(N)ccc1=O
",0.44066703
39429,"[NH3+]C1CCN(CCN2CCn3cc[nH+]c3C2)CC1
",0.44066703
39003,"COC(=O)/C=C/C(=O)c1ccc(OC)cc1
",0.44066703
16707,"C#CCNC(=O)NCc1ccccc1CC
",0.44066703
31029,"COc1ccc(C)cc1[C@@H](N)C[NH3+]
",0.44066703
32739,"CN(C)C1([C@@H]([NH3+])[C@@H]2CCO[C@]3(CCOC3)C2)CCCCC1
",0.44066703
17806,"C[C@H]1CCCN(C(=O)C2C(C)(C)C2(C)C)[C@@H]1C[NH3+]
",0.44066697
13604,"COc1cccc(/C=C(\C(C)=O)[N+](=O)[O-])c1OC
",0.44066697
2228,"CCOc1cc(Br)c2c(c1)[C@@H]([NH2+]C)CCC2
",0.44066697
31922,"CCC[NH2+][C@@H](C)c1ccnc(Oc2cc(C)cc(C)c2)c1
",0.44066697
18481,"C[C@@H](O)CC[NH+](C)Cc1cnc(C(C)(C)C)s1
",0.44066697
16043,"CC(C)C[C@H](CNC(=O)NCC1(C)CCCC1)C(=O)[O-]
",0.44066694
1329,"C[C@@H]1[NH2+]CC[C@H]1C(=O)NC[C@@H]1CCCC[C@@H]1CO
",0.44066694
15949,"C[C@@H](Cc1cccs1)C(=O)N[C@@H](C#N)C(C)(C)C
",0.44066694
9163,"CC1(C)[C@@H]2C[NH2+]C[C@H]2CN1[C@@H]1CCC[C@H](S(C)(=O)=O)C1
",0.44066694
34605,"CC[C@H](O)Cc1ccc(OC)nc1
",0.44066688
30619,"O=C([C@H]1CC=CCC1)N1CCO[C@@H]2CCCC[C@@H]21
",0.44066688
17503,"CC(C)C[C@@H](C)[NH2+]Cc1ccc(F)c(Br)c1
",0.44066688
9551,"Cc1cc(C)cc(NC(=O)CSC[C@H](C)CO)c1
",0.44066685
30190,"C=CCN1C(=O)N[C@@](C)(c2ccc([N+](=O)[O-])cc2)C1=O
",0.44066685
21301,"CC[C@H](C)CN(C)c1cc(Cl)c(Cl)cc1N
",0.44066685
37688,"O=[N+]([O-])c1ccc(C[NH+]2C[C@H]3CC=CC[C@@H]3C2)o1
",0.44066685
28732,"COCCN1CCC[C@@H]([C@H](C)[NH3+])C1
",0.44066685
7652,"CS(=O)(=O)c1ccc(NS(=O)(=O)c2ccc(F)c(C(=O)[O-])c2)cc1
",0.44066685
14470,"Cc1noc(C)c1C[S@@](=O)c1cccc(F)c1
",0.4406668
7196,"COc1ccc(Cl)cc1C(N)=O
",0.44066674
11251,"CC(C)(C)CC[C@@H](CBr)c1ccccc1F
",0.44066674
39590,"C[C@H]([NH3+])Cc1ccc(OCCc2ccncc2)cn1
",0.4406667
6746,"CC[C@@H]([NH3+])Cc1cc(F)c(O[C@@H](C)C(=O)NC)c(F)c1
",0.4406667
12487,"CC[C@@H](CCO)C[NH2+][C@@H](C)c1ccc(Cl)c(Cl)c1
",0.4406667
27388,"CC[C@@H]([NH2+][C@H](C)CS(C)(=O)=O)c1c(C)nn(C)c1C
",0.44066665
9789,"C[C@@H]1CCC[C@H](NC(=O)c2nc[nH]n2)C1
",0.44066665
13982,"CC(C)[NH2+]Cc1ccccc1OC1CCCCC1
",0.44066665
711,"CCC[C@@H]1SC[C@H](C(=O)[O-])N1C(=O)CN1CCC([NH3+])CC1
",0.44066662
25010,"C[NH+](Cc1ccc(F)cc1)[C@H]1CC[C@H](O)C1
",0.44066662
28393,"CCCNC(=O)NC(C)(C)c1ncc(C)s1
",0.44066662
22140,"Cc1c(N)cccc1SCC(=O)NC(N)=O
",0.44066662
6531,"CC(C)(C(=O)[O-])c1ccc([N-]S(=O)(=O)c2c(F)cc(F)cc2F)cc1
",0.44066662
30354,"C#CCN1CCC(C(=O)N(C)[C@@H]2CC[NH+](CC)C[C@H]2C)CC1
",0.44066662
9228,"O=C(NCCCC[NH+]1CCCC1)NC[C@H]1CCCO1
",0.44066662
26701,"Cc1nc(COc2cccnc2Cl)sc1C
",0.44066662
4220,"CC(C)[NH+]1CCN([C@H](C)C(=O)N2CCC[C@H](C(N)=O)C2)CC1
",0.44066662
28767,"CCOC[C@@H](C)[NH2+][C@@H]1CCN(C(C)C)C1=O
",0.44066662
18321,"CC(C)N(C(=O)c1cnc(Cl)c(Cl)c1)C(C)C
",0.44066656
8822,"CC1=C(C)C[C@@H](C(=O)NNC(=O)c2ccccc2C)[C@@H](C(=O)[O-])C1
",0.44066656
4939,"O[C@@H]1CCCC[C@H]1[NH2+]Cc1ccc(F)cc1
",0.44066656
5774,"CCN(CC[NH3+])[C@H]1CCOC2(CCSCC2)C1
",0.44066656
11447,"O=C1CCCCC[C@@H]1CN1CC[NH+]2CCC[C@@H]2C1
",0.44066656
26886,"C[C@H]([NH3+])c1ccnc(-n2ccnc2C#N)c1
",0.44066653
33039,"N#CN(CCN1CCCS1(=O)=O)c1ccccc1
",0.44066647
37992,"CC(C)(C)C(=O)CSc1nnc(-c2cnccn2)s1
",0.44066647
14845,"CC1(C)CSC[C@@H]([NH+]2CCC[C@@H]2C(=O)N2CCNCC2)C1
",0.44066647
24982,"Cc1nn(C)cc1[C@H](C)NS(=O)(=O)N(C)C(C)C
",0.44066647
11143,"COCc1ccccc1[N-]S(=O)(=O)CCc1ccccc1
",0.44066647
13652,"C[C@@H]([NH2+]CCCc1ccc(Cl)cc1)c1ccc([S@](C)=O)cc1
",0.44066647
27863,"CC1(C)CCC[C@@H](Sc2ccc([N+](=O)[O-])cc2)[C@H]1[NH3+]
",0.44066647
6707,"O=C(CCl)Nc1ccc(Cl)c(Cl)c1Cl
",0.44066644
15719,"C=C(Cl)CNCc1cc(C)c(F)c(C)c1
",0.44066644
1816,"CN(C)c1ccccc1N(C)S(=O)(=O)CCC1CC1
",0.44066644
15037,"CC[NH2+][C@H](c1cscc1C)C1CCOCC1
",0.44066644
29817,"O=C(C[C@H]1C[C@H]2CC[C@@H]1C2)N1CCN(C(=O)N2CCOCC2)CC1
",0.44066638
22464,"Oc1ccccc1C[NH2+]CCc1c[nH]c2ccccc12
",0.44066638
23935,"ClC[C@@H]1CCO[C@@H]1c1cc(Br)c(Br)o1
",0.44066638
24743,"CCCCC1(C)OC(=O)C(=Cc2ccc(F)cc2)C(=O)O1
",0.44066638
27041,"Cc1nn(C)c(Cl)c1C[NH+](C)CCO
",0.44066638
9316,"C=CC[NH+](CC(=O)[O-])[C@H](C)c1ccc(F)cc1O
",0.44066638
17564,"[NH3+][C@H](Cc1ccc(F)c(F)c1)c1ccc(Br)o1
",0.44066638
33387,"CCN(Cc1ccccn1)[C@H]1CCC[C@@H]1[NH3+]
",0.44066638
5361,"C[C@H]1CC(C(=O)N2CCC[C@@H]2C(=O)N(C)C)C[C@H](C)O1
",0.44066638
9353,"COC(=O)[C@@H](CO)NC(=O)N[C@@H]1CCOC1
",0.44066638
35201,"CN[C@@H](Cc1ccncc1Cl)C[NH+](C)C
",0.44066638
4949,"O=[N+]([O-])c1cc(C(F)(F)F)cc([N+](=O)[O-])c1NCCCO
",0.44066638
20026,"COc1ccc(C2(C[NH3+])CCOCC2)cc1
",0.44066638
34386,"CC[C@@H](C)NC(=O)[C@H](C)[NH2+]Cc1ccc(Cl)cc1
",0.44066638
5365,"COCC[C@H](C)C(=O)N1CCCN(C(=O)C(C)(C)C)CC1
",0.44066632
20748,"C[NH2+][C@H](C)c1ccc(Sc2cccs2)c(F)c1
",0.44066632
15065,"CCC[NH2+][C@H](COC(C)C)c1cc(F)ccc1C
",0.44066632
25310,"CCc1nnc(SCC(=O)N(c2ccccc2)c2ccccc2)n1N
",0.4406663
34831,"O=C([O-])C[S@](=O)c1c([N+](=O)[O-])cc(C(F)(F)F)cc1[N+](=O)[O-]
",0.4406663
32659,"CC[C@@H](C)CN(CC)c1ccc(C[NH3+])c(C)c1
",0.4406663
11182,"CN(C)c1cc(C(=O)Nc2ccc([S@](C)=O)cc2)ccn1
",0.4406663
31493,"CCOCCNC(=O)C1CCOCC1
",0.4406663
16667,"Fc1cc2c(cc1[C@@H]1CCC[NH2+]1)CCCC2
",0.44066623
38729,"CC(C)CN(CCC[NH3+])C(=O)[C@]1(C)CCCO1
",0.44066623
26773,"C[NH2+]C[C@H](Cc1ncnn1CC(C)C)c1ccccc1Cl
",0.4406662
26473,"CC[C@@H](CSC)N(C)C(=O)Cc1cccnc1
",0.4406662
38952,"COc1ccc([C@@H](NC[C@@H](O)c2ccncc2)C(C)C)cc1
",0.4406662
3993,"Cc1ccc(F)c([C@@H]([NH3+])c2cc(F)cc(Br)c2)c1
",0.4406662
796,"CC(C)(C(=O)Cc1ccc(Cl)s1)[NH+]1CCCC1
",0.4406662
9310,"CC(C)NC(=O)CC(=O)N/N=C/c1ccc(Br)cc1
",0.44066614
32315,"CC[C@H](NC(=O)c1ccc(S(=O)(=O)N(C)C)cc1)C(=O)[O-]
",0.4406661
30178,"CC1(C)Cc2[nH]nc(-c3ccccc3)c2[C@H](Cl)C1
",0.4406661
9865,"C=CCN1C(=O)S/C(=C\c2ccc(OC(C)C)cc2)C1=O
",0.4406661
19613,"O=C(c1ccc(I)o1)N1CCCCC1
",0.4406661
26733,"CCC1(CC)[C@@H](N/C(N)=[NH+]/C2CC2)[C@@H](C)[C@@H]1OC
",0.44066605
15997,"CCN(Cc1nccs1)[C@@H]1CCC[NH2+]C1
",0.44066605
3010,"C[C@H](Cl)C(=O)Nc1ccccc1C(=O)NC(C)(C)C
",0.44066605
9129,"Cc1nsc(NC(=O)CC2([NH3+])CCC2)c1C(=O)[O-]
",0.44066602
4699,"Cc1ccc(C(=O)N[C@H](C)C(C)(C)C)o1
",0.44066602
610,"CCS(=O)(=O)C[C@H](C)N(C)C(=O)c1ccc(Br)cc1
",0.44066602
26962,"C[NH2+][C@@H]1[C@H](CN(C)Cc2ccccc2C)CCC1(C)C
",0.44066602
35020,"Cc1cccnc1CN(C)[C@H](C)c1ccc(Cl)cc1
",0.44066596
23794,"CCOc1ccc(CCC(=O)NC2CC(C)(C)[NH2+]C(C)(C)C2)cc1
",0.44066596
22400,"CCOc1ccc(N(C)Cc2n[nH]c(=O)[nH]2)cc1
",0.44066596
11134,"CC1(C)Cc2occc2[C@H]([NH2+]C2CC[NH+](C(C)(C)C)CC2)C1
",0.4406659
368,"[NH3+]Cc1cccc(-c2nnco2)c1
",0.4406659
33008,"COc1ccc(NC(=O)C(=O)N[C@H](C#N)C(C)(C)C)cc1
",0.4406659
16978,"CCN(C[C@H]1CCCC(C)(C)[C@@H]1[NH2+]C)c1ccccc1
",0.4406659
14740,"Cc1cscc1C(=O)N1CC[C@H](Cl)C1
",0.4406659
16552,"O=C([O-])[C@H]1COc2c(O)cccc2C1
",0.4406659
22537,"CC1=NN(CCC#N)C(=O)/C1=C\c1ccc(N(C)C)cc1
",0.44066587
29269,"O=[S@](CC1CC[NH2+]CC1)c1ccc(F)cc1F
",0.44066587
16878,"O=C(/C=C/C1CC1)N[C@H]1CS(=O)(=O)C[C@@H]1N1CCCC1
",0.44066587
16643,"COc1cc(-c2cccc(-c3cc[nH]n3)c2)ncn1
",0.44066587
33571,"COc1cc(C)c2c(c1)C(=O)CCC2
",0.4406658
35570,"CC[NH2+][C@@H](c1ccccc1)[C@@H](C)Sc1ccncc1
",0.4406658
13978,"Cc1nc2cnc3ccccc3c2s1
",0.4406658
31411,"Cc1ccc(C2=NC3(CCCC3)NC2=O)cc1
",0.4406658
16318,"C#C[C@]1(O)CC[C@@H]2[C@H]3CCC4=CCCC[C@H]4[C@@H]3CC[C@]21C
",0.4406658
2318,"c1cc2c(cc1[C@H]1OCC[C@H]1C[NH2+]C1CC1)CCO2
",0.4406658
11671,"C[C@H]1CC[C@@H](C)[NH+]1Cc1cnc2ncccn12
",0.4406658
15328,"COc1cc(OC)cc([C@H](O)[C@H]2C[NH+]3CCN2CC3)c1
",0.4406658
20688,"Cc1ccccc1C(=O)N[C@H]1CCCC[C@H]1C
",0.4406658
33524,"CC[C@@H](C)NC(=O)C(=O)Nc1ccc(S(=O)(=O)C(F)F)cc1
",0.44066578
19907,"COc1cccc([C@@H](O)c2cc(C)cc(F)c2)c1OC
",0.44066578
21764,"Cc1nc(N2CCN(c3ccccc3)CC2)sc1C
",0.44066578
17543,"c1ccc([NH+]2CCCCCC2)c(NC2CCSCC2)c1
",0.44066578
9659,"C[C@H](Nn1cccc1)c1ccccc1C(F)(F)F
",0.44066572
3806,"CC(C)Sc1ccccc1C(=O)N(CC(N)=O)C(C)C
",0.44066572
26307,"Cc1cnc(CC/[NH+]=C(\N)NC2CCCCCC2)s1
",0.44066572
36526,"Cc1cc(C)c(C)c(S(=O)(=O)[N-]c2cc([N+](=O)[O-])c(F)cc2F)c1C
",0.44066572
22491,"C[C@@H]([NH2+]CCC1=CCOCC1)c1ccc(I)cc1
",0.44066572
39201,"CC[NH2+][C@H](C)c1ccn(Cc2ccc(C(C)(C)C)cc2)c1
",0.44066572
39444,"CCC[NH2+][C@H](C)C1CC[NH+]([C@@H]2CCOC3(CCC3)C2)CC1
",0.44066572
14439,"C[C@H]1C[NH+](C)[C@H](C)C[C@]1(O)Cc1ccccc1
",0.4406657
19965,"Cc1cc(C)cc(CSc2ncccc2/C(N)=N/O)c1
",0.4406657
11240,"O[C@@H]1CCCC[C@@H]1[NH2+]Cc1ccccn1
",0.4406657
29679,"CC(C)(C)[NH+]1CCC(NC(=O)C[C@@H]2C[NH2+]CCO2)CC1
",0.44066563
19848,"CC(=O)c1ccc(OC(=O)c2ccc(F)cc2Br)cc1
",0.44066563
28729,"O=[S@](Cc1ccon1)Cc1cc(-c2cccs2)on1
",0.44066563
2330,"C=C(C)CN1C(=O)/C(=C\c2ccc(C)cc2)SC1=S
",0.44066563
35774,"CCc1nnc([O-])c(C(=O)NCC(C)(C)c2ccncc2)c1CC
",0.44066563
26430,"Cc1ccc(-c2ccnc(Cl)n2)c(Cl)n1
",0.44066563
22134,"Cc1ccc(C)n1NCc1csc2ccccc12
",0.44066563
16829,"Cc1ccc(Br)cc1C(=O)N[C@@H](CO)C(C)C
",0.44066563
29569,"COc1ccccc1C[NH+]1CC[C@@H](C)[C@H]1C
",0.4406656
