id,content,doi,patent_link,title,journal,document_type,pubmed_id,year,month,day,volume,issue,first_page,last_page
1,"Choi, J., Chen, J., Schreiber, S. L., & Clardy, J. (1996). Structure of the FKBP12-rapamycin complex interacting with the binding domain of human FRAP. Science, 273(5272), 239–242.",10.1126/science.273.5272.239,,Structure of the FKBP12-rapamycin complex interacting with the binding domain of human FRAP.,Science,Scientific Literature,8662507,1996,7,12,273,5272,239,242
2,"Banaszynski, L. A., Liu, C. W., & Wandless, T. J. (2005). Characterization of the FKBP.rapamycin.FRB ternary complex. Journal of the American Chemical Society, 127(13), 4715–4721.",10.1021/ja043277y,,Characterization of the FKBP.rapamycin.FRB ternary complex.,Journal of the American Chemical Society,Scientific Literature,15796538,2005,4,6,127,13,4715,4721
3,"Wu, H. D., Kikuchi, M., Dagliyan, O., Aragaki, A. K., Nakamura, H., Dokholyan, N. V., Umehara, T., & Inoue, T. (2020). Rational design and implementation of a chemically inducible heterotrimerization system. Nature Methods, 17(9), 928–936.",10.1038/s41592-020-0913-x,,Rational design and implementation of a chemically inducible heterotrimerization system.,Nature Methods,Scientific Literature,32747768,2020,8,3,17,9,928,936
4,"März, A. M., Fabian, A. K., Kozany, C., Bracher, A., & Hausch, F. (2013). Large FK506-binding proteins shape the pharmacology of rapamycin. Molecular and Cellular Biology, 33(7), 1357–1367.",10.1128/MCB.00678-12,,Large FK506-binding proteins shape the pharmacology of rapamycin.,Molecular and Cellular Biology,Scientific Literature,23358420,2013,3,20,33,7,1357,1367
5,"Liang, J., Choi, J., & Clardy, J. (1999). Refined structure of the FKBP12-rapamycin-FRB ternary complex at 2.2 A resolution. Acta crystallographica. Section D, Biological crystallography, 55(Pt 4), 736–744.",10.1107/s0907444998014747,,Refined structure of the FKBP12-rapamycin-FRB ternary complex at 2.2 A resolution.,"Acta crystallographica. Section D, Biological crystallography",Scientific Literature,10089303,1999,4,,55,Pt 4,736,744
6,"Renault, L., Guibert, B., & Cherfils, J. (2003). Structural snapshots of the mechanism and inhibition of a guanine nucleotide exchange factor. Nature, 426(6966), 525–530.",10.1038/nature02197,,Structural snapshots of the mechanism and inhibition of a guanine nucleotide exchange factor.,Nature,Scientific Literature,14654833,2003,12,4,426,6966,525,530
7,"Mossessova, E., Corpina, R. A., & Goldberg, J. (2003). Crystal structure of ARF1*Sec7 complexed with Brefeldin A and its implications for the guanine nucleotide exchange mechanism. Molecular Cell, 12(6), 1403–1411.",10.1016/s1097-2765(03)00475-1,,Crystal structure of ARF1*Sec7 complexed with Brefeldin A and its implications for the guanine nucleotide exchange mechanism.,Molecular Cell,Scientific Literature,14690595,2003,12,,12,6,1403,1411
8,"Kaae, B. H., Harpsøe, K., Kastrup, J. S., Sanz, A. C., Pickering, D. S., Metzler, B., Clausen, R. P., Gajhede, M., Sauerberg, P., Liljefors, T., & Madsen, U. (2007). Structural proof of a dimeric positive modulator bridging two identical AMPA receptor-binding sites. Chemistry & Biology, 14(11), 1294–1303.",10.1016/j.chembiol.2007.10.012,,Structural proof of a dimeric positive modulator bridging two identical AMPA receptor-binding sites.,Chemistry & Biology,Scientific Literature,18022568,2007,11,26,14,11,1294,1303
9,"Miyazono, K., Miyakawa, T., Sawano, Y., Kubota, K., Kang, H. J., Asano, A., Miyauchi, Y., Takahashi, M., Zhi, Y., Fujita, Y., et al. (2009). Structural basis of abscisic acid signalling. Nature, 462(7273), 609–614.",10.1038/nature08583,,Structural basis of abscisic acid signalling.,Nature,Scientific Literature,19855379,2009,12,3,462,7273,609,614
10,"Melcher, K., Ng, L. M., Zhou, X. E., Soon, F. F., Xu, Y., Suino-Powell, K. M., Park, S. Y., Weiner, J. J., Fujii, H., Chinnusamy, V., et al. (2009). A gate-latch-lock mechanism for hormone signalling by abscisic acid receptors. Nature, 462(7273), 602–608.",10.1038/nature08613,,A gate-latch-lock mechanism for hormone signalling by abscisic acid receptors.,Nature,Scientific Literature,19898420,2009,12,3,462,7273,602,608
11,"Yin, P., Fan, H., Hao, Q., Yuan, X., Wu, D., Pang, Y., Yan, C., Li, W., Wang, J., & Yan, N. (2009). Structural insights into the mechanism of abscisic acid signaling by PYL proteins. Nature Structural & Molecular Biology, 16(12), 1230–1236.",10.1038/nsmb.1730,,Structural insights into the mechanism of abscisic acid signaling by PYL proteins.,Nature Structural & Molecular Biology,Scientific Literature,19893533,2009,11,5,16,12,1230,1236
12,"Dupeux, F., Antoni, R., Betz, K., Santiago, J., Gonzalez-Guzman, M., Rodriguez, L., Rubio, S., Park, S. Y., Cutler, S. R., Rodriguez, P. L., & Márquez, J. A. (2011). Modulation of abscisic acid signaling in vivo by an engineered receptor-insensitive protein phosphatase type 2C allele. Plant Physiology, 156(1), 106–116.",10.1104/pp.110.170894,,Modulation of abscisic acid signaling in vivo by an engineered receptor-insensitive protein phosphatase type 2C allele.,Plant Physiology,Scientific Literature,21357183,2011,2,28,156,1,106,116
13,"Soon, F. F., Ng, L. M., Zhou, X. E., West, G. M., Kovach, A., Tan, M. H., Suino-Powell, K. M., He, Y., Xu, Y., Chalmers, M. J., et al. (2012). Molecular mimicry regulates ABA signaling by SnRK2 kinases and PP2C phosphatases. Science, 335(6064), 85–88.",10.1126/science.1215106,,Molecular mimicry regulates ABA signaling by SnRK2 kinases and PP2C phosphatases.,Science,Scientific Literature,22116026,2012,1,6,335,6064,85,88
14,"Dupeux, F., Santiago, J., Betz, K., Twycross, J., Park, S. Y., Rodriguez, L., Gonzalez-Guzman, M., Jensen, M. R., Krasnogor, N., Blackledge, M., et al. (2011). A thermodynamic switch modulates abscisic acid receptor sensitivity. The EMBO Journal, 30(20), 4171–4184.",10.1038/emboj.2011.294,,A thermodynamic switch modulates abscisic acid receptor sensitivity.,The EMBO Journal,Scientific Literature,21847091,2011,8,16,30,20,4171,4184
15,"Zhang, X., Zhang, Q., Xin, Q., Yu, L., Wang, Z., Wu, W., Jiang, L., Wang, G., Tian, W., Deng, Z., et al. (2012). Complex structures of the abscisic acid receptor PYL3/RCAR13 reveal a unique regulatory mechanism. Structure, 20(5), 780–790.",10.1016/j.str.2012.02.019,,Complex structures of the abscisic acid receptor PYL3/RCAR13 reveal a unique regulatory mechanism.,Structure,Scientific Literature,22579247,2012,5,9,20,5,780,790
16,"He, Y., Hao, Q., Li, W., Yan, C., Yan, N., & Yin, P. (2014). Identification and characterization of ABA receptors in Oryza sativa. PLoS ONE, 9(4), e95246.",10.1371/journal.pone.0095246,,Identification and characterization of ABA receptors in Oryza sativa.,PLoS ONE,Scientific Literature,24743650,2014,4,17,9,4,e95246,
17,"Han, S., Min, M. K., Lee, S. Y., Lim, C. W., Bhatnagar, N., Lee, Y., Shin, D., Chung, K. Y., Lee, S. C., Kim, B. G., & Lee, S. (2017). Modulation of ABA signaling by altering VxGΦL motif of PP2Cs in Oryza sativa. Molecular Plant, 10(9), 1190–1205.",10.1016/j.molp.2017.08.003,,Modulation of ABA signaling by altering VxGΦL motif of PP2Cs in Oryza sativa.,Molecular Plant,Scientific Literature,28827170,2017,9,12,10,9,1190,1205
18,"Weng, J. K., Ye, M., Li, B., & Noel, J. P. (2016). Co-evolution of hormone metabolism and signaling networks expands plant adaptive plasticity. Cell, 166(4), 881–893.",10.1016/j.cell.2016.06.027,,Co-evolution of hormone metabolism and signaling networks expands plant adaptive plasticity.,Cell,Scientific Literature,27518563,2016,8,11,166,4,881,893
19,"Moreno-Alvero, M., Yunta, C., Gonzalez-Guzman, M., Lozano-Juste, J., Benavente, J. L., Arbona, V., Menéndez, M., Martinez-Ripoll, M., Infantes, L., Gomez-Cadenas, A., et al. (2017). Structure of ligand-bound intermediates of crop ABA receptors highlights PP2C as necessary ABA co-receptor. Molecular Plant, 10(9), 1250–1253.",10.1016/j.molp.2017.07.004,,Structure of ligand-bound intermediates of crop ABA receptors highlights PP2C as necessary ABA co-receptor.,Molecular Plant,Scientific Literature,28736053,2017,9,12,10,9,1250,1253
20,"Han, S., Lee, J. Y., Lee, Y., Kim, T. H., & Lee, S. (2019). Comprehensive survey of the VxGΦL motif of PP2Cs from Oryza sativa reveals the critical role of the fourth position in regulation of ABA responsiveness. Plant Molecular Biology, 101(4-5), 455–469.",10.1007/s11103-019-00916-9,,Comprehensive survey of the VxGΦL motif of PP2Cs from Oryza sativa reveals the critical role of the fourth position in regulation of ABA responsiveness.,Plant Molecular Biology,Scientific Literature,31541388,2019,9,20,101,4-5,455,469
21,"Karakas, E., Simorowski, N., & Furukawa, H. (2011). Subunit arrangement and phenylethanolamine binding in GluN1/GluN2B NMDA receptors. Nature, 475(7355), 249–253.",10.1038/nature10180,,Subunit arrangement and phenylethanolamine binding in GluN1/GluN2B NMDA receptors.,Nature,Scientific Literature,21677647,2011,6,15,475,7355,249,253
22,"Griffith, J. P., Kim, J. L., Kim, E. E., Sintchak, M. D., Thomson, J. A., Fitzgibbon, M. J., Fleming, M. A., Caron, P. R., Hsiao, K., & Navia, M. A. (1995). X-ray structure of calcineurin inhibited by the immunophilin-immunosuppressant FKBP12-FK506 complex. Cell, 82(3), 507–522.",10.1016/0092-8674(95)90439-5,,X-ray structure of calcineurin inhibited by the immunophilin-immunosuppressant FKBP12-FK506 complex.,Cell,Scientific Literature,7543369,1995,8,11,82,3,507,522
23,"Juvvadi, P. R., Fox, D., 3rd, Bobay, B. G., Hoy, M. J., Gobeil, S. M. C., Venters, R. A., Chang, Z., Lin, J. J., Averette, A. F., Cole, D. C., et al. (2019). Harnessing calcineurin-FK506-FKBP12 crystal structures from invasive fungal pathogens to develop antifungal agents. Nature Communications, 10(1), 4275.",10.1038/s41467-019-12199-1,,Harnessing calcineurin-FK506-FKBP12 crystal structures from invasive fungal pathogens to develop antifungal agents.,Nature Communications,Scientific Literature,31537789,2019,9,19,10,1,4275,
24,"Siekierka, J. J., Hung, S. H., Poe, M., Lin, C. S., & Sigal, N. H. (1989). A cytosolic binding protein for the immunosuppressant FK506 has peptidyl-prolyl isomerase activity but is distinct from cyclophilin. Nature, 341(6244), 755–757.",10.1038/341755a0,,A cytosolic binding protein for the immunosuppressant FK506 has peptidyl-prolyl isomerase activity but is distinct from cyclophilin.,Nature,Scientific Literature,2477714,1989,10,26,341,6244,755,757
25,"Bulawa, C. E., Connelly, S., Devit, M., Wang, L., Weigel, C., Fleming, J. A., Packman, J., Powers, E. T., Wiseman, R. L., Foss, T. R., et al. (2012). Tafamidis, a potent and selective transthyretin kinetic stabilizer that inhibits the amyloid cascade. Proceedings of the National Academy of Sciences of the United States of America, 109(24), 9629–9634.",10.1073/pnas.1121005109,,"Tafamidis, a potent and selective transthyretin kinetic stabilizer that inhibits the amyloid cascade.",Proceedings of the National Academy of Sciences of the United States of America,Scientific Literature,22645360,2012,6,12,109,24,9629,9634
26,"Graves, B., Thompson, T., Xia, M., Janson, C., Lukacs, C., Deo, D., Di Lello, P., Fry, D., Garvie, C., Huang, K. S., et al. (2012). Activation of the p53 pathway by small-molecule-induced MDM2 and MDMX dimerization. Proceedings of the National Academy of Sciences of the United States of America, 109(29), 11788–11793.",10.1073/pnas.1203789109,,Activation of the p53 pathway by small-molecule-induced MDM2 and MDMX dimerization.,Proceedings of the National Academy of Sciences of the United States of America,Scientific Literature,22745160,2012,7,17,109,29,11788,11793
27,"Malashkevich, V. N., Dulyaninova, N. G., Ramagopal, U. A., Liriano, M. A., Varney, K. M., Knight, D., Brenowitz, M., Weber, D. J., Almo, S. C., & Bresnick, A. R. (2010). Phenothiazines inhibit S100A4 function by inducing protein oligomerization. Proceedings of the National Academy of Sciences of the United States of America, 107(19), 8605–8610.",10.1073/pnas.0913660107,,Phenothiazines inhibit S100A4 function by inducing protein oligomerization.,Proceedings of the National Academy of Sciences of the United States of America,Scientific Literature,20421509,2010,5,11,107,19,8605,8610
28,"Watson, P. J., Fairall, L., Santos, G. M., & Schwabe, J. W. (2012). Structure of HDAC3 bound to co-repressor and inositol tetraphosphate. Nature, 481(7381), 335–340.",10.1038/nature10728,,Structure of HDAC3 bound to co-repressor and inositol tetraphosphate.,Nature,Scientific Literature,22230954,2012,1,9,481,7381,335,340
29,"Zhang, M., Pascal, J. M., Schumann, M., Armen, R. S., & Zhang, J. F. (2012). Identification of the functional binding pocket for compounds targeting small-conductance Ca²⁺-activated potassium channels. Nature Communications, 3, 1021.",10.1038/ncomms2017,,Identification of the functional binding pocket for compounds targeting small-conductance Ca²⁺-activated potassium channels.,Nature Communications,Scientific Literature,22929778,2012,8,28,3,,1021,
30,"Zhang, M., Pascal, J. M., & Zhang, J. F. (2013). Unstructured to structured transition of an intrinsically disordered protein peptide in coupling Ca²⁺-sensing and SK channel activation. Proceedings of the National Academy of Sciences of the United States of America, 110(12), 4828–4833.",10.1073/pnas.1220253110,,Unstructured to structured transition of an intrinsically disordered protein peptide in coupling Ca²⁺-sensing and SK channel activation.,Proceedings of the National Academy of Sciences of the United States of America,Scientific Literature,23487779,2013,3,19,110,12,4828,2833
31,"Santiago, J., Henzler, C., & Hothorn, M. (2013). Molecular mechanism for plant steroid receptor activation by somatic embryogenesis co-receptor kinases. Science, 341(6148), 889–892.",10.1126/science.1242468,,Molecular mechanism for plant steroid receptor activation by somatic embryogenesis co-receptor kinases.,Science,Scientific Literature,23929946,2013,8,23,341,6148,889,892
32,"Sun, Y., Han, Z., Tang, J., Hu, Z., Chai, C., Zhou, B., & Chai, J. (2013). Structure reveals that BAK1 as a co-receptor recognizes the BRI1-bound brassinolide. Cell Research, 23(11), 1326–1329.",10.1038/cr.2013.131,,Structure reveals that BAK1 as a co-receptor recognizes the BRI1-bound brassinolide.,Cell Research,Scientific Literature,24126715,2013,11,,23,11,1326,1329
33,"Huang, H., Ceccarelli, D. F., Orlicky, S., St-Cyr, D. J., Ziemba, A., Garg, P., Plamondon, S., Auer, M., Sidhu, S., Marinier, A., et al. (2014). E2 enzyme inhibition by stabilization of a low-affinity interface with ubiquitin. Nature Chemical Biology, 10(2), 156–163.",10.1038/nchembio.1412,,E2 enzyme inhibition by stabilization of a low-affinity interface with ubiquitin.,Nature Chemical Biology,Scientific Literature,24316736,2014,2,,10,2,156,163
34,"Waring, M. J., Chen, H., Rabow, A. A., Walker, G., Bobby, R., Boiko, S., Bradbury, R. H., Callis, R., Clark, E., Dale, I., et al. (2016). Potent and selective bivalent inhibitors of BET bromodomains. Nature Chemical Biology, 12(12), 1097–1104.",10.1038/nchembio.2210,,Potent and selective bivalent inhibitors of BET bromodomains.,Nature Chemical Biology,Scientific Literature,27775716,2016,12,,12,12,1097,1104
35,"Petzold, G., Fischer, E. S., & Thomä, N. H. (2016). Structural basis of lenalidomide-induced CK1α degradation by the CRL4(CRBN) ubiquitin ligase. Nature, 532(7597), 127–130.",10.1038/nature16979,,Structural basis of lenalidomide-induced CK1α degradation by the CRL4(CRBN) ubiquitin ligase.,Nature,Scientific Literature,26909574,2016,4,7,532,7597,127,130
36,"Krönke, J., Udeshi, N. D., Narla, A., Grauman, P., Hurst, S. N., McConkey, M., Svinkina, T., Heckl, D., Comer, E., Li, X., et al. (2014). Lenalidomide causes selective degradation of IKZF1 and IKZF3 in multiple myeloma cells. Science, 343(6168), 301–305.",10.1126/science.1244851,,Lenalidomide causes selective degradation of IKZF1 and IKZF3 in multiple myeloma cells.,Science,Scientific Literature,24292625,2014,1,17,343,6168,301,305
37,"Matyskiela, M. E., Lu, G., Ito, T., Pagarigan, B., Lu, C. C., Miller, K., Fang, W., Wang, N. Y., Nguyen, D., Houston, J., et al. (2016). A novel cereblon modulator recruits GSPT1 to the CRL4(CRBN) ubiquitin ligase. Nature, 535(7611), 252–257.",10.1038/nature18611,,A novel cereblon modulator recruits GSPT1 to the CRL4(CRBN) ubiquitin ligase.,Nature,Scientific Literature,27338790,2016,7,14,535,7611,252,257
38,"Nishiguchi, G., Keramatnia, F., Min, J., Chang, Y., Jonchere, B., Das, S., Actis, M., Price, J., Chepyala, D., Young, B., et al. (2021). Identification of potent, selective, and orally bioavailable small-molecule GSPT1/2 degraders from a focused library of cereblon modulators. Journal of Medicinal Chemistry, 64(11), 7296–7311.",10.1021/acs.jmedchem.0c01313,,"Identification of potent, selective, and orally bioavailable small-molecule GSPT1/2 degraders from a focused library of cereblon modulators.",Journal of Medicinal Chemistry,Scientific Literature,34042448,2021,6,10,64,11,7296,7311
39,"Zak, K. M., Grudnik, P., Guzik, K., Zieba, B. J., Musielak, B., Dömling, A., Dubin, G., & Holak, T. A. (2016). Structural basis for small molecule targeting of the programmed death ligand 1 (PD-L1). Oncotarget, 7(21), 30323–30335.",10.18632/oncotarget.8730,,Structural basis for small molecule targeting of the programmed death ligand 1 (PD-L1).,Oncotarget,Scientific Literature,27083005,2016,5,24,7,21,30323,30335
40,"Chupak, L. S., & Zheng, X. (2015). Compounds useful as immunomodulators. WIPO (PCT). WO2015034820A1.",,https://patentimages.storage.googleapis.com/8e/90/01/6780a23a19f23b/WO2015034820A1.pdf,Compounds useful as immunomodulators.,,Patent,,2015,3,12,,,,
41,"Wojtaszek, J. L., Chatterjee, N., Najeeb, J., Ramos, A., Lee, M., Bian, K., Xue, J. Y., Fenton, B. A., Park, H., Li, D., et al. (2019). A small molecule targeting mutagenic translesion synthesis improves chemotherapy. Cell, 178(1), 152–159.e11.",10.1016/j.cell.2019.05.028,,A small molecule targeting mutagenic translesion synthesis improves chemotherapy.,Cell,Scientific Literature,31178121,2019,6,27,178,1,152,159
42,"Lin, S. M., Lin, S. C., Hsu, J. N., Chang, C. K., Chien, C. M., Wang, Y. S., Wu, H. Y., Jeng, U. S., Kehn-Hall, K., & Hou, M. H. (2020). Structure-based stabilization of non-native protein-protein interactions of coronavirus nucleocapsid proteins in antiviral drug design. Journal of Medicinal Chemistry, 63(6), 3131–3141.",10.1021/acs.jmedchem.9b01913,,Structure-based stabilization of non-native protein-protein interactions of coronavirus nucleocapsid proteins in antiviral drug design.,Journal of Medicinal Chemistry,Scientific Literature,32105468,2020,3,26,63,6,3131,3141
43,"Morgan, G. J., Yan, N. L., Mortenson, D. E., Rennella, E., Blundon, J. M., Gwin, R. M., Lin, C. Y., Stanfield, R. L., Brown, S. J., Rosen, H., et al. (2019). Stabilization of amyloidogenic immunoglobulin light chains by small molecules. Proceedings of the National Academy of Sciences of the United States of America, 116(17), 8360–8369.",10.1073/pnas.1817567116,,Stabilization of amyloidogenic immunoglobulin light chains by small molecules.,Proceedings of the National Academy of Sciences of the United States of America,Scientific Literature,30971495,2019,4,23,116,17,8360,8369
44,"Shigdel, U. K., Lee, S. J., Sowa, M. E., Bowman, B. R., Robison, K., Zhou, M., Pua, K. H., Stiles, D. T., Blodgett, J. A. V., Udwary, D. W., et al. (2020). Genomic discovery of an evolutionarily programmed modality for small-molecule targeting of an intractable protein surface. Proceedings of the National Academy of Sciences of the United States of America, 117(29), 17195–17203.",10.1073/pnas.2006560117,,Genomic discovery of an evolutionarily programmed modality for small-molecule targeting of an intractable protein surface.,Proceedings of the National Academy of Sciences of the United States of America,Scientific Literature,30971495,2019,4,23,116,17,8360,8369
45,"Du, X., Volkov, O. A., Czerwinski, R. M., Tan, H., Huerta, C., Morton, E. R., Rizzi, J. P., Wehn, P. M., Xu, R., Nijhawan, D., & Wallace, E. M. (2019). Structural basis and kinetic pathway of RBM39 recruitment to DCAF15 by a sulfonamide molecular glue E7820. Structure, 27(11), 1625–1633.e3.",10.1016/j.str.2019.10.005,,Structural basis and kinetic pathway of RBM39 recruitment to DCAF15 by a sulfonamide molecular glue E7820.,Structure,Scientific Literature,31693911,2019,11,5,27,11,1625,1633.e3
46,"Faust, T. B., Yoon, H., Nowak, R. P., Donovan, K. A., Li, Z., Cai, Q., Eleuteri, N. A., Zhang, T., Gray, N. S., & Fischer, E. S. (2020). Structural complementarity facilitates E7820-mediated degradation of RBM39 by DCAF15. Nature Chemical Biology, 16(1), 7–14.",10.1038/s41589-019-0378-3,,Structural complementarity facilitates E7820-mediated degradation of RBM39 by DCAF15.,Nature Chemical Biology,Scientific Literature,31686031,2020,1,,16,1,7,14
47,"Bussiere, D. E., Xie, L., Srinivas, H., Shu, W., Burke, A., Be, C., Zhao, J., Godbole, A., King, D., Karki, R. G., et al. (2020). Structural basis of indisulam-mediated RBM39 recruitment to DCAF15 E3 ligase complex. Nature Chemical Biology, 16(1), 15–23.",10.1038/s41589-019-0411-6,,Structural basis of indisulam-mediated RBM39 recruitment to DCAF15 E3 ligase complex.,Nature Chemical Biology,Scientific Literature,31819272,2020,1,,16,1,15,23
48,"Ting, T. C., Goralski, M., Klein, K., Wang, B., Kim, J., Xie, Y., & Nijhawan, D. (2019). Aryl sulfonamides degrade RBM39 and RBM23 by recruitment to CRL4-DCAF15. Cell Reports, 29(6), 1499–1510.e6.",10.1016/j.celrep.2019.09.079,,Aryl sulfonamides degrade RBM39 and RBM23 by recruitment to CRL4-DCAF15.,Cell Reports,Scientific Literature,31693891,2019,11,5,29,6,1499,1510.e6
49,"Słabicki, M., Kozicka, Z., Petzold, G., Li, Y. D., Manojkumar, M., Bunker, R. D., Donovan, K. A., Sievers, Q. L., Koeppel, J., Suchyta, D., et al. (2020). The CDK inhibitor CR8 acts as a molecular glue degrader that depletes cyclin K. Nature, 585(7824), 293–297.",10.1038/s41586-020-2374-x,,The CDK inhibitor CR8 acts as a molecular glue degrader that depletes cyclin K.,Nature,Scientific Literature,32494016,2020,9,,585,7824,293,297
50,"Kozicka, Z., Suchyta, D. J., Focht, V., Kempf, G., Petzold, G., Jentzsch, M., Zou, C., Di Genua, C., Donovan, K. A., Coomar, S., et al. (2024). Design principles for cyclin K molecular glue degraders. Nature Chemical Biology, 20(1), 93–102.",10.1038/s41589-023-01409-z,,Design principles for cyclin K molecular glue degraders.,Nature Chemical Biology,Scientific Literature,37679459,2024,1,,20,1,93,102
51,"Surka, C., Jin, L., Mbong, N., Lu, C. C., Jang, I. S., Rychak, E., Mendy, D., Clayton, T., Tindall, E., Hsu, C., et al. (2021). CC-90009, a novel cereblon E3 ligase modulator, targets acute myeloid leukemia blasts and leukemia stem cells. Blood, 137(5), 661–677.",10.1182/blood.2020008676,,"CC-90009, a novel cereblon E3 ligase modulator, targets acute myeloid leukemia blasts and leukemia stem cells.",Blood,Scientific Literature,33197925,2021,2,4,137,5,661,677
52,"Słabicki, M., Yoon, H., Koeppel, J., Nitsch, L., Roy Burman, S. S., Di Genua, C., Donovan, K. A., Sperling, A. S., Hunkeler, M., Tsai, J. M., et al. (2020). Small-molecule-induced polymerization triggers degradation of BCL6. Nature, 588(7836), 164–168.",10.1038/s41586-020-2925-1,,Small-molecule-induced polymerization triggers degradation of BCL6.,Nature,Scientific Literature,33208943,2020,12,,588,7836,164,168
53,"Chen, J., Liu, N., Huang, Y., Wang, Y., Sun, Y., Wu, Q., Li, D., Gao, S., Wang, H. W., Huang, N., et al. (2021). Structure of PDE3A-SLFN12 complex and structure-based design for a potent apoptosis inducer of tumor cells. Nature Communications, 12(1), 6204.",10.1038/s41467-021-26546-8,,Structure of PDE3A-SLFN12 complex and structure-based design for a potent apoptosis inducer of tumor cells.,Nature Communications,Scientific Literature,34707099,2021,10,27,12,1,6204,
54,"Khan, Z. M., Real, A. M., Marsiglia, W. M., Chow, A., Duffy, M. E., Yerabolu, J. R., Scopton, A. P., & Dar, A. C. (2020). Structural basis for the action of the drug trametinib at KSR-bound MEK. Nature, 588(7838), 509–514.",10.1038/s41586-020-2760-4,,Structural basis for the action of the drug trametinib at KSR-bound MEK.,Nature,Scientific Literature,32927473,2020,12,,588,7838,509,514
55,"St-Cyr, D., Ceccarelli, D. F., Orlicky, S., van der Sloot, A. M., Tang, X., Kelso, S., Moore, S., James, C., Posternak, G., Coulombe-Huntington, J., et al. (2021). Identification and optimization of molecular glue compounds that inhibit a noncovalent E2 enzyme-ubiquitin complex. Science Advances, 7(44), eabi5797.",10.1126/sciadv.abi5797,,Identification and optimization of molecular glue compounds that inhibit a noncovalent E2 enzyme-ubiquitin complex.,Science Advances,Scientific Literature,34705497,2021,10,29,7,44,eabi5797,
56,"Cao, S., Kang, S., Mao, H., Yao, J., Gu, L., & Zheng, N. (2022). Defining molecular glues with a dual-nanobody cannabidiol sensor. Nature Communications, 13(1), 815.",10.1038/s41467-022-28507-1,,Defining molecular glues with a dual-nanobody cannabidiol sensor.,Nature Communications,Scientific Literature,35145136,2022,2,10,13,1,815,
57,"Hsia, O., Hinterndorfer, M., Cowan, A. D., Iso, K., Ishida, T., Sundaramoorthy, R., Nakasone, M. A., Imrichova, H., Schätz, C., Rukavina, A., et al. (2024). Targeted protein degradation via intramolecular bivalent glues. Nature, 627(8002), 204–211.",10.1038/s41586-024-07089-6,,Targeted protein degradation via intramolecular bivalent glues.,Nature,Scientific Literature,38383787,2024,3,,627,8002,204,211
58,"Xu, H. E., Stanley, T. B., Montana, V. G., Lambert, M. H., Shearer, B. G., Cobb, J. E., McKee, D. D., Galardi, C. M., Plunket, K. D., Nolte, R. T., et al. (2002). Structural basis for antagonist-mediated recruitment of nuclear co-repressors by PPARalpha. Nature, 415(6873), 813–817.",10.1038/415813a,,Structural basis for antagonist-mediated recruitment of nuclear co-repressors by PPARalpha.,Nature,Scientific Literature,11845213,2002,2,14,415,6873,813,817
59,"Ottmann, C., Marco, S., Jaspert, N., Marcon, C., Schauer, N., Weyand, M., Vandermeeren, C., Duby, G., Boutry, M., Wittinghofer, A., et al. (2007). Structure of a 14-3-3 coordinated hexamer of the plant plasma membrane H+ -ATPase by combining X-ray crystallography and electron cryomicroscopy. Molecular Cell, 25(3), 427–440.",10.1016/j.molcel.2006.12.017,,Structure of a 14-3-3 coordinated hexamer of the plant plasma membrane H+ -ATPase by combining X-ray crystallography and electron cryomicroscopy.,Molecular Cell,Scientific Literature,17289589,2007,2,9,25,3,427,440
60,"Molzan, M., Schumacher, B., Ottmann, C., Baljuls, A., Polzien, L., Weyand, M., Thiel, P., Rose, R., Rose, M., Kuhenne, P., et al. (2010). Impaired binding of 14-3-3 to C-RAF in Noonan syndrome suggests new approaches in diseases with increased Ras signaling. Molecular and Cellular Biology, 30(19), 4698–4711.",10.1128/MCB.01636-09,,Impaired binding of 14-3-3 to C-RAF in Noonan syndrome suggests new approaches in diseases with increased Ras signaling.,Molecular and Cellular Biology,Scientific Literature,20679480,2010,10,,30,19,4698,4711
61,"Anders, C., Higuchi, Y., Koschinsky, K., Bartel, M., Schumacher, B., Thiel, P., Nitta, H., Preisig-Müller, R., Schlichthörl, G., Renigunta, V., et al. (2013). A semisynthetic fusicoccane stabilizes a protein-protein interaction and enhances the expression of K+ channels at the cell surface. Chemistry & Biology, 20(4), 583–593.",10.1016/j.chembiol.2013.03.015,,A semisynthetic fusicoccane stabilizes a protein-protein interaction and enhances the expression of K+ channels at the cell surface.,Chemistry & Biology,Scientific Literature,23601647,2013,4,18,20,4,583,593
62,"De Vries-van Leeuwen, I. J., da Costa Pereira, D., Flach, K. D., Piersma, S. R., Haase, C., Bier, D., Yalcin, Z., Michalides, R., Feenstra, K. A., Jiménez, C. R., et al. (2013). Interaction of 14-3-3 proteins with the estrogen receptor alpha F domain provides a drug target interface. Proceedings of the National Academy of Sciences of the United States of America, 110(22), 8894–8899.",10.1073/pnas.1220809110,,Interaction of 14-3-3 proteins with the estrogen receptor alpha F domain provides a drug target interface.,Proceedings of the National Academy of Sciences of the United States of America,Scientific Literature,23676274,2013,5,28,110,22,8894,8899
63,"Stevers, L. M., Lam, C. V., Leysen, S. F., Meijer, F. A., van Scheppingen, D. S., de Vries, R. M., Carlile, G. W., Milroy, L. G., Thomas, D. Y., Brunsveld, L., & Ottmann, C. (2016). Characterization and small-molecule stabilization of the multisite tandem binding between 14-3-3 and the R domain of CFTR. Proceedings of the National Academy of Sciences of the United States of America, 113(9), E1152–E1161.",10.1073/pnas.1516631113,,Characterization and small-molecule stabilization of the multisite tandem binding between 14-3-3 and the R domain of CFTR.,Proceedings of the National Academy of Sciences of the United States of America,Scientific Literature,26888287,2016,3,1,113,9,E1152,E1161
64,"Doveston, R. G., Kuusk, A., Andrei, S. A., Leysen, S., Cao, Q., Castaldi, M. P., Hendricks, A., Brunsveld, L., Chen, H., Boyd, H., & Ottmann, C. (2017). Small-molecule stabilization of the p53 - 14-3-3 protein-protein interaction. FEBS Letters, 591(16), 2449–2457.",10.1002/1873-3468.12723,,Small-molecule stabilization of the p53 - 14-3-3 protein-protein interaction.,FEBS Letters,Scientific Literature,28640363,2017,8,,591,16,2449,2457
65,"Lentini Santo, D., Petrvalska, O., Obsilova, V., Ottmann, C., & Obsil, T. (2020). Stabilization of protein-protein interactions between CaMKK2 and 14-3-3 by fusicoccins. ACS Chemical Biology, 15(11), 3060–3071.",10.1021/acschembio.0c00821,,Stabilization of protein-protein interactions between CaMKK2 and 14-3-3 by fusicoccins.,ACS Chemical Biology,Scientific Literature,33146997,2020,11,20,15,11,3060,3071
66,"Madauss, K. P., Grygielko, E. T., Deng, S. J., Sulpizio, A. C., Stanley, T. B., Wu, C., Short, S. A., Thompson, S. K., Stewart, E. L., Laping, N. J., et al. (2007). A structural and in vitro characterization of asoprisnil: a selective progesterone receptor modulator. Molecular Endocrinology, 21(5), 1066–1081.",10.1210/me.2006-0524,,A structural and in vitro characterization of asoprisnil: a selective progesterone receptor modulator.,Molecular Endocrinology,Scientific Literature,17356170,2007,5,,21,5,1066,1081
67,"Tan, X., Calderon-Villalobos, L. I., Sharon, M., Zheng, C., Robinson, C. V., Estelle, M., & Zheng, N. (2007). Mechanism of auxin perception by the TIR1 ubiquitin ligase. Nature, 446(7136), 640–645.",10.1038/nature05731,,Mechanism of auxin perception by the TIR1 ubiquitin ligase.,Nature,Scientific Literature,17410169,2007,4,5,446,7136,640,645
68,"Dharmasiri, N., Dharmasiri, S., & Estelle, M. (2005). The F-box protein TIR1 is an auxin receptor. Nature, 435(7041), 441–445.",10.1038/nature03543,,The F-box protein TIR1 is an auxin receptor.,Nature,Scientific Literature,15917797,2005,5,26,435,7041,441,445
69,"Ottmann, C., Weyand, M., Sassa, T., Inoue, T., Kato, N., Wittinghofer, A., & Oecking, C. (2009). A structural rationale for selective stabilization of anti-tumor interactions of 14-3-3 proteins by cotylenin A. Journal of Molecular Biology, 386(4), 913–919.",10.1016/j.jmb.2009.01.005,,A structural rationale for selective stabilization of anti-tumor interactions of 14-3-3 proteins by cotylenin A.,Journal of Molecular Biology,Scientific Literature,19244612,2009,3,6,386,4,913,919
70,"le Maire, A., Teyssier, C., Erb, C., Grimaldi, M., Alvarez, S., de Lera, A. R., Balaguer, P., Gronemeyer, H., Royer, C. A., Germain, P., & Bourguet, W. (2010). A unique secondary-structure switch controls constitutive gene repression by retinoic acid receptor. Nature Structural & Molecular Biology, 17(7), 801–807.",10.1038/nsmb.1855,,A unique secondary-structure switch controls constitutive gene repression by retinoic acid receptor.,Nature Structural & Molecular Biology,Scientific Literature,20543827,2010,7,,17,7,801,807
71,"Rose, R., Erdmann, S., Bovens, S., Wolf, A., Rose, M., Hennig, S., Waldmann, H., & Ottmann, C. (2010). Identification and structure of small-molecule stabilizers of 14-3-3 protein-protein interactions. Angewandte Chemie International Edition, 49(24), 4129–4132.",10.1002/anie.200907203,,Identification and structure of small-molecule stabilizers of 14-3-3 protein-protein interactions.,Angewandte Chemie International Edition,Scientific Literature,20437433,2010,6,1,49,24,4129,4132
72,"Sheard, L. B., Tan, X., Mao, H., Withers, J., Ben-Nissan, G., Hinds, T. R., Kobayashi, Y., Hsu, F. F., Sharon, M., Browse, J., et al. (2010). Jasmonate perception by inositol-phosphate-potentiated COI1-JAZ co-receptor. Nature, 468(7322), 400–405.",10.1038/nature09430,,Jasmonate perception by inositol-phosphate-potentiated COI1-JAZ co-receptor.,Nature,Scientific Literature,20927106,2010,11,18,468,7322,400,405
73,"Wolter, M., de Vink, P., Neves, J. F., Srdanović, S., Higuchi, Y., Kato, N., Wilson, A., Landrieu, I., Brunsveld, L., & Ottmann, C. (2020). Selectivity via cooperativity: preferential stabilization of the p65/14-3-3 interaction with semisynthetic natural products. Journal of the American Chemical Society, 142(27), 11772–11783.",10.1021/jacs.0c02151,,Selectivity via cooperativity: preferential stabilization of the p65/14-3-3 interaction with semisynthetic natural products.,Journal of the American Chemical Society,Scientific Literature,32501683,2020,7,8,142,27,11772,11783
74,"Molzan, M., Kasper, S., Röglin, L., Skwarczynska, M., Sassa, T., Inoue, T., Breitenbuecher, F., Ohkanda, J., Kato, N., Schuler, M., & Ottmann, C. (2013). Stabilization of physical RAF/14-3-3 interaction by cotylenin A as treatment strategy for RAS mutant cancers. ACS Chemical Biology, 8(9), 1869–1875.",10.1021/cb4003464,,Stabilization of physical RAF/14-3-3 interaction by cotylenin A as treatment strategy for RAS mutant cancers.,ACS Chemical Biology,Scientific Literature,23808890,2013,9,20,8,9,1869,1875
75,"Nemetski, S. M., Cardozo, T. J., Bosch, G., Weltzer, R., O'Malley, K., Ejigiri, I., Kumar, K. A., Buscaglia, C. A., Nussenzweig, V., Sinnis, P., et al. (2015). Inhibition by stabilization: targeting the Plasmodium falciparum aldolase-TRAP complex. Malaria Journal, 14, 324.",10.1186/s12936-015-0834-9,,Inhibition by stabilization: targeting the Plasmodium falciparum aldolase-TRAP complex.,Malaria Journal,Scientific Literature,26289816,2015,8,20,14,,324,
76,"Bier, D., Bartel, M., Sies, K., Halbach, S., Higuchi, Y., Haranosono, Y., Brummer, T., Kato, N., & Ottmann, C. (2016). Small-Molecule Stabilization of the 14-3-3/Gab2 Protein-Protein Interaction (PPI) Interface. ChemMedChem, 11(8), 911–918.",10.1002/cmdc.201500484,,Small-Molecule Stabilization of the 14-3-3/Gab2 Protein-Protein Interaction (PPI) Interface.,ChemMedChem,Scientific Literature,26644359,2016,4,19,11,8,911,918
77,"Bier, D., Mittal, S., Bravo-Rodriguez, K., Sowislok, A., Guillory, X., Briels, J., Heid, C., Bartel, M., Wettig, B., Brunsveld, L., et al. (2017). The molecular tweezer CLR01 stabilizes a disordered protein-protein interface. Journal of the American Chemical Society, 139(45), 16256–16263.",10.1021/jacs.7b07939,,The molecular tweezer CLR01 stabilizes a disordered protein-protein interface.,Journal of the American Chemical Society,Scientific Literature,29039919,2017,11,15,139,45,16256,16263
78,"Andrei, S. A., de Vink, P., Sijbesma, E., Han, L., Brunsveld, L., Kato, N., Ottmann, C., & Higuchi, Y. (2018). Rationally designed semisynthetic natural product analogues for stabilization of 14-3-3 protein-protein interactions. Angewandte Chemie International Edition, 57(41), 13470–13474.",10.1002/anie.201806584,,Rationally designed semisynthetic natural product analogues for stabilization of 14-3-3 protein-protein interactions.,Angewandte Chemie International Edition,Scientific Literature,30025189,2018,10,8,57,41,13470,13474
79,"Sievers, Q. L., Petzold, G., Bunker, R. D., Renneville, A., Słabicki, M., Liddicoat, B. J., Abdulrahman, W., Mikkelsen, T., Ebert, B. L., & Thomä, N. H. (2018). Defining the human C2H2 zinc finger degrome targeted by thalidomide analogs through CRBN. Science, 362(6414), eaat0572.",10.1126/science.aat0572,,Defining the human C2H2 zinc finger degrome targeted by thalidomide analogs through CRBN.,Science,Scientific Literature,30385546,2018,11,2,362,6414,eaat0572,
80,"Matyskiela, M. E., Clayton, T., Zheng, X., Mayne, C., Tran, E., Carpenter, A., Pagarigan, B., McDonald, J., Rolfe, M., Hamann, L. G., et al. (2020). Crystal structure of the SALL4-pomalidomide-cereblon-DDB1 complex. Nature Structural & Molecular Biology, 27(4), 319–322.",10.1038/s41594-020-0405-9,,Crystal structure of the SALL4-pomalidomide-cereblon-DDB1 complex.,Nature Structural & Molecular Biology,Scientific Literature,32251415,2020,4,,27,4,319,322
81,"Simonetta, K. R., Taygerly, J., Boyle, K., Basham, S. E., Padovani, C., Lou, Y., Cummins, T. J., Yung, S. L., von Soly, S. K., Kayser, F., et al. (2019). Prospective discovery of small molecule enhancers of an E3 ligase-substrate interaction. Nature Communications, 10(1), 1402.",10.1038/s41467-019-09358-9,,Prospective discovery of small molecule enhancers of an E3 ligase-substrate interaction.,,Scientific Literature,30926793,2019,3,29,10,1,1402,
82,"Kaplan, A., Andrei, S. A., van Regteren Altena, A., Simas, T., Banerjee, S. L., Kato, N., Bisson, N., Higuchi, Y., Ottmann, C., & Fournier, A. E. (2020). Polypharmacological perturbation of the 14-3-3 adaptor protein interactome stimulates neurite outgrowth. Cell Chemical Biology, 27(6), 657–667.e6.",10.1016/j.chembiol.2020.02.010,,Polypharmacological perturbation of the 14-3-3 adaptor protein interactome stimulates neurite outgrowth.,Cell Chemical Biology,Scientific Literature,32220335,2020,6,18,27,6,657,667
83,"Bosica, F., Andrei, S. A., Neves, J. F., Brandt, P., Gunnarsson, A., Landrieu, I., Ottmann, C., & O'Mahony, G. (2020). Design of drug-like protein-protein interaction stabilizers guided by chelation-controlled bioactive conformation stabilization. Chemistry, 26(31), 7131–7139.",10.1002/chem.202001608,,Design of drug-like protein-protein interaction stabilizers guided by chelation-controlled bioactive conformation stabilization.,Chemistry,Scientific Literature,32255539,2020,6,2,26,31,7131,7139
84,"Sijbesma, E., Visser, E., Plitzko, K., Thiel, P., Milroy, L. G., Kaiser, M., Brunsveld, L., & Ottmann, C. (2020). Structure-based evolution of a promiscuous inhibitor to a selective stabilizer of protein-protein interactions. Nature Communications, 11(1), 3954.",10.1038/s41467-020-17741-0,,Structure-based evolution of a promiscuous inhibitor to a selective stabilizer of protein-protein interactions.,Nature Communications,Scientific Literature,32770072,2020,8,7,11,1,3954,
85,"Furihata, H., Yamanaka, S., Honda, T., Miyauchi, Y., Asano, A., Shibata, N., Tanokura, M., Sawasaki, T., & Miyakawa, T. (2020). Structural bases of IMiD selectivity that emerges by 5-hydroxythalidomide. Nature Communications, 11(1), 4578.",10.1038/s41467-020-18488-4,,Structural bases of IMiD selectivity that emerges by 5-hydroxythalidomide.,Nature Communications,Scientific Literature,32929090,2020,9,14,11,1,4578,
86,"Wang, E. S., Verano, A. L., Nowak, R. P., Yuan, J. C., Donovan, K. A., Eleuteri, N. A., Yue, H., Ngo, K. H., Lizotte, P. H., Gokhale, P. C., et al. (2021). Acute pharmacological degradation of Helios destabilizes regulatory T cells. Nature Chemical Biology, 17(6), 711–717.",10.1038/s41589-021-00802-w,,Acute pharmacological degradation of Helios destabilizes regulatory T cells.,Nature Chemical Biology,Scientific Literature,34035522,2021,6,,17,6,711,717
87,"Bonazzi, S., d'Hennezel, E., Beckwith, R. E. J., Xu, L., Fazal, A., Magracheva, A., Ramesh, R., Cernijenko, A., Antonakos, B., Bhang, H. C., et al. (2023). Discovery and characterization of a selective IKZF2 glue degrader for cancer immunotherapy. Cell Chemical Biology, 30(3), 235–247.e12.",10.1016/j.chembiol.2023.02.005,,Discovery and characterization of a selective IKZF2 glue degrader for cancer immunotherapy.,Cell Chemical Biology,Scientific Literature,36863346,2023,3,16,30,3,235,247
88,"Kenanova, D. N., Visser, E. J., Virta, J. M., Sijbesma, E., Centorrino, F., Vickery, H. R., Zhong, M., Neitz, R. J., Brunsveld, L., Ottmann, C., & Arkin, M. R. (2023). A systematic approach to the discovery of protein-protein interaction stabilizers. ACS Central Science, 9(5), 937–946.",10.1021/acscentsci.2c01449,,A systematic approach to the discovery of protein-protein interaction stabilizers.,ACS Central Science,Scientific Literature,37252362,2023,4,18,9,5,937,946
89,"Watson, E. R., Novick, S., Matyskiela, M. E., Chamberlain, P. P., H de la Peña, A., Zhu, J., Tran, E., Griffin, P. R., Wertz, I. E., & Lander, G. C. (2022). Molecular glue CELMoD compounds are regulators of cereblon conformation. Science, 378(6619), 549–553.",10.1126/science.add7574,,Molecular glue CELMoD compounds are regulators of cereblon conformation.,Science,Scientific Literature,36378961,2022,11,4,378,6619,549,553
90,"Hansen, J. D., Correa, M., Nagy, M. A., Alexander, M., Plantevin, V., Grant, V., Whitefield, B., Huang, D., Kercher, T., Harris, R., et al. (2020). Discovery of CRBN E3 ligase modulator CC-92480 for the treatment of relapsed and refractory multiple myeloma. Journal of Medicinal Chemistry, 63(13), 6648–6676.",10.1021/acs.jmedchem.9b01928,,Discovery of CRBN E3 ligase modulator CC-92480 for the treatment of relapsed and refractory multiple myeloma.,Journal of Medicinal Chemistry,Scientific Literature,32130004,2020,7,9,63,13,6648,6676
91,"Matyskiela, M. E., Zhang, W., Man, H. W., Muller, G., Khambatta, G., Baculi, F., Hickman, M., LeBrun, L., Pagarigan, B., Carmel, G., et al. (2018). A cereblon modulator (CC-220) with improved degradation of Ikaros and Aiolos. Journal of Medicinal Chemistry, 61(2), 535–542.",10.1021/acs.jmedchem.6b01921,,A cereblon modulator (CC-220) with improved degradation of Ikaros and Aiolos.,Journal of Medicinal Chemistry,Scientific Literature,28425720,2018,1,25,61,2,535,542
92,"Cuevas-Navarro, A., Pourfarjam, Y., Hu, F., Rodriguez, D. J., Vides, A., Sang, B., Fan, S., Goldgur, Y., de Stanchina, E., & Lito, P. (2025). Pharmacologic restoration of GTP hydrolysis by mutant RAS. Nature, 637(8044), 224–229.",10.1038/s41586-024-08283-2,,Pharmacologic restoration of GTP hydrolysis by mutant RAS.,Nature,Scientific Literature,39476862,2025,1,,637,8044,224,229
93,"Holderfield, M., Lee, B. J., Jiang, J., Tomlinson, A., Seamon, K. J., Mira, A., Patrucco, E., Goodhart, G., Dilly, J., Gindin, Y., et al. (2024). Concurrent inhibition of oncogenic and wild-type RAS-GTP for cancer therapy. Nature, 629(8013), 919–926.",10.1038/s41586-024-07205-6,,Concurrent inhibition of oncogenic and wild-type RAS-GTP for cancer therapy.,Nature,Scientific Literature,38589574,2024,5,,629,8013,919,926
94,"Sylvain, A., Stoehr, N., Ma, F., Cernijenko, A., Schröder, M., Khoshouei, M., Vogelsanger, M., Schoenboerner, M., Burke, A., Pasupuleti, R., et al. (2024). A cereblon (CRBN) molecular glue degrader of NIMA-related kinase 7 (NEK7) reveals a context-dependent role in NLRP3 inflammasome activation. bioRxiv.",10.1101/2024.11.06.622079,,A cereblon (CRBN) molecular glue degrader of NIMA-related kinase 7 (NEK7) reveals a context-dependent role in NLRP3 inflammasome activation.,bioRxiv,preprint,,2024,11,8,,,,
95,"Razumkov, H., Jiang, Z., Baek, K., You, I., Geng, Q., Donovan, K. A., Tang, M. T., Metivier, R. J., Mageed, N., Seo, P., et al. (2024). Discovery of CRBN-dependent WEE1 molecular glue degraders from a multicomponent combinatorial library. Journal of the American Chemical Society, 146(46), 31433–31443.",10.1021/jacs.4c06127,,Discovery of CRBN-dependent WEE1 molecular glue degraders from a multicomponent combinatorial library.,Journal of the American Chemical Society,Scientific Literature,39499896,2024,11,20,146,46,31433,31443
96,"Nishiguchi, G., Mascibroda, L. G., Young, S. M., Caine, E. A., Abdelhamed, S., Kooijman, J. J., Miller, D. J., Das, S., McGowan, K., Mayasundari, A., et al. (2024). Selective CK1α degraders exert antiproliferative activity against a broad range of human cancer cell lines. Nature Communications, 15(1), 482.",10.1038/s41467-024-44698-1,,Selective CK1α degraders exert antiproliferative activity against a broad range of human cancer cell lines.,Nature Communications,Scientific Literature,38228616,2024,1,16,15,1,482,
97,"Liu, Y., Sun, X., Liu, Q., Han, C., & Rao, Y. (2025). A dual-target and dual-mechanism design strategy by combining inhibition and degradation together. Journal of the American Chemical Society, 147(4), 3110-3118.",10.1021/jacs.4c11930,,A dual-target and dual-mechanism design strategy by combining inhibition and degradation together.,Journal of the American Chemical Society,Scientific Literature,39622049,2025,1,29,147,4,3110,3118
98,"Zhuang, Z., Byun, W. S., Chrustowicz, J., Kozicka, Z., Li, V. L., Abeja, D. M., Donovan, K. A., Sepic, S., You, I., Słabicki, M., et al. (2024). Charged molecular glue discovery enabled by targeted degron display. bioRxiv.",10.1101/2024.09.24.614843,,Charged molecular glue discovery enabled by targeted degron display.,bioRxiv,preprint,,2024,9,26,,,,
99,"Mason, J. W., Chow, Y. T., Hudson, L., Tutter, A., Michaud, G., Westphal, M. V., Shu, W., Ma, X., Tan, Z. Y., Coley, C. W., et al. (2024). DNA-encoded library-enabled discovery of proximity-inducing small molecules. Nature Chemical Biology, 20(2), 170–179.",10.1038/s41589-023-01458-4,,DNA-encoded library-enabled discovery of proximity-inducing small molecules.,Nature Chemical Biology,Scientific Literature,37919549,2024,2,,20,2,170,179
100,"Li, Y. D., Ma, M. W., Hassan, M. M., Hunkeler, M., Teng, M., Puvar, K., Rutter, J. C., Lumpkin, R. J., Sandoval, B., Jin, C. Y., et al. (2024). Template-assisted covalent modification underlies activity of covalent molecular glues. Nature Chemical Biology, 20(12), 1640–1649.",10.1038/s41589-024-01668-4,,Template-assisted covalent modification underlies activity of covalent molecular glues.,Nature Chemical Biology,Scientific Literature,39075252,2024,12,,20,12,1640,1649
101,"Cossar, P. J., Wolter, M., van Dijck, L., Valenti, D., Levy, L. M., Ottmann, C., & Brunsveld, L. (2021). Reversible covalent imine-tethering for selective stabilization of 14-3-3 hub protein interactions. Journal of the American Chemical Society, 143(22), 8454–8464.",10.1021/jacs.1c03035,,Reversible covalent imine-tethering for selective stabilization of 14-3-3 hub protein interactions.,Journal of the American Chemical Society,Scientific Literature,34047554,2021,6,9,143,22,8454,8464
102,"Visser, E. J., Jaishankar, P., Sijbesma, E., Pennings, M. A. M., Vandenboorn, E. M. F., Guillory, X., Neitz, R. J., Morrow, J., Dutta, S., Renslo, A. R., et al. (2023). From tethered to freestanding stabilizers of 14-3-3 protein-protein interactions through fragment linking. Angewandte Chemie International Edition, 62(37), e202308004.",10.1002/anie.202308004,,From tethered to freestanding stabilizers of 14-3-3 protein-protein interactions through fragment linking.,Angewandte Chemie International Edition,Scientific Literature,37455289,2023,9,11,62,37,e202308004,
103,"Ghosh, P., Schmitz, M., Pandurangan, T., Zeleke, S. T., Chan, S. C., Mosior, J., Sun, L., Palve, V., Grassie, D., Anand, K., et al. (2024). Discovery and design of molecular glue enhancers of CDK12-DDB1 interactions for targeted degradation of cyclin K. RSC Chemical Biology, 6(1), 36–55.",10.1039/d4cb00190g,,Discovery and design of molecular glue enhancers of CDK12-DDB1 interactions for targeted degradation of cyclin K.,RSC Chemical Biology,Scientific Literature,39450271,2024,10,11,6,1,36,55
104,"Houles, T., Boucher, J., Lavoie, G., MacLeod, G., Lin, S., Angers, S., & Roux, P. P. (2023). The CDK12 inhibitor SR-4835 functions as a molecular glue that promotes cyclin K degradation in melanoma. Cell Death Discovery, 9(1), 459.",10.1038/s41420-023-01754-x,,The CDK12 inhibitor SR-4835 functions as a molecular glue that promotes cyclin K degradation in melanoma.,Cell Death Discovery,Scientific Literature,38104154,2023,12,16,9,1,459,
105,"Lv, L., Chen, P., Cao, L., Li, Y., Zeng, Z., Cui, Y., Wu, Q., Li, J., Wang, J. H., Dong, M. Q., et al. (2020). Discovery of a molecular glue promoting CDK12-DDB1 interaction to trigger cyclin K degradation. eLife, 9, e59994.",10.7554/eLife.59994,,Discovery of a molecular glue promoting CDK12-DDB1 interaction to trigger cyclin K degradation.,eLife,Scientific Literature,32804079,2020,8,17,9,,e59994,
106,"Lu, P., Cheng, Y., Xue, L., Ren, X., Xu, X., Chen, C., Cao, L., Li, J., Wu, Q., Sun, S., et al. (2024). Selective degradation of multimeric proteins by TRIM21-based molecular glue and PROTAC degraders. Cell, 187(25), 7126–7142.e20.",10.1016/j.cell.2024.10.015,,Selective degradation of multimeric proteins by TRIM21-based molecular glue and PROTAC degraders.,Cell,Scientific Literature,39488207,2024,12,12,187,25,7126,7142.e20
107,"Li, X., Wang, Q., Guo, A., Qiu, Y., Chen, Q., Li, Y., Zhang, L., Guo, Y., Meng, X., Li, S., et al. (2025). Chemically induced nuclear pore complex protein degradation via E3 ligase TRIM21. ACS Chemical Biology, 20(5), 1020-1028.",10.1101/2024.12.03.626577,,Chemically induced nuclear pore complex protein degradation via E3 ligase TRIM21.,ACS Chemical Biology,Scientific Literature,40247740,2025,5,16,20,5,1020,1028
108,"Schultz, L. W., & Clardy, J. (1998). Chemical inducers of dimerization: the atomic structure of FKBP12-FK1012A-FKBP12. Bioorganic & Medicinal Chemistry Letters, 8(1), 1–6.",10.1016/s0960-894x(97)10195-0,,Chemical inducers of dimerization: the atomic structure of FKBP12-FK1012A-FKBP12.,Bioorganic & Medicinal Chemistry Letters,Scientific Literature,9871618,1998,1,6,8,1,1,6
109,"Foight, G. W., Wang, Z., Wei, C. T., Jr Greisen, P., Warner, K. M., Cunningham-Bryant, D., Park, K., Brunette, T. J., Sheffler, W., Baker, D., & Maly, D. J. (2019). Multi-input chemical control of protein dimerization for programming graded cellular responses. Nature Biotechnology, 37(10), 1209–1216.",10.1038/s41587-019-0242-8,,Multi-input chemical control of protein dimerization for programming graded cellular responses.,Nature Biotechnology,Scientific Literature,31501561,2019,10,,37,10,1209,1216
110,"Glasgow, A. A., Huang, Y. M., Mandell, D. J., Thompson, M., Ritterson, R., Loshbaugh, A. L., Pellegrino, J., Krivacic, C., Pache, R. A., Barlow, K. A., et al. (2019). Computational design of a modular protein sense-response system. Science, 366(6468), 1024–1028.",10.1126/science.aax8780,,Computational design of a modular protein sense-response system.,Science,Scientific Literature,31754004,2019,11,22,366,6468,1024,1028
111,"Lesne, J., Chang, H. J., De Visch, A., Paloni, M., Barthe, P., Guichou, J. F., Mayonove, P., Barducci, A., Labesse, G., Bonnet, J., & Cohen-Gonsaud, M. (2019). Structural basis for chemically-induced homodimerization of a single domain antibody. Scientific Reports, 9(1), 1840.",10.1038/s41598-019-38752-y,,Structural basis for chemically-induced homodimerization of a single domain antibody.,Scientific Reports,Scientific Literature,30755682,2019,2,12,9,1,1840,
112,"Zandi, T. A., Romanowski, M. J., Viscomi, J. S., Tan, Z. Y., Tong, B., Bonazzi, S., Zecri, F. J., Schreiber, S. L., & Michaud, G. A. (2024). Discovery of molecular glues that bind FKBP12 and novel targets using DNA-barcoded libraries. bioRxiv.",10.1101/2024.12.09.627499,,Discovery of molecular glues that bind FKBP12 and novel targets using DNA-barcoded libraries.,bioRxiv,preprint,,2024,12,12,,,,
113,"Bueno, A. B., Sun, B., Willard, F. S., Feng, D., Ho, J. D., Wainscott, D. B., Showalter, A. D., Vieth, M., Chen, Q., Stutsman, C., et al. (2020). Structural insights into probe-dependent positive allosterism of the GLP-1 receptor. Nature Chemical Biology, 16(10), 1105–1110.",10.1038/s41589-020-0589-7,,Structural insights into probe-dependent positive allosterism of the GLP-1 receptor.,Nature Chemical Biology,Scientific Literature,32690941,2020,10,,16,10,1105,1110
114,"Skalniak, L., Zak, K. M., Guzik, K., Magiera, K., Musielak, B., Pachota, M., Szelazek, B., Kocik, J., Grudnik, P., Tomala, M., et al. (2017). Small-molecule inhibitors of PD-1/PD-L1 immune checkpoint alleviate the PD-L1-induced exhaustion of T-cells. Oncotarget, 8(42), 72167–72181.",10.18632/oncotarget.20050,,Small-molecule inhibitors of PD-1/PD-L1 immune checkpoint alleviate the PD-L1-induced exhaustion of T-cells.,Oncotarget,Scientific Literature,29069777,2017,8,7,8,42,72167,72181
115,"Muszak, D., Surmiak, E., Plewka, J., Magiera-Mularz, K., Kocik-Krol, J., Musielak, B., Sala, D., Kitel, R., Stec, M., Weglarczyk, K., et al. (2021). Terphenyl-based small-molecule inhibitors of programmed cell death-1/programmed death-ligand 1 protein-protein interaction. Journal of Medicinal Chemistry, 64(15), 11614–11636.",10.1021/acs.jmedchem.1c00957,,Terphenyl-based small-molecule inhibitors of programmed cell death-1/programmed death-ligand 1 protein-protein interaction.,Journal of Medicinal Chemistry,Scientific Literature,34313116,2021,8,12,64,15,11614,11636
116,"Wang, T., Cai, S., Cheng, Y., Zhang, W., Wang, M., Sun, H., Guo, B., Li, Z., Xiao, Y., & Jiang, S. (2022). Discovery of small-molecule inhibitors of the PD-1/PD-L1 axis that promote PD-L1 internalization and degradation. Journal of Medicinal Chemistry, 65(5), 3879–3893.",10.1021/acs.jmedchem.1c01682,,Discovery of small-molecule inhibitors of the PD-1/PD-L1 axis that promote PD-L1 internalization and degradation.,Journal of Medicinal Chemistry,Scientific Literature,35188766,2022,3,10,65,5,3879,3893
117,"Li, J., Canham, S. M., Wu, H., Henault, M., Chen, L., Liu, G., Chen, Y., Yu, G., Miller, H. R., Hornak, V., et al. (2024). Activation of human STING by a molecular glue-like compound. Nature Chemical Biology, 20(3), 365–372.",10.1038/s41589-023-01434-y,,Activation of human STING by a molecular glue-like compound.,Nature Chemical Biology,Scientific Literature,37828400,2024,3,,20,3,365,372
118,"Tutter, A., Buckley, D., Golosov, A. A., Ma, X., Shu, W., McKay, D. J. J., Darsigny, V., Dovala, D., Beckwith, R., Solomon, J., et al. (2024). A small molecule VHL molecular glue degrader for cysteine dioxygenase 1. bioRxiv.",10.1101/2024.01.25.576086,,A small molecule VHL molecular glue degrader for cysteine dioxygenase 1.,bioRxiv,preprint,,2024,1,25,,,,
119,"Hao, B., Lin, S., Liu, H., Xu, J., Chen, L., Zheng, T., Zhang, W., Dang, Y., Reiter, R. J., Li, C., et al. (2025). Baicalein tethers CD274/PD-L1 for autophagic degradation to boost antitumor immunity. Autophagy, 21(5), 917–933.",10.1080/15548627.2024.2439657,,Baicalein tethers CD274/PD-L1 for autophagic degradation to boost antitumor immunity.,Autophagy,Scientific Literature,39710370,2025,5,,21,5,917,933
120,"Isobe, Y., Okumura, M., McGregor, L. M., Brittain, S. M., Jones, M. D., Liang, X., White, R., Forrester, W., McKenna, J. M., Tallarico, J. A., Schirle, M., Maimone, T. J., & Nomura, D. K. (2020). Manumycin polyketides act as molecular glues between UBR7 and P53. Nature Chemical Biology, 16(11), 1189–1198.",10.1038/s41589-020-0557-2,,Manumycin polyketides act as molecular glues between UBR7 and P53.,Nature Chemical Biology,Scientific Literature,32572277,2020,11,,16,11,1189,1198
121,"Liu, T. T., Yang, H., Zhuo, F. F., Yang, Z., Zhao, M. M., Guo, Q., Liu, Y., Liu, D., Zeng, K. W., & Tu, P. F. (2022). Atypical E3 ligase ZFP91 promotes small-molecule-induced E2F2 transcription factor degradation for cancer therapy. EBioMedicine, 86, 104353.",10.1016/j.ebiom.2022.104353,,Atypical E3 ligase ZFP91 promotes small-molecule-induced E2F2 transcription factor degradation for cancer therapy.,EBioMedicine,Scientific Literature,36375317,2022,12,,86,,104353,
122,"Gu, W. J., Liu, X. X., Shen, Y. W., Gong, Y. T., Chen, Y. L., Lin, J., Lu, D., Zhang, L. J., Chen, H. Z., Jin, Y., et al. (2024). TRIM4 enhances small-molecule-induced neddylated-degradation of CORO1A for triple negative breast cancer therapy. Theranostics, 14(18), 7023–7041.",10.7150/thno.97662,,TRIM4 enhances small-molecule-induced neddylated-degradation of CORO1A for triple negative breast cancer therapy.,Theranostics,Scientific Literature,39629122,2024,10,21,14,18,7023,7041
123,"Toriki, E. S., Papatzimas, J. W., Nishikawa, K., Dovala, D., Frank, A. O., Hesse, M. J., Dankova, D., Song, J. G., Bruce-Smythe, M., Struble, H., et al. (2023). Rational chemical design of molecular glue degraders. ACS Central Science, 9(5), 915–926.",10.1021/acscentsci.2c01317,,Rational chemical design of molecular glue degraders.,ACS Central Science,Scientific Literature,37252349,2023,4,11,9,5,915,926
124,"Sauvé, V., Stefan, E., Croteau, N., Goiran, T., Fakih, R., Bansal, N., Hadzipasic, A., Fang, J., Murugan, P., Chen, S., et al. (2024). Activation of parkin by a molecular glue. Nature Communications, 15(1), 7707.",10.1038/s41467-024-51889-3,,Activation of parkin by a molecular glue.,Nature Communications,Scientific Literature,39300082,2024,9,19,15,1,7707,
125,"Ma, H., Liu, C., Li, Z., Yu, Q., Xiong, H., Huang, C., Tan, L., Zhan, M., Zhang, Z., & Cai, Q. (2025). Discovery of the first examples of right open reading frame kinase 2 (RIOK2) molecular glue degraders. European Journal of Medicinal Chemistry, 283, 117166.",10.1016/j.ejmech.2024.117166,,Discovery of the first examples of right open reading frame kinase 2 (RIOK2) molecular glue degraders.,European Journal of Medicinal Chemistry,Scientific Literature,39721086,2025,2,5,283,,117166,
126,"Schulze, C. J., Seamon, K. J., Zhao, Y., Yang, Y. C., Cregg, J., Kim, D., Tomlinson, A., Choy, T. J., Wang, Z., Sang, B., et al. (2023). Chemical remodeling of a cellular chaperone to target the active state of mutant KRAS. Science, 381(6659), 794–799.",10.1126/science.adg9652,,Chemical remodeling of a cellular chaperone to target the active state of mutant KRAS.,Science,Scientific Literature,37590355,2023,8,18,381,6659,794,799
127,"Lim, M., Cong, T. D., Orr, L. M., Toriki, E. S., Kile, A. C., Papatzimas, J. W., Lee, E., Lin, Y., & Nomura, D. K. (2024). DCAF16-based covalent handle for the rational design of monovalent degraders. ACS Central Science, 10(7), 1318–1331.",10.1021/acscentsci.4c00286,,DCAF16-based covalent handle for the rational design of monovalent degraders.,ACS Central Science,Scientific Literature,39071058,2024,5,17,10,7,1318,1331
128,"Shergalis, A. G., Marin, V. L., Rhee, D. Y., Senaweera, S., McCloud, R. L., Ronau, J. A., Hutchins, C. W., McLoughlin, S., Woller, K. R., Warder, S. E., et al. (2023). CRISPR screen reveals BRD2/4 molecular glue-like degrader via recruitment of DCAF16. ACS Chemical Biology, 18(2), 331–339.",10.1021/acschembio.2c00747,,CRISPR screen reveals BRD2/4 molecular glue-like degrader via recruitment of DCAF16.,ACS Chemical Biology,Scientific Literature,36656921,2023,2,17,18,2,331,339
129,"Wolter, M., Valenti, D., Cossar, P. J., Levy, L. M., Hristeva, S., Genski, T., Hoffmann, T., Brunsveld, L., Tzalis, D., & Ottmann, C. (2020). Fragment-based stabilizers of protein-protein interactions through imine-based tethering. Angewandte Chemie International Edition, 59(48), 21520–21524.",10.1002/anie.202008585,,Fragment-based stabilizers of protein-protein interactions through imine-based tethering.,Angewandte Chemie International Edition,Scientific Literature,32816380,2020,11,23,59,48,21520,21524
130,"Sijbesma, E., Hallenbeck, K. K., Leysen, S., de Vink, P. J., Skóra, L., Jahnke, W., Brunsveld, L., Arkin, M. R., & Ottmann, C. (2019). Site-directed fragment-based screening for the discovery of protein-protein interaction stabilizers. Journal of the American Chemical Society, 141(8), 3524–3531.",10.1021/jacs.8b11658,,Site-directed fragment-based screening for the discovery of protein-protein interaction stabilizers.,Journal of the American Chemical Society,Scientific Literature,30707565,2019,2,27,141,8,3524,3531
131,"Somsen, B. A., Schellekens, R. J. C., Verhoef, C. J. A., Arkin, M. R., Ottmann, C., Cossar, P. J., & Brunsveld, L. (2023). Reversible dual-covalent molecular locking of the 14-3-3/ERRγ protein-protein interaction as a molecular glue drug discovery approach. Journal of the American Chemical Society, 145(12), 6741–6752.",10.1021/jacs.2c12781,,Reversible dual-covalent molecular locking of the 14-3-3/ERRγ protein-protein interaction as a molecular glue drug discovery approach.,Journal of the American Chemical Society,Scientific Literature,36926879,2023,3,29,145,12,6741,6752
132,"Ting, P. Y., Borikar, S., Kerrigan, J. R., Thomsen, N. M., Aghania, E., Hinman, A. E., Reyes, A., Pizzato, N., Fodor, B. D., Wu, F., et al. (2024). A molecular glue degrader of the WIZ transcription factor for fetal hemoglobin induction. Science, 385(6704), 91–99.",10.1126/science.adk6129,,A molecular glue degrader of the WIZ transcription factor for fetal hemoglobin induction.,Science,Scientific Literature,38963839,2024,7,5,385,6704,91,99
133,"Huang, Z., Zhang, K., Jiang, Y., Wang, M., Li, M., Guo, Y., Gao, R., Li, N., Wang, C., Chen, J., et al. (2024). Molecular glue triggers degradation of PHGDH by enhancing the interaction between DDB1 and PHGDH. Acta Pharmaceutica Sinica B, 14(9), 4001–4013.",10.1016/j.apsb.2024.06.001,,Molecular glue triggers degradation of PHGDH by enhancing the interaction between DDB1 and PHGDH.,Acta Pharmaceutica Sinica B,Scientific Literature,39309493,2024,9,,14,9,4001,4013
134,"Ng, A., Offensperger, F., Cisneros, J. A., Scholes, N. S., Malik, M., Villanti, L., Rukavina, A., Ferrada, E., Hannich, J. T., Koren, A., et al. (2023). Discovery of molecular glue degraders via isogenic morphological profiling. ACS Chemical Biology, 18(12), 2464–2473.",10.1021/acschembio.3c00598,,Discovery of molecular glue degraders via isogenic morphological profiling.,ACS Chemical Biology,Scientific Literature,38098458,2023,12,15,18,12,2464,2473
135,"Mercer, J. A. M., DeCarlo, S. J., Roy Burman, S. S., Sreekanth, V., Nelson, A. T., Hunkeler, M., Chen, P. J., Donovan, K. A., Kokkonda, P., Tiwari, P. K., et al. (2024). Continuous evolution of compact protein degradation tags regulated by selective molecular glues. Science, 383(6688), eadk4422.",10.1126/science.adk4422,,Continuous evolution of compact protein degradation tags regulated by selective molecular glues.,Science,Scientific Literature,38484051,2024,3,15,383,6688,eadk4422,
136,"Ryan, M. B., Quade, B., Schenk, N., Fang, Z., Zingg, M., Cohen, S. E., Swalm, B. M., Li, C., Özen, A., Ye, C., et al. (2024). The pan-RAF-MEK nondegrading molecular glue NST-628 is a potent and brain-penetrant inhibitor of the RAS-MAPK pathway with activity across diverse RAS- and RAF-driven cancers. Cancer Discovery, 14(7), 1190–1205.",10.1158/2159-8290.CD-24-0139,,The pan-RAF-MEK nondegrading molecular glue NST-628 is a potent and brain-penetrant inhibitor of the RAS-MAPK pathway with activity across diverse RAS- and RAF-driven cancers.,Cancer Discovery,Scientific Literature,38588399,2024,7,1,14,7,1190,1205
137,"Scemama de Gialluly, M. A., Allen, A. R., Hayes, E. H., Zhuang, P., Goldfarb, R. B., Farrar, A. N., Fedorov, Y., & Adams, D. J. (2024). PRLX-93936 and BMS-214662 are cytotoxic molecular glues that leverage TRIM21 to degrade nucleoporins. bioRxiv.",10.1101/2024.12.18.629219,,PRLX-93936 and BMS-214662 are cytotoxic molecular glues that leverage TRIM21 to degrade nucleoporins.,bioRxiv,preprint,,2024,12,21,,,,
138,"Hagner, P. R., Man, H. W., Fontanillo, C., Wang, M., Couto, S., Breider, M., Bjorklund, C., Havens, C. G., Lu, G., Rychak, E., et al. (2015). CC-122, a pleiotropic pathway modifier, mimics an interferon response and has antitumor activity in DLBCL. Blood, 126(6), 779–789.",10.1182/blood-2015-02-628669,,"CC-122, a pleiotropic pathway modifier, mimics an interferon response and has antitumor activity in DLBCL.",Blood,Scientific Literature,26002965,2015,8,6,126,6,779,789
139,"Renneville, A., Gasser, J. A., Grinshpun, D. E., Jean Beltran, P. M., Udeshi, N. D., Matyskiela, M. E., Clayton, T., McConkey, M., Viswanathan, K., Tepper, A., et al. (2021). Avadomide induces degradation of ZMYM2 fusion oncoproteins in hematologic malignancies. Blood Cancer Discovery, 2(3), 250–265.",10.1158/2643-3230.BCD-20-0105,,Avadomide induces degradation of ZMYM2 fusion oncoproteins in hematologic malignancies.,Blood Cancer Discovery,Scientific Literature,34027417,2021,5,,2,3,250,265
140,"Gavory, G., Ghandi, M., d’Alessandro, A. C., Bonenfant, D., Cabanski, M., Cantagallo, L., Chicas, A., Chen, Q., Diesslin, A., King, C., et al. (2023). Development of MRT-2359, an orally bioavailable GSPT1 molecular glue degrader, for the treatment of lung cancers with MYC-induced translational addiction. Cancer Research, 83(7 Suppl), 3449.",10.1158/1538-7445.AM2023-3449,,"Development of MRT-2359, an orally bioavailable GSPT1 molecular glue degrader, for the treatment of lung cancers with MYC-induced translational addiction.",Cancer Research,Scientific Literature,,2023,4,1,83,7 Suppl,3449,
141,"Teng, M., Lu, W., Donovan, K. A., Sun, J., Krupnick, N. M., Nowak, R. P., Li, Y. D., Sperling, A. S., Zhang, T., Ebert, B. L., et al. (2022). Development of PDE6D and CK1α degraders through chemical derivatization of FPFT-2216. Journal of Medicinal Chemistry, 65(1), 747–756.",10.1021/acs.jmedchem.1c01832,,Development of PDE6D and CK1α degraders through chemical derivatization of FPFT-2216.,Journal of Medicinal Chemistry,Scientific Literature,34965125,2022,1,13,65,1,747,756
142,"Baek, K., Metivier, R. J., Roy Burman, S. S., Bushman, J. W., Yoon, H., Lumpkin, R. J., Abeja, D. M., Lakshminarayan, M., Yue, H., Ojeda, S., et al. (2024). Unveiling the hidden interactome of CRBN molecular glues with chemoproteomics. bioRxiv.",10.1101/2024.09.11.612438,,Unveiling the hidden interactome of CRBN molecular glues with chemoproteomics.,bioRxiv,preprint,,2024,9,15,,,,
143,"Powell, C. E., Du, G., Che, J., He, Z., Donovan, K. A., Yue, H., Wang, E. S., Nowak, R. P., Zhang, T., Fischer, E. S., & Gray, N. S. (2020). Selective degradation of GSPT1 by cereblon modulators identified via a focused combinatorial library. ACS Chemical Biology, 15(10), 2722–2730.",10.1021/acschembio.0c00520,,Selective degradation of GSPT1 by cereblon modulators identified via a focused combinatorial library.,ACS Chemical Biology,Scientific Literature,32865967,2020,10,16,15,10,2722,2730
144,"Uehara, T., Minoshima, Y., Sagane, K., Sugi, N. H., Mitsuhashi, K. O., Yamamoto, N., Kamiyama, H., Takahashi, K., Kotake, Y., Uesugi, M., et al. (2017). Selective degradation of splicing factor CAPERα by anticancer sulfonamides. Nature Chemical Biology, 13(6), 675–680.",10.1038/nchembio.2363,,Selective degradation of splicing factor CAPERα by anticancer sulfonamides.,Nature Chemical Biology,Scientific Literature,28437394,2017,6,,13,6,675,680
145,"Carrancio, S., Groocock, L., Janardhanan, P., Jankeel, D., Galasso, R., Guarinos, C., Narla, R. K., Groza, M., Leisten, J., Pierce, D. W., et al. (2021). CC-99282 is a novel cereblon (CRBN) E3 ligase modulator (CELMoD) agent with enhanced tumoricidal activity in preclinical models of lymphoma. Blood, 138(1 Suppl), 1200.",10.1182/blood-2021-148068,,CC-99282 is a novel cereblon (CRBN) E3 ligase modulator (CELMoD) agent with enhanced tumoricidal activity in preclinical models of lymphoma.,Blood,Scientific Literature,,2021,11,5,138,1 Suppl,1200,
146,"Perino, S., Class, B., Henderson, C., Isasa, M., Kirby, R. J., Agafonov, R. V., Chaturvedi, P., Eron, S. J., Good, A., Hart, A. A., et al. (2021). CFT7455: a novel, IKZF1/3 degrader that demonstrates potent tumor regression in a spectrum of NHL xenograft models. Hematological Oncology, 39(S2), 316-317.",10.1002/hon.145_2880,,"CFT7455: a novel, IKZF1/3 degrader that demonstrates potent tumor regression in a spectrum of NHL xenograft models.",Hematological Oncology,Scientific Literature,,2021,6,17,39,S2,316,317
147,"Qi, X., Han, T., Chen, P., Lv, L., Li, Y., Cao, L., Ww, Q., & Li, J. (2021). A molecular glue regulating CDK12-DDB1 interaction to trigger cyclin K degradation. WIPO (PCT). WO2021249517A11.",,https://patentimages.storage.googleapis.com/15/61/ca/dfac5f42c4a3b1/WO2021249517A1.pdf,A molecular glue regulating CDK12-DDB1 interaction to trigger cyclin K degradation.,,Patent,,2021,12,16,,,,
148,"Yang, J., Li, Y., Aguilar, A., Liu, Z., Yang, C. Y., & Wang, S. (2019). Simple structural modifications converting a bona fide MDM2 PROTAC degrader into a molecular glue molecule: a cautionary tale in the design of PROTAC degraders. Journal of Medicinal Chemistry, 62(21), 9471–9487.",10.1021/acs.jmedchem.9b00846,,Simple structural modifications converting a bona fide MDM2 PROTAC degrader into a molecular glue molecule: a cautionary tale in the design of PROTAC degraders.,Journal of Medicinal Chemistry,Scientific Literature,31560543,2019,11,14,62,21,9471,9487
149,"Mayor-Ruiz, C., Bauer, S., Brand, M., Kozicka, Z., Siklos, M., Imrichova, H., Kaltheuner, I. H., Hahn, E., Seiler, K., Koren, A., et al. (2020). Rational discovery of molecular glue degraders via scalable chemical profiling. Nature Chemical Biology, 16(11), 1199–1207.",10.1038/s41589-020-0594-x,,Rational discovery of molecular glue degraders via scalable chemical profiling.,Nature Chemical Biology,Scientific Literature,32747809,2020,11,,16,11,1199,1207
150,"Dieter, S. M., Siegl, C., Codó, P. L., Huerta, M., Ostermann-Parucha, A. L., Schulz, E., Zowada, M. K., Martin, S., Laaber, K., Nowrouzi, A., et al. (2021). Degradation of CCNK/CDK12 is a druggable vulnerability of colorectal cancer. Cell Reports, 36(3), 109394.",10.1016/j.celrep.2021.109394,,Degradation of CCNK/CDK12 is a druggable vulnerability of colorectal cancer.,Cell Reports,Scientific Literature,34289372,2021,7,20,36,3,109394,
151,"Kashkush, A., Furth-Lavi, J., Hodon, J., & Benhamou, R. I. (2025). PROTAC and molecular glue degraders of the oncogenic RNA binding protein Lin28. Macromolecular Bioscience, 25(3), e2400427.",10.1002/mabi.202400427,,PROTAC and molecular glue degraders of the oncogenic RNA binding protein Lin28.,Macromolecular Bioscience,Scientific Literature,39575661,2025,3,,25,3,e2400427,
152,"Lee, M., Byun, W. G., Son, S., & Park, S. B. (2024). Development of a molecular glue-based Lin28 degrader to regulate cellular proliferation and stemness. Chemical Communications, 60(86), 12525–12528.",10.1039/d4cc03614j,,Development of a molecular glue-based Lin28 degrader to regulate cellular proliferation and stemness.,Chemical Communications,Scientific Literature,39324213,2024,10,24,60,86,12525,12528
153,"Schäfer, S. C., Voll, A. M., Bracher, A., Ley, S. V., & Hausch, F. (2024). Antascomicin B stabilizes FKBP51-Akt1 complexes as a molecular glue. Bioorganic & Medicinal Chemistry Letters, 104, 129728.",10.1016/j.bmcl.2024.129728,,Antascomicin B stabilizes FKBP51-Akt1 complexes as a molecular glue.,Bioorganic & Medicinal Chemistry Letters,Scientific Literature,38582133,2024,5,15,104,,129728,
154,"Yeo, M. J., Zhang, O., Xie, X., Nam, E., Payne, N. C., Gosavi, P. M., Kwok, H. S., Iram, I., Lee, C., Li, J., et al. (2025). UM171 glues asymmetric CRL3-HDAC1/2 assembly to degrade CoREST corepressors. Nature, 639(8053), 232-240.",10.1038/s41586-024-08532-4,,UM171 glues asymmetric CRL3-HDAC1/2 assembly to degrade CoREST corepressors.,Nature,Scientific Literature,39939761,2025,3,,639,8053,232,240
155,"Nowak, R. P., Che, J., Ferrao, S., Kong, N. R., Liu, H., Zerfas, B. L., & Jones, L. H. (2023). Structural rationalization of GSPT1 and IKZF1 degradation by thalidomide molecular glue derivatives. RSC Medicinal Chemistry, 14(3), 501–506.",10.1039/d2md00347c,,Structural rationalization of GSPT1 and IKZF1 degradation by thalidomide molecular glue derivatives.,RSC Medicinal Chemistry,Scientific Literature,36970148,2023,1,26,14,3,501,506
156,"Shao, Q., Duong, T. N., Park, I., & Nomura, D. K. (2023). Covalent 14-3-3 molecular glues and heterobifunctional molecules against nuclear transcription factors and regulators. bioRxiv : the preprint server for biology, 2023.11.06.565850.",10.1101/2023.11.06.565850,,Covalent 14-3-3 molecular glues and heterobifunctional molecules against nuclear transcription factors and regulators.,bioRxiv,preprint,37986959,2023,11,6,,,,
157,"Nishiguchi, G., Caine, E. A., McGowan, K., Shi, Z., Aggarwal, A., Mayasundari, A., Price, J., Yang, L., Li, Y., Fu, X., et al. (2024). Structure-activity relationship of potent, selective, and orally bioavailable molecular glue degraders of CK1α. ACS Medicinal Chemistry Letters, 15(10), 1692–1698.",10.1021/acsmedchemlett.4c00250,,"Structure-activity relationship of potent, selective, and orally bioavailable molecular glue degraders of CK1α.",ACS Medicinal Chemistry Letters,Scientific Literature,39411539,2024,9,12,15,10,1692,1698
158,"Li, J., Li, C., Zhang, Z., Zhang, Z., Wu, Z., Liao, J., Wang, Z., McReynolds, M., Xie, H., Guo, L., et al. (2023). A platform for the rapid synthesis of molecular glues (Rapid-Glue) under miniaturized conditions for direct biological screening. European Journal of Medicinal Chemistry, 258, 115567.",10.1016/j.ejmech.2023.115567,,A platform for the rapid synthesis of molecular glues (Rapid-Glue) under miniaturized conditions for direct biological screening.,European Journal of Medicinal Chemistry,Scientific Literature,37390512,2023,10,5,258,,115567,
159,"Zhong, C., Zhu, R., Jiang, T., Tian, S., Zhao, X., Wan, X., Jiang, S., Chen, Z., Gong, R., He, L., et al. (2024). Design and characterization of a novel eEF2K degrader with potent therapeutic efficacy against triple-negative breast cancer. Advanced Science, 11(5), e2305035.",10.1002/advs.202305035,,Design and characterization of a novel eEF2K degrader with potent therapeutic efficacy against triple-negative breast cancer.,Advanced Science,Scientific Literature,38084501,2024,2,,11,5,e2305035,
160,"Carter, T. R., Milosevich, N., Dada, L., Shaum, J. B., Barry Sharpless, K., Kitamura, S., & Erb, M. A. (2024). SuFEx-based chemical diversification for the systematic discovery of CRBN molecular glues. Bioorganic & Medicinal Chemistry, 104, 117699.",10.1016/j.bmc.2024.117699,,SuFEx-based chemical diversification for the systematic discovery of CRBN molecular glues.,Bioorganic & Medicinal Chemistry,Scientific Literature,38608634,2024,4,15,104,,117699,
161,"Kerrigan, J. R., Thomsen, N. M., Cernijenko, A., Kochanek, S. E., Dewhurst, J., O'Brien, G., Ware, N. F., Sanchez, C. C., Manning, J. R., Ma, X., et al. (2024). Discovery and optimization of first-in-class molecular glue degraders of the WIZ transcription factor for fetal hemoglobin induction to treat sickle cell disease. Journal of Medicinal Chemistry, 67(22), 20682–20694.",10.1021/acs.jmedchem.4c02251,,Discovery and optimization of first-in-class molecular glue degraders of the WIZ transcription factor for fetal hemoglobin induction to treat sickle cell disease.,Journal of Medicinal Chemistry,Scientific Literature,39541509,2024,11,28,67,22,20682,20694
162,"Matyskiela, M. E., Zhu, J., Baughman, J. M., Clayton, T., Slade, M., Wong, H. K., Danga, K., Zheng, X., Labow, M., LeBrun, L., et al. (2020). Cereblon modulators target ZBTB16 and its oncogenic fusion partners for degradation via distinct structural degrons. ACS Chemical Biology, 15(12), 3149–3158.",10.1021/acschembio.0c00674,,Cereblon modulators target ZBTB16 and its oncogenic fusion partners for degradation via distinct structural degrons.,ACS Chemical Biology,Scientific Literature,33206504,2020,12,18,15,12,3149,3158
163,"Wang, B., Liu, J., Tandon, I., Wu, S., Teng, P., Liao, J., & Tang, W. (2021). Development of MDM2 degraders based on ligands derived from Ugi reactions: Lessons and discoveries. European Journal of Medicinal Chemistry, 219, 113425.",10.1016/j.ejmech.2021.113425,,Development of MDM2 degraders based on ligands derived from Ugi reactions: Lessons and discoveries.,European Journal of Medicinal Chemistry,Scientific Literature,33862513,2021,7,5,219,,113425,
164,"Kim, S. A., Go, A., Jo, S. H., Park, S. J., Jeon, Y. U., Kim, J. E., Lee, H. K., Park, C. H., Lee, C. O., Park, S. G., et al. (2019). A novel cereblon modulator for targeted protein degradation. European Journal of Medicinal Chemistry, 166, 65–74.",10.1016/j.ejmech.2019.01.023,,A novel cereblon modulator for targeted protein degradation.,European Journal of Medicinal Chemistry,Scientific Literature,30684871,2019,3,15,166,,65,74
165,"Takwale, A. D., Kim, E. Y., Jang, Y., Lee, D. H., Kim, S., Choi, Y., Kim, J. H., Lee, D. Y., Kim, Y., Lee, S. M., et al. (2022). Structure-activity relationship analysis of novel GSPT1 degraders based on benzotriazinone scaffold and its antitumor effect on xenograft mouse model. Bioorganic Chemistry, 127, 105923.",10.1016/j.bioorg.2022.105923,,Structure-activity relationship analysis of novel GSPT1 degraders based on benzotriazinone scaffold and its antitumor effect on xenograft mouse model.,Bioorganic Chemistry,Scientific Literature,35717803,2022,10,,127,,105923,
166,"Katz, L. S., Visser, E. J., Plitzko, K. F., Pennings, M. A. M., Cossar, P. J., Tse, I. L., Kaiser, M., Brunsveld, L., Ottmann, C., & Scott, D. K. (2025). Molecular glues of the regulatory ChREBP/14-3-3 complex protect beta cells from glucolipotoxicity. Nature Communications, 16(1), 2110.",10.1038/s41467-025-57241-7,,Molecular glues of the regulatory ChREBP/14-3-3 complex protect beta cells from glucolipotoxicity.,Nature Communications,Scientific Literature,40025013,2025,3,2,16,1,2110,
167,"Huber, A. D., Li, Y., Lin, W., Galbraith, A. N., Mishra, A., Porter, S. N., Wu, J., Florke Gee, R. R., Zhuang, W., Pruett-Miller, et al. (2022). SJPYT-195: a designed nuclear receptor degrader that functions as a molecular glue degrader of GSPT1. ACS Medicinal Chemistry Letters, 13(8), 1311–1320.",10.1021/acsmedchemlett.2c00223,,SJPYT-195: a designed nuclear receptor degrader that functions as a molecular glue degrader of GSPT1.,ACS Medicinal Chemistry Letters,Scientific Literature,35978691,2022,7,15,13,8,1311,1320
168,"Tang, C., Mo, X., Niu, Q., Wahafu, A., Yang, X., Qui, M., Ivanov, A. A., Du, Y., & Fu, H. (2021). Hypomorph mutation-directed small-molecule protein-protein interaction inducers to restore mutant SMAD4-suppressed TGF-β signaling. Cell Chemical Biology, 28(5), 636–647.e5.",10.1016/j.chembiol.2020.11.010,,Hypomorph mutation-directed small-molecule protein-protein interaction inducers to restore mutant SMAD4-suppressed TGF-β signaling.,Cell Chemical Biology,Scientific Literature,33326750,2021,5,20,28,5,636,647.e5
169,"Hill, Z. B., Martinko, A. J., Nguyen, D. P., & Wells, J. A. (2018). Human antibody-based chemically induced dimerizers for cell therapeutic applications. Nature Chemical Biology, 14(2), 112–117.",10.1038/nchembio.2529,,Human antibody-based chemically induced dimerizers for cell therapeutic applications.,Nature Chemical Biology,Scientific Literature,29200207,2018,2,,14,2,112,117
170,"Yan, B., Ding, Z., Zhang, W., Cai, G., Han, H., Ma, Y., Cao, Y., Wang, J., Chen, S., & Ai, Y. (2022). Multiple PDE3A modulators act as molecular glues promoting PDE3A-SLFN12 interaction and induce SLFN12 dephosphorylation and cell death. Cell Chemical Biology, 29(6), 958–969.e5.",10.1016/j.chembiol.2022.01.006,,Multiple PDE3A modulators act as molecular glues promoting PDE3A-SLFN12 interaction and induce SLFN12 dephosphorylation and cell death.,Cell Chemical Biology,Scientific Literature,35104454,2022,6,16,29,6,958,969.e5
171,"Chen, J., Liu, H., Shen, H., Zhang, W., Zhao, D., & Zhu, W. (2024). Macrocycle compounds useful as KRAS inhibitors. WIPO (PCT). WO2024008834A1.",,https://patentimages.storage.googleapis.com/1b/11/a5/e82eadaca5e81e/WO2024008834A1.pdf,Macrocycle compounds useful as KRAS inhibitors.,,Patent,,2024,1,11,,,,
172,"Chen, J., Liu, H., Qiu, H., Shen, H., Yan, Z., Yang, B., Yao, X., Zhang, W., Zhao, D., & Zhu, W. (2023). Macrocyclic compounds for the treatment of cancer. WIPO (PCT). WO2023025832A1.",,https://patentimages.storage.googleapis.com/75/df/1d/c44c1519c38096/WO2023025832A1.pdf,Macrocyclic compounds for the treatment of cancer.,,Patent,,2023,3,2,,,,
173,"McAllister, L. A., Liardo, E., Ritzen, A., Oleinikovas, V., Cabré, X. L., Fasching, B., Bizzini, L. D., & Lesieur, M. (2024). Targeted degradation of vav1. WIPO (PCT). WO2024151547A1.",,https://patentimages.storage.googleapis.com/42/b3/82/b80a8df2da6888/WO2024151547A1.pdf,Targeted degradation of vav1.,,Patent,,2024,7,18,,,,
174,"Zhao, J., Zhou, F., Jiang, T., Lin, C., Liang, T., Ma, K., Peng, L., He, W., Zhang, L., Yan, F., Lan, J., & Lü, Q. (2024). Macrocyclic compounds, preparation method therefor, and use thereof. WIPO (PCT). WO2024153208A1.",,https://patentimages.storage.googleapis.com/78/54/eb/d0bcc3bb800568/WO2024153208A1.pdf,"Macrocyclic compounds, preparation method therefor, and use thereof.",,Patent,,2024,7,25,,,,
175,"Chen, J., Guo, L., Liu, H., Shen, H., Xi, J., Zhang, W., & Zhao, D. (2025). Tricyclic compounds for the treatment of cancer. WIPO (PCT). WO2024169914A1.",,https://patentimages.storage.googleapis.com/e9/86/a6/5834823b09f2ff/WO2024169914A1.pdf,Tricyclic compounds for the treatment of cancer.,,Patent,,2024,8,22,,,,
176,"Gray, N. S., Fischer, E., Yoon, H., Zhang, T., Faust, T., Donovan, K., & Cai, Q. (2019). Sulfonamide derivatives for protein degradation. WIPO (PCT). WO2019147783A1.",,https://patentimages.storage.googleapis.com/e0/ab/59/9b7cc141399cde/WO2019147783A1.pdf,Sulfonamide derivatives for protein degradation.,,Patent,,2019,8,1,,,,
177,"Zou, L., Yang, Z., Sun, Z., Su, H., Geng, C., & Dou, H. (2024). Compounds for modulating HuR (ELAVL1). WIPO (PCT). WO2024114639A1.",,https://patentimages.storage.googleapis.com/27/ca/ab/9009700b1667de/WO2024114639A1.pdf,Compounds for modulating HuR (ELAVL1).,,Patent,,2024,6,6,,,,
178,"Ritzén, A., Ryckmans, T., McAllister, L. A., Oleinikovas, V., Ranieri, B., Fasching, B., & Liardo, E. (2024). Compounds that mediate protein degradation and methods of use thereof. WIPO (PCT). WO2024092039A1.",,https://patentimages.storage.googleapis.com/e2/37/2b/80935b501a1ae9/WO2024092039A1.pdf,Compounds that mediate protein degradation and methods of use thereof.,,Patent,,2024,5,2,,,,
179,"Luo, Y., Cang, Y., Peng, B., Lei, M., Xu, Y., & Chen, S. (2021). Fused cyclic compound capable of degrading protein and use thereof. WIPO (PCT). WO2021047627A1.",,https://patentimages.storage.googleapis.com/fb/83/ba/7285c1dcfe1740/WO2021047627A1.pdf,Fused cyclic compound capable of degrading protein and use thereof.,,Patent,,2021,3,18,,,,
180,"Sapienza, J., Riggs, J. R., Edwards, J. T., Cashion, D. K., & Pierce, M. O. (2024). Wee1 degrading compounds and uses thereof. WIPO (PCT). WO2024006881A1.",,https://patentimages.storage.googleapis.com/ce/8b/a2/579a8b834c1889/WO2024006881A1.pdf,Wee1 degrading compounds and uses thereof.,,Patent,,2024,1,4,,,,
181,"Kumi, G. K., Purandare, A. V., Cherney, E. C., Balog, J. A., Penmetsa, S. B. V. K., Nair S. K., Shimpukade, B. D., & Kantheti, D. (2024). Substituted oxoisoindolinyl piperidine-2,6-dione compound as anticancer agent. WIPO (PCT). WO2024263853.",,https://patentimages.storage.googleapis.com/c5/f9/f5/b1b8b87c2a29d0/WO2024263853A1.pdf,"Substituted oxoisoindolinyl piperidine-2,6-dione compound as anticancer agent.",,Patent,,2024,12,26,,,,
182,"Kang, I., & Seo, S. O. (2024). Compounds targeting kras g12d mutations and their uses. WIPO (PCT). WO2024241248.",,https://patentimages.storage.googleapis.com/b3/07/a8/6af553db3f10f5/WO2024241248A1.pdf,Compounds targeting kras g12d mutations and their uses.,,Patent,,2024,11,28,,,,
183,"Yuan, L., Ma, X., Yang, Y., Qu, Y., Li, X., Zhu, X., Ma, W., Duan, J., Xue, J., Yang, H., et al. (2023). Phosphoantigens glue butyrophilin 3A1 and 2A1 to activate Vγ9Vδ2 T cells. Nature, 621(7980), 840–848.",10.1038/s41586-023-06525-3,,Phosphoantigens glue butyrophilin 3A1 and 2A1 to activate Vγ9Vδ2 T cells.,Nature,Scientific Literature,37674084,2023,9,,621,7980,840,848
184,"Konstantinidou, M., Visser, E. J., Vandenboorn, E., Chen, S., Jaishankar, P., Overmans, M., Dutta, S., Neitz, R. J., Renslo, A. R., Ottmann, C., et al. (2023). Structure-based optimization of covalent, small-molecule stabilizers of the 14-3-3σ/ERα protein-protein interaction from nonselective fragments. Journal of the American Chemical Society, 145(37), 20328–20343.",10.1021/jacs.3c05161,,"Structure-based optimization of covalent, small-molecule stabilizers of the 14-3-3σ/ERα protein-protein interaction from nonselective fragments.",Journal of the American Chemical Society,Scientific Literature,37676236,2023,9,20,145,37,20328,20343
185,"Zhang, Z., Li, Y., Yang, J., Li, J., Lin, X., Liu, T., Yang, S., Lin, J., Xue, S., Yu, J., et al. (2024). Dual-site molecular glues for enhancing protein-protein interactions of the CDK12-DDB1 complex. Nature Communications, 15(1), 6477.",10.1038/s41467-024-50642-0,,Dual-site molecular glues for enhancing protein-protein interactions of the CDK12-DDB1 complex.,Nature Communications,Scientific Literature,39090085,2024,8,1,15,1,6477,
186,"Wei, Y., Xu, X., Jiang, M., Wang, Y., Zhou, Y., Wang, Z., Zhang, Z., Zhou, F., & Ding, K. (2023). Discovery of new Lenalidomide derivatives as potent and selective GSPT1 degraders. European Journal of Medicinal Chemistry, 258, 115580.",10.1016/j.ejmech.2023.115580,,Discovery of new Lenalidomide derivatives as potent and selective GSPT1 degraders.,European Journal of Medicinal Chemistry,Scientific Literature,37418973,2023,10,5,258,,115580,
187,"Zhang, S., Nie, S., Ma, G., Shen, M., Kong, L., Zuo, Z., & Li, Y. (2024). Identification of novel GSPT1 degraders by virtual screening and bioassay. European Journal of Medicinal Chemistry, 273, 116524.",10.1016/j.ejmech.2024.116524,,Identification of novel GSPT1 degraders by virtual screening and bioassay.,European Journal of Medicinal Chemistry,Scientific Literature,38795517,2024,7,5,273,,116524,
188,"Wang, J., Heinz, M., Han, K., Shah, V. J., Hasselbeck, S., Schwalm, M. P., Rathore, R., Hummer, G., Zhou, J., Dikic, I., & Cheng, X. (2024). Thalidomide derivatives degrade BCL-2 by reprogramming the binding surface of CRBN. Cell Reports Physical Science, 5(5), 101960.",10.1016/j.xcrp.2024.101960,,Thalidomide derivatives degrade BCL-2 by reprogramming the binding surface of CRBN.,Cell Reports Physical Science,Scientific Literature,,2024,5,15,5,5,101960,
189,"Park, S. M., Miyamoto, D. K., Han, G. Y. Q., Chan, M., Curnutt, N. M., Tran, N. L., Velleca, A., Kim, J. H., Schurer, A., Chang, K., et al. (2023). Dual IKZF2 and CK1α degrader targets acute myeloid leukemia cells. Cancer Cell, 41(4), 726–739.e11.",10.1016/j.ccell.2023.02.010,,Dual IKZF2 and CK1α degrader targets acute myeloid leukemia cells.,Cancer Cell,Scientific Literature,36898380,2023,4,10,41,4,726,739
190,"Shen, H., Xu, H., Jin, W., Wu, T., Hu, J., Zhang, C., Zhong, Z., Li, J., Mao, R., Zhang, S., et al. (2025). Discovery of a potent and selective GSPT1 molecular glue degrader for the treatment of castration-resistant prostate cancer. Journal of Medicinal Chemistry, 68(2), 1553–1571.",10.1021/acs.jmedchem.4c02205,,Discovery of a potent and selective GSPT1 molecular glue degrader for the treatment of castration-resistant prostate cancer.,Journal of Medicinal Chemistry,Scientific Literature,39746330,2025,1,23,68,2,1553,1571
191,"Lewis, T. A., Ellermann, M., Kopitz, C., Lange, M., de Waal, L., Wu, X., Tersteegen, A., Denner, K., Lienau, P., Kaulfuss, S., et al. (2024). Discovery of BAY 2666605, a molecular glue for PDE3A and SLFN12. ACS Medicinal Chemistry Letters, 15(10), 1662–1667.",10.1021/acsmedchemlett.4c00336,,"Discovery of BAY 2666605, a molecular glue for PDE3A and SLFN12.",ACS Medicinal Chemistry Letters,Scientific Literature,39411532,2024,9,10,15,10,1662,1667
192,"Krumm, B. E., DiBerto, J. F., Olsen, R. H. J., Kang, H. J., Slocum, S. T., Zhang, S., Strachan, R. T., Huang, X. P., Slosky, L. M., Pinkerton, A. B., et al. (2023). Neurotensin receptor allosterism revealed in complex with a biased allosteric modulator. Biochemistry, 62(7), 1233–1248.",10.1021/acs.biochem.3c00029,,Neurotensin receptor allosterism revealed in complex with a biased allosteric modulator.,Biochemistry,Scientific Literature,36917754,2023,4,4,62,7,1233,1248
193,"Moore, M. N., Person, K. L., Alwin, A., Krusemark, C., Foster, N., Ray, C., Inoue, A., Jackson, M. R., Sheedlo, M. J., Barak, L. S., et al. (2024). Design of allosteric modulators that change GPCR G protein subtype selectivity. bioRxiv.",10.1101/2024.11.20.624209,,Design of allosteric modulators that change GPCR G protein subtype selectivity.,bioRxiv,preprint,,,,,,,,
194,"Yu, N., Lee, J. E., Park, S., Yun, S. K., Ryu, D. H., Kim, J. A., Kim, J. H., & Hwang, J. Y. (2025). Design and evaluation of anaplastic lymphoma kinase degraders using a covalent fumarate handle. Bioorganic & Medicinal Chemistry Letters, 117, 130075.",10.1016/j.bmcl.2024.130075,,Design and evaluation of anaplastic lymphoma kinase degraders using a covalent fumarate handle.,Bioorganic & Medicinal Chemistry Letters,Scientific Literature,39681169,2025,3,1,117,,130075,
195,"Deutscher, R. C. E., Meyners, C., Repity, M. L., Sugiarto, W. O., Kolos, J. M., Maciel, E. V. S., Heymann, T., Geiger, T. M., Knapp, S., Lermyte, F., & Hausch, F. (2025). Discovery of fully synthetic FKBP12-mTOR molecular glues. Chemical Science, 16(10), 4256–4263.",10.1039/d4sc06917j,,Discovery of fully synthetic FKBP12-mTOR molecular glues.,Chemical Science,Scientific Literature,39916884,2025,1,13,16,10,4256,4263
196,"Miyamoto, D. K., Curnutt, N. M., Park, S. M., Stavropoulos, A., Kharas, M. G., & Woo, C. M. (2023). Design and development of IKZF2 and CK1α dual degraders. Journal of Medicinal Chemistry, 66(24), 16953–16979.",10.1021/acs.jmedchem.3c01736,,Design and development of IKZF2 and CK1α dual degraders.,Journal of Medicinal Chemistry,Scientific Literature,38085607,2023,12,12,66,24,16953,16979
197,"Hennes, E., Lucas, B., Scholes, N. S., Cheng, X. F., Scott, D. C., Bischoff, M., Reich, K., Gasper, R., Lucas, M., Xu, T. T., et al. (2025). Identification of a monovalent pseudo-natural product degrader class supercharging degradation of IDO1 by its native E3 KLHDC3. bioRxiv.",10.1101/2024.07.10.602857,,Identification of a monovalent pseudo-natural product degrader class supercharging degradation of IDO1 by its native E3 KLHDC3.,bioRxiv,preprint,,2025,1,17,,,,
198,"Steinebach, C., Bricelj, A., Murgai, A., Sosič, I., Bischof, L., Ng, Y. L. D., Heim, C., Maiwald, S., Proj, M., Voget, R., et al. (2023). Leveraging ligand affinity and properties: discovery of novel benzamide-type cereblon binders for the design of PROTACs. Journal of Medicinal Chemistry, 66(21), 14513–14543.",10.1021/acs.jmedchem.3c00851,,Leveraging ligand affinity and properties: discovery of novel benzamide-type cereblon binders for the design of PROTACs.,Journal of Medicinal Chemistry,Scientific Literature,37902300,2023,11,9,66,21,14513,14543
199,"Zhang, X., Deng, Q., Dhruv, H., Tudor, M., Nagilla, R., Jolivette, L. J., Rice, C. T., Orth, P., Behshad, E., Strickland, C. O., et al. (2025). Overcoming CK1α liability in the discovery of a series of isoIndolinone Glutarimides as selective IKZF2 molecular glue degraders. Bioorganic & Medicinal Chemistry Letters, 124, 130263.",10.1016/j.bmcl.2025.130263,,Overcoming CK1α liability in the discovery of a series of isoIndolinone Glutarimides as selective IKZF2 molecular glue degraders.,Bioorganic & Medicinal Chemistry Letters,Scientific Literature,40334997,2025,8,15,124,,130263,
200,"Robineau, S., Chabre, M., & Antonny, B. (2000). Binding site of brefeldin A at the interface between the small G protein ADP-ribosylation factor 1 (ARF1) and the nucleotide-exchange factor Sec7 domain. Proceedings of the National Academy of Sciences of the United States of America, 97(18), 9913–9918.",10.1073/pnas.170290597,,Binding site of brefeldin A at the interface between the small G protein ADP-ribosylation factor 1 (ARF1) and the nucleotide-exchange factor Sec7 domain.,Proceedings of the National Academy of Sciences of the United States of America,Scientific Literature,10954741,2000,8,29,97,18,9913,9918
201,"Jermusek, F. A., Jr, & Webb, L. J. (2024). Electrostatic impact of brefeldin A on thiocyanate probes surrounding the interface of Arf1-BFA-ARNO4M, a protein-drug-protein complex. Biochemistry, 63(1), 27–41.",10.1021/acs.biochem.3c00366,,"Electrostatic impact of brefeldin A on thiocyanate probes surrounding the interface of Arf1-BFA-ARNO4M, a protein-drug-protein complex.",Biochemistry,Scientific Literature,38078826,2024,1,2,63,1,27,41
202,"Zhang, Z. X., Li, S. Y., Li, F. F., Shi, Q. Y., Tan, C. Y., Wang, X. J., Li, M., Liu, Y. B., Jin, J., Li, Y., & Yu, S. S. (2025). Meisoindigo acts as a molecular glue to target PKMYT1 for degradation in chronic myeloid leukemia therapy. Advanced Science, 12(21), e2413676.",10.1002/advs.202413676,,Meisoindigo acts as a molecular glue to target PKMYT1 for degradation in chronic myeloid leukemia therapy.,Advanced Science,Scientific Literature,40279509,2025,6,12,12,21,e2413676,
203,"Moison, C., Mendoza-Sanchez, R., Gracias, D., Schuetz, D. A., Spinella, J. F., Girard, S., Thavonekham, B., Chagraoui, J., Durand, A., Fortier, S., et al. (2025). DDB1 engagement defines the selectivity of S656 analogs for cyclin K degradation over CDK inhibition. EMBO Reports, 26(11), 2836–2854.",10.1038/s44319-025-00448-y,,DDB1 engagement defines the selectivity of S656 analogs for cyclin K degradation over CDK inhibition.,EMBO Reports,Scientific Literature,40295725,2025,4,28,26,11,2836,2854
204,"Ding, B., Hu, J., Zhang, R., Shou, B., Chen, M., Jiang, L., Yuan, M., Yang, B., He, Q., Cao, J., & Zhu, C. L. (2025). Solid-phase parallel synthesis of photocleavable bifunctional molecules enables efficient phenotypic protein degrader discovery. Angewandte Chemie International Edition, e202424118.",10.1002/anie.202424118,,Solid-phase parallel synthesis of photocleavable bifunctional molecules enables efficient phenotypic protein degrader discovery.,Angewandte Chemie International Edition,Scientific Literature,40432221,2025,5,27,,,e202424118,
205,"Park, S., Takwale, A. D., Lee, J. E., Yu, N., Kim, Y. H., Lee, J. Y., Cho, Y. H., Cho, J. H., Moon, J. H., Lee, G., et al. (2025). Discovery of a novel molecular glue degrader targeting GSPT1/2 with a non-IMiD-based CRBN binder. European Journal of Medicinal Chemistry, 291, 117642.",10.1016/j.ejmech.2025.117642,,Discovery of a novel molecular glue degrader targeting GSPT1/2 with a non-IMiD-based CRBN binder.,European Journal of Medicinal Chemistry,Scientific Literature,40252382,2025,7,5,291,,117642,
206,"Wang, L., Cai, X., Kong, Y., Wu, Q., Hu, W., & Wang, Y. (2025). Evaluation of anti-leukemic activity and underlying mechanisms of the novel GSPT1 degrader AB138 in acute myeloid leukemia. Investigational New Drugs.",10.1007/s10637-025-01541-8,,Evaluation of anti-leukemic activity and underlying mechanisms of the novel GSPT1 degrader AB138 in acute myeloid leukemia.,Investigational New Drugs,Scientific Literature,40366532,2025,5,14,,,,
207,"Chen, Z., Dhruv, H., Zhang, X., Rej, R. K., Bai, L., McEachern, D., Kirchhoff, P., Nagilla, R., Jolivette, L. J., Rice, C. T., et al. (2025). Development of PVTX-405 as a potent and highly selective molecular glue degrader of IKZF2 for cancer immunotherapy. Nature Communications, 16(1), 4095.",10.1038/s41467-025-58431-z,,Development of PVTX-405 as a potent and highly selective molecular glue degrader of IKZF2 for cancer immunotherapy.,Nature Communications,Scientific Literature,40312344,2025,5,1,16,1,4095,
208,"Liu, S., Tong, B., Mason, J. W., Ostrem, J. M., Tutter, A., Hua, B. K., Tang, S. A., Bonazzi, S., Briner, K., Berst, F., et al. (2023). Rational screening for cooperativity in small-molecule inducers of protein-protein associations. Journal of the American Chemical Society, 145(42), 23281–23291.",10.1021/jacs.3c08307,,Rational screening for cooperativity in small-molecule inducers of protein-protein associations.,Journal of the American Chemical Society,Scientific Literature,37816014,2023,10,25,145,42,23281,23291
209,"Jermusek, F. A., Jr, & Webb, L. J. (2024). Determining the electrostatic contributions of GTPase-GEF complexes on interfacial drug binding specificity: a case study of a protein-drug-protein complex. Biochemistry, 63(24), 3220–3235.",10.1021/acs.biochem.4c00313,,Determining the electrostatic contributions of GTPase-GEF complexes on interfacial drug binding specificity: a case study of a protein-drug-protein complex.,Biochemistry,Scientific Literature,39589755,2024,12,17,63,24,3220,3235
210,"Bushman, J. W., Deng, W., Samarasinghe, K. T. G., Liu, H.-Y., Li, S., Vaish, A., Golkar, A., Ou, S.-C., Ahn, J., Harijan, R. K., et al. (2025). Discovery of a VHL molecular glue degrader of GEMIN3 by Picowell RNA-seq. bioRxiv.",10.1101/2025.03.19.644003,,Discovery of a VHL molecular glue degrader of GEMIN3 by Picowell RNA-seq.,bioRxiv,preprint,,2025,3,19,,,,
211,"Luengo, J. I., Yamashita, D. S., Dunnington, D., Beck, A. K., Rozamus, L. W., Yen, H. K., Bossard, M. J., Levy, M. A., Hand, A., & Newman-Tarr, T. (1995). Structure-activity studies of rapamycin analogs: evidence that the C-7 methoxy group is part of the effector domain and positioned at the FKBP12-FRAP interface. Chemistry & Biology, 2(7), 471–481.",10.1016/1074-5521(95)90264-3,,Structure-activity studies of rapamycin analogs: evidence that the C-7 methoxy group is part of the effector domain and positioned at the FKBP12-FRAP interface.,Chemistry & Biology,Scientific Literature,9383449,1995,7,,2,7,471,481
212,"Dickman, D. A., Ding, H., Li, Q., Nilius, A. M., Balli, D. J., Ballaron, S. J., Trevillyan, J. M., Smith, M. L., Seif, L. S., Kim, K., et al. (2000). Antifungal rapamycin analogues with reduced immunosuppressive activity. Bioorganic & Medicinal Chemistry Letters, 10(13), 1405–1408.",10.1016/s0960-894x(00)00184-0,,Antifungal rapamycin analogues with reduced immunosuppressive activity.,Bioorganic & Medicinal Chemistry Letters,Scientific Literature,10888319,2000,7,3,10,13,1405,1408
213,"Lee, S. B., Yu, J., Kim, H., Kim, K. W., Jeong, J. W., Kim, Y. L., Park, S. J., Koo, T. S., Lee, C., Hong, K. B., & Choi, S. (2023). Novel strategy To inhibit transthyretin amyloidosis via the synergetic effect of chemoselective acylation and noncovalent inhibitor release. Journal of Medicinal Chemistry, 66(4), 2893–2903.",10.1021/acs.jmedchem.2c01926,,Novel strategy To inhibit transthyretin amyloidosis via the synergetic effect of chemoselective acylation and noncovalent inhibitor release.,Journal of Medicinal Chemistry,Scientific Literature,36749109,2023,2,23,66,4,2893,2903
214,"Garrett, S. C., Hodgson, L., Rybin, A., Toutchkine, A., Hahn, K. M., Lawrence, D. S., & Bresnick, A. R. (2008). A biosensor of S100A4 metastasis factor activation: inhibitor screening and cellular activation dynamics. Biochemistry, 47(3), 986–996.",10.1021/bi7021624,,A biosensor of S100A4 metastasis factor activation: inhibitor screening and cellular activation dynamics.,Biochemistry,Scientific Literature,18154362,2008,1,22,986,996,,
215,"Hohmann, U., Santiago, J., Nicolet, J., Olsson, V., Spiga, F. M., Hothorn, L. A., Butenko, M. A., & Hothorn, M. (2018). Mechanistic basis for the activation of plant membrane receptor kinases by SERK-family coreceptors. Proceedings of the National Academy of Sciences of the United States of America, 115(13), 3488–3493.",10.1073/pnas.1714972115,,Mechanistic basis for the activation of plant membrane receptor kinases by SERK-family coreceptors.,Proceedings of the National Academy of Sciences of the United States of America,Scientific Literature,29531026,2018,3,27,115,13,3488,3493
216,"Garvie, C. W., Wu, X., Papanastasiou, M., Lee, S., Fuller, J., Schnitzler, G. R., Horner, S. W., Baker, A., Zhang, T., Mullahoo, J. P., et al. (2021). Structure of PDE3A-SLFN12 complex reveals requirements for activation of SLFN12 RNase. Nature Communications, 12(1), 4375.",10.1038/s41467-021-24495-w,,Structure of PDE3A-SLFN12 complex reveals requirements for activation of SLFN12 RNase.,Nature Communications,Scientific Literature,34272366,2021,7,16,12,1,4375,
231,"Bellail, A. C., Jin, H. R., Lo, H. Y., Jung, S. H., Hamdouchi, C., Kim, D., Higgins, R. K., Blanck, M., le Sage, C., Cross, B. C. S., et al. (2021). Ubiquitination and degradation of SUMO1 by small-molecule degraders extends survival of mice with patient-derived tumors. Science Translational Medicine, 13(615), eabh1486.",10.1126/scitranslmed.abh1486,,Ubiquitination and degradation of SUMO1 by small-molecule degraders extends survival of mice with patient-derived tumors.,Science Translational Medicine,Scientific Literature,34644148,2021,10,13,13,615,eabh1486,
232,"Zhang, Y., Liu, W., Tong, C., Wang, X., Chang, X., Qu, F., Zhang, Z., Fan, Z., Zhao, M., Tang, C., et al. (2025). Design and discovery of preclinical candidate LYG-409 as a highly potent and selective GSPT1 molecular glue degraders. Journal of Medicinal Chemistry, 68(3), 2608–2638.",10.1021/acs.jmedchem.4c01787,,Design and discovery of preclinical candidate LYG-409 as a highly potent and selective GSPT1 molecular glue degraders.,Journal of Medicinal Chemistry,Scientific Literature,39854008,2025,2,13,68,3,2608,2638
233,"Lier, S., Sellmer, A., Orben, F., Heinzlmeir, S., Krauß, L., Schneeweis, C., Hassan, Z., Schneider, C., Patricia Gloria Schäfer, A., Pongratz, H., et al. (2022). A novel Cereblon E3 ligase modulator with antitumor activity in gastrointestinal cancer. Bioorganic Chemistry, 119, 105505.",10.1016/j.bioorg.2021.105505,,A novel Cereblon E3 ligase modulator with antitumor activity in gastrointestinal cancer.,Bioorganic Chemistry,Scientific Literature,34838332,2022,2,,119,,105505,
234,"Chen, L., Huang, L., Wen, W., Zeng, P., Wu, Y., Han, Q., Chen, X., Guo, Z., Yu, H., Lu, W., & Jiang, B. (2025). Selective and potent molecular glue degraders for NIMA-Related kinase 7. Angewandte Chemie International Edition, 64(12), e202500169.",10.1002/anie.202500169,,Selective and potent molecular glue degraders for NIMA-Related kinase 7.,Angewandte Chemie International Edition,Scientific Literature,39927695,2025,3,17,64,12,e202500169,
235,"Jochem, M., Schrempf, A., Wagner, L. M., Segal, D., Cisneros, J., Ng, A., Winter, G. E., & Krijgsveld, J. (2025). Degradome analysis to identify direct protein substrates of small-molecule degraders. Cell Chemical Biology, 32(1), 192–200.e6.",10.1016/j.chembiol.2024.10.007,,Degradome analysis to identify direct protein substrates of small-molecule degraders.,Cell Chemical Biology,Scientific Literature,39536762,2025,1,16,32,1,192,200.e6
236,"Tracy, W. F., Davies, G. H. M., Jia, L., Evans, E. D., Sun, Z., Buenviaje, J., Khambatta, G., Yu, S., Shi, L., Shanmugasundaram, V., et al. (2024). Asymmetric dirhodium-catalyzed modification of immunomodulatory imide drugs and their biological assessment. ACS Medicinal Chemistry Letters, 15(9), 1575–1583.",10.1021/acsmedchemlett.4c00297,,Asymmetric dirhodium-catalyzed modification of immunomodulatory imide drugs and their biological assessment.,ACS Medicinal Chemistry Letters,Scientific Literature,39291008,2024,8,23,15,9,1575,1583
237,"Yang, Z., Sun, Y., Ni, Z., Yang, C., Tong, Y., Liu, Y., Li, H., & Rao, Y. (2021). Merging PROTAC and molecular glue for degrading BTK and GSPT1 proteins concurrently. Cell Research, 31(12), 1315–1318.",10.1038/s41422-021-00533-6,,Merging PROTAC and molecular glue for degrading BTK and GSPT1 proteins concurrently.,Cell Research,Scientific Literature,34417569,2021,8,20,31,12,1315,1318
238,"Zou, J., Jones, R. J., Wang, H., Kuiatse, I., Shirazi, F., Manasanch, E. E., Lee, H. C., Sullivan, R., Fung, L., Richard, N., et al. (2020). The novel protein homeostatic modulator BTX306 is active in myeloma and overcomes bortezomib and lenalidomide resistance. Journal of Molecular Medicine, 98(8), 1161–1173.",10.1007/s00109-020-01943-6,,The novel protein homeostatic modulator BTX306 is active in myeloma and overcomes bortezomib and lenalidomide resistance.,Journal of Molecular Medicine,Scientific Literature,32632752,2020,7,6,98,8,1161,1173
239,"Chen, D., Lin, S., Zeng, Z., An, J., Yan, W., Gu, Z., Chen, L., & He, B. (2024). Serendipitous discovery of Class I HDAC inhibitors from rational design of molecular glue degraders targeting HDAC. European Journal of Medicinal Chemistry, 263, 115926.",10.1016/j.ejmech.2023.115926,,Serendipitous discovery of Class I HDAC inhibitors from rational design of molecular glue degraders targeting HDAC.,European Journal of Medicinal Chemistry,Scientific Literature,37995564,2024,1,5,263,,115926,
240,"Yamanaka, S., Furihata, H., Yanagihara, Y., Taya, A., Nagasaka, T., Usui, M., Nagaoka, K., Shoya, Y., Nishino, K., Yoshida, S., et al. (2023). Lenalidomide derivatives and proteolysis-targeting chimeras for controlling neosubstrate degradation. Nature Communications, 14(1), 4683.",10.1038/s41467-023-40385-9,,Lenalidomide derivatives and proteolysis-targeting chimeras for controlling neosubstrate degradation.,Nature Communications,Scientific Literature,37596276,2023,8,18,14,1,4683,
241,"Sano, O., Ito, M., Saito, M., Toita, A., Tanaka, T., Maezaki, H., Araki, S., & Iwata, H. (2023). Novel quinazolin-4(3H)-one based Cyclin K degraders regulate alternative polyadenylation activity. Biochemical and Biophysical Research Communications, 676, 6–12.",10.1016/j.bbrc.2023.07.028,,Novel quinazolin-4(3H)-one based Cyclin K degraders regulate alternative polyadenylation activity.,Biochemical and Biophysical Research Communications,Scientific Literature,37480690,2023,10,8,676,,6,12