smiles,BIS_raw,BIS_norm
"C[NH+]1CCC(NC(=O)[C@H]2CCN(c3ccc(Cl)c(Cl)c3)C2=O)CC1
",2.17572982772878,-0.533788217893525
"C[C@H]1C[C@H]1C(=O)N1CCN(C(=O)NCC(C)(C)[NH+]2CCCCC2)CC1
",2.19460131171115,-0.5103342151224649
"Cc1ccc([C@@H]2CSCCN2Cc2cc3cnn(C(C)C)c3nc2Cl)o1
",3.4656475528147483,1.0693572436329761
"C=CCc1ccccc1OC(C)=O
",1.3470531937978003,-1.563690481366158
"C[C@@H](c1nccs1)N(C)C(=O)c1cccc(NC(=O)C2CCCC2)c1
",2.748289407647422,0.17780467997049648
"CCC(CC)([C@@H](O)c1ccc(OC)cc1OC)[NH+](C)C
",1.5160628247892438,-1.35364063275264
"CN(CCS(C)(=O)=O)C(=O)N[C@H](c1ccc(F)cc1)[C@@H]1CCCO1
",2.1595357088802656,-0.5539147171504344
"CC[C@H](COC)NC(=O)c1cc2c(C)nn(-c3ccccc3)c2s1
",3.0453623953127376,0.5470152138330565
"Cc1cc(NC(=O)N2CCC[C@@H]2Cc2ccccc2Cl)no1
",2.4076140598949753,-0.24559607418760154
"CC(C)CCC[NH2+][C@H]1CCOC2(CCCCC2)C1
",1.0386369640285118,-1.9469987105656579
"Cc1cc(CN(C)c2ccc(S(=O)(=O)N3CCOCC3)cc2[N+](=O)[O-])no1
",4.713798023854236,2.6205932054581864
"CC(C)C[C@@H]1COCCN1C(=O)NNC(=O)Cc1ccccn1
",2.26532623224272,-0.42243532578868753
"Nc1cccc(CN(CCO)C2CCCCC2)[nH+]1
",1.572491224145139,-1.2835098557508904
"CC(C)c1ccccc1NC(=O)[C@H](C)[S@](=O)Cc1ccc(Cl)cc1Cl
",2.045218428914688,-0.695991397691169
"CC(C)C(=O)Nc1ccc(NC(=O)N[C@@H](C)C(=O)N2CCCC[C@H]2C)cc1
",2.6182096910295076,0.016138006757858574
"CCNS(=O)(=O)c1ccc(Cl)c(N)c1
",1.7737513237402776,-1.0333782318670377
"CN(C)C(=O)N(Cc1ccc(OS(=O)(=O)c2ccc(F)cc2)cc1)C1CC1
",3.793887885907493,1.4773034172949515
"COc1ccc(-c2nnc(S[C@H]3CCOC3=O)n2-c2ccccc2)cc1
",3.7195571419668814,1.3849231107972342
"CC(C)n1nc(CC(=O)Nc2cccc3c2ccn3C(C)C)c2ccccc2c1=O
",3.0604157938089,0.5657239942539659
"CN(CCN1CCCC1=O)Cc1cc(Cl)ccc1Br
",1.8326416849772107,-0.9601876604774141
"CC(C)(C)Oc1cccc(-c2cc(=O)n3nccc3[nH]2)c1
",2.543291101268317,-0.07697289080083207
"Cc1ccccc1N1C(=O)S[C@@H](Nc2cccc3ccccc23)C1=O
",2.953285706237305,0.4325797554057921
"O=C(Cc1cc(F)ccc1F)Nc1ccc(NC(=O)c2ccco2)cc1
",3.400457717109286,0.9883375109659914
"N#C[C@H](COC(=O)[C@@H]1CCOc2ccccc21)Cc1cccs1
",2.9360896138815518,0.4112079757333492
"COc1cc([C@H]2C3=C(CC(C)(C)CC3=O)Nc3nnnn32)ccc1OCc1ccc(C)cc1
",3.7050677316774503,1.3669152705342835
"O=S(=O)(Nc1ncn(Cc2ccc(Cl)c(Cl)c2)n1)c1ccc(Cl)cc1
",3.4840443486529273,1.0922212908361733
"O=C(NCCN1CCCS1(=O)=O)[C@@H]1CCC[NH+]1Cc1ccccc1
",1.9187323875677502,-0.8531917517821885
"O=Cc1ccc(-c2ccc(Cl)c(Br)c2)s1
",2.062935339263139,-0.6739723309979828
"COCc1c(C(=O)N(C)C[C@@H]2CCC[NH+](C)C2)cnn1-c1ncc(C)c(-c2cccs2)n1
",3.410853863712563,1.001258129793287
"Cc1ccccc1Cn1c(=O)c2c(nc3n(CCO)c(C)cn23)n(C)c1=O
",2.9852535843035723,0.47231031933238193
"C[C@@H](CN[C@H](C)c1nc2ccccc2n1C(F)F)[NH+](C)C1CC1
",1.8796755648628405,-0.901732652370905
"CC(C)Cc1ccc([C@@H](C)C(=O)N[C@H](C(=O)[O-])C(C)C)cc1
",2.14420623072111,-0.572966617020081
"COc1ccc2c(c1)[C@H](N[C@H](c1ccc(F)cc1)C(F)(F)F)CCO2
",1.9106090997940677,-0.8632875987294696
"COc1cccc(C(=O)NC2CCN(C(=S)Nc3cc(C)ccc3C)CC2)c1
",3.0172300618561683,0.5120515709386669
"C[C@@H](Cn1cccn1)OC(=O)CCc1cc(F)ccc1F
",2.6744726515001367,0.0860631717326422
"Cc1ccc(NC(=O)[C@H]2CCCN(S(=O)(=O)c3ccccc3)C2)c(OCc2ccccc2)c1
",3.362311335068218,0.9409281312408478
"CCC[NH2+][C@H]1CCOC[C@@H]1SC[C@@H](C)CO
",0.9923469327053509,-2.0045292430844657
"CC(C)N[C@H](C#N)CSC[C@H](O)CO
",1.4365637038324655,-1.4524443412982464
"COC(=O)[C@H](C)CNC(=O)C1(O)CCCC1
",1.6536707942476352,-1.1826176384819047
"COC[C@H](NC(=O)c1cnn(Cc2ccccc2)c1)C(N)=O
",3.0157012934510012,0.5101515752390922
"C[C@H](Cc1cccs1)N(C)C(=O)NCC1CC1
",1.5242906968312426,-1.343414805581165
"CC[C@@H]([NH2+][C@@H](C)c1nc2cc(Cl)ccc2n1C)C(=O)N1CCOCC1
",2.250206761979606,-0.44122622203083417
"Cc1ccc(C(=O)Nc2ccc(N3CCCC3=O)cc2)cc1[N+](=O)[O-]
",3.5841538460711186,1.216640145868944
"CC1(C)C[C@@H]2C[C@@](C)(CN2c2ncnc(NNC(=O)c3ccncc3)c2N)C1
",3.146104900061329,0.6722207879015517
"O=S(=O)(c1ccc(S(=O)(=O)N2CCC[NH+](Cc3ccc(F)cc3)CC2)cc1)N1CCCC1
",3.215767444455037,0.7587993267581431
"C[NH+]1CCC(CNC(=O)CC2CN(C(=O)OC(C)(C)C)C2)CC1
",1.4903286709041421,-1.385623751679373
"CCS(=O)(=O)N[C@@H](c1ccccc1)[C@@H](C)C(=O)OC
",1.9562916551115639,-0.8065120542091426
"CN(Cc1ccc(Cl)nc1)C(=O)[C@@H]1C[C@H]2CC[C@@H]1O2
",2.5094773402738344,-0.11899756913590458
"O=c1c2cc(Cl)c(Br)cc2ncn1C[C@@H](O)CNc1ccc(Cl)cc1
",2.740371574151244,0.16796417728752575
"CC[C@H](C)n1cnc2sc(C(C)=O)c(C)c2c1=O
",2.279688393673716,-0.40458563393002456
"COc1ccc(C)cc1NC(=O)CN1CCC(=O)Nc2cc(F)ccc21
",2.423307741427327,-0.22609153228237655
"Cc1ccc(NC(=O)NC[C@H](O)c2ccc(C)o2)cc1
",3.2235527246661144,0.7684750885485079
"COc1ccc(C)cc1NC(=O)[C@H]1CCCN1c1cc(C)ccc1[N+](=O)[O-]
",2.822084709256743,0.2695195239145767
"O=C(Cn1cnc(S(=O)(=O)N2CCCC2)c1)Nc1cccc2c1CCCC2
",3.557417980882053,1.1834120724001664
"COc1ccc(C2=CC[NH+]([C@H](C)c3nnc(C)o3)CC2)cc1
",2.9958565251586635,0.485487947781158
"N#Cc1cccc(S(=O)(=O)NC[C@H](C2=c3ccccc3=[NH+]C2)[C@H]2CC=CS2)c1
",1.9753476465693942,-0.7828287404392876
"C[NH+]1CCN(Cc2ccc(OC3CCCC3)cc2)C[C@@H]1CCO
",2.2448542409601107,-0.4478784833442891
"N#C/C(=C\c1cc(Br)cs1)C(=O)Nc1cc2c(cc1[N+](=O)[O-])OCCO2
",3.694630194147003,1.3539432099167477
"COC(=O)c1ccc(-c2ccc(/C=N\Nc3ccc([N+](=O)[O-])cn3)o2)cc1
",3.9079505530751084,1.6190636580011437
"N#Cc1csc(C(=O)N2CCC[C@H]2C(=O)Nc2nccs2)c1
",2.9949382010909833,0.4843466292050341
"C[C@@H](NC(=O)[C@@H]1CSCN1C(=O)CC(C)(C)C)c1ccccn1
",1.9936257533313606,-0.760112203306045
"Cc1ccc([C@H]2CC(=O)Nc3c2cnn3-c2ccc(C)cc2)cc1
",2.92791299550399,0.40104584803505067
"C[NH+](CCOc1ccccc1)CC(=O)N1CCN(S(C)(=O)=O)CC1
",3.1587626078096345,0.6879521375336941
"FC(F)SCc1ccc(CN2CC[C@H]3[C@H](CCC[NH+]3C3CC3)C2)o1
",1.2185025671802694,-1.7234567591917829
"CC[NH+]1CCN(CCOc2ccc(CC#N)cc2)CC1
",1.927552749177467,-0.8422295621722289
"Cc1ccsc1[C@](C)(O)[C@]1(C#N)CCCc2ccccc21
",1.8459871391535694,-0.9436015605434719
"CCC[NH2+][C@@H](CC)c1nnc(C[C@@H]2CCCCO2)s1
",1.8658973640267895,-0.9188565818345796
"N#Cc1ccccc1CSc1nnnn1-c1ccc(O)cc1
",3.2047575820807994,0.7451159649793027
"C[C@H]1C=[N+]2C(=N)/C(=C/c3ccc(OC(=O)c4ccc(F)cc4)c(Br)c3)C(=O)N=C2S1
",3.138945381270329,0.6633227397289524
"O=S(=O)(Nc1ccccc1CCC(F)(F)F)c1ccc(F)cc1
",1.907123897733227,-0.8676191043423312
"Cc1cc(C)c2c(CNC(=O)c3ccccc3Br)cc(=O)oc2c1
",2.242766254983472,-0.4504734901242416
"COC[C@H]1CCCN(C(=O)N[C@H](C)C(=O)N2CCCC[C@H]2C)C1
",1.4950303926163884,-1.379780321763061
"COc1cc(C(=O)N(C)Cc2ccc(Cl)s2)ccc1OCc1cscn1
",3.5166210396382334,1.132708504314199
"COc1ccc([C@@H]2Oc3ccc(C)cc3C3=Nc4ncnn4[C@@H](c4cccs4)[C@@H]32)cc1OC
",4.264531212528454,2.0622319738971515
"CCCCN(CC)C(=O)CNC(=O)c1ccc2c(c1)OCO2
",2.3103268342455876,-0.36650733172840794
"CCc1cc(N2CCC(CC(=O)NC)CC2)n2nc(C)c(C)c2n1
",2.2008150056522204,-0.5026116642595576
"CC(C)N(C(=O)[C@@H]1CCC(=O)N1)C1CCC1
",1.211765046570897,-1.7318303363407725
"C[C@@H]1CN(C(=O)Nc2ccc(COC(C)(C)C)cc2)CCO1
",2.5458704958453553,-0.07376714780711537
"C[C@@H]1C[C@H]1C(=O)N1CCN(C(=O)c2cccc(N3CCCNC3=O)c2)CC1
",2.4975398634438797,-0.13383379584233598
"CC[S@@](=O)CCN1C(=O)NC(C)(C)C1=O
",1.5544868209113087,-1.3058862265615825
"CCOc1ccccc1NC(=O)[C@H](C)[S@](=O)Cc1ccccc1F
",2.3599712395025048,-0.3048078904151994
"CC(=O)c1sc(NN=Cc2ccccc2O)nc1C
",2.8110413374203054,0.25579451564836764
"CCCC(CCC)S(=O)(=O)Cc1nnc(C)n1C
",2.5161572569944073,-0.11069558369474188
"CN(Cc1ccc(F)cc1)C(=O)Cn1c(=S)[nH]c2ccccc2c1=O
",2.566876079577855,-0.04766082678169672
"CC(=O)Nc1ccc(C(C)=O)cc1OCc1ccc(Br)cc1
",2.4065827739022714,-0.24687778497162
"CC(=O)Nc1cc(NCc2cccc3cn[nH]c23)ccc1C
",3.0728671357238633,0.5811988667149657
"O=C(NCc1ccc2c(c1)OCO2)c1cn(C[C@H]2CCCO2)cc2c(=O)n(-c3ccccc3)nc1-2
",3.168068664855162,0.6995179628782909
"COC(=O)C[C@@H](NC(=O)c1cc(F)ccc1C)c1ccc(SC)cc1
",2.2535405302024376,-0.43708292258446246
"CC[C@H](NC(=O)NCC(=O)NCc1ccco1)c1ccc(Cl)cc1
",2.692900337958337,0.10896561065364284
"Cc1cc(C)c(-c2ccc([C@H](O)CN3CCOCC3)cc2)c(C)c1
",2.5833231180246354,-0.027219992045705736
"Cc1ccc(OCC(=O)Oc2ccc(C(=O)Nc3ccccc3)cc2)cc1
",3.3746145622710224,0.9562189226368577
"CCOC[C@]1(O)C[C@H](C)CC(C)(C)C1
",0.7520847443315597,-2.3031337427181136
"FC(F)(F)[C@H](Cc1ccccc1)NCC1CCN(c2cc[nH+]cc2)CC1
",2.135412101546774,-0.5838962042330751
"COCCCC[NH2+][C@H]1CS[C@H](C)C1
",1.5819446363313587,-1.271760893357752
"Cc1ccc(C)c(S(=O)(=O)NC[C@H]2COc3ccccc3O2)c1
",2.5096132681186276,-0.11882863424708381
"Cc1cc(NC(=O)CNC(=O)[C@@H]2CCC(=O)N2)no1
",2.726588581229359,0.1508342920869023
"CSc1ccc(Cl)cc1NCC(=O)NCc1ccco1
",2.1162889432668477,-0.6076629947890184
"COc1cccc(C(=O)NCC(=O)Nc2ccc(Cl)cc2)c1F
",2.524119668846469,-0.10079967779687775
"N#Cc1cc(Cl)nc(NNC(=O)CCNc2ccccc2[N+](=O)[O-])c1
",3.019122424519168,0.5144034516483829
"CC[C@H](C)NC(=O)C[NH+]1CCc2ccc(N)cc2C1
",1.8888807576069664,-0.890292183972629
"O=C(C[C@H]1CC[C@@H](C(=O)[O-])C1)c1ccc(Cl)cc1
",2.1923321061781427,-0.513154446584335
"COc1ccccc1N(C)S(=O)(=O)c1cccc2ccccc12
",2.9914347633391154,0.4799924597704887
"O=C(NC[C@H](O)c1ccc(F)cc1)c1ccc(N2CCCC2=O)cc1
",3.409810449351533,0.9999613455373256
"O=C([O-])c1cccnc1-c1ccccn1
",2.725046138156248,0.14891730113140877
"CNC(=O)c1cc(NC(=O)N[C@H](c2ccccc2)C2CC2)ccc1Cl
",2.64064649300848,0.044023085444843284
"COC(=O)c1c(N)c2cc(F)ccc2n1C
",2.339424942941048,-0.3303433966285756
"Cc1ccc(CC(=O)Nc2nnc(-c3ccno3)o2)cc1
",3.5710203820861333,1.2003175132140218
"NNC(=O)COc1ccc(-c2n[nH]c(C(F)(F)F)c2-c2ccc(Cl)cc2)c(O)c1
",3.2498963966533787,0.801215733447787
"O=C(NCCC[NH+]1CCCC1)c1ccc2c(c1)NC(=O)[C@@H]1CCCCN21
",2.030111559189461,-0.7147666336359696
"C[C@@H]1C[C@H](c2ccccc2F)[NH+](CC(=O)N(C)CC2CC2)C1
",1.3952488921019945,-1.5037915331628375
"C[C@@H](CCCO)NC(=O)N1CCC[C@@H]([NH+]2CCCCCC2)C1
",1.2602348533081045,-1.67159071858791
"Cc1cc(OCC(=O)c2ccccc2)cc2c1C(=O)/C(=C/c1cccc(F)c1)O2
",3.3327063527088057,0.9041342395181017
"Cc1ncc([C@@H](C)N[C@H]2CC[NH+](CC3CC3)C2)s1
",1.396943656899897,-1.5016852325505787
"Cc1ccc(/C=C/C(=O)N2CCC3(CC2)OCCO3)o1
",2.557713407492919,-0.059048449327500405
"O=C(NC1CC1)C(=O)N1CCN(c2ccc(F)cc2)CC1
",2.3112113994071635,-0.3654079696554429
"Cc1nn(-c2ccc(F)c(F)c2)c2ncc3c(c12)C(=O)N(c1cccc2ccccc12)C3=O
",5.169483024445259,3.186931140332686
"COc1cccc2c1OCC/C2=N\NC(=O)COc1ccccc1C
",2.9702746417330887,0.45369407479730006
"CC(C)CCNC(=O)Cc1cn(Cc2ccc(F)cc2)c2ccccc12
",2.511752768217658,-0.1161696042895977
"COc1cccc(C[NH+]2CCC[C@H](c3ncc[nH]3)C2)c1OC(F)F
",2.156985272992559,-0.5570844694832964
"COc1cccc(C(=O)OCc2nnc(C3CC3)n2C)c1F
",3.381798858337249,0.9651477646930954
"CC[C@@H](O)C[NH+]1CCC(NC(=O)[C@H](c2ccccc2)C(C)C)CC1
",2.0211929677370537,-0.7258509060140262
"COc1cc(COC(=O)[C@H]2CCCN(C(N)=O)C2)ccc1C
",2.245998889397342,-0.446455882575648
"Cc1cc(NC(=O)[C@@H](C)SCC(=O)Nc2cccc(C(F)(F)F)c2)no1
",2.733740639026391,0.159723067529633
"CC[C@@H](C)NC(=O)[C@H]1CSCN1C(=O)[C@H]1SCCc2sccc21
",1.627799038825001,-1.2147717724091327
"Cc1cc(C=O)c(O)c([N+](=O)[O-])c1
",2.0100993937597185,-0.7396383068908443
"Cc1ccc(NC(=O)COC(=O)/C(C#N)=C/c2ccccc2)c(Br)c1
",2.9990598172473537,0.4894690878756436
"Cc1ccccc1Cn1c(CNC(=O)CCc2ccccc2)nc2ccccc21
",3.222600414266513,0.7672915308181234
"CO[C@@H](CNC(=O)c1ccn(C(C)C)n1)c1ccc(F)cc1
",3.0818205578740723,0.5923264276485762
"CC[C@H](CSC)N(C)C(=O)NOc1ccccc1C(F)(F)F
",1.693786922796647,-1.1327602032620916
"Cc1cc2c(F)c(F)c(F)c(F)c2[nH]1
",1.5448160166971516,-1.3179053697857783
"O=C(CSCc1ccccc1Cl)NNC(=O)Nc1ccc2c(c1)OCO2
",2.724443855854397,0.148168768011821
"COc1cc(C)ccc1NC(=O)NNc1nc2ccccc2s1
",3.5325981365078056,1.1525652826471866
"Cc1ccccc1CC(=O)N1CCC[C@@H]1CNC(=O)OC(C)(C)C
",2.1655926191309525,-0.5463870213986648
"COc1ccc(-c2ccc(OCCNC(=O)c3cc4ccccc4oc3=O)nn2)cc1
",4.104739471473428,1.8636383741040246
"CNc1cncc([C@@H]2CCCN2S(=O)(=O)c2cn[nH]c2)n1
",2.978601830885089,0.4640433360227881
"CC(C)[NH+](C)Cc1ccccc1CNc1ncnc2[nH]cnc12
",2.849657884940824,0.3037882300484203
"CCOC[C@H]([NH3+])CSCC
",0.9349709370472643,-2.0758377190058237
"CC(=O)Nc1c(C)cc(NC(=O)c2cc(C)nc3c2c(=O)[nH]n3C)cc1C
",3.087176198879023,0.5989825665663353
"O=C1C[C@@H](c2cccc(Oc3ccccc3)c2)c2cc3c(cc2N1)OCO3
",2.9176386953534488,0.38827666335266836
"COc1ccc(C[NH+]2CCCN(C(=O)c3ccsc3)CC2)c2ccccc12
",2.6036269977748643,-0.0019857681568992854
"C#CCOc1ccc(F)cc1NC(=O)N[C@H]1CCCC[C@H]1[S@](=O)CC
",1.8142552265702225,-0.9830388600349241
"C#CCN(CC#C)Cc1ccc(O)c(Cl)c1
",1.3258149983972398,-1.5900858986127522
"CS(=O)(=O)CCCC(=O)NC[C@@H]1C[C@]12CCc1ccccc12
",2.6004995329710106,-0.0058726680024284465
"Cc1cc(C(=O)COC(=O)c2cc(Cl)c3c(c2)OCCCO3)c(C)n1C1CC1
",3.6944544457263326,1.3537247849137504
"CCN(CC(C)C)C(=O)[C@H]1CCO[C@@H]1C
",1.2347837777431963,-1.703222019940972
"O=C(CN(C1CCCCC1)S(=O)(=O)c1ccc(Cl)cc1)N1CCN(c2ccccc2F)CC1
",3.2654919090773196,0.8205982680671594
"CCCC[NH2+][C@@H](C)[C@@H]1COc2ccccc2O1
",1.5552195173274153,-1.3049756111701398
"CCCN1CC(=O)N2[C@@H](Cc3c([nH]c4ccccc34)[C@H]2c2ccc(Cl)cc2)C1=O
",2.7533194581637357,0.18405616601464725
"CN(C)c1ccc(NC(=O)CN2CCN(C(=O)Cc3ccccc3F)CC2)cc1
",3.145548383022753,0.6715291331182238
"C[C@@H](CC(=O)c1ccccc1)NC(=O)c1ccccc1O
",2.48231162278882,-0.15275987493902068
"C[C@H]1C[C@H]([NH2+]Cc2ccn(-c3ccccc3)n2)CN1c1ccccc1
",2.5590564619284266,-0.05737926409111377
"CCC1CCC(C(=O)c2cscc2C)CC1
",1.4131621583316214,-1.4815284299441975
"Cc1nc(CCCO/N=C/c2ccc(F)cc2)cs1
",3.7535532377067424,1.4271743998020012
"CCOC(=O)C1CCN(C(=O)[C@@H]2CCCc3sc(NC(=O)c4ccc5c(c4)OCO5)nc32)CC1
",3.587532484054642,1.220839210696172
"COc1ccc(C[NH+]2CCN(c3cc(Cl)ncn3)CC2)c(Cl)c1
",2.458821319406974,-0.18195427433684017
"Cc1nn(C)cc1[C@@H](C)NC(=O)[C@@H]1C[C@@H]2CCCC[C@@H]2N1C(=O)OC(C)(C)C
",2.2797267411441475,-0.4045379746320804
"Cc1ccc(OCC(=O)NNC(=O)c2ccc(NC(=O)C(C)C)cc2)cc1
",3.2637215322212776,0.8183979946956418
"C=C(C)COc1ccc(-c2[nH]ncc2-c2ccc(OC)c(OC)c2)c(O)c1
",2.958115999079905,0.4385829770825406
"COc1ccc(OCC(=O)N[C@@H](C)c2ccc(F)c(F)c2)cc1
",2.669517734189381,0.07990506331650478
"CC(C)Oc1ccc(CNC(=O)NCc2ccc3c(c2)OCO3)cc1F
",2.716054603286169,0.13774237265435144
"CCNc1nc(C)c(C(=O)N2CC[NH2+][C@H](C(=O)[O-])C2)s1
",2.4166494167346966,-0.23436668255341328
"CC[C@@H](NC(=O)C[C@H]1C=CCC1)c1nc(C(F)(F)F)cs1
",1.5668391944688889,-1.2905343547151864
"CCn1nc(C(=O)O[C@@H](C)c2nc3ccccc3c(=O)[nH]2)c2ccccc2c1=O
",3.1789080426126293,0.7129894416553556
"CS[C@H]1CC[C@@H](NC(=O)c2ccc(-n3cncn3)c(F)c2)C1
",2.6686331650062622,0.07880569624545468
"C[C@@H](Sc1nnc(-c2ccc(Cl)cc2)n1C[C@H]1CCCO1)C(=O)N(C)C
",3.13052688356258,0.652859997702402
"CC(C)COCCC(=O)NC1(C(N)=O)CCCCC1
",1.6853037201350354,-1.1433033623967304
"C[C@H]1CCCCC[C@H]1NC(=O)c1c(F)ccc(N)c1F
",1.6104865221357805,-1.2362882474665446
"CCCC(=O)N1CCC[C@@H](c2nc3c(c(=O)[nH]2)C[NH+](C)CC3)C1
",1.6921445587366242,-1.1348013787865419
"COCc1cccc(CNC(=O)Cn2ccccc2=O)c1
",2.2712895949808702,-0.4150238934754642
"O=C(NCc1ccccc1F)c1ccc(CN2C(=O)CCC2=O)cc1
",2.9496124753272146,0.4280145623332979
"Cc1[nH]ncc1CCCNc1ccc(Br)cc1[N+](=O)[O-]
",2.916907458843047,0.38736786237245446
"CC(C)(C)NC(=O)N1CCC(CNC(=O)c2cccc(Br)c2)CC1
",2.4472310290468027,-0.196359008086386
"COc1ccc(C[NH2+]Cc2ncn(C)n2)cc1SC
",2.550414680970268,-0.06811950872311509
"C[C@@H](c1ccc(-n2cncn2)cc1)N(C)C(=O)NCCCn1ccc2ccccc21
",4.032628840745079,1.7740172857727812
"Cc1csc(Cn2c3c(sc2=O)C[C@@H](C)CC3)n1
",1.7136017279022753,-1.1081338148821638
"O=c1c(=O)n(-c2ccc(Br)cc2)ccn1Cc1ccccc1Cl
",2.984708993175508,0.4716334864008197
"CCc1cnc(CSc2nnnn2C2CCCC2)o1
",3.1622590056979125,0.6922975576308636
"C=C(C)COc1ccc(C(=O)Nc2cccc(N(C)C(C)=O)c2)cc1
",3.1042276317676647,0.6201745594479959
"C[C@H](NC(=O)CN1C(=O)[C@H]2CCCC[C@@H]2C1=O)c1ccccc1
",2.4647107278764704,-0.1746347544362051
"COc1ccc(C)c2sc(NC(=O)c3cccc(NS(=O)(=O)c4ccccc4)c3)nc12
",3.840822139576816,1.5356346071815734
"Cc1ccc(C(=O)N(C)Cc2ccncc2)c(F)c1
",2.234072351250974,-0.4612785143832686
"CN(C)c1ccc(/C=C2\N=C(c3cccc([N+](=O)[O-])c3)OC2=O)cc1
",3.9119637767585074,1.6240514035053795
"CO[C@H](CNCc1cn(C)nc1-c1cccc(Cl)c1)c1cccs1
",2.575330428785709,-0.037153527518228154
"Cn1c(SCC(=O)N[C@@H](c2ccccc2)C2CC2)nnc1C1CC1
",2.3637257430096423,-0.3001416895089736
"CS(=O)(=O)c1ccccc1C(=O)Nc1ccc(Cc2nc3ccccc3s2)cc1
",3.848340812809982,1.5449790224384823
"Cn1nc2c(cc1=O)CN(C(=O)CCSc1ccccc1Cl)CC2
",2.6198785128177358,0.018212064679433516
"Cc1cccc(N2C(=O)C[C@@H](N(O)c3ccccc3)C2=O)c1C
",2.495303353163803,-0.1366133927386601
"O=C([O-])c1cc(F)ccc1OCc1ccc2c(c1)OCO2
",3.3571530335859565,0.9345172513454484
"O=C(NC[C@@H]1CN(c2cccc(Cl)c2)C(=O)O1)c1ccccc1S(=O)(=O)C(F)F
",3.4014973121877086,0.9896295485117871
"O=C([C@@H]1CCCN1S(=O)(=O)c1cccs1)N1CCC(COCc2ccccc2)CC1
",3.894161508044278,1.6019262510719638
"Cc1ccc(C(=O)N[C@@H]2[C@H]3CCC[C@H]3[C@H]2c2ccccc2)cn1
",2.095916529473205,-0.6329823946844196
"C[C@@H](c1ccncc1)N(C)C(=O)NC[C@@H](C)C[NH+]1CCN(C)CC1
",1.815122668160964,-0.981960779609877
"COc1cccc(-c2nc(COc3c(C)ccnc3Cl)cs2)c1
",3.495400281623014,1.1063347587328798
"CC(C)CN(CC(C)C)C(=O)CSc1ncccc1N
",1.6106483648378445,-1.2360871048756263
"C[C@H]1C[C@@H](OC[C@@H]2CSc3ccccc32)CC(C)(C)C1
",1.3157660166976715,-1.6025750512860766
"COc1ccc(F)cc1C(=O)COC(=O)c1csc(-c2ccc(C)cc2)n1
",3.8725957399435136,1.575123717404346
"O=C(CCCNC(=O)N1CC(O)=Nc2ccccc21)Nc1ccc(Oc2ccccc2)cc1
",3.64181949394937,1.2883086095888632
"CC[C@H](C)[C@H]1N=NC2=C1C[NH+](Cc1ccc(OC)c(Cn3cncn3)c1)CC2
",2.8104628046466886,0.25507549910000116
"CC(C)[C@@H](C(=O)Nc1ccc(CNS(C)(=O)=O)cc1)c1ccccc1
",2.861681816439531,0.31873190501076976
"Cc1ccc(NC(=O)Cc2nc(-c3cccc(Br)c3)cs2)cc1
",2.4448757968297725,-0.19928615589290308
"CC1CCN(S(=O)(=O)c2ccc3c(c2)[C@H]2C=CC[C@@H]2[C@H](c2cccnc2)N3)CC1
",2.612630380931585,0.009203885698829602
"CCC(=O)Nc1nc(-c2ccc3c(c2)NC(=O)CO3)c(C)s1
",2.8274566734823146,0.27619594978284967
"C[NH+](C)CCCn1c(=O)[nH]c2sc3c(c2c1=[NH2+])CC(C)(C)OC3
",2.0102897381378853,-0.7394017416277654
"C[C@H]([NH2+][C@H](C)c1cccc([N-]S(C)(=O)=O)c1)c1ccc(F)cn1
",2.483420791615071,-0.15138136921319786
"Cc1cccc(S(=O)(=O)Nc2cc(C(=O)[O-])cnc2N2CCC[C@H](C)C2)c1
",2.876073955155241,0.33661885346882947
"C=CCCC[NH+](C)Cc1ccc(N2CCOCC2)c(F)c1
",1.4241664156908327,-1.4678520342332126
"COc1cc2c(cc1OC)[C@H](c1cc3cccc(C)c3[nH]c1=O)N(C(=O)N1CCOCC1)CC2
",2.8211051659557884,0.26830212038041773
"O=C(NCCCc1nc(-c2ccc(Br)o2)no1)C1CC1
",3.2129305246638604,0.7552735242984273
"C[C@@H]1CC(C(=O)Nc2c(F)cccc2F)C[C@@H](C)O1
",1.6375614540671504,-1.2026387724629959
"CCC(=O)N1CCC[C@H](C(=O)NCC(=O)OC2CCCCC2)C1
",1.8895289434662472,-0.889486600640977
"Cc1csc([C@@H](C)NC(=O)C(=O)Nc2ccc(Br)c(C)c2)n1
",3.188545868297094,0.7249675982498033
"O=C(c1cc(Cl)c2c(c1)OCO2)N1CCCc2cc(F)ccc21
",2.714406061382886,0.1356935191352572
"CCCn1cnc2sc(C)c(C)c2c1=O
",1.784919009901637,-1.0194987223160372
"Cc1cccc(NC(=O)c2cccn(Cc3ccccc3F)c2=O)c1
",2.44603506684143,-0.19784538302675114
"O=C(CCSc1nnc([O-])[nH]c1=O)Nc1ccc(F)cc1
",2.385395132402842,-0.27321037243024804
"Cc1cc(NC[C@@H]2CC[C@@H](C(=O)N(C)C)O2)n2ncnc2n1
",2.7870169484375267,0.2259363398789618
"O=C(NCCC1CCC1)N[C@@H](CO)c1ccc(Cl)cc1
",1.8002022226057224,-1.000504322434862
"CC(C)CCOc1cccc([C@H]2c3c(-c4ccccc4O)n[nH]c3C(=O)N2[C@@H]2CCS(=O)(=O)C2)c1
",3.345742777429185,0.9203362690883328
"C[S@@](=O)c1c(Cl)cc(Cl)c(N)c1[N+](=O)[O-]
",1.9176286672588998,-0.8545634859397375
"Cc1cc(CN[C@@H](C[NH+](C)C)C(C)C)ccc1Br
",1.3154046120898029,-1.6030242149386194
"CC1=C(c2ccc(C(C)C)cc2)S(=O)(=O)N=C1N1CCC(C(=O)N2CCOCC2)CC1
",4.079688536066144,1.8325043780171784
"CNC(=O)NCCn1c(C)nc2cc(C(=O)N3CCCCCC3)ccc21
",3.0569343945448204,0.5613972148622038
"C[C@H](NC(=O)C(=O)Nc1cccc2ccccc12)[C@@H]1CCCO1
",2.7436268312488594,0.17200990093381205
"Fc1cccc(OC[C@@H]2CO2)c1
",1.7160183352818716,-1.1051303883243706
"Cn1ccs/c1=N\C(=O)Nc1ccccc1
",1.9437806733973277,-0.8220610486638719
"Cc1cc(N[C@@H]2CCc3c(O)cccc32)ncc1Br
",2.326098532603268,-0.3469058283526826
"Fc1ccc(-c2nnc(C3CCN(Cc4[nH]cc[nH+]4)CC3)o2)cc1
",3.1436986032492675,0.6692301756025506
"CCn1cc(NC(=O)[C@H](C)n2cccn2)cn1
",2.7602541341700455,0.19267477334941457
"COCc1ccc(C[NH+]2CCC([C@@H](O)C(=O)OC)CC2)o1
",2.1354998838056996,-0.5837871060113343
"C[C@H](O)C[C@H](Cc1cccc(Br)c1)C(=O)[O-]
",1.7753034821315343,-1.0314491664451733
"Cc1ccc(C)n1-c1c(C(=O)O[C@H]2CCS(=O)(=O)c3ccccc32)cnn1C
",4.117879178765218,1.8799687661134965
"N#Cc1ccsc1NC(=O)COC(=O)c1cnccn1
",3.140268845589358,0.6649675778262053
"CCc1nc(N2CCN(C(=O)COc3ccccc3)CC2)c2cnn(C)c2n1
",4.561290408198878,2.4310525183807834
"O=c1oc2ccccc2cc1SCc1ccccc1
",2.398584196509142,-0.25681863840520575
"C/C(=C/c1ccc(SC#N)cc1)[N+](=O)[O-]
",2.4712968956624395,-0.16644928276651028
"CCc1cc2c(N3CCN(c4[nH+]ccn4C)CC3)ncnc2s1
",2.9254795832125198,0.39802153586751826
"C/C=C(\C)C(=O)N(CC)Cc1cccc(F)c1
",1.4456980440795584,-1.4410919303449121
"Cc1c(C(=O)[O-])c(-c2ccccc2)nn1Cc1ccccc1
",3.228049471842853,0.7740637704371457
"Cc1ccccc1Cn1cc(NS(=O)(=O)c2ccc(Br)cc2)cn1
",2.969971075340445,0.4533167940799534
"CN1CCO[C@H](c2nc3c(s2)[C@H](O)CC(C)(C)C3)C1
",1.841087287030479,-0.9496912324198388
"COc1ccc(S(=O)(=O)CCCC(=O)Nc2nc3c(s2)C[C@@H](C)CC3)cc1
",4.157928212791273,1.9297428144025925
"Cc1cncc(NC(=O)N2CCC[C@@H]2CN2C[C@@H](C)O[C@H](C)C2)c1
",1.957678390778517,-0.8047885807289525
"CC(C)(C)CC(=O)Nc1ccc(Cl)c(C(=O)OCC2(C)COC2)c1
",2.11088831492428,-0.6143750452154917
"O=C(NCC1(O)CCCCC1)[C@@H]1CCCN(C(=O)NC2CCCC2)C1
",1.897738692421655,-0.8792832973432749
"C[C@H]1[NH2+]CC[C@@H]1C(=O)NC[C@@H]1CCC[NH+](C)C1
",1.3331916773448904,-1.5809179577851495
"Nc1cc(NC(=O)CCN2CCOCC2=O)ccc1Cl
",2.871463864997773,0.3308893057857162
"C[C@@H](CC[NH+](C)C)NC(=O)N1C[C@H](C)O[C@H](c2ccc(F)cc2)C1
",1.9057551308872749,-0.8693202456742948
"C[C@@H]1CN(Cc2ccc([N+](=O)[O-])o2)C[C@@H](C(N)=O)O1
",2.637408849965066,0.039999253032782976
"Cc1ccc(C(N)=O)c(NCc2ccc(C(=O)[O-])o2)n1
",2.7611070223796923,0.1937347664295109
"O=C(C[C@@H]([NH2+]Cc1ccccc1)C(=O)[O-])Nc1cccc(Cl)c1Cl
",2.9996504575483467,0.4902031519942434
"CN(CCCc1ccccc1)c1ccc(N)c(N)[nH+]1
",2.4902756578527314,-0.1428619516685292
"CS[C@@H]1CC[C@@H](NC(=O)c2cc(F)ccc2F)C1
",1.7411285361575235,-1.0739227354726066
"CN(C[C@H](O)C1CC1)C(=O)[C@H]1CCCN(C(=O)c2cccs2)C1
",2.0027563589217863,-0.748764433887415
"C[NH+](CCc1ccccc1)CCN1CC2(CC[NH+]([C@@H]3CCCOC3)CC2)OC1=O
",2.6570551223509535,0.06441618428260344
"Cc1[nH]ncc1C(=O)N[C@H]1CCN(C(=O)C2CCCCC2)C1
",2.518555041297501,-0.10771555097756366
"CC(C)C(=O)Nc1ccc(C(=O)NC(C)(C)c2cccc(F)c2)cc1
",2.5555460285615985,-0.06174212786961298
"COC(=O)c1ccccc1NC(=O)c1ccc(Cl)cc1I
",2.251428748833687,-0.4397075029365337
"Cc1cc(F)c(N)cc1S(=O)(=O)NCCc1ncn[nH]1
",2.723751292186021,0.14730803071037726
"CC1CC[NH+](CC(=O)NCC(=O)Nc2ccc(F)c(F)c2F)CC1
",2.490365594848561,-0.14275017548010788
"COC[C@H](N[C@H]1CCc2cc(F)ccc21)c1ccc(F)c(F)c1
",1.7619479916606557,-1.0480477397638106
"C[NH2+][C@H](COC)CSc1ccccc1Br
",1.155048298996953,-1.8023194804911504
"COC[C@H](C)CC(=O)N(C)[C@@H]1CCC[C@@H]1C[NH3+]
",1.0915150472879958,-1.8812803647029304
"CC[NH2+][C@@H](Cc1ccc2c(c1)CCC2)c1ccc(F)cn1
",1.7044678876538946,-1.1194856044232555
"COc1cccc(NC(=O)C[NH+]2CCc3ccccc3C2)c1
",2.585205418896528,-0.02488061640854977
"Cc1cc(NCc2ccc(N3CCO[C@H](C)C3)[nH+]c2)ccc1[N+](=O)[O-]
",3.681770231820608,1.3379604926953155
"C[C@@]1(c2ccccc2F)NC(=O)N(Cc2cccc(C#N)c2)C1=O
",2.765012234031226,0.19858827159011283
"CC(=O)Cn1c(=O)c2c(nc3n(-c4ccc(F)cc4)c(C)cn23)n(C)c1=O
",3.9710447257242225,1.6974788426009642
"O=C(c1ccc(F)cc1)N1CC[NH+](CCCc2ccccc2)CC1
",2.447991988292207,-0.19541326686820434
"O=C(COc1ccccc1F)Nc1c(C(=O)Nc2ccccc2F)oc2ccccc12
",3.44191782590417,1.0398652820449443
"O[C@H]([C@H]1CCc2cccnc21)C1(c2ccccc2)CCC1
",1.8330069738825925,-0.9597336693123808
"CC[C@@H](NC(=O)CCCCO)c1cccs1
",1.6462460999992838,-1.1918452540545745
"O=S(=O)(/N=C1/CCCN1)c1cccc(/N=C/c2cc(Cl)ccc2O)c1
",2.711693629171842,0.13232243328670523
"CCc1cccc(NC(=O)[C@H](C)Sc2nnc(-n3nc(C)cc3C)n2N)c1
",3.7361030061941687,1.4054867689493398
"C=CCC[C@@H](O)C1([NH+]2CCCCC2)CCCC1
",0.6226276269013868,-2.464026632422884
"CN(Cc1nc2ccccc2c(=O)[nH]1)C(=O)Cc1ccc2c(c1)OCCO2
",2.9311981460264596,0.405128724057378
"CN1CC[C@@]2(CCC1=O)C[C@@H](NC(=O)C[NH+](C)[C@@H]1CCS(=O)(=O)C1)c1ccccc1O2
",2.333915747566657,-0.3371903771679964
"c1ccc2c(c1)C[C@@H](CSc1nc3ccccc3o1)S2
",2.8873161018097453,0.3505909045822311
"Cc1nc2cc(NC(=O)N[C@@H]3CCC[NH+](Cc4cccnc4)C3)ccc2s1
",3.6108589132277102,1.2498299426902855
"Cc1cc(F)c(C(=O)N[C@@H](C)CC(C)C)cc1S(N)(=O)=O
",2.1234866289332204,-0.5987175117670135
"CC[C@@H]1CC[C@](C#N)([C@H](O)c2c(C)cc(C)cc2C)C1
",1.4711772611757554,-1.409425653917635
"Cc1nc(Oc2cccnc2)c2c(-c3ccccc3)csc2n1
",3.479294862215193,1.0863184975966058
"COc1cc(Cl)c(C[NH+](C)CCCS(C)(=O)=O)cc1Cl
",1.6011830681408954,-1.2478508376677349
"CC(=O)OCC1(COC(C)=O)CC[C@H]2O[C@H]2C1
",1.930973867387518,-0.8379777017433606
"O=C(NC[C@@H]1CN(Cc2ccccc2)CCO1)C1=NN(c2ccccc2)C(=O)CC1
",3.037305880515723,0.5370023541898615
"C[C@@H](CO)CSCC[C@@H]1CCCC[NH2+]1
",1.1382878340376585,-1.8231498503744514
"CNc1nc2ncnc(N(C)C)c2[nH]1
",2.3903856245138653,-0.26700805066741035
"CC(=O)c1cccc(NC(=O)[C@@H](C)n2c(=O)cc(C)c3c(C)nn(-c4ccccc4)c32)c1
",3.352457353522745,0.9286813301578267
"CC[C@H](C)[C@@H](O)CNC(=O)N[C@@H](c1cc(F)ccc1F)C1CC1
",1.7376764018365605,-1.0782131435828317
"Cc1nccn1-c1ccc(CNC(=O)N[C@@H](C)[C@@H](C)CO)cc1F
",2.8699906298832456,0.3290583283972487
"CC1=CC(C)=N[C@@H]1C(=O)N1CCc2c(c(C(=O)NCc3ccccn3)nn2CCc2ccccc2)C1
",3.4592869371685793,1.0614520944072836
"CCCCCn1nc(C(=O)N2CC[C@H](O)C2)c2ccccc2c1=O
",2.1437177699742036,-0.5735736895599086
"c1cc(C[NH2+]Cc2ccc(N3CCCC3)cc2)n[nH]1
",2.6479675743843005,0.05312192807089566
"COc1ccccc1N[C@H](C)C(=O)NC(C)(C)C
",1.65204884181114,-1.1846334458755161
"COC(=O)[C@H](NCc1cccc(OC)c1)c1cccc(C#N)c1
",2.5866093802337935,-0.023135734388383684
"Cc1ocnc1CNC(=O)[C@@H](Cc1ccccc1)n1cnnn1
",3.5014943845314734,1.113908678549449
"CC[C@@](C)([C@H](O)[C@@H]1CC[C@H](C)[C@H](C)C1)[NH+](C)C
",0.7815325346039609,-2.2665352136731403
"CCC1(CO)CC[NH+](Cc2cn(-c3ccccc3)nc2C)CC1
",2.2247873719472,-0.47281814372685355
"CC[NH+](CC)[C@@H]1CCN(C(=O)C(=O)Nc2c(C)cc(C)cc2C)C1
",1.9270641036180742,-0.8428368644021317
"Cc1cc([C@@H](C)NC(=O)N[C@H]2C=C[C@@H](C(=O)[O-])C2)c(C)s1
",2.072462741745124,-0.6621314114167649
"Cc1csc(=O)n1CC(=O)N1CCc2sccc2[C@@H]1c1ccccc1
",2.534971144977418,-0.08731316282629331
"CS[C@H](CO)[C@H](C)NC(=O)NC[C@H](C)c1ccc(F)cc1F
",1.6949747596795395,-1.1312839266974637
"COc1cc(C)cc(C[NH+]2CCN(c3ncccc3F)CC2)c1O
",2.402662315780829,-0.2517502388671398
"Cc1ccc(NC(=O)Nc2cc(N3CCC(C)CC3)ncn2)cc1F
",2.863056159681257,0.3204399768417896
"O=C(CCCn1nc(-c2ccccc2)c2cc(Cl)ccc21)NC1CC1
",2.635832774217133,0.03804046245786252
"O=C(C[C@@H]1C=CS(=O)(=O)C1)NN(c1ccccc1)c1ccccc1
",2.54673593015469,-0.07269156208697419
"CCCNC(=O)[C@H](C)n1c([C@@H](C)Cl)nc2cnccc21
",2.336859129810578,-0.33353226022448
"CCCCNC(=O)CN1CCOC[C@@H]1CC(C)C
",1.0930823699578442,-1.8793324526957924
"Cc1cccc(-c2noc(-c3ccccc3OCC(=O)Nc3ccc([N+](=O)[O-])cc3)n2)c1
",4.393125727160548,2.222052796962363
"CC(C)(C)c1ccc(C2(C(=O)N3CCNC(=O)C3)CC2)cc1
",1.769737403678645,-1.0383668428494224
"CC[C@@H](NC(=O)c1nc2ccccc2c(=O)[nH]1)c1nc(C)c(C)s1
",2.602966915699343,-0.0028061364354548474
"Cc1cc(C)c2c(c1)/C(=C1\SC(=S)N=C1[O-])C(=O)N2
",1.9007354735817035,-0.8755588147483873
"CC[C@H]([NH2+][C@H]1CCCCC1(C)C)C(N)=O
",1.0189098868215791,-1.9715160682842436
"CCc1cc(CNC(=O)[C@@H]2C[C@@H]2c2ccc(OC(F)(F)F)cc2)on1
",2.506637559168592,-0.12252692771596041
"CC(C)(C)c1ccc(C(=O)C[C@H](C(=O)[O-])[NH+]2CCCC2)cc1
",2.2401368858432633,-0.45374134288866713
"C[C@H]1C[C@H]1NC(=O)c1ccc2c(=O)n3c(nc2c1)CCCCCC3
",2.5262293495064276,-0.09817770826385397
"COC(=O)[C@@H]1C[C@H](O)C[NH+]1Cc1cc(C)c(OC)c(C)c1
",1.8735698886775638,-0.9093209557763213
"Cc1n[nH]c(SCC(=O)NC[C@H](C)Sc2ccccc2)n1
",2.3293709121328687,-0.3428388244738718
"COC(=O)c1cncn1C1CC1
",2.0120170403308797,-0.7372550026400526
"Nc1ccc(OCCCN2CCCCCC2=O)cc1
",2.014158967455045,-0.7345929563085337
"Cc1nn(Cc2ccccc2)c(C)c1C[NH+]1CCC[C@H](n2cccn2)C1
",2.8932227002565787,0.35793178866262415
"CCCSc1nnc(NC(=O)c2cc(-c3ccc(C)cc3)on2)s1
",3.94495537133192,1.6650542706497657
"COC(=O)c1ccc(NC(=O)c2cc(S(=O)(=O)N3CCCC3)cn2C)cc1
",3.7285545631173505,1.3961053549065288
"CC(C)NC(=O)[C@H](Cl)c1cccc(C2CC2)c1
",1.2548845815469882,-1.6782401844607782
"CC1CCC([NH2+]C2CCN(c3nccs3)CC2)CC1
",1.7356208342027846,-1.0807678599487371
"COc1ccccc1CCC(=O)Nc1nc(-c2ccccn2)cs1
",3.2698987248381943,0.8260751807023115
"C=CCN1C(=O)S/C(=C\c2ccc(OC(C)C)c(Cl)c2)C1=O
",2.353642473884187,-0.31267345554447556
"CCCn1nnnc1CSc1nnc(-c2ccccc2OC)o1
",4.438516704928442,2.278465960831399
"CC[NH+]1CCN([C@H](C)CNC(=O)c2cc(-c3ccc(C)c(C)c3)on2)CC1
",2.8716881400746064,0.33116804106050685
"CC1CC[NH+]([C@@H](CNCc2cnc(N(C)C)s2)c2cccs2)CC1
",2.1708109290005893,-0.5399015614180372
"CC(=O)c1cc(CN2CCC3=NN=C(c4ccccc4F)[C@@H]3C2)cs1
",2.9328555322711707,0.4071885695688644
"CN(CC(=O)Nc1ccccc1Cl)C(=O)/C=C/c1cccc(Br)c1
",2.4579273496379974,-0.18306532471625983
"CCc1onc(C)c1NC(=O)C[C@H](C)c1ccc(Br)cc1
",2.1993525093224418,-0.5044292951890245
"O=C(/C=C/c1cccc(Cl)c1)N[C@H](c1ccc2c(c1)OCCO2)C1CC1
",2.287836615031744,-0.3944587988338051
"CCn1c(-c2ccccc2)nn(C[NH+]2CCC[C@@H](C)C2)c1=S
",1.4148282893375694,-1.4794577162013376
"C[NH+]1CCC[C@H]1C(=O)N1CCN(Cc2ccc(O)cc2O)CC1
",2.0204787414426875,-0.7267385662268044
"OC[C@]1(O)CCC[NH+](Cc2cccc(-c3ccccn3)c2)CC1
",2.2907300722362747,-0.3908627301114724
"CCCc1cc(O)nc(S[C@H](C)C(=O)N[C@H](C)c2ccccc2)n1
",2.5415310422185273,-0.0791603409170793
"Cc1nnsc1-c1nnc2sc(C(F)(F)F)nn12
",3.2978691999029066,0.8608376615060737
"CCN1CCN(C(=O)CCc2ccc(OC)cc2)CC1
",2.427037533650604,-0.22145604324389156
"Cc1n[nH]cc1C[NH+]1CCC(c2cnn(C)c2)CC1
",2.4853877832125013,-0.14893673759758766
"COCCN1C(=O)c2ccccc2N[C@@H]1c1ccccc1Cl
",2.02372354331385,-0.7227058366254184
"Cc1ccc(-c2noc(CSc3nc(C4CC4)n(-c4ccccc4)n3)n2)cc1
",4.259238479953773,2.05565401931822
"Cc1ccccc1Cn1cccc(C(=O)Nc2ccc(F)cc2)c1=O
",2.528140093812085,-0.09580298233972746
"C[C@H]1Cc2ccccc2N1C(=O)CN1C(=O)N[C@]2(CCCCc3ccccc32)C1=O
",2.837299275294236,0.2884286078179526
"C[C@H]1C[C@H]1C(=O)Nc1ccc(F)cc1C(=O)N[C@H]1CCC[C@H]1C
",1.606937461444663,-1.2406991183531106
"COc1cc(Cl)c(C)cc1NC(=O)CCCn1ccnn1
",2.954768667610124,0.4344228208573471
"COc1cccc([C@H](O)CNC(=O)NCc2cccc([N+]3=CCCC3)c2)c1
",2.605807580520155,0.0007243204507775332
"Cc1nnc(NCCC(=O)N2C[C@H](C)O[C@@H](C)C2)c(C#N)c1C
",2.873582382375322,0.33352225783601575
"CCCC[NH+]1Cc2cccc(N[C@@H](C)C(=O)Nc3cccc(C#N)c3)c2C1
",2.187569968208905,-0.5190729634975262
"O=C(c1cncc(Br)c1)N1CCN(c2cccc[nH+]2)CC1
",2.9547253955581056,0.43436904115306424
"COc1ccc(OC)c(-c2csc(=O)[nH]2)c1
",1.7401524737517888,-1.075135812853814
"CC(C)Oc1ccc(CNC(=O)N2CC[C@@H](C)[C@H](O)C2)cc1
",2.302419491094452,-0.3763347967201232
"C[C@@H]1CCN(C(=O)[C@@H]2CSC(=O)N2)c2ccccc21
",1.7003099412192006,-1.1246532153696092
"C[NH+](C)CC(=O)N1CCN(C(=O)CCc2nc3ccccc3n2-c2ccccc2)CC1
",3.393168477924183,0.9792782426961488
"COc1ccc(-c2cc(-c3cc(OC)ccc3OC)n3ncnc3n2)cc1
",3.9558688308853847,1.6786178203339317
"Nc1cccc(C(=O)N2CCCC2)c1
",1.517522931419251,-1.3518259718082104
"Cc1ccccc1C(=O)N[C@H](C(=O)N1CCC(c2nc3ccccc3s2)CC1)C(C)C
",3.1185904855965854,0.6380251118379696
"O=C(CN1CCN(c2ccccc2F)C1=O)NC[C@H]1CCCO1
",1.9441040886861989,-0.8216590991887551
"CC(C)N1CCO[C@H]([C@H](O)c2cc(F)ccc2F)C1
",1.5586284702206785,-1.3007388701337854
"COc1ccc(C(=O)NCCc2ccc(S(N)(=O)=O)cc2)cc1F
",3.9338215190666928,1.6512168108016068
"Cc1csc([C@H]2CN(Cc3cccc(C)c3C)CCO2)n1
",2.5840997584167393,-0.026254761864256335
"Cc1cc(N2CCC[C@@H](OC(=O)/C=C/c3nc4ccccc4s3)C2)nc(C)[nH+]1
",3.7149985967679386,1.3792576246156552
"CCN(CC)C(=O)N1CCC[C@H]1c1nc(-c2ccncc2)n[nH]1
",2.944068360229161,0.42112418259451795
"COC(=O)[C@@H]1CCC[NH+]1CCCc1nc2ccccc2o1
",2.553297715178384,-0.06453639398929831
"Cc1ccc(O)c(-n2cc3c(c2-c2cccc(Br)c2)c(=O)n(C)c(=O)n3C)c1
",2.992341211846383,0.4811190190713436
"CNc1nc(C(=O)N2CC=C(c3cccc(C)c3)CC2)cs1
",2.485149832905539,-0.14923246882699612
"CCC[C@@H]1CCC[NH+](CCCCS)CC1
",1.1656871073612045,-1.7890972749089586
"Cc1n[nH]c2ncc(C(=O)Nc3ccc(Nc4ccccc4)cc3)cc12
",4.176419518021044,1.952724320494257
"[NH3+]Cc1cccc(-c2nnco2)c1
",2.311547890804138,-0.36498976883114886
"CCC(CC)(CC)NC(=O)N[C@@H](C)CSC
",1.0189751244390126,-1.9714349891671221
"Nc1c(Nc2cccnc2)nc[nH+]c1N1CCc2ccccc21
",3.1600470366644213,0.6895484612752475
"Cc1ccc(Cl)cc1NC(=O)CSc1nnc(C)n1-c1ccccc1C
",2.9142863822056775,0.384110315760145
"CC(=O)N[C@H](C(=O)Nc1cc(-n2cnnn2)ccc1F)C(C)C
",2.9071152860640765,0.3751978789356866
"Cc1ccccc1CN1CCN(CC(=O)NCc2ccco2)C1=O
",3.239355288702818,0.7881149526446731
"CSCc1cc(F)ccc1CNC(=O)C[C@@H](O)c1ccccc1
",1.9503743933250757,-0.8138661909832849
"CCC1(C)COC2(OC1)C(=O)N(CN1CCN(c3ccccc3F)CC1)c1ccccc12
",3.0877717963402707,0.5997227915809441
"CCC[NH2+][C@]1(CO)CCC[C@H](Sc2ccc(C)c(C)c2)C1
",1.3980594753306144,-1.5002984625122238
"Cn1cncc1[C@@H]1CC(=O)NC(=O)[C@@H]1c1cccc(Br)c1
",2.3871878076234534,-0.2709823860338888
"O=C(c1cscn1)N1C[C@H]2CCCC[C@H]2C1
",1.8541326789666026,-0.9334780581456136
"COC(=O)[C@H](NC(=O)c1cc(C(C)C)no1)c1ccc(F)c(F)c1
",2.7919866457732003,0.23211281731926875
"COc1ccc2nc(CC(=O)C(F)(F)F)sc2c1
",2.52558778811186,-0.09897505852735479
"C[C@H](Oc1ccc(F)cc1F)c1ccnc2ncnn12
",2.87464882478063,0.3348476619829626
"Cc1ccc(NC(=O)CCc2ccccc2Cl)nc1
",2.604313003890452,-0.0011331807636139346
"Cc1ccc(NC(=O)C2CCN(C(=O)c3ccccc3Cl)CC2)c(C)c1
",2.8191334969412956,0.2658516755413827
"C[C@@H](NC(=O)c1ccccc1NC(=O)Cn1ccc([N+](=O)[O-])n1)c1ccccc1
",3.578539546366062,1.2096625387574427
"CCOc1ccc(CNC(=O)[C@@H]2CCCN(c3[nH]c4cc(C)ccc4[nH+]3)C2)cc1
",2.744555618298998,0.17316422319421418
"CCc1cccc(C(=O)Nc2ccccc2NC(=O)N2CCCC2)c1O
",2.4377449903362343,-0.20814851962728598
"Cc1ccc([C@H]2CN(c3ccc4nnc(C)n4n3)CCO2)c(C)c1
",3.3967018167734837,0.9836695740424284
"C[C@H](Cc1ccc(O)cc1)N(C)C(=O)c1nc(C2CC2)n2ccccc12
",2.81284560941423,0.25803691483567
"CCOc1ccc(S(=O)(=O)N(C)c2ccccc2)cc1C(=O)[O-]
",3.6470345642719764,1.2947900433707507
"C[C@H]1C[C@H](NC(=O)Cc2cccnc2)CC[NH+]1Cc1ccccc1
",2.3999696473692254,-0.25509676171856455
"Cc1ccc(C(N)=O)cc1NCc1c(C)nn(-c2ccc(F)cc2)c1C
",2.9738853043304876,0.45818150623850895
"CCOc1ccc([C@@H]2CCCN2C(=O)N[C@H](C)c2c(C)noc2C)cc1
",2.6146178106250435,0.01167391834603459
"COCCCC(=O)Nc1ccc(N2CCC(O)CC2)c(C#N)c1
",2.8782937303542138,0.3393776515430284
"CN1C(=O)C[C@H](NC(=O)[C@](C)(N)C(F)(F)F)C1=O
",1.6059530523222683,-1.241922569264871
"Cc1cnc(C(=O)N2CCC([C@@H](O)c3ccccc3)CC2)cn1
",2.794816163571662,0.23562942037750637
"O=C(CSc1nnc2ccc(-c3cccnc3)nn12)c1cccc([N+](=O)[O-])c1
",4.862249930041172,2.805093344521462
"Cc1cc(N[C@@H]2C[C@H]2c2ccccc2)[nH+]cc1N
",2.64407286644765,0.04828147721795748
"Cn1c(SCc2ccccc2F)nnc1-c1ccccc1
",3.46328873263107,1.0664256366021718
"C[NH+]1CCC(CNC(=O)N[C@@H]2CC[C@H]([NH+](C)C)C2)CC1
",1.7215349511044096,-1.0982741854465494
"CN/C([O-])=C(\C#N)C(=O)Cc1csc(-c2ccccc2Cl)n1
",2.9051646641473425,0.37277359201245835
"CCCCNC(=O)[C@@H]1CC[C@H](C)N(C(=O)c2cnn(CC)c2)C1
",2.252802498476143,-0.43800016884712073
"CCN(CC)C(=O)C1CCN(C(=O)c2c(C)cc(C)c([N+](=O)[O-])c2C)CC1
",3.257826289645559,0.8110712240062703
"CCO[C@@H]1C[C@@H]([O-])C12CCN(C(=O)c1cccs1)CC2
",2.100380492969375,-0.6274344572616452
"N#Cc1ccc([C@H]2N(Cc3ccccc3)CC[NH+]2Cc2ccccc2)cc1
",2.3288398714588947,-0.34349881652593134
"Cc1cc(C(=O)N[C@H]2C=C[C@H](C(=O)[O-])C2)ccc1F
",2.251140540683652,-0.4400656960047563
"Cc1nn(C)c(C)c1NC(=O)CN(c1ccccc1F)C1CCCC1
",2.249667805583265,-0.44189605196180676
"CC(C)n1nnc2cc(S(=O)(=O)N(C)CC(=O)NCc3cccnc3)ccc21
",4.061186713601233,1.8095098008145012
"[NH3+][C@@H]1CCC[C@@H](n2ccnc2-c2cccs2)C1
",1.823482664168888,-0.9715707451155532
"CCCOc1c(Cl)cc(C[NH+]2CCN(C3CC3)C(=O)C2)cc1OC
",2.0346606622845522,-0.7091128823624724
"CCC[NH+]1CCCN(C(=O)NCc2c(CC)nn(C)c2OC)CC1
",2.0602217776006753,-0.677344820560029
"CCC[C@@H](C)[NH2+]Cc1coc(-c2ccc(C)cc2)n1
",2.2027192172285,-0.5002450573923671
"C[C@@H](NC(=O)NCCc1ccn(-c2ccccc2)n1)c1ccncc1
",3.723952676006015,1.3903860021962593
"COC(=O)[C@H](CC1=c2ccccc2=[NH+]C1)NC(=O)c1cnccn1
",2.2456608535561915,-0.44687600287792373
"COc1ccc(NC(=O)CSc2ccc(C(C)=O)cc2F)cc1C
",3.2021895856752183,0.7419243879486441
"Cc1cc(C(=O)NCCCn2nc(C)cc2C)c2c(C)nn(C)c2n1
",3.519081122853794,1.135765963844605
"Cc1nc2ccccc2c(=O)n1NC(=O)c1ccc([N+](=O)[O-])cc1
",3.6410582667670273,1.2873625353712363
"CC[C@@H](NC(=O)N1CCC(OCc2ccccc2F)CC1)c1c(C)noc1C
",3.034872974425657,0.5339786711434492
"CCS[C@H]1CCCC[NH+](Cc2nc3sc(C)c(C)c3c(=O)[nH]2)C1
",1.8386808657486888,-0.9526819994132651
"C#CCn1/c(=N/C(=O)[C@@H]2CCCCN2S(C)(=O)=O)sc2cc(Cl)ccc21
",2.8890580660805947,0.3527558660062377
"O=C([O-])[C@H]1CC=CC[C@H]1C(=O)N[C@@H]1CCCN(Cc2ccccc2)C1=O
",2.28908691059739,-0.3929048968890137
"Cc1ccc(N[C@@H]2CC(=O)N(c3cccc(O)c3)C2=O)c(C)c1
",2.74015157034779,0.16769075046954596
"COCCN1C(=O)c2ccc(C(=O)N[C@@H](C)c3ccccc3)cc2C1=O
",3.071953920969677,0.5800638981351092
"CC(=O)c1sc(NC(=O)c2ccccc2NS(=O)(=O)c2ccc(C)cc2)nc1C
",3.675813708113574,1.3305575601193098
"C[C@@H]1CCc2c(sc3nc(CSc4n[nH]c(N)n4)[nH]c(=O)c23)C1
",2.756199643337846,0.18763573989012322
"CCOC[C@@H]1CCC[NH+](CC(=O)N2CCCC2)C1
",1.3753156180524206,-1.528565158026244
"Cn1c(=O)c2sccc2n2c(C[NH+](C)CCCc3ccccc3)nnc12
",2.9418053198693155,0.418311613380543
"CC(=O)Nc1cc(NC(=O)N(C)CC(C)(C)O)c(F)cc1F
",2.199865219840992,-0.5037920843616162
"Cc1nnnn1CC(=O)N1CC[C@](C)(O)[C@H](C)C1
",2.4949461640204667,-0.13705731729517234
"CCn1c(C[NH+]2CCC(Cc3cccnc3)CC2)nc2c(F)cccc21
",2.649570545522967,0.05511414498204778
"COc1ccc(-c2nc(C(=O)N[C@H](C)c3ccc(F)c(F)c3)cs2)cc1
",2.7757398618192632,0.21192086441124902
"COc1ccc([C@H](NC(=O)NC2CCOCC2)C2CCOCC2)cc1
",1.8068084739141275,-0.9922938904074493
"CC(C)c1ccc(C(=O)N[C@@H]2CC[NH2+]C[C@H]2C)cc1
",1.8795311487452908,-0.9019121367201147
"CC[C@@H](NC(=O)C(=O)Nc1ccc(OC)cc1)c1c(C)nn(C)c1C
",2.8076204126586153,0.25154289564247806
"CCN(CC)C(=O)c1ccccc1NC(=O)C(Cl)(Cl)Cl
",1.673992504415896,-1.1573612544559133
"Cc1cc(C)n(-c2cncc(NC[C@@H](C)CN3CCOCC3)n2)n1
",3.171194766371968,0.7034031683929332
"COc1ccc(C(=O)N2C[C@@H](C(C)C)Nc3ccccc32)nn1
",2.5842652707412705,-0.02604905856493836
"COc1ccc(-c2nc(CNC(=O)c3ccccc3Cl)no2)cc1
",3.335726898422282,0.9078882573579374
"C/C=C/C(=O)N1Cc2nn(-c3cccc(C)c3)c(-n3cccc3)c2C1
",3.273335944170106,0.8303470520512055
"C[NH+](CC(=O)Nc1ccccc1C(F)(F)F)Cc1ccc(Br)cc1
",2.33951546176187,-0.330230897331945
"C[C@@H](NC(=O)Cc1cccc(F)c1F)c1nc(-c2cccnc2)cs1
",2.7495831255099326,0.1794125483480255
"CCC[C@@]1(Cc2cccc(C(F)(F)F)c2)CCC[NH2+]1
",1.055944375363922,-1.9254885805833089
"C=CCNC(=O)c1ccccc1NC(=O)CCc1c(C)nc(C)[nH]c1=O
",2.2539358891667884,-0.43659155951761985
"Cc1cc(C)cc(N2CC[C@@H](/C([O-])=N/[C@@H](C#N)c3ccccc3C)C2=O)c1
",3.078942185297301,0.5887491065192574
"CC(C)Cc1nnc(NC(=O)c2ccc(/C=C3/SC(=S)N(C)C3=O)cc2)s1
",3.533158455374487,1.1532616624477416
"Cc1ccc(F)c(O[C@H]2CC[C@]([NH2+]C(C)C)(C(=O)[O-])C2)c1
",2.000146365612637,-0.7520082058325583
"CC1(C)CN(C(=O)C2CCN(C(=O)Nc3ccccc3)CC2)C1(C)C
",2.6024785936797024,-0.003413036561195838
"C[C@@H](CNC(=O)Cc1cnn(-c2ccccc2)c1)c1ccccc1
",2.792383821458494,0.23260643825719723
"CCNC(=O)[C@H]1O[C@@H](n2cnc3c(N)ncnc32)[C@@H](O)[C@@H]1O
",3.248805180718521,0.7998595400724335
"C[C@@H](NC(=O)NCCC(F)(F)F)c1ccc(NC(=O)NC2CC2)cc1
",2.7424225674790614,0.17051320857934132
"C[C@@H](OC(=O)[C@H]1C[C@@H]1[N+](=O)[O-])c1ccccc1[N+](=O)[O-]
",3.722929156487339,1.3891139438011861
"CCCCC[C@H]1C[NH+]=C(N)N1c1cccc(Cl)c1
",1.3773721333908466,-1.5260092638267613
"Fc1ccccc1NC1CC[NH+](C2CCSCC2)CC1
",1.5247218947688421,-1.3428789008461277
"O=C(CCc1cccs1)NCCCN1C(=O)[C@H]2[C@@H]3C=C[C@@H](C3)[C@@H]2C1=O
",2.131204049478729,-0.5891260878477872
"O=C([O-])C1CCN(C2=NC(Cl)=NC3=NC=N[C@@H]32)CC1
",2.7472513566093064,0.176514561400743
"CC[C@H](CCCl)C[NH2+]Cc1ccc(Cl)s1
",1.1951934452437403,-1.7524259812731555
"CCCOC[C@@H]([NH3+])CSc1cccc(Br)c1
",1.797240478769171,-1.0041852596740608
"CNC(=O)c1cccc(NC(=O)N[C@@H](C)c2ccc(C)c(F)c2)c1C
",2.617629943152094,0.015417480044852105
"N/C(N[C@H]1CCOc2ccccc21)=[NH+]\Cc1ccc(Cn2cncn2)cc1
",3.2728417692698155,0.8297328778033494
"O=C(NC[C@@]1(O)CCc2ccccc21)[C@@H]1CC(=O)N(c2ccc(Cl)cc2)C1
",2.980810597083562,0.4667884518063698
"CC(C)CN(C)C(=O)c1cc2ccccc2c(Cl)n1
",2.3530557474668092,-0.313402655380158
"Cc1cc(NC(=O)[C@@H]2C[C@@H]3C=C[C@H]2C3)ncc1Br
",2.0548749833811146,-0.6839899644479723
"COc1ccc(-c2nnc(-c3cc4ccccc4[nH]3)s2)cc1
",4.582819235071514,2.457809140467325
"Cc1c(-c2[nH+]c(C)n(N)c2N)cnn1C
",2.5582710471134416,-0.058355399368249426
"CCOc1cc2c(cc1CNC(=O)c1ccccc1C)O[C@@H](C)C2
",2.2351392728717463,-0.4599525146540753
"CSc1ccc(C[NH+](CCO)Cc2ccc(C#CC(C)(C)O)s2)cc1
",2.2775756948145345,-0.4072113545646049
"COc1ccc(C[NH+]2CC[C@H](Oc3ccccc3Cl)C2)c(O)c1
",2.0902182953548194,-0.6400643178086226
"C[C@H](NC(=O)OC(C)(C)C)C(=O)Nc1cc(F)cc(Br)c1
",2.1059797780805853,-0.6204755107030718
"COc1ccc(/C=N/Nc2ccccc2[N+](=O)[O-])cc1OC
",3.257003037696511,0.8100480636913582
"Cc1ccc(-n2nnn(CN(CCC#N)CCC#N)c2=S)cc1C
",3.1365202371403242,0.660308703461402
"CC(C)C(=O)Nc1ccc(N2CCN(C(=O)c3cccc(F)c3)CC2)c(C(=O)N2CCCC2)c1
",2.7964993663713598,0.23772135141828993
"O=C(NCc1cnn(-c2ccccc2)c1)N[C@H]1CCCc2ccccc21
",2.8408593981905432,0.2928532271193976
"O=C(/C=C/c1cccnc1)Nc1ccc(C(=O)Nc2nccs2)cc1
",4.145468212563521,1.9142571811507443
"COC(=O)c1ccc(F)c(NC(=O)c2cc(C)[nH]c2C)c1
",2.5984043370014964,-0.008476635561143354
"C[NH+](CC1CCCC1)C[C@@H](O)COc1ccccc1F
",1.7182098028887742,-1.1024067717093233
"Cc1ccc(NC(=O)N[C@H]2CCOc3c(Cl)cccc32)s1
",2.6102635199074675,0.006262285288907881
"CC(C)c1ccccc1[C@H](N)C[NH3+]
",1.2498059317949968,-1.6845520709805522
"CNS(=O)(=O)c1ccc(CNC(=O)Nc2ccccc2C)s1
",2.7104662636321195,0.13079702941297433
"O=C1c2oc3ccccc3c(=O)c2[C@H](c2ccc(F)cc2)N1C[C@H](O)c1ccccc1
",3.003650515136396,0.4951745343106611
"Cc1nn(C)c(Cl)c1[C@@H](O)Cc1ccc2c(c1)CCC2
",2.2578636367033122,-0.43171004613522146
"CCN(Cc1cnn(C)c1)C(=O)CCCc1ccc(C)s1
",2.6569827417178558,0.06432622762785216
"COc1ccc(F)cc1NC(=O)C(=O)N1CC[C@H](c2ccccc2)[C@@H]1C
",2.6078463250035444,0.003258128539615157
"CC(C)c1ccc2c(c1)[C@@H]([NH2+][C@@H]1CCO[C@]3(CCSC3)C1)CCCO2
",1.440512433982036,-1.4475367501434266
"C[NH+](C[C@@H](O)COc1ccc(C#N)cc1)[C@@H]1CCCC[C@@H]1S(C)(=O)=O
",2.16142936223343,-0.5515612323352478
"CCN(C(=O)CN1C(=O)S/C(=C/c2ccccc2)C1=O)[C@@H]1CCS(=O)(=O)C1
",3.169118189968805,0.7008223417467824
"CCc1ccc(CC)c([C@H](NC)C(F)(F)C(F)F)c1
",0.9234673876516453,-2.090134648683105
"Cc1cc([C@H]([NH3+])CCCC(=O)[O-])c(F)cc1F
",2.0016759110029225,-0.7501072444743667
"O=[N+]([O-])c1cccnc1N1CCC[C@@H](c2nc3ccccc3[nH]2)C1
",3.595043160268336,1.230173687035875
"CN(C(=O)c1cc(NC(=O)OCC(F)(F)F)ccc1O)C1CCC1
",2.331489530333063,-0.34020574711839724
"CC(C)(C)n1cc(C(=O)NCC2(C(N)=O)CCOCC2)cn1
",2.463051106061367,-0.17669737837646937
"COc1ccccc1[C@@H]1CCN(C(=O)/C=C/c2cn(C)c3ccccc23)C1
",3.167068073567501,0.6982744003235166
"CC(C)[C@@H](C#N)OC(=O)CCNC(=O)NC12CC3CC(CC(C3)C1)C2
",2.071142028632161,-0.6637728302389487
"Cc1cc(C)cc(OCC(=O)Nc2ccc(S(=O)(=O)Nc3ncccn3)cc2)c1
",4.016662277515846,1.7541735989396425
"O=C(CSc1ccccn1)N[C@@H](c1ccc(F)cc1)c1cccs1
",2.5754624164138917,-0.036989489639699925
"Fc1ccc(CN2CCNc3ccccc32)cc1
",1.9568979087666705,-0.8057585853817775
"Cc1noc(-c2cc(=O)n(CC(=O)NCc3cccs3)nc2-c2cccs2)c1C
",3.3365624061704264,0.9089266495192814
"C[C@H](NC(=O)CSc1nnc(-c2ccc(Br)cc2)n1C)c1ccccc1
",2.9837531213588053,0.47044550244266004
"Cc1cnc(NC(=O)c2ccn(COc3c(Cl)cccc3Cl)n2)s1
",3.766473275347204,1.4432317802870063
"CC[C@@H](N[C@@H](C)Cc1cc(C)n[nH]1)c1ccc(Cl)s1
",2.044720454536864,-0.6966102940348965
"CC[NH+](C)C[C@H]1CCN(CC(=O)N(C)C2CC2)C1
",1.3236790790086008,-1.592740478364228
"Cc1cccn2c(=O)c3cc(C(=O)N4CCN(C)CC4)n(Cc4ccccc4)c3nc12
",3.318445352491393,0.8864102736164394
"Cc1nn(C)c(C)c1CNS(=O)(=O)[C@H]1CCC[NH2+]C1
",2.093280347836884,-0.6362587142076248
"OCc1cn(-c2ccc3c(c2)OCCO3)nn1
",3.0562748016943213,0.5605774546060507
"O=C(NCCc1ccccc1)c1cccc(-c2ccc(S(=O)(=O)N3CCOCC3)s2)c1
",3.323038755845952,0.8921190824789046
"CCN(C(=O)NCc1cc(Br)cs1)[C@@H](C)c1cccc(OC)c1
",2.3107863847913226,-0.36593618958700663
"CC1(C)CSC[C@](CO)([NH2+]C2CCCC2)C1
",0.7361421136268907,-2.322947685547126
"COc1ccc(/C=C/C(=O)N2CCC[C@H]2c2ccc3c(c2)OCCO3)c(OC)c1
",3.1972374681689697,0.7357697592070636
"C[C@H](c1ccccc1Cl)N(C(=O)c1ccoc1)C1CC1
",2.223783495431814,-0.47406578925360016
"CCC1(CC)CC[NH+]([C@](CC)(C[NH3+])COC)C1
",0.7900825152627966,-2.2559090609947297
"COCCCNC(=O)C1CCN(C(=O)NCc2ccc(C)cc2)CC1
",2.7382143973306796,0.16528317821111763
"Cc1cc(=O)[nH]c(N/N=C/c2c(Cl)nc3ccccn3c2=O)n1
",2.2895760027220136,-0.39229703965547874
"[NH3+][C@@H]1CCC[C@H]1CCOC1CCCCC1
",1.1936859191231375,-1.7542995764733578
"Cc1noc(C)c1COc1ccc(C(=O)NC[C@@H]2COc3ccccc3O2)cc1
",4.567720845137968,2.4390444434423975
"COCC[NH+]1CCCC[C@@H]1c1cc(CO)[nH]n1
",1.6712376727169032,-1.1607850355619644
"C[C@H]1c2ccccc2O[C@H]1C(=O)OCc1nccn1Cc1ccccc1
",3.43330249299551,1.029157907781103
"CCN[C@]1(C(=O)OC)CCC[C@@H]([NH+]2CCCC[C@@H]2C)C1
",0.980600168691913,-2.019128446622436
"CCOc1ccc([C@@H]2NC(=O)c3cc(Cl)ccc3N2)cc1OC
",2.612015105482956,0.008439204336696522
"Cn1ncc2c1CCC[C@H]2NC(=O)CN1CCCC1=O
",2.4611308371397804,-0.17908394175697223
"Cc1ccc(OC[C@@H](O)C[NH+](C)C2CCC(CO)CC2)cc1
",2.4014805743252214,-0.25321893986597954
"COc1ccc(CNc2ncnc3c2cnn3-c2cc(Cl)ccc2C)cc1
",4.113058663807438,1.873977696662714
"Cc1ccc(S(=O)(=O)[C@H]2c3nc4ccccc4nc3N(/N=C/C3=c4ccccc4=[NH+]C3)[C@H]2N)cc1
",3.3403195757605575,0.913596163907265
"N#Cc1cnc(Nc2nc3ccccc3o2)nc1-c1ccc(Cl)cc1
",4.303036483878369,2.1100873911915747
"N#Cc1ccc(Cl)c(NC(=O)NCCOCc2ccccc2)c1
",3.0332341373521627,0.5319418790555052
"Cc1cnc2nc(CCCCCl)[nH]c2c1
",3.2259760939520166,0.7714869189906687
"CNC(=O)[C@@H]1C2=C(CCCC2)S[C@H]1NC(=O)C1=NN=C(c2cc(C)c(C)cc2O)C1
",2.4444845747717387,-0.19977237749804003
"COc1ccc(F)cc1[C@H](C)N[C@@H](C(N)=O)c1ccccc1
",2.145873048408715,-0.5708950498502459
"C[C@H]1C[C@H](C)CN(C(=O)CCNS(C)(=O)=O)C1
",1.7018589203382728,-1.1227281012352373
"CN(C1CC1)S(=O)(=O)c1ccc(Cl)c([N+](=O)[O-])c1
",2.7881386841462485,0.22733046407424706
"C[C@@H]1CCCC[C@@H]1OCc1cnc(NN)s1
",1.8370338326407527,-0.9547289777597296
"CCC(=O)Nc1ccc(O)c(C(=O)N2C[C@@H](c3ccc(F)cc3)C[C@H]2C)c1
",2.449245946225723,-0.1938548132312276
"CCOc1ccc(NCc2cccc3c2OCO3)cc1OC
",2.692747644188949,0.10877583860955252
"COc1ccccc1/C=C/CN1CCNC(=O)[C@H]1CC(=O)N1CCN(c2cnccn2)CC1
",3.307901930795472,0.8733066172265334
"O=C(CCc1ncc(-c2ccccc2Cl)o1)Nc1nc2ccc(F)cc2s1
",4.6663565709777375,2.5616316543545197
"Cc1cc(C)c2nc3c(cc2c1)CN(Cc1cccnc1)/C(=[NH+]/C[C@@H]1CCCO1)S3
",2.8300597733186343,0.27943115432910737
"CC[NH2+][C@]1(C(N)=O)CCCCC1(C)C
",0.8726406898318346,-2.1533034759265464
"CC(C)(C)c1ccc(S(=O)(=O)N2CCC(C[NH3+])CC2)cc1
",1.8409361501599233,-0.9498790695069558
"CCOc1ccccc1[C@@]1(O)C[C@H]1C
",1.1910537715944032,-1.7575708822959655
"C[C@@H](c1ccccn1)N(C)C(=O)[C@H]1CCCN(C(=O)NC2CCCC2)C1
",1.9803683985890066,-0.7765888108242766
"CCC[C@H](C#N)NC(=O)c1c(C)oc(C)c1Br
",1.858431703918706,-0.9281351109119097
"CC(=O)c1ccccc1-c1ccc2c(c1)C[C@@H](CNC(=O)C(C)C)O2
",2.7664067838046695,0.20032145665819137
"CCCn1c(C)nnc1S[C@H](C)c1ccc(OC(F)(F)F)cc1
",2.9583333822489677,0.4388531469035438
"CC(C)(C)OC(=O)N1CC[C@H]([S@@](=O)c2cccc(Cl)c2Cl)C1
",2.3257146040163152,-0.3473829854300325
"COC(=O)C1=C(C)N(C(C)C)C(=O)/C1=C\c1cc(OC)ccc1OC
",2.5820034371620864,-0.028860127958496556
"CCc1ccc([C@@H](C)C(=O)N2CCC[C@H](N3CCNC3=O)C2)cc1
",2.0148170301389325,-0.7337750977858098
"COc1ccc(C(=O)CSc2n[nH]c(N)n2)cc1F
",2.5317982214368997,-0.09125656004832447
"COc1ccccc1CNC(=O)C[S@](=O)Cc1ccc(Cl)cc1
",2.2550802414035593,-0.43516932687511184
"N#Cc1ccccc1-c1ccc(CNC(=O)[C@H]2CCOC2)cc1
",2.5369457951095105,-0.08485901297177022
"Cc1cnc(-c2cccc(NC(=O)C(=O)N[C@H]3CC[C@H]([NH+](C)C)C3)c2)o1
",3.0101808893234008,0.5032906641508559
"Cc1ccc2c(c1C)NC(=O)/C2=N\NC(=O)[C@H](C)Sc1ccccn1
",3.0696319854007723,0.5771781323247366
"Cc1cc(F)cc([N-]S(=O)(=O)c2c[nH+]c[nH]2)c1
",2.35990742237541,-0.3048872041076001
"COc1ccc(-c2cc(CNC(=O)c3ccc([N+](=O)[O-])o3)no2)cc1
",4.124004543604521,1.8875815391232384
"C[C@H](Cc1ccsc1)NC(=O)NCC(=O)Nc1ccccc1
",3.6187705705945596,1.259662769508734
"COc1cc(OC)cc([C@]2(O)C[C@@H]2C)c1
",1.4078524297969839,-1.4881275075727143
"O=C(Nc1nnc([C@@H]2CCCO2)s1)c1ccc(-c2ccccc2)s1
",3.924163029624527,1.6392129727169895
"C=CCc1ccccc1OCc1nnc(NC(=O)Nc2ccc(Cl)cc2)s1
",3.5249454606942696,1.1430543252733851
"O=C(N[C@@H]1CCSc2ccccc21)C1CCN(S(=O)(=O)c2ccc(Cl)cc2)CC1
",2.8594059915811445,0.315903446868055
"C[C@H]1C[NH+](CC(=O)N2CCN(Cc3ccsc3)CC2)C[C@@H](C)S1
",2.114693318709559,-0.6096460811654358
"O=C(c1cnsn1)N1CCOc2ccc([C@H](O)CCc3ccccc3)cc2C1
",3.57272767999702,1.2024393903260906
"CC(=O)Nc1ccc(CCNC(=O)Nc2cnc3[nH]nc(C)c3c2)cc1
",3.4524654651717634,1.0529741801496928
"N#CC1=C(N)Oc2[nH]nc(-c3ccc(Cl)cc3)c2[C@@H]1c1ccc([N+](=O)[O-])s1
",3.429309239294014,1.0241949815232667
"CC(C)c1cc(C(=O)NCC#Cc2ccccc2)c2cnn(C(C)C)c2n1
",3.0408746895699856,0.5414377688888996
"O=C1C[C@H](c2ccsc2)[C@@H](c2cccc(F)c2)C(=O)N1
",1.9334201375478994,-0.8349374094603611
"Cc1cc(NC(=O)[C@@]2(C)Sc3ccccc3NC2=O)c2ccccc2n1
",2.8214011068576466,0.2686699239266961
"CC[NH+](CC)C[C@H]1CCN(Cc2nc(-c3cccc(C)c3)no2)C1
",2.5856725201341044,-0.024300090058278608
"CCC(=O)N1CC[NH+](Cc2ccccc2)CC1
",1.8029464237450148,-0.9970937532827253
"CCN(C(=O)NC[C@]1(C)CCCO1)[C@@H](C)CC(=O)[O-]
",1.9624581302305455,-0.7988481882056324
"N#Cc1ccc([C@@H](O)C[NH+]2CCCC3(C2)OCCO3)cc1
",2.0724469366498455,-0.6621510544267583
"CCCNC(=O)N[C@H]1CC(=O)N(CCc2ccccc2)C1
",1.8709179768234259,-0.9126168252497378
"COc1ccc(-c2cc(C(=O)N3CCC3)c3ccccc3n2)cc1OC
",3.3408567529176794,0.9142637825504759
"C[C@H]1C[C@@H](C)CN(C(=O)c2ccc(NC3CC3)c([N+](=O)[O-])c2)C1
",2.4051278074452838,-0.24868605756670936
"Cc1cc(/C=C2\C(=O)NC(=O)N(c3ccc(Cl)cc3)C2=O)c(C)n1-c1ccncc1
",3.947559189373947,1.6682903678019603
"CCCOc1cccc([C@H]2c3c(-c4cc(Cl)ccc4O)n[nH]c3C(=O)N2Cc2cccnc2)c1
",3.6065380676492595,1.244459876178029
"Cc1cc(C)nc(-n2nc(C)cc2NC(=O)c2cccc3ccccc23)n1
",3.639739496362027,1.2857235310002941
"COc1ccc(N(C)Cc2nnnn2-c2ccccc2)cc1OC
",3.886862556170057,1.5928549116031785
"CCc1cc2c(CSc3nc4ccccc4o3)cc(=O)oc2cc1O
",3.045403125276403,0.5470658341595536
"C[C@@H](OC(=O)c1ccc2c(c1N)C(=O)c1ccccc1C2=O)C(=O)Nc1ccc(Cl)cn1
",3.6656554421818006,1.3179325859765467
"CCO[C@H](C)c1nc(C[NH+](C)Cc2cnc(C)s2)cs1
",2.5198499754796733,-0.10610617092428427
"CC(C)CN1C(=O)CC(=O)N[C@@H]1SCC(=O)Nc1ccccc1C(C)C
",2.0660067193892644,-0.6701551347427002
"COc1cccc(CNn2c(-c3cccc(C)c3)nc3ccccc3c2=O)c1O
",2.9492152601169965,0.4275208922726993
"CCOCC(=O)N(C)CCCNC(C)=O
",1.8650985854004707,-0.9198493260264327
"C[C@@H](NC(=O)CCc1cccs1)c1cccc(S(N)(=O)=O)c1
",2.458662088175675,-0.18215217131959022
"COc1ccc(CCN2C(=O)[C@@H]3CC(C)=C(C)C[C@H]3C2=O)cc1OC
",2.922338437566875,0.3941176330930421
"O=C([C@H]1CCCN(c2nc(Cl)nc3[nH]cnc23)C1)N1CCN(c2ccc(F)cc2)CC1
",3.911287357991635,1.623210731534514
"COc1ccc(NC(=O)[C@H]2C[C@H]2C)c(N2CCN(C(C)=O)CC2)n1
",2.142448191941424,-0.5751515562887101
"CCCN[C@@]1(C#N)CC[C@H](SC2CCCCC2)C1
",0.9988176874955568,-1.996487209881241
"CCC(=O)N1CCN(C(=O)N[C@H](C)CSC)CC1
",1.8852393088525528,-0.8948178773021245
"C[C@H](OC(=O)[C@@H]1CCCN1C(=O)c1ccccn1)c1ccccc1N(C)C
",2.981099976691903,0.46714810079540814
"FC(F)(c1ccccc1)c1ccccn1
",1.589064747918079,-1.2629118215496626
"C[C@H]1CN(C2CC[NH+](CC(=O)N[C@@H](C)C(=O)N3CCCCC3)CC2)CCO1
",1.6923405598830552,-1.1345577831352502
"Cc1ccnc(NNC(=O)Nc2ccc(C(N)=O)c(Cl)c2)c1
",3.5130187770646604,1.1282315126551645
"Cc1ccc2ncc(C(=O)N[C@@H](C)c3nc(C4CCCCC4)no3)n2c1
",3.381728473117658,0.9650602879934952
"C[C@@H]1CCC[C@H](NC(=O)C/C(N)=N/O)C1
",1.8699295558543723,-0.9138452621955983
"CN[C@@H](Cc1cccc(C)c1)C(C)(C)[NH+]1CCCC1
",1.161572522426459,-1.7942109949826657
"Cc1c(C(=O)OCC(=O)N(C)C2(C#N)CCCCC2)oc2ccc(Br)cc12
",3.9175826569386683,1.6310347033581556
"C[C@H](c1ccccc1F)N(C)C(=O)NC1CC[NH+](C[C@@H]2CCOC2)CC1
",1.933482268472424,-0.8348601914271991
"O=c1[nH]c2ccc(-c3csc(NC[C@H]4CCCO4)n3)cc2[nH]1
",3.0701460558031988,0.5778170332534762
"O=c1[nH]c2ccc(S(=O)(=O)[N-]c3cc(-c4ccccc4)no3)cc2[nH]1
",3.4189775147926564,1.0113544282678337
"O=C(CSc1ccc(Cl)nn1)N1CCc2cc([N+](=O)[O-])ccc21
",3.691005081800933,1.349437819927833
"COc1cc(-n2cc(C(=O)Nc3cnn(C)c3)c3ccccc3c2=O)cc(OC)c1OC
",3.707464397323282,1.3698939129532455
"C[C@H]([NH2+]C1CC[NH+](C)CC1)c1ccccc1
",1.109494622398693,-1.858934850971062
"CCCN(Cc1ccccc1N)c1ccc2nnnn2n1
",2.5630331856867903,-0.05243688170425229
"C[C@H](C(=O)N(C)Cc1ccccc1)[NH+]1CCCC1
",1.6664413357418155,-1.1667460559464629
"O=C(C[NH+]1CCC(OCc2ccccc2F)CC1)Nc1ccc(F)cc1
",2.802526583278608,0.2452121434607411
"COc1ccc2c(Cn3cc([N+](=O)[O-])ccc3=O)cc(=O)oc2c1
",3.5339837444682836,1.1542873545825476
"COc1cc(C)c(C(=O)N[C@@H]2CCCc3c2cnn3C)cc1OC
",2.6112455639579233,0.007482796823782975
"O=C(C[NH+](CCc1ccccc1)[C@@H]1CCOC1)NC1CCCC1
",1.6586023924617501,-1.1764885116846868
"COc1ccccc1NC(=O)c1sc(NC(=O)c2ccc(F)cc2)c(C#N)c1C
",3.5749851854164585,1.205245080562887
"C[C@@]12C=CC(=O)C=C1CC[C@@H]1[C@@H]3CC[C@](O)(C(=O)COP(=O)([O-])[O-])[C@]3(C)C[C@@H](O)[C@H]12
",2.296122501225124,-0.3841608700688083
"O=C(NN=C1C2CC3CC(C2)CC1C3)[C@H]1C[C@@H]1c1ccccc1
",1.8678275180983328,-0.9164577329160292
"Cn1c(=O)c2[nH]c(Nc3ccccc3)nc2n(C)c1=O
",2.8609362203184032,0.31780525750878424
"CCS(=O)(=O)C[C@H](C)N(C)C(=O)c1ccc(Br)cc1
",2.1261493102338265,-0.5954082577273625
"Cc1c(C(=O)Nc2cccc(NS(C)(=O)=O)c2)cnn1-c1ccc(Br)cc1
",4.216258178464887,2.0022369106709568
"Cn1cc(CCC(=O)N2CCC[C@H](n3cncn3)C2)cn1
",3.7225284330108255,1.3886159135701055
"Cc1ccc(OCCCOc2ccc(/C=C3\SC(=S)N(C)C3=O)cc2)cc1C
",3.3636015690157244,0.9425316697123532
"CCCS(=O)(=O)N1CCN(Cc2nc(-c3ccc(F)cc3)cs2)CC1
",3.462234919493469,1.0651159284587866
"C[NH+](C)[C@H]1CC[C@@H](NC(=O)c2ccc(C(=O)N[C@H]3CC[C@@H]([NH+](C)C)C3)s2)C1
",2.3530098365850094,-0.31345971469515205
"Cc1ccc(C#N)c(N[C@H]2CCc3cc(N)ccc32)n1
",2.387613024383434,-0.2704539148719917
"CC[C@H]([NH2+][C@H](C)c1c(C)noc1C)C(=O)Nc1cc(C)on1
",2.861008417569979,0.3178949862519029
"OCC#Cc1cc(F)cc(COC[C@@H]2CCOC2)c1
",1.4885217078386221,-1.3878694954049593
"COc1ccc(Cl)cc1CSc1ccc(N)cc1F
",1.7779343389516615,-1.028179464750957
"C[C@@H](COc1ccccc1CO)C(N)=O
",1.7164321976236188,-1.1046160287478137
"CC(=O)N1c2ccccc2CC[C@@H]1C(C)C
",1.346932212211961,-1.5638408406305475
"C[C@H](O)[C@H](C)n1cc(C=O)nn1
",2.0580794619237572,-0.6800073497956663
"C[C@H]1CCc2c(ccc3c4c(ccc23)C(=O)[C@H](C)CC4)C1=O
",2.368860938550146,-0.29375952631770447
"Cc1ccsc1[C@H]1CC[C@H](O)[C@@H]1C
",1.1094134791194916,-1.8590356980849942
"O=C(C[NH+]1CCCC1)Nc1ccccc1Br
",1.5168304992936812,-1.3526865456246129
"CC(C)[NH+]1CCCN(C(=O)NCc2ccc(Br)s2)CC1
",1.5716898098234433,-1.2845058756579297
"Cc1ccc(NC(=O)c2nnn(-c3ccc(F)cc3)c2C)c(C)c1
",3.8321546707746235,1.5248624369858101
"CCc1ccc(-c2[nH+]ccn2[C@H]2CCCN(c3ncccn3)C2)cc1
",3.0257185911191478,0.5226013501209582
"CC1(C)[C@H]2CC[C@]1(C)[C@H](NC(=O)CCN1C(=O)COc3ccccc31)C2
",1.964735360960876,-0.7960179828063426
"CCN(CC)S(=O)(=O)c1ccc2c(c1)CCN2Cc1nc(-c2ccc(C)cc2)no1
",4.053722405865065,1.800232952502429
"Cc1nc(-c2ccccc2)sc1[C@H](C)NC(=O)[C@H](C)c1cccs1
",2.726226595046879,0.15038440563733096
"Cc1cccc(C)c1NC(=O)CN(C)C(=O)[C@@H](NC(=O)Nc1ccccc1)C(C)C
",2.4710604947278556,-0.16674308839303076
"COc1cccc2c1OC[C@@H]([NH+]1CCC(CCNC(C)=O)CC1)C2
",2.6418130182152453,0.04547287526834326
"Cc1ccccc1-c1noc(C[NH+]2CCN(Cc3ccc4c(c3)CCO4)CC2)n1
",3.6445213416812896,1.291666540753716
"C[C@H](c1ccco1)[NH+](C)CC(=O)Nc1ccc2c(c1)C(=O)N(C)C2=O
",3.258432308096753,0.8118244005157006
"CN(Cc1nccn1C(F)F)Cn1nc(-c2ccc(F)cc2)oc1=O
",3.6704808162287925,1.3239296944379313
"CC(C)[C@@H](CO)NC(=O)Cc1ccccc1[N+](=O)[O-]
",2.1475093721381766,-0.5688613814158506
"Cc1ccc([C@H](CO)Cc2ccncc2Cl)cc1
",1.9542967201652968,-0.8089914145923295
"CCCNC(=S)NNC(=O)c1ccc(C)c(OC)c1
",2.0879974416236715,-0.6428244563124692
"CCN(CC)C(=O)/C=C/c1ccc(C(=O)OC)cc1
",2.651365164347588,0.05734454694328117
"CCCS(=O)(=O)[C@H](C)C(=O)Nc1sc(C)c(CC)c1C#N
",2.3154153541925213,-0.3601831782570924
"COc1ccc(N2CCN(c3ncnc(Nc4ccc(Cl)cn4)c3[N+](=O)[O-])CC2)cc1
",5.0461505244125995,3.0336500946963083
"COc1cc2ccccc2cc1C(=O)Nc1nnc([C@@H]2CCCO2)o1
",3.6162343764202256,1.2565107171715488
"O=C(C[n+]1cccc(Br)c1)c1ccc(F)c2ccccc12
",2.572244918921429,-0.04098828460328609
"CCOC(=O)[C@H]1CCc2sc(NC(=O)C3CCN(C(=O)c4cn(C)nc4OC)CC3)nc21
",3.9288580187257414,1.645048035157911
"CCOC(=O)[C@@H](O)c1c(-c2ccc(Cl)cc2)nc2ccc(F)cn12
",2.4444933844227013,-0.19976142861991897
"COc1ccc([C@H]2[C@H](C(=O)NCCc3ncnn3C)CCC(=O)N2C)cc1
",3.0067439123455153,0.4990190940062554
"Cc1ccc(N2C(=O)S/C(=C/C3=c4ccccc4=[NH+]C3)C2=O)cc1
",1.7263896327359944,-1.0922406527076203
"O=C(CNC(=O)N[C@@H]1CCC[C@@H](C2CC2)C1)NCc1ccccc1
",1.8560737405494832,-0.9310656530699868
"CC1(C)CN(C(=O)c2csc(-c3cccs3)n2)CCS1
",2.2836475021054836,-0.39966514435875633
"CN(C)C(=O)/C(C#N)=C1/C(=O)Nc2ccccc21
",1.9546780659085141,-0.808517467544683
"CCCn1nnnc1CS(=O)(=O)Cc1nc(-c2ccccc2)oc1C
",4.43694945345967,2.2765181373149304
"CC[NH2+][C@]1(C(N)=O)CC[C@H](N2Cc3ccccc3C2)C1
",1.887854582297575,-0.8915675430579317
"O=C(NCCNc1ncccn1)Nc1ccc2c(c1)Cc1ccccc1-2
",4.184100643170056,1.9622706354898392
"C[C@@H]1CCC[C@@](CNC(=O)C(C)(C)c2cccc(C#N)c2)([NH+](C)C)C1
",1.7510052732307393,-1.061647653189695
"CCCNC(=O)Nc1ccc(SCC)nc1
",2.4338146078203975,-0.2130333078349268
"O=C([O-])C1=NN(c2cc(F)ccc2F)[C@@H](c2ccccc2)C1
",2.5445886775672637,-0.07536022705167518
"OC[C@@H]([NH2+]Cc1ccc(Cl)c(Cl)c1)c1ccc(Cl)cc1
",1.8520738992178534,-0.9360367666169388
"CCC(=O)Nc1ccc([C@@H](C)NC(=O)NCC(=O)NC(C)C)cc1
",2.51464620916243,-0.11257355577534293
"CC(=O)c1cccc(S(=O)(=O)Nc2ccc3c(c2)N(C(=O)C(C)(C)C)CC3)c1
",2.6310749582573756,0.032127317057713226
"COCC[C@H](N[C@H](C)c1nc2ccccc2n1C)c1ccc(Cl)cc1
",2.6378841694693325,0.04058999327242802
"C=CCOc1ccc(/C=C2\SC(=S)N(c3ccc(OC)cc3OC)C2=O)cc1
",3.2604486125725876,0.8143303195418728
"COc1cc([N+](=O)[O-])ccc1S(=O)(=O)Nc1[nH]nc(-c2ccc(C)o2)c1C
",4.059805866655499,1.8077936460000779
"CN(Cc1cccc(C#N)c1)C(=O)C[C@@H]1CCCCO1
",2.4817947676282897,-0.1534022368422306
"CCc1ccc(C[C@@](C)(O)c2cc(F)cc(F)c2)s1
",1.9588938614281333,-0.8032779601539688
"Cc1cc2nc([C@@H](C)O)n(Cc3ccccc3Cl)c2cc1C
",2.3719440140068286,-0.28992779478180714
"O=c1c(-c2cccc(-n3cccn3)c2)cc2c(n1CC1CC1)CC[NH+](Cc1ccc(O)cc1)C2
",3.0743466567956332,0.5830376564651281
"COC1CCN(c2ccc(F)cc2CN(C)c2nccc(C)n2)CC1
",2.6365840996622834,0.038974230522366184
"CN1CCO[C@H](CN(C)c2cccc(/C(N)=N/O)c2)C1
",1.9555948887754575,-0.8073780147023972
"c1cncc(N[C@@H]2CCC[C@H]2[C@@H]2CCCC[NH2+]2)c1
",1.3072260671329703,-1.6131887370429752
"COc1cc(OC)cc([C@H]2CCN(C(=O)NC[C@H]3CCO[C@H]3C(C)C)C2)c1
",2.415787182969273,-0.235438290548971
"COc1ccc(C(=O)Nc2cccc(C[NH+]3C[C@H]4CC[C@@H]3C4)c2)cc1
",2.3077431171660994,-0.3697184468478424
"O=C(C[C@@H]1CSc2nc3c(c(=O)n21)CCCC3)N1CCN(C(=O)c2ccco2)CC1
",3.531065558263548,1.1506605519741107
"O=C1C[C@H]([NH+]2CCC(c3ccc(O)cc3)CC2)C(=O)N1Cc1ccccc1
",2.3200932186012473,-0.35436939885811125
"CC(=O)N1CCC(NC(=O)C[NH+]2CCC[C@H]2[C@@H](C#N)c2ccccc2)CC1
",2.3177919059181287,-0.3572295339750616
"COC1(OC)CC[C@@]2(C)[C@@H](CC[C@H]3[C@@H]2CC[C@]2(C)[C@@H](O)CC[C@H]32)C1
",1.1748009299918722,-1.7777703638173703
"CC(C)c1nnc([N-]S(=O)(=O)/C=C/c2ccc(Cl)cc2)s1
",4.38386160099699,2.2105390844787807
"COCCNC(=O)c1csc(COc2ccccc2Cl)n1
",2.9546878163147015,0.4343223366289389
"C[NH+](C)[C@H](CNc1ccc(S(C)(=O)=O)cc1S(C)(=O)=O)C1CCCCC1
",2.187890085228913,-0.5186751132022684
"COc1ccc([C@@H](C)NC(=O)N(C)[C@H](C)c2ccccc2)cc1OC
",2.4223964070660577,-0.22722416385785515
"Cc1cc(Br)ccc1NC(=O)CNC(=O)C1(c2ccccc2)CC1
",2.744033179847281,0.17251492222213785
"N#C[C@@H](NC(=O)CNc1cccc(F)c1)c1ccc(F)cc1F
",2.5038847289305988,-0.12594822135086836
"Cc1cc(C)c(-c2csc(NC(=O)CSc3nnc(-c4ccco4)n3C)n2)cc1C
",4.005025113323913,1.7397106090942296
"Cc1cccc(OCC[NH+](C)CC(=O)N[C@H]2CCCC[C@@H]2C)c1
",1.9467178764364677,-0.818410611407135
"O=S(=O)(c1ccccc1Br)N1CCCC1
",1.6746554723886706,-1.1565372995043521
"N#Cc1c(N)nc2c(c1-c1ccco1)CCCCCC2
",2.250978246222814,-0.4402674000539862
"CC(C)[NH+]1CCC(C(=O)Nc2ccc(N3CCOCC3)cc2C(N)=O)CC1
",2.18085355593959,-0.527420306617085
"CC1CCC([NH+](Cc2ccc3c(c2)OCO3)Cc2ccc(C(=O)N(C)C)[nH]2)CC1
",2.260129591212025,-0.42889385513635253
"Cc1cc(C)n(CC(=O)NNC(=O)N[C@@H]2C[C@@H](C)N(c3ccccc3)C2)n1
",3.18585545506849,0.7216238782022475
"Cc1cc(C)cc(OCC(=O)NNC(=S)NC(=O)C2CC2)c1
",2.038924073192723,-0.7038141972485816
"CN(Cc1nc(-c2ccccn2)no1)C(=O)[C@@H]1Cc2ccccc2N1
",3.4711439980415224,1.076188377935937
"CCOc1ccc(NC[C@@H]2CCCN(S(C)(=O)=O)C2)cn1
",2.7489669495400113,0.17864674779309855
"Cn1nc(C2CCN(C(=O)c3ccc4[nH]cnc4c3)CC2)n(C2CC2)c1=O
",3.3460205473304,0.9206814892119275
"C[C@@H]1CCN(C(=O)NCC(=O)N2CCc3ccccc3C2)[C@H](C)C1
",2.3949124365805594,-0.26138200330115646
"C[NH2+][C@H](C)c1cc(F)ccc1O[C@H]1CCS(=O)(=O)C1
",1.7070902048978838,-1.1162265159506912
"C[C@@H]([NH2+][C@@H](CO)c1ccc(Cl)c(F)c1)c1ccc([S@@](C)=O)cc1
",2.0835877581705655,-0.6483049329949213
"CCC1(CC)C[C@@H]1C(=O)N1CCOc2ccc(C[NH+]3CCC(C(=O)OC)CC3)cc2C1
",2.4796575321320216,-0.15605845228870582
"Cc1cccc(S(=O)(=O)[N-]c2nc3ccccc3nc2NC[C@H]2CCCO2)c1
",3.375517230753534,0.9573407840182919
"O[C@@H](C[NH2+][C@H]1CCCC[C@H]1C1CCCCC1)C1CCOCC1
",1.1207273896649481,-1.844974456821055
"C[NH+]1CCC2(CC1)OCCN2C(=O)c1cc(=O)c2ccc(Br)cc2o1
",2.2873252067840992,-0.39509439116287753
"COc1cccc([C@@H](C)NC(=O)COC(=O)c2cccc(F)c2)c1
",2.4091633587257006,-0.24367056270673554
"COc1ccc(S(=O)(=O)Nc2ccccc2C(=O)N2CCC(c3c[nH]c4ccccc34)CC2)cc1
",4.216814857330387,2.002928766577267
"COc1cccc([C@@H](CNC(=O)Nc2ccc(Cl)cc2Cl)[NH+](C)C)c1
",2.627350510067451,0.027498469731833907
"C=CC[n+]1c(-c2ccccc2)csc1Nc1cccc(C(=O)[O-])c1
",2.9512735674200066,0.43007901357537964
"CN(C(=O)NCc1ccc(Cl)nc1)C1CCC1
",1.8763799480323913,-0.9058285362105607
"CCN(C[C@@H](O)c1ccc(C)cc1)C(=O)c1ncn(-c2ccccc2)n1
",3.7846915978994904,1.465874015949267
"O=C(OCc1ccccc1)N1CCC[C@H]2c3ccccc3N[C@@H]2C1
",2.0406009810899954,-0.7017300896868138
"CCC[NH+]1CCCN(C(=O)Nc2ccc(C)c(C(=O)N(C)C)c2)CC1
",2.1774189293448325,-0.5316889556404609
"CCOC(=O)NNC(=O)c1ccc(C[NH+](C)C)cc1
",2.6119270407045274,0.008329754991895161
"CC(=O)c1cccc(NC(=O)N2CCC[C@@H]2c2c(C)n[nH]c2C)c1
",2.5666484660229942,-0.04794371120940922
"CCC[C@@H]1SC[C@H](C(=O)[O-])N1C(=O)CN1CCC([NH3+])CC1
",1.4908845304917786,-1.3849329139942748
"COc1cc(C#N)ccc1OC(=O)[C@@H]1CC(c2ccc(Cl)s2)=NO1
",4.099723134512686,1.8574039316464142
"CC(=O)O[C@@H](C)c1nc2ccc(C(=O)[O-])cc2[nH]1
",3.0485303813895834,0.5509524746385362
"Cc1nc([C@H](C)[NH2+]Cc2ccccc2)cs1
",1.9132966760236947,-0.859947404582788
"C[C@@H]1CCC[C@H]1[NH2+]C[C@](C)(O)c1cnn(C)c1
",1.7990908520521103,-1.0018855645284062
"C[C@@H]1C[C@@H]1C(=O)N1CCN(C(=O)c2cc3ccccc3cc2O)CC1
",2.534994145412188,-0.08728457724916926
"CCC[NH+]1CCN(c2ccccc2CN2CCN(CC(F)F)CC2)CC1
",1.4770126917058999,-1.402173219294465
"O=[N+]([O-])c1ccc(CS(=O)(=O)NC2CCCCCCC2)cc1
",2.6564229614800388,0.06363051725016218
"COC(=O)C1=NC2=C(C(=O)C[C@H](c3ccccc3Cl)C2)[C@H]1C
",2.34678685475069,-0.3211938088089344
"Cc1ccc(CN2CCN(C(=O)C(=O)N3CCCC3)CC2)s1
",2.3776410429348185,-0.2828473695015952
"COc1ccc(/C=C2/SC(=O)N(CC(=O)Nc3ccc(F)cc3)C2=O)cc1OC
",3.035423428390377,0.5346627905707262
"CCOc1cccc(CN2CCc3nc(N4CC[NH+](CC)CC4)ncc3C2)c1
",2.911303283234,0.3804028377677712
"CC(C)(CNc1c(N)ccc(F)c1F)S(C)(=O)=O
",1.7760956005473831,-1.0304646997472875
"COc1ccc(Nc2nc3ccc(C)cc3s2)cc1OC
",3.102962955643657,0.6186027849471308
"O=C(Nc1cccc(-n2cccn2)c1)[C@H]1CCCN1C(=O)c1ccoc1
",3.2990845657676076,0.8623481518514635
"Cc1cccc(-n2ccnc2S[C@H](C)C(=O)N2CCNC2=O)c1C
",2.6009228187267217,-0.005346596746099342
"C[C@@H](Cc1cccs1)N(C)C(=O)CSc1nnnn1C1CCCC1
",3.233162038267941,0.7804178095372643
"CC(=O)N1CCN(C(=O)[C@@H](Sc2cc(C)ccc2C)C(C)C)CC1
",2.0176156565319183,-0.7302968874215602
"COc1ccccc1NCC(=O)NCc1ccc(C(=O)N2CCCC2)cc1
",2.7473992817224095,0.1766984068267769
"Oc1ccc(-c2ccccc2)cc1C[NH+]1CCC[C@H](c2cn[nH]c2)C1
",2.8345073435699515,0.28495871777331394
"Cc1ccc(NC(=O)[C@H](Cc2ccccc2)NS(=O)(=O)c2cccc3nsnc23)c(C)c1
",3.7642174902425958,1.4404282281051097
"CCC1(CC)CN(c2ccccc2C#N)C1
",1.528734016734231,-1.337892524587537
"C/C(=C/c1ccc(F)cc1)C(=O)OCCc1c(C)n[nH]c1C
",2.1861742042921675,-0.5208076575365053
"CC(C)[C@H](C(=O)N(C)CC(=O)Nc1cccc(Cl)c1)N1CCCC1=O
",2.090004976972348,-0.6403294358003121
"Cc1ccccc1[C@@H](NC(=O)NCC1CCN(c2cc[nH+]cc2)CC1)C1CC1
",2.1766902794270826,-0.5325945419317142
"O=C([C@H]1CSCN1C(=O)CCCc1cc(F)ccc1F)N1CCCC1
",2.139532973384893,-0.5787746706217958
"CCNc1cc(C)ccc1C(=O)NCc1ccnc(C)n1
",2.4409019839673594,-0.20422492053768593
"CCn1cc(C[NH+](CC)CC2CCN(C3CC[NH+](C)CC3)CC2)c(C)n1
",1.9399705886013172,-0.8267963275347381
"N#C[C@H]1CN(C(=O)c2ccc(F)cc2N)CCO1
",1.9441024923322703,-0.8216610831816145
"Nc1ccc2c(N[C@H](Cc3ccccc3)C3CC3)ncnc2n1
",2.761519959614894,0.19424797625804074
"O=C(CN1C(=O)N[C@H](CC2=c3ccccc3=[NH+]C2)C1=O)NCc1cccc(Cl)c1
",2.560480826739049,-0.055609024069367484
"CC[C@@H](CO)NC(=O)N[C@H](C)c1cc2cccc(OC)c2o1
",2.5522913949728823,-0.06578707660177682
"COc1cccc(-c2cn[nH]c2C2CCN(Cc3[nH+]ccn3C)CC2)c1
",2.8617338359720836,0.3187965563260441
"CCn1c(SCC2=N[C@H](C)SC2)n[nH]c1=O
",1.7749346037937517,-1.0319076186561715
"COc1ccc(-c2nc(COc3cccc(-n4cnnn4)c3)co2)cc1
",6.1296330084253645,4.38023212323054
"Nc1cc(-c2cccc([N+](=O)[O-])c2)no1
",2.8873084754437386,0.35058142632341366
"CCc1ccc([C@@H]2C[C@H](c3cccc(C)c3)n3nc(N)nc3N2)cc1
",2.7702984599189624,0.20515813947836417
"C[NH+](Cc1ccccc1NC(=O)N[C@H]1CCCC[C@@H]1CO)C1CCCCC1
",1.6021798575372979,-1.246612000208676
"COc1ccc(C(C)C)cc1S(=O)(=O)N1CC[C@@H](c2cc3nc(C)cc(O)n3n2)C1
",3.474889568889526,1.0808434770860804
"Cc1n[nH]c(SCC(=O)NC2(C)Cc3ccccc3C2)n1
",2.8430517173059533,0.295577902012793
"CC[C@H]1S/C(=N\N=C\c2ccc(N(C)C)cc2)N(Cc2ccccc2)C1=O
",2.9323448800854846,0.4065539168945268
"CC(C)[NH+]1CCC(CN2CCc3[nH]c[nH+]c3[C@@H]2c2[nH+]ccn2C)CC1
",2.1914374163814045,-0.5142663918341912
"CC(C)C[NH+]1CCC(NC(=O)c2ccnc(OC(C)(C)C)c2)CC1
",2.31167545072354,-0.3648312338316796
"CCc1cc(C[C@@H](O)c2ccc(Cl)cn2)n(CC)n1
",2.5745984389827825,-0.03806326471124704
"O=C(CN1CCN(S(=O)(=O)c2cccc(F)c2)CC1)Nc1ccc(F)cc1
",2.782598831132492,0.22044538137183203
"CC(=O)O[C@@H]1CC[C@@]23C(=O)O[C@]4(CC[C@]2(O)C1)[C@H]1CC[C@@H](C(=O)[O-])[C@@]1(C)CC[C@@H]34
",2.21925794223188,-0.4796902720653914
"O=C(NC[C@H]1CCS(=O)(=O)C1)N(Cc1ccncc1)C1CC1
",2.209020766252265,-0.49241331780032305
"COc1ccc(-c2n[nH]cc2/C=N/NC(=S)NC(C)(C)C)cc1
",2.6093221124531203,0.005092278040745291
"CCc1ccc2nc(SCC(=O)Nc3ccc(S(=O)(=O)N(C)C)cc3)c(C)cc2c1
",4.152437503606971,1.9229188090120255
"CCc1ccc([C@@H](CO)NC(=O)NCC(C)(C)c2ccncc2)cc1
",2.3037149968609256,-0.3747247062860493
"CC[S@@](=O)[C@@H]1CCC[C@H](NC(=O)NC[C@@H](C)CCO)C1
",1.7380764194424376,-1.0777159906273206
"O=C(CSc1nnc(-c2c[nH]c3ccccc23)o1)N1CCC[C@H](c2nc3ccccc3s2)C1
",4.323266726929207,2.1352300973516654
"O=C(CCCN1C(=O)NC2(CCCC2)C1=O)Nc1cnc(-c2ccccc2)s1
",3.228019084578239,0.7740260043033782
"CC(C)(O)CC[C@@]1(C(=O)[O-])CCc2ccccc21
",1.674107214757524,-1.157218689267456
"Cc1cc(N2CCC(C)CC2)n2nc(-c3cccnc3)nc2n1
",3.0553912869910307,0.5594793980717256
"CCc1c(C)sc(NC(=O)C2CCN(C(=O)c3ccc(F)cc3)CC2)c1C#N
",2.889080030174875,0.35278316359070927
"Cc1ccc([C@@H](C)[NH2+][C@H](C)CCc2ccco2)cc1
",1.7561537317378062,-1.055249006416381
"O=S(=O)([N-]c1cccc(-c2cn[nH]c2)c1)c1c[nH]c2ncccc12
",3.7554359935101655,1.4295143408406588
"Cc1nccn1-c1cc(CNC(=O)N2CCC[C@H](C)C2)ccn1
",2.8876826063501357,0.3510464065721093
"COC(=O)N1CCc2c(sc(NC(=O)c3ccc(OC)cc3)c2C#N)C1
",3.6738945517203483,1.328172379419855
"NNC(=O)[C@@H]1CCCN(C(=O)Cc2ccc(Cl)cc2)C1
",2.331588720718639,-0.34008247056100877
"CCOc1ccc([C@@H]([NH3+])c2n[nH]c(-c3ccccn3)n2)cc1OCC
",3.296724442248381,0.8594149249991554
"C[C@@H]1CC[C@@H](C)N(C(=O)/C=C/c2ccc(F)cc2[N+](=O)[O-])C1
",2.5885853858267858,-0.020679899929526697
"O=C(/C=C/c1csc(-c2ccco2)n1)c1cc(F)cc(F)c1
",3.586408558405097,1.2194423647818007
"O=C(Nc1ccc2c(c1)Cc1ccccc1-2)c1csc(-c2cnccn2)n1
",4.543926973886855,2.409472761492042
"Cn1c(SCc2ccccc2Oc2ccccc2)nnc1[C@@H]1CCS(=O)(=O)C1
",3.95816246223481,1.681468408876702
"CCOC(=O)c1c(C)nc(N)nc1COc1ccc(OC)cc1
",2.860828014836846,0.3176707767405174
"COc1cc(C)cc2oc(=O)c(CC(=O)N3CCCC4=C[C@@H]5C[C@@H](C[NH+]6CCCC[C@@H]56)[C@H]43)c(C)c12
",2.138705298041025,-0.5798033284542564
"CC(C)[NH2+]C[C@@H](C)[C@H](C)N(C)[C@@H](C)c1ccccc1F
",1.1211142661825753,-1.8444936359738464
"N#CCOc1ccc2[nH]cc([C@H](C(=O)[O-])[NH+]3CCN([C@@H]4CCS(=O)(=O)C4)CC3)c2c1
",3.2182831152828584,0.761925872112071
"COc1ccc(NC(=O)[C@@H](C)Oc2ccc(C)cc2)cn1
",2.481501063896446,-0.15376725997167634
"CC(C)NC(=O)C(=O)Nc1sc2c(c1C(=O)OC(C)C)CCCC2
",2.1012861327908037,-0.62630890301794
"Cc1ccc2c(c1)C(=O)N([C@@H](C)C(=O)N[C@@H]1CCC[C@H](C(F)(F)F)C1)C2=O
",2.1852993554046125,-0.5218949439551114
"O=C1N[C@](Nc2nc3ccccc3s2)(C(F)(F)F)C(=O)N1C1CCCCC1
",2.5845624008945407,-0.025679776984079417
"CCC(=O)[C@@H](C)c1ncnc(OC)c1[N+](=O)[O-]
",3.1370245040206246,0.660935420301422
"[NH3+][C@H]1CCC[C@H](N2CCS(=O)CC2)C1
",1.221619847935104,-1.7195825163643312
"Cc1csc(NC(=O)/C=C/c2ccccc2Cl)n1
",2.4955513991860654,-0.1363051142747656
"C/C=C/c1ccc(OCC(=O)NC(C)C)c(OC)c1
",1.619100867576181,-1.2255821004555951
"N=C1NC(=O)/C(=C\c2ccc(OCc3cccc(Cl)c3)cc2)S1
",2.9796680715707047,0.4653684894669163
"Cc1nc(NC(=O)[C@H](C)Sc2nnc3cc(C)c4ccccc4n23)sc1C
",3.16393450895331,0.6943799194648204
"CC[C@@H](C)N(C)C(=O)c1ccc(C)c(O)c1
",1.6986737437122947,-1.1266867269311178
"CCc1ccc([C@H](C)CC(=O)N[C@@H]2CC=CCC2)cc1
",1.7874626605375972,-1.0163374028819028
"CCCN(Cc1ccccc1O)C(=O)NCCc1nnc2n1CCC2
",3.0643479089885592,0.5706109358641762
"COc1ccc(NC(=O)N[C@@H](C)c2nc(C)cs2)cc1OC
",2.906915481027575,0.3749495557045002
"O=C(c1ccoc1)N1CCN(S(=O)(=O)c2c(Cl)cccc2Cl)CC1
",3.326355845359268,0.8962416531633218
"CC(C)(C(=O)Cc1ccc(Cl)s1)[NH+]1CCCC1
",1.36242088479244,-1.544591089526608
"CCOC(=O)C1=C(N)N(c2ccccc2)C2=C(C(=O)CC(C)(C)C2)[C@H]1c1cccs1
",2.2393737137072844,-0.45468983434852084
"C=C(Cl)CCc1ccc(OC)c(OC)c1
",1.6095270948622935,-1.2374806502448326
"CN(CCN1CC[NH2+]CC1)C(=O)C[C@@H]1CCCCO1
",1.3486052073820574,-1.561761595914442
"CCC[C@@H](COC)NC(=O)c1cc(C)c(C#CCCO)s1
",2.020223102237199,-0.727056281709038
"O=C(NC[C@@H](O)c1ccco1)c1csc2c1CCCC2
",2.725514489954663,0.14949938171331312
"O=C(COc1cccc2c1CCC2=O)Nc1cccc(F)c1
",2.606396585405873,0.0014563520299950873
"COc1ccc(C[NH+]2C[C@@H](C)[C@@H](C)C2)c(OC)c1OC
",1.6564742415105833,-1.1791334366069945
"O=[N+]([O-])c1ccc(N(C[C@@H]2CCCO2)C[C@@H]2CCCO2)c(F)c1
",2.5763718923246293,-0.03585916779799534
"Cc1ccccc1[C@H](NC(=O)N[C@H]1CCCC[C@@H]1CO)C1CC1
",1.7637786215428224,-1.045772582263254
"Cc1ccc([C@@H](N)C(C)(C)[NH+](C)C)cc1C
",1.4119213442103407,-1.4830705480874278
"C[C@H](C(=O)[O-])N1CCCC[C@H](NC(=O)OC(C)(C)C)C1=O
",2.1083462510125064,-0.6175343926248767
"CC(C)(C)Nc1ncnc(N2CCC(C(=O)[O-])CC2)c1N
",2.7445844875317693,0.17320010267597896
"CCc1nn(C)cc1NC(=O)C(=O)N1CC[C@@H](C[NH+](C)CC)C1
",2.3199239152689373,-0.354579813726855
"CCc1ccc(NC(=O)[C@@H](C)S(=O)(=O)Cc2nncn2C)cc1
",3.3058872705648015,0.8708027417137737
"CC[C@H](NC(=O)NCc1cc(C#N)ccc1F)C(=O)N1CCOCC1
",2.3251775065322633,-0.3480505050533463
"CC(C)(C)c1ccc(C(=O)Nc2ncc(S(=O)(=O)c3ccc([N+](=O)[O-])cc3)s2)cc1
",4.029586363178429,1.770236010418614
"Cc1cccc(COc2cccc(NC(=O)N[C@H](C(N)=O)C(C)(C)C)c2)c1
",2.888443829773247,0.351992476117659
"CCNS(=O)(=O)c1ccc(C(=O)N[C@@H]2CCC[C@H](C)[C@@H]2C)cc1
",2.2883124920913716,-0.3938673656489209
"CC[C@@H](CC(=O)Nc1ccc2c(c1)COC2)c1ccccc1
",2.5446587369726172,-0.07527315528303018
"CCC1([C@H]([NH2+]C)c2ccc(Cl)cc2)CCCC1
",1.1184800427304844,-1.847767521811476
"Cc1cccc(CNC(=O)Nc2ccnn2C2CCCCC2)c1
",2.3812104658077997,-0.27841119193165964
"C[C@H]1CCC[C@@H](C[NH3+])N1C(=O)NC1CCCC1
",1.1284843858059188,-1.8353338472560945
"O=C(Nc1cccc(Br)c1)c1nc(N2CCCCC2)c2oc3ccccc3c2n1
",3.7335548046143154,1.402319793476137
"CCNC(=O)CCCC(=O)Nc1cc(-c2ncco2)ccc1C
",2.880596665170841,0.3422398026924135
"CC[C@@]1(C(C)C)NC(=O)N(Cc2ccccc2Cl)C1=O
",1.726802270591938,-1.0917278149559213
"O=C(Nc1cc(Cl)nc(Cl)c1)N1CCOCC1
",2.063416402301495,-0.673374452535155
"[NH-]C1=NC2=NC=N[C@H]2C(N2CCC(n3cc(-c4cccnc4)nn3)CC2)=[NH+]1
",3.9496553891794752,1.670895582955866
"COC(=O)C(C)(C)[C@H]1CCCN(C(=O)NCC[S@@](=O)C(C)(C)C)C1
",1.949279099876478,-0.8152274520056049
"CCn1c(SCC(=O)N2CCC[C@H]2C(=O)NC)nc2ccccc21
",2.7634009191613695,0.19658568485883246
"Cc1c(C(=O)NCc2cccnc2-n2cccn2)oc2ccccc12
",3.9619354793395356,1.6861576189945793
"O=C(Nc1ccc(OCc2ccccc2)cc1)[C@H]1CC(=O)N(c2ccc(F)c(Cl)c2)C1
",4.656659095092108,2.549579362838583
"Cc1cc(SCc2ccc([N+](=O)[O-])c(NN)c2)n(C)n1
",3.109161454148846,0.6263064505016221
"O=C(/C=C/c1cn(-c2ccccc2)nc1-c1cccs1)N1CCC[C@H](c2nnc3n2CCCCC3)C1
",4.619750665828348,2.503708545099161
"CC[C@H](C)NC(=O)[C@@H](Sc1ncnc2ccsc12)C(C)C
",2.145754773288672,-0.5710420454440123
"COc1ccc(OC)c(CNc2nc(C)c(C(=O)[O-])s2)c1
",3.025750006872773,0.5226403944893432
"O=S(=O)(Cc1cccc(C(F)(F)F)c1)NCc1csc(-c2cccs2)n1
",2.778940807107434,0.21589908783707557
"CC[C@H](CC#N)Nc1c(F)cccc1F
",1.3400517426773266,-1.5723920786615506
"CCN(CC)c1ncc2c(n1)CC[C@@H](C(=O)NCc1ccccc1)C2
",2.8438248956304553,0.29653882944077553
"CC1CC[NH+]([C@@H](C)C(=O)Nc2cc(Cl)cc(Cl)c2)CC1
",1.4074453906716082,-1.4886333870670565
"O=C(CCN1C(=O)CSc2ccccc21)Nc1cccc(C(F)(F)F)c1
",2.199453034417161,-0.50430435981816
"CCCc1nn(C)c2c1nc(CCl)n2[C@@H]1C[C@H]1C
",2.401612841942385,-0.25305455400939464
"O=C(Nc1ccccc1I)N[C@@H]1CCS(=O)(=O)C1
",2.1813181077053425,-0.5268429488209815
"Cc1noc(C)c1S(=O)(=O)NCC(C)(C)c1ccc2c(c1)OCCO2
",3.1624700854189562,0.6925598933521508
"Cn1cccc(NC(=O)C2(c3ccc(Br)cc3)CCC2)c1=O
",1.7218115780901777,-1.0979303857699148
"CC[NH2+][C@@H](C=C(C)C)C1(N2CCOCC2)CCCC1
",0.6993342730775061,-2.3686934888474136
"O=S(=O)(NC[C@@]1(O)CCc2ccccc2C1)C1CCCCC1
",1.669226296525841,-1.1632848295793763
"O=C(NC[C@@H](CCO)c1ccccc1)c1ccn(-c2ccccc2)n1
",3.2010461621296225,0.7405033095092403
"Cc1nn(C)c(NC(=O)[C@@H](C)CCOc2ccccc2)c1C
",3.15384473392466,0.6818400677127053
"CN(C)C(=O)[C@H]1CSCN1C(=O)/C=C/c1cc(C(F)(F)F)ccc1Cl
",2.1889766989547006,-0.5173246395797648
"O=C(c1ccccc1)N1CCO[C@H](CC2CCCCC2)C1
",1.6902150452056826,-1.1371994316234986
"CC/[NH+]=C(/NC[C@@H]1CCO[C@H]1C(C)(C)C)N1CCN(c2ncccn2)CC1
",2.229337440678669,-0.46716319233373166
"CCSC(SCC)=C1C(=O)CC(C)(C)CC1=O
",0.9536148672577982,-2.0526665263624775
"Cc1oc(-c2ccccc2Cl)cc1C(=O)NCCc1ccccn1
",3.1930622758443183,0.7305807145911993
"Cc1cccc2c1CCN2C(=O)C(=O)NCc1ccnc(OC2CCC2)c1
",2.743593085219988,0.1719679604348349
"O=C(NC[C@@H](O)c1ccc2c(c1)CCO2)c1cccc2ccccc12
",3.214690149141628,0.7574604343165341
"COc1ccc(C2=C(O)C(=O)N(Cc3ccc(SC)cc3)[C@@H]2c2ccccc2F)cc1
",2.629440725692576,0.03009624758065599
"Cc1ccc2nc(NC(=O)CCNS(=O)(=O)c3ccc4c(c3)C[C@H](C)N4C(=O)C3CC3)sc2c1
",4.227722800269214,2.0164854600600277
"Cc1ccc2oc(C(=O)Nc3ccc(C)c(C)c3)cc(=O)c2c1
",2.734566653286171,0.16074966092080006
"CCCCNC(=O)/C(=C\c1cccs1)NC(=O)c1ccc(C)cc1
",2.11042325896333,-0.614953029639346
"CS[C@H]1CCC[C@@H]1NC(=O)N(CCO)CCc1ccccc1
",1.499087552141742,-1.3747379715780321
"CCCc1ccc(OC(=O)Cn2nc3n(c2=O)CCCCC3)cc1
",3.274736148303404,0.8320872645142584
"Cc1ccc(OCCCSc2nccn2C)cc1C
",2.5042272589177093,-0.12552251559956837
"Cc1nc(NC(=O)c2ccccc2)sc1Cc1ccc([N+](=O)[O-])cc1
",3.678863868493779,1.3343483838868702
"O=C(Nc1ccn(-c2ncccc2Cl)n1)c1ccc(Cl)o1
",3.940369172447155,1.6593544157018238
"CNC(=O)c1cc(C)ccc1NC(=O)[C@H]1C[C@H]1c1ccccc1Cl
",2.1356737997606943,-0.5835709584474126
"C[C@H]1Oc2c(ccc(Cl)c2Cl)[C@@H]1NCc1nncn1C1CC1
",2.6003371070836967,-0.00607453539212128
"CN(CC[C@H]1CCCCO1)C(=O)c1ccc2c(c1)OCO2
",2.509121689679887,-0.11943958154064002
"Cc1cccc(C2(C(=O)Nc3ncccn3)CCC2)c1
",2.2007479176543256,-0.5026950430807462
"Cc1ccc(Br)cc1NC(=O)C[C@@H]1C[NH2+]CCO1
",1.7712084063074025,-1.0365386400560783
"CC(C)(C)NC(=O)NC1=CC(=O)CCC1
",1.4740181346019212,-1.4058949377708936
"O=C1Nc2ccccc2[C@@]12Oc1ccccc1[C@H]1CC(c3ccco3)=NN12
",2.9614484533705023,0.4427246435375541
"C[C@@H](c1cccc(F)c1)[C@@](C)(O)C(=O)[O-]
",1.679052676247497,-1.151072332807182
"CCC1(CC)CCN(C(=O)CS)C1
",1.0023362647168539,-1.9921142246949362
"C[C@H](NC(=O)NCCC[C@@H]1CCCC[C@H]1O)c1ccc(Cl)s1
",2.2352200684484176,-0.4598520996744739
"CCc1ccc([C@@H](C)C(=O)Nc2ccc3[nH]c(=O)[nH]c3c2)cc1
",2.327356712809047,-0.3453421271588392
"CSc1ccc(C(=O)NC[C@H]2C[C@@H](O)C[NH+]2Cc2ccccc2)cc1
",2.2094281166286085,-0.4919070514746605
"COc1cccc(-c2nc(S(=O)(=O)c3ccc4c(c3)OCCO4)c(NCc3cccnc3)o2)c1
",4.232399480189975,2.0222977673445715
"CCOC(=O)c1nc(Cn2nc(-c3ccc(C)cc3)ccc2=O)no1
",3.913503242189786,1.6259646937651646
"Cc1ccc(C(=O)CCC(=O)Nc2cc(Cl)c(O)c(Cl)c2)cc1
",2.3689809474378567,-0.2936103759494794
"COCCNC(=O)c1ccc(-n2c(C)nc3ccccc3c2=O)cc1
",3.06951989705082,0.5770388258201267
"COc1ccc(-c2ccc(/C=C3/C(=N)N4C(=NC3=O)SN=C4SC(C)C)o2)c([N+](=O)[O-])c1
",3.975173724412889,1.7026104764871048
"Cc1ccccc1C(=O)N1CCN(c2nc3c(S(C)(=O)=O)cccc3s2)CC1
",4.052911514714701,1.7992251545303444
"CCCc1nn(C)c(NCCc2ccc(F)cc2C)c1N
",2.381536207439592,-0.27800635121315337
"Cc1ccc([C@@H](C/[NH+]=C(/N)N[C@H]2CCOc3ccccc32)[NH+]2CCCC2)o1
",2.3007717263682252,-0.3783826843420552
"Cc1cccc(OCc2nc(C(=O)NC3CC3)cs2)c1C
",2.4084806766142375,-0.24451901893566638
"O=C(N/N=C/c1cc(Br)c(O)c(Br)c1)[C@H]1COc2ccccc2O1
",2.9533919674925917,0.43271181983582224
"Cc1ccc([C@@H]2[C@@H](C(=O)C(C)(C)C)N2S(=O)(=O)c2ccc(C)cc2)cc1
",2.593882113263068,-0.014096980425995623
"CC(C)[C@@H](NC(=O)N1CCC(OCc2ccc(F)cc2)CC1)c1ccccn1
",2.8570212874304497,0.31293967052641664
"C[C@H]1CCC[NH+](C(C)(C)CNS(=O)(=O)c2cn(C)c(=O)n(C)c2=O)C1
",1.884193408369622,-0.8961177513792151
"Cc1cc(C)cc(C2(C(=O)OCC(=O)N3CCO[C@@H]4CCCC[C@@H]43)CCC2)c1
",2.4821934818338818,-0.1529067037886798
"Fc1ccc([C@H](NCc2cnc(-c3cccnc3)s2)[C@@H]2CCCO2)cc1
",2.7733864143514317,0.20899593474044878
"CC(C)C[NH+]1CC[C@@H](CNC(=O)N[C@H]2CCCN(C(=O)OC(C)(C)C)C2)C1
",1.6274715565689706,-1.2151787764236335
"CC(C)(C)OC(=O)N1CCC[C@H](C(N)=S)C1
",1.341833657389726,-1.5701774657227139
"CCOc1ccc([C@H]2[C@H]3[NH+]=c4ccccc4=C3CCN2C(=O)c2cccs2)cc1
",2.030760767444342,-0.7139597796427595
"Cc1ccc(CC(=O)Nc2cc(-c3ccccc3C)nn2C)cc1O
",2.9168813881444775,0.38733546098647664
"CC(=O)Nc1cccc(NS(=O)(=O)c2cccc(C(=O)[O-])c2)c1
",2.9951302174264853,0.4845852724229792
"C#CCN(Cc1ncc(-c2ccccc2Cl)o1)[C@@H]1CCS(=O)(=O)C1
",3.0173085724733,0.5121491461072912
"O=C(Cn1ccc([N+](=O)[O-])n1)N[C@H]1c2ccccc2C[C@H]1O
",3.054294298026018,0.5581160298146631
"NS(=O)(=O)Cc1ccc(NC(=O)Cc2ccc([N+](=O)[O-])cc2)cc1
",3.2290904715558675,0.7753575537017009
"COc1cc(CNC(=O)c2cc(NC(=O)C(C)(C)C)ccc2F)ccn1
",2.899574081543424,0.3658254611708856
"Cc1cc(CNC(=O)[C@H]2Cc3[nH+]c[nH]c3CN2)no1
",2.906239143694159,0.37410898494138883
"COc1cccc(-c2nc3ccc(C(=O)N(C)CC[C@@H]4CCCCO4)cc3o2)c1
",3.9241272027044976,1.6391684460288694
"Cc1ncccc1/N=C1/N[C@H](C)CS1
",1.56465290551089,-1.2932515351619995
"CC1CC[NH+](Cc2ccc(NC(=O)c3ccc(-n4ccnc4)c([N+](=O)[O-])c3)cc2)CC1
",4.162541499899999,1.9354763353452404
"C[C@@H]1CN(C(=O)N[C@@H]2CCCCC[C@@H]2C(=O)[O-])C[C@H]1C
",1.7240451863376345,-1.0951543956000767
"CCN(CC)C(=O)CSc1nc2c(cc1C#N)CCCCC2
",2.24569642958865,-0.4468317879998226
"Cc1sc2nc(S[C@H](C(=O)NC3CC3)c3ccc(F)cc3)nc(N)c2c1C
",2.946770680967262,0.4244827016245492
"CCCn1ccc2cc(NC(=O)[C@H]3CC(=O)N(c4ccc(OC)cc4)C3)ccc21
",4.1475740236561665,1.9168743414783787
"CC[C@H](NC(=O)C(=O)Nc1ccccc1-n1cccn1)c1ccc(C)cc1
",2.989860362018728,0.4780357502204807
"O=C(Nc1cn[nH]c1)N1CCC[C@@H]1Cc1cccc(F)c1
",2.243757526009243,-0.4492415110489862
"COc1cc(F)cc(CNC(=O)N(CCC(F)(F)F)C2CCC2)c1
",1.6436763169776383,-1.1950390515411424
"CC(C)NC(=O)N1CCN(Cc2nc3cc(C(=O)N(C)C)ccc3n2C)CC1
",3.2596814488882497,0.8133768672752082
"O=C(NCCCF)Nc1c[nH]nc1-c1ccccn1
",2.505354265988256,-0.12412184000986376
"N=C1/C(=C\c2ccc(-c3cccc([N+](=O)[O-])c3)o2)C(=O)N=C2SC(c3cccnc3)=NN12
",4.618816513665989,2.5025475549287517
"O=C1OC(c2ccc([N+](=O)[O-])cc2)=N/C1=C\c1ccc([N+](=O)[O-])cc1
",4.56365423361266,2.4339903460501366
"COCCO[C@@H](C)C(=O)Nc1nc2c3c(ccc2s1)CCCC3
",2.5573992355497115,-0.059438910916714285
"CCc1onc(C)c1NC(=O)Cn1c(=O)n(CC)c2ccccc21
",2.7260002871754754,0.15010314394916854
"C[C@H]1CCCN(c2nc3c(c(=O)[nH]2)[C@@H](c2cccc(Cl)c2)[C@@H](C#N)C(=O)N3)C1
",2.3495978141283826,-0.3177002706698388
"O=C(CCN1CCS(=O)(=O)[C@@H]2CCCC[C@@H]21)N1CCCCC1
",2.112033193982415,-0.6129521578248069
"CC1(C)CC[NH2+]c2ccc(F)cc2N1
",1.1839988287434529,-1.7663389605949718
"C[NH2+][C@@]1(C(=O)[O-])CCC[C@H]1CCOC
",1.2393674883122054,-1.6975252575407436
"CCOC(=O)[C@@H](CC)c1nc(CC(F)(F)F)no1
",2.435791850506246,-0.21057593588281792
"C[C@H]([NH2+][C@@H]1CCCOc2c1ccc1ccccc21)c1nc(C(C)(C)C)no1
",2.820433665806047,0.26746756140309974
"O=C(NCCCn1ccnc1)c1sc2cc(F)ccc2c1Cl
",2.922262314877792,0.39402302570750963
"Cc1noc([C@H](C)NC(=O)c2ccccc2-c2ccc(C(F)(F)F)cc2)n1
",2.9023721222314287,0.3693029436047691
"FC(F)(F)c1ccc(N2CCC([NH2+]Cc3cccc4c3OCCCO4)CC2)nc1
",2.9631685205804796,0.4448623906880647
"CC(=O)Nc1cc(NC(=O)c2ccc(Cl)s2)ccc1F
",2.3616207352987235,-0.30275785137155503
"C=CCCC[C@H](C)[NH+]1CCN(C(=O)N2CCOCC2)CC1
",1.3705830378607131,-1.5344469397151812
"CC(C)([C@@H](O)Cc1csc2ccccc12)N1CCOCC1
",2.1554885009032807,-0.5589446992756314
"C[C@]12CCC(=O)N1[C@@H](C(=O)Oc1ccc(Cl)cc1Br)CS2
",2.140701673030721,-0.577322178345227
"O/N=C1\[C@H]2CC[C@H](C2)[C@H]1[NH+]1CCN(c2cccc(Cl)c2)CC1
",1.8816004065166028,-0.899340405872253
"COc1ccc(S(=O)(=O)Nc2ccccc2C(=O)N2CCCC2)cc1C(=O)N1CCOCC1
",3.2175751443708,0.7610459862616119
"COc1ccc(CNC(=O)c2c(N3CCCC3=O)c3cc(C)ccc3n2C)cc1OC
",3.186969473258782,0.7230084108519599
"Fc1cc([C@H]2OCC[C@@H]2Nc2ncnc3[nH]cnc23)ccc1Cl
",3.166084780131076,0.6970523360171682
"Cc1nn(C)c2sc(C(=O)N[C@H](C)c3ccc(OC(C)C)cc3)cc12
",3.1672100374736343,0.6984508369964859
"COc1cc(OC)cc([C@H]2CC[NH+](CCC(F)(F)F)C2)c1
",1.513713178488642,-1.3565608382275678
"N#Cc1ccc([C@@H](C(N)=O)N2CCC(OC[C@H]3CCCO3)CC2)cc1
",2.5097340785505518,-0.11867848769751894
"CC1(C)CCCC[C@H]1Nc1ccccc1[N+](=O)[O-]
",1.7646773808650886,-1.0446555792944021
"Cc1cnc(Cl)nc1NCC(C)(C)C[NH+](C)C
",1.5274745600060955,-1.3394578122787073
"O=C(OCCCn1c(=O)[nH]c2ccccc21)c1ccc(F)cc1Br
",2.565393112522578,-0.049503899295567415
"COc1ccc(-c2ccnc3nc(CCc4ccc(OC)c(OC)c4)nn23)c(F)c1
",4.09883670100451,1.8563022475405666
"Cc1ccccc1-n1ccnc1SCC(=O)c1cc(F)ccc1F
",2.840085197748065,0.29189102937489536
"C[C@H](CCO)C[NH2+]CCC(C)(C)O
",1.0538206545509456,-1.92812799960722
"Cc1cc(O[C@H](C)C(=O)NCc2ccc(N3CCCC3)cc2)cc(C)c1Cl
",2.9925022332360665,0.48131914091249656
"CC[C@@H]1CCCCN1C(=O)CNc1ccc(F)cc1C
",1.58289643620628,-1.2705779701215743
"C[C@H]1CCCN(C(=O)Nc2nn(C)cc2S(N)(=O)=O)C1
",2.279031841747733,-0.4054016148409977
"COc1ccc(O)c(C[NH2+][C@@H]2CCCOc3c(C)cc(Cl)cc32)c1
",2.121777942643495,-0.6008411143947416
"COc1cccc(/C=C(\C#N)C(=O)Nc2cccc([N+](=O)[O-])c2)c1OC
",3.4547660447707167,1.0558334041693462
"C[C@@H]1CN(c2ccccc2S(=O)(=O)C(F)(F)F)CC[C@@H]1[NH3+]
",1.5546279444405597,-1.3057108343322692
"CC(C)(C)OC(=O)N1CCC[C@H](C(=O)NCc2ccccc2C[NH+]2CCCC2)C1
",1.8289292517493543,-0.9648015752757874
"Cc1cccc(N(Cc2ccccc2)S(=O)(=O)c2ccccc2C#N)c1
",3.1452182891242115,0.6711188832821043
"Cc1nn([C@H](C)C(=O)NCCc2ccc(S(N)(=O)=O)cc2)c(=O)c2c(C)n(-c3ccccc3)nc12
",3.812804414087192,1.5008134022415507
"CC1(C)CCCC[C@H]1[NH2+][C@H]1CCOC2(CCSCC2)C1
",0.8377334302334951,-2.196687184601203
"Cc1cc(-c2nnc(CN(Cc3ccco3)C3CCCC3)o2)c(C)o1
",3.7601745206038,1.4354035135039573
"Cc1nc([C@@H]2C[NH+]3CCN2CC3)sc1C[NH2+]C(C)(C)C
",1.67468515140517,-1.1565004136009507
"CC1(C)CCCC[C@@H]1N1C(=O)c2ccc(N)cc2C1=O
",1.8437645152693614,-0.9463638990425501
"Nc1ccc(C(=O)[O-])cc1O[C@@H]1CCOC2(CCC2)C1
",1.9857952282594602,-0.7698441966620941
"CCCNC(=O)NC(=O)C[NH+]1CCc2nn(C)c(=O)cc2C1
",2.4640360015010447,-0.17547332305612523
"CCC(=O)N1CCC(Nc2cc(Cl)ccc2C)CC1
",1.6841598642339028,-1.1447249781795654
"Cc1cc(F)ccc1S(=O)(=O)N[C@@H](Cc1c[nH]c2ccccc12)C(=O)[O-]
",3.103220089720522,0.6189223582968982
"CN(C)S(=O)(=O)c1cccc(CSc2ncccc2N)c1
",2.608991591098188,0.0046814969499882715
"CC(C)N(CCc1nccs1)C(=O)Cc1cccc(O)c1
",2.443043033858118,-0.20156396445613223
"O=S(=O)(c1ccc2c(c1)[C@H]1C=CC[C@@H]1[C@@H](c1cccnc1)N2)N1CCOCC1
",2.818637561279427,0.265235312970289
"Cc1nc2c(s1)[C@H]([NH2+][C@@H](C)c1nc3ccccc3n1C(C)C)CCC2
",2.5240873405032884,-0.10083985635682839
"O=C(NCc1ccc(COCC(F)(F)F)cc1)N1CCN(c2cc[nH+]cc2)CC1
",2.620893494014852,0.019473511412079134
"CC[C@@H](C)NC(=O)c1ccc(NC(=O)c2cnoc2C)cc1O
",3.448684968264195,1.0482756739257557
"CC[C@H](NC(=O)[C@@H]1CC(=O)N(Cc2ccc(C)cc2)C1)c1ccc(C)cc1
",2.3356189285444544,-0.3350736166943531
"COc1ncnc(N)c1CN1CCC(C(=O)N2CCc3ccccc32)CC1
",2.859387346878461,0.31588027471536084
"CCOC(=O)c1cnc(-c2cccnc2)nc1Cl
",3.243713169126871,0.7935310470883944
"CCC[NH2+]Cc1ccn(C[C@H]2CSc3ccccc32)c1
",2.1699888693581126,-0.5409232399013317
"Cc1nc(SCc2nnc(-c3ccc(Cl)cc3)o2)c2c3c(sc2n1)CCC3
",4.290547280836566,2.0945654638739115
"Cc1ccc(Nc2scc(-c3ccc(F)cc3)[n+]2CCN2CCOCC2)cc1
",2.504967002825567,-0.12460314139025973
"N#CC1(NC(=O)CCc2ccco2)CCCCC1
",2.3471326656024685,-0.3207640255081908
"Cc1cc2c(N[C@@H](C)C(C)(C)C[NH+](C)C)ncnc2s1
",2.1218935531190533,-0.6006974304949149
"CCOC(=O)c1ccc(/[NH+]=c2\oc3c(OCC)cccc3cc2C(N)=O)cc1
",2.7078769499452675,0.12757895867495994
"O=C(NCCn1nc(-c2cccs2)ccc1=O)c1ccc(I)cc1
",3.3652890477582185,0.9446289150132282
"CN(CC[C@H]1CCCC1=O)C1CC[NH2+]CC1
",0.8316012766445695,-2.20430839485693
"Cc1cc(C(=O)N[C@H](C)c2nc[nH]n2)c(C)n1-c1cccc(Br)c1
",3.3154386616183213,0.8826734749558451
"O=C(CCc1nc2ccccc2[nH]1)Nc1ncc(Cc2ccc(Cl)cc2)s1
",3.595056732828862,1.2301905553898682
"CC[C@H]1CC[C@@H](N2CCO[C@H](c3nccs3)C2)C1
",1.9638418127261015,-0.7971285092913851
"O=C1S/C(=C/c2ccc3c(c2)OCO3)C(=O)N1CN1CCCC1
",2.684193234870284,0.09814418187009367
"Cc1nc(C2(NC(=O)c3ccc4ccc(Cl)cc4n3)CCCC2)no1
",3.2566576084205057,0.8096187546235498
"C[C@H]1CCCC[C@@H]1[NH+]1C[C@@H]([NH3+])C[C@@H](C)C1
",0.7194994297522823,-2.3436316738374803
"CCCCSc1nc2n(n1)[C@@H](c1sccc1C)C(C(=O)OC)=C(C)N2
",2.538039494610977,-0.08349973295107507
"CN[C@H]1[C@@H](C[NH+](C)CC2CCCCC2)C(C)(C)OC1(C)C
",0.7388211769220515,-2.319618071511089
"COc1ccccc1NC(=O)[C@H]1Cc2ccccc2CN1S(=O)(=O)c1ccc(F)cc1
",3.126870633285306,0.6483159086304988
"Cc1cc(NC(=O)N2CCSC(C)(C)C2)ccc1C(=O)NC(C)C
",2.419650273603434,-0.2306371345549265
"C[C@@H]1[C@@H](OC(=O)c2ccc(CNC(N)=O)cc2)C[C@H]2C[C@@H]1C2(C)C
",2.3595761616753315,-0.3052989040769742
"CC[NH2+][C@H](Cc1ccc(O)cc1)Cc1ccc(F)cc1Cl
",1.7512805419131967,-1.061305541650021
"Nc1cc(CSc2ccc(C(F)(F)F)cn2)ccc1O
",2.140043336643377,-0.5781403770341843
"Cc1cc(CSc2nnc(NC3CC3)s2)no1
",3.4306189905283992,1.0258227766192631
"COc1ccc(-n2ncc(C(=O)Nc3c[nH]nc3C)c2C(F)(F)F)nn1
",4.001080405927701,1.7348080175286589
"CN(Cc1nnc(C2CC2)n1C)C(=O)c1ccccc1OCC(N)=O
",2.9605771393112743,0.4416417503014583
"Cn1c(=O)n(C)c2cc(Cn3ccnc3[C@@H]3CCOC3)ccc21
",2.9972270852602283,0.4871913178208451
"CS(=O)(=O)c1ccc([C@@H](O)C[NH2+]C2COC2)cc1
",1.992776913499263,-0.7611671649504393
"COC[C@H]1CN(C(=O)N[C@@H](c2ccccc2)c2ccco2)CCO1
",2.5987436167741786,-0.00805496926632056
"CN(C)C(=O)CCCC(=O)Nc1cccc(-c2nc(C3CC3)n[nH]2)c1
",2.98198461273746,0.46824755096494763
"CN(C)c1cc(C(=O)Nc2cc(C(C)(C)C)sc2C#N)ccn1
",2.7339993914318996,0.16004465218304384
"O=C(NCCN1C(=O)[C@H]2[C@H]3C=C[C@H](CC3)[C@H]2C1=O)N1CCCCC1
",2.255841418691664,-0.4342233146674255
"COc1ncccc1Cn1ccc(C(=O)C2CC2)c1
",2.536529059032003,-0.08537694410669261
"CC[C@H]1CN(Cc2ccc(CC(C)C)cc2)[C@@H](CC)C[NH2+]1
",1.409003834899101,-1.4866965094338875
"COc1ccc2[nH]c(=O)c([C@H](c3nnnn3C[C@H]3CCCO3)N3CCCc4ccccc43)cc2c1
",3.5781344144835514,1.2091590296373373
"C[C@H]1C[C@H](c2ccccc2F)N(C(=O)c2scnc2C2CC2)C1
",2.2017964026948573,-0.5013919568439129
"COc1ccc(Nc2cc3nnc(C)n3cn2)cc1
",3.2039285726246325,0.7440856490751406
"CCN1C(N)=[NH+]C[C@@]1(C)c1ccc2cc(OC)ccc2c1
",2.2596295758781713,-0.4295152880367401
"CNc1ccc(/C=C2\CSc3ccc(F)cc3C2=O)cc1[N+](=O)[O-]
",2.877029175019215,0.3378060271620879
"COCCOCCNC(=O)N1CCN(C)C[C@@H]1c1ccccc1
",2.2184672785117465,-0.48067293082716706
"COc1ccc(CN(C)S(=O)(=O)c2ccc([N+](=O)[O-])cc2)cc1F
",3.834854473911582,1.5282178270714388
"COc1cccc(NC(=O)[C@H](C)N(c2ccc(Cl)cc2)S(C)(=O)=O)c1
",2.775089945835748,0.21111313083329794
"CC(=O)N[C@H]1[C@H](O)[C@@H]2OC(C)(C)OC[C@H]2O[C@@H]1Oc1ccc(C(C)=O)cc1
",2.423340957152219,-0.22605025085986705
"CCN(CC)C(=O)Nc1ccc(Oc2ccc(F)cc2)nc1
",2.7707664091709026,0.20573971976436464
"O=S(=O)(NC[C@](O)(c1ccco1)C1CC1)c1cccc(C(F)(F)F)c1
",2.363987070083538,-0.29981690498640895
"CC(=O)c1ccc(Br)cc1O
",1.7547172214240003,-1.0570343412057457
"Cc1ccc([C@@H]2C[C@H]2C(=O)N(C)CCCS(C)(=O)=O)s1
",2.3316112614352935,-0.34005445633428605
"CCOc1cc(/C=C2/C(=O)N(c3cccc(C(=O)[O-])c3)N=C2C)cc(Cl)c1OC
",3.9248538587757196,1.640071554312456
"CC1(C)CN(C[C@@H](CS)c2ccccc2)CCO1
",1.3213281732640192,-1.595662249111003
"Cc1ccc(Cl)cc1NC(=O)[C@H]1OC2=C([C@H]3N=NC=C3CC2)[C@H]1C
",2.2897061002606405,-0.39213535083257994
"COC(=O)N1CC[C@H]([NH2+][C@@H](C)c2ccc(OC)cc2)C1
",2.184117929782336,-0.5233632524275431
"CC(C)[C@H](NC(=O)[C@@H]1CCOC1)c1nnc2n1CCN(C(=O)C#Cc1ccccc1)CC2
",3.3922682458459175,0.978159409345366
"COC1CC[NH+](CCNC(=O)N[C@H]2CCCC[C@@H]2OC2CCCC2)CC1
",1.6387423710181719,-1.201171096181283
"CCCn1nccc1C(=O)Nc1cnn(CCc2ccccc2)c1
",3.479513078980947,1.086589703434656
"CC(C)c1csc(NC(=O)CSc2nncn2C(C)C)n1
",2.7440562513469002,0.17254359612062445
"O=C(c1ccccc1NCCOc1ccc(F)cc1Cl)N1CCOCC1
",2.2264583735044976,-0.47074137672793004
"C=CCSc1ccccc1N[C@@H]1CC[C@@H]([NH3+])C1
",1.214694572098192,-1.7281894409083167
"CC(C)(C)C(=O)Cn1ncnc1-c1cccc(C#N)c1
",2.887945326828568,0.35137292285641
"CN1C(=O)C2=NN=N[C@H]2N(C)C1=O
",2.4002603001244065,-0.2547355304273845
"O=C([C@H]1CCC(=O)N1S(=O)(=O)c1ccccc1)N1CCCCC1
",2.745973381519929,0.17492625857752034
"CCOc1ccccc1-c1noc(CN2CCN(c3ncccn3)CC2)n1
",4.707278954066183,2.612491125037984
"Cc1ccc(S(=O)(=O)N(C)c2ccc(C(=O)N3C[C@@H](C)O[C@H](C)C3)cc2)cc1
",3.351677323569193,0.9277118873355655
"Cc1ccccc1CNC(=O)N[C@H]1C[C@@H]1C
",1.812495550100555,-0.9852258346700036
"CC(=O)Nc1ccc(NC(=O)c2sc3nc(-c4cccc([N+](=O)[O-])c4)cn3c2C)cc1
",4.680284207684439,2.578941306855535
"CC(=O)N(CCc1ccccc1)CC(=O)N1CCC[C@@H](Cn2cncn2)C1
",3.53535820729886,1.1559955750419018
"CC[C@H](CO)N1CCN(C(=O)c2nc([O-])c3ccccc3n2)CC1
",3.0680698139795823,0.5752366224320493
"C[C@]1(c2ccccc2OCc2ccccc2)Nc2ccccc2C(=O)N1C[C@H]1CCCO1
",2.66944226675532,0.07981127030005486
"Cc1cccc(C)c1NC(=O)CSc1nnc(-c2ccc(Br)cc2)n1N
",3.045055155976301,0.5466333682794743
"Brc1ccc2c(c1)=C(c1cccnc1)NN=C(c1cccs1)[NH+]=2
",2.0621773362901434,-0.6749143980789668
"O=C1NC2(CC[NH2+]CC2)C(=O)N1CCc1cccc(C(F)(F)F)c1
",2.178259786409059,-0.5306439152009885
"Cn1c(C(F)(F)F)nn(CCNC(=O)c2cc3ccccc3oc2=O)c1=O
",3.3480232398385334,0.9231704909077787
"O=C(CCc1nnc(-c2ccsc2)o1)N1CC=C(c2ccc(F)cc2)CC1
",4.076130849473262,1.828082786621082
"COCCOc1cccc(CN2CCOC3(CCCC3)C2)c1
",2.049637114030807,-0.6904997334927031
"COC(=O)c1ccc(-c2nc3c(n2O)C(=O)CC(C)(C)C3)cc1
",3.290467652675868,0.851638813692342
"COc1cc(Br)ccc1S(=O)(=O)NCc1cccnc1
",2.497616107646958,-0.1337390374358459
"CCC[NH2+][C@H]1[C@H]([NH+](C)C)CCCC1(C)C
",0.4926160194057234,-2.625608657732713
"CC(=O)Nc1cc(C(=O)Cl)nc2ccc(Cl)cc12
",2.247633860316543,-0.44442389545129884
"Fc1cccc(C[NH2+]Cc2ccc(OCc3ccccc3)cc2)c1
",2.4404636858583895,-0.2047696495622785
"Cc1noc(C)c1CN1CCN(Cc2cnc3cnccn23)CC1
",3.675872111388942,1.330630145326896
"CCc1ccc(Cl)c(CC)c1NC(=O)NC[C@@H](C)C#N
",1.8265873507526185,-0.9677121546726332
"CCc1cc(=O)[nH]c(SCC(=O)OC)n1
",1.378900506282051,-1.5241097596828894
"COc1ccc2c(c1)[C@@H]([NH3+])[C@H](Sc1ccc(Br)cc1)C2
",2.0885692798440507,-0.6421137599402125
"CC(C)C[C@@H]1COCCN1C(=O)NC1CC[NH+](CC(C)C)CC1
",1.5960716256661764,-1.2542034798912172
"CC[C@@H](COC)[NH2+]CCN1CCCS1(=O)=O
",1.5182955487599412,-1.3508657415864407
"N#C[C@]1(NC(=O)c2ccc(Cl)c(N3CCNC3=O)c2)CCSC1
",2.2350909716661174,-0.4600125447297028
"CCCNc1nc2c(-c3cccc(Cl)c3)nnn2c2ccccc12
",2.8309368278828457,0.2805211820237286
"C/C(=C/C(=O)Nc1ccc(CC[NH+](C)C)cc1)c1ccccc1Cl
",1.9681321215150718,-0.7917963947465395
"Cn1cnc(CNC(=O)N2CCN(Cc3cccc(Cl)c3)CC2)n1
",3.1562012285093086,0.6847687844246486
"C[C@@H](NC(=O)c1sc2ccccc2c1C[S@@](C)=O)c1ccc2ccccc2c1
",3.1129941877758527,0.6310698779667083
"CCOC(=O)c1ccccc1NC(=O)Cn1ccn2nc(-c3ccc(C)cc3)cc2c1=O
",4.248219220807006,2.0419589789703205
"CC(C)n1cnc2cc(C(=O)NCc3csc(=O)[nH]3)ccc21
",2.7181713426339833,0.14037311492006962
"CC(/C=N/NC(=O)c1nnn(-c2nonc2N)c1-c1ccc(C)cc1)=C\c1ccccc1
",4.45878813915935,2.303659860530504
"Cc1nc(-c2ccccc2Br)cc([C@H]2C[NH+]3CC[C@@H]2C[C@@H]3CNC(=O)c2ccco2)n1
",3.1636542215971075,0.6940315705784685
"CCCCc1nnc(NC(=O)N(C)CC2CCCC2)s1
",1.9999767812062652,-0.7522189700279279
"Cc1cc(C(=O)N2CCCC2)ccc1NC(=O)[C@@H]1CCO[C@H]1C
",2.2987605602095336,-0.3808822173254223
"CCN1C=Cc2ccccc2/C1=C\C1=C/C(=C/c2sc3ccc(C)cc3[n+]2CC)CC(C)(C)C1
",2.3970961321720634,-0.25866804596202325
"COc1cc(/C=N/NC(=O)c2cc(C(C)(C)C)n[nH]2)ccc1O
",3.3938110183562786,0.9800768097345951
"O=C1COc2cc(C(=O)NCCSc3ccc(Cl)cc3)ccc2N1
",2.82149449084012,0.2687859841255523
"NC(=[NH2+])c1ccc(COC2CCOCC2)cc1
",2.0305628912323153,-0.714205705677487
"CSCC[NH+](C)Cc1cccc(-c2ccncc2)c1
",1.772750533480517,-1.0346220417098464
"COc1ccc(-c2nc(C(=O)N[C@H](C)c3cc4ccccc4o3)cs2)cc1OC
",4.335876237578766,2.150901546295096
"C[C@H]1C[C@@H](C)C[NH+](Cc2ccc(CNC(=O)CNC(=O)c3ccoc3)cc2)C1
",3.3290101016554363,0.8995404363742022
"CCC[NH2+][C@@H](Cc1ccc(I)cc1)[C@]1(C)CCCO1
",1.4711999637911322,-1.409397438478698
"[NH3+][C@@H](CC1=C[C@H](S)c2ccccc2C1)C(=O)[O-]
",1.6755643145002612,-1.1554077653657748
"CC(C)[NH2+][C@]1(CO)CCC[C@@H]1CCSC(C)C
",0.8063985603804473,-2.235631028394875
"CCc1noc(CC)c1CNC(=O)N[C@H]1CCc2c(F)cccc21
",2.5554513159151786,-0.06185983936880734
"CN(Cc1cnn(-c2ccccc2)n1)C(=O)NCc1ccncc1
",4.030527074096224,1.7714051519918645
"C[C@H]([NH3+])c1cc(F)c(Cl)cc1Cl
",1.1368452112647096,-1.8249427818972692
"O=C(/C=C/c1ccc2c(c1)OCO2)Nc1c(F)c(F)c(F)c(F)c1F
",2.702334852238922,0.12069108620644889
"C[C@@H](O)C[C@@H](C)CNC(=O)Nc1cc(CS(C)(=O)=O)ccc1Cl
",2.3107431965689953,-0.3659898651054284
"CS(=O)(=O)Nc1cccc(C(=O)Nc2ccc(F)cc2)c1
",2.7829729055764214,0.22091029144740973
"CC(C)c1noc2ncc(C(=O)Nc3cc(C(N)=O)ccc3N3CCCC3)cc12
",3.4023332203678356,0.9906684383410855
"Cc1cc(NC(=O)C(=O)NC[C@@H](c2ccco2)[NH+](C)C)ccc1N(C)C
",2.9507205830928416,0.4293917493436002
"O=C1NCc2cc(OCc3ccc(C(F)(F)F)cc3)ccc21
",2.2968270160800683,-0.3832852795018156
"COc1ccc(CCNC(=O)N[C@@H]2CCCOc3ccccc32)cc1OC
",3.0178724202705816,0.5128499117604983
"Cc1cccc(CN(CC[NH+](C)C)c2cncc(C(N)=O)n2)c1
",2.4286012886388706,-0.2195125652501987
"Cc1ccc(C[C@@H]2S/C(=N/N=C/c3ccco3)NC2=O)cc1
",3.3749703690517814,0.9566611291548867
"Cc1ccc(C)c(S(=O)(=O)/N=C(\[O-])CCc2cccs2)c1
",2.8803682564684756,0.3419559300333681
"O=C([C@H]1CCC[NH+](CC2=CN=N[C@H]2c2cc3ccccc3o2)C1)N1CCOCC1
",2.739809345239753,0.16726542363039945
"COc1ccccc1-c1ncc(C[NH+]2CC[C@@](O)(C3CCOCC3)[C@H](C)C2)s1
",2.8377149275994684,0.28894519201068614
"Cc1cc(C(=O)N2CCN(CCNC(=O)Nc3ccc(F)cc3)CC2)no1
",3.6436026851141836,1.2905248089381
"C[C@H](C#N)CNC(=O)Nc1ccccc1N(C)C
",1.9625973851915863,-0.7986751182846243
"Cc1cc([N+](=O)[O-])ccc1OCC(=O)Nc1ccc(C)c([N+](=O)[O-])c1
",3.9102721510646723,1.6219490042585651
"O=C(CCS(=O)(=O)c1ccccn1)Nc1ccc(Cl)cc1F
",2.9846000946002174,0.4714981442364718
"CC(C)N(Cc1[nH+]ccn1C)C[C@@H]1CC=CCC1
",1.2542260081202077,-1.67905867774891
"CC(=O)N1CCc2c(NCCCc3ccccc3)nc(N(C)C)[nH+]c2C1
",2.534953678320745,-0.08733487087079012
"CC(C)[C@@H](NC(=O)NCc1ccccc1)C(=O)N1CCCCCCC1
",1.9446297967911421,-0.8210057346011251
"COc1ccc2c(c1)=[NH+][C@H](SCC(=O)Nc1ncc(C)s1)[NH+]=2
",2.21067554528761,-0.49035671260082037
"Cc1cc(C(=O)NC2CCCCC2)ccc1NCC(=O)N1C[C@H](C)O[C@@H](C)C1
",2.3996001837939365,-0.25555594127893866
"O=C(CSc1cccc[n+]1[O-])NNC(=O)c1ccc(F)cc1
",3.07361681756129,0.5821305920582853
"O=C1[C@H]2CCCCN2C(=O)CN1C1CCS(=O)(=O)CC1
",2.5265697764768804,-0.09775461619988049
"CN(Cc1cnn(C)c1)C(=O)c1cc(F)ccc1O
",2.574748640306859,-0.03787659034719591
"Cc1cc(NC(=O)[C@@H]2CCCN(c3nc4ccccc4s3)C2)ccc1N(C)C
",3.0927669257991948,0.6059308767681431
"C[NH+]1CCN(c2ccc(NC(=O)c3cc(=O)c4ccccc4o3)nc2)CC1
",3.5819497053268297,1.213900778727883
"Cc1ccc(-n2nc(C(=O)NC[C@@H]3CCCO3)c(=O)n(Cc3ccccc3F)c2=O)cc1
",2.970456240411903,0.45391977066308914
"Cc1cccc(C(=O)N[C@H](C)C(=O)NCCC[NH+]2CCC[C@H](C)C2)c1
",1.837740852404319,-0.9538502740229503
"CC(C)C[NH2+]Cc1ccc(CN2CCOCC2)nc1
",2.1949491211128853,-0.5099019479685025
"COc1cccc([C@@H]2CN(C(=O)NCC(C)(C)c3ccncc3)CCO2)c1
",2.564379394210241,-0.05076377648004537
"C[C@H](NC(=O)c1ccc(C(C)(C)C)cc1)C(=O)N[C@@H](C(=O)[O-])[C@H](C)O
",2.3902873436361056,-0.26713019686330414
"CN1CCO[C@H](C(=O)NC[C@H](O)c2cc(Cl)cc(Cl)c2)C1
",1.8366547834925189,-0.9552000705355469
"Nc1cc(C(=O)OCc2nc(-c3ccc(Cl)cc3)no2)ccc1Cl
",3.6055625065084156,1.243247421782706
"Cn1nc(C2CCC2)cc1NC(=O)N[C@H](C(N)=O)C(C)(C)C
",2.521599785136079,-0.10393145903790013
"CCc1ccccc1NC(=O)NCC1CC[NH+](CC(=O)NC(C)(C)C)CC1
",2.0578298501369447,-0.6803175742350935
"C[C@H](CCc1ccccc1)NC(=O)C1CN(C(=O)c2ccc([N+](=O)[O-])o2)C1
",3.7707143293852226,1.448502679663697
"CCN(CCN1C(=O)NC2(CC[NH2+]CC2)C1=O)c1ccccc1
",1.8655439117570523,-0.9192958621011236
"COC(=O)c1ccc(C(=O)O[C@H](C)C(=O)Nc2c(C)cc(C)cc2C)cc1
",3.2209256105023165,0.7652100383311974
"Cc1cn(CC(=O)Nc2cccc(-c3ccc(=O)[nH]n3)c2)c2ccccc12
",3.1087257873811356,0.6257649917807986
"C[C@H]1CC(C(=O)NNC(=S)Nc2ccc(F)cc2)C[C@H](C)O1
",2.2694023487542436,-0.4173694153364014
"CC(C)OC(=O)CC[NH+]1CCC[C@@H]1c1cccc(F)c1
",1.5565005370914575,-1.3033835243409482
"Cc1cccc(CC[NH2+]C[C@H]2COc3ccccc32)c1
",2.0896538544687893,-0.640765820568947
"Cc1cc(N2CCN(C(=O)c3cc(C)oc3C)CC2)cc(C)[nH+]1
",2.6720378976435533,0.08303719223084435
"CCOc1cccc([C@@H](C[NH3+])N2CCN(c3ccccc3)CC2)c1
",2.1202813200597443,-0.6027011583774678
"CCn1cc(CNC(=O)c2c(N)cnn2CC)cn1
",2.744050051982968,0.17253589137949302
"COc1ccnc(N2CC[C@]3(CCCN(C4CCOCC4)C3=O)C2)n1
",3.2503043506191975,0.8017227499311604
"CCC[C@H](C)NC(=O)c1ccc(C)cc1Cl
",1.309026088349029,-1.610951620840092
"O=C(NCCC[NH2+][C@@H]1CCSc2ccc(F)cc21)c1cccs1
",2.1892130115589588,-0.5170309437326187
"O=S(=O)([N-]c1ccccc1OCC(F)(F)F)c1cccc(-n2cnnn2)c1
",4.268511299319496,2.067178535954134
"Cc1ccc(Cl)cc1S(=O)(=O)N[C@@H]1CCCn2c(C)nnc21
",2.5746126210836517,-0.03804563880363971
"C[C@H](CNc1nccnc1C#N)Oc1ccc(F)cc1
",2.969837646146465,0.45315096458354087
"O=S(=O)([O-])c1cc(O)cc2ccc(Br)cc12
",2.489858876429083,-0.14337993916089115
"COc1ccccc1CN(CCO)C(=O)Nc1ccc(C#N)cc1
",2.862567124931143,0.3198321909148837
"O=C(Nc1cccnc1)c1cc(-c2ccccc2)nc2ccccc12
",3.236596652100941,0.7846864426999747
"O=C(NCCN1CCOCC1)c1nn2c(c1Cl)N[C@@H](c1ccc(F)cc1)C[C@H]2C(F)(F)F
",2.824277659402375,0.27224498306980255
"CC(=O)Nc1ccc(NC(=O)[C@H](Sc2ccc(C)cn2)C(C)C)cc1
",2.341626225869493,-0.32760758126016737
"OC1(Cc2ccccc2Cl)[C@H]2CCCC[C@H]21
",1.1233453388332397,-1.8417207971139027
"Cc1cc(CS(=O)(=O)[C@@H](C)CC(=O)[O-])c2ccccc2n1
",3.2757403412453567,0.8333353033047022
"Cc1nc(CCCSc2nnc(-c3ccccc3Cl)o2)cs1
",3.4151229603279543,1.0065638812615259
"O=S(=O)(Cc1cc(Cl)ccc1F)N(Cc1ccccn1)c1ccncc1
",3.4384241637001995,1.0355232619319725
"COCc1cccc(N[C@H]2CCN(c3ccccc3)C2=O)c1
",2.6593566799589623,0.0672766237989882
"CN1C(=O)c2sccc2N2[C@@H](CCCC(=O)NCCc3c[nH]c4ccccc34)NN[C@@H]12
",3.381806861062786,0.965157710701957
"COc1ccc(C(=O)N2CCN(c3ccc(F)cc3)CC2)cc1F
",2.9308143434174245,0.4046517235488723
"Cc1nc2nc(C)c3c(=O)n(-c4cccc(C(F)(F)F)c4)ccc3n2n1
",3.5050497002982617,1.118327323417237
"Cn1cc(/C=C/C(=O)OCC#Cc2ccccc2)c(=O)n(C)c1=O
",2.887423444984818,0.35072431365212514
"CC(C)[C@H](CO)NC(=O)C[C@H]1C=CCC1
",1.2141752545405682,-1.7288348631468091
"Cc1ccccc1NC(=O)C(=O)N1CCC[C@H](C(=O)Nc2ccccc2)C1
",2.9511668949062146,0.42994643802189325
"COc1ccc(OC)c(NC(=O)CC[NH3+])c1
",1.8119272149265657,-0.9859321773592213
"C/C(=N/NC(=O)COc1ccc([N+](=O)[O-])cc1)c1ccc([N+](=O)[O-])cc1
",3.8777189001423507,1.5814909227397804
"C#Cc1cccc(NC(=O)C[NH+](C)CC(=O)NCc2ccco2)c1
",3.045867079476782,0.5476424492848665
"CCOc1ccc(N2C[C@@H](c3nnc(NC(=O)Cc4ccccc4C)o3)CC2=O)cc1
",3.9777461801486527,1.7058075956967758
"Cc1nnc(NC(=O)c2cnc3sc4c(n3c2=O)CCC4)s1
",2.7933450222808136,0.2338010452510768
"O=C1N[C@@H](c2ccccc2)[C@@H](C(=O)c2cccnc2)[C@](O)(C(F)(F)F)N1
",2.387361488543246,-0.27076653057822325
"Cc1c(C)n(Cc2ccccn2)c2[nH+]c3c(c(N)c12)CCCCCC3
",2.5107520977330156,-0.1174132652725732
"NC(=O)[C@]1([NH3+])CCC[C@H]1CCSc1ccc(Br)cc1
",2.416195712874541,-0.23493055827210477
"CC[NH2+][C@H]([C@@H]1Cc2ccccc21)[C@H]1CCc2cccnc21
",1.6655350593786065,-1.1678724013019162
"Nc1cn[nH]c1NC(=O)Cc1cccc(Br)c1
",2.5010086574765644,-0.12952268258114086
"C#CCN(CC(=O)N(C)Cc1c(F)cccc1Cl)[C@H]1CCS(=O)(=O)C1
",2.483494801987253,-0.1512893870735917
"COc1cccc(C(=O)Nc2ccnn2CCc2ccccc2)n1
",3.155963622894594,0.6844734815883087
"O=C(CCCO)Nc1ccc(F)cc1F
",1.994339148829047,-0.7592255756303822
"C[C@@H](NC(=O)[C@@H]1CSCN1C(=O)CC(C)(C)C)c1nc(-c2ccccc2)cs1
",2.4374524069829056,-0.20851215031929454
"C[C@]1(c2ccccc2)NC(=O)N(CC(=O)Nc2ccc(-n3cccn3)nc2)C1=O
",4.080701236870139,1.8337629906141175
"CCOC(=O)CS[C@H]1CC(=O)N(c2cccc3ccccc23)C1=O
",3.345980664923236,0.920631922252116
"Cc1cc(C)n2c(SCC(=O)N[C@H](C)Cn3c(=O)oc4ccccc43)nnc2n1
",3.493478588531418,1.1039464253544593
"C[C@](CO)([NH2+]Cc1nnc(Cc2ccccc2)o1)C1CCCCC1
",2.3988389764741,-0.25650199081089275
"Cc1ccc(NC(=O)NC(=O)COC(=O)c2ccc(-n3cccc3)cc2)c(C)c1
",3.8099497953326,1.4972656030200866
"CC[C@@H]1NC(=O)[C@@H](C(C)C)N(CC2C(C)(C)C2(C)C)C1=O
",1.1422801069541717,-1.8181881430633464
"O=C(/C=C/c1cc(Cl)c2c(c1)OCCO2)c1ccc(F)cc1F
",2.4955931298369727,-0.1362532502664591
"C[C@H](N[C@@H]1CCC[NH2+]C1)c1cnccn1
",1.6110666481579512,-1.2355672507847644
"CCOCCN(C)S(=O)(=O)c1cc(Cl)ccc1C#N
",2.748724127753021,0.17834496215343926
"O=C(/C=C/c1ccccc1)N(Cc1cccnc1)C[C@@H]1CCCO1
",2.6118782680895407,0.008269139035666246
"O[C@H](CNc1ncnc2sc3c(c12)CCNC3)c1ccccc1
",2.9869414835631893,0.4744080872635797
"C[C@H](c1cccnc1)N(C(=O)NCc1ccc(Cn2cncn2)cc1)C1CC1
",3.388313285728201,0.9732440754136509
"Cn1cc(S(=O)(=O)[N-]c2ncc(Cc3ccc(F)cc3)s2)cn1
",4.12692430679636,1.8912103016549082
"Cc1c(CN2CCN(c3ccc(N)c[nH+]3)CC2)cnn1C
",2.667978579052158,0.07799215869876244
"CCC[C@@](O)(C=C(C)C)c1ccccc1
",1.0483142610406064,-1.9349714979124248
"O=C(CN[C@H](c1ccc(F)cc1)c1cccs1)NN1C(=O)NC2(CCCCC2)C1=O
",2.630668592462668,0.031622274397366854
"O=C(Oc1cccc(F)c1)[C@@H]1C[C@@H]1c1ccccc1F
",2.007374097904527,-0.7430253800324865
"C[C@H]1CN(c2ccc([N+](=O)[O-])c(C(=O)[O-])c2)C[C@H](C)O1
",3.338608478712384,0.9114695651221931
"C[C@H]1CCC[C@H](NC(=O)C(=O)Nc2cccc(C(=O)N3CCCC3)c2)[C@@H]1C
",2.1532402985589782,-0.5617388273930829
"COc1cc(C(=O)NCC(F)(F)F)ccc1OCc1ccc(Cl)cc1
",2.986608729340414,0.47399453110284845
"Cn1[nH+]c(-c2ccc(OC(F)(F)F)cc2)cc1N
",2.792595071373931,0.23286898550078836
"O=C(/C=C/c1cccc(F)c1)Nc1cccc2cccnc12
",2.7738344506728914,0.20955276668513667
"C[C@H](C[NH+]1[C@H]2CC[C@@H]1CC(CC(=O)[O-])C2)c1ccccc1
",1.5271386201421282,-1.3398753276425102
"C[C@H](C(=O)Nc1cccc2ccccc12)[NH+](C)CC(=O)N1CCN(Cc2ccccc2)CC1
",3.5576639959656133,1.183717826757213
"CC[C@H](C)[C@@H](C)[NH2+]C[C@@H]1COc2ccccc21
",1.5394169183473236,-1.3246155186949153
"CCC1(CNC(=O)Nc2ccc(C(=O)NC(C)C)c(C)c2)CC1
",2.4607140781782633,-0.17960190133277557
"CC[S@](=O)[C@@H]1CCCC[C@@H]1NC(=O)c1ccc2c(c1)COCO2
",2.189691409073417,-0.5164363780566888
"CO[C@H](C)C(=O)[n+]1ccc(C)cc1NC1CCCCC1
",1.5867236223400307,-1.2658214372346954
"CC(C)(C)n1nc2c(c1NC(=O)C13CC4CC(CC(C4)C1)C3)C[S@@](=O)C2
",1.966136975246987,-0.794276017766332
"O=C1N=C(N2CCN(Cc3ccccc3)CC2)S/C1=C\c1c[nH]c2ccccc12
",2.958978002415275,0.43965429869324846
"Cc1ccc(NC(=O)CSc2nnc3c(Cl)cc(C(F)(F)F)cn23)c(Cl)c1
",2.3743309529010905,-0.28696124103899223
"N#C[C@H]1COCCN1Cc1ccc(F)cc1F
",1.821961177251489,-0.9734616911805338
"CO[C@@]1(C)C[C@H](NC(=O)C(=O)Nc2nnc(C(C)(C)C)s2)C1(C)C
",3.0015135968706415,0.4925187131270508
"C[C@@H]1CC[C@@H](C(C)(C)CCSc2ccccc2)[C@H]([NH3+])C1
",1.4994194347069152,-1.374325498737501
"COCc1cccc(NC(=O)c2cc(C)nc3c2c(=O)[nH]n3C)c1
",2.794630193915221,0.23539829213970717
"Cc1cnc(CNC(=O)N(C)[C@@H]2CCCc3nc(C)sc32)s1
",2.6426435877088776,0.04650513003025867
"CC(=O)NCCc1ccc(S(=O)(=O)/N=C(\[O-])CC(C)C)s1
",2.537246461734714,-0.08448533616568119
"C[NH2+][C@@H](Cc1c(C)cc(C)cc1C)c1c(F)cccc1F
",1.4205308646210197,-1.4723703977570024
"C[C@@H]1CN(c2ncccc2[N+](=O)[O-])CC[C@@H]1c1ccccc1
",3.0787815224921693,0.5885494303369132
"Cc1ccc(NC(=O)C[NH+]2CCC(C(=O)NCc3ccccc3)CC2)c(F)c1
",2.8612946129323267,0.31825067777186167
"O=C1C[C@@H]([NH2+][C@@H]2CCCc3nc(-c4ccccc4)sc32)CN1C1CC1
",2.3006478822319805,-0.3785366012633412
"CCOc1ccc(S(=O)(=O)N[C@@H](C)Cc2cccs2)cc1F
",2.197730006774417,-0.5064457862764756
"c1ccc(Nc2nc(Nc3ccccc3)n3cnnc3n2)cc1
",3.0973013140125967,0.6115663399792793
"[NH3+][C@@H](Cc1ccc(F)cc1)C[C@H]1CSc2ccccc21
",2.1740592753784,-0.5358644266056554
"O=C(CN1CCc2[nH]ncc2C1)NCc1ccc(OC(F)(F)F)cc1
",2.96300335709857,0.44465712094001475
"CC(=O)Nc1c(-c2cc(C)cc(C)c2)nc2cc(C)ccn12
",2.179222932160882,-0.5294468909948743
"C[C@H](CC(=O)NCC(C)(C)N1CCOCC1)Cc1ccc(Cl)cc1
",1.7310088446798015,-1.0864997682158983
"CC(C)CCCNC(=O)C(=O)Nc1ccc(F)c(Cl)c1
",2.855045881054845,0.3104845807915191
"Cc1nc(SCC(=O)N(C)CC(=O)NC2CC2)c2cc(-c3ccccc3)sc2n1
",3.2793849125490713,0.8378648774249201
"Cc1ccc(C(=O)N2CCC([NH+]3CCC[C@@H](C(=O)NC4CC4)C3)CC2)s1
",1.9096373303959386,-0.864495340641968
"COc1ccc(CCC(=O)Nc2cc(Cl)ccc2N(C)C)cc1OC
",2.3066217185225857,-0.3711121521291549
"O=C1[C@H](NCc2cnc(C3CCC3)s2)CCCN1c1ccccc1F
",2.5404692213553512,-0.08048000128351192
"CCN(CC)C(=O)CCC(=O)Nc1ccc2c(c1)OC1(CCCCC1)O2
",2.9924968960971774,0.4813125077685207
"Cc1nn(CCC(=O)N2C[C@H]3CC[C@@H]2CN(S(C)(=O)=O)C3)c(C)c1C
",3.2440908413125746,0.7940004285370565
"C(=C/c1ccccc1)\CN1CCC2=NN=C(c3ccc4c(c3)OCO4)[C@@H]2C1
",3.3701656022054505,0.9506896318930167
"C[C@H](CNC(=O)[C@@H]1CN(C)CCO1)C[C@@H](C)O
",1.4907910653986538,-1.3850490749996942
"C[C@@H](NC(=O)c1scnc1C1CC1)c1ccc2c(c1)CCC(=O)N2
",2.503347971724129,-0.12661531806778217
"Cc1ccc([C@H](C)NC(=O)Nc2ccc(Oc3cccnc3)nc2)cc1F
",3.6393150340690448,1.2851959975108709
"CC[NH2+][C@H](c1cc(OC)c(OC)cc1Br)[C@@]1(C)CCCO1
",1.3739700188727741,-1.5302375059411006
"CCO[C@H]1C[C@@H]([NH2+][C@@H]2CCCC2(C)C)C12CCCCC2
",0.7071529432126591,-2.3589762291349707
"COc1ccc(S(N)(=O)=O)cc1C(=O)O[C@H](C)C(N)=O
",2.6736313681255695,0.08501760146287538
"CC(=O)Nc1cccc(NC(=O)COc2ccc(I)cc2)c1
",2.5814780277800136,-0.02951312128507272
"C[C@H]1Oc2ccc(NC(=O)CC(C)(C)C)cc2CN(C2CCCCC2)C1=O
",1.9145925992255937,-0.85833679534841
"O=C(OCCc1ccccc1)[C@@H](O)c1ccccc1
",2.6209625178047373,0.019559296089148293
"CCc1nc2cc(CCCn3cc[nH+]c3)ccc2o1
",3.448862979616923,1.0484969113633655
"COc1ccc(NC(=O)Cn2c(=O)n(Cc3ccccc3F)c(=O)c3sccc32)cc1OC
",3.4932287118104255,1.1036358716474983
"CCC[C@H](C)NC(=O)[C@H]1CCC[NH+](Cc2ccc(N3CCOCC3)c(F)c2)C1
",2.4899321070042695,-0.14328892617458044
"CCOC(=O)COc1cccc(NC(C)C)c1
",1.8446129832450233,-0.9453093995516292
"COc1ccccc1CNC(=O)C(=O)Nc1ccc(-c2csc(C)n2)cc1
",3.9645331435671687,1.6893860680158703
"Cc1nn(-c2ccccc2)c(CN2CC[NH+](C)CC2(C)C)c1C#N
",2.285015203999022,-0.39796532657913686
"Cc1cc(Cl)ccc1OCC(=O)Nc1c(C(C)C)cccc1C(C)C
",2.1458525085936877,-0.5709205773010293
"COc1ccc(-c2nc3c(C)cccc3cc2CN(C)Cc2cc[nH]n2)cc1OC
",3.4319336384454804,1.0274566574480837
"CCc1ccc2nc(C)cc(C(=O)N[C@H]3CCC(=O)N(C)C3)c2c1
",2.4133046083601095,-0.23852370300604542
"Cc1nc(-c2cccc(C(=O)Nc3nccn(C)c3=O)c2)no1
",3.6034871282343626,1.2406680842045847
"Cc1ocnc1CNC(=O)N[C@H](C[C@@H]1CCOC1)c1ccccc1
",2.427856523453866,-0.22043818004176516
"Cc1cc(Cl)cc2c1OCCC[C@@H]2NCCc1cccc(C(N)=O)c1
",2.303467107635325,-0.37503278987871136
"Cc1nn(C)c(C)c1C(=O)C1=C([O-])C(=O)N(CCCN2CCOCC2)[C@H]1c1cccnc1
",4.27366418356141,2.073582683153248
"Cc1ccc([C@@H]2C[C@@H]2C(=O)NC2CC[NH+](CCOC(C)C)CC2)s1
",1.4857224394199733,-1.3913485036964781
"COc1ccc2c(c1)C[C@H](C(=O)N1CCN(c3[nH+]cccc3C)CC1)CO2
",3.174683158083383,0.7077386381918378
"CCC(C)(C)[NH+](C)Cc1ccc(OC)cc1OC
",1.3942431586474933,-1.5050414865449275
"CN(C)c1ccc(NC(=O)C2=NN([C@@H]3CCS(=O)(=O)C3)C(=O)CC2)cn1
",3.075113473893496,0.5839906779845259
"Cn1cccc(NC(=O)[C@@H]2C[C@H]3CC[C@@H]2C3)c1=O
",1.48051561136716,-1.3978196937572707
"C[C@H]1CC[C@@H](C)N(C(=O)c2n[nH]c3ccc([N+](=O)[O-])cc23)C1
",3.038154473342836,0.5380570088496227
"Cc1ncn(C[C@@H](C)[NH2+]CCN2c3ccccc3C[C@@H]2C)c1C
",2.0003024317711056,-0.7518142424899507
"COc1ccc(NC(=O)NCC[NH+]2CCCCC2)cc1N1CCCCC1=O
",2.211307405614706,-0.4895714190925579
"COc1ccc(/C=N/c2ccc(Cc3ccncc3)cc2)cc1
",3.395479019527143,0.9821498477701905
"Cc1ccc(N2C[C@H](C(=O)N3CCC[C@@H](C(=O)[O-])C3)CC2=O)cc1C
",3.3756741637200305,0.9575358246539154
"Cc1nc(N2CCC[C@@H]2C(=O)NCCC2=CC[C@@H]3C[C@H]2C3(C)C)nc2cc(S(C)(=O)=O)ccc12
",3.0032565490141456,0.49468490230654316
"C[NH+]1CCN(CCCNc2ccc3nnnn3n2)[C@H](c2ccccc2)C1
",2.6738541016277924,0.08529442082605976
"[O-]/C(=N\c1nc(C2CCCCC2)n[nH]1)N1CCCC[C@@H]1c1ccccc1
",3.0421327188956386,0.5430012825647453
"C[C@H]1CC[C@@H](C(=O)O[C@H](C(F)(F)F)C(C)(C)c2ccccc2)O1
",1.9092068035693965,-0.8650304113016029
"C[C@H]1CCC[C@@H](NC(=O)c2ccc3c([O-])n(C)c(=S)nc3c2)[C@@H]1C
",1.8793986672406606,-0.9020767884019651
"CC(C)n1cc(Br)cc1C(=O)N1CCN2C(=O)NC[C@@H]2C1
",2.0611540777395874,-0.6761861321356353
"CC[C@@](C)([C@@H](N)Cc1cc(C)cc(C)c1)[NH+]1CCCC1
",1.3176275392973378,-1.6002614994609126
"Cc1c[nH]c(C[NH+]2CCCC[C@@H]2CCc2cccc(O)c2)c(C)c1=O
",1.5724068199714734,-1.2836147555947441
"CCC[NH+]1CC[C@H](CNC(=O)C(=O)Nc2cccc(-c3ncc(C)o3)c2)C1
",2.976433564059407,0.4613485539809806
"CCOc1ccc(-c2ccc(N3CCC[C@H](C(=O)[O-])C3)nn2)cc1
",4.262411724370781,2.059597815334437
"C[C@H]1OCC[C@H]1C(=O)NC(C)(C)Cc1ccc(Br)cc1
",2.5439680989785574,-0.07613149930311958
"COc1cccc(-c2nnc(NC(=O)c3ccc([N+](=O)[O-])cc3)o2)c1
",4.988493807220493,2.9619927302803863
"Cc1occc1C(=O)NCC(=O)N(C)C[C@H]1CCCO1
",2.4436611980847402,-0.20079569284073012
"COCCN1C(=O)N[C@@](C)(c2ccc([N+](=O)[O-])cc2)C1=O
",2.6184321874144856,0.01641453142516609
"[NH2+]=C1NC[C@H](c2cccc(Cl)c2Cl)N1c1ccccc1Cl
",1.7948865123433575,-1.0071108343202089
"O=C(NCCC1=c2ccccc2=[NH+]C1)Nc1nc2ccccc2s1
",2.672377017553453,0.083458659843775
"O[C@H](Cc1ccc(OC(F)(F)F)cc1)c1ccc(F)cn1
",2.110455895436428,-0.6149124681270028
"CC(C)N(C[C@@H]1CCCCO1)C(=O)[C@H](C)Cc1cccs1
",1.902896306009882,-0.8728732723816268
"COc1ccccc1N1C(=O)/C(=C/C=C\c2ccco2)C([O-])=NC1=S
",3.2988557484383914,0.8620637713396544
"C[C@@H](NC(=O)C(=O)Nc1ccc2c(c1)COC2)c1cccc(-n2cccn2)c1
",3.5055101151038963,1.1188995396847696
"COc1ccc(/C=C2\NC(=S)N(Cc3ccccc3Cl)C2=O)cc1O
",2.5626454039272275,-0.05291882761120104
"CC(C)[C@@H](C)NC(=O)Cn1ccc([C@@H]([NH3+])C2CC2)c1
",2.156906708764491,-0.5571821112810764
"CCC1(CC)[C@@H](OC)C[C@H]1[NH2+][C@@H]1CCN(Cc2ccccn2)C[C@@H]1C
",1.8068660377430432,-0.992222348487155
"C[C@H]1CCC[C@@H]1NC(=O)NCCNC(=O)c1ccc(F)cc1F
",2.7274989174931474,0.1519656831991985
"C[C@@H]1C[C@@H](NC(=O)c2ccc(F)nc2)CC[NH+]1Cc1ccccc1
",2.7036110453892315,0.12227717438646309
"[NH3+]CCOCC(=O)NCCn1cc[nH+]c1
",2.1372309037920965,-0.5816357464470497
"Cc1cc(C)nc(CNC(=O)c2ccc(OC3CCN(C(=O)C4CC4)CC3)cc2)n1
",3.571158637771848,1.2004893412079884
"Cc1cc(C)n(-c2ccc(N3CCC(C(=O)N(C)C)CC3)nn2)n1
",3.8925580447535753,1.5999334225006352
"COc1ccccc1[C@H](C)[NH2+]CC(=O)Nc1ccc(C(F)(F)F)cc1
",2.4557248560915497,-0.18580264467423918
"CCC1(CC)CCN(C(=O)[C@@H]2CCC[C@H](C[NH3+])C2)C1
",0.9851623900987018,-2.0134583915479665
"C[C@@H](CNC(=O)N(C)C[C@@H](C)O)N1CCN(c2ccccc2)CC1
",2.91676102993047,0.38718587646585845
"C[C@@H]1CCC[NH+](CCNC(=O)N2CCC[C@H](c3[nH]cc[nH+]3)C2)C1
",2.140859131523343,-0.5771264845711848
"COC(C)(C)c1noc(-c2cc(Br)ccc2C)n1
",2.686032660734236,0.10043027126033957
"CCCOc1cccc(C(=O)Oc2ccccc2)c1
",3.010749129794975,0.50399688914129
"CNC(=O)[C@@H](CC(C)C)NS(=O)(=O)c1c(C)cccc1[N+](=O)[O-]
",2.393443355605582,-0.26320781780997965
"C[NH2+][C@H]1CCC[C@@H]1CCn1c(C)nc(C)cc1=O
",1.236286367158,-1.701354560215415
"CCN(CC)C(=O)Nc1cc(Cl)ccc1Cl
",1.4345387689119147,-1.4549609864800552
"CN(C[C@H](O)c1ccc(F)c(F)c1)[C@@H](CCO)c1ccccc1
",1.9326476334030862,-0.8358974989991611
"CC(C)C[C@@H](C[NH2+]C1CC1)C[C@@H]1COc2ccccc21
",1.1251199524683981,-1.8395152581559993
"Cc1nc(CN(C)c2nc(Br)cn3ccnc23)cs1
",2.8707137749020015,0.32995707304762306
"CCC[NH2+]CCNS(=O)(=O)c1cccc2cnccc12
",2.5486535672600614,-0.07030826960052827
"COc1ccc(C(=O)Nc2ccccc2C(=O)N/N=C/c2ccccn2)cc1OC
",3.3665990530938594,0.9462570259133001
"COc1cccc([C@H](CO)NC(=O)CCc2ccccc2Cl)c1
",2.3273351510680746,-0.34536892468748
"CC(=O)Nc1ccc(NC(=O)c2cc(-c3ccccn3)[nH]n2)cc1
",4.749062152826989,2.6644204412716848
"NC(=O)C[NH+](Cc1ccccc1)[C@H]1CCC[C@H](C2CC2)C1
",1.4308543545569319,-1.459540078647488
"CCOc1cccc2sc(NC(=O)[C@H]3CCCN(S(=O)(=O)c4ccc(C)cc4)C3)nc12
",4.0011896674624445,1.7349438107890636
"COc1ccc(CNC(=O)Cc2c(C)c3c(cc(C)c4c(C)c(C)oc43)oc2=O)cc1OC
",3.7005142247575153,1.3612560460653458
"Cc1ccc(N2C(=O)/C(=C3\C(=O)N(CC(=O)[O-])c4ccccc43)SC2=S)c(C)c1
",3.4269928231310076,1.0213160753833557
"O=C(Nc1ccc(-c2cc[nH]n2)cc1)c1cc2ccccc2[nH]1
",4.694650679480014,2.596796355754634
"C[C@H](O)Cc1cn(C2CC[NH+](Cc3ccc(N4CCCC4)cc3)CC2)nn1
",3.2978586603180453,0.8608245626182081
"O=C(NCCc1ccccc1F)c1ccc2c(c1)C[C@@H](c1ccccc1)OC2=O
",3.1807057497479527,0.715223681854633
"C[C@H](Sc1nc(C(F)(F)F)nc2ccccc12)C(=O)N[C@H]1CCS(=O)(=O)C1
",2.698773377392854,0.11626478666441069
"CC1(C)[C@H]2CC[C@]1(C)/C(=N\N=C1\NC(=O)[C@H](CC(=O)Nc3cccc(C(F)(F)F)c3)S1)C2
",2.5229582150866463,-0.10224316468570914
"CC(C)(C)c1ccccc1OCCNC(=O)[C@@H]1CCCN1C(N)=O
",2.2202533480477955,-0.4784531541584676
"COc1cccc(NC(=O)[C@H](C)[NH+](C)CC(=O)N2CCOCC2)c1
",2.1710822963225507,-0.5395642985972011
"O=S(=O)(NCC[C@H]1CCC[NH+](Cc2ccccn2)C1)C1CC1
",1.9545989257395195,-0.8086158251377921
"CC[C@@H](C[C@H](C)CO)Nc1ccc([N+](=O)[O-])c2cccnc12
",2.592683737064282,-0.015586355544208693
"CN(CC(=O)N[C@@H](C#N)C(C)(C)C)C(=O)c1ccccc1
",2.043392457905979,-0.6982607650148066
"CCc1nnc2n1N[C@@H](c1ccc(Cl)cc1)[C@H](C(=O)Nc1cc(C)cc(C)c1)S2
",2.8975823746912592,0.36335011275242257
"CCCCS(=O)(=O)NCc1nc(C(F)(F)F)cs1
",1.8380452970989225,-0.9534719017276112
"O=C(NC[C@@H](c1ccsc1)N1CCOCC1)c1ccccc1Cl
",2.154819313051063,-0.5597763844655684
"C[C@@H]([C@@H](C)[NH2+][C@@H]1CCc2[nH]c3ccccc3c2C1)N1CCOCC1
",2.136364754644472,-0.5827122205880082
"CCCCn1c(N)c(N(Cc2ccco2)C(=O)c2ccc(C)c(F)c2)c(=O)[nH]c1=O
",2.857712030049026,0.3137981445767519
"Cc1csc(Nc2cccc([N-]S(=O)(=O)c3ccccc3Br)c2)n1
",3.3319205551927573,0.9031576286094891
"Cc1cc(C)c(C)c(S(=O)(=O)N2CCC(C(=O)NN3CC(=O)NC3=O)CC2)c1C
",2.7934692159366565,0.23395539656499625
"Cc1nc(C)n(-c2ccccc2NC(=O)N(C)CC(C)(C)C)n1
",2.5062854512481283,-0.12296453718800725
"CSCCn1/c(=N/C(C)=O)sc2cc(C)ccc21
",1.6259579703858538,-1.2170599032373077
"NC(=O)c1ccc(NC(=O)Cn2c(-c3cscn3)nc3ccccc32)cc1Cl
",3.69886156551971,1.3592020754089142
"c1ccc(-c2n[nH]c(SCCOC[C@H]3CCCO3)n2)nc1
",2.862670475631897,0.3199606380271584
"c1cc(N2CCCCCC2)ncc1C[NH2+]Cc1ccc2c(c1)CCO2
",2.276098908149076,-0.4090467459188981
"COc1ccc(CCNC(=O)Nc2cccc(-n3nc(C)cc3C)c2)cc1OC
",3.3544390636758212,0.931144254401893
"O=C(Cn1sc2cc([N+](=O)[O-])ccc2c1=O)Nc1cccc(C(F)(F)F)c1
",3.0193538312371824,0.5146910503242803
"Cn1c(CC(=O)NNC(=O)c2cc(Cl)c[nH]2)nc2ccccc21
",3.481922535308639,1.089584242467158
"Cc1ccc(C)c(NC(=O)NCc2cccn2Cc2ccccc2)c1
",2.868398299352041,0.32707933592764704
"Cc1cccc([C@@H]2CCCN2Cn2c(CCC3CCCC3)n[nH]c2=S)c1
",1.577285681369489,-1.2775511715726513
"CC[C@@H](C)NC(=O)[C@@H]1CC(c2cccc(Br)c2)=NO1
",2.468619678225968,-0.16977660271826345
"C[C@@H]([NH3+])[C@H]([NH+](C)CC(C)(C)O)C(C)(C)C
",0.8222375917937005,-2.2159458416334945
"C[C@H]1CCCCN1C(=O)c1ccncc1C#CC[NH3+]
",1.496598035583697,-1.3778320116813718
"O=C([C@H]1CCCC[C@@H]1C(=O)N1CCCCC1)N1CCCCC1
",1.6053037979667153,-1.2427294805532725
"Cc1ccc(Oc2ncnc(NC34CC5CC(CC(C5)C3)C4)c2N)cc1
",2.876883193079979,0.337624596766335
"CCOC(=O)N[C@@H]1CCCN(C(=O)c2oc3c(c2C)C(=O)CCC3)C1
",2.852637925522803,0.3074919069894021
"Cc1nc(-c2cc(C(=O)NCc3ccc(N4CCOCC4)[nH+]c3)n(C)c2)cs1
",3.5949648375453043,1.2300763453872405
"CC(C)c1ccc2c(c1)[C@]1(NC(=O)[C@H]3COCCN31)C(=O)N2
",1.8762452611931895,-0.9059959287432738
"COCCOC(=O)C1=C(C)Nc2nc3ccccc3n2[C@@H]1c1ccncc1
",3.31526576649157,0.8824585961055269
"CC[NH+]1CCc2c(cccc2-n2nnc(C(=O)NC3CC3)c2C)C1
",2.5189472315472097,-0.10722812607700778
"Cc1ccnc2c1nc([C@@H](C)Cl)n2CCC[NH+]1CCCC1
",2.000476035941688,-0.7515984824203282
"CC1(C)[C@H]2CC[C@]1(C)[C@H]([NH3+])C2
",0.4687770445821732,-2.6552363956516345
"CNc1cc([C@H]2CCCN(C(=O)CC(C)(C)C)C2)nc(-c2cccnc2)n1
",2.6831847323216116,0.09689078698110212
"CC(C)c1csc([C@H](C#N)C(=O)c2ccc3ccccc3n2)n1
",3.657980404821841,1.308393837053746
"C[C@@H]1[NH2+]CC[C@H]1C(=O)NC[C@@H]1CCCC[C@@H]1CO
",1.2876507189326345,-1.637517521751378
"Cc1ccc(NC(=O)COc2ccc(Br)cn2)cc1
",2.294149462003057,-0.386613017839752
"O=C1C(NS(=O)(=O)c2ccccc2)=C[C@H](NS(=O)(=O)c2cccs2)c2ccccc21
",3.275875266630458,0.8335029923088634
"CC[C@@H](C)NC(=O)/C=C/c1ccc(OCc2ccccc2)cc1
",3.0997979697549596,0.6146692528585457
"CCOc1ccc(C(=S)NC[C@@H]2CCCO2)cc1
",1.759747482260623,-1.0507825937696922
"CCc1ccccc1NC(=O)CN(C)C(=O)[C@@H](C)N1CCN(c2cccc(Cl)c2)CC1
",2.4000116007814203,-0.25504462085636237
"CCOC(=O)[C@@H]1CCCN(C(=O)CNC(=O)c2cccs2)C1
",2.5338519478643993,-0.0887041319845551
"O=C(C[NH+]1CCNCC1)N[C@@H]1CCS(=O)(=O)C1
",1.954463823619804,-0.8087837337926251
"Cc1nc(S[C@H](C)C(=O)N[C@H]2CCS(=O)(=O)C2)n(C2CCCCC2)c1C
",2.387932497792801,-0.270056864473858
"CCn1nc(-c2ccccc2Cl)nc2c(=O)n(C)c(=O)nc1-2
",3.030611279105773,0.5286821182101794
"COC(=O)CCN(C)S(=O)(=O)c1ccc(F)cc1F
",2.5846259732053998,-0.025600767556074478
"CO/N=C/c1ccc(/C([O-])=N/S(=O)(=O)c2cc(C)ccc2C)cc1
",3.728312574056405,1.3958046042018526
"CC[NH+]1CC[C@H](N(C)C(=O)CCc2ccc(C#N)cc2)[C@H](C)C1
",2.567742122530866,-0.04658448462234416
"C[C@@H](c1ccc(F)cc1)N(C)C(=O)NC[C@@H]1CCCN(c2ncccn2)C1
",2.8084696382391563,0.2525983367057178
"C[C@H]1CN(C(=O)C2CC[NH+](Cc3cccc(-c4ccccc4)c3)CC2)C[C@H](C)O1
",2.4786194196680444,-0.1573486472002209
"CCNc1ccc(C)cc1C(=O)N(CC)C[C@H](C)CC
",1.354332183714224,-1.5546439511711925
"CC(C)Cn1nc(C(=O)OC[C@@H]2CCC(=O)N2)c2ccccc2c1=O
",2.3072090842366384,-0.370382157757865
"CN1CCO[C@H]2CN(C(=O)C[C@H](O)c3ccccc3)C[C@@H]21
",2.2021683906378766,-0.5009296399294336
"O=C(NC[C@@H]1COCCO1)c1nnn(-c2ccccc2F)c1-c1ccccn1
",3.5897299814140515,1.2235703212545754
"CC1(C)C(CN2CCC(=O)NC3(CCCC3)C2=O)C1(C)C
",1.1883260310152823,-1.7609609938081923
"CC[C@H](C)CS(=O)(=O)c1cccc(Br)c1
",1.8023674014481381,-0.9978133782241523
"[NH3+][C@@H](CCCCC(=O)[O-])c1ccc2[nH]c(=O)[nH]c2c1
",2.5323612639951074,-0.09055679516853199
"COc1ccc2c(c1)[C@](C)([NH3+])CCC2
",1.2976334824659137,-1.6251106668484405
"COc1ccc(C(=O)Nc2ccccc2C(=O)Nc2ccccn2)cc1
",3.007885526984083,0.500437924285923
"C[C@@H](NC[C@@H](C)[NH+]1CCCCC1)c1cc(F)cc(F)c1
",1.0063190876579962,-1.9871642620748549
"CCn1nc(C(=O)Nc2sc(-c3ccccc3)cc2C(N)=O)cc1C
",3.2984215923005578,0.8615241900714651
"COCCn1ccc2ccc(NC(=O)C(=O)N3CCCCCCC3)cc21
",2.6583366373855513,0.06600888664775344
"C[C@@H](CCc1ccccc1)NC(=O)Nc1cc(-n2cnnn2)ccc1F
",3.3663666449154284,0.9459681825946701
"CC(C)NC(=O)C[NH+](CCO)Cc1cc(Br)ccc1F
",1.6997426124747466,-1.1253583072403364
"CC(=O)Nc1cccc(Oc2cnccn2)c1
",2.653343441879803,0.05980320503110506
"CCCCN1C(=O)c2ccccc2[C@@H]1NC(C)=O
",1.6410521099295827,-1.1983004887145217
"CN1C(=O)[C@](O)([C@H]2SC(N)=NC2=O)c2cc(Br)ccc21
",1.9693357530843318,-0.7903004881084005
"C=CCCC[C@@]1(C(=O)[O-])CC[C@H](C)C1
",1.1897027123310135,-1.7592500161540665
"COC[C@H]1CCC[NH+](Cc2ccc(Cl)cc2)C1
",1.7894063155305227,-1.0139217746444709
"COc1cc(C(=O)Nc2ccnn2Cc2ccc(Br)cc2)ccc1OC(F)F
",2.986648141160774,0.47404351320435106
"N#C[C@@H]1CNCCN1CCOc1ccc(F)cc1
",2.0564689437285106,-0.6820089463976848
"Cc1cccc(OC[C@H](C)NC(=O)C=C2CN(C(=O)OC(C)(C)C)C2)c1
",2.5114429008089516,-0.11655471608415761
"Cc1cc(-c2cc(C(=O)N3CCCN(C(=O)OCC(C)C)CC3)c3cnn(C(C)C)c3n2)c(C)s1
",4.350625948606619,2.169232895522469
"CC1CC(NC(=O)[C@@H]2[C@@H](NC(=O)OC(C)(C)C)[C@H]3CC[C@@H]2C3)C1
",1.22982406056299,-1.7093860937677525
"C[C@@H](NC(=O)NC[C@H](c1ccco1)[NH+]1CCCCC1)c1ccccn1
",2.3115857260977752,-0.36494274608070487
"C[C@H](Sc1nnc(-c2cccnc2)n1C1CC1)C(=O)Nc1ccc2c(c1)OCO2
",3.8096876622447198,1.4969398167610266
"C[C@H]1CC[C@H](C)[S+]1c1cc(O)ccc1O
",1.299658968135478,-1.6225933371805095
"Cc1ccc(S(=O)(=O)[N-]c2ccccc2/C=N/c2ccc(F)cc2)cc1
",3.323196012522454,0.8923145254302852
"Cc1cc(C)cc(OCCC#N)c1
",1.7692912406885717,-1.038921346565998
"COCC(=O)N1CC[C@@H](c2nc(C)cc(Nc3nc(C)cc(C)n3)n2)C1
",3.317423451881657,0.8851402272462184
"Cc1ccc(S(=O)(=O)CCC(=O)N(C)Cc2cccc(C#N)c2)cc1
",3.0017185456284365,0.49277342911747013
"CNC(=O)c1cn[nH]c1[C@]1(C)CCCN(C(=O)Cn2cccn2)C1
",2.9061270481615096,0.3739696695099241
"COc1cccc(C[C@@H](N[C@@H](C)c2cnc(C)s2)C2CC2)c1
",2.2934993193753526,-0.3874210330973763
"CC[C@@H](CS)CN1CC[NH+]2CCCC[C@@H]2C1
",0.7982453733866933,-2.245764034920654
"CCCNC(=O)CNC(=O)NC[C@@H]1CCCO1
",1.6360802220676525,-1.2044796886015074
"CCCCN(C)C(=O)C1CCN(C(=O)[C@@H]2CCCN(S(=O)(=O)c3ccc(C)s3)C2)CC1
",4.17501598439799,1.9509799700491548
"Cc1ccc(C)c([C@H]2OCCC[C@@H]2C[NH2+]CC(C)C)c1
",1.1362481419834052,-1.8256848361305935
"CC(C)c1ccc(S(=O)(=O)CC(=O)N(C)Cc2cccs2)cc1
",2.9425042107026544,0.41918021425777735
"CCCN(CCC)C(=O)c1ccc2c(c1)[C@H]1C=CC[C@H]1[C@H](c1ccc(OC)cc1)N2
",2.4968688731914237,-0.13466772110519074
"C[C@H](CC(=O)[O-])CC(=O)NC(=O)N(C)C[C@@H]1CCC[NH+]1C
",1.6543463807067935,-1.1817780009261092
"Cc1cccc(-n2ccnc(SCc3cccc(C(F)(F)F)c3)c2=O)c1
",2.8651326225554676,0.32302066239101507
"Cc1nc(SCC(=O)N(C)[C@@H](C)c2cc3ccccc3o2)oc1C
",3.6433554126175283,1.290217491833246
"COc1cc(/C=C2/C(=O)NN(c3ccccc3)C2=O)ccc1OCC(=O)N1CCOCC1
",3.2112403710667867,0.7531729546142245
"C[C@H](c1nnc(-c2ccccc2)o1)[NH+]1CCC(OCc2ccc(F)cc2)CC1
",2.7409191719922736,0.16864474704520538
"COc1cccc(-c2cc(C(=O)N3CCC[C@@H]3c3cc(C(C)C)no3)on2)c1
",4.264395694336109,2.062063548135735
"CO[C@@]1(C)C[C@H](N(C)C(=O)CCS(=O)(=O)C2CCCC2)C1(C)C
",1.9659419295809113,-0.7945184259201846
"Cc1nccn1-c1ccc(CNC(=O)N2CC[C@@H](C)[C@@H](O)C2)cn1
",3.007623639649406,0.5001124434557479
"Cc1c(C(=O)Nc2ccc3c(c2)CN(C(=O)c2cccs2)CC3)cnn1-c1ccccc1
",4.809424276606783,2.7394401598969393
"CC[C@@H](C)C[C@@H](C)NC(=O)[C@@H](C)N1C(=O)[C@H]2CCCC[C@H]2C1=O
",1.8470594819470496,-0.942268823230746
"CCCCC(=O)OCc1ccco1
",2.005870313322789,-0.7448943251445995
"CC(=O)c1ccc(N2CCN(Cc3oc(CO)cc(=O)c3[O-])CC2)cc1
",2.9395020526649596,0.41544904913048597
"C[C@H](CNC(=O)C(=O)Nc1ccc2c(c1)oc(=O)n2C)c1ccsc1
",3.722042439147442,1.3880119069414185
"CC(C)([C@@H](N)c1cccnc1N)[NH+]1CCCCC1
",1.7888246072866232,-1.014644737755221
"C=C(C)CN1C(=O)N[C@@](CC)(C2CCN(C(=O)c3cccc(F)c3)CC2)C1=O
",2.413552977319246,-0.2382150231872629
"C/C(=N\Nc1nc2ccccc2s1)c1ccc(Cl)cc1
",3.1706779625145765,0.7027608702506843
"O=c1nc(-c2ccc(N3CCOCC3)[nH+]c2)[nH]c2sc3c(c12)CCCCC3
",3.2780348214905515,0.8361869468786371
"CCOC(=O)[C@H](C)CNC(=O)C(=O)Nc1ccc(F)c(F)c1
",2.952286816485206,0.43133830756652336
"O=C(OCc1nc2ccccc2s1)[C@H]1SCCc2ccccc21
",2.800099406960214,0.24219558153319745
"CCCOc1ccc(N2C(=O)[C@H]3[C@H]4C=C[C@](CO)(O4)[C@@H]3C2=O)cc1
",2.7473399192406327,0.1766246294909091
"CC(C)[C@@H]1NC(=O)c2ccccc2N(CC(=O)Nc2nccs2)C1=O
",2.5803807127020586,-0.03087689484432888
"CCc1ccccc1NC(=O)CN1C(=O)C(C)(C)c2cc(C)ccc21
",2.113582955297843,-0.6110260715551478
"O=C(Cn1nnc(-c2ccc(Br)cc2)n1)NCc1ccccc1F
",3.1843818100315797,0.7197923913508931
"COc1cc(OC)nc(N2CCN(C(=O)c3ccccc3NC(=O)Nc3ccc(F)cc3F)CC2)n1
",3.8643079893055123,1.5648234714559546
"COc1cccc(CN2CCC[C@@]3(CCN(C(=O)C4CCC4)C3)C2=O)c1
",2.9278490782766635,0.4009664099353107
"Cc1ccc(/C=N/Nc2nnc(SCC(=O)Nc3cccc(F)c3C)n2N)cc1
",3.6649772185773037,1.3170896709035123
"O=C(Cc1ccc([N+](=O)[O-])cc1)NCCc1csc2nc(-c3cccs3)nn12
",3.9771330589101006,1.7050455916465679
"C#CCCN1CCN(C(=O)c2cccc(NC(=O)[C@H]3CCCO3)c2)CC1
",1.9678950867403953,-0.7920909881270757
"O=C([O-])CS(=O)(=O)[C@@H]1CCOC2(CCCCC2)C1
",2.2729148947828692,-0.4130039258833289
"CN(C)[C@H](C(=O)N1C[C@H]2[C@H]3CC[C@H](O3)[C@H]2C1)c1ccc2c(c1)OCO2
",2.4360059699454304,-0.21030982231566747
"COc1ncnc2ccc(-c3ccccc3CN3CCOCC3)cc12
",3.1887221078210195,0.7251866336095226
"O=C(Nc1ccc2ncccc2c1)[C@@H]1CSCN1C(=O)c1ccc(Cl)cc1
",2.9862285708990903,0.47352205966686695
"Cc1ccnc(-c2ccc(NC(=O)N3CC[C@@H](C)[C@H](O)C3)cc2)n1
",3.436204657080777,1.0327647976558745
"COC(=O)[C@H]1C[S@](=O)C[C@H](C2(C)CC2)N1
",1.1853572346737873,-1.7646506960957913
"Cc1ccc(C(=O)Nc2ccc([N-]S(C)(=O)=O)c(Cl)c2)cc1C
",3.129594726775321,0.6517014874394111
"CCOC(=O)C1CCC([NH+](C)[C@H]2CCCC[C@@H]2S(C)(=O)=O)CC1
",1.420065908590724,-1.4729482579842728
"C[C@@H]1CN(c2ncnc3c2cnn3CCNC(=O)c2cccnc2)C[C@@H](C)O1
",4.246448039645454,2.0397577059856467
"CCCC(=O)NC[C@H]1CCCN(c2nc(C)nc3[nH]ccc23)C1
",2.88370177163206,0.34609891497070105
"C[C@H]1Cc2ccccc2[C@H]1NC(=O)NOC1CCCC1
",1.824377581420711,-0.97045851717822
"CN1C[C@]2(CCCN(C(=O)c3[nH]cnc3-c3ccccc3)CC2)OC1=O
",2.7913594902305134,0.23133337104732715
"Cn1cccc(NS(=O)(=O)c2ccc3oc(=O)ccc3c2)c1=O
",2.3485241726307287,-0.3190346220480678
"CC(=O)N[C@H](CC(=O)N(C[C@H]1CCCO1)[C@@H]1CCSC1)c1ccccc1
",1.85533051279928,-0.9319893570950162
"O=C(O[C@H]1CCC[C@H](C(F)(F)F)C1)c1occc1Br
",2.106530555361175,-0.6197909894498806
"O=C(C[C@H]1CCCN1C(=O)c1[nH]nc2c1CCCC2)c1ccccc1
",2.623392497470194,0.022579342094034945
"Fc1cc(Br)ccc1COn1nnc2ccccc21
",3.6698015372547284,1.3230854677223796
"Cc1csc(NC(=O)CSc2nnc(C[NH+]3CCCCC3)n2-c2ccc(Cl)cc2)n1
",3.1078241709270205,0.6246444378893821
"CC(C)CN1C(N)=[NH+]C[C@@]1(C)c1cc(Cl)ccc1Cl
",1.2674178572294,-1.6626634824451672
"CC(C)(C)C(=O)N1N=C(c2cccc(NS(C)(=O)=O)c2)C[C@H]1c1cccs1
",2.77563712590436,0.21179318137185052
"C[C@H]1CCCCN1C(=O)c1cnn2c(-c3ccccc3)cc(-c3ccccc3)nc12
",3.2508481369505624,0.8023985826391028
"Cc1ccccc1C(=O)N[C@@H](c1ccccn1)[C@H]1CCC[NH+](Cc2ccccc2F)C1
",2.637228058791374,0.03977456075671602
"CS(=O)(=O)CCC(=O)NC1(c2ccc(F)cc2F)CCCC1
",1.8994772053552786,-0.8771226253367266
"O=C(CSc1nc2ccccc2[nH]1)N/N=C\c1cccc(Cl)c1
",2.7890112254109365,0.22841488251526496
"C[C@H]1[NH2+]CC[C@@H]1C(=O)NC[C@@H]1CCC(=O)N1
",1.4572858657958183,-1.4266902646943667
"O=C([O-])c1ccc(NC(=O)[C@@H]2CC=CC[C@H]2C(=O)Nc2cccc([N+](=O)[O-])c2)cc1
",3.6867445316670313,1.344142690263408
"CCCCOc1ccc([C@@H]2NC(=O)c3oc4ccccc4c(=O)c32)cc1
",2.5148012839824267,-0.11238082449563416
"O[C@H]1C[NH2+][C@H](c2nc(-c3ccc(C(F)(F)F)cc3)no2)C1
",3.026892827920394,0.5240607241275834
"CC[C@H](C)NC(=O)C1(c2ccc(NS(=O)(=O)c3cc(C)ccc3C)cc2)CC1
",2.608305228673021,0.0038284667252931003
"Cc1ccc2c(C)c(C(=O)Nc3cnn(CC[NH+](C)C)c3)oc2c1
",3.645661740453635,1.2930838599211798
"CC1CCC(N2C[C@@H](C(=O)OC3CCCCC3)CC2=O)CC1
",2.1363552330494473,-0.5827240542899209
"Cc1ccc(F)c(NC(=O)C(=O)NCc2cccc(OCC(F)(F)F)c2)c1
",2.543302452291188,-0.07695878343534247
"COCC(=O)N1CC[C@H](Cc2cnc3ccccc3c2)C1
",2.817695763437096,0.2640648205371314
"CC(=O)c1c(C)[nH]c(C(=O)Cn2nc(-c3cccs3)oc2=O)c1C
",3.355189624112679,0.9320770716929103
"Cc1c(C(=O)NCCC(=O)N2CCCCC2)cnn1C
",2.7985440428407813,0.24026253194360186
"C[C@@H](Sc1ncc(C(F)(F)F)cc1Cl)C(=O)N1CCN(S(=O)(=O)c2ccccc2)CC1
",3.287518756655837,0.8479738440752206
"COc1cc(C)ccc1C(=O)/C=C/c1cc(OC)c(OC)c(OC)c1
",3.07672821189622,0.585997519080107
"CC(=O)N1CCc2cc(C(=O)[C@H](C)Nc3cccc4c3CCCC4)ccc21
",2.6566976669298006,0.06397192878864842
"COC(=O)c1sc2[nH]c(C[NH+]3CCN(c4ccc(C(C)=O)cc4)CC3)nc(=O)c2c1C
",3.1518288523612776,0.6793346742938374
"CC(C)[C@@H](NC(=O)N[C@H](C)C[NH+]1C[C@H](C)C[C@@H](C)C1)c1ccccn1
",2.0277743031149047,-0.7176714401949311
"O=C(CCc1nncn1-c1ccccc1)Nc1cccnc1Cl
",3.1484817097053663,0.6751747527317483
"CC1(C)CCC[C@]([NH3+])([C@@H]2CCOC3(CCCCC3)C2)C1
",0.7979248244342051,-2.246162422033556
"O=S(=O)(NCC[NH+]1CCOCC1)c1ccc2c(c1)OCCO2
",2.1051566691826777,-0.6214984932300657
"COc1ccccc1-n1c(=O)n(CC(=O)Nc2ccc3c(c2)OCCO3)c(=O)c2c(C)cc(C)nc21
",3.8859736677638548,1.5917501764820983
"COc1cc([C@H]2CC(O)=Nc3c(C(=O)[O-])cn(-c4cccc(Cl)c4)c32)ccc1O
",3.2386226962012854,0.7872044664011402
"Cc1nn(-c2nc3ccccc3s2)c2c1[C@@H](c1ccc(O)c(O)c1)SCC(=O)N2
",3.7633997645467114,1.43941193597063
"Fc1cccc(CN2CC[NH+](Cc3ccon3)CC2)c1F
",2.5803266985849596,-0.030944025084499754
"Cc1ccccc1-c1nnc(SC[C@@H](O)c2ccc(OC(F)F)cc2)o1
",3.6066373885581484,1.2445833149534047
"CCc1nc(C)nc(N2CCN(C(=O)c3cccc(OC)c3)CC2)c1Cc1ccc(Cl)cc1
",3.561798217482723,1.1888559517191426
"COc1ccc2[nH]c(=O)c([C@H](c3nnnn3C3CCCCC3)N3CCOCC3)cc2c1
",3.0632379504614438,0.5692314486762556
"CC(C)(C)N1C[C@@H](C(=O)N2CCC(C(=O)N(CC#N)CC#N)CC2)CC1=O
",3.4662943792543928,1.070161137440267
"CCCCNC(=O)O[C@@H]1CC[C@@H]([NH3+])C1
",1.5076312283906939,-1.3641196541947693
"O=C1C[C@H](c2ccc(OCc3ccc(Cl)cc3)cc2)[C@H]2C(=O)N=C(c3ccccc3)N=C2N1
",3.3031712819502452,0.8674272358684739
"CCC1(CC)CC[NH+]([C@H]2CC[C@@](CO)([NH2+]C)C2)C1
",0.9575796461738015,-2.0477389893564073
"C[C@@H]1OCC[C@@H]1C(=O)N1CC(C)(O)C1
",1.2948018609876808,-1.6286298844181406
"COC1CC[NH+](CCC(=O)Nc2ccc(F)cc2N)CC1
",2.314507209708091,-0.36131184536532013
"C[C@H]1CCC[C@@H](C(=O)N2CCc3c([nH]c4ccccc34)C2)C1
",2.350732633472155,-0.316289885770678
"CC(C)N(C)C(=O)C1CCN(C(=O)NCCCN2C[C@@H](C)O[C@H](C)C2)CC1
",2.716744437987689,0.13859971832023205
"Cn1cc(CNc2ccc(F)cc2Cl)cn1
",1.8639356797840907,-0.9212946173227896
"Cc1ccc(NC(=O)c2ccccc2NS(=O)(=O)c2ccccc2)cc1
",3.0324173397028806,0.5309267403230369
"CC(=C/c1cccc([N+](=O)[O-])c1)/C=N/NC(N)=S
",1.9583144462547262,-0.8039980733732249
"Cc1ccsc1C(=O)N1CCN(S(=O)(=O)c2cccc(C(F)(F)F)c2)CC1
",3.2149867269989003,0.757829029488636
"O=C(Cn1ccccc1=O)Nc1ccccc1C(=O)Nc1ccc2c(c1)OCO2
",2.924026721418281,0.39621587900556315
"COc1cccc(/C=N/NC(=O)CC#N)c1
",2.642724374401035,0.04660553396794007
"CCc1ccc(C(=O)Nc2cccc(S(=O)(=O)NCc3ccco3)c2)cc1
",3.1892491985672904,0.7258417165820745
"Cc1ccc2c(=O)c(S(=O)(=O)c3ccccc3)cn(CC(=O)N(C)c3ccccc3)c2n1
",4.010440383175125,1.7464408563930132
"CCc1onc(C)c1NC(=O)N(Cc1ccc(Cl)c(Cl)c1)C1CC1
",2.4920916389915515,-0.14060500003177023
"C[C@H]([NH2+][C@H](C)c1ccc2c(c1)OCCO2)c1nc(-c2ccncc2)cs1
",2.7114110391413737,0.1319712225730236
"O=C([O-])[C@H]1C[C@@H]2CCCC[C@H]2N1C(=O)CN1CSCC1=O
",2.348799331028733,-0.3186926475729655
"C[C@H](O)CCC(=O)NC[C@H]1CCC[NH+](C)C1
",1.3589354084632732,-1.5489229360077386
"Cc1ccccc1CN(C)C(=O)CNC(=O)c1ccc(Cl)cc1Cl
",2.5646600801438444,-0.05041493223066467
"Cc1c(CCC(=O)Nc2cccc(Cl)c2)c(=O)oc2cc(O)ccc12
",3.3252904504039207,0.8949175508161863
"C[NH+](C)C(C)(C)CNC(=O)NCCOc1ccc2c(c1)CCC(=O)N2
",2.4528617956526935,-0.189360935454624
"C=CCNC(=O)CN1CCO[C@H](c2ccccc2F)C1
",1.8172067826445217,-0.9793705844287118
"CCc1ncc(S(=O)(=O)N2CCCCC[C@H]2CC(C)=O)[nH]1
",2.2080411524607233,-0.4936308089421353
"CCc1ccc(O)c(C(=O)N(CCO)CCc2ccccc2)c1
",2.3361140573732992,-0.334458256877679
"CCCOc1ccccc1NC(=O)C(=O)N1CCC(OC)CC1
",2.3376496430840255,-0.33254978844201066
"C[C@@H]1c2cccn2CC[NH+]1CCC(=O)Nc1ccccc1
",2.5676825240818806,-0.04665855522479162
"CC(=O)Nc1ccc([S@@](=O)Cc2nnc(Cc3ccccc3)o2)cc1
",3.9213082996594295,1.6356650352800304
"O=C([O-])/C=C/C(=O)Nc1ccc(Cl)c(NC(=O)/C=C/C(=O)[O-])c1
",2.9593873910662367,0.44016309824303806
"O=C(Cn1nc2ccc(SC3CCCCC3)nn2c1=O)NCCc1ccc(Cl)cc1
",2.3963686962370394,-0.2595721234819343
"CC(C)[NH+](C)C[C@H]1CN(C(=O)c2ccccc2)C[C@@H]1c1cccc(F)c1
",1.7667442513497669,-1.0420868154324634
"O=C([O-])c1c(S(=O)(=O)N2CCCCC2)sc2c1CC[NH2+]C2
",2.138026264367201,-0.5806472503038783
"CS(=O)(=O)c1ccc(Oc2ccc(C#N)cc2)c([N+](=O)[O-])c1
",3.998919218400583,1.7321220338351047
"C[C@@H]1CCC[NH+](CCNC(=O)NCc2cccc(C(N)=O)c2)C1
",2.363030222795956,-0.30100610128678423
"CNC(=O)c1ccc(NC(=O)N(CCO)[C@@H]2CCCc3ccccc32)cc1
",2.6265122995771555,0.026456718527716395
"CC(=O)NCc1ccc(C(=O)Nc2ccc(C(=O)N3CCC(C)CC3)cc2)s1
",3.470067045078517,1.0748499109768879
"CNc1nc(N)c2c([nH+]1)CCC2(C)C
",1.6185353942168512,-1.2262848864023217
"CCO[C@@H]1C[C@H]([O-])C12CCN(C(=O)c1ccccc1)CC2
",2.187421650061548,-0.519257297397412
"CC(C)CCO[C@H]1CCCC[C@@H]1NC(=O)[C@@H](C)C1CC1
",0.8962196149077168,-2.1239989350337893
"COCCCn1ccc(NC(=O)N[C@@H]2CCCOc3ccccc32)n1
",3.06914653462292,0.5765748006577837
"CC[C@H](C)n1c([O-])c(C(=O)COc2ccc(Cl)c(C)c2)c(C)c(C#N)c1=O
",2.992165183668087,0.48090024637782397
"O=C(NC(=S)Nc1ccc(Cl)c(C(=O)[O-])c1)c1ccccc1F
",2.783478686696646,0.2215388902267308
"Nc1cc2[nH]c(=O)[nH]c2cc1Br
",1.9465586242378385,-0.8186085344486634
"COc1ccc(-c2ncc(C(=O)N3C[C@H]4CC=CC[C@@H]4C3)s2)cc1
",3.136593092709963,0.6603992503804353
"O=C(NNC(=O)c1c(F)cccc1Cl)c1ccccc1F
",2.378658880826694,-0.28158237238961187
"CCN(CC)C(=O)NCCC(=O)Nc1ccc(C)cc1Cl
",2.1629208227300434,-0.5497076039373339
"CC(=O)N1CCN(S(=O)(=O)c2ccc(S(=O)(=O)N(C)C)cc2)CC1
",3.6699455942571877,1.3232645057534125
"CC(C)Oc1cccc(C(=O)Nc2nn(C)cc2C#N)n1
",2.9498487077209825,0.42830815849262605
"COC(=O)[C@@H](N[C@@H](C)c1ccc2c(c1)CCCC2)c1cccc(C#N)c1
",2.380620020203179,-0.2791450140762175
"Cc1ccccc1OCc1nc2cc(Cl)ccc2n1C[C@H]1CCCO1
",2.9358571592977984,0.4109190747409
"CC[C@H]1C[C@@H](C(F)(F)F)n2ncc(C(=O)N[C@@H](C)Cc3ccccn3)c2N1
",2.6833167427467552,0.09705485319232435
"Cc1cc(C)c(CNC(=O)NC[C@@H]2CC[NH+](C(C)C)C2)c(=O)[nH]1
",1.5249771783985782,-1.3425616272832839
"C[C@@H](NC(=O)NCCCOC1CCCCC1)C1CC1
",1.8209563184917579,-0.9747105574677466
"COc1c(C[NH2+]C[C@H]2CCCN(c3ncccn3)C2)c(C)nn1C
",2.4403490849966545,-0.2049120786860935
"CCCOc1ccccc1C(=O)N1C[C@@H]([NH+](C)C)[C@H](c2ccc(OC)cc2)C1
",2.321470070601351,-0.3526582090727216
"C[C@@H]1CN(S(=O)(=O)CC2CCC2)C[C@@H](C(N)=O)O1
",1.5818134599053364,-1.271923923051776
"Cc1c(NC(=S)NC2CCCCC2)c(=O)n(-c2ccccc2)n1C
",1.867183299459013,-0.9172583856768769
"O=C(Nc1ccccc1OC[C@H]1CCCO1)N1CCc2n[nH]cc2C1
",2.5590656794016327,-0.05736780836021744
"COc1ccc(NC(=O)CSc2nc(-c3ccccc3)c(N)s2)c(OC)c1
",2.8674677274375586,0.3259227953884224
"CSc1ncc(C(=O)N2CCC([NH+]3CCC[C@H](O)C3)CC2)cn1
",2.3565459770614092,-0.3090649014091475
"COC(=O)c1nscc1[N-]S(=O)(=O)c1cc([N+](=O)[O-])ccc1OC
",4.657169593991957,2.5502138250050383
"CC[C@@H](C)Cc1c(C)sc2nc(CNc3ccccc3)[nH]c(=O)c12
",2.1485066556930046,-0.5676219298030193
"CCc1noc([C@H](C)[S@@](=O)Cc2cccc(F)c2)n1
",2.9440850799808644,0.4211449623648399
"Cn1ccc(S(=O)(=O)N[C@H]2C=C[C@@H](C(=O)[O-])C2)c1
",2.2400324178697004,-0.4538711785785217
"Cc1cc(C)cc(-n2c(C)cc(/C=C(\C#N)C(=O)NCc3cccs3)c2C)c1
",3.170848181553767,0.7029724231852915
"OCc1ccc(OCCSc2ccccc2)cn1
",2.7081723130999413,0.12794604418104208
"CCCn1c(C)nnc1CS(=O)(=O)[C@H](C)C(=O)NC1CCC(C)CC1
",2.7518596473651193,0.18224187273766077
"C[NH2+]C[C@@H](C)OCc1cccnc1OC
",1.6597678143736454,-1.1750400930665972
"CCOC(=O)Cc1csc(NC(=O)c2ccc(C#N)cc2)n1
",3.2772091707181294,0.8351608052396221
"CCc1cccc(N2C[C@H](C(=O)NNC(=O)Cc3ccccc3)CC2=O)c1
",3.118344827027237,0.6377198005666559
"CC(=O)Nc1ccc(NC(=O)C2CCC(Cn3cnnn3)CC2)cc1
",3.9722075379176425,1.6989240177886797
"CCc1ccccc1OCC(=O)OC[C@@H]1CC=CCC1
",1.7985130932471147,-1.002603619167142
"O=C(OC[C@@H](O)CO)c1ccccc1Nc1cc[nH+]c2cc(Cl)ccc12
",2.9462827879998317,0.42387633473677383
"CCOc1ccc(C(=O)N2C[C@H](C(=O)NC)C3(CCCC3)C2)cc1
",2.1491507180205174,-0.5668214713108132
"CS(=O)(=O)CCNC(=O)Cn1c(=O)[nH]c2ccccc21
",2.2785108951456707,-0.4060490617010199
"N#Cc1ccc(N2CCC[C@@H](O)C2)nc1
",2.216772125992309,-0.48277971331048397
"O=C(NCC1(O)CCOCC1)C1=Cc2cc(F)ccc2OC1
",2.0760248908832244,-0.6577042738459203
"CCc1nc(C)c([C@H](C)N(C)Cc2ccc(N3CCOCC3)c(F)c2)s1
",2.898942199490382,0.36504014066101603
"CN(Cc1cccc2ccccc12)C(=O)NCCNC(=O)C1CC1
",2.5337314282325485,-0.08885391711973768
"O=C(c1ccc2c(c1)OCO2)[C@H]1CCC[NH+](Cc2c[nH]nc2-c2cccc(F)c2)C1
",3.1529215376375705,0.6806926938074068
"Cc1c(I)cccc1C(=O)NOCC(N)=O
",2.3076899990517674,-0.3697844635109675
"C[C@H]1C[C@H](C)C[NH+](CCCNC(=O)NNC(=O)c2ccccc2Cl)C1
",1.911491624787252,-0.862190772234266
"CCCNC(=O)C(=O)Nc1ccc(-n2cnnn2)c(C)c1
",3.6167451059199527,1.2571454659339172
"COc1ccc(-c2cnc(SCC(=O)N3CCc4ccccc43)n2C)cc1
",4.282460555328726,2.084515057522886
"CCOc1ncccc1C(=O)N1CCC[C@](CC)(C(=O)[O-])C1
",2.909567828103516,0.3782459660836233
"Nc1c(C(=O)CN2CC=C(c3ccc(O)cc3)CC2)c(=O)[nH]c(=O)n1C1CC1
",2.733457744773876,0.15937147872036908
"C[C@H](NC(N)=O)C(=O)Nc1cc(F)cc(F)c1
",1.8962441917910284,-0.8811407041039099
"CC(C)n1cc([C@@H](C)[NH2+][C@@H](C)c2nc3ccccc3n2C(C)C)cn1
",2.703921263415115,0.12266272193775789
"Nc1ccc2c(N[C@H]3CCN(c4ncccc4F)C3)ncnc2n1
",3.548012022645729,1.171722087089773
"CC/C(=N\CCc1c[nH]cn1)C1C(=O)N(C)C(=O)N(C)C1=O
",2.7232168239893255,0.14664377883818455
"O=C(NN1C(=O)/C(=C/c2ccc3nccnc3c2)SC1=S)c1cccnc1
",3.937680519778994,1.6560128837275299
"CC(C)c1[nH+]ccn1CCC(=O)Nc1cc(C[S@](C)=O)ccc1Cl
",2.3973424602827684,-0.25836190256617464
"O=C(C[NH+]1CCc2sccc2C1)N(C1CCCC1)[C@@H]1CCS(=O)(=O)C1
",2.004866062007627,-0.746142436482884
"Cc1sc(Br)cc1S(=O)(=O)N1CCC[C@@H](CC[NH3+])C1
",1.8661992315185936,-0.9184814125582323
"CN(C)c1ccc(Sc2nnc(NC(=O)/C=C/c3ccccc3)s2)cc1
",3.2411527021721858,0.7903488278677706
"O=C(c1cccc(OCC(F)F)n1)N1CCCC[C@H]1CN1CCOCC1
",2.6984574631617226,0.11587215971152806
"COc1ccc(C(F)(F)F)cc1
",1.386589365960087,-1.5145538320004972
"CCn1nccc1C(=O)N[C@H](Cn1cccn1)C(C)(C)C
",2.5896886033682867,-0.01930879062515947
"C[C@H](CCO)SCCC(=O)NC1CC1
",1.490709537380454,-1.3851504002779056
"Cc1ccc(OCC(=O)N2c3ccc(S(N)(=O)=O)cc3C[C@@H]2C)c(S(=O)(=O)N(C)C)c1
",3.307550213829997,0.8728694936441701
"Cc1coc2cc3c(cc12)[C@@H](C)[C@H](CCC(=O)N[C@@H](Cc1c[nH]c2ccccc12)C(=O)[O-])C(=O)O3
",4.481406275818012,2.3317703069778566
"Cn1c(C[NH+](C)C)nnc1[C@@H]1CCCN(C(=O)c2n[nH]c3ccccc23)C1
",3.699227992699085,1.3596574812523807
"O=C1C[C@@H](NS(=O)(=O)c2ccccc2)CN1Cc1ccccc1
",2.69066544065275,0.10618801840667128
"CCOc1ccc([C@@H]2c3c(oc4ccc(C)cc4c3=O)C(=O)N2CCOC)cc1OC
",3.3771249496469604,0.9593389015705065
"C[NH+](C)[C@@H](CNC(=O)[C@@H]1CCCc2ccccc21)c1ccccc1
",1.9993523153218655,-0.752995073518084
"C[C@@H]1CCCC[NH+]1CC(=O)N(Cc1cccs1)c1ccc2c(c1)OCCO2
",2.178424490660931,-0.5304392161967435
"CCO[C@@H](C)c1nc(CN2CC[NH+](C3CCSCC3)CC2)cs1
",2.067327287210831,-0.6685138964926862
"CCOCCC(=O)N1CCC[C@@H](COc2cccc(F)c2)C1
",2.42651107161568,-0.22211034483657494
"Cc1cnc([C@H](NC(=O)N(C)Cc2ccccc2F)C2CC2)s1
",2.089423757068186,-0.6410517919889163
"Cc1ccc(S(=O)(=O)N2CCO[C@@H](c3cccc(F)c3)C2)cc1[N+](=O)[O-]
",3.634922344166453,1.279736640883483
"CC(C)NC(=O)CNC(=O)[C@@H]1CC[NH2+][C@H]1C
",1.7875119406610251,-1.0162761561801321
"COc1ccc(OC)c(NC(=O)Nc2cc(N3CCN(Cc4ccccc4)CC3)ncn2)c1
",4.359476488402184,2.1802325914173175
"O=C(COC(=O)CC1=c2ccccc2=[NH+]C1)Nc1ccc(Cl)cn1
",2.5140369542543195,-0.11333075464303426
"CS(=O)(=O)CCCS(=O)(=O)N[C@@H]1CCCc2ccc(F)cc21
",2.3500990344452486,-0.3170773401832026
"CCC[C@H](CC)n1c(CCCl)nc2cccnc21
",2.0873949830383522,-0.6435732085220319
"CC(C)OC[C@@H](O)c1cc(Br)c2c(c1)OCO2
",1.7984751047130703,-1.0026508323690069
"Cc1ccc(NC(=O)CSc2nc(C)cc(C)c2C(=O)Nc2ccccc2)cc1
",2.9304301312792056,0.40417421406615855
"CC[C@H](NC(=O)/C=C/c1ccc(C)c(Cl)c1)c1nc(C)n[nH]1
",2.635785560274619,0.03798178366293645
"Cc1ccn2nc(NCCc3cscn3)nc2c1
",2.663378972387789,0.07227564019112011
"Cc1ccc(CNC(=O)c2ccc(C[S@](=O)c3ccccc3Cl)o2)cc1
",3.2981538380203146,0.8611914176389074
"O=C(N[C@H](c1ccccc1)c1ccco1)N1CCC[C@H](CCO)C1
",2.387734416605639,-0.2703030452573583
"COc1cc(/C=C(\C#N)C(=O)Nc2c(C)cccc2C)cc([N+](=O)[O-])c1O
",3.364100776649222,0.9431520987803759
"CC(=O)C1=C(C)C(c2csc(CN3C(=O)CNC3=O)n2)=N[C@H]1C
",2.419271740661932,-0.23110758577472565
"O=C(NCc1cc(F)cc(Br)c1)N1CCOCC1
",1.7565763905383789,-1.054723714357256
"CN(C)C(=O)c1cc([C@H]2CN(S(=O)(=O)N3CCOCC3)CCO2)nc2ccccc12
",4.200433176445578,1.9825691600287887
"CN1C(=O)[C@H](CC(=O)N2CCOc3ccc(Cl)cc3C2)N(C)C1=O
",2.9188203623758207,0.3897452718438221
"COc1cccc(/C=C2/SC(=O)N(CC(=O)Nc3ccccc3F)C2=O)c1O
",2.613744512188072,0.010588558870339571
"O=C(N[C@@H]1CC=CCC1)N1CCN(C(=O)c2ccccc2F)CC1
",2.3284065276779526,-0.3440373881744849
"COc1ccc(-c2c(C)n[nH]c2C)c(C(=O)[O-])c1
",2.5644675122089238,-0.050654260991638896
"Cc1nc2ccccc2c(=O)n1-c1ccc(C(=O)N2CCCC2(C)C)cc1
",3.2934254293132676,0.8553148203865986
"Cc1nc(CNC(=O)CCC(F)(F)F)sc1C
",2.101948338310927,-0.6254858956636432
"CC(=O)Nc1ccc(Sc2cc(C)nc(-c3cccc([N+](=O)[O-])c3)n2)cc1
",3.6128869173062057,1.252350402306561
"N#Cc1cc(NC(=O)c2occc2CSc2ccccc2)ccc1F
",3.3154298235263493,0.88266249073045
"Cc1ccc2c(CN3C(=O)N[C@](C)(c4ccc(C(C)C)cc4)C3=O)cc(=O)oc2c1C
",3.015865783544931,0.510356008081917
"C/C=C/C=C/C(=O)N(C)CC(=O)Nc1ccc(Cl)c(Cl)c1
",1.8141438697337144,-0.9831772573943728
"CC[NH+]1CCN(C(=S)Nc2ccc(F)cc2)CC1
",1.2344947904549395,-1.7035811813437483
"O=C(CN1CCN(c2cccc(Cl)c2)C1=O)Nc1nc(-c2cccnc2)cs1
",3.3106859898174132,0.8767667228587352
"Cc1cccc(S(=O)(=O)NC[C@@H](c2ccc(F)cc2)N2CC[NH+](C)CC2)c1
",2.1331944907170772,-0.5866523123692151
"Cc1c(NC(=O)N2CCOC[C@H]2C2CC2)cnn1CCC(C)C
",2.463028935492519,-0.1767249325732501
"Fc1ccc(F)c(C[NH2+][C@@H]2CCO[C@@]3(CCSC3)C2)c1
",1.2847599667326914,-1.6411102286191184
"CCOCC/C([O-])=N/S(=O)(=O)N1CCCC1
",2.468207881956272,-0.17028839452327402
"O=C1OC(c2cccs2)=N/C1=C\c1cc2ccccc2o1
",3.4031978368842015,0.9917430076854834
"CC(C)(C)c1nc2cc(NC(=O)c3nccn4ccnc34)ccc2o1
",3.9554377458974086,1.6780820559758134
"c1ccc(Cn2cccn2)c(CN2CCO[C@@]3(C[NH2+]CCOC3)C2)c1
",2.2919012159433225,-0.3894072002879529
"CCCN1CC(=O)N2[C@@H](CC3=c4ccccc4=[NH+][C@H]3[C@@H]2c2ccc(OC(C)C)c(OC)c2)C1=O
",2.161330326688416,-0.5516843164524993
"C[C@H](Sc1cc(Cl)ccc1Cl)C(=O)NCCCC(N)=O
",2.056358438900208,-0.6821462848577469
"CC[C@H]1CCCCN1C(=O)Nc1ccc(C(N)=O)c(F)c1
",2.079670636061428,-0.6531732408019874
"CC[C@@H](Cc1cnn(-c2ccccc2)c1)[C@H](C)O
",2.379524165846668,-0.28050697221042165
"CCOC(=O)c1c(C=O)c2sc(C)cc2n1CC(=O)N1CCOCC1
",3.449902334563534,1.0497886504666978
"C[C@@H]1[NH2+]CC[C@@H]1C(=O)N1CCN(c2cnccn2)CC1
",2.300270149714432,-0.37900605769408996
"C=CCN(CC=C)C(=O)CSC1=C(C#N)C(C)(C)[C@@H](C#N)C(=O)N1
",1.8569156153184503,-0.9300193477988863
"CC(C)[NH2+][C@@]1(C(=O)[O-])CC[C@@H](Sc2cccs2)C1
",1.7860179022032503,-1.0181329885395511
"COc1ccccc1/C=C/C(=O)NCCc1c[nH]c2ccc(Cl)cc12
",3.080562463093443,0.590762832623474
"CCN(CC)C(=O)c1ccc(NC(=O)[C@@H](C)[NH+]2C[C@H](C)S[C@H](C)C2)cc1
",2.1673009526029694,-0.5442638572625528
"C[C@@H](NC(=O)Nc1ccc(C(=O)NC2CC2)cc1)c1ccccc1C(F)(F)F
",2.633811060952346,0.03552782123903212
"Cn1c(-c2ccc3c(c2)OCO3)cnc1NCc1ccc(Cl)c(Cl)c1
",2.9800929304935306,0.46589651589889053
"CCN(CCO)C(=O)Nc1ccc(OC(F)F)c(F)c1
",2.0359859602010144,-0.7074657654195641
"C[C@@H](O)[C@@H](C)Nc1ccc(Br)cc1C(F)(F)F
",1.2932324371251733,-1.630580407845689
"CC[C@@H]([NH2+]C1CCC(NS(C)(=O)=O)CC1)c1ccc(Cl)s1
",1.7416152694669838,-1.073317809839863
"C[C@H](c1cccnc1)N(C)C(=O)c1ccc(CNC(=O)C2CCCC2)cc1
",2.876915682295448,0.3376649752628196
"O=C(N[C@@H]1CC[NH+]2CCCC[C@H]12)c1cc2ccccc2cc1OC(F)F
",2.109688727885227,-0.6158659251995122
"CCc1cccc(NC(=O)CCC(=O)N[C@H](C)c2ncn[nH]2)c1
",3.3630780695919653,0.9418810501348487
"CCNC(=O)[C@]1(Cc2ccc(-c3cccnc3)cc2)CCN(C(=O)Cc2cccc(C)c2)C1
",2.886293529062899,0.3493200228614004
"COc1ccc2cc([C@H](C)OC(=O)CCc3cnn(C)c3)ccc2c1
",3.579180067727848,1.2104585964394081
"Cc1ccc(NC(=O)N2CCN(c3ncccc3F)CC2)cc1
",3.082462859561093,0.5931246979680337
"CCN(C(=O)CN1C(=O)CSc2ccc(S(=O)(=O)N3CCOCC3)cc21)c1cccc(C)c1
",3.697314935077787,1.3572798802755293
"Cc1ccc([C@@H](C)OC(=O)CCNC(=O)c2ccc(F)cc2F)cc1
",2.58712052276145,-0.022500472303469365
"CC(C)(C)NC(=O)c1ccccc1NC(=S)NC(=O)c1cc(Cl)cc(Cl)c1
",2.287836440721898,-0.39445901547090784
"O=C(N[C@@H]1C[C@@H]1c1cccc(Cl)c1)c1cccc(-n2ccnc2)c1
",2.5720765948585522,-0.04119748240886618
"C[C@@H](NC(=O)Cn1cncn1)c1cccc(OCc2ccccn2)c1
",3.4715969297408895,1.0767512939918222
"O=C(NCC1(CO)CC1)C(=O)Nc1ccc2c(c1)N(S(=O)(=O)c1cccs1)CCC2
",3.1108891045690443,0.6284536222757451
"CCOc1ccc(S(=O)(=O)N2CCS[C@H]2c2cccc(Cl)c2)cc1
",2.7432535591212917,0.17154598799922177
"Cc1cccc(CS(=O)(=O)[C@@H](C)C(=O)N[C@@H](C)c2ccccc2C)c1
",2.8807824385432443,0.34247068698297656
"O=C(c1ccc(F)cc1)N1CCN(S(=O)(=O)c2ccc(Cl)c(Cl)c2)CC1
",2.9725979979824997,0.4565816062687388
"CC(C)(C)Oc1ccc(NC(=O)C(=O)NOCc2ccccc2)cc1
",4.036946363592529,1.7793832227029565
"C#CCNC(=O)c1ccc(N(C)Cc2ccc(F)cc2)nc1
",2.919184663332625,0.3901980351590107
"NC(=O)[C@@H](c1ccc(F)cc1)N1CCc2ccccc21
",2.0257259020993237,-0.7202172496893282
"CC[C@@H](C)[C@](C)(O)CNC(=O)[C@H]1COc2ccc(F)cc2C1
",2.3702334958070748,-0.29205367415803724
"COc1ccc(S(=O)(=O)/N=c2\[nH]cc(C)s2)cc1Br
",2.1684666391027037,-0.5428151098073714
"O=C(NCc1ccc(-n2cncn2)nc1)N(C[C@H]1CCOC1)C1CC1
",3.2727030420942262,0.8295604638287127
"CCSc1ccccc1C(=O)Nc1nc2c(SC)cccc2s1
",2.6086620732418573,0.00427196303507677
"Cc1nc(C)c(C[NH2+]C[C@H](C(C)C)N2CCOCC2)s1
",1.642282356669613,-1.1967715040052793
"COCCOc1cc(N[C@H]2CCC[C@@H]2C)ccc1OC
",1.536301535693076,-1.3284874025104063
"O=C(c1nn(-c2cccc(Br)c2)c2c1CCCC2)N1CCC[C@@H]2COCC[C@H]21
",2.7199158343923635,0.14254121757555585
"Clc1ccc(N[C@H]2CCOC2)cc1Br
",1.5572171636743573,-1.302492880983126
"C[C@@H](OC[C@@H]1CCCO1)C(=O)Nc1ccccc1C(F)(F)F
",1.8472769862278409,-0.9419985028887337
"Cc1ccccc1[C@@H](CC(=O)Nc1ccc2[nH]ncc2c1)NC(N)=O
",3.3480685153173675,0.923226760526375
"O=C(/C=C/c1c(Cl)nc2ccccn12)NC1=NCCS1
",2.2733466539032823,-0.41246732369475386
"Cc1ccc(F)c(-n2c(=C(C#N)C#N)s/c(=C\c3c(F)cccc3F)c2=O)c1
",2.826322786053445,0.2747867230933309
"C[NH2+][C@@]1(C(=O)[O-])CC[C@H](Oc2cccc(C)c2)C1
",1.933384874746268,-0.834981235046518
"O=C(CSc1ccccc1)Nc1c(Br)cc(Br)cc1[N+](=O)[O-]
",2.4856603105363675,-0.14859803309426836
"Cc1nn(-c2ccc(F)cc2)c(Cl)c1C[NH2+]CCC(=O)NC(C)C
",2.736396312224236,0.16302361170514532
"C[C@H]1C[C@@H](C)CN(C(=O)CN2CCN(CC(=O)NCc3ccccc3F)CC2)C1
",2.1542750201336323,-0.560452846772699
"CC(C)(C)c1cc2ncc(Br)cn2n1
",2.249060783831985,-0.4426504754003617
"COc1ccc(CN2CCN(C(=O)Cn3cncn3)CC2)cc1F
",3.9350902086287727,1.6527935733144243
"Cc1ccccc1/N=C1\NC(=O)S\C1=C/c1ccc(Cl)cc1
",2.332798190895627,-0.33857930753953747
"C[C@]12CCC[C@]3(CO3)[C@@H]1C[C@@H]1[C@@H](C[NH+]3CCC(c4cccnc4)CC3)C(=O)O[C@@H]1C2
",2.37288483778209,-0.28875851294617233
"CCn1ccc2oc(C)c(C(=O)N3CCN(c4cccc[nH+]4)CC3)c2c1=O
",2.80487715573261,0.24813349998475648
"[NH3+][C@@H](Cc1c[nH]cn1)C(=O)N1CCN(c2nc3ccccc3s2)CC1
",2.9933266896462736,0.48234379816508366
"CCN(Cc1cccc(N)c1)C(=O)c1cc(C)c(Br)s1
",2.2507143982348534,-0.44059531763834514
"CCN(Cc1ccccc1NCC(=O)NC(=O)NC1CCCC1)C(C)=O
",2.471761114659018,-0.16587233854514927
"CCCCC(=O)C(C)(C)[NH+]1CCCCCC1
",0.9181127848616208,-2.0967894972786096
"CC(C)Cc1nc(S(=O)(=O)c2ccc(F)cc2)c(N2CCOCC2)o1
",3.090692036068025,0.6033521463646427
"CCN(Cc1nnc(-c2ccccc2F)o1)c1ccc(F)cc1
",3.011878515580975,0.5054005210644176
"C[C@H]([NH2+]CCCC(=O)NC1CC1)c1ccc(F)cc1O
",1.6813231450656327,-1.1482505312995788
"O=C([O-])c1ncccc1-c1cc(Cl)cc(Cl)c1
",2.366790671300809,-0.29633251177280384
"Cn1cc(S[C@@H]2CCC[C@]([NH2+]C3CC3)(C(=O)[O-])C2)cn1
",2.0542182780395652,-0.684806136028059
"CCC(=O)Nc1ccc(NC(=O)N[C@H]2CCC[C@@H](CC)C2)cc1
",2.726461622529519,0.15067650429975027
"C[C@@H]1C[NH+](C)CC[C@@H]1N(C)C(=O)c1cc(Cc2ccccc2)ccc1O
",2.0432666747304706,-0.6984170918277736
"CS(=O)(=O)[N-]c1cc([N-]S(C)(=O)=O)cc(C(=O)[O-])c1
",3.7379864483932286,1.4078275630594983
"C[C@@H]1[C@@H](C(=O)[O-])CC[NH+]1C1CCC(C(F)(F)F)CC1
",1.1905316167951692,-1.758219830736883
"CC1=C(C(=O)Nc2ccccc2)[C@H](c2ccc(OCc3ccccc3)cc2)n2nnnc2N1
",3.6837822548850645,1.3404610906648917
"COc1ccc(N2C(=O)N=C([O-])/C(=C\c3ccc[nH]3)C2=O)cc1
",3.339920259077046,0.9130998820774754
"C[C@H](C(=O)N[C@H]1CCC[C@@H](C)[C@H]1C)c1ccsc1
",1.207911912626948,-1.7366191178845596
"CN(C)c1cccc(C(=O)NC[C@@]2(O)CCc3ccccc3C2)c1
",2.6544784447138077,0.061213817977006764
"Cc1ccc2nc([C@H]3CCCN3C(=O)NCCCC(C)(C)CO)[nH]c2c1
",2.3983363666795663,-0.2571266481788435
"O=C1/C(=C/c2cn(-c3ccccc3)nc2-c2ccccc2)SC(=S)N1C[C@H]1CCCO1
",3.2789322938761756,0.837302350407
"CC1CC[NH+]([C@H](C)CNC(=O)C[C@H]2CCS(=O)(=O)C2)CC1
",1.4376526802413712,-1.4510909312677498
"Cc1ccc(NC(=O)COC(=O)CSc2ccc3ccccc3c2)cc1
",3.273122395253088,0.830081647544799
"COc1ccc(Br)c(C(=O)N2CCN([C@H](C)C(N)=O)CC2)c1
",2.028848104169142,-0.7163368905153626
"COc1cccc(CN(C)C(=O)NCCc2ccc(Cl)cc2)c1
",2.532332722161869,-0.09059226774909243
"CC(C)(C[NH3+])NC(=O)c1c(F)cc(Br)cc1F
",1.9478174604250937,-0.8170440179828795
"COCCCOc1ccc(N)c(C)c1
",1.8267437332909902,-0.9675177981243225
"CC(=O)N(Cc1ccc(NC(=O)[C@H](NC(N)=O)C(C)C)cc1)C1CC1
",2.3520483804962877,-0.3146546389411837
"C/C(=N\NC(=O)[C@H]1C[C@@H]1c1ccccc1)c1ccccc1O
",2.7013278301802077,0.11943953131136638
"C[C@H](Oc1ccccc1F)C(=O)NNC(=O)NCc1cscn1
",2.778280201094309,0.21507806839436
"N#CCN1CCC(OC[C@H]2CCCCO2)CC1
",2.281776517925068,-0.4019904552984299
"O=C(Nc1ccc2c(c1)OCO2)C1CC[NH+](Cc2cccc(Cl)c2)CC1
",2.3032553942884944,-0.3752959130876692
"COc1ccc(C(=O)NCc2ccc3c(c2)OCO3)cc1OC
",2.7289521196233055,0.15377176304005682
"CCN(CC)S(=O)(=O)c1cc(C(=O)N2c3ccccc3C[C@H]2C)n(C)c1
",3.1987731653220393,0.7376783661463615
"C[C@@H]1CN(C(=O)OC(C)(C)C)[C@H](C)CN1C(=O)CCn1ccccc1=O
",2.289501302190374,-0.39238987954436666
"Nn1c(SCc2ccccc2)nc2sc3c(c2c1=O)CCCC3
",2.5066364164671784,-0.12252834789691404
"Cc1nc(N)nc(N2CCO[C@H](c3ccccc3)C2)c1CCC(=O)[O-]
",2.854417085318325,0.309703096041271
"CCC[NH2+][C@H]1CCC[C@H]1CCN1CCO[C@H]2CCC[C@@H]21
",0.8378729169777093,-2.1965138266136495
"O=C(Oc1ccc2c(c1)OCO2)C1CCN(c2ccc(Cl)cn2)CC1
",4.442668577541671,2.2836260230642758
"CN(C(=O)C#Cc1ccccc1)c1nccs1
",2.9976765839297026,0.48774996721213243
"CC(C)C[C@]1(C)NC(=O)N(Cc2ccc(Cl)c(Cl)c2)C1=O
",1.6978521759129548,-1.1277077941381448
"Cc1ccc(CNC(=O)N(C)[C@H](C)c2ccc([S@](C)=O)cc2)s1
",2.843860953331804,0.29658364295030887
"O=C([O-])C1CCN(C(=O)CCN2C(=O)[C@H]3Cc4ccccc4CN3C2=O)CC1
",3.619632928597811,1.2607345319105034
"Cc1ccc(S(=O)(=O)N2CCC(C(=O)Nc3nc(-c4cc5ccccc5o4)cs3)CC2)cc1
",4.265715587017785,2.0637039473032006
"CN1CCN(C(=O)Cc2cccc3ccccc23)CC1
",2.2031278148438984,-0.49973724096347627
"Cc1ccc(NC(=O)c2cn(-c3ccc(C(F)(F)F)cn3)nn2)nc1
",4.064573706326872,1.8137192491465401
"Cn1cc[nH+]c1CC[C@@H]1CCCCN1C(=O)CCCS(N)(=O)=O
",2.243675945697389,-0.4493429013191988
"Cc1cc(C)c(S(=O)(=O)Nc2cc(C(=O)N(C)C)ccc2C)c(C)c1
",2.410900701179133,-0.24151134540537514
"CNC(=O)CN1C(=O)COc2ccc(Cl)cc21
",1.7915046236378553,-1.0113139392347121
"C[NH+](C)Cc1ccccc1CNC(=O)C(C)(C)c1cccc(Cl)c1
",1.8568056354472624,-0.9301560338277122
"C[C@@H]1CCC[NH2+][C@@H]1C(=O)N1CCN2C(=O)NC[C@@H]2C1
",1.530175856455788,-1.336100566262669
"Cc1ccc(S(=O)(=O)N(C)C(C)C)cc1NCc1ccc(C#N)cc1
",2.734101644161739,0.16017173470666735
"COc1ccc([C@H]2C/C(=C3\C(=O)NC(=O)N(c4ccccc4OC)C3=O)NN2C(C)=O)cc1
",3.2938969854293245,0.8559008833831833
"Cc1csc(CNC[C@H](C)c2nc3ccccc3o2)n1
",3.174742082596509,0.7078118712081404
"N/C(NC1CCCCCC1)=[NH+]/CCCCn1ccccc1=O
",1.4782082500150688,-1.4006873463274843
"NC(=O)[C@H]1CCCN1c1nc(-c2ccccc2)c2ccccc2n1
",2.850303217536753,0.30459026726538296
"CCc1ccsc1CNS(=O)(=O)N1C[C@@H](C)OC[C@@H]1C
",1.896407669139851,-0.8809375299287432
"COc1cccc([C@H](C)Sc2nnc(-c3ccco3)n2N)c1
",3.5906039246549835,1.2246564821104846
"O=C(Cc1c(F)cccc1Cl)N[C@H]1CCS(=O)(=O)c2ccccc21
",2.544899144651912,-0.07497436996325212
"Cc1cccc(CSc2nc(=O)n3cccc(C)c3n2)c1
",1.9489036241111841,-0.8156941036821712
"COc1ccc(OC)c([C@H](C)NC(=O)C(=O)Nc2ccc3[nH]ccc3c2)c1
",3.280203840780117,0.8388826641033915
"CCOC(=O)N1CCN(C(=O)N[C@@H](CC(C)C)C[NH+](C)C)CC1
",1.6544632979055165,-1.181632692994555
"Cc1c([C@H](C[NH3+])N2CCCCc3ccccc32)cnn1C
",1.9452620821900546,-0.8202199128018406
"CC[C@H](C)NC(=O)[C@@H](C)NC(=O)Nc1cc(C(F)(F)F)ccc1-n1cccn1
",2.526804367492981,-0.09746305999016036
"CC[C@H](NC(=O)Nc1c(C)nn(CC)c1C)c1ccc(OC)cc1
",2.8111026991179973,0.2558707776651251
"O=C(Nc1cccc(OCc2cc(=O)n3cc(Cl)ccc3n2)c1)Nc1ccc2c(c1)OCCO2
",3.840336411526747,1.5350309309130328
"COc1ccccc1[C@H](CNc1ncccc1[N+](=O)[O-])[NH+](C)C
",2.628812280182471,0.02931519810149285
"COC(=O)c1sccc1-n1nnc(C(=O)OC(C)(C)C)c1C
",3.7468441135445456,1.418836114543748
"CC(=O)Nc1cccc(-n2cc3c(c2-c2ccccc2Cl)c(=O)n(C)c(=O)n3C)c1
",3.231928697932736,0.7788849800222891
"CSC[C@@H](CCO)NC(=O)Nc1c(C)cc(Br)cc1C
",2.1030894498178325,-0.6240676906899351
"C[C@H]1C[C@@H](C)CN(C(=O)C(=O)Nc2ccc(COC(C)(C)C)cc2)C1
",2.886063615650775,0.349034280107407
"COc1ccc(C[NH+](C)[C@@H](C)C(=O)Nc2ccc(SC)cc2)cc1F
",2.6313751987931093,0.032500464308012275
"N#Cc1ccc(NC(=O)c2ccccc2F)cc1
",2.7635074132413653,0.1967180386498568
"COc1cccc(-c2nc3n(n2)C(=O)C[C@@H](c2cccc(F)c2)S3)c1
",3.4772592695905162,1.083788606725039
"C[C@@H](OC(=O)c1scnc1C1CC1)c1cccc(F)c1
",2.4745307627008795,-0.16243014327797453
"CCCCn1c([C@H](C)NC(=O)c2ccccc2C)nc2ccccc21
",2.6541696336084044,0.060830018985436794
"CN(C(=O)/C=C/c1ccc(C(N)=O)cc1)c1ccc2ccccc2c1
",3.8522340340432963,1.5498176255753535
"CC(C)Oc1ccc(-c2cc(C(=O)NCCN3CCOCC3)c3ccccc3n2)cc1
",2.97666734789952,0.4616391070100355
"O=C(c1ccc(F)cc1)N1CCC[C@H](c2nc(N3CCOCC3)ncc2-c2cccnc2)C1
",3.870252286223387,1.5722112082398814
"C=C[C@]1(C)C[C@H]([C@@]2(C)C3=C(CC[C@@H]2C)CCC32SCCS2)OC1=O
",0.8811703571746254,-2.1427025691997126
"CCS(=O)(=O)c1ccc(C(=O)N(Cc2ccccc2)c2nc3ccccc3s2)cc1
",4.231068202683068,2.0206432188011068
"O=C(Nc1nc2c(ccc3ccccc32)s1)C1CCN(C(=O)N2CCCC2)CC1
",3.384649979011008,0.9686912164028516
"CCC1CCC([NH+](C)C[C@H](C[NH3+])CC(C)C)CC1
",0.786316146840687,-2.260590007945776
"Cc1ccnc2c1nc([C@H](C)Cl)n2C[C@H]1CCOC1
",2.425253629355847,-0.22367312889076615
"Cc1ccc(CN2C(=O)[C@H]3CCCC[C@@H]3C2=O)cc1S(=O)(=O)Nc1cccc(Cl)c1C
",2.9448231452971587,0.42206225037407974
"Cc1ccc([N+](=O)[O-])c(C)c1NC(=O)NC[C@H]1CCS(=O)(=O)C1
",2.753104802795352,0.1837893863798502
"Cc1cncc(NC(=O)C(=O)N2CCC[C@@H](CC(N)=O)C2)c1
",2.5789223492252615,-0.03268938934968767
"CCC[C@@H](C)N(C)c1cc2c(cc1Cl)C(=O)C(=O)N2
",1.885313595264476,-0.8947255520926853
"Cc1ccccc1-n1cnnc1SCC(=O)NCC(F)(F)F
",2.4926716459287457,-0.13988415135209592
"COCC[C@@H](C)NC(=O)Nc1ccc(C(=O)N2CCC(C)CC2)cc1C
",2.2513523721412496,-0.4398024260044673
"Cc1nnc(SCC(=O)Nc2cccc(C(F)(F)F)c2)n1-c1ccccc1
",2.922402836624914,0.3941976700253318
"CC(=O)c1ccc(NC(=O)c2ccc([N+](=O)[O-])cc2Cl)cc1C
",3.4291223137562286,1.0239626652896683
"O=C(C/C=C/c1ccc(F)cc1)NC[C@@H]1CC(=O)N(Cc2ccccc2)C1
",2.051553321797535,-0.688118217427896
"CC(C)CC[NH2+][C@H]1CS(=O)(=O)C[C@H]1O
",1.3495164668740158,-1.5606290573886157
"C=CC(=O)n1c(=O)oc2cc(Br)ccc21
",2.4764879486817177,-0.15999769835414418
"COCc1ccc(C(=O)NCCc2cccc([N+](=O)[O-])c2)cc1
",3.4169441500320854,1.0088273062474584
"O=C(NCCCO)NCC(=O)N1CCc2ccccc2C1
",2.682847269632621,0.0964713790081991
"Cc1ccc2cccc(NC(=O)c3ccccc3SCC(=O)N(C)C)c2n1
",2.8431952327118433,0.29575626693261475
"COC(=O)C1(NC(=O)Cc2csc(-c3cccnc3)n2)CCCC1
",2.8330959808524114,0.28320463711282745
"Cc1ccc([C@@H](CNc2nc3ccccn3c(=O)c2[N+](=O)[O-])N2CCOCC2)cc1
",2.682144640799671,0.0955981324415579
"CCc1nsc(Nc2ccc(SC)cc2)n1
",2.6780865425848313,0.09055461562724647
"Cc1nccn1-c1ccc(NC(=O)Cc2c[nH]c3ccccc23)cn1
",3.704865639577331,1.3666641048771133
"COc1ccc(CCn2c(=O)c3cccnc3n(Cc3ccc(F)cc3)c2=O)cc1OC
",4.034324894620175,1.776125188485866
"COc1ccc(NC(=O)[C@H]2C[C@H]2C)cc1N1CCCCC1=O
",1.9652957400897346,-0.7953215281102851
"Fc1ccc(OCCSc2nccs2)cc1
",2.65599553102037,0.06309929484100361
"C[C@H]1CCC[C@@H](NC(=O)Nc2cccc(N3CCNC3=O)c2)C1
",2.316898015678137,-0.3583404855136566
"C#CCN1C(=O)N=C(N)[C@@H]1c1ccc2c(c1)OCCCO2
",2.02239735349295,-0.7243540620518555
"Cc1ccc(/C=C/C(=O)NC[C@H](CC(C)C)[NH+](C)C)o1
",1.8696189278516187,-0.914231319277498
"CCN1C(=O)/C(=C2\Sc3ccccc3N2C2CCCCC2)SC1=S
",1.6100022888905359,-1.2368900659502642
"O=C(Cc1c([O-])c2ccccc2oc1=O)c1ccc2c(c1)OCCO2
",3.6937830659746123,1.3528903755704262
"O=C(NC[C@@H](c1cccnc1)N1CCc2ccccc2C1)C(=O)Nc1ccccc1Cl
",3.04759561490446,0.5497907209707876
"C[C@@H](OC[C@@H]1CCCCO1)C(=O)N1CCC[C@@H]([NH+]2CCCC2)C1
",1.3894995925388534,-1.5109369218355855
"COc1ccccc1C(=O)NCc1nc(C)no1
",2.759748626820516,0.19204651481989288
"C[C@H]1CCN(C(=O)CCCn2ccnn2)c2cc(C(F)(F)F)ccc2S1
",2.8254584041288267,0.27371244530605204
"C/[NH+]=C(\N[C@H]1C[C@@](C)(OC)C1(C)C)NC(C)(C)C
",1.0112088420948409,-1.9810871398825194
"CS[C@H](CO)[C@@H](C)[NH2+][C@H](C)Cn1c[nH+]c(C)c1C
",1.4976923219104483,-1.3764720023379657
"CN1C(=O)N=C([O-])/C(=C\NN2CCCC[C@@H]2c2cccnc2)C1=O
",2.6560111691331976,0.06311873032058433
"COc1ccccc1N[C@H](CO)c1ccc(C2CC2)cc1
",1.8357516581290785,-0.9563224997412487
"COCCNC(=O)c1sc2ccccc2c1[C@H]1CCN(C(=O)CN2CCCC2=O)C1
",2.7675296873568156,0.20171703228161725
"CC(C)Cc1cc(C[C@@H]2C[C@H](NC(=O)N3CCOCC3)C2(C)C)no1
",2.228293194061094,-0.4684610109411685
"COC(=O)C1CCN(C(=O)C[C@@H](c2ccccc2)c2ccccc2Cl)CC1
",2.692947185800931,0.10902383444945225
"Cc1ccc([S@](=O)O)cc1Cl
",1.4889914915417788,-1.387285635212198
"COc1ccc(OC)c(N2C(=O)NC(=O)[C@@H](/C=N/C3CC[NH+](Cc4ccccc4)CC3)C2=O)c1
",3.2239261024047554,0.7689391327394639
"Cc1cccc(Oc2ccc(Cl)cc2NC(=O)Cn2cc[nH+]c2)c1
",2.6828352836550615,0.09645648250344338
"COc1ccc([C@@H]2[NH+]=N/C(=N\C(=O)Cc3ccccc3)S2)cc1OC
",2.973535411838757,0.457746650162628
"CC(C)(C)[C@H](NC(=O)N[C@@H]1CCC[C@H](S(C)(=O)=O)C1)c1ccccc1
",2.1249834069881386,-0.5968572745604159
"CCOC(=O)C1=C(c2ccccc2)NC(=O)N[C@H]1c1ccc(CC)cc1
",2.294781021940571,-0.3858280976639788
"Cc1ccc(-n2nnnc2N2CCN(c3ccc(O)cc3)CC2)cc1
",3.535702047305204,1.1564229089213744
"Cc1c(C(=O)N2CCC(c3nc4ccccc4[nH]3)CC2)cnn1C(C)C
",3.616613842890724,1.2569823286070305
"CCCS(=O)(=O)NC1CC[NH+]([C@H]2CC[C@@H](C)C2)CC1
",1.5146189685003693,-1.3554350973232012
"COC(=O)[C@H]1Sc2[nH]c(=O)sc2[C@H](c2ccc(OC)cc2)[C@@H]1C(=O)OC
",2.2692438585259898,-0.4175663913800514
"Cc1ccc(NC(=O)CCNC(=O)Nc2ccc3c(c2)COC3)nc1
",3.4942549064606068,1.1049112547700701
"O=c1[nH]c(-c2cccnc2)nc2c1CCN(Cc1cccc(F)c1F)CC2
",3.069252274772924,0.5767062174437408
"COc1cccc(N2CCC[C@@H](NC(=O)[C@@H](C)c3ccsc3)C2)c1
",2.5572268191552747,-0.05965319478525765
"CCOC(=O)C1=C(C)OC(N)=C(C#N)[C@H]1c1ccc(SC)cc1
",1.916968637162008,-0.855383789617813
"CNC(=O)[C@@H]1CCCN1C(=O)Nc1ccc(OCC(F)(F)F)nc1
",2.5461130117310287,-0.07346574235008173
"CC(C)n1cnnc1C[NH2+][C@H](C)CC(=O)Nc1cccc(Cl)c1
",2.526444050381294,-0.09791087207234048
"Cc1cccc(NC(=O)c2ccc(=O)n(Cc3ccccc3C)c2)c1
",2.377074666222588,-0.2835512781603168
"O=C(Cc1c[nH]c2ccccc12)NC1(C(=O)NC2CCCCC2)CCCCC1
",2.2401712917171652,-0.4536985823160174
"C[C@@H](Nc1nc(NCCO)c2ccccc2[nH+]1)c1ccccc1
",2.7603294003417767,0.19276831623146873
"CCN(C(=O)Nc1cccc(NC(=O)C2CC2)c1)[C@H](C)c1ccc(F)cc1
",2.369167929826919,-0.2933779890595398
"CC[C@H]1CCCC[C@@H]1OC(=O)c1cn(Cc2cccnc2)nn1
",3.411705563011022,1.0023166452616423
"O=C(CCOc1ccccc1)NNC(=O)Nc1ccc(Cl)cc1
",2.8947491811308423,0.35982894135545945
"CC(C)Oc1cccc(C(=O)[C@H]2CCCN(C(=O)Cc3cnc4ncnn4c3)C2)c1
",4.632504555374936,2.5195594321331076
"CCOC(=O)N1CCN(CC(=O)N2CCC[C@H]2c2cccs2)CC1
",2.7080101997805817,0.1277445652594565
"C[NH2+]Cc1cccc(S(=O)(=O)N2C[C@@H](C)[C@@H](C)C2)c1
",1.7922613125357607,-1.0103735053226317
"O=C(CCc1cccs1)NNc1ccc(F)cc1F
",2.4865338515183737,-0.14751237217688906
"CCCc1nc([C@H]2CN(C)CC[NH+]2C)nc([O-])c1Br
",1.9879857202643807,-0.7671217925522007
"CCOc1cc2c(cc1/C=C(\C#N)c1nc3ccccc3[nH]1)OCO2
",3.392524987362195,0.9784784948099667
"COc1cc(NC(=O)N2CC[C@@H](C)[C@@H](O)C2)ccc1Br
",2.4184900282062727,-0.23207911965718733
"CCOc1ccc(CN(C)C(=O)[C@@H]2CC(=O)N([C@@H]3CCS(=O)(=O)C3)C2)cc1
",3.742892335847876,1.4139247358130191
"COc1cccc(N2C[C@H](C(=O)N3CCC(c4nc5ccccc5[nH]4)CC3)CC2=O)c1
",3.5833102560829957,1.2155917088759889
"CC(=O)N(C(C)=O)N1C(=O)/C(=C/c2cccc(F)c2)SC1=S
",2.533926607995733,-0.08861134230628577
"O=C(Cn1c(Cl)nc2ccccc21)c1ccc2c(c1)OCCO2
",3.667911426789527,1.320736386106442
"CC(=O)Oc1c(C2=NN(C(C)=O)[C@H](c3ccc(Cl)cc3)C2)c(=O)n(C)c2ccccc12
",3.4985467208333816,1.1102452404961518
"CCc1ccc(N2C(=O)N=C([O-])/C(=C/c3ccc(-c4ccc(C(=O)OC)cc4)o3)C2=O)cc1
",4.624045027657666,2.5090456968747636
"CC(=O)N1CCc2c(sc(NC(=O)c3cc(C)no3)c2C#N)C1
",3.469444629216481,1.074076355311282
"CCCc1cc(NC(=O)C(=O)N2C[C@H](c3ccc(F)cc3)C[C@H]2C)n(C)n1
",2.5926643491581545,-0.015610451370719628
"CN(C)c1ccccc1N(C)S(=O)(=O)CCC1CC1
",1.8951162588220514,-0.8825425304258183
"COc1cc(C(=O)N2Cc3ccccc3N(C)C[C@@H]2C)cc2c1OCCO2
",2.996762239289699,0.48661359437889995
"C[C@@H](CCCO)NC(=O)NC[C@@H]1COc2ccccc2O1
",2.592500802543253,-0.015813711631686933
"Cc1ccccc1C(=O)NC(=S)Nc1cccc(OCC(C)C)c1
",2.6463738326135604,0.05114118167372762
"N#Cc1ccc(C[NH2+][C@H](c2ccc(F)cc2)C2CC2)cc1
",1.9300874406053832,-0.8390793774898974
"C[C@@H]1CCC[C@H](CNC(=O)c2nccnc2C(N)=O)C1
",2.1732352412510876,-0.5368885590333693
"CC(C)(C)c1ccc(NC(=O)N2CCC(C3OCCO3)CC2)cc1
",2.516096388294246,-0.11077123300051893
"CC[C@H](NC(=O)OC(C)(C)C)c1nc(C)cc(C)n1
",2.0484709944696577,-0.6919490191686011
"CCCOC[C@@H](NC)c1ccc(Br)cc1C(F)(F)F
",1.2590413909220908,-1.6730739866835653
"COCCNc1ncnc(Oc2cccc3ccc(C)nc23)c1[N+](=O)[O-]
",3.9147958093219,1.6275711319830974
"CCC[C@@H](O)[C@]1(C#N)CC[C@H](CC)C1
",1.0577588893574306,-1.9232334523553625
"CC1=C(C(=O)Nc2cccnc2)[C@H](c2ccccc2)n2nnnc2N1
",3.3078059409374427,0.8731873183733898
"COc1ccc(-c2nc3cc(C)ccn3c2NC(=O)c2ccccc2OC)cc1
",2.9564535581156575,0.43651684942566904
"COC(=O)[C@@H]1C[C@@H](O)CN1Cc1cc(O)ccc1Br
",1.7588107507479447,-1.05194678962809
"CCN1C[C@H](C(=O)NCc2cc3n(n2)CCN(C(=O)N(C)C)C3)CC1=O
",2.7811308302912496,0.21862090928311978
"Cc1cc(-c2cc3nc(C)c(C)c(NCCN4CCCC4=O)n3n2)no1
",2.967093105147381,0.4497399730442458
"CCCOCC(=O)N[C@@H]1CCCC[C@@H]1OC1CCCC1
",1.179867241609342,-1.7714738114727746
"CCNC(=O)[C@@H](C)Oc1ccc(OC)cc1/C=C/C(=O)[O-]
",2.3071803234800194,-0.37041790242246414
"C[C@H](c1ccc(S(C)(=O)=O)cc1)[NH+](C)CC1CC[NH2+]CC1
",2.1762850497159936,-0.5330981726358854
"O=C(NC1CCCCCC1)c1cccc(-c2cnn(-c3nccc4nc(C(F)(F)F)ccc34)c2)n1
",4.059802141211014,1.8077890159145285
"CCC(CC)(CO)Nc1ccc([N+](=O)[O-])cc1[N+](=O)[O-]
",2.5378544284080107,-0.08372973835188281
"CC(=O)Nc1c(C)cc(NC(=O)[C@H]2[C@H](C=C(C)C)C2(C)C)cc1C
",2.1907366598254177,-0.515137311483187
"Cc1ccc(F)c(NC(=O)c2cccc(CS(C)(=O)=O)c2)c1
",2.4672676979086585,-0.17145688128767658
"Cc1ccc(N2C(=O)CS/C2=C(/C#N)C(=O)Nc2cccc(C(F)(F)F)c2)cc1
",2.7523956366919657,0.18290801511251897
"COc1cc(-c2ccno2)ccc1S(=O)(=O)NCc1ccco1
",3.494188762949597,1.1048290497833317
"CC[NH+](CC)C[C@H]1CCN(C(=O)C(=O)Nc2ccc(F)c(C#N)c2)C1
",2.4375795363466155,-0.20835415042635969
"CC(C)[C@@H](NC(=O)[C@H]1CC=CCC1)C(=O)N1CCOCC1
",1.2645432420690943,-1.6662361337532745
"CCCCc1nc([C@@H](C)[NH3+])cs1
",1.365678969211896,-1.5405418520064604
"CCn1ncc(NC(=O)Cn2cc(N)cn2)c1C(N)=O
",3.2134361431588583,0.7559019209626142
"O=C(c1ccc([N+](=O)[O-])o1)N1CCC(Cc2ccccc2)CC1
",3.619777050639016,1.2609136507734904
"CC(C)NC(=O)C1CCN(c2ccc3nnc(C(F)(F)F)n3n2)CC1
",2.4661585221402547,-0.17283539564139888
"CCCC1(CNC(=O)N[C@@H]2CC[NH+](C[C@@H]3CCCO3)C[C@@H]2C)CC1
",1.85340758385788,-0.9343792264217888
"CCN(CCO)C(=O)N[C@H](c1cccnc1)c1cccc(C(F)(F)F)c1
",2.3723624654526447,-0.2894077317396588
"C[C@H](N[C@@H](Cc1ccccc1)C1CC1)c1ccnc(Cl)c1
",1.6179713358245644,-1.2269859137888321
"O=C([O-])c1ccc(C(=O)[O-])c(Br)c1
",2.4155703440363867,-0.2357077839781862
"Nc1ccccc1NC(=O)N[C@H]1CCCCC[C@H]1C(=O)[O-]
",2.284872832277695,-0.39814227009611947
"CCSc1ccc([C@@H](C)[NH2+]CCn2cccn2)cc1
",2.040677898869371,-0.7016344941410526
"O=C(Nc1ccc(C2(C(=O)NC3CCCCC3)CC2)cc1)c1ccc(F)cc1
",2.6540495014075534,0.06068071536022712
"C=C(C)Cn1c(N/N=C2/C(=O)Nc3ccc(Br)cc32)nc2c1c(=O)n(C)c(=O)n2C
",2.9811526135996407,0.4672135194016553
"C[C@@H](O)C[C@H]1CCC[NH+]1CCC(=O)N(C)CCC#N
",1.361799967569686,-1.5453627826418221
"CCC(CC)[C@H](CNC(=O)C12CC3CC(CC(C3)C1)C2)N1CCOCC1
",1.0879117192155259,-1.8857586805934932
"CC(C)c1cc(Br)ccc1NC(=O)C(=O)NCC1(C)COC1
",2.244326271194754,-0.4485346587860977
"CC1=C(C(=O)Nc2ccc(C)cc2C)[C@@H](c2cn(C)nc2C)n2ncnc2N1
",3.223499650867469,0.7684091269621451
"Cc1nc(C)n(Cc2cccc(NC(=O)[C@H](NC(N)=O)C(C)C)c2)n1
",2.8762756010645765,0.33686946458774014
"CN1C(=O)C(=C/C=C/Nc2ccccc2)C(=O)N(C)C1=O
",2.7244309475837323,0.14815272525565915
"CC(=O)c1c(O)cccc1COc1ccccc1
",2.1936149077399283,-0.5115601452875769
"COC[C@@H](O)CN(C)c1ccc(C(N)=O)nn1
",2.2622438006560923,-0.42626625710505417
"CNC(=O)[C@@H]1CCCC[C@@H]1NC(=O)Nc1cnn(C(C)(C)C)c1
",2.225850534136531,-0.4714968163231399
"CCC1(CC)CCN(c2nc(C(C)C)c(C(=O)[O-])s2)C1
",2.3648971597702086,-0.2986858203269815
"OCc1cnn(-c2ccccn2)c1C(F)(F)F
",2.2344273616264587,-0.4608372976597638
"CON(C)Cc1ccc(Br)c(F)c1
",1.8813513029330613,-0.8996499987025848
"Cc1nn(C)c(C)c1-c1cccc2c1C[C@@H]([NH+](C)C)CC2
",1.742719639917903,-1.071945267667751
"Cc1ccc(-c2ncco2)cc1NC(=O)N[C@@H]1CCC[C@@]1(C)CO
",2.637053397935992,0.03955748740996972
"COc1ccc([C@H]2C[C@@H]2C(=O)Nc2ccc(-n3ccnc3C)nc2)cc1
",4.3748709598598,2.199365266757701
"COC(=O)C1CCN(C(=O)Nc2ccc(F)cc2OCC2CC2)CC1
",2.2147294490941696,-0.48531840871324644
"Cc1cc(Br)cc(N)c1Oc1ncccc1C#N
",2.440996121833821,-0.20410792339093714
"Cc1ccc(C)c(CSc2ccc(Cl)nn2)c1
",1.9544750137265683,-0.8087698264181281
"COc1cc([C@@H](C)N[C@H]2CC[C@H]([NH+](C)C)C2)ccc1OC(F)F
",1.974532928456148,-0.7838412946667963
"CCOC(=O)c1sc(NC)nc1C(F)(F)F
",1.6548755472272112,-1.1811203381239774
"O=S(=O)(c1cccc(-c2csc(N/N=C\c3c(F)cccc3Cl)n2)c1)N1CCCC1
",3.236132256399938,0.7841092788654633
"C[C@H]1CCC[C@H](C)N(C(=O)c2ccc(S(N)(=O)=O)c(F)c2)C1
",2.2027671728123566,-0.5001854568650475
"Cc1ccc([C@@H](C)NC(=O)N2CCOC[C@@H]2C)cc1F
",1.7387587167889218,-1.0768680125949581
"CCO[C@H](C)c1nc(COc2ccccc2CO)cs1
",2.4451167719954268,-0.19898666528536574
"Cc1ccccc1-c1cc(N(C)C(=O)c2n[nH]c(=O)[nH]2)n[nH]1
",3.497066988474713,1.108406188152782
"Cc1ccc(-n2c(SCCC#N)nnc2-c2ccc(Cl)cc2)cc1
",3.163429854943512,0.6937527214895424
"COCC[C@@H](C)C(=O)Oc1ccc(C(=O)N2CCCC2)cc1
",2.7997546085516425,0.2417670565249021
"COc1ccc(O[C@@H](C)C(=O)N2CCCC2)c(C[NH3+])c1
",1.7032495843340936,-1.1209997455191703
"COc1ncnc(N)c1C[NH+]1CCC(c2cnn(C)c2)CC1
",2.8013636441370426,0.24376681049835572
"CCCCN(C(=O)c1cc(F)cc(F)c1)[C@@H]1CCS(=O)(=O)C1
",2.190309908675848,-0.5156676896269468
"C[NH+]1CCC(N(Cc2ccco2)C(=O)C2[C@H]3CCCC[C@@H]23)CC1
",1.4749508774856728,-1.4047356990909554
"CCn1nc(C)c(NC(=O)N[C@H](C)c2oc3ccc(F)cc3c2C)c1C
",3.4421518810433267,1.0401561722519619
"CCN(CC)C(=O)c1ccc(C(=O)N(CC2CC2)c2ccccc2)cc1
",2.768007363745133,0.20231070172201385
"Cc1ncsc1CNC[C@H]1C[C@H](O)C[NH+]1Cc1ccccc1
",1.9639246250774272,-0.7970255878084066
"CC1(C)C[C@H](Nc2ccc(OCCO)cc2)C[NH+]1Cc1ccccc1
",2.223782840648405,-0.474066603036549
"O=C1N[C@@]2(CCOc3ccccc32)C(=O)N1Cc1cccc(C(F)(F)F)c1
",2.6380319737582663,0.04077368853483909
"Cc1cc(N2C[C@@]34C=C[C@@H](O3)[C@@H](C(=O)NCCCN3CCOCC3)[C@@H]4C2=O)no1
",3.413923963892444,1.00507373529594
"O=C(CNC(=O)c1ccc2c(n1)NC(=O)CS2)Nc1ccc2c(c1)CCC2
",2.848332686537089,0.30214123678268473
"Cc1ccc(OC[C@@H](C)O)c(C[NH3+])n1
",1.7107196998115024,-1.111715679185491
"Cc1ccccc1N(C(=O)Cn1nnc2ccccc21)[C@H](C(=O)NC1CCCCC1)c1ccc(O)cc1
",3.809850400902945,1.4971420728710676
"CC(C)[NH2+][C@H](C)[C@@H](C)Cc1ncnn1C(C)C
",1.8130189259037839,-0.9845753687315165
"Cc1nnc(-c2cc(CC(C)C)n(-c3cccc(C(=O)N[C@@H]4C[C@@H](C)CC(C)(C)C4)c3)n2)o1
",3.810359918275576,1.4977753151683217
"c1ccc(-n2c(SCc3nnc(-c4ccco4)o3)nnc2C2CC2)cc1
",4.4768138752358295,2.326062744388664
"CN1C(=O)C(=O)N(CC(=O)N2N=C(c3cccs3)C[C@@H]2c2cccs2)C1=O
",3.7999620593437005,1.4848525682116365
"Cc1nnnn1-c1cccc(N[C@H]2CSCC(C)(C)C2)c1
",2.7370393176525902,0.16382275665381602
"Cc1ccc([C@@H](O)CN(C)CC(F)F)c(C)c1
",1.1452417584578094,-1.814507320578049
"CCC(=O)[C@H](C)c1ccc(Cl)c(Cl)c1
",1.226299968416439,-1.7137659330558497
"CCN(Cc1ccccc1)C[C@H]1CCC(C)(C)[C@@H]1[NH3+]
",1.1169490995056277,-1.8496702204371733
"O=C(CN1CCN(c2ccccc2)C1=O)Nc1cccc2cccnc12
",3.021924857549188,0.5178863930065294
"Cc1n[nH]c2cc(NC(=O)CCc3ccncc3)ccc12
",3.9107349739169814,1.622524213313174
"CC(=O)Nc1ccc(NC(=O)c2ccc3c(c2)S(=O)(=O)N=C(C)N3CC(C)C)cc1
",3.4773510327452914,1.0839026525143576
"O=C(NC1CCC(CO)CC1)c1nc(C2CC2)n2ccccc12
",2.1112483822223904,-0.6139275436085413
"CCCc1nnc(NC(=O)c2ccc(S(=O)(=O)c3ccc(Cl)cc3)o2)s1
",3.7558823298800386,1.4300690600384498
"Cc1cccc(-c2nnc(SCC(=O)Nc3c(C)n(C)n(-c4ccccc4)c3=O)o2)c1
",4.563570718969017,2.433886551738822
"O=C([O-])CSc1nc2cnccc2n1CCC1CC1
",2.939721519225767,0.41572180824843014
"COC[C@H](O)CC[NH2+][C@@H]1CCc2ccc(OC)cc2C1
",2.173093544064078,-0.5370646642204272
"Nc1c(C(=O)Nc2cccc(Cl)c2)sc2nc3c(cc12)C(=O)CCC3
",3.477402327309166,1.0839664028184872
"O=C1C(=O)N(Cc2nnc(-c3ccccc3)o2)C(=O)N1CCc1cccs1
",4.711480642267509,2.617713099462947
"CC1(C)[C@@]2(C)CC[C@]1(C(=O)N1CCN(c3ccccc3)CC1)c1nc(C#N)c(C#N)nc12
",3.7243627637082697,1.3908956705463502
"O=C(CCCc1cccs1)N1CCC[C@H](c2nc[nH]n2)C1
",2.542212567114689,-0.07831332290736376
"COc1cccc(N2C(=O)[C@H]3ON(c4ccccc4)[C@@H](c4cccs4)[C@@H]3C2=O)c1
",3.6908696508146206,1.3492695025484884
"CCOC(=O)C1=C(C)NC(=S)N[C@@H]1c1ccccc1Br
",1.4365534332104524,-1.4524571059116376
"CC[C@H](C)N1C(=O)CC[C@H]1c1c(C)n(C)c2ccccc12
",2.0828543460063065,-0.6492164379379842
"COc1ccc(C[C@@H]2c3cc(OC)c(OC)cc3CCN2C(=O)Nc2c(F)cccc2F)cc1OC
",3.1719823011631636,0.7043819384351973
"CC(=O)Nc1cccc(NC(=O)/C=C/c2c(Cl)cccc2Cl)c1
",2.3668143608775583,-0.296303069710948
"COc1ccccc1[C@@]1(Cc2sccc2C)NC(N)=NC1=O
",2.241681997923063,-0.45182103481776614
"CC(C)[C@@H](CO)NC(=O)N[C@H](Cc1ccccc1)c1ccccc1F
",2.169885487633649,-0.541051725570732
"Cc1nn2c(=O)cc(COc3ccc(Cl)cc3)nc2s1
",3.319210597947512,0.8873613418559653
"CCN(CC)[C@@H]1CC[NH+](Cc2nnc(C3CC3)o2)C1
",1.9908727307141492,-0.7635337360351717
"C[C@@H]1CC(C(=O)Nc2ccc3c(c2)C[NH+](C)C3)C[C@@H](C)O1
",2.097253483026787,-0.6313207917930002
"C[C@H]1CCC[C@H](C)N(C(=O)N[C@@H](C)c2noc(Cc3ccccc3)n2)C1
",3.0246649645077466,0.5212918737974983
"C[C@@H]1C[C@]1(O)CC[C@@H]1CCCO1
",0.8527291508342976,-2.1780500878655227
"O=C(NCC[C@H](O)c1cccc2ccccc12)c1ccc(Cl)cc1Cl
",2.7870669136320867,0.2259984380061023
"CC(=O)N(C)c1ccccc1NCc1cc(C)ccc1OC(F)F
",2.110567056942544,-0.6147743135295733
"Cc1ccc2nc(C)cc(C(=O)NCC3([NH+]4CCCC4)CCCCC3)c2c1
",2.078862069143831,-0.6541781501532404
"CNC(=O)[C@H](C)CN(C)C(=O)CNC(=O)c1ccccc1C
",2.3123405338047673,-0.3640046501647743
"Cc1c(C(=O)N(C)CCC(C)C)cnn1-c1ccc(C(F)(F)F)cn1
",3.0851854098397853,0.5965083588311886
"COC(=O)CN(CC(=O)OC)c1ccc2nccnc2n1
",3.954746895770578,1.6772234483112431
"C[C@H](Nc1ccc(CO)cc1)C(=O)NCCc1ccc2c(c1)OCCO2
",2.6006934744668846,-0.005631632141872762
"COC(=O)C(C)(C)[C@@H]1CCCN(C(=O)c2ccc(C)c(C)c2)C1
",2.510364284745626,-0.11789524999032991
"O=C(Cn1cc(C(F)(F)F)ccc1=O)Nc1ccc([N+](=O)[O-])cc1Br
",2.4535564758822854,-0.1884975676323016
"O=C(CNC(=O)c1cnc2c(c1)NC(=O)CO2)NCc1ccc(F)cc1
",2.799581472476964,0.24155187821782934
"COc1ccc(N2C(S)=C(C#N)C(=O)N[C@@H]2c2ccc(OC)c(OC)c2)cc1
",2.7364918232980657,0.16314231551203012
"Cc1cc(NC(=O)N[C@H](C)CCCO)n(C)n1
",2.017972823079519,-0.7298529909476535
"CC1CCN(S(=O)(=O)N[C@@H](C)Cc2ccco2)CC1
",1.969274859799587,-0.7903761679685789
"COc1cc2cc(N)c(C3CCN(C(=O)c4ccn(C)n4)CC3)nc2cc1OC
",3.777158389259324,1.456511535686109
"O=C1S[C@@H](Nc2cccc([N+](=O)[O-])c2)C(=O)N1c1ccccc1
",2.99991512546755,0.4905320886118512
"C[C@@H](OC[C@H]1CCCO1)C(=O)Nc1cncc2ccccc12
",2.494887667825794,-0.13713001798544286
"CC1(C)CN(C(=O)Nc2ccc3c(c2)COC3)CC[S@]1=O
",2.359806264516338,-0.3050129258955212
"Cc1cc(OC(=O)[C@@H](C)Sc2nncn2C)cc(C(C)C)c1
",2.9186694273097005,0.3895576855648448
"COc1ccccc1[C@H](C)N1CC[C@H]([NH3+])[C@@H](C)C1
",1.4136636093458428,-1.480905212740501
"Cc1n[nH]c(C)c1CCOC(=O)Cc1cccc2cccnc12
",3.082644070000056,0.5933499113185872
"O=C1CCCN1CC[NH+]1CCC[C@H](c2ccccc2)CC1
",1.5059966858950713,-1.366151108862434
"Cc1ccc(/C=N/NC(=O)[C@@H]2[C@@H]3CCCC[C@@]32C)cc1[N+](=O)[O-]
",2.542481891195868,-0.07797859948274126
"C[C@]1(C(N)=O)CN(Cc2ccc3[nH]ccc3c2)CCO1
",2.5845309899266264,-0.02571881540465042
"Cc1ccc([C@@H](NC(=O)Cc2n[nH]c(=O)c3ccccc23)C2CC2)cc1
",2.23910726656436,-0.45502098223462917
"Cc1nc2ccc(NC(=O)C(=O)NC[C@H]3Cc4ccccc4O3)cc2o1
",3.9994086955408044,1.7327303695766845
"C[C@H](Nc1ncnc2nc(N)ccc12)c1ccc(F)c(F)c1
",3.044643562781003,0.5461218288609482
"CCN(C)[C@@H](C(=O)NCC1CCN(CC#N)CC1)c1ccccc1
",2.1062659701569686,-0.6201198232670005
"CN(Cc1ccncc1)C(=O)NCC1(C)Cc2ccccc2C1
",2.7914998522705057,0.2315078168767068
"O=C(Cc1c[nH]c2ccccc12)N1CC[NH+](C[C@H]2CCOC2)CC1
",2.191929333173497,-0.513655024025722
"COc1ccccc1N(C(=O)c1ccc(=O)[nH]c1)c1nc(-c2ccc([N+](=O)[O-])cc2)cs1
",3.866594938145061,1.5676657547904371
"CCOC(=O)C1(C)CCN(C(=O)c2ccc3nc(C)ccc3c2)CC1
",3.1841827117058195,0.7195449464393824
"C[C@H]([NH2+]CCn1cnnc1C1CC1)c1ccc(F)cc1Br
",2.1032754606454604,-0.6238365112834449
"Cc1cccc(C)c1NC(=O)[C@H](C)N1CCN(c2cc(Cl)ncn2)CC1
",2.8236595313061774,0.27147675635829277
"C[C@H]([NH2+][C@H](C)C1CC[NH+](C)CC1)[C@H](O)Cc1ccccc1
",1.4410124671471025,-1.4469152950819144
"C=C(C)Cn1c(N2CCCC2)nc2c1c(=O)[nH]c(=O)n2C
",2.149923083376336,-0.5658615542628184
"O=C([C@@H]1CCC[NH+](C2CCN(c3nnnn3-c3ccccc3)CC2)C1)N1CCCC1
",3.363212927617765,0.9420486554230054
"CC(=O)c1ccc(S(=O)(=O)N2CCN(CC(=O)c3cc(C)n(C4CC4)c3C)CC2)cc1
",4.172882558803326,1.9483284896538744
"Cc1n[nH]c(C)c1S(=O)(=O)N[C@H](C(=O)[O-])C(C)C
",2.3257223261321154,-0.34737338817072083
"O=C([C@H]1CCCC[NH+]1Cc1sccc1Br)N1CCOCC1
",1.446376706004578,-1.4402484705149965
"Cc1ccc(N2C(=O)CC[C@H](C(=O)Nc3sccc3C#N)[C@H]2c2cccs2)cc1
",3.087648540704161,0.5995696060639195
"Cc1cnc(CN2CCN(c3cccc(F)c3C#N)CC2)o1
",2.9810531444741017,0.4670898964185235
"CCc1cccc(C(=O)NCc2nccn2Cc2ccccc2)c1O
",3.0223720448139684,0.5184421697200694
"CN1CCO[C@@H](CS(=O)(=O)c2ccc(C(=O)[O-])o2)C1
",3.448119237821776,1.0475725684690487
"CCOc1ccccc1N1C(=O)N=C(O)/C(=C/c2cc(OC)c(OC)cc2OC)C1=O
",3.2923334619438855,0.8539576931076139
"CC[NH2+][C@H](Cc1ccc(C)cc1)[C@H]1CCOC2(CCC2)C1
",1.343627415588633,-1.5679481333709455
"C[C@@H](C[NH3+])[C@]1(O)CCc2ccccc21
",1.2683782246276145,-1.6614699112538394
"CCOC(=O)CN1C(=O)S/C(=C\c2ccc(-c3ccc(Br)cc3)o2)C1=O
",3.7418864176798987,1.412674552863907
"C#Cc1cccc(NC(=O)C[NH+](C)CC2CCCC2)c1
",1.8716551978747251,-0.9117005865164082
"O=C(CCCC[C@H]1CCSS1)N[C@@H]1CCS(=O)(=O)C1
",2.6523106379244714,0.05851960768110658
"Cc1ccc(S(=O)(=O)N2CCN(C(=O)CNC(=O)c3sc4ccccc4c3Cl)CC2)cc1
",3.596395679227657,1.2318546350444928
"C#CCN1CCN(C(=O)C[NH2+]C2(C(=O)NCC3CC3)CCCC2)CC1
",1.493973379224439,-1.381094007271153
"CCCNC(=O)c1cccc(CNS(=O)(=O)c2cnn(C)c2)c1
",2.768419457704428,0.2028228635038996
"Cc1cccc(NC(=O)COc2ccc(Br)cc2)c1
",2.7506779878849232,0.18077327362013185
"CO[C@H]1CN(C(=O)c2cn(C(C)C)cc(C(=O)[O-])c2=O)CC[C@H]1[NH3+]
",1.8116530029049234,-0.9862729756515796
"COc1ncccc1-c1cncc(C(=O)N2CCCCC2)n1
",3.2142578801954884,0.756923198502431
"CCOC(=O)c1cc(SC[C@@H](C)CO)ccc1N
",1.8115678088458838,-0.9863788571868451
"CC(C)C(=O)N1CC(C)(C)c2cc(S(=O)(=O)NCc3cccc(Br)c3)ccc21
",2.391327327213532,-0.26583767648019074
"O=C(CCC(=O)Nc1ccc([N+](=O)[O-])cc1)NC[C@H]1OCCc2ccccc21
",4.1537422683478855,1.9245404067558793
"CN(CC(C)(C)O)C(=O)Cc1ccc(C(F)(F)F)cc1
",1.9646451710711288,-0.7961300732983266
"CN1CCc2ccc(NC(=O)[C@@H]3COc4ccc(F)cc4C3)cc2C1=O
",3.2034032169562714,0.7434327225054526
"C[C@@H](C(=O)Nc1cccc(N)c1)N1CC[NH+]2CCC[C@@H]2C1
",2.075884809472605,-0.6578783709013462
"Cc1ccc(CNC(=O)CN2CC[NH+](CCCO)CC2)cc1F
",2.3110622918352397,-0.36559328467403673
"CCC[NH2+][C@H](CSc1ccccc1)c1cscc1Br
",1.4309318412600405,-1.45944377602756
"CC[C@H]1CCCN(C(=O)CN(C)C(=O)OC)C1
",1.9264575647711406,-0.8435906876737952
"CC(C)n1cc([C@@H]2[C@H]3[NH+]=c4ccccc4=C3CCN2Cc2ccc3nsnc3c2)cn1
",3.0223187817535795,0.5183759729139717
"CSc1cccc2sc(N(C[C@@H]3CCCO3)C(=O)c3cccc([N+](=O)[O-])c3)nc12
",4.01631860899533,1.7537464781875043
"CC(C)[C@@H](CNC(=O)C(=O)Nc1c(F)cc(F)cc1F)c1ccccc1
",2.640202176437033,0.04347087650845622
"COc1ccc(OC)c(C(=O)Cn2cncn2)c1
",3.304985010990367,0.8696813885346188
"C[C@@H](Oc1ccccc1C#N)C(=O)NCC1(c2ccc(F)cc2F)CC1
",2.438937436895665,-0.206666514029032
"O=C(C[C@H]1SC(N2CCCCC2)=NC1=O)Nc1ccc(Cl)c(Cl)c1
",2.510788727179773,-0.11736774118201646
"C[C@H](c1cccc(N)c1)N(C)C(=O)N1CCCC1
",1.6782354449129173,-1.1520880105357452
"Cc1ccccc1CC(C)(C)NC(=O)[C@@H]1CS[C@]2(C)CCC(=O)N12
",1.956528008928748,-0.806218307141431
"CC(C)c1ccc([C@H]2[C@H]3[NH+]=c4ccccc4=C3C[C@H]3C(=O)N(CCN4CCOCC4)CC(=O)N32)cc1
",2.213686406619934,-0.4866147307780032
"CNC(=O)C[NH+]1CCC[C@@H](N2CC[NH+](Cc3ccc4c(c3)OCO4)CC2)C1
",2.5694251048359957,-0.04449282761831428
"CCCCNC(=O)[C@@H]1CC[C@H](C)N(C(=O)c2cc(COC)on2)C1
",2.722893914081565,0.1462424574647043
"C[C@H]1C[C@@H]([NH3+])CN(c2[nH+]ccc3sccc23)C1
",1.9105015559412815,-0.8634212572071821
"Cc1nc(-c2ccccn2)sc1C(=O)N[C@H](C)[C@H]1CCCO1
",2.5890959336673744,-0.020045376938165094
"CCC(CC)NC(=O)c1ccc(NC(C)=O)cc1
",2.150458218610334,-0.5651964733781987
"CCC(=O)Nc1c(C)noc1/C=C/c1ccc(S(=O)(=O)N2CCN(c3cccc[nH+]3)CC2)s1
",3.931495422692586,1.6483258738273323
"Cc1ccc(N[C@@H](CNS(=O)(=O)c2ccc(C)cc2)c2ccccc2)cc1
",2.654421971009679,0.06114363089397913
"C[C@H](NC(=O)NCC[NH+]1CCCC[C@@H]1C)c1ccc(Cl)s1
",1.8783702734584096,-0.9033549046667586
"C[C@@H](Sc1ccccn1)C(=O)NCCOc1cccc(Cl)c1
",2.7651510720796626,0.19876082336059378
"Cc1cc(=O)c2ccc(N)nc2[nH]1
",1.7083921375288504,-1.1146084380314905
"COc1cc2c(cc1OC)-c1c(c(C(=O)Nc3ccon3)nn1-c1cccc(Cl)c1)C2
",3.9822935579052734,1.711459202671854
"COC[C@@H](C)[NH+]1CCN(CC(=O)Nc2ccccc2C(C)=O)CC1
",2.18943081113271,-0.5167602563923399
"C[C@@H](NC(=O)c1nc(C2CC2)n2ccccc12)[C@@H](O)Cc1ccccc1
",2.3182712622432504,-0.35663377666269364
"C[C@@H](Cn1ccnc1)[NH2+][C@@H]1CCCC[C@H]1C
",1.588960654758534,-1.2630411914102788
"CC1(C)[C@@H](c2nc3ccc(F)cc3s2)[C@H]1C(=O)[O-]
",2.5462730434338314,-0.0732668505191849
"Cc1nn([C@H]2CCS(=O)(=O)C2)c(C)c1CN(C)C(=O)[C@H]1CCCN(C(=O)Nc2ccccc2)C1
",3.831667801820562,1.5242573427702004
"NC(=O)CCCCNC(=O)[C@H]1C[C@@]12CCCc1ccccc12
",2.472168559377167,-0.1653659549688789
"O=C(c1cnc2ccccc2n1)N1CCC[C@H]1c1cccs1
",3.2988165530791056,0.8620150582619674
"OC[C@@H]1CCCCN1c1ccncn1
",1.661152129416298,-1.1733196280053053
"Cc1ccc(NC(=O)[C@H]([NH3+])C(C)C)c(C)n1
",1.9032405231436957,-0.8724454697976934
"CC[NH+]1CCc2c(cccc2NCc2ncc(-c3ccccc3)s2)C1
",2.6227871725170657,0.021827027483200784
"C[C@H](NC(=O)CCc1c[nH]c2ccccc12)c1ccc2c(c1)OCCO2
",3.0943418635487743,0.6078882530072027
"COc1ccc([C@H](CNC(=O)c2cc(Br)ccc2Cl)[NH+](C)C)cc1
",2.2901413906785884,-0.39159435984966073
"COc1cc(F)c([C@H](C)NC(=O)c2c(C)cc(C)cc2C)cc1OC
",2.221338274030326,-0.47710477811001095
"Cc1ccc(S(=O)(=O)NC2CC[NH2+]CC2)c(C)c1
",1.6288965903092456,-1.2134077050375947
"O=C1CCC(CCC(=O)N2CC[C@]3(CCCN(C4CCCCC4)C3=O)C2)=NN1
",2.5237525169297133,-0.10125598436402618
"CC(C)c1cc(C(=O)N2CC3(CCCC3)c3ccccc32)n[nH]1
",2.358018704061541,-0.3072345555193184
"CCN(C(=O)/C=C/c1ccc(F)cc1)[C@H](C)c1cccc(OC)c1
",2.4075196235207383,-0.2457134423280781
"CC(=O)c1ccc(NC(=O)[C@@H](C)Oc2ccccc2C(N)=O)cc1
",2.9471339703128456,0.42493420768130524
"CN(C)C(=O)CCc1cccc(NC(=O)CCc2ccccc2)c1
",2.3964237985711803,-0.25950364077549537
"CCc1ccsc1C[NH2+]CC(=O)Nc1ccccc1Cl
",2.08542361888587,-0.6460232744701195
"O=C(NCc1ccc(C(F)(F)F)cc1)c1ccc[n+]([O-])c1
",2.500172697192099,-0.13056163716715383
"C/C(=N/NC(=S)Nc1ccccc1)c1ccc(NC(=O)C(F)(F)F)cc1
",2.882541277913133,0.34465662124727514
"O=C(CC1CCN(C(=O)NC2CCCCC2)CC1)NCCc1ccccc1
",2.7899878382926477,0.2296286440432565
"COC(=O)c1cc(-c2csc(NC(=O)[C@H]3CC3(Cl)Cl)n2)c[nH]1
",2.710863261654647,0.1312904295466981
"CC1=C(C(=O)Nc2ccc(C)cc2)[C@@H](c2ccccc2)n2nnnc2N1
",3.1630451721057167,0.6932746270083635
"Cc1nc(C[NH+](C)Cc2ccc3c(c2)OCO3)oc1C
",2.433404435959069,-0.21354308078024434
"C/[NH+]=C(/NCc1cccc(CO)c1)N1CCN(c2cccc(OC)c2)CC1
",2.5629208985864893,-0.0525764352212981
"CN(Cc1ccon1)C(=O)[C@@H]1[C@@H]2C(=O)N(CC(C)(C)C)C[C@]23C=C[C@H]1O3
",3.287947116626615,0.84850622170652
"CN(C)C(=O)c1cccc(NC(=O)NCCc2nc3ccccc3s2)c1
",3.136378367491822,0.6601323839344263
"Cc1cccc(N2CCN(C(=O)CCc3cnn(C)c3)CC2)c1
",3.0292345697857117,0.5269711057514969
"CC[C@H](C)[C@H](NC(=O)c1ccccc1)C(=O)NNc1cccc(F)c1F
",2.2531642595460397,-0.43755056217370036
"Cc1ccc(CNC(=O)c2nnc(CN3CCN(C(=O)C4CC4)CC3)s2)cc1
",3.4970897866534747,1.1084345223605399
"Cc1cc(CC(=O)Nc2cccc(COc3cccc(F)c3)c2)no1
",3.1440262719607817,0.6696374113490886
"O=C(CSc1ccccc1)N1CC[C@@H](CCl)C1
",1.4183857174781145,-1.475036446016961
"CC(C)(C)c1ccccc1OCC[C@@H]1CCC[C@@]1(O)C[NH3+]
",1.662234293252042,-1.1719746848293477
"Cc1ccc(-n2nc3c(c2-n2cccc2)CN(C(=O)c2ccno2)C3)cc1C
",4.514254195352062,2.3725946108055216
"C[C@@]1(c2c(F)cccc2F)NC(=O)N(Cc2csc([N+](=O)[O-])c2)C1=O
",2.9270199866398157,0.3999359918947231
"C#CC[C@@H](C)OC(=O)[C@H]1CCCN1C(=O)c1ccccc1OC(F)F
",2.4612937424111796,-0.1788814785754659
"Cc1ccc(C[C@H](C)NC(=O)N2CCC(C)(C)C2)s1
",2.0011474959238074,-0.7507639733644431
"COC(=O)[C@]1(F)CCN(C(=O)c2ccccc2COc2ccccc2)C1
",2.8550848554599275,0.3105330192612047
"CC(C)(CNC(=O)c1ccncc1Cl)NC(=O)OC(C)(C)C
",2.060486141255091,-0.6770162620911226
"C[C@@H]1CN(S(=O)(=O)N2CCC(OCc3ccc(F)cc3)CC2)CCO1
",2.8490290467224884,0.3030066925005959
"Cc1ccccc1[C@H]1CCCN1S(=O)(=O)c1ccc2c(c1)CCCC2
",2.527212139632244,-0.09695626948586479
"CNC(=O)c1cc(NC(=O)C#Cc2ccccc2)ccc1F
",2.6786189168665215,0.09121626512389815
"N#CC(C#N)=Cc1cc(Br)c2c(c1)OCO2
",2.267044915974656,-0.42029929806298993
"O=C(Cn1ccc(C(=O)[O-])n1)NC1=NCCS1
",2.4946507377631995,-0.13742448122690457
"C[C@H]1CC(Nc2cccc(C(=O)N3CCSCC3)c2)C[C@H](C)O1
",1.5938528289230327,-1.2569610619134222
"CCC[NH2+][C@@H](C)c1c(F)cccc1Sc1ccncc1
",1.6207055773640129,-1.223587722703124
"Cc1cccc(C[C@H](CC(=O)[O-])NC(=O)OC(C)(C)C)c1
",2.0058006312592607,-0.7449809279423768
"C=CC[NH+]1CCC(NC(=O)N2CCN(CCOC(C)C)CC2)CC1
",2.2675702363006174,-0.4196464154178146
"CC(C)c1cccc(-n2cc([O-])c(C(=O)NCCCCC#N)n2)c1
",3.0286145848671167,0.5262005713297031
"COCCn1nc(/C([O-])=N/S(=O)(=O)Cc2ccc(C#N)cc2)ccc1=O
",4.339897255421045,2.1558989785957774
"C[NH+](C[C@@H](O)Cn1cccn1)C[C@H](O)C1CC1
",1.6508161975028328,-1.1861654103489927
"COc1ccc(S(=O)(=O)N2CCN(Cc3cn4ccsc4n3)CC2)cc1
",3.7985486270278663,1.483095915397091
"Cc1ccc(-n2nnnc2S[C@H](C)C(=O)N2CCc3ccccc32)cc1
",3.922488392658105,1.6371316875309558
"c1ccc([C@H]([NH2+]Cc2ccon2)C2CCC2)cc1
",1.9296147066661757,-0.839666904317703
"CC(C)c1cc(/C([O-])=N/S(=O)(=O)c2c(Cl)cccc2Cl)[nH]n1
",2.9305487082758246,0.4043215848404911
"CCCc1nc(CN2C(=O)N[C@@](C)(CC(C)C)C2=O)cs1
",1.8794844128176096,-0.9019702214249724
"CCOC(=O)c1cc2c(cc1Cl)OCCO2
",2.1192204312176486,-0.6040196604022978
"Cc1cccc(C)c1OCC(=O)OCCN1C(=O)c2ccccc2C1=O
",3.8138958934796636,1.5021699230493208
"C[C@@H]1CN(CC(=O)Nc2ccc(Cl)cn2)C(C)(C)CO1
",2.115495280878676,-0.6086493803784535
"Cc1nc2n(n1)C[C@@H](NC(=O)[C@H]1CCO[C@@H]1C)CC2
",2.475967242335635,-0.16064484661738326
"C[C@H]1C[C@@H](C)C[NH+](CCCC[NH2+]Cc2cc[nH]c2)C1
",1.9395823615317218,-0.8272788268853243
"Cc1cc(C(F)(F)F)nn1C[C@H](C)C(=O)N1CCOCC1
",2.6220266027733916,0.020881770348553482
"CCNC(=O)c1cc(S(=O)(=O)Nc2ccc(NC(C)=O)cc2)ccc1C
",2.5790719279463894,-0.032503488773818694
"COc1ccc(NS(=O)(=O)c2cc([N+](=O)[O-])cc(C)c2C)cc1CO
",2.9793762392545813,0.46500579218473975
"CCn1c(SCc2cc(=O)n3cc(C)ccc3n2)nnc1-c1cccs1
",3.042016041735493,0.5428562729597811
"CCc1nn(CC(=O)NCCc2c[nH]c[nH+]2)c(=O)c2cc3sc(C)cc3n12
",3.235752508896483,0.7836373181544422
"CC1(C)CCC[NH+]([C@H](C[NH3+])CC(=O)N2CCCCC2)CC1
",1.1807367028561235,-1.7703932209632847
"CS(=O)(=O)N1CCCC[C@@H]1C(=O)Nc1nc2c(ccc3ccccc32)s1
",3.4139522576209127,1.005108899525024
"C[C@@H](NC(=O)c1ccc(-c2nc3ccccc3s2)o1)c1ccc2c(c1)OCCO2
",3.676304418291225,1.3311674283139445
"O=C1CSc2ccc(C(=O)N3CCN(Cc4nc(-c5cccs5)no4)CC3)cc2N1
",3.8694680778985955,1.571236572422161
"Cc1nnsc1C(=O)N1C[C@H]2CC[C@@H]1CN(S(=O)(=O)N(C)C)C2
",3.370080680414556,0.9505840887401399
"Cc1cc(NC(=O)CN2C(=O)N[C@](C)(c3ccc4c(c3)CCC4)C2=O)ccc1Br
",3.227656565050965,0.7735754549981311
"COc1cccc(NC(=O)C(=O)NCCc2csc3nc(-c4ccc(Cl)cc4)nn23)c1
",3.5307485019876172,1.1502665056563324
"COc1ccc(F)cc1NC(=O)Cc1csc(NC(=O)c2ccccc2)n1
",3.675130817354907,1.3297088445778573
"O=C(Nc1cnn(CC(F)F)c1)c1ccccc1Cn1cncn1
",3.3912564500723885,0.9769019215453464
"CCOC[C@H]1CCN(C(=O)N[C@H]2CCC[C@@H]2c2ccc(F)cc2)C1
",1.7074013045932952,-1.115839872636097
"CC(=O)N1CCN(Cc2ccc3c(c2)CN(C(=O)[C@H]2C=c4cc(F)ccc4=[NH+]2)CCO3)CC1
",2.2455446840877915,-0.44702038150953066
"COc1ccc(-c2cnc(Cn3cc(Br)cn3)o2)cc1
",3.4926916895735394,1.1029684455434456
"Cc1cc(C)n2ncc(C(=O)N[C@@H]3CCCNC3=O)c2n1
",2.2620218554343428,-0.4265420967714419
"CN(C/C=C/CS)CCC#N
",1.554091620238455,-1.30637739289937
"CC(C)COC1CC[NH+](CC(=O)N(C)[C@@H](C)c2cc3ccccc3o2)CC1
",2.2378396712648496,-0.4565963847676296
"Cc1cnc(C[NH2+][C@H]2C[C@H]3CC[C@@H]2C3)s1
",1.6982608429396269,-1.127199891443001
"C[C@@H](c1ncc(C(C)(C)C)o1)[S@@](=O)Cc1nc2ccccc2s1
",3.0960812031797325,0.6100499524560865
"CC1CC[NH+]([C@@H](CNC(=O)Nc2ccc(C(N)=O)cc2)c2cccs2)CC1
",2.7021768602169844,0.12049472934740202
"CN(CCS(C)(=O)=O)C(=O)CCc1ccc(-c2ccccc2F)o1
",3.570954211114494,1.2002352740984523
"Cc1ccccc1NC(=O)C[C@H]1SC(=O)N(c2ccc(F)cc2)C1=O
",2.675084114465751,0.08682311483533194
"Cn1cccc1C(=O)NNC(=O)Cc1ccc(C(F)(F)F)cc1
",2.396496681392574,-0.25941305998722636
"O=C(c1ccc(S(=O)(=O)N2CCCCC2)cc1)N1CCN(C(=O)[C@H]2COc3ccccc3O2)CC1
",5.014293691403199,2.994057540640797
"Cc1ccc([C@H]([NH2+]CCNC(=O)c2ccccc2)C2CC2)cc1
",2.1509707829810902,-0.5645594441873147
"C[C@@H]1Cc2cc(S(N)(=O)=O)ccc2N1Cc1nc(-c2cccs2)no1
",4.167533772196609,1.9416808695720114
"CC(C)CC[C@@H](C)[NH2+]CC1CCC(C(N)=O)CC1
",1.024474706698662,-1.9645999560728518
"CC(C)N(C(=O)[C@@H]1CCCN(S(=O)(=O)c2ccc(Cl)cc2)C1)c1cccc(C#N)c1
",3.393534893838788,0.9797336345394473
"Cc1cccc(OC[C@@H](O)CNC(=O)NC[C@H]2Cc3ccccc3O2)c1
",2.5785582372222313,-0.03314191782789453
"Cc1ccc(C(C)C)c(OCC(=O)N2CCC(n3c(=O)[nH]c4ccccc43)CC2)c1
",2.842437055190218,0.2948139829177611
"CCS(=O)(=O)N1CCN(C(=O)[C@H]2CC(c3c(F)cccc3Cl)=NO2)CC1
",3.6625764631859434,1.3141059456355786
"CC(C)C12CN3CCN(CC(C3)/C1=N\N=C1/C3CN4CCN(C3)CC1(C(C)C)C4)C2
",1.9163436063296035,-0.8561605952409908
"C[NH2+][C@]1(C(=O)[O-])CCC[C@@H](OCC2CCCCC2)C1
",1.3230929780196776,-1.5934689009001117
"Cc1cn2c(CN3CCN(C(=O)[C@@H]4C[C@@H]4C)CC3)c(C)nc2s1
",2.389952664082321,-0.2675461458787186
"CCN(CC)C(=O)CCCNC(=O)N1CCC1
",1.9638571970527363,-0.7971093892243114
"CCCc1nc(CN2CCOC[C@H]2C)cs1
",1.8400930835871587,-0.9509268559848121
"O=C([O-])CC1(CC(=O)Nc2ccc(F)cc2F)CCCCC1
",1.9986422907328403,-0.7538775117351356
"COc1ccccc1C(=O)Nc1ccc2ncccc2c1
",3.1011357489705507,0.6163318819055699
"O=C(NC[C@H](CCO)c1ccccc1)c1ccc(Cl)cn1
",2.222886217228131,-0.4751809514472703
"Cn1c(N2CCN(C(=O)C3CCCCC3)CC2)nc2sc3c(c2c1=O)CCCC3
",2.778046455714468,0.21478756316479633
"CC1=C[C@H]2C(=O)NC(CSCC(=O)Nc3ncc(C)s3)=N[C@H]2S1
",2.4420832208363645,-0.20275684665304555
"Cc1ccsc1[C@@H]1Cc2c(C(=O)NCC[NH+]3CCOCC3)c(=O)cc(C)n2-c2ccccc2S1
",2.358360806539797,-0.3068093810878589
"C[C@H](NC(=O)N[C@@H]1CCN(CC(F)(F)F)C1)c1ccc2c(c1)OCCO2
",2.3284185444046392,-0.3440224534538625
"COc1cccc(S(=O)(=O)/N=C(\[O-])C[C@H]2CCCO2)c1
",3.0004543732004705,0.4912022806239911
"O=C(c1ccc(/N=C2\N[C@H]3CS(=O)(=O)C[C@@H]3S2)cc1)N1CCN(C(=O)c2ccco2)CC1
",3.6782492403192784,1.3335845069749444
"CCOc1ccc(N2C(=O)[C@H](CCSC)NC2=S)cc1C
",1.9374610966705874,-0.8299151935842908
"Cc1ccc(C(=O)/N=C(/NCCC2=c3ccccc3=[NH+]C2)Nc2ccc(F)cc2)cc1
",2.256480164811668,-0.43342946330509635
"CC[C@H](C#N)CNc1nc(Cl)nc(NC(C)C)n1
",2.0423668817184693,-0.6995353794948472
"CC[NH+]1CCC[C@H]1CN(C)C1(C[NH3+])CCSCC1
",0.7677969311480537,-2.2836062019334173
"COC(=O)C[C@](C)(C[NH3+])c1cc(F)c(C)cc1F
",1.365312992442445,-1.5409966980680032
"FC(F)(F)c1cccc(CNc2ncc(Cl)cn2)c1
",2.5733002655932626,-0.039676670541099135
"CCOc1cc(C(=O)Oc2ccccc2OC)cc(Br)c1OC
",2.8590723056602405,0.3154887327670941
"O=C(C[C@@H]1C=CCC1)NC[C@@H](c1cccc(F)c1)N1CCOCC1
",1.59502945854332,-1.255498714045045
"Cc1ccc(-c2nnn(CC(=O)N3CCN(c4ccccc4[N+](=O)[O-])CC3)n2)cc1
",5.449899368394591,3.5354403362275364
"Cc1ccoc1[C@H](C)[NH2+]CCCC(=O)N1CCN(c2ccccc2)CC1
",2.3220121427016336,-0.3519845068586288
"O=[N+]([O-])c1ccccc1SN[C@H](N1CCOCC1)C(Cl)(Cl)Cl
",1.9855733414991263,-0.7701199636710158
"N#Cc1ccnc(NC[C@H]2CCC[NH2+]2)c1
",1.96222997763954,-0.7991317425623893
"CC1CCN(C(=O)C(=O)Nc2cc(Cl)ccc2C(=O)N(C)C)CC1
",2.1009808868985895,-0.6266882710638516
"CC(C)[C@H]1CCCN1C(=O)Cn1nnc2ccccc2c1=O
",2.8854105710083933,0.34822265814559666
"C[C@@H](O)CC(C)(C)CNC(=O)N1CCC[C@@H](O)C1
",1.5797465456036055,-1.274492741370761
"CCc1n[nH]c(C(=O)N(C)[C@H]2COC[C@H]2C(=O)[O-])n1
",2.928270294751096,0.4014899094315762
"Cc1cc(C(=O)[O-])c(C)n1[C@@H]1C[NH+]2CCC1CC2
",1.6647010724437243,-1.1689089033544324
"CC(=O)c1ccccc1NC(=O)CNc1ccc(C(=O)Nc2ccccc2)cc1
",3.7433925925731923,1.4145464687213993
"CC(C)[NH2+]C[C@@H](C)[C@@H](C)N(C)[C@@H](C)c1cccc(Cl)c1
",1.0067227238796357,-1.986662611803489
"CCN(CC)S(=O)(=O)c1ccc(C(=O)Nc2cc3c(=O)[nH]cnc3cc2F)cc1
",3.5030326408483394,1.1158204660883664
"Cc1ccc(CN(C)C(=O)CN(CC#N)c2ccccc2)o1
",2.870075682876589,0.3291640346121614
"O=C(NCCCn1cc[nH+]c1)N1C[C@@H]2CCCC[C@@]21c1ccccc1
",2.1340089522456216,-0.5856400770322778
"Cc1ncc(CC(=O)N2CCC(=O)N(CC3CC3)[C@@H](C(C)C)C2)c(=O)[nH]1
",2.1508358039276168,-0.564727199892015
"Cn1cc(C(=O)N2CCCCC2)cc(NC(=O)c2cc(=O)c3ccccc3o2)c1=O
",2.7107766075076927,0.13118273337374786
"CCC1(CC)[C@@H](OC)[C@@H](C)[C@H]1NC(=O)NC1(c2noc(C)n2)CCCC1
",2.2487621745289412,-0.44302159530951135
"O=C(CSc1nnc2n1CCN2c1ccccc1)Nc1cc(C(F)(F)F)ccc1Cl
",3.8046959305367025,1.4907359543927252
"CC[NH+]1CCN(Cc2ccc(NC(=O)Cc3cn4ccsc4n3)cc2)CC1
",2.5950610629844415,-0.012631749071754166
"CCCCNC(=O)[C@@H]1Cc2ccccc2N1C(=O)[C@@H]([NH3+])CC
",1.7091918137166087,-1.1136145783254305
"CN(c1cccc(F)c1)[C@@]1(C[NH3+])CCCC1(C)C
",1.2082246929985767,-1.736230385779031
"CCN(C(=O)NCc1ccc(N2C[C@@H](C)O[C@H](C)C2)c(F)c1)C1CC1
",2.051196521329854,-0.6885616589275431
"Cc1ccsc1C(=O)NC[C@@H](C)Oc1ccccc1
",2.2890313153072475,-0.3929739922548197
"Cn1c(=O)oc2cc(C(=O)C3=C([O-])C(=O)N(CCC[NH+](C)C)[C@H]3c3ccccn3)ccc21
",3.291688842497203,0.8531565422122789
"O=C(COc1ccc([N+](=O)[O-])cc1)OC[C@@H]1CC=CCC1
",3.756389167168211,1.4306989714525375
"COC(=O)[C@@H]1CN(C(=O)C[NH+](C)Cc2ccc(C)cc2C)c2ccccc2O1
",2.770982193666166,0.20600790270930872
"CC[C@H](C(N)=O)[NH+]1CCC[C@@H]1c1cccc(N(C)C)c1
",1.4803253966814762,-1.3980560978349412
"COc1cccc(C(=O)NC[C@H]2CCC[NH+]2CC(C)C)c1F
",1.9141408615174693,-0.8588982274789219
"C[C@H]1C[C@@H](NC(=O)N(C)CC2CC2)C(=O)N1c1ccccc1
",1.9352251913440872,-0.8326940386275611
"O=C(NNC(=O)c1cccc([N+](=O)[O-])c1)Nc1ccccc1Cl
",3.26917040240906,0.8251700014229768
"CCOC(=O)C(C)(C)n1cc(Nc2snc(Cl)c2C#N)cn1
",3.223261614878271,0.7681132892444816
"O=C(CCc1ccccc1O)NCCc1nnc(-c2ccccc2)o1
",3.695785124061354,1.3553785887898069
"CCCCc1nnc(SCC(=O)Nc2ccc3ccccc3c2)n1N
",2.8857090707304294,0.3485936418644359
"COC(=O)C(C)(C)C[NH+](C)Cc1ccccc1F
",1.7412213319500691,-1.0738074062924776
"Cc1ocnc1CNC(=O)N1CCC[C@@H]1c1ccc(F)cc1
",2.5533890998917395,-0.06442281853745421
"COC(=O)[C@@]1(F)CCN(c2cccc(C(F)(F)F)n2)C1
",2.4479965018320837,-0.1954076573158835
"COc1ccc([C@@H](CNC(=O)c2nc(-c3ccccc3)oc2C)[NH+]2CCCCC2)cc1
",2.9141620987211203,0.3839558528046125
"CC(=O)c1ccc(NC(=O)Cn2ccc3ccc(F)cc32)cc1
",2.818952419015104,0.2656266268813703
"C[C@H](Sc1ccc(S(=O)(=O)N2CCCC2)cn1)C(=O)Nc1ccc(Br)cc1
",2.794674501621908,0.23545335898428554
"Cc1cc(C)n(-c2ccc(N3CCN(C(=O)c4cccc5ccccc45)CC3)nn2)n1
",4.910978007703719,2.86565394853085
"COCCCn1cnnc1SCc1cc(=O)oc2cc(C)ccc12
",3.277264678237627,0.8352297915216406
"C[C@@H]1Cc2ccccc2N1CC(=O)Nc1cc(C(F)(F)F)ccc1-n1cncn1
",3.0318249390404617,0.5301904883785193
"Cc1ccc([C@@H]2C[NH+]=C(N)N2C[C@@H]2CCCO2)cc1
",1.4748770864250718,-1.404827408664057
"O=C(CCOc1ccccc1)N1CCN(S(=O)(=O)c2ccc3ccccc3c2)CC1
",3.8274745550009888,1.519045859528189
"CCS(=O)(=O)N1Cc2ccccc2C[C@@H]1C(=O)Nc1nc(-c2ccc(F)c(F)c2)cs1
",3.3807644150259537,0.9638621299061176
"CCCC1C[NH+]([C@H](C)[C@H]2CCC[NH2+]C2)C1
",0.7190299735833943,-2.344215126961584
"C[C@@H]1CN(c2cc(CNc3ccc([N+](=O)[O-])cc3)cc[nH+]2)CCO1
",3.0096372726179847,0.502615042258739
"CC[C@@H](C)C(=O)Nc1cccc(C[NH2+][C@H]2CCOc3c(F)cccc32)c1
",2.3670541677632904,-0.296005031074043
"CCC[NH2+][C@H](Cc1cccc(O)c1)[C@@H]1CN(C)CCO1
",1.3971418072464474,-1.5014389658138758
"O=S(=O)(c1ccc(Nc2cc[nH+]cc2)nc1)N1CCCCC1
",2.8193763763304824,0.26615353277064696
"CCN(CC)C(=S)NC(=O)c1cc(Br)ccc1OC
",1.7842904276126073,-1.0202799417878348
"CN1CCO[C@H](Cn2ccc3c2CC(C)(C)CC3=O)C1
",2.0369648752986627,-0.7062491426338666
"CC(=O)c1ccc(NC(=O)c2cnc3ccc(C)cn3c2=O)cc1C
",2.7720316234716638,0.2073121631261989
"CC[C@]1(c2ccccc2)NC(=O)N(CC(=O)Nc2ccc(F)c(F)c2)C1=O
",2.774651414834497,0.21056811236373066
"CC1(C)C[NH+](CC(=O)Nc2ccc(S(C)(=O)=O)cc2)CC[S@@]1=O
",2.844521687559965,0.29740482174222027
"CC[C@@H](C)C[C@H](C)NC(=O)NC[C@](C)(O)c1cccs1
",1.9084511555113401,-0.8659695516291022
"COc1ccccc1OCCC(=O)N1CC[C@H](Cc2ccccc2)C1
",2.980386663552271,0.4662615754766157
"C1CC[C@H]2C[C@H]([NH2+]C[C@@H]3CN4CCC[C@@H]4CO3)CC[C@@H]2C1
",1.5213221348472215,-1.347104216602807
"O=C([C@@H]1COC2(CCCCC2)N1C(=O)c1cc(F)cc(F)c1)N1CCOCC1
",2.5117429203766126,-0.1161818434590971
"CCOc1ccc(Nc2nc(-c3ccc(O)cc3O)cs2)cc1
",3.7114128645415256,1.3748011773297322
"Cc1cc(C(=O)NC[C@H]2CC[NH+](C3CC3)C2)c(C)n1Cc1ccccc1
",2.1297685152513277,-0.5909102095299441
"CO[C@H]1CCCC[C@@H]1NC(=O)NC1(c2noc(C)n2)CCCC1
",2.183022911536376,-0.5247241714204057
"O=C(Nc1cccc(S(=O)(=O)N2CCCCCC2)c1)C1CC1
",1.9845406685700275,-0.7714033981779846
"Cc1cc(N)n(-c2cc(N[C@H](CO)c3ccc(Cl)c(F)c3)ncn2)[nH+]1
",3.1653192106709676,0.6961008650965139
"Cc1ccc([C@@H]2C[C@@H](C)CC[NH+]2Cc2noc(-c3ccoc3)n2)o1
",3.121088397818507,0.6411295863048184
"CC(=O)Nc1ccc2nc(NC(=S)NC(=O)c3ccccc3)oc2c1
",3.9196175949496634,1.6335637806577155
"C[C@H]1CCCCN1c1ccc(N2CCN(S(=O)(=O)c3ccc([N+](=O)[O-])cc3)CC2)nn1
",5.215743586768119,3.244425047962039
"Cc1ccc(N([C@H](C)C(=O)NC2CCCCCC2)S(C)(=O)=O)cc1C
",2.0346102064464193,-0.7091755902750293
"O=C1CC[C@@H](C(=O)Nc2ccc3ccccc3c2)N1
",2.463267528888884,-0.17642840209452745
"O=C(NCCC1=c2ccccc2=[NH+]C1)C1=CC[C@H](NC(=O)C2CC2)S1
",1.4969561830276445,-1.3773868961223283
"Clc1cccc(O[C@@H]2CCN(Cc3cnc(N4CCOCC4)nc3)C2)c1
",3.42452798722569,1.0182527090785363
"C[C@H]1CN([C@@H](C)C(=O)Nc2ccccc2C(C)(C)C)C[C@@H](C)O1
",1.7507501471636884,-1.0619647309292715
"Cc1n[nH]c(C(c2ccccc2)c2ccccc2)c1C(=O)NN
",2.717212702037733,0.1391816898460312
"CSC[C@H]1CCN(C(=O)N[C@H]2CCN(c3cccc(Cl)c3)C2)C1
",2.4240568958249,-0.22516046245591032
"CNC(=O)C1=C2CC[C@@H](c3ccccc3)C[C@@H]2SC1=N
",1.8166818944804737,-0.9800229299710963
"CC(=O)Nc1nc(C(=O)Nc2ccc(N(C)C)cc2)cs1
",3.6491845756826953,1.2974621370774204
"Clc1nc2sccn2c1CN(CCc1ccccc1)[C@@H]1CCOC1
",2.2763476429920537,-0.4087376113695481
"COc1ccccc1C[NH+](C)[C@H]1CCC[C@@H]1SC
",1.203354302554952,-1.7422834418644793
"O=C(Cn1ncc2ccccc2c1=O)NNc1cccc(Cl)c1
",2.413554944888709,-0.23821257783746005
"CCCNC(=O)[C@H]1C[C@H]2CCC[NH+]2[C@]12C(=O)N(C)c1ccccc12
",1.5596464006411128,-1.2994737580247473
"CCn1nc(C(=O)NNC(=O)CCC2CCCC2)c2ccccc2c1=O
",2.430308019670679,-0.21739139267114313
"CCOc1ccc(NC(=O)c2ccc3snnc3c2)cc1
",4.219998971229048,2.006886071486214
"CC[S@](=O)[C@H]1CCCC[C@@H]1NC(=O)Cc1c(C)noc1C
",2.0030677280300555,-0.748377455739062
"COc1cc(C)cc(C)c1S(=O)(=O)N1C[C@H](C)C[C@@H](C)C1
",2.011703340898851,-0.7376448769792912
"O=C1[C@H]2[C@H]3C=C[C@H](C3)[C@H]2C(=O)N1/N=C/c1ccc([N+](=O)[O-])s1
",3.579479681826197,1.2108309651359819
"C[C@@H]1COC[C@@H](C)N1C(=O)CNC(=O)c1cc(-c2ccccc2)on1
",3.87504990213225,1.5781738181186846
"COC(=O)c1ccc2[nH]c3c(c2c1)CN(C(=O)Cc1ccccc1OC)CC3
",3.2936428301202114,0.8555850121284485
"COc1ccc(NC(=O)NC2CCN(c3ccc(C#N)cn3)CC2)c(Cl)c1
",3.7134571232028755,1.3773418385916052
"Cc1sc2nc(C[NH+]3CCC[C@H](Nc4ccccc4)C3)nc(N)c2c1C
",3.1775666991008,0.7113223828022851
"CC[C@H](C)C(=O)NC[C@H](c1ccco1)[NH+]1CCCC1
",1.4774280265046857,-1.4016570297075335
"Cc1ccc(CN(Cc2ccncc2)Cc2nccs2)s1
",2.6353341550075307,0.03742076469934824
"CC(=O)O/N=C1\CCCC\C1=C/C(C)C
",1.2604591420354458,-1.6713119663478901
"Cc1ccc(C)c(N2CCN(S(=O)(=O)C[C@@]34CC[C@@H](CC3=O)C4(C)C)CC2)c1
",2.4892128216743945,-0.1441828738967538
"CC(=O)Nc1ccc(NC(=O)COCC[NH3+])cc1Cl
",2.2637102148064945,-0.42444375699964726
"CC[NH+](CC)[C@@H](C(=O)[O-])c1ccc(C2CC2)cc1
",1.6506759536344364,-1.1863397093114414
"COC(=O)c1ccc(/C=C/C(=O)OCC(=O)NC(N)=O)cc1
",2.829514677599354,0.2787536942776118
"Cc1cc([N+](=O)[O-])ccc1/N=C/c1cc([N+](=O)[O-])ccc1Cl
",3.958840299470431,1.6823108437598002
"Cc1cn2c(=O)cc(COc3cccc(NC(=O)CC(C)C)c3)nc2s1
",2.7816379473958937,0.21925116846086565
"CCOc1cc(Br)c2c(c1)[C@@H]([NH2+]C)CCC2
",1.1141919870083683,-1.8530968361824565
"CCCC[NH+]1CCC(NCc2cccc([N+](=O)[O-])c2)CC1
",2.561924238331443,-0.05381511217990414
"CC[C@H](Nc1ncccn1)c1noc(C)n1
",2.601358907195127,-0.004804613923976975
"Cc1cc(C)cc(NC(=O)[C@H](C)S(=O)(=O)c2ccccc2F)c1
",2.6304866916679983,0.031396203053628204
"COc1cc(OC)cc(C(=O)NNC(=O)c2cc(OC)ccc2Br)c1
",2.763651245687911,0.1968967975965834
"Cc1ccc(NC(=O)c2ccccc2SCC(=O)NC(C)C)c(Br)c1
",2.1445559009737023,-0.5725320371491539
"O=C(CCn1cnc2ccccc2c1=O)N(CC(F)(F)F)C1CCOCC1
",2.5166055132983507,-0.11013847834973267
"COC(=O)[C@H](c1ccccn1)N1CCN(C(=O)OC(C)(C)C)CC1
",2.935928982025639,0.41100833801555153
"CSc1cccc(NC(=O)c2cc(C)c(C#CCN)s2)c1
",2.3513155929215213,-0.31556536762713266
"CCC(CC)(NC(=O)N(C)CCS(C)(=O)=O)C(=O)[O-]
",2.121278191830725,-0.6014622185410029
"COc1ccc(S(=O)(=O)NCc2cccc(C[NH+](C)C)c2)cc1C
",2.431607895593796,-0.2157758708853999
"C[C@@]1(c2ccccc2)NC(=O)N(NC(=O)CSc2ncnc3c2cnn3-c2ccccc2)C1=O
",4.247589642276171,2.0411765213416255
"COc1ccccc1-c1cc(-c2cccc(N)c2)n[nH]1
",2.9909431897886263,0.4793815185521869
"CC/C(=N\c1cccc2ccccc12)C1=C([O-])CCCC1=O
",2.481683999981016,-0.15353990194098624
"C#CCN1C(=O)S/C(=C/c2cc(Cl)c(OCc3ccccc3F)c(OC)c2)C1=O
",3.1781852321017787,0.7120911127406673
"Cc1nsc(N2CCCN(C(=O)C[C@H](O)c3cccc(F)c3)CC2)n1
",2.8595987280188675,0.3161429850489772
"Cc1cccc(NC(=O)Nc2cc(N3CCC(C)CC3)ncn2)c1
",2.682117945632688,0.09556495494894618
"COc1cc(C)cc(C[NH2+][C@H](C)c2ccc(S(N)(=O)=O)cc2)c1
",2.5236301729413686,-0.10140803685996867
"[NH3+]C[C@H]1CC[C@H](c2nc(-c3cccc(Br)c3)no2)O1
",2.9657126299551315,0.44802428025534574
"CC[NH2+][C@@H](C)c1ccc(N(CC)c2ccccc2)cc1
",1.797602064910319,-1.0037358704069324
"CC[C@@H](Oc1ccccc1F)C(=O)N(Cc1cccc(Cl)c1)[C@H]1CCS(=O)(=O)C1
",2.8644872192738324,0.3222185373238998
"C[NH+](C)[C@H](CNC=C1C(=O)NC(=S)NC1=O)Cc1ccccc1
",2.2221528347287505,-0.47609241952200076
"CN1C(=O)N[C@@H](c2cccc([N+](=O)[O-])c2)C2=C1CN(c1ccc(F)cc1)C2=O
",3.051385475802363,0.554500865021165
"CCN[C@@]1(C(=O)OC)CC[C@@H]([NH+]2CC[C@H](COC)C2)C1
",1.312110247337583,-1.6071185426607864
"Cc1ccc(NCc2cc(=O)n3cccc(C)c3n2)cc1-n1cnnn1
",3.3348281753865505,0.9067712994869954
"C[C@H](c1cccc(S(N)(=O)=O)c1)N(C)S(=O)(=O)CC1CCCCC1
",2.7855310500172354,0.2240896241834933
"Cn1c(=O)n(C)c2cc(Sc3ccc(Cl)cc3)c(NC(=O)c3cccc(F)c3)cc21
",2.7284125810838433,0.15310120960549586
"COCc1cccc(NC(=O)C(=O)N2CC[C@@H](C)[C@@H](O)C2)c1
",2.505748511375022,-0.1236318609280742
"CCOC(=O)C1CCC([NH+]2CCN(C[C@@H]3CCCC[NH+]3C)CC2)CC1
",1.440721726289945,-1.44727663586867
"CCOc1ccc(C(=O)NNS(=O)(=O)/C=C/c2ccccc2)cc1
",3.2069289560892607,0.7478146087138938
"C[C@H]([NH2+][C@@H](C)C(C)(C)C)c1nc(-c2ccncc2)cs1
",1.9684118396189794,-0.7914487533427002
"COc1ccc(C2=C[C@@H](C(=O)N/N=C/c3ccc(C)cc3)N=N2)cc1
",3.4416676914219493,1.0395544079851922
"CC[C@](C)([C@@H]([NH2+]C)C1CCC(C)CC1)N1CCOCC1
",0.7251534060730447,-2.3366047555294895
"CC[C@@H](C)NC(=O)CN1CCN(C(=O)Nc2ccc(N(C)C)cc2C(F)(F)F)CC1
",2.4431860150588807,-0.20138626346123265
"Cc1nc(NC2CCN(S(=O)(=O)C3CC3)CC2)c2cc[nH]c2n1
",2.9314077634749434,0.40538924242584307
"C=CCOc1cccc(NC(=O)N2CCC[C@@H](COCC)C2)c1
",2.1004683055245286,-0.6273253213869132
"CC[NH+]1CCN(c2cc(CNc3cccc(C(=O)OC)n3)cc[nH+]2)CC1
",2.2987304285403565,-0.380919665798104
"CON(C)S(=O)(=O)c1ccc(NC(=O)C#Cc2ccccc2)cc1
",3.4392026101219373,1.0364907366970528
"O=C1OCCN1c1cccc2c1CCN(Cc1cccc(F)c1F)C2
",2.6600489885915515,0.06813704413489528
"COc1ccc(NCc2cc(OC)c3c(c2)OCCO3)cc1
",2.754405744994498,0.18540623336296308
"C[C@@H](NC(=O)c1ccc2c(c1)C[C@@H](c1ccccc1)OC2=O)c1ccccn1
",3.0911350614079662,0.6039027505227653
"CCCCCNC(=O)c1cc2nc(C)ccc2o1
",3.0206365310565033,0.5162852251726864
"Cc1nc2n(n1)CCC[C@H]2[NH2+][C@@H](C)c1nnn(-c2ccc(Cl)cc2)c1C
",3.4127951716558913,1.0036708410524988
"Cc1ccc(C(=O)N2[C@H](C)CCC[C@H]2C)c(Cl)c1
",1.3935925851173803,-1.5058500373399952
"CC[C@@H](C)N(CC)C(=O)c1n[nH]c(C(C)C)n1
",1.911594115640101,-0.8620633937647733
"Cc1cnc([C@H](C)NC(=O)NNC(=O)Nc2ccccc2)s1
",3.6258029432644094,1.2684027969617881
"C[C@H](NC(=O)c1nc2ccccc2c(=O)[nH]1)c1ccc(F)cc1Cl
",2.486607064517658,-0.14742138103439603
"C[NH+]1[C@H]2CC[C@@H]1CCN(C(=O)C(C)(C)/C(N)=N/O)C2
",1.370261688983029,-1.5348463209972638
"CC[NH2+][C@@H]1CCCC[C@H]1CN1CC[NH+]2CCC[C@@H]2C1
",0.7765335311641143,-2.2727481135510854
"CC[C@H](C)NC(=O)c1nn(-c2ccc(C(C)C)cc2)c(=O)n(Cc2cccc(C)c2)c1=O
",2.72438508195913,0.1480957221875632
"O=C(/C=C/c1cccc(F)c1)N1CCN(S(=O)(=O)c2cccc([N+](=O)[O-])c2)CC1
",4.476056922299654,2.3251219823225115
"CCc1nn(C)cc1C[NH2+]C/C=C/c1ccccc1
",2.2775803913981827,-0.4072055175204168
"CC[C@H](c1ccncc1)N(CC)C(=O)[C@@H](C)Cc1c(C)n[nH]c1C
",2.369647901788189,-0.29278146661752225
"Cc1cc2ncc([C@@H](C)[NH2+][C@H]3CCCSC3)c(C)n2n1
",1.8257520089669022,-0.9687503405712767
"COC(=O)[C@H]1[C@H](c2c(F)cccc2F)NC(=S)N(c2ccc3c(c2)OCCO3)[C@@]1(O)C(C)C
",2.5898851828719796,-0.019064476175450366
"CS(=O)(=O)Cc1ccc(C(=O)N(Cc2ccccc2F)C2CC2)cc1
",2.843081166105463,0.2956145017961459
"COc1ccc(OC)c(NC(=O)[C@@H]2CC(=O)n3c(nc4ccccc43)N2)c1
",3.6143055967150266,1.254113576353542
"CN(C[C@@H]1CCCO1)C(=O)Nc1ccc(Oc2ncccn2)cc1
",3.7505667804434815,1.4234627480318693
"COC(=O)c1ccc(NC(=O)C[C@@H]2CSc3nc4c(cnn4-c4ccc(C)cc4C)c(=O)n32)cc1
",4.729645956219272,2.640289454568876
"O=C(NCC[C@H](O)c1cccc2ccccc12)C(=O)NCc1cccs1
",3.0041861170796973,0.49584019523452416
"COCCn1c(SCc2nc(-c3cccc(Cl)c3)oc2C)nc2ccccc2c1=O
",3.836549963213515,1.5303250281173655
"NC(=O)[C@]1([NH3+])CCC[C@H]1CCOc1cccc(F)c1F
",2.031283895234281,-0.7133096219420557
"Cc1sc(NC(=O)CN2CCc3c(F)ccc(F)c3C2)c(C#N)c1C
",2.5468859881027215,-0.07250506591464163
"Cc1nn(CC[C@H]2CCC[C@H]2[NH3+])c(C)c1C
",1.6841333162762049,-1.1447579727164017
"Cc1nc(C)c(C[S@](=O)Cc2csc(-c3ccsc3)n2)s1
",3.1097990864098373,0.627098917529132
"O=C(NC1(c2cccc(F)c2)CCOCC1)C1CCC1
",1.3987460544446884,-1.4994451629805554
"CCN(CC)C(=O)[C@H]1CCCN1C(=O)N[C@@H]1CC[NH+](CC2CC2)C1
",1.236495734636359,-1.7010943525167417
"O=C(Cc1nc2ccc(C(=O)c3ccccc3)cc2[nH]c1=O)C(=O)Nc1ccc(Br)cc1
",4.671658258958907,2.5682207389605747
"Cc1ccc(S(=O)(=O)N(CC(=O)NCc2ccncc2)c2ccccc2F)cc1
",3.242359558857013,0.7918487427688274
"CCOc1ccc2nc(NC(=O)c3cnn(-c4ccc([O-])nn4)c3C)sc2c1
",5.213946498466716,3.2421915768666905
"NC(=O)[C@@H]1CCCN1C(=O)/C=C/c1nc2ccccc2s1
",2.774996434937412,0.21099691289989428
"COCCN1CC2(CCC1=O)CC[NH+](C/C=C/c1ccc(OC)cc1)CC2
",2.2884388308980164,-0.39371034828219403
"O=C(NC[C@H](c1cccs1)[NH+]1CCCC1)Nc1ccncc1
",2.1990379063329772,-0.5048202924944605
"C[C@H]1[C@@H](Cl)CC[C@H]1C[C@@H]1Cc2ccccc2S1
",1.276011788017437,-1.6519827073293774
"CCOC(=O)[C@@]1(Cc2ccccc2C)CCCN(C(=O)c2cc(CC)nn2C)C1
",3.1002875207595713,0.6152776804008345
"c1cc(C[NH+]2CC[C@H]3CCCC[C@@H]32)co1
",1.4512305865309272,-1.4342159334118336
"Cc1noc(C)c1CNS(=O)(=O)c1ccc(Cl)c(C[NH3+])c1
",2.419475659100593,-0.2308541502934516
"O=C(c1nn(Cc2ccccc2)c(=O)c2ccccc12)N1CCN([C@@H]2CCS(=O)(=O)C2)CC1
",3.8527019868425016,1.5503992102699933
"CCC(=O)Nc1ccc(-c2nc3ccc(OC(=O)CC)cc3c(=O)o2)cc1
",4.024419948623477,1.7638150473718552
"CCCOc1cc(C)ccc1NC(=O)N[C@@H]1CCC[C@@H](S(C)(=O)=O)C1
",2.255038835766459,-0.4352207869472607
"C[NH2+]CC[C@H]1CCCC[NH+]1[C@@H]1CCOC2(CCOCC2)C1
",0.9048635366077724,-2.1132560298284893
"COc1ccc(Cl)cc1-c1cnc(OC)c(C(=O)[O-])c1
",3.047612321986077,0.5498114849943749
"CCOc1ccccc1NC(=O)CNc1c(C)cc(C)cc1C
",2.047428427612526,-0.6932447501232536
"COc1ccc(N2CCN(CCOc3ccc4c(C)cc(=O)oc4c3)CC2)cc1
",3.3990823541534576,0.9866281718060531
"COc1ccc(C)cc1NC(=O)Cn1c(=O)n(-c2cccc(Cl)c2)c(=O)c2sccc21
",3.2254838496227927,0.7708751441099841
"COc1ccc(C(=O)N2CCN(CCc3ccccc3)CC2)c(O)c1
",2.668557800787605,0.0787120315079662
"COc1ccc(NC2=NS(=O)(=O)C(c3ccc(C(C)C)cc3)=C2C)cc1
",3.7399759587257826,1.4103001815825762
"CCN(CC)c1ccc(/C=C2\C(=N)N3N=C(S(=O)(=O)CC)SC3=NC2=O)cc1
",2.8891839863333613,0.3529123631826166
"C=C(C)CN/C(N)=[NH+]\Cc1ccc(C)cc1N(C)C
",1.5280423468332922,-1.338752151090065
"CC(=O)Nc1ccc(OC[C@H](O)c2ccc(F)cc2)cc1
",2.490424666358844,-0.14267675977166813
"c1cc2c(cc1[C@H]1OCC[C@H]1C[NH2+]C1CC1)CCO2
",1.3037652752391877,-1.6174899050243945
"Cc1cc(C)c(NC(=O)c2cccc(OCCC(C)C)c2)c(C)c1
",2.6739467773903804,0.08540960082963456
"Fc1ccc(Br)cc1-c1nc(-c2cnccn2)no1
",4.046416650165871,1.7911531570515966
"CC(C)c1nsc(N2CCN(C[C@@H]3CCCC[NH+]3C)CC2)n1
",2.0730184227707418,-0.6614407956534871
"CCOC(=O)[C@@H]1CNCCN1S(=O)(=O)c1cn(CC)cn1
",2.5949387659258982,-0.0127837432420402
"Cc1onc(-c2ccccc2Cl)c1C(=O)N1CCN(C2CC2)C[C@@H]1Cc1ccccc1
",3.2518206170276125,0.8036072078030403
"C#CCNC(=O)C[NH+](C)C[C@@H](C)C(=O)NC
",1.084814363970744,-1.8896081594453917
"CCCN1C(=O)C(C)(C)COc2cc(NC(=O)c3cnccn3)ccc21
",3.1317750647951246,0.6544112718954773
"NC(=O)C[C@@H]1CCC[NH+](CC(=O)Nc2cc3c(cc2Cl)OCCCO3)C1
",2.3109817290576338,-0.3656934103245144
"NC(=S)N1NC2(C[C@@]1(O)C(F)(F)F)C1CC3CC(C1)CC2C3
",1.0346680918728661,-1.9519313347632812
"Nc1ccccc1C(=O)[C@@H]1CCO[C@@]2(CCSC2)C1
",1.7390615537363436,-1.0764916384523286
"CCCCC(=O)/N=c1\sc2cc(OC)c(OC)cc2n1C
",2.702969110725892,0.1214793602141982
"C=C(C)CN1C(=O)/C(=C\c2ccc(C)cc2)SC1=S
",1.5123983724732444,-1.3581949155453532
"CC1(CNC(=O)NNC(=O)[C@H]2CCCO2)Cc2ccccc2C1
",3.01045053170031,0.5036257831622242
"Cc1ccc2c(c1)CCCN2C(=O)Cc1ccc(Cl)cc1
",2.3202902645405343,-0.354124504709332
"COC(=O)C1=CC(=O)N2C(=NC(C)=C(C(=O)OC)[C@H]2c2cccc(OC)c2)S1
",3.2904655987649156,0.8516362610349455
"Cc1c(CO)nnn1-c1ccc(F)cc1
",2.622258528186416,0.02117001367297
"COc1ccccc1C[C@H]1CCCN(C(=O)[C@H]2CCCO2)C1
",2.196973845165282,-0.5073855648594736
"c1cncc([C@@H]2NCc3ccccc3N/C2=[NH+]\C2CCCCC2)c1
",1.9043234962452955,-0.8710995208437249
"CS(=O)(=O)c1cnc(-c2ccncc2)nc1C1CCN(C(=O)[C@@H]2CCCO2)CC1
",3.9013620930423283,1.6108753374636486
"Cn1cnnc1CCNc1ccc(C#N)c(N)c1
",2.777978548672186,0.2147031664125669
"CC(C)[C@H](C(=O)N[C@@H]1CCN(c2ccccc2)C1=O)N1CCCC1=O
",2.5342142710717512,-0.08825382667114193
"Cc1cccc2nc(CSc3nc4ccsc4c(=O)n3C)cn12
",3.298668189726944,0.8618306681802987
"C[C@H]1CCCCN1S(=O)(=O)c1ccc(C(=O)Nc2nccs2)cc1
",3.315698208780023,0.8829960473542562
"C[NH+](C)C[C@@H]1C[C@H](C(C)(C)C)CCC1=O
",0.844306662812976,-2.1885177891642567
"CCOC(=O)c1ccc(N2CC[C@H](C(N)=O)C2)nc1
",2.5682236513460515,-0.04598602727917712
"COc1ncccc1C(=O)NCc1[nH+]ccn1CCc1ccccc1
",2.9863420624008876,0.47366311004743755
"O=C(NCCc1c[nH]c2ccccc12)[C@@H]1CCCN1S(=O)(=O)c1ccc(Cl)cc1
",3.0988805674620026,0.6135290798895681
"Cc1oc2ncnc(N3CCC[C@@H](C(=O)N(C)Cc4ccccc4)C3)c2c1C
",3.8193180588847757,1.5089087403334016
"C[C@H](OC(=O)/C=C/c1cnn(-c2ccccc2)c1)c1nccs1
",4.356399368553477,2.1764082616759
"C[C@@H](Cc1ccccc1F)NC(=O)C(=O)Nc1ccc(F)cc1F
",3.0758114694086585,0.5848581661355426
"Cc1ncsc1CN[C@@H](C)c1cc(F)cc(F)c1
",1.8748550297213067,-0.9077237469066157
"CC[C@@H]([NH2+][C@@H](C)[C@@H]1CN(C)CCO1)c1ccccc1OC(F)F
",1.4751973264515634,-1.4044294054929363
"CCCCOc1cc([C@@H]2NC(=O)[C@@H]3COCCN32)ccc1OC
",2.1522187733439315,-0.563008407212391
"Cc1cccc(NC(=O)CSc2nnc(-c3ccc(O)cc3)o2)c1C
",3.036505995551023,0.5360082350100382
"Cc1ccc2sc(C(=O)CCl)c(C)c2c1
",1.7393566042549642,-1.0761249414989893
"Cn1nc(-c2ccccc2)cc1C(=O)NCC1(c2ccc(F)cc2)CC1
",3.5597889204396607,1.1863587417244281
"O=C1N[C@H](c2ccccn2)Nc2sc3c(c21)CCC3
",2.1659462313144804,-0.5459475423868344
"O=C(CNC(=O)c1ccccc1Cl)Nc1ccc(I)cc1
",3.479001492837998,1.0859538900123749
"c1cc(-c2ncc(CNCC[NH+]3CCCCCC3)s2)cs1
",2.712026261245918,0.13273583763765132
"C=CCO[C@@H](C)C(=O)Nc1cncc2ccccc12
",2.4765418631704037,-0.1599306919349234
"CC1(C)CCC[C@H]1NS(=O)(=O)c1ccc(N)cc1Cl
",1.6819158206166216,-1.1475139377159358
"CSc1ccc(C(=O)NCc2cn[nH]c2N)cc1
",2.5795385989545214,-0.03192349712461255
"Cc1cc(C)cc(C[C@@H](C)NC(=O)N(C)CCN2CCOCC2)c1
",2.0322261409710345,-0.71213857285331
"CCC[NH2+]CC/C=C(/C)c1ccc(C)c(C)c1
",0.9274393480963594,-2.0851981862743245
"Cc1cc(C)cc(OCc2nc3c(C)cc(C)cc3[nH]2)c1
",2.942513552708346,0.4191918247610947
"Cc1n[nH]c(-c2cccc(CNC(=O)c3cc4ccccc4cc3O)c2)n1
",3.7836702609440005,1.4646046701041482
"C[C@H](C(=O)Nc1ccc(OC(F)(F)F)cc1)N1C(=O)c2ccccc2C1=O
",2.8573190228440017,0.31330970434151123
"CC(=O)N1CCC([NH+](CCc2ccccc2)C[C@H]2CCC[NH+](C)C2)CC1
",1.2879389630677451,-1.6371592839599067
"CC[C@@H]1Oc2ccc(NC(=O)Cc3cccs3)cc2CN(Cc2cccc(C(F)(F)F)c2)C1=O
",2.8489055069699334,0.30285315387578676
"C[C@@H](CNC(=O)Nc1cnn(-c2ncccn2)c1)c1ccc(F)c(F)c1
",3.752923450171242,1.4263916824165213
"O=C(C#Cc1ccccc1)NC[C@H](c1ccc(F)cc1)N1CCOCC1
",2.104379314994958,-0.6224646105364688
"CCC(=O)N1CCC[C@@H](C(=O)NCC(C)(C)c2cccc(C)c2)C1
",2.0063963752598046,-0.7442405208046735
"O=C(Cc1ccc2ccccc2c1)N[C@@H]1CCc2ccccc2C1
",2.2979588317357593,-0.3818786276693627
"Cc1ccccc1Cn1c(CCCNC(=O)[C@@H]2CCCO2)nc2ccccc21
",3.0580610773170687,0.5627974874050046
"Cc1ccc(C2=N/C(=C\c3ccccc3F)C(=O)O2)cc1[N+](=O)[O-]
",3.3596870846955276,0.9376666402224129
"COC(=O)[C@@H]1C(=O)[C@@]2(Cc3c(ccc4ccccc34)N(Cc3ccc(OC)cc3)C2)C(=O)CC1(C)C
",3.642969886284629,1.2897383490329988
"Cc1ccc(S(=O)(=O)/N=C(\[O-])Nc2nnc(C3CC3)s2)cc1
",3.2413368580003086,0.790577701829518
"C[C@@H](C(=O)OCC(=O)N1CCCCC1)N1C(=O)c2ccccc2C1=O
",3.1920614912590026,0.729336911800748
"CC(C)(NS(=O)(=O)c1ccc2c(c1)C(=O)NC2=O)c1ccc(Br)cc1
",3.0800691828575473,0.5901497702892972
"Cc1cc2nnc(SCC(=O)c3ccc(F)c(F)c3)n2c2ccccc12
",3.1820964610704303,0.7169520963895794
"COc1cccc(CN(C)C(=O)c2ccc(C)cc2O)c1
",2.2407952077156006,-0.4529231622393619
"Cc1cc(Cl)ccc1OCC(=O)NNC(=O)COc1ccc(Cl)cc1Cl
",3.1441928635768215,0.6698444560217749
"COc1ccc(-c2nnc(SCC(=O)N[C@@H](C)C(C)C)o2)cc1
",2.870044966394221,0.3291258593174551
"CCOc1ccccc1CNC(=O)c1cc2oc3ccccc3c2n1C
",3.4919611694780195,1.1020605349434818
"C[C@H](NC(=O)/C=C/c1cn(C)c(=O)n(C)c1=O)c1ccc(C(C)(C)C)cc1
",2.2933145908100414,-0.38765061887275837
"CC(=O)c1c(C)[nH]c(C(=O)[C@H](C)N2CCOCC2)c1C
",1.9102909518892064,-0.8636830017539056
"CCC(=O)Nc1cccc(C(=O)N2CCC([C@H](O)C(C)C)CC2)c1
",1.9298197585415124,-0.839412060169948
"CCn1c(=O)c2sccc2n2c(CCC(=O)N3CCN(c4cc(C)ccc4C)CC3)nnc12
",4.352623761287645,2.1717158324340877
"NC(=O)N1CCC(C(=O)NCCCn2cc[nH+]c2)CC1
",2.962344609524256,0.4438384112165068
"Cc1c(Cl)c(-c2ccc(N(C)S(C)(=O)=O)cc2)nc2cc3c(cc12)OCO3
",4.072995687873114,1.8241863209840232
"CC(C)NC(=O)c1cn(CCN2CCN(S(=O)(=O)c3c(F)cccc3F)CC2)nn1
",3.821704120870572,1.5118742042300977
"COc1c2c(cc3c1[C@@H](c1c([O-])[nH]c(=S)n(-c4cc(C)cc(C)c4)c1=O)[NH+](C)CC3)OCO2
",2.667389701619917,0.07726028552225438
"O=C(NC[C@H]1NN=C2CCC[C@@H]21)c1cnc(C[NH+]2CCCC2)s1
",2.2959730169481527,-0.38434665326686474
"COc1cc([N+](=O)[O-])ccc1NC(=S)N[C@@H](C)[C@H]1CCCO1
",2.4377201921587104,-0.20817933948887743
"COCCCN1C(=O)c2ccccc2N[C@]1(C)c1ccccc1
",2.0589969058480326,-0.6788671250861337
"COc1ccc(C(=O)Nc2sc(C(=O)N3CCCCC3)c(C)c2C#N)cc1OC
",3.238928239839127,0.7875842044935608
"Cc1cc(F)ccc1NC(=O)C(=O)N1CC[C@H](O)C1
",2.4394242658435465,-0.20606146953421056
"CC(C)(C)c1ccc(C(=O)C[C@@]2(O)C(=O)N(Cc3ccc4c(c3)OCO4)c3ccccc32)cc1
",3.323634085232804,0.8928589743232327
"C[C@H]1CC(C(=O)NC[C@H](O)c2cccc(C(F)(F)F)c2)C[C@H](C)O1
",2.049970339927433,-0.6900855911226514
"C[C@@H](O)CCNC(=O)c1ccc2c(c1)COCO2
",2.405037948437249,-0.24879773682974055
"OC[C@H]1C[NH+](Cc2ccccc2)CCC12OCCO2
",1.7069593198841884,-1.1163891834694073
"Cc1nc(C)c(CCC(=O)NC[C@H]2CN3CCCC[C@@H]3CO2)c(=O)[nH]1
",2.2557826454342265,-0.4342963596989713
"CCOC[C@@H](C)N1CCC(=O)N2CCCC[C@@H]2C1=O
",1.7702245321858021,-1.0377614260540395
"O=C1N/C(=N\c2ccc(F)cc2)S/C1=C\c1ccc(N2CCCC2)o1
",3.465054455784731,1.0686201262235278
"C=C(C(=O)[O-])[C@@H]1CC[C@]2(C)CCCC(=C)[C@H]2[C@H]1O
",1.1374603408006354,-1.8241782818794834
"C[C@H]1C[C@@H]1[C@H](NC(=O)N[C@@H](C)[C@@H](C)CO)c1ccc(Cl)cc1
",1.654084143066024,-1.1821039171263947
"CC(C)CNC(=O)N1CCC[C@@H](CC(=O)NCCC(=O)N(C)C)C1
",2.6300374778730555,0.030837907712295776
"COCc1ccccc1NC(=O)CSCc1cn2cc(C)ccc2n1
",2.4236741322658686,-0.22563617160430405
"Fc1cc([C@H]2OCC[C@H]2Nc2ccc3nccn3n2)ccc1Cl
",2.3528454099112777,-0.313664068717599
"Cc1cccc(C(=O)N[C@H](C(=O)NC[C@H](O)c2ccc(F)cc2)C(C)C)c1
",2.526766268431206,-0.09751041055894898
"C[C@@H](CNC(=O)Nc1nnc(-c2ccccc2)s1)N1CCOCC1
",3.304433537139638,0.8689960015647732
"C[C@H](CNC(=O)c1nc(Cl)ccc1Cl)Nc1ccccc1
",2.3381270343686733,-0.33195647333634803
"C[C@H](NC(=O)N(CC[NH+](C)C)Cc1cccc(Cl)c1)c1cnn(C)c1
",2.204309624291077,-0.49826845546282966
"CCN(C)C(=O)N1CCO[C@H](C(N)=S)C1
",1.1759851872553615,-1.7762985361028423
"COc1ccc(-c2nc3ccccc3s2)cc1NC(=O)c1cccnc1Cl
",3.600457733214141,1.2369030682013233
"CCOC[C@H]1CCN(C(=O)Nc2ccc3nc(C(C)(C)C)sc3c2)C1
",3.3843008874387683,0.9682573557318885
"CC[NH+]1CC[C@@H](N(C)C(=O)COc2ccc(F)cc2)[C@H](C)C1
",2.4017599509166914,-0.25287172290325277
"CSCc1ccc(C(=O)N[C@H]2C=C[C@@H](C(=O)[O-])C2)o1
",2.0656856723409556,-0.6705541409028787
"CCc1ccc(S(=O)(=O)[C@H]2CS(=O)(=O)C[C@@H]2NC(C)C)cc1
",2.060521250769769,-0.6769726270142356
"Nc1ncccc1O[C@@H]1CCO[C@]2(CCOC2)C1
",2.1107131358371807,-0.6145927626349643
"CC[NH2+][C@@H](C[C@@H]1CCCO1)[C@@H]1CCC[C@H](S(C)(=O)=O)C1
",1.1472026427975206,-1.8120702792314183
"C[C@H](CCc1ccccc1)CC(=O)Nc1cccc(Cl)c1C(N)=O
",2.807151356645486,0.25095993984303006
"Cc1cc(C(=O)N2CCC[C@@H](c3nc(-c4cccs4)cc(C(F)(F)F)n3)C2)on1
",3.6969265734200283,1.3567972136550472
"Cc1ccc(S(=O)(=O)Oc2ccc(C=O)cc2[N+](=O)[O-])c(C)c1
",3.9650620603756463,1.6900434204690895
"CCONC(=O)[C@H]1CSCN1C(=O)c1ccc(C(C)(C)C)cc1
",2.080242586600493,-0.652462404836958
"C#CCN1CCN(CC(=O)N2CCN(c3cccc(F)c3C#N)CC2)CC1
",3.3236549201699166,0.8928848685599142
"N#Cc1cc2c(N)c(C(=O)Nc3cccnc3Cl)sc2nc1N
",3.7571852710879545,1.4316883914450067
"Cc1nc(CNC(=O)N[C@H](c2cccs2)C(C)(C)C)no1
",2.5019110808930707,-0.12840112577452295
"C[NH+](C)[C@@H]1CC[C@H](NC(=O)c2cccc(OCC(F)(F)F)n2)C1
",1.7881077057592512,-1.0155357228216455
"C[NH+](CCCNC(=O)N1CCN(S(C)(=O)=O)CC1)CC(F)(F)F
",2.468003454970183,-0.17054246204137147
"CCNc1cc(C)[nH+]c(N2CCN(C(=O)Nc3ccccc3F)CC2)n1
",2.797178082764373,0.23856487894253575
"N#Cc1cc(F)ccc1NC(=O)c1ccnc(OCC(F)F)c1
",2.8194604546715745,0.2662580276607574
"CCN(C(=O)CS(=O)(=O)c1nnc(-c2ccccc2)n1C)C1CC1
",3.5642956000106074,1.191959767867577
"CC(=O)N[C@H](CC(=O)NC12CC3CC(CC(C3)C1)C2)c1ccccc1
",1.7071082972186318,-1.1162040303135599
"Cc1ccc2[nH]cc(CCN3C[C@@H](C(=O)N[C@H]4NN[C@H](C(C)C)S4)CC3=O)c2c1
",3.3817081382955503,0.965035015313588
"COc1ccc(Cl)cc1NC(=O)CS[C@H](C)c1cccs1
",2.1660145690113057,-0.5458626104052157
"Cc1nc2ccc(N(C)C(=O)c3c(O)cc(Cl)cc3Cl)cc2[nH]1
",3.304129107441801,0.8686176479078305
"Cc1cccc(-c2noc([C@@H]3C[C@@H](O)CN3Cc3ccc(S(C)(=O)=O)cc3)n2)c1
",3.616036103188479,1.2562642977097218
"CC[C@H](CO)N1CCN(C(=O)Nc2cccc(CN(C)C(C)=O)c2)CC1
",2.209946342094656,-0.491262986517815
"CC(=O)c1cccc(C[NH+]2CC[C@]3(CCC[NH+](Cc4cccc(C)c4)C3)C2)c1
",2.1398418936636006,-0.5783907359466208
"C[C@@H](NC(=O)CCNC(=O)c1ccccc1)c1ccc(Cl)c(Cl)c1
",2.4492225238887215,-0.19388392316012618
"CCOc1cc(NC(=O)C(=O)NC[C@H](C)c2ccsc2)ccc1C
",2.5574592683063915,-0.059364300544639564
"CCN(CC(=O)N[C@@H]1CCS(=O)(=O)C1)C(=O)C[C@H](C)c1ccccc1
",2.3239600072221824,-0.34956364690372105
"Cc1ccc2c(c1)N(S(C)(=O)=O)C[C@@H](C(=O)NC1CCCC1)O2
",2.008142397188654,-0.742070516410964
"C[C@@H](C[C@@H]1CCC[NH2+]1)[NH2+]C[C@@H]1CCN(CC(F)(F)F)C1
",1.2060984513860529,-1.7388729377224112
"COc1cccc(S(=O)(=O)[C@H](C)C(=O)Nc2ccc(F)cc2F)c1
",2.9689049413729927,0.4519917732681131
"[NH3+]CCCOc1ccccn1
",1.6638903538303471,-1.1699164868927734
"O=C(NC[C@H]1C[C@@]12CCc1ccccc12)c1csnn1
",2.3466254428580116,-0.3213944159780209
"CCOc1cc2c(cc1/C=C1\C(=O)N(C)c3ccccc31)O[C@@H](C)C2
",2.5573202776998816,-0.05953704191851775
"C[C@H]1C[C@@H](C)C[NH+](C[C@@H](C)NC(=O)c2ccnc(C3CC3)n2)C1
",2.081287596377423,-0.6511636377539456
"Cc1cc(C)cc(NC(=O)[C@@H]2CCCN(c3nn4c(=O)cc(C)nc4s3)C2)c1
",2.5116088643907024,-0.11634845194987359
"CCOP(=O)(OCC)[C@H](O)c1ccc(Cl)cc1
",1.8828662889285996,-0.8977671321632776
"CN(C(=O)C/C=C/c1ccc(F)cc1)c1cc(F)ccc1F
",2.1689594736953834,-0.5422026013309217
"CS[C@@H]1CC[C@@H](NC(=O)Nc2ccc3nc(C4CC4)oc3c2)C1
",3.0120818815292294,0.5056532698953178
"CN(C)C(=O)c1ccc(F)c(NC(=O)NC[C@H](O)c2ccccc2F)c1
",2.692694145779294,0.1087093493048708
"COCCn1nnc(-c2cccc(OC)c2)n1
",3.3376071746781966,0.9102251167463022
"O=C(NCC1(O)CCSCC1)c1ccc(OC(F)(F)F)cc1
",2.342494011733649,-0.32652907296258915
"O=C(NC[C@H](c1ccccc1)[NH+]1CCCC1)c1ccc(O)c(Cl)c1
",2.093260911036547,-0.636282870801213
"CC[C@H](C)Oc1ccc(C(=O)NC(=S)Nc2ccccc2C#N)cc1
",2.7751040066670245,0.2111306060236981
"Nc1c(Nc2ccc(Cl)cn2)ncnc1Nc1ccccc1C(F)(F)F
",3.1893420078985026,0.7259570625884334
"O=C(NCCn1ncc2c(NCc3ccc(F)cc3)ncnc21)c1cc(=O)c2ccccc2o1
",4.888988572691936,2.838324869896535
"N#Cc1ccc(OC(F)F)cc1OC(F)F
",1.8761608442303774,-0.906100844481833
"CCC[C@H](O)c1ccn(CCc2ccncc2)c1
",2.3793903986340927,-0.28067322180570237
"Cc1cccn2nc(N[C@H](C)c3cccc(F)c3)nc12
",2.545416993723444,-0.07433077279993146
"N#C[C@@H]1CNCCN1C(=O)c1ccccc1[N+](=O)[O-]
",2.448684527118306,-0.1945525604414304
"C[C@H](Sc1nccn1C)c1c(F)cccc1F
",1.9837551552323496,-0.7723796559018506
"CCn1nc(C)c(NC(=O)NCC(C)(C)Cc2ccccc2)c1C
",2.607089551928569,0.0023175900099413494
"CC(=O)NCC(=O)NCC(=O)NC[C@@H]1CCC[C@@H](C)C1
",2.171956782149123,-0.5384774634008359
"CCOCC1CCN(C(=O)c2ccc(F)c(S(=O)(=O)NC)c2)CC1
",2.4844957893703823,-0.1500453322404029
"CC[NH+](CC)CCNC(=O)c1ccc2c(c1)[C@H]1C=CC[C@H]1[C@@H](c1cccc(C)c1)N2
",2.199862693186863,-0.5037952245573208
"C[C@H]1CC[C@@H]([NH2+]C[C@@H]2CCCN(c3ncccn3)C2)c2ccccc21
",2.327364351661701,-0.34533263338127085
"Cc1ccc(N=[P@@](c2ccncc2)(N2CCCC2)C(C)(C)C)c(C)c1
",2.0906234488371163,-0.6395607818437048
"COC(=O)c1ccccc1-c1ccsc1
",1.8888042869357173,-0.8903872238400319
"CCOCCNC(=O)N(C)Cc1cccs1
",2.092571266566365,-0.6371399800423203
"C[C@H](NC(=O)NCCCC[NH+]1CCC[C@@H](C)C1)c1ccc2c(c1)OCCO2
",2.4491033242532634,-0.19403206776724646
"Cc1ccc(S(=O)(=O)N(C)C)cc1NC(=O)COCC[NH3+]
",2.548549546172929,-0.07043754988755448
"C[C@@H](c1ccccc1F)[S@](=O)Cc1nc2ccccc2n1C(F)F
",2.845535130555176,0.2986643567549516
"O=C(c1ccccc1)N1CCN(C(=O)[C@H]2C=c3ccccc3=[NH+]2)CC1
",2.0031554584316718,-0.7482684219670208
"O=C(NC[C@H]1CCCO1)C1=NC=C(C(=O)C2CCCCC2)C1
",2.3023078645782644,-0.37647352924494415
"CCOC(=O)Cn1/c(=N/C(=O)Cc2ccc3c(c2)OCO3)sc2cc(S(C)(=O)=O)ccc21
",4.172980893195659,1.9484507023591613
"C[NH2+]C[C@H]1C[C@@H]1c1ccc(Cl)cc1Cl
",1.3044373060126286,-1.6166546865732518
"Nc1ccc(OCC(=O)Nc2cccc3ccccc23)cc1
",2.878774562326088,0.33997524283003505
"CCN(C(=O)c1cc(Cl)ccn1)c1ccc(Br)cn1
",3.2881363250559086,0.8487413751808893
"N#Cc1ccsc1C(=O)N[C@@H]1CCC[C@@H]1C(N)=O
",2.048976279316049,-0.6913210371721397
"CN(C)c1ccc(CC(=O)[O-])cc1
",2.1626571632986407,-0.5500352871783822
"Brc1ccc(OC2CC[NH2+]CC2)nc1
",1.738057639473097,-1.077739330893161
"O=c1[nH]c2ccc(S(=O)(=O)N3CCN(c4nccs4)CC3)cc2[nH]c1=O
",3.131747205977828,0.654376648186039
"CCn1cncc1[C@H]1C(N)=NC(=O)N1CC1CC1
",1.8144404736156305,-0.982808629878123
"CCOC(=O)CSC1=NC(=O)C[C@H](c2ccccc2C)[C@H]1C#N
",2.5408293274921823,-0.08003245140672421
"CCN1CC[NH+](C2C[C@H](C)C[C@@H](C)C2)CC1
",0.6374743022252598,-2.4455747732838535
"Cc1ccccc1C(=O)N[C@@H](C(=O)N1C[C@H](C)S[C@H](C)C1)C(C)C
",1.6724423774453014,-1.1592877951719367
"CCC[C@@H](C)NC(=O)COC(=O)c1c2c(nc3ccccc13)CCCCC2
",2.4868345189858316,-0.1471386943240231
"O=C(NCCS(=O)(=O)c1ccccc1)c1ccncc1Cl
",2.6853117966327504,0.09953436139709829
"Cc1ccccc1[C@@H](Cc1ncnn1C(C)C)C(=O)[O-]
",3.044585656958988,0.546049861902162
"CC(C)=CC(=O)NCc1cc[nH+]c(N2CCO[C@@H](C)C2)c1
",1.7937209327893286,-1.0085594488603067
"C[C@H]1C[C@@H](N(C)Cc2ccc(-c3c(F)cccc3F)o2)CC[NH+]1C
",2.1773821407911997,-0.5317346774734473
"CCc1ccc(C(=O)N2CSC[C@H]2C(=O)[O-])o1
",2.6680904758873636,0.07813122718354283
"COC(=O)CCC(=O)Nc1nc(C(C)C)cs1
",2.619038381366984,0.017167926052476787
"CCn1c(=O)[nH]c2cc(C(=O)Nc3ncccc3C)ccc2c1=O
",3.2728128820182527,0.8296969759273318
"O=C([O-])Cc1c[nH]c(=S)n(-c2ccc(Cl)c(C(F)(F)F)c2)c1=O
",2.0130397439208116,-0.7359839583038125
"O=C1O[C@@H](C(=O)NCc2cccc(NC(=O)C3CCC3)c2)Cc2ccccc21
",2.785088099850854,0.2235391134531521
"CCN(CC)C(=O)CCC(=O)Oc1ccccc1C
",2.2179440053650104,-0.48132326918132284
"C[C@@H](NC(=O)Cn1cnc2ccc(F)cc2c1=O)c1ccc(F)cc1
",2.6405800928561556,0.0439405614971732
"CC[C@@H](C)c1ccccc1NC(=O)[C@H](C)N1CCN(C(=O)c2ccc(C)c(F)c2)CC1
",2.614336627254123,0.011324455867784081
"Cc1cnn(-c2cc(Br)ccn2)c1
",2.633350864433363,0.03495587626419402
"C[C@H](SCc1ccc(-n2cccn2)cc1)C(=O)NCc1ccc(F)cc1
",2.7367237598466896,0.16343057267607808
"COc1ccc([C@H]2CCC[NH+]2Cc2nc(-c3ccoc3)no2)cc1
",2.984049486474944,0.4708138332141912
"O=C(Nc1ccccc1C(=O)NCc1ccc2c(c1)OCO2)c1ccc(Cl)c(Cl)c1
",3.096951322172238,0.6111313604301729
"C[C@@H](CC(F)(F)F)[NH2+]CCc1cccc(C(N)=O)c1
",1.683308485618914,-1.145783095093626
"COC(=O)c1ccc(C[NH+]2CCC(N3CCCC3=O)CC2)cc1F
",2.5172408144366947,-0.10934890850598865
"C/C(Br)=C\CCCBr
",0.8713213455397331,-2.1549431935402668
"Cc1nc2ccccn2c1C(=O)NNC(=O)c1ccsc1
",2.8264304037960275,0.27492047340332815
"O=C(NCCOc1ccc([N+](=O)[O-])cc1)[C@H]1CCCN1C(=O)c1ccco1
",3.5412937964897857,1.1633724896216935
"N[C@@H](C1=NOCC1)c1ccccc1
",1.508279951680096,-1.3633134029300833
"NC(=O)C(NC(=O)c1csc(-c2ccc(Cl)s2)n1)C(N)=O
",3.0527012085848524,0.5561360941507506
"Cc1nn(-c2ccc(F)cc2)c2[nH]c(=O)c(C[NH2+]CCC[NH+]3CCCCCC3)cc12
",2.6232821305275236,0.022442175002054206
"C[C@@H](NC(=O)C(=O)Nc1cccc(CC[NH+]2CCCC2)c1)C1CCOCC1
",2.567413567752232,-0.04699282159763033
"Cn1c(=O)c2ccccc2n2c(CN(Cc3ccccc3F)c3ccccc3F)nnc12
",3.986418257280306,1.7165854932519793
"Cc1ccc(C)c(NC(=O)[C@@H](C)S[C@@H](C)C(C)C)c1
",1.4245357213890317,-1.467393050886857
"Cc1nc2ccccc2n1CCNc1cccc(F)n1
",2.6736304340725146,0.08501644059587846
"NS(=O)(=O)N1CCN(c2nccs2)CC1
",2.455839765603921,-0.1856598319508682
"Fc1ccccc1C[NH2+][C@H]1CCC[C@@H](C(F)(F)F)C1
",1.1152024207597688,-1.8518410411412471
"COC(=O)c1ccc(C(=O)N(C)[C@@H]2CCc3ccccc3C2)cc1
",3.4421789535715694,1.0401898187395946
"COc1ccc(CN(C(=O)c2cccnc2)[C@@H]2CCCC[C@@H]2C)cc1OC
",2.784290292199414,0.2225475760157611
"COC[C@](C)(NC(=O)NCc1ccc(OC)nc1)c1ccccc1
",2.448264019081585,-0.19507517947169406
"O=C(Cn1c(=O)cnc2ccccc21)N(Cc1ccccc1)c1ccccc1
",3.318801157437167,0.8868524778538981
"COCc1cc([C@H]2C(C#N)=C(N)O[C@H]3N=NC(C)=C32)ccc1OC
",2.226954069341196,-0.4701253122181973
"CNC(=O)COc1ccccc1C[NH+]1CCC(C(=O)NC(C)C)CC1
",1.9543688493402547,-0.8089017704567163
"C[C@H](c1cc2ccccc2o1)N(C)c1nc[nH+]c2nc(N)ccc12
",3.283134215172411,0.8425246145287698
"CCOC(=O)[C@H]1C[C@@H]2CCC[C@@H](C2)[NH2+]1
",1.039541515268468,-1.9458745092411454
"N#CCn1ccn(-c2cccc3ccccc23)c(=O)c1=O
",3.1234825382229916,0.6441050902839199
"CC(C)C[C@H](NC(=O)N[C@H](C)C(C)(C)C)C(=O)N1CCC(CO)CC1
",1.5049481380992225,-1.367454273093313
"CN(Cc1ccc(Br)s1)Cn1nc(-c2ccccc2F)n(C)c1=S
",2.6943820829821554,0.11080716439298338
"CC[NH+]1CCC[C@@H]1CN(C)S(=O)(=O)c1ccc(C[NH3+])s1
",1.9769260686865135,-0.7808670337317809
"COc1cc(CNC(=O)c2nc[nH]n2)cc(OC)c1OC
",2.863773358885489,0.32133133186925733
"CN(C)C(=O)Cc1nc(-c2ccc(CCNS(C)(=O)=O)s2)cs1
",3.7746225204098907,1.4533598876717175
"CCc1cccc(S(=O)(=O)Nc2ccc(C)c(C(=O)NC(C)C)c2)c1
",2.27389658977316,-0.4117838481700912
"O=C(Nc1cc(C(F)(F)F)ccc1Cl)C1CCN(c2nnc(-n3cccc3)s2)CC1
",3.374648980338828,0.9562616983644285
"CCC[NH2+]C[C@]1(c2ccc(F)cc2F)CCC[C@H]1C
",1.073662680535377,-1.9034677803654758
"CCC1(CC)[C@@H](OC(=O)c2cnc([C@@H]3CCCO3)s2)C[C@H]1OC
",2.7306763414399304,0.15591467365073394
"C[C@@H]([NH2+]Cc1ccc([S@](C)=O)cc1)c1ccc(N2CCOC2=O)cc1
",2.5642508845985574,-0.05092349178337562
"Cc1nc(CC(=O)Nc2cccc(CS(C)(=O)=O)c2)cs1
",2.6507699369202053,0.056604781817004395
"CC(C)C[C@@H]1CCCCCN1C(=O)CN1C(=O)NC(=O)C1(C)C
",1.6149220479582158,-1.2307756531720155
"O=C(Nc1ccc2[nH+]c(N3CCCCCC3)cc(C(=O)[O-])c2c1)c1ccc(F)cc1
",3.6380725854675338,1.283651847990358
"CN(CC[NH+]1CCCC1)CC(=O)Nc1sccc1C#N
",1.9307836705291082,-0.8382140836648014
"[NH3+][C@@H](CCCc1cc(F)cc(Br)c1)c1ccccc1
",1.8329206601456045,-0.9598409424144002
"CNS(=O)(=O)c1cc(C(=O)N2CCO[C@@H](C)C2)c(C)o1
",2.4720737652917313,-0.16548376768273707
"COc1ccc(Cc2nnc(Nc3ccc(Cl)cc3)nc2[O-])cc1
",3.568511217630962,1.19719905416016
"CC(C)[C@H]([NH2+]Cc1ccc(OC(F)(F)F)cc1)c1ccccn1
",2.1746149641716834,-0.5351738011885075
"Cc1ccc(C[C@@H]2CCCN2C(=O)C(=O)Nc2ccn(C)n2)cc1
",3.039324569335487,0.5395112365446825
"Cc1ccc(NC(=O)CCc2nnc3ccc(NCc4ccccc4)nn23)nc1
",3.5560519894346125,1.1817143804103132
"Cc1cccc(/[NH+]=c2\oc3cc(O)ccc3cc2C(=O)NCc2ccco2)c1
",2.975941169555699,0.46073659245928955
"CCc1ccc(C(=O)N[C@@H](C)c2ccccc2Cl)cc1
",1.950073004203832,-0.8142407657274557
"Cc1[nH]c2ccccc2c1CC(=O)NC[C@@H](O)c1ccccc1Cl
",2.735421044465965,0.1618115219338065
"Cc1ccc(C)c(OCC(=O)NNC(=O)C(C)(C)Oc2ccc(Cl)cc2)c1
",2.826086781115354,0.2744934096222154
"CO[C@H](c1ccc(Cl)cc1)[C@H](C)NC(=O)C(=O)Nc1cccc(F)c1
",2.321871928899233,-0.3521587684542256
"Cc1ccc(CNC(=O)c2cccc(C#N)c2)cc1
",2.2725709230499644,-0.41343142347621836
"CC(C)C(=O)NCCC[NH2+][C@@H]1CCCOc2c1ccc(Cl)c2Cl
",1.5700348122956047,-1.2865627524059529
"CCC[C@H](C)NC(=O)[C@@H](C)Sc1ccc(F)cc1
",1.8562044233246247,-0.9309032368989447
"Cc1ccc(-n2c(=O)c3ccccc3n3c(SCC(=O)Nc4sccc4C#N)nnc23)c(C)c1
",4.3717090263601355,2.1954355282627147
"COC[C@H](C)[C@H](CC(C)C)C(=O)[O-]
",1.3651437402816806,-1.5412070493393333
"CC[C@](C)([NH3+])C(=O)N(Cc1cccnc1)C1CC1
",1.5612577903611673,-1.2974710782675687
"CCCCSc1nc2n(n1)[C@@H](c1cccc([N+](=O)[O-])c1)C1=C(CCCC1=O)N2
",3.1187132804513227,0.6381777246831476
"COc1ccc(NS(=O)(=O)c2ccccc2C(F)(F)F)cc1
",2.2961469452902494,-0.3841304903079097
"COCCn1c(=O)c2c(nc3n2CCCN3c2ccccc2OC)n(C)c1=O
",4.143405617219966,1.9116937305525563
"Cc1cc(C(=O)N2CCCC2)ccc1NC(=O)NC[C@H](C)c1ccsc1
",2.8199088057986152,0.26681525085453733
"COc1cc(CCNc2ncnc3oncc23)ccc1F
",3.221892134440304,0.7664112610406059
"N=C(NN=Cc1ccncc1)NN=Cc1ccncc1
",2.8946324273273305,0.35968383649599756
"CNC(=O)CC1CCN(C(=O)Nc2cc(Cl)ccc2Cl)CC1
",2.2325852536105164,-0.46312672050276155
"CCCN(CCC)c1nc2ccccc2n(CC(=O)N2CCc3ccccc3C2)c1=O
",3.1803714662157296,0.7148082250257792
"COC(=O)c1c(NC=[N+](C)C)c(C#N)c(C)n1Cc1ccccc1
",2.6259578987500203,0.025767693830556656
"CC(C)[NH2+][C@@]1(C(=O)[O-])CCC[C@@H](N2CCS(=O)CC2)C1
",1.6195767649662036,-1.224990642003533
"CC(=O)c1cc2c(cc1NC(=O)CN1CCC([NH+]3CCCCC3)CC1)OCO2
",2.347339354139436,-0.32050714727204843
"CCCc1c(-c2ccc(Cl)s2)n[nH]c1N
",2.1113719047693,-0.6137740263673845
"COCCc1noc(C[NH+]2CCCN(Cc3ccccc3)C[C@@H]2C)n1
",2.8463341842395082,0.29965744279651907
"O=C1/C(=C\c2ccco2)Oc2c1ccc1c2CN(c2ccc(F)cc2)CO1
",3.6080638652261,1.246356179649909
"CCOC(=O)C1CCCCC1
",1.1564249422906998,-1.8006085500917997
"C[C@@H]1C[NH+]([C@@H](C)/C(N)=N/O)C[C@@H]1C
",1.0973219938222718,-1.8740633307784362
"CC(C)c1ncc(C[NH+]2CCC([C@@H](O)C(F)(F)F)CC2)s1
",1.9188168326502804,-0.8530868010956653
"CC(C)[C@H](C)NC(=O)[C@@H]1CSCN1C(=O)Cc1cc(F)ccc1F
",1.9459390578680362,-0.8193785486864295
"C=CCN(C(=O)Cc1ccc(C)cc1)c1ccccc1
",2.074035222998145,-0.6601770881796386
"CC(=O)c1cc2c(cc1NC(=O)C[NH+](C)CCc1ccccc1)OCO2
",2.932562719508817,0.406824653760968
"O=C1C[C@H](c2ccc(F)c(F)c2)c2cnn(C3CCCC3)c2N1
",2.2297511347518695,-0.46664904188598283
"O=C(COc1cccc(Br)c1)Nc1ccsc1C(=O)[O-]
",3.438723164299919,1.035894868155464
"C=CCOc1ccc(C(=O)c2c(C)c(C#N)c(=O)n(Cc3ccc(F)cc3)c2[O-])cc1
",3.392471856309806,0.9784124620670663
"CC(=O)N1CCN(CCNc2ccc(Cl)cc2[N+](=O)[O-])CC1
",2.7279871544811503,0.15257247764526594
"CCc1nn(C)c(OC)c1CNC(=O)N[C@@H]1CCCC[C@H]1C(C)C
",1.976533140593231,-0.7813553756447587
"Cc1ccc(S(=O)(=O)N[C@@H](C)C(=O)Oc2csc(C(=O)[O-])c2C)cc1
",3.47032966673439,1.0751763044417755
"CC[C@H]([NH3+])c1ccn(CC(=O)N(C)CC)c1
",1.8249734071397838,-0.9697180084784665
"Cc1nc(CC(=O)c2ccn(C)n2)sc1C
",2.7626884248288404,0.19570017717617666
"C[C@H]1CCC[C@@H]([NH+]2CCC[C@@H]2C(=O)Nc2nccs2)C1
",1.6900408693603848,-1.1374159021862842
"COc1ccc(C[NH+]2CCSCC2)cc1O
",1.6697889582353689,-1.1625855380288674
"Cc1nsnc1COc1cccc(C(=O)Nc2ccccc2Cl)c1
",3.108557783299596,0.6255561916568837
"COC(=O)[C@]1(N2CC[NH2+]CC2)CSCCC1(C)C
",0.8811830651918645,-2.1426867753240524
"c1cc(CNc2cccc3[nH+]cccc23)cc(C2CC2)c1
",2.1810828697005333,-0.527135309126181
"C[C@H](Oc1cccc(Cl)c1)C(=O)N[C@H](C)c1ccccc1Cl
",1.9936689799536809,-0.7600584800630489
"O=C(/C=N/OCc1ccccc1)Nc1ccc(F)cc1F
",3.0181785741129215,0.5132304082319639
"CCc1ccccc1O[C@@H](CC)[C@H]([NH3+])c1ccccc1
",1.858245085487389,-0.9283670454650866
"COc1cccc2c1OC[C@H](NS(=O)(=O)c1ccc(Cl)nc1)C2
",2.898144984923748,0.3640493403258423
"COC(=O)c1cccc(NC(=O)C(=O)N(C)Cc2sccc2C)c1
",3.372587244088807,0.953699315471469
"Cc1ccccc1[C@H](NS(C)(=O)=O)C(C)C
",1.4765570815413118,-1.402739464221083
"CO[C@@H](CNC(=O)c1ccc(-c2cscn2)cc1)c1ccccc1
",3.004074730247952,0.4957017605961643
"COc1cc(C(C)=O)ccc1OCC(=O)Nc1c(C)nn(C)c1C
",3.1196523623824386,0.6393448417066536
"Cc1ccc(OCC(=O)Nc2cccc(N3CCCC3)c2)cc1
",2.7616881502056767,0.19445700818080677
"CCn1cc(S(=O)(=O)N[C@H](CCl)C(C)C)nc1C
",1.9064160911833268,-0.8684987859189494
"C[C@@H](SCc1ccccc1)C(=O)N/N=C/c1ccc(O)cc1O
",2.9171459295402298,0.3876642403572368
"CCN(Cc1ccc(Cl)s1)C(=O)Cn1nnc(-c2ccc(F)cc2)n1
",4.168226188761934,1.9425414240497112
"Cc1cc(C)cc(OCCC[NH+](C)CC(=O)N2CCC(O)CC2)c1
",2.2297673205166064,-0.4666289257694471
"CC(=O)N[C@@H]1CCC[NH+](CCC(=O)Nc2cc(N)ccc2F)C1
",2.229967789195649,-0.46637977774493716
"CCCn1c(=O)[nH]c(=O)c2c(C(=O)N3CCC(C)(C)C3)cc(C3CC3)nc21
",2.3144648249949014,-0.3613645222603398
"CC(C)(C)c1ccc(C(=O)NNC(=O)c2cncc(C#Cc3ccccc3)c2)cc1
",3.129099180214725,0.6510856084541516
"O=C(NC[C@H]1CC=CCC1)N1CCN(c2ccccc2O)CC1
",1.9289080714478364,-0.8405451301310276
"CC(C)c1nnc(NC(=O)CC2(Cn3cnnn3)CCCCC2)s1
",3.2896866138788816,0.8506681170515298
"Cc1ccc(OCC(=O)NNC(=O)c2cnn(C(C)C)c2C)cc1
",3.615969689294664,1.2561817566837468
"CCCN1CCN(C(=O)CCn2c(=O)c3cccn3c3cccnc32)CC1
",3.5464544650907834,1.1697863114377944
"CCOc1cc2c(cc1NC(=O)c1cn3cccnc3n1)O[C@@H](C)C2
",3.0745220104540545,0.5832555908466728
"Cc1c([C@@H]2CCC[NH+]2CCCOC(=O)NC(N)=O)cnn1C
",2.076722995435615,-0.6568366501804176
"CC(C)Cc1nnc(NC(=O)c2ccc(Cl)nc2)s1
",3.42250474855258,1.0157381720400092
"Cc1nccn1-c1ccc([C@H](C)NC(=O)NCC(=O)N2CCCCC2)cc1
",3.2035557455695423,0.7436222892889478
"CC(C)(C)OC(=O)N1CCC[C@H](Nc2ncnc(-n3cccn3)c2N)C1
",3.0687802609062316,0.5761195855419928
"CCOc1ccccc1NC(=O)CNC(=O)c1ccccc1
",2.8047429170765774,0.2479666644664942
"Cc1ccccc1CNC(=O)c1cc(S(=O)(=O)N2CCCCC2)ccc1Cl
",2.345394640758548,-0.3229240909033425
"CCc1c(C(=O)Nc2cnc3ccccc3c2)[nH]c(C)c1C(C)=O
",3.3371871114579523,0.9097030505462709
"C[NH2+]Cc1ccc(N2C[C@H]3CCCC[NH+]3C[C@@H]2C)nc1
",1.7620063053245882,-1.0479752659277974
"Cc1cnccc1CC[NH2+][C@@H]1CCC[C@H](C2CC2)C1
",1.5206209983160834,-1.3479756084954408
"COc1cccc(N2CCN(C(=O)Nc3ccc(SC)cc3)CC2)c1
",3.1531092362747515,0.6809259708703383
"CC(C)NC(=O)Nc1nc2c(s1)CN(CC(=O)Nc1ccc(Cl)cc1)CC2
",4.528975072866926,2.3908901249446646
"COc1ccc(C[NH+]2CCC[C@@H]2c2cccc(-n3ccnc3C)n2)cc1
",2.7372633150687657,0.16410114684425356
"CCN(C)C(=O)c1cc(-c2ccc3c(c2)OCO3)n(CC)n1
",3.4353047850867977,1.0316464118278121
"CC(C)Oc1cccc(CNC(=O)Cc2ccc([N+](=O)[O-])cc2)c1
",3.4141744332683794,1.0053850255708725
"COc1ccc(/C=N/NC(=O)c2ccc(NC(=O)c3ccc(C)cc3)cc2)cc1OC
",4.907599932536705,2.8614555831875625
"COc1ccc(NC(=O)CSc2nc3c(c(=O)n(C)c(=O)n3C)n2C)cc1
",3.838471765971459,1.5327134977921595
"O=C(CS(=O)(=O)Cc1ccon1)Nc1ccc(Br)cc1
",3.7274441998512633,1.3947253646978084
"O=C(CCC(=O)[C@@H]1CC=CS1)NCCc1c[nH]c2ccccc12
",3.0150828213924123,0.5093829210415993
"O=C(NCC1CCN(c2cc[nH+]cc2)CC1)c1cc(F)cc2cccnc12
",3.033493859473229,0.5322646688982587
"C[C@H](Sc1c([O-])on[n+]1-c1ccccc1)C(=O)Nc1sc2c(c1C#N)CC[C@@H](C)C2
",3.9470280139038327,1.667630208221526
"CCS(=O)(=O)NCc1ccccc1-c1ccc(C[NH+](C)C)cc1
",2.0241372552091095,-0.7221916640279213
"CC(C)c1sc(NC(=O)C2CCN(C(=O)N(C)C)CC2)nc1-c1ccccc1
",2.701841564623484,0.1200780147007726
"O=S(=O)(NC[C@@H](O)C1CCCCC1)c1cccc2cccnc12
",2.3189260637576656,-0.35581997121167896
"C[C@@]1(C(=O)NNC(=O)Cc2ccc3ccccc3c2)CC1(Cl)Cl
",2.278371957220287,-0.406221737601336
"CCS(=O)(=O)[N-]c1ccccc1N1CCOCC1
",2.314194476324228,-0.3617005190731525
"C[C@@]1(c2cccc(-n3cnnn3)c2)NC(=O)N(Cc2coc(-c3cccs3)n2)C1=O
",4.836009797438405,2.772481381235837
"Cc1noc([C@@H]2CCCN2C(=O)c2c(F)cccc2F)n1
",2.9003782414816577,0.36682489340617414
"Cc1ccc(C)c(OCCCC(=O)NCc2ccco2)c1
",2.9509129147884643,0.4296307844998345
"CC(C)(C)Oc1ccc(C(N)=[NH2+])cn1
",2.015346695766471,-0.7331168146795299
"Cc1ccc(C(=O)Nc2ccccc2N2CCc3ccccc32)cc1[N-]S(C)(=O)=O
",3.169860367719793,0.7017447408037174
"CCc1nn(C)cc1C(=O)N1CCS[C@@H](C(C)C)C1
",1.9933104492513842,-0.7605040719461795
"COc1ccccc1[C@H]1[C@@H]2CCCC[C@]2(O)CCN1C(=O)c1ccccc1Cl
",2.071088298125759,-0.6638396079998937
"CCOc1ccccc1[C@@H]1CC(=O)Nc2c1c(C)nn2-c1nc2ccc(C)cc2s1
",3.8347621813525232,1.5281031233238198
"CC(=O)c1c(OC(=O)c2cc([N+](=O)[O-])ccc2Cl)ccc2c(C)cc(=O)oc12
",4.157847438431915,1.929642425792456
"CN1CCCN(C(=O)c2cccc(F)c2)c2nc3ccccc3nc21
",3.383228506824409,0.9669245714143271
"NC(=O)CC1CCN(C(=O)CNc2ccccc2[N+](=O)[O-])CC1
",2.803971720693172,0.24700820024977868
"O=C(c1ncccc1C(F)(F)F)N1CCN(c2ccc(F)cc2)CC1
",2.7240803510219562,0.1477169941420328
"COc1cc(/C=C2\C(=N)N3N=C(c4cccnc4)SC3=NC2=O)cc(OC)c1O
",3.200039814919314,0.7392525933344407
"CCn1c(N2CCC(C(=O)[O-])CC2)[nH+]c2cc(C)ccc21
",2.5484957879533665,-0.07050436209118219
"COC(=O)[C@]1(F)CCN(C(=O)c2nn(-c3ccc(F)cc3)cc2[O-])C1
",3.684312404688152,1.3411199755179488
"Cc1cc(NC(=O)[C@H](C)SCC(=O)N[C@H](C)c2ccc(Cl)cc2Cl)no1
",3.2968233032072995,0.8595377921359739
"Nc1cnc(N2CCN3C(=O)NC[C@H]3C2)nc1
",2.49484325679512,-0.1371852132439325
"CCCc1ncc(C[NH+]2CCC3(CC2)CN(S(C)(=O)=O)Cc2ccccc2O3)cn1
",2.8534947584470083,0.30855680266996555
"CC(C)C[C@H](NC(=O)NC1CCN(C(=O)c2ccco2)CC1)c1ccccc1
",2.703945956028389,0.12269341060117706
"CCCCSCC(=O)N1CCC[C@H](O)C1
",1.364019231701779,-1.5426046197356909
"CCNC(=O)NC(=O)COC(=O)Cc1c(F)cccc1Cl
",2.4960252808956915,-0.13571616096610636
"CCOc1ccc([C@@H](C)NC(=O)Cc2ccc(F)c(F)c2)cc1
",2.058243400284952,-0.6798036026615599
"CCC(=O)c1ccc(F)c(F)c1
",1.374651082932615,-1.5293910606715233
"COc1cc(CO/N=C(/N)Cc2ccccc2)ccc1SC
",2.4358153759688945,-0.21054669778650995
"O=C1CC2(CC[NH+](C[C@@H]3COCCO3)CC2)CN1C/C=C/c1ccccc1
",2.0015148471714577,-0.7503074190633404
"Cc1cc(C(=O)NCC(=O)Nc2ccc(C(=O)c3nccn3C)cc2)c(C)o1
",3.5573170737290845,1.1832866621967317
"CCNC(=O)NC1CCC(OC(=O)Cc2c(C)[nH]c3ccccc23)CC1
",2.6693700262365776,0.07972148778330347
"C[C@H](Nc1cncc(Cl)n1)c1cccc(C(F)(F)F)c1
",2.234993762944977,-0.4601333584196661
"C[NH2+][C@@H](C)c1ccc(Sc2cccc(F)c2)c(F)c1
",1.5609940194354426,-1.2977989000768473
"O[C@H]1c2ccccc2CCC[C@@H]1CC1(O)CCCCC1
",1.441878327225972,-1.4458391802036077
"Cc1nc([N+](=O)[O-])c(N2CCN(Cc3ccc(F)cc3)CC2)n1Cc1ccccc1
",3.9380658495543974,1.6564917822406795
"Cc1cccc(OC(=O)CCCc2nc(-c3cccs3)no2)c1
",3.9015310661483684,1.6110853419180415
"C=CCn1c(=O)c2ccccc2n2c(=S)n(CN(C)Cc3cccc(Cl)c3Cl)nc12
",3.1292233590911103,0.6512399413997519
"Cc1ccccc1-n1c(SCC(=O)NNC(=O)c2ccco2)nnc1-c1cccnc1
",4.044249295748697,1.7884595089763442
"CCNS(=O)(=O)[C@@H]1CCN(C(=O)[C@@H](C)Oc2ccc(Cl)cc2)C1
",2.5474820608649678,-0.07176425018279255
"CCN(CC(=O)Nc1c(C#N)c(C)c(C)n1-c1ccccc1)C[C@@H](C)C#N
",2.7364927601137996,0.16314347981256097
"CC[C@@H](C)NC(=O)C(=O)NCCOC
",1.9157992166574482,-0.8568371777975717
"NC(=O)c1cc(OC2CCN(c3ncc(Cl)cc3F)CC2)ccn1
",2.712402769790991,0.1332037728815207
"Cc1ccc([C@H]2CN(C(=O)CCc3n[nH]c(C)n3)[C@@H]3C4CC[NH+](CC4)[C@H]23)cc1
",2.3714673264283292,-0.2905202353019856
"Cc1cccc(Nc2nc3nccc(-c4ccccc4)c3c(=O)[nH]2)c1
",3.1927617239471298,0.7302071803722638
"COc1cccc(N2CC[C@H](CNC(=O)c3cnn(C(C)C)c3C)C2)c1
",3.0459457067991194,0.5477401694979512
"CC(C)c1nc(C[NH2+]Cc2ccc(CN3C[C@H](C)O[C@@H](C)C3)cc2)cs1
",2.2992031740303682,-0.380332124614639
"Cc1ccc(NC(=O)N2CC[NH+](CCC(C)C)CC2)cc1S(C)(=O)=O
",2.6798209658027154,0.09271020482184562
"C[C@@H](Sc1nnc(-c2ccc([N+](=O)[O-])cc2)o1)C(=O)Nc1cccc(Cl)c1
",4.260541264998399,2.057273156640717
"CCc1cnc(CCNC(=O)C[C@H](C)C2CCCCC2)s1
",1.6357849796614417,-1.2048466240380569
"Cc1nc(NCc2ccccc2Cl)c2c3c(sc2n1)CCC3
",2.4002534719121753,-0.254744016718592
"Cc1ccccc1C(=O)ON1C(=O)c2cccc3cccc(c23)C1=O
",3.645175670623345,1.292479758878718
"C[C@H](NC[C@@H]1CCC[NH2+]1)c1cnccn1
",1.7714977894310722,-1.036178986698092
"O=C(CCNC(=O)c1ccccc1)Nc1ccccc1C(=O)N1CCN(c2ccccc2)CC1
",3.27845775521435,0.836712580619959
"Cc1ccc(CN2C(=O)CC[C@H]2C(=O)NC[C@@H](O)c2ccco2)cc1
",2.9407336488992892,0.416979711028606
"Cc1cc(NC(=O)[C@H](C)SCC(=O)N2CCN(C)C(=O)C2)no1
",3.522725686264952,1.1402955281557345
"COc1ccc(-n2nnnc2S[C@@H](C(=O)N2CCCCC2)c2ccccc2)cc1
",3.9639060347618433,1.6886066798304156
"CCn1c(SCc2c(C)noc2C)nc2cc(S(=O)(=O)N3CCCCC3)ccc21
",4.080443467768144,1.8334426280375373
"Cc1cccc2[nH]c(C3CCN(C(=O)CCc4csc(N)n4)CC3)nc12
",3.331960604015599,0.9032074023953123
"Cc1n[nH]c(-c2ccc(C(=O)NCCC(=O)Nc3ccncc3)cc2)n1
",4.732829546000891,2.6442461080906536
"COc1ccccc1OCC(=O)N(C)Cc1cccc(Cl)c1
",2.601593369692095,-0.00451321744139312
"COC(=O)c1sc2ncc(C(=O)/C=C/c3ccc(Cl)c([N+](=O)[O-])c3)cc2c1C
",5.234087169363508,3.2672229602738287
"C[C@@H](NC[C@@H](O)c1ccccc1)c1ccncc1
",1.9799800543003832,-0.7770714558579161
"Cc1cc(C(=O)[C@@H](C)S[C@H](C)[C@@H](C)O)c(C)n1Cc1ccco1
",2.468081583691318,-0.170445361503665
"Cc1cc(NC(=O)[C@H](C)N(C)CCC#N)no1
",2.775016985996376,0.21102245432495328
"Cc1n[nH]cc1C(=O)N1CC[C@](Cc2ccc(-c3ccsc3)cc2)(C(=O)NC(C)C)C1
",3.1295722685297225,0.6516735757100004
"c1cc(-c2cnc(NC[C@H]3COCCO3)nc2C2CC2)ccn1
",3.042503919394811,0.5434626208222104
"O=C(Nc1ccc2c(c1)OC1(CCCC1)O2)c1cccs1
",2.886513925356782,0.34959393747735196
"Cc1cc(C(=O)NCC(=O)N2CCN(S(C)(=O)=O)CC2)nn1C
",2.9343655158095907,0.40906521891596637
"CCc1nc2n(n1)CCC[C@@H]2NC(=O)NC1CCN(c2ccccc2)CC1
",2.9916231837735108,0.48022663390298204
"CCOC(=O)c1cccc(NC(=O)c2ccccc2F)c1
",2.7665426633925634,0.20049033157200155
"O=C(CCCc1ccccc1)N1CC(c2nc(-c3cccs3)no2)C1
",3.8996660790622535,1.608767484333201
"CCS(=O)(=O)C[C@@H](C)N[C@@H](C)c1ccc(Cl)c(Cl)c1Cl
",1.7208990351319353,-1.099064519423173
"COc1ccc2c(c1)[C@H](NC(=O)CSC1=NCCS1)CO2
",1.9527731850298815,-0.8108849062393679
"CCOc1ccc([C@H]2C(C(=O)OC)=C(C)Nc3nc(SCC)nn32)cc1
",2.738771387721724,0.1659754212899985
"C=CCSc1nc2n(n1)[C@H](c1ccc(C)cc1)C1=C(CCCC1=O)N2
",2.3167082428866412,-0.35857634039299596
"COc1ccc(N2CCN(CC(=O)NCc3ccccn3)[C@H](C)C2=O)cc1
",2.9328677347790326,0.4072037351834751
"O/N=C1/C[C@@](O)(C(F)(F)F)Oc2ccc(Cl)cc21
",1.7860597193638998,-1.018081017014542
"CC(=O)N1C=Cc2ccccc2[C@@H]1CC(=O)N1Cc2ccccc2C[C@@H]1C(N)=O
",2.4686222793580517,-0.16977336995929485
"COCCCNC(=O)c1cn(C)cc2c(=O)n(-c3ccccc3)nc1-2
",2.4318513134493207,-0.2154733444352631
"COc1ccc([N+](=O)[O-])cc1NC(=O)COc1ccc(Cl)cc1
",3.1683401624176852,0.6998553875657033
"CC[NH+](C)CCNC/C=C/c1ccc(C#N)cc1
",2.9129792624098862,0.38248579108888775
"CCCNC(=O)C[NH+]1CC[C@]2(O)CCCC[C@@H]2[C@@H]1c1ccc(OC)cc1OC
",1.7003038322600341,-1.1246608077531945
"Cc1cc(N2CCOCC2)ccc1NC(=O)C(=O)NC1CCC(C)CC1
",2.9538942265513306,0.43333604129961695
"Cc1ccc(C(=O)Nc2cccc(F)c2)c(C)c1
",2.176123017822892,-0.5332995503586629
"COCC(=O)Nc1nc(-c2cccs2)cs1
",2.444861041100253,-0.19930449472207862
"O[C@@H](Cc1ccccc1Cl)[C@@H]1CCOC2(CCC2)C1
",1.4801193043898597,-1.3983122350408537
"Cc1cccc(NC(=O)NC[C@@H](C)[NH+]2CCC[C@H](C)C2)c1C
",1.5118616536249996,-1.358861964589603
"C=CCNC(=O)c1ccc(OC)c(S(=O)(=O)N2CCCC2)c1
",2.1885770693961475,-0.5178213102593181
"O=S(=O)([N-]c1ccc(I)cn1)c1cnc(Cl)c(Br)c1
",3.04798590938807,0.5502757897607496
"C[C@@]1(CO)CCC[C@@H]1Nc1nccc(OCc2ccccc2)n1
",2.3746491238206984,-0.2865658094111921
"O=C(c1nc(C2CC2)n2ccccc12)N1CCS[C@H]2CCCC[C@@H]21
",1.9433954192577545,-0.8225398531747177
"CC(C)NC(=O)C[NH+]1CC[C@@H](Oc2ccc(C(F)(F)F)cn2)C1
",2.2967426926829893,-0.3833900789542914
"Cc1cc(C)c(S(=O)(=O)N2CCN(c3ccc(-c4ccco4)nn3)CC2)c(C)c1
",4.356297895178619,2.176282147756224
"Cc1nc(C(C)(C)NC(=O)Nc2cccc(F)c2C)sc1C
",2.258506631997102,-0.43091091378206847
"CCCN(CC#N)C[C@H]1CCCN(C(=O)OC(C)(C)C)C1
",1.8903487460947979,-0.8884677272370777
"NC(=O)CC[NH+]1[C@@H](C(=O)[O-])CC[C@@H]2CCCC[C@H]21
",1.375252587528914,-1.5286434941059273
"C#CC[C@H](C)OC(=O)Cc1cccc(OC(C)C)c1
",2.035025562098029,-0.708659374771631
"CC(C)c1nc2cc(NC(=O)c3ccc(Oc4ncccn4)cc3)ccc2n1C
",4.836058666504208,2.772542117063811
"CC1(C)Cc2cccc(OCc3ccc(C(=O)Nc4ccc(S(N)(=O)=O)cc4)cc3)c2O1
",4.353762518348697,2.1731311112373035
"Cc1ccccc1-c1nc(N)n(C(=O)c2ccc(C(C)(C)C)cc2)n1
",2.9814677956096207,0.4676052363298188
"Cc1cc(C)n([C@@H](C)C(=O)N(C)[C@H]2CCC[NH+](Cc3ccccc3)C2)n1
",2.7158622771936463,0.1375033444618047
"CC(C)[C@@H](C)SC[C@@H]1CSc2nnc(-c3cccnc3)n21
",2.4027012695051724,-0.2517018261000491
"CC1=C(c2ccc(C)c(C)c2)S(=O)(=O)N=C1N1C[C@@H](C)C[C@H](C)C1
",2.800092322773771,0.24218677711015285
"CC(C)CN(C)C(=O)N[C@@H](C)c1ccc(-n2cncn2)cc1
",3.2115002105245187,0.7534958902862348
"CC[C@@]1(C)NC(=O)N(CC(=O)NCC2(c3ccccc3)CC2)C1=O
",2.240884094000225,-0.45281269190391643
"CC(C)[C@H](NC(=O)Cc1csc(-c2c(Cl)cccc2Cl)n1)C(=O)[O-]
",2.9239891192075214,0.3961691459369724
"O=C(Cc1csc(-c2ccsc2)n1)Nc1ccccc1F
",2.490590955703068,-0.14247009077076359
"CCOC(=O)C1=C(C)N=C(C)[C@@H]1S(=O)(=O)N1CCC(C(=O)Nc2ncccc2C)CC1
",2.9856155910499442,0.4727602313393275
"C[C@]1([C@@H](Br)c2ccc(F)c3ccccc23)CCCO1
",1.5003198512692693,-1.3732064361047855
"CCOC(=O)[C@H](C)c1nc([C@H]2CN(C)CCO2)no1
",3.4001697027017443,0.9879795586863033
"CC1(C)CC(=O)C2=C(C1)c1c(ccc3ccccc13)N[C@@H]2c1ccncc1
",2.4141183255576655,-0.23751239274426808
"O=C(Nc1ccccc1)Nc1cccc(NS(=O)(=O)c2ccc3c(c2)OCCCO3)c1
",3.5494286441240313,1.1734827034837296
"CCOC(=O)c1c(NC(C)=O)sc2c1CC[C@H](Sc1ccccc1)/C2=N\O
",2.646689375010415,0.05153334650067652
"COc1ccc(OCC(=O)N[C@H](c2ccccc2)c2cccs2)cc1
",2.7573647838107145,0.1890838087279983
"COC(=O)[C@@H]1C[C@H](O)CN1c1[nH+]cc(C(F)(F)F)cc1Cl
",1.8101457462241666,-0.9881462359844816
"CCOc1ccc(NC(=O)N(C[C@@H](O)c2ccccc2)C2CC2)cc1F
",2.4674424771147265,-0.1712396608514209
"CCCOC(=O)c1ccc2nc(Br)sc2c1
",3.056988664061448,0.56146466251998
"Cc1ccccc1[C@H]1C[C@@H](C)N(C(=O)CCCn2cc[nH+]c2)C1
",2.464385151215244,-0.17503939012472497
"O=C(O[C@H](c1ccccc1)c1nccs1)[C@@H]1Cc2cc(F)ccc2O1
",3.1877812231685536,0.7240172761140125
"CCOC(=O)c1c(C2CC2)csc1NC(=O)C[NH+]1CC[C@@H](C)[C@H](O)C1
",2.0533776685973812,-0.6858508687160013
"Cc1cc([C@@H]2CCCN(C(=O)COCCOc3ccccc3)C2)n[nH]1
",2.728408614274268,0.15309627954472996
"COc1ccccc1NC(=O)c1sc2ncn(Cc3ccccc3F)c(=O)c2c1C
",3.5196570052412364,1.1364816864196547
"CC(C)([C@H](O)[C@H]1CCOC2(CCCC2)C1)[NH+]1CCCCC1
",1.2141670787829755,-1.7288450242047
"O=C(C[NH+]1CCC(NC(=O)c2ccc(F)cc2)CC1)Nc1cccc2ccccc12
",2.964939649471532,0.447063598709514
"COc1cccc(OCCNc2ncnc3[nH]cnc23)c1
",3.253750820973531,0.8060061187068451
"COc1nc2ccccc2cc1CN1C[C@@H]2[C@H](C1)C[NH+]1CCCC[C@H]21
",2.1220018616939456,-0.6005628215993968
"Cc1nsc2c1[C@H](c1nc(C(C)C)cs1)CC(=O)N2
",2.2288898986182284,-0.46771940999714073
"CC(=O)Nc1cccc(CNC(=O)N2CCC[C@@H]2c2ccccc2Cl)c1
",2.321304797663032,-0.3528636148562274
"Cc1ccc([C@H]2C[C@@H](C)CC[NH+]2CCOCCO)o1
",1.502820215898446,-1.3700989137183024
"CCc1ccc([C@H](CO)NC(=O)c2ccc(F)cc2F)cc1
",2.0887858729749733,-0.641844572000483
"COc1cc(C)sc1C(=O)NCCOc1ccccc1C
",2.398809822790109,-0.2565382238165084
"CN(Cc1ncnn1C)S(=O)(=O)c1cccc(C#N)c1
",3.580095697069071,1.2115965659348846
"Cc1nc(CN2CCN(C(=O)c3cccnc3OCC(F)F)CC2)no1
",3.780035447813057,1.4600872237112161
"O=C(Nc1ccccc1OCC(F)(F)F)c1c[nH]c2cccc(F)c12
",2.5434382468246453,-0.07679001422954065
"O=C(CSc1nc(-c2ccccc2)cs1)Nc1ccc2[nH]c(=O)[nH]c2c1
",2.9191787496538177,0.39019068547526253
"O=C(NCc1ccccc1F)[C@H]1CCCN1C(=O)c1cc(Cl)ccc1Cl
",2.143439730600803,-0.5739192445909966
"COc1ccccc1S[C@@H](C)C(=O)c1ccc(C)c(C)c1
",2.270484364328367,-0.4160246564240905
"C[C@@H](NC(=O)NCc1ccc(N2CC[NH+](CC3CC3)CC2)cc1)c1ccncc1
",3.0352754709261465,0.5344789049378154
"COc1ccc2nc([C@@H]3Cc4[nH]cnc4C[NH2+]3)[nH]c2n1
",3.6464812027195848,1.2941023103130156
"CCc1cnc(CCNC(=O)N2CCc3cc(F)ccc3[C@H]2C)s1
",3.1569011179205475,0.6856386263621437
"Cc1nc2ccc3nc(NC(=O)c4ccccc4F)sc3c2s1
",3.871952331730391,1.5743240718636138
"CN(CCc1ccccc1)C(=O)[C@H]1CCCN(C2CC[NH+](C)CC2)C1
",1.7476874729679197,-1.0657711072132734
"C[C@H](Sc1ccccc1)c1nc(-c2cnccn2)no1
",4.243027331764619,2.0355063555252886
"COc1ccc(NC(=O)[C@@H]2CC(=O)N(c3ccc(S(=O)(=O)N(C)C)cc3)C2)cc1OC
",3.6273831702699835,1.2703667468346367
"COc1ccc(OC(=O)c2ccccc2-c2cncnc2)cc1F
",3.456208876904543,1.0576265958916584
"CCC(=O)N1CCc2cc(Br)c(S(=O)(=O)N(C)Cc3ccccc3)cc21
",2.774305902298966,0.2101386998186783
"CC(=O)Nc1ccc(OC[C@@H](O)CN2CCN([C@H]3CCS(=O)(=O)C3)CC2)cc1
",3.2253559686969004,0.7707162101547613
"CCOc1cc(CCC(=O)N2CCN(c3cc(C)nc(C(C)C)n3)CC2)on1
",4.209894637466795,1.994328125736903
"CC(C)(C)c1cc2c(c(C(C)(C)C)c1)OCCOCCOCCOCCO2
",2.273641263302106,-0.4121011749773109
"COc1cc2c(cc1OC)[C@@H](C1=C(O)CCCC1=O)N(C(C)=O)CC2
",2.1114793291946197,-0.6136405163174341
"Cc1ccc(C)c(-n2ccnc2SCC(=O)N2CCN(S(=O)(=O)Cc3ccccc3)CC2)c1
",4.677544729535498,2.5755366075665687
"O=C1[C@@H]2CC=CC[C@H]2C(=O)N1CN1CC[NH+](CCc2ccccc2)CC1
",1.8869440387802812,-0.8926991917506223
"CS(=O)(=O)N1C[C@@H]2CC[C@H](C1)[NH+](Cc1ccccc1Cn1cccn1)C2
",2.731418836962249,0.15683746764267584
"O[C@]1(C[NH2+]Cc2cccnc2-n2cncn2)C[NH2+]CCOC1
",2.7387307572178896,0.1659249245749331
"C[C@@H](NC(=O)c1ccc(C(=O)OC(C)(C)C)cc1)c1nnc2ccccn12
",3.565657227590725,1.1936520363223027
"COc1cccc(OC)c1[C@H](Br)[C@@H](C)c1ccccn1
",2.1518416824326554,-0.5634770662371013
"Cc1c(Cl)cccc1NC(=O)CNC(=O)c1nccnc1-c1nc2ccccc2s1
",3.6571279961832834,1.3073344399978768
"CCOC(=O)Cc1cs/c(=N\C(=S)NC(=O)c2ccccc2)[nH]1
",2.2979909991731717,-0.3818386490875557
"O=C(NCc1ccc2c(c1)OCO2)c1cnn2c(-c3ccccc3)ccnc12
",3.581308318648424,1.2131036456064657
"COc1ccccc1NC1CC[NH+]([C@H]2CCN(c3ccccc3)C2=O)CC1
",2.874192881975025,0.3342810036408788
"C[C@H]([NH2+]Cc1ccc(F)c(F)c1)[C@H](C)C(=O)[O-]
",1.96065765021031,-0.801085874623049
"NC(=O)c1cc(NC(=O)N[C@@H](c2ccc(Cl)cc2)C2CC2)ccc1F
",2.424905894800336,-0.22410530302376874
"CC(C)(C)NC(=O)[C@H]1CCC[NH+](C2CCN(CCc3ccccc3)CC2)C1
",1.5047517361162115,-1.3676983669154037
"Cc1nc(C)c(CCC(=O)N[C@@H]2CCC[C@@H](C)[C@@H]2C)c(=O)[nH]1
",1.8374566184437873,-0.9542035278584288
"CCCOc1ccc(OCC[NH+]2CCCN(C(C)=O)CC2)cc1
",2.291673039964753,-0.38969078371142163
"C[C@H](CCO)N(Cc1ccccc1)C(=O)c1cc(Cl)c2c(c1)OCO2
",2.377636065285543,-0.2828535558619264
"CCCCCCNC(=O)[C@H]1CCO[C@H]1C
",1.700320786496606,-1.1246397365585865
"CC[C@H]1CCC[C@@](C#N)([C@]2(O)CCCc3ccccc32)C1
",1.4324602442326366,-1.4575442344977017
"CCO[C@H]1CCCN(C(=O)c2cnn(-c3ccccc3)c2C2CC2)C1
",2.7777386732505143,0.21440504259729867
"CCO[C@@H](C)C(=O)NCC1CCN(c2cc[nH+]cc2)CC1
",2.274981516870949,-0.4104354707355598
"Cc1nn(-c2ccc(Cl)cc2)c2sc(C(=O)N(C)C)cc12
",3.246495434048718,0.796988922963328
"O=C(C[NH+]1CC[C@@H]1c1ccc(Cl)cc1)NCC1CC1
",1.3565158306960399,-1.5519300542455254
"COC[C@@H](NC(=O)/C=C(/C)C(C)(C)C)c1ccc(F)c(F)c1
",1.5617709308088052,-1.296833333112387
"COc1ccc(F)cc1-c1csc(NC(=O)Cn2cc([N+](=O)[O-])ccc2=O)n1
",3.47636367375475,1.0826755354247939
"CC[NH+](CC)CC(=O)N1CCN(Cc2ccoc2)CC1
",2.1278540762866927,-0.593289527278539
"CCCSc1nc2c(c(=O)[nH]1)[C@@H](c1ccc(C)s1)C1=C(CCCC1=O)N2
",1.7742319076509245,-1.032780948877392
"CCCN1C(=O)CCc2cc(NC(=O)NCC(=O)NC(C)C)ccc21
",2.5982232734382076,-0.008701666370542439
"FC(F)c1nnc2ccc(Sc3nc4ccccc4s3)nn12
",3.34354375111562,0.9176032583033741
"C[NH+](C)C1CCN(C[C@H]2C=C[C@H]([NH3+])C2)CC1
",0.9900195088495669,-2.007421829889721
"Cc1cccc2c1=[NH+]C(=O)[C@@H](CN(C)C(=O)c1cccnc1)C=2
",2.103766300064849,-0.6232264824635998
"CN(Cc1ccccc1OCc1ccccn1)Cc1nc2ccccc2n1C
",4.024800208764556,1.7642876452031082
"Cc1ccc([C@H](C)NC(=O)[C@H]2CC[NH2+][C@@H]2C)s1
",1.5847107167744034,-1.2683231320011594
"Cc1ccc([C@H](CNC(=O)c2cnc3[nH]nc(C)c3c2)N2CCOCC2)cc1
",3.122377141258079,0.6427312723317972
"COc1ccc(C(=O)N2CCC(C(=O)Nc3cc(C)ccc3C)CC2)cc1
",2.78149144065779,0.21906908583055065
"S=C1[NH+]=N[C@H](c2ccc(Cl)cc2Cl)N1/N=C/C=C/c1ccco1
",2.28865924674423,-0.3934364093660649
"C[C@@]1(c2ccccc2)CN(C(=O)C(=O)Nc2cccnc2Cl)CCO1
",3.0937341086517165,0.6071329183947771
"CCc1cc(N(CC2CC[NH2+]CC2)C(C)C)nc(C)[nH+]1
",1.4780598529973896,-1.4008717782495905
"CCc1nc(C(=O)Nc2ccc(S(=O)(=O)CC)cc2)n[nH]1
",3.3625073567083126,0.9411717523622318
"C[C@@H](c1ccc(Cl)cc1)[C@H](C)N(C)C(=O)C1CC1
",1.87319384762993,-0.9097883100014303
"CCc1nc2n(n1)CCC[C@@H]2NC(=O)NC[C@@H](C)c1ccc(C)cc1
",2.95409558370914,0.4335862935501364
"CC(=O)N[C@H](Cc1c[nH]c2cc(F)ccc12)C(=O)NCCc1ccc[nH]1
",3.3698673519150724,0.9503189581747478
"Cc1onc(-c2ccccc2)c1C(=O)N(C)CC(=O)N(C)C
",3.103991471779163,0.6198810532759372
"Nc1ccc(C(=O)NC[C@@H]2CC[C@@H](C(=O)[O-])O2)cc1Cl
",2.2759725186290978,-0.40920382631355995
"C[C@]12CC[C@H]3[C@@H](CC[C@]4(O)C[C@@H](O)CC[C@]34C=O)[C@@]1(O)CC[C@H]2C1=CC(=O)OC1
",1.8194783255195217,-0.9765474480535012
"Cc1cc(C)c([N+](=O)[O-])c(C)c1C(=O)N1CCC(CC(=O)N2CCCC2)CC1
",3.3331201454629453,0.9046485126092536
"COc1ccc(OC)c(/C=C/C(=O)N[C@H](C)c2ccccc2Cl)c1
",2.294934832155881,-0.38563693806998667
"C[C@H](Sc1nnc(-c2ccc(Cl)cc2)n1C[C@H]1CCCO1)C(=O)Nc1ccc2c(c1)OCO2
",3.5643841824105795,1.1920698605267634
"CCc1ccccc1NC(=O)C(=O)NCCCN1CCOCC1
",2.336772017902637,-0.3336405253154578
"C[C@H]([NH2+]Cc1cc[nH]c1)c1ccncc1
",1.9561948302535044,-0.8066323908234415
"Cc1c(/C=N/N=C2\CC[C@@H]3[C@H]4CCc5cc(O)ccc5[C@@H]4CC[C@]23C)cnn1C
",3.3978198786765086,0.9850591323302801
"CC(C)(C)c1ccc(S(=O)(=O)Nc2ccc(C(=O)N3CCC[C@H](C(=O)NC4CC4)C3)cc2)cc1
",3.554725455658982,1.1800657275074142
"COC(=O)c1cc(C)sc1NC(=O)Nc1c(C)nn(Cc2ccc(C)cc2)c1C
",3.337817421186555,0.9104864169277954
"COCCOC(=O)C1=C(C)NC2=C(C(=O)CC(C)(C)C2)[C@H]1c1cccc2ccccc12
",2.4190157730850013,-0.23142570936607876
"Cc1cccc(NC(=O)C(=O)NCC2CCN(c3ncccn3)CC2)c1
",2.7479458101810352,0.17737764752639784
"Cc1nc(NC(=O)NCc2cc3ccccc3s2)nn1C
",3.6349401875016283,1.279758817074451
"Cc1cccc(CC(=O)N2CCC[C@@](Cc3ccccc3-c3cncnc3)(C(N)=O)C2)c1
",3.284807227281633,0.8446038802972894
"CCn1cc(/C=C(/C#N)C(=O)N(C)C)c2ccccc21
",2.535990318443784,-0.08604650582535624
"C[C@H]1CCC[C@@H](NC(=O)C(=O)Nc2ccccc2CC(F)(F)F)[C@@H]1C
",1.7799657128293145,-1.025654817054992
"O=C(c1csnn1)N1CCC(c2nc3cc(Cl)ccc3o2)CC1
",4.474426601091044,2.3230957739872165
"CCOC(=O)Cc1csc(NN=Cc2ccc(Br)cc2)n1
",4.216585456087479,2.002643660361355
"N#Cc1ccccc1OCC(=O)N[C@H](c1ccccc1)c1cccc(F)c1
",2.8518503682569714,0.3065131090150383
"CCCC(=O)N[C@@H]1CCCN(C(=O)[C@H]2CN(Cc3ccccc3)CCO2)C1
",2.1257314035745134,-0.5959276436937619
"CCCSc1ccccc1C(=O)NC(C)(C)C
",1.177850199486748,-1.773980647266762
"CCC[C@@H](C)NC(=O)c1cn2c3c(cc(Br)cc3c1=O)CC2
",1.805833983840095,-0.9935050136512854
"Cc1cc2c(c3c1C(=O)/C(=C/c1ccccc1Cl)O3)CN(CC(C)C)CO2
",2.45302159163397,-0.18916233658496628
"COc1ccc(C(=O)C(=O)Nc2cccc([C@@H](C)SC)c2)cc1
",2.582499899909073,-0.028243110311424968
"Cn1c(SCC[NH+](C)C)nnc1-c1ccccc1F
",2.279562426564908,-0.4047421893403888
"COc1ccc([C@@H](NC(=O)NCc2scnc2C)C2CCOCC2)cc1
",2.4396891925617954,-0.20573221127398358
"O=C(OCC(=O)N1CCc2ccccc21)[C@@H]1Cc2ccccc2O1
",3.378645106055992,0.9612281940428518
"Cc1ccc2ncc(C(=O)O[C@H]3CCC[C@H](C)C3)c(=O)n2c1
",2.32140846144491,-0.35273477863806363
"Cc1cccc(Cn2ccn(-c3ccc(Cl)cc3)c(=O)c2=O)c1
",2.834695601813446,0.28519269033046546
"CCc1ccc(OCC(=O)Nc2ccc(C)cc2O)cc1
",2.5596911534105415,-0.05659045194501022
"Cc1nc(C)c(C(=O)N2CCC[C@@H](c3nccnc3Oc3cccnc3)C2)o1
",4.499243730416193,2.353939189402008
"COC(=O)Cn1nc(-c2ccncc2)nc1-c1ccncc1
",4.029546399359044,1.7701863422774406
"O=C(Cc1cn(-c2ccccc2)nc1-c1ccc(Cl)cc1)N1CCN([C@@H]2CCS(=O)(=O)C2)CC1
",4.034872281305976,1.7768054958139812
"CCOc1ccc(CNC(=O)[C@@H]2CCCN(c3nc4ccccc4o3)C2)cc1
",4.217118306662838,2.003305901808965
"CC(C)CCC(=O)NN[C@@H](C(N)=O)c1ccccc1
",1.7902365250166499,-1.01288996730985
"O=C(Nc1cccnc1Cl)C(=O)N[C@@H]1CCCCc2ccccc21
",2.5891241547233594,-0.020010303028456
"NC(=O)Nc1ccc(NC(=O)[C@H]2CCN(c3cc(F)cc(F)c3)C2=O)cc1
",2.8655394827601035,0.3235263195177084
"Cc1cnc(-c2cccc(NC(=O)N3CCC[C@H]4CCC[C@H]43)c2)o1
",2.704974717849165,0.123971984274439
"CN(C(=O)CSCc1nc(-c2ccc(Cl)cc2)no1)c1ccc(F)cc1
",4.467568475626266,2.3145723057848513
"Cc1cc(Br)ccc1S(=O)(=O)Nc1ccc2c(c1)oc(=O)n2C
",2.57439874574377,-0.03831144899741878
"CC(C)(C)c1ccc(Cn2cc(N)cn2)cc1
",2.1862438260110815,-0.5207211297366852
"CCOc1ccc(/C=C/C([O-])=C(/C#N)C(=O)NC(C)C)cc1OC
",2.4240630774313727,-0.2251527797842412
"CC(C)Oc1ccc([C@H](C)NC(=O)N2CC[C@H]([N+]3=CCCC3)C2)cc1
",1.9454317489385324,-0.820009046269422
"CNC(=O)C1CCN(C(=O)CCc2nc(-c3ncccn3)no2)CC1
",3.6994968979618044,1.359991684157826
"C[NH+]1CCN(C(=O)c2cccc3c2N[C@H](c2c(Cl)cccc2Cl)[C@H]2CC=C[C@H]32)CC1
",1.835464050234884,-0.9566799467948941
"O=C(COc1ccc(Cl)cc1I)N/N=C/c1cccc([N+](=O)[O-])c1
",3.466207008096549,1.0700525501463323
"CC(=O)Oc1ccc(N2C(=O)C=CC2=O)cc1[N+](=O)[O-]
",3.5867125709486727,1.2198201999878782
"Cc1cc(NC(=O)C(=O)N[C@H](c2ncc(C)s2)C2CC2)c2ncccc2c1
",3.1762005729553002,0.7096245234059545
"O=C(Cc1noc(CCn2ccccc2=O)n1)NC1CCCCC1
",2.8894152572701626,0.3531997931058633
"NC(=O)N1CCC[C@@H](C(=O)O[C@H](CCc2ccccc2)c2ccccc2)C1
",2.2345794580194007,-0.4606482680516597
"C/C(=C\CC[NH2+]C1CC1)C1CCC(C)CC1
",1.113222030619606,-1.8543023248367188
"Cc1nn(CC(=O)O[C@H](C)c2c(F)cccc2Cl)c(C)c1[N+](=O)[O-]
",3.879787480561716,1.5840618117558898
"O=C1OC(/C=C/c2cccc([N+](=O)[O-])c2)=N/C1=C\c1ccc(F)cc1
",3.433711642673162,1.0296664103282471
"C[C@H]1S[C@@]2(C(=O)N(CN3CCOCC3)c3ccccc32)N(c2ccc(Cl)cc2)C1=O
",2.990011754142688,0.4782239045435952
"CC(C)C[C@H]1C(=O)N2CCC[C@H]2[C@]2(O)O[C@](NC(=O)OCc3ccccc3)(C(C)C)C(=O)N12
",2.370738905510403,-0.291425536985918
"CCCNC(=O)[C@@H]1CCCN(C(=O)[C@H](CC(C)C)N2CCCCC2=O)C1
",1.5390228853899253,-1.3251052337636053
"C[C@H]1CN(Cc2cccc(CNC(=O)c3nccn4ccnc34)c2)CCO1
",2.9285473580900385,0.40183425142001705
"CC(=O)c1cccc(S(=O)(=O)NC[C@@H]2COC3(CCCCC3)O2)c1
",2.272540775885143,-0.4134688912073158
"CC(C)[C@@H]1C(=O)NCC[NH+]1Cc1ccc(-n2ccnc2)cc1
",2.5881668567741203,-0.021200059423616087
"CN(C)C(=O)c1cc(C[NH3+])cs1
",1.5461821432125746,-1.3162075099296968
"CCOc1cc2c(cc1NC(=O)c1cnn(C(C)C)c1C)O[C@H](C)C2
",2.810461493259082,0.2550738692711766
"C[C@@H](N[C@@H]1CSCc2ccccc21)[C@@H]1COc2ccccc21
",1.8437355042803518,-0.9463999547028923
"C[NH+](C[C@@H](O)COc1ccccc1C(F)(F)F)C1CCSCC1
",1.5387854068115467,-1.3254003787156696
"Fc1ccc2c(c1)[C@H]([NH2+]C1CC[NH+](CCN3CCOCC3)CC1)CC2
",1.727032416321727,-1.0914417834711019
"CC1(C)Cc2cccc(C[NH+]3CCOC[C@H](CO)C3)c2O1
",1.4607169941945348,-1.4224259633258818
"CNC(=O)[C@H](C)NC(=O)c1sc2cccc(F)c2c1N
",2.551038379768889,-0.06734435858840257
"CC(C)C[C@@H]1COCCN1CCS(=O)(=O)c1ccc(C#N)cc1
",2.5634712672972455,-0.051892421750007765
"C[NH2+][C@@H]1CCC[C@@H]1Cc1ccccc1
",1.1316860269748892,-1.8313547589703443
"CC(C)Oc1ccc(C(=O)Nc2nnc(SCc3ccc(F)cc3)s2)cc1
",3.299393620570518,0.8627322537170423
"Cc1cccc(N2C(N)=C(C#N)[C@@]3(C(=O)Nc4ccc(F)cc43)C3=C2CCCC3=O)c1
",2.5510910962859623,-0.06727884104146906
"CCCOc1ccc([C@H]2c3c(oc4ccc(C)cc4c3=O)C(=O)N2c2ncccn2)cc1OCC
",4.2135258482366025,1.9988410950156799
"Cc1cc(C)n(-c2cncc(S[C@@H]3CCO[C@H]3C)n2)n1
",2.9129654504443354,0.38246862519570174
"O=C(Cn1nc2ccccn2c1=O)N1CCC[C@@H]1c1cccc(Cl)c1
",2.625639324266813,0.025371760642742026
"OC1(C[NH2+][C@H]2CCc3c(Br)cccc32)CCOCC1
",1.6530499479095782,-1.183389243499655
"Cc1ccc(NC(=O)NC[C@@H]2CCCC[C@H]2C)cc1S(C)(=O)=O
",2.305094882662378,-0.3730097460083498
"O=C(NCCCCC1CCCC1)c1nccn2ccnc12
",2.31501304382068,-0.36068318072562155
"O=C(NC1CC=CC1)c1cnc([C@@H]2CCCO2)s1
",2.2690685229418164,-0.4177843032984204
"C[C@](O)(CNS(=O)(=O)Cc1ccccc1)C1CC1
",1.9143922318466327,-0.8585858174743739
"C[C@@H](C(=O)NCc1ccc(F)cc1)[S@@](=O)Cc1ccc(F)cc1
",2.5154637151802306,-0.1115575366628679
"N#Cc1ccc(OC(F)F)c(NCC(=O)N2CCC[C@@H](C(N)=O)C2)c1
",2.27187703099704,-0.41429381173075686
"COc1ccc(C(=O)N2C[C@@H](O)[C@H]([NH2+]Cc3ccc4c(c3)OCO4)C2)cc1
",2.6368518064324022,0.03930694390802605
"CCOc1ccccc1C(=O)NCC(=O)Nc1cccc(SC)c1
",2.3936840526312224,-0.26290867288255193
"O=C(NCCc1ccc(C(F)(F)F)cc1)n1ccnc1
",3.395327431846755,0.9819614504041326
"Cc1nnc2sc(-c3ccccc3NC(=O)CC34CC5CC(CC(C5)C3)C4)nn12
",2.5599440626078955,-0.05627612939246964
"CCc1cccc(C)c1NC(=O)CNc1ccc(C(=O)NC(C)C)c(C)c1
",2.9472352692287496,0.4250601047785625
"O=C(NC1CC[NH+](Cc2ccccc2)CC1)c1c([O-])c2sccc2[nH]c1=O
",2.918625695449579,0.389503334398321
"CCOC(=O)C1C(C)=NC2=C(C(=O)[C@H](C(=O)OC)[C@@H](C)C2)[C@@H]1c1ccccc1[N+](=O)[O-]
",3.7383340734109485,1.4082596010559012
"Cc1ccc(CN(C)C(=O)NC[C@@H]2CN(Cc3ccccc3)CCO2)s1
",3.2976089823995074,0.8605142559884417
"CCCNC(=O)CCNC(=O)N[C@@H]1C[C@H]2CCCc3cccc1c32
",2.0328627024914394,-0.7113474365718456
"CCc1cc(NCc2cccc(OC(F)F)c2)n2nccc2n1
",2.7030847075808895,0.12162302718601506
"Cc1ccc(O)c(NC(=O)c2ccnc(N(C)C)c2)c1
",2.6286469369985443,0.029109705014801156
"COc1ccc2cc(C3=NN(C(C)=O)[C@@H](c4c(OC(C)=O)ccc5ccccc45)O3)ccc2c1
",4.5240806192676,2.3848071625030967
"Cc1cnc(OCc2nnc(Cc3ccccc3C)o2)c([N+](=O)[O-])c1
",4.565590601438543,2.4363969175946143
"CC1=C(C(=O)OCC(C)C)[C@@H](c2ccc(C(=O)[O-])cc2)c2c(n(C)c(=O)n(C)c2=O)N1
",2.802853323638004,0.2456182254255647
"Cc1cccc(C[C@H]([NH3+])[C@@H]2CCOC3(CCCC3)C2)c1
",1.5931361901271317,-1.2578517204499005
"COc1cc(Br)c(S(=O)(=O)Oc2ccc(Cl)c(Cl)c2)cc1OC
",3.082013481214254,0.5925661981170489
"CC(C)(C)[C@@H](O)Cn1cccn1
",1.6119173025553544,-1.2345100339483701
"CS[C@H]1CC[C@@H]([NH2+]Cc2ccc(Cl)nc2)C1
",1.8988125356721262,-0.877948695221059
"Cc1ccnn1C[C@@H](C)CS
",1.3669320351651502,-1.5389845069472483
"COc1ccc(C)cc1C[S@@](=O)CCCc1ccc(Cl)cc1
",2.3435928332872633,-0.3251634271136752
"Cc1nn(C)c(C)c1[C@H](C)[NH2+]CC1(CC(C)C)CC1
",1.3156194552020104,-1.6027572019706002
"Cc1noc2nc(C3CCN(C(=O)c4ccncc4)CC3)cc(C(F)(F)F)c12
",4.105423419417841,1.8644884035451916
"Cc1nn(C)c(Cl)c1/C=C/C(=O)NCCN1C(=O)CNC1=O
",2.842135479891926,0.2944391767876003
"CC(C)[NH+]1CCN(Cc2cccc(N)[nH+]2)CC1
",1.7173242809742466,-1.1035073228613455
"COC(=O)[C@H](C)NC(=O)c1ccc(F)cc1NC(=O)[C@H]1CCC[C@@H](C)C1
",2.0028904631085536,-0.7485977654912788
"CN1C(=O)c2cccc(NC(=O)[C@H]3COc4ccccc4O3)c2C1=O
",3.142288630125867,0.6674778219681329
"NC(=O)[C@@H](NCc1ccc(OC2CCCC2)nc1)c1ccccc1
",2.506497010829589,-0.12270160508290814
"C[NH2+]C[C@H](C)C(=O)N[C@H](C)c1ccc2c(c1)OCO2
",1.7781873760157019,-1.0278649832821587
"CC(C)CNC(=O)NC(=O)C[NH+]1CCC[C@H]1C(N)=O
",1.681196327918522,-1.14840814316108
"CC(C)(CNC(=O)[C@@]1(C)CCCc2ccccc21)c1ccncc1
",2.2696615394205892,-0.4170472860002887
"O=C(Nc1c(C(=O)N(Cc2ccco2)C[C@@H]2CCCO2)oc2ccccc12)c1ccccc1F
",3.798831449118171,1.4834474145211618
"C[C@@H]1C[C@](Nc2ccccc2F)(C(=O)[O-])CS1
",1.555413433669004,-1.3047346065720262
"COC(=O)c1ccc(C[NH2+]CC[C@H]2CCCO2)[nH]1
",2.906978344255621,0.37502768386475355
"CC(C)N(C(=O)[C@H]1C[C@@H]1c1cnn(C)c1)c1ccc(F)cc1Cl
",2.3789871732543695,-0.28117436147136016
"COc1ccc(CNC(=O)CN(C)S(=O)(=O)c2ccc(Cl)cc2)cc1
",2.737921470000899,0.16491912001565145
"CN[C@](C)(CC[NH+]1CCC(C)(C)C1)C(=O)[O-]
",1.2410685845150453,-1.6954110880831366
"C[C@@H]1CCC[NH+](CCCCNC(=O)Nc2ccccn2)C1
",1.8057862040300452,-0.9935643957220518
"Cc1nc([C@H](Cc2ccsc2)NC(=O)C[C@@H]2C(=O)NCC[NH+]2C)sc1C
",2.3886825071651288,-0.2691247320610954
"COc1ccc(NC(=O)/C(C#N)=C\c2cc(C)n(-c3cccc(I)c3)c2C)cc1
",3.028632336297485,0.5262226332988327
"CCOC(=O)c1cnc(C(F)(F)C(F)F)nc1-c1ccccc1C
",2.5388630019051206,-0.08247625528620905
"CC(=O)c1ccc(NC(=O)c2c(Cl)nc3ccccn23)cc1C
",2.6265766358272007,0.026536677400492356
"CC(C)C[C@H](NC(=O)Cc1ccon1)c1cccc(C(F)(F)F)c1
",2.176382410374625,-0.5329771701138012
"COc1ccc(S(=O)(=O)NCC[C@H](O)c2ccccc2)cc1Cl
",2.6207495766960434,0.019294646983754847
"CC(C)(C)c1ncc(NC(=O)N(C[C@@H](O)c2ccccc2)C2CC2)cn1
",2.6581644461283123,0.06579488258595263
"CC(C)(C)CC(=O)CCn1nnc2ccccc21
",2.8063913066486226,0.2500153286641086
"COC[C@@H](C)N1CCN(S(=O)(=O)c2cc(C)c(C)s2)CC1
",2.5580926832607265,-0.058577074902602985
"NC(=O)COc1ccc([C@@H]2NC(=O)CN2Cc2ccc(Br)cc2)cc1
",2.8828507926023876,0.34504129467233485
"C[C@](O)(CNC(=O)c1c(Cl)cccc1Cl)c1ccc(F)cc1
",1.9420728361577964,-0.8241835960685121
"C[C@H](NS(=O)(=O)c1ccc(C#N)c(Cl)c1)c1cccc(Br)c1
",2.292310946210834,-0.38889797616765664
"C[C@H]1CC[C@H](CCC(=O)Oc2cccc(F)c2)O1
",2.1638161248980587,-0.5485948976155001
"CCOC(=O)c1cc(NC(=O)CCC(=O)[O-])ccc1Cl
",2.457895769084285,-0.18310457390275614
"O=S(=O)(c1ccc(Cl)cc1)N1CCN(c2ccc(N3CCCCC3)nn2)CC1
",3.72954979661148,1.3973422586471658
"Cc1ccc(N2C[C@@H](C(=O)N[C@@H](C)c3cnn(C)c3)CCC2=O)cc1C
",2.8173961311167,0.2636924291936936
"COc1ccc([C@@H]2Nc3c(C(=O)[O-])cccc3[C@H]3[C@H]4CC[C@H](C4)[C@H]32)cc1[N+](=O)[O-]
",3.014601962269469,0.5087852960104919
"Cc1ncc([C@H](C)N[C@@H]2CCc3c(Br)cccc32)s1
",2.018158530579069,-0.729622188525697
"CC[C@H](Nc1cncc(-n2nc(C)cc2C)n1)c1noc(C)n1
",3.523025545264218,1.1406682012219482
"CSC[C@H](C)NS(=O)(=O)Cc1ccccc1F
",1.667089567405492,-1.16594041568784
"Cc1nc(NCCNC(=O)c2ccccc2Cl)cc(N2CCOCC2)n1
",2.712417382105081,0.13322193347003006
"Cc1ccc(NC(=O)c2oc3c(c2C)/C(=N/NC(=O)c2ccc(Cl)c([N+](=O)[O-])c2)CCC3)nc1
",4.336042059722776,2.15110763464664
"NC(=O)c1ccc(/C=C/C(=O)NCCSc2ccccc2)cc1
",3.1869462069270416,0.7229794948107191
"CCSc1ccccc1C(=O)Nc1cccc(C(N)=O)c1
",2.2696827119764684,-0.4170209721616565
"COc1cccc(OC)c1CNc1nc(CC[NH3+])nc2sc(C)c(C)c12
",2.847275714158794,0.300827602247498
"C[C@@H](c1ccccc1F)N(C)C(=O)C[C@H](O)c1cccc(F)c1
",1.8978530758438477,-0.8791411384593433
"Cc1ccc(C)n1[C@@H](C)C(=O)NCC(=O)N1CCCC1
",2.0675904574990867,-0.6681868211722832
"C[NH+]1[C@H]2CC[C@@H]1[C@@H](C(=O)[O-])[C@@H](OC(=O)c1ccccc1)C2
",2.1568464860597705,-0.5572569577258346
"COCC[NH+](Cc1ccc(C)o1)Cc1cccn1C
",1.9308119536468107,-0.8381789326230715
"Cc1cc(=O)oc2cc(OC(=O)c3scnc3C3CC3)ccc12
",3.1870309660128813,0.7230848357492491
"CCN1c2ccccc2C2=C([C@@H](c3cccc(F)c3)C(C#N)=C(N)O2)S1(=O)=O
",2.5948972359515974,-0.012835357843904268
"CCN1C(=O)/C(=c2\sc3nc(-c4cccnc4)nn3c2=O)c2cc(Br)ccc21
",4.1267379600052125,1.890978704703655
"O=C(NCc1ccccc1[N+](=O)[O-])NC[C@H]1CN2CCCC[C@@H]2CO1
",2.386402415035919,-0.2719584936861335
"Cc1ccc(C(C)C)cc1OCn1cc(N)cn1
",2.3612195999327907,-0.3032563935102097
"CN(C)S(=O)(=O)c1ccc(C(=O)Nc2ccc3ccccc3n2)cc1
",3.8119202842447555,1.4997145811952644
"Cc1c(C(=O)N(C)c2ccc(Cl)cn2)sc2ccccc12
",3.2603361104386197,0.8141904987750325
"CCOc1cccc(NC(=O)/C(C#N)=C\c2ccc(-c3cccc([N+](=O)[O-])c3)o2)c1
",3.8835977014453085,1.5887972597601705
"C[C@]1(c2ccc(F)c(F)c2)NC(=O)N(CN2CCC(c3nc4ccccc4s3)CC2)C1=O
",3.126942537780459,0.6484052735278302
"CCc1ccc([C@@H]2C3=C(CCCC3=O)Nc3nc(N4CCOCC4)[nH]c(=O)c32)cc1
",2.0701391696155573,-0.6650192111900378
"CC(=O)N1c2ccccc2C[C@H]1C(=O)NCCc1ccco1
",2.3290135224884834,-0.343282998218639
"C[C@H]1[C@@H](c2ccccc2)CCN1Cc1ncn(-c2ccccc2)n1
",3.227675032208815,0.7735984064931901
"Cc1cccc(C(=O)N2CCC[C@@H](c3[nH+]ccn3C(C)C)C2)c1O
",2.4201636752272746,-0.22999906480272928
"C[C@H]1C[C@H]1C(=O)NC[C@H]1CCC[C@@H](CNC(=O)[C@@H]2C[C@@H]2C)C1
",1.7516180247178497,-1.060886108676816
"CCOC(=O)c1ccc(Nc2ncnc(N(C)C)c2N)cc1
",3.3565114674937697,0.9337198952436163
"C[C@@H]1CCC[C@@H](NC(=O)[C@@H](Cc2ccccc2)n2cccc2)[C@@H]1C
",1.8751805527798753,-0.9073191778369631
"CC(C)[C@@H]([NH2+][C@H](C)C[C@@H]1CCC[NH2+]1)C(=O)[O-]
",1.1837335261448587,-1.7666686860096987
"COc1cc(NC(=O)COc2ccccc2)ccc1NC(=O)c1cccs1
",3.7013975022452255,1.3623538077815796
"CCOc1ccc(-c2nn(-c3ccccc3)cc2C=O)cc1[N+](=O)[O-]
",4.25285718735025,2.047723172197464
"Cn1nccc1NC(=O)c1ccccc1
",2.504193473539897,-0.1255645050024988
"Cc1ccccc1CCNc1ccc(C(=O)[O-])cc1N
",2.5548722081596438,-0.06257957052062059
"CC[C@H](C)NC(=O)N[C@@H]1CCCC[C@@H]1CO
",1.2478256296259644,-1.6870132453430673
"COc1ccc(Br)cc1CC(=O)NNc1cc(C#N)cc(Cl)n1
",2.723164515333748,0.14657876819280996
"[NH3+]C[C@H]1CCC[C@@H]1N1CCCCCC1=O
",0.9021590567151878,-2.116617232315491
"O=C(NCCc1ccccc1Cl)N[C@H](CO)c1ccco1
",2.756446013124532,0.18794193508203474
"Cc1ccccc1[C@@H](C)NC(=O)C(=O)Nc1ccccc1C[NH+]1CCSCC1
",2.13625142891442,-0.5828530649428643
"C[NH+](C)CCn1ccc(NC(=O)c2cc(C(F)(F)F)cc(C(F)(F)F)c2)n1
",2.356372843672661,-0.309280076378072
"CCOc1ccc(-c2noc(-c3nnn(-c4cccc(Cl)c4)c3N)n2)cc1
",4.820230391436049,2.7528702985859153
"O=S(=O)(c1cn[nH]c1)N1CCC[C@H](c2cccc(-c3cccc(F)c3)n2)C1
",3.5333592048106475,1.1535111594049707
"Cc1cc(C)c2c3c(sc2n1)[C@@H](c1ccc(F)c(F)c1)C(C#N)=C(N)O3
",2.7509706429835226,0.1811369934791491
"CCc1[nH]nc(-c2ccccc2Cl)c1NC(=O)Cc1ccc(F)cc1
",2.5329181302827535,-0.08986470632879037
"O=C(Cc1ccc2ccccc2c1)N[C@@H]1CCCN(c2ncccn2)C1
",3.02137498548428,0.5172029967804498
"NC(=O)CCCNC(=O)[C@H]1C[C@@H]1c1ccccc1Cl
",1.9519251809164353,-0.8119388292294846
"Cc1ccccc1CN(C)C(=O)CNc1ccc(C#N)cc1
",2.185574280173879,-0.5215532598402725
"Cc1c(Cl)cccc1NC(=O)CNC(=O)CSc1nnc(-c2ccc[nH]2)o1
",3.993341131155214,1.7251894325710853
"CCCCCNC(=O)N1CC[NH+](CCC(C)C)CC1
",1.6195691177545077,-1.2250001461699502
"C[C@H](Cl)C(=O)Nc1ccccc1C(=O)NC(C)(C)C
",1.5790280837445054,-1.2753856656606566
"C[C@@H]1CC[C@@H](Nc2ccc(S(N)(=O)=O)c(N)c2)[C@H](C)C1
",2.4892741669582534,-0.14410663227956233
"COc1ccnc(COC(=O)/C=C(/C)C(C)(C)C)c1
",2.116554132120635,-0.6073334107394865
"Cc1cc(C(=O)Nc2ccc(S(=O)(=O)N3CCOCC3)cc2)ccc1[N+](=O)[O-]
",3.9285554768337687,1.6446720277183629
"Cn1cnnc1SCC(=O)NC[C@H]1COc2ccccc2O1
",3.2048308048259244,0.7452069682341962
"COc1ccc(C[NH+](C)[C@H](C)Cc2cccs2)s1
",1.9731026256329658,-0.7856189146149525
"CC[NH+](CC)[C@H](CNC(=O)N1CCC[C@@H](O)C1)c1ccccc1
",1.7610523273648775,-1.049160896148054
"COc1ccc(C)cc1C1(CNS(=O)(=O)N2CCCCCC2)CCOCC1
",2.0954245771683087,-0.6335938066291852
"COc1ccc2nc(SCc3ccc(-n4cccn4)cc3)[nH]c2c1
",5.047623265543985,3.0354804581488506
"COc1cccc(NC(=O)N(C2=NCCC2)c2cc(C)cc(C)c2)c1
",2.3813661921184073,-0.2782176509613825
"COc1cc(/C=C2/CCn3c2nc2ccccc2c3=O)cc(OC)c1OC
",3.079801576520148,0.5898171817242016
"CN(C)C(=O)COc1ccc(NCc2[nH]cc[nH+]2)c(F)c1
",2.7438098661162797,0.17223738173456346
"CC[NH2+][C@H](Cc1nc(C)c(C)s1)c1cscc1C
",1.8265809493528258,-0.9677201105095253
"Cc1noc(C)c1CCN[C@H](C)c1nccs1
",2.4319739679830232,-0.21532090598495204
"CNc1ccc(CN[C@@H](c2ccccc2)c2ccccn2)cc1[N+](=O)[O-]
",3.0405497481171,0.5410339226548924
"Cc1ccc(NC(=O)CSc2nn3cnnc3s2)c(Cl)c1
",2.5937719377539494,-0.014233909599058289
"NCc1ccc(C(F)(F)F)nc1Oc1ccccc1F
",1.8818005549048382,-0.8990916559140258
"Cc1sc2nc(CN3CCOCC3)nc(N[C@@H](C[NH+](C)C)c3ccccc3)c2c1C
",2.6120839644184506,0.008524784128164339
"CCCN1C(=O)C(=O)N(CN2CCc3ccccc3C2)C1=O
",2.8053983695655265,0.2487812789666825
"O=C(NN1CCCCC1)/C(=C/c1c([O-])on[n+]1-c1ccccc1)NC(=O)c1ccccc1
",3.462433676867145,1.0653629496256074
"COc1ccc(Cl)cc1CSCCC(=O)Nc1cccc(F)c1
",2.398150164335962,-0.25735806560669144
"COC(=O)[C@]1(NC(C)C)CC[C@@H](Sc2nc(C)n[nH]2)C1
",2.1376884055374443,-0.5810671506114929
"O=C(/N=C1\S[C@@H]2CS(=O)(=O)C[C@H]2N1c1ccc(Cl)cc1)C1CC1
",2.357166863770991,-0.3082932462165484
"CCC[NH+]1[C@H]2CCC[C@@H]1CC(NC(=O)c1ccc(F)cc1)C2
",1.6972265655457783,-1.1284853200231821
"COC(=O)c1ccccc1C(=O)N(Cc1ccccn1)c1nc2c(Cl)cccc2s1
",4.20563941812162,1.9890396213242956
"O=C(CC[NH+]1CCC[C@@H]1c1ccccc1)N1CCN(c2ccc(F)cc2)CC1
",2.4202938510563685,-0.22983727867827047
"Cc1nnc(/N=C2/S/C(=C/c3cccc(O[C@@H](C)C(=O)[O-])c3)C(=O)N2C)s1
",4.598932010491538,2.4778345438592235
"Nc1cncc(C2CCCCC2)n1
",1.5789987687393952,-1.2754220991606258
"CCC1([C@H]2OCCC[C@@H]2C(=O)OC)SCCS1
",1.1319472213913735,-1.8310301393180832
"C/C(=N\O)c1ccc([N+](=O)[O-])cc1
",2.5236340285274466,-0.10140324503084484
"C[C@H](Sc1nnc2[nH]c3ccccc3n12)c1nc(N)nc(N(C)C)n1
",3.608423929288007,1.2468036772348163
"O=C([O-])c1ccc(-c2ccc3ccccc3n2)cc1
",3.6189625709825095,1.2599013929066196
"O=[N+]([O-])c1ccccc1CN1CC[NH+](C[C@H]2C[C@@H]3C=C[C@H]2C3)CC1
",2.069621318033684,-0.6656628114732801
"Nc1ccc2c(c1)CN(C(=O)c1ccc(Cl)cn1)CC2
",2.7945538675097388,0.23530343156979355
"COc1ccc(OCC(=O)N2CCc3cc(F)ccc3C2)cc1
",3.4190832987536934,1.0114858995033558
"CCCCCC(C)(C)C(=O)N1CCC[C@@H](N2CCCC2=O)C1
",1.693227404570293,-1.1334555880046813
"Brc1ccc(C[C@H]2CCC[NH2+]2)cc1
",1.7420815061083648,-1.072738358033681
"O=C(NCC1CCN(c2ncccn2)CC1)c1ccc(S(=O)(=O)N2CCCC2)cc1
",3.846789961642121,1.5430515816700459
"N#CC(C#N)=Cc1ccc(N2C(=O)c3ccccc3C2=O)cc1
",3.7290242184279014,1.396689055529405
"C#CCOC[C@H]1CCCN(S(=O)(=O)c2cc(F)ccc2F)C1
",1.9680794769837702,-0.7918618228275629
"Cc1c(F)cc(C(=O)NCCNC(=O)c2cccnc2)cc1[N+](=O)[O-]
",3.8341282771878307,1.5273152896776065
"O=C(Nc1nnc(Cc2ccc3c(c2)OCCO3)o1)[C@H]1CCCN1S(=O)(=O)c1cccs1
",4.135733290536993,1.902158350534162
"C[C@H]1OCC[C@H]1C(=O)NN(Cc1ccccc1)c1ccccc1
",2.0973754610586575,-0.6311691941178954
"O=C(Nc1cccc(-c2ccc3nncn3n2)c1)c1ccc(N2CCCC2)nn1
",4.3568552151679665,2.1769748004690017
"C[NH2+]CC(=O)N[C@H](c1ccncc1)c1ccc(Cl)cc1
",2.146986818007625,-0.5695108261567857
"COc1cc([C@@H]2C3=C(C[C@H](c4ccccc4)CC3=O)Nc3ccc4ncccc4c32)ccc1OC(C)=O
",3.6267753678076415,1.269611353106759
"C[C@@H]1c2ccccc2C=CN1C(=O)C1CCCC1
",1.6956107176749948,-1.1304935404935157
"CCS(=O)(=O)c1ccccc1C(=O)N[C@H](C)Cn1cccn1
",2.8516068958384286,0.30621051475247196
"Cc1csc([C@@H](C)NC(=O)N[C@@H](C)Cc2c(C)nn(C)c2C)n1
",2.554072942513134,-0.0635729199946508
"C[C@H](NC(=O)NCc1cn(-c2ccccc2)nn1)[C@@H]1CCCO1
",2.8878709566133987,0.35128049349397644
"COC[C@](C)(NC(=O)c1cc(C)c(C)s1)c1ccccc1
",2.0252701905792607,-0.7207836205833367
"Cc1ccc(NCc2ccnc(-n3ccnc3)c2)c([N+](=O)[O-])c1
",3.5390832303006556,1.1606251367598885
"O=C(CC1(Cc2ccc(Br)cc2)C(=O)c2ccccc2C1=O)c1ccccc1
",3.0001233193913173,0.490790837784387
"CC[NH2+]C[C@@H](Cc1ccc(F)cc1)c1ccccc1Cl
",1.4367865841428304,-1.4521673394778385
"Cc1cccc(NC(=O)[C@H](C)[S@](=O)Cc2ccc(Cl)cc2)c1C
",2.55534805836659,-0.06198817070899173
"CC(C)c1cc(N[C@@H](C)CCCO)ncn1
",1.7874508877978887,-1.0163520343687538
"C[C@@H]1CCCC[C@@H]1NC(=O)NC(=O)C[NH+]1CCC2(CC1)OCCO2
",2.203887785847141,-0.49879272796001395
"Cc1ccc(CN(C)C(=O)c2cccc(S(N)(=O)=O)c2)c(C)c1
",2.8319069235292,0.28172684375118145
"Cc1cc(C)c2cc([C@@H](c3nnnn3Cc3ccccc3)N3CC[NH+]4CCC[C@@H]4C3)c(=O)[nH]c2c1
",3.0791137440187675,0.5889623244480875
"C=CCN(Cc1ccc(Cl)s1)C(=O)Cc1ccccc1O
",1.9093196060788835,-0.864890217219751
"BrCC1(C[C@@H]2C[C@H]3CC[C@@H]2C3)CCCC1
",0.2717970044005935,-2.900048643198168
"Cc1nc(S(=O)(=O)N[C@H](C)c2ccc(C#N)cc2)cn1C
",2.787639344917732,0.22670987145629162
"CC(C)[C@@H](C[NH2+][C@H]1CN(Cc2ccccc2)C(C)(C)C1)N1CC[NH+](C)CC1
",1.2786949630751914,-1.6486479830809504
"CC1(C)O[C@@H](COC(=O)c2ccccc2)[C@H](C(=O)c2ccoc2)O1
",3.25643775709761,0.8093455173126295
"CCCCN(CC(F)(F)F)C(=O)c1cccc(OC)c1F
",1.732382810056985,-1.0847921660053934
"Cc1nc(NCC(C)(C)CCO)nc(C)c1CC(C)C
",2.0602129549831147,-0.6773557855533971
"Cc1nnc(N2CCC(CN3C[C@H](C)O[C@@H](C)C3)CC2)s1
",2.988807424629962,0.47672713048199344
"Cc1ccccc1[C@H]1C[C@H]1C(=O)OC(C)C
",1.4521964725579057,-1.4330155035158887
"Nc1c(Br)cnn1-c1ncccn1
",2.8808840865066907,0.3425970178861833
"CCOc1ccc(-c2ccc(=O)n([C@@H](C)C(=O)NCC3CCCCC3)n2)cc1
",2.514025045099487,-0.11334555567037814
"CC(C)[NH2+][C@@]1(CO)CC[C@H](Sc2ccc(Cl)cc2)C1
",1.7722341721877475,-1.0352637898205301
"CCn1ccc(C(=O)N2CCC[C@H](c3nnc(Cn4cccn4)n3C)C2)n1
",4.797201722349003,2.724249631070525
"O=C(Nc1n[nH]c2c(Cl)cccc12)c1ncccc1C(F)(F)F
",3.122267818713181,0.6425954032462831
"CC(=O)c1ccc(NC(=O)Cn2nc(-c3ccco3)ccc2=O)cc1
",3.207364824862268,0.7483563184924932
"NC(=O)c1cccc(COc2ccc3c(c2)OCCO3)c1
",2.4794605390756614,-0.1563032807131194
"CCOCC(=O)Nc1ccc(OCC(F)(F)F)nc1
",2.6800904429890933,0.093045118529848
"O=C(c1cnc[nH]c1=O)N1CCC(c2cc(Cc3ccccc3)n[nH]2)CC1
",3.182067517125666,0.7169161240536811
"Cc1cc(C)cc(C(=O)N2CCN(c3[nH+]ncc4ccccc34)CC2)c1
",3.0491490969691677,0.5517214314906643
"CC(C)CN1CCO[C@@H](COC(=O)c2ccc(-n3cccc3)nc2)C1
",4.114314331359307,1.875538275060713
"COc1ccc2c(C[NH2+]Cc3cccs3)c(C(=O)[O-])[nH]c2c1
",3.029379685605473,0.5271514597099869
"O=C(CSc1nnc(-c2cccc(F)c2)o1)Nc1nc(-c2ccccc2)cs1
",4.4126660072304915,2.2463379980274145
"CC[C@@]1(C)C[NH2+][C@H](C)CN1C[C@@H]1Cc2ccccc2S1
",1.2440391711535694,-1.6917191607648234
"CC[C@@H](C)Sc1nc2c(c(=O)[nH]c(=O)n2C)n1CCCc1ccccc1
",2.5002613979411223,-0.13045139742048964
"CC[C@@H](C)[C@@H](C[NH2+]C1CC1)c1ccc(F)cc1Cl
",0.8977671622905135,-2.1220756003009
"CC[C@@H](C)[C@@H](C(=O)Nc1ccc([N-]S(C)(=O)=O)cc1)c1ccccc1
",2.900941213813643,0.36752457100687286
"COc1ccc(C(=O)Nc2ncc3c(n2)C[C@H](c2ccco2)CC3=O)cc1
",3.9230755155106576,1.6378613800672495
"CCN(C[C@H]1CCOC1)C(=O)NCC1([NH+]2CCCCC2)CCN(C)CC1
",1.2963614455807146,-1.6266915895071048
"O=C(CC1(O)CCCCC1)NNc1cccc(C(F)(F)F)n1
",1.7791848384252347,-1.0266253093837483
"CCn1c(S[C@H]2CC[C@](C#N)(NC(C)C)C2)n[nH]c1=O
",1.6325043684685578,-1.2089238584558986
"CCc1ccc2oc(C(=O)N(Cc3ccc(C(C)C)cc3)[C@H]3CCS(=O)(=O)C3)cc(=O)c2c1
",3.3015234873611172,0.8653793111321016
"O=C(CCS(=O)(=O)c1ccc(Cl)cc1)OC1CCCCC1
",2.3466508585772186,-0.3213628286185283
"COC(=O)c1cc(S(=O)(=O)N[C@H](C)c2ccccc2C)cn1C
",2.8040198823171876,0.2470680568495127
"c1ccc(-c2ccc(NCc3ccc4c(c3)OCO4)nn2)cc1
",4.069579321648782,1.8199403664545712
"CC(C)(C)c1nc(CN2CCN(C(=O)[C@@H]3C[C@H]4CC[C@@H]3C4)CC2)no1
",2.7246827762516155,0.14846570489625777
"C[C@@H]1CC([NH+]2CCN(c3ccc(C(N)=O)cc3)CC2)C[C@H](C)C1
",1.8071683354970778,-0.9918466444689953
"C=CCCCN(C)C(=O)NCc1ccc(N2CCSCC2)cc1
",1.7605038465255447,-1.0498425633204715
"Cc1ccc(C(=O)COC(=O)/C=C/c2ccc([N+](=O)[O-])o2)cc1C
",4.756118703268834,2.6731905175291635
"COc1ccc2cc(CNc3ccc(C)cc3)c(=O)n(CC(=O)Nc3ccc4c(c3)OCCO4)c2c1
",3.2270342531578784,0.7728020285480142
"Cc1ccc(C(=O)[C@H]2N=C(N)O[C@@H]2c2ccccc2)cc1
",2.2569430646343207,-0.43285415858961346
"COc1cccc(Oc2ncc(-c3cccc(C(=O)NCc4ccc(F)cc4)c3)cn2)c1
",4.006874767234175,1.7420094101836041
"COCC(=O)Nc1cccc(-c2ccc3c(c2)OCO3)c1
",2.656103996183856,0.06323409834916174
"COc1ccccc1CNC(=O)C[NH2+]CC1=CCCCC1
",2.029799376754437,-0.7151546226093313
"O=C(CSC1=NCCS1)Nc1ccc(C(F)(F)F)cc1
",1.6954220006431084,-1.1307280832455826
"Cc1cc(C(=O)N/N=C/c2c(C)nc3sccn23)c(C)o1
",3.1247578098020674,0.6456900331096903
"CC1(C)CC(=O)C2=CN[C@@H]3CCCC[C@H]3N=C2C1
",1.0881620531831064,-1.8854475586078132
"Cc1ccc(S(=O)(=O)NCc2ccc3c(c2)OCCO3)cc1
",2.6184326959294335,0.016415163421622168
"CC(C)(CNC(=O)CC[C@@H]1NC(=O)NC1=O)[NH+]1CCc2ccccc2C1
",2.391848675337042,-0.2651897305981968
"COCc1cccc(CNC(=O)Nc2ccc(Br)nc2C)c1
",2.8619519978473216,0.3190676939446411
"CCN(C(=O)[C@H](C)n1nc(-c2ccc(F)cc2)ccc1=O)c1ccccc1C
",2.9227287812099574,0.3946027629797575
"O=C1CCC[C@@H]([NH+](CCO)Cc2ccccc2)C1
",1.482521667655311,-1.395326511462484
"CSc1nc2ncc(C#N)c([O-])c2s1
",3.13713948664406,0.6610783238892479
"CCN[C@@]1(C#N)CC[C@@H](Oc2cccc(F)c2F)C1
",1.925885076527504,-0.844302191912953
"COc1cc(C[NH2+][C@H]2CCC[C@H](C)[C@H]2C)cc(Cl)c1OCC(N)=O
",1.9629535337164534,-0.7982324870375562
"Cc1cc(C)cc(C(=O)NCc2n[nH]c3ccccc23)c1
",2.7203521300441023,0.1430834578908613
"CC[C@H]1CN(c2[nH+]ccn(CC(C)C)c2=O)C[C@H](C)O1
",1.4490378828347743,-1.4369410862728238
"CN(C)S(=O)(=O)C[C@@H](O)c1ccc2c(c1)OCO2
",2.380873243888454,-0.27883030066938175
"CCc1noc2ncnc(Nc3cc(OC)ccc3OC)c12
",3.3634759132412526,0.9423755012369216
"C[NH+](Cc1cccc2c1OCO2)[C@H]1CCCC[C@@H]1S(C)(=O)=O
",1.987037541408119,-0.7683002154861364
"CCC1(CC)[C@@H](NC(=O)c2cccnc2C)[C@@H](C)[C@@H]1OC
",1.7779539774637314,-1.028155057464443
"O=C(CCc1nc(-c2ncccn2)no1)NCCc1nc2c(s1)CCCC2
",3.5939441776575944,1.2288078410207044
"COc1ccc(Cl)cc1/C=C/C(=O)N1CCC(C(N)=O)CC1
",2.327548699703938,-0.3451035205305003
"CN(C)S(=O)(=O)c1ccc(C(=O)Nc2nnc(Cc3ccc(Cl)s3)o2)cc1
",4.148839809767423,1.9184474955021271
"CCn1nc(C)c2c1cnn2CC(=O)NCCc1ccccc1
",3.1047932612158777,0.620877539386308
"C(=C/c1cccc2c1OCCO2)\c1nc2ccccc2s1
",3.1375055404264955,0.66153326566466
"Cc1ccc(O)c(C[NH+]2CCC[C@@H]2CO)n1
",1.6011337619512493,-1.2479121167653229
"CN(C)c1ccc(C(=O)c2ccccc2I)cc1
",1.9146438910118126,-0.8582730484964276
"COc1c(CNc2ccccc2CN2C[C@@H](C)O[C@H](C)C2)c(C)nn1C
",2.3796953492873163,-0.2802942206909822
"CCN1C(C(=O)c2ccccc2)=C(N(C)C)c2ccccc2S1(=O)=O
",2.802752901897591,0.24549341850629314
"COc1ccc2nc(NC(=O)[C@@H]3CC(=O)N(C4CCCCC4)C3)sc2c1
",3.499846117260371,1.111860166350832
"CCOC(=O)[C@@H]1CCCN(C(=O)NCc2ccc(Cl)cc2)C1
",2.1746196013252037,-0.5351680380057279
"O=C(C[C@@H]1SC(N2CCOCC2)=NC1=O)Nc1cc(Cl)c(Cl)cc1Cl
",2.7479978240069793,0.1774422917493411
"COc1ccccc1CN(C(=O)c1ccc2[nH]c(=O)c(=O)[nH]c2c1)C1CC1
",2.6937743609584306,0.11005187063644613
"Cc1ccccc1Cn1c(=O)c2c(nc3oc(-c4ccccc4)cn32)n(C)c1=O
",4.060985517793535,1.8092597490943665
"NC(=O)CN1CCC([NH2+]Cc2ccc(OC(F)(F)F)cc2)CC1
",2.736368490110926,0.1629890336124383
"O=[N+]([O-])c1ccc([C@@H]2Nc3ccc(S(=O)(=O)Nc4ccccc4)cc3[C@@H]3C=CC[C@H]32)cc1
",3.5245516460349804,1.1425648815116287
"COc1cc(-c2nc3ncccc3[nH]2)ccc1[N+](=O)[O-]
",3.8575046222844884,1.556368058563534
"COc1ccccc1[C@@H]1c2cccn2CCN1C(=O)CN(C(=O)c1ccco1)C(C)C
",3.8604957881468356,1.5600855623109728
"O=C(CBr)c1cc(-c2ccc(Cl)c(Cl)c2)no1
",2.623082028112494,0.022193482180599963
"Cc1c(C(=O)N[C@H]2CCO[C@H]2c2ccc(Cl)c(F)c2)cnn1C(C)C
",2.2645199465231642,-0.4234374000038577
"COc1cc(C)c(NC(=O)c2nn(-c3ccccc3F)c(C)cc2=O)cc1OC
",3.0727249390888183,0.5810221408000618
"Cn1cc(N2CCC[C@H](NC(=O)NCc3ccccc3OCCO)C2)cn1
",2.868592599200718,0.32732081715898764
"CC(C)[C@H](NC(=O)C(=O)Nc1cccnc1Cl)C(=O)N1CCCC1
",2.2862848014800217,-0.39638743567954926
"Cn1c(SCC(=O)N2CCN(c3cccc[nH+]3)CC2)nnc1-c1ccccc1
",3.201035610142588,0.7404901952076106
"O=C(NCCOc1ccc2nnc(-c3cccc(F)c3)n2n1)c1cc(-c2ccccc2)n[nH]1
",4.109080451336097,1.8690334640621475
"O=C(CCOC1CCOCC1)N[C@H]1CCCc2cc(OC(F)F)ccc21
",2.256363103365392,-0.4335749505115029
"Nc1ccccc1C(=O)CCN1C(=O)c2ccccc2C1=O
",2.7281177552278004,0.15273479186902794
"CCOc1ccc2ccccc2c1C(=O)Nc1ccc(C)c(N2CCCC2=O)c1
",3.003061597621005,0.49444261131770434
"O=S(=O)(/N=C(\[O-])Cc1ccc2c(c1)CCCC2)c1cc(F)ccc1F
",3.0743961204409205,0.5830991312529464
"CCC1CCC(NC(=O)NC2CCC3(CC2)OCCO3)CC1
",2.104426679782878,-0.6224057442666954
"FC(F)(F)c1cc(N[C@@H]2CCC[NH2+]C2)nc(Cl)n1
",1.5494878203050428,-1.3120991229178747
"COc1ccccc1OC[C@H]1CN(C(=O)c2cccc(C#N)c2)CCO1
",3.4349607661107404,1.0312188555198247
"COCCCNC(=O)CN1c2ccccc2NC2=C(C(=O)CCC2)[C@H]1c1cccs1
",2.3171504376135603,-0.358026768543734
"CCc1onc(C)c1NC(=O)N1CC[C@@H](C)[C@H]1C
",1.964500572857954,-0.7963097839610206
"Cc1ccc([C@H](C)NC(=O)c2cc[n+]([O-])cc2)cc1F
",2.454410263321456,-0.18743645696485703
"COc1ccc2c(c1)[C@@H]([NH2+]Cc1cnn(C)c1C)CCO2
",2.1703795180258183,-0.5404377309215694
"CN(Cc1cccs1)C(=O)CCCNC(=O)c1ccc(Cl)cc1
",2.960267687126967,0.4412571545592773
"CC(C)Oc1ccc2c(NC(=O)[C@@H]([NH3+])[C@@H](C)O)nn(Cc3ccccc3)c2c1
",3.0735127055001286,0.5820011987062169
"C[C@@H](CN1CC[NH+](C)CC1)NC(=O)c1cccc(C(F)(F)F)c1F
",1.5154173907378035,-1.354442796061321
"Cc1nc(C)c(CNS(=O)(=O)c2ccc(F)c(C(F)(F)F)c2)s1
",2.315160214453395,-0.36050027298870246
"CCOc1ncnc(N(CCO)Cc2ccccc2)c1N
",2.364371223828973,-0.29933946807586376
"CCC(=O)N[C@H]1CCC[NH+](CCC(=O)Nc2cccc(C(F)(F)F)c2)C1
",1.9794881213672173,-0.7776828437269585
"Cc1c(CNc2cc3c(cc2Cl)OCO3)cnn1C
",2.541866712362057,-0.07874316076930374
"CCc1ccc2nc(COC(C)C)[nH]c(=O)c2c1
",2.185758370931735,-0.5213244667496543
"Cc1cc(C)cc(/C(=C2/OC(=O)c3ccccc32)[N+](=O)[O-])c1
",2.9270965458292157,0.4000311417749349
"Cc1ccc(CN(C[C@@H]2CCCO2)C(=S)Nc2ccc(C)c(C)c2)o1
",2.0775867076593197,-0.6557632047159754
"COc1ccc([C@@H]2[C@@H](C(=O)NCCO)CCC(=O)N2C)cc1
",1.9366292712535438,-0.8309490092425933
"CC[C@@H](C)N(CC[NH3+])Cc1cccs1
",1.153197938971766,-1.8046191591597036
"C[C@H]1Cc2ccccc2N1S(=O)(=O)c1cccc(C(=O)N2CCN(c3ncccn3)CC2)c1
",4.76469859712121,2.683853847152686
"CN1C[C@H](C(=O)N[C@@H]2[C@@H]3CCO[C@@H]3C2(C)C)CC1=O
",1.3410436058299455,-1.5711593636746546
"N#Cc1ccc(N2CCC([C@@H](O)c3ccc(Cl)cc3)CC2)cc1Cl
",2.5323294262483054,-0.09059636400172058
"Cn1c(C2CC2)nc2cc(NC(=O)C(=O)N3CCC[C@@](C)(CO)C3)ccc21
",2.933422888207116,0.4078936952339299
"Cc1nn([C@H](C)C(=O)N[C@@H](C)c2ccccc2)c(C)c1[N+](=O)[O-]
",3.316004027942162,0.883376127875902
"CCOc1cccnc1-c1nc(-c2cccc(OC)c2)no1
",3.960792144598146,1.6847366509235016
"O=C(CSCC(F)(F)F)N1CCC[C@H](c2nc3ccccc3o2)C1
",3.0056362085829815,0.4976424091021825
"Cc1c(C(=O)N2CCC(C)(c3ccccc3)CC2)cnn1C(C)C
",2.8113073300083653,0.2561250986011056
"C[C@@H](C(=O)N1CCc2ccccc2C1)[NH+]1CCC2(C1)OCCO2
",2.134333087071049,-0.585237233297208
"COc1ccc(OCC(=O)NCC#CCOc2ccccc2Cl)cc1
",3.3225093171253484,0.8914610813788457
"CCC(=O)Nc1cc(N2CCN(Cc3ccccc3)CC2)ncn1
",3.0451873446668793,0.5467976560439144
"CC(C)S[C@H](C[NH3+])c1cccc(Cl)c1
",1.0559271546927638,-1.9255099829101974
"CC1(C)C(=O)[C@@]2(C(=O)N3CCCCC3)CC[C@@H]1C2
",1.2652716324406619,-1.6653308700332026
"Cn1ccc2ccc(NC(=O)C=C3CN(C(=O)OC(C)(C)C)C3)cc21
",2.759337691428979,0.19153579293809267
"O=[N+]([O-])c1cc(C[NH+]2CCCC[C@H]2c2cn[nH]c2)ccc1O
",2.6794770145140014,0.09228273263756247
"O=C(CNc1ccc2ccccc2c1)N/N=C/c1cc2c(cc1[N+](=O)[O-])OCO2
",4.160074714042121,1.932410545585393
"O=C(Nc1ccc(F)c(Cl)c1)C(=O)N[C@@H]1CCc2ccccc21
",2.7153109132093416,0.13681809403699308
"CCN(C)c1ccc(C(=O)Nc2cc(C)on2)cc1
",3.2463433410290614,0.7967998975476361
"CC(=O)C1=C(Nc2ccc(C)cc2)C[C@@](C)(O)[C@@H](C(C)=O)[C@@H]1c1ccccc1F
",2.2549380626378195,-0.4353460305815487
"CCOC(=O)c1ccc(NC(=O)c2ccc(CN3CC(=O)N4CCCC[C@H]4C3=O)cc2)cc1
",4.127768617599006,1.8922596344961098
"O=C(Nc1ccc(F)cc1Br)c1ccc(Cl)cc1
",2.0600062152277285,-0.6776127274452084
"Cc1ccc(N2CCC[C@H](NC(=O)c3cnn(CC(C)C)c3C3CC3)C2=O)cc1
",2.8758972798443923,0.3363992765010565
"COc1ccc(Cl)cc1NC(=O)CC[S@](=O)Cc1ccc(C)cc1
",2.6451372193057097,0.049604284417732424
"COc1cc(OC)c(NC(=O)CSc2nc3ccc([N+](=O)[O-])cc3s2)cc1Cl
",4.435576263945222,2.274811499368114
"O=C(NCc1cccc(Cl)c1)C1=NO[C@H](Cc2noc(-c3cccc(Cl)c3)n2)C1
",3.7866802955016303,1.468345624388485
"CC[C@H](c1ccccc1)N(CC(=O)OC)C(=O)[C@H]1CNC(=O)C1
",2.058165887331242,-0.6798999379064619
"C[C@H]1OCC[C@H]1C(=O)N1CCN(CC(=O)N2CCCCCC2)CC1
",2.6682437508585313,0.07832172156129603
"Clc1ccc(C[NH+]2CC[C@H]3CCCC[C@@H]32)o1
",1.3702482186234504,-1.53486306233309
"Cn1cc(C#N)c(NC(=O)C[NH+](Cc2ccccc2)Cc2ccccc2)n1
",3.052564266950455,0.5559658992961418
"CCOC(=O)[C@H]1N=C(C)C(CCC(=O)Nc2cccnc2)=C1C
",3.118374547129279,0.6377567375323074
"CCN(CC)C(=O)Cc1nn(CC(=O)Nc2ccc(C)cc2C)c(=O)c2ccccc12
",3.0700182726646874,0.5776582208311176
"Cc1ccc2[nH]c(=S)n([C@H]3CCC(=O)NC3)c2c1
",1.5451311657163862,-1.3175136938594267
"CCC[C@@H](NC(=O)[C@@H]1C[C@@H]1c1ccco1)C(=O)OC
",1.9309127874887069,-0.8380536135326673
"Cc1ccc([C@@H]2CSCCN2C(=O)C2CCCCCC2)o1
",1.7515425548385042,-1.0609799047323332
"O=[N+]([O-])c1ccc(-n2nc(-c3ccccc3)c(/C=[NH+]\CCN3CC[NH2+]CC3)c2O)cc1
",3.2816665324867507,0.8407005378526232
"COC(=O)c1ccc(/C=N/Nc2nnc3c(n2)[nH]c2ccc(C)cc23)cc1
",4.504686873671695,2.360704078539348
"CCOc1cccc2sc(N3CCN(C(=O)Cn4c(=O)oc5ccccc54)CC3)nc12
",4.455612236214085,2.299712760421766
"CCc1ccc2[nH]c(=O)c([C@@H](c3nnnn3C[C@H]3CCCO3)N3CC[NH+](C)CC3)cc2c1
",2.7371187781945583,0.16392151241532632
"C[NH+](C)C1([C@H](O)Cc2cccc3ccccc23)CCCC1
",1.7674273780058216,-1.0412378067112065
"Cc1cccc(COC(=O)c2ccc(Br)c(N)c2)n1
",2.7768256500269217,0.21327031205696664
"C[C@@H](NC(=O)N[C@H]1CCCc2c1cnn2C)C(=O)NCc1ccco1
",3.4825163044696854,1.090322195219658
"Cc1ncc([C@H](C)[NH2+]CCOc2cccc(F)c2)s1
",2.62729954848102,0.02743513326129018
"CC[C@H](C)N(C)C(=O)[C@H]1CCC[NH2+][C@@H]1C
",0.8626882507654372,-2.165672642742477
"N#C/C(=C\c1ccc(OC(F)F)cc1)C1[NH+]=c2ccccc2=[NH+]1
",2.263920188187142,-0.4241827962688347
"COc1cc2c(cc1C[NH+]1CCN(Cc3cccc(F)c3)CC1)OCCO2
",2.3101750407018873,-0.3666959849470897
"Cc1ccc(/N=C(\N)NC2=N[C@H](CC(=O)Nc3cc(C)ccc3C)C([O-])=N2)cc1
",2.8318864615051416,0.28170141298116824
"Cn1cc(C(=O)NCCNC(=O)c2ccccn2)c2ccccc21
",3.846373525878958,1.5425340237741052
"Cc1cc(CN(C)C(=O)C(C)(C)C)cc(C)c1OCC(F)(F)F
",1.8703317838471947,-0.9133453621099946
"Nc1ccc(F)c(NC(=O)COc2ccccc2Cl)c1
",2.4036352209725202,-0.2505410853589565
"CCc1cc([C@@H]2CCC[NH2+]2)cc(CC)c1Cl
",1.0562857331097932,-1.9250643317258758
"O=C(/C=C/c1ccc(Br)s1)N1CCN(Cc2ccccc2)CC1
",2.8344498515487593,0.2848872650976465
"CCN(CC)S(=O)(=O)c1ccc(C(=O)N[C@H]2CCSc3ccc(F)cc32)cc1
",2.6205868953746045,0.019092462133459536
"COc1ccc2cc(CNC(=O)Nc3ccc4c(c3)CCN4C(C)=O)ccc2c1
",3.3667363149171825,0.9464276187075704
"Cc1nc(C)c(C(=O)NC[C@](C)(O)C(C)C)o1
",2.0820218205450947,-0.6502511236305605
"Cc1ccc2oc(C(=O)NCCc3nnc4n3CCC4)cc2c1
",4.058892430781443,1.8066584026063244
"C[C@@H]1C[C@H]1NC(=O)NCc1ccc(F)cc1C(F)(F)F
",1.5958120546748895,-1.2545260819056967
"O=C(Nc1cc(Cl)cc(Cl)c1)c1ccc2ccccc2n1
",2.773981438820233,0.20973544762418134
"NC(=O)[C@@H](CNC(=O)Cc1ccccc1F)Cc1ccc(F)cc1
",2.733068296292832,0.15888746136581838
"COc1cccc(Cn2nc3cc(Sc4ccccc4)ncn3c2=O)c1
",3.5018587733898316,1.1143615511111225
"Cc1ccc(NC(=O)CSCc2ncoc2C(C)C)c(C)c1
",2.4354013980136493,-0.2110612010507233
"O=C(CCN1CCCC1=O)Nc1ccc(F)cc1OCC(F)(F)F
",2.0264433997895757,-0.7193255236951711
"CC[C@@H]1CC[C@H](NC(=O)[C@@H]2CC[C@@H]3CCCC[C@@H]3[NH2+]2)[C@@H]1C
",0.9936670342613902,-2.0028885843221578
"Cc1nsc(NC(=O)N2CCC[C@H](c3nc4ccccc4o3)C2)n1
",3.8692099151175228,1.5709157205703237
"C=CCc1cccc(/C=N/NC(N)=O)c1O
",2.2006658143644815,-0.5027970833224843
"CC[C@H](O)Cn1nc(Cn2cncn2)nc1Cc1cccc(Cl)c1
",3.337678730653541,0.9103140484935663
"CN1C(=O)[C@@](CC(=O)NC2CC2)(Cc2ccccc2)c2ccccc21
",2.111306681865454,-0.6138550871980525
"Cc1ccc(Cn2c(C)c(C[NH2+]Cc3ccco3)c(C(=O)[O-])c2C)cc1
",2.9164629732188754,0.3868154433326613
"CC(C)(C)c1n[nH]cc1CN1CC[C@@H](C[NH+]2CCCCC2)C1
",1.4777184341803036,-1.40129610300802
"CC[C@H](CCO)CNc1ncnc(Cl)c1C
",1.9359883705448508,-0.8317455383873973
"CCC1(C(=O)c2c[nH]c3cc([N+](=O)[O-])ccc23)CCCC1
",2.8067785779024157,0.2504966401003529
"Cc1ccc(Cl)cc1C[NH3+]
",1.157003695192328,-1.7998892599622462
"CCc1nn(CC)c(CN2CCO[C@@H](C(N)=S)C2)c1Br
",1.7636220479710243,-1.0459671762331961
"CC[C@H](NC(=O)Nc1ncnn1C)[C@@H](O)c1ccc(C(F)(F)F)cc1
",2.4967922931640762,-0.13476289688338036
"CC1CCC(N(C(=O)c2cn(CC(N)=O)nn2)C2CC2)CC1
",2.6389068905384323,0.04186105933226193
"N#CSc1ccc(NC(=O)COc2ccc(Cl)cc2)cc1
",3.0473456605119322,0.549480070731492
"CC[C@H]1CCCCN1C(=O)C[NH+]1CCC(C)(C)C1
",1.0417321066982894,-1.9431519815632323
"CC[C@H](C#N)N1CCN(C(=O)N2CCC(C)CC2)CC1
",2.221623148729649,-0.47675072794662277
"Cc1ccc(N)c(C)c1NC(=O)N1CCOCC1
",1.880902458482839,-0.9002078350120727
"O=C(CSc1ccc(Cl)cc1)N1CCC[C@H]1c1ccc2c(c1)OCCO2
",2.749580663536704,0.1794094885395348
"Cc1nc2cc(/N=C/c3ccc([N+](=O)[O-])cc3)ccc2s1
",4.577403804332642,2.4510786932129034
"CCc1ccc(NC(=O)Cn2c(=O)n(Cc3ccco3)c(=O)c3sccc32)cc1
",3.384745440500204,0.9688098585845808
"C[C@H](CC(=O)N1CCCC[C@@H]1c1ncon1)Cc1ccc(Cl)cc1
",2.9240234620633405,0.3962118281890042
"CC(C)C(=O)Nc1ccc(C(=O)[C@H](C)OC(=O)c2cccnc2Cl)cc1
",3.2932231593036057,0.8550634336185231
"CCOc1ccccc1CNC(=O)NCc1cccc(OC)c1O
",2.5871078972281603,-0.022516163665793888
"Cc1occc1-c1nnc(SCc2coc(-c3ccccc3)n2)n1C
",4.761971467486094,2.680464494938583
"Cc1c[nH]c(CN(C)C(=O)[C@H](c2cccc(F)c2)N(C)C)[nH+]1
",2.294212815089927,-0.3865342808693903
"C[C@@H](CNC(=O)CSCC(N)=O)[NH+]1CCc2sccc2C1
",2.32818078773593,-0.34431794402428906
"Cc1sc(C(=O)NC[C@H](O)c2ccccc2F)cc1[N+](=O)[O-]
",2.706343815596415,0.12567353685969665
"C[C@@H](NC(=O)N(C)C1CCC1)C(C)(C)C[NH+](C)C
",0.9701992811280156,-2.032054957646849
"Cc1cc2nc(Nc3ncc4c(n3)CC(C)(C)CC4=O)nc(C)c2cc1C
",3.8499565011753876,1.5469870446711163
"CC[NH+](CC(=O)Nc1sc(C)c(C)c1C#N)CC(=O)NC(C)C
",1.9372695777636513,-0.8301532185842424
"Cc1ccc(C(=O)N2CCN(Cc3cccc(F)c3)CC2)cc1F
",2.3203913343677507,-0.3539988923298383
"O=C(Nc1cccc(Cl)c1)N(CCCN1CCOCC1)Cc1cccc(F)c1
",2.1713973207930928,-0.5391727774634127
"COc1ccc([N+](=O)[O-])cc1C1=N/C(=C\c2ccccc2)C(=O)O1
",3.614619754983252,1.2545040209471097
"O=C(NCc1ccco1)C(=O)Nc1nc(-c2ccccc2)cs1
",3.5783370625257365,1.2094108862346986
"COc1cc(OC)cc(C(=O)Nc2nnc(Cc3ccccc3)s2)c1
",3.467986639372036,1.072264325166555
"Cc1[nH+]ccn1C[C@@H](C)CNC(=O)N[C@@H](C)c1ccc(Cl)s1
",2.0687226386481243,-0.66677971509458
"CC(C)[NH2+]C[C@H](C)[NH+]1C[C@H](C)[C@@H](C)C1
",0.9925900663403693,-2.004227069871443
"CS[C@H]1CC[C@@H](NC(=O)Cc2cc(Cl)c3c(c2)OCCO3)C1
",2.0449885685910605,-0.6962770744653088
"CCOc1nc(N)nc(C)c1/N=N/c1ccccc1C
",2.6297671891302947,0.030501985379551795
"CC[C@](C)([C@H](Cc1cc(C)cc(C)c1)NC)[NH+](C)C
",1.1432442873896285,-1.8169898329237657
"C[C@@H](c1ccc(F)c(F)c1)N(C)C(=O)COc1ccccn1
",2.764958787833894,0.19852184717635213
"COc1ccccc1S(=O)(=O)[C@@H](C)[C@H](C)C(=O)[O-]
",2.61846737323131,0.016458261332473707
"Cn1nc(C(=O)Nc2ccccc2C(C)(C)C)ccc1=O
",2.003522177050156,-0.7478126539149604
"Cc1cccc(CN2CCc3nnc([C@@H]4CCCO4)n3CC2)c1
",3.216010962875342,0.7591019781929733
"COc1ccc2nc(NC(=O)CNC(=O)c3ccccc3C)sc2c1
",3.3096699779694445,0.8755039952046751
"CS(=O)(=O)NCCCOc1ccc(-c2ccccc2)cc1
",3.2211475148246196,0.7654858271666207
"C[C@@H]([C@@H](C)N(C)Cc1ccc([N+](=O)[O-])c(O)c1)S(C)(=O)=O
",2.687857407965333,0.10269811763927866
"CC[C@@H](C(=O)Nc1ccc(OCC2CC2)cc1)N1CCCC1=O
",2.442200861485495,-0.20261063959729547
"C[C@@H](SCc1ccnn1C)c1nc(-c2ccccc2)no1
",3.8170088264691757,1.506038762353657
"O=C1C[C@@H](c2nc3ccccc3n2CC(=O)N2CCCc3ccccc32)CN1c1ccccc1F
",3.947434134139264,1.668134945694005
"CN(Cc1ccccc1C(F)(F)F)C(=O)Nc1ccccc1N(C)C
",2.1986548121069727,-0.5052964126049235
"O=C(NCCc1ccsc1)[C@@H]1CC(=O)N(Cc2ccco2)C1
",2.760957900776544,0.19354943397252264
"CC(C)CC[NH+](C)CC[C@@H]1CCC[C@]1([NH3+])CO
",1.1243782223873737,-1.8404371008363087
"CNC(=O)c1ccccc1NC(=O)COc1cccc(C)c1
",2.3871512395760006,-0.2710278338156897
"CCCc1nnc([S-])n1CC(=O)Nc1ccc2oc(C(C)C)nc2c1
",3.740867472465168,1.4114081795404219
"Cc1ccccc1N1C(=O)[C@H](Cc2ccccc2)N=C1N1CCN(Cc2ccc3c(c2)OCO3)CC1
",3.743520859493979,1.4147058824017635
"COc1ccc(OC)c(/C=C/C(=O)NCC(C)(C)OC)c1
",2.217118448170555,-0.48234929451905
"C[NH+](C)CC(=O)N1CCN(C(=O)CCCSc2ccccc2)CC1
",2.5811401853003244,-0.029933001272370693
"O=C(CSc1nccn1Cc1ccccn1)NCc1ccco1
",3.1814043754967125,0.7160919532774133
"C[C@@H](NC(=O)CC1(O)CCCCC1)c1ccc(-c2cccnc2)cc1
",2.5241501515402107,-0.1007617930611488
"CC(C)CCC(=O)NCc1nc2ccccc2s1
",2.2259844930632777,-0.4713303284601788
"Cc1cc(C)c2c(c1)N(C(=O)CCCNC(=O)NC1CCCCC1)CCC2
",2.1141699357039396,-0.6102965560552535
"CC[C@H](NC(=O)c1scnc1C1CC1)c1ccc2c(c1)OCCO2
",2.606896424444236,0.0020775658254659764
"O=C(C1CCC1)N1CCc2[nH]cnc2C12CC[NH+](Cc1cccc(O)c1)CC2
",2.405070942951107,-0.2487567303344285
"Cc1[nH]ncc1C(=O)NCCCOC1CCCC1
",2.369192993439797,-0.29334683930754135
"CON(C)C(=O)CN1CCC[C@@H](C[NH+]2CCCCCC2)C1
",1.4105835680974677,-1.484733173278308
"Cc1ccc(S(=O)(=O)NCc2nnc3n2CCCCC3)cc1F
",2.60249087499839,-0.003397772998308835
"CNC(=O)[C@@H]1CCCN1C(=O)NC[C@H](C)c1ccc(F)c(F)c1
",2.0940209844072237,-0.6353382305726695
"C[C@@H](CC(=O)[O-])[S@](=O)C[C@@H]1Cc2ccccc2S1
",2.4377209849126267,-0.208178354232362
"Cc1ccc(C)c(NC(=O)[C@H](C)[S@@](=O)Cc2ccccc2)c1
",2.377765500890538,-0.28269268970847167
"C[C@H](NC(=O)NCCOCC(F)(F)F)c1ccc(Cl)s1
",1.9758474410698597,-0.7822075819967492
"C[C@@H](c1ccc([S@@](C)=O)cc1)[NH+](C)Cc1cccc2c1OC(C)(C)C2
",2.0768033448397967,-0.6567367897163391
"COc1ccc(C(=O)Nc2nc(CC(=O)N3CCOCC3)cs2)cc1OC
",3.7631839686563477,1.4391437388635397
"CC[C@@H](NC(=O)c1cnc([C@H]2CCCO2)s1)c1ccncc1
",2.5764538566211574,-0.0357573003009985
"O=C(c1cccnc1Cl)N1CCC(c2ccccc2)CC1
",2.4538878318347117,-0.18808574928067257
"C[C@@H](c1ccccc1)N1CC(=O)NC1=O
",1.6661880328407488,-1.167060867804878
"CC(C)(C)OC(=O)N1C[C@@H](C[NH3+])CC(F)(F)C1
",1.1141261770473327,-1.8531786266240524
"COc1ccc([C@H](NC(=O)N[C@@H](CO)c2ccco2)C2CCOCC2)cc1
",2.5985882367592823,-0.008248079850700191
"O=C(C[NH2+][C@@H]1CCCC[C@H]1C1CCCCC1)NC1CC1
",1.0865035008941972,-1.887508853311312
"Cc1cccc(C)c1OCC(=O)Nc1ccc([N+](=O)[O-])cc1O
",3.1870029389152403,0.7230500028963399
"CCNC(=O)N1CC[C@@H](C(=O)[O-])[C@H]1C
",1.6339273916620136,-1.207155285833111
"COc1cc(C(=O)N[C@@H]2C[C@H](C)N(c3ccccc3)C2)cc(OC)c1OC
",2.6601275413941567,0.06823467173279377
"Cn1ccc(CN(CC#N)C2CCCC2)c1
",1.844914571678435,-0.944934577096778
"CNc1snc(C)c1C(=O)NC[C@H](Cc1ccccc1)[NH+](C)C
",2.329448626664956,-0.3427422387017814
"Cc1cc(NS(=O)(=O)c2cccc(C(=O)Nc3ncc(Cc4cccc(Cl)c4)s3)c2)no1
",4.369780419755064,2.1930386025783384
"CC(=O)Nc1ccc(C#CC2(NC(=O)C3CCCC3)CCCCC2)cn1
",2.039191690876985,-0.7034815945812912
"C[C@@H]1CCCCN1C(=O)NCc1csc(C(C)(C)C)n1
",1.8224836228749113,-0.9728123812952634
"Cc1c(N[C@@H]2c3ccccc3C[C@H]2O)nn2c(C(F)(F)F)nnc2c1C
",2.46740229526329,-0.17128959996886475
"CCc1ccc2oc(=O)cc(C[NH+]3CCC[C@H](N4CCCC4=O)C3)c2c1
",1.7807103909205286,-1.0247293105059998
"CC(=O)c1c(C)[nH]c(C(=O)Nc2ccc(S(=O)(=O)Nc3nccs3)cc2)c1C
",4.045869217636428,1.790472792747733
"CSc1ncccc1C(=O)Nc1nc[nH]n1
",2.6148187289926215,0.011923625255906269
"O=C1C[C@H](c2nc3ccccc3n2CCOc2ccc(Cl)cc2)CN1c1ccc2c(c1)OCCO2
",4.3168914502868185,2.127306727033966
"COCCn1cc[nH+]c1C1CCN(C(=O)[C@@H](C)n2cncn2)CC1
",2.9322962949329066,0.4064935339217695
"O=C(CNC(=O)c1csc2c1CCCC2)c1cccs1
",2.3994979484941927,-0.25568300213995676
"Cc1cc(=O)[nH]c([C@H](C)Sc2nncn2Cc2ccco2)n1
",2.9372294193861155,0.4126245575711889
"O=C(Cc1cccc(C(F)(F)F)c1)NC[C@@H]1CCS(=O)(=O)C1
",2.0897908594784607,-0.6405955469497933
"CCN(Cc1nc(-c2ccc(OC)c(OC)c2)no1)C(=O)C(C)(C)C
",3.690471965008312,1.3487752476180395
"c1ccc2c(c1)ccn2CCNc1ncnc2c1CC[NH2+]CC2
",3.035094824394989,0.5342543924274953
"CC(=O)N1CCN(Cc2nc(C)c(C)s2)CC1
",2.378103781144991,-0.28227226564257674
"CCOC(=O)C1(C)CCN(C(=O)CCCn2cc[nH+]c2)CC1
",2.4628854225266448,-0.17690329446055275
"Cc1c(/C=C2/SC(=S)N(CCC(=O)[O-])C2=O)c(N2C[C@@H](C)C[C@H](C)C2)n(C)c(=O)c1C#N
",2.8563948111524518,0.3121610684634366
"CCO[C@@H]1C[C@@H]([O-])C12CCN(C(=O)c1cnc3c(C)cccn3c1=O)CC2
",2.6450603425333967,0.04950873983668398
"C[C@H]1C[C@@H](NC(=O)c2sccc2C2CC2)CN1c1ccccc1
",2.1280910881558297,-0.5929949623656414
"Nc1nc([C@H]2CN3CCC[C@@H]3CO2)ns1
",2.0680793886303275,-0.6675791640257814
"COC[C@H](NC(=O)c1ccncc1)c1ccc(F)c(F)c1
",2.25577383198346,-0.43430731329959404
"CC(C)C[C@@H](C(=O)Nc1ccc(-c2cn3c([nH+]2)CCCC3)cc1)N1C(=O)[C@H]2CC=CC[C@H]2C1=O
",2.913803346104303,0.3835099851199717
"O=C1c2c(c3c(c4cc5c(cc24)OCO5)CCCCC3)[C@H]1OC(=O)C(F)(F)F
",2.966477177948346,0.4489744816686641
"Cc1nc(C(C)(C)c2ccccc2)sc1C(=O)Nc1ccnn1C(C)C
",3.110522584890152,0.6279981014713175
"O=C(NCCCn1cc[nH+]c1)N1CCO[C@H](c2ccc(F)c(Cl)c2)C1
",2.7644822159829934,0.19792955048563726
"Nc1ccc(N2CCCN(C(=O)C3CC3)CC2)cc1
",2.02273891623227,-0.7239295584228885
"CS(=O)(=O)N1CCC[C@H](c2ccc(C(=O)NCC(F)F)cn2)C1
",2.7598733460963634,0.19220151938890617
"Cc1ccc(NC(=O)N2CCC[C@@H]2[C@H]2CCCC2=O)cc1
",1.9433426386135948,-0.8226054504205694
"Cc1cc(Br)c(O)c(C(=O)N(C2CC2)[C@@H]2CCS(=O)(=O)C2)c1
",2.0248893151661354,-0.7212569830917233
"O=C(NC[C@@H]1CCS(=O)(=O)C1)Nc1ccc(OC(F)F)c(F)c1
",2.473281168048066,-0.16398317410889196
"Cc1ccc(C(=O)N2CCN(C(=O)c3ccccc3F)CC2)c(C)n1
",2.9709429611135256,0.45452468062646345
"C[C@H](Cc1ccsc1)NC(=O)N1CCN(C(=O)Cc2ccccc2F)CC1
",3.5998876418817933,1.2361945429098768
"COc1ccc(NC(=O)[C@H]2[C@@H]3C(=O)N(c4cc(C)on4)C[C@]34C=C[C@H]2O4)cc1
",3.1033968828005714,0.6191420816314943
"C[NH+]1CC[C@H](NC(=O)c2ccccc2[N+](=O)[O-])[C@@H]1c1ccc(F)cc1
",2.3936193512880166,-0.26298908550321587
"C[C@H](C(=O)[O-])S(=O)(=O)Cc1ccc(O)cc1
",2.4485801122032385,-0.19468233018871797
"CCn1c(C(=O)NC(C)(C)c2ncc(C)s2)cc2ccccc21
",2.763372788453261,0.1965507232359654
"C[C@@H](Sc1nnc2n(-c3ccccc3)c(=O)c3ccccc3n12)C(=O)Nc1cccc(Cl)c1
",4.133181606571225,1.898987047055331
"CC(C)c1nn(C)c2sc(C(=O)NNC(=O)Cc3ccsc3)cc12
",3.138947293114822,0.6633251158222196
"CC(C)c1cccc2c1OCC[C@@H]2[NH2+]C[C@]1(O)CCOC1
",1.8187040049818441,-0.9775097950556418
"CO[C@@H](C)[C@@H]([NH3+])CCC[C@@H]1CCCO1
",1.029177358285276,-1.9587553704829312
"Cc1cccc(C[S@](=O)Cc2ccc(C(=O)N3CCCC3)cc2)c1
",2.5562912066680625,-0.060815999887824775
"COC(=O)C1=C(C)N(C2CC2)C(=O)N[C@H]1c1cccc(OC)c1OC
",2.1992312919761017,-0.5045799474630914
"NC1=NC(=O)[C@](Cc2cccs2)(c2cccs2)N1
",2.06360228951004,-0.6731434267658838
"O=C(C1=c2ccccc2=[NH+]C1)[C@@H](S[C@@H]1NN=NN1C1CCCC1)c1ccccc1
",1.8006851568034241,-0.9999041184433943
"C[C@H]1CN(Cc2ncn(-c3ccccc3)n2)[C@H](C)CN1C(=O)OC(C)(C)C
",3.3344863837018712,0.9063465113183976
"C/C(=N\NC(=S)Nc1c(C)cccc1C)c1ccccn1
",2.5071300725701335,-0.1219148184247497
"CC[C@H](C)C[NH+](C)Cc1ccc(C(=O)OC)c(F)c1
",1.9885999809892685,-0.766358372316827
"Cc1ccc(CNC(=O)CN2CCN(c3ccc4c(c3)OCCO4)C2=O)cc1
",2.805948611094451,0.24946513437287118
"C[C@H](OC(=O)c1ccc([S@](C)=O)cc1)[C@H](C)c1ccc2ccccc2n1
",4.199385760204653,1.9812674021256984
"O=C(Nc1cccc2c1CCCC2)c1cc(S(=O)(=O)N2CCSCC2)c[nH]1
",2.8408340375891337,0.2928217082618297
"COc1cc(OC)c(NS(=O)(=O)c2cc(C(=O)N3CCC[C@@H](C)C3)ccc2OC)cc1Cl
",3.0928708489420127,0.6060600353272636
"N#C[C@]1([C@@H](O)C2CCCC2)CCc2ccccc21
",1.504231095278367,-1.3683454337631906
"C[C@H](NC(=O)N1CCc2ccccc21)c1nc(Cc2ccccc2)no1
",3.2004047385109278,0.7397061304774089
"CC(C)C[C@@H]1NC(=O)C(C)(C)N(Cc2nccs2)C1=O
",1.9228717422402157,-0.8480472471926658
"CCN1C(=O)[C@](C)(C(=O)NCc2ccccc2)Oc2cccnc21
",2.617921862237795,0.0157802851666616
"CC(C)c1cc(N2C[C@H](O)[C@@H]([NH+]3CCCCC3)C2)n2nccc2n1
",1.7697958705821473,-1.0382941785630293
"O=C(Nc1ccc(F)c(F)c1)[C@@H]1CC[C@H]2CCCC[C@@H]2[NH2+]1
",1.7072344775923682,-1.1160472098516379
"Cc1ccccc1OCC(=O)N1C[C@@H](O)C[C@H]1C(=O)[O-]
",2.4677477179053886,-0.17086029914585937
"CC(=O)Nc1ccc(NC(=O)CCc2ccsc2)cc1
",2.5608785391251203,-0.05511473610485345
"CCCn1c(S[C@@H](C)C(=O)Nc2cc(F)ccc2C)nnc1-c1ccncc1
",3.5529769120929844,1.1778925891532424
"CS(=O)(=O)c1cccc(S(=O)(=O)NCCC[N+]2=CCCC2)c1
",2.441571626523048,-0.2033926702296863
"C[NH+]1CC[C@@H](NC(=O)NCCS(C)(=O)=O)[C@@H]1c1ccc(Cl)cc1
",2.0302031410493915,-0.7146528131649038
"O=C(Cn1c(=O)[nH]c2ccccc2c1=O)Nc1ccccc1
",2.8142852505825013,0.25982614073764526
"CCN1CCN(C(=O)c2cccc(OC)c2)C[C@@H](Cc2cccc(-c3cccnc3)c2)C1=O
",3.7428203636661017,1.4138352867928812
"O=C(Cc1ccc([N+](=O)[O-])cc1)N(Cc1ccc(F)cc1)C1CC1
",2.9553512658228005,0.43514689004593304
"O=c1oc2ccccc2n1Cc1noc(-c2ccc(Br)o2)n1
",4.2061667525066175,1.9896950070978028
"CC[NH2+][C@@]1(CO)CC[C@H](N2CC[NH+](C(C)(C)C)CC2)C1
",1.2496310361271634,-1.6847694361587142
"Cc1ccccc1CN1CCN(C(=O)NCC2(c3ccccc3)CC2)CC1
",2.5623991936688437,-0.05322482453692196
"Cc1cccc(-c2cc(C(=O)N(C)C(C)C)no2)c1
",3.14287641071882,0.6682083319624068
"O=C(NNC(=S)Nc1ccccc1)c1cccc(S(=O)(=O)N2CCOCC2)c1
",3.0155415851596787,0.5099530853529369
"C[C@H]1CCCC[C@@H]1[NH+](C)Cc1cc(F)cc(C#CC[NH3+])c1
",1.4762370783179084,-1.4031371730867697
"COc1ccc(N[C@]2(Br)C(=O)NC(=O)N[C@@H]2C(=O)[O-])cc1
",2.458300490783298,-0.1826015745700577
"O=C1c2ccccc2[C@@H]2C(=O)c3ccccc3[C@H]12
",2.0490104771030957,-0.6912785352155949
"COc1ccc(Br)cc1NC(=O)C(=O)N[C@H]1CCC[C@@H](C)C1
",2.0880498879298743,-0.6427592745910867
"CCCCCCSc1nnc(-c2ccccc2N)c([O-])n1
",3.001012839611755,0.4918963581416918
"O=C(Nc1cc([N+](=O)[O-])ccc1Cl)Oc1ccc2ccccc2c1
",3.4310398807763174,1.0263458706721846
"Cc1cccc(C)c1NC(=O)CSc1ccc([N+](=O)[O-])cc1
",3.1565304048615648,0.6851778939088415
"CCc1nc([C@H](C)NC(=O)/C=C/c2cn(C)c3ccccc23)cs1
",2.7628280545502375,0.1958737128597313
"C[NH2+][C@H](CSc1ccccc1Cl)C1CCOCC1
",1.27968831610493,-1.647413416433521
"O=CNc1ccc(Br)cc1
",1.9951212605363697,-0.7582535455468993
"Cc1c(C)n(C)c2ccc(C(=O)N3CCC[C@]4(CCC(=O)N4)[C@H]3c3cccc(F)c3)cc12
",2.9294196672733093,0.40291838142382425
"CC[C@H](C)Oc1cccc(C(=O)N2CCC(C(=O)NN)CC2)c1
",2.094872862920826,-0.6342794923707719
"C[C@@H](NS(=O)(=O)c1ccccc1-c1ccccc1)c1cccnc1
",2.7866001878567657,0.22541837829071737
"CC1(C)C[C@H]2[C@@H](O)C3=C(C[C@](C)(O)[C@@H]2C1)C(=O)O[C@H]3O
",1.4114389465407182,-1.483670085266944
"C[C@H]1C[C@H](C)C[NH+](C[C@@H](C)NC(=O)C(=O)Nc2cccc(C(F)(F)F)c2)C1
",2.314570922479781,-0.3612326613687062
"C[C@H](CNC(=O)c1cn(Cc2cccnc2)nn1)N1CCOCC1
",3.2693757156649896,0.825425170421769
"O=C1CC2CC(=O)CC2(C2CC=CC2)C1
",0.9506718359714752,-2.0563242071261745
"Cc1cccc(C)c1NC(=O)CN1CC[NH+](CCC(=O)Nc2ccc(F)c(F)c2)CC1
",3.326205182260722,0.8960544048931754
"O=C1C=C(n2ccc3c(Cl)c(=O)oc-3c2)CCC1
",1.992034272677491,-0.762090139524565
"CSc1n[nH]c2ncnc(Nc3ccc(Cl)cc3)c12
",3.0071928531030387,0.4995770500091237
"COc1cccc([C@H](C)CC(=O)Nc2ccc(Cl)cc2NC(C)=O)c1
",2.3533604579572245,-0.31302395274642514
"Cc1ccc(CC(=O)Nc2nnc(-c3ccc(C)cc3)o2)cc1
",3.109984561253809,0.627329430800295
"O=C(NCc1cccnc1OC1CCCC1)Nc1cccc(C[NH+]2CCCC2)c1
",2.3602357821147057,-0.3044791095326031
"C[C@H]([NH2+]C[C@@H]1CC[C@H](C(N)=O)O1)c1ccc2c(c1)CCCC2
",2.0960034461858763,-0.6328743721875273
"C[C@H]1CN(C(=O)CC2(O)CCCC2)C[C@H](C)S1
",1.2066618589198068,-1.738172719240905
"Cc1cc(C(=O)N2C[C@H](O)C[C@@H]2c2ccc(C(F)(F)F)cc2)c2ccccc2n1
",2.783405763600636,0.2214482593840539
"COc1ccc2c(c1)-c1c(sc(N)c1C(=O)C(C)C)C2
",1.9526050415291072,-0.8110938796373679
"CCOc1ccc(N2C(=O)[C@H]3SC4=NC(=O)S[C@@H]4[C@@H](c4cccc([N+](=O)[O-])c4)[C@H]3C2=O)cc1
",4.213905621863216,1.9993130881932848
"Cc1cc(Oc2ccc([N+](=O)[O-])cc2)ncc1[N+](=O)[O-]
",4.337790691770451,2.1532808829682897
"CNS(=O)(=O)c1cccc([C@@H](C)[NH2+]C[C@H](C)SC)c1
",1.771121734602785,-1.0366463580501784
"CCOC(=O)c1ccc(CNc2cc(F)c(OC)c(F)c2)o1
",2.75675775224489,0.18832937309165548
"CCOc1ccc([C@H]2CC(=O)NC3=NC(c4ccccc4)=NC(=O)[C@@H]32)cc1OC
",3.021175998912663,0.5169556907600823
"Cc1csc([C@H](NC(=O)Nc2ccc(COC(C)(C)C)cc2)C2CC2)n1
",2.733913467961566,0.15993786411522778
"Cc1ccc(S(=O)(=O)Nc2ccccc2C(=O)Nc2cc(C)cc(C)c2)cc1
",3.044650228924659,0.5461301137288436
"Cc1ccc(C)c(OC[C@@H](O)C[NH+]2CCC[C@@H]2C[NH+]2CCCCC2)c1C
",1.5204666481749243,-1.3481674391242267
"Cc1cc(NC(=O)C[NH+](C)[C@H](C)C(=O)Nc2ccccc2C#N)no1
",3.462864840999591,1.0658988123466642
"CCC[C@]1(C)CCCN(C(=O)NCc2ccc(N3CCCC3)[nH+]c2)C1
",1.9568355027425224,-0.805836145316368
"COc1cc(OC)cc(N2CC[C@H](CNC(=O)NC3CCCCC3)C2)c1
",2.5008499567850264,-0.12971992019438733
"CC[C@@H](NC(=O)Nc1ccc(C(=O)NC)cc1)c1ccc(C)cc1
",2.5375932821099525,-0.08405429820123175
"O=C(Nc1ccc(Oc2ccccc2)cc1)c1coc2ccccc2c1=O
",3.8342547689658266,1.5274724971613636
"C[C@H](NC(=O)N(C)[C@@H](C)C1CC1)c1ccc(OCc2cccnc2)cc1
",2.5984069261144898,-0.0084734177398328
"CC(C)C(=O)N1CCC[C@H]1C(=O)NC[C@@H](c1ccco1)[NH+]1CCCC1
",1.8365552107145577,-0.9553238223407787
"C[NH2+][C@@]1(C(=O)[O-])CC[C@H](n2ccc(C)n2)C1
",2.014703679133111,-0.7339159735540921
"Cc1c(F)cccc1NC(=O)N[C@H]1CCC[C@H]1C
",1.8538281967858743,-0.9338564770297465
"C[C@H]1CCCC[C@@H]1NC(=O)C(=O)Nc1cccc(Br)c1
",2.1554691068255734,-0.5589688027723525
"C[C@@]1([C@@H](Br)c2ccc3c(c2)CC(=O)N3)CCCO1
",1.5124372585716523,-1.3581465868256475
"Cc1cnc2c(S(=O)(=O)N3CCN(C(=O)c4ccc(=O)n(C)n4)CC3)cccc2c1
",4.577411199937593,2.4510878846754927
"C[NH2+][C@H](c1cc2c(cc1Cl)OCCO2)[C@@]1(C)CCCO1
",1.5123332642440603,-1.358275833855176
"CC(C)CC[C@](C)(O)CNC(=O)N[C@H]1CC[NH+]2CCCC[C@H]12
",1.7210802388738893,-1.098839314395848
"Cc1cccc(C)c1OCC(=O)N1CCN(CCOC(C)C)CC1
",2.658294953030914,0.06595708017773295
"C[C@H](OC(=O)c1cccc(I)c1)C(=O)NC1(C#N)CCCCC1
",2.458325917613555,-0.18256997340144476
"O=C(NCC1CC[NH+](Cc2cccc(F)c2)CC1)C1CCN(c2ccc(-c3cccs3)nn2)CC1
",3.0639288357703256,0.570090100066053
"CC(C)N1C(N)=[NH+]C[C@]1(C)c1ccc(N(C)C)cc1
",1.5071226169182481,-1.3647517706141923
"CC1(C)CC[NH+]([C@](C)(C[NH3+])C2(C)CC2)C1
",0.6939521942344006,-2.375382485442392
"Cc1ccc(N2C(=O)c3ccc(C(=O)N[C@@H](C)c4ccccc4)cc3C2=O)cc1
",3.6024192060135656,1.2393408409019782
"O=C(NCc1ccc2c(c1)OCCO2)c1ccccc1-n1cnnn1
",3.538934938112957,1.1604408351233844
"Cc1cc(CNS(=O)(=O)c2cccc(Cl)c2)c(C)n1-c1ccc(F)cc1
",3.0222058360644697,0.5182356008845206
"N#C[C@H](COC(=O)C1CC=CC1)Cc1ccc(F)cc1
",2.1861105032555885,-0.5208868269483988
"CC(=O)Nc1ccc(S(=O)(=O)NCCn2c(-c3ccc(C)cc3)nc3cccnc32)cc1
",3.9074143285780814,1.618397223350274
"CCOC(=O)C1C(C)=NC2=C(C(=O)CCC2)[C@H]1c1ccccc1C(F)(F)F
",2.0211290787774248,-0.7259303089818891
"O=C(Nc1cccc(CNc2ncccn2)c1)c1ccc(F)cc1
",3.101873720223603,0.6172490530104082
"O=C(Cn1c(=O)c2nncn2c2ccccc21)Nc1cccc(F)c1
",3.3306039346378467,0.9015212961317592
"Cc1csc(C[S@](=O)[C@H](C)c2ncc(C(C)(C)C)o2)n1
",2.974707056387823,0.45920280244647393
"Cc1ccc([C@@H](C)[NH2+][C@@H](C)c2nnc(-c3ccccc3)o2)cc1
",2.82072999285064,0.26783584485825956
"Cc1c(C(=O)Nc2ncc(Cl)cc2Cl)oc2c1C1(CCC2)SCCS1
",2.7009782357253016,0.11900504564390241
"C[C@@H]1CN(C2CCN(Cc3ccccc3)CC2)C[C@@H](C)O1
",2.003539098103126,-0.7477916239618515
"NNC(=O)C[S@@](=O)Cc1ccc(Cl)cc1Cl
",1.7556427663588774,-1.0558840483359517
"CCOC[C@@H]1CCN(C(=O)NCCc2ccc(-n3cccn3)cc2)C1
",3.657702359242398,1.308048274309617
"Cc1ccc(-c2ccc(/C(=C(\C#N)c3nc4ccccc4s3)n3[nH]c(=O)cc3N)o2)cc1Cl
",3.9006345578438815,1.6099711365764076
"CC(C)[C@@H](CCO)NC(=O)[C@@H]1Cc2ccccc2C(=O)O1
",1.9966493475215605,-0.7563543967349369
"Cc1cc(NC(=O)[C@@H]2Cc3ccccc3CN2S(=O)(=O)c2ccc3ccccc3c2)n(C)n1
",3.7988042470358345,1.4834136070201147
"Cc1ccn(-c2ccc(N(C)Cc3ccccn3)nn2)n1
",4.608828629669635,2.4901343361725394
"CCCOC(=O)CN1C(=O)/C(=C/C(C)=C/c2ccccc2)SC1=S
",2.254102657354829,-0.4363842953963627
"N#Cc1c2c(n(C[C@@H]3CCCO3)c1NC(=O)COc1ccc([N+](=O)[O-])cc1)CCCC2
",3.6164398738515535,1.2567661150686253
"CCOC(=O)[C@]1(C#N)C(N)=C(C#N)C2=C([C@@H](C)CC(C)(C)C2)[C@@H]1c1ccccc1
",2.0259080024179537,-0.7199909303716875
"C[NH2+][C@@H](C)c1ccccc1O[C@H](C)C(=O)N(C)C
",1.4420575062343999,-1.4456164915711658
"Cc1nc(C)n(-c2ccc(C(=O)N[C@H]3C[C@H]3c3cccc(Cl)c3)cc2)n1
",2.9866692022761354,0.47406968854162246
"C[C@@H](Cc1cccs1)NC(=O)N(C)[C@H](C)Cc1cccs1
",2.194291959836612,-0.5107186861968869
"COc1cccc(C(=O)N[C@@H]2CCC[C@H](C)C2)c1OC
",1.7966000820341874,-1.0049811624663856
"COC(=O)[C@@H](NCCc1ccc(Cl)cc1)c1cccc(C#N)c1
",2.7062945301601737,0.1256122835550148
"Cc1ccc(S(=O)(=O)N2CCN(S(=O)(=O)c3cccc(C(F)(F)F)c3)CC2)s1
",3.3153066818546195,0.8825094468515117
"Cc1ccc(NC(=O)C[C@@H]2C(=O)NCCN2C(=O)C[NH+]2CCN(c3ccccc3)CC2)cc1C
",2.6524520389654636,0.058695344809694815
"CCN1CC=C2C(C#N)=C(N)C(C#N)(C#N)[C@H](c3cccc(OC)c3OC)[C@H]2C1
",2.3600482472166493,-0.3047121830960174
"Cc1noc(C)c1C[NH+]1CC[C@H](NC(=O)OC(C)(C)C)C1
",2.1339858103694245,-0.5856688383967238
"CN1Cc2[nH+]c[nH]c2C[C@H]1c1nc(-c2ccc3ccccc3c2)no1
",3.9098073127766493,1.6213712903646513
"Cc1nc(C[C@H]2CCC[NH+](CC(=O)N3CCCC[C@@H]3C)C2)no1
",2.7235981611302638,0.1471177151946804
"C[NH2+][C@@H](C)c1cc(F)c(C)cc1N(C)[C@@H](C)COC
",1.1658218692542492,-1.7889297890972515
"Cc1cnc(CNC(=O)Nc2cccc(CC[NH+]3CCCC3)c2)s1
",2.2232410779333964,-0.4747399207380578
"O=C(c1ccccc1)N1CCCS1(=O)=O
",2.251423363233355,-0.43971419630973246
"CC[C@H](CNC(=O)[C@H]1CSc2ccccc21)C(=O)[O-]
",1.9347740752597373,-0.8332546981868356
"COc1ccc([C@H](O)[C@@H](C)NC(=O)C[C@H]2C=CCC2)cc1
",2.3048772580836228,-0.3732802158600022
"C[C@@H](Oc1ccc2ccccc2c1)C(=O)NNC(=O)c1nc(Cl)ccc1Cl
",3.265871696359182,0.8210702782158864
"CC[C@@H](CO)NS(=O)(=O)c1cc(Br)ccc1Cl
",1.6450409661839482,-1.1933430277257278
"N#Cc1ccc(COC(=O)Cc2csc(NC(=O)c3ccccc3)n2)cc1
",4.355994264161133,2.1759047867213344
"Cc1nccn1-c1ncccc1NC(=O)c1ccc(-n2cccc2)nc1
",3.9666076639455743,1.6919643393775292
"Cc1ccc(C(=O)Nc2cccc(CNC(=O)Nc3ccncc3)c2)cc1
",3.562684431132205,1.1899573625785176
"Cc1cc(C)c(NNC(=O)NC2CC[NH+](C)CC2)c(C)c1
",2.003304426335777,-0.7480832805314588
"C[C@H](Sc1nc2ccccc2[nH]1)C(=O)Nc1cc(Cl)ccc1Cl
",2.998081585797852,0.48825331474679023
"Cc1cc(C)c(C(=O)NCC(=O)Nc2ccccc2)c(C)c1
",2.2496924063533967,-0.4418654774435878
"CCCN(C(=O)c1cc(C(N)=O)cn1C)[C@@H]1CCc2ccccc2C1
",2.56381693923198,-0.05146281109921257
"C[C@@H](Cn1cccn1)NC(=O)N1CCCc2ccccc21
",2.6127312552813886,0.009329255133582535
"C=C(C)CNC(=O)[C@@H]1CCCN(c2nc(-c3ccccc3)nc3c2CCC3)C1
",2.321703371696639,-0.35236825601230054
"CC[C@@H](CSC)N(C)C(=O)[C@@H](c1ccccc1)C1CC1
",1.2716204634274784,-1.6574403671084248
"CCNC(=O)c1ccc([N-]S(=O)(=O)c2ccccc2[N+](=O)[O-])cc1
",3.281144038564052,0.8400511679396746
"COc1ccc(CCn2c(C)cc3c(c2=O)[C@H](c2ccc(Cl)cc2)C(C#N)=C(N)O3)cc1OC
",2.7830813389908178,0.22104505549691975
"Cc1cc(N2CCCN(C(=O)Oc3ccccc3)CC2)ccc1[N+](=O)[O-]
",4.003652695121962,1.7380049297559397
"COc1ccc([C@]2(C)NC(=O)N(Cc3ccc(C(C)(C)C)cc3)C2=O)cc1
",2.319862713517207,-0.3546558769583429
"Cc1cc(NC(=O)COc2ccccc2)n(-c2nc([O-])c3cnn(-c4ccccc4F)c3n2)n1
",5.112533210140284,3.1161523343962743
"CO[C@H](C)C(=O)N(CC1CC1)c1ccc(Cl)c([N+](=O)[O-])c1
",2.6781735888636238,0.0906627991525017
"Cc1cccc(NC(=O)N2CCN(Cc3ccc(O)c([N+](=O)[O-])c3)CC2)c1
",3.6682293648445254,1.3211315283236584
"CCOc1cccc(CNC(=O)N2CCN(C(=O)CCC(C)C)CC2)c1
",2.2328887252048917,-0.46274955760332737
"C[C@H](CC(=O)N(C)Cc1ccccc1Cl)[NH2+]C[C@@H]1CCCS1(=O)=O
",2.3774557364351105,-0.2830776735498463
"CCN[C@@H](c1ccc(F)c(F)c1F)[C@@H]1C[NH+](C)CCN1C
",1.1499796076282565,-1.808618990456457
"CC1(C)C[C@@](O)(C2(C[NH3+])CCCCCC2)C(C)(C)O1
",0.933663452754135,-2.0774626966844645
"CCCN(CCO)C(=O)Nc1nc(C)c(-c2ccccc2)s1
",2.536457784157219,-0.08546552649439737
"Cc1ccc(N2C(=O)[C@@H]([C@H]3NCCc4c3[nH]c3ccccc43)[C@@H](O)N[C@H]2O)c(C)c1
",3.0368239198426057,0.5364033601217006
"O=C(Cc1ccccc1O)Nc1ccc2ncccc2c1
",2.916691864324517,0.3870999155358545
"COc1cccc(C(=O)N2N=C(C(F)(F)F)C[C@@]2(O)c2cccc([N+](=O)[O-])c2)c1
",3.0912804094400914,0.6040833930812105
"CC(C)(C(=O)[O-])c1ccc(C(=O)CCCCl)cc1
",2.45815277846921,-0.18278515552358382
"CC[C@H](C)[C@H](O)c1ccc(Br)cc1F
",1.3205690929426452,-1.5966056551503793
"CNC(=O)c1cc(C)ccc1NC(=O)CCC(=O)c1ccc(F)c(F)c1
",2.705167132408237,0.12421112241566237
"Cn1cc[nH+]c1C[C@]1(O)CCC[C@H]1S(C)(=O)=O
",2.012871423038823,-0.7361931521560964
"CC(=O)Nc1ccc(S(=O)(=O)N2CCOc3ccc(C(=O)NCc4ccccc4F)cc3C2)cc1
",3.8104300029526748,1.4978624183453912
"CC(C)N(CC[NH+](C)C)C(=O)c1ncccc1C(F)(F)F
",1.5289368716997669,-1.3376404108201063
"Cc1ccccc1[C@H](CC(C)C)NC(=O)C=C1CN(C(=O)OC(C)(C)C)C1
",2.1845043128000405,-0.5228830449157016
"COC[C@H]1CCCN1C(=O)[C@@H](C)[C@@H]1CC[C@@]2(C)CC[C@H](NC(C)=O)[C@@H](C)[C@@H]2[C@H]1O
",1.740441214192824,-1.074776958239599
"CN(Cc1c[nH]nc1-c1cc2ccccc2o1)C[C@H](O)c1ccccc1
",3.316078618472176,0.8834688310517247
"CC[NH+](CC)CCN(C(=O)c1ccc(F)cc1O)[C@@H]1CCS(=O)(=O)C1
",1.9346268363673134,-0.8334376907588107
"C[C@@H]1CCCC[NH+]1CCCCNC(=O)N1CCc2sccc2C1
",1.7114879375294123,-1.1107608920801673
"O=C(Cc1cccc2ccccc12)NNC(=O)c1ccc(NC(=O)C2CCCCC2)cc1
",3.3296049761119146,0.9002797628184664
"O=C(c1n[nH]c2c1CCC2)N1CCCC[C@@H]1CCn1cccn1
",2.5776581318806855,-0.034260593666773156
"OCc1nnc(SCc2ccccc2Oc2ccccc2)n1C1CC1
",2.9305168747810164,0.4042820212917982
"CC(C)CN(C(=O)c1cccc(S(=O)(=O)N2CCCCC2)c1)[C@@H]1CCS(=O)(=O)C1
",3.243699950137347,0.7935146181622318
"Cc1ccc(CN(CC[NH+](C)C)C(=O)[C@@H]2CCC(=O)O2)o1
",1.9184450842728462,-0.8535488202714027
"O=C(N[C@H]1CCC[C@@H](C(F)(F)F)C1)c1cccc(C(F)(F)F)c1F
",1.4649797742800306,-1.4171280622158768
"CC1(C)OC(=O)C(/C=N/[C@@H](CCC(N)=O)C(=O)[O-])C(=O)O1
",2.380658108352153,-0.27909767707016053
"O=C(Nc1ccc(Cl)c(C(=O)NC2CC2)c1)c1cnn(-c2ccccc2F)c1
",3.600152922529638,1.2365242410436044
"O=C(Cn1c(=O)cnc2ccccc21)Nc1ccc(SC(F)F)cc1
",2.76238495994883,0.1953230226215413
"Cn1cnnc1CC[NH2+][C@@H]1CCCC[C@@H]1[C@@H]1CCC[NH2+]1
",1.8464271819504594,-0.9430546631724286
"Cc1ccc([C@H](O)CNS(=O)(=O)c2c(C)c(C)cc(C)c2C)o1
",2.4326138657140755,-0.2145256233685285
"C[C@@H]1C[C@H]1C(=O)N1CCN(Cc2nc3sc4c(c3c(=O)[nH]2)CCC4)CC1
",2.323994329849233,-0.34952098979256274
"CC[C@@H](C)C(=O)Nc1c(C)cc(C)cc1Cl
",1.330005062106631,-1.5848783714282026
"O=C(Nc1ccc2c(c1)OCCO2)[C@H]1CC(=O)N(c2cccc(Cl)c2)C1
",3.1187978353953074,0.6382828119085284
"CCc1ccc([C@H](NC(=O)NC[C@@H](C)N2CCOCC2)C(C)(C)C)o1
",2.1866106983407887,-0.5202651706480614
"C=CC[C@](C)(O)C[NH2+]CC(C)C
",0.8113576222774656,-2.229467768972183
"CCC(CC)([C@H](O)c1ccc(C)s1)[NH+](C)C
",1.189914833871986,-1.758986385630128
"CC(C)CN1CCO[C@@H](CNC(=O)c2ccc[nH]c2=O)C1
",1.5548415788987024,-1.3054453235129848
"COc1ccc(CN(C(=O)[C@@H]2[C@H](C=C(Cl)Cl)C2(C)C)[C@@H]2CCS(=O)(=O)C2)cc1OC
",2.6783149813656166,0.0908385256685852
"CC(C)Cc1ncc(C[NH+]2CCCCC2)s1
",1.672048512670528,-1.1597773012186043
"CCn1c(SCc2ccc(Cl)cc2Cl)nc2c(c1=O)SCC2
",1.6671336342397218,-1.1658856482062203
"Cc1cccc2c1ccn2C[C@H](C)C[NH3+]
",1.8025345152051664,-0.9976056846201895
"COC(=O)[C@H]1CN(c2[nH]c3ccccc3[nH+]2)C[C@@H]1C
",2.4339537190601814,-0.2128604165346758
"CC(=O)N1c2ccc(S(=O)(=O)N3CCC(C(=O)N4CCC[C@H](C)C4)CC3)cc2C[C@H]1C
",3.0418794039671146,0.5426864557582736
"CCn1cc[nH+]c1CCC[C@@H](O)C1CC1
",1.5310815568531626,-1.334974936733501
"O=C(CCn1cc[nH+]c1)N1CC[C@@H](c2ccc3c(c2)OCO3)[C@H](O)C1
",2.9988300127945022,0.489183480539251
"Cc1c[nH]c(=O)n1-c1cccc(NC(=O)[C@H]2CC(=O)N(C)[C@@H]2c2cccnc2)c1
",2.8863231669738454,0.34935685767768265
"CS(=O)(=O)N1CCC[C@H](Cn2cc[nH+]c2C(N)=S)C1
",1.8239650741833247,-0.9709711925935599
"COc1ccc2c(c1)N(CC(=O)Nc1ccc(Cl)cc1C)CCO2
",2.2695940138856763,-0.4171312086045971
"C[C@@H](c1ccc([S@@](C)=O)cc1)N(C)C(=O)N[C@@H]1CCc2ccccc21
",2.3177674242765347,-0.3572599604370357
"COc1cc(F)cc(CNC(=O)N[C@H](C[C@@H]2CCOC2)c2ccccc2)c1
",2.3357539762383084,-0.33490577568148755
"CCOC(=O)CN(C)Cc1cc(=O)oc2cc(C)c(Cl)cc12
",2.3932821750555577,-0.2634081374600103
"Cc1ccc(CNC(=O)[C@H]2CC(c3cccc(F)c3)=NO2)cc1
",2.4865715887380793,-0.14746547131544258
"COc1ccc(/C=C2\SC(=O)NC2=O)c(OC)c1
",2.042888985536079,-0.6988864944153039
"COC(=O)Cn1c(C)c(CN2C[C@H]3CCC[NH+]3C[C@H]2C)c2ccccc21
",2.124378928617456,-0.5976085370151483
"COCc1nc2cc(NC(=O)c3csc(C)n3)ccc2o1
",3.9354171995840073,1.6531999667266937
"CCS[C@H]1CCCCN(C(=O)N[C@@H]2CCCn3nc(CC)nc32)C1
",2.1494720998009926,-0.5664220491362307
"CC[C@@](C)([C@@H](O)C1CCCC1)[NH+]1CCCCC1
",0.7153514637909406,-2.3487868807752315
"Cc1nn(-c2ccc(F)cc2)c2sc(C(=O)Nc3c(C)n(C)n(-c4ccccc4)c3=O)cc12
",4.198386379965028,1.9800253446949514
"O[C@H](C[NH2+]C[C@H]1COc2ccccc21)C1CC1
",1.6534915437915276,-1.182840415911501
"CCCCCC(=O)Nc1ccc(Cl)c(S(=O)(=O)N2CCOCC2)c1
",2.2658361530476254,-0.42180158209463336
"CC[C@H](C)Oc1ccc(NC(=O)[C@@H]2CCCCN2C(=O)c2ccco2)cc1
",2.7207524341491345,0.14358096691545438
"CCc1n[nH]c(NC(=O)c2[nH]nc3c2C[C@@H](C)CC3)n1
",2.8229216649875695,0.270559715668887
"CCCCCNC(=O)Nc1ccc(C)c(C(=O)N(C)C)c1
",2.1513179837448217,-0.5641279334655146
"NC(=O)N1CCN(c2nc(-c3ccccc3)cs2)CC1
",2.631173849330139,0.032250221620851734
"CCOC(=O)c1nn(-c2ccc(F)cc2Cl)c(C)c1C(C)=O
",2.9221312378512674,0.39386011954993305
"CCc1noc(-c2ccc(C)c(NC(=O)N(C)Cc3nnc(C)n3C)c2)n1
",3.9497173077223513,1.6709725370352353
"COCc1nc(CN2CCN(c3ncccc3F)CC2)cs1
",3.1567455572330907,0.6854452912329039
"CC1CCC(C#N)([C@]2(O)CCc3ccccc32)CC1
",1.4284916515432768,-1.4624765113668876
"COc1cc(F)cc(CNC(=O)[C@H]([NH2+]C2CCOCC2)C(C)C)c1
",1.797962927884147,-1.003287379912171
"COc1cccc(C(=O)/N=c2\sc(C)c(C)n2Cc2ccc(C(=O)NCc3ccccn3)cc2)c1
",3.5353541893256506,1.1559905813935551
"Cc1cccn2c(=O)c(C(=O)Nc3cc(C(=O)N(C)C)ccn3)cnc12
",3.0969032820109934,0.6110716547877334
"CC[C@H]1C[C@H](C)CC[C@@H]1[NH2+][C@@H]1CCN(c2cc(C)nn2C)C1=O
",1.8030099953960532,-0.9970147446747638
"CNc1ncc(CN(C)C(=O)c2cccc(-n3cnnc3)c2)cn1
",4.033685519778175,1.7753305557304337
"C[C@@H](Sc1cccc(Br)c1)C(=O)NC(=O)NC1CC1
",2.182489077080181,-0.5253876356623586
"CC(C)NC(=O)Cc1ccc(NC(=O)C(=O)N[C@H]2CCC[C@@H](C)C2)cc1
",2.838547764894841,0.28998026525939086
"CN1C[C@H](C(=O)N2CCN(C(=O)c3ccccc3)CC2)CC1=O
",2.654773298108816,0.061580269939663236
"CC(=O)Nc1ccc(Sc2ccc([N+](=O)[O-])cc2C#N)cc1
",2.930803325301944,0.4046380299299046
"Cc1ccc(C(=O)/N=C(/NCc2cccnc2)Nc2ccc(Br)cc2)cc1
",2.7911021460105556,0.23101353652590603
"CCC[C@@H]([NH2+]C1CCC(O)CC1)c1ccccc1
",1.3437127944479041,-1.5678420221608358
"CCCCN1C(=O)c2ccccc2N[C@@]1(C)c1cccc(OCCC)c1
",2.0613311360946454,-0.675966079109914
"Cc1noc([C@@H]2CC(=O)N(c3ccc4c(c3)CCC4)C2)n1
",3.196375973049509,0.7346990692211589
"COc1cc(C)c(C(=O)NCc2cccnc2OC2CCCC2)cc1OC
",2.866862690197885,0.325170838355835
"Cc1cccc(C(=O)N2CC(=O)Nc3cc(Br)ccc32)c1C
",2.1506766849918932,-0.5649249573107148
"CCNC(=O)NC1CCC(OC(=O)c2ccc3c(c2)[nH]c(=O)n3C)CC1
",3.0628600532242,0.5687617875273087
"Cc1nn(C[NH+]2CCC[C@H]2CC2CCCCC2)c(=O)c2noc(C)c12
",2.098829692603999,-0.6293618348913468
"Cc1c(NC(=O)CN2C(=O)N[C@](C)(c3ccc(C(C)(C)C)cc3)C2=O)cccc1[N+](=O)[O-]
",3.0004656372825,0.4912162799369957
"CC(C)CC[C@H](C)NC(=O)CN1CCO[C@H](CO)C1
",1.4788946935430385,-1.3998342153059802
"O=C(CN1C(=O)[C@@H]2CC=CC[C@H]2C1=O)NCCc1c[nH]c2ccccc12
",2.841799958716286,0.29402218178124223
"CC(C)(C)c1nc(CN2CCN(C(=O)Nc3cccnc3)CC2)cs1
",3.4424800267775315,1.0405640008555068
"COc1ccccc1CCNC(=O)CSc1nc2cc(Cl)ccc2o1
",2.994655668906327,0.4839954903837293
"Cc1ccc(C)c(-n2c(C)cc(/C=C3/C(=N)N4N=C(c5ccccc5F)SC4=NC3=O)c2C)c1
",3.8983764547015647,1.6071647034730694
"COC(C)(C)C[C@H](C)NC(=O)N1CCC(n2cncn2)CC1
",2.3637401196530363,-0.30012382181853037
"C=CCN(CC(=O)NC1CCCC1)S(=O)(=O)c1cccc(Cl)c1
",1.909691301258245,-0.864428264160051
"COC(=O)[C@@H](NC(=O)[C@H]1Oc2ccccc2[C@H]1C)c1ccc(F)c(F)c1
",2.415267376618461,-0.23608432027317025
"O[C@@](c1cnc(NC2CCCCC2)s1)(c1nc2ccccc2s1)C(F)(F)F
",2.7979838379635167,0.2395662938122498
"O=C([O-])CCNc1cc(N2CCC3(CC2)OCCO3)c2noc3c2c1C(=O)c1ccccc1-3
",3.813948082678671,1.5022347852307625
"CCCSCC(=O)NC[C@H](O)c1c(Cl)cccc1Cl
",1.6694161039002635,-1.1630489317194184
"CCC(=O)NNC(=O)CSc1nc2c(C)c(C)ccc2cc1CC
",2.4575081367460885,-0.18358633410469383
"C[C@H]1C[C@@H](NC(=O)Cn2c(=O)cnc3ccccc32)CN1c1ccccc1
",2.5980160184125327,-0.008959248654534296
"COc1ccc([C@@H](NC(=O)N(C)CCS(C)(=O)=O)C2CC2)cc1
",2.240799599230945,-0.4529177043425081
"CCc1nc(CS(=O)(=O)[C@H](C)c2nc(C3CC3)no2)cs1
",3.4711369740645766,1.076179648342922
"CN1N/C(=C2/C=Nc3ccccc32)CS/C1=[NH+]\Cc1ccccc1
",2.580108256526755,-0.031215510922244775
"O=C(CSc1nnnn1Cc1ccccc1)NC[C@H]1COc2ccccc2O1
",3.5469612008554883,1.1704160966757062
"COc1cccc([C@@H](C)N2CC[NH+](CCC(=O)[O-])CC2)c1
",2.158933043375635,-0.5546637265250463
"CC[C@H](Oc1ccc(=O)n(-c2ccc(F)cc2)n1)C(=O)Nc1ccc(C)cc1Cl
",2.892744453203819,0.3573374099846591
"O=S(=O)(c1ccc(F)cc1)N1CCC[NH+](Cc2cc(-c3ccco3)on2)CC1
",4.222611117870504,2.010132519652366
"O=C(CO)N1CCN(C(=O)CC(c2ccccc2)c2ccccc2)CC1
",2.417952797455215,-0.2327468049084257
"O=C(COC(=O)/C=C/c1ccc(F)cc1)Nc1ccc2c(c1)OCO2
",3.053579341199308,0.5572274616760624
"CCOc1ccc(-n2c(SCC(=O)Nc3ccc(C)cc3C)nc3[nH]ncc3c2=O)cc1
",3.2145904057316494,0.7573364704451068
"COC(=O)[C@H](Cc1ccc(Cl)c(Cl)c1)c1cc(=O)oc2cc(OC)ccc12
",2.869856122613269,0.32889115903814
"C[C@H]1CC[NH+]([C@@H](C)c2ccc(F)cc2)C[C@@H]1O
",1.307788951998495,-1.612489168148015
"CC[C@@H](CO)[NH+](Cc1cccnc1)Cc1ccccn1
",1.996299693476858,-0.7567889564622496
"CSc1ccc([C@@H]2c3c(nc(N4CCC(C)CC4)[nH]c3=O)NC(=O)[C@@H]2C#N)cc1
",2.390299628245446,-0.2671149292107029
"COc1ccc(-c2csc(NC(=O)CCc3cnn(C)c3)n2)cc1F
",3.5073018057926344,1.121126302477659
"Cc1cc(NC(=O)c2cc(=O)c3ccccc3o2)ccc1C(=O)N(C)C
",3.362715452331825,0.941430379364489
"COCCCn1cc(C(=O)N2CCN(C(C)=O)CC2)c2nn(-c3ccccc3)c(=O)c-2c1
",3.3681281234976264,0.9481573969450959
"CCC(=O)N1CCC([NH2+][C@H]2CC(=O)N(CC(F)(F)F)C2)CC1
",1.4737660512905508,-1.4062082338894681
"COC(=O)c1cccc(NC(C)=O)c1
",1.8983957785115801,-0.8784666525585656
"Cc1cccc(N2C[C@H](C(=O)N(C)Cc3ccc(O)cc3)CC2=O)c1C
",2.6754557569522905,0.08728500240693376
"CSCCCCNC(=O)N[C@@H]1CCN(c2c(F)cccc2F)C1=O
",2.4326266928512017,-0.21450968144737462
"Cc1ccc(CC(=O)N2C[C@H](CO)OC[C@H]2C)cc1O
",2.07700135097975,-0.6564907022035877
"COc1c(C(=O)N/N=C/c2ccc(C)o2)ccc2ccccc12
",3.545920571322597,1.1691227734812568
"Cc1noc(C)c1C[NH+]1CCC[C@@H]1CS(N)(=O)=O
",2.125386767584559,-0.5963559668437035
"O=C(Cc1cc(F)ccc1F)N1CCc2c1cccc2[N+](=O)[O-]
",3.3884990022003394,0.9734748889869894
"COc1ccccc1[C@H]1CCCN1C(=O)C1CCN(c2ccc(Cl)cn2)CC1
",3.2935723722509858,0.8554974451378713
"COc1cccc([C@H]2C[C@@H]2C(=O)N(C)c2cc(Cl)ccc2OC)c1
",2.4238342469248733,-0.22543717667314275
"COc1ccccc1CC(=O)Nc1ccncc1
",2.258167609333404,-0.4313322605347272
"CC(C)c1cc(Br)cc(C(N)=O)c1Cl
",1.3197327773062613,-1.5976450513775948
"CC(C)OC[C@H](N)c1ccncn1
",1.715303410019237,-1.1060189172342645
"COc1c(NC(=O)Nc2cccc(C(=O)N3CCCC3)c2)c(C)nn1C
",3.0670039634666324,0.5739119539053125
"CC(=O)c1cccc(NC(=O)N[C@@H]2CCCC2(C)C)c1
",1.992457468001658,-0.7615641806590625
"CC(C)[C@@H]([NH3+])c1ccc2[nH]c(=O)oc2c1
",1.8872837803733793,-0.8922769514926006
"C[C@H](c1ccccc1Cl)N(C)C(=O)c1cccc(C[S@@](C)=O)c1
",2.526942673823304,-0.09729116905367266
"CN(CCOCC1CC1)C(=O)Cc1ccccc1O
",2.016385024809397,-0.7318263505977014
"CC(C)[C@H]([NH2+][C@H]1CCCS[C@H]1C)C(=O)[O-]
",1.0323575842491168,-1.9548028976070193
"N#CCc1ccc(C(=O)CCl)o1
",2.121941618049039,-0.600637694069198
"CC[C@@H](COC)N1C(=O)[C@H]2CCCCN2C(=O)[C@@H]1C
",1.7404169538620875,-1.0748071096503122
"COc1ccc(Cl)cc1N1C[C@H](C(=O)N[C@H](C)c2ccccc2)CC1=O
",2.596084563048485,-0.011359714855436942
"O=C(CNC(=O)c1cc2sc(Nc3ccccc3)nc2s1)NC1CC1
",3.5466934302317195,1.1700833039309624
"CC[C@@](C)(C[NH3+])[C@](C)(O)Cc1ccc(OC)cc1
",1.7604519694520953,-1.0499070375836284
"COc1ccc(-c2onc(C)c2C)cc1S(=O)(=O)N1CCN(c2ncccn2)CC1
",4.872306158850624,2.8175915041035937
"C[C@H](Cc1ccc(Cl)cc1)N(C)C(=O)c1c[nH]c2nccc(Cl)c12
",2.6985934752871974,0.11604119934671325
"CC[C@H](CSC)N(C)C(=O)Nc1ccc(Cl)cc1Br
",1.534163552028532,-1.3311445478011288
"N#CCOc1cccc(CC(=O)NCCc2nc3ccccc3[nH]2)c1
",3.725922812500441,1.3928345423769257
"NC(=S)N1N=C(c2ccccc2)C[C@H]1c1cccs1
",1.9072967292188405,-0.8674043045869811
"Nc1ncnc(N(Cc2ccccc2)Cc2ccccc2)c1N
",2.7114406712324404,0.13200805015619824
"COc1cccc(OC)c1C(=O)N1CCC[C@@H]1c1ncc2c(n1)CC[NH2+]C2
",2.499407556589988,-0.13151257509121542
"CC[C@H](C#N)Oc1cccc(CNC(=O)N2CCC[C@H](c3[nH]cc[nH+]3)C2)c1
",2.9494189619851543,0.4277740585941558
"COc1ccc(/C(C)=N/NC(=O)c2ccccc2O)cc1
",3.0493742923715197,0.5520013105714895
"CSCC[C@H](NC(=O)CC1=c2ccccc2=[NH+]C1)C(=O)[O-]
",1.8764558817124946,-0.905734163730621
"O=C(NC1(c2nccs2)CCCC1)c1ccc2[nH]c(=S)oc2c1
",2.471770995207896,-0.16586005872545015
"Cc1cc(C)n(-c2nnc(SCC(=O)NCc3cccs3)n2N)n1
",3.5196981854220346,1.1365328662884695
"Cc1ccc(N2CC[C@@H](N[C@H]3CCOc4ccc(F)cc43)C2=O)cc1
",2.4164622318666233,-0.23459932108987347
"COc1ccc(-c2n[nH]c(CC(C)C)c2NC(=O)c2cccc(Cl)c2)cc1OC
",2.8810560859944383,0.3428107836115508
"COC(=O)c1c(CC(=O)Nc2ccccn2)[nH]c(C(C)=O)c1C
",2.777531613036397,0.21414770243050413
"CC(C)[C@@H]1CC[C@@H](C)C[C@H]1NC(=O)NC1CC[NH+](C[C@@H]2CCOC2)CC1
",1.6890822496727775,-1.138607301274482
"CCc1ccsc1CNC(=O)NC[C@@H](C)c1ccsc1
",2.534046528039873,-0.08846230235531015
"CC(C)(O)CNC(=O)Cc1ccc(NC(=O)C2CC2)cc1
",2.051574891437112,-0.6880914100826504
"CCCNC(=O)c1ccc(NC(=O)[C@H](C)Oc2cccc(C)c2)cc1Cl
",2.462072434126314,-0.177913698952961
"O=C(NCC1CCC(C(=O)N2CCOCC2)CC1)c1ccnc2[nH]ccc12
",3.0457458372401414,0.547491766076445
"CC[C@H]1CC(=O)N(Cc2ccccc2N)C1
",1.5050590331298141,-1.3673164496790429
"CC(=O)Nc1ccc(Nc2ncnc(NC[C@@H]3CCCO3)c2N)cc1
",3.5939470035647076,1.228811353136303
"CC(=O)N[C@H](C(=O)NCc1c(C)cc(C)[nH]c1=O)C(C)C
",1.5352576615149482,-1.3297847582397873
"O=S(=O)(c1ccc(F)c(F)c1)N1CCC(O)(C(F)(F)F)CC1
",1.9961718435852278,-0.7569478518472323
"NS(=O)(=O)[C@@H]1CCCOC1
",1.2716789281222556,-1.6573677055670963
"C[NH2+][C@@]1(C(=O)[O-])CCC[C@H]([NH+]2CCC[C@H]3CCCC[C@@H]32)C1
",1.11092058791408,-1.8571626215491166
"O=C(NCc1cccnc1)[C@H]1CC[C@H](c2ccccc2)N(C(=O)c2ccc(Cl)cc2)C1
",2.922835421191954,0.3947352981018278
"CC(C)C[NH+]1CCCN(C(=O)c2ccc(Cn3cnnn3)cc2)CC1
",3.1132919022299355,0.6314398857327942
"CCc1ccc([C@](C)([NH3+])Cc2nc(C)c(C)s2)cc1
",2.318526519224397,-0.3563165362194545
"CCOC(=O)[C@H]1[C@H]2c3ccccc3O[C@]1(C)N(C)c1sc(-c3ccccc3)c([O-])[n+]12
",3.629076608818631,1.2724713991476029
"CC[C@H]1CCCC[C@H]1[NH+]1C[C@@H]2CCCCN2C[C@@H]1CC
",0.5493967882442821,-2.5550399461821725
"COc1ccc([C@H](NCC(=O)N2CCNC2=O)c2ccc(C)cc2)cc1
",2.3336601081684076,-0.3375080928897986
"CS(=O)(=O)c1ccc(CBr)c(Cl)c1
",1.7357444742455834,-1.0806141966804361
"COCCNC(=O)c1ccc(N2CCC[NH+](Cc3ccc(Cl)cc3)CC2)nc1
",2.662430622736309,0.07109700498815809
"Cc1cc(C)n(-c2cccc(NC(=O)c3sccc3S(=O)(=O)N3CCCCC3)c2)n1
",3.8735244893920457,1.5762779929324309
"COc1cc(/C=C/[N+](=O)[O-])c(OC)c2c1OCO2
",3.0118372341538864,0.5053492153639101
"COc1c(C)cnc(COc2cccc([N+](=O)[O-])c2)c1C
",3.6269346773588116,1.269809347427613
"CCC[NH2+][C@@H](CC)c1ccn(C[C@@H](C)O)c1
",1.5191072810787922,-1.3498568981868715
"Cc1ccc2[nH]cc(CCC(=O)N3CCC(OCc4ccc(F)cc4)CC3)c2c1
",3.9527096506802835,1.6746915037096564
"CCCCNc1ncnc(N2CCc3ccccc3C2)c1[N+](=O)[O-]
",3.0742573381049465,0.5829266487234566
"Cc1ccc([C@@](C)(CC(=O)[O-])[C@H](C)[NH3+])cc1F
",1.7008160111780386,-1.1240242576136625
"C[C@@H](NC(=O)NC1CC[NH+](Cc2ccccn2)CC1)c1ccncc1
",2.709944842605544,0.13014899292503238
"CCC1(CC)[C@@H](OC)[C@H](C)[C@H]1NC(=O)[C@@H]1CCC[NH+](C)C1
",1.1563693402168187,-1.8006776538886236
"CON(C)CCCSCc1ccccc1
",1.5235405867746818,-1.34434706312708
"Cc1ccc(F)c(NC(=O)C(=O)N2CCC[C@@H](C)C2)c1
",2.0501832254760073,-0.6898210110689129
"NC(=O)[C@@H](OC(=O)CCc1ccc(F)cc1)C1CC1
",2.175674078344648,-0.5338575047716075
"O=C(NCc1ccco1)c1cc2cc3ccc(Cl)cc3nc2o1
",4.408754163694773,2.241476250577537
"CC(C)Oc1ccc([C@H]2CC(=O)Nc3c2cnn3C(C)C)cc1
",2.576362471042121,-0.03587087682873529
"NC(=O)N1CCC[C@@H](C(=O)N(Cc2ccccc2F)C2CC2)C1
",1.87119895196594,-0.9122676215635156
"Cc1ccccc1CNC(=O)Cc1ccc(S(=O)(=O)N2CCCCC2)cc1
",3.299306469696295,0.8626239401976902
"Cc1c(C[NH+]2CCC3(CC2)C[C@@H]3C(=O)NCC2(c3ccccc3)CCCC2)cnn1C
",2.547762195013003,-0.07141609170779244
"O=[N+]([O-])c1ccc(-c2ccc(CN3CCCN(c4ncccn4)CC3)s2)cc1
",4.102458285683278,1.8608032532468914
"CS(=O)(=O)NCCNC(=O)CCc1ccc(Cl)c(Cl)c1
",1.9184291055452607,-0.8535686790764346
"Cc1ccc([C@@H]2CCCN2C(=O)CCCc2cc(F)ccc2F)o1
",2.3747902997921733,-0.28639035200523116
"CN(C(=O)Cc1c(F)cccc1Cl)[C@H]1CCc2ccccc21
",2.1033085830632876,-0.6237953458255387
"Cc1nnc(NC(=O)[C@@H]2CC(=O)C(OCc3ccc(Cl)c(Cl)c3)=CO2)s1
",3.800673471216154,1.485736730582941
"CC[C@@H](C)[C@@H]([NH3+])C(=O)Nc1cc(C)ccc1O
",1.7733504339473694,-1.0338764688007385
"COc1cccc(N(C)S(=O)(=O)c2cccc(-n3cnnn3)c2)n1
",4.87218351506598,2.8174390790125097
"CCC[C@H](O)CNC(=O)NCC1(C)Cc2ccccc2C1
",2.2759772264763964,-0.40919797527059526
"COc1ccc(OC)c(/C=N/C(=O)CC#N)c1
",2.5365211224684905,-0.08538680788755856
"CN1CCC(CNC(=O)CCCC2CCCC2)([NH+]2CCCCC2)CC1
",1.1118398940233485,-1.8560200824645179
"COc1cc(C[NH+]2CCN(C)C(=O)C2(C)C)cc(Br)c1O
",1.7681754280263118,-1.0403081094351545
"CSC[C@H](C)C(=O)NNC(=O)[C@@H](C)Oc1cccc(C)c1C
",1.9724289499337788,-0.786456177425354
"CC(=O)N1C[C@H](C(=O)N(C2=N[C@@H](C)CS2)c2ccc(Cl)cc2)Oc2ccccc21
",3.0297549810005733,0.5276178872174832
"Cn1cccc1C(=O)N1CCC[C@@H](CCC(=O)NCc2ccccc2F)C1
",3.4064098516357553,0.9957349885468724
"C[C@@]1([C@H]([NH3+])c2ccc3c(c2)OCCO3)CCCO1
",1.6831934556316221,-1.145926057546564
"CCN(c1ccc(-c2csc(Nc3ccccn3)n2)cc1)S(C)(=O)=O
",3.945827341962748,1.6661379798912237
"CCOc1ccc2nc(NC(=O)c3cccc(S(=O)(=O)N4CCNC(=O)C4)c3)sc2c1
",3.9805888553963213,1.7093405511971662
"C[NH+](CCc1cccs1)Cc1cccc(C#CC[NH3+])c1
",1.9113612513120466,-0.8623528039987841
"CCC[C@H](C)Nc1nc2ccc(C)cn2n1
",1.8385871322276395,-0.9527984940283408
"CC(C)Cc1ccc(CC(=O)NC[C@H]2CN3CCCC[C@@H]3CO2)cc1
",2.150291037470262,-0.5654042507276733
"O=C(C1CCOCC1)N1CC[C@]2(CCCN(C3CCCCC3)C2=O)C1
",2.003228293955143,-0.7481778999619193
"COc1cccc(C[C@@H](C)N[C@@H](C)c2ccnc(Cl)c2)c1
",2.0456844457009913,-0.6954122191269644
"Cn1cc([C@H]2CCCN2C(=O)c2cccc3c2OCO3)cn1
",2.9563860751736644,0.4364329797570206
"CCCc1ccc(S(=O)(=O)N2CCN(C3CCSCC3)CC2)cc1
",2.320009168769385,-0.3544738583161618
"C[C@@H](Cl)CN(C)C(=O)CSc1ccccc1
",1.825371044835824,-0.9692238133407912
"Cc1ccc(NC(=O)[C@@H](C)N2C(=O)[C@H]3CCCC[C@@H]3C2=O)cc1[N+](=O)[O-]
",2.8924598925182674,0.35698375008628047
"CC[C@H](C)n1ncc(C(=O)NC[C@@H](C)N2CCOCC2)c1C1CC1
",2.4254539753247615,-0.22342413337380107
"Cc1cccc(/C=C2\SC(=S)N([C@H](CCC(=O)[O-])C(=O)[O-])C2=O)c1
",3.036760451628428,0.5363244800679334
"CC[C@H]([NH2+][C@@H](C)c1ccc(C)c(F)c1)c1ccco1
",1.7323076385131189,-1.084885591281317
"CCN1CCO[C@@H](C[NH+](CCCCl)C(C)C)C1
",0.7587462341120317,-2.294854658788278
"CN[C@]1(C#N)CC[C@H]([NH+]2CCC[C@H](C(F)(F)F)C2)C1
",0.9928651565793627,-2.0038851801062463
"COc1ccc(-c2nc(C(=O)OCC(=O)NC(C)C)cs2)cc1
",3.398420900867376,0.98580609934905
"COc1cc([N+](=O)[O-])ccc1-c1ccc(C(=O)Nc2cc(C)ccc2C)o1
",4.047917042951732,1.7930178867458875
"O=C(Nc1ccccc1[N+](=O)[O-])c1ccc(=O)n(Cc2ccc(F)cc2)n1
",3.1198872993086053,0.6396368278229806
"CC1(C)CCN(C(=O)NCCCCCC(=O)[O-])C1
",1.559322126011903,-1.2998767755118288
"C#CCNC(=O)CNC(=O)c1ccccc1
",1.7387043576177077,-1.0769355716779365
"Fc1ccc(Nc2ncnc3onc(-c4ccc(Cl)cc4)c23)c(F)c1
",3.369785043754624,0.9502166633141509
"CCn1nc(C)c(CNC(=O)c2cccc(N(C)C)c2)c1C
",2.3795070191675167,-0.2805282825779954
"CC(=O)NCCc1ccc(C(=O)[C@H](C)Sc2ccc(Cl)cc2)cc1
",3.0645424147829488,0.5708526730505502
"COc1cc(CNC(=O)Nc2cc(C(=O)NC3CC3)ccc2C)ccn1
",2.6622158642261353,0.07083009716588912
"O=C(Nc1ccccc1F)c1ccc(-n2nncc2-c2ccc(Cl)cc2)cc1
",3.473264859914776,1.078824243790408
"CC[C@]1(C)Cc2ccccc2C2=Nc3nncn3C(=O)[C@H]21
",2.8519204197293706,0.30660017092438807
"Cc1cn(-c2ccccc2)nc1NC(=O)N1C[C@H]2CCCC[C@H]2C1
",2.7489957180995725,0.17868250215541043
"COC(=O)[C@H](Cc1ccc(O)cc1)NC(=O)Cn1cnc2ccccc2c1=O
",3.0256086757236695,0.5224647442243293
"C[C@H](C(=O)[O-])[C@@H](C)Nc1ccccc1Oc1ccccc1
",2.2592002332477494,-0.4300488869446509
"COc1cc(Cl)ccc1C(=O)NNC(=O)CC1CCC1
",2.4068394542621823,-0.24655877551384492
"Cc1ccc([C@H]2COCCN2C(=O)NCC(C)(C)c2ccncc2)o1
",2.506556408376258,-0.1226277841674219
"Cc1ccc(N2C[C@H](C(=O)NCC(=O)N3CCCCC3)CCC2=O)cc1C
",2.8855380463148776,0.3483810879857894
"CN(C(=O)CCl)[C@@H]1CC[NH+](Cc2ccccc2)C1
",1.4058664478105858,-1.4905957409695034
"O=C(C[C@@H]1SC(=O)N(CC(=O)Nc2ccccc2C(F)(F)F)C1=O)Nc1ccc(Cl)cc1
",3.774424997051928,1.4531144001737903
"CNC(=O)c1cccc(OC(=O)[C@@H](NC(=O)c2ccccc2)C(C)C)c1
",2.684967204349081,0.099106092566538
"CCC[C@H](NS(=O)(=O)c1cccc(F)c1C#N)C(=O)OC
",2.3509234740420055,-0.31605270382683687
"CN1N=C([NH-])/C(=N\Nc2ccc(Cl)c(C(F)(F)F)c2)C1=[NH2+]
",2.21705458216445,-0.4824286689596378
"Cc1ccc(C)c(CN2CCC[C@@H](c3nnc(C[NH+]4CCCC4)n3C)C2)c1
",2.2020517003684765,-0.5010746658269424
"N#Cc1ccccc1Cn1cccc1C(=O)[O-]
",2.788630952965657,0.2279422693920111
"O=C1CC[C@@H](c2ccccc2)CN1
",1.5685363447878136,-1.2884250893113551
"CC(=O)Nc1ccc(Nc2nccc(OCc3ccccc3)n2)cc1
",3.7741942588384356,1.4528276323338212
"CN(C[C@H]1CCC[NH+](C)C1)C(=O)CNC(=O)c1cc2ccccc2[nH]1
",2.596638147563115,-0.010671704694059108
"Cc1c2cnn(CC(=O)N3CCN(C4CCCCC4)CC3)c(=O)c2c(C)n1Cc1ccccc1
",4.399690931258488,2.230212214380172
"Cc1nn(Cc2ccccc2)c(C)c1CN1[C@@H](C)COC[C@H]1C
",2.434442704960253,-0.2122526913199548
"COc1ccc(N2CC[NH+](CC(=O)Nc3cc(C)cc(C)c3)CC2)cc1
",2.363358570696229,-0.3005980214256529
"Cc1cc(C(=O)CN(C[C@@H](C)O)c2ccccc2)c(C)n1C1CC1
",2.2282345440902906,-0.468533902748672
"CN(C)S(=O)(=O)c1ccc(Cl)c(C(=O)N2C[C@H]3CCCC[C@]32c2ccccc2)c1
",2.8417519151094743,0.29396247185655683
"Cc1ncnc(NCC[NH+]2CC[C@@H](c3ccccc3)C2)c1C
",2.21381546943596,-0.4864543279370003
"O=C(NCCn1ncc2c(N3CCOCC3)ncnc21)c1ccc(F)c(F)c1
",4.564888559439354,2.4355244003612184
"O=C(Nc1cccc(F)c1)c1[nH]c2ccccc2c1Cl
",2.8487382664319125,0.30264530270489637
"O=C(NCc1cc(Br)cs1)[C@@H]1Cc2cc(Cl)ccc2O1
",2.318305312799364,-0.3565914576888289
"CC(C)n1cnnc1CNC(=O)c1c(F)cc(Br)cc1F
",2.639781204148609,0.04294768049332238
"Cc1ccc(NC(=O)[C@H](C)OC(=O)CN2C(=O)N[C@@](C)(C3CC3)C2=O)cc1
",2.7475393228686427,0.17687245384050843
"CCCn1cc(-c2ccncc2)cc1C(=O)NCc1ccc(C)o1
",2.884833545694521,0.34750551510993644
"COc1cccc(NC(=O)[C@H](C)Sc2ccc(C)cc2)c1
",2.1860182761408793,-0.5210014493599684
"CCOc1cccc(C(=O)Nc2cc(C)on2)c1
",3.1743895130111657,0.7073736879661994
"c1ccc(-c2nc(C[NH2+]C[C@H]3CCCN(c4ncccn4)C3)cs2)nc1
",3.0290759349656566,0.526773950005153
"CC(=O)c1cc(F)cc(CN2CCc3cc(S(N)(=O)=O)ccc32)c1O
",2.6734531235197703,0.08479607413189037
"O=c1c2c3nc4ccccc4nc3n(CCC3=CCCCC3)c2ncn1C[C@H]1CCCO1
",3.8834935361137437,1.5886678002021701
"COc1c(/C=N/NC(=O)Cc2nc3cc(C)c(C)cc3[nH]c2=O)cccc1[N+](=O)[O-]
",3.91951653201765,1.633438176847771
"CCCn1cc(NC(=O)c2cc(S(N)(=O)=O)ccc2OC)ccc1=O
",2.5912089358607937,-0.01741927931139602
"CC1(CNS(=O)(=O)Cc2ccc(C(=O)[O-])cc2)COC1
",2.329204886992583,-0.3430451651148071
"Cc1ccc(-c2cc(C(=O)N/N=C\c3ccoc3)c3ccccc3n2)s1
",3.5880491941850083,1.221481392351879
"Cn1nc(Br)cc1N
",1.7591374530350232,-1.051540754980597
"COC1CCN(C(=O)[C@@H]2CCCN2C(=O)OC(C)(C)C)CC1
",2.072363531921222,-0.6622547121326432
"Cc1ccc(NC(=O)CS(=O)(=O)CC(C)C)c(N)c1
",2.3644205815517605,-0.29927812493146055
"Cc1ccc(-c2ccc(=O)n([C@H](C)C(=O)Nc3ccc(N(C)C)cc3)n2)cc1
",2.497992244878231,-0.13327156367104703
"C=CC[NH+](CC(=O)[O-])C[C@H]1CN(C(C)C)CCO1
",1.380998452124737,-1.5215023745056633
"CC(C)(C)OC(=O)[C@@H]1CC[C@@H]2CCCC[C@@H]2[NH2+]1
",1.0642226825678585,-1.915200071196225
"Cc1c(COC(C)C)cccc1NC(=O)c1ccc2c(c1)COCO2
",2.797724274873663,0.23924370161789033
"COc1ccc(C(=O)Nc2cc(-n3cnnn3)ccc2N2CCCCC2)cc1
",3.4750051153464083,1.0809870814217246
"Cc1ccc(C)c(NC(=O)CN(C)C(=O)CCc2nc3ccccc3s2)c1
",3.1443214004271596,0.670004205178059
"CCOC(=O)c1cnn([C@H]2CCCN(C(=O)[C@H]3CCCO3)C2)c1
",3.070291571138603,0.5779978837410688
"Cc1ccccc1[C@@H]1C[C@@H]1C(=O)NCc1cnn(Cc2ccccc2)c1
",2.681179454100543,0.0943985716896272
"CCNc1cccc(CN(C)CC(=O)NC(C)C)[nH+]1
",1.5495103124356546,-1.312071169075231
"C[C@H](NC(=O)c1ccccc1Cl)C(=O)NC[C@@]1(O)CCSC1
",1.8334733565108192,-0.9591540360697051
"CCn1c(CCC[NH3+])nc2ccccc21
",2.000056508537586,-0.7521198826932236
"COc1ccc([C@@H](CNC(=O)CC2CCCC2)N2CCOCC2)cc1
",1.9264465292759567,-0.8436044028927395
"Cc1ccc(NC2=NC(=O)[C@@H](Cc3ccccc3Cl)N=N2)cc1C
",2.8852559737478125,0.34803052038995186
"Cc1cc(C(=O)N2CCN(C(=O)N[C@@H](C)COc3ccc(F)cc3)CC2)on1
",3.4360848176586947,1.0326158579042244
"CCS[C@@H]1CC[C@H](N(C)c2nc3ccccn3c(=O)c2[N+](=O)[O-])C1
",2.736347033379725,0.16296236659284838
"CC[NH2+][C@@H](C)C[C@@H](C)[S@@](=O)Cc1cc(C)cc(C)c1
",1.4074874364957344,-1.4885811313527477
"COC(=O)c1cc(C)ccc1NC(=O)[C@H]1CC[C@@H](C[NH3+])O1
",1.9344605155563954,-0.8336443988673939
"Cc1ccc(C(=O)[C@@H](NC(=O)c2ccco2)Nc2ccc(Br)cc2)cc1
",2.875276487066281,0.3356277380490897
"CC(=O)Nc1ccc(S(=O)(=O)CCC[NH+]2CCC[C@@H]([C@@H](C)O)C2)cc1
",2.4368397731060667,-0.20927354866287196
"CCOC(=O)C[C@H]1c2ccccc2CCN1S(=O)(=O)c1ccc(C)c(C)c1
",2.893225434146671,0.3579351864169219
"C[C@H]1CC[NH+](CC(=O)NCc2cccnc2)[C@H](C)C1
",1.9023213257237734,-0.8735878738001636
"COC(=O)C(C)(C)CN1CCCC[C@H]1[C@@H]1CCC[NH2+]1
",0.9849699191660188,-2.0136975997518736
"CC(C)c1nnc(C2CCN(C(=O)Nc3ccc(Cl)cc3)CC2)o1
",3.681692521669519,1.3378639123680516
"Cc1cc(NC(=O)c2cccc(CC#N)c2)c(C(N)=O)cc1F
",2.700022117462768,0.11781675539604103
"COc1ccc([C@@H]2[C@@H](C(N)=O)CSC3=NC(=O)S[C@H]32)cc1
",1.9270765476656693,-0.8428213985952534
"CCCN(CC(F)F)S(=O)(=O)c1cc([N+](=O)[O-])c(C)cc1Cl
",2.8222270046737936,0.2696963725984922
"CC[NH+](c1ccc(NC(=O)Cn2nnc3ccccc32)cc1)C(C)C
",3.1825765065733407,0.7175487102311836
"CC(C)[C@H](CNC(=O)C(=O)Nc1cc(Cl)ccc1Cl)N1CCOCC1
",1.9807101655748518,-0.7761640533520736
"COCCOc1ncccc1CNC(=O)N1CCCC[C@H]1C
",2.1686135923136565,-0.5426324722882381
"O=C([O-])CCc1cn(C2CCN(c3ncccc3Cl)CC2)nn1
",4.372821332044549,2.196817932562709
"O=C(CCC(=O)N1CCC(c2ccccc2)=N1)Nc1ccc(SC(F)F)cc1
",2.9423881195952135,0.4190359330153399
"CC(C)Sc1ccccc1C(=O)N(CC(N)=O)C(C)C
",1.5899209230372424,-1.2618477434074176
"C[C@H]1CN(C(=O)Nc2ccc([N+](=O)[O-])cc2)CC[C@H]1[NH3+]
",2.6149350874954087,0.012068238824683263
"Cc1cnc(NC(=O)C2CCN(S(=O)(=O)c3ccc(F)c(F)c3)CC2)s1
",3.067759032815166,0.5748503749965944
"CC(C)NC(=O)c1ccc(NCc2ccc(S(C)(=O)=O)cc2)c([N+](=O)[O-])c1
",3.8804951777243124,1.584941357382938
"O=C(Nc1cccc(CC(F)(F)F)c1)c1cc2c([nH]c1=O)CCCC2
",2.1510972923817953,-0.5644022148015668
"CC(C)NC(=O)C(=O)N1CCN(Cc2cccc(C(F)(F)F)c2)CC1
",2.3333975134299543,-0.3378344529009723
"COc1cccc(NC(=O)C[NH+]2CCC(Nc3nc(C)c(C)c(=O)[nH]3)CC2)c1
",2.450999627402024,-0.19167528971273026
"COC(=O)c1sccc1NC(=O)C[NH2+][C@@]1(CO)C[C@H](C)CC(C)(C)C1
",2.2184009824561706,-0.48075532540051596
"C[C@@H]1SCCC[C@H]1[NH2+]CC(=O)N(C)C
",1.032379643147932,-1.954775482196847
"CC(C)(C)c1cnc(CN[C@@H](c2ccccc2)c2ccccn2)o1
",2.7077998707414173,0.1274831625063924
"CO[C@H]1CCC[C@H](OC(=O)Cn2cnc3c(cnn3C)c2=O)C1
",3.747883309973071,1.4201276566364145
"CC(C)C[C@@H](NC(=O)N1CCN(C(=O)N(C)C)CC1)c1cccs1
",2.1043695680066485,-0.6224767243633957
"COc1cc(S(=O)(=O)Nc2ccc(Cl)cc2)ccc1N
",2.312143115253904,-0.3642500074055367
"Cc1nc(-c2ccsc2)sc1C(=O)N1CCCCC1
",2.502535678887298,-0.12762485809461557
"NS(=O)(=O)c1ccc(N2C(=O)/C(=C/c3ccc(F)cc3)N=C2c2ccccc2)cc1
",3.376061322360965,0.9580169961317813
"Cc1cccc(CNC(=O)CN2C(=O)N[C@@](C)(c3cnn(C)c3)C2=O)c1
",2.8235765562245025,0.27137363262953096
"O=C(C#Cc1ccccc1)NNC(=O)c1ccc(Br)s1
",3.398589378182698,0.9860154876210115
"CCN1CC(=O)Nc2cc(C(=O)N(CC)[C@@H]3CCCC[C@@H]3C)ccc21
",2.086382532502419,-0.6448315100788954
"Cc1cc(C(=O)N2C[C@@H](C)C[C@H](C)C2)c(N)c([N+](=O)[O-])c1
",2.1098576925745016,-0.6156559312057086
"CCC(CC)n1nccc1C(=O)N[C@@H](CO)c1ccco1
",2.6329602266742897,0.034470380841981924
"C=CCNC(=O)CCNC(=O)c1ccccc1
",2.1933155343333413,-0.511932214845765
"COCCNC(=O)CNC(=O)c1ccc(C)nc1C
",2.6751019466472554,0.08684527716420903
"Cc1ccc(N2C(=O)C[C@@H](N3CCc4ccccc4C3)C2=O)cc1C
",2.8118894990182923,0.2568486343646317
"Cc1cc(F)c([C@@H](O)c2ccc(Br)s2)cc1F
",1.822909607374449,-0.9722829559653888
"Cc1n[nH]cc1C[NH+]1CCC([C@H](O)C(F)(F)F)CC1
",1.7544455221836874,-1.0573720165438985
"Cc1cn2c(CN(C)C(=O)Cc3ccc(OCC#N)cc3)c(C)nc2s1
",3.211103216964205,0.7530024956982737
"CCN[C@H]1c2cc(OC)ccc2C[C@@H]1[NH+](CC)C(C)C
",1.3111367659580482,-1.608328412271174
"O=C(NCc1ccc(Cl)cc1)C(=O)Nc1ccc([N+](=O)[O-])cc1
",3.2481203802021636,0.7990084510312498
"C[C@H](Sc1ccccc1Cl)C(=O)Nc1cccc(OC[C@H]2CCCO2)c1
",2.2460138152009974,-0.446437332373628
"C[C@H]1C[C@H](C)C[NH+](Cc2ccccc2CNC(=O)c2ccccc2[N+](=O)[O-])C1
",2.4032352645201938,-0.25103816231114173
"COc1ccc(CNc2ccccc2C(=O)NC2CC2)c(Cl)c1
",2.103432443622322,-0.6236414084935549
"CCc1nn(C)cc1NC(=O)Nc1ccc(N2CCCC[C@H]2C)cc1C
",2.935925562764458,0.4110040884630894
"C[C@H](OC(=O)C(C)(C)F)c1nc2ccccc2n1C(F)F
",2.4855316261886093,-0.14875796556442974
"O=[N+]([O-])c1ccc(O)cc1CN1CCC[C@H]1c1ccc2c(c1)OCO2
",2.8784063148442867,0.33951757466431637
"Cc1ccc(-c2nnc([C@H]3CCCN3S(=O)(=O)c3cnn(C)c3C)o2)cn1
",4.80835793969966,2.7381148868660583
"CC(=O)Nc1cc(N)ccc1/N=N/c1ccc([N+](=O)[O-])cc1
",3.1760569640984238,0.7094460423426594
"COc1ccc(-c2nnc3n2N[C@@H]([C@H]2C=c4ccccc4=[NH+]2)S3)cc1
",2.2846161176001236,-0.39846132220483343
"CCC[C@@H](C)C[NH2+][C@@](C)(CC)C(=O)[O-]
",1.2243088751074571,-1.7162405189458587
"CC(=O)N1CC(C(=O)Nc2nc3c(s2)CCCCC3)C1
",2.7435590764662035,0.17192569341406158
"C[C@H](C(=O)Nc1ccccc1C(=O)N1CCOCC1)c1cccs1
",2.2986355564122096,-0.38103757550560396
"COCCNC(=O)CNc1cnc2ccccn2c1=O
",1.7994330327437438,-1.0014602928911955
"C#CCN(Cc1ccc(F)cc1)S(=O)(=O)c1ccsc1C(=O)OC
",2.804014642950887,0.24706154522001697
"CC(C)(C)OC(=O)N1CCC2(CC1)C[C@@H](C(=O)[O-])CO2
",2.6436484338993225,0.04775398069601447
"CC1CC[NH+]([C@@H](C)CNC(=O)Nc2cccc3c2OCCO3)CC1
",2.4608053306698316,-0.17948849020982888
"CC[NH+]1CCN([C@@H](C)CNC(=O)c2ccc(CNC(C)=O)cc2)CC1
",2.670424263584454,0.08103172314696364
"Cc1nc(N2CCC[C@@H](C(=O)c3sccc3C)C2)c2c(C)noc2n1
",3.8737136791912885,1.576513123252857
"CCOC(=O)N[C@H](C)C(=O)[O-]
",1.86661895808114,-0.9179597647657084
"[NH3+][C@H](Cc1cccc(F)c1F)c1cc(Cl)sc1Cl
",1.5147689058172153,-1.3552487510746456
"O=C(NCCc1cscn1)[C@H]1CSCN1C(=O)c1cccc(F)c1
",2.5928964270578243,-0.015322018531678283
"Cc1ccc(S(=O)(=O)/N=C(\[O-])N[C@@H](Cc2ccc(O)cc2)C(=O)[O-])cc1
",3.3836718149476974,0.9674755270234224
"Cc1oc(-c2ccco2)nc1C[NH+]1CCN(C[C@@H](C)O)CC1
",2.5300968529200945,-0.09337106794526698
"O=C(CCc1cccs1)Oc1ccc(N2CCCC2)cc1
",3.337599133454314,0.9102151228906307
"CN1C(=O)/C(=N/c2cccc(Cl)c2)c2ccccc21
",2.2633098194615067,-0.4249413794197832
"NC(=O)[C@H]1CCN(C(=O)C2(c3cccc(Cl)c3)CCCC2)C1
",1.5926115888076926,-1.2585037094938634
"CC(=O)NC[C@H](c1c(F)cccc1F)N(C)C
",1.3522974637969176,-1.5571727574178775
"Cc1csc(N(C(=O)CN2C(=O)N[C@](C)(c3ccccc3)C2=O)c2ccccc2)n1
",3.4629968434495577,1.0660628686461158
"CCO[C@@H]1CCCN(C(=O)c2c(C)cc(C)c([N+](=O)[O-])c2C)C1
",2.8911504711719767,0.3553563649843415
"COc1ccc(OC)c(CN2CCc3[nH]c[nH+]c3[C@H]2c2cccc(O)c2)c1
",2.776253125635365,0.21255876289217288
"Cc1ccccc1[C@@H]1CCCN1C(=O)Nc1cccc(-c2nnco2)c1
",3.2944192562838737,0.8565499760608595
"CCC(=O)N[C@H](CCSC)C(=O)N(C)c1ccc2ccccc2c1
",2.253820246733931,-0.43673528313486265
"Cc1cc(F)ccc1C[NH2+]C[C@H](O)C[NH+](C)C
",1.5107352191914871,-1.3602619284901472
"Cc1cc(C)c(NCc2cc(=O)n3cc(Cl)ccc3n2)c(C)c1
",1.9813807250575262,-0.7753306634618298
"Cc1c([C@H](C)[NH2+]Cc2ccc(OCC(N)=O)cc2)oc2ccccc12
",3.5940478796696733,1.22893672475242
"Cc1noc2nc(-c3ccco3)cc(C(=O)N[C@@H]3CCCc4ccccc43)c12
",3.767299543555025,1.4442586892918294
"O=C(CSc1ccccc1F)NCc1ccccc1
",1.7754289288944325,-1.031293257735112
"Cc1nc(-c2ccc(F)cc2)sc1C(=O)O[C@H](C)c1ccccn1
",3.768821112330494,1.446149737092286
"Cc1ccccc1N1CCN(c2ncccc2CNCc2[nH]cc[nH+]2)CC1
",2.726620892298342,0.15087444917800188
"CC(C)(C)OC(=O)N1CCCC[C@H]1CCOc1nc2ccccc2nc1N
",3.1013315929592524,0.6165752822368844
"C[C@@H]1CCOCCN1C(=O)N[C@@H](C[NH+]1CCCC1)c1ccccc1
",1.5093160288463376,-1.3620257375429432
"CO[C@@H]1CCC[C@H](OC(=O)CCCc2c[nH]c3ccccc23)C1
",2.8914211397071683,0.3556927593336335
"C[NH+]1CCCC[C@H]1CCSc1nnnn1-c1ccccc1
",2.5716104626673646,-0.04177680440145609
"Cc1cc(C)cc(C(=O)N2CCC[C@H](C(=O)N3CCC[C@H]3[C@@H]3CCCC3=O)C2)c1
",2.820987395527943,0.2681557520320877
"COc1ccc(C[C@H]([NH3+])c2cscc2Br)cc1OC
",2.133253577572525,-0.5865788775893799
"CN(CC(=O)N[C@@H]1CCS(=O)(=O)C1)C(=O)CC(C)(C)C
",2.134133426671551,-0.5854853767695217
"Cc1[nH+]ccn1CCCC(=O)N1CC[C@@]2(CCCN(C)C2=O)C1
",2.1903929031274956,-0.5155645418246465
"C[C@H](SCC[NH3+])c1ccc(C(=O)[O-])o1
",1.748150438914646,-1.0651957203169609
"O=C(C[C@@H](O)c1cccc(F)c1)N[C@H](CO)c1ccccc1F
",2.240824388261099,-0.45288689584952074
"C[C@H](/N=C(/Cc1ccccc1)C(=O)OC(C)(C)C)C(=O)[O-]
",2.581414732101174,-0.029591786907144944
"O=S(=O)(NCc1cc(-c2ccncc2)n(C2CCCC2)n1)c1ccc(Cl)cc1
",3.165700834302348,0.6965751575112629
"Cc1ccc(NC(=O)CN2C(=O)c3ccccc3[C@@H]2c2c(C)n(C)c3ccccc23)cc1
",3.4030603791291676,0.9915721713818583
"Cc1ccc2cccc(NC(=O)[C@H]3CCCN(S(=O)(=O)c4ccc(Br)s4)C3)c2n1
",3.458200984085568,1.0601024418499125
"CC(C)(C)OC(=O)N1CC[C@H]2[C@@H](O)CCC[C@@H]21
",1.3782934101168356,-1.5248642756051436
"Cc1nn([C@H]2CCS(=O)(=O)C2)c(C)c1N1CCN(C(=O)NC2CCCCC2)CC1
",3.068245053537735,0.5754544150066209
"Cc1nnc([C@H]2CCCN(C(=O)c3ccc(=O)[nH]c3)C2)s1
",2.1406941980983842,-0.5773314683980868
"O=C(Cc1ccc2c(c1)OCO2)N1CCC[C@H]1c1nc(-c2ccccn2)no1
",4.667757024468321,2.5633721767257103
"COC(=O)C1(c2ccccc2)CC[NH+](CC(=O)N[C@@H](C)C(C)C)CC1
",1.982913057187957,-0.7734262386658315
"C[C@H](Oc1ccccc1C#N)C(=O)OC[C@H]1CCCCO1
",2.4693461293473757,-0.16887374915198056
"Cc1ccc(C(=O)Nc2ccc(C(=O)[O-])c(Cl)c2)cc1C
",2.993884023765706,0.4830364684391216
"CCCc1ncc(C(=O)NNC(=O)CSC)s1
",2.498272432395258,-0.13292333886758675
"Cc1cc(Oc2ncccc2C#N)ccc1NC(=O)[C@@H](C)c1ccsc1
",3.423382080793471,1.016828544838896
"CCCn1/c(=N/C(=O)c2ccc(N3C(=O)CCC3=O)cc2)sc2cc(C)ccc21
",3.381590559901627,0.964888885630333
"COc1cccc2cc(C(=O)Nc3cccc(Br)c3)c(=[NH2+])oc12
",2.9145573110866017,0.3844470336743213
"C[C@@H](O)CC(C)(C)CNC(=O)N[C@H]1CCC[C@@H]1CO
",1.7335842686495109,-1.0832989600029008
"C[C@H]1OCC[C@@H]1C(=O)Nc1ccc(-c2ncc[nH]2)cc1
",2.930982621436581,0.4048608641300419
"CC(C)(C)OC(=O)N1CC[C@@]2(CCC[C@@H](C(=O)[O-])O2)C1
",2.5048246124885982,-0.12478010804327754
"CNC(=O)C[C@H](C[NH3+])Nc1ccccc1Cl
",1.6547462962544983,-1.1812809748113202
"O=C1CC2(CCCCC2)C(=O)N1Cc1nc2ccccc2o1
",3.064515075327735,0.5708186948186874
"COc1ccc([C@@H]2Nc3cc(C)c(C)cc3NC3=C2C(=O)CC(C)(C)C3)c(OC)c1OC
",2.32668506172849,-0.3461768737171533
"O=C1c2[nH]nc(-c3ccccc3)c2[C@H](c2ccc([N+](=O)[O-])cc2)N1C[C@H]1CCCO1
",3.525370424303698,1.1435824818127671
"Cc1ccc(CN2C(=O)CC[C@@H]2C(=O)NCCc2ccc(F)cc2C)cc1
",2.138398856306189,-0.5801841827264866
"COc1cccc([C@@H]2C(C(=O)c3ccccc3)=C([O-])C(=O)N2Cc2ccccc2)c1
",3.3686284616327944,0.9487792310318939
"COc1ccccc1[C@H](Nc1ccc([N+](=O)[O-])c(C)c1)c1ccccn1
",3.2010644408526563,0.7405260268122933
"O=C(NCc1ccccc1OC1CCC1)[C@@]12CC[C@@H](C[C@@H]1Br)C2
",1.470604820176422,-1.4101370994402649
"Cc1ccc(NC(=O)CSc2nccn3nc(-c4ccccc4)cc23)cc1Cl
",2.9319856465010523,0.40610745145001786
"O=C(Nc1nnc(C(F)F)s1)N[C@@H](CCO)c1cccs1
",2.821920134134171,0.26931498539580095
"Cc1cn2cc(C(=O)N3CCC[C@@H]3CO)ccc2n1
",2.2571500145000973,-0.43259695556679184
"CC(C)c1ccc(OCc2nnc(S)n2C)cc1
",3.2599739553614278,0.813740402418437
"COc1cccc(NC(=O)[C@@H]2CC(=O)N(c3ccccc3Cl)C2)c1
",2.640544672251603,0.04389653978917696
"CCOc1cccc(CC(=O)Nc2ccnc(-c3ccccc3)n2)c1
",2.945479392305261,0.4228778523246687
"CCN1CC[NH+](C[C@@H](C)CNC(=O)N2CCOc3ccccc3C2)CC1
",1.7778349861228717,-1.0283029431972692
"Cc1ccccc1-n1nnnc1S[C@@H](C(=O)N1CCCC1)c1ccccc1
",3.648468624155189,1.296572332697131
"COCC(=O)N1CCCN(Cc2cnc(-c3ccccn3)nc2)CC1
",4.195622573028658,1.9765904089153987
"CCc1nc2n(n1)CCC[C@H]2NC(=O)N1CCN([C@H]2CCC[NH+](C)C2)CC1
",2.105595049841123,-0.6209536616106998
"Cc1ccc(CN(C(=O)[C@H](C)Cc2c(C)n[nH]c2C)C(C)C)s1
",2.415500376925864,-0.23579474104026008
"Cc1nc(C2CC[NH+](Cc3cc(C)c(C)cc3O)CC2)n[nH]1
",2.5515550781904937,-0.06670219148466863
"CCn1cc(NC(=O)c2cc(N3CCNC3=O)ccc2Cl)cn1
",2.776435887245834,0.2127859040816198
"O=C(NCc1csc(C2CC2)n1)c1cc(-c2cccs2)n[nH]1
",2.9390830936599524,0.41492835527972255
"CC(=O)Nc1sc2c(c1[C@@H](c1ccccn1)N1CCN(c3ccccc3)CC1)CCCC2
",2.738083402782508,0.16512037455992173
"O=C(C[NH+]1CC[C@H](c2cc[nH]n2)C1)N1CCCC1
",2.002607969723547,-0.7489488560913047
"CCOc1ccc(-n2cc(-c3ccccc3)c3c(N4CC[NH+](C)CC4)ncnc32)cc1
",3.465445821804831,1.0691065267487063
"COC(=O)c1ccc(NC(=O)N2Cc3ccccc3N(C)C[C@@H]2C)cc1
",2.865354241088776,0.32329609603996334
"CC[C@H](Nc1cc(Cl)c(Cl)cc1[N+](=O)[O-])c1nccs1
",2.3923511283250964,-0.2645652681136794
"C[NH+](C)[C@@H]1CC[C@@H](NC(=O)NCCc2cccc3cccnc23)C1
",2.6310492203807256,0.03209532931203128
"Cc1ccc(SCCC(=O)Nc2ccc(C(=O)N(C)C)cc2)cc1
",2.3385663677396735,-0.3314104576594418
"CC(C)c1ccc(N2CCN(CC(=O)Nc3ccncc3)C2=O)cc1
",2.798905399781223,0.24071163635374707
"C[NH2+][C@@]1(C(=O)[O-])CCC[C@H]1CCSc1nccs1
",2.0301021337735428,-0.714778347803826
"Cc1ccc2[nH]c3c(=O)n(CC(=O)N(C)c4ccc(C)c(C)c4)ncc3c2c1
",3.240954148425952,0.7901020597747724
"NC(=O)[C@H]1CCCCC[C@@H]1NC(=O)Nc1ccc2c(c1)COC2
",2.360777434851619,-0.3038059285149163
"CC(=O)N1CCN(c2ccc(NC(=O)c3ccccc3C)cc2Cl)CC1
",2.6730929270014934,0.08434841192653943
"C[C@@H](NS(=O)(=O)/C=C/c1ccccc1)c1cccc(-n2cccn2)c1
",2.830370187139881,0.2798169452203007
"CCOc1ccc(CN2CCN(C(=O)c3ccccc3F)CC2)cc1
",3.0916922091049566,0.6045951891058312
"CN(CC(=O)N1CCCCC1)S(=O)(=O)c1ccc2c(c1)n(C)c(=O)n2C
",3.494627521682313,1.1053743512838683
"O=C(Nc1cn[nH]c1)C(=O)Nc1ccc(OC(F)F)c(F)c1
",3.7944022926747536,1.4779427362672197
"CCOc1ccc(C(=O)NCc2nn(C)c3ccccc23)cc1
",3.5079041481803044,1.1218749102735661
"O=C(/C=C/c1cccc2ccccc12)N1CCC[C@H]1CN1CCOCC1
",2.717590856283007,0.13965167041167392
"FC(F)(F)c1ccccc1NNC(=S)NC[C@H]1CCCO1
",1.599743172360654,-1.2496403800085156
"CNC(=O)NC(=O)CSc1nnnn1-c1ccc(C)c(C)c1
",3.214939109985256,0.7577698497457492
"Fc1ccccc1C[C@@H](C[NH2+]C1CC1)c1ccccc1F
",1.429820918950661,-1.4608244610307617
"Cc1ccc(Cn2nc(C)c(C[NH2+]C(C)C)c2Cl)cc1
",1.970525871094516,-0.7888213764956189
"CCN(C)c1cccc(NC(=O)c2cc(-c3ccco3)nc3onc(C)c23)c1
",3.96945644064646,1.6955048779329032
"O=C(c1cnn(-c2nccc(-c3ccco3)n2)c1C1CC1)N1CC[NH+](C2C3CC4CC(C3)CC2C4)CC1
",3.899731798312252,1.6088491620366088
"O=C(NC[C@@H]1C[C@H]1c1ccccc1)c1ccc(-c2nc(C3CC3)no2)cc1
",3.351840793946749,0.9279150528466493
"Cc1ccc([C@H](C)NC(=O)NCC(=O)Nc2cccnc2)cc1F
",2.3456425113990247,-0.3226160304087873
"C[C@@H](Cc1cccc(C(F)(F)F)c1)C(=O)NCC#N
",1.8490653800217787,-0.9397758375679803
"CC(C)c1n[nH]c(-c2ccccc2[N-]S(=O)(=O)CC2CCC2)n1
",2.775183159027537,0.21122897876876323
"COC(=O)c1ccc(CSc2ccc(-c3ccc(Br)cc3)nn2)o1
",4.617875289124289,2.5013777750094914
"Cc1ccc(-c2nc(CC(=O)N[C@@H](C)CN3CCOCC3)cs2)o1
",2.604464764359826,-0.0009445686506201048
"CCc1nn(C)c(Cl)c1C(=O)NCc1cc(Br)ccc1F
",2.215386275775228,-0.48450208632905856
"CCCNc1ncnc2c1cnn2CCNC(=O)c1cc(Br)ccc1Cl
",3.698025733555901,1.3581632803033656
"COc1cc([C@H](C)NC(=O)c2nccnc2N)ccc1OCc1ccncc1
",3.5479116943907023,1.171597396356728
"CCc1ccccc1C[NH2+]Cc1ccc(N2CCOCC2)cc1
",2.1748034066874395,-0.5349395996126878
"Cc1nc([C@H](NC(=O)c2ccoc2C)c2ccc(Cl)cc2)no1
",3.1381641634679345,0.6623518206152629
"O=C(CSc1nnnn1-c1ccccc1)c1ccc2c(c1)OCCO2
",4.321383148551593,2.1328891339950298
"CC1(C)C(=O)O[C@H](c2ccc(F)cc2Cl)C2(CCCCC2)C1=O
",1.7683713027042363,-1.0400646709624242
"COc1ccccc1Nc1nc(C)c(C(=O)[O-])s1
",2.8050812647938383,0.24838717237703445
"C[NH+](C)[C@@H]1CC[C@H](NC(=O)NCC(=O)N2CCCc3ccccc32)C1
",2.2007550665391413,-0.5026861582487725
"COC(=O)c1ccc(S(=O)(=O)N[C@@H]2CC[C@H]([NH+](C)C)C2)cc1
",2.051838617081244,-0.6877636445505892
"C[C@@H]1CCC[C@H]1NS(=O)(=O)CC1CCC1
",1.0993059317823048,-1.8715976377542047
"Cc1ccc(NCN2C(=O)[C@H]3CC[C@@H](C)C[C@@H]3C2=O)cc1Cl
",2.2014473446668994,-0.5018257758251141
"O=C(CNC1(c2nccs2)CCCC1)Nc1nncs1
",2.7154652128012167,0.13700986184172917
"COc1ccccc1-c1cc(C(=O)Nc2n[nH]c(CC(C)C)n2)n[nH]1
",4.00664072603414,1.7417185373005137
"C[C@@H]1C[C@@H]1c1ccc(CN(C)C(=O)COc2ccc(N3CCCC3=O)cc2)o1
",3.571391278158171,1.2007784731210156
"Cc1ccc(OC[C@H](O)C[NH+]2CCC(CN3CCOCC3)CC2)cc1
",2.0376879034580666,-0.7053505432195303
"Cc1cnc(-c2cccc(NC(=O)C(=O)N[C@@H]3CCN(c4ccccc4)C3)c2)o1
",4.584248197383175,2.459585094390649
"Cc1ccc(F)cc1-c1nc(Cl)ncc1F
",1.994697882889276,-0.7587797310083827
"CC(C)[NH2+]CC/C=C/[C@H]1CCC[C@H](C)C1
",1.0214256453299417,-1.9683894139585116
"O=C(C[NH+]1CCN(c2ccc(C(F)(F)F)cn2)CC1)N1CCC[C@H]1c1ccc2c(c1)OCCO2
",3.175450969429459,0.7086928953904417
"C#CCOc1ccccc1C[NH+]1CCC[C@@H](c2ncc[nH]2)C1
",1.9825009743981166,-0.77393838656601
"CC1(C)c2[nH]c3ccccc3c2C[C@@H]2C(=O)N(C3CCCC3)CC(=O)N21
",2.461723536871575,-0.17834731812075474
"Cc1cc(Cl)ccc1NS(=O)(=O)c1cccc(Cl)c1
",2.0101193002211577,-0.7396135665894354
"COC(=O)C[C@@H](C)NC(=O)CNC(=O)C(C)(C)C
",1.9458615006882938,-0.8194749388966691
"CC(C)[NH+]1CCC[C@H]1c1nc(-c2ccc(N3CC[NH+](C)CC3)nc2)no1
",3.1025056818553653,0.6180344724229149
"O=C1CCC(=O)N1Cc1ccc(C(=O)N2CCC[C@H]2c2ccc3c(c2)OCCO3)cc1
",3.640900075024072,1.2871659302933793
"C[C@@H]1C[C@@H](C)CN(C(=O)C[NH+](C)CC2CC[NH2+]CC2)C1
",1.2795020018557266,-1.6476449729407456
"COc1ccc(OCC(=O)N2CCC[C@H](c3[nH]cc[nH+]3)C2)cc1
",3.2572315106869967,0.8103320162494597
"CCOC(=O)[C@H]1CCCN(C(=O)[C@@H](C(=O)c2ccccc2)n2ccccc2=O)C1
",3.230937933795484,0.7776536309221185
"COCC(=O)N1CCN([C@H](C)C(=O)N(CCC#N)c2ccccc2)CC1
",3.104282041076362,0.6202421808432262
"NC(=O)c1c(Cl)cccc1NCC(=O)N1CCC[C@@H]2CCCC[C@@H]21
",1.892698895821436,-0.8855468960903342
"O=C(NCc1nc2ccccc2[nH]1)c1cc(-n2cccc2)ccn1
",3.6953595785367597,1.3548497090301457
"COc1ccc(NC(=O)Cc2cc(C)on2)cc1C
",2.669785004317932,0.08023723403193474
"CCc1c(C(=O)N2CCCC2)cnn1-c1ccc(OC)nn1
",3.929019153864908,1.6452482983700711
"C[NH2+][C@@H]1CCC[C@@H]1[C@@H]1CCOC2(CCSCC2)C1
",0.7117157303509914,-2.3533054709536754
"Cc1ccccc1C(=O)Nc1ccc(Oc2ccccc2)cc1
",3.096341593044829,0.6103735721896081
"O=S(=O)(c1ccc(F)cc1)c1nc(-c2ccc(Br)cc2)oc1NC[C@@H]1CCCO1
",3.341698108425876,0.9153094424699143
"CCCN1C(=O)CCc2cc(NC(=O)N3CCNC(=O)[C@@H]3CC)ccc21
",2.351485938064289,-0.31535365796750825
"COc1ccc(NC(=O)Nc2ccc(C)cc2N)cc1
",3.1266033282012073,0.6479836944713463
"Cc1cc(C)c(NC(=O)C(=O)N2CCCC3(C2)OCCO3)c(C)c1
",2.346034224208404,-0.32212919888429137
"Cc1ccc(F)c([C@@H]([NH3+])c2cc(F)cc(Br)c2)c1
",1.6748917509602852,-1.1562436459539176
"CC(C)n1cnc(S(=O)(=O)N2CCC[C@@H](C)[C@H]2CO)c1
",2.3476009154510438,-0.3201820716323698
"CN(Cc1ccccc1F)C(=O)CNc1ccc(Br)cc1
",2.5882357069233213,-0.021114490551997055
"Cc1cc2occ(CC(=O)NCCC(=O)[O-])c2cc1C
",2.883173726679019,0.345442646083557
"CS(=O)(=O)CCC[NH2+]Cc1cc(Br)ccc1F
",1.9055602759414407,-0.8695624167957507
"CCO[C@@H](C)C(=O)Nc1ccc(-c2noc(C(C)(C)C)n2)cc1
",3.4312672357082654,1.0266284336761808
"O=C(Nc1ccccn1)c1ccc([C@H]2CCCN2C(=O)CCn2cccn2)s1
",3.4951864974569387,1.1060690618524318
